second_start,third_start,tick,crt_state,crt_calls,custom_counter,custom_index,custom_calls
-1,-1,1,3374725112,3000,0,0,0
-1,-1,2,3374725112,3000,1,1,1
-1,-1,3,3374725112,3000,1,1,1
-1,-1,4,3374725112,3000,1,1,1
-1,-1,5,3374725112,3000,1,1,1
-1,-1,6,3374725112,3000,1,1,1
-1,-1,7,3374725112,3000,1,1,1
-1,-1,8,3374725112,3000,1,1,1
-1,-1,9,3374725112,3000,1,1,1
-1,-1,10,3374725112,3000,1,1,1
-1,-1,11,3374725112,3000,1,1,1
-1,-1,12,3374725112,3000,1,1,1
-1,-1,13,3374725112,3000,1,1,1
-1,-1,14,3374725112,3000,1,1,1
-1,-1,15,3374725112,3000,1,1,1
-1,-1,16,3374725112,3000,1,1,1
-1,-1,17,3374725112,3000,1,1,1
-1,-1,18,3374725112,3000,1,1,1
-1,-1,19,3374725112,3000,1,1,1
-1,-1,20,3374725112,3000,1,1,1
-1,-1,21,3374725112,3000,1,1,1
-1,-1,22,3374725112,3000,1,1,1
-1,-1,23,3374725112,3000,1,1,1
-1,-1,24,3374725112,3000,1,1,1
-1,-1,25,3374725112,3000,1,1,1
-1,-1,26,3374725112,3000,1,1,1
-1,-1,27,3374725112,3000,1,1,1
-1,-1,28,3374725112,3000,1,1,1
-1,-1,29,3374725112,3000,1,1,1
-1,-1,30,3374725112,3000,1,1,1
-1,-1,31,3374725112,3000,1,1,1
-1,-1,32,3374725112,3000,1,1,1
-1,-1,33,3374725112,3000,1,1,1
-1,-1,34,3374725112,3000,1,1,1
-1,-1,35,3374725112,3000,1,1,1
-1,-1,36,3374725112,3000,1,1,1
-1,-1,37,3374725112,3000,1,1,1
-1,-1,38,3374725112,3000,1,1,1
-1,-1,39,3374725112,3000,1,1,1
-1,-1,40,3374725112,3000,1,1,1
7,16,1,3374725112,3000,0,0,0
7,16,2,3374725112,3000,1,1,1
7,16,3,3374725112,3000,1,1,1
7,16,4,3374725112,3000,1,1,1
7,16,5,3374725112,3000,1,1,1
7,16,6,3374725112,3000,1,1,1
7,16,7,3374725112,3000,1,1,1
7,16,8,3374725112,3000,1,1,1
7,16,9,3374725112,3000,1,1,1
7,16,10,3374725112,3000,1,1,1
7,16,11,3374725112,3000,1,1,1
7,16,12,3374725112,3000,1,1,1
7,16,13,3374725112,3000,1,1,1
7,16,14,3374725112,3000,1,1,1
7,16,15,3374725112,3000,1,1,1
7,16,16,3374725112,3000,1,1,1
7,16,17,3374725112,3000,1,1,1
7,16,18,3374725112,3000,1,1,1
7,16,19,3374725112,3000,1,1,1
7,16,20,3374725112,3000,1,1,1
7,16,21,3374725112,3000,1,1,1
7,16,22,3374725112,3000,1,1,1
7,16,23,3374725112,3000,1,1,1
7,16,24,3374725112,3000,1,1,1
7,16,25,3374725112,3000,1,1,1
7,16,26,3374725112,3000,1,1,1
7,16,27,3374725112,3000,1,1,1
7,16,28,3374725112,3000,1,1,1
7,16,29,3374725112,3000,1,1,1
7,16,30,3374725112,3000,1,1,1
7,16,31,3374725112,3000,1,1,1
7,16,32,3374725112,3000,1,1,1
7,16,33,3374725112,3000,1,1,1
7,16,34,3374725112,3000,1,1,1
7,16,35,3374725112,3000,1,1,1
7,16,36,3374725112,3000,1,1,1
7,16,37,3374725112,3000,1,1,1
7,16,38,3374725112,3000,1,1,1
7,16,39,3374725112,3000,1,1,1
7,16,40,3374725112,3000,1,1,1
7,17,1,3374725112,3000,0,0,0
7,17,2,3374725112,3000,1,1,1
7,17,3,3374725112,3000,1,1,1
7,17,4,3374725112,3000,1,1,1
7,17,5,3374725112,3000,1,1,1
7,17,6,3374725112,3000,1,1,1
7,17,7,3374725112,3000,1,1,1
7,17,8,3374725112,3000,1,1,1
7,17,9,3374725112,3000,1,1,1
7,17,10,3374725112,3000,1,1,1
7,17,11,3374725112,3000,1,1,1
7,17,12,3374725112,3000,1,1,1
7,17,13,3374725112,3000,1,1,1
7,17,14,3374725112,3000,1,1,1
7,17,15,3374725112,3000,1,1,1
7,17,16,3374725112,3000,1,1,1
7,17,17,3374725112,3000,1,1,1
7,17,18,3374725112,3000,2,2,2
7,17,19,3374725112,3000,2,2,2
7,17,20,3374725112,3000,2,2,2
7,17,21,3374725112,3000,2,2,2
7,17,22,3374725112,3000,2,2,2
7,17,23,3374725112,3000,2,2,2
7,17,24,3374725112,3000,2,2,2
7,17,25,3374725112,3000,2,2,2
7,17,26,3374725112,3000,2,2,2
7,17,27,3374725112,3000,2,2,2
7,17,28,3374725112,3000,2,2,2
7,17,29,3374725112,3000,2,2,2
7,17,30,3374725112,3000,2,2,2
7,17,31,3374725112,3000,2,2,2
7,17,32,3374725112,3000,2,2,2
7,17,33,3374725112,3000,2,2,2
7,17,34,3374725112,3000,2,2,2
7,17,35,3374725112,3000,2,2,2
7,17,36,3374725112,3000,2,2,2
7,17,37,3374725112,3000,2,2,2
7,17,38,3374725112,3000,2,2,2
7,17,39,3374725112,3000,2,2,2
7,17,40,3374725112,3000,2,2,2
7,18,1,3374725112,3000,0,0,0
7,18,2,3374725112,3000,1,1,1
7,18,3,3374725112,3000,1,1,1
7,18,4,3374725112,3000,1,1,1
7,18,5,3374725112,3000,1,1,1
7,18,6,3374725112,3000,1,1,1
7,18,7,3374725112,3000,1,1,1
7,18,8,3374725112,3000,1,1,1
7,18,9,3374725112,3000,1,1,1
7,18,10,3374725112,3000,1,1,1
7,18,11,3374725112,3000,1,1,1
7,18,12,3374725112,3000,1,1,1
7,18,13,3374725112,3000,1,1,1
7,18,14,3374725112,3000,1,1,1
7,18,15,3374725112,3000,1,1,1
7,18,16,3374725112,3000,1,1,1
7,18,17,3374725112,3000,1,1,1
7,18,18,3374725112,3000,2,2,2
7,18,19,3374725112,3000,2,2,2
7,18,20,3374725112,3000,2,2,2
7,18,21,3374725112,3000,2,2,2
7,18,22,3374725112,3000,2,2,2
7,18,23,3374725112,3000,2,2,2
7,18,24,3374725112,3000,2,2,2
7,18,25,3374725112,3000,2,2,2
7,18,26,3374725112,3000,2,2,2
7,18,27,3374725112,3000,2,2,2
7,18,28,3374725112,3000,2,2,2
7,18,29,3374725112,3000,2,2,2
7,18,30,3374725112,3000,2,2,2
7,18,31,3374725112,3000,2,2,2
7,18,32,3374725112,3000,2,2,2
7,18,33,3374725112,3000,2,2,2
7,18,34,3374725112,3000,2,2,2
7,18,35,3374725112,3000,2,2,2
7,18,36,3374725112,3000,2,2,2
7,18,37,3374725112,3000,2,2,2
7,18,38,3374725112,3000,2,2,2
7,18,39,3374725112,3000,2,2,2
7,18,40,3374725112,3000,2,2,2
7,19,1,3374725112,3000,0,0,0
7,19,2,3374725112,3000,1,1,1
7,19,3,3374725112,3000,1,1,1
7,19,4,3374725112,3000,1,1,1
7,19,5,3374725112,3000,1,1,1
7,19,6,3374725112,3000,1,1,1
7,19,7,3374725112,3000,1,1,1
7,19,8,3374725112,3000,1,1,1
7,19,9,3374725112,3000,1,1,1
7,19,10,3374725112,3000,1,1,1
7,19,11,3374725112,3000,1,1,1
7,19,12,3374725112,3000,1,1,1
7,19,13,3374725112,3000,1,1,1
7,19,14,3374725112,3000,1,1,1
7,19,15,3374725112,3000,1,1,1
7,19,16,3374725112,3000,1,1,1
7,19,17,3374725112,3000,1,1,1
7,19,18,3374725112,3000,1,1,1
7,19,19,3374725112,3000,1,1,1
7,19,20,3374725112,3000,2,2,2
7,19,21,3374725112,3000,2,2,2
7,19,22,3374725112,3000,2,2,2
7,19,23,3374725112,3000,2,2,2
7,19,24,3374725112,3000,2,2,2
7,19,25,3374725112,3000,2,2,2
7,19,26,3374725112,3000,2,2,2
7,19,27,3374725112,3000,2,2,2
7,19,28,3374725112,3000,2,2,2
7,19,29,3374725112,3000,2,2,2
7,19,30,3374725112,3000,2,2,2
7,19,31,3374725112,3000,2,2,2
7,19,32,3374725112,3000,2,2,2
7,19,33,3374725112,3000,2,2,2
7,19,34,3374725112,3000,2,2,2
7,19,35,3374725112,3000,2,2,2
7,19,36,3374725112,3000,2,2,2
7,19,37,3374725112,3000,2,2,2
7,19,38,3374725112,3000,2,2,2
7,19,39,3374725112,3000,2,2,2
7,19,40,3374725112,3000,2,2,2
7,20,1,3374725112,3000,0,0,0
7,20,2,3374725112,3000,1,1,1
7,20,3,3374725112,3000,1,1,1
7,20,4,3374725112,3000,1,1,1
7,20,5,3374725112,3000,1,1,1
7,20,6,3374725112,3000,1,1,1
7,20,7,3374725112,3000,1,1,1
7,20,8,3374725112,3000,1,1,1
7,20,9,3374725112,3000,1,1,1
7,20,10,3374725112,3000,1,1,1
7,20,11,3374725112,3000,1,1,1
7,20,12,3374725112,3000,1,1,1
7,20,13,3374725112,3000,1,1,1
7,20,14,3374725112,3000,1,1,1
7,20,15,3374725112,3000,1,1,1
7,20,16,3374725112,3000,1,1,1
7,20,17,3374725112,3000,1,1,1
7,20,18,3374725112,3000,1,1,1
7,20,19,3374725112,3000,1,1,1
7,20,20,3374725112,3000,2,2,2
7,20,21,3374725112,3000,2,2,2
7,20,22,3374725112,3000,2,2,2
7,20,23,3374725112,3000,2,2,2
7,20,24,3374725112,3000,2,2,2
7,20,25,3374725112,3000,2,2,2
7,20,26,3374725112,3000,2,2,2
7,20,27,3374725112,3000,2,2,2
7,20,28,3374725112,3000,2,2,2
7,20,29,3374725112,3000,2,2,2
7,20,30,3374725112,3000,2,2,2
7,20,31,3374725112,3000,2,2,2
7,20,32,3374725112,3000,2,2,2
7,20,33,3374725112,3000,2,2,2
7,20,34,3374725112,3000,2,2,2
7,20,35,3374725112,3000,2,2,2
7,20,36,3374725112,3000,2,2,2
7,20,37,3374725112,3000,2,2,2
7,20,38,3374725112,3000,2,2,2
7,20,39,3374725112,3000,2,2,2
7,20,40,3374725112,3000,2,2,2
7,21,1,3374725112,3000,0,0,0
7,21,2,3374725112,3000,1,1,1
7,21,3,3374725112,3000,1,1,1
7,21,4,3374725112,3000,1,1,1
7,21,5,3374725112,3000,1,1,1
7,21,6,3374725112,3000,1,1,1
7,21,7,3374725112,3000,1,1,1
7,21,8,3374725112,3000,1,1,1
7,21,9,3374725112,3000,1,1,1
7,21,10,3374725112,3000,1,1,1
7,21,11,3374725112,3000,1,1,1
7,21,12,3374725112,3000,1,1,1
7,21,13,3374725112,3000,1,1,1
7,21,14,3374725112,3000,1,1,1
7,21,15,3374725112,3000,1,1,1
7,21,16,3374725112,3000,1,1,1
7,21,17,3374725112,3000,1,1,1
7,21,18,3374725112,3000,1,1,1
7,21,19,3374725112,3000,1,1,1
7,21,20,3374725112,3000,1,1,1
7,21,21,3374725112,3000,1,1,1
7,21,22,3374725112,3000,2,2,2
7,21,23,3374725112,3000,2,2,2
7,21,24,3374725112,3000,2,2,2
7,21,25,3374725112,3000,2,2,2
7,21,26,3374725112,3000,2,2,2
7,21,27,3374725112,3000,2,2,2
7,21,28,3374725112,3000,2,2,2
7,21,29,3374725112,3000,2,2,2
7,21,30,3374725112,3000,2,2,2
7,21,31,3374725112,3000,2,2,2
7,21,32,3374725112,3000,2,2,2
7,21,33,3374725112,3000,2,2,2
7,21,34,3374725112,3000,2,2,2
7,21,35,3374725112,3000,2,2,2
7,21,36,3374725112,3000,2,2,2
7,21,37,3374725112,3000,2,2,2
7,21,38,3374725112,3000,2,2,2
7,21,39,3374725112,3000,2,2,2
7,21,40,3374725112,3000,2,2,2
7,22,1,3374725112,3000,0,0,0
7,22,2,3374725112,3000,1,1,1
7,22,3,3374725112,3000,1,1,1
7,22,4,3374725112,3000,1,1,1
7,22,5,3374725112,3000,1,1,1
7,22,6,3374725112,3000,1,1,1
7,22,7,3374725112,3000,1,1,1
7,22,8,3374725112,3000,1,1,1
7,22,9,3374725112,3000,1,1,1
7,22,10,3374725112,3000,1,1,1
7,22,11,3374725112,3000,1,1,1
7,22,12,3374725112,3000,1,1,1
7,22,13,3374725112,3000,1,1,1
7,22,14,3374725112,3000,1,1,1
7,22,15,3374725112,3000,1,1,1
7,22,16,3374725112,3000,1,1,1
7,22,17,3374725112,3000,1,1,1
7,22,18,3374725112,3000,1,1,1
7,22,19,3374725112,3000,1,1,1
7,22,20,3374725112,3000,1,1,1
7,22,21,3374725112,3000,1,1,1
7,22,22,3374725112,3000,2,2,2
7,22,23,3374725112,3000,2,2,2
7,22,24,3374725112,3000,2,2,2
7,22,25,3374725112,3000,2,2,2
7,22,26,3374725112,3000,2,2,2
7,22,27,3374725112,3000,2,2,2
7,22,28,3374725112,3000,2,2,2
7,22,29,3374725112,3000,2,2,2
7,22,30,3374725112,3000,2,2,2
7,22,31,3374725112,3000,2,2,2
7,22,32,3374725112,3000,2,2,2
7,22,33,3374725112,3000,2,2,2
7,22,34,3374725112,3000,2,2,2
7,22,35,3374725112,3000,2,2,2
7,22,36,3374725112,3000,2,2,2
7,22,37,3374725112,3000,2,2,2
7,22,38,3374725112,3000,2,2,2
7,22,39,3374725112,3000,2,2,2
7,22,40,3374725112,3000,2,2,2
7,23,1,3374725112,3000,0,0,0
7,23,2,3374725112,3000,1,1,1
7,23,3,3374725112,3000,1,1,1
7,23,4,3374725112,3000,1,1,1
7,23,5,3374725112,3000,1,1,1
7,23,6,3374725112,3000,1,1,1
7,23,7,3374725112,3000,1,1,1
7,23,8,3374725112,3000,1,1,1
7,23,9,3374725112,3000,1,1,1
7,23,10,3374725112,3000,1,1,1
7,23,11,3374725112,3000,1,1,1
7,23,12,3374725112,3000,1,1,1
7,23,13,3374725112,3000,1,1,1
7,23,14,3374725112,3000,1,1,1
7,23,15,3374725112,3000,1,1,1
7,23,16,3374725112,3000,1,1,1
7,23,17,3374725112,3000,1,1,1
7,23,18,3374725112,3000,1,1,1
7,23,19,3374725112,3000,1,1,1
7,23,20,3374725112,3000,1,1,1
7,23,21,3374725112,3000,1,1,1
7,23,22,3374725112,3000,1,1,1
7,23,23,3374725112,3000,1,1,1
7,23,24,3374725112,3000,2,2,2
7,23,25,3374725112,3000,2,2,2
7,23,26,3374725112,3000,2,2,2
7,23,27,3374725112,3000,2,2,2
7,23,28,3374725112,3000,2,2,2
7,23,29,3374725112,3000,2,2,2
7,23,30,3374725112,3000,2,2,2
7,23,31,3374725112,3000,2,2,2
7,23,32,3374725112,3000,2,2,2
7,23,33,3374725112,3000,2,2,2
7,23,34,3374725112,3000,2,2,2
7,23,35,3374725112,3000,2,2,2
7,23,36,3374725112,3000,2,2,2
7,23,37,3374725112,3000,2,2,2
7,23,38,3374725112,3000,2,2,2
7,23,39,3374725112,3000,2,2,2
7,23,40,3374725112,3000,2,2,2
7,24,1,3374725112,3000,0,0,0
7,24,2,3374725112,3000,1,1,1
7,24,3,3374725112,3000,1,1,1
7,24,4,3374725112,3000,1,1,1
7,24,5,3374725112,3000,1,1,1
7,24,6,3374725112,3000,1,1,1
7,24,7,3374725112,3000,1,1,1
7,24,8,3374725112,3000,1,1,1
7,24,9,3374725112,3000,1,1,1
7,24,10,3374725112,3000,1,1,1
7,24,11,3374725112,3000,1,1,1
7,24,12,3374725112,3000,1,1,1
7,24,13,3374725112,3000,1,1,1
7,24,14,3374725112,3000,1,1,1
7,24,15,3374725112,3000,1,1,1
7,24,16,3374725112,3000,1,1,1
7,24,17,3374725112,3000,1,1,1
7,24,18,3374725112,3000,1,1,1
7,24,19,3374725112,3000,1,1,1
7,24,20,3374725112,3000,1,1,1
7,24,21,3374725112,3000,1,1,1
7,24,22,3374725112,3000,1,1,1
7,24,23,3374725112,3000,1,1,1
7,24,24,3374725112,3000,2,2,2
7,24,25,3374725112,3000,2,2,2
7,24,26,3374725112,3000,2,2,2
7,24,27,3374725112,3000,2,2,2
7,24,28,3374725112,3000,2,2,2
7,24,29,3374725112,3000,2,2,2
7,24,30,3374725112,3000,2,2,2
7,24,31,3374725112,3000,2,2,2
7,24,32,3374725112,3000,2,2,2
7,24,33,3374725112,3000,2,2,2
7,24,34,3374725112,3000,2,2,2
7,24,35,3374725112,3000,2,2,2
7,24,36,3374725112,3000,2,2,2
7,24,37,3374725112,3000,2,2,2
7,24,38,3374725112,3000,2,2,2
7,24,39,3374725112,3000,2,2,2
7,24,40,3374725112,3000,2,2,2
7,25,1,3374725112,3000,0,0,0
7,25,2,3374725112,3000,1,1,1
7,25,3,3374725112,3000,1,1,1
7,25,4,3374725112,3000,1,1,1
7,25,5,3374725112,3000,1,1,1
7,25,6,3374725112,3000,1,1,1
7,25,7,3374725112,3000,1,1,1
7,25,8,3374725112,3000,1,1,1
7,25,9,3374725112,3000,1,1,1
7,25,10,3374725112,3000,1,1,1
7,25,11,3374725112,3000,1,1,1
7,25,12,3374725112,3000,1,1,1
7,25,13,3374725112,3000,1,1,1
7,25,14,3374725112,3000,1,1,1
7,25,15,3374725112,3000,1,1,1
7,25,16,3374725112,3000,1,1,1
7,25,17,3374725112,3000,1,1,1
7,25,18,3374725112,3000,1,1,1
7,25,19,3374725112,3000,1,1,1
7,25,20,3374725112,3000,1,1,1
7,25,21,3374725112,3000,1,1,1
7,25,22,3374725112,3000,1,1,1
7,25,23,3374725112,3000,1,1,1
7,25,24,3374725112,3000,1,1,1
7,25,25,3374725112,3000,1,1,1
7,25,26,3374725112,3000,2,2,2
7,25,27,3374725112,3000,2,2,2
7,25,28,3374725112,3000,2,2,2
7,25,29,3374725112,3000,2,2,2
7,25,30,3374725112,3000,2,2,2
7,25,31,3374725112,3000,2,2,2
7,25,32,3374725112,3000,2,2,2
7,25,33,3374725112,3000,2,2,2
7,25,34,3374725112,3000,2,2,2
7,25,35,3374725112,3000,2,2,2
7,25,36,3374725112,3000,2,2,2
7,25,37,3374725112,3000,2,2,2
7,25,38,3374725112,3000,2,2,2
7,25,39,3374725112,3000,2,2,2
7,25,40,3374725112,3000,2,2,2
7,26,1,3374725112,3000,0,0,0
7,26,2,3374725112,3000,1,1,1
7,26,3,3374725112,3000,1,1,1
7,26,4,3374725112,3000,1,1,1
7,26,5,3374725112,3000,1,1,1
7,26,6,3374725112,3000,1,1,1
7,26,7,3374725112,3000,1,1,1
7,26,8,3374725112,3000,1,1,1
7,26,9,3374725112,3000,1,1,1
7,26,10,3374725112,3000,1,1,1
7,26,11,3374725112,3000,1,1,1
7,26,12,3374725112,3000,1,1,1
7,26,13,3374725112,3000,1,1,1
7,26,14,3374725112,3000,1,1,1
7,26,15,3374725112,3000,1,1,1
7,26,16,3374725112,3000,1,1,1
7,26,17,3374725112,3000,1,1,1
7,26,18,3374725112,3000,1,1,1
7,26,19,3374725112,3000,1,1,1
7,26,20,3374725112,3000,1,1,1
7,26,21,3374725112,3000,1,1,1
7,26,22,3374725112,3000,1,1,1
7,26,23,3374725112,3000,1,1,1
7,26,24,3374725112,3000,1,1,1
7,26,25,3374725112,3000,1,1,1
7,26,26,3374725112,3000,2,2,2
7,26,27,3374725112,3000,2,2,2
7,26,28,3374725112,3000,2,2,2
7,26,29,3374725112,3000,2,2,2
7,26,30,3374725112,3000,2,2,2
7,26,31,3374725112,3000,2,2,2
7,26,32,3374725112,3000,2,2,2
7,26,33,3374725112,3000,2,2,2
7,26,34,3374725112,3000,2,2,2
7,26,35,3374725112,3000,2,2,2
7,26,36,3374725112,3000,2,2,2
7,26,37,3374725112,3000,2,2,2
7,26,38,3374725112,3000,2,2,2
7,26,39,3374725112,3000,2,2,2
7,26,40,3374725112,3000,2,2,2
7,27,1,3374725112,3000,0,0,0
7,27,2,3374725112,3000,1,1,1
7,27,3,3374725112,3000,1,1,1
7,27,4,3374725112,3000,1,1,1
7,27,5,3374725112,3000,1,1,1
7,27,6,3374725112,3000,1,1,1
7,27,7,3374725112,3000,1,1,1
7,27,8,3374725112,3000,1,1,1
7,27,9,3374725112,3000,1,1,1
7,27,10,3374725112,3000,1,1,1
7,27,11,3374725112,3000,1,1,1
7,27,12,3374725112,3000,1,1,1
7,27,13,3374725112,3000,1,1,1
7,27,14,3374725112,3000,1,1,1
7,27,15,3374725112,3000,1,1,1
7,27,16,3374725112,3000,1,1,1
7,27,17,3374725112,3000,1,1,1
7,27,18,3374725112,3000,1,1,1
7,27,19,3374725112,3000,1,1,1
7,27,20,3374725112,3000,1,1,1
7,27,21,3374725112,3000,1,1,1
7,27,22,3374725112,3000,1,1,1
7,27,23,3374725112,3000,1,1,1
7,27,24,3374725112,3000,1,1,1
7,27,25,3374725112,3000,1,1,1
7,27,26,3374725112,3000,1,1,1
7,27,27,3374725112,3000,1,1,1
7,27,28,3374725112,3000,2,2,2
7,27,29,3374725112,3000,2,2,2
7,27,30,3374725112,3000,2,2,2
7,27,31,3374725112,3000,2,2,2
7,27,32,3374725112,3000,2,2,2
7,27,33,3374725112,3000,2,2,2
7,27,34,3374725112,3000,2,2,2
7,27,35,3374725112,3000,2,2,2
7,27,36,3374725112,3000,2,2,2
7,27,37,3374725112,3000,2,2,2
7,27,38,3374725112,3000,2,2,2
7,27,39,3374725112,3000,2,2,2
7,27,40,3374725112,3000,2,2,2
7,28,1,3374725112,3000,0,0,0
7,28,2,3374725112,3000,1,1,1
7,28,3,3374725112,3000,1,1,1
7,28,4,3374725112,3000,1,1,1
7,28,5,3374725112,3000,1,1,1
7,28,6,3374725112,3000,1,1,1
7,28,7,3374725112,3000,1,1,1
7,28,8,3374725112,3000,1,1,1
7,28,9,3374725112,3000,1,1,1
7,28,10,3374725112,3000,1,1,1
7,28,11,3374725112,3000,1,1,1
7,28,12,3374725112,3000,1,1,1
7,28,13,3374725112,3000,1,1,1
7,28,14,3374725112,3000,1,1,1
7,28,15,3374725112,3000,1,1,1
7,28,16,3374725112,3000,1,1,1
7,28,17,3374725112,3000,1,1,1
7,28,18,3374725112,3000,1,1,1
7,28,19,3374725112,3000,1,1,1
7,28,20,3374725112,3000,1,1,1
7,28,21,3374725112,3000,1,1,1
7,28,22,3374725112,3000,1,1,1
7,28,23,3374725112,3000,1,1,1
7,28,24,3374725112,3000,1,1,1
7,28,25,3374725112,3000,1,1,1
7,28,26,3374725112,3000,1,1,1
7,28,27,3374725112,3000,1,1,1
7,28,28,3374725112,3000,2,2,2
7,28,29,3374725112,3000,2,2,2
7,28,30,3374725112,3000,2,2,2
7,28,31,3374725112,3000,2,2,2
7,28,32,3374725112,3000,2,2,2
7,28,33,3374725112,3000,2,2,2
7,28,34,3374725112,3000,2,2,2
7,28,35,3374725112,3000,2,2,2
7,28,36,3374725112,3000,2,2,2
7,28,37,3374725112,3000,2,2,2
7,28,38,3374725112,3000,2,2,2
7,28,39,3374725112,3000,2,2,2
7,28,40,3374725112,3000,2,2,2
7,29,1,3374725112,3000,0,0,0
7,29,2,3374725112,3000,1,1,1
7,29,3,3374725112,3000,1,1,1
7,29,4,3374725112,3000,1,1,1
7,29,5,3374725112,3000,1,1,1
7,29,6,3374725112,3000,1,1,1
7,29,7,3374725112,3000,1,1,1
7,29,8,3374725112,3000,1,1,1
7,29,9,3374725112,3000,1,1,1
7,29,10,3374725112,3000,1,1,1
7,29,11,3374725112,3000,1,1,1
7,29,12,3374725112,3000,1,1,1
7,29,13,3374725112,3000,1,1,1
7,29,14,3374725112,3000,1,1,1
7,29,15,3374725112,3000,1,1,1
7,29,16,3374725112,3000,1,1,1
7,29,17,3374725112,3000,1,1,1
7,29,18,3374725112,3000,1,1,1
7,29,19,3374725112,3000,1,1,1
7,29,20,3374725112,3000,1,1,1
7,29,21,3374725112,3000,1,1,1
7,29,22,3374725112,3000,1,1,1
7,29,23,3374725112,3000,1,1,1
7,29,24,3374725112,3000,1,1,1
7,29,25,3374725112,3000,1,1,1
7,29,26,3374725112,3000,1,1,1
7,29,27,3374725112,3000,1,1,1
7,29,28,3374725112,3000,1,1,1
7,29,29,3374725112,3000,1,1,1
7,29,30,3374725112,3000,2,2,2
7,29,31,3374725112,3000,2,2,2
7,29,32,3374725112,3000,2,2,2
7,29,33,3374725112,3000,2,2,2
7,29,34,3374725112,3000,2,2,2
7,29,35,3374725112,3000,2,2,2
7,29,36,3374725112,3000,2,2,2
7,29,37,3374725112,3000,2,2,2
7,29,38,3374725112,3000,2,2,2
7,29,39,3374725112,3000,2,2,2
7,29,40,3374725112,3000,2,2,2
7,30,1,3374725112,3000,0,0,0
7,30,2,3374725112,3000,1,1,1
7,30,3,3374725112,3000,1,1,1
7,30,4,3374725112,3000,1,1,1
7,30,5,3374725112,3000,1,1,1
7,30,6,3374725112,3000,1,1,1
7,30,7,3374725112,3000,1,1,1
7,30,8,3374725112,3000,1,1,1
7,30,9,3374725112,3000,1,1,1
7,30,10,3374725112,3000,1,1,1
7,30,11,3374725112,3000,1,1,1
7,30,12,3374725112,3000,1,1,1
7,30,13,3374725112,3000,1,1,1
7,30,14,3374725112,3000,1,1,1
7,30,15,3374725112,3000,1,1,1
7,30,16,3374725112,3000,1,1,1
7,30,17,3374725112,3000,1,1,1
7,30,18,3374725112,3000,1,1,1
7,30,19,3374725112,3000,1,1,1
7,30,20,3374725112,3000,1,1,1
7,30,21,3374725112,3000,1,1,1
7,30,22,3374725112,3000,1,1,1
7,30,23,3374725112,3000,1,1,1
7,30,24,3374725112,3000,1,1,1
7,30,25,3374725112,3000,1,1,1
7,30,26,3374725112,3000,1,1,1
7,30,27,3374725112,3000,1,1,1
7,30,28,3374725112,3000,1,1,1
7,30,29,3374725112,3000,1,1,1
7,30,30,3374725112,3000,2,2,2
7,30,31,3374725112,3000,2,2,2
7,30,32,3374725112,3000,2,2,2
7,30,33,3374725112,3000,2,2,2
7,30,34,3374725112,3000,2,2,2
7,30,35,3374725112,3000,2,2,2
7,30,36,3374725112,3000,2,2,2
7,30,37,3374725112,3000,2,2,2
7,30,38,3374725112,3000,2,2,2
7,30,39,3374725112,3000,2,2,2
7,30,40,3374725112,3000,2,2,2
8,16,1,3374725112,3000,0,0,0
8,16,2,3374725112,3000,1,1,1
8,16,3,3374725112,3000,1,1,1
8,16,4,3374725112,3000,1,1,1
8,16,5,3374725112,3000,1,1,1
8,16,6,3374725112,3000,1,1,1
8,16,7,3374725112,3000,1,1,1
8,16,8,3374725112,3000,1,1,1
8,16,9,3374725112,3000,1,1,1
8,16,10,3374725112,3000,1,1,1
8,16,11,3374725112,3000,1,1,1
8,16,12,3374725112,3000,1,1,1
8,16,13,3374725112,3000,1,1,1
8,16,14,3374725112,3000,1,1,1
8,16,15,3374725112,3000,1,1,1
8,16,16,3374725112,3000,1,1,1
8,16,17,3374725112,3000,1,1,1
8,16,18,3374725112,3000,1,1,1
8,16,19,3374725112,3000,1,1,1
8,16,20,3374725112,3000,1,1,1
8,16,21,3374725112,3000,1,1,1
8,16,22,3374725112,3000,1,1,1
8,16,23,3374725112,3000,1,1,1
8,16,24,3374725112,3000,1,1,1
8,16,25,3374725112,3000,1,1,1
8,16,26,3374725112,3000,1,1,1
8,16,27,3374725112,3000,1,1,1
8,16,28,3374725112,3000,1,1,1
8,16,29,3374725112,3000,1,1,1
8,16,30,3374725112,3000,1,1,1
8,16,31,3374725112,3000,1,1,1
8,16,32,3374725112,3000,1,1,1
8,16,33,3374725112,3000,1,1,1
8,16,34,3374725112,3000,1,1,1
8,16,35,3374725112,3000,1,1,1
8,16,36,3374725112,3000,1,1,1
8,16,37,3374725112,3000,1,1,1
8,16,38,3374725112,3000,1,1,1
8,16,39,3374725112,3000,1,1,1
8,16,40,3374725112,3000,1,1,1
8,17,1,3374725112,3000,0,0,0
8,17,2,3374725112,3000,1,1,1
8,17,3,3374725112,3000,1,1,1
8,17,4,3374725112,3000,1,1,1
8,17,5,3374725112,3000,1,1,1
8,17,6,3374725112,3000,1,1,1
8,17,7,3374725112,3000,1,1,1
8,17,8,3374725112,3000,1,1,1
8,17,9,3374725112,3000,1,1,1
8,17,10,3374725112,3000,1,1,1
8,17,11,3374725112,3000,1,1,1
8,17,12,3374725112,3000,1,1,1
8,17,13,3374725112,3000,1,1,1
8,17,14,3374725112,3000,1,1,1
8,17,15,3374725112,3000,1,1,1
8,17,16,3374725112,3000,1,1,1
8,17,17,3374725112,3000,1,1,1
8,17,18,3374725112,3000,2,2,2
8,17,19,3374725112,3000,2,2,2
8,17,20,3374725112,3000,2,2,2
8,17,21,3374725112,3000,2,2,2
8,17,22,3374725112,3000,2,2,2
8,17,23,3374725112,3000,2,2,2
8,17,24,3374725112,3000,2,2,2
8,17,25,3374725112,3000,2,2,2
8,17,26,3374725112,3000,2,2,2
8,17,27,3374725112,3000,2,2,2
8,17,28,3374725112,3000,2,2,2
8,17,29,3374725112,3000,2,2,2
8,17,30,3374725112,3000,2,2,2
8,17,31,3374725112,3000,2,2,2
8,17,32,3374725112,3000,2,2,2
8,17,33,3374725112,3000,2,2,2
8,17,34,3374725112,3000,2,2,2
8,17,35,3374725112,3000,2,2,2
8,17,36,3374725112,3000,2,2,2
8,17,37,3374725112,3000,2,2,2
8,17,38,3374725112,3000,2,2,2
8,17,39,3374725112,3000,2,2,2
8,17,40,3374725112,3000,2,2,2
8,18,1,3374725112,3000,0,0,0
8,18,2,3374725112,3000,1,1,1
8,18,3,3374725112,3000,1,1,1
8,18,4,3374725112,3000,1,1,1
8,18,5,3374725112,3000,1,1,1
8,18,6,3374725112,3000,1,1,1
8,18,7,3374725112,3000,1,1,1
8,18,8,3374725112,3000,1,1,1
8,18,9,3374725112,3000,1,1,1
8,18,10,3374725112,3000,1,1,1
8,18,11,3374725112,3000,1,1,1
8,18,12,3374725112,3000,1,1,1
8,18,13,3374725112,3000,1,1,1
8,18,14,3374725112,3000,1,1,1
8,18,15,3374725112,3000,1,1,1
8,18,16,3374725112,3000,1,1,1
8,18,17,3374725112,3000,1,1,1
8,18,18,3374725112,3000,2,2,2
8,18,19,3374725112,3000,2,2,2
8,18,20,3374725112,3000,2,2,2
8,18,21,3374725112,3000,2,2,2
8,18,22,3374725112,3000,2,2,2
8,18,23,3374725112,3000,2,2,2
8,18,24,3374725112,3000,2,2,2
8,18,25,3374725112,3000,2,2,2
8,18,26,3374725112,3000,2,2,2
8,18,27,3374725112,3000,2,2,2
8,18,28,3374725112,3000,2,2,2
8,18,29,3374725112,3000,2,2,2
8,18,30,3374725112,3000,2,2,2
8,18,31,3374725112,3000,2,2,2
8,18,32,3374725112,3000,2,2,2
8,18,33,3374725112,3000,2,2,2
8,18,34,3374725112,3000,2,2,2
8,18,35,3374725112,3000,2,2,2
8,18,36,3374725112,3000,2,2,2
8,18,37,3374725112,3000,2,2,2
8,18,38,3374725112,3000,2,2,2
8,18,39,3374725112,3000,2,2,2
8,18,40,3374725112,3000,2,2,2
8,19,1,3374725112,3000,0,0,0
8,19,2,3374725112,3000,1,1,1
8,19,3,3374725112,3000,1,1,1
8,19,4,3374725112,3000,1,1,1
8,19,5,3374725112,3000,1,1,1
8,19,6,3374725112,3000,1,1,1
8,19,7,3374725112,3000,1,1,1
8,19,8,3374725112,3000,1,1,1
8,19,9,3374725112,3000,1,1,1
8,19,10,3374725112,3000,1,1,1
8,19,11,3374725112,3000,1,1,1
8,19,12,3374725112,3000,1,1,1
8,19,13,3374725112,3000,1,1,1
8,19,14,3374725112,3000,1,1,1
8,19,15,3374725112,3000,1,1,1
8,19,16,3374725112,3000,1,1,1
8,19,17,3374725112,3000,1,1,1
8,19,18,3374725112,3000,1,1,1
8,19,19,3374725112,3000,1,1,1
8,19,20,3374725112,3000,2,2,2
8,19,21,3374725112,3000,2,2,2
8,19,22,3374725112,3000,2,2,2
8,19,23,3374725112,3000,2,2,2
8,19,24,3374725112,3000,2,2,2
8,19,25,3374725112,3000,2,2,2
8,19,26,3374725112,3000,2,2,2
8,19,27,3374725112,3000,2,2,2
8,19,28,3374725112,3000,2,2,2
8,19,29,3374725112,3000,2,2,2
8,19,30,3374725112,3000,2,2,2
8,19,31,3374725112,3000,2,2,2
8,19,32,3374725112,3000,2,2,2
8,19,33,3374725112,3000,2,2,2
8,19,34,3374725112,3000,2,2,2
8,19,35,3374725112,3000,2,2,2
8,19,36,3374725112,3000,2,2,2
8,19,37,3374725112,3000,2,2,2
8,19,38,3374725112,3000,2,2,2
8,19,39,3374725112,3000,2,2,2
8,19,40,3374725112,3000,2,2,2
8,20,1,3374725112,3000,0,0,0
8,20,2,3374725112,3000,1,1,1
8,20,3,3374725112,3000,1,1,1
8,20,4,3374725112,3000,1,1,1
8,20,5,3374725112,3000,1,1,1
8,20,6,3374725112,3000,1,1,1
8,20,7,3374725112,3000,1,1,1
8,20,8,3374725112,3000,1,1,1
8,20,9,3374725112,3000,1,1,1
8,20,10,3374725112,3000,1,1,1
8,20,11,3374725112,3000,1,1,1
8,20,12,3374725112,3000,1,1,1
8,20,13,3374725112,3000,1,1,1
8,20,14,3374725112,3000,1,1,1
8,20,15,3374725112,3000,1,1,1
8,20,16,3374725112,3000,1,1,1
8,20,17,3374725112,3000,1,1,1
8,20,18,3374725112,3000,1,1,1
8,20,19,3374725112,3000,1,1,1
8,20,20,3374725112,3000,2,2,2
8,20,21,3374725112,3000,2,2,2
8,20,22,3374725112,3000,2,2,2
8,20,23,3374725112,3000,2,2,2
8,20,24,3374725112,3000,2,2,2
8,20,25,3374725112,3000,2,2,2
8,20,26,3374725112,3000,2,2,2
8,20,27,3374725112,3000,2,2,2
8,20,28,3374725112,3000,2,2,2
8,20,29,3374725112,3000,2,2,2
8,20,30,3374725112,3000,2,2,2
8,20,31,3374725112,3000,2,2,2
8,20,32,3374725112,3000,2,2,2
8,20,33,3374725112,3000,2,2,2
8,20,34,3374725112,3000,2,2,2
8,20,35,3374725112,3000,2,2,2
8,20,36,3374725112,3000,2,2,2
8,20,37,3374725112,3000,2,2,2
8,20,38,3374725112,3000,2,2,2
8,20,39,3374725112,3000,2,2,2
8,20,40,3374725112,3000,2,2,2
8,21,1,3374725112,3000,0,0,0
8,21,2,3374725112,3000,1,1,1
8,21,3,3374725112,3000,1,1,1
8,21,4,3374725112,3000,1,1,1
8,21,5,3374725112,3000,1,1,1
8,21,6,3374725112,3000,1,1,1
8,21,7,3374725112,3000,1,1,1
8,21,8,3374725112,3000,1,1,1
8,21,9,3374725112,3000,1,1,1
8,21,10,3374725112,3000,1,1,1
8,21,11,3374725112,3000,1,1,1
8,21,12,3374725112,3000,1,1,1
8,21,13,3374725112,3000,1,1,1
8,21,14,3374725112,3000,1,1,1
8,21,15,3374725112,3000,1,1,1
8,21,16,3374725112,3000,1,1,1
8,21,17,3374725112,3000,1,1,1
8,21,18,3374725112,3000,1,1,1
8,21,19,3374725112,3000,1,1,1
8,21,20,3374725112,3000,1,1,1
8,21,21,3374725112,3000,1,1,1
8,21,22,3374725112,3000,2,2,2
8,21,23,3374725112,3000,2,2,2
8,21,24,3374725112,3000,2,2,2
8,21,25,3374725112,3000,2,2,2
8,21,26,3374725112,3000,2,2,2
8,21,27,3374725112,3000,2,2,2
8,21,28,3374725112,3000,2,2,2
8,21,29,3374725112,3000,2,2,2
8,21,30,3374725112,3000,2,2,2
8,21,31,3374725112,3000,2,2,2
8,21,32,3374725112,3000,2,2,2
8,21,33,3374725112,3000,2,2,2
8,21,34,3374725112,3000,2,2,2
8,21,35,3374725112,3000,2,2,2
8,21,36,3374725112,3000,2,2,2
8,21,37,3374725112,3000,2,2,2
8,21,38,3374725112,3000,2,2,2
8,21,39,3374725112,3000,2,2,2
8,21,40,3374725112,3000,2,2,2
8,22,1,3374725112,3000,0,0,0
8,22,2,3374725112,3000,1,1,1
8,22,3,3374725112,3000,1,1,1
8,22,4,3374725112,3000,1,1,1
8,22,5,3374725112,3000,1,1,1
8,22,6,3374725112,3000,1,1,1
8,22,7,3374725112,3000,1,1,1
8,22,8,3374725112,3000,1,1,1
8,22,9,3374725112,3000,1,1,1
8,22,10,3374725112,3000,1,1,1
8,22,11,3374725112,3000,1,1,1
8,22,12,3374725112,3000,1,1,1
8,22,13,3374725112,3000,1,1,1
8,22,14,3374725112,3000,1,1,1
8,22,15,3374725112,3000,1,1,1
8,22,16,3374725112,3000,1,1,1
8,22,17,3374725112,3000,1,1,1
8,22,18,3374725112,3000,1,1,1
8,22,19,3374725112,3000,1,1,1
8,22,20,3374725112,3000,1,1,1
8,22,21,3374725112,3000,1,1,1
8,22,22,3374725112,3000,2,2,2
8,22,23,3374725112,3000,2,2,2
8,22,24,3374725112,3000,2,2,2
8,22,25,3374725112,3000,2,2,2
8,22,26,3374725112,3000,2,2,2
8,22,27,3374725112,3000,2,2,2
8,22,28,3374725112,3000,2,2,2
8,22,29,3374725112,3000,2,2,2
8,22,30,3374725112,3000,2,2,2
8,22,31,3374725112,3000,2,2,2
8,22,32,3374725112,3000,2,2,2
8,22,33,3374725112,3000,2,2,2
8,22,34,3374725112,3000,2,2,2
8,22,35,3374725112,3000,2,2,2
8,22,36,3374725112,3000,2,2,2
8,22,37,3374725112,3000,2,2,2
8,22,38,3374725112,3000,2,2,2
8,22,39,3374725112,3000,2,2,2
8,22,40,3374725112,3000,2,2,2
8,23,1,3374725112,3000,0,0,0
8,23,2,3374725112,3000,1,1,1
8,23,3,3374725112,3000,1,1,1
8,23,4,3374725112,3000,1,1,1
8,23,5,3374725112,3000,1,1,1
8,23,6,3374725112,3000,1,1,1
8,23,7,3374725112,3000,1,1,1
8,23,8,3374725112,3000,1,1,1
8,23,9,3374725112,3000,1,1,1
8,23,10,3374725112,3000,1,1,1
8,23,11,3374725112,3000,1,1,1
8,23,12,3374725112,3000,1,1,1
8,23,13,3374725112,3000,1,1,1
8,23,14,3374725112,3000,1,1,1
8,23,15,3374725112,3000,1,1,1
8,23,16,3374725112,3000,1,1,1
8,23,17,3374725112,3000,1,1,1
8,23,18,3374725112,3000,1,1,1
8,23,19,3374725112,3000,1,1,1
8,23,20,3374725112,3000,1,1,1
8,23,21,3374725112,3000,1,1,1
8,23,22,3374725112,3000,1,1,1
8,23,23,3374725112,3000,1,1,1
8,23,24,3374725112,3000,2,2,2
8,23,25,3374725112,3000,2,2,2
8,23,26,3374725112,3000,2,2,2
8,23,27,3374725112,3000,2,2,2
8,23,28,3374725112,3000,2,2,2
8,23,29,3374725112,3000,2,2,2
8,23,30,3374725112,3000,2,2,2
8,23,31,3374725112,3000,2,2,2
8,23,32,3374725112,3000,2,2,2
8,23,33,3374725112,3000,2,2,2
8,23,34,3374725112,3000,2,2,2
8,23,35,3374725112,3000,2,2,2
8,23,36,3374725112,3000,2,2,2
8,23,37,3374725112,3000,2,2,2
8,23,38,3374725112,3000,2,2,2
8,23,39,3374725112,3000,2,2,2
8,23,40,3374725112,3000,2,2,2
8,24,1,3374725112,3000,0,0,0
8,24,2,3374725112,3000,1,1,1
8,24,3,3374725112,3000,1,1,1
8,24,4,3374725112,3000,1,1,1
8,24,5,3374725112,3000,1,1,1
8,24,6,3374725112,3000,1,1,1
8,24,7,3374725112,3000,1,1,1
8,24,8,3374725112,3000,1,1,1
8,24,9,3374725112,3000,1,1,1
8,24,10,3374725112,3000,1,1,1
8,24,11,3374725112,3000,1,1,1
8,24,12,3374725112,3000,1,1,1
8,24,13,3374725112,3000,1,1,1
8,24,14,3374725112,3000,1,1,1
8,24,15,3374725112,3000,1,1,1
8,24,16,3374725112,3000,1,1,1
8,24,17,3374725112,3000,1,1,1
8,24,18,3374725112,3000,1,1,1
8,24,19,3374725112,3000,1,1,1
8,24,20,3374725112,3000,1,1,1
8,24,21,3374725112,3000,1,1,1
8,24,22,3374725112,3000,1,1,1
8,24,23,3374725112,3000,1,1,1
8,24,24,3374725112,3000,2,2,2
8,24,25,3374725112,3000,2,2,2
8,24,26,3374725112,3000,2,2,2
8,24,27,3374725112,3000,2,2,2
8,24,28,3374725112,3000,2,2,2
8,24,29,3374725112,3000,2,2,2
8,24,30,3374725112,3000,2,2,2
8,24,31,3374725112,3000,2,2,2
8,24,32,3374725112,3000,2,2,2
8,24,33,3374725112,3000,2,2,2
8,24,34,3374725112,3000,2,2,2
8,24,35,3374725112,3000,2,2,2
8,24,36,3374725112,3000,2,2,2
8,24,37,3374725112,3000,2,2,2
8,24,38,3374725112,3000,2,2,2
8,24,39,3374725112,3000,2,2,2
8,24,40,3374725112,3000,2,2,2
8,25,1,3374725112,3000,0,0,0
8,25,2,3374725112,3000,1,1,1
8,25,3,3374725112,3000,1,1,1
8,25,4,3374725112,3000,1,1,1
8,25,5,3374725112,3000,1,1,1
8,25,6,3374725112,3000,1,1,1
8,25,7,3374725112,3000,1,1,1
8,25,8,3374725112,3000,1,1,1
8,25,9,3374725112,3000,1,1,1
8,25,10,3374725112,3000,1,1,1
8,25,11,3374725112,3000,1,1,1
8,25,12,3374725112,3000,1,1,1
8,25,13,3374725112,3000,1,1,1
8,25,14,3374725112,3000,1,1,1
8,25,15,3374725112,3000,1,1,1
8,25,16,3374725112,3000,1,1,1
8,25,17,3374725112,3000,1,1,1
8,25,18,3374725112,3000,1,1,1
8,25,19,3374725112,3000,1,1,1
8,25,20,3374725112,3000,1,1,1
8,25,21,3374725112,3000,1,1,1
8,25,22,3374725112,3000,1,1,1
8,25,23,3374725112,3000,1,1,1
8,25,24,3374725112,3000,1,1,1
8,25,25,3374725112,3000,1,1,1
8,25,26,3374725112,3000,2,2,2
8,25,27,3374725112,3000,2,2,2
8,25,28,3374725112,3000,2,2,2
8,25,29,3374725112,3000,2,2,2
8,25,30,3374725112,3000,2,2,2
8,25,31,3374725112,3000,2,2,2
8,25,32,3374725112,3000,2,2,2
8,25,33,3374725112,3000,2,2,2
8,25,34,3374725112,3000,2,2,2
8,25,35,3374725112,3000,2,2,2
8,25,36,3374725112,3000,2,2,2
8,25,37,3374725112,3000,2,2,2
8,25,38,3374725112,3000,2,2,2
8,25,39,3374725112,3000,2,2,2
8,25,40,3374725112,3000,2,2,2
8,26,1,3374725112,3000,0,0,0
8,26,2,3374725112,3000,1,1,1
8,26,3,3374725112,3000,1,1,1
8,26,4,3374725112,3000,1,1,1
8,26,5,3374725112,3000,1,1,1
8,26,6,3374725112,3000,1,1,1
8,26,7,3374725112,3000,1,1,1
8,26,8,3374725112,3000,1,1,1
8,26,9,3374725112,3000,1,1,1
8,26,10,3374725112,3000,1,1,1
8,26,11,3374725112,3000,1,1,1
8,26,12,3374725112,3000,1,1,1
8,26,13,3374725112,3000,1,1,1
8,26,14,3374725112,3000,1,1,1
8,26,15,3374725112,3000,1,1,1
8,26,16,3374725112,3000,1,1,1
8,26,17,3374725112,3000,1,1,1
8,26,18,3374725112,3000,1,1,1
8,26,19,3374725112,3000,1,1,1
8,26,20,3374725112,3000,1,1,1
8,26,21,3374725112,3000,1,1,1
8,26,22,3374725112,3000,1,1,1
8,26,23,3374725112,3000,1,1,1
8,26,24,3374725112,3000,1,1,1
8,26,25,3374725112,3000,1,1,1
8,26,26,3374725112,3000,2,2,2
8,26,27,3374725112,3000,2,2,2
8,26,28,3374725112,3000,2,2,2
8,26,29,3374725112,3000,2,2,2
8,26,30,3374725112,3000,2,2,2
8,26,31,3374725112,3000,2,2,2
8,26,32,3374725112,3000,2,2,2
8,26,33,3374725112,3000,2,2,2
8,26,34,3374725112,3000,2,2,2
8,26,35,3374725112,3000,2,2,2
8,26,36,3374725112,3000,2,2,2
8,26,37,3374725112,3000,2,2,2
8,26,38,3374725112,3000,2,2,2
8,26,39,3374725112,3000,2,2,2
8,26,40,3374725112,3000,2,2,2
8,27,1,3374725112,3000,0,0,0
8,27,2,3374725112,3000,1,1,1
8,27,3,3374725112,3000,1,1,1
8,27,4,3374725112,3000,1,1,1
8,27,5,3374725112,3000,1,1,1
8,27,6,3374725112,3000,1,1,1
8,27,7,3374725112,3000,1,1,1
8,27,8,3374725112,3000,1,1,1
8,27,9,3374725112,3000,1,1,1
8,27,10,3374725112,3000,1,1,1
8,27,11,3374725112,3000,1,1,1
8,27,12,3374725112,3000,1,1,1
8,27,13,3374725112,3000,1,1,1
8,27,14,3374725112,3000,1,1,1
8,27,15,3374725112,3000,1,1,1
8,27,16,3374725112,3000,1,1,1
8,27,17,3374725112,3000,1,1,1
8,27,18,3374725112,3000,1,1,1
8,27,19,3374725112,3000,1,1,1
8,27,20,3374725112,3000,1,1,1
8,27,21,3374725112,3000,1,1,1
8,27,22,3374725112,3000,1,1,1
8,27,23,3374725112,3000,1,1,1
8,27,24,3374725112,3000,1,1,1
8,27,25,3374725112,3000,1,1,1
8,27,26,3374725112,3000,1,1,1
8,27,27,3374725112,3000,1,1,1
8,27,28,3374725112,3000,2,2,2
8,27,29,3374725112,3000,2,2,2
8,27,30,3374725112,3000,2,2,2
8,27,31,3374725112,3000,2,2,2
8,27,32,3374725112,3000,2,2,2
8,27,33,3374725112,3000,2,2,2
8,27,34,3374725112,3000,2,2,2
8,27,35,3374725112,3000,2,2,2
8,27,36,3374725112,3000,2,2,2
8,27,37,3374725112,3000,2,2,2
8,27,38,3374725112,3000,2,2,2
8,27,39,3374725112,3000,2,2,2
8,27,40,3374725112,3000,2,2,2
8,28,1,3374725112,3000,0,0,0
8,28,2,3374725112,3000,1,1,1
8,28,3,3374725112,3000,1,1,1
8,28,4,3374725112,3000,1,1,1
8,28,5,3374725112,3000,1,1,1
8,28,6,3374725112,3000,1,1,1
8,28,7,3374725112,3000,1,1,1
8,28,8,3374725112,3000,1,1,1
8,28,9,3374725112,3000,1,1,1
8,28,10,3374725112,3000,1,1,1
8,28,11,3374725112,3000,1,1,1
8,28,12,3374725112,3000,1,1,1
8,28,13,3374725112,3000,1,1,1
8,28,14,3374725112,3000,1,1,1
8,28,15,3374725112,3000,1,1,1
8,28,16,3374725112,3000,1,1,1
8,28,17,3374725112,3000,1,1,1
8,28,18,3374725112,3000,1,1,1
8,28,19,3374725112,3000,1,1,1
8,28,20,3374725112,3000,1,1,1
8,28,21,3374725112,3000,1,1,1
8,28,22,3374725112,3000,1,1,1
8,28,23,3374725112,3000,1,1,1
8,28,24,3374725112,3000,1,1,1
8,28,25,3374725112,3000,1,1,1
8,28,26,3374725112,3000,1,1,1
8,28,27,3374725112,3000,1,1,1
8,28,28,3374725112,3000,2,2,2
8,28,29,3374725112,3000,2,2,2
8,28,30,3374725112,3000,2,2,2
8,28,31,3374725112,3000,2,2,2
8,28,32,3374725112,3000,2,2,2
8,28,33,3374725112,3000,2,2,2
8,28,34,3374725112,3000,2,2,2
8,28,35,3374725112,3000,2,2,2
8,28,36,3374725112,3000,2,2,2
8,28,37,3374725112,3000,2,2,2
8,28,38,3374725112,3000,2,2,2
8,28,39,3374725112,3000,2,2,2
8,28,40,3374725112,3000,2,2,2
8,29,1,3374725112,3000,0,0,0
8,29,2,3374725112,3000,1,1,1
8,29,3,3374725112,3000,1,1,1
8,29,4,3374725112,3000,1,1,1
8,29,5,3374725112,3000,1,1,1
8,29,6,3374725112,3000,1,1,1
8,29,7,3374725112,3000,1,1,1
8,29,8,3374725112,3000,1,1,1
8,29,9,3374725112,3000,1,1,1
8,29,10,3374725112,3000,1,1,1
8,29,11,3374725112,3000,1,1,1
8,29,12,3374725112,3000,1,1,1
8,29,13,3374725112,3000,1,1,1
8,29,14,3374725112,3000,1,1,1
8,29,15,3374725112,3000,1,1,1
8,29,16,3374725112,3000,1,1,1
8,29,17,3374725112,3000,1,1,1
8,29,18,3374725112,3000,1,1,1
8,29,19,3374725112,3000,1,1,1
8,29,20,3374725112,3000,1,1,1
8,29,21,3374725112,3000,1,1,1
8,29,22,3374725112,3000,1,1,1
8,29,23,3374725112,3000,1,1,1
8,29,24,3374725112,3000,1,1,1
8,29,25,3374725112,3000,1,1,1
8,29,26,3374725112,3000,1,1,1
8,29,27,3374725112,3000,1,1,1
8,29,28,3374725112,3000,1,1,1
8,29,29,3374725112,3000,1,1,1
8,29,30,3374725112,3000,2,2,2
8,29,31,3374725112,3000,2,2,2
8,29,32,3374725112,3000,2,2,2
8,29,33,3374725112,3000,2,2,2
8,29,34,3374725112,3000,2,2,2
8,29,35,3374725112,3000,2,2,2
8,29,36,3374725112,3000,2,2,2
8,29,37,3374725112,3000,2,2,2
8,29,38,3374725112,3000,2,2,2
8,29,39,3374725112,3000,2,2,2
8,29,40,3374725112,3000,2,2,2
8,30,1,3374725112,3000,0,0,0
8,30,2,3374725112,3000,1,1,1
8,30,3,3374725112,3000,1,1,1
8,30,4,3374725112,3000,1,1,1
8,30,5,3374725112,3000,1,1,1
8,30,6,3374725112,3000,1,1,1
8,30,7,3374725112,3000,1,1,1
8,30,8,3374725112,3000,1,1,1
8,30,9,3374725112,3000,1,1,1
8,30,10,3374725112,3000,1,1,1
8,30,11,3374725112,3000,1,1,1
8,30,12,3374725112,3000,1,1,1
8,30,13,3374725112,3000,1,1,1
8,30,14,3374725112,3000,1,1,1
8,30,15,3374725112,3000,1,1,1
8,30,16,3374725112,3000,1,1,1
8,30,17,3374725112,3000,1,1,1
8,30,18,3374725112,3000,1,1,1
8,30,19,3374725112,3000,1,1,1
8,30,20,3374725112,3000,1,1,1
8,30,21,3374725112,3000,1,1,1
8,30,22,3374725112,3000,1,1,1
8,30,23,3374725112,3000,1,1,1
8,30,24,3374725112,3000,1,1,1
8,30,25,3374725112,3000,1,1,1
8,30,26,3374725112,3000,1,1,1
8,30,27,3374725112,3000,1,1,1
8,30,28,3374725112,3000,1,1,1
8,30,29,3374725112,3000,1,1,1
8,30,30,3374725112,3000,2,2,2
8,30,31,3374725112,3000,2,2,2
8,30,32,3374725112,3000,2,2,2
8,30,33,3374725112,3000,2,2,2
8,30,34,3374725112,3000,2,2,2
8,30,35,3374725112,3000,2,2,2
8,30,36,3374725112,3000,2,2,2
8,30,37,3374725112,3000,2,2,2
8,30,38,3374725112,3000,2,2,2
8,30,39,3374725112,3000,2,2,2
8,30,40,3374725112,3000,2,2,2
9,16,1,3374725112,3000,0,0,0
9,16,2,3374725112,3000,1,1,1
9,16,3,3374725112,3000,1,1,1
9,16,4,3374725112,3000,1,1,1
9,16,5,3374725112,3000,1,1,1
9,16,6,3374725112,3000,1,1,1
9,16,7,3374725112,3000,1,1,1
9,16,8,3374725112,3000,1,1,1
9,16,9,3374725112,3000,1,1,1
9,16,10,3374725112,3000,1,1,1
9,16,11,3374725112,3000,1,1,1
9,16,12,3374725112,3000,1,1,1
9,16,13,3374725112,3000,1,1,1
9,16,14,3374725112,3000,1,1,1
9,16,15,3374725112,3000,1,1,1
9,16,16,3374725112,3000,1,1,1
9,16,17,3374725112,3000,1,1,1
9,16,18,3374725112,3000,1,1,1
9,16,19,3374725112,3000,1,1,1
9,16,20,3374725112,3000,1,1,1
9,16,21,3374725112,3000,1,1,1
9,16,22,3374725112,3000,1,1,1
9,16,23,3374725112,3000,1,1,1
9,16,24,3374725112,3000,1,1,1
9,16,25,3374725112,3000,1,1,1
9,16,26,3374725112,3000,1,1,1
9,16,27,3374725112,3000,1,1,1
9,16,28,3374725112,3000,1,1,1
9,16,29,3374725112,3000,1,1,1
9,16,30,3374725112,3000,1,1,1
9,16,31,3374725112,3000,1,1,1
9,16,32,3374725112,3000,1,1,1
9,16,33,3374725112,3000,1,1,1
9,16,34,3374725112,3000,1,1,1
9,16,35,3374725112,3000,1,1,1
9,16,36,3374725112,3000,1,1,1
9,16,37,3374725112,3000,1,1,1
9,16,38,3374725112,3000,1,1,1
9,16,39,3374725112,3000,1,1,1
9,16,40,3374725112,3000,1,1,1
9,17,1,3374725112,3000,0,0,0
9,17,2,3374725112,3000,1,1,1
9,17,3,3374725112,3000,1,1,1
9,17,4,3374725112,3000,1,1,1
9,17,5,3374725112,3000,1,1,1
9,17,6,3374725112,3000,1,1,1
9,17,7,3374725112,3000,1,1,1
9,17,8,3374725112,3000,1,1,1
9,17,9,3374725112,3000,1,1,1
9,17,10,3374725112,3000,1,1,1
9,17,11,3374725112,3000,1,1,1
9,17,12,3374725112,3000,1,1,1
9,17,13,3374725112,3000,1,1,1
9,17,14,3374725112,3000,1,1,1
9,17,15,3374725112,3000,1,1,1
9,17,16,3374725112,3000,1,1,1
9,17,17,3374725112,3000,1,1,1
9,17,18,3374725112,3000,1,1,1
9,17,19,3374725112,3000,1,1,1
9,17,20,3374725112,3000,1,1,1
9,17,21,3374725112,3000,1,1,1
9,17,22,3374725112,3000,1,1,1
9,17,23,3374725112,3000,1,1,1
9,17,24,3374725112,3000,1,1,1
9,17,25,3374725112,3000,1,1,1
9,17,26,3374725112,3000,1,1,1
9,17,27,3374725112,3000,1,1,1
9,17,28,3374725112,3000,1,1,1
9,17,29,3374725112,3000,1,1,1
9,17,30,3374725112,3000,1,1,1
9,17,31,3374725112,3000,1,1,1
9,17,32,3374725112,3000,1,1,1
9,17,33,3374725112,3000,1,1,1
9,17,34,3374725112,3000,1,1,1
9,17,35,3374725112,3000,1,1,1
9,17,36,3374725112,3000,1,1,1
9,17,37,3374725112,3000,1,1,1
9,17,38,3374725112,3000,1,1,1
9,17,39,3374725112,3000,1,1,1
9,17,40,3374725112,3000,1,1,1
9,18,1,3374725112,3000,0,0,0
9,18,2,3374725112,3000,1,1,1
9,18,3,3374725112,3000,1,1,1
9,18,4,3374725112,3000,1,1,1
9,18,5,3374725112,3000,1,1,1
9,18,6,3374725112,3000,1,1,1
9,18,7,3374725112,3000,1,1,1
9,18,8,3374725112,3000,1,1,1
9,18,9,3374725112,3000,1,1,1
9,18,10,3374725112,3000,1,1,1
9,18,11,3374725112,3000,1,1,1
9,18,12,3374725112,3000,1,1,1
9,18,13,3374725112,3000,1,1,1
9,18,14,3374725112,3000,1,1,1
9,18,15,3374725112,3000,1,1,1
9,18,16,3374725112,3000,1,1,1
9,18,17,3374725112,3000,1,1,1
9,18,18,3374725112,3000,1,1,1
9,18,19,3374725112,3000,1,1,1
9,18,20,3374725112,3000,1,1,1
9,18,21,3374725112,3000,1,1,1
9,18,22,3374725112,3000,1,1,1
9,18,23,3374725112,3000,1,1,1
9,18,24,3374725112,3000,1,1,1
9,18,25,3374725112,3000,1,1,1
9,18,26,3374725112,3000,1,1,1
9,18,27,3374725112,3000,1,1,1
9,18,28,3374725112,3000,1,1,1
9,18,29,3374725112,3000,1,1,1
9,18,30,3374725112,3000,1,1,1
9,18,31,3374725112,3000,1,1,1
9,18,32,3374725112,3000,1,1,1
9,18,33,3374725112,3000,1,1,1
9,18,34,3374725112,3000,1,1,1
9,18,35,3374725112,3000,1,1,1
9,18,36,3374725112,3000,1,1,1
9,18,37,3374725112,3000,1,1,1
9,18,38,3374725112,3000,1,1,1
9,18,39,3374725112,3000,1,1,1
9,18,40,3374725112,3000,1,1,1
9,19,1,3374725112,3000,0,0,0
9,19,2,3374725112,3000,1,1,1
9,19,3,3374725112,3000,1,1,1
9,19,4,3374725112,3000,1,1,1
9,19,5,3374725112,3000,1,1,1
9,19,6,3374725112,3000,1,1,1
9,19,7,3374725112,3000,1,1,1
9,19,8,3374725112,3000,1,1,1
9,19,9,3374725112,3000,1,1,1
9,19,10,3374725112,3000,1,1,1
9,19,11,3374725112,3000,1,1,1
9,19,12,3374725112,3000,1,1,1
9,19,13,3374725112,3000,1,1,1
9,19,14,3374725112,3000,1,1,1
9,19,15,3374725112,3000,1,1,1
9,19,16,3374725112,3000,1,1,1
9,19,17,3374725112,3000,1,1,1
9,19,18,3374725112,3000,1,1,1
9,19,19,3374725112,3000,1,1,1
9,19,20,3374725112,3000,2,2,2
9,19,21,3374725112,3000,2,2,2
9,19,22,3374725112,3000,2,2,2
9,19,23,3374725112,3000,2,2,2
9,19,24,3374725112,3000,2,2,2
9,19,25,3374725112,3000,2,2,2
9,19,26,3374725112,3000,2,2,2
9,19,27,3374725112,3000,2,2,2
9,19,28,3374725112,3000,2,2,2
9,19,29,3374725112,3000,2,2,2
9,19,30,3374725112,3000,2,2,2
9,19,31,3374725112,3000,2,2,2
9,19,32,3374725112,3000,2,2,2
9,19,33,3374725112,3000,2,2,2
9,19,34,3374725112,3000,2,2,2
9,19,35,3374725112,3000,2,2,2
9,19,36,3374725112,3000,2,2,2
9,19,37,3374725112,3000,2,2,2
9,19,38,3374725112,3000,2,2,2
9,19,39,3374725112,3000,2,2,2
9,19,40,3374725112,3000,2,2,2
9,20,1,3374725112,3000,0,0,0
9,20,2,3374725112,3000,1,1,1
9,20,3,3374725112,3000,1,1,1
9,20,4,3374725112,3000,1,1,1
9,20,5,3374725112,3000,1,1,1
9,20,6,3374725112,3000,1,1,1
9,20,7,3374725112,3000,1,1,1
9,20,8,3374725112,3000,1,1,1
9,20,9,3374725112,3000,1,1,1
9,20,10,3374725112,3000,1,1,1
9,20,11,3374725112,3000,1,1,1
9,20,12,3374725112,3000,1,1,1
9,20,13,3374725112,3000,1,1,1
9,20,14,3374725112,3000,1,1,1
9,20,15,3374725112,3000,1,1,1
9,20,16,3374725112,3000,1,1,1
9,20,17,3374725112,3000,1,1,1
9,20,18,3374725112,3000,1,1,1
9,20,19,3374725112,3000,1,1,1
9,20,20,3374725112,3000,2,2,2
9,20,21,3374725112,3000,2,2,2
9,20,22,3374725112,3000,2,2,2
9,20,23,3374725112,3000,2,2,2
9,20,24,3374725112,3000,2,2,2
9,20,25,3374725112,3000,2,2,2
9,20,26,3374725112,3000,2,2,2
9,20,27,3374725112,3000,2,2,2
9,20,28,3374725112,3000,2,2,2
9,20,29,3374725112,3000,2,2,2
9,20,30,3374725112,3000,2,2,2
9,20,31,3374725112,3000,2,2,2
9,20,32,3374725112,3000,2,2,2
9,20,33,3374725112,3000,2,2,2
9,20,34,3374725112,3000,2,2,2
9,20,35,3374725112,3000,2,2,2
9,20,36,3374725112,3000,2,2,2
9,20,37,3374725112,3000,2,2,2
9,20,38,3374725112,3000,2,2,2
9,20,39,3374725112,3000,2,2,2
9,20,40,3374725112,3000,2,2,2
9,21,1,3374725112,3000,0,0,0
9,21,2,3374725112,3000,1,1,1
9,21,3,3374725112,3000,1,1,1
9,21,4,3374725112,3000,1,1,1
9,21,5,3374725112,3000,1,1,1
9,21,6,3374725112,3000,1,1,1
9,21,7,3374725112,3000,1,1,1
9,21,8,3374725112,3000,1,1,1
9,21,9,3374725112,3000,1,1,1
9,21,10,3374725112,3000,1,1,1
9,21,11,3374725112,3000,1,1,1
9,21,12,3374725112,3000,1,1,1
9,21,13,3374725112,3000,1,1,1
9,21,14,3374725112,3000,1,1,1
9,21,15,3374725112,3000,1,1,1
9,21,16,3374725112,3000,1,1,1
9,21,17,3374725112,3000,1,1,1
9,21,18,3374725112,3000,1,1,1
9,21,19,3374725112,3000,1,1,1
9,21,20,3374725112,3000,1,1,1
9,21,21,3374725112,3000,1,1,1
9,21,22,3374725112,3000,2,2,2
9,21,23,3374725112,3000,2,2,2
9,21,24,3374725112,3000,2,2,2
9,21,25,3374725112,3000,2,2,2
9,21,26,3374725112,3000,2,2,2
9,21,27,3374725112,3000,2,2,2
9,21,28,3374725112,3000,2,2,2
9,21,29,3374725112,3000,2,2,2
9,21,30,3374725112,3000,2,2,2
9,21,31,3374725112,3000,2,2,2
9,21,32,3374725112,3000,2,2,2
9,21,33,3374725112,3000,2,2,2
9,21,34,3374725112,3000,2,2,2
9,21,35,3374725112,3000,2,2,2
9,21,36,3374725112,3000,2,2,2
9,21,37,3374725112,3000,2,2,2
9,21,38,3374725112,3000,2,2,2
9,21,39,3374725112,3000,2,2,2
9,21,40,3374725112,3000,2,2,2
9,22,1,3374725112,3000,0,0,0
9,22,2,3374725112,3000,1,1,1
9,22,3,3374725112,3000,1,1,1
9,22,4,3374725112,3000,1,1,1
9,22,5,3374725112,3000,1,1,1
9,22,6,3374725112,3000,1,1,1
9,22,7,3374725112,3000,1,1,1
9,22,8,3374725112,3000,1,1,1
9,22,9,3374725112,3000,1,1,1
9,22,10,3374725112,3000,1,1,1
9,22,11,3374725112,3000,1,1,1
9,22,12,3374725112,3000,1,1,1
9,22,13,3374725112,3000,1,1,1
9,22,14,3374725112,3000,1,1,1
9,22,15,3374725112,3000,1,1,1
9,22,16,3374725112,3000,1,1,1
9,22,17,3374725112,3000,1,1,1
9,22,18,3374725112,3000,1,1,1
9,22,19,3374725112,3000,1,1,1
9,22,20,3374725112,3000,1,1,1
9,22,21,3374725112,3000,1,1,1
9,22,22,3374725112,3000,2,2,2
9,22,23,3374725112,3000,2,2,2
9,22,24,3374725112,3000,2,2,2
9,22,25,3374725112,3000,2,2,2
9,22,26,3374725112,3000,2,2,2
9,22,27,3374725112,3000,2,2,2
9,22,28,3374725112,3000,2,2,2
9,22,29,3374725112,3000,2,2,2
9,22,30,3374725112,3000,2,2,2
9,22,31,3374725112,3000,2,2,2
9,22,32,3374725112,3000,2,2,2
9,22,33,3374725112,3000,2,2,2
9,22,34,3374725112,3000,2,2,2
9,22,35,3374725112,3000,2,2,2
9,22,36,3374725112,3000,2,2,2
9,22,37,3374725112,3000,2,2,2
9,22,38,3374725112,3000,2,2,2
9,22,39,3374725112,3000,2,2,2
9,22,40,3374725112,3000,2,2,2
9,23,1,3374725112,3000,0,0,0
9,23,2,3374725112,3000,1,1,1
9,23,3,3374725112,3000,1,1,1
9,23,4,3374725112,3000,1,1,1
9,23,5,3374725112,3000,1,1,1
9,23,6,3374725112,3000,1,1,1
9,23,7,3374725112,3000,1,1,1
9,23,8,3374725112,3000,1,1,1
9,23,9,3374725112,3000,1,1,1
9,23,10,3374725112,3000,1,1,1
9,23,11,3374725112,3000,1,1,1
9,23,12,3374725112,3000,1,1,1
9,23,13,3374725112,3000,1,1,1
9,23,14,3374725112,3000,1,1,1
9,23,15,3374725112,3000,1,1,1
9,23,16,3374725112,3000,1,1,1
9,23,17,3374725112,3000,1,1,1
9,23,18,3374725112,3000,1,1,1
9,23,19,3374725112,3000,1,1,1
9,23,20,3374725112,3000,1,1,1
9,23,21,3374725112,3000,1,1,1
9,23,22,3374725112,3000,1,1,1
9,23,23,3374725112,3000,1,1,1
9,23,24,3374725112,3000,2,2,2
9,23,25,3374725112,3000,2,2,2
9,23,26,3374725112,3000,2,2,2
9,23,27,3374725112,3000,2,2,2
9,23,28,3374725112,3000,2,2,2
9,23,29,3374725112,3000,2,2,2
9,23,30,3374725112,3000,2,2,2
9,23,31,3374725112,3000,2,2,2
9,23,32,3374725112,3000,2,2,2
9,23,33,3374725112,3000,2,2,2
9,23,34,3374725112,3000,2,2,2
9,23,35,3374725112,3000,2,2,2
9,23,36,3374725112,3000,2,2,2
9,23,37,3374725112,3000,2,2,2
9,23,38,3374725112,3000,2,2,2
9,23,39,3374725112,3000,2,2,2
9,23,40,3374725112,3000,2,2,2
9,24,1,3374725112,3000,0,0,0
9,24,2,3374725112,3000,1,1,1
9,24,3,3374725112,3000,1,1,1
9,24,4,3374725112,3000,1,1,1
9,24,5,3374725112,3000,1,1,1
9,24,6,3374725112,3000,1,1,1
9,24,7,3374725112,3000,1,1,1
9,24,8,3374725112,3000,1,1,1
9,24,9,3374725112,3000,1,1,1
9,24,10,3374725112,3000,1,1,1
9,24,11,3374725112,3000,1,1,1
9,24,12,3374725112,3000,1,1,1
9,24,13,3374725112,3000,1,1,1
9,24,14,3374725112,3000,1,1,1
9,24,15,3374725112,3000,1,1,1
9,24,16,3374725112,3000,1,1,1
9,24,17,3374725112,3000,1,1,1
9,24,18,3374725112,3000,1,1,1
9,24,19,3374725112,3000,1,1,1
9,24,20,3374725112,3000,1,1,1
9,24,21,3374725112,3000,1,1,1
9,24,22,3374725112,3000,1,1,1
9,24,23,3374725112,3000,1,1,1
9,24,24,3374725112,3000,2,2,2
9,24,25,3374725112,3000,2,2,2
9,24,26,3374725112,3000,2,2,2
9,24,27,3374725112,3000,2,2,2
9,24,28,3374725112,3000,2,2,2
9,24,29,3374725112,3000,2,2,2
9,24,30,3374725112,3000,2,2,2
9,24,31,3374725112,3000,2,2,2
9,24,32,3374725112,3000,2,2,2
9,24,33,3374725112,3000,2,2,2
9,24,34,3374725112,3000,2,2,2
9,24,35,3374725112,3000,2,2,2
9,24,36,3374725112,3000,2,2,2
9,24,37,3374725112,3000,2,2,2
9,24,38,3374725112,3000,2,2,2
9,24,39,3374725112,3000,2,2,2
9,24,40,3374725112,3000,2,2,2
9,25,1,3374725112,3000,0,0,0
9,25,2,3374725112,3000,1,1,1
9,25,3,3374725112,3000,1,1,1
9,25,4,3374725112,3000,1,1,1
9,25,5,3374725112,3000,1,1,1
9,25,6,3374725112,3000,1,1,1
9,25,7,3374725112,3000,1,1,1
9,25,8,3374725112,3000,1,1,1
9,25,9,3374725112,3000,1,1,1
9,25,10,3374725112,3000,1,1,1
9,25,11,3374725112,3000,1,1,1
9,25,12,3374725112,3000,1,1,1
9,25,13,3374725112,3000,1,1,1
9,25,14,3374725112,3000,1,1,1
9,25,15,3374725112,3000,1,1,1
9,25,16,3374725112,3000,1,1,1
9,25,17,3374725112,3000,1,1,1
9,25,18,3374725112,3000,1,1,1
9,25,19,3374725112,3000,1,1,1
9,25,20,3374725112,3000,1,1,1
9,25,21,3374725112,3000,1,1,1
9,25,22,3374725112,3000,1,1,1
9,25,23,3374725112,3000,1,1,1
9,25,24,3374725112,3000,1,1,1
9,25,25,3374725112,3000,1,1,1
9,25,26,3374725112,3000,2,2,2
9,25,27,3374725112,3000,2,2,2
9,25,28,3374725112,3000,2,2,2
9,25,29,3374725112,3000,2,2,2
9,25,30,3374725112,3000,2,2,2
9,25,31,3374725112,3000,2,2,2
9,25,32,3374725112,3000,2,2,2
9,25,33,3374725112,3000,2,2,2
9,25,34,3374725112,3000,2,2,2
9,25,35,3374725112,3000,2,2,2
9,25,36,3374725112,3000,2,2,2
9,25,37,3374725112,3000,2,2,2
9,25,38,3374725112,3000,2,2,2
9,25,39,3374725112,3000,2,2,2
9,25,40,3374725112,3000,2,2,2
9,26,1,3374725112,3000,0,0,0
9,26,2,3374725112,3000,1,1,1
9,26,3,3374725112,3000,1,1,1
9,26,4,3374725112,3000,1,1,1
9,26,5,3374725112,3000,1,1,1
9,26,6,3374725112,3000,1,1,1
9,26,7,3374725112,3000,1,1,1
9,26,8,3374725112,3000,1,1,1
9,26,9,3374725112,3000,1,1,1
9,26,10,3374725112,3000,1,1,1
9,26,11,3374725112,3000,1,1,1
9,26,12,3374725112,3000,1,1,1
9,26,13,3374725112,3000,1,1,1
9,26,14,3374725112,3000,1,1,1
9,26,15,3374725112,3000,1,1,1
9,26,16,3374725112,3000,1,1,1
9,26,17,3374725112,3000,1,1,1
9,26,18,3374725112,3000,1,1,1
9,26,19,3374725112,3000,1,1,1
9,26,20,3374725112,3000,1,1,1
9,26,21,3374725112,3000,1,1,1
9,26,22,3374725112,3000,1,1,1
9,26,23,3374725112,3000,1,1,1
9,26,24,3374725112,3000,1,1,1
9,26,25,3374725112,3000,1,1,1
9,26,26,3374725112,3000,2,2,2
9,26,27,3374725112,3000,2,2,2
9,26,28,3374725112,3000,2,2,2
9,26,29,3374725112,3000,2,2,2
9,26,30,3374725112,3000,2,2,2
9,26,31,3374725112,3000,2,2,2
9,26,32,3374725112,3000,2,2,2
9,26,33,3374725112,3000,2,2,2
9,26,34,3374725112,3000,2,2,2
9,26,35,3374725112,3000,2,2,2
9,26,36,3374725112,3000,2,2,2
9,26,37,3374725112,3000,2,2,2
9,26,38,3374725112,3000,2,2,2
9,26,39,3374725112,3000,2,2,2
9,26,40,3374725112,3000,2,2,2
9,27,1,3374725112,3000,0,0,0
9,27,2,3374725112,3000,1,1,1
9,27,3,3374725112,3000,1,1,1
9,27,4,3374725112,3000,1,1,1
9,27,5,3374725112,3000,1,1,1
9,27,6,3374725112,3000,1,1,1
9,27,7,3374725112,3000,1,1,1
9,27,8,3374725112,3000,1,1,1
9,27,9,3374725112,3000,1,1,1
9,27,10,3374725112,3000,1,1,1
9,27,11,3374725112,3000,1,1,1
9,27,12,3374725112,3000,1,1,1
9,27,13,3374725112,3000,1,1,1
9,27,14,3374725112,3000,1,1,1
9,27,15,3374725112,3000,1,1,1
9,27,16,3374725112,3000,1,1,1
9,27,17,3374725112,3000,1,1,1
9,27,18,3374725112,3000,1,1,1
9,27,19,3374725112,3000,1,1,1
9,27,20,3374725112,3000,1,1,1
9,27,21,3374725112,3000,1,1,1
9,27,22,3374725112,3000,1,1,1
9,27,23,3374725112,3000,1,1,1
9,27,24,3374725112,3000,1,1,1
9,27,25,3374725112,3000,1,1,1
9,27,26,3374725112,3000,1,1,1
9,27,27,3374725112,3000,1,1,1
9,27,28,3374725112,3000,2,2,2
9,27,29,3374725112,3000,2,2,2
9,27,30,3374725112,3000,2,2,2
9,27,31,3374725112,3000,2,2,2
9,27,32,3374725112,3000,2,2,2
9,27,33,3374725112,3000,2,2,2
9,27,34,3374725112,3000,2,2,2
9,27,35,3374725112,3000,2,2,2
9,27,36,3374725112,3000,2,2,2
9,27,37,3374725112,3000,2,2,2
9,27,38,3374725112,3000,2,2,2
9,27,39,3374725112,3000,2,2,2
9,27,40,3374725112,3000,2,2,2
9,28,1,3374725112,3000,0,0,0
9,28,2,3374725112,3000,1,1,1
9,28,3,3374725112,3000,1,1,1
9,28,4,3374725112,3000,1,1,1
9,28,5,3374725112,3000,1,1,1
9,28,6,3374725112,3000,1,1,1
9,28,7,3374725112,3000,1,1,1
9,28,8,3374725112,3000,1,1,1
9,28,9,3374725112,3000,1,1,1
9,28,10,3374725112,3000,1,1,1
9,28,11,3374725112,3000,1,1,1
9,28,12,3374725112,3000,1,1,1
9,28,13,3374725112,3000,1,1,1
9,28,14,3374725112,3000,1,1,1
9,28,15,3374725112,3000,1,1,1
9,28,16,3374725112,3000,1,1,1
9,28,17,3374725112,3000,1,1,1
9,28,18,3374725112,3000,1,1,1
9,28,19,3374725112,3000,1,1,1
9,28,20,3374725112,3000,1,1,1
9,28,21,3374725112,3000,1,1,1
9,28,22,3374725112,3000,1,1,1
9,28,23,3374725112,3000,1,1,1
9,28,24,3374725112,3000,1,1,1
9,28,25,3374725112,3000,1,1,1
9,28,26,3374725112,3000,1,1,1
9,28,27,3374725112,3000,1,1,1
9,28,28,3374725112,3000,2,2,2
9,28,29,3374725112,3000,2,2,2
9,28,30,3374725112,3000,2,2,2
9,28,31,3374725112,3000,2,2,2
9,28,32,3374725112,3000,2,2,2
9,28,33,3374725112,3000,2,2,2
9,28,34,3374725112,3000,2,2,2
9,28,35,3374725112,3000,2,2,2
9,28,36,3374725112,3000,2,2,2
9,28,37,3374725112,3000,2,2,2
9,28,38,3374725112,3000,2,2,2
9,28,39,3374725112,3000,2,2,2
9,28,40,3374725112,3000,2,2,2
9,29,1,3374725112,3000,0,0,0
9,29,2,3374725112,3000,1,1,1
9,29,3,3374725112,3000,1,1,1
9,29,4,3374725112,3000,1,1,1
9,29,5,3374725112,3000,1,1,1
9,29,6,3374725112,3000,1,1,1
9,29,7,3374725112,3000,1,1,1
9,29,8,3374725112,3000,1,1,1
9,29,9,3374725112,3000,1,1,1
9,29,10,3374725112,3000,1,1,1
9,29,11,3374725112,3000,1,1,1
9,29,12,3374725112,3000,1,1,1
9,29,13,3374725112,3000,1,1,1
9,29,14,3374725112,3000,1,1,1
9,29,15,3374725112,3000,1,1,1
9,29,16,3374725112,3000,1,1,1
9,29,17,3374725112,3000,1,1,1
9,29,18,3374725112,3000,1,1,1
9,29,19,3374725112,3000,1,1,1
9,29,20,3374725112,3000,1,1,1
9,29,21,3374725112,3000,1,1,1
9,29,22,3374725112,3000,1,1,1
9,29,23,3374725112,3000,1,1,1
9,29,24,3374725112,3000,1,1,1
9,29,25,3374725112,3000,1,1,1
9,29,26,3374725112,3000,1,1,1
9,29,27,3374725112,3000,1,1,1
9,29,28,3374725112,3000,1,1,1
9,29,29,3374725112,3000,1,1,1
9,29,30,3374725112,3000,2,2,2
9,29,31,3374725112,3000,2,2,2
9,29,32,3374725112,3000,2,2,2
9,29,33,3374725112,3000,2,2,2
9,29,34,3374725112,3000,2,2,2
9,29,35,3374725112,3000,2,2,2
9,29,36,3374725112,3000,2,2,2
9,29,37,3374725112,3000,2,2,2
9,29,38,3374725112,3000,2,2,2
9,29,39,3374725112,3000,2,2,2
9,29,40,3374725112,3000,2,2,2
9,30,1,3374725112,3000,0,0,0
9,30,2,3374725112,3000,1,1,1
9,30,3,3374725112,3000,1,1,1
9,30,4,3374725112,3000,1,1,1
9,30,5,3374725112,3000,1,1,1
9,30,6,3374725112,3000,1,1,1
9,30,7,3374725112,3000,1,1,1
9,30,8,3374725112,3000,1,1,1
9,30,9,3374725112,3000,1,1,1
9,30,10,3374725112,3000,1,1,1
9,30,11,3374725112,3000,1,1,1
9,30,12,3374725112,3000,1,1,1
9,30,13,3374725112,3000,1,1,1
9,30,14,3374725112,3000,1,1,1
9,30,15,3374725112,3000,1,1,1
9,30,16,3374725112,3000,1,1,1
9,30,17,3374725112,3000,1,1,1
9,30,18,3374725112,3000,1,1,1
9,30,19,3374725112,3000,1,1,1
9,30,20,3374725112,3000,1,1,1
9,30,21,3374725112,3000,1,1,1
9,30,22,3374725112,3000,1,1,1
9,30,23,3374725112,3000,1,1,1
9,30,24,3374725112,3000,1,1,1
9,30,25,3374725112,3000,1,1,1
9,30,26,3374725112,3000,1,1,1
9,30,27,3374725112,3000,1,1,1
9,30,28,3374725112,3000,1,1,1
9,30,29,3374725112,3000,1,1,1
9,30,30,3374725112,3000,2,2,2
9,30,31,3374725112,3000,2,2,2
9,30,32,3374725112,3000,2,2,2
9,30,33,3374725112,3000,2,2,2
9,30,34,3374725112,3000,2,2,2
9,30,35,3374725112,3000,2,2,2
9,30,36,3374725112,3000,2,2,2
9,30,37,3374725112,3000,2,2,2
9,30,38,3374725112,3000,2,2,2
9,30,39,3374725112,3000,2,2,2
9,30,40,3374725112,3000,2,2,2
10,16,1,3374725112,3000,0,0,0
10,16,2,3374725112,3000,1,1,1
10,16,3,3374725112,3000,1,1,1
10,16,4,3374725112,3000,1,1,1
10,16,5,3374725112,3000,1,1,1
10,16,6,3374725112,3000,1,1,1
10,16,7,3374725112,3000,1,1,1
10,16,8,3374725112,3000,1,1,1
10,16,9,3374725112,3000,1,1,1
10,16,10,3374725112,3000,1,1,1
10,16,11,3374725112,3000,1,1,1
10,16,12,3374725112,3000,1,1,1
10,16,13,3374725112,3000,1,1,1
10,16,14,3374725112,3000,1,1,1
10,16,15,3374725112,3000,1,1,1
10,16,16,3374725112,3000,1,1,1
10,16,17,3374725112,3000,1,1,1
10,16,18,3374725112,3000,1,1,1
10,16,19,3374725112,3000,1,1,1
10,16,20,3374725112,3000,1,1,1
10,16,21,3374725112,3000,1,1,1
10,16,22,3374725112,3000,1,1,1
10,16,23,3374725112,3000,1,1,1
10,16,24,3374725112,3000,1,1,1
10,16,25,3374725112,3000,1,1,1
10,16,26,3374725112,3000,1,1,1
10,16,27,3374725112,3000,1,1,1
10,16,28,3374725112,3000,1,1,1
10,16,29,3374725112,3000,1,1,1
10,16,30,3374725112,3000,1,1,1
10,16,31,3374725112,3000,1,1,1
10,16,32,3374725112,3000,1,1,1
10,16,33,3374725112,3000,1,1,1
10,16,34,3374725112,3000,1,1,1
10,16,35,3374725112,3000,1,1,1
10,16,36,3374725112,3000,1,1,1
10,16,37,3374725112,3000,1,1,1
10,16,38,3374725112,3000,1,1,1
10,16,39,3374725112,3000,1,1,1
10,16,40,3374725112,3000,1,1,1
10,17,1,3374725112,3000,0,0,0
10,17,2,3374725112,3000,1,1,1
10,17,3,3374725112,3000,1,1,1
10,17,4,3374725112,3000,1,1,1
10,17,5,3374725112,3000,1,1,1
10,17,6,3374725112,3000,1,1,1
10,17,7,3374725112,3000,1,1,1
10,17,8,3374725112,3000,1,1,1
10,17,9,3374725112,3000,1,1,1
10,17,10,3374725112,3000,1,1,1
10,17,11,3374725112,3000,1,1,1
10,17,12,3374725112,3000,1,1,1
10,17,13,3374725112,3000,1,1,1
10,17,14,3374725112,3000,1,1,1
10,17,15,3374725112,3000,1,1,1
10,17,16,3374725112,3000,1,1,1
10,17,17,3374725112,3000,1,1,1
10,17,18,3374725112,3000,1,1,1
10,17,19,3374725112,3000,1,1,1
10,17,20,3374725112,3000,1,1,1
10,17,21,3374725112,3000,1,1,1
10,17,22,3374725112,3000,1,1,1
10,17,23,3374725112,3000,1,1,1
10,17,24,3374725112,3000,1,1,1
10,17,25,3374725112,3000,1,1,1
10,17,26,3374725112,3000,1,1,1
10,17,27,3374725112,3000,1,1,1
10,17,28,3374725112,3000,1,1,1
10,17,29,3374725112,3000,1,1,1
10,17,30,3374725112,3000,1,1,1
10,17,31,3374725112,3000,1,1,1
10,17,32,3374725112,3000,1,1,1
10,17,33,3374725112,3000,1,1,1
10,17,34,3374725112,3000,1,1,1
10,17,35,3374725112,3000,1,1,1
10,17,36,3374725112,3000,1,1,1
10,17,37,3374725112,3000,1,1,1
10,17,38,3374725112,3000,1,1,1
10,17,39,3374725112,3000,1,1,1
10,17,40,3374725112,3000,1,1,1
10,18,1,3374725112,3000,0,0,0
10,18,2,3374725112,3000,1,1,1
10,18,3,3374725112,3000,1,1,1
10,18,4,3374725112,3000,1,1,1
10,18,5,3374725112,3000,1,1,1
10,18,6,3374725112,3000,1,1,1
10,18,7,3374725112,3000,1,1,1
10,18,8,3374725112,3000,1,1,1
10,18,9,3374725112,3000,1,1,1
10,18,10,3374725112,3000,1,1,1
10,18,11,3374725112,3000,1,1,1
10,18,12,3374725112,3000,1,1,1
10,18,13,3374725112,3000,1,1,1
10,18,14,3374725112,3000,1,1,1
10,18,15,3374725112,3000,1,1,1
10,18,16,3374725112,3000,1,1,1
10,18,17,3374725112,3000,1,1,1
10,18,18,3374725112,3000,1,1,1
10,18,19,3374725112,3000,1,1,1
10,18,20,3374725112,3000,1,1,1
10,18,21,3374725112,3000,1,1,1
10,18,22,3374725112,3000,1,1,1
10,18,23,3374725112,3000,1,1,1
10,18,24,3374725112,3000,1,1,1
10,18,25,3374725112,3000,1,1,1
10,18,26,3374725112,3000,1,1,1
10,18,27,3374725112,3000,1,1,1
10,18,28,3374725112,3000,1,1,1
10,18,29,3374725112,3000,1,1,1
10,18,30,3374725112,3000,1,1,1
10,18,31,3374725112,3000,1,1,1
10,18,32,3374725112,3000,1,1,1
10,18,33,3374725112,3000,1,1,1
10,18,34,3374725112,3000,1,1,1
10,18,35,3374725112,3000,1,1,1
10,18,36,3374725112,3000,1,1,1
10,18,37,3374725112,3000,1,1,1
10,18,38,3374725112,3000,1,1,1
10,18,39,3374725112,3000,1,1,1
10,18,40,3374725112,3000,1,1,1
10,19,1,3374725112,3000,0,0,0
10,19,2,3374725112,3000,1,1,1
10,19,3,3374725112,3000,1,1,1
10,19,4,3374725112,3000,1,1,1
10,19,5,3374725112,3000,1,1,1
10,19,6,3374725112,3000,1,1,1
10,19,7,3374725112,3000,1,1,1
10,19,8,3374725112,3000,1,1,1
10,19,9,3374725112,3000,1,1,1
10,19,10,3374725112,3000,1,1,1
10,19,11,3374725112,3000,1,1,1
10,19,12,3374725112,3000,1,1,1
10,19,13,3374725112,3000,1,1,1
10,19,14,3374725112,3000,1,1,1
10,19,15,3374725112,3000,1,1,1
10,19,16,3374725112,3000,1,1,1
10,19,17,3374725112,3000,1,1,1
10,19,18,3374725112,3000,1,1,1
10,19,19,3374725112,3000,1,1,1
10,19,20,3374725112,3000,2,2,2
10,19,21,3374725112,3000,2,2,2
10,19,22,3374725112,3000,2,2,2
10,19,23,3374725112,3000,2,2,2
10,19,24,3374725112,3000,2,2,2
10,19,25,3374725112,3000,2,2,2
10,19,26,3374725112,3000,2,2,2
10,19,27,3374725112,3000,2,2,2
10,19,28,3374725112,3000,2,2,2
10,19,29,3374725112,3000,2,2,2
10,19,30,3374725112,3000,2,2,2
10,19,31,3374725112,3000,2,2,2
10,19,32,3374725112,3000,2,2,2
10,19,33,3374725112,3000,2,2,2
10,19,34,3374725112,3000,2,2,2
10,19,35,3374725112,3000,2,2,2
10,19,36,3374725112,3000,2,2,2
10,19,37,3374725112,3000,2,2,2
10,19,38,3374725112,3000,2,2,2
10,19,39,3374725112,3000,2,2,2
10,19,40,3374725112,3000,2,2,2
10,20,1,3374725112,3000,0,0,0
10,20,2,3374725112,3000,1,1,1
10,20,3,3374725112,3000,1,1,1
10,20,4,3374725112,3000,1,1,1
10,20,5,3374725112,3000,1,1,1
10,20,6,3374725112,3000,1,1,1
10,20,7,3374725112,3000,1,1,1
10,20,8,3374725112,3000,1,1,1
10,20,9,3374725112,3000,1,1,1
10,20,10,3374725112,3000,1,1,1
10,20,11,3374725112,3000,1,1,1
10,20,12,3374725112,3000,1,1,1
10,20,13,3374725112,3000,1,1,1
10,20,14,3374725112,3000,1,1,1
10,20,15,3374725112,3000,1,1,1
10,20,16,3374725112,3000,1,1,1
10,20,17,3374725112,3000,1,1,1
10,20,18,3374725112,3000,1,1,1
10,20,19,3374725112,3000,1,1,1
10,20,20,3374725112,3000,2,2,2
10,20,21,3374725112,3000,2,2,2
10,20,22,3374725112,3000,2,2,2
10,20,23,3374725112,3000,2,2,2
10,20,24,3374725112,3000,2,2,2
10,20,25,3374725112,3000,2,2,2
10,20,26,3374725112,3000,2,2,2
10,20,27,3374725112,3000,2,2,2
10,20,28,3374725112,3000,2,2,2
10,20,29,3374725112,3000,2,2,2
10,20,30,3374725112,3000,2,2,2
10,20,31,3374725112,3000,2,2,2
10,20,32,3374725112,3000,2,2,2
10,20,33,3374725112,3000,2,2,2
10,20,34,3374725112,3000,2,2,2
10,20,35,3374725112,3000,2,2,2
10,20,36,3374725112,3000,2,2,2
10,20,37,3374725112,3000,2,2,2
10,20,38,3374725112,3000,2,2,2
10,20,39,3374725112,3000,2,2,2
10,20,40,3374725112,3000,2,2,2
10,21,1,3374725112,3000,0,0,0
10,21,2,3374725112,3000,1,1,1
10,21,3,3374725112,3000,1,1,1
10,21,4,3374725112,3000,1,1,1
10,21,5,3374725112,3000,1,1,1
10,21,6,3374725112,3000,1,1,1
10,21,7,3374725112,3000,1,1,1
10,21,8,3374725112,3000,1,1,1
10,21,9,3374725112,3000,1,1,1
10,21,10,3374725112,3000,1,1,1
10,21,11,3374725112,3000,1,1,1
10,21,12,3374725112,3000,1,1,1
10,21,13,3374725112,3000,1,1,1
10,21,14,3374725112,3000,1,1,1
10,21,15,3374725112,3000,1,1,1
10,21,16,3374725112,3000,1,1,1
10,21,17,3374725112,3000,1,1,1
10,21,18,3374725112,3000,1,1,1
10,21,19,3374725112,3000,1,1,1
10,21,20,3374725112,3000,1,1,1
10,21,21,3374725112,3000,1,1,1
10,21,22,3374725112,3000,2,2,2
10,21,23,3374725112,3000,2,2,2
10,21,24,3374725112,3000,2,2,2
10,21,25,3374725112,3000,2,2,2
10,21,26,3374725112,3000,2,2,2
10,21,27,3374725112,3000,2,2,2
10,21,28,3374725112,3000,2,2,2
10,21,29,3374725112,3000,2,2,2
10,21,30,3374725112,3000,2,2,2
10,21,31,3374725112,3000,2,2,2
10,21,32,3374725112,3000,2,2,2
10,21,33,3374725112,3000,2,2,2
10,21,34,3374725112,3000,2,2,2
10,21,35,3374725112,3000,2,2,2
10,21,36,3374725112,3000,2,2,2
10,21,37,3374725112,3000,2,2,2
10,21,38,3374725112,3000,2,2,2
10,21,39,3374725112,3000,2,2,2
10,21,40,3374725112,3000,2,2,2
10,22,1,3374725112,3000,0,0,0
10,22,2,3374725112,3000,1,1,1
10,22,3,3374725112,3000,1,1,1
10,22,4,3374725112,3000,1,1,1
10,22,5,3374725112,3000,1,1,1
10,22,6,3374725112,3000,1,1,1
10,22,7,3374725112,3000,1,1,1
10,22,8,3374725112,3000,1,1,1
10,22,9,3374725112,3000,1,1,1
10,22,10,3374725112,3000,1,1,1
10,22,11,3374725112,3000,1,1,1
10,22,12,3374725112,3000,1,1,1
10,22,13,3374725112,3000,1,1,1
10,22,14,3374725112,3000,1,1,1
10,22,15,3374725112,3000,1,1,1
10,22,16,3374725112,3000,1,1,1
10,22,17,3374725112,3000,1,1,1
10,22,18,3374725112,3000,1,1,1
10,22,19,3374725112,3000,1,1,1
10,22,20,3374725112,3000,1,1,1
10,22,21,3374725112,3000,1,1,1
10,22,22,3374725112,3000,2,2,2
10,22,23,3374725112,3000,2,2,2
10,22,24,3374725112,3000,2,2,2
10,22,25,3374725112,3000,2,2,2
10,22,26,3374725112,3000,2,2,2
10,22,27,3374725112,3000,2,2,2
10,22,28,3374725112,3000,2,2,2
10,22,29,3374725112,3000,2,2,2
10,22,30,3374725112,3000,2,2,2
10,22,31,3374725112,3000,2,2,2
10,22,32,3374725112,3000,2,2,2
10,22,33,3374725112,3000,2,2,2
10,22,34,3374725112,3000,2,2,2
10,22,35,3374725112,3000,2,2,2
10,22,36,3374725112,3000,2,2,2
10,22,37,3374725112,3000,2,2,2
10,22,38,3374725112,3000,2,2,2
10,22,39,3374725112,3000,2,2,2
10,22,40,3374725112,3000,2,2,2
10,23,1,3374725112,3000,0,0,0
10,23,2,3374725112,3000,1,1,1
10,23,3,3374725112,3000,1,1,1
10,23,4,3374725112,3000,1,1,1
10,23,5,3374725112,3000,1,1,1
10,23,6,3374725112,3000,1,1,1
10,23,7,3374725112,3000,1,1,1
10,23,8,3374725112,3000,1,1,1
10,23,9,3374725112,3000,1,1,1
10,23,10,3374725112,3000,1,1,1
10,23,11,3374725112,3000,1,1,1
10,23,12,3374725112,3000,1,1,1
10,23,13,3374725112,3000,1,1,1
10,23,14,3374725112,3000,1,1,1
10,23,15,3374725112,3000,1,1,1
10,23,16,3374725112,3000,1,1,1
10,23,17,3374725112,3000,1,1,1
10,23,18,3374725112,3000,1,1,1
10,23,19,3374725112,3000,1,1,1
10,23,20,3374725112,3000,1,1,1
10,23,21,3374725112,3000,1,1,1
10,23,22,3374725112,3000,1,1,1
10,23,23,3374725112,3000,1,1,1
10,23,24,3374725112,3000,2,2,2
10,23,25,3374725112,3000,2,2,2
10,23,26,3374725112,3000,2,2,2
10,23,27,3374725112,3000,2,2,2
10,23,28,3374725112,3000,2,2,2
10,23,29,3374725112,3000,2,2,2
10,23,30,3374725112,3000,2,2,2
10,23,31,3374725112,3000,2,2,2
10,23,32,3374725112,3000,2,2,2
10,23,33,3374725112,3000,2,2,2
10,23,34,3374725112,3000,2,2,2
10,23,35,3374725112,3000,2,2,2
10,23,36,3374725112,3000,2,2,2
10,23,37,3374725112,3000,2,2,2
10,23,38,3374725112,3000,2,2,2
10,23,39,3374725112,3000,2,2,2
10,23,40,3374725112,3000,2,2,2
10,24,1,3374725112,3000,0,0,0
10,24,2,3374725112,3000,1,1,1
10,24,3,3374725112,3000,1,1,1
10,24,4,3374725112,3000,1,1,1
10,24,5,3374725112,3000,1,1,1
10,24,6,3374725112,3000,1,1,1
10,24,7,3374725112,3000,1,1,1
10,24,8,3374725112,3000,1,1,1
10,24,9,3374725112,3000,1,1,1
10,24,10,3374725112,3000,1,1,1
10,24,11,3374725112,3000,1,1,1
10,24,12,3374725112,3000,1,1,1
10,24,13,3374725112,3000,1,1,1
10,24,14,3374725112,3000,1,1,1
10,24,15,3374725112,3000,1,1,1
10,24,16,3374725112,3000,1,1,1
10,24,17,3374725112,3000,1,1,1
10,24,18,3374725112,3000,1,1,1
10,24,19,3374725112,3000,1,1,1
10,24,20,3374725112,3000,1,1,1
10,24,21,3374725112,3000,1,1,1
10,24,22,3374725112,3000,1,1,1
10,24,23,3374725112,3000,1,1,1
10,24,24,3374725112,3000,2,2,2
10,24,25,3374725112,3000,2,2,2
10,24,26,3374725112,3000,2,2,2
10,24,27,3374725112,3000,2,2,2
10,24,28,3374725112,3000,2,2,2
10,24,29,3374725112,3000,2,2,2
10,24,30,3374725112,3000,2,2,2
10,24,31,3374725112,3000,2,2,2
10,24,32,3374725112,3000,2,2,2
10,24,33,3374725112,3000,2,2,2
10,24,34,3374725112,3000,2,2,2
10,24,35,3374725112,3000,2,2,2
10,24,36,3374725112,3000,2,2,2
10,24,37,3374725112,3000,2,2,2
10,24,38,3374725112,3000,2,2,2
10,24,39,3374725112,3000,2,2,2
10,24,40,3374725112,3000,2,2,2
10,25,1,3374725112,3000,0,0,0
10,25,2,3374725112,3000,1,1,1
10,25,3,3374725112,3000,1,1,1
10,25,4,3374725112,3000,1,1,1
10,25,5,3374725112,3000,1,1,1
10,25,6,3374725112,3000,1,1,1
10,25,7,3374725112,3000,1,1,1
10,25,8,3374725112,3000,1,1,1
10,25,9,3374725112,3000,1,1,1
10,25,10,3374725112,3000,1,1,1
10,25,11,3374725112,3000,1,1,1
10,25,12,3374725112,3000,1,1,1
10,25,13,3374725112,3000,1,1,1
10,25,14,3374725112,3000,1,1,1
10,25,15,3374725112,3000,1,1,1
10,25,16,3374725112,3000,1,1,1
10,25,17,3374725112,3000,1,1,1
10,25,18,3374725112,3000,1,1,1
10,25,19,3374725112,3000,1,1,1
10,25,20,3374725112,3000,1,1,1
10,25,21,3374725112,3000,1,1,1
10,25,22,3374725112,3000,1,1,1
10,25,23,3374725112,3000,1,1,1
10,25,24,3374725112,3000,1,1,1
10,25,25,3374725112,3000,1,1,1
10,25,26,3374725112,3000,2,2,2
10,25,27,3374725112,3000,2,2,2
10,25,28,3374725112,3000,2,2,2
10,25,29,3374725112,3000,2,2,2
10,25,30,3374725112,3000,2,2,2
10,25,31,3374725112,3000,2,2,2
10,25,32,3374725112,3000,2,2,2
10,25,33,3374725112,3000,2,2,2
10,25,34,3374725112,3000,2,2,2
10,25,35,3374725112,3000,2,2,2
10,25,36,3374725112,3000,2,2,2
10,25,37,3374725112,3000,2,2,2
10,25,38,3374725112,3000,2,2,2
10,25,39,3374725112,3000,2,2,2
10,25,40,3374725112,3000,2,2,2
10,26,1,3374725112,3000,0,0,0
10,26,2,3374725112,3000,1,1,1
10,26,3,3374725112,3000,1,1,1
10,26,4,3374725112,3000,1,1,1
10,26,5,3374725112,3000,1,1,1
10,26,6,3374725112,3000,1,1,1
10,26,7,3374725112,3000,1,1,1
10,26,8,3374725112,3000,1,1,1
10,26,9,3374725112,3000,1,1,1
10,26,10,3374725112,3000,1,1,1
10,26,11,3374725112,3000,1,1,1
10,26,12,3374725112,3000,1,1,1
10,26,13,3374725112,3000,1,1,1
10,26,14,3374725112,3000,1,1,1
10,26,15,3374725112,3000,1,1,1
10,26,16,3374725112,3000,1,1,1
10,26,17,3374725112,3000,1,1,1
10,26,18,3374725112,3000,1,1,1
10,26,19,3374725112,3000,1,1,1
10,26,20,3374725112,3000,1,1,1
10,26,21,3374725112,3000,1,1,1
10,26,22,3374725112,3000,1,1,1
10,26,23,3374725112,3000,1,1,1
10,26,24,3374725112,3000,1,1,1
10,26,25,3374725112,3000,1,1,1
10,26,26,3374725112,3000,2,2,2
10,26,27,3374725112,3000,2,2,2
10,26,28,3374725112,3000,2,2,2
10,26,29,3374725112,3000,2,2,2
10,26,30,3374725112,3000,2,2,2
10,26,31,3374725112,3000,2,2,2
10,26,32,3374725112,3000,2,2,2
10,26,33,3374725112,3000,2,2,2
10,26,34,3374725112,3000,2,2,2
10,26,35,3374725112,3000,2,2,2
10,26,36,3374725112,3000,2,2,2
10,26,37,3374725112,3000,2,2,2
10,26,38,3374725112,3000,2,2,2
10,26,39,3374725112,3000,2,2,2
10,26,40,3374725112,3000,2,2,2
10,27,1,3374725112,3000,0,0,0
10,27,2,3374725112,3000,1,1,1
10,27,3,3374725112,3000,1,1,1
10,27,4,3374725112,3000,1,1,1
10,27,5,3374725112,3000,1,1,1
10,27,6,3374725112,3000,1,1,1
10,27,7,3374725112,3000,1,1,1
10,27,8,3374725112,3000,1,1,1
10,27,9,3374725112,3000,1,1,1
10,27,10,3374725112,3000,1,1,1
10,27,11,3374725112,3000,1,1,1
10,27,12,3374725112,3000,1,1,1
10,27,13,3374725112,3000,1,1,1
10,27,14,3374725112,3000,1,1,1
10,27,15,3374725112,3000,1,1,1
10,27,16,3374725112,3000,1,1,1
10,27,17,3374725112,3000,1,1,1
10,27,18,3374725112,3000,1,1,1
10,27,19,3374725112,3000,1,1,1
10,27,20,3374725112,3000,1,1,1
10,27,21,3374725112,3000,1,1,1
10,27,22,3374725112,3000,1,1,1
10,27,23,3374725112,3000,1,1,1
10,27,24,3374725112,3000,1,1,1
10,27,25,3374725112,3000,1,1,1
10,27,26,3374725112,3000,1,1,1
10,27,27,3374725112,3000,1,1,1
10,27,28,3374725112,3000,2,2,2
10,27,29,3374725112,3000,2,2,2
10,27,30,3374725112,3000,2,2,2
10,27,31,3374725112,3000,2,2,2
10,27,32,3374725112,3000,2,2,2
10,27,33,3374725112,3000,2,2,2
10,27,34,3374725112,3000,2,2,2
10,27,35,3374725112,3000,2,2,2
10,27,36,3374725112,3000,2,2,2
10,27,37,3374725112,3000,2,2,2
10,27,38,3374725112,3000,2,2,2
10,27,39,3374725112,3000,2,2,2
10,27,40,3374725112,3000,2,2,2
10,28,1,3374725112,3000,0,0,0
10,28,2,3374725112,3000,1,1,1
10,28,3,3374725112,3000,1,1,1
10,28,4,3374725112,3000,1,1,1
10,28,5,3374725112,3000,1,1,1
10,28,6,3374725112,3000,1,1,1
10,28,7,3374725112,3000,1,1,1
10,28,8,3374725112,3000,1,1,1
10,28,9,3374725112,3000,1,1,1
10,28,10,3374725112,3000,1,1,1
10,28,11,3374725112,3000,1,1,1
10,28,12,3374725112,3000,1,1,1
10,28,13,3374725112,3000,1,1,1
10,28,14,3374725112,3000,1,1,1
10,28,15,3374725112,3000,1,1,1
10,28,16,3374725112,3000,1,1,1
10,28,17,3374725112,3000,1,1,1
10,28,18,3374725112,3000,1,1,1
10,28,19,3374725112,3000,1,1,1
10,28,20,3374725112,3000,1,1,1
10,28,21,3374725112,3000,1,1,1
10,28,22,3374725112,3000,1,1,1
10,28,23,3374725112,3000,1,1,1
10,28,24,3374725112,3000,1,1,1
10,28,25,3374725112,3000,1,1,1
10,28,26,3374725112,3000,1,1,1
10,28,27,3374725112,3000,1,1,1
10,28,28,3374725112,3000,2,2,2
10,28,29,3374725112,3000,2,2,2
10,28,30,3374725112,3000,2,2,2
10,28,31,3374725112,3000,2,2,2
10,28,32,3374725112,3000,2,2,2
10,28,33,3374725112,3000,2,2,2
10,28,34,3374725112,3000,2,2,2
10,28,35,3374725112,3000,2,2,2
10,28,36,3374725112,3000,2,2,2
10,28,37,3374725112,3000,2,2,2
10,28,38,3374725112,3000,2,2,2
10,28,39,3374725112,3000,2,2,2
10,28,40,3374725112,3000,2,2,2
10,29,1,3374725112,3000,0,0,0
10,29,2,3374725112,3000,1,1,1
10,29,3,3374725112,3000,1,1,1
10,29,4,3374725112,3000,1,1,1
10,29,5,3374725112,3000,1,1,1
10,29,6,3374725112,3000,1,1,1
10,29,7,3374725112,3000,1,1,1
10,29,8,3374725112,3000,1,1,1
10,29,9,3374725112,3000,1,1,1
10,29,10,3374725112,3000,1,1,1
10,29,11,3374725112,3000,1,1,1
10,29,12,3374725112,3000,1,1,1
10,29,13,3374725112,3000,1,1,1
10,29,14,3374725112,3000,1,1,1
10,29,15,3374725112,3000,1,1,1
10,29,16,3374725112,3000,1,1,1
10,29,17,3374725112,3000,1,1,1
10,29,18,3374725112,3000,1,1,1
10,29,19,3374725112,3000,1,1,1
10,29,20,3374725112,3000,1,1,1
10,29,21,3374725112,3000,1,1,1
10,29,22,3374725112,3000,1,1,1
10,29,23,3374725112,3000,1,1,1
10,29,24,3374725112,3000,1,1,1
10,29,25,3374725112,3000,1,1,1
10,29,26,3374725112,3000,1,1,1
10,29,27,3374725112,3000,1,1,1
10,29,28,3374725112,3000,1,1,1
10,29,29,3374725112,3000,1,1,1
10,29,30,3374725112,3000,2,2,2
10,29,31,3374725112,3000,2,2,2
10,29,32,3374725112,3000,2,2,2
10,29,33,3374725112,3000,2,2,2
10,29,34,3374725112,3000,2,2,2
10,29,35,3374725112,3000,2,2,2
10,29,36,3374725112,3000,2,2,2
10,29,37,3374725112,3000,2,2,2
10,29,38,3374725112,3000,2,2,2
10,29,39,3374725112,3000,2,2,2
10,29,40,3374725112,3000,2,2,2
10,30,1,3374725112,3000,0,0,0
10,30,2,3374725112,3000,1,1,1
10,30,3,3374725112,3000,1,1,1
10,30,4,3374725112,3000,1,1,1
10,30,5,3374725112,3000,1,1,1
10,30,6,3374725112,3000,1,1,1
10,30,7,3374725112,3000,1,1,1
10,30,8,3374725112,3000,1,1,1
10,30,9,3374725112,3000,1,1,1
10,30,10,3374725112,3000,1,1,1
10,30,11,3374725112,3000,1,1,1
10,30,12,3374725112,3000,1,1,1
10,30,13,3374725112,3000,1,1,1
10,30,14,3374725112,3000,1,1,1
10,30,15,3374725112,3000,1,1,1
10,30,16,3374725112,3000,1,1,1
10,30,17,3374725112,3000,1,1,1
10,30,18,3374725112,3000,1,1,1
10,30,19,3374725112,3000,1,1,1
10,30,20,3374725112,3000,1,1,1
10,30,21,3374725112,3000,1,1,1
10,30,22,3374725112,3000,1,1,1
10,30,23,3374725112,3000,1,1,1
10,30,24,3374725112,3000,1,1,1
10,30,25,3374725112,3000,1,1,1
10,30,26,3374725112,3000,1,1,1
10,30,27,3374725112,3000,1,1,1
10,30,28,3374725112,3000,1,1,1
10,30,29,3374725112,3000,1,1,1
10,30,30,3374725112,3000,2,2,2
10,30,31,3374725112,3000,2,2,2
10,30,32,3374725112,3000,2,2,2
10,30,33,3374725112,3000,2,2,2
10,30,34,3374725112,3000,2,2,2
10,30,35,3374725112,3000,2,2,2
10,30,36,3374725112,3000,2,2,2
10,30,37,3374725112,3000,2,2,2
10,30,38,3374725112,3000,2,2,2
10,30,39,3374725112,3000,2,2,2
10,30,40,3374725112,3000,2,2,2
11,16,1,3374725112,3000,0,0,0
11,16,2,3374725112,3000,1,1,1
11,16,3,3374725112,3000,1,1,1
11,16,4,3374725112,3000,1,1,1
11,16,5,3374725112,3000,1,1,1
11,16,6,3374725112,3000,1,1,1
11,16,7,3374725112,3000,1,1,1
11,16,8,3374725112,3000,1,1,1
11,16,9,3374725112,3000,1,1,1
11,16,10,3374725112,3000,1,1,1
11,16,11,3374725112,3000,1,1,1
11,16,12,3374725112,3000,2,2,2
11,16,13,3374725112,3000,2,2,2
11,16,14,3374725112,3000,2,2,2
11,16,15,3374725112,3000,2,2,2
11,16,16,3374725112,3000,2,2,2
11,16,17,3374725112,3000,2,2,2
11,16,18,3374725112,3000,2,2,2
11,16,19,3374725112,3000,2,2,2
11,16,20,3374725112,3000,2,2,2
11,16,21,3374725112,3000,2,2,2
11,16,22,3374725112,3000,2,2,2
11,16,23,3374725112,3000,2,2,2
11,16,24,3374725112,3000,2,2,2
11,16,25,3374725112,3000,2,2,2
11,16,26,3374725112,3000,2,2,2
11,16,27,3374725112,3000,2,2,2
11,16,28,3374725112,3000,2,2,2
11,16,29,3374725112,3000,2,2,2
11,16,30,3374725112,3000,2,2,2
11,16,31,3374725112,3000,2,2,2
11,16,32,3374725112,3000,2,2,2
11,16,33,3374725112,3000,2,2,2
11,16,34,3374725112,3000,2,2,2
11,16,35,3374725112,3000,2,2,2
11,16,36,3374725112,3000,2,2,2
11,16,37,3374725112,3000,2,2,2
11,16,38,3374725112,3000,2,2,2
11,16,39,3374725112,3000,2,2,2
11,16,40,3374725112,3000,2,2,2
11,17,1,3374725112,3000,0,0,0
11,17,2,3374725112,3000,1,1,1
11,17,3,3374725112,3000,1,1,1
11,17,4,3374725112,3000,1,1,1
11,17,5,3374725112,3000,1,1,1
11,17,6,3374725112,3000,1,1,1
11,17,7,3374725112,3000,1,1,1
11,17,8,3374725112,3000,1,1,1
11,17,9,3374725112,3000,1,1,1
11,17,10,3374725112,3000,1,1,1
11,17,11,3374725112,3000,1,1,1
11,17,12,3374725112,3000,2,2,2
11,17,13,3374725112,3000,2,2,2
11,17,14,3374725112,3000,2,2,2
11,17,15,3374725112,3000,2,2,2
11,17,16,3374725112,3000,2,2,2
11,17,17,3374725112,3000,2,2,2
11,17,18,3374725112,3000,2,2,2
11,17,19,3374725112,3000,2,2,2
11,17,20,3374725112,3000,2,2,2
11,17,21,3374725112,3000,2,2,2
11,17,22,3374725112,3000,2,2,2
11,17,23,3374725112,3000,2,2,2
11,17,24,3374725112,3000,2,2,2
11,17,25,3374725112,3000,2,2,2
11,17,26,3374725112,3000,2,2,2
11,17,27,3374725112,3000,2,2,2
11,17,28,3374725112,3000,2,2,2
11,17,29,3374725112,3000,2,2,2
11,17,30,3374725112,3000,2,2,2
11,17,31,3374725112,3000,2,2,2
11,17,32,3374725112,3000,2,2,2
11,17,33,3374725112,3000,2,2,2
11,17,34,3374725112,3000,2,2,2
11,17,35,3374725112,3000,2,2,2
11,17,36,3374725112,3000,2,2,2
11,17,37,3374725112,3000,2,2,2
11,17,38,3374725112,3000,2,2,2
11,17,39,3374725112,3000,2,2,2
11,17,40,3374725112,3000,2,2,2
11,18,1,3374725112,3000,0,0,0
11,18,2,3374725112,3000,1,1,1
11,18,3,3374725112,3000,1,1,1
11,18,4,3374725112,3000,1,1,1
11,18,5,3374725112,3000,1,1,1
11,18,6,3374725112,3000,1,1,1
11,18,7,3374725112,3000,1,1,1
11,18,8,3374725112,3000,1,1,1
11,18,9,3374725112,3000,1,1,1
11,18,10,3374725112,3000,1,1,1
11,18,11,3374725112,3000,1,1,1
11,18,12,3374725112,3000,2,2,2
11,18,13,3374725112,3000,2,2,2
11,18,14,3374725112,3000,2,2,2
11,18,15,3374725112,3000,2,2,2
11,18,16,3374725112,3000,2,2,2
11,18,17,3374725112,3000,2,2,2
11,18,18,3374725112,3000,2,2,2
11,18,19,3374725112,3000,2,2,2
11,18,20,3374725112,3000,2,2,2
11,18,21,3374725112,3000,2,2,2
11,18,22,3374725112,3000,2,2,2
11,18,23,3374725112,3000,2,2,2
11,18,24,3374725112,3000,2,2,2
11,18,25,3374725112,3000,2,2,2
11,18,26,3374725112,3000,2,2,2
11,18,27,3374725112,3000,2,2,2
11,18,28,3374725112,3000,2,2,2
11,18,29,3374725112,3000,2,2,2
11,18,30,3374725112,3000,2,2,2
11,18,31,3374725112,3000,2,2,2
11,18,32,3374725112,3000,2,2,2
11,18,33,3374725112,3000,2,2,2
11,18,34,3374725112,3000,2,2,2
11,18,35,3374725112,3000,2,2,2
11,18,36,3374725112,3000,2,2,2
11,18,37,3374725112,3000,2,2,2
11,18,38,3374725112,3000,2,2,2
11,18,39,3374725112,3000,2,2,2
11,18,40,3374725112,3000,2,2,2
11,19,1,3374725112,3000,0,0,0
11,19,2,3374725112,3000,1,1,1
11,19,3,3374725112,3000,1,1,1
11,19,4,3374725112,3000,1,1,1
11,19,5,3374725112,3000,1,1,1
11,19,6,3374725112,3000,1,1,1
11,19,7,3374725112,3000,1,1,1
11,19,8,3374725112,3000,1,1,1
11,19,9,3374725112,3000,1,1,1
11,19,10,3374725112,3000,1,1,1
11,19,11,3374725112,3000,1,1,1
11,19,12,3374725112,3000,2,2,2
11,19,13,3374725112,3000,2,2,2
11,19,14,3374725112,3000,2,2,2
11,19,15,3374725112,3000,2,2,2
11,19,16,3374725112,3000,2,2,2
11,19,17,3374725112,3000,2,2,2
11,19,18,3374725112,3000,2,2,2
11,19,19,3374725112,3000,2,2,2
11,19,20,3374725112,3000,2,2,2
11,19,21,3374725112,3000,2,2,2
11,19,22,3374725112,3000,2,2,2
11,19,23,3374725112,3000,2,2,2
11,19,24,3374725112,3000,2,2,2
11,19,25,3374725112,3000,2,2,2
11,19,26,3374725112,3000,2,2,2
11,19,27,3374725112,3000,2,2,2
11,19,28,3374725112,3000,2,2,2
11,19,29,3374725112,3000,2,2,2
11,19,30,3374725112,3000,2,2,2
11,19,31,3374725112,3000,2,2,2
11,19,32,3374725112,3000,2,2,2
11,19,33,3374725112,3000,2,2,2
11,19,34,3374725112,3000,2,2,2
11,19,35,3374725112,3000,2,2,2
11,19,36,3374725112,3000,2,2,2
11,19,37,3374725112,3000,2,2,2
11,19,38,3374725112,3000,2,2,2
11,19,39,3374725112,3000,2,2,2
11,19,40,3374725112,3000,2,2,2
11,20,1,3374725112,3000,0,0,0
11,20,2,3374725112,3000,1,1,1
11,20,3,3374725112,3000,1,1,1
11,20,4,3374725112,3000,1,1,1
11,20,5,3374725112,3000,1,1,1
11,20,6,3374725112,3000,1,1,1
11,20,7,3374725112,3000,1,1,1
11,20,8,3374725112,3000,1,1,1
11,20,9,3374725112,3000,1,1,1
11,20,10,3374725112,3000,1,1,1
11,20,11,3374725112,3000,1,1,1
11,20,12,3374725112,3000,2,2,2
11,20,13,3374725112,3000,2,2,2
11,20,14,3374725112,3000,2,2,2
11,20,15,3374725112,3000,2,2,2
11,20,16,3374725112,3000,2,2,2
11,20,17,3374725112,3000,2,2,2
11,20,18,3374725112,3000,2,2,2
11,20,19,3374725112,3000,2,2,2
11,20,20,3374725112,3000,2,2,2
11,20,21,3374725112,3000,2,2,2
11,20,22,3374725112,3000,2,2,2
11,20,23,3374725112,3000,2,2,2
11,20,24,3374725112,3000,2,2,2
11,20,25,3374725112,3000,2,2,2
11,20,26,3374725112,3000,2,2,2
11,20,27,3374725112,3000,2,2,2
11,20,28,3374725112,3000,2,2,2
11,20,29,3374725112,3000,2,2,2
11,20,30,3374725112,3000,2,2,2
11,20,31,3374725112,3000,2,2,2
11,20,32,3374725112,3000,2,2,2
11,20,33,3374725112,3000,2,2,2
11,20,34,3374725112,3000,2,2,2
11,20,35,3374725112,3000,2,2,2
11,20,36,3374725112,3000,2,2,2
11,20,37,3374725112,3000,2,2,2
11,20,38,3374725112,3000,2,2,2
11,20,39,3374725112,3000,2,2,2
11,20,40,3374725112,3000,2,2,2
11,21,1,3374725112,3000,0,0,0
11,21,2,3374725112,3000,1,1,1
11,21,3,3374725112,3000,1,1,1
11,21,4,3374725112,3000,1,1,1
11,21,5,3374725112,3000,1,1,1
11,21,6,3374725112,3000,1,1,1
11,21,7,3374725112,3000,1,1,1
11,21,8,3374725112,3000,1,1,1
11,21,9,3374725112,3000,1,1,1
11,21,10,3374725112,3000,1,1,1
11,21,11,3374725112,3000,1,1,1
11,21,12,3374725112,3000,2,2,2
11,21,13,3374725112,3000,2,2,2
11,21,14,3374725112,3000,2,2,2
11,21,15,3374725112,3000,2,2,2
11,21,16,3374725112,3000,2,2,2
11,21,17,3374725112,3000,2,2,2
11,21,18,3374725112,3000,2,2,2
11,21,19,3374725112,3000,2,2,2
11,21,20,3374725112,3000,2,2,2
11,21,21,3374725112,3000,2,2,2
11,21,22,3374725112,3000,3,3,3
11,21,23,3374725112,3000,3,3,3
11,21,24,3374725112,3000,3,3,3
11,21,25,3374725112,3000,3,3,3
11,21,26,3374725112,3000,3,3,3
11,21,27,3374725112,3000,3,3,3
11,21,28,3374725112,3000,3,3,3
11,21,29,3374725112,3000,3,3,3
11,21,30,3374725112,3000,3,3,3
11,21,31,3374725112,3000,3,3,3
11,21,32,3374725112,3000,3,3,3
11,21,33,3374725112,3000,3,3,3
11,21,34,3374725112,3000,3,3,3
11,21,35,3374725112,3000,3,3,3
11,21,36,3374725112,3000,3,3,3
11,21,37,3374725112,3000,3,3,3
11,21,38,3374725112,3000,3,3,3
11,21,39,3374725112,3000,3,3,3
11,21,40,3374725112,3000,3,3,3
11,22,1,3374725112,3000,0,0,0
11,22,2,3374725112,3000,1,1,1
11,22,3,3374725112,3000,1,1,1
11,22,4,3374725112,3000,1,1,1
11,22,5,3374725112,3000,1,1,1
11,22,6,3374725112,3000,1,1,1
11,22,7,3374725112,3000,1,1,1
11,22,8,3374725112,3000,1,1,1
11,22,9,3374725112,3000,1,1,1
11,22,10,3374725112,3000,1,1,1
11,22,11,3374725112,3000,1,1,1
11,22,12,3374725112,3000,2,2,2
11,22,13,3374725112,3000,2,2,2
11,22,14,3374725112,3000,2,2,2
11,22,15,3374725112,3000,2,2,2
11,22,16,3374725112,3000,2,2,2
11,22,17,3374725112,3000,2,2,2
11,22,18,3374725112,3000,2,2,2
11,22,19,3374725112,3000,2,2,2
11,22,20,3374725112,3000,2,2,2
11,22,21,3374725112,3000,2,2,2
11,22,22,3374725112,3000,3,3,3
11,22,23,3374725112,3000,3,3,3
11,22,24,3374725112,3000,3,3,3
11,22,25,3374725112,3000,3,3,3
11,22,26,3374725112,3000,3,3,3
11,22,27,3374725112,3000,3,3,3
11,22,28,3374725112,3000,3,3,3
11,22,29,3374725112,3000,3,3,3
11,22,30,3374725112,3000,3,3,3
11,22,31,3374725112,3000,3,3,3
11,22,32,3374725112,3000,3,3,3
11,22,33,3374725112,3000,3,3,3
11,22,34,3374725112,3000,3,3,3
11,22,35,3374725112,3000,3,3,3
11,22,36,3374725112,3000,3,3,3
11,22,37,3374725112,3000,3,3,3
11,22,38,3374725112,3000,3,3,3
11,22,39,3374725112,3000,3,3,3
11,22,40,3374725112,3000,3,3,3
11,23,1,3374725112,3000,0,0,0
11,23,2,3374725112,3000,1,1,1
11,23,3,3374725112,3000,1,1,1
11,23,4,3374725112,3000,1,1,1
11,23,5,3374725112,3000,1,1,1
11,23,6,3374725112,3000,1,1,1
11,23,7,3374725112,3000,1,1,1
11,23,8,3374725112,3000,1,1,1
11,23,9,3374725112,3000,1,1,1
11,23,10,3374725112,3000,1,1,1
11,23,11,3374725112,3000,1,1,1
11,23,12,3374725112,3000,2,2,2
11,23,13,3374725112,3000,2,2,2
11,23,14,3374725112,3000,2,2,2
11,23,15,3374725112,3000,2,2,2
11,23,16,3374725112,3000,2,2,2
11,23,17,3374725112,3000,2,2,2
11,23,18,3374725112,3000,2,2,2
11,23,19,3374725112,3000,2,2,2
11,23,20,3374725112,3000,2,2,2
11,23,21,3374725112,3000,2,2,2
11,23,22,3374725112,3000,2,2,2
11,23,23,3374725112,3000,2,2,2
11,23,24,3374725112,3000,3,3,3
11,23,25,3374725112,3000,3,3,3
11,23,26,3374725112,3000,3,3,3
11,23,27,3374725112,3000,3,3,3
11,23,28,3374725112,3000,3,3,3
11,23,29,3374725112,3000,3,3,3
11,23,30,3374725112,3000,3,3,3
11,23,31,3374725112,3000,3,3,3
11,23,32,3374725112,3000,3,3,3
11,23,33,3374725112,3000,3,3,3
11,23,34,3374725112,3000,3,3,3
11,23,35,3374725112,3000,3,3,3
11,23,36,3374725112,3000,3,3,3
11,23,37,3374725112,3000,3,3,3
11,23,38,3374725112,3000,3,3,3
11,23,39,3374725112,3000,3,3,3
11,23,40,3374725112,3000,3,3,3
11,24,1,3374725112,3000,0,0,0
11,24,2,3374725112,3000,1,1,1
11,24,3,3374725112,3000,1,1,1
11,24,4,3374725112,3000,1,1,1
11,24,5,3374725112,3000,1,1,1
11,24,6,3374725112,3000,1,1,1
11,24,7,3374725112,3000,1,1,1
11,24,8,3374725112,3000,1,1,1
11,24,9,3374725112,3000,1,1,1
11,24,10,3374725112,3000,1,1,1
11,24,11,3374725112,3000,1,1,1
11,24,12,3374725112,3000,2,2,2
11,24,13,3374725112,3000,2,2,2
11,24,14,3374725112,3000,2,2,2
11,24,15,3374725112,3000,2,2,2
11,24,16,3374725112,3000,2,2,2
11,24,17,3374725112,3000,2,2,2
11,24,18,3374725112,3000,2,2,2
11,24,19,3374725112,3000,2,2,2
11,24,20,3374725112,3000,2,2,2
11,24,21,3374725112,3000,2,2,2
11,24,22,3374725112,3000,2,2,2
11,24,23,3374725112,3000,2,2,2
11,24,24,3374725112,3000,3,3,3
11,24,25,3374725112,3000,3,3,3
11,24,26,3374725112,3000,3,3,3
11,24,27,3374725112,3000,3,3,3
11,24,28,3374725112,3000,3,3,3
11,24,29,3374725112,3000,3,3,3
11,24,30,3374725112,3000,3,3,3
11,24,31,3374725112,3000,3,3,3
11,24,32,3374725112,3000,3,3,3
11,24,33,3374725112,3000,3,3,3
11,24,34,3374725112,3000,3,3,3
11,24,35,3374725112,3000,3,3,3
11,24,36,3374725112,3000,3,3,3
11,24,37,3374725112,3000,3,3,3
11,24,38,3374725112,3000,3,3,3
11,24,39,3374725112,3000,3,3,3
11,24,40,3374725112,3000,3,3,3
11,25,1,3374725112,3000,0,0,0
11,25,2,3374725112,3000,1,1,1
11,25,3,3374725112,3000,1,1,1
11,25,4,3374725112,3000,1,1,1
11,25,5,3374725112,3000,1,1,1
11,25,6,3374725112,3000,1,1,1
11,25,7,3374725112,3000,1,1,1
11,25,8,3374725112,3000,1,1,1
11,25,9,3374725112,3000,1,1,1
11,25,10,3374725112,3000,1,1,1
11,25,11,3374725112,3000,1,1,1
11,25,12,3374725112,3000,2,2,2
11,25,13,3374725112,3000,2,2,2
11,25,14,3374725112,3000,2,2,2
11,25,15,3374725112,3000,2,2,2
11,25,16,3374725112,3000,2,2,2
11,25,17,3374725112,3000,2,2,2
11,25,18,3374725112,3000,2,2,2
11,25,19,3374725112,3000,2,2,2
11,25,20,3374725112,3000,2,2,2
11,25,21,3374725112,3000,2,2,2
11,25,22,3374725112,3000,2,2,2
11,25,23,3374725112,3000,2,2,2
11,25,24,3374725112,3000,2,2,2
11,25,25,3374725112,3000,2,2,2
11,25,26,3374725112,3000,3,3,3
11,25,27,3374725112,3000,3,3,3
11,25,28,3374725112,3000,3,3,3
11,25,29,3374725112,3000,3,3,3
11,25,30,3374725112,3000,3,3,3
11,25,31,3374725112,3000,3,3,3
11,25,32,3374725112,3000,3,3,3
11,25,33,3374725112,3000,3,3,3
11,25,34,3374725112,3000,3,3,3
11,25,35,3374725112,3000,3,3,3
11,25,36,3374725112,3000,3,3,3
11,25,37,3374725112,3000,3,3,3
11,25,38,3374725112,3000,3,3,3
11,25,39,3374725112,3000,3,3,3
11,25,40,3374725112,3000,3,3,3
11,26,1,3374725112,3000,0,0,0
11,26,2,3374725112,3000,1,1,1
11,26,3,3374725112,3000,1,1,1
11,26,4,3374725112,3000,1,1,1
11,26,5,3374725112,3000,1,1,1
11,26,6,3374725112,3000,1,1,1
11,26,7,3374725112,3000,1,1,1
11,26,8,3374725112,3000,1,1,1
11,26,9,3374725112,3000,1,1,1
11,26,10,3374725112,3000,1,1,1
11,26,11,3374725112,3000,1,1,1
11,26,12,3374725112,3000,2,2,2
11,26,13,3374725112,3000,2,2,2
11,26,14,3374725112,3000,2,2,2
11,26,15,3374725112,3000,2,2,2
11,26,16,3374725112,3000,2,2,2
11,26,17,3374725112,3000,2,2,2
11,26,18,3374725112,3000,2,2,2
11,26,19,3374725112,3000,2,2,2
11,26,20,3374725112,3000,2,2,2
11,26,21,3374725112,3000,2,2,2
11,26,22,3374725112,3000,2,2,2
11,26,23,3374725112,3000,2,2,2
11,26,24,3374725112,3000,2,2,2
11,26,25,3374725112,3000,2,2,2
11,26,26,3374725112,3000,3,3,3
11,26,27,3374725112,3000,3,3,3
11,26,28,3374725112,3000,3,3,3
11,26,29,3374725112,3000,3,3,3
11,26,30,3374725112,3000,3,3,3
11,26,31,3374725112,3000,3,3,3
11,26,32,3374725112,3000,3,3,3
11,26,33,3374725112,3000,3,3,3
11,26,34,3374725112,3000,3,3,3
11,26,35,3374725112,3000,3,3,3
11,26,36,3374725112,3000,3,3,3
11,26,37,3374725112,3000,3,3,3
11,26,38,3374725112,3000,3,3,3
11,26,39,3374725112,3000,3,3,3
11,26,40,3374725112,3000,3,3,3
11,27,1,3374725112,3000,0,0,0
11,27,2,3374725112,3000,1,1,1
11,27,3,3374725112,3000,1,1,1
11,27,4,3374725112,3000,1,1,1
11,27,5,3374725112,3000,1,1,1
11,27,6,3374725112,3000,1,1,1
11,27,7,3374725112,3000,1,1,1
11,27,8,3374725112,3000,1,1,1
11,27,9,3374725112,3000,1,1,1
11,27,10,3374725112,3000,1,1,1
11,27,11,3374725112,3000,1,1,1
11,27,12,3374725112,3000,2,2,2
11,27,13,3374725112,3000,2,2,2
11,27,14,3374725112,3000,2,2,2
11,27,15,3374725112,3000,2,2,2
11,27,16,3374725112,3000,2,2,2
11,27,17,3374725112,3000,2,2,2
11,27,18,3374725112,3000,2,2,2
11,27,19,3374725112,3000,2,2,2
11,27,20,3374725112,3000,2,2,2
11,27,21,3374725112,3000,2,2,2
11,27,22,3374725112,3000,2,2,2
11,27,23,3374725112,3000,2,2,2
11,27,24,3374725112,3000,2,2,2
11,27,25,3374725112,3000,2,2,2
11,27,26,3374725112,3000,2,2,2
11,27,27,3374725112,3000,2,2,2
11,27,28,3374725112,3000,3,3,3
11,27,29,3374725112,3000,3,3,3
11,27,30,3374725112,3000,3,3,3
11,27,31,3374725112,3000,3,3,3
11,27,32,3374725112,3000,3,3,3
11,27,33,3374725112,3000,3,3,3
11,27,34,3374725112,3000,3,3,3
11,27,35,3374725112,3000,3,3,3
11,27,36,3374725112,3000,3,3,3
11,27,37,3374725112,3000,3,3,3
11,27,38,3374725112,3000,3,3,3
11,27,39,3374725112,3000,3,3,3
11,27,40,3374725112,3000,3,3,3
11,28,1,3374725112,3000,0,0,0
11,28,2,3374725112,3000,1,1,1
11,28,3,3374725112,3000,1,1,1
11,28,4,3374725112,3000,1,1,1
11,28,5,3374725112,3000,1,1,1
11,28,6,3374725112,3000,1,1,1
11,28,7,3374725112,3000,1,1,1
11,28,8,3374725112,3000,1,1,1
11,28,9,3374725112,3000,1,1,1
11,28,10,3374725112,3000,1,1,1
11,28,11,3374725112,3000,1,1,1
11,28,12,3374725112,3000,2,2,2
11,28,13,3374725112,3000,2,2,2
11,28,14,3374725112,3000,2,2,2
11,28,15,3374725112,3000,2,2,2
11,28,16,3374725112,3000,2,2,2
11,28,17,3374725112,3000,2,2,2
11,28,18,3374725112,3000,2,2,2
11,28,19,3374725112,3000,2,2,2
11,28,20,3374725112,3000,2,2,2
11,28,21,3374725112,3000,2,2,2
11,28,22,3374725112,3000,2,2,2
11,28,23,3374725112,3000,2,2,2
11,28,24,3374725112,3000,2,2,2
11,28,25,3374725112,3000,2,2,2
11,28,26,3374725112,3000,2,2,2
11,28,27,3374725112,3000,2,2,2
11,28,28,3374725112,3000,3,3,3
11,28,29,3374725112,3000,3,3,3
11,28,30,3374725112,3000,3,3,3
11,28,31,3374725112,3000,3,3,3
11,28,32,3374725112,3000,3,3,3
11,28,33,3374725112,3000,3,3,3
11,28,34,3374725112,3000,3,3,3
11,28,35,3374725112,3000,3,3,3
11,28,36,3374725112,3000,3,3,3
11,28,37,3374725112,3000,3,3,3
11,28,38,3374725112,3000,3,3,3
11,28,39,3374725112,3000,3,3,3
11,28,40,3374725112,3000,3,3,3
11,29,1,3374725112,3000,0,0,0
11,29,2,3374725112,3000,1,1,1
11,29,3,3374725112,3000,1,1,1
11,29,4,3374725112,3000,1,1,1
11,29,5,3374725112,3000,1,1,1
11,29,6,3374725112,3000,1,1,1
11,29,7,3374725112,3000,1,1,1
11,29,8,3374725112,3000,1,1,1
11,29,9,3374725112,3000,1,1,1
11,29,10,3374725112,3000,1,1,1
11,29,11,3374725112,3000,1,1,1
11,29,12,3374725112,3000,2,2,2
11,29,13,3374725112,3000,2,2,2
11,29,14,3374725112,3000,2,2,2
11,29,15,3374725112,3000,2,2,2
11,29,16,3374725112,3000,2,2,2
11,29,17,3374725112,3000,2,2,2
11,29,18,3374725112,3000,2,2,2
11,29,19,3374725112,3000,2,2,2
11,29,20,3374725112,3000,2,2,2
11,29,21,3374725112,3000,2,2,2
11,29,22,3374725112,3000,2,2,2
11,29,23,3374725112,3000,2,2,2
11,29,24,3374725112,3000,2,2,2
11,29,25,3374725112,3000,2,2,2
11,29,26,3374725112,3000,2,2,2
11,29,27,3374725112,3000,2,2,2
11,29,28,3374725112,3000,2,2,2
11,29,29,3374725112,3000,2,2,2
11,29,30,3374725112,3000,3,3,3
11,29,31,3374725112,3000,3,3,3
11,29,32,3374725112,3000,3,3,3
11,29,33,3374725112,3000,3,3,3
11,29,34,3374725112,3000,3,3,3
11,29,35,3374725112,3000,3,3,3
11,29,36,3374725112,3000,3,3,3
11,29,37,3374725112,3000,3,3,3
11,29,38,3374725112,3000,3,3,3
11,29,39,3374725112,3000,3,3,3
11,29,40,3374725112,3000,3,3,3
11,30,1,3374725112,3000,0,0,0
11,30,2,3374725112,3000,1,1,1
11,30,3,3374725112,3000,1,1,1
11,30,4,3374725112,3000,1,1,1
11,30,5,3374725112,3000,1,1,1
11,30,6,3374725112,3000,1,1,1
11,30,7,3374725112,3000,1,1,1
11,30,8,3374725112,3000,1,1,1
11,30,9,3374725112,3000,1,1,1
11,30,10,3374725112,3000,1,1,1
11,30,11,3374725112,3000,1,1,1
11,30,12,3374725112,3000,2,2,2
11,30,13,3374725112,3000,2,2,2
11,30,14,3374725112,3000,2,2,2
11,30,15,3374725112,3000,2,2,2
11,30,16,3374725112,3000,2,2,2
11,30,17,3374725112,3000,2,2,2
11,30,18,3374725112,3000,2,2,2
11,30,19,3374725112,3000,2,2,2
11,30,20,3374725112,3000,2,2,2
11,30,21,3374725112,3000,2,2,2
11,30,22,3374725112,3000,2,2,2
11,30,23,3374725112,3000,2,2,2
11,30,24,3374725112,3000,2,2,2
11,30,25,3374725112,3000,2,2,2
11,30,26,3374725112,3000,2,2,2
11,30,27,3374725112,3000,2,2,2
11,30,28,3374725112,3000,2,2,2
11,30,29,3374725112,3000,2,2,2
11,30,30,3374725112,3000,3,3,3
11,30,31,3374725112,3000,3,3,3
11,30,32,3374725112,3000,3,3,3
11,30,33,3374725112,3000,3,3,3
11,30,34,3374725112,3000,3,3,3
11,30,35,3374725112,3000,3,3,3
11,30,36,3374725112,3000,3,3,3
11,30,37,3374725112,3000,3,3,3
11,30,38,3374725112,3000,3,3,3
11,30,39,3374725112,3000,3,3,3
11,30,40,3374725112,3000,3,3,3
12,16,1,3374725112,3000,0,0,0
12,16,2,3374725112,3000,1,1,1
12,16,3,3374725112,3000,1,1,1
12,16,4,3374725112,3000,1,1,1
12,16,5,3374725112,3000,1,1,1
12,16,6,3374725112,3000,1,1,1
12,16,7,3374725112,3000,1,1,1
12,16,8,3374725112,3000,1,1,1
12,16,9,3374725112,3000,1,1,1
12,16,10,3374725112,3000,1,1,1
12,16,11,3374725112,3000,1,1,1
12,16,12,3374725112,3000,2,2,2
12,16,13,3374725112,3000,2,2,2
12,16,14,3374725112,3000,2,2,2
12,16,15,3374725112,3000,2,2,2
12,16,16,3374725112,3000,2,2,2
12,16,17,3374725112,3000,2,2,2
12,16,18,3374725112,3000,2,2,2
12,16,19,3374725112,3000,2,2,2
12,16,20,3374725112,3000,2,2,2
12,16,21,3374725112,3000,2,2,2
12,16,22,3374725112,3000,2,2,2
12,16,23,3374725112,3000,2,2,2
12,16,24,3374725112,3000,2,2,2
12,16,25,3374725112,3000,2,2,2
12,16,26,3374725112,3000,2,2,2
12,16,27,3374725112,3000,2,2,2
12,16,28,3374725112,3000,2,2,2
12,16,29,3374725112,3000,2,2,2
12,16,30,3374725112,3000,2,2,2
12,16,31,3374725112,3000,2,2,2
12,16,32,3374725112,3000,2,2,2
12,16,33,3374725112,3000,2,2,2
12,16,34,3374725112,3000,2,2,2
12,16,35,3374725112,3000,2,2,2
12,16,36,3374725112,3000,2,2,2
12,16,37,3374725112,3000,2,2,2
12,16,38,3374725112,3000,2,2,2
12,16,39,3374725112,3000,2,2,2
12,16,40,3374725112,3000,2,2,2
12,17,1,3374725112,3000,0,0,0
12,17,2,3374725112,3000,1,1,1
12,17,3,3374725112,3000,1,1,1
12,17,4,3374725112,3000,1,1,1
12,17,5,3374725112,3000,1,1,1
12,17,6,3374725112,3000,1,1,1
12,17,7,3374725112,3000,1,1,1
12,17,8,3374725112,3000,1,1,1
12,17,9,3374725112,3000,1,1,1
12,17,10,3374725112,3000,1,1,1
12,17,11,3374725112,3000,1,1,1
12,17,12,3374725112,3000,2,2,2
12,17,13,3374725112,3000,2,2,2
12,17,14,3374725112,3000,2,2,2
12,17,15,3374725112,3000,2,2,2
12,17,16,3374725112,3000,2,2,2
12,17,17,3374725112,3000,2,2,2
12,17,18,3374725112,3000,2,2,2
12,17,19,3374725112,3000,2,2,2
12,17,20,3374725112,3000,2,2,2
12,17,21,3374725112,3000,2,2,2
12,17,22,3374725112,3000,2,2,2
12,17,23,3374725112,3000,2,2,2
12,17,24,3374725112,3000,2,2,2
12,17,25,3374725112,3000,2,2,2
12,17,26,3374725112,3000,2,2,2
12,17,27,3374725112,3000,2,2,2
12,17,28,3374725112,3000,2,2,2
12,17,29,3374725112,3000,2,2,2
12,17,30,3374725112,3000,2,2,2
12,17,31,3374725112,3000,2,2,2
12,17,32,3374725112,3000,2,2,2
12,17,33,3374725112,3000,2,2,2
12,17,34,3374725112,3000,2,2,2
12,17,35,3374725112,3000,2,2,2
12,17,36,3374725112,3000,2,2,2
12,17,37,3374725112,3000,2,2,2
12,17,38,3374725112,3000,2,2,2
12,17,39,3374725112,3000,2,2,2
12,17,40,3374725112,3000,2,2,2
12,18,1,3374725112,3000,0,0,0
12,18,2,3374725112,3000,1,1,1
12,18,3,3374725112,3000,1,1,1
12,18,4,3374725112,3000,1,1,1
12,18,5,3374725112,3000,1,1,1
12,18,6,3374725112,3000,1,1,1
12,18,7,3374725112,3000,1,1,1
12,18,8,3374725112,3000,1,1,1
12,18,9,3374725112,3000,1,1,1
12,18,10,3374725112,3000,1,1,1
12,18,11,3374725112,3000,1,1,1
12,18,12,3374725112,3000,2,2,2
12,18,13,3374725112,3000,2,2,2
12,18,14,3374725112,3000,2,2,2
12,18,15,3374725112,3000,2,2,2
12,18,16,3374725112,3000,2,2,2
12,18,17,3374725112,3000,2,2,2
12,18,18,3374725112,3000,2,2,2
12,18,19,3374725112,3000,2,2,2
12,18,20,3374725112,3000,2,2,2
12,18,21,3374725112,3000,2,2,2
12,18,22,3374725112,3000,2,2,2
12,18,23,3374725112,3000,2,2,2
12,18,24,3374725112,3000,2,2,2
12,18,25,3374725112,3000,2,2,2
12,18,26,3374725112,3000,2,2,2
12,18,27,3374725112,3000,2,2,2
12,18,28,3374725112,3000,2,2,2
12,18,29,3374725112,3000,2,2,2
12,18,30,3374725112,3000,2,2,2
12,18,31,3374725112,3000,2,2,2
12,18,32,3374725112,3000,2,2,2
12,18,33,3374725112,3000,2,2,2
12,18,34,3374725112,3000,2,2,2
12,18,35,3374725112,3000,2,2,2
12,18,36,3374725112,3000,2,2,2
12,18,37,3374725112,3000,2,2,2
12,18,38,3374725112,3000,2,2,2
12,18,39,3374725112,3000,2,2,2
12,18,40,3374725112,3000,2,2,2
12,19,1,3374725112,3000,0,0,0
12,19,2,3374725112,3000,1,1,1
12,19,3,3374725112,3000,1,1,1
12,19,4,3374725112,3000,1,1,1
12,19,5,3374725112,3000,1,1,1
12,19,6,3374725112,3000,1,1,1
12,19,7,3374725112,3000,1,1,1
12,19,8,3374725112,3000,1,1,1
12,19,9,3374725112,3000,1,1,1
12,19,10,3374725112,3000,1,1,1
12,19,11,3374725112,3000,1,1,1
12,19,12,3374725112,3000,2,2,2
12,19,13,3374725112,3000,2,2,2
12,19,14,3374725112,3000,2,2,2
12,19,15,3374725112,3000,2,2,2
12,19,16,3374725112,3000,2,2,2
12,19,17,3374725112,3000,2,2,2
12,19,18,3374725112,3000,2,2,2
12,19,19,3374725112,3000,2,2,2
12,19,20,3374725112,3000,2,2,2
12,19,21,3374725112,3000,2,2,2
12,19,22,3374725112,3000,2,2,2
12,19,23,3374725112,3000,2,2,2
12,19,24,3374725112,3000,2,2,2
12,19,25,3374725112,3000,2,2,2
12,19,26,3374725112,3000,2,2,2
12,19,27,3374725112,3000,2,2,2
12,19,28,3374725112,3000,2,2,2
12,19,29,3374725112,3000,2,2,2
12,19,30,3374725112,3000,2,2,2
12,19,31,3374725112,3000,2,2,2
12,19,32,3374725112,3000,2,2,2
12,19,33,3374725112,3000,2,2,2
12,19,34,3374725112,3000,2,2,2
12,19,35,3374725112,3000,2,2,2
12,19,36,3374725112,3000,2,2,2
12,19,37,3374725112,3000,2,2,2
12,19,38,3374725112,3000,2,2,2
12,19,39,3374725112,3000,2,2,2
12,19,40,3374725112,3000,2,2,2
12,20,1,3374725112,3000,0,0,0
12,20,2,3374725112,3000,1,1,1
12,20,3,3374725112,3000,1,1,1
12,20,4,3374725112,3000,1,1,1
12,20,5,3374725112,3000,1,1,1
12,20,6,3374725112,3000,1,1,1
12,20,7,3374725112,3000,1,1,1
12,20,8,3374725112,3000,1,1,1
12,20,9,3374725112,3000,1,1,1
12,20,10,3374725112,3000,1,1,1
12,20,11,3374725112,3000,1,1,1
12,20,12,3374725112,3000,2,2,2
12,20,13,3374725112,3000,2,2,2
12,20,14,3374725112,3000,2,2,2
12,20,15,3374725112,3000,2,2,2
12,20,16,3374725112,3000,2,2,2
12,20,17,3374725112,3000,2,2,2
12,20,18,3374725112,3000,2,2,2
12,20,19,3374725112,3000,2,2,2
12,20,20,3374725112,3000,2,2,2
12,20,21,3374725112,3000,2,2,2
12,20,22,3374725112,3000,2,2,2
12,20,23,3374725112,3000,2,2,2
12,20,24,3374725112,3000,2,2,2
12,20,25,3374725112,3000,2,2,2
12,20,26,3374725112,3000,2,2,2
12,20,27,3374725112,3000,2,2,2
12,20,28,3374725112,3000,2,2,2
12,20,29,3374725112,3000,2,2,2
12,20,30,3374725112,3000,2,2,2
12,20,31,3374725112,3000,2,2,2
12,20,32,3374725112,3000,2,2,2
12,20,33,3374725112,3000,2,2,2
12,20,34,3374725112,3000,2,2,2
12,20,35,3374725112,3000,2,2,2
12,20,36,3374725112,3000,2,2,2
12,20,37,3374725112,3000,2,2,2
12,20,38,3374725112,3000,2,2,2
12,20,39,3374725112,3000,2,2,2
12,20,40,3374725112,3000,2,2,2
12,21,1,3374725112,3000,0,0,0
12,21,2,3374725112,3000,1,1,1
12,21,3,3374725112,3000,1,1,1
12,21,4,3374725112,3000,1,1,1
12,21,5,3374725112,3000,1,1,1
12,21,6,3374725112,3000,1,1,1
12,21,7,3374725112,3000,1,1,1
12,21,8,3374725112,3000,1,1,1
12,21,9,3374725112,3000,1,1,1
12,21,10,3374725112,3000,1,1,1
12,21,11,3374725112,3000,1,1,1
12,21,12,3374725112,3000,2,2,2
12,21,13,3374725112,3000,2,2,2
12,21,14,3374725112,3000,2,2,2
12,21,15,3374725112,3000,2,2,2
12,21,16,3374725112,3000,2,2,2
12,21,17,3374725112,3000,2,2,2
12,21,18,3374725112,3000,2,2,2
12,21,19,3374725112,3000,2,2,2
12,21,20,3374725112,3000,2,2,2
12,21,21,3374725112,3000,2,2,2
12,21,22,3374725112,3000,3,3,3
12,21,23,3374725112,3000,3,3,3
12,21,24,3374725112,3000,3,3,3
12,21,25,3374725112,3000,3,3,3
12,21,26,3374725112,3000,3,3,3
12,21,27,3374725112,3000,3,3,3
12,21,28,3374725112,3000,3,3,3
12,21,29,3374725112,3000,3,3,3
12,21,30,3374725112,3000,3,3,3
12,21,31,3374725112,3000,3,3,3
12,21,32,3374725112,3000,3,3,3
12,21,33,3374725112,3000,3,3,3
12,21,34,3374725112,3000,3,3,3
12,21,35,3374725112,3000,3,3,3
12,21,36,3374725112,3000,3,3,3
12,21,37,3374725112,3000,3,3,3
12,21,38,3374725112,3000,3,3,3
12,21,39,3374725112,3000,3,3,3
12,21,40,3374725112,3000,3,3,3
12,22,1,3374725112,3000,0,0,0
12,22,2,3374725112,3000,1,1,1
12,22,3,3374725112,3000,1,1,1
12,22,4,3374725112,3000,1,1,1
12,22,5,3374725112,3000,1,1,1
12,22,6,3374725112,3000,1,1,1
12,22,7,3374725112,3000,1,1,1
12,22,8,3374725112,3000,1,1,1
12,22,9,3374725112,3000,1,1,1
12,22,10,3374725112,3000,1,1,1
12,22,11,3374725112,3000,1,1,1
12,22,12,3374725112,3000,2,2,2
12,22,13,3374725112,3000,2,2,2
12,22,14,3374725112,3000,2,2,2
12,22,15,3374725112,3000,2,2,2
12,22,16,3374725112,3000,2,2,2
12,22,17,3374725112,3000,2,2,2
12,22,18,3374725112,3000,2,2,2
12,22,19,3374725112,3000,2,2,2
12,22,20,3374725112,3000,2,2,2
12,22,21,3374725112,3000,2,2,2
12,22,22,3374725112,3000,3,3,3
12,22,23,3374725112,3000,3,3,3
12,22,24,3374725112,3000,3,3,3
12,22,25,3374725112,3000,3,3,3
12,22,26,3374725112,3000,3,3,3
12,22,27,3374725112,3000,3,3,3
12,22,28,3374725112,3000,3,3,3
12,22,29,3374725112,3000,3,3,3
12,22,30,3374725112,3000,3,3,3
12,22,31,3374725112,3000,3,3,3
12,22,32,3374725112,3000,3,3,3
12,22,33,3374725112,3000,3,3,3
12,22,34,3374725112,3000,3,3,3
12,22,35,3374725112,3000,3,3,3
12,22,36,3374725112,3000,3,3,3
12,22,37,3374725112,3000,3,3,3
12,22,38,3374725112,3000,3,3,3
12,22,39,3374725112,3000,3,3,3
12,22,40,3374725112,3000,3,3,3
12,23,1,3374725112,3000,0,0,0
12,23,2,3374725112,3000,1,1,1
12,23,3,3374725112,3000,1,1,1
12,23,4,3374725112,3000,1,1,1
12,23,5,3374725112,3000,1,1,1
12,23,6,3374725112,3000,1,1,1
12,23,7,3374725112,3000,1,1,1
12,23,8,3374725112,3000,1,1,1
12,23,9,3374725112,3000,1,1,1
12,23,10,3374725112,3000,1,1,1
12,23,11,3374725112,3000,1,1,1
12,23,12,3374725112,3000,2,2,2
12,23,13,3374725112,3000,2,2,2
12,23,14,3374725112,3000,2,2,2
12,23,15,3374725112,3000,2,2,2
12,23,16,3374725112,3000,2,2,2
12,23,17,3374725112,3000,2,2,2
12,23,18,3374725112,3000,2,2,2
12,23,19,3374725112,3000,2,2,2
12,23,20,3374725112,3000,2,2,2
12,23,21,3374725112,3000,2,2,2
12,23,22,3374725112,3000,2,2,2
12,23,23,3374725112,3000,2,2,2
12,23,24,3374725112,3000,3,3,3
12,23,25,3374725112,3000,3,3,3
12,23,26,3374725112,3000,3,3,3
12,23,27,3374725112,3000,3,3,3
12,23,28,3374725112,3000,3,3,3
12,23,29,3374725112,3000,3,3,3
12,23,30,3374725112,3000,3,3,3
12,23,31,3374725112,3000,3,3,3
12,23,32,3374725112,3000,3,3,3
12,23,33,3374725112,3000,3,3,3
12,23,34,3374725112,3000,3,3,3
12,23,35,3374725112,3000,3,3,3
12,23,36,3374725112,3000,3,3,3
12,23,37,3374725112,3000,3,3,3
12,23,38,3374725112,3000,3,3,3
12,23,39,3374725112,3000,3,3,3
12,23,40,3374725112,3000,3,3,3
12,24,1,3374725112,3000,0,0,0
12,24,2,3374725112,3000,1,1,1
12,24,3,3374725112,3000,1,1,1
12,24,4,3374725112,3000,1,1,1
12,24,5,3374725112,3000,1,1,1
12,24,6,3374725112,3000,1,1,1
12,24,7,3374725112,3000,1,1,1
12,24,8,3374725112,3000,1,1,1
12,24,9,3374725112,3000,1,1,1
12,24,10,3374725112,3000,1,1,1
12,24,11,3374725112,3000,1,1,1
12,24,12,3374725112,3000,2,2,2
12,24,13,3374725112,3000,2,2,2
12,24,14,3374725112,3000,2,2,2
12,24,15,3374725112,3000,2,2,2
12,24,16,3374725112,3000,2,2,2
12,24,17,3374725112,3000,2,2,2
12,24,18,3374725112,3000,2,2,2
12,24,19,3374725112,3000,2,2,2
12,24,20,3374725112,3000,2,2,2
12,24,21,3374725112,3000,2,2,2
12,24,22,3374725112,3000,2,2,2
12,24,23,3374725112,3000,2,2,2
12,24,24,3374725112,3000,3,3,3
12,24,25,3374725112,3000,3,3,3
12,24,26,3374725112,3000,3,3,3
12,24,27,3374725112,3000,3,3,3
12,24,28,3374725112,3000,3,3,3
12,24,29,3374725112,3000,3,3,3
12,24,30,3374725112,3000,3,3,3
12,24,31,3374725112,3000,3,3,3
12,24,32,3374725112,3000,3,3,3
12,24,33,3374725112,3000,3,3,3
12,24,34,3374725112,3000,3,3,3
12,24,35,3374725112,3000,3,3,3
12,24,36,3374725112,3000,3,3,3
12,24,37,3374725112,3000,3,3,3
12,24,38,3374725112,3000,3,3,3
12,24,39,3374725112,3000,3,3,3
12,24,40,3374725112,3000,3,3,3
12,25,1,3374725112,3000,0,0,0
12,25,2,3374725112,3000,1,1,1
12,25,3,3374725112,3000,1,1,1
12,25,4,3374725112,3000,1,1,1
12,25,5,3374725112,3000,1,1,1
12,25,6,3374725112,3000,1,1,1
12,25,7,3374725112,3000,1,1,1
12,25,8,3374725112,3000,1,1,1
12,25,9,3374725112,3000,1,1,1
12,25,10,3374725112,3000,1,1,1
12,25,11,3374725112,3000,1,1,1
12,25,12,3374725112,3000,2,2,2
12,25,13,3374725112,3000,2,2,2
12,25,14,3374725112,3000,2,2,2
12,25,15,3374725112,3000,2,2,2
12,25,16,3374725112,3000,2,2,2
12,25,17,3374725112,3000,2,2,2
12,25,18,3374725112,3000,2,2,2
12,25,19,3374725112,3000,2,2,2
12,25,20,3374725112,3000,2,2,2
12,25,21,3374725112,3000,2,2,2
12,25,22,3374725112,3000,2,2,2
12,25,23,3374725112,3000,2,2,2
12,25,24,3374725112,3000,2,2,2
12,25,25,3374725112,3000,2,2,2
12,25,26,3374725112,3000,3,3,3
12,25,27,3374725112,3000,3,3,3
12,25,28,3374725112,3000,3,3,3
12,25,29,3374725112,3000,3,3,3
12,25,30,3374725112,3000,3,3,3
12,25,31,3374725112,3000,3,3,3
12,25,32,3374725112,3000,3,3,3
12,25,33,3374725112,3000,3,3,3
12,25,34,3374725112,3000,3,3,3
12,25,35,3374725112,3000,3,3,3
12,25,36,3374725112,3000,3,3,3
12,25,37,3374725112,3000,3,3,3
12,25,38,3374725112,3000,3,3,3
12,25,39,3374725112,3000,3,3,3
12,25,40,3374725112,3000,3,3,3
12,26,1,3374725112,3000,0,0,0
12,26,2,3374725112,3000,1,1,1
12,26,3,3374725112,3000,1,1,1
12,26,4,3374725112,3000,1,1,1
12,26,5,3374725112,3000,1,1,1
12,26,6,3374725112,3000,1,1,1
12,26,7,3374725112,3000,1,1,1
12,26,8,3374725112,3000,1,1,1
12,26,9,3374725112,3000,1,1,1
12,26,10,3374725112,3000,1,1,1
12,26,11,3374725112,3000,1,1,1
12,26,12,3374725112,3000,2,2,2
12,26,13,3374725112,3000,2,2,2
12,26,14,3374725112,3000,2,2,2
12,26,15,3374725112,3000,2,2,2
12,26,16,3374725112,3000,2,2,2
12,26,17,3374725112,3000,2,2,2
12,26,18,3374725112,3000,2,2,2
12,26,19,3374725112,3000,2,2,2
12,26,20,3374725112,3000,2,2,2
12,26,21,3374725112,3000,2,2,2
12,26,22,3374725112,3000,2,2,2
12,26,23,3374725112,3000,2,2,2
12,26,24,3374725112,3000,2,2,2
12,26,25,3374725112,3000,2,2,2
12,26,26,3374725112,3000,3,3,3
12,26,27,3374725112,3000,3,3,3
12,26,28,3374725112,3000,3,3,3
12,26,29,3374725112,3000,3,3,3
12,26,30,3374725112,3000,3,3,3
12,26,31,3374725112,3000,3,3,3
12,26,32,3374725112,3000,3,3,3
12,26,33,3374725112,3000,3,3,3
12,26,34,3374725112,3000,3,3,3
12,26,35,3374725112,3000,3,3,3
12,26,36,3374725112,3000,3,3,3
12,26,37,3374725112,3000,3,3,3
12,26,38,3374725112,3000,3,3,3
12,26,39,3374725112,3000,3,3,3
12,26,40,3374725112,3000,3,3,3
12,27,1,3374725112,3000,0,0,0
12,27,2,3374725112,3000,1,1,1
12,27,3,3374725112,3000,1,1,1
12,27,4,3374725112,3000,1,1,1
12,27,5,3374725112,3000,1,1,1
12,27,6,3374725112,3000,1,1,1
12,27,7,3374725112,3000,1,1,1
12,27,8,3374725112,3000,1,1,1
12,27,9,3374725112,3000,1,1,1
12,27,10,3374725112,3000,1,1,1
12,27,11,3374725112,3000,1,1,1
12,27,12,3374725112,3000,2,2,2
12,27,13,3374725112,3000,2,2,2
12,27,14,3374725112,3000,2,2,2
12,27,15,3374725112,3000,2,2,2
12,27,16,3374725112,3000,2,2,2
12,27,17,3374725112,3000,2,2,2
12,27,18,3374725112,3000,2,2,2
12,27,19,3374725112,3000,2,2,2
12,27,20,3374725112,3000,2,2,2
12,27,21,3374725112,3000,2,2,2
12,27,22,3374725112,3000,2,2,2
12,27,23,3374725112,3000,2,2,2
12,27,24,3374725112,3000,2,2,2
12,27,25,3374725112,3000,2,2,2
12,27,26,3374725112,3000,2,2,2
12,27,27,3374725112,3000,2,2,2
12,27,28,3374725112,3000,3,3,3
12,27,29,3374725112,3000,3,3,3
12,27,30,3374725112,3000,3,3,3
12,27,31,3374725112,3000,3,3,3
12,27,32,3374725112,3000,3,3,3
12,27,33,3374725112,3000,3,3,3
12,27,34,3374725112,3000,3,3,3
12,27,35,3374725112,3000,3,3,3
12,27,36,3374725112,3000,3,3,3
12,27,37,3374725112,3000,3,3,3
12,27,38,3374725112,3000,3,3,3
12,27,39,3374725112,3000,3,3,3
12,27,40,3374725112,3000,3,3,3
12,28,1,3374725112,3000,0,0,0
12,28,2,3374725112,3000,1,1,1
12,28,3,3374725112,3000,1,1,1
12,28,4,3374725112,3000,1,1,1
12,28,5,3374725112,3000,1,1,1
12,28,6,3374725112,3000,1,1,1
12,28,7,3374725112,3000,1,1,1
12,28,8,3374725112,3000,1,1,1
12,28,9,3374725112,3000,1,1,1
12,28,10,3374725112,3000,1,1,1
12,28,11,3374725112,3000,1,1,1
12,28,12,3374725112,3000,2,2,2
12,28,13,3374725112,3000,2,2,2
12,28,14,3374725112,3000,2,2,2
12,28,15,3374725112,3000,2,2,2
12,28,16,3374725112,3000,2,2,2
12,28,17,3374725112,3000,2,2,2
12,28,18,3374725112,3000,2,2,2
12,28,19,3374725112,3000,2,2,2
12,28,20,3374725112,3000,2,2,2
12,28,21,3374725112,3000,2,2,2
12,28,22,3374725112,3000,2,2,2
12,28,23,3374725112,3000,2,2,2
12,28,24,3374725112,3000,2,2,2
12,28,25,3374725112,3000,2,2,2
12,28,26,3374725112,3000,2,2,2
12,28,27,3374725112,3000,2,2,2
12,28,28,3374725112,3000,3,3,3
12,28,29,3374725112,3000,3,3,3
12,28,30,3374725112,3000,3,3,3
12,28,31,3374725112,3000,3,3,3
12,28,32,3374725112,3000,3,3,3
12,28,33,3374725112,3000,3,3,3
12,28,34,3374725112,3000,3,3,3
12,28,35,3374725112,3000,3,3,3
12,28,36,3374725112,3000,3,3,3
12,28,37,3374725112,3000,3,3,3
12,28,38,3374725112,3000,3,3,3
12,28,39,3374725112,3000,3,3,3
12,28,40,3374725112,3000,3,3,3
12,29,1,3374725112,3000,0,0,0
12,29,2,3374725112,3000,1,1,1
12,29,3,3374725112,3000,1,1,1
12,29,4,3374725112,3000,1,1,1
12,29,5,3374725112,3000,1,1,1
12,29,6,3374725112,3000,1,1,1
12,29,7,3374725112,3000,1,1,1
12,29,8,3374725112,3000,1,1,1
12,29,9,3374725112,3000,1,1,1
12,29,10,3374725112,3000,1,1,1
12,29,11,3374725112,3000,1,1,1
12,29,12,3374725112,3000,2,2,2
12,29,13,3374725112,3000,2,2,2
12,29,14,3374725112,3000,2,2,2
12,29,15,3374725112,3000,2,2,2
12,29,16,3374725112,3000,2,2,2
12,29,17,3374725112,3000,2,2,2
12,29,18,3374725112,3000,2,2,2
12,29,19,3374725112,3000,2,2,2
12,29,20,3374725112,3000,2,2,2
12,29,21,3374725112,3000,2,2,2
12,29,22,3374725112,3000,2,2,2
12,29,23,3374725112,3000,2,2,2
12,29,24,3374725112,3000,2,2,2
12,29,25,3374725112,3000,2,2,2
12,29,26,3374725112,3000,2,2,2
12,29,27,3374725112,3000,2,2,2
12,29,28,3374725112,3000,2,2,2
12,29,29,3374725112,3000,2,2,2
12,29,30,3374725112,3000,3,3,3
12,29,31,3374725112,3000,3,3,3
12,29,32,3374725112,3000,3,3,3
12,29,33,3374725112,3000,3,3,3
12,29,34,3374725112,3000,3,3,3
12,29,35,3374725112,3000,3,3,3
12,29,36,3374725112,3000,3,3,3
12,29,37,3374725112,3000,3,3,3
12,29,38,3374725112,3000,3,3,3
12,29,39,3374725112,3000,3,3,3
12,29,40,3374725112,3000,3,3,3
12,30,1,3374725112,3000,0,0,0
12,30,2,3374725112,3000,1,1,1
12,30,3,3374725112,3000,1,1,1
12,30,4,3374725112,3000,1,1,1
12,30,5,3374725112,3000,1,1,1
12,30,6,3374725112,3000,1,1,1
12,30,7,3374725112,3000,1,1,1
12,30,8,3374725112,3000,1,1,1
12,30,9,3374725112,3000,1,1,1
12,30,10,3374725112,3000,1,1,1
12,30,11,3374725112,3000,1,1,1
12,30,12,3374725112,3000,2,2,2
12,30,13,3374725112,3000,2,2,2
12,30,14,3374725112,3000,2,2,2
12,30,15,3374725112,3000,2,2,2
12,30,16,3374725112,3000,2,2,2
12,30,17,3374725112,3000,2,2,2
12,30,18,3374725112,3000,2,2,2
12,30,19,3374725112,3000,2,2,2
12,30,20,3374725112,3000,2,2,2
12,30,21,3374725112,3000,2,2,2
12,30,22,3374725112,3000,2,2,2
12,30,23,3374725112,3000,2,2,2
12,30,24,3374725112,3000,2,2,2
12,30,25,3374725112,3000,2,2,2
12,30,26,3374725112,3000,2,2,2
12,30,27,3374725112,3000,2,2,2
12,30,28,3374725112,3000,2,2,2
12,30,29,3374725112,3000,2,2,2
12,30,30,3374725112,3000,3,3,3
12,30,31,3374725112,3000,3,3,3
12,30,32,3374725112,3000,3,3,3
12,30,33,3374725112,3000,3,3,3
12,30,34,3374725112,3000,3,3,3
12,30,35,3374725112,3000,3,3,3
12,30,36,3374725112,3000,3,3,3
12,30,37,3374725112,3000,3,3,3
12,30,38,3374725112,3000,3,3,3
12,30,39,3374725112,3000,3,3,3
12,30,40,3374725112,3000,3,3,3
13,16,1,3374725112,3000,0,0,0
13,16,2,3374725112,3000,1,1,1
13,16,3,3374725112,3000,1,1,1
13,16,4,3374725112,3000,1,1,1
13,16,5,3374725112,3000,1,1,1
13,16,6,3374725112,3000,1,1,1
13,16,7,3374725112,3000,1,1,1
13,16,8,3374725112,3000,1,1,1
13,16,9,3374725112,3000,1,1,1
13,16,10,3374725112,3000,1,1,1
13,16,11,3374725112,3000,1,1,1
13,16,12,3374725112,3000,1,1,1
13,16,13,3374725112,3000,1,1,1
13,16,14,3374725112,3000,2,2,2
13,16,15,3374725112,3000,2,2,2
13,16,16,3374725112,3000,2,2,2
13,16,17,3374725112,3000,2,2,2
13,16,18,3374725112,3000,2,2,2
13,16,19,3374725112,3000,2,2,2
13,16,20,3374725112,3000,2,2,2
13,16,21,3374725112,3000,2,2,2
13,16,22,3374725112,3000,2,2,2
13,16,23,3374725112,3000,2,2,2
13,16,24,3374725112,3000,2,2,2
13,16,25,3374725112,3000,2,2,2
13,16,26,3374725112,3000,2,2,2
13,16,27,3374725112,3000,2,2,2
13,16,28,3374725112,3000,2,2,2
13,16,29,3374725112,3000,2,2,2
13,16,30,3374725112,3000,2,2,2
13,16,31,3374725112,3000,2,2,2
13,16,32,3374725112,3000,2,2,2
13,16,33,3374725112,3000,2,2,2
13,16,34,3374725112,3000,2,2,2
13,16,35,3374725112,3000,2,2,2
13,16,36,3374725112,3000,2,2,2
13,16,37,3374725112,3000,2,2,2
13,16,38,3374725112,3000,2,2,2
13,16,39,3374725112,3000,2,2,2
13,16,40,3374725112,3000,2,2,2
13,17,1,3374725112,3000,0,0,0
13,17,2,3374725112,3000,1,1,1
13,17,3,3374725112,3000,1,1,1
13,17,4,3374725112,3000,1,1,1
13,17,5,3374725112,3000,1,1,1
13,17,6,3374725112,3000,1,1,1
13,17,7,3374725112,3000,1,1,1
13,17,8,3374725112,3000,1,1,1
13,17,9,3374725112,3000,1,1,1
13,17,10,3374725112,3000,1,1,1
13,17,11,3374725112,3000,1,1,1
13,17,12,3374725112,3000,1,1,1
13,17,13,3374725112,3000,1,1,1
13,17,14,3374725112,3000,2,2,2
13,17,15,3374725112,3000,2,2,2
13,17,16,3374725112,3000,2,2,2
13,17,17,3374725112,3000,2,2,2
13,17,18,3374725112,3000,2,2,2
13,17,19,3374725112,3000,2,2,2
13,17,20,3374725112,3000,2,2,2
13,17,21,3374725112,3000,2,2,2
13,17,22,3374725112,3000,2,2,2
13,17,23,3374725112,3000,2,2,2
13,17,24,3374725112,3000,2,2,2
13,17,25,3374725112,3000,2,2,2
13,17,26,3374725112,3000,2,2,2
13,17,27,3374725112,3000,2,2,2
13,17,28,3374725112,3000,2,2,2
13,17,29,3374725112,3000,2,2,2
13,17,30,3374725112,3000,2,2,2
13,17,31,3374725112,3000,2,2,2
13,17,32,3374725112,3000,2,2,2
13,17,33,3374725112,3000,2,2,2
13,17,34,3374725112,3000,2,2,2
13,17,35,3374725112,3000,2,2,2
13,17,36,3374725112,3000,2,2,2
13,17,37,3374725112,3000,2,2,2
13,17,38,3374725112,3000,2,2,2
13,17,39,3374725112,3000,2,2,2
13,17,40,3374725112,3000,2,2,2
13,18,1,3374725112,3000,0,0,0
13,18,2,3374725112,3000,1,1,1
13,18,3,3374725112,3000,1,1,1
13,18,4,3374725112,3000,1,1,1
13,18,5,3374725112,3000,1,1,1
13,18,6,3374725112,3000,1,1,1
13,18,7,3374725112,3000,1,1,1
13,18,8,3374725112,3000,1,1,1
13,18,9,3374725112,3000,1,1,1
13,18,10,3374725112,3000,1,1,1
13,18,11,3374725112,3000,1,1,1
13,18,12,3374725112,3000,1,1,1
13,18,13,3374725112,3000,1,1,1
13,18,14,3374725112,3000,2,2,2
13,18,15,3374725112,3000,2,2,2
13,18,16,3374725112,3000,2,2,2
13,18,17,3374725112,3000,2,2,2
13,18,18,3374725112,3000,2,2,2
13,18,19,3374725112,3000,2,2,2
13,18,20,3374725112,3000,2,2,2
13,18,21,3374725112,3000,2,2,2
13,18,22,3374725112,3000,2,2,2
13,18,23,3374725112,3000,2,2,2
13,18,24,3374725112,3000,2,2,2
13,18,25,3374725112,3000,2,2,2
13,18,26,3374725112,3000,2,2,2
13,18,27,3374725112,3000,2,2,2
13,18,28,3374725112,3000,2,2,2
13,18,29,3374725112,3000,2,2,2
13,18,30,3374725112,3000,2,2,2
13,18,31,3374725112,3000,2,2,2
13,18,32,3374725112,3000,2,2,2
13,18,33,3374725112,3000,2,2,2
13,18,34,3374725112,3000,2,2,2
13,18,35,3374725112,3000,2,2,2
13,18,36,3374725112,3000,2,2,2
13,18,37,3374725112,3000,2,2,2
13,18,38,3374725112,3000,2,2,2
13,18,39,3374725112,3000,2,2,2
13,18,40,3374725112,3000,2,2,2
13,19,1,3374725112,3000,0,0,0
13,19,2,3374725112,3000,1,1,1
13,19,3,3374725112,3000,1,1,1
13,19,4,3374725112,3000,1,1,1
13,19,5,3374725112,3000,1,1,1
13,19,6,3374725112,3000,1,1,1
13,19,7,3374725112,3000,1,1,1
13,19,8,3374725112,3000,1,1,1
13,19,9,3374725112,3000,1,1,1
13,19,10,3374725112,3000,1,1,1
13,19,11,3374725112,3000,1,1,1
13,19,12,3374725112,3000,1,1,1
13,19,13,3374725112,3000,1,1,1
13,19,14,3374725112,3000,2,2,2
13,19,15,3374725112,3000,2,2,2
13,19,16,3374725112,3000,2,2,2
13,19,17,3374725112,3000,2,2,2
13,19,18,3374725112,3000,2,2,2
13,19,19,3374725112,3000,2,2,2
13,19,20,3374725112,3000,2,2,2
13,19,21,3374725112,3000,2,2,2
13,19,22,3374725112,3000,2,2,2
13,19,23,3374725112,3000,2,2,2
13,19,24,3374725112,3000,2,2,2
13,19,25,3374725112,3000,2,2,2
13,19,26,3374725112,3000,2,2,2
13,19,27,3374725112,3000,2,2,2
13,19,28,3374725112,3000,2,2,2
13,19,29,3374725112,3000,2,2,2
13,19,30,3374725112,3000,2,2,2
13,19,31,3374725112,3000,2,2,2
13,19,32,3374725112,3000,2,2,2
13,19,33,3374725112,3000,2,2,2
13,19,34,3374725112,3000,2,2,2
13,19,35,3374725112,3000,2,2,2
13,19,36,3374725112,3000,2,2,2
13,19,37,3374725112,3000,2,2,2
13,19,38,3374725112,3000,2,2,2
13,19,39,3374725112,3000,2,2,2
13,19,40,3374725112,3000,2,2,2
13,20,1,3374725112,3000,0,0,0
13,20,2,3374725112,3000,1,1,1
13,20,3,3374725112,3000,1,1,1
13,20,4,3374725112,3000,1,1,1
13,20,5,3374725112,3000,1,1,1
13,20,6,3374725112,3000,1,1,1
13,20,7,3374725112,3000,1,1,1
13,20,8,3374725112,3000,1,1,1
13,20,9,3374725112,3000,1,1,1
13,20,10,3374725112,3000,1,1,1
13,20,11,3374725112,3000,1,1,1
13,20,12,3374725112,3000,1,1,1
13,20,13,3374725112,3000,1,1,1
13,20,14,3374725112,3000,2,2,2
13,20,15,3374725112,3000,2,2,2
13,20,16,3374725112,3000,2,2,2
13,20,17,3374725112,3000,2,2,2
13,20,18,3374725112,3000,2,2,2
13,20,19,3374725112,3000,2,2,2
13,20,20,3374725112,3000,2,2,2
13,20,21,3374725112,3000,2,2,2
13,20,22,3374725112,3000,2,2,2
13,20,23,3374725112,3000,2,2,2
13,20,24,3374725112,3000,2,2,2
13,20,25,3374725112,3000,2,2,2
13,20,26,3374725112,3000,2,2,2
13,20,27,3374725112,3000,2,2,2
13,20,28,3374725112,3000,2,2,2
13,20,29,3374725112,3000,2,2,2
13,20,30,3374725112,3000,2,2,2
13,20,31,3374725112,3000,2,2,2
13,20,32,3374725112,3000,2,2,2
13,20,33,3374725112,3000,2,2,2
13,20,34,3374725112,3000,2,2,2
13,20,35,3374725112,3000,2,2,2
13,20,36,3374725112,3000,2,2,2
13,20,37,3374725112,3000,2,2,2
13,20,38,3374725112,3000,2,2,2
13,20,39,3374725112,3000,2,2,2
13,20,40,3374725112,3000,2,2,2
13,21,1,3374725112,3000,0,0,0
13,21,2,3374725112,3000,1,1,1
13,21,3,3374725112,3000,1,1,1
13,21,4,3374725112,3000,1,1,1
13,21,5,3374725112,3000,1,1,1
13,21,6,3374725112,3000,1,1,1
13,21,7,3374725112,3000,1,1,1
13,21,8,3374725112,3000,1,1,1
13,21,9,3374725112,3000,1,1,1
13,21,10,3374725112,3000,1,1,1
13,21,11,3374725112,3000,1,1,1
13,21,12,3374725112,3000,1,1,1
13,21,13,3374725112,3000,1,1,1
13,21,14,3374725112,3000,2,2,2
13,21,15,3374725112,3000,2,2,2
13,21,16,3374725112,3000,2,2,2
13,21,17,3374725112,3000,2,2,2
13,21,18,3374725112,3000,2,2,2
13,21,19,3374725112,3000,2,2,2
13,21,20,3374725112,3000,2,2,2
13,21,21,3374725112,3000,2,2,2
13,21,22,3374725112,3000,2,2,2
13,21,23,3374725112,3000,2,2,2
13,21,24,3374725112,3000,2,2,2
13,21,25,3374725112,3000,2,2,2
13,21,26,3374725112,3000,2,2,2
13,21,27,3374725112,3000,2,2,2
13,21,28,3374725112,3000,2,2,2
13,21,29,3374725112,3000,2,2,2
13,21,30,3374725112,3000,2,2,2
13,21,31,3374725112,3000,2,2,2
13,21,32,3374725112,3000,2,2,2
13,21,33,3374725112,3000,2,2,2
13,21,34,3374725112,3000,2,2,2
13,21,35,3374725112,3000,2,2,2
13,21,36,3374725112,3000,2,2,2
13,21,37,3374725112,3000,2,2,2
13,21,38,3374725112,3000,2,2,2
13,21,39,3374725112,3000,2,2,2
13,21,40,3374725112,3000,2,2,2
13,22,1,3374725112,3000,0,0,0
13,22,2,3374725112,3000,1,1,1
13,22,3,3374725112,3000,1,1,1
13,22,4,3374725112,3000,1,1,1
13,22,5,3374725112,3000,1,1,1
13,22,6,3374725112,3000,1,1,1
13,22,7,3374725112,3000,1,1,1
13,22,8,3374725112,3000,1,1,1
13,22,9,3374725112,3000,1,1,1
13,22,10,3374725112,3000,1,1,1
13,22,11,3374725112,3000,1,1,1
13,22,12,3374725112,3000,1,1,1
13,22,13,3374725112,3000,1,1,1
13,22,14,3374725112,3000,2,2,2
13,22,15,3374725112,3000,2,2,2
13,22,16,3374725112,3000,2,2,2
13,22,17,3374725112,3000,2,2,2
13,22,18,3374725112,3000,2,2,2
13,22,19,3374725112,3000,2,2,2
13,22,20,3374725112,3000,2,2,2
13,22,21,3374725112,3000,2,2,2
13,22,22,3374725112,3000,2,2,2
13,22,23,3374725112,3000,2,2,2
13,22,24,3374725112,3000,2,2,2
13,22,25,3374725112,3000,2,2,2
13,22,26,3374725112,3000,2,2,2
13,22,27,3374725112,3000,2,2,2
13,22,28,3374725112,3000,2,2,2
13,22,29,3374725112,3000,2,2,2
13,22,30,3374725112,3000,2,2,2
13,22,31,3374725112,3000,2,2,2
13,22,32,3374725112,3000,2,2,2
13,22,33,3374725112,3000,2,2,2
13,22,34,3374725112,3000,2,2,2
13,22,35,3374725112,3000,2,2,2
13,22,36,3374725112,3000,2,2,2
13,22,37,3374725112,3000,2,2,2
13,22,38,3374725112,3000,2,2,2
13,22,39,3374725112,3000,2,2,2
13,22,40,3374725112,3000,2,2,2
13,23,1,3374725112,3000,0,0,0
13,23,2,3374725112,3000,1,1,1
13,23,3,3374725112,3000,1,1,1
13,23,4,3374725112,3000,1,1,1
13,23,5,3374725112,3000,1,1,1
13,23,6,3374725112,3000,1,1,1
13,23,7,3374725112,3000,1,1,1
13,23,8,3374725112,3000,1,1,1
13,23,9,3374725112,3000,1,1,1
13,23,10,3374725112,3000,1,1,1
13,23,11,3374725112,3000,1,1,1
13,23,12,3374725112,3000,1,1,1
13,23,13,3374725112,3000,1,1,1
13,23,14,3374725112,3000,2,2,2
13,23,15,3374725112,3000,2,2,2
13,23,16,3374725112,3000,2,2,2
13,23,17,3374725112,3000,2,2,2
13,23,18,3374725112,3000,2,2,2
13,23,19,3374725112,3000,2,2,2
13,23,20,3374725112,3000,2,2,2
13,23,21,3374725112,3000,2,2,2
13,23,22,3374725112,3000,2,2,2
13,23,23,3374725112,3000,2,2,2
13,23,24,3374725112,3000,3,3,3
13,23,25,3374725112,3000,3,3,3
13,23,26,3374725112,3000,3,3,3
13,23,27,3374725112,3000,3,3,3
13,23,28,3374725112,3000,3,3,3
13,23,29,3374725112,3000,3,3,3
13,23,30,3374725112,3000,3,3,3
13,23,31,3374725112,3000,3,3,3
13,23,32,3374725112,3000,3,3,3
13,23,33,3374725112,3000,3,3,3
13,23,34,3374725112,3000,3,3,3
13,23,35,3374725112,3000,3,3,3
13,23,36,3374725112,3000,3,3,3
13,23,37,3374725112,3000,3,3,3
13,23,38,3374725112,3000,3,3,3
13,23,39,3374725112,3000,3,3,3
13,23,40,3374725112,3000,3,3,3
13,24,1,3374725112,3000,0,0,0
13,24,2,3374725112,3000,1,1,1
13,24,3,3374725112,3000,1,1,1
13,24,4,3374725112,3000,1,1,1
13,24,5,3374725112,3000,1,1,1
13,24,6,3374725112,3000,1,1,1
13,24,7,3374725112,3000,1,1,1
13,24,8,3374725112,3000,1,1,1
13,24,9,3374725112,3000,1,1,1
13,24,10,3374725112,3000,1,1,1
13,24,11,3374725112,3000,1,1,1
13,24,12,3374725112,3000,1,1,1
13,24,13,3374725112,3000,1,1,1
13,24,14,3374725112,3000,2,2,2
13,24,15,3374725112,3000,2,2,2
13,24,16,3374725112,3000,2,2,2
13,24,17,3374725112,3000,2,2,2
13,24,18,3374725112,3000,2,2,2
13,24,19,3374725112,3000,2,2,2
13,24,20,3374725112,3000,2,2,2
13,24,21,3374725112,3000,2,2,2
13,24,22,3374725112,3000,2,2,2
13,24,23,3374725112,3000,2,2,2
13,24,24,3374725112,3000,3,3,3
13,24,25,3374725112,3000,3,3,3
13,24,26,3374725112,3000,3,3,3
13,24,27,3374725112,3000,3,3,3
13,24,28,3374725112,3000,3,3,3
13,24,29,3374725112,3000,3,3,3
13,24,30,3374725112,3000,3,3,3
13,24,31,3374725112,3000,3,3,3
13,24,32,3374725112,3000,3,3,3
13,24,33,3374725112,3000,3,3,3
13,24,34,3374725112,3000,3,3,3
13,24,35,3374725112,3000,3,3,3
13,24,36,3374725112,3000,3,3,3
13,24,37,3374725112,3000,3,3,3
13,24,38,3374725112,3000,3,3,3
13,24,39,3374725112,3000,3,3,3
13,24,40,3374725112,3000,3,3,3
13,25,1,3374725112,3000,0,0,0
13,25,2,3374725112,3000,1,1,1
13,25,3,3374725112,3000,1,1,1
13,25,4,3374725112,3000,1,1,1
13,25,5,3374725112,3000,1,1,1
13,25,6,3374725112,3000,1,1,1
13,25,7,3374725112,3000,1,1,1
13,25,8,3374725112,3000,1,1,1
13,25,9,3374725112,3000,1,1,1
13,25,10,3374725112,3000,1,1,1
13,25,11,3374725112,3000,1,1,1
13,25,12,3374725112,3000,1,1,1
13,25,13,3374725112,3000,1,1,1
13,25,14,3374725112,3000,2,2,2
13,25,15,3374725112,3000,2,2,2
13,25,16,3374725112,3000,2,2,2
13,25,17,3374725112,3000,2,2,2
13,25,18,3374725112,3000,2,2,2
13,25,19,3374725112,3000,2,2,2
13,25,20,3374725112,3000,2,2,2
13,25,21,3374725112,3000,2,2,2
13,25,22,3374725112,3000,2,2,2
13,25,23,3374725112,3000,2,2,2
13,25,24,3374725112,3000,2,2,2
13,25,25,3374725112,3000,2,2,2
13,25,26,3374725112,3000,3,3,3
13,25,27,3374725112,3000,3,3,3
13,25,28,3374725112,3000,3,3,3
13,25,29,3374725112,3000,3,3,3
13,25,30,3374725112,3000,3,3,3
13,25,31,3374725112,3000,3,3,3
13,25,32,3374725112,3000,3,3,3
13,25,33,3374725112,3000,3,3,3
13,25,34,3374725112,3000,3,3,3
13,25,35,3374725112,3000,3,3,3
13,25,36,3374725112,3000,3,3,3
13,25,37,3374725112,3000,3,3,3
13,25,38,3374725112,3000,3,3,3
13,25,39,3374725112,3000,3,3,3
13,25,40,3374725112,3000,3,3,3
13,26,1,3374725112,3000,0,0,0
13,26,2,3374725112,3000,1,1,1
13,26,3,3374725112,3000,1,1,1
13,26,4,3374725112,3000,1,1,1
13,26,5,3374725112,3000,1,1,1
13,26,6,3374725112,3000,1,1,1
13,26,7,3374725112,3000,1,1,1
13,26,8,3374725112,3000,1,1,1
13,26,9,3374725112,3000,1,1,1
13,26,10,3374725112,3000,1,1,1
13,26,11,3374725112,3000,1,1,1
13,26,12,3374725112,3000,1,1,1
13,26,13,3374725112,3000,1,1,1
13,26,14,3374725112,3000,2,2,2
13,26,15,3374725112,3000,2,2,2
13,26,16,3374725112,3000,2,2,2
13,26,17,3374725112,3000,2,2,2
13,26,18,3374725112,3000,2,2,2
13,26,19,3374725112,3000,2,2,2
13,26,20,3374725112,3000,2,2,2
13,26,21,3374725112,3000,2,2,2
13,26,22,3374725112,3000,2,2,2
13,26,23,3374725112,3000,2,2,2
13,26,24,3374725112,3000,2,2,2
13,26,25,3374725112,3000,2,2,2
13,26,26,3374725112,3000,3,3,3
13,26,27,3374725112,3000,3,3,3
13,26,28,3374725112,3000,3,3,3
13,26,29,3374725112,3000,3,3,3
13,26,30,3374725112,3000,3,3,3
13,26,31,3374725112,3000,3,3,3
13,26,32,3374725112,3000,3,3,3
13,26,33,3374725112,3000,3,3,3
13,26,34,3374725112,3000,3,3,3
13,26,35,3374725112,3000,3,3,3
13,26,36,3374725112,3000,3,3,3
13,26,37,3374725112,3000,3,3,3
13,26,38,3374725112,3000,3,3,3
13,26,39,3374725112,3000,3,3,3
13,26,40,3374725112,3000,3,3,3
13,27,1,3374725112,3000,0,0,0
13,27,2,3374725112,3000,1,1,1
13,27,3,3374725112,3000,1,1,1
13,27,4,3374725112,3000,1,1,1
13,27,5,3374725112,3000,1,1,1
13,27,6,3374725112,3000,1,1,1
13,27,7,3374725112,3000,1,1,1
13,27,8,3374725112,3000,1,1,1
13,27,9,3374725112,3000,1,1,1
13,27,10,3374725112,3000,1,1,1
13,27,11,3374725112,3000,1,1,1
13,27,12,3374725112,3000,1,1,1
13,27,13,3374725112,3000,1,1,1
13,27,14,3374725112,3000,2,2,2
13,27,15,3374725112,3000,2,2,2
13,27,16,3374725112,3000,2,2,2
13,27,17,3374725112,3000,2,2,2
13,27,18,3374725112,3000,2,2,2
13,27,19,3374725112,3000,2,2,2
13,27,20,3374725112,3000,2,2,2
13,27,21,3374725112,3000,2,2,2
13,27,22,3374725112,3000,2,2,2
13,27,23,3374725112,3000,2,2,2
13,27,24,3374725112,3000,2,2,2
13,27,25,3374725112,3000,2,2,2
13,27,26,3374725112,3000,2,2,2
13,27,27,3374725112,3000,2,2,2
13,27,28,3374725112,3000,3,3,3
13,27,29,3374725112,3000,3,3,3
13,27,30,3374725112,3000,3,3,3
13,27,31,3374725112,3000,3,3,3
13,27,32,3374725112,3000,3,3,3
13,27,33,3374725112,3000,3,3,3
13,27,34,3374725112,3000,3,3,3
13,27,35,3374725112,3000,3,3,3
13,27,36,3374725112,3000,3,3,3
13,27,37,3374725112,3000,3,3,3
13,27,38,3374725112,3000,3,3,3
13,27,39,3374725112,3000,3,3,3
13,27,40,3374725112,3000,3,3,3
13,28,1,3374725112,3000,0,0,0
13,28,2,3374725112,3000,1,1,1
13,28,3,3374725112,3000,1,1,1
13,28,4,3374725112,3000,1,1,1
13,28,5,3374725112,3000,1,1,1
13,28,6,3374725112,3000,1,1,1
13,28,7,3374725112,3000,1,1,1
13,28,8,3374725112,3000,1,1,1
13,28,9,3374725112,3000,1,1,1
13,28,10,3374725112,3000,1,1,1
13,28,11,3374725112,3000,1,1,1
13,28,12,3374725112,3000,1,1,1
13,28,13,3374725112,3000,1,1,1
13,28,14,3374725112,3000,2,2,2
13,28,15,3374725112,3000,2,2,2
13,28,16,3374725112,3000,2,2,2
13,28,17,3374725112,3000,2,2,2
13,28,18,3374725112,3000,2,2,2
13,28,19,3374725112,3000,2,2,2
13,28,20,3374725112,3000,2,2,2
13,28,21,3374725112,3000,2,2,2
13,28,22,3374725112,3000,2,2,2
13,28,23,3374725112,3000,2,2,2
13,28,24,3374725112,3000,2,2,2
13,28,25,3374725112,3000,2,2,2
13,28,26,3374725112,3000,2,2,2
13,28,27,3374725112,3000,2,2,2
13,28,28,3374725112,3000,3,3,3
13,28,29,3374725112,3000,3,3,3
13,28,30,3374725112,3000,3,3,3
13,28,31,3374725112,3000,3,3,3
13,28,32,3374725112,3000,3,3,3
13,28,33,3374725112,3000,3,3,3
13,28,34,3374725112,3000,3,3,3
13,28,35,3374725112,3000,3,3,3
13,28,36,3374725112,3000,3,3,3
13,28,37,3374725112,3000,3,3,3
13,28,38,3374725112,3000,3,3,3
13,28,39,3374725112,3000,3,3,3
13,28,40,3374725112,3000,3,3,3
13,29,1,3374725112,3000,0,0,0
13,29,2,3374725112,3000,1,1,1
13,29,3,3374725112,3000,1,1,1
13,29,4,3374725112,3000,1,1,1
13,29,5,3374725112,3000,1,1,1
13,29,6,3374725112,3000,1,1,1
13,29,7,3374725112,3000,1,1,1
13,29,8,3374725112,3000,1,1,1
13,29,9,3374725112,3000,1,1,1
13,29,10,3374725112,3000,1,1,1
13,29,11,3374725112,3000,1,1,1
13,29,12,3374725112,3000,1,1,1
13,29,13,3374725112,3000,1,1,1
13,29,14,3374725112,3000,2,2,2
13,29,15,3374725112,3000,2,2,2
13,29,16,3374725112,3000,2,2,2
13,29,17,3374725112,3000,2,2,2
13,29,18,3374725112,3000,2,2,2
13,29,19,3374725112,3000,2,2,2
13,29,20,3374725112,3000,2,2,2
13,29,21,3374725112,3000,2,2,2
13,29,22,3374725112,3000,2,2,2
13,29,23,3374725112,3000,2,2,2
13,29,24,3374725112,3000,2,2,2
13,29,25,3374725112,3000,2,2,2
13,29,26,3374725112,3000,2,2,2
13,29,27,3374725112,3000,2,2,2
13,29,28,3374725112,3000,2,2,2
13,29,29,3374725112,3000,2,2,2
13,29,30,3374725112,3000,3,3,3
13,29,31,3374725112,3000,3,3,3
13,29,32,3374725112,3000,3,3,3
13,29,33,3374725112,3000,3,3,3
13,29,34,3374725112,3000,3,3,3
13,29,35,3374725112,3000,3,3,3
13,29,36,3374725112,3000,3,3,3
13,29,37,3374725112,3000,3,3,3
13,29,38,3374725112,3000,3,3,3
13,29,39,3374725112,3000,3,3,3
13,29,40,3374725112,3000,3,3,3
13,30,1,3374725112,3000,0,0,0
13,30,2,3374725112,3000,1,1,1
13,30,3,3374725112,3000,1,1,1
13,30,4,3374725112,3000,1,1,1
13,30,5,3374725112,3000,1,1,1
13,30,6,3374725112,3000,1,1,1
13,30,7,3374725112,3000,1,1,1
13,30,8,3374725112,3000,1,1,1
13,30,9,3374725112,3000,1,1,1
13,30,10,3374725112,3000,1,1,1
13,30,11,3374725112,3000,1,1,1
13,30,12,3374725112,3000,1,1,1
13,30,13,3374725112,3000,1,1,1
13,30,14,3374725112,3000,2,2,2
13,30,15,3374725112,3000,2,2,2
13,30,16,3374725112,3000,2,2,2
13,30,17,3374725112,3000,2,2,2
13,30,18,3374725112,3000,2,2,2
13,30,19,3374725112,3000,2,2,2
13,30,20,3374725112,3000,2,2,2
13,30,21,3374725112,3000,2,2,2
13,30,22,3374725112,3000,2,2,2
13,30,23,3374725112,3000,2,2,2
13,30,24,3374725112,3000,2,2,2
13,30,25,3374725112,3000,2,2,2
13,30,26,3374725112,3000,2,2,2
13,30,27,3374725112,3000,2,2,2
13,30,28,3374725112,3000,2,2,2
13,30,29,3374725112,3000,2,2,2
13,30,30,3374725112,3000,3,3,3
13,30,31,3374725112,3000,3,3,3
13,30,32,3374725112,3000,3,3,3
13,30,33,3374725112,3000,3,3,3
13,30,34,3374725112,3000,3,3,3
13,30,35,3374725112,3000,3,3,3
13,30,36,3374725112,3000,3,3,3
13,30,37,3374725112,3000,3,3,3
13,30,38,3374725112,3000,3,3,3
13,30,39,3374725112,3000,3,3,3
13,30,40,3374725112,3000,3,3,3
14,16,1,3374725112,3000,0,0,0
14,16,2,3374725112,3000,1,1,1
14,16,3,3374725112,3000,1,1,1
14,16,4,3374725112,3000,1,1,1
14,16,5,3374725112,3000,1,1,1
14,16,6,3374725112,3000,1,1,1
14,16,7,3374725112,3000,1,1,1
14,16,8,3374725112,3000,1,1,1
14,16,9,3374725112,3000,1,1,1
14,16,10,3374725112,3000,1,1,1
14,16,11,3374725112,3000,1,1,1
14,16,12,3374725112,3000,1,1,1
14,16,13,3374725112,3000,1,1,1
14,16,14,3374725112,3000,2,2,2
14,16,15,3374725112,3000,2,2,2
14,16,16,3374725112,3000,2,2,2
14,16,17,3374725112,3000,2,2,2
14,16,18,3374725112,3000,2,2,2
14,16,19,3374725112,3000,2,2,2
14,16,20,3374725112,3000,2,2,2
14,16,21,3374725112,3000,2,2,2
14,16,22,3374725112,3000,2,2,2
14,16,23,3374725112,3000,2,2,2
14,16,24,3374725112,3000,2,2,2
14,16,25,3374725112,3000,2,2,2
14,16,26,3374725112,3000,2,2,2
14,16,27,3374725112,3000,2,2,2
14,16,28,3374725112,3000,2,2,2
14,16,29,3374725112,3000,2,2,2
14,16,30,3374725112,3000,2,2,2
14,16,31,3374725112,3000,2,2,2
14,16,32,3374725112,3000,2,2,2
14,16,33,3374725112,3000,2,2,2
14,16,34,3374725112,3000,2,2,2
14,16,35,3374725112,3000,2,2,2
14,16,36,3374725112,3000,2,2,2
14,16,37,3374725112,3000,2,2,2
14,16,38,3374725112,3000,2,2,2
14,16,39,3374725112,3000,2,2,2
14,16,40,3374725112,3000,2,2,2
14,17,1,3374725112,3000,0,0,0
14,17,2,3374725112,3000,1,1,1
14,17,3,3374725112,3000,1,1,1
14,17,4,3374725112,3000,1,1,1
14,17,5,3374725112,3000,1,1,1
14,17,6,3374725112,3000,1,1,1
14,17,7,3374725112,3000,1,1,1
14,17,8,3374725112,3000,1,1,1
14,17,9,3374725112,3000,1,1,1
14,17,10,3374725112,3000,1,1,1
14,17,11,3374725112,3000,1,1,1
14,17,12,3374725112,3000,1,1,1
14,17,13,3374725112,3000,1,1,1
14,17,14,3374725112,3000,2,2,2
14,17,15,3374725112,3000,2,2,2
14,17,16,3374725112,3000,2,2,2
14,17,17,3374725112,3000,2,2,2
14,17,18,3374725112,3000,2,2,2
14,17,19,3374725112,3000,2,2,2
14,17,20,3374725112,3000,2,2,2
14,17,21,3374725112,3000,2,2,2
14,17,22,3374725112,3000,2,2,2
14,17,23,3374725112,3000,2,2,2
14,17,24,3374725112,3000,2,2,2
14,17,25,3374725112,3000,2,2,2
14,17,26,3374725112,3000,2,2,2
14,17,27,3374725112,3000,2,2,2
14,17,28,3374725112,3000,2,2,2
14,17,29,3374725112,3000,2,2,2
14,17,30,3374725112,3000,2,2,2
14,17,31,3374725112,3000,2,2,2
14,17,32,3374725112,3000,2,2,2
14,17,33,3374725112,3000,2,2,2
14,17,34,3374725112,3000,2,2,2
14,17,35,3374725112,3000,2,2,2
14,17,36,3374725112,3000,2,2,2
14,17,37,3374725112,3000,2,2,2
14,17,38,3374725112,3000,2,2,2
14,17,39,3374725112,3000,2,2,2
14,17,40,3374725112,3000,2,2,2
14,18,1,3374725112,3000,0,0,0
14,18,2,3374725112,3000,1,1,1
14,18,3,3374725112,3000,1,1,1
14,18,4,3374725112,3000,1,1,1
14,18,5,3374725112,3000,1,1,1
14,18,6,3374725112,3000,1,1,1
14,18,7,3374725112,3000,1,1,1
14,18,8,3374725112,3000,1,1,1
14,18,9,3374725112,3000,1,1,1
14,18,10,3374725112,3000,1,1,1
14,18,11,3374725112,3000,1,1,1
14,18,12,3374725112,3000,1,1,1
14,18,13,3374725112,3000,1,1,1
14,18,14,3374725112,3000,2,2,2
14,18,15,3374725112,3000,2,2,2
14,18,16,3374725112,3000,2,2,2
14,18,17,3374725112,3000,2,2,2
14,18,18,3374725112,3000,2,2,2
14,18,19,3374725112,3000,2,2,2
14,18,20,3374725112,3000,2,2,2
14,18,21,3374725112,3000,2,2,2
14,18,22,3374725112,3000,2,2,2
14,18,23,3374725112,3000,2,2,2
14,18,24,3374725112,3000,2,2,2
14,18,25,3374725112,3000,2,2,2
14,18,26,3374725112,3000,2,2,2
14,18,27,3374725112,3000,2,2,2
14,18,28,3374725112,3000,2,2,2
14,18,29,3374725112,3000,2,2,2
14,18,30,3374725112,3000,2,2,2
14,18,31,3374725112,3000,2,2,2
14,18,32,3374725112,3000,2,2,2
14,18,33,3374725112,3000,2,2,2
14,18,34,3374725112,3000,2,2,2
14,18,35,3374725112,3000,2,2,2
14,18,36,3374725112,3000,2,2,2
14,18,37,3374725112,3000,2,2,2
14,18,38,3374725112,3000,2,2,2
14,18,39,3374725112,3000,2,2,2
14,18,40,3374725112,3000,2,2,2
14,19,1,3374725112,3000,0,0,0
14,19,2,3374725112,3000,1,1,1
14,19,3,3374725112,3000,1,1,1
14,19,4,3374725112,3000,1,1,1
14,19,5,3374725112,3000,1,1,1
14,19,6,3374725112,3000,1,1,1
14,19,7,3374725112,3000,1,1,1
14,19,8,3374725112,3000,1,1,1
14,19,9,3374725112,3000,1,1,1
14,19,10,3374725112,3000,1,1,1
14,19,11,3374725112,3000,1,1,1
14,19,12,3374725112,3000,1,1,1
14,19,13,3374725112,3000,1,1,1
14,19,14,3374725112,3000,2,2,2
14,19,15,3374725112,3000,2,2,2
14,19,16,3374725112,3000,2,2,2
14,19,17,3374725112,3000,2,2,2
14,19,18,3374725112,3000,2,2,2
14,19,19,3374725112,3000,2,2,2
14,19,20,3374725112,3000,2,2,2
14,19,21,3374725112,3000,2,2,2
14,19,22,3374725112,3000,2,2,2
14,19,23,3374725112,3000,2,2,2
14,19,24,3374725112,3000,2,2,2
14,19,25,3374725112,3000,2,2,2
14,19,26,3374725112,3000,2,2,2
14,19,27,3374725112,3000,2,2,2
14,19,28,3374725112,3000,2,2,2
14,19,29,3374725112,3000,2,2,2
14,19,30,3374725112,3000,2,2,2
14,19,31,3374725112,3000,2,2,2
14,19,32,3374725112,3000,2,2,2
14,19,33,3374725112,3000,2,2,2
14,19,34,3374725112,3000,2,2,2
14,19,35,3374725112,3000,2,2,2
14,19,36,3374725112,3000,2,2,2
14,19,37,3374725112,3000,2,2,2
14,19,38,3374725112,3000,2,2,2
14,19,39,3374725112,3000,2,2,2
14,19,40,3374725112,3000,2,2,2
14,20,1,3374725112,3000,0,0,0
14,20,2,3374725112,3000,1,1,1
14,20,3,3374725112,3000,1,1,1
14,20,4,3374725112,3000,1,1,1
14,20,5,3374725112,3000,1,1,1
14,20,6,3374725112,3000,1,1,1
14,20,7,3374725112,3000,1,1,1
14,20,8,3374725112,3000,1,1,1
14,20,9,3374725112,3000,1,1,1
14,20,10,3374725112,3000,1,1,1
14,20,11,3374725112,3000,1,1,1
14,20,12,3374725112,3000,1,1,1
14,20,13,3374725112,3000,1,1,1
14,20,14,3374725112,3000,2,2,2
14,20,15,3374725112,3000,2,2,2
14,20,16,3374725112,3000,2,2,2
14,20,17,3374725112,3000,2,2,2
14,20,18,3374725112,3000,2,2,2
14,20,19,3374725112,3000,2,2,2
14,20,20,3374725112,3000,2,2,2
14,20,21,3374725112,3000,2,2,2
14,20,22,3374725112,3000,2,2,2
14,20,23,3374725112,3000,2,2,2
14,20,24,3374725112,3000,2,2,2
14,20,25,3374725112,3000,2,2,2
14,20,26,3374725112,3000,2,2,2
14,20,27,3374725112,3000,2,2,2
14,20,28,3374725112,3000,2,2,2
14,20,29,3374725112,3000,2,2,2
14,20,30,3374725112,3000,2,2,2
14,20,31,3374725112,3000,2,2,2
14,20,32,3374725112,3000,2,2,2
14,20,33,3374725112,3000,2,2,2
14,20,34,3374725112,3000,2,2,2
14,20,35,3374725112,3000,2,2,2
14,20,36,3374725112,3000,2,2,2
14,20,37,3374725112,3000,2,2,2
14,20,38,3374725112,3000,2,2,2
14,20,39,3374725112,3000,2,2,2
14,20,40,3374725112,3000,2,2,2
14,21,1,3374725112,3000,0,0,0
14,21,2,3374725112,3000,1,1,1
14,21,3,3374725112,3000,1,1,1
14,21,4,3374725112,3000,1,1,1
14,21,5,3374725112,3000,1,1,1
14,21,6,3374725112,3000,1,1,1
14,21,7,3374725112,3000,1,1,1
14,21,8,3374725112,3000,1,1,1
14,21,9,3374725112,3000,1,1,1
14,21,10,3374725112,3000,1,1,1
14,21,11,3374725112,3000,1,1,1
14,21,12,3374725112,3000,1,1,1
14,21,13,3374725112,3000,1,1,1
14,21,14,3374725112,3000,2,2,2
14,21,15,3374725112,3000,2,2,2
14,21,16,3374725112,3000,2,2,2
14,21,17,3374725112,3000,2,2,2
14,21,18,3374725112,3000,2,2,2
14,21,19,3374725112,3000,2,2,2
14,21,20,3374725112,3000,2,2,2
14,21,21,3374725112,3000,2,2,2
14,21,22,3374725112,3000,2,2,2
14,21,23,3374725112,3000,2,2,2
14,21,24,3374725112,3000,2,2,2
14,21,25,3374725112,3000,2,2,2
14,21,26,3374725112,3000,2,2,2
14,21,27,3374725112,3000,2,2,2
14,21,28,3374725112,3000,2,2,2
14,21,29,3374725112,3000,2,2,2
14,21,30,3374725112,3000,2,2,2
14,21,31,3374725112,3000,2,2,2
14,21,32,3374725112,3000,2,2,2
14,21,33,3374725112,3000,2,2,2
14,21,34,3374725112,3000,2,2,2
14,21,35,3374725112,3000,2,2,2
14,21,36,3374725112,3000,2,2,2
14,21,37,3374725112,3000,2,2,2
14,21,38,3374725112,3000,2,2,2
14,21,39,3374725112,3000,2,2,2
14,21,40,3374725112,3000,2,2,2
14,22,1,3374725112,3000,0,0,0
14,22,2,3374725112,3000,1,1,1
14,22,3,3374725112,3000,1,1,1
14,22,4,3374725112,3000,1,1,1
14,22,5,3374725112,3000,1,1,1
14,22,6,3374725112,3000,1,1,1
14,22,7,3374725112,3000,1,1,1
14,22,8,3374725112,3000,1,1,1
14,22,9,3374725112,3000,1,1,1
14,22,10,3374725112,3000,1,1,1
14,22,11,3374725112,3000,1,1,1
14,22,12,3374725112,3000,1,1,1
14,22,13,3374725112,3000,1,1,1
14,22,14,3374725112,3000,2,2,2
14,22,15,3374725112,3000,2,2,2
14,22,16,3374725112,3000,2,2,2
14,22,17,3374725112,3000,2,2,2
14,22,18,3374725112,3000,2,2,2
14,22,19,3374725112,3000,2,2,2
14,22,20,3374725112,3000,2,2,2
14,22,21,3374725112,3000,2,2,2
14,22,22,3374725112,3000,2,2,2
14,22,23,3374725112,3000,2,2,2
14,22,24,3374725112,3000,2,2,2
14,22,25,3374725112,3000,2,2,2
14,22,26,3374725112,3000,2,2,2
14,22,27,3374725112,3000,2,2,2
14,22,28,3374725112,3000,2,2,2
14,22,29,3374725112,3000,2,2,2
14,22,30,3374725112,3000,2,2,2
14,22,31,3374725112,3000,2,2,2
14,22,32,3374725112,3000,2,2,2
14,22,33,3374725112,3000,2,2,2
14,22,34,3374725112,3000,2,2,2
14,22,35,3374725112,3000,2,2,2
14,22,36,3374725112,3000,2,2,2
14,22,37,3374725112,3000,2,2,2
14,22,38,3374725112,3000,2,2,2
14,22,39,3374725112,3000,2,2,2
14,22,40,3374725112,3000,2,2,2
14,23,1,3374725112,3000,0,0,0
14,23,2,3374725112,3000,1,1,1
14,23,3,3374725112,3000,1,1,1
14,23,4,3374725112,3000,1,1,1
14,23,5,3374725112,3000,1,1,1
14,23,6,3374725112,3000,1,1,1
14,23,7,3374725112,3000,1,1,1
14,23,8,3374725112,3000,1,1,1
14,23,9,3374725112,3000,1,1,1
14,23,10,3374725112,3000,1,1,1
14,23,11,3374725112,3000,1,1,1
14,23,12,3374725112,3000,1,1,1
14,23,13,3374725112,3000,1,1,1
14,23,14,3374725112,3000,2,2,2
14,23,15,3374725112,3000,2,2,2
14,23,16,3374725112,3000,2,2,2
14,23,17,3374725112,3000,2,2,2
14,23,18,3374725112,3000,2,2,2
14,23,19,3374725112,3000,2,2,2
14,23,20,3374725112,3000,2,2,2
14,23,21,3374725112,3000,2,2,2
14,23,22,3374725112,3000,2,2,2
14,23,23,3374725112,3000,2,2,2
14,23,24,3374725112,3000,3,3,3
14,23,25,3374725112,3000,3,3,3
14,23,26,3374725112,3000,3,3,3
14,23,27,3374725112,3000,3,3,3
14,23,28,3374725112,3000,3,3,3
14,23,29,3374725112,3000,3,3,3
14,23,30,3374725112,3000,3,3,3
14,23,31,3374725112,3000,3,3,3
14,23,32,3374725112,3000,3,3,3
14,23,33,3374725112,3000,3,3,3
14,23,34,3374725112,3000,3,3,3
14,23,35,3374725112,3000,3,3,3
14,23,36,3374725112,3000,3,3,3
14,23,37,3374725112,3000,3,3,3
14,23,38,3374725112,3000,3,3,3
14,23,39,3374725112,3000,3,3,3
14,23,40,3374725112,3000,3,3,3
14,24,1,3374725112,3000,0,0,0
14,24,2,3374725112,3000,1,1,1
14,24,3,3374725112,3000,1,1,1
14,24,4,3374725112,3000,1,1,1
14,24,5,3374725112,3000,1,1,1
14,24,6,3374725112,3000,1,1,1
14,24,7,3374725112,3000,1,1,1
14,24,8,3374725112,3000,1,1,1
14,24,9,3374725112,3000,1,1,1
14,24,10,3374725112,3000,1,1,1
14,24,11,3374725112,3000,1,1,1
14,24,12,3374725112,3000,1,1,1
14,24,13,3374725112,3000,1,1,1
14,24,14,3374725112,3000,2,2,2
14,24,15,3374725112,3000,2,2,2
14,24,16,3374725112,3000,2,2,2
14,24,17,3374725112,3000,2,2,2
14,24,18,3374725112,3000,2,2,2
14,24,19,3374725112,3000,2,2,2
14,24,20,3374725112,3000,2,2,2
14,24,21,3374725112,3000,2,2,2
14,24,22,3374725112,3000,2,2,2
14,24,23,3374725112,3000,2,2,2
14,24,24,3374725112,3000,3,3,3
14,24,25,3374725112,3000,3,3,3
14,24,26,3374725112,3000,3,3,3
14,24,27,3374725112,3000,3,3,3
14,24,28,3374725112,3000,3,3,3
14,24,29,3374725112,3000,3,3,3
14,24,30,3374725112,3000,3,3,3
14,24,31,3374725112,3000,3,3,3
14,24,32,3374725112,3000,3,3,3
14,24,33,3374725112,3000,3,3,3
14,24,34,3374725112,3000,3,3,3
14,24,35,3374725112,3000,3,3,3
14,24,36,3374725112,3000,3,3,3
14,24,37,3374725112,3000,3,3,3
14,24,38,3374725112,3000,3,3,3
14,24,39,3374725112,3000,3,3,3
14,24,40,3374725112,3000,3,3,3
14,25,1,3374725112,3000,0,0,0
14,25,2,3374725112,3000,1,1,1
14,25,3,3374725112,3000,1,1,1
14,25,4,3374725112,3000,1,1,1
14,25,5,3374725112,3000,1,1,1
14,25,6,3374725112,3000,1,1,1
14,25,7,3374725112,3000,1,1,1
14,25,8,3374725112,3000,1,1,1
14,25,9,3374725112,3000,1,1,1
14,25,10,3374725112,3000,1,1,1
14,25,11,3374725112,3000,1,1,1
14,25,12,3374725112,3000,1,1,1
14,25,13,3374725112,3000,1,1,1
14,25,14,3374725112,3000,2,2,2
14,25,15,3374725112,3000,2,2,2
14,25,16,3374725112,3000,2,2,2
14,25,17,3374725112,3000,2,2,2
14,25,18,3374725112,3000,2,2,2
14,25,19,3374725112,3000,2,2,2
14,25,20,3374725112,3000,2,2,2
14,25,21,3374725112,3000,2,2,2
14,25,22,3374725112,3000,2,2,2
14,25,23,3374725112,3000,2,2,2
14,25,24,3374725112,3000,2,2,2
14,25,25,3374725112,3000,2,2,2
14,25,26,3374725112,3000,3,3,3
14,25,27,3374725112,3000,3,3,3
14,25,28,3374725112,3000,3,3,3
14,25,29,3374725112,3000,3,3,3
14,25,30,3374725112,3000,3,3,3
14,25,31,3374725112,3000,3,3,3
14,25,32,3374725112,3000,3,3,3
14,25,33,3374725112,3000,3,3,3
14,25,34,3374725112,3000,3,3,3
14,25,35,3374725112,3000,3,3,3
14,25,36,3374725112,3000,3,3,3
14,25,37,3374725112,3000,3,3,3
14,25,38,3374725112,3000,3,3,3
14,25,39,3374725112,3000,3,3,3
14,25,40,3374725112,3000,3,3,3
14,26,1,3374725112,3000,0,0,0
14,26,2,3374725112,3000,1,1,1
14,26,3,3374725112,3000,1,1,1
14,26,4,3374725112,3000,1,1,1
14,26,5,3374725112,3000,1,1,1
14,26,6,3374725112,3000,1,1,1
14,26,7,3374725112,3000,1,1,1
14,26,8,3374725112,3000,1,1,1
14,26,9,3374725112,3000,1,1,1
14,26,10,3374725112,3000,1,1,1
14,26,11,3374725112,3000,1,1,1
14,26,12,3374725112,3000,1,1,1
14,26,13,3374725112,3000,1,1,1
14,26,14,3374725112,3000,2,2,2
14,26,15,3374725112,3000,2,2,2
14,26,16,3374725112,3000,2,2,2
14,26,17,3374725112,3000,2,2,2
14,26,18,3374725112,3000,2,2,2
14,26,19,3374725112,3000,2,2,2
14,26,20,3374725112,3000,2,2,2
14,26,21,3374725112,3000,2,2,2
14,26,22,3374725112,3000,2,2,2
14,26,23,3374725112,3000,2,2,2
14,26,24,3374725112,3000,2,2,2
14,26,25,3374725112,3000,2,2,2
14,26,26,3374725112,3000,3,3,3
14,26,27,3374725112,3000,3,3,3
14,26,28,3374725112,3000,3,3,3
14,26,29,3374725112,3000,3,3,3
14,26,30,3374725112,3000,3,3,3
14,26,31,3374725112,3000,3,3,3
14,26,32,3374725112,3000,3,3,3
14,26,33,3374725112,3000,3,3,3
14,26,34,3374725112,3000,3,3,3
14,26,35,3374725112,3000,3,3,3
14,26,36,3374725112,3000,3,3,3
14,26,37,3374725112,3000,3,3,3
14,26,38,3374725112,3000,3,3,3
14,26,39,3374725112,3000,3,3,3
14,26,40,3374725112,3000,3,3,3
14,27,1,3374725112,3000,0,0,0
14,27,2,3374725112,3000,1,1,1
14,27,3,3374725112,3000,1,1,1
14,27,4,3374725112,3000,1,1,1
14,27,5,3374725112,3000,1,1,1
14,27,6,3374725112,3000,1,1,1
14,27,7,3374725112,3000,1,1,1
14,27,8,3374725112,3000,1,1,1
14,27,9,3374725112,3000,1,1,1
14,27,10,3374725112,3000,1,1,1
14,27,11,3374725112,3000,1,1,1
14,27,12,3374725112,3000,1,1,1
14,27,13,3374725112,3000,1,1,1
14,27,14,3374725112,3000,2,2,2
14,27,15,3374725112,3000,2,2,2
14,27,16,3374725112,3000,2,2,2
14,27,17,3374725112,3000,2,2,2
14,27,18,3374725112,3000,2,2,2
14,27,19,3374725112,3000,2,2,2
14,27,20,3374725112,3000,2,2,2
14,27,21,3374725112,3000,2,2,2
14,27,22,3374725112,3000,2,2,2
14,27,23,3374725112,3000,2,2,2
14,27,24,3374725112,3000,2,2,2
14,27,25,3374725112,3000,2,2,2
14,27,26,3374725112,3000,2,2,2
14,27,27,3374725112,3000,2,2,2
14,27,28,3374725112,3000,3,3,3
14,27,29,3374725112,3000,3,3,3
14,27,30,3374725112,3000,3,3,3
14,27,31,3374725112,3000,3,3,3
14,27,32,3374725112,3000,3,3,3
14,27,33,3374725112,3000,3,3,3
14,27,34,3374725112,3000,3,3,3
14,27,35,3374725112,3000,3,3,3
14,27,36,3374725112,3000,3,3,3
14,27,37,3374725112,3000,3,3,3
14,27,38,3374725112,3000,3,3,3
14,27,39,3374725112,3000,3,3,3
14,27,40,3374725112,3000,3,3,3
14,28,1,3374725112,3000,0,0,0
14,28,2,3374725112,3000,1,1,1
14,28,3,3374725112,3000,1,1,1
14,28,4,3374725112,3000,1,1,1
14,28,5,3374725112,3000,1,1,1
14,28,6,3374725112,3000,1,1,1
14,28,7,3374725112,3000,1,1,1
14,28,8,3374725112,3000,1,1,1
14,28,9,3374725112,3000,1,1,1
14,28,10,3374725112,3000,1,1,1
14,28,11,3374725112,3000,1,1,1
14,28,12,3374725112,3000,1,1,1
14,28,13,3374725112,3000,1,1,1
14,28,14,3374725112,3000,2,2,2
14,28,15,3374725112,3000,2,2,2
14,28,16,3374725112,3000,2,2,2
14,28,17,3374725112,3000,2,2,2
14,28,18,3374725112,3000,2,2,2
14,28,19,3374725112,3000,2,2,2
14,28,20,3374725112,3000,2,2,2
14,28,21,3374725112,3000,2,2,2
14,28,22,3374725112,3000,2,2,2
14,28,23,3374725112,3000,2,2,2
14,28,24,3374725112,3000,2,2,2
14,28,25,3374725112,3000,2,2,2
14,28,26,3374725112,3000,2,2,2
14,28,27,3374725112,3000,2,2,2
14,28,28,3374725112,3000,3,3,3
14,28,29,3374725112,3000,3,3,3
14,28,30,3374725112,3000,3,3,3
14,28,31,3374725112,3000,3,3,3
14,28,32,3374725112,3000,3,3,3
14,28,33,3374725112,3000,3,3,3
14,28,34,3374725112,3000,3,3,3
14,28,35,3374725112,3000,3,3,3
14,28,36,3374725112,3000,3,3,3
14,28,37,3374725112,3000,3,3,3
14,28,38,3374725112,3000,3,3,3
14,28,39,3374725112,3000,3,3,3
14,28,40,3374725112,3000,3,3,3
14,29,1,3374725112,3000,0,0,0
14,29,2,3374725112,3000,1,1,1
14,29,3,3374725112,3000,1,1,1
14,29,4,3374725112,3000,1,1,1
14,29,5,3374725112,3000,1,1,1
14,29,6,3374725112,3000,1,1,1
14,29,7,3374725112,3000,1,1,1
14,29,8,3374725112,3000,1,1,1
14,29,9,3374725112,3000,1,1,1
14,29,10,3374725112,3000,1,1,1
14,29,11,3374725112,3000,1,1,1
14,29,12,3374725112,3000,1,1,1
14,29,13,3374725112,3000,1,1,1
14,29,14,3374725112,3000,2,2,2
14,29,15,3374725112,3000,2,2,2
14,29,16,3374725112,3000,2,2,2
14,29,17,3374725112,3000,2,2,2
14,29,18,3374725112,3000,2,2,2
14,29,19,3374725112,3000,2,2,2
14,29,20,3374725112,3000,2,2,2
14,29,21,3374725112,3000,2,2,2
14,29,22,3374725112,3000,2,2,2
14,29,23,3374725112,3000,2,2,2
14,29,24,3374725112,3000,2,2,2
14,29,25,3374725112,3000,2,2,2
14,29,26,3374725112,3000,2,2,2
14,29,27,3374725112,3000,2,2,2
14,29,28,3374725112,3000,2,2,2
14,29,29,3374725112,3000,2,2,2
14,29,30,3374725112,3000,3,3,3
14,29,31,3374725112,3000,3,3,3
14,29,32,3374725112,3000,3,3,3
14,29,33,3374725112,3000,3,3,3
14,29,34,3374725112,3000,3,3,3
14,29,35,3374725112,3000,3,3,3
14,29,36,3374725112,3000,3,3,3
14,29,37,3374725112,3000,3,3,3
14,29,38,3374725112,3000,3,3,3
14,29,39,3374725112,3000,3,3,3
14,29,40,3374725112,3000,3,3,3
14,30,1,3374725112,3000,0,0,0
14,30,2,3374725112,3000,1,1,1
14,30,3,3374725112,3000,1,1,1
14,30,4,3374725112,3000,1,1,1
14,30,5,3374725112,3000,1,1,1
14,30,6,3374725112,3000,1,1,1
14,30,7,3374725112,3000,1,1,1
14,30,8,3374725112,3000,1,1,1
14,30,9,3374725112,3000,1,1,1
14,30,10,3374725112,3000,1,1,1
14,30,11,3374725112,3000,1,1,1
14,30,12,3374725112,3000,1,1,1
14,30,13,3374725112,3000,1,1,1
14,30,14,3374725112,3000,2,2,2
14,30,15,3374725112,3000,2,2,2
14,30,16,3374725112,3000,2,2,2
14,30,17,3374725112,3000,2,2,2
14,30,18,3374725112,3000,2,2,2
14,30,19,3374725112,3000,2,2,2
14,30,20,3374725112,3000,2,2,2
14,30,21,3374725112,3000,2,2,2
14,30,22,3374725112,3000,2,2,2
14,30,23,3374725112,3000,2,2,2
14,30,24,3374725112,3000,2,2,2
14,30,25,3374725112,3000,2,2,2
14,30,26,3374725112,3000,2,2,2
14,30,27,3374725112,3000,2,2,2
14,30,28,3374725112,3000,2,2,2
14,30,29,3374725112,3000,2,2,2
14,30,30,3374725112,3000,3,3,3
14,30,31,3374725112,3000,3,3,3
14,30,32,3374725112,3000,3,3,3
14,30,33,3374725112,3000,3,3,3
14,30,34,3374725112,3000,3,3,3
14,30,35,3374725112,3000,3,3,3
14,30,36,3374725112,3000,3,3,3
14,30,37,3374725112,3000,3,3,3
14,30,38,3374725112,3000,3,3,3
14,30,39,3374725112,3000,3,3,3
14,30,40,3374725112,3000,3,3,3
