action	state	previous	depleted	hp	bound	base	mp	maxMp	gate	timer	mode	type	pending	valid	stage	actionOut	hpOut	boundOut	mpOut	consumedOut	koOut	livesOut	groupOut	xOut	yOut	zOut	preciseX	preciseY	preciseZ	displayHp	displayMax	depletedUpdates	restoreUpdates	hpClamps	mpClamps
0	0	0	0	100	200	500	300	500	-1	-1	-1	0	0	1	1	0	100	200	300	37	9	7	8	11	-7	13	11.25	-7.5	13.75	100	200	0	0	0	0
0	0	0	0	100	200	500	300	500	0	-1	-1	0	0	1	1	0	100	200	300	37	9	7	8	11	-7	13	11.25	-7.5	13.75	100	200	0	0	0	0
0	0	0	0	100	200	500	300	500	-1	-1	0	0	0	1	1	0	100	200	300	37	9	7	8	11	-7	13	11.25	-7.5	13.75	100	200	0	0	0	0
0	0	0	0	100	200	500	300	500	0	-1	0	0	0	1	1	0	100	200	300	37	9	7	8	11	-7	13	11.25	-7.5	13.75	100	200	0	0	0	0
0	0	0	0	100	200	500	300	500	-1	-1	1	0	0	1	1	0	100	200	300	37	9	7	8	11	-7	13	11.25	-7.5	13.75	100	200	0	0	0	0
0	0	0	0	100	200	500	300	500	0	-1	1	0	0	1	1	0	100	200	300	37	9	7	8	11	-7	13	11.25	-7.5	13.75	100	200	0	0	0	0
0	0	0	0	100	200	500	300	500	-1	-1	2	0	0	1	1	0	500	500	300	0	0	7	8	11	-7	13	11.25	-7.5	13.75	100	200	0	1	0	0
0	0	0	0	100	200	500	300	500	0	-1	2	0	0	1	1	0	100	200	300	37	9	7	8	11	-7	13	11.25	-7.5	13.75	100	200	0	0	0	0
0	0	0	0	100	200	500	300	500	-1	-1	3	0	0	1	1	0	500	500	300	0	0	7	8	11	-7	13	11.25	-7.5	13.75	100	200	0	1	0	0
0	0	0	0	100	200	500	300	500	0	-1	3	0	0	1	1	0	100	200	300	37	9	7	8	11	-7	13	11.25	-7.5	13.75	100	200	0	0	0	0
0	0	0	0	100	200	500	300	500	-1	-1	4	0	0	1	1	0	100	200	300	37	9	7	8	11	-7	13	11.25	-7.5	13.75	100	200	0	0	0	0
0	0	0	0	100	200	500	300	500	0	-1	4	0	0	1	1	0	100	200	300	37	9	7	8	11	-7	13	11.25	-7.5	13.75	100	200	0	0	0	0
0	0	0	0	100	200	500	300	500	-1	0	-1	0	0	1	1	0	100	200	300	37	9	7	8	11	-7	13	11.25	-7.5	13.75	100	200	0	0	0	0
0	0	0	0	100	200	500	300	500	0	0	-1	0	0	1	1	0	100	200	300	37	9	7	8	11	-7	13	11.25	-7.5	13.75	100	200	0	0	0	0
0	0	0	0	100	200	500	300	500	-1	0	0	0	0	1	1	0	100	200	300	37	9	7	8	11	-7	13	11.25	-7.5	13.75	100	200	0	0	0	0
0	0	0	0	100	200	500	300	500	0	0	0	0	0	1	1	0	100	200	300	37	9	7	8	11	-7	13	11.25	-7.5	13.75	100	200	0	0	0	0
0	0	0	0	100	200	500	300	500	-1	0	1	0	0	1	1	0	100	200	300	37	9	7	8	11	-7	13	11.25	-7.5	13.75	100	200	0	0	0	0
0	0	0	0	100	200	500	300	500	0	0	1	0	0	1	1	0	100	200	300	37	9	7	8	11	-7	13	11.25	-7.5	13.75	100	200	0	0	0	0
0	0	0	0	100	200	500	300	500	-1	0	2	0	0	1	1	0	500	500	300	0	0	7	8	11	-7	13	11.25	-7.5	13.75	100	200	0	1	0	0
0	0	0	0	100	200	500	300	500	0	0	2	0	0	1	1	0	100	200	300	37	9	7	8	11	-7	13	11.25	-7.5	13.75	100	200	0	0	0	0
0	0	0	0	100	200	500	300	500	-1	0	3	0	0	1	1	0	500	500	300	0	0	7	8	11	-7	13	11.25	-7.5	13.75	100	200	0	1	0	0
0	0	0	0	100	200	500	300	500	0	0	3	0	0	1	1	0	100	200	300	37	9	7	8	11	-7	13	11.25	-7.5	13.75	100	200	0	0	0	0
0	0	0	0	100	200	500	300	500	-1	0	4	0	0	1	1	0	100	200	300	37	9	7	8	11	-7	13	11.25	-7.5	13.75	100	200	0	0	0	0
0	0	0	0	100	200	500	300	500	0	0	4	0	0	1	1	0	100	200	300	37	9	7	8	11	-7	13	11.25	-7.5	13.75	100	200	0	0	0	0
0	0	0	0	100	200	500	300	500	-1	1	-1	0	0	1	1	0	500	500	300	0	0	7	8	11	-7	13	11.25	-7.5	13.75	100	200	0	1	0	0
0	0	0	0	100	200	500	300	500	0	1	-1	0	0	1	1	0	100	200	300	37	9	7	8	11	-7	13	11.25	-7.5	13.75	100	200	0	0	0	0
0	0	0	0	100	200	500	300	500	-1	1	0	0	0	1	1	0	500	500	300	0	0	7	8	11	-7	13	11.25	-7.5	13.75	100	200	0	1	0	0
0	0	0	0	100	200	500	300	500	0	1	0	0	0	1	1	0	100	200	300	37	9	7	8	11	-7	13	11.25	-7.5	13.75	100	200	0	0	0	0
0	0	0	0	100	200	500	300	500	-1	1	1	0	0	1	1	0	500	500	300	0	0	7	8	11	-7	13	11.25	-7.5	13.75	100	200	0	1	0	0
0	0	0	0	100	200	500	300	500	0	1	1	0	0	1	1	0	100	200	300	37	9	7	8	11	-7	13	11.25	-7.5	13.75	100	200	0	0	0	0
0	0	0	0	100	200	500	300	500	-1	1	2	0	0	1	1	0	500	500	300	0	0	7	8	11	-7	13	11.25	-7.5	13.75	100	200	0	1	0	0
0	0	0	0	100	200	500	300	500	0	1	2	0	0	1	1	0	100	200	300	37	9	7	8	11	-7	13	11.25	-7.5	13.75	100	200	0	0	0	0
0	0	0	0	100	200	500	300	500	-1	1	3	0	0	1	1	0	500	500	300	0	0	7	8	11	-7	13	11.25	-7.5	13.75	100	200	0	1	0	0
0	0	0	0	100	200	500	300	500	0	1	3	0	0	1	1	0	100	200	300	37	9	7	8	11	-7	13	11.25	-7.5	13.75	100	200	0	0	0	0
0	0	0	0	100	200	500	300	500	-1	1	4	0	0	1	1	0	500	500	300	0	0	7	8	11	-7	13	11.25	-7.5	13.75	100	200	0	1	0	0
0	0	0	0	100	200	500	300	500	0	1	4	0	0	1	1	0	100	200	300	37	9	7	8	11	-7	13	11.25	-7.5	13.75	100	200	0	0	0	0
0	63	0	0	100	200	500	300	500	-1	-1	-1	0	0	1	1	0	100	200	300	37	9	7	8	11	-7	13	11.25	-7.5	13.75	100	200	0	0	0	0
0	63	0	0	100	200	500	300	500	0	-1	-1	0	0	1	1	0	100	200	300	37	9	7	8	11	-7	13	11.25	-7.5	13.75	100	200	0	0	0	0
0	63	0	0	100	200	500	300	500	-1	-1	0	0	0	1	1	0	100	200	300	37	9	7	8	11	-7	13	11.25	-7.5	13.75	100	200	0	0	0	0
0	63	0	0	100	200	500	300	500	0	-1	0	0	0	1	1	0	100	200	300	37	9	7	8	11	-7	13	11.25	-7.5	13.75	100	200	0	0	0	0
0	63	0	0	100	200	500	300	500	-1	-1	1	0	0	1	1	0	100	200	300	37	9	7	8	11	-7	13	11.25	-7.5	13.75	100	200	0	0	0	0
0	63	0	0	100	200	500	300	500	0	-1	1	0	0	1	1	0	100	200	300	37	9	7	8	11	-7	13	11.25	-7.5	13.75	100	200	0	0	0	0
0	63	0	0	100	200	500	300	500	-1	-1	2	0	0	1	1	0	100	200	300	37	9	7	8	11	-7	13	11.25	-7.5	13.75	100	200	0	0	0	0
0	63	0	0	100	200	500	300	500	0	-1	2	0	0	1	1	0	100	200	300	37	9	7	8	11	-7	13	11.25	-7.5	13.75	100	200	0	0	0	0
0	63	0	0	100	200	500	300	500	-1	-1	3	0	0	1	1	0	100	200	300	37	9	7	8	11	-7	13	11.25	-7.5	13.75	100	200	0	0	0	0
0	63	0	0	100	200	500	300	500	0	-1	3	0	0	1	1	0	100	200	300	37	9	7	8	11	-7	13	11.25	-7.5	13.75	100	200	0	0	0	0
0	63	0	0	100	200	500	300	500	-1	-1	4	0	0	1	1	0	100	200	300	37	9	7	8	11	-7	13	11.25	-7.5	13.75	100	200	0	0	0	0
0	63	0	0	100	200	500	300	500	0	-1	4	0	0	1	1	0	100	200	300	37	9	7	8	11	-7	13	11.25	-7.5	13.75	100	200	0	0	0	0
0	63	0	0	100	200	500	300	500	-1	0	-1	0	0	1	1	0	100	200	300	37	9	7	8	11	-7	13	11.25	-7.5	13.75	100	200	0	0	0	0
0	63	0	0	100	200	500	300	500	0	0	-1	0	0	1	1	0	100	200	300	37	9	7	8	11	-7	13	11.25	-7.5	13.75	100	200	0	0	0	0
0	63	0	0	100	200	500	300	500	-1	0	0	0	0	1	1	0	100	200	300	37	9	7	8	11	-7	13	11.25	-7.5	13.75	100	200	0	0	0	0
0	63	0	0	100	200	500	300	500	0	0	0	0	0	1	1	0	100	200	300	37	9	7	8	11	-7	13	11.25	-7.5	13.75	100	200	0	0	0	0
0	63	0	0	100	200	500	300	500	-1	0	1	0	0	1	1	0	100	200	300	37	9	7	8	11	-7	13	11.25	-7.5	13.75	100	200	0	0	0	0
0	63	0	0	100	200	500	300	500	0	0	1	0	0	1	1	0	100	200	300	37	9	7	8	11	-7	13	11.25	-7.5	13.75	100	200	0	0	0	0
0	63	0	0	100	200	500	300	500	-1	0	2	0	0	1	1	0	100	200	300	37	9	7	8	11	-7	13	11.25	-7.5	13.75	100	200	0	0	0	0
0	63	0	0	100	200	500	300	500	0	0	2	0	0	1	1	0	100	200	300	37	9	7	8	11	-7	13	11.25	-7.5	13.75	100	200	0	0	0	0
0	63	0	0	100	200	500	300	500	-1	0	3	0	0	1	1	0	100	200	300	37	9	7	8	11	-7	13	11.25	-7.5	13.75	100	200	0	0	0	0
0	63	0	0	100	200	500	300	500	0	0	3	0	0	1	1	0	100	200	300	37	9	7	8	11	-7	13	11.25	-7.5	13.75	100	200	0	0	0	0
0	63	0	0	100	200	500	300	500	-1	0	4	0	0	1	1	0	100	200	300	37	9	7	8	11	-7	13	11.25	-7.5	13.75	100	200	0	0	0	0
0	63	0	0	100	200	500	300	500	0	0	4	0	0	1	1	0	100	200	300	37	9	7	8	11	-7	13	11.25	-7.5	13.75	100	200	0	0	0	0
0	63	0	0	100	200	500	300	500	-1	1	-1	0	0	1	1	0	100	200	300	37	9	7	8	11	-7	13	11.25	-7.5	13.75	100	200	0	0	0	0
0	63	0	0	100	200	500	300	500	0	1	-1	0	0	1	1	0	100	200	300	37	9	7	8	11	-7	13	11.25	-7.5	13.75	100	200	0	0	0	0
0	63	0	0	100	200	500	300	500	-1	1	0	0	0	1	1	0	100	200	300	37	9	7	8	11	-7	13	11.25	-7.5	13.75	100	200	0	0	0	0
0	63	0	0	100	200	500	300	500	0	1	0	0	0	1	1	0	100	200	300	37	9	7	8	11	-7	13	11.25	-7.5	13.75	100	200	0	0	0	0
0	63	0	0	100	200	500	300	500	-1	1	1	0	0	1	1	0	100	200	300	37	9	7	8	11	-7	13	11.25	-7.5	13.75	100	200	0	0	0	0
0	63	0	0	100	200	500	300	500	0	1	1	0	0	1	1	0	100	200	300	37	9	7	8	11	-7	13	11.25	-7.5	13.75	100	200	0	0	0	0
0	63	0	0	100	200	500	300	500	-1	1	2	0	0	1	1	0	100	200	300	37	9	7	8	11	-7	13	11.25	-7.5	13.75	100	200	0	0	0	0
0	63	0	0	100	200	500	300	500	0	1	2	0	0	1	1	0	100	200	300	37	9	7	8	11	-7	13	11.25	-7.5	13.75	100	200	0	0	0	0
0	63	0	0	100	200	500	300	500	-1	1	3	0	0	1	1	0	100	200	300	37	9	7	8	11	-7	13	11.25	-7.5	13.75	100	200	0	0	0	0
0	63	0	0	100	200	500	300	500	0	1	3	0	0	1	1	0	100	200	300	37	9	7	8	11	-7	13	11.25	-7.5	13.75	100	200	0	0	0	0
0	63	0	0	100	200	500	300	500	-1	1	4	0	0	1	1	0	100	200	300	37	9	7	8	11	-7	13	11.25	-7.5	13.75	100	200	0	0	0	0
0	63	0	0	100	200	500	300	500	0	1	4	0	0	1	1	0	100	200	300	37	9	7	8	11	-7	13	11.25	-7.5	13.75	100	200	0	0	0	0
0	0	61	0	100	200	500	300	500	-1	-1	-1	0	0	1	1	0	100	200	300	37	9	7	8	11	-7	13	11.25	-7.5	13.75	100	200	0	0	0	0
0	0	61	0	100	200	500	300	500	0	-1	-1	0	0	1	1	0	100	200	300	37	9	7	8	11	-7	13	11.25	-7.5	13.75	100	200	0	0	0	0
0	0	61	0	100	200	500	300	500	-1	-1	0	0	0	1	1	0	100	200	300	37	9	7	8	11	-7	13	11.25	-7.5	13.75	100	200	0	0	0	0
0	0	61	0	100	200	500	300	500	0	-1	0	0	0	1	1	0	100	200	300	37	9	7	8	11	-7	13	11.25	-7.5	13.75	100	200	0	0	0	0
0	0	61	0	100	200	500	300	500	-1	-1	1	0	0	1	1	0	100	200	300	37	9	7	8	11	-7	13	11.25	-7.5	13.75	100	200	0	0	0	0
0	0	61	0	100	200	500	300	500	0	-1	1	0	0	1	1	0	100	200	300	37	9	7	8	11	-7	13	11.25	-7.5	13.75	100	200	0	0	0	0
0	0	61	0	100	200	500	300	500	-1	-1	2	0	0	1	1	0	500	500	300	0	0	7	8	11	-7	13	11.25	-7.5	13.75	100	200	0	1	0	0
0	0	61	0	100	200	500	300	500	0	-1	2	0	0	1	1	0	100	200	300	37	9	7	8	11	-7	13	11.25	-7.5	13.75	100	200	0	0	0	0
0	0	61	0	100	200	500	300	500	-1	-1	3	0	0	1	1	0	500	500	300	0	0	7	8	11	-7	13	11.25	-7.5	13.75	100	200	0	1	0	0
0	0	61	0	100	200	500	300	500	0	-1	3	0	0	1	1	0	100	200	300	37	9	7	8	11	-7	13	11.25	-7.5	13.75	100	200	0	0	0	0
0	0	61	0	100	200	500	300	500	-1	-1	4	0	0	1	1	0	100	200	300	37	9	7	8	11	-7	13	11.25	-7.5	13.75	100	200	0	0	0	0
0	0	61	0	100	200	500	300	500	0	-1	4	0	0	1	1	0	100	200	300	37	9	7	8	11	-7	13	11.25	-7.5	13.75	100	200	0	0	0	0
0	0	61	0	100	200	500	300	500	-1	0	-1	0	0	1	1	0	100	200	300	37	9	7	8	11	-7	13	11.25	-7.5	13.75	100	200	0	0	0	0
0	0	61	0	100	200	500	300	500	0	0	-1	0	0	1	1	0	100	200	300	37	9	7	8	11	-7	13	11.25	-7.5	13.75	100	200	0	0	0	0
0	0	61	0	100	200	500	300	500	-1	0	0	0	0	1	1	0	100	200	300	37	9	7	8	11	-7	13	11.25	-7.5	13.75	100	200	0	0	0	0
0	0	61	0	100	200	500	300	500	0	0	0	0	0	1	1	0	100	200	300	37	9	7	8	11	-7	13	11.25	-7.5	13.75	100	200	0	0	0	0
0	0	61	0	100	200	500	300	500	-1	0	1	0	0	1	1	0	100	200	300	37	9	7	8	11	-7	13	11.25	-7.5	13.75	100	200	0	0	0	0
0	0	61	0	100	200	500	300	500	0	0	1	0	0	1	1	0	100	200	300	37	9	7	8	11	-7	13	11.25	-7.5	13.75	100	200	0	0	0	0
0	0	61	0	100	200	500	300	500	-1	0	2	0	0	1	1	0	500	500	300	0	0	7	8	11	-7	13	11.25	-7.5	13.75	100	200	0	1	0	0
0	0	61	0	100	200	500	300	500	0	0	2	0	0	1	1	0	100	200	300	37	9	7	8	11	-7	13	11.25	-7.5	13.75	100	200	0	0	0	0
0	0	61	0	100	200	500	300	500	-1	0	3	0	0	1	1	0	500	500	300	0	0	7	8	11	-7	13	11.25	-7.5	13.75	100	200	0	1	0	0
0	0	61	0	100	200	500	300	500	0	0	3	0	0	1	1	0	100	200	300	37	9	7	8	11	-7	13	11.25	-7.5	13.75	100	200	0	0	0	0
0	0	61	0	100	200	500	300	500	-1	0	4	0	0	1	1	0	100	200	300	37	9	7	8	11	-7	13	11.25	-7.5	13.75	100	200	0	0	0	0
0	0	61	0	100	200	500	300	500	0	0	4	0	0	1	1	0	100	200	300	37	9	7	8	11	-7	13	11.25	-7.5	13.75	100	200	0	0	0	0
0	0	61	0	100	200	500	300	500	-1	1	-1	0	0	1	1	0	500	500	300	0	0	7	8	11	-7	13	11.25	-7.5	13.75	100	200	0	1	0	0
0	0	61	0	100	200	500	300	500	0	1	-1	0	0	1	1	0	100	200	300	37	9	7	8	11	-7	13	11.25	-7.5	13.75	100	200	0	0	0	0
0	0	61	0	100	200	500	300	500	-1	1	0	0	0	1	1	0	500	500	300	0	0	7	8	11	-7	13	11.25	-7.5	13.75	100	200	0	1	0	0
0	0	61	0	100	200	500	300	500	0	1	0	0	0	1	1	0	100	200	300	37	9	7	8	11	-7	13	11.25	-7.5	13.75	100	200	0	0	0	0
0	0	61	0	100	200	500	300	500	-1	1	1	0	0	1	1	0	500	500	300	0	0	7	8	11	-7	13	11.25	-7.5	13.75	100	200	0	1	0	0
0	0	61	0	100	200	500	300	500	0	1	1	0	0	1	1	0	100	200	300	37	9	7	8	11	-7	13	11.25	-7.5	13.75	100	200	0	0	0	0
0	0	61	0	100	200	500	300	500	-1	1	2	0	0	1	1	0	500	500	300	0	0	7	8	11	-7	13	11.25	-7.5	13.75	100	200	0	1	0	0
0	0	61	0	100	200	500	300	500	0	1	2	0	0	1	1	0	100	200	300	37	9	7	8	11	-7	13	11.25	-7.5	13.75	100	200	0	0	0	0
0	0	61	0	100	200	500	300	500	-1	1	3	0	0	1	1	0	500	500	300	0	0	7	8	11	-7	13	11.25	-7.5	13.75	100	200	0	1	0	0
0	0	61	0	100	200	500	300	500	0	1	3	0	0	1	1	0	100	200	300	37	9	7	8	11	-7	13	11.25	-7.5	13.75	100	200	0	0	0	0
0	0	61	0	100	200	500	300	500	-1	1	4	0	0	1	1	0	500	500	300	0	0	7	8	11	-7	13	11.25	-7.5	13.75	100	200	0	1	0	0
0	0	61	0	100	200	500	300	500	0	1	4	0	0	1	1	0	100	200	300	37	9	7	8	11	-7	13	11.25	-7.5	13.75	100	200	0	0	0	0
0	63	61	0	100	200	500	300	500	-1	-1	-1	0	0	1	1	0	100	200	300	37	9	7	8	11	-7	13	11.25	-7.5	13.75	100	200	0	0	0	0
0	63	61	0	100	200	500	300	500	0	-1	-1	0	0	1	1	0	100	200	300	37	9	7	8	11	-7	13	11.25	-7.5	13.75	100	200	0	0	0	0
0	63	61	0	100	200	500	300	500	-1	-1	0	0	0	1	1	0	100	200	300	37	9	7	8	11	-7	13	11.25	-7.5	13.75	100	200	0	0	0	0
0	63	61	0	100	200	500	300	500	0	-1	0	0	0	1	1	0	100	200	300	37	9	7	8	11	-7	13	11.25	-7.5	13.75	100	200	0	0	0	0
0	63	61	0	100	200	500	300	500	-1	-1	1	0	0	1	1	0	100	200	300	37	9	7	8	11	-7	13	11.25	-7.5	13.75	100	200	0	0	0	0
0	63	61	0	100	200	500	300	500	0	-1	1	0	0	1	1	0	100	200	300	37	9	7	8	11	-7	13	11.25	-7.5	13.75	100	200	0	0	0	0
0	63	61	0	100	200	500	300	500	-1	-1	2	0	0	1	1	0	100	200	300	37	9	7	8	11	-7	13	11.25	-7.5	13.75	100	200	0	0	0	0
0	63	61	0	100	200	500	300	500	0	-1	2	0	0	1	1	0	100	200	300	37	9	7	8	11	-7	13	11.25	-7.5	13.75	100	200	0	0	0	0
0	63	61	0	100	200	500	300	500	-1	-1	3	0	0	1	1	0	100	200	300	37	9	7	8	11	-7	13	11.25	-7.5	13.75	100	200	0	0	0	0
0	63	61	0	100	200	500	300	500	0	-1	3	0	0	1	1	0	100	200	300	37	9	7	8	11	-7	13	11.25	-7.5	13.75	100	200	0	0	0	0
0	63	61	0	100	200	500	300	500	-1	-1	4	0	0	1	1	0	100	200	300	37	9	7	8	11	-7	13	11.25	-7.5	13.75	100	200	0	0	0	0
0	63	61	0	100	200	500	300	500	0	-1	4	0	0	1	1	0	100	200	300	37	9	7	8	11	-7	13	11.25	-7.5	13.75	100	200	0	0	0	0
0	63	61	0	100	200	500	300	500	-1	0	-1	0	0	1	1	0	100	200	300	37	9	7	8	11	-7	13	11.25	-7.5	13.75	100	200	0	0	0	0
0	63	61	0	100	200	500	300	500	0	0	-1	0	0	1	1	0	100	200	300	37	9	7	8	11	-7	13	11.25	-7.5	13.75	100	200	0	0	0	0
0	63	61	0	100	200	500	300	500	-1	0	0	0	0	1	1	0	100	200	300	37	9	7	8	11	-7	13	11.25	-7.5	13.75	100	200	0	0	0	0
0	63	61	0	100	200	500	300	500	0	0	0	0	0	1	1	0	100	200	300	37	9	7	8	11	-7	13	11.25	-7.5	13.75	100	200	0	0	0	0
0	63	61	0	100	200	500	300	500	-1	0	1	0	0	1	1	0	100	200	300	37	9	7	8	11	-7	13	11.25	-7.5	13.75	100	200	0	0	0	0
0	63	61	0	100	200	500	300	500	0	0	1	0	0	1	1	0	100	200	300	37	9	7	8	11	-7	13	11.25	-7.5	13.75	100	200	0	0	0	0
0	63	61	0	100	200	500	300	500	-1	0	2	0	0	1	1	0	100	200	300	37	9	7	8	11	-7	13	11.25	-7.5	13.75	100	200	0	0	0	0
0	63	61	0	100	200	500	300	500	0	0	2	0	0	1	1	0	100	200	300	37	9	7	8	11	-7	13	11.25	-7.5	13.75	100	200	0	0	0	0
0	63	61	0	100	200	500	300	500	-1	0	3	0	0	1	1	0	100	200	300	37	9	7	8	11	-7	13	11.25	-7.5	13.75	100	200	0	0	0	0
0	63	61	0	100	200	500	300	500	0	0	3	0	0	1	1	0	100	200	300	37	9	7	8	11	-7	13	11.25	-7.5	13.75	100	200	0	0	0	0
0	63	61	0	100	200	500	300	500	-1	0	4	0	0	1	1	0	100	200	300	37	9	7	8	11	-7	13	11.25	-7.5	13.75	100	200	0	0	0	0
0	63	61	0	100	200	500	300	500	0	0	4	0	0	1	1	0	100	200	300	37	9	7	8	11	-7	13	11.25	-7.5	13.75	100	200	0	0	0	0
0	63	61	0	100	200	500	300	500	-1	1	-1	0	0	1	1	0	100	200	300	37	9	7	8	11	-7	13	11.25	-7.5	13.75	100	200	0	0	0	0
0	63	61	0	100	200	500	300	500	0	1	-1	0	0	1	1	0	100	200	300	37	9	7	8	11	-7	13	11.25	-7.5	13.75	100	200	0	0	0	0
0	63	61	0	100	200	500	300	500	-1	1	0	0	0	1	1	0	100	200	300	37	9	7	8	11	-7	13	11.25	-7.5	13.75	100	200	0	0	0	0
0	63	61	0	100	200	500	300	500	0	1	0	0	0	1	1	0	100	200	300	37	9	7	8	11	-7	13	11.25	-7.5	13.75	100	200	0	0	0	0
0	63	61	0	100	200	500	300	500	-1	1	1	0	0	1	1	0	100	200	300	37	9	7	8	11	-7	13	11.25	-7.5	13.75	100	200	0	0	0	0
0	63	61	0	100	200	500	300	500	0	1	1	0	0	1	1	0	100	200	300	37	9	7	8	11	-7	13	11.25	-7.5	13.75	100	200	0	0	0	0
0	63	61	0	100	200	500	300	500	-1	1	2	0	0	1	1	0	100	200	300	37	9	7	8	11	-7	13	11.25	-7.5	13.75	100	200	0	0	0	0
0	63	61	0	100	200	500	300	500	0	1	2	0	0	1	1	0	100	200	300	37	9	7	8	11	-7	13	11.25	-7.5	13.75	100	200	0	0	0	0
0	63	61	0	100	200	500	300	500	-1	1	3	0	0	1	1	0	100	200	300	37	9	7	8	11	-7	13	11.25	-7.5	13.75	100	200	0	0	0	0
0	63	61	0	100	200	500	300	500	0	1	3	0	0	1	1	0	100	200	300	37	9	7	8	11	-7	13	11.25	-7.5	13.75	100	200	0	0	0	0
0	63	61	0	100	200	500	300	500	-1	1	4	0	0	1	1	0	100	200	300	37	9	7	8	11	-7	13	11.25	-7.5	13.75	100	200	0	0	0	0
0	63	61	0	100	200	500	300	500	0	1	4	0	0	1	1	0	100	200	300	37	9	7	8	11	-7	13	11.25	-7.5	13.75	100	200	0	0	0	0
0	0	62	0	100	200	500	300	500	-1	-1	-1	0	0	1	1	0	1	200	300	37	9	7	8	11	-7	13	11.25	-7.5	13.75	100	200	0	0	0	0
0	0	62	0	100	200	500	300	500	0	-1	-1	0	0	1	1	0	1	200	300	37	9	7	8	11	-7	13	11.25	-7.5	13.75	100	200	0	0	0	0
0	0	62	0	100	200	500	300	500	-1	-1	0	0	0	1	1	0	1	200	300	37	9	7	8	11	-7	13	11.25	-7.5	13.75	100	200	0	0	0	0
0	0	62	0	100	200	500	300	500	0	-1	0	0	0	1	1	0	1	200	300	37	9	7	8	11	-7	13	11.25	-7.5	13.75	100	200	0	0	0	0
0	0	62	0	100	200	500	300	500	-1	-1	1	0	0	1	1	0	1	200	300	37	9	7	8	11	-7	13	11.25	-7.5	13.75	100	200	0	0	0	0
0	0	62	0	100	200	500	300	500	0	-1	1	0	0	1	1	0	1	200	300	37	9	7	8	11	-7	13	11.25	-7.5	13.75	100	200	0	0	0	0
0	0	62	0	100	200	500	300	500	-1	-1	2	0	0	1	1	0	500	500	300	0	0	7	8	11	-7	13	11.25	-7.5	13.75	100	200	0	1	0	0
0	0	62	0	100	200	500	300	500	0	-1	2	0	0	1	1	0	1	200	300	37	9	7	8	11	-7	13	11.25	-7.5	13.75	100	200	0	0	0	0
0	0	62	0	100	200	500	300	500	-1	-1	3	0	0	1	1	0	500	500	300	0	0	7	8	11	-7	13	11.25	-7.5	13.75	100	200	0	1	0	0
0	0	62	0	100	200	500	300	500	0	-1	3	0	0	1	1	0	1	200	300	37	9	7	8	11	-7	13	11.25	-7.5	13.75	100	200	0	0	0	0
0	0	62	0	100	200	500	300	500	-1	-1	4	0	0	1	1	0	1	200	300	37	9	7	8	11	-7	13	11.25	-7.5	13.75	100	200	0	0	0	0
0	0	62	0	100	200	500	300	500	0	-1	4	0	0	1	1	0	1	200	300	37	9	7	8	11	-7	13	11.25	-7.5	13.75	100	200	0	0	0	0
0	0	62	0	100	200	500	300	500	-1	0	-1	0	0	1	1	0	1	200	300	37	9	7	8	11	-7	13	11.25	-7.5	13.75	100	200	0	0	0	0
0	0	62	0	100	200	500	300	500	0	0	-1	0	0	1	1	0	1	200	300	37	9	7	8	11	-7	13	11.25	-7.5	13.75	100	200	0	0	0	0
0	0	62	0	100	200	500	300	500	-1	0	0	0	0	1	1	0	1	200	300	37	9	7	8	11	-7	13	11.25	-7.5	13.75	100	200	0	0	0	0
0	0	62	0	100	200	500	300	500	0	0	0	0	0	1	1	0	1	200	300	37	9	7	8	11	-7	13	11.25	-7.5	13.75	100	200	0	0	0	0
0	0	62	0	100	200	500	300	500	-1	0	1	0	0	1	1	0	1	200	300	37	9	7	8	11	-7	13	11.25	-7.5	13.75	100	200	0	0	0	0
0	0	62	0	100	200	500	300	500	0	0	1	0	0	1	1	0	1	200	300	37	9	7	8	11	-7	13	11.25	-7.5	13.75	100	200	0	0	0	0
0	0	62	0	100	200	500	300	500	-1	0	2	0	0	1	1	0	500	500	300	0	0	7	8	11	-7	13	11.25	-7.5	13.75	100	200	0	1	0	0
0	0	62	0	100	200	500	300	500	0	0	2	0	0	1	1	0	1	200	300	37	9	7	8	11	-7	13	11.25	-7.5	13.75	100	200	0	0	0	0
0	0	62	0	100	200	500	300	500	-1	0	3	0	0	1	1	0	500	500	300	0	0	7	8	11	-7	13	11.25	-7.5	13.75	100	200	0	1	0	0
0	0	62	0	100	200	500	300	500	0	0	3	0	0	1	1	0	1	200	300	37	9	7	8	11	-7	13	11.25	-7.5	13.75	100	200	0	0	0	0
0	0	62	0	100	200	500	300	500	-1	0	4	0	0	1	1	0	1	200	300	37	9	7	8	11	-7	13	11.25	-7.5	13.75	100	200	0	0	0	0
0	0	62	0	100	200	500	300	500	0	0	4	0	0	1	1	0	1	200	300	37	9	7	8	11	-7	13	11.25	-7.5	13.75	100	200	0	0	0	0
0	0	62	0	100	200	500	300	500	-1	1	-1	0	0	1	1	0	500	500	300	0	0	7	8	11	-7	13	11.25	-7.5	13.75	100	200	0	1	0	0
0	0	62	0	100	200	500	300	500	0	1	-1	0	0	1	1	0	1	200	300	37	9	7	8	11	-7	13	11.25	-7.5	13.75	100	200	0	0	0	0
0	0	62	0	100	200	500	300	500	-1	1	0	0	0	1	1	0	500	500	300	0	0	7	8	11	-7	13	11.25	-7.5	13.75	100	200	0	1	0	0
0	0	62	0	100	200	500	300	500	0	1	0	0	0	1	1	0	1	200	300	37	9	7	8	11	-7	13	11.25	-7.5	13.75	100	200	0	0	0	0
0	0	62	0	100	200	500	300	500	-1	1	1	0	0	1	1	0	500	500	300	0	0	7	8	11	-7	13	11.25	-7.5	13.75	100	200	0	1	0	0
0	0	62	0	100	200	500	300	500	0	1	1	0	0	1	1	0	1	200	300	37	9	7	8	11	-7	13	11.25	-7.5	13.75	100	200	0	0	0	0
0	0	62	0	100	200	500	300	500	-1	1	2	0	0	1	1	0	500	500	300	0	0	7	8	11	-7	13	11.25	-7.5	13.75	100	200	0	1	0	0
0	0	62	0	100	200	500	300	500	0	1	2	0	0	1	1	0	1	200	300	37	9	7	8	11	-7	13	11.25	-7.5	13.75	100	200	0	0	0	0
0	0	62	0	100	200	500	300	500	-1	1	3	0	0	1	1	0	500	500	300	0	0	7	8	11	-7	13	11.25	-7.5	13.75	100	200	0	1	0	0
0	0	62	0	100	200	500	300	500	0	1	3	0	0	1	1	0	1	200	300	37	9	7	8	11	-7	13	11.25	-7.5	13.75	100	200	0	0	0	0
0	0	62	0	100	200	500	300	500	-1	1	4	0	0	1	1	0	500	500	300	0	0	7	8	11	-7	13	11.25	-7.5	13.75	100	200	0	1	0	0
0	0	62	0	100	200	500	300	500	0	1	4	0	0	1	1	0	1	200	300	37	9	7	8	11	-7	13	11.25	-7.5	13.75	100	200	0	0	0	0
0	63	62	0	100	200	500	300	500	-1	-1	-1	0	0	1	1	0	1	200	300	37	9	7	8	11	-7	13	11.25	-7.5	13.75	100	200	0	0	0	0
0	63	62	0	100	200	500	300	500	0	-1	-1	0	0	1	1	0	1	200	300	37	9	7	8	11	-7	13	11.25	-7.5	13.75	100	200	0	0	0	0
0	63	62	0	100	200	500	300	500	-1	-1	0	0	0	1	1	0	1	200	300	37	9	7	8	11	-7	13	11.25	-7.5	13.75	100	200	0	0	0	0
0	63	62	0	100	200	500	300	500	0	-1	0	0	0	1	1	0	1	200	300	37	9	7	8	11	-7	13	11.25	-7.5	13.75	100	200	0	0	0	0
0	63	62	0	100	200	500	300	500	-1	-1	1	0	0	1	1	0	1	200	300	37	9	7	8	11	-7	13	11.25	-7.5	13.75	100	200	0	0	0	0
0	63	62	0	100	200	500	300	500	0	-1	1	0	0	1	1	0	1	200	300	37	9	7	8	11	-7	13	11.25	-7.5	13.75	100	200	0	0	0	0
0	63	62	0	100	200	500	300	500	-1	-1	2	0	0	1	1	0	1	200	300	37	9	7	8	11	-7	13	11.25	-7.5	13.75	100	200	0	0	0	0
0	63	62	0	100	200	500	300	500	0	-1	2	0	0	1	1	0	1	200	300	37	9	7	8	11	-7	13	11.25	-7.5	13.75	100	200	0	0	0	0
0	63	62	0	100	200	500	300	500	-1	-1	3	0	0	1	1	0	1	200	300	37	9	7	8	11	-7	13	11.25	-7.5	13.75	100	200	0	0	0	0
0	63	62	0	100	200	500	300	500	0	-1	3	0	0	1	1	0	1	200	300	37	9	7	8	11	-7	13	11.25	-7.5	13.75	100	200	0	0	0	0
0	63	62	0	100	200	500	300	500	-1	-1	4	0	0	1	1	0	1	200	300	37	9	7	8	11	-7	13	11.25	-7.5	13.75	100	200	0	0	0	0
0	63	62	0	100	200	500	300	500	0	-1	4	0	0	1	1	0	1	200	300	37	9	7	8	11	-7	13	11.25	-7.5	13.75	100	200	0	0	0	0
0	63	62	0	100	200	500	300	500	-1	0	-1	0	0	1	1	0	1	200	300	37	9	7	8	11	-7	13	11.25	-7.5	13.75	100	200	0	0	0	0
0	63	62	0	100	200	500	300	500	0	0	-1	0	0	1	1	0	1	200	300	37	9	7	8	11	-7	13	11.25	-7.5	13.75	100	200	0	0	0	0
0	63	62	0	100	200	500	300	500	-1	0	0	0	0	1	1	0	1	200	300	37	9	7	8	11	-7	13	11.25	-7.5	13.75	100	200	0	0	0	0
0	63	62	0	100	200	500	300	500	0	0	0	0	0	1	1	0	1	200	300	37	9	7	8	11	-7	13	11.25	-7.5	13.75	100	200	0	0	0	0
0	63	62	0	100	200	500	300	500	-1	0	1	0	0	1	1	0	1	200	300	37	9	7	8	11	-7	13	11.25	-7.5	13.75	100	200	0	0	0	0
0	63	62	0	100	200	500	300	500	0	0	1	0	0	1	1	0	1	200	300	37	9	7	8	11	-7	13	11.25	-7.5	13.75	100	200	0	0	0	0
0	63	62	0	100	200	500	300	500	-1	0	2	0	0	1	1	0	1	200	300	37	9	7	8	11	-7	13	11.25	-7.5	13.75	100	200	0	0	0	0
0	63	62	0	100	200	500	300	500	0	0	2	0	0	1	1	0	1	200	300	37	9	7	8	11	-7	13	11.25	-7.5	13.75	100	200	0	0	0	0
0	63	62	0	100	200	500	300	500	-1	0	3	0	0	1	1	0	1	200	300	37	9	7	8	11	-7	13	11.25	-7.5	13.75	100	200	0	0	0	0
0	63	62	0	100	200	500	300	500	0	0	3	0	0	1	1	0	1	200	300	37	9	7	8	11	-7	13	11.25	-7.5	13.75	100	200	0	0	0	0
0	63	62	0	100	200	500	300	500	-1	0	4	0	0	1	1	0	1	200	300	37	9	7	8	11	-7	13	11.25	-7.5	13.75	100	200	0	0	0	0
0	63	62	0	100	200	500	300	500	0	0	4	0	0	1	1	0	1	200	300	37	9	7	8	11	-7	13	11.25	-7.5	13.75	100	200	0	0	0	0
0	63	62	0	100	200	500	300	500	-1	1	-1	0	0	1	1	0	1	200	300	37	9	7	8	11	-7	13	11.25	-7.5	13.75	100	200	0	0	0	0
0	63	62	0	100	200	500	300	500	0	1	-1	0	0	1	1	0	1	200	300	37	9	7	8	11	-7	13	11.25	-7.5	13.75	100	200	0	0	0	0
0	63	62	0	100	200	500	300	500	-1	1	0	0	0	1	1	0	1	200	300	37	9	7	8	11	-7	13	11.25	-7.5	13.75	100	200	0	0	0	0
0	63	62	0	100	200	500	300	500	0	1	0	0	0	1	1	0	1	200	300	37	9	7	8	11	-7	13	11.25	-7.5	13.75	100	200	0	0	0	0
0	63	62	0	100	200	500	300	500	-1	1	1	0	0	1	1	0	1	200	300	37	9	7	8	11	-7	13	11.25	-7.5	13.75	100	200	0	0	0	0
0	63	62	0	100	200	500	300	500	0	1	1	0	0	1	1	0	1	200	300	37	9	7	8	11	-7	13	11.25	-7.5	13.75	100	200	0	0	0	0
0	63	62	0	100	200	500	300	500	-1	1	2	0	0	1	1	0	1	200	300	37	9	7	8	11	-7	13	11.25	-7.5	13.75	100	200	0	0	0	0
0	63	62	0	100	200	500	300	500	0	1	2	0	0	1	1	0	1	200	300	37	9	7	8	11	-7	13	11.25	-7.5	13.75	100	200	0	0	0	0
0	63	62	0	100	200	500	300	500	-1	1	3	0	0	1	1	0	1	200	300	37	9	7	8	11	-7	13	11.25	-7.5	13.75	100	200	0	0	0	0
0	63	62	0	100	200	500	300	500	0	1	3	0	0	1	1	0	1	200	300	37	9	7	8	11	-7	13	11.25	-7.5	13.75	100	200	0	0	0	0
0	63	62	0	100	200	500	300	500	-1	1	4	0	0	1	1	0	1	200	300	37	9	7	8	11	-7	13	11.25	-7.5	13.75	100	200	0	0	0	0
0	63	62	0	100	200	500	300	500	0	1	4	0	0	1	1	0	1	200	300	37	9	7	8	11	-7	13	11.25	-7.5	13.75	100	200	0	0	0	0
0	0	63	0	100	200	500	300	500	-1	-1	-1	0	0	1	1	0	0	0	300	37	9	7	8	11	-7	13	11.25	-7.5	13.75	100	200	0	0	0	0
0	0	63	0	100	200	500	300	500	0	-1	-1	0	0	1	1	0	0	0	300	37	9	7	8	11	-7	13	11.25	-7.5	13.75	100	200	0	0	0	0
0	0	63	0	100	200	500	300	500	-1	-1	0	0	0	1	1	0	0	0	300	37	9	7	8	11	-7	13	11.25	-7.5	13.75	100	200	0	0	0	0
0	0	63	0	100	200	500	300	500	0	-1	0	0	0	1	1	0	0	0	300	37	9	7	8	11	-7	13	11.25	-7.5	13.75	100	200	0	0	0	0
0	0	63	0	100	200	500	300	500	-1	-1	1	0	0	1	1	0	0	0	300	37	9	7	8	11	-7	13	11.25	-7.5	13.75	100	200	0	0	0	0
0	0	63	0	100	200	500	300	500	0	-1	1	0	0	1	1	0	0	0	300	37	9	7	8	11	-7	13	11.25	-7.5	13.75	100	200	0	0	0	0
0	0	63	0	100	200	500	300	500	-1	-1	2	0	0	1	1	0	500	500	300	0	0	7	8	11	-7	13	11.25	-7.5	13.75	100	200	0	1	0	0
0	0	63	0	100	200	500	300	500	0	-1	2	0	0	1	1	0	0	0	300	37	9	7	8	11	-7	13	11.25	-7.5	13.75	100	200	0	0	0	0
0	0	63	0	100	200	500	300	500	-1	-1	3	0	0	1	1	0	500	500	300	0	0	7	8	11	-7	13	11.25	-7.5	13.75	100	200	0	1	0	0
0	0	63	0	100	200	500	300	500	0	-1	3	0	0	1	1	0	0	0	300	37	9	7	8	11	-7	13	11.25	-7.5	13.75	100	200	0	0	0	0
0	0	63	0	100	200	500	300	500	-1	-1	4	0	0	1	1	0	0	0	300	37	9	7	8	11	-7	13	11.25	-7.5	13.75	100	200	0	0	0	0
0	0	63	0	100	200	500	300	500	0	-1	4	0	0	1	1	0	0	0	300	37	9	7	8	11	-7	13	11.25	-7.5	13.75	100	200	0	0	0	0
0	0	63	0	100	200	500	300	500	-1	0	-1	0	0	1	1	0	0	0	300	37	9	7	8	11	-7	13	11.25	-7.5	13.75	100	200	0	0	0	0
0	0	63	0	100	200	500	300	500	0	0	-1	0	0	1	1	0	0	0	300	37	9	7	8	11	-7	13	11.25	-7.5	13.75	100	200	0	0	0	0
0	0	63	0	100	200	500	300	500	-1	0	0	0	0	1	1	0	0	0	300	37	9	7	8	11	-7	13	11.25	-7.5	13.75	100	200	0	0	0	0
0	0	63	0	100	200	500	300	500	0	0	0	0	0	1	1	0	0	0	300	37	9	7	8	11	-7	13	11.25	-7.5	13.75	100	200	0	0	0	0
0	0	63	0	100	200	500	300	500	-1	0	1	0	0	1	1	0	0	0	300	37	9	7	8	11	-7	13	11.25	-7.5	13.75	100	200	0	0	0	0
0	0	63	0	100	200	500	300	500	0	0	1	0	0	1	1	0	0	0	300	37	9	7	8	11	-7	13	11.25	-7.5	13.75	100	200	0	0	0	0
0	0	63	0	100	200	500	300	500	-1	0	2	0	0	1	1	0	500	500	300	0	0	7	8	11	-7	13	11.25	-7.5	13.75	100	200	0	1	0	0
0	0	63	0	100	200	500	300	500	0	0	2	0	0	1	1	0	0	0	300	37	9	7	8	11	-7	13	11.25	-7.5	13.75	100	200	0	0	0	0
0	0	63	0	100	200	500	300	500	-1	0	3	0	0	1	1	0	500	500	300	0	0	7	8	11	-7	13	11.25	-7.5	13.75	100	200	0	1	0	0
0	0	63	0	100	200	500	300	500	0	0	3	0	0	1	1	0	0	0	300	37	9	7	8	11	-7	13	11.25	-7.5	13.75	100	200	0	0	0	0
0	0	63	0	100	200	500	300	500	-1	0	4	0	0	1	1	0	0	0	300	37	9	7	8	11	-7	13	11.25	-7.5	13.75	100	200	0	0	0	0
0	0	63	0	100	200	500	300	500	0	0	4	0	0	1	1	0	0	0	300	37	9	7	8	11	-7	13	11.25	-7.5	13.75	100	200	0	0	0	0
0	0	63	0	100	200	500	300	500	-1	1	-1	0	0	1	1	0	500	500	300	0	0	7	8	11	-7	13	11.25	-7.5	13.75	100	200	0	1	0	0
0	0	63	0	100	200	500	300	500	0	1	-1	0	0	1	1	0	0	0	300	37	9	7	8	11	-7	13	11.25	-7.5	13.75	100	200	0	0	0	0
0	0	63	0	100	200	500	300	500	-1	1	0	0	0	1	1	0	500	500	300	0	0	7	8	11	-7	13	11.25	-7.5	13.75	100	200	0	1	0	0
0	0	63	0	100	200	500	300	500	0	1	0	0	0	1	1	0	0	0	300	37	9	7	8	11	-7	13	11.25	-7.5	13.75	100	200	0	0	0	0
0	0	63	0	100	200	500	300	500	-1	1	1	0	0	1	1	0	500	500	300	0	0	7	8	11	-7	13	11.25	-7.5	13.75	100	200	0	1	0	0
0	0	63	0	100	200	500	300	500	0	1	1	0	0	1	1	0	0	0	300	37	9	7	8	11	-7	13	11.25	-7.5	13.75	100	200	0	0	0	0
0	0	63	0	100	200	500	300	500	-1	1	2	0	0	1	1	0	500	500	300	0	0	7	8	11	-7	13	11.25	-7.5	13.75	100	200	0	1	0	0
0	0	63	0	100	200	500	300	500	0	1	2	0	0	1	1	0	0	0	300	37	9	7	8	11	-7	13	11.25	-7.5	13.75	100	200	0	0	0	0
0	0	63	0	100	200	500	300	500	-1	1	3	0	0	1	1	0	500	500	300	0	0	7	8	11	-7	13	11.25	-7.5	13.75	100	200	0	1	0	0
0	0	63	0	100	200	500	300	500	0	1	3	0	0	1	1	0	0	0	300	37	9	7	8	11	-7	13	11.25	-7.5	13.75	100	200	0	0	0	0
0	0	63	0	100	200	500	300	500	-1	1	4	0	0	1	1	0	500	500	300	0	0	7	8	11	-7	13	11.25	-7.5	13.75	100	200	0	1	0	0
0	0	63	0	100	200	500	300	500	0	1	4	0	0	1	1	0	0	0	300	37	9	7	8	11	-7	13	11.25	-7.5	13.75	100	200	0	0	0	0
0	63	63	0	100	200	500	300	500	-1	-1	-1	0	0	1	1	0	0	0	300	37	9	7	8	11	-7	13	11.25	-7.5	13.75	100	200	0	0	0	0
0	63	63	0	100	200	500	300	500	0	-1	-1	0	0	1	1	0	0	0	300	37	9	7	8	11	-7	13	11.25	-7.5	13.75	100	200	0	0	0	0
0	63	63	0	100	200	500	300	500	-1	-1	0	0	0	1	1	0	0	0	300	37	9	7	8	11	-7	13	11.25	-7.5	13.75	100	200	0	0	0	0
0	63	63	0	100	200	500	300	500	0	-1	0	0	0	1	1	0	0	0	300	37	9	7	8	11	-7	13	11.25	-7.5	13.75	100	200	0	0	0	0
0	63	63	0	100	200	500	300	500	-1	-1	1	0	0	1	1	0	0	0	300	37	9	7	8	11	-7	13	11.25	-7.5	13.75	100	200	0	0	0	0
0	63	63	0	100	200	500	300	500	0	-1	1	0	0	1	1	0	0	0	300	37	9	7	8	11	-7	13	11.25	-7.5	13.75	100	200	0	0	0	0
0	63	63	0	100	200	500	300	500	-1	-1	2	0	0	1	1	0	0	0	300	37	9	7	8	11	-7	13	11.25	-7.5	13.75	100	200	0	0	0	0
0	63	63	0	100	200	500	300	500	0	-1	2	0	0	1	1	0	0	0	300	37	9	7	8	11	-7	13	11.25	-7.5	13.75	100	200	0	0	0	0
0	63	63	0	100	200	500	300	500	-1	-1	3	0	0	1	1	0	0	0	300	37	9	7	8	11	-7	13	11.25	-7.5	13.75	100	200	0	0	0	0
0	63	63	0	100	200	500	300	500	0	-1	3	0	0	1	1	0	0	0	300	37	9	7	8	11	-7	13	11.25	-7.5	13.75	100	200	0	0	0	0
0	63	63	0	100	200	500	300	500	-1	-1	4	0	0	1	1	0	0	0	300	37	9	7	8	11	-7	13	11.25	-7.5	13.75	100	200	0	0	0	0
0	63	63	0	100	200	500	300	500	0	-1	4	0	0	1	1	0	0	0	300	37	9	7	8	11	-7	13	11.25	-7.5	13.75	100	200	0	0	0	0
0	63	63	0	100	200	500	300	500	-1	0	-1	0	0	1	1	0	0	0	300	37	9	7	8	11	-7	13	11.25	-7.5	13.75	100	200	0	0	0	0
0	63	63	0	100	200	500	300	500	0	0	-1	0	0	1	1	0	0	0	300	37	9	7	8	11	-7	13	11.25	-7.5	13.75	100	200	0	0	0	0
0	63	63	0	100	200	500	300	500	-1	0	0	0	0	1	1	0	0	0	300	37	9	7	8	11	-7	13	11.25	-7.5	13.75	100	200	0	0	0	0
0	63	63	0	100	200	500	300	500	0	0	0	0	0	1	1	0	0	0	300	37	9	7	8	11	-7	13	11.25	-7.5	13.75	100	200	0	0	0	0
0	63	63	0	100	200	500	300	500	-1	0	1	0	0	1	1	0	0	0	300	37	9	7	8	11	-7	13	11.25	-7.5	13.75	100	200	0	0	0	0
0	63	63	0	100	200	500	300	500	0	0	1	0	0	1	1	0	0	0	300	37	9	7	8	11	-7	13	11.25	-7.5	13.75	100	200	0	0	0	0
0	63	63	0	100	200	500	300	500	-1	0	2	0	0	1	1	0	0	0	300	37	9	7	8	11	-7	13	11.25	-7.5	13.75	100	200	0	0	0	0
0	63	63	0	100	200	500	300	500	0	0	2	0	0	1	1	0	0	0	300	37	9	7	8	11	-7	13	11.25	-7.5	13.75	100	200	0	0	0	0
0	63	63	0	100	200	500	300	500	-1	0	3	0	0	1	1	0	0	0	300	37	9	7	8	11	-7	13	11.25	-7.5	13.75	100	200	0	0	0	0
0	63	63	0	100	200	500	300	500	0	0	3	0	0	1	1	0	0	0	300	37	9	7	8	11	-7	13	11.25	-7.5	13.75	100	200	0	0	0	0
0	63	63	0	100	200	500	300	500	-1	0	4	0	0	1	1	0	0	0	300	37	9	7	8	11	-7	13	11.25	-7.5	13.75	100	200	0	0	0	0
0	63	63	0	100	200	500	300	500	0	0	4	0	0	1	1	0	0	0	300	37	9	7	8	11	-7	13	11.25	-7.5	13.75	100	200	0	0	0	0
0	63	63	0	100	200	500	300	500	-1	1	-1	0	0	1	1	0	0	0	300	37	9	7	8	11	-7	13	11.25	-7.5	13.75	100	200	0	0	0	0
0	63	63	0	100	200	500	300	500	0	1	-1	0	0	1	1	0	0	0	300	37	9	7	8	11	-7	13	11.25	-7.5	13.75	100	200	0	0	0	0
0	63	63	0	100	200	500	300	500	-1	1	0	0	0	1	1	0	0	0	300	37	9	7	8	11	-7	13	11.25	-7.5	13.75	100	200	0	0	0	0
0	63	63	0	100	200	500	300	500	0	1	0	0	0	1	1	0	0	0	300	37	9	7	8	11	-7	13	11.25	-7.5	13.75	100	200	0	0	0	0
0	63	63	0	100	200	500	300	500	-1	1	1	0	0	1	1	0	0	0	300	37	9	7	8	11	-7	13	11.25	-7.5	13.75	100	200	0	0	0	0
0	63	63	0	100	200	500	300	500	0	1	1	0	0	1	1	0	0	0	300	37	9	7	8	11	-7	13	11.25	-7.5	13.75	100	200	0	0	0	0
0	63	63	0	100	200	500	300	500	-1	1	2	0	0	1	1	0	0	0	300	37	9	7	8	11	-7	13	11.25	-7.5	13.75	100	200	0	0	0	0
0	63	63	0	100	200	500	300	500	0	1	2	0	0	1	1	0	0	0	300	37	9	7	8	11	-7	13	11.25	-7.5	13.75	100	200	0	0	0	0
0	63	63	0	100	200	500	300	500	-1	1	3	0	0	1	1	0	0	0	300	37	9	7	8	11	-7	13	11.25	-7.5	13.75	100	200	0	0	0	0
0	63	63	0	100	200	500	300	500	0	1	3	0	0	1	1	0	0	0	300	37	9	7	8	11	-7	13	11.25	-7.5	13.75	100	200	0	0	0	0
0	63	63	0	100	200	500	300	500	-1	1	4	0	0	1	1	0	0	0	300	37	9	7	8	11	-7	13	11.25	-7.5	13.75	100	200	0	0	0	0
0	63	63	0	100	200	500	300	500	0	1	4	0	0	1	1	0	0	0	300	37	9	7	8	11	-7	13	11.25	-7.5	13.75	100	200	0	0	0	0
0	0	64	0	100	200	500	300	500	-1	-1	-1	0	0	1	1	0	100	200	0	37	9	7	8	11	-7	13	11.25	-7.5	13.75	100	200	0	0	0	0
0	0	64	0	100	200	500	300	500	0	-1	-1	0	0	1	1	0	100	200	0	37	9	7	8	11	-7	13	11.25	-7.5	13.75	100	200	0	0	0	0
0	0	64	0	100	200	500	300	500	-1	-1	0	0	0	1	1	0	100	200	0	37	9	7	8	11	-7	13	11.25	-7.5	13.75	100	200	0	0	0	0
0	0	64	0	100	200	500	300	500	0	-1	0	0	0	1	1	0	100	200	0	37	9	7	8	11	-7	13	11.25	-7.5	13.75	100	200	0	0	0	0
0	0	64	0	100	200	500	300	500	-1	-1	1	0	0	1	1	0	100	200	0	37	9	7	8	11	-7	13	11.25	-7.5	13.75	100	200	0	0	0	0
0	0	64	0	100	200	500	300	500	0	-1	1	0	0	1	1	0	100	200	0	37	9	7	8	11	-7	13	11.25	-7.5	13.75	100	200	0	0	0	0
0	0	64	0	100	200	500	300	500	-1	-1	2	0	0	1	1	0	500	500	0	0	0	7	8	11	-7	13	11.25	-7.5	13.75	100	200	0	1	0	0
0	0	64	0	100	200	500	300	500	0	-1	2	0	0	1	1	0	100	200	0	37	9	7	8	11	-7	13	11.25	-7.5	13.75	100	200	0	0	0	0
0	0	64	0	100	200	500	300	500	-1	-1	3	0	0	1	1	0	500	500	0	0	0	7	8	11	-7	13	11.25	-7.5	13.75	100	200	0	1	0	0
0	0	64	0	100	200	500	300	500	0	-1	3	0	0	1	1	0	100	200	0	37	9	7	8	11	-7	13	11.25	-7.5	13.75	100	200	0	0	0	0
0	0	64	0	100	200	500	300	500	-1	-1	4	0	0	1	1	0	100	200	0	37	9	7	8	11	-7	13	11.25	-7.5	13.75	100	200	0	0	0	0
0	0	64	0	100	200	500	300	500	0	-1	4	0	0	1	1	0	100	200	0	37	9	7	8	11	-7	13	11.25	-7.5	13.75	100	200	0	0	0	0
0	0	64	0	100	200	500	300	500	-1	0	-1	0	0	1	1	0	100	200	0	37	9	7	8	11	-7	13	11.25	-7.5	13.75	100	200	0	0	0	0
0	0	64	0	100	200	500	300	500	0	0	-1	0	0	1	1	0	100	200	0	37	9	7	8	11	-7	13	11.25	-7.5	13.75	100	200	0	0	0	0
0	0	64	0	100	200	500	300	500	-1	0	0	0	0	1	1	0	100	200	0	37	9	7	8	11	-7	13	11.25	-7.5	13.75	100	200	0	0	0	0
0	0	64	0	100	200	500	300	500	0	0	0	0	0	1	1	0	100	200	0	37	9	7	8	11	-7	13	11.25	-7.5	13.75	100	200	0	0	0	0
0	0	64	0	100	200	500	300	500	-1	0	1	0	0	1	1	0	100	200	0	37	9	7	8	11	-7	13	11.25	-7.5	13.75	100	200	0	0	0	0
0	0	64	0	100	200	500	300	500	0	0	1	0	0	1	1	0	100	200	0	37	9	7	8	11	-7	13	11.25	-7.5	13.75	100	200	0	0	0	0
0	0	64	0	100	200	500	300	500	-1	0	2	0	0	1	1	0	500	500	0	0	0	7	8	11	-7	13	11.25	-7.5	13.75	100	200	0	1	0	0
0	0	64	0	100	200	500	300	500	0	0	2	0	0	1	1	0	100	200	0	37	9	7	8	11	-7	13	11.25	-7.5	13.75	100	200	0	0	0	0
0	0	64	0	100	200	500	300	500	-1	0	3	0	0	1	1	0	500	500	0	0	0	7	8	11	-7	13	11.25	-7.5	13.75	100	200	0	1	0	0
0	0	64	0	100	200	500	300	500	0	0	3	0	0	1	1	0	100	200	0	37	9	7	8	11	-7	13	11.25	-7.5	13.75	100	200	0	0	0	0
0	0	64	0	100	200	500	300	500	-1	0	4	0	0	1	1	0	100	200	0	37	9	7	8	11	-7	13	11.25	-7.5	13.75	100	200	0	0	0	0
0	0	64	0	100	200	500	300	500	0	0	4	0	0	1	1	0	100	200	0	37	9	7	8	11	-7	13	11.25	-7.5	13.75	100	200	0	0	0	0
0	0	64	0	100	200	500	300	500	-1	1	-1	0	0	1	1	0	500	500	0	0	0	7	8	11	-7	13	11.25	-7.5	13.75	100	200	0	1	0	0
0	0	64	0	100	200	500	300	500	0	1	-1	0	0	1	1	0	100	200	0	37	9	7	8	11	-7	13	11.25	-7.5	13.75	100	200	0	0	0	0
0	0	64	0	100	200	500	300	500	-1	1	0	0	0	1	1	0	500	500	0	0	0	7	8	11	-7	13	11.25	-7.5	13.75	100	200	0	1	0	0
0	0	64	0	100	200	500	300	500	0	1	0	0	0	1	1	0	100	200	0	37	9	7	8	11	-7	13	11.25	-7.5	13.75	100	200	0	0	0	0
0	0	64	0	100	200	500	300	500	-1	1	1	0	0	1	1	0	500	500	0	0	0	7	8	11	-7	13	11.25	-7.5	13.75	100	200	0	1	0	0
0	0	64	0	100	200	500	300	500	0	1	1	0	0	1	1	0	100	200	0	37	9	7	8	11	-7	13	11.25	-7.5	13.75	100	200	0	0	0	0
0	0	64	0	100	200	500	300	500	-1	1	2	0	0	1	1	0	500	500	0	0	0	7	8	11	-7	13	11.25	-7.5	13.75	100	200	0	1	0	0
0	0	64	0	100	200	500	300	500	0	1	2	0	0	1	1	0	100	200	0	37	9	7	8	11	-7	13	11.25	-7.5	13.75	100	200	0	0	0	0
0	0	64	0	100	200	500	300	500	-1	1	3	0	0	1	1	0	500	500	0	0	0	7	8	11	-7	13	11.25	-7.5	13.75	100	200	0	1	0	0
0	0	64	0	100	200	500	300	500	0	1	3	0	0	1	1	0	100	200	0	37	9	7	8	11	-7	13	11.25	-7.5	13.75	100	200	0	0	0	0
0	0	64	0	100	200	500	300	500	-1	1	4	0	0	1	1	0	500	500	0	0	0	7	8	11	-7	13	11.25	-7.5	13.75	100	200	0	1	0	0
0	0	64	0	100	200	500	300	500	0	1	4	0	0	1	1	0	100	200	0	37	9	7	8	11	-7	13	11.25	-7.5	13.75	100	200	0	0	0	0
0	63	64	0	100	200	500	300	500	-1	-1	-1	0	0	1	1	0	100	200	0	37	9	7	8	11	-7	13	11.25	-7.5	13.75	100	200	0	0	0	0
0	63	64	0	100	200	500	300	500	0	-1	-1	0	0	1	1	0	100	200	0	37	9	7	8	11	-7	13	11.25	-7.5	13.75	100	200	0	0	0	0
0	63	64	0	100	200	500	300	500	-1	-1	0	0	0	1	1	0	100	200	0	37	9	7	8	11	-7	13	11.25	-7.5	13.75	100	200	0	0	0	0
0	63	64	0	100	200	500	300	500	0	-1	0	0	0	1	1	0	100	200	0	37	9	7	8	11	-7	13	11.25	-7.5	13.75	100	200	0	0	0	0
0	63	64	0	100	200	500	300	500	-1	-1	1	0	0	1	1	0	100	200	0	37	9	7	8	11	-7	13	11.25	-7.5	13.75	100	200	0	0	0	0
0	63	64	0	100	200	500	300	500	0	-1	1	0	0	1	1	0	100	200	0	37	9	7	8	11	-7	13	11.25	-7.5	13.75	100	200	0	0	0	0
0	63	64	0	100	200	500	300	500	-1	-1	2	0	0	1	1	0	100	200	0	37	9	7	8	11	-7	13	11.25	-7.5	13.75	100	200	0	0	0	0
0	63	64	0	100	200	500	300	500	0	-1	2	0	0	1	1	0	100	200	0	37	9	7	8	11	-7	13	11.25	-7.5	13.75	100	200	0	0	0	0
0	63	64	0	100	200	500	300	500	-1	-1	3	0	0	1	1	0	100	200	0	37	9	7	8	11	-7	13	11.25	-7.5	13.75	100	200	0	0	0	0
0	63	64	0	100	200	500	300	500	0	-1	3	0	0	1	1	0	100	200	0	37	9	7	8	11	-7	13	11.25	-7.5	13.75	100	200	0	0	0	0
0	63	64	0	100	200	500	300	500	-1	-1	4	0	0	1	1	0	100	200	0	37	9	7	8	11	-7	13	11.25	-7.5	13.75	100	200	0	0	0	0
0	63	64	0	100	200	500	300	500	0	-1	4	0	0	1	1	0	100	200	0	37	9	7	8	11	-7	13	11.25	-7.5	13.75	100	200	0	0	0	0
0	63	64	0	100	200	500	300	500	-1	0	-1	0	0	1	1	0	100	200	0	37	9	7	8	11	-7	13	11.25	-7.5	13.75	100	200	0	0	0	0
0	63	64	0	100	200	500	300	500	0	0	-1	0	0	1	1	0	100	200	0	37	9	7	8	11	-7	13	11.25	-7.5	13.75	100	200	0	0	0	0
0	63	64	0	100	200	500	300	500	-1	0	0	0	0	1	1	0	100	200	0	37	9	7	8	11	-7	13	11.25	-7.5	13.75	100	200	0	0	0	0
0	63	64	0	100	200	500	300	500	0	0	0	0	0	1	1	0	100	200	0	37	9	7	8	11	-7	13	11.25	-7.5	13.75	100	200	0	0	0	0
0	63	64	0	100	200	500	300	500	-1	0	1	0	0	1	1	0	100	200	0	37	9	7	8	11	-7	13	11.25	-7.5	13.75	100	200	0	0	0	0
0	63	64	0	100	200	500	300	500	0	0	1	0	0	1	1	0	100	200	0	37	9	7	8	11	-7	13	11.25	-7.5	13.75	100	200	0	0	0	0
0	63	64	0	100	200	500	300	500	-1	0	2	0	0	1	1	0	100	200	0	37	9	7	8	11	-7	13	11.25	-7.5	13.75	100	200	0	0	0	0
0	63	64	0	100	200	500	300	500	0	0	2	0	0	1	1	0	100	200	0	37	9	7	8	11	-7	13	11.25	-7.5	13.75	100	200	0	0	0	0
0	63	64	0	100	200	500	300	500	-1	0	3	0	0	1	1	0	100	200	0	37	9	7	8	11	-7	13	11.25	-7.5	13.75	100	200	0	0	0	0
0	63	64	0	100	200	500	300	500	0	0	3	0	0	1	1	0	100	200	0	37	9	7	8	11	-7	13	11.25	-7.5	13.75	100	200	0	0	0	0
0	63	64	0	100	200	500	300	500	-1	0	4	0	0	1	1	0	100	200	0	37	9	7	8	11	-7	13	11.25	-7.5	13.75	100	200	0	0	0	0
0	63	64	0	100	200	500	300	500	0	0	4	0	0	1	1	0	100	200	0	37	9	7	8	11	-7	13	11.25	-7.5	13.75	100	200	0	0	0	0
0	63	64	0	100	200	500	300	500	-1	1	-1	0	0	1	1	0	100	200	0	37	9	7	8	11	-7	13	11.25	-7.5	13.75	100	200	0	0	0	0
0	63	64	0	100	200	500	300	500	0	1	-1	0	0	1	1	0	100	200	0	37	9	7	8	11	-7	13	11.25	-7.5	13.75	100	200	0	0	0	0
0	63	64	0	100	200	500	300	500	-1	1	0	0	0	1	1	0	100	200	0	37	9	7	8	11	-7	13	11.25	-7.5	13.75	100	200	0	0	0	0
0	63	64	0	100	200	500	300	500	0	1	0	0	0	1	1	0	100	200	0	37	9	7	8	11	-7	13	11.25	-7.5	13.75	100	200	0	0	0	0
0	63	64	0	100	200	500	300	500	-1	1	1	0	0	1	1	0	100	200	0	37	9	7	8	11	-7	13	11.25	-7.5	13.75	100	200	0	0	0	0
0	63	64	0	100	200	500	300	500	0	1	1	0	0	1	1	0	100	200	0	37	9	7	8	11	-7	13	11.25	-7.5	13.75	100	200	0	0	0	0
0	63	64	0	100	200	500	300	500	-1	1	2	0	0	1	1	0	100	200	0	37	9	7	8	11	-7	13	11.25	-7.5	13.75	100	200	0	0	0	0
0	63	64	0	100	200	500	300	500	0	1	2	0	0	1	1	0	100	200	0	37	9	7	8	11	-7	13	11.25	-7.5	13.75	100	200	0	0	0	0
0	63	64	0	100	200	500	300	500	-1	1	3	0	0	1	1	0	100	200	0	37	9	7	8	11	-7	13	11.25	-7.5	13.75	100	200	0	0	0	0
0	63	64	0	100	200	500	300	500	0	1	3	0	0	1	1	0	100	200	0	37	9	7	8	11	-7	13	11.25	-7.5	13.75	100	200	0	0	0	0
0	63	64	0	100	200	500	300	500	-1	1	4	0	0	1	1	0	100	200	0	37	9	7	8	11	-7	13	11.25	-7.5	13.75	100	200	0	0	0	0
0	63	64	0	100	200	500	300	500	0	1	4	0	0	1	1	0	100	200	0	37	9	7	8	11	-7	13	11.25	-7.5	13.75	100	200	0	0	0	0
0	0	65	0	100	200	500	300	500	-1	-1	-1	0	0	1	1	0	500	500	300	37	9	7	8	11	-7	13	11.25	-7.5	13.75	100	200	0	0	0	0
0	0	65	0	100	200	500	300	500	0	-1	-1	0	0	1	1	0	500	500	300	37	9	7	8	11	-7	13	11.25	-7.5	13.75	100	200	0	0	0	0
0	0	65	0	100	200	500	300	500	-1	-1	0	0	0	1	1	0	500	500	300	37	9	7	8	11	-7	13	11.25	-7.5	13.75	100	200	0	0	0	0
0	0	65	0	100	200	500	300	500	0	-1	0	0	0	1	1	0	500	500	300	37	9	7	8	11	-7	13	11.25	-7.5	13.75	100	200	0	0	0	0
0	0	65	0	100	200	500	300	500	-1	-1	1	0	0	1	1	0	500	500	300	37	9	7	8	11	-7	13	11.25	-7.5	13.75	100	200	0	0	0	0
0	0	65	0	100	200	500	300	500	0	-1	1	0	0	1	1	0	500	500	300	37	9	7	8	11	-7	13	11.25	-7.5	13.75	100	200	0	0	0	0
0	0	65	0	100	200	500	300	500	-1	-1	2	0	0	1	1	0	500	500	300	0	0	7	8	11	-7	13	11.25	-7.5	13.75	100	200	0	1	0	0
0	0	65	0	100	200	500	300	500	0	-1	2	0	0	1	1	0	500	500	300	37	9	7	8	11	-7	13	11.25	-7.5	13.75	100	200	0	0	0	0
0	0	65	0	100	200	500	300	500	-1	-1	3	0	0	1	1	0	500	500	300	0	0	7	8	11	-7	13	11.25	-7.5	13.75	100	200	0	1	0	0
0	0	65	0	100	200	500	300	500	0	-1	3	0	0	1	1	0	500	500	300	37	9	7	8	11	-7	13	11.25	-7.5	13.75	100	200	0	0	0	0
0	0	65	0	100	200	500	300	500	-1	-1	4	0	0	1	1	0	500	500	300	37	9	7	8	11	-7	13	11.25	-7.5	13.75	100	200	0	0	0	0
0	0	65	0	100	200	500	300	500	0	-1	4	0	0	1	1	0	500	500	300	37	9	7	8	11	-7	13	11.25	-7.5	13.75	100	200	0	0	0	0
0	0	65	0	100	200	500	300	500	-1	0	-1	0	0	1	1	0	500	500	300	37	9	7	8	11	-7	13	11.25	-7.5	13.75	100	200	0	0	0	0
0	0	65	0	100	200	500	300	500	0	0	-1	0	0	1	1	0	500	500	300	37	9	7	8	11	-7	13	11.25	-7.5	13.75	100	200	0	0	0	0
0	0	65	0	100	200	500	300	500	-1	0	0	0	0	1	1	0	500	500	300	37	9	7	8	11	-7	13	11.25	-7.5	13.75	100	200	0	0	0	0
0	0	65	0	100	200	500	300	500	0	0	0	0	0	1	1	0	500	500	300	37	9	7	8	11	-7	13	11.25	-7.5	13.75	100	200	0	0	0	0
0	0	65	0	100	200	500	300	500	-1	0	1	0	0	1	1	0	500	500	300	37	9	7	8	11	-7	13	11.25	-7.5	13.75	100	200	0	0	0	0
0	0	65	0	100	200	500	300	500	0	0	1	0	0	1	1	0	500	500	300	37	9	7	8	11	-7	13	11.25	-7.5	13.75	100	200	0	0	0	0
0	0	65	0	100	200	500	300	500	-1	0	2	0	0	1	1	0	500	500	300	0	0	7	8	11	-7	13	11.25	-7.5	13.75	100	200	0	1	0	0
0	0	65	0	100	200	500	300	500	0	0	2	0	0	1	1	0	500	500	300	37	9	7	8	11	-7	13	11.25	-7.5	13.75	100	200	0	0	0	0
0	0	65	0	100	200	500	300	500	-1	0	3	0	0	1	1	0	500	500	300	0	0	7	8	11	-7	13	11.25	-7.5	13.75	100	200	0	1	0	0
0	0	65	0	100	200	500	300	500	0	0	3	0	0	1	1	0	500	500	300	37	9	7	8	11	-7	13	11.25	-7.5	13.75	100	200	0	0	0	0
0	0	65	0	100	200	500	300	500	-1	0	4	0	0	1	1	0	500	500	300	37	9	7	8	11	-7	13	11.25	-7.5	13.75	100	200	0	0	0	0
0	0	65	0	100	200	500	300	500	0	0	4	0	0	1	1	0	500	500	300	37	9	7	8	11	-7	13	11.25	-7.5	13.75	100	200	0	0	0	0
0	0	65	0	100	200	500	300	500	-1	1	-1	0	0	1	1	0	500	500	300	0	0	7	8	11	-7	13	11.25	-7.5	13.75	100	200	0	1	0	0
0	0	65	0	100	200	500	300	500	0	1	-1	0	0	1	1	0	500	500	300	37	9	7	8	11	-7	13	11.25	-7.5	13.75	100	200	0	0	0	0
0	0	65	0	100	200	500	300	500	-1	1	0	0	0	1	1	0	500	500	300	0	0	7	8	11	-7	13	11.25	-7.5	13.75	100	200	0	1	0	0
0	0	65	0	100	200	500	300	500	0	1	0	0	0	1	1	0	500	500	300	37	9	7	8	11	-7	13	11.25	-7.5	13.75	100	200	0	0	0	0
0	0	65	0	100	200	500	300	500	-1	1	1	0	0	1	1	0	500	500	300	0	0	7	8	11	-7	13	11.25	-7.5	13.75	100	200	0	1	0	0
0	0	65	0	100	200	500	300	500	0	1	1	0	0	1	1	0	500	500	300	37	9	7	8	11	-7	13	11.25	-7.5	13.75	100	200	0	0	0	0
0	0	65	0	100	200	500	300	500	-1	1	2	0	0	1	1	0	500	500	300	0	0	7	8	11	-7	13	11.25	-7.5	13.75	100	200	0	1	0	0
0	0	65	0	100	200	500	300	500	0	1	2	0	0	1	1	0	500	500	300	37	9	7	8	11	-7	13	11.25	-7.5	13.75	100	200	0	0	0	0
0	0	65	0	100	200	500	300	500	-1	1	3	0	0	1	1	0	500	500	300	0	0	7	8	11	-7	13	11.25	-7.5	13.75	100	200	0	1	0	0
0	0	65	0	100	200	500	300	500	0	1	3	0	0	1	1	0	500	500	300	37	9	7	8	11	-7	13	11.25	-7.5	13.75	100	200	0	0	0	0
0	0	65	0	100	200	500	300	500	-1	1	4	0	0	1	1	0	500	500	300	0	0	7	8	11	-7	13	11.25	-7.5	13.75	100	200	0	1	0	0
0	0	65	0	100	200	500	300	500	0	1	4	0	0	1	1	0	500	500	300	37	9	7	8	11	-7	13	11.25	-7.5	13.75	100	200	0	0	0	0
0	63	65	0	100	200	500	300	500	-1	-1	-1	0	0	1	1	0	500	500	300	37	9	7	8	11	-7	13	11.25	-7.5	13.75	100	200	0	0	0	0
0	63	65	0	100	200	500	300	500	0	-1	-1	0	0	1	1	0	500	500	300	37	9	7	8	11	-7	13	11.25	-7.5	13.75	100	200	0	0	0	0
0	63	65	0	100	200	500	300	500	-1	-1	0	0	0	1	1	0	500	500	300	37	9	7	8	11	-7	13	11.25	-7.5	13.75	100	200	0	0	0	0
0	63	65	0	100	200	500	300	500	0	-1	0	0	0	1	1	0	500	500	300	37	9	7	8	11	-7	13	11.25	-7.5	13.75	100	200	0	0	0	0
0	63	65	0	100	200	500	300	500	-1	-1	1	0	0	1	1	0	500	500	300	37	9	7	8	11	-7	13	11.25	-7.5	13.75	100	200	0	0	0	0
0	63	65	0	100	200	500	300	500	0	-1	1	0	0	1	1	0	500	500	300	37	9	7	8	11	-7	13	11.25	-7.5	13.75	100	200	0	0	0	0
0	63	65	0	100	200	500	300	500	-1	-1	2	0	0	1	1	0	500	500	300	37	9	7	8	11	-7	13	11.25	-7.5	13.75	100	200	0	0	0	0
0	63	65	0	100	200	500	300	500	0	-1	2	0	0	1	1	0	500	500	300	37	9	7	8	11	-7	13	11.25	-7.5	13.75	100	200	0	0	0	0
0	63	65	0	100	200	500	300	500	-1	-1	3	0	0	1	1	0	500	500	300	37	9	7	8	11	-7	13	11.25	-7.5	13.75	100	200	0	0	0	0
0	63	65	0	100	200	500	300	500	0	-1	3	0	0	1	1	0	500	500	300	37	9	7	8	11	-7	13	11.25	-7.5	13.75	100	200	0	0	0	0
0	63	65	0	100	200	500	300	500	-1	-1	4	0	0	1	1	0	500	500	300	37	9	7	8	11	-7	13	11.25	-7.5	13.75	100	200	0	0	0	0
0	63	65	0	100	200	500	300	500	0	-1	4	0	0	1	1	0	500	500	300	37	9	7	8	11	-7	13	11.25	-7.5	13.75	100	200	0	0	0	0
0	63	65	0	100	200	500	300	500	-1	0	-1	0	0	1	1	0	500	500	300	37	9	7	8	11	-7	13	11.25	-7.5	13.75	100	200	0	0	0	0
0	63	65	0	100	200	500	300	500	0	0	-1	0	0	1	1	0	500	500	300	37	9	7	8	11	-7	13	11.25	-7.5	13.75	100	200	0	0	0	0
0	63	65	0	100	200	500	300	500	-1	0	0	0	0	1	1	0	500	500	300	37	9	7	8	11	-7	13	11.25	-7.5	13.75	100	200	0	0	0	0
0	63	65	0	100	200	500	300	500	0	0	0	0	0	1	1	0	500	500	300	37	9	7	8	11	-7	13	11.25	-7.5	13.75	100	200	0	0	0	0
0	63	65	0	100	200	500	300	500	-1	0	1	0	0	1	1	0	500	500	300	37	9	7	8	11	-7	13	11.25	-7.5	13.75	100	200	0	0	0	0
0	63	65	0	100	200	500	300	500	0	0	1	0	0	1	1	0	500	500	300	37	9	7	8	11	-7	13	11.25	-7.5	13.75	100	200	0	0	0	0
0	63	65	0	100	200	500	300	500	-1	0	2	0	0	1	1	0	500	500	300	37	9	7	8	11	-7	13	11.25	-7.5	13.75	100	200	0	0	0	0
0	63	65	0	100	200	500	300	500	0	0	2	0	0	1	1	0	500	500	300	37	9	7	8	11	-7	13	11.25	-7.5	13.75	100	200	0	0	0	0
0	63	65	0	100	200	500	300	500	-1	0	3	0	0	1	1	0	500	500	300	37	9	7	8	11	-7	13	11.25	-7.5	13.75	100	200	0	0	0	0
0	63	65	0	100	200	500	300	500	0	0	3	0	0	1	1	0	500	500	300	37	9	7	8	11	-7	13	11.25	-7.5	13.75	100	200	0	0	0	0
0	63	65	0	100	200	500	300	500	-1	0	4	0	0	1	1	0	500	500	300	37	9	7	8	11	-7	13	11.25	-7.5	13.75	100	200	0	0	0	0
0	63	65	0	100	200	500	300	500	0	0	4	0	0	1	1	0	500	500	300	37	9	7	8	11	-7	13	11.25	-7.5	13.75	100	200	0	0	0	0
0	63	65	0	100	200	500	300	500	-1	1	-1	0	0	1	1	0	500	500	300	37	9	7	8	11	-7	13	11.25	-7.5	13.75	100	200	0	0	0	0
0	63	65	0	100	200	500	300	500	0	1	-1	0	0	1	1	0	500	500	300	37	9	7	8	11	-7	13	11.25	-7.5	13.75	100	200	0	0	0	0
0	63	65	0	100	200	500	300	500	-1	1	0	0	0	1	1	0	500	500	300	37	9	7	8	11	-7	13	11.25	-7.5	13.75	100	200	0	0	0	0
0	63	65	0	100	200	500	300	500	0	1	0	0	0	1	1	0	500	500	300	37	9	7	8	11	-7	13	11.25	-7.5	13.75	100	200	0	0	0	0
0	63	65	0	100	200	500	300	500	-1	1	1	0	0	1	1	0	500	500	300	37	9	7	8	11	-7	13	11.25	-7.5	13.75	100	200	0	0	0	0
0	63	65	0	100	200	500	300	500	0	1	1	0	0	1	1	0	500	500	300	37	9	7	8	11	-7	13	11.25	-7.5	13.75	100	200	0	0	0	0
0	63	65	0	100	200	500	300	500	-1	1	2	0	0	1	1	0	500	500	300	37	9	7	8	11	-7	13	11.25	-7.5	13.75	100	200	0	0	0	0
0	63	65	0	100	200	500	300	500	0	1	2	0	0	1	1	0	500	500	300	37	9	7	8	11	-7	13	11.25	-7.5	13.75	100	200	0	0	0	0
0	63	65	0	100	200	500	300	500	-1	1	3	0	0	1	1	0	500	500	300	37	9	7	8	11	-7	13	11.25	-7.5	13.75	100	200	0	0	0	0
0	63	65	0	100	200	500	300	500	0	1	3	0	0	1	1	0	500	500	300	37	9	7	8	11	-7	13	11.25	-7.5	13.75	100	200	0	0	0	0
0	63	65	0	100	200	500	300	500	-1	1	4	0	0	1	1	0	500	500	300	37	9	7	8	11	-7	13	11.25	-7.5	13.75	100	200	0	0	0	0
0	63	65	0	100	200	500	300	500	0	1	4	0	0	1	1	0	500	500	300	37	9	7	8	11	-7	13	11.25	-7.5	13.75	100	200	0	0	0	0
0	0	66	0	100	200	500	300	500	-1	-1	-1	0	0	1	1	0	100	200	500	37	9	7	8	11	-7	13	11.25	-7.5	13.75	100	200	0	0	0	1
0	0	66	0	100	200	500	300	500	0	-1	-1	0	0	1	1	0	100	200	500	37	9	7	8	11	-7	13	11.25	-7.5	13.75	100	200	0	0	0	1
0	0	66	0	100	200	500	300	500	-1	-1	0	0	0	1	1	0	100	200	500	37	9	7	8	11	-7	13	11.25	-7.5	13.75	100	200	0	0	0	1
0	0	66	0	100	200	500	300	500	0	-1	0	0	0	1	1	0	100	200	500	37	9	7	8	11	-7	13	11.25	-7.5	13.75	100	200	0	0	0	1
0	0	66	0	100	200	500	300	500	-1	-1	1	0	0	1	1	0	100	200	500	37	9	7	8	11	-7	13	11.25	-7.5	13.75	100	200	0	0	0	1
0	0	66	0	100	200	500	300	500	0	-1	1	0	0	1	1	0	100	200	500	37	9	7	8	11	-7	13	11.25	-7.5	13.75	100	200	0	0	0	1
0	0	66	0	100	200	500	300	500	-1	-1	2	0	0	1	1	0	500	500	500	0	0	7	8	11	-7	13	11.25	-7.5	13.75	100	200	0	1	0	1
0	0	66	0	100	200	500	300	500	0	-1	2	0	0	1	1	0	100	200	500	37	9	7	8	11	-7	13	11.25	-7.5	13.75	100	200	0	0	0	1
0	0	66	0	100	200	500	300	500	-1	-1	3	0	0	1	1	0	500	500	500	0	0	7	8	11	-7	13	11.25	-7.5	13.75	100	200	0	1	0	1
0	0	66	0	100	200	500	300	500	0	-1	3	0	0	1	1	0	100	200	500	37	9	7	8	11	-7	13	11.25	-7.5	13.75	100	200	0	0	0	1
0	0	66	0	100	200	500	300	500	-1	-1	4	0	0	1	1	0	100	200	500	37	9	7	8	11	-7	13	11.25	-7.5	13.75	100	200	0	0	0	1
0	0	66	0	100	200	500	300	500	0	-1	4	0	0	1	1	0	100	200	500	37	9	7	8	11	-7	13	11.25	-7.5	13.75	100	200	0	0	0	1
0	0	66	0	100	200	500	300	500	-1	0	-1	0	0	1	1	0	100	200	500	37	9	7	8	11	-7	13	11.25	-7.5	13.75	100	200	0	0	0	1
0	0	66	0	100	200	500	300	500	0	0	-1	0	0	1	1	0	100	200	500	37	9	7	8	11	-7	13	11.25	-7.5	13.75	100	200	0	0	0	1
0	0	66	0	100	200	500	300	500	-1	0	0	0	0	1	1	0	100	200	500	37	9	7	8	11	-7	13	11.25	-7.5	13.75	100	200	0	0	0	1
0	0	66	0	100	200	500	300	500	0	0	0	0	0	1	1	0	100	200	500	37	9	7	8	11	-7	13	11.25	-7.5	13.75	100	200	0	0	0	1
0	0	66	0	100	200	500	300	500	-1	0	1	0	0	1	1	0	100	200	500	37	9	7	8	11	-7	13	11.25	-7.5	13.75	100	200	0	0	0	1
0	0	66	0	100	200	500	300	500	0	0	1	0	0	1	1	0	100	200	500	37	9	7	8	11	-7	13	11.25	-7.5	13.75	100	200	0	0	0	1
0	0	66	0	100	200	500	300	500	-1	0	2	0	0	1	1	0	500	500	500	0	0	7	8	11	-7	13	11.25	-7.5	13.75	100	200	0	1	0	1
0	0	66	0	100	200	500	300	500	0	0	2	0	0	1	1	0	100	200	500	37	9	7	8	11	-7	13	11.25	-7.5	13.75	100	200	0	0	0	1
0	0	66	0	100	200	500	300	500	-1	0	3	0	0	1	1	0	500	500	500	0	0	7	8	11	-7	13	11.25	-7.5	13.75	100	200	0	1	0	1
0	0	66	0	100	200	500	300	500	0	0	3	0	0	1	1	0	100	200	500	37	9	7	8	11	-7	13	11.25	-7.5	13.75	100	200	0	0	0	1
0	0	66	0	100	200	500	300	500	-1	0	4	0	0	1	1	0	100	200	500	37	9	7	8	11	-7	13	11.25	-7.5	13.75	100	200	0	0	0	1
0	0	66	0	100	200	500	300	500	0	0	4	0	0	1	1	0	100	200	500	37	9	7	8	11	-7	13	11.25	-7.5	13.75	100	200	0	0	0	1
0	0	66	0	100	200	500	300	500	-1	1	-1	0	0	1	1	0	500	500	500	0	0	7	8	11	-7	13	11.25	-7.5	13.75	100	200	0	1	0	1
0	0	66	0	100	200	500	300	500	0	1	-1	0	0	1	1	0	100	200	500	37	9	7	8	11	-7	13	11.25	-7.5	13.75	100	200	0	0	0	1
0	0	66	0	100	200	500	300	500	-1	1	0	0	0	1	1	0	500	500	500	0	0	7	8	11	-7	13	11.25	-7.5	13.75	100	200	0	1	0	1
0	0	66	0	100	200	500	300	500	0	1	0	0	0	1	1	0	100	200	500	37	9	7	8	11	-7	13	11.25	-7.5	13.75	100	200	0	0	0	1
0	0	66	0	100	200	500	300	500	-1	1	1	0	0	1	1	0	500	500	500	0	0	7	8	11	-7	13	11.25	-7.5	13.75	100	200	0	1	0	1
0	0	66	0	100	200	500	300	500	0	1	1	0	0	1	1	0	100	200	500	37	9	7	8	11	-7	13	11.25	-7.5	13.75	100	200	0	0	0	1
0	0	66	0	100	200	500	300	500	-1	1	2	0	0	1	1	0	500	500	500	0	0	7	8	11	-7	13	11.25	-7.5	13.75	100	200	0	1	0	1
0	0	66	0	100	200	500	300	500	0	1	2	0	0	1	1	0	100	200	500	37	9	7	8	11	-7	13	11.25	-7.5	13.75	100	200	0	0	0	1
0	0	66	0	100	200	500	300	500	-1	1	3	0	0	1	1	0	500	500	500	0	0	7	8	11	-7	13	11.25	-7.5	13.75	100	200	0	1	0	1
0	0	66	0	100	200	500	300	500	0	1	3	0	0	1	1	0	100	200	500	37	9	7	8	11	-7	13	11.25	-7.5	13.75	100	200	0	0	0	1
0	0	66	0	100	200	500	300	500	-1	1	4	0	0	1	1	0	500	500	500	0	0	7	8	11	-7	13	11.25	-7.5	13.75	100	200	0	1	0	1
0	0	66	0	100	200	500	300	500	0	1	4	0	0	1	1	0	100	200	500	37	9	7	8	11	-7	13	11.25	-7.5	13.75	100	200	0	0	0	1
0	63	66	0	100	200	500	300	500	-1	-1	-1	0	0	1	1	0	100	200	500	37	9	7	8	11	-7	13	11.25	-7.5	13.75	100	200	0	0	0	1
0	63	66	0	100	200	500	300	500	0	-1	-1	0	0	1	1	0	100	200	500	37	9	7	8	11	-7	13	11.25	-7.5	13.75	100	200	0	0	0	1
0	63	66	0	100	200	500	300	500	-1	-1	0	0	0	1	1	0	100	200	500	37	9	7	8	11	-7	13	11.25	-7.5	13.75	100	200	0	0	0	1
0	63	66	0	100	200	500	300	500	0	-1	0	0	0	1	1	0	100	200	500	37	9	7	8	11	-7	13	11.25	-7.5	13.75	100	200	0	0	0	1
0	63	66	0	100	200	500	300	500	-1	-1	1	0	0	1	1	0	100	200	500	37	9	7	8	11	-7	13	11.25	-7.5	13.75	100	200	0	0	0	1
0	63	66	0	100	200	500	300	500	0	-1	1	0	0	1	1	0	100	200	500	37	9	7	8	11	-7	13	11.25	-7.5	13.75	100	200	0	0	0	1
0	63	66	0	100	200	500	300	500	-1	-1	2	0	0	1	1	0	100	200	500	37	9	7	8	11	-7	13	11.25	-7.5	13.75	100	200	0	0	0	1
0	63	66	0	100	200	500	300	500	0	-1	2	0	0	1	1	0	100	200	500	37	9	7	8	11	-7	13	11.25	-7.5	13.75	100	200	0	0	0	1
0	63	66	0	100	200	500	300	500	-1	-1	3	0	0	1	1	0	100	200	500	37	9	7	8	11	-7	13	11.25	-7.5	13.75	100	200	0	0	0	1
0	63	66	0	100	200	500	300	500	0	-1	3	0	0	1	1	0	100	200	500	37	9	7	8	11	-7	13	11.25	-7.5	13.75	100	200	0	0	0	1
0	63	66	0	100	200	500	300	500	-1	-1	4	0	0	1	1	0	100	200	500	37	9	7	8	11	-7	13	11.25	-7.5	13.75	100	200	0	0	0	1
0	63	66	0	100	200	500	300	500	0	-1	4	0	0	1	1	0	100	200	500	37	9	7	8	11	-7	13	11.25	-7.5	13.75	100	200	0	0	0	1
0	63	66	0	100	200	500	300	500	-1	0	-1	0	0	1	1	0	100	200	500	37	9	7	8	11	-7	13	11.25	-7.5	13.75	100	200	0	0	0	1
0	63	66	0	100	200	500	300	500	0	0	-1	0	0	1	1	0	100	200	500	37	9	7	8	11	-7	13	11.25	-7.5	13.75	100	200	0	0	0	1
0	63	66	0	100	200	500	300	500	-1	0	0	0	0	1	1	0	100	200	500	37	9	7	8	11	-7	13	11.25	-7.5	13.75	100	200	0	0	0	1
0	63	66	0	100	200	500	300	500	0	0	0	0	0	1	1	0	100	200	500	37	9	7	8	11	-7	13	11.25	-7.5	13.75	100	200	0	0	0	1
0	63	66	0	100	200	500	300	500	-1	0	1	0	0	1	1	0	100	200	500	37	9	7	8	11	-7	13	11.25	-7.5	13.75	100	200	0	0	0	1
0	63	66	0	100	200	500	300	500	0	0	1	0	0	1	1	0	100	200	500	37	9	7	8	11	-7	13	11.25	-7.5	13.75	100	200	0	0	0	1
0	63	66	0	100	200	500	300	500	-1	0	2	0	0	1	1	0	100	200	500	37	9	7	8	11	-7	13	11.25	-7.5	13.75	100	200	0	0	0	1
0	63	66	0	100	200	500	300	500	0	0	2	0	0	1	1	0	100	200	500	37	9	7	8	11	-7	13	11.25	-7.5	13.75	100	200	0	0	0	1
0	63	66	0	100	200	500	300	500	-1	0	3	0	0	1	1	0	100	200	500	37	9	7	8	11	-7	13	11.25	-7.5	13.75	100	200	0	0	0	1
0	63	66	0	100	200	500	300	500	0	0	3	0	0	1	1	0	100	200	500	37	9	7	8	11	-7	13	11.25	-7.5	13.75	100	200	0	0	0	1
0	63	66	0	100	200	500	300	500	-1	0	4	0	0	1	1	0	100	200	500	37	9	7	8	11	-7	13	11.25	-7.5	13.75	100	200	0	0	0	1
0	63	66	0	100	200	500	300	500	0	0	4	0	0	1	1	0	100	200	500	37	9	7	8	11	-7	13	11.25	-7.5	13.75	100	200	0	0	0	1
0	63	66	0	100	200	500	300	500	-1	1	-1	0	0	1	1	0	100	200	500	37	9	7	8	11	-7	13	11.25	-7.5	13.75	100	200	0	0	0	1
0	63	66	0	100	200	500	300	500	0	1	-1	0	0	1	1	0	100	200	500	37	9	7	8	11	-7	13	11.25	-7.5	13.75	100	200	0	0	0	1
0	63	66	0	100	200	500	300	500	-1	1	0	0	0	1	1	0	100	200	500	37	9	7	8	11	-7	13	11.25	-7.5	13.75	100	200	0	0	0	1
0	63	66	0	100	200	500	300	500	0	1	0	0	0	1	1	0	100	200	500	37	9	7	8	11	-7	13	11.25	-7.5	13.75	100	200	0	0	0	1
0	63	66	0	100	200	500	300	500	-1	1	1	0	0	1	1	0	100	200	500	37	9	7	8	11	-7	13	11.25	-7.5	13.75	100	200	0	0	0	1
0	63	66	0	100	200	500	300	500	0	1	1	0	0	1	1	0	100	200	500	37	9	7	8	11	-7	13	11.25	-7.5	13.75	100	200	0	0	0	1
0	63	66	0	100	200	500	300	500	-1	1	2	0	0	1	1	0	100	200	500	37	9	7	8	11	-7	13	11.25	-7.5	13.75	100	200	0	0	0	1
0	63	66	0	100	200	500	300	500	0	1	2	0	0	1	1	0	100	200	500	37	9	7	8	11	-7	13	11.25	-7.5	13.75	100	200	0	0	0	1
0	63	66	0	100	200	500	300	500	-1	1	3	0	0	1	1	0	100	200	500	37	9	7	8	11	-7	13	11.25	-7.5	13.75	100	200	0	0	0	1
0	63	66	0	100	200	500	300	500	0	1	3	0	0	1	1	0	100	200	500	37	9	7	8	11	-7	13	11.25	-7.5	13.75	100	200	0	0	0	1
0	63	66	0	100	200	500	300	500	-1	1	4	0	0	1	1	0	100	200	500	37	9	7	8	11	-7	13	11.25	-7.5	13.75	100	200	0	0	0	1
0	63	66	0	100	200	500	300	500	0	1	4	0	0	1	1	0	100	200	500	37	9	7	8	11	-7	13	11.25	-7.5	13.75	100	200	0	0	0	1
0	0	67	0	100	200	500	300	500	-1	-1	-1	0	0	1	1	0	100	200	300	37	9	7	8	11	-7	13	11.25	-7.5	13.75	100	200	0	0	0	0
0	0	67	0	100	200	500	300	500	0	-1	-1	0	0	1	1	0	100	200	300	37	9	7	8	11	-7	13	11.25	-7.5	13.75	100	200	0	0	0	0
0	0	67	0	100	200	500	300	500	-1	-1	0	0	0	1	1	0	100	200	300	37	9	7	8	11	-7	13	11.25	-7.5	13.75	100	200	0	0	0	0
0	0	67	0	100	200	500	300	500	0	-1	0	0	0	1	1	0	100	200	300	37	9	7	8	11	-7	13	11.25	-7.5	13.75	100	200	0	0	0	0
0	0	67	0	100	200	500	300	500	-1	-1	1	0	0	1	1	0	100	200	300	37	9	7	8	11	-7	13	11.25	-7.5	13.75	100	200	0	0	0	0
0	0	67	0	100	200	500	300	500	0	-1	1	0	0	1	1	0	100	200	300	37	9	7	8	11	-7	13	11.25	-7.5	13.75	100	200	0	0	0	0
0	0	67	0	100	200	500	300	500	-1	-1	2	0	0	1	1	0	500	500	300	0	0	7	8	11	-7	13	11.25	-7.5	13.75	100	200	0	1	0	0
0	0	67	0	100	200	500	300	500	0	-1	2	0	0	1	1	0	100	200	300	37	9	7	8	11	-7	13	11.25	-7.5	13.75	100	200	0	0	0	0
0	0	67	0	100	200	500	300	500	-1	-1	3	0	0	1	1	0	500	500	300	0	0	7	8	11	-7	13	11.25	-7.5	13.75	100	200	0	1	0	0
0	0	67	0	100	200	500	300	500	0	-1	3	0	0	1	1	0	100	200	300	37	9	7	8	11	-7	13	11.25	-7.5	13.75	100	200	0	0	0	0
0	0	67	0	100	200	500	300	500	-1	-1	4	0	0	1	1	0	100	200	300	37	9	7	8	11	-7	13	11.25	-7.5	13.75	100	200	0	0	0	0
0	0	67	0	100	200	500	300	500	0	-1	4	0	0	1	1	0	100	200	300	37	9	7	8	11	-7	13	11.25	-7.5	13.75	100	200	0	0	0	0
0	0	67	0	100	200	500	300	500	-1	0	-1	0	0	1	1	0	100	200	300	37	9	7	8	11	-7	13	11.25	-7.5	13.75	100	200	0	0	0	0
0	0	67	0	100	200	500	300	500	0	0	-1	0	0	1	1	0	100	200	300	37	9	7	8	11	-7	13	11.25	-7.5	13.75	100	200	0	0	0	0
0	0	67	0	100	200	500	300	500	-1	0	0	0	0	1	1	0	100	200	300	37	9	7	8	11	-7	13	11.25	-7.5	13.75	100	200	0	0	0	0
0	0	67	0	100	200	500	300	500	0	0	0	0	0	1	1	0	100	200	300	37	9	7	8	11	-7	13	11.25	-7.5	13.75	100	200	0	0	0	0
0	0	67	0	100	200	500	300	500	-1	0	1	0	0	1	1	0	100	200	300	37	9	7	8	11	-7	13	11.25	-7.5	13.75	100	200	0	0	0	0
0	0	67	0	100	200	500	300	500	0	0	1	0	0	1	1	0	100	200	300	37	9	7	8	11	-7	13	11.25	-7.5	13.75	100	200	0	0	0	0
0	0	67	0	100	200	500	300	500	-1	0	2	0	0	1	1	0	500	500	300	0	0	7	8	11	-7	13	11.25	-7.5	13.75	100	200	0	1	0	0
0	0	67	0	100	200	500	300	500	0	0	2	0	0	1	1	0	100	200	300	37	9	7	8	11	-7	13	11.25	-7.5	13.75	100	200	0	0	0	0
0	0	67	0	100	200	500	300	500	-1	0	3	0	0	1	1	0	500	500	300	0	0	7	8	11	-7	13	11.25	-7.5	13.75	100	200	0	1	0	0
0	0	67	0	100	200	500	300	500	0	0	3	0	0	1	1	0	100	200	300	37	9	7	8	11	-7	13	11.25	-7.5	13.75	100	200	0	0	0	0
0	0	67	0	100	200	500	300	500	-1	0	4	0	0	1	1	0	100	200	300	37	9	7	8	11	-7	13	11.25	-7.5	13.75	100	200	0	0	0	0
0	0	67	0	100	200	500	300	500	0	0	4	0	0	1	1	0	100	200	300	37	9	7	8	11	-7	13	11.25	-7.5	13.75	100	200	0	0	0	0
0	0	67	0	100	200	500	300	500	-1	1	-1	0	0	1	1	0	500	500	300	0	0	7	8	11	-7	13	11.25	-7.5	13.75	100	200	0	1	0	0
0	0	67	0	100	200	500	300	500	0	1	-1	0	0	1	1	0	100	200	300	37	9	7	8	11	-7	13	11.25	-7.5	13.75	100	200	0	0	0	0
0	0	67	0	100	200	500	300	500	-1	1	0	0	0	1	1	0	500	500	300	0	0	7	8	11	-7	13	11.25	-7.5	13.75	100	200	0	1	0	0
0	0	67	0	100	200	500	300	500	0	1	0	0	0	1	1	0	100	200	300	37	9	7	8	11	-7	13	11.25	-7.5	13.75	100	200	0	0	0	0
0	0	67	0	100	200	500	300	500	-1	1	1	0	0	1	1	0	500	500	300	0	0	7	8	11	-7	13	11.25	-7.5	13.75	100	200	0	1	0	0
0	0	67	0	100	200	500	300	500	0	1	1	0	0	1	1	0	100	200	300	37	9	7	8	11	-7	13	11.25	-7.5	13.75	100	200	0	0	0	0
0	0	67	0	100	200	500	300	500	-1	1	2	0	0	1	1	0	500	500	300	0	0	7	8	11	-7	13	11.25	-7.5	13.75	100	200	0	1	0	0
0	0	67	0	100	200	500	300	500	0	1	2	0	0	1	1	0	100	200	300	37	9	7	8	11	-7	13	11.25	-7.5	13.75	100	200	0	0	0	0
0	0	67	0	100	200	500	300	500	-1	1	3	0	0	1	1	0	500	500	300	0	0	7	8	11	-7	13	11.25	-7.5	13.75	100	200	0	1	0	0
0	0	67	0	100	200	500	300	500	0	1	3	0	0	1	1	0	100	200	300	37	9	7	8	11	-7	13	11.25	-7.5	13.75	100	200	0	0	0	0
0	0	67	0	100	200	500	300	500	-1	1	4	0	0	1	1	0	500	500	300	0	0	7	8	11	-7	13	11.25	-7.5	13.75	100	200	0	1	0	0
0	0	67	0	100	200	500	300	500	0	1	4	0	0	1	1	0	100	200	300	37	9	7	8	11	-7	13	11.25	-7.5	13.75	100	200	0	0	0	0
0	63	67	0	100	200	500	300	500	-1	-1	-1	0	0	1	1	0	100	200	300	37	9	7	8	11	-7	13	11.25	-7.5	13.75	100	200	0	0	0	0
0	63	67	0	100	200	500	300	500	0	-1	-1	0	0	1	1	0	100	200	300	37	9	7	8	11	-7	13	11.25	-7.5	13.75	100	200	0	0	0	0
0	63	67	0	100	200	500	300	500	-1	-1	0	0	0	1	1	0	100	200	300	37	9	7	8	11	-7	13	11.25	-7.5	13.75	100	200	0	0	0	0
0	63	67	0	100	200	500	300	500	0	-1	0	0	0	1	1	0	100	200	300	37	9	7	8	11	-7	13	11.25	-7.5	13.75	100	200	0	0	0	0
0	63	67	0	100	200	500	300	500	-1	-1	1	0	0	1	1	0	100	200	300	37	9	7	8	11	-7	13	11.25	-7.5	13.75	100	200	0	0	0	0
0	63	67	0	100	200	500	300	500	0	-1	1	0	0	1	1	0	100	200	300	37	9	7	8	11	-7	13	11.25	-7.5	13.75	100	200	0	0	0	0
0	63	67	0	100	200	500	300	500	-1	-1	2	0	0	1	1	0	100	200	300	37	9	7	8	11	-7	13	11.25	-7.5	13.75	100	200	0	0	0	0
0	63	67	0	100	200	500	300	500	0	-1	2	0	0	1	1	0	100	200	300	37	9	7	8	11	-7	13	11.25	-7.5	13.75	100	200	0	0	0	0
0	63	67	0	100	200	500	300	500	-1	-1	3	0	0	1	1	0	100	200	300	37	9	7	8	11	-7	13	11.25	-7.5	13.75	100	200	0	0	0	0
0	63	67	0	100	200	500	300	500	0	-1	3	0	0	1	1	0	100	200	300	37	9	7	8	11	-7	13	11.25	-7.5	13.75	100	200	0	0	0	0
0	63	67	0	100	200	500	300	500	-1	-1	4	0	0	1	1	0	100	200	300	37	9	7	8	11	-7	13	11.25	-7.5	13.75	100	200	0	0	0	0
0	63	67	0	100	200	500	300	500	0	-1	4	0	0	1	1	0	100	200	300	37	9	7	8	11	-7	13	11.25	-7.5	13.75	100	200	0	0	0	0
0	63	67	0	100	200	500	300	500	-1	0	-1	0	0	1	1	0	100	200	300	37	9	7	8	11	-7	13	11.25	-7.5	13.75	100	200	0	0	0	0
0	63	67	0	100	200	500	300	500	0	0	-1	0	0	1	1	0	100	200	300	37	9	7	8	11	-7	13	11.25	-7.5	13.75	100	200	0	0	0	0
0	63	67	0	100	200	500	300	500	-1	0	0	0	0	1	1	0	100	200	300	37	9	7	8	11	-7	13	11.25	-7.5	13.75	100	200	0	0	0	0
0	63	67	0	100	200	500	300	500	0	0	0	0	0	1	1	0	100	200	300	37	9	7	8	11	-7	13	11.25	-7.5	13.75	100	200	0	0	0	0
0	63	67	0	100	200	500	300	500	-1	0	1	0	0	1	1	0	100	200	300	37	9	7	8	11	-7	13	11.25	-7.5	13.75	100	200	0	0	0	0
0	63	67	0	100	200	500	300	500	0	0	1	0	0	1	1	0	100	200	300	37	9	7	8	11	-7	13	11.25	-7.5	13.75	100	200	0	0	0	0
0	63	67	0	100	200	500	300	500	-1	0	2	0	0	1	1	0	100	200	300	37	9	7	8	11	-7	13	11.25	-7.5	13.75	100	200	0	0	0	0
0	63	67	0	100	200	500	300	500	0	0	2	0	0	1	1	0	100	200	300	37	9	7	8	11	-7	13	11.25	-7.5	13.75	100	200	0	0	0	0
0	63	67	0	100	200	500	300	500	-1	0	3	0	0	1	1	0	100	200	300	37	9	7	8	11	-7	13	11.25	-7.5	13.75	100	200	0	0	0	0
0	63	67	0	100	200	500	300	500	0	0	3	0	0	1	1	0	100	200	300	37	9	7	8	11	-7	13	11.25	-7.5	13.75	100	200	0	0	0	0
0	63	67	0	100	200	500	300	500	-1	0	4	0	0	1	1	0	100	200	300	37	9	7	8	11	-7	13	11.25	-7.5	13.75	100	200	0	0	0	0
0	63	67	0	100	200	500	300	500	0	0	4	0	0	1	1	0	100	200	300	37	9	7	8	11	-7	13	11.25	-7.5	13.75	100	200	0	0	0	0
0	63	67	0	100	200	500	300	500	-1	1	-1	0	0	1	1	0	100	200	300	37	9	7	8	11	-7	13	11.25	-7.5	13.75	100	200	0	0	0	0
0	63	67	0	100	200	500	300	500	0	1	-1	0	0	1	1	0	100	200	300	37	9	7	8	11	-7	13	11.25	-7.5	13.75	100	200	0	0	0	0
0	63	67	0	100	200	500	300	500	-1	1	0	0	0	1	1	0	100	200	300	37	9	7	8	11	-7	13	11.25	-7.5	13.75	100	200	0	0	0	0
0	63	67	0	100	200	500	300	500	0	1	0	0	0	1	1	0	100	200	300	37	9	7	8	11	-7	13	11.25	-7.5	13.75	100	200	0	0	0	0
0	63	67	0	100	200	500	300	500	-1	1	1	0	0	1	1	0	100	200	300	37	9	7	8	11	-7	13	11.25	-7.5	13.75	100	200	0	0	0	0
0	63	67	0	100	200	500	300	500	0	1	1	0	0	1	1	0	100	200	300	37	9	7	8	11	-7	13	11.25	-7.5	13.75	100	200	0	0	0	0
0	63	67	0	100	200	500	300	500	-1	1	2	0	0	1	1	0	100	200	300	37	9	7	8	11	-7	13	11.25	-7.5	13.75	100	200	0	0	0	0
0	63	67	0	100	200	500	300	500	0	1	2	0	0	1	1	0	100	200	300	37	9	7	8	11	-7	13	11.25	-7.5	13.75	100	200	0	0	0	0
0	63	67	0	100	200	500	300	500	-1	1	3	0	0	1	1	0	100	200	300	37	9	7	8	11	-7	13	11.25	-7.5	13.75	100	200	0	0	0	0
0	63	67	0	100	200	500	300	500	0	1	3	0	0	1	1	0	100	200	300	37	9	7	8	11	-7	13	11.25	-7.5	13.75	100	200	0	0	0	0
0	63	67	0	100	200	500	300	500	-1	1	4	0	0	1	1	0	100	200	300	37	9	7	8	11	-7	13	11.25	-7.5	13.75	100	200	0	0	0	0
0	63	67	0	100	200	500	300	500	0	1	4	0	0	1	1	0	100	200	300	37	9	7	8	11	-7	13	11.25	-7.5	13.75	100	200	0	0	0	0
0	0	405	0	100	200	500	300	500	-1	-1	-1	0	0	1	1	0	100	200	300	37	9	7	8	50	-7	0	50	-7	0	100	200	0	0	0	0
0	0	405	0	100	200	500	300	500	0	-1	-1	0	0	1	1	0	100	200	300	37	9	7	8	50	-7	0	50	-7	0	100	200	0	0	0	0
0	0	405	0	100	200	500	300	500	-1	-1	0	0	0	1	1	0	100	200	300	37	9	7	8	50	-7	0	50	-7	0	100	200	0	0	0	0
0	0	405	0	100	200	500	300	500	0	-1	0	0	0	1	1	0	100	200	300	37	9	7	8	50	-7	0	50	-7	0	100	200	0	0	0	0
0	0	405	0	100	200	500	300	500	-1	-1	1	0	0	1	1	0	100	200	300	37	9	7	8	50	-7	0	50	-7	0	100	200	0	0	0	0
0	0	405	0	100	200	500	300	500	0	-1	1	0	0	1	1	0	100	200	300	37	9	7	8	50	-7	0	50	-7	0	100	200	0	0	0	0
0	0	405	0	100	200	500	300	500	-1	-1	2	0	0	1	1	0	500	500	300	0	0	7	8	50	-7	0	50	-7	0	100	200	0	1	0	0
0	0	405	0	100	200	500	300	500	0	-1	2	0	0	1	1	0	100	200	300	37	9	7	8	50	-7	0	50	-7	0	100	200	0	0	0	0
0	0	405	0	100	200	500	300	500	-1	-1	3	0	0	1	1	0	500	500	300	0	0	7	8	50	-7	0	50	-7	0	100	200	0	1	0	0
0	0	405	0	100	200	500	300	500	0	-1	3	0	0	1	1	0	100	200	300	37	9	7	8	50	-7	0	50	-7	0	100	200	0	0	0	0
0	0	405	0	100	200	500	300	500	-1	-1	4	0	0	1	1	0	100	200	300	37	9	7	8	50	-7	0	50	-7	0	100	200	0	0	0	0
0	0	405	0	100	200	500	300	500	0	-1	4	0	0	1	1	0	100	200	300	37	9	7	8	50	-7	0	50	-7	0	100	200	0	0	0	0
0	0	405	0	100	200	500	300	500	-1	0	-1	0	0	1	1	0	100	200	300	37	9	7	8	50	-7	0	50	-7	0	100	200	0	0	0	0
0	0	405	0	100	200	500	300	500	0	0	-1	0	0	1	1	0	100	200	300	37	9	7	8	50	-7	0	50	-7	0	100	200	0	0	0	0
0	0	405	0	100	200	500	300	500	-1	0	0	0	0	1	1	0	100	200	300	37	9	7	8	50	-7	0	50	-7	0	100	200	0	0	0	0
0	0	405	0	100	200	500	300	500	0	0	0	0	0	1	1	0	100	200	300	37	9	7	8	50	-7	0	50	-7	0	100	200	0	0	0	0
0	0	405	0	100	200	500	300	500	-1	0	1	0	0	1	1	0	100	200	300	37	9	7	8	50	-7	0	50	-7	0	100	200	0	0	0	0
0	0	405	0	100	200	500	300	500	0	0	1	0	0	1	1	0	100	200	300	37	9	7	8	50	-7	0	50	-7	0	100	200	0	0	0	0
0	0	405	0	100	200	500	300	500	-1	0	2	0	0	1	1	0	500	500	300	0	0	7	8	50	-7	0	50	-7	0	100	200	0	1	0	0
0	0	405	0	100	200	500	300	500	0	0	2	0	0	1	1	0	100	200	300	37	9	7	8	50	-7	0	50	-7	0	100	200	0	0	0	0
0	0	405	0	100	200	500	300	500	-1	0	3	0	0	1	1	0	500	500	300	0	0	7	8	50	-7	0	50	-7	0	100	200	0	1	0	0
0	0	405	0	100	200	500	300	500	0	0	3	0	0	1	1	0	100	200	300	37	9	7	8	50	-7	0	50	-7	0	100	200	0	0	0	0
0	0	405	0	100	200	500	300	500	-1	0	4	0	0	1	1	0	100	200	300	37	9	7	8	50	-7	0	50	-7	0	100	200	0	0	0	0
0	0	405	0	100	200	500	300	500	0	0	4	0	0	1	1	0	100	200	300	37	9	7	8	50	-7	0	50	-7	0	100	200	0	0	0	0
0	0	405	0	100	200	500	300	500	-1	1	-1	0	0	1	1	0	500	500	300	0	0	7	8	50	-7	0	50	-7	0	100	200	0	1	0	0
0	0	405	0	100	200	500	300	500	0	1	-1	0	0	1	1	0	100	200	300	37	9	7	8	50	-7	0	50	-7	0	100	200	0	0	0	0
0	0	405	0	100	200	500	300	500	-1	1	0	0	0	1	1	0	500	500	300	0	0	7	8	50	-7	0	50	-7	0	100	200	0	1	0	0
0	0	405	0	100	200	500	300	500	0	1	0	0	0	1	1	0	100	200	300	37	9	7	8	50	-7	0	50	-7	0	100	200	0	0	0	0
0	0	405	0	100	200	500	300	500	-1	1	1	0	0	1	1	0	500	500	300	0	0	7	8	50	-7	0	50	-7	0	100	200	0	1	0	0
0	0	405	0	100	200	500	300	500	0	1	1	0	0	1	1	0	100	200	300	37	9	7	8	50	-7	0	50	-7	0	100	200	0	0	0	0
0	0	405	0	100	200	500	300	500	-1	1	2	0	0	1	1	0	500	500	300	0	0	7	8	50	-7	0	50	-7	0	100	200	0	1	0	0
0	0	405	0	100	200	500	300	500	0	1	2	0	0	1	1	0	100	200	300	37	9	7	8	50	-7	0	50	-7	0	100	200	0	0	0	0
0	0	405	0	100	200	500	300	500	-1	1	3	0	0	1	1	0	500	500	300	0	0	7	8	50	-7	0	50	-7	0	100	200	0	1	0	0
0	0	405	0	100	200	500	300	500	0	1	3	0	0	1	1	0	100	200	300	37	9	7	8	50	-7	0	50	-7	0	100	200	0	0	0	0
0	0	405	0	100	200	500	300	500	-1	1	4	0	0	1	1	0	500	500	300	0	0	7	8	50	-7	0	50	-7	0	100	200	0	1	0	0
0	0	405	0	100	200	500	300	500	0	1	4	0	0	1	1	0	100	200	300	37	9	7	8	50	-7	0	50	-7	0	100	200	0	0	0	0
0	63	405	0	100	200	500	300	500	-1	-1	-1	0	0	1	1	0	100	200	300	37	9	7	8	50	-7	0	50	-7	0	100	200	0	0	0	0
0	63	405	0	100	200	500	300	500	0	-1	-1	0	0	1	1	0	100	200	300	37	9	7	8	50	-7	0	50	-7	0	100	200	0	0	0	0
0	63	405	0	100	200	500	300	500	-1	-1	0	0	0	1	1	0	100	200	300	37	9	7	8	50	-7	0	50	-7	0	100	200	0	0	0	0
0	63	405	0	100	200	500	300	500	0	-1	0	0	0	1	1	0	100	200	300	37	9	7	8	50	-7	0	50	-7	0	100	200	0	0	0	0
0	63	405	0	100	200	500	300	500	-1	-1	1	0	0	1	1	0	100	200	300	37	9	7	8	50	-7	0	50	-7	0	100	200	0	0	0	0
0	63	405	0	100	200	500	300	500	0	-1	1	0	0	1	1	0	100	200	300	37	9	7	8	50	-7	0	50	-7	0	100	200	0	0	0	0
0	63	405	0	100	200	500	300	500	-1	-1	2	0	0	1	1	0	100	200	300	37	9	7	8	50	-7	0	50	-7	0	100	200	0	0	0	0
0	63	405	0	100	200	500	300	500	0	-1	2	0	0	1	1	0	100	200	300	37	9	7	8	50	-7	0	50	-7	0	100	200	0	0	0	0
0	63	405	0	100	200	500	300	500	-1	-1	3	0	0	1	1	0	100	200	300	37	9	7	8	50	-7	0	50	-7	0	100	200	0	0	0	0
0	63	405	0	100	200	500	300	500	0	-1	3	0	0	1	1	0	100	200	300	37	9	7	8	50	-7	0	50	-7	0	100	200	0	0	0	0
0	63	405	0	100	200	500	300	500	-1	-1	4	0	0	1	1	0	100	200	300	37	9	7	8	50	-7	0	50	-7	0	100	200	0	0	0	0
0	63	405	0	100	200	500	300	500	0	-1	4	0	0	1	1	0	100	200	300	37	9	7	8	50	-7	0	50	-7	0	100	200	0	0	0	0
0	63	405	0	100	200	500	300	500	-1	0	-1	0	0	1	1	0	100	200	300	37	9	7	8	50	-7	0	50	-7	0	100	200	0	0	0	0
0	63	405	0	100	200	500	300	500	0	0	-1	0	0	1	1	0	100	200	300	37	9	7	8	50	-7	0	50	-7	0	100	200	0	0	0	0
0	63	405	0	100	200	500	300	500	-1	0	0	0	0	1	1	0	100	200	300	37	9	7	8	50	-7	0	50	-7	0	100	200	0	0	0	0
0	63	405	0	100	200	500	300	500	0	0	0	0	0	1	1	0	100	200	300	37	9	7	8	50	-7	0	50	-7	0	100	200	0	0	0	0
0	63	405	0	100	200	500	300	500	-1	0	1	0	0	1	1	0	100	200	300	37	9	7	8	50	-7	0	50	-7	0	100	200	0	0	0	0
0	63	405	0	100	200	500	300	500	0	0	1	0	0	1	1	0	100	200	300	37	9	7	8	50	-7	0	50	-7	0	100	200	0	0	0	0
0	63	405	0	100	200	500	300	500	-1	0	2	0	0	1	1	0	100	200	300	37	9	7	8	50	-7	0	50	-7	0	100	200	0	0	0	0
0	63	405	0	100	200	500	300	500	0	0	2	0	0	1	1	0	100	200	300	37	9	7	8	50	-7	0	50	-7	0	100	200	0	0	0	0
0	63	405	0	100	200	500	300	500	-1	0	3	0	0	1	1	0	100	200	300	37	9	7	8	50	-7	0	50	-7	0	100	200	0	0	0	0
0	63	405	0	100	200	500	300	500	0	0	3	0	0	1	1	0	100	200	300	37	9	7	8	50	-7	0	50	-7	0	100	200	0	0	0	0
0	63	405	0	100	200	500	300	500	-1	0	4	0	0	1	1	0	100	200	300	37	9	7	8	50	-7	0	50	-7	0	100	200	0	0	0	0
0	63	405	0	100	200	500	300	500	0	0	4	0	0	1	1	0	100	200	300	37	9	7	8	50	-7	0	50	-7	0	100	200	0	0	0	0
0	63	405	0	100	200	500	300	500	-1	1	-1	0	0	1	1	0	100	200	300	37	9	7	8	50	-7	0	50	-7	0	100	200	0	0	0	0
0	63	405	0	100	200	500	300	500	0	1	-1	0	0	1	1	0	100	200	300	37	9	7	8	50	-7	0	50	-7	0	100	200	0	0	0	0
0	63	405	0	100	200	500	300	500	-1	1	0	0	0	1	1	0	100	200	300	37	9	7	8	50	-7	0	50	-7	0	100	200	0	0	0	0
0	63	405	0	100	200	500	300	500	0	1	0	0	0	1	1	0	100	200	300	37	9	7	8	50	-7	0	50	-7	0	100	200	0	0	0	0
0	63	405	0	100	200	500	300	500	-1	1	1	0	0	1	1	0	100	200	300	37	9	7	8	50	-7	0	50	-7	0	100	200	0	0	0	0
0	63	405	0	100	200	500	300	500	0	1	1	0	0	1	1	0	100	200	300	37	9	7	8	50	-7	0	50	-7	0	100	200	0	0	0	0
0	63	405	0	100	200	500	300	500	-1	1	2	0	0	1	1	0	100	200	300	37	9	7	8	50	-7	0	50	-7	0	100	200	0	0	0	0
0	63	405	0	100	200	500	300	500	0	1	2	0	0	1	1	0	100	200	300	37	9	7	8	50	-7	0	50	-7	0	100	200	0	0	0	0
0	63	405	0	100	200	500	300	500	-1	1	3	0	0	1	1	0	100	200	300	37	9	7	8	50	-7	0	50	-7	0	100	200	0	0	0	0
0	63	405	0	100	200	500	300	500	0	1	3	0	0	1	1	0	100	200	300	37	9	7	8	50	-7	0	50	-7	0	100	200	0	0	0	0
0	63	405	0	100	200	500	300	500	-1	1	4	0	0	1	1	0	100	200	300	37	9	7	8	50	-7	0	50	-7	0	100	200	0	0	0	0
0	63	405	0	100	200	500	300	500	0	1	4	0	0	1	1	0	100	200	300	37	9	7	8	50	-7	0	50	-7	0	100	200	0	0	0	0
0	0	3999	0	100	200	500	300	500	-1	-1	-1	0	0	1	1	0	100	200	300	37	9	7	8	11	-7	13	11.25	-7.5	13.75	100	200	0	0	0	0
0	0	3999	0	100	200	500	300	500	0	-1	-1	0	0	1	1	0	100	200	300	37	9	7	8	11	-7	13	11.25	-7.5	13.75	100	200	0	0	0	0
0	0	3999	0	100	200	500	300	500	-1	-1	0	0	0	1	1	0	100	200	300	37	9	7	8	11	-7	13	11.25	-7.5	13.75	100	200	0	0	0	0
0	0	3999	0	100	200	500	300	500	0	-1	0	0	0	1	1	0	100	200	300	37	9	7	8	11	-7	13	11.25	-7.5	13.75	100	200	0	0	0	0
0	0	3999	0	100	200	500	300	500	-1	-1	1	0	0	1	1	0	100	200	300	37	9	7	8	11	-7	13	11.25	-7.5	13.75	100	200	0	0	0	0
0	0	3999	0	100	200	500	300	500	0	-1	1	0	0	1	1	0	100	200	300	37	9	7	8	11	-7	13	11.25	-7.5	13.75	100	200	0	0	0	0
0	0	3999	0	100	200	500	300	500	-1	-1	2	0	0	1	1	0	500	500	300	0	0	7	8	11	-7	13	11.25	-7.5	13.75	100	200	0	1	0	0
0	0	3999	0	100	200	500	300	500	0	-1	2	0	0	1	1	0	100	200	300	37	9	7	8	11	-7	13	11.25	-7.5	13.75	100	200	0	0	0	0
0	0	3999	0	100	200	500	300	500	-1	-1	3	0	0	1	1	0	500	500	300	0	0	7	8	11	-7	13	11.25	-7.5	13.75	100	200	0	1	0	0
0	0	3999	0	100	200	500	300	500	0	-1	3	0	0	1	1	0	100	200	300	37	9	7	8	11	-7	13	11.25	-7.5	13.75	100	200	0	0	0	0
0	0	3999	0	100	200	500	300	500	-1	-1	4	0	0	1	1	0	100	200	300	37	9	7	8	11	-7	13	11.25	-7.5	13.75	100	200	0	0	0	0
0	0	3999	0	100	200	500	300	500	0	-1	4	0	0	1	1	0	100	200	300	37	9	7	8	11	-7	13	11.25	-7.5	13.75	100	200	0	0	0	0
0	0	3999	0	100	200	500	300	500	-1	0	-1	0	0	1	1	0	100	200	300	37	9	7	8	11	-7	13	11.25	-7.5	13.75	100	200	0	0	0	0
0	0	3999	0	100	200	500	300	500	0	0	-1	0	0	1	1	0	100	200	300	37	9	7	8	11	-7	13	11.25	-7.5	13.75	100	200	0	0	0	0
0	0	3999	0	100	200	500	300	500	-1	0	0	0	0	1	1	0	100	200	300	37	9	7	8	11	-7	13	11.25	-7.5	13.75	100	200	0	0	0	0
0	0	3999	0	100	200	500	300	500	0	0	0	0	0	1	1	0	100	200	300	37	9	7	8	11	-7	13	11.25	-7.5	13.75	100	200	0	0	0	0
0	0	3999	0	100	200	500	300	500	-1	0	1	0	0	1	1	0	100	200	300	37	9	7	8	11	-7	13	11.25	-7.5	13.75	100	200	0	0	0	0
0	0	3999	0	100	200	500	300	500	0	0	1	0	0	1	1	0	100	200	300	37	9	7	8	11	-7	13	11.25	-7.5	13.75	100	200	0	0	0	0
0	0	3999	0	100	200	500	300	500	-1	0	2	0	0	1	1	0	500	500	300	0	0	7	8	11	-7	13	11.25	-7.5	13.75	100	200	0	1	0	0
0	0	3999	0	100	200	500	300	500	0	0	2	0	0	1	1	0	100	200	300	37	9	7	8	11	-7	13	11.25	-7.5	13.75	100	200	0	0	0	0
0	0	3999	0	100	200	500	300	500	-1	0	3	0	0	1	1	0	500	500	300	0	0	7	8	11	-7	13	11.25	-7.5	13.75	100	200	0	1	0	0
0	0	3999	0	100	200	500	300	500	0	0	3	0	0	1	1	0	100	200	300	37	9	7	8	11	-7	13	11.25	-7.5	13.75	100	200	0	0	0	0
0	0	3999	0	100	200	500	300	500	-1	0	4	0	0	1	1	0	100	200	300	37	9	7	8	11	-7	13	11.25	-7.5	13.75	100	200	0	0	0	0
0	0	3999	0	100	200	500	300	500	0	0	4	0	0	1	1	0	100	200	300	37	9	7	8	11	-7	13	11.25	-7.5	13.75	100	200	0	0	0	0
0	0	3999	0	100	200	500	300	500	-1	1	-1	0	0	1	1	0	500	500	300	0	0	7	8	11	-7	13	11.25	-7.5	13.75	100	200	0	1	0	0
0	0	3999	0	100	200	500	300	500	0	1	-1	0	0	1	1	0	100	200	300	37	9	7	8	11	-7	13	11.25	-7.5	13.75	100	200	0	0	0	0
0	0	3999	0	100	200	500	300	500	-1	1	0	0	0	1	1	0	500	500	300	0	0	7	8	11	-7	13	11.25	-7.5	13.75	100	200	0	1	0	0
0	0	3999	0	100	200	500	300	500	0	1	0	0	0	1	1	0	100	200	300	37	9	7	8	11	-7	13	11.25	-7.5	13.75	100	200	0	0	0	0
0	0	3999	0	100	200	500	300	500	-1	1	1	0	0	1	1	0	500	500	300	0	0	7	8	11	-7	13	11.25	-7.5	13.75	100	200	0	1	0	0
0	0	3999	0	100	200	500	300	500	0	1	1	0	0	1	1	0	100	200	300	37	9	7	8	11	-7	13	11.25	-7.5	13.75	100	200	0	0	0	0
0	0	3999	0	100	200	500	300	500	-1	1	2	0	0	1	1	0	500	500	300	0	0	7	8	11	-7	13	11.25	-7.5	13.75	100	200	0	1	0	0
0	0	3999	0	100	200	500	300	500	0	1	2	0	0	1	1	0	100	200	300	37	9	7	8	11	-7	13	11.25	-7.5	13.75	100	200	0	0	0	0
0	0	3999	0	100	200	500	300	500	-1	1	3	0	0	1	1	0	500	500	300	0	0	7	8	11	-7	13	11.25	-7.5	13.75	100	200	0	1	0	0
0	0	3999	0	100	200	500	300	500	0	1	3	0	0	1	1	0	100	200	300	37	9	7	8	11	-7	13	11.25	-7.5	13.75	100	200	0	0	0	0
0	0	3999	0	100	200	500	300	500	-1	1	4	0	0	1	1	0	500	500	300	0	0	7	8	11	-7	13	11.25	-7.5	13.75	100	200	0	1	0	0
0	0	3999	0	100	200	500	300	500	0	1	4	0	0	1	1	0	100	200	300	37	9	7	8	11	-7	13	11.25	-7.5	13.75	100	200	0	0	0	0
0	63	3999	0	100	200	500	300	500	-1	-1	-1	0	0	1	1	0	100	200	300	37	9	7	8	11	-7	13	11.25	-7.5	13.75	100	200	0	0	0	0
0	63	3999	0	100	200	500	300	500	0	-1	-1	0	0	1	1	0	100	200	300	37	9	7	8	11	-7	13	11.25	-7.5	13.75	100	200	0	0	0	0
0	63	3999	0	100	200	500	300	500	-1	-1	0	0	0	1	1	0	100	200	300	37	9	7	8	11	-7	13	11.25	-7.5	13.75	100	200	0	0	0	0
0	63	3999	0	100	200	500	300	500	0	-1	0	0	0	1	1	0	100	200	300	37	9	7	8	11	-7	13	11.25	-7.5	13.75	100	200	0	0	0	0
0	63	3999	0	100	200	500	300	500	-1	-1	1	0	0	1	1	0	100	200	300	37	9	7	8	11	-7	13	11.25	-7.5	13.75	100	200	0	0	0	0
0	63	3999	0	100	200	500	300	500	0	-1	1	0	0	1	1	0	100	200	300	37	9	7	8	11	-7	13	11.25	-7.5	13.75	100	200	0	0	0	0
0	63	3999	0	100	200	500	300	500	-1	-1	2	0	0	1	1	0	100	200	300	37	9	7	8	11	-7	13	11.25	-7.5	13.75	100	200	0	0	0	0
0	63	3999	0	100	200	500	300	500	0	-1	2	0	0	1	1	0	100	200	300	37	9	7	8	11	-7	13	11.25	-7.5	13.75	100	200	0	0	0	0
0	63	3999	0	100	200	500	300	500	-1	-1	3	0	0	1	1	0	100	200	300	37	9	7	8	11	-7	13	11.25	-7.5	13.75	100	200	0	0	0	0
0	63	3999	0	100	200	500	300	500	0	-1	3	0	0	1	1	0	100	200	300	37	9	7	8	11	-7	13	11.25	-7.5	13.75	100	200	0	0	0	0
0	63	3999	0	100	200	500	300	500	-1	-1	4	0	0	1	1	0	100	200	300	37	9	7	8	11	-7	13	11.25	-7.5	13.75	100	200	0	0	0	0
0	63	3999	0	100	200	500	300	500	0	-1	4	0	0	1	1	0	100	200	300	37	9	7	8	11	-7	13	11.25	-7.5	13.75	100	200	0	0	0	0
0	63	3999	0	100	200	500	300	500	-1	0	-1	0	0	1	1	0	100	200	300	37	9	7	8	11	-7	13	11.25	-7.5	13.75	100	200	0	0	0	0
0	63	3999	0	100	200	500	300	500	0	0	-1	0	0	1	1	0	100	200	300	37	9	7	8	11	-7	13	11.25	-7.5	13.75	100	200	0	0	0	0
0	63	3999	0	100	200	500	300	500	-1	0	0	0	0	1	1	0	100	200	300	37	9	7	8	11	-7	13	11.25	-7.5	13.75	100	200	0	0	0	0
0	63	3999	0	100	200	500	300	500	0	0	0	0	0	1	1	0	100	200	300	37	9	7	8	11	-7	13	11.25	-7.5	13.75	100	200	0	0	0	0
0	63	3999	0	100	200	500	300	500	-1	0	1	0	0	1	1	0	100	200	300	37	9	7	8	11	-7	13	11.25	-7.5	13.75	100	200	0	0	0	0
0	63	3999	0	100	200	500	300	500	0	0	1	0	0	1	1	0	100	200	300	37	9	7	8	11	-7	13	11.25	-7.5	13.75	100	200	0	0	0	0
0	63	3999	0	100	200	500	300	500	-1	0	2	0	0	1	1	0	100	200	300	37	9	7	8	11	-7	13	11.25	-7.5	13.75	100	200	0	0	0	0
0	63	3999	0	100	200	500	300	500	0	0	2	0	0	1	1	0	100	200	300	37	9	7	8	11	-7	13	11.25	-7.5	13.75	100	200	0	0	0	0
0	63	3999	0	100	200	500	300	500	-1	0	3	0	0	1	1	0	100	200	300	37	9	7	8	11	-7	13	11.25	-7.5	13.75	100	200	0	0	0	0
0	63	3999	0	100	200	500	300	500	0	0	3	0	0	1	1	0	100	200	300	37	9	7	8	11	-7	13	11.25	-7.5	13.75	100	200	0	0	0	0
0	63	3999	0	100	200	500	300	500	-1	0	4	0	0	1	1	0	100	200	300	37	9	7	8	11	-7	13	11.25	-7.5	13.75	100	200	0	0	0	0
0	63	3999	0	100	200	500	300	500	0	0	4	0	0	1	1	0	100	200	300	37	9	7	8	11	-7	13	11.25	-7.5	13.75	100	200	0	0	0	0
0	63	3999	0	100	200	500	300	500	-1	1	-1	0	0	1	1	0	100	200	300	37	9	7	8	11	-7	13	11.25	-7.5	13.75	100	200	0	0	0	0
0	63	3999	0	100	200	500	300	500	0	1	-1	0	0	1	1	0	100	200	300	37	9	7	8	11	-7	13	11.25	-7.5	13.75	100	200	0	0	0	0
0	63	3999	0	100	200	500	300	500	-1	1	0	0	0	1	1	0	100	200	300	37	9	7	8	11	-7	13	11.25	-7.5	13.75	100	200	0	0	0	0
0	63	3999	0	100	200	500	300	500	0	1	0	0	0	1	1	0	100	200	300	37	9	7	8	11	-7	13	11.25	-7.5	13.75	100	200	0	0	0	0
0	63	3999	0	100	200	500	300	500	-1	1	1	0	0	1	1	0	100	200	300	37	9	7	8	11	-7	13	11.25	-7.5	13.75	100	200	0	0	0	0
0	63	3999	0	100	200	500	300	500	0	1	1	0	0	1	1	0	100	200	300	37	9	7	8	11	-7	13	11.25	-7.5	13.75	100	200	0	0	0	0
0	63	3999	0	100	200	500	300	500	-1	1	2	0	0	1	1	0	100	200	300	37	9	7	8	11	-7	13	11.25	-7.5	13.75	100	200	0	0	0	0
0	63	3999	0	100	200	500	300	500	0	1	2	0	0	1	1	0	100	200	300	37	9	7	8	11	-7	13	11.25	-7.5	13.75	100	200	0	0	0	0
0	63	3999	0	100	200	500	300	500	-1	1	3	0	0	1	1	0	100	200	300	37	9	7	8	11	-7	13	11.25	-7.5	13.75	100	200	0	0	0	0
0	63	3999	0	100	200	500	300	500	0	1	3	0	0	1	1	0	100	200	300	37	9	7	8	11	-7	13	11.25	-7.5	13.75	100	200	0	0	0	0
0	63	3999	0	100	200	500	300	500	-1	1	4	0	0	1	1	0	100	200	300	37	9	7	8	11	-7	13	11.25	-7.5	13.75	100	200	0	0	0	0
0	63	3999	0	100	200	500	300	500	0	1	4	0	0	1	1	0	100	200	300	37	9	7	8	11	-7	13	11.25	-7.5	13.75	100	200	0	0	0	0
0	0	4000	0	100	200	500	300	500	-1	-1	-1	0	0	1	1	0	100	200	300	37	9	0	8	11	-7	13	11.25	-7.5	13.75	100	200	0	0	0	0
0	0	4000	0	100	200	500	300	500	0	-1	-1	0	0	1	1	0	100	200	300	37	9	0	8	11	-7	13	11.25	-7.5	13.75	100	200	0	0	0	0
0	0	4000	0	100	200	500	300	500	-1	-1	0	0	0	1	1	0	100	200	300	37	9	0	8	11	-7	13	11.25	-7.5	13.75	100	200	0	0	0	0
0	0	4000	0	100	200	500	300	500	0	-1	0	0	0	1	1	0	100	200	300	37	9	0	8	11	-7	13	11.25	-7.5	13.75	100	200	0	0	0	0
0	0	4000	0	100	200	500	300	500	-1	-1	1	0	0	1	1	0	100	200	300	37	9	0	8	11	-7	13	11.25	-7.5	13.75	100	200	0	0	0	0
0	0	4000	0	100	200	500	300	500	0	-1	1	0	0	1	1	0	100	200	300	37	9	0	8	11	-7	13	11.25	-7.5	13.75	100	200	0	0	0	0
0	0	4000	0	100	200	500	300	500	-1	-1	2	0	0	1	1	0	500	500	300	0	0	0	8	11	-7	13	11.25	-7.5	13.75	100	200	0	1	0	0
0	0	4000	0	100	200	500	300	500	0	-1	2	0	0	1	1	0	100	200	300	37	9	0	8	11	-7	13	11.25	-7.5	13.75	100	200	0	0	0	0
0	0	4000	0	100	200	500	300	500	-1	-1	3	0	0	1	1	0	500	500	300	0	0	0	8	11	-7	13	11.25	-7.5	13.75	100	200	0	1	0	0
0	0	4000	0	100	200	500	300	500	0	-1	3	0	0	1	1	0	100	200	300	37	9	0	8	11	-7	13	11.25	-7.5	13.75	100	200	0	0	0	0
0	0	4000	0	100	200	500	300	500	-1	-1	4	0	0	1	1	0	100	200	300	37	9	0	8	11	-7	13	11.25	-7.5	13.75	100	200	0	0	0	0
0	0	4000	0	100	200	500	300	500	0	-1	4	0	0	1	1	0	100	200	300	37	9	0	8	11	-7	13	11.25	-7.5	13.75	100	200	0	0	0	0
0	0	4000	0	100	200	500	300	500	-1	0	-1	0	0	1	1	0	100	200	300	37	9	0	8	11	-7	13	11.25	-7.5	13.75	100	200	0	0	0	0
0	0	4000	0	100	200	500	300	500	0	0	-1	0	0	1	1	0	100	200	300	37	9	0	8	11	-7	13	11.25	-7.5	13.75	100	200	0	0	0	0
0	0	4000	0	100	200	500	300	500	-1	0	0	0	0	1	1	0	100	200	300	37	9	0	8	11	-7	13	11.25	-7.5	13.75	100	200	0	0	0	0
0	0	4000	0	100	200	500	300	500	0	0	0	0	0	1	1	0	100	200	300	37	9	0	8	11	-7	13	11.25	-7.5	13.75	100	200	0	0	0	0
0	0	4000	0	100	200	500	300	500	-1	0	1	0	0	1	1	0	100	200	300	37	9	0	8	11	-7	13	11.25	-7.5	13.75	100	200	0	0	0	0
0	0	4000	0	100	200	500	300	500	0	0	1	0	0	1	1	0	100	200	300	37	9	0	8	11	-7	13	11.25	-7.5	13.75	100	200	0	0	0	0
0	0	4000	0	100	200	500	300	500	-1	0	2	0	0	1	1	0	500	500	300	0	0	0	8	11	-7	13	11.25	-7.5	13.75	100	200	0	1	0	0
0	0	4000	0	100	200	500	300	500	0	0	2	0	0	1	1	0	100	200	300	37	9	0	8	11	-7	13	11.25	-7.5	13.75	100	200	0	0	0	0
0	0	4000	0	100	200	500	300	500	-1	0	3	0	0	1	1	0	500	500	300	0	0	0	8	11	-7	13	11.25	-7.5	13.75	100	200	0	1	0	0
0	0	4000	0	100	200	500	300	500	0	0	3	0	0	1	1	0	100	200	300	37	9	0	8	11	-7	13	11.25	-7.5	13.75	100	200	0	0	0	0
0	0	4000	0	100	200	500	300	500	-1	0	4	0	0	1	1	0	100	200	300	37	9	0	8	11	-7	13	11.25	-7.5	13.75	100	200	0	0	0	0
0	0	4000	0	100	200	500	300	500	0	0	4	0	0	1	1	0	100	200	300	37	9	0	8	11	-7	13	11.25	-7.5	13.75	100	200	0	0	0	0
0	0	4000	0	100	200	500	300	500	-1	1	-1	0	0	1	1	0	500	500	300	0	0	0	8	11	-7	13	11.25	-7.5	13.75	100	200	0	1	0	0
0	0	4000	0	100	200	500	300	500	0	1	-1	0	0	1	1	0	100	200	300	37	9	0	8	11	-7	13	11.25	-7.5	13.75	100	200	0	0	0	0
0	0	4000	0	100	200	500	300	500	-1	1	0	0	0	1	1	0	500	500	300	0	0	0	8	11	-7	13	11.25	-7.5	13.75	100	200	0	1	0	0
0	0	4000	0	100	200	500	300	500	0	1	0	0	0	1	1	0	100	200	300	37	9	0	8	11	-7	13	11.25	-7.5	13.75	100	200	0	0	0	0
0	0	4000	0	100	200	500	300	500	-1	1	1	0	0	1	1	0	500	500	300	0	0	0	8	11	-7	13	11.25	-7.5	13.75	100	200	0	1	0	0
0	0	4000	0	100	200	500	300	500	0	1	1	0	0	1	1	0	100	200	300	37	9	0	8	11	-7	13	11.25	-7.5	13.75	100	200	0	0	0	0
0	0	4000	0	100	200	500	300	500	-1	1	2	0	0	1	1	0	500	500	300	0	0	0	8	11	-7	13	11.25	-7.5	13.75	100	200	0	1	0	0
0	0	4000	0	100	200	500	300	500	0	1	2	0	0	1	1	0	100	200	300	37	9	0	8	11	-7	13	11.25	-7.5	13.75	100	200	0	0	0	0
0	0	4000	0	100	200	500	300	500	-1	1	3	0	0	1	1	0	500	500	300	0	0	0	8	11	-7	13	11.25	-7.5	13.75	100	200	0	1	0	0
0	0	4000	0	100	200	500	300	500	0	1	3	0	0	1	1	0	100	200	300	37	9	0	8	11	-7	13	11.25	-7.5	13.75	100	200	0	0	0	0
0	0	4000	0	100	200	500	300	500	-1	1	4	0	0	1	1	0	500	500	300	0	0	0	8	11	-7	13	11.25	-7.5	13.75	100	200	0	1	0	0
0	0	4000	0	100	200	500	300	500	0	1	4	0	0	1	1	0	100	200	300	37	9	0	8	11	-7	13	11.25	-7.5	13.75	100	200	0	0	0	0
0	63	4000	0	100	200	500	300	500	-1	-1	-1	0	0	1	1	0	100	200	300	37	9	0	8	11	-7	13	11.25	-7.5	13.75	100	200	0	0	0	0
0	63	4000	0	100	200	500	300	500	0	-1	-1	0	0	1	1	0	100	200	300	37	9	0	8	11	-7	13	11.25	-7.5	13.75	100	200	0	0	0	0
0	63	4000	0	100	200	500	300	500	-1	-1	0	0	0	1	1	0	100	200	300	37	9	0	8	11	-7	13	11.25	-7.5	13.75	100	200	0	0	0	0
0	63	4000	0	100	200	500	300	500	0	-1	0	0	0	1	1	0	100	200	300	37	9	0	8	11	-7	13	11.25	-7.5	13.75	100	200	0	0	0	0
0	63	4000	0	100	200	500	300	500	-1	-1	1	0	0	1	1	0	100	200	300	37	9	0	8	11	-7	13	11.25	-7.5	13.75	100	200	0	0	0	0
0	63	4000	0	100	200	500	300	500	0	-1	1	0	0	1	1	0	100	200	300	37	9	0	8	11	-7	13	11.25	-7.5	13.75	100	200	0	0	0	0
0	63	4000	0	100	200	500	300	500	-1	-1	2	0	0	1	1	0	100	200	300	37	9	0	8	11	-7	13	11.25	-7.5	13.75	100	200	0	0	0	0
0	63	4000	0	100	200	500	300	500	0	-1	2	0	0	1	1	0	100	200	300	37	9	0	8	11	-7	13	11.25	-7.5	13.75	100	200	0	0	0	0
0	63	4000	0	100	200	500	300	500	-1	-1	3	0	0	1	1	0	100	200	300	37	9	0	8	11	-7	13	11.25	-7.5	13.75	100	200	0	0	0	0
0	63	4000	0	100	200	500	300	500	0	-1	3	0	0	1	1	0	100	200	300	37	9	0	8	11	-7	13	11.25	-7.5	13.75	100	200	0	0	0	0
0	63	4000	0	100	200	500	300	500	-1	-1	4	0	0	1	1	0	100	200	300	37	9	0	8	11	-7	13	11.25	-7.5	13.75	100	200	0	0	0	0
0	63	4000	0	100	200	500	300	500	0	-1	4	0	0	1	1	0	100	200	300	37	9	0	8	11	-7	13	11.25	-7.5	13.75	100	200	0	0	0	0
0	63	4000	0	100	200	500	300	500	-1	0	-1	0	0	1	1	0	100	200	300	37	9	0	8	11	-7	13	11.25	-7.5	13.75	100	200	0	0	0	0
0	63	4000	0	100	200	500	300	500	0	0	-1	0	0	1	1	0	100	200	300	37	9	0	8	11	-7	13	11.25	-7.5	13.75	100	200	0	0	0	0
0	63	4000	0	100	200	500	300	500	-1	0	0	0	0	1	1	0	100	200	300	37	9	0	8	11	-7	13	11.25	-7.5	13.75	100	200	0	0	0	0
0	63	4000	0	100	200	500	300	500	0	0	0	0	0	1	1	0	100	200	300	37	9	0	8	11	-7	13	11.25	-7.5	13.75	100	200	0	0	0	0
0	63	4000	0	100	200	500	300	500	-1	0	1	0	0	1	1	0	100	200	300	37	9	0	8	11	-7	13	11.25	-7.5	13.75	100	200	0	0	0	0
0	63	4000	0	100	200	500	300	500	0	0	1	0	0	1	1	0	100	200	300	37	9	0	8	11	-7	13	11.25	-7.5	13.75	100	200	0	0	0	0
0	63	4000	0	100	200	500	300	500	-1	0	2	0	0	1	1	0	100	200	300	37	9	0	8	11	-7	13	11.25	-7.5	13.75	100	200	0	0	0	0
0	63	4000	0	100	200	500	300	500	0	0	2	0	0	1	1	0	100	200	300	37	9	0	8	11	-7	13	11.25	-7.5	13.75	100	200	0	0	0	0
0	63	4000	0	100	200	500	300	500	-1	0	3	0	0	1	1	0	100	200	300	37	9	0	8	11	-7	13	11.25	-7.5	13.75	100	200	0	0	0	0
0	63	4000	0	100	200	500	300	500	0	0	3	0	0	1	1	0	100	200	300	37	9	0	8	11	-7	13	11.25	-7.5	13.75	100	200	0	0	0	0
0	63	4000	0	100	200	500	300	500	-1	0	4	0	0	1	1	0	100	200	300	37	9	0	8	11	-7	13	11.25	-7.5	13.75	100	200	0	0	0	0
0	63	4000	0	100	200	500	300	500	0	0	4	0	0	1	1	0	100	200	300	37	9	0	8	11	-7	13	11.25	-7.5	13.75	100	200	0	0	0	0
0	63	4000	0	100	200	500	300	500	-1	1	-1	0	0	1	1	0	100	200	300	37	9	0	8	11	-7	13	11.25	-7.5	13.75	100	200	0	0	0	0
0	63	4000	0	100	200	500	300	500	0	1	-1	0	0	1	1	0	100	200	300	37	9	0	8	11	-7	13	11.25	-7.5	13.75	100	200	0	0	0	0
0	63	4000	0	100	200	500	300	500	-1	1	0	0	0	1	1	0	100	200	300	37	9	0	8	11	-7	13	11.25	-7.5	13.75	100	200	0	0	0	0
0	63	4000	0	100	200	500	300	500	0	1	0	0	0	1	1	0	100	200	300	37	9	0	8	11	-7	13	11.25	-7.5	13.75	100	200	0	0	0	0
0	63	4000	0	100	200	500	300	500	-1	1	1	0	0	1	1	0	100	200	300	37	9	0	8	11	-7	13	11.25	-7.5	13.75	100	200	0	0	0	0
0	63	4000	0	100	200	500	300	500	0	1	1	0	0	1	1	0	100	200	300	37	9	0	8	11	-7	13	11.25	-7.5	13.75	100	200	0	0	0	0
0	63	4000	0	100	200	500	300	500	-1	1	2	0	0	1	1	0	100	200	300	37	9	0	8	11	-7	13	11.25	-7.5	13.75	100	200	0	0	0	0
0	63	4000	0	100	200	500	300	500	0	1	2	0	0	1	1	0	100	200	300	37	9	0	8	11	-7	13	11.25	-7.5	13.75	100	200	0	0	0	0
0	63	4000	0	100	200	500	300	500	-1	1	3	0	0	1	1	0	100	200	300	37	9	0	8	11	-7	13	11.25	-7.5	13.75	100	200	0	0	0	0
0	63	4000	0	100	200	500	300	500	0	1	3	0	0	1	1	0	100	200	300	37	9	0	8	11	-7	13	11.25	-7.5	13.75	100	200	0	0	0	0
0	63	4000	0	100	200	500	300	500	-1	1	4	0	0	1	1	0	100	200	300	37	9	0	8	11	-7	13	11.25	-7.5	13.75	100	200	0	0	0	0
0	63	4000	0	100	200	500	300	500	0	1	4	0	0	1	1	0	100	200	300	37	9	0	8	11	-7	13	11.25	-7.5	13.75	100	200	0	0	0	0
0	0	4001	0	100	200	500	300	500	-1	-1	-1	0	0	1	1	0	100	200	300	37	9	1	8	11	-7	13	11.25	-7.5	13.75	100	200	0	0	0	0
0	0	4001	0	100	200	500	300	500	0	-1	-1	0	0	1	1	0	100	200	300	37	9	1	8	11	-7	13	11.25	-7.5	13.75	100	200	0	0	0	0
0	0	4001	0	100	200	500	300	500	-1	-1	0	0	0	1	1	0	100	200	300	37	9	1	8	11	-7	13	11.25	-7.5	13.75	100	200	0	0	0	0
0	0	4001	0	100	200	500	300	500	0	-1	0	0	0	1	1	0	100	200	300	37	9	1	8	11	-7	13	11.25	-7.5	13.75	100	200	0	0	0	0
0	0	4001	0	100	200	500	300	500	-1	-1	1	0	0	1	1	0	100	200	300	37	9	1	8	11	-7	13	11.25	-7.5	13.75	100	200	0	0	0	0
0	0	4001	0	100	200	500	300	500	0	-1	1	0	0	1	1	0	100	200	300	37	9	1	8	11	-7	13	11.25	-7.5	13.75	100	200	0	0	0	0
0	0	4001	0	100	200	500	300	500	-1	-1	2	0	0	1	1	0	500	500	300	0	0	1	8	11	-7	13	11.25	-7.5	13.75	100	200	0	1	0	0
0	0	4001	0	100	200	500	300	500	0	-1	2	0	0	1	1	0	100	200	300	37	9	1	8	11	-7	13	11.25	-7.5	13.75	100	200	0	0	0	0
0	0	4001	0	100	200	500	300	500	-1	-1	3	0	0	1	1	0	500	500	300	0	0	1	8	11	-7	13	11.25	-7.5	13.75	100	200	0	1	0	0
0	0	4001	0	100	200	500	300	500	0	-1	3	0	0	1	1	0	100	200	300	37	9	1	8	11	-7	13	11.25	-7.5	13.75	100	200	0	0	0	0
0	0	4001	0	100	200	500	300	500	-1	-1	4	0	0	1	1	0	100	200	300	37	9	1	8	11	-7	13	11.25	-7.5	13.75	100	200	0	0	0	0
0	0	4001	0	100	200	500	300	500	0	-1	4	0	0	1	1	0	100	200	300	37	9	1	8	11	-7	13	11.25	-7.5	13.75	100	200	0	0	0	0
0	0	4001	0	100	200	500	300	500	-1	0	-1	0	0	1	1	0	100	200	300	37	9	1	8	11	-7	13	11.25	-7.5	13.75	100	200	0	0	0	0
0	0	4001	0	100	200	500	300	500	0	0	-1	0	0	1	1	0	100	200	300	37	9	1	8	11	-7	13	11.25	-7.5	13.75	100	200	0	0	0	0
0	0	4001	0	100	200	500	300	500	-1	0	0	0	0	1	1	0	100	200	300	37	9	1	8	11	-7	13	11.25	-7.5	13.75	100	200	0	0	0	0
0	0	4001	0	100	200	500	300	500	0	0	0	0	0	1	1	0	100	200	300	37	9	1	8	11	-7	13	11.25	-7.5	13.75	100	200	0	0	0	0
0	0	4001	0	100	200	500	300	500	-1	0	1	0	0	1	1	0	100	200	300	37	9	1	8	11	-7	13	11.25	-7.5	13.75	100	200	0	0	0	0
0	0	4001	0	100	200	500	300	500	0	0	1	0	0	1	1	0	100	200	300	37	9	1	8	11	-7	13	11.25	-7.5	13.75	100	200	0	0	0	0
0	0	4001	0	100	200	500	300	500	-1	0	2	0	0	1	1	0	500	500	300	0	0	1	8	11	-7	13	11.25	-7.5	13.75	100	200	0	1	0	0
0	0	4001	0	100	200	500	300	500	0	0	2	0	0	1	1	0	100	200	300	37	9	1	8	11	-7	13	11.25	-7.5	13.75	100	200	0	0	0	0
0	0	4001	0	100	200	500	300	500	-1	0	3	0	0	1	1	0	500	500	300	0	0	1	8	11	-7	13	11.25	-7.5	13.75	100	200	0	1	0	0
0	0	4001	0	100	200	500	300	500	0	0	3	0	0	1	1	0	100	200	300	37	9	1	8	11	-7	13	11.25	-7.5	13.75	100	200	0	0	0	0
0	0	4001	0	100	200	500	300	500	-1	0	4	0	0	1	1	0	100	200	300	37	9	1	8	11	-7	13	11.25	-7.5	13.75	100	200	0	0	0	0
0	0	4001	0	100	200	500	300	500	0	0	4	0	0	1	1	0	100	200	300	37	9	1	8	11	-7	13	11.25	-7.5	13.75	100	200	0	0	0	0
0	0	4001	0	100	200	500	300	500	-1	1	-1	0	0	1	1	0	500	500	300	0	0	1	8	11	-7	13	11.25	-7.5	13.75	100	200	0	1	0	0
0	0	4001	0	100	200	500	300	500	0	1	-1	0	0	1	1	0	100	200	300	37	9	1	8	11	-7	13	11.25	-7.5	13.75	100	200	0	0	0	0
0	0	4001	0	100	200	500	300	500	-1	1	0	0	0	1	1	0	500	500	300	0	0	1	8	11	-7	13	11.25	-7.5	13.75	100	200	0	1	0	0
0	0	4001	0	100	200	500	300	500	0	1	0	0	0	1	1	0	100	200	300	37	9	1	8	11	-7	13	11.25	-7.5	13.75	100	200	0	0	0	0
0	0	4001	0	100	200	500	300	500	-1	1	1	0	0	1	1	0	500	500	300	0	0	1	8	11	-7	13	11.25	-7.5	13.75	100	200	0	1	0	0
0	0	4001	0	100	200	500	300	500	0	1	1	0	0	1	1	0	100	200	300	37	9	1	8	11	-7	13	11.25	-7.5	13.75	100	200	0	0	0	0
0	0	4001	0	100	200	500	300	500	-1	1	2	0	0	1	1	0	500	500	300	0	0	1	8	11	-7	13	11.25	-7.5	13.75	100	200	0	1	0	0
0	0	4001	0	100	200	500	300	500	0	1	2	0	0	1	1	0	100	200	300	37	9	1	8	11	-7	13	11.25	-7.5	13.75	100	200	0	0	0	0
0	0	4001	0	100	200	500	300	500	-1	1	3	0	0	1	1	0	500	500	300	0	0	1	8	11	-7	13	11.25	-7.5	13.75	100	200	0	1	0	0
0	0	4001	0	100	200	500	300	500	0	1	3	0	0	1	1	0	100	200	300	37	9	1	8	11	-7	13	11.25	-7.5	13.75	100	200	0	0	0	0
0	0	4001	0	100	200	500	300	500	-1	1	4	0	0	1	1	0	500	500	300	0	0	1	8	11	-7	13	11.25	-7.5	13.75	100	200	0	1	0	0
0	0	4001	0	100	200	500	300	500	0	1	4	0	0	1	1	0	100	200	300	37	9	1	8	11	-7	13	11.25	-7.5	13.75	100	200	0	0	0	0
0	63	4001	0	100	200	500	300	500	-1	-1	-1	0	0	1	1	0	100	200	300	37	9	1	8	11	-7	13	11.25	-7.5	13.75	100	200	0	0	0	0
0	63	4001	0	100	200	500	300	500	0	-1	-1	0	0	1	1	0	100	200	300	37	9	1	8	11	-7	13	11.25	-7.5	13.75	100	200	0	0	0	0
0	63	4001	0	100	200	500	300	500	-1	-1	0	0	0	1	1	0	100	200	300	37	9	1	8	11	-7	13	11.25	-7.5	13.75	100	200	0	0	0	0
0	63	4001	0	100	200	500	300	500	0	-1	0	0	0	1	1	0	100	200	300	37	9	1	8	11	-7	13	11.25	-7.5	13.75	100	200	0	0	0	0
0	63	4001	0	100	200	500	300	500	-1	-1	1	0	0	1	1	0	100	200	300	37	9	1	8	11	-7	13	11.25	-7.5	13.75	100	200	0	0	0	0
0	63	4001	0	100	200	500	300	500	0	-1	1	0	0	1	1	0	100	200	300	37	9	1	8	11	-7	13	11.25	-7.5	13.75	100	200	0	0	0	0
0	63	4001	0	100	200	500	300	500	-1	-1	2	0	0	1	1	0	100	200	300	37	9	1	8	11	-7	13	11.25	-7.5	13.75	100	200	0	0	0	0
0	63	4001	0	100	200	500	300	500	0	-1	2	0	0	1	1	0	100	200	300	37	9	1	8	11	-7	13	11.25	-7.5	13.75	100	200	0	0	0	0
0	63	4001	0	100	200	500	300	500	-1	-1	3	0	0	1	1	0	100	200	300	37	9	1	8	11	-7	13	11.25	-7.5	13.75	100	200	0	0	0	0
0	63	4001	0	100	200	500	300	500	0	-1	3	0	0	1	1	0	100	200	300	37	9	1	8	11	-7	13	11.25	-7.5	13.75	100	200	0	0	0	0
0	63	4001	0	100	200	500	300	500	-1	-1	4	0	0	1	1	0	100	200	300	37	9	1	8	11	-7	13	11.25	-7.5	13.75	100	200	0	0	0	0
0	63	4001	0	100	200	500	300	500	0	-1	4	0	0	1	1	0	100	200	300	37	9	1	8	11	-7	13	11.25	-7.5	13.75	100	200	0	0	0	0
0	63	4001	0	100	200	500	300	500	-1	0	-1	0	0	1	1	0	100	200	300	37	9	1	8	11	-7	13	11.25	-7.5	13.75	100	200	0	0	0	0
0	63	4001	0	100	200	500	300	500	0	0	-1	0	0	1	1	0	100	200	300	37	9	1	8	11	-7	13	11.25	-7.5	13.75	100	200	0	0	0	0
0	63	4001	0	100	200	500	300	500	-1	0	0	0	0	1	1	0	100	200	300	37	9	1	8	11	-7	13	11.25	-7.5	13.75	100	200	0	0	0	0
0	63	4001	0	100	200	500	300	500	0	0	0	0	0	1	1	0	100	200	300	37	9	1	8	11	-7	13	11.25	-7.5	13.75	100	200	0	0	0	0
0	63	4001	0	100	200	500	300	500	-1	0	1	0	0	1	1	0	100	200	300	37	9	1	8	11	-7	13	11.25	-7.5	13.75	100	200	0	0	0	0
0	63	4001	0	100	200	500	300	500	0	0	1	0	0	1	1	0	100	200	300	37	9	1	8	11	-7	13	11.25	-7.5	13.75	100	200	0	0	0	0
0	63	4001	0	100	200	500	300	500	-1	0	2	0	0	1	1	0	100	200	300	37	9	1	8	11	-7	13	11.25	-7.5	13.75	100	200	0	0	0	0
0	63	4001	0	100	200	500	300	500	0	0	2	0	0	1	1	0	100	200	300	37	9	1	8	11	-7	13	11.25	-7.5	13.75	100	200	0	0	0	0
0	63	4001	0	100	200	500	300	500	-1	0	3	0	0	1	1	0	100	200	300	37	9	1	8	11	-7	13	11.25	-7.5	13.75	100	200	0	0	0	0
0	63	4001	0	100	200	500	300	500	0	0	3	0	0	1	1	0	100	200	300	37	9	1	8	11	-7	13	11.25	-7.5	13.75	100	200	0	0	0	0
0	63	4001	0	100	200	500	300	500	-1	0	4	0	0	1	1	0	100	200	300	37	9	1	8	11	-7	13	11.25	-7.5	13.75	100	200	0	0	0	0
0	63	4001	0	100	200	500	300	500	0	0	4	0	0	1	1	0	100	200	300	37	9	1	8	11	-7	13	11.25	-7.5	13.75	100	200	0	0	0	0
0	63	4001	0	100	200	500	300	500	-1	1	-1	0	0	1	1	0	100	200	300	37	9	1	8	11	-7	13	11.25	-7.5	13.75	100	200	0	0	0	0
0	63	4001	0	100	200	500	300	500	0	1	-1	0	0	1	1	0	100	200	300	37	9	1	8	11	-7	13	11.25	-7.5	13.75	100	200	0	0	0	0
0	63	4001	0	100	200	500	300	500	-1	1	0	0	0	1	1	0	100	200	300	37	9	1	8	11	-7	13	11.25	-7.5	13.75	100	200	0	0	0	0
0	63	4001	0	100	200	500	300	500	0	1	0	0	0	1	1	0	100	200	300	37	9	1	8	11	-7	13	11.25	-7.5	13.75	100	200	0	0	0	0
0	63	4001	0	100	200	500	300	500	-1	1	1	0	0	1	1	0	100	200	300	37	9	1	8	11	-7	13	11.25	-7.5	13.75	100	200	0	0	0	0
0	63	4001	0	100	200	500	300	500	0	1	1	0	0	1	1	0	100	200	300	37	9	1	8	11	-7	13	11.25	-7.5	13.75	100	200	0	0	0	0
0	63	4001	0	100	200	500	300	500	-1	1	2	0	0	1	1	0	100	200	300	37	9	1	8	11	-7	13	11.25	-7.5	13.75	100	200	0	0	0	0
0	63	4001	0	100	200	500	300	500	0	1	2	0	0	1	1	0	100	200	300	37	9	1	8	11	-7	13	11.25	-7.5	13.75	100	200	0	0	0	0
0	63	4001	0	100	200	500	300	500	-1	1	3	0	0	1	1	0	100	200	300	37	9	1	8	11	-7	13	11.25	-7.5	13.75	100	200	0	0	0	0
0	63	4001	0	100	200	500	300	500	0	1	3	0	0	1	1	0	100	200	300	37	9	1	8	11	-7	13	11.25	-7.5	13.75	100	200	0	0	0	0
0	63	4001	0	100	200	500	300	500	-1	1	4	0	0	1	1	0	100	200	300	37	9	1	8	11	-7	13	11.25	-7.5	13.75	100	200	0	0	0	0
0	63	4001	0	100	200	500	300	500	0	1	4	0	0	1	1	0	100	200	300	37	9	1	8	11	-7	13	11.25	-7.5	13.75	100	200	0	0	0	0
0	0	4999	0	100	200	500	300	500	-1	-1	-1	0	0	1	1	0	100	200	300	37	9	999	8	11	-7	13	11.25	-7.5	13.75	100	200	0	0	0	0
0	0	4999	0	100	200	500	300	500	0	-1	-1	0	0	1	1	0	100	200	300	37	9	999	8	11	-7	13	11.25	-7.5	13.75	100	200	0	0	0	0
0	0	4999	0	100	200	500	300	500	-1	-1	0	0	0	1	1	0	100	200	300	37	9	999	8	11	-7	13	11.25	-7.5	13.75	100	200	0	0	0	0
0	0	4999	0	100	200	500	300	500	0	-1	0	0	0	1	1	0	100	200	300	37	9	999	8	11	-7	13	11.25	-7.5	13.75	100	200	0	0	0	0
0	0	4999	0	100	200	500	300	500	-1	-1	1	0	0	1	1	0	100	200	300	37	9	999	8	11	-7	13	11.25	-7.5	13.75	100	200	0	0	0	0
0	0	4999	0	100	200	500	300	500	0	-1	1	0	0	1	1	0	100	200	300	37	9	999	8	11	-7	13	11.25	-7.5	13.75	100	200	0	0	0	0
0	0	4999	0	100	200	500	300	500	-1	-1	2	0	0	1	1	0	500	500	300	0	0	999	8	11	-7	13	11.25	-7.5	13.75	100	200	0	1	0	0
0	0	4999	0	100	200	500	300	500	0	-1	2	0	0	1	1	0	100	200	300	37	9	999	8	11	-7	13	11.25	-7.5	13.75	100	200	0	0	0	0
0	0	4999	0	100	200	500	300	500	-1	-1	3	0	0	1	1	0	500	500	300	0	0	999	8	11	-7	13	11.25	-7.5	13.75	100	200	0	1	0	0
0	0	4999	0	100	200	500	300	500	0	-1	3	0	0	1	1	0	100	200	300	37	9	999	8	11	-7	13	11.25	-7.5	13.75	100	200	0	0	0	0
0	0	4999	0	100	200	500	300	500	-1	-1	4	0	0	1	1	0	100	200	300	37	9	999	8	11	-7	13	11.25	-7.5	13.75	100	200	0	0	0	0
0	0	4999	0	100	200	500	300	500	0	-1	4	0	0	1	1	0	100	200	300	37	9	999	8	11	-7	13	11.25	-7.5	13.75	100	200	0	0	0	0
0	0	4999	0	100	200	500	300	500	-1	0	-1	0	0	1	1	0	100	200	300	37	9	999	8	11	-7	13	11.25	-7.5	13.75	100	200	0	0	0	0
0	0	4999	0	100	200	500	300	500	0	0	-1	0	0	1	1	0	100	200	300	37	9	999	8	11	-7	13	11.25	-7.5	13.75	100	200	0	0	0	0
0	0	4999	0	100	200	500	300	500	-1	0	0	0	0	1	1	0	100	200	300	37	9	999	8	11	-7	13	11.25	-7.5	13.75	100	200	0	0	0	0
0	0	4999	0	100	200	500	300	500	0	0	0	0	0	1	1	0	100	200	300	37	9	999	8	11	-7	13	11.25	-7.5	13.75	100	200	0	0	0	0
0	0	4999	0	100	200	500	300	500	-1	0	1	0	0	1	1	0	100	200	300	37	9	999	8	11	-7	13	11.25	-7.5	13.75	100	200	0	0	0	0
0	0	4999	0	100	200	500	300	500	0	0	1	0	0	1	1	0	100	200	300	37	9	999	8	11	-7	13	11.25	-7.5	13.75	100	200	0	0	0	0
0	0	4999	0	100	200	500	300	500	-1	0	2	0	0	1	1	0	500	500	300	0	0	999	8	11	-7	13	11.25	-7.5	13.75	100	200	0	1	0	0
0	0	4999	0	100	200	500	300	500	0	0	2	0	0	1	1	0	100	200	300	37	9	999	8	11	-7	13	11.25	-7.5	13.75	100	200	0	0	0	0
0	0	4999	0	100	200	500	300	500	-1	0	3	0	0	1	1	0	500	500	300	0	0	999	8	11	-7	13	11.25	-7.5	13.75	100	200	0	1	0	0
0	0	4999	0	100	200	500	300	500	0	0	3	0	0	1	1	0	100	200	300	37	9	999	8	11	-7	13	11.25	-7.5	13.75	100	200	0	0	0	0
0	0	4999	0	100	200	500	300	500	-1	0	4	0	0	1	1	0	100	200	300	37	9	999	8	11	-7	13	11.25	-7.5	13.75	100	200	0	0	0	0
0	0	4999	0	100	200	500	300	500	0	0	4	0	0	1	1	0	100	200	300	37	9	999	8	11	-7	13	11.25	-7.5	13.75	100	200	0	0	0	0
0	0	4999	0	100	200	500	300	500	-1	1	-1	0	0	1	1	0	500	500	300	0	0	999	8	11	-7	13	11.25	-7.5	13.75	100	200	0	1	0	0
0	0	4999	0	100	200	500	300	500	0	1	-1	0	0	1	1	0	100	200	300	37	9	999	8	11	-7	13	11.25	-7.5	13.75	100	200	0	0	0	0
0	0	4999	0	100	200	500	300	500	-1	1	0	0	0	1	1	0	500	500	300	0	0	999	8	11	-7	13	11.25	-7.5	13.75	100	200	0	1	0	0
0	0	4999	0	100	200	500	300	500	0	1	0	0	0	1	1	0	100	200	300	37	9	999	8	11	-7	13	11.25	-7.5	13.75	100	200	0	0	0	0
0	0	4999	0	100	200	500	300	500	-1	1	1	0	0	1	1	0	500	500	300	0	0	999	8	11	-7	13	11.25	-7.5	13.75	100	200	0	1	0	0
0	0	4999	0	100	200	500	300	500	0	1	1	0	0	1	1	0	100	200	300	37	9	999	8	11	-7	13	11.25	-7.5	13.75	100	200	0	0	0	0
0	0	4999	0	100	200	500	300	500	-1	1	2	0	0	1	1	0	500	500	300	0	0	999	8	11	-7	13	11.25	-7.5	13.75	100	200	0	1	0	0
0	0	4999	0	100	200	500	300	500	0	1	2	0	0	1	1	0	100	200	300	37	9	999	8	11	-7	13	11.25	-7.5	13.75	100	200	0	0	0	0
0	0	4999	0	100	200	500	300	500	-1	1	3	0	0	1	1	0	500	500	300	0	0	999	8	11	-7	13	11.25	-7.5	13.75	100	200	0	1	0	0
0	0	4999	0	100	200	500	300	500	0	1	3	0	0	1	1	0	100	200	300	37	9	999	8	11	-7	13	11.25	-7.5	13.75	100	200	0	0	0	0
0	0	4999	0	100	200	500	300	500	-1	1	4	0	0	1	1	0	500	500	300	0	0	999	8	11	-7	13	11.25	-7.5	13.75	100	200	0	1	0	0
0	0	4999	0	100	200	500	300	500	0	1	4	0	0	1	1	0	100	200	300	37	9	999	8	11	-7	13	11.25	-7.5	13.75	100	200	0	0	0	0
0	63	4999	0	100	200	500	300	500	-1	-1	-1	0	0	1	1	0	100	200	300	37	9	999	8	11	-7	13	11.25	-7.5	13.75	100	200	0	0	0	0
0	63	4999	0	100	200	500	300	500	0	-1	-1	0	0	1	1	0	100	200	300	37	9	999	8	11	-7	13	11.25	-7.5	13.75	100	200	0	0	0	0
0	63	4999	0	100	200	500	300	500	-1	-1	0	0	0	1	1	0	100	200	300	37	9	999	8	11	-7	13	11.25	-7.5	13.75	100	200	0	0	0	0
0	63	4999	0	100	200	500	300	500	0	-1	0	0	0	1	1	0	100	200	300	37	9	999	8	11	-7	13	11.25	-7.5	13.75	100	200	0	0	0	0
0	63	4999	0	100	200	500	300	500	-1	-1	1	0	0	1	1	0	100	200	300	37	9	999	8	11	-7	13	11.25	-7.5	13.75	100	200	0	0	0	0
0	63	4999	0	100	200	500	300	500	0	-1	1	0	0	1	1	0	100	200	300	37	9	999	8	11	-7	13	11.25	-7.5	13.75	100	200	0	0	0	0
0	63	4999	0	100	200	500	300	500	-1	-1	2	0	0	1	1	0	100	200	300	37	9	999	8	11	-7	13	11.25	-7.5	13.75	100	200	0	0	0	0
0	63	4999	0	100	200	500	300	500	0	-1	2	0	0	1	1	0	100	200	300	37	9	999	8	11	-7	13	11.25	-7.5	13.75	100	200	0	0	0	0
0	63	4999	0	100	200	500	300	500	-1	-1	3	0	0	1	1	0	100	200	300	37	9	999	8	11	-7	13	11.25	-7.5	13.75	100	200	0	0	0	0
0	63	4999	0	100	200	500	300	500	0	-1	3	0	0	1	1	0	100	200	300	37	9	999	8	11	-7	13	11.25	-7.5	13.75	100	200	0	0	0	0
0	63	4999	0	100	200	500	300	500	-1	-1	4	0	0	1	1	0	100	200	300	37	9	999	8	11	-7	13	11.25	-7.5	13.75	100	200	0	0	0	0
0	63	4999	0	100	200	500	300	500	0	-1	4	0	0	1	1	0	100	200	300	37	9	999	8	11	-7	13	11.25	-7.5	13.75	100	200	0	0	0	0
0	63	4999	0	100	200	500	300	500	-1	0	-1	0	0	1	1	0	100	200	300	37	9	999	8	11	-7	13	11.25	-7.5	13.75	100	200	0	0	0	0
0	63	4999	0	100	200	500	300	500	0	0	-1	0	0	1	1	0	100	200	300	37	9	999	8	11	-7	13	11.25	-7.5	13.75	100	200	0	0	0	0
0	63	4999	0	100	200	500	300	500	-1	0	0	0	0	1	1	0	100	200	300	37	9	999	8	11	-7	13	11.25	-7.5	13.75	100	200	0	0	0	0
0	63	4999	0	100	200	500	300	500	0	0	0	0	0	1	1	0	100	200	300	37	9	999	8	11	-7	13	11.25	-7.5	13.75	100	200	0	0	0	0
0	63	4999	0	100	200	500	300	500	-1	0	1	0	0	1	1	0	100	200	300	37	9	999	8	11	-7	13	11.25	-7.5	13.75	100	200	0	0	0	0
0	63	4999	0	100	200	500	300	500	0	0	1	0	0	1	1	0	100	200	300	37	9	999	8	11	-7	13	11.25	-7.5	13.75	100	200	0	0	0	0
0	63	4999	0	100	200	500	300	500	-1	0	2	0	0	1	1	0	100	200	300	37	9	999	8	11	-7	13	11.25	-7.5	13.75	100	200	0	0	0	0
0	63	4999	0	100	200	500	300	500	0	0	2	0	0	1	1	0	100	200	300	37	9	999	8	11	-7	13	11.25	-7.5	13.75	100	200	0	0	0	0
0	63	4999	0	100	200	500	300	500	-1	0	3	0	0	1	1	0	100	200	300	37	9	999	8	11	-7	13	11.25	-7.5	13.75	100	200	0	0	0	0
0	63	4999	0	100	200	500	300	500	0	0	3	0	0	1	1	0	100	200	300	37	9	999	8	11	-7	13	11.25	-7.5	13.75	100	200	0	0	0	0
0	63	4999	0	100	200	500	300	500	-1	0	4	0	0	1	1	0	100	200	300	37	9	999	8	11	-7	13	11.25	-7.5	13.75	100	200	0	0	0	0
0	63	4999	0	100	200	500	300	500	0	0	4	0	0	1	1	0	100	200	300	37	9	999	8	11	-7	13	11.25	-7.5	13.75	100	200	0	0	0	0
0	63	4999	0	100	200	500	300	500	-1	1	-1	0	0	1	1	0	100	200	300	37	9	999	8	11	-7	13	11.25	-7.5	13.75	100	200	0	0	0	0
0	63	4999	0	100	200	500	300	500	0	1	-1	0	0	1	1	0	100	200	300	37	9	999	8	11	-7	13	11.25	-7.5	13.75	100	200	0	0	0	0
0	63	4999	0	100	200	500	300	500	-1	1	0	0	0	1	1	0	100	200	300	37	9	999	8	11	-7	13	11.25	-7.5	13.75	100	200	0	0	0	0
0	63	4999	0	100	200	500	300	500	0	1	0	0	0	1	1	0	100	200	300	37	9	999	8	11	-7	13	11.25	-7.5	13.75	100	200	0	0	0	0
0	63	4999	0	100	200	500	300	500	-1	1	1	0	0	1	1	0	100	200	300	37	9	999	8	11	-7	13	11.25	-7.5	13.75	100	200	0	0	0	0
0	63	4999	0	100	200	500	300	500	0	1	1	0	0	1	1	0	100	200	300	37	9	999	8	11	-7	13	11.25	-7.5	13.75	100	200	0	0	0	0
0	63	4999	0	100	200	500	300	500	-1	1	2	0	0	1	1	0	100	200	300	37	9	999	8	11	-7	13	11.25	-7.5	13.75	100	200	0	0	0	0
0	63	4999	0	100	200	500	300	500	0	1	2	0	0	1	1	0	100	200	300	37	9	999	8	11	-7	13	11.25	-7.5	13.75	100	200	0	0	0	0
0	63	4999	0	100	200	500	300	500	-1	1	3	0	0	1	1	0	100	200	300	37	9	999	8	11	-7	13	11.25	-7.5	13.75	100	200	0	0	0	0
0	63	4999	0	100	200	500	300	500	0	1	3	0	0	1	1	0	100	200	300	37	9	999	8	11	-7	13	11.25	-7.5	13.75	100	200	0	0	0	0
0	63	4999	0	100	200	500	300	500	-1	1	4	0	0	1	1	0	100	200	300	37	9	999	8	11	-7	13	11.25	-7.5	13.75	100	200	0	0	0	0
0	63	4999	0	100	200	500	300	500	0	1	4	0	0	1	1	0	100	200	300	37	9	999	8	11	-7	13	11.25	-7.5	13.75	100	200	0	0	0	0
0	0	5000	0	100	200	500	300	500	-1	-1	-1	0	0	1	1	0	100	200	300	37	9	7	8	11	-7	13	11.25	-7.5	13.75	100	200	0	0	0	0
0	0	5000	0	100	200	500	300	500	0	-1	-1	0	0	1	1	0	100	200	300	37	9	7	8	11	-7	13	11.25	-7.5	13.75	100	200	0	0	0	0
0	0	5000	0	100	200	500	300	500	-1	-1	0	0	0	1	1	0	100	200	300	37	9	7	8	11	-7	13	11.25	-7.5	13.75	100	200	0	0	0	0
0	0	5000	0	100	200	500	300	500	0	-1	0	0	0	1	1	0	100	200	300	37	9	7	8	11	-7	13	11.25	-7.5	13.75	100	200	0	0	0	0
0	0	5000	0	100	200	500	300	500	-1	-1	1	0	0	1	1	0	100	200	300	37	9	7	8	11	-7	13	11.25	-7.5	13.75	100	200	0	0	0	0
0	0	5000	0	100	200	500	300	500	0	-1	1	0	0	1	1	0	100	200	300	37	9	7	8	11	-7	13	11.25	-7.5	13.75	100	200	0	0	0	0
0	0	5000	0	100	200	500	300	500	-1	-1	2	0	0	1	1	0	500	500	300	0	0	7	8	11	-7	13	11.25	-7.5	13.75	100	200	0	1	0	0
0	0	5000	0	100	200	500	300	500	0	-1	2	0	0	1	1	0	100	200	300	37	9	7	8	11	-7	13	11.25	-7.5	13.75	100	200	0	0	0	0
0	0	5000	0	100	200	500	300	500	-1	-1	3	0	0	1	1	0	500	500	300	0	0	7	8	11	-7	13	11.25	-7.5	13.75	100	200	0	1	0	0
0	0	5000	0	100	200	500	300	500	0	-1	3	0	0	1	1	0	100	200	300	37	9	7	8	11	-7	13	11.25	-7.5	13.75	100	200	0	0	0	0
0	0	5000	0	100	200	500	300	500	-1	-1	4	0	0	1	1	0	100	200	300	37	9	7	8	11	-7	13	11.25	-7.5	13.75	100	200	0	0	0	0
0	0	5000	0	100	200	500	300	500	0	-1	4	0	0	1	1	0	100	200	300	37	9	7	8	11	-7	13	11.25	-7.5	13.75	100	200	0	0	0	0
0	0	5000	0	100	200	500	300	500	-1	0	-1	0	0	1	1	0	100	200	300	37	9	7	8	11	-7	13	11.25	-7.5	13.75	100	200	0	0	0	0
0	0	5000	0	100	200	500	300	500	0	0	-1	0	0	1	1	0	100	200	300	37	9	7	8	11	-7	13	11.25	-7.5	13.75	100	200	0	0	0	0
0	0	5000	0	100	200	500	300	500	-1	0	0	0	0	1	1	0	100	200	300	37	9	7	8	11	-7	13	11.25	-7.5	13.75	100	200	0	0	0	0
0	0	5000	0	100	200	500	300	500	0	0	0	0	0	1	1	0	100	200	300	37	9	7	8	11	-7	13	11.25	-7.5	13.75	100	200	0	0	0	0
0	0	5000	0	100	200	500	300	500	-1	0	1	0	0	1	1	0	100	200	300	37	9	7	8	11	-7	13	11.25	-7.5	13.75	100	200	0	0	0	0
0	0	5000	0	100	200	500	300	500	0	0	1	0	0	1	1	0	100	200	300	37	9	7	8	11	-7	13	11.25	-7.5	13.75	100	200	0	0	0	0
0	0	5000	0	100	200	500	300	500	-1	0	2	0	0	1	1	0	500	500	300	0	0	7	8	11	-7	13	11.25	-7.5	13.75	100	200	0	1	0	0
0	0	5000	0	100	200	500	300	500	0	0	2	0	0	1	1	0	100	200	300	37	9	7	8	11	-7	13	11.25	-7.5	13.75	100	200	0	0	0	0
0	0	5000	0	100	200	500	300	500	-1	0	3	0	0	1	1	0	500	500	300	0	0	7	8	11	-7	13	11.25	-7.5	13.75	100	200	0	1	0	0
0	0	5000	0	100	200	500	300	500	0	0	3	0	0	1	1	0	100	200	300	37	9	7	8	11	-7	13	11.25	-7.5	13.75	100	200	0	0	0	0
0	0	5000	0	100	200	500	300	500	-1	0	4	0	0	1	1	0	100	200	300	37	9	7	8	11	-7	13	11.25	-7.5	13.75	100	200	0	0	0	0
0	0	5000	0	100	200	500	300	500	0	0	4	0	0	1	1	0	100	200	300	37	9	7	8	11	-7	13	11.25	-7.5	13.75	100	200	0	0	0	0
0	0	5000	0	100	200	500	300	500	-1	1	-1	0	0	1	1	0	500	500	300	0	0	7	8	11	-7	13	11.25	-7.5	13.75	100	200	0	1	0	0
0	0	5000	0	100	200	500	300	500	0	1	-1	0	0	1	1	0	100	200	300	37	9	7	8	11	-7	13	11.25	-7.5	13.75	100	200	0	0	0	0
0	0	5000	0	100	200	500	300	500	-1	1	0	0	0	1	1	0	500	500	300	0	0	7	8	11	-7	13	11.25	-7.5	13.75	100	200	0	1	0	0
0	0	5000	0	100	200	500	300	500	0	1	0	0	0	1	1	0	100	200	300	37	9	7	8	11	-7	13	11.25	-7.5	13.75	100	200	0	0	0	0
0	0	5000	0	100	200	500	300	500	-1	1	1	0	0	1	1	0	500	500	300	0	0	7	8	11	-7	13	11.25	-7.5	13.75	100	200	0	1	0	0
0	0	5000	0	100	200	500	300	500	0	1	1	0	0	1	1	0	100	200	300	37	9	7	8	11	-7	13	11.25	-7.5	13.75	100	200	0	0	0	0
0	0	5000	0	100	200	500	300	500	-1	1	2	0	0	1	1	0	500	500	300	0	0	7	8	11	-7	13	11.25	-7.5	13.75	100	200	0	1	0	0
0	0	5000	0	100	200	500	300	500	0	1	2	0	0	1	1	0	100	200	300	37	9	7	8	11	-7	13	11.25	-7.5	13.75	100	200	0	0	0	0
0	0	5000	0	100	200	500	300	500	-1	1	3	0	0	1	1	0	500	500	300	0	0	7	8	11	-7	13	11.25	-7.5	13.75	100	200	0	1	0	0
0	0	5000	0	100	200	500	300	500	0	1	3	0	0	1	1	0	100	200	300	37	9	7	8	11	-7	13	11.25	-7.5	13.75	100	200	0	0	0	0
0	0	5000	0	100	200	500	300	500	-1	1	4	0	0	1	1	0	500	500	300	0	0	7	8	11	-7	13	11.25	-7.5	13.75	100	200	0	1	0	0
0	0	5000	0	100	200	500	300	500	0	1	4	0	0	1	1	0	100	200	300	37	9	7	8	11	-7	13	11.25	-7.5	13.75	100	200	0	0	0	0
0	63	5000	0	100	200	500	300	500	-1	-1	-1	0	0	1	1	0	100	200	300	37	9	7	8	11	-7	13	11.25	-7.5	13.75	100	200	0	0	0	0
0	63	5000	0	100	200	500	300	500	0	-1	-1	0	0	1	1	0	100	200	300	37	9	7	8	11	-7	13	11.25	-7.5	13.75	100	200	0	0	0	0
0	63	5000	0	100	200	500	300	500	-1	-1	0	0	0	1	1	0	100	200	300	37	9	7	8	11	-7	13	11.25	-7.5	13.75	100	200	0	0	0	0
0	63	5000	0	100	200	500	300	500	0	-1	0	0	0	1	1	0	100	200	300	37	9	7	8	11	-7	13	11.25	-7.5	13.75	100	200	0	0	0	0
0	63	5000	0	100	200	500	300	500	-1	-1	1	0	0	1	1	0	100	200	300	37	9	7	8	11	-7	13	11.25	-7.5	13.75	100	200	0	0	0	0
0	63	5000	0	100	200	500	300	500	0	-1	1	0	0	1	1	0	100	200	300	37	9	7	8	11	-7	13	11.25	-7.5	13.75	100	200	0	0	0	0
0	63	5000	0	100	200	500	300	500	-1	-1	2	0	0	1	1	0	100	200	300	37	9	7	8	11	-7	13	11.25	-7.5	13.75	100	200	0	0	0	0
0	63	5000	0	100	200	500	300	500	0	-1	2	0	0	1	1	0	100	200	300	37	9	7	8	11	-7	13	11.25	-7.5	13.75	100	200	0	0	0	0
0	63	5000	0	100	200	500	300	500	-1	-1	3	0	0	1	1	0	100	200	300	37	9	7	8	11	-7	13	11.25	-7.5	13.75	100	200	0	0	0	0
0	63	5000	0	100	200	500	300	500	0	-1	3	0	0	1	1	0	100	200	300	37	9	7	8	11	-7	13	11.25	-7.5	13.75	100	200	0	0	0	0
0	63	5000	0	100	200	500	300	500	-1	-1	4	0	0	1	1	0	100	200	300	37	9	7	8	11	-7	13	11.25	-7.5	13.75	100	200	0	0	0	0
0	63	5000	0	100	200	500	300	500	0	-1	4	0	0	1	1	0	100	200	300	37	9	7	8	11	-7	13	11.25	-7.5	13.75	100	200	0	0	0	0
0	63	5000	0	100	200	500	300	500	-1	0	-1	0	0	1	1	0	100	200	300	37	9	7	8	11	-7	13	11.25	-7.5	13.75	100	200	0	0	0	0
0	63	5000	0	100	200	500	300	500	0	0	-1	0	0	1	1	0	100	200	300	37	9	7	8	11	-7	13	11.25	-7.5	13.75	100	200	0	0	0	0
0	63	5000	0	100	200	500	300	500	-1	0	0	0	0	1	1	0	100	200	300	37	9	7	8	11	-7	13	11.25	-7.5	13.75	100	200	0	0	0	0
0	63	5000	0	100	200	500	300	500	0	0	0	0	0	1	1	0	100	200	300	37	9	7	8	11	-7	13	11.25	-7.5	13.75	100	200	0	0	0	0
0	63	5000	0	100	200	500	300	500	-1	0	1	0	0	1	1	0	100	200	300	37	9	7	8	11	-7	13	11.25	-7.5	13.75	100	200	0	0	0	0
0	63	5000	0	100	200	500	300	500	0	0	1	0	0	1	1	0	100	200	300	37	9	7	8	11	-7	13	11.25	-7.5	13.75	100	200	0	0	0	0
0	63	5000	0	100	200	500	300	500	-1	0	2	0	0	1	1	0	100	200	300	37	9	7	8	11	-7	13	11.25	-7.5	13.75	100	200	0	0	0	0
0	63	5000	0	100	200	500	300	500	0	0	2	0	0	1	1	0	100	200	300	37	9	7	8	11	-7	13	11.25	-7.5	13.75	100	200	0	0	0	0
0	63	5000	0	100	200	500	300	500	-1	0	3	0	0	1	1	0	100	200	300	37	9	7	8	11	-7	13	11.25	-7.5	13.75	100	200	0	0	0	0
0	63	5000	0	100	200	500	300	500	0	0	3	0	0	1	1	0	100	200	300	37	9	7	8	11	-7	13	11.25	-7.5	13.75	100	200	0	0	0	0
0	63	5000	0	100	200	500	300	500	-1	0	4	0	0	1	1	0	100	200	300	37	9	7	8	11	-7	13	11.25	-7.5	13.75	100	200	0	0	0	0
0	63	5000	0	100	200	500	300	500	0	0	4	0	0	1	1	0	100	200	300	37	9	7	8	11	-7	13	11.25	-7.5	13.75	100	200	0	0	0	0
0	63	5000	0	100	200	500	300	500	-1	1	-1	0	0	1	1	0	100	200	300	37	9	7	8	11	-7	13	11.25	-7.5	13.75	100	200	0	0	0	0
0	63	5000	0	100	200	500	300	500	0	1	-1	0	0	1	1	0	100	200	300	37	9	7	8	11	-7	13	11.25	-7.5	13.75	100	200	0	0	0	0
0	63	5000	0	100	200	500	300	500	-1	1	0	0	0	1	1	0	100	200	300	37	9	7	8	11	-7	13	11.25	-7.5	13.75	100	200	0	0	0	0
0	63	5000	0	100	200	500	300	500	0	1	0	0	0	1	1	0	100	200	300	37	9	7	8	11	-7	13	11.25	-7.5	13.75	100	200	0	0	0	0
0	63	5000	0	100	200	500	300	500	-1	1	1	0	0	1	1	0	100	200	300	37	9	7	8	11	-7	13	11.25	-7.5	13.75	100	200	0	0	0	0
0	63	5000	0	100	200	500	300	500	0	1	1	0	0	1	1	0	100	200	300	37	9	7	8	11	-7	13	11.25	-7.5	13.75	100	200	0	0	0	0
0	63	5000	0	100	200	500	300	500	-1	1	2	0	0	1	1	0	100	200	300	37	9	7	8	11	-7	13	11.25	-7.5	13.75	100	200	0	0	0	0
0	63	5000	0	100	200	500	300	500	0	1	2	0	0	1	1	0	100	200	300	37	9	7	8	11	-7	13	11.25	-7.5	13.75	100	200	0	0	0	0
0	63	5000	0	100	200	500	300	500	-1	1	3	0	0	1	1	0	100	200	300	37	9	7	8	11	-7	13	11.25	-7.5	13.75	100	200	0	0	0	0
0	63	5000	0	100	200	500	300	500	0	1	3	0	0	1	1	0	100	200	300	37	9	7	8	11	-7	13	11.25	-7.5	13.75	100	200	0	0	0	0
0	63	5000	0	100	200	500	300	500	-1	1	4	0	0	1	1	0	100	200	300	37	9	7	8	11	-7	13	11.25	-7.5	13.75	100	200	0	0	0	0
0	63	5000	0	100	200	500	300	500	0	1	4	0	0	1	1	0	100	200	300	37	9	7	8	11	-7	13	11.25	-7.5	13.75	100	200	0	0	0	0
0	0	3639	0	100	200	500	300	500	-1	-1	-1	0	0	1	1	0	100	200	300	37	9	7	8	11	-7	13	11.25	-7.5	13.75	100	200	0	0	0	0
0	0	3639	0	100	200	500	300	500	0	-1	-1	0	0	1	1	0	100	200	300	37	9	7	8	11	-7	13	11.25	-7.5	13.75	100	200	0	0	0	0
0	0	3639	0	100	200	500	300	500	-1	-1	0	0	0	1	1	0	100	200	300	37	9	7	8	11	-7	13	11.25	-7.5	13.75	100	200	0	0	0	0
0	0	3639	0	100	200	500	300	500	0	-1	0	0	0	1	1	0	100	200	300	37	9	7	8	11	-7	13	11.25	-7.5	13.75	100	200	0	0	0	0
0	0	3639	0	100	200	500	300	500	-1	-1	1	0	0	1	1	0	100	200	300	37	9	7	8	11	-7	13	11.25	-7.5	13.75	100	200	0	0	0	0
0	0	3639	0	100	200	500	300	500	0	-1	1	0	0	1	1	0	100	200	300	37	9	7	8	11	-7	13	11.25	-7.5	13.75	100	200	0	0	0	0
0	0	3639	0	100	200	500	300	500	-1	-1	2	0	0	1	1	0	500	500	300	0	0	7	8	11	-7	13	11.25	-7.5	13.75	100	200	0	1	0	0
0	0	3639	0	100	200	500	300	500	0	-1	2	0	0	1	1	0	100	200	300	37	9	7	8	11	-7	13	11.25	-7.5	13.75	100	200	0	0	0	0
0	0	3639	0	100	200	500	300	500	-1	-1	3	0	0	1	1	0	500	500	300	0	0	7	8	11	-7	13	11.25	-7.5	13.75	100	200	0	1	0	0
0	0	3639	0	100	200	500	300	500	0	-1	3	0	0	1	1	0	100	200	300	37	9	7	8	11	-7	13	11.25	-7.5	13.75	100	200	0	0	0	0
0	0	3639	0	100	200	500	300	500	-1	-1	4	0	0	1	1	0	100	200	300	37	9	7	8	11	-7	13	11.25	-7.5	13.75	100	200	0	0	0	0
0	0	3639	0	100	200	500	300	500	0	-1	4	0	0	1	1	0	100	200	300	37	9	7	8	11	-7	13	11.25	-7.5	13.75	100	200	0	0	0	0
0	0	3639	0	100	200	500	300	500	-1	0	-1	0	0	1	1	0	100	200	300	37	9	7	8	11	-7	13	11.25	-7.5	13.75	100	200	0	0	0	0
0	0	3639	0	100	200	500	300	500	0	0	-1	0	0	1	1	0	100	200	300	37	9	7	8	11	-7	13	11.25	-7.5	13.75	100	200	0	0	0	0
0	0	3639	0	100	200	500	300	500	-1	0	0	0	0	1	1	0	100	200	300	37	9	7	8	11	-7	13	11.25	-7.5	13.75	100	200	0	0	0	0
0	0	3639	0	100	200	500	300	500	0	0	0	0	0	1	1	0	100	200	300	37	9	7	8	11	-7	13	11.25	-7.5	13.75	100	200	0	0	0	0
0	0	3639	0	100	200	500	300	500	-1	0	1	0	0	1	1	0	100	200	300	37	9	7	8	11	-7	13	11.25	-7.5	13.75	100	200	0	0	0	0
0	0	3639	0	100	200	500	300	500	0	0	1	0	0	1	1	0	100	200	300	37	9	7	8	11	-7	13	11.25	-7.5	13.75	100	200	0	0	0	0
0	0	3639	0	100	200	500	300	500	-1	0	2	0	0	1	1	0	500	500	300	0	0	7	8	11	-7	13	11.25	-7.5	13.75	100	200	0	1	0	0
0	0	3639	0	100	200	500	300	500	0	0	2	0	0	1	1	0	100	200	300	37	9	7	8	11	-7	13	11.25	-7.5	13.75	100	200	0	0	0	0
0	0	3639	0	100	200	500	300	500	-1	0	3	0	0	1	1	0	500	500	300	0	0	7	8	11	-7	13	11.25	-7.5	13.75	100	200	0	1	0	0
0	0	3639	0	100	200	500	300	500	0	0	3	0	0	1	1	0	100	200	300	37	9	7	8	11	-7	13	11.25	-7.5	13.75	100	200	0	0	0	0
0	0	3639	0	100	200	500	300	500	-1	0	4	0	0	1	1	0	100	200	300	37	9	7	8	11	-7	13	11.25	-7.5	13.75	100	200	0	0	0	0
0	0	3639	0	100	200	500	300	500	0	0	4	0	0	1	1	0	100	200	300	37	9	7	8	11	-7	13	11.25	-7.5	13.75	100	200	0	0	0	0
0	0	3639	0	100	200	500	300	500	-1	1	-1	0	0	1	1	0	500	500	300	0	0	7	8	11	-7	13	11.25	-7.5	13.75	100	200	0	1	0	0
0	0	3639	0	100	200	500	300	500	0	1	-1	0	0	1	1	0	100	200	300	37	9	7	8	11	-7	13	11.25	-7.5	13.75	100	200	0	0	0	0
0	0	3639	0	100	200	500	300	500	-1	1	0	0	0	1	1	0	500	500	300	0	0	7	8	11	-7	13	11.25	-7.5	13.75	100	200	0	1	0	0
0	0	3639	0	100	200	500	300	500	0	1	0	0	0	1	1	0	100	200	300	37	9	7	8	11	-7	13	11.25	-7.5	13.75	100	200	0	0	0	0
0	0	3639	0	100	200	500	300	500	-1	1	1	0	0	1	1	0	500	500	300	0	0	7	8	11	-7	13	11.25	-7.5	13.75	100	200	0	1	0	0
0	0	3639	0	100	200	500	300	500	0	1	1	0	0	1	1	0	100	200	300	37	9	7	8	11	-7	13	11.25	-7.5	13.75	100	200	0	0	0	0
0	0	3639	0	100	200	500	300	500	-1	1	2	0	0	1	1	0	500	500	300	0	0	7	8	11	-7	13	11.25	-7.5	13.75	100	200	0	1	0	0
0	0	3639	0	100	200	500	300	500	0	1	2	0	0	1	1	0	100	200	300	37	9	7	8	11	-7	13	11.25	-7.5	13.75	100	200	0	0	0	0
0	0	3639	0	100	200	500	300	500	-1	1	3	0	0	1	1	0	500	500	300	0	0	7	8	11	-7	13	11.25	-7.5	13.75	100	200	0	1	0	0
0	0	3639	0	100	200	500	300	500	0	1	3	0	0	1	1	0	100	200	300	37	9	7	8	11	-7	13	11.25	-7.5	13.75	100	200	0	0	0	0
0	0	3639	0	100	200	500	300	500	-1	1	4	0	0	1	1	0	500	500	300	0	0	7	8	11	-7	13	11.25	-7.5	13.75	100	200	0	1	0	0
0	0	3639	0	100	200	500	300	500	0	1	4	0	0	1	1	0	100	200	300	37	9	7	8	11	-7	13	11.25	-7.5	13.75	100	200	0	0	0	0
0	63	3639	0	100	200	500	300	500	-1	-1	-1	0	0	1	1	0	100	200	300	37	9	7	8	11	-7	13	11.25	-7.5	13.75	100	200	0	0	0	0
0	63	3639	0	100	200	500	300	500	0	-1	-1	0	0	1	1	0	100	200	300	37	9	7	8	11	-7	13	11.25	-7.5	13.75	100	200	0	0	0	0
0	63	3639	0	100	200	500	300	500	-1	-1	0	0	0	1	1	0	100	200	300	37	9	7	8	11	-7	13	11.25	-7.5	13.75	100	200	0	0	0	0
0	63	3639	0	100	200	500	300	500	0	-1	0	0	0	1	1	0	100	200	300	37	9	7	8	11	-7	13	11.25	-7.5	13.75	100	200	0	0	0	0
0	63	3639	0	100	200	500	300	500	-1	-1	1	0	0	1	1	0	100	200	300	37	9	7	8	11	-7	13	11.25	-7.5	13.75	100	200	0	0	0	0
0	63	3639	0	100	200	500	300	500	0	-1	1	0	0	1	1	0	100	200	300	37	9	7	8	11	-7	13	11.25	-7.5	13.75	100	200	0	0	0	0
0	63	3639	0	100	200	500	300	500	-1	-1	2	0	0	1	1	0	100	200	300	37	9	7	8	11	-7	13	11.25	-7.5	13.75	100	200	0	0	0	0
0	63	3639	0	100	200	500	300	500	0	-1	2	0	0	1	1	0	100	200	300	37	9	7	8	11	-7	13	11.25	-7.5	13.75	100	200	0	0	0	0
0	63	3639	0	100	200	500	300	500	-1	-1	3	0	0	1	1	0	100	200	300	37	9	7	8	11	-7	13	11.25	-7.5	13.75	100	200	0	0	0	0
0	63	3639	0	100	200	500	300	500	0	-1	3	0	0	1	1	0	100	200	300	37	9	7	8	11	-7	13	11.25	-7.5	13.75	100	200	0	0	0	0
0	63	3639	0	100	200	500	300	500	-1	-1	4	0	0	1	1	0	100	200	300	37	9	7	8	11	-7	13	11.25	-7.5	13.75	100	200	0	0	0	0
0	63	3639	0	100	200	500	300	500	0	-1	4	0	0	1	1	0	100	200	300	37	9	7	8	11	-7	13	11.25	-7.5	13.75	100	200	0	0	0	0
0	63	3639	0	100	200	500	300	500	-1	0	-1	0	0	1	1	0	100	200	300	37	9	7	8	11	-7	13	11.25	-7.5	13.75	100	200	0	0	0	0
0	63	3639	0	100	200	500	300	500	0	0	-1	0	0	1	1	0	100	200	300	37	9	7	8	11	-7	13	11.25	-7.5	13.75	100	200	0	0	0	0
0	63	3639	0	100	200	500	300	500	-1	0	0	0	0	1	1	0	100	200	300	37	9	7	8	11	-7	13	11.25	-7.5	13.75	100	200	0	0	0	0
0	63	3639	0	100	200	500	300	500	0	0	0	0	0	1	1	0	100	200	300	37	9	7	8	11	-7	13	11.25	-7.5	13.75	100	200	0	0	0	0
0	63	3639	0	100	200	500	300	500	-1	0	1	0	0	1	1	0	100	200	300	37	9	7	8	11	-7	13	11.25	-7.5	13.75	100	200	0	0	0	0
0	63	3639	0	100	200	500	300	500	0	0	1	0	0	1	1	0	100	200	300	37	9	7	8	11	-7	13	11.25	-7.5	13.75	100	200	0	0	0	0
0	63	3639	0	100	200	500	300	500	-1	0	2	0	0	1	1	0	100	200	300	37	9	7	8	11	-7	13	11.25	-7.5	13.75	100	200	0	0	0	0
0	63	3639	0	100	200	500	300	500	0	0	2	0	0	1	1	0	100	200	300	37	9	7	8	11	-7	13	11.25	-7.5	13.75	100	200	0	0	0	0
0	63	3639	0	100	200	500	300	500	-1	0	3	0	0	1	1	0	100	200	300	37	9	7	8	11	-7	13	11.25	-7.5	13.75	100	200	0	0	0	0
0	63	3639	0	100	200	500	300	500	0	0	3	0	0	1	1	0	100	200	300	37	9	7	8	11	-7	13	11.25	-7.5	13.75	100	200	0	0	0	0
0	63	3639	0	100	200	500	300	500	-1	0	4	0	0	1	1	0	100	200	300	37	9	7	8	11	-7	13	11.25	-7.5	13.75	100	200	0	0	0	0
0	63	3639	0	100	200	500	300	500	0	0	4	0	0	1	1	0	100	200	300	37	9	7	8	11	-7	13	11.25	-7.5	13.75	100	200	0	0	0	0
0	63	3639	0	100	200	500	300	500	-1	1	-1	0	0	1	1	0	100	200	300	37	9	7	8	11	-7	13	11.25	-7.5	13.75	100	200	0	0	0	0
0	63	3639	0	100	200	500	300	500	0	1	-1	0	0	1	1	0	100	200	300	37	9	7	8	11	-7	13	11.25	-7.5	13.75	100	200	0	0	0	0
0	63	3639	0	100	200	500	300	500	-1	1	0	0	0	1	1	0	100	200	300	37	9	7	8	11	-7	13	11.25	-7.5	13.75	100	200	0	0	0	0
0	63	3639	0	100	200	500	300	500	0	1	0	0	0	1	1	0	100	200	300	37	9	7	8	11	-7	13	11.25	-7.5	13.75	100	200	0	0	0	0
0	63	3639	0	100	200	500	300	500	-1	1	1	0	0	1	1	0	100	200	300	37	9	7	8	11	-7	13	11.25	-7.5	13.75	100	200	0	0	0	0
0	63	3639	0	100	200	500	300	500	0	1	1	0	0	1	1	0	100	200	300	37	9	7	8	11	-7	13	11.25	-7.5	13.75	100	200	0	0	0	0
0	63	3639	0	100	200	500	300	500	-1	1	2	0	0	1	1	0	100	200	300	37	9	7	8	11	-7	13	11.25	-7.5	13.75	100	200	0	0	0	0
0	63	3639	0	100	200	500	300	500	0	1	2	0	0	1	1	0	100	200	300	37	9	7	8	11	-7	13	11.25	-7.5	13.75	100	200	0	0	0	0
0	63	3639	0	100	200	500	300	500	-1	1	3	0	0	1	1	0	100	200	300	37	9	7	8	11	-7	13	11.25	-7.5	13.75	100	200	0	0	0	0
0	63	3639	0	100	200	500	300	500	0	1	3	0	0	1	1	0	100	200	300	37	9	7	8	11	-7	13	11.25	-7.5	13.75	100	200	0	0	0	0
0	63	3639	0	100	200	500	300	500	-1	1	4	0	0	1	1	0	100	200	300	37	9	7	8	11	-7	13	11.25	-7.5	13.75	100	200	0	0	0	0
0	63	3639	0	100	200	500	300	500	0	1	4	0	0	1	1	0	100	200	300	37	9	7	8	11	-7	13	11.25	-7.5	13.75	100	200	0	0	0	0
0	0	3640	0	100	200	500	300	500	-1	-1	-1	0	0	1	1	0	100	200	300	37	9	7	0	11	-7	13	11.25	-7.5	13.75	100	200	0	0	0	0
0	0	3640	0	100	200	500	300	500	0	-1	-1	0	0	1	1	0	100	200	300	37	9	7	0	11	-7	13	11.25	-7.5	13.75	100	200	0	0	0	0
0	0	3640	0	100	200	500	300	500	-1	-1	0	0	0	1	1	0	100	200	300	37	9	7	0	11	-7	13	11.25	-7.5	13.75	100	200	0	0	0	0
0	0	3640	0	100	200	500	300	500	0	-1	0	0	0	1	1	0	100	200	300	37	9	7	0	11	-7	13	11.25	-7.5	13.75	100	200	0	0	0	0
0	0	3640	0	100	200	500	300	500	-1	-1	1	0	0	1	1	0	100	200	300	37	9	7	0	11	-7	13	11.25	-7.5	13.75	100	200	0	0	0	0
0	0	3640	0	100	200	500	300	500	0	-1	1	0	0	1	1	0	100	200	300	37	9	7	0	11	-7	13	11.25	-7.5	13.75	100	200	0	0	0	0
0	0	3640	0	100	200	500	300	500	-1	-1	2	0	0	1	1	0	500	500	300	0	0	7	0	11	-7	13	11.25	-7.5	13.75	100	200	0	1	0	0
0	0	3640	0	100	200	500	300	500	0	-1	2	0	0	1	1	0	100	200	300	37	9	7	0	11	-7	13	11.25	-7.5	13.75	100	200	0	0	0	0
0	0	3640	0	100	200	500	300	500	-1	-1	3	0	0	1	1	0	500	500	300	0	0	7	0	11	-7	13	11.25	-7.5	13.75	100	200	0	1	0	0
0	0	3640	0	100	200	500	300	500	0	-1	3	0	0	1	1	0	100	200	300	37	9	7	0	11	-7	13	11.25	-7.5	13.75	100	200	0	0	0	0
0	0	3640	0	100	200	500	300	500	-1	-1	4	0	0	1	1	0	100	200	300	37	9	7	0	11	-7	13	11.25	-7.5	13.75	100	200	0	0	0	0
0	0	3640	0	100	200	500	300	500	0	-1	4	0	0	1	1	0	100	200	300	37	9	7	0	11	-7	13	11.25	-7.5	13.75	100	200	0	0	0	0
0	0	3640	0	100	200	500	300	500	-1	0	-1	0	0	1	1	0	100	200	300	37	9	7	0	11	-7	13	11.25	-7.5	13.75	100	200	0	0	0	0
0	0	3640	0	100	200	500	300	500	0	0	-1	0	0	1	1	0	100	200	300	37	9	7	0	11	-7	13	11.25	-7.5	13.75	100	200	0	0	0	0
0	0	3640	0	100	200	500	300	500	-1	0	0	0	0	1	1	0	100	200	300	37	9	7	0	11	-7	13	11.25	-7.5	13.75	100	200	0	0	0	0
0	0	3640	0	100	200	500	300	500	0	0	0	0	0	1	1	0	100	200	300	37	9	7	0	11	-7	13	11.25	-7.5	13.75	100	200	0	0	0	0
0	0	3640	0	100	200	500	300	500	-1	0	1	0	0	1	1	0	100	200	300	37	9	7	0	11	-7	13	11.25	-7.5	13.75	100	200	0	0	0	0
0	0	3640	0	100	200	500	300	500	0	0	1	0	0	1	1	0	100	200	300	37	9	7	0	11	-7	13	11.25	-7.5	13.75	100	200	0	0	0	0
0	0	3640	0	100	200	500	300	500	-1	0	2	0	0	1	1	0	500	500	300	0	0	7	0	11	-7	13	11.25	-7.5	13.75	100	200	0	1	0	0
0	0	3640	0	100	200	500	300	500	0	0	2	0	0	1	1	0	100	200	300	37	9	7	0	11	-7	13	11.25	-7.5	13.75	100	200	0	0	0	0
0	0	3640	0	100	200	500	300	500	-1	0	3	0	0	1	1	0	500	500	300	0	0	7	0	11	-7	13	11.25	-7.5	13.75	100	200	0	1	0	0
0	0	3640	0	100	200	500	300	500	0	0	3	0	0	1	1	0	100	200	300	37	9	7	0	11	-7	13	11.25	-7.5	13.75	100	200	0	0	0	0
0	0	3640	0	100	200	500	300	500	-1	0	4	0	0	1	1	0	100	200	300	37	9	7	0	11	-7	13	11.25	-7.5	13.75	100	200	0	0	0	0
0	0	3640	0	100	200	500	300	500	0	0	4	0	0	1	1	0	100	200	300	37	9	7	0	11	-7	13	11.25	-7.5	13.75	100	200	0	0	0	0
0	0	3640	0	100	200	500	300	500	-1	1	-1	0	0	1	1	0	500	500	300	0	0	7	0	11	-7	13	11.25	-7.5	13.75	100	200	0	1	0	0
0	0	3640	0	100	200	500	300	500	0	1	-1	0	0	1	1	0	100	200	300	37	9	7	0	11	-7	13	11.25	-7.5	13.75	100	200	0	0	0	0
0	0	3640	0	100	200	500	300	500	-1	1	0	0	0	1	1	0	500	500	300	0	0	7	0	11	-7	13	11.25	-7.5	13.75	100	200	0	1	0	0
0	0	3640	0	100	200	500	300	500	0	1	0	0	0	1	1	0	100	200	300	37	9	7	0	11	-7	13	11.25	-7.5	13.75	100	200	0	0	0	0
0	0	3640	0	100	200	500	300	500	-1	1	1	0	0	1	1	0	500	500	300	0	0	7	0	11	-7	13	11.25	-7.5	13.75	100	200	0	1	0	0
0	0	3640	0	100	200	500	300	500	0	1	1	0	0	1	1	0	100	200	300	37	9	7	0	11	-7	13	11.25	-7.5	13.75	100	200	0	0	0	0
0	0	3640	0	100	200	500	300	500	-1	1	2	0	0	1	1	0	500	500	300	0	0	7	0	11	-7	13	11.25	-7.5	13.75	100	200	0	1	0	0
0	0	3640	0	100	200	500	300	500	0	1	2	0	0	1	1	0	100	200	300	37	9	7	0	11	-7	13	11.25	-7.5	13.75	100	200	0	0	0	0
0	0	3640	0	100	200	500	300	500	-1	1	3	0	0	1	1	0	500	500	300	0	0	7	0	11	-7	13	11.25	-7.5	13.75	100	200	0	1	0	0
0	0	3640	0	100	200	500	300	500	0	1	3	0	0	1	1	0	100	200	300	37	9	7	0	11	-7	13	11.25	-7.5	13.75	100	200	0	0	0	0
0	0	3640	0	100	200	500	300	500	-1	1	4	0	0	1	1	0	500	500	300	0	0	7	0	11	-7	13	11.25	-7.5	13.75	100	200	0	1	0	0
0	0	3640	0	100	200	500	300	500	0	1	4	0	0	1	1	0	100	200	300	37	9	7	0	11	-7	13	11.25	-7.5	13.75	100	200	0	0	0	0
0	63	3640	0	100	200	500	300	500	-1	-1	-1	0	0	1	1	0	100	200	300	37	9	7	0	11	-7	13	11.25	-7.5	13.75	100	200	0	0	0	0
0	63	3640	0	100	200	500	300	500	0	-1	-1	0	0	1	1	0	100	200	300	37	9	7	0	11	-7	13	11.25	-7.5	13.75	100	200	0	0	0	0
0	63	3640	0	100	200	500	300	500	-1	-1	0	0	0	1	1	0	100	200	300	37	9	7	0	11	-7	13	11.25	-7.5	13.75	100	200	0	0	0	0
0	63	3640	0	100	200	500	300	500	0	-1	0	0	0	1	1	0	100	200	300	37	9	7	0	11	-7	13	11.25	-7.5	13.75	100	200	0	0	0	0
0	63	3640	0	100	200	500	300	500	-1	-1	1	0	0	1	1	0	100	200	300	37	9	7	0	11	-7	13	11.25	-7.5	13.75	100	200	0	0	0	0
0	63	3640	0	100	200	500	300	500	0	-1	1	0	0	1	1	0	100	200	300	37	9	7	0	11	-7	13	11.25	-7.5	13.75	100	200	0	0	0	0
0	63	3640	0	100	200	500	300	500	-1	-1	2	0	0	1	1	0	100	200	300	37	9	7	0	11	-7	13	11.25	-7.5	13.75	100	200	0	0	0	0
0	63	3640	0	100	200	500	300	500	0	-1	2	0	0	1	1	0	100	200	300	37	9	7	0	11	-7	13	11.25	-7.5	13.75	100	200	0	0	0	0
0	63	3640	0	100	200	500	300	500	-1	-1	3	0	0	1	1	0	100	200	300	37	9	7	0	11	-7	13	11.25	-7.5	13.75	100	200	0	0	0	0
0	63	3640	0	100	200	500	300	500	0	-1	3	0	0	1	1	0	100	200	300	37	9	7	0	11	-7	13	11.25	-7.5	13.75	100	200	0	0	0	0
0	63	3640	0	100	200	500	300	500	-1	-1	4	0	0	1	1	0	100	200	300	37	9	7	0	11	-7	13	11.25	-7.5	13.75	100	200	0	0	0	0
0	63	3640	0	100	200	500	300	500	0	-1	4	0	0	1	1	0	100	200	300	37	9	7	0	11	-7	13	11.25	-7.5	13.75	100	200	0	0	0	0
0	63	3640	0	100	200	500	300	500	-1	0	-1	0	0	1	1	0	100	200	300	37	9	7	0	11	-7	13	11.25	-7.5	13.75	100	200	0	0	0	0
0	63	3640	0	100	200	500	300	500	0	0	-1	0	0	1	1	0	100	200	300	37	9	7	0	11	-7	13	11.25	-7.5	13.75	100	200	0	0	0	0
0	63	3640	0	100	200	500	300	500	-1	0	0	0	0	1	1	0	100	200	300	37	9	7	0	11	-7	13	11.25	-7.5	13.75	100	200	0	0	0	0
0	63	3640	0	100	200	500	300	500	0	0	0	0	0	1	1	0	100	200	300	37	9	7	0	11	-7	13	11.25	-7.5	13.75	100	200	0	0	0	0
0	63	3640	0	100	200	500	300	500	-1	0	1	0	0	1	1	0	100	200	300	37	9	7	0	11	-7	13	11.25	-7.5	13.75	100	200	0	0	0	0
0	63	3640	0	100	200	500	300	500	0	0	1	0	0	1	1	0	100	200	300	37	9	7	0	11	-7	13	11.25	-7.5	13.75	100	200	0	0	0	0
0	63	3640	0	100	200	500	300	500	-1	0	2	0	0	1	1	0	100	200	300	37	9	7	0	11	-7	13	11.25	-7.5	13.75	100	200	0	0	0	0
0	63	3640	0	100	200	500	300	500	0	0	2	0	0	1	1	0	100	200	300	37	9	7	0	11	-7	13	11.25	-7.5	13.75	100	200	0	0	0	0
0	63	3640	0	100	200	500	300	500	-1	0	3	0	0	1	1	0	100	200	300	37	9	7	0	11	-7	13	11.25	-7.5	13.75	100	200	0	0	0	0
0	63	3640	0	100	200	500	300	500	0	0	3	0	0	1	1	0	100	200	300	37	9	7	0	11	-7	13	11.25	-7.5	13.75	100	200	0	0	0	0
0	63	3640	0	100	200	500	300	500	-1	0	4	0	0	1	1	0	100	200	300	37	9	7	0	11	-7	13	11.25	-7.5	13.75	100	200	0	0	0	0
0	63	3640	0	100	200	500	300	500	0	0	4	0	0	1	1	0	100	200	300	37	9	7	0	11	-7	13	11.25	-7.5	13.75	100	200	0	0	0	0
0	63	3640	0	100	200	500	300	500	-1	1	-1	0	0	1	1	0	100	200	300	37	9	7	0	11	-7	13	11.25	-7.5	13.75	100	200	0	0	0	0
0	63	3640	0	100	200	500	300	500	0	1	-1	0	0	1	1	0	100	200	300	37	9	7	0	11	-7	13	11.25	-7.5	13.75	100	200	0	0	0	0
0	63	3640	0	100	200	500	300	500	-1	1	0	0	0	1	1	0	100	200	300	37	9	7	0	11	-7	13	11.25	-7.5	13.75	100	200	0	0	0	0
0	63	3640	0	100	200	500	300	500	0	1	0	0	0	1	1	0	100	200	300	37	9	7	0	11	-7	13	11.25	-7.5	13.75	100	200	0	0	0	0
0	63	3640	0	100	200	500	300	500	-1	1	1	0	0	1	1	0	100	200	300	37	9	7	0	11	-7	13	11.25	-7.5	13.75	100	200	0	0	0	0
0	63	3640	0	100	200	500	300	500	0	1	1	0	0	1	1	0	100	200	300	37	9	7	0	11	-7	13	11.25	-7.5	13.75	100	200	0	0	0	0
0	63	3640	0	100	200	500	300	500	-1	1	2	0	0	1	1	0	100	200	300	37	9	7	0	11	-7	13	11.25	-7.5	13.75	100	200	0	0	0	0
0	63	3640	0	100	200	500	300	500	0	1	2	0	0	1	1	0	100	200	300	37	9	7	0	11	-7	13	11.25	-7.5	13.75	100	200	0	0	0	0
0	63	3640	0	100	200	500	300	500	-1	1	3	0	0	1	1	0	100	200	300	37	9	7	0	11	-7	13	11.25	-7.5	13.75	100	200	0	0	0	0
0	63	3640	0	100	200	500	300	500	0	1	3	0	0	1	1	0	100	200	300	37	9	7	0	11	-7	13	11.25	-7.5	13.75	100	200	0	0	0	0
0	63	3640	0	100	200	500	300	500	-1	1	4	0	0	1	1	0	100	200	300	37	9	7	0	11	-7	13	11.25	-7.5	13.75	100	200	0	0	0	0
0	63	3640	0	100	200	500	300	500	0	1	4	0	0	1	1	0	100	200	300	37	9	7	0	11	-7	13	11.25	-7.5	13.75	100	200	0	0	0	0
0	0	3645	0	100	200	500	300	500	-1	-1	-1	0	0	1	1	0	100	200	300	37	9	7	5	11	-7	13	11.25	-7.5	13.75	100	200	0	0	0	0
0	0	3645	0	100	200	500	300	500	0	-1	-1	0	0	1	1	0	100	200	300	37	9	7	5	11	-7	13	11.25	-7.5	13.75	100	200	0	0	0	0
0	0	3645	0	100	200	500	300	500	-1	-1	0	0	0	1	1	0	100	200	300	37	9	7	5	11	-7	13	11.25	-7.5	13.75	100	200	0	0	0	0
0	0	3645	0	100	200	500	300	500	0	-1	0	0	0	1	1	0	100	200	300	37	9	7	5	11	-7	13	11.25	-7.5	13.75	100	200	0	0	0	0
0	0	3645	0	100	200	500	300	500	-1	-1	1	0	0	1	1	0	100	200	300	37	9	7	5	11	-7	13	11.25	-7.5	13.75	100	200	0	0	0	0
0	0	3645	0	100	200	500	300	500	0	-1	1	0	0	1	1	0	100	200	300	37	9	7	5	11	-7	13	11.25	-7.5	13.75	100	200	0	0	0	0
0	0	3645	0	100	200	500	300	500	-1	-1	2	0	0	1	1	0	500	500	300	0	0	7	5	11	-7	13	11.25	-7.5	13.75	100	200	0	1	0	0
0	0	3645	0	100	200	500	300	500	0	-1	2	0	0	1	1	0	100	200	300	37	9	7	5	11	-7	13	11.25	-7.5	13.75	100	200	0	0	0	0
0	0	3645	0	100	200	500	300	500	-1	-1	3	0	0	1	1	0	500	500	300	0	0	7	5	11	-7	13	11.25	-7.5	13.75	100	200	0	1	0	0
0	0	3645	0	100	200	500	300	500	0	-1	3	0	0	1	1	0	100	200	300	37	9	7	5	11	-7	13	11.25	-7.5	13.75	100	200	0	0	0	0
0	0	3645	0	100	200	500	300	500	-1	-1	4	0	0	1	1	0	100	200	300	37	9	7	5	11	-7	13	11.25	-7.5	13.75	100	200	0	0	0	0
0	0	3645	0	100	200	500	300	500	0	-1	4	0	0	1	1	0	100	200	300	37	9	7	5	11	-7	13	11.25	-7.5	13.75	100	200	0	0	0	0
0	0	3645	0	100	200	500	300	500	-1	0	-1	0	0	1	1	0	100	200	300	37	9	7	5	11	-7	13	11.25	-7.5	13.75	100	200	0	0	0	0
0	0	3645	0	100	200	500	300	500	0	0	-1	0	0	1	1	0	100	200	300	37	9	7	5	11	-7	13	11.25	-7.5	13.75	100	200	0	0	0	0
0	0	3645	0	100	200	500	300	500	-1	0	0	0	0	1	1	0	100	200	300	37	9	7	5	11	-7	13	11.25	-7.5	13.75	100	200	0	0	0	0
0	0	3645	0	100	200	500	300	500	0	0	0	0	0	1	1	0	100	200	300	37	9	7	5	11	-7	13	11.25	-7.5	13.75	100	200	0	0	0	0
0	0	3645	0	100	200	500	300	500	-1	0	1	0	0	1	1	0	100	200	300	37	9	7	5	11	-7	13	11.25	-7.5	13.75	100	200	0	0	0	0
0	0	3645	0	100	200	500	300	500	0	0	1	0	0	1	1	0	100	200	300	37	9	7	5	11	-7	13	11.25	-7.5	13.75	100	200	0	0	0	0
0	0	3645	0	100	200	500	300	500	-1	0	2	0	0	1	1	0	500	500	300	0	0	7	5	11	-7	13	11.25	-7.5	13.75	100	200	0	1	0	0
0	0	3645	0	100	200	500	300	500	0	0	2	0	0	1	1	0	100	200	300	37	9	7	5	11	-7	13	11.25	-7.5	13.75	100	200	0	0	0	0
0	0	3645	0	100	200	500	300	500	-1	0	3	0	0	1	1	0	500	500	300	0	0	7	5	11	-7	13	11.25	-7.5	13.75	100	200	0	1	0	0
0	0	3645	0	100	200	500	300	500	0	0	3	0	0	1	1	0	100	200	300	37	9	7	5	11	-7	13	11.25	-7.5	13.75	100	200	0	0	0	0
0	0	3645	0	100	200	500	300	500	-1	0	4	0	0	1	1	0	100	200	300	37	9	7	5	11	-7	13	11.25	-7.5	13.75	100	200	0	0	0	0
0	0	3645	0	100	200	500	300	500	0	0	4	0	0	1	1	0	100	200	300	37	9	7	5	11	-7	13	11.25	-7.5	13.75	100	200	0	0	0	0
0	0	3645	0	100	200	500	300	500	-1	1	-1	0	0	1	1	0	500	500	300	0	0	7	5	11	-7	13	11.25	-7.5	13.75	100	200	0	1	0	0
0	0	3645	0	100	200	500	300	500	0	1	-1	0	0	1	1	0	100	200	300	37	9	7	5	11	-7	13	11.25	-7.5	13.75	100	200	0	0	0	0
0	0	3645	0	100	200	500	300	500	-1	1	0	0	0	1	1	0	500	500	300	0	0	7	5	11	-7	13	11.25	-7.5	13.75	100	200	0	1	0	0
0	0	3645	0	100	200	500	300	500	0	1	0	0	0	1	1	0	100	200	300	37	9	7	5	11	-7	13	11.25	-7.5	13.75	100	200	0	0	0	0
0	0	3645	0	100	200	500	300	500	-1	1	1	0	0	1	1	0	500	500	300	0	0	7	5	11	-7	13	11.25	-7.5	13.75	100	200	0	1	0	0
0	0	3645	0	100	200	500	300	500	0	1	1	0	0	1	1	0	100	200	300	37	9	7	5	11	-7	13	11.25	-7.5	13.75	100	200	0	0	0	0
0	0	3645	0	100	200	500	300	500	-1	1	2	0	0	1	1	0	500	500	300	0	0	7	5	11	-7	13	11.25	-7.5	13.75	100	200	0	1	0	0
0	0	3645	0	100	200	500	300	500	0	1	2	0	0	1	1	0	100	200	300	37	9	7	5	11	-7	13	11.25	-7.5	13.75	100	200	0	0	0	0
0	0	3645	0	100	200	500	300	500	-1	1	3	0	0	1	1	0	500	500	300	0	0	7	5	11	-7	13	11.25	-7.5	13.75	100	200	0	1	0	0
0	0	3645	0	100	200	500	300	500	0	1	3	0	0	1	1	0	100	200	300	37	9	7	5	11	-7	13	11.25	-7.5	13.75	100	200	0	0	0	0
0	0	3645	0	100	200	500	300	500	-1	1	4	0	0	1	1	0	500	500	300	0	0	7	5	11	-7	13	11.25	-7.5	13.75	100	200	0	1	0	0
0	0	3645	0	100	200	500	300	500	0	1	4	0	0	1	1	0	100	200	300	37	9	7	5	11	-7	13	11.25	-7.5	13.75	100	200	0	0	0	0
0	63	3645	0	100	200	500	300	500	-1	-1	-1	0	0	1	1	0	100	200	300	37	9	7	5	11	-7	13	11.25	-7.5	13.75	100	200	0	0	0	0
0	63	3645	0	100	200	500	300	500	0	-1	-1	0	0	1	1	0	100	200	300	37	9	7	5	11	-7	13	11.25	-7.5	13.75	100	200	0	0	0	0
0	63	3645	0	100	200	500	300	500	-1	-1	0	0	0	1	1	0	100	200	300	37	9	7	5	11	-7	13	11.25	-7.5	13.75	100	200	0	0	0	0
0	63	3645	0	100	200	500	300	500	0	-1	0	0	0	1	1	0	100	200	300	37	9	7	5	11	-7	13	11.25	-7.5	13.75	100	200	0	0	0	0
0	63	3645	0	100	200	500	300	500	-1	-1	1	0	0	1	1	0	100	200	300	37	9	7	5	11	-7	13	11.25	-7.5	13.75	100	200	0	0	0	0
0	63	3645	0	100	200	500	300	500	0	-1	1	0	0	1	1	0	100	200	300	37	9	7	5	11	-7	13	11.25	-7.5	13.75	100	200	0	0	0	0
0	63	3645	0	100	200	500	300	500	-1	-1	2	0	0	1	1	0	100	200	300	37	9	7	5	11	-7	13	11.25	-7.5	13.75	100	200	0	0	0	0
0	63	3645	0	100	200	500	300	500	0	-1	2	0	0	1	1	0	100	200	300	37	9	7	5	11	-7	13	11.25	-7.5	13.75	100	200	0	0	0	0
0	63	3645	0	100	200	500	300	500	-1	-1	3	0	0	1	1	0	100	200	300	37	9	7	5	11	-7	13	11.25	-7.5	13.75	100	200	0	0	0	0
0	63	3645	0	100	200	500	300	500	0	-1	3	0	0	1	1	0	100	200	300	37	9	7	5	11	-7	13	11.25	-7.5	13.75	100	200	0	0	0	0
0	63	3645	0	100	200	500	300	500	-1	-1	4	0	0	1	1	0	100	200	300	37	9	7	5	11	-7	13	11.25	-7.5	13.75	100	200	0	0	0	0
0	63	3645	0	100	200	500	300	500	0	-1	4	0	0	1	1	0	100	200	300	37	9	7	5	11	-7	13	11.25	-7.5	13.75	100	200	0	0	0	0
0	63	3645	0	100	200	500	300	500	-1	0	-1	0	0	1	1	0	100	200	300	37	9	7	5	11	-7	13	11.25	-7.5	13.75	100	200	0	0	0	0
0	63	3645	0	100	200	500	300	500	0	0	-1	0	0	1	1	0	100	200	300	37	9	7	5	11	-7	13	11.25	-7.5	13.75	100	200	0	0	0	0
0	63	3645	0	100	200	500	300	500	-1	0	0	0	0	1	1	0	100	200	300	37	9	7	5	11	-7	13	11.25	-7.5	13.75	100	200	0	0	0	0
0	63	3645	0	100	200	500	300	500	0	0	0	0	0	1	1	0	100	200	300	37	9	7	5	11	-7	13	11.25	-7.5	13.75	100	200	0	0	0	0
0	63	3645	0	100	200	500	300	500	-1	0	1	0	0	1	1	0	100	200	300	37	9	7	5	11	-7	13	11.25	-7.5	13.75	100	200	0	0	0	0
0	63	3645	0	100	200	500	300	500	0	0	1	0	0	1	1	0	100	200	300	37	9	7	5	11	-7	13	11.25	-7.5	13.75	100	200	0	0	0	0
0	63	3645	0	100	200	500	300	500	-1	0	2	0	0	1	1	0	100	200	300	37	9	7	5	11	-7	13	11.25	-7.5	13.75	100	200	0	0	0	0
0	63	3645	0	100	200	500	300	500	0	0	2	0	0	1	1	0	100	200	300	37	9	7	5	11	-7	13	11.25	-7.5	13.75	100	200	0	0	0	0
0	63	3645	0	100	200	500	300	500	-1	0	3	0	0	1	1	0	100	200	300	37	9	7	5	11	-7	13	11.25	-7.5	13.75	100	200	0	0	0	0
0	63	3645	0	100	200	500	300	500	0	0	3	0	0	1	1	0	100	200	300	37	9	7	5	11	-7	13	11.25	-7.5	13.75	100	200	0	0	0	0
0	63	3645	0	100	200	500	300	500	-1	0	4	0	0	1	1	0	100	200	300	37	9	7	5	11	-7	13	11.25	-7.5	13.75	100	200	0	0	0	0
0	63	3645	0	100	200	500	300	500	0	0	4	0	0	1	1	0	100	200	300	37	9	7	5	11	-7	13	11.25	-7.5	13.75	100	200	0	0	0	0
0	63	3645	0	100	200	500	300	500	-1	1	-1	0	0	1	1	0	100	200	300	37	9	7	5	11	-7	13	11.25	-7.5	13.75	100	200	0	0	0	0
0	63	3645	0	100	200	500	300	500	0	1	-1	0	0	1	1	0	100	200	300	37	9	7	5	11	-7	13	11.25	-7.5	13.75	100	200	0	0	0	0
0	63	3645	0	100	200	500	300	500	-1	1	0	0	0	1	1	0	100	200	300	37	9	7	5	11	-7	13	11.25	-7.5	13.75	100	200	0	0	0	0
0	63	3645	0	100	200	500	300	500	0	1	0	0	0	1	1	0	100	200	300	37	9	7	5	11	-7	13	11.25	-7.5	13.75	100	200	0	0	0	0
0	63	3645	0	100	200	500	300	500	-1	1	1	0	0	1	1	0	100	200	300	37	9	7	5	11	-7	13	11.25	-7.5	13.75	100	200	0	0	0	0
0	63	3645	0	100	200	500	300	500	0	1	1	0	0	1	1	0	100	200	300	37	9	7	5	11	-7	13	11.25	-7.5	13.75	100	200	0	0	0	0
0	63	3645	0	100	200	500	300	500	-1	1	2	0	0	1	1	0	100	200	300	37	9	7	5	11	-7	13	11.25	-7.5	13.75	100	200	0	0	0	0
0	63	3645	0	100	200	500	300	500	0	1	2	0	0	1	1	0	100	200	300	37	9	7	5	11	-7	13	11.25	-7.5	13.75	100	200	0	0	0	0
0	63	3645	0	100	200	500	300	500	-1	1	3	0	0	1	1	0	100	200	300	37	9	7	5	11	-7	13	11.25	-7.5	13.75	100	200	0	0	0	0
0	63	3645	0	100	200	500	300	500	0	1	3	0	0	1	1	0	100	200	300	37	9	7	5	11	-7	13	11.25	-7.5	13.75	100	200	0	0	0	0
0	63	3645	0	100	200	500	300	500	-1	1	4	0	0	1	1	0	100	200	300	37	9	7	5	11	-7	13	11.25	-7.5	13.75	100	200	0	0	0	0
0	63	3645	0	100	200	500	300	500	0	1	4	0	0	1	1	0	100	200	300	37	9	7	5	11	-7	13	11.25	-7.5	13.75	100	200	0	0	0	0
0	0	3646	0	100	200	500	300	500	-1	-1	-1	0	0	1	1	0	100	200	300	37	9	7	8	11	-7	13	11.25	-7.5	13.75	100	200	0	0	0	0
0	0	3646	0	100	200	500	300	500	0	-1	-1	0	0	1	1	0	100	200	300	37	9	7	8	11	-7	13	11.25	-7.5	13.75	100	200	0	0	0	0
0	0	3646	0	100	200	500	300	500	-1	-1	0	0	0	1	1	0	100	200	300	37	9	7	8	11	-7	13	11.25	-7.5	13.75	100	200	0	0	0	0
0	0	3646	0	100	200	500	300	500	0	-1	0	0	0	1	1	0	100	200	300	37	9	7	8	11	-7	13	11.25	-7.5	13.75	100	200	0	0	0	0
0	0	3646	0	100	200	500	300	500	-1	-1	1	0	0	1	1	0	100	200	300	37	9	7	8	11	-7	13	11.25	-7.5	13.75	100	200	0	0	0	0
0	0	3646	0	100	200	500	300	500	0	-1	1	0	0	1	1	0	100	200	300	37	9	7	8	11	-7	13	11.25	-7.5	13.75	100	200	0	0	0	0
0	0	3646	0	100	200	500	300	500	-1	-1	2	0	0	1	1	0	500	500	300	0	0	7	8	11	-7	13	11.25	-7.5	13.75	100	200	0	1	0	0
0	0	3646	0	100	200	500	300	500	0	-1	2	0	0	1	1	0	100	200	300	37	9	7	8	11	-7	13	11.25	-7.5	13.75	100	200	0	0	0	0
0	0	3646	0	100	200	500	300	500	-1	-1	3	0	0	1	1	0	500	500	300	0	0	7	8	11	-7	13	11.25	-7.5	13.75	100	200	0	1	0	0
0	0	3646	0	100	200	500	300	500	0	-1	3	0	0	1	1	0	100	200	300	37	9	7	8	11	-7	13	11.25	-7.5	13.75	100	200	0	0	0	0
0	0	3646	0	100	200	500	300	500	-1	-1	4	0	0	1	1	0	100	200	300	37	9	7	8	11	-7	13	11.25	-7.5	13.75	100	200	0	0	0	0
0	0	3646	0	100	200	500	300	500	0	-1	4	0	0	1	1	0	100	200	300	37	9	7	8	11	-7	13	11.25	-7.5	13.75	100	200	0	0	0	0
0	0	3646	0	100	200	500	300	500	-1	0	-1	0	0	1	1	0	100	200	300	37	9	7	8	11	-7	13	11.25	-7.5	13.75	100	200	0	0	0	0
0	0	3646	0	100	200	500	300	500	0	0	-1	0	0	1	1	0	100	200	300	37	9	7	8	11	-7	13	11.25	-7.5	13.75	100	200	0	0	0	0
0	0	3646	0	100	200	500	300	500	-1	0	0	0	0	1	1	0	100	200	300	37	9	7	8	11	-7	13	11.25	-7.5	13.75	100	200	0	0	0	0
0	0	3646	0	100	200	500	300	500	0	0	0	0	0	1	1	0	100	200	300	37	9	7	8	11	-7	13	11.25	-7.5	13.75	100	200	0	0	0	0
0	0	3646	0	100	200	500	300	500	-1	0	1	0	0	1	1	0	100	200	300	37	9	7	8	11	-7	13	11.25	-7.5	13.75	100	200	0	0	0	0
0	0	3646	0	100	200	500	300	500	0	0	1	0	0	1	1	0	100	200	300	37	9	7	8	11	-7	13	11.25	-7.5	13.75	100	200	0	0	0	0
0	0	3646	0	100	200	500	300	500	-1	0	2	0	0	1	1	0	500	500	300	0	0	7	8	11	-7	13	11.25	-7.5	13.75	100	200	0	1	0	0
0	0	3646	0	100	200	500	300	500	0	0	2	0	0	1	1	0	100	200	300	37	9	7	8	11	-7	13	11.25	-7.5	13.75	100	200	0	0	0	0
0	0	3646	0	100	200	500	300	500	-1	0	3	0	0	1	1	0	500	500	300	0	0	7	8	11	-7	13	11.25	-7.5	13.75	100	200	0	1	0	0
0	0	3646	0	100	200	500	300	500	0	0	3	0	0	1	1	0	100	200	300	37	9	7	8	11	-7	13	11.25	-7.5	13.75	100	200	0	0	0	0
0	0	3646	0	100	200	500	300	500	-1	0	4	0	0	1	1	0	100	200	300	37	9	7	8	11	-7	13	11.25	-7.5	13.75	100	200	0	0	0	0
0	0	3646	0	100	200	500	300	500	0	0	4	0	0	1	1	0	100	200	300	37	9	7	8	11	-7	13	11.25	-7.5	13.75	100	200	0	0	0	0
0	0	3646	0	100	200	500	300	500	-1	1	-1	0	0	1	1	0	500	500	300	0	0	7	8	11	-7	13	11.25	-7.5	13.75	100	200	0	1	0	0
0	0	3646	0	100	200	500	300	500	0	1	-1	0	0	1	1	0	100	200	300	37	9	7	8	11	-7	13	11.25	-7.5	13.75	100	200	0	0	0	0
0	0	3646	0	100	200	500	300	500	-1	1	0	0	0	1	1	0	500	500	300	0	0	7	8	11	-7	13	11.25	-7.5	13.75	100	200	0	1	0	0
0	0	3646	0	100	200	500	300	500	0	1	0	0	0	1	1	0	100	200	300	37	9	7	8	11	-7	13	11.25	-7.5	13.75	100	200	0	0	0	0
0	0	3646	0	100	200	500	300	500	-1	1	1	0	0	1	1	0	500	500	300	0	0	7	8	11	-7	13	11.25	-7.5	13.75	100	200	0	1	0	0
0	0	3646	0	100	200	500	300	500	0	1	1	0	0	1	1	0	100	200	300	37	9	7	8	11	-7	13	11.25	-7.5	13.75	100	200	0	0	0	0
0	0	3646	0	100	200	500	300	500	-1	1	2	0	0	1	1	0	500	500	300	0	0	7	8	11	-7	13	11.25	-7.5	13.75	100	200	0	1	0	0
0	0	3646	0	100	200	500	300	500	0	1	2	0	0	1	1	0	100	200	300	37	9	7	8	11	-7	13	11.25	-7.5	13.75	100	200	0	0	0	0
0	0	3646	0	100	200	500	300	500	-1	1	3	0	0	1	1	0	500	500	300	0	0	7	8	11	-7	13	11.25	-7.5	13.75	100	200	0	1	0	0
0	0	3646	0	100	200	500	300	500	0	1	3	0	0	1	1	0	100	200	300	37	9	7	8	11	-7	13	11.25	-7.5	13.75	100	200	0	0	0	0
0	0	3646	0	100	200	500	300	500	-1	1	4	0	0	1	1	0	500	500	300	0	0	7	8	11	-7	13	11.25	-7.5	13.75	100	200	0	1	0	0
0	0	3646	0	100	200	500	300	500	0	1	4	0	0	1	1	0	100	200	300	37	9	7	8	11	-7	13	11.25	-7.5	13.75	100	200	0	0	0	0
0	63	3646	0	100	200	500	300	500	-1	-1	-1	0	0	1	1	0	100	200	300	37	9	7	8	11	-7	13	11.25	-7.5	13.75	100	200	0	0	0	0
0	63	3646	0	100	200	500	300	500	0	-1	-1	0	0	1	1	0	100	200	300	37	9	7	8	11	-7	13	11.25	-7.5	13.75	100	200	0	0	0	0
0	63	3646	0	100	200	500	300	500	-1	-1	0	0	0	1	1	0	100	200	300	37	9	7	8	11	-7	13	11.25	-7.5	13.75	100	200	0	0	0	0
0	63	3646	0	100	200	500	300	500	0	-1	0	0	0	1	1	0	100	200	300	37	9	7	8	11	-7	13	11.25	-7.5	13.75	100	200	0	0	0	0
0	63	3646	0	100	200	500	300	500	-1	-1	1	0	0	1	1	0	100	200	300	37	9	7	8	11	-7	13	11.25	-7.5	13.75	100	200	0	0	0	0
0	63	3646	0	100	200	500	300	500	0	-1	1	0	0	1	1	0	100	200	300	37	9	7	8	11	-7	13	11.25	-7.5	13.75	100	200	0	0	0	0
0	63	3646	0	100	200	500	300	500	-1	-1	2	0	0	1	1	0	100	200	300	37	9	7	8	11	-7	13	11.25	-7.5	13.75	100	200	0	0	0	0
0	63	3646	0	100	200	500	300	500	0	-1	2	0	0	1	1	0	100	200	300	37	9	7	8	11	-7	13	11.25	-7.5	13.75	100	200	0	0	0	0
0	63	3646	0	100	200	500	300	500	-1	-1	3	0	0	1	1	0	100	200	300	37	9	7	8	11	-7	13	11.25	-7.5	13.75	100	200	0	0	0	0
0	63	3646	0	100	200	500	300	500	0	-1	3	0	0	1	1	0	100	200	300	37	9	7	8	11	-7	13	11.25	-7.5	13.75	100	200	0	0	0	0
0	63	3646	0	100	200	500	300	500	-1	-1	4	0	0	1	1	0	100	200	300	37	9	7	8	11	-7	13	11.25	-7.5	13.75	100	200	0	0	0	0
0	63	3646	0	100	200	500	300	500	0	-1	4	0	0	1	1	0	100	200	300	37	9	7	8	11	-7	13	11.25	-7.5	13.75	100	200	0	0	0	0
0	63	3646	0	100	200	500	300	500	-1	0	-1	0	0	1	1	0	100	200	300	37	9	7	8	11	-7	13	11.25	-7.5	13.75	100	200	0	0	0	0
0	63	3646	0	100	200	500	300	500	0	0	-1	0	0	1	1	0	100	200	300	37	9	7	8	11	-7	13	11.25	-7.5	13.75	100	200	0	0	0	0
0	63	3646	0	100	200	500	300	500	-1	0	0	0	0	1	1	0	100	200	300	37	9	7	8	11	-7	13	11.25	-7.5	13.75	100	200	0	0	0	0
0	63	3646	0	100	200	500	300	500	0	0	0	0	0	1	1	0	100	200	300	37	9	7	8	11	-7	13	11.25	-7.5	13.75	100	200	0	0	0	0
0	63	3646	0	100	200	500	300	500	-1	0	1	0	0	1	1	0	100	200	300	37	9	7	8	11	-7	13	11.25	-7.5	13.75	100	200	0	0	0	0
0	63	3646	0	100	200	500	300	500	0	0	1	0	0	1	1	0	100	200	300	37	9	7	8	11	-7	13	11.25	-7.5	13.75	100	200	0	0	0	0
0	63	3646	0	100	200	500	300	500	-1	0	2	0	0	1	1	0	100	200	300	37	9	7	8	11	-7	13	11.25	-7.5	13.75	100	200	0	0	0	0
0	63	3646	0	100	200	500	300	500	0	0	2	0	0	1	1	0	100	200	300	37	9	7	8	11	-7	13	11.25	-7.5	13.75	100	200	0	0	0	0
0	63	3646	0	100	200	500	300	500	-1	0	3	0	0	1	1	0	100	200	300	37	9	7	8	11	-7	13	11.25	-7.5	13.75	100	200	0	0	0	0
0	63	3646	0	100	200	500	300	500	0	0	3	0	0	1	1	0	100	200	300	37	9	7	8	11	-7	13	11.25	-7.5	13.75	100	200	0	0	0	0
0	63	3646	0	100	200	500	300	500	-1	0	4	0	0	1	1	0	100	200	300	37	9	7	8	11	-7	13	11.25	-7.5	13.75	100	200	0	0	0	0
0	63	3646	0	100	200	500	300	500	0	0	4	0	0	1	1	0	100	200	300	37	9	7	8	11	-7	13	11.25	-7.5	13.75	100	200	0	0	0	0
0	63	3646	0	100	200	500	300	500	-1	1	-1	0	0	1	1	0	100	200	300	37	9	7	8	11	-7	13	11.25	-7.5	13.75	100	200	0	0	0	0
0	63	3646	0	100	200	500	300	500	0	1	-1	0	0	1	1	0	100	200	300	37	9	7	8	11	-7	13	11.25	-7.5	13.75	100	200	0	0	0	0
0	63	3646	0	100	200	500	300	500	-1	1	0	0	0	1	1	0	100	200	300	37	9	7	8	11	-7	13	11.25	-7.5	13.75	100	200	0	0	0	0
0	63	3646	0	100	200	500	300	500	0	1	0	0	0	1	1	0	100	200	300	37	9	7	8	11	-7	13	11.25	-7.5	13.75	100	200	0	0	0	0
0	63	3646	0	100	200	500	300	500	-1	1	1	0	0	1	1	0	100	200	300	37	9	7	8	11	-7	13	11.25	-7.5	13.75	100	200	0	0	0	0
0	63	3646	0	100	200	500	300	500	0	1	1	0	0	1	1	0	100	200	300	37	9	7	8	11	-7	13	11.25	-7.5	13.75	100	200	0	0	0	0
0	63	3646	0	100	200	500	300	500	-1	1	2	0	0	1	1	0	100	200	300	37	9	7	8	11	-7	13	11.25	-7.5	13.75	100	200	0	0	0	0
0	63	3646	0	100	200	500	300	500	0	1	2	0	0	1	1	0	100	200	300	37	9	7	8	11	-7	13	11.25	-7.5	13.75	100	200	0	0	0	0
0	63	3646	0	100	200	500	300	500	-1	1	3	0	0	1	1	0	100	200	300	37	9	7	8	11	-7	13	11.25	-7.5	13.75	100	200	0	0	0	0
0	63	3646	0	100	200	500	300	500	0	1	3	0	0	1	1	0	100	200	300	37	9	7	8	11	-7	13	11.25	-7.5	13.75	100	200	0	0	0	0
0	63	3646	0	100	200	500	300	500	-1	1	4	0	0	1	1	0	100	200	300	37	9	7	8	11	-7	13	11.25	-7.5	13.75	100	200	0	0	0	0
0	63	3646	0	100	200	500	300	500	0	1	4	0	0	1	1	0	100	200	300	37	9	7	8	11	-7	13	11.25	-7.5	13.75	100	200	0	0	0	0
0	0	0	900	0	-1	500	300	500	-1	0	0	0	0	1	0	0	0	-1	300	37	9	7	8	11	-7	13	11.25	-7.5	13.75	0	0	0	0	0	0
0	0	0	900	0	-1	500	300	500	-1	1	0	0	0	1	0	0	500	500	300	0	0	7	8	11	-7	13	11.25	-7.5	13.75	0	0	0	1	0	0
0	0	0	900	0	0	500	300	500	-1	0	0	0	0	1	0	0	0	0	300	37	9	7	8	11	-7	13	11.25	-7.5	13.75	0	0	0	0	0	0
0	0	0	900	0	0	500	300	500	-1	1	0	0	0	1	0	0	500	500	300	0	0	7	8	11	-7	13	11.25	-7.5	13.75	0	0	0	1	0	0
0	0	0	900	0	1	500	300	500	-1	0	0	0	0	1	0	0	0	1	300	37	9	7	8	11	-7	13	11.25	-7.5	13.75	0	1	0	0	0	0
0	0	0	900	0	1	500	300	500	-1	1	0	0	0	1	0	0	500	500	300	0	0	7	8	11	-7	13	11.25	-7.5	13.75	0	1	0	1	0	0
0	0	0	900	1	-1	500	300	500	-1	0	0	0	0	1	0	900	1	-1	300	37	9	7	8	11	-7	13	11.25	-7.5	13.75	1	0	1	0	0	0
0	0	0	900	1	-1	500	300	500	-1	1	0	0	0	1	0	900	500	500	300	0	0	7	8	11	-7	13	11.25	-7.5	13.75	1	0	1	1	0	0
0	0	0	900	1	0	500	300	500	-1	0	0	0	0	1	0	900	1	0	300	37	9	7	8	11	-7	13	11.25	-7.5	13.75	1	0	1	0	0	0
0	0	0	900	1	0	500	300	500	-1	1	0	0	0	1	0	900	500	500	300	0	0	7	8	11	-7	13	11.25	-7.5	13.75	1	0	1	1	0	0
0	0	0	900	1	1	500	300	500	-1	0	0	0	0	1	0	0	1	1	300	37	9	7	8	11	-7	13	11.25	-7.5	13.75	1	1	0	0	0	0
0	0	0	900	1	1	500	300	500	-1	1	0	0	0	1	0	0	500	500	300	0	0	7	8	11	-7	13	11.25	-7.5	13.75	1	1	0	1	0	0
111	0	0	900	0	-1	500	300	500	-1	0	0	0	0	1	0	111	0	-1	300	37	9	7	8	11	-7	13	11.25	-7.5	13.75	0	0	0	0	0	0
111	0	0	900	0	-1	500	300	500	-1	1	0	0	0	1	0	111	500	500	300	0	0	7	8	11	-7	13	11.25	-7.5	13.75	0	0	0	1	0	0
111	0	0	900	0	0	500	300	500	-1	0	0	0	0	1	0	111	0	0	300	37	9	7	8	11	-7	13	11.25	-7.5	13.75	0	0	0	0	0	0
111	0	0	900	0	0	500	300	500	-1	1	0	0	0	1	0	111	500	500	300	0	0	7	8	11	-7	13	11.25	-7.5	13.75	0	0	0	1	0	0
111	0	0	900	0	1	500	300	500	-1	0	0	0	0	1	0	111	0	1	300	37	9	7	8	11	-7	13	11.25	-7.5	13.75	0	1	0	0	0	0
111	0	0	900	0	1	500	300	500	-1	1	0	0	0	1	0	111	500	500	300	0	0	7	8	11	-7	13	11.25	-7.5	13.75	0	1	0	1	0	0
111	0	0	900	1	-1	500	300	500	-1	0	0	0	0	1	0	900	1	-1	300	37	9	7	8	11	-7	13	11.25	-7.5	13.75	1	0	1	0	0	0
111	0	0	900	1	-1	500	300	500	-1	1	0	0	0	1	0	900	500	500	300	0	0	7	8	11	-7	13	11.25	-7.5	13.75	1	0	1	1	0	0
111	0	0	900	1	0	500	300	500	-1	0	0	0	0	1	0	900	1	0	300	37	9	7	8	11	-7	13	11.25	-7.5	13.75	1	0	1	0	0	0
111	0	0	900	1	0	500	300	500	-1	1	0	0	0	1	0	900	500	500	300	0	0	7	8	11	-7	13	11.25	-7.5	13.75	1	0	1	1	0	0
111	0	0	900	1	1	500	300	500	-1	0	0	0	0	1	0	111	1	1	300	37	9	7	8	11	-7	13	11.25	-7.5	13.75	1	1	0	0	0	0
111	0	0	900	1	1	500	300	500	-1	1	0	0	0	1	0	111	500	500	300	0	0	7	8	11	-7	13	11.25	-7.5	13.75	1	1	0	1	0	0
112	0	0	900	0	-1	500	300	500	-1	0	0	0	0	1	0	112	0	-1	300	37	9	7	8	11	-7	13	11.25	-7.5	13.75	0	0	0	0	0	0
112	0	0	900	0	-1	500	300	500	-1	1	0	0	0	1	0	112	500	500	300	0	0	7	8	11	-7	13	11.25	-7.5	13.75	0	0	0	1	0	0
112	0	0	900	0	0	500	300	500	-1	0	0	0	0	1	0	112	0	0	300	37	9	7	8	11	-7	13	11.25	-7.5	13.75	0	0	0	0	0	0
112	0	0	900	0	0	500	300	500	-1	1	0	0	0	1	0	112	500	500	300	0	0	7	8	11	-7	13	11.25	-7.5	13.75	0	0	0	1	0	0
112	0	0	900	0	1	500	300	500	-1	0	0	0	0	1	0	112	0	1	300	37	9	7	8	11	-7	13	11.25	-7.5	13.75	0	1	0	0	0	0
112	0	0	900	0	1	500	300	500	-1	1	0	0	0	1	0	112	500	500	300	0	0	7	8	11	-7	13	11.25	-7.5	13.75	0	1	0	1	0	0
112	0	0	900	1	-1	500	300	500	-1	0	0	0	0	1	0	112	1	-1	300	37	9	7	8	11	-7	13	11.25	-7.5	13.75	1	0	0	0	0	0
112	0	0	900	1	-1	500	300	500	-1	1	0	0	0	1	0	112	500	500	300	0	0	7	8	11	-7	13	11.25	-7.5	13.75	1	0	0	1	0	0
112	0	0	900	1	0	500	300	500	-1	0	0	0	0	1	0	112	1	0	300	37	9	7	8	11	-7	13	11.25	-7.5	13.75	1	0	0	0	0	0
112	0	0	900	1	0	500	300	500	-1	1	0	0	0	1	0	112	500	500	300	0	0	7	8	11	-7	13	11.25	-7.5	13.75	1	0	0	1	0	0
112	0	0	900	1	1	500	300	500	-1	0	0	0	0	1	0	112	1	1	300	37	9	7	8	11	-7	13	11.25	-7.5	13.75	1	1	0	0	0	0
112	0	0	900	1	1	500	300	500	-1	1	0	0	0	1	0	112	500	500	300	0	0	7	8	11	-7	13	11.25	-7.5	13.75	1	1	0	1	0	0
114	0	0	900	0	-1	500	300	500	-1	0	0	0	0	1	0	114	0	-1	300	37	9	7	8	11	-7	13	11.25	-7.5	13.75	0	0	0	0	0	0
114	0	0	900	0	-1	500	300	500	-1	1	0	0	0	1	0	114	500	500	300	0	0	7	8	11	-7	13	11.25	-7.5	13.75	0	0	0	1	0	0
114	0	0	900	0	0	500	300	500	-1	0	0	0	0	1	0	114	0	0	300	37	9	7	8	11	-7	13	11.25	-7.5	13.75	0	0	0	0	0	0
114	0	0	900	0	0	500	300	500	-1	1	0	0	0	1	0	114	500	500	300	0	0	7	8	11	-7	13	11.25	-7.5	13.75	0	0	0	1	0	0
114	0	0	900	0	1	500	300	500	-1	0	0	0	0	1	0	114	0	1	300	37	9	7	8	11	-7	13	11.25	-7.5	13.75	0	1	0	0	0	0
114	0	0	900	0	1	500	300	500	-1	1	0	0	0	1	0	114	500	500	300	0	0	7	8	11	-7	13	11.25	-7.5	13.75	0	1	0	1	0	0
114	0	0	900	1	-1	500	300	500	-1	0	0	0	0	1	0	114	1	-1	300	37	9	7	8	11	-7	13	11.25	-7.5	13.75	1	0	0	0	0	0
114	0	0	900	1	-1	500	300	500	-1	1	0	0	0	1	0	114	500	500	300	0	0	7	8	11	-7	13	11.25	-7.5	13.75	1	0	0	1	0	0
114	0	0	900	1	0	500	300	500	-1	0	0	0	0	1	0	114	1	0	300	37	9	7	8	11	-7	13	11.25	-7.5	13.75	1	0	0	0	0	0
114	0	0	900	1	0	500	300	500	-1	1	0	0	0	1	0	114	500	500	300	0	0	7	8	11	-7	13	11.25	-7.5	13.75	1	0	0	1	0	0
114	0	0	900	1	1	500	300	500	-1	0	0	0	0	1	0	114	1	1	300	37	9	7	8	11	-7	13	11.25	-7.5	13.75	1	1	0	0	0	0
114	0	0	900	1	1	500	300	500	-1	1	0	0	0	1	0	114	500	500	300	0	0	7	8	11	-7	13	11.25	-7.5	13.75	1	1	0	1	0	0
115	0	0	900	0	-1	500	300	500	-1	0	0	0	0	1	0	115	0	-1	300	37	9	7	8	11	-7	13	11.25	-7.5	13.75	0	0	0	0	0	0
115	0	0	900	0	-1	500	300	500	-1	1	0	0	0	1	0	115	500	500	300	0	0	7	8	11	-7	13	11.25	-7.5	13.75	0	0	0	1	0	0
115	0	0	900	0	0	500	300	500	-1	0	0	0	0	1	0	115	0	0	300	37	9	7	8	11	-7	13	11.25	-7.5	13.75	0	0	0	0	0	0
115	0	0	900	0	0	500	300	500	-1	1	0	0	0	1	0	115	500	500	300	0	0	7	8	11	-7	13	11.25	-7.5	13.75	0	0	0	1	0	0
115	0	0	900	0	1	500	300	500	-1	0	0	0	0	1	0	115	0	1	300	37	9	7	8	11	-7	13	11.25	-7.5	13.75	0	1	0	0	0	0
115	0	0	900	0	1	500	300	500	-1	1	0	0	0	1	0	115	500	500	300	0	0	7	8	11	-7	13	11.25	-7.5	13.75	0	1	0	1	0	0
115	0	0	900	1	-1	500	300	500	-1	0	0	0	0	1	0	900	1	-1	300	37	9	7	8	11	-7	13	11.25	-7.5	13.75	1	0	1	0	0	0
115	0	0	900	1	-1	500	300	500	-1	1	0	0	0	1	0	900	500	500	300	0	0	7	8	11	-7	13	11.25	-7.5	13.75	1	0	1	1	0	0
115	0	0	900	1	0	500	300	500	-1	0	0	0	0	1	0	900	1	0	300	37	9	7	8	11	-7	13	11.25	-7.5	13.75	1	0	1	0	0	0
115	0	0	900	1	0	500	300	500	-1	1	0	0	0	1	0	900	500	500	300	0	0	7	8	11	-7	13	11.25	-7.5	13.75	1	0	1	1	0	0
115	0	0	900	1	1	500	300	500	-1	0	0	0	0	1	0	115	1	1	300	37	9	7	8	11	-7	13	11.25	-7.5	13.75	1	1	0	0	0	0
115	0	0	900	1	1	500	300	500	-1	1	0	0	0	1	0	115	500	500	300	0	0	7	8	11	-7	13	11.25	-7.5	13.75	1	1	0	1	0	0
129	0	0	900	0	-1	500	300	500	-1	0	0	0	0	1	0	129	0	-1	300	37	9	7	8	11	-7	13	11.25	-7.5	13.75	0	0	0	0	0	0
129	0	0	900	0	-1	500	300	500	-1	1	0	0	0	1	0	129	500	500	300	0	0	7	8	11	-7	13	11.25	-7.5	13.75	0	0	0	1	0	0
129	0	0	900	0	0	500	300	500	-1	0	0	0	0	1	0	129	0	0	300	37	9	7	8	11	-7	13	11.25	-7.5	13.75	0	0	0	0	0	0
129	0	0	900	0	0	500	300	500	-1	1	0	0	0	1	0	129	500	500	300	0	0	7	8	11	-7	13	11.25	-7.5	13.75	0	0	0	1	0	0
129	0	0	900	0	1	500	300	500	-1	0	0	0	0	1	0	129	0	1	300	37	9	7	8	11	-7	13	11.25	-7.5	13.75	0	1	0	0	0	0
129	0	0	900	0	1	500	300	500	-1	1	0	0	0	1	0	129	500	500	300	0	0	7	8	11	-7	13	11.25	-7.5	13.75	0	1	0	1	0	0
129	0	0	900	1	-1	500	300	500	-1	0	0	0	0	1	0	900	1	-1	300	37	9	7	8	11	-7	13	11.25	-7.5	13.75	1	0	1	0	0	0
129	0	0	900	1	-1	500	300	500	-1	1	0	0	0	1	0	900	500	500	300	0	0	7	8	11	-7	13	11.25	-7.5	13.75	1	0	1	1	0	0
129	0	0	900	1	0	500	300	500	-1	0	0	0	0	1	0	900	1	0	300	37	9	7	8	11	-7	13	11.25	-7.5	13.75	1	0	1	0	0	0
129	0	0	900	1	0	500	300	500	-1	1	0	0	0	1	0	900	500	500	300	0	0	7	8	11	-7	13	11.25	-7.5	13.75	1	0	1	1	0	0
129	0	0	900	1	1	500	300	500	-1	0	0	0	0	1	0	129	1	1	300	37	9	7	8	11	-7	13	11.25	-7.5	13.75	1	1	0	0	0	0
129	0	0	900	1	1	500	300	500	-1	1	0	0	0	1	0	129	500	500	300	0	0	7	8	11	-7	13	11.25	-7.5	13.75	1	1	0	1	0	0
130	0	0	900	0	-1	500	300	500	-1	0	0	0	0	1	0	130	0	-1	300	37	9	7	8	11	-7	13	11.25	-7.5	13.75	0	0	0	0	0	0
130	0	0	900	0	-1	500	300	500	-1	1	0	0	0	1	0	130	500	500	300	0	0	7	8	11	-7	13	11.25	-7.5	13.75	0	0	0	1	0	0
130	0	0	900	0	0	500	300	500	-1	0	0	0	0	1	0	130	0	0	300	37	9	7	8	11	-7	13	11.25	-7.5	13.75	0	0	0	0	0	0
130	0	0	900	0	0	500	300	500	-1	1	0	0	0	1	0	130	500	500	300	0	0	7	8	11	-7	13	11.25	-7.5	13.75	0	0	0	1	0	0
130	0	0	900	0	1	500	300	500	-1	0	0	0	0	1	0	130	0	1	300	37	9	7	8	11	-7	13	11.25	-7.5	13.75	0	1	0	0	0	0
130	0	0	900	0	1	500	300	500	-1	1	0	0	0	1	0	130	500	500	300	0	0	7	8	11	-7	13	11.25	-7.5	13.75	0	1	0	1	0	0
130	0	0	900	1	-1	500	300	500	-1	0	0	0	0	1	0	130	1	-1	300	37	9	7	8	11	-7	13	11.25	-7.5	13.75	1	0	0	0	0	0
130	0	0	900	1	-1	500	300	500	-1	1	0	0	0	1	0	130	500	500	300	0	0	7	8	11	-7	13	11.25	-7.5	13.75	1	0	0	1	0	0
130	0	0	900	1	0	500	300	500	-1	0	0	0	0	1	0	130	1	0	300	37	9	7	8	11	-7	13	11.25	-7.5	13.75	1	0	0	0	0	0
130	0	0	900	1	0	500	300	500	-1	1	0	0	0	1	0	130	500	500	300	0	0	7	8	11	-7	13	11.25	-7.5	13.75	1	0	0	1	0	0
130	0	0	900	1	1	500	300	500	-1	0	0	0	0	1	0	130	1	1	300	37	9	7	8	11	-7	13	11.25	-7.5	13.75	1	1	0	0	0	0
130	0	0	900	1	1	500	300	500	-1	1	0	0	0	1	0	130	500	500	300	0	0	7	8	11	-7	13	11.25	-7.5	13.75	1	1	0	1	0	0
144	0	0	900	0	-1	500	300	500	-1	0	0	0	0	1	0	144	0	-1	300	37	9	7	8	11	-7	13	11.25	-7.5	13.75	0	0	0	0	0	0
144	0	0	900	0	-1	500	300	500	-1	1	0	0	0	1	0	144	500	500	300	0	0	7	8	11	-7	13	11.25	-7.5	13.75	0	0	0	1	0	0
144	0	0	900	0	0	500	300	500	-1	0	0	0	0	1	0	144	0	0	300	37	9	7	8	11	-7	13	11.25	-7.5	13.75	0	0	0	0	0	0
144	0	0	900	0	0	500	300	500	-1	1	0	0	0	1	0	144	500	500	300	0	0	7	8	11	-7	13	11.25	-7.5	13.75	0	0	0	1	0	0
144	0	0	900	0	1	500	300	500	-1	0	0	0	0	1	0	144	0	1	300	37	9	7	8	11	-7	13	11.25	-7.5	13.75	0	1	0	0	0	0
144	0	0	900	0	1	500	300	500	-1	1	0	0	0	1	0	144	500	500	300	0	0	7	8	11	-7	13	11.25	-7.5	13.75	0	1	0	1	0	0
144	0	0	900	1	-1	500	300	500	-1	0	0	0	0	1	0	144	1	-1	300	37	9	7	8	11	-7	13	11.25	-7.5	13.75	1	0	0	0	0	0
144	0	0	900	1	-1	500	300	500	-1	1	0	0	0	1	0	144	500	500	300	0	0	7	8	11	-7	13	11.25	-7.5	13.75	1	0	0	1	0	0
144	0	0	900	1	0	500	300	500	-1	0	0	0	0	1	0	144	1	0	300	37	9	7	8	11	-7	13	11.25	-7.5	13.75	1	0	0	0	0	0
144	0	0	900	1	0	500	300	500	-1	1	0	0	0	1	0	144	500	500	300	0	0	7	8	11	-7	13	11.25	-7.5	13.75	1	0	0	1	0	0
144	0	0	900	1	1	500	300	500	-1	0	0	0	0	1	0	144	1	1	300	37	9	7	8	11	-7	13	11.25	-7.5	13.75	1	1	0	0	0	0
144	0	0	900	1	1	500	300	500	-1	1	0	0	0	1	0	144	500	500	300	0	0	7	8	11	-7	13	11.25	-7.5	13.75	1	1	0	1	0	0
145	0	0	900	0	-1	500	300	500	-1	0	0	0	0	1	0	145	0	-1	300	37	9	7	8	11	-7	13	11.25	-7.5	13.75	0	0	0	0	0	0
145	0	0	900	0	-1	500	300	500	-1	1	0	0	0	1	0	145	500	500	300	0	0	7	8	11	-7	13	11.25	-7.5	13.75	0	0	0	1	0	0
145	0	0	900	0	0	500	300	500	-1	0	0	0	0	1	0	145	0	0	300	37	9	7	8	11	-7	13	11.25	-7.5	13.75	0	0	0	0	0	0
145	0	0	900	0	0	500	300	500	-1	1	0	0	0	1	0	145	500	500	300	0	0	7	8	11	-7	13	11.25	-7.5	13.75	0	0	0	1	0	0
145	0	0	900	0	1	500	300	500	-1	0	0	0	0	1	0	145	0	1	300	37	9	7	8	11	-7	13	11.25	-7.5	13.75	0	1	0	0	0	0
145	0	0	900	0	1	500	300	500	-1	1	0	0	0	1	0	145	500	500	300	0	0	7	8	11	-7	13	11.25	-7.5	13.75	0	1	0	1	0	0
145	0	0	900	1	-1	500	300	500	-1	0	0	0	0	1	0	900	1	-1	300	37	9	7	8	11	-7	13	11.25	-7.5	13.75	1	0	1	0	0	0
145	0	0	900	1	-1	500	300	500	-1	1	0	0	0	1	0	900	500	500	300	0	0	7	8	11	-7	13	11.25	-7.5	13.75	1	0	1	1	0	0
145	0	0	900	1	0	500	300	500	-1	0	0	0	0	1	0	900	1	0	300	37	9	7	8	11	-7	13	11.25	-7.5	13.75	1	0	1	0	0	0
145	0	0	900	1	0	500	300	500	-1	1	0	0	0	1	0	900	500	500	300	0	0	7	8	11	-7	13	11.25	-7.5	13.75	1	0	1	1	0	0
145	0	0	900	1	1	500	300	500	-1	0	0	0	0	1	0	145	1	1	300	37	9	7	8	11	-7	13	11.25	-7.5	13.75	1	1	0	0	0	0
145	0	0	900	1	1	500	300	500	-1	1	0	0	0	1	0	145	500	500	300	0	0	7	8	11	-7	13	11.25	-7.5	13.75	1	1	0	1	0	0
179	0	0	900	0	-1	500	300	500	-1	0	0	0	0	1	0	179	0	-1	300	37	9	7	8	11	-7	13	11.25	-7.5	13.75	0	0	0	0	0	0
179	0	0	900	0	-1	500	300	500	-1	1	0	0	0	1	0	179	500	500	300	0	0	7	8	11	-7	13	11.25	-7.5	13.75	0	0	0	1	0	0
179	0	0	900	0	0	500	300	500	-1	0	0	0	0	1	0	179	0	0	300	37	9	7	8	11	-7	13	11.25	-7.5	13.75	0	0	0	0	0	0
179	0	0	900	0	0	500	300	500	-1	1	0	0	0	1	0	179	500	500	300	0	0	7	8	11	-7	13	11.25	-7.5	13.75	0	0	0	1	0	0
179	0	0	900	0	1	500	300	500	-1	0	0	0	0	1	0	179	0	1	300	37	9	7	8	11	-7	13	11.25	-7.5	13.75	0	1	0	0	0	0
179	0	0	900	0	1	500	300	500	-1	1	0	0	0	1	0	179	500	500	300	0	0	7	8	11	-7	13	11.25	-7.5	13.75	0	1	0	1	0	0
179	0	0	900	1	-1	500	300	500	-1	0	0	0	0	1	0	900	1	-1	300	37	9	7	8	11	-7	13	11.25	-7.5	13.75	1	0	1	0	0	0
179	0	0	900	1	-1	500	300	500	-1	1	0	0	0	1	0	900	500	500	300	0	0	7	8	11	-7	13	11.25	-7.5	13.75	1	0	1	1	0	0
179	0	0	900	1	0	500	300	500	-1	0	0	0	0	1	0	900	1	0	300	37	9	7	8	11	-7	13	11.25	-7.5	13.75	1	0	1	0	0	0
179	0	0	900	1	0	500	300	500	-1	1	0	0	0	1	0	900	500	500	300	0	0	7	8	11	-7	13	11.25	-7.5	13.75	1	0	1	1	0	0
179	0	0	900	1	1	500	300	500	-1	0	0	0	0	1	0	179	1	1	300	37	9	7	8	11	-7	13	11.25	-7.5	13.75	1	1	0	0	0	0
179	0	0	900	1	1	500	300	500	-1	1	0	0	0	1	0	179	500	500	300	0	0	7	8	11	-7	13	11.25	-7.5	13.75	1	1	0	1	0	0
180	0	0	900	0	-1	500	300	500	-1	0	0	0	0	1	0	180	0	-1	300	37	9	7	8	11	-7	13	11.25	-7.5	13.75	0	0	0	0	0	0
180	0	0	900	0	-1	500	300	500	-1	1	0	0	0	1	0	180	500	500	300	0	0	7	8	11	-7	13	11.25	-7.5	13.75	0	0	0	1	0	0
180	0	0	900	0	0	500	300	500	-1	0	0	0	0	1	0	180	0	0	300	37	9	7	8	11	-7	13	11.25	-7.5	13.75	0	0	0	0	0	0
180	0	0	900	0	0	500	300	500	-1	1	0	0	0	1	0	180	500	500	300	0	0	7	8	11	-7	13	11.25	-7.5	13.75	0	0	0	1	0	0
180	0	0	900	0	1	500	300	500	-1	0	0	0	0	1	0	180	0	1	300	37	9	7	8	11	-7	13	11.25	-7.5	13.75	0	1	0	0	0	0
180	0	0	900	0	1	500	300	500	-1	1	0	0	0	1	0	180	500	500	300	0	0	7	8	11	-7	13	11.25	-7.5	13.75	0	1	0	1	0	0
180	0	0	900	1	-1	500	300	500	-1	0	0	0	0	1	0	180	1	-1	300	37	9	7	8	11	-7	13	11.25	-7.5	13.75	1	0	0	0	0	0
180	0	0	900	1	-1	500	300	500	-1	1	0	0	0	1	0	180	500	500	300	0	0	7	8	11	-7	13	11.25	-7.5	13.75	1	0	0	1	0	0
180	0	0	900	1	0	500	300	500	-1	0	0	0	0	1	0	180	1	0	300	37	9	7	8	11	-7	13	11.25	-7.5	13.75	1	0	0	0	0	0
180	0	0	900	1	0	500	300	500	-1	1	0	0	0	1	0	180	500	500	300	0	0	7	8	11	-7	13	11.25	-7.5	13.75	1	0	0	1	0	0
180	0	0	900	1	1	500	300	500	-1	0	0	0	0	1	0	180	1	1	300	37	9	7	8	11	-7	13	11.25	-7.5	13.75	1	1	0	0	0	0
180	0	0	900	1	1	500	300	500	-1	1	0	0	0	1	0	180	500	500	300	0	0	7	8	11	-7	13	11.25	-7.5	13.75	1	1	0	1	0	0
192	0	0	900	0	-1	500	300	500	-1	0	0	0	0	1	0	192	0	-1	300	37	9	7	8	11	-7	13	11.25	-7.5	13.75	0	0	0	0	0	0
192	0	0	900	0	-1	500	300	500	-1	1	0	0	0	1	0	192	500	500	300	0	0	7	8	11	-7	13	11.25	-7.5	13.75	0	0	0	1	0	0
192	0	0	900	0	0	500	300	500	-1	0	0	0	0	1	0	192	0	0	300	37	9	7	8	11	-7	13	11.25	-7.5	13.75	0	0	0	0	0	0
192	0	0	900	0	0	500	300	500	-1	1	0	0	0	1	0	192	500	500	300	0	0	7	8	11	-7	13	11.25	-7.5	13.75	0	0	0	1	0	0
192	0	0	900	0	1	500	300	500	-1	0	0	0	0	1	0	192	0	1	300	37	9	7	8	11	-7	13	11.25	-7.5	13.75	0	1	0	0	0	0
192	0	0	900	0	1	500	300	500	-1	1	0	0	0	1	0	192	500	500	300	0	0	7	8	11	-7	13	11.25	-7.5	13.75	0	1	0	1	0	0
192	0	0	900	1	-1	500	300	500	-1	0	0	0	0	1	0	192	1	-1	300	37	9	7	8	11	-7	13	11.25	-7.5	13.75	1	0	0	0	0	0
192	0	0	900	1	-1	500	300	500	-1	1	0	0	0	1	0	192	500	500	300	0	0	7	8	11	-7	13	11.25	-7.5	13.75	1	0	0	1	0	0
192	0	0	900	1	0	500	300	500	-1	0	0	0	0	1	0	192	1	0	300	37	9	7	8	11	-7	13	11.25	-7.5	13.75	1	0	0	0	0	0
192	0	0	900	1	0	500	300	500	-1	1	0	0	0	1	0	192	500	500	300	0	0	7	8	11	-7	13	11.25	-7.5	13.75	1	0	0	1	0	0
192	0	0	900	1	1	500	300	500	-1	0	0	0	0	1	0	192	1	1	300	37	9	7	8	11	-7	13	11.25	-7.5	13.75	1	1	0	0	0	0
192	0	0	900	1	1	500	300	500	-1	1	0	0	0	1	0	192	500	500	300	0	0	7	8	11	-7	13	11.25	-7.5	13.75	1	1	0	1	0	0
193	0	0	900	0	-1	500	300	500	-1	0	0	0	0	1	0	193	0	-1	300	37	9	7	8	11	-7	13	11.25	-7.5	13.75	0	0	0	0	0	0
193	0	0	900	0	-1	500	300	500	-1	1	0	0	0	1	0	193	500	500	300	0	0	7	8	11	-7	13	11.25	-7.5	13.75	0	0	0	1	0	0
193	0	0	900	0	0	500	300	500	-1	0	0	0	0	1	0	193	0	0	300	37	9	7	8	11	-7	13	11.25	-7.5	13.75	0	0	0	0	0	0
193	0	0	900	0	0	500	300	500	-1	1	0	0	0	1	0	193	500	500	300	0	0	7	8	11	-7	13	11.25	-7.5	13.75	0	0	0	1	0	0
193	0	0	900	0	1	500	300	500	-1	0	0	0	0	1	0	193	0	1	300	37	9	7	8	11	-7	13	11.25	-7.5	13.75	0	1	0	0	0	0
193	0	0	900	0	1	500	300	500	-1	1	0	0	0	1	0	193	500	500	300	0	0	7	8	11	-7	13	11.25	-7.5	13.75	0	1	0	1	0	0
193	0	0	900	1	-1	500	300	500	-1	0	0	0	0	1	0	900	1	-1	300	37	9	7	8	11	-7	13	11.25	-7.5	13.75	1	0	1	0	0	0
193	0	0	900	1	-1	500	300	500	-1	1	0	0	0	1	0	900	500	500	300	0	0	7	8	11	-7	13	11.25	-7.5	13.75	1	0	1	1	0	0
193	0	0	900	1	0	500	300	500	-1	0	0	0	0	1	0	900	1	0	300	37	9	7	8	11	-7	13	11.25	-7.5	13.75	1	0	1	0	0	0
193	0	0	900	1	0	500	300	500	-1	1	0	0	0	1	0	900	500	500	300	0	0	7	8	11	-7	13	11.25	-7.5	13.75	1	0	1	1	0	0
193	0	0	900	1	1	500	300	500	-1	0	0	0	0	1	0	193	1	1	300	37	9	7	8	11	-7	13	11.25	-7.5	13.75	1	1	0	0	0	0
193	0	0	900	1	1	500	300	500	-1	1	0	0	0	1	0	193	500	500	300	0	0	7	8	11	-7	13	11.25	-7.5	13.75	1	1	0	1	0	0
199	0	0	900	0	-1	500	300	500	-1	0	0	0	0	1	0	199	0	-1	300	37	9	7	8	11	-7	13	11.25	-7.5	13.75	0	0	0	0	0	0
199	0	0	900	0	-1	500	300	500	-1	1	0	0	0	1	0	199	500	500	300	0	0	7	8	11	-7	13	11.25	-7.5	13.75	0	0	0	1	0	0
199	0	0	900	0	0	500	300	500	-1	0	0	0	0	1	0	199	0	0	300	37	9	7	8	11	-7	13	11.25	-7.5	13.75	0	0	0	0	0	0
199	0	0	900	0	0	500	300	500	-1	1	0	0	0	1	0	199	500	500	300	0	0	7	8	11	-7	13	11.25	-7.5	13.75	0	0	0	1	0	0
199	0	0	900	0	1	500	300	500	-1	0	0	0	0	1	0	199	0	1	300	37	9	7	8	11	-7	13	11.25	-7.5	13.75	0	1	0	0	0	0
199	0	0	900	0	1	500	300	500	-1	1	0	0	0	1	0	199	500	500	300	0	0	7	8	11	-7	13	11.25	-7.5	13.75	0	1	0	1	0	0
199	0	0	900	1	-1	500	300	500	-1	0	0	0	0	1	0	900	1	-1	300	37	9	7	8	11	-7	13	11.25	-7.5	13.75	1	0	1	0	0	0
199	0	0	900	1	-1	500	300	500	-1	1	0	0	0	1	0	900	500	500	300	0	0	7	8	11	-7	13	11.25	-7.5	13.75	1	0	1	1	0	0
199	0	0	900	1	0	500	300	500	-1	0	0	0	0	1	0	900	1	0	300	37	9	7	8	11	-7	13	11.25	-7.5	13.75	1	0	1	0	0	0
199	0	0	900	1	0	500	300	500	-1	1	0	0	0	1	0	900	500	500	300	0	0	7	8	11	-7	13	11.25	-7.5	13.75	1	0	1	1	0	0
199	0	0	900	1	1	500	300	500	-1	0	0	0	0	1	0	199	1	1	300	37	9	7	8	11	-7	13	11.25	-7.5	13.75	1	1	0	0	0	0
199	0	0	900	1	1	500	300	500	-1	1	0	0	0	1	0	199	500	500	300	0	0	7	8	11	-7	13	11.25	-7.5	13.75	1	1	0	1	0	0
200	0	0	900	0	-1	500	300	500	-1	0	0	0	0	1	0	200	0	-1	300	37	9	7	8	11	-7	13	11.25	-7.5	13.75	0	0	0	0	0	0
200	0	0	900	0	-1	500	300	500	-1	1	0	0	0	1	0	200	500	500	300	0	0	7	8	11	-7	13	11.25	-7.5	13.75	0	0	0	1	0	0
200	0	0	900	0	0	500	300	500	-1	0	0	0	0	1	0	200	0	0	300	37	9	7	8	11	-7	13	11.25	-7.5	13.75	0	0	0	0	0	0
200	0	0	900	0	0	500	300	500	-1	1	0	0	0	1	0	200	500	500	300	0	0	7	8	11	-7	13	11.25	-7.5	13.75	0	0	0	1	0	0
200	0	0	900	0	1	500	300	500	-1	0	0	0	0	1	0	200	0	1	300	37	9	7	8	11	-7	13	11.25	-7.5	13.75	0	1	0	0	0	0
200	0	0	900	0	1	500	300	500	-1	1	0	0	0	1	0	200	500	500	300	0	0	7	8	11	-7	13	11.25	-7.5	13.75	0	1	0	1	0	0
200	0	0	900	1	-1	500	300	500	-1	0	0	0	0	1	0	200	1	-1	300	37	9	7	8	11	-7	13	11.25	-7.5	13.75	1	0	0	0	0	0
200	0	0	900	1	-1	500	300	500	-1	1	0	0	0	1	0	200	500	500	300	0	0	7	8	11	-7	13	11.25	-7.5	13.75	1	0	0	1	0	0
200	0	0	900	1	0	500	300	500	-1	0	0	0	0	1	0	200	1	0	300	37	9	7	8	11	-7	13	11.25	-7.5	13.75	1	0	0	0	0	0
200	0	0	900	1	0	500	300	500	-1	1	0	0	0	1	0	200	500	500	300	0	0	7	8	11	-7	13	11.25	-7.5	13.75	1	0	0	1	0	0
200	0	0	900	1	1	500	300	500	-1	0	0	0	0	1	0	200	1	1	300	37	9	7	8	11	-7	13	11.25	-7.5	13.75	1	1	0	0	0	0
200	0	0	900	1	1	500	300	500	-1	1	0	0	0	1	0	200	500	500	300	0	0	7	8	11	-7	13	11.25	-7.5	13.75	1	1	0	1	0	0
206	0	0	900	0	-1	500	300	500	-1	0	0	0	0	1	0	206	0	-1	300	37	9	7	8	11	-7	13	11.25	-7.5	13.75	0	0	0	0	0	0
206	0	0	900	0	-1	500	300	500	-1	1	0	0	0	1	0	206	500	500	300	0	0	7	8	11	-7	13	11.25	-7.5	13.75	0	0	0	1	0	0
206	0	0	900	0	0	500	300	500	-1	0	0	0	0	1	0	206	0	0	300	37	9	7	8	11	-7	13	11.25	-7.5	13.75	0	0	0	0	0	0
206	0	0	900	0	0	500	300	500	-1	1	0	0	0	1	0	206	500	500	300	0	0	7	8	11	-7	13	11.25	-7.5	13.75	0	0	0	1	0	0
206	0	0	900	0	1	500	300	500	-1	0	0	0	0	1	0	206	0	1	300	37	9	7	8	11	-7	13	11.25	-7.5	13.75	0	1	0	0	0	0
206	0	0	900	0	1	500	300	500	-1	1	0	0	0	1	0	206	500	500	300	0	0	7	8	11	-7	13	11.25	-7.5	13.75	0	1	0	1	0	0
206	0	0	900	1	-1	500	300	500	-1	0	0	0	0	1	0	206	1	-1	300	37	9	7	8	11	-7	13	11.25	-7.5	13.75	1	0	0	0	0	0
206	0	0	900	1	-1	500	300	500	-1	1	0	0	0	1	0	206	500	500	300	0	0	7	8	11	-7	13	11.25	-7.5	13.75	1	0	0	1	0	0
206	0	0	900	1	0	500	300	500	-1	0	0	0	0	1	0	206	1	0	300	37	9	7	8	11	-7	13	11.25	-7.5	13.75	1	0	0	0	0	0
206	0	0	900	1	0	500	300	500	-1	1	0	0	0	1	0	206	500	500	300	0	0	7	8	11	-7	13	11.25	-7.5	13.75	1	0	0	1	0	0
206	0	0	900	1	1	500	300	500	-1	0	0	0	0	1	0	206	1	1	300	37	9	7	8	11	-7	13	11.25	-7.5	13.75	1	1	0	0	0	0
206	0	0	900	1	1	500	300	500	-1	1	0	0	0	1	0	206	500	500	300	0	0	7	8	11	-7	13	11.25	-7.5	13.75	1	1	0	1	0	0
207	0	0	900	0	-1	500	300	500	-1	0	0	0	0	1	0	207	0	-1	300	37	9	7	8	11	-7	13	11.25	-7.5	13.75	0	0	0	0	0	0
207	0	0	900	0	-1	500	300	500	-1	1	0	0	0	1	0	207	500	500	300	0	0	7	8	11	-7	13	11.25	-7.5	13.75	0	0	0	1	0	0
207	0	0	900	0	0	500	300	500	-1	0	0	0	0	1	0	207	0	0	300	37	9	7	8	11	-7	13	11.25	-7.5	13.75	0	0	0	0	0	0
207	0	0	900	0	0	500	300	500	-1	1	0	0	0	1	0	207	500	500	300	0	0	7	8	11	-7	13	11.25	-7.5	13.75	0	0	0	1	0	0
207	0	0	900	0	1	500	300	500	-1	0	0	0	0	1	0	207	0	1	300	37	9	7	8	11	-7	13	11.25	-7.5	13.75	0	1	0	0	0	0
207	0	0	900	0	1	500	300	500	-1	1	0	0	0	1	0	207	500	500	300	0	0	7	8	11	-7	13	11.25	-7.5	13.75	0	1	0	1	0	0
207	0	0	900	1	-1	500	300	500	-1	0	0	0	0	1	0	900	1	-1	300	37	9	7	8	11	-7	13	11.25	-7.5	13.75	1	0	1	0	0	0
207	0	0	900	1	-1	500	300	500	-1	1	0	0	0	1	0	900	500	500	300	0	0	7	8	11	-7	13	11.25	-7.5	13.75	1	0	1	1	0	0
207	0	0	900	1	0	500	300	500	-1	0	0	0	0	1	0	900	1	0	300	37	9	7	8	11	-7	13	11.25	-7.5	13.75	1	0	1	0	0	0
207	0	0	900	1	0	500	300	500	-1	1	0	0	0	1	0	900	500	500	300	0	0	7	8	11	-7	13	11.25	-7.5	13.75	1	0	1	1	0	0
207	0	0	900	1	1	500	300	500	-1	0	0	0	0	1	0	207	1	1	300	37	9	7	8	11	-7	13	11.25	-7.5	13.75	1	1	0	0	0	0
207	0	0	900	1	1	500	300	500	-1	1	0	0	0	1	0	207	500	500	300	0	0	7	8	11	-7	13	11.25	-7.5	13.75	1	1	0	1	0	0
219	0	0	900	0	-1	500	300	500	-1	0	0	0	0	1	0	219	0	-1	300	37	9	7	8	11	-7	13	11.25	-7.5	13.75	0	0	0	0	0	0
219	0	0	900	0	-1	500	300	500	-1	1	0	0	0	1	0	219	500	500	300	0	0	7	8	11	-7	13	11.25	-7.5	13.75	0	0	0	1	0	0
219	0	0	900	0	0	500	300	500	-1	0	0	0	0	1	0	219	0	0	300	37	9	7	8	11	-7	13	11.25	-7.5	13.75	0	0	0	0	0	0
219	0	0	900	0	0	500	300	500	-1	1	0	0	0	1	0	219	500	500	300	0	0	7	8	11	-7	13	11.25	-7.5	13.75	0	0	0	1	0	0
219	0	0	900	0	1	500	300	500	-1	0	0	0	0	1	0	219	0	1	300	37	9	7	8	11	-7	13	11.25	-7.5	13.75	0	1	0	0	0	0
219	0	0	900	0	1	500	300	500	-1	1	0	0	0	1	0	219	500	500	300	0	0	7	8	11	-7	13	11.25	-7.5	13.75	0	1	0	1	0	0
219	0	0	900	1	-1	500	300	500	-1	0	0	0	0	1	0	900	1	-1	300	37	9	7	8	11	-7	13	11.25	-7.5	13.75	1	0	1	0	0	0
219	0	0	900	1	-1	500	300	500	-1	1	0	0	0	1	0	900	500	500	300	0	0	7	8	11	-7	13	11.25	-7.5	13.75	1	0	1	1	0	0
219	0	0	900	1	0	500	300	500	-1	0	0	0	0	1	0	900	1	0	300	37	9	7	8	11	-7	13	11.25	-7.5	13.75	1	0	1	0	0	0
219	0	0	900	1	0	500	300	500	-1	1	0	0	0	1	0	900	500	500	300	0	0	7	8	11	-7	13	11.25	-7.5	13.75	1	0	1	1	0	0
219	0	0	900	1	1	500	300	500	-1	0	0	0	0	1	0	219	1	1	300	37	9	7	8	11	-7	13	11.25	-7.5	13.75	1	1	0	0	0	0
219	0	0	900	1	1	500	300	500	-1	1	0	0	0	1	0	219	500	500	300	0	0	7	8	11	-7	13	11.25	-7.5	13.75	1	1	0	1	0	0
220	0	0	900	0	-1	500	300	500	-1	0	0	0	0	1	0	220	0	-1	300	37	9	7	8	11	-7	13	11.25	-7.5	13.75	0	0	0	0	0	0
220	0	0	900	0	-1	500	300	500	-1	1	0	0	0	1	0	220	500	500	300	0	0	7	8	11	-7	13	11.25	-7.5	13.75	0	0	0	1	0	0
220	0	0	900	0	0	500	300	500	-1	0	0	0	0	1	0	220	0	0	300	37	9	7	8	11	-7	13	11.25	-7.5	13.75	0	0	0	0	0	0
220	0	0	900	0	0	500	300	500	-1	1	0	0	0	1	0	220	500	500	300	0	0	7	8	11	-7	13	11.25	-7.5	13.75	0	0	0	1	0	0
220	0	0	900	0	1	500	300	500	-1	0	0	0	0	1	0	220	0	1	300	37	9	7	8	11	-7	13	11.25	-7.5	13.75	0	1	0	0	0	0
220	0	0	900	0	1	500	300	500	-1	1	0	0	0	1	0	220	500	500	300	0	0	7	8	11	-7	13	11.25	-7.5	13.75	0	1	0	1	0	0
220	0	0	900	1	-1	500	300	500	-1	0	0	0	0	1	0	220	1	-1	300	37	9	7	8	11	-7	13	11.25	-7.5	13.75	1	0	0	0	0	0
220	0	0	900	1	-1	500	300	500	-1	1	0	0	0	1	0	220	500	500	300	0	0	7	8	11	-7	13	11.25	-7.5	13.75	1	0	0	1	0	0
220	0	0	900	1	0	500	300	500	-1	0	0	0	0	1	0	220	1	0	300	37	9	7	8	11	-7	13	11.25	-7.5	13.75	1	0	0	0	0	0
220	0	0	900	1	0	500	300	500	-1	1	0	0	0	1	0	220	500	500	300	0	0	7	8	11	-7	13	11.25	-7.5	13.75	1	0	0	1	0	0
220	0	0	900	1	1	500	300	500	-1	0	0	0	0	1	0	220	1	1	300	37	9	7	8	11	-7	13	11.25	-7.5	13.75	1	1	0	0	0	0
220	0	0	900	1	1	500	300	500	-1	1	0	0	0	1	0	220	500	500	300	0	0	7	8	11	-7	13	11.25	-7.5	13.75	1	1	0	1	0	0
231	0	0	900	0	-1	500	300	500	-1	0	0	0	0	1	0	231	0	-1	300	37	9	7	8	11	-7	13	11.25	-7.5	13.75	0	0	0	0	0	0
231	0	0	900	0	-1	500	300	500	-1	1	0	0	0	1	0	231	500	500	300	0	0	7	8	11	-7	13	11.25	-7.5	13.75	0	0	0	1	0	0
231	0	0	900	0	0	500	300	500	-1	0	0	0	0	1	0	231	0	0	300	37	9	7	8	11	-7	13	11.25	-7.5	13.75	0	0	0	0	0	0
231	0	0	900	0	0	500	300	500	-1	1	0	0	0	1	0	231	500	500	300	0	0	7	8	11	-7	13	11.25	-7.5	13.75	0	0	0	1	0	0
231	0	0	900	0	1	500	300	500	-1	0	0	0	0	1	0	231	0	1	300	37	9	7	8	11	-7	13	11.25	-7.5	13.75	0	1	0	0	0	0
231	0	0	900	0	1	500	300	500	-1	1	0	0	0	1	0	231	500	500	300	0	0	7	8	11	-7	13	11.25	-7.5	13.75	0	1	0	1	0	0
231	0	0	900	1	-1	500	300	500	-1	0	0	0	0	1	0	231	1	-1	300	37	9	7	8	11	-7	13	11.25	-7.5	13.75	1	0	0	0	0	0
231	0	0	900	1	-1	500	300	500	-1	1	0	0	0	1	0	231	500	500	300	0	0	7	8	11	-7	13	11.25	-7.5	13.75	1	0	0	1	0	0
231	0	0	900	1	0	500	300	500	-1	0	0	0	0	1	0	231	1	0	300	37	9	7	8	11	-7	13	11.25	-7.5	13.75	1	0	0	0	0	0
231	0	0	900	1	0	500	300	500	-1	1	0	0	0	1	0	231	500	500	300	0	0	7	8	11	-7	13	11.25	-7.5	13.75	1	0	0	1	0	0
231	0	0	900	1	1	500	300	500	-1	0	0	0	0	1	0	231	1	1	300	37	9	7	8	11	-7	13	11.25	-7.5	13.75	1	1	0	0	0	0
231	0	0	900	1	1	500	300	500	-1	1	0	0	0	1	0	231	500	500	300	0	0	7	8	11	-7	13	11.25	-7.5	13.75	1	1	0	1	0	0
232	0	0	900	0	-1	500	300	500	-1	0	0	0	0	1	0	232	0	-1	300	37	9	7	8	11	-7	13	11.25	-7.5	13.75	0	0	0	0	0	0
232	0	0	900	0	-1	500	300	500	-1	1	0	0	0	1	0	232	500	500	300	0	0	7	8	11	-7	13	11.25	-7.5	13.75	0	0	0	1	0	0
232	0	0	900	0	0	500	300	500	-1	0	0	0	0	1	0	232	0	0	300	37	9	7	8	11	-7	13	11.25	-7.5	13.75	0	0	0	0	0	0
232	0	0	900	0	0	500	300	500	-1	1	0	0	0	1	0	232	500	500	300	0	0	7	8	11	-7	13	11.25	-7.5	13.75	0	0	0	1	0	0
232	0	0	900	0	1	500	300	500	-1	0	0	0	0	1	0	232	0	1	300	37	9	7	8	11	-7	13	11.25	-7.5	13.75	0	1	0	0	0	0
232	0	0	900	0	1	500	300	500	-1	1	0	0	0	1	0	232	500	500	300	0	0	7	8	11	-7	13	11.25	-7.5	13.75	0	1	0	1	0	0
232	0	0	900	1	-1	500	300	500	-1	0	0	0	0	1	0	900	1	-1	300	37	9	7	8	11	-7	13	11.25	-7.5	13.75	1	0	1	0	0	0
232	0	0	900	1	-1	500	300	500	-1	1	0	0	0	1	0	900	500	500	300	0	0	7	8	11	-7	13	11.25	-7.5	13.75	1	0	1	1	0	0
232	0	0	900	1	0	500	300	500	-1	0	0	0	0	1	0	900	1	0	300	37	9	7	8	11	-7	13	11.25	-7.5	13.75	1	0	1	0	0	0
232	0	0	900	1	0	500	300	500	-1	1	0	0	0	1	0	900	500	500	300	0	0	7	8	11	-7	13	11.25	-7.5	13.75	1	0	1	1	0	0
232	0	0	900	1	1	500	300	500	-1	0	0	0	0	1	0	232	1	1	300	37	9	7	8	11	-7	13	11.25	-7.5	13.75	1	1	0	0	0	0
232	0	0	900	1	1	500	300	500	-1	1	0	0	0	1	0	232	500	500	300	0	0	7	8	11	-7	13	11.25	-7.5	13.75	1	1	0	1	0	0
0	0	0	0	-1	-1	500	-1	-1	-1	0	0	0	0	1	0	0	-1	-1	-1	37	9	7	8	11	-7	13	11.25	-7.5	13.75	0	0	0	0	0	0
0	0	0	0	-1	-1	500	-1	0	-1	0	0	0	0	1	0	0	-1	-1	-1	37	9	7	8	11	-7	13	11.25	-7.5	13.75	0	0	0	0	0	0
0	0	0	0	-1	-1	500	-1	100	-1	0	0	0	0	1	0	0	-1	-1	-1	37	9	7	8	11	-7	13	11.25	-7.5	13.75	0	0	0	0	0	0
0	0	0	0	-1	-1	500	-1	500	-1	0	0	0	0	1	0	0	-1	-1	-1	37	9	7	8	11	-7	13	11.25	-7.5	13.75	0	0	0	0	0	0
0	0	0	0	-1	-1	500	0	-1	-1	0	0	0	0	1	0	0	-1	-1	0	37	9	7	8	11	-7	13	11.25	-7.5	13.75	0	0	0	0	0	0
0	0	0	0	-1	-1	500	0	0	-1	0	0	0	0	1	0	0	-1	-1	0	37	9	7	8	11	-7	13	11.25	-7.5	13.75	0	0	0	0	0	0
0	0	0	0	-1	-1	500	0	100	-1	0	0	0	0	1	0	0	-1	-1	0	37	9	7	8	11	-7	13	11.25	-7.5	13.75	0	0	0	0	0	0
0	0	0	0	-1	-1	500	0	500	-1	0	0	0	0	1	0	0	-1	-1	0	37	9	7	8	11	-7	13	11.25	-7.5	13.75	0	0	0	0	0	0
0	0	0	0	-1	-1	500	99	-1	-1	0	0	0	0	1	0	0	-1	-1	99	37	9	7	8	11	-7	13	11.25	-7.5	13.75	0	0	0	0	0	0
0	0	0	0	-1	-1	500	99	0	-1	0	0	0	0	1	0	0	-1	-1	99	37	9	7	8	11	-7	13	11.25	-7.5	13.75	0	0	0	0	0	0
0	0	0	0	-1	-1	500	99	100	-1	0	0	0	0	1	0	0	-1	-1	99	37	9	7	8	11	-7	13	11.25	-7.5	13.75	0	0	0	0	0	0
0	0	0	0	-1	-1	500	99	500	-1	0	0	0	0	1	0	0	-1	-1	99	37	9	7	8	11	-7	13	11.25	-7.5	13.75	0	0	0	0	0	0
0	0	0	0	-1	-1	500	100	-1	-1	0	0	0	0	1	0	0	-1	-1	100	37	9	7	8	11	-7	13	11.25	-7.5	13.75	0	0	0	0	0	0
0	0	0	0	-1	-1	500	100	0	-1	0	0	0	0	1	0	0	-1	-1	100	37	9	7	8	11	-7	13	11.25	-7.5	13.75	0	0	0	0	0	0
0	0	0	0	-1	-1	500	100	100	-1	0	0	0	0	1	0	0	-1	-1	100	37	9	7	8	11	-7	13	11.25	-7.5	13.75	0	0	0	0	0	1
0	0	0	0	-1	-1	500	100	500	-1	0	0	0	0	1	0	0	-1	-1	100	37	9	7	8	11	-7	13	11.25	-7.5	13.75	0	0	0	0	0	0
0	0	0	0	-1	-1	500	101	-1	-1	0	0	0	0	1	0	0	-1	-1	101	37	9	7	8	11	-7	13	11.25	-7.5	13.75	0	0	0	0	0	0
0	0	0	0	-1	-1	500	101	0	-1	0	0	0	0	1	0	0	-1	-1	101	37	9	7	8	11	-7	13	11.25	-7.5	13.75	0	0	0	0	0	0
0	0	0	0	-1	-1	500	101	100	-1	0	0	0	0	1	0	0	-1	-1	100	37	9	7	8	11	-7	13	11.25	-7.5	13.75	0	0	0	0	0	1
0	0	0	0	-1	-1	500	101	500	-1	0	0	0	0	1	0	0	-1	-1	101	37	9	7	8	11	-7	13	11.25	-7.5	13.75	0	0	0	0	0	0
0	0	0	0	-1	-1	500	499	-1	-1	0	0	0	0	1	0	0	-1	-1	499	37	9	7	8	11	-7	13	11.25	-7.5	13.75	0	0	0	0	0	0
0	0	0	0	-1	-1	500	499	0	-1	0	0	0	0	1	0	0	-1	-1	499	37	9	7	8	11	-7	13	11.25	-7.5	13.75	0	0	0	0	0	0
0	0	0	0	-1	-1	500	499	100	-1	0	0	0	0	1	0	0	-1	-1	100	37	9	7	8	11	-7	13	11.25	-7.5	13.75	0	0	0	0	0	1
0	0	0	0	-1	-1	500	499	500	-1	0	0	0	0	1	0	0	-1	-1	499	37	9	7	8	11	-7	13	11.25	-7.5	13.75	0	0	0	0	0	0
0	0	0	0	-1	-1	500	500	-1	-1	0	0	0	0	1	0	0	-1	-1	500	37	9	7	8	11	-7	13	11.25	-7.5	13.75	0	0	0	0	0	0
0	0	0	0	-1	-1	500	500	0	-1	0	0	0	0	1	0	0	-1	-1	500	37	9	7	8	11	-7	13	11.25	-7.5	13.75	0	0	0	0	0	0
0	0	0	0	-1	-1	500	500	100	-1	0	0	0	0	1	0	0	-1	-1	100	37	9	7	8	11	-7	13	11.25	-7.5	13.75	0	0	0	0	0	1
0	0	0	0	-1	-1	500	500	500	-1	0	0	0	0	1	0	0	-1	-1	500	37	9	7	8	11	-7	13	11.25	-7.5	13.75	0	0	0	0	0	1
0	0	0	0	-1	-1	500	501	-1	-1	0	0	0	0	1	0	0	-1	-1	501	37	9	7	8	11	-7	13	11.25	-7.5	13.75	0	0	0	0	0	0
0	0	0	0	-1	-1	500	501	0	-1	0	0	0	0	1	0	0	-1	-1	501	37	9	7	8	11	-7	13	11.25	-7.5	13.75	0	0	0	0	0	0
0	0	0	0	-1	-1	500	501	100	-1	0	0	0	0	1	0	0	-1	-1	100	37	9	7	8	11	-7	13	11.25	-7.5	13.75	0	0	0	0	0	1
0	0	0	0	-1	-1	500	501	500	-1	0	0	0	0	1	0	0	-1	-1	500	37	9	7	8	11	-7	13	11.25	-7.5	13.75	0	0	0	0	0	1
0	0	0	0	-1	0	500	-1	-1	-1	0	0	0	0	1	0	0	-1	0	-1	37	9	7	8	11	-7	13	11.25	-7.5	13.75	0	0	0	0	0	0
0	0	0	0	-1	0	500	-1	0	-1	0	0	0	0	1	0	0	-1	0	-1	37	9	7	8	11	-7	13	11.25	-7.5	13.75	0	0	0	0	0	0
0	0	0	0	-1	0	500	-1	100	-1	0	0	0	0	1	0	0	-1	0	-1	37	9	7	8	11	-7	13	11.25	-7.5	13.75	0	0	0	0	0	0
0	0	0	0	-1	0	500	-1	500	-1	0	0	0	0	1	0	0	-1	0	-1	37	9	7	8	11	-7	13	11.25	-7.5	13.75	0	0	0	0	0	0
0	0	0	0	-1	0	500	0	-1	-1	0	0	0	0	1	0	0	-1	0	0	37	9	7	8	11	-7	13	11.25	-7.5	13.75	0	0	0	0	0	0
0	0	0	0	-1	0	500	0	0	-1	0	0	0	0	1	0	0	-1	0	0	37	9	7	8	11	-7	13	11.25	-7.5	13.75	0	0	0	0	0	0
0	0	0	0	-1	0	500	0	100	-1	0	0	0	0	1	0	0	-1	0	0	37	9	7	8	11	-7	13	11.25	-7.5	13.75	0	0	0	0	0	0
0	0	0	0	-1	0	500	0	500	-1	0	0	0	0	1	0	0	-1	0	0	37	9	7	8	11	-7	13	11.25	-7.5	13.75	0	0	0	0	0	0
0	0	0	0	-1	0	500	99	-1	-1	0	0	0	0	1	0	0	-1	0	99	37	9	7	8	11	-7	13	11.25	-7.5	13.75	0	0	0	0	0	0
0	0	0	0	-1	0	500	99	0	-1	0	0	0	0	1	0	0	-1	0	99	37	9	7	8	11	-7	13	11.25	-7.5	13.75	0	0	0	0	0	0
0	0	0	0	-1	0	500	99	100	-1	0	0	0	0	1	0	0	-1	0	99	37	9	7	8	11	-7	13	11.25	-7.5	13.75	0	0	0	0	0	0
0	0	0	0	-1	0	500	99	500	-1	0	0	0	0	1	0	0	-1	0	99	37	9	7	8	11	-7	13	11.25	-7.5	13.75	0	0	0	0	0	0
0	0	0	0	-1	0	500	100	-1	-1	0	0	0	0	1	0	0	-1	0	100	37	9	7	8	11	-7	13	11.25	-7.5	13.75	0	0	0	0	0	0
0	0	0	0	-1	0	500	100	0	-1	0	0	0	0	1	0	0	-1	0	100	37	9	7	8	11	-7	13	11.25	-7.5	13.75	0	0	0	0	0	0
0	0	0	0	-1	0	500	100	100	-1	0	0	0	0	1	0	0	-1	0	100	37	9	7	8	11	-7	13	11.25	-7.5	13.75	0	0	0	0	0	1
0	0	0	0	-1	0	500	100	500	-1	0	0	0	0	1	0	0	-1	0	100	37	9	7	8	11	-7	13	11.25	-7.5	13.75	0	0	0	0	0	0
0	0	0	0	-1	0	500	101	-1	-1	0	0	0	0	1	0	0	-1	0	101	37	9	7	8	11	-7	13	11.25	-7.5	13.75	0	0	0	0	0	0
0	0	0	0	-1	0	500	101	0	-1	0	0	0	0	1	0	0	-1	0	101	37	9	7	8	11	-7	13	11.25	-7.5	13.75	0	0	0	0	0	0
0	0	0	0	-1	0	500	101	100	-1	0	0	0	0	1	0	0	-1	0	100	37	9	7	8	11	-7	13	11.25	-7.5	13.75	0	0	0	0	0	1
0	0	0	0	-1	0	500	101	500	-1	0	0	0	0	1	0	0	-1	0	101	37	9	7	8	11	-7	13	11.25	-7.5	13.75	0	0	0	0	0	0
0	0	0	0	-1	0	500	499	-1	-1	0	0	0	0	1	0	0	-1	0	499	37	9	7	8	11	-7	13	11.25	-7.5	13.75	0	0	0	0	0	0
0	0	0	0	-1	0	500	499	0	-1	0	0	0	0	1	0	0	-1	0	499	37	9	7	8	11	-7	13	11.25	-7.5	13.75	0	0	0	0	0	0
0	0	0	0	-1	0	500	499	100	-1	0	0	0	0	1	0	0	-1	0	100	37	9	7	8	11	-7	13	11.25	-7.5	13.75	0	0	0	0	0	1
0	0	0	0	-1	0	500	499	500	-1	0	0	0	0	1	0	0	-1	0	499	37	9	7	8	11	-7	13	11.25	-7.5	13.75	0	0	0	0	0	0
0	0	0	0	-1	0	500	500	-1	-1	0	0	0	0	1	0	0	-1	0	500	37	9	7	8	11	-7	13	11.25	-7.5	13.75	0	0	0	0	0	0
0	0	0	0	-1	0	500	500	0	-1	0	0	0	0	1	0	0	-1	0	500	37	9	7	8	11	-7	13	11.25	-7.5	13.75	0	0	0	0	0	0
0	0	0	0	-1	0	500	500	100	-1	0	0	0	0	1	0	0	-1	0	100	37	9	7	8	11	-7	13	11.25	-7.5	13.75	0	0	0	0	0	1
0	0	0	0	-1	0	500	500	500	-1	0	0	0	0	1	0	0	-1	0	500	37	9	7	8	11	-7	13	11.25	-7.5	13.75	0	0	0	0	0	1
0	0	0	0	-1	0	500	501	-1	-1	0	0	0	0	1	0	0	-1	0	501	37	9	7	8	11	-7	13	11.25	-7.5	13.75	0	0	0	0	0	0
0	0	0	0	-1	0	500	501	0	-1	0	0	0	0	1	0	0	-1	0	501	37	9	7	8	11	-7	13	11.25	-7.5	13.75	0	0	0	0	0	0
0	0	0	0	-1	0	500	501	100	-1	0	0	0	0	1	0	0	-1	0	100	37	9	7	8	11	-7	13	11.25	-7.5	13.75	0	0	0	0	0	1
0	0	0	0	-1	0	500	501	500	-1	0	0	0	0	1	0	0	-1	0	500	37	9	7	8	11	-7	13	11.25	-7.5	13.75	0	0	0	0	0	1
0	0	0	0	-1	499	500	-1	-1	-1	0	0	0	0	1	0	0	-1	499	-1	37	9	7	8	11	-7	13	11.25	-7.5	13.75	0	499	0	0	0	0
0	0	0	0	-1	499	500	-1	0	-1	0	0	0	0	1	0	0	-1	499	-1	37	9	7	8	11	-7	13	11.25	-7.5	13.75	0	499	0	0	0	0
0	0	0	0	-1	499	500	-1	100	-1	0	0	0	0	1	0	0	-1	499	-1	37	9	7	8	11	-7	13	11.25	-7.5	13.75	0	499	0	0	0	0
0	0	0	0	-1	499	500	-1	500	-1	0	0	0	0	1	0	0	-1	499	-1	37	9	7	8	11	-7	13	11.25	-7.5	13.75	0	499	0	0	0	0
0	0	0	0	-1	499	500	0	-1	-1	0	0	0	0	1	0	0	-1	499	0	37	9	7	8	11	-7	13	11.25	-7.5	13.75	0	499	0	0	0	0
0	0	0	0	-1	499	500	0	0	-1	0	0	0	0	1	0	0	-1	499	0	37	9	7	8	11	-7	13	11.25	-7.5	13.75	0	499	0	0	0	0
0	0	0	0	-1	499	500	0	100	-1	0	0	0	0	1	0	0	-1	499	0	37	9	7	8	11	-7	13	11.25	-7.5	13.75	0	499	0	0	0	0
0	0	0	0	-1	499	500	0	500	-1	0	0	0	0	1	0	0	-1	499	0	37	9	7	8	11	-7	13	11.25	-7.5	13.75	0	499	0	0	0	0
0	0	0	0	-1	499	500	99	-1	-1	0	0	0	0	1	0	0	-1	499	99	37	9	7	8	11	-7	13	11.25	-7.5	13.75	0	499	0	0	0	0
0	0	0	0	-1	499	500	99	0	-1	0	0	0	0	1	0	0	-1	499	99	37	9	7	8	11	-7	13	11.25	-7.5	13.75	0	499	0	0	0	0
0	0	0	0	-1	499	500	99	100	-1	0	0	0	0	1	0	0	-1	499	99	37	9	7	8	11	-7	13	11.25	-7.5	13.75	0	499	0	0	0	0
0	0	0	0	-1	499	500	99	500	-1	0	0	0	0	1	0	0	-1	499	99	37	9	7	8	11	-7	13	11.25	-7.5	13.75	0	499	0	0	0	0
0	0	0	0	-1	499	500	100	-1	-1	0	0	0	0	1	0	0	-1	499	100	37	9	7	8	11	-7	13	11.25	-7.5	13.75	0	499	0	0	0	0
0	0	0	0	-1	499	500	100	0	-1	0	0	0	0	1	0	0	-1	499	100	37	9	7	8	11	-7	13	11.25	-7.5	13.75	0	499	0	0	0	0
0	0	0	0	-1	499	500	100	100	-1	0	0	0	0	1	0	0	-1	499	100	37	9	7	8	11	-7	13	11.25	-7.5	13.75	0	499	0	0	0	1
0	0	0	0	-1	499	500	100	500	-1	0	0	0	0	1	0	0	-1	499	100	37	9	7	8	11	-7	13	11.25	-7.5	13.75	0	499	0	0	0	0
0	0	0	0	-1	499	500	101	-1	-1	0	0	0	0	1	0	0	-1	499	101	37	9	7	8	11	-7	13	11.25	-7.5	13.75	0	499	0	0	0	0
0	0	0	0	-1	499	500	101	0	-1	0	0	0	0	1	0	0	-1	499	101	37	9	7	8	11	-7	13	11.25	-7.5	13.75	0	499	0	0	0	0
0	0	0	0	-1	499	500	101	100	-1	0	0	0	0	1	0	0	-1	499	100	37	9	7	8	11	-7	13	11.25	-7.5	13.75	0	499	0	0	0	1
0	0	0	0	-1	499	500	101	500	-1	0	0	0	0	1	0	0	-1	499	101	37	9	7	8	11	-7	13	11.25	-7.5	13.75	0	499	0	0	0	0
0	0	0	0	-1	499	500	499	-1	-1	0	0	0	0	1	0	0	-1	499	499	37	9	7	8	11	-7	13	11.25	-7.5	13.75	0	499	0	0	0	0
0	0	0	0	-1	499	500	499	0	-1	0	0	0	0	1	0	0	-1	499	499	37	9	7	8	11	-7	13	11.25	-7.5	13.75	0	499	0	0	0	0
0	0	0	0	-1	499	500	499	100	-1	0	0	0	0	1	0	0	-1	499	100	37	9	7	8	11	-7	13	11.25	-7.5	13.75	0	499	0	0	0	1
0	0	0	0	-1	499	500	499	500	-1	0	0	0	0	1	0	0	-1	499	499	37	9	7	8	11	-7	13	11.25	-7.5	13.75	0	499	0	0	0	0
0	0	0	0	-1	499	500	500	-1	-1	0	0	0	0	1	0	0	-1	499	500	37	9	7	8	11	-7	13	11.25	-7.5	13.75	0	499	0	0	0	0
0	0	0	0	-1	499	500	500	0	-1	0	0	0	0	1	0	0	-1	499	500	37	9	7	8	11	-7	13	11.25	-7.5	13.75	0	499	0	0	0	0
0	0	0	0	-1	499	500	500	100	-1	0	0	0	0	1	0	0	-1	499	100	37	9	7	8	11	-7	13	11.25	-7.5	13.75	0	499	0	0	0	1
0	0	0	0	-1	499	500	500	500	-1	0	0	0	0	1	0	0	-1	499	500	37	9	7	8	11	-7	13	11.25	-7.5	13.75	0	499	0	0	0	1
0	0	0	0	-1	499	500	501	-1	-1	0	0	0	0	1	0	0	-1	499	501	37	9	7	8	11	-7	13	11.25	-7.5	13.75	0	499	0	0	0	0
0	0	0	0	-1	499	500	501	0	-1	0	0	0	0	1	0	0	-1	499	501	37	9	7	8	11	-7	13	11.25	-7.5	13.75	0	499	0	0	0	0
0	0	0	0	-1	499	500	501	100	-1	0	0	0	0	1	0	0	-1	499	100	37	9	7	8	11	-7	13	11.25	-7.5	13.75	0	499	0	0	0	1
0	0	0	0	-1	499	500	501	500	-1	0	0	0	0	1	0	0	-1	499	500	37	9	7	8	11	-7	13	11.25	-7.5	13.75	0	499	0	0	0	1
0	0	0	0	-1	500	500	-1	-1	-1	0	0	0	0	1	0	0	-1	500	-1	37	9	7	8	11	-7	13	11.25	-7.5	13.75	0	500	0	0	0	0
0	0	0	0	-1	500	500	-1	0	-1	0	0	0	0	1	0	0	-1	500	-1	37	9	7	8	11	-7	13	11.25	-7.5	13.75	0	500	0	0	0	0
0	0	0	0	-1	500	500	-1	100	-1	0	0	0	0	1	0	0	-1	500	-1	37	9	7	8	11	-7	13	11.25	-7.5	13.75	0	500	0	0	0	0
0	0	0	0	-1	500	500	-1	500	-1	0	0	0	0	1	0	0	-1	500	-1	37	9	7	8	11	-7	13	11.25	-7.5	13.75	0	500	0	0	0	0
0	0	0	0	-1	500	500	0	-1	-1	0	0	0	0	1	0	0	-1	500	0	37	9	7	8	11	-7	13	11.25	-7.5	13.75	0	500	0	0	0	0
0	0	0	0	-1	500	500	0	0	-1	0	0	0	0	1	0	0	-1	500	0	37	9	7	8	11	-7	13	11.25	-7.5	13.75	0	500	0	0	0	0
0	0	0	0	-1	500	500	0	100	-1	0	0	0	0	1	0	0	-1	500	0	37	9	7	8	11	-7	13	11.25	-7.5	13.75	0	500	0	0	0	0
0	0	0	0	-1	500	500	0	500	-1	0	0	0	0	1	0	0	-1	500	0	37	9	7	8	11	-7	13	11.25	-7.5	13.75	0	500	0	0	0	0
0	0	0	0	-1	500	500	99	-1	-1	0	0	0	0	1	0	0	-1	500	99	37	9	7	8	11	-7	13	11.25	-7.5	13.75	0	500	0	0	0	0
0	0	0	0	-1	500	500	99	0	-1	0	0	0	0	1	0	0	-1	500	99	37	9	7	8	11	-7	13	11.25	-7.5	13.75	0	500	0	0	0	0
0	0	0	0	-1	500	500	99	100	-1	0	0	0	0	1	0	0	-1	500	99	37	9	7	8	11	-7	13	11.25	-7.5	13.75	0	500	0	0	0	0
0	0	0	0	-1	500	500	99	500	-1	0	0	0	0	1	0	0	-1	500	99	37	9	7	8	11	-7	13	11.25	-7.5	13.75	0	500	0	0	0	0
0	0	0	0	-1	500	500	100	-1	-1	0	0	0	0	1	0	0	-1	500	100	37	9	7	8	11	-7	13	11.25	-7.5	13.75	0	500	0	0	0	0
0	0	0	0	-1	500	500	100	0	-1	0	0	0	0	1	0	0	-1	500	100	37	9	7	8	11	-7	13	11.25	-7.5	13.75	0	500	0	0	0	0
0	0	0	0	-1	500	500	100	100	-1	0	0	0	0	1	0	0	-1	500	100	37	9	7	8	11	-7	13	11.25	-7.5	13.75	0	500	0	0	0	1
0	0	0	0	-1	500	500	100	500	-1	0	0	0	0	1	0	0	-1	500	100	37	9	7	8	11	-7	13	11.25	-7.5	13.75	0	500	0	0	0	0
0	0	0	0	-1	500	500	101	-1	-1	0	0	0	0	1	0	0	-1	500	101	37	9	7	8	11	-7	13	11.25	-7.5	13.75	0	500	0	0	0	0
0	0	0	0	-1	500	500	101	0	-1	0	0	0	0	1	0	0	-1	500	101	37	9	7	8	11	-7	13	11.25	-7.5	13.75	0	500	0	0	0	0
0	0	0	0	-1	500	500	101	100	-1	0	0	0	0	1	0	0	-1	500	100	37	9	7	8	11	-7	13	11.25	-7.5	13.75	0	500	0	0	0	1
0	0	0	0	-1	500	500	101	500	-1	0	0	0	0	1	0	0	-1	500	101	37	9	7	8	11	-7	13	11.25	-7.5	13.75	0	500	0	0	0	0
0	0	0	0	-1	500	500	499	-1	-1	0	0	0	0	1	0	0	-1	500	499	37	9	7	8	11	-7	13	11.25	-7.5	13.75	0	500	0	0	0	0
0	0	0	0	-1	500	500	499	0	-1	0	0	0	0	1	0	0	-1	500	499	37	9	7	8	11	-7	13	11.25	-7.5	13.75	0	500	0	0	0	0
0	0	0	0	-1	500	500	499	100	-1	0	0	0	0	1	0	0	-1	500	100	37	9	7	8	11	-7	13	11.25	-7.5	13.75	0	500	0	0	0	1
0	0	0	0	-1	500	500	499	500	-1	0	0	0	0	1	0	0	-1	500	499	37	9	7	8	11	-7	13	11.25	-7.5	13.75	0	500	0	0	0	0
0	0	0	0	-1	500	500	500	-1	-1	0	0	0	0	1	0	0	-1	500	500	37	9	7	8	11	-7	13	11.25	-7.5	13.75	0	500	0	0	0	0
0	0	0	0	-1	500	500	500	0	-1	0	0	0	0	1	0	0	-1	500	500	37	9	7	8	11	-7	13	11.25	-7.5	13.75	0	500	0	0	0	0
0	0	0	0	-1	500	500	500	100	-1	0	0	0	0	1	0	0	-1	500	100	37	9	7	8	11	-7	13	11.25	-7.5	13.75	0	500	0	0	0	1
0	0	0	0	-1	500	500	500	500	-1	0	0	0	0	1	0	0	-1	500	500	37	9	7	8	11	-7	13	11.25	-7.5	13.75	0	500	0	0	0	1
0	0	0	0	-1	500	500	501	-1	-1	0	0	0	0	1	0	0	-1	500	501	37	9	7	8	11	-7	13	11.25	-7.5	13.75	0	500	0	0	0	0
0	0	0	0	-1	500	500	501	0	-1	0	0	0	0	1	0	0	-1	500	501	37	9	7	8	11	-7	13	11.25	-7.5	13.75	0	500	0	0	0	0
0	0	0	0	-1	500	500	501	100	-1	0	0	0	0	1	0	0	-1	500	100	37	9	7	8	11	-7	13	11.25	-7.5	13.75	0	500	0	0	0	1
0	0	0	0	-1	500	500	501	500	-1	0	0	0	0	1	0	0	-1	500	500	37	9	7	8	11	-7	13	11.25	-7.5	13.75	0	500	0	0	0	1
0	0	0	0	-1	501	500	-1	-1	-1	0	0	0	0	1	0	0	-1	500	-1	37	9	7	8	11	-7	13	11.25	-7.5	13.75	0	501	0	0	1	0
0	0	0	0	-1	501	500	-1	0	-1	0	0	0	0	1	0	0	-1	500	-1	37	9	7	8	11	-7	13	11.25	-7.5	13.75	0	501	0	0	1	0
0	0	0	0	-1	501	500	-1	100	-1	0	0	0	0	1	0	0	-1	500	-1	37	9	7	8	11	-7	13	11.25	-7.5	13.75	0	501	0	0	1	0
0	0	0	0	-1	501	500	-1	500	-1	0	0	0	0	1	0	0	-1	500	-1	37	9	7	8	11	-7	13	11.25	-7.5	13.75	0	501	0	0	1	0
0	0	0	0	-1	501	500	0	-1	-1	0	0	0	0	1	0	0	-1	500	0	37	9	7	8	11	-7	13	11.25	-7.5	13.75	0	501	0	0	1	0
0	0	0	0	-1	501	500	0	0	-1	0	0	0	0	1	0	0	-1	500	0	37	9	7	8	11	-7	13	11.25	-7.5	13.75	0	501	0	0	1	0
0	0	0	0	-1	501	500	0	100	-1	0	0	0	0	1	0	0	-1	500	0	37	9	7	8	11	-7	13	11.25	-7.5	13.75	0	501	0	0	1	0
0	0	0	0	-1	501	500	0	500	-1	0	0	0	0	1	0	0	-1	500	0	37	9	7	8	11	-7	13	11.25	-7.5	13.75	0	501	0	0	1	0
0	0	0	0	-1	501	500	99	-1	-1	0	0	0	0	1	0	0	-1	500	99	37	9	7	8	11	-7	13	11.25	-7.5	13.75	0	501	0	0	1	0
0	0	0	0	-1	501	500	99	0	-1	0	0	0	0	1	0	0	-1	500	99	37	9	7	8	11	-7	13	11.25	-7.5	13.75	0	501	0	0	1	0
0	0	0	0	-1	501	500	99	100	-1	0	0	0	0	1	0	0	-1	500	99	37	9	7	8	11	-7	13	11.25	-7.5	13.75	0	501	0	0	1	0
0	0	0	0	-1	501	500	99	500	-1	0	0	0	0	1	0	0	-1	500	99	37	9	7	8	11	-7	13	11.25	-7.5	13.75	0	501	0	0	1	0
0	0	0	0	-1	501	500	100	-1	-1	0	0	0	0	1	0	0	-1	500	100	37	9	7	8	11	-7	13	11.25	-7.5	13.75	0	501	0	0	1	0
0	0	0	0	-1	501	500	100	0	-1	0	0	0	0	1	0	0	-1	500	100	37	9	7	8	11	-7	13	11.25	-7.5	13.75	0	501	0	0	1	0
0	0	0	0	-1	501	500	100	100	-1	0	0	0	0	1	0	0	-1	500	100	37	9	7	8	11	-7	13	11.25	-7.5	13.75	0	501	0	0	1	1
0	0	0	0	-1	501	500	100	500	-1	0	0	0	0	1	0	0	-1	500	100	37	9	7	8	11	-7	13	11.25	-7.5	13.75	0	501	0	0	1	0
0	0	0	0	-1	501	500	101	-1	-1	0	0	0	0	1	0	0	-1	500	101	37	9	7	8	11	-7	13	11.25	-7.5	13.75	0	501	0	0	1	0
0	0	0	0	-1	501	500	101	0	-1	0	0	0	0	1	0	0	-1	500	101	37	9	7	8	11	-7	13	11.25	-7.5	13.75	0	501	0	0	1	0
0	0	0	0	-1	501	500	101	100	-1	0	0	0	0	1	0	0	-1	500	100	37	9	7	8	11	-7	13	11.25	-7.5	13.75	0	501	0	0	1	1
0	0	0	0	-1	501	500	101	500	-1	0	0	0	0	1	0	0	-1	500	101	37	9	7	8	11	-7	13	11.25	-7.5	13.75	0	501	0	0	1	0
0	0	0	0	-1	501	500	499	-1	-1	0	0	0	0	1	0	0	-1	500	499	37	9	7	8	11	-7	13	11.25	-7.5	13.75	0	501	0	0	1	0
0	0	0	0	-1	501	500	499	0	-1	0	0	0	0	1	0	0	-1	500	499	37	9	7	8	11	-7	13	11.25	-7.5	13.75	0	501	0	0	1	0
0	0	0	0	-1	501	500	499	100	-1	0	0	0	0	1	0	0	-1	500	100	37	9	7	8	11	-7	13	11.25	-7.5	13.75	0	501	0	0	1	1
0	0	0	0	-1	501	500	499	500	-1	0	0	0	0	1	0	0	-1	500	499	37	9	7	8	11	-7	13	11.25	-7.5	13.75	0	501	0	0	1	0
0	0	0	0	-1	501	500	500	-1	-1	0	0	0	0	1	0	0	-1	500	500	37	9	7	8	11	-7	13	11.25	-7.5	13.75	0	501	0	0	1	0
0	0	0	0	-1	501	500	500	0	-1	0	0	0	0	1	0	0	-1	500	500	37	9	7	8	11	-7	13	11.25	-7.5	13.75	0	501	0	0	1	0
0	0	0	0	-1	501	500	500	100	-1	0	0	0	0	1	0	0	-1	500	100	37	9	7	8	11	-7	13	11.25	-7.5	13.75	0	501	0	0	1	1
0	0	0	0	-1	501	500	500	500	-1	0	0	0	0	1	0	0	-1	500	500	37	9	7	8	11	-7	13	11.25	-7.5	13.75	0	501	0	0	1	1
0	0	0	0	-1	501	500	501	-1	-1	0	0	0	0	1	0	0	-1	500	501	37	9	7	8	11	-7	13	11.25	-7.5	13.75	0	501	0	0	1	0
0	0	0	0	-1	501	500	501	0	-1	0	0	0	0	1	0	0	-1	500	501	37	9	7	8	11	-7	13	11.25	-7.5	13.75	0	501	0	0	1	0
0	0	0	0	-1	501	500	501	100	-1	0	0	0	0	1	0	0	-1	500	100	37	9	7	8	11	-7	13	11.25	-7.5	13.75	0	501	0	0	1	1
0	0	0	0	-1	501	500	501	500	-1	0	0	0	0	1	0	0	-1	500	500	37	9	7	8	11	-7	13	11.25	-7.5	13.75	0	501	0	0	1	1
0	0	0	0	0	-1	500	-1	-1	-1	0	0	0	0	1	0	0	0	-1	-1	37	9	7	8	11	-7	13	11.25	-7.5	13.75	0	0	0	0	0	0
0	0	0	0	0	-1	500	-1	0	-1	0	0	0	0	1	0	0	0	-1	-1	37	9	7	8	11	-7	13	11.25	-7.5	13.75	0	0	0	0	0	0
0	0	0	0	0	-1	500	-1	100	-1	0	0	0	0	1	0	0	0	-1	-1	37	9	7	8	11	-7	13	11.25	-7.5	13.75	0	0	0	0	0	0
0	0	0	0	0	-1	500	-1	500	-1	0	0	0	0	1	0	0	0	-1	-1	37	9	7	8	11	-7	13	11.25	-7.5	13.75	0	0	0	0	0	0
0	0	0	0	0	-1	500	0	-1	-1	0	0	0	0	1	0	0	0	-1	0	37	9	7	8	11	-7	13	11.25	-7.5	13.75	0	0	0	0	0	0
0	0	0	0	0	-1	500	0	0	-1	0	0	0	0	1	0	0	0	-1	0	37	9	7	8	11	-7	13	11.25	-7.5	13.75	0	0	0	0	0	0
0	0	0	0	0	-1	500	0	100	-1	0	0	0	0	1	0	0	0	-1	0	37	9	7	8	11	-7	13	11.25	-7.5	13.75	0	0	0	0	0	0
0	0	0	0	0	-1	500	0	500	-1	0	0	0	0	1	0	0	0	-1	0	37	9	7	8	11	-7	13	11.25	-7.5	13.75	0	0	0	0	0	0
0	0	0	0	0	-1	500	99	-1	-1	0	0	0	0	1	0	0	0	-1	99	37	9	7	8	11	-7	13	11.25	-7.5	13.75	0	0	0	0	0	0
0	0	0	0	0	-1	500	99	0	-1	0	0	0	0	1	0	0	0	-1	99	37	9	7	8	11	-7	13	11.25	-7.5	13.75	0	0	0	0	0	0
0	0	0	0	0	-1	500	99	100	-1	0	0	0	0	1	0	0	0	-1	99	37	9	7	8	11	-7	13	11.25	-7.5	13.75	0	0	0	0	0	0
0	0	0	0	0	-1	500	99	500	-1	0	0	0	0	1	0	0	0	-1	99	37	9	7	8	11	-7	13	11.25	-7.5	13.75	0	0	0	0	0	0
0	0	0	0	0	-1	500	100	-1	-1	0	0	0	0	1	0	0	0	-1	100	37	9	7	8	11	-7	13	11.25	-7.5	13.75	0	0	0	0	0	0
0	0	0	0	0	-1	500	100	0	-1	0	0	0	0	1	0	0	0	-1	100	37	9	7	8	11	-7	13	11.25	-7.5	13.75	0	0	0	0	0	0
0	0	0	0	0	-1	500	100	100	-1	0	0	0	0	1	0	0	0	-1	100	37	9	7	8	11	-7	13	11.25	-7.5	13.75	0	0	0	0	0	1
0	0	0	0	0	-1	500	100	500	-1	0	0	0	0	1	0	0	0	-1	100	37	9	7	8	11	-7	13	11.25	-7.5	13.75	0	0	0	0	0	0
0	0	0	0	0	-1	500	101	-1	-1	0	0	0	0	1	0	0	0	-1	101	37	9	7	8	11	-7	13	11.25	-7.5	13.75	0	0	0	0	0	0
0	0	0	0	0	-1	500	101	0	-1	0	0	0	0	1	0	0	0	-1	101	37	9	7	8	11	-7	13	11.25	-7.5	13.75	0	0	0	0	0	0
0	0	0	0	0	-1	500	101	100	-1	0	0	0	0	1	0	0	0	-1	100	37	9	7	8	11	-7	13	11.25	-7.5	13.75	0	0	0	0	0	1
0	0	0	0	0	-1	500	101	500	-1	0	0	0	0	1	0	0	0	-1	101	37	9	7	8	11	-7	13	11.25	-7.5	13.75	0	0	0	0	0	0
0	0	0	0	0	-1	500	499	-1	-1	0	0	0	0	1	0	0	0	-1	499	37	9	7	8	11	-7	13	11.25	-7.5	13.75	0	0	0	0	0	0
0	0	0	0	0	-1	500	499	0	-1	0	0	0	0	1	0	0	0	-1	499	37	9	7	8	11	-7	13	11.25	-7.5	13.75	0	0	0	0	0	0
0	0	0	0	0	-1	500	499	100	-1	0	0	0	0	1	0	0	0	-1	100	37	9	7	8	11	-7	13	11.25	-7.5	13.75	0	0	0	0	0	1
0	0	0	0	0	-1	500	499	500	-1	0	0	0	0	1	0	0	0	-1	499	37	9	7	8	11	-7	13	11.25	-7.5	13.75	0	0	0	0	0	0
0	0	0	0	0	-1	500	500	-1	-1	0	0	0	0	1	0	0	0	-1	500	37	9	7	8	11	-7	13	11.25	-7.5	13.75	0	0	0	0	0	0
0	0	0	0	0	-1	500	500	0	-1	0	0	0	0	1	0	0	0	-1	500	37	9	7	8	11	-7	13	11.25	-7.5	13.75	0	0	0	0	0	0
0	0	0	0	0	-1	500	500	100	-1	0	0	0	0	1	0	0	0	-1	100	37	9	7	8	11	-7	13	11.25	-7.5	13.75	0	0	0	0	0	1
0	0	0	0	0	-1	500	500	500	-1	0	0	0	0	1	0	0	0	-1	500	37	9	7	8	11	-7	13	11.25	-7.5	13.75	0	0	0	0	0	1
0	0	0	0	0	-1	500	501	-1	-1	0	0	0	0	1	0	0	0	-1	501	37	9	7	8	11	-7	13	11.25	-7.5	13.75	0	0	0	0	0	0
0	0	0	0	0	-1	500	501	0	-1	0	0	0	0	1	0	0	0	-1	501	37	9	7	8	11	-7	13	11.25	-7.5	13.75	0	0	0	0	0	0
0	0	0	0	0	-1	500	501	100	-1	0	0	0	0	1	0	0	0	-1	100	37	9	7	8	11	-7	13	11.25	-7.5	13.75	0	0	0	0	0	1
0	0	0	0	0	-1	500	501	500	-1	0	0	0	0	1	0	0	0	-1	500	37	9	7	8	11	-7	13	11.25	-7.5	13.75	0	0	0	0	0	1
0	0	0	0	0	0	500	-1	-1	-1	0	0	0	0	1	0	0	0	0	-1	37	9	7	8	11	-7	13	11.25	-7.5	13.75	0	0	0	0	0	0
0	0	0	0	0	0	500	-1	0	-1	0	0	0	0	1	0	0	0	0	-1	37	9	7	8	11	-7	13	11.25	-7.5	13.75	0	0	0	0	0	0
0	0	0	0	0	0	500	-1	100	-1	0	0	0	0	1	0	0	0	0	-1	37	9	7	8	11	-7	13	11.25	-7.5	13.75	0	0	0	0	0	0
0	0	0	0	0	0	500	-1	500	-1	0	0	0	0	1	0	0	0	0	-1	37	9	7	8	11	-7	13	11.25	-7.5	13.75	0	0	0	0	0	0
0	0	0	0	0	0	500	0	-1	-1	0	0	0	0	1	0	0	0	0	0	37	9	7	8	11	-7	13	11.25	-7.5	13.75	0	0	0	0	0	0
0	0	0	0	0	0	500	0	0	-1	0	0	0	0	1	0	0	0	0	0	37	9	7	8	11	-7	13	11.25	-7.5	13.75	0	0	0	0	0	0
0	0	0	0	0	0	500	0	100	-1	0	0	0	0	1	0	0	0	0	0	37	9	7	8	11	-7	13	11.25	-7.5	13.75	0	0	0	0	0	0
0	0	0	0	0	0	500	0	500	-1	0	0	0	0	1	0	0	0	0	0	37	9	7	8	11	-7	13	11.25	-7.5	13.75	0	0	0	0	0	0
0	0	0	0	0	0	500	99	-1	-1	0	0	0	0	1	0	0	0	0	99	37	9	7	8	11	-7	13	11.25	-7.5	13.75	0	0	0	0	0	0
0	0	0	0	0	0	500	99	0	-1	0	0	0	0	1	0	0	0	0	99	37	9	7	8	11	-7	13	11.25	-7.5	13.75	0	0	0	0	0	0
0	0	0	0	0	0	500	99	100	-1	0	0	0	0	1	0	0	0	0	99	37	9	7	8	11	-7	13	11.25	-7.5	13.75	0	0	0	0	0	0
0	0	0	0	0	0	500	99	500	-1	0	0	0	0	1	0	0	0	0	99	37	9	7	8	11	-7	13	11.25	-7.5	13.75	0	0	0	0	0	0
0	0	0	0	0	0	500	100	-1	-1	0	0	0	0	1	0	0	0	0	100	37	9	7	8	11	-7	13	11.25	-7.5	13.75	0	0	0	0	0	0
0	0	0	0	0	0	500	100	0	-1	0	0	0	0	1	0	0	0	0	100	37	9	7	8	11	-7	13	11.25	-7.5	13.75	0	0	0	0	0	0
0	0	0	0	0	0	500	100	100	-1	0	0	0	0	1	0	0	0	0	100	37	9	7	8	11	-7	13	11.25	-7.5	13.75	0	0	0	0	0	1
0	0	0	0	0	0	500	100	500	-1	0	0	0	0	1	0	0	0	0	100	37	9	7	8	11	-7	13	11.25	-7.5	13.75	0	0	0	0	0	0
0	0	0	0	0	0	500	101	-1	-1	0	0	0	0	1	0	0	0	0	101	37	9	7	8	11	-7	13	11.25	-7.5	13.75	0	0	0	0	0	0
0	0	0	0	0	0	500	101	0	-1	0	0	0	0	1	0	0	0	0	101	37	9	7	8	11	-7	13	11.25	-7.5	13.75	0	0	0	0	0	0
0	0	0	0	0	0	500	101	100	-1	0	0	0	0	1	0	0	0	0	100	37	9	7	8	11	-7	13	11.25	-7.5	13.75	0	0	0	0	0	1
0	0	0	0	0	0	500	101	500	-1	0	0	0	0	1	0	0	0	0	101	37	9	7	8	11	-7	13	11.25	-7.5	13.75	0	0	0	0	0	0
0	0	0	0	0	0	500	499	-1	-1	0	0	0	0	1	0	0	0	0	499	37	9	7	8	11	-7	13	11.25	-7.5	13.75	0	0	0	0	0	0
0	0	0	0	0	0	500	499	0	-1	0	0	0	0	1	0	0	0	0	499	37	9	7	8	11	-7	13	11.25	-7.5	13.75	0	0	0	0	0	0
0	0	0	0	0	0	500	499	100	-1	0	0	0	0	1	0	0	0	0	100	37	9	7	8	11	-7	13	11.25	-7.5	13.75	0	0	0	0	0	1
0	0	0	0	0	0	500	499	500	-1	0	0	0	0	1	0	0	0	0	499	37	9	7	8	11	-7	13	11.25	-7.5	13.75	0	0	0	0	0	0
0	0	0	0	0	0	500	500	-1	-1	0	0	0	0	1	0	0	0	0	500	37	9	7	8	11	-7	13	11.25	-7.5	13.75	0	0	0	0	0	0
0	0	0	0	0	0	500	500	0	-1	0	0	0	0	1	0	0	0	0	500	37	9	7	8	11	-7	13	11.25	-7.5	13.75	0	0	0	0	0	0
0	0	0	0	0	0	500	500	100	-1	0	0	0	0	1	0	0	0	0	100	37	9	7	8	11	-7	13	11.25	-7.5	13.75	0	0	0	0	0	1
0	0	0	0	0	0	500	500	500	-1	0	0	0	0	1	0	0	0	0	500	37	9	7	8	11	-7	13	11.25	-7.5	13.75	0	0	0	0	0	1
0	0	0	0	0	0	500	501	-1	-1	0	0	0	0	1	0	0	0	0	501	37	9	7	8	11	-7	13	11.25	-7.5	13.75	0	0	0	0	0	0
0	0	0	0	0	0	500	501	0	-1	0	0	0	0	1	0	0	0	0	501	37	9	7	8	11	-7	13	11.25	-7.5	13.75	0	0	0	0	0	0
0	0	0	0	0	0	500	501	100	-1	0	0	0	0	1	0	0	0	0	100	37	9	7	8	11	-7	13	11.25	-7.5	13.75	0	0	0	0	0	1
0	0	0	0	0	0	500	501	500	-1	0	0	0	0	1	0	0	0	0	500	37	9	7	8	11	-7	13	11.25	-7.5	13.75	0	0	0	0	0	1
0	0	0	0	0	499	500	-1	-1	-1	0	0	0	0	1	0	0	0	499	-1	37	9	7	8	11	-7	13	11.25	-7.5	13.75	0	499	0	0	0	0
0	0	0	0	0	499	500	-1	0	-1	0	0	0	0	1	0	0	0	499	-1	37	9	7	8	11	-7	13	11.25	-7.5	13.75	0	499	0	0	0	0
0	0	0	0	0	499	500	-1	100	-1	0	0	0	0	1	0	0	0	499	-1	37	9	7	8	11	-7	13	11.25	-7.5	13.75	0	499	0	0	0	0
0	0	0	0	0	499	500	-1	500	-1	0	0	0	0	1	0	0	0	499	-1	37	9	7	8	11	-7	13	11.25	-7.5	13.75	0	499	0	0	0	0
0	0	0	0	0	499	500	0	-1	-1	0	0	0	0	1	0	0	0	499	0	37	9	7	8	11	-7	13	11.25	-7.5	13.75	0	499	0	0	0	0
0	0	0	0	0	499	500	0	0	-1	0	0	0	0	1	0	0	0	499	0	37	9	7	8	11	-7	13	11.25	-7.5	13.75	0	499	0	0	0	0
0	0	0	0	0	499	500	0	100	-1	0	0	0	0	1	0	0	0	499	0	37	9	7	8	11	-7	13	11.25	-7.5	13.75	0	499	0	0	0	0
0	0	0	0	0	499	500	0	500	-1	0	0	0	0	1	0	0	0	499	0	37	9	7	8	11	-7	13	11.25	-7.5	13.75	0	499	0	0	0	0
0	0	0	0	0	499	500	99	-1	-1	0	0	0	0	1	0	0	0	499	99	37	9	7	8	11	-7	13	11.25	-7.5	13.75	0	499	0	0	0	0
0	0	0	0	0	499	500	99	0	-1	0	0	0	0	1	0	0	0	499	99	37	9	7	8	11	-7	13	11.25	-7.5	13.75	0	499	0	0	0	0
0	0	0	0	0	499	500	99	100	-1	0	0	0	0	1	0	0	0	499	99	37	9	7	8	11	-7	13	11.25	-7.5	13.75	0	499	0	0	0	0
0	0	0	0	0	499	500	99	500	-1	0	0	0	0	1	0	0	0	499	99	37	9	7	8	11	-7	13	11.25	-7.5	13.75	0	499	0	0	0	0
0	0	0	0	0	499	500	100	-1	-1	0	0	0	0	1	0	0	0	499	100	37	9	7	8	11	-7	13	11.25	-7.5	13.75	0	499	0	0	0	0
0	0	0	0	0	499	500	100	0	-1	0	0	0	0	1	0	0	0	499	100	37	9	7	8	11	-7	13	11.25	-7.5	13.75	0	499	0	0	0	0
0	0	0	0	0	499	500	100	100	-1	0	0	0	0	1	0	0	0	499	100	37	9	7	8	11	-7	13	11.25	-7.5	13.75	0	499	0	0	0	1
0	0	0	0	0	499	500	100	500	-1	0	0	0	0	1	0	0	0	499	100	37	9	7	8	11	-7	13	11.25	-7.5	13.75	0	499	0	0	0	0
0	0	0	0	0	499	500	101	-1	-1	0	0	0	0	1	0	0	0	499	101	37	9	7	8	11	-7	13	11.25	-7.5	13.75	0	499	0	0	0	0
0	0	0	0	0	499	500	101	0	-1	0	0	0	0	1	0	0	0	499	101	37	9	7	8	11	-7	13	11.25	-7.5	13.75	0	499	0	0	0	0
0	0	0	0	0	499	500	101	100	-1	0	0	0	0	1	0	0	0	499	100	37	9	7	8	11	-7	13	11.25	-7.5	13.75	0	499	0	0	0	1
0	0	0	0	0	499	500	101	500	-1	0	0	0	0	1	0	0	0	499	101	37	9	7	8	11	-7	13	11.25	-7.5	13.75	0	499	0	0	0	0
0	0	0	0	0	499	500	499	-1	-1	0	0	0	0	1	0	0	0	499	499	37	9	7	8	11	-7	13	11.25	-7.5	13.75	0	499	0	0	0	0
0	0	0	0	0	499	500	499	0	-1	0	0	0	0	1	0	0	0	499	499	37	9	7	8	11	-7	13	11.25	-7.5	13.75	0	499	0	0	0	0
0	0	0	0	0	499	500	499	100	-1	0	0	0	0	1	0	0	0	499	100	37	9	7	8	11	-7	13	11.25	-7.5	13.75	0	499	0	0	0	1
0	0	0	0	0	499	500	499	500	-1	0	0	0	0	1	0	0	0	499	499	37	9	7	8	11	-7	13	11.25	-7.5	13.75	0	499	0	0	0	0
0	0	0	0	0	499	500	500	-1	-1	0	0	0	0	1	0	0	0	499	500	37	9	7	8	11	-7	13	11.25	-7.5	13.75	0	499	0	0	0	0
0	0	0	0	0	499	500	500	0	-1	0	0	0	0	1	0	0	0	499	500	37	9	7	8	11	-7	13	11.25	-7.5	13.75	0	499	0	0	0	0
0	0	0	0	0	499	500	500	100	-1	0	0	0	0	1	0	0	0	499	100	37	9	7	8	11	-7	13	11.25	-7.5	13.75	0	499	0	0	0	1
0	0	0	0	0	499	500	500	500	-1	0	0	0	0	1	0	0	0	499	500	37	9	7	8	11	-7	13	11.25	-7.5	13.75	0	499	0	0	0	1
0	0	0	0	0	499	500	501	-1	-1	0	0	0	0	1	0	0	0	499	501	37	9	7	8	11	-7	13	11.25	-7.5	13.75	0	499	0	0	0	0
0	0	0	0	0	499	500	501	0	-1	0	0	0	0	1	0	0	0	499	501	37	9	7	8	11	-7	13	11.25	-7.5	13.75	0	499	0	0	0	0
0	0	0	0	0	499	500	501	100	-1	0	0	0	0	1	0	0	0	499	100	37	9	7	8	11	-7	13	11.25	-7.5	13.75	0	499	0	0	0	1
0	0	0	0	0	499	500	501	500	-1	0	0	0	0	1	0	0	0	499	500	37	9	7	8	11	-7	13	11.25	-7.5	13.75	0	499	0	0	0	1
0	0	0	0	0	500	500	-1	-1	-1	0	0	0	0	1	0	0	0	500	-1	37	9	7	8	11	-7	13	11.25	-7.5	13.75	0	500	0	0	0	0
0	0	0	0	0	500	500	-1	0	-1	0	0	0	0	1	0	0	0	500	-1	37	9	7	8	11	-7	13	11.25	-7.5	13.75	0	500	0	0	0	0
0	0	0	0	0	500	500	-1	100	-1	0	0	0	0	1	0	0	0	500	-1	37	9	7	8	11	-7	13	11.25	-7.5	13.75	0	500	0	0	0	0
0	0	0	0	0	500	500	-1	500	-1	0	0	0	0	1	0	0	0	500	-1	37	9	7	8	11	-7	13	11.25	-7.5	13.75	0	500	0	0	0	0
0	0	0	0	0	500	500	0	-1	-1	0	0	0	0	1	0	0	0	500	0	37	9	7	8	11	-7	13	11.25	-7.5	13.75	0	500	0	0	0	0
0	0	0	0	0	500	500	0	0	-1	0	0	0	0	1	0	0	0	500	0	37	9	7	8	11	-7	13	11.25	-7.5	13.75	0	500	0	0	0	0
0	0	0	0	0	500	500	0	100	-1	0	0	0	0	1	0	0	0	500	0	37	9	7	8	11	-7	13	11.25	-7.5	13.75	0	500	0	0	0	0
0	0	0	0	0	500	500	0	500	-1	0	0	0	0	1	0	0	0	500	0	37	9	7	8	11	-7	13	11.25	-7.5	13.75	0	500	0	0	0	0
0	0	0	0	0	500	500	99	-1	-1	0	0	0	0	1	0	0	0	500	99	37	9	7	8	11	-7	13	11.25	-7.5	13.75	0	500	0	0	0	0
0	0	0	0	0	500	500	99	0	-1	0	0	0	0	1	0	0	0	500	99	37	9	7	8	11	-7	13	11.25	-7.5	13.75	0	500	0	0	0	0
0	0	0	0	0	500	500	99	100	-1	0	0	0	0	1	0	0	0	500	99	37	9	7	8	11	-7	13	11.25	-7.5	13.75	0	500	0	0	0	0
0	0	0	0	0	500	500	99	500	-1	0	0	0	0	1	0	0	0	500	99	37	9	7	8	11	-7	13	11.25	-7.5	13.75	0	500	0	0	0	0
0	0	0	0	0	500	500	100	-1	-1	0	0	0	0	1	0	0	0	500	100	37	9	7	8	11	-7	13	11.25	-7.5	13.75	0	500	0	0	0	0
0	0	0	0	0	500	500	100	0	-1	0	0	0	0	1	0	0	0	500	100	37	9	7	8	11	-7	13	11.25	-7.5	13.75	0	500	0	0	0	0
0	0	0	0	0	500	500	100	100	-1	0	0	0	0	1	0	0	0	500	100	37	9	7	8	11	-7	13	11.25	-7.5	13.75	0	500	0	0	0	1
0	0	0	0	0	500	500	100	500	-1	0	0	0	0	1	0	0	0	500	100	37	9	7	8	11	-7	13	11.25	-7.5	13.75	0	500	0	0	0	0
0	0	0	0	0	500	500	101	-1	-1	0	0	0	0	1	0	0	0	500	101	37	9	7	8	11	-7	13	11.25	-7.5	13.75	0	500	0	0	0	0
0	0	0	0	0	500	500	101	0	-1	0	0	0	0	1	0	0	0	500	101	37	9	7	8	11	-7	13	11.25	-7.5	13.75	0	500	0	0	0	0
0	0	0	0	0	500	500	101	100	-1	0	0	0	0	1	0	0	0	500	100	37	9	7	8	11	-7	13	11.25	-7.5	13.75	0	500	0	0	0	1
0	0	0	0	0	500	500	101	500	-1	0	0	0	0	1	0	0	0	500	101	37	9	7	8	11	-7	13	11.25	-7.5	13.75	0	500	0	0	0	0
0	0	0	0	0	500	500	499	-1	-1	0	0	0	0	1	0	0	0	500	499	37	9	7	8	11	-7	13	11.25	-7.5	13.75	0	500	0	0	0	0
0	0	0	0	0	500	500	499	0	-1	0	0	0	0	1	0	0	0	500	499	37	9	7	8	11	-7	13	11.25	-7.5	13.75	0	500	0	0	0	0
0	0	0	0	0	500	500	499	100	-1	0	0	0	0	1	0	0	0	500	100	37	9	7	8	11	-7	13	11.25	-7.5	13.75	0	500	0	0	0	1
0	0	0	0	0	500	500	499	500	-1	0	0	0	0	1	0	0	0	500	499	37	9	7	8	11	-7	13	11.25	-7.5	13.75	0	500	0	0	0	0
0	0	0	0	0	500	500	500	-1	-1	0	0	0	0	1	0	0	0	500	500	37	9	7	8	11	-7	13	11.25	-7.5	13.75	0	500	0	0	0	0
0	0	0	0	0	500	500	500	0	-1	0	0	0	0	1	0	0	0	500	500	37	9	7	8	11	-7	13	11.25	-7.5	13.75	0	500	0	0	0	0
0	0	0	0	0	500	500	500	100	-1	0	0	0	0	1	0	0	0	500	100	37	9	7	8	11	-7	13	11.25	-7.5	13.75	0	500	0	0	0	1
0	0	0	0	0	500	500	500	500	-1	0	0	0	0	1	0	0	0	500	500	37	9	7	8	11	-7	13	11.25	-7.5	13.75	0	500	0	0	0	1
0	0	0	0	0	500	500	501	-1	-1	0	0	0	0	1	0	0	0	500	501	37	9	7	8	11	-7	13	11.25	-7.5	13.75	0	500	0	0	0	0
0	0	0	0	0	500	500	501	0	-1	0	0	0	0	1	0	0	0	500	501	37	9	7	8	11	-7	13	11.25	-7.5	13.75	0	500	0	0	0	0
0	0	0	0	0	500	500	501	100	-1	0	0	0	0	1	0	0	0	500	100	37	9	7	8	11	-7	13	11.25	-7.5	13.75	0	500	0	0	0	1
0	0	0	0	0	500	500	501	500	-1	0	0	0	0	1	0	0	0	500	500	37	9	7	8	11	-7	13	11.25	-7.5	13.75	0	500	0	0	0	1
0	0	0	0	0	501	500	-1	-1	-1	0	0	0	0	1	0	0	0	500	-1	37	9	7	8	11	-7	13	11.25	-7.5	13.75	0	501	0	0	1	0
0	0	0	0	0	501	500	-1	0	-1	0	0	0	0	1	0	0	0	500	-1	37	9	7	8	11	-7	13	11.25	-7.5	13.75	0	501	0	0	1	0
0	0	0	0	0	501	500	-1	100	-1	0	0	0	0	1	0	0	0	500	-1	37	9	7	8	11	-7	13	11.25	-7.5	13.75	0	501	0	0	1	0
0	0	0	0	0	501	500	-1	500	-1	0	0	0	0	1	0	0	0	500	-1	37	9	7	8	11	-7	13	11.25	-7.5	13.75	0	501	0	0	1	0
0	0	0	0	0	501	500	0	-1	-1	0	0	0	0	1	0	0	0	500	0	37	9	7	8	11	-7	13	11.25	-7.5	13.75	0	501	0	0	1	0
0	0	0	0	0	501	500	0	0	-1	0	0	0	0	1	0	0	0	500	0	37	9	7	8	11	-7	13	11.25	-7.5	13.75	0	501	0	0	1	0
0	0	0	0	0	501	500	0	100	-1	0	0	0	0	1	0	0	0	500	0	37	9	7	8	11	-7	13	11.25	-7.5	13.75	0	501	0	0	1	0
0	0	0	0	0	501	500	0	500	-1	0	0	0	0	1	0	0	0	500	0	37	9	7	8	11	-7	13	11.25	-7.5	13.75	0	501	0	0	1	0
0	0	0	0	0	501	500	99	-1	-1	0	0	0	0	1	0	0	0	500	99	37	9	7	8	11	-7	13	11.25	-7.5	13.75	0	501	0	0	1	0
0	0	0	0	0	501	500	99	0	-1	0	0	0	0	1	0	0	0	500	99	37	9	7	8	11	-7	13	11.25	-7.5	13.75	0	501	0	0	1	0
0	0	0	0	0	501	500	99	100	-1	0	0	0	0	1	0	0	0	500	99	37	9	7	8	11	-7	13	11.25	-7.5	13.75	0	501	0	0	1	0
0	0	0	0	0	501	500	99	500	-1	0	0	0	0	1	0	0	0	500	99	37	9	7	8	11	-7	13	11.25	-7.5	13.75	0	501	0	0	1	0
0	0	0	0	0	501	500	100	-1	-1	0	0	0	0	1	0	0	0	500	100	37	9	7	8	11	-7	13	11.25	-7.5	13.75	0	501	0	0	1	0
0	0	0	0	0	501	500	100	0	-1	0	0	0	0	1	0	0	0	500	100	37	9	7	8	11	-7	13	11.25	-7.5	13.75	0	501	0	0	1	0
0	0	0	0	0	501	500	100	100	-1	0	0	0	0	1	0	0	0	500	100	37	9	7	8	11	-7	13	11.25	-7.5	13.75	0	501	0	0	1	1
0	0	0	0	0	501	500	100	500	-1	0	0	0	0	1	0	0	0	500	100	37	9	7	8	11	-7	13	11.25	-7.5	13.75	0	501	0	0	1	0
0	0	0	0	0	501	500	101	-1	-1	0	0	0	0	1	0	0	0	500	101	37	9	7	8	11	-7	13	11.25	-7.5	13.75	0	501	0	0	1	0
0	0	0	0	0	501	500	101	0	-1	0	0	0	0	1	0	0	0	500	101	37	9	7	8	11	-7	13	11.25	-7.5	13.75	0	501	0	0	1	0
0	0	0	0	0	501	500	101	100	-1	0	0	0	0	1	0	0	0	500	100	37	9	7	8	11	-7	13	11.25	-7.5	13.75	0	501	0	0	1	1
0	0	0	0	0	501	500	101	500	-1	0	0	0	0	1	0	0	0	500	101	37	9	7	8	11	-7	13	11.25	-7.5	13.75	0	501	0	0	1	0
0	0	0	0	0	501	500	499	-1	-1	0	0	0	0	1	0	0	0	500	499	37	9	7	8	11	-7	13	11.25	-7.5	13.75	0	501	0	0	1	0
0	0	0	0	0	501	500	499	0	-1	0	0	0	0	1	0	0	0	500	499	37	9	7	8	11	-7	13	11.25	-7.5	13.75	0	501	0	0	1	0
0	0	0	0	0	501	500	499	100	-1	0	0	0	0	1	0	0	0	500	100	37	9	7	8	11	-7	13	11.25	-7.5	13.75	0	501	0	0	1	1
0	0	0	0	0	501	500	499	500	-1	0	0	0	0	1	0	0	0	500	499	37	9	7	8	11	-7	13	11.25	-7.5	13.75	0	501	0	0	1	0
0	0	0	0	0	501	500	500	-1	-1	0	0	0	0	1	0	0	0	500	500	37	9	7	8	11	-7	13	11.25	-7.5	13.75	0	501	0	0	1	0
0	0	0	0	0	501	500	500	0	-1	0	0	0	0	1	0	0	0	500	500	37	9	7	8	11	-7	13	11.25	-7.5	13.75	0	501	0	0	1	0
0	0	0	0	0	501	500	500	100	-1	0	0	0	0	1	0	0	0	500	100	37	9	7	8	11	-7	13	11.25	-7.5	13.75	0	501	0	0	1	1
0	0	0	0	0	501	500	500	500	-1	0	0	0	0	1	0	0	0	500	500	37	9	7	8	11	-7	13	11.25	-7.5	13.75	0	501	0	0	1	1
0	0	0	0	0	501	500	501	-1	-1	0	0	0	0	1	0	0	0	500	501	37	9	7	8	11	-7	13	11.25	-7.5	13.75	0	501	0	0	1	0
0	0	0	0	0	501	500	501	0	-1	0	0	0	0	1	0	0	0	500	501	37	9	7	8	11	-7	13	11.25	-7.5	13.75	0	501	0	0	1	0
0	0	0	0	0	501	500	501	100	-1	0	0	0	0	1	0	0	0	500	100	37	9	7	8	11	-7	13	11.25	-7.5	13.75	0	501	0	0	1	1
0	0	0	0	0	501	500	501	500	-1	0	0	0	0	1	0	0	0	500	500	37	9	7	8	11	-7	13	11.25	-7.5	13.75	0	501	0	0	1	1
0	0	0	0	499	-1	500	-1	-1	-1	0	0	0	0	1	0	0	499	-1	-1	37	9	7	8	11	-7	13	11.25	-7.5	13.75	499	0	0	0	0	0
0	0	0	0	499	-1	500	-1	0	-1	0	0	0	0	1	0	0	499	-1	-1	37	9	7	8	11	-7	13	11.25	-7.5	13.75	499	0	0	0	0	0
0	0	0	0	499	-1	500	-1	100	-1	0	0	0	0	1	0	0	499	-1	-1	37	9	7	8	11	-7	13	11.25	-7.5	13.75	499	0	0	0	0	0
0	0	0	0	499	-1	500	-1	500	-1	0	0	0	0	1	0	0	499	-1	-1	37	9	7	8	11	-7	13	11.25	-7.5	13.75	499	0	0	0	0	0
0	0	0	0	499	-1	500	0	-1	-1	0	0	0	0	1	0	0	499	-1	0	37	9	7	8	11	-7	13	11.25	-7.5	13.75	499	0	0	0	0	0
0	0	0	0	499	-1	500	0	0	-1	0	0	0	0	1	0	0	499	-1	0	37	9	7	8	11	-7	13	11.25	-7.5	13.75	499	0	0	0	0	0
0	0	0	0	499	-1	500	0	100	-1	0	0	0	0	1	0	0	499	-1	0	37	9	7	8	11	-7	13	11.25	-7.5	13.75	499	0	0	0	0	0
0	0	0	0	499	-1	500	0	500	-1	0	0	0	0	1	0	0	499	-1	0	37	9	7	8	11	-7	13	11.25	-7.5	13.75	499	0	0	0	0	0
0	0	0	0	499	-1	500	99	-1	-1	0	0	0	0	1	0	0	499	-1	99	37	9	7	8	11	-7	13	11.25	-7.5	13.75	499	0	0	0	0	0
0	0	0	0	499	-1	500	99	0	-1	0	0	0	0	1	0	0	499	-1	99	37	9	7	8	11	-7	13	11.25	-7.5	13.75	499	0	0	0	0	0
0	0	0	0	499	-1	500	99	100	-1	0	0	0	0	1	0	0	499	-1	99	37	9	7	8	11	-7	13	11.25	-7.5	13.75	499	0	0	0	0	0
0	0	0	0	499	-1	500	99	500	-1	0	0	0	0	1	0	0	499	-1	99	37	9	7	8	11	-7	13	11.25	-7.5	13.75	499	0	0	0	0	0
0	0	0	0	499	-1	500	100	-1	-1	0	0	0	0	1	0	0	499	-1	100	37	9	7	8	11	-7	13	11.25	-7.5	13.75	499	0	0	0	0	0
0	0	0	0	499	-1	500	100	0	-1	0	0	0	0	1	0	0	499	-1	100	37	9	7	8	11	-7	13	11.25	-7.5	13.75	499	0	0	0	0	0
0	0	0	0	499	-1	500	100	100	-1	0	0	0	0	1	0	0	499	-1	100	37	9	7	8	11	-7	13	11.25	-7.5	13.75	499	0	0	0	0	1
0	0	0	0	499	-1	500	100	500	-1	0	0	0	0	1	0	0	499	-1	100	37	9	7	8	11	-7	13	11.25	-7.5	13.75	499	0	0	0	0	0
0	0	0	0	499	-1	500	101	-1	-1	0	0	0	0	1	0	0	499	-1	101	37	9	7	8	11	-7	13	11.25	-7.5	13.75	499	0	0	0	0	0
0	0	0	0	499	-1	500	101	0	-1	0	0	0	0	1	0	0	499	-1	101	37	9	7	8	11	-7	13	11.25	-7.5	13.75	499	0	0	0	0	0
0	0	0	0	499	-1	500	101	100	-1	0	0	0	0	1	0	0	499	-1	100	37	9	7	8	11	-7	13	11.25	-7.5	13.75	499	0	0	0	0	1
0	0	0	0	499	-1	500	101	500	-1	0	0	0	0	1	0	0	499	-1	101	37	9	7	8	11	-7	13	11.25	-7.5	13.75	499	0	0	0	0	0
0	0	0	0	499	-1	500	499	-1	-1	0	0	0	0	1	0	0	499	-1	499	37	9	7	8	11	-7	13	11.25	-7.5	13.75	499	0	0	0	0	0
0	0	0	0	499	-1	500	499	0	-1	0	0	0	0	1	0	0	499	-1	499	37	9	7	8	11	-7	13	11.25	-7.5	13.75	499	0	0	0	0	0
0	0	0	0	499	-1	500	499	100	-1	0	0	0	0	1	0	0	499	-1	100	37	9	7	8	11	-7	13	11.25	-7.5	13.75	499	0	0	0	0	1
0	0	0	0	499	-1	500	499	500	-1	0	0	0	0	1	0	0	499	-1	499	37	9	7	8	11	-7	13	11.25	-7.5	13.75	499	0	0	0	0	0
0	0	0	0	499	-1	500	500	-1	-1	0	0	0	0	1	0	0	499	-1	500	37	9	7	8	11	-7	13	11.25	-7.5	13.75	499	0	0	0	0	0
0	0	0	0	499	-1	500	500	0	-1	0	0	0	0	1	0	0	499	-1	500	37	9	7	8	11	-7	13	11.25	-7.5	13.75	499	0	0	0	0	0
0	0	0	0	499	-1	500	500	100	-1	0	0	0	0	1	0	0	499	-1	100	37	9	7	8	11	-7	13	11.25	-7.5	13.75	499	0	0	0	0	1
0	0	0	0	499	-1	500	500	500	-1	0	0	0	0	1	0	0	499	-1	500	37	9	7	8	11	-7	13	11.25	-7.5	13.75	499	0	0	0	0	1
0	0	0	0	499	-1	500	501	-1	-1	0	0	0	0	1	0	0	499	-1	501	37	9	7	8	11	-7	13	11.25	-7.5	13.75	499	0	0	0	0	0
0	0	0	0	499	-1	500	501	0	-1	0	0	0	0	1	0	0	499	-1	501	37	9	7	8	11	-7	13	11.25	-7.5	13.75	499	0	0	0	0	0
0	0	0	0	499	-1	500	501	100	-1	0	0	0	0	1	0	0	499	-1	100	37	9	7	8	11	-7	13	11.25	-7.5	13.75	499	0	0	0	0	1
0	0	0	0	499	-1	500	501	500	-1	0	0	0	0	1	0	0	499	-1	500	37	9	7	8	11	-7	13	11.25	-7.5	13.75	499	0	0	0	0	1
0	0	0	0	499	0	500	-1	-1	-1	0	0	0	0	1	0	0	499	0	-1	37	9	7	8	11	-7	13	11.25	-7.5	13.75	499	0	0	0	0	0
0	0	0	0	499	0	500	-1	0	-1	0	0	0	0	1	0	0	499	0	-1	37	9	7	8	11	-7	13	11.25	-7.5	13.75	499	0	0	0	0	0
0	0	0	0	499	0	500	-1	100	-1	0	0	0	0	1	0	0	499	0	-1	37	9	7	8	11	-7	13	11.25	-7.5	13.75	499	0	0	0	0	0
0	0	0	0	499	0	500	-1	500	-1	0	0	0	0	1	0	0	499	0	-1	37	9	7	8	11	-7	13	11.25	-7.5	13.75	499	0	0	0	0	0
0	0	0	0	499	0	500	0	-1	-1	0	0	0	0	1	0	0	499	0	0	37	9	7	8	11	-7	13	11.25	-7.5	13.75	499	0	0	0	0	0
0	0	0	0	499	0	500	0	0	-1	0	0	0	0	1	0	0	499	0	0	37	9	7	8	11	-7	13	11.25	-7.5	13.75	499	0	0	0	0	0
0	0	0	0	499	0	500	0	100	-1	0	0	0	0	1	0	0	499	0	0	37	9	7	8	11	-7	13	11.25	-7.5	13.75	499	0	0	0	0	0
0	0	0	0	499	0	500	0	500	-1	0	0	0	0	1	0	0	499	0	0	37	9	7	8	11	-7	13	11.25	-7.5	13.75	499	0	0	0	0	0
0	0	0	0	499	0	500	99	-1	-1	0	0	0	0	1	0	0	499	0	99	37	9	7	8	11	-7	13	11.25	-7.5	13.75	499	0	0	0	0	0
0	0	0	0	499	0	500	99	0	-1	0	0	0	0	1	0	0	499	0	99	37	9	7	8	11	-7	13	11.25	-7.5	13.75	499	0	0	0	0	0
0	0	0	0	499	0	500	99	100	-1	0	0	0	0	1	0	0	499	0	99	37	9	7	8	11	-7	13	11.25	-7.5	13.75	499	0	0	0	0	0
0	0	0	0	499	0	500	99	500	-1	0	0	0	0	1	0	0	499	0	99	37	9	7	8	11	-7	13	11.25	-7.5	13.75	499	0	0	0	0	0
0	0	0	0	499	0	500	100	-1	-1	0	0	0	0	1	0	0	499	0	100	37	9	7	8	11	-7	13	11.25	-7.5	13.75	499	0	0	0	0	0
0	0	0	0	499	0	500	100	0	-1	0	0	0	0	1	0	0	499	0	100	37	9	7	8	11	-7	13	11.25	-7.5	13.75	499	0	0	0	0	0
0	0	0	0	499	0	500	100	100	-1	0	0	0	0	1	0	0	499	0	100	37	9	7	8	11	-7	13	11.25	-7.5	13.75	499	0	0	0	0	1
0	0	0	0	499	0	500	100	500	-1	0	0	0	0	1	0	0	499	0	100	37	9	7	8	11	-7	13	11.25	-7.5	13.75	499	0	0	0	0	0
0	0	0	0	499	0	500	101	-1	-1	0	0	0	0	1	0	0	499	0	101	37	9	7	8	11	-7	13	11.25	-7.5	13.75	499	0	0	0	0	0
0	0	0	0	499	0	500	101	0	-1	0	0	0	0	1	0	0	499	0	101	37	9	7	8	11	-7	13	11.25	-7.5	13.75	499	0	0	0	0	0
0	0	0	0	499	0	500	101	100	-1	0	0	0	0	1	0	0	499	0	100	37	9	7	8	11	-7	13	11.25	-7.5	13.75	499	0	0	0	0	1
0	0	0	0	499	0	500	101	500	-1	0	0	0	0	1	0	0	499	0	101	37	9	7	8	11	-7	13	11.25	-7.5	13.75	499	0	0	0	0	0
0	0	0	0	499	0	500	499	-1	-1	0	0	0	0	1	0	0	499	0	499	37	9	7	8	11	-7	13	11.25	-7.5	13.75	499	0	0	0	0	0
0	0	0	0	499	0	500	499	0	-1	0	0	0	0	1	0	0	499	0	499	37	9	7	8	11	-7	13	11.25	-7.5	13.75	499	0	0	0	0	0
0	0	0	0	499	0	500	499	100	-1	0	0	0	0	1	0	0	499	0	100	37	9	7	8	11	-7	13	11.25	-7.5	13.75	499	0	0	0	0	1
0	0	0	0	499	0	500	499	500	-1	0	0	0	0	1	0	0	499	0	499	37	9	7	8	11	-7	13	11.25	-7.5	13.75	499	0	0	0	0	0
0	0	0	0	499	0	500	500	-1	-1	0	0	0	0	1	0	0	499	0	500	37	9	7	8	11	-7	13	11.25	-7.5	13.75	499	0	0	0	0	0
0	0	0	0	499	0	500	500	0	-1	0	0	0	0	1	0	0	499	0	500	37	9	7	8	11	-7	13	11.25	-7.5	13.75	499	0	0	0	0	0
0	0	0	0	499	0	500	500	100	-1	0	0	0	0	1	0	0	499	0	100	37	9	7	8	11	-7	13	11.25	-7.5	13.75	499	0	0	0	0	1
0	0	0	0	499	0	500	500	500	-1	0	0	0	0	1	0	0	499	0	500	37	9	7	8	11	-7	13	11.25	-7.5	13.75	499	0	0	0	0	1
0	0	0	0	499	0	500	501	-1	-1	0	0	0	0	1	0	0	499	0	501	37	9	7	8	11	-7	13	11.25	-7.5	13.75	499	0	0	0	0	0
0	0	0	0	499	0	500	501	0	-1	0	0	0	0	1	0	0	499	0	501	37	9	7	8	11	-7	13	11.25	-7.5	13.75	499	0	0	0	0	0
0	0	0	0	499	0	500	501	100	-1	0	0	0	0	1	0	0	499	0	100	37	9	7	8	11	-7	13	11.25	-7.5	13.75	499	0	0	0	0	1
0	0	0	0	499	0	500	501	500	-1	0	0	0	0	1	0	0	499	0	500	37	9	7	8	11	-7	13	11.25	-7.5	13.75	499	0	0	0	0	1
0	0	0	0	499	499	500	-1	-1	-1	0	0	0	0	1	0	0	499	499	-1	37	9	7	8	11	-7	13	11.25	-7.5	13.75	499	499	0	0	0	0
0	0	0	0	499	499	500	-1	0	-1	0	0	0	0	1	0	0	499	499	-1	37	9	7	8	11	-7	13	11.25	-7.5	13.75	499	499	0	0	0	0
0	0	0	0	499	499	500	-1	100	-1	0	0	0	0	1	0	0	499	499	-1	37	9	7	8	11	-7	13	11.25	-7.5	13.75	499	499	0	0	0	0
0	0	0	0	499	499	500	-1	500	-1	0	0	0	0	1	0	0	499	499	-1	37	9	7	8	11	-7	13	11.25	-7.5	13.75	499	499	0	0	0	0
0	0	0	0	499	499	500	0	-1	-1	0	0	0	0	1	0	0	499	499	0	37	9	7	8	11	-7	13	11.25	-7.5	13.75	499	499	0	0	0	0
0	0	0	0	499	499	500	0	0	-1	0	0	0	0	1	0	0	499	499	0	37	9	7	8	11	-7	13	11.25	-7.5	13.75	499	499	0	0	0	0
0	0	0	0	499	499	500	0	100	-1	0	0	0	0	1	0	0	499	499	0	37	9	7	8	11	-7	13	11.25	-7.5	13.75	499	499	0	0	0	0
0	0	0	0	499	499	500	0	500	-1	0	0	0	0	1	0	0	499	499	0	37	9	7	8	11	-7	13	11.25	-7.5	13.75	499	499	0	0	0	0
0	0	0	0	499	499	500	99	-1	-1	0	0	0	0	1	0	0	499	499	99	37	9	7	8	11	-7	13	11.25	-7.5	13.75	499	499	0	0	0	0
0	0	0	0	499	499	500	99	0	-1	0	0	0	0	1	0	0	499	499	99	37	9	7	8	11	-7	13	11.25	-7.5	13.75	499	499	0	0	0	0
0	0	0	0	499	499	500	99	100	-1	0	0	0	0	1	0	0	499	499	99	37	9	7	8	11	-7	13	11.25	-7.5	13.75	499	499	0	0	0	0
0	0	0	0	499	499	500	99	500	-1	0	0	0	0	1	0	0	499	499	99	37	9	7	8	11	-7	13	11.25	-7.5	13.75	499	499	0	0	0	0
0	0	0	0	499	499	500	100	-1	-1	0	0	0	0	1	0	0	499	499	100	37	9	7	8	11	-7	13	11.25	-7.5	13.75	499	499	0	0	0	0
0	0	0	0	499	499	500	100	0	-1	0	0	0	0	1	0	0	499	499	100	37	9	7	8	11	-7	13	11.25	-7.5	13.75	499	499	0	0	0	0
0	0	0	0	499	499	500	100	100	-1	0	0	0	0	1	0	0	499	499	100	37	9	7	8	11	-7	13	11.25	-7.5	13.75	499	499	0	0	0	1
0	0	0	0	499	499	500	100	500	-1	0	0	0	0	1	0	0	499	499	100	37	9	7	8	11	-7	13	11.25	-7.5	13.75	499	499	0	0	0	0
0	0	0	0	499	499	500	101	-1	-1	0	0	0	0	1	0	0	499	499	101	37	9	7	8	11	-7	13	11.25	-7.5	13.75	499	499	0	0	0	0
0	0	0	0	499	499	500	101	0	-1	0	0	0	0	1	0	0	499	499	101	37	9	7	8	11	-7	13	11.25	-7.5	13.75	499	499	0	0	0	0
0	0	0	0	499	499	500	101	100	-1	0	0	0	0	1	0	0	499	499	100	37	9	7	8	11	-7	13	11.25	-7.5	13.75	499	499	0	0	0	1
0	0	0	0	499	499	500	101	500	-1	0	0	0	0	1	0	0	499	499	101	37	9	7	8	11	-7	13	11.25	-7.5	13.75	499	499	0	0	0	0
0	0	0	0	499	499	500	499	-1	-1	0	0	0	0	1	0	0	499	499	499	37	9	7	8	11	-7	13	11.25	-7.5	13.75	499	499	0	0	0	0
0	0	0	0	499	499	500	499	0	-1	0	0	0	0	1	0	0	499	499	499	37	9	7	8	11	-7	13	11.25	-7.5	13.75	499	499	0	0	0	0
0	0	0	0	499	499	500	499	100	-1	0	0	0	0	1	0	0	499	499	100	37	9	7	8	11	-7	13	11.25	-7.5	13.75	499	499	0	0	0	1
0	0	0	0	499	499	500	499	500	-1	0	0	0	0	1	0	0	499	499	499	37	9	7	8	11	-7	13	11.25	-7.5	13.75	499	499	0	0	0	0
0	0	0	0	499	499	500	500	-1	-1	0	0	0	0	1	0	0	499	499	500	37	9	7	8	11	-7	13	11.25	-7.5	13.75	499	499	0	0	0	0
0	0	0	0	499	499	500	500	0	-1	0	0	0	0	1	0	0	499	499	500	37	9	7	8	11	-7	13	11.25	-7.5	13.75	499	499	0	0	0	0
0	0	0	0	499	499	500	500	100	-1	0	0	0	0	1	0	0	499	499	100	37	9	7	8	11	-7	13	11.25	-7.5	13.75	499	499	0	0	0	1
0	0	0	0	499	499	500	500	500	-1	0	0	0	0	1	0	0	499	499	500	37	9	7	8	11	-7	13	11.25	-7.5	13.75	499	499	0	0	0	1
0	0	0	0	499	499	500	501	-1	-1	0	0	0	0	1	0	0	499	499	501	37	9	7	8	11	-7	13	11.25	-7.5	13.75	499	499	0	0	0	0
0	0	0	0	499	499	500	501	0	-1	0	0	0	0	1	0	0	499	499	501	37	9	7	8	11	-7	13	11.25	-7.5	13.75	499	499	0	0	0	0
0	0	0	0	499	499	500	501	100	-1	0	0	0	0	1	0	0	499	499	100	37	9	7	8	11	-7	13	11.25	-7.5	13.75	499	499	0	0	0	1
0	0	0	0	499	499	500	501	500	-1	0	0	0	0	1	0	0	499	499	500	37	9	7	8	11	-7	13	11.25	-7.5	13.75	499	499	0	0	0	1
0	0	0	0	499	500	500	-1	-1	-1	0	0	0	0	1	0	0	499	500	-1	37	9	7	8	11	-7	13	11.25	-7.5	13.75	499	500	0	0	0	0
0	0	0	0	499	500	500	-1	0	-1	0	0	0	0	1	0	0	499	500	-1	37	9	7	8	11	-7	13	11.25	-7.5	13.75	499	500	0	0	0	0
0	0	0	0	499	500	500	-1	100	-1	0	0	0	0	1	0	0	499	500	-1	37	9	7	8	11	-7	13	11.25	-7.5	13.75	499	500	0	0	0	0
0	0	0	0	499	500	500	-1	500	-1	0	0	0	0	1	0	0	499	500	-1	37	9	7	8	11	-7	13	11.25	-7.5	13.75	499	500	0	0	0	0
0	0	0	0	499	500	500	0	-1	-1	0	0	0	0	1	0	0	499	500	0	37	9	7	8	11	-7	13	11.25	-7.5	13.75	499	500	0	0	0	0
0	0	0	0	499	500	500	0	0	-1	0	0	0	0	1	0	0	499	500	0	37	9	7	8	11	-7	13	11.25	-7.5	13.75	499	500	0	0	0	0
0	0	0	0	499	500	500	0	100	-1	0	0	0	0	1	0	0	499	500	0	37	9	7	8	11	-7	13	11.25	-7.5	13.75	499	500	0	0	0	0
0	0	0	0	499	500	500	0	500	-1	0	0	0	0	1	0	0	499	500	0	37	9	7	8	11	-7	13	11.25	-7.5	13.75	499	500	0	0	0	0
0	0	0	0	499	500	500	99	-1	-1	0	0	0	0	1	0	0	499	500	99	37	9	7	8	11	-7	13	11.25	-7.5	13.75	499	500	0	0	0	0
0	0	0	0	499	500	500	99	0	-1	0	0	0	0	1	0	0	499	500	99	37	9	7	8	11	-7	13	11.25	-7.5	13.75	499	500	0	0	0	0
0	0	0	0	499	500	500	99	100	-1	0	0	0	0	1	0	0	499	500	99	37	9	7	8	11	-7	13	11.25	-7.5	13.75	499	500	0	0	0	0
0	0	0	0	499	500	500	99	500	-1	0	0	0	0	1	0	0	499	500	99	37	9	7	8	11	-7	13	11.25	-7.5	13.75	499	500	0	0	0	0
0	0	0	0	499	500	500	100	-1	-1	0	0	0	0	1	0	0	499	500	100	37	9	7	8	11	-7	13	11.25	-7.5	13.75	499	500	0	0	0	0
0	0	0	0	499	500	500	100	0	-1	0	0	0	0	1	0	0	499	500	100	37	9	7	8	11	-7	13	11.25	-7.5	13.75	499	500	0	0	0	0
0	0	0	0	499	500	500	100	100	-1	0	0	0	0	1	0	0	499	500	100	37	9	7	8	11	-7	13	11.25	-7.5	13.75	499	500	0	0	0	1
0	0	0	0	499	500	500	100	500	-1	0	0	0	0	1	0	0	499	500	100	37	9	7	8	11	-7	13	11.25	-7.5	13.75	499	500	0	0	0	0
0	0	0	0	499	500	500	101	-1	-1	0	0	0	0	1	0	0	499	500	101	37	9	7	8	11	-7	13	11.25	-7.5	13.75	499	500	0	0	0	0
0	0	0	0	499	500	500	101	0	-1	0	0	0	0	1	0	0	499	500	101	37	9	7	8	11	-7	13	11.25	-7.5	13.75	499	500	0	0	0	0
0	0	0	0	499	500	500	101	100	-1	0	0	0	0	1	0	0	499	500	100	37	9	7	8	11	-7	13	11.25	-7.5	13.75	499	500	0	0	0	1
0	0	0	0	499	500	500	101	500	-1	0	0	0	0	1	0	0	499	500	101	37	9	7	8	11	-7	13	11.25	-7.5	13.75	499	500	0	0	0	0
0	0	0	0	499	500	500	499	-1	-1	0	0	0	0	1	0	0	499	500	499	37	9	7	8	11	-7	13	11.25	-7.5	13.75	499	500	0	0	0	0
0	0	0	0	499	500	500	499	0	-1	0	0	0	0	1	0	0	499	500	499	37	9	7	8	11	-7	13	11.25	-7.5	13.75	499	500	0	0	0	0
0	0	0	0	499	500	500	499	100	-1	0	0	0	0	1	0	0	499	500	100	37	9	7	8	11	-7	13	11.25	-7.5	13.75	499	500	0	0	0	1
0	0	0	0	499	500	500	499	500	-1	0	0	0	0	1	0	0	499	500	499	37	9	7	8	11	-7	13	11.25	-7.5	13.75	499	500	0	0	0	0
0	0	0	0	499	500	500	500	-1	-1	0	0	0	0	1	0	0	499	500	500	37	9	7	8	11	-7	13	11.25	-7.5	13.75	499	500	0	0	0	0
0	0	0	0	499	500	500	500	0	-1	0	0	0	0	1	0	0	499	500	500	37	9	7	8	11	-7	13	11.25	-7.5	13.75	499	500	0	0	0	0
0	0	0	0	499	500	500	500	100	-1	0	0	0	0	1	0	0	499	500	100	37	9	7	8	11	-7	13	11.25	-7.5	13.75	499	500	0	0	0	1
0	0	0	0	499	500	500	500	500	-1	0	0	0	0	1	0	0	499	500	500	37	9	7	8	11	-7	13	11.25	-7.5	13.75	499	500	0	0	0	1
0	0	0	0	499	500	500	501	-1	-1	0	0	0	0	1	0	0	499	500	501	37	9	7	8	11	-7	13	11.25	-7.5	13.75	499	500	0	0	0	0
0	0	0	0	499	500	500	501	0	-1	0	0	0	0	1	0	0	499	500	501	37	9	7	8	11	-7	13	11.25	-7.5	13.75	499	500	0	0	0	0
0	0	0	0	499	500	500	501	100	-1	0	0	0	0	1	0	0	499	500	100	37	9	7	8	11	-7	13	11.25	-7.5	13.75	499	500	0	0	0	1
0	0	0	0	499	500	500	501	500	-1	0	0	0	0	1	0	0	499	500	500	37	9	7	8	11	-7	13	11.25	-7.5	13.75	499	500	0	0	0	1
0	0	0	0	499	501	500	-1	-1	-1	0	0	0	0	1	0	0	499	500	-1	37	9	7	8	11	-7	13	11.25	-7.5	13.75	499	501	0	0	1	0
0	0	0	0	499	501	500	-1	0	-1	0	0	0	0	1	0	0	499	500	-1	37	9	7	8	11	-7	13	11.25	-7.5	13.75	499	501	0	0	1	0
0	0	0	0	499	501	500	-1	100	-1	0	0	0	0	1	0	0	499	500	-1	37	9	7	8	11	-7	13	11.25	-7.5	13.75	499	501	0	0	1	0
0	0	0	0	499	501	500	-1	500	-1	0	0	0	0	1	0	0	499	500	-1	37	9	7	8	11	-7	13	11.25	-7.5	13.75	499	501	0	0	1	0
0	0	0	0	499	501	500	0	-1	-1	0	0	0	0	1	0	0	499	500	0	37	9	7	8	11	-7	13	11.25	-7.5	13.75	499	501	0	0	1	0
0	0	0	0	499	501	500	0	0	-1	0	0	0	0	1	0	0	499	500	0	37	9	7	8	11	-7	13	11.25	-7.5	13.75	499	501	0	0	1	0
0	0	0	0	499	501	500	0	100	-1	0	0	0	0	1	0	0	499	500	0	37	9	7	8	11	-7	13	11.25	-7.5	13.75	499	501	0	0	1	0
0	0	0	0	499	501	500	0	500	-1	0	0	0	0	1	0	0	499	500	0	37	9	7	8	11	-7	13	11.25	-7.5	13.75	499	501	0	0	1	0
0	0	0	0	499	501	500	99	-1	-1	0	0	0	0	1	0	0	499	500	99	37	9	7	8	11	-7	13	11.25	-7.5	13.75	499	501	0	0	1	0
0	0	0	0	499	501	500	99	0	-1	0	0	0	0	1	0	0	499	500	99	37	9	7	8	11	-7	13	11.25	-7.5	13.75	499	501	0	0	1	0
0	0	0	0	499	501	500	99	100	-1	0	0	0	0	1	0	0	499	500	99	37	9	7	8	11	-7	13	11.25	-7.5	13.75	499	501	0	0	1	0
0	0	0	0	499	501	500	99	500	-1	0	0	0	0	1	0	0	499	500	99	37	9	7	8	11	-7	13	11.25	-7.5	13.75	499	501	0	0	1	0
0	0	0	0	499	501	500	100	-1	-1	0	0	0	0	1	0	0	499	500	100	37	9	7	8	11	-7	13	11.25	-7.5	13.75	499	501	0	0	1	0
0	0	0	0	499	501	500	100	0	-1	0	0	0	0	1	0	0	499	500	100	37	9	7	8	11	-7	13	11.25	-7.5	13.75	499	501	0	0	1	0
0	0	0	0	499	501	500	100	100	-1	0	0	0	0	1	0	0	499	500	100	37	9	7	8	11	-7	13	11.25	-7.5	13.75	499	501	0	0	1	1
0	0	0	0	499	501	500	100	500	-1	0	0	0	0	1	0	0	499	500	100	37	9	7	8	11	-7	13	11.25	-7.5	13.75	499	501	0	0	1	0
0	0	0	0	499	501	500	101	-1	-1	0	0	0	0	1	0	0	499	500	101	37	9	7	8	11	-7	13	11.25	-7.5	13.75	499	501	0	0	1	0
0	0	0	0	499	501	500	101	0	-1	0	0	0	0	1	0	0	499	500	101	37	9	7	8	11	-7	13	11.25	-7.5	13.75	499	501	0	0	1	0
0	0	0	0	499	501	500	101	100	-1	0	0	0	0	1	0	0	499	500	100	37	9	7	8	11	-7	13	11.25	-7.5	13.75	499	501	0	0	1	1
0	0	0	0	499	501	500	101	500	-1	0	0	0	0	1	0	0	499	500	101	37	9	7	8	11	-7	13	11.25	-7.5	13.75	499	501	0	0	1	0
0	0	0	0	499	501	500	499	-1	-1	0	0	0	0	1	0	0	499	500	499	37	9	7	8	11	-7	13	11.25	-7.5	13.75	499	501	0	0	1	0
0	0	0	0	499	501	500	499	0	-1	0	0	0	0	1	0	0	499	500	499	37	9	7	8	11	-7	13	11.25	-7.5	13.75	499	501	0	0	1	0
0	0	0	0	499	501	500	499	100	-1	0	0	0	0	1	0	0	499	500	100	37	9	7	8	11	-7	13	11.25	-7.5	13.75	499	501	0	0	1	1
0	0	0	0	499	501	500	499	500	-1	0	0	0	0	1	0	0	499	500	499	37	9	7	8	11	-7	13	11.25	-7.5	13.75	499	501	0	0	1	0
0	0	0	0	499	501	500	500	-1	-1	0	0	0	0	1	0	0	499	500	500	37	9	7	8	11	-7	13	11.25	-7.5	13.75	499	501	0	0	1	0
0	0	0	0	499	501	500	500	0	-1	0	0	0	0	1	0	0	499	500	500	37	9	7	8	11	-7	13	11.25	-7.5	13.75	499	501	0	0	1	0
0	0	0	0	499	501	500	500	100	-1	0	0	0	0	1	0	0	499	500	100	37	9	7	8	11	-7	13	11.25	-7.5	13.75	499	501	0	0	1	1
0	0	0	0	499	501	500	500	500	-1	0	0	0	0	1	0	0	499	500	500	37	9	7	8	11	-7	13	11.25	-7.5	13.75	499	501	0	0	1	1
0	0	0	0	499	501	500	501	-1	-1	0	0	0	0	1	0	0	499	500	501	37	9	7	8	11	-7	13	11.25	-7.5	13.75	499	501	0	0	1	0
0	0	0	0	499	501	500	501	0	-1	0	0	0	0	1	0	0	499	500	501	37	9	7	8	11	-7	13	11.25	-7.5	13.75	499	501	0	0	1	0
0	0	0	0	499	501	500	501	100	-1	0	0	0	0	1	0	0	499	500	100	37	9	7	8	11	-7	13	11.25	-7.5	13.75	499	501	0	0	1	1
0	0	0	0	499	501	500	501	500	-1	0	0	0	0	1	0	0	499	500	500	37	9	7	8	11	-7	13	11.25	-7.5	13.75	499	501	0	0	1	1
0	0	0	0	500	-1	500	-1	-1	-1	0	0	0	0	1	0	0	500	-1	-1	37	9	7	8	11	-7	13	11.25	-7.5	13.75	500	0	0	0	0	0
0	0	0	0	500	-1	500	-1	0	-1	0	0	0	0	1	0	0	500	-1	-1	37	9	7	8	11	-7	13	11.25	-7.5	13.75	500	0	0	0	0	0
0	0	0	0	500	-1	500	-1	100	-1	0	0	0	0	1	0	0	500	-1	-1	37	9	7	8	11	-7	13	11.25	-7.5	13.75	500	0	0	0	0	0
0	0	0	0	500	-1	500	-1	500	-1	0	0	0	0	1	0	0	500	-1	-1	37	9	7	8	11	-7	13	11.25	-7.5	13.75	500	0	0	0	0	0
0	0	0	0	500	-1	500	0	-1	-1	0	0	0	0	1	0	0	500	-1	0	37	9	7	8	11	-7	13	11.25	-7.5	13.75	500	0	0	0	0	0
0	0	0	0	500	-1	500	0	0	-1	0	0	0	0	1	0	0	500	-1	0	37	9	7	8	11	-7	13	11.25	-7.5	13.75	500	0	0	0	0	0
0	0	0	0	500	-1	500	0	100	-1	0	0	0	0	1	0	0	500	-1	0	37	9	7	8	11	-7	13	11.25	-7.5	13.75	500	0	0	0	0	0
0	0	0	0	500	-1	500	0	500	-1	0	0	0	0	1	0	0	500	-1	0	37	9	7	8	11	-7	13	11.25	-7.5	13.75	500	0	0	0	0	0
0	0	0	0	500	-1	500	99	-1	-1	0	0	0	0	1	0	0	500	-1	99	37	9	7	8	11	-7	13	11.25	-7.5	13.75	500	0	0	0	0	0
0	0	0	0	500	-1	500	99	0	-1	0	0	0	0	1	0	0	500	-1	99	37	9	7	8	11	-7	13	11.25	-7.5	13.75	500	0	0	0	0	0
0	0	0	0	500	-1	500	99	100	-1	0	0	0	0	1	0	0	500	-1	99	37	9	7	8	11	-7	13	11.25	-7.5	13.75	500	0	0	0	0	0
0	0	0	0	500	-1	500	99	500	-1	0	0	0	0	1	0	0	500	-1	99	37	9	7	8	11	-7	13	11.25	-7.5	13.75	500	0	0	0	0	0
0	0	0	0	500	-1	500	100	-1	-1	0	0	0	0	1	0	0	500	-1	100	37	9	7	8	11	-7	13	11.25	-7.5	13.75	500	0	0	0	0	0
0	0	0	0	500	-1	500	100	0	-1	0	0	0	0	1	0	0	500	-1	100	37	9	7	8	11	-7	13	11.25	-7.5	13.75	500	0	0	0	0	0
0	0	0	0	500	-1	500	100	100	-1	0	0	0	0	1	0	0	500	-1	100	37	9	7	8	11	-7	13	11.25	-7.5	13.75	500	0	0	0	0	1
0	0	0	0	500	-1	500	100	500	-1	0	0	0	0	1	0	0	500	-1	100	37	9	7	8	11	-7	13	11.25	-7.5	13.75	500	0	0	0	0	0
0	0	0	0	500	-1	500	101	-1	-1	0	0	0	0	1	0	0	500	-1	101	37	9	7	8	11	-7	13	11.25	-7.5	13.75	500	0	0	0	0	0
0	0	0	0	500	-1	500	101	0	-1	0	0	0	0	1	0	0	500	-1	101	37	9	7	8	11	-7	13	11.25	-7.5	13.75	500	0	0	0	0	0
0	0	0	0	500	-1	500	101	100	-1	0	0	0	0	1	0	0	500	-1	100	37	9	7	8	11	-7	13	11.25	-7.5	13.75	500	0	0	0	0	1
0	0	0	0	500	-1	500	101	500	-1	0	0	0	0	1	0	0	500	-1	101	37	9	7	8	11	-7	13	11.25	-7.5	13.75	500	0	0	0	0	0
0	0	0	0	500	-1	500	499	-1	-1	0	0	0	0	1	0	0	500	-1	499	37	9	7	8	11	-7	13	11.25	-7.5	13.75	500	0	0	0	0	0
0	0	0	0	500	-1	500	499	0	-1	0	0	0	0	1	0	0	500	-1	499	37	9	7	8	11	-7	13	11.25	-7.5	13.75	500	0	0	0	0	0
0	0	0	0	500	-1	500	499	100	-1	0	0	0	0	1	0	0	500	-1	100	37	9	7	8	11	-7	13	11.25	-7.5	13.75	500	0	0	0	0	1
0	0	0	0	500	-1	500	499	500	-1	0	0	0	0	1	0	0	500	-1	499	37	9	7	8	11	-7	13	11.25	-7.5	13.75	500	0	0	0	0	0
0	0	0	0	500	-1	500	500	-1	-1	0	0	0	0	1	0	0	500	-1	500	37	9	7	8	11	-7	13	11.25	-7.5	13.75	500	0	0	0	0	0
0	0	0	0	500	-1	500	500	0	-1	0	0	0	0	1	0	0	500	-1	500	37	9	7	8	11	-7	13	11.25	-7.5	13.75	500	0	0	0	0	0
0	0	0	0	500	-1	500	500	100	-1	0	0	0	0	1	0	0	500	-1	100	37	9	7	8	11	-7	13	11.25	-7.5	13.75	500	0	0	0	0	1
0	0	0	0	500	-1	500	500	500	-1	0	0	0	0	1	0	0	500	-1	500	37	9	7	8	11	-7	13	11.25	-7.5	13.75	500	0	0	0	0	1
0	0	0	0	500	-1	500	501	-1	-1	0	0	0	0	1	0	0	500	-1	501	37	9	7	8	11	-7	13	11.25	-7.5	13.75	500	0	0	0	0	0
0	0	0	0	500	-1	500	501	0	-1	0	0	0	0	1	0	0	500	-1	501	37	9	7	8	11	-7	13	11.25	-7.5	13.75	500	0	0	0	0	0
0	0	0	0	500	-1	500	501	100	-1	0	0	0	0	1	0	0	500	-1	100	37	9	7	8	11	-7	13	11.25	-7.5	13.75	500	0	0	0	0	1
0	0	0	0	500	-1	500	501	500	-1	0	0	0	0	1	0	0	500	-1	500	37	9	7	8	11	-7	13	11.25	-7.5	13.75	500	0	0	0	0	1
0	0	0	0	500	0	500	-1	-1	-1	0	0	0	0	1	0	0	500	0	-1	37	9	7	8	11	-7	13	11.25	-7.5	13.75	500	0	0	0	0	0
0	0	0	0	500	0	500	-1	0	-1	0	0	0	0	1	0	0	500	0	-1	37	9	7	8	11	-7	13	11.25	-7.5	13.75	500	0	0	0	0	0
0	0	0	0	500	0	500	-1	100	-1	0	0	0	0	1	0	0	500	0	-1	37	9	7	8	11	-7	13	11.25	-7.5	13.75	500	0	0	0	0	0
0	0	0	0	500	0	500	-1	500	-1	0	0	0	0	1	0	0	500	0	-1	37	9	7	8	11	-7	13	11.25	-7.5	13.75	500	0	0	0	0	0
0	0	0	0	500	0	500	0	-1	-1	0	0	0	0	1	0	0	500	0	0	37	9	7	8	11	-7	13	11.25	-7.5	13.75	500	0	0	0	0	0
0	0	0	0	500	0	500	0	0	-1	0	0	0	0	1	0	0	500	0	0	37	9	7	8	11	-7	13	11.25	-7.5	13.75	500	0	0	0	0	0
0	0	0	0	500	0	500	0	100	-1	0	0	0	0	1	0	0	500	0	0	37	9	7	8	11	-7	13	11.25	-7.5	13.75	500	0	0	0	0	0
0	0	0	0	500	0	500	0	500	-1	0	0	0	0	1	0	0	500	0	0	37	9	7	8	11	-7	13	11.25	-7.5	13.75	500	0	0	0	0	0
0	0	0	0	500	0	500	99	-1	-1	0	0	0	0	1	0	0	500	0	99	37	9	7	8	11	-7	13	11.25	-7.5	13.75	500	0	0	0	0	0
0	0	0	0	500	0	500	99	0	-1	0	0	0	0	1	0	0	500	0	99	37	9	7	8	11	-7	13	11.25	-7.5	13.75	500	0	0	0	0	0
0	0	0	0	500	0	500	99	100	-1	0	0	0	0	1	0	0	500	0	99	37	9	7	8	11	-7	13	11.25	-7.5	13.75	500	0	0	0	0	0
0	0	0	0	500	0	500	99	500	-1	0	0	0	0	1	0	0	500	0	99	37	9	7	8	11	-7	13	11.25	-7.5	13.75	500	0	0	0	0	0
0	0	0	0	500	0	500	100	-1	-1	0	0	0	0	1	0	0	500	0	100	37	9	7	8	11	-7	13	11.25	-7.5	13.75	500	0	0	0	0	0
0	0	0	0	500	0	500	100	0	-1	0	0	0	0	1	0	0	500	0	100	37	9	7	8	11	-7	13	11.25	-7.5	13.75	500	0	0	0	0	0
0	0	0	0	500	0	500	100	100	-1	0	0	0	0	1	0	0	500	0	100	37	9	7	8	11	-7	13	11.25	-7.5	13.75	500	0	0	0	0	1
0	0	0	0	500	0	500	100	500	-1	0	0	0	0	1	0	0	500	0	100	37	9	7	8	11	-7	13	11.25	-7.5	13.75	500	0	0	0	0	0
0	0	0	0	500	0	500	101	-1	-1	0	0	0	0	1	0	0	500	0	101	37	9	7	8	11	-7	13	11.25	-7.5	13.75	500	0	0	0	0	0
0	0	0	0	500	0	500	101	0	-1	0	0	0	0	1	0	0	500	0	101	37	9	7	8	11	-7	13	11.25	-7.5	13.75	500	0	0	0	0	0
0	0	0	0	500	0	500	101	100	-1	0	0	0	0	1	0	0	500	0	100	37	9	7	8	11	-7	13	11.25	-7.5	13.75	500	0	0	0	0	1
0	0	0	0	500	0	500	101	500	-1	0	0	0	0	1	0	0	500	0	101	37	9	7	8	11	-7	13	11.25	-7.5	13.75	500	0	0	0	0	0
0	0	0	0	500	0	500	499	-1	-1	0	0	0	0	1	0	0	500	0	499	37	9	7	8	11	-7	13	11.25	-7.5	13.75	500	0	0	0	0	0
0	0	0	0	500	0	500	499	0	-1	0	0	0	0	1	0	0	500	0	499	37	9	7	8	11	-7	13	11.25	-7.5	13.75	500	0	0	0	0	0
0	0	0	0	500	0	500	499	100	-1	0	0	0	0	1	0	0	500	0	100	37	9	7	8	11	-7	13	11.25	-7.5	13.75	500	0	0	0	0	1
0	0	0	0	500	0	500	499	500	-1	0	0	0	0	1	0	0	500	0	499	37	9	7	8	11	-7	13	11.25	-7.5	13.75	500	0	0	0	0	0
0	0	0	0	500	0	500	500	-1	-1	0	0	0	0	1	0	0	500	0	500	37	9	7	8	11	-7	13	11.25	-7.5	13.75	500	0	0	0	0	0
0	0	0	0	500	0	500	500	0	-1	0	0	0	0	1	0	0	500	0	500	37	9	7	8	11	-7	13	11.25	-7.5	13.75	500	0	0	0	0	0
0	0	0	0	500	0	500	500	100	-1	0	0	0	0	1	0	0	500	0	100	37	9	7	8	11	-7	13	11.25	-7.5	13.75	500	0	0	0	0	1
0	0	0	0	500	0	500	500	500	-1	0	0	0	0	1	0	0	500	0	500	37	9	7	8	11	-7	13	11.25	-7.5	13.75	500	0	0	0	0	1
0	0	0	0	500	0	500	501	-1	-1	0	0	0	0	1	0	0	500	0	501	37	9	7	8	11	-7	13	11.25	-7.5	13.75	500	0	0	0	0	0
0	0	0	0	500	0	500	501	0	-1	0	0	0	0	1	0	0	500	0	501	37	9	7	8	11	-7	13	11.25	-7.5	13.75	500	0	0	0	0	0
0	0	0	0	500	0	500	501	100	-1	0	0	0	0	1	0	0	500	0	100	37	9	7	8	11	-7	13	11.25	-7.5	13.75	500	0	0	0	0	1
0	0	0	0	500	0	500	501	500	-1	0	0	0	0	1	0	0	500	0	500	37	9	7	8	11	-7	13	11.25	-7.5	13.75	500	0	0	0	0	1
0	0	0	0	500	499	500	-1	-1	-1	0	0	0	0	1	0	0	500	499	-1	37	9	7	8	11	-7	13	11.25	-7.5	13.75	500	499	0	0	0	0
0	0	0	0	500	499	500	-1	0	-1	0	0	0	0	1	0	0	500	499	-1	37	9	7	8	11	-7	13	11.25	-7.5	13.75	500	499	0	0	0	0
0	0	0	0	500	499	500	-1	100	-1	0	0	0	0	1	0	0	500	499	-1	37	9	7	8	11	-7	13	11.25	-7.5	13.75	500	499	0	0	0	0
0	0	0	0	500	499	500	-1	500	-1	0	0	0	0	1	0	0	500	499	-1	37	9	7	8	11	-7	13	11.25	-7.5	13.75	500	499	0	0	0	0
0	0	0	0	500	499	500	0	-1	-1	0	0	0	0	1	0	0	500	499	0	37	9	7	8	11	-7	13	11.25	-7.5	13.75	500	499	0	0	0	0
0	0	0	0	500	499	500	0	0	-1	0	0	0	0	1	0	0	500	499	0	37	9	7	8	11	-7	13	11.25	-7.5	13.75	500	499	0	0	0	0
0	0	0	0	500	499	500	0	100	-1	0	0	0	0	1	0	0	500	499	0	37	9	7	8	11	-7	13	11.25	-7.5	13.75	500	499	0	0	0	0
0	0	0	0	500	499	500	0	500	-1	0	0	0	0	1	0	0	500	499	0	37	9	7	8	11	-7	13	11.25	-7.5	13.75	500	499	0	0	0	0
0	0	0	0	500	499	500	99	-1	-1	0	0	0	0	1	0	0	500	499	99	37	9	7	8	11	-7	13	11.25	-7.5	13.75	500	499	0	0	0	0
0	0	0	0	500	499	500	99	0	-1	0	0	0	0	1	0	0	500	499	99	37	9	7	8	11	-7	13	11.25	-7.5	13.75	500	499	0	0	0	0
0	0	0	0	500	499	500	99	100	-1	0	0	0	0	1	0	0	500	499	99	37	9	7	8	11	-7	13	11.25	-7.5	13.75	500	499	0	0	0	0
0	0	0	0	500	499	500	99	500	-1	0	0	0	0	1	0	0	500	499	99	37	9	7	8	11	-7	13	11.25	-7.5	13.75	500	499	0	0	0	0
0	0	0	0	500	499	500	100	-1	-1	0	0	0	0	1	0	0	500	499	100	37	9	7	8	11	-7	13	11.25	-7.5	13.75	500	499	0	0	0	0
0	0	0	0	500	499	500	100	0	-1	0	0	0	0	1	0	0	500	499	100	37	9	7	8	11	-7	13	11.25	-7.5	13.75	500	499	0	0	0	0
0	0	0	0	500	499	500	100	100	-1	0	0	0	0	1	0	0	500	499	100	37	9	7	8	11	-7	13	11.25	-7.5	13.75	500	499	0	0	0	1
0	0	0	0	500	499	500	100	500	-1	0	0	0	0	1	0	0	500	499	100	37	9	7	8	11	-7	13	11.25	-7.5	13.75	500	499	0	0	0	0
0	0	0	0	500	499	500	101	-1	-1	0	0	0	0	1	0	0	500	499	101	37	9	7	8	11	-7	13	11.25	-7.5	13.75	500	499	0	0	0	0
0	0	0	0	500	499	500	101	0	-1	0	0	0	0	1	0	0	500	499	101	37	9	7	8	11	-7	13	11.25	-7.5	13.75	500	499	0	0	0	0
0	0	0	0	500	499	500	101	100	-1	0	0	0	0	1	0	0	500	499	100	37	9	7	8	11	-7	13	11.25	-7.5	13.75	500	499	0	0	0	1
0	0	0	0	500	499	500	101	500	-1	0	0	0	0	1	0	0	500	499	101	37	9	7	8	11	-7	13	11.25	-7.5	13.75	500	499	0	0	0	0
0	0	0	0	500	499	500	499	-1	-1	0	0	0	0	1	0	0	500	499	499	37	9	7	8	11	-7	13	11.25	-7.5	13.75	500	499	0	0	0	0
0	0	0	0	500	499	500	499	0	-1	0	0	0	0	1	0	0	500	499	499	37	9	7	8	11	-7	13	11.25	-7.5	13.75	500	499	0	0	0	0
0	0	0	0	500	499	500	499	100	-1	0	0	0	0	1	0	0	500	499	100	37	9	7	8	11	-7	13	11.25	-7.5	13.75	500	499	0	0	0	1
0	0	0	0	500	499	500	499	500	-1	0	0	0	0	1	0	0	500	499	499	37	9	7	8	11	-7	13	11.25	-7.5	13.75	500	499	0	0	0	0
0	0	0	0	500	499	500	500	-1	-1	0	0	0	0	1	0	0	500	499	500	37	9	7	8	11	-7	13	11.25	-7.5	13.75	500	499	0	0	0	0
0	0	0	0	500	499	500	500	0	-1	0	0	0	0	1	0	0	500	499	500	37	9	7	8	11	-7	13	11.25	-7.5	13.75	500	499	0	0	0	0
0	0	0	0	500	499	500	500	100	-1	0	0	0	0	1	0	0	500	499	100	37	9	7	8	11	-7	13	11.25	-7.5	13.75	500	499	0	0	0	1
0	0	0	0	500	499	500	500	500	-1	0	0	0	0	1	0	0	500	499	500	37	9	7	8	11	-7	13	11.25	-7.5	13.75	500	499	0	0	0	1
0	0	0	0	500	499	500	501	-1	-1	0	0	0	0	1	0	0	500	499	501	37	9	7	8	11	-7	13	11.25	-7.5	13.75	500	499	0	0	0	0
0	0	0	0	500	499	500	501	0	-1	0	0	0	0	1	0	0	500	499	501	37	9	7	8	11	-7	13	11.25	-7.5	13.75	500	499	0	0	0	0
0	0	0	0	500	499	500	501	100	-1	0	0	0	0	1	0	0	500	499	100	37	9	7	8	11	-7	13	11.25	-7.5	13.75	500	499	0	0	0	1
0	0	0	0	500	499	500	501	500	-1	0	0	0	0	1	0	0	500	499	500	37	9	7	8	11	-7	13	11.25	-7.5	13.75	500	499	0	0	0	1
0	0	0	0	500	500	500	-1	-1	-1	0	0	0	0	1	0	0	500	500	-1	37	9	7	8	11	-7	13	11.25	-7.5	13.75	500	500	0	0	0	0
0	0	0	0	500	500	500	-1	0	-1	0	0	0	0	1	0	0	500	500	-1	37	9	7	8	11	-7	13	11.25	-7.5	13.75	500	500	0	0	0	0
0	0	0	0	500	500	500	-1	100	-1	0	0	0	0	1	0	0	500	500	-1	37	9	7	8	11	-7	13	11.25	-7.5	13.75	500	500	0	0	0	0
0	0	0	0	500	500	500	-1	500	-1	0	0	0	0	1	0	0	500	500	-1	37	9	7	8	11	-7	13	11.25	-7.5	13.75	500	500	0	0	0	0
0	0	0	0	500	500	500	0	-1	-1	0	0	0	0	1	0	0	500	500	0	37	9	7	8	11	-7	13	11.25	-7.5	13.75	500	500	0	0	0	0
0	0	0	0	500	500	500	0	0	-1	0	0	0	0	1	0	0	500	500	0	37	9	7	8	11	-7	13	11.25	-7.5	13.75	500	500	0	0	0	0
0	0	0	0	500	500	500	0	100	-1	0	0	0	0	1	0	0	500	500	0	37	9	7	8	11	-7	13	11.25	-7.5	13.75	500	500	0	0	0	0
0	0	0	0	500	500	500	0	500	-1	0	0	0	0	1	0	0	500	500	0	37	9	7	8	11	-7	13	11.25	-7.5	13.75	500	500	0	0	0	0
0	0	0	0	500	500	500	99	-1	-1	0	0	0	0	1	0	0	500	500	99	37	9	7	8	11	-7	13	11.25	-7.5	13.75	500	500	0	0	0	0
0	0	0	0	500	500	500	99	0	-1	0	0	0	0	1	0	0	500	500	99	37	9	7	8	11	-7	13	11.25	-7.5	13.75	500	500	0	0	0	0
0	0	0	0	500	500	500	99	100	-1	0	0	0	0	1	0	0	500	500	99	37	9	7	8	11	-7	13	11.25	-7.5	13.75	500	500	0	0	0	0
0	0	0	0	500	500	500	99	500	-1	0	0	0	0	1	0	0	500	500	99	37	9	7	8	11	-7	13	11.25	-7.5	13.75	500	500	0	0	0	0
0	0	0	0	500	500	500	100	-1	-1	0	0	0	0	1	0	0	500	500	100	37	9	7	8	11	-7	13	11.25	-7.5	13.75	500	500	0	0	0	0
0	0	0	0	500	500	500	100	0	-1	0	0	0	0	1	0	0	500	500	100	37	9	7	8	11	-7	13	11.25	-7.5	13.75	500	500	0	0	0	0
0	0	0	0	500	500	500	100	100	-1	0	0	0	0	1	0	0	500	500	100	37	9	7	8	11	-7	13	11.25	-7.5	13.75	500	500	0	0	0	1
0	0	0	0	500	500	500	100	500	-1	0	0	0	0	1	0	0	500	500	100	37	9	7	8	11	-7	13	11.25	-7.5	13.75	500	500	0	0	0	0
0	0	0	0	500	500	500	101	-1	-1	0	0	0	0	1	0	0	500	500	101	37	9	7	8	11	-7	13	11.25	-7.5	13.75	500	500	0	0	0	0
0	0	0	0	500	500	500	101	0	-1	0	0	0	0	1	0	0	500	500	101	37	9	7	8	11	-7	13	11.25	-7.5	13.75	500	500	0	0	0	0
0	0	0	0	500	500	500	101	100	-1	0	0	0	0	1	0	0	500	500	100	37	9	7	8	11	-7	13	11.25	-7.5	13.75	500	500	0	0	0	1
0	0	0	0	500	500	500	101	500	-1	0	0	0	0	1	0	0	500	500	101	37	9	7	8	11	-7	13	11.25	-7.5	13.75	500	500	0	0	0	0
0	0	0	0	500	500	500	499	-1	-1	0	0	0	0	1	0	0	500	500	499	37	9	7	8	11	-7	13	11.25	-7.5	13.75	500	500	0	0	0	0
0	0	0	0	500	500	500	499	0	-1	0	0	0	0	1	0	0	500	500	499	37	9	7	8	11	-7	13	11.25	-7.5	13.75	500	500	0	0	0	0
0	0	0	0	500	500	500	499	100	-1	0	0	0	0	1	0	0	500	500	100	37	9	7	8	11	-7	13	11.25	-7.5	13.75	500	500	0	0	0	1
0	0	0	0	500	500	500	499	500	-1	0	0	0	0	1	0	0	500	500	499	37	9	7	8	11	-7	13	11.25	-7.5	13.75	500	500	0	0	0	0
0	0	0	0	500	500	500	500	-1	-1	0	0	0	0	1	0	0	500	500	500	37	9	7	8	11	-7	13	11.25	-7.5	13.75	500	500	0	0	0	0
0	0	0	0	500	500	500	500	0	-1	0	0	0	0	1	0	0	500	500	500	37	9	7	8	11	-7	13	11.25	-7.5	13.75	500	500	0	0	0	0
0	0	0	0	500	500	500	500	100	-1	0	0	0	0	1	0	0	500	500	100	37	9	7	8	11	-7	13	11.25	-7.5	13.75	500	500	0	0	0	1
0	0	0	0	500	500	500	500	500	-1	0	0	0	0	1	0	0	500	500	500	37	9	7	8	11	-7	13	11.25	-7.5	13.75	500	500	0	0	0	1
0	0	0	0	500	500	500	501	-1	-1	0	0	0	0	1	0	0	500	500	501	37	9	7	8	11	-7	13	11.25	-7.5	13.75	500	500	0	0	0	0
0	0	0	0	500	500	500	501	0	-1	0	0	0	0	1	0	0	500	500	501	37	9	7	8	11	-7	13	11.25	-7.5	13.75	500	500	0	0	0	0
0	0	0	0	500	500	500	501	100	-1	0	0	0	0	1	0	0	500	500	100	37	9	7	8	11	-7	13	11.25	-7.5	13.75	500	500	0	0	0	1
0	0	0	0	500	500	500	501	500	-1	0	0	0	0	1	0	0	500	500	500	37	9	7	8	11	-7	13	11.25	-7.5	13.75	500	500	0	0	0	1
0	0	0	0	500	501	500	-1	-1	-1	0	0	0	0	1	0	0	500	500	-1	37	9	7	8	11	-7	13	11.25	-7.5	13.75	500	501	0	0	1	0
0	0	0	0	500	501	500	-1	0	-1	0	0	0	0	1	0	0	500	500	-1	37	9	7	8	11	-7	13	11.25	-7.5	13.75	500	501	0	0	1	0
0	0	0	0	500	501	500	-1	100	-1	0	0	0	0	1	0	0	500	500	-1	37	9	7	8	11	-7	13	11.25	-7.5	13.75	500	501	0	0	1	0
0	0	0	0	500	501	500	-1	500	-1	0	0	0	0	1	0	0	500	500	-1	37	9	7	8	11	-7	13	11.25	-7.5	13.75	500	501	0	0	1	0
0	0	0	0	500	501	500	0	-1	-1	0	0	0	0	1	0	0	500	500	0	37	9	7	8	11	-7	13	11.25	-7.5	13.75	500	501	0	0	1	0
0	0	0	0	500	501	500	0	0	-1	0	0	0	0	1	0	0	500	500	0	37	9	7	8	11	-7	13	11.25	-7.5	13.75	500	501	0	0	1	0
0	0	0	0	500	501	500	0	100	-1	0	0	0	0	1	0	0	500	500	0	37	9	7	8	11	-7	13	11.25	-7.5	13.75	500	501	0	0	1	0
0	0	0	0	500	501	500	0	500	-1	0	0	0	0	1	0	0	500	500	0	37	9	7	8	11	-7	13	11.25	-7.5	13.75	500	501	0	0	1	0
0	0	0	0	500	501	500	99	-1	-1	0	0	0	0	1	0	0	500	500	99	37	9	7	8	11	-7	13	11.25	-7.5	13.75	500	501	0	0	1	0
0	0	0	0	500	501	500	99	0	-1	0	0	0	0	1	0	0	500	500	99	37	9	7	8	11	-7	13	11.25	-7.5	13.75	500	501	0	0	1	0
0	0	0	0	500	501	500	99	100	-1	0	0	0	0	1	0	0	500	500	99	37	9	7	8	11	-7	13	11.25	-7.5	13.75	500	501	0	0	1	0
0	0	0	0	500	501	500	99	500	-1	0	0	0	0	1	0	0	500	500	99	37	9	7	8	11	-7	13	11.25	-7.5	13.75	500	501	0	0	1	0
0	0	0	0	500	501	500	100	-1	-1	0	0	0	0	1	0	0	500	500	100	37	9	7	8	11	-7	13	11.25	-7.5	13.75	500	501	0	0	1	0
0	0	0	0	500	501	500	100	0	-1	0	0	0	0	1	0	0	500	500	100	37	9	7	8	11	-7	13	11.25	-7.5	13.75	500	501	0	0	1	0
0	0	0	0	500	501	500	100	100	-1	0	0	0	0	1	0	0	500	500	100	37	9	7	8	11	-7	13	11.25	-7.5	13.75	500	501	0	0	1	1
0	0	0	0	500	501	500	100	500	-1	0	0	0	0	1	0	0	500	500	100	37	9	7	8	11	-7	13	11.25	-7.5	13.75	500	501	0	0	1	0
0	0	0	0	500	501	500	101	-1	-1	0	0	0	0	1	0	0	500	500	101	37	9	7	8	11	-7	13	11.25	-7.5	13.75	500	501	0	0	1	0
0	0	0	0	500	501	500	101	0	-1	0	0	0	0	1	0	0	500	500	101	37	9	7	8	11	-7	13	11.25	-7.5	13.75	500	501	0	0	1	0
0	0	0	0	500	501	500	101	100	-1	0	0	0	0	1	0	0	500	500	100	37	9	7	8	11	-7	13	11.25	-7.5	13.75	500	501	0	0	1	1
0	0	0	0	500	501	500	101	500	-1	0	0	0	0	1	0	0	500	500	101	37	9	7	8	11	-7	13	11.25	-7.5	13.75	500	501	0	0	1	0
0	0	0	0	500	501	500	499	-1	-1	0	0	0	0	1	0	0	500	500	499	37	9	7	8	11	-7	13	11.25	-7.5	13.75	500	501	0	0	1	0
0	0	0	0	500	501	500	499	0	-1	0	0	0	0	1	0	0	500	500	499	37	9	7	8	11	-7	13	11.25	-7.5	13.75	500	501	0	0	1	0
0	0	0	0	500	501	500	499	100	-1	0	0	0	0	1	0	0	500	500	100	37	9	7	8	11	-7	13	11.25	-7.5	13.75	500	501	0	0	1	1
0	0	0	0	500	501	500	499	500	-1	0	0	0	0	1	0	0	500	500	499	37	9	7	8	11	-7	13	11.25	-7.5	13.75	500	501	0	0	1	0
0	0	0	0	500	501	500	500	-1	-1	0	0	0	0	1	0	0	500	500	500	37	9	7	8	11	-7	13	11.25	-7.5	13.75	500	501	0	0	1	0
0	0	0	0	500	501	500	500	0	-1	0	0	0	0	1	0	0	500	500	500	37	9	7	8	11	-7	13	11.25	-7.5	13.75	500	501	0	0	1	0
0	0	0	0	500	501	500	500	100	-1	0	0	0	0	1	0	0	500	500	100	37	9	7	8	11	-7	13	11.25	-7.5	13.75	500	501	0	0	1	1
0	0	0	0	500	501	500	500	500	-1	0	0	0	0	1	0	0	500	500	500	37	9	7	8	11	-7	13	11.25	-7.5	13.75	500	501	0	0	1	1
0	0	0	0	500	501	500	501	-1	-1	0	0	0	0	1	0	0	500	500	501	37	9	7	8	11	-7	13	11.25	-7.5	13.75	500	501	0	0	1	0
0	0	0	0	500	501	500	501	0	-1	0	0	0	0	1	0	0	500	500	501	37	9	7	8	11	-7	13	11.25	-7.5	13.75	500	501	0	0	1	0
0	0	0	0	500	501	500	501	100	-1	0	0	0	0	1	0	0	500	500	100	37	9	7	8	11	-7	13	11.25	-7.5	13.75	500	501	0	0	1	1
0	0	0	0	500	501	500	501	500	-1	0	0	0	0	1	0	0	500	500	500	37	9	7	8	11	-7	13	11.25	-7.5	13.75	500	501	0	0	1	1
0	0	0	0	501	-1	500	-1	-1	-1	0	0	0	0	1	0	0	500	500	-1	37	9	7	8	11	-7	13	11.25	-7.5	13.75	501	0	0	0	1	0
0	0	0	0	501	-1	500	-1	0	-1	0	0	0	0	1	0	0	500	500	-1	37	9	7	8	11	-7	13	11.25	-7.5	13.75	501	0	0	0	1	0
0	0	0	0	501	-1	500	-1	100	-1	0	0	0	0	1	0	0	500	500	-1	37	9	7	8	11	-7	13	11.25	-7.5	13.75	501	0	0	0	1	0
0	0	0	0	501	-1	500	-1	500	-1	0	0	0	0	1	0	0	500	500	-1	37	9	7	8	11	-7	13	11.25	-7.5	13.75	501	0	0	0	1	0
0	0	0	0	501	-1	500	0	-1	-1	0	0	0	0	1	0	0	500	500	0	37	9	7	8	11	-7	13	11.25	-7.5	13.75	501	0	0	0	1	0
0	0	0	0	501	-1	500	0	0	-1	0	0	0	0	1	0	0	500	500	0	37	9	7	8	11	-7	13	11.25	-7.5	13.75	501	0	0	0	1	0
0	0	0	0	501	-1	500	0	100	-1	0	0	0	0	1	0	0	500	500	0	37	9	7	8	11	-7	13	11.25	-7.5	13.75	501	0	0	0	1	0
0	0	0	0	501	-1	500	0	500	-1	0	0	0	0	1	0	0	500	500	0	37	9	7	8	11	-7	13	11.25	-7.5	13.75	501	0	0	0	1	0
0	0	0	0	501	-1	500	99	-1	-1	0	0	0	0	1	0	0	500	500	99	37	9	7	8	11	-7	13	11.25	-7.5	13.75	501	0	0	0	1	0
0	0	0	0	501	-1	500	99	0	-1	0	0	0	0	1	0	0	500	500	99	37	9	7	8	11	-7	13	11.25	-7.5	13.75	501	0	0	0	1	0
0	0	0	0	501	-1	500	99	100	-1	0	0	0	0	1	0	0	500	500	99	37	9	7	8	11	-7	13	11.25	-7.5	13.75	501	0	0	0	1	0
0	0	0	0	501	-1	500	99	500	-1	0	0	0	0	1	0	0	500	500	99	37	9	7	8	11	-7	13	11.25	-7.5	13.75	501	0	0	0	1	0
0	0	0	0	501	-1	500	100	-1	-1	0	0	0	0	1	0	0	500	500	100	37	9	7	8	11	-7	13	11.25	-7.5	13.75	501	0	0	0	1	0
0	0	0	0	501	-1	500	100	0	-1	0	0	0	0	1	0	0	500	500	100	37	9	7	8	11	-7	13	11.25	-7.5	13.75	501	0	0	0	1	0
0	0	0	0	501	-1	500	100	100	-1	0	0	0	0	1	0	0	500	500	100	37	9	7	8	11	-7	13	11.25	-7.5	13.75	501	0	0	0	1	1
0	0	0	0	501	-1	500	100	500	-1	0	0	0	0	1	0	0	500	500	100	37	9	7	8	11	-7	13	11.25	-7.5	13.75	501	0	0	0	1	0
0	0	0	0	501	-1	500	101	-1	-1	0	0	0	0	1	0	0	500	500	101	37	9	7	8	11	-7	13	11.25	-7.5	13.75	501	0	0	0	1	0
0	0	0	0	501	-1	500	101	0	-1	0	0	0	0	1	0	0	500	500	101	37	9	7	8	11	-7	13	11.25	-7.5	13.75	501	0	0	0	1	0
0	0	0	0	501	-1	500	101	100	-1	0	0	0	0	1	0	0	500	500	100	37	9	7	8	11	-7	13	11.25	-7.5	13.75	501	0	0	0	1	1
0	0	0	0	501	-1	500	101	500	-1	0	0	0	0	1	0	0	500	500	101	37	9	7	8	11	-7	13	11.25	-7.5	13.75	501	0	0	0	1	0
0	0	0	0	501	-1	500	499	-1	-1	0	0	0	0	1	0	0	500	500	499	37	9	7	8	11	-7	13	11.25	-7.5	13.75	501	0	0	0	1	0
0	0	0	0	501	-1	500	499	0	-1	0	0	0	0	1	0	0	500	500	499	37	9	7	8	11	-7	13	11.25	-7.5	13.75	501	0	0	0	1	0
0	0	0	0	501	-1	500	499	100	-1	0	0	0	0	1	0	0	500	500	100	37	9	7	8	11	-7	13	11.25	-7.5	13.75	501	0	0	0	1	1
0	0	0	0	501	-1	500	499	500	-1	0	0	0	0	1	0	0	500	500	499	37	9	7	8	11	-7	13	11.25	-7.5	13.75	501	0	0	0	1	0
0	0	0	0	501	-1	500	500	-1	-1	0	0	0	0	1	0	0	500	500	500	37	9	7	8	11	-7	13	11.25	-7.5	13.75	501	0	0	0	1	0
0	0	0	0	501	-1	500	500	0	-1	0	0	0	0	1	0	0	500	500	500	37	9	7	8	11	-7	13	11.25	-7.5	13.75	501	0	0	0	1	0
0	0	0	0	501	-1	500	500	100	-1	0	0	0	0	1	0	0	500	500	100	37	9	7	8	11	-7	13	11.25	-7.5	13.75	501	0	0	0	1	1
0	0	0	0	501	-1	500	500	500	-1	0	0	0	0	1	0	0	500	500	500	37	9	7	8	11	-7	13	11.25	-7.5	13.75	501	0	0	0	1	1
0	0	0	0	501	-1	500	501	-1	-1	0	0	0	0	1	0	0	500	500	501	37	9	7	8	11	-7	13	11.25	-7.5	13.75	501	0	0	0	1	0
0	0	0	0	501	-1	500	501	0	-1	0	0	0	0	1	0	0	500	500	501	37	9	7	8	11	-7	13	11.25	-7.5	13.75	501	0	0	0	1	0
0	0	0	0	501	-1	500	501	100	-1	0	0	0	0	1	0	0	500	500	100	37	9	7	8	11	-7	13	11.25	-7.5	13.75	501	0	0	0	1	1
0	0	0	0	501	-1	500	501	500	-1	0	0	0	0	1	0	0	500	500	500	37	9	7	8	11	-7	13	11.25	-7.5	13.75	501	0	0	0	1	1
0	0	0	0	501	0	500	-1	-1	-1	0	0	0	0	1	0	0	500	500	-1	37	9	7	8	11	-7	13	11.25	-7.5	13.75	501	0	0	0	1	0
0	0	0	0	501	0	500	-1	0	-1	0	0	0	0	1	0	0	500	500	-1	37	9	7	8	11	-7	13	11.25	-7.5	13.75	501	0	0	0	1	0
0	0	0	0	501	0	500	-1	100	-1	0	0	0	0	1	0	0	500	500	-1	37	9	7	8	11	-7	13	11.25	-7.5	13.75	501	0	0	0	1	0
0	0	0	0	501	0	500	-1	500	-1	0	0	0	0	1	0	0	500	500	-1	37	9	7	8	11	-7	13	11.25	-7.5	13.75	501	0	0	0	1	0
0	0	0	0	501	0	500	0	-1	-1	0	0	0	0	1	0	0	500	500	0	37	9	7	8	11	-7	13	11.25	-7.5	13.75	501	0	0	0	1	0
0	0	0	0	501	0	500	0	0	-1	0	0	0	0	1	0	0	500	500	0	37	9	7	8	11	-7	13	11.25	-7.5	13.75	501	0	0	0	1	0
0	0	0	0	501	0	500	0	100	-1	0	0	0	0	1	0	0	500	500	0	37	9	7	8	11	-7	13	11.25	-7.5	13.75	501	0	0	0	1	0
0	0	0	0	501	0	500	0	500	-1	0	0	0	0	1	0	0	500	500	0	37	9	7	8	11	-7	13	11.25	-7.5	13.75	501	0	0	0	1	0
0	0	0	0	501	0	500	99	-1	-1	0	0	0	0	1	0	0	500	500	99	37	9	7	8	11	-7	13	11.25	-7.5	13.75	501	0	0	0	1	0
0	0	0	0	501	0	500	99	0	-1	0	0	0	0	1	0	0	500	500	99	37	9	7	8	11	-7	13	11.25	-7.5	13.75	501	0	0	0	1	0
0	0	0	0	501	0	500	99	100	-1	0	0	0	0	1	0	0	500	500	99	37	9	7	8	11	-7	13	11.25	-7.5	13.75	501	0	0	0	1	0
0	0	0	0	501	0	500	99	500	-1	0	0	0	0	1	0	0	500	500	99	37	9	7	8	11	-7	13	11.25	-7.5	13.75	501	0	0	0	1	0
0	0	0	0	501	0	500	100	-1	-1	0	0	0	0	1	0	0	500	500	100	37	9	7	8	11	-7	13	11.25	-7.5	13.75	501	0	0	0	1	0
0	0	0	0	501	0	500	100	0	-1	0	0	0	0	1	0	0	500	500	100	37	9	7	8	11	-7	13	11.25	-7.5	13.75	501	0	0	0	1	0
0	0	0	0	501	0	500	100	100	-1	0	0	0	0	1	0	0	500	500	100	37	9	7	8	11	-7	13	11.25	-7.5	13.75	501	0	0	0	1	1
0	0	0	0	501	0	500	100	500	-1	0	0	0	0	1	0	0	500	500	100	37	9	7	8	11	-7	13	11.25	-7.5	13.75	501	0	0	0	1	0
0	0	0	0	501	0	500	101	-1	-1	0	0	0	0	1	0	0	500	500	101	37	9	7	8	11	-7	13	11.25	-7.5	13.75	501	0	0	0	1	0
0	0	0	0	501	0	500	101	0	-1	0	0	0	0	1	0	0	500	500	101	37	9	7	8	11	-7	13	11.25	-7.5	13.75	501	0	0	0	1	0
0	0	0	0	501	0	500	101	100	-1	0	0	0	0	1	0	0	500	500	100	37	9	7	8	11	-7	13	11.25	-7.5	13.75	501	0	0	0	1	1
0	0	0	0	501	0	500	101	500	-1	0	0	0	0	1	0	0	500	500	101	37	9	7	8	11	-7	13	11.25	-7.5	13.75	501	0	0	0	1	0
0	0	0	0	501	0	500	499	-1	-1	0	0	0	0	1	0	0	500	500	499	37	9	7	8	11	-7	13	11.25	-7.5	13.75	501	0	0	0	1	0
0	0	0	0	501	0	500	499	0	-1	0	0	0	0	1	0	0	500	500	499	37	9	7	8	11	-7	13	11.25	-7.5	13.75	501	0	0	0	1	0
0	0	0	0	501	0	500	499	100	-1	0	0	0	0	1	0	0	500	500	100	37	9	7	8	11	-7	13	11.25	-7.5	13.75	501	0	0	0	1	1
0	0	0	0	501	0	500	499	500	-1	0	0	0	0	1	0	0	500	500	499	37	9	7	8	11	-7	13	11.25	-7.5	13.75	501	0	0	0	1	0
0	0	0	0	501	0	500	500	-1	-1	0	0	0	0	1	0	0	500	500	500	37	9	7	8	11	-7	13	11.25	-7.5	13.75	501	0	0	0	1	0
0	0	0	0	501	0	500	500	0	-1	0	0	0	0	1	0	0	500	500	500	37	9	7	8	11	-7	13	11.25	-7.5	13.75	501	0	0	0	1	0
0	0	0	0	501	0	500	500	100	-1	0	0	0	0	1	0	0	500	500	100	37	9	7	8	11	-7	13	11.25	-7.5	13.75	501	0	0	0	1	1
0	0	0	0	501	0	500	500	500	-1	0	0	0	0	1	0	0	500	500	500	37	9	7	8	11	-7	13	11.25	-7.5	13.75	501	0	0	0	1	1
0	0	0	0	501	0	500	501	-1	-1	0	0	0	0	1	0	0	500	500	501	37	9	7	8	11	-7	13	11.25	-7.5	13.75	501	0	0	0	1	0
0	0	0	0	501	0	500	501	0	-1	0	0	0	0	1	0	0	500	500	501	37	9	7	8	11	-7	13	11.25	-7.5	13.75	501	0	0	0	1	0
0	0	0	0	501	0	500	501	100	-1	0	0	0	0	1	0	0	500	500	100	37	9	7	8	11	-7	13	11.25	-7.5	13.75	501	0	0	0	1	1
0	0	0	0	501	0	500	501	500	-1	0	0	0	0	1	0	0	500	500	500	37	9	7	8	11	-7	13	11.25	-7.5	13.75	501	0	0	0	1	1
0	0	0	0	501	499	500	-1	-1	-1	0	0	0	0	1	0	0	500	500	-1	37	9	7	8	11	-7	13	11.25	-7.5	13.75	501	499	0	0	1	0
0	0	0	0	501	499	500	-1	0	-1	0	0	0	0	1	0	0	500	500	-1	37	9	7	8	11	-7	13	11.25	-7.5	13.75	501	499	0	0	1	0
0	0	0	0	501	499	500	-1	100	-1	0	0	0	0	1	0	0	500	500	-1	37	9	7	8	11	-7	13	11.25	-7.5	13.75	501	499	0	0	1	0
0	0	0	0	501	499	500	-1	500	-1	0	0	0	0	1	0	0	500	500	-1	37	9	7	8	11	-7	13	11.25	-7.5	13.75	501	499	0	0	1	0
0	0	0	0	501	499	500	0	-1	-1	0	0	0	0	1	0	0	500	500	0	37	9	7	8	11	-7	13	11.25	-7.5	13.75	501	499	0	0	1	0
0	0	0	0	501	499	500	0	0	-1	0	0	0	0	1	0	0	500	500	0	37	9	7	8	11	-7	13	11.25	-7.5	13.75	501	499	0	0	1	0
0	0	0	0	501	499	500	0	100	-1	0	0	0	0	1	0	0	500	500	0	37	9	7	8	11	-7	13	11.25	-7.5	13.75	501	499	0	0	1	0
0	0	0	0	501	499	500	0	500	-1	0	0	0	0	1	0	0	500	500	0	37	9	7	8	11	-7	13	11.25	-7.5	13.75	501	499	0	0	1	0
0	0	0	0	501	499	500	99	-1	-1	0	0	0	0	1	0	0	500	500	99	37	9	7	8	11	-7	13	11.25	-7.5	13.75	501	499	0	0	1	0
0	0	0	0	501	499	500	99	0	-1	0	0	0	0	1	0	0	500	500	99	37	9	7	8	11	-7	13	11.25	-7.5	13.75	501	499	0	0	1	0
0	0	0	0	501	499	500	99	100	-1	0	0	0	0	1	0	0	500	500	99	37	9	7	8	11	-7	13	11.25	-7.5	13.75	501	499	0	0	1	0
0	0	0	0	501	499	500	99	500	-1	0	0	0	0	1	0	0	500	500	99	37	9	7	8	11	-7	13	11.25	-7.5	13.75	501	499	0	0	1	0
0	0	0	0	501	499	500	100	-1	-1	0	0	0	0	1	0	0	500	500	100	37	9	7	8	11	-7	13	11.25	-7.5	13.75	501	499	0	0	1	0
0	0	0	0	501	499	500	100	0	-1	0	0	0	0	1	0	0	500	500	100	37	9	7	8	11	-7	13	11.25	-7.5	13.75	501	499	0	0	1	0
0	0	0	0	501	499	500	100	100	-1	0	0	0	0	1	0	0	500	500	100	37	9	7	8	11	-7	13	11.25	-7.5	13.75	501	499	0	0	1	1
0	0	0	0	501	499	500	100	500	-1	0	0	0	0	1	0	0	500	500	100	37	9	7	8	11	-7	13	11.25	-7.5	13.75	501	499	0	0	1	0
0	0	0	0	501	499	500	101	-1	-1	0	0	0	0	1	0	0	500	500	101	37	9	7	8	11	-7	13	11.25	-7.5	13.75	501	499	0	0	1	0
0	0	0	0	501	499	500	101	0	-1	0	0	0	0	1	0	0	500	500	101	37	9	7	8	11	-7	13	11.25	-7.5	13.75	501	499	0	0	1	0
0	0	0	0	501	499	500	101	100	-1	0	0	0	0	1	0	0	500	500	100	37	9	7	8	11	-7	13	11.25	-7.5	13.75	501	499	0	0	1	1
0	0	0	0	501	499	500	101	500	-1	0	0	0	0	1	0	0	500	500	101	37	9	7	8	11	-7	13	11.25	-7.5	13.75	501	499	0	0	1	0
0	0	0	0	501	499	500	499	-1	-1	0	0	0	0	1	0	0	500	500	499	37	9	7	8	11	-7	13	11.25	-7.5	13.75	501	499	0	0	1	0
0	0	0	0	501	499	500	499	0	-1	0	0	0	0	1	0	0	500	500	499	37	9	7	8	11	-7	13	11.25	-7.5	13.75	501	499	0	0	1	0
0	0	0	0	501	499	500	499	100	-1	0	0	0	0	1	0	0	500	500	100	37	9	7	8	11	-7	13	11.25	-7.5	13.75	501	499	0	0	1	1
0	0	0	0	501	499	500	499	500	-1	0	0	0	0	1	0	0	500	500	499	37	9	7	8	11	-7	13	11.25	-7.5	13.75	501	499	0	0	1	0
0	0	0	0	501	499	500	500	-1	-1	0	0	0	0	1	0	0	500	500	500	37	9	7	8	11	-7	13	11.25	-7.5	13.75	501	499	0	0	1	0
0	0	0	0	501	499	500	500	0	-1	0	0	0	0	1	0	0	500	500	500	37	9	7	8	11	-7	13	11.25	-7.5	13.75	501	499	0	0	1	0
0	0	0	0	501	499	500	500	100	-1	0	0	0	0	1	0	0	500	500	100	37	9	7	8	11	-7	13	11.25	-7.5	13.75	501	499	0	0	1	1
0	0	0	0	501	499	500	500	500	-1	0	0	0	0	1	0	0	500	500	500	37	9	7	8	11	-7	13	11.25	-7.5	13.75	501	499	0	0	1	1
0	0	0	0	501	499	500	501	-1	-1	0	0	0	0	1	0	0	500	500	501	37	9	7	8	11	-7	13	11.25	-7.5	13.75	501	499	0	0	1	0
0	0	0	0	501	499	500	501	0	-1	0	0	0	0	1	0	0	500	500	501	37	9	7	8	11	-7	13	11.25	-7.5	13.75	501	499	0	0	1	0
0	0	0	0	501	499	500	501	100	-1	0	0	0	0	1	0	0	500	500	100	37	9	7	8	11	-7	13	11.25	-7.5	13.75	501	499	0	0	1	1
0	0	0	0	501	499	500	501	500	-1	0	0	0	0	1	0	0	500	500	500	37	9	7	8	11	-7	13	11.25	-7.5	13.75	501	499	0	0	1	1
0	0	0	0	501	500	500	-1	-1	-1	0	0	0	0	1	0	0	500	500	-1	37	9	7	8	11	-7	13	11.25	-7.5	13.75	501	500	0	0	1	0
0	0	0	0	501	500	500	-1	0	-1	0	0	0	0	1	0	0	500	500	-1	37	9	7	8	11	-7	13	11.25	-7.5	13.75	501	500	0	0	1	0
0	0	0	0	501	500	500	-1	100	-1	0	0	0	0	1	0	0	500	500	-1	37	9	7	8	11	-7	13	11.25	-7.5	13.75	501	500	0	0	1	0
0	0	0	0	501	500	500	-1	500	-1	0	0	0	0	1	0	0	500	500	-1	37	9	7	8	11	-7	13	11.25	-7.5	13.75	501	500	0	0	1	0
0	0	0	0	501	500	500	0	-1	-1	0	0	0	0	1	0	0	500	500	0	37	9	7	8	11	-7	13	11.25	-7.5	13.75	501	500	0	0	1	0
0	0	0	0	501	500	500	0	0	-1	0	0	0	0	1	0	0	500	500	0	37	9	7	8	11	-7	13	11.25	-7.5	13.75	501	500	0	0	1	0
0	0	0	0	501	500	500	0	100	-1	0	0	0	0	1	0	0	500	500	0	37	9	7	8	11	-7	13	11.25	-7.5	13.75	501	500	0	0	1	0
0	0	0	0	501	500	500	0	500	-1	0	0	0	0	1	0	0	500	500	0	37	9	7	8	11	-7	13	11.25	-7.5	13.75	501	500	0	0	1	0
0	0	0	0	501	500	500	99	-1	-1	0	0	0	0	1	0	0	500	500	99	37	9	7	8	11	-7	13	11.25	-7.5	13.75	501	500	0	0	1	0
0	0	0	0	501	500	500	99	0	-1	0	0	0	0	1	0	0	500	500	99	37	9	7	8	11	-7	13	11.25	-7.5	13.75	501	500	0	0	1	0
0	0	0	0	501	500	500	99	100	-1	0	0	0	0	1	0	0	500	500	99	37	9	7	8	11	-7	13	11.25	-7.5	13.75	501	500	0	0	1	0
0	0	0	0	501	500	500	99	500	-1	0	0	0	0	1	0	0	500	500	99	37	9	7	8	11	-7	13	11.25	-7.5	13.75	501	500	0	0	1	0
0	0	0	0	501	500	500	100	-1	-1	0	0	0	0	1	0	0	500	500	100	37	9	7	8	11	-7	13	11.25	-7.5	13.75	501	500	0	0	1	0
0	0	0	0	501	500	500	100	0	-1	0	0	0	0	1	0	0	500	500	100	37	9	7	8	11	-7	13	11.25	-7.5	13.75	501	500	0	0	1	0
0	0	0	0	501	500	500	100	100	-1	0	0	0	0	1	0	0	500	500	100	37	9	7	8	11	-7	13	11.25	-7.5	13.75	501	500	0	0	1	1
0	0	0	0	501	500	500	100	500	-1	0	0	0	0	1	0	0	500	500	100	37	9	7	8	11	-7	13	11.25	-7.5	13.75	501	500	0	0	1	0
0	0	0	0	501	500	500	101	-1	-1	0	0	0	0	1	0	0	500	500	101	37	9	7	8	11	-7	13	11.25	-7.5	13.75	501	500	0	0	1	0
0	0	0	0	501	500	500	101	0	-1	0	0	0	0	1	0	0	500	500	101	37	9	7	8	11	-7	13	11.25	-7.5	13.75	501	500	0	0	1	0
0	0	0	0	501	500	500	101	100	-1	0	0	0	0	1	0	0	500	500	100	37	9	7	8	11	-7	13	11.25	-7.5	13.75	501	500	0	0	1	1
0	0	0	0	501	500	500	101	500	-1	0	0	0	0	1	0	0	500	500	101	37	9	7	8	11	-7	13	11.25	-7.5	13.75	501	500	0	0	1	0
0	0	0	0	501	500	500	499	-1	-1	0	0	0	0	1	0	0	500	500	499	37	9	7	8	11	-7	13	11.25	-7.5	13.75	501	500	0	0	1	0
0	0	0	0	501	500	500	499	0	-1	0	0	0	0	1	0	0	500	500	499	37	9	7	8	11	-7	13	11.25	-7.5	13.75	501	500	0	0	1	0
0	0	0	0	501	500	500	499	100	-1	0	0	0	0	1	0	0	500	500	100	37	9	7	8	11	-7	13	11.25	-7.5	13.75	501	500	0	0	1	1
0	0	0	0	501	500	500	499	500	-1	0	0	0	0	1	0	0	500	500	499	37	9	7	8	11	-7	13	11.25	-7.5	13.75	501	500	0	0	1	0
0	0	0	0	501	500	500	500	-1	-1	0	0	0	0	1	0	0	500	500	500	37	9	7	8	11	-7	13	11.25	-7.5	13.75	501	500	0	0	1	0
0	0	0	0	501	500	500	500	0	-1	0	0	0	0	1	0	0	500	500	500	37	9	7	8	11	-7	13	11.25	-7.5	13.75	501	500	0	0	1	0
0	0	0	0	501	500	500	500	100	-1	0	0	0	0	1	0	0	500	500	100	37	9	7	8	11	-7	13	11.25	-7.5	13.75	501	500	0	0	1	1
0	0	0	0	501	500	500	500	500	-1	0	0	0	0	1	0	0	500	500	500	37	9	7	8	11	-7	13	11.25	-7.5	13.75	501	500	0	0	1	1
0	0	0	0	501	500	500	501	-1	-1	0	0	0	0	1	0	0	500	500	501	37	9	7	8	11	-7	13	11.25	-7.5	13.75	501	500	0	0	1	0
0	0	0	0	501	500	500	501	0	-1	0	0	0	0	1	0	0	500	500	501	37	9	7	8	11	-7	13	11.25	-7.5	13.75	501	500	0	0	1	0
0	0	0	0	501	500	500	501	100	-1	0	0	0	0	1	0	0	500	500	100	37	9	7	8	11	-7	13	11.25	-7.5	13.75	501	500	0	0	1	1
0	0	0	0	501	500	500	501	500	-1	0	0	0	0	1	0	0	500	500	500	37	9	7	8	11	-7	13	11.25	-7.5	13.75	501	500	0	0	1	1
0	0	0	0	501	501	500	-1	-1	-1	0	0	0	0	1	0	0	500	500	-1	37	9	7	8	11	-7	13	11.25	-7.5	13.75	501	501	0	0	1	0
0	0	0	0	501	501	500	-1	0	-1	0	0	0	0	1	0	0	500	500	-1	37	9	7	8	11	-7	13	11.25	-7.5	13.75	501	501	0	0	1	0
0	0	0	0	501	501	500	-1	100	-1	0	0	0	0	1	0	0	500	500	-1	37	9	7	8	11	-7	13	11.25	-7.5	13.75	501	501	0	0	1	0
0	0	0	0	501	501	500	-1	500	-1	0	0	0	0	1	0	0	500	500	-1	37	9	7	8	11	-7	13	11.25	-7.5	13.75	501	501	0	0	1	0
0	0	0	0	501	501	500	0	-1	-1	0	0	0	0	1	0	0	500	500	0	37	9	7	8	11	-7	13	11.25	-7.5	13.75	501	501	0	0	1	0
0	0	0	0	501	501	500	0	0	-1	0	0	0	0	1	0	0	500	500	0	37	9	7	8	11	-7	13	11.25	-7.5	13.75	501	501	0	0	1	0
0	0	0	0	501	501	500	0	100	-1	0	0	0	0	1	0	0	500	500	0	37	9	7	8	11	-7	13	11.25	-7.5	13.75	501	501	0	0	1	0
0	0	0	0	501	501	500	0	500	-1	0	0	0	0	1	0	0	500	500	0	37	9	7	8	11	-7	13	11.25	-7.5	13.75	501	501	0	0	1	0
0	0	0	0	501	501	500	99	-1	-1	0	0	0	0	1	0	0	500	500	99	37	9	7	8	11	-7	13	11.25	-7.5	13.75	501	501	0	0	1	0
0	0	0	0	501	501	500	99	0	-1	0	0	0	0	1	0	0	500	500	99	37	9	7	8	11	-7	13	11.25	-7.5	13.75	501	501	0	0	1	0
0	0	0	0	501	501	500	99	100	-1	0	0	0	0	1	0	0	500	500	99	37	9	7	8	11	-7	13	11.25	-7.5	13.75	501	501	0	0	1	0
0	0	0	0	501	501	500	99	500	-1	0	0	0	0	1	0	0	500	500	99	37	9	7	8	11	-7	13	11.25	-7.5	13.75	501	501	0	0	1	0
0	0	0	0	501	501	500	100	-1	-1	0	0	0	0	1	0	0	500	500	100	37	9	7	8	11	-7	13	11.25	-7.5	13.75	501	501	0	0	1	0
0	0	0	0	501	501	500	100	0	-1	0	0	0	0	1	0	0	500	500	100	37	9	7	8	11	-7	13	11.25	-7.5	13.75	501	501	0	0	1	0
0	0	0	0	501	501	500	100	100	-1	0	0	0	0	1	0	0	500	500	100	37	9	7	8	11	-7	13	11.25	-7.5	13.75	501	501	0	0	1	1
0	0	0	0	501	501	500	100	500	-1	0	0	0	0	1	0	0	500	500	100	37	9	7	8	11	-7	13	11.25	-7.5	13.75	501	501	0	0	1	0
0	0	0	0	501	501	500	101	-1	-1	0	0	0	0	1	0	0	500	500	101	37	9	7	8	11	-7	13	11.25	-7.5	13.75	501	501	0	0	1	0
0	0	0	0	501	501	500	101	0	-1	0	0	0	0	1	0	0	500	500	101	37	9	7	8	11	-7	13	11.25	-7.5	13.75	501	501	0	0	1	0
0	0	0	0	501	501	500	101	100	-1	0	0	0	0	1	0	0	500	500	100	37	9	7	8	11	-7	13	11.25	-7.5	13.75	501	501	0	0	1	1
0	0	0	0	501	501	500	101	500	-1	0	0	0	0	1	0	0	500	500	101	37	9	7	8	11	-7	13	11.25	-7.5	13.75	501	501	0	0	1	0
0	0	0	0	501	501	500	499	-1	-1	0	0	0	0	1	0	0	500	500	499	37	9	7	8	11	-7	13	11.25	-7.5	13.75	501	501	0	0	1	0
0	0	0	0	501	501	500	499	0	-1	0	0	0	0	1	0	0	500	500	499	37	9	7	8	11	-7	13	11.25	-7.5	13.75	501	501	0	0	1	0
0	0	0	0	501	501	500	499	100	-1	0	0	0	0	1	0	0	500	500	100	37	9	7	8	11	-7	13	11.25	-7.5	13.75	501	501	0	0	1	1
0	0	0	0	501	501	500	499	500	-1	0	0	0	0	1	0	0	500	500	499	37	9	7	8	11	-7	13	11.25	-7.5	13.75	501	501	0	0	1	0
0	0	0	0	501	501	500	500	-1	-1	0	0	0	0	1	0	0	500	500	500	37	9	7	8	11	-7	13	11.25	-7.5	13.75	501	501	0	0	1	0
0	0	0	0	501	501	500	500	0	-1	0	0	0	0	1	0	0	500	500	500	37	9	7	8	11	-7	13	11.25	-7.5	13.75	501	501	0	0	1	0
0	0	0	0	501	501	500	500	100	-1	0	0	0	0	1	0	0	500	500	100	37	9	7	8	11	-7	13	11.25	-7.5	13.75	501	501	0	0	1	1
0	0	0	0	501	501	500	500	500	-1	0	0	0	0	1	0	0	500	500	500	37	9	7	8	11	-7	13	11.25	-7.5	13.75	501	501	0	0	1	1
0	0	0	0	501	501	500	501	-1	-1	0	0	0	0	1	0	0	500	500	501	37	9	7	8	11	-7	13	11.25	-7.5	13.75	501	501	0	0	1	0
0	0	0	0	501	501	500	501	0	-1	0	0	0	0	1	0	0	500	500	501	37	9	7	8	11	-7	13	11.25	-7.5	13.75	501	501	0	0	1	0
0	0	0	0	501	501	500	501	100	-1	0	0	0	0	1	0	0	500	500	100	37	9	7	8	11	-7	13	11.25	-7.5	13.75	501	501	0	0	1	1
0	0	0	0	501	501	500	501	500	-1	0	0	0	0	1	0	0	500	500	500	37	9	7	8	11	-7	13	11.25	-7.5	13.75	501	501	0	0	1	1
0	0	63	0	100	200	500	300	500	-1	1	0	0	0	0	0	9999	100	200	300	37	9	7	8	11	-7	13	11.25	-7.5	13.75	100	200	0	0	0	0
0	0	63	0	100	200	500	300	500	-1	1	0	0	0	1	0	0	500	500	300	0	0	7	8	11	-7	13	11.25	-7.5	13.75	100	200	0	1	0	0
0	0	63	0	100	200	500	300	500	-1	1	0	0	1	0	0	9999	100	200	300	37	9	7	8	11	-7	13	11.25	-7.5	13.75	100	200	0	0	0	0
0	0	63	0	100	200	500	300	500	-1	1	0	0	1	1	0	0	100	200	300	37	9	7	8	11	-7	13	11.25	-7.5	13.75	100	200	0	0	0	0
0	0	63	0	100	200	500	300	500	-1	1	0	1	0	0	0	9999	100	200	300	37	9	7	8	11	-7	13	11.25	-7.5	13.75	100	200	0	0	0	0
0	0	63	0	100	200	500	300	500	-1	1	0	1	0	1	0	0	100	200	300	37	9	7	8	11	-7	13	11.25	-7.5	13.75	100	200	0	0	0	0
0	0	63	0	100	200	500	300	500	-1	1	0	1	1	0	0	9999	100	200	300	37	9	7	8	11	-7	13	11.25	-7.5	13.75	100	200	0	0	0	0
0	0	63	0	100	200	500	300	500	-1	1	0	1	1	1	0	0	100	200	300	37	9	7	8	11	-7	13	11.25	-7.5	13.75	100	200	0	0	0	0
0	0	63	0	100	200	500	300	500	-1	1	0	2	0	0	0	9999	100	200	300	37	9	7	8	11	-7	13	11.25	-7.5	13.75	100	200	0	0	0	0
0	0	63	0	100	200	500	300	500	-1	1	0	2	0	1	0	0	100	200	300	37	9	7	8	11	-7	13	11.25	-7.5	13.75	100	200	0	0	0	0
0	0	63	0	100	200	500	300	500	-1	1	0	2	1	0	0	9999	100	200	300	37	9	7	8	11	-7	13	11.25	-7.5	13.75	100	200	0	0	0	0
0	0	63	0	100	200	500	300	500	-1	1	0	2	1	1	0	0	100	200	300	37	9	7	8	11	-7	13	11.25	-7.5	13.75	100	200	0	0	0	0
0	0	63	0	100	200	500	300	500	-1	1	0	3	0	0	0	9999	100	200	300	37	9	7	8	11	-7	13	11.25	-7.5	13.75	100	200	0	0	0	0
0	0	63	0	100	200	500	300	500	-1	1	0	3	0	1	0	0	100	200	300	37	9	7	8	11	-7	13	11.25	-7.5	13.75	100	200	0	0	0	0
0	0	63	0	100	200	500	300	500	-1	1	0	3	1	0	0	9999	100	200	300	37	9	7	8	11	-7	13	11.25	-7.5	13.75	100	200	0	0	0	0
0	0	63	0	100	200	500	300	500	-1	1	0	3	1	1	0	0	100	200	300	37	9	7	8	11	-7	13	11.25	-7.5	13.75	100	200	0	0	0	0
0	0	63	0	100	200	500	300	500	-1	1	0	4	0	0	0	9999	100	200	300	37	9	7	8	11	-7	13	11.25	-7.5	13.75	100	200	0	0	0	0
0	0	63	0	100	200	500	300	500	-1	1	0	4	0	1	0	0	100	200	300	37	9	7	8	11	-7	13	11.25	-7.5	13.75	100	200	0	0	0	0
0	0	63	0	100	200	500	300	500	-1	1	0	4	1	0	0	9999	100	200	300	37	9	7	8	11	-7	13	11.25	-7.5	13.75	100	200	0	0	0	0
0	0	63	0	100	200	500	300	500	-1	1	0	4	1	1	0	0	100	200	300	37	9	7	8	11	-7	13	11.25	-7.5	13.75	100	200	0	0	0	0
0	0	63	0	100	200	500	300	500	-1	1	0	5	0	0	0	9999	100	200	300	37	9	7	8	11	-7	13	11.25	-7.5	13.75	100	200	0	0	0	0
0	0	63	0	100	200	500	300	500	-1	1	0	5	0	1	0	0	100	200	300	37	9	7	8	11	-7	13	11.25	-7.5	13.75	100	200	0	0	0	0
0	0	63	0	100	200	500	300	500	-1	1	0	5	1	0	0	9999	100	200	300	37	9	7	8	11	-7	13	11.25	-7.5	13.75	100	200	0	0	0	0
0	0	63	0	100	200	500	300	500	-1	1	0	5	1	1	0	0	100	200	300	37	9	7	8	11	-7	13	11.25	-7.5	13.75	100	200	0	0	0	0
0	0	63	0	100	200	500	300	500	-1	1	0	6	0	0	0	9999	100	200	300	37	9	7	8	11	-7	13	11.25	-7.5	13.75	100	200	0	0	0	0
0	0	63	0	100	200	500	300	500	-1	1	0	6	0	1	0	0	100	200	300	37	9	7	8	11	-7	13	11.25	-7.5	13.75	100	200	0	0	0	0
0	0	63	0	100	200	500	300	500	-1	1	0	6	1	0	0	9999	100	200	300	37	9	7	8	11	-7	13	11.25	-7.5	13.75	100	200	0	0	0	0
0	0	63	0	100	200	500	300	500	-1	1	0	6	1	1	0	0	100	200	300	37	9	7	8	11	-7	13	11.25	-7.5	13.75	100	200	0	0	0	0
0	0	405	0	100	200	500	300	500	-1	0	0	0	0	1	0	0	100	200	300	37	9	7	8	11	-7	13	11.25	-7.5	13.75	100	200	0	0	0	0
0	0	405	0	100	200	500	300	500	-1	0	0	0	0	1	1	0	100	200	300	37	9	7	8	50	-7	0	50	-7	0	100	200	0	0	0	0
0	0	405	0	100	200	500	300	500	-1	0	0	0	0	1	2	0	100	200	300	37	9	7	8	11	-7	13	11.25	-7.5	13.75	100	200	0	0	0	0
