[Licensing::Module] Trying to connect to existing licensing client channel...
[Licensing::IpcConnector] Successfully connected to the License Client on channel: "LicenseClient-Logan" at "2026-07-20T23:39:46.946644Z"
[Licensing::Client] Error: Code 10 while verifying Licensing Client signature (process Id: 9444, path: "D:/UnityHub/Unity Hub/UnityLicensingClient_V1/Unity.Licensing.Client.exe")
[Licensing::Module] Error: LicensingClient has failed validation; ignoring
[Licensing::Client] Handshaking with LicensingClient:
  Version:                 1.17.0+aa6cfba
  Session Id:              97c8817d70144b768e284aeb71ec4593
  Correlation Id:          035aaea857d0f91dcf09fa3b15b06911
  External correlation Id: 3150432009844926669
  Machine Id:              YnCgJ/3eXfqj/pKKnk6cl38u0EY=
[Licensing::Module] Successfully connected to LicensingClient on channel: "LicenseClient-Logan" (connect: 0.00s, validation: 0.01s, handshake: 0.26s)
[Licensing::IpcConnector] Successfully connected to the License Notification on channel: "LicenseClient-Logan-notifications" at "2026-07-20T23:39:47.2165158Z"
[Licensing::Module] Error: Access token is unavailable; failed to update
[Licensing::Client] Successfully updated license
Built from '2022.3/china_unity/release' branch; Version is '2022.3.34f1c1 (1e17368ca73f) revision 1972022'; Using compiler version '192829333'; Build Type 'Release'
OS: 'Windows 10  (10.0.19045) 64bit Professional' Language: 'zh' Physical Memory: 65349 MB
[Licensing::Client] Successfully resolved entitlements
[Licensing::Module] Serial number assigned to: "ewogICJzdWJzR3JvdXAiIDogInVuaXR5IGVkaXRvciIsCiAgIm5hbWVzcGFjZSIgOiAidW5pdHlfZWRpdG9yIiwKICAidHlwZSIgOiAiRURJVE9SIiwKICAidGFnIiA6ICJVbml0eVBlcnNvbmFsXXXX"
BatchMode: 1, IsHumanControllingUs: 0, StartBugReporterOnCrash: 0, Is64bit: 1, IsPro: 0

COMMAND LINE ARGUMENTS:
D:\Unity\HubEditor\2022.3.34f1\Editor\Unity.exe
-batchmode
-nographics
-projectPath
I:\GitHub\Unity_GAS\gameplay-ability-system-for-unity
-executeMethod
NTSD.EditorTools.BattleRuntimeSelfCheckEditor.RunForBatchmode
-logFile
I:\GitHub\Unity_GAS\gameplay-ability-system-for-unity\Unity-P6-P7-Final-SelfCheck.log
Successfully changed project path to: I:\GitHub\Unity_GAS\gameplay-ability-system-for-unity
I:/GitHub/Unity_GAS/gameplay-ability-system-for-unity
[UnityMemory] Configuration Parameters - Can be set up in boot.config
    "memorysetup-bucket-allocator-granularity=16"
    "memorysetup-bucket-allocator-bucket-count=8"
    "memorysetup-bucket-allocator-block-size=33554432"
    "memorysetup-bucket-allocator-block-count=8"
    "memorysetup-main-allocator-block-size=16777216"
    "memorysetup-thread-allocator-block-size=16777216"
    "memorysetup-gfx-main-allocator-block-size=16777216"
    "memorysetup-gfx-thread-allocator-block-size=16777216"
    "memorysetup-cache-allocator-block-size=4194304"
    "memorysetup-typetree-allocator-block-size=2097152"
    "memorysetup-profiler-bucket-allocator-granularity=16"
    "memorysetup-profiler-bucket-allocator-bucket-count=8"
    "memorysetup-profiler-bucket-allocator-block-size=33554432"
    "memorysetup-profiler-bucket-allocator-block-count=8"
    "memorysetup-profiler-allocator-block-size=16777216"
    "memorysetup-profiler-editor-allocator-block-size=1048576"
    "memorysetup-temp-allocator-size-main=16777216"
    "memorysetup-job-temp-allocator-block-size=2097152"
    "memorysetup-job-temp-allocator-block-size-background=1048576"
    "memorysetup-job-temp-allocator-reduction-small-platforms=262144"
    "memorysetup-allocator-temp-initial-block-size-main=262144"
    "memorysetup-allocator-temp-initial-block-size-worker=262144"
    "memorysetup-temp-allocator-size-background-worker=32768"
    "memorysetup-temp-allocator-size-job-worker=262144"
    "memorysetup-temp-allocator-size-preload-manager=33554432"
    "memorysetup-temp-allocator-size-nav-mesh-worker=65536"
    "memorysetup-temp-allocator-size-audio-worker=65536"
    "memorysetup-temp-allocator-size-cloud-worker=32768"
    "memorysetup-temp-allocator-size-gi-baking-worker=262144"
    "memorysetup-temp-allocator-size-gfx=262144"
Player connection [222156] Host "[IP] 192.168.31.76 [Port] 55504 [Flags] 2 [Guid] 617210792 [EditorId] 617210792 [Version] 1048832 [Id] WindowsEditor(7,DESKTOP-MKTDPPS) [Debug] 1 [PackageName] WindowsEditor [ProjectName] Editor" joined multi-casting on [225.0.0.222:54997]...

Player connection [222156] Host "[IP] 192.168.31.76 [Port] 55504 [Flags] 2 [Guid] 617210792 [EditorId] 617210792 [Version] 1048832 [Id] WindowsEditor(7,DESKTOP-MKTDPPS) [Debug] 1 [PackageName] WindowsEditor [ProjectName] Editor" joined alternative multi-casting on [225.0.0.222:34997]...

[PhysX] Initialized MultithreadedTaskDispatcher with 20 workers.
[Package Manager] UpmClient::Connect -- Connected to IPC stream "Upm-203108" after 1.2 seconds.
[Licensing::Client] Successfully resolved entitlements
[Package Manager] Restoring resolved packages state from cache
[Licensing::Client] Successfully resolved entitlement details
[Package Manager] Registered 72 packages:
  Packages from [https://packages.unity.cn]:
    com.unity.cinemachine@2.10.0 (location: I:\GitHub\Unity_GAS\gameplay-ability-system-for-unity\Library\PackageCache\com.unity.cinemachine@2.10.0)
    com.unity.collab-proxy@2.3.1 (location: I:\GitHub\Unity_GAS\gameplay-ability-system-for-unity\Library\PackageCache\com.unity.collab-proxy@2.3.1)
    com.unity.ide.rider@3.0.28 (location: I:\GitHub\Unity_GAS\gameplay-ability-system-for-unity\Library\PackageCache\com.unity.ide.rider@3.0.28)
    com.unity.inputsystem@1.7.0 (location: I:\GitHub\Unity_GAS\gameplay-ability-system-for-unity\Library\PackageCache\com.unity.inputsystem@1.7.0)
    com.unity.mathematics@1.2.6 (location: I:\GitHub\Unity_GAS\gameplay-ability-system-for-unity\Library\PackageCache\com.unity.mathematics@1.2.6)
    com.unity.textmeshpro@3.0.6 (location: I:\GitHub\Unity_GAS\gameplay-ability-system-for-unity\Library\PackageCache\com.unity.textmeshpro@3.0.6)
    com.unity.timeline@1.7.6 (location: I:\GitHub\Unity_GAS\gameplay-ability-system-for-unity\Library\PackageCache\com.unity.timeline@1.7.6)
    com.unity.visualscripting@1.9.4 (location: I:\GitHub\Unity_GAS\gameplay-ability-system-for-unity\Library\PackageCache\com.unity.visualscripting@1.9.4)
    com.unity.burst@1.8.15 (location: I:\GitHub\Unity_GAS\gameplay-ability-system-for-unity\Library\PackageCache\com.unity.burst@1.8.15)
    com.unity.ext.nunit@1.0.6 (location: I:\GitHub\Unity_GAS\gameplay-ability-system-for-unity\Library\PackageCache\com.unity.ext.nunit@1.0.6)
    com.unity.ide.visualstudio@2.0.22 (location: I:\GitHub\Unity_GAS\gameplay-ability-system-for-unity\Library\PackageCache\com.unity.ide.visualstudio@2.0.22)
    com.unity.ide.vscode@1.2.5 (location: I:\GitHub\Unity_GAS\gameplay-ability-system-for-unity\Library\PackageCache\com.unity.ide.vscode@1.2.5)
    com.unity.editorcoroutines@1.0.0 (location: I:\GitHub\Unity_GAS\gameplay-ability-system-for-unity\Library\PackageCache\com.unity.editorcoroutines@1.0.0)
    com.unity.performance.profile-analyzer@1.2.2 (location: I:\GitHub\Unity_GAS\gameplay-ability-system-for-unity\Library\PackageCache\com.unity.performance.profile-analyzer@1.2.2)
    com.unity.test-framework@1.1.33 (location: I:\GitHub\Unity_GAS\gameplay-ability-system-for-unity\Library\PackageCache\com.unity.test-framework@1.1.33)
    com.unity.testtools.codecoverage@1.2.5 (location: I:\GitHub\Unity_GAS\gameplay-ability-system-for-unity\Library\PackageCache\com.unity.testtools.codecoverage@1.2.5)
    com.unity.2d.animation@9.1.1 (location: I:\GitHub\Unity_GAS\gameplay-ability-system-for-unity\Library\PackageCache\com.unity.2d.animation@9.1.1)
    com.unity.2d.pixel-perfect@5.0.3 (location: I:\GitHub\Unity_GAS\gameplay-ability-system-for-unity\Library\PackageCache\com.unity.2d.pixel-perfect@5.0.3)
    com.unity.2d.psdimporter@8.0.5 (location: I:\GitHub\Unity_GAS\gameplay-ability-system-for-unity\Library\PackageCache\com.unity.2d.psdimporter@8.0.5)
    com.unity.2d.spriteshape@9.0.3 (location: I:\GitHub\Unity_GAS\gameplay-ability-system-for-unity\Library\PackageCache\com.unity.2d.spriteshape@9.0.3)
    com.unity.2d.tilemap.extras@3.1.2 (location: I:\GitHub\Unity_GAS\gameplay-ability-system-for-unity\Library\PackageCache\com.unity.2d.tilemap.extras@3.1.2)
    com.unity.2d.aseprite@1.1.4 (location: I:\GitHub\Unity_GAS\gameplay-ability-system-for-unity\Library\PackageCache\com.unity.2d.aseprite@1.1.4)
    com.unity.nuget.newtonsoft-json@3.2.1 (location: I:\GitHub\Unity_GAS\gameplay-ability-system-for-unity\Library\PackageCache\com.unity.nuget.newtonsoft-json@3.2.1)
    com.unity.searcher@4.9.2 (location: I:\GitHub\Unity_GAS\gameplay-ability-system-for-unity\Library\PackageCache\com.unity.searcher@4.9.2)
    com.unity.settings-manager@2.0.1 (location: I:\GitHub\Unity_GAS\gameplay-ability-system-for-unity\Library\PackageCache\com.unity.settings-manager@2.0.1)
    com.unity.2d.common@8.0.2 (location: I:\GitHub\Unity_GAS\gameplay-ability-system-for-unity\Library\PackageCache\com.unity.2d.common@8.0.2)
    com.unity.collections@1.2.4 (location: I:\GitHub\Unity_GAS\gameplay-ability-system-for-unity\Library\PackageCache\com.unity.collections@1.2.4)
  Built-in packages:
    com.unity.feature.2d@2.0.1 (location: I:\GitHub\Unity_GAS\gameplay-ability-system-for-unity\Library\PackageCache\com.unity.feature.2d@2.0.1)
    com.unity.feature.development@1.0.1 (location: I:\GitHub\Unity_GAS\gameplay-ability-system-for-unity\Library\PackageCache\com.unity.feature.development@1.0.1)
    com.unity.render-pipelines.universal@14.0.11 (location: I:\GitHub\Unity_GAS\gameplay-ability-system-for-unity\Library\PackageCache\com.unity.render-pipelines.universal@14.0.11)
    com.unity.ugui@1.0.0 (location: I:\GitHub\Unity_GAS\gameplay-ability-system-for-unity\Library\PackageCache\com.unity.ugui@1.0.0)
    com.unity.modules.ai@1.0.0 (location: I:\GitHub\Unity_GAS\gameplay-ability-system-for-unity\Library\PackageCache\com.unity.modules.ai@1.0.0)
    com.unity.modules.androidjni@1.0.0 (location: I:\GitHub\Unity_GAS\gameplay-ability-system-for-unity\Library\PackageCache\com.unity.modules.androidjni@1.0.0)
    com.unity.modules.animation@1.0.0 (location: I:\GitHub\Unity_GAS\gameplay-ability-system-for-unity\Library\PackageCache\com.unity.modules.animation@1.0.0)
    com.unity.modules.assetbundle@1.0.0 (location: I:\GitHub\Unity_GAS\gameplay-ability-system-for-unity\Library\PackageCache\com.unity.modules.assetbundle@1.0.0)
    com.unity.modules.audio@1.0.0 (location: I:\GitHub\Unity_GAS\gameplay-ability-system-for-unity\Library\PackageCache\com.unity.modules.audio@1.0.0)
    com.unity.modules.cloth@1.0.0 (location: I:\GitHub\Unity_GAS\gameplay-ability-system-for-unity\Library\PackageCache\com.unity.modules.cloth@1.0.0)
    com.unity.modules.director@1.0.0 (location: I:\GitHub\Unity_GAS\gameplay-ability-system-for-unity\Library\PackageCache\com.unity.modules.director@1.0.0)
    com.unity.modules.imageconversion@1.0.0 (location: I:\GitHub\Unity_GAS\gameplay-ability-system-for-unity\Library\PackageCache\com.unity.modules.imageconversion@1.0.0)
    com.unity.modules.imgui@1.0.0 (location: I:\GitHub\Unity_GAS\gameplay-ability-system-for-unity\Library\PackageCache\com.unity.modules.imgui@1.0.0)
    com.unity.modules.jsonserialize@1.0.0 (location: I:\GitHub\Unity_GAS\gameplay-ability-system-for-unity\Library\PackageCache\com.unity.modules.jsonserialize@1.0.0)
    com.unity.modules.particlesystem@1.0.0 (location: I:\GitHub\Unity_GAS\gameplay-ability-system-for-unity\Library\PackageCache\com.unity.modules.particlesystem@1.0.0)
    com.unity.modules.physics@1.0.0 (location: I:\GitHub\Unity_GAS\gameplay-ability-system-for-unity\Library\PackageCache\com.unity.modules.physics@1.0.0)
    com.unity.modules.physics2d@1.0.0 (location: I:\GitHub\Unity_GAS\gameplay-ability-system-for-unity\Library\PackageCache\com.unity.modules.physics2d@1.0.0)
    com.unity.modules.screencapture@1.0.0 (location: I:\GitHub\Unity_GAS\gameplay-ability-system-for-unity\Library\PackageCache\com.unity.modules.screencapture@1.0.0)
    com.unity.modules.terrain@1.0.0 (location: I:\GitHub\Unity_GAS\gameplay-ability-system-for-unity\Library\PackageCache\com.unity.modules.terrain@1.0.0)
    com.unity.modules.terrainphysics@1.0.0 (location: I:\GitHub\Unity_GAS\gameplay-ability-system-for-unity\Library\PackageCache\com.unity.modules.terrainphysics@1.0.0)
    com.unity.modules.tilemap@1.0.0 (location: I:\GitHub\Unity_GAS\gameplay-ability-system-for-unity\Library\PackageCache\com.unity.modules.tilemap@1.0.0)
    com.unity.modules.ui@1.0.0 (location: I:\GitHub\Unity_GAS\gameplay-ability-system-for-unity\Library\PackageCache\com.unity.modules.ui@1.0.0)
    com.unity.modules.uielements@1.0.0 (location: I:\GitHub\Unity_GAS\gameplay-ability-system-for-unity\Library\PackageCache\com.unity.modules.uielements@1.0.0)
    com.unity.modules.umbra@1.0.0 (location: I:\GitHub\Unity_GAS\gameplay-ability-system-for-unity\Library\PackageCache\com.unity.modules.umbra@1.0.0)
    com.unity.modules.unityanalytics@1.0.0 (location: I:\GitHub\Unity_GAS\gameplay-ability-system-for-unity\Library\PackageCache\com.unity.modules.unityanalytics@1.0.0)
    com.unity.modules.unitywebrequest@1.0.0 (location: I:\GitHub\Unity_GAS\gameplay-ability-system-for-unity\Library\PackageCache\com.unity.modules.unitywebrequest@1.0.0)
    com.unity.modules.unitywebrequestassetbundle@1.0.0 (location: I:\GitHub\Unity_GAS\gameplay-ability-system-for-unity\Library\PackageCache\com.unity.modules.unitywebrequestassetbundle@1.0.0)
    com.unity.modules.unitywebrequestaudio@1.0.0 (location: I:\GitHub\Unity_GAS\gameplay-ability-system-for-unity\Library\PackageCache\com.unity.modules.unitywebrequestaudio@1.0.0)
    com.unity.modules.unitywebrequesttexture@1.0.0 (location: I:\GitHub\Unity_GAS\gameplay-ability-system-for-unity\Library\PackageCache\com.unity.modules.unitywebrequesttexture@1.0.0)
    com.unity.modules.unitywebrequestwww@1.0.0 (location: I:\GitHub\Unity_GAS\gameplay-ability-system-for-unity\Library\PackageCache\com.unity.modules.unitywebrequestwww@1.0.0)
    com.unity.modules.vehicles@1.0.0 (location: I:\GitHub\Unity_GAS\gameplay-ability-system-for-unity\Library\PackageCache\com.unity.modules.vehicles@1.0.0)
    com.unity.modules.video@1.0.0 (location: I:\GitHub\Unity_GAS\gameplay-ability-system-for-unity\Library\PackageCache\com.unity.modules.video@1.0.0)
    com.unity.modules.vr@1.0.0 (location: I:\GitHub\Unity_GAS\gameplay-ability-system-for-unity\Library\PackageCache\com.unity.modules.vr@1.0.0)
    com.unity.modules.wind@1.0.0 (location: I:\GitHub\Unity_GAS\gameplay-ability-system-for-unity\Library\PackageCache\com.unity.modules.wind@1.0.0)
    com.unity.modules.xr@1.0.0 (location: I:\GitHub\Unity_GAS\gameplay-ability-system-for-unity\Library\PackageCache\com.unity.modules.xr@1.0.0)
    com.unity.modules.subsystems@1.0.0 (location: I:\GitHub\Unity_GAS\gameplay-ability-system-for-unity\Library\PackageCache\com.unity.modules.subsystems@1.0.0)
    com.unity.render-pipelines.core@14.0.11 (location: I:\GitHub\Unity_GAS\gameplay-ability-system-for-unity\Library\PackageCache\com.unity.render-pipelines.core@14.0.11)
    com.unity.shadergraph@14.0.11 (location: I:\GitHub\Unity_GAS\gameplay-ability-system-for-unity\Library\PackageCache\com.unity.shadergraph@14.0.11)
    com.unity.render-pipelines.universal-config@14.0.10 (location: I:\GitHub\Unity_GAS\gameplay-ability-system-for-unity\Library\PackageCache\com.unity.render-pipelines.universal-config@14.0.10)
    com.unity.2d.sprite@1.0.0 (location: I:\GitHub\Unity_GAS\gameplay-ability-system-for-unity\Library\PackageCache\com.unity.2d.sprite@1.0.0)
    com.unity.2d.tilemap@1.0.0 (location: I:\GitHub\Unity_GAS\gameplay-ability-system-for-unity\Library\PackageCache\com.unity.2d.tilemap@1.0.0)
  Local packages:
    com.coplaydev.unity-mcp@file:I:\GitHub\Unity_GAS\unity-mcp\MCPForUnity (location: I:\GitHub\Unity_GAS\unity-mcp\MCPForUnity)
  Git packages:
    com.cysharp.unitask@https://github.com/Cysharp/UniTask.git?path=src/UniTask/Assets/Plugins/UniTask (location: I:\GitHub\Unity_GAS\gameplay-ability-system-for-unity\Library\PackageCache\com.cysharp.unitask@5cc97c7f00)
    com.exhard.exmaidforui@https://github.com/No78Vino/EXMaidForFGUIandLoxondon.git (location: I:\GitHub\Unity_GAS\gameplay-ability-system-for-unity\Library\PackageCache\com.exhard.exmaidforui@b469ae66a3)
    com.vovgou.loxodon-framework@https://github.com/vovgou/loxodon-framework.git?path=Loxodon.Framework/Assets/LoxodonFramework (location: I:\GitHub\Unity_GAS\gameplay-ability-system-for-unity\Library\PackageCache\com.vovgou.loxodon-framework@2fab55f00c)
[Subsystems] No new subsystems found in resolved package list.
Package Manager log level set to [2]
[Package Manager] Done registering packages in 0.46 seconds
Refreshing native plugins compatible for Editor in 138.25 ms, found 4 plugins.
Preloading 0 native plugins for Editor in 0.00 ms.
Initialize engine version: 2022.3.34f1c1 (1e17368ca73f)
[Subsystems] Discovering subsystems at path D:/Unity/HubEditor/2022.3.34f1/Editor/Data/Resources/UnitySubsystems
[Subsystems] Discovering subsystems at path I:/GitHub/Unity_GAS/gameplay-ability-system-for-unity/Assets
Forcing GfxDevice: Null
GfxDevice: creating device client; threaded=0; jobified=0
NullGfxDevice:
    Version:  NULL 1.0 [1.0]
    Renderer: Null Device
    Vendor:   Unity Technologies
Shader 'MoreMountains/MMRipple': fallback shader 'Particle/AlphaBlended' not found
Shader Hidden/ProbeVolume/VoxelizeScene is not supported: GPU does not support conservative rasterization
[Licensing::Client] Successfully resolved entitlements
Initialize mono
Mono path[0] = 'D:/Unity/HubEditor/2022.3.34f1/Editor/Data/Managed'
Mono path[1] = 'D:/Unity/HubEditor/2022.3.34f1/Editor/Data/MonoBleedingEdge/lib/mono/unityjit-win32'
Mono config path = 'D:/Unity/HubEditor/2022.3.34f1/Editor/Data/MonoBleedingEdge/etc'
Using monoOptions --debugger-agent=transport=dt_socket,embedding=1,server=y,suspend=n,address=127.0.0.1:56108
Using cacheserver namespaces - metadata:defaultmetadata, artifacts:defaultartifacts
Using cacheserver namespaces - metadata:defaultmetadata, artifacts:defaultartifacts
ImportWorker Server TCP listen port: 0
Begin MonoManager ReloadAssembly
Registering precompiled unity dll's ...
Register platform support module: D:/Unity/HubEditor/2022.3.34f1/Editor/Data/PlaybackEngines/WindowsStandaloneSupport/UnityEditor.WindowsStandalone.Extensions.dll
Registered in 0.016389 seconds.
- Loaded All Assemblies, in  0.385 seconds
Native extension for WindowsStandalone target not found
Mono: successfully reloaded assembly
- Finished resetting the current domain, in  0.201 seconds
Domain Reload Profiling: 577ms
	BeginReloadAssembly (149ms)
		ExecutionOrderSort (0ms)
		DisableScriptedObjects (0ms)
		BackupInstance (0ms)
		ReleaseScriptingObjects (0ms)
		CreateAndSetChildDomain (1ms)
	RebuildCommonClasses (32ms)
	RebuildNativeTypeToScriptingClass (6ms)
	initialDomainReloadingComplete (79ms)
	LoadAllAssembliesAndSetupDomain (110ms)
		LoadAssemblies (136ms)
		RebuildTransferFunctionScriptingTraits (0ms)
		AnalyzeDomain (108ms)
			TypeCache.Refresh (107ms)
				TypeCache.ScanAssembly (97ms)
			ScanForSourceGeneratedMonoScriptInfo (0ms)
			ResolveRequiredComponents (0ms)
	FinalizeReload (201ms)
		ReleaseScriptCaches (0ms)
		RebuildScriptCaches (0ms)
		SetupLoadedEditorAssemblies (158ms)
			LogAssemblyErrors (0ms)
			InitializePlatformSupportModulesInManaged (8ms)
			SetLoadedEditorAssemblies (6ms)
			RefreshPlugins (0ms)
			BeforeProcessingInitializeOnLoad (2ms)
			ProcessInitializeOnLoadAttributes (101ms)
			ProcessInitializeOnLoadMethodAttributes (40ms)
			AfterProcessingInitializeOnLoad (0ms)
			EditorAssembliesLoaded (0ms)
		ExecutionOrderSort2 (0ms)
		AwakeInstancesAfterBackupRestoration (0ms)
[Licensing::Client] Successfully resolved entitlements
Application.AssetDatabase Initial Refresh Start
[ScriptCompilation] Requested script compilation because: Assetdatabase observed changes in script compilation related files
Starting: D:\Unity\HubEditor\2022.3.34f1\Editor\Data\bee_backend.exe --dont-print-to-structured-log --ipc --defer-dag-verification --dagfile="Library/Bee/1900b0aEDbg.dag" --continue-on-failure --profile="Library/Bee/backend1.traceevents" ScriptAssemblies
WorkingDir: I:/GitHub/Unity_GAS/gameplay-ability-system-for-unity
DisplayProgressbar: Compiling Scripts
ExitCode: 0 Duration: 1s572ms
[ 898/1195  0s] ILPP-Configuration Library/ilpp-configuration.nevergeneratedoutput
[1187/1195  0s] Csc Library/Bee/artifacts/1900b0aEDbg.dag/Assembly-CSharp.dll (+2 others)
Assets\NTSD\Scripts\TimeWheel\TimeWheel.cs(101,39): warning CS8632: The annotation for nullable reference types should only be used in code within a '#nullable' annotations context.

Assets\NTSD\Scripts\TimeWheel\TimeWheel.cs(112,44): warning CS8632: The annotation for nullable reference types should only be used in code within a '#nullable' annotations context.

Assets\NTSD\Scripts\TimeWheel\TimeWheel.cs(112,117): warning CS8632: The annotation for nullable reference types should only be used in code within a '#nullable' annotations context.

Assets\NTSD\Scripts\TimeWheel\TimeWheel.cs(234,45): warning CS8632: The annotation for nullable reference types should only be used in code within a '#nullable' annotations context.

Assets\NTSD\Scripts\TimeWheel\TimeWheel.cs(248,49): warning CS8632: The annotation for nullable reference types should only be used in code within a '#nullable' annotations context.

Assets\NTSD\Scripts\TimeWheel\TimeWheel.cs(309,55): warning CS8632: The annotation for nullable reference types should only be used in code within a '#nullable' annotations context.

Assets\NTSD\Scripts\TimeWheel\TimeWheel.cs(405,53): warning CS8632: The annotation for nullable reference types should only be used in code within a '#nullable' annotations context.

Assets\NTSD\Scripts\TimeWheel\TimeWheel.cs(54,35): warning CS8632: The annotation for nullable reference types should only be used in code within a '#nullable' annotations context.

Assets\NTSD\Scripts\TimeWheel\TimeWheel.cs(55,35): warning CS8632: The annotation for nullable reference types should only be used in code within a '#nullable' annotations context.

Assets\NTSD\Scripts\TimeWheel\TimeWheel.cs(56,35): warning CS8632: The annotation for nullable reference types should only be used in code within a '#nullable' annotations context.

Assets\NTSD\Scripts\TimeWheel\TimeWheel.cs(57,35): warning CS8632: The annotation for nullable reference types should only be used in code within a '#nullable' annotations context.

Assets\NTSD\Scripts\TimeWheel\TimeWheel.cs(58,35): warning CS8632: The annotation for nullable reference types should only be used in code within a '#nullable' annotations context.

Assets\NTSD\Scripts\TimeWheel\TimeWheel.cs(66,41): warning CS8632: The annotation for nullable reference types should only be used in code within a '#nullable' annotations context.

Assets\NTSD\Scripts\TimeWheel\TimeWheel.cs(35,33): warning CS8632: The annotation for nullable reference types should only be used in code within a '#nullable' annotations context.

Assets\NTSD\Scripts\TimeWheel\TimeWheel.cs(35,35): warning CS8632: The annotation for nullable reference types should only be used in code within a '#nullable' annotations context.

Assets\NTSD\Scripts\TimeWheel\TimeWheel.cs(36,26): warning CS8632: The annotation for nullable reference types should only be used in code within a '#nullable' annotations context.

Assets\NTSD\Scripts\TimeWheel\TimeWheel.cs(40,29): warning CS8632: The annotation for nullable reference types should only be used in code within a '#nullable' annotations context.

Assets\NTSD\Scripts\TimeWheel\TimeWheel.cs(41,29): warning CS8632: The annotation for nullable reference types should only be used in code within a '#nullable' annotations context.

Assets\NTSD\Scripts\TimeWheel\TimeWheel.cs(156,34): warning CS8632: The annotation for nullable reference types should only be used in code within a '#nullable' annotations context.

Assets\NTSD\Scripts\TimeWheel\TimeWheel.cs(236,22): warning CS8632: The annotation for nullable reference types should only be used in code within a '#nullable' annotations context.

Assets\NTSD\Scripts\TimeWheel\TimeWheel.cs(241,26): warning CS8632: The annotation for nullable reference types should only be used in code within a '#nullable' annotations context.

Assets\NTSD\Scripts\TimeWheel\TimeWheel.cs(311,22): warning CS8632: The annotation for nullable reference types should only be used in code within a '#nullable' annotations context.

Assets\NTSD\Scripts\TimeWheel\TimeWheel.cs(331,22): warning CS8632: The annotation for nullable reference types should only be used in code within a '#nullable' annotations context.

Assets\NTSD\Scripts\App\AppManager.cs(31,41): warning CS0414: The field 'AppManager.menuSceneName' is assigned but its value is never used
[1188/1195  0s] Csc Library/Bee/artifacts/1900b0aEDbg.dag/Assembly-CSharp-Editor.dll (+2 others)
Assets\NTSD\Editor\ClassFactoryWindow.cs(870,24): warning CS0219: The variable 'message' is assigned but its value is never used

Assets\NTSD\Editor\ClassFactoryWindow.cs(972,38): warning CS0168: The variable 'ex' is declared but never used
[1189/1195  0s] ILPostProcess Library/Bee/artifacts/1900b0aEDbg.dag/post-processed/Assembly-CSharp-Editor.dll (+pdb)
Processing assembly Library/Bee/artifacts/1900b0aEDbg.dag/Assembly-CSharp-Editor.dll, with 131 defines and 331 references

processors: zzzUnity.Burst.CodeGen.BurstILPostProcessor

running zzzUnity.Burst.CodeGen.BurstILPostProcessor
[1190/1195  0s] ILPostProcess Library/Bee/artifacts/1900b0aEDbg.dag/post-processed/Assembly-CSharp.dll (+pdb)
Processing assembly Library/Bee/artifacts/1900b0aEDbg.dag/Assembly-CSharp.dll, with 133 defines and 310 references

processors: zzzUnity.Burst.CodeGen.BurstILPostProcessor

running zzzUnity.Burst.CodeGen.BurstILPostProcessor
[1191/1195  0s] CopyFiles Library/ScriptAssemblies/Assembly-CSharp-Editor.pdb
[1192/1195  0s] CopyFiles Library/ScriptAssemblies/Assembly-CSharp-Editor.dll
[1193/1195  0s] CopyFiles Library/ScriptAssemblies/Assembly-CSharp.pdb
[1194/1195  0s] CopyFiles Library/ScriptAssemblies/Assembly-CSharp.dll
*** Tundra build success (1.54 seconds), 9 items updated, 1195 evaluated
Assets\NTSD\Scripts\TimeWheel\TimeWheel.cs(101,39): warning CS8632: The annotation for nullable reference types should only be used in code within a '#nullable' annotations context.
Assets\NTSD\Scripts\TimeWheel\TimeWheel.cs(112,44): warning CS8632: The annotation for nullable reference types should only be used in code within a '#nullable' annotations context.
Assets\NTSD\Scripts\TimeWheel\TimeWheel.cs(112,117): warning CS8632: The annotation for nullable reference types should only be used in code within a '#nullable' annotations context.
Assets\NTSD\Scripts\TimeWheel\TimeWheel.cs(234,45): warning CS8632: The annotation for nullable reference types should only be used in code within a '#nullable' annotations context.
Assets\NTSD\Scripts\TimeWheel\TimeWheel.cs(248,49): warning CS8632: The annotation for nullable reference types should only be used in code within a '#nullable' annotations context.
Assets\NTSD\Scripts\TimeWheel\TimeWheel.cs(309,55): warning CS8632: The annotation for nullable reference types should only be used in code within a '#nullable' annotations context.
Assets\NTSD\Scripts\TimeWheel\TimeWheel.cs(405,53): warning CS8632: The annotation for nullable reference types should only be used in code within a '#nullable' annotations context.
Assets\NTSD\Scripts\TimeWheel\TimeWheel.cs(54,35): warning CS8632: The annotation for nullable reference types should only be used in code within a '#nullable' annotations context.
Assets\NTSD\Scripts\TimeWheel\TimeWheel.cs(55,35): warning CS8632: The annotation for nullable reference types should only be used in code within a '#nullable' annotations context.
Assets\NTSD\Scripts\TimeWheel\TimeWheel.cs(56,35): warning CS8632: The annotation for nullable reference types should only be used in code within a '#nullable' annotations context.
Assets\NTSD\Scripts\TimeWheel\TimeWheel.cs(57,35): warning CS8632: The annotation for nullable reference types should only be used in code within a '#nullable' annotations context.
Assets\NTSD\Scripts\TimeWheel\TimeWheel.cs(58,35): warning CS8632: The annotation for nullable reference types should only be used in code within a '#nullable' annotations context.
Assets\NTSD\Scripts\TimeWheel\TimeWheel.cs(66,41): warning CS8632: The annotation for nullable reference types should only be used in code within a '#nullable' annotations context.
Assets\NTSD\Scripts\TimeWheel\TimeWheel.cs(35,33): warning CS8632: The annotation for nullable reference types should only be used in code within a '#nullable' annotations context.
Assets\NTSD\Scripts\TimeWheel\TimeWheel.cs(35,35): warning CS8632: The annotation for nullable reference types should only be used in code within a '#nullable' annotations context.
Assets\NTSD\Scripts\TimeWheel\TimeWheel.cs(36,26): warning CS8632: The annotation for nullable reference types should only be used in code within a '#nullable' annotations context.
Assets\NTSD\Scripts\TimeWheel\TimeWheel.cs(40,29): warning CS8632: The annotation for nullable reference types should only be used in code within a '#nullable' annotations context.
Assets\NTSD\Scripts\TimeWheel\TimeWheel.cs(41,29): warning CS8632: The annotation for nullable reference types should only be used in code within a '#nullable' annotations context.
Assets\NTSD\Scripts\TimeWheel\TimeWheel.cs(156,34): warning CS8632: The annotation for nullable reference types should only be used in code within a '#nullable' annotations context.
Assets\NTSD\Scripts\TimeWheel\TimeWheel.cs(236,22): warning CS8632: The annotation for nullable reference types should only be used in code within a '#nullable' annotations context.
Assets\NTSD\Scripts\TimeWheel\TimeWheel.cs(241,26): warning CS8632: The annotation for nullable reference types should only be used in code within a '#nullable' annotations context.
Assets\NTSD\Scripts\TimeWheel\TimeWheel.cs(311,22): warning CS8632: The annotation for nullable reference types should only be used in code within a '#nullable' annotations context.
Assets\NTSD\Scripts\TimeWheel\TimeWheel.cs(331,22): warning CS8632: The annotation for nullable reference types should only be used in code within a '#nullable' annotations context.
Assets\NTSD\Scripts\App\AppManager.cs(31,41): warning CS0414: The field 'AppManager.menuSceneName' is assigned but its value is never used
Assets\NTSD\Editor\ClassFactoryWindow.cs(870,24): warning CS0219: The variable 'message' is assigned but its value is never used
Assets\NTSD\Editor\ClassFactoryWindow.cs(972,38): warning CS0168: The variable 'ex' is declared but never used
AssetDatabase: script compilation time: 2.079192s
Begin MonoManager ReloadAssembly
- Loaded All Assemblies, in  1.111 seconds
Refreshing native plugins compatible for Editor in 79.10 ms, found 4 plugins.
Preloading 0 native plugins for Editor in 0.00 ms.
Start importing Assets/NTSD/Scripts/Animation/Manager/CharacterAnimtorManager.cs using Guid(b27d07e1b77e2884fbce5257c35b40cc) Importer(-1,00000000000000000000000000000000) [PhysX] Initialized MultithreadedTaskDispatcher with 20 workers.
 -> (artifact id: '48302bcb981470e22a0be83f4423d8b7') in 0.016111 seconds
Start importing Assets/NTSD/Scripts/Animation/LF2Objects/LF2ObjectRenderer.cs using Guid(47688a250d600554e8613916dbeac4f7) Importer(-1,00000000000000000000000000000000) [PhysX] Initialized MultithreadedTaskDispatcher with 20 workers.
 -> (artifact id: '9795706cb5d36766704dc7724ab9f76b') in 0.002114 seconds
Start importing Assets/NTSD/Scripts/Simulation/Presentation/BattlePresentationShadowBuild.cs using Guid(0a4f7df3380f4e24c90284bd2102f944) Importer(-1,00000000000000000000000000000000) [PhysX] Initialized MultithreadedTaskDispatcher with 20 workers.
 -> (artifact id: 'cc43db697201344eb727f79bd73f1b0a') in 0.003104 seconds
Start importing Assets/NTSD/Scripts/App/GameConfig.cs using Guid(bcd6905f1c6dbaa4a91769c14bc8b041) Importer(-1,00000000000000000000000000000000) [PhysX] Initialized MultithreadedTaskDispatcher with 20 workers.
 -> (artifact id: '8a0537e4bb0e89767f2147de6a1797f6') in 0.007133 seconds
Start importing Assets/NTSD/Scripts/Animation/Rendering/BattleCentralRenderSystem.cs using Guid(4d0394d972a87ed4cbdfb016120d091a) Importer(-1,00000000000000000000000000000000) [PhysX] Initialized MultithreadedTaskDispatcher with 20 workers.
 -> (artifact id: '650d7a48d6f79aae9964bf36014287e8') in 0.007533 seconds
Start importing Assets/NTSD/Scripts/Animation/Rendering/BattleRenderingDevicePolicy.cs using Guid(7df08358cf594c7287c2e5148687bc89) Importer(-1,00000000000000000000000000000000) [PhysX] Initialized MultithreadedTaskDispatcher with 20 workers.
 -> (artifact id: '80388eafbd9fc44af4aa1ef096b67df6') in 0.010591 seconds
Start importing Assets/NTSD/Scripts/Test/BattleRuntimeSelfCheck.cs using Guid(bd56afc6be3a446b838080c2799e85ee) Importer(-1,00000000000000000000000000000000) [PhysX] Initialized MultithreadedTaskDispatcher with 20 workers.
 -> (artifact id: 'd2e49ba20336b5cf53a787c1bc8e67b1') in 0.002943 seconds
Start importing Assets/NTSD/Scripts/Animation/Runtime/BattleAtlasResources.cs using Guid(6f43228432f840c781f9cc322f8c1afe) Importer(-1,00000000000000000000000000000000) [PhysX] Initialized MultithreadedTaskDispatcher with 20 workers.
 -> (artifact id: '8aafd547018a3e21ea6ef329b48a41d1') in 0.002107 seconds
Refreshing native plugins compatible for Editor in 22.79 ms, found 4 plugins.
Native extension for WindowsStandalone target not found
Launched and connected shader compiler UnityShaderCompiler.exe after 0.06 seconds
Mono: successfully reloaded assembly
- Finished resetting the current domain, in  7.291 seconds
Domain Reload Profiling: 8382ms
	BeginReloadAssembly (140ms)
		ExecutionOrderSort (0ms)
		DisableScriptedObjects (4ms)
		BackupInstance (0ms)
		ReleaseScriptingObjects (0ms)
		CreateAndSetChildDomain (20ms)
	RebuildCommonClasses (25ms)
	RebuildNativeTypeToScriptingClass (6ms)
	initialDomainReloadingComplete (60ms)
	LoadAllAssembliesAndSetupDomain (859ms)
		LoadAssemblies (610ms)
		RebuildTransferFunctionScriptingTraits (0ms)
		AnalyzeDomain (330ms)
			TypeCache.Refresh (268ms)
				TypeCache.ScanAssembly (244ms)
			ScanForSourceGeneratedMonoScriptInfo (39ms)
			ResolveRequiredComponents (20ms)
	FinalizeReload (7292ms)
		ReleaseScriptCaches (0ms)
		RebuildScriptCaches (0ms)
		SetupLoadedEditorAssemblies (6093ms)
			LogAssemblyErrors (0ms)
			InitializePlatformSupportModulesInManaged (5ms)
			SetLoadedEditorAssemblies (4ms)
			RefreshPlugins (0ms)
			BeforeProcessingInitializeOnLoad (156ms)
			ProcessInitializeOnLoadAttributes (5648ms)
			ProcessInitializeOnLoadMethodAttributes (263ms)
			AfterProcessingInitializeOnLoad (17ms)
			EditorAssembliesLoaded (0ms)
		ExecutionOrderSort2 (0ms)
		AwakeInstancesAfterBackupRestoration (11ms)
Start importing Assets/NTSD/Docs/HANDOFF-codex-battle-alignment.md using Guid(66a660f04a8e8454ea7a852b45086122) Importer(-1,00000000000000000000000000000000) [PhysX] Initialized MultithreadedTaskDispatcher with 20 workers.
 -> (artifact id: 'd28aa5b1190b80c09db8bc74c528745a') in 0.008056 seconds
Start importing Assets/NTSD/Docs/csharp-vs-unity-battle-alignment.md using Guid(e8ad157dbdbcd1749a89c8935a1b317f) Importer(-1,00000000000000000000000000000000) [PhysX] Initialized MultithreadedTaskDispatcher with 20 workers.
 -> (artifact id: '4314d9cb0ee430692a6497b8f261ccba') in 0.006757 seconds
Start importing Assets/NTSD/Docs/central-battle-render-system-plan.md using Guid(3b072b9864faf7540aff5969ec9487ef) Importer(-1,00000000000000000000000000000000) [PhysX] Initialized MultithreadedTaskDispatcher with 20 workers.
 -> (artifact id: '3370c68001a778cff62f83ca96cac1b1') in 0.006718 seconds
Refreshing native plugins compatible for Editor in 23.19 ms, found 4 plugins.
Preloading 0 native plugins for Editor in 0.00 ms.
Asset Pipeline Refresh (id=d5ce4fe55adf9294dae7aede34ec0547): Total: 15.909 seconds - Initiated by InitialRefreshV2(ForceSynchronousImport)
	Summary:
		Imports: total=8 (actual=8, local cache=0, cache server=0)
		Asset DB Process Time: managed=5 ms, native=4933 ms
		Asset DB Callback time: managed=92 ms, native=30 ms
		Scripting: domain reloads=1, domain reload time=8628 ms, compile time=2079 ms, other=139 ms
		Project Asset Count: scripts=10429, non-scripts=4936
		Asset File Changes: new=0, changed=1, moved=0, deleted=0
		Scan Filter Count: 0
	InvokeBeforeRefreshCallbacks: 2.727ms
	ApplyChangesToAssetFolders: 0.047ms
	Scan: 380.147ms
	OnSourceAssetsModified: 2.318ms
	GetAllGuidsForCategorization: 1.678ms
	CategorizeAssets: 294.959ms
	ImportOutOfDateAssets: 8036.446ms (5271.595ms without children)
		ImportManagerImport: 617.989ms (13.700ms without children)
			ImportInProcess: 604.284ms
			UpdateCategorizedAssets: 0.005ms
		CompileScripts: 2079.330ms
		ReloadNativeAssets: 0.059ms
		UnloadImportedAssets: 58.823ms
		ReloadImportedAssets: 0.001ms
		EnsureUptoDateAssetsAreRegisteredWithGuidPM: 6.248ms
		InitializingProgressBar: 0.008ms
		PostProcessAllAssetNotificationsAddChangedAssets: 0.001ms
		OnDemandSchedulerStart: 2.392ms
	PostProcessAllAssets: 93.654ms
	Hotreload: 24.568ms
	GatherAllCurrentPrimaryArtifactRevisions: 0.000ms
	UnloadStreamsBegin: 1.651ms
	PersistCurrentRevisions: 0.540ms
	UnloadStreamsEnd: 0.112ms
	GenerateScriptTypeHashes: 4.625ms
	Untracked: 7070.462ms
Application.AssetDatabase Initial Refresh End
Shader Hidden/ProbeVolume/VoxelizeScene is not supported: GPU does not support conservative rasterization
Shader 'MoreMountains/MMRipple': fallback shader 'Particle/AlphaBlended' not found
Scanning for USB devices : 4.768ms
Initializing Unity extensions:
[Licensing::Client] Successfully resolved entitlements
[MODES] ModeService[none].Initialize
[MODES] ModeService[none].LoadModes
[MODES] Loading mode Default (0) for mode-current-id-NTSD
[PhysX] Initialized MultithreadedTaskDispatcher with 20 workers.
ProgressiveSceneManager::Cancel()
Unloading 8 Unused Serialized files (Serialized files now loaded: 0)
Unloading 149 unused Assets / (0.5 MB). Loaded Objects now: 9127.
Memory consumption went from 292.0 MB to 291.5 MB.
Total: 43.380700 ms (FindLiveObjects: 0.693100 ms CreateObjectMapping: 0.354000 ms MarkObjects: 41.846500 ms  DeleteObjects: 0.485700 ms)

[SimulationWorld] Registered: SimOrder=10, StableId=0, Type=FlowSelfCheckEntity
UnityEngine.StackTraceUtility:ExtractStackTrace ()
UnityEngine.DebugLogHandler:LogFormat (UnityEngine.LogType,UnityEngine.Object,string,object[])
UnityEngine.Logger:Log (UnityEngine.LogType,object)
UnityEngine.Debug:Log (object)
NTSD.Simulation.SimulationWorld:Register (NTSD.Simulation.ISimObject) (at Assets/NTSD/Scripts/Simulation/SimulationWorld.Registry.partial.cs:406)
NTSD.Test.BattleRuntimeSelfCheck:CheckBattleSpriteCatalogContracts () (at Assets/NTSD/Scripts/Test/BattleRuntimeSelfCheck.cs:3787)
NTSD.Test.BattleRuntimeSelfCheck:RunAllChecksStatic () (at Assets/NTSD/Scripts/Test/BattleRuntimeSelfCheck.cs:61)
NTSD.EditorTools.BattleRuntimeSelfCheckEditor:RunAndWriteResult (bool) (at Assets/NTSD/Scripts/Test/Editor/BattleRuntimeSelfCheckEditor.cs:96)
NTSD.EditorTools.BattleRuntimeSelfCheckEditor:RunForBatchmode () (at Assets/NTSD/Scripts/Test/Editor/BattleRuntimeSelfCheckEditor.cs:35)

(Filename: Assets/NTSD/Scripts/Simulation/SimulationWorld.Registry.partial.cs Line: 406)

[SimulationWorld] Registered: SimOrder=10, StableId=0, Type=FlowSelfCheckEntity
UnityEngine.StackTraceUtility:ExtractStackTrace ()
UnityEngine.DebugLogHandler:LogFormat (UnityEngine.LogType,UnityEngine.Object,string,object[])
UnityEngine.Logger:Log (UnityEngine.LogType,object)
UnityEngine.Debug:Log (object)
NTSD.Simulation.SimulationWorld:Register (NTSD.Simulation.ISimObject) (at Assets/NTSD/Scripts/Simulation/SimulationWorld.Registry.partial.cs:406)
NTSD.Test.BattleRuntimeSelfCheck:CheckHeldPresentationGeometryContracts () (at Assets/NTSD/Scripts/Test/BattleRuntimeSelfCheck.cs:4246)
NTSD.Test.BattleRuntimeSelfCheck:RunAllChecksStatic () (at Assets/NTSD/Scripts/Test/BattleRuntimeSelfCheck.cs:64)
NTSD.EditorTools.BattleRuntimeSelfCheckEditor:RunAndWriteResult (bool) (at Assets/NTSD/Scripts/Test/Editor/BattleRuntimeSelfCheckEditor.cs:96)
NTSD.EditorTools.BattleRuntimeSelfCheckEditor:RunForBatchmode () (at Assets/NTSD/Scripts/Test/Editor/BattleRuntimeSelfCheckEditor.cs:35)

(Filename: Assets/NTSD/Scripts/Simulation/SimulationWorld.Registry.partial.cs Line: 406)

[SimulationWorld] Registered: SimOrder=20, StableId=0, Type=FlowSelfCheckEntity
UnityEngine.StackTraceUtility:ExtractStackTrace ()
UnityEngine.DebugLogHandler:LogFormat (UnityEngine.LogType,UnityEngine.Object,string,object[])
UnityEngine.Logger:Log (UnityEngine.LogType,object)
UnityEngine.Debug:Log (object)
NTSD.Simulation.SimulationWorld:Register (NTSD.Simulation.ISimObject) (at Assets/NTSD/Scripts/Simulation/SimulationWorld.Registry.partial.cs:406)
NTSD.Test.BattleRuntimeSelfCheck:CheckHeldPresentationGeometryContracts () (at Assets/NTSD/Scripts/Test/BattleRuntimeSelfCheck.cs:4247)
NTSD.Test.BattleRuntimeSelfCheck:RunAllChecksStatic () (at Assets/NTSD/Scripts/Test/BattleRuntimeSelfCheck.cs:64)
NTSD.EditorTools.BattleRuntimeSelfCheckEditor:RunAndWriteResult (bool) (at Assets/NTSD/Scripts/Test/Editor/BattleRuntimeSelfCheckEditor.cs:96)
NTSD.EditorTools.BattleRuntimeSelfCheckEditor:RunForBatchmode () (at Assets/NTSD/Scripts/Test/Editor/BattleRuntimeSelfCheckEditor.cs:35)

(Filename: Assets/NTSD/Scripts/Simulation/SimulationWorld.Registry.partial.cs Line: 406)

[BattleRuntimeSelfCheck] 自检失败: Object reference not set to an instance of an object
  at NTSD.Test.BattleRuntimeSelfCheck.CheckHeldPresentationGeometryContracts () [0x0050f] in I:\GitHub\Unity_GAS\gameplay-ability-system-for-unity\Assets\NTSD\Scripts\Test\BattleRuntimeSelfCheck.cs:4312 
  at NTSD.Test.BattleRuntimeSelfCheck.RunAllChecksStatic () [0x00032] in I:\GitHub\Unity_GAS\gameplay-ability-system-for-unity\Assets\NTSD\Scripts\Test\BattleRuntimeSelfCheck.cs:64 
UnityEngine.StackTraceUtility:ExtractStackTrace ()
UnityEngine.DebugLogHandler:LogFormat (UnityEngine.LogType,UnityEngine.Object,string,object[])
UnityEngine.Logger:Log (UnityEngine.LogType,object)
UnityEngine.Debug:LogError (object)
NTSD.Test.BattleRuntimeSelfCheck:RunAllChecksStatic () (at Assets/NTSD/Scripts/Test/BattleRuntimeSelfCheck.cs:202)
NTSD.EditorTools.BattleRuntimeSelfCheckEditor:RunAndWriteResult (bool) (at Assets/NTSD/Scripts/Test/Editor/BattleRuntimeSelfCheckEditor.cs:96)
NTSD.EditorTools.BattleRuntimeSelfCheckEditor:RunForBatchmode () (at Assets/NTSD/Scripts/Test/Editor/BattleRuntimeSelfCheckEditor.cs:35)

(Filename: Assets/NTSD/Scripts/Test/BattleRuntimeSelfCheck.cs Line: 202)

Start importing ProjectSettings/ProjectSettings.asset using Guid(00000000000000004000000000000000) Importer(-1,00000000000000000000000000000000) [PhysX] Initialized MultithreadedTaskDispatcher with 20 workers.
 -> (artifact id: '0ff3953d2439562cad7189a6f46b2dcd') in 0.006374 seconds
Refreshing native plugins compatible for Editor in 22.64 ms, found 4 plugins.
Preloading 0 native plugins for Editor in 0.00 ms.
Asset Pipeline Refresh (id=9b8268c487c411c4e91fe11158269e21): Total: 0.096 seconds - Initiated by StopAssetImportingV2(NoUpdateAssetOptions)
[PhysX] Initialized MultithreadedTaskDispatcher with 20 workers.
[Licensing::IpcConnector] License Notification channel disconnected successfully.
[Licensing::IpcConnector] License Client channel disconnected successfully.
Cleanup mono
[Performance] WinEditorMain                                                                                                        :        1 samples, Peak.  2.21 s (1.0x), Avg.  2.21 s, Total. 2.207 s (5.9%)
[Performance] WinEditorMain.ConfigureCrashHandler                                                                                  :        1 samples, Peak.  34.1 us (1.0x), Avg.  34.1 us, Total. 34.10 us (0.0%)
[Performance] WinEditorMain.CurlRequestInitialize                                                                                  :        1 samples, Peak.  4.59 ms (1.0x), Avg.  4.59 ms, Total. 4.588 ms (0.0%)
[Performance] WinEditorMain.SetupLogFile                                                                                           :        1 samples, Peak.  1.99 ms (1.0x), Avg.  1.99 ms, Total. 1.986 ms (0.0%)
[Performance] WinEditorMain.RunNativeTestsIfRequiredAndExit                                                                        :        1 samples, Peak.   300 ns (1.0x), Avg.   300 ns, Total. 300.0 ns (0.0%)
[Performance] WinEditorMain.Licensing                                                                                              :        1 samples, Peak.   801 ms (1.0x), Avg.   801 ms, Total. 801.5 ms (2.1%)
[Performance] WinEditorMain.InitializeCrashHandler                                                                                 :        1 samples, Peak.  58.3 ms (1.0x), Avg.  58.3 ms, Total. 58.30 ms (0.2%)
[Performance] WinEditorMain.CreateApplication                                                                                      :        1 samples, Peak.   824 us (1.0x), Avg.   824 us, Total. 824.3 us (0.0%)
[Performance] Application.InitializeProject                                                                                        :        1 samples, Peak.  32.5 s (1.0x), Avg.  32.5 s, Total. 32.50 s (86.7%)
[Performance] Application.PackageManager.StartServer                                                                               :        1 samples, Peak.  50.0 ms (1.0x), Avg.  50.0 ms, Total. 50.03 ms (0.1%)
[Performance] Application.AcquireProjectLock                                                                                       :        1 samples, Peak.  69.8 ms (1.0x), Avg.  69.8 ms, Total. 69.84 ms (0.2%)
[Performance] Application.InitializeEngineNoGraphics                                                                               :        1 samples, Peak.   101 ms (1.0x), Avg.   101 ms, Total. 100.7 ms (0.3%)
[Performance] Application.PackageManager.Initialize                                                                                :        1 samples, Peak.  1.15 s (1.0x), Avg.  1.15 s, Total. 1.154 s (3.1%)
[Performance] Connecting to Package Manager                                                                                        :      112 samples, Peak.   384 us (38.1x), Avg.  10.1 us, Total. 1.127 ms (0.0%)
[Performance] Application.EngineGraphics.Initialize                                                                                :        1 samples, Peak.   746 ms (1.0x), Avg.   746 ms, Total. 745.7 ms (2.0%)
[Performance] Application.GI.Initialize                                                                                            :        1 samples, Peak.  4.46 ms (1.0x), Avg.  4.46 ms, Total. 4.462 ms (0.0%)
[Performance] Application.LoadAllDefaultResourcesFromEditor                                                                        :        1 samples, Peak.  1.85 ms (1.0x), Avg.  1.85 ms, Total. 1.848 ms (0.0%)
[Performance] Application.LoadMonoAssemblies                                                                                       :        1 samples, Peak.   614 ms (1.0x), Avg.   614 ms, Total. 613.6 ms (1.6%)
[Performance] RestoreManagedReferences                                                                                             :        2 samples, Peak.  62.0 ms (2.0x), Avg.  31.0 ms, Total. 61.99 ms (0.2%)
[Performance] InitializeOnLoad MixerEffectDefinitionReloader                                                                       :        2 samples, Peak.  2.57 ms (1.2x), Avg.  2.22 ms, Total. 4.445 ms (0.0%)
[Performance] InitializeOnLoad SettingsService                                                                                     :        2 samples, Peak.  14.3 us (1.3x), Avg.  11.2 us, Total. 22.40 us (0.0%)
[Performance] InitializeOnLoad SceneSearch                                                                                         :        2 samples, Peak.   108 us (1.1x), Avg.  97.3 us, Total. 194.5 us (0.0%)
[Performance] InitializeOnLoad ObjectSelectorSearch                                                                                :        2 samples, Peak.   227 us (1.1x), Avg.   201 us, Total. 401.9 us (0.0%)
[Performance] InitializeOnLoad EditMode                                                                                            :        2 samples, Peak.   302 us (1.1x), Avg.   280 us, Total. 560.2 us (0.0%)
[Performance] InitializeOnLoad ProjectSearch                                                                                       :        2 samples, Peak.   100 us (1.5x), Avg.  65.8 us, Total. 131.5 us (0.0%)
[Performance] InitializeOnLoad WindowLayout                                                                                        :        2 samples, Peak.   371 us (1.0x), Avg.   360 us, Total. 719.5 us (0.0%)
[Performance] InitializeOnLoad DrivenRectTransformUndo                                                                             :        2 samples, Peak.   157 us (1.1x), Avg.   148 us, Total. 296.4 us (0.0%)
[Performance] InitializeOnLoad CacheServerWindow                                                                                   :        2 samples, Peak.  13.8 us (1.4x), Avg.  10.1 us, Total. 20.20 us (0.0%)
[Performance] InitializeOnLoad NativeFormatImporterUtility                                                                         :        2 samples, Peak.  1.68 ms (1.1x), Avg.  1.52 ms, Total. 3.041 ms (0.0%)
[Performance] InitializeOnLoad CloudBuild                                                                                          :        2 samples, Peak.  5.80 us (1.2x), Avg.  4.95 us, Total. 9.900 us (0.0%)
[Performance] InitializeOnLoad ManagedDebuggerWindow                                                                               :        2 samples, Peak.   534 us (1.4x), Avg.   371 us, Total. 742.9 us (0.0%)
[Performance] InitializeOnLoad PrefabInstanceChangedListener                                                                       :        2 samples, Peak.   101 us (1.0x), Avg.  98.1 us, Total. 196.1 us (0.0%)
[Performance] InitializeOnLoad AddComponentWindow                                                                                  :        2 samples, Peak.  82.7 us (1.1x), Avg.  76.5 us, Total. 153.0 us (0.0%)
[Performance] InitializeOnLoad ManagedDebugger                                                                                     :        2 samples, Peak.   600 ns (1.1x), Avg.   550 ns, Total. 1.100 us (0.0%)
[Performance] InitializeOnLoad MenuItems                                                                                           :        2 samples, Peak.  59.3 us (1.0x), Avg.  58.4 us, Total. 116.8 us (0.0%)
[Performance] InitializeOnLoad UISystemProfilerRenderService                                                                       :        2 samples, Peak.  4.80 us (1.1x), Avg.  4.30 us, Total. 8.600 us (0.0%)
[Performance] InitializeOnLoad AssetStoreContext                                                                                   :        2 samples, Peak.  18.2 ms (1.0x), Avg.  17.4 ms, Total. 34.82 ms (0.1%)
[Performance] InitializeOnLoad ShortcutIntegration                                                                                 :        2 samples, Peak.  53.5 us (1.0x), Avg.  51.7 us, Total. 103.5 us (0.0%)
[Performance] InitializeOnLoad PlayModeDownload                                                                                    :        2 samples, Peak.  4.54 ms (1.9x), Avg.  2.35 ms, Total. 4.700 ms (0.0%)
[Performance] InitializeOnLoad UnityConnect                                                                                        :        2 samples, Peak.  90.6 us (1.4x), Avg.  64.6 us, Total. 129.3 us (0.0%)
[Performance] InitializeOnLoad SearchService                                                                                       :        2 samples, Peak.   100 us (1.1x), Avg.  87.4 us, Total. 174.9 us (0.0%)
[Performance] InitializeOnLoad EditorMonitor                                                                                       :        2 samples, Peak.   458 us (1.1x), Avg.   415 us, Total. 830.0 us (0.0%)
[Performance] InitializeOnLoad RetainedMode                                                                                        :        2 samples, Peak.  1.86 ms (1.1x), Avg.  1.72 ms, Total. 3.443 ms (0.0%)
[Performance] InitializeOnLoad EditorShaderLoader                                                                                  :        2 samples, Peak.   461 us (1.0x), Avg.   451 us, Total. 902.4 us (0.0%)
[Performance] InitializeOnLoad EditorDelegateRegistration                                                                          :        2 samples, Peak.   390 us (1.1x), Avg.   343 us, Total. 687.0 us (0.0%)
[Performance] InitializeOnLoad UIDocumentHierarchyWatcher                                                                          :        2 samples, Peak.  60.5 us (1.1x), Avg.  56.9 us, Total. 113.8 us (0.0%)
[Performance] InitializeOnLoad LiveReloadTrackerCreator                                                                            :        2 samples, Peak.   125 us (1.1x), Avg.   111 us, Total. 221.1 us (0.0%)
[Performance] InitializeOnLoad UxmlObjectEditorFactories                                                                           :        2 samples, Peak.   383 us (1.1x), Avg.   336 us, Total. 671.1 us (0.0%)
[Performance] InitializeOnLoad UXMLEditorFactories                                                                                 :        2 samples, Peak.  49.4 ms (1.1x), Avg.  44.4 ms, Total. 88.89 ms (0.2%)
[Performance] InitializeOnLoad CloudBuildPoller                                                                                    :        2 samples, Peak.   292 us (1.1x), Avg.   257 us, Total. 514.4 us (0.0%)
[Performance] InitializeOnLoad AdsService                                                                                          :        2 samples, Peak.  1.03 ms (1.0x), Avg.  1.00 ms, Total. 2.001 ms (0.0%)
[Performance] InitializeOnLoad EditorGameServicesAnalytics                                                                         :        2 samples, Peak.  1.27 ms (1.6x), Avg.   792 us, Total. 1.584 ms (0.0%)
[Performance] InitializeOnLoad UDPService                                                                                          :        2 samples, Peak.   129 us (1.0x), Avg.   128 us, Total. 255.2 us (0.0%)
[Performance] InitializeOnLoad BuildService                                                                                        :        2 samples, Peak.   108 us (1.0x), Avg.   107 us, Total. 214.0 us (0.0%)
[Performance] InitializeOnLoad ServicesRepository                                                                                  :        2 samples, Peak.   600 ns (1.2x), Avg.   500 ns, Total. 1000.0 ns (0.0%)
[Performance] InitializeOnLoad PurchasingService                                                                                   :        2 samples, Peak.  4.49 ms (1.1x), Avg.  4.17 ms, Total. 8.347 ms (0.0%)
[Performance] InitializeOnLoad AnalyticsService                                                                                    :        2 samples, Peak.   135 us (1.0x), Avg.   130 us, Total. 260.2 us (0.0%)
[Performance] InitializeOnLoad CrashService                                                                                        :        2 samples, Peak.   110 us (1.0x), Avg.   108 us, Total. 216.1 us (0.0%)
[Performance] InitializeOnLoad SearchWindow                                                                                        :        2 samples, Peak.   118 us (1.2x), Avg.   102 us, Total. 203.2 us (0.0%)
[Performance] InitializeOnLoad CustomIndexers                                                                                      :        2 samples, Peak.  17.1 ms (1.2x), Avg.  14.7 ms, Total. 29.33 ms (0.1%)
[Performance] InitializeOnLoad SearchMonitor                                                                                       :        2 samples, Peak.   796 us (1.2x), Avg.   681 us, Total. 1.363 ms (0.0%)
[Performance] InitializeOnLoad ParameterControllerEditor                                                                           :        2 samples, Peak.  14.0 us (1.1x), Avg.  12.8 us, Total. 25.60 us (0.0%)
[Performance] InitializeOnLoad LayerSettingsWindow                                                                                 :        2 samples, Peak.  12.9 us (1.6x), Avg.  8.20 us, Total. 16.40 us (0.0%)
[Performance] InitializeOnLoad PackageManagerHookGUIDConverter.RegisterPackagesEventHandler                                        :        2 samples, Peak.   583 us (1.7x), Avg.   353 us, Total. 705.0 us (0.0%)
[Performance] InitializeOnLoad EditorDragAndDrop.RegisterEditorClient                                                              :        2 samples, Peak.   233 us (1.2x), Avg.   196 us, Total. 392.4 us (0.0%)
[Performance] InitializeOnLoad EditorEventCallbacks.InitializeFontAssetResourceChangeCallBacks                                     :        2 samples, Peak.   733 us (1.0x), Avg.   700 us, Total. 1.401 ms (0.0%)
[Performance] InitializeOnLoad SceneTemplateService.Init                                                                           :        2 samples, Peak.   876 us (1.2x), Avg.   736 us, Total. 1.471 ms (0.0%)
[Performance] InitializeOnLoad DiagnosticSwitchesConsoleMessage.Init                                                               :        2 samples, Peak.  11.7 ms (1.9x), Avg.  6.04 ms, Total. 12.08 ms (0.0%)
[Performance] InitializeOnLoad SysrootManager.Initialize                                                                           :        2 samples, Peak.   390 us (1.0x), Avg.   389 us, Total. 778.2 us (0.0%)
[Performance] InitializeOnLoad RectSelection.RegisterShortcutContext                                                               :        2 samples, Peak.   203 us (1.1x), Avg.   177 us, Total. 354.3 us (0.0%)
[Performance] InitializeOnLoad PackageManagerWindow.EditorInitializedInSafeMode                                                    :        2 samples, Peak.  19.1 ms (2.0x), Avg.  9.62 ms, Total. 19.24 ms (0.1%)
[Performance] InitializeOnLoad EditorWindow.Initialize                                                                             :        2 samples, Peak.   172 us (1.0x), Avg.   170 us, Total. 339.7 us (0.0%)
[Performance] InitializeOnLoad AssetPostprocessingInternal.RefreshCustomDependencies                                               :        2 samples, Peak.  1.76 ms (1.0x), Avg.  1.68 ms, Total. 3.366 ms (0.0%)
[Performance] InitializeOnLoad ScopedRegistryAddedPopup.SubscribeToRegistriesAdded                                                 :        2 samples, Peak.  5.46 ms (2.0x), Avg.  2.77 ms, Total. 5.533 ms (0.0%)
[Performance] InitializeOnLoad SceneViewMotion.RegisterShortcutContexts                                                            :        2 samples, Peak.   124 us (1.1x), Avg.   109 us, Total. 218.3 us (0.0%)
[Performance] InitializeOnLoad MemoryProfilerCompilationGuard.InjectCompileGuard                                                   :        2 samples, Peak.   103 us (1.3x), Avg.  81.7 us, Total. 163.4 us (0.0%)
[Performance] InitializeOnLoad ToolShortcutContext.Init                                                                            :        2 samples, Peak.   106 us (1.1x), Avg.  94.0 us, Total. 188.0 us (0.0%)
[Performance] InitializeOnLoad SceneVisibilityManager.Initialize                                                                   :        2 samples, Peak.  3.72 ms (1.7x), Avg.  2.14 ms, Total. 4.275 ms (0.0%)
[Performance] AssemblyReloadEvents.afterAssemblyReload: UnityEditor.SceneTemplate.SceneTemplateService.AfterAssemblyReload         :        2 samples, Peak.  2.55 ms (1.8x), Avg.  1.39 ms, Total. 2.777 ms (0.0%)
[Performance] ProcessService.EditorAfterLoadAllAssemblies                                                                          :        2 samples, Peak.   353 us (1.3x), Avg.   280 us, Total. 559.0 us (0.0%)
[Performance] Application.ReadLicenseInfo                                                                                          :        1 samples, Peak.  14.5 ms (1.0x), Avg.  14.5 ms, Total. 14.49 ms (0.0%)
[Performance] Application.InitialRefresh                                                                                           :        1 samples, Peak.  15.9 s (1.0x), Avg.  15.9 s, Total. 15.91 s (42.4%)
[Performance] ShaderImporter.SourceAssetModified                                                                                   :        2 samples, Peak.   900 ns (1.6x), Avg.   550 ns, Total. 1.100 us (0.0%)
[Performance] ShaderIncludeImporter.SourceAssetModified                                                                            :        2 samples, Peak.  1.30 us (1.3x), Avg.  1000 ns, Total. 2.000 us (0.0%)
[Performance] Compiling Scripts                                                                                                    :        1 samples, Peak.  2.08 s (1.0x), Avg.  2.08 s, Total. 2.079 s (5.5%)
[Performance] AssemblyReloadEvents.beforeAssemblyReload: UnityEditor.SceneTemplate.SceneTemplateService.BeforeAssemblyReload       :        1 samples, Peak.   380 us (1.0x), Avg.   380 us, Total. 380.3 us (0.0%)
[Performance] PSDImporterAssetPostProcessor.OnPreprocessAsset                                                                      :       12 samples, Peak.   824 us (10.2x), Avg.  81.1 us, Total. 973.3 us (0.0%)
[Performance] PresetManagerPostProcessor.OnPreprocessAsset                                                                         :       12 samples, Peak.   372 us (7.6x), Avg.  49.1 us, Total. 589.2 us (0.0%)
[Performance] CancelSplashScreenOnAssetChange.OnPreprocessAsset                                                                    :       12 samples, Peak.   114 us (9.4x), Avg.  12.1 us, Total. 144.9 us (0.0%)
[Performance] ShaderGraphAssetPostProcessor.OnPreprocessAsset                                                                      :       12 samples, Peak.   145 us (9.1x), Avg.  15.8 us, Total. 189.9 us (0.0%)
[Performance] SpritePostProcess.OnPreprocessAsset                                                                                  :       12 samples, Peak.  1.55 ms (10.6x), Avg.   146 us, Total. 1.750 ms (0.0%)
[Performance] InitializeOnLoad InputSystem                                                                                         :        1 samples, Peak.  45.6 ms (1.0x), Avg.  45.6 ms, Total. 45.65 ms (0.1%)
[Performance] InitializeOnLoad TouchSimulation                                                                                     :        1 samples, Peak.   116 us (1.0x), Avg.   116 us, Total. 116.4 us (0.0%)
[Performance] InitializeOnLoad BurstLoader                                                                                         :        1 samples, Peak.  3.98 s (1.0x), Avg.  3.98 s, Total. 3.976 s (10.6%)
[Performance] InitializeOnLoad ShadowCasterGroup2DManager                                                                          :        1 samples, Peak.   100 us (1.0x), Avg.   100 us, Total. 100.2 us (0.0%)
[Performance] InitializeOnLoad OnDomainReload                                                                                      :        1 samples, Peak.   364 us (1.0x), Avg.   364 us, Total. 364.0 us (0.0%)
[Performance] InitializeOnLoad EditorInitialize                                                                                    :        4 samples, Peak.  20.4 ms (3.6x), Avg.  5.65 ms, Total. 22.61 ms (0.1%)
[Performance] InitializeOnLoad CanvasesAndTheirOwners                                                                              :        1 samples, Peak.   192 us (1.0x), Avg.   192 us, Total. 191.7 us (0.0%)
[Performance] InitializeOnLoad DeScriptExecutionOrderManager                                                                       :        1 samples, Peak.  17.4 ms (1.0x), Avg.  17.4 ms, Total. 17.43 ms (0.0%)
[Performance] InitializeOnLoad Initializer                                                                                         :        2 samples, Peak.   283 us (1.3x), Avg.   219 us, Total. 437.7 us (0.0%)
[Performance] InitializeOnLoad UnityVersion                                                                                        :        2 samples, Peak.   254 us (1.1x), Avg.   225 us, Total. 450.0 us (0.0%)
[Performance] InitializeOnLoad PrefabSelectionTracker                                                                              :        1 samples, Peak.   765 us (1.0x), Avg.   765 us, Total. 764.6 us (0.0%)
[Performance] InitializeOnLoad FormatterLocator                                                                                    :        1 samples, Peak.  8.59 ms (1.0x), Avg.  8.59 ms, Total. 8.586 ms (0.0%)
[Performance] InitializeOnLoad FormatterUtilities                                                                                  :        1 samples, Peak.   434 us (1.0x), Avg.   434 us, Total. 434.1 us (0.0%)
[Performance] InitializeOnLoad UnityEditorEventUtility                                                                             :        1 samples, Peak.  3.43 ms (1.0x), Avg.  3.43 ms, Total. 3.427 ms (0.0%)
[Performance] InitializeOnLoad SirenixEditorGUI                                                                                    :        1 samples, Peak.  4.61 ms (1.0x), Avg.  4.61 ms, Total. 4.614 ms (0.0%)
[Performance] InitializeOnLoad GUIHelper                                                                                           :        1 samples, Peak.  20.4 ms (1.0x), Avg.  20.4 ms, Total. 20.36 ms (0.1%)
[Performance] InitializeOnLoad SirenixGUIStyles                                                                                    :        1 samples, Peak.  1.30 us (1.0x), Avg.  1.30 us, Total. 1.300 us (0.0%)
[Performance] InitializeOnLoad AssemblyUtilities                                                                                   :        1 samples, Peak.   400 ns (1.0x), Avg.   400 ns, Total. 400.0 ns (0.0%)
[Performance] InitializeOnLoad ASTEmitter                                                                                          :        1 samples, Peak.  1.87 ms (1.0x), Avg.  1.87 ms, Total. 1.868 ms (0.0%)
[Performance] InitializeOnLoad OdinModuleConfig                                                                                    :        1 samples, Peak.   951 us (1.0x), Avg.   951 us, Total. 951.3 us (0.0%)
[Performance] InitializeOnLoad ColorPaletteManager                                                                                 :        1 samples, Peak.  15.5 us (1.0x), Avg.  15.5 us, Total. 15.50 us (0.0%)
[Performance] InitializeOnLoad GeneralDrawerConfig                                                                                 :        1 samples, Peak.   177 us (1.0x), Avg.   177 us, Total. 176.5 us (0.0%)
[Performance] InitializeOnLoad FixUnityAboutWindowBeforeEmit                                                                       :        1 samples, Peak.   146 us (1.0x), Avg.   146 us, Total. 146.4 us (0.0%)
[Performance] InitializeOnLoad FixUnityAssemblyVersionResolution                                                                   :        1 samples, Peak.   158 us (1.0x), Avg.   158 us, Total. 158.5 us (0.0%)
[Performance] InitializeOnLoad OdinEditor                                                                                          :        1 samples, Peak.   125 us (1.0x), Avg.   125 us, Total. 125.1 us (0.0%)
[Performance] InitializeOnLoad FixUnityScriptableObjectDirtying                                                                    :        1 samples, Peak.   186 us (1.0x), Avg.   186 us, Total. 186.3 us (0.0%)
[Performance] InitializeOnLoad PersistentContextCache                                                                              :        1 samples, Peak.   167 us (1.0x), Avg.   167 us, Total. 166.8 us (0.0%)
[Performance] InitializeOnLoad UndoTracker                                                                                         :        1 samples, Peak.   103 us (1.0x), Avg.   103 us, Total. 103.5 us (0.0%)
[Performance] InitializeOnLoad BattleParityTraceEditor                                                                             :        1 samples, Peak.   128 us (1.0x), Avg.   128 us, Total. 127.9 us (0.0%)
[Performance] InitializeOnLoad BattleRuntimeSelfCheckEditor                                                                        :        1 samples, Peak.  52.0 us (1.0x), Avg.  52.0 us, Total. 52.00 us (0.0%)
[Performance] InitializeOnLoad ProbeGIBaking                                                                                       :        1 samples, Peak.  2.45 ms (1.0x), Avg.  2.45 ms, Total. 2.453 ms (0.0%)
[Performance] InitializeOnLoad FilterWindow                                                                                        :        1 samples, Peak.  36.4 us (1.0x), Avg.  36.4 us, Total. 36.40 us (0.0%)
[Performance] InitializeOnLoad RealtimeProbeSubdivisionDebug                                                                       :        1 samples, Peak.   696 us (1.0x), Avg.   696 us, Total. 696.0 us (0.0%)
[Performance] InitializeOnLoad CinemachineStoryboardMute                                                                           :        1 samples, Peak.   348 us (1.0x), Avg.   348 us, Total. 347.9 us (0.0%)
[Performance] InitializeOnLoad SaveDuringPlay                                                                                      :        1 samples, Peak.  71.6 us (1.0x), Avg.  71.6 us, Total. 71.60 us (0.0%)
[Performance] InitializeOnLoad CollectGizmoDrawers                                                                                 :        1 samples, Peak.  46.3 ms (1.0x), Avg.  46.3 ms, Total. 46.26 ms (0.1%)
[Performance] InitializeOnLoad CinemachineScreenComposerGuidesGlobalDraggable                                                      :        1 samples, Peak.   351 us (1.0x), Avg.   351 us, Total. 350.8 us (0.0%)
[Performance] InitializeOnLoad CinemachineEditorAnalytics                                                                          :        1 samples, Peak.  43.5 us (1.0x), Avg.  43.5 us, Total. 43.50 us (0.0%)
[Performance] InitializeOnLoad CreateRigWithUndo                                                                                   :        1 samples, Peak.   111 us (1.0x), Avg.   111 us, Total. 110.6 us (0.0%)
[Performance] InitializeOnLoad CreatePipelineWithUndo                                                                              :        1 samples, Peak.   222 us (1.0x), Avg.   222 us, Total. 222.4 us (0.0%)
[Performance] InitializeOnLoad SyncCacheEnabledSetting                                                                             :        1 samples, Peak.  1.09 ms (1.0x), Avg.  1.09 ms, Total. 1.087 ms (0.0%)
[Performance] InitializeOnLoad CinemachineColliderPrefs                                                                            :        1 samples, Peak.   639 us (1.0x), Avg.   639 us, Total. 638.7 us (0.0%)
[Performance] InitializeOnLoad MMInterfaceDefineSymbols                                                                            :        1 samples, Peak.  3.88 ms (1.0x), Avg.  3.88 ms, Total. 3.882 ms (0.0%)
[Performance] InitializeOnLoad EditorToolManager                                                                                   :        2 samples, Peak.  1.70 ms (1.8x), Avg.   941 us, Total. 1.883 ms (0.0%)
[Performance] InitializeOnLoad NodeClassCache                                                                                      :        1 samples, Peak.  5.70 us (1.0x), Avg.  5.70 us, Total. 5.700 us (0.0%)
[Performance] InitializeOnLoad ShaderGraphMaterialsUpdater                                                                         :        2 samples, Peak.   302 us (1.7x), Avg.   176 us, Total. 352.9 us (0.0%)
[Performance] InitializeOnLoad Renderer2DAnalytics                                                                                 :        1 samples, Peak.  80.8 us (1.0x), Avg.  80.8 us, Total. 80.80 us (0.0%)
[Performance] InitializeOnLoad MMPathMovementEditor                                                                                :        1 samples, Peak.  11.9 us (1.0x), Avg.  11.9 us, Total. 11.90 us (0.0%)
[Performance] InitializeOnLoad SceneViewIconEditor                                                                                 :        1 samples, Peak.  5.50 us (1.0x), Avg.  5.50 us, Total. 5.500 us (0.0%)
[Performance] InitializeOnLoad MMPathEditor                                                                                        :        1 samples, Peak.  3.20 us (1.0x), Avg.  3.20 us, Total. 3.200 us (0.0%)
[Performance] InitializeOnLoad BackgroundWatcher                                                                                   :        1 samples, Peak.  95.7 us (1.0x), Avg.  95.7 us, Total. 95.70 us (0.0%)
[Performance] InitializeOnLoad UnityTestProtocolStarter                                                                            :        1 samples, Peak.   161 us (1.0x), Avg.   161 us, Total. 161.1 us (0.0%)
[Performance] InitializeOnLoad TestStarter                                                                                         :        1 samples, Peak.   600 us (1.0x), Avg.   600 us, Total. 600.3 us (0.0%)
[Performance] InitializeOnLoad RerunCallbackInitializer                                                                            :        1 samples, Peak.  4.03 ms (1.0x), Avg.  4.03 ms, Total. 4.033 ms (0.0%)
[Performance] InitializeOnLoad RiderScriptEditor                                                                                   :        1 samples, Peak.  8.85 ms (1.0x), Avg.  8.85 ms, Total. 8.851 ms (0.0%)
[Performance] InitializeOnLoad CallbackInitializer                                                                                 :        1 samples, Peak.  1.59 ms (1.0x), Avg.  1.59 ms, Total. 1.587 ms (0.0%)
[Performance] InitializeOnLoad SpriteEditorWindow                                                                                  :        1 samples, Peak.   405 us (1.0x), Avg.   405 us, Total. 405.5 us (0.0%)
[Performance] InitializeOnLoad CoverageReporterStarter                                                                             :        1 samples, Peak.  5.70 ms (1.0x), Avg.  5.70 ms, Total. 5.704 ms (0.0%)
[Performance] InitializeOnLoad BackgroundImport                                                                                    :        1 samples, Peak.   334 us (1.0x), Avg.   334 us, Total. 334.2 us (0.0%)
[Performance] InitializeOnLoad HttpBridgeReloadHandler                                                                             :        1 samples, Peak.   285 us (1.0x), Avg.   285 us, Total. 284.6 us (0.0%)
[Performance] InitializeOnLoad SetupWindowService                                                                                  :        1 samples, Peak.   118 us (1.0x), Avg.   118 us, Total. 118.3 us (0.0%)
[Performance] InitializeOnLoad ProjectIdentityUtility                                                                              :        1 samples, Peak.  93.6 us (1.0x), Avg.  93.6 us, Total. 93.60 us (0.0%)
[Performance] InitializeOnLoad HttpAutoStartHandler                                                                                :        1 samples, Peak.   140 us (1.0x), Avg.   140 us, Total. 139.7 us (0.0%)
[Performance] InitializeOnLoad TestRunnerNoThrottle                                                                                :        1 samples, Peak.   735 us (1.0x), Avg.   735 us, Total. 734.8 us (0.0%)
[Performance] InitializeOnLoad PlayModeOptionsGuard                                                                                :        1 samples, Peak.   896 us (1.0x), Avg.   896 us, Total. 896.2 us (0.0%)
[Performance] InitializeOnLoad TransportCommandDispatcher                                                                          :        1 samples, Peak.   706 ms (1.0x), Avg.   706 ms, Total. 706.5 ms (1.9%)
[Performance] InitializeOnLoad StdioBridgeHost                                                                                     :        1 samples, Peak.   429 us (1.0x), Avg.   429 us, Total. 428.8 us (0.0%)
[Performance] InitializeOnLoad StdIoVersionMigration                                                                               :        1 samples, Peak.  57.1 us (1.0x), Avg.  57.1 us, Total. 57.10 us (0.0%)
[Performance] InitializeOnLoad LegacyServerSrcMigration                                                                            :        1 samples, Peak.  37.2 us (1.0x), Avg.  37.2 us, Total. 37.20 us (0.0%)
[Performance] InitializeOnLoad EditorStateCache                                                                                    :        1 samples, Peak.   117 ms (1.0x), Avg.   117 ms, Total. 117.4 ms (0.3%)
[Performance] InitializeOnLoad McpEditorShutdownCleanup                                                                            :        1 samples, Peak.   334 us (1.0x), Avg.   334 us, Total. 333.7 us (0.0%)
[Performance] InitializeOnLoad StdioBridgeReloadHandler                                                                            :        1 samples, Peak.   114 us (1.0x), Avg.   114 us, Total. 114.4 us (0.0%)
[Performance] InitializeOnLoad VSCodeScriptEditor                                                                                  :        1 samples, Peak.  3.99 ms (1.0x), Avg.  3.99 ms, Total. 3.992 ms (0.0%)
[Performance] InitializeOnLoad PrefabLayoutRebuilder                                                                               :        1 samples, Peak.   199 us (1.0x), Avg.   199 us, Total. 198.9 us (0.0%)
[Performance] InitializeOnLoad InventoryEngineDefineSymbols                                                                        :        1 samples, Peak.   252 us (1.0x), Avg.   252 us, Total. 251.7 us (0.0%)
[Performance] InitializeOnLoad PlasticPlugin                                                                                       :        1 samples, Peak.  41.8 ms (1.0x), Avg.  41.8 ms, Total. 41.75 ms (0.1%)
[Performance] InitializeOnLoad VSUsageUtility                                                                                      :        1 samples, Peak.  70.5 ms (1.0x), Avg.  70.5 ms, Total. 70.52 ms (0.2%)
[Performance] InitializeOnLoad ToolbarBootstrap                                                                                    :        1 samples, Peak.   385 ms (1.0x), Avg.   385 ms, Total. 385.1 ms (1.0%)
[Performance] Package.AsyncRequest                                                                                                 :        6 samples, Peak.  2.11 ms (3.2x), Avg.   654 us, Total. 3.923 ms (0.0%)
[Performance] InitializeOnLoad VisualStudioEditor                                                                                  :        1 samples, Peak.  8.96 ms (1.0x), Avg.  8.96 ms, Total. 8.958 ms (0.0%)
[Performance] InitializeOnLoad TestRunnerApiListener                                                                               :        1 samples, Peak.  1.12 ms (1.0x), Avg.  1.12 ms, Total. 1.117 ms (0.0%)
[Performance] InitializeOnLoad VisualStudioIntegration                                                                             :        1 samples, Peak.  1.81 ms (1.0x), Avg.  1.81 ms, Total. 1.811 ms (0.0%)
[Performance] InitializeOnLoad SpriteSkinCompositeStartup                                                                          :        1 samples, Peak.  12.8 ms (1.0x), Avg.  12.8 ms, Total. 12.80 ms (0.0%)
[Performance] InitializeOnLoad ProCamera2DHierarchyIcon                                                                            :        1 samples, Peak.   297 us (1.0x), Avg.   297 us, Total. 296.8 us (0.0%)
[Performance] InitializeOnLoad UnityAnalyticsStorage                                                                               :        1 samples, Peak.   887 us (1.0x), Avg.   887 us, Total. 886.7 us (0.0%)
[Performance] InitializeOnLoad BoneGizmoInitializer                                                                                :        1 samples, Peak.  3.62 ms (1.0x), Avg.  3.62 ms, Total. 3.621 ms (0.0%)
[Performance] InitializeOnLoad Analytics                                                                                           :        1 samples, Peak.   271 us (1.0x), Avg.   271 us, Total. 271.3 us (0.0%)
[Performance] InitializeOnLoad EditorExecutors                                                                                     :        1 samples, Peak.   330 us (1.0x), Avg.   330 us, Total. 330.1 us (0.0%)
[Performance] InitializeOnLoad SceneDragAndDrop                                                                                    :        1 samples, Peak.   166 us (1.0x), Avg.   166 us, Total. 166.2 us (0.0%)
[Performance] InitializeOnLoad SpriteShapeUpdateCache                                                                              :        1 samples, Peak.   513 us (1.0x), Avg.   513 us, Total. 513.3 us (0.0%)
[Performance] InitializeOnLoad SpriteShapeUnityAnalyticsStorage                                                                    :        1 samples, Peak.  16.6 us (1.0x), Avg.  16.6 us, Total. 16.60 us (0.0%)
[Performance] InitializeOnLoad PersistentAssemblyGuidUpdater.Init                                                                  :        1 samples, Peak.   195 us (1.0x), Avg.   195 us, Total. 195.1 us (0.0%)
[Performance] InitializeOnLoad SdfIcons.FixBug                                                                                     :        1 samples, Peak.   155 ms (1.0x), Avg.   155 ms, Total. 155.2 ms (0.4%)
[Performance] InitializeOnLoad GUITimeHelper.Init                                                                                  :        1 samples, Peak.   428 us (1.0x), Avg.   428 us, Total. 427.8 us (0.0%)
[Performance] InitializeOnLoad EnsureEditorOnlyModeDefine.EnsureScriptingDefineSymbol                                              :        1 samples, Peak.  1.66 ms (1.0x), Avg.  1.66 ms, Total. 1.661 ms (0.0%)
[Performance] InitializeOnLoad ColorPaletteManager.LoadEditorPrefs                                                                 :        1 samples, Peak.   832 us (1.0x), Avg.   832 us, Total. 832.1 us (0.0%)
[Performance] InitializeOnLoad AcceptEULAWindow.OpenIfNotAccepted                                                                  :        1 samples, Peak.   128 us (1.0x), Avg.   128 us, Total. 128.3 us (0.0%)
[Performance] InitializeOnLoad EnsureOdinInspectorDefine.EnsureScriptingDefineSymbol                                               :        1 samples, Peak.   156 us (1.0x), Avg.   156 us, Total. 156.4 us (0.0%)
[Performance] InitializeOnLoad InspectorConfig.RemoveObsoleteGeneratedOdinEditorsDLL                                               :        1 samples, Peak.   198 us (1.0x), Avg.   198 us, Total. 198.1 us (0.0%)
[Performance] InitializeOnLoad ImguiElementUtils.Init                                                                              :        1 samples, Peak.  1.10 ms (1.0x), Avg.  1.10 ms, Total. 1.097 ms (0.0%)
[Performance] InitializeOnLoad GettingStartedWindow.AutoOpen                                                                       :        1 samples, Peak.   340 us (1.0x), Avg.   340 us, Total. 339.5 us (0.0%)
[Performance] InitializeOnLoad CheckForUpdatesWindow.DailyCheckForUpdates                                                          :        1 samples, Peak.   360 us (1.0x), Avg.   360 us, Total. 360.5 us (0.0%)
[Performance] InitializeOnLoad UnitySerializationInitializer.InitializeEditor                                                      :        1 samples, Peak.  10.1 ms (1.0x), Avg.  10.1 ms, Total. 10.07 ms (0.0%)
[Performance] InitializeOnLoad UnitySerializationUtility.SubscribeToDomainReloadEvents                                             :        1 samples, Peak.  2.10 ms (1.0x), Avg.  2.10 ms, Total. 2.103 ms (0.0%)
[Performance] InitializeOnLoad IKEditorManager.CreateInstance                                                                      :        1 samples, Peak.  1.92 ms (1.0x), Avg.  1.92 ms, Total. 1.917 ms (0.0%)
[Performance] InitializeOnLoad $BurstDirectCallInitializer.Initialize                                                              :        7 samples, Peak.  21.5 ms (4.2x), Avg.  5.16 ms, Total. 36.10 ms (0.1%)
[Performance] InitializeOnLoad SceneViewGridManager.Initialize                                                                     :        1 samples, Peak.  3.96 ms (1.0x), Avg.  3.96 ms, Total. 3.958 ms (0.0%)
[Performance] InitializeOnLoad TilemapPrefabStageHelper.Initialize                                                                 :        1 samples, Peak.  1.63 ms (1.0x), Avg.  1.63 ms, Total. 1.634 ms (0.0%)
[Performance] InitializeOnLoad SceneViewOpenTilePaletteHelper.Initialize                                                           :        1 samples, Peak.  1.28 ms (1.0x), Avg.  1.28 ms, Total. 1.275 ms (0.0%)
[Performance] InitializeOnLoad TileDragAndDropManager.Initialize                                                                   :        1 samples, Peak.   865 us (1.0x), Avg.   865 us, Total. 865.1 us (0.0%)
[Performance] InitializeOnLoad PlayerLoopHelper.InitOnEditor                                                                       :        1 samples, Peak.  3.71 ms (1.0x), Avg.  3.71 ms, Total. 3.711 ms (0.0%)
[Performance] InitializeOnLoad VisualStudioEditor.LegacyVisualStudioCodePackageDisabler                                            :        1 samples, Peak.  2.35 ms (1.0x), Avg.  2.35 ms, Total. 2.345 ms (0.0%)
[Performance] InitializeOnLoad MaterialReimporter.RegisterUpgraderReimport                                                         :        2 samples, Peak.   205 us (1.5x), Avg.   133 us, Total. 266.6 us (0.0%)
[Performance] InitializeOnLoad MMExecutionOrderAttribute.ModifyExecutionOrder                                                      :        1 samples, Peak.  2.31 ms (1.0x), Avg.  2.31 ms, Total. 2.310 ms (0.0%)
[Performance] InitializeOnLoad ExecuteCode.OnDomainReload                                                                          :        1 samples, Peak.   331 us (1.0x), Avg.   331 us, Total. 330.6 us (0.0%)
[Performance] InitializeOnLoad McpLogRecord.RefreshFromPrefs                                                                       :        1 samples, Peak.   296 us (1.0x), Avg.   296 us, Total. 296.2 us (0.0%)
[Performance] InitializeOnLoad UnityReflect.OnLoad                                                                                 :        1 samples, Peak.   276 us (1.0x), Avg.   276 us, Total. 276.5 us (0.0%)
[Performance] InitializeOnLoad GetMenuItems.BuildCache                                                                             :        1 samples, Peak.  6.56 ms (1.0x), Avg.  6.56 ms, Total. 6.556 ms (0.0%)
[Performance] InitializeOnLoad BackgroundImport.Setup                                                                              :        1 samples, Peak.   601 us (1.0x), Avg.   601 us, Total. 601.3 us (0.0%)
[Performance] InitializeOnLoad TestJobDataHolder.ResumeRunningJobs                                                                 :        1 samples, Peak.  1.38 ms (1.0x), Avg.  1.38 ms, Total. 1.384 ms (0.0%)
[Performance] InitializeOnLoad AnalyticsReporter.RegisterCallbacks                                                                 :        1 samples, Peak.   376 us (1.0x), Avg.   376 us, Total. 375.6 us (0.0%)
[Performance] InitializeOnLoad CoreRenderPipelinePreferences.InitPreferenceProviders                                               :        1 samples, Peak.  12.2 ms (1.0x), Avg.  12.2 ms, Total. 12.22 ms (0.0%)
[Performance] InitializeOnLoad VolumeGizmoDrawer.InitVolumeGizmoCallbacks                                                          :        1 samples, Peak.   277 us (1.0x), Avg.   277 us, Total. 277.3 us (0.0%)
[Performance] InitializeOnLoad DebugManagerWindowLifetimeAnalytic.SubscribeToDebugManagerOpenCloseWindows                          :        1 samples, Peak.   416 us (1.0x), Avg.   416 us, Total. 416.3 us (0.0%)
[Performance] InitializeOnLoad EditorToolSet.Startup                                                                               :        1 samples, Peak.   174 us (1.0x), Avg.   174 us, Total. 174.0 us (0.0%)
[Performance] DidReloadScriptsCustomEditorLoader.LoadCustomEditors                                                                 :        1 samples, Peak.  2.04 ms (1.0x), Avg.  2.04 ms, Total. 2.040 ms (0.0%)
[Performance] DidReloadScriptsCinemachineExtension.OnScriptReload                                                                  :        1 samples, Peak.   389 us (1.0x), Avg.   389 us, Total. 389.0 us (0.0%)
[Performance] DidReloadScriptsCinemachineVirtualCameraBase.OnScriptReload                                                          :        1 samples, Peak.  87.9 us (1.0x), Avg.  87.9 us, Total. 87.90 us (0.0%)
[Performance] DidReloadScriptsRenderPipelineDefines.OnScriptsReloaded                                                              :        1 samples, Peak.  1.01 s (1.0x), Avg.  1.01 s, Total. 1.015 s (2.7%)
[Performance] DidReloadScriptsAdvancedDropdownWindow.OnScriptReload                                                                :        2 samples, Peak.   240 us (1.2x), Avg.   206 us, Total. 411.8 us (0.0%)
[Performance] DidReloadScriptsTestRunnerWindow.CompilationCallback                                                                 :        1 samples, Peak.   282 us (1.0x), Avg.   282 us, Total. 281.8 us (0.0%)
[Performance] DidReloadScriptsTestListCache.ScriptReloaded                                                                         :        1 samples, Peak.  2.08 ms (1.0x), Avg.  2.08 ms, Total. 2.076 ms (0.0%)
[Performance] DidReloadScriptsVolumeComponentEditor.OnEditorReload                                                                 :        1 samples, Peak.  12.0 ms (1.0x), Avg.  12.0 ms, Total. 12.04 ms (0.0%)
[Performance] DidReloadScriptsDebugWindow.OnEditorReload                                                                           :        1 samples, Peak.  6.27 ms (1.0x), Avg.  6.27 ms, Total. 6.267 ms (0.0%)
[Performance] DidReloadScriptsLookDev.OnEditorReload                                                                               :        1 samples, Peak.   261 us (1.0x), Avg.   261 us, Total. 260.9 us (0.0%)
[Performance] AssemblyReloadEvents.afterAssemblyReload: MCPForUnity.Editor.Services.HttpBridgeReloadHandler.OnAfterAssemblyReload  :        1 samples, Peak.  2.57 ms (1.0x), Avg.  2.57 ms, Total. 2.573 ms (0.0%)
[Performance] AssemblyReloadEvents.afterAssemblyReload: callback in MCPForUnity.Editor.Services.EditorStateCache                   :        1 samples, Peak.  1.27 ms (1.0x), Avg.  1.27 ms, Total. 1.268 ms (0.0%)
[Performance] AssemblyReloadEvents.afterAssemblyReload: MCPForUnity.Editor.Services.StdioBridgeReloadHandler.OnAfterAssemblyReload :        1 samples, Peak.  1.02 ms (1.0x), Avg.  1.02 ms, Total. 1.019 ms (0.0%)
[Performance] AssemblyReloadEvents.afterAssemblyReload: UnityEditor.U2D.Animation.BoneGizmo.OnAfterAssemblyReload                  :        1 samples, Peak.   737 us (1.0x), Avg.   737 us, Total. 737.0 us (0.0%)
[Performance] AssemblyReloadEvents.afterAssemblyReload: Sirenix.Serialization.UnitySerializationUtility.OnAfterAssemblyReload      :        1 samples, Peak.  27.4 us (1.0x), Avg.  27.4 us, Total. 27.40 us (0.0%)
[Performance] AssemblyReloadEvents.afterAssemblyReload: MCPForUnity.Editor.Tools.UnityReflect.InvalidateCache                      :        1 samples, Peak.   347 us (1.0x), Avg.   347 us, Total. 347.1 us (0.0%)
[Performance] AssetDatabase.ImportAssets                                                                                           :        4 samples, Peak.  96.3 ms (4.0x), Avg.  24.1 ms, Total. 96.29 ms (0.3%)
[Performance] VersionControl.Task.Wait                                                                                             :        1 samples, Peak.  10.1 us (1.0x), Avg.  10.1 us, Total. 10.10 us (0.0%)
[Performance] CinemachineSettings.OnPostprocessAllAssets                                                                           :        4 samples, Peak.   429 us (2.5x), Avg.   171 us, Total. 685.8 us (0.0%)
[Performance] UtilityWindowPostProcessor.OnPostprocessAllAssets                                                                    :        4 samples, Peak.  1.61 ms (2.0x), Avg.   805 us, Total. 3.220 ms (0.0%)
[Performance] TMPro_TexturePostProcessor.OnPostprocessAllAssets                                                                    :        4 samples, Peak.   438 us (2.0x), Avg.   220 us, Total. 880.7 us (0.0%)
[Performance] AssetPostprocessor.OnPostprocessAllAssets                                                                            :        4 samples, Peak.   334 us (2.1x), Avg.   161 us, Total. 644.5 us (0.0%)
[Performance] BuilderAssetPostprocessor.OnPostprocessAllAssets                                                                     :        4 samples, Peak.  2.96 ms (2.0x), Avg.  1.50 ms, Total. 5.997 ms (0.0%)
[Performance] ArtifactBrowserPostProcessor.OnPostprocessAllAssets                                                                  :        4 samples, Peak.   508 us (2.0x), Avg.   254 us, Total. 1.018 ms (0.0%)
[Performance] AssetEvents.OnPostprocessAllAssets                                                                                   :        8 samples, Peak.   161 us (2.6x), Avg.  60.8 us, Total. 486.2 us (0.0%)
[Performance] AudioMixerPostprocessor.OnPostprocessAllAssets                                                                       :        4 samples, Peak.   430 us (2.1x), Avg.   201 us, Total. 803.2 us (0.0%)
[Performance] StyleCatalogPostProcessor.OnPostprocessAllAssets                                                                     :        4 samples, Peak.  48.1 ms (2.0x), Avg.  24.0 ms, Total. 96.16 ms (0.3%)
[Performance] BuildCatalog                                                                                                         :        1 samples, Peak.  47.1 ms (1.0x), Avg.  47.1 ms, Total. 47.15 ms (0.1%)
[Performance] ModelImporterPostProcessor.OnPostprocessAllAssets                                                                    :        4 samples, Peak.  1.00 ms (2.0x), Avg.   506 us, Total. 2.022 ms (0.0%)
[Performance] MaterialPostprocessor.OnPostprocessAllAssets                                                                         :        8 samples, Peak.   620 us (2.1x), Avg.   290 us, Total. 2.321 ms (0.0%)
[Performance] UniversalRenderPipelineGlobalSettingsPostprocessor.OnPostprocessAllAssets                                            :        4 samples, Peak.  1.34 ms (2.0x), Avg.   680 us, Total. 2.720 ms (0.0%)
[Performance] RetainedModeAssetPostprocessor.OnPostprocessAllAssets                                                                :        4 samples, Peak.  2.00 ms (2.0x), Avg.  1.01 ms, Total. 4.025 ms (0.0%)
[Performance] AssetChangedListener.OnPostprocessAllAssets                                                                          :        4 samples, Peak.  1.44 ms (2.0x), Avg.   731 us, Total. 2.925 ms (0.0%)
[Performance] PostProcessor.OnPostprocessAllAssets                                                                                 :        4 samples, Peak.   371 us (1.9x), Avg.   191 us, Total. 762.8 us (0.0%)
[Performance] ShaderGraphAssetPostProcessor.OnPostprocessAllAssets                                                                 :        4 samples, Peak.  2.21 ms (1.9x), Avg.  1.14 ms, Total. 4.579 ms (0.0%)
[Performance] SpeedTreePostProcessor.OnPostprocessAllAssets                                                                        :        4 samples, Peak.   262 us (1.9x), Avg.   135 us, Total. 538.1 us (0.0%)
[Performance] TextAssetPostProcessor.OnPostprocessAllAssets                                                                        :        4 samples, Peak.   366 us (2.0x), Avg.   184 us, Total. 737.0 us (0.0%)
[Performance] AssetProcessor.OnPostprocessAllAssets                                                                                :       12 samples, Peak.  1.52 ms (3.4x), Avg.   443 us, Total. 5.319 ms (0.0%)
[Performance] SpriteLibraryAssetPostprocessor.OnPostprocessAllAssets                                                               :        4 samples, Peak.   229 us (2.0x), Avg.   115 us, Total. 460.9 us (0.0%)
[Performance] PSDImporterAssetPostProcessor.OnPostprocessAllAssets                                                                 :        4 samples, Peak.  82.3 us (2.0x), Avg.  41.5 us, Total. 166.2 us (0.0%)
[Performance] PSDImportPostProcessor.OnPostprocessAllAssets                                                                        :        4 samples, Peak.  97.1 us (2.0x), Avg.  48.9 us, Total. 195.5 us (0.0%)
[Performance] SpriteEditorTexturePostprocessor.OnPostprocessAllAssets                                                              :        4 samples, Peak.   196 us (1.8x), Avg.   111 us, Total. 444.3 us (0.0%)
[Performance] SpriteShapeAssetPostProcessor.OnPostprocessAllAssets                                                                 :        4 samples, Peak.   212 us (2.0x), Avg.   108 us, Total. 431.1 us (0.0%)
[Performance] SyncVS.PostprocessSyncProject                                                                                        :        2 samples, Peak.  2.82 ms (1.8x), Avg.  1.55 ms, Total. 3.104 ms (0.0%)
[Performance] EditorApplication.projectChanged: UnityEditor.Audio.MixerEffectDefinitionReloader.OnProjectChanged                   :        1 samples, Peak.   311 us (1.0x), Avg.   311 us, Total. 311.5 us (0.0%)
[Performance] EditorApplication.projectChanged: UnityEngine.InputSystem.LowLevel.NativeInputRuntime.OnProjectChanged               :        1 samples, Peak.   191 us (1.0x), Avg.   191 us, Total. 190.8 us (0.0%)
[Performance] EditorApplication.projectChanged: MCPForUnity.Editor.Helpers.ProjectIdentityUtility.ScheduleCacheRefresh             :        1 samples, Peak.  1.90 us (1.0x), Avg.  1.90 us, Total. 1.900 us (0.0%)
[Performance] Application.ImportPackagesAndSetTemplateWhenCreatingProject                                                          :        1 samples, Peak.  10.0 ms (1.0x), Avg.  10.0 ms, Total. 10.03 ms (0.0%)
[Performance] Application.SyncCurrentColorSpace                                                                                    :        1 samples, Peak.  32.7 ms (1.0x), Avg.  32.7 ms, Total. 32.73 ms (0.1%)
[Performance] Application.OnUsbDevicesChanged                                                                                      :        1 samples, Peak.  4.88 ms (1.0x), Avg.  4.88 ms, Total. 4.879 ms (0.0%)
[Performance] Application.AssetInstanceCacheUpdate                                                                                 :        1 samples, Peak.   800 ns (1.0x), Avg.   800 ns, Total. 800.0 ns (0.0%)
[Performance] Application.UnityExtensions.Initialize                                                                               :        1 samples, Peak.  6.93 ms (1.0x), Avg.  6.93 ms, Total. 6.932 ms (0.0%)
[Performance] CodeEditorProjectSync.SyncEditorProject                                                                              :        1 samples, Peak.   603 ms (1.0x), Avg.   603 ms, Total. 602.8 ms (1.6%)
[Performance] Application.ExecuteStartups                                                                                          :        1 samples, Peak.  44.0 ms (1.0x), Avg.  44.0 ms, Total. 43.96 ms (0.1%)
[Performance] Menu.RegisterMenuInterface                                                                                           :       26 samples, Peak.  1.90 us (8.2x), Avg.   231 ns, Total. 6.000 us (0.0%)
[Performance] Gizmo.RebuildRenderers                                                                                               :        1 samples, Peak.  40.7 ms (1.0x), Avg.  40.7 ms, Total. 40.69 ms (0.1%)
[Performance] Gizmo.AddGizmoRenderers                                                                                              :      153 samples, Peak.  1.34 ms (49.5x), Avg.  27.2 us, Total. 4.155 ms (0.0%)
[Performance] Application.editorInitializingProject                                                                                :        1 samples, Peak.  11.8 s (1.0x), Avg.  11.8 s, Total. 11.82 s (31.5%)
[Performance] Application.InitializeMenu                                                                                           :        1 samples, Peak.   227 ms (1.0x), Avg.   227 ms, Total. 226.8 ms (0.6%)
[Performance] Menu.RebuildAll                                                                                                      :        1 samples, Peak.   227 ms (1.0x), Avg.   227 ms, Total. 226.8 ms (0.6%)
[Performance] Menu.BuildRegisteredMenuInterfaces                                                                                   :        1 samples, Peak.   219 ms (1.0x), Avg.   219 ms, Total. 219.0 ms (0.6%)
[Performance] Menu.FilterMenuItem                                                                                                  :     1287 samples, Peak.   117 ms (1271.4x), Avg.  92.1 us, Total. 118.6 ms (0.3%)
[Performance] UpdateAllMenus                                                                                                       :        1 samples, Peak.  1.15 ms (1.0x), Avg.  1.15 ms, Total. 1.148 ms (0.0%)
[Performance] Menu.RebuildOSMainMenu                                                                                               :        2 samples, Peak.  6.16 ms (1.3x), Avg.  4.84 ms, Total. 9.675 ms (0.0%)
[Performance] EditorSceneManager.sceneClosing: UnityEditor.SceneVisibilityManager.EditorSceneManagerOnSceneClosing                 :        1 samples, Peak.   549 us (1.0x), Avg.   549 us, Total. 549.4 us (0.0%)
[Performance] GUIView.RepaintAll.PlayerLoopController                                                                              :        1 samples, Peak.  1.70 us (1.0x), Avg.  1.70 us, Total. 1.700 us (0.0%)
[Performance] EditorSceneManager.newSceneCreated: UnityEditor.SceneTemplate.SceneTemplateService.OnNewSceneCreated                 :        1 samples, Peak.   235 us (1.0x), Avg.   235 us, Total. 235.0 us (0.0%)
[Performance] EditorSceneManager.newSceneCreated: UnityEditor.SceneVisibilityManager.EditorSceneManagerOnNewSceneCreated           :        1 samples, Peak.   200 us (1.0x), Avg.   200 us, Total. 199.8 us (0.0%)
[Performance] EditorSceneManager.newSceneCreated: UnityEditor.SceneManagement.StageNavigationManager.OnNewSceneCreated             :        1 samples, Peak.  56.9 us (1.0x), Avg.  56.9 us, Total. 56.90 us (0.0%)
[Performance] Application.InvokeFinishedLoadingProject                                                                             :        1 samples, Peak.  17.7 ms (1.0x), Avg.  17.7 ms, Total. 17.72 ms (0.0%)
[Performance] ProcessService.OnProjectLoaded                                                                                       :        1 samples, Peak.  71.0 us (1.0x), Avg.  71.0 us, Total. 71.00 us (0.0%)
[Performance] Application.Shutdown.SaveDefaultWindowPreferences                                                                    :        1 samples, Peak.   188 us (1.0x), Avg.   188 us, Total. 188.1 us (0.0%)
[Performance] Application.Shutdown.SaveSceneManagerSetup                                                                           :        1 samples, Peak.   642 us (1.0x), Avg.   642 us, Total. 642.0 us (0.0%)
[Performance] Application.Shutdown.CleanupAllContainerWindows                                                                      :        1 samples, Peak.   600 ns (1.0x), Avg.   600 ns, Total. 600.0 ns (0.0%)
[Performance] EditorApplication.quitting: Unity.Burst.Editor.BurstLoader.OnEditorApplicationQuitting                               :        1 samples, Peak.  68.6 us (1.0x), Avg.  68.6 us, Total. 68.60 us (0.0%)
[Performance] EditorApplication.quitting: UnityEditor.SettingsManagement.FileSettingsRepository.Save                               :        1 samples, Peak.  2.31 ms (1.0x), Avg.  2.31 ms, Total. 2.313 ms (0.0%)
[Performance] EditorApplication.quitting: MCPForUnity.Editor.Services.McpEditorShutdownCleanup.OnEditorQuitting                    :        1 samples, Peak.  3.53 ms (1.0x), Avg.  3.53 ms, Total. 3.529 ms (0.0%)
[Performance] EditorApplication.quitting: MCPForUnity.Editor.Services.StdioBridgeReloadHandler.CancelRetries                       :        1 samples, Peak.  94.5 us (1.0x), Avg.  94.5 us, Total. 94.50 us (0.0%)
[Performance] EditorApplication.quitting: UnityEditor.Tilemaps.SceneViewGridManager.EditorQuitting                                 :        1 samples, Peak.   130 us (1.0x), Avg.   130 us, Total. 129.8 us (0.0%)
[Performance] EditorApplication.quitting: callback in UnityEditor.TextCore.Text.EditorEventCallbacks                               :        1 samples, Peak.  51.2 ms (1.0x), Avg.  51.2 ms, Total. 51.15 ms (0.1%)
[Performance] Application.Shutdown.PauseProfilerSession                                                                            :        1 samples, Peak.  29.9 us (1.0x), Avg.  29.9 us, Total. 29.90 us (0.0%)
[Performance] Application.Shutdown.PauseAssetImportWorkers                                                                         :        1 samples, Peak.   610 us (1.0x), Avg.   610 us, Total. 610.4 us (0.0%)
[Performance] Application.Shutdown.SaveAssets                                                                                      :        1 samples, Peak.   116 ms (1.0x), Avg.   116 ms, Total. 115.5 ms (0.3%)
[Performance] PaletteAssetModificationProcessor.OnWillSaveAssets                                                                   :        1 samples, Peak.   254 us (1.0x), Avg.   254 us, Total. 254.3 us (0.0%)
[Performance] StateMacroSavedEvent.OnWillSaveAssets                                                                                :        1 samples, Peak.   172 us (1.0x), Avg.   172 us, Total. 172.5 us (0.0%)
[Performance] FlowMacroSavedEvent.OnWillSaveAssets                                                                                 :        1 samples, Peak.   126 us (1.0x), Avg.   126 us, Total. 126.4 us (0.0%)
[Performance] AssetModificationProcessor.OnWillSaveAssets                                                                          :        1 samples, Peak.   397 us (1.0x), Avg.   397 us, Total. 396.5 us (0.0%)
[Performance] BuilderAssetModificationProcessor.OnWillSaveAssets                                                                   :        1 samples, Peak.   293 us (1.0x), Avg.   293 us, Total. 293.1 us (0.0%)
[Performance] TerrainModificationProcessor.OnWillSaveAssets                                                                        :        1 samples, Peak.   754 us (1.0x), Avg.   754 us, Total. 753.6 us (0.0%)
[Performance] Application.Shutdown.CleanupRenderPipeline                                                                           :        1 samples, Peak.  4.50 us (1.0x), Avg.  4.50 us, Total. 4.500 us (0.0%)
[Performance] Application.Shutdown.StopPreloadManager                                                                              :        1 samples, Peak.  9.83 ms (1.0x), Avg.  9.83 ms, Total. 9.826 ms (0.0%)
[Performance] Application.Shutdown.DestroyWorld                                                                                    :        1 samples, Peak.  1.31 ms (1.0x), Avg.  1.31 ms, Total. 1.309 ms (0.0%)
[Performance] Application.Shutdown.CleanupAfterLoad                                                                                :        1 samples, Peak.   285 ms (1.0x), Avg.   285 ms, Total. 285.3 ms (0.8%)
[Performance] Application.Shutdown.Progress                                                                                        :        1 samples, Peak.  6.50 us (1.0x), Avg.  6.50 us, Total. 6.500 us (0.0%)
[Performance] Application.Shutdown.GICleanupManagers                                                                               :        1 samples, Peak.   618 us (1.0x), Avg.   618 us, Total. 618.2 us (0.0%)
[Performance] Application.Shutdown.MenuCleanupClass                                                                                :        1 samples, Peak.   293 us (1.0x), Avg.   293 us, Total. 292.9 us (0.0%)
[Performance] Application.Shutdown.ADBSaveStateBeforeShutdown                                                                      :        1 samples, Peak.  13.4 us (1.0x), Avg.  13.4 us, Total. 13.40 us (0.0%)
[Performance] Application.Shutdown.RemoteShutdown                                                                                  :        1 samples, Peak.  1.20 us (1.0x), Avg.  1.20 us, Total. 1.200 us (0.0%)
[Performance] Application.Shutdown.CleanupVCProvider                                                                               :        1 samples, Peak.  15.2 us (1.0x), Avg.  15.2 us, Total. 15.20 us (0.0%)
[Performance] Application.Shutdown.InputShutdown                                                                                   :        1 samples, Peak.   400 ns (1.0x), Avg.   400 ns, Total. 400.0 ns (0.0%)
[Performance] Application.Shutdown.GizmoManagerDestroy                                                                             :        1 samples, Peak.   747 us (1.0x), Avg.   747 us, Total. 747.2 us (0.0%)
[Performance] Application.Shutdown.ProfilerSession                                                                                 :        1 samples, Peak.   170 us (1.0x), Avg.   170 us, Total. 170.2 us (0.0%)
[Performance] Application.Shutdown.ReleaseGfxWindowOnAllGUIViews                                                                   :        1 samples, Peak.   300 ns (1.0x), Avg.   300 ns, Total. 300.0 ns (0.0%)
[Performance] Application.Shutdown.CleanupEngine                                                                                   :        1 samples, Peak.   209 ms (1.0x), Avg.   209 ms, Total. 209.3 ms (0.6%)
[Performance] Application.Shutdown.CleanupAssetDatabase                                                                            :        1 samples, Peak.  17.4 ms (1.0x), Avg.  17.4 ms, Total. 17.45 ms (0.0%)
[Performance] Application.Shutdown.ScriptCompilationCleanUp                                                                        :        1 samples, Peak.  59.7 ms (1.0x), Avg.  59.7 ms, Total. 59.68 ms (0.2%)
[Performance] Application.Shutdown.DestroyJobSystem                                                                                :        1 samples, Peak.   101 us (1.0x), Avg.   101 us, Total. 101.2 us (0.0%)
[Performance] Application.Shutdown.CleanupPersistentManager                                                                        :        1 samples, Peak.  3.40 ms (1.0x), Avg.  3.40 ms, Total. 3.401 ms (0.0%)
[Performance] Application.Shutdown.CleanupAsyncReadManager                                                                         :        1 samples, Peak.   565 us (1.0x), Avg.   565 us, Total. 565.1 us (0.0%)
[Performance] Application.Shutdown.CleanupProgressBar                                                                              :        1 samples, Peak.   200 ns (1.0x), Avg.   200 ns, Total. 200.0 ns (0.0%)
[Performance] Application.Shutdown.CleanupMono                                                                                     :        1 samples, Peak.   164 ms (1.0x), Avg.   164 ms, Total. 164.4 ms (0.4%)
[Performance] Application.Shutdown.CleanupStdConverters                                                                            :        1 samples, Peak.  5.30 us (1.0x), Avg.  5.30 us, Total. 5.300 us (0.0%)
[Performance] Application.Shutdown.UnloadAllPlatformSupportModuleNativeDlls                                                        :        1 samples, Peak.   500 ns (1.0x), Avg.   500 ns, Total. 500.0 ns (0.0%)
[Performance] Application.Shutdown.UnloadAllPlatformSupportNativeLibraries                                                         :        1 samples, Peak.   100 ns (1.0x), Avg.   100 ns, Total. 100.0 ns (0.0%)
[Performance] Application.Shutdown.CleanupAutoDocumentation                                                                        :        1 samples, Peak.   221 us (1.0x), Avg.   221 us, Total. 221.0 us (0.0%)
[Performance] Application.Shutdown.ShaderNameManagerDestroy                                                                        :        1 samples, Peak.  41.3 us (1.0x), Avg.  41.3 us, Total. 41.30 us (0.0%)
[Performance] Application.Shutdown.CleanupCacheServer                                                                              :        1 samples, Peak.   300 ns (1.0x), Avg.   300 ns, Total. 300.0 ns (0.0%)
[Performance] Application.Shutdown.Virtualization_Shutdown                                                                         :        1 samples, Peak.   400 ns (1.0x), Avg.   400 ns, Total. 400.0 ns (0.0%)
[Performance] Application.Shutdown.DevConnections                                                                                  :        1 samples, Peak.  87.6 us (1.0x), Avg.  87.6 us, Total. 87.60 us (0.0%)
Checking for leaked weakptr:
  Found no leaked weakptrs.
[Package Manager] Server::Kill -- Server was shutdown
Memory Statistics:
[ALLOC_TEMP_TLS] TLS Allocator
  StackAllocators : 
    [ALLOC_TEMP_CurlRequest]
      Initial Block Size 64.0 KB
      Current Block Size 64.0 KB
      Peak Allocated Bytes 0 B
      Overflow Count 0
    [ALLOC_TEMP_MAIN]
      Initial Block Size 16.0 MB
      Current Block Size 40.4 MB
      Peak Allocated Bytes 18.9 MB
      Overflow Count 0
    [ALLOC_TEMP_Job.Worker 18]
      Initial Block Size 256.0 KB
      Current Block Size 1.8 MB
      Peak Allocated Bytes 1.8 MB
      Overflow Count 0
    [ALLOC_TEMP_Background Job.Worker 8]
      Initial Block Size 32.0 KB
      Current Block Size 32.0 KB
      Peak Allocated Bytes 54 B
      Overflow Count 0
    [ALLOC_TEMP_Job.Worker 4]
      Initial Block Size 256.0 KB
      Current Block Size 256.0 KB
      Peak Allocated Bytes 1.5 KB
      Overflow Count 1
    [ALLOC_TEMP_AUDIO_FMOD mixer thread]
      Initial Block Size 64.0 KB
      Current Block Size 64.0 KB
      Peak Allocated Bytes 54 B
      Overflow Count 0
    [ALLOC_TEMP_BakingJobs.Worker 5]
      Initial Block Size 256.0 KB
      Current Block Size 256.0 KB
      Peak Allocated Bytes 54 B
      Overflow Count 0
    [ALLOC_TEMP_BakingJobs.Worker 10]
      Initial Block Size 256.0 KB
      Current Block Size 256.0 KB
      Peak Allocated Bytes 54 B
      Overflow Count 0
    [ALLOC_TEMP_Background Job.Worker 11]
      Initial Block Size 32.0 KB
      Current Block Size 32.0 KB
      Peak Allocated Bytes 54 B
      Overflow Count 0
    [ALLOC_TEMP_Background Job.Worker 3]
      Initial Block Size 32.0 KB
      Current Block Size 32.0 KB
      Peak Allocated Bytes 1.9 KB
      Overflow Count 0
    [ALLOC_TEMP_BatchDeleteObjects]
      Initial Block Size 64.0 KB
      Current Block Size 64.0 KB
      Peak Allocated Bytes 54 B
      Overflow Count 0
    [ALLOC_TEMP_CoreBusinessMetricsCache]
      Initial Block Size 64.0 KB
      Current Block Size 64.0 KB
      Peak Allocated Bytes 8.0 KB
      Overflow Count 0
    [ALLOC_TEMP_REST Message Handler]
      Initial Block Size 64.0 KB
      Current Block Size 64.0 KB
      Peak Allocated Bytes 54 B
      Overflow Count 0
    [ALLOC_TEMP_Job.Worker 13]
      Initial Block Size 256.0 KB
      Current Block Size 256.0 KB
      Peak Allocated Bytes 1.5 KB
      Overflow Count 1
    [ALLOC_TEMP_Background Job.Worker 2]
      Initial Block Size 32.0 KB
      Current Block Size 32.0 KB
      Peak Allocated Bytes 67 B
      Overflow Count 0
    [ALLOC_TEMP_AssetDatabase.IOService]
      Initial Block Size 64.0 KB
      Current Block Size 64.0 KB
      Peak Allocated Bytes 54 B
      Overflow Count 0
    [ALLOC_TEMP_Job.Worker 10]
      Initial Block Size 256.0 KB
      Current Block Size 256.0 KB
      Peak Allocated Bytes 1.6 KB
      Overflow Count 1
    [ALLOC_TEMP_Job.Worker 15]
      Initial Block Size 256.0 KB
      Current Block Size 256.0 KB
      Peak Allocated Bytes 1.6 KB
      Overflow Count 1
    [ALLOC_TEMP_Job.Worker 12]
      Initial Block Size 256.0 KB
      Current Block Size 1.8 MB
      Peak Allocated Bytes 1.8 MB
      Overflow Count 1
    [ALLOC_TEMP_Loading.PreloadManager]
      Initial Block Size 32.0 MB
      Current Block Size 32.0 MB
      Peak Allocated Bytes 54 B
      Overflow Count 0
    [ALLOC_TEMP_Profiler.Dispatcher]
      Initial Block Size 64.0 KB
      Current Block Size 64.0 KB
      Peak Allocated Bytes 0 B
      Overflow Count 0
    [ALLOC_TEMP_Job.Worker 14]
      Initial Block Size 256.0 KB
      Current Block Size 256.0 KB
      Peak Allocated Bytes 1.5 KB
      Overflow Count 1
    [ALLOC_TEMP_Job.Worker 17]
      Initial Block Size 256.0 KB
      Current Block Size 1.8 MB
      Peak Allocated Bytes 1.8 MB
      Overflow Count 0
    [ALLOC_TEMP_BakingJobs.Worker 7]
      Initial Block Size 256.0 KB
      Current Block Size 256.0 KB
      Peak Allocated Bytes 54 B
      Overflow Count 0
    [ALLOC_TEMP_Background Job.Worker 5]
      Initial Block Size 32.0 KB
      Current Block Size 32.0 KB
      Peak Allocated Bytes 54 B
      Overflow Count 0
    [ALLOC_TEMP_Background Job.Worker 13]
      Initial Block Size 32.0 KB
      Current Block Size 32.0 KB
      Peak Allocated Bytes 54 B
      Overflow Count 0
    [ALLOC_TEMP_Job.Worker 3]
      Initial Block Size 256.0 KB
      Current Block Size 256.0 KB
      Peak Allocated Bytes 1.5 KB
      Overflow Count 1
    [ALLOC_TEMP_Job.Worker 2]
      Initial Block Size 256.0 KB
      Current Block Size 256.0 KB
      Peak Allocated Bytes 1.5 KB
      Overflow Count 1
    [ALLOC_TEMP_BakingJobs.Worker 6]
      Initial Block Size 256.0 KB
      Current Block Size 256.0 KB
      Peak Allocated Bytes 54 B
      Overflow Count 0
    [ALLOC_TEMP_Job.Worker 11]
      Initial Block Size 256.0 KB
      Current Block Size 256.0 KB
      Peak Allocated Bytes 1.5 KB
      Overflow Count 0
    [ALLOC_TEMP_Job.Worker 0]
      Initial Block Size 256.0 KB
      Current Block Size 1.8 MB
      Peak Allocated Bytes 1.8 MB
      Overflow Count 0
    [ALLOC_TEMP_Background Job.Worker 9]
      Initial Block Size 32.0 KB
      Current Block Size 32.0 KB
      Peak Allocated Bytes 54 B
      Overflow Count 0
    [ALLOC_TEMP_Job.Worker 5]
      Initial Block Size 256.0 KB
      Current Block Size 1.8 MB
      Peak Allocated Bytes 1.8 MB
      Overflow Count 0
    [ALLOC_TEMP_Job.Worker 6]
      Initial Block Size 256.0 KB
      Current Block Size 1.8 MB
      Peak Allocated Bytes 1.8 MB
      Overflow Count 0
    [ALLOC_TEMP_BakingJobs.Worker 8]
      Initial Block Size 256.0 KB
      Current Block Size 256.0 KB
      Peak Allocated Bytes 54 B
      Overflow Count 0
    [ALLOC_TEMP_Job.Worker 9]
      Initial Block Size 256.0 KB
      Current Block Size 256.0 KB
      Peak Allocated Bytes 1.4 KB
      Overflow Count 0
    [ALLOC_TEMP_DirMonitor]
      Initial Block Size 64.0 KB
      Current Block Size 64.0 KB
      Peak Allocated Bytes 0.8 KB
      Overflow Count 0
    [ALLOC_TEMP_BakingJobs.Worker 1]
      Initial Block Size 256.0 KB
      Current Block Size 256.0 KB
      Peak Allocated Bytes 54 B
      Overflow Count 0
    [ALLOC_TEMP_Loading.AsyncRead]
      Initial Block Size 64.0 KB
      Current Block Size 64.0 KB
      Peak Allocated Bytes 128 B
      Overflow Count 0
    [ALLOC_TEMP_Background Job.Worker 10]
      Initial Block Size 32.0 KB
      Current Block Size 32.0 KB
      Peak Allocated Bytes 54 B
      Overflow Count 0
    [ALLOC_TEMP_Job.Worker 16]
      Initial Block Size 256.0 KB
      Current Block Size 1.8 MB
      Peak Allocated Bytes 1.8 MB
      Overflow Count 0
    [ALLOC_TEMP_BakingJobs.Worker 9]
      Initial Block Size 256.0 KB
      Current Block Size 256.0 KB
      Peak Allocated Bytes 54 B
      Overflow Count 0
    [ALLOC_TEMP_AUDIO_FMOD (WASAPI) feeder thread]
      Initial Block Size 64.0 KB
      Current Block Size 64.0 KB
      Peak Allocated Bytes 168 B
      Overflow Count 0
    [ALLOC_TEMP_Background Job.Worker 6]
      Initial Block Size 32.0 KB
      Current Block Size 32.0 KB
      Peak Allocated Bytes 54 B
      Overflow Count 0
    [ALLOC_TEMP_Background Job.Worker 1]
      Initial Block Size 32.0 KB
      Current Block Size 212.0 KB
      Peak Allocated Bytes 128.5 KB
      Overflow Count 2
    [ALLOC_TEMP_BakingJobs.Worker 11]
      Initial Block Size 256.0 KB
      Current Block Size 256.0 KB
      Peak Allocated Bytes 54 B
      Overflow Count 0
    [ALLOC_TEMP_AUDIO_FMOD stream thread]
      Initial Block Size 64.0 KB
      Current Block Size 64.0 KB
      Peak Allocated Bytes 54 B
      Overflow Count 0
    [ALLOC_TEMP_BakingJobs.Worker 2]
      Initial Block Size 256.0 KB
      Current Block Size 256.0 KB
      Peak Allocated Bytes 54 B
      Overflow Count 0
    [ALLOC_TEMP_Background Job.Worker 7]
      Initial Block Size 32.0 KB
      Current Block Size 32.0 KB
      Peak Allocated Bytes 54 B
      Overflow Count 0
    [ALLOC_TEMP_Background Job.Worker 15]
      Initial Block Size 32.0 KB
      Current Block Size 32.0 KB
      Peak Allocated Bytes 54 B
      Overflow Count 0
    [ALLOC_TEMP_Job.Worker 8]
      Initial Block Size 256.0 KB
      Current Block Size 256.0 KB
      Peak Allocated Bytes 1.5 KB
      Overflow Count 1
    [ALLOC_TEMP_Job.Worker 1]
      Initial Block Size 256.0 KB
      Current Block Size 1.8 MB
      Peak Allocated Bytes 1.8 MB
      Overflow Count 0
    [ALLOC_TEMP_BakingJobs.Worker 0]
      Initial Block Size 256.0 KB
      Current Block Size 256.0 KB
      Peak Allocated Bytes 54 B
      Overflow Count 0
    [ALLOC_TEMP_BakingJobs.Worker 3]
      Initial Block Size 256.0 KB
      Current Block Size 256.0 KB
      Peak Allocated Bytes 54 B
      Overflow Count 0
    [ALLOC_TEMP_EditorTaskManager]
      Initial Block Size 64.0 KB
      Current Block Size 68.0 KB
      Peak Allocated Bytes 64.0 KB
      Overflow Count 0
    [ALLOC_TEMP_BakingJobs.Worker 4]
      Initial Block Size 256.0 KB
      Current Block Size 256.0 KB
      Peak Allocated Bytes 54 B
      Overflow Count 0
    [ALLOC_TEMP_Background Job.Worker 12]
      Initial Block Size 32.0 KB
      Current Block Size 32.0 KB
      Peak Allocated Bytes 54 B
      Overflow Count 0
    [ALLOC_TEMP_HTTP REST Server]
      Initial Block Size 64.0 KB
      Current Block Size 64.0 KB
      Peak Allocated Bytes 76 B
      Overflow Count 0
    [ALLOC_TEMP_BakingJobs.Worker 12]
      Initial Block Size 256.0 KB
      Current Block Size 256.0 KB
      Peak Allocated Bytes 54 B
      Overflow Count 0
    [ALLOC_TEMP_BakingJobs.Worker 13]
      Initial Block Size 256.0 KB
      Current Block Size 256.0 KB
      Peak Allocated Bytes 54 B
      Overflow Count 0
    [ALLOC_TEMP_AssetGarbageCollectorHelper] x 19
      Initial Block Size 64.0 KB
      Current Block Size 64.0 KB
      Peak Allocated Bytes 0 B
      Overflow Count 0
    [ALLOC_TEMP_Background Job.Worker 0]
      Initial Block Size 32.0 KB
      Current Block Size 32.0 KB
      Peak Allocated Bytes 54 B
      Overflow Count 0
    [ALLOC_TEMP_Background Job.Worker 4]
      Initial Block Size 32.0 KB
      Current Block Size 32.0 KB
      Peak Allocated Bytes 54 B
      Overflow Count 0
    [ALLOC_TEMP_Background Job.Worker 14]
      Initial Block Size 32.0 KB
      Current Block Size 32.0 KB
      Peak Allocated Bytes 54 B
      Overflow Count 0
    [ALLOC_TEMP_Job.Worker 7]
      Initial Block Size 256.0 KB
      Current Block Size 1.8 MB
      Peak Allocated Bytes 1.8 MB
      Overflow Count 0
    [ALLOC_TEMP_CloudJob.Worker 0] x 2
      Initial Block Size 32.0 KB
      Current Block Size 32.0 KB
      Peak Allocated Bytes 2.4 KB
      Overflow Count 0
[ALLOC_MEMORYPROFILER]
  Requested Block Size 1.0 MB
  Peak Block count 2
  Peak Allocated memory 1.5 MB
  Peak Large allocation bytes 0 B
[ALLOC_DEFAULT] Dual Thread Allocator
  Peak main deferred allocation count 1303
    [ALLOC_BUCKET]
      Large Block size 32.0 MB
      Used Block count 1
      Peak Allocated bytes 15.2 MB
    [ALLOC_DEFAULT_MAIN]
      Requested Block Size 16.0 MB
      Peak Block count 10
      Peak Allocated memory 246.4 MB
      Peak Large allocation bytes 100.4 MB
    [ALLOC_DEFAULT_THREAD]
      Requested Block Size 16.0 MB
      Peak Block count 1
      Peak Allocated memory 256.0 MB
      Peak Large allocation bytes 256.0 MB
[ALLOC_TEMP_JOB_1_FRAME]
  Initial Block Size 2.0 MB
  Used Block Count 0
  Overflow Count (too large) 0
  Overflow Count (full) 0
[ALLOC_TEMP_JOB_2_FRAMES]
  Initial Block Size 2.0 MB
  Used Block Count 0
  Overflow Count (too large) 0
  Overflow Count (full) 0
[ALLOC_TEMP_JOB_4_FRAMES (JobTemp)]
  Initial Block Size 2.0 MB
  Used Block Count 1
  Overflow Count (too large) 0
  Overflow Count (full) 0
[ALLOC_TEMP_JOB_ASYNC (Background)]
  Initial Block Size 1.0 MB
  Used Block Count 1
  Overflow Count (too large) 9
  Overflow Count (full) 0
[ALLOC_GFX] Dual Thread Allocator
  Peak main deferred allocation count 0
    [ALLOC_BUCKET]
      Large Block size 32.0 MB
      Used Block count 1
      Peak Allocated bytes 15.2 MB
    [ALLOC_GFX_MAIN]
      Requested Block Size 16.0 MB
      Peak Block count 2
      Peak Allocated memory 18.0 MB
      Peak Large allocation bytes 0 B
    [ALLOC_GFX_THREAD]
      Requested Block Size 16.0 MB
      Peak Block count 0
      Peak Allocated memory 0 B
      Peak Large allocation bytes 0 B
[ALLOC_CACHEOBJECTS] Dual Thread Allocator
  Peak main deferred allocation count 363
    [ALLOC_BUCKET]
      Large Block size 32.0 MB
      Used Block count 1
      Peak Allocated bytes 15.2 MB
    [ALLOC_CACHEOBJECTS_MAIN]
      Requested Block Size 4.0 MB
      Peak Block count 28
      Peak Allocated memory 102.4 MB
      Peak Large allocation bytes 22.4 MB
    [ALLOC_CACHEOBJECTS_THREAD]
      Requested Block Size 4.0 MB
      Peak Block count 1
      Peak Allocated memory 304 B
      Peak Large allocation bytes 0 B
[ALLOC_TYPETREE] Dual Thread Allocator
  Peak main deferred allocation count 533
    [ALLOC_BUCKET]
      Large Block size 32.0 MB
      Used Block count 1
      Peak Allocated bytes 15.2 MB
    [ALLOC_TYPETREE_MAIN]
      Requested Block Size 2.0 MB
      Peak Block count 22
      Peak Allocated memory 39.6 MB
      Peak Large allocation bytes 0 B
    [ALLOC_TYPETREE_THREAD]
      Requested Block Size 2.0 MB
      Peak Block count 1
      Peak Allocated memory 2.0 KB
      Peak Large allocation bytes 0 B
[ALLOC_PROFILER]
  Requested Block Size 16.0 MB
  Peak Block count 1
  Peak Allocated memory 1.0 MB
  Peak Large allocation bytes 0 B
    [ALLOC_PROFILER_BUCKET]
      Large Block size 32.0 MB
      Used Block count 1
      Peak Allocated bytes 5.3 KB
[ALLOC_PROFILER_EDITOR]
  Requested Block Size 1.0 MB
  Peak Block count 0
  Peak Allocated memory 0 B
  Peak Large allocation bytes 0 B
    [ALLOC_PROFILER_BUCKET]
      Large Block size 32.0 MB
      Used Block count 1
      Peak Allocated bytes 5.3 KB
##utp:{"type":"MemoryLeaks","version":2,"phase":"Immediate","time":1784590823105,"processId":203108,"allocatedMemory":30509768,"memoryLabels":[{"Default":20391},{"Permanent":15559},{"NewDelete":82768},{"Thread":4229412},{"Manager":34600},{"VertexData":12},{"Geometry":560},{"Texture":176},{"Shader":68820},{"Material":24},{"GfxDevice":57040},{"Animation":296},{"Audio":3928},{"FontEngine":272},{"Physics":513},{"Serialization":948},{"Input":14736},{"JobScheduler":33008},{"Mono":40},{"ScriptingNativeRuntime":191848},{"BaseObject":1627276},{"Resource":1360},{"Renderer":2304},{"Transform":16},{"File":888},{"WebCam":96},{"Culling":40},{"Terrain":1137},{"Wind":24},{"STL":48},{"String":17780},{"DynamicArray":151314},{"HashMap":107611},{"Utility":2664898},{"Curl":1424},{"PoolAlloc":1728},{"AI":104},{"TypeTree":4565},{"ScriptManager":640},{"RuntimeInitializeOnLoadManager":80},{"SpriteAtlas":128},{"GI":4072},{"Director":7960},{"CloudService":1360},{"WebRequest":688},{"VR":46073},{"SceneManager":568},{"Video":72},{"LazyScriptCache":40},{"NativeArray":12},{"Camera":25},{"Secure":1},{"SerializationCache":1584},{"APIUpdating":11872},{"Subsystems":392},{"VirtualTexturing":57896},{"StaticSafetyDebugInfo":327680},{"EditorGui":56},{"EditorUtility":32422},{"VersionControl":4},{"Undo":704},{"AssetDatabase":20630031},{"RestService":1414},{"EditorGi":376},{"License":3624},{"UnityConnect":25320},{"Collab":593},{"Upm":2032},{"DrivenProperties":96},{"LocalIPC":276},{"ProfilerEditor":10943},{"CoreBusinessMetrics":3090},{"AssetReference":40},{"IPCStream":40}]}
