[Licensing::Module] Trying to connect to existing licensing client channel...
[Licensing::IpcConnector] Successfully connected to the License Client on channel: "LicenseClient-Logan" at "2026-07-20T22:43:32.891469Z"
[Licensing::Client] Error: Code 10 while verifying Licensing Client signature (process Id: 9444, path: "D:/UnityHub/Unity Hub/UnityLicensingClient_V1/Unity.Licensing.Client.exe")
[Licensing::Module] Error: LicensingClient has failed validation; ignoring
[Licensing::Client] Handshaking with LicensingClient:
  Version:                 1.17.0+aa6cfba
  Session Id:              e135ce61a88e40f0a6af6beae1de7ca3
  Correlation Id:          035aaea857d0f91dcf09fa3b15b06911
  External correlation Id: 4975286828160348226
  Machine Id:              YnCgJ/3eXfqj/pKKnk6cl38u0EY=
[Licensing::Module] Successfully connected to LicensingClient on channel: "LicenseClient-Logan" (connect: 0.00s, validation: 0.01s, handshake: 0.09s)
[Licensing::IpcConnector] Successfully connected to the License Notification on channel: "LicenseClient-Logan-notifications" at "2026-07-20T22:43:32.996782Z"
[Licensing::Module] Error: Access token is unavailable; failed to update
[Licensing::Client] Successfully updated license
Built from '2022.3/china_unity/release' branch; Version is '2022.3.34f1c1 (1e17368ca73f) revision 1972022'; Using compiler version '192829333'; Build Type 'Release'
OS: 'Windows 10  (10.0.19045) 64bit Professional' Language: 'zh' Physical Memory: 65349 MB
[Licensing::Client] Successfully resolved entitlements
[Licensing::Module] Serial number assigned to: "ewogICJzdWJzR3JvdXAiIDogInVuaXR5IGVkaXRvciIsCiAgIm5hbWVzcGFjZSIgOiAidW5pdHlfZWRpdG9yIiwKICAidHlwZSIgOiAiRURJVE9SIiwKICAidGFnIiA6ICJVbml0eVBlcnNvbmFsXXXX"
BatchMode: 1, IsHumanControllingUs: 0, StartBugReporterOnCrash: 0, Is64bit: 1, IsPro: 0

COMMAND LINE ARGUMENTS:
D:\Unity\HubEditor\2022.3.34f1\Editor\Unity.exe
-batchmode
-nographics
-noUpm
-projectPath
I:\GitHub\Unity_GAS\gameplay-ability-system-for-unity
-executeMethod
NTSD.EditorTools.BattleRuntimeSelfCheckEditor.RunForBatchmode
-logFile
I:\GitHub\Unity_GAS\gameplay-ability-system-for-unity\Unity-P5-SelfCheck-34.log
Successfully changed project path to: I:\GitHub\Unity_GAS\gameplay-ability-system-for-unity
I:/GitHub/Unity_GAS/gameplay-ability-system-for-unity
[UnityMemory] Configuration Parameters - Can be set up in boot.config
    "memorysetup-bucket-allocator-granularity=16"
    "memorysetup-bucket-allocator-bucket-count=8"
    "memorysetup-bucket-allocator-block-size=33554432"
    "memorysetup-bucket-allocator-block-count=8"
    "memorysetup-main-allocator-block-size=16777216"
    "memorysetup-thread-allocator-block-size=16777216"
    "memorysetup-gfx-main-allocator-block-size=16777216"
    "memorysetup-gfx-thread-allocator-block-size=16777216"
    "memorysetup-cache-allocator-block-size=4194304"
    "memorysetup-typetree-allocator-block-size=2097152"
    "memorysetup-profiler-bucket-allocator-granularity=16"
    "memorysetup-profiler-bucket-allocator-bucket-count=8"
    "memorysetup-profiler-bucket-allocator-block-size=33554432"
    "memorysetup-profiler-bucket-allocator-block-count=8"
    "memorysetup-profiler-allocator-block-size=16777216"
    "memorysetup-profiler-editor-allocator-block-size=1048576"
    "memorysetup-temp-allocator-size-main=16777216"
    "memorysetup-job-temp-allocator-block-size=2097152"
    "memorysetup-job-temp-allocator-block-size-background=1048576"
    "memorysetup-job-temp-allocator-reduction-small-platforms=262144"
    "memorysetup-allocator-temp-initial-block-size-main=262144"
    "memorysetup-allocator-temp-initial-block-size-worker=262144"
    "memorysetup-temp-allocator-size-background-worker=32768"
    "memorysetup-temp-allocator-size-job-worker=262144"
    "memorysetup-temp-allocator-size-preload-manager=33554432"
    "memorysetup-temp-allocator-size-nav-mesh-worker=65536"
    "memorysetup-temp-allocator-size-audio-worker=65536"
    "memorysetup-temp-allocator-size-cloud-worker=32768"
    "memorysetup-temp-allocator-size-gi-baking-worker=262144"
    "memorysetup-temp-allocator-size-gfx=262144"
Player connection [191440] Host "[IP] 192.168.31.76 [Port] 55504 [Flags] 2 [Guid] 2558526621 [EditorId] 2558526621 [Version] 1048832 [Id] WindowsEditor(7,DESKTOP-MKTDPPS) [Debug] 1 [PackageName] WindowsEditor [ProjectName] Editor" joined multi-casting on [225.0.0.222:54997]...

Player connection [191440] Host "[IP] 192.168.31.76 [Port] 55504 [Flags] 2 [Guid] 2558526621 [EditorId] 2558526621 [Version] 1048832 [Id] WindowsEditor(7,DESKTOP-MKTDPPS) [Debug] 1 [PackageName] WindowsEditor [ProjectName] Editor" joined alternative multi-casting on [225.0.0.222:34997]...

[PhysX] Initialized MultithreadedTaskDispatcher with 20 workers.
Source asset database is recreated because source asset version has changed
[Licensing::Client] Successfully resolved entitlements
Refreshing native plugins compatible for Editor in 0.00 ms, found 0 plugins.
Preloading 0 native plugins for Editor in 0.00 ms.
Initialize engine version: 2022.3.34f1c1 (1e17368ca73f)
[Subsystems] Discovering subsystems at path D:/Unity/HubEditor/2022.3.34f1/Editor/Data/Resources/UnitySubsystems
[Subsystems] Discovering subsystems at path I:/GitHub/Unity_GAS/gameplay-ability-system-for-unity/Assets
Forcing GfxDevice: Null
GfxDevice: creating device client; threaded=0; jobified=0
NullGfxDevice:
    Version:  NULL 1.0 [1.0]
    Renderer: Null Device
    Vendor:   Unity Technologies
Shader 'MoreMountains/MMRipple': fallback shader 'Particle/AlphaBlended' not found
Shader Hidden/ProbeVolume/VoxelizeScene is not supported: GPU does not support conservative rasterization
[Licensing::Client] Successfully resolved entitlements
Initialize mono
Mono path[0] = 'D:/Unity/HubEditor/2022.3.34f1/Editor/Data/Managed'
Mono path[1] = 'D:/Unity/HubEditor/2022.3.34f1/Editor/Data/MonoBleedingEdge/lib/mono/unityjit-win32'
Mono config path = 'D:/Unity/HubEditor/2022.3.34f1/Editor/Data/MonoBleedingEdge/etc'
Using monoOptions --debugger-agent=transport=dt_socket,embedding=1,server=y,suspend=n,address=127.0.0.1:56472
Using cacheserver namespaces - metadata:defaultmetadata, artifacts:defaultartifacts
Using cacheserver namespaces - metadata:defaultmetadata, artifacts:defaultartifacts
ImportWorker Server TCP listen port: 0
Begin MonoManager ReloadAssembly
Registering precompiled unity dll's ...
Register platform support module: D:/Unity/HubEditor/2022.3.34f1/Editor/Data/PlaybackEngines/WindowsStandaloneSupport/UnityEditor.WindowsStandalone.Extensions.dll
Registered in 0.011474 seconds.
- Loaded All Assemblies, in  0.294 seconds
Native extension for WindowsStandalone target not found
Mono: successfully reloaded assembly
- Finished resetting the current domain, in  0.187 seconds
Domain Reload Profiling: 472ms
	BeginReloadAssembly (98ms)
		ExecutionOrderSort (0ms)
		DisableScriptedObjects (0ms)
		BackupInstance (0ms)
		ReleaseScriptingObjects (0ms)
		CreateAndSetChildDomain (1ms)
	RebuildCommonClasses (25ms)
	RebuildNativeTypeToScriptingClass (6ms)
	initialDomainReloadingComplete (63ms)
	LoadAllAssembliesAndSetupDomain (93ms)
		LoadAssemblies (90ms)
		RebuildTransferFunctionScriptingTraits (0ms)
		AnalyzeDomain (91ms)
			TypeCache.Refresh (90ms)
				TypeCache.ScanAssembly (80ms)
			ScanForSourceGeneratedMonoScriptInfo (0ms)
			ResolveRequiredComponents (0ms)
	FinalizeReload (187ms)
		ReleaseScriptCaches (0ms)
		RebuildScriptCaches (0ms)
		SetupLoadedEditorAssemblies (149ms)
			LogAssemblyErrors (0ms)
			InitializePlatformSupportModulesInManaged (8ms)
			SetLoadedEditorAssemblies (6ms)
			RefreshPlugins (0ms)
			BeforeProcessingInitializeOnLoad (2ms)
			ProcessInitializeOnLoadAttributes (95ms)
			ProcessInitializeOnLoadMethodAttributes (38ms)
			AfterProcessingInitializeOnLoad (0ms)
			EditorAssembliesLoaded (0ms)
		ExecutionOrderSort2 (0ms)
		AwakeInstancesAfterBackupRestoration (0ms)
[Licensing::Client] Successfully resolved entitlements
Application.AssetDatabase Initial Refresh Start
[API Updater] Processing imported assemblies took 983 ms (17/17 assembly(ies)).
Package Manager log level set to [2]
[Package Manager] Server::EnsureServerProcessIsRunning -- launch failed, reason: Unity was launched with the -noUpm command-line argument
[Package Manager] UpmClient::Send -- Unable to send message (not connected to UPM process).
[Package Manager] Cannot connect to Unity Package Manager local server
[API Updater] Unable to retrieve project configured packages; AssemblyUpdater may fail to resolve assemblies from packages. Status = Cannot connect to Unity Package Manager local server (Unknown)
[Package Manager] Server::EnsureServerProcessIsRunning -- launch failed, reason: Unity was launched with the -noUpm command-line argument
[Package Manager] UpmClient::Send -- Unable to send message (not connected to UPM process).
[Package Manager] Cannot connect to Unity Package Manager local server
[API Updater] Unable to retrieve project configured packages; AssemblyUpdater may fail to resolve assemblies from packages. Status = Cannot connect to Unity Package Manager local server (Unknown)
[Package Manager] Server::EnsureServerProcessIsRunning -- launch failed, reason: Unity was launched with the -noUpm command-line argument
[Package Manager] UpmClient::Send -- Unable to send message (not connected to UPM process).
[Package Manager] Cannot connect to Unity Package Manager local server
[API Updater] Unable to retrieve project configured packages; AssemblyUpdater may fail to resolve assemblies from packages. Status = Cannot connect to Unity Package Manager local server (Unknown)
[Package Manager] Server::EnsureServerProcessIsRunning -- launch failed, reason: Unity was launched with the -noUpm command-line argument
[Package Manager] UpmClient::Send -- Unable to send message (not connected to UPM process).
[Package Manager] Cannot connect to Unity Package Manager local server
[API Updater] Unable to retrieve project configured packages; AssemblyUpdater may fail to resolve assemblies from packages. Status = Cannot connect to Unity Package Manager local server (Unknown)
[Package Manager] Server::EnsureServerProcessIsRunning -- launch failed, reason: Unity was launched with the -noUpm command-line argument
[Package Manager] UpmClient::Send -- Unable to send message (not connected to UPM process).
[Package Manager] Cannot connect to Unity Package Manager local server
[API Updater] Unable to retrieve project configured packages; AssemblyUpdater may fail to resolve assemblies from packages. Status = Cannot connect to Unity Package Manager local server (Unknown)
[Package Manager] Server::EnsureServerProcessIsRunning -- launch failed, reason: Unity was launched with the -noUpm command-line argument
[Package Manager] UpmClient::Send -- Unable to send message (not connected to UPM process).
[Package Manager] Cannot connect to Unity Package Manager local server
[API Updater] Unable to retrieve project configured packages; AssemblyUpdater may fail to resolve assemblies from packages. Status = Cannot connect to Unity Package Manager local server (Unknown)
[Package Manager] Server::EnsureServerProcessIsRunning -- launch failed, reason: Unity was launched with the -noUpm command-line argument
[Package Manager] UpmClient::Send -- Unable to send message (not connected to UPM process).
[Package Manager] Cannot connect to Unity Package Manager local server
[API Updater] Unable to retrieve project configured packages; AssemblyUpdater may fail to resolve assemblies from packages. Status = Cannot connect to Unity Package Manager local server (Unknown)
[Package Manager] Server::EnsureServerProcessIsRunning -- launch failed, reason: Unity was launched with the -noUpm command-line argument
[Package Manager] UpmClient::Send -- Unable to send message (not connected to UPM process).
[Package Manager] Cannot connect to Unity Package Manager local server
[API Updater] Unable to retrieve project configured packages; AssemblyUpdater may fail to resolve assemblies from packages. Status = Cannot connect to Unity Package Manager local server (Unknown)
[Package Manager] Server::EnsureServerProcessIsRunning -- launch failed, reason: Unity was launched with the -noUpm command-line argument
[Package Manager] UpmClient::Send -- Unable to send message (not connected to UPM process).
[Package Manager] Cannot connect to Unity Package Manager local server
[API Updater] Unable to retrieve project configured packages; AssemblyUpdater may fail to resolve assemblies from packages. Status = Cannot connect to Unity Package Manager local server (Unknown)
[Package Manager] Server::EnsureServerProcessIsRunning -- launch failed, reason: Unity was launched with the -noUpm command-line argument
[Package Manager] UpmClient::Send -- Unable to send message (not connected to UPM process).
[Package Manager] Cannot connect to Unity Package Manager local server
[API Updater] Unable to retrieve project configured packages; AssemblyUpdater may fail to resolve assemblies from packages. Status = Cannot connect to Unity Package Manager local server (Unknown)
[Package Manager] Server::EnsureServerProcessIsRunning -- launch failed, reason: Unity was launched with the -noUpm command-line argument
[Package Manager] UpmClient::Send -- Unable to send message (not connected to UPM process).
[Package Manager] Cannot connect to Unity Package Manager local server
[API Updater] Unable to retrieve project configured packages; AssemblyUpdater may fail to resolve assemblies from packages. Status = Cannot connect to Unity Package Manager local server (Unknown)
[Package Manager] Server::EnsureServerProcessIsRunning -- launch failed, reason: Unity was launched with the -noUpm command-line argument
[Package Manager] UpmClient::Send -- Unable to send message (not connected to UPM process).
[Package Manager] Cannot connect to Unity Package Manager local server
[API Updater] Unable to retrieve project configured packages; AssemblyUpdater may fail to resolve assemblies from packages. Status = Cannot connect to Unity Package Manager local server (Unknown)
[Package Manager] Server::EnsureServerProcessIsRunning -- launch failed, reason: Unity was launched with the -noUpm command-line argument
[Package Manager] UpmClient::Send -- Unable to send message (not connected to UPM process).
[Package Manager] Cannot connect to Unity Package Manager local server
[API Updater] Unable to retrieve project configured packages; AssemblyUpdater may fail to resolve assemblies from packages. Status = Cannot connect to Unity Package Manager local server (Unknown)
[Package Manager] Server::EnsureServerProcessIsRunning -- launch failed, reason: Unity was launched with the -noUpm command-line argument
[Package Manager] UpmClient::Send -- Unable to send message (not connected to UPM process).
[Package Manager] Cannot connect to Unity Package Manager local server
[API Updater] Unable to retrieve project configured packages; AssemblyUpdater may fail to resolve assemblies from packages. Status = Cannot connect to Unity Package Manager local server (Unknown)
[Package Manager] Server::EnsureServerProcessIsRunning -- launch failed, reason: Unity was launched with the -noUpm command-line argument
[Package Manager] UpmClient::Send -- Unable to send message (not connected to UPM process).
[Package Manager] Cannot connect to Unity Package Manager local server
[API Updater] Unable to retrieve project configured packages; AssemblyUpdater may fail to resolve assemblies from packages. Status = Cannot connect to Unity Package Manager local server (Unknown)
[Package Manager] Server::EnsureServerProcessIsRunning -- launch failed, reason: Unity was launched with the -noUpm command-line argument
[Package Manager] UpmClient::Send -- Unable to send message (not connected to UPM process).
[Package Manager] Cannot connect to Unity Package Manager local server
[API Updater] Unable to retrieve project configured packages; AssemblyUpdater may fail to resolve assemblies from packages. Status = Cannot connect to Unity Package Manager local server (Unknown)
[Package Manager] Server::EnsureServerProcessIsRunning -- launch failed, reason: Unity was launched with the -noUpm command-line argument
[Package Manager] UpmClient::Send -- Unable to send message (not connected to UPM process).
[Package Manager] Cannot connect to Unity Package Manager local server
[API Updater] Unable to retrieve project configured packages; AssemblyUpdater may fail to resolve assemblies from packages. Status = Cannot connect to Unity Package Manager local server (Unknown)
Filename: D:\Unity\HubEditor\2022.3.34f1\Editor\Data\NetCoreRuntime\dotnet.exe
Arguments: "D:/Unity/HubEditor/2022.3.34f1/Editor/Data/Tools/ScriptUpdater/AssemblyUpdater.exe" update -a "Assets/Plugins/Sirenix/Assemblies/Sirenix.Reflection.Editor.dll" --output "C:/Users/Logan/AppData/Local/Temp/tmp46ba5a43.tmp" --api-version 2022.3.34f1c1  -s "D:\Unity\HubEditor\2022.3.34f1\Editor\Data\NetStandard\ref\2.1.0;D:\Unity\HubEditor\2022.3.34f1\Editor\Data\NetStandard\compat\2.1.0\shims\netstandard;D:\Unity\HubEditor\2022.3.34f1\Editor\Data\NetStandard\compat\2.1.0\shims\netfx;+I:/GitHub/Unity_GAS/gameplay-ability-system-for-unity/Assets;+D:\Unity\HubEditor\2022.3.34f1\Editor\Data\Managed\UnityEngine;+D:\Unity\HubEditor\2022.3.34f1\Editor\Data\Managed" "D:/Unity/HubEditor/2022.3.34f1/Editor/Data/Managed/UnityEngine/UnityEngine.UIElementsModule.dll" "D:/Unity/HubEditor/2022.3.34f1/Editor/Data/Managed/UnityEngine/UnityEngine.CoreModule.dll" "D:/Unity/HubEditor/2022.3.34f1/Editor/Data/Managed/UnityEngine/UnityEngine.IMGUIModule.dll" "D:/Unity/HubEditor/2022.3.34f1/Editor/Data/Managed/UnityEditor.dll"
Filename: D:\Unity\HubEditor\2022.3.34f1\Editor\Data\NetCoreRuntime\dotnet.exe
Arguments: "D:/Unity/HubEditor/2022.3.34f1/Editor/Data/Tools/ScriptUpdater/AssemblyUpdater.exe" update -a "Assets/Plugins/Sirenix/Assemblies/Sirenix.OdinInspector.Attributes.dll" --output "C:/Users/Logan/AppData/Local/Temp/tmp4dc2822b.tmp" --api-version 2022.3.34f1c1  -s "D:\Unity\HubEditor\2022.3.34f1\Editor\Data\NetStandard\ref\2.1.0;D:\Unity\HubEditor\2022.3.34f1\Editor\Data\NetStandard\compat\2.1.0\shims\netstandard;D:\Unity\HubEditor\2022.3.34f1\Editor\Data\NetStandard\compat\2.1.0\shims\netfx;+I:/GitHub/Unity_GAS/gameplay-ability-system-for-unity/Assets;+D:\Unity\HubEditor\2022.3.34f1\Editor\Data\Managed\UnityEngine" "D:/Unity/HubEditor/2022.3.34f1/Editor/Data/Managed/UnityEngine/UnityEngine.TextRenderingModule.dll" "D:/Unity/HubEditor/2022.3.34f1/Editor/Data/Managed/UnityEngine/UnityEngine.CoreModule.dll"
Filename: D:\Unity\HubEditor\2022.3.34f1\Editor\Data\NetCoreRuntime\dotnet.exe
Arguments: "D:/Unity/HubEditor/2022.3.34f1/Editor/Data/Tools/ScriptUpdater/AssemblyUpdater.exe" update -a "Assets/Plugins/Sirenix/Assemblies/Sirenix.Utilities.Editor.dll" --output "C:/Users/Logan/AppData/Local/Temp/tmp5478dcfd.tmp" --api-version 2022.3.34f1c1  -s "D:\Unity\HubEditor\2022.3.34f1\Editor\Data\NetStandard\ref\2.1.0;D:\Unity\HubEditor\2022.3.34f1\Editor\Data\NetStandard\compat\2.1.0\shims\netstandard;D:\Unity\HubEditor\2022.3.34f1\Editor\Data\NetStandard\compat\2.1.0\shims\netfx;+I:/GitHub/Unity_GAS/gameplay-ability-system-for-unity/Assets;+D:\Unity\HubEditor\2022.3.34f1\Editor\Data\Managed\UnityEngine;+D:\Unity\HubEditor\2022.3.34f1\Editor\Data\Managed" "D:/Unity/HubEditor/2022.3.34f1/Editor/Data/Managed/UnityEngine/UnityEngine.CoreModule.dll" "D:/Unity/HubEditor/2022.3.34f1/Editor/Data/Managed/UnityEditor.dll" "D:/Unity/HubEditor/2022.3.34f1/Editor/Data/Managed/UnityEngine/UnityEngine.IMGUIModule.dll" "D:/Unity/HubEditor/2022.3.34f1/Editor/Data/Managed/UnityEngine/UnityEngine.TextRenderingModule.dll" "D:/Unity/HubEditor/2022.3.34f1/Editor/Data/Managed/UnityEngine/UnityEngine.UIElementsModule.dll" "D:/Unity/HubEditor/2022.3.34f1/Editor/Data/Managed/UnityEngine/UnityEngine.JSONSerializeModule.dll" "D:/Unity/HubEditor/2022.3.34f1/Editor/Data/Managed/UnityEngine/UnityEngine.ImageConversionModule.dll"
Filename: D:\Unity\HubEditor\2022.3.34f1\Editor\Data\NetCoreRuntime\dotnet.exe
Arguments: "D:/Unity/HubEditor/2022.3.34f1/Editor/Data/Tools/ScriptUpdater/AssemblyUpdater.exe" update -a "Assets/Plugins/Sirenix/Assemblies/Sirenix.Utilities.dll" --output "C:/Users/Logan/AppData/Local/Temp/tmp7db831a.tmp" --api-version 2022.3.34f1c1  -s "D:\Unity\HubEditor\2022.3.34f1\Editor\Data\NetStandard\ref\2.1.0;D:\Unity\HubEditor\2022.3.34f1\Editor\Data\NetStandard\compat\2.1.0\shims\netstandard;D:\Unity\HubEditor\2022.3.34f1\Editor\Data\NetStandard\compat\2.1.0\shims\netfx;+I:/GitHub/Unity_GAS/gameplay-ability-system-for-unity/Assets;+D:\Unity\HubEditor\2022.3.34f1\Editor\Data\Managed\UnityEngine;+D:\Unity\HubEditor\2022.3.34f1\Editor\Data\Managed" "D:/Unity/HubEditor/2022.3.34f1/Editor/Data/Managed/UnityEngine/UnityEngine.CoreModule.dll" "D:/Unity/HubEditor/2022.3.34f1/Editor/Data/Managed/UnityEngine/UnityEngine.IMGUIModule.dll" "D:/Unity/HubEditor/2022.3.34f1/Editor/Data/Managed/UnityEditor.dll"
Filename: D:\Unity\HubEditor\2022.3.34f1\Editor\Data\NetCoreRuntime\dotnet.exe
Arguments: "D:/Unity/HubEditor/2022.3.34f1/Editor/Data/Tools/ScriptUpdater/AssemblyUpdater.exe" update -a "Assets/Plugins/Sirenix/Assemblies/NoEmitAndNoEditor/Sirenix.Utilities.dll" --output "C:/Users/Logan/AppData/Local/Temp/tmp7b24e527.tmp" --api-version 2022.3.34f1c1  -s "D:\Unity\HubEditor\2022.3.34f1\Editor\Data\NetStandard\ref\2.1.0;D:\Unity\HubEditor\2022.3.34f1\Editor\Data\NetStandard\compat\2.1.0\shims\netstandard;D:\Unity\HubEditor\2022.3.34f1\Editor\Data\NetStandard\compat\2.1.0\shims\netfx;+I:/GitHub/Unity_GAS/gameplay-ability-system-for-unity/Assets;+D:\Unity\HubEditor\2022.3.34f1\Editor\Data\Managed\UnityEngine;+D:\Unity\HubEditor\2022.3.34f1\Editor\Data\Managed" "D:/Unity/HubEditor/2022.3.34f1/Editor/Data/Managed/UnityEngine/UnityEngine.CoreModule.dll" "D:/Unity/HubEditor/2022.3.34f1/Editor/Data/Managed/UnityEngine/UnityEngine.IMGUIModule.dll" "D:/Unity/HubEditor/2022.3.34f1/Editor/Data/Managed/UnityEditor.dll"
Filename: D:\Unity\HubEditor\2022.3.34f1\Editor\Data\NetCoreRuntime\dotnet.exe
Arguments: "D:/Unity/HubEditor/2022.3.34f1/Editor/Data/Tools/ScriptUpdater/AssemblyUpdater.exe" update -a "Assets/Plugins/Sirenix/Assemblies/Sirenix.Serialization.dll" --output "C:/Users/Logan/AppData/Local/Temp/tmp549ba6bb.tmp" --api-version 2022.3.34f1c1  -s "D:\Unity\HubEditor\2022.3.34f1\Editor\Data\NetStandard\ref\2.1.0;D:\Unity\HubEditor\2022.3.34f1\Editor\Data\NetStandard\compat\2.1.0\shims\netstandard;D:\Unity\HubEditor\2022.3.34f1\Editor\Data\NetStandard\compat\2.1.0\shims\netfx;+I:/GitHub/Unity_GAS/gameplay-ability-system-for-unity/Assets;+D:\Unity\HubEditor\2022.3.34f1\Editor\Data\Managed\UnityEngine;+D:\Unity\HubEditor\2022.3.34f1\Editor\Data\Managed" "D:/Unity/HubEditor/2022.3.34f1/Editor/Data/Managed/UnityEngine/UnityEngine.CoreModule.dll" "D:/Unity/HubEditor/2022.3.34f1/Editor/Data/Managed/UnityEngine/UnityEngine.AnimationModule.dll" "D:/Unity/HubEditor/2022.3.34f1/Editor/Data/Managed/UnityEditor.dll" "D:/Unity/HubEditor/2022.3.34f1/Editor/Data/Managed/UnityEngine/UnityEngine.IMGUIModule.dll" "D:/Unity/HubEditor/2022.3.34f1/Editor/Data/Managed/UnityEngine/UnityEngine.JSONSerializeModule.dll"
Filename: D:\Unity\HubEditor\2022.3.34f1\Editor\Data\NetCoreRuntime\dotnet.exe
Filename: D:\Unity\HubEditor\2022.3.34f1\Editor\Data\NetCoreRuntime\dotnet.exe
Arguments: "D:/Unity/HubEditor/2022.3.34f1/Editor/Data/Tools/ScriptUpdater/AssemblyUpdater.exe" update -a "Assets/Plugins/Sirenix/Assemblies/NoEditor/Sirenix.Serialization.dll" --output "C:/Users/Logan/AppData/Local/Temp/tmp712cbf2e.tmp" --api-version 2022.3.34f1c1  -s "D:\Unity\HubEditor\2022.3.34f1\Editor\Data\NetStandard\ref\2.1.0;D:\Unity\HubEditor\2022.3.34f1\Editor\Data\NetStandard\compat\2.1.0\shims\netstandard;D:\Unity\HubEditor\2022.3.34f1\Editor\Data\NetStandard\compat\2.1.0\shims\netfx;+I:/GitHub/Unity_GAS/gameplay-ability-system-for-unity/Assets;+D:\Unity\HubEditor\2022.3.34f1\Editor\Data\Managed\UnityEngine;+D:\Unity\HubEditor\2022.3.34f1\Editor\Data\Managed" "D:/Unity/HubEditor/2022.3.34f1/Editor/Data/Managed/UnityEngine/UnityEngine.CoreModule.dll" "D:/Unity/HubEditor/2022.3.34f1/Editor/Data/Managed/UnityEngine/UnityEngine.AnimationModule.dll" "D:/Unity/HubEditor/2022.3.34f1/Editor/Data/Managed/UnityEditor.dll" "D:/Unity/HubEditor/2022.3.34f1/Editor/Data/Managed/UnityEngine/UnityEngine.IMGUIModule.dll" "D:/Unity/HubEditor/2022.3.34f1/Editor/Data/Managed/UnityEngine/UnityEngine.JSONSerializeModule.dll"
Arguments: "D:/Unity/HubEditor/2022.3.34f1/Editor/Data/Tools/ScriptUpdater/AssemblyUpdater.exe" update -a "Assets/Plugins/Sirenix/Assemblies/Sirenix.Serialization.Config.dll" --output "C:/Users/Logan/AppData/Local/Temp/tmp76b0b6a4.tmp" --api-version 2022.3.34f1c1  -s "D:\Unity\HubEditor\2022.3.34f1\Editor\Data\NetStandard\ref\2.1.0;D:\Unity\HubEditor\2022.3.34f1\Editor\Data\NetStandard\compat\2.1.0\shims\netstandard;D:\Unity\HubEditor\2022.3.34f1\Editor\Data\NetStandard\compat\2.1.0\shims\netfx;+I:/GitHub/Unity_GAS/gameplay-ability-system-for-unity/Assets;+D:\Unity\HubEditor\2022.3.34f1\Editor\Data\Managed\UnityEngine" "D:/Unity/HubEditor/2022.3.34f1/Editor/Data/Managed/UnityEngine/UnityEngine.CoreModule.dll" "D:/Unity/HubEditor/2022.3.34f1/Editor/Data/Managed/UnityEngine/UnityEngine.IMGUIModule.dll"
Filename: D:\Unity\HubEditor\2022.3.34f1\Editor\Data\NetCoreRuntime\dotnet.exe
Arguments: "D:/Unity/HubEditor/2022.3.34f1/Editor/Data/Tools/ScriptUpdater/AssemblyUpdater.exe" update -a "Assets/Plugins/Sirenix/Assemblies/NoEditor/Sirenix.Utilities.dll" --output "C:/Users/Logan/AppData/Local/Temp/tmp6c3ddf07.tmp" --api-version 2022.3.34f1c1  -s "D:\Unity\HubEditor\2022.3.34f1\Editor\Data\NetStandard\ref\2.1.0;D:\Unity\HubEditor\2022.3.34f1\Editor\Data\NetStandard\compat\2.1.0\shims\netstandard;D:\Unity\HubEditor\2022.3.34f1\Editor\Data\NetStandard\compat\2.1.0\shims\netfx;+I:/GitHub/Unity_GAS/gameplay-ability-system-for-unity/Assets;+D:\Unity\HubEditor\2022.3.34f1\Editor\Data\Managed\UnityEngine;+D:\Unity\HubEditor\2022.3.34f1\Editor\Data\Managed" "D:/Unity/HubEditor/2022.3.34f1/Editor/Data/Managed/UnityEngine/UnityEngine.CoreModule.dll" "D:/Unity/HubEditor/2022.3.34f1/Editor/Data/Managed/UnityEngine/UnityEngine.IMGUIModule.dll" "D:/Unity/HubEditor/2022.3.34f1/Editor/Data/Managed/UnityEditor.dll"
Filename: D:\Unity\HubEditor\2022.3.34f1\Editor\Data\NetCoreRuntime\dotnet.exe
Arguments: "D:/Unity/HubEditor/2022.3.34f1/Editor/Data/Tools/ScriptUpdater/AssemblyUpdater.exe" update -a "Assets/Plugins/Sirenix/Assemblies/NoEmitAndNoEditor/Sirenix.Serialization.dll" --output "C:/Users/Logan/AppData/Local/Temp/tmp33d9ef78.tmp" --api-version 2022.3.34f1c1  -s "D:\Unity\HubEditor\2022.3.34f1\Editor\Data\NetStandard\ref\2.1.0;D:\Unity\HubEditor\2022.3.34f1\Editor\Data\NetStandard\compat\2.1.0\shims\netstandard;D:\Unity\HubEditor\2022.3.34f1\Editor\Data\NetStandard\compat\2.1.0\shims\netfx;+I:/GitHub/Unity_GAS/gameplay-ability-system-for-unity/Assets;+D:\Unity\HubEditor\2022.3.34f1\Editor\Data\Managed\UnityEngine;+D:\Unity\HubEditor\2022.3.34f1\Editor\Data\Managed" "D:/Unity/HubEditor/2022.3.34f1/Editor/Data/Managed/UnityEngine/UnityEngine.CoreModule.dll" "D:/Unity/HubEditor/2022.3.34f1/Editor/Data/Managed/UnityEngine/UnityEngine.AnimationModule.dll" "D:/Unity/HubEditor/2022.3.34f1/Editor/Data/Managed/UnityEditor.dll" "D:/Unity/HubEditor/2022.3.34f1/Editor/Data/Managed/UnityEngine/UnityEngine.IMGUIModule.dll" "D:/Unity/HubEditor/2022.3.34f1/Editor/Data/Managed/UnityEngine/UnityEngine.JSONSerializeModule.dll"
Filename: D:\Unity\HubEditor\2022.3.34f1\Editor\Data\NetCoreRuntime\dotnet.exe
Arguments: "D:/Unity/HubEditor/2022.3.34f1/Editor/Data/Tools/ScriptUpdater/AssemblyUpdater.exe" update -a "Assets/Plugins/Sirenix/Assemblies/Sirenix.OdinInspector.Editor.dll" --output "C:/Users/Logan/AppData/Local/Temp/tmp2b126e23.tmp" --api-version 2022.3.34f1c1  -s "D:\Unity\HubEditor\2022.3.34f1\Editor\Data\NetStandard\ref\2.1.0;D:\Unity\HubEditor\2022.3.34f1\Editor\Data\NetStandard\compat\2.1.0\shims\netstandard;D:\Unity\HubEditor\2022.3.34f1\Editor\Data\NetStandard\compat\2.1.0\shims\netfx;+I:/GitHub/Unity_GAS/gameplay-ability-system-for-unity/Assets;+D:\Unity\HubEditor\2022.3.34f1\Editor\Data\Managed;+D:\Unity\HubEditor\2022.3.34f1\Editor\Data\Managed\UnityEngine" "D:/Unity/HubEditor/2022.3.34f1/Editor/Data/Managed/UnityEditor.dll" "D:/Unity/HubEditor/2022.3.34f1/Editor/Data/Managed/UnityEngine/UnityEngine.CoreModule.dll" "D:/Unity/HubEditor/2022.3.34f1/Editor/Data/Managed/UnityEngine/UnityEngine.IMGUIModule.dll" "D:/Unity/HubEditor/2022.3.34f1/Editor/Data/Managed/UnityEngine/UnityEngine.UIElementsModule.dll" "D:/Unity/HubEditor/2022.3.34f1/Editor/Data/Managed/UnityEngine/UnityEngine.UnityWebRequestModule.dll" "D:/Unity/HubEditor/2022.3.34f1/Editor/Data/Managed/UnityEngine/UnityEngine.PhysicsModule.dll" "D:/Unity/HubEditor/2022.3.34f1/Editor/Data/Managed/UnityEngine/UnityEngine.TextRenderingModule.dll" "D:/Unity/HubEditor/2022.3.34f1/Editor/Data/Managed/UnityEngine/UnityEngine.AnimationModule.dll" "D:/Unity/HubEditor/2022.3.34f1/Editor/Data/Managed/UnityEngine/UnityEngine.JSONSerializeModule.dll"
Filename: D:\Unity\HubEditor\2022.3.34f1\Editor\Data\NetCoreRuntime\dotnet.exe
Arguments: "D:/Unity/HubEditor/2022.3.34f1/Editor/Data/Tools/ScriptUpdater/AssemblyUpdater.exe" update -a "Assets/Plugins/Demigiant/DOTween/DOTween.dll" --output "C:/Users/Logan/AppData/Local/Temp/tmp2c70ec7d.tmp" --api-version 2022.3.34f1c1  -s "D:\Unity\HubEditor\2022.3.34f1\Editor\Data\NetStandard\ref\2.1.0;D:\Unity\HubEditor\2022.3.34f1\Editor\Data\NetStandard\compat\2.1.0\shims\netstandard;D:\Unity\HubEditor\2022.3.34f1\Editor\Data\NetStandard\compat\2.1.0\shims\netfx;+I:/GitHub/Unity_GAS/gameplay-ability-system-for-unity/Assets;+D:\Unity\HubEditor\2022.3.34f1\Editor\Data\Managed" "D:/Unity/HubEditor/2022.3.34f1/Editor/Data/Managed/UnityEngine.dll"
Filename: D:\Unity\HubEditor\2022.3.34f1\Editor\Data\NetCoreRuntime\dotnet.exe
Arguments: "D:/Unity/HubEditor/2022.3.34f1/Editor/Data/Tools/ScriptUpdater/AssemblyUpdater.exe" update -a "Assets/Plugins/Demigiant/DOTween/Editor/DOTweenEditor.dll" --output "C:/Users/Logan/AppData/Local/Temp/tmp56e6337a.tmp" --api-version 2022.3.34f1c1  -s "D:\Unity\HubEditor\2022.3.34f1\Editor\Data\NetStandard\ref\2.1.0;D:\Unity\HubEditor\2022.3.34f1\Editor\Data\NetStandard\compat\2.1.0\shims\netstandard;D:\Unity\HubEditor\2022.3.34f1\Editor\Data\NetStandard\compat\2.1.0\shims\netfx;+I:/GitHub/Unity_GAS/gameplay-ability-system-for-unity/Assets;+D:\Unity\HubEditor\2022.3.34f1\Editor\Data\Managed" "D:/Unity/HubEditor/2022.3.34f1/Editor/Data/Managed/UnityEngine.dll" "D:/Unity/HubEditor/2022.3.34f1/Editor/Data/Managed/UnityEditor.dll"
Filename: D:\Unity\HubEditor\2022.3.34f1\Editor\Data\NetCoreRuntime\dotnet.exe
Arguments: "D:/Unity/HubEditor/2022.3.34f1/Editor/Data/Tools/ScriptUpdater/AssemblyUpdater.exe" update -a "Assets/Plugins/Demigiant/DOTweenPro/DOTweenPro.dll" --output "C:/Users/Logan/AppData/Local/Temp/tmp34be9b56.tmp" --api-version 2022.3.34f1c1  -s "D:\Unity\HubEditor\2022.3.34f1\Editor\Data\NetStandard\ref\2.1.0;D:\Unity\HubEditor\2022.3.34f1\Editor\Data\NetStandard\compat\2.1.0\shims\netstandard;D:\Unity\HubEditor\2022.3.34f1\Editor\Data\NetStandard\compat\2.1.0\shims\netfx;+I:/GitHub/Unity_GAS/gameplay-ability-system-for-unity/Assets;+D:\Unity\HubEditor\2022.3.34f1\Editor\Data\Managed" "D:/Unity/HubEditor/2022.3.34f1/Editor/Data/Managed/UnityEngine.dll"
Filename: D:\Unity\HubEditor\2022.3.34f1\Editor\Data\NetCoreRuntime\dotnet.exe
Arguments: "D:/Unity/HubEditor/2022.3.34f1/Editor/Data/Tools/ScriptUpdater/AssemblyUpdater.exe" update -a "Assets/Plugins/Demigiant/DemiLib/Core/DemiLib.dll" --output "C:/Users/Logan/AppData/Local/Temp/tmp4d8e6b6b.tmp" --api-version 2022.3.34f1c1  -s "D:\Unity\HubEditor\2022.3.34f1\Editor\Data\NetStandard\ref\2.1.0;D:\Unity\HubEditor\2022.3.34f1\Editor\Data\NetStandard\compat\2.1.0\shims\netstandard;D:\Unity\HubEditor\2022.3.34f1\Editor\Data\NetStandard\compat\2.1.0\shims\netfx;+I:/GitHub/Unity_GAS/gameplay-ability-system-for-unity/Assets;+D:\Unity\HubEditor\2022.3.34f1\Editor\Data\Managed" "D:/Unity/HubEditor/2022.3.34f1/Editor/Data/Managed/UnityEngine.dll"
Filename: D:\Unity\HubEditor\2022.3.34f1\Editor\Data\NetCoreRuntime\dotnet.exe
Arguments: "D:/Unity/HubEditor/2022.3.34f1/Editor/Data/Tools/ScriptUpdater/AssemblyUpdater.exe" update -a "Assets/Plugins/Demigiant/DemiLib/Core/Editor/DemiEditor.dll" --output "C:/Users/Logan/AppData/Local/Temp/tmp2f8f902a.tmp" --api-version 2022.3.34f1c1  -s "D:\Unity\HubEditor\2022.3.34f1\Editor\Data\NetStandard\ref\2.1.0;D:\Unity\HubEditor\2022.3.34f1\Editor\Data\NetStandard\compat\2.1.0\shims\netstandard;D:\Unity\HubEditor\2022.3.34f1\Editor\Data\NetStandard\compat\2.1.0\shims\netfx;+I:/GitHub/Unity_GAS/gameplay-ability-system-for-unity/Assets;+D:\Unity\HubEditor\2022.3.34f1\Editor\Data\Managed" "D:/Unity/HubEditor/2022.3.34f1/Editor/Data/Managed/UnityEngine.dll" "D:/Unity/HubEditor/2022.3.34f1/Editor/Data/Managed/UnityEditor.dll"
Filename: D:\Unity\HubEditor\2022.3.34f1\Editor\Data\NetCoreRuntime\dotnet.exe
Arguments: "D:/Unity/HubEditor/2022.3.34f1/Editor/Data/Tools/ScriptUpdater/AssemblyUpdater.exe" update -a "Assets/Plugins/Demigiant/DOTweenPro/Editor/DOTweenProEditor.dll" --output "C:/Users/Logan/AppData/Local/Temp/tmp33c94f73.tmp" --api-version 2022.3.34f1c1  -s "D:\Unity\HubEditor\2022.3.34f1\Editor\Data\NetStandard\ref\2.1.0;D:\Unity\HubEditor\2022.3.34f1\Editor\Data\NetStandard\compat\2.1.0\shims\netstandard;D:\Unity\HubEditor\2022.3.34f1\Editor\Data\NetStandard\compat\2.1.0\shims\netfx;+I:/GitHub/Unity_GAS/gameplay-ability-system-for-unity/Assets;+D:\Unity\HubEditor\2022.3.34f1\Editor\Data\Managed" "D:/Unity/HubEditor/2022.3.34f1/Editor/Data/Managed/UnityEditor.dll" "D:/Unity/HubEditor/2022.3.34f1/Editor/Data/Managed/UnityEngine.dll"
Unable to update following assemblies:Assets/Plugins/Sirenix/Assemblies/NoEditor/Sirenix.Utilities.dll (Name = Sirenix.Utilities, Error = 131) (Output: C:\Users\Logan\AppData\Local\Temp\tmp6c3ddf07.tmp)

System.InvalidOperationException: Operation is not valid due to the current state of the object.
   at Mono.Cecil.ModuleDefinition.ReadSymbols(ISymbolReader reader)
   at Mono.Cecil.ModuleReader.ReadSymbols(ModuleDefinition module, ReaderParameters parameters)
   at Mono.Cecil.ModuleReader.CreateModule(Image image, ReaderParameters parameters)
   at Mono.Cecil.ModuleDefinition.ReadModule(Disposable`1 stream, String fileName, ReaderParameters parameters)
   at Mono.Cecil.ModuleDefinition.ReadModule(String fileName, ReaderParameters parameters)
   at AssemblyUpdater.Core.AssemblyUpdaterContext.ReadAssembly(String assemblyPath, IAPIUpdaterListener listener, FileAccess mode, String[] searchPaths)
   at AssemblyUpdater.Core.AssemblyUpdaterContext.From(String assemblyPath, ConfigurationProvider configuration, String[] assemblySearchPaths, IAPIUpdaterListener listener)
   at AssemblyUpdater.Core.AssemblyUpdaterContext.From(String assemblyPath, String[] assemblySearchPaths, IAPIUpdaterListener listener)
   at AssemblyUpdater.Application.Program.<>c__DisplayClass0_0.<Main>b__1(UpdateOptions o)
   at CommandLine.ParserResultExtensions.WithParsed[T](ParserResult`1 result, Action`1 action)
   at AssemblyUpdater.Application.Program.Main(String[] args)
Assets/Plugins/Sirenix/Assemblies/NoEmitAndNoEditor/Sirenix.Utilities.dll (Name = Sirenix.Utilities, Error = 131) (Output: C:\Users\Logan\AppData\Local\Temp\tmp7b24e527.tmp)

System.InvalidOperationException: Operation is not valid due to the current state of the object.
   at Mono.Cecil.ModuleDefinition.ReadSymbols(ISymbolReader reader)
   at Mono.Cecil.ModuleReader.ReadSymbols(ModuleDefinition module, ReaderParameters parameters)
   at Mono.Cecil.ModuleReader.CreateModule(Image image, ReaderParameters parameters)
   at Mono.Cecil.ModuleDefinition.ReadModule(Disposable`1 stream, String fileName, ReaderParameters parameters)
   at Mono.Cecil.ModuleDefinition.ReadModule(String fileName, ReaderParameters parameters)
   at AssemblyUpdater.Core.AssemblyUpdaterContext.ReadAssembly(String assemblyPath, IAPIUpdaterListener listener, FileAccess mode, String[] searchPaths)
   at AssemblyUpdater.Core.AssemblyUpdaterContext.From(String assemblyPath, ConfigurationProvider configuration, String[] assemblySearchPaths, IAPIUpdaterListener listener)
   at AssemblyUpdater.Core.AssemblyUpdaterContext.From(String assemblyPath, String[] assemblySearchPaths, IAPIUpdaterListener listener)
   at AssemblyUpdater.Application.Program.<>c__DisplayClass0_0.<Main>b__1(UpdateOptions o)
   at CommandLine.ParserResultExtensions.WithParsed[T](ParserResult`1 result, Action`1 action)
   at AssemblyUpdater.Application.Program.Main(String[] args)
Assets/Plugins/Sirenix/Assemblies/Sirenix.Utilities.dll (Name = Sirenix.Utilities, Error = 131) (Output: C:\Users\Logan\AppData\Local\Temp\tmp7db831a.tmp)

System.InvalidOperationException: Operation is not valid due to the current state of the object.
   at Mono.Cecil.ModuleDefinition.ReadSymbols(ISymbolReader reader)
   at Mono.Cecil.ModuleReader.ReadSymbols(ModuleDefinition module, ReaderParameters parameters)
   at Mono.Cecil.ModuleReader.CreateModule(Image image, ReaderParameters parameters)
   at Mono.Cecil.ModuleDefinition.ReadModule(Disposable`1 stream, String fileName, ReaderParameters parameters)
   at Mono.Cecil.ModuleDefinition.ReadModule(String fileName, ReaderParameters parameters)
   at AssemblyUpdater.Core.AssemblyUpdaterContext.ReadAssembly(String assemblyPath, IAPIUpdaterListener listener, FileAccess mode, String[] searchPaths)
   at AssemblyUpdater.Core.AssemblyUpdaterContext.From(String assemblyPath, ConfigurationProvider configuration, String[] assemblySearchPaths, IAPIUpdaterListener listener)
   at AssemblyUpdater.Core.AssemblyUpdaterContext.From(String assemblyPath, String[] assemblySearchPaths, IAPIUpdaterListener listener)
   at AssemblyUpdater.Application.Program.<>c__DisplayClass0_0.<Main>b__1(UpdateOptions o)
   at CommandLine.ParserResultExtensions.WithParsed[T](ParserResult`1 result, Action`1 action)
   at AssemblyUpdater.Application.Program.Main(String[] args)
Assets/Plugins/Sirenix/Assemblies/Sirenix.OdinInspector.Attributes.dll (Name = Sirenix.OdinInspector.Attributes, Error = 131) (Output: C:\Users\Logan\AppData\Local\Temp\tmp4dc2822b.tmp)

System.InvalidOperationException: Operation is not valid due to the current state of the object.
   at Mono.Cecil.ModuleDefinition.ReadSymbols(ISymbolReader reader)
   at Mono.Cecil.ModuleReader.ReadSymbols(ModuleDefinition module, ReaderParameters parameters)
   at Mono.Cecil.ModuleReader.CreateModule(Image image, ReaderParameters parameters)
   at Mono.Cecil.ModuleDefinition.ReadModule(Disposable`1 stream, String fileName, ReaderParameters parameters)
   at Mono.Cecil.ModuleDefinition.ReadModule(String fileName, ReaderParameters parameters)
   at AssemblyUpdater.Core.AssemblyUpdaterContext.ReadAssembly(String assemblyPath, IAPIUpdaterListener listener, FileAccess mode, String[] searchPaths)
   at AssemblyUpdater.Core.AssemblyUpdaterContext.From(String assemblyPath, ConfigurationProvider configuration, String[] assemblySearchPaths, IAPIUpdaterListener listener)
   at AssemblyUpdater.Core.AssemblyUpdaterContext.From(String assemblyPath, String[] assemblySearchPaths, IAPIUpdaterListener listener)
   at AssemblyUpdater.Application.Program.<>c__DisplayClass0_0.<Main>b__1(UpdateOptions o)
   at CommandLine.ParserResultExtensions.WithParsed[T](ParserResult`1 result, Action`1 action)
   at AssemblyUpdater.Application.Program.Main(String[] args)
Assets/Plugins/Sirenix/Assemblies/Sirenix.Serialization.Config.dll (Name = Sirenix.Serialization.Config, Error = 131) (Output: C:\Users\Logan\AppData\Local\Temp\tmp76b0b6a4.tmp)

System.InvalidOperationException: Operation is not valid due to the current state of the object.
   at Mono.Cecil.ModuleDefinition.ReadSymbols(ISymbolReader reader)
   at Mono.Cecil.ModuleReader.ReadSymbols(ModuleDefinition module, ReaderParameters parameters)
   at Mono.Cecil.ModuleReader.CreateModule(Image image, ReaderParameters parameters)
   at Mono.Cecil.ModuleDefinition.ReadModule(Disposable`1 stream, String fileName, ReaderParameters parameters)
   at Mono.Cecil.ModuleDefinition.ReadModule(String fileName, ReaderParameters parameters)
   at AssemblyUpdater.Core.AssemblyUpdaterContext.ReadAssembly(String assemblyPath, IAPIUpdaterListener listener, FileAccess mode, String[] searchPaths)
   at AssemblyUpdater.Core.AssemblyUpdaterContext.From(String assemblyPath, ConfigurationProvider configuration, String[] assemblySearchPaths, IAPIUpdaterListener listener)
   at AssemblyUpdater.Core.AssemblyUpdaterContext.From(String assemblyPath, String[] assemblySearchPaths, IAPIUpdaterListener listener)
   at AssemblyUpdater.Application.Program.<>c__DisplayClass0_0.<Main>b__1(UpdateOptions o)
   at CommandLine.ParserResultExtensions.WithParsed[T](ParserResult`1 result, Action`1 action)
   at AssemblyUpdater.Application.Program.Main(String[] args)
Assets/Plugins/Sirenix/Assemblies/NoEditor/Sirenix.Serialization.dll (Name = Sirenix.Serialization, Error = 131) (Output: C:\Users\Logan\AppData\Local\Temp\tmp712cbf2e.tmp)

System.InvalidOperationException: Operation is not valid due to the current state of the object.
   at Mono.Cecil.ModuleDefinition.ReadSymbols(ISymbolReader reader)
   at Mono.Cecil.ModuleReader.ReadSymbols(ModuleDefinition module, ReaderParameters parameters)
   at Mono.Cecil.ModuleReader.CreateModule(Image image, ReaderParameters parameters)
   at Mono.Cecil.ModuleDefinition.ReadModule(Disposable`1 stream, String fileName, ReaderParameters parameters)
   at Mono.Cecil.ModuleDefinition.ReadModule(String fileName, ReaderParameters parameters)
   at AssemblyUpdater.Core.AssemblyUpdaterContext.ReadAssembly(String assemblyPath, IAPIUpdaterListener listener, FileAccess mode, String[] searchPaths)
   at AssemblyUpdater.Core.AssemblyUpdaterContext.From(String assemblyPath, ConfigurationProvider configuration, String[] assemblySearchPaths, IAPIUpdaterListener listener)
   at AssemblyUpdater.Core.AssemblyUpdaterContext.From(String assemblyPath, String[] assemblySearchPaths, IAPIUpdaterListener listener)
   at AssemblyUpdater.Application.Program.<>c__DisplayClass0_0.<Main>b__1(UpdateOptions o)
   at CommandLine.ParserResultExtensions.WithParsed[T](ParserResult`1 result, Action`1 action)
   at AssemblyUpdater.Application.Program.Main(String[] args)
Assets/Plugins/Sirenix/Assemblies/NoEmitAndNoEditor/Sirenix.Serialization.dll (Name = Sirenix.Serialization, Error = 131) (Output: C:\Users\Logan\AppData\Local\Temp\tmp33d9ef78.tmp)

System.InvalidOperationException: Operation is not valid due to the current state of the object.
   at Mono.Cecil.ModuleDefinition.ReadSymbols(ISymbolReader reader)
   at Mono.Cecil.ModuleReader.ReadSymbols(ModuleDefinition module, ReaderParameters parameters)
   at Mono.Cecil.ModuleReader.CreateModule(Image image, ReaderParameters parameters)
   at Mono.Cecil.ModuleDefinition.ReadModule(Disposable`1 stream, String fileName, ReaderParameters parameters)
   at Mono.Cecil.ModuleDefinition.ReadModule(String fileName, ReaderParameters parameters)
   at AssemblyUpdater.Core.AssemblyUpdaterContext.ReadAssembly(String assemblyPath, IAPIUpdaterListener listener, FileAccess mode, String[] searchPaths)
   at AssemblyUpdater.Core.AssemblyUpdaterContext.From(String assemblyPath, ConfigurationProvider configuration, String[] assemblySearchPaths, IAPIUpdaterListener listener)
   at AssemblyUpdater.Core.AssemblyUpdaterContext.From(String assemblyPath, String[] assemblySearchPaths, IAPIUpdaterListener listener)
   at AssemblyUpdater.Application.Program.<>c__DisplayClass0_0.<Main>b__1(UpdateOptions o)
   at CommandLine.ParserResultExtensions.WithParsed[T](ParserResult`1 result, Action`1 action)
   at AssemblyUpdater.Application.Program.Main(String[] args)
Assets/Plugins/Sirenix/Assemblies/Sirenix.Serialization.dll (Name = Sirenix.Serialization, Error = 131) (Output: C:\Users\Logan\AppData\Local\Temp\tmp549ba6bb.tmp)

System.InvalidOperationException: Operation is not valid due to the current state of the object.
   at Mono.Cecil.ModuleDefinition.ReadSymbols(ISymbolReader reader)
   at Mono.Cecil.ModuleReader.ReadSymbols(ModuleDefinition module, ReaderParameters parameters)
   at Mono.Cecil.ModuleReader.CreateModule(Image image, ReaderParameters parameters)
   at Mono.Cecil.ModuleDefinition.ReadModule(Disposable`1 stream, String fileName, ReaderParameters parameters)
   at Mono.Cecil.ModuleDefinition.ReadModule(String fileName, ReaderParameters parameters)
   at AssemblyUpdater.Core.AssemblyUpdaterContext.ReadAssembly(String assemblyPath, IAPIUpdaterListener listener, FileAccess mode, String[] searchPaths)
   at AssemblyUpdater.Core.AssemblyUpdaterContext.From(String assemblyPath, ConfigurationProvider configuration, String[] assemblySearchPaths, IAPIUpdaterListener listener)
   at AssemblyUpdater.Core.AssemblyUpdaterContext.From(String assemblyPath, String[] assemblySearchPaths, IAPIUpdaterListener listener)
   at AssemblyUpdater.Application.Program.<>c__DisplayClass0_0.<Main>b__1(UpdateOptions o)
   at CommandLine.ParserResultExtensions.WithParsed[T](ParserResult`1 result, Action`1 action)
   at AssemblyUpdater.Application.Program.Main(String[] args)
Assets/Plugins/Sirenix/Assemblies/Sirenix.Reflection.Editor.dll (Name = Sirenix.Reflection.Editor, Error = 131) (Output: C:\Users\Logan\AppData\Local\Temp\tmp46ba5a43.tmp)

System.InvalidOperationException: Operation is not valid due to the current state of the object.
   at Mono.Cecil.ModuleDefinition.ReadSymbols(ISymbolReader reader)
   at Mono.Cecil.ModuleReader.ReadSymbols(ModuleDefinition module, ReaderParameters parameters)
   at Mono.Cecil.ModuleReader.CreateModule(Image image, ReaderParameters parameters)
   at Mono.Cecil.ModuleDefinition.ReadModule(Disposable`1 stream, String fileName, ReaderParameters parameters)
   at Mono.Cecil.ModuleDefinition.ReadModule(String fileName, ReaderParameters parameters)
   at AssemblyUpdater.Core.AssemblyUpdaterContext.ReadAssembly(String assemblyPath, IAPIUpdaterListener listener, FileAccess mode, String[] searchPaths)
   at AssemblyUpdater.Core.AssemblyUpdaterContext.From(String assemblyPath, ConfigurationProvider configuration, String[] assemblySearchPaths, IAPIUpdaterListener listener)
   at AssemblyUpdater.Core.AssemblyUpdaterContext.From(String assemblyPath, String[] assemblySearchPaths, IAPIUpdaterListener listener)
   at AssemblyUpdater.Application.Program.<>c__DisplayClass0_0.<Main>b__1(UpdateOptions o)
   at CommandLine.ParserResultExtensions.WithParsed[T](ParserResult`1 result, Action`1 action)
   at AssemblyUpdater.Application.Program.Main(String[] args)
Assets/Plugins/Sirenix/Assemblies/Sirenix.Utilities.Editor.dll (Name = Sirenix.Utilities.Editor, Error = 131) (Output: C:\Users\Logan\AppData\Local\Temp\tmp5478dcfd.tmp)

System.InvalidOperationException: Operation is not valid due to the current state of the object.
   at Mono.Cecil.ModuleDefinition.ReadSymbols(ISymbolReader reader)
   at Mono.Cecil.ModuleReader.ReadSymbols(ModuleDefinition module, ReaderParameters parameters)
   at Mono.Cecil.ModuleReader.CreateModule(Image image, ReaderParameters parameters)
   at Mono.Cecil.ModuleDefinition.ReadModule(Disposable`1 stream, String fileName, ReaderParameters parameters)
   at Mono.Cecil.ModuleDefinition.ReadModule(String fileName, ReaderParameters parameters)
   at AssemblyUpdater.Core.AssemblyUpdaterContext.ReadAssembly(String assemblyPath, IAPIUpdaterListener listener, FileAccess mode, String[] searchPaths)
   at AssemblyUpdater.Core.AssemblyUpdaterContext.From(String assemblyPath, ConfigurationProvider configuration, String[] assemblySearchPaths, IAPIUpdaterListener listener)
   at AssemblyUpdater.Core.AssemblyUpdaterContext.From(String assemblyPath, String[] assemblySearchPaths, IAPIUpdaterListener listener)
   at AssemblyUpdater.Application.Program.<>c__DisplayClass0_0.<Main>b__1(UpdateOptions o)
   at CommandLine.ParserResultExtensions.WithParsed[T](ParserResult`1 result, Action`1 action)
   at AssemblyUpdater.Application.Program.Main(String[] args)
Assets/Plugins/Sirenix/Assemblies/Sirenix.OdinInspector.Editor.dll (Name = Sirenix.OdinInspector.Editor, Error = 131) (Output: C:\Users\Logan\AppData\Local\Temp\tmp2b126e23.tmp)

System.InvalidOperationException: Operation is not valid due to the current state of the object.
   at Mono.Cecil.ModuleDefinition.ReadSymbols(ISymbolReader reader)
   at Mono.Cecil.ModuleReader.ReadSymbols(ModuleDefinition module, ReaderParameters parameters)
   at Mono.Cecil.ModuleReader.CreateModule(Image image, ReaderParameters parameters)
   at Mono.Cecil.ModuleDefinition.ReadModule(Disposable`1 stream, String fileName, ReaderParameters parameters)
   at Mono.Cecil.ModuleDefinition.ReadModule(String fileName, ReaderParameters parameters)
   at AssemblyUpdater.Core.AssemblyUpdaterContext.ReadAssembly(String assemblyPath, IAPIUpdaterListener listener, FileAccess mode, String[] searchPaths)
   at AssemblyUpdater.Core.AssemblyUpdaterContext.From(String assemblyPath, ConfigurationProvider configuration, String[] assemblySearchPaths, IAPIUpdaterListener listener)
   at AssemblyUpdater.Core.AssemblyUpdaterContext.From(String assemblyPath, String[] assemblySearchPaths, IAPIUpdaterListener listener)
   at AssemblyUpdater.Application.Program.<>c__DisplayClass0_0.<Main>b__1(UpdateOptions o)
   at CommandLine.ParserResultExtensions.WithParsed[T](ParserResult`1 result, Action`1 action)
   at AssemblyUpdater.Application.Program.Main(String[] args)
Following assemblies were successfully updated but due to the failed ones above they were ignored (not copied to the destination folder):Assets/Plugins/Demigiant/DOTween/DOTween.dll	(Result = 0) (Output: C:\Users\Logan\AppData\Local\Temp\tmp2c70ec7d.tmp)

Assets/Plugins/Demigiant/DOTween/Editor/DOTweenEditor.dll	(Result = 0) (Output: C:\Users\Logan\AppData\Local\Temp\tmp56e6337a.tmp)

Assets/Plugins/Demigiant/DOTweenPro/DOTweenPro.dll	(Result = 0) (Output: C:\Users\Logan\AppData\Local\Temp\tmp34be9b56.tmp)

Assets/Plugins/Demigiant/DemiLib/Core/DemiLib.dll	(Result = 0) (Output: C:\Users\Logan\AppData\Local\Temp\tmp4d8e6b6b.tmp)

Assets/Plugins/Demigiant/DemiLib/Core/Editor/DemiEditor.dll	(Result = 0) (Output: C:\Users\Logan\AppData\Local\Temp\tmp2f8f902a.tmp)

Assets/Plugins/Demigiant/DOTweenPro/Editor/DOTweenProEditor.dll	(Result = 0) (Output: C:\Users\Logan\AppData\Local\Temp\tmp33c94f73.tmp)

UnityEngine.StackTraceUtility:ExtractStackTrace ()
UnityEngine.DebugLogHandler:LogFormat (UnityEngine.LogType,UnityEngine.Object,string,object[])
UnityEngine.Logger:LogFormat (UnityEngine.LogType,string,object[])
UnityEngine.Debug:LogErrorFormat (string,object[])
UnityEditor.Scripting.APIUpdaterLogger:WriteErrorToConsole (string,object[])
UnityEditorInternal.APIUpdating.APIUpdaterManager:HandleAssemblyUpdaterErrors (System.Collections.Generic.IList`1<UnityEditorInternal.APIUpdating.AssemblyUpdaterUpdateTask>)
UnityEditorInternal.APIUpdating.APIUpdaterManager:UpdateAssemblies ()
UnityEditorInternal.APIUpdating.APIUpdaterManager:ProcessImportedAssemblies (string[])

[API Updater] Update finished with error in 2637 ms (0/17 assembly(ies) updated).
Assembly Updater Post Process Assets time: 3.641899s
[ScriptCompilation] Requested script compilation because: Assembly Definition File(s) changed
[ScriptCompilation] Requested script compilation because: Assetdatabase observed changes in script compilation related files
info: Microsoft.Hosting.Lifetime[14]
      Now listening on: http://localhost:80
info: Microsoft.Hosting.Lifetime[0]
      Application started. Press Ctrl+C to shut down.
info: Microsoft.Hosting.Lifetime[0]
      Hosting environment: Production
info: Microsoft.Hosting.Lifetime[0]
      Content root path: I:\GitHub\Unity_GAS\gameplay-ability-system-for-unity\
info: Microsoft.AspNetCore.Hosting.Diagnostics[1]
      Request starting HTTP/2 POST http://ilpp/UnityILPP.PostProcessing/Ping application/grpc -
info: Microsoft.AspNetCore.Routing.EndpointMiddleware[0]
      Executing endpoint 'gRPC - /UnityILPP.PostProcessing/Ping'
info: Microsoft.AspNetCore.Routing.EndpointMiddleware[1]
      Executed endpoint 'gRPC - /UnityILPP.PostProcessing/Ping'
info: Microsoft.AspNetCore.Hosting.Diagnostics[2]
      Request finished HTTP/2 POST http://ilpp/UnityILPP.PostProcessing/Ping application/grpc - - 200 - application/grpc 32.1355ms
Starting: D:\Unity\HubEditor\2022.3.34f1\Editor\Data\bee_backend.exe --dont-print-to-structured-log --ipc --defer-dag-verification --dagfile="Library/Bee/1900b0aEDbg.dag" --continue-on-failure --profile="Library/Bee/backend1.traceevents" ScriptAssemblies
WorkingDir: I:/GitHub/Unity_GAS/gameplay-ability-system-for-unity
DisplayProgressbar: Compiling Scripts
ExitCode: 4 Duration: 0s840ms
[ 615/1195  0s] CopyFiles Library/ScriptAssemblies/UnityEngine.TestRunner.pdb
[ 616/1195  0s] CopyFiles Library/ScriptAssemblies/UnityEditor.TestRunner.pdb
[ 617/1195  0s] CopyFiles Library/ScriptAssemblies/UnityEditor.TestRunner.dll
[ 618/1195  0s] CopyFiles Library/ScriptAssemblies/UnityEngine.TestRunner.dll
Rebuilding DAG because FileSignature timestamp changed: Library/Bee/1900b0aEDbg-inputdata.json
[ 619/1195  0s] MovedFromExtractor Library/Bee/artifacts/mvdfrm/Unity.Burst.Cecil.Pdb.dll_E2D6CB2A6174372D.mvfrm
##### CommandLine
"D:\Unity\HubEditor\2022.3.34f1\Editor\Data\Tools\netcorerun\netcorerun.exe" "D:/Unity/HubEditor/2022.3.34f1/Editor/Data/Tools/ScriptUpdater/ApiUpdater.MovedFromExtractor.exe" "Library\Bee\artifacts\mvdfrm\Unity.Burst.Cecil.Pdb.dll_E2D6CB2A6174372D.mvfrm" "Library\PackageCache\com.unity.burst@1.8.15\Unity.Burst.CodeGen\Unity.Burst.Cecil.Pdb.dll"
##### ExitCode
1
##### Output
System.IO.DirectoryNotFoundException: Could not find a part of the path 'I:\GitHub\Unity_GAS\gameplay-ability-system-for-unity\Library\PackageCache\com.unity.burst@1.8.15\Unity.Burst.CodeGen\Unity.Burst.Cecil.Pdb.dll'.

   at Microsoft.Win32.SafeHandles.SafeFileHandle.CreateFile(String fullPath, FileMode mode, FileAccess access, FileShare share, FileOptions options)

   at Microsoft.Win32.SafeHandles.SafeFileHandle.Open(String fullPath, FileMode mode, FileAccess access, FileShare share, FileOptions options, Int64 preallocationSize)

   at System.IO.Strategies.OSFileStreamStrategy..ctor(String path, FileMode mode, FileAccess access, FileShare share, FileOptions options, Int64 preallocationSize)

   at System.IO.Strategies.FileStreamHelpers.ChooseStrategyCore(String path, FileMode mode, FileAccess access, FileShare share, FileOptions options, Int64 preallocationSize)

   at System.IO.Strategies.FileStreamHelpers.ChooseStrategy(FileStream fileStream, String path, FileMode mode, FileAccess access, FileShare share, Int32 bufferSize, FileOptions options, Int64 preallocationSize)

   at System.IO.FileStream..ctor(String path, FileMode mode, FileAccess access, FileShare share)

   at Mono.Cecil.ModuleDefinition.GetFileStream(String fileName, FileMode mode, FileAccess access, FileShare share)

   at Mono.Cecil.ModuleDefinition.ReadModule(String fileName, ReaderParameters parameters)

   at ApiUpdater.MovedFromOptimizer.Program.CollectMovedFromTypeNamesFromAssembly(String assemblyPath, StreamWriter outputFile, IAPIUpdaterListener logger)

   at ApiUpdater.MovedFromOptimizer.Program.RealMain(String[] args)

   at ApiUpdater.MovedFromOptimizer.Program.Main(String[] args)
[ 620/1195  0s] MovedFromExtractor Library/Bee/artifacts/mvdfrm/Unity.Burst.Unsafe.dll_D2F5C6CBE8D78A56.mvfrm
##### CommandLine
"D:\Unity\HubEditor\2022.3.34f1\Editor\Data\Tools\netcorerun\netcorerun.exe" "D:/Unity/HubEditor/2022.3.34f1/Editor/Data/Tools/ScriptUpdater/ApiUpdater.MovedFromExtractor.exe" "Library\Bee\artifacts\mvdfrm\Unity.Burst.Unsafe.dll_D2F5C6CBE8D78A56.mvfrm" "Library\PackageCache\com.unity.burst@1.8.15\Unity.Burst.Unsafe.dll"
##### ExitCode
1
##### Output
System.IO.DirectoryNotFoundException: Could not find a part of the path 'I:\GitHub\Unity_GAS\gameplay-ability-system-for-unity\Library\PackageCache\com.unity.burst@1.8.15\Unity.Burst.Unsafe.dll'.

   at Microsoft.Win32.SafeHandles.SafeFileHandle.CreateFile(String fullPath, FileMode mode, FileAccess access, FileShare share, FileOptions options)

   at Microsoft.Win32.SafeHandles.SafeFileHandle.Open(String fullPath, FileMode mode, FileAccess access, FileShare share, FileOptions options, Int64 preallocationSize)

   at System.IO.Strategies.OSFileStreamStrategy..ctor(String path, FileMode mode, FileAccess access, FileShare share, FileOptions options, Int64 preallocationSize)

   at System.IO.Strategies.FileStreamHelpers.ChooseStrategyCore(String path, FileMode mode, FileAccess access, FileShare share, FileOptions options, Int64 preallocationSize)

   at System.IO.Strategies.FileStreamHelpers.ChooseStrategy(FileStream fileStream, String path, FileMode mode, FileAccess access, FileShare share, Int32 bufferSize, FileOptions options, Int64 preallocationSize)

   at System.IO.FileStream..ctor(String path, FileMode mode, FileAccess access, FileShare share)

   at Mono.Cecil.ModuleDefinition.GetFileStream(String fileName, FileMode mode, FileAccess access, FileShare share)

   at Mono.Cecil.ModuleDefinition.ReadModule(String fileName, ReaderParameters parameters)

   at ApiUpdater.MovedFromOptimizer.Program.CollectMovedFromTypeNamesFromAssembly(String assemblyPath, StreamWriter outputFile, IAPIUpdaterListener logger)

   at ApiUpdater.MovedFromOptimizer.Program.RealMain(String[] args)

   at ApiUpdater.MovedFromOptimizer.Program.Main(String[] args)
[ 621/1195  0s] MovedFromExtractor Library/Bee/artifacts/mvdfrm/Unity.Burst.Cecil.dll_62273FC84B3E0F2D.mvfrm
##### CommandLine
"D:\Unity\HubEditor\2022.3.34f1\Editor\Data\Tools\netcorerun\netcorerun.exe" "D:/Unity/HubEditor/2022.3.34f1/Editor/Data/Tools/ScriptUpdater/ApiUpdater.MovedFromExtractor.exe" "Library\Bee\artifacts\mvdfrm\Unity.Burst.Cecil.dll_62273FC84B3E0F2D.mvfrm" "Library\PackageCache\com.unity.burst@1.8.15\Unity.Burst.CodeGen\Unity.Burst.Cecil.dll"
##### ExitCode
1
##### Output
System.IO.DirectoryNotFoundException: Could not find a part of the path 'I:\GitHub\Unity_GAS\gameplay-ability-system-for-unity\Library\PackageCache\com.unity.burst@1.8.15\Unity.Burst.CodeGen\Unity.Burst.Cecil.dll'.

   at Microsoft.Win32.SafeHandles.SafeFileHandle.CreateFile(String fullPath, FileMode mode, FileAccess access, FileShare share, FileOptions options)

   at Microsoft.Win32.SafeHandles.SafeFileHandle.Open(String fullPath, FileMode mode, FileAccess access, FileShare share, FileOptions options, Int64 preallocationSize)

   at System.IO.Strategies.OSFileStreamStrategy..ctor(String path, FileMode mode, FileAccess access, FileShare share, FileOptions options, Int64 preallocationSize)

   at System.IO.Strategies.FileStreamHelpers.ChooseStrategyCore(String path, FileMode mode, FileAccess access, FileShare share, FileOptions options, Int64 preallocationSize)

   at System.IO.Strategies.FileStreamHelpers.ChooseStrategy(FileStream fileStream, String path, FileMode mode, FileAccess access, FileShare share, Int32 bufferSize, FileOptions options, Int64 preallocationSize)

   at System.IO.FileStream..ctor(String path, FileMode mode, FileAccess access, FileShare share)

   at Mono.Cecil.ModuleDefinition.GetFileStream(String fileName, FileMode mode, FileAccess access, FileShare share)

   at Mono.Cecil.ModuleDefinition.ReadModule(String fileName, ReaderParameters parameters)

   at ApiUpdater.MovedFromOptimizer.Program.CollectMovedFromTypeNamesFromAssembly(String assemblyPath, StreamWriter outputFile, IAPIUpdaterListener logger)

   at ApiUpdater.MovedFromOptimizer.Program.RealMain(String[] args)

   at ApiUpdater.MovedFromOptimizer.Program.Main(String[] args)
[ 622/1195  0s] MovedFromExtractor Library/Bee/artifacts/mvdfrm/Unity.Burst.Cecil.Rocks.dll_D5253DAEDFB20EED.mvfrm
##### CommandLine
"D:\Unity\HubEditor\2022.3.34f1\Editor\Data\Tools\netcorerun\netcorerun.exe" "D:/Unity/HubEditor/2022.3.34f1/Editor/Data/Tools/ScriptUpdater/ApiUpdater.MovedFromExtractor.exe" "Library\Bee\artifacts\mvdfrm\Unity.Burst.Cecil.Rocks.dll_D5253DAEDFB20EED.mvfrm" "Library\PackageCache\com.unity.burst@1.8.15\Unity.Burst.CodeGen\Unity.Burst.Cecil.Rocks.dll"
##### ExitCode
1
##### Output
System.IO.DirectoryNotFoundException: Could not find a part of the path 'I:\GitHub\Unity_GAS\gameplay-ability-system-for-unity\Library\PackageCache\com.unity.burst@1.8.15\Unity.Burst.CodeGen\Unity.Burst.Cecil.Rocks.dll'.

   at Microsoft.Win32.SafeHandles.SafeFileHandle.CreateFile(String fullPath, FileMode mode, FileAccess access, FileShare share, FileOptions options)

   at Microsoft.Win32.SafeHandles.SafeFileHandle.Open(String fullPath, FileMode mode, FileAccess access, FileShare share, FileOptions options, Int64 preallocationSize)

   at System.IO.Strategies.OSFileStreamStrategy..ctor(String path, FileMode mode, FileAccess access, FileShare share, FileOptions options, Int64 preallocationSize)

   at System.IO.Strategies.FileStreamHelpers.ChooseStrategyCore(String path, FileMode mode, FileAccess access, FileShare share, FileOptions options, Int64 preallocationSize)

   at System.IO.Strategies.FileStreamHelpers.ChooseStrategy(FileStream fileStream, String path, FileMode mode, FileAccess access, FileShare share, Int32 bufferSize, FileOptions options, Int64 preallocationSize)

   at System.IO.FileStream..ctor(String path, FileMode mode, FileAccess access, FileShare share)

   at Mono.Cecil.ModuleDefinition.GetFileStream(String fileName, FileMode mode, FileAccess access, FileShare share)

   at Mono.Cecil.ModuleDefinition.ReadModule(String fileName, ReaderParameters parameters)

   at ApiUpdater.MovedFromOptimizer.Program.CollectMovedFromTypeNamesFromAssembly(String assemblyPath, StreamWriter outputFile, IAPIUpdaterListener logger)

   at ApiUpdater.MovedFromOptimizer.Program.RealMain(String[] args)

   at ApiUpdater.MovedFromOptimizer.Program.Main(String[] args)
[ 623/1195  0s] MovedFromExtractor Library/Bee/artifacts/mvdfrm/Unity.Burst.Cecil.Mdb.dll_CB8452BAE2BF35AA.mvfrm
##### CommandLine
"D:\Unity\HubEditor\2022.3.34f1\Editor\Data\Tools\netcorerun\netcorerun.exe" "D:/Unity/HubEditor/2022.3.34f1/Editor/Data/Tools/ScriptUpdater/ApiUpdater.MovedFromExtractor.exe" "Library\Bee\artifacts\mvdfrm\Unity.Burst.Cecil.Mdb.dll_CB8452BAE2BF35AA.mvfrm" "Library\PackageCache\com.unity.burst@1.8.15\Unity.Burst.CodeGen\Unity.Burst.Cecil.Mdb.dll"
##### ExitCode
1
##### Output
System.IO.DirectoryNotFoundException: Could not find a part of the path 'I:\GitHub\Unity_GAS\gameplay-ability-system-for-unity\Library\PackageCache\com.unity.burst@1.8.15\Unity.Burst.CodeGen\Unity.Burst.Cecil.Mdb.dll'.

   at Microsoft.Win32.SafeHandles.SafeFileHandle.CreateFile(String fullPath, FileMode mode, FileAccess access, FileShare share, FileOptions options)

   at Microsoft.Win32.SafeHandles.SafeFileHandle.Open(String fullPath, FileMode mode, FileAccess access, FileShare share, FileOptions options, Int64 preallocationSize)

   at System.IO.Strategies.OSFileStreamStrategy..ctor(String path, FileMode mode, FileAccess access, FileShare share, FileOptions options, Int64 preallocationSize)

   at System.IO.Strategies.FileStreamHelpers.ChooseStrategyCore(String path, FileMode mode, FileAccess access, FileShare share, FileOptions options, Int64 preallocationSize)

   at System.IO.Strategies.FileStreamHelpers.ChooseStrategy(FileStream fileStream, String path, FileMode mode, FileAccess access, FileShare share, Int32 bufferSize, FileOptions options, Int64 preallocationSize)

   at System.IO.FileStream..ctor(String path, FileMode mode, FileAccess access, FileShare share)

   at Mono.Cecil.ModuleDefinition.GetFileStream(String fileName, FileMode mode, FileAccess access, FileShare share)

   at Mono.Cecil.ModuleDefinition.ReadModule(String fileName, ReaderParameters parameters)

   at ApiUpdater.MovedFromOptimizer.Program.CollectMovedFromTypeNamesFromAssembly(String assemblyPath, StreamWriter outputFile, IAPIUpdaterListener logger)

   at ApiUpdater.MovedFromOptimizer.Program.RealMain(String[] args)

   at ApiUpdater.MovedFromOptimizer.Program.Main(String[] args)
[ 624/1195  0s] MovedFromExtractor Library/Bee/artifacts/mvdfrm/Unity.Collections.LowLevel.ILSupport.dll_2E40CE80E145E521.mvfrm
##### CommandLine
"D:\Unity\HubEditor\2022.3.34f1\Editor\Data\Tools\netcorerun\netcorerun.exe" "D:/Unity/HubEditor/2022.3.34f1/Editor/Data/Tools/ScriptUpdater/ApiUpdater.MovedFromExtractor.exe" "Library\Bee\artifacts\mvdfrm\Unity.Collections.LowLevel.ILSupport.dll_2E40CE80E145E521.mvfrm" "Library\PackageCache\com.unity.collections@1.2.4\Unity.Collections.LowLevel.ILSupport\Unity.Collections.LowLevel.ILSupport.dll"
##### ExitCode
1
##### Output
System.IO.DirectoryNotFoundException: Could not find a part of the path 'I:\GitHub\Unity_GAS\gameplay-ability-system-for-unity\Library\PackageCache\com.unity.collections@1.2.4\Unity.Collections.LowLevel.ILSupport\Unity.Collections.LowLevel.ILSupport.dll'.

   at Microsoft.Win32.SafeHandles.SafeFileHandle.CreateFile(String fullPath, FileMode mode, FileAccess access, FileShare share, FileOptions options)

   at Microsoft.Win32.SafeHandles.SafeFileHandle.Open(String fullPath, FileMode mode, FileAccess access, FileShare share, FileOptions options, Int64 preallocationSize)

   at System.IO.Strategies.OSFileStreamStrategy..ctor(String path, FileMode mode, FileAccess access, FileShare share, FileOptions options, Int64 preallocationSize)

   at System.IO.Strategies.FileStreamHelpers.ChooseStrategyCore(String path, FileMode mode, FileAccess access, FileShare share, FileOptions options, Int64 preallocationSize)

   at System.IO.Strategies.FileStreamHelpers.ChooseStrategy(FileStream fileStream, String path, FileMode mode, FileAccess access, FileShare share, Int32 bufferSize, FileOptions options, Int64 preallocationSize)

   at System.IO.FileStream..ctor(String path, FileMode mode, FileAccess access, FileShare share)

   at Mono.Cecil.ModuleDefinition.GetFileStream(String fileName, FileMode mode, FileAccess access, FileShare share)

   at Mono.Cecil.ModuleDefinition.ReadModule(String fileName, ReaderParameters parameters)

   at ApiUpdater.MovedFromOptimizer.Program.CollectMovedFromTypeNamesFromAssembly(String assemblyPath, StreamWriter outputFile, IAPIUpdaterListener logger)

   at ApiUpdater.MovedFromOptimizer.Program.RealMain(String[] args)

   at ApiUpdater.MovedFromOptimizer.Program.Main(String[] args)
*** Tundra requires additional run (0.80 seconds), 10 items updated, 623 evaluatedStarting: D:\Unity\HubEditor\2022.3.34f1\Editor\Data\Tools\netcorerun\netcorerun.exe "D:\Unity\HubEditor\2022.3.34f1\Editor\Data\Tools\BuildPipeline\ScriptCompilationBuildProgram.exe" "Library/Bee/1900b0aEDbg.dag.json" "Library/Bee/1900b0aEDbg-inputdata.json" "Library\Bee\buildprogram0.traceevents"
WorkingDir: I:/GitHub/Unity_GAS/gameplay-ability-system-for-unity

ExitCode: 0 Duration: 0s490ms
Starting: D:\Unity\HubEditor\2022.3.34f1\Editor\Data\bee_backend.exe --dont-print-to-structured-log --ipc --defer-dag-verification --dagfile="Library/Bee/1900b0aEDbg.dag" --continue-on-failure --dagfilejson="Library\Bee\1900b0aEDbg.dag.json" --profile="Library/Bee/backend2.traceevents" ScriptAssemblies
WorkingDir: I:/GitHub/Unity_GAS/gameplay-ability-system-for-unity
ExitCode: 3 Duration: 4s194ms
Finished compiling graph: 202 nodes, 1837 flattened edges (1675 ToBuild, 28 ToUse), maximum node priority 62
[           2s] Delete 1105 artifact files that are no longer in use. (like Library\Bee\artifacts\1900b0aEDbg.dag\Unity.TestTools.CodeCoverage.Editor.OpenCover.Mono.Reflection.UnityAdditionalFile.txt)
[107/199    0s] WriteText Library/Bee/artifacts/1900b0aEDbg.dag/MoreMountains.Tools.rsp
[108/199    0s] WriteText Library/Bee/artifacts/1900b0aEDbg.dag/MoreMountains.Tools.Editor.rsp
[109/199    0s] WriteText Library/Bee/artifacts/1900b0aEDbg.dag/ProCamera2D.Examples.dll.mvfrm.rsp
[110/199    0s] WriteText Library/Bee/artifacts/1900b0aEDbg.dag/MoreMountains.InventoryEngine.Editor.rsp
[113/199    0s] WriteText Library/Bee/artifacts/1900b0aEDbg.dag/MoreMountains.Tools.Editor.dll.mvfrm.rsp
[114/199    0s] WriteText Library/Bee/artifacts/1900b0aEDbg.dag/MoreMountains.InventoryEngine.Editor.dll.mvfrm.rsp
[115/199    0s] WriteText Library/Bee/artifacts/1900b0aEDbg.dag/MoreMountains.Interface.rsp
[116/199    0s] WriteText Library/Bee/artifacts/1900b0aEDbg.dag/ProCamera2D.Editor.dll.mvfrm.rsp
[117/199    0s] WriteText Library/Bee/artifacts/1900b0aEDbg.dag/MoreMountains.Interface.Editor.dll.mvfrm.rsp
[118/199    0s] WriteText Library/Bee/artifacts/1900b0aEDbg.dag/Sirenix.OdinInspector.Modules.UnityMathematics.dll.mvfrm.rsp
[119/199    0s] WriteText Library/Bee/artifacts/1900b0aEDbg.dag/ProCamera2D.Runtime.rsp
[120/199    0s] WriteText Library/Bee/artifacts/1900b0aEDbg.dag/ProCamera2D.Runtime.dll.mvfrm.rsp
[121/199    0s] WriteText Library/Bee/artifacts/1900b0aEDbg.dag/MoreMountains.InventoryEngine.rsp
[122/199    0s] WriteText Library/Bee/artifacts/1900b0aEDbg.dag/MoreMountains.Interface.Editor.rsp
[124/199    0s] WriteText Library/Bee/artifacts/1900b0aEDbg.dag/ProCamera2D.Editor.rsp
[125/199    0s] WriteText Library/Bee/artifacts/1900b0aEDbg.dag/Sirenix.OdinInspector.Modules.UnityMathematics.rsp
[126/199    0s] WriteText Library/Bee/artifacts/1900b0aEDbg.dag/ProCamera2D.Examples.rsp
[127/199    0s] WriteText Library/Bee/artifacts/1900b0aEDbg.dag/MoreMountains.Tools.dll.mvfrm.rsp
[129/199    0s] WriteText Library/Bee/artifacts/1900b0aEDbg.dag/MoreMountains.InventoryEngine.dll.mvfrm.rsp
[130/199    0s] WriteText Library/Bee/artifacts/1900b0aEDbg.dag/MoreMountains.Interface.dll.mvfrm.rsp
[135/199    0s] WriteText Library/Bee/artifacts/1900b0aEDbg.dag/Assembly-CSharp-firstpass.dll.mvfrm.rsp
[136/199    0s] WriteText Library/Bee/artifacts/1900b0aEDbg.dag/Assembly-CSharp-firstpass.rsp
[137/199    0s] WriteText Library/Bee/artifacts/1900b0aEDbg.dag/Assembly-CSharp-Editor-firstpass.dll.mvfrm.rsp
[138/199    0s] WriteText Library/Bee/artifacts/1900b0aEDbg.dag/Assembly-CSharp.rsp
[139/199    0s] WriteText Library/Bee/artifacts/1900b0aEDbg.dag/Assembly-CSharp.dll.mvfrm.rsp
[140/199    0s] WriteText Library/Bee/artifacts/1900b0aEDbg.dag/Assembly-CSharp-Editor-firstpass.rsp
[141/199    0s] WriteText Library/Bee/artifacts/1900b0aEDbg.dag/Assembly-CSharp-Editor.dll.mvfrm.rsp
[142/199    0s] WriteText Library/Bee/artifacts/1900b0aEDbg.dag/Assembly-CSharp-Editor.rsp
[143/199    0s] MovedFromExtractorCombine Library/Bee/artifacts/1900b0aEDbg.dag/Assembly-CSharp.dll.mvfrm
[144/199    0s] MovedFromExtractorCombine Library/Bee/artifacts/1900b0aEDbg.dag/Assembly-CSharp-Editor.dll.mvfrm
[145/199    0s] MovedFromExtractorCombine Library/Bee/artifacts/1900b0aEDbg.dag/Assembly-CSharp-firstpass.dll.mvfrm
[146/199    0s] MovedFromExtractorCombine Library/Bee/artifacts/1900b0aEDbg.dag/ProCamera2D.Examples.dll.mvfrm
[147/199    0s] MovedFromExtractorCombine Library/Bee/artifacts/1900b0aEDbg.dag/MoreMountains.InventoryEngine.dll.mvfrm
[148/199    0s] MovedFromExtractorCombine Library/Bee/artifacts/1900b0aEDbg.dag/ProCamera2D.Editor.dll.mvfrm
[149/199    0s] MovedFromExtractorCombine Library/Bee/artifacts/1900b0aEDbg.dag/Sirenix.OdinInspector.Modules.UnityMathematics.dll.mvfrm
[150/199    0s] MovedFromExtractorCombine Library/Bee/artifacts/1900b0aEDbg.dag/ProCamera2D.Runtime.dll.mvfrm
[151/199    0s] MovedFromExtractorCombine Library/Bee/artifacts/1900b0aEDbg.dag/Assembly-CSharp-Editor-firstpass.dll.mvfrm
[152/199    0s] MovedFromExtractorCombine Library/Bee/artifacts/1900b0aEDbg.dag/MoreMountains.Interface.Editor.dll.mvfrm
[153/199    0s] MovedFromExtractorCombine Library/Bee/artifacts/1900b0aEDbg.dag/MoreMountains.Tools.Editor.dll.mvfrm
[154/199    0s] MovedFromExtractorCombine Library/Bee/artifacts/1900b0aEDbg.dag/MoreMountains.InventoryEngine.Editor.dll.mvfrm
[155/199    0s] MovedFromExtractorCombine Library/Bee/artifacts/1900b0aEDbg.dag/MoreMountains.Tools.dll.mvfrm
[156/199    0s] MovedFromExtractorCombine Library/Bee/artifacts/1900b0aEDbg.dag/MoreMountains.Interface.dll.mvfrm
[157/199    0s] Csc Library/Bee/artifacts/1900b0aEDbg.dag/ProCamera2D.Runtime.dll (+2 others)
##### CommandLine
"D:\Unity\HubEditor\2022.3.34f1\Editor\Data\NetCoreRuntime\dotnet.exe" exec "D:/Unity/HubEditor/2022.3.34f1/Editor/Data/DotNetSdkRoslyn/csc.dll" /nostdlib /noconfig /shared "@Library/Bee/artifacts/1900b0aEDbg.dag/ProCamera2D.Runtime.rsp" "@Library/Bee/artifacts/1900b0aEDbg.dag/ProCamera2D.Runtime.rsp2"
##### Contents of Library\Bee\artifacts\1900b0aEDbg.dag\ProCamera2D.Runtime.rsp
-target:library
-out:"Library/Bee/artifacts/1900b0aEDbg.dag/ProCamera2D.Runtime.dll"
-refout:"Library/Bee/artifacts/1900b0aEDbg.dag/ProCamera2D.Runtime.ref.dll"
-define:UNITY_2022_3_34
-define:UNITY_2022_3
-define:UNITY_2022
-define:UNITY_5_3_OR_NEWER
-define:UNITY_5_4_OR_NEWER
-define:UNITY_5_5_OR_NEWER
-define:UNITY_5_6_OR_NEWER
-define:UNITY_2017_1_OR_NEWER
-define:UNITY_2017_2_OR_NEWER
-define:UNITY_2017_3_OR_NEWER
-define:UNITY_2017_4_OR_NEWER
-define:UNITY_2018_1_OR_NEWER
-define:UNITY_2018_2_OR_NEWER
-define:UNITY_2018_3_OR_NEWER
-define:UNITY_2018_4_OR_NEWER
-define:UNITY_2019_1_OR_NEWER
-define:UNITY_2019_2_OR_NEWER
-define:UNITY_2019_3_OR_NEWER
-define:UNITY_2019_4_OR_NEWER
-define:UNITY_2020_1_OR_NEWER
-define:UNITY_2020_2_OR_NEWER
-define:UNITY_2020_3_OR_NEWER
-define:UNITY_2021_1_OR_NEWER
-define:UNITY_2021_2_OR_NEWER
-define:UNITY_2021_3_OR_NEWER
-define:UNITY_2022_1_OR_NEWER
-define:UNITY_2022_2_OR_NEWER
-define:UNITY_2022_3_OR_NEWER
-define:PLATFORM_ARCH_64
-define:UNITY_64
-define:UNITY_INCLUDE_TESTS
-define:ENABLE_AR
-define:ENABLE_AUDIO
-define:ENABLE_CACHING
-define:ENABLE_CLOTH
-define:ENABLE_EVENT_QUEUE
-define:ENABLE_MICROPHONE
-define:ENABLE_MULTIPLE_DISPLAYS
-define:ENABLE_PHYSICS
-define:ENABLE_TEXTURE_STREAMING
-define:ENABLE_VIRTUALTEXTURING
-define:ENABLE_LZMA
-define:ENABLE_UNITYEVENTS
-define:ENABLE_VR
-define:ENABLE_WEBCAM
-define:ENABLE_UNITYWEBREQUEST
-define:ENABLE_WWW
-define:ENABLE_CLOUD_SERVICES
-define:ENABLE_CLOUD_SERVICES_ADS
-define:ENABLE_CLOUD_SERVICES_USE_WEBREQUEST
-define:ENABLE_CLOUD_SERVICES_CRASH_REPORTING
-define:ENABLE_CLOUD_SERVICES_PURCHASING
-define:ENABLE_CLOUD_SERVICES_ANALYTICS
-define:ENABLE_CLOUD_SERVICES_BUILD
-define:ENABLE_EDITOR_GAME_SERVICES
-define:ENABLE_UNITY_GAME_SERVICES_ANALYTICS_SUPPORT
-define:ENABLE_CLOUD_LICENSE
-define:ENABLE_EDITOR_HUB_LICENSE
-define:ENABLE_WEBSOCKET_CLIENT
-define:ENABLE_GENERATE_NATIVE_PLUGINS_FOR_ASSEMBLIES_API
-define:ENABLE_DIRECTOR_AUDIO
-define:ENABLE_DIRECTOR_TEXTURE
-define:ENABLE_MANAGED_JOBS
-define:ENABLE_MANAGED_TRANSFORM_JOBS
-define:ENABLE_MANAGED_ANIMATION_JOBS
-define:ENABLE_MANAGED_AUDIO_JOBS
-define:ENABLE_MANAGED_UNITYTLS
-define:INCLUDE_DYNAMIC_GI
-define:ENABLE_SCRIPTING_GC_WBARRIERS
-define:PLATFORM_SUPPORTS_MONO
-define:RENDER_SOFTWARE_CURSOR
-define:ENABLE_VIDEO
-define:ENABLE_ACCELERATOR_CLIENT_DEBUGGING
-define:ENABLE_NAVIGATION_PACKAGE_DEBUG_VISUALIZATION
-define:ENABLE_NAVIGATION_HEIGHTMESH_RUNTIME_SUPPORT
-define:ENABLE_NAVIGATION_UI_REQUIRES_PACKAGE
-define:PLATFORM_STANDALONE
-define:TEXTCORE_1_0_OR_NEWER
-define:PLATFORM_STANDALONE_WIN
-define:UNITY_STANDALONE_WIN
-define:UNITY_STANDALONE
-define:UNITY_UGP_API
-define:ENABLE_RUNTIME_GI
-define:ENABLE_MOVIES
-define:ENABLE_NETWORK
-define:ENABLE_NVIDIA
-define:ENABLE_CRUNCH_TEXTURE_COMPRESSION
-define:ENABLE_OUT_OF_PROCESS_CRASH_HANDLER
-define:ENABLE_CLUSTER_SYNC
-define:ENABLE_CLUSTERINPUT
-define:PLATFORM_UPDATES_TIME_OUTSIDE_OF_PLAYER_LOOP
-define:GFXDEVICE_WAITFOREVENT_MESSAGEPUMP
-define:PLATFORM_INITIALIZES_MEMORY_MANAGER_EXPLICITLY
-define:ENABLE_MONO
-define:NET_STANDARD_2_0
-define:NET_STANDARD
-define:NET_STANDARD_2_1
-define:NETSTANDARD
-define:NETSTANDARD2_1
-define:ENABLE_PROFILER
-define:DEBUG
-define:TRACE
-define:UNITY_ASSERTIONS
-define:UNITY_EDITOR
-define:UNITY_EDITOR_64
-define:UNITY_EDITOR_WIN
-define:ENABLE_UNITY_COLLECTIONS_CHECKS
-define:ENABLE_BURST_AOT
-define:UNITY_TEAM_LICENSE
-define:ENABLE_CUSTOM_RENDER_TEXTURE
-define:ENABLE_DIRECTOR
-define:ENABLE_LOCALIZATION
-define:ENABLE_SPRITES
-define:ENABLE_TERRAIN
-define:ENABLE_TILEMAP
-define:ENABLE_TIMELINE
-define:ENABLE_INPUT_SYSTEM
-define:ENABLE_LEGACY_INPUT_MANAGER
-define:TEXTCORE_FONT_ENGINE_1_5_OR_NEWER
-define:ODIN_INSPECTOR
-define:ODIN_INSPECTOR_3
-define:ODIN_INSPECTOR_3_1
-define:EX_GAS_ENABLE_HOT_KEYS
-define:MOREMOUNTAINS_TOPDOWNENGINE
-define:MOREMOUNTAINS_INTERFACE
-define:MOREMOUNTAINS_INVENTORYENGINE
-define:ODIN_VALIDATOR
-define:ODIN_VALIDATOR_3_1
-define:ODIN_VALIDATOR_3_2
-define:ODIN_VALIDATOR_3_3
-define:USING_URP
-define:CSHARP_7_OR_LATER
-define:CSHARP_7_3_OR_NEWER
-r:"Assets/Plugins/Demigiant/DemiLib/Core/DemiLib.dll"
-r:"Assets/Plugins/Demigiant/DemiLib/Core/Editor/DemiEditor.dll"
-r:"Assets/Plugins/Demigiant/DOTween/DOTween.dll"
-r:"Assets/Plugins/Demigiant/DOTween/Editor/DOTweenEditor.dll"
-r:"Assets/Plugins/Demigiant/DOTweenPro/DOTweenPro.dll"
-r:"Assets/Plugins/Demigiant/DOTweenPro/Editor/DOTweenProEditor.dll"
-r:"Assets/Plugins/Sirenix/Assemblies/Sirenix.OdinInspector.Attributes.dll"
-r:"Assets/Plugins/Sirenix/Assemblies/Sirenix.OdinInspector.Editor.dll"
-r:"Assets/Plugins/Sirenix/Assemblies/Sirenix.Reflection.Editor.dll"
-r:"Assets/Plugins/Sirenix/Assemblies/Sirenix.Serialization.Config.dll"
-r:"Assets/Plugins/Sirenix/Assemblies/Sirenix.Serialization.dll"
-r:"Assets/Plugins/Sirenix/Assemblies/Sirenix.Utilities.dll"
-r:"Assets/Plugins/Sirenix/Assemblies/Sirenix.Utilities.Editor.dll"
-r:"D:/Unity/HubEditor/2022.3.34f1/Editor/Data/Managed/UnityEditor.Graphs.dll"
-r:"D:/Unity/HubEditor/2022.3.34f1/Editor/Data/Managed/UnityEngine/UnityEditor.CoreModule.dll"
-r:"D:/Unity/HubEditor/2022.3.34f1/Editor/Data/Managed/UnityEngine/UnityEditor.DeviceSimulatorModule.dll"
-r:"D:/Unity/HubEditor/2022.3.34f1/Editor/Data/Managed/UnityEngine/UnityEditor.DiagnosticsModule.dll"
-r:"D:/Unity/HubEditor/2022.3.34f1/Editor/Data/Managed/UnityEngine/UnityEditor.dll"
-r:"D:/Unity/HubEditor/2022.3.34f1/Editor/Data/Managed/UnityEngine/UnityEditor.EditorToolbarModule.dll"
-r:"D:/Unity/HubEditor/2022.3.34f1/Editor/Data/Managed/UnityEngine/UnityEditor.GraphViewModule.dll"
-r:"D:/Unity/HubEditor/2022.3.34f1/Editor/Data/Managed/UnityEngine/UnityEditor.PresetsUIModule.dll"
-r:"D:/Unity/HubEditor/2022.3.34f1/Editor/Data/Managed/UnityEngine/UnityEditor.QuickSearchModule.dll"
-r:"D:/Unity/HubEditor/2022.3.34f1/Editor/Data/Managed/UnityEngine/UnityEditor.SceneTemplateModule.dll"
-r:"D:/Unity/HubEditor/2022.3.34f1/Editor/Data/Managed/UnityEngine/UnityEditor.SceneViewModule.dll"
-r:"D:/Unity/HubEditor/2022.3.34f1/Editor/Data/Managed/UnityEngine/UnityEditor.TextCoreFontEngineModule.dll"
-r:"D:/Unity/HubEditor/2022.3.34f1/Editor/Data/Managed/UnityEngine/UnityEditor.TextCoreTextEngineModule.dll"
-r:"D:/Unity/HubEditor/2022.3.34f1/Editor/Data/Managed/UnityEngine/UnityEditor.UIBuilderModule.dll"
-r:"D:/Unity/HubEditor/2022.3.34f1/Editor/Data/Managed/UnityEngine/UnityEditor.UIElementsModule.dll"
-r:"D:/Unity/HubEditor/2022.3.34f1/Editor/Data/Managed/UnityEngine/UnityEditor.UIElementsSamplesModule.dll"
-r:"D:/Unity/HubEditor/2022.3.34f1/Editor/Data/Managed/UnityEngine/UnityEditor.UnityConnectModule.dll"
-r:"D:/Unity/HubEditor/2022.3.34f1/Editor/Data/Managed/UnityEngine/UnityEngine.AccessibilityModule.dll"
-r:"D:/Unity/HubEditor/2022.3.34f1/Editor/Data/Managed/UnityEngine/UnityEngine.AIModule.dll"
-r:"D:/Unity/HubEditor/2022.3.34f1/Editor/Data/Managed/UnityEngine/UnityEngine.AndroidJNIModule.dll"
-r:"D:/Unity/HubEditor/2022.3.34f1/Editor/Data/Managed/UnityEngine/UnityEngine.AnimationModule.dll"
-r:"D:/Unity/HubEditor/2022.3.34f1/Editor/Data/Managed/UnityEngine/UnityEngine.ARModule.dll"
-r:"D:/Unity/HubEditor/2022.3.34f1/Editor/Data/Managed/UnityEngine/UnityEngine.AssetBundleModule.dll"
-r:"D:/Unity/HubEditor/2022.3.34f1/Editor/Data/Managed/UnityEngine/UnityEngine.AudioModule.dll"
-r:"D:/Unity/HubEditor/2022.3.34f1/Editor/Data/Managed/UnityEngine/UnityEngine.ClothModule.dll"
-r:"D:/Unity/HubEditor/2022.3.34f1/Editor/Data/Managed/UnityEngine/UnityEngine.ClusterInputModule.dll"
-r:"D:/Unity/HubEditor/2022.3.34f1/Editor/Data/Managed/UnityEngine/UnityEngine.ClusterRendererModule.dll"
-r:"D:/Unity/HubEditor/2022.3.34f1/Editor/Data/Managed/UnityEngine/UnityEngine.ContentLoadModule.dll"
-r:"D:/Unity/HubEditor/2022.3.34f1/Editor/Data/Managed/UnityEngine/UnityEngine.CoreModule.dll"
-r:"D:/Unity/HubEditor/2022.3.34f1/Editor/Data/Managed/UnityEngine/UnityEngine.CrashReportingModule.dll"
-r:"D:/Unity/HubEditor/2022.3.34f1/Editor/Data/Managed/UnityEngine/UnityEngine.DirectorModule.dll"
-r:"D:/Unity/HubEditor/2022.3.34f1/Editor/Data/Managed/UnityEngine/UnityEngine.dll"
-r:"D:/Unity/HubEditor/2022.3.34f1/Editor/Data/Managed/UnityEngine/UnityEngine.DSPGraphModule.dll"
-r:"D:/Unity/HubEditor/2022.3.34f1/Editor/Data/Managed/UnityEngine/UnityEngine.GameCenterModule.dll"
-r:"D:/Unity/HubEditor/2022.3.34f1/Editor/Data/Managed/UnityEngine/UnityEngine.GIModule.dll"
-r:"D:/Unity/HubEditor/2022.3.34f1/Editor/Data/Managed/UnityEngine/UnityEngine.GridModule.dll"
-r:"D:/Unity/HubEditor/2022.3.34f1/Editor/Data/Managed/UnityEngine/UnityEngine.HotReloadModule.dll"
-r:"D:/Unity/HubEditor/2022.3.34f1/Editor/Data/Managed/UnityEngine/UnityEngine.ImageConversionModule.dll"
-r:"D:/Unity/HubEditor/2022.3.34f1/Editor/Data/Managed/UnityEngine/UnityEngine.IMGUIModule.dll"
-r:"D:/Unity/HubEditor/2022.3.34f1/Editor/Data/Managed/UnityEngine/UnityEngine.InputLegacyModule.dll"
-r:"D:/Unity/HubEditor/2022.3.34f1/Editor/Data/Managed/UnityEngine/UnityEngine.InputModule.dll"
-r:"D:/Unity/HubEditor/2022.3.34f1/Editor/Data/Managed/UnityEngine/UnityEngine.JSONSerializeModule.dll"
-r:"D:/Unity/HubEditor/2022.3.34f1/Editor/Data/Managed/UnityEngine/UnityEngine.LocalizationModule.dll"
-r:"D:/Unity/HubEditor/2022.3.34f1/Editor/Data/Managed/UnityEngine/UnityEngine.NVIDIAModule.dll"
-r:"D:/Unity/HubEditor/2022.3.34f1/Editor/Data/Managed/UnityEngine/UnityEngine.ParticleSystemModule.dll"
-r:"D:/Unity/HubEditor/2022.3.34f1/Editor/Data/Managed/UnityEngine/UnityEngine.PerformanceReportingModule.dll"
-r:"D:/Unity/HubEditor/2022.3.34f1/Editor/Data/Managed/UnityEngine/UnityEngine.Physics2DModule.dll"
-r:"D:/Unity/HubEditor/2022.3.34f1/Editor/Data/Managed/UnityEngine/UnityEngine.PhysicsModule.dll"
-r:"D:/Unity/HubEditor/2022.3.34f1/Editor/Data/Managed/UnityEngine/UnityEngine.ProfilerModule.dll"
-r:"D:/Unity/HubEditor/2022.3.34f1/Editor/Data/Managed/UnityEngine/UnityEngine.PropertiesModule.dll"
-r:"D:/Unity/HubEditor/2022.3.34f1/Editor/Data/Managed/UnityEngine/UnityEngine.RuntimeInitializeOnLoadManagerInitializerModule.dll"
-r:"D:/Unity/HubEditor/2022.3.34f1/Editor/Data/Managed/UnityEngine/UnityEngine.ScreenCaptureModule.dll"
-r:"D:/Unity/HubEditor/2022.3.34f1/Editor/Data/Managed/UnityEngine/UnityEngine.SharedInternalsModule.dll"
-r:"D:/Unity/HubEditor/2022.3.34f1/Editor/Data/Managed/UnityEngine/UnityEngine.SpriteMaskModule.dll"
-r:"D:/Unity/HubEditor/2022.3.34f1/Editor/Data/Managed/UnityEngine/UnityEngine.SpriteShapeModule.dll"
-r:"D:/Unity/HubEditor/2022.3.34f1/Editor/Data/Managed/UnityEngine/UnityEngine.StreamingModule.dll"
-r:"D:/Unity/HubEditor/2022.3.34f1/Editor/Data/Managed/UnityEngine/UnityEngine.SubstanceModule.dll"
-r:"D:/Unity/HubEditor/2022.3.34f1/Editor/Data/Managed/UnityEngine/UnityEngine.SubsystemsModule.dll"
-r:"D:/Unity/HubEditor/2022.3.34f1/Editor/Data/Managed/UnityEngine/UnityEngine.TerrainModule.dll"
-r:"D:/Unity/HubEditor/2022.3.34f1/Editor/Data/Managed/UnityEngine/UnityEngine.TerrainPhysicsModule.dll"
-r:"D:/Unity/HubEditor/2022.3.34f1/Editor/Data/Managed/UnityEngine/UnityEngine.TextCoreFontEngineModule.dll"
-r:"D:/Unity/HubEditor/2022.3.34f1/Editor/Data/Managed/UnityEngine/UnityEngine.TextCoreTextEngineModule.dll"
-r:"D:/Unity/HubEditor/2022.3.34f1/Editor/Data/Managed/UnityEngine/UnityEngine.TextRenderingModule.dll"
-r:"D:/Unity/HubEditor/2022.3.34f1/Editor/Data/Managed/UnityEngine/UnityEngine.TilemapModule.dll"
-r:"D:/Unity/HubEditor/2022.3.34f1/Editor/Data/Managed/UnityEngine/UnityEngine.TLSModule.dll"
-r:"D:/Unity/HubEditor/2022.3.34f1/Editor/Data/Managed/UnityEngine/UnityEngine.UIElementsModule.dll"
-r:"D:/Unity/HubEditor/2022.3.34f1/Editor/Data/Managed/UnityEngine/UnityEngine.UIModule.dll"
-r:"D:/Unity/HubEditor/2022.3.34f1/Editor/Data/Managed/UnityEngine/UnityEngine.UmbraModule.dll"
-r:"D:/Unity/HubEditor/2022.3.34f1/Editor/Data/Managed/UnityEngine/UnityEngine.UnityAnalyticsCommonModule.dll"
-r:"D:/Unity/HubEditor/2022.3.34f1/Editor/Data/Managed/UnityEngine/UnityEngine.UnityAnalyticsModule.dll"
-r:"D:/Unity/HubEditor/2022.3.34f1/Editor/Data/Managed/UnityEngine/UnityEngine.UnityConnectModule.dll"
-r:"D:/Unity/HubEditor/2022.3.34f1/Editor/Data/Managed/UnityEngine/UnityEngine.UnityCurlModule.dll"
-r:"D:/Unity/HubEditor/2022.3.34f1/Editor/Data/Managed/UnityEngine/UnityEngine.UnityTestProtocolModule.dll"
-r:"D:/Unity/HubEditor/2022.3.34f1/Editor/Data/Managed/UnityEngine/UnityEngine.UnityWebRequestAssetBundleModule.dll"
-r:"D:/Unity/HubEditor/2022.3.34f1/Editor/Data/Managed/UnityEngine/UnityEngine.UnityWebRequestAudioModule.dll"
-r:"D:/Unity/HubEditor/2022.3.34f1/Editor/Data/Managed/UnityEngine/UnityEngine.UnityWebRequestModule.dll"
-r:"D:/Unity/HubEditor/2022.3.34f1/Editor/Data/Managed/UnityEngine/UnityEngine.UnityWebRequestTextureModule.dll"
-r:"D:/Unity/HubEditor/2022.3.34f1/Editor/Data/Managed/UnityEngine/UnityEngine.UnityWebRequestWWWModule.dll"
-r:"D:/Unity/HubEditor/2022.3.34f1/Editor/Data/Managed/UnityEngine/UnityEngine.VehiclesModule.dll"
-r:"D:/Unity/HubEditor/2022.3.34f1/Editor/Data/Managed/UnityEngine/UnityEngine.VFXModule.dll"
-r:"D:/Unity/HubEditor/2022.3.34f1/Editor/Data/Managed/UnityEngine/UnityEngine.VideoModule.dll"
-r:"D:/Unity/HubEditor/2022.3.34f1/Editor/Data/Managed/UnityEngine/UnityEngine.VirtualTexturingModule.dll"
-r:"D:/Unity/HubEditor/2022.3.34f1/Editor/Data/Managed/UnityEngine/UnityEngine.VRModule.dll"
-r:"D:/Unity/HubEditor/2022.3.34f1/Editor/Data/Managed/UnityEngine/UnityEngine.WindModule.dll"
-r:"D:/Unity/HubEditor/2022.3.34f1/Editor/Data/Managed/UnityEngine/UnityEngine.XRModule.dll"
-r:"D:/Unity/HubEditor/2022.3.34f1/Editor/Data/NetStandard/compat/2.1.0/shims/netfx/mscorlib.dll"
-r:"D:/Unity/HubEditor/2022.3.34f1/Editor/Data/NetStandard/compat/2.1.0/shims/netfx/System.ComponentModel.Composition.dll"
-r:"D:/Unity/HubEditor/2022.3.34f1/Editor/Data/NetStandard/compat/2.1.0/shims/netfx/System.Core.dll"
-r:"D:/Unity/HubEditor/2022.3.34f1/Editor/Data/NetStandard/compat/2.1.0/shims/netfx/System.Data.dll"
-r:"D:/Unity/HubEditor/2022.3.34f1/Editor/Data/NetStandard/compat/2.1.0/shims/netfx/System.dll"
-r:"D:/Unity/HubEditor/2022.3.34f1/Editor/Data/NetStandard/compat/2.1.0/shims/netfx/System.Drawing.dll"
-r:"D:/Unity/HubEditor/2022.3.34f1/Editor/Data/NetStandard/compat/2.1.0/shims/netfx/System.IO.Compression.FileSystem.dll"
-r:"D:/Unity/HubEditor/2022.3.34f1/Editor/Data/NetStandard/compat/2.1.0/shims/netfx/System.Net.dll"
-r:"D:/Unity/HubEditor/2022.3.34f1/Editor/Data/NetStandard/compat/2.1.0/shims/netfx/System.Numerics.dll"
-r:"D:/Unity/HubEditor/2022.3.34f1/Editor/Data/NetStandard/compat/2.1.0/shims/netfx/System.Runtime.Serialization.dll"
-r:"D:/Unity/HubEditor/2022.3.34f1/Editor/Data/NetStandard/compat/2.1.0/shims/netfx/System.ServiceModel.Web.dll"
-r:"D:/Unity/HubEditor/2022.3.34f1/Editor/Data/NetStandard/compat/2.1.0/shims/netfx/System.Transactions.dll"
-r:"D:/Unity/HubEditor/2022.3.34f1/Editor/Data/NetStandard/compat/2.1.0/shims/netfx/System.Web.dll"
-r:"D:/Unity/HubEditor/2022.3.34f1/Editor/Data/NetStandard/compat/2.1.0/shims/netfx/System.Windows.dll"
-r:"D:/Unity/HubEditor/2022.3.34f1/Editor/Data/NetStandard/compat/2.1.0/shims/netfx/System.Xml.dll"
-r:"D:/Unity/HubEditor/2022.3.34f1/Editor/Data/NetStandard/compat/2.1.0/shims/netfx/System.Xml.Linq.dll"
-r:"D:/Unity/HubEditor/2022.3.34f1/Editor/Data/NetStandard/compat/2.1.0/shims/netfx/System.Xml.Serialization.dll"
-r:"D:/Unity/HubEditor/2022.3.34f1/Editor/Data/NetStandard/compat/2.1.0/shims/netstandard/Microsoft.Win32.Primitives.dll"
-r:"D:/Unity/HubEditor/2022.3.34f1/Editor/Data/NetStandard/compat/2.1.0/shims/netstandard/System.AppContext.dll"
-r:"D:/Unity/HubEditor/2022.3.34f1/Editor/Data/NetStandard/compat/2.1.0/shims/netstandard/System.Buffers.dll"
-r:"D:/Unity/HubEditor/2022.3.34f1/Editor/Data/NetStandard/compat/2.1.0/shims/netstandard/System.Collections.Concurrent.dll"
-r:"D:/Unity/HubEditor/2022.3.34f1/Editor/Data/NetStandard/compat/2.1.0/shims/netstandard/System.Collections.dll"
-r:"D:/Unity/HubEditor/2022.3.34f1/Editor/Data/NetStandard/compat/2.1.0/shims/netstandard/System.Collections.NonGeneric.dll"
-r:"D:/Unity/HubEditor/2022.3.34f1/Editor/Data/NetStandard/compat/2.1.0/shims/netstandard/System.Collections.Specialized.dll"
-r:"D:/Unity/HubEditor/2022.3.34f1/Editor/Data/NetStandard/compat/2.1.0/shims/netstandard/System.ComponentModel.dll"
-r:"D:/Unity/HubEditor/2022.3.34f1/Editor/Data/NetStandard/compat/2.1.0/shims/netstandard/System.ComponentModel.EventBasedAsync.dll"
-r:"D:/Unity/HubEditor/2022.3.34f1/Editor/Data/NetStandard/compat/2.1.0/shims/netstandard/System.ComponentModel.Primitives.dll"
-r:"D:/Unity/HubEditor/2022.3.34f1/Editor/Data/NetStandard/compat/2.1.0/shims/netstandard/System.ComponentModel.TypeConverter.dll"
-r:"D:/Unity/HubEditor/2022.3.34f1/Editor/Data/NetStandard/compat/2.1.0/shims/netstandard/System.Console.dll"
-r:"D:/Unity/HubEditor/2022.3.34f1/Editor/Data/NetStandard/compat/2.1.0/shims/netstandard/System.Data.Common.dll"
-r:"D:/Unity/HubEditor/2022.3.34f1/Editor/Data/NetStandard/compat/2.1.0/shims/netstandard/System.Diagnostics.Contracts.dll"
-r:"D:/Unity/HubEditor/2022.3.34f1/Editor/Data/NetStandard/compat/2.1.0/shims/netstandard/System.Diagnostics.Debug.dll"
-r:"D:/Unity/HubEditor/2022.3.34f1/Editor/Data/NetStandard/compat/2.1.0/shims/netstandard/System.Diagnostics.FileVersionInfo.dll"
-r:"D:/Unity/HubEditor/2022.3.34f1/Editor/Data/NetStandard/compat/2.1.0/shims/netstandard/System.Diagnostics.Process.dll"
-r:"D:/Unity/HubEditor/2022.3.34f1/Editor/Data/NetStandard/compat/2.1.0/shims/netstandard/System.Diagnostics.StackTrace.dll"
-r:"D:/Unity/HubEditor/2022.3.34f1/Editor/Data/NetStandard/compat/2.1.0/shims/netstandard/System.Diagnostics.TextWriterTraceListener.dll"
-r:"D:/Unity/HubEditor/2022.3.34f1/Editor/Data/NetStandard/compat/2.1.0/shims/netstandard/System.Diagnostics.Tools.dll"
-r:"D:/Unity/HubEditor/2022.3.34f1/Editor/Data/NetStandard/compat/2.1.0/shims/netstandard/System.Diagnostics.TraceSource.dll"
-r:"D:/Unity/HubEditor/2022.3.34f1/Editor/Data/NetStandard/compat/2.1.0/shims/netstandard/System.Diagnostics.Tracing.dll"
-r:"D:/Unity/HubEditor/2022.3.34f1/Editor/Data/NetStandard/compat/2.1.0/shims/netstandard/System.Drawing.Primitives.dll"
-r:"D:/Unity/HubEditor/2022.3.34f1/Editor/Data/NetStandard/compat/2.1.0/shims/netstandard/System.Dynamic.Runtime.dll"
-r:"D:/Unity/HubEditor/2022.3.34f1/Editor/Data/NetStandard/compat/2.1.0/shims/netstandard/System.Globalization.Calendars.dll"
-r:"D:/Unity/HubEditor/2022.3.34f1/Editor/Data/NetStandard/compat/2.1.0/shims/netstandard/System.Globalization.dll"
-r:"D:/Unity/HubEditor/2022.3.34f1/Editor/Data/NetStandard/compat/2.1.0/shims/netstandard/System.Globalization.Extensions.dll"
-r:"D:/Unity/HubEditor/2022.3.34f1/Editor/Data/NetStandard/compat/2.1.0/shims/netstandard/System.IO.Compression.dll"
-r:"D:/Unity/HubEditor/2022.3.34f1/Editor/Data/NetStandard/compat/2.1.0/shims/netstandard/System.IO.Compression.ZipFile.dll"
-r:"D:/Unity/HubEditor/2022.3.34f1/Editor/Data/NetStandard/compat/2.1.0/shims/netstandard/System.IO.dll"
-r:"D:/Unity/HubEditor/2022.3.34f1/Editor/Data/NetStandard/compat/2.1.0/shims/netstandard/System.IO.FileSystem.dll"
-r:"D:/Unity/HubEditor/2022.3.34f1/Editor/Data/NetStandard/compat/2.1.0/shims/netstandard/System.IO.FileSystem.DriveInfo.dll"
-r:"D:/Unity/HubEditor/2022.3.34f1/Editor/Data/NetStandard/compat/2.1.0/shims/netstandard/System.IO.FileSystem.Primitives.dll"
-r:"D:/Unity/HubEditor/2022.3.34f1/Editor/Data/NetStandard/compat/2.1.0/shims/netstandard/System.IO.FileSystem.Watcher.dll"
-r:"D:/Unity/HubEditor/2022.3.34f1/Editor/Data/NetStandard/compat/2.1.0/shims/netstandard/System.IO.IsolatedStorage.dll"
-r:"D:/Unity/HubEditor/2022.3.34f1/Editor/Data/NetStandard/compat/2.1.0/shims/netstandard/System.IO.MemoryMappedFiles.dll"
-r:"D:/Unity/HubEditor/2022.3.34f1/Editor/Data/NetStandard/compat/2.1.0/shims/netstandard/System.IO.Pipes.dll"
-r:"D:/Unity/HubEditor/2022.3.34f1/Editor/Data/NetStandard/compat/2.1.0/shims/netstandard/System.IO.UnmanagedMemoryStream.dll"
-r:"D:/Unity/HubEditor/2022.3.34f1/Editor/Data/NetStandard/compat/2.1.0/shims/netstandard/System.Linq.dll"
-r:"D:/Unity/HubEditor/2022.3.34f1/Editor/Data/NetStandard/compat/2.1.0/shims/netstandard/System.Linq.Expressions.dll"
-r:"D:/Unity/HubEditor/2022.3.34f1/Editor/Data/NetStandard/compat/2.1.0/shims/netstandard/System.Linq.Parallel.dll"
-r:"D:/Unity/HubEditor/2022.3.34f1/Editor/Data/NetStandard/compat/2.1.0/shims/netstandard/System.Linq.Queryable.dll"
-r:"D:/Unity/HubEditor/2022.3.34f1/Editor/Data/NetStandard/compat/2.1.0/shims/netstandard/System.Memory.dll"
-r:"D:/Unity/HubEditor/2022.3.34f1/Editor/Data/NetStandard/compat/2.1.0/shims/netstandard/System.Net.Http.dll"
-r:"D:/Unity/HubEditor/2022.3.34f1/Editor/Data/NetStandard/compat/2.1.0/shims/netstandard/System.Net.NameResolution.dll"
-r:"D:/Unity/HubEditor/2022.3.34f1/Editor/Data/NetStandard/compat/2.1.0/shims/netstandard/System.Net.NetworkInformation.dll"
-r:"D:/Unity/HubEditor/2022.3.34f1/Editor/Data/NetStandard/compat/2.1.0/shims/netstandard/System.Net.Ping.dll"
-r:"D:/Unity/HubEditor/2022.3.34f1/Editor/Data/NetStandard/compat/2.1.0/shims/netstandard/System.Net.Primitives.dll"
-r:"D:/Unity/HubEditor/2022.3.34f1/Editor/Data/NetStandard/compat/2.1.0/shims/netstandard/System.Net.Requests.dll"
-r:"D:/Unity/HubEditor/2022.3.34f1/Editor/Data/NetStandard/compat/2.1.0/shims/netstandard/System.Net.Security.dll"
-r:"D:/Unity/HubEditor/2022.3.34f1/Editor/Data/NetStandard/compat/2.1.0/shims/netstandard/System.Net.Sockets.dll"
-r:"D:/Unity/HubEditor/2022.3.34f1/Editor/Data/NetStandard/compat/2.1.0/shims/netstandard/System.Net.WebHeaderCollection.dll"
-r:"D:/Unity/HubEditor/2022.3.34f1/Editor/Data/NetStandard/compat/2.1.0/shims/netstandard/System.Net.WebSockets.Client.dll"
-r:"D:/Unity/HubEditor/2022.3.34f1/Editor/Data/NetStandard/compat/2.1.0/shims/netstandard/System.Net.WebSockets.dll"
-r:"D:/Unity/HubEditor/2022.3.34f1/Editor/Data/NetStandard/compat/2.1.0/shims/netstandard/System.Numerics.Vectors.dll"
-r:"D:/Unity/HubEditor/2022.3.34f1/Editor/Data/NetStandard/compat/2.1.0/shims/netstandard/System.ObjectModel.dll"
-r:"D:/Unity/HubEditor/2022.3.34f1/Editor/Data/NetStandard/compat/2.1.0/shims/netstandard/System.Reflection.DispatchProxy.dll"
-r:"D:/Unity/HubEditor/2022.3.34f1/Editor/Data/NetStandard/compat/2.1.0/shims/netstandard/System.Reflection.dll"
-r:"D:/Unity/HubEditor/2022.3.34f1/Editor/Data/NetStandard/compat/2.1.0/shims/netstandard/System.Reflection.Emit.dll"
-r:"D:/Unity/HubEditor/2022.3.34f1/Editor/Data/NetStandard/compat/2.1.0/shims/netstandard/System.Reflection.Emit.ILGeneration.dll"
-r:"D:/Unity/HubEditor/2022.3.34f1/Editor/Data/NetStandard/compat/2.1.0/shims/netstandard/System.Reflection.Emit.Lightweight.dll"
-r:"D:/Unity/HubEditor/2022.3.34f1/Editor/Data/NetStandard/compat/2.1.0/shims/netstandard/System.Reflection.Extensions.dll"
-r:"D:/Unity/HubEditor/2022.3.34f1/Editor/Data/NetStandard/compat/2.1.0/shims/netstandard/System.Reflection.Primitives.dll"
-r:"D:/Unity/HubEditor/2022.3.34f1/Editor/Data/NetStandard/compat/2.1.0/shims/netstandard/System.Resources.Reader.dll"
-r:"D:/Unity/HubEditor/2022.3.34f1/Editor/Data/NetStandard/compat/2.1.0/shims/netstandard/System.Resources.ResourceManager.dll"
-r:"D:/Unity/HubEditor/2022.3.34f1/Editor/Data/NetStandard/compat/2.1.0/shims/netstandard/System.Resources.Writer.dll"
-r:"D:/Unity/HubEditor/2022.3.34f1/Editor/Data/NetStandard/compat/2.1.0/shims/netstandard/System.Runtime.CompilerServices.VisualC.dll"
-r:"D:/Unity/HubEditor/2022.3.34f1/Editor/Data/NetStandard/compat/2.1.0/shims/netstandard/System.Runtime.dll"
-r:"D:/Unity/HubEditor/2022.3.34f1/Editor/Data/NetStandard/compat/2.1.0/shims/netstandard/System.Runtime.Extensions.dll"
-r:"D:/Unity/HubEditor/2022.3.34f1/Editor/Data/NetStandard/compat/2.1.0/shims/netstandard/System.Runtime.Handles.dll"
-r:"D:/Unity/HubEditor/2022.3.34f1/Editor/Data/NetStandard/compat/2.1.0/shims/netstandard/System.Runtime.InteropServices.dll"
-r:"D:/Unity/HubEditor/2022.3.34f1/Editor/Data/NetStandard/compat/2.1.0/shims/netstandard/System.Runtime.InteropServices.RuntimeInformation.dll"
-r:"D:/Unity/HubEditor/2022.3.34f1/Editor/Data/NetStandard/compat/2.1.0/shims/netstandard/System.Runtime.Numerics.dll"
-r:"D:/Unity/HubEditor/2022.3.34f1/Editor/Data/NetStandard/compat/2.1.0/shims/netstandard/System.Runtime.Serialization.Formatters.dll"
-r:"D:/Unity/HubEditor/2022.3.34f1/Editor/Data/NetStandard/compat/2.1.0/shims/netstandard/System.Runtime.Serialization.Json.dll"
-r:"D:/Unity/HubEditor/2022.3.34f1/Editor/Data/NetStandard/compat/2.1.0/shims/netstandard/System.Runtime.Serialization.Primitives.dll"
-r:"D:/Unity/HubEditor/2022.3.34f1/Editor/Data/NetStandard/compat/2.1.0/shims/netstandard/System.Runtime.Serialization.Xml.dll"
-r:"D:/Unity/HubEditor/2022.3.34f1/Editor/Data/NetStandard/compat/2.1.0/shims/netstandard/System.Security.Claims.dll"
-r:"D:/Unity/HubEditor/2022.3.34f1/Editor/Data/NetStandard/compat/2.1.0/shims/netstandard/System.Security.Cryptography.Algorithms.dll"
-r:"D:/Unity/HubEditor/2022.3.34f1/Editor/Data/NetStandard/compat/2.1.0/shims/netstandard/System.Security.Cryptography.Csp.dll"
-r:"D:/Unity/HubEditor/2022.3.34f1/Editor/Data/NetStandard/compat/2.1.0/shims/netstandard/System.Security.Cryptography.Encoding.dll"
-r:"D:/Unity/HubEditor/2022.3.34f1/Editor/Data/NetStandard/compat/2.1.0/shims/netstandard/System.Security.Cryptography.Primitives.dll"
-r:"D:/Unity/HubEditor/2022.3.34f1/Editor/Data/NetStandard/compat/2.1.0/shims/netstandard/System.Security.Cryptography.X509Certificates.dll"
-r:"D:/Unity/HubEditor/2022.3.34f1/Editor/Data/NetStandard/compat/2.1.0/shims/netstandard/System.Security.Principal.dll"
-r:"D:/Unity/HubEditor/2022.3.34f1/Editor/Data/NetStandard/compat/2.1.0/shims/netstandard/System.Security.SecureString.dll"
-r:"D:/Unity/HubEditor/2022.3.34f1/Editor/Data/NetStandard/compat/2.1.0/shims/netstandard/System.Text.Encoding.dll"
-r:"D:/Unity/HubEditor/2022.3.34f1/Editor/Data/NetStandard/compat/2.1.0/shims/netstandard/System.Text.Encoding.Extensions.dll"
-r:"D:/Unity/HubEditor/2022.3.34f1/Editor/Data/NetStandard/compat/2.1.0/shims/netstandard/System.Text.RegularExpressions.dll"
-r:"D:/Unity/HubEditor/2022.3.34f1/Editor/Data/NetStandard/compat/2.1.0/shims/netstandard/System.Threading.dll"
-r:"D:/Unity/HubEditor/2022.3.34f1/Editor/Data/NetStandard/compat/2.1.0/shims/netstandard/System.Threading.Overlapped.dll"
-r:"D:/Unity/HubEditor/2022.3.34f1/Editor/Data/NetStandard/compat/2.1.0/shims/netstandard/System.Threading.Tasks.dll"
-r:"D:/Unity/HubEditor/2022.3.34f1/Editor/Data/NetStandard/compat/2.1.0/shims/netstandard/System.Threading.Tasks.Extensions.dll"
-r:"D:/Unity/HubEditor/2022.3.34f1/Editor/Data/NetStandard/compat/2.1.0/shims/netstandard/System.Threading.Tasks.Parallel.dll"
-r:"D:/Unity/HubEditor/2022.3.34f1/Editor/Data/NetStandard/compat/2.1.0/shims/netstandard/System.Threading.Thread.dll"
-r:"D:/Unity/HubEditor/2022.3.34f1/Editor/Data/NetStandard/compat/2.1.0/shims/netstandard/System.Threading.ThreadPool.dll"
-r:"D:/Unity/HubEditor/2022.3.34f1/Editor/Data/NetStandard/compat/2.1.0/shims/netstandard/System.Threading.Timer.dll"
-r:"D:/Unity/HubEditor/2022.3.34f1/Editor/Data/NetStandard/compat/2.1.0/shims/netstandard/System.ValueTuple.dll"
-r:"D:/Unity/HubEditor/2022.3.34f1/Editor/Data/NetStandard/compat/2.1.0/shims/netstandard/System.Xml.ReaderWriter.dll"
-r:"D:/Unity/HubEditor/2022.3.34f1/Editor/Data/NetStandard/compat/2.1.0/shims/netstandard/System.Xml.XDocument.dll"
-r:"D:/Unity/HubEditor/2022.3.34f1/Editor/Data/NetStandard/compat/2.1.0/shims/netstandard/System.Xml.XmlDocument.dll"
-r:"D:/Unity/HubEditor/2022.3.34f1/Editor/Data/NetStandard/compat/2.1.0/shims/netstandard/System.Xml.XmlSerializer.dll"
-r:"D:/Unity/HubEditor/2022.3.34f1/Editor/Data/NetStandard/compat/2.1.0/shims/netstandard/System.Xml.XPath.dll"
-r:"D:/Unity/HubEditor/2022.3.34f1/Editor/Data/NetStandard/compat/2.1.0/shims/netstandard/System.Xml.XPath.XDocument.dll"
-r:"D:/Unity/HubEditor/2022.3.34f1/Editor/Data/NetStandard/Extensions/2.0.0/System.Runtime.InteropServices.WindowsRuntime.dll"
-r:"D:/Unity/HubEditor/2022.3.34f1/Editor/Data/NetStandard/ref/2.1.0/netstandard.dll"
-r:"D:/Unity/HubEditor/2022.3.34f1/Editor/Data/PlaybackEngines/WindowsStandaloneSupport/UnityEditor.WindowsStandalone.Extensions.dll"
-analyzer:"D:/Unity/HubEditor/2022.3.34f1/Editor/Data/Tools/Unity.SourceGenerators/Unity.Properties.SourceGenerator.dll"
-analyzer:"D:/Unity/HubEditor/2022.3.34f1/Editor/Data/Tools/Unity.SourceGenerators/Unity.SourceGenerators.dll"
"Assets/Plugins/ProCamera2D/Runtime/3rd Party Plugins Support/PlayMakerActions/FsmStateActionProCamera2DBase.cs"
"Assets/Plugins/ProCamera2D/Runtime/3rd Party Plugins Support/PlayMakerActions/PC2DAddCameraTarget.cs"
"Assets/Plugins/ProCamera2D/Runtime/3rd Party Plugins Support/PlayMakerActions/PC2DAdjustCameraTargetInfluence.cs"
"Assets/Plugins/ProCamera2D/Runtime/3rd Party Plugins Support/PlayMakerActions/PC2DApplyInfluence.cs"
"Assets/Plugins/ProCamera2D/Runtime/3rd Party Plugins Support/PlayMakerActions/PC2DApplyInfluencesTimed.cs"
"Assets/Plugins/ProCamera2D/Runtime/3rd Party Plugins Support/PlayMakerActions/PC2DCinematicsToggle.cs"
"Assets/Plugins/ProCamera2D/Runtime/3rd Party Plugins Support/PlayMakerActions/PC2DMoveCameraInstantlyToPosition.cs"
"Assets/Plugins/ProCamera2D/Runtime/3rd Party Plugins Support/PlayMakerActions/PC2DRemoveCameraTarget.cs"
"Assets/Plugins/ProCamera2D/Runtime/3rd Party Plugins Support/PlayMakerActions/PC2DRoomsEnter.cs"
"Assets/Plugins/ProCamera2D/Runtime/3rd Party Plugins Support/PlayMakerActions/PC2DShakeConstantStop.cs"
"Assets/Plugins/ProCamera2D/Runtime/3rd Party Plugins Support/PlayMakerActions/PC2DShakeConstantWithPreset.cs"
"Assets/Plugins/ProCamera2D/Runtime/3rd Party Plugins Support/PlayMakerActions/PC2DShakeStop.cs"
"Assets/Plugins/ProCamera2D/Runtime/3rd Party Plugins Support/PlayMakerActions/PC2DShakeWithPreset.cs"
"Assets/Plugins/ProCamera2D/Runtime/3rd Party Plugins Support/PlayMakerActions/PC2DShakeWithValues.cs"
"Assets/Plugins/ProCamera2D/Runtime/Code/Core/BasePC2D.cs"
"Assets/Plugins/ProCamera2D/Runtime/Code/Core/BaseTrigger.cs"
"Assets/Plugins/ProCamera2D/Runtime/Code/Core/BoundariesAnimator.cs"
"Assets/Plugins/ProCamera2D/Runtime/Code/Core/CameraTarget.cs"
"Assets/Plugins/ProCamera2D/Runtime/Code/Core/ConstantShakePreset.cs"
"Assets/Plugins/ProCamera2D/Runtime/Code/Core/EnumMovementAxis.cs"
"Assets/Plugins/ProCamera2D/Runtime/Code/Core/EnumUpdateType.cs"
"Assets/Plugins/ProCamera2D/Runtime/Code/Core/IPositionDeltaChanger.cs"
"Assets/Plugins/ProCamera2D/Runtime/Code/Core/IPositionOverrider.cs"
"Assets/Plugins/ProCamera2D/Runtime/Code/Core/IPostMover.cs"
"Assets/Plugins/ProCamera2D/Runtime/Code/Core/IPreMover.cs"
"Assets/Plugins/ProCamera2D/Runtime/Code/Core/ISizeDeltaChanger.cs"
"Assets/Plugins/ProCamera2D/Runtime/Code/Core/ISizeOverrider.cs"
"Assets/Plugins/ProCamera2D/Runtime/Code/Core/KDTree.cs"
"Assets/Plugins/ProCamera2D/Runtime/Code/Core/MoveInColliderBoundaries.cs"
"Assets/Plugins/ProCamera2D/Runtime/Code/Core/ShakePreset.cs"
"Assets/Plugins/ProCamera2D/Runtime/Code/Core/Utils/EditorPrefsX.cs"
"Assets/Plugins/ProCamera2D/Runtime/Code/Core/Utils/MinMaxSliderAttribute.cs"
"Assets/Plugins/ProCamera2D/Runtime/Code/Core/Utils/PrefsData.cs"
"Assets/Plugins/ProCamera2D/Runtime/Code/Core/Utils/Utils.cs"
"Assets/Plugins/ProCamera2D/Runtime/Code/Extensions/ProCamera2DCameraWindow.cs"
"Assets/Plugins/ProCamera2D/Runtime/Code/Extensions/ProCamera2DCinematics.cs"
"Assets/Plugins/ProCamera2D/Runtime/Code/Extensions/ProCamera2DContentFitter.cs"
"Assets/Plugins/ProCamera2D/Runtime/Code/Extensions/ProCamera2DForwardFocus.cs"
"Assets/Plugins/ProCamera2D/Runtime/Code/Extensions/ProCamera2DGeometryBoundaries.cs"
"Assets/Plugins/ProCamera2D/Runtime/Code/Extensions/ProCamera2DLimitDistance.cs"
"Assets/Plugins/ProCamera2D/Runtime/Code/Extensions/ProCamera2DLimitSpeed.cs"
"Assets/Plugins/ProCamera2D/Runtime/Code/Extensions/ProCamera2DNumericBoundaries.cs"
"Assets/Plugins/ProCamera2D/Runtime/Code/Extensions/ProCamera2DPanAndZoom.cs"
"Assets/Plugins/ProCamera2D/Runtime/Code/Extensions/ProCamera2DParallax.cs"
"Assets/Plugins/ProCamera2D/Runtime/Code/Extensions/ProCamera2DPixelPerfect.cs"
"Assets/Plugins/ProCamera2D/Runtime/Code/Extensions/ProCamera2DPointerInfluence.cs"
"Assets/Plugins/ProCamera2D/Runtime/Code/Extensions/ProCamera2DRails.cs"
"Assets/Plugins/ProCamera2D/Runtime/Code/Extensions/ProCamera2DRepeater.cs"
"Assets/Plugins/ProCamera2D/Runtime/Code/Extensions/ProCamera2DRooms.cs"
"Assets/Plugins/ProCamera2D/Runtime/Code/Extensions/ProCamera2DShake.cs"
"Assets/Plugins/ProCamera2D/Runtime/Code/Extensions/ProCamera2DSpeedBasedZoom.cs"
"Assets/Plugins/ProCamera2D/Runtime/Code/Extensions/ProCamera2DTransitionsFX.cs"
"Assets/Plugins/ProCamera2D/Runtime/Code/Extensions/ProCamera2DZoomToFitTargets.cs"
"Assets/Plugins/ProCamera2D/Runtime/Code/Helpers/Letterbox/ProCamera2DLetterbox.cs"
"Assets/Plugins/ProCamera2D/Runtime/Code/Helpers/Parallax/ProCamera2DParallaxObject.cs"
"Assets/Plugins/ProCamera2D/Runtime/Code/Helpers/Pixel Perfect/ProCamera2DPixelPerfectSprite.cs"
"Assets/Plugins/ProCamera2D/Runtime/Code/Helpers/TransitionFX/BasicBlit.cs"
"Assets/Plugins/ProCamera2D/Runtime/Code/Triggers/ProCamera2DTriggerBoundaries.cs"
"Assets/Plugins/ProCamera2D/Runtime/Code/Triggers/ProCamera2DTriggerInfluence.cs"
"Assets/Plugins/ProCamera2D/Runtime/Code/Triggers/ProCamera2DTriggerRails.cs"
"Assets/Plugins/ProCamera2D/Runtime/Code/Triggers/ProCamera2DTriggerZoom.cs"
"Assets/Plugins/ProCamera2D/Runtime/ProCamera2D.cs"
-langversion:9.0
/deterministic
/optimize-
/debug:portable
/nologo
/RuntimeMetadataVersion:v4.0.30319
/nowarn:0169
/nowarn:0649
/nowarn:0282
/nowarn:1701
/nowarn:1702
/utf8output
/preferreduilang:en-US
/additionalfile:"Library/Bee/artifacts/1900b0aEDbg.dag/ProCamera2D.Runtime.UnityAdditionalFile.txt"
##### Custom Environment Variables
DOTNET_MULTILEVEL_LOOKUP=0
##### ExitCode
1
##### Output
Assets\Plugins\ProCamera2D\Runtime\Code\Extensions\ProCamera2DPanAndZoom.cs(3,19): error CS0234: The type or namespace name 'EventSystems' does not exist in the namespace 'UnityEngine' (are you missing an assembly reference?)

Assets\Plugins\ProCamera2D\Runtime\Code\Extensions\ProCamera2DPanAndZoom.cs(111,3): error CS0246: The type or namespace name 'EventSystem' could not be found (are you missing a using directive or an assembly reference?)
[158/199    0s] Csc Library/Bee/artifacts/1900b0aEDbg.dag/Sirenix.OdinInspector.Modules.UnityMathematics.dll (+2 others)
##### CommandLine
"D:\Unity\HubEditor\2022.3.34f1\Editor\Data\NetCoreRuntime\dotnet.exe" exec "D:/Unity/HubEditor/2022.3.34f1/Editor/Data/DotNetSdkRoslyn/csc.dll" /nostdlib /noconfig /shared "@Library/Bee/artifacts/1900b0aEDbg.dag/Sirenix.OdinInspector.Modules.UnityMathematics.rsp" "@Library/Bee/artifacts/1900b0aEDbg.dag/Sirenix.OdinInspector.Modules.UnityMathematics.rsp2"
##### Contents of Library\Bee\artifacts\1900b0aEDbg.dag\Sirenix.OdinInspector.Modules.UnityMathematics.rsp
-target:library
-out:"Library/Bee/artifacts/1900b0aEDbg.dag/Sirenix.OdinInspector.Modules.UnityMathematics.dll"
-refout:"Library/Bee/artifacts/1900b0aEDbg.dag/Sirenix.OdinInspector.Modules.UnityMathematics.ref.dll"
-define:UNITY_2022_3_34
-define:UNITY_2022_3
-define:UNITY_2022
-define:UNITY_5_3_OR_NEWER
-define:UNITY_5_4_OR_NEWER
-define:UNITY_5_5_OR_NEWER
-define:UNITY_5_6_OR_NEWER
-define:UNITY_2017_1_OR_NEWER
-define:UNITY_2017_2_OR_NEWER
-define:UNITY_2017_3_OR_NEWER
-define:UNITY_2017_4_OR_NEWER
-define:UNITY_2018_1_OR_NEWER
-define:UNITY_2018_2_OR_NEWER
-define:UNITY_2018_3_OR_NEWER
-define:UNITY_2018_4_OR_NEWER
-define:UNITY_2019_1_OR_NEWER
-define:UNITY_2019_2_OR_NEWER
-define:UNITY_2019_3_OR_NEWER
-define:UNITY_2019_4_OR_NEWER
-define:UNITY_2020_1_OR_NEWER
-define:UNITY_2020_2_OR_NEWER
-define:UNITY_2020_3_OR_NEWER
-define:UNITY_2021_1_OR_NEWER
-define:UNITY_2021_2_OR_NEWER
-define:UNITY_2021_3_OR_NEWER
-define:UNITY_2022_1_OR_NEWER
-define:UNITY_2022_2_OR_NEWER
-define:UNITY_2022_3_OR_NEWER
-define:PLATFORM_ARCH_64
-define:UNITY_64
-define:UNITY_INCLUDE_TESTS
-define:ENABLE_AR
-define:ENABLE_AUDIO
-define:ENABLE_CACHING
-define:ENABLE_CLOTH
-define:ENABLE_EVENT_QUEUE
-define:ENABLE_MICROPHONE
-define:ENABLE_MULTIPLE_DISPLAYS
-define:ENABLE_PHYSICS
-define:ENABLE_TEXTURE_STREAMING
-define:ENABLE_VIRTUALTEXTURING
-define:ENABLE_LZMA
-define:ENABLE_UNITYEVENTS
-define:ENABLE_VR
-define:ENABLE_WEBCAM
-define:ENABLE_UNITYWEBREQUEST
-define:ENABLE_WWW
-define:ENABLE_CLOUD_SERVICES
-define:ENABLE_CLOUD_SERVICES_ADS
-define:ENABLE_CLOUD_SERVICES_USE_WEBREQUEST
-define:ENABLE_CLOUD_SERVICES_CRASH_REPORTING
-define:ENABLE_CLOUD_SERVICES_PURCHASING
-define:ENABLE_CLOUD_SERVICES_ANALYTICS
-define:ENABLE_CLOUD_SERVICES_BUILD
-define:ENABLE_EDITOR_GAME_SERVICES
-define:ENABLE_UNITY_GAME_SERVICES_ANALYTICS_SUPPORT
-define:ENABLE_CLOUD_LICENSE
-define:ENABLE_EDITOR_HUB_LICENSE
-define:ENABLE_WEBSOCKET_CLIENT
-define:ENABLE_GENERATE_NATIVE_PLUGINS_FOR_ASSEMBLIES_API
-define:ENABLE_DIRECTOR_AUDIO
-define:ENABLE_DIRECTOR_TEXTURE
-define:ENABLE_MANAGED_JOBS
-define:ENABLE_MANAGED_TRANSFORM_JOBS
-define:ENABLE_MANAGED_ANIMATION_JOBS
-define:ENABLE_MANAGED_AUDIO_JOBS
-define:ENABLE_MANAGED_UNITYTLS
-define:INCLUDE_DYNAMIC_GI
-define:ENABLE_SCRIPTING_GC_WBARRIERS
-define:PLATFORM_SUPPORTS_MONO
-define:RENDER_SOFTWARE_CURSOR
-define:ENABLE_VIDEO
-define:ENABLE_ACCELERATOR_CLIENT_DEBUGGING
-define:ENABLE_NAVIGATION_PACKAGE_DEBUG_VISUALIZATION
-define:ENABLE_NAVIGATION_HEIGHTMESH_RUNTIME_SUPPORT
-define:ENABLE_NAVIGATION_UI_REQUIRES_PACKAGE
-define:PLATFORM_STANDALONE
-define:TEXTCORE_1_0_OR_NEWER
-define:PLATFORM_STANDALONE_WIN
-define:UNITY_STANDALONE_WIN
-define:UNITY_STANDALONE
-define:UNITY_UGP_API
-define:ENABLE_RUNTIME_GI
-define:ENABLE_MOVIES
-define:ENABLE_NETWORK
-define:ENABLE_NVIDIA
-define:ENABLE_CRUNCH_TEXTURE_COMPRESSION
-define:ENABLE_OUT_OF_PROCESS_CRASH_HANDLER
-define:ENABLE_CLUSTER_SYNC
-define:ENABLE_CLUSTERINPUT
-define:PLATFORM_UPDATES_TIME_OUTSIDE_OF_PLAYER_LOOP
-define:GFXDEVICE_WAITFOREVENT_MESSAGEPUMP
-define:PLATFORM_INITIALIZES_MEMORY_MANAGER_EXPLICITLY
-define:ENABLE_MONO
-define:NET_4_6
-define:NET_UNITY_4_8
-define:ENABLE_PROFILER
-define:DEBUG
-define:TRACE
-define:UNITY_ASSERTIONS
-define:UNITY_EDITOR
-define:UNITY_EDITOR_64
-define:UNITY_EDITOR_WIN
-define:ENABLE_UNITY_COLLECTIONS_CHECKS
-define:ENABLE_BURST_AOT
-define:UNITY_TEAM_LICENSE
-define:ENABLE_CUSTOM_RENDER_TEXTURE
-define:ENABLE_DIRECTOR
-define:ENABLE_LOCALIZATION
-define:ENABLE_SPRITES
-define:ENABLE_TERRAIN
-define:ENABLE_TILEMAP
-define:ENABLE_TIMELINE
-define:ENABLE_INPUT_SYSTEM
-define:ENABLE_LEGACY_INPUT_MANAGER
-define:TEXTCORE_FONT_ENGINE_1_5_OR_NEWER
-define:ODIN_INSPECTOR
-define:ODIN_INSPECTOR_3
-define:ODIN_INSPECTOR_3_1
-define:EX_GAS_ENABLE_HOT_KEYS
-define:MOREMOUNTAINS_TOPDOWNENGINE
-define:MOREMOUNTAINS_INTERFACE
-define:MOREMOUNTAINS_INVENTORYENGINE
-define:ODIN_VALIDATOR
-define:ODIN_VALIDATOR_3_1
-define:ODIN_VALIDATOR_3_2
-define:ODIN_VALIDATOR_3_3
-define:USING_URP
-define:CSHARP_7_OR_LATER
-define:CSHARP_7_3_OR_NEWER
-define:UNITY_EDITOR_ONLY_COMPILATION
-r:"Assets/Plugins/Demigiant/DemiLib/Core/DemiLib.dll"
-r:"Assets/Plugins/Demigiant/DemiLib/Core/Editor/DemiEditor.dll"
-r:"Assets/Plugins/Demigiant/DOTween/DOTween.dll"
-r:"Assets/Plugins/Demigiant/DOTween/Editor/DOTweenEditor.dll"
-r:"Assets/Plugins/Demigiant/DOTweenPro/DOTweenPro.dll"
-r:"Assets/Plugins/Demigiant/DOTweenPro/Editor/DOTweenProEditor.dll"
-r:"Assets/Plugins/Sirenix/Assemblies/Sirenix.OdinInspector.Attributes.dll"
-r:"Assets/Plugins/Sirenix/Assemblies/Sirenix.OdinInspector.Editor.dll"
-r:"Assets/Plugins/Sirenix/Assemblies/Sirenix.Reflection.Editor.dll"
-r:"Assets/Plugins/Sirenix/Assemblies/Sirenix.Serialization.Config.dll"
-r:"Assets/Plugins/Sirenix/Assemblies/Sirenix.Serialization.dll"
-r:"Assets/Plugins/Sirenix/Assemblies/Sirenix.Utilities.dll"
-r:"Assets/Plugins/Sirenix/Assemblies/Sirenix.Utilities.Editor.dll"
-r:"D:/Unity/HubEditor/2022.3.34f1/Editor/Data/Managed/UnityEditor.Graphs.dll"
-r:"D:/Unity/HubEditor/2022.3.34f1/Editor/Data/Managed/UnityEngine/UnityEditor.CoreModule.dll"
-r:"D:/Unity/HubEditor/2022.3.34f1/Editor/Data/Managed/UnityEngine/UnityEditor.DeviceSimulatorModule.dll"
-r:"D:/Unity/HubEditor/2022.3.34f1/Editor/Data/Managed/UnityEngine/UnityEditor.DiagnosticsModule.dll"
-r:"D:/Unity/HubEditor/2022.3.34f1/Editor/Data/Managed/UnityEngine/UnityEditor.dll"
-r:"D:/Unity/HubEditor/2022.3.34f1/Editor/Data/Managed/UnityEngine/UnityEditor.EditorToolbarModule.dll"
-r:"D:/Unity/HubEditor/2022.3.34f1/Editor/Data/Managed/UnityEngine/UnityEditor.GraphViewModule.dll"
-r:"D:/Unity/HubEditor/2022.3.34f1/Editor/Data/Managed/UnityEngine/UnityEditor.PresetsUIModule.dll"
-r:"D:/Unity/HubEditor/2022.3.34f1/Editor/Data/Managed/UnityEngine/UnityEditor.QuickSearchModule.dll"
-r:"D:/Unity/HubEditor/2022.3.34f1/Editor/Data/Managed/UnityEngine/UnityEditor.SceneTemplateModule.dll"
-r:"D:/Unity/HubEditor/2022.3.34f1/Editor/Data/Managed/UnityEngine/UnityEditor.SceneViewModule.dll"
-r:"D:/Unity/HubEditor/2022.3.34f1/Editor/Data/Managed/UnityEngine/UnityEditor.TextCoreFontEngineModule.dll"
-r:"D:/Unity/HubEditor/2022.3.34f1/Editor/Data/Managed/UnityEngine/UnityEditor.TextCoreTextEngineModule.dll"
-r:"D:/Unity/HubEditor/2022.3.34f1/Editor/Data/Managed/UnityEngine/UnityEditor.UIBuilderModule.dll"
-r:"D:/Unity/HubEditor/2022.3.34f1/Editor/Data/Managed/UnityEngine/UnityEditor.UIElementsModule.dll"
-r:"D:/Unity/HubEditor/2022.3.34f1/Editor/Data/Managed/UnityEngine/UnityEditor.UIElementsSamplesModule.dll"
-r:"D:/Unity/HubEditor/2022.3.34f1/Editor/Data/Managed/UnityEngine/UnityEditor.UnityConnectModule.dll"
-r:"D:/Unity/HubEditor/2022.3.34f1/Editor/Data/Managed/UnityEngine/UnityEngine.AccessibilityModule.dll"
-r:"D:/Unity/HubEditor/2022.3.34f1/Editor/Data/Managed/UnityEngine/UnityEngine.AIModule.dll"
-r:"D:/Unity/HubEditor/2022.3.34f1/Editor/Data/Managed/UnityEngine/UnityEngine.AndroidJNIModule.dll"
-r:"D:/Unity/HubEditor/2022.3.34f1/Editor/Data/Managed/UnityEngine/UnityEngine.AnimationModule.dll"
-r:"D:/Unity/HubEditor/2022.3.34f1/Editor/Data/Managed/UnityEngine/UnityEngine.ARModule.dll"
-r:"D:/Unity/HubEditor/2022.3.34f1/Editor/Data/Managed/UnityEngine/UnityEngine.AssetBundleModule.dll"
-r:"D:/Unity/HubEditor/2022.3.34f1/Editor/Data/Managed/UnityEngine/UnityEngine.AudioModule.dll"
-r:"D:/Unity/HubEditor/2022.3.34f1/Editor/Data/Managed/UnityEngine/UnityEngine.ClothModule.dll"
-r:"D:/Unity/HubEditor/2022.3.34f1/Editor/Data/Managed/UnityEngine/UnityEngine.ClusterInputModule.dll"
-r:"D:/Unity/HubEditor/2022.3.34f1/Editor/Data/Managed/UnityEngine/UnityEngine.ClusterRendererModule.dll"
-r:"D:/Unity/HubEditor/2022.3.34f1/Editor/Data/Managed/UnityEngine/UnityEngine.ContentLoadModule.dll"
-r:"D:/Unity/HubEditor/2022.3.34f1/Editor/Data/Managed/UnityEngine/UnityEngine.CoreModule.dll"
-r:"D:/Unity/HubEditor/2022.3.34f1/Editor/Data/Managed/UnityEngine/UnityEngine.CrashReportingModule.dll"
-r:"D:/Unity/HubEditor/2022.3.34f1/Editor/Data/Managed/UnityEngine/UnityEngine.DirectorModule.dll"
-r:"D:/Unity/HubEditor/2022.3.34f1/Editor/Data/Managed/UnityEngine/UnityEngine.dll"
-r:"D:/Unity/HubEditor/2022.3.34f1/Editor/Data/Managed/UnityEngine/UnityEngine.DSPGraphModule.dll"
-r:"D:/Unity/HubEditor/2022.3.34f1/Editor/Data/Managed/UnityEngine/UnityEngine.GameCenterModule.dll"
-r:"D:/Unity/HubEditor/2022.3.34f1/Editor/Data/Managed/UnityEngine/UnityEngine.GIModule.dll"
-r:"D:/Unity/HubEditor/2022.3.34f1/Editor/Data/Managed/UnityEngine/UnityEngine.GridModule.dll"
-r:"D:/Unity/HubEditor/2022.3.34f1/Editor/Data/Managed/UnityEngine/UnityEngine.HotReloadModule.dll"
-r:"D:/Unity/HubEditor/2022.3.34f1/Editor/Data/Managed/UnityEngine/UnityEngine.ImageConversionModule.dll"
-r:"D:/Unity/HubEditor/2022.3.34f1/Editor/Data/Managed/UnityEngine/UnityEngine.IMGUIModule.dll"
-r:"D:/Unity/HubEditor/2022.3.34f1/Editor/Data/Managed/UnityEngine/UnityEngine.InputLegacyModule.dll"
-r:"D:/Unity/HubEditor/2022.3.34f1/Editor/Data/Managed/UnityEngine/UnityEngine.InputModule.dll"
-r:"D:/Unity/HubEditor/2022.3.34f1/Editor/Data/Managed/UnityEngine/UnityEngine.JSONSerializeModule.dll"
-r:"D:/Unity/HubEditor/2022.3.34f1/Editor/Data/Managed/UnityEngine/UnityEngine.LocalizationModule.dll"
-r:"D:/Unity/HubEditor/2022.3.34f1/Editor/Data/Managed/UnityEngine/UnityEngine.NVIDIAModule.dll"
-r:"D:/Unity/HubEditor/2022.3.34f1/Editor/Data/Managed/UnityEngine/UnityEngine.ParticleSystemModule.dll"
-r:"D:/Unity/HubEditor/2022.3.34f1/Editor/Data/Managed/UnityEngine/UnityEngine.PerformanceReportingModule.dll"
-r:"D:/Unity/HubEditor/2022.3.34f1/Editor/Data/Managed/UnityEngine/UnityEngine.Physics2DModule.dll"
-r:"D:/Unity/HubEditor/2022.3.34f1/Editor/Data/Managed/UnityEngine/UnityEngine.PhysicsModule.dll"
-r:"D:/Unity/HubEditor/2022.3.34f1/Editor/Data/Managed/UnityEngine/UnityEngine.ProfilerModule.dll"
-r:"D:/Unity/HubEditor/2022.3.34f1/Editor/Data/Managed/UnityEngine/UnityEngine.PropertiesModule.dll"
-r:"D:/Unity/HubEditor/2022.3.34f1/Editor/Data/Managed/UnityEngine/UnityEngine.RuntimeInitializeOnLoadManagerInitializerModule.dll"
-r:"D:/Unity/HubEditor/2022.3.34f1/Editor/Data/Managed/UnityEngine/UnityEngine.ScreenCaptureModule.dll"
-r:"D:/Unity/HubEditor/2022.3.34f1/Editor/Data/Managed/UnityEngine/UnityEngine.SharedInternalsModule.dll"
-r:"D:/Unity/HubEditor/2022.3.34f1/Editor/Data/Managed/UnityEngine/UnityEngine.SpriteMaskModule.dll"
-r:"D:/Unity/HubEditor/2022.3.34f1/Editor/Data/Managed/UnityEngine/UnityEngine.SpriteShapeModule.dll"
-r:"D:/Unity/HubEditor/2022.3.34f1/Editor/Data/Managed/UnityEngine/UnityEngine.StreamingModule.dll"
-r:"D:/Unity/HubEditor/2022.3.34f1/Editor/Data/Managed/UnityEngine/UnityEngine.SubstanceModule.dll"
-r:"D:/Unity/HubEditor/2022.3.34f1/Editor/Data/Managed/UnityEngine/UnityEngine.SubsystemsModule.dll"
-r:"D:/Unity/HubEditor/2022.3.34f1/Editor/Data/Managed/UnityEngine/UnityEngine.TerrainModule.dll"
-r:"D:/Unity/HubEditor/2022.3.34f1/Editor/Data/Managed/UnityEngine/UnityEngine.TerrainPhysicsModule.dll"
-r:"D:/Unity/HubEditor/2022.3.34f1/Editor/Data/Managed/UnityEngine/UnityEngine.TextCoreFontEngineModule.dll"
-r:"D:/Unity/HubEditor/2022.3.34f1/Editor/Data/Managed/UnityEngine/UnityEngine.TextCoreTextEngineModule.dll"
-r:"D:/Unity/HubEditor/2022.3.34f1/Editor/Data/Managed/UnityEngine/UnityEngine.TextRenderingModule.dll"
-r:"D:/Unity/HubEditor/2022.3.34f1/Editor/Data/Managed/UnityEngine/UnityEngine.TilemapModule.dll"
-r:"D:/Unity/HubEditor/2022.3.34f1/Editor/Data/Managed/UnityEngine/UnityEngine.TLSModule.dll"
-r:"D:/Unity/HubEditor/2022.3.34f1/Editor/Data/Managed/UnityEngine/UnityEngine.UIElementsModule.dll"
-r:"D:/Unity/HubEditor/2022.3.34f1/Editor/Data/Managed/UnityEngine/UnityEngine.UIModule.dll"
-r:"D:/Unity/HubEditor/2022.3.34f1/Editor/Data/Managed/UnityEngine/UnityEngine.UmbraModule.dll"
-r:"D:/Unity/HubEditor/2022.3.34f1/Editor/Data/Managed/UnityEngine/UnityEngine.UnityAnalyticsCommonModule.dll"
-r:"D:/Unity/HubEditor/2022.3.34f1/Editor/Data/Managed/UnityEngine/UnityEngine.UnityAnalyticsModule.dll"
-r:"D:/Unity/HubEditor/2022.3.34f1/Editor/Data/Managed/UnityEngine/UnityEngine.UnityConnectModule.dll"
-r:"D:/Unity/HubEditor/2022.3.34f1/Editor/Data/Managed/UnityEngine/UnityEngine.UnityCurlModule.dll"
-r:"D:/Unity/HubEditor/2022.3.34f1/Editor/Data/Managed/UnityEngine/UnityEngine.UnityTestProtocolModule.dll"
-r:"D:/Unity/HubEditor/2022.3.34f1/Editor/Data/Managed/UnityEngine/UnityEngine.UnityWebRequestAssetBundleModule.dll"
-r:"D:/Unity/HubEditor/2022.3.34f1/Editor/Data/Managed/UnityEngine/UnityEngine.UnityWebRequestAudioModule.dll"
-r:"D:/Unity/HubEditor/2022.3.34f1/Editor/Data/Managed/UnityEngine/UnityEngine.UnityWebRequestModule.dll"
-r:"D:/Unity/HubEditor/2022.3.34f1/Editor/Data/Managed/UnityEngine/UnityEngine.UnityWebRequestTextureModule.dll"
-r:"D:/Unity/HubEditor/2022.3.34f1/Editor/Data/Managed/UnityEngine/UnityEngine.UnityWebRequestWWWModule.dll"
-r:"D:/Unity/HubEditor/2022.3.34f1/Editor/Data/Managed/UnityEngine/UnityEngine.VehiclesModule.dll"
-r:"D:/Unity/HubEditor/2022.3.34f1/Editor/Data/Managed/UnityEngine/UnityEngine.VFXModule.dll"
-r:"D:/Unity/HubEditor/2022.3.34f1/Editor/Data/Managed/UnityEngine/UnityEngine.VideoModule.dll"
-r:"D:/Unity/HubEditor/2022.3.34f1/Editor/Data/Managed/UnityEngine/UnityEngine.VirtualTexturingModule.dll"
-r:"D:/Unity/HubEditor/2022.3.34f1/Editor/Data/Managed/UnityEngine/UnityEngine.VRModule.dll"
-r:"D:/Unity/HubEditor/2022.3.34f1/Editor/Data/Managed/UnityEngine/UnityEngine.WindModule.dll"
-r:"D:/Unity/HubEditor/2022.3.34f1/Editor/Data/Managed/UnityEngine/UnityEngine.XRModule.dll"
-r:"D:/Unity/HubEditor/2022.3.34f1/Editor/Data/PlaybackEngines/WindowsStandaloneSupport/UnityEditor.WindowsStandalone.Extensions.dll"
-r:"D:/Unity/HubEditor/2022.3.34f1/Editor/Data/UnityReferenceAssemblies/unity-4.8-api/Facades/Microsoft.Win32.Primitives.dll"
-r:"D:/Unity/HubEditor/2022.3.34f1/Editor/Data/UnityReferenceAssemblies/unity-4.8-api/Facades/netstandard.dll"
-r:"D:/Unity/HubEditor/2022.3.34f1/Editor/Data/UnityReferenceAssemblies/unity-4.8-api/Facades/System.AppContext.dll"
-r:"D:/Unity/HubEditor/2022.3.34f1/Editor/Data/UnityReferenceAssemblies/unity-4.8-api/Facades/System.Buffers.dll"
-r:"D:/Unity/HubEditor/2022.3.34f1/Editor/Data/UnityReferenceAssemblies/unity-4.8-api/Facades/System.Collections.Concurrent.dll"
-r:"D:/Unity/HubEditor/2022.3.34f1/Editor/Data/UnityReferenceAssemblies/unity-4.8-api/Facades/System.Collections.dll"
-r:"D:/Unity/HubEditor/2022.3.34f1/Editor/Data/UnityReferenceAssemblies/unity-4.8-api/Facades/System.Collections.NonGeneric.dll"
-r:"D:/Unity/HubEditor/2022.3.34f1/Editor/Data/UnityReferenceAssemblies/unity-4.8-api/Facades/System.Collections.Specialized.dll"
-r:"D:/Unity/HubEditor/2022.3.34f1/Editor/Data/UnityReferenceAssemblies/unity-4.8-api/Facades/System.ComponentModel.Annotations.dll"
-r:"D:/Unity/HubEditor/2022.3.34f1/Editor/Data/UnityReferenceAssemblies/unity-4.8-api/Facades/System.ComponentModel.dll"
-r:"D:/Unity/HubEditor/2022.3.34f1/Editor/Data/UnityReferenceAssemblies/unity-4.8-api/Facades/System.ComponentModel.EventBasedAsync.dll"
-r:"D:/Unity/HubEditor/2022.3.34f1/Editor/Data/UnityReferenceAssemblies/unity-4.8-api/Facades/System.ComponentModel.Primitives.dll"
-r:"D:/Unity/HubEditor/2022.3.34f1/Editor/Data/UnityReferenceAssemblies/unity-4.8-api/Facades/System.ComponentModel.TypeConverter.dll"
-r:"D:/Unity/HubEditor/2022.3.34f1/Editor/Data/UnityReferenceAssemblies/unity-4.8-api/Facades/System.Console.dll"
-r:"D:/Unity/HubEditor/2022.3.34f1/Editor/Data/UnityReferenceAssemblies/unity-4.8-api/Facades/System.Data.Common.dll"
-r:"D:/Unity/HubEditor/2022.3.34f1/Editor/Data/UnityReferenceAssemblies/unity-4.8-api/Facades/System.Diagnostics.Contracts.dll"
-r:"D:/Unity/HubEditor/2022.3.34f1/Editor/Data/UnityReferenceAssemblies/unity-4.8-api/Facades/System.Diagnostics.Debug.dll"
-r:"D:/Unity/HubEditor/2022.3.34f1/Editor/Data/UnityReferenceAssemblies/unity-4.8-api/Facades/System.Diagnostics.FileVersionInfo.dll"
-r:"D:/Unity/HubEditor/2022.3.34f1/Editor/Data/UnityReferenceAssemblies/unity-4.8-api/Facades/System.Diagnostics.Process.dll"
-r:"D:/Unity/HubEditor/2022.3.34f1/Editor/Data/UnityReferenceAssemblies/unity-4.8-api/Facades/System.Diagnostics.StackTrace.dll"
-r:"D:/Unity/HubEditor/2022.3.34f1/Editor/Data/UnityReferenceAssemblies/unity-4.8-api/Facades/System.Diagnostics.TextWriterTraceListener.dll"
-r:"D:/Unity/HubEditor/2022.3.34f1/Editor/Data/UnityReferenceAssemblies/unity-4.8-api/Facades/System.Diagnostics.Tools.dll"
-r:"D:/Unity/HubEditor/2022.3.34f1/Editor/Data/UnityReferenceAssemblies/unity-4.8-api/Facades/System.Diagnostics.TraceSource.dll"
-r:"D:/Unity/HubEditor/2022.3.34f1/Editor/Data/UnityReferenceAssemblies/unity-4.8-api/Facades/System.Drawing.Primitives.dll"
-r:"D:/Unity/HubEditor/2022.3.34f1/Editor/Data/UnityReferenceAssemblies/unity-4.8-api/Facades/System.Dynamic.Runtime.dll"
-r:"D:/Unity/HubEditor/2022.3.34f1/Editor/Data/UnityReferenceAssemblies/unity-4.8-api/Facades/System.Globalization.Calendars.dll"
-r:"D:/Unity/HubEditor/2022.3.34f1/Editor/Data/UnityReferenceAssemblies/unity-4.8-api/Facades/System.Globalization.dll"
-r:"D:/Unity/HubEditor/2022.3.34f1/Editor/Data/UnityReferenceAssemblies/unity-4.8-api/Facades/System.Globalization.Extensions.dll"
-r:"D:/Unity/HubEditor/2022.3.34f1/Editor/Data/UnityReferenceAssemblies/unity-4.8-api/Facades/System.IO.Compression.ZipFile.dll"
-r:"D:/Unity/HubEditor/2022.3.34f1/Editor/Data/UnityReferenceAssemblies/unity-4.8-api/Facades/System.IO.dll"
-r:"D:/Unity/HubEditor/2022.3.34f1/Editor/Data/UnityReferenceAssemblies/unity-4.8-api/Facades/System.IO.FileSystem.dll"
-r:"D:/Unity/HubEditor/2022.3.34f1/Editor/Data/UnityReferenceAssemblies/unity-4.8-api/Facades/System.IO.FileSystem.DriveInfo.dll"
-r:"D:/Unity/HubEditor/2022.3.34f1/Editor/Data/UnityReferenceAssemblies/unity-4.8-api/Facades/System.IO.FileSystem.Primitives.dll"
-r:"D:/Unity/HubEditor/2022.3.34f1/Editor/Data/UnityReferenceAssemblies/unity-4.8-api/Facades/System.IO.FileSystem.Watcher.dll"
-r:"D:/Unity/HubEditor/2022.3.34f1/Editor/Data/UnityReferenceAssemblies/unity-4.8-api/Facades/System.IO.IsolatedStorage.dll"
-r:"D:/Unity/HubEditor/2022.3.34f1/Editor/Data/UnityReferenceAssemblies/unity-4.8-api/Facades/System.IO.MemoryMappedFiles.dll"
-r:"D:/Unity/HubEditor/2022.3.34f1/Editor/Data/UnityReferenceAssemblies/unity-4.8-api/Facades/System.IO.Pipes.dll"
-r:"D:/Unity/HubEditor/2022.3.34f1/Editor/Data/UnityReferenceAssemblies/unity-4.8-api/Facades/System.IO.UnmanagedMemoryStream.dll"
-r:"D:/Unity/HubEditor/2022.3.34f1/Editor/Data/UnityReferenceAssemblies/unity-4.8-api/Facades/System.Linq.dll"
-r:"D:/Unity/HubEditor/2022.3.34f1/Editor/Data/UnityReferenceAssemblies/unity-4.8-api/Facades/System.Linq.Expressions.dll"
-r:"D:/Unity/HubEditor/2022.3.34f1/Editor/Data/UnityReferenceAssemblies/unity-4.8-api/Facades/System.Linq.Parallel.dll"
-r:"D:/Unity/HubEditor/2022.3.34f1/Editor/Data/UnityReferenceAssemblies/unity-4.8-api/Facades/System.Linq.Queryable.dll"
-r:"D:/Unity/HubEditor/2022.3.34f1/Editor/Data/UnityReferenceAssemblies/unity-4.8-api/Facades/System.Memory.dll"
-r:"D:/Unity/HubEditor/2022.3.34f1/Editor/Data/UnityReferenceAssemblies/unity-4.8-api/Facades/System.Net.Http.Rtc.dll"
-r:"D:/Unity/HubEditor/2022.3.34f1/Editor/Data/UnityReferenceAssemblies/unity-4.8-api/Facades/System.Net.NameResolution.dll"
-r:"D:/Unity/HubEditor/2022.3.34f1/Editor/Data/UnityReferenceAssemblies/unity-4.8-api/Facades/System.Net.NetworkInformation.dll"
-r:"D:/Unity/HubEditor/2022.3.34f1/Editor/Data/UnityReferenceAssemblies/unity-4.8-api/Facades/System.Net.Ping.dll"
-r:"D:/Unity/HubEditor/2022.3.34f1/Editor/Data/UnityReferenceAssemblies/unity-4.8-api/Facades/System.Net.Primitives.dll"
-r:"D:/Unity/HubEditor/2022.3.34f1/Editor/Data/UnityReferenceAssemblies/unity-4.8-api/Facades/System.Net.Requests.dll"
-r:"D:/Unity/HubEditor/2022.3.34f1/Editor/Data/UnityReferenceAssemblies/unity-4.8-api/Facades/System.Net.Security.dll"
-r:"D:/Unity/HubEditor/2022.3.34f1/Editor/Data/UnityReferenceAssemblies/unity-4.8-api/Facades/System.Net.Sockets.dll"
-r:"D:/Unity/HubEditor/2022.3.34f1/Editor/Data/UnityReferenceAssemblies/unity-4.8-api/Facades/System.Net.WebHeaderCollection.dll"
-r:"D:/Unity/HubEditor/2022.3.34f1/Editor/Data/UnityReferenceAssemblies/unity-4.8-api/Facades/System.Net.WebSockets.Client.dll"
-r:"D:/Unity/HubEditor/2022.3.34f1/Editor/Data/UnityReferenceAssemblies/unity-4.8-api/Facades/System.Net.WebSockets.dll"
-r:"D:/Unity/HubEditor/2022.3.34f1/Editor/Data/UnityReferenceAssemblies/unity-4.8-api/Facades/System.ObjectModel.dll"
-r:"D:/Unity/HubEditor/2022.3.34f1/Editor/Data/UnityReferenceAssemblies/unity-4.8-api/Facades/System.Reflection.DispatchProxy.dll"
-r:"D:/Unity/HubEditor/2022.3.34f1/Editor/Data/UnityReferenceAssemblies/unity-4.8-api/Facades/System.Reflection.dll"
-r:"D:/Unity/HubEditor/2022.3.34f1/Editor/Data/UnityReferenceAssemblies/unity-4.8-api/Facades/System.Reflection.Emit.dll"
-r:"D:/Unity/HubEditor/2022.3.34f1/Editor/Data/UnityReferenceAssemblies/unity-4.8-api/Facades/System.Reflection.Emit.ILGeneration.dll"
-r:"D:/Unity/HubEditor/2022.3.34f1/Editor/Data/UnityReferenceAssemblies/unity-4.8-api/Facades/System.Reflection.Emit.Lightweight.dll"
-r:"D:/Unity/HubEditor/2022.3.34f1/Editor/Data/UnityReferenceAssemblies/unity-4.8-api/Facades/System.Reflection.Extensions.dll"
-r:"D:/Unity/HubEditor/2022.3.34f1/Editor/Data/UnityReferenceAssemblies/unity-4.8-api/Facades/System.Reflection.Primitives.dll"
-r:"D:/Unity/HubEditor/2022.3.34f1/Editor/Data/UnityReferenceAssemblies/unity-4.8-api/Facades/System.Resources.Reader.dll"
-r:"D:/Unity/HubEditor/2022.3.34f1/Editor/Data/UnityReferenceAssemblies/unity-4.8-api/Facades/System.Resources.ResourceManager.dll"
-r:"D:/Unity/HubEditor/2022.3.34f1/Editor/Data/UnityReferenceAssemblies/unity-4.8-api/Facades/System.Resources.Writer.dll"
-r:"D:/Unity/HubEditor/2022.3.34f1/Editor/Data/UnityReferenceAssemblies/unity-4.8-api/Facades/System.Runtime.CompilerServices.VisualC.dll"
-r:"D:/Unity/HubEditor/2022.3.34f1/Editor/Data/UnityReferenceAssemblies/unity-4.8-api/Facades/System.Runtime.dll"
-r:"D:/Unity/HubEditor/2022.3.34f1/Editor/Data/UnityReferenceAssemblies/unity-4.8-api/Facades/System.Runtime.Extensions.dll"
-r:"D:/Unity/HubEditor/2022.3.34f1/Editor/Data/UnityReferenceAssemblies/unity-4.8-api/Facades/System.Runtime.Handles.dll"
-r:"D:/Unity/HubEditor/2022.3.34f1/Editor/Data/UnityReferenceAssemblies/unity-4.8-api/Facades/System.Runtime.InteropServices.dll"
-r:"D:/Unity/HubEditor/2022.3.34f1/Editor/Data/UnityReferenceAssemblies/unity-4.8-api/Facades/System.Runtime.InteropServices.RuntimeInformation.dll"
-r:"D:/Unity/HubEditor/2022.3.34f1/Editor/Data/UnityReferenceAssemblies/unity-4.8-api/Facades/System.Runtime.InteropServices.WindowsRuntime.dll"
-r:"D:/Unity/HubEditor/2022.3.34f1/Editor/Data/UnityReferenceAssemblies/unity-4.8-api/Facades/System.Runtime.Numerics.dll"
-r:"D:/Unity/HubEditor/2022.3.34f1/Editor/Data/UnityReferenceAssemblies/unity-4.8-api/Facades/System.Runtime.Serialization.Formatters.dll"
-r:"D:/Unity/HubEditor/2022.3.34f1/Editor/Data/UnityReferenceAssemblies/unity-4.8-api/Facades/System.Runtime.Serialization.Json.dll"
-r:"D:/Unity/HubEditor/2022.3.34f1/Editor/Data/UnityReferenceAssemblies/unity-4.8-api/Facades/System.Runtime.Serialization.Primitives.dll"
-r:"D:/Unity/HubEditor/2022.3.34f1/Editor/Data/UnityReferenceAssemblies/unity-4.8-api/Facades/System.Runtime.Serialization.Xml.dll"
-r:"D:/Unity/HubEditor/2022.3.34f1/Editor/Data/UnityReferenceAssemblies/unity-4.8-api/Facades/System.Security.Claims.dll"
-r:"D:/Unity/HubEditor/2022.3.34f1/Editor/Data/UnityReferenceAssemblies/unity-4.8-api/Facades/System.Security.Cryptography.Algorithms.dll"
-r:"D:/Unity/HubEditor/2022.3.34f1/Editor/Data/UnityReferenceAssemblies/unity-4.8-api/Facades/System.Security.Cryptography.Csp.dll"
-r:"D:/Unity/HubEditor/2022.3.34f1/Editor/Data/UnityReferenceAssemblies/unity-4.8-api/Facades/System.Security.Cryptography.Encoding.dll"
-r:"D:/Unity/HubEditor/2022.3.34f1/Editor/Data/UnityReferenceAssemblies/unity-4.8-api/Facades/System.Security.Cryptography.Primitives.dll"
-r:"D:/Unity/HubEditor/2022.3.34f1/Editor/Data/UnityReferenceAssemblies/unity-4.8-api/Facades/System.Security.Cryptography.X509Certificates.dll"
-r:"D:/Unity/HubEditor/2022.3.34f1/Editor/Data/UnityReferenceAssemblies/unity-4.8-api/Facades/System.Security.Principal.dll"
-r:"D:/Unity/HubEditor/2022.3.34f1/Editor/Data/UnityReferenceAssemblies/unity-4.8-api/Facades/System.Security.SecureString.dll"
-r:"D:/Unity/HubEditor/2022.3.34f1/Editor/Data/UnityReferenceAssemblies/unity-4.8-api/Facades/System.ServiceModel.Duplex.dll"
-r:"D:/Unity/HubEditor/2022.3.34f1/Editor/Data/UnityReferenceAssemblies/unity-4.8-api/Facades/System.ServiceModel.Http.dll"
-r:"D:/Unity/HubEditor/2022.3.34f1/Editor/Data/UnityReferenceAssemblies/unity-4.8-api/Facades/System.ServiceModel.NetTcp.dll"
-r:"D:/Unity/HubEditor/2022.3.34f1/Editor/Data/UnityReferenceAssemblies/unity-4.8-api/Facades/System.ServiceModel.Primitives.dll"
-r:"D:/Unity/HubEditor/2022.3.34f1/Editor/Data/UnityReferenceAssemblies/unity-4.8-api/Facades/System.ServiceModel.Security.dll"
-r:"D:/Unity/HubEditor/2022.3.34f1/Editor/Data/UnityReferenceAssemblies/unity-4.8-api/Facades/System.Text.Encoding.dll"
-r:"D:/Unity/HubEditor/2022.3.34f1/Editor/Data/UnityReferenceAssemblies/unity-4.8-api/Facades/System.Text.Encoding.Extensions.dll"
-r:"D:/Unity/HubEditor/2022.3.34f1/Editor/Data/UnityReferenceAssemblies/unity-4.8-api/Facades/System.Text.RegularExpressions.dll"
-r:"D:/Unity/HubEditor/2022.3.34f1/Editor/Data/UnityReferenceAssemblies/unity-4.8-api/Facades/System.Threading.dll"
-r:"D:/Unity/HubEditor/2022.3.34f1/Editor/Data/UnityReferenceAssemblies/unity-4.8-api/Facades/System.Threading.Overlapped.dll"
-r:"D:/Unity/HubEditor/2022.3.34f1/Editor/Data/UnityReferenceAssemblies/unity-4.8-api/Facades/System.Threading.Tasks.dll"
-r:"D:/Unity/HubEditor/2022.3.34f1/Editor/Data/UnityReferenceAssemblies/unity-4.8-api/Facades/System.Threading.Tasks.Extensions.dll"
-r:"D:/Unity/HubEditor/2022.3.34f1/Editor/Data/UnityReferenceAssemblies/unity-4.8-api/Facades/System.Threading.Tasks.Parallel.dll"
-r:"D:/Unity/HubEditor/2022.3.34f1/Editor/Data/UnityReferenceAssemblies/unity-4.8-api/Facades/System.Threading.Thread.dll"
-r:"D:/Unity/HubEditor/2022.3.34f1/Editor/Data/UnityReferenceAssemblies/unity-4.8-api/Facades/System.Threading.ThreadPool.dll"
-r:"D:/Unity/HubEditor/2022.3.34f1/Editor/Data/UnityReferenceAssemblies/unity-4.8-api/Facades/System.Threading.Timer.dll"
-r:"D:/Unity/HubEditor/2022.3.34f1/Editor/Data/UnityReferenceAssemblies/unity-4.8-api/Facades/System.ValueTuple.dll"
-r:"D:/Unity/HubEditor/2022.3.34f1/Editor/Data/UnityReferenceAssemblies/unity-4.8-api/Facades/System.Xml.ReaderWriter.dll"
-r:"D:/Unity/HubEditor/2022.3.34f1/Editor/Data/UnityReferenceAssemblies/unity-4.8-api/Facades/System.Xml.XDocument.dll"
-r:"D:/Unity/HubEditor/2022.3.34f1/Editor/Data/UnityReferenceAssemblies/unity-4.8-api/Facades/System.Xml.XmlDocument.dll"
-r:"D:/Unity/HubEditor/2022.3.34f1/Editor/Data/UnityReferenceAssemblies/unity-4.8-api/Facades/System.Xml.XmlSerializer.dll"
-r:"D:/Unity/HubEditor/2022.3.34f1/Editor/Data/UnityReferenceAssemblies/unity-4.8-api/Facades/System.Xml.XPath.dll"
-r:"D:/Unity/HubEditor/2022.3.34f1/Editor/Data/UnityReferenceAssemblies/unity-4.8-api/Facades/System.Xml.XPath.XDocument.dll"
-r:"D:/Unity/HubEditor/2022.3.34f1/Editor/Data/UnityReferenceAssemblies/unity-4.8-api/Microsoft.CSharp.dll"
-r:"D:/Unity/HubEditor/2022.3.34f1/Editor/Data/UnityReferenceAssemblies/unity-4.8-api/mscorlib.dll"
-r:"D:/Unity/HubEditor/2022.3.34f1/Editor/Data/UnityReferenceAssemblies/unity-4.8-api/System.ComponentModel.Composition.dll"
-r:"D:/Unity/HubEditor/2022.3.34f1/Editor/Data/UnityReferenceAssemblies/unity-4.8-api/System.Core.dll"
-r:"D:/Unity/HubEditor/2022.3.34f1/Editor/Data/UnityReferenceAssemblies/unity-4.8-api/System.Data.DataSetExtensions.dll"
-r:"D:/Unity/HubEditor/2022.3.34f1/Editor/Data/UnityReferenceAssemblies/unity-4.8-api/System.Data.dll"
-r:"D:/Unity/HubEditor/2022.3.34f1/Editor/Data/UnityReferenceAssemblies/unity-4.8-api/System.dll"
-r:"D:/Unity/HubEditor/2022.3.34f1/Editor/Data/UnityReferenceAssemblies/unity-4.8-api/System.Drawing.dll"
-r:"D:/Unity/HubEditor/2022.3.34f1/Editor/Data/UnityReferenceAssemblies/unity-4.8-api/System.IO.Compression.dll"
-r:"D:/Unity/HubEditor/2022.3.34f1/Editor/Data/UnityReferenceAssemblies/unity-4.8-api/System.IO.Compression.FileSystem.dll"
-r:"D:/Unity/HubEditor/2022.3.34f1/Editor/Data/UnityReferenceAssemblies/unity-4.8-api/System.Net.Http.dll"
-r:"D:/Unity/HubEditor/2022.3.34f1/Editor/Data/UnityReferenceAssemblies/unity-4.8-api/System.Numerics.dll"
-r:"D:/Unity/HubEditor/2022.3.34f1/Editor/Data/UnityReferenceAssemblies/unity-4.8-api/System.Numerics.Vectors.dll"
-r:"D:/Unity/HubEditor/2022.3.34f1/Editor/Data/UnityReferenceAssemblies/unity-4.8-api/System.Runtime.Serialization.dll"
-r:"D:/Unity/HubEditor/2022.3.34f1/Editor/Data/UnityReferenceAssemblies/unity-4.8-api/System.Transactions.dll"
-r:"D:/Unity/HubEditor/2022.3.34f1/Editor/Data/UnityReferenceAssemblies/unity-4.8-api/System.Xml.dll"
-r:"D:/Unity/HubEditor/2022.3.34f1/Editor/Data/UnityReferenceAssemblies/unity-4.8-api/System.Xml.Linq.dll"
-analyzer:"D:/Unity/HubEditor/2022.3.34f1/Editor/Data/Tools/Unity.SourceGenerators/Unity.Properties.SourceGenerator.dll"
-analyzer:"D:/Unity/HubEditor/2022.3.34f1/Editor/Data/Tools/Unity.SourceGenerators/Unity.SourceGenerators.dll"
"Assets/Plugins/Sirenix/Odin Inspector/Modules/Unity.Mathematics/MathematicsDrawers.cs"
-langversion:9.0
/unsafe+
/deterministic
/optimize-
/debug:portable
/nologo
/RuntimeMetadataVersion:v4.0.30319
/nowarn:0169
/nowarn:0649
/nowarn:0282
/nowarn:1701
/nowarn:1702
/utf8output
/preferreduilang:en-US
/additionalfile:"Library/Bee/artifacts/1900b0aEDbg.dag/Sirenix.OdinInspector.Modules.UnityMathematics.UnityAdditionalFile.txt"
##### Custom Environment Variables
DOTNET_MULTILEVEL_LOOKUP=0
##### ExitCode
1
##### Output
Assets\Plugins\Sirenix\Odin Inspector\Modules\Unity.Mathematics\MathematicsDrawers.cs(16,17): error CS0234: The type or namespace name 'Mathematics' does not exist in the namespace 'Unity' (are you missing an assembly reference?)

Assets\Plugins\Sirenix\Odin Inspector\Modules\Unity.Mathematics\MathematicsDrawers.cs(53,65): error CS0246: The type or namespace name 'int2x3' could not be found (are you missing a using directive or an assembly reference?)

Assets\Plugins\Sirenix\Odin Inspector\Modules\Unity.Mathematics\MathematicsDrawers.cs(46,66): error CS0246: The type or namespace name 'bool2x4' could not be found (are you missing a using directive or an assembly reference?)

Assets\Plugins\Sirenix\Odin Inspector\Modules\Unity.Mathematics\MathematicsDrawers.cs(30,68): error CS0246: The type or namespace name 'double2x2' could not be found (are you missing a using directive or an assembly reference?)

Assets\Plugins\Sirenix\Odin Inspector\Modules\Unity.Mathematics\MathematicsDrawers.cs(60,66): error CS0246: The type or namespace name 'uint2x2' could not be found (are you missing a using directive or an assembly reference?)

Assets\Plugins\Sirenix\Odin Inspector\Modules\Unity.Mathematics\MathematicsDrawers.cs(184,48): error CS0246: The type or namespace name 'bool4' could not be found (are you missing a using directive or an assembly reference?)

Assets\Plugins\Sirenix\Odin Inspector\Modules\Unity.Mathematics\MathematicsDrawers.cs(20,67): error CS0246: The type or namespace name 'float2x2' could not be found (are you missing a using directive or an assembly reference?)

Assets\Plugins\Sirenix\Odin Inspector\Modules\Unity.Mathematics\MathematicsDrawers.cs(66,66): error CS0246: The type or namespace name 'uint2x4' could not be found (are you missing a using directive or an assembly reference?)

Assets\Plugins\Sirenix\Odin Inspector\Modules\Unity.Mathematics\MathematicsDrawers.cs(50,65): error CS0246: The type or namespace name 'int2x2' could not be found (are you missing a using directive or an assembly reference?)

Assets\Plugins\Sirenix\Odin Inspector\Modules\Unity.Mathematics\MathematicsDrawers.cs(33,68): error CS0246: The type or namespace name 'double2x3' could not be found (are you missing a using directive or an assembly reference?)

Assets\Plugins\Sirenix\Odin Inspector\Modules\Unity.Mathematics\MathematicsDrawers.cs(63,66): error CS0246: The type or namespace name 'uint2x3' could not be found (are you missing a using directive or an assembly reference?)

Assets\Plugins\Sirenix\Odin Inspector\Modules\Unity.Mathematics\MathematicsDrawers.cs(23,67): error CS0246: The type or namespace name 'float2x3' could not be found (are you missing a using directive or an assembly reference?)

Assets\Plugins\Sirenix\Odin Inspector\Modules\Unity.Mathematics\MathematicsDrawers.cs(26,67): error CS0246: The type or namespace name 'float2x4' could not be found (are you missing a using directive or an assembly reference?)

Assets\Plugins\Sirenix\Odin Inspector\Modules\Unity.Mathematics\MathematicsDrawers.cs(43,66): error CS0246: The type or namespace name 'bool2x3' could not be found (are you missing a using directive or an assembly reference?)

Assets\Plugins\Sirenix\Odin Inspector\Modules\Unity.Mathematics\MathematicsDrawers.cs(36,68): error CS0246: The type or namespace name 'double2x4' could not be found (are you missing a using directive or an assembly reference?)

Assets\Plugins\Sirenix\Odin Inspector\Modules\Unity.Mathematics\MathematicsDrawers.cs(40,66): error CS0246: The type or namespace name 'bool2x2' could not be found (are you missing a using directive or an assembly reference?)

Assets\Plugins\Sirenix\Odin Inspector\Modules\Unity.Mathematics\MathematicsDrawers.cs(56,65): error CS0246: The type or namespace name 'int2x4' could not be found (are you missing a using directive or an assembly reference?)

Assets\Plugins\Sirenix\Odin Inspector\Modules\Unity.Mathematics\MathematicsDrawers.cs(642,50): error CS0246: The type or namespace name 'double4' could not be found (are you missing a using directive or an assembly reference?)

Assets\Plugins\Sirenix\Odin Inspector\Modules\Unity.Mathematics\MathematicsDrawers.cs(391,49): error CS0246: The type or namespace name 'float4' could not be found (are you missing a using directive or an assembly reference?)

Assets\Plugins\Sirenix\Odin Inspector\Modules\Unity.Mathematics\MathematicsDrawers.cs(109,48): error CS0246: The type or namespace name 'bool2' could not be found (are you missing a using directive or an assembly reference?)

Assets\Plugins\Sirenix\Odin Inspector\Modules\Unity.Mathematics\MathematicsDrawers.cs(57,65): error CS0246: The type or namespace name 'int3x4' could not be found (are you missing a using directive or an assembly reference?)

Assets\Plugins\Sirenix\Odin Inspector\Modules\Unity.Mathematics\MathematicsDrawers.cs(61,66): error CS0246: The type or namespace name 'uint3x2' could not be found (are you missing a using directive or an assembly reference?)

Assets\Plugins\Sirenix\Odin Inspector\Modules\Unity.Mathematics\MathematicsDrawers.cs(67,66): error CS0246: The type or namespace name 'uint3x4' could not be found (are you missing a using directive or an assembly reference?)

Assets\Plugins\Sirenix\Odin Inspector\Modules\Unity.Mathematics\MathematicsDrawers.cs(31,68): error CS0246: The type or namespace name 'double3x2' could not be found (are you missing a using directive or an assembly reference?)

Assets\Plugins\Sirenix\Odin Inspector\Modules\Unity.Mathematics\MathematicsDrawers.cs(47,66): error CS0246: The type or namespace name 'bool3x4' could not be found (are you missing a using directive or an assembly reference?)

Assets\Plugins\Sirenix\Odin Inspector\Modules\Unity.Mathematics\MathematicsDrawers.cs(64,66): error CS0246: The type or namespace name 'uint3x3' could not be found (are you missing a using directive or an assembly reference?)

Assets\Plugins\Sirenix\Odin Inspector\Modules\Unity.Mathematics\MathematicsDrawers.cs(37,68): error CS0246: The type or namespace name 'double3x4' could not be found (are you missing a using directive or an assembly reference?)

Assets\Plugins\Sirenix\Odin Inspector\Modules\Unity.Mathematics\MathematicsDrawers.cs(41,66): error CS0246: The type or namespace name 'bool3x2' could not be found (are you missing a using directive or an assembly reference?)

Assets\Plugins\Sirenix\Odin Inspector\Modules\Unity.Mathematics\MathematicsDrawers.cs(54,65): error CS0246: The type or namespace name 'int3x3' could not be found (are you missing a using directive or an assembly reference?)

Assets\Plugins\Sirenix\Odin Inspector\Modules\Unity.Mathematics\MathematicsDrawers.cs(21,67): error CS0246: The type or namespace name 'float3x2' could not be found (are you missing a using directive or an assembly reference?)

Assets\Plugins\Sirenix\Odin Inspector\Modules\Unity.Mathematics\MathematicsDrawers.cs(51,65): error CS0246: The type or namespace name 'int3x2' could not be found (are you missing a using directive or an assembly reference?)

Assets\Plugins\Sirenix\Odin Inspector\Modules\Unity.Mathematics\MathematicsDrawers.cs(24,67): error CS0246: The type or namespace name 'float3x3' could not be found (are you missing a using directive or an assembly reference?)

Assets\Plugins\Sirenix\Odin Inspector\Modules\Unity.Mathematics\MathematicsDrawers.cs(44,66): error CS0246: The type or namespace name 'bool3x3' could not be found (are you missing a using directive or an assembly reference?)

Assets\Plugins\Sirenix\Odin Inspector\Modules\Unity.Mathematics\MathematicsDrawers.cs(34,68): error CS0246: The type or namespace name 'double3x3' could not be found (are you missing a using directive or an assembly reference?)

Assets\Plugins\Sirenix\Odin Inspector\Modules\Unity.Mathematics\MathematicsDrawers.cs(32,68): error CS0246: The type or namespace name 'double4x2' could not be found (are you missing a using directive or an assembly reference?)

Assets\Plugins\Sirenix\Odin Inspector\Modules\Unity.Mathematics\MathematicsDrawers.cs(62,66): error CS0246: The type or namespace name 'uint4x2' could not be found (are you missing a using directive or an assembly reference?)

Assets\Plugins\Sirenix\Odin Inspector\Modules\Unity.Mathematics\MathematicsDrawers.cs(38,68): error CS0246: The type or namespace name 'double4x4' could not be found (are you missing a using directive or an assembly reference?)

Assets\Plugins\Sirenix\Odin Inspector\Modules\Unity.Mathematics\MathematicsDrawers.cs(68,66): error CS0246: The type or namespace name 'uint4x4' could not be found (are you missing a using directive or an assembly reference?)

Assets\Plugins\Sirenix\Odin Inspector\Modules\Unity.Mathematics\MathematicsDrawers.cs(48,66): error CS0246: The type or namespace name 'bool4x4' could not be found (are you missing a using directive or an assembly reference?)

Assets\Plugins\Sirenix\Odin Inspector\Modules\Unity.Mathematics\MathematicsDrawers.cs(58,65): error CS0246: The type or namespace name 'int4x4' could not be found (are you missing a using directive or an assembly reference?)

Assets\Plugins\Sirenix\Odin Inspector\Modules\Unity.Mathematics\MathematicsDrawers.cs(22,67): error CS0246: The type or namespace name 'float4x2' could not be found (are you missing a using directive or an assembly reference?)

Assets\Plugins\Sirenix\Odin Inspector\Modules\Unity.Mathematics\MathematicsDrawers.cs(52,65): error CS0246: The type or namespace name 'int4x2' could not be found (are you missing a using directive or an assembly reference?)

Assets\Plugins\Sirenix\Odin Inspector\Modules\Unity.Mathematics\MathematicsDrawers.cs(42,66): error CS0246: The type or namespace name 'bool4x2' could not be found (are you missing a using directive or an assembly reference?)

Assets\Plugins\Sirenix\Odin Inspector\Modules\Unity.Mathematics\MathematicsDrawers.cs(25,67): error CS0246: The type or namespace name 'float4x3' could not be found (are you missing a using directive or an assembly reference?)

Assets\Plugins\Sirenix\Odin Inspector\Modules\Unity.Mathematics\MathematicsDrawers.cs(55,65): error CS0246: The type or namespace name 'int4x3' could not be found (are you missing a using directive or an assembly reference?)

Assets\Plugins\Sirenix\Odin Inspector\Modules\Unity.Mathematics\MathematicsDrawers.cs(35,68): error CS0246: The type or namespace name 'double4x3' could not be found (are you missing a using directive or an assembly reference?)

Assets\Plugins\Sirenix\Odin Inspector\Modules\Unity.Mathematics\MathematicsDrawers.cs(45,66): error CS0246: The type or namespace name 'bool4x3' could not be found (are you missing a using directive or an assembly reference?)

Assets\Plugins\Sirenix\Odin Inspector\Modules\Unity.Mathematics\MathematicsDrawers.cs(65,66): error CS0246: The type or namespace name 'uint4x3' could not be found (are you missing a using directive or an assembly reference?)

Assets\Plugins\Sirenix\Odin Inspector\Modules\Unity.Mathematics\MathematicsDrawers.cs(226,49): error CS0246: The type or namespace name 'float2' could not be found (are you missing a using directive or an assembly reference?)

Assets\Plugins\Sirenix\Odin Inspector\Modules\Unity.Mathematics\MathematicsDrawers.cs(727,47): error CS0246: The type or namespace name 'int2' could not be found (are you missing a using directive or an assembly reference?)

Assets\Plugins\Sirenix\Odin Inspector\Modules\Unity.Mathematics\MathematicsDrawers.cs(477,50): error CS0246: The type or namespace name 'double2' could not be found (are you missing a using directive or an assembly reference?)

Assets\Plugins\Sirenix\Odin Inspector\Modules\Unity.Mathematics\MathematicsDrawers.cs(778,47): error CS0246: The type or namespace name 'int4' could not be found (are you missing a using directive or an assembly reference?)

Assets\Plugins\Sirenix\Odin Inspector\Modules\Unity.Mathematics\MathematicsDrawers.cs(856,48): error CS0246: The type or namespace name 'uint4' could not be found (are you missing a using directive or an assembly reference?)

Assets\Plugins\Sirenix\Odin Inspector\Modules\Unity.Mathematics\MathematicsDrawers.cs(27,67): error CS0246: The type or namespace name 'float3x4' could not be found (are you missing a using directive or an assembly reference?)

Assets\Plugins\Sirenix\Odin Inspector\Modules\Unity.Mathematics\MathematicsDrawers.cs(28,67): error CS0246: The type or namespace name 'float4x4' could not be found (are you missing a using directive or an assembly reference?)

Assets\Plugins\Sirenix\Odin Inspector\Modules\Unity.Mathematics\MathematicsDrawers.cs(145,48): error CS0246: The type or namespace name 'bool3' could not be found (are you missing a using directive or an assembly reference?)

Assets\Plugins\Sirenix\Odin Inspector\Modules\Unity.Mathematics\MathematicsDrawers.cs(558,50): error CS0246: The type or namespace name 'double3' could not be found (are you missing a using directive or an assembly reference?)

Assets\Plugins\Sirenix\Odin Inspector\Modules\Unity.Mathematics\MathematicsDrawers.cs(752,47): error CS0246: The type or namespace name 'int3' could not be found (are you missing a using directive or an assembly reference?)

Assets\Plugins\Sirenix\Odin Inspector\Modules\Unity.Mathematics\MathematicsDrawers.cs(805,48): error CS0246: The type or namespace name 'uint2' could not be found (are you missing a using directive or an assembly reference?)

Assets\Plugins\Sirenix\Odin Inspector\Modules\Unity.Mathematics\MathematicsDrawers.cs(307,49): error CS0246: The type or namespace name 'float3' could not be found (are you missing a using directive or an assembly reference?)

Assets\Plugins\Sirenix\Odin Inspector\Modules\Unity.Mathematics\MathematicsDrawers.cs(830,48): error CS0246: The type or namespace name 'uint3' could not be found (are you missing a using directive or an assembly reference?)
[159/199    0s] Csc Library/Bee/artifacts/1900b0aEDbg.dag/MoreMountains.Tools.dll (+2 others)
##### CommandLine
"D:\Unity\HubEditor\2022.3.34f1\Editor\Data\NetCoreRuntime\dotnet.exe" exec "D:/Unity/HubEditor/2022.3.34f1/Editor/Data/DotNetSdkRoslyn/csc.dll" /nostdlib /noconfig /shared "@Library/Bee/artifacts/1900b0aEDbg.dag/MoreMountains.Tools.rsp" "@Library/Bee/artifacts/1900b0aEDbg.dag/MoreMountains.Tools.rsp2"
##### Contents of Library\Bee\artifacts\1900b0aEDbg.dag\MoreMountains.Tools.rsp
-target:library
-out:"Library/Bee/artifacts/1900b0aEDbg.dag/MoreMountains.Tools.dll"
-refout:"Library/Bee/artifacts/1900b0aEDbg.dag/MoreMountains.Tools.ref.dll"
-define:UNITY_2022_3_34
-define:UNITY_2022_3
-define:UNITY_2022
-define:UNITY_5_3_OR_NEWER
-define:UNITY_5_4_OR_NEWER
-define:UNITY_5_5_OR_NEWER
-define:UNITY_5_6_OR_NEWER
-define:UNITY_2017_1_OR_NEWER
-define:UNITY_2017_2_OR_NEWER
-define:UNITY_2017_3_OR_NEWER
-define:UNITY_2017_4_OR_NEWER
-define:UNITY_2018_1_OR_NEWER
-define:UNITY_2018_2_OR_NEWER
-define:UNITY_2018_3_OR_NEWER
-define:UNITY_2018_4_OR_NEWER
-define:UNITY_2019_1_OR_NEWER
-define:UNITY_2019_2_OR_NEWER
-define:UNITY_2019_3_OR_NEWER
-define:UNITY_2019_4_OR_NEWER
-define:UNITY_2020_1_OR_NEWER
-define:UNITY_2020_2_OR_NEWER
-define:UNITY_2020_3_OR_NEWER
-define:UNITY_2021_1_OR_NEWER
-define:UNITY_2021_2_OR_NEWER
-define:UNITY_2021_3_OR_NEWER
-define:UNITY_2022_1_OR_NEWER
-define:UNITY_2022_2_OR_NEWER
-define:UNITY_2022_3_OR_NEWER
-define:PLATFORM_ARCH_64
-define:UNITY_64
-define:UNITY_INCLUDE_TESTS
-define:ENABLE_AR
-define:ENABLE_AUDIO
-define:ENABLE_CACHING
-define:ENABLE_CLOTH
-define:ENABLE_EVENT_QUEUE
-define:ENABLE_MICROPHONE
-define:ENABLE_MULTIPLE_DISPLAYS
-define:ENABLE_PHYSICS
-define:ENABLE_TEXTURE_STREAMING
-define:ENABLE_VIRTUALTEXTURING
-define:ENABLE_LZMA
-define:ENABLE_UNITYEVENTS
-define:ENABLE_VR
-define:ENABLE_WEBCAM
-define:ENABLE_UNITYWEBREQUEST
-define:ENABLE_WWW
-define:ENABLE_CLOUD_SERVICES
-define:ENABLE_CLOUD_SERVICES_ADS
-define:ENABLE_CLOUD_SERVICES_USE_WEBREQUEST
-define:ENABLE_CLOUD_SERVICES_CRASH_REPORTING
-define:ENABLE_CLOUD_SERVICES_PURCHASING
-define:ENABLE_CLOUD_SERVICES_ANALYTICS
-define:ENABLE_CLOUD_SERVICES_BUILD
-define:ENABLE_EDITOR_GAME_SERVICES
-define:ENABLE_UNITY_GAME_SERVICES_ANALYTICS_SUPPORT
-define:ENABLE_CLOUD_LICENSE
-define:ENABLE_EDITOR_HUB_LICENSE
-define:ENABLE_WEBSOCKET_CLIENT
-define:ENABLE_GENERATE_NATIVE_PLUGINS_FOR_ASSEMBLIES_API
-define:ENABLE_DIRECTOR_AUDIO
-define:ENABLE_DIRECTOR_TEXTURE
-define:ENABLE_MANAGED_JOBS
-define:ENABLE_MANAGED_TRANSFORM_JOBS
-define:ENABLE_MANAGED_ANIMATION_JOBS
-define:ENABLE_MANAGED_AUDIO_JOBS
-define:ENABLE_MANAGED_UNITYTLS
-define:INCLUDE_DYNAMIC_GI
-define:ENABLE_SCRIPTING_GC_WBARRIERS
-define:PLATFORM_SUPPORTS_MONO
-define:RENDER_SOFTWARE_CURSOR
-define:ENABLE_VIDEO
-define:ENABLE_ACCELERATOR_CLIENT_DEBUGGING
-define:ENABLE_NAVIGATION_PACKAGE_DEBUG_VISUALIZATION
-define:ENABLE_NAVIGATION_HEIGHTMESH_RUNTIME_SUPPORT
-define:ENABLE_NAVIGATION_UI_REQUIRES_PACKAGE
-define:PLATFORM_STANDALONE
-define:TEXTCORE_1_0_OR_NEWER
-define:PLATFORM_STANDALONE_WIN
-define:UNITY_STANDALONE_WIN
-define:UNITY_STANDALONE
-define:UNITY_UGP_API
-define:ENABLE_RUNTIME_GI
-define:ENABLE_MOVIES
-define:ENABLE_NETWORK
-define:ENABLE_NVIDIA
-define:ENABLE_CRUNCH_TEXTURE_COMPRESSION
-define:ENABLE_OUT_OF_PROCESS_CRASH_HANDLER
-define:ENABLE_CLUSTER_SYNC
-define:ENABLE_CLUSTERINPUT
-define:PLATFORM_UPDATES_TIME_OUTSIDE_OF_PLAYER_LOOP
-define:GFXDEVICE_WAITFOREVENT_MESSAGEPUMP
-define:PLATFORM_INITIALIZES_MEMORY_MANAGER_EXPLICITLY
-define:ENABLE_MONO
-define:NET_STANDARD_2_0
-define:NET_STANDARD
-define:NET_STANDARD_2_1
-define:NETSTANDARD
-define:NETSTANDARD2_1
-define:ENABLE_PROFILER
-define:DEBUG
-define:TRACE
-define:UNITY_ASSERTIONS
-define:UNITY_EDITOR
-define:UNITY_EDITOR_64
-define:UNITY_EDITOR_WIN
-define:ENABLE_UNITY_COLLECTIONS_CHECKS
-define:ENABLE_BURST_AOT
-define:UNITY_TEAM_LICENSE
-define:ENABLE_CUSTOM_RENDER_TEXTURE
-define:ENABLE_DIRECTOR
-define:ENABLE_LOCALIZATION
-define:ENABLE_SPRITES
-define:ENABLE_TERRAIN
-define:ENABLE_TILEMAP
-define:ENABLE_TIMELINE
-define:ENABLE_INPUT_SYSTEM
-define:ENABLE_LEGACY_INPUT_MANAGER
-define:TEXTCORE_FONT_ENGINE_1_5_OR_NEWER
-define:ODIN_INSPECTOR
-define:ODIN_INSPECTOR_3
-define:ODIN_INSPECTOR_3_1
-define:EX_GAS_ENABLE_HOT_KEYS
-define:MOREMOUNTAINS_TOPDOWNENGINE
-define:MOREMOUNTAINS_INTERFACE
-define:MOREMOUNTAINS_INVENTORYENGINE
-define:ODIN_VALIDATOR
-define:ODIN_VALIDATOR_3_1
-define:ODIN_VALIDATOR_3_2
-define:ODIN_VALIDATOR_3_3
-define:USING_URP
-define:CSHARP_7_OR_LATER
-define:CSHARP_7_3_OR_NEWER
-r:"Assets/Plugins/Demigiant/DemiLib/Core/DemiLib.dll"
-r:"Assets/Plugins/Demigiant/DemiLib/Core/Editor/DemiEditor.dll"
-r:"Assets/Plugins/Demigiant/DOTween/DOTween.dll"
-r:"Assets/Plugins/Demigiant/DOTween/Editor/DOTweenEditor.dll"
-r:"Assets/Plugins/Demigiant/DOTweenPro/DOTweenPro.dll"
-r:"Assets/Plugins/Demigiant/DOTweenPro/Editor/DOTweenProEditor.dll"
-r:"Assets/Plugins/Sirenix/Assemblies/Sirenix.OdinInspector.Attributes.dll"
-r:"Assets/Plugins/Sirenix/Assemblies/Sirenix.OdinInspector.Editor.dll"
-r:"Assets/Plugins/Sirenix/Assemblies/Sirenix.Reflection.Editor.dll"
-r:"Assets/Plugins/Sirenix/Assemblies/Sirenix.Serialization.Config.dll"
-r:"Assets/Plugins/Sirenix/Assemblies/Sirenix.Serialization.dll"
-r:"Assets/Plugins/Sirenix/Assemblies/Sirenix.Utilities.dll"
-r:"Assets/Plugins/Sirenix/Assemblies/Sirenix.Utilities.Editor.dll"
-r:"D:/Unity/HubEditor/2022.3.34f1/Editor/Data/Managed/UnityEditor.Graphs.dll"
-r:"D:/Unity/HubEditor/2022.3.34f1/Editor/Data/Managed/UnityEngine/UnityEditor.CoreModule.dll"
-r:"D:/Unity/HubEditor/2022.3.34f1/Editor/Data/Managed/UnityEngine/UnityEditor.DeviceSimulatorModule.dll"
-r:"D:/Unity/HubEditor/2022.3.34f1/Editor/Data/Managed/UnityEngine/UnityEditor.DiagnosticsModule.dll"
-r:"D:/Unity/HubEditor/2022.3.34f1/Editor/Data/Managed/UnityEngine/UnityEditor.dll"
-r:"D:/Unity/HubEditor/2022.3.34f1/Editor/Data/Managed/UnityEngine/UnityEditor.EditorToolbarModule.dll"
-r:"D:/Unity/HubEditor/2022.3.34f1/Editor/Data/Managed/UnityEngine/UnityEditor.GraphViewModule.dll"
-r:"D:/Unity/HubEditor/2022.3.34f1/Editor/Data/Managed/UnityEngine/UnityEditor.PresetsUIModule.dll"
-r:"D:/Unity/HubEditor/2022.3.34f1/Editor/Data/Managed/UnityEngine/UnityEditor.QuickSearchModule.dll"
-r:"D:/Unity/HubEditor/2022.3.34f1/Editor/Data/Managed/UnityEngine/UnityEditor.SceneTemplateModule.dll"
-r:"D:/Unity/HubEditor/2022.3.34f1/Editor/Data/Managed/UnityEngine/UnityEditor.SceneViewModule.dll"
-r:"D:/Unity/HubEditor/2022.3.34f1/Editor/Data/Managed/UnityEngine/UnityEditor.TextCoreFontEngineModule.dll"
-r:"D:/Unity/HubEditor/2022.3.34f1/Editor/Data/Managed/UnityEngine/UnityEditor.TextCoreTextEngineModule.dll"
-r:"D:/Unity/HubEditor/2022.3.34f1/Editor/Data/Managed/UnityEngine/UnityEditor.UIBuilderModule.dll"
-r:"D:/Unity/HubEditor/2022.3.34f1/Editor/Data/Managed/UnityEngine/UnityEditor.UIElementsModule.dll"
-r:"D:/Unity/HubEditor/2022.3.34f1/Editor/Data/Managed/UnityEngine/UnityEditor.UIElementsSamplesModule.dll"
-r:"D:/Unity/HubEditor/2022.3.34f1/Editor/Data/Managed/UnityEngine/UnityEditor.UnityConnectModule.dll"
-r:"D:/Unity/HubEditor/2022.3.34f1/Editor/Data/Managed/UnityEngine/UnityEngine.AccessibilityModule.dll"
-r:"D:/Unity/HubEditor/2022.3.34f1/Editor/Data/Managed/UnityEngine/UnityEngine.AIModule.dll"
-r:"D:/Unity/HubEditor/2022.3.34f1/Editor/Data/Managed/UnityEngine/UnityEngine.AndroidJNIModule.dll"
-r:"D:/Unity/HubEditor/2022.3.34f1/Editor/Data/Managed/UnityEngine/UnityEngine.AnimationModule.dll"
-r:"D:/Unity/HubEditor/2022.3.34f1/Editor/Data/Managed/UnityEngine/UnityEngine.ARModule.dll"
-r:"D:/Unity/HubEditor/2022.3.34f1/Editor/Data/Managed/UnityEngine/UnityEngine.AssetBundleModule.dll"
-r:"D:/Unity/HubEditor/2022.3.34f1/Editor/Data/Managed/UnityEngine/UnityEngine.AudioModule.dll"
-r:"D:/Unity/HubEditor/2022.3.34f1/Editor/Data/Managed/UnityEngine/UnityEngine.ClothModule.dll"
-r:"D:/Unity/HubEditor/2022.3.34f1/Editor/Data/Managed/UnityEngine/UnityEngine.ClusterInputModule.dll"
-r:"D:/Unity/HubEditor/2022.3.34f1/Editor/Data/Managed/UnityEngine/UnityEngine.ClusterRendererModule.dll"
-r:"D:/Unity/HubEditor/2022.3.34f1/Editor/Data/Managed/UnityEngine/UnityEngine.ContentLoadModule.dll"
-r:"D:/Unity/HubEditor/2022.3.34f1/Editor/Data/Managed/UnityEngine/UnityEngine.CoreModule.dll"
-r:"D:/Unity/HubEditor/2022.3.34f1/Editor/Data/Managed/UnityEngine/UnityEngine.CrashReportingModule.dll"
-r:"D:/Unity/HubEditor/2022.3.34f1/Editor/Data/Managed/UnityEngine/UnityEngine.DirectorModule.dll"
-r:"D:/Unity/HubEditor/2022.3.34f1/Editor/Data/Managed/UnityEngine/UnityEngine.dll"
-r:"D:/Unity/HubEditor/2022.3.34f1/Editor/Data/Managed/UnityEngine/UnityEngine.DSPGraphModule.dll"
-r:"D:/Unity/HubEditor/2022.3.34f1/Editor/Data/Managed/UnityEngine/UnityEngine.GameCenterModule.dll"
-r:"D:/Unity/HubEditor/2022.3.34f1/Editor/Data/Managed/UnityEngine/UnityEngine.GIModule.dll"
-r:"D:/Unity/HubEditor/2022.3.34f1/Editor/Data/Managed/UnityEngine/UnityEngine.GridModule.dll"
-r:"D:/Unity/HubEditor/2022.3.34f1/Editor/Data/Managed/UnityEngine/UnityEngine.HotReloadModule.dll"
-r:"D:/Unity/HubEditor/2022.3.34f1/Editor/Data/Managed/UnityEngine/UnityEngine.ImageConversionModule.dll"
-r:"D:/Unity/HubEditor/2022.3.34f1/Editor/Data/Managed/UnityEngine/UnityEngine.IMGUIModule.dll"
-r:"D:/Unity/HubEditor/2022.3.34f1/Editor/Data/Managed/UnityEngine/UnityEngine.InputLegacyModule.dll"
-r:"D:/Unity/HubEditor/2022.3.34f1/Editor/Data/Managed/UnityEngine/UnityEngine.InputModule.dll"
-r:"D:/Unity/HubEditor/2022.3.34f1/Editor/Data/Managed/UnityEngine/UnityEngine.JSONSerializeModule.dll"
-r:"D:/Unity/HubEditor/2022.3.34f1/Editor/Data/Managed/UnityEngine/UnityEngine.LocalizationModule.dll"
-r:"D:/Unity/HubEditor/2022.3.34f1/Editor/Data/Managed/UnityEngine/UnityEngine.NVIDIAModule.dll"
-r:"D:/Unity/HubEditor/2022.3.34f1/Editor/Data/Managed/UnityEngine/UnityEngine.ParticleSystemModule.dll"
-r:"D:/Unity/HubEditor/2022.3.34f1/Editor/Data/Managed/UnityEngine/UnityEngine.PerformanceReportingModule.dll"
-r:"D:/Unity/HubEditor/2022.3.34f1/Editor/Data/Managed/UnityEngine/UnityEngine.Physics2DModule.dll"
-r:"D:/Unity/HubEditor/2022.3.34f1/Editor/Data/Managed/UnityEngine/UnityEngine.PhysicsModule.dll"
-r:"D:/Unity/HubEditor/2022.3.34f1/Editor/Data/Managed/UnityEngine/UnityEngine.ProfilerModule.dll"
-r:"D:/Unity/HubEditor/2022.3.34f1/Editor/Data/Managed/UnityEngine/UnityEngine.PropertiesModule.dll"
-r:"D:/Unity/HubEditor/2022.3.34f1/Editor/Data/Managed/UnityEngine/UnityEngine.RuntimeInitializeOnLoadManagerInitializerModule.dll"
-r:"D:/Unity/HubEditor/2022.3.34f1/Editor/Data/Managed/UnityEngine/UnityEngine.ScreenCaptureModule.dll"
-r:"D:/Unity/HubEditor/2022.3.34f1/Editor/Data/Managed/UnityEngine/UnityEngine.SharedInternalsModule.dll"
-r:"D:/Unity/HubEditor/2022.3.34f1/Editor/Data/Managed/UnityEngine/UnityEngine.SpriteMaskModule.dll"
-r:"D:/Unity/HubEditor/2022.3.34f1/Editor/Data/Managed/UnityEngine/UnityEngine.SpriteShapeModule.dll"
-r:"D:/Unity/HubEditor/2022.3.34f1/Editor/Data/Managed/UnityEngine/UnityEngine.StreamingModule.dll"
-r:"D:/Unity/HubEditor/2022.3.34f1/Editor/Data/Managed/UnityEngine/UnityEngine.SubstanceModule.dll"
-r:"D:/Unity/HubEditor/2022.3.34f1/Editor/Data/Managed/UnityEngine/UnityEngine.SubsystemsModule.dll"
-r:"D:/Unity/HubEditor/2022.3.34f1/Editor/Data/Managed/UnityEngine/UnityEngine.TerrainModule.dll"
-r:"D:/Unity/HubEditor/2022.3.34f1/Editor/Data/Managed/UnityEngine/UnityEngine.TerrainPhysicsModule.dll"
-r:"D:/Unity/HubEditor/2022.3.34f1/Editor/Data/Managed/UnityEngine/UnityEngine.TextCoreFontEngineModule.dll"
-r:"D:/Unity/HubEditor/2022.3.34f1/Editor/Data/Managed/UnityEngine/UnityEngine.TextCoreTextEngineModule.dll"
-r:"D:/Unity/HubEditor/2022.3.34f1/Editor/Data/Managed/UnityEngine/UnityEngine.TextRenderingModule.dll"
-r:"D:/Unity/HubEditor/2022.3.34f1/Editor/Data/Managed/UnityEngine/UnityEngine.TilemapModule.dll"
-r:"D:/Unity/HubEditor/2022.3.34f1/Editor/Data/Managed/UnityEngine/UnityEngine.TLSModule.dll"
-r:"D:/Unity/HubEditor/2022.3.34f1/Editor/Data/Managed/UnityEngine/UnityEngine.UIElementsModule.dll"
-r:"D:/Unity/HubEditor/2022.3.34f1/Editor/Data/Managed/UnityEngine/UnityEngine.UIModule.dll"
-r:"D:/Unity/HubEditor/2022.3.34f1/Editor/Data/Managed/UnityEngine/UnityEngine.UmbraModule.dll"
-r:"D:/Unity/HubEditor/2022.3.34f1/Editor/Data/Managed/UnityEngine/UnityEngine.UnityAnalyticsCommonModule.dll"
-r:"D:/Unity/HubEditor/2022.3.34f1/Editor/Data/Managed/UnityEngine/UnityEngine.UnityAnalyticsModule.dll"
-r:"D:/Unity/HubEditor/2022.3.34f1/Editor/Data/Managed/UnityEngine/UnityEngine.UnityConnectModule.dll"
-r:"D:/Unity/HubEditor/2022.3.34f1/Editor/Data/Managed/UnityEngine/UnityEngine.UnityCurlModule.dll"
-r:"D:/Unity/HubEditor/2022.3.34f1/Editor/Data/Managed/UnityEngine/UnityEngine.UnityTestProtocolModule.dll"
-r:"D:/Unity/HubEditor/2022.3.34f1/Editor/Data/Managed/UnityEngine/UnityEngine.UnityWebRequestAssetBundleModule.dll"
-r:"D:/Unity/HubEditor/2022.3.34f1/Editor/Data/Managed/UnityEngine/UnityEngine.UnityWebRequestAudioModule.dll"
-r:"D:/Unity/HubEditor/2022.3.34f1/Editor/Data/Managed/UnityEngine/UnityEngine.UnityWebRequestModule.dll"
-r:"D:/Unity/HubEditor/2022.3.34f1/Editor/Data/Managed/UnityEngine/UnityEngine.UnityWebRequestTextureModule.dll"
-r:"D:/Unity/HubEditor/2022.3.34f1/Editor/Data/Managed/UnityEngine/UnityEngine.UnityWebRequestWWWModule.dll"
-r:"D:/Unity/HubEditor/2022.3.34f1/Editor/Data/Managed/UnityEngine/UnityEngine.VehiclesModule.dll"
-r:"D:/Unity/HubEditor/2022.3.34f1/Editor/Data/Managed/UnityEngine/UnityEngine.VFXModule.dll"
-r:"D:/Unity/HubEditor/2022.3.34f1/Editor/Data/Managed/UnityEngine/UnityEngine.VideoModule.dll"
-r:"D:/Unity/HubEditor/2022.3.34f1/Editor/Data/Managed/UnityEngine/UnityEngine.VirtualTexturingModule.dll"
-r:"D:/Unity/HubEditor/2022.3.34f1/Editor/Data/Managed/UnityEngine/UnityEngine.VRModule.dll"
-r:"D:/Unity/HubEditor/2022.3.34f1/Editor/Data/Managed/UnityEngine/UnityEngine.WindModule.dll"
-r:"D:/Unity/HubEditor/2022.3.34f1/Editor/Data/Managed/UnityEngine/UnityEngine.XRModule.dll"
-r:"D:/Unity/HubEditor/2022.3.34f1/Editor/Data/NetStandard/compat/2.1.0/shims/netfx/mscorlib.dll"
-r:"D:/Unity/HubEditor/2022.3.34f1/Editor/Data/NetStandard/compat/2.1.0/shims/netfx/System.ComponentModel.Composition.dll"
-r:"D:/Unity/HubEditor/2022.3.34f1/Editor/Data/NetStandard/compat/2.1.0/shims/netfx/System.Core.dll"
-r:"D:/Unity/HubEditor/2022.3.34f1/Editor/Data/NetStandard/compat/2.1.0/shims/netfx/System.Data.dll"
-r:"D:/Unity/HubEditor/2022.3.34f1/Editor/Data/NetStandard/compat/2.1.0/shims/netfx/System.dll"
-r:"D:/Unity/HubEditor/2022.3.34f1/Editor/Data/NetStandard/compat/2.1.0/shims/netfx/System.Drawing.dll"
-r:"D:/Unity/HubEditor/2022.3.34f1/Editor/Data/NetStandard/compat/2.1.0/shims/netfx/System.IO.Compression.FileSystem.dll"
-r:"D:/Unity/HubEditor/2022.3.34f1/Editor/Data/NetStandard/compat/2.1.0/shims/netfx/System.Net.dll"
-r:"D:/Unity/HubEditor/2022.3.34f1/Editor/Data/NetStandard/compat/2.1.0/shims/netfx/System.Numerics.dll"
-r:"D:/Unity/HubEditor/2022.3.34f1/Editor/Data/NetStandard/compat/2.1.0/shims/netfx/System.Runtime.Serialization.dll"
-r:"D:/Unity/HubEditor/2022.3.34f1/Editor/Data/NetStandard/compat/2.1.0/shims/netfx/System.ServiceModel.Web.dll"
-r:"D:/Unity/HubEditor/2022.3.34f1/Editor/Data/NetStandard/compat/2.1.0/shims/netfx/System.Transactions.dll"
-r:"D:/Unity/HubEditor/2022.3.34f1/Editor/Data/NetStandard/compat/2.1.0/shims/netfx/System.Web.dll"
-r:"D:/Unity/HubEditor/2022.3.34f1/Editor/Data/NetStandard/compat/2.1.0/shims/netfx/System.Windows.dll"
-r:"D:/Unity/HubEditor/2022.3.34f1/Editor/Data/NetStandard/compat/2.1.0/shims/netfx/System.Xml.dll"
-r:"D:/Unity/HubEditor/2022.3.34f1/Editor/Data/NetStandard/compat/2.1.0/shims/netfx/System.Xml.Linq.dll"
-r:"D:/Unity/HubEditor/2022.3.34f1/Editor/Data/NetStandard/compat/2.1.0/shims/netfx/System.Xml.Serialization.dll"
-r:"D:/Unity/HubEditor/2022.3.34f1/Editor/Data/NetStandard/compat/2.1.0/shims/netstandard/Microsoft.Win32.Primitives.dll"
-r:"D:/Unity/HubEditor/2022.3.34f1/Editor/Data/NetStandard/compat/2.1.0/shims/netstandard/System.AppContext.dll"
-r:"D:/Unity/HubEditor/2022.3.34f1/Editor/Data/NetStandard/compat/2.1.0/shims/netstandard/System.Buffers.dll"
-r:"D:/Unity/HubEditor/2022.3.34f1/Editor/Data/NetStandard/compat/2.1.0/shims/netstandard/System.Collections.Concurrent.dll"
-r:"D:/Unity/HubEditor/2022.3.34f1/Editor/Data/NetStandard/compat/2.1.0/shims/netstandard/System.Collections.dll"
-r:"D:/Unity/HubEditor/2022.3.34f1/Editor/Data/NetStandard/compat/2.1.0/shims/netstandard/System.Collections.NonGeneric.dll"
-r:"D:/Unity/HubEditor/2022.3.34f1/Editor/Data/NetStandard/compat/2.1.0/shims/netstandard/System.Collections.Specialized.dll"
-r:"D:/Unity/HubEditor/2022.3.34f1/Editor/Data/NetStandard/compat/2.1.0/shims/netstandard/System.ComponentModel.dll"
-r:"D:/Unity/HubEditor/2022.3.34f1/Editor/Data/NetStandard/compat/2.1.0/shims/netstandard/System.ComponentModel.EventBasedAsync.dll"
-r:"D:/Unity/HubEditor/2022.3.34f1/Editor/Data/NetStandard/compat/2.1.0/shims/netstandard/System.ComponentModel.Primitives.dll"
-r:"D:/Unity/HubEditor/2022.3.34f1/Editor/Data/NetStandard/compat/2.1.0/shims/netstandard/System.ComponentModel.TypeConverter.dll"
-r:"D:/Unity/HubEditor/2022.3.34f1/Editor/Data/NetStandard/compat/2.1.0/shims/netstandard/System.Console.dll"
-r:"D:/Unity/HubEditor/2022.3.34f1/Editor/Data/NetStandard/compat/2.1.0/shims/netstandard/System.Data.Common.dll"
-r:"D:/Unity/HubEditor/2022.3.34f1/Editor/Data/NetStandard/compat/2.1.0/shims/netstandard/System.Diagnostics.Contracts.dll"
-r:"D:/Unity/HubEditor/2022.3.34f1/Editor/Data/NetStandard/compat/2.1.0/shims/netstandard/System.Diagnostics.Debug.dll"
-r:"D:/Unity/HubEditor/2022.3.34f1/Editor/Data/NetStandard/compat/2.1.0/shims/netstandard/System.Diagnostics.FileVersionInfo.dll"
-r:"D:/Unity/HubEditor/2022.3.34f1/Editor/Data/NetStandard/compat/2.1.0/shims/netstandard/System.Diagnostics.Process.dll"
-r:"D:/Unity/HubEditor/2022.3.34f1/Editor/Data/NetStandard/compat/2.1.0/shims/netstandard/System.Diagnostics.StackTrace.dll"
-r:"D:/Unity/HubEditor/2022.3.34f1/Editor/Data/NetStandard/compat/2.1.0/shims/netstandard/System.Diagnostics.TextWriterTraceListener.dll"
-r:"D:/Unity/HubEditor/2022.3.34f1/Editor/Data/NetStandard/compat/2.1.0/shims/netstandard/System.Diagnostics.Tools.dll"
-r:"D:/Unity/HubEditor/2022.3.34f1/Editor/Data/NetStandard/compat/2.1.0/shims/netstandard/System.Diagnostics.TraceSource.dll"
-r:"D:/Unity/HubEditor/2022.3.34f1/Editor/Data/NetStandard/compat/2.1.0/shims/netstandard/System.Diagnostics.Tracing.dll"
-r:"D:/Unity/HubEditor/2022.3.34f1/Editor/Data/NetStandard/compat/2.1.0/shims/netstandard/System.Drawing.Primitives.dll"
-r:"D:/Unity/HubEditor/2022.3.34f1/Editor/Data/NetStandard/compat/2.1.0/shims/netstandard/System.Dynamic.Runtime.dll"
-r:"D:/Unity/HubEditor/2022.3.34f1/Editor/Data/NetStandard/compat/2.1.0/shims/netstandard/System.Globalization.Calendars.dll"
-r:"D:/Unity/HubEditor/2022.3.34f1/Editor/Data/NetStandard/compat/2.1.0/shims/netstandard/System.Globalization.dll"
-r:"D:/Unity/HubEditor/2022.3.34f1/Editor/Data/NetStandard/compat/2.1.0/shims/netstandard/System.Globalization.Extensions.dll"
-r:"D:/Unity/HubEditor/2022.3.34f1/Editor/Data/NetStandard/compat/2.1.0/shims/netstandard/System.IO.Compression.dll"
-r:"D:/Unity/HubEditor/2022.3.34f1/Editor/Data/NetStandard/compat/2.1.0/shims/netstandard/System.IO.Compression.ZipFile.dll"
-r:"D:/Unity/HubEditor/2022.3.34f1/Editor/Data/NetStandard/compat/2.1.0/shims/netstandard/System.IO.dll"
-r:"D:/Unity/HubEditor/2022.3.34f1/Editor/Data/NetStandard/compat/2.1.0/shims/netstandard/System.IO.FileSystem.dll"
-r:"D:/Unity/HubEditor/2022.3.34f1/Editor/Data/NetStandard/compat/2.1.0/shims/netstandard/System.IO.FileSystem.DriveInfo.dll"
-r:"D:/Unity/HubEditor/2022.3.34f1/Editor/Data/NetStandard/compat/2.1.0/shims/netstandard/System.IO.FileSystem.Primitives.dll"
-r:"D:/Unity/HubEditor/2022.3.34f1/Editor/Data/NetStandard/compat/2.1.0/shims/netstandard/System.IO.FileSystem.Watcher.dll"
-r:"D:/Unity/HubEditor/2022.3.34f1/Editor/Data/NetStandard/compat/2.1.0/shims/netstandard/System.IO.IsolatedStorage.dll"
-r:"D:/Unity/HubEditor/2022.3.34f1/Editor/Data/NetStandard/compat/2.1.0/shims/netstandard/System.IO.MemoryMappedFiles.dll"
-r:"D:/Unity/HubEditor/2022.3.34f1/Editor/Data/NetStandard/compat/2.1.0/shims/netstandard/System.IO.Pipes.dll"
-r:"D:/Unity/HubEditor/2022.3.34f1/Editor/Data/NetStandard/compat/2.1.0/shims/netstandard/System.IO.UnmanagedMemoryStream.dll"
-r:"D:/Unity/HubEditor/2022.3.34f1/Editor/Data/NetStandard/compat/2.1.0/shims/netstandard/System.Linq.dll"
-r:"D:/Unity/HubEditor/2022.3.34f1/Editor/Data/NetStandard/compat/2.1.0/shims/netstandard/System.Linq.Expressions.dll"
-r:"D:/Unity/HubEditor/2022.3.34f1/Editor/Data/NetStandard/compat/2.1.0/shims/netstandard/System.Linq.Parallel.dll"
-r:"D:/Unity/HubEditor/2022.3.34f1/Editor/Data/NetStandard/compat/2.1.0/shims/netstandard/System.Linq.Queryable.dll"
-r:"D:/Unity/HubEditor/2022.3.34f1/Editor/Data/NetStandard/compat/2.1.0/shims/netstandard/System.Memory.dll"
-r:"D:/Unity/HubEditor/2022.3.34f1/Editor/Data/NetStandard/compat/2.1.0/shims/netstandard/System.Net.Http.dll"
-r:"D:/Unity/HubEditor/2022.3.34f1/Editor/Data/NetStandard/compat/2.1.0/shims/netstandard/System.Net.NameResolution.dll"
-r:"D:/Unity/HubEditor/2022.3.34f1/Editor/Data/NetStandard/compat/2.1.0/shims/netstandard/System.Net.NetworkInformation.dll"
-r:"D:/Unity/HubEditor/2022.3.34f1/Editor/Data/NetStandard/compat/2.1.0/shims/netstandard/System.Net.Ping.dll"
-r:"D:/Unity/HubEditor/2022.3.34f1/Editor/Data/NetStandard/compat/2.1.0/shims/netstandard/System.Net.Primitives.dll"
-r:"D:/Unity/HubEditor/2022.3.34f1/Editor/Data/NetStandard/compat/2.1.0/shims/netstandard/System.Net.Requests.dll"
-r:"D:/Unity/HubEditor/2022.3.34f1/Editor/Data/NetStandard/compat/2.1.0/shims/netstandard/System.Net.Security.dll"
-r:"D:/Unity/HubEditor/2022.3.34f1/Editor/Data/NetStandard/compat/2.1.0/shims/netstandard/System.Net.Sockets.dll"
-r:"D:/Unity/HubEditor/2022.3.34f1/Editor/Data/NetStandard/compat/2.1.0/shims/netstandard/System.Net.WebHeaderCollection.dll"
-r:"D:/Unity/HubEditor/2022.3.34f1/Editor/Data/NetStandard/compat/2.1.0/shims/netstandard/System.Net.WebSockets.Client.dll"
-r:"D:/Unity/HubEditor/2022.3.34f1/Editor/Data/NetStandard/compat/2.1.0/shims/netstandard/System.Net.WebSockets.dll"
-r:"D:/Unity/HubEditor/2022.3.34f1/Editor/Data/NetStandard/compat/2.1.0/shims/netstandard/System.Numerics.Vectors.dll"
-r:"D:/Unity/HubEditor/2022.3.34f1/Editor/Data/NetStandard/compat/2.1.0/shims/netstandard/System.ObjectModel.dll"
-r:"D:/Unity/HubEditor/2022.3.34f1/Editor/Data/NetStandard/compat/2.1.0/shims/netstandard/System.Reflection.DispatchProxy.dll"
-r:"D:/Unity/HubEditor/2022.3.34f1/Editor/Data/NetStandard/compat/2.1.0/shims/netstandard/System.Reflection.dll"
-r:"D:/Unity/HubEditor/2022.3.34f1/Editor/Data/NetStandard/compat/2.1.0/shims/netstandard/System.Reflection.Emit.dll"
-r:"D:/Unity/HubEditor/2022.3.34f1/Editor/Data/NetStandard/compat/2.1.0/shims/netstandard/System.Reflection.Emit.ILGeneration.dll"
-r:"D:/Unity/HubEditor/2022.3.34f1/Editor/Data/NetStandard/compat/2.1.0/shims/netstandard/System.Reflection.Emit.Lightweight.dll"
-r:"D:/Unity/HubEditor/2022.3.34f1/Editor/Data/NetStandard/compat/2.1.0/shims/netstandard/System.Reflection.Extensions.dll"
-r:"D:/Unity/HubEditor/2022.3.34f1/Editor/Data/NetStandard/compat/2.1.0/shims/netstandard/System.Reflection.Primitives.dll"
-r:"D:/Unity/HubEditor/2022.3.34f1/Editor/Data/NetStandard/compat/2.1.0/shims/netstandard/System.Resources.Reader.dll"
-r:"D:/Unity/HubEditor/2022.3.34f1/Editor/Data/NetStandard/compat/2.1.0/shims/netstandard/System.Resources.ResourceManager.dll"
-r:"D:/Unity/HubEditor/2022.3.34f1/Editor/Data/NetStandard/compat/2.1.0/shims/netstandard/System.Resources.Writer.dll"
-r:"D:/Unity/HubEditor/2022.3.34f1/Editor/Data/NetStandard/compat/2.1.0/shims/netstandard/System.Runtime.CompilerServices.VisualC.dll"
-r:"D:/Unity/HubEditor/2022.3.34f1/Editor/Data/NetStandard/compat/2.1.0/shims/netstandard/System.Runtime.dll"
-r:"D:/Unity/HubEditor/2022.3.34f1/Editor/Data/NetStandard/compat/2.1.0/shims/netstandard/System.Runtime.Extensions.dll"
-r:"D:/Unity/HubEditor/2022.3.34f1/Editor/Data/NetStandard/compat/2.1.0/shims/netstandard/System.Runtime.Handles.dll"
-r:"D:/Unity/HubEditor/2022.3.34f1/Editor/Data/NetStandard/compat/2.1.0/shims/netstandard/System.Runtime.InteropServices.dll"
-r:"D:/Unity/HubEditor/2022.3.34f1/Editor/Data/NetStandard/compat/2.1.0/shims/netstandard/System.Runtime.InteropServices.RuntimeInformation.dll"
-r:"D:/Unity/HubEditor/2022.3.34f1/Editor/Data/NetStandard/compat/2.1.0/shims/netstandard/System.Runtime.Numerics.dll"
-r:"D:/Unity/HubEditor/2022.3.34f1/Editor/Data/NetStandard/compat/2.1.0/shims/netstandard/System.Runtime.Serialization.Formatters.dll"
-r:"D:/Unity/HubEditor/2022.3.34f1/Editor/Data/NetStandard/compat/2.1.0/shims/netstandard/System.Runtime.Serialization.Json.dll"
-r:"D:/Unity/HubEditor/2022.3.34f1/Editor/Data/NetStandard/compat/2.1.0/shims/netstandard/System.Runtime.Serialization.Primitives.dll"
-r:"D:/Unity/HubEditor/2022.3.34f1/Editor/Data/NetStandard/compat/2.1.0/shims/netstandard/System.Runtime.Serialization.Xml.dll"
-r:"D:/Unity/HubEditor/2022.3.34f1/Editor/Data/NetStandard/compat/2.1.0/shims/netstandard/System.Security.Claims.dll"
-r:"D:/Unity/HubEditor/2022.3.34f1/Editor/Data/NetStandard/compat/2.1.0/shims/netstandard/System.Security.Cryptography.Algorithms.dll"
-r:"D:/Unity/HubEditor/2022.3.34f1/Editor/Data/NetStandard/compat/2.1.0/shims/netstandard/System.Security.Cryptography.Csp.dll"
-r:"D:/Unity/HubEditor/2022.3.34f1/Editor/Data/NetStandard/compat/2.1.0/shims/netstandard/System.Security.Cryptography.Encoding.dll"
-r:"D:/Unity/HubEditor/2022.3.34f1/Editor/Data/NetStandard/compat/2.1.0/shims/netstandard/System.Security.Cryptography.Primitives.dll"
-r:"D:/Unity/HubEditor/2022.3.34f1/Editor/Data/NetStandard/compat/2.1.0/shims/netstandard/System.Security.Cryptography.X509Certificates.dll"
-r:"D:/Unity/HubEditor/2022.3.34f1/Editor/Data/NetStandard/compat/2.1.0/shims/netstandard/System.Security.Principal.dll"
-r:"D:/Unity/HubEditor/2022.3.34f1/Editor/Data/NetStandard/compat/2.1.0/shims/netstandard/System.Security.SecureString.dll"
-r:"D:/Unity/HubEditor/2022.3.34f1/Editor/Data/NetStandard/compat/2.1.0/shims/netstandard/System.Text.Encoding.dll"
-r:"D:/Unity/HubEditor/2022.3.34f1/Editor/Data/NetStandard/compat/2.1.0/shims/netstandard/System.Text.Encoding.Extensions.dll"
-r:"D:/Unity/HubEditor/2022.3.34f1/Editor/Data/NetStandard/compat/2.1.0/shims/netstandard/System.Text.RegularExpressions.dll"
-r:"D:/Unity/HubEditor/2022.3.34f1/Editor/Data/NetStandard/compat/2.1.0/shims/netstandard/System.Threading.dll"
-r:"D:/Unity/HubEditor/2022.3.34f1/Editor/Data/NetStandard/compat/2.1.0/shims/netstandard/System.Threading.Overlapped.dll"
-r:"D:/Unity/HubEditor/2022.3.34f1/Editor/Data/NetStandard/compat/2.1.0/shims/netstandard/System.Threading.Tasks.dll"
-r:"D:/Unity/HubEditor/2022.3.34f1/Editor/Data/NetStandard/compat/2.1.0/shims/netstandard/System.Threading.Tasks.Extensions.dll"
-r:"D:/Unity/HubEditor/2022.3.34f1/Editor/Data/NetStandard/compat/2.1.0/shims/netstandard/System.Threading.Tasks.Parallel.dll"
-r:"D:/Unity/HubEditor/2022.3.34f1/Editor/Data/NetStandard/compat/2.1.0/shims/netstandard/System.Threading.Thread.dll"
-r:"D:/Unity/HubEditor/2022.3.34f1/Editor/Data/NetStandard/compat/2.1.0/shims/netstandard/System.Threading.ThreadPool.dll"
-r:"D:/Unity/HubEditor/2022.3.34f1/Editor/Data/NetStandard/compat/2.1.0/shims/netstandard/System.Threading.Timer.dll"
-r:"D:/Unity/HubEditor/2022.3.34f1/Editor/Data/NetStandard/compat/2.1.0/shims/netstandard/System.ValueTuple.dll"
-r:"D:/Unity/HubEditor/2022.3.34f1/Editor/Data/NetStandard/compat/2.1.0/shims/netstandard/System.Xml.ReaderWriter.dll"
-r:"D:/Unity/HubEditor/2022.3.34f1/Editor/Data/NetStandard/compat/2.1.0/shims/netstandard/System.Xml.XDocument.dll"
-r:"D:/Unity/HubEditor/2022.3.34f1/Editor/Data/NetStandard/compat/2.1.0/shims/netstandard/System.Xml.XmlDocument.dll"
-r:"D:/Unity/HubEditor/2022.3.34f1/Editor/Data/NetStandard/compat/2.1.0/shims/netstandard/System.Xml.XmlSerializer.dll"
-r:"D:/Unity/HubEditor/2022.3.34f1/Editor/Data/NetStandard/compat/2.1.0/shims/netstandard/System.Xml.XPath.dll"
-r:"D:/Unity/HubEditor/2022.3.34f1/Editor/Data/NetStandard/compat/2.1.0/shims/netstandard/System.Xml.XPath.XDocument.dll"
-r:"D:/Unity/HubEditor/2022.3.34f1/Editor/Data/NetStandard/Extensions/2.0.0/System.Runtime.InteropServices.WindowsRuntime.dll"
-r:"D:/Unity/HubEditor/2022.3.34f1/Editor/Data/NetStandard/ref/2.1.0/netstandard.dll"
-r:"D:/Unity/HubEditor/2022.3.34f1/Editor/Data/PlaybackEngines/WindowsStandaloneSupport/UnityEditor.WindowsStandalone.Extensions.dll"
-analyzer:"D:/Unity/HubEditor/2022.3.34f1/Editor/Data/Tools/Unity.SourceGenerators/Unity.Properties.SourceGenerator.dll"
-analyzer:"D:/Unity/HubEditor/2022.3.34f1/Editor/Data/Tools/Unity.SourceGenerators/Unity.SourceGenerators.dll"
"Assets/NTSD/MoreMountains/MMFeedbacks/Authorizations/MMFeedbacksAuthorizations.cs"
"Assets/NTSD/MoreMountains/MMFeedbacks/Demos/MMFeedbacksDemo/Scripts/DemoBall.cs"
"Assets/NTSD/MoreMountains/MMFeedbacks/Demos/MMFeedbacksDemo/Scripts/DemoButton.cs"
"Assets/NTSD/MoreMountains/MMFeedbacks/Demos/MMFeedbacksDemo/Scripts/DemoGhost.cs"
"Assets/NTSD/MoreMountains/MMFeedbacks/Demos/MMFeedbacksDemo/Scripts/DemoPackageTester.cs"
"Assets/NTSD/MoreMountains/MMFeedbacks/Demos/MMFeedbacksDemo/Scripts/MMFDependencyInstaller.cs"
"Assets/NTSD/MoreMountains/MMFeedbacks/MMFeedbacks/Core/Legacy/MMFeedback.cs"
"Assets/NTSD/MoreMountains/MMFeedbacks/MMFeedbacks/Core/Legacy/MMFeedbacks.cs"
"Assets/NTSD/MoreMountains/MMFeedbacks/MMFeedbacks/Core/Legacy/MMFeedbacksEnabler.cs"
"Assets/NTSD/MoreMountains/MMFeedbacks/MMFeedbacks/Core/MMChannels/MMChannel.cs"
"Assets/NTSD/MoreMountains/MMFeedbacks/MMFeedbacks/Core/MMFeedbacksCoroutine.cs"
"Assets/NTSD/MoreMountains/MMFeedbacks/MMFeedbacks/Core/MMFeedbacksEvents.cs"
"Assets/NTSD/MoreMountains/MMFeedbacks/MMFeedbacks/Core/MMFeedbacksHelpers.cs"
"Assets/NTSD/MoreMountains/MMFeedbacks/MMFeedbacks/Core/MMFeedbacksInspectorColors.cs"
"Assets/NTSD/MoreMountains/MMFeedbacks/MMFeedbacks/Core/MMFeedbackTargetAcquisition.cs"
"Assets/NTSD/MoreMountains/MMFeedbacks/MMFeedbacks/Core/MMFeedbackTiming.cs"
"Assets/NTSD/MoreMountains/MMFeedbacks/MMFeedbacks/Core/MMF_Player/MMF_Feedback.cs"
"Assets/NTSD/MoreMountains/MMFeedbacks/MMFeedbacks/Core/MMF_Player/MMF_FeedbackAttributes.cs"
"Assets/NTSD/MoreMountains/MMFeedbacks/MMFeedbacks/Core/MMF_Player/MMF_Player.cs"
"Assets/NTSD/MoreMountains/MMFeedbacks/MMFeedbacks/Core/MMF_Player/MMF_PlayerDebugInput.cs"
"Assets/NTSD/MoreMountains/MMFeedbacks/MMFeedbacks/Core/MMF_Player/MMF_PlayerEnabler.cs"
"Assets/NTSD/MoreMountains/MMFeedbacks/MMFeedbacks/Core/MMShaker.cs"
"Assets/NTSD/MoreMountains/MMFeedbacks/MMFeedbacks/Core/ObjectPool/MMMiniObjectPooler.cs"
"Assets/NTSD/MoreMountains/MMFeedbacks/MMFeedbacks/Core/ObjectPool/MMMiniPoolableObject.cs"
"Assets/NTSD/MoreMountains/MMFeedbacks/MMFeedbacks/Feedbacks/MMF_Animation.cs"
"Assets/NTSD/MoreMountains/MMFeedbacks/MMFeedbacks/Feedbacks/MMF_AnimationCrossfade.cs"
"Assets/NTSD/MoreMountains/MMFeedbacks/MMFeedbacks/Feedbacks/MMF_AnimatorSpeed.cs"
"Assets/NTSD/MoreMountains/MMFeedbacks/MMFeedbacks/Feedbacks/MMF_AudioFilterDistortion.cs"
"Assets/NTSD/MoreMountains/MMFeedbacks/MMFeedbacks/Feedbacks/MMF_AudioFilterEcho.cs"
"Assets/NTSD/MoreMountains/MMFeedbacks/MMFeedbacks/Feedbacks/MMF_AudioFilterHighPass.cs"
"Assets/NTSD/MoreMountains/MMFeedbacks/MMFeedbacks/Feedbacks/MMF_AudioFilterLowPass.cs"
"Assets/NTSD/MoreMountains/MMFeedbacks/MMFeedbacks/Feedbacks/MMF_AudioFilterReverb.cs"
"Assets/NTSD/MoreMountains/MMFeedbacks/MMFeedbacks/Feedbacks/MMF_AudioMixerSnapshotTransition.cs"
"Assets/NTSD/MoreMountains/MMFeedbacks/MMFeedbacks/Feedbacks/MMF_AudioSource.cs"
"Assets/NTSD/MoreMountains/MMFeedbacks/MMFeedbacks/Feedbacks/MMF_AudioSourcePitch.cs"
"Assets/NTSD/MoreMountains/MMFeedbacks/MMFeedbacks/Feedbacks/MMF_AudioSourceStereoPan.cs"
"Assets/NTSD/MoreMountains/MMFeedbacks/MMFeedbacks/Feedbacks/MMF_AudioSourceVolume.cs"
"Assets/NTSD/MoreMountains/MMFeedbacks/MMFeedbacks/Feedbacks/MMF_CameraClippingPlanes.cs"
"Assets/NTSD/MoreMountains/MMFeedbacks/MMFeedbacks/Feedbacks/MMF_CameraFieldOfView.cs"
"Assets/NTSD/MoreMountains/MMFeedbacks/MMFeedbacks/Feedbacks/MMF_CameraOrthographicSize.cs"
"Assets/NTSD/MoreMountains/MMFeedbacks/MMFeedbacks/Feedbacks/MMF_CameraShake.cs"
"Assets/NTSD/MoreMountains/MMFeedbacks/MMFeedbacks/Feedbacks/MMF_CameraZoom.cs"
"Assets/NTSD/MoreMountains/MMFeedbacks/MMFeedbacks/Feedbacks/MMF_CanvasGroupBlocksRaycasts.cs"
"Assets/NTSD/MoreMountains/MMFeedbacks/MMFeedbacks/Feedbacks/MMF_Collider.cs"
"Assets/NTSD/MoreMountains/MMFeedbacks/MMFeedbacks/Feedbacks/MMF_Collider2D.cs"
"Assets/NTSD/MoreMountains/MMFeedbacks/MMFeedbacks/Feedbacks/MMF_DestinationTransform.cs"
"Assets/NTSD/MoreMountains/MMFeedbacks/MMFeedbacks/Feedbacks/MMF_Destroy.cs"
"Assets/NTSD/MoreMountains/MMFeedbacks/MMFeedbacks/Feedbacks/MMF_Enable.cs"
"Assets/NTSD/MoreMountains/MMFeedbacks/MMFeedbacks/Feedbacks/MMF_Events.cs"
"Assets/NTSD/MoreMountains/MMFeedbacks/MMFeedbacks/Feedbacks/MMF_Feedbacks.cs"
"Assets/NTSD/MoreMountains/MMFeedbacks/MMFeedbacks/Feedbacks/MMF_Flash.cs"
"Assets/NTSD/MoreMountains/MMFeedbacks/MMFeedbacks/Feedbacks/MMF_Flicker.cs"
"Assets/NTSD/MoreMountains/MMFeedbacks/MMFeedbacks/Feedbacks/MMF_FreezeFrame.cs"
"Assets/NTSD/MoreMountains/MMFeedbacks/MMFeedbacks/Feedbacks/MMF_Graphic.cs"
"Assets/NTSD/MoreMountains/MMFeedbacks/MMFeedbacks/Feedbacks/MMF_GraphicCrossFade.cs"
"Assets/NTSD/MoreMountains/MMFeedbacks/MMFeedbacks/Feedbacks/MMF_HoldingPause.cs"
"Assets/NTSD/MoreMountains/MMFeedbacks/MMFeedbacks/Feedbacks/MMF_Image.cs"
"Assets/NTSD/MoreMountains/MMFeedbacks/MMFeedbacks/Feedbacks/MMF_ImageMaterial.cs"
"Assets/NTSD/MoreMountains/MMFeedbacks/MMFeedbacks/Feedbacks/MMF_ImageRaycastTarget.cs"
"Assets/NTSD/MoreMountains/MMFeedbacks/MMFeedbacks/Feedbacks/MMF_ImageTextureOffset.cs"
"Assets/NTSD/MoreMountains/MMFeedbacks/MMFeedbacks/Feedbacks/MMF_ImageTextureScale.cs"
"Assets/NTSD/MoreMountains/MMFeedbacks/MMFeedbacks/Feedbacks/MMF_InstantiateObject.cs"
"Assets/NTSD/MoreMountains/MMFeedbacks/MMFeedbacks/Feedbacks/MMF_Light.cs"
"Assets/NTSD/MoreMountains/MMFeedbacks/MMFeedbacks/Feedbacks/MMF_LookAt.cs"
"Assets/NTSD/MoreMountains/MMFeedbacks/MMFeedbacks/Feedbacks/MMF_Looper.cs"
"Assets/NTSD/MoreMountains/MMFeedbacks/MMFeedbacks/Feedbacks/MMF_LooperStart.cs"
"Assets/NTSD/MoreMountains/MMFeedbacks/MMFeedbacks/Feedbacks/MMF_Material.cs"
"Assets/NTSD/MoreMountains/MMFeedbacks/MMFeedbacks/Feedbacks/MMF_MaterialSetProperty.cs"
"Assets/NTSD/MoreMountains/MMFeedbacks/MMFeedbacks/Feedbacks/MMF_Particles.cs"
"Assets/NTSD/MoreMountains/MMFeedbacks/MMFeedbacks/Feedbacks/MMF_ParticlesInstantiation.cs"
"Assets/NTSD/MoreMountains/MMFeedbacks/MMFeedbacks/Feedbacks/MMF_Pause.cs"
"Assets/NTSD/MoreMountains/MMFeedbacks/MMFeedbacks/Feedbacks/MMF_PlayerChain.cs"
"Assets/NTSD/MoreMountains/MMFeedbacks/MMFeedbacks/Feedbacks/MMF_PlayerControl.cs"
"Assets/NTSD/MoreMountains/MMFeedbacks/MMFeedbacks/Feedbacks/MMF_Position.cs"
"Assets/NTSD/MoreMountains/MMFeedbacks/MMFeedbacks/Feedbacks/MMF_PositionShake.cs"
"Assets/NTSD/MoreMountains/MMFeedbacks/MMFeedbacks/Feedbacks/MMF_PositionSpring.cs"
"Assets/NTSD/MoreMountains/MMFeedbacks/MMFeedbacks/Feedbacks/MMF_ReferenceHolder.cs"
"Assets/NTSD/MoreMountains/MMFeedbacks/MMFeedbacks/Feedbacks/MMF_Rigidbody.cs"
"Assets/NTSD/MoreMountains/MMFeedbacks/MMFeedbacks/Feedbacks/MMF_Rigidbody2D.cs"
"Assets/NTSD/MoreMountains/MMFeedbacks/MMFeedbacks/Feedbacks/MMF_RotatePositionAround.cs"
"Assets/NTSD/MoreMountains/MMFeedbacks/MMFeedbacks/Feedbacks/MMF_Rotation.cs"
"Assets/NTSD/MoreMountains/MMFeedbacks/MMFeedbacks/Feedbacks/MMF_RotationShake.cs"
"Assets/NTSD/MoreMountains/MMFeedbacks/MMFeedbacks/Feedbacks/MMF_RotationSpring.cs"
"Assets/NTSD/MoreMountains/MMFeedbacks/MMFeedbacks/Feedbacks/MMF_Scale.cs"
"Assets/NTSD/MoreMountains/MMFeedbacks/MMFeedbacks/Feedbacks/MMF_ScaleShake.cs"
"Assets/NTSD/MoreMountains/MMFeedbacks/MMFeedbacks/Feedbacks/MMF_ScaleSpring.cs"
"Assets/NTSD/MoreMountains/MMFeedbacks/MMFeedbacks/Feedbacks/MMF_SetActive.cs"
"Assets/NTSD/MoreMountains/MMFeedbacks/MMFeedbacks/Feedbacks/MMF_SetParent.cs"
"Assets/NTSD/MoreMountains/MMFeedbacks/MMFeedbacks/Feedbacks/MMF_ShaderGlobal.cs"
"Assets/NTSD/MoreMountains/MMFeedbacks/MMFeedbacks/Feedbacks/MMF_Skybox.cs"
"Assets/NTSD/MoreMountains/MMFeedbacks/MMFeedbacks/Feedbacks/MMF_SpriteRenderer.cs"
"Assets/NTSD/MoreMountains/MMFeedbacks/MMFeedbacks/Feedbacks/MMF_SquashAndStretch.cs"
"Assets/NTSD/MoreMountains/MMFeedbacks/MMFeedbacks/Feedbacks/MMF_SquashAndStretchSpring.cs"
"Assets/NTSD/MoreMountains/MMFeedbacks/MMFeedbacks/Feedbacks/MMF_Text.cs"
"Assets/NTSD/MoreMountains/MMFeedbacks/MMFeedbacks/Feedbacks/MMF_TextColor.cs"
"Assets/NTSD/MoreMountains/MMFeedbacks/MMFeedbacks/Feedbacks/MMF_TextureOffset.cs"
"Assets/NTSD/MoreMountains/MMFeedbacks/MMFeedbacks/Feedbacks/MMF_TextureScale.cs"
"Assets/NTSD/MoreMountains/MMFeedbacks/MMFeedbacks/Feedbacks/MMF_TimescaleModifier.cs"
"Assets/NTSD/MoreMountains/MMFeedbacks/MMFeedbacks/Feedbacks/MMF_UnloadScene.cs"
"Assets/NTSD/MoreMountains/MMFeedbacks/MMFeedbacks/Feedbacks/MMF_VideoPlayer.cs"
"Assets/NTSD/MoreMountains/MMFeedbacks/MMFeedbacks/Feedbacks/MMF_Wiggle.cs"
"Assets/NTSD/MoreMountains/MMFeedbacks/MMFeedbacks/MMFloatingText/MMFloatingText.cs"
"Assets/NTSD/MoreMountains/MMFeedbacks/MMFeedbacks/MMFloatingText/MMFloatingTextSpawner.cs"
"Assets/NTSD/MoreMountains/MMFeedbacks/MMFeedbacks/Sequencing/Scripts/MMAudioSourceSequencer.cs"
"Assets/NTSD/MoreMountains/MMFeedbacks/MMFeedbacks/Sequencing/Scripts/MMFeedbacksSequencer.cs"
"Assets/NTSD/MoreMountains/MMFeedbacks/MMFeedbacks/Sequencing/Scripts/MMInputSequenceRecorder.cs"
"Assets/NTSD/MoreMountains/MMFeedbacks/MMFeedbacks/Sequencing/Scripts/MMSequence.cs"
"Assets/NTSD/MoreMountains/MMFeedbacks/MMFeedbacks/Sequencing/Scripts/MMSequencer.cs"
"Assets/NTSD/MoreMountains/MMFeedbacks/MMFeedbacks/Sequencing/Scripts/MMSoundSequencer.cs"
"Assets/NTSD/MoreMountains/MMFeedbacks/MMFeedbacks/Shakers/MMAudioFilterDistortionShaker.cs"
"Assets/NTSD/MoreMountains/MMFeedbacks/MMFeedbacks/Shakers/MMAudioFilterEchoShaker.cs"
"Assets/NTSD/MoreMountains/MMFeedbacks/MMFeedbacks/Shakers/MMAudioFilterHighPassShaker.cs"
"Assets/NTSD/MoreMountains/MMFeedbacks/MMFeedbacks/Shakers/MMAudioFilterLowPassShaker.cs"
"Assets/NTSD/MoreMountains/MMFeedbacks/MMFeedbacks/Shakers/MMAudioFilterReverbShaker.cs"
"Assets/NTSD/MoreMountains/MMFeedbacks/MMFeedbacks/Shakers/MMAudioSourcePitchShaker.cs"
"Assets/NTSD/MoreMountains/MMFeedbacks/MMFeedbacks/Shakers/MMAudioSourceStereoPanShaker.cs"
"Assets/NTSD/MoreMountains/MMFeedbacks/MMFeedbacks/Shakers/MMAudioSourceVolumeShaker.cs"
"Assets/NTSD/MoreMountains/MMFeedbacks/MMFeedbacks/Shakers/MMBlink.cs"
"Assets/NTSD/MoreMountains/MMFeedbacks/MMFeedbacks/Shakers/MMCameraClippingPlanesShaker.cs"
"Assets/NTSD/MoreMountains/MMFeedbacks/MMFeedbacks/Shakers/MMCameraFieldOfViewShaker.cs"
"Assets/NTSD/MoreMountains/MMFeedbacks/MMFeedbacks/Shakers/MMCameraOrthographicSizeShaker.cs"
"Assets/NTSD/MoreMountains/MMFeedbacks/MMFeedbacks/Shakers/MMCameraShaker.cs"
"Assets/NTSD/MoreMountains/MMFeedbacks/MMFeedbacks/Shakers/MMCameraShakerRotation.cs"
"Assets/NTSD/MoreMountains/MMFeedbacks/MMFeedbacks/Shakers/MMCameraZoom.cs"
"Assets/NTSD/MoreMountains/MMFeedbacks/MMFeedbacks/Shakers/MMFeedbacksShaker.cs"
"Assets/NTSD/MoreMountains/MMFeedbacks/MMFeedbacks/Shakers/MMFlash.cs"
"Assets/NTSD/MoreMountains/MMFeedbacks/MMFeedbacks/Shakers/MMLightShaker.cs"
"Assets/NTSD/MoreMountains/MMFeedbacks/MMFeedbacks/Shakers/MMLookAtShaker.cs"
"Assets/NTSD/MoreMountains/MMFeedbacks/MMFeedbacks/Shakers/MMPositionShaker.cs"
"Assets/NTSD/MoreMountains/MMFeedbacks/MMFeedbacks/Shakers/MMRotationShaker.cs"
"Assets/NTSD/MoreMountains/MMFeedbacks/MMFeedbacks/Shakers/MMScaleShaker.cs"
"Assets/NTSD/MoreMountains/MMFeedbacks/MMFeedbacks/Shakers/MMSpriteRendererShaker.cs"
"Assets/NTSD/MoreMountains/MMFeedbacks/MMFeedbacks/Shakers/MMWiggle.cs"
"Assets/NTSD/MoreMountains/MMFeedbacks/MMFeedbacks/Springs/Core/Components/MMSpringColorComponent.cs"
"Assets/NTSD/MoreMountains/MMFeedbacks/MMFeedbacks/Springs/Core/Components/MMSpringFloatComponent.cs"
"Assets/NTSD/MoreMountains/MMFeedbacks/MMFeedbacks/Springs/Core/Components/MMSpringVector2Component.cs"
"Assets/NTSD/MoreMountains/MMFeedbacks/MMFeedbacks/Springs/Core/Components/MMSpringVector3Component.cs"
"Assets/NTSD/MoreMountains/MMFeedbacks/MMFeedbacks/Springs/Core/Components/MMSpringVector4Component.cs"
"Assets/NTSD/MoreMountains/MMFeedbacks/MMFeedbacks/Springs/Core/MMSpringClampSettings.cs"
"Assets/NTSD/MoreMountains/MMFeedbacks/MMFeedbacks/Springs/Core/MMSpringColor.cs"
"Assets/NTSD/MoreMountains/MMFeedbacks/MMFeedbacks/Springs/Core/MMSpringComponentBase.cs"
"Assets/NTSD/MoreMountains/MMFeedbacks/MMFeedbacks/Springs/Core/MMSpringDebug.cs"
"Assets/NTSD/MoreMountains/MMFeedbacks/MMFeedbacks/Springs/Core/MMSpringDefinition.cs"
"Assets/NTSD/MoreMountains/MMFeedbacks/MMFeedbacks/Springs/Core/MMSpringFloat.cs"
"Assets/NTSD/MoreMountains/MMFeedbacks/MMFeedbacks/Springs/Core/MMSpringVector2.cs"
"Assets/NTSD/MoreMountains/MMFeedbacks/MMFeedbacks/Springs/Core/MMSpringVector3.cs"
"Assets/NTSD/MoreMountains/MMFeedbacks/MMFeedbacks/Springs/Core/MMSpringVector4.cs"
"Assets/NTSD/MoreMountains/MMFeedbacks/MMFeedbacks/Springs/Feedbacks/MMF_SpringColor.cs"
"Assets/NTSD/MoreMountains/MMFeedbacks/MMFeedbacks/Springs/Feedbacks/MMF_SpringFloat.cs"
"Assets/NTSD/MoreMountains/MMFeedbacks/MMFeedbacks/Springs/Feedbacks/MMF_SpringVector2.cs"
"Assets/NTSD/MoreMountains/MMFeedbacks/MMFeedbacks/Springs/Feedbacks/MMF_SpringVector3.cs"
"Assets/NTSD/MoreMountains/MMFeedbacks/MMFeedbacks/Springs/Feedbacks/MMF_SpringVector4.cs"
"Assets/NTSD/MoreMountains/MMFeedbacks/MMFeedbacks/Springs/Springs/MMSpringAnimatorSpeed.cs"
"Assets/NTSD/MoreMountains/MMFeedbacks/MMFeedbacks/Springs/Springs/MMSpringAudioSourcePitch.cs"
"Assets/NTSD/MoreMountains/MMFeedbacks/MMFeedbacks/Springs/Springs/MMSpringAudioSourceVolume.cs"
"Assets/NTSD/MoreMountains/MMFeedbacks/MMFeedbacks/Springs/Springs/MMSpringCameraFieldOfView.cs"
"Assets/NTSD/MoreMountains/MMFeedbacks/MMFeedbacks/Springs/Springs/MMSpringCameraOrthographicSize.cs"
"Assets/NTSD/MoreMountains/MMFeedbacks/MMFeedbacks/Springs/Springs/MMSpringImageAlpha.cs"
"Assets/NTSD/MoreMountains/MMFeedbacks/MMFeedbacks/Springs/Springs/MMSpringImageColor.cs"
"Assets/NTSD/MoreMountains/MMFeedbacks/MMFeedbacks/Springs/Springs/MMSpringImageFillAmount.cs"
"Assets/NTSD/MoreMountains/MMFeedbacks/MMFeedbacks/Springs/Springs/MMSpringLightColor.cs"
"Assets/NTSD/MoreMountains/MMFeedbacks/MMFeedbacks/Springs/Springs/MMSpringLightIntensity.cs"
"Assets/NTSD/MoreMountains/MMFeedbacks/MMFeedbacks/Springs/Springs/MMSpringLightRange.cs"
"Assets/NTSD/MoreMountains/MMFeedbacks/MMFeedbacks/Springs/Springs/MMSpringMMTimeScale.cs"
"Assets/NTSD/MoreMountains/MMFeedbacks/MMFeedbacks/Springs/Springs/MMSpringPosition.cs"
"Assets/NTSD/MoreMountains/MMFeedbacks/MMFeedbacks/Springs/Springs/MMSpringRectTransformPosition.cs"
"Assets/NTSD/MoreMountains/MMFeedbacks/MMFeedbacks/Springs/Springs/MMSpringRectTransformSizeDelta.cs"
"Assets/NTSD/MoreMountains/MMFeedbacks/MMFeedbacks/Springs/Springs/MMSpringRotation.cs"
"Assets/NTSD/MoreMountains/MMFeedbacks/MMFeedbacks/Springs/Springs/MMSpringRotationAround.cs"
"Assets/NTSD/MoreMountains/MMFeedbacks/MMFeedbacks/Springs/Springs/MMSpringScale.cs"
"Assets/NTSD/MoreMountains/MMFeedbacks/MMFeedbacks/Springs/Springs/MMSpringShaderController.cs"
"Assets/NTSD/MoreMountains/MMFeedbacks/MMFeedbacks/Springs/Springs/MMSpringSpriteColor.cs"
"Assets/NTSD/MoreMountains/MMFeedbacks/MMFeedbacks/Springs/Springs/MMSpringSquashAndStretch.cs"
"Assets/NTSD/MoreMountains/MMFeedbacks/MMFeedbacks/Springs/Springs/MMSpringTextureOffset.cs"
"Assets/NTSD/MoreMountains/MMFeedbacks/MMFeedbacks/Springs/Springs/MMSpringTextureScale.cs"
"Assets/NTSD/MoreMountains/MMFeedbacks/MMFeedbacks/Springs/Springs/MMSpringTMPAlpha.cs"
"Assets/NTSD/MoreMountains/MMFeedbacks/MMFeedbacks/Springs/Springs/MMSpringTMPCharacterSpacing.cs"
"Assets/NTSD/MoreMountains/MMFeedbacks/MMFeedbacks/Springs/Springs/MMSpringTMPDilate.cs"
"Assets/NTSD/MoreMountains/MMFeedbacks/MMFeedbacks/Springs/Springs/MMSpringTMPFontSize.cs"
"Assets/NTSD/MoreMountains/MMFeedbacks/MMFeedbacks/Springs/Springs/MMSpringTMPLineSpacing.cs"
"Assets/NTSD/MoreMountains/MMFeedbacks/MMFeedbacks/Springs/Springs/MMSpringTMPSoftness.cs"
"Assets/NTSD/MoreMountains/MMFeedbacks/MMFeedbacks/Springs/Springs/MMSpringTMPTextColor.cs"
"Assets/NTSD/MoreMountains/MMFeedbacks/MMFeedbacks/Springs/Springs/MMSpringTMPWordSpacing.cs"
"Assets/NTSD/MoreMountains/MMFeedbacks/MMFeedbacksForThirdParty/Cinemachine/Feedbacks/MMF_CinemachineImpulse.cs"
"Assets/NTSD/MoreMountains/MMFeedbacks/MMFeedbacksForThirdParty/Cinemachine/Feedbacks/MMF_CinemachineImpulseClear.cs"
"Assets/NTSD/MoreMountains/MMFeedbacks/MMFeedbacksForThirdParty/Cinemachine/Feedbacks/MMF_CinemachineImpulseSource.cs"
"Assets/NTSD/MoreMountains/MMFeedbacks/MMFeedbacksForThirdParty/Cinemachine/Feedbacks/MMF_CinemachineTransition.cs"
"Assets/NTSD/MoreMountains/MMFeedbacks/MMFeedbacksForThirdParty/Cinemachine/Helpers/MMCinemachineHelpers.cs"
"Assets/NTSD/MoreMountains/MMFeedbacks/MMFeedbacksForThirdParty/Cinemachine/Shakers/MMCinemachineCameraShaker.cs"
"Assets/NTSD/MoreMountains/MMFeedbacks/MMFeedbacksForThirdParty/Cinemachine/Shakers/MMCinemachineClippingPlanesShaker.cs"
"Assets/NTSD/MoreMountains/MMFeedbacks/MMFeedbacksForThirdParty/Cinemachine/Shakers/MMCinemachineFieldOfViewShaker.cs"
"Assets/NTSD/MoreMountains/MMFeedbacks/MMFeedbacksForThirdParty/Cinemachine/Shakers/MMCinemachineFreeLookZoom.cs"
"Assets/NTSD/MoreMountains/MMFeedbacks/MMFeedbacksForThirdParty/Cinemachine/Shakers/MMCinemachineOrthographicSizeShaker.cs"
"Assets/NTSD/MoreMountains/MMFeedbacks/MMFeedbacksForThirdParty/Cinemachine/Shakers/MMCinemachinePriorityBrainListener.cs"
"Assets/NTSD/MoreMountains/MMFeedbacks/MMFeedbacksForThirdParty/Cinemachine/Shakers/MMCinemachinePriorityListener.cs"
"Assets/NTSD/MoreMountains/MMFeedbacks/MMFeedbacksForThirdParty/Cinemachine/Shakers/MMCinemachineZoom.cs"
"Assets/NTSD/MoreMountains/MMFeedbacks/MMFeedbacksForThirdParty/MMTools/Feedbacks/MMF_Blink.cs"
"Assets/NTSD/MoreMountains/MMFeedbacks/MMFeedbacksForThirdParty/MMTools/Feedbacks/MMF_Broadcast.cs"
"Assets/NTSD/MoreMountains/MMFeedbacks/MMFeedbacksForThirdParty/MMTools/Feedbacks/MMF_BroadcastProxy.cs"
"Assets/NTSD/MoreMountains/MMFeedbacks/MMFeedbacksForThirdParty/MMTools/Feedbacks/MMF_CanvasGroup.cs"
"Assets/NTSD/MoreMountains/MMFeedbacks/MMFeedbacksForThirdParty/MMTools/Feedbacks/MMF_DebugBreak.cs"
"Assets/NTSD/MoreMountains/MMFeedbacks/MMFeedbacksForThirdParty/MMTools/Feedbacks/MMF_DebugComment.cs"
"Assets/NTSD/MoreMountains/MMFeedbacks/MMFeedbacksForThirdParty/MMTools/Feedbacks/MMF_DebugLog.cs"
"Assets/NTSD/MoreMountains/MMFeedbacks/MMFeedbacksForThirdParty/MMTools/Feedbacks/MMF_Fade.cs"
"Assets/NTSD/MoreMountains/MMFeedbacks/MMFeedbacksForThirdParty/MMTools/Feedbacks/MMF_FloatController.cs"
"Assets/NTSD/MoreMountains/MMFeedbacks/MMFeedbacksForThirdParty/MMTools/Feedbacks/MMF_FloatingText.cs"
"Assets/NTSD/MoreMountains/MMFeedbacks/MMFeedbacksForThirdParty/MMTools/Feedbacks/MMF_Fog.cs"
"Assets/NTSD/MoreMountains/MMFeedbacks/MMFeedbacksForThirdParty/MMTools/Feedbacks/MMF_ImageAlpha.cs"
"Assets/NTSD/MoreMountains/MMFeedbacks/MMFeedbacksForThirdParty/MMTools/Feedbacks/MMF_ImageFill.cs"
"Assets/NTSD/MoreMountains/MMFeedbacks/MMFeedbacksForThirdParty/MMTools/Feedbacks/MMF_LoadScene.cs"
"Assets/NTSD/MoreMountains/MMFeedbacks/MMFeedbacksForThirdParty/MMTools/Feedbacks/MMF_MMGameEvent.cs"
"Assets/NTSD/MoreMountains/MMFeedbacks/MMFeedbacksForThirdParty/MMTools/Feedbacks/MMF_MMSoundManagerAllSoundsControl.cs"
"Assets/NTSD/MoreMountains/MMFeedbacks/MMFeedbacksForThirdParty/MMTools/Feedbacks/MMF_MMSoundManagerSaveLoad.cs"
"Assets/NTSD/MoreMountains/MMFeedbacks/MMFeedbacksForThirdParty/MMTools/Feedbacks/MMF_MMSoundManagerSound.cs"
"Assets/NTSD/MoreMountains/MMFeedbacks/MMFeedbacksForThirdParty/MMTools/Feedbacks/MMF_MMSoundManagerSoundControl.cs"
"Assets/NTSD/MoreMountains/MMFeedbacks/MMFeedbacksForThirdParty/MMTools/Feedbacks/MMF_MMSoundManagerSoundData.cs"
"Assets/NTSD/MoreMountains/MMFeedbacks/MMFeedbacksForThirdParty/MMTools/Feedbacks/MMF_MMSoundManagerSoundFade.cs"
"Assets/NTSD/MoreMountains/MMFeedbacks/MMFeedbacksForThirdParty/MMTools/Feedbacks/MMF_MMSoundManagerTrackControl.cs"
"Assets/NTSD/MoreMountains/MMFeedbacks/MMFeedbacksForThirdParty/MMTools/Feedbacks/MMF_MMSoundManagerTrackFade.cs"
"Assets/NTSD/MoreMountains/MMFeedbacks/MMFeedbacksForThirdParty/MMTools/Feedbacks/MMF_Playlist.cs"
"Assets/NTSD/MoreMountains/MMFeedbacks/MMFeedbacksForThirdParty/MMTools/Feedbacks/MMF_PPMovingFilter.cs"
"Assets/NTSD/MoreMountains/MMFeedbacks/MMFeedbacksForThirdParty/MMTools/Feedbacks/MMF_Property.cs"
"Assets/NTSD/MoreMountains/MMFeedbacks/MMFeedbacksForThirdParty/MMTools/Feedbacks/MMF_RadioSignal.cs"
"Assets/NTSD/MoreMountains/MMFeedbacks/MMFeedbacksForThirdParty/MMTools/Feedbacks/MMF_RectTransformAnchor.cs"
"Assets/NTSD/MoreMountains/MMFeedbacks/MMFeedbacksForThirdParty/MMTools/Feedbacks/MMF_RectTransformOffset.cs"
"Assets/NTSD/MoreMountains/MMFeedbacks/MMFeedbacksForThirdParty/MMTools/Feedbacks/MMF_RectTransformPivot.cs"
"Assets/NTSD/MoreMountains/MMFeedbacks/MMFeedbacksForThirdParty/MMTools/Feedbacks/MMF_RectTransformSizeDelta.cs"
"Assets/NTSD/MoreMountains/MMFeedbacks/MMFeedbacksForThirdParty/MMTools/Feedbacks/MMF_ShaderController.cs"
"Assets/NTSD/MoreMountains/MMFeedbacks/MMFeedbacksForThirdParty/MMTools/Feedbacks/MMF_Sound.cs"
"Assets/NTSD/MoreMountains/MMFeedbacks/MMFeedbacksForThirdParty/MMTools/Feedbacks/MMF_TextFontSize.cs"
"Assets/NTSD/MoreMountains/MMFeedbacks/MMFeedbacksForThirdParty/MMTools/MMRadio/Legacy/MMFeedbackBase.cs"
"Assets/NTSD/MoreMountains/MMFeedbacks/MMFeedbacksForThirdParty/MMTools/MMRadio/MMF_FeedbackBase.cs"
"Assets/NTSD/MoreMountains/MMFeedbacks/MMFeedbacksForThirdParty/MMTools/Shakers/MMPostProcessingMovingFilter.cs"
"Assets/NTSD/MoreMountains/MMFeedbacks/MMFeedbacksForThirdParty/NiceVibrations/Feedbacks/Legacy/MMFeedbackNVSettings.cs"
"Assets/NTSD/MoreMountains/MMFeedbacks/MMFeedbacksForThirdParty/NiceVibrations/Feedbacks/MMF_Haptics.cs"
"Assets/NTSD/MoreMountains/MMFeedbacks/MMFeedbacksForThirdParty/NiceVibrations/Feedbacks/MMF_NVClip.cs"
"Assets/NTSD/MoreMountains/MMFeedbacks/MMFeedbacksForThirdParty/NiceVibrations/Feedbacks/MMF_NVContinuous.cs"
"Assets/NTSD/MoreMountains/MMFeedbacks/MMFeedbacksForThirdParty/NiceVibrations/Feedbacks/MMF_NVControl.cs"
"Assets/NTSD/MoreMountains/MMFeedbacks/MMFeedbacksForThirdParty/NiceVibrations/Feedbacks/MMF_NVEmphasis.cs"
"Assets/NTSD/MoreMountains/MMFeedbacks/MMFeedbacksForThirdParty/NiceVibrations/Feedbacks/MMF_NVPreset.cs"
"Assets/NTSD/MoreMountains/MMFeedbacks/MMFeedbacksForThirdParty/PostProcessing/Feedbacks/MMF_Bloom.cs"
"Assets/NTSD/MoreMountains/MMFeedbacks/MMFeedbacksForThirdParty/PostProcessing/Feedbacks/MMF_ChromaticAberration.cs"
"Assets/NTSD/MoreMountains/MMFeedbacks/MMFeedbacksForThirdParty/PostProcessing/Feedbacks/MMF_ColorGrading.cs"
"Assets/NTSD/MoreMountains/MMFeedbacks/MMFeedbacksForThirdParty/PostProcessing/Feedbacks/MMF_DepthOfField.cs"
"Assets/NTSD/MoreMountains/MMFeedbacks/MMFeedbacksForThirdParty/PostProcessing/Feedbacks/MMF_GlobalPPVolumeAutoBlend.cs"
"Assets/NTSD/MoreMountains/MMFeedbacks/MMFeedbacksForThirdParty/PostProcessing/Feedbacks/MMF_LensDistortion.cs"
"Assets/NTSD/MoreMountains/MMFeedbacks/MMFeedbacksForThirdParty/PostProcessing/Feedbacks/MMF_Vignette.cs"
"Assets/NTSD/MoreMountains/MMFeedbacks/MMFeedbacksForThirdParty/PostProcessing/Helpers/MMGlobalPostProcessingVolumeAutoBlend.cs"
"Assets/NTSD/MoreMountains/MMFeedbacks/MMFeedbacksForThirdParty/PostProcessing/Helpers/MMPostProcessingHelpers.cs"
"Assets/NTSD/MoreMountains/MMFeedbacks/MMFeedbacksForThirdParty/PostProcessing/Shakers/MMAutoFocus.cs"
"Assets/NTSD/MoreMountains/MMFeedbacks/MMFeedbacksForThirdParty/PostProcessing/Shakers/MMBloomShaker.cs"
"Assets/NTSD/MoreMountains/MMFeedbacks/MMFeedbacksForThirdParty/PostProcessing/Shakers/MMChromaticAberrationShaker.cs"
"Assets/NTSD/MoreMountains/MMFeedbacks/MMFeedbacksForThirdParty/PostProcessing/Shakers/MMColorGradingShaker.cs"
"Assets/NTSD/MoreMountains/MMFeedbacks/MMFeedbacksForThirdParty/PostProcessing/Shakers/MMDepthOfFieldShaker.cs"
"Assets/NTSD/MoreMountains/MMFeedbacks/MMFeedbacksForThirdParty/PostProcessing/Shakers/MMLensDistortionShaker.cs"
"Assets/NTSD/MoreMountains/MMFeedbacks/MMFeedbacksForThirdParty/PostProcessing/Shakers/MMVignetteShaker.cs"
"Assets/NTSD/MoreMountains/MMFeedbacks/MMFeedbacksForThirdParty/PostProcessing/Springs/MMSpringBloomIntensity.cs"
"Assets/NTSD/MoreMountains/MMFeedbacks/MMFeedbacksForThirdParty/PostProcessing/Springs/MMSpringChromaticAberrationIntensity.cs"
"Assets/NTSD/MoreMountains/MMFeedbacks/MMFeedbacksForThirdParty/PostProcessing/Springs/MMSpringColorGradingContrast.cs"
"Assets/NTSD/MoreMountains/MMFeedbacks/MMFeedbacksForThirdParty/PostProcessing/Springs/MMSpringColorGradingHueShift.cs"
"Assets/NTSD/MoreMountains/MMFeedbacks/MMFeedbacksForThirdParty/PostProcessing/Springs/MMSpringColorGradingSaturation.cs"
"Assets/NTSD/MoreMountains/MMFeedbacks/MMFeedbacksForThirdParty/PostProcessing/Springs/MMSpringColorGradingTemperature.cs"
"Assets/NTSD/MoreMountains/MMFeedbacks/MMFeedbacksForThirdParty/PostProcessing/Springs/MMSpringColorGradingTint.cs"
"Assets/NTSD/MoreMountains/MMFeedbacks/MMFeedbacksForThirdParty/PostProcessing/Springs/MMSpringDepthOfFieldFocusDistance.cs"
"Assets/NTSD/MoreMountains/MMFeedbacks/MMFeedbacksForThirdParty/PostProcessing/Springs/MMSpringLensDistortionIntensity.cs"
"Assets/NTSD/MoreMountains/MMFeedbacks/MMFeedbacksForThirdParty/PostProcessing/Springs/MMSpringMotionBlurShutterAngle.cs"
"Assets/NTSD/MoreMountains/MMFeedbacks/MMFeedbacksForThirdParty/PostProcessing/Springs/MMSpringVignetteCenter.cs"
"Assets/NTSD/MoreMountains/MMFeedbacks/MMFeedbacksForThirdParty/PostProcessing/Springs/MMSpringVignetteColor.cs"
"Assets/NTSD/MoreMountains/MMFeedbacks/MMFeedbacksForThirdParty/PostProcessing/Springs/MMSpringVignetteIntensity.cs"
"Assets/NTSD/MoreMountains/MMFeedbacks/MMFeedbacksForThirdParty/TextMeshPro/Feedbacks/MMF_TMPAlpha.cs"
"Assets/NTSD/MoreMountains/MMFeedbacks/MMFeedbacksForThirdParty/TextMeshPro/Feedbacks/MMF_TMPCharacterSpacing.cs"
"Assets/NTSD/MoreMountains/MMFeedbacks/MMFeedbacksForThirdParty/TextMeshPro/Feedbacks/MMF_TMPColor.cs"
"Assets/NTSD/MoreMountains/MMFeedbacks/MMFeedbacksForThirdParty/TextMeshPro/Feedbacks/MMF_TMPCountTo.cs"
"Assets/NTSD/MoreMountains/MMFeedbacks/MMFeedbacksForThirdParty/TextMeshPro/Feedbacks/MMF_TMPCountToLong.cs"
"Assets/NTSD/MoreMountains/MMFeedbacks/MMFeedbacksForThirdParty/TextMeshPro/Feedbacks/MMF_TMPDilate.cs"
"Assets/NTSD/MoreMountains/MMFeedbacks/MMFeedbacksForThirdParty/TextMeshPro/Feedbacks/MMF_TMPFontSize.cs"
"Assets/NTSD/MoreMountains/MMFeedbacks/MMFeedbacksForThirdParty/TextMeshPro/Feedbacks/MMF_TMPLineSpacing.cs"
"Assets/NTSD/MoreMountains/MMFeedbacks/MMFeedbacksForThirdParty/TextMeshPro/Feedbacks/MMF_TMPOutlineColor.cs"
"Assets/NTSD/MoreMountains/MMFeedbacks/MMFeedbacksForThirdParty/TextMeshPro/Feedbacks/MMF_TMPOutlineWidth.cs"
"Assets/NTSD/MoreMountains/MMFeedbacks/MMFeedbacksForThirdParty/TextMeshPro/Feedbacks/MMF_TMPParagraphSpacing.cs"
"Assets/NTSD/MoreMountains/MMFeedbacks/MMFeedbacksForThirdParty/TextMeshPro/Feedbacks/MMF_TMPSoftness.cs"
"Assets/NTSD/MoreMountains/MMFeedbacks/MMFeedbacksForThirdParty/TextMeshPro/Feedbacks/MMF_TMPText.cs"
"Assets/NTSD/MoreMountains/MMFeedbacks/MMFeedbacksForThirdParty/TextMeshPro/Feedbacks/MMF_TMPTextReveal.cs"
"Assets/NTSD/MoreMountains/MMFeedbacks/MMFeedbacksForThirdParty/TextMeshPro/Feedbacks/MMF_TMPWordSpacing.cs"
"Assets/NTSD/MoreMountains/MMFeedbacks/MMFeedbacksForThirdParty/TextMeshPro/MMFloatingText/MMFloatingTextMeshPro.cs"
"Assets/NTSD/MoreMountains/MMFeedbacks/MMFeedbacksForThirdParty/UIToolkit/Base/MMF_UIToolkit.cs"
"Assets/NTSD/MoreMountains/MMFeedbacks/MMFeedbacksForThirdParty/UIToolkit/Base/MMF_UIToolkitBoolBase.cs"
"Assets/NTSD/MoreMountains/MMFeedbacks/MMFeedbacksForThirdParty/UIToolkit/Base/MMF_UIToolkitColorBase.cs"
"Assets/NTSD/MoreMountains/MMFeedbacks/MMFeedbacksForThirdParty/UIToolkit/Base/MMF_UIToolkitFloatBase.cs"
"Assets/NTSD/MoreMountains/MMFeedbacks/MMFeedbacksForThirdParty/UIToolkit/Base/MMF_UIToolkitVector2Base.cs"
"Assets/NTSD/MoreMountains/MMFeedbacks/MMFeedbacksForThirdParty/UIToolkit/Feedbacks/MMF_UIToolkitBackgroundColor.cs"
"Assets/NTSD/MoreMountains/MMFeedbacks/MMFeedbacksForThirdParty/UIToolkit/Feedbacks/MMF_UIToolkitBorderColor.cs"
"Assets/NTSD/MoreMountains/MMFeedbacks/MMFeedbacksForThirdParty/UIToolkit/Feedbacks/MMF_UIToolkitBorderRadius.cs"
"Assets/NTSD/MoreMountains/MMFeedbacks/MMFeedbacksForThirdParty/UIToolkit/Feedbacks/MMF_UIToolkitBorderWidth.cs"
"Assets/NTSD/MoreMountains/MMFeedbacks/MMFeedbacksForThirdParty/UIToolkit/Feedbacks/MMF_UIToolkitClass.cs"
"Assets/NTSD/MoreMountains/MMFeedbacks/MMFeedbacksForThirdParty/UIToolkit/Feedbacks/MMF_UIToolkitFontSize.cs"
"Assets/NTSD/MoreMountains/MMFeedbacks/MMFeedbacksForThirdParty/UIToolkit/Feedbacks/MMF_UIToolkitImageTint.cs"
"Assets/NTSD/MoreMountains/MMFeedbacks/MMFeedbacksForThirdParty/UIToolkit/Feedbacks/MMF_UIToolkitOpacity.cs"
"Assets/NTSD/MoreMountains/MMFeedbacks/MMFeedbacksForThirdParty/UIToolkit/Feedbacks/MMF_UIToolkitRotate.cs"
"Assets/NTSD/MoreMountains/MMFeedbacks/MMFeedbacksForThirdParty/UIToolkit/Feedbacks/MMF_UIToolkitScale.cs"
"Assets/NTSD/MoreMountains/MMFeedbacks/MMFeedbacksForThirdParty/UIToolkit/Feedbacks/MMF_UIToolkitSize.cs"
"Assets/NTSD/MoreMountains/MMFeedbacks/MMFeedbacksForThirdParty/UIToolkit/Feedbacks/MMF_UIToolkitStylesheet.cs"
"Assets/NTSD/MoreMountains/MMFeedbacks/MMFeedbacksForThirdParty/UIToolkit/Feedbacks/MMF_UIToolkitText.cs"
"Assets/NTSD/MoreMountains/MMFeedbacks/MMFeedbacksForThirdParty/UIToolkit/Feedbacks/MMF_UIToolkitTextColor.cs"
"Assets/NTSD/MoreMountains/MMFeedbacks/MMFeedbacksForThirdParty/UIToolkit/Feedbacks/MMF_UIToolkitTransformOrigin.cs"
"Assets/NTSD/MoreMountains/MMFeedbacks/MMFeedbacksForThirdParty/UIToolkit/Feedbacks/MMF_UIToolkitTranslate.cs"
"Assets/NTSD/MoreMountains/MMFeedbacks/MMFeedbacksForThirdParty/UIToolkit/Feedbacks/MMF_UIToolkitVisible.cs"
"Assets/NTSD/MoreMountains/MMFeedbacks/MMFeedbacksForThirdParty/VisualEffectGraph/Feedbacks/MMF_VisualEffect.cs"
"Assets/NTSD/MoreMountains/MMFeedbacks/MMFeedbacksForThirdParty/VisualEffectGraph/Feedbacks/MMF_VisualEffectSetProperty.cs"
"Assets/NTSD/MoreMountains/MMTools/Accessories/MMActivation/MMActivationOnStart.cs"
"Assets/NTSD/MoreMountains/MMTools/Accessories/MMActivation/MMApplicationPlatformActivation.cs"
"Assets/NTSD/MoreMountains/MMTools/Accessories/MMActivation/MMAutoExecution.cs"
"Assets/NTSD/MoreMountains/MMTools/Accessories/MMActivation/MMConditionalActivation.cs"
"Assets/NTSD/MoreMountains/MMTools/Accessories/MMActivation/MMDontDestroyOnLoad.cs"
"Assets/NTSD/MoreMountains/MMTools/Accessories/MMActivation/MMOnMouse.cs"
"Assets/NTSD/MoreMountains/MMTools/Accessories/MMActivation/MMParentingOnStart.cs"
"Assets/NTSD/MoreMountains/MMTools/Accessories/MMActivation/MMPeriodicExecution.cs"
"Assets/NTSD/MoreMountains/MMTools/Accessories/MMActivation/MMPlatformActivation.cs"
"Assets/NTSD/MoreMountains/MMTools/Accessories/MMActivation/MMTimedActivation.cs"
"Assets/NTSD/MoreMountains/MMTools/Accessories/MMActivation/MMTimedDestruction.cs"
"Assets/NTSD/MoreMountains/MMTools/Accessories/MMActivation/MMToggleActive.cs"
"Assets/NTSD/MoreMountains/MMTools/Accessories/MMActivation/MMTriggerAndCollision.cs"
"Assets/NTSD/MoreMountains/MMTools/Accessories/MMActivation/MMTriggerAndCollisionFilter.cs"
"Assets/NTSD/MoreMountains/MMTools/Accessories/MMActivation/MMTriggerFilter.cs"
"Assets/NTSD/MoreMountains/MMTools/Accessories/MMCamera/MMAspectRatioSafeZones.cs"
"Assets/NTSD/MoreMountains/MMTools/Accessories/MMCamera/MMBillboard.cs"
"Assets/NTSD/MoreMountains/MMTools/Accessories/MMCamera/MMCameraAspectRatio.cs"
"Assets/NTSD/MoreMountains/MMTools/Accessories/MMCamera/MMCameraFog.cs"
"Assets/NTSD/MoreMountains/MMTools/Accessories/MMCamera/MMOrbitalCamera.cs"
"Assets/NTSD/MoreMountains/MMTools/Accessories/MMCamera/MMViewportEdgeTeleporter.cs"
"Assets/NTSD/MoreMountains/MMTools/Accessories/MMCinemachine/MMCinemachineZone/MMCinemachineZone.cs"
"Assets/NTSD/MoreMountains/MMTools/Accessories/MMCinemachine/MMCinemachineZone/MMCinemachineZone2D.cs"
"Assets/NTSD/MoreMountains/MMTools/Accessories/MMCinemachine/MMGyroParallax/MMGyroParallax.cs"
"Assets/NTSD/MoreMountains/MMTools/Accessories/MMCurves/Plotter/MMPlotter.cs"
"Assets/NTSD/MoreMountains/MMTools/Accessories/MMCurves/Plotter/MMPlotterAxis.cs"
"Assets/NTSD/MoreMountains/MMTools/Accessories/MMCurves/Plotter/MMPlotterGenerator.cs"
"Assets/NTSD/MoreMountains/MMTools/Accessories/MMDebugMenu/Scripts/Commands/MMDebugMenuCommands.cs"
"Assets/NTSD/MoreMountains/MMTools/Accessories/MMDebugMenu/Scripts/Events/MMDebugMenuButtonEvent.cs"
"Assets/NTSD/MoreMountains/MMTools/Accessories/MMDebugMenu/Scripts/Events/MMDebugMenuButtonEventListener.cs"
"Assets/NTSD/MoreMountains/MMTools/Accessories/MMDebugMenu/Scripts/Events/MMDebugMenuCheckboxEvent.cs"
"Assets/NTSD/MoreMountains/MMTools/Accessories/MMDebugMenu/Scripts/Events/MMDebugMenuCheckboxEventListener.cs"
"Assets/NTSD/MoreMountains/MMTools/Accessories/MMDebugMenu/Scripts/Events/MMDebugMenuSliderEvent.cs"
"Assets/NTSD/MoreMountains/MMTools/Accessories/MMDebugMenu/Scripts/Events/MMDebugMenuSliderEventListener.cs"
"Assets/NTSD/MoreMountains/MMTools/Accessories/MMDebugMenu/Scripts/MMDebugMenu.cs"
"Assets/NTSD/MoreMountains/MMTools/Accessories/MMDebugMenu/Scripts/MMDebugMenuData.cs"
"Assets/NTSD/MoreMountains/MMTools/Accessories/MMDebugMenu/Scripts/MMDebugMenuItems/MMDebugMenuItemButton.cs"
"Assets/NTSD/MoreMountains/MMTools/Accessories/MMDebugMenu/Scripts/MMDebugMenuItems/MMDebugMenuItemCheckbox.cs"
"Assets/NTSD/MoreMountains/MMTools/Accessories/MMDebugMenu/Scripts/MMDebugMenuItems/MMDebugMenuItemChoices.cs"
"Assets/NTSD/MoreMountains/MMTools/Accessories/MMDebugMenu/Scripts/MMDebugMenuItems/MMDebugMenuItemSlider.cs"
"Assets/NTSD/MoreMountains/MMTools/Accessories/MMDebugMenu/Scripts/MMDebugMenuItems/MMDebugMenuItemText.cs"
"Assets/NTSD/MoreMountains/MMTools/Accessories/MMDebugMenu/Scripts/MMDebugMenuItems/MMDebugMenuItemTitle.cs"
"Assets/NTSD/MoreMountains/MMTools/Accessories/MMDebugMenu/Scripts/MMDebugMenuItems/MMDebugMenuItemValue.cs"
"Assets/NTSD/MoreMountains/MMTools/Accessories/MMDebugMenu/Scripts/MMDebugTouchDisplay.cs"
"Assets/NTSD/MoreMountains/MMTools/Accessories/MMDebugMenu/Scripts/Tabs/MMDebugMenuDebugTab.cs"
"Assets/NTSD/MoreMountains/MMTools/Accessories/MMDebugMenu/Scripts/Tabs/MMDebugMenuTab.cs"
"Assets/NTSD/MoreMountains/MMTools/Accessories/MMDebugMenu/Scripts/Tabs/MMDebugMenuTabContents.cs"
"Assets/NTSD/MoreMountains/MMTools/Accessories/MMDebugMenu/Scripts/Tabs/MMDebugMenuTabManager.cs"
"Assets/NTSD/MoreMountains/MMTools/Accessories/MMDebugMenu/Scripts/UIClasses/MMDebugMenuRadioButton.cs"
"Assets/NTSD/MoreMountains/MMTools/Accessories/MMDebugMenu/Scripts/UIClasses/MMDebugMenuSpriteReplace.cs"
"Assets/NTSD/MoreMountains/MMTools/Accessories/MMDebugMenu/Scripts/UIClasses/MMDebugMenuSwitch.cs"
"Assets/NTSD/MoreMountains/MMTools/Accessories/MMGizmos/MMGizmo.cs"
"Assets/NTSD/MoreMountains/MMTools/Accessories/MMGUI/MMCountdown.cs"
"Assets/NTSD/MoreMountains/MMTools/Accessories/MMGUI/MMCursorVisible.cs"
"Assets/NTSD/MoreMountains/MMTools/Accessories/MMGUI/MMGetFocusOnEnable.cs"
"Assets/NTSD/MoreMountains/MMTools/Accessories/MMGUI/MMHealthBar.cs"
"Assets/NTSD/MoreMountains/MMTools/Accessories/MMGUI/MMOnPointer.cs"
"Assets/NTSD/MoreMountains/MMTools/Accessories/MMGUI/MMParallaxUI.cs"
"Assets/NTSD/MoreMountains/MMTools/Accessories/MMGUI/MMProgressBarDemoAuto.cs"
"Assets/NTSD/MoreMountains/MMTools/Accessories/MMGUI/MMPSBToUIConverter.cs"
"Assets/NTSD/MoreMountains/MMTools/Accessories/MMGUI/MMRadialProgressBar.cs"
"Assets/NTSD/MoreMountains/MMTools/Accessories/MMGUI/MMRaycastTarget.cs"
"Assets/NTSD/MoreMountains/MMTools/Accessories/MMGUI/MMSceneName.cs"
"Assets/NTSD/MoreMountains/MMTools/Accessories/MMGUI/MMSelectionBase.cs"
"Assets/NTSD/MoreMountains/MMTools/Accessories/MMGUI/MMSliderStep.cs"
"Assets/NTSD/MoreMountains/MMTools/Accessories/MMGUI/MMTwoSidedUI.cs"
"Assets/NTSD/MoreMountains/MMTools/Accessories/MMGUI/MMUIFollowMouse.cs"
"Assets/NTSD/MoreMountains/MMTools/Accessories/MMGUI/SelectionBase.cs"
"Assets/NTSD/MoreMountains/MMTools/Accessories/MMGyroscope/MMGyroscope.cs"
"Assets/NTSD/MoreMountains/MMTools/Accessories/MMInput/MMAutoInputModule.cs"
"Assets/NTSD/MoreMountains/MMTools/Accessories/MMInstantiation/MMRandomBoundsInstantiator.cs"
"Assets/NTSD/MoreMountains/MMTools/Accessories/MMInstantiation/MMRandomInstantiator.cs"
"Assets/NTSD/MoreMountains/MMTools/Accessories/MMInstantiation/MMSpawnAround.cs"
"Assets/NTSD/MoreMountains/MMTools/Accessories/MMInstantiation/MMSpawnAroundTester.cs"
"Assets/NTSD/MoreMountains/MMTools/Accessories/MMMovement/MMAim.cs"
"Assets/NTSD/MoreMountains/MMTools/Accessories/MMMovement/MMAutoRotate.cs"
"Assets/NTSD/MoreMountains/MMTools/Accessories/MMMovement/MMFaceDirection.cs"
"Assets/NTSD/MoreMountains/MMTools/Accessories/MMMovement/MMPathMovement/MMPath.cs"
"Assets/NTSD/MoreMountains/MMTools/Accessories/MMMovement/MMPathMovement/MMPathMovement.cs"
"Assets/NTSD/MoreMountains/MMTools/Accessories/MMMovement/MMPositionRecorder.cs"
"Assets/NTSD/MoreMountains/MMTools/Accessories/MMMovement/MMPreventPassingThrough.cs"
"Assets/NTSD/MoreMountains/MMTools/Accessories/MMMovement/MMPreventPassingThrough2D.cs"
"Assets/NTSD/MoreMountains/MMTools/Accessories/MMMovement/MMSquashAndStretch.cs"
"Assets/NTSD/MoreMountains/MMTools/Accessories/MMMovement/MMStayInPlace.cs"
"Assets/NTSD/MoreMountains/MMTools/Accessories/MMParticles/MMAutoDestroyParticleSystem.cs"
"Assets/NTSD/MoreMountains/MMTools/Accessories/MMParticles/MMChangeFogColor.cs"
"Assets/NTSD/MoreMountains/MMTools/Accessories/MMParticles/MMDelayParticles.cs"
"Assets/NTSD/MoreMountains/MMTools/Accessories/MMParticles/MMRendererSortingLayer.cs"
"Assets/NTSD/MoreMountains/MMTools/Accessories/MMParticles/MMRuntimeParticleControl.cs"
"Assets/NTSD/MoreMountains/MMTools/Accessories/MMParticles/MMTrailRendererSortingLayer.cs"
"Assets/NTSD/MoreMountains/MMTools/Accessories/MMParticles/MMVisibleParticle.cs"
"Assets/NTSD/MoreMountains/MMTools/Accessories/MMPerformance/MMFPSCounter.cs"
"Assets/NTSD/MoreMountains/MMTools/Accessories/MMPerformance/MMFPSUnlock.cs"
"Assets/NTSD/MoreMountains/MMTools/Accessories/MMPerformance/MMSpeedTest.cs"
"Assets/NTSD/MoreMountains/MMTools/Accessories/MMPhysics/MMRigidbodyCenterOfMass.cs"
"Assets/NTSD/MoreMountains/MMTools/Accessories/MMPhysics/MMRigidbodyInterface.cs"
"Assets/NTSD/MoreMountains/MMTools/Accessories/MMProcedural/MMGridGenerators/MMGridGenerator.cs"
"Assets/NTSD/MoreMountains/MMTools/Accessories/MMProcedural/MMGridGenerators/MMGridGeneratorFull.cs"
"Assets/NTSD/MoreMountains/MMTools/Accessories/MMProcedural/MMGridGenerators/MMGridGeneratorPath.cs"
"Assets/NTSD/MoreMountains/MMTools/Accessories/MMProcedural/MMGridGenerators/MMGridGeneratorPerlinNoise.cs"
"Assets/NTSD/MoreMountains/MMTools/Accessories/MMProcedural/MMGridGenerators/MMGridGeneratorPerlinNoiseGround.cs"
"Assets/NTSD/MoreMountains/MMTools/Accessories/MMProcedural/MMGridGenerators/MMGridGeneratorRandom.cs"
"Assets/NTSD/MoreMountains/MMTools/Accessories/MMProcedural/MMGridGenerators/MMGridGeneratorRandomWalk.cs"
"Assets/NTSD/MoreMountains/MMTools/Accessories/MMProcedural/MMGridGenerators/MMGridGeneratorRandomWalkAvoider.cs"
"Assets/NTSD/MoreMountains/MMTools/Accessories/MMProcedural/MMGridGenerators/MMGridGeneratorRandomWalkGround.cs"
"Assets/NTSD/MoreMountains/MMTools/Accessories/MMProcedural/MMTilemapGenerator/MMTilemapGenerator.cs"
"Assets/NTSD/MoreMountains/MMTools/Accessories/MMProcedural/MMTilemapGenerator/MMTilemapGeneratorLayer.cs"
"Assets/NTSD/MoreMountains/MMTools/Accessories/MMSprites/BezierLineRenderer/MMBezierLineRenderer.cs"
"Assets/NTSD/MoreMountains/MMTools/Accessories/MMSprites/MMAutoOrderInLayer.cs"
"Assets/NTSD/MoreMountains/MMTools/Accessories/MMSprites/MMLineRendererCircle.cs"
"Assets/NTSD/MoreMountains/MMTools/Accessories/MMSprites/MMLineRendererDriver.cs"
"Assets/NTSD/MoreMountains/MMTools/Accessories/MMTilemaps/MMTilemap.cs"
"Assets/NTSD/MoreMountains/MMTools/Accessories/MMTilemaps/MMTilemapBoolean.cs"
"Assets/NTSD/MoreMountains/MMTools/Accessories/MMTilemaps/MMTilemapCleaner.cs"
"Assets/NTSD/MoreMountains/MMTools/Accessories/MMTilemaps/MMTilemapGridRenderer.cs"
"Assets/NTSD/MoreMountains/MMTools/Accessories/MMTilemaps/MMTilemapShadow.cs"
"Assets/NTSD/MoreMountains/MMTools/Accessories/MMUtilities/MMApplicationQuit.cs"
"Assets/NTSD/MoreMountains/MMTools/Accessories/MMUtilities/MMDebugController.cs"
"Assets/NTSD/MoreMountains/MMTools/Accessories/MMUtilities/MMLayer.cs"
"Assets/NTSD/MoreMountains/MMTools/Accessories/MMUtilities/MMOpenURL.cs"
"Assets/NTSD/MoreMountains/MMTools/Accessories/MMUtilities/MMSceneRestarter.cs"
"Assets/NTSD/MoreMountains/MMTools/Accessories/MMUtilities/MMSceneViewIcon.cs"
"Assets/NTSD/MoreMountains/MMTools/Accessories/MMUtilities/MMScreenshot.cs"
"Assets/NTSD/MoreMountains/MMTools/Accessories/MMUtilities/MMTransformRandomizer.cs"
"Assets/NTSD/MoreMountains/MMTools/Accessories/MMVFX/Scripts/MMPanningTexture.cs"
"Assets/NTSD/MoreMountains/MMTools/Accessories/MMVision/MMConeOfVision.cs"
"Assets/NTSD/MoreMountains/MMTools/Accessories/MMVision/MMConeOfVision2D.cs"
"Assets/NTSD/MoreMountains/MMTools/Core/MMAttributes/EnumFlagsAttribute.cs"
"Assets/NTSD/MoreMountains/MMTools/Core/MMAttributes/InspectorTextDrawer.cs"
"Assets/NTSD/MoreMountains/MMTools/Core/MMAttributes/MMBackgroundColorAttribute.cs"
"Assets/NTSD/MoreMountains/MMTools/Core/MMAttributes/MMColorAttribute.cs"
"Assets/NTSD/MoreMountains/MMTools/Core/MMAttributes/MMConditionAttribute.cs"
"Assets/NTSD/MoreMountains/MMTools/Core/MMAttributes/MMDebugLogCommandArgumentCountAttribute.cs"
"Assets/NTSD/MoreMountains/MMTools/Core/MMAttributes/MMDebugLogCommandAttribute.cs"
"Assets/NTSD/MoreMountains/MMTools/Core/MMAttributes/MMDropdownAttribute.cs"
"Assets/NTSD/MoreMountains/MMTools/Core/MMAttributes/MMEnumConditionAttribute.cs"
"Assets/NTSD/MoreMountains/MMTools/Core/MMAttributes/MMExecutionOrderAttribute.cs"
"Assets/NTSD/MoreMountains/MMTools/Core/MMAttributes/MMHiddenAttribute.cs"
"Assets/NTSD/MoreMountains/MMTools/Core/MMAttributes/MMHiddenPropertiesAttribute.cs"
"Assets/NTSD/MoreMountains/MMTools/Core/MMAttributes/MMInformationAttribute.cs"
"Assets/NTSD/MoreMountains/MMTools/Core/MMAttributes/MMInspectorButtonAttribute.cs"
"Assets/NTSD/MoreMountains/MMTools/Core/MMAttributes/MMInspectorButtonBarAttribute.cs"
"Assets/NTSD/MoreMountains/MMTools/Core/MMAttributes/MMInspectorGroupAttribute.cs"
"Assets/NTSD/MoreMountains/MMTools/Core/MMAttributes/MMMonoBehaviour.cs"
"Assets/NTSD/MoreMountains/MMTools/Core/MMAttributes/MMNavMeshAreaMaskAttribute.cs"
"Assets/NTSD/MoreMountains/MMTools/Core/MMAttributes/MMReadOnlyAttribute.cs"
"Assets/NTSD/MoreMountains/MMTools/Core/MMAttributes/MMReadOnlyWhenPlayingAttribute.cs"
"Assets/NTSD/MoreMountains/MMTools/Core/MMAttributes/MMRequiresConstantRepaintAttribute.cs"
"Assets/NTSD/MoreMountains/MMTools/Core/MMAttributes/MMRequiresConstantRepaintOnlyWhenPlayingAttribute.cs"
"Assets/NTSD/MoreMountains/MMTools/Core/MMAttributes/MMVectorAttribute.cs"
"Assets/NTSD/MoreMountains/MMTools/Core/MMAudio/AudioAnalyzer/MMAudioAnalyzer.cs"
"Assets/NTSD/MoreMountains/MMTools/Core/MMAudio/MMAudioEvents/MMAudioEvents.cs"
"Assets/NTSD/MoreMountains/MMTools/Core/MMAudio/MMAudioListener/MMAudioListener.cs"
"Assets/NTSD/MoreMountains/MMTools/Core/MMAudio/MMPlaylist/MMPlaylist.cs"
"Assets/NTSD/MoreMountains/MMTools/Core/MMAudio/MMPlaylist/MMPlaylistRemote.cs"
"Assets/NTSD/MoreMountains/MMTools/Core/MMAudio/MMSMPlaylist/MMSMPlaylist.cs"
"Assets/NTSD/MoreMountains/MMTools/Core/MMAudio/MMSMPlaylist/MMSMPlaylistManager.cs"
"Assets/NTSD/MoreMountains/MMTools/Core/MMAudio/MMSoundManager/Events/MMSoundManagerAllSoundsControlEvent.cs"
"Assets/NTSD/MoreMountains/MMTools/Core/MMAudio/MMSoundManager/Events/MMSoundManagerEvent.cs"
"Assets/NTSD/MoreMountains/MMTools/Core/MMAudio/MMSoundManager/Events/MMSoundManagerSoundControlEvent.cs"
"Assets/NTSD/MoreMountains/MMTools/Core/MMAudio/MMSoundManager/Events/MMSoundManagerSoundFadeEvent.cs"
"Assets/NTSD/MoreMountains/MMTools/Core/MMAudio/MMSoundManager/Events/MMSoundManagerSoundPlayEvent.cs"
"Assets/NTSD/MoreMountains/MMTools/Core/MMAudio/MMSoundManager/Events/MMSoundManagerTrackEvent.cs"
"Assets/NTSD/MoreMountains/MMTools/Core/MMAudio/MMSoundManager/Events/MMSoundManagerTrackFadeEvent.cs"
"Assets/NTSD/MoreMountains/MMTools/Core/MMAudio/MMSoundManager/MMSoundManager.cs"
"Assets/NTSD/MoreMountains/MMTools/Core/MMAudio/MMSoundManager/MMSoundManagerAudioPool.cs"
"Assets/NTSD/MoreMountains/MMTools/Core/MMAudio/MMSoundManager/MMSoundManagerPlayOptions.cs"
"Assets/NTSD/MoreMountains/MMTools/Core/MMAudio/MMSoundManager/MMSoundManagerSettings.cs"
"Assets/NTSD/MoreMountains/MMTools/Core/MMAudio/MMSoundManager/MMSoundManagerSettingsSO.cs"
"Assets/NTSD/MoreMountains/MMTools/Core/MMAudio/MMSoundManager/MMSoundManagerSound.cs"
"Assets/NTSD/MoreMountains/MMTools/Core/MMAudio/MMSoundManager/MMSoundManagerTrackVolumeSlider.cs"
"Assets/NTSD/MoreMountains/MMTools/Core/MMEvents/MMEventManager.cs"
"Assets/NTSD/MoreMountains/MMTools/Core/MMEvents/MMGameEventListener.cs"
"Assets/NTSD/MoreMountains/MMTools/Core/MMExtensions/MMAnimatorExtensions.cs"
"Assets/NTSD/MoreMountains/MMTools/Core/MMExtensions/MMArrayExtensions.cs"
"Assets/NTSD/MoreMountains/MMTools/Core/MMExtensions/MMBoundsExtensions.cs"
"Assets/NTSD/MoreMountains/MMTools/Core/MMExtensions/MMCameraExtensions.cs"
"Assets/NTSD/MoreMountains/MMTools/Core/MMExtensions/MMColorExtensions.cs"
"Assets/NTSD/MoreMountains/MMTools/Core/MMExtensions/MMDictionaryExtensions.cs"
"Assets/NTSD/MoreMountains/MMTools/Core/MMExtensions/MMFloatExtensions.cs"
"Assets/NTSD/MoreMountains/MMTools/Core/MMExtensions/MMGameObjectExtensions.cs"
"Assets/NTSD/MoreMountains/MMTools/Core/MMExtensions/MMLayermaskExtensions.cs"
"Assets/NTSD/MoreMountains/MMTools/Core/MMExtensions/MMListExtensions.cs"
"Assets/NTSD/MoreMountains/MMTools/Core/MMExtensions/MMRectExtensions.cs"
"Assets/NTSD/MoreMountains/MMTools/Core/MMExtensions/MMRectTransformExtensions.cs"
"Assets/NTSD/MoreMountains/MMTools/Core/MMExtensions/MMRendererExtensions.cs"
"Assets/NTSD/MoreMountains/MMTools/Core/MMExtensions/MMScrollRectExtensions.cs"
"Assets/NTSD/MoreMountains/MMTools/Core/MMExtensions/MMSerializedPropertyExtensions.cs"
"Assets/NTSD/MoreMountains/MMTools/Core/MMExtensions/MMTransformExtensions.cs"
"Assets/NTSD/MoreMountains/MMTools/Core/MMExtensions/MMVector2Extensions.cs"
"Assets/NTSD/MoreMountains/MMTools/Core/MMExtensions/MMVector3Extensions.cs"
"Assets/NTSD/MoreMountains/MMTools/Core/MMExtensions/MMVector4Extensions.cs"
"Assets/NTSD/MoreMountains/MMTools/Core/MMHelpers/MMArray.cs"
"Assets/NTSD/MoreMountains/MMTools/Core/MMHelpers/MMCircularList.cs"
"Assets/NTSD/MoreMountains/MMTools/Core/MMHelpers/MMColors.cs"
"Assets/NTSD/MoreMountains/MMTools/Core/MMHelpers/MMConsole.cs"
"Assets/NTSD/MoreMountains/MMTools/Core/MMHelpers/MMCoroutine.cs"
"Assets/NTSD/MoreMountains/MMTools/Core/MMHelpers/MMDebug.cs"
"Assets/NTSD/MoreMountains/MMTools/Core/MMHelpers/MMDebugOnScreenConsole.cs"
"Assets/NTSD/MoreMountains/MMTools/Core/MMHelpers/MMFade.cs"
"Assets/NTSD/MoreMountains/MMTools/Core/MMHelpers/MMGeometry.cs"
"Assets/NTSD/MoreMountains/MMTools/Core/MMHelpers/MMGUI.cs"
"Assets/NTSD/MoreMountains/MMTools/Core/MMHelpers/MMHelpers.cs"
"Assets/NTSD/MoreMountains/MMTools/Core/MMHelpers/MMImage.cs"
"Assets/NTSD/MoreMountains/MMTools/Core/MMHelpers/MMInterval.cs"
"Assets/NTSD/MoreMountains/MMTools/Core/MMHelpers/MMLayers.cs"
"Assets/NTSD/MoreMountains/MMTools/Core/MMHelpers/MMMaths.cs"
"Assets/NTSD/MoreMountains/MMTools/Core/MMHelpers/MMMovement.cs"
"Assets/NTSD/MoreMountains/MMTools/Core/MMHelpers/MMScene.cs"
"Assets/NTSD/MoreMountains/MMTools/Core/MMHelpers/MMSerializableDictionary.cs"
"Assets/NTSD/MoreMountains/MMTools/Core/MMHelpers/MMShufflebag.cs"
"Assets/NTSD/MoreMountains/MMTools/Core/MMHelpers/MMString.cs"
"Assets/NTSD/MoreMountains/MMTools/Core/MMHelpers/MMTime.cs"
"Assets/NTSD/MoreMountains/MMTools/Core/MMObjectPool/MMMultipleObjectPooler.cs"
"Assets/NTSD/MoreMountains/MMTools/Core/MMObjectPool/MMObjectBounds.cs"
"Assets/NTSD/MoreMountains/MMTools/Core/MMObjectPool/MMObjectPool.cs"
"Assets/NTSD/MoreMountains/MMTools/Core/MMObjectPool/MMObjectPooler.cs"
"Assets/NTSD/MoreMountains/MMTools/Core/MMObjectPool/MMPoolableObject.cs"
"Assets/NTSD/MoreMountains/MMTools/Core/MMObjectPool/MMSimpleObjectPooler.cs"
"Assets/NTSD/MoreMountains/MMTools/Core/MMObservable/MMObservable.cs"
"Assets/NTSD/MoreMountains/MMTools/Core/MMPropertyControllers/FloatController.cs"
"Assets/NTSD/MoreMountains/MMTools/Core/MMPropertyControllers/LightController.cs"
"Assets/NTSD/MoreMountains/MMTools/Core/MMPropertyControllers/ShaderController.cs"
"Assets/NTSD/MoreMountains/MMTools/Core/MMPropertyControllers/TransformController.cs"
"Assets/NTSD/MoreMountains/MMTools/Core/MMRadio/MMEmitterReceiver/MMEmmiterReceiver.cs"
"Assets/NTSD/MoreMountains/MMTools/Core/MMRadio/MMProperty/MMProperty.cs"
"Assets/NTSD/MoreMountains/MMTools/Core/MMRadio/MMProperty/MMPropertyLink/MMPropertyLink.cs"
"Assets/NTSD/MoreMountains/MMTools/Core/MMRadio/MMProperty/MMPropertyLink/MMPropertyLinkBool.cs"
"Assets/NTSD/MoreMountains/MMTools/Core/MMRadio/MMProperty/MMPropertyLink/MMPropertyLinkColor.cs"
"Assets/NTSD/MoreMountains/MMTools/Core/MMRadio/MMProperty/MMPropertyLink/MMPropertyLinkFloat.cs"
"Assets/NTSD/MoreMountains/MMTools/Core/MMRadio/MMProperty/MMPropertyLink/MMPropertyLinkInt.cs"
"Assets/NTSD/MoreMountains/MMTools/Core/MMRadio/MMProperty/MMPropertyLink/MMPropertyLinkQuaternion.cs"
"Assets/NTSD/MoreMountains/MMTools/Core/MMRadio/MMProperty/MMPropertyLink/MMPropertyLinkString.cs"
"Assets/NTSD/MoreMountains/MMTools/Core/MMRadio/MMProperty/MMPropertyLink/MMPropertyLinkVector2.cs"
"Assets/NTSD/MoreMountains/MMTools/Core/MMRadio/MMProperty/MMPropertyLink/MMPropertyLinkVector3.cs"
"Assets/NTSD/MoreMountains/MMTools/Core/MMRadio/MMProperty/MMPropertyLink/MMPropertyLinkVector4.cs"
"Assets/NTSD/MoreMountains/MMTools/Core/MMRadio/MMProperty/MMPropertyPicker/MMPropertyEmitter.cs"
"Assets/NTSD/MoreMountains/MMTools/Core/MMRadio/MMProperty/MMPropertyPicker/MMPropertyPicker.cs"
"Assets/NTSD/MoreMountains/MMTools/Core/MMRadio/MMProperty/MMPropertyPicker/MMPropertyReceiver.cs"
"Assets/NTSD/MoreMountains/MMTools/Core/MMRadio/MMRadioBroadcaster.cs"
"Assets/NTSD/MoreMountains/MMTools/Core/MMRadio/MMRadioReceiver.cs"
"Assets/NTSD/MoreMountains/MMTools/Core/MMRadio/MMRadioSignal/MMRadioSignal.cs"
"Assets/NTSD/MoreMountains/MMTools/Core/MMRadio/MMRadioSignal/MMRadioSignalAudioAnalyzer.cs"
"Assets/NTSD/MoreMountains/MMTools/Core/MMRadio/MMRadioSignal/MMRadioSignalGenerator.cs"
"Assets/NTSD/MoreMountains/MMTools/Core/MMReorderableList/Attributes/ReorderableAttribute.cs"
"Assets/NTSD/MoreMountains/MMTools/Core/MMReorderableList/ReorderableArray.cs"
"Assets/NTSD/MoreMountains/MMTools/Core/MMSaveLoad/IMMPersistent.cs"
"Assets/NTSD/MoreMountains/MMTools/Core/MMSaveLoad/MMPersistenceDataStructures.cs"
"Assets/NTSD/MoreMountains/MMTools/Core/MMSaveLoad/MMPersistenceManager.cs"
"Assets/NTSD/MoreMountains/MMTools/Core/MMSaveLoad/MMPersistent.cs"
"Assets/NTSD/MoreMountains/MMTools/Core/MMSaveLoad/MMPersistentBase.cs"
"Assets/NTSD/MoreMountains/MMTools/Core/MMSaveLoad/MMSaveLoadManager.cs"
"Assets/NTSD/MoreMountains/MMTools/Core/MMSaveLoad/MMSaveLoadManagerMethod.cs"
"Assets/NTSD/MoreMountains/MMTools/Core/MMSaveLoad/MMSaveLoadManagerMethodBinary.cs"
"Assets/NTSD/MoreMountains/MMTools/Core/MMSaveLoad/MMSaveLoadManagerMethodBinaryEncrypted.cs"
"Assets/NTSD/MoreMountains/MMTools/Core/MMSaveLoad/MMSaveLoadManagerMethodJson.cs"
"Assets/NTSD/MoreMountains/MMTools/Core/MMSaveLoad/MMSaveLoadManagerMethodJsonEncrypted.cs"
"Assets/NTSD/MoreMountains/MMTools/Core/MMSaveLoad/MMSaveLoadManagerMethods.cs"
"Assets/NTSD/MoreMountains/MMTools/Core/MMSaveLoad/MMSaveLoadTester.cs"
"Assets/NTSD/MoreMountains/MMTools/Core/MMSceneLoading/Scripts/Helpers/MMLoadScene.cs"
"Assets/NTSD/MoreMountains/MMTools/Core/MMSceneLoading/Scripts/Helpers/MMSceneLoadingImageProgress.cs"
"Assets/NTSD/MoreMountains/MMTools/Core/MMSceneLoading/Scripts/Helpers/MMSceneLoadingTextProgress.cs"
"Assets/NTSD/MoreMountains/MMTools/Core/MMSceneLoading/Scripts/Managers/MMAdditiveSceneLoadingManager.cs"
"Assets/NTSD/MoreMountains/MMTools/Core/MMSceneLoading/Scripts/Managers/MMSceneLoadingAntiSpill.cs"
"Assets/NTSD/MoreMountains/MMTools/Core/MMSceneLoading/Scripts/Managers/MMSceneLoadingManager.cs"
"Assets/NTSD/MoreMountains/MMTools/Core/MMSingletons/MMPersistentHumbleSingleton.cs"
"Assets/NTSD/MoreMountains/MMTools/Core/MMSingletons/MMPersistentSingleton.cs"
"Assets/NTSD/MoreMountains/MMTools/Core/MMSingletons/MMReferencedScriptableObject.cs"
"Assets/NTSD/MoreMountains/MMTools/Core/MMSingletons/MMSingleton.cs"
"Assets/NTSD/MoreMountains/MMTools/Core/MMStateMachine/MMStateMachine.cs"
"Assets/NTSD/MoreMountains/MMTools/Core/MMTimeManager/MMTimeManager.cs"
"Assets/NTSD/MoreMountains/MMTools/Core/MMTween/MMAnimationCurveGenerator.cs"
"Assets/NTSD/MoreMountains/MMTools/Core/MMTween/MMFollowTarget.cs"
"Assets/NTSD/MoreMountains/MMTools/Core/MMTween/MMSignal.cs"
"Assets/NTSD/MoreMountains/MMTools/Core/MMTween/MMTween.cs"
"Assets/NTSD/MoreMountains/MMTools/Core/MMTween/MMTweenDefinitions.cs"
"Assets/NTSD/MoreMountains/MMTools/Core/MMTween/MMTweenType.cs"
"Assets/NTSD/MoreMountains/MMTools/Core/MMUI/MMFader.cs"
"Assets/NTSD/MoreMountains/MMTools/Core/MMUI/MMFaderDirectional.cs"
"Assets/NTSD/MoreMountains/MMTools/Core/MMUI/MMFaderRound.cs"
"Assets/NTSD/MoreMountains/MMTools/Core/MMUI/MMProgressBar.cs"
"Assets/NTSD/MoreMountains/MMTools/Demos/MMDebugMenu/MMDebugMenuTestClass.cs"
"Assets/NTSD/MoreMountains/MMTools/Demos/MMObservable/MMObservableDemoObserver.cs"
"Assets/NTSD/MoreMountains/MMTools/Demos/MMObservable/MMObservableDemoObserverAutoSleep.cs"
"Assets/NTSD/MoreMountains/MMTools/Demos/MMObservable/MMObservableDemoSubject.cs"
"Assets/NTSD/MoreMountains/MMTools/Foundation/MMAchievements/Scripts/MMAchievement.cs"
"Assets/NTSD/MoreMountains/MMTools/Foundation/MMAchievements/Scripts/MMAchievementDisplayer.cs"
"Assets/NTSD/MoreMountains/MMTools/Foundation/MMAchievements/Scripts/MMAchievementDisplayItem.cs"
"Assets/NTSD/MoreMountains/MMTools/Foundation/MMAchievements/Scripts/MMAchievementEvent.cs"
"Assets/NTSD/MoreMountains/MMTools/Foundation/MMAchievements/Scripts/MMAchievementList.cs"
"Assets/NTSD/MoreMountains/MMTools/Foundation/MMAchievements/Scripts/MMAchievementManager.cs"
"Assets/NTSD/MoreMountains/MMTools/Foundation/MMAchievements/Scripts/MMAchievementRules.cs"
"Assets/NTSD/MoreMountains/MMTools/Foundation/MMAchievements/Scripts/SerializedMMAchievementManager.cs"
"Assets/NTSD/MoreMountains/MMTools/Foundation/MMAI/AIAction.cs"
"Assets/NTSD/MoreMountains/MMTools/Foundation/MMAI/AIBrain.cs"
"Assets/NTSD/MoreMountains/MMTools/Foundation/MMAI/AIDecision.cs"
"Assets/NTSD/MoreMountains/MMTools/Foundation/MMAI/AIState.cs"
"Assets/NTSD/MoreMountains/MMTools/Foundation/MMAI/AITransition.cs"
"Assets/NTSD/MoreMountains/MMTools/Foundation/MMAnimation/MMAnimationModifier.cs"
"Assets/NTSD/MoreMountains/MMTools/Foundation/MMAnimation/MMAnimationParameter.cs"
"Assets/NTSD/MoreMountains/MMTools/Foundation/MMAnimation/MMAnimatorMirror.cs"
"Assets/NTSD/MoreMountains/MMTools/Foundation/MMAnimation/MMOffsetAnimation.cs"
"Assets/NTSD/MoreMountains/MMTools/Foundation/MMAnimation/MMRagdoller.cs"
"Assets/NTSD/MoreMountains/MMTools/Foundation/MMAnimation/MMRagdollerIgnore.cs"
"Assets/NTSD/MoreMountains/MMTools/Foundation/MMAnimation/MMStopMotionAnimation.cs"
"Assets/NTSD/MoreMountains/MMTools/Foundation/MMControls/MMControlsTestInputManager.cs"
"Assets/NTSD/MoreMountains/MMTools/Foundation/MMControls/MMSwipeZone.cs"
"Assets/NTSD/MoreMountains/MMTools/Foundation/MMControls/MMTouchAxis.cs"
"Assets/NTSD/MoreMountains/MMTools/Foundation/MMControls/MMTouchButton.cs"
"Assets/NTSD/MoreMountains/MMTools/Foundation/MMControls/MMTouchControls.cs"
"Assets/NTSD/MoreMountains/MMTools/Foundation/MMControls/MMTouchFollowerJoystick.cs"
"Assets/NTSD/MoreMountains/MMTools/Foundation/MMControls/MMTouchJoystick.cs"
"Assets/NTSD/MoreMountains/MMTools/Foundation/MMControls/MMTouchRepositionableJoystick.cs"
"Assets/NTSD/MoreMountains/MMTools/Foundation/MMGhostCamera/MMGhostCamera.cs"
"Assets/NTSD/MoreMountains/MMTools/Foundation/MMLoot/MMLoot.cs"
"Assets/NTSD/MoreMountains/MMTools/Foundation/MMLoot/MMLootTable.cs"
"Assets/NTSD/MoreMountains/MMTools/Foundation/MMLoot/MMLootTableGameObjectSO.cs"
"Assets/NTSD/MoreMountains/MMTools/Foundation/MMTime/MMCooldown.cs"
-langversion:9.0
/deterministic
/optimize-
/debug:portable
/nologo
/RuntimeMetadataVersion:v4.0.30319
/nowarn:0169
/nowarn:0649
/nowarn:0282
/nowarn:1701
/nowarn:1702
/utf8output
/preferreduilang:en-US
/additionalfile:"Library/Bee/artifacts/1900b0aEDbg.dag/MoreMountains.Tools.UnityAdditionalFile.txt"
##### Custom Environment Variables
DOTNET_MULTILEVEL_LOOKUP=0
##### ExitCode
1
##### Output
Assets\NTSD\MoreMountains\MMTools\Core\MMHelpers\MMFade.cs(2,7): error CS0246: The type or namespace name 'TMPro' could not be found (are you missing a using directive or an assembly reference?)
*** Tundra build failed (4.13 seconds), 45 items updated, 199 evaluated
## Script Compilation Error for: Csc Library/Bee/artifacts/1900b0aEDbg.dag/ProCamera2D.Runtime.dll (+2 others)
## CmdLine: "D:\Unity\HubEditor\2022.3.34f1\Editor\Data\NetCoreRuntime\dotnet.exe" exec "D:/Unity/HubEditor/2022.3.34f1/Editor/Data/DotNetSdkRoslyn/csc.dll" /nostdlib /noconfig /shared "@Library/Bee/artifacts/1900b0aEDbg.dag/ProCamera2D.Runtime.rsp" "@Library/Bee/artifacts/1900b0aEDbg.dag/ProCamera2D.Runtime.rsp2"
## Output:
Assets\Plugins\ProCamera2D\Runtime\Code\Extensions\ProCamera2DPanAndZoom.cs(3,19): error CS0234: The type or namespace name 'EventSystems' does not exist in the namespace 'UnityEngine' (are you missing an assembly reference?)
Assets\Plugins\ProCamera2D\Runtime\Code\Extensions\ProCamera2DPanAndZoom.cs(111,3): error CS0246: The type or namespace name 'EventSystem' could not be found (are you missing a using directive or an assembly reference?)

## Script Compilation Error for: Csc Library/Bee/artifacts/1900b0aEDbg.dag/Sirenix.OdinInspector.Modules.UnityMathematics.dll (+2 others)
## CmdLine: "D:\Unity\HubEditor\2022.3.34f1\Editor\Data\NetCoreRuntime\dotnet.exe" exec "D:/Unity/HubEditor/2022.3.34f1/Editor/Data/DotNetSdkRoslyn/csc.dll" /nostdlib /noconfig /shared "@Library/Bee/artifacts/1900b0aEDbg.dag/Sirenix.OdinInspector.Modules.UnityMathematics.rsp" "@Library/Bee/artifacts/1900b0aEDbg.dag/Sirenix.OdinInspector.Modules.UnityMathematics.rsp2"
## Output:
Assets\Plugins\Sirenix\Odin Inspector\Modules\Unity.Mathematics\MathematicsDrawers.cs(16,17): error CS0234: The type or namespace name 'Mathematics' does not exist in the namespace 'Unity' (are you missing an assembly reference?)
Assets\Plugins\Sirenix\Odin Inspector\Modules\Unity.Mathematics\MathematicsDrawers.cs(53,65): error CS0246: The type or namespace name 'int2x3' could not be found (are you missing a using directive or an assembly reference?)
Assets\Plugins\Sirenix\Odin Inspector\Modules\Unity.Mathematics\MathematicsDrawers.cs(46,66): error CS0246: The type or namespace name 'bool2x4' could not be found (are you missing a using directive or an assembly reference?)
Assets\Plugins\Sirenix\Odin Inspector\Modules\Unity.Mathematics\MathematicsDrawers.cs(30,68): error CS0246: The type or namespace name 'double2x2' could not be found (are you missing a using directive or an assembly reference?)
Assets\Plugins\Sirenix\Odin Inspector\Modules\Unity.Mathematics\MathematicsDrawers.cs(60,66): error CS0246: The type or namespace name 'uint2x2' could not be found (are you missing a using directive or an assembly reference?)
Assets\Plugins\Sirenix\Odin Inspector\Modules\Unity.Mathematics\MathematicsDrawers.cs(184,48): error CS0246: The type or namespace name 'bool4' could not be found (are you missing a using directive or an assembly reference?)
Assets\Plugins\Sirenix\Odin Inspector\Modules\Unity.Mathematics\MathematicsDrawers.cs(20,67): error CS0246: The type or namespace name 'float2x2' could not be found (are you missing a using directive or an assembly reference?)
Assets\Plugins\Sirenix\Odin Inspector\Modules\Unity.Mathematics\MathematicsDrawers.cs(66,66): error CS0246: The type or namespace name 'uint2x4' could not be found (are you missing a using directive or an assembly reference?)
Assets\Plugins\Sirenix\Odin Inspector\Modules\Unity.Mathematics\MathematicsDrawers.cs(50,65): error CS0246: The type or namespace name 'int2x2' could not be found (are you missing a using directive or an assembly reference?)
Assets\Plugins\Sirenix\Odin Inspector\Modules\Unity.Mathematics\MathematicsDrawers.cs(33,68): error CS0246: The type or namespace name 'double2x3' could not be found (are you missing a using directive or an assembly reference?)
Assets\Plugins\Sirenix\Odin Inspector\Modules\Unity.Mathematics\MathematicsDrawers.cs(63,66): error CS0246: The type or namespace name 'uint2x3' could not be found (are you missing a using directive or an assembly reference?)
Assets\Plugins\Sirenix\Odin Inspector\Modules\Unity.Mathematics\MathematicsDrawers.cs(23,67): error CS0246: The type or namespace name 'float2x3' could not be found (are you missing a using directive or an assembly reference?)
Assets\Plugins\Sirenix\Odin Inspector\Modules\Unity.Mathematics\MathematicsDrawers.cs(26,67): error CS0246: The type or namespace name 'float2x4' could not be found (are you missing a using directive or an assembly reference?)
Assets\Plugins\Sirenix\Odin Inspector\Modules\Unity.Mathematics\MathematicsDrawers.cs(43,66): error CS0246: The type or namespace name 'bool2x3' could not be found (are you missing a using directive or an assembly reference?)
Assets\Plugins\Sirenix\Odin Inspector\Modules\Unity.Mathematics\MathematicsDrawers.cs(36,68): error CS0246: The type or namespace name 'double2x4' could not be found (are you missing a using directive or an assembly reference?)
Assets\Plugins\Sirenix\Odin Inspector\Modules\Unity.Mathematics\MathematicsDrawers.cs(40,66): error CS0246: The type or namespace name 'bool2x2' could not be found (are you missing a using directive or an assembly reference?)
Assets\Plugins\Sirenix\Odin Inspector\Modules\Unity.Mathematics\MathematicsDrawers.cs(56,65): error CS0246: The type or namespace name 'int2x4' could not be found (are you missing a using directive or an assembly reference?)
Assets\Plugins\Sirenix\Odin Inspector\Modules\Unity.Mathematics\MathematicsDrawers.cs(642,50): error CS0246: The type or namespace name 'double4' could not be found (are you missing a using directive or an assembly reference?)
Assets\Plugins\Sirenix\Odin Inspector\Modules\Unity.Mathematics\MathematicsDrawers.cs(391,49): error CS0246: The type or namespace name 'float4' could not be found (are you missing a using directive or an assembly reference?)
Assets\Plugins\Sirenix\Odin Inspector\Modules\Unity.Mathematics\MathematicsDrawers.cs(109,48): error CS0246: The type or namespace name 'bool2' could not be found (are you missing a using directive or an assembly reference?)
Assets\Plugins\Sirenix\Odin Inspector\Modules\Unity.Mathematics\MathematicsDrawers.cs(57,65): error CS0246: The type or namespace name 'int3x4' could not be found (are you missing a using directive or an assembly reference?)
Assets\Plugins\Sirenix\Odin Inspector\Modules\Unity.Mathematics\MathematicsDrawers.cs(61,66): error CS0246: The type or namespace name 'uint3x2' could not be found (are you missing a using directive or an assembly reference?)
Assets\Plugins\Sirenix\Odin Inspector\Modules\Unity.Mathematics\MathematicsDrawers.cs(67,66): error CS0246: The type or namespace name 'uint3x4' could not be found (are you missing a using directive or an assembly reference?)
Assets\Plugins\Sirenix\Odin Inspector\Modules\Unity.Mathematics\MathematicsDrawers.cs(31,68): error CS0246: The type or namespace name 'double3x2' could not be found (are you missing a using directive or an assembly reference?)
Assets\Plugins\Sirenix\Odin Inspector\Modules\Unity.Mathematics\MathematicsDrawers.cs(47,66): error CS0246: The type or namespace name 'bool3x4' could not be found (are you missing a using directive or an assembly reference?)
Assets\Plugins\Sirenix\Odin Inspector\Modules\Unity.Mathematics\MathematicsDrawers.cs(64,66): error CS0246: The type or namespace name 'uint3x3' could not be found (are you missing a using directive or an assembly reference?)
Assets\Plugins\Sirenix\Odin Inspector\Modules\Unity.Mathematics\MathematicsDrawers.cs(37,68): error CS0246: The type or namespace name 'double3x4' could not be found (are you missing a using directive or an assembly reference?)
Assets\Plugins\Sirenix\Odin Inspector\Modules\Unity.Mathematics\MathematicsDrawers.cs(41,66): error CS0246: The type or namespace name 'bool3x2' could not be found (are you missing a using directive or an assembly reference?)
Assets\Plugins\Sirenix\Odin Inspector\Modules\Unity.Mathematics\MathematicsDrawers.cs(54,65): error CS0246: The type or namespace name 'int3x3' could not be found (are you missing a using directive or an assembly reference?)
Assets\Plugins\Sirenix\Odin Inspector\Modules\Unity.Mathematics\MathematicsDrawers.cs(21,67): error CS0246: The type or namespace name 'float3x2' could not be found (are you missing a using directive or an assembly reference?)
Assets\Plugins\Sirenix\Odin Inspector\Modules\Unity.Mathematics\MathematicsDrawers.cs(51,65): error CS0246: The type or namespace name 'int3x2' could not be found (are you missing a using directive or an assembly reference?)
Assets\Plugins\Sirenix\Odin Inspector\Modules\Unity.Mathematics\MathematicsDrawers.cs(24,67): error CS0246: The type or namespace name 'float3x3' could not be found (are you missing a using directive or an assembly reference?)
Assets\Plugins\Sirenix\Odin Inspector\Modules\Unity.Mathematics\MathematicsDrawers.cs(44,66): error CS0246: The type or namespace name 'bool3x3' could not be found (are you missing a using directive or an assembly reference?)
Assets\Plugins\Sirenix\Odin Inspector\Modules\Unity.Mathematics\MathematicsDrawers.cs(34,68): error CS0246: The type or namespace name 'double3x3' could not be found (are you missing a using directive or an assembly reference?)
Assets\Plugins\Sirenix\Odin Inspector\Modules\Unity.Mathematics\MathematicsDrawers.cs(32,68): error CS0246: The type or namespace name 'double4x2' could not be found (are you missing a using directive or an assembly reference?)
Assets\Plugins\Sirenix\Odin Inspector\Modules\Unity.Mathematics\MathematicsDrawers.cs(62,66): error CS0246: The type or namespace name 'uint4x2' could not be found (are you missing a using directive or an assembly reference?)
Assets\Plugins\Sirenix\Odin Inspector\Modules\Unity.Mathematics\MathematicsDrawers.cs(38,68): error CS0246: The type or namespace name 'double4x4' could not be found (are you missing a using directive or an assembly reference?)
Assets\Plugins\Sirenix\Odin Inspector\Modules\Unity.Mathematics\MathematicsDrawers.cs(68,66): error CS0246: The type or namespace name 'uint4x4' could not be found (are you missing a using directive or an assembly reference?)
Assets\Plugins\Sirenix\Odin Inspector\Modules\Unity.Mathematics\MathematicsDrawers.cs(48,66): error CS0246: The type or namespace name 'bool4x4' could not be found (are you missing a using directive or an assembly reference?)
Assets\Plugins\Sirenix\Odin Inspector\Modules\Unity.Mathematics\MathematicsDrawers.cs(58,65): error CS0246: The type or namespace name 'int4x4' could not be found (are you missing a using directive or an assembly reference?)
Assets\Plugins\Sirenix\Odin Inspector\Modules\Unity.Mathematics\MathematicsDrawers.cs(22,67): error CS0246: The type or namespace name 'float4x2' could not be found (are you missing a using directive or an assembly reference?)
Assets\Plugins\Sirenix\Odin Inspector\Modules\Unity.Mathematics\MathematicsDrawers.cs(52,65): error CS0246: The type or namespace name 'int4x2' could not be found (are you missing a using directive or an assembly reference?)
Assets\Plugins\Sirenix\Odin Inspector\Modules\Unity.Mathematics\MathematicsDrawers.cs(42,66): error CS0246: The type or namespace name 'bool4x2' could not be found (are you missing a using directive or an assembly reference?)
Assets\Plugins\Sirenix\Odin Inspector\Modules\Unity.Mathematics\MathematicsDrawers.cs(25,67): error CS0246: The type or namespace name 'float4x3' could not be found (are you missing a using directive or an assembly reference?)
Assets\Plugins\Sirenix\Odin Inspector\Modules\Unity.Mathematics\MathematicsDrawers.cs(55,65): error CS0246: The type or namespace name 'int4x3' could not be found (are you missing a using directive or an assembly reference?)
Assets\Plugins\Sirenix\Odin Inspector\Modules\Unity.Mathematics\MathematicsDrawers.cs(35,68): error CS0246: The type or namespace name 'double4x3' could not be found (are you missing a using directive or an assembly reference?)
Assets\Plugins\Sirenix\Odin Inspector\Modules\Unity.Mathematics\MathematicsDrawers.cs(45,66): error CS0246: The type or namespace name 'bool4x3' could not be found (are you missing a using directive or an assembly reference?)
Assets\Plugins\Sirenix\Odin Inspector\Modules\Unity.Mathematics\MathematicsDrawers.cs(65,66): error CS0246: The type or namespace name 'uint4x3' could not be found (are you missing a using directive or an assembly reference?)
Assets\Plugins\Sirenix\Odin Inspector\Modules\Unity.Mathematics\MathematicsDrawers.cs(226,49): error CS0246: The type or namespace name 'float2' could not be found (are you missing a using directive or an assembly reference?)
Assets\Plugins\Sirenix\Odin Inspector\Modules\Unity.Mathematics\MathematicsDrawers.cs(727,47): error CS0246: The type or namespace name 'int2' could not be found (are you missing a using directive or an assembly reference?)
Assets\Plugins\Sirenix\Odin Inspector\Modules\Unity.Mathematics\MathematicsDrawers.cs(477,50): error CS0246: The type or namespace name 'double2' could not be found (are you missing a using directive or an assembly reference?)
Assets\Plugins\Sirenix\Odin Inspector\Modules\Unity.Mathematics\MathematicsDrawers.cs(778,47): error CS0246: The type or namespace name 'int4' could not be found (are you missing a using directive or an assembly reference?)
Assets\Plugins\Sirenix\Odin Inspector\Modules\Unity.Mathematics\MathematicsDrawers.cs(856,48): error CS0246: The type or namespace name 'uint4' could not be found (are you missing a using directive or an assembly reference?)
Assets\Plugins\Sirenix\Odin Inspector\Modules\Unity.Mathematics\MathematicsDrawers.cs(27,67): error CS0246: The type or namespace name 'float3x4' could not be found (are you missing a using directive or an assembly reference?)
Assets\Plugins\Sirenix\Odin Inspector\Modules\Unity.Mathematics\MathematicsDrawers.cs(28,67): error CS0246: The type or namespace name 'float4x4' could not be found (are you missing a using directive or an assembly reference?)
Assets\Plugins\Sirenix\Odin Inspector\Modules\Unity.Mathematics\MathematicsDrawers.cs(145,48): error CS0246: The type or namespace name 'bool3' could not be found (are you missing a using directive or an assembly reference?)
Assets\Plugins\Sirenix\Odin Inspector\Modules\Unity.Mathematics\MathematicsDrawers.cs(558,50): error CS0246: The type or namespace name 'double3' could not be found (are you missing a using directive or an assembly reference?)
Assets\Plugins\Sirenix\Odin Inspector\Modules\Unity.Mathematics\MathematicsDrawers.cs(752,47): error CS0246: The type or namespace name 'int3' could not be found (are you missing a using directive or an assembly reference?)
Assets\Plugins\Sirenix\Odin Inspector\Modules\Unity.Mathematics\MathematicsDrawers.cs(805,48): error CS0246: The type or namespace name 'uint2' could not be found (are you missing a using directive or an assembly reference?)
Assets\Plugins\Sirenix\Odin Inspector\Modules\Unity.Mathematics\MathematicsDrawers.cs(307,49): error CS0246: The type or namespace name 'float3' could not be found (are you missing a using directive or an assembly reference?)
Assets\Plugins\Sirenix\Odin Inspector\Modules\Unity.Mathematics\MathematicsDrawers.cs(830,48): error CS0246: The type or namespace name 'uint3' could not be found (are you missing a using directive or an assembly reference?)

## Script Compilation Error for: Csc Library/Bee/artifacts/1900b0aEDbg.dag/MoreMountains.Tools.dll (+2 others)
## CmdLine: "D:\Unity\HubEditor\2022.3.34f1\Editor\Data\NetCoreRuntime\dotnet.exe" exec "D:/Unity/HubEditor/2022.3.34f1/Editor/Data/DotNetSdkRoslyn/csc.dll" /nostdlib /noconfig /shared "@Library/Bee/artifacts/1900b0aEDbg.dag/MoreMountains.Tools.rsp" "@Library/Bee/artifacts/1900b0aEDbg.dag/MoreMountains.Tools.rsp2"
## Output:
Assets\NTSD\MoreMountains\MMTools\Core\MMHelpers\MMFade.cs(2,7): error CS0246: The type or namespace name 'TMPro' could not be found (are you missing a using directive or an assembly reference?)

Assets\Plugins\ProCamera2D\Runtime\Code\Extensions\ProCamera2DPanAndZoom.cs(3,19): error CS0234: The type or namespace name 'EventSystems' does not exist in the namespace 'UnityEngine' (are you missing an assembly reference?)
Assets\Plugins\ProCamera2D\Runtime\Code\Extensions\ProCamera2DPanAndZoom.cs(111,3): error CS0246: The type or namespace name 'EventSystem' could not be found (are you missing a using directive or an assembly reference?)
Assets\Plugins\Sirenix\Odin Inspector\Modules\Unity.Mathematics\MathematicsDrawers.cs(16,17): error CS0234: The type or namespace name 'Mathematics' does not exist in the namespace 'Unity' (are you missing an assembly reference?)
Assets\Plugins\Sirenix\Odin Inspector\Modules\Unity.Mathematics\MathematicsDrawers.cs(53,65): error CS0246: The type or namespace name 'int2x3' could not be found (are you missing a using directive or an assembly reference?)
Assets\Plugins\Sirenix\Odin Inspector\Modules\Unity.Mathematics\MathematicsDrawers.cs(46,66): error CS0246: The type or namespace name 'bool2x4' could not be found (are you missing a using directive or an assembly reference?)
Assets\Plugins\Sirenix\Odin Inspector\Modules\Unity.Mathematics\MathematicsDrawers.cs(30,68): error CS0246: The type or namespace name 'double2x2' could not be found (are you missing a using directive or an assembly reference?)
Assets\Plugins\Sirenix\Odin Inspector\Modules\Unity.Mathematics\MathematicsDrawers.cs(60,66): error CS0246: The type or namespace name 'uint2x2' could not be found (are you missing a using directive or an assembly reference?)
Assets\Plugins\Sirenix\Odin Inspector\Modules\Unity.Mathematics\MathematicsDrawers.cs(184,48): error CS0246: The type or namespace name 'bool4' could not be found (are you missing a using directive or an assembly reference?)
Assets\Plugins\Sirenix\Odin Inspector\Modules\Unity.Mathematics\MathematicsDrawers.cs(20,67): error CS0246: The type or namespace name 'float2x2' could not be found (are you missing a using directive or an assembly reference?)
Assets\Plugins\Sirenix\Odin Inspector\Modules\Unity.Mathematics\MathematicsDrawers.cs(66,66): error CS0246: The type or namespace name 'uint2x4' could not be found (are you missing a using directive or an assembly reference?)
Assets\Plugins\Sirenix\Odin Inspector\Modules\Unity.Mathematics\MathematicsDrawers.cs(50,65): error CS0246: The type or namespace name 'int2x2' could not be found (are you missing a using directive or an assembly reference?)
Assets\Plugins\Sirenix\Odin Inspector\Modules\Unity.Mathematics\MathematicsDrawers.cs(33,68): error CS0246: The type or namespace name 'double2x3' could not be found (are you missing a using directive or an assembly reference?)
Assets\Plugins\Sirenix\Odin Inspector\Modules\Unity.Mathematics\MathematicsDrawers.cs(63,66): error CS0246: The type or namespace name 'uint2x3' could not be found (are you missing a using directive or an assembly reference?)
Assets\Plugins\Sirenix\Odin Inspector\Modules\Unity.Mathematics\MathematicsDrawers.cs(23,67): error CS0246: The type or namespace name 'float2x3' could not be found (are you missing a using directive or an assembly reference?)
Assets\Plugins\Sirenix\Odin Inspector\Modules\Unity.Mathematics\MathematicsDrawers.cs(26,67): error CS0246: The type or namespace name 'float2x4' could not be found (are you missing a using directive or an assembly reference?)
Assets\Plugins\Sirenix\Odin Inspector\Modules\Unity.Mathematics\MathematicsDrawers.cs(43,66): error CS0246: The type or namespace name 'bool2x3' could not be found (are you missing a using directive or an assembly reference?)
Assets\Plugins\Sirenix\Odin Inspector\Modules\Unity.Mathematics\MathematicsDrawers.cs(36,68): error CS0246: The type or namespace name 'double2x4' could not be found (are you missing a using directive or an assembly reference?)
Assets\Plugins\Sirenix\Odin Inspector\Modules\Unity.Mathematics\MathematicsDrawers.cs(40,66): error CS0246: The type or namespace name 'bool2x2' could not be found (are you missing a using directive or an assembly reference?)
Assets\Plugins\Sirenix\Odin Inspector\Modules\Unity.Mathematics\MathematicsDrawers.cs(56,65): error CS0246: The type or namespace name 'int2x4' could not be found (are you missing a using directive or an assembly reference?)
Assets\Plugins\Sirenix\Odin Inspector\Modules\Unity.Mathematics\MathematicsDrawers.cs(642,50): error CS0246: The type or namespace name 'double4' could not be found (are you missing a using directive or an assembly reference?)
Assets\Plugins\Sirenix\Odin Inspector\Modules\Unity.Mathematics\MathematicsDrawers.cs(391,49): error CS0246: The type or namespace name 'float4' could not be found (are you missing a using directive or an assembly reference?)
Assets\Plugins\Sirenix\Odin Inspector\Modules\Unity.Mathematics\MathematicsDrawers.cs(109,48): error CS0246: The type or namespace name 'bool2' could not be found (are you missing a using directive or an assembly reference?)
Assets\Plugins\Sirenix\Odin Inspector\Modules\Unity.Mathematics\MathematicsDrawers.cs(57,65): error CS0246: The type or namespace name 'int3x4' could not be found (are you missing a using directive or an assembly reference?)
Assets\Plugins\Sirenix\Odin Inspector\Modules\Unity.Mathematics\MathematicsDrawers.cs(61,66): error CS0246: The type or namespace name 'uint3x2' could not be found (are you missing a using directive or an assembly reference?)
Assets\Plugins\Sirenix\Odin Inspector\Modules\Unity.Mathematics\MathematicsDrawers.cs(67,66): error CS0246: The type or namespace name 'uint3x4' could not be found (are you missing a using directive or an assembly reference?)
Assets\Plugins\Sirenix\Odin Inspector\Modules\Unity.Mathematics\MathematicsDrawers.cs(31,68): error CS0246: The type or namespace name 'double3x2' could not be found (are you missing a using directive or an assembly reference?)
Assets\Plugins\Sirenix\Odin Inspector\Modules\Unity.Mathematics\MathematicsDrawers.cs(47,66): error CS0246: The type or namespace name 'bool3x4' could not be found (are you missing a using directive or an assembly reference?)
Assets\Plugins\Sirenix\Odin Inspector\Modules\Unity.Mathematics\MathematicsDrawers.cs(64,66): error CS0246: The type or namespace name 'uint3x3' could not be found (are you missing a using directive or an assembly reference?)
Assets\Plugins\Sirenix\Odin Inspector\Modules\Unity.Mathematics\MathematicsDrawers.cs(37,68): error CS0246: The type or namespace name 'double3x4' could not be found (are you missing a using directive or an assembly reference?)
Assets\Plugins\Sirenix\Odin Inspector\Modules\Unity.Mathematics\MathematicsDrawers.cs(41,66): error CS0246: The type or namespace name 'bool3x2' could not be found (are you missing a using directive or an assembly reference?)
Assets\Plugins\Sirenix\Odin Inspector\Modules\Unity.Mathematics\MathematicsDrawers.cs(54,65): error CS0246: The type or namespace name 'int3x3' could not be found (are you missing a using directive or an assembly reference?)
Assets\Plugins\Sirenix\Odin Inspector\Modules\Unity.Mathematics\MathematicsDrawers.cs(21,67): error CS0246: The type or namespace name 'float3x2' could not be found (are you missing a using directive or an assembly reference?)
Assets\Plugins\Sirenix\Odin Inspector\Modules\Unity.Mathematics\MathematicsDrawers.cs(51,65): error CS0246: The type or namespace name 'int3x2' could not be found (are you missing a using directive or an assembly reference?)
Assets\Plugins\Sirenix\Odin Inspector\Modules\Unity.Mathematics\MathematicsDrawers.cs(24,67): error CS0246: The type or namespace name 'float3x3' could not be found (are you missing a using directive or an assembly reference?)
Assets\Plugins\Sirenix\Odin Inspector\Modules\Unity.Mathematics\MathematicsDrawers.cs(44,66): error CS0246: The type or namespace name 'bool3x3' could not be found (are you missing a using directive or an assembly reference?)
Assets\Plugins\Sirenix\Odin Inspector\Modules\Unity.Mathematics\MathematicsDrawers.cs(34,68): error CS0246: The type or namespace name 'double3x3' could not be found (are you missing a using directive or an assembly reference?)
Assets\Plugins\Sirenix\Odin Inspector\Modules\Unity.Mathematics\MathematicsDrawers.cs(32,68): error CS0246: The type or namespace name 'double4x2' could not be found (are you missing a using directive or an assembly reference?)
Assets\Plugins\Sirenix\Odin Inspector\Modules\Unity.Mathematics\MathematicsDrawers.cs(62,66): error CS0246: The type or namespace name 'uint4x2' could not be found (are you missing a using directive or an assembly reference?)
Assets\Plugins\Sirenix\Odin Inspector\Modules\Unity.Mathematics\MathematicsDrawers.cs(38,68): error CS0246: The type or namespace name 'double4x4' could not be found (are you missing a using directive or an assembly reference?)
Assets\Plugins\Sirenix\Odin Inspector\Modules\Unity.Mathematics\MathematicsDrawers.cs(68,66): error CS0246: The type or namespace name 'uint4x4' could not be found (are you missing a using directive or an assembly reference?)
Assets\Plugins\Sirenix\Odin Inspector\Modules\Unity.Mathematics\MathematicsDrawers.cs(48,66): error CS0246: The type or namespace name 'bool4x4' could not be found (are you missing a using directive or an assembly reference?)
Assets\Plugins\Sirenix\Odin Inspector\Modules\Unity.Mathematics\MathematicsDrawers.cs(58,65): error CS0246: The type or namespace name 'int4x4' could not be found (are you missing a using directive or an assembly reference?)
Assets\Plugins\Sirenix\Odin Inspector\Modules\Unity.Mathematics\MathematicsDrawers.cs(22,67): error CS0246: The type or namespace name 'float4x2' could not be found (are you missing a using directive or an assembly reference?)
Assets\Plugins\Sirenix\Odin Inspector\Modules\Unity.Mathematics\MathematicsDrawers.cs(52,65): error CS0246: The type or namespace name 'int4x2' could not be found (are you missing a using directive or an assembly reference?)
Assets\Plugins\Sirenix\Odin Inspector\Modules\Unity.Mathematics\MathematicsDrawers.cs(42,66): error CS0246: The type or namespace name 'bool4x2' could not be found (are you missing a using directive or an assembly reference?)
Assets\Plugins\Sirenix\Odin Inspector\Modules\Unity.Mathematics\MathematicsDrawers.cs(25,67): error CS0246: The type or namespace name 'float4x3' could not be found (are you missing a using directive or an assembly reference?)
Assets\Plugins\Sirenix\Odin Inspector\Modules\Unity.Mathematics\MathematicsDrawers.cs(55,65): error CS0246: The type or namespace name 'int4x3' could not be found (are you missing a using directive or an assembly reference?)
Assets\Plugins\Sirenix\Odin Inspector\Modules\Unity.Mathematics\MathematicsDrawers.cs(35,68): error CS0246: The type or namespace name 'double4x3' could not be found (are you missing a using directive or an assembly reference?)
Assets\Plugins\Sirenix\Odin Inspector\Modules\Unity.Mathematics\MathematicsDrawers.cs(45,66): error CS0246: The type or namespace name 'bool4x3' could not be found (are you missing a using directive or an assembly reference?)
Assets\Plugins\Sirenix\Odin Inspector\Modules\Unity.Mathematics\MathematicsDrawers.cs(65,66): error CS0246: The type or namespace name 'uint4x3' could not be found (are you missing a using directive or an assembly reference?)
Assets\Plugins\Sirenix\Odin Inspector\Modules\Unity.Mathematics\MathematicsDrawers.cs(226,49): error CS0246: The type or namespace name 'float2' could not be found (are you missing a using directive or an assembly reference?)
Assets\Plugins\Sirenix\Odin Inspector\Modules\Unity.Mathematics\MathematicsDrawers.cs(727,47): error CS0246: The type or namespace name 'int2' could not be found (are you missing a using directive or an assembly reference?)
Assets\Plugins\Sirenix\Odin Inspector\Modules\Unity.Mathematics\MathematicsDrawers.cs(477,50): error CS0246: The type or namespace name 'double2' could not be found (are you missing a using directive or an assembly reference?)
Assets\Plugins\Sirenix\Odin Inspector\Modules\Unity.Mathematics\MathematicsDrawers.cs(778,47): error CS0246: The type or namespace name 'int4' could not be found (are you missing a using directive or an assembly reference?)
Assets\Plugins\Sirenix\Odin Inspector\Modules\Unity.Mathematics\MathematicsDrawers.cs(856,48): error CS0246: The type or namespace name 'uint4' could not be found (are you missing a using directive or an assembly reference?)
Assets\Plugins\Sirenix\Odin Inspector\Modules\Unity.Mathematics\MathematicsDrawers.cs(27,67): error CS0246: The type or namespace name 'float3x4' could not be found (are you missing a using directive or an assembly reference?)
Assets\Plugins\Sirenix\Odin Inspector\Modules\Unity.Mathematics\MathematicsDrawers.cs(28,67): error CS0246: The type or namespace name 'float4x4' could not be found (are you missing a using directive or an assembly reference?)
Assets\Plugins\Sirenix\Odin Inspector\Modules\Unity.Mathematics\MathematicsDrawers.cs(145,48): error CS0246: The type or namespace name 'bool3' could not be found (are you missing a using directive or an assembly reference?)
Assets\Plugins\Sirenix\Odin Inspector\Modules\Unity.Mathematics\MathematicsDrawers.cs(558,50): error CS0246: The type or namespace name 'double3' could not be found (are you missing a using directive or an assembly reference?)
Assets\Plugins\Sirenix\Odin Inspector\Modules\Unity.Mathematics\MathematicsDrawers.cs(752,47): error CS0246: The type or namespace name 'int3' could not be found (are you missing a using directive or an assembly reference?)
Assets\Plugins\Sirenix\Odin Inspector\Modules\Unity.Mathematics\MathematicsDrawers.cs(805,48): error CS0246: The type or namespace name 'uint2' could not be found (are you missing a using directive or an assembly reference?)
Assets\Plugins\Sirenix\Odin Inspector\Modules\Unity.Mathematics\MathematicsDrawers.cs(307,49): error CS0246: The type or namespace name 'float3' could not be found (are you missing a using directive or an assembly reference?)
Assets\Plugins\Sirenix\Odin Inspector\Modules\Unity.Mathematics\MathematicsDrawers.cs(830,48): error CS0246: The type or namespace name 'uint3' could not be found (are you missing a using directive or an assembly reference?)
Assets\NTSD\MoreMountains\MMTools\Core\MMHelpers\MMFade.cs(2,7): error CS0246: The type or namespace name 'TMPro' could not be found (are you missing a using directive or an assembly reference?)
AssetDatabase: script compilation time: 6.036709s
Scripts have compiler errors.
Exiting without the bug reporter. Application will terminate with return code 1Total cache size 268212962
Total cache size after purge 268212962
