[Licensing::Module] Trying to connect to existing licensing client channel...
[Licensing::IpcConnector] Successfully connected to the License Client on channel: "LicenseClient-Logan" at "2026-07-21T00:14:33.5905224Z"
[Licensing::Client] Error: Code 10 while verifying Licensing Client signature (process Id: 9444, path: "D:/UnityHub/Unity Hub/UnityLicensingClient_V1/Unity.Licensing.Client.exe")
[Licensing::Module] Error: LicensingClient has failed validation; ignoring
[Licensing::Client] Handshaking with LicensingClient:
  Version:                 1.17.0+aa6cfba
  Session Id:              edf40e0ca3144c3e9e841188d30dfe2b
  Correlation Id:          035aaea857d0f91dcf09fa3b15b06911
  External correlation Id: 8165815310506780421
  Machine Id:              YnCgJ/3eXfqj/pKKnk6cl38u0EY=
[Licensing::Module] Successfully connected to LicensingClient on channel: "LicenseClient-Logan" (connect: 0.00s, validation: 0.01s, handshake: 0.17s)
[Licensing::IpcConnector] Successfully connected to the License Notification on channel: "LicenseClient-Logan-notifications" at "2026-07-21T00:14:33.7739356Z"
[Licensing::Module] Error: Access token is unavailable; failed to update
[Licensing::Client] Successfully updated license
Built from '2022.3/china_unity/release' branch; Version is '2022.3.34f1c1 (1e17368ca73f) revision 1972022'; Using compiler version '192829333'; Build Type 'Release'
OS: 'Windows 10  (10.0.19045) 64bit Professional' Language: 'zh' Physical Memory: 65349 MB
[Licensing::Client] Successfully resolved entitlements
[Licensing::Module] Serial number assigned to: "ewogICJzdWJzR3JvdXAiIDogInVuaXR5IGVkaXRvciIsCiAgIm5hbWVzcGFjZSIgOiAidW5pdHlfZWRpdG9yIiwKICAidHlwZSIgOiAiRURJVE9SIiwKICAidGFnIiA6ICJVbml0eVBlcnNvbmFsXXXX"
BatchMode: 1, IsHumanControllingUs: 0, StartBugReporterOnCrash: 0, Is64bit: 1, IsPro: 0

COMMAND LINE ARGUMENTS:
D:\Unity\HubEditor\2022.3.34f1\Editor\Unity.exe
-batchmode
-nographics
-projectPath
I:\GitHub\Unity_GAS\gameplay-ability-system-for-unity
-executeMethod
NTSD.EditorTools.BattleRuntimeSelfCheckEditor.RunForBatchmode
-logFile
I:\GitHub\Unity_GAS\gameplay-ability-system-for-unity\Unity-P7-Batch2-SelfCheck.log
Successfully changed project path to: I:\GitHub\Unity_GAS\gameplay-ability-system-for-unity
I:/GitHub/Unity_GAS/gameplay-ability-system-for-unity
[UnityMemory] Configuration Parameters - Can be set up in boot.config
    "memorysetup-bucket-allocator-granularity=16"
    "memorysetup-bucket-allocator-bucket-count=8"
    "memorysetup-bucket-allocator-block-size=33554432"
    "memorysetup-bucket-allocator-block-count=8"
    "memorysetup-main-allocator-block-size=16777216"
    "memorysetup-thread-allocator-block-size=16777216"
    "memorysetup-gfx-main-allocator-block-size=16777216"
    "memorysetup-gfx-thread-allocator-block-size=16777216"
    "memorysetup-cache-allocator-block-size=4194304"
    "memorysetup-typetree-allocator-block-size=2097152"
    "memorysetup-profiler-bucket-allocator-granularity=16"
    "memorysetup-profiler-bucket-allocator-bucket-count=8"
    "memorysetup-profiler-bucket-allocator-block-size=33554432"
    "memorysetup-profiler-bucket-allocator-block-count=8"
    "memorysetup-profiler-allocator-block-size=16777216"
    "memorysetup-profiler-editor-allocator-block-size=1048576"
    "memorysetup-temp-allocator-size-main=16777216"
    "memorysetup-job-temp-allocator-block-size=2097152"
    "memorysetup-job-temp-allocator-block-size-background=1048576"
    "memorysetup-job-temp-allocator-reduction-small-platforms=262144"
    "memorysetup-allocator-temp-initial-block-size-main=262144"
    "memorysetup-allocator-temp-initial-block-size-worker=262144"
    "memorysetup-temp-allocator-size-background-worker=32768"
    "memorysetup-temp-allocator-size-job-worker=262144"
    "memorysetup-temp-allocator-size-preload-manager=33554432"
    "memorysetup-temp-allocator-size-nav-mesh-worker=65536"
    "memorysetup-temp-allocator-size-audio-worker=65536"
    "memorysetup-temp-allocator-size-cloud-worker=32768"
    "memorysetup-temp-allocator-size-gi-baking-worker=262144"
    "memorysetup-temp-allocator-size-gfx=262144"
Player connection [202076] Host "[IP] 192.168.31.76 [Port] 55504 [Flags] 2 [Guid] 3248427787 [EditorId] 3248427787 [Version] 1048832 [Id] WindowsEditor(7,DESKTOP-MKTDPPS) [Debug] 1 [PackageName] WindowsEditor [ProjectName] Editor" joined multi-casting on [225.0.0.222:54997]...

Player connection [202076] Host "[IP] 192.168.31.76 [Port] 55504 [Flags] 2 [Guid] 3248427787 [EditorId] 3248427787 [Version] 1048832 [Id] WindowsEditor(7,DESKTOP-MKTDPPS) [Debug] 1 [PackageName] WindowsEditor [ProjectName] Editor" joined alternative multi-casting on [225.0.0.222:34997]...

[PhysX] Initialized MultithreadedTaskDispatcher with 20 workers.
[Package Manager] UpmClient::Connect -- Connected to IPC stream "Upm-201576" after 0.6 seconds.
[Licensing::Client] Successfully resolved entitlements
[Package Manager] Restoring resolved packages state from cache
[Licensing::Client] Successfully resolved entitlement details
[Package Manager] Registered 72 packages:
  Packages from [https://packages.unity.cn]:
    com.unity.cinemachine@2.10.0 (location: I:\GitHub\Unity_GAS\gameplay-ability-system-for-unity\Library\PackageCache\com.unity.cinemachine@2.10.0)
    com.unity.collab-proxy@2.3.1 (location: I:\GitHub\Unity_GAS\gameplay-ability-system-for-unity\Library\PackageCache\com.unity.collab-proxy@2.3.1)
    com.unity.ide.rider@3.0.28 (location: I:\GitHub\Unity_GAS\gameplay-ability-system-for-unity\Library\PackageCache\com.unity.ide.rider@3.0.28)
    com.unity.inputsystem@1.7.0 (location: I:\GitHub\Unity_GAS\gameplay-ability-system-for-unity\Library\PackageCache\com.unity.inputsystem@1.7.0)
    com.unity.mathematics@1.2.6 (location: I:\GitHub\Unity_GAS\gameplay-ability-system-for-unity\Library\PackageCache\com.unity.mathematics@1.2.6)
    com.unity.textmeshpro@3.0.6 (location: I:\GitHub\Unity_GAS\gameplay-ability-system-for-unity\Library\PackageCache\com.unity.textmeshpro@3.0.6)
    com.unity.timeline@1.7.6 (location: I:\GitHub\Unity_GAS\gameplay-ability-system-for-unity\Library\PackageCache\com.unity.timeline@1.7.6)
    com.unity.visualscripting@1.9.4 (location: I:\GitHub\Unity_GAS\gameplay-ability-system-for-unity\Library\PackageCache\com.unity.visualscripting@1.9.4)
    com.unity.burst@1.8.15 (location: I:\GitHub\Unity_GAS\gameplay-ability-system-for-unity\Library\PackageCache\com.unity.burst@1.8.15)
    com.unity.ext.nunit@1.0.6 (location: I:\GitHub\Unity_GAS\gameplay-ability-system-for-unity\Library\PackageCache\com.unity.ext.nunit@1.0.6)
    com.unity.ide.visualstudio@2.0.22 (location: I:\GitHub\Unity_GAS\gameplay-ability-system-for-unity\Library\PackageCache\com.unity.ide.visualstudio@2.0.22)
    com.unity.ide.vscode@1.2.5 (location: I:\GitHub\Unity_GAS\gameplay-ability-system-for-unity\Library\PackageCache\com.unity.ide.vscode@1.2.5)
    com.unity.editorcoroutines@1.0.0 (location: I:\GitHub\Unity_GAS\gameplay-ability-system-for-unity\Library\PackageCache\com.unity.editorcoroutines@1.0.0)
    com.unity.performance.profile-analyzer@1.2.2 (location: I:\GitHub\Unity_GAS\gameplay-ability-system-for-unity\Library\PackageCache\com.unity.performance.profile-analyzer@1.2.2)
    com.unity.test-framework@1.1.33 (location: I:\GitHub\Unity_GAS\gameplay-ability-system-for-unity\Library\PackageCache\com.unity.test-framework@1.1.33)
    com.unity.testtools.codecoverage@1.2.5 (location: I:\GitHub\Unity_GAS\gameplay-ability-system-for-unity\Library\PackageCache\com.unity.testtools.codecoverage@1.2.5)
    com.unity.2d.animation@9.1.1 (location: I:\GitHub\Unity_GAS\gameplay-ability-system-for-unity\Library\PackageCache\com.unity.2d.animation@9.1.1)
    com.unity.2d.pixel-perfect@5.0.3 (location: I:\GitHub\Unity_GAS\gameplay-ability-system-for-unity\Library\PackageCache\com.unity.2d.pixel-perfect@5.0.3)
    com.unity.2d.psdimporter@8.0.5 (location: I:\GitHub\Unity_GAS\gameplay-ability-system-for-unity\Library\PackageCache\com.unity.2d.psdimporter@8.0.5)
    com.unity.2d.spriteshape@9.0.3 (location: I:\GitHub\Unity_GAS\gameplay-ability-system-for-unity\Library\PackageCache\com.unity.2d.spriteshape@9.0.3)
    com.unity.2d.tilemap.extras@3.1.2 (location: I:\GitHub\Unity_GAS\gameplay-ability-system-for-unity\Library\PackageCache\com.unity.2d.tilemap.extras@3.1.2)
    com.unity.2d.aseprite@1.1.4 (location: I:\GitHub\Unity_GAS\gameplay-ability-system-for-unity\Library\PackageCache\com.unity.2d.aseprite@1.1.4)
    com.unity.nuget.newtonsoft-json@3.2.1 (location: I:\GitHub\Unity_GAS\gameplay-ability-system-for-unity\Library\PackageCache\com.unity.nuget.newtonsoft-json@3.2.1)
    com.unity.searcher@4.9.2 (location: I:\GitHub\Unity_GAS\gameplay-ability-system-for-unity\Library\PackageCache\com.unity.searcher@4.9.2)
    com.unity.settings-manager@2.0.1 (location: I:\GitHub\Unity_GAS\gameplay-ability-system-for-unity\Library\PackageCache\com.unity.settings-manager@2.0.1)
    com.unity.2d.common@8.0.2 (location: I:\GitHub\Unity_GAS\gameplay-ability-system-for-unity\Library\PackageCache\com.unity.2d.common@8.0.2)
    com.unity.collections@1.2.4 (location: I:\GitHub\Unity_GAS\gameplay-ability-system-for-unity\Library\PackageCache\com.unity.collections@1.2.4)
  Built-in packages:
    com.unity.feature.2d@2.0.1 (location: I:\GitHub\Unity_GAS\gameplay-ability-system-for-unity\Library\PackageCache\com.unity.feature.2d@2.0.1)
    com.unity.feature.development@1.0.1 (location: I:\GitHub\Unity_GAS\gameplay-ability-system-for-unity\Library\PackageCache\com.unity.feature.development@1.0.1)
    com.unity.render-pipelines.universal@14.0.11 (location: I:\GitHub\Unity_GAS\gameplay-ability-system-for-unity\Library\PackageCache\com.unity.render-pipelines.universal@14.0.11)
    com.unity.ugui@1.0.0 (location: I:\GitHub\Unity_GAS\gameplay-ability-system-for-unity\Library\PackageCache\com.unity.ugui@1.0.0)
    com.unity.modules.ai@1.0.0 (location: I:\GitHub\Unity_GAS\gameplay-ability-system-for-unity\Library\PackageCache\com.unity.modules.ai@1.0.0)
    com.unity.modules.androidjni@1.0.0 (location: I:\GitHub\Unity_GAS\gameplay-ability-system-for-unity\Library\PackageCache\com.unity.modules.androidjni@1.0.0)
    com.unity.modules.animation@1.0.0 (location: I:\GitHub\Unity_GAS\gameplay-ability-system-for-unity\Library\PackageCache\com.unity.modules.animation@1.0.0)
    com.unity.modules.assetbundle@1.0.0 (location: I:\GitHub\Unity_GAS\gameplay-ability-system-for-unity\Library\PackageCache\com.unity.modules.assetbundle@1.0.0)
    com.unity.modules.audio@1.0.0 (location: I:\GitHub\Unity_GAS\gameplay-ability-system-for-unity\Library\PackageCache\com.unity.modules.audio@1.0.0)
    com.unity.modules.cloth@1.0.0 (location: I:\GitHub\Unity_GAS\gameplay-ability-system-for-unity\Library\PackageCache\com.unity.modules.cloth@1.0.0)
    com.unity.modules.director@1.0.0 (location: I:\GitHub\Unity_GAS\gameplay-ability-system-for-unity\Library\PackageCache\com.unity.modules.director@1.0.0)
    com.unity.modules.imageconversion@1.0.0 (location: I:\GitHub\Unity_GAS\gameplay-ability-system-for-unity\Library\PackageCache\com.unity.modules.imageconversion@1.0.0)
    com.unity.modules.imgui@1.0.0 (location: I:\GitHub\Unity_GAS\gameplay-ability-system-for-unity\Library\PackageCache\com.unity.modules.imgui@1.0.0)
    com.unity.modules.jsonserialize@1.0.0 (location: I:\GitHub\Unity_GAS\gameplay-ability-system-for-unity\Library\PackageCache\com.unity.modules.jsonserialize@1.0.0)
    com.unity.modules.particlesystem@1.0.0 (location: I:\GitHub\Unity_GAS\gameplay-ability-system-for-unity\Library\PackageCache\com.unity.modules.particlesystem@1.0.0)
    com.unity.modules.physics@1.0.0 (location: I:\GitHub\Unity_GAS\gameplay-ability-system-for-unity\Library\PackageCache\com.unity.modules.physics@1.0.0)
    com.unity.modules.physics2d@1.0.0 (location: I:\GitHub\Unity_GAS\gameplay-ability-system-for-unity\Library\PackageCache\com.unity.modules.physics2d@1.0.0)
    com.unity.modules.screencapture@1.0.0 (location: I:\GitHub\Unity_GAS\gameplay-ability-system-for-unity\Library\PackageCache\com.unity.modules.screencapture@1.0.0)
    com.unity.modules.terrain@1.0.0 (location: I:\GitHub\Unity_GAS\gameplay-ability-system-for-unity\Library\PackageCache\com.unity.modules.terrain@1.0.0)
    com.unity.modules.terrainphysics@1.0.0 (location: I:\GitHub\Unity_GAS\gameplay-ability-system-for-unity\Library\PackageCache\com.unity.modules.terrainphysics@1.0.0)
    com.unity.modules.tilemap@1.0.0 (location: I:\GitHub\Unity_GAS\gameplay-ability-system-for-unity\Library\PackageCache\com.unity.modules.tilemap@1.0.0)
    com.unity.modules.ui@1.0.0 (location: I:\GitHub\Unity_GAS\gameplay-ability-system-for-unity\Library\PackageCache\com.unity.modules.ui@1.0.0)
    com.unity.modules.uielements@1.0.0 (location: I:\GitHub\Unity_GAS\gameplay-ability-system-for-unity\Library\PackageCache\com.unity.modules.uielements@1.0.0)
    com.unity.modules.umbra@1.0.0 (location: I:\GitHub\Unity_GAS\gameplay-ability-system-for-unity\Library\PackageCache\com.unity.modules.umbra@1.0.0)
    com.unity.modules.unityanalytics@1.0.0 (location: I:\GitHub\Unity_GAS\gameplay-ability-system-for-unity\Library\PackageCache\com.unity.modules.unityanalytics@1.0.0)
    com.unity.modules.unitywebrequest@1.0.0 (location: I:\GitHub\Unity_GAS\gameplay-ability-system-for-unity\Library\PackageCache\com.unity.modules.unitywebrequest@1.0.0)
    com.unity.modules.unitywebrequestassetbundle@1.0.0 (location: I:\GitHub\Unity_GAS\gameplay-ability-system-for-unity\Library\PackageCache\com.unity.modules.unitywebrequestassetbundle@1.0.0)
    com.unity.modules.unitywebrequestaudio@1.0.0 (location: I:\GitHub\Unity_GAS\gameplay-ability-system-for-unity\Library\PackageCache\com.unity.modules.unitywebrequestaudio@1.0.0)
    com.unity.modules.unitywebrequesttexture@1.0.0 (location: I:\GitHub\Unity_GAS\gameplay-ability-system-for-unity\Library\PackageCache\com.unity.modules.unitywebrequesttexture@1.0.0)
    com.unity.modules.unitywebrequestwww@1.0.0 (location: I:\GitHub\Unity_GAS\gameplay-ability-system-for-unity\Library\PackageCache\com.unity.modules.unitywebrequestwww@1.0.0)
    com.unity.modules.vehicles@1.0.0 (location: I:\GitHub\Unity_GAS\gameplay-ability-system-for-unity\Library\PackageCache\com.unity.modules.vehicles@1.0.0)
    com.unity.modules.video@1.0.0 (location: I:\GitHub\Unity_GAS\gameplay-ability-system-for-unity\Library\PackageCache\com.unity.modules.video@1.0.0)
    com.unity.modules.vr@1.0.0 (location: I:\GitHub\Unity_GAS\gameplay-ability-system-for-unity\Library\PackageCache\com.unity.modules.vr@1.0.0)
    com.unity.modules.wind@1.0.0 (location: I:\GitHub\Unity_GAS\gameplay-ability-system-for-unity\Library\PackageCache\com.unity.modules.wind@1.0.0)
    com.unity.modules.xr@1.0.0 (location: I:\GitHub\Unity_GAS\gameplay-ability-system-for-unity\Library\PackageCache\com.unity.modules.xr@1.0.0)
    com.unity.modules.subsystems@1.0.0 (location: I:\GitHub\Unity_GAS\gameplay-ability-system-for-unity\Library\PackageCache\com.unity.modules.subsystems@1.0.0)
    com.unity.render-pipelines.core@14.0.11 (location: I:\GitHub\Unity_GAS\gameplay-ability-system-for-unity\Library\PackageCache\com.unity.render-pipelines.core@14.0.11)
    com.unity.shadergraph@14.0.11 (location: I:\GitHub\Unity_GAS\gameplay-ability-system-for-unity\Library\PackageCache\com.unity.shadergraph@14.0.11)
    com.unity.render-pipelines.universal-config@14.0.10 (location: I:\GitHub\Unity_GAS\gameplay-ability-system-for-unity\Library\PackageCache\com.unity.render-pipelines.universal-config@14.0.10)
    com.unity.2d.sprite@1.0.0 (location: I:\GitHub\Unity_GAS\gameplay-ability-system-for-unity\Library\PackageCache\com.unity.2d.sprite@1.0.0)
    com.unity.2d.tilemap@1.0.0 (location: I:\GitHub\Unity_GAS\gameplay-ability-system-for-unity\Library\PackageCache\com.unity.2d.tilemap@1.0.0)
  Local packages:
    com.coplaydev.unity-mcp@file:I:\GitHub\Unity_GAS\unity-mcp\MCPForUnity (location: I:\GitHub\Unity_GAS\unity-mcp\MCPForUnity)
  Git packages:
    com.cysharp.unitask@https://github.com/Cysharp/UniTask.git?path=src/UniTask/Assets/Plugins/UniTask (location: I:\GitHub\Unity_GAS\gameplay-ability-system-for-unity\Library\PackageCache\com.cysharp.unitask@5cc97c7f00)
    com.exhard.exmaidforui@https://github.com/No78Vino/EXMaidForFGUIandLoxondon.git (location: I:\GitHub\Unity_GAS\gameplay-ability-system-for-unity\Library\PackageCache\com.exhard.exmaidforui@b469ae66a3)
    com.vovgou.loxodon-framework@https://github.com/vovgou/loxodon-framework.git?path=Loxodon.Framework/Assets/LoxodonFramework (location: I:\GitHub\Unity_GAS\gameplay-ability-system-for-unity\Library\PackageCache\com.vovgou.loxodon-framework@2fab55f00c)
[Subsystems] No new subsystems found in resolved package list.
Package Manager log level set to [2]
[Package Manager] Done registering packages in 0.11 seconds
Refreshing native plugins compatible for Editor in 78.63 ms, found 4 plugins.
Preloading 0 native plugins for Editor in 0.00 ms.
Initialize engine version: 2022.3.34f1c1 (1e17368ca73f)
[Subsystems] Discovering subsystems at path D:/Unity/HubEditor/2022.3.34f1/Editor/Data/Resources/UnitySubsystems
[Subsystems] Discovering subsystems at path I:/GitHub/Unity_GAS/gameplay-ability-system-for-unity/Assets
Forcing GfxDevice: Null
GfxDevice: creating device client; threaded=0; jobified=0
NullGfxDevice:
    Version:  NULL 1.0 [1.0]
    Renderer: Null Device
    Vendor:   Unity Technologies
Shader 'MoreMountains/MMRipple': fallback shader 'Particle/AlphaBlended' not found
Shader Hidden/ProbeVolume/VoxelizeScene is not supported: GPU does not support conservative rasterization
[Licensing::Client] Successfully resolved entitlements
Initialize mono
Mono path[0] = 'D:/Unity/HubEditor/2022.3.34f1/Editor/Data/Managed'
Mono path[1] = 'D:/Unity/HubEditor/2022.3.34f1/Editor/Data/MonoBleedingEdge/lib/mono/unityjit-win32'
Mono config path = 'D:/Unity/HubEditor/2022.3.34f1/Editor/Data/MonoBleedingEdge/etc'
Using monoOptions --debugger-agent=transport=dt_socket,embedding=1,server=y,suspend=n,address=127.0.0.1:56576
Using cacheserver namespaces - metadata:defaultmetadata, artifacts:defaultartifacts
Using cacheserver namespaces - metadata:defaultmetadata, artifacts:defaultartifacts
ImportWorker Server TCP listen port: 0
Begin MonoManager ReloadAssembly
Registering precompiled unity dll's ...
Register platform support module: D:/Unity/HubEditor/2022.3.34f1/Editor/Data/PlaybackEngines/WindowsStandaloneSupport/UnityEditor.WindowsStandalone.Extensions.dll
Registered in 0.012307 seconds.
- Loaded All Assemblies, in  0.339 seconds
Native extension for WindowsStandalone target not found
Mono: successfully reloaded assembly
- Finished resetting the current domain, in  0.229 seconds
Domain Reload Profiling: 560ms
	BeginReloadAssembly (139ms)
		ExecutionOrderSort (0ms)
		DisableScriptedObjects (0ms)
		BackupInstance (0ms)
		ReleaseScriptingObjects (0ms)
		CreateAndSetChildDomain (1ms)
	RebuildCommonClasses (27ms)
	RebuildNativeTypeToScriptingClass (6ms)
	initialDomainReloadingComplete (65ms)
	LoadAllAssembliesAndSetupDomain (93ms)
		LoadAssemblies (127ms)
		RebuildTransferFunctionScriptingTraits (0ms)
		AnalyzeDomain (91ms)
			TypeCache.Refresh (90ms)
				TypeCache.ScanAssembly (80ms)
			ScanForSourceGeneratedMonoScriptInfo (0ms)
			ResolveRequiredComponents (0ms)
	FinalizeReload (230ms)
		ReleaseScriptCaches (0ms)
		RebuildScriptCaches (0ms)
		SetupLoadedEditorAssemblies (188ms)
			LogAssemblyErrors (0ms)
			InitializePlatformSupportModulesInManaged (9ms)
			SetLoadedEditorAssemblies (7ms)
			RefreshPlugins (0ms)
			BeforeProcessingInitializeOnLoad (2ms)
			ProcessInitializeOnLoadAttributes (129ms)
			ProcessInitializeOnLoadMethodAttributes (42ms)
			AfterProcessingInitializeOnLoad (0ms)
			EditorAssembliesLoaded (0ms)
		ExecutionOrderSort2 (0ms)
		AwakeInstancesAfterBackupRestoration (0ms)
[Licensing::Client] Successfully resolved entitlements
Application.AssetDatabase Initial Refresh Start
[ScriptCompilation] Requested script compilation because: Assetdatabase observed changes in script compilation related files
info: Microsoft.Hosting.Lifetime[14]
      Now listening on: http://localhost:80
info: Microsoft.Hosting.Lifetime[0]
      Application started. Press Ctrl+C to shut down.
info: Microsoft.Hosting.Lifetime[0]
      Hosting environment: Production
info: Microsoft.Hosting.Lifetime[0]
      Content root path: I:\GitHub\Unity_GAS\gameplay-ability-system-for-unity\
info: Microsoft.AspNetCore.Hosting.Diagnostics[1]
      Request starting HTTP/2 POST http://ilpp/UnityILPP.PostProcessing/Ping application/grpc -
info: Microsoft.AspNetCore.Routing.EndpointMiddleware[0]
      Executing endpoint 'gRPC - /UnityILPP.PostProcessing/Ping'
info: Microsoft.AspNetCore.Routing.EndpointMiddleware[1]
      Executed endpoint 'gRPC - /UnityILPP.PostProcessing/Ping'
info: Microsoft.AspNetCore.Hosting.Diagnostics[2]
      Request finished HTTP/2 POST http://ilpp/UnityILPP.PostProcessing/Ping application/grpc - - 200 - application/grpc 54.0283ms
Starting: D:\Unity\HubEditor\2022.3.34f1\Editor\Data\bee_backend.exe --dont-print-to-structured-log --ipc --defer-dag-verification --dagfile="Library/Bee/1900b0aEDbg.dag" --continue-on-failure --profile="Library/Bee/backend1.traceevents" ScriptAssemblies
WorkingDir: I:/GitHub/Unity_GAS/gameplay-ability-system-for-unity
info: Microsoft.AspNetCore.Hosting.Diagnostics[1]
      Request starting HTTP/2 POST http://ilpp/UnityILPP.PostProcessing/ConfigurePostProcessors application/grpc -
info: Microsoft.AspNetCore.Routing.EndpointMiddleware[0]
      Executing endpoint 'gRPC - /UnityILPP.PostProcessing/ConfigurePostProcessors'
warn: Unity.ILPP.Runner.PostProcessingAssemblyLoadContext[0]
      Assembly system.runtime.interopservices.windowsruntime has duplicate hint path. Ignoring "D:\Unity\HubEditor\2022.3.34f1\Editor\Data\UnityReferenceAssemblies\unity-4.8-api\Facades\System.Runtime.InteropServices.WindowsRuntime.dll" in favor of "D:\Unity\HubEditor\2022.3.34f1\Editor\Data\NetStandard\Extensions\2.0.0\System.Runtime.InteropServices.WindowsRuntime.dll"
warn: Unity.ILPP.Runner.PostProcessingAssemblyLoadContext[0]
      Assembly system.componentmodel.composition has duplicate hint path. Ignoring "D:\Unity\HubEditor\2022.3.34f1\Editor\Data\UnityReferenceAssemblies\unity-4.8-api\System.ComponentModel.Composition.dll" in favor of "D:\Unity\HubEditor\2022.3.34f1\Editor\Data\NetStandard\compat\2.1.0\shims\netfx\System.ComponentModel.Composition.dll"
DisplayProgressbar: Compiling Scripts
info: Unity.ILPP.Runner.PostProcessingAssemblyLoadContext[0]
      Resolved Unity.Burst.Cecil, Version=0.11.4.0, Culture=neutral, PublicKeyToken=50cebf1cceb9d05e with Library\PackageCache\com.unity.burst@1.8.15\Unity.Burst.CodeGen\Unity.Burst.Cecil.dll
info: Microsoft.AspNetCore.Routing.EndpointMiddleware[1]
      Executed endpoint 'gRPC - /UnityILPP.PostProcessing/ConfigurePostProcessors'
info: Microsoft.AspNetCore.Hosting.Diagnostics[2]
      Request finished HTTP/2 POST http://ilpp/UnityILPP.PostProcessing/ConfigurePostProcessors application/grpc - - 200 - application/grpc 90.5673ms
info: Microsoft.AspNetCore.Hosting.Diagnostics[1]
      Request starting HTTP/2 POST http://ilpp/UnityILPP.PostProcessing/PostProcessAssembly application/grpc -
info: Microsoft.AspNetCore.Routing.EndpointMiddleware[0]
      Executing endpoint 'gRPC - /UnityILPP.PostProcessing/PostProcessAssembly'
info: Unity.ILPP.Runner.PostProcessingPipeline[0]
      Processing assembly Library/Bee/artifacts/1900b0aEDbg.dag/Assembly-CSharp.dll, with 133 defines and 310 references
info: Unity.ILPP.Runner.PostProcessingPipeline[0]
      processors: zzzUnity.Burst.CodeGen.BurstILPostProcessor
info: Unity.ILPP.Runner.PostProcessingPipeline[0]
      running zzzUnity.Burst.CodeGen.BurstILPostProcessor
info: Unity.ILPP.Runner.PostProcessingAssemblyLoadContext[0]
      Resolved Unity.Burst.Cecil.Rocks, Version=0.11.4.0, Culture=neutral, PublicKeyToken=50cebf1cceb9d05e with Library\PackageCache\com.unity.burst@1.8.15\Unity.Burst.CodeGen\Unity.Burst.Cecil.Rocks.dll
info: Microsoft.AspNetCore.Routing.EndpointMiddleware[1]
      Executed endpoint 'gRPC - /UnityILPP.PostProcessing/PostProcessAssembly'
info: Microsoft.AspNetCore.Hosting.Diagnostics[2]
      Request finished HTTP/2 POST http://ilpp/UnityILPP.PostProcessing/PostProcessAssembly application/grpc - - 200 - application/grpc 272.9694ms
info: Microsoft.AspNetCore.Hosting.Diagnostics[1]
      Request starting HTTP/2 POST http://ilpp/UnityILPP.PostProcessing/PostProcessAssembly application/grpc -
info: Microsoft.AspNetCore.Routing.EndpointMiddleware[0]
      Executing endpoint 'gRPC - /UnityILPP.PostProcessing/PostProcessAssembly'
info: Unity.ILPP.Runner.PostProcessingPipeline[0]
      Processing assembly Library/Bee/artifacts/1900b0aEDbg.dag/Assembly-CSharp-Editor.dll, with 131 defines and 331 references
info: Unity.ILPP.Runner.PostProcessingPipeline[0]
      processors: zzzUnity.Burst.CodeGen.BurstILPostProcessor
info: Unity.ILPP.Runner.PostProcessingPipeline[0]
      running zzzUnity.Burst.CodeGen.BurstILPostProcessor
info: Microsoft.AspNetCore.Routing.EndpointMiddleware[1]
      Executed endpoint 'gRPC - /UnityILPP.PostProcessing/PostProcessAssembly'
info: Microsoft.AspNetCore.Hosting.Diagnostics[2]
      Request finished HTTP/2 POST http://ilpp/UnityILPP.PostProcessing/PostProcessAssembly application/grpc - - 200 - application/grpc 10.4606ms
ExitCode: 0 Duration: 3s710ms
[ 898/1195  0s] ILPP-Configuration Library/ilpp-configuration.nevergeneratedoutput
[1187/1195  2s] Csc Library/Bee/artifacts/1900b0aEDbg.dag/Assembly-CSharp.dll (+2 others)
Assets\NTSD\Scripts\TimeWheel\TimeWheel.cs(101,39): warning CS8632: The annotation for nullable reference types should only be used in code within a '#nullable' annotations context.

Assets\NTSD\Scripts\TimeWheel\TimeWheel.cs(112,44): warning CS8632: The annotation for nullable reference types should only be used in code within a '#nullable' annotations context.

Assets\NTSD\Scripts\TimeWheel\TimeWheel.cs(112,117): warning CS8632: The annotation for nullable reference types should only be used in code within a '#nullable' annotations context.

Assets\NTSD\Scripts\TimeWheel\TimeWheel.cs(234,45): warning CS8632: The annotation for nullable reference types should only be used in code within a '#nullable' annotations context.

Assets\NTSD\Scripts\TimeWheel\TimeWheel.cs(248,49): warning CS8632: The annotation for nullable reference types should only be used in code within a '#nullable' annotations context.

Assets\NTSD\Scripts\TimeWheel\TimeWheel.cs(309,55): warning CS8632: The annotation for nullable reference types should only be used in code within a '#nullable' annotations context.

Assets\NTSD\Scripts\TimeWheel\TimeWheel.cs(405,53): warning CS8632: The annotation for nullable reference types should only be used in code within a '#nullable' annotations context.

Assets\NTSD\Scripts\TimeWheel\TimeWheel.cs(54,35): warning CS8632: The annotation for nullable reference types should only be used in code within a '#nullable' annotations context.

Assets\NTSD\Scripts\TimeWheel\TimeWheel.cs(55,35): warning CS8632: The annotation for nullable reference types should only be used in code within a '#nullable' annotations context.

Assets\NTSD\Scripts\TimeWheel\TimeWheel.cs(56,35): warning CS8632: The annotation for nullable reference types should only be used in code within a '#nullable' annotations context.

Assets\NTSD\Scripts\TimeWheel\TimeWheel.cs(57,35): warning CS8632: The annotation for nullable reference types should only be used in code within a '#nullable' annotations context.

Assets\NTSD\Scripts\TimeWheel\TimeWheel.cs(58,35): warning CS8632: The annotation for nullable reference types should only be used in code within a '#nullable' annotations context.

Assets\NTSD\Scripts\TimeWheel\TimeWheel.cs(66,41): warning CS8632: The annotation for nullable reference types should only be used in code within a '#nullable' annotations context.

Assets\NTSD\Scripts\TimeWheel\TimeWheel.cs(35,33): warning CS8632: The annotation for nullable reference types should only be used in code within a '#nullable' annotations context.

Assets\NTSD\Scripts\TimeWheel\TimeWheel.cs(35,35): warning CS8632: The annotation for nullable reference types should only be used in code within a '#nullable' annotations context.

Assets\NTSD\Scripts\TimeWheel\TimeWheel.cs(36,26): warning CS8632: The annotation for nullable reference types should only be used in code within a '#nullable' annotations context.

Assets\NTSD\Scripts\TimeWheel\TimeWheel.cs(40,29): warning CS8632: The annotation for nullable reference types should only be used in code within a '#nullable' annotations context.

Assets\NTSD\Scripts\TimeWheel\TimeWheel.cs(41,29): warning CS8632: The annotation for nullable reference types should only be used in code within a '#nullable' annotations context.

Assets\NTSD\Scripts\TimeWheel\TimeWheel.cs(156,34): warning CS8632: The annotation for nullable reference types should only be used in code within a '#nullable' annotations context.

Assets\NTSD\Scripts\TimeWheel\TimeWheel.cs(236,22): warning CS8632: The annotation for nullable reference types should only be used in code within a '#nullable' annotations context.

Assets\NTSD\Scripts\TimeWheel\TimeWheel.cs(241,26): warning CS8632: The annotation for nullable reference types should only be used in code within a '#nullable' annotations context.

Assets\NTSD\Scripts\TimeWheel\TimeWheel.cs(311,22): warning CS8632: The annotation for nullable reference types should only be used in code within a '#nullable' annotations context.

Assets\NTSD\Scripts\TimeWheel\TimeWheel.cs(331,22): warning CS8632: The annotation for nullable reference types should only be used in code within a '#nullable' annotations context.

Assets\NTSD\Scripts\App\AppManager.cs(31,41): warning CS0414: The field 'AppManager.menuSceneName' is assigned but its value is never used
[1188/1195  0s] Csc Library/Bee/artifacts/1900b0aEDbg.dag/Assembly-CSharp-Editor.dll (+2 others)
Assets\NTSD\Editor\ClassFactoryWindow.cs(870,24): warning CS0219: The variable 'message' is assigned but its value is never used

Assets\NTSD\Editor\ClassFactoryWindow.cs(972,38): warning CS0168: The variable 'ex' is declared but never used
[1189/1195  0s] ILPostProcess Library/Bee/artifacts/1900b0aEDbg.dag/post-processed/Assembly-CSharp.dll (+pdb)
Processing assembly Library/Bee/artifacts/1900b0aEDbg.dag/Assembly-CSharp.dll, with 133 defines and 310 references

processors: zzzUnity.Burst.CodeGen.BurstILPostProcessor

running zzzUnity.Burst.CodeGen.BurstILPostProcessor
[1190/1195  0s] ILPostProcess Library/Bee/artifacts/1900b0aEDbg.dag/post-processed/Assembly-CSharp-Editor.dll (+pdb)
Processing assembly Library/Bee/artifacts/1900b0aEDbg.dag/Assembly-CSharp-Editor.dll, with 131 defines and 331 references

processors: zzzUnity.Burst.CodeGen.BurstILPostProcessor

running zzzUnity.Burst.CodeGen.BurstILPostProcessor
[1191/1195  0s] CopyFiles Library/ScriptAssemblies/Assembly-CSharp.pdb
[1192/1195  0s] CopyFiles Library/ScriptAssemblies/Assembly-CSharp.dll
[1193/1195  0s] CopyFiles Library/ScriptAssemblies/Assembly-CSharp-Editor.pdb
[1194/1195  0s] CopyFiles Library/ScriptAssemblies/Assembly-CSharp-Editor.dll
*** Tundra build success (3.65 seconds), 9 items updated, 1195 evaluated
Assets\NTSD\Scripts\TimeWheel\TimeWheel.cs(101,39): warning CS8632: The annotation for nullable reference types should only be used in code within a '#nullable' annotations context.
Assets\NTSD\Scripts\TimeWheel\TimeWheel.cs(112,44): warning CS8632: The annotation for nullable reference types should only be used in code within a '#nullable' annotations context.
Assets\NTSD\Scripts\TimeWheel\TimeWheel.cs(112,117): warning CS8632: The annotation for nullable reference types should only be used in code within a '#nullable' annotations context.
Assets\NTSD\Scripts\TimeWheel\TimeWheel.cs(234,45): warning CS8632: The annotation for nullable reference types should only be used in code within a '#nullable' annotations context.
Assets\NTSD\Scripts\TimeWheel\TimeWheel.cs(248,49): warning CS8632: The annotation for nullable reference types should only be used in code within a '#nullable' annotations context.
Assets\NTSD\Scripts\TimeWheel\TimeWheel.cs(309,55): warning CS8632: The annotation for nullable reference types should only be used in code within a '#nullable' annotations context.
Assets\NTSD\Scripts\TimeWheel\TimeWheel.cs(405,53): warning CS8632: The annotation for nullable reference types should only be used in code within a '#nullable' annotations context.
Assets\NTSD\Scripts\TimeWheel\TimeWheel.cs(54,35): warning CS8632: The annotation for nullable reference types should only be used in code within a '#nullable' annotations context.
Assets\NTSD\Scripts\TimeWheel\TimeWheel.cs(55,35): warning CS8632: The annotation for nullable reference types should only be used in code within a '#nullable' annotations context.
Assets\NTSD\Scripts\TimeWheel\TimeWheel.cs(56,35): warning CS8632: The annotation for nullable reference types should only be used in code within a '#nullable' annotations context.
Assets\NTSD\Scripts\TimeWheel\TimeWheel.cs(57,35): warning CS8632: The annotation for nullable reference types should only be used in code within a '#nullable' annotations context.
Assets\NTSD\Scripts\TimeWheel\TimeWheel.cs(58,35): warning CS8632: The annotation for nullable reference types should only be used in code within a '#nullable' annotations context.
Assets\NTSD\Scripts\TimeWheel\TimeWheel.cs(66,41): warning CS8632: The annotation for nullable reference types should only be used in code within a '#nullable' annotations context.
Assets\NTSD\Scripts\TimeWheel\TimeWheel.cs(35,33): warning CS8632: The annotation for nullable reference types should only be used in code within a '#nullable' annotations context.
Assets\NTSD\Scripts\TimeWheel\TimeWheel.cs(35,35): warning CS8632: The annotation for nullable reference types should only be used in code within a '#nullable' annotations context.
Assets\NTSD\Scripts\TimeWheel\TimeWheel.cs(36,26): warning CS8632: The annotation for nullable reference types should only be used in code within a '#nullable' annotations context.
Assets\NTSD\Scripts\TimeWheel\TimeWheel.cs(40,29): warning CS8632: The annotation for nullable reference types should only be used in code within a '#nullable' annotations context.
Assets\NTSD\Scripts\TimeWheel\TimeWheel.cs(41,29): warning CS8632: The annotation for nullable reference types should only be used in code within a '#nullable' annotations context.
Assets\NTSD\Scripts\TimeWheel\TimeWheel.cs(156,34): warning CS8632: The annotation for nullable reference types should only be used in code within a '#nullable' annotations context.
Assets\NTSD\Scripts\TimeWheel\TimeWheel.cs(236,22): warning CS8632: The annotation for nullable reference types should only be used in code within a '#nullable' annotations context.
Assets\NTSD\Scripts\TimeWheel\TimeWheel.cs(241,26): warning CS8632: The annotation for nullable reference types should only be used in code within a '#nullable' annotations context.
Assets\NTSD\Scripts\TimeWheel\TimeWheel.cs(311,22): warning CS8632: The annotation for nullable reference types should only be used in code within a '#nullable' annotations context.
Assets\NTSD\Scripts\TimeWheel\TimeWheel.cs(331,22): warning CS8632: The annotation for nullable reference types should only be used in code within a '#nullable' annotations context.
Assets\NTSD\Scripts\App\AppManager.cs(31,41): warning CS0414: The field 'AppManager.menuSceneName' is assigned but its value is never used
Assets\NTSD\Editor\ClassFactoryWindow.cs(870,24): warning CS0219: The variable 'message' is assigned but its value is never used
Assets\NTSD\Editor\ClassFactoryWindow.cs(972,38): warning CS0168: The variable 'ex' is declared but never used
AssetDatabase: script compilation time: 4.711843s
Begin MonoManager ReloadAssembly
Total cache size 268328482
Total cache size after purge 268328482
Symbol file data-0000011250D4BB70 doesn't match image I:\GitHub\Unity_GAS\gameplay-ability-system-for-unity\Assets\Plugins\Sirenix\Assemblies\Sirenix.Reflection.Editor.dll
Symbol file LoadedFromMemory is not a mono symbol file
Symbol file data-000001125FE3F980 doesn't match image I:\GitHub\Unity_GAS\gameplay-ability-system-for-unity\Assets\Plugins\Sirenix\Assemblies\Sirenix.Serialization.dll
Symbol file LoadedFromMemory is not a mono symbol file
Symbol file data-000001125415EB10 doesn't match image I:\GitHub\Unity_GAS\gameplay-ability-system-for-unity\Assets\Plugins\Sirenix\Assemblies\Sirenix.Serialization.Config.dll
Symbol file LoadedFromMemory is not a mono symbol file
Symbol file data-000001125FE673B0 doesn't match image I:\GitHub\Unity_GAS\gameplay-ability-system-for-unity\Assets\Plugins\Sirenix\Assemblies\Sirenix.OdinInspector.Editor.dll
Symbol file LoadedFromMemory is not a mono symbol file
Symbol file data-000001126004CE40 doesn't match image I:\GitHub\Unity_GAS\gameplay-ability-system-for-unity\Assets\Plugins\Sirenix\Assemblies\Sirenix.OdinInspector.Attributes.dll
Symbol file LoadedFromMemory is not a mono symbol file
Symbol file data-0000011260075650 doesn't match image I:\GitHub\Unity_GAS\gameplay-ability-system-for-unity\Assets\Plugins\Sirenix\Assemblies\Sirenix.Utilities.dll
Symbol file LoadedFromMemory is not a mono symbol file
Symbol file data-00000112600C9DD0 doesn't match image I:\GitHub\Unity_GAS\gameplay-ability-system-for-unity\Assets\Plugins\Sirenix\Assemblies\Sirenix.Utilities.Editor.dll
Symbol file LoadedFromMemory is not a mono symbol file
Symbol file LoadedFromMemory is not a mono symbol file
- Loaded All Assemblies, in  1.303 seconds
Refreshing native plugins compatible for Editor in 90.14 ms, found 4 plugins.
Preloading 0 native plugins for Editor in 0.00 ms.
Start importing Assets/NTSD/Scripts/Animation/Rendering/Editor/BattleRenderFeatureInstaller.cs using Guid(7162ec6e738b1634db93a265218c0ab7) Importer(-1,00000000000000000000000000000000) [PhysX] Initialized MultithreadedTaskDispatcher with 20 workers.
 -> (artifact id: '90c231de0b2e7f363f0336e898657219') in 0.017136 seconds
Start importing Assets/NTSD/Scripts/Animation/Rendering/BattleDynamicMeshBackend.cs using Guid(656348ca5b0b40f46a1f7087150c1a36) Importer(-1,00000000000000000000000000000000) [PhysX] Initialized MultithreadedTaskDispatcher with 20 workers.
 -> (artifact id: '878092ab5a3dcc2400c73fb3af521461') in 0.002782 seconds
Start importing Assets/NTSD/Scripts/Animation/LF2Objects/LF2ObjectRenderer.cs using Guid(47688a250d600554e8613916dbeac4f7) Importer(-1,00000000000000000000000000000000) [PhysX] Initialized MultithreadedTaskDispatcher with 20 workers.
 -> (artifact id: 'a0305937a8082cbaa9ab1ad975fa61fd') in 0.008837 seconds
Start importing Assets/NTSD/Scripts/Animation/Rendering/BattleCentralRenderTypes.cs using Guid(57ea204a25fcaf94d8c6b548180a717c) Importer(-1,00000000000000000000000000000000) [PhysX] Initialized MultithreadedTaskDispatcher with 20 workers.
 -> (artifact id: 'ba32ee51cac5ac78fdfb52a334ba4718') in 0.008822 seconds
Start importing Assets/NTSD/Scripts/Animation/LF2ObjectPool.cs using Guid(a7a0b05d6fde7d946b34894fcb1d9385) Importer(-1,00000000000000000000000000000000) [PhysX] Initialized MultithreadedTaskDispatcher with 20 workers.
 -> (artifact id: 'd55c093ad3a27cc5d180455a0ff91d80') in 0.008224 seconds
Start importing Assets/NTSD/Scripts/Simulation/Presentation/BattlePresentationShadowBuild.cs using Guid(0a4f7df3380f4e24c90284bd2102f944) Importer(-1,00000000000000000000000000000000) [PhysX] Initialized MultithreadedTaskDispatcher with 20 workers.
 -> (artifact id: 'ecfa550f1057c28c73369a4cf1dba744') in 0.008733 seconds
Start importing Assets/NTSD/Scripts/Animation/Runtime/BattleSpriteCatalog.cs using Guid(7c9f8ce16af54dfca783999ad0c51b7f) Importer(-1,00000000000000000000000000000000) [PhysX] Initialized MultithreadedTaskDispatcher with 20 workers.
 -> (artifact id: '0078933a57da4525cc5ea8102717b6dd') in 0.010579 seconds
Start importing Assets/NTSD/Scripts/Animation/Rendering/BattleCentralRenderSystem.cs using Guid(4d0394d972a87ed4cbdfb016120d091a) Importer(-1,00000000000000000000000000000000) [PhysX] Initialized MultithreadedTaskDispatcher with 20 workers.
 -> (artifact id: '977127e6514d303f1fda8a1f173decf3') in 0.010129 seconds
Start importing Assets/NTSD/Scripts/Simulation/SimulationWorld.StageRender.partial.cs using Guid(5db4b2a1167175146a51a0951fac3fad) Importer(-1,00000000000000000000000000000000) [PhysX] Initialized MultithreadedTaskDispatcher with 20 workers.
 -> (artifact id: '98fedb91bee95ce699942d732da7b879') in 0.010357 seconds
Start importing Assets/NTSD/Scripts/Test/BattleRuntimeSelfCheck.cs using Guid(bd56afc6be3a446b838080c2799e85ee) Importer(-1,00000000000000000000000000000000) [PhysX] Initialized MultithreadedTaskDispatcher with 20 workers.
 -> (artifact id: '9e2bddeba57388a27b67e7fc294151a8') in 0.008978 seconds
Refreshing native plugins compatible for Editor in 36.94 ms, found 4 plugins.
Native extension for WindowsStandalone target not found
Launched and connected shader compiler UnityShaderCompiler.exe after 0.06 seconds
Mono: successfully reloaded assembly
- Finished resetting the current domain, in 10.187 seconds
Domain Reload Profiling: 11461ms
	BeginReloadAssembly (178ms)
		ExecutionOrderSort (0ms)
		DisableScriptedObjects (4ms)
		BackupInstance (0ms)
		ReleaseScriptingObjects (0ms)
		CreateAndSetChildDomain (29ms)
	RebuildCommonClasses (26ms)
	RebuildNativeTypeToScriptingClass (7ms)
	initialDomainReloadingComplete (69ms)
	LoadAllAssembliesAndSetupDomain (994ms)
		LoadAssemblies (772ms)
		RebuildTransferFunctionScriptingTraits (0ms)
		AnalyzeDomain (321ms)
			TypeCache.Refresh (263ms)
				TypeCache.ScanAssembly (242ms)
			ScanForSourceGeneratedMonoScriptInfo (37ms)
			ResolveRequiredComponents (17ms)
	FinalizeReload (10188ms)
		ReleaseScriptCaches (0ms)
		RebuildScriptCaches (0ms)
		SetupLoadedEditorAssemblies (8982ms)
			LogAssemblyErrors (0ms)
			InitializePlatformSupportModulesInManaged (6ms)
			SetLoadedEditorAssemblies (4ms)
			RefreshPlugins (0ms)
			BeforeProcessingInitializeOnLoad (151ms)
			ProcessInitializeOnLoadAttributes (8509ms)
			ProcessInitializeOnLoadMethodAttributes (292ms)
			AfterProcessingInitializeOnLoad (20ms)
			EditorAssembliesLoaded (0ms)
		ExecutionOrderSort2 (0ms)
		AwakeInstancesAfterBackupRestoration (11ms)
Start importing Assets/NTSD/Shaders/BattleCentralTransparent.shader using Guid(92f40ce8a70b4ff8910d9e5083de7c12) Importer(-1,00000000000000000000000000000000) [PhysX] Initialized MultithreadedTaskDispatcher with 20 workers.
 -> (artifact id: 'dc2156335317f6bd9a55ebe6ce79b558') in 0.021135 seconds
Start importing Assets/NTSD/Shaders/BattleCentralTransparentArray.shader using Guid(e42a3b07adf24649a59e1a85ce6d9a36) Importer(-1,00000000000000000000000000000000) [PhysX] Initialized MultithreadedTaskDispatcher with 20 workers.
 -> (artifact id: '27d12268d9602ff9f6b33d772ff19457') in 0.013646 seconds
Start importing Assets/NTSD/Docs/HANDOFF-codex-battle-alignment.md using Guid(66a660f04a8e8454ea7a852b45086122) Importer(-1,00000000000000000000000000000000) [PhysX] Initialized MultithreadedTaskDispatcher with 20 workers.
 -> (artifact id: '4b37e649ea670bd2d3c2248102a5d41e') in 0.003764 seconds
Start importing Assets/NTSD/Docs/csharp-vs-unity-battle-alignment.md using Guid(e8ad157dbdbcd1749a89c8935a1b317f) Importer(-1,00000000000000000000000000000000) [PhysX] Initialized MultithreadedTaskDispatcher with 20 workers.
 -> (artifact id: 'ba027fb9dc268565a610a654728d4fd8') in 0.003559 seconds
Start importing Assets/NTSD/Docs/central-battle-render-system-plan.md using Guid(3b072b9864faf7540aff5969ec9487ef) Importer(-1,00000000000000000000000000000000) [PhysX] Initialized MultithreadedTaskDispatcher with 20 workers.
 -> (artifact id: 'f89d467d803b49c3929d2e496b471042') in 0.003882 seconds
Shader 'MoreMountains/MMRipple': fallback shader 'Particle/AlphaBlended' not found
Shader Hidden/ProbeVolume/VoxelizeScene is not supported: GPU does not support conservative rasterization
Launched and connected shader compiler UnityShaderCompiler.exe after 0.05 seconds
Refreshing native plugins compatible for Editor in 25.94 ms, found 4 plugins.
Preloading 0 native plugins for Editor in 0.00 ms.
Asset Pipeline Refresh (id=ef1bf1af22352644d891b84961500ce3): Total: 27.796 seconds - Initiated by InitialRefreshV2(ForceSynchronousImport)
	Summary:
		Imports: total=13 (actual=13, local cache=0, cache server=0)
		Asset DB Process Time: managed=6 ms, native=11017 ms
		Asset DB Callback time: managed=49 ms, native=79 ms
		Scripting: domain reloads=1, domain reload time=11757 ms, compile time=4712 ms, other=173 ms
		Project Asset Count: scripts=10429, non-scripts=4936
		Asset File Changes: new=0, changed=15, moved=0, deleted=0
		Scan Filter Count: 0
	InvokeBeforeRefreshCallbacks: 3.333ms
	ApplyChangesToAssetFolders: 0.052ms
	Scan: 661.103ms
	OnSourceAssetsModified: 3.748ms
	GetAllGuidsForCategorization: 1.779ms
	CategorizeAssets: 366.957ms
	ImportOutOfDateAssets: 10530.596ms (5555.431ms without children)
		ImportManagerImport: 196.481ms (36.302ms without children)
			ImportInProcess: 160.121ms
			UpdateCategorizedAssets: 0.057ms
		CompileScripts: 4711.977ms
		ReloadNativeAssets: 0.071ms
		UnloadImportedAssets: 56.378ms
		ReloadImportedAssets: 1.588ms
		EnsureUptoDateAssetsAreRegisteredWithGuidPM: 6.181ms
		InitializingProgressBar: 0.019ms
		PostProcessAllAssetNotificationsAddChangedAssets: 0.001ms
		OnDemandSchedulerStart: 2.470ms
	PostProcessAllAssets: 95.508ms
	Hotreload: 26.686ms
	GatherAllCurrentPrimaryArtifactRevisions: 0.001ms
	UnloadStreamsBegin: 1.955ms
	PersistCurrentRevisions: 0.606ms
	UnloadStreamsEnd: 0.124ms
	GenerateScriptTypeHashes: 27.667ms
	Untracked: 16103.219ms
Application.AssetDatabase Initial Refresh End
Launched and connected shader compiler UnityShaderCompiler.exe after 0.05 seconds
Launched and connected shader compiler UnityShaderCompiler.exe after 0.05 seconds
Launched and connected shader compiler UnityShaderCompiler.exe after 0.06 seconds
Shader 'MoreMountains/MMRipple': fallback shader 'Particle/AlphaBlended' not found
Shader Hidden/ProbeVolume/VoxelizeScene is not supported: GPU does not support conservative rasterization
Scanning for USB devices : 4.854ms
Initializing Unity extensions:
[Licensing::Client] Successfully resolved entitlements
[MODES] ModeService[none].Initialize
[MODES] ModeService[none].LoadModes
[MODES] Loading mode Default (0) for mode-current-id-NTSD
[PhysX] Initialized MultithreadedTaskDispatcher with 20 workers.
ProgressiveSceneManager::Cancel()
Unloading 9 Unused Serialized files (Serialized files now loaded: 0)
Unloading 149 unused Assets / (0.5 MB). Loaded Objects now: 9127.
Memory consumption went from 288.2 MB to 287.7 MB.
Total: 43.877400 ms (FindLiveObjects: 0.795600 ms CreateObjectMapping: 0.751700 ms MarkObjects: 41.608600 ms  DeleteObjects: 0.719500 ms)

[BattleRuntimeSelfCheck] 自检失败: Battle sprite instance is registered for both (77,8) and (78,6); reverse keys must be unique.
  at NTSD.Animation.BattleSpriteCatalog.BuildReverseKeys (System.Collections.Generic.IReadOnlyDictionary`2[TKey,TValue] entries) [0x00062] in I:\GitHub\Unity_GAS\gameplay-ability-system-for-unity\Assets\NTSD\Scripts\Animation\Runtime\BattleSpriteCatalog.cs:240 
  at NTSD.Animation.BattleSpriteCatalog..ctor (System.Collections.Generic.IDictionary`2[TKey,TValue] entries) [0x0001b] in I:\GitHub\Unity_GAS\gameplay-ability-system-for-unity\Assets\NTSD\Scripts\Animation\Runtime\BattleSpriteCatalog.cs:182 
  at NTSD.Animation.BattleSpriteCatalogBuilder.Publish () [0x00001] in I:\GitHub\Unity_GAS\gameplay-ability-system-for-unity\Assets\NTSD\Scripts\Animation\Runtime\BattleSpriteCatalog.cs:312 
  at NTSD.Test.BattleRuntimeSelfCheck.CheckBattleSpriteCatalogContracts () [0x00220] in I:\GitHub\Unity_GAS\gameplay-ability-system-for-unity\Assets\NTSD\Scripts\Test\BattleRuntimeSelfCheck.cs:3719 
  at NTSD.Test.BattleRuntimeSelfCheck.RunAllChecksStatic () [0x00020] in I:\GitHub\Unity_GAS\gameplay-ability-system-for-unity\Assets\NTSD\Scripts\Test\BattleRuntimeSelfCheck.cs:61 
UnityEngine.StackTraceUtility:ExtractStackTrace ()
UnityEngine.DebugLogHandler:LogFormat (UnityEngine.LogType,UnityEngine.Object,string,object[])
UnityEngine.Logger:Log (UnityEngine.LogType,object)
UnityEngine.Debug:LogError (object)
NTSD.Test.BattleRuntimeSelfCheck:RunAllChecksStatic () (at Assets/NTSD/Scripts/Test/BattleRuntimeSelfCheck.cs:203)
NTSD.EditorTools.BattleRuntimeSelfCheckEditor:RunAndWriteResult (bool) (at Assets/NTSD/Scripts/Test/Editor/BattleRuntimeSelfCheckEditor.cs:96)
NTSD.EditorTools.BattleRuntimeSelfCheckEditor:RunForBatchmode () (at Assets/NTSD/Scripts/Test/Editor/BattleRuntimeSelfCheckEditor.cs:35)

(Filename: Assets/NTSD/Scripts/Test/BattleRuntimeSelfCheck.cs Line: 203)

Curl error 42: Callback aborted
Curl error 42: Callback aborted
Start importing ProjectSettings/ProjectSettings.asset using Guid(00000000000000004000000000000000) Importer(-1,00000000000000000000000000000000) [PhysX] Initialized MultithreadedTaskDispatcher with 20 workers.
 -> (artifact id: '0ff3953d2439562cad7189a6f46b2dcd') in 0.006231 seconds
Refreshing native plugins compatible for Editor in 51.41 ms, found 4 plugins.
Preloading 0 native plugins for Editor in 0.00 ms.
Asset Pipeline Refresh (id=4f2731abd017c6541aa77c275b990573): Total: 0.147 seconds - Initiated by StopAssetImportingV2(NoUpdateAssetOptions)
[PhysX] Initialized MultithreadedTaskDispatcher with 20 workers.
[Licensing::IpcConnector] License Notification channel disconnected successfully.
[Licensing::IpcConnector] License Client channel disconnected successfully.
Cleanup mono
abort_threads: Failed aborting id: 00000000000325CC, mono_thread_manage will ignore it

abort_threads: Failed aborting id: 000000000003509C, mono_thread_manage will ignore it

abort_threads: Failed aborting id: 00000000000325CC, mono_thread_manage will ignore it

abort_threads: Failed aborting id: 000000000003509C, mono_thread_manage will ignore it

debugger-agent: Unable to listen on 6376
[Performance] WinEditorMain                                                                                                        :        1 samples, Peak.  1.83 s (1.0x), Avg.  1.83 s, Total. 1.834 s (5.0%)
[Performance] WinEditorMain.ConfigureCrashHandler                                                                                  :        1 samples, Peak.  67.4 us (1.0x), Avg.  67.4 us, Total. 67.40 us (0.0%)
[Performance] WinEditorMain.CurlRequestInitialize                                                                                  :        1 samples, Peak.  5.24 ms (1.0x), Avg.  5.24 ms, Total. 5.240 ms (0.0%)
[Performance] WinEditorMain.SetupLogFile                                                                                           :        1 samples, Peak.  1.62 ms (1.0x), Avg.  1.62 ms, Total. 1.618 ms (0.0%)
[Performance] WinEditorMain.RunNativeTestsIfRequiredAndExit                                                                        :        1 samples, Peak.   200 ns (1.0x), Avg.   200 ns, Total. 200.0 ns (0.0%)
[Performance] WinEditorMain.Licensing                                                                                              :        1 samples, Peak.   515 ms (1.0x), Avg.   515 ms, Total. 515.2 ms (1.4%)
[Performance] WinEditorMain.InitializeCrashHandler                                                                                 :        1 samples, Peak.  17.1 ms (1.0x), Avg.  17.1 ms, Total. 17.11 ms (0.0%)
[Performance] WinEditorMain.CreateApplication                                                                                      :        1 samples, Peak.  1.02 ms (1.0x), Avg.  1.02 ms, Total. 1.023 ms (0.0%)
[Performance] Application.InitializeProject                                                                                        :        1 samples, Peak.  32.9 s (1.0x), Avg.  32.9 s, Total. 32.94 s (89.7%)
[Performance] Application.PackageManager.StartServer                                                                               :        1 samples, Peak.  40.6 ms (1.0x), Avg.  40.6 ms, Total. 40.61 ms (0.1%)
[Performance] Application.AcquireProjectLock                                                                                       :        1 samples, Peak.  64.1 ms (1.0x), Avg.  64.1 ms, Total. 64.13 ms (0.2%)
[Performance] Application.InitializeEngineNoGraphics                                                                               :        1 samples, Peak.  82.1 ms (1.0x), Avg.  82.1 ms, Total. 82.14 ms (0.2%)
[Performance] Application.PackageManager.Initialize                                                                                :        1 samples, Peak.   617 ms (1.0x), Avg.   617 ms, Total. 616.6 ms (1.7%)
[Performance] Connecting to Package Manager                                                                                        :       59 samples, Peak.  85.8 us (15.7x), Avg.  5.48 us, Total. 323.4 us (0.0%)
[Performance] Application.EngineGraphics.Initialize                                                                                :        1 samples, Peak.   549 ms (1.0x), Avg.   549 ms, Total. 548.6 ms (1.5%)
[Performance] Application.GI.Initialize                                                                                            :        1 samples, Peak.  4.96 ms (1.0x), Avg.  4.96 ms, Total. 4.961 ms (0.0%)
[Performance] Application.LoadAllDefaultResourcesFromEditor                                                                        :        1 samples, Peak.  1.59 ms (1.0x), Avg.  1.59 ms, Total. 1.589 ms (0.0%)
[Performance] Application.LoadMonoAssemblies                                                                                       :        1 samples, Peak.   596 ms (1.0x), Avg.   596 ms, Total. 595.7 ms (1.6%)
[Performance] RestoreManagedReferences                                                                                             :        2 samples, Peak.  66.1 ms (2.0x), Avg.  33.0 ms, Total. 66.07 ms (0.2%)
[Performance] InitializeOnLoad MixerEffectDefinitionReloader                                                                       :        2 samples, Peak.  2.95 ms (1.3x), Avg.  2.29 ms, Total. 4.578 ms (0.0%)
[Performance] InitializeOnLoad SettingsService                                                                                     :        2 samples, Peak.  10.5 us (1.0x), Avg.  10.0 us, Total. 20.10 us (0.0%)
[Performance] InitializeOnLoad SceneSearch                                                                                         :        2 samples, Peak.  98.1 us (1.0x), Avg.  95.5 us, Total. 191.1 us (0.0%)
[Performance] InitializeOnLoad ObjectSelectorSearch                                                                                :        2 samples, Peak.   226 us (1.2x), Avg.   196 us, Total. 391.7 us (0.0%)
[Performance] InitializeOnLoad EditMode                                                                                            :        2 samples, Peak.   310 us (1.1x), Avg.   281 us, Total. 562.3 us (0.0%)
[Performance] InitializeOnLoad ProjectSearch                                                                                       :        2 samples, Peak.  69.7 us (1.4x), Avg.  51.1 us, Total. 102.2 us (0.0%)
[Performance] InitializeOnLoad WindowLayout                                                                                        :        2 samples, Peak.   393 us (1.1x), Avg.   364 us, Total. 728.6 us (0.0%)
[Performance] InitializeOnLoad DrivenRectTransformUndo                                                                             :        2 samples, Peak.   149 us (1.0x), Avg.   147 us, Total. 295.0 us (0.0%)
[Performance] InitializeOnLoad CacheServerWindow                                                                                   :        2 samples, Peak.  11.8 us (1.3x), Avg.  8.90 us, Total. 17.80 us (0.0%)
[Performance] InitializeOnLoad NativeFormatImporterUtility                                                                         :        2 samples, Peak.  1.69 ms (1.1x), Avg.  1.51 ms, Total. 3.019 ms (0.0%)
[Performance] InitializeOnLoad CloudBuild                                                                                          :        2 samples, Peak.  5.10 us (1.0x), Avg.  4.95 us, Total. 9.900 us (0.0%)
[Performance] InitializeOnLoad ManagedDebuggerWindow                                                                               :        2 samples, Peak.   592 us (1.5x), Avg.   393 us, Total. 785.6 us (0.0%)
[Performance] InitializeOnLoad PrefabInstanceChangedListener                                                                       :        2 samples, Peak.   106 us (1.0x), Avg.   103 us, Total. 206.4 us (0.0%)
[Performance] InitializeOnLoad AddComponentWindow                                                                                  :        2 samples, Peak.  83.4 us (1.1x), Avg.  78.9 us, Total. 157.7 us (0.0%)
[Performance] InitializeOnLoad ManagedDebugger                                                                                     :        2 samples, Peak.   600 ns (1.0x), Avg.   600 ns, Total. 1.200 us (0.0%)
[Performance] InitializeOnLoad MenuItems                                                                                           :        2 samples, Peak.  72.1 us (1.1x), Avg.  66.5 us, Total. 132.9 us (0.0%)
[Performance] InitializeOnLoad UISystemProfilerRenderService                                                                       :        2 samples, Peak.  5.30 us (1.1x), Avg.  4.70 us, Total. 9.400 us (0.0%)
[Performance] InitializeOnLoad AssetStoreContext                                                                                   :        2 samples, Peak.  19.9 ms (1.1x), Avg.  17.6 ms, Total. 35.12 ms (0.1%)
[Performance] InitializeOnLoad ShortcutIntegration                                                                                 :        2 samples, Peak.   107 us (1.4x), Avg.  77.7 us, Total. 155.3 us (0.0%)
[Performance] InitializeOnLoad PlayModeDownload                                                                                    :        2 samples, Peak.  9.08 ms (2.0x), Avg.  4.63 ms, Total. 9.251 ms (0.0%)
[Performance] InitializeOnLoad UnityConnect                                                                                        :        2 samples, Peak.  50.6 us (1.1x), Avg.  44.7 us, Total. 89.30 us (0.0%)
[Performance] InitializeOnLoad SearchService                                                                                       :        2 samples, Peak.  84.1 us (1.0x), Avg.  80.9 us, Total. 161.7 us (0.0%)
[Performance] InitializeOnLoad EditorMonitor                                                                                       :        2 samples, Peak.   456 us (1.0x), Avg.   439 us, Total. 878.1 us (0.0%)
[Performance] InitializeOnLoad RetainedMode                                                                                        :        2 samples, Peak.  2.07 ms (1.0x), Avg.  2.02 ms, Total. 4.033 ms (0.0%)
[Performance] InitializeOnLoad EditorShaderLoader                                                                                  :        2 samples, Peak.   687 us (1.3x), Avg.   545 us, Total. 1.090 ms (0.0%)
[Performance] InitializeOnLoad EditorDelegateRegistration                                                                          :        2 samples, Peak.   453 us (1.1x), Avg.   416 us, Total. 831.4 us (0.0%)
[Performance] InitializeOnLoad UIDocumentHierarchyWatcher                                                                          :        2 samples, Peak.  97.9 us (1.3x), Avg.  76.5 us, Total. 153.1 us (0.0%)
[Performance] InitializeOnLoad LiveReloadTrackerCreator                                                                            :        2 samples, Peak.   151 us (1.1x), Avg.   141 us, Total. 281.6 us (0.0%)
[Performance] InitializeOnLoad UxmlObjectEditorFactories                                                                           :        2 samples, Peak.   460 us (1.1x), Avg.   404 us, Total. 807.8 us (0.0%)
[Performance] InitializeOnLoad UXMLEditorFactories                                                                                 :        2 samples, Peak.  55.0 ms (1.1x), Avg.  49.8 ms, Total. 99.67 ms (0.3%)
[Performance] InitializeOnLoad CloudBuildPoller                                                                                    :        2 samples, Peak.   310 us (1.1x), Avg.   275 us, Total. 549.2 us (0.0%)
[Performance] InitializeOnLoad AdsService                                                                                          :        2 samples, Peak.  1.05 ms (1.0x), Avg.  1.02 ms, Total. 2.040 ms (0.0%)
[Performance] InitializeOnLoad EditorGameServicesAnalytics                                                                         :        2 samples, Peak.  1.40 ms (1.6x), Avg.   863 us, Total. 1.726 ms (0.0%)
[Performance] InitializeOnLoad UDPService                                                                                          :        2 samples, Peak.   150 us (1.1x), Avg.   139 us, Total. 278.0 us (0.0%)
[Performance] InitializeOnLoad BuildService                                                                                        :        2 samples, Peak.   114 us (1.0x), Avg.   111 us, Total. 221.6 us (0.0%)
[Performance] InitializeOnLoad ServicesRepository                                                                                  :        2 samples, Peak.   600 ns (1.1x), Avg.   550 ns, Total. 1.100 us (0.0%)
[Performance] InitializeOnLoad PurchasingService                                                                                   :        2 samples, Peak.  3.95 ms (1.0x), Avg.  3.92 ms, Total. 7.846 ms (0.0%)
[Performance] InitializeOnLoad AnalyticsService                                                                                    :        2 samples, Peak.   151 us (1.1x), Avg.   141 us, Total. 281.5 us (0.0%)
[Performance] InitializeOnLoad CrashService                                                                                        :        2 samples, Peak.   169 us (1.2x), Avg.   137 us, Total. 274.6 us (0.0%)
[Performance] InitializeOnLoad SearchWindow                                                                                        :        2 samples, Peak.   121 us (1.1x), Avg.   107 us, Total. 213.0 us (0.0%)
[Performance] InitializeOnLoad CustomIndexers                                                                                      :        2 samples, Peak.  20.4 ms (1.2x), Avg.  16.5 ms, Total. 32.99 ms (0.1%)
[Performance] InitializeOnLoad SearchMonitor                                                                                       :        2 samples, Peak.   797 us (1.0x), Avg.   768 us, Total. 1.537 ms (0.0%)
[Performance] InitializeOnLoad ParameterControllerEditor                                                                           :        2 samples, Peak.  91.1 us (1.7x), Avg.  54.0 us, Total. 108.0 us (0.0%)
[Performance] InitializeOnLoad LayerSettingsWindow                                                                                 :        2 samples, Peak.  80.6 us (1.9x), Avg.  42.4 us, Total. 84.70 us (0.0%)
[Performance] InitializeOnLoad PackageManagerHookGUIDConverter.RegisterPackagesEventHandler                                        :        2 samples, Peak.   640 us (1.7x), Avg.   379 us, Total. 757.4 us (0.0%)
[Performance] InitializeOnLoad EditorDragAndDrop.RegisterEditorClient                                                              :        2 samples, Peak.   252 us (1.2x), Avg.   203 us, Total. 406.5 us (0.0%)
[Performance] InitializeOnLoad EditorEventCallbacks.InitializeFontAssetResourceChangeCallBacks                                     :        2 samples, Peak.   744 us (1.1x), Avg.   706 us, Total. 1.411 ms (0.0%)
[Performance] InitializeOnLoad SceneTemplateService.Init                                                                           :        2 samples, Peak.   815 us (1.2x), Avg.   700 us, Total. 1.401 ms (0.0%)
[Performance] InitializeOnLoad DiagnosticSwitchesConsoleMessage.Init                                                               :        2 samples, Peak.  10.9 ms (1.9x), Avg.  5.62 ms, Total. 11.23 ms (0.0%)
[Performance] InitializeOnLoad SysrootManager.Initialize                                                                           :        2 samples, Peak.   382 us (1.1x), Avg.   336 us, Total. 672.0 us (0.0%)
[Performance] InitializeOnLoad RectSelection.RegisterShortcutContext                                                               :        2 samples, Peak.   189 us (1.1x), Avg.   173 us, Total. 346.2 us (0.0%)
[Performance] InitializeOnLoad PackageManagerWindow.EditorInitializedInSafeMode                                                    :        2 samples, Peak.  19.1 ms (2.0x), Avg.  9.63 ms, Total. 19.26 ms (0.1%)
[Performance] InitializeOnLoad EditorWindow.Initialize                                                                             :        2 samples, Peak.   182 us (1.0x), Avg.   180 us, Total. 359.6 us (0.0%)
[Performance] InitializeOnLoad AssetPostprocessingInternal.RefreshCustomDependencies                                               :        2 samples, Peak.  3.21 ms (1.3x), Avg.  2.43 ms, Total. 4.853 ms (0.0%)
[Performance] InitializeOnLoad ScopedRegistryAddedPopup.SubscribeToRegistriesAdded                                                 :        2 samples, Peak.  4.99 ms (2.0x), Avg.  2.54 ms, Total. 5.082 ms (0.0%)
[Performance] InitializeOnLoad SceneViewMotion.RegisterShortcutContexts                                                            :        2 samples, Peak.   118 us (1.1x), Avg.   112 us, Total. 223.7 us (0.0%)
[Performance] InitializeOnLoad MemoryProfilerCompilationGuard.InjectCompileGuard                                                   :        2 samples, Peak.   110 us (1.4x), Avg.  81.1 us, Total. 162.2 us (0.0%)
[Performance] InitializeOnLoad ToolShortcutContext.Init                                                                            :        2 samples, Peak.  92.2 us (1.1x), Avg.  85.9 us, Total. 171.7 us (0.0%)
[Performance] InitializeOnLoad SceneVisibilityManager.Initialize                                                                   :        2 samples, Peak.  3.97 ms (1.8x), Avg.  2.25 ms, Total. 4.506 ms (0.0%)
[Performance] AssemblyReloadEvents.afterAssemblyReload: UnityEditor.SceneTemplate.SceneTemplateService.AfterAssemblyReload         :        2 samples, Peak.  2.49 ms (1.8x), Avg.  1.39 ms, Total. 2.786 ms (0.0%)
[Performance] ProcessService.EditorAfterLoadAllAssemblies                                                                          :        2 samples, Peak.   331 us (1.1x), Avg.   292 us, Total. 583.2 us (0.0%)
[Performance] Application.ReadLicenseInfo                                                                                          :        1 samples, Peak.  15.3 ms (1.0x), Avg.  15.3 ms, Total. 15.27 ms (0.0%)
[Performance] Application.InitialRefresh                                                                                           :        1 samples, Peak.  27.8 s (1.0x), Avg.  27.8 s, Total. 27.80 s (75.7%)
[Performance] ShaderImporter.SourceAssetModified                                                                                   :        2 samples, Peak.   857 us (1.1x), Avg.   753 us, Total. 1.506 ms (0.0%)
[Performance] UpgradeShaderAsset                                                                                                   :        4 samples, Peak.   472 us (1.3x), Avg.   374 us, Total. 1.495 ms (0.0%)
[Performance] ShaderIncludeImporter.SourceAssetModified                                                                            :        2 samples, Peak.  1.90 us (1.0x), Avg.  1.90 us, Total. 3.800 us (0.0%)
[Performance] Compiling Scripts                                                                                                    :        1 samples, Peak.  4.71 s (1.0x), Avg.  4.71 s, Total. 4.712 s (12.8%)
[Performance] AssemblyReloadEvents.beforeAssemblyReload: UnityEditor.SceneTemplate.SceneTemplateService.BeforeAssemblyReload       :        1 samples, Peak.   425 us (1.0x), Avg.   425 us, Total. 424.6 us (0.0%)
[Performance] PSDImporterAssetPostProcessor.OnPreprocessAsset                                                                      :       16 samples, Peak.   829 us (12.6x), Avg.  65.5 us, Total. 1.049 ms (0.0%)
[Performance] PresetManagerPostProcessor.OnPreprocessAsset                                                                         :       16 samples, Peak.   586 us (8.7x), Avg.  67.0 us, Total. 1.072 ms (0.0%)
[Performance] CancelSplashScreenOnAssetChange.OnPreprocessAsset                                                                    :       16 samples, Peak.   158 us (12.4x), Avg.  12.7 us, Total. 203.8 us (0.0%)
[Performance] ShaderGraphAssetPostProcessor.OnPreprocessAsset                                                                      :       16 samples, Peak.   166 us (11.6x), Avg.  14.3 us, Total. 229.2 us (0.0%)
[Performance] SpritePostProcess.OnPreprocessAsset                                                                                  :       16 samples, Peak.  1.90 ms (14.1x), Avg.   134 us, Total. 2.149 ms (0.0%)
[Performance] InitializeOnLoad InputSystem                                                                                         :        1 samples, Peak.  44.5 ms (1.0x), Avg.  44.5 ms, Total. 44.49 ms (0.1%)
[Performance] InitializeOnLoad TouchSimulation                                                                                     :        1 samples, Peak.   122 us (1.0x), Avg.   122 us, Total. 122.5 us (0.0%)
[Performance] InitializeOnLoad BurstLoader                                                                                         :        1 samples, Peak.  5.35 s (1.0x), Avg.  5.35 s, Total. 5.354 s (14.6%)
[Performance] InitializeOnLoad ShadowCasterGroup2DManager                                                                          :        1 samples, Peak.   326 us (1.0x), Avg.   326 us, Total. 325.8 us (0.0%)
[Performance] InitializeOnLoad OnDomainReload                                                                                      :        1 samples, Peak.   668 us (1.0x), Avg.   668 us, Total. 668.0 us (0.0%)
[Performance] InitializeOnLoad EditorInitialize                                                                                    :        4 samples, Peak.   721 ms (4.0x), Avg.   181 ms, Total. 724.5 ms (2.0%)
[Performance] InitializeOnLoad CanvasesAndTheirOwners                                                                              :        1 samples, Peak.   575 us (1.0x), Avg.   575 us, Total. 574.8 us (0.0%)
[Performance] InitializeOnLoad DeScriptExecutionOrderManager                                                                       :        1 samples, Peak.  44.3 ms (1.0x), Avg.  44.3 ms, Total. 44.26 ms (0.1%)
[Performance] InitializeOnLoad Initializer                                                                                         :        2 samples, Peak.   632 us (1.5x), Avg.   436 us, Total. 871.2 us (0.0%)
[Performance] InitializeOnLoad UnityVersion                                                                                        :        2 samples, Peak.   387 us (1.1x), Avg.   348 us, Total. 695.8 us (0.0%)
[Performance] InitializeOnLoad PrefabSelectionTracker                                                                              :        1 samples, Peak.  1.34 ms (1.0x), Avg.  1.34 ms, Total. 1.338 ms (0.0%)
[Performance] InitializeOnLoad FormatterLocator                                                                                    :        1 samples, Peak.  16.8 ms (1.0x), Avg.  16.8 ms, Total. 16.76 ms (0.0%)
[Performance] InitializeOnLoad FormatterUtilities                                                                                  :        1 samples, Peak.  1.20 ms (1.0x), Avg.  1.20 ms, Total. 1.198 ms (0.0%)
[Performance] InitializeOnLoad UnityEditorEventUtility                                                                             :        1 samples, Peak.  7.39 ms (1.0x), Avg.  7.39 ms, Total. 7.390 ms (0.0%)
[Performance] InitializeOnLoad SirenixEditorGUI                                                                                    :        1 samples, Peak.  8.12 ms (1.0x), Avg.  8.12 ms, Total. 8.122 ms (0.0%)
[Performance] InitializeOnLoad GUIHelper                                                                                           :        1 samples, Peak.  55.5 ms (1.0x), Avg.  55.5 ms, Total. 55.45 ms (0.2%)
[Performance] InitializeOnLoad SirenixGUIStyles                                                                                    :        1 samples, Peak.  3.30 us (1.0x), Avg.  3.30 us, Total. 3.300 us (0.0%)
[Performance] InitializeOnLoad AssemblyUtilities                                                                                   :        1 samples, Peak.  1.30 us (1.0x), Avg.  1.30 us, Total. 1.300 us (0.0%)
[Performance] InitializeOnLoad ASTEmitter                                                                                          :        1 samples, Peak.  3.55 ms (1.0x), Avg.  3.55 ms, Total. 3.551 ms (0.0%)
[Performance] InitializeOnLoad OdinModuleConfig                                                                                    :        1 samples, Peak.  2.30 ms (1.0x), Avg.  2.30 ms, Total. 2.302 ms (0.0%)
[Performance] InitializeOnLoad ColorPaletteManager                                                                                 :        1 samples, Peak.  41.7 us (1.0x), Avg.  41.7 us, Total. 41.70 us (0.0%)
[Performance] InitializeOnLoad GeneralDrawerConfig                                                                                 :        1 samples, Peak.   325 us (1.0x), Avg.   325 us, Total. 324.6 us (0.0%)
[Performance] InitializeOnLoad FixUnityAboutWindowBeforeEmit                                                                       :        1 samples, Peak.   279 us (1.0x), Avg.   279 us, Total. 278.9 us (0.0%)
[Performance] InitializeOnLoad FixUnityAssemblyVersionResolution                                                                   :        1 samples, Peak.   419 us (1.0x), Avg.   419 us, Total. 418.6 us (0.0%)
[Performance] InitializeOnLoad OdinEditor                                                                                          :        1 samples, Peak.   216 us (1.0x), Avg.   216 us, Total. 216.1 us (0.0%)
[Performance] InitializeOnLoad FixUnityScriptableObjectDirtying                                                                    :        1 samples, Peak.   285 us (1.0x), Avg.   285 us, Total. 285.1 us (0.0%)
[Performance] InitializeOnLoad PersistentContextCache                                                                              :        1 samples, Peak.   334 us (1.0x), Avg.   334 us, Total. 334.1 us (0.0%)
[Performance] InitializeOnLoad UndoTracker                                                                                         :        1 samples, Peak.   189 us (1.0x), Avg.   189 us, Total. 189.3 us (0.0%)
[Performance] InitializeOnLoad BattleParityTraceEditor                                                                             :        1 samples, Peak.   445 us (1.0x), Avg.   445 us, Total. 444.8 us (0.0%)
[Performance] InitializeOnLoad BattleRuntimeSelfCheckEditor                                                                        :        1 samples, Peak.   159 us (1.0x), Avg.   159 us, Total. 159.2 us (0.0%)
[Performance] InitializeOnLoad ProbeGIBaking                                                                                       :        1 samples, Peak.  9.14 ms (1.0x), Avg.  9.14 ms, Total. 9.139 ms (0.0%)
[Performance] InitializeOnLoad FilterWindow                                                                                        :        1 samples, Peak.   342 us (1.0x), Avg.   342 us, Total. 341.6 us (0.0%)
[Performance] InitializeOnLoad RealtimeProbeSubdivisionDebug                                                                       :        1 samples, Peak.  1.29 ms (1.0x), Avg.  1.29 ms, Total. 1.288 ms (0.0%)
[Performance] InitializeOnLoad CinemachineStoryboardMute                                                                           :        1 samples, Peak.   651 us (1.0x), Avg.   651 us, Total. 651.4 us (0.0%)
[Performance] InitializeOnLoad SaveDuringPlay                                                                                      :        1 samples, Peak.   244 us (1.0x), Avg.   244 us, Total. 243.9 us (0.0%)
[Performance] InitializeOnLoad CollectGizmoDrawers                                                                                 :        1 samples, Peak.  66.6 ms (1.0x), Avg.  66.6 ms, Total. 66.59 ms (0.2%)
[Performance] InitializeOnLoad CinemachineScreenComposerGuidesGlobalDraggable                                                      :        1 samples, Peak.   604 us (1.0x), Avg.   604 us, Total. 604.3 us (0.0%)
[Performance] InitializeOnLoad CinemachineEditorAnalytics                                                                          :        1 samples, Peak.   120 us (1.0x), Avg.   120 us, Total. 120.3 us (0.0%)
[Performance] InitializeOnLoad CreateRigWithUndo                                                                                   :        1 samples, Peak.   235 us (1.0x), Avg.   235 us, Total. 235.0 us (0.0%)
[Performance] InitializeOnLoad CreatePipelineWithUndo                                                                              :        1 samples, Peak.   284 us (1.0x), Avg.   284 us, Total. 284.3 us (0.0%)
[Performance] InitializeOnLoad SyncCacheEnabledSetting                                                                             :        1 samples, Peak.  1.22 ms (1.0x), Avg.  1.22 ms, Total. 1.223 ms (0.0%)
[Performance] InitializeOnLoad CinemachineColliderPrefs                                                                            :        1 samples, Peak.   331 us (1.0x), Avg.   331 us, Total. 331.3 us (0.0%)
[Performance] InitializeOnLoad MMInterfaceDefineSymbols                                                                            :        1 samples, Peak.  8.65 ms (1.0x), Avg.  8.65 ms, Total. 8.651 ms (0.0%)
[Performance] InitializeOnLoad EditorToolManager                                                                                   :        2 samples, Peak.  20.7 ms (1.4x), Avg.  14.3 ms, Total. 28.70 ms (0.1%)
[Performance] InitializeOnLoad NodeClassCache                                                                                      :        1 samples, Peak.  31.5 us (1.0x), Avg.  31.5 us, Total. 31.50 us (0.0%)
[Performance] InitializeOnLoad ShaderGraphMaterialsUpdater                                                                         :        2 samples, Peak.  13.9 ms (1.8x), Avg.  7.54 ms, Total. 15.08 ms (0.0%)
[Performance] InitializeOnLoad Renderer2DAnalytics                                                                                 :        1 samples, Peak.  3.26 ms (1.0x), Avg.  3.26 ms, Total. 3.258 ms (0.0%)
[Performance] InitializeOnLoad MMPathMovementEditor                                                                                :        1 samples, Peak.  36.4 us (1.0x), Avg.  36.4 us, Total. 36.40 us (0.0%)
[Performance] InitializeOnLoad SceneViewIconEditor                                                                                 :        1 samples, Peak.  28.4 us (1.0x), Avg.  28.4 us, Total. 28.40 us (0.0%)
[Performance] InitializeOnLoad MMPathEditor                                                                                        :        1 samples, Peak.  60.4 us (1.0x), Avg.  60.4 us, Total. 60.40 us (0.0%)
[Performance] InitializeOnLoad BackgroundWatcher                                                                                   :        1 samples, Peak.  3.35 ms (1.0x), Avg.  3.35 ms, Total. 3.355 ms (0.0%)
[Performance] InitializeOnLoad UnityTestProtocolStarter                                                                            :        1 samples, Peak.  3.97 ms (1.0x), Avg.  3.97 ms, Total. 3.965 ms (0.0%)
[Performance] InitializeOnLoad TestStarter                                                                                         :        1 samples, Peak.  11.6 ms (1.0x), Avg.  11.6 ms, Total. 11.57 ms (0.0%)
[Performance] InitializeOnLoad RerunCallbackInitializer                                                                            :        1 samples, Peak.  10.1 ms (1.0x), Avg.  10.1 ms, Total. 10.10 ms (0.0%)
[Performance] InitializeOnLoad RiderScriptEditor                                                                                   :        1 samples, Peak.  33.7 ms (1.0x), Avg.  33.7 ms, Total. 33.69 ms (0.1%)
[Performance] InitializeOnLoad CallbackInitializer                                                                                 :        1 samples, Peak.  12.3 ms (1.0x), Avg.  12.3 ms, Total. 12.33 ms (0.0%)
[Performance] InitializeOnLoad SpriteEditorWindow                                                                                  :        1 samples, Peak.  13.8 ms (1.0x), Avg.  13.8 ms, Total. 13.83 ms (0.0%)
[Performance] InitializeOnLoad CoverageReporterStarter                                                                             :        1 samples, Peak.   102 ms (1.0x), Avg.   102 ms, Total. 102.4 ms (0.3%)
[Performance] InitializeOnLoad BackgroundImport                                                                                    :        1 samples, Peak.   223 us (1.0x), Avg.   223 us, Total. 222.9 us (0.0%)
[Performance] InitializeOnLoad HttpBridgeReloadHandler                                                                             :        1 samples, Peak.   666 us (1.0x), Avg.   666 us, Total. 665.8 us (0.0%)
[Performance] InitializeOnLoad SetupWindowService                                                                                  :        1 samples, Peak.   225 us (1.0x), Avg.   225 us, Total. 225.3 us (0.0%)
[Performance] InitializeOnLoad ProjectIdentityUtility                                                                              :        1 samples, Peak.   194 us (1.0x), Avg.   194 us, Total. 194.2 us (0.0%)
[Performance] InitializeOnLoad HttpAutoStartHandler                                                                                :        1 samples, Peak.   298 us (1.0x), Avg.   298 us, Total. 297.5 us (0.0%)
[Performance] InitializeOnLoad TestRunnerNoThrottle                                                                                :        1 samples, Peak.  1.77 ms (1.0x), Avg.  1.77 ms, Total. 1.770 ms (0.0%)
[Performance] InitializeOnLoad PlayModeOptionsGuard                                                                                :        1 samples, Peak.   737 us (1.0x), Avg.   737 us, Total. 736.7 us (0.0%)
[Performance] InitializeOnLoad TransportCommandDispatcher                                                                          :        1 samples, Peak.   957 ms (1.0x), Avg.   957 ms, Total. 957.3 ms (2.6%)
[Performance] InitializeOnLoad StdioBridgeHost                                                                                     :        1 samples, Peak.   910 us (1.0x), Avg.   910 us, Total. 909.8 us (0.0%)
[Performance] InitializeOnLoad StdIoVersionMigration                                                                               :        1 samples, Peak.   629 us (1.0x), Avg.   629 us, Total. 628.9 us (0.0%)
[Performance] InitializeOnLoad LegacyServerSrcMigration                                                                            :        1 samples, Peak.   133 us (1.0x), Avg.   133 us, Total. 133.3 us (0.0%)
[Performance] InitializeOnLoad EditorStateCache                                                                                    :        1 samples, Peak.   169 ms (1.0x), Avg.   169 ms, Total. 169.4 ms (0.5%)
[Performance] InitializeOnLoad McpEditorShutdownCleanup                                                                            :        1 samples, Peak.   803 us (1.0x), Avg.   803 us, Total. 803.5 us (0.0%)
[Performance] InitializeOnLoad StdioBridgeReloadHandler                                                                            :        1 samples, Peak.   242 us (1.0x), Avg.   242 us, Total. 242.0 us (0.0%)
[Performance] InitializeOnLoad VSCodeScriptEditor                                                                                  :        1 samples, Peak.  8.72 ms (1.0x), Avg.  8.72 ms, Total. 8.720 ms (0.0%)
[Performance] InitializeOnLoad PrefabLayoutRebuilder                                                                               :        1 samples, Peak.   442 us (1.0x), Avg.   442 us, Total. 441.9 us (0.0%)
[Performance] InitializeOnLoad InventoryEngineDefineSymbols                                                                        :        1 samples, Peak.   514 us (1.0x), Avg.   514 us, Total. 513.5 us (0.0%)
[Performance] InitializeOnLoad PlasticPlugin                                                                                       :        1 samples, Peak.  77.6 ms (1.0x), Avg.  77.6 ms, Total. 77.56 ms (0.2%)
[Performance] InitializeOnLoad VSUsageUtility                                                                                      :        1 samples, Peak.   140 ms (1.0x), Avg.   140 ms, Total. 139.8 ms (0.4%)
[Performance] InitializeOnLoad ToolbarBootstrap                                                                                    :        1 samples, Peak.   397 ms (1.0x), Avg.   397 ms, Total. 397.2 ms (1.1%)
[Performance] Package.AsyncRequest                                                                                                 :        6 samples, Peak.  2.61 ms (3.3x), Avg.   791 us, Total. 4.744 ms (0.0%)
[Performance] InitializeOnLoad VisualStudioEditor                                                                                  :        1 samples, Peak.  12.9 ms (1.0x), Avg.  12.9 ms, Total. 12.89 ms (0.0%)
[Performance] InitializeOnLoad TestRunnerApiListener                                                                               :        1 samples, Peak.   915 us (1.0x), Avg.   915 us, Total. 915.1 us (0.0%)
[Performance] InitializeOnLoad VisualStudioIntegration                                                                             :        1 samples, Peak.  5.89 ms (1.0x), Avg.  5.89 ms, Total. 5.887 ms (0.0%)
[Performance] InitializeOnLoad SpriteSkinCompositeStartup                                                                          :        1 samples, Peak.  26.8 ms (1.0x), Avg.  26.8 ms, Total. 26.78 ms (0.1%)
[Performance] InitializeOnLoad ProCamera2DHierarchyIcon                                                                            :        1 samples, Peak.   486 us (1.0x), Avg.   486 us, Total. 485.7 us (0.0%)
[Performance] InitializeOnLoad UnityAnalyticsStorage                                                                               :        1 samples, Peak.   847 us (1.0x), Avg.   847 us, Total. 846.8 us (0.0%)
[Performance] InitializeOnLoad BoneGizmoInitializer                                                                                :        1 samples, Peak.  3.65 ms (1.0x), Avg.  3.65 ms, Total. 3.649 ms (0.0%)
[Performance] InitializeOnLoad Analytics                                                                                           :        1 samples, Peak.   605 us (1.0x), Avg.   605 us, Total. 605.2 us (0.0%)
[Performance] InitializeOnLoad EditorExecutors                                                                                     :        1 samples, Peak.   409 us (1.0x), Avg.   409 us, Total. 409.2 us (0.0%)
[Performance] InitializeOnLoad SceneDragAndDrop                                                                                    :        1 samples, Peak.   176 us (1.0x), Avg.   176 us, Total. 176.2 us (0.0%)
[Performance] InitializeOnLoad SpriteShapeUpdateCache                                                                              :        1 samples, Peak.   879 us (1.0x), Avg.   879 us, Total. 878.7 us (0.0%)
[Performance] InitializeOnLoad SpriteShapeUnityAnalyticsStorage                                                                    :        1 samples, Peak.  94.2 us (1.0x), Avg.  94.2 us, Total. 94.20 us (0.0%)
[Performance] InitializeOnLoad PersistentAssemblyGuidUpdater.Init                                                                  :        1 samples, Peak.   690 us (1.0x), Avg.   690 us, Total. 690.3 us (0.0%)
[Performance] InitializeOnLoad SdfIcons.FixBug                                                                                     :        1 samples, Peak.   180 ms (1.0x), Avg.   180 ms, Total. 179.6 ms (0.5%)
[Performance] InitializeOnLoad GUITimeHelper.Init                                                                                  :        1 samples, Peak.   460 us (1.0x), Avg.   460 us, Total. 460.0 us (0.0%)
[Performance] InitializeOnLoad EnsureEditorOnlyModeDefine.EnsureScriptingDefineSymbol                                              :        1 samples, Peak.  2.07 ms (1.0x), Avg.  2.07 ms, Total. 2.071 ms (0.0%)
[Performance] InitializeOnLoad ColorPaletteManager.LoadEditorPrefs                                                                 :        1 samples, Peak.   796 us (1.0x), Avg.   796 us, Total. 796.5 us (0.0%)
[Performance] InitializeOnLoad AcceptEULAWindow.OpenIfNotAccepted                                                                  :        1 samples, Peak.   102 us (1.0x), Avg.   102 us, Total. 101.8 us (0.0%)
[Performance] InitializeOnLoad EnsureOdinInspectorDefine.EnsureScriptingDefineSymbol                                               :        1 samples, Peak.   159 us (1.0x), Avg.   159 us, Total. 158.6 us (0.0%)
[Performance] InitializeOnLoad InspectorConfig.RemoveObsoleteGeneratedOdinEditorsDLL                                               :        1 samples, Peak.   264 us (1.0x), Avg.   264 us, Total. 263.8 us (0.0%)
[Performance] InitializeOnLoad ImguiElementUtils.Init                                                                              :        1 samples, Peak.  1.21 ms (1.0x), Avg.  1.21 ms, Total. 1.212 ms (0.0%)
[Performance] InitializeOnLoad GettingStartedWindow.AutoOpen                                                                       :        1 samples, Peak.   361 us (1.0x), Avg.   361 us, Total. 361.0 us (0.0%)
[Performance] InitializeOnLoad CheckForUpdatesWindow.DailyCheckForUpdates                                                          :        1 samples, Peak.   472 us (1.0x), Avg.   472 us, Total. 472.5 us (0.0%)
[Performance] InitializeOnLoad UnitySerializationInitializer.InitializeEditor                                                      :        1 samples, Peak.  11.2 ms (1.0x), Avg.  11.2 ms, Total. 11.23 ms (0.0%)
[Performance] InitializeOnLoad UnitySerializationUtility.SubscribeToDomainReloadEvents                                             :        1 samples, Peak.  2.33 ms (1.0x), Avg.  2.33 ms, Total. 2.326 ms (0.0%)
[Performance] InitializeOnLoad IKEditorManager.CreateInstance                                                                      :        1 samples, Peak.  3.30 ms (1.0x), Avg.  3.30 ms, Total. 3.300 ms (0.0%)
[Performance] InitializeOnLoad $BurstDirectCallInitializer.Initialize                                                              :        7 samples, Peak.  21.6 ms (4.2x), Avg.  5.14 ms, Total. 36.00 ms (0.1%)
[Performance] InitializeOnLoad SceneViewGridManager.Initialize                                                                     :        1 samples, Peak.  3.74 ms (1.0x), Avg.  3.74 ms, Total. 3.740 ms (0.0%)
[Performance] InitializeOnLoad TilemapPrefabStageHelper.Initialize                                                                 :        1 samples, Peak.  1.88 ms (1.0x), Avg.  1.88 ms, Total. 1.876 ms (0.0%)
[Performance] InitializeOnLoad SceneViewOpenTilePaletteHelper.Initialize                                                           :        1 samples, Peak.  1.66 ms (1.0x), Avg.  1.66 ms, Total. 1.662 ms (0.0%)
[Performance] InitializeOnLoad TileDragAndDropManager.Initialize                                                                   :        1 samples, Peak.  1.23 ms (1.0x), Avg.  1.23 ms, Total. 1.226 ms (0.0%)
[Performance] InitializeOnLoad PlayerLoopHelper.InitOnEditor                                                                       :        1 samples, Peak.  3.79 ms (1.0x), Avg.  3.79 ms, Total. 3.785 ms (0.0%)
[Performance] InitializeOnLoad VisualStudioEditor.LegacyVisualStudioCodePackageDisabler                                            :        1 samples, Peak.  2.84 ms (1.0x), Avg.  2.84 ms, Total. 2.844 ms (0.0%)
[Performance] InitializeOnLoad MaterialReimporter.RegisterUpgraderReimport                                                         :        2 samples, Peak.   212 us (1.5x), Avg.   142 us, Total. 284.6 us (0.0%)
[Performance] InitializeOnLoad MMExecutionOrderAttribute.ModifyExecutionOrder                                                      :        1 samples, Peak.  2.61 ms (1.0x), Avg.  2.61 ms, Total. 2.614 ms (0.0%)
[Performance] InitializeOnLoad ExecuteCode.OnDomainReload                                                                          :        1 samples, Peak.   344 us (1.0x), Avg.   344 us, Total. 344.0 us (0.0%)
[Performance] InitializeOnLoad McpLogRecord.RefreshFromPrefs                                                                       :        1 samples, Peak.   508 us (1.0x), Avg.   508 us, Total. 507.7 us (0.0%)
[Performance] InitializeOnLoad UnityReflect.OnLoad                                                                                 :        1 samples, Peak.   333 us (1.0x), Avg.   333 us, Total. 333.4 us (0.0%)
[Performance] InitializeOnLoad GetMenuItems.BuildCache                                                                             :        1 samples, Peak.  7.27 ms (1.0x), Avg.  7.27 ms, Total. 7.266 ms (0.0%)
[Performance] InitializeOnLoad BackgroundImport.Setup                                                                              :        1 samples, Peak.   598 us (1.0x), Avg.   598 us, Total. 597.8 us (0.0%)
[Performance] InitializeOnLoad TestJobDataHolder.ResumeRunningJobs                                                                 :        1 samples, Peak.  1.51 ms (1.0x), Avg.  1.51 ms, Total. 1.512 ms (0.0%)
[Performance] InitializeOnLoad AnalyticsReporter.RegisterCallbacks                                                                 :        1 samples, Peak.   373 us (1.0x), Avg.   373 us, Total. 372.5 us (0.0%)
[Performance] InitializeOnLoad CoreRenderPipelinePreferences.InitPreferenceProviders                                               :        1 samples, Peak.  10.7 ms (1.0x), Avg.  10.7 ms, Total. 10.67 ms (0.0%)
[Performance] InitializeOnLoad VolumeGizmoDrawer.InitVolumeGizmoCallbacks                                                          :        1 samples, Peak.   290 us (1.0x), Avg.   290 us, Total. 289.8 us (0.0%)
[Performance] InitializeOnLoad DebugManagerWindowLifetimeAnalytic.SubscribeToDebugManagerOpenCloseWindows                          :        1 samples, Peak.   394 us (1.0x), Avg.   394 us, Total. 394.0 us (0.0%)
[Performance] InitializeOnLoad EditorToolSet.Startup                                                                               :        1 samples, Peak.   174 us (1.0x), Avg.   174 us, Total. 174.3 us (0.0%)
[Performance] DidReloadScriptsCustomEditorLoader.LoadCustomEditors                                                                 :        1 samples, Peak.  2.05 ms (1.0x), Avg.  2.05 ms, Total. 2.049 ms (0.0%)
[Performance] DidReloadScriptsCinemachineExtension.OnScriptReload                                                                  :        1 samples, Peak.   443 us (1.0x), Avg.   443 us, Total. 443.5 us (0.0%)
[Performance] DidReloadScriptsCinemachineVirtualCameraBase.OnScriptReload                                                          :        1 samples, Peak.  80.8 us (1.0x), Avg.  80.8 us, Total. 80.80 us (0.0%)
[Performance] DidReloadScriptsRenderPipelineDefines.OnScriptsReloaded                                                              :        1 samples, Peak.  1.01 s (1.0x), Avg.  1.01 s, Total. 1.013 s (2.8%)
[Performance] DidReloadScriptsAdvancedDropdownWindow.OnScriptReload                                                                :        2 samples, Peak.   331 us (1.3x), Avg.   258 us, Total. 515.7 us (0.0%)
[Performance] DidReloadScriptsTestRunnerWindow.CompilationCallback                                                                 :        1 samples, Peak.   347 us (1.0x), Avg.   347 us, Total. 346.6 us (0.0%)
[Performance] DidReloadScriptsTestListCache.ScriptReloaded                                                                         :        1 samples, Peak.  3.12 ms (1.0x), Avg.  3.12 ms, Total. 3.118 ms (0.0%)
[Performance] DidReloadScriptsVolumeComponentEditor.OnEditorReload                                                                 :        1 samples, Peak.  12.6 ms (1.0x), Avg.  12.6 ms, Total. 12.58 ms (0.0%)
[Performance] DidReloadScriptsDebugWindow.OnEditorReload                                                                           :        1 samples, Peak.  5.33 ms (1.0x), Avg.  5.33 ms, Total. 5.329 ms (0.0%)
[Performance] DidReloadScriptsLookDev.OnEditorReload                                                                               :        1 samples, Peak.   261 us (1.0x), Avg.   261 us, Total. 260.9 us (0.0%)
[Performance] AssemblyReloadEvents.afterAssemblyReload: MCPForUnity.Editor.Services.HttpBridgeReloadHandler.OnAfterAssemblyReload  :        1 samples, Peak.  2.25 ms (1.0x), Avg.  2.25 ms, Total. 2.253 ms (0.0%)
[Performance] AssemblyReloadEvents.afterAssemblyReload: callback in MCPForUnity.Editor.Services.EditorStateCache                   :        1 samples, Peak.  1.14 ms (1.0x), Avg.  1.14 ms, Total. 1.141 ms (0.0%)
[Performance] AssemblyReloadEvents.afterAssemblyReload: MCPForUnity.Editor.Services.StdioBridgeReloadHandler.OnAfterAssemblyReload :        1 samples, Peak.  1.25 ms (1.0x), Avg.  1.25 ms, Total. 1.251 ms (0.0%)
[Performance] AssemblyReloadEvents.afterAssemblyReload: UnityEditor.U2D.Animation.BoneGizmo.OnAfterAssemblyReload                  :        1 samples, Peak.   712 us (1.0x), Avg.   712 us, Total. 712.2 us (0.0%)
[Performance] AssemblyReloadEvents.afterAssemblyReload: Sirenix.Serialization.UnitySerializationUtility.OnAfterAssemblyReload      :        1 samples, Peak.  26.3 us (1.0x), Avg.  26.3 us, Total. 26.30 us (0.0%)
[Performance] AssemblyReloadEvents.afterAssemblyReload: MCPForUnity.Editor.Tools.UnityReflect.InvalidateCache                      :        1 samples, Peak.   370 us (1.0x), Avg.   370 us, Total. 370.0 us (0.0%)
[Performance] ShaderImporter.Import                                                                                                :        2 samples, Peak.  11.3 ms (1.5x), Avg.  7.59 ms, Total. 15.19 ms (0.0%)
[Performance] EditorApplication.projectChanged: UnityEditor.Audio.MixerEffectDefinitionReloader.OnProjectChanged                   :        2 samples, Peak.   341 us (1.1x), Avg.   304 us, Total. 608.4 us (0.0%)
[Performance] EditorApplication.projectChanged: UnityEngine.InputSystem.LowLevel.NativeInputRuntime.OnProjectChanged               :        2 samples, Peak.   200 us (2.0x), Avg.   102 us, Total. 203.4 us (0.0%)
[Performance] EditorApplication.projectChanged: MCPForUnity.Editor.Helpers.ProjectIdentityUtility.ScheduleCacheRefresh             :        2 samples, Peak.  1.70 us (1.4x), Avg.  1.25 us, Total. 2.500 us (0.0%)
[Performance] AssetDatabase.ImportAssets                                                                                           :        4 samples, Peak.   147 ms (4.0x), Avg.  36.8 ms, Total. 147.2 ms (0.4%)
[Performance] VersionControl.Task.Wait                                                                                             :        1 samples, Peak.  7.90 us (1.0x), Avg.  7.90 us, Total. 7.900 us (0.0%)
[Performance] CinemachineSettings.OnPostprocessAllAssets                                                                           :        4 samples, Peak.   208 us (2.3x), Avg.  91.9 us, Total. 367.5 us (0.0%)
[Performance] UtilityWindowPostProcessor.OnPostprocessAllAssets                                                                    :        4 samples, Peak.   601 us (2.0x), Avg.   304 us, Total. 1.217 ms (0.0%)
[Performance] TMPro_TexturePostProcessor.OnPostprocessAllAssets                                                                    :        4 samples, Peak.   321 us (2.0x), Avg.   162 us, Total. 648.8 us (0.0%)
[Performance] AssetPostprocessor.OnPostprocessAllAssets                                                                            :        4 samples, Peak.   185 us (2.0x), Avg.  93.1 us, Total. 372.6 us (0.0%)
[Performance] BuilderAssetPostprocessor.OnPostprocessAllAssets                                                                     :        4 samples, Peak.  1.81 ms (2.0x), Avg.   926 us, Total. 3.705 ms (0.0%)
[Performance] ArtifactBrowserPostProcessor.OnPostprocessAllAssets                                                                  :        4 samples, Peak.   314 us (2.0x), Avg.   159 us, Total. 635.0 us (0.0%)
[Performance] AssetEvents.OnPostprocessAllAssets                                                                                   :        8 samples, Peak.   166 us (3.0x), Avg.  55.2 us, Total. 441.6 us (0.0%)
[Performance] AudioMixerPostprocessor.OnPostprocessAllAssets                                                                       :        4 samples, Peak.   221 us (2.0x), Avg.   112 us, Total. 446.6 us (0.0%)
[Performance] StyleCatalogPostProcessor.OnPostprocessAllAssets                                                                     :        4 samples, Peak.  19.4 ms (2.0x), Avg.  9.73 ms, Total. 38.90 ms (0.1%)
[Performance] BuildCatalog                                                                                                         :        1 samples, Peak.  18.8 ms (1.0x), Avg.  18.8 ms, Total. 18.81 ms (0.1%)
[Performance] ModelImporterPostProcessor.OnPostprocessAllAssets                                                                    :        4 samples, Peak.   990 us (2.0x), Avg.   503 us, Total. 2.010 ms (0.0%)
[Performance] MaterialPostprocessor.OnPostprocessAllAssets                                                                         :        8 samples, Peak.   633 us (2.2x), Avg.   294 us, Total. 2.350 ms (0.0%)
[Performance] UniversalRenderPipelineGlobalSettingsPostprocessor.OnPostprocessAllAssets                                            :        4 samples, Peak.  1.29 ms (2.0x), Avg.   659 us, Total. 2.636 ms (0.0%)
[Performance] RetainedModeAssetPostprocessor.OnPostprocessAllAssets                                                                :        4 samples, Peak.  1.75 ms (2.0x), Avg.   881 us, Total. 3.523 ms (0.0%)
[Performance] AssetChangedListener.OnPostprocessAllAssets                                                                          :        4 samples, Peak.  1.03 ms (2.0x), Avg.   530 us, Total. 2.119 ms (0.0%)
[Performance] PostProcessor.OnPostprocessAllAssets                                                                                 :        4 samples, Peak.   370 us (1.9x), Avg.   192 us, Total. 766.5 us (0.0%)
[Performance] ShaderGraphAssetPostProcessor.OnPostprocessAllAssets                                                                 :        4 samples, Peak.  2.21 ms (1.9x), Avg.  1.14 ms, Total. 4.578 ms (0.0%)
[Performance] SpeedTreePostProcessor.OnPostprocessAllAssets                                                                        :        4 samples, Peak.   261 us (1.9x), Avg.   134 us, Total. 536.1 us (0.0%)
[Performance] TextAssetPostProcessor.OnPostprocessAllAssets                                                                        :        4 samples, Peak.   350 us (2.0x), Avg.   177 us, Total. 706.7 us (0.0%)
[Performance] AssetProcessor.OnPostprocessAllAssets                                                                                :       12 samples, Peak.  1.33 ms (3.4x), Avg.   395 us, Total. 4.740 ms (0.0%)
[Performance] SpriteLibraryAssetPostprocessor.OnPostprocessAllAssets                                                               :        4 samples, Peak.   236 us (2.0x), Avg.   119 us, Total. 476.3 us (0.0%)
[Performance] PSDImporterAssetPostProcessor.OnPostprocessAllAssets                                                                 :        4 samples, Peak.  77.9 us (2.0x), Avg.  39.7 us, Total. 158.6 us (0.0%)
[Performance] PSDImportPostProcessor.OnPostprocessAllAssets                                                                        :        4 samples, Peak.   123 us (2.0x), Avg.  62.0 us, Total. 248.1 us (0.0%)
[Performance] SpriteEditorTexturePostprocessor.OnPostprocessAllAssets                                                              :        4 samples, Peak.   199 us (1.7x), Avg.   116 us, Total. 465.7 us (0.0%)
[Performance] SpriteShapeAssetPostProcessor.OnPostprocessAllAssets                                                                 :        4 samples, Peak.   212 us (1.9x), Avg.   110 us, Total. 439.0 us (0.0%)
[Performance] SyncVS.PostprocessSyncProject                                                                                        :        2 samples, Peak.  3.97 ms (1.8x), Avg.  2.19 ms, Total. 4.380 ms (0.0%)
[Performance] Application.ImportPackagesAndSetTemplateWhenCreatingProject                                                          :        1 samples, Peak.  9.71 ms (1.0x), Avg.  9.71 ms, Total. 9.711 ms (0.0%)
[Performance] Application.SyncCurrentColorSpace                                                                                    :        1 samples, Peak.   250 ms (1.0x), Avg.   250 ms, Total. 250.0 ms (0.7%)
[Performance] Application.OnUsbDevicesChanged                                                                                      :        1 samples, Peak.  4.92 ms (1.0x), Avg.  4.92 ms, Total. 4.921 ms (0.0%)
[Performance] Application.AssetInstanceCacheUpdate                                                                                 :        1 samples, Peak.   400 ns (1.0x), Avg.   400 ns, Total. 400.0 ns (0.0%)
[Performance] Application.UnityExtensions.Initialize                                                                               :        1 samples, Peak.  6.46 ms (1.0x), Avg.  6.46 ms, Total. 6.462 ms (0.0%)
[Performance] CodeEditorProjectSync.SyncEditorProject                                                                              :        1 samples, Peak.   764 ms (1.0x), Avg.   764 ms, Total. 763.6 ms (2.1%)
[Performance] Application.ExecuteStartups                                                                                          :        1 samples, Peak.  46.7 ms (1.0x), Avg.  46.7 ms, Total. 46.67 ms (0.1%)
[Performance] Menu.RegisterMenuInterface                                                                                           :       26 samples, Peak.  3.00 us (10.1x), Avg.   296 ns, Total. 7.700 us (0.0%)
[Performance] Gizmo.RebuildRenderers                                                                                               :        1 samples, Peak.  43.7 ms (1.0x), Avg.  43.7 ms, Total. 43.68 ms (0.1%)
[Performance] Gizmo.AddGizmoRenderers                                                                                              :      153 samples, Peak.  1.31 ms (47.1x), Avg.  27.7 us, Total. 4.238 ms (0.0%)
[Performance] Application.editorInitializingProject                                                                                :        1 samples, Peak.  1.46 s (1.0x), Avg.  1.46 s, Total. 1.456 s (4.0%)
[Performance] Application.InitializeMenu                                                                                           :        1 samples, Peak.   431 ms (1.0x), Avg.   431 ms, Total. 431.0 ms (1.2%)
[Performance] Menu.RebuildAll                                                                                                      :        1 samples, Peak.   431 ms (1.0x), Avg.   431 ms, Total. 431.0 ms (1.2%)
[Performance] Menu.BuildRegisteredMenuInterfaces                                                                                   :        1 samples, Peak.   424 ms (1.0x), Avg.   424 ms, Total. 423.6 ms (1.2%)
[Performance] Menu.FilterMenuItem                                                                                                  :     1287 samples, Peak.   160 ms (795.8x), Avg.   201 us, Total. 258.9 ms (0.7%)
[Performance] UpdateAllMenus                                                                                                       :        1 samples, Peak.   994 us (1.0x), Avg.   994 us, Total. 994.1 us (0.0%)
[Performance] Menu.RebuildOSMainMenu                                                                                               :        2 samples, Peak.  5.85 ms (1.3x), Avg.  4.44 ms, Total. 8.887 ms (0.0%)
[Performance] EditorSceneManager.sceneClosing: UnityEditor.SceneVisibilityManager.EditorSceneManagerOnSceneClosing                 :        1 samples, Peak.   570 us (1.0x), Avg.   570 us, Total. 570.1 us (0.0%)
[Performance] GUIView.RepaintAll.PlayerLoopController                                                                              :        1 samples, Peak.  2.70 us (1.0x), Avg.  2.70 us, Total. 2.700 us (0.0%)
[Performance] EditorSceneManager.newSceneCreated: UnityEditor.SceneTemplate.SceneTemplateService.OnNewSceneCreated                 :        1 samples, Peak.   339 us (1.0x), Avg.   339 us, Total. 339.1 us (0.0%)
[Performance] EditorSceneManager.newSceneCreated: UnityEditor.SceneVisibilityManager.EditorSceneManagerOnNewSceneCreated           :        1 samples, Peak.   273 us (1.0x), Avg.   273 us, Total. 273.2 us (0.0%)
[Performance] EditorSceneManager.newSceneCreated: UnityEditor.SceneManagement.StageNavigationManager.OnNewSceneCreated             :        1 samples, Peak.  89.9 us (1.0x), Avg.  89.9 us, Total. 89.90 us (0.0%)
[Performance] Application.InvokeFinishedLoadingProject                                                                             :        1 samples, Peak.  19.2 ms (1.0x), Avg.  19.2 ms, Total. 19.19 ms (0.1%)
[Performance] ProcessService.OnProjectLoaded                                                                                       :        1 samples, Peak.  83.9 us (1.0x), Avg.  83.9 us, Total. 83.90 us (0.0%)
[Performance] Application.Shutdown.SaveDefaultWindowPreferences                                                                    :        1 samples, Peak.   182 us (1.0x), Avg.   182 us, Total. 182.3 us (0.0%)
[Performance] Application.Shutdown.SaveSceneManagerSetup                                                                           :        1 samples, Peak.   698 us (1.0x), Avg.   698 us, Total. 697.9 us (0.0%)
[Performance] Application.Shutdown.CleanupAllContainerWindows                                                                      :        1 samples, Peak.   800 ns (1.0x), Avg.   800 ns, Total. 800.0 ns (0.0%)
[Performance] EditorApplication.quitting: Unity.Burst.Editor.BurstLoader.OnEditorApplicationQuitting                               :        1 samples, Peak.  74.2 us (1.0x), Avg.  74.2 us, Total. 74.20 us (0.0%)
[Performance] EditorApplication.quitting: UnityEditor.SettingsManagement.FileSettingsRepository.Save                               :        1 samples, Peak.  2.49 ms (1.0x), Avg.  2.49 ms, Total. 2.490 ms (0.0%)
[Performance] EditorApplication.quitting: MCPForUnity.Editor.Services.McpEditorShutdownCleanup.OnEditorQuitting                    :        1 samples, Peak.  3.58 ms (1.0x), Avg.  3.58 ms, Total. 3.580 ms (0.0%)
[Performance] EditorApplication.quitting: MCPForUnity.Editor.Services.StdioBridgeReloadHandler.CancelRetries                       :        1 samples, Peak.  81.0 us (1.0x), Avg.  81.0 us, Total. 81.00 us (0.0%)
[Performance] EditorApplication.quitting: UnityEditor.Tilemaps.SceneViewGridManager.EditorQuitting                                 :        1 samples, Peak.   120 us (1.0x), Avg.   120 us, Total. 119.6 us (0.0%)
[Performance] EditorApplication.quitting: callback in UnityEditor.TextCore.Text.EditorEventCallbacks                               :        1 samples, Peak.  58.5 ms (1.0x), Avg.  58.5 ms, Total. 58.54 ms (0.2%)
[Performance] Application.Shutdown.PauseProfilerSession                                                                            :        1 samples, Peak.  38.5 us (1.0x), Avg.  38.5 us, Total. 38.50 us (0.0%)
[Performance] Application.Shutdown.PauseAssetImportWorkers                                                                         :        1 samples, Peak.   539 us (1.0x), Avg.   539 us, Total. 538.7 us (0.0%)
[Performance] Application.Shutdown.SaveAssets                                                                                      :        1 samples, Peak.   170 ms (1.0x), Avg.   170 ms, Total. 170.1 ms (0.5%)
[Performance] PaletteAssetModificationProcessor.OnWillSaveAssets                                                                   :        1 samples, Peak.   349 us (1.0x), Avg.   349 us, Total. 349.2 us (0.0%)
[Performance] StateMacroSavedEvent.OnWillSaveAssets                                                                                :        1 samples, Peak.   262 us (1.0x), Avg.   262 us, Total. 262.3 us (0.0%)
[Performance] FlowMacroSavedEvent.OnWillSaveAssets                                                                                 :        1 samples, Peak.   214 us (1.0x), Avg.   214 us, Total. 214.2 us (0.0%)
[Performance] AssetModificationProcessor.OnWillSaveAssets                                                                          :        1 samples, Peak.   565 us (1.0x), Avg.   565 us, Total. 565.0 us (0.0%)
[Performance] BuilderAssetModificationProcessor.OnWillSaveAssets                                                                   :        1 samples, Peak.   469 us (1.0x), Avg.   469 us, Total. 469.0 us (0.0%)
[Performance] TerrainModificationProcessor.OnWillSaveAssets                                                                        :        1 samples, Peak.   730 us (1.0x), Avg.   730 us, Total. 730.2 us (0.0%)
[Performance] Application.Shutdown.CleanupRenderPipeline                                                                           :        1 samples, Peak.  4.00 us (1.0x), Avg.  4.00 us, Total. 4.000 us (0.0%)
[Performance] Application.Shutdown.StopPreloadManager                                                                              :        1 samples, Peak.  9.78 ms (1.0x), Avg.  9.78 ms, Total. 9.778 ms (0.0%)
[Performance] Application.Shutdown.DestroyWorld                                                                                    :        1 samples, Peak.  1.22 ms (1.0x), Avg.  1.22 ms, Total. 1.215 ms (0.0%)
[Performance] Application.Shutdown.CleanupAfterLoad                                                                                :        1 samples, Peak.   434 ms (1.0x), Avg.   434 ms, Total. 434.3 ms (1.2%)
[Performance] Application.Shutdown.Progress                                                                                        :        1 samples, Peak.  9.50 us (1.0x), Avg.  9.50 us, Total. 9.500 us (0.0%)
[Performance] Application.Shutdown.GICleanupManagers                                                                               :        1 samples, Peak.   678 us (1.0x), Avg.   678 us, Total. 678.0 us (0.0%)
[Performance] Application.Shutdown.MenuCleanupClass                                                                                :        1 samples, Peak.   673 us (1.0x), Avg.   673 us, Total. 673.4 us (0.0%)
[Performance] Application.Shutdown.ADBSaveStateBeforeShutdown                                                                      :        1 samples, Peak.  14.3 us (1.0x), Avg.  14.3 us, Total. 14.30 us (0.0%)
[Performance] Application.Shutdown.RemoteShutdown                                                                                  :        1 samples, Peak.  1.20 us (1.0x), Avg.  1.20 us, Total. 1.200 us (0.0%)
[Performance] Application.Shutdown.CleanupVCProvider                                                                               :        1 samples, Peak.  18.4 us (1.0x), Avg.  18.4 us, Total. 18.40 us (0.0%)
[Performance] Application.Shutdown.InputShutdown                                                                                   :        1 samples, Peak.   300 ns (1.0x), Avg.   300 ns, Total. 300.0 ns (0.0%)
[Performance] Application.Shutdown.GizmoManagerDestroy                                                                             :        1 samples, Peak.   995 us (1.0x), Avg.   995 us, Total. 995.4 us (0.0%)
[Performance] Application.Shutdown.ProfilerSession                                                                                 :        1 samples, Peak.   332 us (1.0x), Avg.   332 us, Total. 332.3 us (0.0%)
[Performance] Application.Shutdown.ReleaseGfxWindowOnAllGUIViews                                                                   :        1 samples, Peak.   500 ns (1.0x), Avg.   500 ns, Total. 500.0 ns (0.0%)
[Performance] Application.Shutdown.CleanupEngine                                                                                   :        1 samples, Peak.   251 ms (1.0x), Avg.   251 ms, Total. 250.7 ms (0.7%)
[Performance] Application.Shutdown.CleanupAssetDatabase                                                                            :        1 samples, Peak.  26.4 ms (1.0x), Avg.  26.4 ms, Total. 26.41 ms (0.1%)
[Performance] Application.Shutdown.ScriptCompilationCleanUp                                                                        :        1 samples, Peak.  82.3 ms (1.0x), Avg.  82.3 ms, Total. 82.26 ms (0.2%)
[Performance] Application.Shutdown.DestroyJobSystem                                                                                :        1 samples, Peak.   149 us (1.0x), Avg.   149 us, Total. 149.3 us (0.0%)
[Performance] Application.Shutdown.CleanupPersistentManager                                                                        :        1 samples, Peak.  10.3 ms (1.0x), Avg.  10.3 ms, Total. 10.29 ms (0.0%)
[Performance] Application.Shutdown.CleanupAsyncReadManager                                                                         :        1 samples, Peak.  1.05 ms (1.0x), Avg.  1.05 ms, Total. 1.050 ms (0.0%)
[Performance] Application.Shutdown.CleanupProgressBar                                                                              :        1 samples, Peak.   500 ns (1.0x), Avg.   500 ns, Total. 500.0 ns (0.0%)
[Performance] Application.Shutdown.CleanupMono                                                                                     :        1 samples, Peak.   295 ms (1.0x), Avg.   295 ms, Total. 295.4 ms (0.8%)
[Performance] Application.Shutdown.CleanupStdConverters                                                                            :        1 samples, Peak.  11.7 us (1.0x), Avg.  11.7 us, Total. 11.70 us (0.0%)
[Performance] Application.Shutdown.UnloadAllPlatformSupportModuleNativeDlls                                                        :        1 samples, Peak.   600 ns (1.0x), Avg.   600 ns, Total. 600.0 ns (0.0%)
[Performance] Application.Shutdown.UnloadAllPlatformSupportNativeLibraries                                                         :        1 samples, Peak.   100 ns (1.0x), Avg.   100 ns, Total. 100.0 ns (0.0%)
[Performance] Application.Shutdown.CleanupAutoDocumentation                                                                        :        1 samples, Peak.   599 us (1.0x), Avg.   599 us, Total. 598.5 us (0.0%)
[Performance] Application.Shutdown.ShaderNameManagerDestroy                                                                        :        1 samples, Peak.  88.9 us (1.0x), Avg.  88.9 us, Total. 88.90 us (0.0%)
[Performance] Application.Shutdown.CleanupCacheServer                                                                              :        1 samples, Peak.   400 ns (1.0x), Avg.   400 ns, Total. 400.0 ns (0.0%)
[Performance] Application.Shutdown.Virtualization_Shutdown                                                                         :        1 samples, Peak.   400 ns (1.0x), Avg.   400 ns, Total. 400.0 ns (0.0%)
[Performance] Application.Shutdown.DevConnections                                                                                  :        1 samples, Peak.   197 us (1.0x), Avg.   197 us, Total. 196.8 us (0.0%)
Checking for leaked weakptr:
  Found no leaked weakptrs.
[Package Manager] Server::Kill -- Server was shutdown
Memory Statistics:
[ALLOC_TEMP_TLS] TLS Allocator
  StackAllocators : 
    [ALLOC_TEMP_CurlRequest]
      Initial Block Size 64.0 KB
      Current Block Size 64.0 KB
      Peak Allocated Bytes 0 B
      Overflow Count 0
    [ALLOC_TEMP_MAIN]
      Initial Block Size 16.0 MB
      Current Block Size 40.4 MB
      Peak Allocated Bytes 18.9 MB
      Overflow Count 0
    [ALLOC_TEMP_Job.Worker 18]
      Initial Block Size 256.0 KB
      Current Block Size 256.0 KB
      Peak Allocated Bytes 1.6 KB
      Overflow Count 1
    [ALLOC_TEMP_Background Job.Worker 8]
      Initial Block Size 32.0 KB
      Current Block Size 32.0 KB
      Peak Allocated Bytes 54 B
      Overflow Count 0
    [ALLOC_TEMP_Job.Worker 4]
      Initial Block Size 256.0 KB
      Current Block Size 1.8 MB
      Peak Allocated Bytes 1.8 MB
      Overflow Count 0
    [ALLOC_TEMP_AUDIO_FMOD mixer thread]
      Initial Block Size 64.0 KB
      Current Block Size 64.0 KB
      Peak Allocated Bytes 54 B
      Overflow Count 0
    [ALLOC_TEMP_BakingJobs.Worker 5]
      Initial Block Size 256.0 KB
      Current Block Size 256.0 KB
      Peak Allocated Bytes 54 B
      Overflow Count 0
    [ALLOC_TEMP_BakingJobs.Worker 10]
      Initial Block Size 256.0 KB
      Current Block Size 256.0 KB
      Peak Allocated Bytes 54 B
      Overflow Count 0
    [ALLOC_TEMP_Background Job.Worker 3]
      Initial Block Size 32.0 KB
      Current Block Size 32.0 KB
      Peak Allocated Bytes 67 B
      Overflow Count 0
    [ALLOC_TEMP_BatchDeleteObjects]
      Initial Block Size 64.0 KB
      Current Block Size 64.0 KB
      Peak Allocated Bytes 54 B
      Overflow Count 0
    [ALLOC_TEMP_Background Job.Worker 11]
      Initial Block Size 32.0 KB
      Current Block Size 32.0 KB
      Peak Allocated Bytes 54 B
      Overflow Count 0
    [ALLOC_TEMP_REST Message Handler]
      Initial Block Size 64.0 KB
      Current Block Size 64.0 KB
      Peak Allocated Bytes 54 B
      Overflow Count 0
    [ALLOC_TEMP_CoreBusinessMetricsCache]
      Initial Block Size 64.0 KB
      Current Block Size 64.0 KB
      Peak Allocated Bytes 8.0 KB
      Overflow Count 0
    [ALLOC_TEMP_Job.Worker 13]
      Initial Block Size 256.0 KB
      Current Block Size 1.0 MB
      Peak Allocated Bytes 1.0 MB
      Overflow Count 1
    [ALLOC_TEMP_Background Job.Worker 2]
      Initial Block Size 32.0 KB
      Current Block Size 32.0 KB
      Peak Allocated Bytes 1.9 KB
      Overflow Count 0
    [ALLOC_TEMP_AssetDatabase.IOService]
      Initial Block Size 64.0 KB
      Current Block Size 64.0 KB
      Peak Allocated Bytes 54 B
      Overflow Count 0
    [ALLOC_TEMP_Job.Worker 10]
      Initial Block Size 256.0 KB
      Current Block Size 1.8 MB
      Peak Allocated Bytes 1.8 MB
      Overflow Count 0
    [ALLOC_TEMP_Job.Worker 15]
      Initial Block Size 256.0 KB
      Current Block Size 1.8 MB
      Peak Allocated Bytes 1.8 MB
      Overflow Count 0
    [ALLOC_TEMP_Job.Worker 12]
      Initial Block Size 256.0 KB
      Current Block Size 1.0 MB
      Peak Allocated Bytes 1.0 MB
      Overflow Count 1
    [ALLOC_TEMP_Loading.PreloadManager]
      Initial Block Size 32.0 MB
      Current Block Size 32.0 MB
      Peak Allocated Bytes 54 B
      Overflow Count 0
    [ALLOC_TEMP_Profiler.Dispatcher]
      Initial Block Size 64.0 KB
      Current Block Size 64.0 KB
      Peak Allocated Bytes 0 B
      Overflow Count 0
    [ALLOC_TEMP_Job.Worker 14]
      Initial Block Size 256.0 KB
      Current Block Size 1.0 MB
      Peak Allocated Bytes 1.0 MB
      Overflow Count 1
    [ALLOC_TEMP_Job.Worker 3]
      Initial Block Size 256.0 KB
      Current Block Size 1.8 MB
      Peak Allocated Bytes 1.8 MB
      Overflow Count 0
    [ALLOC_TEMP_BakingJobs.Worker 7]
      Initial Block Size 256.0 KB
      Current Block Size 256.0 KB
      Peak Allocated Bytes 54 B
      Overflow Count 0
    [ALLOC_TEMP_Job.Worker 17]
      Initial Block Size 256.0 KB
      Current Block Size 256.0 KB
      Peak Allocated Bytes 1.6 KB
      Overflow Count 1
    [ALLOC_TEMP_Background Job.Worker 5]
      Initial Block Size 32.0 KB
      Current Block Size 32.0 KB
      Peak Allocated Bytes 54 B
      Overflow Count 0
    [ALLOC_TEMP_Background Job.Worker 13]
      Initial Block Size 32.0 KB
      Current Block Size 32.0 KB
      Peak Allocated Bytes 54 B
      Overflow Count 0
    [ALLOC_TEMP_Job.Worker 2]
      Initial Block Size 256.0 KB
      Current Block Size 1.0 MB
      Peak Allocated Bytes 1.0 MB
      Overflow Count 1
    [ALLOC_TEMP_BakingJobs.Worker 6]
      Initial Block Size 256.0 KB
      Current Block Size 256.0 KB
      Peak Allocated Bytes 54 B
      Overflow Count 0
    [ALLOC_TEMP_Job.Worker 11]
      Initial Block Size 256.0 KB
      Current Block Size 1.8 MB
      Peak Allocated Bytes 1.8 MB
      Overflow Count 0
    [ALLOC_TEMP_Job.Worker 0]
      Initial Block Size 256.0 KB
      Current Block Size 256.0 KB
      Peak Allocated Bytes 1.4 KB
      Overflow Count 0
    [ALLOC_TEMP_Job.Worker 6]
      Initial Block Size 256.0 KB
      Current Block Size 1.0 MB
      Peak Allocated Bytes 1.0 MB
      Overflow Count 1
    [ALLOC_TEMP_Job.Worker 5]
      Initial Block Size 256.0 KB
      Current Block Size 1.8 MB
      Peak Allocated Bytes 1.8 MB
      Overflow Count 0
    [ALLOC_TEMP_Background Job.Worker 9]
      Initial Block Size 32.0 KB
      Current Block Size 32.0 KB
      Peak Allocated Bytes 54 B
      Overflow Count 0
    [ALLOC_TEMP_BakingJobs.Worker 8]
      Initial Block Size 256.0 KB
      Current Block Size 256.0 KB
      Peak Allocated Bytes 54 B
      Overflow Count 0
    [ALLOC_TEMP_Job.Worker 9]
      Initial Block Size 256.0 KB
      Current Block Size 1.0 MB
      Peak Allocated Bytes 1.0 MB
      Overflow Count 1
    [ALLOC_TEMP_DirMonitor]
      Initial Block Size 64.0 KB
      Current Block Size 64.0 KB
      Peak Allocated Bytes 0.8 KB
      Overflow Count 0
    [ALLOC_TEMP_BakingJobs.Worker 1]
      Initial Block Size 256.0 KB
      Current Block Size 256.0 KB
      Peak Allocated Bytes 54 B
      Overflow Count 0
    [ALLOC_TEMP_Loading.AsyncRead]
      Initial Block Size 64.0 KB
      Current Block Size 64.0 KB
      Peak Allocated Bytes 128 B
      Overflow Count 0
    [ALLOC_TEMP_Background Job.Worker 10]
      Initial Block Size 32.0 KB
      Current Block Size 32.0 KB
      Peak Allocated Bytes 54 B
      Overflow Count 0
    [ALLOC_TEMP_Job.Worker 16]
      Initial Block Size 256.0 KB
      Current Block Size 256.0 KB
      Peak Allocated Bytes 1.6 KB
      Overflow Count 1
    [ALLOC_TEMP_BakingJobs.Worker 9]
      Initial Block Size 256.0 KB
      Current Block Size 256.0 KB
      Peak Allocated Bytes 54 B
      Overflow Count 0
    [ALLOC_TEMP_AUDIO_FMOD (WASAPI) feeder thread]
      Initial Block Size 64.0 KB
      Current Block Size 64.0 KB
      Peak Allocated Bytes 168 B
      Overflow Count 0
    [ALLOC_TEMP_Background Job.Worker 6]
      Initial Block Size 32.0 KB
      Current Block Size 32.0 KB
      Peak Allocated Bytes 54 B
      Overflow Count 0
    [ALLOC_TEMP_Background Job.Worker 1]
      Initial Block Size 32.0 KB
      Current Block Size 212.0 KB
      Peak Allocated Bytes 128.5 KB
      Overflow Count 2
    [ALLOC_TEMP_BakingJobs.Worker 11]
      Initial Block Size 256.0 KB
      Current Block Size 256.0 KB
      Peak Allocated Bytes 54 B
      Overflow Count 0
    [ALLOC_TEMP_AUDIO_FMOD stream thread]
      Initial Block Size 64.0 KB
      Current Block Size 64.0 KB
      Peak Allocated Bytes 54 B
      Overflow Count 0
    [ALLOC_TEMP_BakingJobs.Worker 2]
      Initial Block Size 256.0 KB
      Current Block Size 256.0 KB
      Peak Allocated Bytes 54 B
      Overflow Count 0
    [ALLOC_TEMP_Background Job.Worker 7]
      Initial Block Size 32.0 KB
      Current Block Size 32.0 KB
      Peak Allocated Bytes 54 B
      Overflow Count 0
    [ALLOC_TEMP_Job.Worker 8]
      Initial Block Size 256.0 KB
      Current Block Size 1.8 MB
      Peak Allocated Bytes 1.8 MB
      Overflow Count 0
    [ALLOC_TEMP_Job.Worker 1]
      Initial Block Size 256.0 KB
      Current Block Size 1.8 MB
      Peak Allocated Bytes 1.8 MB
      Overflow Count 0
    [ALLOC_TEMP_BakingJobs.Worker 0]
      Initial Block Size 256.0 KB
      Current Block Size 256.0 KB
      Peak Allocated Bytes 54 B
      Overflow Count 0
    [ALLOC_TEMP_BakingJobs.Worker 3]
      Initial Block Size 256.0 KB
      Current Block Size 256.0 KB
      Peak Allocated Bytes 54 B
      Overflow Count 0
    [ALLOC_TEMP_EditorTaskManager]
      Initial Block Size 64.0 KB
      Current Block Size 68.0 KB
      Peak Allocated Bytes 64.0 KB
      Overflow Count 0
    [ALLOC_TEMP_Background Job.Worker 15]
      Initial Block Size 32.0 KB
      Current Block Size 32.0 KB
      Peak Allocated Bytes 54 B
      Overflow Count 0
    [ALLOC_TEMP_BakingJobs.Worker 4]
      Initial Block Size 256.0 KB
      Current Block Size 256.0 KB
      Peak Allocated Bytes 54 B
      Overflow Count 0
    [ALLOC_TEMP_Background Job.Worker 12]
      Initial Block Size 32.0 KB
      Current Block Size 32.0 KB
      Peak Allocated Bytes 54 B
      Overflow Count 0
    [ALLOC_TEMP_HTTP REST Server]
      Initial Block Size 64.0 KB
      Current Block Size 64.0 KB
      Peak Allocated Bytes 76 B
      Overflow Count 0
    [ALLOC_TEMP_BakingJobs.Worker 12]
      Initial Block Size 256.0 KB
      Current Block Size 256.0 KB
      Peak Allocated Bytes 54 B
      Overflow Count 0
    [ALLOC_TEMP_BakingJobs.Worker 13]
      Initial Block Size 256.0 KB
      Current Block Size 256.0 KB
      Peak Allocated Bytes 54 B
      Overflow Count 0
    [ALLOC_TEMP_AssetGarbageCollectorHelper] x 19
      Initial Block Size 64.0 KB
      Current Block Size 64.0 KB
      Peak Allocated Bytes 0 B
      Overflow Count 0
    [ALLOC_TEMP_Background Job.Worker 0]
      Initial Block Size 32.0 KB
      Current Block Size 32.0 KB
      Peak Allocated Bytes 54 B
      Overflow Count 0
    [ALLOC_TEMP_Background Job.Worker 4]
      Initial Block Size 32.0 KB
      Current Block Size 32.0 KB
      Peak Allocated Bytes 54 B
      Overflow Count 0
    [ALLOC_TEMP_Background Job.Worker 14]
      Initial Block Size 32.0 KB
      Current Block Size 32.0 KB
      Peak Allocated Bytes 54 B
      Overflow Count 0
    [ALLOC_TEMP_Job.Worker 7]
      Initial Block Size 256.0 KB
      Current Block Size 1.8 MB
      Peak Allocated Bytes 1.8 MB
      Overflow Count 0
    [ALLOC_TEMP_CloudJob.Worker 0] x 2
      Initial Block Size 32.0 KB
      Current Block Size 32.0 KB
      Peak Allocated Bytes 2.0 KB
      Overflow Count 0
[ALLOC_MEMORYPROFILER]
  Requested Block Size 1.0 MB
  Peak Block count 2
  Peak Allocated memory 1.5 MB
  Peak Large allocation bytes 0 B
[ALLOC_DEFAULT] Dual Thread Allocator
  Peak main deferred allocation count 1303
    [ALLOC_BUCKET]
      Large Block size 32.0 MB
      Used Block count 1
      Peak Allocated bytes 15.2 MB
    [ALLOC_DEFAULT_MAIN]
      Requested Block Size 16.0 MB
      Peak Block count 10
      Peak Allocated memory 246.4 MB
      Peak Large allocation bytes 100.4 MB
    [ALLOC_DEFAULT_THREAD]
      Requested Block Size 16.0 MB
      Peak Block count 1
      Peak Allocated memory 256.0 MB
      Peak Large allocation bytes 256.0 MB
[ALLOC_TEMP_JOB_1_FRAME]
  Initial Block Size 2.0 MB
  Used Block Count 0
  Overflow Count (too large) 0
  Overflow Count (full) 0
[ALLOC_TEMP_JOB_2_FRAMES]
  Initial Block Size 2.0 MB
  Used Block Count 0
  Overflow Count (too large) 0
  Overflow Count (full) 0
[ALLOC_TEMP_JOB_4_FRAMES (JobTemp)]
  Initial Block Size 2.0 MB
  Used Block Count 1
  Overflow Count (too large) 0
  Overflow Count (full) 0
[ALLOC_TEMP_JOB_ASYNC (Background)]
  Initial Block Size 1.0 MB
  Used Block Count 1
  Overflow Count (too large) 9
  Overflow Count (full) 0
[ALLOC_GFX] Dual Thread Allocator
  Peak main deferred allocation count 0
    [ALLOC_BUCKET]
      Large Block size 32.0 MB
      Used Block count 1
      Peak Allocated bytes 15.2 MB
    [ALLOC_GFX_MAIN]
      Requested Block Size 16.0 MB
      Peak Block count 2
      Peak Allocated memory 18.0 MB
      Peak Large allocation bytes 0 B
    [ALLOC_GFX_THREAD]
      Requested Block Size 16.0 MB
      Peak Block count 0
      Peak Allocated memory 0 B
      Peak Large allocation bytes 0 B
[ALLOC_CACHEOBJECTS] Dual Thread Allocator
  Peak main deferred allocation count 370
    [ALLOC_BUCKET]
      Large Block size 32.0 MB
      Used Block count 1
      Peak Allocated bytes 15.2 MB
    [ALLOC_CACHEOBJECTS_MAIN]
      Requested Block Size 4.0 MB
      Peak Block count 28
      Peak Allocated memory 102.4 MB
      Peak Large allocation bytes 22.4 MB
    [ALLOC_CACHEOBJECTS_THREAD]
      Requested Block Size 4.0 MB
      Peak Block count 1
      Peak Allocated memory 304 B
      Peak Large allocation bytes 0 B
[ALLOC_TYPETREE] Dual Thread Allocator
  Peak main deferred allocation count 542
    [ALLOC_BUCKET]
      Large Block size 32.0 MB
      Used Block count 1
      Peak Allocated bytes 15.2 MB
    [ALLOC_TYPETREE_MAIN]
      Requested Block Size 2.0 MB
      Peak Block count 22
      Peak Allocated memory 39.5 MB
      Peak Large allocation bytes 0 B
    [ALLOC_TYPETREE_THREAD]
      Requested Block Size 2.0 MB
      Peak Block count 1
      Peak Allocated memory 2.0 KB
      Peak Large allocation bytes 0 B
[ALLOC_PROFILER]
  Requested Block Size 16.0 MB
  Peak Block count 1
  Peak Allocated memory 430.8 KB
  Peak Large allocation bytes 0 B
    [ALLOC_PROFILER_BUCKET]
      Large Block size 32.0 MB
      Used Block count 1
      Peak Allocated bytes 4.1 KB
[ALLOC_PROFILER_EDITOR]
  Requested Block Size 1.0 MB
  Peak Block count 0
  Peak Allocated memory 0 B
  Peak Large allocation bytes 0 B
    [ALLOC_PROFILER_BUCKET]
      Large Block size 32.0 MB
      Used Block count 1
      Peak Allocated bytes 4.1 KB
##utp:{"type":"MemoryLeaks","version":2,"phase":"Immediate","time":1784592909063,"processId":201576,"allocatedMemory":30509770,"memoryLabels":[{"Default":20391},{"Permanent":15559},{"NewDelete":82768},{"Thread":4229412},{"Manager":34600},{"VertexData":12},{"Geometry":560},{"Texture":176},{"Shader":69604},{"Material":24},{"GfxDevice":57040},{"Animation":296},{"Audio":3928},{"FontEngine":272},{"Physics":513},{"Serialization":948},{"Input":14736},{"JobScheduler":33008},{"Mono":40},{"ScriptingNativeRuntime":191848},{"BaseObject":1626492},{"Resource":1360},{"Renderer":2304},{"Transform":16},{"File":888},{"WebCam":96},{"Culling":40},{"Terrain":1137},{"Wind":24},{"STL":48},{"String":17782},{"DynamicArray":151314},{"HashMap":107611},{"Utility":2664898},{"Curl":1424},{"PoolAlloc":1728},{"AI":104},{"TypeTree":4565},{"ScriptManager":640},{"RuntimeInitializeOnLoadManager":80},{"SpriteAtlas":128},{"GI":4072},{"Director":7960},{"CloudService":1360},{"WebRequest":688},{"VR":46073},{"SceneManager":568},{"Video":72},{"LazyScriptCache":40},{"NativeArray":12},{"Camera":25},{"Secure":1},{"SerializationCache":1584},{"APIUpdating":11872},{"Subsystems":392},{"VirtualTexturing":57896},{"StaticSafetyDebugInfo":327680},{"EditorGui":56},{"EditorUtility":32422},{"VersionControl":4},{"Undo":704},{"AssetDatabase":20630031},{"RestService":1414},{"EditorGi":376},{"License":3624},{"UnityConnect":25320},{"Collab":593},{"Upm":2032},{"DrivenProperties":96},{"LocalIPC":276},{"ProfilerEditor":10943},{"CoreBusinessMetrics":3090},{"AssetReference":40},{"IPCStream":40}]}
~StackAllocator(ALLOC_TEMP_MAIN) m_LastAlloc not NULL. Did you forget to call FreeAllStackAllocations()?
