[Licensing::Module] Trying to connect to existing licensing client channel...
[Licensing::IpcConnector] Successfully connected to the License Client on channel: "LicenseClient-Logan" at "2026-07-20T22:05:36.7152759Z"
[Licensing::Client] Error: Code 10 while verifying Licensing Client signature (process Id: 9444, path: "D:/UnityHub/Unity Hub/UnityLicensingClient_V1/Unity.Licensing.Client.exe")
[Licensing::Module] Error: LicensingClient has failed validation; ignoring
[Licensing::Client] Handshaking with LicensingClient:
  Version:                 1.17.0+aa6cfba
  Session Id:              b320ad5a11ab42b09746f0a34bfbcdcf
  Correlation Id:          035aaea857d0f91dcf09fa3b15b06911
  External correlation Id: 1476457047322570363
  Machine Id:              YnCgJ/3eXfqj/pKKnk6cl38u0EY=
[Licensing::Module] Successfully connected to LicensingClient on channel: "LicenseClient-Logan" (connect: 0.00s, validation: 0.01s, handshake: 0.09s)
[Licensing::IpcConnector] Successfully connected to the License Notification on channel: "LicenseClient-Logan-notifications" at "2026-07-20T22:05:36.8224283Z"
[Licensing::Module] Error: Access token is unavailable; failed to update
[Licensing::Client] Successfully updated license
Built from '2022.3/china_unity/release' branch; Version is '2022.3.34f1c1 (1e17368ca73f) revision 1972022'; Using compiler version '192829333'; Build Type 'Release'
OS: 'Windows 10  (10.0.19045) 64bit Professional' Language: 'zh' Physical Memory: 65349 MB
[Licensing::Client] Successfully resolved entitlements
[Licensing::Module] Serial number assigned to: "ewogICJzdWJzR3JvdXAiIDogInVuaXR5IGVkaXRvciIsCiAgIm5hbWVzcGFjZSIgOiAidW5pdHlfZWRpdG9yIiwKICAidHlwZSIgOiAiRURJVE9SIiwKICAidGFnIiA6ICJVbml0eVBlcnNvbmFsXXXX"
BatchMode: 1, IsHumanControllingUs: 0, StartBugReporterOnCrash: 0, Is64bit: 1, IsPro: 0

COMMAND LINE ARGUMENTS:
D:\Unity\HubEditor\2022.3.34f1\Editor\Unity.exe
-batchmode
-nographics
-quit
-projectPath
I:\GitHub\Unity_GAS\gameplay-ability-system-for-unity
-executeMethod
NTSD.Animation.Rendering.Editor.BattleRenderFeatureInstaller.Install
-logFile
I:\GitHub\Unity_GAS\gameplay-ability-system-for-unity\Unity-P4-Installer.log
Successfully changed project path to: I:\GitHub\Unity_GAS\gameplay-ability-system-for-unity
I:/GitHub/Unity_GAS/gameplay-ability-system-for-unity
[UnityMemory] Configuration Parameters - Can be set up in boot.config
    "memorysetup-bucket-allocator-granularity=16"
    "memorysetup-bucket-allocator-bucket-count=8"
    "memorysetup-bucket-allocator-block-size=33554432"
    "memorysetup-bucket-allocator-block-count=8"
    "memorysetup-main-allocator-block-size=16777216"
    "memorysetup-thread-allocator-block-size=16777216"
    "memorysetup-gfx-main-allocator-block-size=16777216"
    "memorysetup-gfx-thread-allocator-block-size=16777216"
    "memorysetup-cache-allocator-block-size=4194304"
    "memorysetup-typetree-allocator-block-size=2097152"
    "memorysetup-profiler-bucket-allocator-granularity=16"
    "memorysetup-profiler-bucket-allocator-bucket-count=8"
    "memorysetup-profiler-bucket-allocator-block-size=33554432"
    "memorysetup-profiler-bucket-allocator-block-count=8"
    "memorysetup-profiler-allocator-block-size=16777216"
    "memorysetup-profiler-editor-allocator-block-size=1048576"
    "memorysetup-temp-allocator-size-main=16777216"
    "memorysetup-job-temp-allocator-block-size=2097152"
    "memorysetup-job-temp-allocator-block-size-background=1048576"
    "memorysetup-job-temp-allocator-reduction-small-platforms=262144"
    "memorysetup-allocator-temp-initial-block-size-main=262144"
    "memorysetup-allocator-temp-initial-block-size-worker=262144"
    "memorysetup-temp-allocator-size-background-worker=32768"
    "memorysetup-temp-allocator-size-job-worker=262144"
    "memorysetup-temp-allocator-size-preload-manager=33554432"
    "memorysetup-temp-allocator-size-nav-mesh-worker=65536"
    "memorysetup-temp-allocator-size-audio-worker=65536"
    "memorysetup-temp-allocator-size-cloud-worker=32768"
    "memorysetup-temp-allocator-size-gi-baking-worker=262144"
    "memorysetup-temp-allocator-size-gfx=262144"
Player connection [201524] Host "[IP] 192.168.31.76 [Port] 55504 [Flags] 2 [Guid] 2931642514 [EditorId] 2931642514 [Version] 1048832 [Id] WindowsEditor(7,DESKTOP-MKTDPPS) [Debug] 1 [PackageName] WindowsEditor [ProjectName] Editor" joined multi-casting on [225.0.0.222:54997]...

Player connection [201524] Host "[IP] 192.168.31.76 [Port] 55504 [Flags] 2 [Guid] 2931642514 [EditorId] 2931642514 [Version] 1048832 [Id] WindowsEditor(7,DESKTOP-MKTDPPS) [Debug] 1 [PackageName] WindowsEditor [ProjectName] Editor" joined alternative multi-casting on [225.0.0.222:34997]...

[PhysX] Initialized MultithreadedTaskDispatcher with 20 workers.
[Package Manager] UpmClient::Connect -- Connected to IPC stream "Upm-214736" after 0.5 seconds.
[Licensing::Client] Successfully resolved entitlements
[Package Manager] Restoring resolved packages state from cache
[Licensing::Client] Successfully resolved entitlement details
[Package Manager] Registered 72 packages:
  Packages from [https://packages.unity.cn]:
    com.unity.cinemachine@2.10.0 (location: I:\GitHub\Unity_GAS\gameplay-ability-system-for-unity\Library\PackageCache\com.unity.cinemachine@2.10.0)
    com.unity.collab-proxy@2.3.1 (location: I:\GitHub\Unity_GAS\gameplay-ability-system-for-unity\Library\PackageCache\com.unity.collab-proxy@2.3.1)
    com.unity.ide.rider@3.0.28 (location: I:\GitHub\Unity_GAS\gameplay-ability-system-for-unity\Library\PackageCache\com.unity.ide.rider@3.0.28)
    com.unity.inputsystem@1.7.0 (location: I:\GitHub\Unity_GAS\gameplay-ability-system-for-unity\Library\PackageCache\com.unity.inputsystem@1.7.0)
    com.unity.mathematics@1.2.6 (location: I:\GitHub\Unity_GAS\gameplay-ability-system-for-unity\Library\PackageCache\com.unity.mathematics@1.2.6)
    com.unity.textmeshpro@3.0.6 (location: I:\GitHub\Unity_GAS\gameplay-ability-system-for-unity\Library\PackageCache\com.unity.textmeshpro@3.0.6)
    com.unity.timeline@1.7.6 (location: I:\GitHub\Unity_GAS\gameplay-ability-system-for-unity\Library\PackageCache\com.unity.timeline@1.7.6)
    com.unity.visualscripting@1.9.4 (location: I:\GitHub\Unity_GAS\gameplay-ability-system-for-unity\Library\PackageCache\com.unity.visualscripting@1.9.4)
    com.unity.burst@1.8.15 (location: I:\GitHub\Unity_GAS\gameplay-ability-system-for-unity\Library\PackageCache\com.unity.burst@1.8.15)
    com.unity.ext.nunit@1.0.6 (location: I:\GitHub\Unity_GAS\gameplay-ability-system-for-unity\Library\PackageCache\com.unity.ext.nunit@1.0.6)
    com.unity.ide.visualstudio@2.0.22 (location: I:\GitHub\Unity_GAS\gameplay-ability-system-for-unity\Library\PackageCache\com.unity.ide.visualstudio@2.0.22)
    com.unity.ide.vscode@1.2.5 (location: I:\GitHub\Unity_GAS\gameplay-ability-system-for-unity\Library\PackageCache\com.unity.ide.vscode@1.2.5)
    com.unity.editorcoroutines@1.0.0 (location: I:\GitHub\Unity_GAS\gameplay-ability-system-for-unity\Library\PackageCache\com.unity.editorcoroutines@1.0.0)
    com.unity.performance.profile-analyzer@1.2.2 (location: I:\GitHub\Unity_GAS\gameplay-ability-system-for-unity\Library\PackageCache\com.unity.performance.profile-analyzer@1.2.2)
    com.unity.test-framework@1.1.33 (location: I:\GitHub\Unity_GAS\gameplay-ability-system-for-unity\Library\PackageCache\com.unity.test-framework@1.1.33)
    com.unity.testtools.codecoverage@1.2.5 (location: I:\GitHub\Unity_GAS\gameplay-ability-system-for-unity\Library\PackageCache\com.unity.testtools.codecoverage@1.2.5)
    com.unity.2d.animation@9.1.1 (location: I:\GitHub\Unity_GAS\gameplay-ability-system-for-unity\Library\PackageCache\com.unity.2d.animation@9.1.1)
    com.unity.2d.pixel-perfect@5.0.3 (location: I:\GitHub\Unity_GAS\gameplay-ability-system-for-unity\Library\PackageCache\com.unity.2d.pixel-perfect@5.0.3)
    com.unity.2d.psdimporter@8.0.5 (location: I:\GitHub\Unity_GAS\gameplay-ability-system-for-unity\Library\PackageCache\com.unity.2d.psdimporter@8.0.5)
    com.unity.2d.spriteshape@9.0.3 (location: I:\GitHub\Unity_GAS\gameplay-ability-system-for-unity\Library\PackageCache\com.unity.2d.spriteshape@9.0.3)
    com.unity.2d.tilemap.extras@3.1.2 (location: I:\GitHub\Unity_GAS\gameplay-ability-system-for-unity\Library\PackageCache\com.unity.2d.tilemap.extras@3.1.2)
    com.unity.2d.aseprite@1.1.4 (location: I:\GitHub\Unity_GAS\gameplay-ability-system-for-unity\Library\PackageCache\com.unity.2d.aseprite@1.1.4)
    com.unity.nuget.newtonsoft-json@3.2.1 (location: I:\GitHub\Unity_GAS\gameplay-ability-system-for-unity\Library\PackageCache\com.unity.nuget.newtonsoft-json@3.2.1)
    com.unity.searcher@4.9.2 (location: I:\GitHub\Unity_GAS\gameplay-ability-system-for-unity\Library\PackageCache\com.unity.searcher@4.9.2)
    com.unity.settings-manager@2.0.1 (location: I:\GitHub\Unity_GAS\gameplay-ability-system-for-unity\Library\PackageCache\com.unity.settings-manager@2.0.1)
    com.unity.2d.common@8.0.2 (location: I:\GitHub\Unity_GAS\gameplay-ability-system-for-unity\Library\PackageCache\com.unity.2d.common@8.0.2)
    com.unity.collections@1.2.4 (location: I:\GitHub\Unity_GAS\gameplay-ability-system-for-unity\Library\PackageCache\com.unity.collections@1.2.4)
  Built-in packages:
    com.unity.feature.2d@2.0.1 (location: I:\GitHub\Unity_GAS\gameplay-ability-system-for-unity\Library\PackageCache\com.unity.feature.2d@2.0.1)
    com.unity.feature.development@1.0.1 (location: I:\GitHub\Unity_GAS\gameplay-ability-system-for-unity\Library\PackageCache\com.unity.feature.development@1.0.1)
    com.unity.render-pipelines.universal@14.0.11 (location: I:\GitHub\Unity_GAS\gameplay-ability-system-for-unity\Library\PackageCache\com.unity.render-pipelines.universal@14.0.11)
    com.unity.ugui@1.0.0 (location: I:\GitHub\Unity_GAS\gameplay-ability-system-for-unity\Library\PackageCache\com.unity.ugui@1.0.0)
    com.unity.modules.ai@1.0.0 (location: I:\GitHub\Unity_GAS\gameplay-ability-system-for-unity\Library\PackageCache\com.unity.modules.ai@1.0.0)
    com.unity.modules.androidjni@1.0.0 (location: I:\GitHub\Unity_GAS\gameplay-ability-system-for-unity\Library\PackageCache\com.unity.modules.androidjni@1.0.0)
    com.unity.modules.animation@1.0.0 (location: I:\GitHub\Unity_GAS\gameplay-ability-system-for-unity\Library\PackageCache\com.unity.modules.animation@1.0.0)
    com.unity.modules.assetbundle@1.0.0 (location: I:\GitHub\Unity_GAS\gameplay-ability-system-for-unity\Library\PackageCache\com.unity.modules.assetbundle@1.0.0)
    com.unity.modules.audio@1.0.0 (location: I:\GitHub\Unity_GAS\gameplay-ability-system-for-unity\Library\PackageCache\com.unity.modules.audio@1.0.0)
    com.unity.modules.cloth@1.0.0 (location: I:\GitHub\Unity_GAS\gameplay-ability-system-for-unity\Library\PackageCache\com.unity.modules.cloth@1.0.0)
    com.unity.modules.director@1.0.0 (location: I:\GitHub\Unity_GAS\gameplay-ability-system-for-unity\Library\PackageCache\com.unity.modules.director@1.0.0)
    com.unity.modules.imageconversion@1.0.0 (location: I:\GitHub\Unity_GAS\gameplay-ability-system-for-unity\Library\PackageCache\com.unity.modules.imageconversion@1.0.0)
    com.unity.modules.imgui@1.0.0 (location: I:\GitHub\Unity_GAS\gameplay-ability-system-for-unity\Library\PackageCache\com.unity.modules.imgui@1.0.0)
    com.unity.modules.jsonserialize@1.0.0 (location: I:\GitHub\Unity_GAS\gameplay-ability-system-for-unity\Library\PackageCache\com.unity.modules.jsonserialize@1.0.0)
    com.unity.modules.particlesystem@1.0.0 (location: I:\GitHub\Unity_GAS\gameplay-ability-system-for-unity\Library\PackageCache\com.unity.modules.particlesystem@1.0.0)
    com.unity.modules.physics@1.0.0 (location: I:\GitHub\Unity_GAS\gameplay-ability-system-for-unity\Library\PackageCache\com.unity.modules.physics@1.0.0)
    com.unity.modules.physics2d@1.0.0 (location: I:\GitHub\Unity_GAS\gameplay-ability-system-for-unity\Library\PackageCache\com.unity.modules.physics2d@1.0.0)
    com.unity.modules.screencapture@1.0.0 (location: I:\GitHub\Unity_GAS\gameplay-ability-system-for-unity\Library\PackageCache\com.unity.modules.screencapture@1.0.0)
    com.unity.modules.terrain@1.0.0 (location: I:\GitHub\Unity_GAS\gameplay-ability-system-for-unity\Library\PackageCache\com.unity.modules.terrain@1.0.0)
    com.unity.modules.terrainphysics@1.0.0 (location: I:\GitHub\Unity_GAS\gameplay-ability-system-for-unity\Library\PackageCache\com.unity.modules.terrainphysics@1.0.0)
    com.unity.modules.tilemap@1.0.0 (location: I:\GitHub\Unity_GAS\gameplay-ability-system-for-unity\Library\PackageCache\com.unity.modules.tilemap@1.0.0)
    com.unity.modules.ui@1.0.0 (location: I:\GitHub\Unity_GAS\gameplay-ability-system-for-unity\Library\PackageCache\com.unity.modules.ui@1.0.0)
    com.unity.modules.uielements@1.0.0 (location: I:\GitHub\Unity_GAS\gameplay-ability-system-for-unity\Library\PackageCache\com.unity.modules.uielements@1.0.0)
    com.unity.modules.umbra@1.0.0 (location: I:\GitHub\Unity_GAS\gameplay-ability-system-for-unity\Library\PackageCache\com.unity.modules.umbra@1.0.0)
    com.unity.modules.unityanalytics@1.0.0 (location: I:\GitHub\Unity_GAS\gameplay-ability-system-for-unity\Library\PackageCache\com.unity.modules.unityanalytics@1.0.0)
    com.unity.modules.unitywebrequest@1.0.0 (location: I:\GitHub\Unity_GAS\gameplay-ability-system-for-unity\Library\PackageCache\com.unity.modules.unitywebrequest@1.0.0)
    com.unity.modules.unitywebrequestassetbundle@1.0.0 (location: I:\GitHub\Unity_GAS\gameplay-ability-system-for-unity\Library\PackageCache\com.unity.modules.unitywebrequestassetbundle@1.0.0)
    com.unity.modules.unitywebrequestaudio@1.0.0 (location: I:\GitHub\Unity_GAS\gameplay-ability-system-for-unity\Library\PackageCache\com.unity.modules.unitywebrequestaudio@1.0.0)
    com.unity.modules.unitywebrequesttexture@1.0.0 (location: I:\GitHub\Unity_GAS\gameplay-ability-system-for-unity\Library\PackageCache\com.unity.modules.unitywebrequesttexture@1.0.0)
    com.unity.modules.unitywebrequestwww@1.0.0 (location: I:\GitHub\Unity_GAS\gameplay-ability-system-for-unity\Library\PackageCache\com.unity.modules.unitywebrequestwww@1.0.0)
    com.unity.modules.vehicles@1.0.0 (location: I:\GitHub\Unity_GAS\gameplay-ability-system-for-unity\Library\PackageCache\com.unity.modules.vehicles@1.0.0)
    com.unity.modules.video@1.0.0 (location: I:\GitHub\Unity_GAS\gameplay-ability-system-for-unity\Library\PackageCache\com.unity.modules.video@1.0.0)
    com.unity.modules.vr@1.0.0 (location: I:\GitHub\Unity_GAS\gameplay-ability-system-for-unity\Library\PackageCache\com.unity.modules.vr@1.0.0)
    com.unity.modules.wind@1.0.0 (location: I:\GitHub\Unity_GAS\gameplay-ability-system-for-unity\Library\PackageCache\com.unity.modules.wind@1.0.0)
    com.unity.modules.xr@1.0.0 (location: I:\GitHub\Unity_GAS\gameplay-ability-system-for-unity\Library\PackageCache\com.unity.modules.xr@1.0.0)
    com.unity.modules.subsystems@1.0.0 (location: I:\GitHub\Unity_GAS\gameplay-ability-system-for-unity\Library\PackageCache\com.unity.modules.subsystems@1.0.0)
    com.unity.render-pipelines.core@14.0.11 (location: I:\GitHub\Unity_GAS\gameplay-ability-system-for-unity\Library\PackageCache\com.unity.render-pipelines.core@14.0.11)
    com.unity.shadergraph@14.0.11 (location: I:\GitHub\Unity_GAS\gameplay-ability-system-for-unity\Library\PackageCache\com.unity.shadergraph@14.0.11)
    com.unity.render-pipelines.universal-config@14.0.10 (location: I:\GitHub\Unity_GAS\gameplay-ability-system-for-unity\Library\PackageCache\com.unity.render-pipelines.universal-config@14.0.10)
    com.unity.2d.sprite@1.0.0 (location: I:\GitHub\Unity_GAS\gameplay-ability-system-for-unity\Library\PackageCache\com.unity.2d.sprite@1.0.0)
    com.unity.2d.tilemap@1.0.0 (location: I:\GitHub\Unity_GAS\gameplay-ability-system-for-unity\Library\PackageCache\com.unity.2d.tilemap@1.0.0)
  Local packages:
    com.coplaydev.unity-mcp@file:I:\GitHub\Unity_GAS\unity-mcp\MCPForUnity (location: I:\GitHub\Unity_GAS\unity-mcp\MCPForUnity)
  Git packages:
    com.cysharp.unitask@https://github.com/Cysharp/UniTask.git?path=src/UniTask/Assets/Plugins/UniTask (location: I:\GitHub\Unity_GAS\gameplay-ability-system-for-unity\Library\PackageCache\com.cysharp.unitask@5cc97c7f00)
    com.exhard.exmaidforui@https://github.com/No78Vino/EXMaidForFGUIandLoxondon.git (location: I:\GitHub\Unity_GAS\gameplay-ability-system-for-unity\Library\PackageCache\com.exhard.exmaidforui@b469ae66a3)
    com.vovgou.loxodon-framework@https://github.com/vovgou/loxodon-framework.git?path=Loxodon.Framework/Assets/LoxodonFramework (location: I:\GitHub\Unity_GAS\gameplay-ability-system-for-unity\Library\PackageCache\com.vovgou.loxodon-framework@2fab55f00c)
[Subsystems] No new subsystems found in resolved package list.
Package Manager log level set to [2]
[Package Manager] Done registering packages in 0.11 seconds
Refreshing native plugins compatible for Editor in 54.26 ms, found 4 plugins.
Preloading 0 native plugins for Editor in 0.00 ms.
Initialize engine version: 2022.3.34f1c1 (1e17368ca73f)
[Subsystems] Discovering subsystems at path D:/Unity/HubEditor/2022.3.34f1/Editor/Data/Resources/UnitySubsystems
[Subsystems] Discovering subsystems at path I:/GitHub/Unity_GAS/gameplay-ability-system-for-unity/Assets
Forcing GfxDevice: Null
GfxDevice: creating device client; threaded=0; jobified=0
NullGfxDevice:
    Version:  NULL 1.0 [1.0]
    Renderer: Null Device
    Vendor:   Unity Technologies
Shader 'MoreMountains/MMRipple': fallback shader 'Particle/AlphaBlended' not found
Shader Hidden/ProbeVolume/VoxelizeScene is not supported: GPU does not support conservative rasterization
[Licensing::Client] Successfully resolved entitlements
Initialize mono
Mono path[0] = 'D:/Unity/HubEditor/2022.3.34f1/Editor/Data/Managed'
Mono path[1] = 'D:/Unity/HubEditor/2022.3.34f1/Editor/Data/MonoBleedingEdge/lib/mono/unityjit-win32'
Mono config path = 'D:/Unity/HubEditor/2022.3.34f1/Editor/Data/MonoBleedingEdge/etc'
Using monoOptions --debugger-agent=transport=dt_socket,embedding=1,server=y,suspend=n,address=127.0.0.1:56736
Using cacheserver namespaces - metadata:defaultmetadata, artifacts:defaultartifacts
Using cacheserver namespaces - metadata:defaultmetadata, artifacts:defaultartifacts
ImportWorker Server TCP listen port: 0
Begin MonoManager ReloadAssembly
Registering precompiled unity dll's ...
Register platform support module: D:/Unity/HubEditor/2022.3.34f1/Editor/Data/PlaybackEngines/WindowsStandaloneSupport/UnityEditor.WindowsStandalone.Extensions.dll
Registered in 0.012306 seconds.
- Loaded All Assemblies, in  0.359 seconds
Native extension for WindowsStandalone target not found
Mono: successfully reloaded assembly
- Finished resetting the current domain, in  0.255 seconds
Domain Reload Profiling: 598ms
	BeginReloadAssembly (107ms)
		ExecutionOrderSort (0ms)
		DisableScriptedObjects (0ms)
		BackupInstance (0ms)
		ReleaseScriptingObjects (0ms)
		CreateAndSetChildDomain (1ms)
	RebuildCommonClasses (28ms)
	RebuildNativeTypeToScriptingClass (6ms)
	initialDomainReloadingComplete (81ms)
	LoadAllAssembliesAndSetupDomain (120ms)
		LoadAssemblies (100ms)
		RebuildTransferFunctionScriptingTraits (0ms)
		AnalyzeDomain (117ms)
			TypeCache.Refresh (116ms)
				TypeCache.ScanAssembly (104ms)
			ScanForSourceGeneratedMonoScriptInfo (0ms)
			ResolveRequiredComponents (0ms)
	FinalizeReload (256ms)
		ReleaseScriptCaches (0ms)
		RebuildScriptCaches (0ms)
		SetupLoadedEditorAssemblies (193ms)
			LogAssemblyErrors (0ms)
			InitializePlatformSupportModulesInManaged (13ms)
			SetLoadedEditorAssemblies (6ms)
			RefreshPlugins (0ms)
			BeforeProcessingInitializeOnLoad (2ms)
			ProcessInitializeOnLoadAttributes (115ms)
			ProcessInitializeOnLoadMethodAttributes (58ms)
			AfterProcessingInitializeOnLoad (0ms)
			EditorAssembliesLoaded (0ms)
		ExecutionOrderSort2 (0ms)
		AwakeInstancesAfterBackupRestoration (0ms)
[Licensing::Client] Successfully resolved entitlements
Application.AssetDatabase Initial Refresh Start
info: Microsoft.Hosting.Lifetime[14]
      Now listening on: http://localhost:80
info: Microsoft.Hosting.Lifetime[0]
      Application started. Press Ctrl+C to shut down.
info: Microsoft.Hosting.Lifetime[0]
      Hosting environment: Production
info: Microsoft.Hosting.Lifetime[0]
      Content root path: I:\GitHub\Unity_GAS\gameplay-ability-system-for-unity\
info: Microsoft.AspNetCore.Hosting.Diagnostics[1]
      Request starting HTTP/2 POST http://ilpp/UnityILPP.PostProcessing/Ping application/grpc -
info: Microsoft.AspNetCore.Routing.EndpointMiddleware[0]
      Executing endpoint 'gRPC - /UnityILPP.PostProcessing/Ping'
info: Microsoft.AspNetCore.Routing.EndpointMiddleware[1]
      Executed endpoint 'gRPC - /UnityILPP.PostProcessing/Ping'
info: Microsoft.AspNetCore.Hosting.Diagnostics[2]
      Request finished HTTP/2 POST http://ilpp/UnityILPP.PostProcessing/Ping application/grpc - - 200 - application/grpc 44.3428ms
Starting: D:\Unity\HubEditor\2022.3.34f1\Editor\Data\bee_backend.exe --dont-print-to-structured-log --ipc --defer-dag-verification --dagfile="Library/Bee/1900b0aEDbg.dag" --continue-on-failure --profile="Library/Bee/backend1.traceevents" ScriptAssemblies
WorkingDir: I:/GitHub/Unity_GAS/gameplay-ability-system-for-unity
DisplayProgressbar: Compiling Scripts
info: Microsoft.AspNetCore.Hosting.Diagnostics[1]
      Request starting HTTP/2 POST http://ilpp/UnityILPP.PostProcessing/ConfigurePostProcessors application/grpc -
info: Microsoft.AspNetCore.Routing.EndpointMiddleware[0]
      Executing endpoint 'gRPC - /UnityILPP.PostProcessing/ConfigurePostProcessors'
warn: Unity.ILPP.Runner.PostProcessingAssemblyLoadContext[0]
      Assembly system.runtime.interopservices.windowsruntime has duplicate hint path. Ignoring "D:\Unity\HubEditor\2022.3.34f1\Editor\Data\UnityReferenceAssemblies\unity-4.8-api\Facades\System.Runtime.InteropServices.WindowsRuntime.dll" in favor of "D:\Unity\HubEditor\2022.3.34f1\Editor\Data\NetStandard\Extensions\2.0.0\System.Runtime.InteropServices.WindowsRuntime.dll"
warn: Unity.ILPP.Runner.PostProcessingAssemblyLoadContext[0]
      Assembly system.componentmodel.composition has duplicate hint path. Ignoring "D:\Unity\HubEditor\2022.3.34f1\Editor\Data\UnityReferenceAssemblies\unity-4.8-api\System.ComponentModel.Composition.dll" in favor of "D:\Unity\HubEditor\2022.3.34f1\Editor\Data\NetStandard\compat\2.1.0\shims\netfx\System.ComponentModel.Composition.dll"
info: Unity.ILPP.Runner.PostProcessingAssemblyLoadContext[0]
      Resolved Unity.Burst.Cecil, Version=0.11.4.0, Culture=neutral, PublicKeyToken=50cebf1cceb9d05e with Library\PackageCache\com.unity.burst@1.8.15\Unity.Burst.CodeGen\Unity.Burst.Cecil.dll
info: Microsoft.AspNetCore.Routing.EndpointMiddleware[1]
      Executed endpoint 'gRPC - /UnityILPP.PostProcessing/ConfigurePostProcessors'
info: Microsoft.AspNetCore.Hosting.Diagnostics[2]
      Request finished HTTP/2 POST http://ilpp/UnityILPP.PostProcessing/ConfigurePostProcessors application/grpc - - 200 - application/grpc 67.4855ms
ExitCode: 0 Duration: 0s554ms
[ 900/1195  0s] ILPP-Configuration Library/ilpp-configuration.nevergeneratedoutput
*** Tundra build success (0.50 seconds), 1 items updated, 1195 evaluated
AssetDatabase: script compilation time: 1.258777s
Begin MonoManager ReloadAssembly
Total cache size 268212962
Total cache size after purge 268212962
Symbol file data-000001FFC0982280 doesn't match image I:\GitHub\Unity_GAS\gameplay-ability-system-for-unity\Assets\Plugins\Sirenix\Assemblies\Sirenix.Reflection.Editor.dll
Symbol file LoadedFromMemory is not a mono symbol file
Symbol file data-000001FFCF3438B0 doesn't match image I:\GitHub\Unity_GAS\gameplay-ability-system-for-unity\Assets\Plugins\Sirenix\Assemblies\Sirenix.Serialization.dll
Symbol file LoadedFromMemory is not a mono symbol file
Symbol file data-000001FF9E284940 doesn't match image I:\GitHub\Unity_GAS\gameplay-ability-system-for-unity\Assets\Plugins\Sirenix\Assemblies\Sirenix.Serialization.Config.dll
Symbol file LoadedFromMemory is not a mono symbol file
Symbol file data-000001FFCF36B2E0 doesn't match image I:\GitHub\Unity_GAS\gameplay-ability-system-for-unity\Assets\Plugins\Sirenix\Assemblies\Sirenix.OdinInspector.Editor.dll
Symbol file LoadedFromMemory is not a mono symbol file
Symbol file data-000001FFCF53ED50 doesn't match image I:\GitHub\Unity_GAS\gameplay-ability-system-for-unity\Assets\Plugins\Sirenix\Assemblies\Sirenix.OdinInspector.Attributes.dll
Symbol file LoadedFromMemory is not a mono symbol file
Symbol file data-000001FFCF567560 doesn't match image I:\GitHub\Unity_GAS\gameplay-ability-system-for-unity\Assets\Plugins\Sirenix\Assemblies\Sirenix.Utilities.dll
Symbol file LoadedFromMemory is not a mono symbol file
Symbol file data-000001FFCF5BBCE0 doesn't match image I:\GitHub\Unity_GAS\gameplay-ability-system-for-unity\Assets\Plugins\Sirenix\Assemblies\Sirenix.Utilities.Editor.dll
Symbol file LoadedFromMemory is not a mono symbol file
Symbol file LoadedFromMemory is not a mono symbol file
- Loaded All Assemblies, in  1.430 seconds
Refreshing native plugins compatible for Editor in 34.51 ms, found 4 plugins.
Preloading 0 native plugins for Editor in 0.00 ms.
Refreshing native plugins compatible for Editor in 39.08 ms, found 4 plugins.
Native extension for WindowsStandalone target not found
Launched and connected shader compiler UnityShaderCompiler.exe after 0.06 seconds
Mono: successfully reloaded assembly
- Finished resetting the current domain, in  7.730 seconds
Domain Reload Profiling: 9120ms
	BeginReloadAssembly (240ms)
		ExecutionOrderSort (0ms)
		DisableScriptedObjects (6ms)
		BackupInstance (0ms)
		ReleaseScriptingObjects (0ms)
		CreateAndSetChildDomain (31ms)
	RebuildCommonClasses (46ms)
	RebuildNativeTypeToScriptingClass (12ms)
	initialDomainReloadingComplete (113ms)
	LoadAllAssembliesAndSetupDomain (978ms)
		LoadAssemblies (864ms)
		RebuildTransferFunctionScriptingTraits (0ms)
		AnalyzeDomain (265ms)
			TypeCache.Refresh (219ms)
				TypeCache.ScanAssembly (202ms)
			ScanForSourceGeneratedMonoScriptInfo (28ms)
			ResolveRequiredComponents (14ms)
	FinalizeReload (7731ms)
		ReleaseScriptCaches (0ms)
		RebuildScriptCaches (0ms)
		SetupLoadedEditorAssemblies (6522ms)
			LogAssemblyErrors (0ms)
			InitializePlatformSupportModulesInManaged (6ms)
			SetLoadedEditorAssemblies (4ms)
			RefreshPlugins (0ms)
			BeforeProcessingInitializeOnLoad (159ms)
			ProcessInitializeOnLoadAttributes (6027ms)
			ProcessInitializeOnLoadMethodAttributes (305ms)
			AfterProcessingInitializeOnLoad (19ms)
			EditorAssembliesLoaded (1ms)
		ExecutionOrderSort2 (0ms)
		AwakeInstancesAfterBackupRestoration (11ms)
Asset Pipeline Refresh (id=997fc74f86e694b4c887407bc5eedee1): Total: 16.498 seconds - Initiated by InitialRefreshV2(ForceSynchronousImport)
	Summary:
		Imports: total=2 (actual=0, local cache=2, cache server=0)
		Asset DB Process Time: managed=0 ms, native=5501 ms
		Asset DB Callback time: managed=17 ms, native=3 ms
		Scripting: domain reloads=1, domain reload time=9557 ms, compile time=1259 ms, other=158 ms
		Project Asset Count: scripts=10426, non-scripts=4934
		Asset File Changes: new=0, changed=0, moved=0, deleted=0
		Scan Filter Count: 0
	InvokeBeforeRefreshCallbacks: 3.376ms
	ApplyChangesToAssetFolders: 0.064ms
	Scan: 642.964ms
	OnSourceAssetsModified: 0.001ms
	GetAllGuidsForCategorization: 1.259ms
	CategorizeAssets: 284.121ms
	ImportOutOfDateAssets: 7899.244ms (6575.682ms without children)
		CompileScripts: 1258.936ms
		ReloadNativeAssets: 0.034ms
		UnloadImportedAssets: 56.683ms
		EnsureUptoDateAssetsAreRegisteredWithGuidPM: 4.610ms
		InitializingProgressBar: 0.001ms
		PostProcessAllAssetNotificationsAddChangedAssets: 0.001ms
		OnDemandSchedulerStart: 3.298ms
	PostProcessAllAssets: 17.335ms
	GatherAllCurrentPrimaryArtifactRevisions: 0.001ms
	UnloadStreamsBegin: 2.052ms
	PersistCurrentRevisions: 0.799ms
	UnloadStreamsEnd: 0.215ms
	GenerateScriptTypeHashes: 5.833ms
	Untracked: 7646.357ms
Application.AssetDatabase Initial Refresh End
Shader 'MoreMountains/MMRipple': fallback shader 'Particle/AlphaBlended' not found
Shader Hidden/ProbeVolume/VoxelizeScene is not supported: GPU does not support conservative rasterization
Scanning for USB devices : 5.245ms
Initializing Unity extensions:
[Licensing::Client] Successfully resolved entitlements
[MODES] ModeService[none].Initialize
[MODES] ModeService[none].LoadModes
[MODES] Loading mode Default (0) for mode-current-id-NTSD
[PhysX] Initialized MultithreadedTaskDispatcher with 20 workers.
ProgressiveSceneManager::Cancel()
Unloading 8 Unused Serialized files (Serialized files now loaded: 0)
Unloading 149 unused Assets / (0.5 MB). Loaded Objects now: 9117.
Memory consumption went from 291.3 MB to 290.8 MB.
Total: 29.674500 ms (FindLiveObjects: 0.747200 ms CreateObjectMapping: 0.437200 ms MarkObjects: 27.662600 ms  DeleteObjects: 0.825700 ms)

Start importing ProjectSettings/ProjectSettings.asset using Guid(00000000000000004000000000000000) Importer(-1,00000000000000000000000000000000) [PhysX] Initialized MultithreadedTaskDispatcher with 20 workers.
 -> (artifact id: '0ff3953d2439562cad7189a6f46b2dcd') in 0.014988 seconds
Start importing Assets/NTSD/New Universal Render Pipeline Asset_Renderer.asset using Guid(572c783e17cfe1345982e258d706403f) Importer(-1,00000000000000000000000000000000) [PhysX] Initialized MultithreadedTaskDispatcher with 20 workers.
 -> (artifact id: '8fa58ebdb57a277ae74a46a02a960ada') in 0.004677 seconds
Refreshing native plugins compatible for Editor in 60.08 ms, found 4 plugins.
Preloading 0 native plugins for Editor in 0.00 ms.
Asset Pipeline Refresh (id=02dae29c9f9e81f44ae8664675ab41f1): Total: 0.265 seconds - Initiated by StopAssetImportingV2(NoUpdateAssetOptions)
Start importing Assets/NTSD/New Universal Render Pipeline Asset_Renderer.asset using Guid(572c783e17cfe1345982e258d706403f) Importer(-1,00000000000000000000000000000000) [PhysX] Initialized MultithreadedTaskDispatcher with 20 workers.
 -> (artifact id: '8fa58ebdb57a277ae74a46a02a960ada') in 0.005487 seconds
Refreshing native plugins compatible for Editor in 42.28 ms, found 4 plugins.
Preloading 0 native plugins for Editor in 0.00 ms.
Asset Pipeline Refresh (id=3090973b787343b4ca9df91c03d09339): Total: 0.121 seconds - Initiated by StopAssetImportingV2(NoUpdateAssetOptions)
[BattleRenderFeatureInstaller] Installed and validated BattleRenderFeature.
UnityEngine.StackTraceUtility:ExtractStackTrace ()
UnityEngine.DebugLogHandler:LogFormat (UnityEngine.LogType,UnityEngine.Object,string,object[])
UnityEngine.Logger:Log (UnityEngine.LogType,object)
UnityEngine.Debug:Log (object)
NTSD.Animation.Rendering.Editor.BattleRenderFeatureInstaller:Install () (at Assets/NTSD/Scripts/Animation/Rendering/Editor/BattleRenderFeatureInstaller.cs:58)

(Filename: Assets/NTSD/Scripts/Animation/Rendering/Editor/BattleRenderFeatureInstaller.cs Line: 58)

Batchmode quit successfully invoked - shutting down!
Curl error 42: Callback aborted
[PhysX] Initialized MultithreadedTaskDispatcher with 20 workers.
[Licensing::IpcConnector] License Notification channel disconnected successfully.
[Licensing::IpcConnector] License Client channel disconnected successfully.
Cleanup mono
abort_threads: Failed aborting id: 0000000000030844, mono_thread_manage will ignore it

abort_threads: Failed aborting id: 0000000000031520, mono_thread_manage will ignore it

abort_threads: Failed aborting id: 0000000000030844, mono_thread_manage will ignore it

abort_threads: Failed aborting id: 0000000000031520, mono_thread_manage will ignore it

debugger-agent: Unable to listen on 6372
[Performance] WinEditorMain                                                                                                        :        1 samples, Peak.  1.75 s (1.0x), Avg.  1.75 s, Total. 1.751 s (6.5%)
[Performance] WinEditorMain.ConfigureCrashHandler                                                                                  :        1 samples, Peak.  22.6 us (1.0x), Avg.  22.6 us, Total. 22.60 us (0.0%)
[Performance] WinEditorMain.CurlRequestInitialize                                                                                  :        1 samples, Peak.  2.57 ms (1.0x), Avg.  2.57 ms, Total. 2.571 ms (0.0%)
[Performance] WinEditorMain.SetupLogFile                                                                                           :        1 samples, Peak.   854 us (1.0x), Avg.   854 us, Total. 853.9 us (0.0%)
[Performance] WinEditorMain.RunNativeTestsIfRequiredAndExit                                                                        :        1 samples, Peak.   300 ns (1.0x), Avg.   300 ns, Total. 300.0 ns (0.0%)
[Performance] WinEditorMain.Licensing                                                                                              :        1 samples, Peak.   379 ms (1.0x), Avg.   379 ms, Total. 379.0 ms (1.4%)
[Performance] WinEditorMain.InitializeCrashHandler                                                                                 :        1 samples, Peak.  14.3 ms (1.0x), Avg.  14.3 ms, Total. 14.26 ms (0.1%)
[Performance] WinEditorMain.CreateApplication                                                                                      :        1 samples, Peak.   848 us (1.0x), Avg.   848 us, Total. 848.2 us (0.0%)
[Performance] Application.InitializeProject                                                                                        :        1 samples, Peak.  23.1 s (1.0x), Avg.  23.1 s, Total. 23.13 s (86.0%)
[Performance] Application.PackageManager.StartServer                                                                               :        1 samples, Peak.  23.2 ms (1.0x), Avg.  23.2 ms, Total. 23.19 ms (0.1%)
[Performance] Application.AcquireProjectLock                                                                                       :        1 samples, Peak.  21.8 ms (1.0x), Avg.  21.8 ms, Total. 21.82 ms (0.1%)
[Performance] Application.InitializeEngineNoGraphics                                                                               :        1 samples, Peak.  60.6 ms (1.0x), Avg.  60.6 ms, Total. 60.59 ms (0.2%)
[Performance] Application.PackageManager.Initialize                                                                                :        1 samples, Peak.   452 ms (1.0x), Avg.   452 ms, Total. 452.3 ms (1.7%)
[Performance] Connecting to Package Manager                                                                                        :       46 samples, Peak.  84.3 us (18.6x), Avg.  4.54 us, Total. 208.8 us (0.0%)
[Performance] Application.EngineGraphics.Initialize                                                                                :        1 samples, Peak.   479 ms (1.0x), Avg.   479 ms, Total. 479.3 ms (1.8%)
[Performance] Application.GI.Initialize                                                                                            :        1 samples, Peak.  3.56 ms (1.0x), Avg.  3.56 ms, Total. 3.563 ms (0.0%)
[Performance] Application.LoadAllDefaultResourcesFromEditor                                                                        :        1 samples, Peak.  1.50 ms (1.0x), Avg.  1.50 ms, Total. 1.501 ms (0.0%)
[Performance] Application.LoadMonoAssemblies                                                                                       :        1 samples, Peak.   637 ms (1.0x), Avg.   637 ms, Total. 637.1 ms (2.4%)
[Performance] RestoreManagedReferences                                                                                             :        2 samples, Peak.  52.0 ms (2.0x), Avg.  26.0 ms, Total. 52.04 ms (0.2%)
[Performance] InitializeOnLoad MixerEffectDefinitionReloader                                                                       :        2 samples, Peak.  2.70 ms (1.2x), Avg.  2.32 ms, Total. 4.647 ms (0.0%)
[Performance] InitializeOnLoad SettingsService                                                                                     :        2 samples, Peak.  16.0 us (1.1x), Avg.  14.2 us, Total. 28.50 us (0.0%)
[Performance] InitializeOnLoad SceneSearch                                                                                         :        2 samples, Peak.   118 us (1.1x), Avg.   111 us, Total. 222.4 us (0.0%)
[Performance] InitializeOnLoad ObjectSelectorSearch                                                                                :        2 samples, Peak.   246 us (1.1x), Avg.   217 us, Total. 434.1 us (0.0%)
[Performance] InitializeOnLoad EditMode                                                                                            :        2 samples, Peak.   334 us (1.1x), Avg.   305 us, Total. 610.5 us (0.0%)
[Performance] InitializeOnLoad ProjectSearch                                                                                       :        2 samples, Peak.  81.4 us (1.4x), Avg.  57.1 us, Total. 114.2 us (0.0%)
[Performance] InitializeOnLoad WindowLayout                                                                                        :        2 samples, Peak.   440 us (1.1x), Avg.   395 us, Total. 790.5 us (0.0%)
[Performance] InitializeOnLoad DrivenRectTransformUndo                                                                             :        2 samples, Peak.   179 us (1.0x), Avg.   176 us, Total. 352.3 us (0.0%)
[Performance] InitializeOnLoad CacheServerWindow                                                                                   :        2 samples, Peak.  14.9 us (1.2x), Avg.  12.1 us, Total. 24.20 us (0.0%)
[Performance] InitializeOnLoad NativeFormatImporterUtility                                                                         :        2 samples, Peak.  2.02 ms (1.1x), Avg.  1.87 ms, Total. 3.746 ms (0.0%)
[Performance] InitializeOnLoad CloudBuild                                                                                          :        2 samples, Peak.  9.10 us (1.3x), Avg.  6.85 us, Total. 13.70 us (0.0%)
[Performance] InitializeOnLoad ManagedDebuggerWindow                                                                               :        2 samples, Peak.   606 us (1.4x), Avg.   443 us, Total. 885.1 us (0.0%)
[Performance] InitializeOnLoad PrefabInstanceChangedListener                                                                       :        2 samples, Peak.   124 us (1.1x), Avg.   116 us, Total. 232.2 us (0.0%)
[Performance] InitializeOnLoad AddComponentWindow                                                                                  :        2 samples, Peak.  85.3 us (1.0x), Avg.  82.5 us, Total. 164.9 us (0.0%)
[Performance] InitializeOnLoad ManagedDebugger                                                                                     :        2 samples, Peak.   700 ns (1.2x), Avg.   600 ns, Total. 1.200 us (0.0%)
[Performance] InitializeOnLoad MenuItems                                                                                           :        2 samples, Peak.  63.2 us (1.0x), Avg.  61.7 us, Total. 123.4 us (0.0%)
[Performance] InitializeOnLoad UISystemProfilerRenderService                                                                       :        2 samples, Peak.  6.60 us (1.2x), Avg.  5.50 us, Total. 11.00 us (0.0%)
[Performance] InitializeOnLoad AssetStoreContext                                                                                   :        2 samples, Peak.  20.2 ms (1.1x), Avg.  19.1 ms, Total. 38.19 ms (0.1%)
[Performance] InitializeOnLoad ShortcutIntegration                                                                                 :        2 samples, Peak.  65.3 us (1.1x), Avg.  60.0 us, Total. 119.9 us (0.0%)
[Performance] InitializeOnLoad PlayModeDownload                                                                                    :        2 samples, Peak.  4.83 ms (1.9x), Avg.  2.50 ms, Total. 5.004 ms (0.0%)
[Performance] InitializeOnLoad UnityConnect                                                                                        :        2 samples, Peak.  83.8 us (1.3x), Avg.  66.8 us, Total. 133.6 us (0.0%)
[Performance] InitializeOnLoad SearchService                                                                                       :        2 samples, Peak.   155 us (1.3x), Avg.   119 us, Total. 238.3 us (0.0%)
[Performance] InitializeOnLoad EditorMonitor                                                                                       :        2 samples, Peak.   507 us (1.1x), Avg.   469 us, Total. 938.1 us (0.0%)
[Performance] InitializeOnLoad RetainedMode                                                                                        :        2 samples, Peak.  1.73 ms (1.0x), Avg.  1.73 ms, Total. 3.461 ms (0.0%)
[Performance] InitializeOnLoad EditorShaderLoader                                                                                  :        2 samples, Peak.   499 us (1.0x), Avg.   476 us, Total. 951.4 us (0.0%)
[Performance] InitializeOnLoad EditorDelegateRegistration                                                                          :        2 samples, Peak.   418 us (1.1x), Avg.   394 us, Total. 788.0 us (0.0%)
[Performance] InitializeOnLoad UIDocumentHierarchyWatcher                                                                          :        2 samples, Peak.  81.3 us (1.2x), Avg.  69.5 us, Total. 138.9 us (0.0%)
[Performance] InitializeOnLoad LiveReloadTrackerCreator                                                                            :        2 samples, Peak.   123 us (1.0x), Avg.   123 us, Total. 246.6 us (0.0%)
[Performance] InitializeOnLoad UxmlObjectEditorFactories                                                                           :        2 samples, Peak.   363 us (1.0x), Avg.   358 us, Total. 715.1 us (0.0%)
[Performance] InitializeOnLoad UXMLEditorFactories                                                                                 :        2 samples, Peak.  47.4 ms (1.0x), Avg.  47.1 ms, Total. 94.29 ms (0.4%)
[Performance] InitializeOnLoad CloudBuildPoller                                                                                    :        2 samples, Peak.   287 us (1.0x), Avg.   275 us, Total. 549.5 us (0.0%)
[Performance] InitializeOnLoad AdsService                                                                                          :        2 samples, Peak.  1.35 ms (1.1x), Avg.  1.24 ms, Total. 2.482 ms (0.0%)
[Performance] InitializeOnLoad EditorGameServicesAnalytics                                                                         :        2 samples, Peak.  1.47 ms (1.6x), Avg.   895 us, Total. 1.790 ms (0.0%)
[Performance] InitializeOnLoad UDPService                                                                                          :        2 samples, Peak.   160 us (1.1x), Avg.   144 us, Total. 288.1 us (0.0%)
[Performance] InitializeOnLoad BuildService                                                                                        :        2 samples, Peak.   127 us (1.1x), Avg.   115 us, Total. 230.9 us (0.0%)
[Performance] InitializeOnLoad ServicesRepository                                                                                  :        2 samples, Peak.   800 ns (1.1x), Avg.   700 ns, Total. 1.400 us (0.0%)
[Performance] InitializeOnLoad PurchasingService                                                                                   :        2 samples, Peak.  4.17 ms (1.0x), Avg.  4.12 ms, Total. 8.237 ms (0.0%)
[Performance] InitializeOnLoad AnalyticsService                                                                                    :        2 samples, Peak.   163 us (1.0x), Avg.   162 us, Total. 323.3 us (0.0%)
[Performance] InitializeOnLoad CrashService                                                                                        :        2 samples, Peak.   194 us (1.1x), Avg.   181 us, Total. 361.1 us (0.0%)
[Performance] InitializeOnLoad SearchWindow                                                                                        :        2 samples, Peak.   143 us (1.2x), Avg.   123 us, Total. 246.9 us (0.0%)
[Performance] InitializeOnLoad CustomIndexers                                                                                      :        2 samples, Peak.  17.4 ms (1.1x), Avg.  15.2 ms, Total. 30.50 ms (0.1%)
[Performance] InitializeOnLoad SearchMonitor                                                                                       :        2 samples, Peak.   893 us (1.1x), Avg.   798 us, Total. 1.596 ms (0.0%)
[Performance] InitializeOnLoad ParameterControllerEditor                                                                           :        2 samples, Peak.  17.5 us (1.2x), Avg.  14.1 us, Total. 28.20 us (0.0%)
[Performance] InitializeOnLoad LayerSettingsWindow                                                                                 :        2 samples, Peak.  12.3 us (1.6x), Avg.  7.85 us, Total. 15.70 us (0.0%)
[Performance] InitializeOnLoad PackageManagerHookGUIDConverter.RegisterPackagesEventHandler                                        :        2 samples, Peak.   750 us (1.7x), Avg.   448 us, Total. 896.0 us (0.0%)
[Performance] InitializeOnLoad EditorDragAndDrop.RegisterEditorClient                                                              :        2 samples, Peak.   377 us (1.3x), Avg.   288 us, Total. 575.5 us (0.0%)
[Performance] InitializeOnLoad EditorEventCallbacks.InitializeFontAssetResourceChangeCallBacks                                     :        2 samples, Peak.  1.00 ms (1.0x), Avg.   969 us, Total. 1.938 ms (0.0%)
[Performance] InitializeOnLoad SceneTemplateService.Init                                                                           :        2 samples, Peak.  1.01 ms (1.2x), Avg.   835 us, Total. 1.669 ms (0.0%)
[Performance] InitializeOnLoad DiagnosticSwitchesConsoleMessage.Init                                                               :        2 samples, Peak.  18.2 ms (2.0x), Avg.  9.30 ms, Total. 18.60 ms (0.1%)
[Performance] InitializeOnLoad SysrootManager.Initialize                                                                           :        2 samples, Peak.   839 us (1.2x), Avg.   688 us, Total. 1.376 ms (0.0%)
[Performance] InitializeOnLoad RectSelection.RegisterShortcutContext                                                               :        2 samples, Peak.   460 us (1.1x), Avg.   405 us, Total. 810.4 us (0.0%)
[Performance] InitializeOnLoad PackageManagerWindow.EditorInitializedInSafeMode                                                    :        2 samples, Peak.  26.8 ms (2.0x), Avg.  13.5 ms, Total. 26.91 ms (0.1%)
[Performance] InitializeOnLoad EditorWindow.Initialize                                                                             :        2 samples, Peak.   285 us (1.1x), Avg.   260 us, Total. 521.0 us (0.0%)
[Performance] InitializeOnLoad AssetPostprocessingInternal.RefreshCustomDependencies                                               :        2 samples, Peak.  4.58 ms (1.4x), Avg.  3.22 ms, Total. 6.447 ms (0.0%)
[Performance] InitializeOnLoad ScopedRegistryAddedPopup.SubscribeToRegistriesAdded                                                 :        2 samples, Peak.  6.80 ms (2.0x), Avg.  3.45 ms, Total. 6.903 ms (0.0%)
[Performance] InitializeOnLoad SceneViewMotion.RegisterShortcutContexts                                                            :        2 samples, Peak.   172 us (1.2x), Avg.   140 us, Total. 279.6 us (0.0%)
[Performance] InitializeOnLoad MemoryProfilerCompilationGuard.InjectCompileGuard                                                   :        2 samples, Peak.   113 us (1.2x), Avg.  93.2 us, Total. 186.3 us (0.0%)
[Performance] InitializeOnLoad ToolShortcutContext.Init                                                                            :        2 samples, Peak.   145 us (1.3x), Avg.   115 us, Total. 230.9 us (0.0%)
[Performance] InitializeOnLoad SceneVisibilityManager.Initialize                                                                   :        2 samples, Peak.  4.69 ms (1.7x), Avg.  2.68 ms, Total. 5.360 ms (0.0%)
[Performance] AssemblyReloadEvents.afterAssemblyReload: UnityEditor.SceneTemplate.SceneTemplateService.AfterAssemblyReload         :        2 samples, Peak.  3.97 ms (1.8x), Avg.  2.20 ms, Total. 4.410 ms (0.0%)
[Performance] ProcessService.EditorAfterLoadAllAssemblies                                                                          :        2 samples, Peak.   405 us (1.1x), Avg.   385 us, Total. 769.4 us (0.0%)
[Performance] Application.ReadLicenseInfo                                                                                          :        1 samples, Peak.  16.1 ms (1.0x), Avg.  16.1 ms, Total. 16.12 ms (0.1%)
[Performance] Application.InitialRefresh                                                                                           :        1 samples, Peak.  16.5 s (1.0x), Avg.  16.5 s, Total. 16.50 s (61.4%)
[Performance] Compiling Scripts                                                                                                    :        1 samples, Peak.  1.26 s (1.0x), Avg.  1.26 s, Total. 1.259 s (4.7%)
[Performance] AssemblyReloadEvents.beforeAssemblyReload: UnityEditor.SceneTemplate.SceneTemplateService.BeforeAssemblyReload       :        1 samples, Peak.   659 us (1.0x), Avg.   659 us, Total. 658.8 us (0.0%)
[Performance] InitializeOnLoad InputSystem                                                                                         :        1 samples, Peak.  49.7 ms (1.0x), Avg.  49.7 ms, Total. 49.72 ms (0.2%)
[Performance] InitializeOnLoad TouchSimulation                                                                                     :        1 samples, Peak.   128 us (1.0x), Avg.   128 us, Total. 127.8 us (0.0%)
[Performance] InitializeOnLoad BurstLoader                                                                                         :        1 samples, Peak.  4.31 s (1.0x), Avg.  4.31 s, Total. 4.309 s (16.0%)
[Performance] InitializeOnLoad ShadowCasterGroup2DManager                                                                          :        1 samples, Peak.  89.5 us (1.0x), Avg.  89.5 us, Total. 89.50 us (0.0%)
[Performance] InitializeOnLoad OnDomainReload                                                                                      :        1 samples, Peak.   321 us (1.0x), Avg.   321 us, Total. 320.6 us (0.0%)
[Performance] InitializeOnLoad EditorInitialize                                                                                    :        4 samples, Peak.  17.7 ms (3.7x), Avg.  4.78 ms, Total. 19.11 ms (0.1%)
[Performance] InitializeOnLoad CanvasesAndTheirOwners                                                                              :        1 samples, Peak.   279 us (1.0x), Avg.   279 us, Total. 278.5 us (0.0%)
[Performance] InitializeOnLoad DeScriptExecutionOrderManager                                                                       :        1 samples, Peak.  21.7 ms (1.0x), Avg.  21.7 ms, Total. 21.67 ms (0.1%)
[Performance] InitializeOnLoad Initializer                                                                                         :        2 samples, Peak.   298 us (1.2x), Avg.   249 us, Total. 498.3 us (0.0%)
[Performance] InitializeOnLoad UnityVersion                                                                                        :        2 samples, Peak.   247 us (1.1x), Avg.   216 us, Total. 431.8 us (0.0%)
[Performance] InitializeOnLoad PrefabSelectionTracker                                                                              :        1 samples, Peak.   758 us (1.0x), Avg.   758 us, Total. 757.6 us (0.0%)
[Performance] InitializeOnLoad FormatterLocator                                                                                    :        1 samples, Peak.  8.62 ms (1.0x), Avg.  8.62 ms, Total. 8.622 ms (0.0%)
[Performance] InitializeOnLoad FormatterUtilities                                                                                  :        1 samples, Peak.   568 us (1.0x), Avg.   568 us, Total. 567.5 us (0.0%)
[Performance] InitializeOnLoad UnityEditorEventUtility                                                                             :        1 samples, Peak.  3.44 ms (1.0x), Avg.  3.44 ms, Total. 3.444 ms (0.0%)
[Performance] InitializeOnLoad SirenixEditorGUI                                                                                    :        1 samples, Peak.  4.33 ms (1.0x), Avg.  4.33 ms, Total. 4.334 ms (0.0%)
[Performance] InitializeOnLoad GUIHelper                                                                                           :        1 samples, Peak.  19.6 ms (1.0x), Avg.  19.6 ms, Total. 19.55 ms (0.1%)
[Performance] InitializeOnLoad SirenixGUIStyles                                                                                    :        1 samples, Peak.  1.50 us (1.0x), Avg.  1.50 us, Total. 1.500 us (0.0%)
[Performance] InitializeOnLoad AssemblyUtilities                                                                                   :        1 samples, Peak.   500 ns (1.0x), Avg.   500 ns, Total. 500.0 ns (0.0%)
[Performance] InitializeOnLoad ASTEmitter                                                                                          :        1 samples, Peak.  2.06 ms (1.0x), Avg.  2.06 ms, Total. 2.064 ms (0.0%)
[Performance] InitializeOnLoad OdinModuleConfig                                                                                    :        1 samples, Peak.  1.50 ms (1.0x), Avg.  1.50 ms, Total. 1.499 ms (0.0%)
[Performance] InitializeOnLoad ColorPaletteManager                                                                                 :        1 samples, Peak.  21.0 us (1.0x), Avg.  21.0 us, Total. 21.00 us (0.0%)
[Performance] InitializeOnLoad GeneralDrawerConfig                                                                                 :        1 samples, Peak.   187 us (1.0x), Avg.   187 us, Total. 186.7 us (0.0%)
[Performance] InitializeOnLoad FixUnityAboutWindowBeforeEmit                                                                       :        1 samples, Peak.   168 us (1.0x), Avg.   168 us, Total. 167.8 us (0.0%)
[Performance] InitializeOnLoad FixUnityAssemblyVersionResolution                                                                   :        1 samples, Peak.   203 us (1.0x), Avg.   203 us, Total. 202.9 us (0.0%)
[Performance] InitializeOnLoad OdinEditor                                                                                          :        1 samples, Peak.   159 us (1.0x), Avg.   159 us, Total. 158.8 us (0.0%)
[Performance] InitializeOnLoad FixUnityScriptableObjectDirtying                                                                    :        1 samples, Peak.   263 us (1.0x), Avg.   263 us, Total. 263.0 us (0.0%)
[Performance] InitializeOnLoad PersistentContextCache                                                                              :        1 samples, Peak.   228 us (1.0x), Avg.   228 us, Total. 227.9 us (0.0%)
[Performance] InitializeOnLoad UndoTracker                                                                                         :        1 samples, Peak.   116 us (1.0x), Avg.   116 us, Total. 115.7 us (0.0%)
[Performance] InitializeOnLoad BattleParityTraceEditor                                                                             :        1 samples, Peak.   161 us (1.0x), Avg.   161 us, Total. 160.6 us (0.0%)
[Performance] InitializeOnLoad BattleRuntimeSelfCheckEditor                                                                        :        1 samples, Peak.   133 us (1.0x), Avg.   133 us, Total. 133.1 us (0.0%)
[Performance] InitializeOnLoad ProbeGIBaking                                                                                       :        1 samples, Peak.  2.08 ms (1.0x), Avg.  2.08 ms, Total. 2.081 ms (0.0%)
[Performance] InitializeOnLoad FilterWindow                                                                                        :        1 samples, Peak.  34.8 us (1.0x), Avg.  34.8 us, Total. 34.80 us (0.0%)
[Performance] InitializeOnLoad RealtimeProbeSubdivisionDebug                                                                       :        1 samples, Peak.   433 us (1.0x), Avg.   433 us, Total. 433.3 us (0.0%)
[Performance] InitializeOnLoad CinemachineStoryboardMute                                                                           :        1 samples, Peak.   334 us (1.0x), Avg.   334 us, Total. 334.3 us (0.0%)
[Performance] InitializeOnLoad SaveDuringPlay                                                                                      :        1 samples, Peak.  60.4 us (1.0x), Avg.  60.4 us, Total. 60.40 us (0.0%)
[Performance] InitializeOnLoad CollectGizmoDrawers                                                                                 :        1 samples, Peak.  25.3 ms (1.0x), Avg.  25.3 ms, Total. 25.34 ms (0.1%)
[Performance] InitializeOnLoad CinemachineScreenComposerGuidesGlobalDraggable                                                      :        1 samples, Peak.   599 us (1.0x), Avg.   599 us, Total. 598.8 us (0.0%)
[Performance] InitializeOnLoad CinemachineEditorAnalytics                                                                          :        1 samples, Peak.  62.0 us (1.0x), Avg.  62.0 us, Total. 62.00 us (0.0%)
[Performance] InitializeOnLoad CreateRigWithUndo                                                                                   :        1 samples, Peak.   122 us (1.0x), Avg.   122 us, Total. 121.8 us (0.0%)
[Performance] InitializeOnLoad CreatePipelineWithUndo                                                                              :        1 samples, Peak.   214 us (1.0x), Avg.   214 us, Total. 214.4 us (0.0%)
[Performance] InitializeOnLoad SyncCacheEnabledSetting                                                                             :        1 samples, Peak.  1.32 ms (1.0x), Avg.  1.32 ms, Total. 1.317 ms (0.0%)
[Performance] InitializeOnLoad CinemachineColliderPrefs                                                                            :        1 samples, Peak.   649 us (1.0x), Avg.   649 us, Total. 648.7 us (0.0%)
[Performance] InitializeOnLoad MMInterfaceDefineSymbols                                                                            :        1 samples, Peak.  7.22 ms (1.0x), Avg.  7.22 ms, Total. 7.215 ms (0.0%)
[Performance] InitializeOnLoad EditorToolManager                                                                                   :        2 samples, Peak.  1.59 ms (1.8x), Avg.   894 us, Total. 1.789 ms (0.0%)
[Performance] InitializeOnLoad NodeClassCache                                                                                      :        1 samples, Peak.  4.80 us (1.0x), Avg.  4.80 us, Total. 4.800 us (0.0%)
[Performance] InitializeOnLoad ShaderGraphMaterialsUpdater                                                                         :        2 samples, Peak.   292 us (1.7x), Avg.   173 us, Total. 346.0 us (0.0%)
[Performance] InitializeOnLoad Renderer2DAnalytics                                                                                 :        1 samples, Peak.  71.6 us (1.0x), Avg.  71.6 us, Total. 71.60 us (0.0%)
[Performance] InitializeOnLoad MMPathMovementEditor                                                                                :        1 samples, Peak.  13.9 us (1.0x), Avg.  13.9 us, Total. 13.90 us (0.0%)
[Performance] InitializeOnLoad SceneViewIconEditor                                                                                 :        1 samples, Peak.  5.80 us (1.0x), Avg.  5.80 us, Total. 5.800 us (0.0%)
[Performance] InitializeOnLoad MMPathEditor                                                                                        :        1 samples, Peak.  4.80 us (1.0x), Avg.  4.80 us, Total. 4.800 us (0.0%)
[Performance] InitializeOnLoad BackgroundWatcher                                                                                   :        1 samples, Peak.   158 us (1.0x), Avg.   158 us, Total. 157.8 us (0.0%)
[Performance] InitializeOnLoad UnityTestProtocolStarter                                                                            :        1 samples, Peak.   264 us (1.0x), Avg.   264 us, Total. 264.2 us (0.0%)
[Performance] InitializeOnLoad TestStarter                                                                                         :        1 samples, Peak.  1.62 ms (1.0x), Avg.  1.62 ms, Total. 1.615 ms (0.0%)
[Performance] InitializeOnLoad RerunCallbackInitializer                                                                            :        1 samples, Peak.  5.05 ms (1.0x), Avg.  5.05 ms, Total. 5.054 ms (0.0%)
[Performance] InitializeOnLoad RiderScriptEditor                                                                                   :        1 samples, Peak.  14.7 ms (1.0x), Avg.  14.7 ms, Total. 14.71 ms (0.1%)
[Performance] InitializeOnLoad CallbackInitializer                                                                                 :        1 samples, Peak.  1.63 ms (1.0x), Avg.  1.63 ms, Total. 1.628 ms (0.0%)
[Performance] InitializeOnLoad SpriteEditorWindow                                                                                  :        1 samples, Peak.   374 us (1.0x), Avg.   374 us, Total. 374.3 us (0.0%)
[Performance] InitializeOnLoad CoverageReporterStarter                                                                             :        1 samples, Peak.  5.94 ms (1.0x), Avg.  5.94 ms, Total. 5.941 ms (0.0%)
[Performance] InitializeOnLoad BackgroundImport                                                                                    :        1 samples, Peak.   278 us (1.0x), Avg.   278 us, Total. 277.8 us (0.0%)
[Performance] InitializeOnLoad HttpBridgeReloadHandler                                                                             :        1 samples, Peak.   802 us (1.0x), Avg.   802 us, Total. 801.9 us (0.0%)
[Performance] InitializeOnLoad SetupWindowService                                                                                  :        1 samples, Peak.   244 us (1.0x), Avg.   244 us, Total. 244.4 us (0.0%)
[Performance] InitializeOnLoad ProjectIdentityUtility                                                                              :        1 samples, Peak.   292 us (1.0x), Avg.   292 us, Total. 291.5 us (0.0%)
[Performance] InitializeOnLoad HttpAutoStartHandler                                                                                :        1 samples, Peak.   193 us (1.0x), Avg.   193 us, Total. 193.1 us (0.0%)
[Performance] InitializeOnLoad TestRunnerNoThrottle                                                                                :        1 samples, Peak.   772 us (1.0x), Avg.   772 us, Total. 771.7 us (0.0%)
[Performance] InitializeOnLoad PlayModeOptionsGuard                                                                                :        1 samples, Peak.   437 us (1.0x), Avg.   437 us, Total. 436.6 us (0.0%)
[Performance] InitializeOnLoad TransportCommandDispatcher                                                                          :        1 samples, Peak.   738 ms (1.0x), Avg.   738 ms, Total. 738.4 ms (2.7%)
[Performance] InitializeOnLoad StdioBridgeHost                                                                                     :        1 samples, Peak.   423 us (1.0x), Avg.   423 us, Total. 422.9 us (0.0%)
[Performance] InitializeOnLoad StdIoVersionMigration                                                                               :        1 samples, Peak.  60.2 us (1.0x), Avg.  60.2 us, Total. 60.20 us (0.0%)
[Performance] InitializeOnLoad LegacyServerSrcMigration                                                                            :        1 samples, Peak.  39.9 us (1.0x), Avg.  39.9 us, Total. 39.90 us (0.0%)
[Performance] InitializeOnLoad EditorStateCache                                                                                    :        1 samples, Peak.  90.4 ms (1.0x), Avg.  90.4 ms, Total. 90.43 ms (0.3%)
[Performance] InitializeOnLoad McpEditorShutdownCleanup                                                                            :        1 samples, Peak.   298 us (1.0x), Avg.   298 us, Total. 297.8 us (0.0%)
[Performance] InitializeOnLoad StdioBridgeReloadHandler                                                                            :        1 samples, Peak.  97.0 us (1.0x), Avg.  97.0 us, Total. 97.00 us (0.0%)
[Performance] InitializeOnLoad VSCodeScriptEditor                                                                                  :        1 samples, Peak.  4.25 ms (1.0x), Avg.  4.25 ms, Total. 4.253 ms (0.0%)
[Performance] InitializeOnLoad PrefabLayoutRebuilder                                                                               :        1 samples, Peak.   200 us (1.0x), Avg.   200 us, Total. 200.4 us (0.0%)
[Performance] InitializeOnLoad InventoryEngineDefineSymbols                                                                        :        1 samples, Peak.   233 us (1.0x), Avg.   233 us, Total. 233.4 us (0.0%)
[Performance] InitializeOnLoad PlasticPlugin                                                                                       :        1 samples, Peak.  41.3 ms (1.0x), Avg.  41.3 ms, Total. 41.33 ms (0.2%)
[Performance] InitializeOnLoad VSUsageUtility                                                                                      :        1 samples, Peak.  80.7 ms (1.0x), Avg.  80.7 ms, Total. 80.65 ms (0.3%)
[Performance] InitializeOnLoad ToolbarBootstrap                                                                                    :        1 samples, Peak.   421 ms (1.0x), Avg.   421 ms, Total. 420.8 ms (1.6%)
[Performance] Package.AsyncRequest                                                                                                 :        6 samples, Peak.  1.82 ms (3.1x), Avg.   593 us, Total. 3.556 ms (0.0%)
[Performance] InitializeOnLoad VisualStudioEditor                                                                                  :        1 samples, Peak.  6.96 ms (1.0x), Avg.  6.96 ms, Total. 6.959 ms (0.0%)
[Performance] InitializeOnLoad TestRunnerApiListener                                                                               :        1 samples, Peak.   930 us (1.0x), Avg.   930 us, Total. 929.6 us (0.0%)
[Performance] InitializeOnLoad VisualStudioIntegration                                                                             :        1 samples, Peak.  1.63 ms (1.0x), Avg.  1.63 ms, Total. 1.630 ms (0.0%)
[Performance] InitializeOnLoad SpriteSkinCompositeStartup                                                                          :        1 samples, Peak.  13.4 ms (1.0x), Avg.  13.4 ms, Total. 13.40 ms (0.0%)
[Performance] InitializeOnLoad ProCamera2DHierarchyIcon                                                                            :        1 samples, Peak.   228 us (1.0x), Avg.   228 us, Total. 227.9 us (0.0%)
[Performance] InitializeOnLoad UnityAnalyticsStorage                                                                               :        1 samples, Peak.   290 us (1.0x), Avg.   290 us, Total. 290.0 us (0.0%)
[Performance] InitializeOnLoad BoneGizmoInitializer                                                                                :        1 samples, Peak.  4.38 ms (1.0x), Avg.  4.38 ms, Total. 4.384 ms (0.0%)
[Performance] InitializeOnLoad Analytics                                                                                           :        1 samples, Peak.   229 us (1.0x), Avg.   229 us, Total. 229.4 us (0.0%)
[Performance] InitializeOnLoad EditorExecutors                                                                                     :        1 samples, Peak.   241 us (1.0x), Avg.   241 us, Total. 240.6 us (0.0%)
[Performance] InitializeOnLoad SceneDragAndDrop                                                                                    :        1 samples, Peak.   153 us (1.0x), Avg.   153 us, Total. 152.7 us (0.0%)
[Performance] InitializeOnLoad SpriteShapeUpdateCache                                                                              :        1 samples, Peak.   421 us (1.0x), Avg.   421 us, Total. 421.1 us (0.0%)
[Performance] InitializeOnLoad SpriteShapeUnityAnalyticsStorage                                                                    :        1 samples, Peak.  13.0 us (1.0x), Avg.  13.0 us, Total. 13.00 us (0.0%)
[Performance] InitializeOnLoad PersistentAssemblyGuidUpdater.Init                                                                  :        1 samples, Peak.   220 us (1.0x), Avg.   220 us, Total. 220.4 us (0.0%)
[Performance] InitializeOnLoad SdfIcons.FixBug                                                                                     :        1 samples, Peak.   161 ms (1.0x), Avg.   161 ms, Total. 160.9 ms (0.6%)
[Performance] InitializeOnLoad GUITimeHelper.Init                                                                                  :        1 samples, Peak.   505 us (1.0x), Avg.   505 us, Total. 505.0 us (0.0%)
[Performance] InitializeOnLoad EnsureEditorOnlyModeDefine.EnsureScriptingDefineSymbol                                              :        1 samples, Peak.  1.71 ms (1.0x), Avg.  1.71 ms, Total. 1.706 ms (0.0%)
[Performance] InitializeOnLoad ColorPaletteManager.LoadEditorPrefs                                                                 :        1 samples, Peak.   807 us (1.0x), Avg.   807 us, Total. 807.4 us (0.0%)
[Performance] InitializeOnLoad AcceptEULAWindow.OpenIfNotAccepted                                                                  :        1 samples, Peak.   104 us (1.0x), Avg.   104 us, Total. 104.4 us (0.0%)
[Performance] InitializeOnLoad EnsureOdinInspectorDefine.EnsureScriptingDefineSymbol                                               :        1 samples, Peak.   165 us (1.0x), Avg.   165 us, Total. 165.3 us (0.0%)
[Performance] InitializeOnLoad InspectorConfig.RemoveObsoleteGeneratedOdinEditorsDLL                                               :        1 samples, Peak.   318 us (1.0x), Avg.   318 us, Total. 317.8 us (0.0%)
[Performance] InitializeOnLoad ImguiElementUtils.Init                                                                              :        1 samples, Peak.  1.16 ms (1.0x), Avg.  1.16 ms, Total. 1.163 ms (0.0%)
[Performance] InitializeOnLoad GettingStartedWindow.AutoOpen                                                                       :        1 samples, Peak.   352 us (1.0x), Avg.   352 us, Total. 351.6 us (0.0%)
[Performance] InitializeOnLoad CheckForUpdatesWindow.DailyCheckForUpdates                                                          :        1 samples, Peak.   345 us (1.0x), Avg.   345 us, Total. 345.0 us (0.0%)
[Performance] InitializeOnLoad UnitySerializationInitializer.InitializeEditor                                                      :        1 samples, Peak.  10.2 ms (1.0x), Avg.  10.2 ms, Total. 10.21 ms (0.0%)
[Performance] InitializeOnLoad UnitySerializationUtility.SubscribeToDomainReloadEvents                                             :        1 samples, Peak.  2.53 ms (1.0x), Avg.  2.53 ms, Total. 2.525 ms (0.0%)
[Performance] InitializeOnLoad IKEditorManager.CreateInstance                                                                      :        1 samples, Peak.  2.36 ms (1.0x), Avg.  2.36 ms, Total. 2.357 ms (0.0%)
[Performance] InitializeOnLoad $BurstDirectCallInitializer.Initialize                                                              :        7 samples, Peak.  29.4 ms (3.6x), Avg.  8.04 ms, Total. 56.29 ms (0.2%)
[Performance] InitializeOnLoad SceneViewGridManager.Initialize                                                                     :        1 samples, Peak.  3.50 ms (1.0x), Avg.  3.50 ms, Total. 3.496 ms (0.0%)
[Performance] InitializeOnLoad TilemapPrefabStageHelper.Initialize                                                                 :        1 samples, Peak.  1.45 ms (1.0x), Avg.  1.45 ms, Total. 1.451 ms (0.0%)
[Performance] InitializeOnLoad SceneViewOpenTilePaletteHelper.Initialize                                                           :        1 samples, Peak.  2.00 ms (1.0x), Avg.  2.00 ms, Total. 2.002 ms (0.0%)
[Performance] InitializeOnLoad TileDragAndDropManager.Initialize                                                                   :        1 samples, Peak.  1.01 ms (1.0x), Avg.  1.01 ms, Total. 1.012 ms (0.0%)
[Performance] InitializeOnLoad PlayerLoopHelper.InitOnEditor                                                                       :        1 samples, Peak.  3.48 ms (1.0x), Avg.  3.48 ms, Total. 3.479 ms (0.0%)
[Performance] InitializeOnLoad VisualStudioEditor.LegacyVisualStudioCodePackageDisabler                                            :        1 samples, Peak.  2.37 ms (1.0x), Avg.  2.37 ms, Total. 2.371 ms (0.0%)
[Performance] InitializeOnLoad MaterialReimporter.RegisterUpgraderReimport                                                         :        2 samples, Peak.   189 us (1.5x), Avg.   123 us, Total. 246.3 us (0.0%)
[Performance] InitializeOnLoad MMExecutionOrderAttribute.ModifyExecutionOrder                                                      :        1 samples, Peak.  6.24 ms (1.0x), Avg.  6.24 ms, Total. 6.245 ms (0.0%)
[Performance] InitializeOnLoad ExecuteCode.OnDomainReload                                                                          :        1 samples, Peak.   390 us (1.0x), Avg.   390 us, Total. 390.2 us (0.0%)
[Performance] InitializeOnLoad McpLogRecord.RefreshFromPrefs                                                                       :        1 samples, Peak.   320 us (1.0x), Avg.   320 us, Total. 320.4 us (0.0%)
[Performance] InitializeOnLoad UnityReflect.OnLoad                                                                                 :        1 samples, Peak.   314 us (1.0x), Avg.   314 us, Total. 314.2 us (0.0%)
[Performance] InitializeOnLoad GetMenuItems.BuildCache                                                                             :        1 samples, Peak.  7.12 ms (1.0x), Avg.  7.12 ms, Total. 7.125 ms (0.0%)
[Performance] InitializeOnLoad BackgroundImport.Setup                                                                              :        1 samples, Peak.  2.84 ms (1.0x), Avg.  2.84 ms, Total. 2.839 ms (0.0%)
[Performance] InitializeOnLoad TestJobDataHolder.ResumeRunningJobs                                                                 :        1 samples, Peak.  2.42 ms (1.0x), Avg.  2.42 ms, Total. 2.424 ms (0.0%)
[Performance] InitializeOnLoad AnalyticsReporter.RegisterCallbacks                                                                 :        1 samples, Peak.   436 us (1.0x), Avg.   436 us, Total. 435.8 us (0.0%)
[Performance] InitializeOnLoad CoreRenderPipelinePreferences.InitPreferenceProviders                                               :        1 samples, Peak.  12.6 ms (1.0x), Avg.  12.6 ms, Total. 12.60 ms (0.0%)
[Performance] InitializeOnLoad VolumeGizmoDrawer.InitVolumeGizmoCallbacks                                                          :        1 samples, Peak.   371 us (1.0x), Avg.   371 us, Total. 370.5 us (0.0%)
[Performance] InitializeOnLoad DebugManagerWindowLifetimeAnalytic.SubscribeToDebugManagerOpenCloseWindows                          :        1 samples, Peak.  1.06 ms (1.0x), Avg.  1.06 ms, Total. 1.061 ms (0.0%)
[Performance] InitializeOnLoad EditorToolSet.Startup                                                                               :        1 samples, Peak.   190 us (1.0x), Avg.   190 us, Total. 189.5 us (0.0%)
[Performance] DidReloadScriptsCustomEditorLoader.LoadCustomEditors                                                                 :        1 samples, Peak.  2.00 ms (1.0x), Avg.  2.00 ms, Total. 1.996 ms (0.0%)
[Performance] DidReloadScriptsCinemachineExtension.OnScriptReload                                                                  :        1 samples, Peak.   381 us (1.0x), Avg.   381 us, Total. 381.4 us (0.0%)
[Performance] DidReloadScriptsCinemachineVirtualCameraBase.OnScriptReload                                                          :        1 samples, Peak.  74.8 us (1.0x), Avg.  74.8 us, Total. 74.80 us (0.0%)
[Performance] DidReloadScriptsRenderPipelineDefines.OnScriptsReloaded                                                              :        1 samples, Peak.  1.01 s (1.0x), Avg.  1.01 s, Total. 1.007 s (3.7%)
[Performance] DidReloadScriptsAdvancedDropdownWindow.OnScriptReload                                                                :        2 samples, Peak.   230 us (1.0x), Avg.   220 us, Total. 439.6 us (0.0%)
[Performance] DidReloadScriptsTestRunnerWindow.CompilationCallback                                                                 :        1 samples, Peak.   254 us (1.0x), Avg.   254 us, Total. 254.0 us (0.0%)
[Performance] DidReloadScriptsTestListCache.ScriptReloaded                                                                         :        1 samples, Peak.  1.76 ms (1.0x), Avg.  1.76 ms, Total. 1.756 ms (0.0%)
[Performance] DidReloadScriptsVolumeComponentEditor.OnEditorReload                                                                 :        1 samples, Peak.  10.2 ms (1.0x), Avg.  10.2 ms, Total. 10.19 ms (0.0%)
[Performance] DidReloadScriptsDebugWindow.OnEditorReload                                                                           :        1 samples, Peak.  6.08 ms (1.0x), Avg.  6.08 ms, Total. 6.082 ms (0.0%)
[Performance] DidReloadScriptsLookDev.OnEditorReload                                                                               :        1 samples, Peak.   271 us (1.0x), Avg.   271 us, Total. 271.3 us (0.0%)
[Performance] AssemblyReloadEvents.afterAssemblyReload: MCPForUnity.Editor.Services.HttpBridgeReloadHandler.OnAfterAssemblyReload  :        1 samples, Peak.  2.86 ms (1.0x), Avg.  2.86 ms, Total. 2.864 ms (0.0%)
[Performance] AssemblyReloadEvents.afterAssemblyReload: callback in MCPForUnity.Editor.Services.EditorStateCache                   :        1 samples, Peak.   751 us (1.0x), Avg.   751 us, Total. 750.6 us (0.0%)
[Performance] AssemblyReloadEvents.afterAssemblyReload: MCPForUnity.Editor.Services.StdioBridgeReloadHandler.OnAfterAssemblyReload :        1 samples, Peak.   870 us (1.0x), Avg.   870 us, Total. 870.0 us (0.0%)
[Performance] AssemblyReloadEvents.afterAssemblyReload: UnityEditor.U2D.Animation.BoneGizmo.OnAfterAssemblyReload                  :        1 samples, Peak.  1.00 ms (1.0x), Avg.  1.00 ms, Total. 1.001 ms (0.0%)
[Performance] AssemblyReloadEvents.afterAssemblyReload: Sirenix.Serialization.UnitySerializationUtility.OnAfterAssemblyReload      :        1 samples, Peak.  47.1 us (1.0x), Avg.  47.1 us, Total. 47.10 us (0.0%)
[Performance] AssemblyReloadEvents.afterAssemblyReload: MCPForUnity.Editor.Tools.UnityReflect.InvalidateCache                      :        1 samples, Peak.   533 us (1.0x), Avg.   533 us, Total. 533.3 us (0.0%)
[Performance] CinemachineSettings.OnPostprocessAllAssets                                                                           :        6 samples, Peak.   431 us (3.4x), Avg.   125 us, Total. 751.8 us (0.0%)
[Performance] UniversalRenderPipelineGlobalSettingsPostprocessor.OnPostprocessAllAssets                                            :        6 samples, Peak.  2.33 ms (3.0x), Avg.   787 us, Total. 4.721 ms (0.0%)
[Performance] SyncVS.PostprocessSyncProject                                                                                        :        3 samples, Peak.  3.97 ms (2.2x), Avg.  1.79 ms, Total. 5.365 ms (0.0%)
[Performance] Application.ImportPackagesAndSetTemplateWhenCreatingProject                                                          :        1 samples, Peak.  9.05 ms (1.0x), Avg.  9.05 ms, Total. 9.048 ms (0.0%)
[Performance] Application.SyncCurrentColorSpace                                                                                    :        1 samples, Peak.  37.8 ms (1.0x), Avg.  37.8 ms, Total. 37.82 ms (0.1%)
[Performance] Application.OnUsbDevicesChanged                                                                                      :        1 samples, Peak.  5.32 ms (1.0x), Avg.  5.32 ms, Total. 5.322 ms (0.0%)
[Performance] Application.AssetInstanceCacheUpdate                                                                                 :        1 samples, Peak.   500 ns (1.0x), Avg.   500 ns, Total. 500.0 ns (0.0%)
[Performance] Application.UnityExtensions.Initialize                                                                               :        1 samples, Peak.  9.62 ms (1.0x), Avg.  9.62 ms, Total. 9.619 ms (0.0%)
[Performance] CodeEditorProjectSync.SyncEditorProject                                                                              :        1 samples, Peak.   576 ms (1.0x), Avg.   576 ms, Total. 575.9 ms (2.1%)
[Performance] Application.ExecuteStartups                                                                                          :        1 samples, Peak.  34.9 ms (1.0x), Avg.  34.9 ms, Total. 34.89 ms (0.1%)
[Performance] Menu.RegisterMenuInterface                                                                                           :       26 samples, Peak.  1.70 us (9.8x), Avg.   173 ns, Total. 4.500 us (0.0%)
[Performance] Gizmo.RebuildRenderers                                                                                               :        1 samples, Peak.  32.9 ms (1.0x), Avg.  32.9 ms, Total. 32.95 ms (0.1%)
[Performance] Gizmo.AddGizmoRenderers                                                                                              :      153 samples, Peak.  1.65 ms (63.5x), Avg.  26.0 us, Total. 3.981 ms (0.0%)
[Performance] Application.editorInitializingProject                                                                                :        1 samples, Peak.  3.71 s (1.0x), Avg.  3.71 s, Total. 3.711 s (13.8%)
[Performance] Application.InitializeMenu                                                                                           :        1 samples, Peak.   247 ms (1.0x), Avg.   247 ms, Total. 247.0 ms (0.9%)
[Performance] Menu.RebuildAll                                                                                                      :        1 samples, Peak.   247 ms (1.0x), Avg.   247 ms, Total. 247.0 ms (0.9%)
[Performance] Menu.BuildRegisteredMenuInterfaces                                                                                   :        1 samples, Peak.   240 ms (1.0x), Avg.   240 ms, Total. 239.6 ms (0.9%)
[Performance] Menu.FilterMenuItem                                                                                                  :     1287 samples, Peak.   137 ms (1272.9x), Avg.   108 us, Total. 138.8 ms (0.5%)
[Performance] UpdateAllMenus                                                                                                       :        1 samples, Peak.  1.05 ms (1.0x), Avg.  1.05 ms, Total. 1.045 ms (0.0%)
[Performance] Menu.RebuildOSMainMenu                                                                                               :        1 samples, Peak.  5.65 ms (1.0x), Avg.  5.65 ms, Total. 5.647 ms (0.0%)
[Performance] EditorSceneManager.sceneClosing: UnityEditor.SceneVisibilityManager.EditorSceneManagerOnSceneClosing                 :        1 samples, Peak.   419 us (1.0x), Avg.   419 us, Total. 418.9 us (0.0%)
[Performance] GUIView.RepaintAll.PlayerLoopController                                                                              :        1 samples, Peak.  2.20 us (1.0x), Avg.  2.20 us, Total. 2.200 us (0.0%)
[Performance] EditorSceneManager.newSceneCreated: UnityEditor.SceneTemplate.SceneTemplateService.OnNewSceneCreated                 :        1 samples, Peak.   387 us (1.0x), Avg.   387 us, Total. 386.7 us (0.0%)
[Performance] EditorSceneManager.newSceneCreated: UnityEditor.SceneVisibilityManager.EditorSceneManagerOnNewSceneCreated           :        1 samples, Peak.   338 us (1.0x), Avg.   338 us, Total. 337.9 us (0.0%)
[Performance] EditorSceneManager.newSceneCreated: UnityEditor.SceneManagement.StageNavigationManager.OnNewSceneCreated             :        1 samples, Peak.  84.4 us (1.0x), Avg.  84.4 us, Total. 84.40 us (0.0%)
[Performance] Application.InvokeFinishedLoadingProject                                                                             :        1 samples, Peak.  20.4 ms (1.0x), Avg.  20.4 ms, Total. 20.40 ms (0.1%)
[Performance] ProcessService.OnProjectLoaded                                                                                       :        1 samples, Peak.   103 us (1.0x), Avg.   103 us, Total. 103.3 us (0.0%)
[Performance] VersionControl.Task.Wait                                                                                             :        1 samples, Peak.  17.2 us (1.0x), Avg.  17.2 us, Total. 17.20 us (0.0%)
[Performance] PaletteAssetModificationProcessor.OnWillSaveAssets                                                                   :        2 samples, Peak.  2.89 ms (2.0x), Avg.  1.45 ms, Total. 2.898 ms (0.0%)
[Performance] StateMacroSavedEvent.OnWillSaveAssets                                                                                :        2 samples, Peak.   677 us (2.0x), Avg.   339 us, Total. 678.3 us (0.0%)
[Performance] FlowMacroSavedEvent.OnWillSaveAssets                                                                                 :        2 samples, Peak.   252 us (2.0x), Avg.   127 us, Total. 253.1 us (0.0%)
[Performance] AssetModificationProcessor.OnWillSaveAssets                                                                          :        2 samples, Peak.   872 us (2.0x), Avg.   437 us, Total. 873.3 us (0.0%)
[Performance] BuilderAssetModificationProcessor.OnWillSaveAssets                                                                   :        2 samples, Peak.   633 us (2.0x), Avg.   318 us, Total. 635.7 us (0.0%)
[Performance] TerrainModificationProcessor.OnWillSaveAssets                                                                        :        2 samples, Peak.   907 us (2.0x), Avg.   454 us, Total. 908.6 us (0.0%)
[Performance] AssetDatabase.ImportAssets                                                                                           :        4 samples, Peak.   265 ms (4.0x), Avg.  66.3 ms, Total. 265.0 ms (1.0%)
[Performance] ShaderImporter.SourceAssetModified                                                                                   :        1 samples, Peak.   600 ns (1.0x), Avg.   600 ns, Total. 600.0 ns (0.0%)
[Performance] ShaderIncludeImporter.SourceAssetModified                                                                            :        1 samples, Peak.  2.00 us (1.0x), Avg.  2.00 us, Total. 2.000 us (0.0%)
[Performance] PSDImporterAssetPostProcessor.OnPreprocessAsset                                                                      :        3 samples, Peak.   341 us (2.7x), Avg.   127 us, Total. 380.7 us (0.0%)
[Performance] PresetManagerPostProcessor.OnPreprocessAsset                                                                         :        3 samples, Peak.   454 us (2.9x), Avg.   158 us, Total. 472.8 us (0.0%)
[Performance] CancelSplashScreenOnAssetChange.OnPreprocessAsset                                                                    :        3 samples, Peak.   272 us (2.9x), Avg.  93.3 us, Total. 280.0 us (0.0%)
[Performance] ShaderGraphAssetPostProcessor.OnPreprocessAsset                                                                      :        3 samples, Peak.   270 us (2.9x), Avg.  93.0 us, Total. 279.0 us (0.0%)
[Performance] SpritePostProcess.OnPreprocessAsset                                                                                  :        3 samples, Peak.  2.47 ms (3.0x), Avg.   834 us, Total. 2.502 ms (0.0%)
[Performance] UtilityWindowPostProcessor.OnPostprocessAllAssets                                                                    :        4 samples, Peak.  1.86 ms (2.0x), Avg.   934 us, Total. 3.734 ms (0.0%)
[Performance] TMPro_TexturePostProcessor.OnPostprocessAllAssets                                                                    :        4 samples, Peak.   440 us (1.9x), Avg.   231 us, Total. 923.6 us (0.0%)
[Performance] AssetPostprocessor.OnPostprocessAllAssets                                                                            :        4 samples, Peak.   266 us (2.0x), Avg.   135 us, Total. 539.2 us (0.0%)
[Performance] BuilderAssetPostprocessor.OnPostprocessAllAssets                                                                     :        4 samples, Peak.  2.01 ms (1.9x), Avg.  1.04 ms, Total. 4.140 ms (0.0%)
[Performance] ArtifactBrowserPostProcessor.OnPostprocessAllAssets                                                                  :        4 samples, Peak.   554 us (2.0x), Avg.   279 us, Total. 1.117 ms (0.0%)
[Performance] AssetEvents.OnPostprocessAllAssets                                                                                   :        8 samples, Peak.   291 us (3.3x), Avg.  88.2 us, Total. 705.3 us (0.0%)
[Performance] AudioMixerPostprocessor.OnPostprocessAllAssets                                                                       :        4 samples, Peak.   334 us (2.0x), Avg.   169 us, Total. 675.1 us (0.0%)
[Performance] StyleCatalogPostProcessor.OnPostprocessAllAssets                                                                     :        4 samples, Peak.  28.9 ms (2.0x), Avg.  14.5 ms, Total. 57.82 ms (0.2%)
[Performance] BuildCatalog                                                                                                         :        1 samples, Peak.  28.0 ms (1.0x), Avg.  28.0 ms, Total. 28.04 ms (0.1%)
[Performance] ModelImporterPostProcessor.OnPostprocessAllAssets                                                                    :        4 samples, Peak.  1.64 ms (2.0x), Avg.   830 us, Total. 3.320 ms (0.0%)
[Performance] MaterialPostprocessor.OnPostprocessAllAssets                                                                         :        8 samples, Peak.  1.07 ms (2.2x), Avg.   493 us, Total. 3.944 ms (0.0%)
[Performance] RetainedModeAssetPostprocessor.OnPostprocessAllAssets                                                                :        4 samples, Peak.  3.43 ms (2.0x), Avg.  1.73 ms, Total. 6.901 ms (0.0%)
[Performance] AssetChangedListener.OnPostprocessAllAssets                                                                          :        4 samples, Peak.  1.71 ms (1.7x), Avg.  1.03 ms, Total. 4.123 ms (0.0%)
[Performance] PostProcessor.OnPostprocessAllAssets                                                                                 :        4 samples, Peak.   364 us (1.8x), Avg.   202 us, Total. 806.3 us (0.0%)
[Performance] ShaderGraphAssetPostProcessor.OnPostprocessAllAssets                                                                 :        4 samples, Peak.  1.93 ms (1.8x), Avg.  1.06 ms, Total. 4.238 ms (0.0%)
[Performance] SpeedTreePostProcessor.OnPostprocessAllAssets                                                                        :        4 samples, Peak.   257 us (1.9x), Avg.   138 us, Total. 552.6 us (0.0%)
[Performance] TextAssetPostProcessor.OnPostprocessAllAssets                                                                        :        4 samples, Peak.   536 us (2.0x), Avg.   273 us, Total. 1.092 ms (0.0%)
[Performance] AssetProcessor.OnPostprocessAllAssets                                                                                :       12 samples, Peak.  1.57 ms (3.6x), Avg.   438 us, Total. 5.253 ms (0.0%)
[Performance] SpriteLibraryAssetPostprocessor.OnPostprocessAllAssets                                                               :        4 samples, Peak.   441 us (2.0x), Avg.   221 us, Total. 883.9 us (0.0%)
[Performance] PSDImporterAssetPostProcessor.OnPostprocessAllAssets                                                                 :        4 samples, Peak.   156 us (2.0x), Avg.  79.3 us, Total. 317.2 us (0.0%)
[Performance] PSDImportPostProcessor.OnPostprocessAllAssets                                                                        :        4 samples, Peak.   201 us (2.0x), Avg.   101 us, Total. 405.2 us (0.0%)
[Performance] SpriteEditorTexturePostprocessor.OnPostprocessAllAssets                                                              :        4 samples, Peak.   410 us (1.8x), Avg.   225 us, Total. 899.1 us (0.0%)
[Performance] SpriteShapeAssetPostProcessor.OnPostprocessAllAssets                                                                 :        4 samples, Peak.   414 us (2.0x), Avg.   212 us, Total. 847.9 us (0.0%)
[Performance] EditorApplication.projectChanged: UnityEditor.Audio.MixerEffectDefinitionReloader.OnProjectChanged                   :        1 samples, Peak.   473 us (1.0x), Avg.   473 us, Total. 472.7 us (0.0%)
[Performance] EditorApplication.projectChanged: UnityEngine.InputSystem.LowLevel.NativeInputRuntime.OnProjectChanged               :        1 samples, Peak.   277 us (1.0x), Avg.   277 us, Total. 276.8 us (0.0%)
[Performance] EditorApplication.projectChanged: MCPForUnity.Editor.Helpers.ProjectIdentityUtility.ScheduleCacheRefresh             :        1 samples, Peak.  1.90 us (1.0x), Avg.  1.90 us, Total. 1.900 us (0.0%)
[Performance] AssetDatabase.ImportAsset                                                                                            :        1 samples, Peak.   121 ms (1.0x), Avg.   121 ms, Total. 121.3 ms (0.5%)
[Performance] EditorApplication.quitting: Unity.Burst.Editor.BurstLoader.OnEditorApplicationQuitting                               :        1 samples, Peak.  55.5 us (1.0x), Avg.  55.5 us, Total. 55.50 us (0.0%)
[Performance] EditorApplication.quitting: UnityEditor.SettingsManagement.FileSettingsRepository.Save                               :        1 samples, Peak.  2.22 ms (1.0x), Avg.  2.22 ms, Total. 2.223 ms (0.0%)
[Performance] EditorApplication.quitting: MCPForUnity.Editor.Services.McpEditorShutdownCleanup.OnEditorQuitting                    :        1 samples, Peak.  4.63 ms (1.0x), Avg.  4.63 ms, Total. 4.634 ms (0.0%)
[Performance] EditorApplication.quitting: MCPForUnity.Editor.Services.StdioBridgeReloadHandler.CancelRetries                       :        1 samples, Peak.   102 us (1.0x), Avg.   102 us, Total. 101.7 us (0.0%)
[Performance] EditorApplication.quitting: UnityEditor.Tilemaps.SceneViewGridManager.EditorQuitting                                 :        1 samples, Peak.   165 us (1.0x), Avg.   165 us, Total. 165.0 us (0.0%)
[Performance] EditorApplication.quitting: callback in UnityEditor.TextCore.Text.EditorEventCallbacks                               :        1 samples, Peak.  64.6 ms (1.0x), Avg.  64.6 ms, Total. 64.59 ms (0.2%)
[Performance] Application.Shutdown.PauseProfilerSession                                                                            :        1 samples, Peak.  21.2 us (1.0x), Avg.  21.2 us, Total. 21.20 us (0.0%)
[Performance] Application.Shutdown.PauseAssetImportWorkers                                                                         :        1 samples, Peak.   435 us (1.0x), Avg.   435 us, Total. 434.8 us (0.0%)
[Performance] Application.Shutdown.SaveAssets                                                                                      :        1 samples, Peak.   690 us (1.0x), Avg.   690 us, Total. 689.9 us (0.0%)
[Performance] Application.Shutdown.CleanupRenderPipeline                                                                           :        1 samples, Peak.  2.50 us (1.0x), Avg.  2.50 us, Total. 2.500 us (0.0%)
[Performance] Application.Shutdown.StopPreloadManager                                                                              :        1 samples, Peak.  9.91 ms (1.0x), Avg.  9.91 ms, Total. 9.909 ms (0.0%)
[Performance] Application.Shutdown.DestroyWorld                                                                                    :        1 samples, Peak.  1.03 ms (1.0x), Avg.  1.03 ms, Total. 1.029 ms (0.0%)
[Performance] Application.Shutdown.CleanupAfterLoad                                                                                :        1 samples, Peak.   298 ms (1.0x), Avg.   298 ms, Total. 297.8 ms (1.1%)
[Performance] Application.Shutdown.Progress                                                                                        :        1 samples, Peak.  9.70 us (1.0x), Avg.  9.70 us, Total. 9.700 us (0.0%)
[Performance] Application.Shutdown.GICleanupManagers                                                                               :        1 samples, Peak.   596 us (1.0x), Avg.   596 us, Total. 595.6 us (0.0%)
[Performance] Application.Shutdown.MenuCleanupClass                                                                                :        1 samples, Peak.   394 us (1.0x), Avg.   394 us, Total. 394.0 us (0.0%)
[Performance] Application.Shutdown.ADBSaveStateBeforeShutdown                                                                      :        1 samples, Peak.  14.1 us (1.0x), Avg.  14.1 us, Total. 14.10 us (0.0%)
[Performance] Application.Shutdown.RemoteShutdown                                                                                  :        1 samples, Peak.  2.30 us (1.0x), Avg.  2.30 us, Total. 2.300 us (0.0%)
[Performance] Application.Shutdown.CleanupVCProvider                                                                               :        1 samples, Peak.  13.8 us (1.0x), Avg.  13.8 us, Total. 13.80 us (0.0%)
[Performance] Application.Shutdown.InputShutdown                                                                                   :        1 samples, Peak.   500 ns (1.0x), Avg.   500 ns, Total. 500.0 ns (0.0%)
[Performance] Application.Shutdown.GizmoManagerDestroy                                                                             :        1 samples, Peak.   825 us (1.0x), Avg.   825 us, Total. 824.8 us (0.0%)
[Performance] Application.Shutdown.ProfilerSession                                                                                 :        1 samples, Peak.   195 us (1.0x), Avg.   195 us, Total. 195.3 us (0.0%)
[Performance] Application.Shutdown.ReleaseGfxWindowOnAllGUIViews                                                                   :        1 samples, Peak.   300 ns (1.0x), Avg.   300 ns, Total. 300.0 ns (0.0%)
[Performance] Application.Shutdown.CleanupEngine                                                                                   :        1 samples, Peak.   274 ms (1.0x), Avg.   274 ms, Total. 274.1 ms (1.0%)
[Performance] Application.Shutdown.CleanupAssetDatabase                                                                            :        1 samples, Peak.  25.5 ms (1.0x), Avg.  25.5 ms, Total. 25.52 ms (0.1%)
[Performance] Application.Shutdown.ScriptCompilationCleanUp                                                                        :        1 samples, Peak.  92.0 ms (1.0x), Avg.  92.0 ms, Total. 91.99 ms (0.3%)
[Performance] Application.Shutdown.DestroyJobSystem                                                                                :        1 samples, Peak.   175 us (1.0x), Avg.   175 us, Total. 175.4 us (0.0%)
[Performance] Application.Shutdown.CleanupPersistentManager                                                                        :        1 samples, Peak.  10.4 ms (1.0x), Avg.  10.4 ms, Total. 10.40 ms (0.0%)
[Performance] Application.Shutdown.CleanupAsyncReadManager                                                                         :        1 samples, Peak.   407 us (1.0x), Avg.   407 us, Total. 407.2 us (0.0%)
[Performance] Application.Shutdown.CleanupProgressBar                                                                              :        1 samples, Peak.  1.10 us (1.0x), Avg.  1.10 us, Total. 1.100 us (0.0%)
[Performance] Application.Shutdown.CleanupMono                                                                                     :        1 samples, Peak.   425 ms (1.0x), Avg.   425 ms, Total. 425.0 ms (1.6%)
[Performance] Application.Shutdown.CleanupStdConverters                                                                            :        1 samples, Peak.  19.6 us (1.0x), Avg.  19.6 us, Total. 19.60 us (0.0%)
[Performance] Application.Shutdown.UnloadAllPlatformSupportModuleNativeDlls                                                        :        1 samples, Peak.   800 ns (1.0x), Avg.   800 ns, Total. 800.0 ns (0.0%)
[Performance] Application.Shutdown.UnloadAllPlatformSupportNativeLibraries                                                         :        1 samples, Peak.   200 ns (1.0x), Avg.   200 ns, Total. 200.0 ns (0.0%)
[Performance] Application.Shutdown.CleanupAutoDocumentation                                                                        :        1 samples, Peak.   927 us (1.0x), Avg.   927 us, Total. 927.1 us (0.0%)
[Performance] Application.Shutdown.ShaderNameManagerDestroy                                                                        :        1 samples, Peak.   121 us (1.0x), Avg.   121 us, Total. 120.7 us (0.0%)
[Performance] Application.Shutdown.CleanupCacheServer                                                                              :        1 samples, Peak.   900 ns (1.0x), Avg.   900 ns, Total. 900.0 ns (0.0%)
[Performance] Application.Shutdown.Virtualization_Shutdown                                                                         :        1 samples, Peak.   900 ns (1.0x), Avg.   900 ns, Total. 900.0 ns (0.0%)
[Performance] Application.Shutdown.DevConnections                                                                                  :        1 samples, Peak.   227 us (1.0x), Avg.   227 us, Total. 227.2 us (0.0%)
Exiting batchmode successfully now!
Exiting without the bug reporter. Application will terminate with return code 0