[Licensing::Module] Trying to connect to existing licensing client channel...
[Licensing::IpcConnector] Successfully connected to the License Client on channel: "LicenseClient-Logan" at "2026-07-20T22:23:42.1949678Z"
[Licensing::Client] Error: Code 10 while verifying Licensing Client signature (process Id: 9444, path: "D:/UnityHub/Unity Hub/UnityLicensingClient_V1/Unity.Licensing.Client.exe")
[Licensing::Module] Error: LicensingClient has failed validation; ignoring
[Licensing::Client] Handshaking with LicensingClient:
  Version:                 1.17.0+aa6cfba
  Session Id:              e37030bac99743daa9c2e61ffebcc5e8
  Correlation Id:          035aaea857d0f91dcf09fa3b15b06911
  External correlation Id: 9031095079879195628
  Machine Id:              YnCgJ/3eXfqj/pKKnk6cl38u0EY=
[Licensing::Module] Successfully connected to LicensingClient on channel: "LicenseClient-Logan" (connect: 0.00s, validation: 0.01s, handshake: 0.25s)
[Licensing::IpcConnector] Successfully connected to the License Notification on channel: "LicenseClient-Logan-notifications" at "2026-07-20T22:23:42.4622193Z"
[Licensing::Module] Error: Access token is unavailable; failed to update
[Licensing::Client] Successfully updated license
Built from '2022.3/china_unity/release' branch; Version is '2022.3.34f1c1 (1e17368ca73f) revision 1972022'; Using compiler version '192829333'; Build Type 'Release'
OS: 'Windows 10  (10.0.19045) 64bit Professional' Language: 'zh' Physical Memory: 65349 MB
[Licensing::Client] Successfully resolved entitlements
[Licensing::Module] Serial number assigned to: "ewogICJzdWJzR3JvdXAiIDogInVuaXR5IGVkaXRvciIsCiAgIm5hbWVzcGFjZSIgOiAidW5pdHlfZWRpdG9yIiwKICAidHlwZSIgOiAiRURJVE9SIiwKICAidGFnIiA6ICJVbml0eVBlcnNvbmFsXXXX"
BatchMode: 1, IsHumanControllingUs: 0, StartBugReporterOnCrash: 0, Is64bit: 1, IsPro: 0

COMMAND LINE ARGUMENTS:
D:\Unity\HubEditor\2022.3.34f1\Editor\Unity.exe
-batchmode
-nographics
-projectPath
I:\GitHub\Unity_GAS\gameplay-ability-system-for-unity
-executeMethod
NTSD.EditorTools.BattleRuntimeSelfCheckEditor.RunForBatchmode
-logFile
I:\GitHub\Unity_GAS\gameplay-ability-system-for-unity\Unity-P4-Registration-Final.log
Successfully changed project path to: I:\GitHub\Unity_GAS\gameplay-ability-system-for-unity
I:/GitHub/Unity_GAS/gameplay-ability-system-for-unity
[UnityMemory] Configuration Parameters - Can be set up in boot.config
    "memorysetup-bucket-allocator-granularity=16"
    "memorysetup-bucket-allocator-bucket-count=8"
    "memorysetup-bucket-allocator-block-size=33554432"
    "memorysetup-bucket-allocator-block-count=8"
    "memorysetup-main-allocator-block-size=16777216"
    "memorysetup-thread-allocator-block-size=16777216"
    "memorysetup-gfx-main-allocator-block-size=16777216"
    "memorysetup-gfx-thread-allocator-block-size=16777216"
    "memorysetup-cache-allocator-block-size=4194304"
    "memorysetup-typetree-allocator-block-size=2097152"
    "memorysetup-profiler-bucket-allocator-granularity=16"
    "memorysetup-profiler-bucket-allocator-bucket-count=8"
    "memorysetup-profiler-bucket-allocator-block-size=33554432"
    "memorysetup-profiler-bucket-allocator-block-count=8"
    "memorysetup-profiler-allocator-block-size=16777216"
    "memorysetup-profiler-editor-allocator-block-size=1048576"
    "memorysetup-temp-allocator-size-main=16777216"
    "memorysetup-job-temp-allocator-block-size=2097152"
    "memorysetup-job-temp-allocator-block-size-background=1048576"
    "memorysetup-job-temp-allocator-reduction-small-platforms=262144"
    "memorysetup-allocator-temp-initial-block-size-main=262144"
    "memorysetup-allocator-temp-initial-block-size-worker=262144"
    "memorysetup-temp-allocator-size-background-worker=32768"
    "memorysetup-temp-allocator-size-job-worker=262144"
    "memorysetup-temp-allocator-size-preload-manager=33554432"
    "memorysetup-temp-allocator-size-nav-mesh-worker=65536"
    "memorysetup-temp-allocator-size-audio-worker=65536"
    "memorysetup-temp-allocator-size-cloud-worker=32768"
    "memorysetup-temp-allocator-size-gi-baking-worker=262144"
    "memorysetup-temp-allocator-size-gfx=262144"
Player connection [238236] Host "[IP] 192.168.31.76 [Port] 55504 [Flags] 2 [Guid] 3702779498 [EditorId] 3702779498 [Version] 1048832 [Id] WindowsEditor(7,DESKTOP-MKTDPPS) [Debug] 1 [PackageName] WindowsEditor [ProjectName] Editor" joined multi-casting on [225.0.0.222:54997]...

Player connection [238236] Host "[IP] 192.168.31.76 [Port] 55504 [Flags] 2 [Guid] 3702779498 [EditorId] 3702779498 [Version] 1048832 [Id] WindowsEditor(7,DESKTOP-MKTDPPS) [Debug] 1 [PackageName] WindowsEditor [ProjectName] Editor" joined alternative multi-casting on [225.0.0.222:34997]...

[PhysX] Initialized MultithreadedTaskDispatcher with 20 workers.
[Package Manager] UpmClient::Connect -- Connected to IPC stream "Upm-220252" after 1.0 seconds.
[Licensing::Client] Successfully resolved entitlements
[Package Manager] Restoring resolved packages state from cache
[Licensing::Client] Successfully resolved entitlement details
[Package Manager] Registered 72 packages:
  Packages from [https://packages.unity.cn]:
    com.unity.cinemachine@2.10.0 (location: I:\GitHub\Unity_GAS\gameplay-ability-system-for-unity\Library\PackageCache\com.unity.cinemachine@2.10.0)
    com.unity.collab-proxy@2.3.1 (location: I:\GitHub\Unity_GAS\gameplay-ability-system-for-unity\Library\PackageCache\com.unity.collab-proxy@2.3.1)
    com.unity.ide.rider@3.0.28 (location: I:\GitHub\Unity_GAS\gameplay-ability-system-for-unity\Library\PackageCache\com.unity.ide.rider@3.0.28)
    com.unity.inputsystem@1.7.0 (location: I:\GitHub\Unity_GAS\gameplay-ability-system-for-unity\Library\PackageCache\com.unity.inputsystem@1.7.0)
    com.unity.mathematics@1.2.6 (location: I:\GitHub\Unity_GAS\gameplay-ability-system-for-unity\Library\PackageCache\com.unity.mathematics@1.2.6)
    com.unity.textmeshpro@3.0.6 (location: I:\GitHub\Unity_GAS\gameplay-ability-system-for-unity\Library\PackageCache\com.unity.textmeshpro@3.0.6)
    com.unity.timeline@1.7.6 (location: I:\GitHub\Unity_GAS\gameplay-ability-system-for-unity\Library\PackageCache\com.unity.timeline@1.7.6)
    com.unity.visualscripting@1.9.4 (location: I:\GitHub\Unity_GAS\gameplay-ability-system-for-unity\Library\PackageCache\com.unity.visualscripting@1.9.4)
    com.unity.burst@1.8.15 (location: I:\GitHub\Unity_GAS\gameplay-ability-system-for-unity\Library\PackageCache\com.unity.burst@1.8.15)
    com.unity.ext.nunit@1.0.6 (location: I:\GitHub\Unity_GAS\gameplay-ability-system-for-unity\Library\PackageCache\com.unity.ext.nunit@1.0.6)
    com.unity.ide.visualstudio@2.0.22 (location: I:\GitHub\Unity_GAS\gameplay-ability-system-for-unity\Library\PackageCache\com.unity.ide.visualstudio@2.0.22)
    com.unity.ide.vscode@1.2.5 (location: I:\GitHub\Unity_GAS\gameplay-ability-system-for-unity\Library\PackageCache\com.unity.ide.vscode@1.2.5)
    com.unity.editorcoroutines@1.0.0 (location: I:\GitHub\Unity_GAS\gameplay-ability-system-for-unity\Library\PackageCache\com.unity.editorcoroutines@1.0.0)
    com.unity.performance.profile-analyzer@1.2.2 (location: I:\GitHub\Unity_GAS\gameplay-ability-system-for-unity\Library\PackageCache\com.unity.performance.profile-analyzer@1.2.2)
    com.unity.test-framework@1.1.33 (location: I:\GitHub\Unity_GAS\gameplay-ability-system-for-unity\Library\PackageCache\com.unity.test-framework@1.1.33)
    com.unity.testtools.codecoverage@1.2.5 (location: I:\GitHub\Unity_GAS\gameplay-ability-system-for-unity\Library\PackageCache\com.unity.testtools.codecoverage@1.2.5)
    com.unity.2d.animation@9.1.1 (location: I:\GitHub\Unity_GAS\gameplay-ability-system-for-unity\Library\PackageCache\com.unity.2d.animation@9.1.1)
    com.unity.2d.pixel-perfect@5.0.3 (location: I:\GitHub\Unity_GAS\gameplay-ability-system-for-unity\Library\PackageCache\com.unity.2d.pixel-perfect@5.0.3)
    com.unity.2d.psdimporter@8.0.5 (location: I:\GitHub\Unity_GAS\gameplay-ability-system-for-unity\Library\PackageCache\com.unity.2d.psdimporter@8.0.5)
    com.unity.2d.spriteshape@9.0.3 (location: I:\GitHub\Unity_GAS\gameplay-ability-system-for-unity\Library\PackageCache\com.unity.2d.spriteshape@9.0.3)
    com.unity.2d.tilemap.extras@3.1.2 (location: I:\GitHub\Unity_GAS\gameplay-ability-system-for-unity\Library\PackageCache\com.unity.2d.tilemap.extras@3.1.2)
    com.unity.2d.aseprite@1.1.4 (location: I:\GitHub\Unity_GAS\gameplay-ability-system-for-unity\Library\PackageCache\com.unity.2d.aseprite@1.1.4)
    com.unity.nuget.newtonsoft-json@3.2.1 (location: I:\GitHub\Unity_GAS\gameplay-ability-system-for-unity\Library\PackageCache\com.unity.nuget.newtonsoft-json@3.2.1)
    com.unity.searcher@4.9.2 (location: I:\GitHub\Unity_GAS\gameplay-ability-system-for-unity\Library\PackageCache\com.unity.searcher@4.9.2)
    com.unity.settings-manager@2.0.1 (location: I:\GitHub\Unity_GAS\gameplay-ability-system-for-unity\Library\PackageCache\com.unity.settings-manager@2.0.1)
    com.unity.2d.common@8.0.2 (location: I:\GitHub\Unity_GAS\gameplay-ability-system-for-unity\Library\PackageCache\com.unity.2d.common@8.0.2)
    com.unity.collections@1.2.4 (location: I:\GitHub\Unity_GAS\gameplay-ability-system-for-unity\Library\PackageCache\com.unity.collections@1.2.4)
  Built-in packages:
    com.unity.feature.2d@2.0.1 (location: I:\GitHub\Unity_GAS\gameplay-ability-system-for-unity\Library\PackageCache\com.unity.feature.2d@2.0.1)
    com.unity.feature.development@1.0.1 (location: I:\GitHub\Unity_GAS\gameplay-ability-system-for-unity\Library\PackageCache\com.unity.feature.development@1.0.1)
    com.unity.render-pipelines.universal@14.0.11 (location: I:\GitHub\Unity_GAS\gameplay-ability-system-for-unity\Library\PackageCache\com.unity.render-pipelines.universal@14.0.11)
    com.unity.ugui@1.0.0 (location: I:\GitHub\Unity_GAS\gameplay-ability-system-for-unity\Library\PackageCache\com.unity.ugui@1.0.0)
    com.unity.modules.ai@1.0.0 (location: I:\GitHub\Unity_GAS\gameplay-ability-system-for-unity\Library\PackageCache\com.unity.modules.ai@1.0.0)
    com.unity.modules.androidjni@1.0.0 (location: I:\GitHub\Unity_GAS\gameplay-ability-system-for-unity\Library\PackageCache\com.unity.modules.androidjni@1.0.0)
    com.unity.modules.animation@1.0.0 (location: I:\GitHub\Unity_GAS\gameplay-ability-system-for-unity\Library\PackageCache\com.unity.modules.animation@1.0.0)
    com.unity.modules.assetbundle@1.0.0 (location: I:\GitHub\Unity_GAS\gameplay-ability-system-for-unity\Library\PackageCache\com.unity.modules.assetbundle@1.0.0)
    com.unity.modules.audio@1.0.0 (location: I:\GitHub\Unity_GAS\gameplay-ability-system-for-unity\Library\PackageCache\com.unity.modules.audio@1.0.0)
    com.unity.modules.cloth@1.0.0 (location: I:\GitHub\Unity_GAS\gameplay-ability-system-for-unity\Library\PackageCache\com.unity.modules.cloth@1.0.0)
    com.unity.modules.director@1.0.0 (location: I:\GitHub\Unity_GAS\gameplay-ability-system-for-unity\Library\PackageCache\com.unity.modules.director@1.0.0)
    com.unity.modules.imageconversion@1.0.0 (location: I:\GitHub\Unity_GAS\gameplay-ability-system-for-unity\Library\PackageCache\com.unity.modules.imageconversion@1.0.0)
    com.unity.modules.imgui@1.0.0 (location: I:\GitHub\Unity_GAS\gameplay-ability-system-for-unity\Library\PackageCache\com.unity.modules.imgui@1.0.0)
    com.unity.modules.jsonserialize@1.0.0 (location: I:\GitHub\Unity_GAS\gameplay-ability-system-for-unity\Library\PackageCache\com.unity.modules.jsonserialize@1.0.0)
    com.unity.modules.particlesystem@1.0.0 (location: I:\GitHub\Unity_GAS\gameplay-ability-system-for-unity\Library\PackageCache\com.unity.modules.particlesystem@1.0.0)
    com.unity.modules.physics@1.0.0 (location: I:\GitHub\Unity_GAS\gameplay-ability-system-for-unity\Library\PackageCache\com.unity.modules.physics@1.0.0)
    com.unity.modules.physics2d@1.0.0 (location: I:\GitHub\Unity_GAS\gameplay-ability-system-for-unity\Library\PackageCache\com.unity.modules.physics2d@1.0.0)
    com.unity.modules.screencapture@1.0.0 (location: I:\GitHub\Unity_GAS\gameplay-ability-system-for-unity\Library\PackageCache\com.unity.modules.screencapture@1.0.0)
    com.unity.modules.terrain@1.0.0 (location: I:\GitHub\Unity_GAS\gameplay-ability-system-for-unity\Library\PackageCache\com.unity.modules.terrain@1.0.0)
    com.unity.modules.terrainphysics@1.0.0 (location: I:\GitHub\Unity_GAS\gameplay-ability-system-for-unity\Library\PackageCache\com.unity.modules.terrainphysics@1.0.0)
    com.unity.modules.tilemap@1.0.0 (location: I:\GitHub\Unity_GAS\gameplay-ability-system-for-unity\Library\PackageCache\com.unity.modules.tilemap@1.0.0)
    com.unity.modules.ui@1.0.0 (location: I:\GitHub\Unity_GAS\gameplay-ability-system-for-unity\Library\PackageCache\com.unity.modules.ui@1.0.0)
    com.unity.modules.uielements@1.0.0 (location: I:\GitHub\Unity_GAS\gameplay-ability-system-for-unity\Library\PackageCache\com.unity.modules.uielements@1.0.0)
    com.unity.modules.umbra@1.0.0 (location: I:\GitHub\Unity_GAS\gameplay-ability-system-for-unity\Library\PackageCache\com.unity.modules.umbra@1.0.0)
    com.unity.modules.unityanalytics@1.0.0 (location: I:\GitHub\Unity_GAS\gameplay-ability-system-for-unity\Library\PackageCache\com.unity.modules.unityanalytics@1.0.0)
    com.unity.modules.unitywebrequest@1.0.0 (location: I:\GitHub\Unity_GAS\gameplay-ability-system-for-unity\Library\PackageCache\com.unity.modules.unitywebrequest@1.0.0)
    com.unity.modules.unitywebrequestassetbundle@1.0.0 (location: I:\GitHub\Unity_GAS\gameplay-ability-system-for-unity\Library\PackageCache\com.unity.modules.unitywebrequestassetbundle@1.0.0)
    com.unity.modules.unitywebrequestaudio@1.0.0 (location: I:\GitHub\Unity_GAS\gameplay-ability-system-for-unity\Library\PackageCache\com.unity.modules.unitywebrequestaudio@1.0.0)
    com.unity.modules.unitywebrequesttexture@1.0.0 (location: I:\GitHub\Unity_GAS\gameplay-ability-system-for-unity\Library\PackageCache\com.unity.modules.unitywebrequesttexture@1.0.0)
    com.unity.modules.unitywebrequestwww@1.0.0 (location: I:\GitHub\Unity_GAS\gameplay-ability-system-for-unity\Library\PackageCache\com.unity.modules.unitywebrequestwww@1.0.0)
    com.unity.modules.vehicles@1.0.0 (location: I:\GitHub\Unity_GAS\gameplay-ability-system-for-unity\Library\PackageCache\com.unity.modules.vehicles@1.0.0)
    com.unity.modules.video@1.0.0 (location: I:\GitHub\Unity_GAS\gameplay-ability-system-for-unity\Library\PackageCache\com.unity.modules.video@1.0.0)
    com.unity.modules.vr@1.0.0 (location: I:\GitHub\Unity_GAS\gameplay-ability-system-for-unity\Library\PackageCache\com.unity.modules.vr@1.0.0)
    com.unity.modules.wind@1.0.0 (location: I:\GitHub\Unity_GAS\gameplay-ability-system-for-unity\Library\PackageCache\com.unity.modules.wind@1.0.0)
    com.unity.modules.xr@1.0.0 (location: I:\GitHub\Unity_GAS\gameplay-ability-system-for-unity\Library\PackageCache\com.unity.modules.xr@1.0.0)
    com.unity.modules.subsystems@1.0.0 (location: I:\GitHub\Unity_GAS\gameplay-ability-system-for-unity\Library\PackageCache\com.unity.modules.subsystems@1.0.0)
    com.unity.render-pipelines.core@14.0.11 (location: I:\GitHub\Unity_GAS\gameplay-ability-system-for-unity\Library\PackageCache\com.unity.render-pipelines.core@14.0.11)
    com.unity.shadergraph@14.0.11 (location: I:\GitHub\Unity_GAS\gameplay-ability-system-for-unity\Library\PackageCache\com.unity.shadergraph@14.0.11)
    com.unity.render-pipelines.universal-config@14.0.10 (location: I:\GitHub\Unity_GAS\gameplay-ability-system-for-unity\Library\PackageCache\com.unity.render-pipelines.universal-config@14.0.10)
    com.unity.2d.sprite@1.0.0 (location: I:\GitHub\Unity_GAS\gameplay-ability-system-for-unity\Library\PackageCache\com.unity.2d.sprite@1.0.0)
    com.unity.2d.tilemap@1.0.0 (location: I:\GitHub\Unity_GAS\gameplay-ability-system-for-unity\Library\PackageCache\com.unity.2d.tilemap@1.0.0)
  Local packages:
    com.coplaydev.unity-mcp@file:I:\GitHub\Unity_GAS\unity-mcp\MCPForUnity (location: I:\GitHub\Unity_GAS\unity-mcp\MCPForUnity)
  Git packages:
    com.cysharp.unitask@https://github.com/Cysharp/UniTask.git?path=src/UniTask/Assets/Plugins/UniTask (location: I:\GitHub\Unity_GAS\gameplay-ability-system-for-unity\Library\PackageCache\com.cysharp.unitask@5cc97c7f00)
    com.exhard.exmaidforui@https://github.com/No78Vino/EXMaidForFGUIandLoxondon.git (location: I:\GitHub\Unity_GAS\gameplay-ability-system-for-unity\Library\PackageCache\com.exhard.exmaidforui@b469ae66a3)
    com.vovgou.loxodon-framework@https://github.com/vovgou/loxodon-framework.git?path=Loxodon.Framework/Assets/LoxodonFramework (location: I:\GitHub\Unity_GAS\gameplay-ability-system-for-unity\Library\PackageCache\com.vovgou.loxodon-framework@2fab55f00c)
[Subsystems] No new subsystems found in resolved package list.
Package Manager log level set to [2]
[Package Manager] Done registering packages in 0.22 seconds
Refreshing native plugins compatible for Editor in 100.19 ms, found 4 plugins.
Preloading 0 native plugins for Editor in 0.00 ms.
Initialize engine version: 2022.3.34f1c1 (1e17368ca73f)
[Subsystems] Discovering subsystems at path D:/Unity/HubEditor/2022.3.34f1/Editor/Data/Resources/UnitySubsystems
[Subsystems] Discovering subsystems at path I:/GitHub/Unity_GAS/gameplay-ability-system-for-unity/Assets
Forcing GfxDevice: Null
GfxDevice: creating device client; threaded=0; jobified=0
NullGfxDevice:
    Version:  NULL 1.0 [1.0]
    Renderer: Null Device
    Vendor:   Unity Technologies
Shader 'MoreMountains/MMRipple': fallback shader 'Particle/AlphaBlended' not found
Shader Hidden/ProbeVolume/VoxelizeScene is not supported: GPU does not support conservative rasterization
[Licensing::Client] Successfully resolved entitlements
Initialize mono
Mono path[0] = 'D:/Unity/HubEditor/2022.3.34f1/Editor/Data/Managed'
Mono path[1] = 'D:/Unity/HubEditor/2022.3.34f1/Editor/Data/MonoBleedingEdge/lib/mono/unityjit-win32'
Mono config path = 'D:/Unity/HubEditor/2022.3.34f1/Editor/Data/MonoBleedingEdge/etc'
Using monoOptions --debugger-agent=transport=dt_socket,embedding=1,server=y,suspend=n,address=127.0.0.1:56252
Using cacheserver namespaces - metadata:defaultmetadata, artifacts:defaultartifacts
Using cacheserver namespaces - metadata:defaultmetadata, artifacts:defaultartifacts
ImportWorker Server TCP listen port: 0
Begin MonoManager ReloadAssembly
Registering precompiled unity dll's ...
Register platform support module: D:/Unity/HubEditor/2022.3.34f1/Editor/Data/PlaybackEngines/WindowsStandaloneSupport/UnityEditor.WindowsStandalone.Extensions.dll
Registered in 0.012294 seconds.
- Loaded All Assemblies, in  0.322 seconds
Native extension for WindowsStandalone target not found
Mono: successfully reloaded assembly
- Finished resetting the current domain, in  0.218 seconds
Domain Reload Profiling: 531ms
	BeginReloadAssembly (108ms)
		ExecutionOrderSort (0ms)
		DisableScriptedObjects (0ms)
		BackupInstance (0ms)
		ReleaseScriptingObjects (0ms)
		CreateAndSetChildDomain (1ms)
	RebuildCommonClasses (24ms)
	RebuildNativeTypeToScriptingClass (6ms)
	initialDomainReloadingComplete (70ms)
	LoadAllAssembliesAndSetupDomain (106ms)
		LoadAssemblies (100ms)
		RebuildTransferFunctionScriptingTraits (0ms)
		AnalyzeDomain (104ms)
			TypeCache.Refresh (102ms)
				TypeCache.ScanAssembly (91ms)
			ScanForSourceGeneratedMonoScriptInfo (0ms)
			ResolveRequiredComponents (1ms)
	FinalizeReload (218ms)
		ReleaseScriptCaches (0ms)
		RebuildScriptCaches (0ms)
		SetupLoadedEditorAssemblies (175ms)
			LogAssemblyErrors (0ms)
			InitializePlatformSupportModulesInManaged (10ms)
			SetLoadedEditorAssemblies (7ms)
			RefreshPlugins (0ms)
			BeforeProcessingInitializeOnLoad (2ms)
			ProcessInitializeOnLoadAttributes (111ms)
			ProcessInitializeOnLoadMethodAttributes (46ms)
			AfterProcessingInitializeOnLoad (0ms)
			EditorAssembliesLoaded (0ms)
		ExecutionOrderSort2 (0ms)
		AwakeInstancesAfterBackupRestoration (0ms)
[Licensing::Client] Successfully resolved entitlements
Application.AssetDatabase Initial Refresh Start
[ScriptCompilation] Requested script compilation because: Assetdatabase observed changes in script compilation related files
info: Microsoft.Hosting.Lifetime[14]
      Now listening on: http://localhost:80
info: Microsoft.Hosting.Lifetime[0]
      Application started. Press Ctrl+C to shut down.
info: Microsoft.Hosting.Lifetime[0]
      Hosting environment: Production
info: Microsoft.Hosting.Lifetime[0]
      Content root path: I:\GitHub\Unity_GAS\gameplay-ability-system-for-unity\
info: Microsoft.AspNetCore.Hosting.Diagnostics[1]
      Request starting HTTP/2 POST http://ilpp/UnityILPP.PostProcessing/Ping application/grpc -
info: Microsoft.AspNetCore.Routing.EndpointMiddleware[0]
      Executing endpoint 'gRPC - /UnityILPP.PostProcessing/Ping'
info: Microsoft.AspNetCore.Routing.EndpointMiddleware[1]
      Executed endpoint 'gRPC - /UnityILPP.PostProcessing/Ping'
info: Microsoft.AspNetCore.Hosting.Diagnostics[2]
      Request finished HTTP/2 POST http://ilpp/UnityILPP.PostProcessing/Ping application/grpc - - 200 - application/grpc 30.4082ms
Starting: D:\Unity\HubEditor\2022.3.34f1\Editor\Data\bee_backend.exe --dont-print-to-structured-log --ipc --defer-dag-verification --dagfile="Library/Bee/1900b0aEDbg.dag" --continue-on-failure --profile="Library/Bee/backend1.traceevents" ScriptAssemblies
WorkingDir: I:/GitHub/Unity_GAS/gameplay-ability-system-for-unity
info: Microsoft.AspNetCore.Hosting.Diagnostics[1]
      Request starting HTTP/2 POST http://ilpp/UnityILPP.PostProcessing/ConfigurePostProcessors application/grpc -
info: Microsoft.AspNetCore.Routing.EndpointMiddleware[0]
      Executing endpoint 'gRPC - /UnityILPP.PostProcessing/ConfigurePostProcessors'
DisplayProgressbar: Compiling Scripts
warn: Unity.ILPP.Runner.PostProcessingAssemblyLoadContext[0]
      Assembly system.runtime.interopservices.windowsruntime has duplicate hint path. Ignoring "D:\Unity\HubEditor\2022.3.34f1\Editor\Data\UnityReferenceAssemblies\unity-4.8-api\Facades\System.Runtime.InteropServices.WindowsRuntime.dll" in favor of "D:\Unity\HubEditor\2022.3.34f1\Editor\Data\NetStandard\Extensions\2.0.0\System.Runtime.InteropServices.WindowsRuntime.dll"
warn: Unity.ILPP.Runner.PostProcessingAssemblyLoadContext[0]
      Assembly system.componentmodel.composition has duplicate hint path. Ignoring "D:\Unity\HubEditor\2022.3.34f1\Editor\Data\UnityReferenceAssemblies\unity-4.8-api\System.ComponentModel.Composition.dll" in favor of "D:\Unity\HubEditor\2022.3.34f1\Editor\Data\NetStandard\compat\2.1.0\shims\netfx\System.ComponentModel.Composition.dll"
info: Unity.ILPP.Runner.PostProcessingAssemblyLoadContext[0]
      Resolved Unity.Burst.Cecil, Version=0.11.4.0, Culture=neutral, PublicKeyToken=50cebf1cceb9d05e with Library\PackageCache\com.unity.burst@1.8.15\Unity.Burst.CodeGen\Unity.Burst.Cecil.dll
info: Microsoft.AspNetCore.Routing.EndpointMiddleware[1]
      Executed endpoint 'gRPC - /UnityILPP.PostProcessing/ConfigurePostProcessors'
info: Microsoft.AspNetCore.Hosting.Diagnostics[2]
      Request finished HTTP/2 POST http://ilpp/UnityILPP.PostProcessing/ConfigurePostProcessors application/grpc - - 200 - application/grpc 49.8835ms
info: Microsoft.AspNetCore.Hosting.Diagnostics[1]
      Request starting HTTP/2 POST http://ilpp/UnityILPP.PostProcessing/PostProcessAssembly application/grpc -
info: Microsoft.AspNetCore.Routing.EndpointMiddleware[0]
      Executing endpoint 'gRPC - /UnityILPP.PostProcessing/PostProcessAssembly'
info: Unity.ILPP.Runner.PostProcessingPipeline[0]
      Processing assembly Library/Bee/artifacts/1900b0aEDbg.dag/Assembly-CSharp.dll, with 133 defines and 310 references
info: Unity.ILPP.Runner.PostProcessingPipeline[0]
      processors: zzzUnity.Burst.CodeGen.BurstILPostProcessor
info: Unity.ILPP.Runner.PostProcessingPipeline[0]
      running zzzUnity.Burst.CodeGen.BurstILPostProcessor
info: Unity.ILPP.Runner.PostProcessingAssemblyLoadContext[0]
      Resolved Unity.Burst.Cecil.Rocks, Version=0.11.4.0, Culture=neutral, PublicKeyToken=50cebf1cceb9d05e with Library\PackageCache\com.unity.burst@1.8.15\Unity.Burst.CodeGen\Unity.Burst.Cecil.Rocks.dll
info: Microsoft.AspNetCore.Routing.EndpointMiddleware[1]
      Executed endpoint 'gRPC - /UnityILPP.PostProcessing/PostProcessAssembly'
info: Microsoft.AspNetCore.Hosting.Diagnostics[2]
      Request finished HTTP/2 POST http://ilpp/UnityILPP.PostProcessing/PostProcessAssembly application/grpc - - 200 - application/grpc 227.3304ms
info: Microsoft.AspNetCore.Hosting.Diagnostics[1]
      Request starting HTTP/2 POST http://ilpp/UnityILPP.PostProcessing/PostProcessAssembly application/grpc -
info: Microsoft.AspNetCore.Routing.EndpointMiddleware[0]
      Executing endpoint 'gRPC - /UnityILPP.PostProcessing/PostProcessAssembly'
info: Unity.ILPP.Runner.PostProcessingPipeline[0]
      Processing assembly Library/Bee/artifacts/1900b0aEDbg.dag/Assembly-CSharp-Editor.dll, with 131 defines and 331 references
info: Unity.ILPP.Runner.PostProcessingPipeline[0]
      processors: zzzUnity.Burst.CodeGen.BurstILPostProcessor
info: Unity.ILPP.Runner.PostProcessingPipeline[0]
      running zzzUnity.Burst.CodeGen.BurstILPostProcessor
info: Microsoft.AspNetCore.Routing.EndpointMiddleware[1]
      Executed endpoint 'gRPC - /UnityILPP.PostProcessing/PostProcessAssembly'
info: Microsoft.AspNetCore.Hosting.Diagnostics[2]
      Request finished HTTP/2 POST http://ilpp/UnityILPP.PostProcessing/PostProcessAssembly application/grpc - - 200 - application/grpc 21.1126ms
ExitCode: 0 Duration: 2s604ms
[ 898/1195  0s] ILPP-Configuration Library/ilpp-configuration.nevergeneratedoutput
[1187/1195  1s] Csc Library/Bee/artifacts/1900b0aEDbg.dag/Assembly-CSharp.dll (+2 others)
Assets\NTSD\Scripts\TimeWheel\TimeWheel.cs(101,39): warning CS8632: The annotation for nullable reference types should only be used in code within a '#nullable' annotations context.

Assets\NTSD\Scripts\TimeWheel\TimeWheel.cs(112,44): warning CS8632: The annotation for nullable reference types should only be used in code within a '#nullable' annotations context.

Assets\NTSD\Scripts\TimeWheel\TimeWheel.cs(112,117): warning CS8632: The annotation for nullable reference types should only be used in code within a '#nullable' annotations context.

Assets\NTSD\Scripts\TimeWheel\TimeWheel.cs(234,45): warning CS8632: The annotation for nullable reference types should only be used in code within a '#nullable' annotations context.

Assets\NTSD\Scripts\TimeWheel\TimeWheel.cs(248,49): warning CS8632: The annotation for nullable reference types should only be used in code within a '#nullable' annotations context.

Assets\NTSD\Scripts\TimeWheel\TimeWheel.cs(309,55): warning CS8632: The annotation for nullable reference types should only be used in code within a '#nullable' annotations context.

Assets\NTSD\Scripts\TimeWheel\TimeWheel.cs(405,53): warning CS8632: The annotation for nullable reference types should only be used in code within a '#nullable' annotations context.

Assets\NTSD\Scripts\TimeWheel\TimeWheel.cs(54,35): warning CS8632: The annotation for nullable reference types should only be used in code within a '#nullable' annotations context.

Assets\NTSD\Scripts\TimeWheel\TimeWheel.cs(55,35): warning CS8632: The annotation for nullable reference types should only be used in code within a '#nullable' annotations context.

Assets\NTSD\Scripts\TimeWheel\TimeWheel.cs(56,35): warning CS8632: The annotation for nullable reference types should only be used in code within a '#nullable' annotations context.

Assets\NTSD\Scripts\TimeWheel\TimeWheel.cs(57,35): warning CS8632: The annotation for nullable reference types should only be used in code within a '#nullable' annotations context.

Assets\NTSD\Scripts\TimeWheel\TimeWheel.cs(58,35): warning CS8632: The annotation for nullable reference types should only be used in code within a '#nullable' annotations context.

Assets\NTSD\Scripts\TimeWheel\TimeWheel.cs(66,41): warning CS8632: The annotation for nullable reference types should only be used in code within a '#nullable' annotations context.

Assets\NTSD\Scripts\TimeWheel\TimeWheel.cs(35,33): warning CS8632: The annotation for nullable reference types should only be used in code within a '#nullable' annotations context.

Assets\NTSD\Scripts\TimeWheel\TimeWheel.cs(35,35): warning CS8632: The annotation for nullable reference types should only be used in code within a '#nullable' annotations context.

Assets\NTSD\Scripts\TimeWheel\TimeWheel.cs(36,26): warning CS8632: The annotation for nullable reference types should only be used in code within a '#nullable' annotations context.

Assets\NTSD\Scripts\TimeWheel\TimeWheel.cs(40,29): warning CS8632: The annotation for nullable reference types should only be used in code within a '#nullable' annotations context.

Assets\NTSD\Scripts\TimeWheel\TimeWheel.cs(41,29): warning CS8632: The annotation for nullable reference types should only be used in code within a '#nullable' annotations context.

Assets\NTSD\Scripts\TimeWheel\TimeWheel.cs(156,34): warning CS8632: The annotation for nullable reference types should only be used in code within a '#nullable' annotations context.

Assets\NTSD\Scripts\TimeWheel\TimeWheel.cs(236,22): warning CS8632: The annotation for nullable reference types should only be used in code within a '#nullable' annotations context.

Assets\NTSD\Scripts\TimeWheel\TimeWheel.cs(241,26): warning CS8632: The annotation for nullable reference types should only be used in code within a '#nullable' annotations context.

Assets\NTSD\Scripts\TimeWheel\TimeWheel.cs(311,22): warning CS8632: The annotation for nullable reference types should only be used in code within a '#nullable' annotations context.

Assets\NTSD\Scripts\TimeWheel\TimeWheel.cs(331,22): warning CS8632: The annotation for nullable reference types should only be used in code within a '#nullable' annotations context.

Assets\NTSD\Scripts\App\AppManager.cs(31,41): warning CS0414: The field 'AppManager.menuSceneName' is assigned but its value is never used
[1188/1195  0s] Csc Library/Bee/artifacts/1900b0aEDbg.dag/Assembly-CSharp-Editor.dll (+2 others)
Assets\NTSD\Editor\ClassFactoryWindow.cs(870,24): warning CS0219: The variable 'message' is assigned but its value is never used

Assets\NTSD\Editor\ClassFactoryWindow.cs(972,38): warning CS0168: The variable 'ex' is declared but never used
[1189/1195  0s] ILPostProcess Library/Bee/artifacts/1900b0aEDbg.dag/post-processed/Assembly-CSharp.dll (+pdb)
Processing assembly Library/Bee/artifacts/1900b0aEDbg.dag/Assembly-CSharp.dll, with 133 defines and 310 references

processors: zzzUnity.Burst.CodeGen.BurstILPostProcessor

running zzzUnity.Burst.CodeGen.BurstILPostProcessor
[1190/1195  0s] ILPostProcess Library/Bee/artifacts/1900b0aEDbg.dag/post-processed/Assembly-CSharp-Editor.dll (+pdb)
Processing assembly Library/Bee/artifacts/1900b0aEDbg.dag/Assembly-CSharp-Editor.dll, with 131 defines and 331 references

processors: zzzUnity.Burst.CodeGen.BurstILPostProcessor

running zzzUnity.Burst.CodeGen.BurstILPostProcessor
[1191/1195  0s] CopyFiles Library/ScriptAssemblies/Assembly-CSharp.pdb
[1192/1195  0s] CopyFiles Library/ScriptAssemblies/Assembly-CSharp.dll
[1193/1195  0s] CopyFiles Library/ScriptAssemblies/Assembly-CSharp-Editor.pdb
[1194/1195  0s] CopyFiles Library/ScriptAssemblies/Assembly-CSharp-Editor.dll
*** Tundra build success (2.55 seconds), 9 items updated, 1195 evaluated
Assets\NTSD\Scripts\TimeWheel\TimeWheel.cs(101,39): warning CS8632: The annotation for nullable reference types should only be used in code within a '#nullable' annotations context.
Assets\NTSD\Scripts\TimeWheel\TimeWheel.cs(112,44): warning CS8632: The annotation for nullable reference types should only be used in code within a '#nullable' annotations context.
Assets\NTSD\Scripts\TimeWheel\TimeWheel.cs(112,117): warning CS8632: The annotation for nullable reference types should only be used in code within a '#nullable' annotations context.
Assets\NTSD\Scripts\TimeWheel\TimeWheel.cs(234,45): warning CS8632: The annotation for nullable reference types should only be used in code within a '#nullable' annotations context.
Assets\NTSD\Scripts\TimeWheel\TimeWheel.cs(248,49): warning CS8632: The annotation for nullable reference types should only be used in code within a '#nullable' annotations context.
Assets\NTSD\Scripts\TimeWheel\TimeWheel.cs(309,55): warning CS8632: The annotation for nullable reference types should only be used in code within a '#nullable' annotations context.
Assets\NTSD\Scripts\TimeWheel\TimeWheel.cs(405,53): warning CS8632: The annotation for nullable reference types should only be used in code within a '#nullable' annotations context.
Assets\NTSD\Scripts\TimeWheel\TimeWheel.cs(54,35): warning CS8632: The annotation for nullable reference types should only be used in code within a '#nullable' annotations context.
Assets\NTSD\Scripts\TimeWheel\TimeWheel.cs(55,35): warning CS8632: The annotation for nullable reference types should only be used in code within a '#nullable' annotations context.
Assets\NTSD\Scripts\TimeWheel\TimeWheel.cs(56,35): warning CS8632: The annotation for nullable reference types should only be used in code within a '#nullable' annotations context.
Assets\NTSD\Scripts\TimeWheel\TimeWheel.cs(57,35): warning CS8632: The annotation for nullable reference types should only be used in code within a '#nullable' annotations context.
Assets\NTSD\Scripts\TimeWheel\TimeWheel.cs(58,35): warning CS8632: The annotation for nullable reference types should only be used in code within a '#nullable' annotations context.
Assets\NTSD\Scripts\TimeWheel\TimeWheel.cs(66,41): warning CS8632: The annotation for nullable reference types should only be used in code within a '#nullable' annotations context.
Assets\NTSD\Scripts\TimeWheel\TimeWheel.cs(35,33): warning CS8632: The annotation for nullable reference types should only be used in code within a '#nullable' annotations context.
Assets\NTSD\Scripts\TimeWheel\TimeWheel.cs(35,35): warning CS8632: The annotation for nullable reference types should only be used in code within a '#nullable' annotations context.
Assets\NTSD\Scripts\TimeWheel\TimeWheel.cs(36,26): warning CS8632: The annotation for nullable reference types should only be used in code within a '#nullable' annotations context.
Assets\NTSD\Scripts\TimeWheel\TimeWheel.cs(40,29): warning CS8632: The annotation for nullable reference types should only be used in code within a '#nullable' annotations context.
Assets\NTSD\Scripts\TimeWheel\TimeWheel.cs(41,29): warning CS8632: The annotation for nullable reference types should only be used in code within a '#nullable' annotations context.
Assets\NTSD\Scripts\TimeWheel\TimeWheel.cs(156,34): warning CS8632: The annotation for nullable reference types should only be used in code within a '#nullable' annotations context.
Assets\NTSD\Scripts\TimeWheel\TimeWheel.cs(236,22): warning CS8632: The annotation for nullable reference types should only be used in code within a '#nullable' annotations context.
Assets\NTSD\Scripts\TimeWheel\TimeWheel.cs(241,26): warning CS8632: The annotation for nullable reference types should only be used in code within a '#nullable' annotations context.
Assets\NTSD\Scripts\TimeWheel\TimeWheel.cs(311,22): warning CS8632: The annotation for nullable reference types should only be used in code within a '#nullable' annotations context.
Assets\NTSD\Scripts\TimeWheel\TimeWheel.cs(331,22): warning CS8632: The annotation for nullable reference types should only be used in code within a '#nullable' annotations context.
Assets\NTSD\Scripts\App\AppManager.cs(31,41): warning CS0414: The field 'AppManager.menuSceneName' is assigned but its value is never used
Assets\NTSD\Editor\ClassFactoryWindow.cs(870,24): warning CS0219: The variable 'message' is assigned but its value is never used
Assets\NTSD\Editor\ClassFactoryWindow.cs(972,38): warning CS0168: The variable 'ex' is declared but never used
AssetDatabase: script compilation time: 3.183103s
Begin MonoManager ReloadAssembly
Total cache size 268212962
Total cache size after purge 268212962
Symbol file data-000001D1E44E3FA0 doesn't match image I:\GitHub\Unity_GAS\gameplay-ability-system-for-unity\Assets\Plugins\Sirenix\Assemblies\Sirenix.Reflection.Editor.dll
Symbol file LoadedFromMemory is not a mono symbol file
Symbol file data-000001D1E45D0A00 doesn't match image I:\GitHub\Unity_GAS\gameplay-ability-system-for-unity\Assets\Plugins\Sirenix\Assemblies\Sirenix.Serialization.dll
Symbol file LoadedFromMemory is not a mono symbol file
Symbol file data-000001D1B3654DD0 doesn't match image I:\GitHub\Unity_GAS\gameplay-ability-system-for-unity\Assets\Plugins\Sirenix\Assemblies\Sirenix.Serialization.Config.dll
Symbol file LoadedFromMemory is not a mono symbol file
Symbol file data-000001D1E45FB240 doesn't match image I:\GitHub\Unity_GAS\gameplay-ability-system-for-unity\Assets\Plugins\Sirenix\Assemblies\Sirenix.OdinInspector.Editor.dll
Symbol file LoadedFromMemory is not a mono symbol file
Symbol file data-000001D1E47D2460 doesn't match image I:\GitHub\Unity_GAS\gameplay-ability-system-for-unity\Assets\Plugins\Sirenix\Assemblies\Sirenix.OdinInspector.Attributes.dll
Symbol file LoadedFromMemory is not a mono symbol file
Symbol file data-000001D1E47FAC70 doesn't match image I:\GitHub\Unity_GAS\gameplay-ability-system-for-unity\Assets\Plugins\Sirenix\Assemblies\Sirenix.Utilities.dll
Symbol file LoadedFromMemory is not a mono symbol file
Symbol file data-000001D1E4859410 doesn't match image I:\GitHub\Unity_GAS\gameplay-ability-system-for-unity\Assets\Plugins\Sirenix\Assemblies\Sirenix.Utilities.Editor.dll
Symbol file LoadedFromMemory is not a mono symbol file
Symbol file LoadedFromMemory is not a mono symbol file
- Loaded All Assemblies, in  1.185 seconds
Refreshing native plugins compatible for Editor in 54.24 ms, found 4 plugins.
Preloading 0 native plugins for Editor in 0.00 ms.
Start importing Assets/NTSD/Scripts/Animation/Rendering/BattleCentralRenderSystem.cs using Guid(4d0394d972a87ed4cbdfb016120d091a) Importer(-1,00000000000000000000000000000000) [PhysX] Initialized MultithreadedTaskDispatcher with 20 workers.
 -> (artifact id: '451374c94d71a5b4a21aacdb2945075f') in 0.017147 seconds
Start importing Assets/NTSD/Scripts/Test/BattleRuntimeSelfCheck.cs using Guid(bd56afc6be3a446b838080c2799e85ee) Importer(-1,00000000000000000000000000000000) [PhysX] Initialized MultithreadedTaskDispatcher with 20 workers.
 -> (artifact id: '31bd046ae61fe4cedf58996248a8820e') in 0.006360 seconds
Refreshing native plugins compatible for Editor in 40.32 ms, found 4 plugins.
Native extension for WindowsStandalone target not found
Launched and connected shader compiler UnityShaderCompiler.exe after 0.11 seconds
Mono: successfully reloaded assembly
- Finished resetting the current domain, in  9.532 seconds
Domain Reload Profiling: 10696ms
	BeginReloadAssembly (146ms)
		ExecutionOrderSort (0ms)
		DisableScriptedObjects (4ms)
		BackupInstance (0ms)
		ReleaseScriptingObjects (0ms)
		CreateAndSetChildDomain (20ms)
	RebuildCommonClasses (22ms)
	RebuildNativeTypeToScriptingClass (6ms)
	initialDomainReloadingComplete (54ms)
	LoadAllAssembliesAndSetupDomain (934ms)
		LoadAssemblies (652ms)
		RebuildTransferFunctionScriptingTraits (0ms)
		AnalyzeDomain (365ms)
			TypeCache.Refresh (296ms)
				TypeCache.ScanAssembly (272ms)
			ScanForSourceGeneratedMonoScriptInfo (49ms)
			ResolveRequiredComponents (16ms)
	FinalizeReload (9533ms)
		ReleaseScriptCaches (0ms)
		RebuildScriptCaches (0ms)
		SetupLoadedEditorAssemblies (8273ms)
			LogAssemblyErrors (0ms)
			InitializePlatformSupportModulesInManaged (6ms)
			SetLoadedEditorAssemblies (4ms)
			RefreshPlugins (0ms)
			BeforeProcessingInitializeOnLoad (159ms)
			ProcessInitializeOnLoadAttributes (7593ms)
			ProcessInitializeOnLoadMethodAttributes (486ms)
			AfterProcessingInitializeOnLoad (25ms)
			EditorAssembliesLoaded (1ms)
		ExecutionOrderSort2 (0ms)
		AwakeInstancesAfterBackupRestoration (11ms)
[ScriptCompilation] Requested script compilation because: Assetdatabase observed changes in script compilation related files
info: Microsoft.AspNetCore.Hosting.Diagnostics[1]
      Request starting HTTP/2 POST http://ilpp/UnityILPP.PostProcessing/Ping application/grpc -
info: Microsoft.AspNetCore.Routing.EndpointMiddleware[0]
      Executing endpoint 'gRPC - /UnityILPP.PostProcessing/Ping'
info: Microsoft.AspNetCore.Routing.EndpointMiddleware[1]
      Executed endpoint 'gRPC - /UnityILPP.PostProcessing/Ping'
info: Microsoft.AspNetCore.Hosting.Diagnostics[2]
      Request finished HTTP/2 POST http://ilpp/UnityILPP.PostProcessing/Ping application/grpc - - 200 - application/grpc 3.1889ms
Starting: D:\Unity\HubEditor\2022.3.34f1\Editor\Data\bee_backend.exe --dont-print-to-structured-log --ipc --defer-dag-verification --dagfile="Library/Bee/1900b0aEDbg.dag" --continue-on-failure --profile="Library/Bee/backend1.traceevents" ScriptAssemblies
WorkingDir: I:/GitHub/Unity_GAS/gameplay-ability-system-for-unity
info: Microsoft.AspNetCore.Hosting.Diagnostics[1]
      Request starting HTTP/2 POST http://ilpp/UnityILPP.PostProcessing/ConfigurePostProcessors application/grpc -
info: Microsoft.AspNetCore.Routing.EndpointMiddleware[0]
      Executing endpoint 'gRPC - /UnityILPP.PostProcessing/ConfigurePostProcessors'
info: Unity.ILPP.Runner.PostProcessingAssemblyLoadContext[0]
      Current configuration matches the requested one, skipping
info: Microsoft.AspNetCore.Routing.EndpointMiddleware[1]
      Executed endpoint 'gRPC - /UnityILPP.PostProcessing/ConfigurePostProcessors'
info: Microsoft.AspNetCore.Hosting.Diagnostics[2]
      Request finished HTTP/2 POST http://ilpp/UnityILPP.PostProcessing/ConfigurePostProcessors application/grpc - - 200 - application/grpc 3.2744ms
ExitCode: 4 Duration: 2s319ms
Rebuilding DAG because FileSignature timestamp changed: Library/Bee/1900b0aEDbg-inputdata.json
[ 898/1195  0s] ILPP-Configuration Library/ilpp-configuration.nevergeneratedoutput
[ 899/1195  1s] Csc Library/Bee/artifacts/1900b0aEDbg.dag/Assembly-CSharp.dll (+2 others)
##### CommandLine
"D:\Unity\HubEditor\2022.3.34f1\Editor\Data\NetCoreRuntime\dotnet.exe" exec "D:/Unity/HubEditor/2022.3.34f1/Editor/Data/DotNetSdkRoslyn/csc.dll" /nostdlib /noconfig /shared "@Library/Bee/artifacts/1900b0aEDbg.dag/Assembly-CSharp.rsp" "@Library/Bee/artifacts/1900b0aEDbg.dag/Assembly-CSharp.rsp2"
##### Contents of Library\Bee\artifacts\1900b0aEDbg.dag\Assembly-CSharp.rsp
-target:library
-out:"Library/Bee/artifacts/1900b0aEDbg.dag/Assembly-CSharp.dll"
-refout:"Library/Bee/artifacts/1900b0aEDbg.dag/Assembly-CSharp.ref.dll"
-define:UNITY_2022_3_34
-define:UNITY_2022_3
-define:UNITY_2022
-define:UNITY_5_3_OR_NEWER
-define:UNITY_5_4_OR_NEWER
-define:UNITY_5_5_OR_NEWER
-define:UNITY_5_6_OR_NEWER
-define:UNITY_2017_1_OR_NEWER
-define:UNITY_2017_2_OR_NEWER
-define:UNITY_2017_3_OR_NEWER
-define:UNITY_2017_4_OR_NEWER
-define:UNITY_2018_1_OR_NEWER
-define:UNITY_2018_2_OR_NEWER
-define:UNITY_2018_3_OR_NEWER
-define:UNITY_2018_4_OR_NEWER
-define:UNITY_2019_1_OR_NEWER
-define:UNITY_2019_2_OR_NEWER
-define:UNITY_2019_3_OR_NEWER
-define:UNITY_2019_4_OR_NEWER
-define:UNITY_2020_1_OR_NEWER
-define:UNITY_2020_2_OR_NEWER
-define:UNITY_2020_3_OR_NEWER
-define:UNITY_2021_1_OR_NEWER
-define:UNITY_2021_2_OR_NEWER
-define:UNITY_2021_3_OR_NEWER
-define:UNITY_2022_1_OR_NEWER
-define:UNITY_2022_2_OR_NEWER
-define:UNITY_2022_3_OR_NEWER
-define:PLATFORM_ARCH_64
-define:UNITY_64
-define:UNITY_INCLUDE_TESTS
-define:ENABLE_AR
-define:ENABLE_AUDIO
-define:ENABLE_CACHING
-define:ENABLE_CLOTH
-define:ENABLE_EVENT_QUEUE
-define:ENABLE_MICROPHONE
-define:ENABLE_MULTIPLE_DISPLAYS
-define:ENABLE_PHYSICS
-define:ENABLE_TEXTURE_STREAMING
-define:ENABLE_VIRTUALTEXTURING
-define:ENABLE_LZMA
-define:ENABLE_UNITYEVENTS
-define:ENABLE_VR
-define:ENABLE_WEBCAM
-define:ENABLE_UNITYWEBREQUEST
-define:ENABLE_WWW
-define:ENABLE_CLOUD_SERVICES
-define:ENABLE_CLOUD_SERVICES_ADS
-define:ENABLE_CLOUD_SERVICES_USE_WEBREQUEST
-define:ENABLE_CLOUD_SERVICES_CRASH_REPORTING
-define:ENABLE_CLOUD_SERVICES_PURCHASING
-define:ENABLE_CLOUD_SERVICES_ANALYTICS
-define:ENABLE_CLOUD_SERVICES_BUILD
-define:ENABLE_EDITOR_GAME_SERVICES
-define:ENABLE_UNITY_GAME_SERVICES_ANALYTICS_SUPPORT
-define:ENABLE_CLOUD_LICENSE
-define:ENABLE_EDITOR_HUB_LICENSE
-define:ENABLE_WEBSOCKET_CLIENT
-define:ENABLE_GENERATE_NATIVE_PLUGINS_FOR_ASSEMBLIES_API
-define:ENABLE_DIRECTOR_AUDIO
-define:ENABLE_DIRECTOR_TEXTURE
-define:ENABLE_MANAGED_JOBS
-define:ENABLE_MANAGED_TRANSFORM_JOBS
-define:ENABLE_MANAGED_ANIMATION_JOBS
-define:ENABLE_MANAGED_AUDIO_JOBS
-define:ENABLE_MANAGED_UNITYTLS
-define:INCLUDE_DYNAMIC_GI
-define:ENABLE_SCRIPTING_GC_WBARRIERS
-define:PLATFORM_SUPPORTS_MONO
-define:RENDER_SOFTWARE_CURSOR
-define:ENABLE_VIDEO
-define:ENABLE_ACCELERATOR_CLIENT_DEBUGGING
-define:ENABLE_NAVIGATION_PACKAGE_DEBUG_VISUALIZATION
-define:ENABLE_NAVIGATION_HEIGHTMESH_RUNTIME_SUPPORT
-define:ENABLE_NAVIGATION_UI_REQUIRES_PACKAGE
-define:PLATFORM_STANDALONE
-define:TEXTCORE_1_0_OR_NEWER
-define:PLATFORM_STANDALONE_WIN
-define:UNITY_STANDALONE_WIN
-define:UNITY_STANDALONE
-define:UNITY_UGP_API
-define:ENABLE_RUNTIME_GI
-define:ENABLE_MOVIES
-define:ENABLE_NETWORK
-define:ENABLE_NVIDIA
-define:ENABLE_CRUNCH_TEXTURE_COMPRESSION
-define:ENABLE_OUT_OF_PROCESS_CRASH_HANDLER
-define:ENABLE_CLUSTER_SYNC
-define:ENABLE_CLUSTERINPUT
-define:PLATFORM_UPDATES_TIME_OUTSIDE_OF_PLAYER_LOOP
-define:GFXDEVICE_WAITFOREVENT_MESSAGEPUMP
-define:PLATFORM_INITIALIZES_MEMORY_MANAGER_EXPLICITLY
-define:ENABLE_MONO
-define:NET_STANDARD_2_0
-define:NET_STANDARD
-define:NET_STANDARD_2_1
-define:NETSTANDARD
-define:NETSTANDARD2_1
-define:ENABLE_PROFILER
-define:DEBUG
-define:TRACE
-define:UNITY_ASSERTIONS
-define:UNITY_EDITOR
-define:UNITY_EDITOR_64
-define:UNITY_EDITOR_WIN
-define:ENABLE_UNITY_COLLECTIONS_CHECKS
-define:ENABLE_BURST_AOT
-define:UNITY_TEAM_LICENSE
-define:ENABLE_CUSTOM_RENDER_TEXTURE
-define:ENABLE_DIRECTOR
-define:ENABLE_LOCALIZATION
-define:ENABLE_SPRITES
-define:ENABLE_TERRAIN
-define:ENABLE_TILEMAP
-define:ENABLE_TIMELINE
-define:ENABLE_INPUT_SYSTEM
-define:ENABLE_LEGACY_INPUT_MANAGER
-define:TEXTCORE_FONT_ENGINE_1_5_OR_NEWER
-define:ODIN_INSPECTOR
-define:ODIN_INSPECTOR_3
-define:ODIN_INSPECTOR_3_1
-define:EX_GAS_ENABLE_HOT_KEYS
-define:MOREMOUNTAINS_TOPDOWNENGINE
-define:MOREMOUNTAINS_INTERFACE
-define:MOREMOUNTAINS_INVENTORYENGINE
-define:ODIN_VALIDATOR
-define:ODIN_VALIDATOR_3_1
-define:ODIN_VALIDATOR_3_2
-define:ODIN_VALIDATOR_3_3
-define:USING_URP
-define:CSHARP_7_OR_LATER
-define:CSHARP_7_3_OR_NEWER
-r:"Assets/Plugins/Demigiant/DemiLib/Core/DemiLib.dll"
-r:"Assets/Plugins/Demigiant/DOTween/DOTween.dll"
-r:"Assets/Plugins/Demigiant/DOTweenPro/DOTweenPro.dll"
-r:"Assets/Plugins/Sirenix/Assemblies/Sirenix.OdinInspector.Attributes.dll"
-r:"Assets/Plugins/Sirenix/Assemblies/Sirenix.OdinInspector.Editor.dll"
-r:"Assets/Plugins/Sirenix/Assemblies/Sirenix.Reflection.Editor.dll"
-r:"Assets/Plugins/Sirenix/Assemblies/Sirenix.Serialization.Config.dll"
-r:"Assets/Plugins/Sirenix/Assemblies/Sirenix.Serialization.dll"
-r:"Assets/Plugins/Sirenix/Assemblies/Sirenix.Utilities.dll"
-r:"Assets/Plugins/Sirenix/Assemblies/Sirenix.Utilities.Editor.dll"
-r:"D:/Unity/HubEditor/2022.3.34f1/Editor/Data/Managed/UnityEngine/UnityEditor.CoreModule.dll"
-r:"D:/Unity/HubEditor/2022.3.34f1/Editor/Data/Managed/UnityEngine/UnityEditor.DeviceSimulatorModule.dll"
-r:"D:/Unity/HubEditor/2022.3.34f1/Editor/Data/Managed/UnityEngine/UnityEditor.DiagnosticsModule.dll"
-r:"D:/Unity/HubEditor/2022.3.34f1/Editor/Data/Managed/UnityEngine/UnityEditor.dll"
-r:"D:/Unity/HubEditor/2022.3.34f1/Editor/Data/Managed/UnityEngine/UnityEditor.EditorToolbarModule.dll"
-r:"D:/Unity/HubEditor/2022.3.34f1/Editor/Data/Managed/UnityEngine/UnityEditor.GraphViewModule.dll"
-r:"D:/Unity/HubEditor/2022.3.34f1/Editor/Data/Managed/UnityEngine/UnityEditor.PresetsUIModule.dll"
-r:"D:/Unity/HubEditor/2022.3.34f1/Editor/Data/Managed/UnityEngine/UnityEditor.QuickSearchModule.dll"
-r:"D:/Unity/HubEditor/2022.3.34f1/Editor/Data/Managed/UnityEngine/UnityEditor.SceneTemplateModule.dll"
-r:"D:/Unity/HubEditor/2022.3.34f1/Editor/Data/Managed/UnityEngine/UnityEditor.SceneViewModule.dll"
-r:"D:/Unity/HubEditor/2022.3.34f1/Editor/Data/Managed/UnityEngine/UnityEditor.TextCoreFontEngineModule.dll"
-r:"D:/Unity/HubEditor/2022.3.34f1/Editor/Data/Managed/UnityEngine/UnityEditor.TextCoreTextEngineModule.dll"
-r:"D:/Unity/HubEditor/2022.3.34f1/Editor/Data/Managed/UnityEngine/UnityEditor.UIBuilderModule.dll"
-r:"D:/Unity/HubEditor/2022.3.34f1/Editor/Data/Managed/UnityEngine/UnityEditor.UIElementsModule.dll"
-r:"D:/Unity/HubEditor/2022.3.34f1/Editor/Data/Managed/UnityEngine/UnityEditor.UIElementsSamplesModule.dll"
-r:"D:/Unity/HubEditor/2022.3.34f1/Editor/Data/Managed/UnityEngine/UnityEditor.UnityConnectModule.dll"
-r:"D:/Unity/HubEditor/2022.3.34f1/Editor/Data/Managed/UnityEngine/UnityEngine.AccessibilityModule.dll"
-r:"D:/Unity/HubEditor/2022.3.34f1/Editor/Data/Managed/UnityEngine/UnityEngine.AIModule.dll"
-r:"D:/Unity/HubEditor/2022.3.34f1/Editor/Data/Managed/UnityEngine/UnityEngine.AndroidJNIModule.dll"
-r:"D:/Unity/HubEditor/2022.3.34f1/Editor/Data/Managed/UnityEngine/UnityEngine.AnimationModule.dll"
-r:"D:/Unity/HubEditor/2022.3.34f1/Editor/Data/Managed/UnityEngine/UnityEngine.ARModule.dll"
-r:"D:/Unity/HubEditor/2022.3.34f1/Editor/Data/Managed/UnityEngine/UnityEngine.AssetBundleModule.dll"
-r:"D:/Unity/HubEditor/2022.3.34f1/Editor/Data/Managed/UnityEngine/UnityEngine.AudioModule.dll"
-r:"D:/Unity/HubEditor/2022.3.34f1/Editor/Data/Managed/UnityEngine/UnityEngine.ClothModule.dll"
-r:"D:/Unity/HubEditor/2022.3.34f1/Editor/Data/Managed/UnityEngine/UnityEngine.ClusterInputModule.dll"
-r:"D:/Unity/HubEditor/2022.3.34f1/Editor/Data/Managed/UnityEngine/UnityEngine.ClusterRendererModule.dll"
-r:"D:/Unity/HubEditor/2022.3.34f1/Editor/Data/Managed/UnityEngine/UnityEngine.ContentLoadModule.dll"
-r:"D:/Unity/HubEditor/2022.3.34f1/Editor/Data/Managed/UnityEngine/UnityEngine.CoreModule.dll"
-r:"D:/Unity/HubEditor/2022.3.34f1/Editor/Data/Managed/UnityEngine/UnityEngine.CrashReportingModule.dll"
-r:"D:/Unity/HubEditor/2022.3.34f1/Editor/Data/Managed/UnityEngine/UnityEngine.DirectorModule.dll"
-r:"D:/Unity/HubEditor/2022.3.34f1/Editor/Data/Managed/UnityEngine/UnityEngine.dll"
-r:"D:/Unity/HubEditor/2022.3.34f1/Editor/Data/Managed/UnityEngine/UnityEngine.DSPGraphModule.dll"
-r:"D:/Unity/HubEditor/2022.3.34f1/Editor/Data/Managed/UnityEngine/UnityEngine.GameCenterModule.dll"
-r:"D:/Unity/HubEditor/2022.3.34f1/Editor/Data/Managed/UnityEngine/UnityEngine.GIModule.dll"
-r:"D:/Unity/HubEditor/2022.3.34f1/Editor/Data/Managed/UnityEngine/UnityEngine.GridModule.dll"
-r:"D:/Unity/HubEditor/2022.3.34f1/Editor/Data/Managed/UnityEngine/UnityEngine.HotReloadModule.dll"
-r:"D:/Unity/HubEditor/2022.3.34f1/Editor/Data/Managed/UnityEngine/UnityEngine.ImageConversionModule.dll"
-r:"D:/Unity/HubEditor/2022.3.34f1/Editor/Data/Managed/UnityEngine/UnityEngine.IMGUIModule.dll"
-r:"D:/Unity/HubEditor/2022.3.34f1/Editor/Data/Managed/UnityEngine/UnityEngine.InputLegacyModule.dll"
-r:"D:/Unity/HubEditor/2022.3.34f1/Editor/Data/Managed/UnityEngine/UnityEngine.InputModule.dll"
-r:"D:/Unity/HubEditor/2022.3.34f1/Editor/Data/Managed/UnityEngine/UnityEngine.JSONSerializeModule.dll"
-r:"D:/Unity/HubEditor/2022.3.34f1/Editor/Data/Managed/UnityEngine/UnityEngine.LocalizationModule.dll"
-r:"D:/Unity/HubEditor/2022.3.34f1/Editor/Data/Managed/UnityEngine/UnityEngine.ParticleSystemModule.dll"
-r:"D:/Unity/HubEditor/2022.3.34f1/Editor/Data/Managed/UnityEngine/UnityEngine.PerformanceReportingModule.dll"
-r:"D:/Unity/HubEditor/2022.3.34f1/Editor/Data/Managed/UnityEngine/UnityEngine.Physics2DModule.dll"
-r:"D:/Unity/HubEditor/2022.3.34f1/Editor/Data/Managed/UnityEngine/UnityEngine.PhysicsModule.dll"
-r:"D:/Unity/HubEditor/2022.3.34f1/Editor/Data/Managed/UnityEngine/UnityEngine.ProfilerModule.dll"
-r:"D:/Unity/HubEditor/2022.3.34f1/Editor/Data/Managed/UnityEngine/UnityEngine.PropertiesModule.dll"
-r:"D:/Unity/HubEditor/2022.3.34f1/Editor/Data/Managed/UnityEngine/UnityEngine.RuntimeInitializeOnLoadManagerInitializerModule.dll"
-r:"D:/Unity/HubEditor/2022.3.34f1/Editor/Data/Managed/UnityEngine/UnityEngine.ScreenCaptureModule.dll"
-r:"D:/Unity/HubEditor/2022.3.34f1/Editor/Data/Managed/UnityEngine/UnityEngine.SharedInternalsModule.dll"
-r:"D:/Unity/HubEditor/2022.3.34f1/Editor/Data/Managed/UnityEngine/UnityEngine.SpriteMaskModule.dll"
-r:"D:/Unity/HubEditor/2022.3.34f1/Editor/Data/Managed/UnityEngine/UnityEngine.SpriteShapeModule.dll"
-r:"D:/Unity/HubEditor/2022.3.34f1/Editor/Data/Managed/UnityEngine/UnityEngine.StreamingModule.dll"
-r:"D:/Unity/HubEditor/2022.3.34f1/Editor/Data/Managed/UnityEngine/UnityEngine.SubstanceModule.dll"
-r:"D:/Unity/HubEditor/2022.3.34f1/Editor/Data/Managed/UnityEngine/UnityEngine.SubsystemsModule.dll"
-r:"D:/Unity/HubEditor/2022.3.34f1/Editor/Data/Managed/UnityEngine/UnityEngine.TerrainModule.dll"
-r:"D:/Unity/HubEditor/2022.3.34f1/Editor/Data/Managed/UnityEngine/UnityEngine.TerrainPhysicsModule.dll"
-r:"D:/Unity/HubEditor/2022.3.34f1/Editor/Data/Managed/UnityEngine/UnityEngine.TextCoreFontEngineModule.dll"
-r:"D:/Unity/HubEditor/2022.3.34f1/Editor/Data/Managed/UnityEngine/UnityEngine.TextCoreTextEngineModule.dll"
-r:"D:/Unity/HubEditor/2022.3.34f1/Editor/Data/Managed/UnityEngine/UnityEngine.TextRenderingModule.dll"
-r:"D:/Unity/HubEditor/2022.3.34f1/Editor/Data/Managed/UnityEngine/UnityEngine.TilemapModule.dll"
-r:"D:/Unity/HubEditor/2022.3.34f1/Editor/Data/Managed/UnityEngine/UnityEngine.TLSModule.dll"
-r:"D:/Unity/HubEditor/2022.3.34f1/Editor/Data/Managed/UnityEngine/UnityEngine.UIElementsModule.dll"
-r:"D:/Unity/HubEditor/2022.3.34f1/Editor/Data/Managed/UnityEngine/UnityEngine.UIModule.dll"
-r:"D:/Unity/HubEditor/2022.3.34f1/Editor/Data/Managed/UnityEngine/UnityEngine.UmbraModule.dll"
-r:"D:/Unity/HubEditor/2022.3.34f1/Editor/Data/Managed/UnityEngine/UnityEngine.UnityAnalyticsCommonModule.dll"
-r:"D:/Unity/HubEditor/2022.3.34f1/Editor/Data/Managed/UnityEngine/UnityEngine.UnityAnalyticsModule.dll"
-r:"D:/Unity/HubEditor/2022.3.34f1/Editor/Data/Managed/UnityEngine/UnityEngine.UnityConnectModule.dll"
-r:"D:/Unity/HubEditor/2022.3.34f1/Editor/Data/Managed/UnityEngine/UnityEngine.UnityCurlModule.dll"
-r:"D:/Unity/HubEditor/2022.3.34f1/Editor/Data/Managed/UnityEngine/UnityEngine.UnityTestProtocolModule.dll"
-r:"D:/Unity/HubEditor/2022.3.34f1/Editor/Data/Managed/UnityEngine/UnityEngine.UnityWebRequestAssetBundleModule.dll"
-r:"D:/Unity/HubEditor/2022.3.34f1/Editor/Data/Managed/UnityEngine/UnityEngine.UnityWebRequestAudioModule.dll"
-r:"D:/Unity/HubEditor/2022.3.34f1/Editor/Data/Managed/UnityEngine/UnityEngine.UnityWebRequestModule.dll"
-r:"D:/Unity/HubEditor/2022.3.34f1/Editor/Data/Managed/UnityEngine/UnityEngine.UnityWebRequestTextureModule.dll"
-r:"D:/Unity/HubEditor/2022.3.34f1/Editor/Data/Managed/UnityEngine/UnityEngine.UnityWebRequestWWWModule.dll"
-r:"D:/Unity/HubEditor/2022.3.34f1/Editor/Data/Managed/UnityEngine/UnityEngine.VehiclesModule.dll"
-r:"D:/Unity/HubEditor/2022.3.34f1/Editor/Data/Managed/UnityEngine/UnityEngine.VFXModule.dll"
-r:"D:/Unity/HubEditor/2022.3.34f1/Editor/Data/Managed/UnityEngine/UnityEngine.VideoModule.dll"
-r:"D:/Unity/HubEditor/2022.3.34f1/Editor/Data/Managed/UnityEngine/UnityEngine.VirtualTexturingModule.dll"
-r:"D:/Unity/HubEditor/2022.3.34f1/Editor/Data/Managed/UnityEngine/UnityEngine.VRModule.dll"
-r:"D:/Unity/HubEditor/2022.3.34f1/Editor/Data/Managed/UnityEngine/UnityEngine.WindModule.dll"
-r:"D:/Unity/HubEditor/2022.3.34f1/Editor/Data/Managed/UnityEngine/UnityEngine.XRModule.dll"
-r:"D:/Unity/HubEditor/2022.3.34f1/Editor/Data/NetStandard/compat/2.1.0/shims/netfx/mscorlib.dll"
-r:"D:/Unity/HubEditor/2022.3.34f1/Editor/Data/NetStandard/compat/2.1.0/shims/netfx/System.ComponentModel.Composition.dll"
-r:"D:/Unity/HubEditor/2022.3.34f1/Editor/Data/NetStandard/compat/2.1.0/shims/netfx/System.Core.dll"
-r:"D:/Unity/HubEditor/2022.3.34f1/Editor/Data/NetStandard/compat/2.1.0/shims/netfx/System.Data.dll"
-r:"D:/Unity/HubEditor/2022.3.34f1/Editor/Data/NetStandard/compat/2.1.0/shims/netfx/System.dll"
-r:"D:/Unity/HubEditor/2022.3.34f1/Editor/Data/NetStandard/compat/2.1.0/shims/netfx/System.Drawing.dll"
-r:"D:/Unity/HubEditor/2022.3.34f1/Editor/Data/NetStandard/compat/2.1.0/shims/netfx/System.IO.Compression.FileSystem.dll"
-r:"D:/Unity/HubEditor/2022.3.34f1/Editor/Data/NetStandard/compat/2.1.0/shims/netfx/System.Net.dll"
-r:"D:/Unity/HubEditor/2022.3.34f1/Editor/Data/NetStandard/compat/2.1.0/shims/netfx/System.Numerics.dll"
-r:"D:/Unity/HubEditor/2022.3.34f1/Editor/Data/NetStandard/compat/2.1.0/shims/netfx/System.Runtime.Serialization.dll"
-r:"D:/Unity/HubEditor/2022.3.34f1/Editor/Data/NetStandard/compat/2.1.0/shims/netfx/System.ServiceModel.Web.dll"
-r:"D:/Unity/HubEditor/2022.3.34f1/Editor/Data/NetStandard/compat/2.1.0/shims/netfx/System.Transactions.dll"
-r:"D:/Unity/HubEditor/2022.3.34f1/Editor/Data/NetStandard/compat/2.1.0/shims/netfx/System.Web.dll"
-r:"D:/Unity/HubEditor/2022.3.34f1/Editor/Data/NetStandard/compat/2.1.0/shims/netfx/System.Windows.dll"
-r:"D:/Unity/HubEditor/2022.3.34f1/Editor/Data/NetStandard/compat/2.1.0/shims/netfx/System.Xml.dll"
-r:"D:/Unity/HubEditor/2022.3.34f1/Editor/Data/NetStandard/compat/2.1.0/shims/netfx/System.Xml.Linq.dll"
-r:"D:/Unity/HubEditor/2022.3.34f1/Editor/Data/NetStandard/compat/2.1.0/shims/netfx/System.Xml.Serialization.dll"
-r:"D:/Unity/HubEditor/2022.3.34f1/Editor/Data/NetStandard/compat/2.1.0/shims/netstandard/Microsoft.Win32.Primitives.dll"
-r:"D:/Unity/HubEditor/2022.3.34f1/Editor/Data/NetStandard/compat/2.1.0/shims/netstandard/System.AppContext.dll"
-r:"D:/Unity/HubEditor/2022.3.34f1/Editor/Data/NetStandard/compat/2.1.0/shims/netstandard/System.Buffers.dll"
-r:"D:/Unity/HubEditor/2022.3.34f1/Editor/Data/NetStandard/compat/2.1.0/shims/netstandard/System.Collections.Concurrent.dll"
-r:"D:/Unity/HubEditor/2022.3.34f1/Editor/Data/NetStandard/compat/2.1.0/shims/netstandard/System.Collections.dll"
-r:"D:/Unity/HubEditor/2022.3.34f1/Editor/Data/NetStandard/compat/2.1.0/shims/netstandard/System.Collections.NonGeneric.dll"
-r:"D:/Unity/HubEditor/2022.3.34f1/Editor/Data/NetStandard/compat/2.1.0/shims/netstandard/System.Collections.Specialized.dll"
-r:"D:/Unity/HubEditor/2022.3.34f1/Editor/Data/NetStandard/compat/2.1.0/shims/netstandard/System.ComponentModel.dll"
-r:"D:/Unity/HubEditor/2022.3.34f1/Editor/Data/NetStandard/compat/2.1.0/shims/netstandard/System.ComponentModel.EventBasedAsync.dll"
-r:"D:/Unity/HubEditor/2022.3.34f1/Editor/Data/NetStandard/compat/2.1.0/shims/netstandard/System.ComponentModel.Primitives.dll"
-r:"D:/Unity/HubEditor/2022.3.34f1/Editor/Data/NetStandard/compat/2.1.0/shims/netstandard/System.ComponentModel.TypeConverter.dll"
-r:"D:/Unity/HubEditor/2022.3.34f1/Editor/Data/NetStandard/compat/2.1.0/shims/netstandard/System.Console.dll"
-r:"D:/Unity/HubEditor/2022.3.34f1/Editor/Data/NetStandard/compat/2.1.0/shims/netstandard/System.Data.Common.dll"
-r:"D:/Unity/HubEditor/2022.3.34f1/Editor/Data/NetStandard/compat/2.1.0/shims/netstandard/System.Diagnostics.Contracts.dll"
-r:"D:/Unity/HubEditor/2022.3.34f1/Editor/Data/NetStandard/compat/2.1.0/shims/netstandard/System.Diagnostics.Debug.dll"
-r:"D:/Unity/HubEditor/2022.3.34f1/Editor/Data/NetStandard/compat/2.1.0/shims/netstandard/System.Diagnostics.FileVersionInfo.dll"
-r:"D:/Unity/HubEditor/2022.3.34f1/Editor/Data/NetStandard/compat/2.1.0/shims/netstandard/System.Diagnostics.Process.dll"
-r:"D:/Unity/HubEditor/2022.3.34f1/Editor/Data/NetStandard/compat/2.1.0/shims/netstandard/System.Diagnostics.StackTrace.dll"
-r:"D:/Unity/HubEditor/2022.3.34f1/Editor/Data/NetStandard/compat/2.1.0/shims/netstandard/System.Diagnostics.TextWriterTraceListener.dll"
-r:"D:/Unity/HubEditor/2022.3.34f1/Editor/Data/NetStandard/compat/2.1.0/shims/netstandard/System.Diagnostics.Tools.dll"
-r:"D:/Unity/HubEditor/2022.3.34f1/Editor/Data/NetStandard/compat/2.1.0/shims/netstandard/System.Diagnostics.TraceSource.dll"
-r:"D:/Unity/HubEditor/2022.3.34f1/Editor/Data/NetStandard/compat/2.1.0/shims/netstandard/System.Diagnostics.Tracing.dll"
-r:"D:/Unity/HubEditor/2022.3.34f1/Editor/Data/NetStandard/compat/2.1.0/shims/netstandard/System.Drawing.Primitives.dll"
-r:"D:/Unity/HubEditor/2022.3.34f1/Editor/Data/NetStandard/compat/2.1.0/shims/netstandard/System.Dynamic.Runtime.dll"
-r:"D:/Unity/HubEditor/2022.3.34f1/Editor/Data/NetStandard/compat/2.1.0/shims/netstandard/System.Globalization.Calendars.dll"
-r:"D:/Unity/HubEditor/2022.3.34f1/Editor/Data/NetStandard/compat/2.1.0/shims/netstandard/System.Globalization.dll"
-r:"D:/Unity/HubEditor/2022.3.34f1/Editor/Data/NetStandard/compat/2.1.0/shims/netstandard/System.Globalization.Extensions.dll"
-r:"D:/Unity/HubEditor/2022.3.34f1/Editor/Data/NetStandard/compat/2.1.0/shims/netstandard/System.IO.Compression.dll"
-r:"D:/Unity/HubEditor/2022.3.34f1/Editor/Data/NetStandard/compat/2.1.0/shims/netstandard/System.IO.Compression.ZipFile.dll"
-r:"D:/Unity/HubEditor/2022.3.34f1/Editor/Data/NetStandard/compat/2.1.0/shims/netstandard/System.IO.dll"
-r:"D:/Unity/HubEditor/2022.3.34f1/Editor/Data/NetStandard/compat/2.1.0/shims/netstandard/System.IO.FileSystem.dll"
-r:"D:/Unity/HubEditor/2022.3.34f1/Editor/Data/NetStandard/compat/2.1.0/shims/netstandard/System.IO.FileSystem.DriveInfo.dll"
-r:"D:/Unity/HubEditor/2022.3.34f1/Editor/Data/NetStandard/compat/2.1.0/shims/netstandard/System.IO.FileSystem.Primitives.dll"
-r:"D:/Unity/HubEditor/2022.3.34f1/Editor/Data/NetStandard/compat/2.1.0/shims/netstandard/System.IO.FileSystem.Watcher.dll"
-r:"D:/Unity/HubEditor/2022.3.34f1/Editor/Data/NetStandard/compat/2.1.0/shims/netstandard/System.IO.IsolatedStorage.dll"
-r:"D:/Unity/HubEditor/2022.3.34f1/Editor/Data/NetStandard/compat/2.1.0/shims/netstandard/System.IO.MemoryMappedFiles.dll"
-r:"D:/Unity/HubEditor/2022.3.34f1/Editor/Data/NetStandard/compat/2.1.0/shims/netstandard/System.IO.Pipes.dll"
-r:"D:/Unity/HubEditor/2022.3.34f1/Editor/Data/NetStandard/compat/2.1.0/shims/netstandard/System.IO.UnmanagedMemoryStream.dll"
-r:"D:/Unity/HubEditor/2022.3.34f1/Editor/Data/NetStandard/compat/2.1.0/shims/netstandard/System.Linq.dll"
-r:"D:/Unity/HubEditor/2022.3.34f1/Editor/Data/NetStandard/compat/2.1.0/shims/netstandard/System.Linq.Expressions.dll"
-r:"D:/Unity/HubEditor/2022.3.34f1/Editor/Data/NetStandard/compat/2.1.0/shims/netstandard/System.Linq.Parallel.dll"
-r:"D:/Unity/HubEditor/2022.3.34f1/Editor/Data/NetStandard/compat/2.1.0/shims/netstandard/System.Linq.Queryable.dll"
-r:"D:/Unity/HubEditor/2022.3.34f1/Editor/Data/NetStandard/compat/2.1.0/shims/netstandard/System.Memory.dll"
-r:"D:/Unity/HubEditor/2022.3.34f1/Editor/Data/NetStandard/compat/2.1.0/shims/netstandard/System.Net.Http.dll"
-r:"D:/Unity/HubEditor/2022.3.34f1/Editor/Data/NetStandard/compat/2.1.0/shims/netstandard/System.Net.NameResolution.dll"
-r:"D:/Unity/HubEditor/2022.3.34f1/Editor/Data/NetStandard/compat/2.1.0/shims/netstandard/System.Net.NetworkInformation.dll"
-r:"D:/Unity/HubEditor/2022.3.34f1/Editor/Data/NetStandard/compat/2.1.0/shims/netstandard/System.Net.Ping.dll"
-r:"D:/Unity/HubEditor/2022.3.34f1/Editor/Data/NetStandard/compat/2.1.0/shims/netstandard/System.Net.Primitives.dll"
-r:"D:/Unity/HubEditor/2022.3.34f1/Editor/Data/NetStandard/compat/2.1.0/shims/netstandard/System.Net.Requests.dll"
-r:"D:/Unity/HubEditor/2022.3.34f1/Editor/Data/NetStandard/compat/2.1.0/shims/netstandard/System.Net.Security.dll"
-r:"D:/Unity/HubEditor/2022.3.34f1/Editor/Data/NetStandard/compat/2.1.0/shims/netstandard/System.Net.Sockets.dll"
-r:"D:/Unity/HubEditor/2022.3.34f1/Editor/Data/NetStandard/compat/2.1.0/shims/netstandard/System.Net.WebHeaderCollection.dll"
-r:"D:/Unity/HubEditor/2022.3.34f1/Editor/Data/NetStandard/compat/2.1.0/shims/netstandard/System.Net.WebSockets.Client.dll"
-r:"D:/Unity/HubEditor/2022.3.34f1/Editor/Data/NetStandard/compat/2.1.0/shims/netstandard/System.Net.WebSockets.dll"
-r:"D:/Unity/HubEditor/2022.3.34f1/Editor/Data/NetStandard/compat/2.1.0/shims/netstandard/System.Numerics.Vectors.dll"
-r:"D:/Unity/HubEditor/2022.3.34f1/Editor/Data/NetStandard/compat/2.1.0/shims/netstandard/System.ObjectModel.dll"
-r:"D:/Unity/HubEditor/2022.3.34f1/Editor/Data/NetStandard/compat/2.1.0/shims/netstandard/System.Reflection.DispatchProxy.dll"
-r:"D:/Unity/HubEditor/2022.3.34f1/Editor/Data/NetStandard/compat/2.1.0/shims/netstandard/System.Reflection.dll"
-r:"D:/Unity/HubEditor/2022.3.34f1/Editor/Data/NetStandard/compat/2.1.0/shims/netstandard/System.Reflection.Emit.dll"
-r:"D:/Unity/HubEditor/2022.3.34f1/Editor/Data/NetStandard/compat/2.1.0/shims/netstandard/System.Reflection.Emit.ILGeneration.dll"
-r:"D:/Unity/HubEditor/2022.3.34f1/Editor/Data/NetStandard/compat/2.1.0/shims/netstandard/System.Reflection.Emit.Lightweight.dll"
-r:"D:/Unity/HubEditor/2022.3.34f1/Editor/Data/NetStandard/compat/2.1.0/shims/netstandard/System.Reflection.Extensions.dll"
-r:"D:/Unity/HubEditor/2022.3.34f1/Editor/Data/NetStandard/compat/2.1.0/shims/netstandard/System.Reflection.Primitives.dll"
-r:"D:/Unity/HubEditor/2022.3.34f1/Editor/Data/NetStandard/compat/2.1.0/shims/netstandard/System.Resources.Reader.dll"
-r:"D:/Unity/HubEditor/2022.3.34f1/Editor/Data/NetStandard/compat/2.1.0/shims/netstandard/System.Resources.ResourceManager.dll"
-r:"D:/Unity/HubEditor/2022.3.34f1/Editor/Data/NetStandard/compat/2.1.0/shims/netstandard/System.Resources.Writer.dll"
-r:"D:/Unity/HubEditor/2022.3.34f1/Editor/Data/NetStandard/compat/2.1.0/shims/netstandard/System.Runtime.CompilerServices.VisualC.dll"
-r:"D:/Unity/HubEditor/2022.3.34f1/Editor/Data/NetStandard/compat/2.1.0/shims/netstandard/System.Runtime.dll"
-r:"D:/Unity/HubEditor/2022.3.34f1/Editor/Data/NetStandard/compat/2.1.0/shims/netstandard/System.Runtime.Extensions.dll"
-r:"D:/Unity/HubEditor/2022.3.34f1/Editor/Data/NetStandard/compat/2.1.0/shims/netstandard/System.Runtime.Handles.dll"
-r:"D:/Unity/HubEditor/2022.3.34f1/Editor/Data/NetStandard/compat/2.1.0/shims/netstandard/System.Runtime.InteropServices.dll"
-r:"D:/Unity/HubEditor/2022.3.34f1/Editor/Data/NetStandard/compat/2.1.0/shims/netstandard/System.Runtime.InteropServices.RuntimeInformation.dll"
-r:"D:/Unity/HubEditor/2022.3.34f1/Editor/Data/NetStandard/compat/2.1.0/shims/netstandard/System.Runtime.Numerics.dll"
-r:"D:/Unity/HubEditor/2022.3.34f1/Editor/Data/NetStandard/compat/2.1.0/shims/netstandard/System.Runtime.Serialization.Formatters.dll"
-r:"D:/Unity/HubEditor/2022.3.34f1/Editor/Data/NetStandard/compat/2.1.0/shims/netstandard/System.Runtime.Serialization.Json.dll"
-r:"D:/Unity/HubEditor/2022.3.34f1/Editor/Data/NetStandard/compat/2.1.0/shims/netstandard/System.Runtime.Serialization.Primitives.dll"
-r:"D:/Unity/HubEditor/2022.3.34f1/Editor/Data/NetStandard/compat/2.1.0/shims/netstandard/System.Runtime.Serialization.Xml.dll"
-r:"D:/Unity/HubEditor/2022.3.34f1/Editor/Data/NetStandard/compat/2.1.0/shims/netstandard/System.Security.Claims.dll"
-r:"D:/Unity/HubEditor/2022.3.34f1/Editor/Data/NetStandard/compat/2.1.0/shims/netstandard/System.Security.Cryptography.Algorithms.dll"
-r:"D:/Unity/HubEditor/2022.3.34f1/Editor/Data/NetStandard/compat/2.1.0/shims/netstandard/System.Security.Cryptography.Csp.dll"
-r:"D:/Unity/HubEditor/2022.3.34f1/Editor/Data/NetStandard/compat/2.1.0/shims/netstandard/System.Security.Cryptography.Encoding.dll"
-r:"D:/Unity/HubEditor/2022.3.34f1/Editor/Data/NetStandard/compat/2.1.0/shims/netstandard/System.Security.Cryptography.Primitives.dll"
-r:"D:/Unity/HubEditor/2022.3.34f1/Editor/Data/NetStandard/compat/2.1.0/shims/netstandard/System.Security.Cryptography.X509Certificates.dll"
-r:"D:/Unity/HubEditor/2022.3.34f1/Editor/Data/NetStandard/compat/2.1.0/shims/netstandard/System.Security.Principal.dll"
-r:"D:/Unity/HubEditor/2022.3.34f1/Editor/Data/NetStandard/compat/2.1.0/shims/netstandard/System.Security.SecureString.dll"
-r:"D:/Unity/HubEditor/2022.3.34f1/Editor/Data/NetStandard/compat/2.1.0/shims/netstandard/System.Text.Encoding.dll"
-r:"D:/Unity/HubEditor/2022.3.34f1/Editor/Data/NetStandard/compat/2.1.0/shims/netstandard/System.Text.Encoding.Extensions.dll"
-r:"D:/Unity/HubEditor/2022.3.34f1/Editor/Data/NetStandard/compat/2.1.0/shims/netstandard/System.Text.RegularExpressions.dll"
-r:"D:/Unity/HubEditor/2022.3.34f1/Editor/Data/NetStandard/compat/2.1.0/shims/netstandard/System.Threading.dll"
-r:"D:/Unity/HubEditor/2022.3.34f1/Editor/Data/NetStandard/compat/2.1.0/shims/netstandard/System.Threading.Overlapped.dll"
-r:"D:/Unity/HubEditor/2022.3.34f1/Editor/Data/NetStandard/compat/2.1.0/shims/netstandard/System.Threading.Tasks.dll"
-r:"D:/Unity/HubEditor/2022.3.34f1/Editor/Data/NetStandard/compat/2.1.0/shims/netstandard/System.Threading.Tasks.Extensions.dll"
-r:"D:/Unity/HubEditor/2022.3.34f1/Editor/Data/NetStandard/compat/2.1.0/shims/netstandard/System.Threading.Tasks.Parallel.dll"
-r:"D:/Unity/HubEditor/2022.3.34f1/Editor/Data/NetStandard/compat/2.1.0/shims/netstandard/System.Threading.Thread.dll"
-r:"D:/Unity/HubEditor/2022.3.34f1/Editor/Data/NetStandard/compat/2.1.0/shims/netstandard/System.Threading.ThreadPool.dll"
-r:"D:/Unity/HubEditor/2022.3.34f1/Editor/Data/NetStandard/compat/2.1.0/shims/netstandard/System.Threading.Timer.dll"
-r:"D:/Unity/HubEditor/2022.3.34f1/Editor/Data/NetStandard/compat/2.1.0/shims/netstandard/System.ValueTuple.dll"
-r:"D:/Unity/HubEditor/2022.3.34f1/Editor/Data/NetStandard/compat/2.1.0/shims/netstandard/System.Xml.ReaderWriter.dll"
-r:"D:/Unity/HubEditor/2022.3.34f1/Editor/Data/NetStandard/compat/2.1.0/shims/netstandard/System.Xml.XDocument.dll"
-r:"D:/Unity/HubEditor/2022.3.34f1/Editor/Data/NetStandard/compat/2.1.0/shims/netstandard/System.Xml.XmlDocument.dll"
-r:"D:/Unity/HubEditor/2022.3.34f1/Editor/Data/NetStandard/compat/2.1.0/shims/netstandard/System.Xml.XmlSerializer.dll"
-r:"D:/Unity/HubEditor/2022.3.34f1/Editor/Data/NetStandard/compat/2.1.0/shims/netstandard/System.Xml.XPath.dll"
-r:"D:/Unity/HubEditor/2022.3.34f1/Editor/Data/NetStandard/compat/2.1.0/shims/netstandard/System.Xml.XPath.XDocument.dll"
-r:"D:/Unity/HubEditor/2022.3.34f1/Editor/Data/NetStandard/Extensions/2.0.0/System.Runtime.InteropServices.WindowsRuntime.dll"
-r:"D:/Unity/HubEditor/2022.3.34f1/Editor/Data/NetStandard/ref/2.1.0/netstandard.dll"
-r:"Library/PackageCache/com.unity.collections@1.2.4/Unity.Collections.LowLevel.ILSupport/Unity.Collections.LowLevel.ILSupport.dll"
-r:"Library/PackageCache/com.unity.nuget.newtonsoft-json@3.2.1/Runtime/Newtonsoft.Json.dll"
-r:"Library/PackageCache/com.unity.testtools.codecoverage@1.2.5/lib/ReportGenerator/ReportGeneratorMerged.dll"
-r:"Library/PackageCache/com.unity.visualscripting@1.9.4/Runtime/VisualScripting.Flow/Dependencies/NCalc/Unity.VisualScripting.Antlr3.Runtime.dll"
-r:"Library/Bee/artifacts/1900b0aEDbg.dag/Assembly-CSharp-firstpass.ref.dll"
-r:"Library/Bee/artifacts/1900b0aEDbg.dag/Cinemachine.ref.dll"
-r:"Library/Bee/artifacts/1900b0aEDbg.dag/com.exhard.exmaidforui.editor.ref.dll"
-r:"Library/Bee/artifacts/1900b0aEDbg.dag/com.exhard.exmaidforui.runtime.ref.dll"
-r:"Library/Bee/artifacts/1900b0aEDbg.dag/com.exhard.fgui.editor.ref.dll"
-r:"Library/Bee/artifacts/1900b0aEDbg.dag/com.exhard.fgui.runtime.ref.dll"
-r:"Library/Bee/artifacts/1900b0aEDbg.dag/com.exhard.loxodonframework.ref.dll"
-r:"Library/Bee/artifacts/1900b0aEDbg.dag/com.unity.cinemachine.editor.ref.dll"
-r:"Library/Bee/artifacts/1900b0aEDbg.dag/Loxodon.Framework.Editor.ref.dll"
-r:"Library/Bee/artifacts/1900b0aEDbg.dag/Loxodon.Framework.ref.dll"
-r:"Library/Bee/artifacts/1900b0aEDbg.dag/Loxodon.Log.ref.dll"
-r:"Library/Bee/artifacts/1900b0aEDbg.dag/MCPForUnity.Editor.ref.dll"
-r:"Library/Bee/artifacts/1900b0aEDbg.dag/MCPForUnity.Runtime.ref.dll"
-r:"Library/Bee/artifacts/1900b0aEDbg.dag/MoreMountains.Interface.Editor.ref.dll"
-r:"Library/Bee/artifacts/1900b0aEDbg.dag/MoreMountains.Interface.ref.dll"
-r:"Library/Bee/artifacts/1900b0aEDbg.dag/MoreMountains.InventoryEngine.Editor.ref.dll"
-r:"Library/Bee/artifacts/1900b0aEDbg.dag/MoreMountains.InventoryEngine.ref.dll"
-r:"Library/Bee/artifacts/1900b0aEDbg.dag/MoreMountains.Tools.Editor.ref.dll"
-r:"Library/Bee/artifacts/1900b0aEDbg.dag/MoreMountains.Tools.ref.dll"
-r:"Library/Bee/artifacts/1900b0aEDbg.dag/PPv2URPConverters.ref.dll"
-r:"Library/Bee/artifacts/1900b0aEDbg.dag/ProCamera2D.Editor.ref.dll"
-r:"Library/Bee/artifacts/1900b0aEDbg.dag/ProCamera2D.Examples.ref.dll"
-r:"Library/Bee/artifacts/1900b0aEDbg.dag/ProCamera2D.Runtime.ref.dll"
-r:"Library/Bee/artifacts/1900b0aEDbg.dag/PsdPlugin.ref.dll"
-r:"Library/Bee/artifacts/1900b0aEDbg.dag/Sirenix.OdinInspector.Modules.UnityMathematics.ref.dll"
-r:"Library/Bee/artifacts/1900b0aEDbg.dag/UniTask.Addressables.ref.dll"
-r:"Library/Bee/artifacts/1900b0aEDbg.dag/UniTask.DOTween.ref.dll"
-r:"Library/Bee/artifacts/1900b0aEDbg.dag/UniTask.Linq.ref.dll"
-r:"Library/Bee/artifacts/1900b0aEDbg.dag/UniTask.ref.dll"
-r:"Library/Bee/artifacts/1900b0aEDbg.dag/UniTask.TextMeshPro.ref.dll"
-r:"Library/Bee/artifacts/1900b0aEDbg.dag/Unity.2D.Animation.Editor.ref.dll"
-r:"Library/Bee/artifacts/1900b0aEDbg.dag/Unity.2D.Animation.Runtime.ref.dll"
-r:"Library/Bee/artifacts/1900b0aEDbg.dag/Unity.2D.Aseprite.Common.ref.dll"
-r:"Library/Bee/artifacts/1900b0aEDbg.dag/Unity.2D.Aseprite.Editor.ref.dll"
-r:"Library/Bee/artifacts/1900b0aEDbg.dag/Unity.2D.Common.Editor.ref.dll"
-r:"Library/Bee/artifacts/1900b0aEDbg.dag/Unity.2D.Common.Path.Editor.ref.dll"
-r:"Library/Bee/artifacts/1900b0aEDbg.dag/Unity.2D.Common.Runtime.ref.dll"
-r:"Library/Bee/artifacts/1900b0aEDbg.dag/Unity.2D.IK.Editor.ref.dll"
-r:"Library/Bee/artifacts/1900b0aEDbg.dag/Unity.2D.IK.Runtime.ref.dll"
-r:"Library/Bee/artifacts/1900b0aEDbg.dag/Unity.2D.PixelPerfect.Editor.ref.dll"
-r:"Library/Bee/artifacts/1900b0aEDbg.dag/Unity.2D.PixelPerfect.ref.dll"
-r:"Library/Bee/artifacts/1900b0aEDbg.dag/Unity.2D.Psdimporter.Editor.ref.dll"
-r:"Library/Bee/artifacts/1900b0aEDbg.dag/Unity.2D.Sprite.Editor.ref.dll"
-r:"Library/Bee/artifacts/1900b0aEDbg.dag/Unity.2D.SpriteShape.Editor.ref.dll"
-r:"Library/Bee/artifacts/1900b0aEDbg.dag/Unity.2D.SpriteShape.Runtime.ref.dll"
-r:"Library/Bee/artifacts/1900b0aEDbg.dag/Unity.2D.Tilemap.Editor.ref.dll"
-r:"Library/Bee/artifacts/1900b0aEDbg.dag/Unity.2D.Tilemap.Extras.Editor.ref.dll"
-r:"Library/Bee/artifacts/1900b0aEDbg.dag/Unity.2D.Tilemap.Extras.ref.dll"
-r:"Library/Bee/artifacts/1900b0aEDbg.dag/Unity.Burst.Editor.ref.dll"
-r:"Library/Bee/artifacts/1900b0aEDbg.dag/Unity.Burst.ref.dll"
-r:"Library/Bee/artifacts/1900b0aEDbg.dag/Unity.Collections.ref.dll"
-r:"Library/Bee/artifacts/1900b0aEDbg.dag/Unity.EditorCoroutines.Editor.ref.dll"
-r:"Library/Bee/artifacts/1900b0aEDbg.dag/Unity.InputSystem.ForUI.ref.dll"
-r:"Library/Bee/artifacts/1900b0aEDbg.dag/Unity.InputSystem.ref.dll"
-r:"Library/Bee/artifacts/1900b0aEDbg.dag/Unity.InternalAPIEditorBridge.001.ref.dll"
-r:"Library/Bee/artifacts/1900b0aEDbg.dag/Unity.InternalAPIEngineBridge.001.ref.dll"
-r:"Library/Bee/artifacts/1900b0aEDbg.dag/Unity.Mathematics.Editor.ref.dll"
-r:"Library/Bee/artifacts/1900b0aEDbg.dag/Unity.Mathematics.ref.dll"
-r:"Library/Bee/artifacts/1900b0aEDbg.dag/Unity.Performance.Profile-Analyzer.Editor.ref.dll"
-r:"Library/Bee/artifacts/1900b0aEDbg.dag/Unity.PlasticSCM.Editor.ref.dll"
-r:"Library/Bee/artifacts/1900b0aEDbg.dag/Unity.RenderPipeline.Universal.ShaderLibrary.ref.dll"
-r:"Library/Bee/artifacts/1900b0aEDbg.dag/Unity.RenderPipelines.Core.Editor.ref.dll"
-r:"Library/Bee/artifacts/1900b0aEDbg.dag/Unity.RenderPipelines.Core.Runtime.ref.dll"
-r:"Library/Bee/artifacts/1900b0aEDbg.dag/Unity.RenderPipelines.Core.ShaderLibrary.ref.dll"
-r:"Library/Bee/artifacts/1900b0aEDbg.dag/Unity.RenderPipelines.ShaderGraph.ShaderGraphLibrary.ref.dll"
-r:"Library/Bee/artifacts/1900b0aEDbg.dag/Unity.RenderPipelines.Universal.Config.Runtime.ref.dll"
-r:"Library/Bee/artifacts/1900b0aEDbg.dag/Unity.RenderPipelines.Universal.Editor.ref.dll"
-r:"Library/Bee/artifacts/1900b0aEDbg.dag/Unity.RenderPipelines.Universal.Runtime.ref.dll"
-r:"Library/Bee/artifacts/1900b0aEDbg.dag/Unity.RenderPipelines.Universal.Shaders.ref.dll"
-r:"Library/Bee/artifacts/1900b0aEDbg.dag/Unity.Rider.Editor.ref.dll"
-r:"Library/Bee/artifacts/1900b0aEDbg.dag/Unity.Searcher.Editor.ref.dll"
-r:"Library/Bee/artifacts/1900b0aEDbg.dag/Unity.ShaderGraph.Editor.ref.dll"
-r:"Library/Bee/artifacts/1900b0aEDbg.dag/Unity.TestTools.CodeCoverage.Editor.OpenCover.Model.ref.dll"
-r:"Library/Bee/artifacts/1900b0aEDbg.dag/Unity.TestTools.CodeCoverage.Editor.OpenCover.Mono.Reflection.ref.dll"
-r:"Library/Bee/artifacts/1900b0aEDbg.dag/Unity.TestTools.CodeCoverage.Editor.ref.dll"
-r:"Library/Bee/artifacts/1900b0aEDbg.dag/Unity.TextMeshPro.Editor.ref.dll"
-r:"Library/Bee/artifacts/1900b0aEDbg.dag/Unity.TextMeshPro.ref.dll"
-r:"Library/Bee/artifacts/1900b0aEDbg.dag/Unity.Timeline.Editor.ref.dll"
-r:"Library/Bee/artifacts/1900b0aEDbg.dag/Unity.Timeline.ref.dll"
-r:"Library/Bee/artifacts/1900b0aEDbg.dag/Unity.VisualScripting.Core.Editor.ref.dll"
-r:"Library/Bee/artifacts/1900b0aEDbg.dag/Unity.VisualScripting.Core.ref.dll"
-r:"Library/Bee/artifacts/1900b0aEDbg.dag/Unity.VisualScripting.Flow.Editor.ref.dll"
-r:"Library/Bee/artifacts/1900b0aEDbg.dag/Unity.VisualScripting.Flow.ref.dll"
-r:"Library/Bee/artifacts/1900b0aEDbg.dag/Unity.VisualScripting.SettingsProvider.Editor.ref.dll"
-r:"Library/Bee/artifacts/1900b0aEDbg.dag/Unity.VisualScripting.Shared.Editor.ref.dll"
-r:"Library/Bee/artifacts/1900b0aEDbg.dag/Unity.VisualScripting.State.Editor.ref.dll"
-r:"Library/Bee/artifacts/1900b0aEDbg.dag/Unity.VisualScripting.State.ref.dll"
-r:"Library/Bee/artifacts/1900b0aEDbg.dag/Unity.VisualStudio.Editor.ref.dll"
-r:"Library/Bee/artifacts/1900b0aEDbg.dag/Unity.VSCode.Editor.ref.dll"
-r:"Library/Bee/artifacts/1900b0aEDbg.dag/UnityEditor.UI.ref.dll"
-r:"Library/Bee/artifacts/1900b0aEDbg.dag/UnityEngine.UI.ref.dll"
-analyzer:"D:/Unity/HubEditor/2022.3.34f1/Editor/Data/Tools/Unity.SourceGenerators/Unity.Properties.SourceGenerator.dll"
-analyzer:"D:/Unity/HubEditor/2022.3.34f1/Editor/Data/Tools/Unity.SourceGenerators/Unity.SourceGenerators.dll"
"Assets/KAKO/CameraFit/Examples/Scenes/FitAnimated/Scripts/AnimatedFitHandler.cs"
"Assets/KAKO/CameraFit/Examples/Scripts/CutoutMaskUI.cs"
"Assets/KAKO/CameraFit/Examples/Scripts/ExampleCharacterController.cs"
"Assets/KAKO/CameraFit/Examples/Scripts/FitAreaController.cs"
"Assets/KAKO/CameraFit/Examples/Scripts/FitAreaResizer.cs"
"Assets/KAKO/CameraFit/Examples/Scripts/InputHandler/AlwaysFitHandler.cs"
"Assets/KAKO/CameraFit/Examples/Scripts/InputHandler/FitCameraRotator.cs"
"Assets/KAKO/CameraFit/Examples/Scripts/InputHandler/FitterInputHandler.cs"
"Assets/KAKO/CameraFit/Examples/Scripts/LerpFitHandler.cs"
"Assets/KAKO/CameraFit/Scripts/Animation/CameraFitTweenExtensions.cs"
"Assets/KAKO/CameraFit/Scripts/Component/CameraFitter.cs"
"Assets/KAKO/CameraFit/Scripts/Data/CameraFitData.cs"
"Assets/KAKO/CameraFit/Scripts/Data/PerspectiveCameraFrustumVectors.cs"
"Assets/KAKO/CameraFit/Scripts/Utility/CameraFit.cs"
"Assets/KAKO/CameraFit/Scripts/Utility/CameraFitExtensions.cs"
"Assets/KAKO/CameraFit/Scripts/Utility/Debug/CameraFitDebugUtility.cs"
"Assets/KAKO/Utilities/CameraExtensions.cs"
"Assets/KAKO/Utilities/CanvasExtensions.cs"
"Assets/KAKO/Utilities/VectorExtensions.cs"
"Assets/NTSD/BeatEmUp/Scripts/Attributes/HelpAttribute.cs"
"Assets/NTSD/BeatEmUp/Scripts/Attributes/ReadOnlyAttribute.cs"
"Assets/NTSD/BeatEmUp/Scripts/Tools/AnimationCurveAnim.cs"
"Assets/NTSD/BeatEmUp/Scripts/Tools/MathUtilities.cs"
"Assets/NTSD/BeatEmUp/Scripts/Tools/ObjectSorting.cs"
"Assets/NTSD/BeatEmUp/Scripts/Tools/TimeToLive.cs"
"Assets/NTSD/BeatEmUp/Scripts/UI/UIFader.cs"
"Assets/NTSD/BeatEmUp/Scripts/UI/UILevelSelection.cs"
"Assets/NTSD/BeatEmUp/Scripts/UI/UIManager.cs"
"Assets/NTSD/BeatEmUp/Scripts/UI/UISetPlayerInactive.cs"
"Assets/NTSD/Config/InputConfig/NTSDInputConfig.cs"
"Assets/NTSD/Config/InputConfig/RebindingManager.cs"
"Assets/NTSD/Help/Constants.cs"
"Assets/NTSD/Scripts/Animation/Character/BruteForceSceneQuery.cs"
"Assets/NTSD/Scripts/Animation/Character/CharacterIds.cs"
"Assets/NTSD/Scripts/Animation/Character/CharacterMechanics.cs"
"Assets/NTSD/Scripts/Animation/Character/FrameTransistor.cs"
"Assets/NTSD/Scripts/Animation/Character/ILF2SceneQuery.cs"
"Assets/NTSD/Scripts/Animation/Character/LF2FrameCache.cs"
"Assets/NTSD/Scripts/Animation/Character/LF2HitCountersModule.cs"
"Assets/NTSD/Scripts/Animation/Character/LF2ItrRestTracker.cs"
"Assets/NTSD/Scripts/Animation/Character/LF2ObjectPointFactory.cs"
"Assets/NTSD/Scripts/Animation/Character/LF2ObjectPointModule.cs"
"Assets/NTSD/Scripts/Animation/Character/LF2WeaponPointFactory.cs"
"Assets/NTSD/Scripts/Animation/Character/LF2WeaponPointModule.cs"
"Assets/NTSD/Scripts/Animation/Character/PhysicsState.cs"
"Assets/NTSD/Scripts/Animation/GameDataConfig.cs"
"Assets/NTSD/Scripts/Animation/GameDataManager.cs"
"Assets/NTSD/Scripts/Animation/LF2CharacterData.cs"
"Assets/NTSD/Scripts/Animation/LF2FrameData.cs"
"Assets/NTSD/Scripts/Animation/LF2ObjectPool.cs"
"Assets/NTSD/Scripts/Animation/LF2Objects/ILF2Entity.cs"
"Assets/NTSD/Scripts/Animation/LF2Objects/ILF2Object.cs"
"Assets/NTSD/Scripts/Animation/LF2Objects/ILF2Poolable.cs"
"Assets/NTSD/Scripts/Animation/LF2Objects/ILF2Recyclable.cs"
"Assets/NTSD/Scripts/Animation/LF2Objects/LF2Character.cs"
"Assets/NTSD/Scripts/Animation/LF2Objects/LF2Character.Late.partial.cs"
"Assets/NTSD/Scripts/Animation/LF2Objects/LF2CharacterActionResolver.cs"
"Assets/NTSD/Scripts/Animation/LF2Objects/LF2CharacterCatchResolver.cs"
"Assets/NTSD/Scripts/Animation/LF2Objects/LF2CharacterDamageStateResolver.cs"
"Assets/NTSD/Scripts/Animation/LF2Objects/LF2CharacterDatHitResolver.cs"
"Assets/NTSD/Scripts/Animation/LF2Objects/LF2CharacterDatInteractionResolver.cs"
"Assets/NTSD/Scripts/Animation/LF2Objects/LF2CharacterHitResolver.cs"
"Assets/NTSD/Scripts/Animation/LF2Objects/LF2CharacterInteractionResolver.cs"
"Assets/NTSD/Scripts/Animation/LF2Objects/LF2CharacterStateResolver.cs"
"Assets/NTSD/Scripts/Animation/LF2Objects/LF2CharacterWeaponLinkResolver.cs"
"Assets/NTSD/Scripts/Animation/LF2Objects/LF2Entity.cs"
"Assets/NTSD/Scripts/Animation/LF2Objects/LF2LivingObject.cs"
"Assets/NTSD/Scripts/Animation/LF2Objects/LF2ObjectRenderer.cs"
"Assets/NTSD/Scripts/Animation/LF2Objects/LF2ObjectType.cs"
"Assets/NTSD/Scripts/Animation/LF2Objects/LF2OtherObject.cs"
"Assets/NTSD/Scripts/Animation/LF2Objects/LF2OtherObject.Lifecycle.partial.cs"
"Assets/NTSD/Scripts/Animation/LF2Objects/LF2OtherObject.ReleaseFlow.partial.cs"
"Assets/NTSD/Scripts/Animation/LF2Objects/LF2ReferencePool.cs"
"Assets/NTSD/Scripts/Animation/LF2Objects/LF2SpecialAttack.cs"
"Assets/NTSD/Scripts/Animation/LF2Objects/LF2Sprite.cs"
"Assets/NTSD/Scripts/Animation/LF2Objects/LF2Weapon.cs"
"Assets/NTSD/Scripts/Animation/LF2Objects/LF2WeaponBase.cs"
"Assets/NTSD/Scripts/Animation/LF2Objects/LF2WeaponBase.Held.partial.cs"
"Assets/NTSD/Scripts/Animation/LF2Objects/LF2WeaponBase.ReleaseFlow.partial.cs"
"Assets/NTSD/Scripts/Animation/LF2Objects/LF2WeaponFrameLogicResolver.cs"
"Assets/NTSD/Scripts/Animation/LF2Objects/LF2WeaponHeldStateResolver.cs"
"Assets/NTSD/Scripts/Animation/LF2Objects/LF2WeaponInteractionResolver.cs"
"Assets/NTSD/Scripts/Animation/LF2Objects/LF2WeaponReleaseFlowResolver.cs"
"Assets/NTSD/Scripts/Animation/LF2Objects/NTSDEntityCategory.cs"
"Assets/NTSD/Scripts/Animation/LF2Objects/NullLF2Controller.cs"
"Assets/NTSD/Scripts/Animation/LF2Tasks/LF2TaskBase.cs"
"Assets/NTSD/Scripts/Animation/LF2Tasks/OPointCreateMultipleTask.cs"
"Assets/NTSD/Scripts/Animation/LF2Tasks/OPointCreateTask.cs"
"Assets/NTSD/Scripts/Animation/Manager/CharacterAnimtorManager.cs"
"Assets/NTSD/Scripts/Animation/Rendering/BattleCentralRenderSystem.cs"
"Assets/NTSD/Scripts/Animation/Rendering/BattleCentralRenderTypes.cs"
"Assets/NTSD/Scripts/Animation/Rendering/BattleDynamicMeshBackend.cs"
"Assets/NTSD/Scripts/Animation/Rendering/BattleRenderFeature.cs"
"Assets/NTSD/Scripts/Animation/Runtime/BattleSpriteCatalog.cs"
"Assets/NTSD/Scripts/Animation/Runtime/BMPLoader.cs"
"Assets/NTSD/Scripts/Animation/Runtime/NTSDRenderSpace.cs"
"Assets/NTSD/Scripts/Animation/Runtime/RuntimeSpriteProcessor.cs"
"Assets/NTSD/Scripts/Animation/SparkRenderer.cs"
"Assets/NTSD/Scripts/Animation/Tools/LF2StandardFrames.cs"
"Assets/NTSD/Scripts/Animation/Tools/LF2StateConstants.cs"
"Assets/NTSD/Scripts/Animation/Tools/LF2States.cs"
"Assets/NTSD/Scripts/App/AppManager.cs"
"Assets/NTSD/Scripts/App/AudioController.cs"
"Assets/NTSD/Scripts/App/AudioItem.cs"
"Assets/NTSD/Scripts/App/BattleBootstrap.cs"
"Assets/NTSD/Scripts/App/GameConfig.cs"
"Assets/NTSD/Scripts/App/GameLocalSettings.cs"
"Assets/NTSD/Scripts/App/GameModeConfig.cs"
"Assets/NTSD/Scripts/App/GameSettingsChangedEvent.cs"
"Assets/NTSD/Scripts/App/InputModule.cs"
"Assets/NTSD/Scripts/App/MatchConfig.cs"
"Assets/NTSD/Scripts/App/NTSDSoundPlayer.cs"
"Assets/NTSD/Scripts/App/PlayerSlotConfig.cs"
"Assets/NTSD/Scripts/DatParser/Runtime/Models/Lf2BmpSection.cs"
"Assets/NTSD/Scripts/DatParser/Runtime/Models/Lf2DatBlock.cs"
"Assets/NTSD/Scripts/DatParser/Runtime/Models/Lf2DatEnums.cs"
"Assets/NTSD/Scripts/DatParser/Runtime/Models/Lf2DatFile.cs"
"Assets/NTSD/Scripts/DatParser/Runtime/Models/Lf2DatProperty.cs"
"Assets/NTSD/Scripts/DatParser/Runtime/Models/Lf2DatSubBlock.cs"
"Assets/NTSD/Scripts/DatParser/Runtime/Models/Lf2FrameBlock.cs"
"Assets/NTSD/Scripts/DatParser/Runtime/Models/Lf2SpriteFileDef.cs"
"Assets/NTSD/Scripts/DatParser/Runtime/Parsing/Lf2DatParserV2.cs"
"Assets/NTSD/Scripts/DatParser/Runtime/Parsing/Lf2DatTokenizer.cs"
"Assets/NTSD/Scripts/DatParser/Runtime/Utils/Lf2DatConverter.cs"
"Assets/NTSD/Scripts/DatParser/Runtime/Utils/Lf2DatDecryptor.cs"
"Assets/NTSD/Scripts/Input/CharacterInputModule.cs"
"Assets/NTSD/Scripts/Input/KeyEventPool.cs"
"Assets/NTSD/Scripts/Input/NTSDInputStateModule.cs"
"Assets/NTSD/Scripts/LevelEditor/BoundaryWall.cs"
"Assets/NTSD/Scripts/LevelEditor/BoundaryWallManager.cs"
"Assets/NTSD/Scripts/LevelEditor/MultiplayerLevelManager.cs"
"Assets/NTSD/Scripts/Load/LoadTask.cs"
"Assets/NTSD/Scripts/Load/NTSDResourceLoader.cs"
"Assets/NTSD/Scripts/Load/NTSD_GlobalTickDriver.cs"
"Assets/NTSD/Scripts/Load/NTSD_ResourceRequest.cs"
"Assets/NTSD/Scripts/NTSD_Extensions/NTSDItrKindHandler.cs"
"Assets/NTSD/Scripts/Simulation/BattleParitySnapshot.cs"
"Assets/NTSD/Scripts/Simulation/BattleRuntimeProfile.cs"
"Assets/NTSD/Scripts/Simulation/BattleRuntimeState.cs"
"Assets/NTSD/Scripts/Simulation/BattleStageCampaignLoader.cs"
"Assets/NTSD/Scripts/Simulation/DeterministicRng.cs"
"Assets/NTSD/Scripts/Simulation/Input/FrameInputSet.cs"
"Assets/NTSD/Scripts/Simulation/Input/SimInputBuffer.cs"
"Assets/NTSD/Scripts/Simulation/Input/SimInputEvent.cs"
"Assets/NTSD/Scripts/Simulation/ISimObject.cs"
"Assets/NTSD/Scripts/Simulation/ISimTickable.cs"
"Assets/NTSD/Scripts/Simulation/NTSDBattleTickSystem.cs"
"Assets/NTSD/Scripts/Simulation/NTSDEntityRuntime.cs"
"Assets/NTSD/Scripts/Simulation/NTSDGlobal.cs"
"Assets/NTSD/Scripts/Simulation/NTSDSpec.cs"
"Assets/NTSD/Scripts/Simulation/Presentation/BattlePresentationBackendMode.cs"
"Assets/NTSD/Scripts/Simulation/Presentation/BattlePresentationShadowBuild.cs"
"Assets/NTSD/Scripts/Simulation/RuntimeEntityHandle.cs"
"Assets/NTSD/Scripts/Simulation/RuntimeRestStore.cs"
"Assets/NTSD/Scripts/Simulation/RuntimeSlotAllocator.cs"
"Assets/NTSD/Scripts/Simulation/RuntimeSlotTable.cs"
"Assets/NTSD/Scripts/Simulation/SimContext.cs"
"Assets/NTSD/Scripts/Simulation/SimOrderConstants.cs"
"Assets/NTSD/Scripts/Simulation/SimulationConstants.cs"
"Assets/NTSD/Scripts/Simulation/SimulationTickDriver.cs"
"Assets/NTSD/Scripts/Simulation/SimulationWorld.AiInput.partial.cs"
"Assets/NTSD/Scripts/Simulation/SimulationWorld.cs"
"Assets/NTSD/Scripts/Simulation/SimulationWorld.FrameInput.partial.cs"
"Assets/NTSD/Scripts/Simulation/SimulationWorld.Passes.partial.cs"
"Assets/NTSD/Scripts/Simulation/SimulationWorld.QueryAndLinks.partial.cs"
"Assets/NTSD/Scripts/Simulation/SimulationWorld.Registry.partial.cs"
"Assets/NTSD/Scripts/Simulation/SimulationWorld.StageRender.partial.cs"
"Assets/NTSD/Scripts/Simulation/SimulationWorld.StageWave.partial.cs"
"Assets/NTSD/Scripts/Simulation/Spatial/ISpatialBroadphase.cs"
"Assets/NTSD/Scripts/Simulation/Spatial/LooseQuadtreeBroadphase.cs"
"Assets/NTSD/Scripts/Simulation/Spatial/SpatialAabbXZ.cs"
"Assets/NTSD/Scripts/Simulation/Spatial/SpatialBroadphaseDiagnostics.cs"
"Assets/NTSD/Scripts/Test/BattleRuntimeSelfCheck.cs"
"Assets/NTSD/Scripts/Test/BattleRuntimeSelfCheckCore.cs"
"Assets/NTSD/Scripts/Test/BattleTestBootstrap.cs"
"Assets/NTSD/Scripts/Test/ProCamera2DTestPanel.cs"
"Assets/NTSD/Scripts/Test/WeaponSpawner.cs"
"Assets/NTSD/Scripts/TimeWheel/TimeWheel.cs"
"Assets/NTSD/Scripts/Tools/IPoolable.cs"
"Assets/NTSD/Scripts/Tools/Log.cs"
"Assets/NTSD/Scripts/Tools/NTSDHitboxGizmos.cs"
"Assets/NTSD/Scripts/Tools/ReferencePool.cs"
"Assets/NTSD/Scripts/Tools/ReferencePoolManager.cs"
"Assets/NTSD/Scripts/Tools/SingletonBehaviour.cs"
"Assets/NTSD/Scripts/UI/CanvasGroupView.cs"
"Assets/NTSD/Scripts/UI/CharacterSelectionController.cs"
"Assets/NTSD/Scripts/UI/CharacterUIResourceManager.cs"
"Assets/NTSD/Scripts/UI/CMCRootController.cs"
"Assets/NTSD/Scripts/UI/LoadingPrewarmController.cs"
"Assets/NTSD/Scripts/UI/MainMenuController.cs"
"Assets/NTSD/Scripts/UI/Menu/IMenuFocusable.cs"
"Assets/NTSD/Scripts/UI/Menu/MenuFocusManager.cs"
"Assets/NTSD/Scripts/UI/Menu/MenuOptionBase.cs"
"Assets/NTSD/Scripts/UI/Menu/MenuOptionList.cs"
"Assets/NTSD/Scripts/UI/Menu/MenuOptionShowHide.cs"
"Assets/NTSD/Scripts/UI/MenuUIController.cs"
"Assets/NTSD/Scripts/UI/SelectGameModeController.cs"
"Assets/NTSD/Scripts/UI/SelectRoleItem.cs"
"Assets/NTSD/Scripts/UI/SettingBattleBgController.cs"
"Assets/NTSD/Scripts/UI/SettingsItem.cs"
"Assets/NTSD/Scripts/UI/SettingsPanelController.cs"
"Assets/NTSD/Scripts/UI/UIButton.cs"
"Assets/NTSD/TopDownEngine/Common/Scripts/AIStar2D/Grid/SAP_GraphDrawer.cs"
"Assets/NTSD/TopDownEngine/Common/Scripts/AIStar2D/Grid/SAP_GridSource.cs"
"Assets/NTSD/TopDownEngine/Common/Scripts/AIStar2D/Grid/SAP_TileData.cs"
"Assets/NTSD/TopDownEngine/Common/Scripts/AIStar2D/Grid/SAP_UserData.cs"
"Assets/NTSD/TopDownEngine/Common/Scripts/AIStar2D/System/SAP2DAgent.cs"
"Assets/NTSD/TopDownEngine/Common/Scripts/AIStar2D/System/SAP2DDynamicObstacle.cs"
"Assets/NTSD/TopDownEngine/Common/Scripts/AIStar2D/System/SAP2DEditorSettings.cs"
"Assets/NTSD/TopDownEngine/Common/Scripts/AIStar2D/System/SAP2DPathfinder.cs"
"Assets/NTSD/TopDownEngine/Common/Scripts/AIStar2D/System/SAP2DPathfindingConfig.cs"
"Assets/NTSD/TopDownEngine/Common/Scripts/GUI/AmmoDisplay.cs"
"Assets/NTSD/TopDownEngine/Common/Scripts/GUI/ButtonPrompt.cs"
"Assets/NTSD/TopDownEngine/Common/Scripts/GUI/DialogueBox.cs"
"Assets/NTSD/TopDownEngine/Common/Scripts/GUI/LevelSelector.cs"
"Assets/NTSD/TopDownEngine/Common/Scripts/GUI/MusicSwitch.cs"
"Assets/NTSD/TopDownEngine/Common/Scripts/GUI/SfxSwitch.cs"
"Assets/NTSD/TopDownEngine/Common/Scripts/GUI/StartScreen.cs"
"Assets/NTSD/TopDownEngine/Common/Scripts/Managers/LayerManager.cs"
"Assets/NTSD/TopDownEngine/Common/Scripts/Managers/SoundManager.cs"
"Assets/NTSD/TopDownEngine/Common/Scripts/Managers/TopDownMonoBehaviour.cs"
"Assets/NTSD/TopDownEngine/Common/Scripts/MMFeedbacks/MMF_TopDownEngineEvent.cs"
"Assets/NTSD/TopDownEngine/Common/Scripts/Sound/BackgroundMusic.cs"
"Assets/NTSD/TopDownEngine/Common/Scripts/Sound/PersistentBackgroundMusic.cs"
"Assets/NTSD/TopDownEngine/Common/Scripts/Spawn/CheckPoint.cs"
"Assets/NTSD/TopDownEngine/Common/Scripts/Sprites/MMDoubleSpriteMask.cs"
"Assets/NTSD/TopDownEngine/Common/Scripts/Sprites/MMSpriteMask.cs"
"Assets/_Test/TestMono.cs"
"Assets/_Test/TESTOtherInspector.cs"
"Assets/_Test/TimelineEditor.cs"
-langversion:9.0
/deterministic
/optimize-
/debug:portable
/nologo
/RuntimeMetadataVersion:v4.0.30319
/nowarn:0169
/nowarn:0649
/nowarn:0282
/nowarn:1701
/nowarn:1702
/utf8output
/preferreduilang:en-US
/additionalfile:"Library/Bee/artifacts/1900b0aEDbg.dag/Assembly-CSharp.UnityAdditionalFile.txt"
##### Custom Environment Variables
DOTNET_MULTILEVEL_LOOKUP=0
##### ExitCode
1
##### Output
Assets\NTSD\Scripts\TimeWheel\TimeWheel.cs(101,39): warning CS8632: The annotation for nullable reference types should only be used in code within a '#nullable' annotations context.

Assets\NTSD\Scripts\TimeWheel\TimeWheel.cs(112,44): warning CS8632: The annotation for nullable reference types should only be used in code within a '#nullable' annotations context.

Assets\NTSD\Scripts\TimeWheel\TimeWheel.cs(112,117): warning CS8632: The annotation for nullable reference types should only be used in code within a '#nullable' annotations context.

Assets\NTSD\Scripts\TimeWheel\TimeWheel.cs(234,45): warning CS8632: The annotation for nullable reference types should only be used in code within a '#nullable' annotations context.

Assets\NTSD\Scripts\TimeWheel\TimeWheel.cs(248,49): warning CS8632: The annotation for nullable reference types should only be used in code within a '#nullable' annotations context.

Assets\NTSD\Scripts\TimeWheel\TimeWheel.cs(309,55): warning CS8632: The annotation for nullable reference types should only be used in code within a '#nullable' annotations context.

Assets\NTSD\Scripts\TimeWheel\TimeWheel.cs(405,53): warning CS8632: The annotation for nullable reference types should only be used in code within a '#nullable' annotations context.

Assets\NTSD\Scripts\TimeWheel\TimeWheel.cs(54,35): warning CS8632: The annotation for nullable reference types should only be used in code within a '#nullable' annotations context.

Assets\NTSD\Scripts\TimeWheel\TimeWheel.cs(55,35): warning CS8632: The annotation for nullable reference types should only be used in code within a '#nullable' annotations context.

Assets\NTSD\Scripts\TimeWheel\TimeWheel.cs(56,35): warning CS8632: The annotation for nullable reference types should only be used in code within a '#nullable' annotations context.

Assets\NTSD\Scripts\TimeWheel\TimeWheel.cs(57,35): warning CS8632: The annotation for nullable reference types should only be used in code within a '#nullable' annotations context.

Assets\NTSD\Scripts\TimeWheel\TimeWheel.cs(58,35): warning CS8632: The annotation for nullable reference types should only be used in code within a '#nullable' annotations context.

Assets\NTSD\Scripts\TimeWheel\TimeWheel.cs(66,41): warning CS8632: The annotation for nullable reference types should only be used in code within a '#nullable' annotations context.

Assets\NTSD\Scripts\TimeWheel\TimeWheel.cs(35,33): warning CS8632: The annotation for nullable reference types should only be used in code within a '#nullable' annotations context.

Assets\NTSD\Scripts\TimeWheel\TimeWheel.cs(35,35): warning CS8632: The annotation for nullable reference types should only be used in code within a '#nullable' annotations context.

Assets\NTSD\Scripts\TimeWheel\TimeWheel.cs(36,26): warning CS8632: The annotation for nullable reference types should only be used in code within a '#nullable' annotations context.

Assets\NTSD\Scripts\TimeWheel\TimeWheel.cs(40,29): warning CS8632: The annotation for nullable reference types should only be used in code within a '#nullable' annotations context.

Assets\NTSD\Scripts\TimeWheel\TimeWheel.cs(41,29): warning CS8632: The annotation for nullable reference types should only be used in code within a '#nullable' annotations context.

Assets\NTSD\Scripts\TimeWheel\TimeWheel.cs(156,34): warning CS8632: The annotation for nullable reference types should only be used in code within a '#nullable' annotations context.

Assets\NTSD\Scripts\TimeWheel\TimeWheel.cs(236,22): warning CS8632: The annotation for nullable reference types should only be used in code within a '#nullable' annotations context.

Assets\NTSD\Scripts\TimeWheel\TimeWheel.cs(241,26): warning CS8632: The annotation for nullable reference types should only be used in code within a '#nullable' annotations context.

Assets\NTSD\Scripts\TimeWheel\TimeWheel.cs(311,22): warning CS8632: The annotation for nullable reference types should only be used in code within a '#nullable' annotations context.

Assets\NTSD\Scripts\TimeWheel\TimeWheel.cs(331,22): warning CS8632: The annotation for nullable reference types should only be used in code within a '#nullable' annotations context.

Assets\NTSD\Scripts\Animation\Runtime\BattleSpriteCatalog.cs(213,24): error CS0121: The call is ambiguous between the following methods or properties: 'BattleSpriteCatalog.BattleSpriteCatalog(IDictionary<BattleSpriteKey, BattleSpriteEntry>)' and 'BattleSpriteCatalog.BattleSpriteCatalog(IReadOnlyDictionary<BattleSpriteKey, BattleSpriteEntry>)'

Assets\NTSD\Scripts\App\AppManager.cs(31,41): warning CS0414: The field 'AppManager.menuSceneName' is assigned but its value is never used
*** Tundra requires additional run (2.23 seconds), 2 items updated, 897 evaluatedStarting: D:\Unity\HubEditor\2022.3.34f1\Editor\Data\Tools\netcorerun\netcorerun.exe "D:\Unity\HubEditor\2022.3.34f1\Editor\Data\Tools\BuildPipeline\ScriptCompilationBuildProgram.exe" "Library/Bee/1900b0aEDbg.dag.json" "Library/Bee/1900b0aEDbg-inputdata.json" "Library\Bee\buildprogram0.traceevents"

WorkingDir: I:/GitHub/Unity_GAS/gameplay-ability-system-for-unity
ExitCode: 0 Duration: 0s651ms
Starting: D:\Unity\HubEditor\2022.3.34f1\Editor\Data\bee_backend.exe --dont-print-to-structured-log --ipc --defer-dag-verification --dagfile="Library/Bee/1900b0aEDbg.dag" --continue-on-failure --dagfilejson="Library\Bee\1900b0aEDbg.dag.json" --profile="Library/Bee/backend2.traceevents" ScriptAssemblies
WorkingDir: I:/GitHub/Unity_GAS/gameplay-ability-system-for-unity
info: Microsoft.AspNetCore.Hosting.Diagnostics[1]
      Request starting HTTP/2 POST http://ilpp/UnityILPP.PostProcessing/ConfigurePostProcessors application/grpc -
info: Microsoft.AspNetCore.Routing.EndpointMiddleware[0]
      Executing endpoint 'gRPC - /UnityILPP.PostProcessing/ConfigurePostProcessors'
info: Unity.ILPP.Runner.PostProcessingAssemblyLoadContext[0]
      Current configuration matches the requested one, skipping
info: Microsoft.AspNetCore.Routing.EndpointMiddleware[1]
      Executed endpoint 'gRPC - /UnityILPP.PostProcessing/ConfigurePostProcessors'
info: Microsoft.AspNetCore.Hosting.Diagnostics[2]
      Request finished HTTP/2 POST http://ilpp/UnityILPP.PostProcessing/ConfigurePostProcessors application/grpc - - 200 - application/grpc 3.5463ms
ExitCode: 3 Duration: 1s974ms
Finished compiling graph: 1199 nodes, 19522 flattened edges (15018 ToBuild, 208 ToUse), maximum node priority 1250
[ 552/1195  0s] WriteText Library/Bee/artifacts/1900b0aEDbg.dag/Assembly-CSharp.rsp
[ 898/1195  0s] ILPP-Configuration Library/ilpp-configuration.nevergeneratedoutput
[1187/1195  1s] Csc Library/Bee/artifacts/1900b0aEDbg.dag/Assembly-CSharp.dll (+2 others)
##### CommandLine
"D:\Unity\HubEditor\2022.3.34f1\Editor\Data\NetCoreRuntime\dotnet.exe" exec "D:/Unity/HubEditor/2022.3.34f1/Editor/Data/DotNetSdkRoslyn/csc.dll" /nostdlib /noconfig /shared "@Library/Bee/artifacts/1900b0aEDbg.dag/Assembly-CSharp.rsp" "@Library/Bee/artifacts/1900b0aEDbg.dag/Assembly-CSharp.rsp2"
##### Contents of Library\Bee\artifacts\1900b0aEDbg.dag\Assembly-CSharp.rsp
-target:library
-out:"Library/Bee/artifacts/1900b0aEDbg.dag/Assembly-CSharp.dll"
-refout:"Library/Bee/artifacts/1900b0aEDbg.dag/Assembly-CSharp.ref.dll"
-define:UNITY_2022_3_34
-define:UNITY_2022_3
-define:UNITY_2022
-define:UNITY_5_3_OR_NEWER
-define:UNITY_5_4_OR_NEWER
-define:UNITY_5_5_OR_NEWER
-define:UNITY_5_6_OR_NEWER
-define:UNITY_2017_1_OR_NEWER
-define:UNITY_2017_2_OR_NEWER
-define:UNITY_2017_3_OR_NEWER
-define:UNITY_2017_4_OR_NEWER
-define:UNITY_2018_1_OR_NEWER
-define:UNITY_2018_2_OR_NEWER
-define:UNITY_2018_3_OR_NEWER
-define:UNITY_2018_4_OR_NEWER
-define:UNITY_2019_1_OR_NEWER
-define:UNITY_2019_2_OR_NEWER
-define:UNITY_2019_3_OR_NEWER
-define:UNITY_2019_4_OR_NEWER
-define:UNITY_2020_1_OR_NEWER
-define:UNITY_2020_2_OR_NEWER
-define:UNITY_2020_3_OR_NEWER
-define:UNITY_2021_1_OR_NEWER
-define:UNITY_2021_2_OR_NEWER
-define:UNITY_2021_3_OR_NEWER
-define:UNITY_2022_1_OR_NEWER
-define:UNITY_2022_2_OR_NEWER
-define:UNITY_2022_3_OR_NEWER
-define:PLATFORM_ARCH_64
-define:UNITY_64
-define:UNITY_INCLUDE_TESTS
-define:ENABLE_AR
-define:ENABLE_AUDIO
-define:ENABLE_CACHING
-define:ENABLE_CLOTH
-define:ENABLE_EVENT_QUEUE
-define:ENABLE_MICROPHONE
-define:ENABLE_MULTIPLE_DISPLAYS
-define:ENABLE_PHYSICS
-define:ENABLE_TEXTURE_STREAMING
-define:ENABLE_VIRTUALTEXTURING
-define:ENABLE_LZMA
-define:ENABLE_UNITYEVENTS
-define:ENABLE_VR
-define:ENABLE_WEBCAM
-define:ENABLE_UNITYWEBREQUEST
-define:ENABLE_WWW
-define:ENABLE_CLOUD_SERVICES
-define:ENABLE_CLOUD_SERVICES_ADS
-define:ENABLE_CLOUD_SERVICES_USE_WEBREQUEST
-define:ENABLE_CLOUD_SERVICES_CRASH_REPORTING
-define:ENABLE_CLOUD_SERVICES_PURCHASING
-define:ENABLE_CLOUD_SERVICES_ANALYTICS
-define:ENABLE_CLOUD_SERVICES_BUILD
-define:ENABLE_EDITOR_GAME_SERVICES
-define:ENABLE_UNITY_GAME_SERVICES_ANALYTICS_SUPPORT
-define:ENABLE_CLOUD_LICENSE
-define:ENABLE_EDITOR_HUB_LICENSE
-define:ENABLE_WEBSOCKET_CLIENT
-define:ENABLE_GENERATE_NATIVE_PLUGINS_FOR_ASSEMBLIES_API
-define:ENABLE_DIRECTOR_AUDIO
-define:ENABLE_DIRECTOR_TEXTURE
-define:ENABLE_MANAGED_JOBS
-define:ENABLE_MANAGED_TRANSFORM_JOBS
-define:ENABLE_MANAGED_ANIMATION_JOBS
-define:ENABLE_MANAGED_AUDIO_JOBS
-define:ENABLE_MANAGED_UNITYTLS
-define:INCLUDE_DYNAMIC_GI
-define:ENABLE_SCRIPTING_GC_WBARRIERS
-define:PLATFORM_SUPPORTS_MONO
-define:RENDER_SOFTWARE_CURSOR
-define:ENABLE_VIDEO
-define:ENABLE_ACCELERATOR_CLIENT_DEBUGGING
-define:ENABLE_NAVIGATION_PACKAGE_DEBUG_VISUALIZATION
-define:ENABLE_NAVIGATION_HEIGHTMESH_RUNTIME_SUPPORT
-define:ENABLE_NAVIGATION_UI_REQUIRES_PACKAGE
-define:PLATFORM_STANDALONE
-define:TEXTCORE_1_0_OR_NEWER
-define:PLATFORM_STANDALONE_WIN
-define:UNITY_STANDALONE_WIN
-define:UNITY_STANDALONE
-define:UNITY_UGP_API
-define:ENABLE_RUNTIME_GI
-define:ENABLE_MOVIES
-define:ENABLE_NETWORK
-define:ENABLE_NVIDIA
-define:ENABLE_CRUNCH_TEXTURE_COMPRESSION
-define:ENABLE_OUT_OF_PROCESS_CRASH_HANDLER
-define:ENABLE_CLUSTER_SYNC
-define:ENABLE_CLUSTERINPUT
-define:PLATFORM_UPDATES_TIME_OUTSIDE_OF_PLAYER_LOOP
-define:GFXDEVICE_WAITFOREVENT_MESSAGEPUMP
-define:PLATFORM_INITIALIZES_MEMORY_MANAGER_EXPLICITLY
-define:ENABLE_MONO
-define:NET_STANDARD_2_0
-define:NET_STANDARD
-define:NET_STANDARD_2_1
-define:NETSTANDARD
-define:NETSTANDARD2_1
-define:ENABLE_PROFILER
-define:DEBUG
-define:TRACE
-define:UNITY_ASSERTIONS
-define:UNITY_EDITOR
-define:UNITY_EDITOR_64
-define:UNITY_EDITOR_WIN
-define:ENABLE_UNITY_COLLECTIONS_CHECKS
-define:ENABLE_BURST_AOT
-define:UNITY_TEAM_LICENSE
-define:ENABLE_CUSTOM_RENDER_TEXTURE
-define:ENABLE_DIRECTOR
-define:ENABLE_LOCALIZATION
-define:ENABLE_SPRITES
-define:ENABLE_TERRAIN
-define:ENABLE_TILEMAP
-define:ENABLE_TIMELINE
-define:ENABLE_INPUT_SYSTEM
-define:ENABLE_LEGACY_INPUT_MANAGER
-define:TEXTCORE_FONT_ENGINE_1_5_OR_NEWER
-define:ODIN_INSPECTOR
-define:ODIN_INSPECTOR_3
-define:ODIN_INSPECTOR_3_1
-define:EX_GAS_ENABLE_HOT_KEYS
-define:MOREMOUNTAINS_TOPDOWNENGINE
-define:MOREMOUNTAINS_INTERFACE
-define:MOREMOUNTAINS_INVENTORYENGINE
-define:ODIN_VALIDATOR
-define:ODIN_VALIDATOR_3_1
-define:ODIN_VALIDATOR_3_2
-define:ODIN_VALIDATOR_3_3
-define:USING_URP
-define:CSHARP_7_OR_LATER
-define:CSHARP_7_3_OR_NEWER
-r:"Assets/Plugins/Demigiant/DemiLib/Core/DemiLib.dll"
-r:"Assets/Plugins/Demigiant/DOTween/DOTween.dll"
-r:"Assets/Plugins/Demigiant/DOTweenPro/DOTweenPro.dll"
-r:"Assets/Plugins/Sirenix/Assemblies/Sirenix.OdinInspector.Attributes.dll"
-r:"Assets/Plugins/Sirenix/Assemblies/Sirenix.OdinInspector.Editor.dll"
-r:"Assets/Plugins/Sirenix/Assemblies/Sirenix.Reflection.Editor.dll"
-r:"Assets/Plugins/Sirenix/Assemblies/Sirenix.Serialization.Config.dll"
-r:"Assets/Plugins/Sirenix/Assemblies/Sirenix.Serialization.dll"
-r:"Assets/Plugins/Sirenix/Assemblies/Sirenix.Utilities.dll"
-r:"Assets/Plugins/Sirenix/Assemblies/Sirenix.Utilities.Editor.dll"
-r:"D:/Unity/HubEditor/2022.3.34f1/Editor/Data/Managed/UnityEngine/UnityEditor.CoreModule.dll"
-r:"D:/Unity/HubEditor/2022.3.34f1/Editor/Data/Managed/UnityEngine/UnityEditor.DeviceSimulatorModule.dll"
-r:"D:/Unity/HubEditor/2022.3.34f1/Editor/Data/Managed/UnityEngine/UnityEditor.DiagnosticsModule.dll"
-r:"D:/Unity/HubEditor/2022.3.34f1/Editor/Data/Managed/UnityEngine/UnityEditor.dll"
-r:"D:/Unity/HubEditor/2022.3.34f1/Editor/Data/Managed/UnityEngine/UnityEditor.EditorToolbarModule.dll"
-r:"D:/Unity/HubEditor/2022.3.34f1/Editor/Data/Managed/UnityEngine/UnityEditor.GraphViewModule.dll"
-r:"D:/Unity/HubEditor/2022.3.34f1/Editor/Data/Managed/UnityEngine/UnityEditor.PresetsUIModule.dll"
-r:"D:/Unity/HubEditor/2022.3.34f1/Editor/Data/Managed/UnityEngine/UnityEditor.QuickSearchModule.dll"
-r:"D:/Unity/HubEditor/2022.3.34f1/Editor/Data/Managed/UnityEngine/UnityEditor.SceneTemplateModule.dll"
-r:"D:/Unity/HubEditor/2022.3.34f1/Editor/Data/Managed/UnityEngine/UnityEditor.SceneViewModule.dll"
-r:"D:/Unity/HubEditor/2022.3.34f1/Editor/Data/Managed/UnityEngine/UnityEditor.TextCoreFontEngineModule.dll"
-r:"D:/Unity/HubEditor/2022.3.34f1/Editor/Data/Managed/UnityEngine/UnityEditor.TextCoreTextEngineModule.dll"
-r:"D:/Unity/HubEditor/2022.3.34f1/Editor/Data/Managed/UnityEngine/UnityEditor.UIBuilderModule.dll"
-r:"D:/Unity/HubEditor/2022.3.34f1/Editor/Data/Managed/UnityEngine/UnityEditor.UIElementsModule.dll"
-r:"D:/Unity/HubEditor/2022.3.34f1/Editor/Data/Managed/UnityEngine/UnityEditor.UIElementsSamplesModule.dll"
-r:"D:/Unity/HubEditor/2022.3.34f1/Editor/Data/Managed/UnityEngine/UnityEditor.UnityConnectModule.dll"
-r:"D:/Unity/HubEditor/2022.3.34f1/Editor/Data/Managed/UnityEngine/UnityEngine.AccessibilityModule.dll"
-r:"D:/Unity/HubEditor/2022.3.34f1/Editor/Data/Managed/UnityEngine/UnityEngine.AIModule.dll"
-r:"D:/Unity/HubEditor/2022.3.34f1/Editor/Data/Managed/UnityEngine/UnityEngine.AndroidJNIModule.dll"
-r:"D:/Unity/HubEditor/2022.3.34f1/Editor/Data/Managed/UnityEngine/UnityEngine.AnimationModule.dll"
-r:"D:/Unity/HubEditor/2022.3.34f1/Editor/Data/Managed/UnityEngine/UnityEngine.ARModule.dll"
-r:"D:/Unity/HubEditor/2022.3.34f1/Editor/Data/Managed/UnityEngine/UnityEngine.AssetBundleModule.dll"
-r:"D:/Unity/HubEditor/2022.3.34f1/Editor/Data/Managed/UnityEngine/UnityEngine.AudioModule.dll"
-r:"D:/Unity/HubEditor/2022.3.34f1/Editor/Data/Managed/UnityEngine/UnityEngine.ClothModule.dll"
-r:"D:/Unity/HubEditor/2022.3.34f1/Editor/Data/Managed/UnityEngine/UnityEngine.ClusterInputModule.dll"
-r:"D:/Unity/HubEditor/2022.3.34f1/Editor/Data/Managed/UnityEngine/UnityEngine.ClusterRendererModule.dll"
-r:"D:/Unity/HubEditor/2022.3.34f1/Editor/Data/Managed/UnityEngine/UnityEngine.ContentLoadModule.dll"
-r:"D:/Unity/HubEditor/2022.3.34f1/Editor/Data/Managed/UnityEngine/UnityEngine.CoreModule.dll"
-r:"D:/Unity/HubEditor/2022.3.34f1/Editor/Data/Managed/UnityEngine/UnityEngine.CrashReportingModule.dll"
-r:"D:/Unity/HubEditor/2022.3.34f1/Editor/Data/Managed/UnityEngine/UnityEngine.DirectorModule.dll"
-r:"D:/Unity/HubEditor/2022.3.34f1/Editor/Data/Managed/UnityEngine/UnityEngine.dll"
-r:"D:/Unity/HubEditor/2022.3.34f1/Editor/Data/Managed/UnityEngine/UnityEngine.DSPGraphModule.dll"
-r:"D:/Unity/HubEditor/2022.3.34f1/Editor/Data/Managed/UnityEngine/UnityEngine.GameCenterModule.dll"
-r:"D:/Unity/HubEditor/2022.3.34f1/Editor/Data/Managed/UnityEngine/UnityEngine.GIModule.dll"
-r:"D:/Unity/HubEditor/2022.3.34f1/Editor/Data/Managed/UnityEngine/UnityEngine.GridModule.dll"
-r:"D:/Unity/HubEditor/2022.3.34f1/Editor/Data/Managed/UnityEngine/UnityEngine.HotReloadModule.dll"
-r:"D:/Unity/HubEditor/2022.3.34f1/Editor/Data/Managed/UnityEngine/UnityEngine.ImageConversionModule.dll"
-r:"D:/Unity/HubEditor/2022.3.34f1/Editor/Data/Managed/UnityEngine/UnityEngine.IMGUIModule.dll"
-r:"D:/Unity/HubEditor/2022.3.34f1/Editor/Data/Managed/UnityEngine/UnityEngine.InputLegacyModule.dll"
-r:"D:/Unity/HubEditor/2022.3.34f1/Editor/Data/Managed/UnityEngine/UnityEngine.InputModule.dll"
-r:"D:/Unity/HubEditor/2022.3.34f1/Editor/Data/Managed/UnityEngine/UnityEngine.JSONSerializeModule.dll"
-r:"D:/Unity/HubEditor/2022.3.34f1/Editor/Data/Managed/UnityEngine/UnityEngine.LocalizationModule.dll"
-r:"D:/Unity/HubEditor/2022.3.34f1/Editor/Data/Managed/UnityEngine/UnityEngine.ParticleSystemModule.dll"
-r:"D:/Unity/HubEditor/2022.3.34f1/Editor/Data/Managed/UnityEngine/UnityEngine.PerformanceReportingModule.dll"
-r:"D:/Unity/HubEditor/2022.3.34f1/Editor/Data/Managed/UnityEngine/UnityEngine.Physics2DModule.dll"
-r:"D:/Unity/HubEditor/2022.3.34f1/Editor/Data/Managed/UnityEngine/UnityEngine.PhysicsModule.dll"
-r:"D:/Unity/HubEditor/2022.3.34f1/Editor/Data/Managed/UnityEngine/UnityEngine.ProfilerModule.dll"
-r:"D:/Unity/HubEditor/2022.3.34f1/Editor/Data/Managed/UnityEngine/UnityEngine.PropertiesModule.dll"
-r:"D:/Unity/HubEditor/2022.3.34f1/Editor/Data/Managed/UnityEngine/UnityEngine.RuntimeInitializeOnLoadManagerInitializerModule.dll"
-r:"D:/Unity/HubEditor/2022.3.34f1/Editor/Data/Managed/UnityEngine/UnityEngine.ScreenCaptureModule.dll"
-r:"D:/Unity/HubEditor/2022.3.34f1/Editor/Data/Managed/UnityEngine/UnityEngine.SharedInternalsModule.dll"
-r:"D:/Unity/HubEditor/2022.3.34f1/Editor/Data/Managed/UnityEngine/UnityEngine.SpriteMaskModule.dll"
-r:"D:/Unity/HubEditor/2022.3.34f1/Editor/Data/Managed/UnityEngine/UnityEngine.SpriteShapeModule.dll"
-r:"D:/Unity/HubEditor/2022.3.34f1/Editor/Data/Managed/UnityEngine/UnityEngine.StreamingModule.dll"
-r:"D:/Unity/HubEditor/2022.3.34f1/Editor/Data/Managed/UnityEngine/UnityEngine.SubstanceModule.dll"
-r:"D:/Unity/HubEditor/2022.3.34f1/Editor/Data/Managed/UnityEngine/UnityEngine.SubsystemsModule.dll"
-r:"D:/Unity/HubEditor/2022.3.34f1/Editor/Data/Managed/UnityEngine/UnityEngine.TerrainModule.dll"
-r:"D:/Unity/HubEditor/2022.3.34f1/Editor/Data/Managed/UnityEngine/UnityEngine.TerrainPhysicsModule.dll"
-r:"D:/Unity/HubEditor/2022.3.34f1/Editor/Data/Managed/UnityEngine/UnityEngine.TextCoreFontEngineModule.dll"
-r:"D:/Unity/HubEditor/2022.3.34f1/Editor/Data/Managed/UnityEngine/UnityEngine.TextCoreTextEngineModule.dll"
-r:"D:/Unity/HubEditor/2022.3.34f1/Editor/Data/Managed/UnityEngine/UnityEngine.TextRenderingModule.dll"
-r:"D:/Unity/HubEditor/2022.3.34f1/Editor/Data/Managed/UnityEngine/UnityEngine.TilemapModule.dll"
-r:"D:/Unity/HubEditor/2022.3.34f1/Editor/Data/Managed/UnityEngine/UnityEngine.TLSModule.dll"
-r:"D:/Unity/HubEditor/2022.3.34f1/Editor/Data/Managed/UnityEngine/UnityEngine.UIElementsModule.dll"
-r:"D:/Unity/HubEditor/2022.3.34f1/Editor/Data/Managed/UnityEngine/UnityEngine.UIModule.dll"
-r:"D:/Unity/HubEditor/2022.3.34f1/Editor/Data/Managed/UnityEngine/UnityEngine.UmbraModule.dll"
-r:"D:/Unity/HubEditor/2022.3.34f1/Editor/Data/Managed/UnityEngine/UnityEngine.UnityAnalyticsCommonModule.dll"
-r:"D:/Unity/HubEditor/2022.3.34f1/Editor/Data/Managed/UnityEngine/UnityEngine.UnityAnalyticsModule.dll"
-r:"D:/Unity/HubEditor/2022.3.34f1/Editor/Data/Managed/UnityEngine/UnityEngine.UnityConnectModule.dll"
-r:"D:/Unity/HubEditor/2022.3.34f1/Editor/Data/Managed/UnityEngine/UnityEngine.UnityCurlModule.dll"
-r:"D:/Unity/HubEditor/2022.3.34f1/Editor/Data/Managed/UnityEngine/UnityEngine.UnityTestProtocolModule.dll"
-r:"D:/Unity/HubEditor/2022.3.34f1/Editor/Data/Managed/UnityEngine/UnityEngine.UnityWebRequestAssetBundleModule.dll"
-r:"D:/Unity/HubEditor/2022.3.34f1/Editor/Data/Managed/UnityEngine/UnityEngine.UnityWebRequestAudioModule.dll"
-r:"D:/Unity/HubEditor/2022.3.34f1/Editor/Data/Managed/UnityEngine/UnityEngine.UnityWebRequestModule.dll"
-r:"D:/Unity/HubEditor/2022.3.34f1/Editor/Data/Managed/UnityEngine/UnityEngine.UnityWebRequestTextureModule.dll"
-r:"D:/Unity/HubEditor/2022.3.34f1/Editor/Data/Managed/UnityEngine/UnityEngine.UnityWebRequestWWWModule.dll"
-r:"D:/Unity/HubEditor/2022.3.34f1/Editor/Data/Managed/UnityEngine/UnityEngine.VehiclesModule.dll"
-r:"D:/Unity/HubEditor/2022.3.34f1/Editor/Data/Managed/UnityEngine/UnityEngine.VFXModule.dll"
-r:"D:/Unity/HubEditor/2022.3.34f1/Editor/Data/Managed/UnityEngine/UnityEngine.VideoModule.dll"
-r:"D:/Unity/HubEditor/2022.3.34f1/Editor/Data/Managed/UnityEngine/UnityEngine.VirtualTexturingModule.dll"
-r:"D:/Unity/HubEditor/2022.3.34f1/Editor/Data/Managed/UnityEngine/UnityEngine.VRModule.dll"
-r:"D:/Unity/HubEditor/2022.3.34f1/Editor/Data/Managed/UnityEngine/UnityEngine.WindModule.dll"
-r:"D:/Unity/HubEditor/2022.3.34f1/Editor/Data/Managed/UnityEngine/UnityEngine.XRModule.dll"
-r:"D:/Unity/HubEditor/2022.3.34f1/Editor/Data/NetStandard/compat/2.1.0/shims/netfx/mscorlib.dll"
-r:"D:/Unity/HubEditor/2022.3.34f1/Editor/Data/NetStandard/compat/2.1.0/shims/netfx/System.ComponentModel.Composition.dll"
-r:"D:/Unity/HubEditor/2022.3.34f1/Editor/Data/NetStandard/compat/2.1.0/shims/netfx/System.Core.dll"
-r:"D:/Unity/HubEditor/2022.3.34f1/Editor/Data/NetStandard/compat/2.1.0/shims/netfx/System.Data.dll"
-r:"D:/Unity/HubEditor/2022.3.34f1/Editor/Data/NetStandard/compat/2.1.0/shims/netfx/System.dll"
-r:"D:/Unity/HubEditor/2022.3.34f1/Editor/Data/NetStandard/compat/2.1.0/shims/netfx/System.Drawing.dll"
-r:"D:/Unity/HubEditor/2022.3.34f1/Editor/Data/NetStandard/compat/2.1.0/shims/netfx/System.IO.Compression.FileSystem.dll"
-r:"D:/Unity/HubEditor/2022.3.34f1/Editor/Data/NetStandard/compat/2.1.0/shims/netfx/System.Net.dll"
-r:"D:/Unity/HubEditor/2022.3.34f1/Editor/Data/NetStandard/compat/2.1.0/shims/netfx/System.Numerics.dll"
-r:"D:/Unity/HubEditor/2022.3.34f1/Editor/Data/NetStandard/compat/2.1.0/shims/netfx/System.Runtime.Serialization.dll"
-r:"D:/Unity/HubEditor/2022.3.34f1/Editor/Data/NetStandard/compat/2.1.0/shims/netfx/System.ServiceModel.Web.dll"
-r:"D:/Unity/HubEditor/2022.3.34f1/Editor/Data/NetStandard/compat/2.1.0/shims/netfx/System.Transactions.dll"
-r:"D:/Unity/HubEditor/2022.3.34f1/Editor/Data/NetStandard/compat/2.1.0/shims/netfx/System.Web.dll"
-r:"D:/Unity/HubEditor/2022.3.34f1/Editor/Data/NetStandard/compat/2.1.0/shims/netfx/System.Windows.dll"
-r:"D:/Unity/HubEditor/2022.3.34f1/Editor/Data/NetStandard/compat/2.1.0/shims/netfx/System.Xml.dll"
-r:"D:/Unity/HubEditor/2022.3.34f1/Editor/Data/NetStandard/compat/2.1.0/shims/netfx/System.Xml.Linq.dll"
-r:"D:/Unity/HubEditor/2022.3.34f1/Editor/Data/NetStandard/compat/2.1.0/shims/netfx/System.Xml.Serialization.dll"
-r:"D:/Unity/HubEditor/2022.3.34f1/Editor/Data/NetStandard/compat/2.1.0/shims/netstandard/Microsoft.Win32.Primitives.dll"
-r:"D:/Unity/HubEditor/2022.3.34f1/Editor/Data/NetStandard/compat/2.1.0/shims/netstandard/System.AppContext.dll"
-r:"D:/Unity/HubEditor/2022.3.34f1/Editor/Data/NetStandard/compat/2.1.0/shims/netstandard/System.Buffers.dll"
-r:"D:/Unity/HubEditor/2022.3.34f1/Editor/Data/NetStandard/compat/2.1.0/shims/netstandard/System.Collections.Concurrent.dll"
-r:"D:/Unity/HubEditor/2022.3.34f1/Editor/Data/NetStandard/compat/2.1.0/shims/netstandard/System.Collections.dll"
-r:"D:/Unity/HubEditor/2022.3.34f1/Editor/Data/NetStandard/compat/2.1.0/shims/netstandard/System.Collections.NonGeneric.dll"
-r:"D:/Unity/HubEditor/2022.3.34f1/Editor/Data/NetStandard/compat/2.1.0/shims/netstandard/System.Collections.Specialized.dll"
-r:"D:/Unity/HubEditor/2022.3.34f1/Editor/Data/NetStandard/compat/2.1.0/shims/netstandard/System.ComponentModel.dll"
-r:"D:/Unity/HubEditor/2022.3.34f1/Editor/Data/NetStandard/compat/2.1.0/shims/netstandard/System.ComponentModel.EventBasedAsync.dll"
-r:"D:/Unity/HubEditor/2022.3.34f1/Editor/Data/NetStandard/compat/2.1.0/shims/netstandard/System.ComponentModel.Primitives.dll"
-r:"D:/Unity/HubEditor/2022.3.34f1/Editor/Data/NetStandard/compat/2.1.0/shims/netstandard/System.ComponentModel.TypeConverter.dll"
-r:"D:/Unity/HubEditor/2022.3.34f1/Editor/Data/NetStandard/compat/2.1.0/shims/netstandard/System.Console.dll"
-r:"D:/Unity/HubEditor/2022.3.34f1/Editor/Data/NetStandard/compat/2.1.0/shims/netstandard/System.Data.Common.dll"
-r:"D:/Unity/HubEditor/2022.3.34f1/Editor/Data/NetStandard/compat/2.1.0/shims/netstandard/System.Diagnostics.Contracts.dll"
-r:"D:/Unity/HubEditor/2022.3.34f1/Editor/Data/NetStandard/compat/2.1.0/shims/netstandard/System.Diagnostics.Debug.dll"
-r:"D:/Unity/HubEditor/2022.3.34f1/Editor/Data/NetStandard/compat/2.1.0/shims/netstandard/System.Diagnostics.FileVersionInfo.dll"
-r:"D:/Unity/HubEditor/2022.3.34f1/Editor/Data/NetStandard/compat/2.1.0/shims/netstandard/System.Diagnostics.Process.dll"
-r:"D:/Unity/HubEditor/2022.3.34f1/Editor/Data/NetStandard/compat/2.1.0/shims/netstandard/System.Diagnostics.StackTrace.dll"
-r:"D:/Unity/HubEditor/2022.3.34f1/Editor/Data/NetStandard/compat/2.1.0/shims/netstandard/System.Diagnostics.TextWriterTraceListener.dll"
-r:"D:/Unity/HubEditor/2022.3.34f1/Editor/Data/NetStandard/compat/2.1.0/shims/netstandard/System.Diagnostics.Tools.dll"
-r:"D:/Unity/HubEditor/2022.3.34f1/Editor/Data/NetStandard/compat/2.1.0/shims/netstandard/System.Diagnostics.TraceSource.dll"
-r:"D:/Unity/HubEditor/2022.3.34f1/Editor/Data/NetStandard/compat/2.1.0/shims/netstandard/System.Diagnostics.Tracing.dll"
-r:"D:/Unity/HubEditor/2022.3.34f1/Editor/Data/NetStandard/compat/2.1.0/shims/netstandard/System.Drawing.Primitives.dll"
-r:"D:/Unity/HubEditor/2022.3.34f1/Editor/Data/NetStandard/compat/2.1.0/shims/netstandard/System.Dynamic.Runtime.dll"
-r:"D:/Unity/HubEditor/2022.3.34f1/Editor/Data/NetStandard/compat/2.1.0/shims/netstandard/System.Globalization.Calendars.dll"
-r:"D:/Unity/HubEditor/2022.3.34f1/Editor/Data/NetStandard/compat/2.1.0/shims/netstandard/System.Globalization.dll"
-r:"D:/Unity/HubEditor/2022.3.34f1/Editor/Data/NetStandard/compat/2.1.0/shims/netstandard/System.Globalization.Extensions.dll"
-r:"D:/Unity/HubEditor/2022.3.34f1/Editor/Data/NetStandard/compat/2.1.0/shims/netstandard/System.IO.Compression.dll"
-r:"D:/Unity/HubEditor/2022.3.34f1/Editor/Data/NetStandard/compat/2.1.0/shims/netstandard/System.IO.Compression.ZipFile.dll"
-r:"D:/Unity/HubEditor/2022.3.34f1/Editor/Data/NetStandard/compat/2.1.0/shims/netstandard/System.IO.dll"
-r:"D:/Unity/HubEditor/2022.3.34f1/Editor/Data/NetStandard/compat/2.1.0/shims/netstandard/System.IO.FileSystem.dll"
-r:"D:/Unity/HubEditor/2022.3.34f1/Editor/Data/NetStandard/compat/2.1.0/shims/netstandard/System.IO.FileSystem.DriveInfo.dll"
-r:"D:/Unity/HubEditor/2022.3.34f1/Editor/Data/NetStandard/compat/2.1.0/shims/netstandard/System.IO.FileSystem.Primitives.dll"
-r:"D:/Unity/HubEditor/2022.3.34f1/Editor/Data/NetStandard/compat/2.1.0/shims/netstandard/System.IO.FileSystem.Watcher.dll"
-r:"D:/Unity/HubEditor/2022.3.34f1/Editor/Data/NetStandard/compat/2.1.0/shims/netstandard/System.IO.IsolatedStorage.dll"
-r:"D:/Unity/HubEditor/2022.3.34f1/Editor/Data/NetStandard/compat/2.1.0/shims/netstandard/System.IO.MemoryMappedFiles.dll"
-r:"D:/Unity/HubEditor/2022.3.34f1/Editor/Data/NetStandard/compat/2.1.0/shims/netstandard/System.IO.Pipes.dll"
-r:"D:/Unity/HubEditor/2022.3.34f1/Editor/Data/NetStandard/compat/2.1.0/shims/netstandard/System.IO.UnmanagedMemoryStream.dll"
-r:"D:/Unity/HubEditor/2022.3.34f1/Editor/Data/NetStandard/compat/2.1.0/shims/netstandard/System.Linq.dll"
-r:"D:/Unity/HubEditor/2022.3.34f1/Editor/Data/NetStandard/compat/2.1.0/shims/netstandard/System.Linq.Expressions.dll"
-r:"D:/Unity/HubEditor/2022.3.34f1/Editor/Data/NetStandard/compat/2.1.0/shims/netstandard/System.Linq.Parallel.dll"
-r:"D:/Unity/HubEditor/2022.3.34f1/Editor/Data/NetStandard/compat/2.1.0/shims/netstandard/System.Linq.Queryable.dll"
-r:"D:/Unity/HubEditor/2022.3.34f1/Editor/Data/NetStandard/compat/2.1.0/shims/netstandard/System.Memory.dll"
-r:"D:/Unity/HubEditor/2022.3.34f1/Editor/Data/NetStandard/compat/2.1.0/shims/netstandard/System.Net.Http.dll"
-r:"D:/Unity/HubEditor/2022.3.34f1/Editor/Data/NetStandard/compat/2.1.0/shims/netstandard/System.Net.NameResolution.dll"
-r:"D:/Unity/HubEditor/2022.3.34f1/Editor/Data/NetStandard/compat/2.1.0/shims/netstandard/System.Net.NetworkInformation.dll"
-r:"D:/Unity/HubEditor/2022.3.34f1/Editor/Data/NetStandard/compat/2.1.0/shims/netstandard/System.Net.Ping.dll"
-r:"D:/Unity/HubEditor/2022.3.34f1/Editor/Data/NetStandard/compat/2.1.0/shims/netstandard/System.Net.Primitives.dll"
-r:"D:/Unity/HubEditor/2022.3.34f1/Editor/Data/NetStandard/compat/2.1.0/shims/netstandard/System.Net.Requests.dll"
-r:"D:/Unity/HubEditor/2022.3.34f1/Editor/Data/NetStandard/compat/2.1.0/shims/netstandard/System.Net.Security.dll"
-r:"D:/Unity/HubEditor/2022.3.34f1/Editor/Data/NetStandard/compat/2.1.0/shims/netstandard/System.Net.Sockets.dll"
-r:"D:/Unity/HubEditor/2022.3.34f1/Editor/Data/NetStandard/compat/2.1.0/shims/netstandard/System.Net.WebHeaderCollection.dll"
-r:"D:/Unity/HubEditor/2022.3.34f1/Editor/Data/NetStandard/compat/2.1.0/shims/netstandard/System.Net.WebSockets.Client.dll"
-r:"D:/Unity/HubEditor/2022.3.34f1/Editor/Data/NetStandard/compat/2.1.0/shims/netstandard/System.Net.WebSockets.dll"
-r:"D:/Unity/HubEditor/2022.3.34f1/Editor/Data/NetStandard/compat/2.1.0/shims/netstandard/System.Numerics.Vectors.dll"
-r:"D:/Unity/HubEditor/2022.3.34f1/Editor/Data/NetStandard/compat/2.1.0/shims/netstandard/System.ObjectModel.dll"
-r:"D:/Unity/HubEditor/2022.3.34f1/Editor/Data/NetStandard/compat/2.1.0/shims/netstandard/System.Reflection.DispatchProxy.dll"
-r:"D:/Unity/HubEditor/2022.3.34f1/Editor/Data/NetStandard/compat/2.1.0/shims/netstandard/System.Reflection.dll"
-r:"D:/Unity/HubEditor/2022.3.34f1/Editor/Data/NetStandard/compat/2.1.0/shims/netstandard/System.Reflection.Emit.dll"
-r:"D:/Unity/HubEditor/2022.3.34f1/Editor/Data/NetStandard/compat/2.1.0/shims/netstandard/System.Reflection.Emit.ILGeneration.dll"
-r:"D:/Unity/HubEditor/2022.3.34f1/Editor/Data/NetStandard/compat/2.1.0/shims/netstandard/System.Reflection.Emit.Lightweight.dll"
-r:"D:/Unity/HubEditor/2022.3.34f1/Editor/Data/NetStandard/compat/2.1.0/shims/netstandard/System.Reflection.Extensions.dll"
-r:"D:/Unity/HubEditor/2022.3.34f1/Editor/Data/NetStandard/compat/2.1.0/shims/netstandard/System.Reflection.Primitives.dll"
-r:"D:/Unity/HubEditor/2022.3.34f1/Editor/Data/NetStandard/compat/2.1.0/shims/netstandard/System.Resources.Reader.dll"
-r:"D:/Unity/HubEditor/2022.3.34f1/Editor/Data/NetStandard/compat/2.1.0/shims/netstandard/System.Resources.ResourceManager.dll"
-r:"D:/Unity/HubEditor/2022.3.34f1/Editor/Data/NetStandard/compat/2.1.0/shims/netstandard/System.Resources.Writer.dll"
-r:"D:/Unity/HubEditor/2022.3.34f1/Editor/Data/NetStandard/compat/2.1.0/shims/netstandard/System.Runtime.CompilerServices.VisualC.dll"
-r:"D:/Unity/HubEditor/2022.3.34f1/Editor/Data/NetStandard/compat/2.1.0/shims/netstandard/System.Runtime.dll"
-r:"D:/Unity/HubEditor/2022.3.34f1/Editor/Data/NetStandard/compat/2.1.0/shims/netstandard/System.Runtime.Extensions.dll"
-r:"D:/Unity/HubEditor/2022.3.34f1/Editor/Data/NetStandard/compat/2.1.0/shims/netstandard/System.Runtime.Handles.dll"
-r:"D:/Unity/HubEditor/2022.3.34f1/Editor/Data/NetStandard/compat/2.1.0/shims/netstandard/System.Runtime.InteropServices.dll"
-r:"D:/Unity/HubEditor/2022.3.34f1/Editor/Data/NetStandard/compat/2.1.0/shims/netstandard/System.Runtime.InteropServices.RuntimeInformation.dll"
-r:"D:/Unity/HubEditor/2022.3.34f1/Editor/Data/NetStandard/compat/2.1.0/shims/netstandard/System.Runtime.Numerics.dll"
-r:"D:/Unity/HubEditor/2022.3.34f1/Editor/Data/NetStandard/compat/2.1.0/shims/netstandard/System.Runtime.Serialization.Formatters.dll"
-r:"D:/Unity/HubEditor/2022.3.34f1/Editor/Data/NetStandard/compat/2.1.0/shims/netstandard/System.Runtime.Serialization.Json.dll"
-r:"D:/Unity/HubEditor/2022.3.34f1/Editor/Data/NetStandard/compat/2.1.0/shims/netstandard/System.Runtime.Serialization.Primitives.dll"
-r:"D:/Unity/HubEditor/2022.3.34f1/Editor/Data/NetStandard/compat/2.1.0/shims/netstandard/System.Runtime.Serialization.Xml.dll"
-r:"D:/Unity/HubEditor/2022.3.34f1/Editor/Data/NetStandard/compat/2.1.0/shims/netstandard/System.Security.Claims.dll"
-r:"D:/Unity/HubEditor/2022.3.34f1/Editor/Data/NetStandard/compat/2.1.0/shims/netstandard/System.Security.Cryptography.Algorithms.dll"
-r:"D:/Unity/HubEditor/2022.3.34f1/Editor/Data/NetStandard/compat/2.1.0/shims/netstandard/System.Security.Cryptography.Csp.dll"
-r:"D:/Unity/HubEditor/2022.3.34f1/Editor/Data/NetStandard/compat/2.1.0/shims/netstandard/System.Security.Cryptography.Encoding.dll"
-r:"D:/Unity/HubEditor/2022.3.34f1/Editor/Data/NetStandard/compat/2.1.0/shims/netstandard/System.Security.Cryptography.Primitives.dll"
-r:"D:/Unity/HubEditor/2022.3.34f1/Editor/Data/NetStandard/compat/2.1.0/shims/netstandard/System.Security.Cryptography.X509Certificates.dll"
-r:"D:/Unity/HubEditor/2022.3.34f1/Editor/Data/NetStandard/compat/2.1.0/shims/netstandard/System.Security.Principal.dll"
-r:"D:/Unity/HubEditor/2022.3.34f1/Editor/Data/NetStandard/compat/2.1.0/shims/netstandard/System.Security.SecureString.dll"
-r:"D:/Unity/HubEditor/2022.3.34f1/Editor/Data/NetStandard/compat/2.1.0/shims/netstandard/System.Text.Encoding.dll"
-r:"D:/Unity/HubEditor/2022.3.34f1/Editor/Data/NetStandard/compat/2.1.0/shims/netstandard/System.Text.Encoding.Extensions.dll"
-r:"D:/Unity/HubEditor/2022.3.34f1/Editor/Data/NetStandard/compat/2.1.0/shims/netstandard/System.Text.RegularExpressions.dll"
-r:"D:/Unity/HubEditor/2022.3.34f1/Editor/Data/NetStandard/compat/2.1.0/shims/netstandard/System.Threading.dll"
-r:"D:/Unity/HubEditor/2022.3.34f1/Editor/Data/NetStandard/compat/2.1.0/shims/netstandard/System.Threading.Overlapped.dll"
-r:"D:/Unity/HubEditor/2022.3.34f1/Editor/Data/NetStandard/compat/2.1.0/shims/netstandard/System.Threading.Tasks.dll"
-r:"D:/Unity/HubEditor/2022.3.34f1/Editor/Data/NetStandard/compat/2.1.0/shims/netstandard/System.Threading.Tasks.Extensions.dll"
-r:"D:/Unity/HubEditor/2022.3.34f1/Editor/Data/NetStandard/compat/2.1.0/shims/netstandard/System.Threading.Tasks.Parallel.dll"
-r:"D:/Unity/HubEditor/2022.3.34f1/Editor/Data/NetStandard/compat/2.1.0/shims/netstandard/System.Threading.Thread.dll"
-r:"D:/Unity/HubEditor/2022.3.34f1/Editor/Data/NetStandard/compat/2.1.0/shims/netstandard/System.Threading.ThreadPool.dll"
-r:"D:/Unity/HubEditor/2022.3.34f1/Editor/Data/NetStandard/compat/2.1.0/shims/netstandard/System.Threading.Timer.dll"
-r:"D:/Unity/HubEditor/2022.3.34f1/Editor/Data/NetStandard/compat/2.1.0/shims/netstandard/System.ValueTuple.dll"
-r:"D:/Unity/HubEditor/2022.3.34f1/Editor/Data/NetStandard/compat/2.1.0/shims/netstandard/System.Xml.ReaderWriter.dll"
-r:"D:/Unity/HubEditor/2022.3.34f1/Editor/Data/NetStandard/compat/2.1.0/shims/netstandard/System.Xml.XDocument.dll"
-r:"D:/Unity/HubEditor/2022.3.34f1/Editor/Data/NetStandard/compat/2.1.0/shims/netstandard/System.Xml.XmlDocument.dll"
-r:"D:/Unity/HubEditor/2022.3.34f1/Editor/Data/NetStandard/compat/2.1.0/shims/netstandard/System.Xml.XmlSerializer.dll"
-r:"D:/Unity/HubEditor/2022.3.34f1/Editor/Data/NetStandard/compat/2.1.0/shims/netstandard/System.Xml.XPath.dll"
-r:"D:/Unity/HubEditor/2022.3.34f1/Editor/Data/NetStandard/compat/2.1.0/shims/netstandard/System.Xml.XPath.XDocument.dll"
-r:"D:/Unity/HubEditor/2022.3.34f1/Editor/Data/NetStandard/Extensions/2.0.0/System.Runtime.InteropServices.WindowsRuntime.dll"
-r:"D:/Unity/HubEditor/2022.3.34f1/Editor/Data/NetStandard/ref/2.1.0/netstandard.dll"
-r:"Library/PackageCache/com.unity.collections@1.2.4/Unity.Collections.LowLevel.ILSupport/Unity.Collections.LowLevel.ILSupport.dll"
-r:"Library/PackageCache/com.unity.nuget.newtonsoft-json@3.2.1/Runtime/Newtonsoft.Json.dll"
-r:"Library/PackageCache/com.unity.testtools.codecoverage@1.2.5/lib/ReportGenerator/ReportGeneratorMerged.dll"
-r:"Library/PackageCache/com.unity.visualscripting@1.9.4/Runtime/VisualScripting.Flow/Dependencies/NCalc/Unity.VisualScripting.Antlr3.Runtime.dll"
-r:"Library/Bee/artifacts/1900b0aEDbg.dag/Assembly-CSharp-firstpass.ref.dll"
-r:"Library/Bee/artifacts/1900b0aEDbg.dag/Cinemachine.ref.dll"
-r:"Library/Bee/artifacts/1900b0aEDbg.dag/com.exhard.exmaidforui.editor.ref.dll"
-r:"Library/Bee/artifacts/1900b0aEDbg.dag/com.exhard.exmaidforui.runtime.ref.dll"
-r:"Library/Bee/artifacts/1900b0aEDbg.dag/com.exhard.fgui.editor.ref.dll"
-r:"Library/Bee/artifacts/1900b0aEDbg.dag/com.exhard.fgui.runtime.ref.dll"
-r:"Library/Bee/artifacts/1900b0aEDbg.dag/com.exhard.loxodonframework.ref.dll"
-r:"Library/Bee/artifacts/1900b0aEDbg.dag/com.unity.cinemachine.editor.ref.dll"
-r:"Library/Bee/artifacts/1900b0aEDbg.dag/Loxodon.Framework.Editor.ref.dll"
-r:"Library/Bee/artifacts/1900b0aEDbg.dag/Loxodon.Framework.ref.dll"
-r:"Library/Bee/artifacts/1900b0aEDbg.dag/Loxodon.Log.ref.dll"
-r:"Library/Bee/artifacts/1900b0aEDbg.dag/MCPForUnity.Editor.ref.dll"
-r:"Library/Bee/artifacts/1900b0aEDbg.dag/MCPForUnity.Runtime.ref.dll"
-r:"Library/Bee/artifacts/1900b0aEDbg.dag/MoreMountains.Interface.Editor.ref.dll"
-r:"Library/Bee/artifacts/1900b0aEDbg.dag/MoreMountains.Interface.ref.dll"
-r:"Library/Bee/artifacts/1900b0aEDbg.dag/MoreMountains.InventoryEngine.Editor.ref.dll"
-r:"Library/Bee/artifacts/1900b0aEDbg.dag/MoreMountains.InventoryEngine.ref.dll"
-r:"Library/Bee/artifacts/1900b0aEDbg.dag/MoreMountains.Tools.Editor.ref.dll"
-r:"Library/Bee/artifacts/1900b0aEDbg.dag/MoreMountains.Tools.ref.dll"
-r:"Library/Bee/artifacts/1900b0aEDbg.dag/PPv2URPConverters.ref.dll"
-r:"Library/Bee/artifacts/1900b0aEDbg.dag/ProCamera2D.Editor.ref.dll"
-r:"Library/Bee/artifacts/1900b0aEDbg.dag/ProCamera2D.Examples.ref.dll"
-r:"Library/Bee/artifacts/1900b0aEDbg.dag/ProCamera2D.Runtime.ref.dll"
-r:"Library/Bee/artifacts/1900b0aEDbg.dag/PsdPlugin.ref.dll"
-r:"Library/Bee/artifacts/1900b0aEDbg.dag/Sirenix.OdinInspector.Modules.UnityMathematics.ref.dll"
-r:"Library/Bee/artifacts/1900b0aEDbg.dag/UniTask.Addressables.ref.dll"
-r:"Library/Bee/artifacts/1900b0aEDbg.dag/UniTask.DOTween.ref.dll"
-r:"Library/Bee/artifacts/1900b0aEDbg.dag/UniTask.Linq.ref.dll"
-r:"Library/Bee/artifacts/1900b0aEDbg.dag/UniTask.ref.dll"
-r:"Library/Bee/artifacts/1900b0aEDbg.dag/UniTask.TextMeshPro.ref.dll"
-r:"Library/Bee/artifacts/1900b0aEDbg.dag/Unity.2D.Animation.Editor.ref.dll"
-r:"Library/Bee/artifacts/1900b0aEDbg.dag/Unity.2D.Animation.Runtime.ref.dll"
-r:"Library/Bee/artifacts/1900b0aEDbg.dag/Unity.2D.Aseprite.Common.ref.dll"
-r:"Library/Bee/artifacts/1900b0aEDbg.dag/Unity.2D.Aseprite.Editor.ref.dll"
-r:"Library/Bee/artifacts/1900b0aEDbg.dag/Unity.2D.Common.Editor.ref.dll"
-r:"Library/Bee/artifacts/1900b0aEDbg.dag/Unity.2D.Common.Path.Editor.ref.dll"
-r:"Library/Bee/artifacts/1900b0aEDbg.dag/Unity.2D.Common.Runtime.ref.dll"
-r:"Library/Bee/artifacts/1900b0aEDbg.dag/Unity.2D.IK.Editor.ref.dll"
-r:"Library/Bee/artifacts/1900b0aEDbg.dag/Unity.2D.IK.Runtime.ref.dll"
-r:"Library/Bee/artifacts/1900b0aEDbg.dag/Unity.2D.PixelPerfect.Editor.ref.dll"
-r:"Library/Bee/artifacts/1900b0aEDbg.dag/Unity.2D.PixelPerfect.ref.dll"
-r:"Library/Bee/artifacts/1900b0aEDbg.dag/Unity.2D.Psdimporter.Editor.ref.dll"
-r:"Library/Bee/artifacts/1900b0aEDbg.dag/Unity.2D.Sprite.Editor.ref.dll"
-r:"Library/Bee/artifacts/1900b0aEDbg.dag/Unity.2D.SpriteShape.Editor.ref.dll"
-r:"Library/Bee/artifacts/1900b0aEDbg.dag/Unity.2D.SpriteShape.Runtime.ref.dll"
-r:"Library/Bee/artifacts/1900b0aEDbg.dag/Unity.2D.Tilemap.Editor.ref.dll"
-r:"Library/Bee/artifacts/1900b0aEDbg.dag/Unity.2D.Tilemap.Extras.Editor.ref.dll"
-r:"Library/Bee/artifacts/1900b0aEDbg.dag/Unity.2D.Tilemap.Extras.ref.dll"
-r:"Library/Bee/artifacts/1900b0aEDbg.dag/Unity.Burst.Editor.ref.dll"
-r:"Library/Bee/artifacts/1900b0aEDbg.dag/Unity.Burst.ref.dll"
-r:"Library/Bee/artifacts/1900b0aEDbg.dag/Unity.Collections.ref.dll"
-r:"Library/Bee/artifacts/1900b0aEDbg.dag/Unity.EditorCoroutines.Editor.ref.dll"
-r:"Library/Bee/artifacts/1900b0aEDbg.dag/Unity.InputSystem.ForUI.ref.dll"
-r:"Library/Bee/artifacts/1900b0aEDbg.dag/Unity.InputSystem.ref.dll"
-r:"Library/Bee/artifacts/1900b0aEDbg.dag/Unity.InternalAPIEditorBridge.001.ref.dll"
-r:"Library/Bee/artifacts/1900b0aEDbg.dag/Unity.InternalAPIEngineBridge.001.ref.dll"
-r:"Library/Bee/artifacts/1900b0aEDbg.dag/Unity.Mathematics.Editor.ref.dll"
-r:"Library/Bee/artifacts/1900b0aEDbg.dag/Unity.Mathematics.ref.dll"
-r:"Library/Bee/artifacts/1900b0aEDbg.dag/Unity.Performance.Profile-Analyzer.Editor.ref.dll"
-r:"Library/Bee/artifacts/1900b0aEDbg.dag/Unity.PlasticSCM.Editor.ref.dll"
-r:"Library/Bee/artifacts/1900b0aEDbg.dag/Unity.RenderPipeline.Universal.ShaderLibrary.ref.dll"
-r:"Library/Bee/artifacts/1900b0aEDbg.dag/Unity.RenderPipelines.Core.Editor.ref.dll"
-r:"Library/Bee/artifacts/1900b0aEDbg.dag/Unity.RenderPipelines.Core.Runtime.ref.dll"
-r:"Library/Bee/artifacts/1900b0aEDbg.dag/Unity.RenderPipelines.Core.ShaderLibrary.ref.dll"
-r:"Library/Bee/artifacts/1900b0aEDbg.dag/Unity.RenderPipelines.ShaderGraph.ShaderGraphLibrary.ref.dll"
-r:"Library/Bee/artifacts/1900b0aEDbg.dag/Unity.RenderPipelines.Universal.Config.Runtime.ref.dll"
-r:"Library/Bee/artifacts/1900b0aEDbg.dag/Unity.RenderPipelines.Universal.Editor.ref.dll"
-r:"Library/Bee/artifacts/1900b0aEDbg.dag/Unity.RenderPipelines.Universal.Runtime.ref.dll"
-r:"Library/Bee/artifacts/1900b0aEDbg.dag/Unity.RenderPipelines.Universal.Shaders.ref.dll"
-r:"Library/Bee/artifacts/1900b0aEDbg.dag/Unity.Rider.Editor.ref.dll"
-r:"Library/Bee/artifacts/1900b0aEDbg.dag/Unity.Searcher.Editor.ref.dll"
-r:"Library/Bee/artifacts/1900b0aEDbg.dag/Unity.ShaderGraph.Editor.ref.dll"
-r:"Library/Bee/artifacts/1900b0aEDbg.dag/Unity.TestTools.CodeCoverage.Editor.OpenCover.Model.ref.dll"
-r:"Library/Bee/artifacts/1900b0aEDbg.dag/Unity.TestTools.CodeCoverage.Editor.OpenCover.Mono.Reflection.ref.dll"
-r:"Library/Bee/artifacts/1900b0aEDbg.dag/Unity.TestTools.CodeCoverage.Editor.ref.dll"
-r:"Library/Bee/artifacts/1900b0aEDbg.dag/Unity.TextMeshPro.Editor.ref.dll"
-r:"Library/Bee/artifacts/1900b0aEDbg.dag/Unity.TextMeshPro.ref.dll"
-r:"Library/Bee/artifacts/1900b0aEDbg.dag/Unity.Timeline.Editor.ref.dll"
-r:"Library/Bee/artifacts/1900b0aEDbg.dag/Unity.Timeline.ref.dll"
-r:"Library/Bee/artifacts/1900b0aEDbg.dag/Unity.VisualScripting.Core.Editor.ref.dll"
-r:"Library/Bee/artifacts/1900b0aEDbg.dag/Unity.VisualScripting.Core.ref.dll"
-r:"Library/Bee/artifacts/1900b0aEDbg.dag/Unity.VisualScripting.Flow.Editor.ref.dll"
-r:"Library/Bee/artifacts/1900b0aEDbg.dag/Unity.VisualScripting.Flow.ref.dll"
-r:"Library/Bee/artifacts/1900b0aEDbg.dag/Unity.VisualScripting.SettingsProvider.Editor.ref.dll"
-r:"Library/Bee/artifacts/1900b0aEDbg.dag/Unity.VisualScripting.Shared.Editor.ref.dll"
-r:"Library/Bee/artifacts/1900b0aEDbg.dag/Unity.VisualScripting.State.Editor.ref.dll"
-r:"Library/Bee/artifacts/1900b0aEDbg.dag/Unity.VisualScripting.State.ref.dll"
-r:"Library/Bee/artifacts/1900b0aEDbg.dag/Unity.VisualStudio.Editor.ref.dll"
-r:"Library/Bee/artifacts/1900b0aEDbg.dag/Unity.VSCode.Editor.ref.dll"
-r:"Library/Bee/artifacts/1900b0aEDbg.dag/UnityEditor.UI.ref.dll"
-r:"Library/Bee/artifacts/1900b0aEDbg.dag/UnityEngine.UI.ref.dll"
-analyzer:"D:/Unity/HubEditor/2022.3.34f1/Editor/Data/Tools/Unity.SourceGenerators/Unity.Properties.SourceGenerator.dll"
-analyzer:"D:/Unity/HubEditor/2022.3.34f1/Editor/Data/Tools/Unity.SourceGenerators/Unity.SourceGenerators.dll"
"Assets/KAKO/CameraFit/Examples/Scenes/FitAnimated/Scripts/AnimatedFitHandler.cs"
"Assets/KAKO/CameraFit/Examples/Scripts/CutoutMaskUI.cs"
"Assets/KAKO/CameraFit/Examples/Scripts/ExampleCharacterController.cs"
"Assets/KAKO/CameraFit/Examples/Scripts/FitAreaController.cs"
"Assets/KAKO/CameraFit/Examples/Scripts/FitAreaResizer.cs"
"Assets/KAKO/CameraFit/Examples/Scripts/InputHandler/AlwaysFitHandler.cs"
"Assets/KAKO/CameraFit/Examples/Scripts/InputHandler/FitCameraRotator.cs"
"Assets/KAKO/CameraFit/Examples/Scripts/InputHandler/FitterInputHandler.cs"
"Assets/KAKO/CameraFit/Examples/Scripts/LerpFitHandler.cs"
"Assets/KAKO/CameraFit/Scripts/Animation/CameraFitTweenExtensions.cs"
"Assets/KAKO/CameraFit/Scripts/Component/CameraFitter.cs"
"Assets/KAKO/CameraFit/Scripts/Data/CameraFitData.cs"
"Assets/KAKO/CameraFit/Scripts/Data/PerspectiveCameraFrustumVectors.cs"
"Assets/KAKO/CameraFit/Scripts/Utility/CameraFit.cs"
"Assets/KAKO/CameraFit/Scripts/Utility/CameraFitExtensions.cs"
"Assets/KAKO/CameraFit/Scripts/Utility/Debug/CameraFitDebugUtility.cs"
"Assets/KAKO/Utilities/CameraExtensions.cs"
"Assets/KAKO/Utilities/CanvasExtensions.cs"
"Assets/KAKO/Utilities/VectorExtensions.cs"
"Assets/NTSD/BeatEmUp/Scripts/Attributes/HelpAttribute.cs"
"Assets/NTSD/BeatEmUp/Scripts/Attributes/ReadOnlyAttribute.cs"
"Assets/NTSD/BeatEmUp/Scripts/Tools/AnimationCurveAnim.cs"
"Assets/NTSD/BeatEmUp/Scripts/Tools/MathUtilities.cs"
"Assets/NTSD/BeatEmUp/Scripts/Tools/ObjectSorting.cs"
"Assets/NTSD/BeatEmUp/Scripts/Tools/TimeToLive.cs"
"Assets/NTSD/BeatEmUp/Scripts/UI/UIFader.cs"
"Assets/NTSD/BeatEmUp/Scripts/UI/UILevelSelection.cs"
"Assets/NTSD/BeatEmUp/Scripts/UI/UIManager.cs"
"Assets/NTSD/BeatEmUp/Scripts/UI/UISetPlayerInactive.cs"
"Assets/NTSD/Config/InputConfig/NTSDInputConfig.cs"
"Assets/NTSD/Config/InputConfig/RebindingManager.cs"
"Assets/NTSD/Help/Constants.cs"
"Assets/NTSD/Scripts/Animation/Character/BruteForceSceneQuery.cs"
"Assets/NTSD/Scripts/Animation/Character/CharacterIds.cs"
"Assets/NTSD/Scripts/Animation/Character/CharacterMechanics.cs"
"Assets/NTSD/Scripts/Animation/Character/FrameTransistor.cs"
"Assets/NTSD/Scripts/Animation/Character/ILF2SceneQuery.cs"
"Assets/NTSD/Scripts/Animation/Character/LF2FrameCache.cs"
"Assets/NTSD/Scripts/Animation/Character/LF2HitCountersModule.cs"
"Assets/NTSD/Scripts/Animation/Character/LF2ItrRestTracker.cs"
"Assets/NTSD/Scripts/Animation/Character/LF2ObjectPointFactory.cs"
"Assets/NTSD/Scripts/Animation/Character/LF2ObjectPointModule.cs"
"Assets/NTSD/Scripts/Animation/Character/LF2WeaponPointFactory.cs"
"Assets/NTSD/Scripts/Animation/Character/LF2WeaponPointModule.cs"
"Assets/NTSD/Scripts/Animation/Character/PhysicsState.cs"
"Assets/NTSD/Scripts/Animation/GameDataConfig.cs"
"Assets/NTSD/Scripts/Animation/GameDataManager.cs"
"Assets/NTSD/Scripts/Animation/LF2CharacterData.cs"
"Assets/NTSD/Scripts/Animation/LF2FrameData.cs"
"Assets/NTSD/Scripts/Animation/LF2ObjectPool.cs"
"Assets/NTSD/Scripts/Animation/LF2Objects/ILF2Entity.cs"
"Assets/NTSD/Scripts/Animation/LF2Objects/ILF2Object.cs"
"Assets/NTSD/Scripts/Animation/LF2Objects/ILF2Poolable.cs"
"Assets/NTSD/Scripts/Animation/LF2Objects/ILF2Recyclable.cs"
"Assets/NTSD/Scripts/Animation/LF2Objects/LF2Character.cs"
"Assets/NTSD/Scripts/Animation/LF2Objects/LF2Character.Late.partial.cs"
"Assets/NTSD/Scripts/Animation/LF2Objects/LF2CharacterActionResolver.cs"
"Assets/NTSD/Scripts/Animation/LF2Objects/LF2CharacterCatchResolver.cs"
"Assets/NTSD/Scripts/Animation/LF2Objects/LF2CharacterDamageStateResolver.cs"
"Assets/NTSD/Scripts/Animation/LF2Objects/LF2CharacterDatHitResolver.cs"
"Assets/NTSD/Scripts/Animation/LF2Objects/LF2CharacterDatInteractionResolver.cs"
"Assets/NTSD/Scripts/Animation/LF2Objects/LF2CharacterHitResolver.cs"
"Assets/NTSD/Scripts/Animation/LF2Objects/LF2CharacterInteractionResolver.cs"
"Assets/NTSD/Scripts/Animation/LF2Objects/LF2CharacterStateResolver.cs"
"Assets/NTSD/Scripts/Animation/LF2Objects/LF2CharacterWeaponLinkResolver.cs"
"Assets/NTSD/Scripts/Animation/LF2Objects/LF2Entity.cs"
"Assets/NTSD/Scripts/Animation/LF2Objects/LF2LivingObject.cs"
"Assets/NTSD/Scripts/Animation/LF2Objects/LF2ObjectRenderer.cs"
"Assets/NTSD/Scripts/Animation/LF2Objects/LF2ObjectType.cs"
"Assets/NTSD/Scripts/Animation/LF2Objects/LF2OtherObject.cs"
"Assets/NTSD/Scripts/Animation/LF2Objects/LF2OtherObject.Lifecycle.partial.cs"
"Assets/NTSD/Scripts/Animation/LF2Objects/LF2OtherObject.ReleaseFlow.partial.cs"
"Assets/NTSD/Scripts/Animation/LF2Objects/LF2ReferencePool.cs"
"Assets/NTSD/Scripts/Animation/LF2Objects/LF2SpecialAttack.cs"
"Assets/NTSD/Scripts/Animation/LF2Objects/LF2Sprite.cs"
"Assets/NTSD/Scripts/Animation/LF2Objects/LF2Weapon.cs"
"Assets/NTSD/Scripts/Animation/LF2Objects/LF2WeaponBase.cs"
"Assets/NTSD/Scripts/Animation/LF2Objects/LF2WeaponBase.Held.partial.cs"
"Assets/NTSD/Scripts/Animation/LF2Objects/LF2WeaponBase.ReleaseFlow.partial.cs"
"Assets/NTSD/Scripts/Animation/LF2Objects/LF2WeaponFrameLogicResolver.cs"
"Assets/NTSD/Scripts/Animation/LF2Objects/LF2WeaponHeldStateResolver.cs"
"Assets/NTSD/Scripts/Animation/LF2Objects/LF2WeaponInteractionResolver.cs"
"Assets/NTSD/Scripts/Animation/LF2Objects/LF2WeaponReleaseFlowResolver.cs"
"Assets/NTSD/Scripts/Animation/LF2Objects/NTSDEntityCategory.cs"
"Assets/NTSD/Scripts/Animation/LF2Objects/NullLF2Controller.cs"
"Assets/NTSD/Scripts/Animation/LF2Tasks/LF2TaskBase.cs"
"Assets/NTSD/Scripts/Animation/LF2Tasks/OPointCreateMultipleTask.cs"
"Assets/NTSD/Scripts/Animation/LF2Tasks/OPointCreateTask.cs"
"Assets/NTSD/Scripts/Animation/Manager/CharacterAnimtorManager.cs"
"Assets/NTSD/Scripts/Animation/Rendering/BattleCentralRenderSystem.cs"
"Assets/NTSD/Scripts/Animation/Rendering/BattleCentralRenderTypes.cs"
"Assets/NTSD/Scripts/Animation/Rendering/BattleDynamicMeshBackend.cs"
"Assets/NTSD/Scripts/Animation/Rendering/BattleRenderFeature.cs"
"Assets/NTSD/Scripts/Animation/Runtime/BattleAtlasLayoutPlanner.cs"
"Assets/NTSD/Scripts/Animation/Runtime/BattleAtlasResources.cs"
"Assets/NTSD/Scripts/Animation/Runtime/BattleSpriteCatalog.cs"
"Assets/NTSD/Scripts/Animation/Runtime/BMPLoader.cs"
"Assets/NTSD/Scripts/Animation/Runtime/NTSDRenderSpace.cs"
"Assets/NTSD/Scripts/Animation/Runtime/RuntimeSpriteProcessor.cs"
"Assets/NTSD/Scripts/Animation/SparkRenderer.cs"
"Assets/NTSD/Scripts/Animation/Tools/LF2StandardFrames.cs"
"Assets/NTSD/Scripts/Animation/Tools/LF2StateConstants.cs"
"Assets/NTSD/Scripts/Animation/Tools/LF2States.cs"
"Assets/NTSD/Scripts/App/AppManager.cs"
"Assets/NTSD/Scripts/App/AudioController.cs"
"Assets/NTSD/Scripts/App/AudioItem.cs"
"Assets/NTSD/Scripts/App/BattleBootstrap.cs"
"Assets/NTSD/Scripts/App/GameConfig.cs"
"Assets/NTSD/Scripts/App/GameLocalSettings.cs"
"Assets/NTSD/Scripts/App/GameModeConfig.cs"
"Assets/NTSD/Scripts/App/GameSettingsChangedEvent.cs"
"Assets/NTSD/Scripts/App/InputModule.cs"
"Assets/NTSD/Scripts/App/MatchConfig.cs"
"Assets/NTSD/Scripts/App/NTSDSoundPlayer.cs"
"Assets/NTSD/Scripts/App/PlayerSlotConfig.cs"
"Assets/NTSD/Scripts/DatParser/Runtime/Models/Lf2BmpSection.cs"
"Assets/NTSD/Scripts/DatParser/Runtime/Models/Lf2DatBlock.cs"
"Assets/NTSD/Scripts/DatParser/Runtime/Models/Lf2DatEnums.cs"
"Assets/NTSD/Scripts/DatParser/Runtime/Models/Lf2DatFile.cs"
"Assets/NTSD/Scripts/DatParser/Runtime/Models/Lf2DatProperty.cs"
"Assets/NTSD/Scripts/DatParser/Runtime/Models/Lf2DatSubBlock.cs"
"Assets/NTSD/Scripts/DatParser/Runtime/Models/Lf2FrameBlock.cs"
"Assets/NTSD/Scripts/DatParser/Runtime/Models/Lf2SpriteFileDef.cs"
"Assets/NTSD/Scripts/DatParser/Runtime/Parsing/Lf2DatParserV2.cs"
"Assets/NTSD/Scripts/DatParser/Runtime/Parsing/Lf2DatTokenizer.cs"
"Assets/NTSD/Scripts/DatParser/Runtime/Utils/Lf2DatConverter.cs"
"Assets/NTSD/Scripts/DatParser/Runtime/Utils/Lf2DatDecryptor.cs"
"Assets/NTSD/Scripts/Input/CharacterInputModule.cs"
"Assets/NTSD/Scripts/Input/KeyEventPool.cs"
"Assets/NTSD/Scripts/Input/NTSDInputStateModule.cs"
"Assets/NTSD/Scripts/LevelEditor/BoundaryWall.cs"
"Assets/NTSD/Scripts/LevelEditor/BoundaryWallManager.cs"
"Assets/NTSD/Scripts/LevelEditor/MultiplayerLevelManager.cs"
"Assets/NTSD/Scripts/Load/LoadTask.cs"
"Assets/NTSD/Scripts/Load/NTSDResourceLoader.cs"
"Assets/NTSD/Scripts/Load/NTSD_GlobalTickDriver.cs"
"Assets/NTSD/Scripts/Load/NTSD_ResourceRequest.cs"
"Assets/NTSD/Scripts/NTSD_Extensions/NTSDItrKindHandler.cs"
"Assets/NTSD/Scripts/Simulation/BattleParitySnapshot.cs"
"Assets/NTSD/Scripts/Simulation/BattleRuntimeProfile.cs"
"Assets/NTSD/Scripts/Simulation/BattleRuntimeState.cs"
"Assets/NTSD/Scripts/Simulation/BattleStageCampaignLoader.cs"
"Assets/NTSD/Scripts/Simulation/DeterministicRng.cs"
"Assets/NTSD/Scripts/Simulation/Input/FrameInputSet.cs"
"Assets/NTSD/Scripts/Simulation/Input/SimInputBuffer.cs"
"Assets/NTSD/Scripts/Simulation/Input/SimInputEvent.cs"
"Assets/NTSD/Scripts/Simulation/ISimObject.cs"
"Assets/NTSD/Scripts/Simulation/ISimTickable.cs"
"Assets/NTSD/Scripts/Simulation/NTSDBattleTickSystem.cs"
"Assets/NTSD/Scripts/Simulation/NTSDEntityRuntime.cs"
"Assets/NTSD/Scripts/Simulation/NTSDGlobal.cs"
"Assets/NTSD/Scripts/Simulation/NTSDSpec.cs"
"Assets/NTSD/Scripts/Simulation/Presentation/BattlePresentationBackendMode.cs"
"Assets/NTSD/Scripts/Simulation/Presentation/BattlePresentationShadowBuild.cs"
"Assets/NTSD/Scripts/Simulation/RuntimeEntityHandle.cs"
"Assets/NTSD/Scripts/Simulation/RuntimeRestStore.cs"
"Assets/NTSD/Scripts/Simulation/RuntimeSlotAllocator.cs"
"Assets/NTSD/Scripts/Simulation/RuntimeSlotTable.cs"
"Assets/NTSD/Scripts/Simulation/SimContext.cs"
"Assets/NTSD/Scripts/Simulation/SimOrderConstants.cs"
"Assets/NTSD/Scripts/Simulation/SimulationConstants.cs"
"Assets/NTSD/Scripts/Simulation/SimulationTickDriver.cs"
"Assets/NTSD/Scripts/Simulation/SimulationWorld.AiInput.partial.cs"
"Assets/NTSD/Scripts/Simulation/SimulationWorld.cs"
"Assets/NTSD/Scripts/Simulation/SimulationWorld.FrameInput.partial.cs"
"Assets/NTSD/Scripts/Simulation/SimulationWorld.Passes.partial.cs"
"Assets/NTSD/Scripts/Simulation/SimulationWorld.QueryAndLinks.partial.cs"
"Assets/NTSD/Scripts/Simulation/SimulationWorld.Registry.partial.cs"
"Assets/NTSD/Scripts/Simulation/SimulationWorld.StageRender.partial.cs"
"Assets/NTSD/Scripts/Simulation/SimulationWorld.StageWave.partial.cs"
"Assets/NTSD/Scripts/Simulation/Spatial/ISpatialBroadphase.cs"
"Assets/NTSD/Scripts/Simulation/Spatial/LooseQuadtreeBroadphase.cs"
"Assets/NTSD/Scripts/Simulation/Spatial/SpatialAabbXZ.cs"
"Assets/NTSD/Scripts/Simulation/Spatial/SpatialBroadphaseDiagnostics.cs"
"Assets/NTSD/Scripts/Test/BattleRuntimeSelfCheck.cs"
"Assets/NTSD/Scripts/Test/BattleRuntimeSelfCheckCore.cs"
"Assets/NTSD/Scripts/Test/BattleTestBootstrap.cs"
"Assets/NTSD/Scripts/Test/ProCamera2DTestPanel.cs"
"Assets/NTSD/Scripts/Test/WeaponSpawner.cs"
"Assets/NTSD/Scripts/TimeWheel/TimeWheel.cs"
"Assets/NTSD/Scripts/Tools/IPoolable.cs"
"Assets/NTSD/Scripts/Tools/Log.cs"
"Assets/NTSD/Scripts/Tools/NTSDHitboxGizmos.cs"
"Assets/NTSD/Scripts/Tools/ReferencePool.cs"
"Assets/NTSD/Scripts/Tools/ReferencePoolManager.cs"
"Assets/NTSD/Scripts/Tools/SingletonBehaviour.cs"
"Assets/NTSD/Scripts/UI/CanvasGroupView.cs"
"Assets/NTSD/Scripts/UI/CharacterSelectionController.cs"
"Assets/NTSD/Scripts/UI/CharacterUIResourceManager.cs"
"Assets/NTSD/Scripts/UI/CMCRootController.cs"
"Assets/NTSD/Scripts/UI/LoadingPrewarmController.cs"
"Assets/NTSD/Scripts/UI/MainMenuController.cs"
"Assets/NTSD/Scripts/UI/Menu/IMenuFocusable.cs"
"Assets/NTSD/Scripts/UI/Menu/MenuFocusManager.cs"
"Assets/NTSD/Scripts/UI/Menu/MenuOptionBase.cs"
"Assets/NTSD/Scripts/UI/Menu/MenuOptionList.cs"
"Assets/NTSD/Scripts/UI/Menu/MenuOptionShowHide.cs"
"Assets/NTSD/Scripts/UI/MenuUIController.cs"
"Assets/NTSD/Scripts/UI/SelectGameModeController.cs"
"Assets/NTSD/Scripts/UI/SelectRoleItem.cs"
"Assets/NTSD/Scripts/UI/SettingBattleBgController.cs"
"Assets/NTSD/Scripts/UI/SettingsItem.cs"
"Assets/NTSD/Scripts/UI/SettingsPanelController.cs"
"Assets/NTSD/Scripts/UI/UIButton.cs"
"Assets/NTSD/TopDownEngine/Common/Scripts/AIStar2D/Grid/SAP_GraphDrawer.cs"
"Assets/NTSD/TopDownEngine/Common/Scripts/AIStar2D/Grid/SAP_GridSource.cs"
"Assets/NTSD/TopDownEngine/Common/Scripts/AIStar2D/Grid/SAP_TileData.cs"
"Assets/NTSD/TopDownEngine/Common/Scripts/AIStar2D/Grid/SAP_UserData.cs"
"Assets/NTSD/TopDownEngine/Common/Scripts/AIStar2D/System/SAP2DAgent.cs"
"Assets/NTSD/TopDownEngine/Common/Scripts/AIStar2D/System/SAP2DDynamicObstacle.cs"
"Assets/NTSD/TopDownEngine/Common/Scripts/AIStar2D/System/SAP2DEditorSettings.cs"
"Assets/NTSD/TopDownEngine/Common/Scripts/AIStar2D/System/SAP2DPathfinder.cs"
"Assets/NTSD/TopDownEngine/Common/Scripts/AIStar2D/System/SAP2DPathfindingConfig.cs"
"Assets/NTSD/TopDownEngine/Common/Scripts/GUI/AmmoDisplay.cs"
"Assets/NTSD/TopDownEngine/Common/Scripts/GUI/ButtonPrompt.cs"
"Assets/NTSD/TopDownEngine/Common/Scripts/GUI/DialogueBox.cs"
"Assets/NTSD/TopDownEngine/Common/Scripts/GUI/LevelSelector.cs"
"Assets/NTSD/TopDownEngine/Common/Scripts/GUI/MusicSwitch.cs"
"Assets/NTSD/TopDownEngine/Common/Scripts/GUI/SfxSwitch.cs"
"Assets/NTSD/TopDownEngine/Common/Scripts/GUI/StartScreen.cs"
"Assets/NTSD/TopDownEngine/Common/Scripts/Managers/LayerManager.cs"
"Assets/NTSD/TopDownEngine/Common/Scripts/Managers/SoundManager.cs"
"Assets/NTSD/TopDownEngine/Common/Scripts/Managers/TopDownMonoBehaviour.cs"
"Assets/NTSD/TopDownEngine/Common/Scripts/MMFeedbacks/MMF_TopDownEngineEvent.cs"
"Assets/NTSD/TopDownEngine/Common/Scripts/Sound/BackgroundMusic.cs"
"Assets/NTSD/TopDownEngine/Common/Scripts/Sound/PersistentBackgroundMusic.cs"
"Assets/NTSD/TopDownEngine/Common/Scripts/Spawn/CheckPoint.cs"
"Assets/NTSD/TopDownEngine/Common/Scripts/Sprites/MMDoubleSpriteMask.cs"
"Assets/NTSD/TopDownEngine/Common/Scripts/Sprites/MMSpriteMask.cs"
"Assets/_Test/TestMono.cs"
"Assets/_Test/TESTOtherInspector.cs"
"Assets/_Test/TimelineEditor.cs"
-langversion:9.0
/deterministic
/optimize-
/debug:portable
/nologo
/RuntimeMetadataVersion:v4.0.30319
/nowarn:0169
/nowarn:0649
/nowarn:0282
/nowarn:1701
/nowarn:1702
/utf8output
/preferreduilang:en-US
/additionalfile:"Library/Bee/artifacts/1900b0aEDbg.dag/Assembly-CSharp.UnityAdditionalFile.txt"
##### Custom Environment Variables
DOTNET_MULTILEVEL_LOOKUP=0
##### ExitCode
1
##### Output
Assets\NTSD\Scripts\TimeWheel\TimeWheel.cs(101,39): warning CS8632: The annotation for nullable reference types should only be used in code within a '#nullable' annotations context.

Assets\NTSD\Scripts\TimeWheel\TimeWheel.cs(112,44): warning CS8632: The annotation for nullable reference types should only be used in code within a '#nullable' annotations context.

Assets\NTSD\Scripts\TimeWheel\TimeWheel.cs(112,117): warning CS8632: The annotation for nullable reference types should only be used in code within a '#nullable' annotations context.

Assets\NTSD\Scripts\TimeWheel\TimeWheel.cs(234,45): warning CS8632: The annotation for nullable reference types should only be used in code within a '#nullable' annotations context.

Assets\NTSD\Scripts\TimeWheel\TimeWheel.cs(248,49): warning CS8632: The annotation for nullable reference types should only be used in code within a '#nullable' annotations context.

Assets\NTSD\Scripts\TimeWheel\TimeWheel.cs(309,55): warning CS8632: The annotation for nullable reference types should only be used in code within a '#nullable' annotations context.

Assets\NTSD\Scripts\TimeWheel\TimeWheel.cs(405,53): warning CS8632: The annotation for nullable reference types should only be used in code within a '#nullable' annotations context.

Assets\NTSD\Scripts\TimeWheel\TimeWheel.cs(54,35): warning CS8632: The annotation for nullable reference types should only be used in code within a '#nullable' annotations context.

Assets\NTSD\Scripts\TimeWheel\TimeWheel.cs(55,35): warning CS8632: The annotation for nullable reference types should only be used in code within a '#nullable' annotations context.

Assets\NTSD\Scripts\TimeWheel\TimeWheel.cs(56,35): warning CS8632: The annotation for nullable reference types should only be used in code within a '#nullable' annotations context.

Assets\NTSD\Scripts\TimeWheel\TimeWheel.cs(57,35): warning CS8632: The annotation for nullable reference types should only be used in code within a '#nullable' annotations context.

Assets\NTSD\Scripts\TimeWheel\TimeWheel.cs(58,35): warning CS8632: The annotation for nullable reference types should only be used in code within a '#nullable' annotations context.

Assets\NTSD\Scripts\TimeWheel\TimeWheel.cs(66,41): warning CS8632: The annotation for nullable reference types should only be used in code within a '#nullable' annotations context.

Assets\NTSD\Scripts\TimeWheel\TimeWheel.cs(35,33): warning CS8632: The annotation for nullable reference types should only be used in code within a '#nullable' annotations context.

Assets\NTSD\Scripts\TimeWheel\TimeWheel.cs(35,35): warning CS8632: The annotation for nullable reference types should only be used in code within a '#nullable' annotations context.

Assets\NTSD\Scripts\TimeWheel\TimeWheel.cs(36,26): warning CS8632: The annotation for nullable reference types should only be used in code within a '#nullable' annotations context.

Assets\NTSD\Scripts\TimeWheel\TimeWheel.cs(40,29): warning CS8632: The annotation for nullable reference types should only be used in code within a '#nullable' annotations context.

Assets\NTSD\Scripts\TimeWheel\TimeWheel.cs(41,29): warning CS8632: The annotation for nullable reference types should only be used in code within a '#nullable' annotations context.

Assets\NTSD\Scripts\TimeWheel\TimeWheel.cs(156,34): warning CS8632: The annotation for nullable reference types should only be used in code within a '#nullable' annotations context.

Assets\NTSD\Scripts\TimeWheel\TimeWheel.cs(236,22): warning CS8632: The annotation for nullable reference types should only be used in code within a '#nullable' annotations context.

Assets\NTSD\Scripts\TimeWheel\TimeWheel.cs(241,26): warning CS8632: The annotation for nullable reference types should only be used in code within a '#nullable' annotations context.

Assets\NTSD\Scripts\TimeWheel\TimeWheel.cs(311,22): warning CS8632: The annotation for nullable reference types should only be used in code within a '#nullable' annotations context.

Assets\NTSD\Scripts\TimeWheel\TimeWheel.cs(331,22): warning CS8632: The annotation for nullable reference types should only be used in code within a '#nullable' annotations context.

Assets\NTSD\Scripts\Animation\Runtime\BattleSpriteCatalog.cs(213,24): error CS0121: The call is ambiguous between the following methods or properties: 'BattleSpriteCatalog.BattleSpriteCatalog(IDictionary<BattleSpriteKey, BattleSpriteEntry>)' and 'BattleSpriteCatalog.BattleSpriteCatalog(IReadOnlyDictionary<BattleSpriteKey, BattleSpriteEntry>)'

Assets\NTSD\Scripts\App\AppManager.cs(31,41): warning CS0414: The field 'AppManager.menuSceneName' is assigned but its value is never used
*** Tundra build failed (1.93 seconds), 3 items updated, 1195 evaluated
## Script Compilation Error for: Csc Library/Bee/artifacts/1900b0aEDbg.dag/Assembly-CSharp.dll (+2 others)
## CmdLine: "D:\Unity\HubEditor\2022.3.34f1\Editor\Data\NetCoreRuntime\dotnet.exe" exec "D:/Unity/HubEditor/2022.3.34f1/Editor/Data/DotNetSdkRoslyn/csc.dll" /nostdlib /noconfig /shared "@Library/Bee/artifacts/1900b0aEDbg.dag/Assembly-CSharp.rsp" "@Library/Bee/artifacts/1900b0aEDbg.dag/Assembly-CSharp.rsp2"
## Output:
Assets\NTSD\Scripts\TimeWheel\TimeWheel.cs(101,39): warning CS8632: The annotation for nullable reference types should only be used in code within a '#nullable' annotations context.
Assets\NTSD\Scripts\TimeWheel\TimeWheel.cs(112,44): warning CS8632: The annotation for nullable reference types should only be used in code within a '#nullable' annotations context.
Assets\NTSD\Scripts\TimeWheel\TimeWheel.cs(112,117): warning CS8632: The annotation for nullable reference types should only be used in code within a '#nullable' annotations context.
Assets\NTSD\Scripts\TimeWheel\TimeWheel.cs(234,45): warning CS8632: The annotation for nullable reference types should only be used in code within a '#nullable' annotations context.
Assets\NTSD\Scripts\TimeWheel\TimeWheel.cs(248,49): warning CS8632: The annotation for nullable reference types should only be used in code within a '#nullable' annotations context.
Assets\NTSD\Scripts\TimeWheel\TimeWheel.cs(309,55): warning CS8632: The annotation for nullable reference types should only be used in code within a '#nullable' annotations context.
Assets\NTSD\Scripts\TimeWheel\TimeWheel.cs(405,53): warning CS8632: The annotation for nullable reference types should only be used in code within a '#nullable' annotations context.
Assets\NTSD\Scripts\TimeWheel\TimeWheel.cs(54,35): warning CS8632: The annotation for nullable reference types should only be used in code within a '#nullable' annotations context.
Assets\NTSD\Scripts\TimeWheel\TimeWheel.cs(55,35): warning CS8632: The annotation for nullable reference types should only be used in code within a '#nullable' annotations context.
Assets\NTSD\Scripts\TimeWheel\TimeWheel.cs(56,35): warning CS8632: The annotation for nullable reference types should only be used in code within a '#nullable' annotations context.
Assets\NTSD\Scripts\TimeWheel\TimeWheel.cs(57,35): warning CS8632: The annotation for nullable reference types should only be used in code within a '#nullable' annotations context.
Assets\NTSD\Scripts\TimeWheel\TimeWheel.cs(58,35): warning CS8632: The annotation for nullable reference types should only be used in code within a '#nullable' annotations context.
Assets\NTSD\Scripts\TimeWheel\TimeWheel.cs(66,41): warning CS8632: The annotation for nullable reference types should only be used in code within a '#nullable' annotations context.
Assets\NTSD\Scripts\TimeWheel\TimeWheel.cs(35,33): warning CS8632: The annotation for nullable reference types should only be used in code within a '#nullable' annotations context.
Assets\NTSD\Scripts\TimeWheel\TimeWheel.cs(35,35): warning CS8632: The annotation for nullable reference types should only be used in code within a '#nullable' annotations context.
Assets\NTSD\Scripts\TimeWheel\TimeWheel.cs(36,26): warning CS8632: The annotation for nullable reference types should only be used in code within a '#nullable' annotations context.
Assets\NTSD\Scripts\TimeWheel\TimeWheel.cs(40,29): warning CS8632: The annotation for nullable reference types should only be used in code within a '#nullable' annotations context.
Assets\NTSD\Scripts\TimeWheel\TimeWheel.cs(41,29): warning CS8632: The annotation for nullable reference types should only be used in code within a '#nullable' annotations context.
Assets\NTSD\Scripts\TimeWheel\TimeWheel.cs(156,34): warning CS8632: The annotation for nullable reference types should only be used in code within a '#nullable' annotations context.
Assets\NTSD\Scripts\TimeWheel\TimeWheel.cs(236,22): warning CS8632: The annotation for nullable reference types should only be used in code within a '#nullable' annotations context.
Assets\NTSD\Scripts\TimeWheel\TimeWheel.cs(241,26): warning CS8632: The annotation for nullable reference types should only be used in code within a '#nullable' annotations context.
Assets\NTSD\Scripts\TimeWheel\TimeWheel.cs(311,22): warning CS8632: The annotation for nullable reference types should only be used in code within a '#nullable' annotations context.
Assets\NTSD\Scripts\TimeWheel\TimeWheel.cs(331,22): warning CS8632: The annotation for nullable reference types should only be used in code within a '#nullable' annotations context.
Assets\NTSD\Scripts\Animation\Runtime\BattleSpriteCatalog.cs(213,24): error CS0121: The call is ambiguous between the following methods or properties: 'BattleSpriteCatalog.BattleSpriteCatalog(IDictionary<BattleSpriteKey, BattleSpriteEntry>)' and 'BattleSpriteCatalog.BattleSpriteCatalog(IReadOnlyDictionary<BattleSpriteKey, BattleSpriteEntry>)'
Assets\NTSD\Scripts\App\AppManager.cs(31,41): warning CS0414: The field 'AppManager.menuSceneName' is assigned but its value is never used

Assets\NTSD\Scripts\TimeWheel\TimeWheel.cs(101,39): warning CS8632: The annotation for nullable reference types should only be used in code within a '#nullable' annotations context.
Assets\NTSD\Scripts\TimeWheel\TimeWheel.cs(112,44): warning CS8632: The annotation for nullable reference types should only be used in code within a '#nullable' annotations context.
Assets\NTSD\Scripts\TimeWheel\TimeWheel.cs(112,117): warning CS8632: The annotation for nullable reference types should only be used in code within a '#nullable' annotations context.
Assets\NTSD\Scripts\TimeWheel\TimeWheel.cs(234,45): warning CS8632: The annotation for nullable reference types should only be used in code within a '#nullable' annotations context.
Assets\NTSD\Scripts\TimeWheel\TimeWheel.cs(248,49): warning CS8632: The annotation for nullable reference types should only be used in code within a '#nullable' annotations context.
Assets\NTSD\Scripts\TimeWheel\TimeWheel.cs(309,55): warning CS8632: The annotation for nullable reference types should only be used in code within a '#nullable' annotations context.
Assets\NTSD\Scripts\TimeWheel\TimeWheel.cs(405,53): warning CS8632: The annotation for nullable reference types should only be used in code within a '#nullable' annotations context.
Assets\NTSD\Scripts\TimeWheel\TimeWheel.cs(54,35): warning CS8632: The annotation for nullable reference types should only be used in code within a '#nullable' annotations context.
Assets\NTSD\Scripts\TimeWheel\TimeWheel.cs(55,35): warning CS8632: The annotation for nullable reference types should only be used in code within a '#nullable' annotations context.
Assets\NTSD\Scripts\TimeWheel\TimeWheel.cs(56,35): warning CS8632: The annotation for nullable reference types should only be used in code within a '#nullable' annotations context.
Assets\NTSD\Scripts\TimeWheel\TimeWheel.cs(57,35): warning CS8632: The annotation for nullable reference types should only be used in code within a '#nullable' annotations context.
Assets\NTSD\Scripts\TimeWheel\TimeWheel.cs(58,35): warning CS8632: The annotation for nullable reference types should only be used in code within a '#nullable' annotations context.
Assets\NTSD\Scripts\TimeWheel\TimeWheel.cs(66,41): warning CS8632: The annotation for nullable reference types should only be used in code within a '#nullable' annotations context.
Assets\NTSD\Scripts\TimeWheel\TimeWheel.cs(35,33): warning CS8632: The annotation for nullable reference types should only be used in code within a '#nullable' annotations context.
Assets\NTSD\Scripts\TimeWheel\TimeWheel.cs(35,35): warning CS8632: The annotation for nullable reference types should only be used in code within a '#nullable' annotations context.
Assets\NTSD\Scripts\TimeWheel\TimeWheel.cs(36,26): warning CS8632: The annotation for nullable reference types should only be used in code within a '#nullable' annotations context.
Assets\NTSD\Scripts\TimeWheel\TimeWheel.cs(40,29): warning CS8632: The annotation for nullable reference types should only be used in code within a '#nullable' annotations context.
Assets\NTSD\Scripts\TimeWheel\TimeWheel.cs(41,29): warning CS8632: The annotation for nullable reference types should only be used in code within a '#nullable' annotations context.
Assets\NTSD\Scripts\TimeWheel\TimeWheel.cs(156,34): warning CS8632: The annotation for nullable reference types should only be used in code within a '#nullable' annotations context.
Assets\NTSD\Scripts\TimeWheel\TimeWheel.cs(236,22): warning CS8632: The annotation for nullable reference types should only be used in code within a '#nullable' annotations context.
Assets\NTSD\Scripts\TimeWheel\TimeWheel.cs(241,26): warning CS8632: The annotation for nullable reference types should only be used in code within a '#nullable' annotations context.
Assets\NTSD\Scripts\TimeWheel\TimeWheel.cs(311,22): warning CS8632: The annotation for nullable reference types should only be used in code within a '#nullable' annotations context.
Assets\NTSD\Scripts\TimeWheel\TimeWheel.cs(331,22): warning CS8632: The annotation for nullable reference types should only be used in code within a '#nullable' annotations context.
Assets\NTSD\Scripts\Animation\Runtime\BattleSpriteCatalog.cs(213,24): error CS0121: The call is ambiguous between the following methods or properties: 'BattleSpriteCatalog.BattleSpriteCatalog(IDictionary<BattleSpriteKey, BattleSpriteEntry>)' and 'BattleSpriteCatalog.BattleSpriteCatalog(IReadOnlyDictionary<BattleSpriteKey, BattleSpriteEntry>)'
Assets\NTSD\Scripts\App\AppManager.cs(31,41): warning CS0414: The field 'AppManager.menuSceneName' is assigned but its value is never used
AssetDatabase: script compilation time: 5.975364s
Scripts have compiler errors.
Exiting without the bug reporter. Application will terminate with return code 1Total cache size 268212962
Total cache size after purge 268212962
