case,tick,crt_state,crt_calls,custom_counter,custom_index,custom_calls
b7-16-k13-x540-g560,1,3374725112,3000,0,0,0
b7-16-k13-x540-g560,2,3374725112,3000,1,1,1
b7-16-k13-x540-g560,3,3374725112,3000,1,1,1
b7-16-k13-x540-g560,4,3374725112,3000,1,1,1
b7-16-k13-x540-g560,5,2270971442,3002,1,1,1
b7-16-k13-x540-g560,6,2270971442,3002,1,1,1
b7-16-k13-x540-g560,7,2270971442,3002,1,1,1
b7-16-k13-x540-g560,8,2270971442,3002,1,1,1
b7-16-k13-x540-g560,9,2270971442,3002,1,1,1
b7-16-k13-x540-g560,10,2270971442,3002,1,1,1
b7-16-k13-x540-g560,11,2270971442,3002,1,1,1
b7-16-k13-x540-g560,12,2270971442,3002,1,1,1
b7-16-k13-x540-g560,13,2270971442,3002,1,1,1
b7-16-k13-x540-g560,14,2270971442,3002,2,2,2
b7-16-k13-x540-g560,15,2270971442,3002,2,2,2
b7-16-k13-x540-g560,16,2015516220,3004,2,2,2
b7-16-k13-x540-g560,17,2015516220,3004,2,2,2
b7-16-k13-x540-g560,18,2015516220,3004,2,2,2
b7-16-k13-x540-g560,19,2015516220,3004,2,2,2
b7-16-k13-x540-g560,20,2015516220,3004,2,2,2
b7-16-k13-x540-g560,21,2015516220,3004,2,2,2
b7-16-k13-x540-g560,22,2015516220,3004,2,2,2
b7-16-k13-x540-g560,23,2015516220,3004,2,2,2
b7-16-k13-x540-g560,24,2015516220,3004,2,2,2
b7-16-k13-x540-g560,25,2015516220,3004,2,2,2
b7-16-k13-x540-g560,26,2015516220,3004,2,2,2
b7-16-k13-x540-g560,27,2015516220,3004,2,2,2
b7-16-k13-x540-g560,28,2015516220,3004,2,2,2
b7-16-k13-x540-g560,29,2015516220,3004,2,2,2
b7-16-k13-x540-g560,30,2015516220,3004,2,2,2
b7-16-k13-x540-g560,31,2015516220,3004,2,2,2
b7-16-k13-x540-g560,32,2015516220,3004,2,2,2
b7-16-k13-x540-g560,33,2015516220,3004,2,2,2
b7-16-k13-x540-g560,34,2015516220,3004,2,2,2
b7-16-k13-x540-g560,35,2015516220,3004,2,2,2
b7-16-k13-x540-g560,36,2015516220,3004,2,2,2
b7-16-k13-x540-g560,37,2015516220,3004,2,2,2
b7-16-k13-x540-g560,38,2015516220,3004,2,2,2
b7-16-k13-x540-g560,39,2015516220,3004,2,2,2
b7-16-k13-x540-g560,40,2015516220,3004,2,2,2
b7-16-k13-x560-g580,1,3374725112,3000,0,0,0
b7-16-k13-x560-g580,2,3374725112,3000,1,1,1
b7-16-k13-x560-g580,3,3374725112,3000,1,1,1
b7-16-k13-x560-g580,4,3374725112,3000,1,1,1
b7-16-k13-x560-g580,5,2270971442,3002,1,1,1
b7-16-k13-x560-g580,6,2270971442,3002,1,1,1
b7-16-k13-x560-g580,7,2270971442,3002,1,1,1
b7-16-k13-x560-g580,8,2270971442,3002,1,1,1
b7-16-k13-x560-g580,9,2270971442,3002,1,1,1
b7-16-k13-x560-g580,10,2270971442,3002,1,1,1
b7-16-k13-x560-g580,11,2270971442,3002,1,1,1
b7-16-k13-x560-g580,12,2270971442,3002,1,1,1
b7-16-k13-x560-g580,13,2270971442,3002,1,1,1
b7-16-k13-x560-g580,14,2270971442,3002,2,2,2
b7-16-k13-x560-g580,15,2270971442,3002,2,2,2
b7-16-k13-x560-g580,16,2015516220,3004,2,2,2
b7-16-k13-x560-g580,17,2015516220,3004,2,2,2
b7-16-k13-x560-g580,18,2015516220,3004,2,2,2
b7-16-k13-x560-g580,19,2015516220,3004,2,2,2
b7-16-k13-x560-g580,20,2015516220,3004,2,2,2
b7-16-k13-x560-g580,21,2015516220,3004,2,2,2
b7-16-k13-x560-g580,22,2015516220,3004,2,2,2
b7-16-k13-x560-g580,23,2015516220,3004,2,2,2
b7-16-k13-x560-g580,24,2015516220,3004,2,2,2
b7-16-k13-x560-g580,25,2015516220,3004,2,2,2
b7-16-k13-x560-g580,26,2015516220,3004,2,2,2
b7-16-k13-x560-g580,27,2015516220,3004,2,2,2
b7-16-k13-x560-g580,28,2015516220,3004,2,2,2
b7-16-k13-x560-g580,29,2015516220,3004,2,2,2
b7-16-k13-x560-g580,30,2015516220,3004,2,2,2
b7-16-k13-x560-g580,31,2015516220,3004,2,2,2
b7-16-k13-x560-g580,32,2015516220,3004,2,2,2
b7-16-k13-x560-g580,33,2015516220,3004,2,2,2
b7-16-k13-x560-g580,34,2015516220,3004,2,2,2
b7-16-k13-x560-g580,35,2015516220,3004,2,2,2
b7-16-k13-x560-g580,36,2015516220,3004,2,2,2
b7-16-k13-x560-g580,37,2015516220,3004,2,2,2
b7-16-k13-x560-g580,38,2015516220,3004,2,2,2
b7-16-k13-x560-g580,39,2015516220,3004,2,2,2
b7-16-k13-x560-g580,40,2015516220,3004,2,2,2
b7-16-k14-x540-g560,1,3374725112,3000,0,0,0
b7-16-k14-x540-g560,2,3374725112,3000,1,1,1
b7-16-k14-x540-g560,3,3374725112,3000,1,1,1
b7-16-k14-x540-g560,4,3374725112,3000,1,1,1
b7-16-k14-x540-g560,5,2270971442,3002,1,1,1
b7-16-k14-x540-g560,6,2270971442,3002,1,1,1
b7-16-k14-x540-g560,7,2270971442,3002,1,1,1
b7-16-k14-x540-g560,8,2270971442,3002,1,1,1
b7-16-k14-x540-g560,9,2270971442,3002,1,1,1
b7-16-k14-x540-g560,10,2270971442,3002,1,1,1
b7-16-k14-x540-g560,11,2270971442,3002,1,1,1
b7-16-k14-x540-g560,12,2270971442,3002,1,1,1
b7-16-k14-x540-g560,13,2270971442,3002,1,1,1
b7-16-k14-x540-g560,14,2270971442,3002,2,2,2
b7-16-k14-x540-g560,15,2270971442,3002,2,2,2
b7-16-k14-x540-g560,16,2015516220,3004,2,2,2
b7-16-k14-x540-g560,17,2015516220,3004,2,2,2
b7-16-k14-x540-g560,18,2015516220,3004,2,2,2
b7-16-k14-x540-g560,19,2015516220,3004,2,2,2
b7-16-k14-x540-g560,20,2015516220,3004,2,2,2
b7-16-k14-x540-g560,21,2015516220,3004,2,2,2
b7-16-k14-x540-g560,22,2015516220,3004,2,2,2
b7-16-k14-x540-g560,23,2015516220,3004,2,2,2
b7-16-k14-x540-g560,24,2015516220,3004,2,2,2
b7-16-k14-x540-g560,25,2015516220,3004,2,2,2
b7-16-k14-x540-g560,26,2015516220,3004,2,2,2
b7-16-k14-x540-g560,27,2015516220,3004,2,2,2
b7-16-k14-x540-g560,28,2015516220,3004,2,2,2
b7-16-k14-x540-g560,29,2015516220,3004,2,2,2
b7-16-k14-x540-g560,30,2015516220,3004,2,2,2
b7-16-k14-x540-g560,31,2015516220,3004,2,2,2
b7-16-k14-x540-g560,32,2015516220,3004,2,2,2
b7-16-k14-x540-g560,33,2015516220,3004,2,2,2
b7-16-k14-x540-g560,34,2015516220,3004,2,2,2
b7-16-k14-x540-g560,35,2015516220,3004,2,2,2
b7-16-k14-x540-g560,36,2015516220,3004,2,2,2
b7-16-k14-x540-g560,37,2015516220,3004,2,2,2
b7-16-k14-x540-g560,38,2015516220,3004,2,2,2
b7-16-k14-x540-g560,39,2015516220,3004,2,2,2
b7-16-k14-x540-g560,40,2015516220,3004,2,2,2
b7-16-k14-x560-g580,1,3374725112,3000,0,0,0
b7-16-k14-x560-g580,2,3374725112,3000,1,1,1
b7-16-k14-x560-g580,3,3374725112,3000,1,1,1
b7-16-k14-x560-g580,4,3374725112,3000,1,1,1
b7-16-k14-x560-g580,5,2270971442,3002,1,1,1
b7-16-k14-x560-g580,6,2270971442,3002,1,1,1
b7-16-k14-x560-g580,7,2270971442,3002,1,1,1
b7-16-k14-x560-g580,8,2270971442,3002,1,1,1
b7-16-k14-x560-g580,9,2270971442,3002,1,1,1
b7-16-k14-x560-g580,10,2270971442,3002,1,1,1
b7-16-k14-x560-g580,11,2270971442,3002,1,1,1
b7-16-k14-x560-g580,12,2270971442,3002,1,1,1
b7-16-k14-x560-g580,13,2270971442,3002,1,1,1
b7-16-k14-x560-g580,14,2270971442,3002,2,2,2
b7-16-k14-x560-g580,15,2270971442,3002,2,2,2
b7-16-k14-x560-g580,16,2015516220,3004,2,2,2
b7-16-k14-x560-g580,17,2015516220,3004,2,2,2
b7-16-k14-x560-g580,18,2015516220,3004,2,2,2
b7-16-k14-x560-g580,19,2015516220,3004,2,2,2
b7-16-k14-x560-g580,20,2015516220,3004,2,2,2
b7-16-k14-x560-g580,21,2015516220,3004,2,2,2
b7-16-k14-x560-g580,22,2015516220,3004,2,2,2
b7-16-k14-x560-g580,23,2015516220,3004,2,2,2
b7-16-k14-x560-g580,24,2015516220,3004,2,2,2
b7-16-k14-x560-g580,25,2015516220,3004,2,2,2
b7-16-k14-x560-g580,26,2015516220,3004,2,2,2
b7-16-k14-x560-g580,27,2015516220,3004,2,2,2
b7-16-k14-x560-g580,28,2015516220,3004,2,2,2
b7-16-k14-x560-g580,29,2015516220,3004,2,2,2
b7-16-k14-x560-g580,30,2015516220,3004,2,2,2
b7-16-k14-x560-g580,31,2015516220,3004,2,2,2
b7-16-k14-x560-g580,32,2015516220,3004,2,2,2
b7-16-k14-x560-g580,33,2015516220,3004,2,2,2
b7-16-k14-x560-g580,34,2015516220,3004,2,2,2
b7-16-k14-x560-g580,35,2015516220,3004,2,2,2
b7-16-k14-x560-g580,36,2015516220,3004,2,2,2
b7-16-k14-x560-g580,37,2015516220,3004,2,2,2
b7-16-k14-x560-g580,38,2015516220,3004,2,2,2
b7-16-k14-x560-g580,39,2015516220,3004,2,2,2
b7-16-k14-x560-g580,40,2015516220,3004,2,2,2
b7-16-k15-x540-g560,1,3374725112,3000,0,0,0
b7-16-k15-x540-g560,2,3374725112,3000,1,1,1
b7-16-k15-x540-g560,3,3374725112,3000,1,1,1
b7-16-k15-x540-g560,4,3374725112,3000,1,1,1
b7-16-k15-x540-g560,5,2270971442,3002,1,1,1
b7-16-k15-x540-g560,6,2270971442,3002,1,1,1
b7-16-k15-x540-g560,7,2270971442,3002,1,1,1
b7-16-k15-x540-g560,8,2270971442,3002,1,1,1
b7-16-k15-x540-g560,9,2270971442,3002,1,1,1
b7-16-k15-x540-g560,10,2270971442,3002,1,1,1
b7-16-k15-x540-g560,11,2270971442,3002,1,1,1
b7-16-k15-x540-g560,12,2270971442,3002,1,1,1
b7-16-k15-x540-g560,13,2270971442,3002,1,1,1
b7-16-k15-x540-g560,14,2270971442,3002,1,1,1
b7-16-k15-x540-g560,15,2270971442,3002,1,1,1
b7-16-k15-x540-g560,16,2015516220,3004,2,2,2
b7-16-k15-x540-g560,17,2015516220,3004,2,2,2
b7-16-k15-x540-g560,18,2015516220,3004,2,2,2
b7-16-k15-x540-g560,19,2015516220,3004,2,2,2
b7-16-k15-x540-g560,20,2015516220,3004,2,2,2
b7-16-k15-x540-g560,21,2015516220,3004,2,2,2
b7-16-k15-x540-g560,22,2015516220,3004,2,2,2
b7-16-k15-x540-g560,23,2015516220,3004,2,2,2
b7-16-k15-x540-g560,24,2015516220,3004,2,2,2
b7-16-k15-x540-g560,25,2015516220,3004,2,2,2
b7-16-k15-x540-g560,26,2015516220,3004,2,2,2
b7-16-k15-x540-g560,27,2015516220,3004,2,2,2
b7-16-k15-x540-g560,28,2015516220,3004,2,2,2
b7-16-k15-x540-g560,29,2015516220,3004,2,2,2
b7-16-k15-x540-g560,30,2015516220,3004,2,2,2
b7-16-k15-x540-g560,31,2015516220,3004,2,2,2
b7-16-k15-x540-g560,32,2015516220,3004,2,2,2
b7-16-k15-x540-g560,33,2015516220,3004,2,2,2
b7-16-k15-x540-g560,34,2015516220,3004,2,2,2
b7-16-k15-x540-g560,35,2015516220,3004,2,2,2
b7-16-k15-x540-g560,36,2015516220,3004,2,2,2
b7-16-k15-x540-g560,37,2015516220,3004,2,2,2
b7-16-k15-x540-g560,38,2015516220,3004,2,2,2
b7-16-k15-x540-g560,39,2015516220,3004,2,2,2
b7-16-k15-x540-g560,40,2015516220,3004,2,2,2
b7-16-k15-x560-g580,1,3374725112,3000,0,0,0
b7-16-k15-x560-g580,2,3374725112,3000,1,1,1
b7-16-k15-x560-g580,3,3374725112,3000,1,1,1
b7-16-k15-x560-g580,4,3374725112,3000,1,1,1
b7-16-k15-x560-g580,5,2270971442,3002,1,1,1
b7-16-k15-x560-g580,6,2270971442,3002,1,1,1
b7-16-k15-x560-g580,7,2270971442,3002,1,1,1
b7-16-k15-x560-g580,8,2270971442,3002,1,1,1
b7-16-k15-x560-g580,9,2270971442,3002,1,1,1
b7-16-k15-x560-g580,10,2270971442,3002,1,1,1
b7-16-k15-x560-g580,11,2270971442,3002,1,1,1
b7-16-k15-x560-g580,12,2270971442,3002,1,1,1
b7-16-k15-x560-g580,13,2270971442,3002,1,1,1
b7-16-k15-x560-g580,14,2270971442,3002,1,1,1
b7-16-k15-x560-g580,15,2270971442,3002,1,1,1
b7-16-k15-x560-g580,16,2015516220,3004,2,2,2
b7-16-k15-x560-g580,17,2015516220,3004,2,2,2
b7-16-k15-x560-g580,18,2015516220,3004,2,2,2
b7-16-k15-x560-g580,19,2015516220,3004,2,2,2
b7-16-k15-x560-g580,20,2015516220,3004,2,2,2
b7-16-k15-x560-g580,21,2015516220,3004,2,2,2
b7-16-k15-x560-g580,22,2015516220,3004,2,2,2
b7-16-k15-x560-g580,23,2015516220,3004,2,2,2
b7-16-k15-x560-g580,24,2015516220,3004,2,2,2
b7-16-k15-x560-g580,25,2015516220,3004,2,2,2
b7-16-k15-x560-g580,26,2015516220,3004,2,2,2
b7-16-k15-x560-g580,27,2015516220,3004,2,2,2
b7-16-k15-x560-g580,28,2015516220,3004,2,2,2
b7-16-k15-x560-g580,29,2015516220,3004,2,2,2
b7-16-k15-x560-g580,30,2015516220,3004,2,2,2
b7-16-k15-x560-g580,31,2015516220,3004,2,2,2
b7-16-k15-x560-g580,32,2015516220,3004,2,2,2
b7-16-k15-x560-g580,33,2015516220,3004,2,2,2
b7-16-k15-x560-g580,34,2015516220,3004,2,2,2
b7-16-k15-x560-g580,35,2015516220,3004,2,2,2
b7-16-k15-x560-g580,36,2015516220,3004,2,2,2
b7-16-k15-x560-g580,37,2015516220,3004,2,2,2
b7-16-k15-x560-g580,38,2015516220,3004,2,2,2
b7-16-k15-x560-g580,39,2015516220,3004,2,2,2
b7-16-k15-x560-g580,40,2015516220,3004,2,2,2
b7-16-k16-x540-g560,1,3374725112,3000,0,0,0
b7-16-k16-x540-g560,2,3374725112,3000,1,1,1
b7-16-k16-x540-g560,3,3374725112,3000,1,1,1
b7-16-k16-x540-g560,4,3374725112,3000,1,1,1
b7-16-k16-x540-g560,5,2270971442,3002,1,1,1
b7-16-k16-x540-g560,6,2270971442,3002,1,1,1
b7-16-k16-x540-g560,7,2270971442,3002,1,1,1
b7-16-k16-x540-g560,8,2270971442,3002,1,1,1
b7-16-k16-x540-g560,9,2270971442,3002,1,1,1
b7-16-k16-x540-g560,10,2270971442,3002,1,1,1
b7-16-k16-x540-g560,11,2270971442,3002,1,1,1
b7-16-k16-x540-g560,12,2270971442,3002,1,1,1
b7-16-k16-x540-g560,13,2270971442,3002,1,1,1
b7-16-k16-x540-g560,14,2270971442,3002,1,1,1
b7-16-k16-x540-g560,15,2270971442,3002,1,1,1
b7-16-k16-x540-g560,16,2015516220,3004,2,2,2
b7-16-k16-x540-g560,17,2015516220,3004,2,2,2
b7-16-k16-x540-g560,18,2015516220,3004,2,2,2
b7-16-k16-x540-g560,19,2015516220,3004,2,2,2
b7-16-k16-x540-g560,20,2015516220,3004,2,2,2
b7-16-k16-x540-g560,21,2015516220,3004,2,2,2
b7-16-k16-x540-g560,22,2015516220,3004,2,2,2
b7-16-k16-x540-g560,23,2015516220,3004,2,2,2
b7-16-k16-x540-g560,24,2015516220,3004,2,2,2
b7-16-k16-x540-g560,25,2015516220,3004,2,2,2
b7-16-k16-x540-g560,26,2015516220,3004,2,2,2
b7-16-k16-x540-g560,27,2015516220,3004,2,2,2
b7-16-k16-x540-g560,28,2015516220,3004,2,2,2
b7-16-k16-x540-g560,29,2015516220,3004,2,2,2
b7-16-k16-x540-g560,30,2015516220,3004,2,2,2
b7-16-k16-x540-g560,31,2015516220,3004,2,2,2
b7-16-k16-x540-g560,32,2015516220,3004,2,2,2
b7-16-k16-x540-g560,33,2015516220,3004,2,2,2
b7-16-k16-x540-g560,34,2015516220,3004,2,2,2
b7-16-k16-x540-g560,35,2015516220,3004,2,2,2
b7-16-k16-x540-g560,36,2015516220,3004,2,2,2
b7-16-k16-x540-g560,37,2015516220,3004,2,2,2
b7-16-k16-x540-g560,38,2015516220,3004,2,2,2
b7-16-k16-x540-g560,39,2015516220,3004,2,2,2
b7-16-k16-x540-g560,40,2015516220,3004,2,2,2
b7-16-k16-x560-g580,1,3374725112,3000,0,0,0
b7-16-k16-x560-g580,2,3374725112,3000,1,1,1
b7-16-k16-x560-g580,3,3374725112,3000,1,1,1
b7-16-k16-x560-g580,4,3374725112,3000,1,1,1
b7-16-k16-x560-g580,5,2270971442,3002,1,1,1
b7-16-k16-x560-g580,6,2270971442,3002,1,1,1
b7-16-k16-x560-g580,7,2270971442,3002,1,1,1
b7-16-k16-x560-g580,8,2270971442,3002,1,1,1
b7-16-k16-x560-g580,9,2270971442,3002,1,1,1
b7-16-k16-x560-g580,10,2270971442,3002,1,1,1
b7-16-k16-x560-g580,11,2270971442,3002,1,1,1
b7-16-k16-x560-g580,12,2270971442,3002,1,1,1
b7-16-k16-x560-g580,13,2270971442,3002,1,1,1
b7-16-k16-x560-g580,14,2270971442,3002,1,1,1
b7-16-k16-x560-g580,15,2270971442,3002,1,1,1
b7-16-k16-x560-g580,16,2015516220,3004,2,2,2
b7-16-k16-x560-g580,17,2015516220,3004,2,2,2
b7-16-k16-x560-g580,18,2015516220,3004,2,2,2
b7-16-k16-x560-g580,19,2015516220,3004,2,2,2
b7-16-k16-x560-g580,20,2015516220,3004,2,2,2
b7-16-k16-x560-g580,21,2015516220,3004,2,2,2
b7-16-k16-x560-g580,22,2015516220,3004,2,2,2
b7-16-k16-x560-g580,23,2015516220,3004,2,2,2
b7-16-k16-x560-g580,24,2015516220,3004,2,2,2
b7-16-k16-x560-g580,25,2015516220,3004,2,2,2
b7-16-k16-x560-g580,26,2015516220,3004,2,2,2
b7-16-k16-x560-g580,27,2015516220,3004,2,2,2
b7-16-k16-x560-g580,28,2015516220,3004,2,2,2
b7-16-k16-x560-g580,29,2015516220,3004,2,2,2
b7-16-k16-x560-g580,30,2015516220,3004,2,2,2
b7-16-k16-x560-g580,31,2015516220,3004,2,2,2
b7-16-k16-x560-g580,32,2015516220,3004,2,2,2
b7-16-k16-x560-g580,33,2015516220,3004,2,2,2
b7-16-k16-x560-g580,34,2015516220,3004,2,2,2
b7-16-k16-x560-g580,35,2015516220,3004,2,2,2
b7-16-k16-x560-g580,36,2015516220,3004,2,2,2
b7-16-k16-x560-g580,37,2015516220,3004,2,2,2
b7-16-k16-x560-g580,38,2015516220,3004,2,2,2
b7-16-k16-x560-g580,39,2015516220,3004,2,2,2
b7-16-k16-x560-g580,40,2015516220,3004,2,2,2
b7-16-k17-x540-g560,1,3374725112,3000,0,0,0
b7-16-k17-x540-g560,2,3374725112,3000,1,1,1
b7-16-k17-x540-g560,3,3374725112,3000,1,1,1
b7-16-k17-x540-g560,4,3374725112,3000,1,1,1
b7-16-k17-x540-g560,5,2270971442,3002,1,1,1
b7-16-k17-x540-g560,6,2270971442,3002,1,1,1
b7-16-k17-x540-g560,7,2270971442,3002,1,1,1
b7-16-k17-x540-g560,8,2270971442,3002,1,1,1
b7-16-k17-x540-g560,9,2270971442,3002,1,1,1
b7-16-k17-x540-g560,10,2270971442,3002,1,1,1
b7-16-k17-x540-g560,11,2270971442,3002,1,1,1
b7-16-k17-x540-g560,12,2270971442,3002,1,1,1
b7-16-k17-x540-g560,13,2270971442,3002,1,1,1
b7-16-k17-x540-g560,14,2270971442,3002,1,1,1
b7-16-k17-x540-g560,15,2270971442,3002,1,1,1
b7-16-k17-x540-g560,16,2015516220,3004,1,1,1
b7-16-k17-x540-g560,17,2015516220,3004,1,1,1
b7-16-k17-x540-g560,18,2015516220,3004,2,2,2
b7-16-k17-x540-g560,19,2015516220,3004,2,2,2
b7-16-k17-x540-g560,20,2015516220,3004,2,2,2
b7-16-k17-x540-g560,21,2015516220,3004,2,2,2
b7-16-k17-x540-g560,22,2015516220,3004,2,2,2
b7-16-k17-x540-g560,23,2015516220,3004,2,2,2
b7-16-k17-x540-g560,24,2015516220,3004,2,2,2
b7-16-k17-x540-g560,25,2015516220,3004,2,2,2
b7-16-k17-x540-g560,26,2015516220,3004,2,2,2
b7-16-k17-x540-g560,27,2015516220,3004,2,2,2
b7-16-k17-x540-g560,28,2015516220,3004,2,2,2
b7-16-k17-x540-g560,29,2015516220,3004,2,2,2
b7-16-k17-x540-g560,30,2015516220,3004,2,2,2
b7-16-k17-x540-g560,31,2015516220,3004,2,2,2
b7-16-k17-x540-g560,32,2015516220,3004,2,2,2
b7-16-k17-x540-g560,33,2015516220,3004,2,2,2
b7-16-k17-x540-g560,34,2015516220,3004,2,2,2
b7-16-k17-x540-g560,35,2015516220,3004,2,2,2
b7-16-k17-x540-g560,36,2015516220,3004,2,2,2
b7-16-k17-x540-g560,37,2015516220,3004,2,2,2
b7-16-k17-x540-g560,38,2015516220,3004,2,2,2
b7-16-k17-x540-g560,39,2015516220,3004,2,2,2
b7-16-k17-x540-g560,40,2015516220,3004,2,2,2
b7-16-k17-x560-g580,1,3374725112,3000,0,0,0
b7-16-k17-x560-g580,2,3374725112,3000,1,1,1
b7-16-k17-x560-g580,3,3374725112,3000,1,1,1
b7-16-k17-x560-g580,4,3374725112,3000,1,1,1
b7-16-k17-x560-g580,5,2270971442,3002,1,1,1
b7-16-k17-x560-g580,6,2270971442,3002,1,1,1
b7-16-k17-x560-g580,7,2270971442,3002,1,1,1
b7-16-k17-x560-g580,8,2270971442,3002,1,1,1
b7-16-k17-x560-g580,9,2270971442,3002,1,1,1
b7-16-k17-x560-g580,10,2270971442,3002,1,1,1
b7-16-k17-x560-g580,11,2270971442,3002,1,1,1
b7-16-k17-x560-g580,12,2270971442,3002,1,1,1
b7-16-k17-x560-g580,13,2270971442,3002,1,1,1
b7-16-k17-x560-g580,14,2270971442,3002,1,1,1
b7-16-k17-x560-g580,15,2270971442,3002,1,1,1
b7-16-k17-x560-g580,16,2015516220,3004,1,1,1
b7-16-k17-x560-g580,17,2015516220,3004,1,1,1
b7-16-k17-x560-g580,18,2015516220,3004,2,2,2
b7-16-k17-x560-g580,19,2015516220,3004,2,2,2
b7-16-k17-x560-g580,20,2015516220,3004,2,2,2
b7-16-k17-x560-g580,21,2015516220,3004,2,2,2
b7-16-k17-x560-g580,22,2015516220,3004,2,2,2
b7-16-k17-x560-g580,23,2015516220,3004,2,2,2
b7-16-k17-x560-g580,24,2015516220,3004,2,2,2
b7-16-k17-x560-g580,25,2015516220,3004,2,2,2
b7-16-k17-x560-g580,26,2015516220,3004,2,2,2
b7-16-k17-x560-g580,27,2015516220,3004,2,2,2
b7-16-k17-x560-g580,28,2015516220,3004,2,2,2
b7-16-k17-x560-g580,29,2015516220,3004,2,2,2
b7-16-k17-x560-g580,30,2015516220,3004,2,2,2
b7-16-k17-x560-g580,31,2015516220,3004,2,2,2
b7-16-k17-x560-g580,32,2015516220,3004,2,2,2
b7-16-k17-x560-g580,33,2015516220,3004,2,2,2
b7-16-k17-x560-g580,34,2015516220,3004,2,2,2
b7-16-k17-x560-g580,35,2015516220,3004,2,2,2
b7-16-k17-x560-g580,36,2015516220,3004,2,2,2
b7-16-k17-x560-g580,37,2015516220,3004,2,2,2
b7-16-k17-x560-g580,38,2015516220,3004,2,2,2
b7-16-k17-x560-g580,39,2015516220,3004,2,2,2
b7-16-k17-x560-g580,40,2015516220,3004,2,2,2
b7-16-k18-x540-g560,1,3374725112,3000,0,0,0
b7-16-k18-x540-g560,2,3374725112,3000,1,1,1
b7-16-k18-x540-g560,3,3374725112,3000,1,1,1
b7-16-k18-x540-g560,4,3374725112,3000,1,1,1
b7-16-k18-x540-g560,5,2270971442,3002,1,1,1
b7-16-k18-x540-g560,6,2270971442,3002,1,1,1
b7-16-k18-x540-g560,7,2270971442,3002,1,1,1
b7-16-k18-x540-g560,8,2270971442,3002,1,1,1
b7-16-k18-x540-g560,9,2270971442,3002,1,1,1
b7-16-k18-x540-g560,10,2270971442,3002,1,1,1
b7-16-k18-x540-g560,11,2270971442,3002,1,1,1
b7-16-k18-x540-g560,12,2270971442,3002,1,1,1
b7-16-k18-x540-g560,13,2270971442,3002,1,1,1
b7-16-k18-x540-g560,14,2270971442,3002,1,1,1
b7-16-k18-x540-g560,15,2270971442,3002,1,1,1
b7-16-k18-x540-g560,16,2015516220,3004,1,1,1
b7-16-k18-x540-g560,17,2015516220,3004,1,1,1
b7-16-k18-x540-g560,18,2015516220,3004,2,2,2
b7-16-k18-x540-g560,19,2015516220,3004,2,2,2
b7-16-k18-x540-g560,20,2015516220,3004,2,2,2
b7-16-k18-x540-g560,21,2015516220,3004,2,2,2
b7-16-k18-x540-g560,22,2015516220,3004,2,2,2
b7-16-k18-x540-g560,23,2015516220,3004,2,2,2
b7-16-k18-x540-g560,24,2015516220,3004,2,2,2
b7-16-k18-x540-g560,25,2015516220,3004,2,2,2
b7-16-k18-x540-g560,26,2015516220,3004,2,2,2
b7-16-k18-x540-g560,27,2015516220,3004,2,2,2
b7-16-k18-x540-g560,28,2015516220,3004,2,2,2
b7-16-k18-x540-g560,29,2015516220,3004,2,2,2
b7-16-k18-x540-g560,30,2015516220,3004,2,2,2
b7-16-k18-x540-g560,31,2015516220,3004,2,2,2
b7-16-k18-x540-g560,32,2015516220,3004,2,2,2
b7-16-k18-x540-g560,33,2015516220,3004,2,2,2
b7-16-k18-x540-g560,34,2015516220,3004,2,2,2
b7-16-k18-x540-g560,35,2015516220,3004,2,2,2
b7-16-k18-x540-g560,36,2015516220,3004,2,2,2
b7-16-k18-x540-g560,37,2015516220,3004,2,2,2
b7-16-k18-x540-g560,38,2015516220,3004,2,2,2
b7-16-k18-x540-g560,39,2015516220,3004,2,2,2
b7-16-k18-x540-g560,40,2015516220,3004,2,2,2
b7-16-k18-x560-g580,1,3374725112,3000,0,0,0
b7-16-k18-x560-g580,2,3374725112,3000,1,1,1
b7-16-k18-x560-g580,3,3374725112,3000,1,1,1
b7-16-k18-x560-g580,4,3374725112,3000,1,1,1
b7-16-k18-x560-g580,5,2270971442,3002,1,1,1
b7-16-k18-x560-g580,6,2270971442,3002,1,1,1
b7-16-k18-x560-g580,7,2270971442,3002,1,1,1
b7-16-k18-x560-g580,8,2270971442,3002,1,1,1
b7-16-k18-x560-g580,9,2270971442,3002,1,1,1
b7-16-k18-x560-g580,10,2270971442,3002,1,1,1
b7-16-k18-x560-g580,11,2270971442,3002,1,1,1
b7-16-k18-x560-g580,12,2270971442,3002,1,1,1
b7-16-k18-x560-g580,13,2270971442,3002,1,1,1
b7-16-k18-x560-g580,14,2270971442,3002,1,1,1
b7-16-k18-x560-g580,15,2270971442,3002,1,1,1
b7-16-k18-x560-g580,16,2015516220,3004,1,1,1
b7-16-k18-x560-g580,17,2015516220,3004,1,1,1
b7-16-k18-x560-g580,18,2015516220,3004,2,2,2
b7-16-k18-x560-g580,19,2015516220,3004,2,2,2
b7-16-k18-x560-g580,20,2015516220,3004,2,2,2
b7-16-k18-x560-g580,21,2015516220,3004,2,2,2
b7-16-k18-x560-g580,22,2015516220,3004,2,2,2
b7-16-k18-x560-g580,23,2015516220,3004,2,2,2
b7-16-k18-x560-g580,24,2015516220,3004,2,2,2
b7-16-k18-x560-g580,25,2015516220,3004,2,2,2
b7-16-k18-x560-g580,26,2015516220,3004,2,2,2
b7-16-k18-x560-g580,27,2015516220,3004,2,2,2
b7-16-k18-x560-g580,28,2015516220,3004,2,2,2
b7-16-k18-x560-g580,29,2015516220,3004,2,2,2
b7-16-k18-x560-g580,30,2015516220,3004,2,2,2
b7-16-k18-x560-g580,31,2015516220,3004,2,2,2
b7-16-k18-x560-g580,32,2015516220,3004,2,2,2
b7-16-k18-x560-g580,33,2015516220,3004,2,2,2
b7-16-k18-x560-g580,34,2015516220,3004,2,2,2
b7-16-k18-x560-g580,35,2015516220,3004,2,2,2
b7-16-k18-x560-g580,36,2015516220,3004,2,2,2
b7-16-k18-x560-g580,37,2015516220,3004,2,2,2
b7-16-k18-x560-g580,38,2015516220,3004,2,2,2
b7-16-k18-x560-g580,39,2015516220,3004,2,2,2
b7-16-k18-x560-g580,40,2015516220,3004,2,2,2
b7-16-k19-x540-g560,1,3374725112,3000,0,0,0
b7-16-k19-x540-g560,2,3374725112,3000,1,1,1
b7-16-k19-x540-g560,3,3374725112,3000,1,1,1
b7-16-k19-x540-g560,4,3374725112,3000,1,1,1
b7-16-k19-x540-g560,5,2270971442,3002,1,1,1
b7-16-k19-x540-g560,6,2270971442,3002,1,1,1
b7-16-k19-x540-g560,7,2270971442,3002,1,1,1
b7-16-k19-x540-g560,8,2270971442,3002,1,1,1
b7-16-k19-x540-g560,9,2270971442,3002,1,1,1
b7-16-k19-x540-g560,10,2270971442,3002,1,1,1
b7-16-k19-x540-g560,11,2270971442,3002,1,1,1
b7-16-k19-x540-g560,12,2270971442,3002,1,1,1
b7-16-k19-x540-g560,13,2270971442,3002,1,1,1
b7-16-k19-x540-g560,14,2270971442,3002,1,1,1
b7-16-k19-x540-g560,15,2270971442,3002,1,1,1
b7-16-k19-x540-g560,16,2015516220,3004,1,1,1
b7-16-k19-x540-g560,17,2015516220,3004,1,1,1
b7-16-k19-x540-g560,18,2015516220,3004,1,1,1
b7-16-k19-x540-g560,19,2015516220,3004,1,1,1
b7-16-k19-x540-g560,20,2015516220,3004,2,2,2
b7-16-k19-x540-g560,21,2015516220,3004,2,2,2
b7-16-k19-x540-g560,22,2015516220,3004,2,2,2
b7-16-k19-x540-g560,23,2015516220,3004,2,2,2
b7-16-k19-x540-g560,24,2015516220,3004,2,2,2
b7-16-k19-x540-g560,25,2015516220,3004,2,2,2
b7-16-k19-x540-g560,26,2015516220,3004,2,2,2
b7-16-k19-x540-g560,27,2015516220,3004,2,2,2
b7-16-k19-x540-g560,28,2015516220,3004,2,2,2
b7-16-k19-x540-g560,29,2015516220,3004,2,2,2
b7-16-k19-x540-g560,30,2015516220,3004,2,2,2
b7-16-k19-x540-g560,31,2015516220,3004,2,2,2
b7-16-k19-x540-g560,32,2015516220,3004,2,2,2
b7-16-k19-x540-g560,33,2015516220,3004,2,2,2
b7-16-k19-x540-g560,34,2015516220,3004,2,2,2
b7-16-k19-x540-g560,35,2015516220,3004,2,2,2
b7-16-k19-x540-g560,36,2015516220,3004,2,2,2
b7-16-k19-x540-g560,37,2015516220,3004,2,2,2
b7-16-k19-x540-g560,38,2015516220,3004,2,2,2
b7-16-k19-x540-g560,39,2015516220,3004,2,2,2
b7-16-k19-x540-g560,40,2015516220,3004,2,2,2
b7-16-k19-x560-g580,1,3374725112,3000,0,0,0
b7-16-k19-x560-g580,2,3374725112,3000,1,1,1
b7-16-k19-x560-g580,3,3374725112,3000,1,1,1
b7-16-k19-x560-g580,4,3374725112,3000,1,1,1
b7-16-k19-x560-g580,5,2270971442,3002,1,1,1
b7-16-k19-x560-g580,6,2270971442,3002,1,1,1
b7-16-k19-x560-g580,7,2270971442,3002,1,1,1
b7-16-k19-x560-g580,8,2270971442,3002,1,1,1
b7-16-k19-x560-g580,9,2270971442,3002,1,1,1
b7-16-k19-x560-g580,10,2270971442,3002,1,1,1
b7-16-k19-x560-g580,11,2270971442,3002,1,1,1
b7-16-k19-x560-g580,12,2270971442,3002,1,1,1
b7-16-k19-x560-g580,13,2270971442,3002,1,1,1
b7-16-k19-x560-g580,14,2270971442,3002,1,1,1
b7-16-k19-x560-g580,15,2270971442,3002,1,1,1
b7-16-k19-x560-g580,16,2015516220,3004,1,1,1
b7-16-k19-x560-g580,17,2015516220,3004,1,1,1
b7-16-k19-x560-g580,18,2015516220,3004,1,1,1
b7-16-k19-x560-g580,19,2015516220,3004,1,1,1
b7-16-k19-x560-g580,20,2015516220,3004,2,2,2
b7-16-k19-x560-g580,21,2015516220,3004,2,2,2
b7-16-k19-x560-g580,22,2015516220,3004,2,2,2
b7-16-k19-x560-g580,23,2015516220,3004,2,2,2
b7-16-k19-x560-g580,24,2015516220,3004,2,2,2
b7-16-k19-x560-g580,25,2015516220,3004,2,2,2
b7-16-k19-x560-g580,26,2015516220,3004,2,2,2
b7-16-k19-x560-g580,27,2015516220,3004,2,2,2
b7-16-k19-x560-g580,28,2015516220,3004,2,2,2
b7-16-k19-x560-g580,29,2015516220,3004,2,2,2
b7-16-k19-x560-g580,30,2015516220,3004,2,2,2
b7-16-k19-x560-g580,31,2015516220,3004,2,2,2
b7-16-k19-x560-g580,32,2015516220,3004,2,2,2
b7-16-k19-x560-g580,33,2015516220,3004,2,2,2
b7-16-k19-x560-g580,34,2015516220,3004,2,2,2
b7-16-k19-x560-g580,35,2015516220,3004,2,2,2
b7-16-k19-x560-g580,36,2015516220,3004,2,2,2
b7-16-k19-x560-g580,37,2015516220,3004,2,2,2
b7-16-k19-x560-g580,38,2015516220,3004,2,2,2
b7-16-k19-x560-g580,39,2015516220,3004,2,2,2
b7-16-k19-x560-g580,40,2015516220,3004,2,2,2
b8-16-k13-x540-g560,1,3374725112,3000,0,0,0
b8-16-k13-x540-g560,2,3374725112,3000,1,1,1
b8-16-k13-x540-g560,3,3374725112,3000,1,1,1
b8-16-k13-x540-g560,4,3374725112,3000,1,1,1
b8-16-k13-x540-g560,5,2270971442,3002,1,1,1
b8-16-k13-x540-g560,6,2270971442,3002,1,1,1
b8-16-k13-x540-g560,7,2270971442,3002,1,1,1
b8-16-k13-x540-g560,8,2270971442,3002,1,1,1
b8-16-k13-x540-g560,9,2270971442,3002,1,1,1
b8-16-k13-x540-g560,10,2270971442,3002,1,1,1
b8-16-k13-x540-g560,11,2270971442,3002,1,1,1
b8-16-k13-x540-g560,12,2270971442,3002,1,1,1
b8-16-k13-x540-g560,13,2270971442,3002,1,1,1
b8-16-k13-x540-g560,14,2270971442,3002,2,2,2
b8-16-k13-x540-g560,15,2270971442,3002,2,2,2
b8-16-k13-x540-g560,16,2015516220,3004,2,2,2
b8-16-k13-x540-g560,17,2015516220,3004,2,2,2
b8-16-k13-x540-g560,18,2015516220,3004,2,2,2
b8-16-k13-x540-g560,19,2015516220,3004,2,2,2
b8-16-k13-x540-g560,20,2015516220,3004,2,2,2
b8-16-k13-x540-g560,21,2015516220,3004,2,2,2
b8-16-k13-x540-g560,22,2015516220,3004,2,2,2
b8-16-k13-x540-g560,23,2015516220,3004,2,2,2
b8-16-k13-x540-g560,24,2015516220,3004,2,2,2
b8-16-k13-x540-g560,25,2015516220,3004,2,2,2
b8-16-k13-x540-g560,26,2015516220,3004,2,2,2
b8-16-k13-x540-g560,27,2015516220,3004,2,2,2
b8-16-k13-x540-g560,28,2015516220,3004,2,2,2
b8-16-k13-x540-g560,29,2015516220,3004,2,2,2
b8-16-k13-x540-g560,30,2015516220,3004,2,2,2
b8-16-k13-x540-g560,31,2015516220,3004,2,2,2
b8-16-k13-x540-g560,32,2015516220,3004,2,2,2
b8-16-k13-x540-g560,33,2015516220,3004,2,2,2
b8-16-k13-x540-g560,34,2015516220,3004,2,2,2
b8-16-k13-x540-g560,35,2015516220,3004,2,2,2
b8-16-k13-x540-g560,36,2015516220,3004,2,2,2
b8-16-k13-x540-g560,37,2015516220,3004,2,2,2
b8-16-k13-x540-g560,38,2015516220,3004,2,2,2
b8-16-k13-x540-g560,39,2015516220,3004,2,2,2
b8-16-k13-x540-g560,40,2015516220,3004,2,2,2
b8-16-k13-x560-g580,1,3374725112,3000,0,0,0
b8-16-k13-x560-g580,2,3374725112,3000,1,1,1
b8-16-k13-x560-g580,3,3374725112,3000,1,1,1
b8-16-k13-x560-g580,4,3374725112,3000,1,1,1
b8-16-k13-x560-g580,5,2270971442,3002,1,1,1
b8-16-k13-x560-g580,6,2270971442,3002,1,1,1
b8-16-k13-x560-g580,7,2270971442,3002,1,1,1
b8-16-k13-x560-g580,8,2270971442,3002,1,1,1
b8-16-k13-x560-g580,9,2270971442,3002,1,1,1
b8-16-k13-x560-g580,10,2270971442,3002,1,1,1
b8-16-k13-x560-g580,11,2270971442,3002,1,1,1
b8-16-k13-x560-g580,12,2270971442,3002,1,1,1
b8-16-k13-x560-g580,13,2270971442,3002,1,1,1
b8-16-k13-x560-g580,14,2270971442,3002,2,2,2
b8-16-k13-x560-g580,15,2270971442,3002,2,2,2
b8-16-k13-x560-g580,16,2015516220,3004,2,2,2
b8-16-k13-x560-g580,17,2015516220,3004,2,2,2
b8-16-k13-x560-g580,18,2015516220,3004,2,2,2
b8-16-k13-x560-g580,19,2015516220,3004,2,2,2
b8-16-k13-x560-g580,20,2015516220,3004,2,2,2
b8-16-k13-x560-g580,21,2015516220,3004,2,2,2
b8-16-k13-x560-g580,22,2015516220,3004,2,2,2
b8-16-k13-x560-g580,23,2015516220,3004,2,2,2
b8-16-k13-x560-g580,24,2015516220,3004,2,2,2
b8-16-k13-x560-g580,25,2015516220,3004,2,2,2
b8-16-k13-x560-g580,26,2015516220,3004,2,2,2
b8-16-k13-x560-g580,27,2015516220,3004,2,2,2
b8-16-k13-x560-g580,28,2015516220,3004,2,2,2
b8-16-k13-x560-g580,29,2015516220,3004,2,2,2
b8-16-k13-x560-g580,30,2015516220,3004,2,2,2
b8-16-k13-x560-g580,31,2015516220,3004,2,2,2
b8-16-k13-x560-g580,32,2015516220,3004,2,2,2
b8-16-k13-x560-g580,33,2015516220,3004,2,2,2
b8-16-k13-x560-g580,34,2015516220,3004,2,2,2
b8-16-k13-x560-g580,35,2015516220,3004,2,2,2
b8-16-k13-x560-g580,36,2015516220,3004,2,2,2
b8-16-k13-x560-g580,37,2015516220,3004,2,2,2
b8-16-k13-x560-g580,38,2015516220,3004,2,2,2
b8-16-k13-x560-g580,39,2015516220,3004,2,2,2
b8-16-k13-x560-g580,40,2015516220,3004,2,2,2
b8-16-k14-x540-g560,1,3374725112,3000,0,0,0
b8-16-k14-x540-g560,2,3374725112,3000,1,1,1
b8-16-k14-x540-g560,3,3374725112,3000,1,1,1
b8-16-k14-x540-g560,4,3374725112,3000,1,1,1
b8-16-k14-x540-g560,5,2270971442,3002,1,1,1
b8-16-k14-x540-g560,6,2270971442,3002,1,1,1
b8-16-k14-x540-g560,7,2270971442,3002,1,1,1
b8-16-k14-x540-g560,8,2270971442,3002,1,1,1
b8-16-k14-x540-g560,9,2270971442,3002,1,1,1
b8-16-k14-x540-g560,10,2270971442,3002,1,1,1
b8-16-k14-x540-g560,11,2270971442,3002,1,1,1
b8-16-k14-x540-g560,12,2270971442,3002,1,1,1
b8-16-k14-x540-g560,13,2270971442,3002,1,1,1
b8-16-k14-x540-g560,14,2270971442,3002,2,2,2
b8-16-k14-x540-g560,15,2270971442,3002,2,2,2
b8-16-k14-x540-g560,16,2015516220,3004,2,2,2
b8-16-k14-x540-g560,17,2015516220,3004,2,2,2
b8-16-k14-x540-g560,18,2015516220,3004,2,2,2
b8-16-k14-x540-g560,19,2015516220,3004,2,2,2
b8-16-k14-x540-g560,20,2015516220,3004,2,2,2
b8-16-k14-x540-g560,21,2015516220,3004,2,2,2
b8-16-k14-x540-g560,22,2015516220,3004,2,2,2
b8-16-k14-x540-g560,23,2015516220,3004,2,2,2
b8-16-k14-x540-g560,24,2015516220,3004,2,2,2
b8-16-k14-x540-g560,25,2015516220,3004,2,2,2
b8-16-k14-x540-g560,26,2015516220,3004,2,2,2
b8-16-k14-x540-g560,27,2015516220,3004,2,2,2
b8-16-k14-x540-g560,28,2015516220,3004,2,2,2
b8-16-k14-x540-g560,29,2015516220,3004,2,2,2
b8-16-k14-x540-g560,30,2015516220,3004,2,2,2
b8-16-k14-x540-g560,31,2015516220,3004,2,2,2
b8-16-k14-x540-g560,32,2015516220,3004,2,2,2
b8-16-k14-x540-g560,33,2015516220,3004,2,2,2
b8-16-k14-x540-g560,34,2015516220,3004,2,2,2
b8-16-k14-x540-g560,35,2015516220,3004,2,2,2
b8-16-k14-x540-g560,36,2015516220,3004,2,2,2
b8-16-k14-x540-g560,37,2015516220,3004,2,2,2
b8-16-k14-x540-g560,38,2015516220,3004,2,2,2
b8-16-k14-x540-g560,39,2015516220,3004,2,2,2
b8-16-k14-x540-g560,40,2015516220,3004,2,2,2
b8-16-k14-x560-g580,1,3374725112,3000,0,0,0
b8-16-k14-x560-g580,2,3374725112,3000,1,1,1
b8-16-k14-x560-g580,3,3374725112,3000,1,1,1
b8-16-k14-x560-g580,4,3374725112,3000,1,1,1
b8-16-k14-x560-g580,5,2270971442,3002,1,1,1
b8-16-k14-x560-g580,6,2270971442,3002,1,1,1
b8-16-k14-x560-g580,7,2270971442,3002,1,1,1
b8-16-k14-x560-g580,8,2270971442,3002,1,1,1
b8-16-k14-x560-g580,9,2270971442,3002,1,1,1
b8-16-k14-x560-g580,10,2270971442,3002,1,1,1
b8-16-k14-x560-g580,11,2270971442,3002,1,1,1
b8-16-k14-x560-g580,12,2270971442,3002,1,1,1
b8-16-k14-x560-g580,13,2270971442,3002,1,1,1
b8-16-k14-x560-g580,14,2270971442,3002,2,2,2
b8-16-k14-x560-g580,15,2270971442,3002,2,2,2
b8-16-k14-x560-g580,16,2015516220,3004,2,2,2
b8-16-k14-x560-g580,17,2015516220,3004,2,2,2
b8-16-k14-x560-g580,18,2015516220,3004,2,2,2
b8-16-k14-x560-g580,19,2015516220,3004,2,2,2
b8-16-k14-x560-g580,20,2015516220,3004,2,2,2
b8-16-k14-x560-g580,21,2015516220,3004,2,2,2
b8-16-k14-x560-g580,22,2015516220,3004,2,2,2
b8-16-k14-x560-g580,23,2015516220,3004,2,2,2
b8-16-k14-x560-g580,24,2015516220,3004,2,2,2
b8-16-k14-x560-g580,25,2015516220,3004,2,2,2
b8-16-k14-x560-g580,26,2015516220,3004,2,2,2
b8-16-k14-x560-g580,27,2015516220,3004,2,2,2
b8-16-k14-x560-g580,28,2015516220,3004,2,2,2
b8-16-k14-x560-g580,29,2015516220,3004,2,2,2
b8-16-k14-x560-g580,30,2015516220,3004,2,2,2
b8-16-k14-x560-g580,31,2015516220,3004,2,2,2
b8-16-k14-x560-g580,32,2015516220,3004,2,2,2
b8-16-k14-x560-g580,33,2015516220,3004,2,2,2
b8-16-k14-x560-g580,34,2015516220,3004,2,2,2
b8-16-k14-x560-g580,35,2015516220,3004,2,2,2
b8-16-k14-x560-g580,36,2015516220,3004,2,2,2
b8-16-k14-x560-g580,37,2015516220,3004,2,2,2
b8-16-k14-x560-g580,38,2015516220,3004,2,2,2
b8-16-k14-x560-g580,39,2015516220,3004,2,2,2
b8-16-k14-x560-g580,40,2015516220,3004,2,2,2
b8-16-k15-x540-g560,1,3374725112,3000,0,0,0
b8-16-k15-x540-g560,2,3374725112,3000,1,1,1
b8-16-k15-x540-g560,3,3374725112,3000,1,1,1
b8-16-k15-x540-g560,4,3374725112,3000,1,1,1
b8-16-k15-x540-g560,5,2270971442,3002,1,1,1
b8-16-k15-x540-g560,6,2270971442,3002,1,1,1
b8-16-k15-x540-g560,7,2270971442,3002,1,1,1
b8-16-k15-x540-g560,8,2270971442,3002,1,1,1
b8-16-k15-x540-g560,9,2270971442,3002,1,1,1
b8-16-k15-x540-g560,10,2270971442,3002,1,1,1
b8-16-k15-x540-g560,11,2270971442,3002,1,1,1
b8-16-k15-x540-g560,12,2270971442,3002,1,1,1
b8-16-k15-x540-g560,13,2270971442,3002,1,1,1
b8-16-k15-x540-g560,14,2270971442,3002,1,1,1
b8-16-k15-x540-g560,15,2270971442,3002,1,1,1
b8-16-k15-x540-g560,16,2015516220,3004,2,2,2
b8-16-k15-x540-g560,17,2015516220,3004,2,2,2
b8-16-k15-x540-g560,18,2015516220,3004,2,2,2
b8-16-k15-x540-g560,19,2015516220,3004,2,2,2
b8-16-k15-x540-g560,20,2015516220,3004,2,2,2
b8-16-k15-x540-g560,21,2015516220,3004,2,2,2
b8-16-k15-x540-g560,22,2015516220,3004,2,2,2
b8-16-k15-x540-g560,23,2015516220,3004,2,2,2
b8-16-k15-x540-g560,24,2015516220,3004,2,2,2
b8-16-k15-x540-g560,25,2015516220,3004,2,2,2
b8-16-k15-x540-g560,26,2015516220,3004,2,2,2
b8-16-k15-x540-g560,27,2015516220,3004,2,2,2
b8-16-k15-x540-g560,28,2015516220,3004,2,2,2
b8-16-k15-x540-g560,29,2015516220,3004,2,2,2
b8-16-k15-x540-g560,30,2015516220,3004,2,2,2
b8-16-k15-x540-g560,31,2015516220,3004,2,2,2
b8-16-k15-x540-g560,32,2015516220,3004,2,2,2
b8-16-k15-x540-g560,33,2015516220,3004,2,2,2
b8-16-k15-x540-g560,34,2015516220,3004,2,2,2
b8-16-k15-x540-g560,35,2015516220,3004,2,2,2
b8-16-k15-x540-g560,36,2015516220,3004,2,2,2
b8-16-k15-x540-g560,37,2015516220,3004,2,2,2
b8-16-k15-x540-g560,38,2015516220,3004,2,2,2
b8-16-k15-x540-g560,39,2015516220,3004,2,2,2
b8-16-k15-x540-g560,40,2015516220,3004,2,2,2
b8-16-k15-x560-g580,1,3374725112,3000,0,0,0
b8-16-k15-x560-g580,2,3374725112,3000,1,1,1
b8-16-k15-x560-g580,3,3374725112,3000,1,1,1
b8-16-k15-x560-g580,4,3374725112,3000,1,1,1
b8-16-k15-x560-g580,5,2270971442,3002,1,1,1
b8-16-k15-x560-g580,6,2270971442,3002,1,1,1
b8-16-k15-x560-g580,7,2270971442,3002,1,1,1
b8-16-k15-x560-g580,8,2270971442,3002,1,1,1
b8-16-k15-x560-g580,9,2270971442,3002,1,1,1
b8-16-k15-x560-g580,10,2270971442,3002,1,1,1
b8-16-k15-x560-g580,11,2270971442,3002,1,1,1
b8-16-k15-x560-g580,12,2270971442,3002,1,1,1
b8-16-k15-x560-g580,13,2270971442,3002,1,1,1
b8-16-k15-x560-g580,14,2270971442,3002,1,1,1
b8-16-k15-x560-g580,15,2270971442,3002,1,1,1
b8-16-k15-x560-g580,16,2015516220,3004,2,2,2
b8-16-k15-x560-g580,17,2015516220,3004,2,2,2
b8-16-k15-x560-g580,18,2015516220,3004,2,2,2
b8-16-k15-x560-g580,19,2015516220,3004,2,2,2
b8-16-k15-x560-g580,20,2015516220,3004,2,2,2
b8-16-k15-x560-g580,21,2015516220,3004,2,2,2
b8-16-k15-x560-g580,22,2015516220,3004,2,2,2
b8-16-k15-x560-g580,23,2015516220,3004,2,2,2
b8-16-k15-x560-g580,24,2015516220,3004,2,2,2
b8-16-k15-x560-g580,25,2015516220,3004,2,2,2
b8-16-k15-x560-g580,26,2015516220,3004,2,2,2
b8-16-k15-x560-g580,27,2015516220,3004,2,2,2
b8-16-k15-x560-g580,28,2015516220,3004,2,2,2
b8-16-k15-x560-g580,29,2015516220,3004,2,2,2
b8-16-k15-x560-g580,30,2015516220,3004,2,2,2
b8-16-k15-x560-g580,31,2015516220,3004,2,2,2
b8-16-k15-x560-g580,32,2015516220,3004,2,2,2
b8-16-k15-x560-g580,33,2015516220,3004,2,2,2
b8-16-k15-x560-g580,34,2015516220,3004,2,2,2
b8-16-k15-x560-g580,35,2015516220,3004,2,2,2
b8-16-k15-x560-g580,36,2015516220,3004,2,2,2
b8-16-k15-x560-g580,37,2015516220,3004,2,2,2
b8-16-k15-x560-g580,38,2015516220,3004,2,2,2
b8-16-k15-x560-g580,39,2015516220,3004,2,2,2
b8-16-k15-x560-g580,40,2015516220,3004,2,2,2
b8-16-k16-x540-g560,1,3374725112,3000,0,0,0
b8-16-k16-x540-g560,2,3374725112,3000,1,1,1
b8-16-k16-x540-g560,3,3374725112,3000,1,1,1
b8-16-k16-x540-g560,4,3374725112,3000,1,1,1
b8-16-k16-x540-g560,5,2270971442,3002,1,1,1
b8-16-k16-x540-g560,6,2270971442,3002,1,1,1
b8-16-k16-x540-g560,7,2270971442,3002,1,1,1
b8-16-k16-x540-g560,8,2270971442,3002,1,1,1
b8-16-k16-x540-g560,9,2270971442,3002,1,1,1
b8-16-k16-x540-g560,10,2270971442,3002,1,1,1
b8-16-k16-x540-g560,11,2270971442,3002,1,1,1
b8-16-k16-x540-g560,12,2270971442,3002,1,1,1
b8-16-k16-x540-g560,13,2270971442,3002,1,1,1
b8-16-k16-x540-g560,14,2270971442,3002,1,1,1
b8-16-k16-x540-g560,15,2270971442,3002,1,1,1
b8-16-k16-x540-g560,16,2015516220,3004,2,2,2
b8-16-k16-x540-g560,17,2015516220,3004,2,2,2
b8-16-k16-x540-g560,18,2015516220,3004,2,2,2
b8-16-k16-x540-g560,19,2015516220,3004,2,2,2
b8-16-k16-x540-g560,20,2015516220,3004,2,2,2
b8-16-k16-x540-g560,21,2015516220,3004,2,2,2
b8-16-k16-x540-g560,22,2015516220,3004,2,2,2
b8-16-k16-x540-g560,23,2015516220,3004,2,2,2
b8-16-k16-x540-g560,24,2015516220,3004,2,2,2
b8-16-k16-x540-g560,25,2015516220,3004,2,2,2
b8-16-k16-x540-g560,26,2015516220,3004,2,2,2
b8-16-k16-x540-g560,27,2015516220,3004,2,2,2
b8-16-k16-x540-g560,28,2015516220,3004,2,2,2
b8-16-k16-x540-g560,29,2015516220,3004,2,2,2
b8-16-k16-x540-g560,30,2015516220,3004,2,2,2
b8-16-k16-x540-g560,31,2015516220,3004,2,2,2
b8-16-k16-x540-g560,32,2015516220,3004,2,2,2
b8-16-k16-x540-g560,33,2015516220,3004,2,2,2
b8-16-k16-x540-g560,34,2015516220,3004,2,2,2
b8-16-k16-x540-g560,35,2015516220,3004,2,2,2
b8-16-k16-x540-g560,36,2015516220,3004,2,2,2
b8-16-k16-x540-g560,37,2015516220,3004,2,2,2
b8-16-k16-x540-g560,38,2015516220,3004,2,2,2
b8-16-k16-x540-g560,39,2015516220,3004,2,2,2
b8-16-k16-x540-g560,40,2015516220,3004,2,2,2
b8-16-k16-x560-g580,1,3374725112,3000,0,0,0
b8-16-k16-x560-g580,2,3374725112,3000,1,1,1
b8-16-k16-x560-g580,3,3374725112,3000,1,1,1
b8-16-k16-x560-g580,4,3374725112,3000,1,1,1
b8-16-k16-x560-g580,5,2270971442,3002,1,1,1
b8-16-k16-x560-g580,6,2270971442,3002,1,1,1
b8-16-k16-x560-g580,7,2270971442,3002,1,1,1
b8-16-k16-x560-g580,8,2270971442,3002,1,1,1
b8-16-k16-x560-g580,9,2270971442,3002,1,1,1
b8-16-k16-x560-g580,10,2270971442,3002,1,1,1
b8-16-k16-x560-g580,11,2270971442,3002,1,1,1
b8-16-k16-x560-g580,12,2270971442,3002,1,1,1
b8-16-k16-x560-g580,13,2270971442,3002,1,1,1
b8-16-k16-x560-g580,14,2270971442,3002,1,1,1
b8-16-k16-x560-g580,15,2270971442,3002,1,1,1
b8-16-k16-x560-g580,16,2015516220,3004,2,2,2
b8-16-k16-x560-g580,17,2015516220,3004,2,2,2
b8-16-k16-x560-g580,18,2015516220,3004,2,2,2
b8-16-k16-x560-g580,19,2015516220,3004,2,2,2
b8-16-k16-x560-g580,20,2015516220,3004,2,2,2
b8-16-k16-x560-g580,21,2015516220,3004,2,2,2
b8-16-k16-x560-g580,22,2015516220,3004,2,2,2
b8-16-k16-x560-g580,23,2015516220,3004,2,2,2
b8-16-k16-x560-g580,24,2015516220,3004,2,2,2
b8-16-k16-x560-g580,25,2015516220,3004,2,2,2
b8-16-k16-x560-g580,26,2015516220,3004,2,2,2
b8-16-k16-x560-g580,27,2015516220,3004,2,2,2
b8-16-k16-x560-g580,28,2015516220,3004,2,2,2
b8-16-k16-x560-g580,29,2015516220,3004,2,2,2
b8-16-k16-x560-g580,30,2015516220,3004,2,2,2
b8-16-k16-x560-g580,31,2015516220,3004,2,2,2
b8-16-k16-x560-g580,32,2015516220,3004,2,2,2
b8-16-k16-x560-g580,33,2015516220,3004,2,2,2
b8-16-k16-x560-g580,34,2015516220,3004,2,2,2
b8-16-k16-x560-g580,35,2015516220,3004,2,2,2
b8-16-k16-x560-g580,36,2015516220,3004,2,2,2
b8-16-k16-x560-g580,37,2015516220,3004,2,2,2
b8-16-k16-x560-g580,38,2015516220,3004,2,2,2
b8-16-k16-x560-g580,39,2015516220,3004,2,2,2
b8-16-k16-x560-g580,40,2015516220,3004,2,2,2
b8-16-k17-x540-g560,1,3374725112,3000,0,0,0
b8-16-k17-x540-g560,2,3374725112,3000,1,1,1
b8-16-k17-x540-g560,3,3374725112,3000,1,1,1
b8-16-k17-x540-g560,4,3374725112,3000,1,1,1
b8-16-k17-x540-g560,5,2270971442,3002,1,1,1
b8-16-k17-x540-g560,6,2270971442,3002,1,1,1
b8-16-k17-x540-g560,7,2270971442,3002,1,1,1
b8-16-k17-x540-g560,8,2270971442,3002,1,1,1
b8-16-k17-x540-g560,9,2270971442,3002,1,1,1
b8-16-k17-x540-g560,10,2270971442,3002,1,1,1
b8-16-k17-x540-g560,11,2270971442,3002,1,1,1
b8-16-k17-x540-g560,12,2270971442,3002,1,1,1
b8-16-k17-x540-g560,13,2270971442,3002,1,1,1
b8-16-k17-x540-g560,14,2270971442,3002,1,1,1
b8-16-k17-x540-g560,15,2270971442,3002,1,1,1
b8-16-k17-x540-g560,16,2015516220,3004,1,1,1
b8-16-k17-x540-g560,17,2015516220,3004,1,1,1
b8-16-k17-x540-g560,18,2015516220,3004,2,2,2
b8-16-k17-x540-g560,19,2015516220,3004,2,2,2
b8-16-k17-x540-g560,20,2015516220,3004,2,2,2
b8-16-k17-x540-g560,21,2015516220,3004,2,2,2
b8-16-k17-x540-g560,22,2015516220,3004,2,2,2
b8-16-k17-x540-g560,23,2015516220,3004,2,2,2
b8-16-k17-x540-g560,24,2015516220,3004,2,2,2
b8-16-k17-x540-g560,25,2015516220,3004,2,2,2
b8-16-k17-x540-g560,26,2015516220,3004,2,2,2
b8-16-k17-x540-g560,27,2015516220,3004,2,2,2
b8-16-k17-x540-g560,28,2015516220,3004,2,2,2
b8-16-k17-x540-g560,29,2015516220,3004,2,2,2
b8-16-k17-x540-g560,30,2015516220,3004,2,2,2
b8-16-k17-x540-g560,31,2015516220,3004,2,2,2
b8-16-k17-x540-g560,32,2015516220,3004,2,2,2
b8-16-k17-x540-g560,33,2015516220,3004,2,2,2
b8-16-k17-x540-g560,34,2015516220,3004,2,2,2
b8-16-k17-x540-g560,35,2015516220,3004,2,2,2
b8-16-k17-x540-g560,36,2015516220,3004,2,2,2
b8-16-k17-x540-g560,37,2015516220,3004,2,2,2
b8-16-k17-x540-g560,38,2015516220,3004,2,2,2
b8-16-k17-x540-g560,39,2015516220,3004,2,2,2
b8-16-k17-x540-g560,40,2015516220,3004,2,2,2
b8-16-k17-x560-g580,1,3374725112,3000,0,0,0
b8-16-k17-x560-g580,2,3374725112,3000,1,1,1
b8-16-k17-x560-g580,3,3374725112,3000,1,1,1
b8-16-k17-x560-g580,4,3374725112,3000,1,1,1
b8-16-k17-x560-g580,5,2270971442,3002,1,1,1
b8-16-k17-x560-g580,6,2270971442,3002,1,1,1
b8-16-k17-x560-g580,7,2270971442,3002,1,1,1
b8-16-k17-x560-g580,8,2270971442,3002,1,1,1
b8-16-k17-x560-g580,9,2270971442,3002,1,1,1
b8-16-k17-x560-g580,10,2270971442,3002,1,1,1
b8-16-k17-x560-g580,11,2270971442,3002,1,1,1
b8-16-k17-x560-g580,12,2270971442,3002,1,1,1
b8-16-k17-x560-g580,13,2270971442,3002,1,1,1
b8-16-k17-x560-g580,14,2270971442,3002,1,1,1
b8-16-k17-x560-g580,15,2270971442,3002,1,1,1
b8-16-k17-x560-g580,16,2015516220,3004,1,1,1
b8-16-k17-x560-g580,17,2015516220,3004,1,1,1
b8-16-k17-x560-g580,18,2015516220,3004,2,2,2
b8-16-k17-x560-g580,19,2015516220,3004,2,2,2
b8-16-k17-x560-g580,20,2015516220,3004,2,2,2
b8-16-k17-x560-g580,21,2015516220,3004,2,2,2
b8-16-k17-x560-g580,22,2015516220,3004,2,2,2
b8-16-k17-x560-g580,23,2015516220,3004,2,2,2
b8-16-k17-x560-g580,24,2015516220,3004,2,2,2
b8-16-k17-x560-g580,25,2015516220,3004,2,2,2
b8-16-k17-x560-g580,26,2015516220,3004,2,2,2
b8-16-k17-x560-g580,27,2015516220,3004,2,2,2
b8-16-k17-x560-g580,28,2015516220,3004,2,2,2
b8-16-k17-x560-g580,29,2015516220,3004,2,2,2
b8-16-k17-x560-g580,30,2015516220,3004,2,2,2
b8-16-k17-x560-g580,31,2015516220,3004,2,2,2
b8-16-k17-x560-g580,32,2015516220,3004,2,2,2
b8-16-k17-x560-g580,33,2015516220,3004,2,2,2
b8-16-k17-x560-g580,34,2015516220,3004,2,2,2
b8-16-k17-x560-g580,35,2015516220,3004,2,2,2
b8-16-k17-x560-g580,36,2015516220,3004,2,2,2
b8-16-k17-x560-g580,37,2015516220,3004,2,2,2
b8-16-k17-x560-g580,38,2015516220,3004,2,2,2
b8-16-k17-x560-g580,39,2015516220,3004,2,2,2
b8-16-k17-x560-g580,40,2015516220,3004,2,2,2
b8-16-k18-x540-g560,1,3374725112,3000,0,0,0
b8-16-k18-x540-g560,2,3374725112,3000,1,1,1
b8-16-k18-x540-g560,3,3374725112,3000,1,1,1
b8-16-k18-x540-g560,4,3374725112,3000,1,1,1
b8-16-k18-x540-g560,5,2270971442,3002,1,1,1
b8-16-k18-x540-g560,6,2270971442,3002,1,1,1
b8-16-k18-x540-g560,7,2270971442,3002,1,1,1
b8-16-k18-x540-g560,8,2270971442,3002,1,1,1
b8-16-k18-x540-g560,9,2270971442,3002,1,1,1
b8-16-k18-x540-g560,10,2270971442,3002,1,1,1
b8-16-k18-x540-g560,11,2270971442,3002,1,1,1
b8-16-k18-x540-g560,12,2270971442,3002,1,1,1
b8-16-k18-x540-g560,13,2270971442,3002,1,1,1
b8-16-k18-x540-g560,14,2270971442,3002,1,1,1
b8-16-k18-x540-g560,15,2270971442,3002,1,1,1
b8-16-k18-x540-g560,16,2015516220,3004,1,1,1
b8-16-k18-x540-g560,17,2015516220,3004,1,1,1
b8-16-k18-x540-g560,18,2015516220,3004,2,2,2
b8-16-k18-x540-g560,19,2015516220,3004,2,2,2
b8-16-k18-x540-g560,20,2015516220,3004,2,2,2
b8-16-k18-x540-g560,21,2015516220,3004,2,2,2
b8-16-k18-x540-g560,22,2015516220,3004,2,2,2
b8-16-k18-x540-g560,23,2015516220,3004,2,2,2
b8-16-k18-x540-g560,24,2015516220,3004,2,2,2
b8-16-k18-x540-g560,25,2015516220,3004,2,2,2
b8-16-k18-x540-g560,26,2015516220,3004,2,2,2
b8-16-k18-x540-g560,27,2015516220,3004,2,2,2
b8-16-k18-x540-g560,28,2015516220,3004,2,2,2
b8-16-k18-x540-g560,29,2015516220,3004,2,2,2
b8-16-k18-x540-g560,30,2015516220,3004,2,2,2
b8-16-k18-x540-g560,31,2015516220,3004,2,2,2
b8-16-k18-x540-g560,32,2015516220,3004,2,2,2
b8-16-k18-x540-g560,33,2015516220,3004,2,2,2
b8-16-k18-x540-g560,34,2015516220,3004,2,2,2
b8-16-k18-x540-g560,35,2015516220,3004,2,2,2
b8-16-k18-x540-g560,36,2015516220,3004,2,2,2
b8-16-k18-x540-g560,37,2015516220,3004,2,2,2
b8-16-k18-x540-g560,38,2015516220,3004,2,2,2
b8-16-k18-x540-g560,39,2015516220,3004,2,2,2
b8-16-k18-x540-g560,40,2015516220,3004,2,2,2
b8-16-k18-x560-g580,1,3374725112,3000,0,0,0
b8-16-k18-x560-g580,2,3374725112,3000,1,1,1
b8-16-k18-x560-g580,3,3374725112,3000,1,1,1
b8-16-k18-x560-g580,4,3374725112,3000,1,1,1
b8-16-k18-x560-g580,5,2270971442,3002,1,1,1
b8-16-k18-x560-g580,6,2270971442,3002,1,1,1
b8-16-k18-x560-g580,7,2270971442,3002,1,1,1
b8-16-k18-x560-g580,8,2270971442,3002,1,1,1
b8-16-k18-x560-g580,9,2270971442,3002,1,1,1
b8-16-k18-x560-g580,10,2270971442,3002,1,1,1
b8-16-k18-x560-g580,11,2270971442,3002,1,1,1
b8-16-k18-x560-g580,12,2270971442,3002,1,1,1
b8-16-k18-x560-g580,13,2270971442,3002,1,1,1
b8-16-k18-x560-g580,14,2270971442,3002,1,1,1
b8-16-k18-x560-g580,15,2270971442,3002,1,1,1
b8-16-k18-x560-g580,16,2015516220,3004,1,1,1
b8-16-k18-x560-g580,17,2015516220,3004,1,1,1
b8-16-k18-x560-g580,18,2015516220,3004,2,2,2
b8-16-k18-x560-g580,19,2015516220,3004,2,2,2
b8-16-k18-x560-g580,20,2015516220,3004,2,2,2
b8-16-k18-x560-g580,21,2015516220,3004,2,2,2
b8-16-k18-x560-g580,22,2015516220,3004,2,2,2
b8-16-k18-x560-g580,23,2015516220,3004,2,2,2
b8-16-k18-x560-g580,24,2015516220,3004,2,2,2
b8-16-k18-x560-g580,25,2015516220,3004,2,2,2
b8-16-k18-x560-g580,26,2015516220,3004,2,2,2
b8-16-k18-x560-g580,27,2015516220,3004,2,2,2
b8-16-k18-x560-g580,28,2015516220,3004,2,2,2
b8-16-k18-x560-g580,29,2015516220,3004,2,2,2
b8-16-k18-x560-g580,30,2015516220,3004,2,2,2
b8-16-k18-x560-g580,31,2015516220,3004,2,2,2
b8-16-k18-x560-g580,32,2015516220,3004,2,2,2
b8-16-k18-x560-g580,33,2015516220,3004,2,2,2
b8-16-k18-x560-g580,34,2015516220,3004,2,2,2
b8-16-k18-x560-g580,35,2015516220,3004,2,2,2
b8-16-k18-x560-g580,36,2015516220,3004,2,2,2
b8-16-k18-x560-g580,37,2015516220,3004,2,2,2
b8-16-k18-x560-g580,38,2015516220,3004,2,2,2
b8-16-k18-x560-g580,39,2015516220,3004,2,2,2
b8-16-k18-x560-g580,40,2015516220,3004,2,2,2
b8-16-k19-x540-g560,1,3374725112,3000,0,0,0
b8-16-k19-x540-g560,2,3374725112,3000,1,1,1
b8-16-k19-x540-g560,3,3374725112,3000,1,1,1
b8-16-k19-x540-g560,4,3374725112,3000,1,1,1
b8-16-k19-x540-g560,5,2270971442,3002,1,1,1
b8-16-k19-x540-g560,6,2270971442,3002,1,1,1
b8-16-k19-x540-g560,7,2270971442,3002,1,1,1
b8-16-k19-x540-g560,8,2270971442,3002,1,1,1
b8-16-k19-x540-g560,9,2270971442,3002,1,1,1
b8-16-k19-x540-g560,10,2270971442,3002,1,1,1
b8-16-k19-x540-g560,11,2270971442,3002,1,1,1
b8-16-k19-x540-g560,12,2270971442,3002,1,1,1
b8-16-k19-x540-g560,13,2270971442,3002,1,1,1
b8-16-k19-x540-g560,14,2270971442,3002,1,1,1
b8-16-k19-x540-g560,15,2270971442,3002,1,1,1
b8-16-k19-x540-g560,16,2015516220,3004,1,1,1
b8-16-k19-x540-g560,17,2015516220,3004,1,1,1
b8-16-k19-x540-g560,18,2015516220,3004,1,1,1
b8-16-k19-x540-g560,19,2015516220,3004,1,1,1
b8-16-k19-x540-g560,20,2015516220,3004,2,2,2
b8-16-k19-x540-g560,21,2015516220,3004,2,2,2
b8-16-k19-x540-g560,22,2015516220,3004,2,2,2
b8-16-k19-x540-g560,23,2015516220,3004,2,2,2
b8-16-k19-x540-g560,24,2015516220,3004,2,2,2
b8-16-k19-x540-g560,25,2015516220,3004,2,2,2
b8-16-k19-x540-g560,26,2015516220,3004,2,2,2
b8-16-k19-x540-g560,27,2015516220,3004,2,2,2
b8-16-k19-x540-g560,28,2015516220,3004,2,2,2
b8-16-k19-x540-g560,29,2015516220,3004,2,2,2
b8-16-k19-x540-g560,30,2015516220,3004,2,2,2
b8-16-k19-x540-g560,31,2015516220,3004,2,2,2
b8-16-k19-x540-g560,32,2015516220,3004,2,2,2
b8-16-k19-x540-g560,33,2015516220,3004,2,2,2
b8-16-k19-x540-g560,34,2015516220,3004,2,2,2
b8-16-k19-x540-g560,35,2015516220,3004,2,2,2
b8-16-k19-x540-g560,36,2015516220,3004,2,2,2
b8-16-k19-x540-g560,37,2015516220,3004,2,2,2
b8-16-k19-x540-g560,38,2015516220,3004,2,2,2
b8-16-k19-x540-g560,39,2015516220,3004,2,2,2
b8-16-k19-x540-g560,40,2015516220,3004,2,2,2
b8-16-k19-x560-g580,1,3374725112,3000,0,0,0
b8-16-k19-x560-g580,2,3374725112,3000,1,1,1
b8-16-k19-x560-g580,3,3374725112,3000,1,1,1
b8-16-k19-x560-g580,4,3374725112,3000,1,1,1
b8-16-k19-x560-g580,5,2270971442,3002,1,1,1
b8-16-k19-x560-g580,6,2270971442,3002,1,1,1
b8-16-k19-x560-g580,7,2270971442,3002,1,1,1
b8-16-k19-x560-g580,8,2270971442,3002,1,1,1
b8-16-k19-x560-g580,9,2270971442,3002,1,1,1
b8-16-k19-x560-g580,10,2270971442,3002,1,1,1
b8-16-k19-x560-g580,11,2270971442,3002,1,1,1
b8-16-k19-x560-g580,12,2270971442,3002,1,1,1
b8-16-k19-x560-g580,13,2270971442,3002,1,1,1
b8-16-k19-x560-g580,14,2270971442,3002,1,1,1
b8-16-k19-x560-g580,15,2270971442,3002,1,1,1
b8-16-k19-x560-g580,16,2015516220,3004,1,1,1
b8-16-k19-x560-g580,17,2015516220,3004,1,1,1
b8-16-k19-x560-g580,18,2015516220,3004,1,1,1
b8-16-k19-x560-g580,19,2015516220,3004,1,1,1
b8-16-k19-x560-g580,20,2015516220,3004,2,2,2
b8-16-k19-x560-g580,21,2015516220,3004,2,2,2
b8-16-k19-x560-g580,22,2015516220,3004,2,2,2
b8-16-k19-x560-g580,23,2015516220,3004,2,2,2
b8-16-k19-x560-g580,24,2015516220,3004,2,2,2
b8-16-k19-x560-g580,25,2015516220,3004,2,2,2
b8-16-k19-x560-g580,26,2015516220,3004,2,2,2
b8-16-k19-x560-g580,27,2015516220,3004,2,2,2
b8-16-k19-x560-g580,28,2015516220,3004,2,2,2
b8-16-k19-x560-g580,29,2015516220,3004,2,2,2
b8-16-k19-x560-g580,30,2015516220,3004,2,2,2
b8-16-k19-x560-g580,31,2015516220,3004,2,2,2
b8-16-k19-x560-g580,32,2015516220,3004,2,2,2
b8-16-k19-x560-g580,33,2015516220,3004,2,2,2
b8-16-k19-x560-g580,34,2015516220,3004,2,2,2
b8-16-k19-x560-g580,35,2015516220,3004,2,2,2
b8-16-k19-x560-g580,36,2015516220,3004,2,2,2
b8-16-k19-x560-g580,37,2015516220,3004,2,2,2
b8-16-k19-x560-g580,38,2015516220,3004,2,2,2
b8-16-k19-x560-g580,39,2015516220,3004,2,2,2
b8-16-k19-x560-g580,40,2015516220,3004,2,2,2
b9-16-k13-x540-g560,1,3374725112,3000,0,0,0
b9-16-k13-x540-g560,2,3374725112,3000,1,1,1
b9-16-k13-x540-g560,3,3374725112,3000,1,1,1
b9-16-k13-x540-g560,4,3374725112,3000,1,1,1
b9-16-k13-x540-g560,5,2270971442,3002,1,1,1
b9-16-k13-x540-g560,6,2270971442,3002,1,1,1
b9-16-k13-x540-g560,7,2270971442,3002,1,1,1
b9-16-k13-x540-g560,8,2270971442,3002,1,1,1
b9-16-k13-x540-g560,9,2270971442,3002,1,1,1
b9-16-k13-x540-g560,10,2270971442,3002,1,1,1
b9-16-k13-x540-g560,11,2270971442,3002,1,1,1
b9-16-k13-x540-g560,12,2270971442,3002,1,1,1
b9-16-k13-x540-g560,13,2270971442,3002,1,1,1
b9-16-k13-x540-g560,14,2270971442,3002,2,2,2
b9-16-k13-x540-g560,15,2270971442,3002,2,2,2
b9-16-k13-x540-g560,16,2015516220,3004,2,2,2
b9-16-k13-x540-g560,17,2015516220,3004,2,2,2
b9-16-k13-x540-g560,18,2015516220,3004,2,2,2
b9-16-k13-x540-g560,19,2015516220,3004,2,2,2
b9-16-k13-x540-g560,20,2015516220,3004,2,2,2
b9-16-k13-x540-g560,21,2015516220,3004,2,2,2
b9-16-k13-x540-g560,22,2015516220,3004,2,2,2
b9-16-k13-x540-g560,23,2015516220,3004,2,2,2
b9-16-k13-x540-g560,24,2015516220,3004,2,2,2
b9-16-k13-x540-g560,25,2015516220,3004,2,2,2
b9-16-k13-x540-g560,26,2015516220,3004,2,2,2
b9-16-k13-x540-g560,27,2015516220,3004,2,2,2
b9-16-k13-x540-g560,28,2015516220,3004,2,2,2
b9-16-k13-x540-g560,29,2015516220,3004,2,2,2
b9-16-k13-x540-g560,30,2015516220,3004,2,2,2
b9-16-k13-x540-g560,31,2015516220,3004,2,2,2
b9-16-k13-x540-g560,32,2015516220,3004,2,2,2
b9-16-k13-x540-g560,33,2015516220,3004,2,2,2
b9-16-k13-x540-g560,34,2015516220,3004,2,2,2
b9-16-k13-x540-g560,35,2015516220,3004,2,2,2
b9-16-k13-x540-g560,36,2015516220,3004,2,2,2
b9-16-k13-x540-g560,37,2015516220,3004,2,2,2
b9-16-k13-x540-g560,38,2015516220,3004,2,2,2
b9-16-k13-x540-g560,39,2015516220,3004,2,2,2
b9-16-k13-x540-g560,40,2015516220,3004,2,2,2
b9-16-k13-x560-g580,1,3374725112,3000,0,0,0
b9-16-k13-x560-g580,2,3374725112,3000,1,1,1
b9-16-k13-x560-g580,3,3374725112,3000,1,1,1
b9-16-k13-x560-g580,4,3374725112,3000,1,1,1
b9-16-k13-x560-g580,5,2270971442,3002,1,1,1
b9-16-k13-x560-g580,6,2270971442,3002,1,1,1
b9-16-k13-x560-g580,7,2270971442,3002,1,1,1
b9-16-k13-x560-g580,8,2270971442,3002,1,1,1
b9-16-k13-x560-g580,9,2270971442,3002,1,1,1
b9-16-k13-x560-g580,10,2270971442,3002,1,1,1
b9-16-k13-x560-g580,11,2270971442,3002,1,1,1
b9-16-k13-x560-g580,12,2270971442,3002,1,1,1
b9-16-k13-x560-g580,13,2270971442,3002,1,1,1
b9-16-k13-x560-g580,14,2270971442,3002,2,2,2
b9-16-k13-x560-g580,15,2270971442,3002,2,2,2
b9-16-k13-x560-g580,16,2015516220,3004,2,2,2
b9-16-k13-x560-g580,17,2015516220,3004,2,2,2
b9-16-k13-x560-g580,18,2015516220,3004,2,2,2
b9-16-k13-x560-g580,19,2015516220,3004,2,2,2
b9-16-k13-x560-g580,20,2015516220,3004,2,2,2
b9-16-k13-x560-g580,21,2015516220,3004,2,2,2
b9-16-k13-x560-g580,22,2015516220,3004,2,2,2
b9-16-k13-x560-g580,23,2015516220,3004,2,2,2
b9-16-k13-x560-g580,24,2015516220,3004,2,2,2
b9-16-k13-x560-g580,25,2015516220,3004,2,2,2
b9-16-k13-x560-g580,26,2015516220,3004,2,2,2
b9-16-k13-x560-g580,27,2015516220,3004,2,2,2
b9-16-k13-x560-g580,28,2015516220,3004,2,2,2
b9-16-k13-x560-g580,29,2015516220,3004,2,2,2
b9-16-k13-x560-g580,30,2015516220,3004,2,2,2
b9-16-k13-x560-g580,31,2015516220,3004,2,2,2
b9-16-k13-x560-g580,32,2015516220,3004,2,2,2
b9-16-k13-x560-g580,33,2015516220,3004,2,2,2
b9-16-k13-x560-g580,34,2015516220,3004,2,2,2
b9-16-k13-x560-g580,35,2015516220,3004,2,2,2
b9-16-k13-x560-g580,36,2015516220,3004,2,2,2
b9-16-k13-x560-g580,37,2015516220,3004,2,2,2
b9-16-k13-x560-g580,38,2015516220,3004,2,2,2
b9-16-k13-x560-g580,39,2015516220,3004,2,2,2
b9-16-k13-x560-g580,40,2015516220,3004,2,2,2
b9-16-k14-x540-g560,1,3374725112,3000,0,0,0
b9-16-k14-x540-g560,2,3374725112,3000,1,1,1
b9-16-k14-x540-g560,3,3374725112,3000,1,1,1
b9-16-k14-x540-g560,4,3374725112,3000,1,1,1
b9-16-k14-x540-g560,5,2270971442,3002,1,1,1
b9-16-k14-x540-g560,6,2270971442,3002,1,1,1
b9-16-k14-x540-g560,7,2270971442,3002,1,1,1
b9-16-k14-x540-g560,8,2270971442,3002,1,1,1
b9-16-k14-x540-g560,9,2270971442,3002,1,1,1
b9-16-k14-x540-g560,10,2270971442,3002,1,1,1
b9-16-k14-x540-g560,11,2270971442,3002,1,1,1
b9-16-k14-x540-g560,12,2270971442,3002,1,1,1
b9-16-k14-x540-g560,13,2270971442,3002,1,1,1
b9-16-k14-x540-g560,14,2270971442,3002,2,2,2
b9-16-k14-x540-g560,15,2270971442,3002,2,2,2
b9-16-k14-x540-g560,16,2015516220,3004,2,2,2
b9-16-k14-x540-g560,17,2015516220,3004,2,2,2
b9-16-k14-x540-g560,18,2015516220,3004,2,2,2
b9-16-k14-x540-g560,19,2015516220,3004,2,2,2
b9-16-k14-x540-g560,20,2015516220,3004,2,2,2
b9-16-k14-x540-g560,21,2015516220,3004,2,2,2
b9-16-k14-x540-g560,22,2015516220,3004,2,2,2
b9-16-k14-x540-g560,23,2015516220,3004,2,2,2
b9-16-k14-x540-g560,24,2015516220,3004,2,2,2
b9-16-k14-x540-g560,25,2015516220,3004,2,2,2
b9-16-k14-x540-g560,26,2015516220,3004,2,2,2
b9-16-k14-x540-g560,27,2015516220,3004,2,2,2
b9-16-k14-x540-g560,28,2015516220,3004,2,2,2
b9-16-k14-x540-g560,29,2015516220,3004,2,2,2
b9-16-k14-x540-g560,30,2015516220,3004,2,2,2
b9-16-k14-x540-g560,31,2015516220,3004,2,2,2
b9-16-k14-x540-g560,32,2015516220,3004,2,2,2
b9-16-k14-x540-g560,33,2015516220,3004,2,2,2
b9-16-k14-x540-g560,34,2015516220,3004,2,2,2
b9-16-k14-x540-g560,35,2015516220,3004,2,2,2
b9-16-k14-x540-g560,36,2015516220,3004,2,2,2
b9-16-k14-x540-g560,37,2015516220,3004,2,2,2
b9-16-k14-x540-g560,38,2015516220,3004,2,2,2
b9-16-k14-x540-g560,39,2015516220,3004,2,2,2
b9-16-k14-x540-g560,40,2015516220,3004,2,2,2
b9-16-k14-x560-g580,1,3374725112,3000,0,0,0
b9-16-k14-x560-g580,2,3374725112,3000,1,1,1
b9-16-k14-x560-g580,3,3374725112,3000,1,1,1
b9-16-k14-x560-g580,4,3374725112,3000,1,1,1
b9-16-k14-x560-g580,5,2270971442,3002,1,1,1
b9-16-k14-x560-g580,6,2270971442,3002,1,1,1
b9-16-k14-x560-g580,7,2270971442,3002,1,1,1
b9-16-k14-x560-g580,8,2270971442,3002,1,1,1
b9-16-k14-x560-g580,9,2270971442,3002,1,1,1
b9-16-k14-x560-g580,10,2270971442,3002,1,1,1
b9-16-k14-x560-g580,11,2270971442,3002,1,1,1
b9-16-k14-x560-g580,12,2270971442,3002,1,1,1
b9-16-k14-x560-g580,13,2270971442,3002,1,1,1
b9-16-k14-x560-g580,14,2270971442,3002,2,2,2
b9-16-k14-x560-g580,15,2270971442,3002,2,2,2
b9-16-k14-x560-g580,16,2015516220,3004,2,2,2
b9-16-k14-x560-g580,17,2015516220,3004,2,2,2
b9-16-k14-x560-g580,18,2015516220,3004,2,2,2
b9-16-k14-x560-g580,19,2015516220,3004,2,2,2
b9-16-k14-x560-g580,20,2015516220,3004,2,2,2
b9-16-k14-x560-g580,21,2015516220,3004,2,2,2
b9-16-k14-x560-g580,22,2015516220,3004,2,2,2
b9-16-k14-x560-g580,23,2015516220,3004,2,2,2
b9-16-k14-x560-g580,24,2015516220,3004,2,2,2
b9-16-k14-x560-g580,25,2015516220,3004,2,2,2
b9-16-k14-x560-g580,26,2015516220,3004,2,2,2
b9-16-k14-x560-g580,27,2015516220,3004,2,2,2
b9-16-k14-x560-g580,28,2015516220,3004,2,2,2
b9-16-k14-x560-g580,29,2015516220,3004,2,2,2
b9-16-k14-x560-g580,30,2015516220,3004,2,2,2
b9-16-k14-x560-g580,31,2015516220,3004,2,2,2
b9-16-k14-x560-g580,32,2015516220,3004,2,2,2
b9-16-k14-x560-g580,33,2015516220,3004,2,2,2
b9-16-k14-x560-g580,34,2015516220,3004,2,2,2
b9-16-k14-x560-g580,35,2015516220,3004,2,2,2
b9-16-k14-x560-g580,36,2015516220,3004,2,2,2
b9-16-k14-x560-g580,37,2015516220,3004,2,2,2
b9-16-k14-x560-g580,38,2015516220,3004,2,2,2
b9-16-k14-x560-g580,39,2015516220,3004,2,2,2
b9-16-k14-x560-g580,40,2015516220,3004,2,2,2
b9-16-k15-x540-g560,1,3374725112,3000,0,0,0
b9-16-k15-x540-g560,2,3374725112,3000,1,1,1
b9-16-k15-x540-g560,3,3374725112,3000,1,1,1
b9-16-k15-x540-g560,4,3374725112,3000,1,1,1
b9-16-k15-x540-g560,5,2270971442,3002,1,1,1
b9-16-k15-x540-g560,6,2270971442,3002,1,1,1
b9-16-k15-x540-g560,7,2270971442,3002,1,1,1
b9-16-k15-x540-g560,8,2270971442,3002,1,1,1
b9-16-k15-x540-g560,9,2270971442,3002,1,1,1
b9-16-k15-x540-g560,10,2270971442,3002,1,1,1
b9-16-k15-x540-g560,11,2270971442,3002,1,1,1
b9-16-k15-x540-g560,12,2270971442,3002,1,1,1
b9-16-k15-x540-g560,13,2270971442,3002,1,1,1
b9-16-k15-x540-g560,14,2270971442,3002,1,1,1
b9-16-k15-x540-g560,15,2270971442,3002,1,1,1
b9-16-k15-x540-g560,16,2015516220,3004,2,2,2
b9-16-k15-x540-g560,17,2015516220,3004,2,2,2
b9-16-k15-x540-g560,18,2015516220,3004,2,2,2
b9-16-k15-x540-g560,19,2015516220,3004,2,2,2
b9-16-k15-x540-g560,20,2015516220,3004,2,2,2
b9-16-k15-x540-g560,21,2015516220,3004,2,2,2
b9-16-k15-x540-g560,22,2015516220,3004,2,2,2
b9-16-k15-x540-g560,23,2015516220,3004,2,2,2
b9-16-k15-x540-g560,24,2015516220,3004,2,2,2
b9-16-k15-x540-g560,25,2015516220,3004,2,2,2
b9-16-k15-x540-g560,26,2015516220,3004,2,2,2
b9-16-k15-x540-g560,27,2015516220,3004,2,2,2
b9-16-k15-x540-g560,28,2015516220,3004,2,2,2
b9-16-k15-x540-g560,29,2015516220,3004,2,2,2
b9-16-k15-x540-g560,30,2015516220,3004,2,2,2
b9-16-k15-x540-g560,31,2015516220,3004,2,2,2
b9-16-k15-x540-g560,32,2015516220,3004,2,2,2
b9-16-k15-x540-g560,33,2015516220,3004,2,2,2
b9-16-k15-x540-g560,34,2015516220,3004,2,2,2
b9-16-k15-x540-g560,35,2015516220,3004,2,2,2
b9-16-k15-x540-g560,36,2015516220,3004,2,2,2
b9-16-k15-x540-g560,37,2015516220,3004,2,2,2
b9-16-k15-x540-g560,38,2015516220,3004,2,2,2
b9-16-k15-x540-g560,39,2015516220,3004,2,2,2
b9-16-k15-x540-g560,40,2015516220,3004,2,2,2
b9-16-k15-x560-g580,1,3374725112,3000,0,0,0
b9-16-k15-x560-g580,2,3374725112,3000,1,1,1
b9-16-k15-x560-g580,3,3374725112,3000,1,1,1
b9-16-k15-x560-g580,4,3374725112,3000,1,1,1
b9-16-k15-x560-g580,5,2270971442,3002,1,1,1
b9-16-k15-x560-g580,6,2270971442,3002,1,1,1
b9-16-k15-x560-g580,7,2270971442,3002,1,1,1
b9-16-k15-x560-g580,8,2270971442,3002,1,1,1
b9-16-k15-x560-g580,9,2270971442,3002,1,1,1
b9-16-k15-x560-g580,10,2270971442,3002,1,1,1
b9-16-k15-x560-g580,11,2270971442,3002,1,1,1
b9-16-k15-x560-g580,12,2270971442,3002,1,1,1
b9-16-k15-x560-g580,13,2270971442,3002,1,1,1
b9-16-k15-x560-g580,14,2270971442,3002,1,1,1
b9-16-k15-x560-g580,15,2270971442,3002,1,1,1
b9-16-k15-x560-g580,16,2015516220,3004,2,2,2
b9-16-k15-x560-g580,17,2015516220,3004,2,2,2
b9-16-k15-x560-g580,18,2015516220,3004,2,2,2
b9-16-k15-x560-g580,19,2015516220,3004,2,2,2
b9-16-k15-x560-g580,20,2015516220,3004,2,2,2
b9-16-k15-x560-g580,21,2015516220,3004,2,2,2
b9-16-k15-x560-g580,22,2015516220,3004,2,2,2
b9-16-k15-x560-g580,23,2015516220,3004,2,2,2
b9-16-k15-x560-g580,24,2015516220,3004,2,2,2
b9-16-k15-x560-g580,25,2015516220,3004,2,2,2
b9-16-k15-x560-g580,26,2015516220,3004,2,2,2
b9-16-k15-x560-g580,27,2015516220,3004,2,2,2
b9-16-k15-x560-g580,28,2015516220,3004,2,2,2
b9-16-k15-x560-g580,29,2015516220,3004,2,2,2
b9-16-k15-x560-g580,30,2015516220,3004,2,2,2
b9-16-k15-x560-g580,31,2015516220,3004,2,2,2
b9-16-k15-x560-g580,32,2015516220,3004,2,2,2
b9-16-k15-x560-g580,33,2015516220,3004,2,2,2
b9-16-k15-x560-g580,34,2015516220,3004,2,2,2
b9-16-k15-x560-g580,35,2015516220,3004,2,2,2
b9-16-k15-x560-g580,36,2015516220,3004,2,2,2
b9-16-k15-x560-g580,37,2015516220,3004,2,2,2
b9-16-k15-x560-g580,38,2015516220,3004,2,2,2
b9-16-k15-x560-g580,39,2015516220,3004,2,2,2
b9-16-k15-x560-g580,40,2015516220,3004,2,2,2
b9-16-k16-x540-g560,1,3374725112,3000,0,0,0
b9-16-k16-x540-g560,2,3374725112,3000,1,1,1
b9-16-k16-x540-g560,3,3374725112,3000,1,1,1
b9-16-k16-x540-g560,4,3374725112,3000,1,1,1
b9-16-k16-x540-g560,5,2270971442,3002,1,1,1
b9-16-k16-x540-g560,6,2270971442,3002,1,1,1
b9-16-k16-x540-g560,7,2270971442,3002,1,1,1
b9-16-k16-x540-g560,8,2270971442,3002,1,1,1
b9-16-k16-x540-g560,9,2270971442,3002,1,1,1
b9-16-k16-x540-g560,10,2270971442,3002,1,1,1
b9-16-k16-x540-g560,11,2270971442,3002,1,1,1
b9-16-k16-x540-g560,12,2270971442,3002,1,1,1
b9-16-k16-x540-g560,13,2270971442,3002,1,1,1
b9-16-k16-x540-g560,14,2270971442,3002,1,1,1
b9-16-k16-x540-g560,15,2270971442,3002,1,1,1
b9-16-k16-x540-g560,16,2015516220,3004,2,2,2
b9-16-k16-x540-g560,17,2015516220,3004,2,2,2
b9-16-k16-x540-g560,18,2015516220,3004,2,2,2
b9-16-k16-x540-g560,19,2015516220,3004,2,2,2
b9-16-k16-x540-g560,20,2015516220,3004,2,2,2
b9-16-k16-x540-g560,21,2015516220,3004,2,2,2
b9-16-k16-x540-g560,22,2015516220,3004,2,2,2
b9-16-k16-x540-g560,23,2015516220,3004,2,2,2
b9-16-k16-x540-g560,24,2015516220,3004,2,2,2
b9-16-k16-x540-g560,25,2015516220,3004,2,2,2
b9-16-k16-x540-g560,26,2015516220,3004,2,2,2
b9-16-k16-x540-g560,27,2015516220,3004,2,2,2
b9-16-k16-x540-g560,28,2015516220,3004,2,2,2
b9-16-k16-x540-g560,29,2015516220,3004,2,2,2
b9-16-k16-x540-g560,30,2015516220,3004,2,2,2
b9-16-k16-x540-g560,31,2015516220,3004,2,2,2
b9-16-k16-x540-g560,32,2015516220,3004,2,2,2
b9-16-k16-x540-g560,33,2015516220,3004,2,2,2
b9-16-k16-x540-g560,34,2015516220,3004,2,2,2
b9-16-k16-x540-g560,35,2015516220,3004,2,2,2
b9-16-k16-x540-g560,36,2015516220,3004,2,2,2
b9-16-k16-x540-g560,37,2015516220,3004,2,2,2
b9-16-k16-x540-g560,38,2015516220,3004,2,2,2
b9-16-k16-x540-g560,39,2015516220,3004,2,2,2
b9-16-k16-x540-g560,40,2015516220,3004,2,2,2
b9-16-k16-x560-g580,1,3374725112,3000,0,0,0
b9-16-k16-x560-g580,2,3374725112,3000,1,1,1
b9-16-k16-x560-g580,3,3374725112,3000,1,1,1
b9-16-k16-x560-g580,4,3374725112,3000,1,1,1
b9-16-k16-x560-g580,5,2270971442,3002,1,1,1
b9-16-k16-x560-g580,6,2270971442,3002,1,1,1
b9-16-k16-x560-g580,7,2270971442,3002,1,1,1
b9-16-k16-x560-g580,8,2270971442,3002,1,1,1
b9-16-k16-x560-g580,9,2270971442,3002,1,1,1
b9-16-k16-x560-g580,10,2270971442,3002,1,1,1
b9-16-k16-x560-g580,11,2270971442,3002,1,1,1
b9-16-k16-x560-g580,12,2270971442,3002,1,1,1
b9-16-k16-x560-g580,13,2270971442,3002,1,1,1
b9-16-k16-x560-g580,14,2270971442,3002,1,1,1
b9-16-k16-x560-g580,15,2270971442,3002,1,1,1
b9-16-k16-x560-g580,16,2015516220,3004,2,2,2
b9-16-k16-x560-g580,17,2015516220,3004,2,2,2
b9-16-k16-x560-g580,18,2015516220,3004,2,2,2
b9-16-k16-x560-g580,19,2015516220,3004,2,2,2
b9-16-k16-x560-g580,20,2015516220,3004,2,2,2
b9-16-k16-x560-g580,21,2015516220,3004,2,2,2
b9-16-k16-x560-g580,22,2015516220,3004,2,2,2
b9-16-k16-x560-g580,23,2015516220,3004,2,2,2
b9-16-k16-x560-g580,24,2015516220,3004,2,2,2
b9-16-k16-x560-g580,25,2015516220,3004,2,2,2
b9-16-k16-x560-g580,26,2015516220,3004,2,2,2
b9-16-k16-x560-g580,27,2015516220,3004,2,2,2
b9-16-k16-x560-g580,28,2015516220,3004,2,2,2
b9-16-k16-x560-g580,29,2015516220,3004,2,2,2
b9-16-k16-x560-g580,30,2015516220,3004,2,2,2
b9-16-k16-x560-g580,31,2015516220,3004,2,2,2
b9-16-k16-x560-g580,32,2015516220,3004,2,2,2
b9-16-k16-x560-g580,33,2015516220,3004,2,2,2
b9-16-k16-x560-g580,34,2015516220,3004,2,2,2
b9-16-k16-x560-g580,35,2015516220,3004,2,2,2
b9-16-k16-x560-g580,36,2015516220,3004,2,2,2
b9-16-k16-x560-g580,37,2015516220,3004,2,2,2
b9-16-k16-x560-g580,38,2015516220,3004,2,2,2
b9-16-k16-x560-g580,39,2015516220,3004,2,2,2
b9-16-k16-x560-g580,40,2015516220,3004,2,2,2
b9-16-k17-x540-g560,1,3374725112,3000,0,0,0
b9-16-k17-x540-g560,2,3374725112,3000,1,1,1
b9-16-k17-x540-g560,3,3374725112,3000,1,1,1
b9-16-k17-x540-g560,4,3374725112,3000,1,1,1
b9-16-k17-x540-g560,5,2270971442,3002,1,1,1
b9-16-k17-x540-g560,6,2270971442,3002,1,1,1
b9-16-k17-x540-g560,7,2270971442,3002,1,1,1
b9-16-k17-x540-g560,8,2270971442,3002,1,1,1
b9-16-k17-x540-g560,9,2270971442,3002,1,1,1
b9-16-k17-x540-g560,10,2270971442,3002,1,1,1
b9-16-k17-x540-g560,11,2270971442,3002,1,1,1
b9-16-k17-x540-g560,12,2270971442,3002,1,1,1
b9-16-k17-x540-g560,13,2270971442,3002,1,1,1
b9-16-k17-x540-g560,14,2270971442,3002,1,1,1
b9-16-k17-x540-g560,15,2270971442,3002,1,1,1
b9-16-k17-x540-g560,16,2015516220,3004,1,1,1
b9-16-k17-x540-g560,17,2015516220,3004,1,1,1
b9-16-k17-x540-g560,18,2015516220,3004,2,2,2
b9-16-k17-x540-g560,19,2015516220,3004,2,2,2
b9-16-k17-x540-g560,20,2015516220,3004,2,2,2
b9-16-k17-x540-g560,21,2015516220,3004,2,2,2
b9-16-k17-x540-g560,22,2015516220,3004,2,2,2
b9-16-k17-x540-g560,23,2015516220,3004,2,2,2
b9-16-k17-x540-g560,24,2015516220,3004,2,2,2
b9-16-k17-x540-g560,25,2015516220,3004,2,2,2
b9-16-k17-x540-g560,26,2015516220,3004,2,2,2
b9-16-k17-x540-g560,27,2015516220,3004,2,2,2
b9-16-k17-x540-g560,28,2015516220,3004,2,2,2
b9-16-k17-x540-g560,29,2015516220,3004,2,2,2
b9-16-k17-x540-g560,30,2015516220,3004,2,2,2
b9-16-k17-x540-g560,31,2015516220,3004,2,2,2
b9-16-k17-x540-g560,32,2015516220,3004,2,2,2
b9-16-k17-x540-g560,33,2015516220,3004,2,2,2
b9-16-k17-x540-g560,34,2015516220,3004,2,2,2
b9-16-k17-x540-g560,35,2015516220,3004,2,2,2
b9-16-k17-x540-g560,36,2015516220,3004,2,2,2
b9-16-k17-x540-g560,37,2015516220,3004,2,2,2
b9-16-k17-x540-g560,38,2015516220,3004,2,2,2
b9-16-k17-x540-g560,39,2015516220,3004,2,2,2
b9-16-k17-x540-g560,40,2015516220,3004,2,2,2
b9-16-k17-x560-g580,1,3374725112,3000,0,0,0
b9-16-k17-x560-g580,2,3374725112,3000,1,1,1
b9-16-k17-x560-g580,3,3374725112,3000,1,1,1
b9-16-k17-x560-g580,4,3374725112,3000,1,1,1
b9-16-k17-x560-g580,5,2270971442,3002,1,1,1
b9-16-k17-x560-g580,6,2270971442,3002,1,1,1
b9-16-k17-x560-g580,7,2270971442,3002,1,1,1
b9-16-k17-x560-g580,8,2270971442,3002,1,1,1
b9-16-k17-x560-g580,9,2270971442,3002,1,1,1
b9-16-k17-x560-g580,10,2270971442,3002,1,1,1
b9-16-k17-x560-g580,11,2270971442,3002,1,1,1
b9-16-k17-x560-g580,12,2270971442,3002,1,1,1
b9-16-k17-x560-g580,13,2270971442,3002,1,1,1
b9-16-k17-x560-g580,14,2270971442,3002,1,1,1
b9-16-k17-x560-g580,15,2270971442,3002,1,1,1
b9-16-k17-x560-g580,16,2015516220,3004,1,1,1
b9-16-k17-x560-g580,17,2015516220,3004,1,1,1
b9-16-k17-x560-g580,18,2015516220,3004,2,2,2
b9-16-k17-x560-g580,19,2015516220,3004,2,2,2
b9-16-k17-x560-g580,20,2015516220,3004,2,2,2
b9-16-k17-x560-g580,21,2015516220,3004,2,2,2
b9-16-k17-x560-g580,22,2015516220,3004,2,2,2
b9-16-k17-x560-g580,23,2015516220,3004,2,2,2
b9-16-k17-x560-g580,24,2015516220,3004,2,2,2
b9-16-k17-x560-g580,25,2015516220,3004,2,2,2
b9-16-k17-x560-g580,26,2015516220,3004,2,2,2
b9-16-k17-x560-g580,27,2015516220,3004,2,2,2
b9-16-k17-x560-g580,28,2015516220,3004,2,2,2
b9-16-k17-x560-g580,29,2015516220,3004,2,2,2
b9-16-k17-x560-g580,30,2015516220,3004,2,2,2
b9-16-k17-x560-g580,31,2015516220,3004,2,2,2
b9-16-k17-x560-g580,32,2015516220,3004,2,2,2
b9-16-k17-x560-g580,33,2015516220,3004,2,2,2
b9-16-k17-x560-g580,34,2015516220,3004,2,2,2
b9-16-k17-x560-g580,35,2015516220,3004,2,2,2
b9-16-k17-x560-g580,36,2015516220,3004,2,2,2
b9-16-k17-x560-g580,37,2015516220,3004,2,2,2
b9-16-k17-x560-g580,38,2015516220,3004,2,2,2
b9-16-k17-x560-g580,39,2015516220,3004,2,2,2
b9-16-k17-x560-g580,40,2015516220,3004,2,2,2
b9-16-k18-x540-g560,1,3374725112,3000,0,0,0
b9-16-k18-x540-g560,2,3374725112,3000,1,1,1
b9-16-k18-x540-g560,3,3374725112,3000,1,1,1
b9-16-k18-x540-g560,4,3374725112,3000,1,1,1
b9-16-k18-x540-g560,5,2270971442,3002,1,1,1
b9-16-k18-x540-g560,6,2270971442,3002,1,1,1
b9-16-k18-x540-g560,7,2270971442,3002,1,1,1
b9-16-k18-x540-g560,8,2270971442,3002,1,1,1
b9-16-k18-x540-g560,9,2270971442,3002,1,1,1
b9-16-k18-x540-g560,10,2270971442,3002,1,1,1
b9-16-k18-x540-g560,11,2270971442,3002,1,1,1
b9-16-k18-x540-g560,12,2270971442,3002,1,1,1
b9-16-k18-x540-g560,13,2270971442,3002,1,1,1
b9-16-k18-x540-g560,14,2270971442,3002,1,1,1
b9-16-k18-x540-g560,15,2270971442,3002,1,1,1
b9-16-k18-x540-g560,16,2015516220,3004,1,1,1
b9-16-k18-x540-g560,17,2015516220,3004,1,1,1
b9-16-k18-x540-g560,18,2015516220,3004,2,2,2
b9-16-k18-x540-g560,19,2015516220,3004,2,2,2
b9-16-k18-x540-g560,20,2015516220,3004,2,2,2
b9-16-k18-x540-g560,21,2015516220,3004,2,2,2
b9-16-k18-x540-g560,22,2015516220,3004,2,2,2
b9-16-k18-x540-g560,23,2015516220,3004,2,2,2
b9-16-k18-x540-g560,24,2015516220,3004,2,2,2
b9-16-k18-x540-g560,25,2015516220,3004,2,2,2
b9-16-k18-x540-g560,26,2015516220,3004,2,2,2
b9-16-k18-x540-g560,27,2015516220,3004,2,2,2
b9-16-k18-x540-g560,28,2015516220,3004,2,2,2
b9-16-k18-x540-g560,29,2015516220,3004,2,2,2
b9-16-k18-x540-g560,30,2015516220,3004,2,2,2
b9-16-k18-x540-g560,31,2015516220,3004,2,2,2
b9-16-k18-x540-g560,32,2015516220,3004,2,2,2
b9-16-k18-x540-g560,33,2015516220,3004,2,2,2
b9-16-k18-x540-g560,34,2015516220,3004,2,2,2
b9-16-k18-x540-g560,35,2015516220,3004,2,2,2
b9-16-k18-x540-g560,36,2015516220,3004,2,2,2
b9-16-k18-x540-g560,37,2015516220,3004,2,2,2
b9-16-k18-x540-g560,38,2015516220,3004,2,2,2
b9-16-k18-x540-g560,39,2015516220,3004,2,2,2
b9-16-k18-x540-g560,40,2015516220,3004,2,2,2
b9-16-k18-x560-g580,1,3374725112,3000,0,0,0
b9-16-k18-x560-g580,2,3374725112,3000,1,1,1
b9-16-k18-x560-g580,3,3374725112,3000,1,1,1
b9-16-k18-x560-g580,4,3374725112,3000,1,1,1
b9-16-k18-x560-g580,5,2270971442,3002,1,1,1
b9-16-k18-x560-g580,6,2270971442,3002,1,1,1
b9-16-k18-x560-g580,7,2270971442,3002,1,1,1
b9-16-k18-x560-g580,8,2270971442,3002,1,1,1
b9-16-k18-x560-g580,9,2270971442,3002,1,1,1
b9-16-k18-x560-g580,10,2270971442,3002,1,1,1
b9-16-k18-x560-g580,11,2270971442,3002,1,1,1
b9-16-k18-x560-g580,12,2270971442,3002,1,1,1
b9-16-k18-x560-g580,13,2270971442,3002,1,1,1
b9-16-k18-x560-g580,14,2270971442,3002,1,1,1
b9-16-k18-x560-g580,15,2270971442,3002,1,1,1
b9-16-k18-x560-g580,16,2015516220,3004,1,1,1
b9-16-k18-x560-g580,17,2015516220,3004,1,1,1
b9-16-k18-x560-g580,18,2015516220,3004,2,2,2
b9-16-k18-x560-g580,19,2015516220,3004,2,2,2
b9-16-k18-x560-g580,20,2015516220,3004,2,2,2
b9-16-k18-x560-g580,21,2015516220,3004,2,2,2
b9-16-k18-x560-g580,22,2015516220,3004,2,2,2
b9-16-k18-x560-g580,23,2015516220,3004,2,2,2
b9-16-k18-x560-g580,24,2015516220,3004,2,2,2
b9-16-k18-x560-g580,25,2015516220,3004,2,2,2
b9-16-k18-x560-g580,26,2015516220,3004,2,2,2
b9-16-k18-x560-g580,27,2015516220,3004,2,2,2
b9-16-k18-x560-g580,28,2015516220,3004,2,2,2
b9-16-k18-x560-g580,29,2015516220,3004,2,2,2
b9-16-k18-x560-g580,30,2015516220,3004,2,2,2
b9-16-k18-x560-g580,31,2015516220,3004,2,2,2
b9-16-k18-x560-g580,32,2015516220,3004,2,2,2
b9-16-k18-x560-g580,33,2015516220,3004,2,2,2
b9-16-k18-x560-g580,34,2015516220,3004,2,2,2
b9-16-k18-x560-g580,35,2015516220,3004,2,2,2
b9-16-k18-x560-g580,36,2015516220,3004,2,2,2
b9-16-k18-x560-g580,37,2015516220,3004,2,2,2
b9-16-k18-x560-g580,38,2015516220,3004,2,2,2
b9-16-k18-x560-g580,39,2015516220,3004,2,2,2
b9-16-k18-x560-g580,40,2015516220,3004,2,2,2
b9-16-k19-x540-g560,1,3374725112,3000,0,0,0
b9-16-k19-x540-g560,2,3374725112,3000,1,1,1
b9-16-k19-x540-g560,3,3374725112,3000,1,1,1
b9-16-k19-x540-g560,4,3374725112,3000,1,1,1
b9-16-k19-x540-g560,5,2270971442,3002,1,1,1
b9-16-k19-x540-g560,6,2270971442,3002,1,1,1
b9-16-k19-x540-g560,7,2270971442,3002,1,1,1
b9-16-k19-x540-g560,8,2270971442,3002,1,1,1
b9-16-k19-x540-g560,9,2270971442,3002,1,1,1
b9-16-k19-x540-g560,10,2270971442,3002,1,1,1
b9-16-k19-x540-g560,11,2270971442,3002,1,1,1
b9-16-k19-x540-g560,12,2270971442,3002,1,1,1
b9-16-k19-x540-g560,13,2270971442,3002,1,1,1
b9-16-k19-x540-g560,14,2270971442,3002,1,1,1
b9-16-k19-x540-g560,15,2270971442,3002,1,1,1
b9-16-k19-x540-g560,16,2015516220,3004,1,1,1
b9-16-k19-x540-g560,17,2015516220,3004,1,1,1
b9-16-k19-x540-g560,18,2015516220,3004,1,1,1
b9-16-k19-x540-g560,19,2015516220,3004,1,1,1
b9-16-k19-x540-g560,20,2015516220,3004,2,2,2
b9-16-k19-x540-g560,21,2015516220,3004,2,2,2
b9-16-k19-x540-g560,22,2015516220,3004,2,2,2
b9-16-k19-x540-g560,23,2015516220,3004,2,2,2
b9-16-k19-x540-g560,24,2015516220,3004,2,2,2
b9-16-k19-x540-g560,25,2015516220,3004,2,2,2
b9-16-k19-x540-g560,26,2015516220,3004,2,2,2
b9-16-k19-x540-g560,27,2015516220,3004,2,2,2
b9-16-k19-x540-g560,28,2015516220,3004,2,2,2
b9-16-k19-x540-g560,29,2015516220,3004,2,2,2
b9-16-k19-x540-g560,30,2015516220,3004,2,2,2
b9-16-k19-x540-g560,31,2015516220,3004,2,2,2
b9-16-k19-x540-g560,32,2015516220,3004,2,2,2
b9-16-k19-x540-g560,33,2015516220,3004,2,2,2
b9-16-k19-x540-g560,34,2015516220,3004,2,2,2
b9-16-k19-x540-g560,35,2015516220,3004,2,2,2
b9-16-k19-x540-g560,36,2015516220,3004,2,2,2
b9-16-k19-x540-g560,37,2015516220,3004,2,2,2
b9-16-k19-x540-g560,38,2015516220,3004,2,2,2
b9-16-k19-x540-g560,39,2015516220,3004,2,2,2
b9-16-k19-x540-g560,40,2015516220,3004,2,2,2
b9-16-k19-x560-g580,1,3374725112,3000,0,0,0
b9-16-k19-x560-g580,2,3374725112,3000,1,1,1
b9-16-k19-x560-g580,3,3374725112,3000,1,1,1
b9-16-k19-x560-g580,4,3374725112,3000,1,1,1
b9-16-k19-x560-g580,5,2270971442,3002,1,1,1
b9-16-k19-x560-g580,6,2270971442,3002,1,1,1
b9-16-k19-x560-g580,7,2270971442,3002,1,1,1
b9-16-k19-x560-g580,8,2270971442,3002,1,1,1
b9-16-k19-x560-g580,9,2270971442,3002,1,1,1
b9-16-k19-x560-g580,10,2270971442,3002,1,1,1
b9-16-k19-x560-g580,11,2270971442,3002,1,1,1
b9-16-k19-x560-g580,12,2270971442,3002,1,1,1
b9-16-k19-x560-g580,13,2270971442,3002,1,1,1
b9-16-k19-x560-g580,14,2270971442,3002,1,1,1
b9-16-k19-x560-g580,15,2270971442,3002,1,1,1
b9-16-k19-x560-g580,16,2015516220,3004,1,1,1
b9-16-k19-x560-g580,17,2015516220,3004,1,1,1
b9-16-k19-x560-g580,18,2015516220,3004,1,1,1
b9-16-k19-x560-g580,19,2015516220,3004,1,1,1
b9-16-k19-x560-g580,20,2015516220,3004,2,2,2
b9-16-k19-x560-g580,21,2015516220,3004,2,2,2
b9-16-k19-x560-g580,22,2015516220,3004,2,2,2
b9-16-k19-x560-g580,23,2015516220,3004,2,2,2
b9-16-k19-x560-g580,24,2015516220,3004,2,2,2
b9-16-k19-x560-g580,25,2015516220,3004,2,2,2
b9-16-k19-x560-g580,26,2015516220,3004,2,2,2
b9-16-k19-x560-g580,27,2015516220,3004,2,2,2
b9-16-k19-x560-g580,28,2015516220,3004,2,2,2
b9-16-k19-x560-g580,29,2015516220,3004,2,2,2
b9-16-k19-x560-g580,30,2015516220,3004,2,2,2
b9-16-k19-x560-g580,31,2015516220,3004,2,2,2
b9-16-k19-x560-g580,32,2015516220,3004,2,2,2
b9-16-k19-x560-g580,33,2015516220,3004,2,2,2
b9-16-k19-x560-g580,34,2015516220,3004,2,2,2
b9-16-k19-x560-g580,35,2015516220,3004,2,2,2
b9-16-k19-x560-g580,36,2015516220,3004,2,2,2
b9-16-k19-x560-g580,37,2015516220,3004,2,2,2
b9-16-k19-x560-g580,38,2015516220,3004,2,2,2
b9-16-k19-x560-g580,39,2015516220,3004,2,2,2
b9-16-k19-x560-g580,40,2015516220,3004,2,2,2
b9-17-k13-x540-g560,1,3374725112,3000,0,0,0
b9-17-k13-x540-g560,2,3374725112,3000,1,1,1
b9-17-k13-x540-g560,3,3374725112,3000,1,1,1
b9-17-k13-x540-g560,4,3374725112,3000,1,1,1
b9-17-k13-x540-g560,5,2270971442,3002,1,1,1
b9-17-k13-x540-g560,6,2270971442,3002,1,1,1
b9-17-k13-x540-g560,7,2270971442,3002,1,1,1
b9-17-k13-x540-g560,8,2270971442,3002,1,1,1
b9-17-k13-x540-g560,9,2270971442,3002,1,1,1
b9-17-k13-x540-g560,10,2270971442,3002,1,1,1
b9-17-k13-x540-g560,11,2270971442,3002,1,1,1
b9-17-k13-x540-g560,12,2270971442,3002,1,1,1
b9-17-k13-x540-g560,13,2270971442,3002,1,1,1
b9-17-k13-x540-g560,14,2270971442,3002,2,2,2
b9-17-k13-x540-g560,15,2270971442,3002,2,2,2
b9-17-k13-x540-g560,16,2015516220,3004,2,2,2
b9-17-k13-x540-g560,17,2015516220,3004,2,2,2
b9-17-k13-x540-g560,18,2015516220,3004,2,2,2
b9-17-k13-x540-g560,19,2015516220,3004,2,2,2
b9-17-k13-x540-g560,20,2015516220,3004,2,2,2
b9-17-k13-x540-g560,21,2015516220,3004,2,2,2
b9-17-k13-x540-g560,22,2015516220,3004,2,2,2
b9-17-k13-x540-g560,23,2015516220,3004,2,2,2
b9-17-k13-x540-g560,24,2015516220,3004,2,2,2
b9-17-k13-x540-g560,25,2015516220,3004,2,2,2
b9-17-k13-x540-g560,26,2015516220,3004,2,2,2
b9-17-k13-x540-g560,27,2015516220,3004,2,2,2
b9-17-k13-x540-g560,28,2015516220,3004,2,2,2
b9-17-k13-x540-g560,29,2015516220,3004,2,2,2
b9-17-k13-x540-g560,30,2015516220,3004,2,2,2
b9-17-k13-x540-g560,31,2015516220,3004,2,2,2
b9-17-k13-x540-g560,32,2015516220,3004,2,2,2
b9-17-k13-x540-g560,33,2015516220,3004,2,2,2
b9-17-k13-x540-g560,34,2015516220,3004,2,2,2
b9-17-k13-x540-g560,35,2015516220,3004,2,2,2
b9-17-k13-x540-g560,36,2015516220,3004,2,2,2
b9-17-k13-x540-g560,37,2015516220,3004,2,2,2
b9-17-k13-x540-g560,38,2015516220,3004,2,2,2
b9-17-k13-x540-g560,39,2015516220,3004,2,2,2
b9-17-k13-x540-g560,40,2015516220,3004,2,2,2
b9-17-k13-x560-g580,1,3374725112,3000,0,0,0
b9-17-k13-x560-g580,2,3374725112,3000,1,1,1
b9-17-k13-x560-g580,3,3374725112,3000,1,1,1
b9-17-k13-x560-g580,4,3374725112,3000,1,1,1
b9-17-k13-x560-g580,5,2270971442,3002,1,1,1
b9-17-k13-x560-g580,6,2270971442,3002,1,1,1
b9-17-k13-x560-g580,7,2270971442,3002,1,1,1
b9-17-k13-x560-g580,8,2270971442,3002,1,1,1
b9-17-k13-x560-g580,9,2270971442,3002,1,1,1
b9-17-k13-x560-g580,10,2270971442,3002,1,1,1
b9-17-k13-x560-g580,11,2270971442,3002,1,1,1
b9-17-k13-x560-g580,12,2270971442,3002,1,1,1
b9-17-k13-x560-g580,13,2270971442,3002,1,1,1
b9-17-k13-x560-g580,14,2270971442,3002,2,2,2
b9-17-k13-x560-g580,15,2270971442,3002,2,2,2
b9-17-k13-x560-g580,16,2015516220,3004,2,2,2
b9-17-k13-x560-g580,17,2015516220,3004,2,2,2
b9-17-k13-x560-g580,18,2015516220,3004,2,2,2
b9-17-k13-x560-g580,19,2015516220,3004,2,2,2
b9-17-k13-x560-g580,20,2015516220,3004,2,2,2
b9-17-k13-x560-g580,21,2015516220,3004,2,2,2
b9-17-k13-x560-g580,22,2015516220,3004,2,2,2
b9-17-k13-x560-g580,23,2015516220,3004,2,2,2
b9-17-k13-x560-g580,24,2015516220,3004,2,2,2
b9-17-k13-x560-g580,25,2015516220,3004,2,2,2
b9-17-k13-x560-g580,26,2015516220,3004,2,2,2
b9-17-k13-x560-g580,27,2015516220,3004,2,2,2
b9-17-k13-x560-g580,28,2015516220,3004,2,2,2
b9-17-k13-x560-g580,29,2015516220,3004,2,2,2
b9-17-k13-x560-g580,30,2015516220,3004,2,2,2
b9-17-k13-x560-g580,31,2015516220,3004,2,2,2
b9-17-k13-x560-g580,32,2015516220,3004,2,2,2
b9-17-k13-x560-g580,33,2015516220,3004,2,2,2
b9-17-k13-x560-g580,34,2015516220,3004,2,2,2
b9-17-k13-x560-g580,35,2015516220,3004,2,2,2
b9-17-k13-x560-g580,36,2015516220,3004,2,2,2
b9-17-k13-x560-g580,37,2015516220,3004,2,2,2
b9-17-k13-x560-g580,38,2015516220,3004,2,2,2
b9-17-k13-x560-g580,39,2015516220,3004,2,2,2
b9-17-k13-x560-g580,40,2015516220,3004,2,2,2
b9-17-k14-x540-g560,1,3374725112,3000,0,0,0
b9-17-k14-x540-g560,2,3374725112,3000,1,1,1
b9-17-k14-x540-g560,3,3374725112,3000,1,1,1
b9-17-k14-x540-g560,4,3374725112,3000,1,1,1
b9-17-k14-x540-g560,5,2270971442,3002,1,1,1
b9-17-k14-x540-g560,6,2270971442,3002,1,1,1
b9-17-k14-x540-g560,7,2270971442,3002,1,1,1
b9-17-k14-x540-g560,8,2270971442,3002,1,1,1
b9-17-k14-x540-g560,9,2270971442,3002,1,1,1
b9-17-k14-x540-g560,10,2270971442,3002,1,1,1
b9-17-k14-x540-g560,11,2270971442,3002,1,1,1
b9-17-k14-x540-g560,12,2270971442,3002,1,1,1
b9-17-k14-x540-g560,13,2270971442,3002,1,1,1
b9-17-k14-x540-g560,14,2270971442,3002,2,2,2
b9-17-k14-x540-g560,15,2270971442,3002,2,2,2
b9-17-k14-x540-g560,16,2015516220,3004,2,2,2
b9-17-k14-x540-g560,17,2015516220,3004,2,2,2
b9-17-k14-x540-g560,18,2015516220,3004,2,2,2
b9-17-k14-x540-g560,19,2015516220,3004,2,2,2
b9-17-k14-x540-g560,20,2015516220,3004,2,2,2
b9-17-k14-x540-g560,21,2015516220,3004,2,2,2
b9-17-k14-x540-g560,22,2015516220,3004,2,2,2
b9-17-k14-x540-g560,23,2015516220,3004,2,2,2
b9-17-k14-x540-g560,24,2015516220,3004,2,2,2
b9-17-k14-x540-g560,25,2015516220,3004,2,2,2
b9-17-k14-x540-g560,26,2015516220,3004,2,2,2
b9-17-k14-x540-g560,27,2015516220,3004,2,2,2
b9-17-k14-x540-g560,28,2015516220,3004,2,2,2
b9-17-k14-x540-g560,29,2015516220,3004,2,2,2
b9-17-k14-x540-g560,30,2015516220,3004,2,2,2
b9-17-k14-x540-g560,31,2015516220,3004,2,2,2
b9-17-k14-x540-g560,32,2015516220,3004,2,2,2
b9-17-k14-x540-g560,33,2015516220,3004,2,2,2
b9-17-k14-x540-g560,34,2015516220,3004,2,2,2
b9-17-k14-x540-g560,35,2015516220,3004,2,2,2
b9-17-k14-x540-g560,36,2015516220,3004,2,2,2
b9-17-k14-x540-g560,37,2015516220,3004,2,2,2
b9-17-k14-x540-g560,38,2015516220,3004,2,2,2
b9-17-k14-x540-g560,39,2015516220,3004,2,2,2
b9-17-k14-x540-g560,40,2015516220,3004,2,2,2
b9-17-k14-x560-g580,1,3374725112,3000,0,0,0
b9-17-k14-x560-g580,2,3374725112,3000,1,1,1
b9-17-k14-x560-g580,3,3374725112,3000,1,1,1
b9-17-k14-x560-g580,4,3374725112,3000,1,1,1
b9-17-k14-x560-g580,5,2270971442,3002,1,1,1
b9-17-k14-x560-g580,6,2270971442,3002,1,1,1
b9-17-k14-x560-g580,7,2270971442,3002,1,1,1
b9-17-k14-x560-g580,8,2270971442,3002,1,1,1
b9-17-k14-x560-g580,9,2270971442,3002,1,1,1
b9-17-k14-x560-g580,10,2270971442,3002,1,1,1
b9-17-k14-x560-g580,11,2270971442,3002,1,1,1
b9-17-k14-x560-g580,12,2270971442,3002,1,1,1
b9-17-k14-x560-g580,13,2270971442,3002,1,1,1
b9-17-k14-x560-g580,14,2270971442,3002,2,2,2
b9-17-k14-x560-g580,15,2270971442,3002,2,2,2
b9-17-k14-x560-g580,16,2015516220,3004,2,2,2
b9-17-k14-x560-g580,17,2015516220,3004,2,2,2
b9-17-k14-x560-g580,18,2015516220,3004,2,2,2
b9-17-k14-x560-g580,19,2015516220,3004,2,2,2
b9-17-k14-x560-g580,20,2015516220,3004,2,2,2
b9-17-k14-x560-g580,21,2015516220,3004,2,2,2
b9-17-k14-x560-g580,22,2015516220,3004,2,2,2
b9-17-k14-x560-g580,23,2015516220,3004,2,2,2
b9-17-k14-x560-g580,24,2015516220,3004,2,2,2
b9-17-k14-x560-g580,25,2015516220,3004,2,2,2
b9-17-k14-x560-g580,26,2015516220,3004,2,2,2
b9-17-k14-x560-g580,27,2015516220,3004,2,2,2
b9-17-k14-x560-g580,28,2015516220,3004,2,2,2
b9-17-k14-x560-g580,29,2015516220,3004,2,2,2
b9-17-k14-x560-g580,30,2015516220,3004,2,2,2
b9-17-k14-x560-g580,31,2015516220,3004,2,2,2
b9-17-k14-x560-g580,32,2015516220,3004,2,2,2
b9-17-k14-x560-g580,33,2015516220,3004,2,2,2
b9-17-k14-x560-g580,34,2015516220,3004,2,2,2
b9-17-k14-x560-g580,35,2015516220,3004,2,2,2
b9-17-k14-x560-g580,36,2015516220,3004,2,2,2
b9-17-k14-x560-g580,37,2015516220,3004,2,2,2
b9-17-k14-x560-g580,38,2015516220,3004,2,2,2
b9-17-k14-x560-g580,39,2015516220,3004,2,2,2
b9-17-k14-x560-g580,40,2015516220,3004,2,2,2
b9-17-k15-x540-g560,1,3374725112,3000,0,0,0
b9-17-k15-x540-g560,2,3374725112,3000,1,1,1
b9-17-k15-x540-g560,3,3374725112,3000,1,1,1
b9-17-k15-x540-g560,4,3374725112,3000,1,1,1
b9-17-k15-x540-g560,5,2270971442,3002,1,1,1
b9-17-k15-x540-g560,6,2270971442,3002,1,1,1
b9-17-k15-x540-g560,7,2270971442,3002,1,1,1
b9-17-k15-x540-g560,8,2270971442,3002,1,1,1
b9-17-k15-x540-g560,9,2270971442,3002,1,1,1
b9-17-k15-x540-g560,10,2270971442,3002,1,1,1
b9-17-k15-x540-g560,11,2270971442,3002,1,1,1
b9-17-k15-x540-g560,12,2270971442,3002,1,1,1
b9-17-k15-x540-g560,13,2270971442,3002,1,1,1
b9-17-k15-x540-g560,14,2270971442,3002,1,1,1
b9-17-k15-x540-g560,15,2270971442,3002,1,1,1
b9-17-k15-x540-g560,16,2015516220,3004,2,2,2
b9-17-k15-x540-g560,17,2015516220,3004,2,2,2
b9-17-k15-x540-g560,18,2015516220,3004,2,2,2
b9-17-k15-x540-g560,19,2015516220,3004,2,2,2
b9-17-k15-x540-g560,20,2015516220,3004,2,2,2
b9-17-k15-x540-g560,21,2015516220,3004,2,2,2
b9-17-k15-x540-g560,22,2015516220,3004,2,2,2
b9-17-k15-x540-g560,23,2015516220,3004,2,2,2
b9-17-k15-x540-g560,24,2015516220,3004,2,2,2
b9-17-k15-x540-g560,25,2015516220,3004,2,2,2
b9-17-k15-x540-g560,26,2015516220,3004,2,2,2
b9-17-k15-x540-g560,27,2015516220,3004,2,2,2
b9-17-k15-x540-g560,28,2015516220,3004,2,2,2
b9-17-k15-x540-g560,29,2015516220,3004,2,2,2
b9-17-k15-x540-g560,30,2015516220,3004,2,2,2
b9-17-k15-x540-g560,31,2015516220,3004,2,2,2
b9-17-k15-x540-g560,32,2015516220,3004,2,2,2
b9-17-k15-x540-g560,33,2015516220,3004,2,2,2
b9-17-k15-x540-g560,34,2015516220,3004,2,2,2
b9-17-k15-x540-g560,35,2015516220,3004,2,2,2
b9-17-k15-x540-g560,36,2015516220,3004,2,2,2
b9-17-k15-x540-g560,37,2015516220,3004,2,2,2
b9-17-k15-x540-g560,38,2015516220,3004,2,2,2
b9-17-k15-x540-g560,39,2015516220,3004,2,2,2
b9-17-k15-x540-g560,40,2015516220,3004,2,2,2
b9-17-k15-x560-g580,1,3374725112,3000,0,0,0
b9-17-k15-x560-g580,2,3374725112,3000,1,1,1
b9-17-k15-x560-g580,3,3374725112,3000,1,1,1
b9-17-k15-x560-g580,4,3374725112,3000,1,1,1
b9-17-k15-x560-g580,5,2270971442,3002,1,1,1
b9-17-k15-x560-g580,6,2270971442,3002,1,1,1
b9-17-k15-x560-g580,7,2270971442,3002,1,1,1
b9-17-k15-x560-g580,8,2270971442,3002,1,1,1
b9-17-k15-x560-g580,9,2270971442,3002,1,1,1
b9-17-k15-x560-g580,10,2270971442,3002,1,1,1
b9-17-k15-x560-g580,11,2270971442,3002,1,1,1
b9-17-k15-x560-g580,12,2270971442,3002,1,1,1
b9-17-k15-x560-g580,13,2270971442,3002,1,1,1
b9-17-k15-x560-g580,14,2270971442,3002,1,1,1
b9-17-k15-x560-g580,15,2270971442,3002,1,1,1
b9-17-k15-x560-g580,16,2015516220,3004,2,2,2
b9-17-k15-x560-g580,17,2015516220,3004,2,2,2
b9-17-k15-x560-g580,18,2015516220,3004,2,2,2
b9-17-k15-x560-g580,19,2015516220,3004,2,2,2
b9-17-k15-x560-g580,20,2015516220,3004,2,2,2
b9-17-k15-x560-g580,21,2015516220,3004,2,2,2
b9-17-k15-x560-g580,22,2015516220,3004,2,2,2
b9-17-k15-x560-g580,23,2015516220,3004,2,2,2
b9-17-k15-x560-g580,24,2015516220,3004,2,2,2
b9-17-k15-x560-g580,25,2015516220,3004,2,2,2
b9-17-k15-x560-g580,26,2015516220,3004,2,2,2
b9-17-k15-x560-g580,27,2015516220,3004,2,2,2
b9-17-k15-x560-g580,28,2015516220,3004,2,2,2
b9-17-k15-x560-g580,29,2015516220,3004,2,2,2
b9-17-k15-x560-g580,30,2015516220,3004,2,2,2
b9-17-k15-x560-g580,31,2015516220,3004,2,2,2
b9-17-k15-x560-g580,32,2015516220,3004,2,2,2
b9-17-k15-x560-g580,33,2015516220,3004,2,2,2
b9-17-k15-x560-g580,34,2015516220,3004,2,2,2
b9-17-k15-x560-g580,35,2015516220,3004,2,2,2
b9-17-k15-x560-g580,36,2015516220,3004,2,2,2
b9-17-k15-x560-g580,37,2015516220,3004,2,2,2
b9-17-k15-x560-g580,38,2015516220,3004,2,2,2
b9-17-k15-x560-g580,39,2015516220,3004,2,2,2
b9-17-k15-x560-g580,40,2015516220,3004,2,2,2
b9-17-k16-x540-g560,1,3374725112,3000,0,0,0
b9-17-k16-x540-g560,2,3374725112,3000,1,1,1
b9-17-k16-x540-g560,3,3374725112,3000,1,1,1
b9-17-k16-x540-g560,4,3374725112,3000,1,1,1
b9-17-k16-x540-g560,5,2270971442,3002,1,1,1
b9-17-k16-x540-g560,6,2270971442,3002,1,1,1
b9-17-k16-x540-g560,7,2270971442,3002,1,1,1
b9-17-k16-x540-g560,8,2270971442,3002,1,1,1
b9-17-k16-x540-g560,9,2270971442,3002,1,1,1
b9-17-k16-x540-g560,10,2270971442,3002,1,1,1
b9-17-k16-x540-g560,11,2270971442,3002,1,1,1
b9-17-k16-x540-g560,12,2270971442,3002,1,1,1
b9-17-k16-x540-g560,13,2270971442,3002,1,1,1
b9-17-k16-x540-g560,14,2270971442,3002,1,1,1
b9-17-k16-x540-g560,15,2270971442,3002,1,1,1
b9-17-k16-x540-g560,16,2015516220,3004,2,2,2
b9-17-k16-x540-g560,17,2015516220,3004,2,2,2
b9-17-k16-x540-g560,18,2015516220,3004,2,2,2
b9-17-k16-x540-g560,19,2015516220,3004,2,2,2
b9-17-k16-x540-g560,20,2015516220,3004,2,2,2
b9-17-k16-x540-g560,21,2015516220,3004,2,2,2
b9-17-k16-x540-g560,22,2015516220,3004,2,2,2
b9-17-k16-x540-g560,23,2015516220,3004,2,2,2
b9-17-k16-x540-g560,24,2015516220,3004,2,2,2
b9-17-k16-x540-g560,25,2015516220,3004,2,2,2
b9-17-k16-x540-g560,26,2015516220,3004,2,2,2
b9-17-k16-x540-g560,27,2015516220,3004,2,2,2
b9-17-k16-x540-g560,28,2015516220,3004,2,2,2
b9-17-k16-x540-g560,29,2015516220,3004,2,2,2
b9-17-k16-x540-g560,30,2015516220,3004,2,2,2
b9-17-k16-x540-g560,31,2015516220,3004,2,2,2
b9-17-k16-x540-g560,32,2015516220,3004,2,2,2
b9-17-k16-x540-g560,33,2015516220,3004,2,2,2
b9-17-k16-x540-g560,34,2015516220,3004,2,2,2
b9-17-k16-x540-g560,35,2015516220,3004,2,2,2
b9-17-k16-x540-g560,36,2015516220,3004,2,2,2
b9-17-k16-x540-g560,37,2015516220,3004,2,2,2
b9-17-k16-x540-g560,38,2015516220,3004,2,2,2
b9-17-k16-x540-g560,39,2015516220,3004,2,2,2
b9-17-k16-x540-g560,40,2015516220,3004,2,2,2
b9-17-k16-x560-g580,1,3374725112,3000,0,0,0
b9-17-k16-x560-g580,2,3374725112,3000,1,1,1
b9-17-k16-x560-g580,3,3374725112,3000,1,1,1
b9-17-k16-x560-g580,4,3374725112,3000,1,1,1
b9-17-k16-x560-g580,5,2270971442,3002,1,1,1
b9-17-k16-x560-g580,6,2270971442,3002,1,1,1
b9-17-k16-x560-g580,7,2270971442,3002,1,1,1
b9-17-k16-x560-g580,8,2270971442,3002,1,1,1
b9-17-k16-x560-g580,9,2270971442,3002,1,1,1
b9-17-k16-x560-g580,10,2270971442,3002,1,1,1
b9-17-k16-x560-g580,11,2270971442,3002,1,1,1
b9-17-k16-x560-g580,12,2270971442,3002,1,1,1
b9-17-k16-x560-g580,13,2270971442,3002,1,1,1
b9-17-k16-x560-g580,14,2270971442,3002,1,1,1
b9-17-k16-x560-g580,15,2270971442,3002,1,1,1
b9-17-k16-x560-g580,16,2015516220,3004,2,2,2
b9-17-k16-x560-g580,17,2015516220,3004,2,2,2
b9-17-k16-x560-g580,18,2015516220,3004,2,2,2
b9-17-k16-x560-g580,19,2015516220,3004,2,2,2
b9-17-k16-x560-g580,20,2015516220,3004,2,2,2
b9-17-k16-x560-g580,21,2015516220,3004,2,2,2
b9-17-k16-x560-g580,22,2015516220,3004,2,2,2
b9-17-k16-x560-g580,23,2015516220,3004,2,2,2
b9-17-k16-x560-g580,24,2015516220,3004,2,2,2
b9-17-k16-x560-g580,25,2015516220,3004,2,2,2
b9-17-k16-x560-g580,26,2015516220,3004,2,2,2
b9-17-k16-x560-g580,27,2015516220,3004,2,2,2
b9-17-k16-x560-g580,28,2015516220,3004,2,2,2
b9-17-k16-x560-g580,29,2015516220,3004,2,2,2
b9-17-k16-x560-g580,30,2015516220,3004,2,2,2
b9-17-k16-x560-g580,31,2015516220,3004,2,2,2
b9-17-k16-x560-g580,32,2015516220,3004,2,2,2
b9-17-k16-x560-g580,33,2015516220,3004,2,2,2
b9-17-k16-x560-g580,34,2015516220,3004,2,2,2
b9-17-k16-x560-g580,35,2015516220,3004,2,2,2
b9-17-k16-x560-g580,36,2015516220,3004,2,2,2
b9-17-k16-x560-g580,37,2015516220,3004,2,2,2
b9-17-k16-x560-g580,38,2015516220,3004,2,2,2
b9-17-k16-x560-g580,39,2015516220,3004,2,2,2
b9-17-k16-x560-g580,40,2015516220,3004,2,2,2
b9-17-k17-x540-g560,1,3374725112,3000,0,0,0
b9-17-k17-x540-g560,2,3374725112,3000,1,1,1
b9-17-k17-x540-g560,3,3374725112,3000,1,1,1
b9-17-k17-x540-g560,4,3374725112,3000,1,1,1
b9-17-k17-x540-g560,5,2270971442,3002,1,1,1
b9-17-k17-x540-g560,6,2270971442,3002,1,1,1
b9-17-k17-x540-g560,7,2270971442,3002,1,1,1
b9-17-k17-x540-g560,8,2270971442,3002,1,1,1
b9-17-k17-x540-g560,9,2270971442,3002,1,1,1
b9-17-k17-x540-g560,10,2270971442,3002,1,1,1
b9-17-k17-x540-g560,11,2270971442,3002,1,1,1
b9-17-k17-x540-g560,12,2270971442,3002,1,1,1
b9-17-k17-x540-g560,13,2270971442,3002,1,1,1
b9-17-k17-x540-g560,14,2270971442,3002,1,1,1
b9-17-k17-x540-g560,15,2270971442,3002,1,1,1
b9-17-k17-x540-g560,16,2015516220,3004,1,1,1
b9-17-k17-x540-g560,17,2015516220,3004,1,1,1
b9-17-k17-x540-g560,18,2015516220,3004,2,2,2
b9-17-k17-x540-g560,19,2015516220,3004,2,2,2
b9-17-k17-x540-g560,20,2015516220,3004,2,2,2
b9-17-k17-x540-g560,21,2015516220,3004,2,2,2
b9-17-k17-x540-g560,22,2015516220,3004,2,2,2
b9-17-k17-x540-g560,23,2015516220,3004,2,2,2
b9-17-k17-x540-g560,24,2015516220,3004,2,2,2
b9-17-k17-x540-g560,25,2015516220,3004,2,2,2
b9-17-k17-x540-g560,26,2015516220,3004,2,2,2
b9-17-k17-x540-g560,27,2015516220,3004,2,2,2
b9-17-k17-x540-g560,28,2015516220,3004,2,2,2
b9-17-k17-x540-g560,29,2015516220,3004,2,2,2
b9-17-k17-x540-g560,30,2015516220,3004,2,2,2
b9-17-k17-x540-g560,31,2015516220,3004,2,2,2
b9-17-k17-x540-g560,32,2015516220,3004,2,2,2
b9-17-k17-x540-g560,33,2015516220,3004,2,2,2
b9-17-k17-x540-g560,34,2015516220,3004,2,2,2
b9-17-k17-x540-g560,35,2015516220,3004,2,2,2
b9-17-k17-x540-g560,36,2015516220,3004,2,2,2
b9-17-k17-x540-g560,37,2015516220,3004,2,2,2
b9-17-k17-x540-g560,38,2015516220,3004,2,2,2
b9-17-k17-x540-g560,39,2015516220,3004,2,2,2
b9-17-k17-x540-g560,40,2015516220,3004,2,2,2
b9-17-k17-x560-g580,1,3374725112,3000,0,0,0
b9-17-k17-x560-g580,2,3374725112,3000,1,1,1
b9-17-k17-x560-g580,3,3374725112,3000,1,1,1
b9-17-k17-x560-g580,4,3374725112,3000,1,1,1
b9-17-k17-x560-g580,5,2270971442,3002,1,1,1
b9-17-k17-x560-g580,6,2270971442,3002,1,1,1
b9-17-k17-x560-g580,7,2270971442,3002,1,1,1
b9-17-k17-x560-g580,8,2270971442,3002,1,1,1
b9-17-k17-x560-g580,9,2270971442,3002,1,1,1
b9-17-k17-x560-g580,10,2270971442,3002,1,1,1
b9-17-k17-x560-g580,11,2270971442,3002,1,1,1
b9-17-k17-x560-g580,12,2270971442,3002,1,1,1
b9-17-k17-x560-g580,13,2270971442,3002,1,1,1
b9-17-k17-x560-g580,14,2270971442,3002,1,1,1
b9-17-k17-x560-g580,15,2270971442,3002,1,1,1
b9-17-k17-x560-g580,16,2015516220,3004,1,1,1
b9-17-k17-x560-g580,17,2015516220,3004,1,1,1
b9-17-k17-x560-g580,18,2015516220,3004,2,2,2
b9-17-k17-x560-g580,19,2015516220,3004,2,2,2
b9-17-k17-x560-g580,20,2015516220,3004,2,2,2
b9-17-k17-x560-g580,21,2015516220,3004,2,2,2
b9-17-k17-x560-g580,22,2015516220,3004,2,2,2
b9-17-k17-x560-g580,23,2015516220,3004,2,2,2
b9-17-k17-x560-g580,24,2015516220,3004,2,2,2
b9-17-k17-x560-g580,25,2015516220,3004,2,2,2
b9-17-k17-x560-g580,26,2015516220,3004,2,2,2
b9-17-k17-x560-g580,27,2015516220,3004,2,2,2
b9-17-k17-x560-g580,28,2015516220,3004,2,2,2
b9-17-k17-x560-g580,29,2015516220,3004,2,2,2
b9-17-k17-x560-g580,30,2015516220,3004,2,2,2
b9-17-k17-x560-g580,31,2015516220,3004,2,2,2
b9-17-k17-x560-g580,32,2015516220,3004,2,2,2
b9-17-k17-x560-g580,33,2015516220,3004,2,2,2
b9-17-k17-x560-g580,34,2015516220,3004,2,2,2
b9-17-k17-x560-g580,35,2015516220,3004,2,2,2
b9-17-k17-x560-g580,36,2015516220,3004,2,2,2
b9-17-k17-x560-g580,37,2015516220,3004,2,2,2
b9-17-k17-x560-g580,38,2015516220,3004,2,2,2
b9-17-k17-x560-g580,39,2015516220,3004,2,2,2
b9-17-k17-x560-g580,40,2015516220,3004,2,2,2
b9-17-k18-x540-g560,1,3374725112,3000,0,0,0
b9-17-k18-x540-g560,2,3374725112,3000,1,1,1
b9-17-k18-x540-g560,3,3374725112,3000,1,1,1
b9-17-k18-x540-g560,4,3374725112,3000,1,1,1
b9-17-k18-x540-g560,5,2270971442,3002,1,1,1
b9-17-k18-x540-g560,6,2270971442,3002,1,1,1
b9-17-k18-x540-g560,7,2270971442,3002,1,1,1
b9-17-k18-x540-g560,8,2270971442,3002,1,1,1
b9-17-k18-x540-g560,9,2270971442,3002,1,1,1
b9-17-k18-x540-g560,10,2270971442,3002,1,1,1
b9-17-k18-x540-g560,11,2270971442,3002,1,1,1
b9-17-k18-x540-g560,12,2270971442,3002,1,1,1
b9-17-k18-x540-g560,13,2270971442,3002,1,1,1
b9-17-k18-x540-g560,14,2270971442,3002,1,1,1
b9-17-k18-x540-g560,15,2270971442,3002,1,1,1
b9-17-k18-x540-g560,16,2015516220,3004,1,1,1
b9-17-k18-x540-g560,17,2015516220,3004,1,1,1
b9-17-k18-x540-g560,18,2015516220,3004,2,2,2
b9-17-k18-x540-g560,19,2015516220,3004,2,2,2
b9-17-k18-x540-g560,20,2015516220,3004,2,2,2
b9-17-k18-x540-g560,21,2015516220,3004,2,2,2
b9-17-k18-x540-g560,22,2015516220,3004,2,2,2
b9-17-k18-x540-g560,23,2015516220,3004,2,2,2
b9-17-k18-x540-g560,24,2015516220,3004,2,2,2
b9-17-k18-x540-g560,25,2015516220,3004,2,2,2
b9-17-k18-x540-g560,26,2015516220,3004,2,2,2
b9-17-k18-x540-g560,27,2015516220,3004,2,2,2
b9-17-k18-x540-g560,28,2015516220,3004,2,2,2
b9-17-k18-x540-g560,29,2015516220,3004,2,2,2
b9-17-k18-x540-g560,30,2015516220,3004,2,2,2
b9-17-k18-x540-g560,31,2015516220,3004,2,2,2
b9-17-k18-x540-g560,32,2015516220,3004,2,2,2
b9-17-k18-x540-g560,33,2015516220,3004,2,2,2
b9-17-k18-x540-g560,34,2015516220,3004,2,2,2
b9-17-k18-x540-g560,35,2015516220,3004,2,2,2
b9-17-k18-x540-g560,36,2015516220,3004,2,2,2
b9-17-k18-x540-g560,37,2015516220,3004,2,2,2
b9-17-k18-x540-g560,38,2015516220,3004,2,2,2
b9-17-k18-x540-g560,39,2015516220,3004,2,2,2
b9-17-k18-x540-g560,40,2015516220,3004,2,2,2
b9-17-k18-x560-g580,1,3374725112,3000,0,0,0
b9-17-k18-x560-g580,2,3374725112,3000,1,1,1
b9-17-k18-x560-g580,3,3374725112,3000,1,1,1
b9-17-k18-x560-g580,4,3374725112,3000,1,1,1
b9-17-k18-x560-g580,5,2270971442,3002,1,1,1
b9-17-k18-x560-g580,6,2270971442,3002,1,1,1
b9-17-k18-x560-g580,7,2270971442,3002,1,1,1
b9-17-k18-x560-g580,8,2270971442,3002,1,1,1
b9-17-k18-x560-g580,9,2270971442,3002,1,1,1
b9-17-k18-x560-g580,10,2270971442,3002,1,1,1
b9-17-k18-x560-g580,11,2270971442,3002,1,1,1
b9-17-k18-x560-g580,12,2270971442,3002,1,1,1
b9-17-k18-x560-g580,13,2270971442,3002,1,1,1
b9-17-k18-x560-g580,14,2270971442,3002,1,1,1
b9-17-k18-x560-g580,15,2270971442,3002,1,1,1
b9-17-k18-x560-g580,16,2015516220,3004,1,1,1
b9-17-k18-x560-g580,17,2015516220,3004,1,1,1
b9-17-k18-x560-g580,18,2015516220,3004,2,2,2
b9-17-k18-x560-g580,19,2015516220,3004,2,2,2
b9-17-k18-x560-g580,20,2015516220,3004,2,2,2
b9-17-k18-x560-g580,21,2015516220,3004,2,2,2
b9-17-k18-x560-g580,22,2015516220,3004,2,2,2
b9-17-k18-x560-g580,23,2015516220,3004,2,2,2
b9-17-k18-x560-g580,24,2015516220,3004,2,2,2
b9-17-k18-x560-g580,25,2015516220,3004,2,2,2
b9-17-k18-x560-g580,26,2015516220,3004,2,2,2
b9-17-k18-x560-g580,27,2015516220,3004,2,2,2
b9-17-k18-x560-g580,28,2015516220,3004,2,2,2
b9-17-k18-x560-g580,29,2015516220,3004,2,2,2
b9-17-k18-x560-g580,30,2015516220,3004,2,2,2
b9-17-k18-x560-g580,31,2015516220,3004,2,2,2
b9-17-k18-x560-g580,32,2015516220,3004,2,2,2
b9-17-k18-x560-g580,33,2015516220,3004,2,2,2
b9-17-k18-x560-g580,34,2015516220,3004,2,2,2
b9-17-k18-x560-g580,35,2015516220,3004,2,2,2
b9-17-k18-x560-g580,36,2015516220,3004,2,2,2
b9-17-k18-x560-g580,37,2015516220,3004,2,2,2
b9-17-k18-x560-g580,38,2015516220,3004,2,2,2
b9-17-k18-x560-g580,39,2015516220,3004,2,2,2
b9-17-k18-x560-g580,40,2015516220,3004,2,2,2
b9-17-k19-x540-g560,1,3374725112,3000,0,0,0
b9-17-k19-x540-g560,2,3374725112,3000,1,1,1
b9-17-k19-x540-g560,3,3374725112,3000,1,1,1
b9-17-k19-x540-g560,4,3374725112,3000,1,1,1
b9-17-k19-x540-g560,5,2270971442,3002,1,1,1
b9-17-k19-x540-g560,6,2270971442,3002,1,1,1
b9-17-k19-x540-g560,7,2270971442,3002,1,1,1
b9-17-k19-x540-g560,8,2270971442,3002,1,1,1
b9-17-k19-x540-g560,9,2270971442,3002,1,1,1
b9-17-k19-x540-g560,10,2270971442,3002,1,1,1
b9-17-k19-x540-g560,11,2270971442,3002,1,1,1
b9-17-k19-x540-g560,12,2270971442,3002,1,1,1
b9-17-k19-x540-g560,13,2270971442,3002,1,1,1
b9-17-k19-x540-g560,14,2270971442,3002,1,1,1
b9-17-k19-x540-g560,15,2270971442,3002,1,1,1
b9-17-k19-x540-g560,16,2015516220,3004,1,1,1
b9-17-k19-x540-g560,17,2015516220,3004,1,1,1
b9-17-k19-x540-g560,18,2015516220,3004,1,1,1
b9-17-k19-x540-g560,19,2015516220,3004,1,1,1
b9-17-k19-x540-g560,20,2015516220,3004,2,2,2
b9-17-k19-x540-g560,21,2015516220,3004,2,2,2
b9-17-k19-x540-g560,22,2015516220,3004,2,2,2
b9-17-k19-x540-g560,23,2015516220,3004,2,2,2
b9-17-k19-x540-g560,24,2015516220,3004,2,2,2
b9-17-k19-x540-g560,25,3379885718,3006,2,2,2
b9-17-k19-x540-g560,26,3379885718,3006,2,2,2
b9-17-k19-x540-g560,27,3379885718,3006,2,2,2
b9-17-k19-x540-g560,28,3379885718,3006,2,2,2
b9-17-k19-x540-g560,29,3379885718,3006,2,2,2
b9-17-k19-x540-g560,30,3379885718,3006,2,2,2
b9-17-k19-x540-g560,31,3379885718,3006,2,2,2
b9-17-k19-x540-g560,32,3379885718,3006,2,2,2
b9-17-k19-x540-g560,33,3379885718,3006,2,2,2
b9-17-k19-x540-g560,34,3379885718,3006,2,2,2
b9-17-k19-x540-g560,35,3379885718,3006,2,2,2
b9-17-k19-x540-g560,36,3379885718,3006,2,2,2
b9-17-k19-x540-g560,37,3379885718,3006,2,2,2
b9-17-k19-x540-g560,38,3379885718,3006,2,2,2
b9-17-k19-x540-g560,39,3379885718,3006,2,2,2
b9-17-k19-x540-g560,40,3379885718,3006,2,2,2
b9-17-k19-x560-g580,1,3374725112,3000,0,0,0
b9-17-k19-x560-g580,2,3374725112,3000,1,1,1
b9-17-k19-x560-g580,3,3374725112,3000,1,1,1
b9-17-k19-x560-g580,4,3374725112,3000,1,1,1
b9-17-k19-x560-g580,5,2270971442,3002,1,1,1
b9-17-k19-x560-g580,6,2270971442,3002,1,1,1
b9-17-k19-x560-g580,7,2270971442,3002,1,1,1
b9-17-k19-x560-g580,8,2270971442,3002,1,1,1
b9-17-k19-x560-g580,9,2270971442,3002,1,1,1
b9-17-k19-x560-g580,10,2270971442,3002,1,1,1
b9-17-k19-x560-g580,11,2270971442,3002,1,1,1
b9-17-k19-x560-g580,12,2270971442,3002,1,1,1
b9-17-k19-x560-g580,13,2270971442,3002,1,1,1
b9-17-k19-x560-g580,14,2270971442,3002,1,1,1
b9-17-k19-x560-g580,15,2270971442,3002,1,1,1
b9-17-k19-x560-g580,16,2015516220,3004,1,1,1
b9-17-k19-x560-g580,17,2015516220,3004,1,1,1
b9-17-k19-x560-g580,18,2015516220,3004,1,1,1
b9-17-k19-x560-g580,19,2015516220,3004,1,1,1
b9-17-k19-x560-g580,20,2015516220,3004,2,2,2
b9-17-k19-x560-g580,21,2015516220,3004,2,2,2
b9-17-k19-x560-g580,22,2015516220,3004,2,2,2
b9-17-k19-x560-g580,23,2015516220,3004,2,2,2
b9-17-k19-x560-g580,24,2015516220,3004,2,2,2
b9-17-k19-x560-g580,25,3379885718,3006,2,2,2
b9-17-k19-x560-g580,26,3379885718,3006,2,2,2
b9-17-k19-x560-g580,27,3379885718,3006,2,2,2
b9-17-k19-x560-g580,28,3379885718,3006,2,2,2
b9-17-k19-x560-g580,29,3379885718,3006,2,2,2
b9-17-k19-x560-g580,30,3379885718,3006,2,2,2
b9-17-k19-x560-g580,31,3379885718,3006,2,2,2
b9-17-k19-x560-g580,32,3379885718,3006,2,2,2
b9-17-k19-x560-g580,33,3379885718,3006,2,2,2
b9-17-k19-x560-g580,34,3379885718,3006,2,2,2
b9-17-k19-x560-g580,35,3379885718,3006,2,2,2
b9-17-k19-x560-g580,36,3379885718,3006,2,2,2
b9-17-k19-x560-g580,37,3379885718,3006,2,2,2
b9-17-k19-x560-g580,38,3379885718,3006,2,2,2
b9-17-k19-x560-g580,39,3379885718,3006,2,2,2
b9-17-k19-x560-g580,40,3379885718,3006,2,2,2
b9-18-k13-x540-g560,1,3374725112,3000,0,0,0
b9-18-k13-x540-g560,2,3374725112,3000,1,1,1
b9-18-k13-x540-g560,3,3374725112,3000,1,1,1
b9-18-k13-x540-g560,4,3374725112,3000,1,1,1
b9-18-k13-x540-g560,5,2270971442,3002,1,1,1
b9-18-k13-x540-g560,6,2270971442,3002,1,1,1
b9-18-k13-x540-g560,7,2270971442,3002,1,1,1
b9-18-k13-x540-g560,8,2270971442,3002,1,1,1
b9-18-k13-x540-g560,9,2270971442,3002,1,1,1
b9-18-k13-x540-g560,10,2270971442,3002,1,1,1
b9-18-k13-x540-g560,11,2270971442,3002,1,1,1
b9-18-k13-x540-g560,12,2270971442,3002,1,1,1
b9-18-k13-x540-g560,13,2270971442,3002,1,1,1
b9-18-k13-x540-g560,14,2270971442,3002,2,2,2
b9-18-k13-x540-g560,15,2270971442,3002,2,2,2
b9-18-k13-x540-g560,16,2015516220,3004,2,2,2
b9-18-k13-x540-g560,17,2015516220,3004,2,2,2
b9-18-k13-x540-g560,18,2015516220,3004,2,2,2
b9-18-k13-x540-g560,19,2015516220,3004,2,2,2
b9-18-k13-x540-g560,20,2015516220,3004,2,2,2
b9-18-k13-x540-g560,21,2015516220,3004,2,2,2
b9-18-k13-x540-g560,22,2015516220,3004,2,2,2
b9-18-k13-x540-g560,23,2015516220,3004,2,2,2
b9-18-k13-x540-g560,24,2015516220,3004,2,2,2
b9-18-k13-x540-g560,25,2015516220,3004,2,2,2
b9-18-k13-x540-g560,26,2015516220,3004,2,2,2
b9-18-k13-x540-g560,27,2015516220,3004,2,2,2
b9-18-k13-x540-g560,28,2015516220,3004,2,2,2
b9-18-k13-x540-g560,29,2015516220,3004,2,2,2
b9-18-k13-x540-g560,30,2015516220,3004,2,2,2
b9-18-k13-x540-g560,31,2015516220,3004,2,2,2
b9-18-k13-x540-g560,32,2015516220,3004,2,2,2
b9-18-k13-x540-g560,33,2015516220,3004,2,2,2
b9-18-k13-x540-g560,34,2015516220,3004,2,2,2
b9-18-k13-x540-g560,35,2015516220,3004,2,2,2
b9-18-k13-x540-g560,36,2015516220,3004,2,2,2
b9-18-k13-x540-g560,37,2015516220,3004,2,2,2
b9-18-k13-x540-g560,38,2015516220,3004,2,2,2
b9-18-k13-x540-g560,39,2015516220,3004,2,2,2
b9-18-k13-x540-g560,40,2015516220,3004,2,2,2
b9-18-k13-x560-g580,1,3374725112,3000,0,0,0
b9-18-k13-x560-g580,2,3374725112,3000,1,1,1
b9-18-k13-x560-g580,3,3374725112,3000,1,1,1
b9-18-k13-x560-g580,4,3374725112,3000,1,1,1
b9-18-k13-x560-g580,5,2270971442,3002,1,1,1
b9-18-k13-x560-g580,6,2270971442,3002,1,1,1
b9-18-k13-x560-g580,7,2270971442,3002,1,1,1
b9-18-k13-x560-g580,8,2270971442,3002,1,1,1
b9-18-k13-x560-g580,9,2270971442,3002,1,1,1
b9-18-k13-x560-g580,10,2270971442,3002,1,1,1
b9-18-k13-x560-g580,11,2270971442,3002,1,1,1
b9-18-k13-x560-g580,12,2270971442,3002,1,1,1
b9-18-k13-x560-g580,13,2270971442,3002,1,1,1
b9-18-k13-x560-g580,14,2270971442,3002,2,2,2
b9-18-k13-x560-g580,15,2270971442,3002,2,2,2
b9-18-k13-x560-g580,16,2015516220,3004,2,2,2
b9-18-k13-x560-g580,17,2015516220,3004,2,2,2
b9-18-k13-x560-g580,18,2015516220,3004,2,2,2
b9-18-k13-x560-g580,19,2015516220,3004,2,2,2
b9-18-k13-x560-g580,20,2015516220,3004,2,2,2
b9-18-k13-x560-g580,21,2015516220,3004,2,2,2
b9-18-k13-x560-g580,22,2015516220,3004,2,2,2
b9-18-k13-x560-g580,23,2015516220,3004,2,2,2
b9-18-k13-x560-g580,24,2015516220,3004,2,2,2
b9-18-k13-x560-g580,25,2015516220,3004,2,2,2
b9-18-k13-x560-g580,26,2015516220,3004,2,2,2
b9-18-k13-x560-g580,27,2015516220,3004,2,2,2
b9-18-k13-x560-g580,28,2015516220,3004,2,2,2
b9-18-k13-x560-g580,29,2015516220,3004,2,2,2
b9-18-k13-x560-g580,30,2015516220,3004,2,2,2
b9-18-k13-x560-g580,31,2015516220,3004,2,2,2
b9-18-k13-x560-g580,32,2015516220,3004,2,2,2
b9-18-k13-x560-g580,33,2015516220,3004,2,2,2
b9-18-k13-x560-g580,34,2015516220,3004,2,2,2
b9-18-k13-x560-g580,35,2015516220,3004,2,2,2
b9-18-k13-x560-g580,36,2015516220,3004,2,2,2
b9-18-k13-x560-g580,37,2015516220,3004,2,2,2
b9-18-k13-x560-g580,38,2015516220,3004,2,2,2
b9-18-k13-x560-g580,39,2015516220,3004,2,2,2
b9-18-k13-x560-g580,40,2015516220,3004,2,2,2
b9-18-k14-x540-g560,1,3374725112,3000,0,0,0
b9-18-k14-x540-g560,2,3374725112,3000,1,1,1
b9-18-k14-x540-g560,3,3374725112,3000,1,1,1
b9-18-k14-x540-g560,4,3374725112,3000,1,1,1
b9-18-k14-x540-g560,5,2270971442,3002,1,1,1
b9-18-k14-x540-g560,6,2270971442,3002,1,1,1
b9-18-k14-x540-g560,7,2270971442,3002,1,1,1
b9-18-k14-x540-g560,8,2270971442,3002,1,1,1
b9-18-k14-x540-g560,9,2270971442,3002,1,1,1
b9-18-k14-x540-g560,10,2270971442,3002,1,1,1
b9-18-k14-x540-g560,11,2270971442,3002,1,1,1
b9-18-k14-x540-g560,12,2270971442,3002,1,1,1
b9-18-k14-x540-g560,13,2270971442,3002,1,1,1
b9-18-k14-x540-g560,14,2270971442,3002,2,2,2
b9-18-k14-x540-g560,15,2270971442,3002,2,2,2
b9-18-k14-x540-g560,16,2015516220,3004,2,2,2
b9-18-k14-x540-g560,17,2015516220,3004,2,2,2
b9-18-k14-x540-g560,18,2015516220,3004,2,2,2
b9-18-k14-x540-g560,19,2015516220,3004,2,2,2
b9-18-k14-x540-g560,20,2015516220,3004,2,2,2
b9-18-k14-x540-g560,21,2015516220,3004,2,2,2
b9-18-k14-x540-g560,22,2015516220,3004,2,2,2
b9-18-k14-x540-g560,23,2015516220,3004,2,2,2
b9-18-k14-x540-g560,24,2015516220,3004,2,2,2
b9-18-k14-x540-g560,25,2015516220,3004,2,2,2
b9-18-k14-x540-g560,26,2015516220,3004,2,2,2
b9-18-k14-x540-g560,27,2015516220,3004,2,2,2
b9-18-k14-x540-g560,28,2015516220,3004,2,2,2
b9-18-k14-x540-g560,29,2015516220,3004,2,2,2
b9-18-k14-x540-g560,30,2015516220,3004,2,2,2
b9-18-k14-x540-g560,31,2015516220,3004,2,2,2
b9-18-k14-x540-g560,32,2015516220,3004,2,2,2
b9-18-k14-x540-g560,33,2015516220,3004,2,2,2
b9-18-k14-x540-g560,34,2015516220,3004,2,2,2
b9-18-k14-x540-g560,35,2015516220,3004,2,2,2
b9-18-k14-x540-g560,36,2015516220,3004,2,2,2
b9-18-k14-x540-g560,37,2015516220,3004,2,2,2
b9-18-k14-x540-g560,38,2015516220,3004,2,2,2
b9-18-k14-x540-g560,39,2015516220,3004,2,2,2
b9-18-k14-x540-g560,40,2015516220,3004,2,2,2
b9-18-k14-x560-g580,1,3374725112,3000,0,0,0
b9-18-k14-x560-g580,2,3374725112,3000,1,1,1
b9-18-k14-x560-g580,3,3374725112,3000,1,1,1
b9-18-k14-x560-g580,4,3374725112,3000,1,1,1
b9-18-k14-x560-g580,5,2270971442,3002,1,1,1
b9-18-k14-x560-g580,6,2270971442,3002,1,1,1
b9-18-k14-x560-g580,7,2270971442,3002,1,1,1
b9-18-k14-x560-g580,8,2270971442,3002,1,1,1
b9-18-k14-x560-g580,9,2270971442,3002,1,1,1
b9-18-k14-x560-g580,10,2270971442,3002,1,1,1
b9-18-k14-x560-g580,11,2270971442,3002,1,1,1
b9-18-k14-x560-g580,12,2270971442,3002,1,1,1
b9-18-k14-x560-g580,13,2270971442,3002,1,1,1
b9-18-k14-x560-g580,14,2270971442,3002,2,2,2
b9-18-k14-x560-g580,15,2270971442,3002,2,2,2
b9-18-k14-x560-g580,16,2015516220,3004,2,2,2
b9-18-k14-x560-g580,17,2015516220,3004,2,2,2
b9-18-k14-x560-g580,18,2015516220,3004,2,2,2
b9-18-k14-x560-g580,19,2015516220,3004,2,2,2
b9-18-k14-x560-g580,20,2015516220,3004,2,2,2
b9-18-k14-x560-g580,21,2015516220,3004,2,2,2
b9-18-k14-x560-g580,22,2015516220,3004,2,2,2
b9-18-k14-x560-g580,23,2015516220,3004,2,2,2
b9-18-k14-x560-g580,24,2015516220,3004,2,2,2
b9-18-k14-x560-g580,25,2015516220,3004,2,2,2
b9-18-k14-x560-g580,26,2015516220,3004,2,2,2
b9-18-k14-x560-g580,27,2015516220,3004,2,2,2
b9-18-k14-x560-g580,28,2015516220,3004,2,2,2
b9-18-k14-x560-g580,29,2015516220,3004,2,2,2
b9-18-k14-x560-g580,30,2015516220,3004,2,2,2
b9-18-k14-x560-g580,31,2015516220,3004,2,2,2
b9-18-k14-x560-g580,32,2015516220,3004,2,2,2
b9-18-k14-x560-g580,33,2015516220,3004,2,2,2
b9-18-k14-x560-g580,34,2015516220,3004,2,2,2
b9-18-k14-x560-g580,35,2015516220,3004,2,2,2
b9-18-k14-x560-g580,36,2015516220,3004,2,2,2
b9-18-k14-x560-g580,37,2015516220,3004,2,2,2
b9-18-k14-x560-g580,38,2015516220,3004,2,2,2
b9-18-k14-x560-g580,39,2015516220,3004,2,2,2
b9-18-k14-x560-g580,40,2015516220,3004,2,2,2
b9-18-k15-x540-g560,1,3374725112,3000,0,0,0
b9-18-k15-x540-g560,2,3374725112,3000,1,1,1
b9-18-k15-x540-g560,3,3374725112,3000,1,1,1
b9-18-k15-x540-g560,4,3374725112,3000,1,1,1
b9-18-k15-x540-g560,5,2270971442,3002,1,1,1
b9-18-k15-x540-g560,6,2270971442,3002,1,1,1
b9-18-k15-x540-g560,7,2270971442,3002,1,1,1
b9-18-k15-x540-g560,8,2270971442,3002,1,1,1
b9-18-k15-x540-g560,9,2270971442,3002,1,1,1
b9-18-k15-x540-g560,10,2270971442,3002,1,1,1
b9-18-k15-x540-g560,11,2270971442,3002,1,1,1
b9-18-k15-x540-g560,12,2270971442,3002,1,1,1
b9-18-k15-x540-g560,13,2270971442,3002,1,1,1
b9-18-k15-x540-g560,14,2270971442,3002,1,1,1
b9-18-k15-x540-g560,15,2270971442,3002,1,1,1
b9-18-k15-x540-g560,16,2015516220,3004,2,2,2
b9-18-k15-x540-g560,17,2015516220,3004,2,2,2
b9-18-k15-x540-g560,18,2015516220,3004,2,2,2
b9-18-k15-x540-g560,19,2015516220,3004,2,2,2
b9-18-k15-x540-g560,20,2015516220,3004,2,2,2
b9-18-k15-x540-g560,21,2015516220,3004,2,2,2
b9-18-k15-x540-g560,22,2015516220,3004,2,2,2
b9-18-k15-x540-g560,23,2015516220,3004,2,2,2
b9-18-k15-x540-g560,24,2015516220,3004,2,2,2
b9-18-k15-x540-g560,25,2015516220,3004,2,2,2
b9-18-k15-x540-g560,26,2015516220,3004,2,2,2
b9-18-k15-x540-g560,27,2015516220,3004,2,2,2
b9-18-k15-x540-g560,28,2015516220,3004,2,2,2
b9-18-k15-x540-g560,29,2015516220,3004,2,2,2
b9-18-k15-x540-g560,30,2015516220,3004,2,2,2
b9-18-k15-x540-g560,31,2015516220,3004,2,2,2
b9-18-k15-x540-g560,32,2015516220,3004,2,2,2
b9-18-k15-x540-g560,33,2015516220,3004,2,2,2
b9-18-k15-x540-g560,34,2015516220,3004,2,2,2
b9-18-k15-x540-g560,35,2015516220,3004,2,2,2
b9-18-k15-x540-g560,36,2015516220,3004,2,2,2
b9-18-k15-x540-g560,37,2015516220,3004,2,2,2
b9-18-k15-x540-g560,38,2015516220,3004,2,2,2
b9-18-k15-x540-g560,39,2015516220,3004,2,2,2
b9-18-k15-x540-g560,40,2015516220,3004,2,2,2
b9-18-k15-x560-g580,1,3374725112,3000,0,0,0
b9-18-k15-x560-g580,2,3374725112,3000,1,1,1
b9-18-k15-x560-g580,3,3374725112,3000,1,1,1
b9-18-k15-x560-g580,4,3374725112,3000,1,1,1
b9-18-k15-x560-g580,5,2270971442,3002,1,1,1
b9-18-k15-x560-g580,6,2270971442,3002,1,1,1
b9-18-k15-x560-g580,7,2270971442,3002,1,1,1
b9-18-k15-x560-g580,8,2270971442,3002,1,1,1
b9-18-k15-x560-g580,9,2270971442,3002,1,1,1
b9-18-k15-x560-g580,10,2270971442,3002,1,1,1
b9-18-k15-x560-g580,11,2270971442,3002,1,1,1
b9-18-k15-x560-g580,12,2270971442,3002,1,1,1
b9-18-k15-x560-g580,13,2270971442,3002,1,1,1
b9-18-k15-x560-g580,14,2270971442,3002,1,1,1
b9-18-k15-x560-g580,15,2270971442,3002,1,1,1
b9-18-k15-x560-g580,16,2015516220,3004,2,2,2
b9-18-k15-x560-g580,17,2015516220,3004,2,2,2
b9-18-k15-x560-g580,18,2015516220,3004,2,2,2
b9-18-k15-x560-g580,19,2015516220,3004,2,2,2
b9-18-k15-x560-g580,20,2015516220,3004,2,2,2
b9-18-k15-x560-g580,21,2015516220,3004,2,2,2
b9-18-k15-x560-g580,22,2015516220,3004,2,2,2
b9-18-k15-x560-g580,23,2015516220,3004,2,2,2
b9-18-k15-x560-g580,24,2015516220,3004,2,2,2
b9-18-k15-x560-g580,25,2015516220,3004,2,2,2
b9-18-k15-x560-g580,26,2015516220,3004,2,2,2
b9-18-k15-x560-g580,27,2015516220,3004,2,2,2
b9-18-k15-x560-g580,28,2015516220,3004,2,2,2
b9-18-k15-x560-g580,29,2015516220,3004,2,2,2
b9-18-k15-x560-g580,30,2015516220,3004,2,2,2
b9-18-k15-x560-g580,31,2015516220,3004,2,2,2
b9-18-k15-x560-g580,32,2015516220,3004,2,2,2
b9-18-k15-x560-g580,33,2015516220,3004,2,2,2
b9-18-k15-x560-g580,34,2015516220,3004,2,2,2
b9-18-k15-x560-g580,35,2015516220,3004,2,2,2
b9-18-k15-x560-g580,36,2015516220,3004,2,2,2
b9-18-k15-x560-g580,37,2015516220,3004,2,2,2
b9-18-k15-x560-g580,38,2015516220,3004,2,2,2
b9-18-k15-x560-g580,39,2015516220,3004,2,2,2
b9-18-k15-x560-g580,40,2015516220,3004,2,2,2
b9-18-k16-x540-g560,1,3374725112,3000,0,0,0
b9-18-k16-x540-g560,2,3374725112,3000,1,1,1
b9-18-k16-x540-g560,3,3374725112,3000,1,1,1
b9-18-k16-x540-g560,4,3374725112,3000,1,1,1
b9-18-k16-x540-g560,5,2270971442,3002,1,1,1
b9-18-k16-x540-g560,6,2270971442,3002,1,1,1
b9-18-k16-x540-g560,7,2270971442,3002,1,1,1
b9-18-k16-x540-g560,8,2270971442,3002,1,1,1
b9-18-k16-x540-g560,9,2270971442,3002,1,1,1
b9-18-k16-x540-g560,10,2270971442,3002,1,1,1
b9-18-k16-x540-g560,11,2270971442,3002,1,1,1
b9-18-k16-x540-g560,12,2270971442,3002,1,1,1
b9-18-k16-x540-g560,13,2270971442,3002,1,1,1
b9-18-k16-x540-g560,14,2270971442,3002,1,1,1
b9-18-k16-x540-g560,15,2270971442,3002,1,1,1
b9-18-k16-x540-g560,16,2015516220,3004,2,2,2
b9-18-k16-x540-g560,17,2015516220,3004,2,2,2
b9-18-k16-x540-g560,18,2015516220,3004,2,2,2
b9-18-k16-x540-g560,19,2015516220,3004,2,2,2
b9-18-k16-x540-g560,20,2015516220,3004,2,2,2
b9-18-k16-x540-g560,21,2015516220,3004,2,2,2
b9-18-k16-x540-g560,22,2015516220,3004,2,2,2
b9-18-k16-x540-g560,23,2015516220,3004,2,2,2
b9-18-k16-x540-g560,24,2015516220,3004,2,2,2
b9-18-k16-x540-g560,25,2015516220,3004,2,2,2
b9-18-k16-x540-g560,26,2015516220,3004,2,2,2
b9-18-k16-x540-g560,27,2015516220,3004,2,2,2
b9-18-k16-x540-g560,28,2015516220,3004,2,2,2
b9-18-k16-x540-g560,29,2015516220,3004,2,2,2
b9-18-k16-x540-g560,30,2015516220,3004,2,2,2
b9-18-k16-x540-g560,31,2015516220,3004,2,2,2
b9-18-k16-x540-g560,32,2015516220,3004,2,2,2
b9-18-k16-x540-g560,33,2015516220,3004,2,2,2
b9-18-k16-x540-g560,34,2015516220,3004,2,2,2
b9-18-k16-x540-g560,35,2015516220,3004,2,2,2
b9-18-k16-x540-g560,36,2015516220,3004,2,2,2
b9-18-k16-x540-g560,37,2015516220,3004,2,2,2
b9-18-k16-x540-g560,38,2015516220,3004,2,2,2
b9-18-k16-x540-g560,39,2015516220,3004,2,2,2
b9-18-k16-x540-g560,40,2015516220,3004,2,2,2
b9-18-k16-x560-g580,1,3374725112,3000,0,0,0
b9-18-k16-x560-g580,2,3374725112,3000,1,1,1
b9-18-k16-x560-g580,3,3374725112,3000,1,1,1
b9-18-k16-x560-g580,4,3374725112,3000,1,1,1
b9-18-k16-x560-g580,5,2270971442,3002,1,1,1
b9-18-k16-x560-g580,6,2270971442,3002,1,1,1
b9-18-k16-x560-g580,7,2270971442,3002,1,1,1
b9-18-k16-x560-g580,8,2270971442,3002,1,1,1
b9-18-k16-x560-g580,9,2270971442,3002,1,1,1
b9-18-k16-x560-g580,10,2270971442,3002,1,1,1
b9-18-k16-x560-g580,11,2270971442,3002,1,1,1
b9-18-k16-x560-g580,12,2270971442,3002,1,1,1
b9-18-k16-x560-g580,13,2270971442,3002,1,1,1
b9-18-k16-x560-g580,14,2270971442,3002,1,1,1
b9-18-k16-x560-g580,15,2270971442,3002,1,1,1
b9-18-k16-x560-g580,16,2015516220,3004,2,2,2
b9-18-k16-x560-g580,17,2015516220,3004,2,2,2
b9-18-k16-x560-g580,18,2015516220,3004,2,2,2
b9-18-k16-x560-g580,19,2015516220,3004,2,2,2
b9-18-k16-x560-g580,20,2015516220,3004,2,2,2
b9-18-k16-x560-g580,21,2015516220,3004,2,2,2
b9-18-k16-x560-g580,22,2015516220,3004,2,2,2
b9-18-k16-x560-g580,23,2015516220,3004,2,2,2
b9-18-k16-x560-g580,24,2015516220,3004,2,2,2
b9-18-k16-x560-g580,25,2015516220,3004,2,2,2
b9-18-k16-x560-g580,26,2015516220,3004,2,2,2
b9-18-k16-x560-g580,27,2015516220,3004,2,2,2
b9-18-k16-x560-g580,28,2015516220,3004,2,2,2
b9-18-k16-x560-g580,29,2015516220,3004,2,2,2
b9-18-k16-x560-g580,30,2015516220,3004,2,2,2
b9-18-k16-x560-g580,31,2015516220,3004,2,2,2
b9-18-k16-x560-g580,32,2015516220,3004,2,2,2
b9-18-k16-x560-g580,33,2015516220,3004,2,2,2
b9-18-k16-x560-g580,34,2015516220,3004,2,2,2
b9-18-k16-x560-g580,35,2015516220,3004,2,2,2
b9-18-k16-x560-g580,36,2015516220,3004,2,2,2
b9-18-k16-x560-g580,37,2015516220,3004,2,2,2
b9-18-k16-x560-g580,38,2015516220,3004,2,2,2
b9-18-k16-x560-g580,39,2015516220,3004,2,2,2
b9-18-k16-x560-g580,40,2015516220,3004,2,2,2
b9-18-k17-x540-g560,1,3374725112,3000,0,0,0
b9-18-k17-x540-g560,2,3374725112,3000,1,1,1
b9-18-k17-x540-g560,3,3374725112,3000,1,1,1
b9-18-k17-x540-g560,4,3374725112,3000,1,1,1
b9-18-k17-x540-g560,5,2270971442,3002,1,1,1
b9-18-k17-x540-g560,6,2270971442,3002,1,1,1
b9-18-k17-x540-g560,7,2270971442,3002,1,1,1
b9-18-k17-x540-g560,8,2270971442,3002,1,1,1
b9-18-k17-x540-g560,9,2270971442,3002,1,1,1
b9-18-k17-x540-g560,10,2270971442,3002,1,1,1
b9-18-k17-x540-g560,11,2270971442,3002,1,1,1
b9-18-k17-x540-g560,12,2270971442,3002,1,1,1
b9-18-k17-x540-g560,13,2270971442,3002,1,1,1
b9-18-k17-x540-g560,14,2270971442,3002,1,1,1
b9-18-k17-x540-g560,15,2270971442,3002,1,1,1
b9-18-k17-x540-g560,16,2015516220,3004,1,1,1
b9-18-k17-x540-g560,17,2015516220,3004,1,1,1
b9-18-k17-x540-g560,18,2015516220,3004,2,2,2
b9-18-k17-x540-g560,19,2015516220,3004,2,2,2
b9-18-k17-x540-g560,20,2015516220,3004,2,2,2
b9-18-k17-x540-g560,21,2015516220,3004,2,2,2
b9-18-k17-x540-g560,22,2015516220,3004,2,2,2
b9-18-k17-x540-g560,23,2015516220,3004,2,2,2
b9-18-k17-x540-g560,24,2015516220,3004,2,2,2
b9-18-k17-x540-g560,25,2015516220,3004,2,2,2
b9-18-k17-x540-g560,26,2015516220,3004,2,2,2
b9-18-k17-x540-g560,27,2015516220,3004,2,2,2
b9-18-k17-x540-g560,28,2015516220,3004,2,2,2
b9-18-k17-x540-g560,29,2015516220,3004,2,2,2
b9-18-k17-x540-g560,30,2015516220,3004,2,2,2
b9-18-k17-x540-g560,31,2015516220,3004,2,2,2
b9-18-k17-x540-g560,32,2015516220,3004,2,2,2
b9-18-k17-x540-g560,33,2015516220,3004,2,2,2
b9-18-k17-x540-g560,34,2015516220,3004,2,2,2
b9-18-k17-x540-g560,35,2015516220,3004,2,2,2
b9-18-k17-x540-g560,36,2015516220,3004,2,2,2
b9-18-k17-x540-g560,37,2015516220,3004,2,2,2
b9-18-k17-x540-g560,38,2015516220,3004,2,2,2
b9-18-k17-x540-g560,39,2015516220,3004,2,2,2
b9-18-k17-x540-g560,40,2015516220,3004,2,2,2
b9-18-k17-x560-g580,1,3374725112,3000,0,0,0
b9-18-k17-x560-g580,2,3374725112,3000,1,1,1
b9-18-k17-x560-g580,3,3374725112,3000,1,1,1
b9-18-k17-x560-g580,4,3374725112,3000,1,1,1
b9-18-k17-x560-g580,5,2270971442,3002,1,1,1
b9-18-k17-x560-g580,6,2270971442,3002,1,1,1
b9-18-k17-x560-g580,7,2270971442,3002,1,1,1
b9-18-k17-x560-g580,8,2270971442,3002,1,1,1
b9-18-k17-x560-g580,9,2270971442,3002,1,1,1
b9-18-k17-x560-g580,10,2270971442,3002,1,1,1
b9-18-k17-x560-g580,11,2270971442,3002,1,1,1
b9-18-k17-x560-g580,12,2270971442,3002,1,1,1
b9-18-k17-x560-g580,13,2270971442,3002,1,1,1
b9-18-k17-x560-g580,14,2270971442,3002,1,1,1
b9-18-k17-x560-g580,15,2270971442,3002,1,1,1
b9-18-k17-x560-g580,16,2015516220,3004,1,1,1
b9-18-k17-x560-g580,17,2015516220,3004,1,1,1
b9-18-k17-x560-g580,18,2015516220,3004,2,2,2
b9-18-k17-x560-g580,19,2015516220,3004,2,2,2
b9-18-k17-x560-g580,20,2015516220,3004,2,2,2
b9-18-k17-x560-g580,21,2015516220,3004,2,2,2
b9-18-k17-x560-g580,22,2015516220,3004,2,2,2
b9-18-k17-x560-g580,23,2015516220,3004,2,2,2
b9-18-k17-x560-g580,24,2015516220,3004,2,2,2
b9-18-k17-x560-g580,25,2015516220,3004,2,2,2
b9-18-k17-x560-g580,26,2015516220,3004,2,2,2
b9-18-k17-x560-g580,27,2015516220,3004,2,2,2
b9-18-k17-x560-g580,28,2015516220,3004,2,2,2
b9-18-k17-x560-g580,29,2015516220,3004,2,2,2
b9-18-k17-x560-g580,30,2015516220,3004,2,2,2
b9-18-k17-x560-g580,31,2015516220,3004,2,2,2
b9-18-k17-x560-g580,32,2015516220,3004,2,2,2
b9-18-k17-x560-g580,33,2015516220,3004,2,2,2
b9-18-k17-x560-g580,34,2015516220,3004,2,2,2
b9-18-k17-x560-g580,35,2015516220,3004,2,2,2
b9-18-k17-x560-g580,36,2015516220,3004,2,2,2
b9-18-k17-x560-g580,37,2015516220,3004,2,2,2
b9-18-k17-x560-g580,38,2015516220,3004,2,2,2
b9-18-k17-x560-g580,39,2015516220,3004,2,2,2
b9-18-k17-x560-g580,40,2015516220,3004,2,2,2
b9-18-k18-x540-g560,1,3374725112,3000,0,0,0
b9-18-k18-x540-g560,2,3374725112,3000,1,1,1
b9-18-k18-x540-g560,3,3374725112,3000,1,1,1
b9-18-k18-x540-g560,4,3374725112,3000,1,1,1
b9-18-k18-x540-g560,5,2270971442,3002,1,1,1
b9-18-k18-x540-g560,6,2270971442,3002,1,1,1
b9-18-k18-x540-g560,7,2270971442,3002,1,1,1
b9-18-k18-x540-g560,8,2270971442,3002,1,1,1
b9-18-k18-x540-g560,9,2270971442,3002,1,1,1
b9-18-k18-x540-g560,10,2270971442,3002,1,1,1
b9-18-k18-x540-g560,11,2270971442,3002,1,1,1
b9-18-k18-x540-g560,12,2270971442,3002,1,1,1
b9-18-k18-x540-g560,13,2270971442,3002,1,1,1
b9-18-k18-x540-g560,14,2270971442,3002,1,1,1
b9-18-k18-x540-g560,15,2270971442,3002,1,1,1
b9-18-k18-x540-g560,16,2015516220,3004,1,1,1
b9-18-k18-x540-g560,17,2015516220,3004,1,1,1
b9-18-k18-x540-g560,18,2015516220,3004,2,2,2
b9-18-k18-x540-g560,19,2015516220,3004,2,2,2
b9-18-k18-x540-g560,20,2015516220,3004,2,2,2
b9-18-k18-x540-g560,21,2015516220,3004,2,2,2
b9-18-k18-x540-g560,22,2015516220,3004,2,2,2
b9-18-k18-x540-g560,23,2015516220,3004,2,2,2
b9-18-k18-x540-g560,24,2015516220,3004,2,2,2
b9-18-k18-x540-g560,25,2015516220,3004,2,2,2
b9-18-k18-x540-g560,26,2015516220,3004,2,2,2
b9-18-k18-x540-g560,27,2015516220,3004,2,2,2
b9-18-k18-x540-g560,28,2015516220,3004,2,2,2
b9-18-k18-x540-g560,29,2015516220,3004,2,2,2
b9-18-k18-x540-g560,30,2015516220,3004,2,2,2
b9-18-k18-x540-g560,31,2015516220,3004,2,2,2
b9-18-k18-x540-g560,32,2015516220,3004,2,2,2
b9-18-k18-x540-g560,33,2015516220,3004,2,2,2
b9-18-k18-x540-g560,34,2015516220,3004,2,2,2
b9-18-k18-x540-g560,35,2015516220,3004,2,2,2
b9-18-k18-x540-g560,36,2015516220,3004,2,2,2
b9-18-k18-x540-g560,37,2015516220,3004,2,2,2
b9-18-k18-x540-g560,38,2015516220,3004,2,2,2
b9-18-k18-x540-g560,39,2015516220,3004,2,2,2
b9-18-k18-x540-g560,40,2015516220,3004,2,2,2
b9-18-k18-x560-g580,1,3374725112,3000,0,0,0
b9-18-k18-x560-g580,2,3374725112,3000,1,1,1
b9-18-k18-x560-g580,3,3374725112,3000,1,1,1
b9-18-k18-x560-g580,4,3374725112,3000,1,1,1
b9-18-k18-x560-g580,5,2270971442,3002,1,1,1
b9-18-k18-x560-g580,6,2270971442,3002,1,1,1
b9-18-k18-x560-g580,7,2270971442,3002,1,1,1
b9-18-k18-x560-g580,8,2270971442,3002,1,1,1
b9-18-k18-x560-g580,9,2270971442,3002,1,1,1
b9-18-k18-x560-g580,10,2270971442,3002,1,1,1
b9-18-k18-x560-g580,11,2270971442,3002,1,1,1
b9-18-k18-x560-g580,12,2270971442,3002,1,1,1
b9-18-k18-x560-g580,13,2270971442,3002,1,1,1
b9-18-k18-x560-g580,14,2270971442,3002,1,1,1
b9-18-k18-x560-g580,15,2270971442,3002,1,1,1
b9-18-k18-x560-g580,16,2015516220,3004,1,1,1
b9-18-k18-x560-g580,17,2015516220,3004,1,1,1
b9-18-k18-x560-g580,18,2015516220,3004,2,2,2
b9-18-k18-x560-g580,19,2015516220,3004,2,2,2
b9-18-k18-x560-g580,20,2015516220,3004,2,2,2
b9-18-k18-x560-g580,21,2015516220,3004,2,2,2
b9-18-k18-x560-g580,22,2015516220,3004,2,2,2
b9-18-k18-x560-g580,23,2015516220,3004,2,2,2
b9-18-k18-x560-g580,24,2015516220,3004,2,2,2
b9-18-k18-x560-g580,25,2015516220,3004,2,2,2
b9-18-k18-x560-g580,26,2015516220,3004,2,2,2
b9-18-k18-x560-g580,27,2015516220,3004,2,2,2
b9-18-k18-x560-g580,28,2015516220,3004,2,2,2
b9-18-k18-x560-g580,29,2015516220,3004,2,2,2
b9-18-k18-x560-g580,30,2015516220,3004,2,2,2
b9-18-k18-x560-g580,31,2015516220,3004,2,2,2
b9-18-k18-x560-g580,32,2015516220,3004,2,2,2
b9-18-k18-x560-g580,33,2015516220,3004,2,2,2
b9-18-k18-x560-g580,34,2015516220,3004,2,2,2
b9-18-k18-x560-g580,35,2015516220,3004,2,2,2
b9-18-k18-x560-g580,36,2015516220,3004,2,2,2
b9-18-k18-x560-g580,37,2015516220,3004,2,2,2
b9-18-k18-x560-g580,38,2015516220,3004,2,2,2
b9-18-k18-x560-g580,39,2015516220,3004,2,2,2
b9-18-k18-x560-g580,40,2015516220,3004,2,2,2
b9-18-k19-x540-g560,1,3374725112,3000,0,0,0
b9-18-k19-x540-g560,2,3374725112,3000,1,1,1
b9-18-k19-x540-g560,3,3374725112,3000,1,1,1
b9-18-k19-x540-g560,4,3374725112,3000,1,1,1
b9-18-k19-x540-g560,5,2270971442,3002,1,1,1
b9-18-k19-x540-g560,6,2270971442,3002,1,1,1
b9-18-k19-x540-g560,7,2270971442,3002,1,1,1
b9-18-k19-x540-g560,8,2270971442,3002,1,1,1
b9-18-k19-x540-g560,9,2270971442,3002,1,1,1
b9-18-k19-x540-g560,10,2270971442,3002,1,1,1
b9-18-k19-x540-g560,11,2270971442,3002,1,1,1
b9-18-k19-x540-g560,12,2270971442,3002,1,1,1
b9-18-k19-x540-g560,13,2270971442,3002,1,1,1
b9-18-k19-x540-g560,14,2270971442,3002,1,1,1
b9-18-k19-x540-g560,15,2270971442,3002,1,1,1
b9-18-k19-x540-g560,16,2015516220,3004,1,1,1
b9-18-k19-x540-g560,17,2015516220,3004,1,1,1
b9-18-k19-x540-g560,18,2015516220,3004,1,1,1
b9-18-k19-x540-g560,19,2015516220,3004,1,1,1
b9-18-k19-x540-g560,20,2015516220,3004,2,2,2
b9-18-k19-x540-g560,21,2015516220,3004,2,2,2
b9-18-k19-x540-g560,22,2015516220,3004,2,2,2
b9-18-k19-x540-g560,23,2015516220,3004,2,2,2
b9-18-k19-x540-g560,24,2015516220,3004,2,2,2
b9-18-k19-x540-g560,25,3379885718,3006,2,2,2
b9-18-k19-x540-g560,26,3379885718,3006,2,2,2
b9-18-k19-x540-g560,27,3379885718,3006,2,2,2
b9-18-k19-x540-g560,28,3379885718,3006,2,2,2
b9-18-k19-x540-g560,29,3379885718,3006,2,2,2
b9-18-k19-x540-g560,30,3379885718,3006,2,2,2
b9-18-k19-x540-g560,31,3379885718,3006,2,2,2
b9-18-k19-x540-g560,32,3379885718,3006,2,2,2
b9-18-k19-x540-g560,33,3379885718,3006,2,2,2
b9-18-k19-x540-g560,34,3379885718,3006,2,2,2
b9-18-k19-x540-g560,35,3379885718,3006,2,2,2
b9-18-k19-x540-g560,36,3379885718,3006,2,2,2
b9-18-k19-x540-g560,37,3379885718,3006,2,2,2
b9-18-k19-x540-g560,38,3379885718,3006,2,2,2
b9-18-k19-x540-g560,39,3379885718,3006,2,2,2
b9-18-k19-x540-g560,40,3379885718,3006,2,2,2
b9-18-k19-x560-g580,1,3374725112,3000,0,0,0
b9-18-k19-x560-g580,2,3374725112,3000,1,1,1
b9-18-k19-x560-g580,3,3374725112,3000,1,1,1
b9-18-k19-x560-g580,4,3374725112,3000,1,1,1
b9-18-k19-x560-g580,5,2270971442,3002,1,1,1
b9-18-k19-x560-g580,6,2270971442,3002,1,1,1
b9-18-k19-x560-g580,7,2270971442,3002,1,1,1
b9-18-k19-x560-g580,8,2270971442,3002,1,1,1
b9-18-k19-x560-g580,9,2270971442,3002,1,1,1
b9-18-k19-x560-g580,10,2270971442,3002,1,1,1
b9-18-k19-x560-g580,11,2270971442,3002,1,1,1
b9-18-k19-x560-g580,12,2270971442,3002,1,1,1
b9-18-k19-x560-g580,13,2270971442,3002,1,1,1
b9-18-k19-x560-g580,14,2270971442,3002,1,1,1
b9-18-k19-x560-g580,15,2270971442,3002,1,1,1
b9-18-k19-x560-g580,16,2015516220,3004,1,1,1
b9-18-k19-x560-g580,17,2015516220,3004,1,1,1
b9-18-k19-x560-g580,18,2015516220,3004,1,1,1
b9-18-k19-x560-g580,19,2015516220,3004,1,1,1
b9-18-k19-x560-g580,20,2015516220,3004,2,2,2
b9-18-k19-x560-g580,21,2015516220,3004,2,2,2
b9-18-k19-x560-g580,22,2015516220,3004,2,2,2
b9-18-k19-x560-g580,23,2015516220,3004,2,2,2
b9-18-k19-x560-g580,24,2015516220,3004,2,2,2
b9-18-k19-x560-g580,25,3379885718,3006,2,2,2
b9-18-k19-x560-g580,26,3379885718,3006,2,2,2
b9-18-k19-x560-g580,27,3379885718,3006,2,2,2
b9-18-k19-x560-g580,28,3379885718,3006,2,2,2
b9-18-k19-x560-g580,29,3379885718,3006,2,2,2
b9-18-k19-x560-g580,30,3379885718,3006,2,2,2
b9-18-k19-x560-g580,31,3379885718,3006,2,2,2
b9-18-k19-x560-g580,32,3379885718,3006,2,2,2
b9-18-k19-x560-g580,33,3379885718,3006,2,2,2
b9-18-k19-x560-g580,34,3379885718,3006,2,2,2
b9-18-k19-x560-g580,35,3379885718,3006,2,2,2
b9-18-k19-x560-g580,36,3379885718,3006,2,2,2
b9-18-k19-x560-g580,37,3379885718,3006,2,2,2
b9-18-k19-x560-g580,38,3379885718,3006,2,2,2
b9-18-k19-x560-g580,39,3379885718,3006,2,2,2
b9-18-k19-x560-g580,40,3379885718,3006,2,2,2
b10-16-k13-x540-g560,1,3374725112,3000,0,0,0
b10-16-k13-x540-g560,2,3374725112,3000,1,1,1
b10-16-k13-x540-g560,3,3374725112,3000,1,1,1
b10-16-k13-x540-g560,4,3374725112,3000,1,1,1
b10-16-k13-x540-g560,5,2270971442,3002,1,1,1
b10-16-k13-x540-g560,6,2270971442,3002,1,1,1
b10-16-k13-x540-g560,7,2270971442,3002,1,1,1
b10-16-k13-x540-g560,8,2270971442,3002,1,1,1
b10-16-k13-x540-g560,9,2270971442,3002,1,1,1
b10-16-k13-x540-g560,10,2270971442,3002,1,1,1
b10-16-k13-x540-g560,11,2270971442,3002,1,1,1
b10-16-k13-x540-g560,12,2270971442,3002,1,1,1
b10-16-k13-x540-g560,13,2270971442,3002,1,1,1
b10-16-k13-x540-g560,14,2270971442,3002,2,2,2
b10-16-k13-x540-g560,15,2270971442,3002,2,2,2
b10-16-k13-x540-g560,16,2015516220,3004,2,2,2
b10-16-k13-x540-g560,17,2015516220,3004,2,2,2
b10-16-k13-x540-g560,18,2015516220,3004,2,2,2
b10-16-k13-x540-g560,19,2015516220,3004,2,2,2
b10-16-k13-x540-g560,20,2015516220,3004,2,2,2
b10-16-k13-x540-g560,21,2015516220,3004,2,2,2
b10-16-k13-x540-g560,22,2015516220,3004,2,2,2
b10-16-k13-x540-g560,23,2015516220,3004,2,2,2
b10-16-k13-x540-g560,24,2015516220,3004,2,2,2
b10-16-k13-x540-g560,25,2015516220,3004,2,2,2
b10-16-k13-x540-g560,26,2015516220,3004,2,2,2
b10-16-k13-x540-g560,27,2015516220,3004,2,2,2
b10-16-k13-x540-g560,28,2015516220,3004,2,2,2
b10-16-k13-x540-g560,29,2015516220,3004,2,2,2
b10-16-k13-x540-g560,30,2015516220,3004,2,2,2
b10-16-k13-x540-g560,31,2015516220,3004,2,2,2
b10-16-k13-x540-g560,32,2015516220,3004,2,2,2
b10-16-k13-x540-g560,33,2015516220,3004,2,2,2
b10-16-k13-x540-g560,34,2015516220,3004,2,2,2
b10-16-k13-x540-g560,35,2015516220,3004,2,2,2
b10-16-k13-x540-g560,36,2015516220,3004,2,2,2
b10-16-k13-x540-g560,37,2015516220,3004,2,2,2
b10-16-k13-x540-g560,38,2015516220,3004,2,2,2
b10-16-k13-x540-g560,39,2015516220,3004,2,2,2
b10-16-k13-x540-g560,40,2015516220,3004,2,2,2
b10-16-k13-x560-g580,1,3374725112,3000,0,0,0
b10-16-k13-x560-g580,2,3374725112,3000,1,1,1
b10-16-k13-x560-g580,3,3374725112,3000,1,1,1
b10-16-k13-x560-g580,4,3374725112,3000,1,1,1
b10-16-k13-x560-g580,5,2270971442,3002,1,1,1
b10-16-k13-x560-g580,6,2270971442,3002,1,1,1
b10-16-k13-x560-g580,7,2270971442,3002,1,1,1
b10-16-k13-x560-g580,8,2270971442,3002,1,1,1
b10-16-k13-x560-g580,9,2270971442,3002,1,1,1
b10-16-k13-x560-g580,10,2270971442,3002,1,1,1
b10-16-k13-x560-g580,11,2270971442,3002,1,1,1
b10-16-k13-x560-g580,12,2270971442,3002,1,1,1
b10-16-k13-x560-g580,13,2270971442,3002,1,1,1
b10-16-k13-x560-g580,14,2270971442,3002,2,2,2
b10-16-k13-x560-g580,15,2270971442,3002,2,2,2
b10-16-k13-x560-g580,16,2015516220,3004,2,2,2
b10-16-k13-x560-g580,17,2015516220,3004,2,2,2
b10-16-k13-x560-g580,18,2015516220,3004,2,2,2
b10-16-k13-x560-g580,19,2015516220,3004,2,2,2
b10-16-k13-x560-g580,20,2015516220,3004,2,2,2
b10-16-k13-x560-g580,21,2015516220,3004,2,2,2
b10-16-k13-x560-g580,22,2015516220,3004,2,2,2
b10-16-k13-x560-g580,23,2015516220,3004,2,2,2
b10-16-k13-x560-g580,24,2015516220,3004,2,2,2
b10-16-k13-x560-g580,25,2015516220,3004,2,2,2
b10-16-k13-x560-g580,26,2015516220,3004,2,2,2
b10-16-k13-x560-g580,27,2015516220,3004,2,2,2
b10-16-k13-x560-g580,28,2015516220,3004,2,2,2
b10-16-k13-x560-g580,29,2015516220,3004,2,2,2
b10-16-k13-x560-g580,30,2015516220,3004,2,2,2
b10-16-k13-x560-g580,31,2015516220,3004,2,2,2
b10-16-k13-x560-g580,32,2015516220,3004,2,2,2
b10-16-k13-x560-g580,33,2015516220,3004,2,2,2
b10-16-k13-x560-g580,34,2015516220,3004,2,2,2
b10-16-k13-x560-g580,35,2015516220,3004,2,2,2
b10-16-k13-x560-g580,36,2015516220,3004,2,2,2
b10-16-k13-x560-g580,37,2015516220,3004,2,2,2
b10-16-k13-x560-g580,38,2015516220,3004,2,2,2
b10-16-k13-x560-g580,39,2015516220,3004,2,2,2
b10-16-k13-x560-g580,40,2015516220,3004,2,2,2
b10-16-k14-x540-g560,1,3374725112,3000,0,0,0
b10-16-k14-x540-g560,2,3374725112,3000,1,1,1
b10-16-k14-x540-g560,3,3374725112,3000,1,1,1
b10-16-k14-x540-g560,4,3374725112,3000,1,1,1
b10-16-k14-x540-g560,5,2270971442,3002,1,1,1
b10-16-k14-x540-g560,6,2270971442,3002,1,1,1
b10-16-k14-x540-g560,7,2270971442,3002,1,1,1
b10-16-k14-x540-g560,8,2270971442,3002,1,1,1
b10-16-k14-x540-g560,9,2270971442,3002,1,1,1
b10-16-k14-x540-g560,10,2270971442,3002,1,1,1
b10-16-k14-x540-g560,11,2270971442,3002,1,1,1
b10-16-k14-x540-g560,12,2270971442,3002,1,1,1
b10-16-k14-x540-g560,13,2270971442,3002,1,1,1
b10-16-k14-x540-g560,14,2270971442,3002,2,2,2
b10-16-k14-x540-g560,15,2270971442,3002,2,2,2
b10-16-k14-x540-g560,16,2015516220,3004,2,2,2
b10-16-k14-x540-g560,17,2015516220,3004,2,2,2
b10-16-k14-x540-g560,18,2015516220,3004,2,2,2
b10-16-k14-x540-g560,19,2015516220,3004,2,2,2
b10-16-k14-x540-g560,20,2015516220,3004,2,2,2
b10-16-k14-x540-g560,21,2015516220,3004,2,2,2
b10-16-k14-x540-g560,22,2015516220,3004,2,2,2
b10-16-k14-x540-g560,23,2015516220,3004,2,2,2
b10-16-k14-x540-g560,24,2015516220,3004,2,2,2
b10-16-k14-x540-g560,25,2015516220,3004,2,2,2
b10-16-k14-x540-g560,26,2015516220,3004,2,2,2
b10-16-k14-x540-g560,27,2015516220,3004,2,2,2
b10-16-k14-x540-g560,28,2015516220,3004,2,2,2
b10-16-k14-x540-g560,29,2015516220,3004,2,2,2
b10-16-k14-x540-g560,30,2015516220,3004,2,2,2
b10-16-k14-x540-g560,31,2015516220,3004,2,2,2
b10-16-k14-x540-g560,32,2015516220,3004,2,2,2
b10-16-k14-x540-g560,33,2015516220,3004,2,2,2
b10-16-k14-x540-g560,34,2015516220,3004,2,2,2
b10-16-k14-x540-g560,35,2015516220,3004,2,2,2
b10-16-k14-x540-g560,36,2015516220,3004,2,2,2
b10-16-k14-x540-g560,37,2015516220,3004,2,2,2
b10-16-k14-x540-g560,38,2015516220,3004,2,2,2
b10-16-k14-x540-g560,39,2015516220,3004,2,2,2
b10-16-k14-x540-g560,40,2015516220,3004,2,2,2
b10-16-k14-x560-g580,1,3374725112,3000,0,0,0
b10-16-k14-x560-g580,2,3374725112,3000,1,1,1
b10-16-k14-x560-g580,3,3374725112,3000,1,1,1
b10-16-k14-x560-g580,4,3374725112,3000,1,1,1
b10-16-k14-x560-g580,5,2270971442,3002,1,1,1
b10-16-k14-x560-g580,6,2270971442,3002,1,1,1
b10-16-k14-x560-g580,7,2270971442,3002,1,1,1
b10-16-k14-x560-g580,8,2270971442,3002,1,1,1
b10-16-k14-x560-g580,9,2270971442,3002,1,1,1
b10-16-k14-x560-g580,10,2270971442,3002,1,1,1
b10-16-k14-x560-g580,11,2270971442,3002,1,1,1
b10-16-k14-x560-g580,12,2270971442,3002,1,1,1
b10-16-k14-x560-g580,13,2270971442,3002,1,1,1
b10-16-k14-x560-g580,14,2270971442,3002,2,2,2
b10-16-k14-x560-g580,15,2270971442,3002,2,2,2
b10-16-k14-x560-g580,16,2015516220,3004,2,2,2
b10-16-k14-x560-g580,17,2015516220,3004,2,2,2
b10-16-k14-x560-g580,18,2015516220,3004,2,2,2
b10-16-k14-x560-g580,19,2015516220,3004,2,2,2
b10-16-k14-x560-g580,20,2015516220,3004,2,2,2
b10-16-k14-x560-g580,21,2015516220,3004,2,2,2
b10-16-k14-x560-g580,22,2015516220,3004,2,2,2
b10-16-k14-x560-g580,23,2015516220,3004,2,2,2
b10-16-k14-x560-g580,24,2015516220,3004,2,2,2
b10-16-k14-x560-g580,25,2015516220,3004,2,2,2
b10-16-k14-x560-g580,26,2015516220,3004,2,2,2
b10-16-k14-x560-g580,27,2015516220,3004,2,2,2
b10-16-k14-x560-g580,28,2015516220,3004,2,2,2
b10-16-k14-x560-g580,29,2015516220,3004,2,2,2
b10-16-k14-x560-g580,30,2015516220,3004,2,2,2
b10-16-k14-x560-g580,31,2015516220,3004,2,2,2
b10-16-k14-x560-g580,32,2015516220,3004,2,2,2
b10-16-k14-x560-g580,33,2015516220,3004,2,2,2
b10-16-k14-x560-g580,34,2015516220,3004,2,2,2
b10-16-k14-x560-g580,35,2015516220,3004,2,2,2
b10-16-k14-x560-g580,36,2015516220,3004,2,2,2
b10-16-k14-x560-g580,37,2015516220,3004,2,2,2
b10-16-k14-x560-g580,38,2015516220,3004,2,2,2
b10-16-k14-x560-g580,39,2015516220,3004,2,2,2
b10-16-k14-x560-g580,40,2015516220,3004,2,2,2
b10-16-k15-x540-g560,1,3374725112,3000,0,0,0
b10-16-k15-x540-g560,2,3374725112,3000,1,1,1
b10-16-k15-x540-g560,3,3374725112,3000,1,1,1
b10-16-k15-x540-g560,4,3374725112,3000,1,1,1
b10-16-k15-x540-g560,5,2270971442,3002,1,1,1
b10-16-k15-x540-g560,6,2270971442,3002,1,1,1
b10-16-k15-x540-g560,7,2270971442,3002,1,1,1
b10-16-k15-x540-g560,8,2270971442,3002,1,1,1
b10-16-k15-x540-g560,9,2270971442,3002,1,1,1
b10-16-k15-x540-g560,10,2270971442,3002,1,1,1
b10-16-k15-x540-g560,11,2270971442,3002,1,1,1
b10-16-k15-x540-g560,12,2270971442,3002,1,1,1
b10-16-k15-x540-g560,13,2270971442,3002,1,1,1
b10-16-k15-x540-g560,14,2270971442,3002,1,1,1
b10-16-k15-x540-g560,15,2270971442,3002,1,1,1
b10-16-k15-x540-g560,16,2015516220,3004,2,2,2
b10-16-k15-x540-g560,17,2015516220,3004,2,2,2
b10-16-k15-x540-g560,18,2015516220,3004,2,2,2
b10-16-k15-x540-g560,19,2015516220,3004,2,2,2
b10-16-k15-x540-g560,20,2015516220,3004,2,2,2
b10-16-k15-x540-g560,21,2015516220,3004,2,2,2
b10-16-k15-x540-g560,22,2015516220,3004,2,2,2
b10-16-k15-x540-g560,23,2015516220,3004,2,2,2
b10-16-k15-x540-g560,24,2015516220,3004,2,2,2
b10-16-k15-x540-g560,25,2015516220,3004,2,2,2
b10-16-k15-x540-g560,26,2015516220,3004,2,2,2
b10-16-k15-x540-g560,27,2015516220,3004,2,2,2
b10-16-k15-x540-g560,28,2015516220,3004,2,2,2
b10-16-k15-x540-g560,29,2015516220,3004,2,2,2
b10-16-k15-x540-g560,30,2015516220,3004,2,2,2
b10-16-k15-x540-g560,31,2015516220,3004,2,2,2
b10-16-k15-x540-g560,32,2015516220,3004,2,2,2
b10-16-k15-x540-g560,33,2015516220,3004,2,2,2
b10-16-k15-x540-g560,34,2015516220,3004,2,2,2
b10-16-k15-x540-g560,35,2015516220,3004,2,2,2
b10-16-k15-x540-g560,36,2015516220,3004,2,2,2
b10-16-k15-x540-g560,37,2015516220,3004,2,2,2
b10-16-k15-x540-g560,38,2015516220,3004,2,2,2
b10-16-k15-x540-g560,39,2015516220,3004,2,2,2
b10-16-k15-x540-g560,40,2015516220,3004,2,2,2
b10-16-k15-x560-g580,1,3374725112,3000,0,0,0
b10-16-k15-x560-g580,2,3374725112,3000,1,1,1
b10-16-k15-x560-g580,3,3374725112,3000,1,1,1
b10-16-k15-x560-g580,4,3374725112,3000,1,1,1
b10-16-k15-x560-g580,5,2270971442,3002,1,1,1
b10-16-k15-x560-g580,6,2270971442,3002,1,1,1
b10-16-k15-x560-g580,7,2270971442,3002,1,1,1
b10-16-k15-x560-g580,8,2270971442,3002,1,1,1
b10-16-k15-x560-g580,9,2270971442,3002,1,1,1
b10-16-k15-x560-g580,10,2270971442,3002,1,1,1
b10-16-k15-x560-g580,11,2270971442,3002,1,1,1
b10-16-k15-x560-g580,12,2270971442,3002,1,1,1
b10-16-k15-x560-g580,13,2270971442,3002,1,1,1
b10-16-k15-x560-g580,14,2270971442,3002,1,1,1
b10-16-k15-x560-g580,15,2270971442,3002,1,1,1
b10-16-k15-x560-g580,16,2015516220,3004,2,2,2
b10-16-k15-x560-g580,17,2015516220,3004,2,2,2
b10-16-k15-x560-g580,18,2015516220,3004,2,2,2
b10-16-k15-x560-g580,19,2015516220,3004,2,2,2
b10-16-k15-x560-g580,20,2015516220,3004,2,2,2
b10-16-k15-x560-g580,21,2015516220,3004,2,2,2
b10-16-k15-x560-g580,22,2015516220,3004,2,2,2
b10-16-k15-x560-g580,23,2015516220,3004,2,2,2
b10-16-k15-x560-g580,24,2015516220,3004,2,2,2
b10-16-k15-x560-g580,25,2015516220,3004,2,2,2
b10-16-k15-x560-g580,26,2015516220,3004,2,2,2
b10-16-k15-x560-g580,27,2015516220,3004,2,2,2
b10-16-k15-x560-g580,28,2015516220,3004,2,2,2
b10-16-k15-x560-g580,29,2015516220,3004,2,2,2
b10-16-k15-x560-g580,30,2015516220,3004,2,2,2
b10-16-k15-x560-g580,31,2015516220,3004,2,2,2
b10-16-k15-x560-g580,32,2015516220,3004,2,2,2
b10-16-k15-x560-g580,33,2015516220,3004,2,2,2
b10-16-k15-x560-g580,34,2015516220,3004,2,2,2
b10-16-k15-x560-g580,35,2015516220,3004,2,2,2
b10-16-k15-x560-g580,36,2015516220,3004,2,2,2
b10-16-k15-x560-g580,37,2015516220,3004,2,2,2
b10-16-k15-x560-g580,38,2015516220,3004,2,2,2
b10-16-k15-x560-g580,39,2015516220,3004,2,2,2
b10-16-k15-x560-g580,40,2015516220,3004,2,2,2
b10-16-k16-x540-g560,1,3374725112,3000,0,0,0
b10-16-k16-x540-g560,2,3374725112,3000,1,1,1
b10-16-k16-x540-g560,3,3374725112,3000,1,1,1
b10-16-k16-x540-g560,4,3374725112,3000,1,1,1
b10-16-k16-x540-g560,5,2270971442,3002,1,1,1
b10-16-k16-x540-g560,6,2270971442,3002,1,1,1
b10-16-k16-x540-g560,7,2270971442,3002,1,1,1
b10-16-k16-x540-g560,8,2270971442,3002,1,1,1
b10-16-k16-x540-g560,9,2270971442,3002,1,1,1
b10-16-k16-x540-g560,10,2270971442,3002,1,1,1
b10-16-k16-x540-g560,11,2270971442,3002,1,1,1
b10-16-k16-x540-g560,12,2270971442,3002,1,1,1
b10-16-k16-x540-g560,13,2270971442,3002,1,1,1
b10-16-k16-x540-g560,14,2270971442,3002,1,1,1
b10-16-k16-x540-g560,15,2270971442,3002,1,1,1
b10-16-k16-x540-g560,16,2015516220,3004,2,2,2
b10-16-k16-x540-g560,17,2015516220,3004,2,2,2
b10-16-k16-x540-g560,18,2015516220,3004,2,2,2
b10-16-k16-x540-g560,19,2015516220,3004,2,2,2
b10-16-k16-x540-g560,20,2015516220,3004,2,2,2
b10-16-k16-x540-g560,21,2015516220,3004,2,2,2
b10-16-k16-x540-g560,22,2015516220,3004,2,2,2
b10-16-k16-x540-g560,23,2015516220,3004,2,2,2
b10-16-k16-x540-g560,24,2015516220,3004,2,2,2
b10-16-k16-x540-g560,25,2015516220,3004,2,2,2
b10-16-k16-x540-g560,26,2015516220,3004,2,2,2
b10-16-k16-x540-g560,27,2015516220,3004,2,2,2
b10-16-k16-x540-g560,28,2015516220,3004,2,2,2
b10-16-k16-x540-g560,29,2015516220,3004,2,2,2
b10-16-k16-x540-g560,30,2015516220,3004,2,2,2
b10-16-k16-x540-g560,31,2015516220,3004,2,2,2
b10-16-k16-x540-g560,32,2015516220,3004,2,2,2
b10-16-k16-x540-g560,33,2015516220,3004,2,2,2
b10-16-k16-x540-g560,34,2015516220,3004,2,2,2
b10-16-k16-x540-g560,35,2015516220,3004,2,2,2
b10-16-k16-x540-g560,36,2015516220,3004,2,2,2
b10-16-k16-x540-g560,37,2015516220,3004,2,2,2
b10-16-k16-x540-g560,38,2015516220,3004,2,2,2
b10-16-k16-x540-g560,39,2015516220,3004,2,2,2
b10-16-k16-x540-g560,40,2015516220,3004,2,2,2
b10-16-k16-x560-g580,1,3374725112,3000,0,0,0
b10-16-k16-x560-g580,2,3374725112,3000,1,1,1
b10-16-k16-x560-g580,3,3374725112,3000,1,1,1
b10-16-k16-x560-g580,4,3374725112,3000,1,1,1
b10-16-k16-x560-g580,5,2270971442,3002,1,1,1
b10-16-k16-x560-g580,6,2270971442,3002,1,1,1
b10-16-k16-x560-g580,7,2270971442,3002,1,1,1
b10-16-k16-x560-g580,8,2270971442,3002,1,1,1
b10-16-k16-x560-g580,9,2270971442,3002,1,1,1
b10-16-k16-x560-g580,10,2270971442,3002,1,1,1
b10-16-k16-x560-g580,11,2270971442,3002,1,1,1
b10-16-k16-x560-g580,12,2270971442,3002,1,1,1
b10-16-k16-x560-g580,13,2270971442,3002,1,1,1
b10-16-k16-x560-g580,14,2270971442,3002,1,1,1
b10-16-k16-x560-g580,15,2270971442,3002,1,1,1
b10-16-k16-x560-g580,16,2015516220,3004,2,2,2
b10-16-k16-x560-g580,17,2015516220,3004,2,2,2
b10-16-k16-x560-g580,18,2015516220,3004,2,2,2
b10-16-k16-x560-g580,19,2015516220,3004,2,2,2
b10-16-k16-x560-g580,20,2015516220,3004,2,2,2
b10-16-k16-x560-g580,21,2015516220,3004,2,2,2
b10-16-k16-x560-g580,22,2015516220,3004,2,2,2
b10-16-k16-x560-g580,23,2015516220,3004,2,2,2
b10-16-k16-x560-g580,24,2015516220,3004,2,2,2
b10-16-k16-x560-g580,25,2015516220,3004,2,2,2
b10-16-k16-x560-g580,26,2015516220,3004,2,2,2
b10-16-k16-x560-g580,27,2015516220,3004,2,2,2
b10-16-k16-x560-g580,28,2015516220,3004,2,2,2
b10-16-k16-x560-g580,29,2015516220,3004,2,2,2
b10-16-k16-x560-g580,30,2015516220,3004,2,2,2
b10-16-k16-x560-g580,31,2015516220,3004,2,2,2
b10-16-k16-x560-g580,32,2015516220,3004,2,2,2
b10-16-k16-x560-g580,33,2015516220,3004,2,2,2
b10-16-k16-x560-g580,34,2015516220,3004,2,2,2
b10-16-k16-x560-g580,35,2015516220,3004,2,2,2
b10-16-k16-x560-g580,36,2015516220,3004,2,2,2
b10-16-k16-x560-g580,37,2015516220,3004,2,2,2
b10-16-k16-x560-g580,38,2015516220,3004,2,2,2
b10-16-k16-x560-g580,39,2015516220,3004,2,2,2
b10-16-k16-x560-g580,40,2015516220,3004,2,2,2
b10-16-k17-x540-g560,1,3374725112,3000,0,0,0
b10-16-k17-x540-g560,2,3374725112,3000,1,1,1
b10-16-k17-x540-g560,3,3374725112,3000,1,1,1
b10-16-k17-x540-g560,4,3374725112,3000,1,1,1
b10-16-k17-x540-g560,5,2270971442,3002,1,1,1
b10-16-k17-x540-g560,6,2270971442,3002,1,1,1
b10-16-k17-x540-g560,7,2270971442,3002,1,1,1
b10-16-k17-x540-g560,8,2270971442,3002,1,1,1
b10-16-k17-x540-g560,9,2270971442,3002,1,1,1
b10-16-k17-x540-g560,10,2270971442,3002,1,1,1
b10-16-k17-x540-g560,11,2270971442,3002,1,1,1
b10-16-k17-x540-g560,12,2270971442,3002,1,1,1
b10-16-k17-x540-g560,13,2270971442,3002,1,1,1
b10-16-k17-x540-g560,14,2270971442,3002,1,1,1
b10-16-k17-x540-g560,15,2270971442,3002,1,1,1
b10-16-k17-x540-g560,16,2015516220,3004,1,1,1
b10-16-k17-x540-g560,17,2015516220,3004,1,1,1
b10-16-k17-x540-g560,18,2015516220,3004,2,2,2
b10-16-k17-x540-g560,19,2015516220,3004,2,2,2
b10-16-k17-x540-g560,20,2015516220,3004,2,2,2
b10-16-k17-x540-g560,21,2015516220,3004,2,2,2
b10-16-k17-x540-g560,22,2015516220,3004,2,2,2
b10-16-k17-x540-g560,23,2015516220,3004,2,2,2
b10-16-k17-x540-g560,24,2015516220,3004,2,2,2
b10-16-k17-x540-g560,25,2015516220,3004,2,2,2
b10-16-k17-x540-g560,26,2015516220,3004,2,2,2
b10-16-k17-x540-g560,27,2015516220,3004,2,2,2
b10-16-k17-x540-g560,28,2015516220,3004,2,2,2
b10-16-k17-x540-g560,29,2015516220,3004,2,2,2
b10-16-k17-x540-g560,30,2015516220,3004,2,2,2
b10-16-k17-x540-g560,31,2015516220,3004,2,2,2
b10-16-k17-x540-g560,32,2015516220,3004,2,2,2
b10-16-k17-x540-g560,33,2015516220,3004,2,2,2
b10-16-k17-x540-g560,34,2015516220,3004,2,2,2
b10-16-k17-x540-g560,35,2015516220,3004,2,2,2
b10-16-k17-x540-g560,36,2015516220,3004,2,2,2
b10-16-k17-x540-g560,37,2015516220,3004,2,2,2
b10-16-k17-x540-g560,38,2015516220,3004,2,2,2
b10-16-k17-x540-g560,39,2015516220,3004,2,2,2
b10-16-k17-x540-g560,40,2015516220,3004,2,2,2
b10-16-k17-x560-g580,1,3374725112,3000,0,0,0
b10-16-k17-x560-g580,2,3374725112,3000,1,1,1
b10-16-k17-x560-g580,3,3374725112,3000,1,1,1
b10-16-k17-x560-g580,4,3374725112,3000,1,1,1
b10-16-k17-x560-g580,5,2270971442,3002,1,1,1
b10-16-k17-x560-g580,6,2270971442,3002,1,1,1
b10-16-k17-x560-g580,7,2270971442,3002,1,1,1
b10-16-k17-x560-g580,8,2270971442,3002,1,1,1
b10-16-k17-x560-g580,9,2270971442,3002,1,1,1
b10-16-k17-x560-g580,10,2270971442,3002,1,1,1
b10-16-k17-x560-g580,11,2270971442,3002,1,1,1
b10-16-k17-x560-g580,12,2270971442,3002,1,1,1
b10-16-k17-x560-g580,13,2270971442,3002,1,1,1
b10-16-k17-x560-g580,14,2270971442,3002,1,1,1
b10-16-k17-x560-g580,15,2270971442,3002,1,1,1
b10-16-k17-x560-g580,16,2015516220,3004,1,1,1
b10-16-k17-x560-g580,17,2015516220,3004,1,1,1
b10-16-k17-x560-g580,18,2015516220,3004,2,2,2
b10-16-k17-x560-g580,19,2015516220,3004,2,2,2
b10-16-k17-x560-g580,20,2015516220,3004,2,2,2
b10-16-k17-x560-g580,21,2015516220,3004,2,2,2
b10-16-k17-x560-g580,22,2015516220,3004,2,2,2
b10-16-k17-x560-g580,23,2015516220,3004,2,2,2
b10-16-k17-x560-g580,24,2015516220,3004,2,2,2
b10-16-k17-x560-g580,25,2015516220,3004,2,2,2
b10-16-k17-x560-g580,26,2015516220,3004,2,2,2
b10-16-k17-x560-g580,27,2015516220,3004,2,2,2
b10-16-k17-x560-g580,28,2015516220,3004,2,2,2
b10-16-k17-x560-g580,29,2015516220,3004,2,2,2
b10-16-k17-x560-g580,30,2015516220,3004,2,2,2
b10-16-k17-x560-g580,31,2015516220,3004,2,2,2
b10-16-k17-x560-g580,32,2015516220,3004,2,2,2
b10-16-k17-x560-g580,33,2015516220,3004,2,2,2
b10-16-k17-x560-g580,34,2015516220,3004,2,2,2
b10-16-k17-x560-g580,35,2015516220,3004,2,2,2
b10-16-k17-x560-g580,36,2015516220,3004,2,2,2
b10-16-k17-x560-g580,37,2015516220,3004,2,2,2
b10-16-k17-x560-g580,38,2015516220,3004,2,2,2
b10-16-k17-x560-g580,39,2015516220,3004,2,2,2
b10-16-k17-x560-g580,40,2015516220,3004,2,2,2
b10-16-k18-x540-g560,1,3374725112,3000,0,0,0
b10-16-k18-x540-g560,2,3374725112,3000,1,1,1
b10-16-k18-x540-g560,3,3374725112,3000,1,1,1
b10-16-k18-x540-g560,4,3374725112,3000,1,1,1
b10-16-k18-x540-g560,5,2270971442,3002,1,1,1
b10-16-k18-x540-g560,6,2270971442,3002,1,1,1
b10-16-k18-x540-g560,7,2270971442,3002,1,1,1
b10-16-k18-x540-g560,8,2270971442,3002,1,1,1
b10-16-k18-x540-g560,9,2270971442,3002,1,1,1
b10-16-k18-x540-g560,10,2270971442,3002,1,1,1
b10-16-k18-x540-g560,11,2270971442,3002,1,1,1
b10-16-k18-x540-g560,12,2270971442,3002,1,1,1
b10-16-k18-x540-g560,13,2270971442,3002,1,1,1
b10-16-k18-x540-g560,14,2270971442,3002,1,1,1
b10-16-k18-x540-g560,15,2270971442,3002,1,1,1
b10-16-k18-x540-g560,16,2015516220,3004,1,1,1
b10-16-k18-x540-g560,17,2015516220,3004,1,1,1
b10-16-k18-x540-g560,18,2015516220,3004,2,2,2
b10-16-k18-x540-g560,19,2015516220,3004,2,2,2
b10-16-k18-x540-g560,20,2015516220,3004,2,2,2
b10-16-k18-x540-g560,21,2015516220,3004,2,2,2
b10-16-k18-x540-g560,22,2015516220,3004,2,2,2
b10-16-k18-x540-g560,23,2015516220,3004,2,2,2
b10-16-k18-x540-g560,24,2015516220,3004,2,2,2
b10-16-k18-x540-g560,25,2015516220,3004,2,2,2
b10-16-k18-x540-g560,26,2015516220,3004,2,2,2
b10-16-k18-x540-g560,27,2015516220,3004,2,2,2
b10-16-k18-x540-g560,28,2015516220,3004,2,2,2
b10-16-k18-x540-g560,29,2015516220,3004,2,2,2
b10-16-k18-x540-g560,30,2015516220,3004,2,2,2
b10-16-k18-x540-g560,31,2015516220,3004,2,2,2
b10-16-k18-x540-g560,32,2015516220,3004,2,2,2
b10-16-k18-x540-g560,33,2015516220,3004,2,2,2
b10-16-k18-x540-g560,34,2015516220,3004,2,2,2
b10-16-k18-x540-g560,35,2015516220,3004,2,2,2
b10-16-k18-x540-g560,36,2015516220,3004,2,2,2
b10-16-k18-x540-g560,37,2015516220,3004,2,2,2
b10-16-k18-x540-g560,38,2015516220,3004,2,2,2
b10-16-k18-x540-g560,39,2015516220,3004,2,2,2
b10-16-k18-x540-g560,40,2015516220,3004,2,2,2
b10-16-k18-x560-g580,1,3374725112,3000,0,0,0
b10-16-k18-x560-g580,2,3374725112,3000,1,1,1
b10-16-k18-x560-g580,3,3374725112,3000,1,1,1
b10-16-k18-x560-g580,4,3374725112,3000,1,1,1
b10-16-k18-x560-g580,5,2270971442,3002,1,1,1
b10-16-k18-x560-g580,6,2270971442,3002,1,1,1
b10-16-k18-x560-g580,7,2270971442,3002,1,1,1
b10-16-k18-x560-g580,8,2270971442,3002,1,1,1
b10-16-k18-x560-g580,9,2270971442,3002,1,1,1
b10-16-k18-x560-g580,10,2270971442,3002,1,1,1
b10-16-k18-x560-g580,11,2270971442,3002,1,1,1
b10-16-k18-x560-g580,12,2270971442,3002,1,1,1
b10-16-k18-x560-g580,13,2270971442,3002,1,1,1
b10-16-k18-x560-g580,14,2270971442,3002,1,1,1
b10-16-k18-x560-g580,15,2270971442,3002,1,1,1
b10-16-k18-x560-g580,16,2015516220,3004,1,1,1
b10-16-k18-x560-g580,17,2015516220,3004,1,1,1
b10-16-k18-x560-g580,18,2015516220,3004,2,2,2
b10-16-k18-x560-g580,19,2015516220,3004,2,2,2
b10-16-k18-x560-g580,20,2015516220,3004,2,2,2
b10-16-k18-x560-g580,21,2015516220,3004,2,2,2
b10-16-k18-x560-g580,22,2015516220,3004,2,2,2
b10-16-k18-x560-g580,23,2015516220,3004,2,2,2
b10-16-k18-x560-g580,24,2015516220,3004,2,2,2
b10-16-k18-x560-g580,25,2015516220,3004,2,2,2
b10-16-k18-x560-g580,26,2015516220,3004,2,2,2
b10-16-k18-x560-g580,27,2015516220,3004,2,2,2
b10-16-k18-x560-g580,28,2015516220,3004,2,2,2
b10-16-k18-x560-g580,29,2015516220,3004,2,2,2
b10-16-k18-x560-g580,30,2015516220,3004,2,2,2
b10-16-k18-x560-g580,31,2015516220,3004,2,2,2
b10-16-k18-x560-g580,32,2015516220,3004,2,2,2
b10-16-k18-x560-g580,33,2015516220,3004,2,2,2
b10-16-k18-x560-g580,34,2015516220,3004,2,2,2
b10-16-k18-x560-g580,35,2015516220,3004,2,2,2
b10-16-k18-x560-g580,36,2015516220,3004,2,2,2
b10-16-k18-x560-g580,37,2015516220,3004,2,2,2
b10-16-k18-x560-g580,38,2015516220,3004,2,2,2
b10-16-k18-x560-g580,39,2015516220,3004,2,2,2
b10-16-k18-x560-g580,40,2015516220,3004,2,2,2
b10-16-k19-x540-g560,1,3374725112,3000,0,0,0
b10-16-k19-x540-g560,2,3374725112,3000,1,1,1
b10-16-k19-x540-g560,3,3374725112,3000,1,1,1
b10-16-k19-x540-g560,4,3374725112,3000,1,1,1
b10-16-k19-x540-g560,5,2270971442,3002,1,1,1
b10-16-k19-x540-g560,6,2270971442,3002,1,1,1
b10-16-k19-x540-g560,7,2270971442,3002,1,1,1
b10-16-k19-x540-g560,8,2270971442,3002,1,1,1
b10-16-k19-x540-g560,9,2270971442,3002,1,1,1
b10-16-k19-x540-g560,10,2270971442,3002,1,1,1
b10-16-k19-x540-g560,11,2270971442,3002,1,1,1
b10-16-k19-x540-g560,12,2270971442,3002,1,1,1
b10-16-k19-x540-g560,13,2270971442,3002,1,1,1
b10-16-k19-x540-g560,14,2270971442,3002,1,1,1
b10-16-k19-x540-g560,15,2270971442,3002,1,1,1
b10-16-k19-x540-g560,16,2015516220,3004,1,1,1
b10-16-k19-x540-g560,17,2015516220,3004,1,1,1
b10-16-k19-x540-g560,18,2015516220,3004,1,1,1
b10-16-k19-x540-g560,19,2015516220,3004,1,1,1
b10-16-k19-x540-g560,20,2015516220,3004,2,2,2
b10-16-k19-x540-g560,21,2015516220,3004,2,2,2
b10-16-k19-x540-g560,22,2015516220,3004,2,2,2
b10-16-k19-x540-g560,23,2015516220,3004,2,2,2
b10-16-k19-x540-g560,24,2015516220,3004,2,2,2
b10-16-k19-x540-g560,25,2015516220,3004,2,2,2
b10-16-k19-x540-g560,26,2015516220,3004,2,2,2
b10-16-k19-x540-g560,27,2015516220,3004,2,2,2
b10-16-k19-x540-g560,28,2015516220,3004,2,2,2
b10-16-k19-x540-g560,29,2015516220,3004,2,2,2
b10-16-k19-x540-g560,30,2015516220,3004,2,2,2
b10-16-k19-x540-g560,31,2015516220,3004,2,2,2
b10-16-k19-x540-g560,32,2015516220,3004,2,2,2
b10-16-k19-x540-g560,33,2015516220,3004,2,2,2
b10-16-k19-x540-g560,34,2015516220,3004,2,2,2
b10-16-k19-x540-g560,35,2015516220,3004,2,2,2
b10-16-k19-x540-g560,36,2015516220,3004,2,2,2
b10-16-k19-x540-g560,37,2015516220,3004,2,2,2
b10-16-k19-x540-g560,38,2015516220,3004,2,2,2
b10-16-k19-x540-g560,39,2015516220,3004,2,2,2
b10-16-k19-x540-g560,40,2015516220,3004,2,2,2
b10-16-k19-x560-g580,1,3374725112,3000,0,0,0
b10-16-k19-x560-g580,2,3374725112,3000,1,1,1
b10-16-k19-x560-g580,3,3374725112,3000,1,1,1
b10-16-k19-x560-g580,4,3374725112,3000,1,1,1
b10-16-k19-x560-g580,5,2270971442,3002,1,1,1
b10-16-k19-x560-g580,6,2270971442,3002,1,1,1
b10-16-k19-x560-g580,7,2270971442,3002,1,1,1
b10-16-k19-x560-g580,8,2270971442,3002,1,1,1
b10-16-k19-x560-g580,9,2270971442,3002,1,1,1
b10-16-k19-x560-g580,10,2270971442,3002,1,1,1
b10-16-k19-x560-g580,11,2270971442,3002,1,1,1
b10-16-k19-x560-g580,12,2270971442,3002,1,1,1
b10-16-k19-x560-g580,13,2270971442,3002,1,1,1
b10-16-k19-x560-g580,14,2270971442,3002,1,1,1
b10-16-k19-x560-g580,15,2270971442,3002,1,1,1
b10-16-k19-x560-g580,16,2015516220,3004,1,1,1
b10-16-k19-x560-g580,17,2015516220,3004,1,1,1
b10-16-k19-x560-g580,18,2015516220,3004,1,1,1
b10-16-k19-x560-g580,19,2015516220,3004,1,1,1
b10-16-k19-x560-g580,20,2015516220,3004,2,2,2
b10-16-k19-x560-g580,21,2015516220,3004,2,2,2
b10-16-k19-x560-g580,22,2015516220,3004,2,2,2
b10-16-k19-x560-g580,23,2015516220,3004,2,2,2
b10-16-k19-x560-g580,24,2015516220,3004,2,2,2
b10-16-k19-x560-g580,25,2015516220,3004,2,2,2
b10-16-k19-x560-g580,26,2015516220,3004,2,2,2
b10-16-k19-x560-g580,27,2015516220,3004,2,2,2
b10-16-k19-x560-g580,28,2015516220,3004,2,2,2
b10-16-k19-x560-g580,29,2015516220,3004,2,2,2
b10-16-k19-x560-g580,30,2015516220,3004,2,2,2
b10-16-k19-x560-g580,31,2015516220,3004,2,2,2
b10-16-k19-x560-g580,32,2015516220,3004,2,2,2
b10-16-k19-x560-g580,33,2015516220,3004,2,2,2
b10-16-k19-x560-g580,34,2015516220,3004,2,2,2
b10-16-k19-x560-g580,35,2015516220,3004,2,2,2
b10-16-k19-x560-g580,36,2015516220,3004,2,2,2
b10-16-k19-x560-g580,37,2015516220,3004,2,2,2
b10-16-k19-x560-g580,38,2015516220,3004,2,2,2
b10-16-k19-x560-g580,39,2015516220,3004,2,2,2
b10-16-k19-x560-g580,40,2015516220,3004,2,2,2
b10-17-k13-x540-g560,1,3374725112,3000,0,0,0
b10-17-k13-x540-g560,2,3374725112,3000,1,1,1
b10-17-k13-x540-g560,3,3374725112,3000,1,1,1
b10-17-k13-x540-g560,4,3374725112,3000,1,1,1
b10-17-k13-x540-g560,5,2270971442,3002,1,1,1
b10-17-k13-x540-g560,6,2270971442,3002,1,1,1
b10-17-k13-x540-g560,7,2270971442,3002,1,1,1
b10-17-k13-x540-g560,8,2270971442,3002,1,1,1
b10-17-k13-x540-g560,9,2270971442,3002,1,1,1
b10-17-k13-x540-g560,10,2270971442,3002,1,1,1
b10-17-k13-x540-g560,11,2270971442,3002,1,1,1
b10-17-k13-x540-g560,12,2270971442,3002,1,1,1
b10-17-k13-x540-g560,13,2270971442,3002,1,1,1
b10-17-k13-x540-g560,14,2270971442,3002,2,2,2
b10-17-k13-x540-g560,15,2270971442,3002,2,2,2
b10-17-k13-x540-g560,16,2015516220,3004,2,2,2
b10-17-k13-x540-g560,17,2015516220,3004,2,2,2
b10-17-k13-x540-g560,18,2015516220,3004,2,2,2
b10-17-k13-x540-g560,19,2015516220,3004,2,2,2
b10-17-k13-x540-g560,20,2015516220,3004,2,2,2
b10-17-k13-x540-g560,21,2015516220,3004,2,2,2
b10-17-k13-x540-g560,22,2015516220,3004,2,2,2
b10-17-k13-x540-g560,23,2015516220,3004,2,2,2
b10-17-k13-x540-g560,24,2015516220,3004,2,2,2
b10-17-k13-x540-g560,25,2015516220,3004,2,2,2
b10-17-k13-x540-g560,26,2015516220,3004,2,2,2
b10-17-k13-x540-g560,27,2015516220,3004,2,2,2
b10-17-k13-x540-g560,28,2015516220,3004,2,2,2
b10-17-k13-x540-g560,29,2015516220,3004,2,2,2
b10-17-k13-x540-g560,30,2015516220,3004,2,2,2
b10-17-k13-x540-g560,31,2015516220,3004,2,2,2
b10-17-k13-x540-g560,32,2015516220,3004,2,2,2
b10-17-k13-x540-g560,33,2015516220,3004,2,2,2
b10-17-k13-x540-g560,34,2015516220,3004,2,2,2
b10-17-k13-x540-g560,35,2015516220,3004,2,2,2
b10-17-k13-x540-g560,36,2015516220,3004,2,2,2
b10-17-k13-x540-g560,37,2015516220,3004,2,2,2
b10-17-k13-x540-g560,38,2015516220,3004,2,2,2
b10-17-k13-x540-g560,39,2015516220,3004,2,2,2
b10-17-k13-x540-g560,40,2015516220,3004,2,2,2
b10-17-k13-x560-g580,1,3374725112,3000,0,0,0
b10-17-k13-x560-g580,2,3374725112,3000,1,1,1
b10-17-k13-x560-g580,3,3374725112,3000,1,1,1
b10-17-k13-x560-g580,4,3374725112,3000,1,1,1
b10-17-k13-x560-g580,5,2270971442,3002,1,1,1
b10-17-k13-x560-g580,6,2270971442,3002,1,1,1
b10-17-k13-x560-g580,7,2270971442,3002,1,1,1
b10-17-k13-x560-g580,8,2270971442,3002,1,1,1
b10-17-k13-x560-g580,9,2270971442,3002,1,1,1
b10-17-k13-x560-g580,10,2270971442,3002,1,1,1
b10-17-k13-x560-g580,11,2270971442,3002,1,1,1
b10-17-k13-x560-g580,12,2270971442,3002,1,1,1
b10-17-k13-x560-g580,13,2270971442,3002,1,1,1
b10-17-k13-x560-g580,14,2270971442,3002,2,2,2
b10-17-k13-x560-g580,15,2270971442,3002,2,2,2
b10-17-k13-x560-g580,16,2015516220,3004,2,2,2
b10-17-k13-x560-g580,17,2015516220,3004,2,2,2
b10-17-k13-x560-g580,18,2015516220,3004,2,2,2
b10-17-k13-x560-g580,19,2015516220,3004,2,2,2
b10-17-k13-x560-g580,20,2015516220,3004,2,2,2
b10-17-k13-x560-g580,21,2015516220,3004,2,2,2
b10-17-k13-x560-g580,22,2015516220,3004,2,2,2
b10-17-k13-x560-g580,23,2015516220,3004,2,2,2
b10-17-k13-x560-g580,24,2015516220,3004,2,2,2
b10-17-k13-x560-g580,25,2015516220,3004,2,2,2
b10-17-k13-x560-g580,26,2015516220,3004,2,2,2
b10-17-k13-x560-g580,27,2015516220,3004,2,2,2
b10-17-k13-x560-g580,28,2015516220,3004,2,2,2
b10-17-k13-x560-g580,29,2015516220,3004,2,2,2
b10-17-k13-x560-g580,30,2015516220,3004,2,2,2
b10-17-k13-x560-g580,31,2015516220,3004,2,2,2
b10-17-k13-x560-g580,32,2015516220,3004,2,2,2
b10-17-k13-x560-g580,33,2015516220,3004,2,2,2
b10-17-k13-x560-g580,34,2015516220,3004,2,2,2
b10-17-k13-x560-g580,35,2015516220,3004,2,2,2
b10-17-k13-x560-g580,36,2015516220,3004,2,2,2
b10-17-k13-x560-g580,37,2015516220,3004,2,2,2
b10-17-k13-x560-g580,38,2015516220,3004,2,2,2
b10-17-k13-x560-g580,39,2015516220,3004,2,2,2
b10-17-k13-x560-g580,40,2015516220,3004,2,2,2
b10-17-k14-x540-g560,1,3374725112,3000,0,0,0
b10-17-k14-x540-g560,2,3374725112,3000,1,1,1
b10-17-k14-x540-g560,3,3374725112,3000,1,1,1
b10-17-k14-x540-g560,4,3374725112,3000,1,1,1
b10-17-k14-x540-g560,5,2270971442,3002,1,1,1
b10-17-k14-x540-g560,6,2270971442,3002,1,1,1
b10-17-k14-x540-g560,7,2270971442,3002,1,1,1
b10-17-k14-x540-g560,8,2270971442,3002,1,1,1
b10-17-k14-x540-g560,9,2270971442,3002,1,1,1
b10-17-k14-x540-g560,10,2270971442,3002,1,1,1
b10-17-k14-x540-g560,11,2270971442,3002,1,1,1
b10-17-k14-x540-g560,12,2270971442,3002,1,1,1
b10-17-k14-x540-g560,13,2270971442,3002,1,1,1
b10-17-k14-x540-g560,14,2270971442,3002,2,2,2
b10-17-k14-x540-g560,15,2270971442,3002,2,2,2
b10-17-k14-x540-g560,16,2015516220,3004,2,2,2
b10-17-k14-x540-g560,17,2015516220,3004,2,2,2
b10-17-k14-x540-g560,18,2015516220,3004,2,2,2
b10-17-k14-x540-g560,19,2015516220,3004,2,2,2
b10-17-k14-x540-g560,20,2015516220,3004,2,2,2
b10-17-k14-x540-g560,21,2015516220,3004,2,2,2
b10-17-k14-x540-g560,22,2015516220,3004,2,2,2
b10-17-k14-x540-g560,23,2015516220,3004,2,2,2
b10-17-k14-x540-g560,24,2015516220,3004,2,2,2
b10-17-k14-x540-g560,25,2015516220,3004,2,2,2
b10-17-k14-x540-g560,26,2015516220,3004,2,2,2
b10-17-k14-x540-g560,27,2015516220,3004,2,2,2
b10-17-k14-x540-g560,28,2015516220,3004,2,2,2
b10-17-k14-x540-g560,29,2015516220,3004,2,2,2
b10-17-k14-x540-g560,30,2015516220,3004,2,2,2
b10-17-k14-x540-g560,31,2015516220,3004,2,2,2
b10-17-k14-x540-g560,32,2015516220,3004,2,2,2
b10-17-k14-x540-g560,33,2015516220,3004,2,2,2
b10-17-k14-x540-g560,34,2015516220,3004,2,2,2
b10-17-k14-x540-g560,35,2015516220,3004,2,2,2
b10-17-k14-x540-g560,36,2015516220,3004,2,2,2
b10-17-k14-x540-g560,37,2015516220,3004,2,2,2
b10-17-k14-x540-g560,38,2015516220,3004,2,2,2
b10-17-k14-x540-g560,39,2015516220,3004,2,2,2
b10-17-k14-x540-g560,40,2015516220,3004,2,2,2
b10-17-k14-x560-g580,1,3374725112,3000,0,0,0
b10-17-k14-x560-g580,2,3374725112,3000,1,1,1
b10-17-k14-x560-g580,3,3374725112,3000,1,1,1
b10-17-k14-x560-g580,4,3374725112,3000,1,1,1
b10-17-k14-x560-g580,5,2270971442,3002,1,1,1
b10-17-k14-x560-g580,6,2270971442,3002,1,1,1
b10-17-k14-x560-g580,7,2270971442,3002,1,1,1
b10-17-k14-x560-g580,8,2270971442,3002,1,1,1
b10-17-k14-x560-g580,9,2270971442,3002,1,1,1
b10-17-k14-x560-g580,10,2270971442,3002,1,1,1
b10-17-k14-x560-g580,11,2270971442,3002,1,1,1
b10-17-k14-x560-g580,12,2270971442,3002,1,1,1
b10-17-k14-x560-g580,13,2270971442,3002,1,1,1
b10-17-k14-x560-g580,14,2270971442,3002,2,2,2
b10-17-k14-x560-g580,15,2270971442,3002,2,2,2
b10-17-k14-x560-g580,16,2015516220,3004,2,2,2
b10-17-k14-x560-g580,17,2015516220,3004,2,2,2
b10-17-k14-x560-g580,18,2015516220,3004,2,2,2
b10-17-k14-x560-g580,19,2015516220,3004,2,2,2
b10-17-k14-x560-g580,20,2015516220,3004,2,2,2
b10-17-k14-x560-g580,21,2015516220,3004,2,2,2
b10-17-k14-x560-g580,22,2015516220,3004,2,2,2
b10-17-k14-x560-g580,23,2015516220,3004,2,2,2
b10-17-k14-x560-g580,24,2015516220,3004,2,2,2
b10-17-k14-x560-g580,25,2015516220,3004,2,2,2
b10-17-k14-x560-g580,26,2015516220,3004,2,2,2
b10-17-k14-x560-g580,27,2015516220,3004,2,2,2
b10-17-k14-x560-g580,28,2015516220,3004,2,2,2
b10-17-k14-x560-g580,29,2015516220,3004,2,2,2
b10-17-k14-x560-g580,30,2015516220,3004,2,2,2
b10-17-k14-x560-g580,31,2015516220,3004,2,2,2
b10-17-k14-x560-g580,32,2015516220,3004,2,2,2
b10-17-k14-x560-g580,33,2015516220,3004,2,2,2
b10-17-k14-x560-g580,34,2015516220,3004,2,2,2
b10-17-k14-x560-g580,35,2015516220,3004,2,2,2
b10-17-k14-x560-g580,36,2015516220,3004,2,2,2
b10-17-k14-x560-g580,37,2015516220,3004,2,2,2
b10-17-k14-x560-g580,38,2015516220,3004,2,2,2
b10-17-k14-x560-g580,39,2015516220,3004,2,2,2
b10-17-k14-x560-g580,40,2015516220,3004,2,2,2
b10-17-k15-x540-g560,1,3374725112,3000,0,0,0
b10-17-k15-x540-g560,2,3374725112,3000,1,1,1
b10-17-k15-x540-g560,3,3374725112,3000,1,1,1
b10-17-k15-x540-g560,4,3374725112,3000,1,1,1
b10-17-k15-x540-g560,5,2270971442,3002,1,1,1
b10-17-k15-x540-g560,6,2270971442,3002,1,1,1
b10-17-k15-x540-g560,7,2270971442,3002,1,1,1
b10-17-k15-x540-g560,8,2270971442,3002,1,1,1
b10-17-k15-x540-g560,9,2270971442,3002,1,1,1
b10-17-k15-x540-g560,10,2270971442,3002,1,1,1
b10-17-k15-x540-g560,11,2270971442,3002,1,1,1
b10-17-k15-x540-g560,12,2270971442,3002,1,1,1
b10-17-k15-x540-g560,13,2270971442,3002,1,1,1
b10-17-k15-x540-g560,14,2270971442,3002,1,1,1
b10-17-k15-x540-g560,15,2270971442,3002,1,1,1
b10-17-k15-x540-g560,16,2015516220,3004,2,2,2
b10-17-k15-x540-g560,17,2015516220,3004,2,2,2
b10-17-k15-x540-g560,18,2015516220,3004,2,2,2
b10-17-k15-x540-g560,19,2015516220,3004,2,2,2
b10-17-k15-x540-g560,20,2015516220,3004,2,2,2
b10-17-k15-x540-g560,21,2015516220,3004,2,2,2
b10-17-k15-x540-g560,22,2015516220,3004,2,2,2
b10-17-k15-x540-g560,23,2015516220,3004,2,2,2
b10-17-k15-x540-g560,24,2015516220,3004,2,2,2
b10-17-k15-x540-g560,25,2015516220,3004,2,2,2
b10-17-k15-x540-g560,26,2015516220,3004,2,2,2
b10-17-k15-x540-g560,27,2015516220,3004,2,2,2
b10-17-k15-x540-g560,28,2015516220,3004,2,2,2
b10-17-k15-x540-g560,29,2015516220,3004,2,2,2
b10-17-k15-x540-g560,30,2015516220,3004,2,2,2
b10-17-k15-x540-g560,31,2015516220,3004,2,2,2
b10-17-k15-x540-g560,32,2015516220,3004,2,2,2
b10-17-k15-x540-g560,33,2015516220,3004,2,2,2
b10-17-k15-x540-g560,34,2015516220,3004,2,2,2
b10-17-k15-x540-g560,35,2015516220,3004,2,2,2
b10-17-k15-x540-g560,36,2015516220,3004,2,2,2
b10-17-k15-x540-g560,37,2015516220,3004,2,2,2
b10-17-k15-x540-g560,38,2015516220,3004,2,2,2
b10-17-k15-x540-g560,39,2015516220,3004,2,2,2
b10-17-k15-x540-g560,40,2015516220,3004,2,2,2
b10-17-k15-x560-g580,1,3374725112,3000,0,0,0
b10-17-k15-x560-g580,2,3374725112,3000,1,1,1
b10-17-k15-x560-g580,3,3374725112,3000,1,1,1
b10-17-k15-x560-g580,4,3374725112,3000,1,1,1
b10-17-k15-x560-g580,5,2270971442,3002,1,1,1
b10-17-k15-x560-g580,6,2270971442,3002,1,1,1
b10-17-k15-x560-g580,7,2270971442,3002,1,1,1
b10-17-k15-x560-g580,8,2270971442,3002,1,1,1
b10-17-k15-x560-g580,9,2270971442,3002,1,1,1
b10-17-k15-x560-g580,10,2270971442,3002,1,1,1
b10-17-k15-x560-g580,11,2270971442,3002,1,1,1
b10-17-k15-x560-g580,12,2270971442,3002,1,1,1
b10-17-k15-x560-g580,13,2270971442,3002,1,1,1
b10-17-k15-x560-g580,14,2270971442,3002,1,1,1
b10-17-k15-x560-g580,15,2270971442,3002,1,1,1
b10-17-k15-x560-g580,16,2015516220,3004,2,2,2
b10-17-k15-x560-g580,17,2015516220,3004,2,2,2
b10-17-k15-x560-g580,18,2015516220,3004,2,2,2
b10-17-k15-x560-g580,19,2015516220,3004,2,2,2
b10-17-k15-x560-g580,20,2015516220,3004,2,2,2
b10-17-k15-x560-g580,21,2015516220,3004,2,2,2
b10-17-k15-x560-g580,22,2015516220,3004,2,2,2
b10-17-k15-x560-g580,23,2015516220,3004,2,2,2
b10-17-k15-x560-g580,24,2015516220,3004,2,2,2
b10-17-k15-x560-g580,25,2015516220,3004,2,2,2
b10-17-k15-x560-g580,26,2015516220,3004,2,2,2
b10-17-k15-x560-g580,27,2015516220,3004,2,2,2
b10-17-k15-x560-g580,28,2015516220,3004,2,2,2
b10-17-k15-x560-g580,29,2015516220,3004,2,2,2
b10-17-k15-x560-g580,30,2015516220,3004,2,2,2
b10-17-k15-x560-g580,31,2015516220,3004,2,2,2
b10-17-k15-x560-g580,32,2015516220,3004,2,2,2
b10-17-k15-x560-g580,33,2015516220,3004,2,2,2
b10-17-k15-x560-g580,34,2015516220,3004,2,2,2
b10-17-k15-x560-g580,35,2015516220,3004,2,2,2
b10-17-k15-x560-g580,36,2015516220,3004,2,2,2
b10-17-k15-x560-g580,37,2015516220,3004,2,2,2
b10-17-k15-x560-g580,38,2015516220,3004,2,2,2
b10-17-k15-x560-g580,39,2015516220,3004,2,2,2
b10-17-k15-x560-g580,40,2015516220,3004,2,2,2
b10-17-k16-x540-g560,1,3374725112,3000,0,0,0
b10-17-k16-x540-g560,2,3374725112,3000,1,1,1
b10-17-k16-x540-g560,3,3374725112,3000,1,1,1
b10-17-k16-x540-g560,4,3374725112,3000,1,1,1
b10-17-k16-x540-g560,5,2270971442,3002,1,1,1
b10-17-k16-x540-g560,6,2270971442,3002,1,1,1
b10-17-k16-x540-g560,7,2270971442,3002,1,1,1
b10-17-k16-x540-g560,8,2270971442,3002,1,1,1
b10-17-k16-x540-g560,9,2270971442,3002,1,1,1
b10-17-k16-x540-g560,10,2270971442,3002,1,1,1
b10-17-k16-x540-g560,11,2270971442,3002,1,1,1
b10-17-k16-x540-g560,12,2270971442,3002,1,1,1
b10-17-k16-x540-g560,13,2270971442,3002,1,1,1
b10-17-k16-x540-g560,14,2270971442,3002,1,1,1
b10-17-k16-x540-g560,15,2270971442,3002,1,1,1
b10-17-k16-x540-g560,16,2015516220,3004,2,2,2
b10-17-k16-x540-g560,17,2015516220,3004,2,2,2
b10-17-k16-x540-g560,18,2015516220,3004,2,2,2
b10-17-k16-x540-g560,19,2015516220,3004,2,2,2
b10-17-k16-x540-g560,20,2015516220,3004,2,2,2
b10-17-k16-x540-g560,21,2015516220,3004,2,2,2
b10-17-k16-x540-g560,22,2015516220,3004,2,2,2
b10-17-k16-x540-g560,23,2015516220,3004,2,2,2
b10-17-k16-x540-g560,24,2015516220,3004,2,2,2
b10-17-k16-x540-g560,25,2015516220,3004,2,2,2
b10-17-k16-x540-g560,26,2015516220,3004,2,2,2
b10-17-k16-x540-g560,27,2015516220,3004,2,2,2
b10-17-k16-x540-g560,28,2015516220,3004,2,2,2
b10-17-k16-x540-g560,29,2015516220,3004,2,2,2
b10-17-k16-x540-g560,30,2015516220,3004,2,2,2
b10-17-k16-x540-g560,31,2015516220,3004,2,2,2
b10-17-k16-x540-g560,32,2015516220,3004,2,2,2
b10-17-k16-x540-g560,33,2015516220,3004,2,2,2
b10-17-k16-x540-g560,34,2015516220,3004,2,2,2
b10-17-k16-x540-g560,35,2015516220,3004,2,2,2
b10-17-k16-x540-g560,36,2015516220,3004,2,2,2
b10-17-k16-x540-g560,37,2015516220,3004,2,2,2
b10-17-k16-x540-g560,38,2015516220,3004,2,2,2
b10-17-k16-x540-g560,39,2015516220,3004,2,2,2
b10-17-k16-x540-g560,40,2015516220,3004,2,2,2
b10-17-k16-x560-g580,1,3374725112,3000,0,0,0
b10-17-k16-x560-g580,2,3374725112,3000,1,1,1
b10-17-k16-x560-g580,3,3374725112,3000,1,1,1
b10-17-k16-x560-g580,4,3374725112,3000,1,1,1
b10-17-k16-x560-g580,5,2270971442,3002,1,1,1
b10-17-k16-x560-g580,6,2270971442,3002,1,1,1
b10-17-k16-x560-g580,7,2270971442,3002,1,1,1
b10-17-k16-x560-g580,8,2270971442,3002,1,1,1
b10-17-k16-x560-g580,9,2270971442,3002,1,1,1
b10-17-k16-x560-g580,10,2270971442,3002,1,1,1
b10-17-k16-x560-g580,11,2270971442,3002,1,1,1
b10-17-k16-x560-g580,12,2270971442,3002,1,1,1
b10-17-k16-x560-g580,13,2270971442,3002,1,1,1
b10-17-k16-x560-g580,14,2270971442,3002,1,1,1
b10-17-k16-x560-g580,15,2270971442,3002,1,1,1
b10-17-k16-x560-g580,16,2015516220,3004,2,2,2
b10-17-k16-x560-g580,17,2015516220,3004,2,2,2
b10-17-k16-x560-g580,18,2015516220,3004,2,2,2
b10-17-k16-x560-g580,19,2015516220,3004,2,2,2
b10-17-k16-x560-g580,20,2015516220,3004,2,2,2
b10-17-k16-x560-g580,21,2015516220,3004,2,2,2
b10-17-k16-x560-g580,22,2015516220,3004,2,2,2
b10-17-k16-x560-g580,23,2015516220,3004,2,2,2
b10-17-k16-x560-g580,24,2015516220,3004,2,2,2
b10-17-k16-x560-g580,25,2015516220,3004,2,2,2
b10-17-k16-x560-g580,26,2015516220,3004,2,2,2
b10-17-k16-x560-g580,27,2015516220,3004,2,2,2
b10-17-k16-x560-g580,28,2015516220,3004,2,2,2
b10-17-k16-x560-g580,29,2015516220,3004,2,2,2
b10-17-k16-x560-g580,30,2015516220,3004,2,2,2
b10-17-k16-x560-g580,31,2015516220,3004,2,2,2
b10-17-k16-x560-g580,32,2015516220,3004,2,2,2
b10-17-k16-x560-g580,33,2015516220,3004,2,2,2
b10-17-k16-x560-g580,34,2015516220,3004,2,2,2
b10-17-k16-x560-g580,35,2015516220,3004,2,2,2
b10-17-k16-x560-g580,36,2015516220,3004,2,2,2
b10-17-k16-x560-g580,37,2015516220,3004,2,2,2
b10-17-k16-x560-g580,38,2015516220,3004,2,2,2
b10-17-k16-x560-g580,39,2015516220,3004,2,2,2
b10-17-k16-x560-g580,40,2015516220,3004,2,2,2
b10-17-k17-x540-g560,1,3374725112,3000,0,0,0
b10-17-k17-x540-g560,2,3374725112,3000,1,1,1
b10-17-k17-x540-g560,3,3374725112,3000,1,1,1
b10-17-k17-x540-g560,4,3374725112,3000,1,1,1
b10-17-k17-x540-g560,5,2270971442,3002,1,1,1
b10-17-k17-x540-g560,6,2270971442,3002,1,1,1
b10-17-k17-x540-g560,7,2270971442,3002,1,1,1
b10-17-k17-x540-g560,8,2270971442,3002,1,1,1
b10-17-k17-x540-g560,9,2270971442,3002,1,1,1
b10-17-k17-x540-g560,10,2270971442,3002,1,1,1
b10-17-k17-x540-g560,11,2270971442,3002,1,1,1
b10-17-k17-x540-g560,12,2270971442,3002,1,1,1
b10-17-k17-x540-g560,13,2270971442,3002,1,1,1
b10-17-k17-x540-g560,14,2270971442,3002,1,1,1
b10-17-k17-x540-g560,15,2270971442,3002,1,1,1
b10-17-k17-x540-g560,16,2015516220,3004,1,1,1
b10-17-k17-x540-g560,17,2015516220,3004,1,1,1
b10-17-k17-x540-g560,18,2015516220,3004,2,2,2
b10-17-k17-x540-g560,19,2015516220,3004,2,2,2
b10-17-k17-x540-g560,20,2015516220,3004,2,2,2
b10-17-k17-x540-g560,21,2015516220,3004,2,2,2
b10-17-k17-x540-g560,22,2015516220,3004,2,2,2
b10-17-k17-x540-g560,23,2015516220,3004,2,2,2
b10-17-k17-x540-g560,24,2015516220,3004,2,2,2
b10-17-k17-x540-g560,25,2015516220,3004,2,2,2
b10-17-k17-x540-g560,26,2015516220,3004,2,2,2
b10-17-k17-x540-g560,27,2015516220,3004,2,2,2
b10-17-k17-x540-g560,28,2015516220,3004,2,2,2
b10-17-k17-x540-g560,29,2015516220,3004,2,2,2
b10-17-k17-x540-g560,30,2015516220,3004,2,2,2
b10-17-k17-x540-g560,31,2015516220,3004,2,2,2
b10-17-k17-x540-g560,32,2015516220,3004,2,2,2
b10-17-k17-x540-g560,33,2015516220,3004,2,2,2
b10-17-k17-x540-g560,34,2015516220,3004,2,2,2
b10-17-k17-x540-g560,35,2015516220,3004,2,2,2
b10-17-k17-x540-g560,36,2015516220,3004,2,2,2
b10-17-k17-x540-g560,37,2015516220,3004,2,2,2
b10-17-k17-x540-g560,38,2015516220,3004,2,2,2
b10-17-k17-x540-g560,39,2015516220,3004,2,2,2
b10-17-k17-x540-g560,40,2015516220,3004,2,2,2
b10-17-k17-x560-g580,1,3374725112,3000,0,0,0
b10-17-k17-x560-g580,2,3374725112,3000,1,1,1
b10-17-k17-x560-g580,3,3374725112,3000,1,1,1
b10-17-k17-x560-g580,4,3374725112,3000,1,1,1
b10-17-k17-x560-g580,5,2270971442,3002,1,1,1
b10-17-k17-x560-g580,6,2270971442,3002,1,1,1
b10-17-k17-x560-g580,7,2270971442,3002,1,1,1
b10-17-k17-x560-g580,8,2270971442,3002,1,1,1
b10-17-k17-x560-g580,9,2270971442,3002,1,1,1
b10-17-k17-x560-g580,10,2270971442,3002,1,1,1
b10-17-k17-x560-g580,11,2270971442,3002,1,1,1
b10-17-k17-x560-g580,12,2270971442,3002,1,1,1
b10-17-k17-x560-g580,13,2270971442,3002,1,1,1
b10-17-k17-x560-g580,14,2270971442,3002,1,1,1
b10-17-k17-x560-g580,15,2270971442,3002,1,1,1
b10-17-k17-x560-g580,16,2015516220,3004,1,1,1
b10-17-k17-x560-g580,17,2015516220,3004,1,1,1
b10-17-k17-x560-g580,18,2015516220,3004,2,2,2
b10-17-k17-x560-g580,19,2015516220,3004,2,2,2
b10-17-k17-x560-g580,20,2015516220,3004,2,2,2
b10-17-k17-x560-g580,21,2015516220,3004,2,2,2
b10-17-k17-x560-g580,22,2015516220,3004,2,2,2
b10-17-k17-x560-g580,23,2015516220,3004,2,2,2
b10-17-k17-x560-g580,24,2015516220,3004,2,2,2
b10-17-k17-x560-g580,25,2015516220,3004,2,2,2
b10-17-k17-x560-g580,26,2015516220,3004,2,2,2
b10-17-k17-x560-g580,27,2015516220,3004,2,2,2
b10-17-k17-x560-g580,28,2015516220,3004,2,2,2
b10-17-k17-x560-g580,29,2015516220,3004,2,2,2
b10-17-k17-x560-g580,30,2015516220,3004,2,2,2
b10-17-k17-x560-g580,31,2015516220,3004,2,2,2
b10-17-k17-x560-g580,32,2015516220,3004,2,2,2
b10-17-k17-x560-g580,33,2015516220,3004,2,2,2
b10-17-k17-x560-g580,34,2015516220,3004,2,2,2
b10-17-k17-x560-g580,35,2015516220,3004,2,2,2
b10-17-k17-x560-g580,36,2015516220,3004,2,2,2
b10-17-k17-x560-g580,37,2015516220,3004,2,2,2
b10-17-k17-x560-g580,38,2015516220,3004,2,2,2
b10-17-k17-x560-g580,39,2015516220,3004,2,2,2
b10-17-k17-x560-g580,40,2015516220,3004,2,2,2
b10-17-k18-x540-g560,1,3374725112,3000,0,0,0
b10-17-k18-x540-g560,2,3374725112,3000,1,1,1
b10-17-k18-x540-g560,3,3374725112,3000,1,1,1
b10-17-k18-x540-g560,4,3374725112,3000,1,1,1
b10-17-k18-x540-g560,5,2270971442,3002,1,1,1
b10-17-k18-x540-g560,6,2270971442,3002,1,1,1
b10-17-k18-x540-g560,7,2270971442,3002,1,1,1
b10-17-k18-x540-g560,8,2270971442,3002,1,1,1
b10-17-k18-x540-g560,9,2270971442,3002,1,1,1
b10-17-k18-x540-g560,10,2270971442,3002,1,1,1
b10-17-k18-x540-g560,11,2270971442,3002,1,1,1
b10-17-k18-x540-g560,12,2270971442,3002,1,1,1
b10-17-k18-x540-g560,13,2270971442,3002,1,1,1
b10-17-k18-x540-g560,14,2270971442,3002,1,1,1
b10-17-k18-x540-g560,15,2270971442,3002,1,1,1
b10-17-k18-x540-g560,16,2015516220,3004,1,1,1
b10-17-k18-x540-g560,17,2015516220,3004,1,1,1
b10-17-k18-x540-g560,18,2015516220,3004,2,2,2
b10-17-k18-x540-g560,19,2015516220,3004,2,2,2
b10-17-k18-x540-g560,20,2015516220,3004,2,2,2
b10-17-k18-x540-g560,21,2015516220,3004,2,2,2
b10-17-k18-x540-g560,22,2015516220,3004,2,2,2
b10-17-k18-x540-g560,23,2015516220,3004,2,2,2
b10-17-k18-x540-g560,24,2015516220,3004,2,2,2
b10-17-k18-x540-g560,25,2015516220,3004,2,2,2
b10-17-k18-x540-g560,26,2015516220,3004,2,2,2
b10-17-k18-x540-g560,27,2015516220,3004,2,2,2
b10-17-k18-x540-g560,28,2015516220,3004,2,2,2
b10-17-k18-x540-g560,29,2015516220,3004,2,2,2
b10-17-k18-x540-g560,30,2015516220,3004,2,2,2
b10-17-k18-x540-g560,31,2015516220,3004,2,2,2
b10-17-k18-x540-g560,32,2015516220,3004,2,2,2
b10-17-k18-x540-g560,33,2015516220,3004,2,2,2
b10-17-k18-x540-g560,34,2015516220,3004,2,2,2
b10-17-k18-x540-g560,35,2015516220,3004,2,2,2
b10-17-k18-x540-g560,36,2015516220,3004,2,2,2
b10-17-k18-x540-g560,37,2015516220,3004,2,2,2
b10-17-k18-x540-g560,38,2015516220,3004,2,2,2
b10-17-k18-x540-g560,39,2015516220,3004,2,2,2
b10-17-k18-x540-g560,40,2015516220,3004,2,2,2
b10-17-k18-x560-g580,1,3374725112,3000,0,0,0
b10-17-k18-x560-g580,2,3374725112,3000,1,1,1
b10-17-k18-x560-g580,3,3374725112,3000,1,1,1
b10-17-k18-x560-g580,4,3374725112,3000,1,1,1
b10-17-k18-x560-g580,5,2270971442,3002,1,1,1
b10-17-k18-x560-g580,6,2270971442,3002,1,1,1
b10-17-k18-x560-g580,7,2270971442,3002,1,1,1
b10-17-k18-x560-g580,8,2270971442,3002,1,1,1
b10-17-k18-x560-g580,9,2270971442,3002,1,1,1
b10-17-k18-x560-g580,10,2270971442,3002,1,1,1
b10-17-k18-x560-g580,11,2270971442,3002,1,1,1
b10-17-k18-x560-g580,12,2270971442,3002,1,1,1
b10-17-k18-x560-g580,13,2270971442,3002,1,1,1
b10-17-k18-x560-g580,14,2270971442,3002,1,1,1
b10-17-k18-x560-g580,15,2270971442,3002,1,1,1
b10-17-k18-x560-g580,16,2015516220,3004,1,1,1
b10-17-k18-x560-g580,17,2015516220,3004,1,1,1
b10-17-k18-x560-g580,18,2015516220,3004,2,2,2
b10-17-k18-x560-g580,19,2015516220,3004,2,2,2
b10-17-k18-x560-g580,20,2015516220,3004,2,2,2
b10-17-k18-x560-g580,21,2015516220,3004,2,2,2
b10-17-k18-x560-g580,22,2015516220,3004,2,2,2
b10-17-k18-x560-g580,23,2015516220,3004,2,2,2
b10-17-k18-x560-g580,24,2015516220,3004,2,2,2
b10-17-k18-x560-g580,25,2015516220,3004,2,2,2
b10-17-k18-x560-g580,26,2015516220,3004,2,2,2
b10-17-k18-x560-g580,27,2015516220,3004,2,2,2
b10-17-k18-x560-g580,28,2015516220,3004,2,2,2
b10-17-k18-x560-g580,29,2015516220,3004,2,2,2
b10-17-k18-x560-g580,30,2015516220,3004,2,2,2
b10-17-k18-x560-g580,31,2015516220,3004,2,2,2
b10-17-k18-x560-g580,32,2015516220,3004,2,2,2
b10-17-k18-x560-g580,33,2015516220,3004,2,2,2
b10-17-k18-x560-g580,34,2015516220,3004,2,2,2
b10-17-k18-x560-g580,35,2015516220,3004,2,2,2
b10-17-k18-x560-g580,36,2015516220,3004,2,2,2
b10-17-k18-x560-g580,37,2015516220,3004,2,2,2
b10-17-k18-x560-g580,38,2015516220,3004,2,2,2
b10-17-k18-x560-g580,39,2015516220,3004,2,2,2
b10-17-k18-x560-g580,40,2015516220,3004,2,2,2
b10-17-k19-x540-g560,1,3374725112,3000,0,0,0
b10-17-k19-x540-g560,2,3374725112,3000,1,1,1
b10-17-k19-x540-g560,3,3374725112,3000,1,1,1
b10-17-k19-x540-g560,4,3374725112,3000,1,1,1
b10-17-k19-x540-g560,5,2270971442,3002,1,1,1
b10-17-k19-x540-g560,6,2270971442,3002,1,1,1
b10-17-k19-x540-g560,7,2270971442,3002,1,1,1
b10-17-k19-x540-g560,8,2270971442,3002,1,1,1
b10-17-k19-x540-g560,9,2270971442,3002,1,1,1
b10-17-k19-x540-g560,10,2270971442,3002,1,1,1
b10-17-k19-x540-g560,11,2270971442,3002,1,1,1
b10-17-k19-x540-g560,12,2270971442,3002,1,1,1
b10-17-k19-x540-g560,13,2270971442,3002,1,1,1
b10-17-k19-x540-g560,14,2270971442,3002,1,1,1
b10-17-k19-x540-g560,15,2270971442,3002,1,1,1
b10-17-k19-x540-g560,16,2015516220,3004,1,1,1
b10-17-k19-x540-g560,17,2015516220,3004,1,1,1
b10-17-k19-x540-g560,18,2015516220,3004,1,1,1
b10-17-k19-x540-g560,19,2015516220,3004,1,1,1
b10-17-k19-x540-g560,20,2015516220,3004,2,2,2
b10-17-k19-x540-g560,21,2015516220,3004,2,2,2
b10-17-k19-x540-g560,22,2015516220,3004,2,2,2
b10-17-k19-x540-g560,23,2015516220,3004,2,2,2
b10-17-k19-x540-g560,24,2015516220,3004,2,2,2
b10-17-k19-x540-g560,25,3379885718,3006,2,2,2
b10-17-k19-x540-g560,26,3379885718,3006,2,2,2
b10-17-k19-x540-g560,27,3379885718,3006,2,2,2
b10-17-k19-x540-g560,28,3379885718,3006,2,2,2
b10-17-k19-x540-g560,29,3379885718,3006,2,2,2
b10-17-k19-x540-g560,30,3379885718,3006,2,2,2
b10-17-k19-x540-g560,31,3379885718,3006,2,2,2
b10-17-k19-x540-g560,32,3379885718,3006,2,2,2
b10-17-k19-x540-g560,33,3379885718,3006,2,2,2
b10-17-k19-x540-g560,34,3379885718,3006,2,2,2
b10-17-k19-x540-g560,35,3379885718,3006,2,2,2
b10-17-k19-x540-g560,36,3379885718,3006,2,2,2
b10-17-k19-x540-g560,37,3379885718,3006,2,2,2
b10-17-k19-x540-g560,38,3379885718,3006,2,2,2
b10-17-k19-x540-g560,39,3379885718,3006,2,2,2
b10-17-k19-x540-g560,40,3379885718,3006,2,2,2
b10-17-k19-x560-g580,1,3374725112,3000,0,0,0
b10-17-k19-x560-g580,2,3374725112,3000,1,1,1
b10-17-k19-x560-g580,3,3374725112,3000,1,1,1
b10-17-k19-x560-g580,4,3374725112,3000,1,1,1
b10-17-k19-x560-g580,5,2270971442,3002,1,1,1
b10-17-k19-x560-g580,6,2270971442,3002,1,1,1
b10-17-k19-x560-g580,7,2270971442,3002,1,1,1
b10-17-k19-x560-g580,8,2270971442,3002,1,1,1
b10-17-k19-x560-g580,9,2270971442,3002,1,1,1
b10-17-k19-x560-g580,10,2270971442,3002,1,1,1
b10-17-k19-x560-g580,11,2270971442,3002,1,1,1
b10-17-k19-x560-g580,12,2270971442,3002,1,1,1
b10-17-k19-x560-g580,13,2270971442,3002,1,1,1
b10-17-k19-x560-g580,14,2270971442,3002,1,1,1
b10-17-k19-x560-g580,15,2270971442,3002,1,1,1
b10-17-k19-x560-g580,16,2015516220,3004,1,1,1
b10-17-k19-x560-g580,17,2015516220,3004,1,1,1
b10-17-k19-x560-g580,18,2015516220,3004,1,1,1
b10-17-k19-x560-g580,19,2015516220,3004,1,1,1
b10-17-k19-x560-g580,20,2015516220,3004,2,2,2
b10-17-k19-x560-g580,21,2015516220,3004,2,2,2
b10-17-k19-x560-g580,22,2015516220,3004,2,2,2
b10-17-k19-x560-g580,23,2015516220,3004,2,2,2
b10-17-k19-x560-g580,24,2015516220,3004,2,2,2
b10-17-k19-x560-g580,25,3379885718,3006,2,2,2
b10-17-k19-x560-g580,26,3379885718,3006,2,2,2
b10-17-k19-x560-g580,27,3379885718,3006,2,2,2
b10-17-k19-x560-g580,28,3379885718,3006,2,2,2
b10-17-k19-x560-g580,29,3379885718,3006,2,2,2
b10-17-k19-x560-g580,30,3379885718,3006,2,2,2
b10-17-k19-x560-g580,31,3379885718,3006,2,2,2
b10-17-k19-x560-g580,32,3379885718,3006,2,2,2
b10-17-k19-x560-g580,33,3379885718,3006,2,2,2
b10-17-k19-x560-g580,34,3379885718,3006,2,2,2
b10-17-k19-x560-g580,35,3379885718,3006,2,2,2
b10-17-k19-x560-g580,36,3379885718,3006,2,2,2
b10-17-k19-x560-g580,37,3379885718,3006,2,2,2
b10-17-k19-x560-g580,38,3379885718,3006,2,2,2
b10-17-k19-x560-g580,39,3379885718,3006,2,2,2
b10-17-k19-x560-g580,40,3379885718,3006,2,2,2
b10-18-k13-x540-g560,1,3374725112,3000,0,0,0
b10-18-k13-x540-g560,2,3374725112,3000,1,1,1
b10-18-k13-x540-g560,3,3374725112,3000,1,1,1
b10-18-k13-x540-g560,4,3374725112,3000,1,1,1
b10-18-k13-x540-g560,5,2270971442,3002,1,1,1
b10-18-k13-x540-g560,6,2270971442,3002,1,1,1
b10-18-k13-x540-g560,7,2270971442,3002,1,1,1
b10-18-k13-x540-g560,8,2270971442,3002,1,1,1
b10-18-k13-x540-g560,9,2270971442,3002,1,1,1
b10-18-k13-x540-g560,10,2270971442,3002,1,1,1
b10-18-k13-x540-g560,11,2270971442,3002,1,1,1
b10-18-k13-x540-g560,12,2270971442,3002,1,1,1
b10-18-k13-x540-g560,13,2270971442,3002,1,1,1
b10-18-k13-x540-g560,14,2270971442,3002,2,2,2
b10-18-k13-x540-g560,15,2270971442,3002,2,2,2
b10-18-k13-x540-g560,16,2015516220,3004,2,2,2
b10-18-k13-x540-g560,17,2015516220,3004,2,2,2
b10-18-k13-x540-g560,18,2015516220,3004,2,2,2
b10-18-k13-x540-g560,19,2015516220,3004,2,2,2
b10-18-k13-x540-g560,20,2015516220,3004,2,2,2
b10-18-k13-x540-g560,21,2015516220,3004,2,2,2
b10-18-k13-x540-g560,22,2015516220,3004,2,2,2
b10-18-k13-x540-g560,23,2015516220,3004,2,2,2
b10-18-k13-x540-g560,24,2015516220,3004,2,2,2
b10-18-k13-x540-g560,25,2015516220,3004,2,2,2
b10-18-k13-x540-g560,26,2015516220,3004,2,2,2
b10-18-k13-x540-g560,27,2015516220,3004,2,2,2
b10-18-k13-x540-g560,28,2015516220,3004,2,2,2
b10-18-k13-x540-g560,29,2015516220,3004,2,2,2
b10-18-k13-x540-g560,30,2015516220,3004,2,2,2
b10-18-k13-x540-g560,31,2015516220,3004,2,2,2
b10-18-k13-x540-g560,32,2015516220,3004,2,2,2
b10-18-k13-x540-g560,33,2015516220,3004,2,2,2
b10-18-k13-x540-g560,34,2015516220,3004,2,2,2
b10-18-k13-x540-g560,35,2015516220,3004,2,2,2
b10-18-k13-x540-g560,36,2015516220,3004,2,2,2
b10-18-k13-x540-g560,37,2015516220,3004,2,2,2
b10-18-k13-x540-g560,38,2015516220,3004,2,2,2
b10-18-k13-x540-g560,39,2015516220,3004,2,2,2
b10-18-k13-x540-g560,40,2015516220,3004,2,2,2
b10-18-k13-x560-g580,1,3374725112,3000,0,0,0
b10-18-k13-x560-g580,2,3374725112,3000,1,1,1
b10-18-k13-x560-g580,3,3374725112,3000,1,1,1
b10-18-k13-x560-g580,4,3374725112,3000,1,1,1
b10-18-k13-x560-g580,5,2270971442,3002,1,1,1
b10-18-k13-x560-g580,6,2270971442,3002,1,1,1
b10-18-k13-x560-g580,7,2270971442,3002,1,1,1
b10-18-k13-x560-g580,8,2270971442,3002,1,1,1
b10-18-k13-x560-g580,9,2270971442,3002,1,1,1
b10-18-k13-x560-g580,10,2270971442,3002,1,1,1
b10-18-k13-x560-g580,11,2270971442,3002,1,1,1
b10-18-k13-x560-g580,12,2270971442,3002,1,1,1
b10-18-k13-x560-g580,13,2270971442,3002,1,1,1
b10-18-k13-x560-g580,14,2270971442,3002,2,2,2
b10-18-k13-x560-g580,15,2270971442,3002,2,2,2
b10-18-k13-x560-g580,16,2015516220,3004,2,2,2
b10-18-k13-x560-g580,17,2015516220,3004,2,2,2
b10-18-k13-x560-g580,18,2015516220,3004,2,2,2
b10-18-k13-x560-g580,19,2015516220,3004,2,2,2
b10-18-k13-x560-g580,20,2015516220,3004,2,2,2
b10-18-k13-x560-g580,21,2015516220,3004,2,2,2
b10-18-k13-x560-g580,22,2015516220,3004,2,2,2
b10-18-k13-x560-g580,23,2015516220,3004,2,2,2
b10-18-k13-x560-g580,24,2015516220,3004,2,2,2
b10-18-k13-x560-g580,25,2015516220,3004,2,2,2
b10-18-k13-x560-g580,26,2015516220,3004,2,2,2
b10-18-k13-x560-g580,27,2015516220,3004,2,2,2
b10-18-k13-x560-g580,28,2015516220,3004,2,2,2
b10-18-k13-x560-g580,29,2015516220,3004,2,2,2
b10-18-k13-x560-g580,30,2015516220,3004,2,2,2
b10-18-k13-x560-g580,31,2015516220,3004,2,2,2
b10-18-k13-x560-g580,32,2015516220,3004,2,2,2
b10-18-k13-x560-g580,33,2015516220,3004,2,2,2
b10-18-k13-x560-g580,34,2015516220,3004,2,2,2
b10-18-k13-x560-g580,35,2015516220,3004,2,2,2
b10-18-k13-x560-g580,36,2015516220,3004,2,2,2
b10-18-k13-x560-g580,37,2015516220,3004,2,2,2
b10-18-k13-x560-g580,38,2015516220,3004,2,2,2
b10-18-k13-x560-g580,39,2015516220,3004,2,2,2
b10-18-k13-x560-g580,40,2015516220,3004,2,2,2
b10-18-k14-x540-g560,1,3374725112,3000,0,0,0
b10-18-k14-x540-g560,2,3374725112,3000,1,1,1
b10-18-k14-x540-g560,3,3374725112,3000,1,1,1
b10-18-k14-x540-g560,4,3374725112,3000,1,1,1
b10-18-k14-x540-g560,5,2270971442,3002,1,1,1
b10-18-k14-x540-g560,6,2270971442,3002,1,1,1
b10-18-k14-x540-g560,7,2270971442,3002,1,1,1
b10-18-k14-x540-g560,8,2270971442,3002,1,1,1
b10-18-k14-x540-g560,9,2270971442,3002,1,1,1
b10-18-k14-x540-g560,10,2270971442,3002,1,1,1
b10-18-k14-x540-g560,11,2270971442,3002,1,1,1
b10-18-k14-x540-g560,12,2270971442,3002,1,1,1
b10-18-k14-x540-g560,13,2270971442,3002,1,1,1
b10-18-k14-x540-g560,14,2270971442,3002,2,2,2
b10-18-k14-x540-g560,15,2270971442,3002,2,2,2
b10-18-k14-x540-g560,16,2015516220,3004,2,2,2
b10-18-k14-x540-g560,17,2015516220,3004,2,2,2
b10-18-k14-x540-g560,18,2015516220,3004,2,2,2
b10-18-k14-x540-g560,19,2015516220,3004,2,2,2
b10-18-k14-x540-g560,20,2015516220,3004,2,2,2
b10-18-k14-x540-g560,21,2015516220,3004,2,2,2
b10-18-k14-x540-g560,22,2015516220,3004,2,2,2
b10-18-k14-x540-g560,23,2015516220,3004,2,2,2
b10-18-k14-x540-g560,24,2015516220,3004,2,2,2
b10-18-k14-x540-g560,25,2015516220,3004,2,2,2
b10-18-k14-x540-g560,26,2015516220,3004,2,2,2
b10-18-k14-x540-g560,27,2015516220,3004,2,2,2
b10-18-k14-x540-g560,28,2015516220,3004,2,2,2
b10-18-k14-x540-g560,29,2015516220,3004,2,2,2
b10-18-k14-x540-g560,30,2015516220,3004,2,2,2
b10-18-k14-x540-g560,31,2015516220,3004,2,2,2
b10-18-k14-x540-g560,32,2015516220,3004,2,2,2
b10-18-k14-x540-g560,33,2015516220,3004,2,2,2
b10-18-k14-x540-g560,34,2015516220,3004,2,2,2
b10-18-k14-x540-g560,35,2015516220,3004,2,2,2
b10-18-k14-x540-g560,36,2015516220,3004,2,2,2
b10-18-k14-x540-g560,37,2015516220,3004,2,2,2
b10-18-k14-x540-g560,38,2015516220,3004,2,2,2
b10-18-k14-x540-g560,39,2015516220,3004,2,2,2
b10-18-k14-x540-g560,40,2015516220,3004,2,2,2
b10-18-k14-x560-g580,1,3374725112,3000,0,0,0
b10-18-k14-x560-g580,2,3374725112,3000,1,1,1
b10-18-k14-x560-g580,3,3374725112,3000,1,1,1
b10-18-k14-x560-g580,4,3374725112,3000,1,1,1
b10-18-k14-x560-g580,5,2270971442,3002,1,1,1
b10-18-k14-x560-g580,6,2270971442,3002,1,1,1
b10-18-k14-x560-g580,7,2270971442,3002,1,1,1
b10-18-k14-x560-g580,8,2270971442,3002,1,1,1
b10-18-k14-x560-g580,9,2270971442,3002,1,1,1
b10-18-k14-x560-g580,10,2270971442,3002,1,1,1
b10-18-k14-x560-g580,11,2270971442,3002,1,1,1
b10-18-k14-x560-g580,12,2270971442,3002,1,1,1
b10-18-k14-x560-g580,13,2270971442,3002,1,1,1
b10-18-k14-x560-g580,14,2270971442,3002,2,2,2
b10-18-k14-x560-g580,15,2270971442,3002,2,2,2
b10-18-k14-x560-g580,16,2015516220,3004,2,2,2
b10-18-k14-x560-g580,17,2015516220,3004,2,2,2
b10-18-k14-x560-g580,18,2015516220,3004,2,2,2
b10-18-k14-x560-g580,19,2015516220,3004,2,2,2
b10-18-k14-x560-g580,20,2015516220,3004,2,2,2
b10-18-k14-x560-g580,21,2015516220,3004,2,2,2
b10-18-k14-x560-g580,22,2015516220,3004,2,2,2
b10-18-k14-x560-g580,23,2015516220,3004,2,2,2
b10-18-k14-x560-g580,24,2015516220,3004,2,2,2
b10-18-k14-x560-g580,25,2015516220,3004,2,2,2
b10-18-k14-x560-g580,26,2015516220,3004,2,2,2
b10-18-k14-x560-g580,27,2015516220,3004,2,2,2
b10-18-k14-x560-g580,28,2015516220,3004,2,2,2
b10-18-k14-x560-g580,29,2015516220,3004,2,2,2
b10-18-k14-x560-g580,30,2015516220,3004,2,2,2
b10-18-k14-x560-g580,31,2015516220,3004,2,2,2
b10-18-k14-x560-g580,32,2015516220,3004,2,2,2
b10-18-k14-x560-g580,33,2015516220,3004,2,2,2
b10-18-k14-x560-g580,34,2015516220,3004,2,2,2
b10-18-k14-x560-g580,35,2015516220,3004,2,2,2
b10-18-k14-x560-g580,36,2015516220,3004,2,2,2
b10-18-k14-x560-g580,37,2015516220,3004,2,2,2
b10-18-k14-x560-g580,38,2015516220,3004,2,2,2
b10-18-k14-x560-g580,39,2015516220,3004,2,2,2
b10-18-k14-x560-g580,40,2015516220,3004,2,2,2
b10-18-k15-x540-g560,1,3374725112,3000,0,0,0
b10-18-k15-x540-g560,2,3374725112,3000,1,1,1
b10-18-k15-x540-g560,3,3374725112,3000,1,1,1
b10-18-k15-x540-g560,4,3374725112,3000,1,1,1
b10-18-k15-x540-g560,5,2270971442,3002,1,1,1
b10-18-k15-x540-g560,6,2270971442,3002,1,1,1
b10-18-k15-x540-g560,7,2270971442,3002,1,1,1
b10-18-k15-x540-g560,8,2270971442,3002,1,1,1
b10-18-k15-x540-g560,9,2270971442,3002,1,1,1
b10-18-k15-x540-g560,10,2270971442,3002,1,1,1
b10-18-k15-x540-g560,11,2270971442,3002,1,1,1
b10-18-k15-x540-g560,12,2270971442,3002,1,1,1
b10-18-k15-x540-g560,13,2270971442,3002,1,1,1
b10-18-k15-x540-g560,14,2270971442,3002,1,1,1
b10-18-k15-x540-g560,15,2270971442,3002,1,1,1
b10-18-k15-x540-g560,16,2015516220,3004,2,2,2
b10-18-k15-x540-g560,17,2015516220,3004,2,2,2
b10-18-k15-x540-g560,18,2015516220,3004,2,2,2
b10-18-k15-x540-g560,19,2015516220,3004,2,2,2
b10-18-k15-x540-g560,20,2015516220,3004,2,2,2
b10-18-k15-x540-g560,21,2015516220,3004,2,2,2
b10-18-k15-x540-g560,22,2015516220,3004,2,2,2
b10-18-k15-x540-g560,23,2015516220,3004,2,2,2
b10-18-k15-x540-g560,24,2015516220,3004,2,2,2
b10-18-k15-x540-g560,25,2015516220,3004,2,2,2
b10-18-k15-x540-g560,26,2015516220,3004,2,2,2
b10-18-k15-x540-g560,27,2015516220,3004,2,2,2
b10-18-k15-x540-g560,28,2015516220,3004,2,2,2
b10-18-k15-x540-g560,29,2015516220,3004,2,2,2
b10-18-k15-x540-g560,30,2015516220,3004,2,2,2
b10-18-k15-x540-g560,31,2015516220,3004,2,2,2
b10-18-k15-x540-g560,32,2015516220,3004,2,2,2
b10-18-k15-x540-g560,33,2015516220,3004,2,2,2
b10-18-k15-x540-g560,34,2015516220,3004,2,2,2
b10-18-k15-x540-g560,35,2015516220,3004,2,2,2
b10-18-k15-x540-g560,36,2015516220,3004,2,2,2
b10-18-k15-x540-g560,37,2015516220,3004,2,2,2
b10-18-k15-x540-g560,38,2015516220,3004,2,2,2
b10-18-k15-x540-g560,39,2015516220,3004,2,2,2
b10-18-k15-x540-g560,40,2015516220,3004,2,2,2
b10-18-k15-x560-g580,1,3374725112,3000,0,0,0
b10-18-k15-x560-g580,2,3374725112,3000,1,1,1
b10-18-k15-x560-g580,3,3374725112,3000,1,1,1
b10-18-k15-x560-g580,4,3374725112,3000,1,1,1
b10-18-k15-x560-g580,5,2270971442,3002,1,1,1
b10-18-k15-x560-g580,6,2270971442,3002,1,1,1
b10-18-k15-x560-g580,7,2270971442,3002,1,1,1
b10-18-k15-x560-g580,8,2270971442,3002,1,1,1
b10-18-k15-x560-g580,9,2270971442,3002,1,1,1
b10-18-k15-x560-g580,10,2270971442,3002,1,1,1
b10-18-k15-x560-g580,11,2270971442,3002,1,1,1
b10-18-k15-x560-g580,12,2270971442,3002,1,1,1
b10-18-k15-x560-g580,13,2270971442,3002,1,1,1
b10-18-k15-x560-g580,14,2270971442,3002,1,1,1
b10-18-k15-x560-g580,15,2270971442,3002,1,1,1
b10-18-k15-x560-g580,16,2015516220,3004,2,2,2
b10-18-k15-x560-g580,17,2015516220,3004,2,2,2
b10-18-k15-x560-g580,18,2015516220,3004,2,2,2
b10-18-k15-x560-g580,19,2015516220,3004,2,2,2
b10-18-k15-x560-g580,20,2015516220,3004,2,2,2
b10-18-k15-x560-g580,21,2015516220,3004,2,2,2
b10-18-k15-x560-g580,22,2015516220,3004,2,2,2
b10-18-k15-x560-g580,23,2015516220,3004,2,2,2
b10-18-k15-x560-g580,24,2015516220,3004,2,2,2
b10-18-k15-x560-g580,25,2015516220,3004,2,2,2
b10-18-k15-x560-g580,26,2015516220,3004,2,2,2
b10-18-k15-x560-g580,27,2015516220,3004,2,2,2
b10-18-k15-x560-g580,28,2015516220,3004,2,2,2
b10-18-k15-x560-g580,29,2015516220,3004,2,2,2
b10-18-k15-x560-g580,30,2015516220,3004,2,2,2
b10-18-k15-x560-g580,31,2015516220,3004,2,2,2
b10-18-k15-x560-g580,32,2015516220,3004,2,2,2
b10-18-k15-x560-g580,33,2015516220,3004,2,2,2
b10-18-k15-x560-g580,34,2015516220,3004,2,2,2
b10-18-k15-x560-g580,35,2015516220,3004,2,2,2
b10-18-k15-x560-g580,36,2015516220,3004,2,2,2
b10-18-k15-x560-g580,37,2015516220,3004,2,2,2
b10-18-k15-x560-g580,38,2015516220,3004,2,2,2
b10-18-k15-x560-g580,39,2015516220,3004,2,2,2
b10-18-k15-x560-g580,40,2015516220,3004,2,2,2
b10-18-k16-x540-g560,1,3374725112,3000,0,0,0
b10-18-k16-x540-g560,2,3374725112,3000,1,1,1
b10-18-k16-x540-g560,3,3374725112,3000,1,1,1
b10-18-k16-x540-g560,4,3374725112,3000,1,1,1
b10-18-k16-x540-g560,5,2270971442,3002,1,1,1
b10-18-k16-x540-g560,6,2270971442,3002,1,1,1
b10-18-k16-x540-g560,7,2270971442,3002,1,1,1
b10-18-k16-x540-g560,8,2270971442,3002,1,1,1
b10-18-k16-x540-g560,9,2270971442,3002,1,1,1
b10-18-k16-x540-g560,10,2270971442,3002,1,1,1
b10-18-k16-x540-g560,11,2270971442,3002,1,1,1
b10-18-k16-x540-g560,12,2270971442,3002,1,1,1
b10-18-k16-x540-g560,13,2270971442,3002,1,1,1
b10-18-k16-x540-g560,14,2270971442,3002,1,1,1
b10-18-k16-x540-g560,15,2270971442,3002,1,1,1
b10-18-k16-x540-g560,16,2015516220,3004,2,2,2
b10-18-k16-x540-g560,17,2015516220,3004,2,2,2
b10-18-k16-x540-g560,18,2015516220,3004,2,2,2
b10-18-k16-x540-g560,19,2015516220,3004,2,2,2
b10-18-k16-x540-g560,20,2015516220,3004,2,2,2
b10-18-k16-x540-g560,21,2015516220,3004,2,2,2
b10-18-k16-x540-g560,22,2015516220,3004,2,2,2
b10-18-k16-x540-g560,23,2015516220,3004,2,2,2
b10-18-k16-x540-g560,24,2015516220,3004,2,2,2
b10-18-k16-x540-g560,25,2015516220,3004,2,2,2
b10-18-k16-x540-g560,26,2015516220,3004,2,2,2
b10-18-k16-x540-g560,27,2015516220,3004,2,2,2
b10-18-k16-x540-g560,28,2015516220,3004,2,2,2
b10-18-k16-x540-g560,29,2015516220,3004,2,2,2
b10-18-k16-x540-g560,30,2015516220,3004,2,2,2
b10-18-k16-x540-g560,31,2015516220,3004,2,2,2
b10-18-k16-x540-g560,32,2015516220,3004,2,2,2
b10-18-k16-x540-g560,33,2015516220,3004,2,2,2
b10-18-k16-x540-g560,34,2015516220,3004,2,2,2
b10-18-k16-x540-g560,35,2015516220,3004,2,2,2
b10-18-k16-x540-g560,36,2015516220,3004,2,2,2
b10-18-k16-x540-g560,37,2015516220,3004,2,2,2
b10-18-k16-x540-g560,38,2015516220,3004,2,2,2
b10-18-k16-x540-g560,39,2015516220,3004,2,2,2
b10-18-k16-x540-g560,40,2015516220,3004,2,2,2
b10-18-k16-x560-g580,1,3374725112,3000,0,0,0
b10-18-k16-x560-g580,2,3374725112,3000,1,1,1
b10-18-k16-x560-g580,3,3374725112,3000,1,1,1
b10-18-k16-x560-g580,4,3374725112,3000,1,1,1
b10-18-k16-x560-g580,5,2270971442,3002,1,1,1
b10-18-k16-x560-g580,6,2270971442,3002,1,1,1
b10-18-k16-x560-g580,7,2270971442,3002,1,1,1
b10-18-k16-x560-g580,8,2270971442,3002,1,1,1
b10-18-k16-x560-g580,9,2270971442,3002,1,1,1
b10-18-k16-x560-g580,10,2270971442,3002,1,1,1
b10-18-k16-x560-g580,11,2270971442,3002,1,1,1
b10-18-k16-x560-g580,12,2270971442,3002,1,1,1
b10-18-k16-x560-g580,13,2270971442,3002,1,1,1
b10-18-k16-x560-g580,14,2270971442,3002,1,1,1
b10-18-k16-x560-g580,15,2270971442,3002,1,1,1
b10-18-k16-x560-g580,16,2015516220,3004,2,2,2
b10-18-k16-x560-g580,17,2015516220,3004,2,2,2
b10-18-k16-x560-g580,18,2015516220,3004,2,2,2
b10-18-k16-x560-g580,19,2015516220,3004,2,2,2
b10-18-k16-x560-g580,20,2015516220,3004,2,2,2
b10-18-k16-x560-g580,21,2015516220,3004,2,2,2
b10-18-k16-x560-g580,22,2015516220,3004,2,2,2
b10-18-k16-x560-g580,23,2015516220,3004,2,2,2
b10-18-k16-x560-g580,24,2015516220,3004,2,2,2
b10-18-k16-x560-g580,25,2015516220,3004,2,2,2
b10-18-k16-x560-g580,26,2015516220,3004,2,2,2
b10-18-k16-x560-g580,27,2015516220,3004,2,2,2
b10-18-k16-x560-g580,28,2015516220,3004,2,2,2
b10-18-k16-x560-g580,29,2015516220,3004,2,2,2
b10-18-k16-x560-g580,30,2015516220,3004,2,2,2
b10-18-k16-x560-g580,31,2015516220,3004,2,2,2
b10-18-k16-x560-g580,32,2015516220,3004,2,2,2
b10-18-k16-x560-g580,33,2015516220,3004,2,2,2
b10-18-k16-x560-g580,34,2015516220,3004,2,2,2
b10-18-k16-x560-g580,35,2015516220,3004,2,2,2
b10-18-k16-x560-g580,36,2015516220,3004,2,2,2
b10-18-k16-x560-g580,37,2015516220,3004,2,2,2
b10-18-k16-x560-g580,38,2015516220,3004,2,2,2
b10-18-k16-x560-g580,39,2015516220,3004,2,2,2
b10-18-k16-x560-g580,40,2015516220,3004,2,2,2
b10-18-k17-x540-g560,1,3374725112,3000,0,0,0
b10-18-k17-x540-g560,2,3374725112,3000,1,1,1
b10-18-k17-x540-g560,3,3374725112,3000,1,1,1
b10-18-k17-x540-g560,4,3374725112,3000,1,1,1
b10-18-k17-x540-g560,5,2270971442,3002,1,1,1
b10-18-k17-x540-g560,6,2270971442,3002,1,1,1
b10-18-k17-x540-g560,7,2270971442,3002,1,1,1
b10-18-k17-x540-g560,8,2270971442,3002,1,1,1
b10-18-k17-x540-g560,9,2270971442,3002,1,1,1
b10-18-k17-x540-g560,10,2270971442,3002,1,1,1
b10-18-k17-x540-g560,11,2270971442,3002,1,1,1
b10-18-k17-x540-g560,12,2270971442,3002,1,1,1
b10-18-k17-x540-g560,13,2270971442,3002,1,1,1
b10-18-k17-x540-g560,14,2270971442,3002,1,1,1
b10-18-k17-x540-g560,15,2270971442,3002,1,1,1
b10-18-k17-x540-g560,16,2015516220,3004,1,1,1
b10-18-k17-x540-g560,17,2015516220,3004,1,1,1
b10-18-k17-x540-g560,18,2015516220,3004,2,2,2
b10-18-k17-x540-g560,19,2015516220,3004,2,2,2
b10-18-k17-x540-g560,20,2015516220,3004,2,2,2
b10-18-k17-x540-g560,21,2015516220,3004,2,2,2
b10-18-k17-x540-g560,22,2015516220,3004,2,2,2
b10-18-k17-x540-g560,23,2015516220,3004,2,2,2
b10-18-k17-x540-g560,24,2015516220,3004,2,2,2
b10-18-k17-x540-g560,25,2015516220,3004,2,2,2
b10-18-k17-x540-g560,26,2015516220,3004,2,2,2
b10-18-k17-x540-g560,27,2015516220,3004,2,2,2
b10-18-k17-x540-g560,28,2015516220,3004,2,2,2
b10-18-k17-x540-g560,29,2015516220,3004,2,2,2
b10-18-k17-x540-g560,30,2015516220,3004,2,2,2
b10-18-k17-x540-g560,31,2015516220,3004,2,2,2
b10-18-k17-x540-g560,32,2015516220,3004,2,2,2
b10-18-k17-x540-g560,33,2015516220,3004,2,2,2
b10-18-k17-x540-g560,34,2015516220,3004,2,2,2
b10-18-k17-x540-g560,35,2015516220,3004,2,2,2
b10-18-k17-x540-g560,36,2015516220,3004,2,2,2
b10-18-k17-x540-g560,37,2015516220,3004,2,2,2
b10-18-k17-x540-g560,38,2015516220,3004,2,2,2
b10-18-k17-x540-g560,39,2015516220,3004,2,2,2
b10-18-k17-x540-g560,40,2015516220,3004,2,2,2
b10-18-k17-x560-g580,1,3374725112,3000,0,0,0
b10-18-k17-x560-g580,2,3374725112,3000,1,1,1
b10-18-k17-x560-g580,3,3374725112,3000,1,1,1
b10-18-k17-x560-g580,4,3374725112,3000,1,1,1
b10-18-k17-x560-g580,5,2270971442,3002,1,1,1
b10-18-k17-x560-g580,6,2270971442,3002,1,1,1
b10-18-k17-x560-g580,7,2270971442,3002,1,1,1
b10-18-k17-x560-g580,8,2270971442,3002,1,1,1
b10-18-k17-x560-g580,9,2270971442,3002,1,1,1
b10-18-k17-x560-g580,10,2270971442,3002,1,1,1
b10-18-k17-x560-g580,11,2270971442,3002,1,1,1
b10-18-k17-x560-g580,12,2270971442,3002,1,1,1
b10-18-k17-x560-g580,13,2270971442,3002,1,1,1
b10-18-k17-x560-g580,14,2270971442,3002,1,1,1
b10-18-k17-x560-g580,15,2270971442,3002,1,1,1
b10-18-k17-x560-g580,16,2015516220,3004,1,1,1
b10-18-k17-x560-g580,17,2015516220,3004,1,1,1
b10-18-k17-x560-g580,18,2015516220,3004,2,2,2
b10-18-k17-x560-g580,19,2015516220,3004,2,2,2
b10-18-k17-x560-g580,20,2015516220,3004,2,2,2
b10-18-k17-x560-g580,21,2015516220,3004,2,2,2
b10-18-k17-x560-g580,22,2015516220,3004,2,2,2
b10-18-k17-x560-g580,23,2015516220,3004,2,2,2
b10-18-k17-x560-g580,24,2015516220,3004,2,2,2
b10-18-k17-x560-g580,25,2015516220,3004,2,2,2
b10-18-k17-x560-g580,26,2015516220,3004,2,2,2
b10-18-k17-x560-g580,27,2015516220,3004,2,2,2
b10-18-k17-x560-g580,28,2015516220,3004,2,2,2
b10-18-k17-x560-g580,29,2015516220,3004,2,2,2
b10-18-k17-x560-g580,30,2015516220,3004,2,2,2
b10-18-k17-x560-g580,31,2015516220,3004,2,2,2
b10-18-k17-x560-g580,32,2015516220,3004,2,2,2
b10-18-k17-x560-g580,33,2015516220,3004,2,2,2
b10-18-k17-x560-g580,34,2015516220,3004,2,2,2
b10-18-k17-x560-g580,35,2015516220,3004,2,2,2
b10-18-k17-x560-g580,36,2015516220,3004,2,2,2
b10-18-k17-x560-g580,37,2015516220,3004,2,2,2
b10-18-k17-x560-g580,38,2015516220,3004,2,2,2
b10-18-k17-x560-g580,39,2015516220,3004,2,2,2
b10-18-k17-x560-g580,40,2015516220,3004,2,2,2
b10-18-k18-x540-g560,1,3374725112,3000,0,0,0
b10-18-k18-x540-g560,2,3374725112,3000,1,1,1
b10-18-k18-x540-g560,3,3374725112,3000,1,1,1
b10-18-k18-x540-g560,4,3374725112,3000,1,1,1
b10-18-k18-x540-g560,5,2270971442,3002,1,1,1
b10-18-k18-x540-g560,6,2270971442,3002,1,1,1
b10-18-k18-x540-g560,7,2270971442,3002,1,1,1
b10-18-k18-x540-g560,8,2270971442,3002,1,1,1
b10-18-k18-x540-g560,9,2270971442,3002,1,1,1
b10-18-k18-x540-g560,10,2270971442,3002,1,1,1
b10-18-k18-x540-g560,11,2270971442,3002,1,1,1
b10-18-k18-x540-g560,12,2270971442,3002,1,1,1
b10-18-k18-x540-g560,13,2270971442,3002,1,1,1
b10-18-k18-x540-g560,14,2270971442,3002,1,1,1
b10-18-k18-x540-g560,15,2270971442,3002,1,1,1
b10-18-k18-x540-g560,16,2015516220,3004,1,1,1
b10-18-k18-x540-g560,17,2015516220,3004,1,1,1
b10-18-k18-x540-g560,18,2015516220,3004,2,2,2
b10-18-k18-x540-g560,19,2015516220,3004,2,2,2
b10-18-k18-x540-g560,20,2015516220,3004,2,2,2
b10-18-k18-x540-g560,21,2015516220,3004,2,2,2
b10-18-k18-x540-g560,22,2015516220,3004,2,2,2
b10-18-k18-x540-g560,23,2015516220,3004,2,2,2
b10-18-k18-x540-g560,24,2015516220,3004,2,2,2
b10-18-k18-x540-g560,25,2015516220,3004,2,2,2
b10-18-k18-x540-g560,26,2015516220,3004,2,2,2
b10-18-k18-x540-g560,27,2015516220,3004,2,2,2
b10-18-k18-x540-g560,28,2015516220,3004,2,2,2
b10-18-k18-x540-g560,29,2015516220,3004,2,2,2
b10-18-k18-x540-g560,30,2015516220,3004,2,2,2
b10-18-k18-x540-g560,31,2015516220,3004,2,2,2
b10-18-k18-x540-g560,32,2015516220,3004,2,2,2
b10-18-k18-x540-g560,33,2015516220,3004,2,2,2
b10-18-k18-x540-g560,34,2015516220,3004,2,2,2
b10-18-k18-x540-g560,35,2015516220,3004,2,2,2
b10-18-k18-x540-g560,36,2015516220,3004,2,2,2
b10-18-k18-x540-g560,37,2015516220,3004,2,2,2
b10-18-k18-x540-g560,38,2015516220,3004,2,2,2
b10-18-k18-x540-g560,39,2015516220,3004,2,2,2
b10-18-k18-x540-g560,40,2015516220,3004,2,2,2
b10-18-k18-x560-g580,1,3374725112,3000,0,0,0
b10-18-k18-x560-g580,2,3374725112,3000,1,1,1
b10-18-k18-x560-g580,3,3374725112,3000,1,1,1
b10-18-k18-x560-g580,4,3374725112,3000,1,1,1
b10-18-k18-x560-g580,5,2270971442,3002,1,1,1
b10-18-k18-x560-g580,6,2270971442,3002,1,1,1
b10-18-k18-x560-g580,7,2270971442,3002,1,1,1
b10-18-k18-x560-g580,8,2270971442,3002,1,1,1
b10-18-k18-x560-g580,9,2270971442,3002,1,1,1
b10-18-k18-x560-g580,10,2270971442,3002,1,1,1
b10-18-k18-x560-g580,11,2270971442,3002,1,1,1
b10-18-k18-x560-g580,12,2270971442,3002,1,1,1
b10-18-k18-x560-g580,13,2270971442,3002,1,1,1
b10-18-k18-x560-g580,14,2270971442,3002,1,1,1
b10-18-k18-x560-g580,15,2270971442,3002,1,1,1
b10-18-k18-x560-g580,16,2015516220,3004,1,1,1
b10-18-k18-x560-g580,17,2015516220,3004,1,1,1
b10-18-k18-x560-g580,18,2015516220,3004,2,2,2
b10-18-k18-x560-g580,19,2015516220,3004,2,2,2
b10-18-k18-x560-g580,20,2015516220,3004,2,2,2
b10-18-k18-x560-g580,21,2015516220,3004,2,2,2
b10-18-k18-x560-g580,22,2015516220,3004,2,2,2
b10-18-k18-x560-g580,23,2015516220,3004,2,2,2
b10-18-k18-x560-g580,24,2015516220,3004,2,2,2
b10-18-k18-x560-g580,25,2015516220,3004,2,2,2
b10-18-k18-x560-g580,26,2015516220,3004,2,2,2
b10-18-k18-x560-g580,27,2015516220,3004,2,2,2
b10-18-k18-x560-g580,28,2015516220,3004,2,2,2
b10-18-k18-x560-g580,29,2015516220,3004,2,2,2
b10-18-k18-x560-g580,30,2015516220,3004,2,2,2
b10-18-k18-x560-g580,31,2015516220,3004,2,2,2
b10-18-k18-x560-g580,32,2015516220,3004,2,2,2
b10-18-k18-x560-g580,33,2015516220,3004,2,2,2
b10-18-k18-x560-g580,34,2015516220,3004,2,2,2
b10-18-k18-x560-g580,35,2015516220,3004,2,2,2
b10-18-k18-x560-g580,36,2015516220,3004,2,2,2
b10-18-k18-x560-g580,37,2015516220,3004,2,2,2
b10-18-k18-x560-g580,38,2015516220,3004,2,2,2
b10-18-k18-x560-g580,39,2015516220,3004,2,2,2
b10-18-k18-x560-g580,40,2015516220,3004,2,2,2
b10-18-k19-x540-g560,1,3374725112,3000,0,0,0
b10-18-k19-x540-g560,2,3374725112,3000,1,1,1
b10-18-k19-x540-g560,3,3374725112,3000,1,1,1
b10-18-k19-x540-g560,4,3374725112,3000,1,1,1
b10-18-k19-x540-g560,5,2270971442,3002,1,1,1
b10-18-k19-x540-g560,6,2270971442,3002,1,1,1
b10-18-k19-x540-g560,7,2270971442,3002,1,1,1
b10-18-k19-x540-g560,8,2270971442,3002,1,1,1
b10-18-k19-x540-g560,9,2270971442,3002,1,1,1
b10-18-k19-x540-g560,10,2270971442,3002,1,1,1
b10-18-k19-x540-g560,11,2270971442,3002,1,1,1
b10-18-k19-x540-g560,12,2270971442,3002,1,1,1
b10-18-k19-x540-g560,13,2270971442,3002,1,1,1
b10-18-k19-x540-g560,14,2270971442,3002,1,1,1
b10-18-k19-x540-g560,15,2270971442,3002,1,1,1
b10-18-k19-x540-g560,16,2015516220,3004,1,1,1
b10-18-k19-x540-g560,17,2015516220,3004,1,1,1
b10-18-k19-x540-g560,18,2015516220,3004,1,1,1
b10-18-k19-x540-g560,19,2015516220,3004,1,1,1
b10-18-k19-x540-g560,20,2015516220,3004,2,2,2
b10-18-k19-x540-g560,21,2015516220,3004,2,2,2
b10-18-k19-x540-g560,22,2015516220,3004,2,2,2
b10-18-k19-x540-g560,23,2015516220,3004,2,2,2
b10-18-k19-x540-g560,24,2015516220,3004,2,2,2
b10-18-k19-x540-g560,25,3379885718,3006,2,2,2
b10-18-k19-x540-g560,26,3379885718,3006,2,2,2
b10-18-k19-x540-g560,27,3379885718,3006,2,2,2
b10-18-k19-x540-g560,28,3379885718,3006,2,2,2
b10-18-k19-x540-g560,29,3379885718,3006,2,2,2
b10-18-k19-x540-g560,30,3379885718,3006,2,2,2
b10-18-k19-x540-g560,31,3379885718,3006,2,2,2
b10-18-k19-x540-g560,32,3379885718,3006,2,2,2
b10-18-k19-x540-g560,33,3379885718,3006,2,2,2
b10-18-k19-x540-g560,34,3379885718,3006,2,2,2
b10-18-k19-x540-g560,35,3379885718,3006,2,2,2
b10-18-k19-x540-g560,36,3379885718,3006,2,2,2
b10-18-k19-x540-g560,37,3379885718,3006,2,2,2
b10-18-k19-x540-g560,38,3379885718,3006,2,2,2
b10-18-k19-x540-g560,39,3379885718,3006,2,2,2
b10-18-k19-x540-g560,40,3379885718,3006,2,2,2
b10-18-k19-x560-g580,1,3374725112,3000,0,0,0
b10-18-k19-x560-g580,2,3374725112,3000,1,1,1
b10-18-k19-x560-g580,3,3374725112,3000,1,1,1
b10-18-k19-x560-g580,4,3374725112,3000,1,1,1
b10-18-k19-x560-g580,5,2270971442,3002,1,1,1
b10-18-k19-x560-g580,6,2270971442,3002,1,1,1
b10-18-k19-x560-g580,7,2270971442,3002,1,1,1
b10-18-k19-x560-g580,8,2270971442,3002,1,1,1
b10-18-k19-x560-g580,9,2270971442,3002,1,1,1
b10-18-k19-x560-g580,10,2270971442,3002,1,1,1
b10-18-k19-x560-g580,11,2270971442,3002,1,1,1
b10-18-k19-x560-g580,12,2270971442,3002,1,1,1
b10-18-k19-x560-g580,13,2270971442,3002,1,1,1
b10-18-k19-x560-g580,14,2270971442,3002,1,1,1
b10-18-k19-x560-g580,15,2270971442,3002,1,1,1
b10-18-k19-x560-g580,16,2015516220,3004,1,1,1
b10-18-k19-x560-g580,17,2015516220,3004,1,1,1
b10-18-k19-x560-g580,18,2015516220,3004,1,1,1
b10-18-k19-x560-g580,19,2015516220,3004,1,1,1
b10-18-k19-x560-g580,20,2015516220,3004,2,2,2
b10-18-k19-x560-g580,21,2015516220,3004,2,2,2
b10-18-k19-x560-g580,22,2015516220,3004,2,2,2
b10-18-k19-x560-g580,23,2015516220,3004,2,2,2
b10-18-k19-x560-g580,24,2015516220,3004,2,2,2
b10-18-k19-x560-g580,25,3379885718,3006,2,2,2
b10-18-k19-x560-g580,26,3379885718,3006,2,2,2
b10-18-k19-x560-g580,27,3379885718,3006,2,2,2
b10-18-k19-x560-g580,28,3379885718,3006,2,2,2
b10-18-k19-x560-g580,29,3379885718,3006,2,2,2
b10-18-k19-x560-g580,30,3379885718,3006,2,2,2
b10-18-k19-x560-g580,31,3379885718,3006,2,2,2
b10-18-k19-x560-g580,32,3379885718,3006,2,2,2
b10-18-k19-x560-g580,33,3379885718,3006,2,2,2
b10-18-k19-x560-g580,34,3379885718,3006,2,2,2
b10-18-k19-x560-g580,35,3379885718,3006,2,2,2
b10-18-k19-x560-g580,36,3379885718,3006,2,2,2
b10-18-k19-x560-g580,37,3379885718,3006,2,2,2
b10-18-k19-x560-g580,38,3379885718,3006,2,2,2
b10-18-k19-x560-g580,39,3379885718,3006,2,2,2
b10-18-k19-x560-g580,40,3379885718,3006,2,2,2
b7-16-k15-x1200-g1220,1,3374725112,3000,0,0,0
b7-16-k15-x1200-g1220,2,3374725112,3000,1,1,1
b7-16-k15-x1200-g1220,3,3374725112,3000,1,1,1
b7-16-k15-x1200-g1220,4,3374725112,3000,1,1,1
b7-16-k15-x1200-g1220,5,2270971442,3002,1,1,1
b7-16-k15-x1200-g1220,6,2270971442,3002,1,1,1
b7-16-k15-x1200-g1220,7,2270971442,3002,1,1,1
b7-16-k15-x1200-g1220,8,2270971442,3002,1,1,1
b7-16-k15-x1200-g1220,9,2270971442,3002,1,1,1
b7-16-k15-x1200-g1220,10,2270971442,3002,1,1,1
b7-16-k15-x1200-g1220,11,2270971442,3002,1,1,1
b7-16-k15-x1200-g1220,12,2270971442,3002,1,1,1
b7-16-k15-x1200-g1220,13,2270971442,3002,1,1,1
b7-16-k15-x1200-g1220,14,2270971442,3002,1,1,1
b7-16-k15-x1200-g1220,15,2270971442,3002,1,1,1
b7-16-k15-x1200-g1220,16,2015516220,3004,2,2,2
b7-16-k15-x1200-g1220,17,2015516220,3004,2,2,2
b7-16-k15-x1200-g1220,18,2015516220,3004,2,2,2
b7-16-k15-x1200-g1220,19,2015516220,3004,2,2,2
b7-16-k15-x1200-g1220,20,2015516220,3004,2,2,2
b7-16-k15-x1200-g1220,21,2015516220,3004,2,2,2
b7-16-k15-x1200-g1220,22,2015516220,3004,2,2,2
b7-16-k15-x1200-g1220,23,2015516220,3004,2,2,2
b7-16-k15-x1200-g1220,24,2015516220,3004,2,2,2
b7-16-k15-x1200-g1220,25,2015516220,3004,2,2,2
b7-16-k15-x1200-g1220,26,2015516220,3004,2,2,2
b7-16-k15-x1200-g1220,27,2015516220,3004,2,2,2
b7-16-k15-x1200-g1220,28,2015516220,3004,2,2,2
b7-16-k15-x1200-g1220,29,2015516220,3004,2,2,2
b7-16-k15-x1200-g1220,30,2015516220,3004,2,2,2
b7-16-k15-x1200-g1220,31,2015516220,3004,2,2,2
b7-16-k15-x1200-g1220,32,2015516220,3004,2,2,2
b7-16-k15-x1200-g1220,33,2015516220,3004,2,2,2
b7-16-k15-x1200-g1220,34,2015516220,3004,2,2,2
b7-16-k15-x1200-g1220,35,2015516220,3004,2,2,2
b7-16-k15-x1200-g1220,36,2015516220,3004,2,2,2
b7-16-k15-x1200-g1220,37,2015516220,3004,2,2,2
b7-16-k15-x1200-g1220,38,2015516220,3004,2,2,2
b7-16-k15-x1200-g1220,39,2015516220,3004,2,2,2
b7-16-k15-x1200-g1220,40,2015516220,3004,2,2,2
