case,tick,input_phase,kakuzu_action,bee_action,bee_hold,armor_hit_applied,armor_selected,kind3_applied,catcher_settlement_action,catcher_vaction,pose_diff,catch_target,catch_source,settlement_active,settlement_sync,c040_positive,kakuzu_x,bee_x,guy_x,bee_hp,guy_hp
b7-16-k13-x540-g560,1,1,0,0,0,0,0,0,0,-1,0,-1,-1,0,0,0,500,540,560,500,500
b7-16-k13-x540-g560,2,0,0,65,0,0,0,0,0,-1,0,-1,-1,0,0,0,500,542,560,500,500
b7-16-k13-x540-g560,3,1,0,65,0,0,0,0,0,-1,0,-1,-1,0,0,0,500,544,560,500,500
b7-16-k13-x540-g560,4,0,0,61,0,0,0,0,0,-1,0,-1,-1,0,0,0,500,546,560,500,500
b7-16-k13-x540-g560,5,1,0,61,3,1,1,0,0,-1,0,-1,-1,0,0,0,500,548,560,500,498
b7-16-k13-x540-g560,6,0,1,61,2,0,0,0,0,-1,0,-1,-1,0,0,0,500,548,560,500,498
b7-16-k13-x540-g560,7,1,1,61,1,0,0,0,1,-1,0,-1,-1,0,0,0,500,548,560,500,498
b7-16-k13-x540-g560,8,0,1,61,0,0,0,0,1,-1,0,-1,-1,0,0,0,500,548,560,500,498
b7-16-k13-x540-g560,9,1,1,62,0,0,0,0,1,-1,0,-1,-1,0,0,0,500,550,560,500,498
b7-16-k13-x540-g560,10,0,1,62,0,0,0,0,1,-1,0,-1,-1,0,0,0,500,551,560,500,498
b7-16-k13-x540-g560,11,1,1,63,0,0,0,0,1,-1,0,-1,-1,0,0,0,500,551,560,500,498
b7-16-k13-x540-g560,12,0,2,66,0,0,0,0,1,-1,0,-1,-1,0,0,0,500,553,560,500,498
b7-16-k13-x540-g560,13,1,2,66,0,0,0,0,2,-1,0,-1,-1,0,0,0,500,555,560,500,498
b7-16-k13-x540-g560,14,0,60,67,0,0,0,0,60,-1,0,-1,-1,0,0,0,501,557,560,500,498
b7-16-k13-x540-g560,15,1,60,68,0,0,0,0,60,-1,0,-1,-1,0,0,0,502,558,560,500,498
b7-16-k13-x540-g560,16,0,320,68,3,1,1,0,320,-1,0,-1,-1,0,0,0,502,558,560,500,496
b7-16-k13-x540-g560,17,1,321,68,2,0,0,0,320,-1,0,-1,-1,0,0,0,502,558,560,500,496
b7-16-k13-x540-g560,18,0,322,68,1,0,0,0,321,-1,0,-1,-1,0,0,0,502,558,560,500,496
b7-16-k13-x540-g560,19,1,336,132,0,0,0,1,336,132,0,1,0,1,1,0,522,554,560,500,496
b7-16-k13-x540-g560,20,0,337,132,0,0,0,0,336,132,0,1,0,1,1,0,522,554,560,500,496
b7-16-k13-x540-g560,21,1,337,132,0,0,0,0,337,132,0,1,0,1,1,0,522,536,560,500,496
b7-16-k13-x540-g560,22,0,338,132,0,0,0,0,337,132,0,1,0,1,1,0,522,536,560,500,496
b7-16-k13-x540-g560,23,1,339,132,0,0,0,0,338,132,0,1,0,1,1,0,522,531,560,500,496
b7-16-k13-x540-g560,24,0,340,132,0,0,0,0,339,132,0,1,0,1,1,0,522,536,560,500,496
b7-16-k13-x540-g560,25,1,341,136,0,0,0,0,340,136,0,1,0,1,1,0,522,536,560,500,496
b7-16-k13-x540-g560,26,0,341,137,0,0,0,0,341,137,0,1,0,1,1,0,522,544,560,500,496
b7-16-k13-x540-g560,27,1,342,137,0,0,0,0,341,137,0,1,0,1,1,0,522,544,560,500,496
b7-16-k13-x540-g560,28,0,342,137,-3,0,0,0,342,137,0,1,0,1,1,0,522,545,560,400,496
b7-16-k13-x540-g560,29,1,342,137,-2,0,0,0,342,137,0,1,0,1,1,0,522,545,560,400,496
b7-16-k13-x540-g560,30,0,343,137,-1,0,0,0,342,137,0,1,0,1,1,0,522,545,560,400,496
b7-16-k13-x540-g560,31,1,344,233,0,0,0,0,343,232,0,1,0,1,0,0,522,545,560,400,496
b7-16-k13-x540-g560,32,0,344,233,0,0,0,0,344,-1,0,1,0,0,0,0,522,545,560,400,496
b7-16-k13-x540-g560,33,1,344,233,0,0,0,0,344,-1,0,1,0,0,0,0,522,545,560,400,496
b7-16-k13-x540-g560,34,0,344,233,0,0,0,0,344,-1,0,1,0,0,0,0,522,545,560,400,496
b7-16-k13-x540-g560,35,1,344,233,0,0,0,0,344,-1,0,1,0,0,0,0,522,545,560,400,496
b7-16-k13-x540-g560,36,0,344,233,0,0,0,0,344,-1,0,1,0,0,0,0,522,545,560,400,496
b7-16-k13-x540-g560,37,1,345,233,0,0,0,0,344,-1,0,1,0,0,0,0,522,545,560,400,496
b7-16-k13-x540-g560,38,0,345,233,0,0,0,0,345,-1,0,1,0,0,0,0,522,545,560,400,496
b7-16-k13-x540-g560,39,1,345,233,0,0,0,0,345,-1,0,1,0,0,0,0,522,545,560,400,496
b7-16-k13-x540-g560,40,0,345,233,0,0,0,0,345,-1,0,1,0,0,0,0,522,545,560,400,496
b7-16-k13-x560-g580,1,1,0,0,0,0,0,0,0,-1,0,-1,-1,0,0,0,500,560,580,500,500
b7-16-k13-x560-g580,2,0,0,65,0,0,0,0,0,-1,0,-1,-1,0,0,0,500,562,580,500,500
b7-16-k13-x560-g580,3,1,0,65,0,0,0,0,0,-1,0,-1,-1,0,0,0,500,564,580,500,500
b7-16-k13-x560-g580,4,0,0,61,0,0,0,0,0,-1,0,-1,-1,0,0,0,500,566,580,500,500
b7-16-k13-x560-g580,5,1,0,61,3,1,1,0,0,-1,0,-1,-1,0,0,0,500,568,580,500,498
b7-16-k13-x560-g580,6,0,1,61,2,0,0,0,0,-1,0,-1,-1,0,0,0,500,568,580,500,498
b7-16-k13-x560-g580,7,1,1,61,1,0,0,0,1,-1,0,-1,-1,0,0,0,500,568,580,500,498
b7-16-k13-x560-g580,8,0,1,61,0,0,0,0,1,-1,0,-1,-1,0,0,0,500,568,580,500,498
b7-16-k13-x560-g580,9,1,1,62,0,0,0,0,1,-1,0,-1,-1,0,0,0,500,570,580,500,498
b7-16-k13-x560-g580,10,0,1,62,0,0,0,0,1,-1,0,-1,-1,0,0,0,500,571,580,500,498
b7-16-k13-x560-g580,11,1,1,63,0,0,0,0,1,-1,0,-1,-1,0,0,0,500,571,580,500,498
b7-16-k13-x560-g580,12,0,2,66,0,0,0,0,1,-1,0,-1,-1,0,0,0,500,573,580,500,498
b7-16-k13-x560-g580,13,1,2,66,0,0,0,0,2,-1,0,-1,-1,0,0,0,500,575,580,500,498
b7-16-k13-x560-g580,14,0,60,67,0,0,0,0,60,-1,0,-1,-1,0,0,0,501,577,580,500,498
b7-16-k13-x560-g580,15,1,60,68,0,0,0,0,60,-1,0,-1,-1,0,0,0,502,578,580,500,498
b7-16-k13-x560-g580,16,0,320,68,3,1,1,0,320,-1,0,-1,-1,0,0,0,502,578,580,500,496
b7-16-k13-x560-g580,17,1,321,68,2,0,0,0,320,-1,0,-1,-1,0,0,0,502,578,580,500,496
b7-16-k13-x560-g580,18,0,322,68,1,0,0,0,321,-1,0,-1,-1,0,0,0,502,578,580,500,496
b7-16-k13-x560-g580,19,1,323,68,0,0,0,0,322,-1,0,-1,-1,0,0,0,502,578,580,500,496
b7-16-k13-x560-g580,20,0,335,132,0,0,0,1,335,132,0,1,0,1,1,0,503,593,580,500,496
b7-16-k13-x560-g580,21,1,336,132,0,0,0,0,335,132,0,1,0,1,1,0,503,593,580,500,496
b7-16-k13-x560-g580,22,0,336,132,0,0,0,0,336,132,0,1,0,1,1,0,503,535,580,500,496
b7-16-k13-x560-g580,23,1,337,132,0,0,0,0,336,132,0,1,0,1,1,0,503,535,580,500,496
b7-16-k13-x560-g580,24,0,337,132,0,0,0,0,337,132,0,1,0,1,1,0,503,517,580,500,496
b7-16-k13-x560-g580,25,1,338,132,0,0,0,0,337,132,0,1,0,1,1,0,503,517,580,500,496
b7-16-k13-x560-g580,26,0,339,132,0,0,0,0,338,132,0,1,0,1,1,0,503,512,580,500,496
b7-16-k13-x560-g580,27,1,340,132,0,0,0,0,339,132,0,1,0,1,1,0,503,517,580,500,496
b7-16-k13-x560-g580,28,0,341,136,0,0,0,0,340,136,0,1,0,1,1,0,503,517,580,500,496
b7-16-k13-x560-g580,29,1,341,137,0,0,0,0,341,137,0,1,0,1,1,0,503,525,580,500,496
b7-16-k13-x560-g580,30,0,342,137,0,0,0,0,341,137,0,1,0,1,1,0,503,525,580,500,496
b7-16-k13-x560-g580,31,1,342,137,-3,0,0,0,342,137,0,1,0,1,1,0,503,526,580,400,496
b7-16-k13-x560-g580,32,0,342,137,-2,0,0,0,342,137,0,1,0,1,1,0,503,526,580,400,496
b7-16-k13-x560-g580,33,1,343,137,-1,0,0,0,342,137,0,1,0,1,1,0,503,526,580,400,496
b7-16-k13-x560-g580,34,0,344,233,0,0,0,0,343,232,0,1,0,1,0,0,503,526,580,400,496
b7-16-k13-x560-g580,35,1,344,233,0,0,0,0,344,-1,0,1,0,0,0,0,503,526,580,400,496
b7-16-k13-x560-g580,36,0,344,233,0,0,0,0,344,-1,0,1,0,0,0,0,503,526,580,400,496
b7-16-k13-x560-g580,37,1,344,233,0,0,0,0,344,-1,0,1,0,0,0,0,503,526,580,400,496
b7-16-k13-x560-g580,38,0,344,233,0,0,0,0,344,-1,0,1,0,0,0,0,503,526,580,400,496
b7-16-k13-x560-g580,39,1,344,233,0,0,0,0,344,-1,0,1,0,0,0,0,503,526,580,400,496
b7-16-k13-x560-g580,40,0,345,233,0,0,0,0,344,-1,0,1,0,0,0,0,503,526,580,400,496
b7-16-k14-x540-g560,1,1,0,0,0,0,0,0,0,-1,0,-1,-1,0,0,0,500,540,560,500,500
b7-16-k14-x540-g560,2,0,0,65,0,0,0,0,0,-1,0,-1,-1,0,0,0,500,542,560,500,500
b7-16-k14-x540-g560,3,1,0,65,0,0,0,0,0,-1,0,-1,-1,0,0,0,500,544,560,500,500
b7-16-k14-x540-g560,4,0,0,61,0,0,0,0,0,-1,0,-1,-1,0,0,0,500,546,560,500,500
b7-16-k14-x540-g560,5,1,0,61,3,1,1,0,0,-1,0,-1,-1,0,0,0,500,548,560,500,498
b7-16-k14-x540-g560,6,0,1,61,2,0,0,0,0,-1,0,-1,-1,0,0,0,500,548,560,500,498
b7-16-k14-x540-g560,7,1,1,61,1,0,0,0,1,-1,0,-1,-1,0,0,0,500,548,560,500,498
b7-16-k14-x540-g560,8,0,1,61,0,0,0,0,1,-1,0,-1,-1,0,0,0,500,548,560,500,498
b7-16-k14-x540-g560,9,1,1,62,0,0,0,0,1,-1,0,-1,-1,0,0,0,500,550,560,500,498
b7-16-k14-x540-g560,10,0,1,62,0,0,0,0,1,-1,0,-1,-1,0,0,0,500,551,560,500,498
b7-16-k14-x540-g560,11,1,1,63,0,0,0,0,1,-1,0,-1,-1,0,0,0,500,551,560,500,498
b7-16-k14-x540-g560,12,0,2,66,0,0,0,0,1,-1,0,-1,-1,0,0,0,500,553,560,500,498
b7-16-k14-x540-g560,13,1,2,66,0,0,0,0,2,-1,0,-1,-1,0,0,0,500,555,560,500,498
b7-16-k14-x540-g560,14,0,60,67,0,0,0,0,60,-1,0,-1,-1,0,0,0,501,557,560,500,498
b7-16-k14-x540-g560,15,1,60,68,0,0,0,0,60,-1,0,-1,-1,0,0,0,502,558,560,500,498
b7-16-k14-x540-g560,16,0,320,68,3,1,1,0,320,-1,0,-1,-1,0,0,0,502,558,560,500,496
b7-16-k14-x540-g560,17,1,321,68,2,0,0,0,320,-1,0,-1,-1,0,0,0,502,558,560,500,496
b7-16-k14-x540-g560,18,0,322,68,1,0,0,0,321,-1,0,-1,-1,0,0,0,502,558,560,500,496
b7-16-k14-x540-g560,19,1,336,132,0,0,0,1,336,132,0,1,0,1,1,0,522,554,560,500,496
b7-16-k14-x540-g560,20,0,337,132,0,0,0,0,336,132,0,1,0,1,1,0,522,554,560,500,496
b7-16-k14-x540-g560,21,1,337,132,0,0,0,0,337,132,0,1,0,1,1,0,522,536,560,500,496
b7-16-k14-x540-g560,22,0,338,132,0,0,0,0,337,132,0,1,0,1,1,0,522,536,560,500,496
b7-16-k14-x540-g560,23,1,339,132,0,0,0,0,338,132,0,1,0,1,1,0,522,531,560,500,496
b7-16-k14-x540-g560,24,0,340,132,0,0,0,0,339,132,0,1,0,1,1,0,522,536,560,500,496
b7-16-k14-x540-g560,25,1,341,136,0,0,0,0,340,136,0,1,0,1,1,0,522,536,560,500,496
b7-16-k14-x540-g560,26,0,341,137,0,0,0,0,341,137,0,1,0,1,1,0,522,544,560,500,496
b7-16-k14-x540-g560,27,1,342,137,0,0,0,0,341,137,0,1,0,1,1,0,522,544,560,500,496
b7-16-k14-x540-g560,28,0,342,137,-3,0,0,0,342,137,0,1,0,1,1,0,522,545,560,400,496
b7-16-k14-x540-g560,29,1,342,137,-2,0,0,0,342,137,0,1,0,1,1,0,522,545,560,400,496
b7-16-k14-x540-g560,30,0,343,137,-1,0,0,0,342,137,0,1,0,1,1,0,522,545,560,400,496
b7-16-k14-x540-g560,31,1,344,233,0,0,0,0,343,232,0,1,0,1,0,0,522,545,560,400,496
b7-16-k14-x540-g560,32,0,344,233,0,0,0,0,344,-1,0,1,0,0,0,0,522,545,560,400,496
b7-16-k14-x540-g560,33,1,344,233,0,0,0,0,344,-1,0,1,0,0,0,0,522,545,560,400,496
b7-16-k14-x540-g560,34,0,344,233,0,0,0,0,344,-1,0,1,0,0,0,0,522,545,560,400,496
b7-16-k14-x540-g560,35,1,344,233,0,0,0,0,344,-1,0,1,0,0,0,0,522,545,560,400,496
b7-16-k14-x540-g560,36,0,344,233,0,0,0,0,344,-1,0,1,0,0,0,0,522,545,560,400,496
b7-16-k14-x540-g560,37,1,345,233,0,0,0,0,344,-1,0,1,0,0,0,0,522,545,560,400,496
b7-16-k14-x540-g560,38,0,345,233,0,0,0,0,345,-1,0,1,0,0,0,0,522,545,560,400,496
b7-16-k14-x540-g560,39,1,345,233,0,0,0,0,345,-1,0,1,0,0,0,0,522,545,560,400,496
b7-16-k14-x540-g560,40,0,345,233,0,0,0,0,345,-1,0,1,0,0,0,0,522,545,560,400,496
b7-16-k14-x560-g580,1,1,0,0,0,0,0,0,0,-1,0,-1,-1,0,0,0,500,560,580,500,500
b7-16-k14-x560-g580,2,0,0,65,0,0,0,0,0,-1,0,-1,-1,0,0,0,500,562,580,500,500
b7-16-k14-x560-g580,3,1,0,65,0,0,0,0,0,-1,0,-1,-1,0,0,0,500,564,580,500,500
b7-16-k14-x560-g580,4,0,0,61,0,0,0,0,0,-1,0,-1,-1,0,0,0,500,566,580,500,500
b7-16-k14-x560-g580,5,1,0,61,3,1,1,0,0,-1,0,-1,-1,0,0,0,500,568,580,500,498
b7-16-k14-x560-g580,6,0,1,61,2,0,0,0,0,-1,0,-1,-1,0,0,0,500,568,580,500,498
b7-16-k14-x560-g580,7,1,1,61,1,0,0,0,1,-1,0,-1,-1,0,0,0,500,568,580,500,498
b7-16-k14-x560-g580,8,0,1,61,0,0,0,0,1,-1,0,-1,-1,0,0,0,500,568,580,500,498
b7-16-k14-x560-g580,9,1,1,62,0,0,0,0,1,-1,0,-1,-1,0,0,0,500,570,580,500,498
b7-16-k14-x560-g580,10,0,1,62,0,0,0,0,1,-1,0,-1,-1,0,0,0,500,571,580,500,498
b7-16-k14-x560-g580,11,1,1,63,0,0,0,0,1,-1,0,-1,-1,0,0,0,500,571,580,500,498
b7-16-k14-x560-g580,12,0,2,66,0,0,0,0,1,-1,0,-1,-1,0,0,0,500,573,580,500,498
b7-16-k14-x560-g580,13,1,2,66,0,0,0,0,2,-1,0,-1,-1,0,0,0,500,575,580,500,498
b7-16-k14-x560-g580,14,0,60,67,0,0,0,0,60,-1,0,-1,-1,0,0,0,501,577,580,500,498
b7-16-k14-x560-g580,15,1,60,68,0,0,0,0,60,-1,0,-1,-1,0,0,0,502,578,580,500,498
b7-16-k14-x560-g580,16,0,320,68,3,1,1,0,320,-1,0,-1,-1,0,0,0,502,578,580,500,496
b7-16-k14-x560-g580,17,1,321,68,2,0,0,0,320,-1,0,-1,-1,0,0,0,502,578,580,500,496
b7-16-k14-x560-g580,18,0,322,68,1,0,0,0,321,-1,0,-1,-1,0,0,0,502,578,580,500,496
b7-16-k14-x560-g580,19,1,323,68,0,0,0,0,322,-1,0,-1,-1,0,0,0,502,578,580,500,496
b7-16-k14-x560-g580,20,0,335,132,0,0,0,1,335,132,0,1,0,1,1,0,503,593,580,500,496
b7-16-k14-x560-g580,21,1,336,132,0,0,0,0,335,132,0,1,0,1,1,0,503,593,580,500,496
b7-16-k14-x560-g580,22,0,336,132,0,0,0,0,336,132,0,1,0,1,1,0,503,535,580,500,496
b7-16-k14-x560-g580,23,1,337,132,0,0,0,0,336,132,0,1,0,1,1,0,503,535,580,500,496
b7-16-k14-x560-g580,24,0,337,132,0,0,0,0,337,132,0,1,0,1,1,0,503,517,580,500,496
b7-16-k14-x560-g580,25,1,338,132,0,0,0,0,337,132,0,1,0,1,1,0,503,517,580,500,496
b7-16-k14-x560-g580,26,0,339,132,0,0,0,0,338,132,0,1,0,1,1,0,503,512,580,500,496
b7-16-k14-x560-g580,27,1,340,132,0,0,0,0,339,132,0,1,0,1,1,0,503,517,580,500,496
b7-16-k14-x560-g580,28,0,341,136,0,0,0,0,340,136,0,1,0,1,1,0,503,517,580,500,496
b7-16-k14-x560-g580,29,1,341,137,0,0,0,0,341,137,0,1,0,1,1,0,503,525,580,500,496
b7-16-k14-x560-g580,30,0,342,137,0,0,0,0,341,137,0,1,0,1,1,0,503,525,580,500,496
b7-16-k14-x560-g580,31,1,342,137,-3,0,0,0,342,137,0,1,0,1,1,0,503,526,580,400,496
b7-16-k14-x560-g580,32,0,342,137,-2,0,0,0,342,137,0,1,0,1,1,0,503,526,580,400,496
b7-16-k14-x560-g580,33,1,343,137,-1,0,0,0,342,137,0,1,0,1,1,0,503,526,580,400,496
b7-16-k14-x560-g580,34,0,344,233,0,0,0,0,343,232,0,1,0,1,0,0,503,526,580,400,496
b7-16-k14-x560-g580,35,1,344,233,0,0,0,0,344,-1,0,1,0,0,0,0,503,526,580,400,496
b7-16-k14-x560-g580,36,0,344,233,0,0,0,0,344,-1,0,1,0,0,0,0,503,526,580,400,496
b7-16-k14-x560-g580,37,1,344,233,0,0,0,0,344,-1,0,1,0,0,0,0,503,526,580,400,496
b7-16-k14-x560-g580,38,0,344,233,0,0,0,0,344,-1,0,1,0,0,0,0,503,526,580,400,496
b7-16-k14-x560-g580,39,1,344,233,0,0,0,0,344,-1,0,1,0,0,0,0,503,526,580,400,496
b7-16-k14-x560-g580,40,0,345,233,0,0,0,0,344,-1,0,1,0,0,0,0,503,526,580,400,496
b7-16-k15-x540-g560,1,1,0,0,0,0,0,0,0,-1,0,-1,-1,0,0,0,500,540,560,500,500
b7-16-k15-x540-g560,2,0,0,65,0,0,0,0,0,-1,0,-1,-1,0,0,0,500,542,560,500,500
b7-16-k15-x540-g560,3,1,0,65,0,0,0,0,0,-1,0,-1,-1,0,0,0,500,544,560,500,500
b7-16-k15-x540-g560,4,0,0,61,0,0,0,0,0,-1,0,-1,-1,0,0,0,500,546,560,500,500
b7-16-k15-x540-g560,5,1,0,61,3,1,1,0,0,-1,0,-1,-1,0,0,0,500,548,560,500,498
b7-16-k15-x540-g560,6,0,1,61,2,0,0,0,0,-1,0,-1,-1,0,0,0,500,548,560,500,498
b7-16-k15-x540-g560,7,1,1,61,1,0,0,0,1,-1,0,-1,-1,0,0,0,500,548,560,500,498
b7-16-k15-x540-g560,8,0,1,61,0,0,0,0,1,-1,0,-1,-1,0,0,0,500,548,560,500,498
b7-16-k15-x540-g560,9,1,1,62,0,0,0,0,1,-1,0,-1,-1,0,0,0,500,550,560,500,498
b7-16-k15-x540-g560,10,0,1,62,0,0,0,0,1,-1,0,-1,-1,0,0,0,500,551,560,500,498
b7-16-k15-x540-g560,11,1,1,63,0,0,0,0,1,-1,0,-1,-1,0,0,0,500,551,560,500,498
b7-16-k15-x540-g560,12,0,2,66,0,0,0,0,1,-1,0,-1,-1,0,0,0,500,553,560,500,498
b7-16-k15-x540-g560,13,1,2,66,0,0,0,0,2,-1,0,-1,-1,0,0,0,500,555,560,500,498
b7-16-k15-x540-g560,14,0,2,67,0,0,0,0,2,-1,0,-1,-1,0,0,0,500,557,560,500,498
b7-16-k15-x540-g560,15,1,2,68,0,0,0,0,2,-1,0,-1,-1,0,0,0,500,558,560,500,498
b7-16-k15-x540-g560,16,0,60,68,3,1,1,0,60,-1,0,-1,-1,0,0,0,501,558,560,500,496
b7-16-k15-x540-g560,17,1,60,68,2,0,0,0,60,-1,0,-1,-1,0,0,0,502,558,560,500,496
b7-16-k15-x540-g560,18,0,320,68,1,0,0,0,320,-1,0,-1,-1,0,0,0,502,558,560,500,496
b7-16-k15-x540-g560,19,1,321,68,0,0,0,0,320,-1,0,-1,-1,0,0,0,502,558,560,500,496
b7-16-k15-x540-g560,20,0,322,69,0,0,0,0,321,-1,0,-1,-1,0,0,0,502,558,560,500,496
b7-16-k15-x540-g560,21,1,336,132,0,0,0,1,336,132,0,1,0,1,1,0,522,554,560,500,496
b7-16-k15-x540-g560,22,0,337,132,0,0,0,0,336,132,0,1,0,1,1,0,522,554,560,500,496
b7-16-k15-x540-g560,23,1,337,132,0,0,0,0,337,132,0,1,0,1,1,0,522,536,560,500,496
b7-16-k15-x540-g560,24,0,338,132,0,0,0,0,337,132,0,1,0,1,1,0,522,536,560,500,496
b7-16-k15-x540-g560,25,1,339,132,0,0,0,0,338,132,0,1,0,1,1,0,522,531,560,500,496
b7-16-k15-x540-g560,26,0,340,132,0,0,0,0,339,132,0,1,0,1,1,0,522,536,560,500,496
b7-16-k15-x540-g560,27,1,341,136,0,0,0,0,340,136,0,1,0,1,1,0,522,536,560,500,496
b7-16-k15-x540-g560,28,0,341,137,0,0,0,0,341,137,0,1,0,1,1,0,522,544,560,500,496
b7-16-k15-x540-g560,29,1,342,137,0,0,0,0,341,137,0,1,0,1,1,0,522,544,560,500,496
b7-16-k15-x540-g560,30,0,342,137,-3,0,0,0,342,137,0,1,0,1,1,0,522,545,560,400,496
b7-16-k15-x540-g560,31,1,342,137,-2,0,0,0,342,137,0,1,0,1,1,0,522,545,560,400,496
b7-16-k15-x540-g560,32,0,343,137,-1,0,0,0,342,137,0,1,0,1,1,0,522,545,560,400,496
b7-16-k15-x540-g560,33,1,344,233,0,0,0,0,343,232,0,1,0,1,0,0,522,545,560,400,496
b7-16-k15-x540-g560,34,0,344,233,0,0,0,0,344,-1,0,1,0,0,0,0,522,545,560,400,496
b7-16-k15-x540-g560,35,1,344,233,0,0,0,0,344,-1,0,1,0,0,0,0,522,545,560,400,496
b7-16-k15-x540-g560,36,0,344,233,0,0,0,0,344,-1,0,1,0,0,0,0,522,545,560,400,496
b7-16-k15-x540-g560,37,1,344,233,0,0,0,0,344,-1,0,1,0,0,0,0,522,545,560,400,496
b7-16-k15-x540-g560,38,0,344,233,0,0,0,0,344,-1,0,1,0,0,0,0,522,545,560,400,496
b7-16-k15-x540-g560,39,1,345,233,0,0,0,0,344,-1,0,1,0,0,0,0,522,545,560,400,496
b7-16-k15-x540-g560,40,0,345,233,0,0,0,0,345,-1,0,1,0,0,0,0,522,545,560,400,496
b7-16-k15-x560-g580,1,1,0,0,0,0,0,0,0,-1,0,-1,-1,0,0,0,500,560,580,500,500
b7-16-k15-x560-g580,2,0,0,65,0,0,0,0,0,-1,0,-1,-1,0,0,0,500,562,580,500,500
b7-16-k15-x560-g580,3,1,0,65,0,0,0,0,0,-1,0,-1,-1,0,0,0,500,564,580,500,500
b7-16-k15-x560-g580,4,0,0,61,0,0,0,0,0,-1,0,-1,-1,0,0,0,500,566,580,500,500
b7-16-k15-x560-g580,5,1,0,61,3,1,1,0,0,-1,0,-1,-1,0,0,0,500,568,580,500,498
b7-16-k15-x560-g580,6,0,1,61,2,0,0,0,0,-1,0,-1,-1,0,0,0,500,568,580,500,498
b7-16-k15-x560-g580,7,1,1,61,1,0,0,0,1,-1,0,-1,-1,0,0,0,500,568,580,500,498
b7-16-k15-x560-g580,8,0,1,61,0,0,0,0,1,-1,0,-1,-1,0,0,0,500,568,580,500,498
b7-16-k15-x560-g580,9,1,1,62,0,0,0,0,1,-1,0,-1,-1,0,0,0,500,570,580,500,498
b7-16-k15-x560-g580,10,0,1,62,0,0,0,0,1,-1,0,-1,-1,0,0,0,500,571,580,500,498
b7-16-k15-x560-g580,11,1,1,63,0,0,0,0,1,-1,0,-1,-1,0,0,0,500,571,580,500,498
b7-16-k15-x560-g580,12,0,2,66,0,0,0,0,1,-1,0,-1,-1,0,0,0,500,573,580,500,498
b7-16-k15-x560-g580,13,1,2,66,0,0,0,0,2,-1,0,-1,-1,0,0,0,500,575,580,500,498
b7-16-k15-x560-g580,14,0,2,67,0,0,0,0,2,-1,0,-1,-1,0,0,0,500,577,580,500,498
b7-16-k15-x560-g580,15,1,2,68,0,0,0,0,2,-1,0,-1,-1,0,0,0,500,578,580,500,498
b7-16-k15-x560-g580,16,0,60,68,3,1,1,0,60,-1,0,-1,-1,0,0,0,501,578,580,500,496
b7-16-k15-x560-g580,17,1,60,68,2,0,0,0,60,-1,0,-1,-1,0,0,0,502,578,580,500,496
b7-16-k15-x560-g580,18,0,320,68,1,0,0,0,320,-1,0,-1,-1,0,0,0,502,578,580,500,496
b7-16-k15-x560-g580,19,1,321,68,0,0,0,0,320,-1,0,-1,-1,0,0,0,502,578,580,500,496
b7-16-k15-x560-g580,20,0,322,69,0,0,0,0,321,-1,0,-1,-1,0,0,0,502,578,580,500,496
b7-16-k15-x560-g580,21,1,323,69,0,0,0,0,322,-1,0,-1,-1,0,0,0,502,578,580,500,496
b7-16-k15-x560-g580,22,0,335,132,0,0,0,1,335,132,0,1,0,1,1,0,503,593,580,500,496
b7-16-k15-x560-g580,23,1,336,132,0,0,0,0,335,132,0,1,0,1,1,0,503,593,580,500,496
b7-16-k15-x560-g580,24,0,336,132,0,0,0,0,336,132,0,1,0,1,1,0,503,535,580,500,496
b7-16-k15-x560-g580,25,1,337,132,0,0,0,0,336,132,0,1,0,1,1,0,503,535,580,500,496
b7-16-k15-x560-g580,26,0,337,132,0,0,0,0,337,132,0,1,0,1,1,0,503,517,580,500,496
b7-16-k15-x560-g580,27,1,338,132,0,0,0,0,337,132,0,1,0,1,1,0,503,517,580,500,496
b7-16-k15-x560-g580,28,0,339,132,0,0,0,0,338,132,0,1,0,1,1,0,503,512,580,500,496
b7-16-k15-x560-g580,29,1,340,132,0,0,0,0,339,132,0,1,0,1,1,0,503,517,580,500,496
b7-16-k15-x560-g580,30,0,341,136,0,0,0,0,340,136,0,1,0,1,1,0,503,517,580,500,496
b7-16-k15-x560-g580,31,1,341,137,0,0,0,0,341,137,0,1,0,1,1,0,503,525,580,500,496
b7-16-k15-x560-g580,32,0,342,137,0,0,0,0,341,137,0,1,0,1,1,0,503,525,580,500,496
b7-16-k15-x560-g580,33,1,342,137,-3,0,0,0,342,137,0,1,0,1,1,0,503,526,580,400,496
b7-16-k15-x560-g580,34,0,342,137,-2,0,0,0,342,137,0,1,0,1,1,0,503,526,580,400,496
b7-16-k15-x560-g580,35,1,343,137,-1,0,0,0,342,137,0,1,0,1,1,0,503,526,580,400,496
b7-16-k15-x560-g580,36,0,344,233,0,0,0,0,343,232,0,1,0,1,0,0,503,526,580,400,496
b7-16-k15-x560-g580,37,1,344,233,0,0,0,0,344,-1,0,1,0,0,0,0,503,526,580,400,496
b7-16-k15-x560-g580,38,0,344,233,0,0,0,0,344,-1,0,1,0,0,0,0,503,526,580,400,496
b7-16-k15-x560-g580,39,1,344,233,0,0,0,0,344,-1,0,1,0,0,0,0,503,526,580,400,496
b7-16-k15-x560-g580,40,0,344,233,0,0,0,0,344,-1,0,1,0,0,0,0,503,526,580,400,496
b7-16-k16-x540-g560,1,1,0,0,0,0,0,0,0,-1,0,-1,-1,0,0,0,500,540,560,500,500
b7-16-k16-x540-g560,2,0,0,65,0,0,0,0,0,-1,0,-1,-1,0,0,0,500,542,560,500,500
b7-16-k16-x540-g560,3,1,0,65,0,0,0,0,0,-1,0,-1,-1,0,0,0,500,544,560,500,500
b7-16-k16-x540-g560,4,0,0,61,0,0,0,0,0,-1,0,-1,-1,0,0,0,500,546,560,500,500
b7-16-k16-x540-g560,5,1,0,61,3,1,1,0,0,-1,0,-1,-1,0,0,0,500,548,560,500,498
b7-16-k16-x540-g560,6,0,1,61,2,0,0,0,0,-1,0,-1,-1,0,0,0,500,548,560,500,498
b7-16-k16-x540-g560,7,1,1,61,1,0,0,0,1,-1,0,-1,-1,0,0,0,500,548,560,500,498
b7-16-k16-x540-g560,8,0,1,61,0,0,0,0,1,-1,0,-1,-1,0,0,0,500,548,560,500,498
b7-16-k16-x540-g560,9,1,1,62,0,0,0,0,1,-1,0,-1,-1,0,0,0,500,550,560,500,498
b7-16-k16-x540-g560,10,0,1,62,0,0,0,0,1,-1,0,-1,-1,0,0,0,500,551,560,500,498
b7-16-k16-x540-g560,11,1,1,63,0,0,0,0,1,-1,0,-1,-1,0,0,0,500,551,560,500,498
b7-16-k16-x540-g560,12,0,2,66,0,0,0,0,1,-1,0,-1,-1,0,0,0,500,553,560,500,498
b7-16-k16-x540-g560,13,1,2,66,0,0,0,0,2,-1,0,-1,-1,0,0,0,500,555,560,500,498
b7-16-k16-x540-g560,14,0,2,67,0,0,0,0,2,-1,0,-1,-1,0,0,0,500,557,560,500,498
b7-16-k16-x540-g560,15,1,2,68,0,0,0,0,2,-1,0,-1,-1,0,0,0,500,558,560,500,498
b7-16-k16-x540-g560,16,0,60,68,3,1,1,0,60,-1,0,-1,-1,0,0,0,501,558,560,500,496
b7-16-k16-x540-g560,17,1,60,68,2,0,0,0,60,-1,0,-1,-1,0,0,0,502,558,560,500,496
b7-16-k16-x540-g560,18,0,320,68,1,0,0,0,320,-1,0,-1,-1,0,0,0,502,558,560,500,496
b7-16-k16-x540-g560,19,1,321,68,0,0,0,0,320,-1,0,-1,-1,0,0,0,502,558,560,500,496
b7-16-k16-x540-g560,20,0,322,69,0,0,0,0,321,-1,0,-1,-1,0,0,0,502,558,560,500,496
b7-16-k16-x540-g560,21,1,336,132,0,0,0,1,336,132,0,1,0,1,1,0,522,554,560,500,496
b7-16-k16-x540-g560,22,0,337,132,0,0,0,0,336,132,0,1,0,1,1,0,522,554,560,500,496
b7-16-k16-x540-g560,23,1,337,132,0,0,0,0,337,132,0,1,0,1,1,0,522,536,560,500,496
b7-16-k16-x540-g560,24,0,338,132,0,0,0,0,337,132,0,1,0,1,1,0,522,536,560,500,496
b7-16-k16-x540-g560,25,1,339,132,0,0,0,0,338,132,0,1,0,1,1,0,522,531,560,500,496
b7-16-k16-x540-g560,26,0,340,132,0,0,0,0,339,132,0,1,0,1,1,0,522,536,560,500,496
b7-16-k16-x540-g560,27,1,341,136,0,0,0,0,340,136,0,1,0,1,1,0,522,536,560,500,496
b7-16-k16-x540-g560,28,0,341,137,0,0,0,0,341,137,0,1,0,1,1,0,522,544,560,500,496
b7-16-k16-x540-g560,29,1,342,137,0,0,0,0,341,137,0,1,0,1,1,0,522,544,560,500,496
b7-16-k16-x540-g560,30,0,342,137,-3,0,0,0,342,137,0,1,0,1,1,0,522,545,560,400,496
b7-16-k16-x540-g560,31,1,342,137,-2,0,0,0,342,137,0,1,0,1,1,0,522,545,560,400,496
b7-16-k16-x540-g560,32,0,343,137,-1,0,0,0,342,137,0,1,0,1,1,0,522,545,560,400,496
b7-16-k16-x540-g560,33,1,344,233,0,0,0,0,343,232,0,1,0,1,0,0,522,545,560,400,496
b7-16-k16-x540-g560,34,0,344,233,0,0,0,0,344,-1,0,1,0,0,0,0,522,545,560,400,496
b7-16-k16-x540-g560,35,1,344,233,0,0,0,0,344,-1,0,1,0,0,0,0,522,545,560,400,496
b7-16-k16-x540-g560,36,0,344,233,0,0,0,0,344,-1,0,1,0,0,0,0,522,545,560,400,496
b7-16-k16-x540-g560,37,1,344,233,0,0,0,0,344,-1,0,1,0,0,0,0,522,545,560,400,496
b7-16-k16-x540-g560,38,0,344,233,0,0,0,0,344,-1,0,1,0,0,0,0,522,545,560,400,496
b7-16-k16-x540-g560,39,1,345,233,0,0,0,0,344,-1,0,1,0,0,0,0,522,545,560,400,496
b7-16-k16-x540-g560,40,0,345,233,0,0,0,0,345,-1,0,1,0,0,0,0,522,545,560,400,496
b7-16-k16-x560-g580,1,1,0,0,0,0,0,0,0,-1,0,-1,-1,0,0,0,500,560,580,500,500
b7-16-k16-x560-g580,2,0,0,65,0,0,0,0,0,-1,0,-1,-1,0,0,0,500,562,580,500,500
b7-16-k16-x560-g580,3,1,0,65,0,0,0,0,0,-1,0,-1,-1,0,0,0,500,564,580,500,500
b7-16-k16-x560-g580,4,0,0,61,0,0,0,0,0,-1,0,-1,-1,0,0,0,500,566,580,500,500
b7-16-k16-x560-g580,5,1,0,61,3,1,1,0,0,-1,0,-1,-1,0,0,0,500,568,580,500,498
b7-16-k16-x560-g580,6,0,1,61,2,0,0,0,0,-1,0,-1,-1,0,0,0,500,568,580,500,498
b7-16-k16-x560-g580,7,1,1,61,1,0,0,0,1,-1,0,-1,-1,0,0,0,500,568,580,500,498
b7-16-k16-x560-g580,8,0,1,61,0,0,0,0,1,-1,0,-1,-1,0,0,0,500,568,580,500,498
b7-16-k16-x560-g580,9,1,1,62,0,0,0,0,1,-1,0,-1,-1,0,0,0,500,570,580,500,498
b7-16-k16-x560-g580,10,0,1,62,0,0,0,0,1,-1,0,-1,-1,0,0,0,500,571,580,500,498
b7-16-k16-x560-g580,11,1,1,63,0,0,0,0,1,-1,0,-1,-1,0,0,0,500,571,580,500,498
b7-16-k16-x560-g580,12,0,2,66,0,0,0,0,1,-1,0,-1,-1,0,0,0,500,573,580,500,498
b7-16-k16-x560-g580,13,1,2,66,0,0,0,0,2,-1,0,-1,-1,0,0,0,500,575,580,500,498
b7-16-k16-x560-g580,14,0,2,67,0,0,0,0,2,-1,0,-1,-1,0,0,0,500,577,580,500,498
b7-16-k16-x560-g580,15,1,2,68,0,0,0,0,2,-1,0,-1,-1,0,0,0,500,578,580,500,498
b7-16-k16-x560-g580,16,0,60,68,3,1,1,0,60,-1,0,-1,-1,0,0,0,501,578,580,500,496
b7-16-k16-x560-g580,17,1,60,68,2,0,0,0,60,-1,0,-1,-1,0,0,0,502,578,580,500,496
b7-16-k16-x560-g580,18,0,320,68,1,0,0,0,320,-1,0,-1,-1,0,0,0,502,578,580,500,496
b7-16-k16-x560-g580,19,1,321,68,0,0,0,0,320,-1,0,-1,-1,0,0,0,502,578,580,500,496
b7-16-k16-x560-g580,20,0,322,69,0,0,0,0,321,-1,0,-1,-1,0,0,0,502,578,580,500,496
b7-16-k16-x560-g580,21,1,323,69,0,0,0,0,322,-1,0,-1,-1,0,0,0,502,578,580,500,496
b7-16-k16-x560-g580,22,0,335,132,0,0,0,1,335,132,0,1,0,1,1,0,503,593,580,500,496
b7-16-k16-x560-g580,23,1,336,132,0,0,0,0,335,132,0,1,0,1,1,0,503,593,580,500,496
b7-16-k16-x560-g580,24,0,336,132,0,0,0,0,336,132,0,1,0,1,1,0,503,535,580,500,496
b7-16-k16-x560-g580,25,1,337,132,0,0,0,0,336,132,0,1,0,1,1,0,503,535,580,500,496
b7-16-k16-x560-g580,26,0,337,132,0,0,0,0,337,132,0,1,0,1,1,0,503,517,580,500,496
b7-16-k16-x560-g580,27,1,338,132,0,0,0,0,337,132,0,1,0,1,1,0,503,517,580,500,496
b7-16-k16-x560-g580,28,0,339,132,0,0,0,0,338,132,0,1,0,1,1,0,503,512,580,500,496
b7-16-k16-x560-g580,29,1,340,132,0,0,0,0,339,132,0,1,0,1,1,0,503,517,580,500,496
b7-16-k16-x560-g580,30,0,341,136,0,0,0,0,340,136,0,1,0,1,1,0,503,517,580,500,496
b7-16-k16-x560-g580,31,1,341,137,0,0,0,0,341,137,0,1,0,1,1,0,503,525,580,500,496
b7-16-k16-x560-g580,32,0,342,137,0,0,0,0,341,137,0,1,0,1,1,0,503,525,580,500,496
b7-16-k16-x560-g580,33,1,342,137,-3,0,0,0,342,137,0,1,0,1,1,0,503,526,580,400,496
b7-16-k16-x560-g580,34,0,342,137,-2,0,0,0,342,137,0,1,0,1,1,0,503,526,580,400,496
b7-16-k16-x560-g580,35,1,343,137,-1,0,0,0,342,137,0,1,0,1,1,0,503,526,580,400,496
b7-16-k16-x560-g580,36,0,344,233,0,0,0,0,343,232,0,1,0,1,0,0,503,526,580,400,496
b7-16-k16-x560-g580,37,1,344,233,0,0,0,0,344,-1,0,1,0,0,0,0,503,526,580,400,496
b7-16-k16-x560-g580,38,0,344,233,0,0,0,0,344,-1,0,1,0,0,0,0,503,526,580,400,496
b7-16-k16-x560-g580,39,1,344,233,0,0,0,0,344,-1,0,1,0,0,0,0,503,526,580,400,496
b7-16-k16-x560-g580,40,0,344,233,0,0,0,0,344,-1,0,1,0,0,0,0,503,526,580,400,496
b7-16-k17-x540-g560,1,1,0,0,0,0,0,0,0,-1,0,-1,-1,0,0,0,500,540,560,500,500
b7-16-k17-x540-g560,2,0,0,65,0,0,0,0,0,-1,0,-1,-1,0,0,0,500,542,560,500,500
b7-16-k17-x540-g560,3,1,0,65,0,0,0,0,0,-1,0,-1,-1,0,0,0,500,544,560,500,500
b7-16-k17-x540-g560,4,0,0,61,0,0,0,0,0,-1,0,-1,-1,0,0,0,500,546,560,500,500
b7-16-k17-x540-g560,5,1,0,61,3,1,1,0,0,-1,0,-1,-1,0,0,0,500,548,560,500,498
b7-16-k17-x540-g560,6,0,1,61,2,0,0,0,0,-1,0,-1,-1,0,0,0,500,548,560,500,498
b7-16-k17-x540-g560,7,1,1,61,1,0,0,0,1,-1,0,-1,-1,0,0,0,500,548,560,500,498
b7-16-k17-x540-g560,8,0,1,61,0,0,0,0,1,-1,0,-1,-1,0,0,0,500,548,560,500,498
b7-16-k17-x540-g560,9,1,1,62,0,0,0,0,1,-1,0,-1,-1,0,0,0,500,550,560,500,498
b7-16-k17-x540-g560,10,0,1,62,0,0,0,0,1,-1,0,-1,-1,0,0,0,500,551,560,500,498
b7-16-k17-x540-g560,11,1,1,63,0,0,0,0,1,-1,0,-1,-1,0,0,0,500,551,560,500,498
b7-16-k17-x540-g560,12,0,2,66,0,0,0,0,1,-1,0,-1,-1,0,0,0,500,553,560,500,498
b7-16-k17-x540-g560,13,1,2,66,0,0,0,0,2,-1,0,-1,-1,0,0,0,500,555,560,500,498
b7-16-k17-x540-g560,14,0,2,67,0,0,0,0,2,-1,0,-1,-1,0,0,0,500,557,560,500,498
b7-16-k17-x540-g560,15,1,2,68,0,0,0,0,2,-1,0,-1,-1,0,0,0,500,558,560,500,498
b7-16-k17-x540-g560,16,0,2,68,3,1,1,0,2,-1,0,-1,-1,0,0,0,500,558,560,500,496
b7-16-k17-x540-g560,17,1,2,68,2,0,0,0,2,-1,0,-1,-1,0,0,0,500,558,560,500,496
b7-16-k17-x540-g560,18,0,60,68,1,0,0,0,60,-1,0,-1,-1,0,0,0,501,558,560,500,496
b7-16-k17-x540-g560,19,1,60,68,0,0,0,0,60,-1,0,-1,-1,0,0,0,502,558,560,500,496
b7-16-k17-x540-g560,20,0,320,69,0,0,0,0,320,-1,0,-1,-1,0,0,0,502,558,560,500,496
b7-16-k17-x540-g560,21,1,321,69,0,0,0,0,320,-1,0,-1,-1,0,0,0,502,558,560,500,496
b7-16-k17-x540-g560,22,0,322,69,0,0,0,0,321,-1,0,-1,-1,0,0,0,502,558,560,500,496
b7-16-k17-x540-g560,23,1,336,132,0,0,0,1,336,132,0,1,0,1,1,0,522,554,560,500,496
b7-16-k17-x540-g560,24,0,337,132,0,0,0,0,336,132,0,1,0,1,1,0,522,554,560,500,496
b7-16-k17-x540-g560,25,1,337,132,0,0,0,0,337,132,0,1,0,1,1,0,522,536,560,500,496
b7-16-k17-x540-g560,26,0,338,132,0,0,0,0,337,132,0,1,0,1,1,0,522,536,560,500,496
b7-16-k17-x540-g560,27,1,339,132,0,0,0,0,338,132,0,1,0,1,1,0,522,531,560,500,496
b7-16-k17-x540-g560,28,0,340,132,0,0,0,0,339,132,0,1,0,1,1,0,522,536,560,500,496
b7-16-k17-x540-g560,29,1,341,136,0,0,0,0,340,136,0,1,0,1,1,0,522,536,560,500,496
b7-16-k17-x540-g560,30,0,341,137,0,0,0,0,341,137,0,1,0,1,1,0,522,544,560,500,496
b7-16-k17-x540-g560,31,1,342,137,0,0,0,0,341,137,0,1,0,1,1,0,522,544,560,500,496
b7-16-k17-x540-g560,32,0,342,137,-3,0,0,0,342,137,0,1,0,1,1,0,522,545,560,400,496
b7-16-k17-x540-g560,33,1,342,137,-2,0,0,0,342,137,0,1,0,1,1,0,522,545,560,400,496
b7-16-k17-x540-g560,34,0,343,137,-1,0,0,0,342,137,0,1,0,1,1,0,522,545,560,400,496
b7-16-k17-x540-g560,35,1,344,233,0,0,0,0,343,232,0,1,0,1,0,0,522,545,560,400,496
b7-16-k17-x540-g560,36,0,344,233,0,0,0,0,344,-1,0,1,0,0,0,0,522,545,560,400,496
b7-16-k17-x540-g560,37,1,344,233,0,0,0,0,344,-1,0,1,0,0,0,0,522,545,560,400,496
b7-16-k17-x540-g560,38,0,344,233,0,0,0,0,344,-1,0,1,0,0,0,0,522,545,560,400,496
b7-16-k17-x540-g560,39,1,344,233,0,0,0,0,344,-1,0,1,0,0,0,0,522,545,560,400,496
b7-16-k17-x540-g560,40,0,344,233,0,0,0,0,344,-1,0,1,0,0,0,0,522,545,560,400,496
b7-16-k17-x560-g580,1,1,0,0,0,0,0,0,0,-1,0,-1,-1,0,0,0,500,560,580,500,500
b7-16-k17-x560-g580,2,0,0,65,0,0,0,0,0,-1,0,-1,-1,0,0,0,500,562,580,500,500
b7-16-k17-x560-g580,3,1,0,65,0,0,0,0,0,-1,0,-1,-1,0,0,0,500,564,580,500,500
b7-16-k17-x560-g580,4,0,0,61,0,0,0,0,0,-1,0,-1,-1,0,0,0,500,566,580,500,500
b7-16-k17-x560-g580,5,1,0,61,3,1,1,0,0,-1,0,-1,-1,0,0,0,500,568,580,500,498
b7-16-k17-x560-g580,6,0,1,61,2,0,0,0,0,-1,0,-1,-1,0,0,0,500,568,580,500,498
b7-16-k17-x560-g580,7,1,1,61,1,0,0,0,1,-1,0,-1,-1,0,0,0,500,568,580,500,498
b7-16-k17-x560-g580,8,0,1,61,0,0,0,0,1,-1,0,-1,-1,0,0,0,500,568,580,500,498
b7-16-k17-x560-g580,9,1,1,62,0,0,0,0,1,-1,0,-1,-1,0,0,0,500,570,580,500,498
b7-16-k17-x560-g580,10,0,1,62,0,0,0,0,1,-1,0,-1,-1,0,0,0,500,571,580,500,498
b7-16-k17-x560-g580,11,1,1,63,0,0,0,0,1,-1,0,-1,-1,0,0,0,500,571,580,500,498
b7-16-k17-x560-g580,12,0,2,66,0,0,0,0,1,-1,0,-1,-1,0,0,0,500,573,580,500,498
b7-16-k17-x560-g580,13,1,2,66,0,0,0,0,2,-1,0,-1,-1,0,0,0,500,575,580,500,498
b7-16-k17-x560-g580,14,0,2,67,0,0,0,0,2,-1,0,-1,-1,0,0,0,500,577,580,500,498
b7-16-k17-x560-g580,15,1,2,68,0,0,0,0,2,-1,0,-1,-1,0,0,0,500,578,580,500,498
b7-16-k17-x560-g580,16,0,2,68,3,1,1,0,2,-1,0,-1,-1,0,0,0,500,578,580,500,496
b7-16-k17-x560-g580,17,1,2,68,2,0,0,0,2,-1,0,-1,-1,0,0,0,500,578,580,500,496
b7-16-k17-x560-g580,18,0,60,68,1,0,0,0,60,-1,0,-1,-1,0,0,0,501,578,580,500,496
b7-16-k17-x560-g580,19,1,60,68,0,0,0,0,60,-1,0,-1,-1,0,0,0,502,578,580,500,496
b7-16-k17-x560-g580,20,0,320,69,0,0,0,0,320,-1,0,-1,-1,0,0,0,502,578,580,500,496
b7-16-k17-x560-g580,21,1,321,69,0,0,0,0,320,-1,0,-1,-1,0,0,0,502,578,580,500,496
b7-16-k17-x560-g580,22,0,322,69,0,0,0,0,321,-1,0,-1,-1,0,0,0,502,578,580,500,496
b7-16-k17-x560-g580,23,1,323,3,0,0,0,0,322,-1,0,-1,-1,0,0,0,502,578,580,500,496
b7-16-k17-x560-g580,24,0,335,132,0,0,0,1,335,132,0,1,0,1,1,0,503,593,580,500,496
b7-16-k17-x560-g580,25,1,336,132,0,0,0,0,335,132,0,1,0,1,1,0,503,593,580,500,496
b7-16-k17-x560-g580,26,0,336,132,0,0,0,0,336,132,0,1,0,1,1,0,503,535,580,500,496
b7-16-k17-x560-g580,27,1,337,132,0,0,0,0,336,132,0,1,0,1,1,0,503,535,580,500,496
b7-16-k17-x560-g580,28,0,337,132,0,0,0,0,337,132,0,1,0,1,1,0,503,517,580,500,496
b7-16-k17-x560-g580,29,1,338,132,0,0,0,0,337,132,0,1,0,1,1,0,503,517,580,500,496
b7-16-k17-x560-g580,30,0,339,132,0,0,0,0,338,132,0,1,0,1,1,0,503,512,580,500,496
b7-16-k17-x560-g580,31,1,340,132,0,0,0,0,339,132,0,1,0,1,1,0,503,517,580,500,496
b7-16-k17-x560-g580,32,0,341,136,0,0,0,0,340,136,0,1,0,1,1,0,503,517,580,500,496
b7-16-k17-x560-g580,33,1,341,137,0,0,0,0,341,137,0,1,0,1,1,0,503,525,580,500,496
b7-16-k17-x560-g580,34,0,342,137,0,0,0,0,341,137,0,1,0,1,1,0,503,525,580,500,496
b7-16-k17-x560-g580,35,1,342,137,-3,0,0,0,342,137,0,1,0,1,1,0,503,526,580,400,496
b7-16-k17-x560-g580,36,0,342,137,-2,0,0,0,342,137,0,1,0,1,1,0,503,526,580,400,496
b7-16-k17-x560-g580,37,1,343,137,-1,0,0,0,342,137,0,1,0,1,1,0,503,526,580,400,496
b7-16-k17-x560-g580,38,0,344,233,0,0,0,0,343,232,0,1,0,1,0,0,503,526,580,400,496
b7-16-k17-x560-g580,39,1,344,233,0,0,0,0,344,-1,0,1,0,0,0,0,503,526,580,400,496
b7-16-k17-x560-g580,40,0,344,233,0,0,0,0,344,-1,0,1,0,0,0,0,503,526,580,400,496
b7-16-k18-x540-g560,1,1,0,0,0,0,0,0,0,-1,0,-1,-1,0,0,0,500,540,560,500,500
b7-16-k18-x540-g560,2,0,0,65,0,0,0,0,0,-1,0,-1,-1,0,0,0,500,542,560,500,500
b7-16-k18-x540-g560,3,1,0,65,0,0,0,0,0,-1,0,-1,-1,0,0,0,500,544,560,500,500
b7-16-k18-x540-g560,4,0,0,61,0,0,0,0,0,-1,0,-1,-1,0,0,0,500,546,560,500,500
b7-16-k18-x540-g560,5,1,0,61,3,1,1,0,0,-1,0,-1,-1,0,0,0,500,548,560,500,498
b7-16-k18-x540-g560,6,0,1,61,2,0,0,0,0,-1,0,-1,-1,0,0,0,500,548,560,500,498
b7-16-k18-x540-g560,7,1,1,61,1,0,0,0,1,-1,0,-1,-1,0,0,0,500,548,560,500,498
b7-16-k18-x540-g560,8,0,1,61,0,0,0,0,1,-1,0,-1,-1,0,0,0,500,548,560,500,498
b7-16-k18-x540-g560,9,1,1,62,0,0,0,0,1,-1,0,-1,-1,0,0,0,500,550,560,500,498
b7-16-k18-x540-g560,10,0,1,62,0,0,0,0,1,-1,0,-1,-1,0,0,0,500,551,560,500,498
b7-16-k18-x540-g560,11,1,1,63,0,0,0,0,1,-1,0,-1,-1,0,0,0,500,551,560,500,498
b7-16-k18-x540-g560,12,0,2,66,0,0,0,0,1,-1,0,-1,-1,0,0,0,500,553,560,500,498
b7-16-k18-x540-g560,13,1,2,66,0,0,0,0,2,-1,0,-1,-1,0,0,0,500,555,560,500,498
b7-16-k18-x540-g560,14,0,2,67,0,0,0,0,2,-1,0,-1,-1,0,0,0,500,557,560,500,498
b7-16-k18-x540-g560,15,1,2,68,0,0,0,0,2,-1,0,-1,-1,0,0,0,500,558,560,500,498
b7-16-k18-x540-g560,16,0,2,68,3,1,1,0,2,-1,0,-1,-1,0,0,0,500,558,560,500,496
b7-16-k18-x540-g560,17,1,2,68,2,0,0,0,2,-1,0,-1,-1,0,0,0,500,558,560,500,496
b7-16-k18-x540-g560,18,0,60,68,1,0,0,0,60,-1,0,-1,-1,0,0,0,501,558,560,500,496
b7-16-k18-x540-g560,19,1,60,68,0,0,0,0,60,-1,0,-1,-1,0,0,0,502,558,560,500,496
b7-16-k18-x540-g560,20,0,320,69,0,0,0,0,320,-1,0,-1,-1,0,0,0,502,558,560,500,496
b7-16-k18-x540-g560,21,1,321,69,0,0,0,0,320,-1,0,-1,-1,0,0,0,502,558,560,500,496
b7-16-k18-x540-g560,22,0,322,69,0,0,0,0,321,-1,0,-1,-1,0,0,0,502,558,560,500,496
b7-16-k18-x540-g560,23,1,336,132,0,0,0,1,336,132,0,1,0,1,1,0,522,554,560,500,496
b7-16-k18-x540-g560,24,0,337,132,0,0,0,0,336,132,0,1,0,1,1,0,522,554,560,500,496
b7-16-k18-x540-g560,25,1,337,132,0,0,0,0,337,132,0,1,0,1,1,0,522,536,560,500,496
b7-16-k18-x540-g560,26,0,338,132,0,0,0,0,337,132,0,1,0,1,1,0,522,536,560,500,496
b7-16-k18-x540-g560,27,1,339,132,0,0,0,0,338,132,0,1,0,1,1,0,522,531,560,500,496
b7-16-k18-x540-g560,28,0,340,132,0,0,0,0,339,132,0,1,0,1,1,0,522,536,560,500,496
b7-16-k18-x540-g560,29,1,341,136,0,0,0,0,340,136,0,1,0,1,1,0,522,536,560,500,496
b7-16-k18-x540-g560,30,0,341,137,0,0,0,0,341,137,0,1,0,1,1,0,522,544,560,500,496
b7-16-k18-x540-g560,31,1,342,137,0,0,0,0,341,137,0,1,0,1,1,0,522,544,560,500,496
b7-16-k18-x540-g560,32,0,342,137,-3,0,0,0,342,137,0,1,0,1,1,0,522,545,560,400,496
b7-16-k18-x540-g560,33,1,342,137,-2,0,0,0,342,137,0,1,0,1,1,0,522,545,560,400,496
b7-16-k18-x540-g560,34,0,343,137,-1,0,0,0,342,137,0,1,0,1,1,0,522,545,560,400,496
b7-16-k18-x540-g560,35,1,344,233,0,0,0,0,343,232,0,1,0,1,0,0,522,545,560,400,496
b7-16-k18-x540-g560,36,0,344,233,0,0,0,0,344,-1,0,1,0,0,0,0,522,545,560,400,496
b7-16-k18-x540-g560,37,1,344,233,0,0,0,0,344,-1,0,1,0,0,0,0,522,545,560,400,496
b7-16-k18-x540-g560,38,0,344,233,0,0,0,0,344,-1,0,1,0,0,0,0,522,545,560,400,496
b7-16-k18-x540-g560,39,1,344,233,0,0,0,0,344,-1,0,1,0,0,0,0,522,545,560,400,496
b7-16-k18-x540-g560,40,0,344,233,0,0,0,0,344,-1,0,1,0,0,0,0,522,545,560,400,496
b7-16-k18-x560-g580,1,1,0,0,0,0,0,0,0,-1,0,-1,-1,0,0,0,500,560,580,500,500
b7-16-k18-x560-g580,2,0,0,65,0,0,0,0,0,-1,0,-1,-1,0,0,0,500,562,580,500,500
b7-16-k18-x560-g580,3,1,0,65,0,0,0,0,0,-1,0,-1,-1,0,0,0,500,564,580,500,500
b7-16-k18-x560-g580,4,0,0,61,0,0,0,0,0,-1,0,-1,-1,0,0,0,500,566,580,500,500
b7-16-k18-x560-g580,5,1,0,61,3,1,1,0,0,-1,0,-1,-1,0,0,0,500,568,580,500,498
b7-16-k18-x560-g580,6,0,1,61,2,0,0,0,0,-1,0,-1,-1,0,0,0,500,568,580,500,498
b7-16-k18-x560-g580,7,1,1,61,1,0,0,0,1,-1,0,-1,-1,0,0,0,500,568,580,500,498
b7-16-k18-x560-g580,8,0,1,61,0,0,0,0,1,-1,0,-1,-1,0,0,0,500,568,580,500,498
b7-16-k18-x560-g580,9,1,1,62,0,0,0,0,1,-1,0,-1,-1,0,0,0,500,570,580,500,498
b7-16-k18-x560-g580,10,0,1,62,0,0,0,0,1,-1,0,-1,-1,0,0,0,500,571,580,500,498
b7-16-k18-x560-g580,11,1,1,63,0,0,0,0,1,-1,0,-1,-1,0,0,0,500,571,580,500,498
b7-16-k18-x560-g580,12,0,2,66,0,0,0,0,1,-1,0,-1,-1,0,0,0,500,573,580,500,498
b7-16-k18-x560-g580,13,1,2,66,0,0,0,0,2,-1,0,-1,-1,0,0,0,500,575,580,500,498
b7-16-k18-x560-g580,14,0,2,67,0,0,0,0,2,-1,0,-1,-1,0,0,0,500,577,580,500,498
b7-16-k18-x560-g580,15,1,2,68,0,0,0,0,2,-1,0,-1,-1,0,0,0,500,578,580,500,498
b7-16-k18-x560-g580,16,0,2,68,3,1,1,0,2,-1,0,-1,-1,0,0,0,500,578,580,500,496
b7-16-k18-x560-g580,17,1,2,68,2,0,0,0,2,-1,0,-1,-1,0,0,0,500,578,580,500,496
b7-16-k18-x560-g580,18,0,60,68,1,0,0,0,60,-1,0,-1,-1,0,0,0,501,578,580,500,496
b7-16-k18-x560-g580,19,1,60,68,0,0,0,0,60,-1,0,-1,-1,0,0,0,502,578,580,500,496
b7-16-k18-x560-g580,20,0,320,69,0,0,0,0,320,-1,0,-1,-1,0,0,0,502,578,580,500,496
b7-16-k18-x560-g580,21,1,321,69,0,0,0,0,320,-1,0,-1,-1,0,0,0,502,578,580,500,496
b7-16-k18-x560-g580,22,0,322,69,0,0,0,0,321,-1,0,-1,-1,0,0,0,502,578,580,500,496
b7-16-k18-x560-g580,23,1,323,3,0,0,0,0,322,-1,0,-1,-1,0,0,0,502,578,580,500,496
b7-16-k18-x560-g580,24,0,335,132,0,0,0,1,335,132,0,1,0,1,1,0,503,593,580,500,496
b7-16-k18-x560-g580,25,1,336,132,0,0,0,0,335,132,0,1,0,1,1,0,503,593,580,500,496
b7-16-k18-x560-g580,26,0,336,132,0,0,0,0,336,132,0,1,0,1,1,0,503,535,580,500,496
b7-16-k18-x560-g580,27,1,337,132,0,0,0,0,336,132,0,1,0,1,1,0,503,535,580,500,496
b7-16-k18-x560-g580,28,0,337,132,0,0,0,0,337,132,0,1,0,1,1,0,503,517,580,500,496
b7-16-k18-x560-g580,29,1,338,132,0,0,0,0,337,132,0,1,0,1,1,0,503,517,580,500,496
b7-16-k18-x560-g580,30,0,339,132,0,0,0,0,338,132,0,1,0,1,1,0,503,512,580,500,496
b7-16-k18-x560-g580,31,1,340,132,0,0,0,0,339,132,0,1,0,1,1,0,503,517,580,500,496
b7-16-k18-x560-g580,32,0,341,136,0,0,0,0,340,136,0,1,0,1,1,0,503,517,580,500,496
b7-16-k18-x560-g580,33,1,341,137,0,0,0,0,341,137,0,1,0,1,1,0,503,525,580,500,496
b7-16-k18-x560-g580,34,0,342,137,0,0,0,0,341,137,0,1,0,1,1,0,503,525,580,500,496
b7-16-k18-x560-g580,35,1,342,137,-3,0,0,0,342,137,0,1,0,1,1,0,503,526,580,400,496
b7-16-k18-x560-g580,36,0,342,137,-2,0,0,0,342,137,0,1,0,1,1,0,503,526,580,400,496
b7-16-k18-x560-g580,37,1,343,137,-1,0,0,0,342,137,0,1,0,1,1,0,503,526,580,400,496
b7-16-k18-x560-g580,38,0,344,233,0,0,0,0,343,232,0,1,0,1,0,0,503,526,580,400,496
b7-16-k18-x560-g580,39,1,344,233,0,0,0,0,344,-1,0,1,0,0,0,0,503,526,580,400,496
b7-16-k18-x560-g580,40,0,344,233,0,0,0,0,344,-1,0,1,0,0,0,0,503,526,580,400,496
b7-16-k19-x540-g560,1,1,0,0,0,0,0,0,0,-1,0,-1,-1,0,0,0,500,540,560,500,500
b7-16-k19-x540-g560,2,0,0,65,0,0,0,0,0,-1,0,-1,-1,0,0,0,500,542,560,500,500
b7-16-k19-x540-g560,3,1,0,65,0,0,0,0,0,-1,0,-1,-1,0,0,0,500,544,560,500,500
b7-16-k19-x540-g560,4,0,0,61,0,0,0,0,0,-1,0,-1,-1,0,0,0,500,546,560,500,500
b7-16-k19-x540-g560,5,1,0,61,3,1,1,0,0,-1,0,-1,-1,0,0,0,500,548,560,500,498
b7-16-k19-x540-g560,6,0,1,61,2,0,0,0,0,-1,0,-1,-1,0,0,0,500,548,560,500,498
b7-16-k19-x540-g560,7,1,1,61,1,0,0,0,1,-1,0,-1,-1,0,0,0,500,548,560,500,498
b7-16-k19-x540-g560,8,0,1,61,0,0,0,0,1,-1,0,-1,-1,0,0,0,500,548,560,500,498
b7-16-k19-x540-g560,9,1,1,62,0,0,0,0,1,-1,0,-1,-1,0,0,0,500,550,560,500,498
b7-16-k19-x540-g560,10,0,1,62,0,0,0,0,1,-1,0,-1,-1,0,0,0,500,551,560,500,498
b7-16-k19-x540-g560,11,1,1,63,0,0,0,0,1,-1,0,-1,-1,0,0,0,500,551,560,500,498
b7-16-k19-x540-g560,12,0,2,66,0,0,0,0,1,-1,0,-1,-1,0,0,0,500,553,560,500,498
b7-16-k19-x540-g560,13,1,2,66,0,0,0,0,2,-1,0,-1,-1,0,0,0,500,555,560,500,498
b7-16-k19-x540-g560,14,0,2,67,0,0,0,0,2,-1,0,-1,-1,0,0,0,500,557,560,500,498
b7-16-k19-x540-g560,15,1,2,68,0,0,0,0,2,-1,0,-1,-1,0,0,0,500,558,560,500,498
b7-16-k19-x540-g560,16,0,2,68,3,1,1,0,2,-1,0,-1,-1,0,0,0,500,558,560,500,496
b7-16-k19-x540-g560,17,1,2,68,2,0,0,0,2,-1,0,-1,-1,0,0,0,500,558,560,500,496
b7-16-k19-x540-g560,18,0,3,68,1,0,0,0,2,-1,0,-1,-1,0,0,0,500,558,560,500,496
b7-16-k19-x540-g560,19,1,3,68,0,0,0,0,3,-1,0,-1,-1,0,0,0,500,558,560,500,496
b7-16-k19-x540-g560,20,0,60,69,0,0,0,0,60,-1,0,-1,-1,0,0,0,501,558,560,500,496
b7-16-k19-x540-g560,21,1,60,69,0,0,0,0,60,-1,0,-1,-1,0,0,0,502,558,560,500,496
b7-16-k19-x540-g560,22,0,320,69,0,0,0,0,320,-1,0,-1,-1,0,0,0,502,558,560,500,496
b7-16-k19-x540-g560,23,1,321,3,0,0,0,0,320,-1,0,-1,-1,0,0,0,502,558,560,500,496
b7-16-k19-x540-g560,24,0,322,3,0,0,0,0,321,-1,0,-1,-1,0,0,0,502,558,560,500,496
b7-16-k19-x540-g560,25,1,336,132,0,0,0,1,336,132,0,1,0,1,1,0,522,554,560,500,496
b7-16-k19-x540-g560,26,0,337,132,0,0,0,0,336,132,0,1,0,1,1,0,522,554,560,500,496
b7-16-k19-x540-g560,27,1,337,132,0,0,0,0,337,132,0,1,0,1,1,0,522,536,560,500,496
b7-16-k19-x540-g560,28,0,338,132,0,0,0,0,337,132,0,1,0,1,1,0,522,536,560,500,496
b7-16-k19-x540-g560,29,1,339,132,0,0,0,0,338,132,0,1,0,1,1,0,522,531,560,500,496
b7-16-k19-x540-g560,30,0,340,132,0,0,0,0,339,132,0,1,0,1,1,0,522,536,560,500,496
b7-16-k19-x540-g560,31,1,341,136,0,0,0,0,340,136,0,1,0,1,1,0,522,536,560,500,496
b7-16-k19-x540-g560,32,0,341,137,0,0,0,0,341,137,0,1,0,1,1,0,522,544,560,500,496
b7-16-k19-x540-g560,33,1,342,137,0,0,0,0,341,137,0,1,0,1,1,0,522,544,560,500,496
b7-16-k19-x540-g560,34,0,342,137,-3,0,0,0,342,137,0,1,0,1,1,0,522,545,560,400,496
b7-16-k19-x540-g560,35,1,342,137,-2,0,0,0,342,137,0,1,0,1,1,0,522,545,560,400,496
b7-16-k19-x540-g560,36,0,343,137,-1,0,0,0,342,137,0,1,0,1,1,0,522,545,560,400,496
b7-16-k19-x540-g560,37,1,344,233,0,0,0,0,343,232,0,1,0,1,0,0,522,545,560,400,496
b7-16-k19-x540-g560,38,0,344,233,0,0,0,0,344,-1,0,1,0,0,0,0,522,545,560,400,496
b7-16-k19-x540-g560,39,1,344,233,0,0,0,0,344,-1,0,1,0,0,0,0,522,545,560,400,496
b7-16-k19-x540-g560,40,0,344,233,0,0,0,0,344,-1,0,1,0,0,0,0,522,545,560,400,496
b7-16-k19-x560-g580,1,1,0,0,0,0,0,0,0,-1,0,-1,-1,0,0,0,500,560,580,500,500
b7-16-k19-x560-g580,2,0,0,65,0,0,0,0,0,-1,0,-1,-1,0,0,0,500,562,580,500,500
b7-16-k19-x560-g580,3,1,0,65,0,0,0,0,0,-1,0,-1,-1,0,0,0,500,564,580,500,500
b7-16-k19-x560-g580,4,0,0,61,0,0,0,0,0,-1,0,-1,-1,0,0,0,500,566,580,500,500
b7-16-k19-x560-g580,5,1,0,61,3,1,1,0,0,-1,0,-1,-1,0,0,0,500,568,580,500,498
b7-16-k19-x560-g580,6,0,1,61,2,0,0,0,0,-1,0,-1,-1,0,0,0,500,568,580,500,498
b7-16-k19-x560-g580,7,1,1,61,1,0,0,0,1,-1,0,-1,-1,0,0,0,500,568,580,500,498
b7-16-k19-x560-g580,8,0,1,61,0,0,0,0,1,-1,0,-1,-1,0,0,0,500,568,580,500,498
b7-16-k19-x560-g580,9,1,1,62,0,0,0,0,1,-1,0,-1,-1,0,0,0,500,570,580,500,498
b7-16-k19-x560-g580,10,0,1,62,0,0,0,0,1,-1,0,-1,-1,0,0,0,500,571,580,500,498
b7-16-k19-x560-g580,11,1,1,63,0,0,0,0,1,-1,0,-1,-1,0,0,0,500,571,580,500,498
b7-16-k19-x560-g580,12,0,2,66,0,0,0,0,1,-1,0,-1,-1,0,0,0,500,573,580,500,498
b7-16-k19-x560-g580,13,1,2,66,0,0,0,0,2,-1,0,-1,-1,0,0,0,500,575,580,500,498
b7-16-k19-x560-g580,14,0,2,67,0,0,0,0,2,-1,0,-1,-1,0,0,0,500,577,580,500,498
b7-16-k19-x560-g580,15,1,2,68,0,0,0,0,2,-1,0,-1,-1,0,0,0,500,578,580,500,498
b7-16-k19-x560-g580,16,0,2,68,3,1,1,0,2,-1,0,-1,-1,0,0,0,500,578,580,500,496
b7-16-k19-x560-g580,17,1,2,68,2,0,0,0,2,-1,0,-1,-1,0,0,0,500,578,580,500,496
b7-16-k19-x560-g580,18,0,3,68,1,0,0,0,2,-1,0,-1,-1,0,0,0,500,578,580,500,496
b7-16-k19-x560-g580,19,1,3,68,0,0,0,0,3,-1,0,-1,-1,0,0,0,500,578,580,500,496
b7-16-k19-x560-g580,20,0,60,69,0,0,0,0,60,-1,0,-1,-1,0,0,0,501,578,580,500,496
b7-16-k19-x560-g580,21,1,60,69,0,0,0,0,60,-1,0,-1,-1,0,0,0,502,578,580,500,496
b7-16-k19-x560-g580,22,0,320,69,0,0,0,0,320,-1,0,-1,-1,0,0,0,502,578,580,500,496
b7-16-k19-x560-g580,23,1,321,3,0,0,0,0,320,-1,0,-1,-1,0,0,0,502,578,580,500,496
b7-16-k19-x560-g580,24,0,322,3,0,0,0,0,321,-1,0,-1,-1,0,0,0,502,578,580,500,496
b7-16-k19-x560-g580,25,1,323,3,0,0,0,0,322,-1,0,-1,-1,0,0,0,502,578,580,500,496
b7-16-k19-x560-g580,26,0,335,132,0,0,0,1,335,132,0,1,0,1,1,0,503,593,580,500,496
b7-16-k19-x560-g580,27,1,336,132,0,0,0,0,335,132,0,1,0,1,1,0,503,593,580,500,496
b7-16-k19-x560-g580,28,0,336,132,0,0,0,0,336,132,0,1,0,1,1,0,503,535,580,500,496
b7-16-k19-x560-g580,29,1,337,132,0,0,0,0,336,132,0,1,0,1,1,0,503,535,580,500,496
b7-16-k19-x560-g580,30,0,337,132,0,0,0,0,337,132,0,1,0,1,1,0,503,517,580,500,496
b7-16-k19-x560-g580,31,1,338,132,0,0,0,0,337,132,0,1,0,1,1,0,503,517,580,500,496
b7-16-k19-x560-g580,32,0,339,132,0,0,0,0,338,132,0,1,0,1,1,0,503,512,580,500,496
b7-16-k19-x560-g580,33,1,340,132,0,0,0,0,339,132,0,1,0,1,1,0,503,517,580,500,496
b7-16-k19-x560-g580,34,0,341,136,0,0,0,0,340,136,0,1,0,1,1,0,503,517,580,500,496
b7-16-k19-x560-g580,35,1,341,137,0,0,0,0,341,137,0,1,0,1,1,0,503,525,580,500,496
b7-16-k19-x560-g580,36,0,342,137,0,0,0,0,341,137,0,1,0,1,1,0,503,525,580,500,496
b7-16-k19-x560-g580,37,1,342,137,-3,0,0,0,342,137,0,1,0,1,1,0,503,526,580,400,496
b7-16-k19-x560-g580,38,0,342,137,-2,0,0,0,342,137,0,1,0,1,1,0,503,526,580,400,496
b7-16-k19-x560-g580,39,1,343,137,-1,0,0,0,342,137,0,1,0,1,1,0,503,526,580,400,496
b7-16-k19-x560-g580,40,0,344,233,0,0,0,0,343,232,0,1,0,1,0,0,503,526,580,400,496
b8-16-k13-x540-g560,1,1,0,0,0,0,0,0,0,-1,0,-1,-1,0,0,0,500,540,560,500,500
b8-16-k13-x540-g560,2,0,0,65,0,0,0,0,0,-1,0,-1,-1,0,0,0,500,542,560,500,500
b8-16-k13-x540-g560,3,1,0,65,0,0,0,0,0,-1,0,-1,-1,0,0,0,500,544,560,500,500
b8-16-k13-x540-g560,4,0,0,61,0,0,0,0,0,-1,0,-1,-1,0,0,0,500,546,560,500,500
b8-16-k13-x540-g560,5,1,0,61,3,1,1,0,0,-1,0,-1,-1,0,0,0,500,548,560,500,498
b8-16-k13-x540-g560,6,0,1,61,2,0,0,0,0,-1,0,-1,-1,0,0,0,500,548,560,500,498
b8-16-k13-x540-g560,7,1,1,61,1,0,0,0,1,-1,0,-1,-1,0,0,0,500,548,560,500,498
b8-16-k13-x540-g560,8,0,1,61,0,0,0,0,1,-1,0,-1,-1,0,0,0,500,548,560,500,498
b8-16-k13-x540-g560,9,1,1,62,0,0,0,0,1,-1,0,-1,-1,0,0,0,500,550,560,500,498
b8-16-k13-x540-g560,10,0,1,62,0,0,0,0,1,-1,0,-1,-1,0,0,0,500,551,560,500,498
b8-16-k13-x540-g560,11,1,1,63,0,0,0,0,1,-1,0,-1,-1,0,0,0,500,551,560,500,498
b8-16-k13-x540-g560,12,0,2,66,0,0,0,0,1,-1,0,-1,-1,0,0,0,500,553,560,500,498
b8-16-k13-x540-g560,13,1,2,66,0,0,0,0,2,-1,0,-1,-1,0,0,0,500,555,560,500,498
b8-16-k13-x540-g560,14,0,60,67,0,0,0,0,60,-1,0,-1,-1,0,0,0,501,557,560,500,498
b8-16-k13-x540-g560,15,1,60,68,0,0,0,0,60,-1,0,-1,-1,0,0,0,502,558,560,500,498
b8-16-k13-x540-g560,16,0,320,68,3,1,1,0,320,-1,0,-1,-1,0,0,0,502,558,560,500,496
b8-16-k13-x540-g560,17,1,321,68,2,0,0,0,320,-1,0,-1,-1,0,0,0,502,558,560,500,496
b8-16-k13-x540-g560,18,0,322,68,1,0,0,0,321,-1,0,-1,-1,0,0,0,502,558,560,500,496
b8-16-k13-x540-g560,19,1,336,132,0,0,0,1,336,132,0,1,0,1,1,0,522,554,560,500,496
b8-16-k13-x540-g560,20,0,337,132,0,0,0,0,336,132,0,1,0,1,1,0,522,554,560,500,496
b8-16-k13-x540-g560,21,1,337,132,0,0,0,0,337,132,0,1,0,1,1,0,522,536,560,500,496
b8-16-k13-x540-g560,22,0,338,132,0,0,0,0,337,132,0,1,0,1,1,0,522,536,560,500,496
b8-16-k13-x540-g560,23,1,339,132,0,0,0,0,338,132,0,1,0,1,1,0,522,531,560,500,496
b8-16-k13-x540-g560,24,0,340,132,0,0,0,0,339,132,0,1,0,1,1,0,522,536,560,500,496
b8-16-k13-x540-g560,25,1,341,136,0,0,0,0,340,136,0,1,0,1,1,0,522,536,560,500,496
b8-16-k13-x540-g560,26,0,341,137,0,0,0,0,341,137,0,1,0,1,1,0,522,544,560,500,496
b8-16-k13-x540-g560,27,1,342,137,0,0,0,0,341,137,0,1,0,1,1,0,522,544,560,500,496
b8-16-k13-x540-g560,28,0,342,137,-3,0,0,0,342,137,0,1,0,1,1,0,522,545,560,400,496
b8-16-k13-x540-g560,29,1,342,137,-2,0,0,0,342,137,0,1,0,1,1,0,522,545,560,400,496
b8-16-k13-x540-g560,30,0,343,137,-1,0,0,0,342,137,0,1,0,1,1,0,522,545,560,400,496
b8-16-k13-x540-g560,31,1,344,233,0,0,0,0,343,232,0,1,0,1,0,0,522,545,560,400,496
b8-16-k13-x540-g560,32,0,344,233,0,0,0,0,344,-1,0,1,0,0,0,0,522,545,560,400,496
b8-16-k13-x540-g560,33,1,344,233,0,0,0,0,344,-1,0,1,0,0,0,0,522,545,560,400,496
b8-16-k13-x540-g560,34,0,344,233,0,0,0,0,344,-1,0,1,0,0,0,0,522,545,560,400,496
b8-16-k13-x540-g560,35,1,344,233,0,0,0,0,344,-1,0,1,0,0,0,0,522,545,560,400,496
b8-16-k13-x540-g560,36,0,344,233,0,0,0,0,344,-1,0,1,0,0,0,0,522,545,560,400,496
b8-16-k13-x540-g560,37,1,345,233,0,0,0,0,344,-1,0,1,0,0,0,0,522,545,560,400,496
b8-16-k13-x540-g560,38,0,345,233,0,0,0,0,345,-1,0,1,0,0,0,0,522,545,560,400,496
b8-16-k13-x540-g560,39,1,345,233,0,0,0,0,345,-1,0,1,0,0,0,0,522,545,560,400,496
b8-16-k13-x540-g560,40,0,345,233,0,0,0,0,345,-1,0,1,0,0,0,0,522,545,560,400,496
b8-16-k13-x560-g580,1,1,0,0,0,0,0,0,0,-1,0,-1,-1,0,0,0,500,560,580,500,500
b8-16-k13-x560-g580,2,0,0,65,0,0,0,0,0,-1,0,-1,-1,0,0,0,500,562,580,500,500
b8-16-k13-x560-g580,3,1,0,65,0,0,0,0,0,-1,0,-1,-1,0,0,0,500,564,580,500,500
b8-16-k13-x560-g580,4,0,0,61,0,0,0,0,0,-1,0,-1,-1,0,0,0,500,566,580,500,500
b8-16-k13-x560-g580,5,1,0,61,3,1,1,0,0,-1,0,-1,-1,0,0,0,500,568,580,500,498
b8-16-k13-x560-g580,6,0,1,61,2,0,0,0,0,-1,0,-1,-1,0,0,0,500,568,580,500,498
b8-16-k13-x560-g580,7,1,1,61,1,0,0,0,1,-1,0,-1,-1,0,0,0,500,568,580,500,498
b8-16-k13-x560-g580,8,0,1,61,0,0,0,0,1,-1,0,-1,-1,0,0,0,500,568,580,500,498
b8-16-k13-x560-g580,9,1,1,62,0,0,0,0,1,-1,0,-1,-1,0,0,0,500,570,580,500,498
b8-16-k13-x560-g580,10,0,1,62,0,0,0,0,1,-1,0,-1,-1,0,0,0,500,571,580,500,498
b8-16-k13-x560-g580,11,1,1,63,0,0,0,0,1,-1,0,-1,-1,0,0,0,500,571,580,500,498
b8-16-k13-x560-g580,12,0,2,66,0,0,0,0,1,-1,0,-1,-1,0,0,0,500,573,580,500,498
b8-16-k13-x560-g580,13,1,2,66,0,0,0,0,2,-1,0,-1,-1,0,0,0,500,575,580,500,498
b8-16-k13-x560-g580,14,0,60,67,0,0,0,0,60,-1,0,-1,-1,0,0,0,501,577,580,500,498
b8-16-k13-x560-g580,15,1,60,68,0,0,0,0,60,-1,0,-1,-1,0,0,0,502,578,580,500,498
b8-16-k13-x560-g580,16,0,320,68,3,1,1,0,320,-1,0,-1,-1,0,0,0,502,578,580,500,496
b8-16-k13-x560-g580,17,1,321,68,2,0,0,0,320,-1,0,-1,-1,0,0,0,502,578,580,500,496
b8-16-k13-x560-g580,18,0,322,68,1,0,0,0,321,-1,0,-1,-1,0,0,0,502,578,580,500,496
b8-16-k13-x560-g580,19,1,323,68,0,0,0,0,322,-1,0,-1,-1,0,0,0,502,578,580,500,496
b8-16-k13-x560-g580,20,0,335,132,0,0,0,1,335,132,0,1,0,1,1,0,503,593,580,500,496
b8-16-k13-x560-g580,21,1,336,132,0,0,0,0,335,132,0,1,0,1,1,0,503,593,580,500,496
b8-16-k13-x560-g580,22,0,336,132,0,0,0,0,336,132,0,1,0,1,1,0,503,535,580,500,496
b8-16-k13-x560-g580,23,1,337,132,0,0,0,0,336,132,0,1,0,1,1,0,503,535,580,500,496
b8-16-k13-x560-g580,24,0,337,132,0,0,0,0,337,132,0,1,0,1,1,0,503,517,580,500,496
b8-16-k13-x560-g580,25,1,338,132,0,0,0,0,337,132,0,1,0,1,1,0,503,517,580,500,496
b8-16-k13-x560-g580,26,0,339,132,0,0,0,0,338,132,0,1,0,1,1,0,503,512,580,500,496
b8-16-k13-x560-g580,27,1,340,132,0,0,0,0,339,132,0,1,0,1,1,0,503,517,580,500,496
b8-16-k13-x560-g580,28,0,341,136,0,0,0,0,340,136,0,1,0,1,1,0,503,517,580,500,496
b8-16-k13-x560-g580,29,1,341,137,0,0,0,0,341,137,0,1,0,1,1,0,503,525,580,500,496
b8-16-k13-x560-g580,30,0,342,137,0,0,0,0,341,137,0,1,0,1,1,0,503,525,580,500,496
b8-16-k13-x560-g580,31,1,342,137,-3,0,0,0,342,137,0,1,0,1,1,0,503,526,580,400,496
b8-16-k13-x560-g580,32,0,342,137,-2,0,0,0,342,137,0,1,0,1,1,0,503,526,580,400,496
b8-16-k13-x560-g580,33,1,343,137,-1,0,0,0,342,137,0,1,0,1,1,0,503,526,580,400,496
b8-16-k13-x560-g580,34,0,344,233,0,0,0,0,343,232,0,1,0,1,0,0,503,526,580,400,496
b8-16-k13-x560-g580,35,1,344,233,0,0,0,0,344,-1,0,1,0,0,0,0,503,526,580,400,496
b8-16-k13-x560-g580,36,0,344,233,0,0,0,0,344,-1,0,1,0,0,0,0,503,526,580,400,496
b8-16-k13-x560-g580,37,1,344,233,0,0,0,0,344,-1,0,1,0,0,0,0,503,526,580,400,496
b8-16-k13-x560-g580,38,0,344,233,0,0,0,0,344,-1,0,1,0,0,0,0,503,526,580,400,496
b8-16-k13-x560-g580,39,1,344,233,0,0,0,0,344,-1,0,1,0,0,0,0,503,526,580,400,496
b8-16-k13-x560-g580,40,0,345,233,0,0,0,0,344,-1,0,1,0,0,0,0,503,526,580,400,496
b8-16-k14-x540-g560,1,1,0,0,0,0,0,0,0,-1,0,-1,-1,0,0,0,500,540,560,500,500
b8-16-k14-x540-g560,2,0,0,65,0,0,0,0,0,-1,0,-1,-1,0,0,0,500,542,560,500,500
b8-16-k14-x540-g560,3,1,0,65,0,0,0,0,0,-1,0,-1,-1,0,0,0,500,544,560,500,500
b8-16-k14-x540-g560,4,0,0,61,0,0,0,0,0,-1,0,-1,-1,0,0,0,500,546,560,500,500
b8-16-k14-x540-g560,5,1,0,61,3,1,1,0,0,-1,0,-1,-1,0,0,0,500,548,560,500,498
b8-16-k14-x540-g560,6,0,1,61,2,0,0,0,0,-1,0,-1,-1,0,0,0,500,548,560,500,498
b8-16-k14-x540-g560,7,1,1,61,1,0,0,0,1,-1,0,-1,-1,0,0,0,500,548,560,500,498
b8-16-k14-x540-g560,8,0,1,61,0,0,0,0,1,-1,0,-1,-1,0,0,0,500,548,560,500,498
b8-16-k14-x540-g560,9,1,1,62,0,0,0,0,1,-1,0,-1,-1,0,0,0,500,550,560,500,498
b8-16-k14-x540-g560,10,0,1,62,0,0,0,0,1,-1,0,-1,-1,0,0,0,500,551,560,500,498
b8-16-k14-x540-g560,11,1,1,63,0,0,0,0,1,-1,0,-1,-1,0,0,0,500,551,560,500,498
b8-16-k14-x540-g560,12,0,2,66,0,0,0,0,1,-1,0,-1,-1,0,0,0,500,553,560,500,498
b8-16-k14-x540-g560,13,1,2,66,0,0,0,0,2,-1,0,-1,-1,0,0,0,500,555,560,500,498
b8-16-k14-x540-g560,14,0,60,67,0,0,0,0,60,-1,0,-1,-1,0,0,0,501,557,560,500,498
b8-16-k14-x540-g560,15,1,60,68,0,0,0,0,60,-1,0,-1,-1,0,0,0,502,558,560,500,498
b8-16-k14-x540-g560,16,0,320,68,3,1,1,0,320,-1,0,-1,-1,0,0,0,502,558,560,500,496
b8-16-k14-x540-g560,17,1,321,68,2,0,0,0,320,-1,0,-1,-1,0,0,0,502,558,560,500,496
b8-16-k14-x540-g560,18,0,322,68,1,0,0,0,321,-1,0,-1,-1,0,0,0,502,558,560,500,496
b8-16-k14-x540-g560,19,1,336,132,0,0,0,1,336,132,0,1,0,1,1,0,522,554,560,500,496
b8-16-k14-x540-g560,20,0,337,132,0,0,0,0,336,132,0,1,0,1,1,0,522,554,560,500,496
b8-16-k14-x540-g560,21,1,337,132,0,0,0,0,337,132,0,1,0,1,1,0,522,536,560,500,496
b8-16-k14-x540-g560,22,0,338,132,0,0,0,0,337,132,0,1,0,1,1,0,522,536,560,500,496
b8-16-k14-x540-g560,23,1,339,132,0,0,0,0,338,132,0,1,0,1,1,0,522,531,560,500,496
b8-16-k14-x540-g560,24,0,340,132,0,0,0,0,339,132,0,1,0,1,1,0,522,536,560,500,496
b8-16-k14-x540-g560,25,1,341,136,0,0,0,0,340,136,0,1,0,1,1,0,522,536,560,500,496
b8-16-k14-x540-g560,26,0,341,137,0,0,0,0,341,137,0,1,0,1,1,0,522,544,560,500,496
b8-16-k14-x540-g560,27,1,342,137,0,0,0,0,341,137,0,1,0,1,1,0,522,544,560,500,496
b8-16-k14-x540-g560,28,0,342,137,-3,0,0,0,342,137,0,1,0,1,1,0,522,545,560,400,496
b8-16-k14-x540-g560,29,1,342,137,-2,0,0,0,342,137,0,1,0,1,1,0,522,545,560,400,496
b8-16-k14-x540-g560,30,0,343,137,-1,0,0,0,342,137,0,1,0,1,1,0,522,545,560,400,496
b8-16-k14-x540-g560,31,1,344,233,0,0,0,0,343,232,0,1,0,1,0,0,522,545,560,400,496
b8-16-k14-x540-g560,32,0,344,233,0,0,0,0,344,-1,0,1,0,0,0,0,522,545,560,400,496
b8-16-k14-x540-g560,33,1,344,233,0,0,0,0,344,-1,0,1,0,0,0,0,522,545,560,400,496
b8-16-k14-x540-g560,34,0,344,233,0,0,0,0,344,-1,0,1,0,0,0,0,522,545,560,400,496
b8-16-k14-x540-g560,35,1,344,233,0,0,0,0,344,-1,0,1,0,0,0,0,522,545,560,400,496
b8-16-k14-x540-g560,36,0,344,233,0,0,0,0,344,-1,0,1,0,0,0,0,522,545,560,400,496
b8-16-k14-x540-g560,37,1,345,233,0,0,0,0,344,-1,0,1,0,0,0,0,522,545,560,400,496
b8-16-k14-x540-g560,38,0,345,233,0,0,0,0,345,-1,0,1,0,0,0,0,522,545,560,400,496
b8-16-k14-x540-g560,39,1,345,233,0,0,0,0,345,-1,0,1,0,0,0,0,522,545,560,400,496
b8-16-k14-x540-g560,40,0,345,233,0,0,0,0,345,-1,0,1,0,0,0,0,522,545,560,400,496
b8-16-k14-x560-g580,1,1,0,0,0,0,0,0,0,-1,0,-1,-1,0,0,0,500,560,580,500,500
b8-16-k14-x560-g580,2,0,0,65,0,0,0,0,0,-1,0,-1,-1,0,0,0,500,562,580,500,500
b8-16-k14-x560-g580,3,1,0,65,0,0,0,0,0,-1,0,-1,-1,0,0,0,500,564,580,500,500
b8-16-k14-x560-g580,4,0,0,61,0,0,0,0,0,-1,0,-1,-1,0,0,0,500,566,580,500,500
b8-16-k14-x560-g580,5,1,0,61,3,1,1,0,0,-1,0,-1,-1,0,0,0,500,568,580,500,498
b8-16-k14-x560-g580,6,0,1,61,2,0,0,0,0,-1,0,-1,-1,0,0,0,500,568,580,500,498
b8-16-k14-x560-g580,7,1,1,61,1,0,0,0,1,-1,0,-1,-1,0,0,0,500,568,580,500,498
b8-16-k14-x560-g580,8,0,1,61,0,0,0,0,1,-1,0,-1,-1,0,0,0,500,568,580,500,498
b8-16-k14-x560-g580,9,1,1,62,0,0,0,0,1,-1,0,-1,-1,0,0,0,500,570,580,500,498
b8-16-k14-x560-g580,10,0,1,62,0,0,0,0,1,-1,0,-1,-1,0,0,0,500,571,580,500,498
b8-16-k14-x560-g580,11,1,1,63,0,0,0,0,1,-1,0,-1,-1,0,0,0,500,571,580,500,498
b8-16-k14-x560-g580,12,0,2,66,0,0,0,0,1,-1,0,-1,-1,0,0,0,500,573,580,500,498
b8-16-k14-x560-g580,13,1,2,66,0,0,0,0,2,-1,0,-1,-1,0,0,0,500,575,580,500,498
b8-16-k14-x560-g580,14,0,60,67,0,0,0,0,60,-1,0,-1,-1,0,0,0,501,577,580,500,498
b8-16-k14-x560-g580,15,1,60,68,0,0,0,0,60,-1,0,-1,-1,0,0,0,502,578,580,500,498
b8-16-k14-x560-g580,16,0,320,68,3,1,1,0,320,-1,0,-1,-1,0,0,0,502,578,580,500,496
b8-16-k14-x560-g580,17,1,321,68,2,0,0,0,320,-1,0,-1,-1,0,0,0,502,578,580,500,496
b8-16-k14-x560-g580,18,0,322,68,1,0,0,0,321,-1,0,-1,-1,0,0,0,502,578,580,500,496
b8-16-k14-x560-g580,19,1,323,68,0,0,0,0,322,-1,0,-1,-1,0,0,0,502,578,580,500,496
b8-16-k14-x560-g580,20,0,335,132,0,0,0,1,335,132,0,1,0,1,1,0,503,593,580,500,496
b8-16-k14-x560-g580,21,1,336,132,0,0,0,0,335,132,0,1,0,1,1,0,503,593,580,500,496
b8-16-k14-x560-g580,22,0,336,132,0,0,0,0,336,132,0,1,0,1,1,0,503,535,580,500,496
b8-16-k14-x560-g580,23,1,337,132,0,0,0,0,336,132,0,1,0,1,1,0,503,535,580,500,496
b8-16-k14-x560-g580,24,0,337,132,0,0,0,0,337,132,0,1,0,1,1,0,503,517,580,500,496
b8-16-k14-x560-g580,25,1,338,132,0,0,0,0,337,132,0,1,0,1,1,0,503,517,580,500,496
b8-16-k14-x560-g580,26,0,339,132,0,0,0,0,338,132,0,1,0,1,1,0,503,512,580,500,496
b8-16-k14-x560-g580,27,1,340,132,0,0,0,0,339,132,0,1,0,1,1,0,503,517,580,500,496
b8-16-k14-x560-g580,28,0,341,136,0,0,0,0,340,136,0,1,0,1,1,0,503,517,580,500,496
b8-16-k14-x560-g580,29,1,341,137,0,0,0,0,341,137,0,1,0,1,1,0,503,525,580,500,496
b8-16-k14-x560-g580,30,0,342,137,0,0,0,0,341,137,0,1,0,1,1,0,503,525,580,500,496
b8-16-k14-x560-g580,31,1,342,137,-3,0,0,0,342,137,0,1,0,1,1,0,503,526,580,400,496
b8-16-k14-x560-g580,32,0,342,137,-2,0,0,0,342,137,0,1,0,1,1,0,503,526,580,400,496
b8-16-k14-x560-g580,33,1,343,137,-1,0,0,0,342,137,0,1,0,1,1,0,503,526,580,400,496
b8-16-k14-x560-g580,34,0,344,233,0,0,0,0,343,232,0,1,0,1,0,0,503,526,580,400,496
b8-16-k14-x560-g580,35,1,344,233,0,0,0,0,344,-1,0,1,0,0,0,0,503,526,580,400,496
b8-16-k14-x560-g580,36,0,344,233,0,0,0,0,344,-1,0,1,0,0,0,0,503,526,580,400,496
b8-16-k14-x560-g580,37,1,344,233,0,0,0,0,344,-1,0,1,0,0,0,0,503,526,580,400,496
b8-16-k14-x560-g580,38,0,344,233,0,0,0,0,344,-1,0,1,0,0,0,0,503,526,580,400,496
b8-16-k14-x560-g580,39,1,344,233,0,0,0,0,344,-1,0,1,0,0,0,0,503,526,580,400,496
b8-16-k14-x560-g580,40,0,345,233,0,0,0,0,344,-1,0,1,0,0,0,0,503,526,580,400,496
b8-16-k15-x540-g560,1,1,0,0,0,0,0,0,0,-1,0,-1,-1,0,0,0,500,540,560,500,500
b8-16-k15-x540-g560,2,0,0,65,0,0,0,0,0,-1,0,-1,-1,0,0,0,500,542,560,500,500
b8-16-k15-x540-g560,3,1,0,65,0,0,0,0,0,-1,0,-1,-1,0,0,0,500,544,560,500,500
b8-16-k15-x540-g560,4,0,0,61,0,0,0,0,0,-1,0,-1,-1,0,0,0,500,546,560,500,500
b8-16-k15-x540-g560,5,1,0,61,3,1,1,0,0,-1,0,-1,-1,0,0,0,500,548,560,500,498
b8-16-k15-x540-g560,6,0,1,61,2,0,0,0,0,-1,0,-1,-1,0,0,0,500,548,560,500,498
b8-16-k15-x540-g560,7,1,1,61,1,0,0,0,1,-1,0,-1,-1,0,0,0,500,548,560,500,498
b8-16-k15-x540-g560,8,0,1,61,0,0,0,0,1,-1,0,-1,-1,0,0,0,500,548,560,500,498
b8-16-k15-x540-g560,9,1,1,62,0,0,0,0,1,-1,0,-1,-1,0,0,0,500,550,560,500,498
b8-16-k15-x540-g560,10,0,1,62,0,0,0,0,1,-1,0,-1,-1,0,0,0,500,551,560,500,498
b8-16-k15-x540-g560,11,1,1,63,0,0,0,0,1,-1,0,-1,-1,0,0,0,500,551,560,500,498
b8-16-k15-x540-g560,12,0,2,66,0,0,0,0,1,-1,0,-1,-1,0,0,0,500,553,560,500,498
b8-16-k15-x540-g560,13,1,2,66,0,0,0,0,2,-1,0,-1,-1,0,0,0,500,555,560,500,498
b8-16-k15-x540-g560,14,0,2,67,0,0,0,0,2,-1,0,-1,-1,0,0,0,500,557,560,500,498
b8-16-k15-x540-g560,15,1,2,68,0,0,0,0,2,-1,0,-1,-1,0,0,0,500,558,560,500,498
b8-16-k15-x540-g560,16,0,60,68,3,1,1,0,60,-1,0,-1,-1,0,0,0,501,558,560,500,496
b8-16-k15-x540-g560,17,1,60,68,2,0,0,0,60,-1,0,-1,-1,0,0,0,502,558,560,500,496
b8-16-k15-x540-g560,18,0,320,68,1,0,0,0,320,-1,0,-1,-1,0,0,0,502,558,560,500,496
b8-16-k15-x540-g560,19,1,321,68,0,0,0,0,320,-1,0,-1,-1,0,0,0,502,558,560,500,496
b8-16-k15-x540-g560,20,0,322,69,0,0,0,0,321,-1,0,-1,-1,0,0,0,502,558,560,500,496
b8-16-k15-x540-g560,21,1,336,132,0,0,0,1,336,132,0,1,0,1,1,0,522,554,560,500,496
b8-16-k15-x540-g560,22,0,337,132,0,0,0,0,336,132,0,1,0,1,1,0,522,554,560,500,496
b8-16-k15-x540-g560,23,1,337,132,0,0,0,0,337,132,0,1,0,1,1,0,522,536,560,500,496
b8-16-k15-x540-g560,24,0,338,132,0,0,0,0,337,132,0,1,0,1,1,0,522,536,560,500,496
b8-16-k15-x540-g560,25,1,339,132,0,0,0,0,338,132,0,1,0,1,1,0,522,531,560,500,496
b8-16-k15-x540-g560,26,0,340,132,0,0,0,0,339,132,0,1,0,1,1,0,522,536,560,500,496
b8-16-k15-x540-g560,27,1,341,136,0,0,0,0,340,136,0,1,0,1,1,0,522,536,560,500,496
b8-16-k15-x540-g560,28,0,341,137,0,0,0,0,341,137,0,1,0,1,1,0,522,544,560,500,496
b8-16-k15-x540-g560,29,1,342,137,0,0,0,0,341,137,0,1,0,1,1,0,522,544,560,500,496
b8-16-k15-x540-g560,30,0,342,137,-3,0,0,0,342,137,0,1,0,1,1,0,522,545,560,400,496
b8-16-k15-x540-g560,31,1,342,137,-2,0,0,0,342,137,0,1,0,1,1,0,522,545,560,400,496
b8-16-k15-x540-g560,32,0,343,137,-1,0,0,0,342,137,0,1,0,1,1,0,522,545,560,400,496
b8-16-k15-x540-g560,33,1,344,233,0,0,0,0,343,232,0,1,0,1,0,0,522,545,560,400,496
b8-16-k15-x540-g560,34,0,344,233,0,0,0,0,344,-1,0,1,0,0,0,0,522,545,560,400,496
b8-16-k15-x540-g560,35,1,344,233,0,0,0,0,344,-1,0,1,0,0,0,0,522,545,560,400,496
b8-16-k15-x540-g560,36,0,344,233,0,0,0,0,344,-1,0,1,0,0,0,0,522,545,560,400,496
b8-16-k15-x540-g560,37,1,344,233,0,0,0,0,344,-1,0,1,0,0,0,0,522,545,560,400,496
b8-16-k15-x540-g560,38,0,344,233,0,0,0,0,344,-1,0,1,0,0,0,0,522,545,560,400,496
b8-16-k15-x540-g560,39,1,345,233,0,0,0,0,344,-1,0,1,0,0,0,0,522,545,560,400,496
b8-16-k15-x540-g560,40,0,345,233,0,0,0,0,345,-1,0,1,0,0,0,0,522,545,560,400,496
b8-16-k15-x560-g580,1,1,0,0,0,0,0,0,0,-1,0,-1,-1,0,0,0,500,560,580,500,500
b8-16-k15-x560-g580,2,0,0,65,0,0,0,0,0,-1,0,-1,-1,0,0,0,500,562,580,500,500
b8-16-k15-x560-g580,3,1,0,65,0,0,0,0,0,-1,0,-1,-1,0,0,0,500,564,580,500,500
b8-16-k15-x560-g580,4,0,0,61,0,0,0,0,0,-1,0,-1,-1,0,0,0,500,566,580,500,500
b8-16-k15-x560-g580,5,1,0,61,3,1,1,0,0,-1,0,-1,-1,0,0,0,500,568,580,500,498
b8-16-k15-x560-g580,6,0,1,61,2,0,0,0,0,-1,0,-1,-1,0,0,0,500,568,580,500,498
b8-16-k15-x560-g580,7,1,1,61,1,0,0,0,1,-1,0,-1,-1,0,0,0,500,568,580,500,498
b8-16-k15-x560-g580,8,0,1,61,0,0,0,0,1,-1,0,-1,-1,0,0,0,500,568,580,500,498
b8-16-k15-x560-g580,9,1,1,62,0,0,0,0,1,-1,0,-1,-1,0,0,0,500,570,580,500,498
b8-16-k15-x560-g580,10,0,1,62,0,0,0,0,1,-1,0,-1,-1,0,0,0,500,571,580,500,498
b8-16-k15-x560-g580,11,1,1,63,0,0,0,0,1,-1,0,-1,-1,0,0,0,500,571,580,500,498
b8-16-k15-x560-g580,12,0,2,66,0,0,0,0,1,-1,0,-1,-1,0,0,0,500,573,580,500,498
b8-16-k15-x560-g580,13,1,2,66,0,0,0,0,2,-1,0,-1,-1,0,0,0,500,575,580,500,498
b8-16-k15-x560-g580,14,0,2,67,0,0,0,0,2,-1,0,-1,-1,0,0,0,500,577,580,500,498
b8-16-k15-x560-g580,15,1,2,68,0,0,0,0,2,-1,0,-1,-1,0,0,0,500,578,580,500,498
b8-16-k15-x560-g580,16,0,60,68,3,1,1,0,60,-1,0,-1,-1,0,0,0,501,578,580,500,496
b8-16-k15-x560-g580,17,1,60,68,2,0,0,0,60,-1,0,-1,-1,0,0,0,502,578,580,500,496
b8-16-k15-x560-g580,18,0,320,68,1,0,0,0,320,-1,0,-1,-1,0,0,0,502,578,580,500,496
b8-16-k15-x560-g580,19,1,321,68,0,0,0,0,320,-1,0,-1,-1,0,0,0,502,578,580,500,496
b8-16-k15-x560-g580,20,0,322,69,0,0,0,0,321,-1,0,-1,-1,0,0,0,502,578,580,500,496
b8-16-k15-x560-g580,21,1,323,69,0,0,0,0,322,-1,0,-1,-1,0,0,0,502,578,580,500,496
b8-16-k15-x560-g580,22,0,335,132,0,0,0,1,335,132,0,1,0,1,1,0,503,593,580,500,496
b8-16-k15-x560-g580,23,1,336,132,0,0,0,0,335,132,0,1,0,1,1,0,503,593,580,500,496
b8-16-k15-x560-g580,24,0,336,132,0,0,0,0,336,132,0,1,0,1,1,0,503,535,580,500,496
b8-16-k15-x560-g580,25,1,337,132,0,0,0,0,336,132,0,1,0,1,1,0,503,535,580,500,496
b8-16-k15-x560-g580,26,0,337,132,0,0,0,0,337,132,0,1,0,1,1,0,503,517,580,500,496
b8-16-k15-x560-g580,27,1,338,132,0,0,0,0,337,132,0,1,0,1,1,0,503,517,580,500,496
b8-16-k15-x560-g580,28,0,339,132,0,0,0,0,338,132,0,1,0,1,1,0,503,512,580,500,496
b8-16-k15-x560-g580,29,1,340,132,0,0,0,0,339,132,0,1,0,1,1,0,503,517,580,500,496
b8-16-k15-x560-g580,30,0,341,136,0,0,0,0,340,136,0,1,0,1,1,0,503,517,580,500,496
b8-16-k15-x560-g580,31,1,341,137,0,0,0,0,341,137,0,1,0,1,1,0,503,525,580,500,496
b8-16-k15-x560-g580,32,0,342,137,0,0,0,0,341,137,0,1,0,1,1,0,503,525,580,500,496
b8-16-k15-x560-g580,33,1,342,137,-3,0,0,0,342,137,0,1,0,1,1,0,503,526,580,400,496
b8-16-k15-x560-g580,34,0,342,137,-2,0,0,0,342,137,0,1,0,1,1,0,503,526,580,400,496
b8-16-k15-x560-g580,35,1,343,137,-1,0,0,0,342,137,0,1,0,1,1,0,503,526,580,400,496
b8-16-k15-x560-g580,36,0,344,233,0,0,0,0,343,232,0,1,0,1,0,0,503,526,580,400,496
b8-16-k15-x560-g580,37,1,344,233,0,0,0,0,344,-1,0,1,0,0,0,0,503,526,580,400,496
b8-16-k15-x560-g580,38,0,344,233,0,0,0,0,344,-1,0,1,0,0,0,0,503,526,580,400,496
b8-16-k15-x560-g580,39,1,344,233,0,0,0,0,344,-1,0,1,0,0,0,0,503,526,580,400,496
b8-16-k15-x560-g580,40,0,344,233,0,0,0,0,344,-1,0,1,0,0,0,0,503,526,580,400,496
b8-16-k16-x540-g560,1,1,0,0,0,0,0,0,0,-1,0,-1,-1,0,0,0,500,540,560,500,500
b8-16-k16-x540-g560,2,0,0,65,0,0,0,0,0,-1,0,-1,-1,0,0,0,500,542,560,500,500
b8-16-k16-x540-g560,3,1,0,65,0,0,0,0,0,-1,0,-1,-1,0,0,0,500,544,560,500,500
b8-16-k16-x540-g560,4,0,0,61,0,0,0,0,0,-1,0,-1,-1,0,0,0,500,546,560,500,500
b8-16-k16-x540-g560,5,1,0,61,3,1,1,0,0,-1,0,-1,-1,0,0,0,500,548,560,500,498
b8-16-k16-x540-g560,6,0,1,61,2,0,0,0,0,-1,0,-1,-1,0,0,0,500,548,560,500,498
b8-16-k16-x540-g560,7,1,1,61,1,0,0,0,1,-1,0,-1,-1,0,0,0,500,548,560,500,498
b8-16-k16-x540-g560,8,0,1,61,0,0,0,0,1,-1,0,-1,-1,0,0,0,500,548,560,500,498
b8-16-k16-x540-g560,9,1,1,62,0,0,0,0,1,-1,0,-1,-1,0,0,0,500,550,560,500,498
b8-16-k16-x540-g560,10,0,1,62,0,0,0,0,1,-1,0,-1,-1,0,0,0,500,551,560,500,498
b8-16-k16-x540-g560,11,1,1,63,0,0,0,0,1,-1,0,-1,-1,0,0,0,500,551,560,500,498
b8-16-k16-x540-g560,12,0,2,66,0,0,0,0,1,-1,0,-1,-1,0,0,0,500,553,560,500,498
b8-16-k16-x540-g560,13,1,2,66,0,0,0,0,2,-1,0,-1,-1,0,0,0,500,555,560,500,498
b8-16-k16-x540-g560,14,0,2,67,0,0,0,0,2,-1,0,-1,-1,0,0,0,500,557,560,500,498
b8-16-k16-x540-g560,15,1,2,68,0,0,0,0,2,-1,0,-1,-1,0,0,0,500,558,560,500,498
b8-16-k16-x540-g560,16,0,60,68,3,1,1,0,60,-1,0,-1,-1,0,0,0,501,558,560,500,496
b8-16-k16-x540-g560,17,1,60,68,2,0,0,0,60,-1,0,-1,-1,0,0,0,502,558,560,500,496
b8-16-k16-x540-g560,18,0,320,68,1,0,0,0,320,-1,0,-1,-1,0,0,0,502,558,560,500,496
b8-16-k16-x540-g560,19,1,321,68,0,0,0,0,320,-1,0,-1,-1,0,0,0,502,558,560,500,496
b8-16-k16-x540-g560,20,0,322,69,0,0,0,0,321,-1,0,-1,-1,0,0,0,502,558,560,500,496
b8-16-k16-x540-g560,21,1,336,132,0,0,0,1,336,132,0,1,0,1,1,0,522,554,560,500,496
b8-16-k16-x540-g560,22,0,337,132,0,0,0,0,336,132,0,1,0,1,1,0,522,554,560,500,496
b8-16-k16-x540-g560,23,1,337,132,0,0,0,0,337,132,0,1,0,1,1,0,522,536,560,500,496
b8-16-k16-x540-g560,24,0,338,132,0,0,0,0,337,132,0,1,0,1,1,0,522,536,560,500,496
b8-16-k16-x540-g560,25,1,339,132,0,0,0,0,338,132,0,1,0,1,1,0,522,531,560,500,496
b8-16-k16-x540-g560,26,0,340,132,0,0,0,0,339,132,0,1,0,1,1,0,522,536,560,500,496
b8-16-k16-x540-g560,27,1,341,136,0,0,0,0,340,136,0,1,0,1,1,0,522,536,560,500,496
b8-16-k16-x540-g560,28,0,341,137,0,0,0,0,341,137,0,1,0,1,1,0,522,544,560,500,496
b8-16-k16-x540-g560,29,1,342,137,0,0,0,0,341,137,0,1,0,1,1,0,522,544,560,500,496
b8-16-k16-x540-g560,30,0,342,137,-3,0,0,0,342,137,0,1,0,1,1,0,522,545,560,400,496
b8-16-k16-x540-g560,31,1,342,137,-2,0,0,0,342,137,0,1,0,1,1,0,522,545,560,400,496
b8-16-k16-x540-g560,32,0,343,137,-1,0,0,0,342,137,0,1,0,1,1,0,522,545,560,400,496
b8-16-k16-x540-g560,33,1,344,233,0,0,0,0,343,232,0,1,0,1,0,0,522,545,560,400,496
b8-16-k16-x540-g560,34,0,344,233,0,0,0,0,344,-1,0,1,0,0,0,0,522,545,560,400,496
b8-16-k16-x540-g560,35,1,344,233,0,0,0,0,344,-1,0,1,0,0,0,0,522,545,560,400,496
b8-16-k16-x540-g560,36,0,344,233,0,0,0,0,344,-1,0,1,0,0,0,0,522,545,560,400,496
b8-16-k16-x540-g560,37,1,344,233,0,0,0,0,344,-1,0,1,0,0,0,0,522,545,560,400,496
b8-16-k16-x540-g560,38,0,344,233,0,0,0,0,344,-1,0,1,0,0,0,0,522,545,560,400,496
b8-16-k16-x540-g560,39,1,345,233,0,0,0,0,344,-1,0,1,0,0,0,0,522,545,560,400,496
b8-16-k16-x540-g560,40,0,345,233,0,0,0,0,345,-1,0,1,0,0,0,0,522,545,560,400,496
b8-16-k16-x560-g580,1,1,0,0,0,0,0,0,0,-1,0,-1,-1,0,0,0,500,560,580,500,500
b8-16-k16-x560-g580,2,0,0,65,0,0,0,0,0,-1,0,-1,-1,0,0,0,500,562,580,500,500
b8-16-k16-x560-g580,3,1,0,65,0,0,0,0,0,-1,0,-1,-1,0,0,0,500,564,580,500,500
b8-16-k16-x560-g580,4,0,0,61,0,0,0,0,0,-1,0,-1,-1,0,0,0,500,566,580,500,500
b8-16-k16-x560-g580,5,1,0,61,3,1,1,0,0,-1,0,-1,-1,0,0,0,500,568,580,500,498
b8-16-k16-x560-g580,6,0,1,61,2,0,0,0,0,-1,0,-1,-1,0,0,0,500,568,580,500,498
b8-16-k16-x560-g580,7,1,1,61,1,0,0,0,1,-1,0,-1,-1,0,0,0,500,568,580,500,498
b8-16-k16-x560-g580,8,0,1,61,0,0,0,0,1,-1,0,-1,-1,0,0,0,500,568,580,500,498
b8-16-k16-x560-g580,9,1,1,62,0,0,0,0,1,-1,0,-1,-1,0,0,0,500,570,580,500,498
b8-16-k16-x560-g580,10,0,1,62,0,0,0,0,1,-1,0,-1,-1,0,0,0,500,571,580,500,498
b8-16-k16-x560-g580,11,1,1,63,0,0,0,0,1,-1,0,-1,-1,0,0,0,500,571,580,500,498
b8-16-k16-x560-g580,12,0,2,66,0,0,0,0,1,-1,0,-1,-1,0,0,0,500,573,580,500,498
b8-16-k16-x560-g580,13,1,2,66,0,0,0,0,2,-1,0,-1,-1,0,0,0,500,575,580,500,498
b8-16-k16-x560-g580,14,0,2,67,0,0,0,0,2,-1,0,-1,-1,0,0,0,500,577,580,500,498
b8-16-k16-x560-g580,15,1,2,68,0,0,0,0,2,-1,0,-1,-1,0,0,0,500,578,580,500,498
b8-16-k16-x560-g580,16,0,60,68,3,1,1,0,60,-1,0,-1,-1,0,0,0,501,578,580,500,496
b8-16-k16-x560-g580,17,1,60,68,2,0,0,0,60,-1,0,-1,-1,0,0,0,502,578,580,500,496
b8-16-k16-x560-g580,18,0,320,68,1,0,0,0,320,-1,0,-1,-1,0,0,0,502,578,580,500,496
b8-16-k16-x560-g580,19,1,321,68,0,0,0,0,320,-1,0,-1,-1,0,0,0,502,578,580,500,496
b8-16-k16-x560-g580,20,0,322,69,0,0,0,0,321,-1,0,-1,-1,0,0,0,502,578,580,500,496
b8-16-k16-x560-g580,21,1,323,69,0,0,0,0,322,-1,0,-1,-1,0,0,0,502,578,580,500,496
b8-16-k16-x560-g580,22,0,335,132,0,0,0,1,335,132,0,1,0,1,1,0,503,593,580,500,496
b8-16-k16-x560-g580,23,1,336,132,0,0,0,0,335,132,0,1,0,1,1,0,503,593,580,500,496
b8-16-k16-x560-g580,24,0,336,132,0,0,0,0,336,132,0,1,0,1,1,0,503,535,580,500,496
b8-16-k16-x560-g580,25,1,337,132,0,0,0,0,336,132,0,1,0,1,1,0,503,535,580,500,496
b8-16-k16-x560-g580,26,0,337,132,0,0,0,0,337,132,0,1,0,1,1,0,503,517,580,500,496
b8-16-k16-x560-g580,27,1,338,132,0,0,0,0,337,132,0,1,0,1,1,0,503,517,580,500,496
b8-16-k16-x560-g580,28,0,339,132,0,0,0,0,338,132,0,1,0,1,1,0,503,512,580,500,496
b8-16-k16-x560-g580,29,1,340,132,0,0,0,0,339,132,0,1,0,1,1,0,503,517,580,500,496
b8-16-k16-x560-g580,30,0,341,136,0,0,0,0,340,136,0,1,0,1,1,0,503,517,580,500,496
b8-16-k16-x560-g580,31,1,341,137,0,0,0,0,341,137,0,1,0,1,1,0,503,525,580,500,496
b8-16-k16-x560-g580,32,0,342,137,0,0,0,0,341,137,0,1,0,1,1,0,503,525,580,500,496
b8-16-k16-x560-g580,33,1,342,137,-3,0,0,0,342,137,0,1,0,1,1,0,503,526,580,400,496
b8-16-k16-x560-g580,34,0,342,137,-2,0,0,0,342,137,0,1,0,1,1,0,503,526,580,400,496
b8-16-k16-x560-g580,35,1,343,137,-1,0,0,0,342,137,0,1,0,1,1,0,503,526,580,400,496
b8-16-k16-x560-g580,36,0,344,233,0,0,0,0,343,232,0,1,0,1,0,0,503,526,580,400,496
b8-16-k16-x560-g580,37,1,344,233,0,0,0,0,344,-1,0,1,0,0,0,0,503,526,580,400,496
b8-16-k16-x560-g580,38,0,344,233,0,0,0,0,344,-1,0,1,0,0,0,0,503,526,580,400,496
b8-16-k16-x560-g580,39,1,344,233,0,0,0,0,344,-1,0,1,0,0,0,0,503,526,580,400,496
b8-16-k16-x560-g580,40,0,344,233,0,0,0,0,344,-1,0,1,0,0,0,0,503,526,580,400,496
b8-16-k17-x540-g560,1,1,0,0,0,0,0,0,0,-1,0,-1,-1,0,0,0,500,540,560,500,500
b8-16-k17-x540-g560,2,0,0,65,0,0,0,0,0,-1,0,-1,-1,0,0,0,500,542,560,500,500
b8-16-k17-x540-g560,3,1,0,65,0,0,0,0,0,-1,0,-1,-1,0,0,0,500,544,560,500,500
b8-16-k17-x540-g560,4,0,0,61,0,0,0,0,0,-1,0,-1,-1,0,0,0,500,546,560,500,500
b8-16-k17-x540-g560,5,1,0,61,3,1,1,0,0,-1,0,-1,-1,0,0,0,500,548,560,500,498
b8-16-k17-x540-g560,6,0,1,61,2,0,0,0,0,-1,0,-1,-1,0,0,0,500,548,560,500,498
b8-16-k17-x540-g560,7,1,1,61,1,0,0,0,1,-1,0,-1,-1,0,0,0,500,548,560,500,498
b8-16-k17-x540-g560,8,0,1,61,0,0,0,0,1,-1,0,-1,-1,0,0,0,500,548,560,500,498
b8-16-k17-x540-g560,9,1,1,62,0,0,0,0,1,-1,0,-1,-1,0,0,0,500,550,560,500,498
b8-16-k17-x540-g560,10,0,1,62,0,0,0,0,1,-1,0,-1,-1,0,0,0,500,551,560,500,498
b8-16-k17-x540-g560,11,1,1,63,0,0,0,0,1,-1,0,-1,-1,0,0,0,500,551,560,500,498
b8-16-k17-x540-g560,12,0,2,66,0,0,0,0,1,-1,0,-1,-1,0,0,0,500,553,560,500,498
b8-16-k17-x540-g560,13,1,2,66,0,0,0,0,2,-1,0,-1,-1,0,0,0,500,555,560,500,498
b8-16-k17-x540-g560,14,0,2,67,0,0,0,0,2,-1,0,-1,-1,0,0,0,500,557,560,500,498
b8-16-k17-x540-g560,15,1,2,68,0,0,0,0,2,-1,0,-1,-1,0,0,0,500,558,560,500,498
b8-16-k17-x540-g560,16,0,2,68,3,1,1,0,2,-1,0,-1,-1,0,0,0,500,558,560,500,496
b8-16-k17-x540-g560,17,1,2,68,2,0,0,0,2,-1,0,-1,-1,0,0,0,500,558,560,500,496
b8-16-k17-x540-g560,18,0,60,68,1,0,0,0,60,-1,0,-1,-1,0,0,0,501,558,560,500,496
b8-16-k17-x540-g560,19,1,60,68,0,0,0,0,60,-1,0,-1,-1,0,0,0,502,558,560,500,496
b8-16-k17-x540-g560,20,0,320,69,0,0,0,0,320,-1,0,-1,-1,0,0,0,502,558,560,500,496
b8-16-k17-x540-g560,21,1,321,69,0,0,0,0,320,-1,0,-1,-1,0,0,0,502,558,560,500,496
b8-16-k17-x540-g560,22,0,322,69,0,0,0,0,321,-1,0,-1,-1,0,0,0,502,558,560,500,496
b8-16-k17-x540-g560,23,1,336,132,0,0,0,1,336,132,0,1,0,1,1,0,522,554,560,500,496
b8-16-k17-x540-g560,24,0,337,132,0,0,0,0,336,132,0,1,0,1,1,0,522,554,560,500,496
b8-16-k17-x540-g560,25,1,337,132,0,0,0,0,337,132,0,1,0,1,1,0,522,536,560,500,496
b8-16-k17-x540-g560,26,0,338,132,0,0,0,0,337,132,0,1,0,1,1,0,522,536,560,500,496
b8-16-k17-x540-g560,27,1,339,132,0,0,0,0,338,132,0,1,0,1,1,0,522,531,560,500,496
b8-16-k17-x540-g560,28,0,340,132,0,0,0,0,339,132,0,1,0,1,1,0,522,536,560,500,496
b8-16-k17-x540-g560,29,1,341,136,0,0,0,0,340,136,0,1,0,1,1,0,522,536,560,500,496
b8-16-k17-x540-g560,30,0,341,137,0,0,0,0,341,137,0,1,0,1,1,0,522,544,560,500,496
b8-16-k17-x540-g560,31,1,342,137,0,0,0,0,341,137,0,1,0,1,1,0,522,544,560,500,496
b8-16-k17-x540-g560,32,0,342,137,-3,0,0,0,342,137,0,1,0,1,1,0,522,545,560,400,496
b8-16-k17-x540-g560,33,1,342,137,-2,0,0,0,342,137,0,1,0,1,1,0,522,545,560,400,496
b8-16-k17-x540-g560,34,0,343,137,-1,0,0,0,342,137,0,1,0,1,1,0,522,545,560,400,496
b8-16-k17-x540-g560,35,1,344,233,0,0,0,0,343,232,0,1,0,1,0,0,522,545,560,400,496
b8-16-k17-x540-g560,36,0,344,233,0,0,0,0,344,-1,0,1,0,0,0,0,522,545,560,400,496
b8-16-k17-x540-g560,37,1,344,233,0,0,0,0,344,-1,0,1,0,0,0,0,522,545,560,400,496
b8-16-k17-x540-g560,38,0,344,233,0,0,0,0,344,-1,0,1,0,0,0,0,522,545,560,400,496
b8-16-k17-x540-g560,39,1,344,233,0,0,0,0,344,-1,0,1,0,0,0,0,522,545,560,400,496
b8-16-k17-x540-g560,40,0,344,233,0,0,0,0,344,-1,0,1,0,0,0,0,522,545,560,400,496
b8-16-k17-x560-g580,1,1,0,0,0,0,0,0,0,-1,0,-1,-1,0,0,0,500,560,580,500,500
b8-16-k17-x560-g580,2,0,0,65,0,0,0,0,0,-1,0,-1,-1,0,0,0,500,562,580,500,500
b8-16-k17-x560-g580,3,1,0,65,0,0,0,0,0,-1,0,-1,-1,0,0,0,500,564,580,500,500
b8-16-k17-x560-g580,4,0,0,61,0,0,0,0,0,-1,0,-1,-1,0,0,0,500,566,580,500,500
b8-16-k17-x560-g580,5,1,0,61,3,1,1,0,0,-1,0,-1,-1,0,0,0,500,568,580,500,498
b8-16-k17-x560-g580,6,0,1,61,2,0,0,0,0,-1,0,-1,-1,0,0,0,500,568,580,500,498
b8-16-k17-x560-g580,7,1,1,61,1,0,0,0,1,-1,0,-1,-1,0,0,0,500,568,580,500,498
b8-16-k17-x560-g580,8,0,1,61,0,0,0,0,1,-1,0,-1,-1,0,0,0,500,568,580,500,498
b8-16-k17-x560-g580,9,1,1,62,0,0,0,0,1,-1,0,-1,-1,0,0,0,500,570,580,500,498
b8-16-k17-x560-g580,10,0,1,62,0,0,0,0,1,-1,0,-1,-1,0,0,0,500,571,580,500,498
b8-16-k17-x560-g580,11,1,1,63,0,0,0,0,1,-1,0,-1,-1,0,0,0,500,571,580,500,498
b8-16-k17-x560-g580,12,0,2,66,0,0,0,0,1,-1,0,-1,-1,0,0,0,500,573,580,500,498
b8-16-k17-x560-g580,13,1,2,66,0,0,0,0,2,-1,0,-1,-1,0,0,0,500,575,580,500,498
b8-16-k17-x560-g580,14,0,2,67,0,0,0,0,2,-1,0,-1,-1,0,0,0,500,577,580,500,498
b8-16-k17-x560-g580,15,1,2,68,0,0,0,0,2,-1,0,-1,-1,0,0,0,500,578,580,500,498
b8-16-k17-x560-g580,16,0,2,68,3,1,1,0,2,-1,0,-1,-1,0,0,0,500,578,580,500,496
b8-16-k17-x560-g580,17,1,2,68,2,0,0,0,2,-1,0,-1,-1,0,0,0,500,578,580,500,496
b8-16-k17-x560-g580,18,0,60,68,1,0,0,0,60,-1,0,-1,-1,0,0,0,501,578,580,500,496
b8-16-k17-x560-g580,19,1,60,68,0,0,0,0,60,-1,0,-1,-1,0,0,0,502,578,580,500,496
b8-16-k17-x560-g580,20,0,320,69,0,0,0,0,320,-1,0,-1,-1,0,0,0,502,578,580,500,496
b8-16-k17-x560-g580,21,1,321,69,0,0,0,0,320,-1,0,-1,-1,0,0,0,502,578,580,500,496
b8-16-k17-x560-g580,22,0,322,69,0,0,0,0,321,-1,0,-1,-1,0,0,0,502,578,580,500,496
b8-16-k17-x560-g580,23,1,323,3,0,0,0,0,322,-1,0,-1,-1,0,0,0,502,578,580,500,496
b8-16-k17-x560-g580,24,0,335,132,0,0,0,1,335,132,0,1,0,1,1,0,503,593,580,500,496
b8-16-k17-x560-g580,25,1,336,132,0,0,0,0,335,132,0,1,0,1,1,0,503,593,580,500,496
b8-16-k17-x560-g580,26,0,336,132,0,0,0,0,336,132,0,1,0,1,1,0,503,535,580,500,496
b8-16-k17-x560-g580,27,1,337,132,0,0,0,0,336,132,0,1,0,1,1,0,503,535,580,500,496
b8-16-k17-x560-g580,28,0,337,132,0,0,0,0,337,132,0,1,0,1,1,0,503,517,580,500,496
b8-16-k17-x560-g580,29,1,338,132,0,0,0,0,337,132,0,1,0,1,1,0,503,517,580,500,496
b8-16-k17-x560-g580,30,0,339,132,0,0,0,0,338,132,0,1,0,1,1,0,503,512,580,500,496
b8-16-k17-x560-g580,31,1,340,132,0,0,0,0,339,132,0,1,0,1,1,0,503,517,580,500,496
b8-16-k17-x560-g580,32,0,341,136,0,0,0,0,340,136,0,1,0,1,1,0,503,517,580,500,496
b8-16-k17-x560-g580,33,1,341,137,0,0,0,0,341,137,0,1,0,1,1,0,503,525,580,500,496
b8-16-k17-x560-g580,34,0,342,137,0,0,0,0,341,137,0,1,0,1,1,0,503,525,580,500,496
b8-16-k17-x560-g580,35,1,342,137,-3,0,0,0,342,137,0,1,0,1,1,0,503,526,580,400,496
b8-16-k17-x560-g580,36,0,342,137,-2,0,0,0,342,137,0,1,0,1,1,0,503,526,580,400,496
b8-16-k17-x560-g580,37,1,343,137,-1,0,0,0,342,137,0,1,0,1,1,0,503,526,580,400,496
b8-16-k17-x560-g580,38,0,344,233,0,0,0,0,343,232,0,1,0,1,0,0,503,526,580,400,496
b8-16-k17-x560-g580,39,1,344,233,0,0,0,0,344,-1,0,1,0,0,0,0,503,526,580,400,496
b8-16-k17-x560-g580,40,0,344,233,0,0,0,0,344,-1,0,1,0,0,0,0,503,526,580,400,496
b8-16-k18-x540-g560,1,1,0,0,0,0,0,0,0,-1,0,-1,-1,0,0,0,500,540,560,500,500
b8-16-k18-x540-g560,2,0,0,65,0,0,0,0,0,-1,0,-1,-1,0,0,0,500,542,560,500,500
b8-16-k18-x540-g560,3,1,0,65,0,0,0,0,0,-1,0,-1,-1,0,0,0,500,544,560,500,500
b8-16-k18-x540-g560,4,0,0,61,0,0,0,0,0,-1,0,-1,-1,0,0,0,500,546,560,500,500
b8-16-k18-x540-g560,5,1,0,61,3,1,1,0,0,-1,0,-1,-1,0,0,0,500,548,560,500,498
b8-16-k18-x540-g560,6,0,1,61,2,0,0,0,0,-1,0,-1,-1,0,0,0,500,548,560,500,498
b8-16-k18-x540-g560,7,1,1,61,1,0,0,0,1,-1,0,-1,-1,0,0,0,500,548,560,500,498
b8-16-k18-x540-g560,8,0,1,61,0,0,0,0,1,-1,0,-1,-1,0,0,0,500,548,560,500,498
b8-16-k18-x540-g560,9,1,1,62,0,0,0,0,1,-1,0,-1,-1,0,0,0,500,550,560,500,498
b8-16-k18-x540-g560,10,0,1,62,0,0,0,0,1,-1,0,-1,-1,0,0,0,500,551,560,500,498
b8-16-k18-x540-g560,11,1,1,63,0,0,0,0,1,-1,0,-1,-1,0,0,0,500,551,560,500,498
b8-16-k18-x540-g560,12,0,2,66,0,0,0,0,1,-1,0,-1,-1,0,0,0,500,553,560,500,498
b8-16-k18-x540-g560,13,1,2,66,0,0,0,0,2,-1,0,-1,-1,0,0,0,500,555,560,500,498
b8-16-k18-x540-g560,14,0,2,67,0,0,0,0,2,-1,0,-1,-1,0,0,0,500,557,560,500,498
b8-16-k18-x540-g560,15,1,2,68,0,0,0,0,2,-1,0,-1,-1,0,0,0,500,558,560,500,498
b8-16-k18-x540-g560,16,0,2,68,3,1,1,0,2,-1,0,-1,-1,0,0,0,500,558,560,500,496
b8-16-k18-x540-g560,17,1,2,68,2,0,0,0,2,-1,0,-1,-1,0,0,0,500,558,560,500,496
b8-16-k18-x540-g560,18,0,60,68,1,0,0,0,60,-1,0,-1,-1,0,0,0,501,558,560,500,496
b8-16-k18-x540-g560,19,1,60,68,0,0,0,0,60,-1,0,-1,-1,0,0,0,502,558,560,500,496
b8-16-k18-x540-g560,20,0,320,69,0,0,0,0,320,-1,0,-1,-1,0,0,0,502,558,560,500,496
b8-16-k18-x540-g560,21,1,321,69,0,0,0,0,320,-1,0,-1,-1,0,0,0,502,558,560,500,496
b8-16-k18-x540-g560,22,0,322,69,0,0,0,0,321,-1,0,-1,-1,0,0,0,502,558,560,500,496
b8-16-k18-x540-g560,23,1,336,132,0,0,0,1,336,132,0,1,0,1,1,0,522,554,560,500,496
b8-16-k18-x540-g560,24,0,337,132,0,0,0,0,336,132,0,1,0,1,1,0,522,554,560,500,496
b8-16-k18-x540-g560,25,1,337,132,0,0,0,0,337,132,0,1,0,1,1,0,522,536,560,500,496
b8-16-k18-x540-g560,26,0,338,132,0,0,0,0,337,132,0,1,0,1,1,0,522,536,560,500,496
b8-16-k18-x540-g560,27,1,339,132,0,0,0,0,338,132,0,1,0,1,1,0,522,531,560,500,496
b8-16-k18-x540-g560,28,0,340,132,0,0,0,0,339,132,0,1,0,1,1,0,522,536,560,500,496
b8-16-k18-x540-g560,29,1,341,136,0,0,0,0,340,136,0,1,0,1,1,0,522,536,560,500,496
b8-16-k18-x540-g560,30,0,341,137,0,0,0,0,341,137,0,1,0,1,1,0,522,544,560,500,496
b8-16-k18-x540-g560,31,1,342,137,0,0,0,0,341,137,0,1,0,1,1,0,522,544,560,500,496
b8-16-k18-x540-g560,32,0,342,137,-3,0,0,0,342,137,0,1,0,1,1,0,522,545,560,400,496
b8-16-k18-x540-g560,33,1,342,137,-2,0,0,0,342,137,0,1,0,1,1,0,522,545,560,400,496
b8-16-k18-x540-g560,34,0,343,137,-1,0,0,0,342,137,0,1,0,1,1,0,522,545,560,400,496
b8-16-k18-x540-g560,35,1,344,233,0,0,0,0,343,232,0,1,0,1,0,0,522,545,560,400,496
b8-16-k18-x540-g560,36,0,344,233,0,0,0,0,344,-1,0,1,0,0,0,0,522,545,560,400,496
b8-16-k18-x540-g560,37,1,344,233,0,0,0,0,344,-1,0,1,0,0,0,0,522,545,560,400,496
b8-16-k18-x540-g560,38,0,344,233,0,0,0,0,344,-1,0,1,0,0,0,0,522,545,560,400,496
b8-16-k18-x540-g560,39,1,344,233,0,0,0,0,344,-1,0,1,0,0,0,0,522,545,560,400,496
b8-16-k18-x540-g560,40,0,344,233,0,0,0,0,344,-1,0,1,0,0,0,0,522,545,560,400,496
b8-16-k18-x560-g580,1,1,0,0,0,0,0,0,0,-1,0,-1,-1,0,0,0,500,560,580,500,500
b8-16-k18-x560-g580,2,0,0,65,0,0,0,0,0,-1,0,-1,-1,0,0,0,500,562,580,500,500
b8-16-k18-x560-g580,3,1,0,65,0,0,0,0,0,-1,0,-1,-1,0,0,0,500,564,580,500,500
b8-16-k18-x560-g580,4,0,0,61,0,0,0,0,0,-1,0,-1,-1,0,0,0,500,566,580,500,500
b8-16-k18-x560-g580,5,1,0,61,3,1,1,0,0,-1,0,-1,-1,0,0,0,500,568,580,500,498
b8-16-k18-x560-g580,6,0,1,61,2,0,0,0,0,-1,0,-1,-1,0,0,0,500,568,580,500,498
b8-16-k18-x560-g580,7,1,1,61,1,0,0,0,1,-1,0,-1,-1,0,0,0,500,568,580,500,498
b8-16-k18-x560-g580,8,0,1,61,0,0,0,0,1,-1,0,-1,-1,0,0,0,500,568,580,500,498
b8-16-k18-x560-g580,9,1,1,62,0,0,0,0,1,-1,0,-1,-1,0,0,0,500,570,580,500,498
b8-16-k18-x560-g580,10,0,1,62,0,0,0,0,1,-1,0,-1,-1,0,0,0,500,571,580,500,498
b8-16-k18-x560-g580,11,1,1,63,0,0,0,0,1,-1,0,-1,-1,0,0,0,500,571,580,500,498
b8-16-k18-x560-g580,12,0,2,66,0,0,0,0,1,-1,0,-1,-1,0,0,0,500,573,580,500,498
b8-16-k18-x560-g580,13,1,2,66,0,0,0,0,2,-1,0,-1,-1,0,0,0,500,575,580,500,498
b8-16-k18-x560-g580,14,0,2,67,0,0,0,0,2,-1,0,-1,-1,0,0,0,500,577,580,500,498
b8-16-k18-x560-g580,15,1,2,68,0,0,0,0,2,-1,0,-1,-1,0,0,0,500,578,580,500,498
b8-16-k18-x560-g580,16,0,2,68,3,1,1,0,2,-1,0,-1,-1,0,0,0,500,578,580,500,496
b8-16-k18-x560-g580,17,1,2,68,2,0,0,0,2,-1,0,-1,-1,0,0,0,500,578,580,500,496
b8-16-k18-x560-g580,18,0,60,68,1,0,0,0,60,-1,0,-1,-1,0,0,0,501,578,580,500,496
b8-16-k18-x560-g580,19,1,60,68,0,0,0,0,60,-1,0,-1,-1,0,0,0,502,578,580,500,496
b8-16-k18-x560-g580,20,0,320,69,0,0,0,0,320,-1,0,-1,-1,0,0,0,502,578,580,500,496
b8-16-k18-x560-g580,21,1,321,69,0,0,0,0,320,-1,0,-1,-1,0,0,0,502,578,580,500,496
b8-16-k18-x560-g580,22,0,322,69,0,0,0,0,321,-1,0,-1,-1,0,0,0,502,578,580,500,496
b8-16-k18-x560-g580,23,1,323,3,0,0,0,0,322,-1,0,-1,-1,0,0,0,502,578,580,500,496
b8-16-k18-x560-g580,24,0,335,132,0,0,0,1,335,132,0,1,0,1,1,0,503,593,580,500,496
b8-16-k18-x560-g580,25,1,336,132,0,0,0,0,335,132,0,1,0,1,1,0,503,593,580,500,496
b8-16-k18-x560-g580,26,0,336,132,0,0,0,0,336,132,0,1,0,1,1,0,503,535,580,500,496
b8-16-k18-x560-g580,27,1,337,132,0,0,0,0,336,132,0,1,0,1,1,0,503,535,580,500,496
b8-16-k18-x560-g580,28,0,337,132,0,0,0,0,337,132,0,1,0,1,1,0,503,517,580,500,496
b8-16-k18-x560-g580,29,1,338,132,0,0,0,0,337,132,0,1,0,1,1,0,503,517,580,500,496
b8-16-k18-x560-g580,30,0,339,132,0,0,0,0,338,132,0,1,0,1,1,0,503,512,580,500,496
b8-16-k18-x560-g580,31,1,340,132,0,0,0,0,339,132,0,1,0,1,1,0,503,517,580,500,496
b8-16-k18-x560-g580,32,0,341,136,0,0,0,0,340,136,0,1,0,1,1,0,503,517,580,500,496
b8-16-k18-x560-g580,33,1,341,137,0,0,0,0,341,137,0,1,0,1,1,0,503,525,580,500,496
b8-16-k18-x560-g580,34,0,342,137,0,0,0,0,341,137,0,1,0,1,1,0,503,525,580,500,496
b8-16-k18-x560-g580,35,1,342,137,-3,0,0,0,342,137,0,1,0,1,1,0,503,526,580,400,496
b8-16-k18-x560-g580,36,0,342,137,-2,0,0,0,342,137,0,1,0,1,1,0,503,526,580,400,496
b8-16-k18-x560-g580,37,1,343,137,-1,0,0,0,342,137,0,1,0,1,1,0,503,526,580,400,496
b8-16-k18-x560-g580,38,0,344,233,0,0,0,0,343,232,0,1,0,1,0,0,503,526,580,400,496
b8-16-k18-x560-g580,39,1,344,233,0,0,0,0,344,-1,0,1,0,0,0,0,503,526,580,400,496
b8-16-k18-x560-g580,40,0,344,233,0,0,0,0,344,-1,0,1,0,0,0,0,503,526,580,400,496
b8-16-k19-x540-g560,1,1,0,0,0,0,0,0,0,-1,0,-1,-1,0,0,0,500,540,560,500,500
b8-16-k19-x540-g560,2,0,0,65,0,0,0,0,0,-1,0,-1,-1,0,0,0,500,542,560,500,500
b8-16-k19-x540-g560,3,1,0,65,0,0,0,0,0,-1,0,-1,-1,0,0,0,500,544,560,500,500
b8-16-k19-x540-g560,4,0,0,61,0,0,0,0,0,-1,0,-1,-1,0,0,0,500,546,560,500,500
b8-16-k19-x540-g560,5,1,0,61,3,1,1,0,0,-1,0,-1,-1,0,0,0,500,548,560,500,498
b8-16-k19-x540-g560,6,0,1,61,2,0,0,0,0,-1,0,-1,-1,0,0,0,500,548,560,500,498
b8-16-k19-x540-g560,7,1,1,61,1,0,0,0,1,-1,0,-1,-1,0,0,0,500,548,560,500,498
b8-16-k19-x540-g560,8,0,1,61,0,0,0,0,1,-1,0,-1,-1,0,0,0,500,548,560,500,498
b8-16-k19-x540-g560,9,1,1,62,0,0,0,0,1,-1,0,-1,-1,0,0,0,500,550,560,500,498
b8-16-k19-x540-g560,10,0,1,62,0,0,0,0,1,-1,0,-1,-1,0,0,0,500,551,560,500,498
b8-16-k19-x540-g560,11,1,1,63,0,0,0,0,1,-1,0,-1,-1,0,0,0,500,551,560,500,498
b8-16-k19-x540-g560,12,0,2,66,0,0,0,0,1,-1,0,-1,-1,0,0,0,500,553,560,500,498
b8-16-k19-x540-g560,13,1,2,66,0,0,0,0,2,-1,0,-1,-1,0,0,0,500,555,560,500,498
b8-16-k19-x540-g560,14,0,2,67,0,0,0,0,2,-1,0,-1,-1,0,0,0,500,557,560,500,498
b8-16-k19-x540-g560,15,1,2,68,0,0,0,0,2,-1,0,-1,-1,0,0,0,500,558,560,500,498
b8-16-k19-x540-g560,16,0,2,68,3,1,1,0,2,-1,0,-1,-1,0,0,0,500,558,560,500,496
b8-16-k19-x540-g560,17,1,2,68,2,0,0,0,2,-1,0,-1,-1,0,0,0,500,558,560,500,496
b8-16-k19-x540-g560,18,0,3,68,1,0,0,0,2,-1,0,-1,-1,0,0,0,500,558,560,500,496
b8-16-k19-x540-g560,19,1,3,68,0,0,0,0,3,-1,0,-1,-1,0,0,0,500,558,560,500,496
b8-16-k19-x540-g560,20,0,60,69,0,0,0,0,60,-1,0,-1,-1,0,0,0,501,558,560,500,496
b8-16-k19-x540-g560,21,1,60,69,0,0,0,0,60,-1,0,-1,-1,0,0,0,502,558,560,500,496
b8-16-k19-x540-g560,22,0,320,69,0,0,0,0,320,-1,0,-1,-1,0,0,0,502,558,560,500,496
b8-16-k19-x540-g560,23,1,321,3,0,0,0,0,320,-1,0,-1,-1,0,0,0,502,558,560,500,496
b8-16-k19-x540-g560,24,0,322,3,0,0,0,0,321,-1,0,-1,-1,0,0,0,502,558,560,500,496
b8-16-k19-x540-g560,25,1,336,132,0,0,0,1,336,132,0,1,0,1,1,0,522,554,560,500,496
b8-16-k19-x540-g560,26,0,337,132,0,0,0,0,336,132,0,1,0,1,1,0,522,554,560,500,496
b8-16-k19-x540-g560,27,1,337,132,0,0,0,0,337,132,0,1,0,1,1,0,522,536,560,500,496
b8-16-k19-x540-g560,28,0,338,132,0,0,0,0,337,132,0,1,0,1,1,0,522,536,560,500,496
b8-16-k19-x540-g560,29,1,339,132,0,0,0,0,338,132,0,1,0,1,1,0,522,531,560,500,496
b8-16-k19-x540-g560,30,0,340,132,0,0,0,0,339,132,0,1,0,1,1,0,522,536,560,500,496
b8-16-k19-x540-g560,31,1,341,136,0,0,0,0,340,136,0,1,0,1,1,0,522,536,560,500,496
b8-16-k19-x540-g560,32,0,341,137,0,0,0,0,341,137,0,1,0,1,1,0,522,544,560,500,496
b8-16-k19-x540-g560,33,1,342,137,0,0,0,0,341,137,0,1,0,1,1,0,522,544,560,500,496
b8-16-k19-x540-g560,34,0,342,137,-3,0,0,0,342,137,0,1,0,1,1,0,522,545,560,400,496
b8-16-k19-x540-g560,35,1,342,137,-2,0,0,0,342,137,0,1,0,1,1,0,522,545,560,400,496
b8-16-k19-x540-g560,36,0,343,137,-1,0,0,0,342,137,0,1,0,1,1,0,522,545,560,400,496
b8-16-k19-x540-g560,37,1,344,233,0,0,0,0,343,232,0,1,0,1,0,0,522,545,560,400,496
b8-16-k19-x540-g560,38,0,344,233,0,0,0,0,344,-1,0,1,0,0,0,0,522,545,560,400,496
b8-16-k19-x540-g560,39,1,344,233,0,0,0,0,344,-1,0,1,0,0,0,0,522,545,560,400,496
b8-16-k19-x540-g560,40,0,344,233,0,0,0,0,344,-1,0,1,0,0,0,0,522,545,560,400,496
b8-16-k19-x560-g580,1,1,0,0,0,0,0,0,0,-1,0,-1,-1,0,0,0,500,560,580,500,500
b8-16-k19-x560-g580,2,0,0,65,0,0,0,0,0,-1,0,-1,-1,0,0,0,500,562,580,500,500
b8-16-k19-x560-g580,3,1,0,65,0,0,0,0,0,-1,0,-1,-1,0,0,0,500,564,580,500,500
b8-16-k19-x560-g580,4,0,0,61,0,0,0,0,0,-1,0,-1,-1,0,0,0,500,566,580,500,500
b8-16-k19-x560-g580,5,1,0,61,3,1,1,0,0,-1,0,-1,-1,0,0,0,500,568,580,500,498
b8-16-k19-x560-g580,6,0,1,61,2,0,0,0,0,-1,0,-1,-1,0,0,0,500,568,580,500,498
b8-16-k19-x560-g580,7,1,1,61,1,0,0,0,1,-1,0,-1,-1,0,0,0,500,568,580,500,498
b8-16-k19-x560-g580,8,0,1,61,0,0,0,0,1,-1,0,-1,-1,0,0,0,500,568,580,500,498
b8-16-k19-x560-g580,9,1,1,62,0,0,0,0,1,-1,0,-1,-1,0,0,0,500,570,580,500,498
b8-16-k19-x560-g580,10,0,1,62,0,0,0,0,1,-1,0,-1,-1,0,0,0,500,571,580,500,498
b8-16-k19-x560-g580,11,1,1,63,0,0,0,0,1,-1,0,-1,-1,0,0,0,500,571,580,500,498
b8-16-k19-x560-g580,12,0,2,66,0,0,0,0,1,-1,0,-1,-1,0,0,0,500,573,580,500,498
b8-16-k19-x560-g580,13,1,2,66,0,0,0,0,2,-1,0,-1,-1,0,0,0,500,575,580,500,498
b8-16-k19-x560-g580,14,0,2,67,0,0,0,0,2,-1,0,-1,-1,0,0,0,500,577,580,500,498
b8-16-k19-x560-g580,15,1,2,68,0,0,0,0,2,-1,0,-1,-1,0,0,0,500,578,580,500,498
b8-16-k19-x560-g580,16,0,2,68,3,1,1,0,2,-1,0,-1,-1,0,0,0,500,578,580,500,496
b8-16-k19-x560-g580,17,1,2,68,2,0,0,0,2,-1,0,-1,-1,0,0,0,500,578,580,500,496
b8-16-k19-x560-g580,18,0,3,68,1,0,0,0,2,-1,0,-1,-1,0,0,0,500,578,580,500,496
b8-16-k19-x560-g580,19,1,3,68,0,0,0,0,3,-1,0,-1,-1,0,0,0,500,578,580,500,496
b8-16-k19-x560-g580,20,0,60,69,0,0,0,0,60,-1,0,-1,-1,0,0,0,501,578,580,500,496
b8-16-k19-x560-g580,21,1,60,69,0,0,0,0,60,-1,0,-1,-1,0,0,0,502,578,580,500,496
b8-16-k19-x560-g580,22,0,320,69,0,0,0,0,320,-1,0,-1,-1,0,0,0,502,578,580,500,496
b8-16-k19-x560-g580,23,1,321,3,0,0,0,0,320,-1,0,-1,-1,0,0,0,502,578,580,500,496
b8-16-k19-x560-g580,24,0,322,3,0,0,0,0,321,-1,0,-1,-1,0,0,0,502,578,580,500,496
b8-16-k19-x560-g580,25,1,323,3,0,0,0,0,322,-1,0,-1,-1,0,0,0,502,578,580,500,496
b8-16-k19-x560-g580,26,0,335,132,0,0,0,1,335,132,0,1,0,1,1,0,503,593,580,500,496
b8-16-k19-x560-g580,27,1,336,132,0,0,0,0,335,132,0,1,0,1,1,0,503,593,580,500,496
b8-16-k19-x560-g580,28,0,336,132,0,0,0,0,336,132,0,1,0,1,1,0,503,535,580,500,496
b8-16-k19-x560-g580,29,1,337,132,0,0,0,0,336,132,0,1,0,1,1,0,503,535,580,500,496
b8-16-k19-x560-g580,30,0,337,132,0,0,0,0,337,132,0,1,0,1,1,0,503,517,580,500,496
b8-16-k19-x560-g580,31,1,338,132,0,0,0,0,337,132,0,1,0,1,1,0,503,517,580,500,496
b8-16-k19-x560-g580,32,0,339,132,0,0,0,0,338,132,0,1,0,1,1,0,503,512,580,500,496
b8-16-k19-x560-g580,33,1,340,132,0,0,0,0,339,132,0,1,0,1,1,0,503,517,580,500,496
b8-16-k19-x560-g580,34,0,341,136,0,0,0,0,340,136,0,1,0,1,1,0,503,517,580,500,496
b8-16-k19-x560-g580,35,1,341,137,0,0,0,0,341,137,0,1,0,1,1,0,503,525,580,500,496
b8-16-k19-x560-g580,36,0,342,137,0,0,0,0,341,137,0,1,0,1,1,0,503,525,580,500,496
b8-16-k19-x560-g580,37,1,342,137,-3,0,0,0,342,137,0,1,0,1,1,0,503,526,580,400,496
b8-16-k19-x560-g580,38,0,342,137,-2,0,0,0,342,137,0,1,0,1,1,0,503,526,580,400,496
b8-16-k19-x560-g580,39,1,343,137,-1,0,0,0,342,137,0,1,0,1,1,0,503,526,580,400,496
b8-16-k19-x560-g580,40,0,344,233,0,0,0,0,343,232,0,1,0,1,0,0,503,526,580,400,496
b9-16-k13-x540-g560,1,1,0,0,0,0,0,0,0,-1,0,-1,-1,0,0,0,500,540,560,500,500
b9-16-k13-x540-g560,2,0,0,65,0,0,0,0,0,-1,0,-1,-1,0,0,0,500,542,560,500,500
b9-16-k13-x540-g560,3,1,0,65,0,0,0,0,0,-1,0,-1,-1,0,0,0,500,544,560,500,500
b9-16-k13-x540-g560,4,0,0,61,0,0,0,0,0,-1,0,-1,-1,0,0,0,500,546,560,500,500
b9-16-k13-x540-g560,5,1,0,61,3,1,1,0,0,-1,0,-1,-1,0,0,0,500,548,560,500,498
b9-16-k13-x540-g560,6,0,1,61,2,0,0,0,0,-1,0,-1,-1,0,0,0,500,548,560,500,498
b9-16-k13-x540-g560,7,1,1,61,1,0,0,0,1,-1,0,-1,-1,0,0,0,500,548,560,500,498
b9-16-k13-x540-g560,8,0,1,61,0,0,0,0,1,-1,0,-1,-1,0,0,0,500,548,560,500,498
b9-16-k13-x540-g560,9,1,1,62,0,0,0,0,1,-1,0,-1,-1,0,0,0,500,550,560,500,498
b9-16-k13-x540-g560,10,0,1,62,0,0,0,0,1,-1,0,-1,-1,0,0,0,500,551,560,500,498
b9-16-k13-x540-g560,11,1,1,63,0,0,0,0,1,-1,0,-1,-1,0,0,0,500,551,560,500,498
b9-16-k13-x540-g560,12,0,2,66,0,0,0,0,1,-1,0,-1,-1,0,0,0,500,553,560,500,498
b9-16-k13-x540-g560,13,1,2,66,0,0,0,0,2,-1,0,-1,-1,0,0,0,500,555,560,500,498
b9-16-k13-x540-g560,14,0,60,67,0,0,0,0,60,-1,0,-1,-1,0,0,0,501,557,560,500,498
b9-16-k13-x540-g560,15,1,60,68,0,0,0,0,60,-1,0,-1,-1,0,0,0,502,558,560,500,498
b9-16-k13-x540-g560,16,0,320,68,3,1,1,0,320,-1,0,-1,-1,0,0,0,502,558,560,500,496
b9-16-k13-x540-g560,17,1,321,68,2,0,0,0,320,-1,0,-1,-1,0,0,0,502,558,560,500,496
b9-16-k13-x540-g560,18,0,322,68,1,0,0,0,321,-1,0,-1,-1,0,0,0,502,558,560,500,496
b9-16-k13-x540-g560,19,1,336,132,0,0,0,1,336,132,0,1,0,1,1,0,522,554,560,500,496
b9-16-k13-x540-g560,20,0,337,132,0,0,0,0,336,132,0,1,0,1,1,0,522,554,560,500,496
b9-16-k13-x540-g560,21,1,337,132,0,0,0,0,337,132,0,1,0,1,1,0,522,536,560,500,496
b9-16-k13-x540-g560,22,0,338,132,0,0,0,0,337,132,0,1,0,1,1,0,522,536,560,500,496
b9-16-k13-x540-g560,23,1,339,132,0,0,0,0,338,132,0,1,0,1,1,0,522,531,560,500,496
b9-16-k13-x540-g560,24,0,340,132,0,0,0,0,339,132,0,1,0,1,1,0,522,536,560,500,496
b9-16-k13-x540-g560,25,1,341,136,0,0,0,0,340,136,0,1,0,1,1,0,522,536,560,500,496
b9-16-k13-x540-g560,26,0,341,137,0,0,0,0,341,137,0,1,0,1,1,0,522,544,560,500,496
b9-16-k13-x540-g560,27,1,342,137,0,0,0,0,341,137,0,1,0,1,1,0,522,544,560,500,496
b9-16-k13-x540-g560,28,0,342,137,-3,0,0,0,342,137,0,1,0,1,1,0,522,545,560,400,496
b9-16-k13-x540-g560,29,1,342,137,-2,0,0,0,342,137,0,1,0,1,1,0,522,545,560,400,496
b9-16-k13-x540-g560,30,0,343,137,-1,0,0,0,342,137,0,1,0,1,1,0,522,545,560,400,496
b9-16-k13-x540-g560,31,1,344,233,0,0,0,0,343,232,0,1,0,1,0,0,522,545,560,400,496
b9-16-k13-x540-g560,32,0,344,233,0,0,0,0,344,-1,0,1,0,0,0,0,522,545,560,400,496
b9-16-k13-x540-g560,33,1,344,233,0,0,0,0,344,-1,0,1,0,0,0,0,522,545,560,400,496
b9-16-k13-x540-g560,34,0,344,233,0,0,0,0,344,-1,0,1,0,0,0,0,522,545,560,400,496
b9-16-k13-x540-g560,35,1,344,233,0,0,0,0,344,-1,0,1,0,0,0,0,522,545,560,400,496
b9-16-k13-x540-g560,36,0,344,233,0,0,0,0,344,-1,0,1,0,0,0,0,522,545,560,400,496
b9-16-k13-x540-g560,37,1,345,233,0,0,0,0,344,-1,0,1,0,0,0,0,522,545,560,400,496
b9-16-k13-x540-g560,38,0,345,233,0,0,0,0,345,-1,0,1,0,0,0,0,522,545,560,400,496
b9-16-k13-x540-g560,39,1,345,233,0,0,0,0,345,-1,0,1,0,0,0,0,522,545,560,400,496
b9-16-k13-x540-g560,40,0,345,233,0,0,0,0,345,-1,0,1,0,0,0,0,522,545,560,400,496
b9-16-k13-x560-g580,1,1,0,0,0,0,0,0,0,-1,0,-1,-1,0,0,0,500,560,580,500,500
b9-16-k13-x560-g580,2,0,0,65,0,0,0,0,0,-1,0,-1,-1,0,0,0,500,562,580,500,500
b9-16-k13-x560-g580,3,1,0,65,0,0,0,0,0,-1,0,-1,-1,0,0,0,500,564,580,500,500
b9-16-k13-x560-g580,4,0,0,61,0,0,0,0,0,-1,0,-1,-1,0,0,0,500,566,580,500,500
b9-16-k13-x560-g580,5,1,0,61,3,1,1,0,0,-1,0,-1,-1,0,0,0,500,568,580,500,498
b9-16-k13-x560-g580,6,0,1,61,2,0,0,0,0,-1,0,-1,-1,0,0,0,500,568,580,500,498
b9-16-k13-x560-g580,7,1,1,61,1,0,0,0,1,-1,0,-1,-1,0,0,0,500,568,580,500,498
b9-16-k13-x560-g580,8,0,1,61,0,0,0,0,1,-1,0,-1,-1,0,0,0,500,568,580,500,498
b9-16-k13-x560-g580,9,1,1,62,0,0,0,0,1,-1,0,-1,-1,0,0,0,500,570,580,500,498
b9-16-k13-x560-g580,10,0,1,62,0,0,0,0,1,-1,0,-1,-1,0,0,0,500,571,580,500,498
b9-16-k13-x560-g580,11,1,1,63,0,0,0,0,1,-1,0,-1,-1,0,0,0,500,571,580,500,498
b9-16-k13-x560-g580,12,0,2,66,0,0,0,0,1,-1,0,-1,-1,0,0,0,500,573,580,500,498
b9-16-k13-x560-g580,13,1,2,66,0,0,0,0,2,-1,0,-1,-1,0,0,0,500,575,580,500,498
b9-16-k13-x560-g580,14,0,60,67,0,0,0,0,60,-1,0,-1,-1,0,0,0,501,577,580,500,498
b9-16-k13-x560-g580,15,1,60,68,0,0,0,0,60,-1,0,-1,-1,0,0,0,502,578,580,500,498
b9-16-k13-x560-g580,16,0,320,68,3,1,1,0,320,-1,0,-1,-1,0,0,0,502,578,580,500,496
b9-16-k13-x560-g580,17,1,321,68,2,0,0,0,320,-1,0,-1,-1,0,0,0,502,578,580,500,496
b9-16-k13-x560-g580,18,0,322,68,1,0,0,0,321,-1,0,-1,-1,0,0,0,502,578,580,500,496
b9-16-k13-x560-g580,19,1,323,68,0,0,0,0,322,-1,0,-1,-1,0,0,0,502,578,580,500,496
b9-16-k13-x560-g580,20,0,335,132,0,0,0,1,335,132,0,1,0,1,1,0,503,593,580,500,496
b9-16-k13-x560-g580,21,1,336,132,0,0,0,0,335,132,0,1,0,1,1,0,503,593,580,500,496
b9-16-k13-x560-g580,22,0,336,132,0,0,0,0,336,132,0,1,0,1,1,0,503,535,580,500,496
b9-16-k13-x560-g580,23,1,337,132,0,0,0,0,336,132,0,1,0,1,1,0,503,535,580,500,496
b9-16-k13-x560-g580,24,0,337,132,0,0,0,0,337,132,0,1,0,1,1,0,503,517,580,500,496
b9-16-k13-x560-g580,25,1,338,132,0,0,0,0,337,132,0,1,0,1,1,0,503,517,580,500,496
b9-16-k13-x560-g580,26,0,339,132,0,0,0,0,338,132,0,1,0,1,1,0,503,512,580,500,496
b9-16-k13-x560-g580,27,1,340,132,0,0,0,0,339,132,0,1,0,1,1,0,503,517,580,500,496
b9-16-k13-x560-g580,28,0,341,136,0,0,0,0,340,136,0,1,0,1,1,0,503,517,580,500,496
b9-16-k13-x560-g580,29,1,341,137,0,0,0,0,341,137,0,1,0,1,1,0,503,525,580,500,496
b9-16-k13-x560-g580,30,0,342,137,0,0,0,0,341,137,0,1,0,1,1,0,503,525,580,500,496
b9-16-k13-x560-g580,31,1,342,137,-3,0,0,0,342,137,0,1,0,1,1,0,503,526,580,400,496
b9-16-k13-x560-g580,32,0,342,137,-2,0,0,0,342,137,0,1,0,1,1,0,503,526,580,400,496
b9-16-k13-x560-g580,33,1,343,137,-1,0,0,0,342,137,0,1,0,1,1,0,503,526,580,400,496
b9-16-k13-x560-g580,34,0,344,233,0,0,0,0,343,232,0,1,0,1,0,0,503,526,580,400,496
b9-16-k13-x560-g580,35,1,344,233,0,0,0,0,344,-1,0,1,0,0,0,0,503,526,580,400,496
b9-16-k13-x560-g580,36,0,344,233,0,0,0,0,344,-1,0,1,0,0,0,0,503,526,580,400,496
b9-16-k13-x560-g580,37,1,344,233,0,0,0,0,344,-1,0,1,0,0,0,0,503,526,580,400,496
b9-16-k13-x560-g580,38,0,344,233,0,0,0,0,344,-1,0,1,0,0,0,0,503,526,580,400,496
b9-16-k13-x560-g580,39,1,344,233,0,0,0,0,344,-1,0,1,0,0,0,0,503,526,580,400,496
b9-16-k13-x560-g580,40,0,345,233,0,0,0,0,344,-1,0,1,0,0,0,0,503,526,580,400,496
b9-16-k14-x540-g560,1,1,0,0,0,0,0,0,0,-1,0,-1,-1,0,0,0,500,540,560,500,500
b9-16-k14-x540-g560,2,0,0,65,0,0,0,0,0,-1,0,-1,-1,0,0,0,500,542,560,500,500
b9-16-k14-x540-g560,3,1,0,65,0,0,0,0,0,-1,0,-1,-1,0,0,0,500,544,560,500,500
b9-16-k14-x540-g560,4,0,0,61,0,0,0,0,0,-1,0,-1,-1,0,0,0,500,546,560,500,500
b9-16-k14-x540-g560,5,1,0,61,3,1,1,0,0,-1,0,-1,-1,0,0,0,500,548,560,500,498
b9-16-k14-x540-g560,6,0,1,61,2,0,0,0,0,-1,0,-1,-1,0,0,0,500,548,560,500,498
b9-16-k14-x540-g560,7,1,1,61,1,0,0,0,1,-1,0,-1,-1,0,0,0,500,548,560,500,498
b9-16-k14-x540-g560,8,0,1,61,0,0,0,0,1,-1,0,-1,-1,0,0,0,500,548,560,500,498
b9-16-k14-x540-g560,9,1,1,62,0,0,0,0,1,-1,0,-1,-1,0,0,0,500,550,560,500,498
b9-16-k14-x540-g560,10,0,1,62,0,0,0,0,1,-1,0,-1,-1,0,0,0,500,551,560,500,498
b9-16-k14-x540-g560,11,1,1,63,0,0,0,0,1,-1,0,-1,-1,0,0,0,500,551,560,500,498
b9-16-k14-x540-g560,12,0,2,66,0,0,0,0,1,-1,0,-1,-1,0,0,0,500,553,560,500,498
b9-16-k14-x540-g560,13,1,2,66,0,0,0,0,2,-1,0,-1,-1,0,0,0,500,555,560,500,498
b9-16-k14-x540-g560,14,0,60,67,0,0,0,0,60,-1,0,-1,-1,0,0,0,501,557,560,500,498
b9-16-k14-x540-g560,15,1,60,68,0,0,0,0,60,-1,0,-1,-1,0,0,0,502,558,560,500,498
b9-16-k14-x540-g560,16,0,320,68,3,1,1,0,320,-1,0,-1,-1,0,0,0,502,558,560,500,496
b9-16-k14-x540-g560,17,1,321,68,2,0,0,0,320,-1,0,-1,-1,0,0,0,502,558,560,500,496
b9-16-k14-x540-g560,18,0,322,68,1,0,0,0,321,-1,0,-1,-1,0,0,0,502,558,560,500,496
b9-16-k14-x540-g560,19,1,336,132,0,0,0,1,336,132,0,1,0,1,1,0,522,554,560,500,496
b9-16-k14-x540-g560,20,0,337,132,0,0,0,0,336,132,0,1,0,1,1,0,522,554,560,500,496
b9-16-k14-x540-g560,21,1,337,132,0,0,0,0,337,132,0,1,0,1,1,0,522,536,560,500,496
b9-16-k14-x540-g560,22,0,338,132,0,0,0,0,337,132,0,1,0,1,1,0,522,536,560,500,496
b9-16-k14-x540-g560,23,1,339,132,0,0,0,0,338,132,0,1,0,1,1,0,522,531,560,500,496
b9-16-k14-x540-g560,24,0,340,132,0,0,0,0,339,132,0,1,0,1,1,0,522,536,560,500,496
b9-16-k14-x540-g560,25,1,341,136,0,0,0,0,340,136,0,1,0,1,1,0,522,536,560,500,496
b9-16-k14-x540-g560,26,0,341,137,0,0,0,0,341,137,0,1,0,1,1,0,522,544,560,500,496
b9-16-k14-x540-g560,27,1,342,137,0,0,0,0,341,137,0,1,0,1,1,0,522,544,560,500,496
b9-16-k14-x540-g560,28,0,342,137,-3,0,0,0,342,137,0,1,0,1,1,0,522,545,560,400,496
b9-16-k14-x540-g560,29,1,342,137,-2,0,0,0,342,137,0,1,0,1,1,0,522,545,560,400,496
b9-16-k14-x540-g560,30,0,343,137,-1,0,0,0,342,137,0,1,0,1,1,0,522,545,560,400,496
b9-16-k14-x540-g560,31,1,344,233,0,0,0,0,343,232,0,1,0,1,0,0,522,545,560,400,496
b9-16-k14-x540-g560,32,0,344,233,0,0,0,0,344,-1,0,1,0,0,0,0,522,545,560,400,496
b9-16-k14-x540-g560,33,1,344,233,0,0,0,0,344,-1,0,1,0,0,0,0,522,545,560,400,496
b9-16-k14-x540-g560,34,0,344,233,0,0,0,0,344,-1,0,1,0,0,0,0,522,545,560,400,496
b9-16-k14-x540-g560,35,1,344,233,0,0,0,0,344,-1,0,1,0,0,0,0,522,545,560,400,496
b9-16-k14-x540-g560,36,0,344,233,0,0,0,0,344,-1,0,1,0,0,0,0,522,545,560,400,496
b9-16-k14-x540-g560,37,1,345,233,0,0,0,0,344,-1,0,1,0,0,0,0,522,545,560,400,496
b9-16-k14-x540-g560,38,0,345,233,0,0,0,0,345,-1,0,1,0,0,0,0,522,545,560,400,496
b9-16-k14-x540-g560,39,1,345,233,0,0,0,0,345,-1,0,1,0,0,0,0,522,545,560,400,496
b9-16-k14-x540-g560,40,0,345,233,0,0,0,0,345,-1,0,1,0,0,0,0,522,545,560,400,496
b9-16-k14-x560-g580,1,1,0,0,0,0,0,0,0,-1,0,-1,-1,0,0,0,500,560,580,500,500
b9-16-k14-x560-g580,2,0,0,65,0,0,0,0,0,-1,0,-1,-1,0,0,0,500,562,580,500,500
b9-16-k14-x560-g580,3,1,0,65,0,0,0,0,0,-1,0,-1,-1,0,0,0,500,564,580,500,500
b9-16-k14-x560-g580,4,0,0,61,0,0,0,0,0,-1,0,-1,-1,0,0,0,500,566,580,500,500
b9-16-k14-x560-g580,5,1,0,61,3,1,1,0,0,-1,0,-1,-1,0,0,0,500,568,580,500,498
b9-16-k14-x560-g580,6,0,1,61,2,0,0,0,0,-1,0,-1,-1,0,0,0,500,568,580,500,498
b9-16-k14-x560-g580,7,1,1,61,1,0,0,0,1,-1,0,-1,-1,0,0,0,500,568,580,500,498
b9-16-k14-x560-g580,8,0,1,61,0,0,0,0,1,-1,0,-1,-1,0,0,0,500,568,580,500,498
b9-16-k14-x560-g580,9,1,1,62,0,0,0,0,1,-1,0,-1,-1,0,0,0,500,570,580,500,498
b9-16-k14-x560-g580,10,0,1,62,0,0,0,0,1,-1,0,-1,-1,0,0,0,500,571,580,500,498
b9-16-k14-x560-g580,11,1,1,63,0,0,0,0,1,-1,0,-1,-1,0,0,0,500,571,580,500,498
b9-16-k14-x560-g580,12,0,2,66,0,0,0,0,1,-1,0,-1,-1,0,0,0,500,573,580,500,498
b9-16-k14-x560-g580,13,1,2,66,0,0,0,0,2,-1,0,-1,-1,0,0,0,500,575,580,500,498
b9-16-k14-x560-g580,14,0,60,67,0,0,0,0,60,-1,0,-1,-1,0,0,0,501,577,580,500,498
b9-16-k14-x560-g580,15,1,60,68,0,0,0,0,60,-1,0,-1,-1,0,0,0,502,578,580,500,498
b9-16-k14-x560-g580,16,0,320,68,3,1,1,0,320,-1,0,-1,-1,0,0,0,502,578,580,500,496
b9-16-k14-x560-g580,17,1,321,68,2,0,0,0,320,-1,0,-1,-1,0,0,0,502,578,580,500,496
b9-16-k14-x560-g580,18,0,322,68,1,0,0,0,321,-1,0,-1,-1,0,0,0,502,578,580,500,496
b9-16-k14-x560-g580,19,1,323,68,0,0,0,0,322,-1,0,-1,-1,0,0,0,502,578,580,500,496
b9-16-k14-x560-g580,20,0,335,132,0,0,0,1,335,132,0,1,0,1,1,0,503,593,580,500,496
b9-16-k14-x560-g580,21,1,336,132,0,0,0,0,335,132,0,1,0,1,1,0,503,593,580,500,496
b9-16-k14-x560-g580,22,0,336,132,0,0,0,0,336,132,0,1,0,1,1,0,503,535,580,500,496
b9-16-k14-x560-g580,23,1,337,132,0,0,0,0,336,132,0,1,0,1,1,0,503,535,580,500,496
b9-16-k14-x560-g580,24,0,337,132,0,0,0,0,337,132,0,1,0,1,1,0,503,517,580,500,496
b9-16-k14-x560-g580,25,1,338,132,0,0,0,0,337,132,0,1,0,1,1,0,503,517,580,500,496
b9-16-k14-x560-g580,26,0,339,132,0,0,0,0,338,132,0,1,0,1,1,0,503,512,580,500,496
b9-16-k14-x560-g580,27,1,340,132,0,0,0,0,339,132,0,1,0,1,1,0,503,517,580,500,496
b9-16-k14-x560-g580,28,0,341,136,0,0,0,0,340,136,0,1,0,1,1,0,503,517,580,500,496
b9-16-k14-x560-g580,29,1,341,137,0,0,0,0,341,137,0,1,0,1,1,0,503,525,580,500,496
b9-16-k14-x560-g580,30,0,342,137,0,0,0,0,341,137,0,1,0,1,1,0,503,525,580,500,496
b9-16-k14-x560-g580,31,1,342,137,-3,0,0,0,342,137,0,1,0,1,1,0,503,526,580,400,496
b9-16-k14-x560-g580,32,0,342,137,-2,0,0,0,342,137,0,1,0,1,1,0,503,526,580,400,496
b9-16-k14-x560-g580,33,1,343,137,-1,0,0,0,342,137,0,1,0,1,1,0,503,526,580,400,496
b9-16-k14-x560-g580,34,0,344,233,0,0,0,0,343,232,0,1,0,1,0,0,503,526,580,400,496
b9-16-k14-x560-g580,35,1,344,233,0,0,0,0,344,-1,0,1,0,0,0,0,503,526,580,400,496
b9-16-k14-x560-g580,36,0,344,233,0,0,0,0,344,-1,0,1,0,0,0,0,503,526,580,400,496
b9-16-k14-x560-g580,37,1,344,233,0,0,0,0,344,-1,0,1,0,0,0,0,503,526,580,400,496
b9-16-k14-x560-g580,38,0,344,233,0,0,0,0,344,-1,0,1,0,0,0,0,503,526,580,400,496
b9-16-k14-x560-g580,39,1,344,233,0,0,0,0,344,-1,0,1,0,0,0,0,503,526,580,400,496
b9-16-k14-x560-g580,40,0,345,233,0,0,0,0,344,-1,0,1,0,0,0,0,503,526,580,400,496
b9-16-k15-x540-g560,1,1,0,0,0,0,0,0,0,-1,0,-1,-1,0,0,0,500,540,560,500,500
b9-16-k15-x540-g560,2,0,0,65,0,0,0,0,0,-1,0,-1,-1,0,0,0,500,542,560,500,500
b9-16-k15-x540-g560,3,1,0,65,0,0,0,0,0,-1,0,-1,-1,0,0,0,500,544,560,500,500
b9-16-k15-x540-g560,4,0,0,61,0,0,0,0,0,-1,0,-1,-1,0,0,0,500,546,560,500,500
b9-16-k15-x540-g560,5,1,0,61,3,1,1,0,0,-1,0,-1,-1,0,0,0,500,548,560,500,498
b9-16-k15-x540-g560,6,0,1,61,2,0,0,0,0,-1,0,-1,-1,0,0,0,500,548,560,500,498
b9-16-k15-x540-g560,7,1,1,61,1,0,0,0,1,-1,0,-1,-1,0,0,0,500,548,560,500,498
b9-16-k15-x540-g560,8,0,1,61,0,0,0,0,1,-1,0,-1,-1,0,0,0,500,548,560,500,498
b9-16-k15-x540-g560,9,1,1,62,0,0,0,0,1,-1,0,-1,-1,0,0,0,500,550,560,500,498
b9-16-k15-x540-g560,10,0,1,62,0,0,0,0,1,-1,0,-1,-1,0,0,0,500,551,560,500,498
b9-16-k15-x540-g560,11,1,1,63,0,0,0,0,1,-1,0,-1,-1,0,0,0,500,551,560,500,498
b9-16-k15-x540-g560,12,0,2,66,0,0,0,0,1,-1,0,-1,-1,0,0,0,500,553,560,500,498
b9-16-k15-x540-g560,13,1,2,66,0,0,0,0,2,-1,0,-1,-1,0,0,0,500,555,560,500,498
b9-16-k15-x540-g560,14,0,2,67,0,0,0,0,2,-1,0,-1,-1,0,0,0,500,557,560,500,498
b9-16-k15-x540-g560,15,1,2,68,0,0,0,0,2,-1,0,-1,-1,0,0,0,500,558,560,500,498
b9-16-k15-x540-g560,16,0,60,68,3,1,1,0,60,-1,0,-1,-1,0,0,0,501,558,560,500,496
b9-16-k15-x540-g560,17,1,60,68,2,0,0,0,60,-1,0,-1,-1,0,0,0,502,558,560,500,496
b9-16-k15-x540-g560,18,0,320,68,1,0,0,0,320,-1,0,-1,-1,0,0,0,502,558,560,500,496
b9-16-k15-x540-g560,19,1,321,68,0,0,0,0,320,-1,0,-1,-1,0,0,0,502,558,560,500,496
b9-16-k15-x540-g560,20,0,322,69,0,0,0,0,321,-1,0,-1,-1,0,0,0,502,558,560,500,496
b9-16-k15-x540-g560,21,1,336,132,0,0,0,1,336,132,0,1,0,1,1,0,522,554,560,500,496
b9-16-k15-x540-g560,22,0,337,132,0,0,0,0,336,132,0,1,0,1,1,0,522,554,560,500,496
b9-16-k15-x540-g560,23,1,337,132,0,0,0,0,337,132,0,1,0,1,1,0,522,536,560,500,496
b9-16-k15-x540-g560,24,0,338,132,0,0,0,0,337,132,0,1,0,1,1,0,522,536,560,500,496
b9-16-k15-x540-g560,25,1,339,132,0,0,0,0,338,132,0,1,0,1,1,0,522,531,560,500,496
b9-16-k15-x540-g560,26,0,340,132,0,0,0,0,339,132,0,1,0,1,1,0,522,536,560,500,496
b9-16-k15-x540-g560,27,1,341,136,0,0,0,0,340,136,0,1,0,1,1,0,522,536,560,500,496
b9-16-k15-x540-g560,28,0,341,137,0,0,0,0,341,137,0,1,0,1,1,0,522,544,560,500,496
b9-16-k15-x540-g560,29,1,342,137,0,0,0,0,341,137,0,1,0,1,1,0,522,544,560,500,496
b9-16-k15-x540-g560,30,0,342,137,-3,0,0,0,342,137,0,1,0,1,1,0,522,545,560,400,496
b9-16-k15-x540-g560,31,1,342,137,-2,0,0,0,342,137,0,1,0,1,1,0,522,545,560,400,496
b9-16-k15-x540-g560,32,0,343,137,-1,0,0,0,342,137,0,1,0,1,1,0,522,545,560,400,496
b9-16-k15-x540-g560,33,1,344,233,0,0,0,0,343,232,0,1,0,1,0,0,522,545,560,400,496
b9-16-k15-x540-g560,34,0,344,233,0,0,0,0,344,-1,0,1,0,0,0,0,522,545,560,400,496
b9-16-k15-x540-g560,35,1,344,233,0,0,0,0,344,-1,0,1,0,0,0,0,522,545,560,400,496
b9-16-k15-x540-g560,36,0,344,233,0,0,0,0,344,-1,0,1,0,0,0,0,522,545,560,400,496
b9-16-k15-x540-g560,37,1,344,233,0,0,0,0,344,-1,0,1,0,0,0,0,522,545,560,400,496
b9-16-k15-x540-g560,38,0,344,233,0,0,0,0,344,-1,0,1,0,0,0,0,522,545,560,400,496
b9-16-k15-x540-g560,39,1,345,233,0,0,0,0,344,-1,0,1,0,0,0,0,522,545,560,400,496
b9-16-k15-x540-g560,40,0,345,233,0,0,0,0,345,-1,0,1,0,0,0,0,522,545,560,400,496
b9-16-k15-x560-g580,1,1,0,0,0,0,0,0,0,-1,0,-1,-1,0,0,0,500,560,580,500,500
b9-16-k15-x560-g580,2,0,0,65,0,0,0,0,0,-1,0,-1,-1,0,0,0,500,562,580,500,500
b9-16-k15-x560-g580,3,1,0,65,0,0,0,0,0,-1,0,-1,-1,0,0,0,500,564,580,500,500
b9-16-k15-x560-g580,4,0,0,61,0,0,0,0,0,-1,0,-1,-1,0,0,0,500,566,580,500,500
b9-16-k15-x560-g580,5,1,0,61,3,1,1,0,0,-1,0,-1,-1,0,0,0,500,568,580,500,498
b9-16-k15-x560-g580,6,0,1,61,2,0,0,0,0,-1,0,-1,-1,0,0,0,500,568,580,500,498
b9-16-k15-x560-g580,7,1,1,61,1,0,0,0,1,-1,0,-1,-1,0,0,0,500,568,580,500,498
b9-16-k15-x560-g580,8,0,1,61,0,0,0,0,1,-1,0,-1,-1,0,0,0,500,568,580,500,498
b9-16-k15-x560-g580,9,1,1,62,0,0,0,0,1,-1,0,-1,-1,0,0,0,500,570,580,500,498
b9-16-k15-x560-g580,10,0,1,62,0,0,0,0,1,-1,0,-1,-1,0,0,0,500,571,580,500,498
b9-16-k15-x560-g580,11,1,1,63,0,0,0,0,1,-1,0,-1,-1,0,0,0,500,571,580,500,498
b9-16-k15-x560-g580,12,0,2,66,0,0,0,0,1,-1,0,-1,-1,0,0,0,500,573,580,500,498
b9-16-k15-x560-g580,13,1,2,66,0,0,0,0,2,-1,0,-1,-1,0,0,0,500,575,580,500,498
b9-16-k15-x560-g580,14,0,2,67,0,0,0,0,2,-1,0,-1,-1,0,0,0,500,577,580,500,498
b9-16-k15-x560-g580,15,1,2,68,0,0,0,0,2,-1,0,-1,-1,0,0,0,500,578,580,500,498
b9-16-k15-x560-g580,16,0,60,68,3,1,1,0,60,-1,0,-1,-1,0,0,0,501,578,580,500,496
b9-16-k15-x560-g580,17,1,60,68,2,0,0,0,60,-1,0,-1,-1,0,0,0,502,578,580,500,496
b9-16-k15-x560-g580,18,0,320,68,1,0,0,0,320,-1,0,-1,-1,0,0,0,502,578,580,500,496
b9-16-k15-x560-g580,19,1,321,68,0,0,0,0,320,-1,0,-1,-1,0,0,0,502,578,580,500,496
b9-16-k15-x560-g580,20,0,322,69,0,0,0,0,321,-1,0,-1,-1,0,0,0,502,578,580,500,496
b9-16-k15-x560-g580,21,1,323,69,0,0,0,0,322,-1,0,-1,-1,0,0,0,502,578,580,500,496
b9-16-k15-x560-g580,22,0,335,132,0,0,0,1,335,132,0,1,0,1,1,0,503,593,580,500,496
b9-16-k15-x560-g580,23,1,336,132,0,0,0,0,335,132,0,1,0,1,1,0,503,593,580,500,496
b9-16-k15-x560-g580,24,0,336,132,0,0,0,0,336,132,0,1,0,1,1,0,503,535,580,500,496
b9-16-k15-x560-g580,25,1,337,132,0,0,0,0,336,132,0,1,0,1,1,0,503,535,580,500,496
b9-16-k15-x560-g580,26,0,337,132,0,0,0,0,337,132,0,1,0,1,1,0,503,517,580,500,496
b9-16-k15-x560-g580,27,1,338,132,0,0,0,0,337,132,0,1,0,1,1,0,503,517,580,500,496
b9-16-k15-x560-g580,28,0,339,132,0,0,0,0,338,132,0,1,0,1,1,0,503,512,580,500,496
b9-16-k15-x560-g580,29,1,340,132,0,0,0,0,339,132,0,1,0,1,1,0,503,517,580,500,496
b9-16-k15-x560-g580,30,0,341,136,0,0,0,0,340,136,0,1,0,1,1,0,503,517,580,500,496
b9-16-k15-x560-g580,31,1,341,137,0,0,0,0,341,137,0,1,0,1,1,0,503,525,580,500,496
b9-16-k15-x560-g580,32,0,342,137,0,0,0,0,341,137,0,1,0,1,1,0,503,525,580,500,496
b9-16-k15-x560-g580,33,1,342,137,-3,0,0,0,342,137,0,1,0,1,1,0,503,526,580,400,496
b9-16-k15-x560-g580,34,0,342,137,-2,0,0,0,342,137,0,1,0,1,1,0,503,526,580,400,496
b9-16-k15-x560-g580,35,1,343,137,-1,0,0,0,342,137,0,1,0,1,1,0,503,526,580,400,496
b9-16-k15-x560-g580,36,0,344,233,0,0,0,0,343,232,0,1,0,1,0,0,503,526,580,400,496
b9-16-k15-x560-g580,37,1,344,233,0,0,0,0,344,-1,0,1,0,0,0,0,503,526,580,400,496
b9-16-k15-x560-g580,38,0,344,233,0,0,0,0,344,-1,0,1,0,0,0,0,503,526,580,400,496
b9-16-k15-x560-g580,39,1,344,233,0,0,0,0,344,-1,0,1,0,0,0,0,503,526,580,400,496
b9-16-k15-x560-g580,40,0,344,233,0,0,0,0,344,-1,0,1,0,0,0,0,503,526,580,400,496
b9-16-k16-x540-g560,1,1,0,0,0,0,0,0,0,-1,0,-1,-1,0,0,0,500,540,560,500,500
b9-16-k16-x540-g560,2,0,0,65,0,0,0,0,0,-1,0,-1,-1,0,0,0,500,542,560,500,500
b9-16-k16-x540-g560,3,1,0,65,0,0,0,0,0,-1,0,-1,-1,0,0,0,500,544,560,500,500
b9-16-k16-x540-g560,4,0,0,61,0,0,0,0,0,-1,0,-1,-1,0,0,0,500,546,560,500,500
b9-16-k16-x540-g560,5,1,0,61,3,1,1,0,0,-1,0,-1,-1,0,0,0,500,548,560,500,498
b9-16-k16-x540-g560,6,0,1,61,2,0,0,0,0,-1,0,-1,-1,0,0,0,500,548,560,500,498
b9-16-k16-x540-g560,7,1,1,61,1,0,0,0,1,-1,0,-1,-1,0,0,0,500,548,560,500,498
b9-16-k16-x540-g560,8,0,1,61,0,0,0,0,1,-1,0,-1,-1,0,0,0,500,548,560,500,498
b9-16-k16-x540-g560,9,1,1,62,0,0,0,0,1,-1,0,-1,-1,0,0,0,500,550,560,500,498
b9-16-k16-x540-g560,10,0,1,62,0,0,0,0,1,-1,0,-1,-1,0,0,0,500,551,560,500,498
b9-16-k16-x540-g560,11,1,1,63,0,0,0,0,1,-1,0,-1,-1,0,0,0,500,551,560,500,498
b9-16-k16-x540-g560,12,0,2,66,0,0,0,0,1,-1,0,-1,-1,0,0,0,500,553,560,500,498
b9-16-k16-x540-g560,13,1,2,66,0,0,0,0,2,-1,0,-1,-1,0,0,0,500,555,560,500,498
b9-16-k16-x540-g560,14,0,2,67,0,0,0,0,2,-1,0,-1,-1,0,0,0,500,557,560,500,498
b9-16-k16-x540-g560,15,1,2,68,0,0,0,0,2,-1,0,-1,-1,0,0,0,500,558,560,500,498
b9-16-k16-x540-g560,16,0,60,68,3,1,1,0,60,-1,0,-1,-1,0,0,0,501,558,560,500,496
b9-16-k16-x540-g560,17,1,60,68,2,0,0,0,60,-1,0,-1,-1,0,0,0,502,558,560,500,496
b9-16-k16-x540-g560,18,0,320,68,1,0,0,0,320,-1,0,-1,-1,0,0,0,502,558,560,500,496
b9-16-k16-x540-g560,19,1,321,68,0,0,0,0,320,-1,0,-1,-1,0,0,0,502,558,560,500,496
b9-16-k16-x540-g560,20,0,322,69,0,0,0,0,321,-1,0,-1,-1,0,0,0,502,558,560,500,496
b9-16-k16-x540-g560,21,1,336,132,0,0,0,1,336,132,0,1,0,1,1,0,522,554,560,500,496
b9-16-k16-x540-g560,22,0,337,132,0,0,0,0,336,132,0,1,0,1,1,0,522,554,560,500,496
b9-16-k16-x540-g560,23,1,337,132,0,0,0,0,337,132,0,1,0,1,1,0,522,536,560,500,496
b9-16-k16-x540-g560,24,0,338,132,0,0,0,0,337,132,0,1,0,1,1,0,522,536,560,500,496
b9-16-k16-x540-g560,25,1,339,132,0,0,0,0,338,132,0,1,0,1,1,0,522,531,560,500,496
b9-16-k16-x540-g560,26,0,340,132,0,0,0,0,339,132,0,1,0,1,1,0,522,536,560,500,496
b9-16-k16-x540-g560,27,1,341,136,0,0,0,0,340,136,0,1,0,1,1,0,522,536,560,500,496
b9-16-k16-x540-g560,28,0,341,137,0,0,0,0,341,137,0,1,0,1,1,0,522,544,560,500,496
b9-16-k16-x540-g560,29,1,342,137,0,0,0,0,341,137,0,1,0,1,1,0,522,544,560,500,496
b9-16-k16-x540-g560,30,0,342,137,-3,0,0,0,342,137,0,1,0,1,1,0,522,545,560,400,496
b9-16-k16-x540-g560,31,1,342,137,-2,0,0,0,342,137,0,1,0,1,1,0,522,545,560,400,496
b9-16-k16-x540-g560,32,0,343,137,-1,0,0,0,342,137,0,1,0,1,1,0,522,545,560,400,496
b9-16-k16-x540-g560,33,1,344,233,0,0,0,0,343,232,0,1,0,1,0,0,522,545,560,400,496
b9-16-k16-x540-g560,34,0,344,233,0,0,0,0,344,-1,0,1,0,0,0,0,522,545,560,400,496
b9-16-k16-x540-g560,35,1,344,233,0,0,0,0,344,-1,0,1,0,0,0,0,522,545,560,400,496
b9-16-k16-x540-g560,36,0,344,233,0,0,0,0,344,-1,0,1,0,0,0,0,522,545,560,400,496
b9-16-k16-x540-g560,37,1,344,233,0,0,0,0,344,-1,0,1,0,0,0,0,522,545,560,400,496
b9-16-k16-x540-g560,38,0,344,233,0,0,0,0,344,-1,0,1,0,0,0,0,522,545,560,400,496
b9-16-k16-x540-g560,39,1,345,233,0,0,0,0,344,-1,0,1,0,0,0,0,522,545,560,400,496
b9-16-k16-x540-g560,40,0,345,233,0,0,0,0,345,-1,0,1,0,0,0,0,522,545,560,400,496
b9-16-k16-x560-g580,1,1,0,0,0,0,0,0,0,-1,0,-1,-1,0,0,0,500,560,580,500,500
b9-16-k16-x560-g580,2,0,0,65,0,0,0,0,0,-1,0,-1,-1,0,0,0,500,562,580,500,500
b9-16-k16-x560-g580,3,1,0,65,0,0,0,0,0,-1,0,-1,-1,0,0,0,500,564,580,500,500
b9-16-k16-x560-g580,4,0,0,61,0,0,0,0,0,-1,0,-1,-1,0,0,0,500,566,580,500,500
b9-16-k16-x560-g580,5,1,0,61,3,1,1,0,0,-1,0,-1,-1,0,0,0,500,568,580,500,498
b9-16-k16-x560-g580,6,0,1,61,2,0,0,0,0,-1,0,-1,-1,0,0,0,500,568,580,500,498
b9-16-k16-x560-g580,7,1,1,61,1,0,0,0,1,-1,0,-1,-1,0,0,0,500,568,580,500,498
b9-16-k16-x560-g580,8,0,1,61,0,0,0,0,1,-1,0,-1,-1,0,0,0,500,568,580,500,498
b9-16-k16-x560-g580,9,1,1,62,0,0,0,0,1,-1,0,-1,-1,0,0,0,500,570,580,500,498
b9-16-k16-x560-g580,10,0,1,62,0,0,0,0,1,-1,0,-1,-1,0,0,0,500,571,580,500,498
b9-16-k16-x560-g580,11,1,1,63,0,0,0,0,1,-1,0,-1,-1,0,0,0,500,571,580,500,498
b9-16-k16-x560-g580,12,0,2,66,0,0,0,0,1,-1,0,-1,-1,0,0,0,500,573,580,500,498
b9-16-k16-x560-g580,13,1,2,66,0,0,0,0,2,-1,0,-1,-1,0,0,0,500,575,580,500,498
b9-16-k16-x560-g580,14,0,2,67,0,0,0,0,2,-1,0,-1,-1,0,0,0,500,577,580,500,498
b9-16-k16-x560-g580,15,1,2,68,0,0,0,0,2,-1,0,-1,-1,0,0,0,500,578,580,500,498
b9-16-k16-x560-g580,16,0,60,68,3,1,1,0,60,-1,0,-1,-1,0,0,0,501,578,580,500,496
b9-16-k16-x560-g580,17,1,60,68,2,0,0,0,60,-1,0,-1,-1,0,0,0,502,578,580,500,496
b9-16-k16-x560-g580,18,0,320,68,1,0,0,0,320,-1,0,-1,-1,0,0,0,502,578,580,500,496
b9-16-k16-x560-g580,19,1,321,68,0,0,0,0,320,-1,0,-1,-1,0,0,0,502,578,580,500,496
b9-16-k16-x560-g580,20,0,322,69,0,0,0,0,321,-1,0,-1,-1,0,0,0,502,578,580,500,496
b9-16-k16-x560-g580,21,1,323,69,0,0,0,0,322,-1,0,-1,-1,0,0,0,502,578,580,500,496
b9-16-k16-x560-g580,22,0,335,132,0,0,0,1,335,132,0,1,0,1,1,0,503,593,580,500,496
b9-16-k16-x560-g580,23,1,336,132,0,0,0,0,335,132,0,1,0,1,1,0,503,593,580,500,496
b9-16-k16-x560-g580,24,0,336,132,0,0,0,0,336,132,0,1,0,1,1,0,503,535,580,500,496
b9-16-k16-x560-g580,25,1,337,132,0,0,0,0,336,132,0,1,0,1,1,0,503,535,580,500,496
b9-16-k16-x560-g580,26,0,337,132,0,0,0,0,337,132,0,1,0,1,1,0,503,517,580,500,496
b9-16-k16-x560-g580,27,1,338,132,0,0,0,0,337,132,0,1,0,1,1,0,503,517,580,500,496
b9-16-k16-x560-g580,28,0,339,132,0,0,0,0,338,132,0,1,0,1,1,0,503,512,580,500,496
b9-16-k16-x560-g580,29,1,340,132,0,0,0,0,339,132,0,1,0,1,1,0,503,517,580,500,496
b9-16-k16-x560-g580,30,0,341,136,0,0,0,0,340,136,0,1,0,1,1,0,503,517,580,500,496
b9-16-k16-x560-g580,31,1,341,137,0,0,0,0,341,137,0,1,0,1,1,0,503,525,580,500,496
b9-16-k16-x560-g580,32,0,342,137,0,0,0,0,341,137,0,1,0,1,1,0,503,525,580,500,496
b9-16-k16-x560-g580,33,1,342,137,-3,0,0,0,342,137,0,1,0,1,1,0,503,526,580,400,496
b9-16-k16-x560-g580,34,0,342,137,-2,0,0,0,342,137,0,1,0,1,1,0,503,526,580,400,496
b9-16-k16-x560-g580,35,1,343,137,-1,0,0,0,342,137,0,1,0,1,1,0,503,526,580,400,496
b9-16-k16-x560-g580,36,0,344,233,0,0,0,0,343,232,0,1,0,1,0,0,503,526,580,400,496
b9-16-k16-x560-g580,37,1,344,233,0,0,0,0,344,-1,0,1,0,0,0,0,503,526,580,400,496
b9-16-k16-x560-g580,38,0,344,233,0,0,0,0,344,-1,0,1,0,0,0,0,503,526,580,400,496
b9-16-k16-x560-g580,39,1,344,233,0,0,0,0,344,-1,0,1,0,0,0,0,503,526,580,400,496
b9-16-k16-x560-g580,40,0,344,233,0,0,0,0,344,-1,0,1,0,0,0,0,503,526,580,400,496
b9-16-k17-x540-g560,1,1,0,0,0,0,0,0,0,-1,0,-1,-1,0,0,0,500,540,560,500,500
b9-16-k17-x540-g560,2,0,0,65,0,0,0,0,0,-1,0,-1,-1,0,0,0,500,542,560,500,500
b9-16-k17-x540-g560,3,1,0,65,0,0,0,0,0,-1,0,-1,-1,0,0,0,500,544,560,500,500
b9-16-k17-x540-g560,4,0,0,61,0,0,0,0,0,-1,0,-1,-1,0,0,0,500,546,560,500,500
b9-16-k17-x540-g560,5,1,0,61,3,1,1,0,0,-1,0,-1,-1,0,0,0,500,548,560,500,498
b9-16-k17-x540-g560,6,0,1,61,2,0,0,0,0,-1,0,-1,-1,0,0,0,500,548,560,500,498
b9-16-k17-x540-g560,7,1,1,61,1,0,0,0,1,-1,0,-1,-1,0,0,0,500,548,560,500,498
b9-16-k17-x540-g560,8,0,1,61,0,0,0,0,1,-1,0,-1,-1,0,0,0,500,548,560,500,498
b9-16-k17-x540-g560,9,1,1,62,0,0,0,0,1,-1,0,-1,-1,0,0,0,500,550,560,500,498
b9-16-k17-x540-g560,10,0,1,62,0,0,0,0,1,-1,0,-1,-1,0,0,0,500,551,560,500,498
b9-16-k17-x540-g560,11,1,1,63,0,0,0,0,1,-1,0,-1,-1,0,0,0,500,551,560,500,498
b9-16-k17-x540-g560,12,0,2,66,0,0,0,0,1,-1,0,-1,-1,0,0,0,500,553,560,500,498
b9-16-k17-x540-g560,13,1,2,66,0,0,0,0,2,-1,0,-1,-1,0,0,0,500,555,560,500,498
b9-16-k17-x540-g560,14,0,2,67,0,0,0,0,2,-1,0,-1,-1,0,0,0,500,557,560,500,498
b9-16-k17-x540-g560,15,1,2,68,0,0,0,0,2,-1,0,-1,-1,0,0,0,500,558,560,500,498
b9-16-k17-x540-g560,16,0,2,68,3,1,1,0,2,-1,0,-1,-1,0,0,0,500,558,560,500,496
b9-16-k17-x540-g560,17,1,2,68,2,0,0,0,2,-1,0,-1,-1,0,0,0,500,558,560,500,496
b9-16-k17-x540-g560,18,0,60,68,1,0,0,0,60,-1,0,-1,-1,0,0,0,501,558,560,500,496
b9-16-k17-x540-g560,19,1,60,68,0,0,0,0,60,-1,0,-1,-1,0,0,0,502,558,560,500,496
b9-16-k17-x540-g560,20,0,320,69,0,0,0,0,320,-1,0,-1,-1,0,0,0,502,558,560,500,496
b9-16-k17-x540-g560,21,1,321,69,0,0,0,0,320,-1,0,-1,-1,0,0,0,502,558,560,500,496
b9-16-k17-x540-g560,22,0,322,69,0,0,0,0,321,-1,0,-1,-1,0,0,0,502,558,560,500,496
b9-16-k17-x540-g560,23,1,336,132,0,0,0,1,336,132,0,1,0,1,1,0,522,554,560,500,496
b9-16-k17-x540-g560,24,0,337,132,0,0,0,0,336,132,0,1,0,1,1,0,522,554,560,500,496
b9-16-k17-x540-g560,25,1,337,132,0,0,0,0,337,132,0,1,0,1,1,0,522,536,560,500,496
b9-16-k17-x540-g560,26,0,338,132,0,0,0,0,337,132,0,1,0,1,1,0,522,536,560,500,496
b9-16-k17-x540-g560,27,1,339,132,0,0,0,0,338,132,0,1,0,1,1,0,522,531,560,500,496
b9-16-k17-x540-g560,28,0,340,132,0,0,0,0,339,132,0,1,0,1,1,0,522,536,560,500,496
b9-16-k17-x540-g560,29,1,341,136,0,0,0,0,340,136,0,1,0,1,1,0,522,536,560,500,496
b9-16-k17-x540-g560,30,0,341,137,0,0,0,0,341,137,0,1,0,1,1,0,522,544,560,500,496
b9-16-k17-x540-g560,31,1,342,137,0,0,0,0,341,137,0,1,0,1,1,0,522,544,560,500,496
b9-16-k17-x540-g560,32,0,342,137,-3,0,0,0,342,137,0,1,0,1,1,0,522,545,560,400,496
b9-16-k17-x540-g560,33,1,342,137,-2,0,0,0,342,137,0,1,0,1,1,0,522,545,560,400,496
b9-16-k17-x540-g560,34,0,343,137,-1,0,0,0,342,137,0,1,0,1,1,0,522,545,560,400,496
b9-16-k17-x540-g560,35,1,344,233,0,0,0,0,343,232,0,1,0,1,0,0,522,545,560,400,496
b9-16-k17-x540-g560,36,0,344,233,0,0,0,0,344,-1,0,1,0,0,0,0,522,545,560,400,496
b9-16-k17-x540-g560,37,1,344,233,0,0,0,0,344,-1,0,1,0,0,0,0,522,545,560,400,496
b9-16-k17-x540-g560,38,0,344,233,0,0,0,0,344,-1,0,1,0,0,0,0,522,545,560,400,496
b9-16-k17-x540-g560,39,1,344,233,0,0,0,0,344,-1,0,1,0,0,0,0,522,545,560,400,496
b9-16-k17-x540-g560,40,0,344,233,0,0,0,0,344,-1,0,1,0,0,0,0,522,545,560,400,496
b9-16-k17-x560-g580,1,1,0,0,0,0,0,0,0,-1,0,-1,-1,0,0,0,500,560,580,500,500
b9-16-k17-x560-g580,2,0,0,65,0,0,0,0,0,-1,0,-1,-1,0,0,0,500,562,580,500,500
b9-16-k17-x560-g580,3,1,0,65,0,0,0,0,0,-1,0,-1,-1,0,0,0,500,564,580,500,500
b9-16-k17-x560-g580,4,0,0,61,0,0,0,0,0,-1,0,-1,-1,0,0,0,500,566,580,500,500
b9-16-k17-x560-g580,5,1,0,61,3,1,1,0,0,-1,0,-1,-1,0,0,0,500,568,580,500,498
b9-16-k17-x560-g580,6,0,1,61,2,0,0,0,0,-1,0,-1,-1,0,0,0,500,568,580,500,498
b9-16-k17-x560-g580,7,1,1,61,1,0,0,0,1,-1,0,-1,-1,0,0,0,500,568,580,500,498
b9-16-k17-x560-g580,8,0,1,61,0,0,0,0,1,-1,0,-1,-1,0,0,0,500,568,580,500,498
b9-16-k17-x560-g580,9,1,1,62,0,0,0,0,1,-1,0,-1,-1,0,0,0,500,570,580,500,498
b9-16-k17-x560-g580,10,0,1,62,0,0,0,0,1,-1,0,-1,-1,0,0,0,500,571,580,500,498
b9-16-k17-x560-g580,11,1,1,63,0,0,0,0,1,-1,0,-1,-1,0,0,0,500,571,580,500,498
b9-16-k17-x560-g580,12,0,2,66,0,0,0,0,1,-1,0,-1,-1,0,0,0,500,573,580,500,498
b9-16-k17-x560-g580,13,1,2,66,0,0,0,0,2,-1,0,-1,-1,0,0,0,500,575,580,500,498
b9-16-k17-x560-g580,14,0,2,67,0,0,0,0,2,-1,0,-1,-1,0,0,0,500,577,580,500,498
b9-16-k17-x560-g580,15,1,2,68,0,0,0,0,2,-1,0,-1,-1,0,0,0,500,578,580,500,498
b9-16-k17-x560-g580,16,0,2,68,3,1,1,0,2,-1,0,-1,-1,0,0,0,500,578,580,500,496
b9-16-k17-x560-g580,17,1,2,68,2,0,0,0,2,-1,0,-1,-1,0,0,0,500,578,580,500,496
b9-16-k17-x560-g580,18,0,60,68,1,0,0,0,60,-1,0,-1,-1,0,0,0,501,578,580,500,496
b9-16-k17-x560-g580,19,1,60,68,0,0,0,0,60,-1,0,-1,-1,0,0,0,502,578,580,500,496
b9-16-k17-x560-g580,20,0,320,69,0,0,0,0,320,-1,0,-1,-1,0,0,0,502,578,580,500,496
b9-16-k17-x560-g580,21,1,321,69,0,0,0,0,320,-1,0,-1,-1,0,0,0,502,578,580,500,496
b9-16-k17-x560-g580,22,0,322,69,0,0,0,0,321,-1,0,-1,-1,0,0,0,502,578,580,500,496
b9-16-k17-x560-g580,23,1,323,3,0,0,0,0,322,-1,0,-1,-1,0,0,0,502,578,580,500,496
b9-16-k17-x560-g580,24,0,335,132,0,0,0,1,335,132,0,1,0,1,1,0,503,593,580,500,496
b9-16-k17-x560-g580,25,1,336,132,0,0,0,0,335,132,0,1,0,1,1,0,503,593,580,500,496
b9-16-k17-x560-g580,26,0,336,132,0,0,0,0,336,132,0,1,0,1,1,0,503,535,580,500,496
b9-16-k17-x560-g580,27,1,337,132,0,0,0,0,336,132,0,1,0,1,1,0,503,535,580,500,496
b9-16-k17-x560-g580,28,0,337,132,0,0,0,0,337,132,0,1,0,1,1,0,503,517,580,500,496
b9-16-k17-x560-g580,29,1,338,132,0,0,0,0,337,132,0,1,0,1,1,0,503,517,580,500,496
b9-16-k17-x560-g580,30,0,339,132,0,0,0,0,338,132,0,1,0,1,1,0,503,512,580,500,496
b9-16-k17-x560-g580,31,1,340,132,0,0,0,0,339,132,0,1,0,1,1,0,503,517,580,500,496
b9-16-k17-x560-g580,32,0,341,136,0,0,0,0,340,136,0,1,0,1,1,0,503,517,580,500,496
b9-16-k17-x560-g580,33,1,341,137,0,0,0,0,341,137,0,1,0,1,1,0,503,525,580,500,496
b9-16-k17-x560-g580,34,0,342,137,0,0,0,0,341,137,0,1,0,1,1,0,503,525,580,500,496
b9-16-k17-x560-g580,35,1,342,137,-3,0,0,0,342,137,0,1,0,1,1,0,503,526,580,400,496
b9-16-k17-x560-g580,36,0,342,137,-2,0,0,0,342,137,0,1,0,1,1,0,503,526,580,400,496
b9-16-k17-x560-g580,37,1,343,137,-1,0,0,0,342,137,0,1,0,1,1,0,503,526,580,400,496
b9-16-k17-x560-g580,38,0,344,233,0,0,0,0,343,232,0,1,0,1,0,0,503,526,580,400,496
b9-16-k17-x560-g580,39,1,344,233,0,0,0,0,344,-1,0,1,0,0,0,0,503,526,580,400,496
b9-16-k17-x560-g580,40,0,344,233,0,0,0,0,344,-1,0,1,0,0,0,0,503,526,580,400,496
b9-16-k18-x540-g560,1,1,0,0,0,0,0,0,0,-1,0,-1,-1,0,0,0,500,540,560,500,500
b9-16-k18-x540-g560,2,0,0,65,0,0,0,0,0,-1,0,-1,-1,0,0,0,500,542,560,500,500
b9-16-k18-x540-g560,3,1,0,65,0,0,0,0,0,-1,0,-1,-1,0,0,0,500,544,560,500,500
b9-16-k18-x540-g560,4,0,0,61,0,0,0,0,0,-1,0,-1,-1,0,0,0,500,546,560,500,500
b9-16-k18-x540-g560,5,1,0,61,3,1,1,0,0,-1,0,-1,-1,0,0,0,500,548,560,500,498
b9-16-k18-x540-g560,6,0,1,61,2,0,0,0,0,-1,0,-1,-1,0,0,0,500,548,560,500,498
b9-16-k18-x540-g560,7,1,1,61,1,0,0,0,1,-1,0,-1,-1,0,0,0,500,548,560,500,498
b9-16-k18-x540-g560,8,0,1,61,0,0,0,0,1,-1,0,-1,-1,0,0,0,500,548,560,500,498
b9-16-k18-x540-g560,9,1,1,62,0,0,0,0,1,-1,0,-1,-1,0,0,0,500,550,560,500,498
b9-16-k18-x540-g560,10,0,1,62,0,0,0,0,1,-1,0,-1,-1,0,0,0,500,551,560,500,498
b9-16-k18-x540-g560,11,1,1,63,0,0,0,0,1,-1,0,-1,-1,0,0,0,500,551,560,500,498
b9-16-k18-x540-g560,12,0,2,66,0,0,0,0,1,-1,0,-1,-1,0,0,0,500,553,560,500,498
b9-16-k18-x540-g560,13,1,2,66,0,0,0,0,2,-1,0,-1,-1,0,0,0,500,555,560,500,498
b9-16-k18-x540-g560,14,0,2,67,0,0,0,0,2,-1,0,-1,-1,0,0,0,500,557,560,500,498
b9-16-k18-x540-g560,15,1,2,68,0,0,0,0,2,-1,0,-1,-1,0,0,0,500,558,560,500,498
b9-16-k18-x540-g560,16,0,2,68,3,1,1,0,2,-1,0,-1,-1,0,0,0,500,558,560,500,496
b9-16-k18-x540-g560,17,1,2,68,2,0,0,0,2,-1,0,-1,-1,0,0,0,500,558,560,500,496
b9-16-k18-x540-g560,18,0,60,68,1,0,0,0,60,-1,0,-1,-1,0,0,0,501,558,560,500,496
b9-16-k18-x540-g560,19,1,60,68,0,0,0,0,60,-1,0,-1,-1,0,0,0,502,558,560,500,496
b9-16-k18-x540-g560,20,0,320,69,0,0,0,0,320,-1,0,-1,-1,0,0,0,502,558,560,500,496
b9-16-k18-x540-g560,21,1,321,69,0,0,0,0,320,-1,0,-1,-1,0,0,0,502,558,560,500,496
b9-16-k18-x540-g560,22,0,322,69,0,0,0,0,321,-1,0,-1,-1,0,0,0,502,558,560,500,496
b9-16-k18-x540-g560,23,1,336,132,0,0,0,1,336,132,0,1,0,1,1,0,522,554,560,500,496
b9-16-k18-x540-g560,24,0,337,132,0,0,0,0,336,132,0,1,0,1,1,0,522,554,560,500,496
b9-16-k18-x540-g560,25,1,337,132,0,0,0,0,337,132,0,1,0,1,1,0,522,536,560,500,496
b9-16-k18-x540-g560,26,0,338,132,0,0,0,0,337,132,0,1,0,1,1,0,522,536,560,500,496
b9-16-k18-x540-g560,27,1,339,132,0,0,0,0,338,132,0,1,0,1,1,0,522,531,560,500,496
b9-16-k18-x540-g560,28,0,340,132,0,0,0,0,339,132,0,1,0,1,1,0,522,536,560,500,496
b9-16-k18-x540-g560,29,1,341,136,0,0,0,0,340,136,0,1,0,1,1,0,522,536,560,500,496
b9-16-k18-x540-g560,30,0,341,137,0,0,0,0,341,137,0,1,0,1,1,0,522,544,560,500,496
b9-16-k18-x540-g560,31,1,342,137,0,0,0,0,341,137,0,1,0,1,1,0,522,544,560,500,496
b9-16-k18-x540-g560,32,0,342,137,-3,0,0,0,342,137,0,1,0,1,1,0,522,545,560,400,496
b9-16-k18-x540-g560,33,1,342,137,-2,0,0,0,342,137,0,1,0,1,1,0,522,545,560,400,496
b9-16-k18-x540-g560,34,0,343,137,-1,0,0,0,342,137,0,1,0,1,1,0,522,545,560,400,496
b9-16-k18-x540-g560,35,1,344,233,0,0,0,0,343,232,0,1,0,1,0,0,522,545,560,400,496
b9-16-k18-x540-g560,36,0,344,233,0,0,0,0,344,-1,0,1,0,0,0,0,522,545,560,400,496
b9-16-k18-x540-g560,37,1,344,233,0,0,0,0,344,-1,0,1,0,0,0,0,522,545,560,400,496
b9-16-k18-x540-g560,38,0,344,233,0,0,0,0,344,-1,0,1,0,0,0,0,522,545,560,400,496
b9-16-k18-x540-g560,39,1,344,233,0,0,0,0,344,-1,0,1,0,0,0,0,522,545,560,400,496
b9-16-k18-x540-g560,40,0,344,233,0,0,0,0,344,-1,0,1,0,0,0,0,522,545,560,400,496
b9-16-k18-x560-g580,1,1,0,0,0,0,0,0,0,-1,0,-1,-1,0,0,0,500,560,580,500,500
b9-16-k18-x560-g580,2,0,0,65,0,0,0,0,0,-1,0,-1,-1,0,0,0,500,562,580,500,500
b9-16-k18-x560-g580,3,1,0,65,0,0,0,0,0,-1,0,-1,-1,0,0,0,500,564,580,500,500
b9-16-k18-x560-g580,4,0,0,61,0,0,0,0,0,-1,0,-1,-1,0,0,0,500,566,580,500,500
b9-16-k18-x560-g580,5,1,0,61,3,1,1,0,0,-1,0,-1,-1,0,0,0,500,568,580,500,498
b9-16-k18-x560-g580,6,0,1,61,2,0,0,0,0,-1,0,-1,-1,0,0,0,500,568,580,500,498
b9-16-k18-x560-g580,7,1,1,61,1,0,0,0,1,-1,0,-1,-1,0,0,0,500,568,580,500,498
b9-16-k18-x560-g580,8,0,1,61,0,0,0,0,1,-1,0,-1,-1,0,0,0,500,568,580,500,498
b9-16-k18-x560-g580,9,1,1,62,0,0,0,0,1,-1,0,-1,-1,0,0,0,500,570,580,500,498
b9-16-k18-x560-g580,10,0,1,62,0,0,0,0,1,-1,0,-1,-1,0,0,0,500,571,580,500,498
b9-16-k18-x560-g580,11,1,1,63,0,0,0,0,1,-1,0,-1,-1,0,0,0,500,571,580,500,498
b9-16-k18-x560-g580,12,0,2,66,0,0,0,0,1,-1,0,-1,-1,0,0,0,500,573,580,500,498
b9-16-k18-x560-g580,13,1,2,66,0,0,0,0,2,-1,0,-1,-1,0,0,0,500,575,580,500,498
b9-16-k18-x560-g580,14,0,2,67,0,0,0,0,2,-1,0,-1,-1,0,0,0,500,577,580,500,498
b9-16-k18-x560-g580,15,1,2,68,0,0,0,0,2,-1,0,-1,-1,0,0,0,500,578,580,500,498
b9-16-k18-x560-g580,16,0,2,68,3,1,1,0,2,-1,0,-1,-1,0,0,0,500,578,580,500,496
b9-16-k18-x560-g580,17,1,2,68,2,0,0,0,2,-1,0,-1,-1,0,0,0,500,578,580,500,496
b9-16-k18-x560-g580,18,0,60,68,1,0,0,0,60,-1,0,-1,-1,0,0,0,501,578,580,500,496
b9-16-k18-x560-g580,19,1,60,68,0,0,0,0,60,-1,0,-1,-1,0,0,0,502,578,580,500,496
b9-16-k18-x560-g580,20,0,320,69,0,0,0,0,320,-1,0,-1,-1,0,0,0,502,578,580,500,496
b9-16-k18-x560-g580,21,1,321,69,0,0,0,0,320,-1,0,-1,-1,0,0,0,502,578,580,500,496
b9-16-k18-x560-g580,22,0,322,69,0,0,0,0,321,-1,0,-1,-1,0,0,0,502,578,580,500,496
b9-16-k18-x560-g580,23,1,323,3,0,0,0,0,322,-1,0,-1,-1,0,0,0,502,578,580,500,496
b9-16-k18-x560-g580,24,0,335,132,0,0,0,1,335,132,0,1,0,1,1,0,503,593,580,500,496
b9-16-k18-x560-g580,25,1,336,132,0,0,0,0,335,132,0,1,0,1,1,0,503,593,580,500,496
b9-16-k18-x560-g580,26,0,336,132,0,0,0,0,336,132,0,1,0,1,1,0,503,535,580,500,496
b9-16-k18-x560-g580,27,1,337,132,0,0,0,0,336,132,0,1,0,1,1,0,503,535,580,500,496
b9-16-k18-x560-g580,28,0,337,132,0,0,0,0,337,132,0,1,0,1,1,0,503,517,580,500,496
b9-16-k18-x560-g580,29,1,338,132,0,0,0,0,337,132,0,1,0,1,1,0,503,517,580,500,496
b9-16-k18-x560-g580,30,0,339,132,0,0,0,0,338,132,0,1,0,1,1,0,503,512,580,500,496
b9-16-k18-x560-g580,31,1,340,132,0,0,0,0,339,132,0,1,0,1,1,0,503,517,580,500,496
b9-16-k18-x560-g580,32,0,341,136,0,0,0,0,340,136,0,1,0,1,1,0,503,517,580,500,496
b9-16-k18-x560-g580,33,1,341,137,0,0,0,0,341,137,0,1,0,1,1,0,503,525,580,500,496
b9-16-k18-x560-g580,34,0,342,137,0,0,0,0,341,137,0,1,0,1,1,0,503,525,580,500,496
b9-16-k18-x560-g580,35,1,342,137,-3,0,0,0,342,137,0,1,0,1,1,0,503,526,580,400,496
b9-16-k18-x560-g580,36,0,342,137,-2,0,0,0,342,137,0,1,0,1,1,0,503,526,580,400,496
b9-16-k18-x560-g580,37,1,343,137,-1,0,0,0,342,137,0,1,0,1,1,0,503,526,580,400,496
b9-16-k18-x560-g580,38,0,344,233,0,0,0,0,343,232,0,1,0,1,0,0,503,526,580,400,496
b9-16-k18-x560-g580,39,1,344,233,0,0,0,0,344,-1,0,1,0,0,0,0,503,526,580,400,496
b9-16-k18-x560-g580,40,0,344,233,0,0,0,0,344,-1,0,1,0,0,0,0,503,526,580,400,496
b9-16-k19-x540-g560,1,1,0,0,0,0,0,0,0,-1,0,-1,-1,0,0,0,500,540,560,500,500
b9-16-k19-x540-g560,2,0,0,65,0,0,0,0,0,-1,0,-1,-1,0,0,0,500,542,560,500,500
b9-16-k19-x540-g560,3,1,0,65,0,0,0,0,0,-1,0,-1,-1,0,0,0,500,544,560,500,500
b9-16-k19-x540-g560,4,0,0,61,0,0,0,0,0,-1,0,-1,-1,0,0,0,500,546,560,500,500
b9-16-k19-x540-g560,5,1,0,61,3,1,1,0,0,-1,0,-1,-1,0,0,0,500,548,560,500,498
b9-16-k19-x540-g560,6,0,1,61,2,0,0,0,0,-1,0,-1,-1,0,0,0,500,548,560,500,498
b9-16-k19-x540-g560,7,1,1,61,1,0,0,0,1,-1,0,-1,-1,0,0,0,500,548,560,500,498
b9-16-k19-x540-g560,8,0,1,61,0,0,0,0,1,-1,0,-1,-1,0,0,0,500,548,560,500,498
b9-16-k19-x540-g560,9,1,1,62,0,0,0,0,1,-1,0,-1,-1,0,0,0,500,550,560,500,498
b9-16-k19-x540-g560,10,0,1,62,0,0,0,0,1,-1,0,-1,-1,0,0,0,500,551,560,500,498
b9-16-k19-x540-g560,11,1,1,63,0,0,0,0,1,-1,0,-1,-1,0,0,0,500,551,560,500,498
b9-16-k19-x540-g560,12,0,2,66,0,0,0,0,1,-1,0,-1,-1,0,0,0,500,553,560,500,498
b9-16-k19-x540-g560,13,1,2,66,0,0,0,0,2,-1,0,-1,-1,0,0,0,500,555,560,500,498
b9-16-k19-x540-g560,14,0,2,67,0,0,0,0,2,-1,0,-1,-1,0,0,0,500,557,560,500,498
b9-16-k19-x540-g560,15,1,2,68,0,0,0,0,2,-1,0,-1,-1,0,0,0,500,558,560,500,498
b9-16-k19-x540-g560,16,0,2,68,3,1,1,0,2,-1,0,-1,-1,0,0,0,500,558,560,500,496
b9-16-k19-x540-g560,17,1,2,68,2,0,0,0,2,-1,0,-1,-1,0,0,0,500,558,560,500,496
b9-16-k19-x540-g560,18,0,3,68,1,0,0,0,2,-1,0,-1,-1,0,0,0,500,558,560,500,496
b9-16-k19-x540-g560,19,1,3,68,0,0,0,0,3,-1,0,-1,-1,0,0,0,500,558,560,500,496
b9-16-k19-x540-g560,20,0,60,69,0,0,0,0,60,-1,0,-1,-1,0,0,0,501,558,560,500,496
b9-16-k19-x540-g560,21,1,60,69,0,0,0,0,60,-1,0,-1,-1,0,0,0,502,558,560,500,496
b9-16-k19-x540-g560,22,0,320,69,0,0,0,0,320,-1,0,-1,-1,0,0,0,502,558,560,500,496
b9-16-k19-x540-g560,23,1,321,3,0,0,0,0,320,-1,0,-1,-1,0,0,0,502,558,560,500,496
b9-16-k19-x540-g560,24,0,322,3,0,0,0,0,321,-1,0,-1,-1,0,0,0,502,558,560,500,496
b9-16-k19-x540-g560,25,1,336,132,0,0,0,1,336,132,0,1,0,1,1,0,522,554,560,500,496
b9-16-k19-x540-g560,26,0,337,132,0,0,0,0,336,132,0,1,0,1,1,0,522,554,560,500,496
b9-16-k19-x540-g560,27,1,337,132,0,0,0,0,337,132,0,1,0,1,1,0,522,536,560,500,496
b9-16-k19-x540-g560,28,0,338,132,0,0,0,0,337,132,0,1,0,1,1,0,522,536,560,500,496
b9-16-k19-x540-g560,29,1,339,132,0,0,0,0,338,132,0,1,0,1,1,0,522,531,560,500,496
b9-16-k19-x540-g560,30,0,340,132,0,0,0,0,339,132,0,1,0,1,1,0,522,536,560,500,496
b9-16-k19-x540-g560,31,1,341,136,0,0,0,0,340,136,0,1,0,1,1,0,522,536,560,500,496
b9-16-k19-x540-g560,32,0,341,137,0,0,0,0,341,137,0,1,0,1,1,0,522,544,560,500,496
b9-16-k19-x540-g560,33,1,342,137,0,0,0,0,341,137,0,1,0,1,1,0,522,544,560,500,496
b9-16-k19-x540-g560,34,0,342,137,-3,0,0,0,342,137,0,1,0,1,1,0,522,545,560,400,496
b9-16-k19-x540-g560,35,1,342,137,-2,0,0,0,342,137,0,1,0,1,1,0,522,545,560,400,496
b9-16-k19-x540-g560,36,0,343,137,-1,0,0,0,342,137,0,1,0,1,1,0,522,545,560,400,496
b9-16-k19-x540-g560,37,1,344,233,0,0,0,0,343,232,0,1,0,1,0,0,522,545,560,400,496
b9-16-k19-x540-g560,38,0,344,233,0,0,0,0,344,-1,0,1,0,0,0,0,522,545,560,400,496
b9-16-k19-x540-g560,39,1,344,233,0,0,0,0,344,-1,0,1,0,0,0,0,522,545,560,400,496
b9-16-k19-x540-g560,40,0,344,233,0,0,0,0,344,-1,0,1,0,0,0,0,522,545,560,400,496
b9-16-k19-x560-g580,1,1,0,0,0,0,0,0,0,-1,0,-1,-1,0,0,0,500,560,580,500,500
b9-16-k19-x560-g580,2,0,0,65,0,0,0,0,0,-1,0,-1,-1,0,0,0,500,562,580,500,500
b9-16-k19-x560-g580,3,1,0,65,0,0,0,0,0,-1,0,-1,-1,0,0,0,500,564,580,500,500
b9-16-k19-x560-g580,4,0,0,61,0,0,0,0,0,-1,0,-1,-1,0,0,0,500,566,580,500,500
b9-16-k19-x560-g580,5,1,0,61,3,1,1,0,0,-1,0,-1,-1,0,0,0,500,568,580,500,498
b9-16-k19-x560-g580,6,0,1,61,2,0,0,0,0,-1,0,-1,-1,0,0,0,500,568,580,500,498
b9-16-k19-x560-g580,7,1,1,61,1,0,0,0,1,-1,0,-1,-1,0,0,0,500,568,580,500,498
b9-16-k19-x560-g580,8,0,1,61,0,0,0,0,1,-1,0,-1,-1,0,0,0,500,568,580,500,498
b9-16-k19-x560-g580,9,1,1,62,0,0,0,0,1,-1,0,-1,-1,0,0,0,500,570,580,500,498
b9-16-k19-x560-g580,10,0,1,62,0,0,0,0,1,-1,0,-1,-1,0,0,0,500,571,580,500,498
b9-16-k19-x560-g580,11,1,1,63,0,0,0,0,1,-1,0,-1,-1,0,0,0,500,571,580,500,498
b9-16-k19-x560-g580,12,0,2,66,0,0,0,0,1,-1,0,-1,-1,0,0,0,500,573,580,500,498
b9-16-k19-x560-g580,13,1,2,66,0,0,0,0,2,-1,0,-1,-1,0,0,0,500,575,580,500,498
b9-16-k19-x560-g580,14,0,2,67,0,0,0,0,2,-1,0,-1,-1,0,0,0,500,577,580,500,498
b9-16-k19-x560-g580,15,1,2,68,0,0,0,0,2,-1,0,-1,-1,0,0,0,500,578,580,500,498
b9-16-k19-x560-g580,16,0,2,68,3,1,1,0,2,-1,0,-1,-1,0,0,0,500,578,580,500,496
b9-16-k19-x560-g580,17,1,2,68,2,0,0,0,2,-1,0,-1,-1,0,0,0,500,578,580,500,496
b9-16-k19-x560-g580,18,0,3,68,1,0,0,0,2,-1,0,-1,-1,0,0,0,500,578,580,500,496
b9-16-k19-x560-g580,19,1,3,68,0,0,0,0,3,-1,0,-1,-1,0,0,0,500,578,580,500,496
b9-16-k19-x560-g580,20,0,60,69,0,0,0,0,60,-1,0,-1,-1,0,0,0,501,578,580,500,496
b9-16-k19-x560-g580,21,1,60,69,0,0,0,0,60,-1,0,-1,-1,0,0,0,502,578,580,500,496
b9-16-k19-x560-g580,22,0,320,69,0,0,0,0,320,-1,0,-1,-1,0,0,0,502,578,580,500,496
b9-16-k19-x560-g580,23,1,321,3,0,0,0,0,320,-1,0,-1,-1,0,0,0,502,578,580,500,496
b9-16-k19-x560-g580,24,0,322,3,0,0,0,0,321,-1,0,-1,-1,0,0,0,502,578,580,500,496
b9-16-k19-x560-g580,25,1,323,3,0,0,0,0,322,-1,0,-1,-1,0,0,0,502,578,580,500,496
b9-16-k19-x560-g580,26,0,335,132,0,0,0,1,335,132,0,1,0,1,1,0,503,593,580,500,496
b9-16-k19-x560-g580,27,1,336,132,0,0,0,0,335,132,0,1,0,1,1,0,503,593,580,500,496
b9-16-k19-x560-g580,28,0,336,132,0,0,0,0,336,132,0,1,0,1,1,0,503,535,580,500,496
b9-16-k19-x560-g580,29,1,337,132,0,0,0,0,336,132,0,1,0,1,1,0,503,535,580,500,496
b9-16-k19-x560-g580,30,0,337,132,0,0,0,0,337,132,0,1,0,1,1,0,503,517,580,500,496
b9-16-k19-x560-g580,31,1,338,132,0,0,0,0,337,132,0,1,0,1,1,0,503,517,580,500,496
b9-16-k19-x560-g580,32,0,339,132,0,0,0,0,338,132,0,1,0,1,1,0,503,512,580,500,496
b9-16-k19-x560-g580,33,1,340,132,0,0,0,0,339,132,0,1,0,1,1,0,503,517,580,500,496
b9-16-k19-x560-g580,34,0,341,136,0,0,0,0,340,136,0,1,0,1,1,0,503,517,580,500,496
b9-16-k19-x560-g580,35,1,341,137,0,0,0,0,341,137,0,1,0,1,1,0,503,525,580,500,496
b9-16-k19-x560-g580,36,0,342,137,0,0,0,0,341,137,0,1,0,1,1,0,503,525,580,500,496
b9-16-k19-x560-g580,37,1,342,137,-3,0,0,0,342,137,0,1,0,1,1,0,503,526,580,400,496
b9-16-k19-x560-g580,38,0,342,137,-2,0,0,0,342,137,0,1,0,1,1,0,503,526,580,400,496
b9-16-k19-x560-g580,39,1,343,137,-1,0,0,0,342,137,0,1,0,1,1,0,503,526,580,400,496
b9-16-k19-x560-g580,40,0,344,233,0,0,0,0,343,232,0,1,0,1,0,0,503,526,580,400,496
b9-17-k13-x540-g560,1,1,0,0,0,0,0,0,0,-1,0,-1,-1,0,0,0,500,540,560,500,500
b9-17-k13-x540-g560,2,0,0,65,0,0,0,0,0,-1,0,-1,-1,0,0,0,500,542,560,500,500
b9-17-k13-x540-g560,3,1,0,65,0,0,0,0,0,-1,0,-1,-1,0,0,0,500,544,560,500,500
b9-17-k13-x540-g560,4,0,0,61,0,0,0,0,0,-1,0,-1,-1,0,0,0,500,546,560,500,500
b9-17-k13-x540-g560,5,1,0,61,3,1,1,0,0,-1,0,-1,-1,0,0,0,500,548,560,500,498
b9-17-k13-x540-g560,6,0,1,61,2,0,0,0,0,-1,0,-1,-1,0,0,0,500,548,560,500,498
b9-17-k13-x540-g560,7,1,1,61,1,0,0,0,1,-1,0,-1,-1,0,0,0,500,548,560,500,498
b9-17-k13-x540-g560,8,0,1,61,0,0,0,0,1,-1,0,-1,-1,0,0,0,500,548,560,500,498
b9-17-k13-x540-g560,9,1,1,62,0,0,0,0,1,-1,0,-1,-1,0,0,0,500,550,560,500,498
b9-17-k13-x540-g560,10,0,1,62,0,0,0,0,1,-1,0,-1,-1,0,0,0,500,551,560,500,498
b9-17-k13-x540-g560,11,1,1,63,0,0,0,0,1,-1,0,-1,-1,0,0,0,500,551,560,500,498
b9-17-k13-x540-g560,12,0,2,66,0,0,0,0,1,-1,0,-1,-1,0,0,0,500,553,560,500,498
b9-17-k13-x540-g560,13,1,2,66,0,0,0,0,2,-1,0,-1,-1,0,0,0,500,555,560,500,498
b9-17-k13-x540-g560,14,0,60,67,0,0,0,0,60,-1,0,-1,-1,0,0,0,501,557,560,500,498
b9-17-k13-x540-g560,15,1,60,68,0,0,0,0,60,-1,0,-1,-1,0,0,0,502,558,560,500,498
b9-17-k13-x540-g560,16,0,320,68,3,1,1,0,320,-1,0,-1,-1,0,0,0,502,558,560,500,496
b9-17-k13-x540-g560,17,1,321,68,2,0,0,0,320,-1,0,-1,-1,0,0,0,502,558,560,500,496
b9-17-k13-x540-g560,18,0,322,68,1,0,0,0,321,-1,0,-1,-1,0,0,0,502,558,560,500,496
b9-17-k13-x540-g560,19,1,336,132,0,0,0,1,336,132,0,1,0,1,1,0,522,554,560,500,496
b9-17-k13-x540-g560,20,0,337,132,0,0,0,0,336,132,0,1,0,1,1,0,522,554,560,500,496
b9-17-k13-x540-g560,21,1,337,132,0,0,0,0,337,132,0,1,0,1,1,0,522,536,560,500,496
b9-17-k13-x540-g560,22,0,338,132,0,0,0,0,337,132,0,1,0,1,1,0,522,536,560,500,496
b9-17-k13-x540-g560,23,1,339,132,0,0,0,0,338,132,0,1,0,1,1,0,522,531,560,500,496
b9-17-k13-x540-g560,24,0,340,132,0,0,0,0,339,132,0,1,0,1,1,0,522,536,560,500,496
b9-17-k13-x540-g560,25,1,341,136,0,0,0,0,340,136,0,1,0,1,1,0,522,536,560,500,496
b9-17-k13-x540-g560,26,0,341,137,0,0,0,0,341,137,0,1,0,1,1,0,522,544,560,500,496
b9-17-k13-x540-g560,27,1,342,137,0,0,0,0,341,137,0,1,0,1,1,0,522,544,560,500,496
b9-17-k13-x540-g560,28,0,342,137,-3,0,0,0,342,137,0,1,0,1,1,0,522,545,560,400,496
b9-17-k13-x540-g560,29,1,342,137,-2,0,0,0,342,137,0,1,0,1,1,0,522,545,560,400,496
b9-17-k13-x540-g560,30,0,343,137,-1,0,0,0,342,137,0,1,0,1,1,0,522,545,560,400,496
b9-17-k13-x540-g560,31,1,344,233,0,0,0,0,343,232,0,1,0,1,0,0,522,545,560,400,496
b9-17-k13-x540-g560,32,0,344,233,0,0,0,0,344,-1,0,1,0,0,0,0,522,545,560,400,496
b9-17-k13-x540-g560,33,1,344,233,0,0,0,0,344,-1,0,1,0,0,0,0,522,545,560,400,496
b9-17-k13-x540-g560,34,0,344,233,0,0,0,0,344,-1,0,1,0,0,0,0,522,545,560,400,496
b9-17-k13-x540-g560,35,1,344,233,0,0,0,0,344,-1,0,1,0,0,0,0,522,545,560,400,496
b9-17-k13-x540-g560,36,0,344,233,0,0,0,0,344,-1,0,1,0,0,0,0,522,545,560,400,496
b9-17-k13-x540-g560,37,1,345,233,0,0,0,0,344,-1,0,1,0,0,0,0,522,545,560,400,496
b9-17-k13-x540-g560,38,0,345,233,0,0,0,0,345,-1,0,1,0,0,0,0,522,545,560,400,496
b9-17-k13-x540-g560,39,1,345,233,0,0,0,0,345,-1,0,1,0,0,0,0,522,545,560,400,496
b9-17-k13-x540-g560,40,0,345,233,0,0,0,0,345,-1,0,1,0,0,0,0,522,545,560,400,496
b9-17-k13-x560-g580,1,1,0,0,0,0,0,0,0,-1,0,-1,-1,0,0,0,500,560,580,500,500
b9-17-k13-x560-g580,2,0,0,65,0,0,0,0,0,-1,0,-1,-1,0,0,0,500,562,580,500,500
b9-17-k13-x560-g580,3,1,0,65,0,0,0,0,0,-1,0,-1,-1,0,0,0,500,564,580,500,500
b9-17-k13-x560-g580,4,0,0,61,0,0,0,0,0,-1,0,-1,-1,0,0,0,500,566,580,500,500
b9-17-k13-x560-g580,5,1,0,61,3,1,1,0,0,-1,0,-1,-1,0,0,0,500,568,580,500,498
b9-17-k13-x560-g580,6,0,1,61,2,0,0,0,0,-1,0,-1,-1,0,0,0,500,568,580,500,498
b9-17-k13-x560-g580,7,1,1,61,1,0,0,0,1,-1,0,-1,-1,0,0,0,500,568,580,500,498
b9-17-k13-x560-g580,8,0,1,61,0,0,0,0,1,-1,0,-1,-1,0,0,0,500,568,580,500,498
b9-17-k13-x560-g580,9,1,1,62,0,0,0,0,1,-1,0,-1,-1,0,0,0,500,570,580,500,498
b9-17-k13-x560-g580,10,0,1,62,0,0,0,0,1,-1,0,-1,-1,0,0,0,500,571,580,500,498
b9-17-k13-x560-g580,11,1,1,63,0,0,0,0,1,-1,0,-1,-1,0,0,0,500,571,580,500,498
b9-17-k13-x560-g580,12,0,2,66,0,0,0,0,1,-1,0,-1,-1,0,0,0,500,573,580,500,498
b9-17-k13-x560-g580,13,1,2,66,0,0,0,0,2,-1,0,-1,-1,0,0,0,500,575,580,500,498
b9-17-k13-x560-g580,14,0,60,67,0,0,0,0,60,-1,0,-1,-1,0,0,0,501,577,580,500,498
b9-17-k13-x560-g580,15,1,60,68,0,0,0,0,60,-1,0,-1,-1,0,0,0,502,578,580,500,498
b9-17-k13-x560-g580,16,0,320,68,3,1,1,0,320,-1,0,-1,-1,0,0,0,502,578,580,500,496
b9-17-k13-x560-g580,17,1,321,68,2,0,0,0,320,-1,0,-1,-1,0,0,0,502,578,580,500,496
b9-17-k13-x560-g580,18,0,322,68,1,0,0,0,321,-1,0,-1,-1,0,0,0,502,578,580,500,496
b9-17-k13-x560-g580,19,1,323,68,0,0,0,0,322,-1,0,-1,-1,0,0,0,502,578,580,500,496
b9-17-k13-x560-g580,20,0,335,132,0,0,0,1,335,132,0,1,0,1,1,0,503,593,580,500,496
b9-17-k13-x560-g580,21,1,336,132,0,0,0,0,335,132,0,1,0,1,1,0,503,593,580,500,496
b9-17-k13-x560-g580,22,0,336,132,0,0,0,0,336,132,0,1,0,1,1,0,503,535,580,500,496
b9-17-k13-x560-g580,23,1,337,132,0,0,0,0,336,132,0,1,0,1,1,0,503,535,580,500,496
b9-17-k13-x560-g580,24,0,337,132,0,0,0,0,337,132,0,1,0,1,1,0,503,517,580,500,496
b9-17-k13-x560-g580,25,1,338,132,0,0,0,0,337,132,0,1,0,1,1,0,503,517,580,500,496
b9-17-k13-x560-g580,26,0,339,132,0,0,0,0,338,132,0,1,0,1,1,0,503,512,580,500,496
b9-17-k13-x560-g580,27,1,340,132,0,0,0,0,339,132,0,1,0,1,1,0,503,517,580,500,496
b9-17-k13-x560-g580,28,0,341,136,0,0,0,0,340,136,0,1,0,1,1,0,503,517,580,500,496
b9-17-k13-x560-g580,29,1,341,137,0,0,0,0,341,137,0,1,0,1,1,0,503,525,580,500,496
b9-17-k13-x560-g580,30,0,342,137,0,0,0,0,341,137,0,1,0,1,1,0,503,525,580,500,496
b9-17-k13-x560-g580,31,1,342,137,-3,0,0,0,342,137,0,1,0,1,1,0,503,526,580,400,496
b9-17-k13-x560-g580,32,0,342,137,-2,0,0,0,342,137,0,1,0,1,1,0,503,526,580,400,496
b9-17-k13-x560-g580,33,1,343,137,-1,0,0,0,342,137,0,1,0,1,1,0,503,526,580,400,496
b9-17-k13-x560-g580,34,0,344,233,0,0,0,0,343,232,0,1,0,1,0,0,503,526,580,400,496
b9-17-k13-x560-g580,35,1,344,233,0,0,0,0,344,-1,0,1,0,0,0,0,503,526,580,400,496
b9-17-k13-x560-g580,36,0,344,233,0,0,0,0,344,-1,0,1,0,0,0,0,503,526,580,400,496
b9-17-k13-x560-g580,37,1,344,233,0,0,0,0,344,-1,0,1,0,0,0,0,503,526,580,400,496
b9-17-k13-x560-g580,38,0,344,233,0,0,0,0,344,-1,0,1,0,0,0,0,503,526,580,400,496
b9-17-k13-x560-g580,39,1,344,233,0,0,0,0,344,-1,0,1,0,0,0,0,503,526,580,400,496
b9-17-k13-x560-g580,40,0,345,233,0,0,0,0,344,-1,0,1,0,0,0,0,503,526,580,400,496
b9-17-k14-x540-g560,1,1,0,0,0,0,0,0,0,-1,0,-1,-1,0,0,0,500,540,560,500,500
b9-17-k14-x540-g560,2,0,0,65,0,0,0,0,0,-1,0,-1,-1,0,0,0,500,542,560,500,500
b9-17-k14-x540-g560,3,1,0,65,0,0,0,0,0,-1,0,-1,-1,0,0,0,500,544,560,500,500
b9-17-k14-x540-g560,4,0,0,61,0,0,0,0,0,-1,0,-1,-1,0,0,0,500,546,560,500,500
b9-17-k14-x540-g560,5,1,0,61,3,1,1,0,0,-1,0,-1,-1,0,0,0,500,548,560,500,498
b9-17-k14-x540-g560,6,0,1,61,2,0,0,0,0,-1,0,-1,-1,0,0,0,500,548,560,500,498
b9-17-k14-x540-g560,7,1,1,61,1,0,0,0,1,-1,0,-1,-1,0,0,0,500,548,560,500,498
b9-17-k14-x540-g560,8,0,1,61,0,0,0,0,1,-1,0,-1,-1,0,0,0,500,548,560,500,498
b9-17-k14-x540-g560,9,1,1,62,0,0,0,0,1,-1,0,-1,-1,0,0,0,500,550,560,500,498
b9-17-k14-x540-g560,10,0,1,62,0,0,0,0,1,-1,0,-1,-1,0,0,0,500,551,560,500,498
b9-17-k14-x540-g560,11,1,1,63,0,0,0,0,1,-1,0,-1,-1,0,0,0,500,551,560,500,498
b9-17-k14-x540-g560,12,0,2,66,0,0,0,0,1,-1,0,-1,-1,0,0,0,500,553,560,500,498
b9-17-k14-x540-g560,13,1,2,66,0,0,0,0,2,-1,0,-1,-1,0,0,0,500,555,560,500,498
b9-17-k14-x540-g560,14,0,60,67,0,0,0,0,60,-1,0,-1,-1,0,0,0,501,557,560,500,498
b9-17-k14-x540-g560,15,1,60,68,0,0,0,0,60,-1,0,-1,-1,0,0,0,502,558,560,500,498
b9-17-k14-x540-g560,16,0,320,68,3,1,1,0,320,-1,0,-1,-1,0,0,0,502,558,560,500,496
b9-17-k14-x540-g560,17,1,321,68,2,0,0,0,320,-1,0,-1,-1,0,0,0,502,558,560,500,496
b9-17-k14-x540-g560,18,0,322,68,1,0,0,0,321,-1,0,-1,-1,0,0,0,502,558,560,500,496
b9-17-k14-x540-g560,19,1,336,132,0,0,0,1,336,132,0,1,0,1,1,0,522,554,560,500,496
b9-17-k14-x540-g560,20,0,337,132,0,0,0,0,336,132,0,1,0,1,1,0,522,554,560,500,496
b9-17-k14-x540-g560,21,1,337,132,0,0,0,0,337,132,0,1,0,1,1,0,522,536,560,500,496
b9-17-k14-x540-g560,22,0,338,132,0,0,0,0,337,132,0,1,0,1,1,0,522,536,560,500,496
b9-17-k14-x540-g560,23,1,339,132,0,0,0,0,338,132,0,1,0,1,1,0,522,531,560,500,496
b9-17-k14-x540-g560,24,0,340,132,0,0,0,0,339,132,0,1,0,1,1,0,522,536,560,500,496
b9-17-k14-x540-g560,25,1,341,136,0,0,0,0,340,136,0,1,0,1,1,0,522,536,560,500,496
b9-17-k14-x540-g560,26,0,341,137,0,0,0,0,341,137,0,1,0,1,1,0,522,544,560,500,496
b9-17-k14-x540-g560,27,1,342,137,0,0,0,0,341,137,0,1,0,1,1,0,522,544,560,500,496
b9-17-k14-x540-g560,28,0,342,137,-3,0,0,0,342,137,0,1,0,1,1,0,522,545,560,400,496
b9-17-k14-x540-g560,29,1,342,137,-2,0,0,0,342,137,0,1,0,1,1,0,522,545,560,400,496
b9-17-k14-x540-g560,30,0,343,137,-1,0,0,0,342,137,0,1,0,1,1,0,522,545,560,400,496
b9-17-k14-x540-g560,31,1,344,233,0,0,0,0,343,232,0,1,0,1,0,0,522,545,560,400,496
b9-17-k14-x540-g560,32,0,344,233,0,0,0,0,344,-1,0,1,0,0,0,0,522,545,560,400,496
b9-17-k14-x540-g560,33,1,344,233,0,0,0,0,344,-1,0,1,0,0,0,0,522,545,560,400,496
b9-17-k14-x540-g560,34,0,344,233,0,0,0,0,344,-1,0,1,0,0,0,0,522,545,560,400,496
b9-17-k14-x540-g560,35,1,344,233,0,0,0,0,344,-1,0,1,0,0,0,0,522,545,560,400,496
b9-17-k14-x540-g560,36,0,344,233,0,0,0,0,344,-1,0,1,0,0,0,0,522,545,560,400,496
b9-17-k14-x540-g560,37,1,345,233,0,0,0,0,344,-1,0,1,0,0,0,0,522,545,560,400,496
b9-17-k14-x540-g560,38,0,345,233,0,0,0,0,345,-1,0,1,0,0,0,0,522,545,560,400,496
b9-17-k14-x540-g560,39,1,345,233,0,0,0,0,345,-1,0,1,0,0,0,0,522,545,560,400,496
b9-17-k14-x540-g560,40,0,345,233,0,0,0,0,345,-1,0,1,0,0,0,0,522,545,560,400,496
b9-17-k14-x560-g580,1,1,0,0,0,0,0,0,0,-1,0,-1,-1,0,0,0,500,560,580,500,500
b9-17-k14-x560-g580,2,0,0,65,0,0,0,0,0,-1,0,-1,-1,0,0,0,500,562,580,500,500
b9-17-k14-x560-g580,3,1,0,65,0,0,0,0,0,-1,0,-1,-1,0,0,0,500,564,580,500,500
b9-17-k14-x560-g580,4,0,0,61,0,0,0,0,0,-1,0,-1,-1,0,0,0,500,566,580,500,500
b9-17-k14-x560-g580,5,1,0,61,3,1,1,0,0,-1,0,-1,-1,0,0,0,500,568,580,500,498
b9-17-k14-x560-g580,6,0,1,61,2,0,0,0,0,-1,0,-1,-1,0,0,0,500,568,580,500,498
b9-17-k14-x560-g580,7,1,1,61,1,0,0,0,1,-1,0,-1,-1,0,0,0,500,568,580,500,498
b9-17-k14-x560-g580,8,0,1,61,0,0,0,0,1,-1,0,-1,-1,0,0,0,500,568,580,500,498
b9-17-k14-x560-g580,9,1,1,62,0,0,0,0,1,-1,0,-1,-1,0,0,0,500,570,580,500,498
b9-17-k14-x560-g580,10,0,1,62,0,0,0,0,1,-1,0,-1,-1,0,0,0,500,571,580,500,498
b9-17-k14-x560-g580,11,1,1,63,0,0,0,0,1,-1,0,-1,-1,0,0,0,500,571,580,500,498
b9-17-k14-x560-g580,12,0,2,66,0,0,0,0,1,-1,0,-1,-1,0,0,0,500,573,580,500,498
b9-17-k14-x560-g580,13,1,2,66,0,0,0,0,2,-1,0,-1,-1,0,0,0,500,575,580,500,498
b9-17-k14-x560-g580,14,0,60,67,0,0,0,0,60,-1,0,-1,-1,0,0,0,501,577,580,500,498
b9-17-k14-x560-g580,15,1,60,68,0,0,0,0,60,-1,0,-1,-1,0,0,0,502,578,580,500,498
b9-17-k14-x560-g580,16,0,320,68,3,1,1,0,320,-1,0,-1,-1,0,0,0,502,578,580,500,496
b9-17-k14-x560-g580,17,1,321,68,2,0,0,0,320,-1,0,-1,-1,0,0,0,502,578,580,500,496
b9-17-k14-x560-g580,18,0,322,68,1,0,0,0,321,-1,0,-1,-1,0,0,0,502,578,580,500,496
b9-17-k14-x560-g580,19,1,323,68,0,0,0,0,322,-1,0,-1,-1,0,0,0,502,578,580,500,496
b9-17-k14-x560-g580,20,0,335,132,0,0,0,1,335,132,0,1,0,1,1,0,503,593,580,500,496
b9-17-k14-x560-g580,21,1,336,132,0,0,0,0,335,132,0,1,0,1,1,0,503,593,580,500,496
b9-17-k14-x560-g580,22,0,336,132,0,0,0,0,336,132,0,1,0,1,1,0,503,535,580,500,496
b9-17-k14-x560-g580,23,1,337,132,0,0,0,0,336,132,0,1,0,1,1,0,503,535,580,500,496
b9-17-k14-x560-g580,24,0,337,132,0,0,0,0,337,132,0,1,0,1,1,0,503,517,580,500,496
b9-17-k14-x560-g580,25,1,338,132,0,0,0,0,337,132,0,1,0,1,1,0,503,517,580,500,496
b9-17-k14-x560-g580,26,0,339,132,0,0,0,0,338,132,0,1,0,1,1,0,503,512,580,500,496
b9-17-k14-x560-g580,27,1,340,132,0,0,0,0,339,132,0,1,0,1,1,0,503,517,580,500,496
b9-17-k14-x560-g580,28,0,341,136,0,0,0,0,340,136,0,1,0,1,1,0,503,517,580,500,496
b9-17-k14-x560-g580,29,1,341,137,0,0,0,0,341,137,0,1,0,1,1,0,503,525,580,500,496
b9-17-k14-x560-g580,30,0,342,137,0,0,0,0,341,137,0,1,0,1,1,0,503,525,580,500,496
b9-17-k14-x560-g580,31,1,342,137,-3,0,0,0,342,137,0,1,0,1,1,0,503,526,580,400,496
b9-17-k14-x560-g580,32,0,342,137,-2,0,0,0,342,137,0,1,0,1,1,0,503,526,580,400,496
b9-17-k14-x560-g580,33,1,343,137,-1,0,0,0,342,137,0,1,0,1,1,0,503,526,580,400,496
b9-17-k14-x560-g580,34,0,344,233,0,0,0,0,343,232,0,1,0,1,0,0,503,526,580,400,496
b9-17-k14-x560-g580,35,1,344,233,0,0,0,0,344,-1,0,1,0,0,0,0,503,526,580,400,496
b9-17-k14-x560-g580,36,0,344,233,0,0,0,0,344,-1,0,1,0,0,0,0,503,526,580,400,496
b9-17-k14-x560-g580,37,1,344,233,0,0,0,0,344,-1,0,1,0,0,0,0,503,526,580,400,496
b9-17-k14-x560-g580,38,0,344,233,0,0,0,0,344,-1,0,1,0,0,0,0,503,526,580,400,496
b9-17-k14-x560-g580,39,1,344,233,0,0,0,0,344,-1,0,1,0,0,0,0,503,526,580,400,496
b9-17-k14-x560-g580,40,0,345,233,0,0,0,0,344,-1,0,1,0,0,0,0,503,526,580,400,496
b9-17-k15-x540-g560,1,1,0,0,0,0,0,0,0,-1,0,-1,-1,0,0,0,500,540,560,500,500
b9-17-k15-x540-g560,2,0,0,65,0,0,0,0,0,-1,0,-1,-1,0,0,0,500,542,560,500,500
b9-17-k15-x540-g560,3,1,0,65,0,0,0,0,0,-1,0,-1,-1,0,0,0,500,544,560,500,500
b9-17-k15-x540-g560,4,0,0,61,0,0,0,0,0,-1,0,-1,-1,0,0,0,500,546,560,500,500
b9-17-k15-x540-g560,5,1,0,61,3,1,1,0,0,-1,0,-1,-1,0,0,0,500,548,560,500,498
b9-17-k15-x540-g560,6,0,1,61,2,0,0,0,0,-1,0,-1,-1,0,0,0,500,548,560,500,498
b9-17-k15-x540-g560,7,1,1,61,1,0,0,0,1,-1,0,-1,-1,0,0,0,500,548,560,500,498
b9-17-k15-x540-g560,8,0,1,61,0,0,0,0,1,-1,0,-1,-1,0,0,0,500,548,560,500,498
b9-17-k15-x540-g560,9,1,1,62,0,0,0,0,1,-1,0,-1,-1,0,0,0,500,550,560,500,498
b9-17-k15-x540-g560,10,0,1,62,0,0,0,0,1,-1,0,-1,-1,0,0,0,500,551,560,500,498
b9-17-k15-x540-g560,11,1,1,63,0,0,0,0,1,-1,0,-1,-1,0,0,0,500,551,560,500,498
b9-17-k15-x540-g560,12,0,2,66,0,0,0,0,1,-1,0,-1,-1,0,0,0,500,553,560,500,498
b9-17-k15-x540-g560,13,1,2,66,0,0,0,0,2,-1,0,-1,-1,0,0,0,500,555,560,500,498
b9-17-k15-x540-g560,14,0,2,67,0,0,0,0,2,-1,0,-1,-1,0,0,0,500,557,560,500,498
b9-17-k15-x540-g560,15,1,2,68,0,0,0,0,2,-1,0,-1,-1,0,0,0,500,558,560,500,498
b9-17-k15-x540-g560,16,0,60,68,3,1,1,0,60,-1,0,-1,-1,0,0,0,501,558,560,500,496
b9-17-k15-x540-g560,17,1,60,68,2,0,0,0,60,-1,0,-1,-1,0,0,0,502,558,560,500,496
b9-17-k15-x540-g560,18,0,320,68,1,0,0,0,320,-1,0,-1,-1,0,0,0,502,558,560,500,496
b9-17-k15-x540-g560,19,1,321,68,0,0,0,0,320,-1,0,-1,-1,0,0,0,502,558,560,500,496
b9-17-k15-x540-g560,20,0,322,69,0,0,0,0,321,-1,0,-1,-1,0,0,0,502,558,560,500,496
b9-17-k15-x540-g560,21,1,336,132,0,0,0,1,336,132,0,1,0,1,1,0,522,554,560,500,496
b9-17-k15-x540-g560,22,0,337,132,0,0,0,0,336,132,0,1,0,1,1,0,522,554,560,500,496
b9-17-k15-x540-g560,23,1,337,132,0,0,0,0,337,132,0,1,0,1,1,0,522,536,560,500,496
b9-17-k15-x540-g560,24,0,338,132,0,0,0,0,337,132,0,1,0,1,1,0,522,536,560,500,496
b9-17-k15-x540-g560,25,1,339,132,0,0,0,0,338,132,0,1,0,1,1,0,522,531,560,500,496
b9-17-k15-x540-g560,26,0,340,132,0,0,0,0,339,132,0,1,0,1,1,0,522,536,560,500,496
b9-17-k15-x540-g560,27,1,341,136,0,0,0,0,340,136,0,1,0,1,1,0,522,536,560,500,496
b9-17-k15-x540-g560,28,0,341,137,0,0,0,0,341,137,0,1,0,1,1,0,522,544,560,500,496
b9-17-k15-x540-g560,29,1,342,137,0,0,0,0,341,137,0,1,0,1,1,0,522,544,560,500,496
b9-17-k15-x540-g560,30,0,342,137,-3,0,0,0,342,137,0,1,0,1,1,0,522,545,560,400,496
b9-17-k15-x540-g560,31,1,342,137,-2,0,0,0,342,137,0,1,0,1,1,0,522,545,560,400,496
b9-17-k15-x540-g560,32,0,343,137,-1,0,0,0,342,137,0,1,0,1,1,0,522,545,560,400,496
b9-17-k15-x540-g560,33,1,344,233,0,0,0,0,343,232,0,1,0,1,0,0,522,545,560,400,496
b9-17-k15-x540-g560,34,0,344,233,0,0,0,0,344,-1,0,1,0,0,0,0,522,545,560,400,496
b9-17-k15-x540-g560,35,1,344,233,0,0,0,0,344,-1,0,1,0,0,0,0,522,545,560,400,496
b9-17-k15-x540-g560,36,0,344,233,0,0,0,0,344,-1,0,1,0,0,0,0,522,545,560,400,496
b9-17-k15-x540-g560,37,1,344,233,0,0,0,0,344,-1,0,1,0,0,0,0,522,545,560,400,496
b9-17-k15-x540-g560,38,0,344,233,0,0,0,0,344,-1,0,1,0,0,0,0,522,545,560,400,496
b9-17-k15-x540-g560,39,1,345,233,0,0,0,0,344,-1,0,1,0,0,0,0,522,545,560,400,496
b9-17-k15-x540-g560,40,0,345,233,0,0,0,0,345,-1,0,1,0,0,0,0,522,545,560,400,496
b9-17-k15-x560-g580,1,1,0,0,0,0,0,0,0,-1,0,-1,-1,0,0,0,500,560,580,500,500
b9-17-k15-x560-g580,2,0,0,65,0,0,0,0,0,-1,0,-1,-1,0,0,0,500,562,580,500,500
b9-17-k15-x560-g580,3,1,0,65,0,0,0,0,0,-1,0,-1,-1,0,0,0,500,564,580,500,500
b9-17-k15-x560-g580,4,0,0,61,0,0,0,0,0,-1,0,-1,-1,0,0,0,500,566,580,500,500
b9-17-k15-x560-g580,5,1,0,61,3,1,1,0,0,-1,0,-1,-1,0,0,0,500,568,580,500,498
b9-17-k15-x560-g580,6,0,1,61,2,0,0,0,0,-1,0,-1,-1,0,0,0,500,568,580,500,498
b9-17-k15-x560-g580,7,1,1,61,1,0,0,0,1,-1,0,-1,-1,0,0,0,500,568,580,500,498
b9-17-k15-x560-g580,8,0,1,61,0,0,0,0,1,-1,0,-1,-1,0,0,0,500,568,580,500,498
b9-17-k15-x560-g580,9,1,1,62,0,0,0,0,1,-1,0,-1,-1,0,0,0,500,570,580,500,498
b9-17-k15-x560-g580,10,0,1,62,0,0,0,0,1,-1,0,-1,-1,0,0,0,500,571,580,500,498
b9-17-k15-x560-g580,11,1,1,63,0,0,0,0,1,-1,0,-1,-1,0,0,0,500,571,580,500,498
b9-17-k15-x560-g580,12,0,2,66,0,0,0,0,1,-1,0,-1,-1,0,0,0,500,573,580,500,498
b9-17-k15-x560-g580,13,1,2,66,0,0,0,0,2,-1,0,-1,-1,0,0,0,500,575,580,500,498
b9-17-k15-x560-g580,14,0,2,67,0,0,0,0,2,-1,0,-1,-1,0,0,0,500,577,580,500,498
b9-17-k15-x560-g580,15,1,2,68,0,0,0,0,2,-1,0,-1,-1,0,0,0,500,578,580,500,498
b9-17-k15-x560-g580,16,0,60,68,3,1,1,0,60,-1,0,-1,-1,0,0,0,501,578,580,500,496
b9-17-k15-x560-g580,17,1,60,68,2,0,0,0,60,-1,0,-1,-1,0,0,0,502,578,580,500,496
b9-17-k15-x560-g580,18,0,320,68,1,0,0,0,320,-1,0,-1,-1,0,0,0,502,578,580,500,496
b9-17-k15-x560-g580,19,1,321,68,0,0,0,0,320,-1,0,-1,-1,0,0,0,502,578,580,500,496
b9-17-k15-x560-g580,20,0,322,69,0,0,0,0,321,-1,0,-1,-1,0,0,0,502,578,580,500,496
b9-17-k15-x560-g580,21,1,323,70,0,0,0,0,322,-1,0,-1,-1,0,0,0,502,578,580,500,496
b9-17-k15-x560-g580,22,0,335,132,0,0,0,1,335,132,0,1,0,1,1,0,503,593,580,500,496
b9-17-k15-x560-g580,23,1,336,132,0,0,0,0,335,132,0,1,0,1,1,0,503,593,580,500,496
b9-17-k15-x560-g580,24,0,336,132,0,0,0,0,336,132,0,1,0,1,1,0,503,535,580,500,496
b9-17-k15-x560-g580,25,1,337,132,0,0,0,0,336,132,0,1,0,1,1,0,503,535,580,500,496
b9-17-k15-x560-g580,26,0,337,132,0,0,0,0,337,132,0,1,0,1,1,0,503,517,580,500,496
b9-17-k15-x560-g580,27,1,338,132,0,0,0,0,337,132,0,1,0,1,1,0,503,517,580,500,496
b9-17-k15-x560-g580,28,0,339,132,0,0,0,0,338,132,0,1,0,1,1,0,503,512,580,500,496
b9-17-k15-x560-g580,29,1,340,132,0,0,0,0,339,132,0,1,0,1,1,0,503,517,580,500,496
b9-17-k15-x560-g580,30,0,341,136,0,0,0,0,340,136,0,1,0,1,1,0,503,517,580,500,496
b9-17-k15-x560-g580,31,1,341,137,0,0,0,0,341,137,0,1,0,1,1,0,503,525,580,500,496
b9-17-k15-x560-g580,32,0,342,137,0,0,0,0,341,137,0,1,0,1,1,0,503,525,580,500,496
b9-17-k15-x560-g580,33,1,342,137,-3,0,0,0,342,137,0,1,0,1,1,0,503,526,580,400,496
b9-17-k15-x560-g580,34,0,342,137,-2,0,0,0,342,137,0,1,0,1,1,0,503,526,580,400,496
b9-17-k15-x560-g580,35,1,343,137,-1,0,0,0,342,137,0,1,0,1,1,0,503,526,580,400,496
b9-17-k15-x560-g580,36,0,344,233,0,0,0,0,343,232,0,1,0,1,0,0,503,526,580,400,496
b9-17-k15-x560-g580,37,1,344,233,0,0,0,0,344,-1,0,1,0,0,0,0,503,526,580,400,496
b9-17-k15-x560-g580,38,0,344,233,0,0,0,0,344,-1,0,1,0,0,0,0,503,526,580,400,496
b9-17-k15-x560-g580,39,1,344,233,0,0,0,0,344,-1,0,1,0,0,0,0,503,526,580,400,496
b9-17-k15-x560-g580,40,0,344,233,0,0,0,0,344,-1,0,1,0,0,0,0,503,526,580,400,496
b9-17-k16-x540-g560,1,1,0,0,0,0,0,0,0,-1,0,-1,-1,0,0,0,500,540,560,500,500
b9-17-k16-x540-g560,2,0,0,65,0,0,0,0,0,-1,0,-1,-1,0,0,0,500,542,560,500,500
b9-17-k16-x540-g560,3,1,0,65,0,0,0,0,0,-1,0,-1,-1,0,0,0,500,544,560,500,500
b9-17-k16-x540-g560,4,0,0,61,0,0,0,0,0,-1,0,-1,-1,0,0,0,500,546,560,500,500
b9-17-k16-x540-g560,5,1,0,61,3,1,1,0,0,-1,0,-1,-1,0,0,0,500,548,560,500,498
b9-17-k16-x540-g560,6,0,1,61,2,0,0,0,0,-1,0,-1,-1,0,0,0,500,548,560,500,498
b9-17-k16-x540-g560,7,1,1,61,1,0,0,0,1,-1,0,-1,-1,0,0,0,500,548,560,500,498
b9-17-k16-x540-g560,8,0,1,61,0,0,0,0,1,-1,0,-1,-1,0,0,0,500,548,560,500,498
b9-17-k16-x540-g560,9,1,1,62,0,0,0,0,1,-1,0,-1,-1,0,0,0,500,550,560,500,498
b9-17-k16-x540-g560,10,0,1,62,0,0,0,0,1,-1,0,-1,-1,0,0,0,500,551,560,500,498
b9-17-k16-x540-g560,11,1,1,63,0,0,0,0,1,-1,0,-1,-1,0,0,0,500,551,560,500,498
b9-17-k16-x540-g560,12,0,2,66,0,0,0,0,1,-1,0,-1,-1,0,0,0,500,553,560,500,498
b9-17-k16-x540-g560,13,1,2,66,0,0,0,0,2,-1,0,-1,-1,0,0,0,500,555,560,500,498
b9-17-k16-x540-g560,14,0,2,67,0,0,0,0,2,-1,0,-1,-1,0,0,0,500,557,560,500,498
b9-17-k16-x540-g560,15,1,2,68,0,0,0,0,2,-1,0,-1,-1,0,0,0,500,558,560,500,498
b9-17-k16-x540-g560,16,0,60,68,3,1,1,0,60,-1,0,-1,-1,0,0,0,501,558,560,500,496
b9-17-k16-x540-g560,17,1,60,68,2,0,0,0,60,-1,0,-1,-1,0,0,0,502,558,560,500,496
b9-17-k16-x540-g560,18,0,320,68,1,0,0,0,320,-1,0,-1,-1,0,0,0,502,558,560,500,496
b9-17-k16-x540-g560,19,1,321,68,0,0,0,0,320,-1,0,-1,-1,0,0,0,502,558,560,500,496
b9-17-k16-x540-g560,20,0,322,69,0,0,0,0,321,-1,0,-1,-1,0,0,0,502,558,560,500,496
b9-17-k16-x540-g560,21,1,336,132,0,0,0,1,336,132,0,1,0,1,1,0,522,554,560,500,496
b9-17-k16-x540-g560,22,0,337,132,0,0,0,0,336,132,0,1,0,1,1,0,522,554,560,500,496
b9-17-k16-x540-g560,23,1,337,132,0,0,0,0,337,132,0,1,0,1,1,0,522,536,560,500,496
b9-17-k16-x540-g560,24,0,338,132,0,0,0,0,337,132,0,1,0,1,1,0,522,536,560,500,496
b9-17-k16-x540-g560,25,1,339,132,0,0,0,0,338,132,0,1,0,1,1,0,522,531,560,500,496
b9-17-k16-x540-g560,26,0,340,132,0,0,0,0,339,132,0,1,0,1,1,0,522,536,560,500,496
b9-17-k16-x540-g560,27,1,341,136,0,0,0,0,340,136,0,1,0,1,1,0,522,536,560,500,496
b9-17-k16-x540-g560,28,0,341,137,0,0,0,0,341,137,0,1,0,1,1,0,522,544,560,500,496
b9-17-k16-x540-g560,29,1,342,137,0,0,0,0,341,137,0,1,0,1,1,0,522,544,560,500,496
b9-17-k16-x540-g560,30,0,342,137,-3,0,0,0,342,137,0,1,0,1,1,0,522,545,560,400,496
b9-17-k16-x540-g560,31,1,342,137,-2,0,0,0,342,137,0,1,0,1,1,0,522,545,560,400,496
b9-17-k16-x540-g560,32,0,343,137,-1,0,0,0,342,137,0,1,0,1,1,0,522,545,560,400,496
b9-17-k16-x540-g560,33,1,344,233,0,0,0,0,343,232,0,1,0,1,0,0,522,545,560,400,496
b9-17-k16-x540-g560,34,0,344,233,0,0,0,0,344,-1,0,1,0,0,0,0,522,545,560,400,496
b9-17-k16-x540-g560,35,1,344,233,0,0,0,0,344,-1,0,1,0,0,0,0,522,545,560,400,496
b9-17-k16-x540-g560,36,0,344,233,0,0,0,0,344,-1,0,1,0,0,0,0,522,545,560,400,496
b9-17-k16-x540-g560,37,1,344,233,0,0,0,0,344,-1,0,1,0,0,0,0,522,545,560,400,496
b9-17-k16-x540-g560,38,0,344,233,0,0,0,0,344,-1,0,1,0,0,0,0,522,545,560,400,496
b9-17-k16-x540-g560,39,1,345,233,0,0,0,0,344,-1,0,1,0,0,0,0,522,545,560,400,496
b9-17-k16-x540-g560,40,0,345,233,0,0,0,0,345,-1,0,1,0,0,0,0,522,545,560,400,496
b9-17-k16-x560-g580,1,1,0,0,0,0,0,0,0,-1,0,-1,-1,0,0,0,500,560,580,500,500
b9-17-k16-x560-g580,2,0,0,65,0,0,0,0,0,-1,0,-1,-1,0,0,0,500,562,580,500,500
b9-17-k16-x560-g580,3,1,0,65,0,0,0,0,0,-1,0,-1,-1,0,0,0,500,564,580,500,500
b9-17-k16-x560-g580,4,0,0,61,0,0,0,0,0,-1,0,-1,-1,0,0,0,500,566,580,500,500
b9-17-k16-x560-g580,5,1,0,61,3,1,1,0,0,-1,0,-1,-1,0,0,0,500,568,580,500,498
b9-17-k16-x560-g580,6,0,1,61,2,0,0,0,0,-1,0,-1,-1,0,0,0,500,568,580,500,498
b9-17-k16-x560-g580,7,1,1,61,1,0,0,0,1,-1,0,-1,-1,0,0,0,500,568,580,500,498
b9-17-k16-x560-g580,8,0,1,61,0,0,0,0,1,-1,0,-1,-1,0,0,0,500,568,580,500,498
b9-17-k16-x560-g580,9,1,1,62,0,0,0,0,1,-1,0,-1,-1,0,0,0,500,570,580,500,498
b9-17-k16-x560-g580,10,0,1,62,0,0,0,0,1,-1,0,-1,-1,0,0,0,500,571,580,500,498
b9-17-k16-x560-g580,11,1,1,63,0,0,0,0,1,-1,0,-1,-1,0,0,0,500,571,580,500,498
b9-17-k16-x560-g580,12,0,2,66,0,0,0,0,1,-1,0,-1,-1,0,0,0,500,573,580,500,498
b9-17-k16-x560-g580,13,1,2,66,0,0,0,0,2,-1,0,-1,-1,0,0,0,500,575,580,500,498
b9-17-k16-x560-g580,14,0,2,67,0,0,0,0,2,-1,0,-1,-1,0,0,0,500,577,580,500,498
b9-17-k16-x560-g580,15,1,2,68,0,0,0,0,2,-1,0,-1,-1,0,0,0,500,578,580,500,498
b9-17-k16-x560-g580,16,0,60,68,3,1,1,0,60,-1,0,-1,-1,0,0,0,501,578,580,500,496
b9-17-k16-x560-g580,17,1,60,68,2,0,0,0,60,-1,0,-1,-1,0,0,0,502,578,580,500,496
b9-17-k16-x560-g580,18,0,320,68,1,0,0,0,320,-1,0,-1,-1,0,0,0,502,578,580,500,496
b9-17-k16-x560-g580,19,1,321,68,0,0,0,0,320,-1,0,-1,-1,0,0,0,502,578,580,500,496
b9-17-k16-x560-g580,20,0,322,69,0,0,0,0,321,-1,0,-1,-1,0,0,0,502,578,580,500,496
b9-17-k16-x560-g580,21,1,323,70,0,0,0,0,322,-1,0,-1,-1,0,0,0,502,578,580,500,496
b9-17-k16-x560-g580,22,0,335,132,0,0,0,1,335,132,0,1,0,1,1,0,503,593,580,500,496
b9-17-k16-x560-g580,23,1,336,132,0,0,0,0,335,132,0,1,0,1,1,0,503,593,580,500,496
b9-17-k16-x560-g580,24,0,336,132,0,0,0,0,336,132,0,1,0,1,1,0,503,535,580,500,496
b9-17-k16-x560-g580,25,1,337,132,0,0,0,0,336,132,0,1,0,1,1,0,503,535,580,500,496
b9-17-k16-x560-g580,26,0,337,132,0,0,0,0,337,132,0,1,0,1,1,0,503,517,580,500,496
b9-17-k16-x560-g580,27,1,338,132,0,0,0,0,337,132,0,1,0,1,1,0,503,517,580,500,496
b9-17-k16-x560-g580,28,0,339,132,0,0,0,0,338,132,0,1,0,1,1,0,503,512,580,500,496
b9-17-k16-x560-g580,29,1,340,132,0,0,0,0,339,132,0,1,0,1,1,0,503,517,580,500,496
b9-17-k16-x560-g580,30,0,341,136,0,0,0,0,340,136,0,1,0,1,1,0,503,517,580,500,496
b9-17-k16-x560-g580,31,1,341,137,0,0,0,0,341,137,0,1,0,1,1,0,503,525,580,500,496
b9-17-k16-x560-g580,32,0,342,137,0,0,0,0,341,137,0,1,0,1,1,0,503,525,580,500,496
b9-17-k16-x560-g580,33,1,342,137,-3,0,0,0,342,137,0,1,0,1,1,0,503,526,580,400,496
b9-17-k16-x560-g580,34,0,342,137,-2,0,0,0,342,137,0,1,0,1,1,0,503,526,580,400,496
b9-17-k16-x560-g580,35,1,343,137,-1,0,0,0,342,137,0,1,0,1,1,0,503,526,580,400,496
b9-17-k16-x560-g580,36,0,344,233,0,0,0,0,343,232,0,1,0,1,0,0,503,526,580,400,496
b9-17-k16-x560-g580,37,1,344,233,0,0,0,0,344,-1,0,1,0,0,0,0,503,526,580,400,496
b9-17-k16-x560-g580,38,0,344,233,0,0,0,0,344,-1,0,1,0,0,0,0,503,526,580,400,496
b9-17-k16-x560-g580,39,1,344,233,0,0,0,0,344,-1,0,1,0,0,0,0,503,526,580,400,496
b9-17-k16-x560-g580,40,0,344,233,0,0,0,0,344,-1,0,1,0,0,0,0,503,526,580,400,496
b9-17-k17-x540-g560,1,1,0,0,0,0,0,0,0,-1,0,-1,-1,0,0,0,500,540,560,500,500
b9-17-k17-x540-g560,2,0,0,65,0,0,0,0,0,-1,0,-1,-1,0,0,0,500,542,560,500,500
b9-17-k17-x540-g560,3,1,0,65,0,0,0,0,0,-1,0,-1,-1,0,0,0,500,544,560,500,500
b9-17-k17-x540-g560,4,0,0,61,0,0,0,0,0,-1,0,-1,-1,0,0,0,500,546,560,500,500
b9-17-k17-x540-g560,5,1,0,61,3,1,1,0,0,-1,0,-1,-1,0,0,0,500,548,560,500,498
b9-17-k17-x540-g560,6,0,1,61,2,0,0,0,0,-1,0,-1,-1,0,0,0,500,548,560,500,498
b9-17-k17-x540-g560,7,1,1,61,1,0,0,0,1,-1,0,-1,-1,0,0,0,500,548,560,500,498
b9-17-k17-x540-g560,8,0,1,61,0,0,0,0,1,-1,0,-1,-1,0,0,0,500,548,560,500,498
b9-17-k17-x540-g560,9,1,1,62,0,0,0,0,1,-1,0,-1,-1,0,0,0,500,550,560,500,498
b9-17-k17-x540-g560,10,0,1,62,0,0,0,0,1,-1,0,-1,-1,0,0,0,500,551,560,500,498
b9-17-k17-x540-g560,11,1,1,63,0,0,0,0,1,-1,0,-1,-1,0,0,0,500,551,560,500,498
b9-17-k17-x540-g560,12,0,2,66,0,0,0,0,1,-1,0,-1,-1,0,0,0,500,553,560,500,498
b9-17-k17-x540-g560,13,1,2,66,0,0,0,0,2,-1,0,-1,-1,0,0,0,500,555,560,500,498
b9-17-k17-x540-g560,14,0,2,67,0,0,0,0,2,-1,0,-1,-1,0,0,0,500,557,560,500,498
b9-17-k17-x540-g560,15,1,2,68,0,0,0,0,2,-1,0,-1,-1,0,0,0,500,558,560,500,498
b9-17-k17-x540-g560,16,0,2,68,3,1,1,0,2,-1,0,-1,-1,0,0,0,500,558,560,500,496
b9-17-k17-x540-g560,17,1,2,68,2,0,0,0,2,-1,0,-1,-1,0,0,0,500,558,560,500,496
b9-17-k17-x540-g560,18,0,60,68,1,0,0,0,60,-1,0,-1,-1,0,0,0,501,558,560,500,496
b9-17-k17-x540-g560,19,1,60,68,0,0,0,0,60,-1,0,-1,-1,0,0,0,502,558,560,500,496
b9-17-k17-x540-g560,20,0,320,69,0,0,0,0,320,-1,0,-1,-1,0,0,0,502,558,560,500,496
b9-17-k17-x540-g560,21,1,321,70,0,0,0,0,320,-1,0,-1,-1,0,0,0,502,558,560,500,496
b9-17-k17-x540-g560,22,0,322,71,0,0,0,0,321,-1,0,-1,-1,0,0,0,502,558,560,500,496
b9-17-k17-x540-g560,23,1,336,132,0,0,0,1,336,132,0,1,0,1,1,0,522,554,560,500,496
b9-17-k17-x540-g560,24,0,337,132,0,0,0,0,336,132,0,1,0,1,1,0,522,554,560,500,496
b9-17-k17-x540-g560,25,1,337,132,0,0,0,0,337,132,0,1,0,1,1,0,522,536,560,500,496
b9-17-k17-x540-g560,26,0,338,132,0,0,0,0,337,132,0,1,0,1,1,0,522,536,560,500,496
b9-17-k17-x540-g560,27,1,339,132,0,0,0,0,338,132,0,1,0,1,1,0,522,531,560,500,496
b9-17-k17-x540-g560,28,0,340,132,0,0,0,0,339,132,0,1,0,1,1,0,522,536,560,500,496
b9-17-k17-x540-g560,29,1,341,136,0,0,0,0,340,136,0,1,0,1,1,0,522,536,560,500,496
b9-17-k17-x540-g560,30,0,341,137,0,0,0,0,341,137,0,1,0,1,1,0,522,544,560,500,496
b9-17-k17-x540-g560,31,1,342,137,0,0,0,0,341,137,0,1,0,1,1,0,522,544,560,500,496
b9-17-k17-x540-g560,32,0,342,137,-3,0,0,0,342,137,0,1,0,1,1,0,522,545,560,400,496
b9-17-k17-x540-g560,33,1,342,137,-2,0,0,0,342,137,0,1,0,1,1,0,522,545,560,400,496
b9-17-k17-x540-g560,34,0,343,137,-1,0,0,0,342,137,0,1,0,1,1,0,522,545,560,400,496
b9-17-k17-x540-g560,35,1,344,233,0,0,0,0,343,232,0,1,0,1,0,0,522,545,560,400,496
b9-17-k17-x540-g560,36,0,344,233,0,0,0,0,344,-1,0,1,0,0,0,0,522,545,560,400,496
b9-17-k17-x540-g560,37,1,344,233,0,0,0,0,344,-1,0,1,0,0,0,0,522,545,560,400,496
b9-17-k17-x540-g560,38,0,344,233,0,0,0,0,344,-1,0,1,0,0,0,0,522,545,560,400,496
b9-17-k17-x540-g560,39,1,344,233,0,0,0,0,344,-1,0,1,0,0,0,0,522,545,560,400,496
b9-17-k17-x540-g560,40,0,344,233,0,0,0,0,344,-1,0,1,0,0,0,0,522,545,560,400,496
b9-17-k17-x560-g580,1,1,0,0,0,0,0,0,0,-1,0,-1,-1,0,0,0,500,560,580,500,500
b9-17-k17-x560-g580,2,0,0,65,0,0,0,0,0,-1,0,-1,-1,0,0,0,500,562,580,500,500
b9-17-k17-x560-g580,3,1,0,65,0,0,0,0,0,-1,0,-1,-1,0,0,0,500,564,580,500,500
b9-17-k17-x560-g580,4,0,0,61,0,0,0,0,0,-1,0,-1,-1,0,0,0,500,566,580,500,500
b9-17-k17-x560-g580,5,1,0,61,3,1,1,0,0,-1,0,-1,-1,0,0,0,500,568,580,500,498
b9-17-k17-x560-g580,6,0,1,61,2,0,0,0,0,-1,0,-1,-1,0,0,0,500,568,580,500,498
b9-17-k17-x560-g580,7,1,1,61,1,0,0,0,1,-1,0,-1,-1,0,0,0,500,568,580,500,498
b9-17-k17-x560-g580,8,0,1,61,0,0,0,0,1,-1,0,-1,-1,0,0,0,500,568,580,500,498
b9-17-k17-x560-g580,9,1,1,62,0,0,0,0,1,-1,0,-1,-1,0,0,0,500,570,580,500,498
b9-17-k17-x560-g580,10,0,1,62,0,0,0,0,1,-1,0,-1,-1,0,0,0,500,571,580,500,498
b9-17-k17-x560-g580,11,1,1,63,0,0,0,0,1,-1,0,-1,-1,0,0,0,500,571,580,500,498
b9-17-k17-x560-g580,12,0,2,66,0,0,0,0,1,-1,0,-1,-1,0,0,0,500,573,580,500,498
b9-17-k17-x560-g580,13,1,2,66,0,0,0,0,2,-1,0,-1,-1,0,0,0,500,575,580,500,498
b9-17-k17-x560-g580,14,0,2,67,0,0,0,0,2,-1,0,-1,-1,0,0,0,500,577,580,500,498
b9-17-k17-x560-g580,15,1,2,68,0,0,0,0,2,-1,0,-1,-1,0,0,0,500,578,580,500,498
b9-17-k17-x560-g580,16,0,2,68,3,1,1,0,2,-1,0,-1,-1,0,0,0,500,578,580,500,496
b9-17-k17-x560-g580,17,1,2,68,2,0,0,0,2,-1,0,-1,-1,0,0,0,500,578,580,500,496
b9-17-k17-x560-g580,18,0,60,68,1,0,0,0,60,-1,0,-1,-1,0,0,0,501,578,580,500,496
b9-17-k17-x560-g580,19,1,60,68,0,0,0,0,60,-1,0,-1,-1,0,0,0,502,578,580,500,496
b9-17-k17-x560-g580,20,0,320,69,0,0,0,0,320,-1,0,-1,-1,0,0,0,502,578,580,500,496
b9-17-k17-x560-g580,21,1,321,70,0,0,0,0,320,-1,0,-1,-1,0,0,0,502,578,580,500,496
b9-17-k17-x560-g580,22,0,322,71,0,0,0,0,321,-1,0,-1,-1,0,0,0,502,578,580,500,496
b9-17-k17-x560-g580,23,1,323,72,0,0,0,0,322,-1,0,-1,-1,0,0,0,502,578,580,500,496
b9-17-k17-x560-g580,24,0,335,132,0,0,0,1,335,132,0,1,0,1,1,0,504,594,580,500,496
b9-17-k17-x560-g580,25,1,336,132,0,0,0,0,335,132,0,1,0,1,1,0,504,594,580,500,496
b9-17-k17-x560-g580,26,0,336,132,0,0,0,0,336,132,0,1,0,1,1,0,504,536,580,500,496
b9-17-k17-x560-g580,27,1,337,132,0,0,0,0,336,132,0,1,0,1,1,0,504,536,580,500,496
b9-17-k17-x560-g580,28,0,337,132,0,0,0,0,337,132,0,1,0,1,1,0,504,518,580,500,496
b9-17-k17-x560-g580,29,1,338,132,0,0,0,0,337,132,0,1,0,1,1,0,504,518,580,500,496
b9-17-k17-x560-g580,30,0,339,132,0,0,0,0,338,132,0,1,0,1,1,0,504,513,580,500,496
b9-17-k17-x560-g580,31,1,340,132,0,0,0,0,339,132,0,1,0,1,1,0,504,518,580,500,496
b9-17-k17-x560-g580,32,0,341,136,0,0,0,0,340,136,0,1,0,1,1,0,504,518,580,500,496
b9-17-k17-x560-g580,33,1,341,137,0,0,0,0,341,137,0,1,0,1,1,0,504,526,580,500,496
b9-17-k17-x560-g580,34,0,342,137,0,0,0,0,341,137,0,1,0,1,1,0,504,526,580,500,496
b9-17-k17-x560-g580,35,1,342,137,-3,0,0,0,342,137,0,1,0,1,1,0,504,527,580,400,496
b9-17-k17-x560-g580,36,0,342,137,-2,0,0,0,342,137,0,1,0,1,1,0,504,527,580,400,496
b9-17-k17-x560-g580,37,1,343,137,-1,0,0,0,342,137,0,1,0,1,1,0,504,527,580,400,496
b9-17-k17-x560-g580,38,0,344,233,0,0,0,0,343,232,0,1,0,1,0,0,504,527,580,400,496
b9-17-k17-x560-g580,39,1,344,233,0,0,0,0,344,-1,0,1,0,0,0,0,504,527,580,400,496
b9-17-k17-x560-g580,40,0,344,233,0,0,0,0,344,-1,0,1,0,0,0,0,504,527,580,400,496
b9-17-k18-x540-g560,1,1,0,0,0,0,0,0,0,-1,0,-1,-1,0,0,0,500,540,560,500,500
b9-17-k18-x540-g560,2,0,0,65,0,0,0,0,0,-1,0,-1,-1,0,0,0,500,542,560,500,500
b9-17-k18-x540-g560,3,1,0,65,0,0,0,0,0,-1,0,-1,-1,0,0,0,500,544,560,500,500
b9-17-k18-x540-g560,4,0,0,61,0,0,0,0,0,-1,0,-1,-1,0,0,0,500,546,560,500,500
b9-17-k18-x540-g560,5,1,0,61,3,1,1,0,0,-1,0,-1,-1,0,0,0,500,548,560,500,498
b9-17-k18-x540-g560,6,0,1,61,2,0,0,0,0,-1,0,-1,-1,0,0,0,500,548,560,500,498
b9-17-k18-x540-g560,7,1,1,61,1,0,0,0,1,-1,0,-1,-1,0,0,0,500,548,560,500,498
b9-17-k18-x540-g560,8,0,1,61,0,0,0,0,1,-1,0,-1,-1,0,0,0,500,548,560,500,498
b9-17-k18-x540-g560,9,1,1,62,0,0,0,0,1,-1,0,-1,-1,0,0,0,500,550,560,500,498
b9-17-k18-x540-g560,10,0,1,62,0,0,0,0,1,-1,0,-1,-1,0,0,0,500,551,560,500,498
b9-17-k18-x540-g560,11,1,1,63,0,0,0,0,1,-1,0,-1,-1,0,0,0,500,551,560,500,498
b9-17-k18-x540-g560,12,0,2,66,0,0,0,0,1,-1,0,-1,-1,0,0,0,500,553,560,500,498
b9-17-k18-x540-g560,13,1,2,66,0,0,0,0,2,-1,0,-1,-1,0,0,0,500,555,560,500,498
b9-17-k18-x540-g560,14,0,2,67,0,0,0,0,2,-1,0,-1,-1,0,0,0,500,557,560,500,498
b9-17-k18-x540-g560,15,1,2,68,0,0,0,0,2,-1,0,-1,-1,0,0,0,500,558,560,500,498
b9-17-k18-x540-g560,16,0,2,68,3,1,1,0,2,-1,0,-1,-1,0,0,0,500,558,560,500,496
b9-17-k18-x540-g560,17,1,2,68,2,0,0,0,2,-1,0,-1,-1,0,0,0,500,558,560,500,496
b9-17-k18-x540-g560,18,0,60,68,1,0,0,0,60,-1,0,-1,-1,0,0,0,501,558,560,500,496
b9-17-k18-x540-g560,19,1,60,68,0,0,0,0,60,-1,0,-1,-1,0,0,0,502,558,560,500,496
b9-17-k18-x540-g560,20,0,320,69,0,0,0,0,320,-1,0,-1,-1,0,0,0,502,558,560,500,496
b9-17-k18-x540-g560,21,1,321,70,0,0,0,0,320,-1,0,-1,-1,0,0,0,502,558,560,500,496
b9-17-k18-x540-g560,22,0,322,71,0,0,0,0,321,-1,0,-1,-1,0,0,0,502,558,560,500,496
b9-17-k18-x540-g560,23,1,336,132,0,0,0,1,336,132,0,1,0,1,1,0,522,554,560,500,496
b9-17-k18-x540-g560,24,0,337,132,0,0,0,0,336,132,0,1,0,1,1,0,522,554,560,500,496
b9-17-k18-x540-g560,25,1,337,132,0,0,0,0,337,132,0,1,0,1,1,0,522,536,560,500,496
b9-17-k18-x540-g560,26,0,338,132,0,0,0,0,337,132,0,1,0,1,1,0,522,536,560,500,496
b9-17-k18-x540-g560,27,1,339,132,0,0,0,0,338,132,0,1,0,1,1,0,522,531,560,500,496
b9-17-k18-x540-g560,28,0,340,132,0,0,0,0,339,132,0,1,0,1,1,0,522,536,560,500,496
b9-17-k18-x540-g560,29,1,341,136,0,0,0,0,340,136,0,1,0,1,1,0,522,536,560,500,496
b9-17-k18-x540-g560,30,0,341,137,0,0,0,0,341,137,0,1,0,1,1,0,522,544,560,500,496
b9-17-k18-x540-g560,31,1,342,137,0,0,0,0,341,137,0,1,0,1,1,0,522,544,560,500,496
b9-17-k18-x540-g560,32,0,342,137,-3,0,0,0,342,137,0,1,0,1,1,0,522,545,560,400,496
b9-17-k18-x540-g560,33,1,342,137,-2,0,0,0,342,137,0,1,0,1,1,0,522,545,560,400,496
b9-17-k18-x540-g560,34,0,343,137,-1,0,0,0,342,137,0,1,0,1,1,0,522,545,560,400,496
b9-17-k18-x540-g560,35,1,344,233,0,0,0,0,343,232,0,1,0,1,0,0,522,545,560,400,496
b9-17-k18-x540-g560,36,0,344,233,0,0,0,0,344,-1,0,1,0,0,0,0,522,545,560,400,496
b9-17-k18-x540-g560,37,1,344,233,0,0,0,0,344,-1,0,1,0,0,0,0,522,545,560,400,496
b9-17-k18-x540-g560,38,0,344,233,0,0,0,0,344,-1,0,1,0,0,0,0,522,545,560,400,496
b9-17-k18-x540-g560,39,1,344,233,0,0,0,0,344,-1,0,1,0,0,0,0,522,545,560,400,496
b9-17-k18-x540-g560,40,0,344,233,0,0,0,0,344,-1,0,1,0,0,0,0,522,545,560,400,496
b9-17-k18-x560-g580,1,1,0,0,0,0,0,0,0,-1,0,-1,-1,0,0,0,500,560,580,500,500
b9-17-k18-x560-g580,2,0,0,65,0,0,0,0,0,-1,0,-1,-1,0,0,0,500,562,580,500,500
b9-17-k18-x560-g580,3,1,0,65,0,0,0,0,0,-1,0,-1,-1,0,0,0,500,564,580,500,500
b9-17-k18-x560-g580,4,0,0,61,0,0,0,0,0,-1,0,-1,-1,0,0,0,500,566,580,500,500
b9-17-k18-x560-g580,5,1,0,61,3,1,1,0,0,-1,0,-1,-1,0,0,0,500,568,580,500,498
b9-17-k18-x560-g580,6,0,1,61,2,0,0,0,0,-1,0,-1,-1,0,0,0,500,568,580,500,498
b9-17-k18-x560-g580,7,1,1,61,1,0,0,0,1,-1,0,-1,-1,0,0,0,500,568,580,500,498
b9-17-k18-x560-g580,8,0,1,61,0,0,0,0,1,-1,0,-1,-1,0,0,0,500,568,580,500,498
b9-17-k18-x560-g580,9,1,1,62,0,0,0,0,1,-1,0,-1,-1,0,0,0,500,570,580,500,498
b9-17-k18-x560-g580,10,0,1,62,0,0,0,0,1,-1,0,-1,-1,0,0,0,500,571,580,500,498
b9-17-k18-x560-g580,11,1,1,63,0,0,0,0,1,-1,0,-1,-1,0,0,0,500,571,580,500,498
b9-17-k18-x560-g580,12,0,2,66,0,0,0,0,1,-1,0,-1,-1,0,0,0,500,573,580,500,498
b9-17-k18-x560-g580,13,1,2,66,0,0,0,0,2,-1,0,-1,-1,0,0,0,500,575,580,500,498
b9-17-k18-x560-g580,14,0,2,67,0,0,0,0,2,-1,0,-1,-1,0,0,0,500,577,580,500,498
b9-17-k18-x560-g580,15,1,2,68,0,0,0,0,2,-1,0,-1,-1,0,0,0,500,578,580,500,498
b9-17-k18-x560-g580,16,0,2,68,3,1,1,0,2,-1,0,-1,-1,0,0,0,500,578,580,500,496
b9-17-k18-x560-g580,17,1,2,68,2,0,0,0,2,-1,0,-1,-1,0,0,0,500,578,580,500,496
b9-17-k18-x560-g580,18,0,60,68,1,0,0,0,60,-1,0,-1,-1,0,0,0,501,578,580,500,496
b9-17-k18-x560-g580,19,1,60,68,0,0,0,0,60,-1,0,-1,-1,0,0,0,502,578,580,500,496
b9-17-k18-x560-g580,20,0,320,69,0,0,0,0,320,-1,0,-1,-1,0,0,0,502,578,580,500,496
b9-17-k18-x560-g580,21,1,321,70,0,0,0,0,320,-1,0,-1,-1,0,0,0,502,578,580,500,496
b9-17-k18-x560-g580,22,0,322,71,0,0,0,0,321,-1,0,-1,-1,0,0,0,502,578,580,500,496
b9-17-k18-x560-g580,23,1,323,72,0,0,0,0,322,-1,0,-1,-1,0,0,0,502,578,580,500,496
b9-17-k18-x560-g580,24,0,335,132,0,0,0,1,335,132,0,1,0,1,1,0,504,594,580,500,496
b9-17-k18-x560-g580,25,1,336,132,0,0,0,0,335,132,0,1,0,1,1,0,504,594,580,500,496
b9-17-k18-x560-g580,26,0,336,132,0,0,0,0,336,132,0,1,0,1,1,0,504,536,580,500,496
b9-17-k18-x560-g580,27,1,337,132,0,0,0,0,336,132,0,1,0,1,1,0,504,536,580,500,496
b9-17-k18-x560-g580,28,0,337,132,0,0,0,0,337,132,0,1,0,1,1,0,504,518,580,500,496
b9-17-k18-x560-g580,29,1,338,132,0,0,0,0,337,132,0,1,0,1,1,0,504,518,580,500,496
b9-17-k18-x560-g580,30,0,339,132,0,0,0,0,338,132,0,1,0,1,1,0,504,513,580,500,496
b9-17-k18-x560-g580,31,1,340,132,0,0,0,0,339,132,0,1,0,1,1,0,504,518,580,500,496
b9-17-k18-x560-g580,32,0,341,136,0,0,0,0,340,136,0,1,0,1,1,0,504,518,580,500,496
b9-17-k18-x560-g580,33,1,341,137,0,0,0,0,341,137,0,1,0,1,1,0,504,526,580,500,496
b9-17-k18-x560-g580,34,0,342,137,0,0,0,0,341,137,0,1,0,1,1,0,504,526,580,500,496
b9-17-k18-x560-g580,35,1,342,137,-3,0,0,0,342,137,0,1,0,1,1,0,504,527,580,400,496
b9-17-k18-x560-g580,36,0,342,137,-2,0,0,0,342,137,0,1,0,1,1,0,504,527,580,400,496
b9-17-k18-x560-g580,37,1,343,137,-1,0,0,0,342,137,0,1,0,1,1,0,504,527,580,400,496
b9-17-k18-x560-g580,38,0,344,233,0,0,0,0,343,232,0,1,0,1,0,0,504,527,580,400,496
b9-17-k18-x560-g580,39,1,344,233,0,0,0,0,344,-1,0,1,0,0,0,0,504,527,580,400,496
b9-17-k18-x560-g580,40,0,344,233,0,0,0,0,344,-1,0,1,0,0,0,0,504,527,580,400,496
b9-17-k19-x540-g560,1,1,0,0,0,0,0,0,0,-1,0,-1,-1,0,0,0,500,540,560,500,500
b9-17-k19-x540-g560,2,0,0,65,0,0,0,0,0,-1,0,-1,-1,0,0,0,500,542,560,500,500
b9-17-k19-x540-g560,3,1,0,65,0,0,0,0,0,-1,0,-1,-1,0,0,0,500,544,560,500,500
b9-17-k19-x540-g560,4,0,0,61,0,0,0,0,0,-1,0,-1,-1,0,0,0,500,546,560,500,500
b9-17-k19-x540-g560,5,1,0,61,3,1,1,0,0,-1,0,-1,-1,0,0,0,500,548,560,500,498
b9-17-k19-x540-g560,6,0,1,61,2,0,0,0,0,-1,0,-1,-1,0,0,0,500,548,560,500,498
b9-17-k19-x540-g560,7,1,1,61,1,0,0,0,1,-1,0,-1,-1,0,0,0,500,548,560,500,498
b9-17-k19-x540-g560,8,0,1,61,0,0,0,0,1,-1,0,-1,-1,0,0,0,500,548,560,500,498
b9-17-k19-x540-g560,9,1,1,62,0,0,0,0,1,-1,0,-1,-1,0,0,0,500,550,560,500,498
b9-17-k19-x540-g560,10,0,1,62,0,0,0,0,1,-1,0,-1,-1,0,0,0,500,551,560,500,498
b9-17-k19-x540-g560,11,1,1,63,0,0,0,0,1,-1,0,-1,-1,0,0,0,500,551,560,500,498
b9-17-k19-x540-g560,12,0,2,66,0,0,0,0,1,-1,0,-1,-1,0,0,0,500,553,560,500,498
b9-17-k19-x540-g560,13,1,2,66,0,0,0,0,2,-1,0,-1,-1,0,0,0,500,555,560,500,498
b9-17-k19-x540-g560,14,0,2,67,0,0,0,0,2,-1,0,-1,-1,0,0,0,500,557,560,500,498
b9-17-k19-x540-g560,15,1,2,68,0,0,0,0,2,-1,0,-1,-1,0,0,0,500,558,560,500,498
b9-17-k19-x540-g560,16,0,2,68,3,1,1,0,2,-1,0,-1,-1,0,0,0,500,558,560,500,496
b9-17-k19-x540-g560,17,1,2,68,2,0,0,0,2,-1,0,-1,-1,0,0,0,500,558,560,500,496
b9-17-k19-x540-g560,18,0,3,68,1,0,0,0,2,-1,0,-1,-1,0,0,0,500,558,560,500,496
b9-17-k19-x540-g560,19,1,3,68,0,0,0,0,3,-1,0,-1,-1,0,0,0,500,558,560,500,496
b9-17-k19-x540-g560,20,0,60,69,0,0,0,0,60,-1,0,-1,-1,0,0,0,501,558,560,500,496
b9-17-k19-x540-g560,21,1,60,70,0,0,0,0,60,-1,0,-1,-1,0,0,0,502,558,560,500,496
b9-17-k19-x540-g560,22,0,320,71,0,0,0,0,320,-1,0,-1,-1,0,0,0,502,558,560,500,496
b9-17-k19-x540-g560,23,1,321,72,0,0,0,0,320,-1,0,-1,-1,0,0,0,502,558,560,500,496
b9-17-k19-x540-g560,24,0,322,73,0,0,0,0,321,-1,0,-1,-1,0,0,0,502,559,560,500,496
b9-17-k19-x540-g560,25,1,336,130,3,1,1,1,336,132,1,1,0,1,1,1,523,555,560,500,466
b9-17-k19-x540-g560,26,0,337,130,2,0,0,0,336,132,1,1,0,1,1,0,523,555,560,500,466
b9-17-k19-x540-g560,27,1,337,130,1,0,0,0,337,132,1,1,0,1,1,0,523,537,560,500,466
b9-17-k19-x540-g560,28,0,338,132,0,0,0,0,337,132,0,1,0,1,1,0,523,537,560,500,466
b9-17-k19-x540-g560,29,1,339,132,0,0,0,0,338,132,0,1,0,1,1,0,523,532,560,500,466
b9-17-k19-x540-g560,30,0,340,132,0,0,0,0,339,132,0,1,0,1,1,0,523,537,560,500,466
b9-17-k19-x540-g560,31,1,341,136,0,0,0,0,340,136,0,1,0,1,1,0,523,537,560,500,466
b9-17-k19-x540-g560,32,0,341,137,0,0,0,0,341,137,0,1,0,1,1,0,523,545,560,500,466
b9-17-k19-x540-g560,33,1,342,137,0,0,0,0,341,137,0,1,0,1,1,0,523,545,560,500,466
b9-17-k19-x540-g560,34,0,342,137,-3,0,0,0,342,137,0,1,0,1,1,0,523,546,560,400,466
b9-17-k19-x540-g560,35,1,342,137,-2,0,0,0,342,137,0,1,0,1,1,0,523,546,560,400,466
b9-17-k19-x540-g560,36,0,343,137,-1,0,0,0,342,137,0,1,0,1,1,0,523,546,560,400,466
b9-17-k19-x540-g560,37,1,344,233,0,0,0,0,343,232,0,1,0,1,0,0,523,546,560,400,466
b9-17-k19-x540-g560,38,0,344,233,0,0,0,0,344,-1,0,1,0,0,0,0,523,546,560,400,466
b9-17-k19-x540-g560,39,1,344,233,0,0,0,0,344,-1,0,1,0,0,0,0,523,546,560,400,466
b9-17-k19-x540-g560,40,0,344,233,0,0,0,0,344,-1,0,1,0,0,0,0,523,546,560,400,466
b9-17-k19-x560-g580,1,1,0,0,0,0,0,0,0,-1,0,-1,-1,0,0,0,500,560,580,500,500
b9-17-k19-x560-g580,2,0,0,65,0,0,0,0,0,-1,0,-1,-1,0,0,0,500,562,580,500,500
b9-17-k19-x560-g580,3,1,0,65,0,0,0,0,0,-1,0,-1,-1,0,0,0,500,564,580,500,500
b9-17-k19-x560-g580,4,0,0,61,0,0,0,0,0,-1,0,-1,-1,0,0,0,500,566,580,500,500
b9-17-k19-x560-g580,5,1,0,61,3,1,1,0,0,-1,0,-1,-1,0,0,0,500,568,580,500,498
b9-17-k19-x560-g580,6,0,1,61,2,0,0,0,0,-1,0,-1,-1,0,0,0,500,568,580,500,498
b9-17-k19-x560-g580,7,1,1,61,1,0,0,0,1,-1,0,-1,-1,0,0,0,500,568,580,500,498
b9-17-k19-x560-g580,8,0,1,61,0,0,0,0,1,-1,0,-1,-1,0,0,0,500,568,580,500,498
b9-17-k19-x560-g580,9,1,1,62,0,0,0,0,1,-1,0,-1,-1,0,0,0,500,570,580,500,498
b9-17-k19-x560-g580,10,0,1,62,0,0,0,0,1,-1,0,-1,-1,0,0,0,500,571,580,500,498
b9-17-k19-x560-g580,11,1,1,63,0,0,0,0,1,-1,0,-1,-1,0,0,0,500,571,580,500,498
b9-17-k19-x560-g580,12,0,2,66,0,0,0,0,1,-1,0,-1,-1,0,0,0,500,573,580,500,498
b9-17-k19-x560-g580,13,1,2,66,0,0,0,0,2,-1,0,-1,-1,0,0,0,500,575,580,500,498
b9-17-k19-x560-g580,14,0,2,67,0,0,0,0,2,-1,0,-1,-1,0,0,0,500,577,580,500,498
b9-17-k19-x560-g580,15,1,2,68,0,0,0,0,2,-1,0,-1,-1,0,0,0,500,578,580,500,498
b9-17-k19-x560-g580,16,0,2,68,3,1,1,0,2,-1,0,-1,-1,0,0,0,500,578,580,500,496
b9-17-k19-x560-g580,17,1,2,68,2,0,0,0,2,-1,0,-1,-1,0,0,0,500,578,580,500,496
b9-17-k19-x560-g580,18,0,3,68,1,0,0,0,2,-1,0,-1,-1,0,0,0,500,578,580,500,496
b9-17-k19-x560-g580,19,1,3,68,0,0,0,0,3,-1,0,-1,-1,0,0,0,500,578,580,500,496
b9-17-k19-x560-g580,20,0,60,69,0,0,0,0,60,-1,0,-1,-1,0,0,0,501,578,580,500,496
b9-17-k19-x560-g580,21,1,60,70,0,0,0,0,60,-1,0,-1,-1,0,0,0,502,578,580,500,496
b9-17-k19-x560-g580,22,0,320,71,0,0,0,0,320,-1,0,-1,-1,0,0,0,502,578,580,500,496
b9-17-k19-x560-g580,23,1,321,72,0,0,0,0,320,-1,0,-1,-1,0,0,0,502,578,580,500,496
b9-17-k19-x560-g580,24,0,322,73,0,0,0,0,321,-1,0,-1,-1,0,0,0,502,579,580,500,496
b9-17-k19-x560-g580,25,1,323,73,3,1,1,0,322,-1,0,-1,-1,0,0,0,502,579,580,500,466
b9-17-k19-x560-g580,26,0,335,130,2,0,0,1,335,132,1,1,0,1,1,1,504,594,580,500,466
b9-17-k19-x560-g580,27,1,336,130,1,0,0,0,335,132,1,1,0,1,1,0,504,594,580,500,466
b9-17-k19-x560-g580,28,0,336,132,0,0,0,0,336,132,0,1,0,1,1,0,504,536,580,500,466
b9-17-k19-x560-g580,29,1,337,132,0,0,0,0,336,132,0,1,0,1,1,0,504,536,580,500,466
b9-17-k19-x560-g580,30,0,337,132,0,0,0,0,337,132,0,1,0,1,1,0,504,518,580,500,466
b9-17-k19-x560-g580,31,1,338,132,0,0,0,0,337,132,0,1,0,1,1,0,504,518,580,500,466
b9-17-k19-x560-g580,32,0,339,132,0,0,0,0,338,132,0,1,0,1,1,0,504,513,580,500,466
b9-17-k19-x560-g580,33,1,340,132,0,0,0,0,339,132,0,1,0,1,1,0,504,518,580,500,466
b9-17-k19-x560-g580,34,0,341,136,0,0,0,0,340,136,0,1,0,1,1,0,504,518,580,500,466
b9-17-k19-x560-g580,35,1,341,137,0,0,0,0,341,137,0,1,0,1,1,0,504,526,580,500,466
b9-17-k19-x560-g580,36,0,342,137,0,0,0,0,341,137,0,1,0,1,1,0,504,526,580,500,466
b9-17-k19-x560-g580,37,1,342,137,-3,0,0,0,342,137,0,1,0,1,1,0,504,527,580,400,466
b9-17-k19-x560-g580,38,0,342,137,-2,0,0,0,342,137,0,1,0,1,1,0,504,527,580,400,466
b9-17-k19-x560-g580,39,1,343,137,-1,0,0,0,342,137,0,1,0,1,1,0,504,527,580,400,466
b9-17-k19-x560-g580,40,0,344,233,0,0,0,0,343,232,0,1,0,1,0,0,504,527,580,400,466
b9-18-k13-x540-g560,1,1,0,0,0,0,0,0,0,-1,0,-1,-1,0,0,0,500,540,560,500,500
b9-18-k13-x540-g560,2,0,0,65,0,0,0,0,0,-1,0,-1,-1,0,0,0,500,542,560,500,500
b9-18-k13-x540-g560,3,1,0,65,0,0,0,0,0,-1,0,-1,-1,0,0,0,500,544,560,500,500
b9-18-k13-x540-g560,4,0,0,61,0,0,0,0,0,-1,0,-1,-1,0,0,0,500,546,560,500,500
b9-18-k13-x540-g560,5,1,0,61,3,1,1,0,0,-1,0,-1,-1,0,0,0,500,548,560,500,498
b9-18-k13-x540-g560,6,0,1,61,2,0,0,0,0,-1,0,-1,-1,0,0,0,500,548,560,500,498
b9-18-k13-x540-g560,7,1,1,61,1,0,0,0,1,-1,0,-1,-1,0,0,0,500,548,560,500,498
b9-18-k13-x540-g560,8,0,1,61,0,0,0,0,1,-1,0,-1,-1,0,0,0,500,548,560,500,498
b9-18-k13-x540-g560,9,1,1,62,0,0,0,0,1,-1,0,-1,-1,0,0,0,500,550,560,500,498
b9-18-k13-x540-g560,10,0,1,62,0,0,0,0,1,-1,0,-1,-1,0,0,0,500,551,560,500,498
b9-18-k13-x540-g560,11,1,1,63,0,0,0,0,1,-1,0,-1,-1,0,0,0,500,551,560,500,498
b9-18-k13-x540-g560,12,0,2,66,0,0,0,0,1,-1,0,-1,-1,0,0,0,500,553,560,500,498
b9-18-k13-x540-g560,13,1,2,66,0,0,0,0,2,-1,0,-1,-1,0,0,0,500,555,560,500,498
b9-18-k13-x540-g560,14,0,60,67,0,0,0,0,60,-1,0,-1,-1,0,0,0,501,557,560,500,498
b9-18-k13-x540-g560,15,1,60,68,0,0,0,0,60,-1,0,-1,-1,0,0,0,502,558,560,500,498
b9-18-k13-x540-g560,16,0,320,68,3,1,1,0,320,-1,0,-1,-1,0,0,0,502,558,560,500,496
b9-18-k13-x540-g560,17,1,321,68,2,0,0,0,320,-1,0,-1,-1,0,0,0,502,558,560,500,496
b9-18-k13-x540-g560,18,0,322,68,1,0,0,0,321,-1,0,-1,-1,0,0,0,502,558,560,500,496
b9-18-k13-x540-g560,19,1,336,132,0,0,0,1,336,132,0,1,0,1,1,0,522,554,560,500,496
b9-18-k13-x540-g560,20,0,337,132,0,0,0,0,336,132,0,1,0,1,1,0,522,554,560,500,496
b9-18-k13-x540-g560,21,1,337,132,0,0,0,0,337,132,0,1,0,1,1,0,522,536,560,500,496
b9-18-k13-x540-g560,22,0,338,132,0,0,0,0,337,132,0,1,0,1,1,0,522,536,560,500,496
b9-18-k13-x540-g560,23,1,339,132,0,0,0,0,338,132,0,1,0,1,1,0,522,531,560,500,496
b9-18-k13-x540-g560,24,0,340,132,0,0,0,0,339,132,0,1,0,1,1,0,522,536,560,500,496
b9-18-k13-x540-g560,25,1,341,136,0,0,0,0,340,136,0,1,0,1,1,0,522,536,560,500,496
b9-18-k13-x540-g560,26,0,341,137,0,0,0,0,341,137,0,1,0,1,1,0,522,544,560,500,496
b9-18-k13-x540-g560,27,1,342,137,0,0,0,0,341,137,0,1,0,1,1,0,522,544,560,500,496
b9-18-k13-x540-g560,28,0,342,137,-3,0,0,0,342,137,0,1,0,1,1,0,522,545,560,400,496
b9-18-k13-x540-g560,29,1,342,137,-2,0,0,0,342,137,0,1,0,1,1,0,522,545,560,400,496
b9-18-k13-x540-g560,30,0,343,137,-1,0,0,0,342,137,0,1,0,1,1,0,522,545,560,400,496
b9-18-k13-x540-g560,31,1,344,233,0,0,0,0,343,232,0,1,0,1,0,0,522,545,560,400,496
b9-18-k13-x540-g560,32,0,344,233,0,0,0,0,344,-1,0,1,0,0,0,0,522,545,560,400,496
b9-18-k13-x540-g560,33,1,344,233,0,0,0,0,344,-1,0,1,0,0,0,0,522,545,560,400,496
b9-18-k13-x540-g560,34,0,344,233,0,0,0,0,344,-1,0,1,0,0,0,0,522,545,560,400,496
b9-18-k13-x540-g560,35,1,344,233,0,0,0,0,344,-1,0,1,0,0,0,0,522,545,560,400,496
b9-18-k13-x540-g560,36,0,344,233,0,0,0,0,344,-1,0,1,0,0,0,0,522,545,560,400,496
b9-18-k13-x540-g560,37,1,345,233,0,0,0,0,344,-1,0,1,0,0,0,0,522,545,560,400,496
b9-18-k13-x540-g560,38,0,345,233,0,0,0,0,345,-1,0,1,0,0,0,0,522,545,560,400,496
b9-18-k13-x540-g560,39,1,345,233,0,0,0,0,345,-1,0,1,0,0,0,0,522,545,560,400,496
b9-18-k13-x540-g560,40,0,345,233,0,0,0,0,345,-1,0,1,0,0,0,0,522,545,560,400,496
b9-18-k13-x560-g580,1,1,0,0,0,0,0,0,0,-1,0,-1,-1,0,0,0,500,560,580,500,500
b9-18-k13-x560-g580,2,0,0,65,0,0,0,0,0,-1,0,-1,-1,0,0,0,500,562,580,500,500
b9-18-k13-x560-g580,3,1,0,65,0,0,0,0,0,-1,0,-1,-1,0,0,0,500,564,580,500,500
b9-18-k13-x560-g580,4,0,0,61,0,0,0,0,0,-1,0,-1,-1,0,0,0,500,566,580,500,500
b9-18-k13-x560-g580,5,1,0,61,3,1,1,0,0,-1,0,-1,-1,0,0,0,500,568,580,500,498
b9-18-k13-x560-g580,6,0,1,61,2,0,0,0,0,-1,0,-1,-1,0,0,0,500,568,580,500,498
b9-18-k13-x560-g580,7,1,1,61,1,0,0,0,1,-1,0,-1,-1,0,0,0,500,568,580,500,498
b9-18-k13-x560-g580,8,0,1,61,0,0,0,0,1,-1,0,-1,-1,0,0,0,500,568,580,500,498
b9-18-k13-x560-g580,9,1,1,62,0,0,0,0,1,-1,0,-1,-1,0,0,0,500,570,580,500,498
b9-18-k13-x560-g580,10,0,1,62,0,0,0,0,1,-1,0,-1,-1,0,0,0,500,571,580,500,498
b9-18-k13-x560-g580,11,1,1,63,0,0,0,0,1,-1,0,-1,-1,0,0,0,500,571,580,500,498
b9-18-k13-x560-g580,12,0,2,66,0,0,0,0,1,-1,0,-1,-1,0,0,0,500,573,580,500,498
b9-18-k13-x560-g580,13,1,2,66,0,0,0,0,2,-1,0,-1,-1,0,0,0,500,575,580,500,498
b9-18-k13-x560-g580,14,0,60,67,0,0,0,0,60,-1,0,-1,-1,0,0,0,501,577,580,500,498
b9-18-k13-x560-g580,15,1,60,68,0,0,0,0,60,-1,0,-1,-1,0,0,0,502,578,580,500,498
b9-18-k13-x560-g580,16,0,320,68,3,1,1,0,320,-1,0,-1,-1,0,0,0,502,578,580,500,496
b9-18-k13-x560-g580,17,1,321,68,2,0,0,0,320,-1,0,-1,-1,0,0,0,502,578,580,500,496
b9-18-k13-x560-g580,18,0,322,68,1,0,0,0,321,-1,0,-1,-1,0,0,0,502,578,580,500,496
b9-18-k13-x560-g580,19,1,323,68,0,0,0,0,322,-1,0,-1,-1,0,0,0,502,578,580,500,496
b9-18-k13-x560-g580,20,0,335,132,0,0,0,1,335,132,0,1,0,1,1,0,503,593,580,500,496
b9-18-k13-x560-g580,21,1,336,132,0,0,0,0,335,132,0,1,0,1,1,0,503,593,580,500,496
b9-18-k13-x560-g580,22,0,336,132,0,0,0,0,336,132,0,1,0,1,1,0,503,535,580,500,496
b9-18-k13-x560-g580,23,1,337,132,0,0,0,0,336,132,0,1,0,1,1,0,503,535,580,500,496
b9-18-k13-x560-g580,24,0,337,132,0,0,0,0,337,132,0,1,0,1,1,0,503,517,580,500,496
b9-18-k13-x560-g580,25,1,338,132,0,0,0,0,337,132,0,1,0,1,1,0,503,517,580,500,496
b9-18-k13-x560-g580,26,0,339,132,0,0,0,0,338,132,0,1,0,1,1,0,503,512,580,500,496
b9-18-k13-x560-g580,27,1,340,132,0,0,0,0,339,132,0,1,0,1,1,0,503,517,580,500,496
b9-18-k13-x560-g580,28,0,341,136,0,0,0,0,340,136,0,1,0,1,1,0,503,517,580,500,496
b9-18-k13-x560-g580,29,1,341,137,0,0,0,0,341,137,0,1,0,1,1,0,503,525,580,500,496
b9-18-k13-x560-g580,30,0,342,137,0,0,0,0,341,137,0,1,0,1,1,0,503,525,580,500,496
b9-18-k13-x560-g580,31,1,342,137,-3,0,0,0,342,137,0,1,0,1,1,0,503,526,580,400,496
b9-18-k13-x560-g580,32,0,342,137,-2,0,0,0,342,137,0,1,0,1,1,0,503,526,580,400,496
b9-18-k13-x560-g580,33,1,343,137,-1,0,0,0,342,137,0,1,0,1,1,0,503,526,580,400,496
b9-18-k13-x560-g580,34,0,344,233,0,0,0,0,343,232,0,1,0,1,0,0,503,526,580,400,496
b9-18-k13-x560-g580,35,1,344,233,0,0,0,0,344,-1,0,1,0,0,0,0,503,526,580,400,496
b9-18-k13-x560-g580,36,0,344,233,0,0,0,0,344,-1,0,1,0,0,0,0,503,526,580,400,496
b9-18-k13-x560-g580,37,1,344,233,0,0,0,0,344,-1,0,1,0,0,0,0,503,526,580,400,496
b9-18-k13-x560-g580,38,0,344,233,0,0,0,0,344,-1,0,1,0,0,0,0,503,526,580,400,496
b9-18-k13-x560-g580,39,1,344,233,0,0,0,0,344,-1,0,1,0,0,0,0,503,526,580,400,496
b9-18-k13-x560-g580,40,0,345,233,0,0,0,0,344,-1,0,1,0,0,0,0,503,526,580,400,496
b9-18-k14-x540-g560,1,1,0,0,0,0,0,0,0,-1,0,-1,-1,0,0,0,500,540,560,500,500
b9-18-k14-x540-g560,2,0,0,65,0,0,0,0,0,-1,0,-1,-1,0,0,0,500,542,560,500,500
b9-18-k14-x540-g560,3,1,0,65,0,0,0,0,0,-1,0,-1,-1,0,0,0,500,544,560,500,500
b9-18-k14-x540-g560,4,0,0,61,0,0,0,0,0,-1,0,-1,-1,0,0,0,500,546,560,500,500
b9-18-k14-x540-g560,5,1,0,61,3,1,1,0,0,-1,0,-1,-1,0,0,0,500,548,560,500,498
b9-18-k14-x540-g560,6,0,1,61,2,0,0,0,0,-1,0,-1,-1,0,0,0,500,548,560,500,498
b9-18-k14-x540-g560,7,1,1,61,1,0,0,0,1,-1,0,-1,-1,0,0,0,500,548,560,500,498
b9-18-k14-x540-g560,8,0,1,61,0,0,0,0,1,-1,0,-1,-1,0,0,0,500,548,560,500,498
b9-18-k14-x540-g560,9,1,1,62,0,0,0,0,1,-1,0,-1,-1,0,0,0,500,550,560,500,498
b9-18-k14-x540-g560,10,0,1,62,0,0,0,0,1,-1,0,-1,-1,0,0,0,500,551,560,500,498
b9-18-k14-x540-g560,11,1,1,63,0,0,0,0,1,-1,0,-1,-1,0,0,0,500,551,560,500,498
b9-18-k14-x540-g560,12,0,2,66,0,0,0,0,1,-1,0,-1,-1,0,0,0,500,553,560,500,498
b9-18-k14-x540-g560,13,1,2,66,0,0,0,0,2,-1,0,-1,-1,0,0,0,500,555,560,500,498
b9-18-k14-x540-g560,14,0,60,67,0,0,0,0,60,-1,0,-1,-1,0,0,0,501,557,560,500,498
b9-18-k14-x540-g560,15,1,60,68,0,0,0,0,60,-1,0,-1,-1,0,0,0,502,558,560,500,498
b9-18-k14-x540-g560,16,0,320,68,3,1,1,0,320,-1,0,-1,-1,0,0,0,502,558,560,500,496
b9-18-k14-x540-g560,17,1,321,68,2,0,0,0,320,-1,0,-1,-1,0,0,0,502,558,560,500,496
b9-18-k14-x540-g560,18,0,322,68,1,0,0,0,321,-1,0,-1,-1,0,0,0,502,558,560,500,496
b9-18-k14-x540-g560,19,1,336,132,0,0,0,1,336,132,0,1,0,1,1,0,522,554,560,500,496
b9-18-k14-x540-g560,20,0,337,132,0,0,0,0,336,132,0,1,0,1,1,0,522,554,560,500,496
b9-18-k14-x540-g560,21,1,337,132,0,0,0,0,337,132,0,1,0,1,1,0,522,536,560,500,496
b9-18-k14-x540-g560,22,0,338,132,0,0,0,0,337,132,0,1,0,1,1,0,522,536,560,500,496
b9-18-k14-x540-g560,23,1,339,132,0,0,0,0,338,132,0,1,0,1,1,0,522,531,560,500,496
b9-18-k14-x540-g560,24,0,340,132,0,0,0,0,339,132,0,1,0,1,1,0,522,536,560,500,496
b9-18-k14-x540-g560,25,1,341,136,0,0,0,0,340,136,0,1,0,1,1,0,522,536,560,500,496
b9-18-k14-x540-g560,26,0,341,137,0,0,0,0,341,137,0,1,0,1,1,0,522,544,560,500,496
b9-18-k14-x540-g560,27,1,342,137,0,0,0,0,341,137,0,1,0,1,1,0,522,544,560,500,496
b9-18-k14-x540-g560,28,0,342,137,-3,0,0,0,342,137,0,1,0,1,1,0,522,545,560,400,496
b9-18-k14-x540-g560,29,1,342,137,-2,0,0,0,342,137,0,1,0,1,1,0,522,545,560,400,496
b9-18-k14-x540-g560,30,0,343,137,-1,0,0,0,342,137,0,1,0,1,1,0,522,545,560,400,496
b9-18-k14-x540-g560,31,1,344,233,0,0,0,0,343,232,0,1,0,1,0,0,522,545,560,400,496
b9-18-k14-x540-g560,32,0,344,233,0,0,0,0,344,-1,0,1,0,0,0,0,522,545,560,400,496
b9-18-k14-x540-g560,33,1,344,233,0,0,0,0,344,-1,0,1,0,0,0,0,522,545,560,400,496
b9-18-k14-x540-g560,34,0,344,233,0,0,0,0,344,-1,0,1,0,0,0,0,522,545,560,400,496
b9-18-k14-x540-g560,35,1,344,233,0,0,0,0,344,-1,0,1,0,0,0,0,522,545,560,400,496
b9-18-k14-x540-g560,36,0,344,233,0,0,0,0,344,-1,0,1,0,0,0,0,522,545,560,400,496
b9-18-k14-x540-g560,37,1,345,233,0,0,0,0,344,-1,0,1,0,0,0,0,522,545,560,400,496
b9-18-k14-x540-g560,38,0,345,233,0,0,0,0,345,-1,0,1,0,0,0,0,522,545,560,400,496
b9-18-k14-x540-g560,39,1,345,233,0,0,0,0,345,-1,0,1,0,0,0,0,522,545,560,400,496
b9-18-k14-x540-g560,40,0,345,233,0,0,0,0,345,-1,0,1,0,0,0,0,522,545,560,400,496
b9-18-k14-x560-g580,1,1,0,0,0,0,0,0,0,-1,0,-1,-1,0,0,0,500,560,580,500,500
b9-18-k14-x560-g580,2,0,0,65,0,0,0,0,0,-1,0,-1,-1,0,0,0,500,562,580,500,500
b9-18-k14-x560-g580,3,1,0,65,0,0,0,0,0,-1,0,-1,-1,0,0,0,500,564,580,500,500
b9-18-k14-x560-g580,4,0,0,61,0,0,0,0,0,-1,0,-1,-1,0,0,0,500,566,580,500,500
b9-18-k14-x560-g580,5,1,0,61,3,1,1,0,0,-1,0,-1,-1,0,0,0,500,568,580,500,498
b9-18-k14-x560-g580,6,0,1,61,2,0,0,0,0,-1,0,-1,-1,0,0,0,500,568,580,500,498
b9-18-k14-x560-g580,7,1,1,61,1,0,0,0,1,-1,0,-1,-1,0,0,0,500,568,580,500,498
b9-18-k14-x560-g580,8,0,1,61,0,0,0,0,1,-1,0,-1,-1,0,0,0,500,568,580,500,498
b9-18-k14-x560-g580,9,1,1,62,0,0,0,0,1,-1,0,-1,-1,0,0,0,500,570,580,500,498
b9-18-k14-x560-g580,10,0,1,62,0,0,0,0,1,-1,0,-1,-1,0,0,0,500,571,580,500,498
b9-18-k14-x560-g580,11,1,1,63,0,0,0,0,1,-1,0,-1,-1,0,0,0,500,571,580,500,498
b9-18-k14-x560-g580,12,0,2,66,0,0,0,0,1,-1,0,-1,-1,0,0,0,500,573,580,500,498
b9-18-k14-x560-g580,13,1,2,66,0,0,0,0,2,-1,0,-1,-1,0,0,0,500,575,580,500,498
b9-18-k14-x560-g580,14,0,60,67,0,0,0,0,60,-1,0,-1,-1,0,0,0,501,577,580,500,498
b9-18-k14-x560-g580,15,1,60,68,0,0,0,0,60,-1,0,-1,-1,0,0,0,502,578,580,500,498
b9-18-k14-x560-g580,16,0,320,68,3,1,1,0,320,-1,0,-1,-1,0,0,0,502,578,580,500,496
b9-18-k14-x560-g580,17,1,321,68,2,0,0,0,320,-1,0,-1,-1,0,0,0,502,578,580,500,496
b9-18-k14-x560-g580,18,0,322,68,1,0,0,0,321,-1,0,-1,-1,0,0,0,502,578,580,500,496
b9-18-k14-x560-g580,19,1,323,68,0,0,0,0,322,-1,0,-1,-1,0,0,0,502,578,580,500,496
b9-18-k14-x560-g580,20,0,335,132,0,0,0,1,335,132,0,1,0,1,1,0,503,593,580,500,496
b9-18-k14-x560-g580,21,1,336,132,0,0,0,0,335,132,0,1,0,1,1,0,503,593,580,500,496
b9-18-k14-x560-g580,22,0,336,132,0,0,0,0,336,132,0,1,0,1,1,0,503,535,580,500,496
b9-18-k14-x560-g580,23,1,337,132,0,0,0,0,336,132,0,1,0,1,1,0,503,535,580,500,496
b9-18-k14-x560-g580,24,0,337,132,0,0,0,0,337,132,0,1,0,1,1,0,503,517,580,500,496
b9-18-k14-x560-g580,25,1,338,132,0,0,0,0,337,132,0,1,0,1,1,0,503,517,580,500,496
b9-18-k14-x560-g580,26,0,339,132,0,0,0,0,338,132,0,1,0,1,1,0,503,512,580,500,496
b9-18-k14-x560-g580,27,1,340,132,0,0,0,0,339,132,0,1,0,1,1,0,503,517,580,500,496
b9-18-k14-x560-g580,28,0,341,136,0,0,0,0,340,136,0,1,0,1,1,0,503,517,580,500,496
b9-18-k14-x560-g580,29,1,341,137,0,0,0,0,341,137,0,1,0,1,1,0,503,525,580,500,496
b9-18-k14-x560-g580,30,0,342,137,0,0,0,0,341,137,0,1,0,1,1,0,503,525,580,500,496
b9-18-k14-x560-g580,31,1,342,137,-3,0,0,0,342,137,0,1,0,1,1,0,503,526,580,400,496
b9-18-k14-x560-g580,32,0,342,137,-2,0,0,0,342,137,0,1,0,1,1,0,503,526,580,400,496
b9-18-k14-x560-g580,33,1,343,137,-1,0,0,0,342,137,0,1,0,1,1,0,503,526,580,400,496
b9-18-k14-x560-g580,34,0,344,233,0,0,0,0,343,232,0,1,0,1,0,0,503,526,580,400,496
b9-18-k14-x560-g580,35,1,344,233,0,0,0,0,344,-1,0,1,0,0,0,0,503,526,580,400,496
b9-18-k14-x560-g580,36,0,344,233,0,0,0,0,344,-1,0,1,0,0,0,0,503,526,580,400,496
b9-18-k14-x560-g580,37,1,344,233,0,0,0,0,344,-1,0,1,0,0,0,0,503,526,580,400,496
b9-18-k14-x560-g580,38,0,344,233,0,0,0,0,344,-1,0,1,0,0,0,0,503,526,580,400,496
b9-18-k14-x560-g580,39,1,344,233,0,0,0,0,344,-1,0,1,0,0,0,0,503,526,580,400,496
b9-18-k14-x560-g580,40,0,345,233,0,0,0,0,344,-1,0,1,0,0,0,0,503,526,580,400,496
b9-18-k15-x540-g560,1,1,0,0,0,0,0,0,0,-1,0,-1,-1,0,0,0,500,540,560,500,500
b9-18-k15-x540-g560,2,0,0,65,0,0,0,0,0,-1,0,-1,-1,0,0,0,500,542,560,500,500
b9-18-k15-x540-g560,3,1,0,65,0,0,0,0,0,-1,0,-1,-1,0,0,0,500,544,560,500,500
b9-18-k15-x540-g560,4,0,0,61,0,0,0,0,0,-1,0,-1,-1,0,0,0,500,546,560,500,500
b9-18-k15-x540-g560,5,1,0,61,3,1,1,0,0,-1,0,-1,-1,0,0,0,500,548,560,500,498
b9-18-k15-x540-g560,6,0,1,61,2,0,0,0,0,-1,0,-1,-1,0,0,0,500,548,560,500,498
b9-18-k15-x540-g560,7,1,1,61,1,0,0,0,1,-1,0,-1,-1,0,0,0,500,548,560,500,498
b9-18-k15-x540-g560,8,0,1,61,0,0,0,0,1,-1,0,-1,-1,0,0,0,500,548,560,500,498
b9-18-k15-x540-g560,9,1,1,62,0,0,0,0,1,-1,0,-1,-1,0,0,0,500,550,560,500,498
b9-18-k15-x540-g560,10,0,1,62,0,0,0,0,1,-1,0,-1,-1,0,0,0,500,551,560,500,498
b9-18-k15-x540-g560,11,1,1,63,0,0,0,0,1,-1,0,-1,-1,0,0,0,500,551,560,500,498
b9-18-k15-x540-g560,12,0,2,66,0,0,0,0,1,-1,0,-1,-1,0,0,0,500,553,560,500,498
b9-18-k15-x540-g560,13,1,2,66,0,0,0,0,2,-1,0,-1,-1,0,0,0,500,555,560,500,498
b9-18-k15-x540-g560,14,0,2,67,0,0,0,0,2,-1,0,-1,-1,0,0,0,500,557,560,500,498
b9-18-k15-x540-g560,15,1,2,68,0,0,0,0,2,-1,0,-1,-1,0,0,0,500,558,560,500,498
b9-18-k15-x540-g560,16,0,60,68,3,1,1,0,60,-1,0,-1,-1,0,0,0,501,558,560,500,496
b9-18-k15-x540-g560,17,1,60,68,2,0,0,0,60,-1,0,-1,-1,0,0,0,502,558,560,500,496
b9-18-k15-x540-g560,18,0,320,68,1,0,0,0,320,-1,0,-1,-1,0,0,0,502,558,560,500,496
b9-18-k15-x540-g560,19,1,321,68,0,0,0,0,320,-1,0,-1,-1,0,0,0,502,558,560,500,496
b9-18-k15-x540-g560,20,0,322,69,0,0,0,0,321,-1,0,-1,-1,0,0,0,502,558,560,500,496
b9-18-k15-x540-g560,21,1,336,132,0,0,0,1,336,132,0,1,0,1,1,0,522,554,560,500,496
b9-18-k15-x540-g560,22,0,337,132,0,0,0,0,336,132,0,1,0,1,1,0,522,554,560,500,496
b9-18-k15-x540-g560,23,1,337,132,0,0,0,0,337,132,0,1,0,1,1,0,522,536,560,500,496
b9-18-k15-x540-g560,24,0,338,132,0,0,0,0,337,132,0,1,0,1,1,0,522,536,560,500,496
b9-18-k15-x540-g560,25,1,339,132,0,0,0,0,338,132,0,1,0,1,1,0,522,531,560,500,496
b9-18-k15-x540-g560,26,0,340,132,0,0,0,0,339,132,0,1,0,1,1,0,522,536,560,500,496
b9-18-k15-x540-g560,27,1,341,136,0,0,0,0,340,136,0,1,0,1,1,0,522,536,560,500,496
b9-18-k15-x540-g560,28,0,341,137,0,0,0,0,341,137,0,1,0,1,1,0,522,544,560,500,496
b9-18-k15-x540-g560,29,1,342,137,0,0,0,0,341,137,0,1,0,1,1,0,522,544,560,500,496
b9-18-k15-x540-g560,30,0,342,137,-3,0,0,0,342,137,0,1,0,1,1,0,522,545,560,400,496
b9-18-k15-x540-g560,31,1,342,137,-2,0,0,0,342,137,0,1,0,1,1,0,522,545,560,400,496
b9-18-k15-x540-g560,32,0,343,137,-1,0,0,0,342,137,0,1,0,1,1,0,522,545,560,400,496
b9-18-k15-x540-g560,33,1,344,233,0,0,0,0,343,232,0,1,0,1,0,0,522,545,560,400,496
b9-18-k15-x540-g560,34,0,344,233,0,0,0,0,344,-1,0,1,0,0,0,0,522,545,560,400,496
b9-18-k15-x540-g560,35,1,344,233,0,0,0,0,344,-1,0,1,0,0,0,0,522,545,560,400,496
b9-18-k15-x540-g560,36,0,344,233,0,0,0,0,344,-1,0,1,0,0,0,0,522,545,560,400,496
b9-18-k15-x540-g560,37,1,344,233,0,0,0,0,344,-1,0,1,0,0,0,0,522,545,560,400,496
b9-18-k15-x540-g560,38,0,344,233,0,0,0,0,344,-1,0,1,0,0,0,0,522,545,560,400,496
b9-18-k15-x540-g560,39,1,345,233,0,0,0,0,344,-1,0,1,0,0,0,0,522,545,560,400,496
b9-18-k15-x540-g560,40,0,345,233,0,0,0,0,345,-1,0,1,0,0,0,0,522,545,560,400,496
b9-18-k15-x560-g580,1,1,0,0,0,0,0,0,0,-1,0,-1,-1,0,0,0,500,560,580,500,500
b9-18-k15-x560-g580,2,0,0,65,0,0,0,0,0,-1,0,-1,-1,0,0,0,500,562,580,500,500
b9-18-k15-x560-g580,3,1,0,65,0,0,0,0,0,-1,0,-1,-1,0,0,0,500,564,580,500,500
b9-18-k15-x560-g580,4,0,0,61,0,0,0,0,0,-1,0,-1,-1,0,0,0,500,566,580,500,500
b9-18-k15-x560-g580,5,1,0,61,3,1,1,0,0,-1,0,-1,-1,0,0,0,500,568,580,500,498
b9-18-k15-x560-g580,6,0,1,61,2,0,0,0,0,-1,0,-1,-1,0,0,0,500,568,580,500,498
b9-18-k15-x560-g580,7,1,1,61,1,0,0,0,1,-1,0,-1,-1,0,0,0,500,568,580,500,498
b9-18-k15-x560-g580,8,0,1,61,0,0,0,0,1,-1,0,-1,-1,0,0,0,500,568,580,500,498
b9-18-k15-x560-g580,9,1,1,62,0,0,0,0,1,-1,0,-1,-1,0,0,0,500,570,580,500,498
b9-18-k15-x560-g580,10,0,1,62,0,0,0,0,1,-1,0,-1,-1,0,0,0,500,571,580,500,498
b9-18-k15-x560-g580,11,1,1,63,0,0,0,0,1,-1,0,-1,-1,0,0,0,500,571,580,500,498
b9-18-k15-x560-g580,12,0,2,66,0,0,0,0,1,-1,0,-1,-1,0,0,0,500,573,580,500,498
b9-18-k15-x560-g580,13,1,2,66,0,0,0,0,2,-1,0,-1,-1,0,0,0,500,575,580,500,498
b9-18-k15-x560-g580,14,0,2,67,0,0,0,0,2,-1,0,-1,-1,0,0,0,500,577,580,500,498
b9-18-k15-x560-g580,15,1,2,68,0,0,0,0,2,-1,0,-1,-1,0,0,0,500,578,580,500,498
b9-18-k15-x560-g580,16,0,60,68,3,1,1,0,60,-1,0,-1,-1,0,0,0,501,578,580,500,496
b9-18-k15-x560-g580,17,1,60,68,2,0,0,0,60,-1,0,-1,-1,0,0,0,502,578,580,500,496
b9-18-k15-x560-g580,18,0,320,68,1,0,0,0,320,-1,0,-1,-1,0,0,0,502,578,580,500,496
b9-18-k15-x560-g580,19,1,321,68,0,0,0,0,320,-1,0,-1,-1,0,0,0,502,578,580,500,496
b9-18-k15-x560-g580,20,0,322,69,0,0,0,0,321,-1,0,-1,-1,0,0,0,502,578,580,500,496
b9-18-k15-x560-g580,21,1,323,70,0,0,0,0,322,-1,0,-1,-1,0,0,0,502,578,580,500,496
b9-18-k15-x560-g580,22,0,335,132,0,0,0,1,335,132,0,1,0,1,1,0,503,593,580,500,496
b9-18-k15-x560-g580,23,1,336,132,0,0,0,0,335,132,0,1,0,1,1,0,503,593,580,500,496
b9-18-k15-x560-g580,24,0,336,132,0,0,0,0,336,132,0,1,0,1,1,0,503,535,580,500,496
b9-18-k15-x560-g580,25,1,337,132,0,0,0,0,336,132,0,1,0,1,1,0,503,535,580,500,496
b9-18-k15-x560-g580,26,0,337,132,0,0,0,0,337,132,0,1,0,1,1,0,503,517,580,500,496
b9-18-k15-x560-g580,27,1,338,132,0,0,0,0,337,132,0,1,0,1,1,0,503,517,580,500,496
b9-18-k15-x560-g580,28,0,339,132,0,0,0,0,338,132,0,1,0,1,1,0,503,512,580,500,496
b9-18-k15-x560-g580,29,1,340,132,0,0,0,0,339,132,0,1,0,1,1,0,503,517,580,500,496
b9-18-k15-x560-g580,30,0,341,136,0,0,0,0,340,136,0,1,0,1,1,0,503,517,580,500,496
b9-18-k15-x560-g580,31,1,341,137,0,0,0,0,341,137,0,1,0,1,1,0,503,525,580,500,496
b9-18-k15-x560-g580,32,0,342,137,0,0,0,0,341,137,0,1,0,1,1,0,503,525,580,500,496
b9-18-k15-x560-g580,33,1,342,137,-3,0,0,0,342,137,0,1,0,1,1,0,503,526,580,400,496
b9-18-k15-x560-g580,34,0,342,137,-2,0,0,0,342,137,0,1,0,1,1,0,503,526,580,400,496
b9-18-k15-x560-g580,35,1,343,137,-1,0,0,0,342,137,0,1,0,1,1,0,503,526,580,400,496
b9-18-k15-x560-g580,36,0,344,233,0,0,0,0,343,232,0,1,0,1,0,0,503,526,580,400,496
b9-18-k15-x560-g580,37,1,344,233,0,0,0,0,344,-1,0,1,0,0,0,0,503,526,580,400,496
b9-18-k15-x560-g580,38,0,344,233,0,0,0,0,344,-1,0,1,0,0,0,0,503,526,580,400,496
b9-18-k15-x560-g580,39,1,344,233,0,0,0,0,344,-1,0,1,0,0,0,0,503,526,580,400,496
b9-18-k15-x560-g580,40,0,344,233,0,0,0,0,344,-1,0,1,0,0,0,0,503,526,580,400,496
b9-18-k16-x540-g560,1,1,0,0,0,0,0,0,0,-1,0,-1,-1,0,0,0,500,540,560,500,500
b9-18-k16-x540-g560,2,0,0,65,0,0,0,0,0,-1,0,-1,-1,0,0,0,500,542,560,500,500
b9-18-k16-x540-g560,3,1,0,65,0,0,0,0,0,-1,0,-1,-1,0,0,0,500,544,560,500,500
b9-18-k16-x540-g560,4,0,0,61,0,0,0,0,0,-1,0,-1,-1,0,0,0,500,546,560,500,500
b9-18-k16-x540-g560,5,1,0,61,3,1,1,0,0,-1,0,-1,-1,0,0,0,500,548,560,500,498
b9-18-k16-x540-g560,6,0,1,61,2,0,0,0,0,-1,0,-1,-1,0,0,0,500,548,560,500,498
b9-18-k16-x540-g560,7,1,1,61,1,0,0,0,1,-1,0,-1,-1,0,0,0,500,548,560,500,498
b9-18-k16-x540-g560,8,0,1,61,0,0,0,0,1,-1,0,-1,-1,0,0,0,500,548,560,500,498
b9-18-k16-x540-g560,9,1,1,62,0,0,0,0,1,-1,0,-1,-1,0,0,0,500,550,560,500,498
b9-18-k16-x540-g560,10,0,1,62,0,0,0,0,1,-1,0,-1,-1,0,0,0,500,551,560,500,498
b9-18-k16-x540-g560,11,1,1,63,0,0,0,0,1,-1,0,-1,-1,0,0,0,500,551,560,500,498
b9-18-k16-x540-g560,12,0,2,66,0,0,0,0,1,-1,0,-1,-1,0,0,0,500,553,560,500,498
b9-18-k16-x540-g560,13,1,2,66,0,0,0,0,2,-1,0,-1,-1,0,0,0,500,555,560,500,498
b9-18-k16-x540-g560,14,0,2,67,0,0,0,0,2,-1,0,-1,-1,0,0,0,500,557,560,500,498
b9-18-k16-x540-g560,15,1,2,68,0,0,0,0,2,-1,0,-1,-1,0,0,0,500,558,560,500,498
b9-18-k16-x540-g560,16,0,60,68,3,1,1,0,60,-1,0,-1,-1,0,0,0,501,558,560,500,496
b9-18-k16-x540-g560,17,1,60,68,2,0,0,0,60,-1,0,-1,-1,0,0,0,502,558,560,500,496
b9-18-k16-x540-g560,18,0,320,68,1,0,0,0,320,-1,0,-1,-1,0,0,0,502,558,560,500,496
b9-18-k16-x540-g560,19,1,321,68,0,0,0,0,320,-1,0,-1,-1,0,0,0,502,558,560,500,496
b9-18-k16-x540-g560,20,0,322,69,0,0,0,0,321,-1,0,-1,-1,0,0,0,502,558,560,500,496
b9-18-k16-x540-g560,21,1,336,132,0,0,0,1,336,132,0,1,0,1,1,0,522,554,560,500,496
b9-18-k16-x540-g560,22,0,337,132,0,0,0,0,336,132,0,1,0,1,1,0,522,554,560,500,496
b9-18-k16-x540-g560,23,1,337,132,0,0,0,0,337,132,0,1,0,1,1,0,522,536,560,500,496
b9-18-k16-x540-g560,24,0,338,132,0,0,0,0,337,132,0,1,0,1,1,0,522,536,560,500,496
b9-18-k16-x540-g560,25,1,339,132,0,0,0,0,338,132,0,1,0,1,1,0,522,531,560,500,496
b9-18-k16-x540-g560,26,0,340,132,0,0,0,0,339,132,0,1,0,1,1,0,522,536,560,500,496
b9-18-k16-x540-g560,27,1,341,136,0,0,0,0,340,136,0,1,0,1,1,0,522,536,560,500,496
b9-18-k16-x540-g560,28,0,341,137,0,0,0,0,341,137,0,1,0,1,1,0,522,544,560,500,496
b9-18-k16-x540-g560,29,1,342,137,0,0,0,0,341,137,0,1,0,1,1,0,522,544,560,500,496
b9-18-k16-x540-g560,30,0,342,137,-3,0,0,0,342,137,0,1,0,1,1,0,522,545,560,400,496
b9-18-k16-x540-g560,31,1,342,137,-2,0,0,0,342,137,0,1,0,1,1,0,522,545,560,400,496
b9-18-k16-x540-g560,32,0,343,137,-1,0,0,0,342,137,0,1,0,1,1,0,522,545,560,400,496
b9-18-k16-x540-g560,33,1,344,233,0,0,0,0,343,232,0,1,0,1,0,0,522,545,560,400,496
b9-18-k16-x540-g560,34,0,344,233,0,0,0,0,344,-1,0,1,0,0,0,0,522,545,560,400,496
b9-18-k16-x540-g560,35,1,344,233,0,0,0,0,344,-1,0,1,0,0,0,0,522,545,560,400,496
b9-18-k16-x540-g560,36,0,344,233,0,0,0,0,344,-1,0,1,0,0,0,0,522,545,560,400,496
b9-18-k16-x540-g560,37,1,344,233,0,0,0,0,344,-1,0,1,0,0,0,0,522,545,560,400,496
b9-18-k16-x540-g560,38,0,344,233,0,0,0,0,344,-1,0,1,0,0,0,0,522,545,560,400,496
b9-18-k16-x540-g560,39,1,345,233,0,0,0,0,344,-1,0,1,0,0,0,0,522,545,560,400,496
b9-18-k16-x540-g560,40,0,345,233,0,0,0,0,345,-1,0,1,0,0,0,0,522,545,560,400,496
b9-18-k16-x560-g580,1,1,0,0,0,0,0,0,0,-1,0,-1,-1,0,0,0,500,560,580,500,500
b9-18-k16-x560-g580,2,0,0,65,0,0,0,0,0,-1,0,-1,-1,0,0,0,500,562,580,500,500
b9-18-k16-x560-g580,3,1,0,65,0,0,0,0,0,-1,0,-1,-1,0,0,0,500,564,580,500,500
b9-18-k16-x560-g580,4,0,0,61,0,0,0,0,0,-1,0,-1,-1,0,0,0,500,566,580,500,500
b9-18-k16-x560-g580,5,1,0,61,3,1,1,0,0,-1,0,-1,-1,0,0,0,500,568,580,500,498
b9-18-k16-x560-g580,6,0,1,61,2,0,0,0,0,-1,0,-1,-1,0,0,0,500,568,580,500,498
b9-18-k16-x560-g580,7,1,1,61,1,0,0,0,1,-1,0,-1,-1,0,0,0,500,568,580,500,498
b9-18-k16-x560-g580,8,0,1,61,0,0,0,0,1,-1,0,-1,-1,0,0,0,500,568,580,500,498
b9-18-k16-x560-g580,9,1,1,62,0,0,0,0,1,-1,0,-1,-1,0,0,0,500,570,580,500,498
b9-18-k16-x560-g580,10,0,1,62,0,0,0,0,1,-1,0,-1,-1,0,0,0,500,571,580,500,498
b9-18-k16-x560-g580,11,1,1,63,0,0,0,0,1,-1,0,-1,-1,0,0,0,500,571,580,500,498
b9-18-k16-x560-g580,12,0,2,66,0,0,0,0,1,-1,0,-1,-1,0,0,0,500,573,580,500,498
b9-18-k16-x560-g580,13,1,2,66,0,0,0,0,2,-1,0,-1,-1,0,0,0,500,575,580,500,498
b9-18-k16-x560-g580,14,0,2,67,0,0,0,0,2,-1,0,-1,-1,0,0,0,500,577,580,500,498
b9-18-k16-x560-g580,15,1,2,68,0,0,0,0,2,-1,0,-1,-1,0,0,0,500,578,580,500,498
b9-18-k16-x560-g580,16,0,60,68,3,1,1,0,60,-1,0,-1,-1,0,0,0,501,578,580,500,496
b9-18-k16-x560-g580,17,1,60,68,2,0,0,0,60,-1,0,-1,-1,0,0,0,502,578,580,500,496
b9-18-k16-x560-g580,18,0,320,68,1,0,0,0,320,-1,0,-1,-1,0,0,0,502,578,580,500,496
b9-18-k16-x560-g580,19,1,321,68,0,0,0,0,320,-1,0,-1,-1,0,0,0,502,578,580,500,496
b9-18-k16-x560-g580,20,0,322,69,0,0,0,0,321,-1,0,-1,-1,0,0,0,502,578,580,500,496
b9-18-k16-x560-g580,21,1,323,70,0,0,0,0,322,-1,0,-1,-1,0,0,0,502,578,580,500,496
b9-18-k16-x560-g580,22,0,335,132,0,0,0,1,335,132,0,1,0,1,1,0,503,593,580,500,496
b9-18-k16-x560-g580,23,1,336,132,0,0,0,0,335,132,0,1,0,1,1,0,503,593,580,500,496
b9-18-k16-x560-g580,24,0,336,132,0,0,0,0,336,132,0,1,0,1,1,0,503,535,580,500,496
b9-18-k16-x560-g580,25,1,337,132,0,0,0,0,336,132,0,1,0,1,1,0,503,535,580,500,496
b9-18-k16-x560-g580,26,0,337,132,0,0,0,0,337,132,0,1,0,1,1,0,503,517,580,500,496
b9-18-k16-x560-g580,27,1,338,132,0,0,0,0,337,132,0,1,0,1,1,0,503,517,580,500,496
b9-18-k16-x560-g580,28,0,339,132,0,0,0,0,338,132,0,1,0,1,1,0,503,512,580,500,496
b9-18-k16-x560-g580,29,1,340,132,0,0,0,0,339,132,0,1,0,1,1,0,503,517,580,500,496
b9-18-k16-x560-g580,30,0,341,136,0,0,0,0,340,136,0,1,0,1,1,0,503,517,580,500,496
b9-18-k16-x560-g580,31,1,341,137,0,0,0,0,341,137,0,1,0,1,1,0,503,525,580,500,496
b9-18-k16-x560-g580,32,0,342,137,0,0,0,0,341,137,0,1,0,1,1,0,503,525,580,500,496
b9-18-k16-x560-g580,33,1,342,137,-3,0,0,0,342,137,0,1,0,1,1,0,503,526,580,400,496
b9-18-k16-x560-g580,34,0,342,137,-2,0,0,0,342,137,0,1,0,1,1,0,503,526,580,400,496
b9-18-k16-x560-g580,35,1,343,137,-1,0,0,0,342,137,0,1,0,1,1,0,503,526,580,400,496
b9-18-k16-x560-g580,36,0,344,233,0,0,0,0,343,232,0,1,0,1,0,0,503,526,580,400,496
b9-18-k16-x560-g580,37,1,344,233,0,0,0,0,344,-1,0,1,0,0,0,0,503,526,580,400,496
b9-18-k16-x560-g580,38,0,344,233,0,0,0,0,344,-1,0,1,0,0,0,0,503,526,580,400,496
b9-18-k16-x560-g580,39,1,344,233,0,0,0,0,344,-1,0,1,0,0,0,0,503,526,580,400,496
b9-18-k16-x560-g580,40,0,344,233,0,0,0,0,344,-1,0,1,0,0,0,0,503,526,580,400,496
b9-18-k17-x540-g560,1,1,0,0,0,0,0,0,0,-1,0,-1,-1,0,0,0,500,540,560,500,500
b9-18-k17-x540-g560,2,0,0,65,0,0,0,0,0,-1,0,-1,-1,0,0,0,500,542,560,500,500
b9-18-k17-x540-g560,3,1,0,65,0,0,0,0,0,-1,0,-1,-1,0,0,0,500,544,560,500,500
b9-18-k17-x540-g560,4,0,0,61,0,0,0,0,0,-1,0,-1,-1,0,0,0,500,546,560,500,500
b9-18-k17-x540-g560,5,1,0,61,3,1,1,0,0,-1,0,-1,-1,0,0,0,500,548,560,500,498
b9-18-k17-x540-g560,6,0,1,61,2,0,0,0,0,-1,0,-1,-1,0,0,0,500,548,560,500,498
b9-18-k17-x540-g560,7,1,1,61,1,0,0,0,1,-1,0,-1,-1,0,0,0,500,548,560,500,498
b9-18-k17-x540-g560,8,0,1,61,0,0,0,0,1,-1,0,-1,-1,0,0,0,500,548,560,500,498
b9-18-k17-x540-g560,9,1,1,62,0,0,0,0,1,-1,0,-1,-1,0,0,0,500,550,560,500,498
b9-18-k17-x540-g560,10,0,1,62,0,0,0,0,1,-1,0,-1,-1,0,0,0,500,551,560,500,498
b9-18-k17-x540-g560,11,1,1,63,0,0,0,0,1,-1,0,-1,-1,0,0,0,500,551,560,500,498
b9-18-k17-x540-g560,12,0,2,66,0,0,0,0,1,-1,0,-1,-1,0,0,0,500,553,560,500,498
b9-18-k17-x540-g560,13,1,2,66,0,0,0,0,2,-1,0,-1,-1,0,0,0,500,555,560,500,498
b9-18-k17-x540-g560,14,0,2,67,0,0,0,0,2,-1,0,-1,-1,0,0,0,500,557,560,500,498
b9-18-k17-x540-g560,15,1,2,68,0,0,0,0,2,-1,0,-1,-1,0,0,0,500,558,560,500,498
b9-18-k17-x540-g560,16,0,2,68,3,1,1,0,2,-1,0,-1,-1,0,0,0,500,558,560,500,496
b9-18-k17-x540-g560,17,1,2,68,2,0,0,0,2,-1,0,-1,-1,0,0,0,500,558,560,500,496
b9-18-k17-x540-g560,18,0,60,68,1,0,0,0,60,-1,0,-1,-1,0,0,0,501,558,560,500,496
b9-18-k17-x540-g560,19,1,60,68,0,0,0,0,60,-1,0,-1,-1,0,0,0,502,558,560,500,496
b9-18-k17-x540-g560,20,0,320,69,0,0,0,0,320,-1,0,-1,-1,0,0,0,502,558,560,500,496
b9-18-k17-x540-g560,21,1,321,70,0,0,0,0,320,-1,0,-1,-1,0,0,0,502,558,560,500,496
b9-18-k17-x540-g560,22,0,322,71,0,0,0,0,321,-1,0,-1,-1,0,0,0,502,558,560,500,496
b9-18-k17-x540-g560,23,1,336,132,0,0,0,1,336,132,0,1,0,1,1,0,522,554,560,500,496
b9-18-k17-x540-g560,24,0,337,132,0,0,0,0,336,132,0,1,0,1,1,0,522,554,560,500,496
b9-18-k17-x540-g560,25,1,337,132,0,0,0,0,337,132,0,1,0,1,1,0,522,536,560,500,496
b9-18-k17-x540-g560,26,0,338,132,0,0,0,0,337,132,0,1,0,1,1,0,522,536,560,500,496
b9-18-k17-x540-g560,27,1,339,132,0,0,0,0,338,132,0,1,0,1,1,0,522,531,560,500,496
b9-18-k17-x540-g560,28,0,340,132,0,0,0,0,339,132,0,1,0,1,1,0,522,536,560,500,496
b9-18-k17-x540-g560,29,1,341,136,0,0,0,0,340,136,0,1,0,1,1,0,522,536,560,500,496
b9-18-k17-x540-g560,30,0,341,137,0,0,0,0,341,137,0,1,0,1,1,0,522,544,560,500,496
b9-18-k17-x540-g560,31,1,342,137,0,0,0,0,341,137,0,1,0,1,1,0,522,544,560,500,496
b9-18-k17-x540-g560,32,0,342,137,-3,0,0,0,342,137,0,1,0,1,1,0,522,545,560,400,496
b9-18-k17-x540-g560,33,1,342,137,-2,0,0,0,342,137,0,1,0,1,1,0,522,545,560,400,496
b9-18-k17-x540-g560,34,0,343,137,-1,0,0,0,342,137,0,1,0,1,1,0,522,545,560,400,496
b9-18-k17-x540-g560,35,1,344,233,0,0,0,0,343,232,0,1,0,1,0,0,522,545,560,400,496
b9-18-k17-x540-g560,36,0,344,233,0,0,0,0,344,-1,0,1,0,0,0,0,522,545,560,400,496
b9-18-k17-x540-g560,37,1,344,233,0,0,0,0,344,-1,0,1,0,0,0,0,522,545,560,400,496
b9-18-k17-x540-g560,38,0,344,233,0,0,0,0,344,-1,0,1,0,0,0,0,522,545,560,400,496
b9-18-k17-x540-g560,39,1,344,233,0,0,0,0,344,-1,0,1,0,0,0,0,522,545,560,400,496
b9-18-k17-x540-g560,40,0,344,233,0,0,0,0,344,-1,0,1,0,0,0,0,522,545,560,400,496
b9-18-k17-x560-g580,1,1,0,0,0,0,0,0,0,-1,0,-1,-1,0,0,0,500,560,580,500,500
b9-18-k17-x560-g580,2,0,0,65,0,0,0,0,0,-1,0,-1,-1,0,0,0,500,562,580,500,500
b9-18-k17-x560-g580,3,1,0,65,0,0,0,0,0,-1,0,-1,-1,0,0,0,500,564,580,500,500
b9-18-k17-x560-g580,4,0,0,61,0,0,0,0,0,-1,0,-1,-1,0,0,0,500,566,580,500,500
b9-18-k17-x560-g580,5,1,0,61,3,1,1,0,0,-1,0,-1,-1,0,0,0,500,568,580,500,498
b9-18-k17-x560-g580,6,0,1,61,2,0,0,0,0,-1,0,-1,-1,0,0,0,500,568,580,500,498
b9-18-k17-x560-g580,7,1,1,61,1,0,0,0,1,-1,0,-1,-1,0,0,0,500,568,580,500,498
b9-18-k17-x560-g580,8,0,1,61,0,0,0,0,1,-1,0,-1,-1,0,0,0,500,568,580,500,498
b9-18-k17-x560-g580,9,1,1,62,0,0,0,0,1,-1,0,-1,-1,0,0,0,500,570,580,500,498
b9-18-k17-x560-g580,10,0,1,62,0,0,0,0,1,-1,0,-1,-1,0,0,0,500,571,580,500,498
b9-18-k17-x560-g580,11,1,1,63,0,0,0,0,1,-1,0,-1,-1,0,0,0,500,571,580,500,498
b9-18-k17-x560-g580,12,0,2,66,0,0,0,0,1,-1,0,-1,-1,0,0,0,500,573,580,500,498
b9-18-k17-x560-g580,13,1,2,66,0,0,0,0,2,-1,0,-1,-1,0,0,0,500,575,580,500,498
b9-18-k17-x560-g580,14,0,2,67,0,0,0,0,2,-1,0,-1,-1,0,0,0,500,577,580,500,498
b9-18-k17-x560-g580,15,1,2,68,0,0,0,0,2,-1,0,-1,-1,0,0,0,500,578,580,500,498
b9-18-k17-x560-g580,16,0,2,68,3,1,1,0,2,-1,0,-1,-1,0,0,0,500,578,580,500,496
b9-18-k17-x560-g580,17,1,2,68,2,0,0,0,2,-1,0,-1,-1,0,0,0,500,578,580,500,496
b9-18-k17-x560-g580,18,0,60,68,1,0,0,0,60,-1,0,-1,-1,0,0,0,501,578,580,500,496
b9-18-k17-x560-g580,19,1,60,68,0,0,0,0,60,-1,0,-1,-1,0,0,0,502,578,580,500,496
b9-18-k17-x560-g580,20,0,320,69,0,0,0,0,320,-1,0,-1,-1,0,0,0,502,578,580,500,496
b9-18-k17-x560-g580,21,1,321,70,0,0,0,0,320,-1,0,-1,-1,0,0,0,502,578,580,500,496
b9-18-k17-x560-g580,22,0,322,71,0,0,0,0,321,-1,0,-1,-1,0,0,0,502,578,580,500,496
b9-18-k17-x560-g580,23,1,323,72,0,0,0,0,322,-1,0,-1,-1,0,0,0,502,578,580,500,496
b9-18-k17-x560-g580,24,0,335,132,0,0,0,1,335,132,0,1,0,1,1,0,504,594,580,500,496
b9-18-k17-x560-g580,25,1,336,132,0,0,0,0,335,132,0,1,0,1,1,0,504,594,580,500,496
b9-18-k17-x560-g580,26,0,336,132,0,0,0,0,336,132,0,1,0,1,1,0,504,536,580,500,496
b9-18-k17-x560-g580,27,1,337,132,0,0,0,0,336,132,0,1,0,1,1,0,504,536,580,500,496
b9-18-k17-x560-g580,28,0,337,132,0,0,0,0,337,132,0,1,0,1,1,0,504,518,580,500,496
b9-18-k17-x560-g580,29,1,338,132,0,0,0,0,337,132,0,1,0,1,1,0,504,518,580,500,496
b9-18-k17-x560-g580,30,0,339,132,0,0,0,0,338,132,0,1,0,1,1,0,504,513,580,500,496
b9-18-k17-x560-g580,31,1,340,132,0,0,0,0,339,132,0,1,0,1,1,0,504,518,580,500,496
b9-18-k17-x560-g580,32,0,341,136,0,0,0,0,340,136,0,1,0,1,1,0,504,518,580,500,496
b9-18-k17-x560-g580,33,1,341,137,0,0,0,0,341,137,0,1,0,1,1,0,504,526,580,500,496
b9-18-k17-x560-g580,34,0,342,137,0,0,0,0,341,137,0,1,0,1,1,0,504,526,580,500,496
b9-18-k17-x560-g580,35,1,342,137,-3,0,0,0,342,137,0,1,0,1,1,0,504,527,580,400,496
b9-18-k17-x560-g580,36,0,342,137,-2,0,0,0,342,137,0,1,0,1,1,0,504,527,580,400,496
b9-18-k17-x560-g580,37,1,343,137,-1,0,0,0,342,137,0,1,0,1,1,0,504,527,580,400,496
b9-18-k17-x560-g580,38,0,344,233,0,0,0,0,343,232,0,1,0,1,0,0,504,527,580,400,496
b9-18-k17-x560-g580,39,1,344,233,0,0,0,0,344,-1,0,1,0,0,0,0,504,527,580,400,496
b9-18-k17-x560-g580,40,0,344,233,0,0,0,0,344,-1,0,1,0,0,0,0,504,527,580,400,496
b9-18-k18-x540-g560,1,1,0,0,0,0,0,0,0,-1,0,-1,-1,0,0,0,500,540,560,500,500
b9-18-k18-x540-g560,2,0,0,65,0,0,0,0,0,-1,0,-1,-1,0,0,0,500,542,560,500,500
b9-18-k18-x540-g560,3,1,0,65,0,0,0,0,0,-1,0,-1,-1,0,0,0,500,544,560,500,500
b9-18-k18-x540-g560,4,0,0,61,0,0,0,0,0,-1,0,-1,-1,0,0,0,500,546,560,500,500
b9-18-k18-x540-g560,5,1,0,61,3,1,1,0,0,-1,0,-1,-1,0,0,0,500,548,560,500,498
b9-18-k18-x540-g560,6,0,1,61,2,0,0,0,0,-1,0,-1,-1,0,0,0,500,548,560,500,498
b9-18-k18-x540-g560,7,1,1,61,1,0,0,0,1,-1,0,-1,-1,0,0,0,500,548,560,500,498
b9-18-k18-x540-g560,8,0,1,61,0,0,0,0,1,-1,0,-1,-1,0,0,0,500,548,560,500,498
b9-18-k18-x540-g560,9,1,1,62,0,0,0,0,1,-1,0,-1,-1,0,0,0,500,550,560,500,498
b9-18-k18-x540-g560,10,0,1,62,0,0,0,0,1,-1,0,-1,-1,0,0,0,500,551,560,500,498
b9-18-k18-x540-g560,11,1,1,63,0,0,0,0,1,-1,0,-1,-1,0,0,0,500,551,560,500,498
b9-18-k18-x540-g560,12,0,2,66,0,0,0,0,1,-1,0,-1,-1,0,0,0,500,553,560,500,498
b9-18-k18-x540-g560,13,1,2,66,0,0,0,0,2,-1,0,-1,-1,0,0,0,500,555,560,500,498
b9-18-k18-x540-g560,14,0,2,67,0,0,0,0,2,-1,0,-1,-1,0,0,0,500,557,560,500,498
b9-18-k18-x540-g560,15,1,2,68,0,0,0,0,2,-1,0,-1,-1,0,0,0,500,558,560,500,498
b9-18-k18-x540-g560,16,0,2,68,3,1,1,0,2,-1,0,-1,-1,0,0,0,500,558,560,500,496
b9-18-k18-x540-g560,17,1,2,68,2,0,0,0,2,-1,0,-1,-1,0,0,0,500,558,560,500,496
b9-18-k18-x540-g560,18,0,60,68,1,0,0,0,60,-1,0,-1,-1,0,0,0,501,558,560,500,496
b9-18-k18-x540-g560,19,1,60,68,0,0,0,0,60,-1,0,-1,-1,0,0,0,502,558,560,500,496
b9-18-k18-x540-g560,20,0,320,69,0,0,0,0,320,-1,0,-1,-1,0,0,0,502,558,560,500,496
b9-18-k18-x540-g560,21,1,321,70,0,0,0,0,320,-1,0,-1,-1,0,0,0,502,558,560,500,496
b9-18-k18-x540-g560,22,0,322,71,0,0,0,0,321,-1,0,-1,-1,0,0,0,502,558,560,500,496
b9-18-k18-x540-g560,23,1,336,132,0,0,0,1,336,132,0,1,0,1,1,0,522,554,560,500,496
b9-18-k18-x540-g560,24,0,337,132,0,0,0,0,336,132,0,1,0,1,1,0,522,554,560,500,496
b9-18-k18-x540-g560,25,1,337,132,0,0,0,0,337,132,0,1,0,1,1,0,522,536,560,500,496
b9-18-k18-x540-g560,26,0,338,132,0,0,0,0,337,132,0,1,0,1,1,0,522,536,560,500,496
b9-18-k18-x540-g560,27,1,339,132,0,0,0,0,338,132,0,1,0,1,1,0,522,531,560,500,496
b9-18-k18-x540-g560,28,0,340,132,0,0,0,0,339,132,0,1,0,1,1,0,522,536,560,500,496
b9-18-k18-x540-g560,29,1,341,136,0,0,0,0,340,136,0,1,0,1,1,0,522,536,560,500,496
b9-18-k18-x540-g560,30,0,341,137,0,0,0,0,341,137,0,1,0,1,1,0,522,544,560,500,496
b9-18-k18-x540-g560,31,1,342,137,0,0,0,0,341,137,0,1,0,1,1,0,522,544,560,500,496
b9-18-k18-x540-g560,32,0,342,137,-3,0,0,0,342,137,0,1,0,1,1,0,522,545,560,400,496
b9-18-k18-x540-g560,33,1,342,137,-2,0,0,0,342,137,0,1,0,1,1,0,522,545,560,400,496
b9-18-k18-x540-g560,34,0,343,137,-1,0,0,0,342,137,0,1,0,1,1,0,522,545,560,400,496
b9-18-k18-x540-g560,35,1,344,233,0,0,0,0,343,232,0,1,0,1,0,0,522,545,560,400,496
b9-18-k18-x540-g560,36,0,344,233,0,0,0,0,344,-1,0,1,0,0,0,0,522,545,560,400,496
b9-18-k18-x540-g560,37,1,344,233,0,0,0,0,344,-1,0,1,0,0,0,0,522,545,560,400,496
b9-18-k18-x540-g560,38,0,344,233,0,0,0,0,344,-1,0,1,0,0,0,0,522,545,560,400,496
b9-18-k18-x540-g560,39,1,344,233,0,0,0,0,344,-1,0,1,0,0,0,0,522,545,560,400,496
b9-18-k18-x540-g560,40,0,344,233,0,0,0,0,344,-1,0,1,0,0,0,0,522,545,560,400,496
b9-18-k18-x560-g580,1,1,0,0,0,0,0,0,0,-1,0,-1,-1,0,0,0,500,560,580,500,500
b9-18-k18-x560-g580,2,0,0,65,0,0,0,0,0,-1,0,-1,-1,0,0,0,500,562,580,500,500
b9-18-k18-x560-g580,3,1,0,65,0,0,0,0,0,-1,0,-1,-1,0,0,0,500,564,580,500,500
b9-18-k18-x560-g580,4,0,0,61,0,0,0,0,0,-1,0,-1,-1,0,0,0,500,566,580,500,500
b9-18-k18-x560-g580,5,1,0,61,3,1,1,0,0,-1,0,-1,-1,0,0,0,500,568,580,500,498
b9-18-k18-x560-g580,6,0,1,61,2,0,0,0,0,-1,0,-1,-1,0,0,0,500,568,580,500,498
b9-18-k18-x560-g580,7,1,1,61,1,0,0,0,1,-1,0,-1,-1,0,0,0,500,568,580,500,498
b9-18-k18-x560-g580,8,0,1,61,0,0,0,0,1,-1,0,-1,-1,0,0,0,500,568,580,500,498
b9-18-k18-x560-g580,9,1,1,62,0,0,0,0,1,-1,0,-1,-1,0,0,0,500,570,580,500,498
b9-18-k18-x560-g580,10,0,1,62,0,0,0,0,1,-1,0,-1,-1,0,0,0,500,571,580,500,498
b9-18-k18-x560-g580,11,1,1,63,0,0,0,0,1,-1,0,-1,-1,0,0,0,500,571,580,500,498
b9-18-k18-x560-g580,12,0,2,66,0,0,0,0,1,-1,0,-1,-1,0,0,0,500,573,580,500,498
b9-18-k18-x560-g580,13,1,2,66,0,0,0,0,2,-1,0,-1,-1,0,0,0,500,575,580,500,498
b9-18-k18-x560-g580,14,0,2,67,0,0,0,0,2,-1,0,-1,-1,0,0,0,500,577,580,500,498
b9-18-k18-x560-g580,15,1,2,68,0,0,0,0,2,-1,0,-1,-1,0,0,0,500,578,580,500,498
b9-18-k18-x560-g580,16,0,2,68,3,1,1,0,2,-1,0,-1,-1,0,0,0,500,578,580,500,496
b9-18-k18-x560-g580,17,1,2,68,2,0,0,0,2,-1,0,-1,-1,0,0,0,500,578,580,500,496
b9-18-k18-x560-g580,18,0,60,68,1,0,0,0,60,-1,0,-1,-1,0,0,0,501,578,580,500,496
b9-18-k18-x560-g580,19,1,60,68,0,0,0,0,60,-1,0,-1,-1,0,0,0,502,578,580,500,496
b9-18-k18-x560-g580,20,0,320,69,0,0,0,0,320,-1,0,-1,-1,0,0,0,502,578,580,500,496
b9-18-k18-x560-g580,21,1,321,70,0,0,0,0,320,-1,0,-1,-1,0,0,0,502,578,580,500,496
b9-18-k18-x560-g580,22,0,322,71,0,0,0,0,321,-1,0,-1,-1,0,0,0,502,578,580,500,496
b9-18-k18-x560-g580,23,1,323,72,0,0,0,0,322,-1,0,-1,-1,0,0,0,502,578,580,500,496
b9-18-k18-x560-g580,24,0,335,132,0,0,0,1,335,132,0,1,0,1,1,0,504,594,580,500,496
b9-18-k18-x560-g580,25,1,336,132,0,0,0,0,335,132,0,1,0,1,1,0,504,594,580,500,496
b9-18-k18-x560-g580,26,0,336,132,0,0,0,0,336,132,0,1,0,1,1,0,504,536,580,500,496
b9-18-k18-x560-g580,27,1,337,132,0,0,0,0,336,132,0,1,0,1,1,0,504,536,580,500,496
b9-18-k18-x560-g580,28,0,337,132,0,0,0,0,337,132,0,1,0,1,1,0,504,518,580,500,496
b9-18-k18-x560-g580,29,1,338,132,0,0,0,0,337,132,0,1,0,1,1,0,504,518,580,500,496
b9-18-k18-x560-g580,30,0,339,132,0,0,0,0,338,132,0,1,0,1,1,0,504,513,580,500,496
b9-18-k18-x560-g580,31,1,340,132,0,0,0,0,339,132,0,1,0,1,1,0,504,518,580,500,496
b9-18-k18-x560-g580,32,0,341,136,0,0,0,0,340,136,0,1,0,1,1,0,504,518,580,500,496
b9-18-k18-x560-g580,33,1,341,137,0,0,0,0,341,137,0,1,0,1,1,0,504,526,580,500,496
b9-18-k18-x560-g580,34,0,342,137,0,0,0,0,341,137,0,1,0,1,1,0,504,526,580,500,496
b9-18-k18-x560-g580,35,1,342,137,-3,0,0,0,342,137,0,1,0,1,1,0,504,527,580,400,496
b9-18-k18-x560-g580,36,0,342,137,-2,0,0,0,342,137,0,1,0,1,1,0,504,527,580,400,496
b9-18-k18-x560-g580,37,1,343,137,-1,0,0,0,342,137,0,1,0,1,1,0,504,527,580,400,496
b9-18-k18-x560-g580,38,0,344,233,0,0,0,0,343,232,0,1,0,1,0,0,504,527,580,400,496
b9-18-k18-x560-g580,39,1,344,233,0,0,0,0,344,-1,0,1,0,0,0,0,504,527,580,400,496
b9-18-k18-x560-g580,40,0,344,233,0,0,0,0,344,-1,0,1,0,0,0,0,504,527,580,400,496
b9-18-k19-x540-g560,1,1,0,0,0,0,0,0,0,-1,0,-1,-1,0,0,0,500,540,560,500,500
b9-18-k19-x540-g560,2,0,0,65,0,0,0,0,0,-1,0,-1,-1,0,0,0,500,542,560,500,500
b9-18-k19-x540-g560,3,1,0,65,0,0,0,0,0,-1,0,-1,-1,0,0,0,500,544,560,500,500
b9-18-k19-x540-g560,4,0,0,61,0,0,0,0,0,-1,0,-1,-1,0,0,0,500,546,560,500,500
b9-18-k19-x540-g560,5,1,0,61,3,1,1,0,0,-1,0,-1,-1,0,0,0,500,548,560,500,498
b9-18-k19-x540-g560,6,0,1,61,2,0,0,0,0,-1,0,-1,-1,0,0,0,500,548,560,500,498
b9-18-k19-x540-g560,7,1,1,61,1,0,0,0,1,-1,0,-1,-1,0,0,0,500,548,560,500,498
b9-18-k19-x540-g560,8,0,1,61,0,0,0,0,1,-1,0,-1,-1,0,0,0,500,548,560,500,498
b9-18-k19-x540-g560,9,1,1,62,0,0,0,0,1,-1,0,-1,-1,0,0,0,500,550,560,500,498
b9-18-k19-x540-g560,10,0,1,62,0,0,0,0,1,-1,0,-1,-1,0,0,0,500,551,560,500,498
b9-18-k19-x540-g560,11,1,1,63,0,0,0,0,1,-1,0,-1,-1,0,0,0,500,551,560,500,498
b9-18-k19-x540-g560,12,0,2,66,0,0,0,0,1,-1,0,-1,-1,0,0,0,500,553,560,500,498
b9-18-k19-x540-g560,13,1,2,66,0,0,0,0,2,-1,0,-1,-1,0,0,0,500,555,560,500,498
b9-18-k19-x540-g560,14,0,2,67,0,0,0,0,2,-1,0,-1,-1,0,0,0,500,557,560,500,498
b9-18-k19-x540-g560,15,1,2,68,0,0,0,0,2,-1,0,-1,-1,0,0,0,500,558,560,500,498
b9-18-k19-x540-g560,16,0,2,68,3,1,1,0,2,-1,0,-1,-1,0,0,0,500,558,560,500,496
b9-18-k19-x540-g560,17,1,2,68,2,0,0,0,2,-1,0,-1,-1,0,0,0,500,558,560,500,496
b9-18-k19-x540-g560,18,0,3,68,1,0,0,0,2,-1,0,-1,-1,0,0,0,500,558,560,500,496
b9-18-k19-x540-g560,19,1,3,68,0,0,0,0,3,-1,0,-1,-1,0,0,0,500,558,560,500,496
b9-18-k19-x540-g560,20,0,60,69,0,0,0,0,60,-1,0,-1,-1,0,0,0,501,558,560,500,496
b9-18-k19-x540-g560,21,1,60,70,0,0,0,0,60,-1,0,-1,-1,0,0,0,502,558,560,500,496
b9-18-k19-x540-g560,22,0,320,71,0,0,0,0,320,-1,0,-1,-1,0,0,0,502,558,560,500,496
b9-18-k19-x540-g560,23,1,321,72,0,0,0,0,320,-1,0,-1,-1,0,0,0,502,558,560,500,496
b9-18-k19-x540-g560,24,0,322,73,0,0,0,0,321,-1,0,-1,-1,0,0,0,502,559,560,500,496
b9-18-k19-x540-g560,25,1,336,130,3,1,1,1,336,132,1,1,0,1,1,1,523,555,560,500,466
b9-18-k19-x540-g560,26,0,337,130,2,0,0,0,336,132,1,1,0,1,1,0,523,555,560,500,466
b9-18-k19-x540-g560,27,1,337,130,1,0,0,0,337,132,1,1,0,1,1,0,523,537,560,500,466
b9-18-k19-x540-g560,28,0,338,132,0,0,0,0,337,132,0,1,0,1,1,0,523,537,560,500,466
b9-18-k19-x540-g560,29,1,339,132,0,0,0,0,338,132,0,1,0,1,1,0,523,532,560,500,466
b9-18-k19-x540-g560,30,0,340,132,0,0,0,0,339,132,0,1,0,1,1,0,523,537,560,500,466
b9-18-k19-x540-g560,31,1,341,136,0,0,0,0,340,136,0,1,0,1,1,0,523,537,560,500,466
b9-18-k19-x540-g560,32,0,341,137,0,0,0,0,341,137,0,1,0,1,1,0,523,545,560,500,466
b9-18-k19-x540-g560,33,1,342,137,0,0,0,0,341,137,0,1,0,1,1,0,523,545,560,500,466
b9-18-k19-x540-g560,34,0,342,137,-3,0,0,0,342,137,0,1,0,1,1,0,523,546,560,400,466
b9-18-k19-x540-g560,35,1,342,137,-2,0,0,0,342,137,0,1,0,1,1,0,523,546,560,400,466
b9-18-k19-x540-g560,36,0,343,137,-1,0,0,0,342,137,0,1,0,1,1,0,523,546,560,400,466
b9-18-k19-x540-g560,37,1,344,233,0,0,0,0,343,232,0,1,0,1,0,0,523,546,560,400,466
b9-18-k19-x540-g560,38,0,344,233,0,0,0,0,344,-1,0,1,0,0,0,0,523,546,560,400,466
b9-18-k19-x540-g560,39,1,344,233,0,0,0,0,344,-1,0,1,0,0,0,0,523,546,560,400,466
b9-18-k19-x540-g560,40,0,344,233,0,0,0,0,344,-1,0,1,0,0,0,0,523,546,560,400,466
b9-18-k19-x560-g580,1,1,0,0,0,0,0,0,0,-1,0,-1,-1,0,0,0,500,560,580,500,500
b9-18-k19-x560-g580,2,0,0,65,0,0,0,0,0,-1,0,-1,-1,0,0,0,500,562,580,500,500
b9-18-k19-x560-g580,3,1,0,65,0,0,0,0,0,-1,0,-1,-1,0,0,0,500,564,580,500,500
b9-18-k19-x560-g580,4,0,0,61,0,0,0,0,0,-1,0,-1,-1,0,0,0,500,566,580,500,500
b9-18-k19-x560-g580,5,1,0,61,3,1,1,0,0,-1,0,-1,-1,0,0,0,500,568,580,500,498
b9-18-k19-x560-g580,6,0,1,61,2,0,0,0,0,-1,0,-1,-1,0,0,0,500,568,580,500,498
b9-18-k19-x560-g580,7,1,1,61,1,0,0,0,1,-1,0,-1,-1,0,0,0,500,568,580,500,498
b9-18-k19-x560-g580,8,0,1,61,0,0,0,0,1,-1,0,-1,-1,0,0,0,500,568,580,500,498
b9-18-k19-x560-g580,9,1,1,62,0,0,0,0,1,-1,0,-1,-1,0,0,0,500,570,580,500,498
b9-18-k19-x560-g580,10,0,1,62,0,0,0,0,1,-1,0,-1,-1,0,0,0,500,571,580,500,498
b9-18-k19-x560-g580,11,1,1,63,0,0,0,0,1,-1,0,-1,-1,0,0,0,500,571,580,500,498
b9-18-k19-x560-g580,12,0,2,66,0,0,0,0,1,-1,0,-1,-1,0,0,0,500,573,580,500,498
b9-18-k19-x560-g580,13,1,2,66,0,0,0,0,2,-1,0,-1,-1,0,0,0,500,575,580,500,498
b9-18-k19-x560-g580,14,0,2,67,0,0,0,0,2,-1,0,-1,-1,0,0,0,500,577,580,500,498
b9-18-k19-x560-g580,15,1,2,68,0,0,0,0,2,-1,0,-1,-1,0,0,0,500,578,580,500,498
b9-18-k19-x560-g580,16,0,2,68,3,1,1,0,2,-1,0,-1,-1,0,0,0,500,578,580,500,496
b9-18-k19-x560-g580,17,1,2,68,2,0,0,0,2,-1,0,-1,-1,0,0,0,500,578,580,500,496
b9-18-k19-x560-g580,18,0,3,68,1,0,0,0,2,-1,0,-1,-1,0,0,0,500,578,580,500,496
b9-18-k19-x560-g580,19,1,3,68,0,0,0,0,3,-1,0,-1,-1,0,0,0,500,578,580,500,496
b9-18-k19-x560-g580,20,0,60,69,0,0,0,0,60,-1,0,-1,-1,0,0,0,501,578,580,500,496
b9-18-k19-x560-g580,21,1,60,70,0,0,0,0,60,-1,0,-1,-1,0,0,0,502,578,580,500,496
b9-18-k19-x560-g580,22,0,320,71,0,0,0,0,320,-1,0,-1,-1,0,0,0,502,578,580,500,496
b9-18-k19-x560-g580,23,1,321,72,0,0,0,0,320,-1,0,-1,-1,0,0,0,502,578,580,500,496
b9-18-k19-x560-g580,24,0,322,73,0,0,0,0,321,-1,0,-1,-1,0,0,0,502,579,580,500,496
b9-18-k19-x560-g580,25,1,323,73,3,1,1,0,322,-1,0,-1,-1,0,0,0,502,579,580,500,466
b9-18-k19-x560-g580,26,0,335,130,2,0,0,1,335,132,1,1,0,1,1,1,504,594,580,500,466
b9-18-k19-x560-g580,27,1,336,130,1,0,0,0,335,132,1,1,0,1,1,0,504,594,580,500,466
b9-18-k19-x560-g580,28,0,336,132,0,0,0,0,336,132,0,1,0,1,1,0,504,536,580,500,466
b9-18-k19-x560-g580,29,1,337,132,0,0,0,0,336,132,0,1,0,1,1,0,504,536,580,500,466
b9-18-k19-x560-g580,30,0,337,132,0,0,0,0,337,132,0,1,0,1,1,0,504,518,580,500,466
b9-18-k19-x560-g580,31,1,338,132,0,0,0,0,337,132,0,1,0,1,1,0,504,518,580,500,466
b9-18-k19-x560-g580,32,0,339,132,0,0,0,0,338,132,0,1,0,1,1,0,504,513,580,500,466
b9-18-k19-x560-g580,33,1,340,132,0,0,0,0,339,132,0,1,0,1,1,0,504,518,580,500,466
b9-18-k19-x560-g580,34,0,341,136,0,0,0,0,340,136,0,1,0,1,1,0,504,518,580,500,466
b9-18-k19-x560-g580,35,1,341,137,0,0,0,0,341,137,0,1,0,1,1,0,504,526,580,500,466
b9-18-k19-x560-g580,36,0,342,137,0,0,0,0,341,137,0,1,0,1,1,0,504,526,580,500,466
b9-18-k19-x560-g580,37,1,342,137,-3,0,0,0,342,137,0,1,0,1,1,0,504,527,580,400,466
b9-18-k19-x560-g580,38,0,342,137,-2,0,0,0,342,137,0,1,0,1,1,0,504,527,580,400,466
b9-18-k19-x560-g580,39,1,343,137,-1,0,0,0,342,137,0,1,0,1,1,0,504,527,580,400,466
b9-18-k19-x560-g580,40,0,344,233,0,0,0,0,343,232,0,1,0,1,0,0,504,527,580,400,466
b10-16-k13-x540-g560,1,1,0,0,0,0,0,0,0,-1,0,-1,-1,0,0,0,500,540,560,500,500
b10-16-k13-x540-g560,2,0,0,65,0,0,0,0,0,-1,0,-1,-1,0,0,0,500,542,560,500,500
b10-16-k13-x540-g560,3,1,0,65,0,0,0,0,0,-1,0,-1,-1,0,0,0,500,544,560,500,500
b10-16-k13-x540-g560,4,0,0,61,0,0,0,0,0,-1,0,-1,-1,0,0,0,500,546,560,500,500
b10-16-k13-x540-g560,5,1,0,61,3,1,1,0,0,-1,0,-1,-1,0,0,0,500,548,560,500,498
b10-16-k13-x540-g560,6,0,1,61,2,0,0,0,0,-1,0,-1,-1,0,0,0,500,548,560,500,498
b10-16-k13-x540-g560,7,1,1,61,1,0,0,0,1,-1,0,-1,-1,0,0,0,500,548,560,500,498
b10-16-k13-x540-g560,8,0,1,61,0,0,0,0,1,-1,0,-1,-1,0,0,0,500,548,560,500,498
b10-16-k13-x540-g560,9,1,1,62,0,0,0,0,1,-1,0,-1,-1,0,0,0,500,550,560,500,498
b10-16-k13-x540-g560,10,0,1,62,0,0,0,0,1,-1,0,-1,-1,0,0,0,500,551,560,500,498
b10-16-k13-x540-g560,11,1,1,63,0,0,0,0,1,-1,0,-1,-1,0,0,0,500,551,560,500,498
b10-16-k13-x540-g560,12,0,2,66,0,0,0,0,1,-1,0,-1,-1,0,0,0,500,553,560,500,498
b10-16-k13-x540-g560,13,1,2,66,0,0,0,0,2,-1,0,-1,-1,0,0,0,500,555,560,500,498
b10-16-k13-x540-g560,14,0,60,67,0,0,0,0,60,-1,0,-1,-1,0,0,0,501,557,560,500,498
b10-16-k13-x540-g560,15,1,60,68,0,0,0,0,60,-1,0,-1,-1,0,0,0,502,558,560,500,498
b10-16-k13-x540-g560,16,0,320,68,3,1,1,0,320,-1,0,-1,-1,0,0,0,502,558,560,500,496
b10-16-k13-x540-g560,17,1,321,68,2,0,0,0,320,-1,0,-1,-1,0,0,0,502,558,560,500,496
b10-16-k13-x540-g560,18,0,322,68,1,0,0,0,321,-1,0,-1,-1,0,0,0,502,558,560,500,496
b10-16-k13-x540-g560,19,1,336,132,0,0,0,1,336,132,0,1,0,1,1,0,522,554,560,500,496
b10-16-k13-x540-g560,20,0,337,132,0,0,0,0,336,132,0,1,0,1,1,0,522,554,560,500,496
b10-16-k13-x540-g560,21,1,337,132,0,0,0,0,337,132,0,1,0,1,1,0,522,536,560,500,496
b10-16-k13-x540-g560,22,0,338,132,0,0,0,0,337,132,0,1,0,1,1,0,522,536,560,500,496
b10-16-k13-x540-g560,23,1,339,132,0,0,0,0,338,132,0,1,0,1,1,0,522,531,560,500,496
b10-16-k13-x540-g560,24,0,340,132,0,0,0,0,339,132,0,1,0,1,1,0,522,536,560,500,496
b10-16-k13-x540-g560,25,1,341,136,0,0,0,0,340,136,0,1,0,1,1,0,522,536,560,500,496
b10-16-k13-x540-g560,26,0,341,137,0,0,0,0,341,137,0,1,0,1,1,0,522,544,560,500,496
b10-16-k13-x540-g560,27,1,342,137,0,0,0,0,341,137,0,1,0,1,1,0,522,544,560,500,496
b10-16-k13-x540-g560,28,0,342,137,-3,0,0,0,342,137,0,1,0,1,1,0,522,545,560,400,496
b10-16-k13-x540-g560,29,1,342,137,-2,0,0,0,342,137,0,1,0,1,1,0,522,545,560,400,496
b10-16-k13-x540-g560,30,0,343,137,-1,0,0,0,342,137,0,1,0,1,1,0,522,545,560,400,496
b10-16-k13-x540-g560,31,1,344,233,0,0,0,0,343,232,0,1,0,1,0,0,522,545,560,400,496
b10-16-k13-x540-g560,32,0,344,233,0,0,0,0,344,-1,0,1,0,0,0,0,522,545,560,400,496
b10-16-k13-x540-g560,33,1,344,233,0,0,0,0,344,-1,0,1,0,0,0,0,522,545,560,400,496
b10-16-k13-x540-g560,34,0,344,233,0,0,0,0,344,-1,0,1,0,0,0,0,522,545,560,400,496
b10-16-k13-x540-g560,35,1,344,233,0,0,0,0,344,-1,0,1,0,0,0,0,522,545,560,400,496
b10-16-k13-x540-g560,36,0,344,233,0,0,0,0,344,-1,0,1,0,0,0,0,522,545,560,400,496
b10-16-k13-x540-g560,37,1,345,233,0,0,0,0,344,-1,0,1,0,0,0,0,522,545,560,400,496
b10-16-k13-x540-g560,38,0,345,233,0,0,0,0,345,-1,0,1,0,0,0,0,522,545,560,400,496
b10-16-k13-x540-g560,39,1,345,233,0,0,0,0,345,-1,0,1,0,0,0,0,522,545,560,400,496
b10-16-k13-x540-g560,40,0,345,233,0,0,0,0,345,-1,0,1,0,0,0,0,522,545,560,400,496
b10-16-k13-x560-g580,1,1,0,0,0,0,0,0,0,-1,0,-1,-1,0,0,0,500,560,580,500,500
b10-16-k13-x560-g580,2,0,0,65,0,0,0,0,0,-1,0,-1,-1,0,0,0,500,562,580,500,500
b10-16-k13-x560-g580,3,1,0,65,0,0,0,0,0,-1,0,-1,-1,0,0,0,500,564,580,500,500
b10-16-k13-x560-g580,4,0,0,61,0,0,0,0,0,-1,0,-1,-1,0,0,0,500,566,580,500,500
b10-16-k13-x560-g580,5,1,0,61,3,1,1,0,0,-1,0,-1,-1,0,0,0,500,568,580,500,498
b10-16-k13-x560-g580,6,0,1,61,2,0,0,0,0,-1,0,-1,-1,0,0,0,500,568,580,500,498
b10-16-k13-x560-g580,7,1,1,61,1,0,0,0,1,-1,0,-1,-1,0,0,0,500,568,580,500,498
b10-16-k13-x560-g580,8,0,1,61,0,0,0,0,1,-1,0,-1,-1,0,0,0,500,568,580,500,498
b10-16-k13-x560-g580,9,1,1,62,0,0,0,0,1,-1,0,-1,-1,0,0,0,500,570,580,500,498
b10-16-k13-x560-g580,10,0,1,62,0,0,0,0,1,-1,0,-1,-1,0,0,0,500,571,580,500,498
b10-16-k13-x560-g580,11,1,1,63,0,0,0,0,1,-1,0,-1,-1,0,0,0,500,571,580,500,498
b10-16-k13-x560-g580,12,0,2,66,0,0,0,0,1,-1,0,-1,-1,0,0,0,500,573,580,500,498
b10-16-k13-x560-g580,13,1,2,66,0,0,0,0,2,-1,0,-1,-1,0,0,0,500,575,580,500,498
b10-16-k13-x560-g580,14,0,60,67,0,0,0,0,60,-1,0,-1,-1,0,0,0,501,577,580,500,498
b10-16-k13-x560-g580,15,1,60,68,0,0,0,0,60,-1,0,-1,-1,0,0,0,502,578,580,500,498
b10-16-k13-x560-g580,16,0,320,68,3,1,1,0,320,-1,0,-1,-1,0,0,0,502,578,580,500,496
b10-16-k13-x560-g580,17,1,321,68,2,0,0,0,320,-1,0,-1,-1,0,0,0,502,578,580,500,496
b10-16-k13-x560-g580,18,0,322,68,1,0,0,0,321,-1,0,-1,-1,0,0,0,502,578,580,500,496
b10-16-k13-x560-g580,19,1,323,68,0,0,0,0,322,-1,0,-1,-1,0,0,0,502,578,580,500,496
b10-16-k13-x560-g580,20,0,335,132,0,0,0,1,335,132,0,1,0,1,1,0,503,593,580,500,496
b10-16-k13-x560-g580,21,1,336,132,0,0,0,0,335,132,0,1,0,1,1,0,503,593,580,500,496
b10-16-k13-x560-g580,22,0,336,132,0,0,0,0,336,132,0,1,0,1,1,0,503,535,580,500,496
b10-16-k13-x560-g580,23,1,337,132,0,0,0,0,336,132,0,1,0,1,1,0,503,535,580,500,496
b10-16-k13-x560-g580,24,0,337,132,0,0,0,0,337,132,0,1,0,1,1,0,503,517,580,500,496
b10-16-k13-x560-g580,25,1,338,132,0,0,0,0,337,132,0,1,0,1,1,0,503,517,580,500,496
b10-16-k13-x560-g580,26,0,339,132,0,0,0,0,338,132,0,1,0,1,1,0,503,512,580,500,496
b10-16-k13-x560-g580,27,1,340,132,0,0,0,0,339,132,0,1,0,1,1,0,503,517,580,500,496
b10-16-k13-x560-g580,28,0,341,136,0,0,0,0,340,136,0,1,0,1,1,0,503,517,580,500,496
b10-16-k13-x560-g580,29,1,341,137,0,0,0,0,341,137,0,1,0,1,1,0,503,525,580,500,496
b10-16-k13-x560-g580,30,0,342,137,0,0,0,0,341,137,0,1,0,1,1,0,503,525,580,500,496
b10-16-k13-x560-g580,31,1,342,137,-3,0,0,0,342,137,0,1,0,1,1,0,503,526,580,400,496
b10-16-k13-x560-g580,32,0,342,137,-2,0,0,0,342,137,0,1,0,1,1,0,503,526,580,400,496
b10-16-k13-x560-g580,33,1,343,137,-1,0,0,0,342,137,0,1,0,1,1,0,503,526,580,400,496
b10-16-k13-x560-g580,34,0,344,233,0,0,0,0,343,232,0,1,0,1,0,0,503,526,580,400,496
b10-16-k13-x560-g580,35,1,344,233,0,0,0,0,344,-1,0,1,0,0,0,0,503,526,580,400,496
b10-16-k13-x560-g580,36,0,344,233,0,0,0,0,344,-1,0,1,0,0,0,0,503,526,580,400,496
b10-16-k13-x560-g580,37,1,344,233,0,0,0,0,344,-1,0,1,0,0,0,0,503,526,580,400,496
b10-16-k13-x560-g580,38,0,344,233,0,0,0,0,344,-1,0,1,0,0,0,0,503,526,580,400,496
b10-16-k13-x560-g580,39,1,344,233,0,0,0,0,344,-1,0,1,0,0,0,0,503,526,580,400,496
b10-16-k13-x560-g580,40,0,345,233,0,0,0,0,344,-1,0,1,0,0,0,0,503,526,580,400,496
b10-16-k14-x540-g560,1,1,0,0,0,0,0,0,0,-1,0,-1,-1,0,0,0,500,540,560,500,500
b10-16-k14-x540-g560,2,0,0,65,0,0,0,0,0,-1,0,-1,-1,0,0,0,500,542,560,500,500
b10-16-k14-x540-g560,3,1,0,65,0,0,0,0,0,-1,0,-1,-1,0,0,0,500,544,560,500,500
b10-16-k14-x540-g560,4,0,0,61,0,0,0,0,0,-1,0,-1,-1,0,0,0,500,546,560,500,500
b10-16-k14-x540-g560,5,1,0,61,3,1,1,0,0,-1,0,-1,-1,0,0,0,500,548,560,500,498
b10-16-k14-x540-g560,6,0,1,61,2,0,0,0,0,-1,0,-1,-1,0,0,0,500,548,560,500,498
b10-16-k14-x540-g560,7,1,1,61,1,0,0,0,1,-1,0,-1,-1,0,0,0,500,548,560,500,498
b10-16-k14-x540-g560,8,0,1,61,0,0,0,0,1,-1,0,-1,-1,0,0,0,500,548,560,500,498
b10-16-k14-x540-g560,9,1,1,62,0,0,0,0,1,-1,0,-1,-1,0,0,0,500,550,560,500,498
b10-16-k14-x540-g560,10,0,1,62,0,0,0,0,1,-1,0,-1,-1,0,0,0,500,551,560,500,498
b10-16-k14-x540-g560,11,1,1,63,0,0,0,0,1,-1,0,-1,-1,0,0,0,500,551,560,500,498
b10-16-k14-x540-g560,12,0,2,66,0,0,0,0,1,-1,0,-1,-1,0,0,0,500,553,560,500,498
b10-16-k14-x540-g560,13,1,2,66,0,0,0,0,2,-1,0,-1,-1,0,0,0,500,555,560,500,498
b10-16-k14-x540-g560,14,0,60,67,0,0,0,0,60,-1,0,-1,-1,0,0,0,501,557,560,500,498
b10-16-k14-x540-g560,15,1,60,68,0,0,0,0,60,-1,0,-1,-1,0,0,0,502,558,560,500,498
b10-16-k14-x540-g560,16,0,320,68,3,1,1,0,320,-1,0,-1,-1,0,0,0,502,558,560,500,496
b10-16-k14-x540-g560,17,1,321,68,2,0,0,0,320,-1,0,-1,-1,0,0,0,502,558,560,500,496
b10-16-k14-x540-g560,18,0,322,68,1,0,0,0,321,-1,0,-1,-1,0,0,0,502,558,560,500,496
b10-16-k14-x540-g560,19,1,336,132,0,0,0,1,336,132,0,1,0,1,1,0,522,554,560,500,496
b10-16-k14-x540-g560,20,0,337,132,0,0,0,0,336,132,0,1,0,1,1,0,522,554,560,500,496
b10-16-k14-x540-g560,21,1,337,132,0,0,0,0,337,132,0,1,0,1,1,0,522,536,560,500,496
b10-16-k14-x540-g560,22,0,338,132,0,0,0,0,337,132,0,1,0,1,1,0,522,536,560,500,496
b10-16-k14-x540-g560,23,1,339,132,0,0,0,0,338,132,0,1,0,1,1,0,522,531,560,500,496
b10-16-k14-x540-g560,24,0,340,132,0,0,0,0,339,132,0,1,0,1,1,0,522,536,560,500,496
b10-16-k14-x540-g560,25,1,341,136,0,0,0,0,340,136,0,1,0,1,1,0,522,536,560,500,496
b10-16-k14-x540-g560,26,0,341,137,0,0,0,0,341,137,0,1,0,1,1,0,522,544,560,500,496
b10-16-k14-x540-g560,27,1,342,137,0,0,0,0,341,137,0,1,0,1,1,0,522,544,560,500,496
b10-16-k14-x540-g560,28,0,342,137,-3,0,0,0,342,137,0,1,0,1,1,0,522,545,560,400,496
b10-16-k14-x540-g560,29,1,342,137,-2,0,0,0,342,137,0,1,0,1,1,0,522,545,560,400,496
b10-16-k14-x540-g560,30,0,343,137,-1,0,0,0,342,137,0,1,0,1,1,0,522,545,560,400,496
b10-16-k14-x540-g560,31,1,344,233,0,0,0,0,343,232,0,1,0,1,0,0,522,545,560,400,496
b10-16-k14-x540-g560,32,0,344,233,0,0,0,0,344,-1,0,1,0,0,0,0,522,545,560,400,496
b10-16-k14-x540-g560,33,1,344,233,0,0,0,0,344,-1,0,1,0,0,0,0,522,545,560,400,496
b10-16-k14-x540-g560,34,0,344,233,0,0,0,0,344,-1,0,1,0,0,0,0,522,545,560,400,496
b10-16-k14-x540-g560,35,1,344,233,0,0,0,0,344,-1,0,1,0,0,0,0,522,545,560,400,496
b10-16-k14-x540-g560,36,0,344,233,0,0,0,0,344,-1,0,1,0,0,0,0,522,545,560,400,496
b10-16-k14-x540-g560,37,1,345,233,0,0,0,0,344,-1,0,1,0,0,0,0,522,545,560,400,496
b10-16-k14-x540-g560,38,0,345,233,0,0,0,0,345,-1,0,1,0,0,0,0,522,545,560,400,496
b10-16-k14-x540-g560,39,1,345,233,0,0,0,0,345,-1,0,1,0,0,0,0,522,545,560,400,496
b10-16-k14-x540-g560,40,0,345,233,0,0,0,0,345,-1,0,1,0,0,0,0,522,545,560,400,496
b10-16-k14-x560-g580,1,1,0,0,0,0,0,0,0,-1,0,-1,-1,0,0,0,500,560,580,500,500
b10-16-k14-x560-g580,2,0,0,65,0,0,0,0,0,-1,0,-1,-1,0,0,0,500,562,580,500,500
b10-16-k14-x560-g580,3,1,0,65,0,0,0,0,0,-1,0,-1,-1,0,0,0,500,564,580,500,500
b10-16-k14-x560-g580,4,0,0,61,0,0,0,0,0,-1,0,-1,-1,0,0,0,500,566,580,500,500
b10-16-k14-x560-g580,5,1,0,61,3,1,1,0,0,-1,0,-1,-1,0,0,0,500,568,580,500,498
b10-16-k14-x560-g580,6,0,1,61,2,0,0,0,0,-1,0,-1,-1,0,0,0,500,568,580,500,498
b10-16-k14-x560-g580,7,1,1,61,1,0,0,0,1,-1,0,-1,-1,0,0,0,500,568,580,500,498
b10-16-k14-x560-g580,8,0,1,61,0,0,0,0,1,-1,0,-1,-1,0,0,0,500,568,580,500,498
b10-16-k14-x560-g580,9,1,1,62,0,0,0,0,1,-1,0,-1,-1,0,0,0,500,570,580,500,498
b10-16-k14-x560-g580,10,0,1,62,0,0,0,0,1,-1,0,-1,-1,0,0,0,500,571,580,500,498
b10-16-k14-x560-g580,11,1,1,63,0,0,0,0,1,-1,0,-1,-1,0,0,0,500,571,580,500,498
b10-16-k14-x560-g580,12,0,2,66,0,0,0,0,1,-1,0,-1,-1,0,0,0,500,573,580,500,498
b10-16-k14-x560-g580,13,1,2,66,0,0,0,0,2,-1,0,-1,-1,0,0,0,500,575,580,500,498
b10-16-k14-x560-g580,14,0,60,67,0,0,0,0,60,-1,0,-1,-1,0,0,0,501,577,580,500,498
b10-16-k14-x560-g580,15,1,60,68,0,0,0,0,60,-1,0,-1,-1,0,0,0,502,578,580,500,498
b10-16-k14-x560-g580,16,0,320,68,3,1,1,0,320,-1,0,-1,-1,0,0,0,502,578,580,500,496
b10-16-k14-x560-g580,17,1,321,68,2,0,0,0,320,-1,0,-1,-1,0,0,0,502,578,580,500,496
b10-16-k14-x560-g580,18,0,322,68,1,0,0,0,321,-1,0,-1,-1,0,0,0,502,578,580,500,496
b10-16-k14-x560-g580,19,1,323,68,0,0,0,0,322,-1,0,-1,-1,0,0,0,502,578,580,500,496
b10-16-k14-x560-g580,20,0,335,132,0,0,0,1,335,132,0,1,0,1,1,0,503,593,580,500,496
b10-16-k14-x560-g580,21,1,336,132,0,0,0,0,335,132,0,1,0,1,1,0,503,593,580,500,496
b10-16-k14-x560-g580,22,0,336,132,0,0,0,0,336,132,0,1,0,1,1,0,503,535,580,500,496
b10-16-k14-x560-g580,23,1,337,132,0,0,0,0,336,132,0,1,0,1,1,0,503,535,580,500,496
b10-16-k14-x560-g580,24,0,337,132,0,0,0,0,337,132,0,1,0,1,1,0,503,517,580,500,496
b10-16-k14-x560-g580,25,1,338,132,0,0,0,0,337,132,0,1,0,1,1,0,503,517,580,500,496
b10-16-k14-x560-g580,26,0,339,132,0,0,0,0,338,132,0,1,0,1,1,0,503,512,580,500,496
b10-16-k14-x560-g580,27,1,340,132,0,0,0,0,339,132,0,1,0,1,1,0,503,517,580,500,496
b10-16-k14-x560-g580,28,0,341,136,0,0,0,0,340,136,0,1,0,1,1,0,503,517,580,500,496
b10-16-k14-x560-g580,29,1,341,137,0,0,0,0,341,137,0,1,0,1,1,0,503,525,580,500,496
b10-16-k14-x560-g580,30,0,342,137,0,0,0,0,341,137,0,1,0,1,1,0,503,525,580,500,496
b10-16-k14-x560-g580,31,1,342,137,-3,0,0,0,342,137,0,1,0,1,1,0,503,526,580,400,496
b10-16-k14-x560-g580,32,0,342,137,-2,0,0,0,342,137,0,1,0,1,1,0,503,526,580,400,496
b10-16-k14-x560-g580,33,1,343,137,-1,0,0,0,342,137,0,1,0,1,1,0,503,526,580,400,496
b10-16-k14-x560-g580,34,0,344,233,0,0,0,0,343,232,0,1,0,1,0,0,503,526,580,400,496
b10-16-k14-x560-g580,35,1,344,233,0,0,0,0,344,-1,0,1,0,0,0,0,503,526,580,400,496
b10-16-k14-x560-g580,36,0,344,233,0,0,0,0,344,-1,0,1,0,0,0,0,503,526,580,400,496
b10-16-k14-x560-g580,37,1,344,233,0,0,0,0,344,-1,0,1,0,0,0,0,503,526,580,400,496
b10-16-k14-x560-g580,38,0,344,233,0,0,0,0,344,-1,0,1,0,0,0,0,503,526,580,400,496
b10-16-k14-x560-g580,39,1,344,233,0,0,0,0,344,-1,0,1,0,0,0,0,503,526,580,400,496
b10-16-k14-x560-g580,40,0,345,233,0,0,0,0,344,-1,0,1,0,0,0,0,503,526,580,400,496
b10-16-k15-x540-g560,1,1,0,0,0,0,0,0,0,-1,0,-1,-1,0,0,0,500,540,560,500,500
b10-16-k15-x540-g560,2,0,0,65,0,0,0,0,0,-1,0,-1,-1,0,0,0,500,542,560,500,500
b10-16-k15-x540-g560,3,1,0,65,0,0,0,0,0,-1,0,-1,-1,0,0,0,500,544,560,500,500
b10-16-k15-x540-g560,4,0,0,61,0,0,0,0,0,-1,0,-1,-1,0,0,0,500,546,560,500,500
b10-16-k15-x540-g560,5,1,0,61,3,1,1,0,0,-1,0,-1,-1,0,0,0,500,548,560,500,498
b10-16-k15-x540-g560,6,0,1,61,2,0,0,0,0,-1,0,-1,-1,0,0,0,500,548,560,500,498
b10-16-k15-x540-g560,7,1,1,61,1,0,0,0,1,-1,0,-1,-1,0,0,0,500,548,560,500,498
b10-16-k15-x540-g560,8,0,1,61,0,0,0,0,1,-1,0,-1,-1,0,0,0,500,548,560,500,498
b10-16-k15-x540-g560,9,1,1,62,0,0,0,0,1,-1,0,-1,-1,0,0,0,500,550,560,500,498
b10-16-k15-x540-g560,10,0,1,62,0,0,0,0,1,-1,0,-1,-1,0,0,0,500,551,560,500,498
b10-16-k15-x540-g560,11,1,1,63,0,0,0,0,1,-1,0,-1,-1,0,0,0,500,551,560,500,498
b10-16-k15-x540-g560,12,0,2,66,0,0,0,0,1,-1,0,-1,-1,0,0,0,500,553,560,500,498
b10-16-k15-x540-g560,13,1,2,66,0,0,0,0,2,-1,0,-1,-1,0,0,0,500,555,560,500,498
b10-16-k15-x540-g560,14,0,2,67,0,0,0,0,2,-1,0,-1,-1,0,0,0,500,557,560,500,498
b10-16-k15-x540-g560,15,1,2,68,0,0,0,0,2,-1,0,-1,-1,0,0,0,500,558,560,500,498
b10-16-k15-x540-g560,16,0,60,68,3,1,1,0,60,-1,0,-1,-1,0,0,0,501,558,560,500,496
b10-16-k15-x540-g560,17,1,60,68,2,0,0,0,60,-1,0,-1,-1,0,0,0,502,558,560,500,496
b10-16-k15-x540-g560,18,0,320,68,1,0,0,0,320,-1,0,-1,-1,0,0,0,502,558,560,500,496
b10-16-k15-x540-g560,19,1,321,68,0,0,0,0,320,-1,0,-1,-1,0,0,0,502,558,560,500,496
b10-16-k15-x540-g560,20,0,322,69,0,0,0,0,321,-1,0,-1,-1,0,0,0,502,558,560,500,496
b10-16-k15-x540-g560,21,1,336,132,0,0,0,1,336,132,0,1,0,1,1,0,522,554,560,500,496
b10-16-k15-x540-g560,22,0,337,132,0,0,0,0,336,132,0,1,0,1,1,0,522,554,560,500,496
b10-16-k15-x540-g560,23,1,337,132,0,0,0,0,337,132,0,1,0,1,1,0,522,536,560,500,496
b10-16-k15-x540-g560,24,0,338,132,0,0,0,0,337,132,0,1,0,1,1,0,522,536,560,500,496
b10-16-k15-x540-g560,25,1,339,132,0,0,0,0,338,132,0,1,0,1,1,0,522,531,560,500,496
b10-16-k15-x540-g560,26,0,340,132,0,0,0,0,339,132,0,1,0,1,1,0,522,536,560,500,496
b10-16-k15-x540-g560,27,1,341,136,0,0,0,0,340,136,0,1,0,1,1,0,522,536,560,500,496
b10-16-k15-x540-g560,28,0,341,137,0,0,0,0,341,137,0,1,0,1,1,0,522,544,560,500,496
b10-16-k15-x540-g560,29,1,342,137,0,0,0,0,341,137,0,1,0,1,1,0,522,544,560,500,496
b10-16-k15-x540-g560,30,0,342,137,-3,0,0,0,342,137,0,1,0,1,1,0,522,545,560,400,496
b10-16-k15-x540-g560,31,1,342,137,-2,0,0,0,342,137,0,1,0,1,1,0,522,545,560,400,496
b10-16-k15-x540-g560,32,0,343,137,-1,0,0,0,342,137,0,1,0,1,1,0,522,545,560,400,496
b10-16-k15-x540-g560,33,1,344,233,0,0,0,0,343,232,0,1,0,1,0,0,522,545,560,400,496
b10-16-k15-x540-g560,34,0,344,233,0,0,0,0,344,-1,0,1,0,0,0,0,522,545,560,400,496
b10-16-k15-x540-g560,35,1,344,233,0,0,0,0,344,-1,0,1,0,0,0,0,522,545,560,400,496
b10-16-k15-x540-g560,36,0,344,233,0,0,0,0,344,-1,0,1,0,0,0,0,522,545,560,400,496
b10-16-k15-x540-g560,37,1,344,233,0,0,0,0,344,-1,0,1,0,0,0,0,522,545,560,400,496
b10-16-k15-x540-g560,38,0,344,233,0,0,0,0,344,-1,0,1,0,0,0,0,522,545,560,400,496
b10-16-k15-x540-g560,39,1,345,233,0,0,0,0,344,-1,0,1,0,0,0,0,522,545,560,400,496
b10-16-k15-x540-g560,40,0,345,233,0,0,0,0,345,-1,0,1,0,0,0,0,522,545,560,400,496
b10-16-k15-x560-g580,1,1,0,0,0,0,0,0,0,-1,0,-1,-1,0,0,0,500,560,580,500,500
b10-16-k15-x560-g580,2,0,0,65,0,0,0,0,0,-1,0,-1,-1,0,0,0,500,562,580,500,500
b10-16-k15-x560-g580,3,1,0,65,0,0,0,0,0,-1,0,-1,-1,0,0,0,500,564,580,500,500
b10-16-k15-x560-g580,4,0,0,61,0,0,0,0,0,-1,0,-1,-1,0,0,0,500,566,580,500,500
b10-16-k15-x560-g580,5,1,0,61,3,1,1,0,0,-1,0,-1,-1,0,0,0,500,568,580,500,498
b10-16-k15-x560-g580,6,0,1,61,2,0,0,0,0,-1,0,-1,-1,0,0,0,500,568,580,500,498
b10-16-k15-x560-g580,7,1,1,61,1,0,0,0,1,-1,0,-1,-1,0,0,0,500,568,580,500,498
b10-16-k15-x560-g580,8,0,1,61,0,0,0,0,1,-1,0,-1,-1,0,0,0,500,568,580,500,498
b10-16-k15-x560-g580,9,1,1,62,0,0,0,0,1,-1,0,-1,-1,0,0,0,500,570,580,500,498
b10-16-k15-x560-g580,10,0,1,62,0,0,0,0,1,-1,0,-1,-1,0,0,0,500,571,580,500,498
b10-16-k15-x560-g580,11,1,1,63,0,0,0,0,1,-1,0,-1,-1,0,0,0,500,571,580,500,498
b10-16-k15-x560-g580,12,0,2,66,0,0,0,0,1,-1,0,-1,-1,0,0,0,500,573,580,500,498
b10-16-k15-x560-g580,13,1,2,66,0,0,0,0,2,-1,0,-1,-1,0,0,0,500,575,580,500,498
b10-16-k15-x560-g580,14,0,2,67,0,0,0,0,2,-1,0,-1,-1,0,0,0,500,577,580,500,498
b10-16-k15-x560-g580,15,1,2,68,0,0,0,0,2,-1,0,-1,-1,0,0,0,500,578,580,500,498
b10-16-k15-x560-g580,16,0,60,68,3,1,1,0,60,-1,0,-1,-1,0,0,0,501,578,580,500,496
b10-16-k15-x560-g580,17,1,60,68,2,0,0,0,60,-1,0,-1,-1,0,0,0,502,578,580,500,496
b10-16-k15-x560-g580,18,0,320,68,1,0,0,0,320,-1,0,-1,-1,0,0,0,502,578,580,500,496
b10-16-k15-x560-g580,19,1,321,68,0,0,0,0,320,-1,0,-1,-1,0,0,0,502,578,580,500,496
b10-16-k15-x560-g580,20,0,322,69,0,0,0,0,321,-1,0,-1,-1,0,0,0,502,578,580,500,496
b10-16-k15-x560-g580,21,1,323,69,0,0,0,0,322,-1,0,-1,-1,0,0,0,502,578,580,500,496
b10-16-k15-x560-g580,22,0,335,132,0,0,0,1,335,132,0,1,0,1,1,0,503,593,580,500,496
b10-16-k15-x560-g580,23,1,336,132,0,0,0,0,335,132,0,1,0,1,1,0,503,593,580,500,496
b10-16-k15-x560-g580,24,0,336,132,0,0,0,0,336,132,0,1,0,1,1,0,503,535,580,500,496
b10-16-k15-x560-g580,25,1,337,132,0,0,0,0,336,132,0,1,0,1,1,0,503,535,580,500,496
b10-16-k15-x560-g580,26,0,337,132,0,0,0,0,337,132,0,1,0,1,1,0,503,517,580,500,496
b10-16-k15-x560-g580,27,1,338,132,0,0,0,0,337,132,0,1,0,1,1,0,503,517,580,500,496
b10-16-k15-x560-g580,28,0,339,132,0,0,0,0,338,132,0,1,0,1,1,0,503,512,580,500,496
b10-16-k15-x560-g580,29,1,340,132,0,0,0,0,339,132,0,1,0,1,1,0,503,517,580,500,496
b10-16-k15-x560-g580,30,0,341,136,0,0,0,0,340,136,0,1,0,1,1,0,503,517,580,500,496
b10-16-k15-x560-g580,31,1,341,137,0,0,0,0,341,137,0,1,0,1,1,0,503,525,580,500,496
b10-16-k15-x560-g580,32,0,342,137,0,0,0,0,341,137,0,1,0,1,1,0,503,525,580,500,496
b10-16-k15-x560-g580,33,1,342,137,-3,0,0,0,342,137,0,1,0,1,1,0,503,526,580,400,496
b10-16-k15-x560-g580,34,0,342,137,-2,0,0,0,342,137,0,1,0,1,1,0,503,526,580,400,496
b10-16-k15-x560-g580,35,1,343,137,-1,0,0,0,342,137,0,1,0,1,1,0,503,526,580,400,496
b10-16-k15-x560-g580,36,0,344,233,0,0,0,0,343,232,0,1,0,1,0,0,503,526,580,400,496
b10-16-k15-x560-g580,37,1,344,233,0,0,0,0,344,-1,0,1,0,0,0,0,503,526,580,400,496
b10-16-k15-x560-g580,38,0,344,233,0,0,0,0,344,-1,0,1,0,0,0,0,503,526,580,400,496
b10-16-k15-x560-g580,39,1,344,233,0,0,0,0,344,-1,0,1,0,0,0,0,503,526,580,400,496
b10-16-k15-x560-g580,40,0,344,233,0,0,0,0,344,-1,0,1,0,0,0,0,503,526,580,400,496
b10-16-k16-x540-g560,1,1,0,0,0,0,0,0,0,-1,0,-1,-1,0,0,0,500,540,560,500,500
b10-16-k16-x540-g560,2,0,0,65,0,0,0,0,0,-1,0,-1,-1,0,0,0,500,542,560,500,500
b10-16-k16-x540-g560,3,1,0,65,0,0,0,0,0,-1,0,-1,-1,0,0,0,500,544,560,500,500
b10-16-k16-x540-g560,4,0,0,61,0,0,0,0,0,-1,0,-1,-1,0,0,0,500,546,560,500,500
b10-16-k16-x540-g560,5,1,0,61,3,1,1,0,0,-1,0,-1,-1,0,0,0,500,548,560,500,498
b10-16-k16-x540-g560,6,0,1,61,2,0,0,0,0,-1,0,-1,-1,0,0,0,500,548,560,500,498
b10-16-k16-x540-g560,7,1,1,61,1,0,0,0,1,-1,0,-1,-1,0,0,0,500,548,560,500,498
b10-16-k16-x540-g560,8,0,1,61,0,0,0,0,1,-1,0,-1,-1,0,0,0,500,548,560,500,498
b10-16-k16-x540-g560,9,1,1,62,0,0,0,0,1,-1,0,-1,-1,0,0,0,500,550,560,500,498
b10-16-k16-x540-g560,10,0,1,62,0,0,0,0,1,-1,0,-1,-1,0,0,0,500,551,560,500,498
b10-16-k16-x540-g560,11,1,1,63,0,0,0,0,1,-1,0,-1,-1,0,0,0,500,551,560,500,498
b10-16-k16-x540-g560,12,0,2,66,0,0,0,0,1,-1,0,-1,-1,0,0,0,500,553,560,500,498
b10-16-k16-x540-g560,13,1,2,66,0,0,0,0,2,-1,0,-1,-1,0,0,0,500,555,560,500,498
b10-16-k16-x540-g560,14,0,2,67,0,0,0,0,2,-1,0,-1,-1,0,0,0,500,557,560,500,498
b10-16-k16-x540-g560,15,1,2,68,0,0,0,0,2,-1,0,-1,-1,0,0,0,500,558,560,500,498
b10-16-k16-x540-g560,16,0,60,68,3,1,1,0,60,-1,0,-1,-1,0,0,0,501,558,560,500,496
b10-16-k16-x540-g560,17,1,60,68,2,0,0,0,60,-1,0,-1,-1,0,0,0,502,558,560,500,496
b10-16-k16-x540-g560,18,0,320,68,1,0,0,0,320,-1,0,-1,-1,0,0,0,502,558,560,500,496
b10-16-k16-x540-g560,19,1,321,68,0,0,0,0,320,-1,0,-1,-1,0,0,0,502,558,560,500,496
b10-16-k16-x540-g560,20,0,322,69,0,0,0,0,321,-1,0,-1,-1,0,0,0,502,558,560,500,496
b10-16-k16-x540-g560,21,1,336,132,0,0,0,1,336,132,0,1,0,1,1,0,522,554,560,500,496
b10-16-k16-x540-g560,22,0,337,132,0,0,0,0,336,132,0,1,0,1,1,0,522,554,560,500,496
b10-16-k16-x540-g560,23,1,337,132,0,0,0,0,337,132,0,1,0,1,1,0,522,536,560,500,496
b10-16-k16-x540-g560,24,0,338,132,0,0,0,0,337,132,0,1,0,1,1,0,522,536,560,500,496
b10-16-k16-x540-g560,25,1,339,132,0,0,0,0,338,132,0,1,0,1,1,0,522,531,560,500,496
b10-16-k16-x540-g560,26,0,340,132,0,0,0,0,339,132,0,1,0,1,1,0,522,536,560,500,496
b10-16-k16-x540-g560,27,1,341,136,0,0,0,0,340,136,0,1,0,1,1,0,522,536,560,500,496
b10-16-k16-x540-g560,28,0,341,137,0,0,0,0,341,137,0,1,0,1,1,0,522,544,560,500,496
b10-16-k16-x540-g560,29,1,342,137,0,0,0,0,341,137,0,1,0,1,1,0,522,544,560,500,496
b10-16-k16-x540-g560,30,0,342,137,-3,0,0,0,342,137,0,1,0,1,1,0,522,545,560,400,496
b10-16-k16-x540-g560,31,1,342,137,-2,0,0,0,342,137,0,1,0,1,1,0,522,545,560,400,496
b10-16-k16-x540-g560,32,0,343,137,-1,0,0,0,342,137,0,1,0,1,1,0,522,545,560,400,496
b10-16-k16-x540-g560,33,1,344,233,0,0,0,0,343,232,0,1,0,1,0,0,522,545,560,400,496
b10-16-k16-x540-g560,34,0,344,233,0,0,0,0,344,-1,0,1,0,0,0,0,522,545,560,400,496
b10-16-k16-x540-g560,35,1,344,233,0,0,0,0,344,-1,0,1,0,0,0,0,522,545,560,400,496
b10-16-k16-x540-g560,36,0,344,233,0,0,0,0,344,-1,0,1,0,0,0,0,522,545,560,400,496
b10-16-k16-x540-g560,37,1,344,233,0,0,0,0,344,-1,0,1,0,0,0,0,522,545,560,400,496
b10-16-k16-x540-g560,38,0,344,233,0,0,0,0,344,-1,0,1,0,0,0,0,522,545,560,400,496
b10-16-k16-x540-g560,39,1,345,233,0,0,0,0,344,-1,0,1,0,0,0,0,522,545,560,400,496
b10-16-k16-x540-g560,40,0,345,233,0,0,0,0,345,-1,0,1,0,0,0,0,522,545,560,400,496
b10-16-k16-x560-g580,1,1,0,0,0,0,0,0,0,-1,0,-1,-1,0,0,0,500,560,580,500,500
b10-16-k16-x560-g580,2,0,0,65,0,0,0,0,0,-1,0,-1,-1,0,0,0,500,562,580,500,500
b10-16-k16-x560-g580,3,1,0,65,0,0,0,0,0,-1,0,-1,-1,0,0,0,500,564,580,500,500
b10-16-k16-x560-g580,4,0,0,61,0,0,0,0,0,-1,0,-1,-1,0,0,0,500,566,580,500,500
b10-16-k16-x560-g580,5,1,0,61,3,1,1,0,0,-1,0,-1,-1,0,0,0,500,568,580,500,498
b10-16-k16-x560-g580,6,0,1,61,2,0,0,0,0,-1,0,-1,-1,0,0,0,500,568,580,500,498
b10-16-k16-x560-g580,7,1,1,61,1,0,0,0,1,-1,0,-1,-1,0,0,0,500,568,580,500,498
b10-16-k16-x560-g580,8,0,1,61,0,0,0,0,1,-1,0,-1,-1,0,0,0,500,568,580,500,498
b10-16-k16-x560-g580,9,1,1,62,0,0,0,0,1,-1,0,-1,-1,0,0,0,500,570,580,500,498
b10-16-k16-x560-g580,10,0,1,62,0,0,0,0,1,-1,0,-1,-1,0,0,0,500,571,580,500,498
b10-16-k16-x560-g580,11,1,1,63,0,0,0,0,1,-1,0,-1,-1,0,0,0,500,571,580,500,498
b10-16-k16-x560-g580,12,0,2,66,0,0,0,0,1,-1,0,-1,-1,0,0,0,500,573,580,500,498
b10-16-k16-x560-g580,13,1,2,66,0,0,0,0,2,-1,0,-1,-1,0,0,0,500,575,580,500,498
b10-16-k16-x560-g580,14,0,2,67,0,0,0,0,2,-1,0,-1,-1,0,0,0,500,577,580,500,498
b10-16-k16-x560-g580,15,1,2,68,0,0,0,0,2,-1,0,-1,-1,0,0,0,500,578,580,500,498
b10-16-k16-x560-g580,16,0,60,68,3,1,1,0,60,-1,0,-1,-1,0,0,0,501,578,580,500,496
b10-16-k16-x560-g580,17,1,60,68,2,0,0,0,60,-1,0,-1,-1,0,0,0,502,578,580,500,496
b10-16-k16-x560-g580,18,0,320,68,1,0,0,0,320,-1,0,-1,-1,0,0,0,502,578,580,500,496
b10-16-k16-x560-g580,19,1,321,68,0,0,0,0,320,-1,0,-1,-1,0,0,0,502,578,580,500,496
b10-16-k16-x560-g580,20,0,322,69,0,0,0,0,321,-1,0,-1,-1,0,0,0,502,578,580,500,496
b10-16-k16-x560-g580,21,1,323,69,0,0,0,0,322,-1,0,-1,-1,0,0,0,502,578,580,500,496
b10-16-k16-x560-g580,22,0,335,132,0,0,0,1,335,132,0,1,0,1,1,0,503,593,580,500,496
b10-16-k16-x560-g580,23,1,336,132,0,0,0,0,335,132,0,1,0,1,1,0,503,593,580,500,496
b10-16-k16-x560-g580,24,0,336,132,0,0,0,0,336,132,0,1,0,1,1,0,503,535,580,500,496
b10-16-k16-x560-g580,25,1,337,132,0,0,0,0,336,132,0,1,0,1,1,0,503,535,580,500,496
b10-16-k16-x560-g580,26,0,337,132,0,0,0,0,337,132,0,1,0,1,1,0,503,517,580,500,496
b10-16-k16-x560-g580,27,1,338,132,0,0,0,0,337,132,0,1,0,1,1,0,503,517,580,500,496
b10-16-k16-x560-g580,28,0,339,132,0,0,0,0,338,132,0,1,0,1,1,0,503,512,580,500,496
b10-16-k16-x560-g580,29,1,340,132,0,0,0,0,339,132,0,1,0,1,1,0,503,517,580,500,496
b10-16-k16-x560-g580,30,0,341,136,0,0,0,0,340,136,0,1,0,1,1,0,503,517,580,500,496
b10-16-k16-x560-g580,31,1,341,137,0,0,0,0,341,137,0,1,0,1,1,0,503,525,580,500,496
b10-16-k16-x560-g580,32,0,342,137,0,0,0,0,341,137,0,1,0,1,1,0,503,525,580,500,496
b10-16-k16-x560-g580,33,1,342,137,-3,0,0,0,342,137,0,1,0,1,1,0,503,526,580,400,496
b10-16-k16-x560-g580,34,0,342,137,-2,0,0,0,342,137,0,1,0,1,1,0,503,526,580,400,496
b10-16-k16-x560-g580,35,1,343,137,-1,0,0,0,342,137,0,1,0,1,1,0,503,526,580,400,496
b10-16-k16-x560-g580,36,0,344,233,0,0,0,0,343,232,0,1,0,1,0,0,503,526,580,400,496
b10-16-k16-x560-g580,37,1,344,233,0,0,0,0,344,-1,0,1,0,0,0,0,503,526,580,400,496
b10-16-k16-x560-g580,38,0,344,233,0,0,0,0,344,-1,0,1,0,0,0,0,503,526,580,400,496
b10-16-k16-x560-g580,39,1,344,233,0,0,0,0,344,-1,0,1,0,0,0,0,503,526,580,400,496
b10-16-k16-x560-g580,40,0,344,233,0,0,0,0,344,-1,0,1,0,0,0,0,503,526,580,400,496
b10-16-k17-x540-g560,1,1,0,0,0,0,0,0,0,-1,0,-1,-1,0,0,0,500,540,560,500,500
b10-16-k17-x540-g560,2,0,0,65,0,0,0,0,0,-1,0,-1,-1,0,0,0,500,542,560,500,500
b10-16-k17-x540-g560,3,1,0,65,0,0,0,0,0,-1,0,-1,-1,0,0,0,500,544,560,500,500
b10-16-k17-x540-g560,4,0,0,61,0,0,0,0,0,-1,0,-1,-1,0,0,0,500,546,560,500,500
b10-16-k17-x540-g560,5,1,0,61,3,1,1,0,0,-1,0,-1,-1,0,0,0,500,548,560,500,498
b10-16-k17-x540-g560,6,0,1,61,2,0,0,0,0,-1,0,-1,-1,0,0,0,500,548,560,500,498
b10-16-k17-x540-g560,7,1,1,61,1,0,0,0,1,-1,0,-1,-1,0,0,0,500,548,560,500,498
b10-16-k17-x540-g560,8,0,1,61,0,0,0,0,1,-1,0,-1,-1,0,0,0,500,548,560,500,498
b10-16-k17-x540-g560,9,1,1,62,0,0,0,0,1,-1,0,-1,-1,0,0,0,500,550,560,500,498
b10-16-k17-x540-g560,10,0,1,62,0,0,0,0,1,-1,0,-1,-1,0,0,0,500,551,560,500,498
b10-16-k17-x540-g560,11,1,1,63,0,0,0,0,1,-1,0,-1,-1,0,0,0,500,551,560,500,498
b10-16-k17-x540-g560,12,0,2,66,0,0,0,0,1,-1,0,-1,-1,0,0,0,500,553,560,500,498
b10-16-k17-x540-g560,13,1,2,66,0,0,0,0,2,-1,0,-1,-1,0,0,0,500,555,560,500,498
b10-16-k17-x540-g560,14,0,2,67,0,0,0,0,2,-1,0,-1,-1,0,0,0,500,557,560,500,498
b10-16-k17-x540-g560,15,1,2,68,0,0,0,0,2,-1,0,-1,-1,0,0,0,500,558,560,500,498
b10-16-k17-x540-g560,16,0,2,68,3,1,1,0,2,-1,0,-1,-1,0,0,0,500,558,560,500,496
b10-16-k17-x540-g560,17,1,2,68,2,0,0,0,2,-1,0,-1,-1,0,0,0,500,558,560,500,496
b10-16-k17-x540-g560,18,0,60,68,1,0,0,0,60,-1,0,-1,-1,0,0,0,501,558,560,500,496
b10-16-k17-x540-g560,19,1,60,68,0,0,0,0,60,-1,0,-1,-1,0,0,0,502,558,560,500,496
b10-16-k17-x540-g560,20,0,320,69,0,0,0,0,320,-1,0,-1,-1,0,0,0,502,558,560,500,496
b10-16-k17-x540-g560,21,1,321,69,0,0,0,0,320,-1,0,-1,-1,0,0,0,502,558,560,500,496
b10-16-k17-x540-g560,22,0,322,69,0,0,0,0,321,-1,0,-1,-1,0,0,0,502,558,560,500,496
b10-16-k17-x540-g560,23,1,336,132,0,0,0,1,336,132,0,1,0,1,1,0,522,554,560,500,496
b10-16-k17-x540-g560,24,0,337,132,0,0,0,0,336,132,0,1,0,1,1,0,522,554,560,500,496
b10-16-k17-x540-g560,25,1,337,132,0,0,0,0,337,132,0,1,0,1,1,0,522,536,560,500,496
b10-16-k17-x540-g560,26,0,338,132,0,0,0,0,337,132,0,1,0,1,1,0,522,536,560,500,496
b10-16-k17-x540-g560,27,1,339,132,0,0,0,0,338,132,0,1,0,1,1,0,522,531,560,500,496
b10-16-k17-x540-g560,28,0,340,132,0,0,0,0,339,132,0,1,0,1,1,0,522,536,560,500,496
b10-16-k17-x540-g560,29,1,341,136,0,0,0,0,340,136,0,1,0,1,1,0,522,536,560,500,496
b10-16-k17-x540-g560,30,0,341,137,0,0,0,0,341,137,0,1,0,1,1,0,522,544,560,500,496
b10-16-k17-x540-g560,31,1,342,137,0,0,0,0,341,137,0,1,0,1,1,0,522,544,560,500,496
b10-16-k17-x540-g560,32,0,342,137,-3,0,0,0,342,137,0,1,0,1,1,0,522,545,560,400,496
b10-16-k17-x540-g560,33,1,342,137,-2,0,0,0,342,137,0,1,0,1,1,0,522,545,560,400,496
b10-16-k17-x540-g560,34,0,343,137,-1,0,0,0,342,137,0,1,0,1,1,0,522,545,560,400,496
b10-16-k17-x540-g560,35,1,344,233,0,0,0,0,343,232,0,1,0,1,0,0,522,545,560,400,496
b10-16-k17-x540-g560,36,0,344,233,0,0,0,0,344,-1,0,1,0,0,0,0,522,545,560,400,496
b10-16-k17-x540-g560,37,1,344,233,0,0,0,0,344,-1,0,1,0,0,0,0,522,545,560,400,496
b10-16-k17-x540-g560,38,0,344,233,0,0,0,0,344,-1,0,1,0,0,0,0,522,545,560,400,496
b10-16-k17-x540-g560,39,1,344,233,0,0,0,0,344,-1,0,1,0,0,0,0,522,545,560,400,496
b10-16-k17-x540-g560,40,0,344,233,0,0,0,0,344,-1,0,1,0,0,0,0,522,545,560,400,496
b10-16-k17-x560-g580,1,1,0,0,0,0,0,0,0,-1,0,-1,-1,0,0,0,500,560,580,500,500
b10-16-k17-x560-g580,2,0,0,65,0,0,0,0,0,-1,0,-1,-1,0,0,0,500,562,580,500,500
b10-16-k17-x560-g580,3,1,0,65,0,0,0,0,0,-1,0,-1,-1,0,0,0,500,564,580,500,500
b10-16-k17-x560-g580,4,0,0,61,0,0,0,0,0,-1,0,-1,-1,0,0,0,500,566,580,500,500
b10-16-k17-x560-g580,5,1,0,61,3,1,1,0,0,-1,0,-1,-1,0,0,0,500,568,580,500,498
b10-16-k17-x560-g580,6,0,1,61,2,0,0,0,0,-1,0,-1,-1,0,0,0,500,568,580,500,498
b10-16-k17-x560-g580,7,1,1,61,1,0,0,0,1,-1,0,-1,-1,0,0,0,500,568,580,500,498
b10-16-k17-x560-g580,8,0,1,61,0,0,0,0,1,-1,0,-1,-1,0,0,0,500,568,580,500,498
b10-16-k17-x560-g580,9,1,1,62,0,0,0,0,1,-1,0,-1,-1,0,0,0,500,570,580,500,498
b10-16-k17-x560-g580,10,0,1,62,0,0,0,0,1,-1,0,-1,-1,0,0,0,500,571,580,500,498
b10-16-k17-x560-g580,11,1,1,63,0,0,0,0,1,-1,0,-1,-1,0,0,0,500,571,580,500,498
b10-16-k17-x560-g580,12,0,2,66,0,0,0,0,1,-1,0,-1,-1,0,0,0,500,573,580,500,498
b10-16-k17-x560-g580,13,1,2,66,0,0,0,0,2,-1,0,-1,-1,0,0,0,500,575,580,500,498
b10-16-k17-x560-g580,14,0,2,67,0,0,0,0,2,-1,0,-1,-1,0,0,0,500,577,580,500,498
b10-16-k17-x560-g580,15,1,2,68,0,0,0,0,2,-1,0,-1,-1,0,0,0,500,578,580,500,498
b10-16-k17-x560-g580,16,0,2,68,3,1,1,0,2,-1,0,-1,-1,0,0,0,500,578,580,500,496
b10-16-k17-x560-g580,17,1,2,68,2,0,0,0,2,-1,0,-1,-1,0,0,0,500,578,580,500,496
b10-16-k17-x560-g580,18,0,60,68,1,0,0,0,60,-1,0,-1,-1,0,0,0,501,578,580,500,496
b10-16-k17-x560-g580,19,1,60,68,0,0,0,0,60,-1,0,-1,-1,0,0,0,502,578,580,500,496
b10-16-k17-x560-g580,20,0,320,69,0,0,0,0,320,-1,0,-1,-1,0,0,0,502,578,580,500,496
b10-16-k17-x560-g580,21,1,321,69,0,0,0,0,320,-1,0,-1,-1,0,0,0,502,578,580,500,496
b10-16-k17-x560-g580,22,0,322,69,0,0,0,0,321,-1,0,-1,-1,0,0,0,502,578,580,500,496
b10-16-k17-x560-g580,23,1,323,3,0,0,0,0,322,-1,0,-1,-1,0,0,0,502,578,580,500,496
b10-16-k17-x560-g580,24,0,335,132,0,0,0,1,335,132,0,1,0,1,1,0,503,593,580,500,496
b10-16-k17-x560-g580,25,1,336,132,0,0,0,0,335,132,0,1,0,1,1,0,503,593,580,500,496
b10-16-k17-x560-g580,26,0,336,132,0,0,0,0,336,132,0,1,0,1,1,0,503,535,580,500,496
b10-16-k17-x560-g580,27,1,337,132,0,0,0,0,336,132,0,1,0,1,1,0,503,535,580,500,496
b10-16-k17-x560-g580,28,0,337,132,0,0,0,0,337,132,0,1,0,1,1,0,503,517,580,500,496
b10-16-k17-x560-g580,29,1,338,132,0,0,0,0,337,132,0,1,0,1,1,0,503,517,580,500,496
b10-16-k17-x560-g580,30,0,339,132,0,0,0,0,338,132,0,1,0,1,1,0,503,512,580,500,496
b10-16-k17-x560-g580,31,1,340,132,0,0,0,0,339,132,0,1,0,1,1,0,503,517,580,500,496
b10-16-k17-x560-g580,32,0,341,136,0,0,0,0,340,136,0,1,0,1,1,0,503,517,580,500,496
b10-16-k17-x560-g580,33,1,341,137,0,0,0,0,341,137,0,1,0,1,1,0,503,525,580,500,496
b10-16-k17-x560-g580,34,0,342,137,0,0,0,0,341,137,0,1,0,1,1,0,503,525,580,500,496
b10-16-k17-x560-g580,35,1,342,137,-3,0,0,0,342,137,0,1,0,1,1,0,503,526,580,400,496
b10-16-k17-x560-g580,36,0,342,137,-2,0,0,0,342,137,0,1,0,1,1,0,503,526,580,400,496
b10-16-k17-x560-g580,37,1,343,137,-1,0,0,0,342,137,0,1,0,1,1,0,503,526,580,400,496
b10-16-k17-x560-g580,38,0,344,233,0,0,0,0,343,232,0,1,0,1,0,0,503,526,580,400,496
b10-16-k17-x560-g580,39,1,344,233,0,0,0,0,344,-1,0,1,0,0,0,0,503,526,580,400,496
b10-16-k17-x560-g580,40,0,344,233,0,0,0,0,344,-1,0,1,0,0,0,0,503,526,580,400,496
b10-16-k18-x540-g560,1,1,0,0,0,0,0,0,0,-1,0,-1,-1,0,0,0,500,540,560,500,500
b10-16-k18-x540-g560,2,0,0,65,0,0,0,0,0,-1,0,-1,-1,0,0,0,500,542,560,500,500
b10-16-k18-x540-g560,3,1,0,65,0,0,0,0,0,-1,0,-1,-1,0,0,0,500,544,560,500,500
b10-16-k18-x540-g560,4,0,0,61,0,0,0,0,0,-1,0,-1,-1,0,0,0,500,546,560,500,500
b10-16-k18-x540-g560,5,1,0,61,3,1,1,0,0,-1,0,-1,-1,0,0,0,500,548,560,500,498
b10-16-k18-x540-g560,6,0,1,61,2,0,0,0,0,-1,0,-1,-1,0,0,0,500,548,560,500,498
b10-16-k18-x540-g560,7,1,1,61,1,0,0,0,1,-1,0,-1,-1,0,0,0,500,548,560,500,498
b10-16-k18-x540-g560,8,0,1,61,0,0,0,0,1,-1,0,-1,-1,0,0,0,500,548,560,500,498
b10-16-k18-x540-g560,9,1,1,62,0,0,0,0,1,-1,0,-1,-1,0,0,0,500,550,560,500,498
b10-16-k18-x540-g560,10,0,1,62,0,0,0,0,1,-1,0,-1,-1,0,0,0,500,551,560,500,498
b10-16-k18-x540-g560,11,1,1,63,0,0,0,0,1,-1,0,-1,-1,0,0,0,500,551,560,500,498
b10-16-k18-x540-g560,12,0,2,66,0,0,0,0,1,-1,0,-1,-1,0,0,0,500,553,560,500,498
b10-16-k18-x540-g560,13,1,2,66,0,0,0,0,2,-1,0,-1,-1,0,0,0,500,555,560,500,498
b10-16-k18-x540-g560,14,0,2,67,0,0,0,0,2,-1,0,-1,-1,0,0,0,500,557,560,500,498
b10-16-k18-x540-g560,15,1,2,68,0,0,0,0,2,-1,0,-1,-1,0,0,0,500,558,560,500,498
b10-16-k18-x540-g560,16,0,2,68,3,1,1,0,2,-1,0,-1,-1,0,0,0,500,558,560,500,496
b10-16-k18-x540-g560,17,1,2,68,2,0,0,0,2,-1,0,-1,-1,0,0,0,500,558,560,500,496
b10-16-k18-x540-g560,18,0,60,68,1,0,0,0,60,-1,0,-1,-1,0,0,0,501,558,560,500,496
b10-16-k18-x540-g560,19,1,60,68,0,0,0,0,60,-1,0,-1,-1,0,0,0,502,558,560,500,496
b10-16-k18-x540-g560,20,0,320,69,0,0,0,0,320,-1,0,-1,-1,0,0,0,502,558,560,500,496
b10-16-k18-x540-g560,21,1,321,69,0,0,0,0,320,-1,0,-1,-1,0,0,0,502,558,560,500,496
b10-16-k18-x540-g560,22,0,322,69,0,0,0,0,321,-1,0,-1,-1,0,0,0,502,558,560,500,496
b10-16-k18-x540-g560,23,1,336,132,0,0,0,1,336,132,0,1,0,1,1,0,522,554,560,500,496
b10-16-k18-x540-g560,24,0,337,132,0,0,0,0,336,132,0,1,0,1,1,0,522,554,560,500,496
b10-16-k18-x540-g560,25,1,337,132,0,0,0,0,337,132,0,1,0,1,1,0,522,536,560,500,496
b10-16-k18-x540-g560,26,0,338,132,0,0,0,0,337,132,0,1,0,1,1,0,522,536,560,500,496
b10-16-k18-x540-g560,27,1,339,132,0,0,0,0,338,132,0,1,0,1,1,0,522,531,560,500,496
b10-16-k18-x540-g560,28,0,340,132,0,0,0,0,339,132,0,1,0,1,1,0,522,536,560,500,496
b10-16-k18-x540-g560,29,1,341,136,0,0,0,0,340,136,0,1,0,1,1,0,522,536,560,500,496
b10-16-k18-x540-g560,30,0,341,137,0,0,0,0,341,137,0,1,0,1,1,0,522,544,560,500,496
b10-16-k18-x540-g560,31,1,342,137,0,0,0,0,341,137,0,1,0,1,1,0,522,544,560,500,496
b10-16-k18-x540-g560,32,0,342,137,-3,0,0,0,342,137,0,1,0,1,1,0,522,545,560,400,496
b10-16-k18-x540-g560,33,1,342,137,-2,0,0,0,342,137,0,1,0,1,1,0,522,545,560,400,496
b10-16-k18-x540-g560,34,0,343,137,-1,0,0,0,342,137,0,1,0,1,1,0,522,545,560,400,496
b10-16-k18-x540-g560,35,1,344,233,0,0,0,0,343,232,0,1,0,1,0,0,522,545,560,400,496
b10-16-k18-x540-g560,36,0,344,233,0,0,0,0,344,-1,0,1,0,0,0,0,522,545,560,400,496
b10-16-k18-x540-g560,37,1,344,233,0,0,0,0,344,-1,0,1,0,0,0,0,522,545,560,400,496
b10-16-k18-x540-g560,38,0,344,233,0,0,0,0,344,-1,0,1,0,0,0,0,522,545,560,400,496
b10-16-k18-x540-g560,39,1,344,233,0,0,0,0,344,-1,0,1,0,0,0,0,522,545,560,400,496
b10-16-k18-x540-g560,40,0,344,233,0,0,0,0,344,-1,0,1,0,0,0,0,522,545,560,400,496
b10-16-k18-x560-g580,1,1,0,0,0,0,0,0,0,-1,0,-1,-1,0,0,0,500,560,580,500,500
b10-16-k18-x560-g580,2,0,0,65,0,0,0,0,0,-1,0,-1,-1,0,0,0,500,562,580,500,500
b10-16-k18-x560-g580,3,1,0,65,0,0,0,0,0,-1,0,-1,-1,0,0,0,500,564,580,500,500
b10-16-k18-x560-g580,4,0,0,61,0,0,0,0,0,-1,0,-1,-1,0,0,0,500,566,580,500,500
b10-16-k18-x560-g580,5,1,0,61,3,1,1,0,0,-1,0,-1,-1,0,0,0,500,568,580,500,498
b10-16-k18-x560-g580,6,0,1,61,2,0,0,0,0,-1,0,-1,-1,0,0,0,500,568,580,500,498
b10-16-k18-x560-g580,7,1,1,61,1,0,0,0,1,-1,0,-1,-1,0,0,0,500,568,580,500,498
b10-16-k18-x560-g580,8,0,1,61,0,0,0,0,1,-1,0,-1,-1,0,0,0,500,568,580,500,498
b10-16-k18-x560-g580,9,1,1,62,0,0,0,0,1,-1,0,-1,-1,0,0,0,500,570,580,500,498
b10-16-k18-x560-g580,10,0,1,62,0,0,0,0,1,-1,0,-1,-1,0,0,0,500,571,580,500,498
b10-16-k18-x560-g580,11,1,1,63,0,0,0,0,1,-1,0,-1,-1,0,0,0,500,571,580,500,498
b10-16-k18-x560-g580,12,0,2,66,0,0,0,0,1,-1,0,-1,-1,0,0,0,500,573,580,500,498
b10-16-k18-x560-g580,13,1,2,66,0,0,0,0,2,-1,0,-1,-1,0,0,0,500,575,580,500,498
b10-16-k18-x560-g580,14,0,2,67,0,0,0,0,2,-1,0,-1,-1,0,0,0,500,577,580,500,498
b10-16-k18-x560-g580,15,1,2,68,0,0,0,0,2,-1,0,-1,-1,0,0,0,500,578,580,500,498
b10-16-k18-x560-g580,16,0,2,68,3,1,1,0,2,-1,0,-1,-1,0,0,0,500,578,580,500,496
b10-16-k18-x560-g580,17,1,2,68,2,0,0,0,2,-1,0,-1,-1,0,0,0,500,578,580,500,496
b10-16-k18-x560-g580,18,0,60,68,1,0,0,0,60,-1,0,-1,-1,0,0,0,501,578,580,500,496
b10-16-k18-x560-g580,19,1,60,68,0,0,0,0,60,-1,0,-1,-1,0,0,0,502,578,580,500,496
b10-16-k18-x560-g580,20,0,320,69,0,0,0,0,320,-1,0,-1,-1,0,0,0,502,578,580,500,496
b10-16-k18-x560-g580,21,1,321,69,0,0,0,0,320,-1,0,-1,-1,0,0,0,502,578,580,500,496
b10-16-k18-x560-g580,22,0,322,69,0,0,0,0,321,-1,0,-1,-1,0,0,0,502,578,580,500,496
b10-16-k18-x560-g580,23,1,323,3,0,0,0,0,322,-1,0,-1,-1,0,0,0,502,578,580,500,496
b10-16-k18-x560-g580,24,0,335,132,0,0,0,1,335,132,0,1,0,1,1,0,503,593,580,500,496
b10-16-k18-x560-g580,25,1,336,132,0,0,0,0,335,132,0,1,0,1,1,0,503,593,580,500,496
b10-16-k18-x560-g580,26,0,336,132,0,0,0,0,336,132,0,1,0,1,1,0,503,535,580,500,496
b10-16-k18-x560-g580,27,1,337,132,0,0,0,0,336,132,0,1,0,1,1,0,503,535,580,500,496
b10-16-k18-x560-g580,28,0,337,132,0,0,0,0,337,132,0,1,0,1,1,0,503,517,580,500,496
b10-16-k18-x560-g580,29,1,338,132,0,0,0,0,337,132,0,1,0,1,1,0,503,517,580,500,496
b10-16-k18-x560-g580,30,0,339,132,0,0,0,0,338,132,0,1,0,1,1,0,503,512,580,500,496
b10-16-k18-x560-g580,31,1,340,132,0,0,0,0,339,132,0,1,0,1,1,0,503,517,580,500,496
b10-16-k18-x560-g580,32,0,341,136,0,0,0,0,340,136,0,1,0,1,1,0,503,517,580,500,496
b10-16-k18-x560-g580,33,1,341,137,0,0,0,0,341,137,0,1,0,1,1,0,503,525,580,500,496
b10-16-k18-x560-g580,34,0,342,137,0,0,0,0,341,137,0,1,0,1,1,0,503,525,580,500,496
b10-16-k18-x560-g580,35,1,342,137,-3,0,0,0,342,137,0,1,0,1,1,0,503,526,580,400,496
b10-16-k18-x560-g580,36,0,342,137,-2,0,0,0,342,137,0,1,0,1,1,0,503,526,580,400,496
b10-16-k18-x560-g580,37,1,343,137,-1,0,0,0,342,137,0,1,0,1,1,0,503,526,580,400,496
b10-16-k18-x560-g580,38,0,344,233,0,0,0,0,343,232,0,1,0,1,0,0,503,526,580,400,496
b10-16-k18-x560-g580,39,1,344,233,0,0,0,0,344,-1,0,1,0,0,0,0,503,526,580,400,496
b10-16-k18-x560-g580,40,0,344,233,0,0,0,0,344,-1,0,1,0,0,0,0,503,526,580,400,496
b10-16-k19-x540-g560,1,1,0,0,0,0,0,0,0,-1,0,-1,-1,0,0,0,500,540,560,500,500
b10-16-k19-x540-g560,2,0,0,65,0,0,0,0,0,-1,0,-1,-1,0,0,0,500,542,560,500,500
b10-16-k19-x540-g560,3,1,0,65,0,0,0,0,0,-1,0,-1,-1,0,0,0,500,544,560,500,500
b10-16-k19-x540-g560,4,0,0,61,0,0,0,0,0,-1,0,-1,-1,0,0,0,500,546,560,500,500
b10-16-k19-x540-g560,5,1,0,61,3,1,1,0,0,-1,0,-1,-1,0,0,0,500,548,560,500,498
b10-16-k19-x540-g560,6,0,1,61,2,0,0,0,0,-1,0,-1,-1,0,0,0,500,548,560,500,498
b10-16-k19-x540-g560,7,1,1,61,1,0,0,0,1,-1,0,-1,-1,0,0,0,500,548,560,500,498
b10-16-k19-x540-g560,8,0,1,61,0,0,0,0,1,-1,0,-1,-1,0,0,0,500,548,560,500,498
b10-16-k19-x540-g560,9,1,1,62,0,0,0,0,1,-1,0,-1,-1,0,0,0,500,550,560,500,498
b10-16-k19-x540-g560,10,0,1,62,0,0,0,0,1,-1,0,-1,-1,0,0,0,500,551,560,500,498
b10-16-k19-x540-g560,11,1,1,63,0,0,0,0,1,-1,0,-1,-1,0,0,0,500,551,560,500,498
b10-16-k19-x540-g560,12,0,2,66,0,0,0,0,1,-1,0,-1,-1,0,0,0,500,553,560,500,498
b10-16-k19-x540-g560,13,1,2,66,0,0,0,0,2,-1,0,-1,-1,0,0,0,500,555,560,500,498
b10-16-k19-x540-g560,14,0,2,67,0,0,0,0,2,-1,0,-1,-1,0,0,0,500,557,560,500,498
b10-16-k19-x540-g560,15,1,2,68,0,0,0,0,2,-1,0,-1,-1,0,0,0,500,558,560,500,498
b10-16-k19-x540-g560,16,0,2,68,3,1,1,0,2,-1,0,-1,-1,0,0,0,500,558,560,500,496
b10-16-k19-x540-g560,17,1,2,68,2,0,0,0,2,-1,0,-1,-1,0,0,0,500,558,560,500,496
b10-16-k19-x540-g560,18,0,3,68,1,0,0,0,2,-1,0,-1,-1,0,0,0,500,558,560,500,496
b10-16-k19-x540-g560,19,1,3,68,0,0,0,0,3,-1,0,-1,-1,0,0,0,500,558,560,500,496
b10-16-k19-x540-g560,20,0,60,69,0,0,0,0,60,-1,0,-1,-1,0,0,0,501,558,560,500,496
b10-16-k19-x540-g560,21,1,60,69,0,0,0,0,60,-1,0,-1,-1,0,0,0,502,558,560,500,496
b10-16-k19-x540-g560,22,0,320,69,0,0,0,0,320,-1,0,-1,-1,0,0,0,502,558,560,500,496
b10-16-k19-x540-g560,23,1,321,3,0,0,0,0,320,-1,0,-1,-1,0,0,0,502,558,560,500,496
b10-16-k19-x540-g560,24,0,322,3,0,0,0,0,321,-1,0,-1,-1,0,0,0,502,558,560,500,496
b10-16-k19-x540-g560,25,1,336,132,0,0,0,1,336,132,0,1,0,1,1,0,522,554,560,500,496
b10-16-k19-x540-g560,26,0,337,132,0,0,0,0,336,132,0,1,0,1,1,0,522,554,560,500,496
b10-16-k19-x540-g560,27,1,337,132,0,0,0,0,337,132,0,1,0,1,1,0,522,536,560,500,496
b10-16-k19-x540-g560,28,0,338,132,0,0,0,0,337,132,0,1,0,1,1,0,522,536,560,500,496
b10-16-k19-x540-g560,29,1,339,132,0,0,0,0,338,132,0,1,0,1,1,0,522,531,560,500,496
b10-16-k19-x540-g560,30,0,340,132,0,0,0,0,339,132,0,1,0,1,1,0,522,536,560,500,496
b10-16-k19-x540-g560,31,1,341,136,0,0,0,0,340,136,0,1,0,1,1,0,522,536,560,500,496
b10-16-k19-x540-g560,32,0,341,137,0,0,0,0,341,137,0,1,0,1,1,0,522,544,560,500,496
b10-16-k19-x540-g560,33,1,342,137,0,0,0,0,341,137,0,1,0,1,1,0,522,544,560,500,496
b10-16-k19-x540-g560,34,0,342,137,-3,0,0,0,342,137,0,1,0,1,1,0,522,545,560,400,496
b10-16-k19-x540-g560,35,1,342,137,-2,0,0,0,342,137,0,1,0,1,1,0,522,545,560,400,496
b10-16-k19-x540-g560,36,0,343,137,-1,0,0,0,342,137,0,1,0,1,1,0,522,545,560,400,496
b10-16-k19-x540-g560,37,1,344,233,0,0,0,0,343,232,0,1,0,1,0,0,522,545,560,400,496
b10-16-k19-x540-g560,38,0,344,233,0,0,0,0,344,-1,0,1,0,0,0,0,522,545,560,400,496
b10-16-k19-x540-g560,39,1,344,233,0,0,0,0,344,-1,0,1,0,0,0,0,522,545,560,400,496
b10-16-k19-x540-g560,40,0,344,233,0,0,0,0,344,-1,0,1,0,0,0,0,522,545,560,400,496
b10-16-k19-x560-g580,1,1,0,0,0,0,0,0,0,-1,0,-1,-1,0,0,0,500,560,580,500,500
b10-16-k19-x560-g580,2,0,0,65,0,0,0,0,0,-1,0,-1,-1,0,0,0,500,562,580,500,500
b10-16-k19-x560-g580,3,1,0,65,0,0,0,0,0,-1,0,-1,-1,0,0,0,500,564,580,500,500
b10-16-k19-x560-g580,4,0,0,61,0,0,0,0,0,-1,0,-1,-1,0,0,0,500,566,580,500,500
b10-16-k19-x560-g580,5,1,0,61,3,1,1,0,0,-1,0,-1,-1,0,0,0,500,568,580,500,498
b10-16-k19-x560-g580,6,0,1,61,2,0,0,0,0,-1,0,-1,-1,0,0,0,500,568,580,500,498
b10-16-k19-x560-g580,7,1,1,61,1,0,0,0,1,-1,0,-1,-1,0,0,0,500,568,580,500,498
b10-16-k19-x560-g580,8,0,1,61,0,0,0,0,1,-1,0,-1,-1,0,0,0,500,568,580,500,498
b10-16-k19-x560-g580,9,1,1,62,0,0,0,0,1,-1,0,-1,-1,0,0,0,500,570,580,500,498
b10-16-k19-x560-g580,10,0,1,62,0,0,0,0,1,-1,0,-1,-1,0,0,0,500,571,580,500,498
b10-16-k19-x560-g580,11,1,1,63,0,0,0,0,1,-1,0,-1,-1,0,0,0,500,571,580,500,498
b10-16-k19-x560-g580,12,0,2,66,0,0,0,0,1,-1,0,-1,-1,0,0,0,500,573,580,500,498
b10-16-k19-x560-g580,13,1,2,66,0,0,0,0,2,-1,0,-1,-1,0,0,0,500,575,580,500,498
b10-16-k19-x560-g580,14,0,2,67,0,0,0,0,2,-1,0,-1,-1,0,0,0,500,577,580,500,498
b10-16-k19-x560-g580,15,1,2,68,0,0,0,0,2,-1,0,-1,-1,0,0,0,500,578,580,500,498
b10-16-k19-x560-g580,16,0,2,68,3,1,1,0,2,-1,0,-1,-1,0,0,0,500,578,580,500,496
b10-16-k19-x560-g580,17,1,2,68,2,0,0,0,2,-1,0,-1,-1,0,0,0,500,578,580,500,496
b10-16-k19-x560-g580,18,0,3,68,1,0,0,0,2,-1,0,-1,-1,0,0,0,500,578,580,500,496
b10-16-k19-x560-g580,19,1,3,68,0,0,0,0,3,-1,0,-1,-1,0,0,0,500,578,580,500,496
b10-16-k19-x560-g580,20,0,60,69,0,0,0,0,60,-1,0,-1,-1,0,0,0,501,578,580,500,496
b10-16-k19-x560-g580,21,1,60,69,0,0,0,0,60,-1,0,-1,-1,0,0,0,502,578,580,500,496
b10-16-k19-x560-g580,22,0,320,69,0,0,0,0,320,-1,0,-1,-1,0,0,0,502,578,580,500,496
b10-16-k19-x560-g580,23,1,321,3,0,0,0,0,320,-1,0,-1,-1,0,0,0,502,578,580,500,496
b10-16-k19-x560-g580,24,0,322,3,0,0,0,0,321,-1,0,-1,-1,0,0,0,502,578,580,500,496
b10-16-k19-x560-g580,25,1,323,3,0,0,0,0,322,-1,0,-1,-1,0,0,0,502,578,580,500,496
b10-16-k19-x560-g580,26,0,335,132,0,0,0,1,335,132,0,1,0,1,1,0,503,593,580,500,496
b10-16-k19-x560-g580,27,1,336,132,0,0,0,0,335,132,0,1,0,1,1,0,503,593,580,500,496
b10-16-k19-x560-g580,28,0,336,132,0,0,0,0,336,132,0,1,0,1,1,0,503,535,580,500,496
b10-16-k19-x560-g580,29,1,337,132,0,0,0,0,336,132,0,1,0,1,1,0,503,535,580,500,496
b10-16-k19-x560-g580,30,0,337,132,0,0,0,0,337,132,0,1,0,1,1,0,503,517,580,500,496
b10-16-k19-x560-g580,31,1,338,132,0,0,0,0,337,132,0,1,0,1,1,0,503,517,580,500,496
b10-16-k19-x560-g580,32,0,339,132,0,0,0,0,338,132,0,1,0,1,1,0,503,512,580,500,496
b10-16-k19-x560-g580,33,1,340,132,0,0,0,0,339,132,0,1,0,1,1,0,503,517,580,500,496
b10-16-k19-x560-g580,34,0,341,136,0,0,0,0,340,136,0,1,0,1,1,0,503,517,580,500,496
b10-16-k19-x560-g580,35,1,341,137,0,0,0,0,341,137,0,1,0,1,1,0,503,525,580,500,496
b10-16-k19-x560-g580,36,0,342,137,0,0,0,0,341,137,0,1,0,1,1,0,503,525,580,500,496
b10-16-k19-x560-g580,37,1,342,137,-3,0,0,0,342,137,0,1,0,1,1,0,503,526,580,400,496
b10-16-k19-x560-g580,38,0,342,137,-2,0,0,0,342,137,0,1,0,1,1,0,503,526,580,400,496
b10-16-k19-x560-g580,39,1,343,137,-1,0,0,0,342,137,0,1,0,1,1,0,503,526,580,400,496
b10-16-k19-x560-g580,40,0,344,233,0,0,0,0,343,232,0,1,0,1,0,0,503,526,580,400,496
b10-17-k13-x540-g560,1,1,0,0,0,0,0,0,0,-1,0,-1,-1,0,0,0,500,540,560,500,500
b10-17-k13-x540-g560,2,0,0,65,0,0,0,0,0,-1,0,-1,-1,0,0,0,500,542,560,500,500
b10-17-k13-x540-g560,3,1,0,65,0,0,0,0,0,-1,0,-1,-1,0,0,0,500,544,560,500,500
b10-17-k13-x540-g560,4,0,0,61,0,0,0,0,0,-1,0,-1,-1,0,0,0,500,546,560,500,500
b10-17-k13-x540-g560,5,1,0,61,3,1,1,0,0,-1,0,-1,-1,0,0,0,500,548,560,500,498
b10-17-k13-x540-g560,6,0,1,61,2,0,0,0,0,-1,0,-1,-1,0,0,0,500,548,560,500,498
b10-17-k13-x540-g560,7,1,1,61,1,0,0,0,1,-1,0,-1,-1,0,0,0,500,548,560,500,498
b10-17-k13-x540-g560,8,0,1,61,0,0,0,0,1,-1,0,-1,-1,0,0,0,500,548,560,500,498
b10-17-k13-x540-g560,9,1,1,62,0,0,0,0,1,-1,0,-1,-1,0,0,0,500,550,560,500,498
b10-17-k13-x540-g560,10,0,1,62,0,0,0,0,1,-1,0,-1,-1,0,0,0,500,551,560,500,498
b10-17-k13-x540-g560,11,1,1,63,0,0,0,0,1,-1,0,-1,-1,0,0,0,500,551,560,500,498
b10-17-k13-x540-g560,12,0,2,66,0,0,0,0,1,-1,0,-1,-1,0,0,0,500,553,560,500,498
b10-17-k13-x540-g560,13,1,2,66,0,0,0,0,2,-1,0,-1,-1,0,0,0,500,555,560,500,498
b10-17-k13-x540-g560,14,0,60,67,0,0,0,0,60,-1,0,-1,-1,0,0,0,501,557,560,500,498
b10-17-k13-x540-g560,15,1,60,68,0,0,0,0,60,-1,0,-1,-1,0,0,0,502,558,560,500,498
b10-17-k13-x540-g560,16,0,320,68,3,1,1,0,320,-1,0,-1,-1,0,0,0,502,558,560,500,496
b10-17-k13-x540-g560,17,1,321,68,2,0,0,0,320,-1,0,-1,-1,0,0,0,502,558,560,500,496
b10-17-k13-x540-g560,18,0,322,68,1,0,0,0,321,-1,0,-1,-1,0,0,0,502,558,560,500,496
b10-17-k13-x540-g560,19,1,336,132,0,0,0,1,336,132,0,1,0,1,1,0,522,554,560,500,496
b10-17-k13-x540-g560,20,0,337,132,0,0,0,0,336,132,0,1,0,1,1,0,522,554,560,500,496
b10-17-k13-x540-g560,21,1,337,132,0,0,0,0,337,132,0,1,0,1,1,0,522,536,560,500,496
b10-17-k13-x540-g560,22,0,338,132,0,0,0,0,337,132,0,1,0,1,1,0,522,536,560,500,496
b10-17-k13-x540-g560,23,1,339,132,0,0,0,0,338,132,0,1,0,1,1,0,522,531,560,500,496
b10-17-k13-x540-g560,24,0,340,132,0,0,0,0,339,132,0,1,0,1,1,0,522,536,560,500,496
b10-17-k13-x540-g560,25,1,341,136,0,0,0,0,340,136,0,1,0,1,1,0,522,536,560,500,496
b10-17-k13-x540-g560,26,0,341,137,0,0,0,0,341,137,0,1,0,1,1,0,522,544,560,500,496
b10-17-k13-x540-g560,27,1,342,137,0,0,0,0,341,137,0,1,0,1,1,0,522,544,560,500,496
b10-17-k13-x540-g560,28,0,342,137,-3,0,0,0,342,137,0,1,0,1,1,0,522,545,560,400,496
b10-17-k13-x540-g560,29,1,342,137,-2,0,0,0,342,137,0,1,0,1,1,0,522,545,560,400,496
b10-17-k13-x540-g560,30,0,343,137,-1,0,0,0,342,137,0,1,0,1,1,0,522,545,560,400,496
b10-17-k13-x540-g560,31,1,344,233,0,0,0,0,343,232,0,1,0,1,0,0,522,545,560,400,496
b10-17-k13-x540-g560,32,0,344,233,0,0,0,0,344,-1,0,1,0,0,0,0,522,545,560,400,496
b10-17-k13-x540-g560,33,1,344,233,0,0,0,0,344,-1,0,1,0,0,0,0,522,545,560,400,496
b10-17-k13-x540-g560,34,0,344,233,0,0,0,0,344,-1,0,1,0,0,0,0,522,545,560,400,496
b10-17-k13-x540-g560,35,1,344,233,0,0,0,0,344,-1,0,1,0,0,0,0,522,545,560,400,496
b10-17-k13-x540-g560,36,0,344,233,0,0,0,0,344,-1,0,1,0,0,0,0,522,545,560,400,496
b10-17-k13-x540-g560,37,1,345,233,0,0,0,0,344,-1,0,1,0,0,0,0,522,545,560,400,496
b10-17-k13-x540-g560,38,0,345,233,0,0,0,0,345,-1,0,1,0,0,0,0,522,545,560,400,496
b10-17-k13-x540-g560,39,1,345,233,0,0,0,0,345,-1,0,1,0,0,0,0,522,545,560,400,496
b10-17-k13-x540-g560,40,0,345,233,0,0,0,0,345,-1,0,1,0,0,0,0,522,545,560,400,496
b10-17-k13-x560-g580,1,1,0,0,0,0,0,0,0,-1,0,-1,-1,0,0,0,500,560,580,500,500
b10-17-k13-x560-g580,2,0,0,65,0,0,0,0,0,-1,0,-1,-1,0,0,0,500,562,580,500,500
b10-17-k13-x560-g580,3,1,0,65,0,0,0,0,0,-1,0,-1,-1,0,0,0,500,564,580,500,500
b10-17-k13-x560-g580,4,0,0,61,0,0,0,0,0,-1,0,-1,-1,0,0,0,500,566,580,500,500
b10-17-k13-x560-g580,5,1,0,61,3,1,1,0,0,-1,0,-1,-1,0,0,0,500,568,580,500,498
b10-17-k13-x560-g580,6,0,1,61,2,0,0,0,0,-1,0,-1,-1,0,0,0,500,568,580,500,498
b10-17-k13-x560-g580,7,1,1,61,1,0,0,0,1,-1,0,-1,-1,0,0,0,500,568,580,500,498
b10-17-k13-x560-g580,8,0,1,61,0,0,0,0,1,-1,0,-1,-1,0,0,0,500,568,580,500,498
b10-17-k13-x560-g580,9,1,1,62,0,0,0,0,1,-1,0,-1,-1,0,0,0,500,570,580,500,498
b10-17-k13-x560-g580,10,0,1,62,0,0,0,0,1,-1,0,-1,-1,0,0,0,500,571,580,500,498
b10-17-k13-x560-g580,11,1,1,63,0,0,0,0,1,-1,0,-1,-1,0,0,0,500,571,580,500,498
b10-17-k13-x560-g580,12,0,2,66,0,0,0,0,1,-1,0,-1,-1,0,0,0,500,573,580,500,498
b10-17-k13-x560-g580,13,1,2,66,0,0,0,0,2,-1,0,-1,-1,0,0,0,500,575,580,500,498
b10-17-k13-x560-g580,14,0,60,67,0,0,0,0,60,-1,0,-1,-1,0,0,0,501,577,580,500,498
b10-17-k13-x560-g580,15,1,60,68,0,0,0,0,60,-1,0,-1,-1,0,0,0,502,578,580,500,498
b10-17-k13-x560-g580,16,0,320,68,3,1,1,0,320,-1,0,-1,-1,0,0,0,502,578,580,500,496
b10-17-k13-x560-g580,17,1,321,68,2,0,0,0,320,-1,0,-1,-1,0,0,0,502,578,580,500,496
b10-17-k13-x560-g580,18,0,322,68,1,0,0,0,321,-1,0,-1,-1,0,0,0,502,578,580,500,496
b10-17-k13-x560-g580,19,1,323,68,0,0,0,0,322,-1,0,-1,-1,0,0,0,502,578,580,500,496
b10-17-k13-x560-g580,20,0,335,132,0,0,0,1,335,132,0,1,0,1,1,0,503,593,580,500,496
b10-17-k13-x560-g580,21,1,336,132,0,0,0,0,335,132,0,1,0,1,1,0,503,593,580,500,496
b10-17-k13-x560-g580,22,0,336,132,0,0,0,0,336,132,0,1,0,1,1,0,503,535,580,500,496
b10-17-k13-x560-g580,23,1,337,132,0,0,0,0,336,132,0,1,0,1,1,0,503,535,580,500,496
b10-17-k13-x560-g580,24,0,337,132,0,0,0,0,337,132,0,1,0,1,1,0,503,517,580,500,496
b10-17-k13-x560-g580,25,1,338,132,0,0,0,0,337,132,0,1,0,1,1,0,503,517,580,500,496
b10-17-k13-x560-g580,26,0,339,132,0,0,0,0,338,132,0,1,0,1,1,0,503,512,580,500,496
b10-17-k13-x560-g580,27,1,340,132,0,0,0,0,339,132,0,1,0,1,1,0,503,517,580,500,496
b10-17-k13-x560-g580,28,0,341,136,0,0,0,0,340,136,0,1,0,1,1,0,503,517,580,500,496
b10-17-k13-x560-g580,29,1,341,137,0,0,0,0,341,137,0,1,0,1,1,0,503,525,580,500,496
b10-17-k13-x560-g580,30,0,342,137,0,0,0,0,341,137,0,1,0,1,1,0,503,525,580,500,496
b10-17-k13-x560-g580,31,1,342,137,-3,0,0,0,342,137,0,1,0,1,1,0,503,526,580,400,496
b10-17-k13-x560-g580,32,0,342,137,-2,0,0,0,342,137,0,1,0,1,1,0,503,526,580,400,496
b10-17-k13-x560-g580,33,1,343,137,-1,0,0,0,342,137,0,1,0,1,1,0,503,526,580,400,496
b10-17-k13-x560-g580,34,0,344,233,0,0,0,0,343,232,0,1,0,1,0,0,503,526,580,400,496
b10-17-k13-x560-g580,35,1,344,233,0,0,0,0,344,-1,0,1,0,0,0,0,503,526,580,400,496
b10-17-k13-x560-g580,36,0,344,233,0,0,0,0,344,-1,0,1,0,0,0,0,503,526,580,400,496
b10-17-k13-x560-g580,37,1,344,233,0,0,0,0,344,-1,0,1,0,0,0,0,503,526,580,400,496
b10-17-k13-x560-g580,38,0,344,233,0,0,0,0,344,-1,0,1,0,0,0,0,503,526,580,400,496
b10-17-k13-x560-g580,39,1,344,233,0,0,0,0,344,-1,0,1,0,0,0,0,503,526,580,400,496
b10-17-k13-x560-g580,40,0,345,233,0,0,0,0,344,-1,0,1,0,0,0,0,503,526,580,400,496
b10-17-k14-x540-g560,1,1,0,0,0,0,0,0,0,-1,0,-1,-1,0,0,0,500,540,560,500,500
b10-17-k14-x540-g560,2,0,0,65,0,0,0,0,0,-1,0,-1,-1,0,0,0,500,542,560,500,500
b10-17-k14-x540-g560,3,1,0,65,0,0,0,0,0,-1,0,-1,-1,0,0,0,500,544,560,500,500
b10-17-k14-x540-g560,4,0,0,61,0,0,0,0,0,-1,0,-1,-1,0,0,0,500,546,560,500,500
b10-17-k14-x540-g560,5,1,0,61,3,1,1,0,0,-1,0,-1,-1,0,0,0,500,548,560,500,498
b10-17-k14-x540-g560,6,0,1,61,2,0,0,0,0,-1,0,-1,-1,0,0,0,500,548,560,500,498
b10-17-k14-x540-g560,7,1,1,61,1,0,0,0,1,-1,0,-1,-1,0,0,0,500,548,560,500,498
b10-17-k14-x540-g560,8,0,1,61,0,0,0,0,1,-1,0,-1,-1,0,0,0,500,548,560,500,498
b10-17-k14-x540-g560,9,1,1,62,0,0,0,0,1,-1,0,-1,-1,0,0,0,500,550,560,500,498
b10-17-k14-x540-g560,10,0,1,62,0,0,0,0,1,-1,0,-1,-1,0,0,0,500,551,560,500,498
b10-17-k14-x540-g560,11,1,1,63,0,0,0,0,1,-1,0,-1,-1,0,0,0,500,551,560,500,498
b10-17-k14-x540-g560,12,0,2,66,0,0,0,0,1,-1,0,-1,-1,0,0,0,500,553,560,500,498
b10-17-k14-x540-g560,13,1,2,66,0,0,0,0,2,-1,0,-1,-1,0,0,0,500,555,560,500,498
b10-17-k14-x540-g560,14,0,60,67,0,0,0,0,60,-1,0,-1,-1,0,0,0,501,557,560,500,498
b10-17-k14-x540-g560,15,1,60,68,0,0,0,0,60,-1,0,-1,-1,0,0,0,502,558,560,500,498
b10-17-k14-x540-g560,16,0,320,68,3,1,1,0,320,-1,0,-1,-1,0,0,0,502,558,560,500,496
b10-17-k14-x540-g560,17,1,321,68,2,0,0,0,320,-1,0,-1,-1,0,0,0,502,558,560,500,496
b10-17-k14-x540-g560,18,0,322,68,1,0,0,0,321,-1,0,-1,-1,0,0,0,502,558,560,500,496
b10-17-k14-x540-g560,19,1,336,132,0,0,0,1,336,132,0,1,0,1,1,0,522,554,560,500,496
b10-17-k14-x540-g560,20,0,337,132,0,0,0,0,336,132,0,1,0,1,1,0,522,554,560,500,496
b10-17-k14-x540-g560,21,1,337,132,0,0,0,0,337,132,0,1,0,1,1,0,522,536,560,500,496
b10-17-k14-x540-g560,22,0,338,132,0,0,0,0,337,132,0,1,0,1,1,0,522,536,560,500,496
b10-17-k14-x540-g560,23,1,339,132,0,0,0,0,338,132,0,1,0,1,1,0,522,531,560,500,496
b10-17-k14-x540-g560,24,0,340,132,0,0,0,0,339,132,0,1,0,1,1,0,522,536,560,500,496
b10-17-k14-x540-g560,25,1,341,136,0,0,0,0,340,136,0,1,0,1,1,0,522,536,560,500,496
b10-17-k14-x540-g560,26,0,341,137,0,0,0,0,341,137,0,1,0,1,1,0,522,544,560,500,496
b10-17-k14-x540-g560,27,1,342,137,0,0,0,0,341,137,0,1,0,1,1,0,522,544,560,500,496
b10-17-k14-x540-g560,28,0,342,137,-3,0,0,0,342,137,0,1,0,1,1,0,522,545,560,400,496
b10-17-k14-x540-g560,29,1,342,137,-2,0,0,0,342,137,0,1,0,1,1,0,522,545,560,400,496
b10-17-k14-x540-g560,30,0,343,137,-1,0,0,0,342,137,0,1,0,1,1,0,522,545,560,400,496
b10-17-k14-x540-g560,31,1,344,233,0,0,0,0,343,232,0,1,0,1,0,0,522,545,560,400,496
b10-17-k14-x540-g560,32,0,344,233,0,0,0,0,344,-1,0,1,0,0,0,0,522,545,560,400,496
b10-17-k14-x540-g560,33,1,344,233,0,0,0,0,344,-1,0,1,0,0,0,0,522,545,560,400,496
b10-17-k14-x540-g560,34,0,344,233,0,0,0,0,344,-1,0,1,0,0,0,0,522,545,560,400,496
b10-17-k14-x540-g560,35,1,344,233,0,0,0,0,344,-1,0,1,0,0,0,0,522,545,560,400,496
b10-17-k14-x540-g560,36,0,344,233,0,0,0,0,344,-1,0,1,0,0,0,0,522,545,560,400,496
b10-17-k14-x540-g560,37,1,345,233,0,0,0,0,344,-1,0,1,0,0,0,0,522,545,560,400,496
b10-17-k14-x540-g560,38,0,345,233,0,0,0,0,345,-1,0,1,0,0,0,0,522,545,560,400,496
b10-17-k14-x540-g560,39,1,345,233,0,0,0,0,345,-1,0,1,0,0,0,0,522,545,560,400,496
b10-17-k14-x540-g560,40,0,345,233,0,0,0,0,345,-1,0,1,0,0,0,0,522,545,560,400,496
b10-17-k14-x560-g580,1,1,0,0,0,0,0,0,0,-1,0,-1,-1,0,0,0,500,560,580,500,500
b10-17-k14-x560-g580,2,0,0,65,0,0,0,0,0,-1,0,-1,-1,0,0,0,500,562,580,500,500
b10-17-k14-x560-g580,3,1,0,65,0,0,0,0,0,-1,0,-1,-1,0,0,0,500,564,580,500,500
b10-17-k14-x560-g580,4,0,0,61,0,0,0,0,0,-1,0,-1,-1,0,0,0,500,566,580,500,500
b10-17-k14-x560-g580,5,1,0,61,3,1,1,0,0,-1,0,-1,-1,0,0,0,500,568,580,500,498
b10-17-k14-x560-g580,6,0,1,61,2,0,0,0,0,-1,0,-1,-1,0,0,0,500,568,580,500,498
b10-17-k14-x560-g580,7,1,1,61,1,0,0,0,1,-1,0,-1,-1,0,0,0,500,568,580,500,498
b10-17-k14-x560-g580,8,0,1,61,0,0,0,0,1,-1,0,-1,-1,0,0,0,500,568,580,500,498
b10-17-k14-x560-g580,9,1,1,62,0,0,0,0,1,-1,0,-1,-1,0,0,0,500,570,580,500,498
b10-17-k14-x560-g580,10,0,1,62,0,0,0,0,1,-1,0,-1,-1,0,0,0,500,571,580,500,498
b10-17-k14-x560-g580,11,1,1,63,0,0,0,0,1,-1,0,-1,-1,0,0,0,500,571,580,500,498
b10-17-k14-x560-g580,12,0,2,66,0,0,0,0,1,-1,0,-1,-1,0,0,0,500,573,580,500,498
b10-17-k14-x560-g580,13,1,2,66,0,0,0,0,2,-1,0,-1,-1,0,0,0,500,575,580,500,498
b10-17-k14-x560-g580,14,0,60,67,0,0,0,0,60,-1,0,-1,-1,0,0,0,501,577,580,500,498
b10-17-k14-x560-g580,15,1,60,68,0,0,0,0,60,-1,0,-1,-1,0,0,0,502,578,580,500,498
b10-17-k14-x560-g580,16,0,320,68,3,1,1,0,320,-1,0,-1,-1,0,0,0,502,578,580,500,496
b10-17-k14-x560-g580,17,1,321,68,2,0,0,0,320,-1,0,-1,-1,0,0,0,502,578,580,500,496
b10-17-k14-x560-g580,18,0,322,68,1,0,0,0,321,-1,0,-1,-1,0,0,0,502,578,580,500,496
b10-17-k14-x560-g580,19,1,323,68,0,0,0,0,322,-1,0,-1,-1,0,0,0,502,578,580,500,496
b10-17-k14-x560-g580,20,0,335,132,0,0,0,1,335,132,0,1,0,1,1,0,503,593,580,500,496
b10-17-k14-x560-g580,21,1,336,132,0,0,0,0,335,132,0,1,0,1,1,0,503,593,580,500,496
b10-17-k14-x560-g580,22,0,336,132,0,0,0,0,336,132,0,1,0,1,1,0,503,535,580,500,496
b10-17-k14-x560-g580,23,1,337,132,0,0,0,0,336,132,0,1,0,1,1,0,503,535,580,500,496
b10-17-k14-x560-g580,24,0,337,132,0,0,0,0,337,132,0,1,0,1,1,0,503,517,580,500,496
b10-17-k14-x560-g580,25,1,338,132,0,0,0,0,337,132,0,1,0,1,1,0,503,517,580,500,496
b10-17-k14-x560-g580,26,0,339,132,0,0,0,0,338,132,0,1,0,1,1,0,503,512,580,500,496
b10-17-k14-x560-g580,27,1,340,132,0,0,0,0,339,132,0,1,0,1,1,0,503,517,580,500,496
b10-17-k14-x560-g580,28,0,341,136,0,0,0,0,340,136,0,1,0,1,1,0,503,517,580,500,496
b10-17-k14-x560-g580,29,1,341,137,0,0,0,0,341,137,0,1,0,1,1,0,503,525,580,500,496
b10-17-k14-x560-g580,30,0,342,137,0,0,0,0,341,137,0,1,0,1,1,0,503,525,580,500,496
b10-17-k14-x560-g580,31,1,342,137,-3,0,0,0,342,137,0,1,0,1,1,0,503,526,580,400,496
b10-17-k14-x560-g580,32,0,342,137,-2,0,0,0,342,137,0,1,0,1,1,0,503,526,580,400,496
b10-17-k14-x560-g580,33,1,343,137,-1,0,0,0,342,137,0,1,0,1,1,0,503,526,580,400,496
b10-17-k14-x560-g580,34,0,344,233,0,0,0,0,343,232,0,1,0,1,0,0,503,526,580,400,496
b10-17-k14-x560-g580,35,1,344,233,0,0,0,0,344,-1,0,1,0,0,0,0,503,526,580,400,496
b10-17-k14-x560-g580,36,0,344,233,0,0,0,0,344,-1,0,1,0,0,0,0,503,526,580,400,496
b10-17-k14-x560-g580,37,1,344,233,0,0,0,0,344,-1,0,1,0,0,0,0,503,526,580,400,496
b10-17-k14-x560-g580,38,0,344,233,0,0,0,0,344,-1,0,1,0,0,0,0,503,526,580,400,496
b10-17-k14-x560-g580,39,1,344,233,0,0,0,0,344,-1,0,1,0,0,0,0,503,526,580,400,496
b10-17-k14-x560-g580,40,0,345,233,0,0,0,0,344,-1,0,1,0,0,0,0,503,526,580,400,496
b10-17-k15-x540-g560,1,1,0,0,0,0,0,0,0,-1,0,-1,-1,0,0,0,500,540,560,500,500
b10-17-k15-x540-g560,2,0,0,65,0,0,0,0,0,-1,0,-1,-1,0,0,0,500,542,560,500,500
b10-17-k15-x540-g560,3,1,0,65,0,0,0,0,0,-1,0,-1,-1,0,0,0,500,544,560,500,500
b10-17-k15-x540-g560,4,0,0,61,0,0,0,0,0,-1,0,-1,-1,0,0,0,500,546,560,500,500
b10-17-k15-x540-g560,5,1,0,61,3,1,1,0,0,-1,0,-1,-1,0,0,0,500,548,560,500,498
b10-17-k15-x540-g560,6,0,1,61,2,0,0,0,0,-1,0,-1,-1,0,0,0,500,548,560,500,498
b10-17-k15-x540-g560,7,1,1,61,1,0,0,0,1,-1,0,-1,-1,0,0,0,500,548,560,500,498
b10-17-k15-x540-g560,8,0,1,61,0,0,0,0,1,-1,0,-1,-1,0,0,0,500,548,560,500,498
b10-17-k15-x540-g560,9,1,1,62,0,0,0,0,1,-1,0,-1,-1,0,0,0,500,550,560,500,498
b10-17-k15-x540-g560,10,0,1,62,0,0,0,0,1,-1,0,-1,-1,0,0,0,500,551,560,500,498
b10-17-k15-x540-g560,11,1,1,63,0,0,0,0,1,-1,0,-1,-1,0,0,0,500,551,560,500,498
b10-17-k15-x540-g560,12,0,2,66,0,0,0,0,1,-1,0,-1,-1,0,0,0,500,553,560,500,498
b10-17-k15-x540-g560,13,1,2,66,0,0,0,0,2,-1,0,-1,-1,0,0,0,500,555,560,500,498
b10-17-k15-x540-g560,14,0,2,67,0,0,0,0,2,-1,0,-1,-1,0,0,0,500,557,560,500,498
b10-17-k15-x540-g560,15,1,2,68,0,0,0,0,2,-1,0,-1,-1,0,0,0,500,558,560,500,498
b10-17-k15-x540-g560,16,0,60,68,3,1,1,0,60,-1,0,-1,-1,0,0,0,501,558,560,500,496
b10-17-k15-x540-g560,17,1,60,68,2,0,0,0,60,-1,0,-1,-1,0,0,0,502,558,560,500,496
b10-17-k15-x540-g560,18,0,320,68,1,0,0,0,320,-1,0,-1,-1,0,0,0,502,558,560,500,496
b10-17-k15-x540-g560,19,1,321,68,0,0,0,0,320,-1,0,-1,-1,0,0,0,502,558,560,500,496
b10-17-k15-x540-g560,20,0,322,69,0,0,0,0,321,-1,0,-1,-1,0,0,0,502,558,560,500,496
b10-17-k15-x540-g560,21,1,336,132,0,0,0,1,336,132,0,1,0,1,1,0,522,554,560,500,496
b10-17-k15-x540-g560,22,0,337,132,0,0,0,0,336,132,0,1,0,1,1,0,522,554,560,500,496
b10-17-k15-x540-g560,23,1,337,132,0,0,0,0,337,132,0,1,0,1,1,0,522,536,560,500,496
b10-17-k15-x540-g560,24,0,338,132,0,0,0,0,337,132,0,1,0,1,1,0,522,536,560,500,496
b10-17-k15-x540-g560,25,1,339,132,0,0,0,0,338,132,0,1,0,1,1,0,522,531,560,500,496
b10-17-k15-x540-g560,26,0,340,132,0,0,0,0,339,132,0,1,0,1,1,0,522,536,560,500,496
b10-17-k15-x540-g560,27,1,341,136,0,0,0,0,340,136,0,1,0,1,1,0,522,536,560,500,496
b10-17-k15-x540-g560,28,0,341,137,0,0,0,0,341,137,0,1,0,1,1,0,522,544,560,500,496
b10-17-k15-x540-g560,29,1,342,137,0,0,0,0,341,137,0,1,0,1,1,0,522,544,560,500,496
b10-17-k15-x540-g560,30,0,342,137,-3,0,0,0,342,137,0,1,0,1,1,0,522,545,560,400,496
b10-17-k15-x540-g560,31,1,342,137,-2,0,0,0,342,137,0,1,0,1,1,0,522,545,560,400,496
b10-17-k15-x540-g560,32,0,343,137,-1,0,0,0,342,137,0,1,0,1,1,0,522,545,560,400,496
b10-17-k15-x540-g560,33,1,344,233,0,0,0,0,343,232,0,1,0,1,0,0,522,545,560,400,496
b10-17-k15-x540-g560,34,0,344,233,0,0,0,0,344,-1,0,1,0,0,0,0,522,545,560,400,496
b10-17-k15-x540-g560,35,1,344,233,0,0,0,0,344,-1,0,1,0,0,0,0,522,545,560,400,496
b10-17-k15-x540-g560,36,0,344,233,0,0,0,0,344,-1,0,1,0,0,0,0,522,545,560,400,496
b10-17-k15-x540-g560,37,1,344,233,0,0,0,0,344,-1,0,1,0,0,0,0,522,545,560,400,496
b10-17-k15-x540-g560,38,0,344,233,0,0,0,0,344,-1,0,1,0,0,0,0,522,545,560,400,496
b10-17-k15-x540-g560,39,1,345,233,0,0,0,0,344,-1,0,1,0,0,0,0,522,545,560,400,496
b10-17-k15-x540-g560,40,0,345,233,0,0,0,0,345,-1,0,1,0,0,0,0,522,545,560,400,496
b10-17-k15-x560-g580,1,1,0,0,0,0,0,0,0,-1,0,-1,-1,0,0,0,500,560,580,500,500
b10-17-k15-x560-g580,2,0,0,65,0,0,0,0,0,-1,0,-1,-1,0,0,0,500,562,580,500,500
b10-17-k15-x560-g580,3,1,0,65,0,0,0,0,0,-1,0,-1,-1,0,0,0,500,564,580,500,500
b10-17-k15-x560-g580,4,0,0,61,0,0,0,0,0,-1,0,-1,-1,0,0,0,500,566,580,500,500
b10-17-k15-x560-g580,5,1,0,61,3,1,1,0,0,-1,0,-1,-1,0,0,0,500,568,580,500,498
b10-17-k15-x560-g580,6,0,1,61,2,0,0,0,0,-1,0,-1,-1,0,0,0,500,568,580,500,498
b10-17-k15-x560-g580,7,1,1,61,1,0,0,0,1,-1,0,-1,-1,0,0,0,500,568,580,500,498
b10-17-k15-x560-g580,8,0,1,61,0,0,0,0,1,-1,0,-1,-1,0,0,0,500,568,580,500,498
b10-17-k15-x560-g580,9,1,1,62,0,0,0,0,1,-1,0,-1,-1,0,0,0,500,570,580,500,498
b10-17-k15-x560-g580,10,0,1,62,0,0,0,0,1,-1,0,-1,-1,0,0,0,500,571,580,500,498
b10-17-k15-x560-g580,11,1,1,63,0,0,0,0,1,-1,0,-1,-1,0,0,0,500,571,580,500,498
b10-17-k15-x560-g580,12,0,2,66,0,0,0,0,1,-1,0,-1,-1,0,0,0,500,573,580,500,498
b10-17-k15-x560-g580,13,1,2,66,0,0,0,0,2,-1,0,-1,-1,0,0,0,500,575,580,500,498
b10-17-k15-x560-g580,14,0,2,67,0,0,0,0,2,-1,0,-1,-1,0,0,0,500,577,580,500,498
b10-17-k15-x560-g580,15,1,2,68,0,0,0,0,2,-1,0,-1,-1,0,0,0,500,578,580,500,498
b10-17-k15-x560-g580,16,0,60,68,3,1,1,0,60,-1,0,-1,-1,0,0,0,501,578,580,500,496
b10-17-k15-x560-g580,17,1,60,68,2,0,0,0,60,-1,0,-1,-1,0,0,0,502,578,580,500,496
b10-17-k15-x560-g580,18,0,320,68,1,0,0,0,320,-1,0,-1,-1,0,0,0,502,578,580,500,496
b10-17-k15-x560-g580,19,1,321,68,0,0,0,0,320,-1,0,-1,-1,0,0,0,502,578,580,500,496
b10-17-k15-x560-g580,20,0,322,69,0,0,0,0,321,-1,0,-1,-1,0,0,0,502,578,580,500,496
b10-17-k15-x560-g580,21,1,323,70,0,0,0,0,322,-1,0,-1,-1,0,0,0,502,578,580,500,496
b10-17-k15-x560-g580,22,0,335,132,0,0,0,1,335,132,0,1,0,1,1,0,503,593,580,500,496
b10-17-k15-x560-g580,23,1,336,132,0,0,0,0,335,132,0,1,0,1,1,0,503,593,580,500,496
b10-17-k15-x560-g580,24,0,336,132,0,0,0,0,336,132,0,1,0,1,1,0,503,535,580,500,496
b10-17-k15-x560-g580,25,1,337,132,0,0,0,0,336,132,0,1,0,1,1,0,503,535,580,500,496
b10-17-k15-x560-g580,26,0,337,132,0,0,0,0,337,132,0,1,0,1,1,0,503,517,580,500,496
b10-17-k15-x560-g580,27,1,338,132,0,0,0,0,337,132,0,1,0,1,1,0,503,517,580,500,496
b10-17-k15-x560-g580,28,0,339,132,0,0,0,0,338,132,0,1,0,1,1,0,503,512,580,500,496
b10-17-k15-x560-g580,29,1,340,132,0,0,0,0,339,132,0,1,0,1,1,0,503,517,580,500,496
b10-17-k15-x560-g580,30,0,341,136,0,0,0,0,340,136,0,1,0,1,1,0,503,517,580,500,496
b10-17-k15-x560-g580,31,1,341,137,0,0,0,0,341,137,0,1,0,1,1,0,503,525,580,500,496
b10-17-k15-x560-g580,32,0,342,137,0,0,0,0,341,137,0,1,0,1,1,0,503,525,580,500,496
b10-17-k15-x560-g580,33,1,342,137,-3,0,0,0,342,137,0,1,0,1,1,0,503,526,580,400,496
b10-17-k15-x560-g580,34,0,342,137,-2,0,0,0,342,137,0,1,0,1,1,0,503,526,580,400,496
b10-17-k15-x560-g580,35,1,343,137,-1,0,0,0,342,137,0,1,0,1,1,0,503,526,580,400,496
b10-17-k15-x560-g580,36,0,344,233,0,0,0,0,343,232,0,1,0,1,0,0,503,526,580,400,496
b10-17-k15-x560-g580,37,1,344,233,0,0,0,0,344,-1,0,1,0,0,0,0,503,526,580,400,496
b10-17-k15-x560-g580,38,0,344,233,0,0,0,0,344,-1,0,1,0,0,0,0,503,526,580,400,496
b10-17-k15-x560-g580,39,1,344,233,0,0,0,0,344,-1,0,1,0,0,0,0,503,526,580,400,496
b10-17-k15-x560-g580,40,0,344,233,0,0,0,0,344,-1,0,1,0,0,0,0,503,526,580,400,496
b10-17-k16-x540-g560,1,1,0,0,0,0,0,0,0,-1,0,-1,-1,0,0,0,500,540,560,500,500
b10-17-k16-x540-g560,2,0,0,65,0,0,0,0,0,-1,0,-1,-1,0,0,0,500,542,560,500,500
b10-17-k16-x540-g560,3,1,0,65,0,0,0,0,0,-1,0,-1,-1,0,0,0,500,544,560,500,500
b10-17-k16-x540-g560,4,0,0,61,0,0,0,0,0,-1,0,-1,-1,0,0,0,500,546,560,500,500
b10-17-k16-x540-g560,5,1,0,61,3,1,1,0,0,-1,0,-1,-1,0,0,0,500,548,560,500,498
b10-17-k16-x540-g560,6,0,1,61,2,0,0,0,0,-1,0,-1,-1,0,0,0,500,548,560,500,498
b10-17-k16-x540-g560,7,1,1,61,1,0,0,0,1,-1,0,-1,-1,0,0,0,500,548,560,500,498
b10-17-k16-x540-g560,8,0,1,61,0,0,0,0,1,-1,0,-1,-1,0,0,0,500,548,560,500,498
b10-17-k16-x540-g560,9,1,1,62,0,0,0,0,1,-1,0,-1,-1,0,0,0,500,550,560,500,498
b10-17-k16-x540-g560,10,0,1,62,0,0,0,0,1,-1,0,-1,-1,0,0,0,500,551,560,500,498
b10-17-k16-x540-g560,11,1,1,63,0,0,0,0,1,-1,0,-1,-1,0,0,0,500,551,560,500,498
b10-17-k16-x540-g560,12,0,2,66,0,0,0,0,1,-1,0,-1,-1,0,0,0,500,553,560,500,498
b10-17-k16-x540-g560,13,1,2,66,0,0,0,0,2,-1,0,-1,-1,0,0,0,500,555,560,500,498
b10-17-k16-x540-g560,14,0,2,67,0,0,0,0,2,-1,0,-1,-1,0,0,0,500,557,560,500,498
b10-17-k16-x540-g560,15,1,2,68,0,0,0,0,2,-1,0,-1,-1,0,0,0,500,558,560,500,498
b10-17-k16-x540-g560,16,0,60,68,3,1,1,0,60,-1,0,-1,-1,0,0,0,501,558,560,500,496
b10-17-k16-x540-g560,17,1,60,68,2,0,0,0,60,-1,0,-1,-1,0,0,0,502,558,560,500,496
b10-17-k16-x540-g560,18,0,320,68,1,0,0,0,320,-1,0,-1,-1,0,0,0,502,558,560,500,496
b10-17-k16-x540-g560,19,1,321,68,0,0,0,0,320,-1,0,-1,-1,0,0,0,502,558,560,500,496
b10-17-k16-x540-g560,20,0,322,69,0,0,0,0,321,-1,0,-1,-1,0,0,0,502,558,560,500,496
b10-17-k16-x540-g560,21,1,336,132,0,0,0,1,336,132,0,1,0,1,1,0,522,554,560,500,496
b10-17-k16-x540-g560,22,0,337,132,0,0,0,0,336,132,0,1,0,1,1,0,522,554,560,500,496
b10-17-k16-x540-g560,23,1,337,132,0,0,0,0,337,132,0,1,0,1,1,0,522,536,560,500,496
b10-17-k16-x540-g560,24,0,338,132,0,0,0,0,337,132,0,1,0,1,1,0,522,536,560,500,496
b10-17-k16-x540-g560,25,1,339,132,0,0,0,0,338,132,0,1,0,1,1,0,522,531,560,500,496
b10-17-k16-x540-g560,26,0,340,132,0,0,0,0,339,132,0,1,0,1,1,0,522,536,560,500,496
b10-17-k16-x540-g560,27,1,341,136,0,0,0,0,340,136,0,1,0,1,1,0,522,536,560,500,496
b10-17-k16-x540-g560,28,0,341,137,0,0,0,0,341,137,0,1,0,1,1,0,522,544,560,500,496
b10-17-k16-x540-g560,29,1,342,137,0,0,0,0,341,137,0,1,0,1,1,0,522,544,560,500,496
b10-17-k16-x540-g560,30,0,342,137,-3,0,0,0,342,137,0,1,0,1,1,0,522,545,560,400,496
b10-17-k16-x540-g560,31,1,342,137,-2,0,0,0,342,137,0,1,0,1,1,0,522,545,560,400,496
b10-17-k16-x540-g560,32,0,343,137,-1,0,0,0,342,137,0,1,0,1,1,0,522,545,560,400,496
b10-17-k16-x540-g560,33,1,344,233,0,0,0,0,343,232,0,1,0,1,0,0,522,545,560,400,496
b10-17-k16-x540-g560,34,0,344,233,0,0,0,0,344,-1,0,1,0,0,0,0,522,545,560,400,496
b10-17-k16-x540-g560,35,1,344,233,0,0,0,0,344,-1,0,1,0,0,0,0,522,545,560,400,496
b10-17-k16-x540-g560,36,0,344,233,0,0,0,0,344,-1,0,1,0,0,0,0,522,545,560,400,496
b10-17-k16-x540-g560,37,1,344,233,0,0,0,0,344,-1,0,1,0,0,0,0,522,545,560,400,496
b10-17-k16-x540-g560,38,0,344,233,0,0,0,0,344,-1,0,1,0,0,0,0,522,545,560,400,496
b10-17-k16-x540-g560,39,1,345,233,0,0,0,0,344,-1,0,1,0,0,0,0,522,545,560,400,496
b10-17-k16-x540-g560,40,0,345,233,0,0,0,0,345,-1,0,1,0,0,0,0,522,545,560,400,496
b10-17-k16-x560-g580,1,1,0,0,0,0,0,0,0,-1,0,-1,-1,0,0,0,500,560,580,500,500
b10-17-k16-x560-g580,2,0,0,65,0,0,0,0,0,-1,0,-1,-1,0,0,0,500,562,580,500,500
b10-17-k16-x560-g580,3,1,0,65,0,0,0,0,0,-1,0,-1,-1,0,0,0,500,564,580,500,500
b10-17-k16-x560-g580,4,0,0,61,0,0,0,0,0,-1,0,-1,-1,0,0,0,500,566,580,500,500
b10-17-k16-x560-g580,5,1,0,61,3,1,1,0,0,-1,0,-1,-1,0,0,0,500,568,580,500,498
b10-17-k16-x560-g580,6,0,1,61,2,0,0,0,0,-1,0,-1,-1,0,0,0,500,568,580,500,498
b10-17-k16-x560-g580,7,1,1,61,1,0,0,0,1,-1,0,-1,-1,0,0,0,500,568,580,500,498
b10-17-k16-x560-g580,8,0,1,61,0,0,0,0,1,-1,0,-1,-1,0,0,0,500,568,580,500,498
b10-17-k16-x560-g580,9,1,1,62,0,0,0,0,1,-1,0,-1,-1,0,0,0,500,570,580,500,498
b10-17-k16-x560-g580,10,0,1,62,0,0,0,0,1,-1,0,-1,-1,0,0,0,500,571,580,500,498
b10-17-k16-x560-g580,11,1,1,63,0,0,0,0,1,-1,0,-1,-1,0,0,0,500,571,580,500,498
b10-17-k16-x560-g580,12,0,2,66,0,0,0,0,1,-1,0,-1,-1,0,0,0,500,573,580,500,498
b10-17-k16-x560-g580,13,1,2,66,0,0,0,0,2,-1,0,-1,-1,0,0,0,500,575,580,500,498
b10-17-k16-x560-g580,14,0,2,67,0,0,0,0,2,-1,0,-1,-1,0,0,0,500,577,580,500,498
b10-17-k16-x560-g580,15,1,2,68,0,0,0,0,2,-1,0,-1,-1,0,0,0,500,578,580,500,498
b10-17-k16-x560-g580,16,0,60,68,3,1,1,0,60,-1,0,-1,-1,0,0,0,501,578,580,500,496
b10-17-k16-x560-g580,17,1,60,68,2,0,0,0,60,-1,0,-1,-1,0,0,0,502,578,580,500,496
b10-17-k16-x560-g580,18,0,320,68,1,0,0,0,320,-1,0,-1,-1,0,0,0,502,578,580,500,496
b10-17-k16-x560-g580,19,1,321,68,0,0,0,0,320,-1,0,-1,-1,0,0,0,502,578,580,500,496
b10-17-k16-x560-g580,20,0,322,69,0,0,0,0,321,-1,0,-1,-1,0,0,0,502,578,580,500,496
b10-17-k16-x560-g580,21,1,323,70,0,0,0,0,322,-1,0,-1,-1,0,0,0,502,578,580,500,496
b10-17-k16-x560-g580,22,0,335,132,0,0,0,1,335,132,0,1,0,1,1,0,503,593,580,500,496
b10-17-k16-x560-g580,23,1,336,132,0,0,0,0,335,132,0,1,0,1,1,0,503,593,580,500,496
b10-17-k16-x560-g580,24,0,336,132,0,0,0,0,336,132,0,1,0,1,1,0,503,535,580,500,496
b10-17-k16-x560-g580,25,1,337,132,0,0,0,0,336,132,0,1,0,1,1,0,503,535,580,500,496
b10-17-k16-x560-g580,26,0,337,132,0,0,0,0,337,132,0,1,0,1,1,0,503,517,580,500,496
b10-17-k16-x560-g580,27,1,338,132,0,0,0,0,337,132,0,1,0,1,1,0,503,517,580,500,496
b10-17-k16-x560-g580,28,0,339,132,0,0,0,0,338,132,0,1,0,1,1,0,503,512,580,500,496
b10-17-k16-x560-g580,29,1,340,132,0,0,0,0,339,132,0,1,0,1,1,0,503,517,580,500,496
b10-17-k16-x560-g580,30,0,341,136,0,0,0,0,340,136,0,1,0,1,1,0,503,517,580,500,496
b10-17-k16-x560-g580,31,1,341,137,0,0,0,0,341,137,0,1,0,1,1,0,503,525,580,500,496
b10-17-k16-x560-g580,32,0,342,137,0,0,0,0,341,137,0,1,0,1,1,0,503,525,580,500,496
b10-17-k16-x560-g580,33,1,342,137,-3,0,0,0,342,137,0,1,0,1,1,0,503,526,580,400,496
b10-17-k16-x560-g580,34,0,342,137,-2,0,0,0,342,137,0,1,0,1,1,0,503,526,580,400,496
b10-17-k16-x560-g580,35,1,343,137,-1,0,0,0,342,137,0,1,0,1,1,0,503,526,580,400,496
b10-17-k16-x560-g580,36,0,344,233,0,0,0,0,343,232,0,1,0,1,0,0,503,526,580,400,496
b10-17-k16-x560-g580,37,1,344,233,0,0,0,0,344,-1,0,1,0,0,0,0,503,526,580,400,496
b10-17-k16-x560-g580,38,0,344,233,0,0,0,0,344,-1,0,1,0,0,0,0,503,526,580,400,496
b10-17-k16-x560-g580,39,1,344,233,0,0,0,0,344,-1,0,1,0,0,0,0,503,526,580,400,496
b10-17-k16-x560-g580,40,0,344,233,0,0,0,0,344,-1,0,1,0,0,0,0,503,526,580,400,496
b10-17-k17-x540-g560,1,1,0,0,0,0,0,0,0,-1,0,-1,-1,0,0,0,500,540,560,500,500
b10-17-k17-x540-g560,2,0,0,65,0,0,0,0,0,-1,0,-1,-1,0,0,0,500,542,560,500,500
b10-17-k17-x540-g560,3,1,0,65,0,0,0,0,0,-1,0,-1,-1,0,0,0,500,544,560,500,500
b10-17-k17-x540-g560,4,0,0,61,0,0,0,0,0,-1,0,-1,-1,0,0,0,500,546,560,500,500
b10-17-k17-x540-g560,5,1,0,61,3,1,1,0,0,-1,0,-1,-1,0,0,0,500,548,560,500,498
b10-17-k17-x540-g560,6,0,1,61,2,0,0,0,0,-1,0,-1,-1,0,0,0,500,548,560,500,498
b10-17-k17-x540-g560,7,1,1,61,1,0,0,0,1,-1,0,-1,-1,0,0,0,500,548,560,500,498
b10-17-k17-x540-g560,8,0,1,61,0,0,0,0,1,-1,0,-1,-1,0,0,0,500,548,560,500,498
b10-17-k17-x540-g560,9,1,1,62,0,0,0,0,1,-1,0,-1,-1,0,0,0,500,550,560,500,498
b10-17-k17-x540-g560,10,0,1,62,0,0,0,0,1,-1,0,-1,-1,0,0,0,500,551,560,500,498
b10-17-k17-x540-g560,11,1,1,63,0,0,0,0,1,-1,0,-1,-1,0,0,0,500,551,560,500,498
b10-17-k17-x540-g560,12,0,2,66,0,0,0,0,1,-1,0,-1,-1,0,0,0,500,553,560,500,498
b10-17-k17-x540-g560,13,1,2,66,0,0,0,0,2,-1,0,-1,-1,0,0,0,500,555,560,500,498
b10-17-k17-x540-g560,14,0,2,67,0,0,0,0,2,-1,0,-1,-1,0,0,0,500,557,560,500,498
b10-17-k17-x540-g560,15,1,2,68,0,0,0,0,2,-1,0,-1,-1,0,0,0,500,558,560,500,498
b10-17-k17-x540-g560,16,0,2,68,3,1,1,0,2,-1,0,-1,-1,0,0,0,500,558,560,500,496
b10-17-k17-x540-g560,17,1,2,68,2,0,0,0,2,-1,0,-1,-1,0,0,0,500,558,560,500,496
b10-17-k17-x540-g560,18,0,60,68,1,0,0,0,60,-1,0,-1,-1,0,0,0,501,558,560,500,496
b10-17-k17-x540-g560,19,1,60,68,0,0,0,0,60,-1,0,-1,-1,0,0,0,502,558,560,500,496
b10-17-k17-x540-g560,20,0,320,69,0,0,0,0,320,-1,0,-1,-1,0,0,0,502,558,560,500,496
b10-17-k17-x540-g560,21,1,321,70,0,0,0,0,320,-1,0,-1,-1,0,0,0,502,558,560,500,496
b10-17-k17-x540-g560,22,0,322,71,0,0,0,0,321,-1,0,-1,-1,0,0,0,502,558,560,500,496
b10-17-k17-x540-g560,23,1,336,132,0,0,0,1,336,132,0,1,0,1,1,0,522,554,560,500,496
b10-17-k17-x540-g560,24,0,337,132,0,0,0,0,336,132,0,1,0,1,1,0,522,554,560,500,496
b10-17-k17-x540-g560,25,1,337,132,0,0,0,0,337,132,0,1,0,1,1,0,522,536,560,500,496
b10-17-k17-x540-g560,26,0,338,132,0,0,0,0,337,132,0,1,0,1,1,0,522,536,560,500,496
b10-17-k17-x540-g560,27,1,339,132,0,0,0,0,338,132,0,1,0,1,1,0,522,531,560,500,496
b10-17-k17-x540-g560,28,0,340,132,0,0,0,0,339,132,0,1,0,1,1,0,522,536,560,500,496
b10-17-k17-x540-g560,29,1,341,136,0,0,0,0,340,136,0,1,0,1,1,0,522,536,560,500,496
b10-17-k17-x540-g560,30,0,341,137,0,0,0,0,341,137,0,1,0,1,1,0,522,544,560,500,496
b10-17-k17-x540-g560,31,1,342,137,0,0,0,0,341,137,0,1,0,1,1,0,522,544,560,500,496
b10-17-k17-x540-g560,32,0,342,137,-3,0,0,0,342,137,0,1,0,1,1,0,522,545,560,400,496
b10-17-k17-x540-g560,33,1,342,137,-2,0,0,0,342,137,0,1,0,1,1,0,522,545,560,400,496
b10-17-k17-x540-g560,34,0,343,137,-1,0,0,0,342,137,0,1,0,1,1,0,522,545,560,400,496
b10-17-k17-x540-g560,35,1,344,233,0,0,0,0,343,232,0,1,0,1,0,0,522,545,560,400,496
b10-17-k17-x540-g560,36,0,344,233,0,0,0,0,344,-1,0,1,0,0,0,0,522,545,560,400,496
b10-17-k17-x540-g560,37,1,344,233,0,0,0,0,344,-1,0,1,0,0,0,0,522,545,560,400,496
b10-17-k17-x540-g560,38,0,344,233,0,0,0,0,344,-1,0,1,0,0,0,0,522,545,560,400,496
b10-17-k17-x540-g560,39,1,344,233,0,0,0,0,344,-1,0,1,0,0,0,0,522,545,560,400,496
b10-17-k17-x540-g560,40,0,344,233,0,0,0,0,344,-1,0,1,0,0,0,0,522,545,560,400,496
b10-17-k17-x560-g580,1,1,0,0,0,0,0,0,0,-1,0,-1,-1,0,0,0,500,560,580,500,500
b10-17-k17-x560-g580,2,0,0,65,0,0,0,0,0,-1,0,-1,-1,0,0,0,500,562,580,500,500
b10-17-k17-x560-g580,3,1,0,65,0,0,0,0,0,-1,0,-1,-1,0,0,0,500,564,580,500,500
b10-17-k17-x560-g580,4,0,0,61,0,0,0,0,0,-1,0,-1,-1,0,0,0,500,566,580,500,500
b10-17-k17-x560-g580,5,1,0,61,3,1,1,0,0,-1,0,-1,-1,0,0,0,500,568,580,500,498
b10-17-k17-x560-g580,6,0,1,61,2,0,0,0,0,-1,0,-1,-1,0,0,0,500,568,580,500,498
b10-17-k17-x560-g580,7,1,1,61,1,0,0,0,1,-1,0,-1,-1,0,0,0,500,568,580,500,498
b10-17-k17-x560-g580,8,0,1,61,0,0,0,0,1,-1,0,-1,-1,0,0,0,500,568,580,500,498
b10-17-k17-x560-g580,9,1,1,62,0,0,0,0,1,-1,0,-1,-1,0,0,0,500,570,580,500,498
b10-17-k17-x560-g580,10,0,1,62,0,0,0,0,1,-1,0,-1,-1,0,0,0,500,571,580,500,498
b10-17-k17-x560-g580,11,1,1,63,0,0,0,0,1,-1,0,-1,-1,0,0,0,500,571,580,500,498
b10-17-k17-x560-g580,12,0,2,66,0,0,0,0,1,-1,0,-1,-1,0,0,0,500,573,580,500,498
b10-17-k17-x560-g580,13,1,2,66,0,0,0,0,2,-1,0,-1,-1,0,0,0,500,575,580,500,498
b10-17-k17-x560-g580,14,0,2,67,0,0,0,0,2,-1,0,-1,-1,0,0,0,500,577,580,500,498
b10-17-k17-x560-g580,15,1,2,68,0,0,0,0,2,-1,0,-1,-1,0,0,0,500,578,580,500,498
b10-17-k17-x560-g580,16,0,2,68,3,1,1,0,2,-1,0,-1,-1,0,0,0,500,578,580,500,496
b10-17-k17-x560-g580,17,1,2,68,2,0,0,0,2,-1,0,-1,-1,0,0,0,500,578,580,500,496
b10-17-k17-x560-g580,18,0,60,68,1,0,0,0,60,-1,0,-1,-1,0,0,0,501,578,580,500,496
b10-17-k17-x560-g580,19,1,60,68,0,0,0,0,60,-1,0,-1,-1,0,0,0,502,578,580,500,496
b10-17-k17-x560-g580,20,0,320,69,0,0,0,0,320,-1,0,-1,-1,0,0,0,502,578,580,500,496
b10-17-k17-x560-g580,21,1,321,70,0,0,0,0,320,-1,0,-1,-1,0,0,0,502,578,580,500,496
b10-17-k17-x560-g580,22,0,322,71,0,0,0,0,321,-1,0,-1,-1,0,0,0,502,578,580,500,496
b10-17-k17-x560-g580,23,1,323,72,0,0,0,0,322,-1,0,-1,-1,0,0,0,502,578,580,500,496
b10-17-k17-x560-g580,24,0,335,132,0,0,0,1,335,132,0,1,0,1,1,0,504,594,580,500,496
b10-17-k17-x560-g580,25,1,336,132,0,0,0,0,335,132,0,1,0,1,1,0,504,594,580,500,496
b10-17-k17-x560-g580,26,0,336,132,0,0,0,0,336,132,0,1,0,1,1,0,504,536,580,500,496
b10-17-k17-x560-g580,27,1,337,132,0,0,0,0,336,132,0,1,0,1,1,0,504,536,580,500,496
b10-17-k17-x560-g580,28,0,337,132,0,0,0,0,337,132,0,1,0,1,1,0,504,518,580,500,496
b10-17-k17-x560-g580,29,1,338,132,0,0,0,0,337,132,0,1,0,1,1,0,504,518,580,500,496
b10-17-k17-x560-g580,30,0,339,132,0,0,0,0,338,132,0,1,0,1,1,0,504,513,580,500,496
b10-17-k17-x560-g580,31,1,340,132,0,0,0,0,339,132,0,1,0,1,1,0,504,518,580,500,496
b10-17-k17-x560-g580,32,0,341,136,0,0,0,0,340,136,0,1,0,1,1,0,504,518,580,500,496
b10-17-k17-x560-g580,33,1,341,137,0,0,0,0,341,137,0,1,0,1,1,0,504,526,580,500,496
b10-17-k17-x560-g580,34,0,342,137,0,0,0,0,341,137,0,1,0,1,1,0,504,526,580,500,496
b10-17-k17-x560-g580,35,1,342,137,-3,0,0,0,342,137,0,1,0,1,1,0,504,527,580,400,496
b10-17-k17-x560-g580,36,0,342,137,-2,0,0,0,342,137,0,1,0,1,1,0,504,527,580,400,496
b10-17-k17-x560-g580,37,1,343,137,-1,0,0,0,342,137,0,1,0,1,1,0,504,527,580,400,496
b10-17-k17-x560-g580,38,0,344,233,0,0,0,0,343,232,0,1,0,1,0,0,504,527,580,400,496
b10-17-k17-x560-g580,39,1,344,233,0,0,0,0,344,-1,0,1,0,0,0,0,504,527,580,400,496
b10-17-k17-x560-g580,40,0,344,233,0,0,0,0,344,-1,0,1,0,0,0,0,504,527,580,400,496
b10-17-k18-x540-g560,1,1,0,0,0,0,0,0,0,-1,0,-1,-1,0,0,0,500,540,560,500,500
b10-17-k18-x540-g560,2,0,0,65,0,0,0,0,0,-1,0,-1,-1,0,0,0,500,542,560,500,500
b10-17-k18-x540-g560,3,1,0,65,0,0,0,0,0,-1,0,-1,-1,0,0,0,500,544,560,500,500
b10-17-k18-x540-g560,4,0,0,61,0,0,0,0,0,-1,0,-1,-1,0,0,0,500,546,560,500,500
b10-17-k18-x540-g560,5,1,0,61,3,1,1,0,0,-1,0,-1,-1,0,0,0,500,548,560,500,498
b10-17-k18-x540-g560,6,0,1,61,2,0,0,0,0,-1,0,-1,-1,0,0,0,500,548,560,500,498
b10-17-k18-x540-g560,7,1,1,61,1,0,0,0,1,-1,0,-1,-1,0,0,0,500,548,560,500,498
b10-17-k18-x540-g560,8,0,1,61,0,0,0,0,1,-1,0,-1,-1,0,0,0,500,548,560,500,498
b10-17-k18-x540-g560,9,1,1,62,0,0,0,0,1,-1,0,-1,-1,0,0,0,500,550,560,500,498
b10-17-k18-x540-g560,10,0,1,62,0,0,0,0,1,-1,0,-1,-1,0,0,0,500,551,560,500,498
b10-17-k18-x540-g560,11,1,1,63,0,0,0,0,1,-1,0,-1,-1,0,0,0,500,551,560,500,498
b10-17-k18-x540-g560,12,0,2,66,0,0,0,0,1,-1,0,-1,-1,0,0,0,500,553,560,500,498
b10-17-k18-x540-g560,13,1,2,66,0,0,0,0,2,-1,0,-1,-1,0,0,0,500,555,560,500,498
b10-17-k18-x540-g560,14,0,2,67,0,0,0,0,2,-1,0,-1,-1,0,0,0,500,557,560,500,498
b10-17-k18-x540-g560,15,1,2,68,0,0,0,0,2,-1,0,-1,-1,0,0,0,500,558,560,500,498
b10-17-k18-x540-g560,16,0,2,68,3,1,1,0,2,-1,0,-1,-1,0,0,0,500,558,560,500,496
b10-17-k18-x540-g560,17,1,2,68,2,0,0,0,2,-1,0,-1,-1,0,0,0,500,558,560,500,496
b10-17-k18-x540-g560,18,0,60,68,1,0,0,0,60,-1,0,-1,-1,0,0,0,501,558,560,500,496
b10-17-k18-x540-g560,19,1,60,68,0,0,0,0,60,-1,0,-1,-1,0,0,0,502,558,560,500,496
b10-17-k18-x540-g560,20,0,320,69,0,0,0,0,320,-1,0,-1,-1,0,0,0,502,558,560,500,496
b10-17-k18-x540-g560,21,1,321,70,0,0,0,0,320,-1,0,-1,-1,0,0,0,502,558,560,500,496
b10-17-k18-x540-g560,22,0,322,71,0,0,0,0,321,-1,0,-1,-1,0,0,0,502,558,560,500,496
b10-17-k18-x540-g560,23,1,336,132,0,0,0,1,336,132,0,1,0,1,1,0,522,554,560,500,496
b10-17-k18-x540-g560,24,0,337,132,0,0,0,0,336,132,0,1,0,1,1,0,522,554,560,500,496
b10-17-k18-x540-g560,25,1,337,132,0,0,0,0,337,132,0,1,0,1,1,0,522,536,560,500,496
b10-17-k18-x540-g560,26,0,338,132,0,0,0,0,337,132,0,1,0,1,1,0,522,536,560,500,496
b10-17-k18-x540-g560,27,1,339,132,0,0,0,0,338,132,0,1,0,1,1,0,522,531,560,500,496
b10-17-k18-x540-g560,28,0,340,132,0,0,0,0,339,132,0,1,0,1,1,0,522,536,560,500,496
b10-17-k18-x540-g560,29,1,341,136,0,0,0,0,340,136,0,1,0,1,1,0,522,536,560,500,496
b10-17-k18-x540-g560,30,0,341,137,0,0,0,0,341,137,0,1,0,1,1,0,522,544,560,500,496
b10-17-k18-x540-g560,31,1,342,137,0,0,0,0,341,137,0,1,0,1,1,0,522,544,560,500,496
b10-17-k18-x540-g560,32,0,342,137,-3,0,0,0,342,137,0,1,0,1,1,0,522,545,560,400,496
b10-17-k18-x540-g560,33,1,342,137,-2,0,0,0,342,137,0,1,0,1,1,0,522,545,560,400,496
b10-17-k18-x540-g560,34,0,343,137,-1,0,0,0,342,137,0,1,0,1,1,0,522,545,560,400,496
b10-17-k18-x540-g560,35,1,344,233,0,0,0,0,343,232,0,1,0,1,0,0,522,545,560,400,496
b10-17-k18-x540-g560,36,0,344,233,0,0,0,0,344,-1,0,1,0,0,0,0,522,545,560,400,496
b10-17-k18-x540-g560,37,1,344,233,0,0,0,0,344,-1,0,1,0,0,0,0,522,545,560,400,496
b10-17-k18-x540-g560,38,0,344,233,0,0,0,0,344,-1,0,1,0,0,0,0,522,545,560,400,496
b10-17-k18-x540-g560,39,1,344,233,0,0,0,0,344,-1,0,1,0,0,0,0,522,545,560,400,496
b10-17-k18-x540-g560,40,0,344,233,0,0,0,0,344,-1,0,1,0,0,0,0,522,545,560,400,496
b10-17-k18-x560-g580,1,1,0,0,0,0,0,0,0,-1,0,-1,-1,0,0,0,500,560,580,500,500
b10-17-k18-x560-g580,2,0,0,65,0,0,0,0,0,-1,0,-1,-1,0,0,0,500,562,580,500,500
b10-17-k18-x560-g580,3,1,0,65,0,0,0,0,0,-1,0,-1,-1,0,0,0,500,564,580,500,500
b10-17-k18-x560-g580,4,0,0,61,0,0,0,0,0,-1,0,-1,-1,0,0,0,500,566,580,500,500
b10-17-k18-x560-g580,5,1,0,61,3,1,1,0,0,-1,0,-1,-1,0,0,0,500,568,580,500,498
b10-17-k18-x560-g580,6,0,1,61,2,0,0,0,0,-1,0,-1,-1,0,0,0,500,568,580,500,498
b10-17-k18-x560-g580,7,1,1,61,1,0,0,0,1,-1,0,-1,-1,0,0,0,500,568,580,500,498
b10-17-k18-x560-g580,8,0,1,61,0,0,0,0,1,-1,0,-1,-1,0,0,0,500,568,580,500,498
b10-17-k18-x560-g580,9,1,1,62,0,0,0,0,1,-1,0,-1,-1,0,0,0,500,570,580,500,498
b10-17-k18-x560-g580,10,0,1,62,0,0,0,0,1,-1,0,-1,-1,0,0,0,500,571,580,500,498
b10-17-k18-x560-g580,11,1,1,63,0,0,0,0,1,-1,0,-1,-1,0,0,0,500,571,580,500,498
b10-17-k18-x560-g580,12,0,2,66,0,0,0,0,1,-1,0,-1,-1,0,0,0,500,573,580,500,498
b10-17-k18-x560-g580,13,1,2,66,0,0,0,0,2,-1,0,-1,-1,0,0,0,500,575,580,500,498
b10-17-k18-x560-g580,14,0,2,67,0,0,0,0,2,-1,0,-1,-1,0,0,0,500,577,580,500,498
b10-17-k18-x560-g580,15,1,2,68,0,0,0,0,2,-1,0,-1,-1,0,0,0,500,578,580,500,498
b10-17-k18-x560-g580,16,0,2,68,3,1,1,0,2,-1,0,-1,-1,0,0,0,500,578,580,500,496
b10-17-k18-x560-g580,17,1,2,68,2,0,0,0,2,-1,0,-1,-1,0,0,0,500,578,580,500,496
b10-17-k18-x560-g580,18,0,60,68,1,0,0,0,60,-1,0,-1,-1,0,0,0,501,578,580,500,496
b10-17-k18-x560-g580,19,1,60,68,0,0,0,0,60,-1,0,-1,-1,0,0,0,502,578,580,500,496
b10-17-k18-x560-g580,20,0,320,69,0,0,0,0,320,-1,0,-1,-1,0,0,0,502,578,580,500,496
b10-17-k18-x560-g580,21,1,321,70,0,0,0,0,320,-1,0,-1,-1,0,0,0,502,578,580,500,496
b10-17-k18-x560-g580,22,0,322,71,0,0,0,0,321,-1,0,-1,-1,0,0,0,502,578,580,500,496
b10-17-k18-x560-g580,23,1,323,72,0,0,0,0,322,-1,0,-1,-1,0,0,0,502,578,580,500,496
b10-17-k18-x560-g580,24,0,335,132,0,0,0,1,335,132,0,1,0,1,1,0,504,594,580,500,496
b10-17-k18-x560-g580,25,1,336,132,0,0,0,0,335,132,0,1,0,1,1,0,504,594,580,500,496
b10-17-k18-x560-g580,26,0,336,132,0,0,0,0,336,132,0,1,0,1,1,0,504,536,580,500,496
b10-17-k18-x560-g580,27,1,337,132,0,0,0,0,336,132,0,1,0,1,1,0,504,536,580,500,496
b10-17-k18-x560-g580,28,0,337,132,0,0,0,0,337,132,0,1,0,1,1,0,504,518,580,500,496
b10-17-k18-x560-g580,29,1,338,132,0,0,0,0,337,132,0,1,0,1,1,0,504,518,580,500,496
b10-17-k18-x560-g580,30,0,339,132,0,0,0,0,338,132,0,1,0,1,1,0,504,513,580,500,496
b10-17-k18-x560-g580,31,1,340,132,0,0,0,0,339,132,0,1,0,1,1,0,504,518,580,500,496
b10-17-k18-x560-g580,32,0,341,136,0,0,0,0,340,136,0,1,0,1,1,0,504,518,580,500,496
b10-17-k18-x560-g580,33,1,341,137,0,0,0,0,341,137,0,1,0,1,1,0,504,526,580,500,496
b10-17-k18-x560-g580,34,0,342,137,0,0,0,0,341,137,0,1,0,1,1,0,504,526,580,500,496
b10-17-k18-x560-g580,35,1,342,137,-3,0,0,0,342,137,0,1,0,1,1,0,504,527,580,400,496
b10-17-k18-x560-g580,36,0,342,137,-2,0,0,0,342,137,0,1,0,1,1,0,504,527,580,400,496
b10-17-k18-x560-g580,37,1,343,137,-1,0,0,0,342,137,0,1,0,1,1,0,504,527,580,400,496
b10-17-k18-x560-g580,38,0,344,233,0,0,0,0,343,232,0,1,0,1,0,0,504,527,580,400,496
b10-17-k18-x560-g580,39,1,344,233,0,0,0,0,344,-1,0,1,0,0,0,0,504,527,580,400,496
b10-17-k18-x560-g580,40,0,344,233,0,0,0,0,344,-1,0,1,0,0,0,0,504,527,580,400,496
b10-17-k19-x540-g560,1,1,0,0,0,0,0,0,0,-1,0,-1,-1,0,0,0,500,540,560,500,500
b10-17-k19-x540-g560,2,0,0,65,0,0,0,0,0,-1,0,-1,-1,0,0,0,500,542,560,500,500
b10-17-k19-x540-g560,3,1,0,65,0,0,0,0,0,-1,0,-1,-1,0,0,0,500,544,560,500,500
b10-17-k19-x540-g560,4,0,0,61,0,0,0,0,0,-1,0,-1,-1,0,0,0,500,546,560,500,500
b10-17-k19-x540-g560,5,1,0,61,3,1,1,0,0,-1,0,-1,-1,0,0,0,500,548,560,500,498
b10-17-k19-x540-g560,6,0,1,61,2,0,0,0,0,-1,0,-1,-1,0,0,0,500,548,560,500,498
b10-17-k19-x540-g560,7,1,1,61,1,0,0,0,1,-1,0,-1,-1,0,0,0,500,548,560,500,498
b10-17-k19-x540-g560,8,0,1,61,0,0,0,0,1,-1,0,-1,-1,0,0,0,500,548,560,500,498
b10-17-k19-x540-g560,9,1,1,62,0,0,0,0,1,-1,0,-1,-1,0,0,0,500,550,560,500,498
b10-17-k19-x540-g560,10,0,1,62,0,0,0,0,1,-1,0,-1,-1,0,0,0,500,551,560,500,498
b10-17-k19-x540-g560,11,1,1,63,0,0,0,0,1,-1,0,-1,-1,0,0,0,500,551,560,500,498
b10-17-k19-x540-g560,12,0,2,66,0,0,0,0,1,-1,0,-1,-1,0,0,0,500,553,560,500,498
b10-17-k19-x540-g560,13,1,2,66,0,0,0,0,2,-1,0,-1,-1,0,0,0,500,555,560,500,498
b10-17-k19-x540-g560,14,0,2,67,0,0,0,0,2,-1,0,-1,-1,0,0,0,500,557,560,500,498
b10-17-k19-x540-g560,15,1,2,68,0,0,0,0,2,-1,0,-1,-1,0,0,0,500,558,560,500,498
b10-17-k19-x540-g560,16,0,2,68,3,1,1,0,2,-1,0,-1,-1,0,0,0,500,558,560,500,496
b10-17-k19-x540-g560,17,1,2,68,2,0,0,0,2,-1,0,-1,-1,0,0,0,500,558,560,500,496
b10-17-k19-x540-g560,18,0,3,68,1,0,0,0,2,-1,0,-1,-1,0,0,0,500,558,560,500,496
b10-17-k19-x540-g560,19,1,3,68,0,0,0,0,3,-1,0,-1,-1,0,0,0,500,558,560,500,496
b10-17-k19-x540-g560,20,0,60,69,0,0,0,0,60,-1,0,-1,-1,0,0,0,501,558,560,500,496
b10-17-k19-x540-g560,21,1,60,70,0,0,0,0,60,-1,0,-1,-1,0,0,0,502,558,560,500,496
b10-17-k19-x540-g560,22,0,320,71,0,0,0,0,320,-1,0,-1,-1,0,0,0,502,558,560,500,496
b10-17-k19-x540-g560,23,1,321,72,0,0,0,0,320,-1,0,-1,-1,0,0,0,502,558,560,500,496
b10-17-k19-x540-g560,24,0,322,73,0,0,0,0,321,-1,0,-1,-1,0,0,0,502,559,560,500,496
b10-17-k19-x540-g560,25,1,336,130,3,1,1,1,336,132,1,1,0,1,1,1,523,555,560,500,466
b10-17-k19-x540-g560,26,0,337,130,2,0,0,0,336,132,1,1,0,1,1,0,523,555,560,500,466
b10-17-k19-x540-g560,27,1,337,130,1,0,0,0,337,132,1,1,0,1,1,0,523,537,560,500,466
b10-17-k19-x540-g560,28,0,338,132,0,0,0,0,337,132,0,1,0,1,1,0,523,537,560,500,466
b10-17-k19-x540-g560,29,1,339,132,0,0,0,0,338,132,0,1,0,1,1,0,523,532,560,500,466
b10-17-k19-x540-g560,30,0,340,132,0,0,0,0,339,132,0,1,0,1,1,0,523,537,560,500,466
b10-17-k19-x540-g560,31,1,341,136,0,0,0,0,340,136,0,1,0,1,1,0,523,537,560,500,466
b10-17-k19-x540-g560,32,0,341,137,0,0,0,0,341,137,0,1,0,1,1,0,523,545,560,500,466
b10-17-k19-x540-g560,33,1,342,137,0,0,0,0,341,137,0,1,0,1,1,0,523,545,560,500,466
b10-17-k19-x540-g560,34,0,342,137,-3,0,0,0,342,137,0,1,0,1,1,0,523,546,560,400,466
b10-17-k19-x540-g560,35,1,342,137,-2,0,0,0,342,137,0,1,0,1,1,0,523,546,560,400,466
b10-17-k19-x540-g560,36,0,343,137,-1,0,0,0,342,137,0,1,0,1,1,0,523,546,560,400,466
b10-17-k19-x540-g560,37,1,344,233,0,0,0,0,343,232,0,1,0,1,0,0,523,546,560,400,466
b10-17-k19-x540-g560,38,0,344,233,0,0,0,0,344,-1,0,1,0,0,0,0,523,546,560,400,466
b10-17-k19-x540-g560,39,1,344,233,0,0,0,0,344,-1,0,1,0,0,0,0,523,546,560,400,466
b10-17-k19-x540-g560,40,0,344,233,0,0,0,0,344,-1,0,1,0,0,0,0,523,546,560,400,466
b10-17-k19-x560-g580,1,1,0,0,0,0,0,0,0,-1,0,-1,-1,0,0,0,500,560,580,500,500
b10-17-k19-x560-g580,2,0,0,65,0,0,0,0,0,-1,0,-1,-1,0,0,0,500,562,580,500,500
b10-17-k19-x560-g580,3,1,0,65,0,0,0,0,0,-1,0,-1,-1,0,0,0,500,564,580,500,500
b10-17-k19-x560-g580,4,0,0,61,0,0,0,0,0,-1,0,-1,-1,0,0,0,500,566,580,500,500
b10-17-k19-x560-g580,5,1,0,61,3,1,1,0,0,-1,0,-1,-1,0,0,0,500,568,580,500,498
b10-17-k19-x560-g580,6,0,1,61,2,0,0,0,0,-1,0,-1,-1,0,0,0,500,568,580,500,498
b10-17-k19-x560-g580,7,1,1,61,1,0,0,0,1,-1,0,-1,-1,0,0,0,500,568,580,500,498
b10-17-k19-x560-g580,8,0,1,61,0,0,0,0,1,-1,0,-1,-1,0,0,0,500,568,580,500,498
b10-17-k19-x560-g580,9,1,1,62,0,0,0,0,1,-1,0,-1,-1,0,0,0,500,570,580,500,498
b10-17-k19-x560-g580,10,0,1,62,0,0,0,0,1,-1,0,-1,-1,0,0,0,500,571,580,500,498
b10-17-k19-x560-g580,11,1,1,63,0,0,0,0,1,-1,0,-1,-1,0,0,0,500,571,580,500,498
b10-17-k19-x560-g580,12,0,2,66,0,0,0,0,1,-1,0,-1,-1,0,0,0,500,573,580,500,498
b10-17-k19-x560-g580,13,1,2,66,0,0,0,0,2,-1,0,-1,-1,0,0,0,500,575,580,500,498
b10-17-k19-x560-g580,14,0,2,67,0,0,0,0,2,-1,0,-1,-1,0,0,0,500,577,580,500,498
b10-17-k19-x560-g580,15,1,2,68,0,0,0,0,2,-1,0,-1,-1,0,0,0,500,578,580,500,498
b10-17-k19-x560-g580,16,0,2,68,3,1,1,0,2,-1,0,-1,-1,0,0,0,500,578,580,500,496
b10-17-k19-x560-g580,17,1,2,68,2,0,0,0,2,-1,0,-1,-1,0,0,0,500,578,580,500,496
b10-17-k19-x560-g580,18,0,3,68,1,0,0,0,2,-1,0,-1,-1,0,0,0,500,578,580,500,496
b10-17-k19-x560-g580,19,1,3,68,0,0,0,0,3,-1,0,-1,-1,0,0,0,500,578,580,500,496
b10-17-k19-x560-g580,20,0,60,69,0,0,0,0,60,-1,0,-1,-1,0,0,0,501,578,580,500,496
b10-17-k19-x560-g580,21,1,60,70,0,0,0,0,60,-1,0,-1,-1,0,0,0,502,578,580,500,496
b10-17-k19-x560-g580,22,0,320,71,0,0,0,0,320,-1,0,-1,-1,0,0,0,502,578,580,500,496
b10-17-k19-x560-g580,23,1,321,72,0,0,0,0,320,-1,0,-1,-1,0,0,0,502,578,580,500,496
b10-17-k19-x560-g580,24,0,322,73,0,0,0,0,321,-1,0,-1,-1,0,0,0,502,579,580,500,496
b10-17-k19-x560-g580,25,1,323,73,3,1,1,0,322,-1,0,-1,-1,0,0,0,502,579,580,500,466
b10-17-k19-x560-g580,26,0,335,130,2,0,0,1,335,132,1,1,0,1,1,1,504,594,580,500,466
b10-17-k19-x560-g580,27,1,336,130,1,0,0,0,335,132,1,1,0,1,1,0,504,594,580,500,466
b10-17-k19-x560-g580,28,0,336,132,0,0,0,0,336,132,0,1,0,1,1,0,504,536,580,500,466
b10-17-k19-x560-g580,29,1,337,132,0,0,0,0,336,132,0,1,0,1,1,0,504,536,580,500,466
b10-17-k19-x560-g580,30,0,337,132,0,0,0,0,337,132,0,1,0,1,1,0,504,518,580,500,466
b10-17-k19-x560-g580,31,1,338,132,0,0,0,0,337,132,0,1,0,1,1,0,504,518,580,500,466
b10-17-k19-x560-g580,32,0,339,132,0,0,0,0,338,132,0,1,0,1,1,0,504,513,580,500,466
b10-17-k19-x560-g580,33,1,340,132,0,0,0,0,339,132,0,1,0,1,1,0,504,518,580,500,466
b10-17-k19-x560-g580,34,0,341,136,0,0,0,0,340,136,0,1,0,1,1,0,504,518,580,500,466
b10-17-k19-x560-g580,35,1,341,137,0,0,0,0,341,137,0,1,0,1,1,0,504,526,580,500,466
b10-17-k19-x560-g580,36,0,342,137,0,0,0,0,341,137,0,1,0,1,1,0,504,526,580,500,466
b10-17-k19-x560-g580,37,1,342,137,-3,0,0,0,342,137,0,1,0,1,1,0,504,527,580,400,466
b10-17-k19-x560-g580,38,0,342,137,-2,0,0,0,342,137,0,1,0,1,1,0,504,527,580,400,466
b10-17-k19-x560-g580,39,1,343,137,-1,0,0,0,342,137,0,1,0,1,1,0,504,527,580,400,466
b10-17-k19-x560-g580,40,0,344,233,0,0,0,0,343,232,0,1,0,1,0,0,504,527,580,400,466
b10-18-k13-x540-g560,1,1,0,0,0,0,0,0,0,-1,0,-1,-1,0,0,0,500,540,560,500,500
b10-18-k13-x540-g560,2,0,0,65,0,0,0,0,0,-1,0,-1,-1,0,0,0,500,542,560,500,500
b10-18-k13-x540-g560,3,1,0,65,0,0,0,0,0,-1,0,-1,-1,0,0,0,500,544,560,500,500
b10-18-k13-x540-g560,4,0,0,61,0,0,0,0,0,-1,0,-1,-1,0,0,0,500,546,560,500,500
b10-18-k13-x540-g560,5,1,0,61,3,1,1,0,0,-1,0,-1,-1,0,0,0,500,548,560,500,498
b10-18-k13-x540-g560,6,0,1,61,2,0,0,0,0,-1,0,-1,-1,0,0,0,500,548,560,500,498
b10-18-k13-x540-g560,7,1,1,61,1,0,0,0,1,-1,0,-1,-1,0,0,0,500,548,560,500,498
b10-18-k13-x540-g560,8,0,1,61,0,0,0,0,1,-1,0,-1,-1,0,0,0,500,548,560,500,498
b10-18-k13-x540-g560,9,1,1,62,0,0,0,0,1,-1,0,-1,-1,0,0,0,500,550,560,500,498
b10-18-k13-x540-g560,10,0,1,62,0,0,0,0,1,-1,0,-1,-1,0,0,0,500,551,560,500,498
b10-18-k13-x540-g560,11,1,1,63,0,0,0,0,1,-1,0,-1,-1,0,0,0,500,551,560,500,498
b10-18-k13-x540-g560,12,0,2,66,0,0,0,0,1,-1,0,-1,-1,0,0,0,500,553,560,500,498
b10-18-k13-x540-g560,13,1,2,66,0,0,0,0,2,-1,0,-1,-1,0,0,0,500,555,560,500,498
b10-18-k13-x540-g560,14,0,60,67,0,0,0,0,60,-1,0,-1,-1,0,0,0,501,557,560,500,498
b10-18-k13-x540-g560,15,1,60,68,0,0,0,0,60,-1,0,-1,-1,0,0,0,502,558,560,500,498
b10-18-k13-x540-g560,16,0,320,68,3,1,1,0,320,-1,0,-1,-1,0,0,0,502,558,560,500,496
b10-18-k13-x540-g560,17,1,321,68,2,0,0,0,320,-1,0,-1,-1,0,0,0,502,558,560,500,496
b10-18-k13-x540-g560,18,0,322,68,1,0,0,0,321,-1,0,-1,-1,0,0,0,502,558,560,500,496
b10-18-k13-x540-g560,19,1,336,132,0,0,0,1,336,132,0,1,0,1,1,0,522,554,560,500,496
b10-18-k13-x540-g560,20,0,337,132,0,0,0,0,336,132,0,1,0,1,1,0,522,554,560,500,496
b10-18-k13-x540-g560,21,1,337,132,0,0,0,0,337,132,0,1,0,1,1,0,522,536,560,500,496
b10-18-k13-x540-g560,22,0,338,132,0,0,0,0,337,132,0,1,0,1,1,0,522,536,560,500,496
b10-18-k13-x540-g560,23,1,339,132,0,0,0,0,338,132,0,1,0,1,1,0,522,531,560,500,496
b10-18-k13-x540-g560,24,0,340,132,0,0,0,0,339,132,0,1,0,1,1,0,522,536,560,500,496
b10-18-k13-x540-g560,25,1,341,136,0,0,0,0,340,136,0,1,0,1,1,0,522,536,560,500,496
b10-18-k13-x540-g560,26,0,341,137,0,0,0,0,341,137,0,1,0,1,1,0,522,544,560,500,496
b10-18-k13-x540-g560,27,1,342,137,0,0,0,0,341,137,0,1,0,1,1,0,522,544,560,500,496
b10-18-k13-x540-g560,28,0,342,137,-3,0,0,0,342,137,0,1,0,1,1,0,522,545,560,400,496
b10-18-k13-x540-g560,29,1,342,137,-2,0,0,0,342,137,0,1,0,1,1,0,522,545,560,400,496
b10-18-k13-x540-g560,30,0,343,137,-1,0,0,0,342,137,0,1,0,1,1,0,522,545,560,400,496
b10-18-k13-x540-g560,31,1,344,233,0,0,0,0,343,232,0,1,0,1,0,0,522,545,560,400,496
b10-18-k13-x540-g560,32,0,344,233,0,0,0,0,344,-1,0,1,0,0,0,0,522,545,560,400,496
b10-18-k13-x540-g560,33,1,344,233,0,0,0,0,344,-1,0,1,0,0,0,0,522,545,560,400,496
b10-18-k13-x540-g560,34,0,344,233,0,0,0,0,344,-1,0,1,0,0,0,0,522,545,560,400,496
b10-18-k13-x540-g560,35,1,344,233,0,0,0,0,344,-1,0,1,0,0,0,0,522,545,560,400,496
b10-18-k13-x540-g560,36,0,344,233,0,0,0,0,344,-1,0,1,0,0,0,0,522,545,560,400,496
b10-18-k13-x540-g560,37,1,345,233,0,0,0,0,344,-1,0,1,0,0,0,0,522,545,560,400,496
b10-18-k13-x540-g560,38,0,345,233,0,0,0,0,345,-1,0,1,0,0,0,0,522,545,560,400,496
b10-18-k13-x540-g560,39,1,345,233,0,0,0,0,345,-1,0,1,0,0,0,0,522,545,560,400,496
b10-18-k13-x540-g560,40,0,345,233,0,0,0,0,345,-1,0,1,0,0,0,0,522,545,560,400,496
b10-18-k13-x560-g580,1,1,0,0,0,0,0,0,0,-1,0,-1,-1,0,0,0,500,560,580,500,500
b10-18-k13-x560-g580,2,0,0,65,0,0,0,0,0,-1,0,-1,-1,0,0,0,500,562,580,500,500
b10-18-k13-x560-g580,3,1,0,65,0,0,0,0,0,-1,0,-1,-1,0,0,0,500,564,580,500,500
b10-18-k13-x560-g580,4,0,0,61,0,0,0,0,0,-1,0,-1,-1,0,0,0,500,566,580,500,500
b10-18-k13-x560-g580,5,1,0,61,3,1,1,0,0,-1,0,-1,-1,0,0,0,500,568,580,500,498
b10-18-k13-x560-g580,6,0,1,61,2,0,0,0,0,-1,0,-1,-1,0,0,0,500,568,580,500,498
b10-18-k13-x560-g580,7,1,1,61,1,0,0,0,1,-1,0,-1,-1,0,0,0,500,568,580,500,498
b10-18-k13-x560-g580,8,0,1,61,0,0,0,0,1,-1,0,-1,-1,0,0,0,500,568,580,500,498
b10-18-k13-x560-g580,9,1,1,62,0,0,0,0,1,-1,0,-1,-1,0,0,0,500,570,580,500,498
b10-18-k13-x560-g580,10,0,1,62,0,0,0,0,1,-1,0,-1,-1,0,0,0,500,571,580,500,498
b10-18-k13-x560-g580,11,1,1,63,0,0,0,0,1,-1,0,-1,-1,0,0,0,500,571,580,500,498
b10-18-k13-x560-g580,12,0,2,66,0,0,0,0,1,-1,0,-1,-1,0,0,0,500,573,580,500,498
b10-18-k13-x560-g580,13,1,2,66,0,0,0,0,2,-1,0,-1,-1,0,0,0,500,575,580,500,498
b10-18-k13-x560-g580,14,0,60,67,0,0,0,0,60,-1,0,-1,-1,0,0,0,501,577,580,500,498
b10-18-k13-x560-g580,15,1,60,68,0,0,0,0,60,-1,0,-1,-1,0,0,0,502,578,580,500,498
b10-18-k13-x560-g580,16,0,320,68,3,1,1,0,320,-1,0,-1,-1,0,0,0,502,578,580,500,496
b10-18-k13-x560-g580,17,1,321,68,2,0,0,0,320,-1,0,-1,-1,0,0,0,502,578,580,500,496
b10-18-k13-x560-g580,18,0,322,68,1,0,0,0,321,-1,0,-1,-1,0,0,0,502,578,580,500,496
b10-18-k13-x560-g580,19,1,323,68,0,0,0,0,322,-1,0,-1,-1,0,0,0,502,578,580,500,496
b10-18-k13-x560-g580,20,0,335,132,0,0,0,1,335,132,0,1,0,1,1,0,503,593,580,500,496
b10-18-k13-x560-g580,21,1,336,132,0,0,0,0,335,132,0,1,0,1,1,0,503,593,580,500,496
b10-18-k13-x560-g580,22,0,336,132,0,0,0,0,336,132,0,1,0,1,1,0,503,535,580,500,496
b10-18-k13-x560-g580,23,1,337,132,0,0,0,0,336,132,0,1,0,1,1,0,503,535,580,500,496
b10-18-k13-x560-g580,24,0,337,132,0,0,0,0,337,132,0,1,0,1,1,0,503,517,580,500,496
b10-18-k13-x560-g580,25,1,338,132,0,0,0,0,337,132,0,1,0,1,1,0,503,517,580,500,496
b10-18-k13-x560-g580,26,0,339,132,0,0,0,0,338,132,0,1,0,1,1,0,503,512,580,500,496
b10-18-k13-x560-g580,27,1,340,132,0,0,0,0,339,132,0,1,0,1,1,0,503,517,580,500,496
b10-18-k13-x560-g580,28,0,341,136,0,0,0,0,340,136,0,1,0,1,1,0,503,517,580,500,496
b10-18-k13-x560-g580,29,1,341,137,0,0,0,0,341,137,0,1,0,1,1,0,503,525,580,500,496
b10-18-k13-x560-g580,30,0,342,137,0,0,0,0,341,137,0,1,0,1,1,0,503,525,580,500,496
b10-18-k13-x560-g580,31,1,342,137,-3,0,0,0,342,137,0,1,0,1,1,0,503,526,580,400,496
b10-18-k13-x560-g580,32,0,342,137,-2,0,0,0,342,137,0,1,0,1,1,0,503,526,580,400,496
b10-18-k13-x560-g580,33,1,343,137,-1,0,0,0,342,137,0,1,0,1,1,0,503,526,580,400,496
b10-18-k13-x560-g580,34,0,344,233,0,0,0,0,343,232,0,1,0,1,0,0,503,526,580,400,496
b10-18-k13-x560-g580,35,1,344,233,0,0,0,0,344,-1,0,1,0,0,0,0,503,526,580,400,496
b10-18-k13-x560-g580,36,0,344,233,0,0,0,0,344,-1,0,1,0,0,0,0,503,526,580,400,496
b10-18-k13-x560-g580,37,1,344,233,0,0,0,0,344,-1,0,1,0,0,0,0,503,526,580,400,496
b10-18-k13-x560-g580,38,0,344,233,0,0,0,0,344,-1,0,1,0,0,0,0,503,526,580,400,496
b10-18-k13-x560-g580,39,1,344,233,0,0,0,0,344,-1,0,1,0,0,0,0,503,526,580,400,496
b10-18-k13-x560-g580,40,0,345,233,0,0,0,0,344,-1,0,1,0,0,0,0,503,526,580,400,496
b10-18-k14-x540-g560,1,1,0,0,0,0,0,0,0,-1,0,-1,-1,0,0,0,500,540,560,500,500
b10-18-k14-x540-g560,2,0,0,65,0,0,0,0,0,-1,0,-1,-1,0,0,0,500,542,560,500,500
b10-18-k14-x540-g560,3,1,0,65,0,0,0,0,0,-1,0,-1,-1,0,0,0,500,544,560,500,500
b10-18-k14-x540-g560,4,0,0,61,0,0,0,0,0,-1,0,-1,-1,0,0,0,500,546,560,500,500
b10-18-k14-x540-g560,5,1,0,61,3,1,1,0,0,-1,0,-1,-1,0,0,0,500,548,560,500,498
b10-18-k14-x540-g560,6,0,1,61,2,0,0,0,0,-1,0,-1,-1,0,0,0,500,548,560,500,498
b10-18-k14-x540-g560,7,1,1,61,1,0,0,0,1,-1,0,-1,-1,0,0,0,500,548,560,500,498
b10-18-k14-x540-g560,8,0,1,61,0,0,0,0,1,-1,0,-1,-1,0,0,0,500,548,560,500,498
b10-18-k14-x540-g560,9,1,1,62,0,0,0,0,1,-1,0,-1,-1,0,0,0,500,550,560,500,498
b10-18-k14-x540-g560,10,0,1,62,0,0,0,0,1,-1,0,-1,-1,0,0,0,500,551,560,500,498
b10-18-k14-x540-g560,11,1,1,63,0,0,0,0,1,-1,0,-1,-1,0,0,0,500,551,560,500,498
b10-18-k14-x540-g560,12,0,2,66,0,0,0,0,1,-1,0,-1,-1,0,0,0,500,553,560,500,498
b10-18-k14-x540-g560,13,1,2,66,0,0,0,0,2,-1,0,-1,-1,0,0,0,500,555,560,500,498
b10-18-k14-x540-g560,14,0,60,67,0,0,0,0,60,-1,0,-1,-1,0,0,0,501,557,560,500,498
b10-18-k14-x540-g560,15,1,60,68,0,0,0,0,60,-1,0,-1,-1,0,0,0,502,558,560,500,498
b10-18-k14-x540-g560,16,0,320,68,3,1,1,0,320,-1,0,-1,-1,0,0,0,502,558,560,500,496
b10-18-k14-x540-g560,17,1,321,68,2,0,0,0,320,-1,0,-1,-1,0,0,0,502,558,560,500,496
b10-18-k14-x540-g560,18,0,322,68,1,0,0,0,321,-1,0,-1,-1,0,0,0,502,558,560,500,496
b10-18-k14-x540-g560,19,1,336,132,0,0,0,1,336,132,0,1,0,1,1,0,522,554,560,500,496
b10-18-k14-x540-g560,20,0,337,132,0,0,0,0,336,132,0,1,0,1,1,0,522,554,560,500,496
b10-18-k14-x540-g560,21,1,337,132,0,0,0,0,337,132,0,1,0,1,1,0,522,536,560,500,496
b10-18-k14-x540-g560,22,0,338,132,0,0,0,0,337,132,0,1,0,1,1,0,522,536,560,500,496
b10-18-k14-x540-g560,23,1,339,132,0,0,0,0,338,132,0,1,0,1,1,0,522,531,560,500,496
b10-18-k14-x540-g560,24,0,340,132,0,0,0,0,339,132,0,1,0,1,1,0,522,536,560,500,496
b10-18-k14-x540-g560,25,1,341,136,0,0,0,0,340,136,0,1,0,1,1,0,522,536,560,500,496
b10-18-k14-x540-g560,26,0,341,137,0,0,0,0,341,137,0,1,0,1,1,0,522,544,560,500,496
b10-18-k14-x540-g560,27,1,342,137,0,0,0,0,341,137,0,1,0,1,1,0,522,544,560,500,496
b10-18-k14-x540-g560,28,0,342,137,-3,0,0,0,342,137,0,1,0,1,1,0,522,545,560,400,496
b10-18-k14-x540-g560,29,1,342,137,-2,0,0,0,342,137,0,1,0,1,1,0,522,545,560,400,496
b10-18-k14-x540-g560,30,0,343,137,-1,0,0,0,342,137,0,1,0,1,1,0,522,545,560,400,496
b10-18-k14-x540-g560,31,1,344,233,0,0,0,0,343,232,0,1,0,1,0,0,522,545,560,400,496
b10-18-k14-x540-g560,32,0,344,233,0,0,0,0,344,-1,0,1,0,0,0,0,522,545,560,400,496
b10-18-k14-x540-g560,33,1,344,233,0,0,0,0,344,-1,0,1,0,0,0,0,522,545,560,400,496
b10-18-k14-x540-g560,34,0,344,233,0,0,0,0,344,-1,0,1,0,0,0,0,522,545,560,400,496
b10-18-k14-x540-g560,35,1,344,233,0,0,0,0,344,-1,0,1,0,0,0,0,522,545,560,400,496
b10-18-k14-x540-g560,36,0,344,233,0,0,0,0,344,-1,0,1,0,0,0,0,522,545,560,400,496
b10-18-k14-x540-g560,37,1,345,233,0,0,0,0,344,-1,0,1,0,0,0,0,522,545,560,400,496
b10-18-k14-x540-g560,38,0,345,233,0,0,0,0,345,-1,0,1,0,0,0,0,522,545,560,400,496
b10-18-k14-x540-g560,39,1,345,233,0,0,0,0,345,-1,0,1,0,0,0,0,522,545,560,400,496
b10-18-k14-x540-g560,40,0,345,233,0,0,0,0,345,-1,0,1,0,0,0,0,522,545,560,400,496
b10-18-k14-x560-g580,1,1,0,0,0,0,0,0,0,-1,0,-1,-1,0,0,0,500,560,580,500,500
b10-18-k14-x560-g580,2,0,0,65,0,0,0,0,0,-1,0,-1,-1,0,0,0,500,562,580,500,500
b10-18-k14-x560-g580,3,1,0,65,0,0,0,0,0,-1,0,-1,-1,0,0,0,500,564,580,500,500
b10-18-k14-x560-g580,4,0,0,61,0,0,0,0,0,-1,0,-1,-1,0,0,0,500,566,580,500,500
b10-18-k14-x560-g580,5,1,0,61,3,1,1,0,0,-1,0,-1,-1,0,0,0,500,568,580,500,498
b10-18-k14-x560-g580,6,0,1,61,2,0,0,0,0,-1,0,-1,-1,0,0,0,500,568,580,500,498
b10-18-k14-x560-g580,7,1,1,61,1,0,0,0,1,-1,0,-1,-1,0,0,0,500,568,580,500,498
b10-18-k14-x560-g580,8,0,1,61,0,0,0,0,1,-1,0,-1,-1,0,0,0,500,568,580,500,498
b10-18-k14-x560-g580,9,1,1,62,0,0,0,0,1,-1,0,-1,-1,0,0,0,500,570,580,500,498
b10-18-k14-x560-g580,10,0,1,62,0,0,0,0,1,-1,0,-1,-1,0,0,0,500,571,580,500,498
b10-18-k14-x560-g580,11,1,1,63,0,0,0,0,1,-1,0,-1,-1,0,0,0,500,571,580,500,498
b10-18-k14-x560-g580,12,0,2,66,0,0,0,0,1,-1,0,-1,-1,0,0,0,500,573,580,500,498
b10-18-k14-x560-g580,13,1,2,66,0,0,0,0,2,-1,0,-1,-1,0,0,0,500,575,580,500,498
b10-18-k14-x560-g580,14,0,60,67,0,0,0,0,60,-1,0,-1,-1,0,0,0,501,577,580,500,498
b10-18-k14-x560-g580,15,1,60,68,0,0,0,0,60,-1,0,-1,-1,0,0,0,502,578,580,500,498
b10-18-k14-x560-g580,16,0,320,68,3,1,1,0,320,-1,0,-1,-1,0,0,0,502,578,580,500,496
b10-18-k14-x560-g580,17,1,321,68,2,0,0,0,320,-1,0,-1,-1,0,0,0,502,578,580,500,496
b10-18-k14-x560-g580,18,0,322,68,1,0,0,0,321,-1,0,-1,-1,0,0,0,502,578,580,500,496
b10-18-k14-x560-g580,19,1,323,68,0,0,0,0,322,-1,0,-1,-1,0,0,0,502,578,580,500,496
b10-18-k14-x560-g580,20,0,335,132,0,0,0,1,335,132,0,1,0,1,1,0,503,593,580,500,496
b10-18-k14-x560-g580,21,1,336,132,0,0,0,0,335,132,0,1,0,1,1,0,503,593,580,500,496
b10-18-k14-x560-g580,22,0,336,132,0,0,0,0,336,132,0,1,0,1,1,0,503,535,580,500,496
b10-18-k14-x560-g580,23,1,337,132,0,0,0,0,336,132,0,1,0,1,1,0,503,535,580,500,496
b10-18-k14-x560-g580,24,0,337,132,0,0,0,0,337,132,0,1,0,1,1,0,503,517,580,500,496
b10-18-k14-x560-g580,25,1,338,132,0,0,0,0,337,132,0,1,0,1,1,0,503,517,580,500,496
b10-18-k14-x560-g580,26,0,339,132,0,0,0,0,338,132,0,1,0,1,1,0,503,512,580,500,496
b10-18-k14-x560-g580,27,1,340,132,0,0,0,0,339,132,0,1,0,1,1,0,503,517,580,500,496
b10-18-k14-x560-g580,28,0,341,136,0,0,0,0,340,136,0,1,0,1,1,0,503,517,580,500,496
b10-18-k14-x560-g580,29,1,341,137,0,0,0,0,341,137,0,1,0,1,1,0,503,525,580,500,496
b10-18-k14-x560-g580,30,0,342,137,0,0,0,0,341,137,0,1,0,1,1,0,503,525,580,500,496
b10-18-k14-x560-g580,31,1,342,137,-3,0,0,0,342,137,0,1,0,1,1,0,503,526,580,400,496
b10-18-k14-x560-g580,32,0,342,137,-2,0,0,0,342,137,0,1,0,1,1,0,503,526,580,400,496
b10-18-k14-x560-g580,33,1,343,137,-1,0,0,0,342,137,0,1,0,1,1,0,503,526,580,400,496
b10-18-k14-x560-g580,34,0,344,233,0,0,0,0,343,232,0,1,0,1,0,0,503,526,580,400,496
b10-18-k14-x560-g580,35,1,344,233,0,0,0,0,344,-1,0,1,0,0,0,0,503,526,580,400,496
b10-18-k14-x560-g580,36,0,344,233,0,0,0,0,344,-1,0,1,0,0,0,0,503,526,580,400,496
b10-18-k14-x560-g580,37,1,344,233,0,0,0,0,344,-1,0,1,0,0,0,0,503,526,580,400,496
b10-18-k14-x560-g580,38,0,344,233,0,0,0,0,344,-1,0,1,0,0,0,0,503,526,580,400,496
b10-18-k14-x560-g580,39,1,344,233,0,0,0,0,344,-1,0,1,0,0,0,0,503,526,580,400,496
b10-18-k14-x560-g580,40,0,345,233,0,0,0,0,344,-1,0,1,0,0,0,0,503,526,580,400,496
b10-18-k15-x540-g560,1,1,0,0,0,0,0,0,0,-1,0,-1,-1,0,0,0,500,540,560,500,500
b10-18-k15-x540-g560,2,0,0,65,0,0,0,0,0,-1,0,-1,-1,0,0,0,500,542,560,500,500
b10-18-k15-x540-g560,3,1,0,65,0,0,0,0,0,-1,0,-1,-1,0,0,0,500,544,560,500,500
b10-18-k15-x540-g560,4,0,0,61,0,0,0,0,0,-1,0,-1,-1,0,0,0,500,546,560,500,500
b10-18-k15-x540-g560,5,1,0,61,3,1,1,0,0,-1,0,-1,-1,0,0,0,500,548,560,500,498
b10-18-k15-x540-g560,6,0,1,61,2,0,0,0,0,-1,0,-1,-1,0,0,0,500,548,560,500,498
b10-18-k15-x540-g560,7,1,1,61,1,0,0,0,1,-1,0,-1,-1,0,0,0,500,548,560,500,498
b10-18-k15-x540-g560,8,0,1,61,0,0,0,0,1,-1,0,-1,-1,0,0,0,500,548,560,500,498
b10-18-k15-x540-g560,9,1,1,62,0,0,0,0,1,-1,0,-1,-1,0,0,0,500,550,560,500,498
b10-18-k15-x540-g560,10,0,1,62,0,0,0,0,1,-1,0,-1,-1,0,0,0,500,551,560,500,498
b10-18-k15-x540-g560,11,1,1,63,0,0,0,0,1,-1,0,-1,-1,0,0,0,500,551,560,500,498
b10-18-k15-x540-g560,12,0,2,66,0,0,0,0,1,-1,0,-1,-1,0,0,0,500,553,560,500,498
b10-18-k15-x540-g560,13,1,2,66,0,0,0,0,2,-1,0,-1,-1,0,0,0,500,555,560,500,498
b10-18-k15-x540-g560,14,0,2,67,0,0,0,0,2,-1,0,-1,-1,0,0,0,500,557,560,500,498
b10-18-k15-x540-g560,15,1,2,68,0,0,0,0,2,-1,0,-1,-1,0,0,0,500,558,560,500,498
b10-18-k15-x540-g560,16,0,60,68,3,1,1,0,60,-1,0,-1,-1,0,0,0,501,558,560,500,496
b10-18-k15-x540-g560,17,1,60,68,2,0,0,0,60,-1,0,-1,-1,0,0,0,502,558,560,500,496
b10-18-k15-x540-g560,18,0,320,68,1,0,0,0,320,-1,0,-1,-1,0,0,0,502,558,560,500,496
b10-18-k15-x540-g560,19,1,321,68,0,0,0,0,320,-1,0,-1,-1,0,0,0,502,558,560,500,496
b10-18-k15-x540-g560,20,0,322,69,0,0,0,0,321,-1,0,-1,-1,0,0,0,502,558,560,500,496
b10-18-k15-x540-g560,21,1,336,132,0,0,0,1,336,132,0,1,0,1,1,0,522,554,560,500,496
b10-18-k15-x540-g560,22,0,337,132,0,0,0,0,336,132,0,1,0,1,1,0,522,554,560,500,496
b10-18-k15-x540-g560,23,1,337,132,0,0,0,0,337,132,0,1,0,1,1,0,522,536,560,500,496
b10-18-k15-x540-g560,24,0,338,132,0,0,0,0,337,132,0,1,0,1,1,0,522,536,560,500,496
b10-18-k15-x540-g560,25,1,339,132,0,0,0,0,338,132,0,1,0,1,1,0,522,531,560,500,496
b10-18-k15-x540-g560,26,0,340,132,0,0,0,0,339,132,0,1,0,1,1,0,522,536,560,500,496
b10-18-k15-x540-g560,27,1,341,136,0,0,0,0,340,136,0,1,0,1,1,0,522,536,560,500,496
b10-18-k15-x540-g560,28,0,341,137,0,0,0,0,341,137,0,1,0,1,1,0,522,544,560,500,496
b10-18-k15-x540-g560,29,1,342,137,0,0,0,0,341,137,0,1,0,1,1,0,522,544,560,500,496
b10-18-k15-x540-g560,30,0,342,137,-3,0,0,0,342,137,0,1,0,1,1,0,522,545,560,400,496
b10-18-k15-x540-g560,31,1,342,137,-2,0,0,0,342,137,0,1,0,1,1,0,522,545,560,400,496
b10-18-k15-x540-g560,32,0,343,137,-1,0,0,0,342,137,0,1,0,1,1,0,522,545,560,400,496
b10-18-k15-x540-g560,33,1,344,233,0,0,0,0,343,232,0,1,0,1,0,0,522,545,560,400,496
b10-18-k15-x540-g560,34,0,344,233,0,0,0,0,344,-1,0,1,0,0,0,0,522,545,560,400,496
b10-18-k15-x540-g560,35,1,344,233,0,0,0,0,344,-1,0,1,0,0,0,0,522,545,560,400,496
b10-18-k15-x540-g560,36,0,344,233,0,0,0,0,344,-1,0,1,0,0,0,0,522,545,560,400,496
b10-18-k15-x540-g560,37,1,344,233,0,0,0,0,344,-1,0,1,0,0,0,0,522,545,560,400,496
b10-18-k15-x540-g560,38,0,344,233,0,0,0,0,344,-1,0,1,0,0,0,0,522,545,560,400,496
b10-18-k15-x540-g560,39,1,345,233,0,0,0,0,344,-1,0,1,0,0,0,0,522,545,560,400,496
b10-18-k15-x540-g560,40,0,345,233,0,0,0,0,345,-1,0,1,0,0,0,0,522,545,560,400,496
b10-18-k15-x560-g580,1,1,0,0,0,0,0,0,0,-1,0,-1,-1,0,0,0,500,560,580,500,500
b10-18-k15-x560-g580,2,0,0,65,0,0,0,0,0,-1,0,-1,-1,0,0,0,500,562,580,500,500
b10-18-k15-x560-g580,3,1,0,65,0,0,0,0,0,-1,0,-1,-1,0,0,0,500,564,580,500,500
b10-18-k15-x560-g580,4,0,0,61,0,0,0,0,0,-1,0,-1,-1,0,0,0,500,566,580,500,500
b10-18-k15-x560-g580,5,1,0,61,3,1,1,0,0,-1,0,-1,-1,0,0,0,500,568,580,500,498
b10-18-k15-x560-g580,6,0,1,61,2,0,0,0,0,-1,0,-1,-1,0,0,0,500,568,580,500,498
b10-18-k15-x560-g580,7,1,1,61,1,0,0,0,1,-1,0,-1,-1,0,0,0,500,568,580,500,498
b10-18-k15-x560-g580,8,0,1,61,0,0,0,0,1,-1,0,-1,-1,0,0,0,500,568,580,500,498
b10-18-k15-x560-g580,9,1,1,62,0,0,0,0,1,-1,0,-1,-1,0,0,0,500,570,580,500,498
b10-18-k15-x560-g580,10,0,1,62,0,0,0,0,1,-1,0,-1,-1,0,0,0,500,571,580,500,498
b10-18-k15-x560-g580,11,1,1,63,0,0,0,0,1,-1,0,-1,-1,0,0,0,500,571,580,500,498
b10-18-k15-x560-g580,12,0,2,66,0,0,0,0,1,-1,0,-1,-1,0,0,0,500,573,580,500,498
b10-18-k15-x560-g580,13,1,2,66,0,0,0,0,2,-1,0,-1,-1,0,0,0,500,575,580,500,498
b10-18-k15-x560-g580,14,0,2,67,0,0,0,0,2,-1,0,-1,-1,0,0,0,500,577,580,500,498
b10-18-k15-x560-g580,15,1,2,68,0,0,0,0,2,-1,0,-1,-1,0,0,0,500,578,580,500,498
b10-18-k15-x560-g580,16,0,60,68,3,1,1,0,60,-1,0,-1,-1,0,0,0,501,578,580,500,496
b10-18-k15-x560-g580,17,1,60,68,2,0,0,0,60,-1,0,-1,-1,0,0,0,502,578,580,500,496
b10-18-k15-x560-g580,18,0,320,68,1,0,0,0,320,-1,0,-1,-1,0,0,0,502,578,580,500,496
b10-18-k15-x560-g580,19,1,321,68,0,0,0,0,320,-1,0,-1,-1,0,0,0,502,578,580,500,496
b10-18-k15-x560-g580,20,0,322,69,0,0,0,0,321,-1,0,-1,-1,0,0,0,502,578,580,500,496
b10-18-k15-x560-g580,21,1,323,70,0,0,0,0,322,-1,0,-1,-1,0,0,0,502,578,580,500,496
b10-18-k15-x560-g580,22,0,335,132,0,0,0,1,335,132,0,1,0,1,1,0,503,593,580,500,496
b10-18-k15-x560-g580,23,1,336,132,0,0,0,0,335,132,0,1,0,1,1,0,503,593,580,500,496
b10-18-k15-x560-g580,24,0,336,132,0,0,0,0,336,132,0,1,0,1,1,0,503,535,580,500,496
b10-18-k15-x560-g580,25,1,337,132,0,0,0,0,336,132,0,1,0,1,1,0,503,535,580,500,496
b10-18-k15-x560-g580,26,0,337,132,0,0,0,0,337,132,0,1,0,1,1,0,503,517,580,500,496
b10-18-k15-x560-g580,27,1,338,132,0,0,0,0,337,132,0,1,0,1,1,0,503,517,580,500,496
b10-18-k15-x560-g580,28,0,339,132,0,0,0,0,338,132,0,1,0,1,1,0,503,512,580,500,496
b10-18-k15-x560-g580,29,1,340,132,0,0,0,0,339,132,0,1,0,1,1,0,503,517,580,500,496
b10-18-k15-x560-g580,30,0,341,136,0,0,0,0,340,136,0,1,0,1,1,0,503,517,580,500,496
b10-18-k15-x560-g580,31,1,341,137,0,0,0,0,341,137,0,1,0,1,1,0,503,525,580,500,496
b10-18-k15-x560-g580,32,0,342,137,0,0,0,0,341,137,0,1,0,1,1,0,503,525,580,500,496
b10-18-k15-x560-g580,33,1,342,137,-3,0,0,0,342,137,0,1,0,1,1,0,503,526,580,400,496
b10-18-k15-x560-g580,34,0,342,137,-2,0,0,0,342,137,0,1,0,1,1,0,503,526,580,400,496
b10-18-k15-x560-g580,35,1,343,137,-1,0,0,0,342,137,0,1,0,1,1,0,503,526,580,400,496
b10-18-k15-x560-g580,36,0,344,233,0,0,0,0,343,232,0,1,0,1,0,0,503,526,580,400,496
b10-18-k15-x560-g580,37,1,344,233,0,0,0,0,344,-1,0,1,0,0,0,0,503,526,580,400,496
b10-18-k15-x560-g580,38,0,344,233,0,0,0,0,344,-1,0,1,0,0,0,0,503,526,580,400,496
b10-18-k15-x560-g580,39,1,344,233,0,0,0,0,344,-1,0,1,0,0,0,0,503,526,580,400,496
b10-18-k15-x560-g580,40,0,344,233,0,0,0,0,344,-1,0,1,0,0,0,0,503,526,580,400,496
b10-18-k16-x540-g560,1,1,0,0,0,0,0,0,0,-1,0,-1,-1,0,0,0,500,540,560,500,500
b10-18-k16-x540-g560,2,0,0,65,0,0,0,0,0,-1,0,-1,-1,0,0,0,500,542,560,500,500
b10-18-k16-x540-g560,3,1,0,65,0,0,0,0,0,-1,0,-1,-1,0,0,0,500,544,560,500,500
b10-18-k16-x540-g560,4,0,0,61,0,0,0,0,0,-1,0,-1,-1,0,0,0,500,546,560,500,500
b10-18-k16-x540-g560,5,1,0,61,3,1,1,0,0,-1,0,-1,-1,0,0,0,500,548,560,500,498
b10-18-k16-x540-g560,6,0,1,61,2,0,0,0,0,-1,0,-1,-1,0,0,0,500,548,560,500,498
b10-18-k16-x540-g560,7,1,1,61,1,0,0,0,1,-1,0,-1,-1,0,0,0,500,548,560,500,498
b10-18-k16-x540-g560,8,0,1,61,0,0,0,0,1,-1,0,-1,-1,0,0,0,500,548,560,500,498
b10-18-k16-x540-g560,9,1,1,62,0,0,0,0,1,-1,0,-1,-1,0,0,0,500,550,560,500,498
b10-18-k16-x540-g560,10,0,1,62,0,0,0,0,1,-1,0,-1,-1,0,0,0,500,551,560,500,498
b10-18-k16-x540-g560,11,1,1,63,0,0,0,0,1,-1,0,-1,-1,0,0,0,500,551,560,500,498
b10-18-k16-x540-g560,12,0,2,66,0,0,0,0,1,-1,0,-1,-1,0,0,0,500,553,560,500,498
b10-18-k16-x540-g560,13,1,2,66,0,0,0,0,2,-1,0,-1,-1,0,0,0,500,555,560,500,498
b10-18-k16-x540-g560,14,0,2,67,0,0,0,0,2,-1,0,-1,-1,0,0,0,500,557,560,500,498
b10-18-k16-x540-g560,15,1,2,68,0,0,0,0,2,-1,0,-1,-1,0,0,0,500,558,560,500,498
b10-18-k16-x540-g560,16,0,60,68,3,1,1,0,60,-1,0,-1,-1,0,0,0,501,558,560,500,496
b10-18-k16-x540-g560,17,1,60,68,2,0,0,0,60,-1,0,-1,-1,0,0,0,502,558,560,500,496
b10-18-k16-x540-g560,18,0,320,68,1,0,0,0,320,-1,0,-1,-1,0,0,0,502,558,560,500,496
b10-18-k16-x540-g560,19,1,321,68,0,0,0,0,320,-1,0,-1,-1,0,0,0,502,558,560,500,496
b10-18-k16-x540-g560,20,0,322,69,0,0,0,0,321,-1,0,-1,-1,0,0,0,502,558,560,500,496
b10-18-k16-x540-g560,21,1,336,132,0,0,0,1,336,132,0,1,0,1,1,0,522,554,560,500,496
b10-18-k16-x540-g560,22,0,337,132,0,0,0,0,336,132,0,1,0,1,1,0,522,554,560,500,496
b10-18-k16-x540-g560,23,1,337,132,0,0,0,0,337,132,0,1,0,1,1,0,522,536,560,500,496
b10-18-k16-x540-g560,24,0,338,132,0,0,0,0,337,132,0,1,0,1,1,0,522,536,560,500,496
b10-18-k16-x540-g560,25,1,339,132,0,0,0,0,338,132,0,1,0,1,1,0,522,531,560,500,496
b10-18-k16-x540-g560,26,0,340,132,0,0,0,0,339,132,0,1,0,1,1,0,522,536,560,500,496
b10-18-k16-x540-g560,27,1,341,136,0,0,0,0,340,136,0,1,0,1,1,0,522,536,560,500,496
b10-18-k16-x540-g560,28,0,341,137,0,0,0,0,341,137,0,1,0,1,1,0,522,544,560,500,496
b10-18-k16-x540-g560,29,1,342,137,0,0,0,0,341,137,0,1,0,1,1,0,522,544,560,500,496
b10-18-k16-x540-g560,30,0,342,137,-3,0,0,0,342,137,0,1,0,1,1,0,522,545,560,400,496
b10-18-k16-x540-g560,31,1,342,137,-2,0,0,0,342,137,0,1,0,1,1,0,522,545,560,400,496
b10-18-k16-x540-g560,32,0,343,137,-1,0,0,0,342,137,0,1,0,1,1,0,522,545,560,400,496
b10-18-k16-x540-g560,33,1,344,233,0,0,0,0,343,232,0,1,0,1,0,0,522,545,560,400,496
b10-18-k16-x540-g560,34,0,344,233,0,0,0,0,344,-1,0,1,0,0,0,0,522,545,560,400,496
b10-18-k16-x540-g560,35,1,344,233,0,0,0,0,344,-1,0,1,0,0,0,0,522,545,560,400,496
b10-18-k16-x540-g560,36,0,344,233,0,0,0,0,344,-1,0,1,0,0,0,0,522,545,560,400,496
b10-18-k16-x540-g560,37,1,344,233,0,0,0,0,344,-1,0,1,0,0,0,0,522,545,560,400,496
b10-18-k16-x540-g560,38,0,344,233,0,0,0,0,344,-1,0,1,0,0,0,0,522,545,560,400,496
b10-18-k16-x540-g560,39,1,345,233,0,0,0,0,344,-1,0,1,0,0,0,0,522,545,560,400,496
b10-18-k16-x540-g560,40,0,345,233,0,0,0,0,345,-1,0,1,0,0,0,0,522,545,560,400,496
b10-18-k16-x560-g580,1,1,0,0,0,0,0,0,0,-1,0,-1,-1,0,0,0,500,560,580,500,500
b10-18-k16-x560-g580,2,0,0,65,0,0,0,0,0,-1,0,-1,-1,0,0,0,500,562,580,500,500
b10-18-k16-x560-g580,3,1,0,65,0,0,0,0,0,-1,0,-1,-1,0,0,0,500,564,580,500,500
b10-18-k16-x560-g580,4,0,0,61,0,0,0,0,0,-1,0,-1,-1,0,0,0,500,566,580,500,500
b10-18-k16-x560-g580,5,1,0,61,3,1,1,0,0,-1,0,-1,-1,0,0,0,500,568,580,500,498
b10-18-k16-x560-g580,6,0,1,61,2,0,0,0,0,-1,0,-1,-1,0,0,0,500,568,580,500,498
b10-18-k16-x560-g580,7,1,1,61,1,0,0,0,1,-1,0,-1,-1,0,0,0,500,568,580,500,498
b10-18-k16-x560-g580,8,0,1,61,0,0,0,0,1,-1,0,-1,-1,0,0,0,500,568,580,500,498
b10-18-k16-x560-g580,9,1,1,62,0,0,0,0,1,-1,0,-1,-1,0,0,0,500,570,580,500,498
b10-18-k16-x560-g580,10,0,1,62,0,0,0,0,1,-1,0,-1,-1,0,0,0,500,571,580,500,498
b10-18-k16-x560-g580,11,1,1,63,0,0,0,0,1,-1,0,-1,-1,0,0,0,500,571,580,500,498
b10-18-k16-x560-g580,12,0,2,66,0,0,0,0,1,-1,0,-1,-1,0,0,0,500,573,580,500,498
b10-18-k16-x560-g580,13,1,2,66,0,0,0,0,2,-1,0,-1,-1,0,0,0,500,575,580,500,498
b10-18-k16-x560-g580,14,0,2,67,0,0,0,0,2,-1,0,-1,-1,0,0,0,500,577,580,500,498
b10-18-k16-x560-g580,15,1,2,68,0,0,0,0,2,-1,0,-1,-1,0,0,0,500,578,580,500,498
b10-18-k16-x560-g580,16,0,60,68,3,1,1,0,60,-1,0,-1,-1,0,0,0,501,578,580,500,496
b10-18-k16-x560-g580,17,1,60,68,2,0,0,0,60,-1,0,-1,-1,0,0,0,502,578,580,500,496
b10-18-k16-x560-g580,18,0,320,68,1,0,0,0,320,-1,0,-1,-1,0,0,0,502,578,580,500,496
b10-18-k16-x560-g580,19,1,321,68,0,0,0,0,320,-1,0,-1,-1,0,0,0,502,578,580,500,496
b10-18-k16-x560-g580,20,0,322,69,0,0,0,0,321,-1,0,-1,-1,0,0,0,502,578,580,500,496
b10-18-k16-x560-g580,21,1,323,70,0,0,0,0,322,-1,0,-1,-1,0,0,0,502,578,580,500,496
b10-18-k16-x560-g580,22,0,335,132,0,0,0,1,335,132,0,1,0,1,1,0,503,593,580,500,496
b10-18-k16-x560-g580,23,1,336,132,0,0,0,0,335,132,0,1,0,1,1,0,503,593,580,500,496
b10-18-k16-x560-g580,24,0,336,132,0,0,0,0,336,132,0,1,0,1,1,0,503,535,580,500,496
b10-18-k16-x560-g580,25,1,337,132,0,0,0,0,336,132,0,1,0,1,1,0,503,535,580,500,496
b10-18-k16-x560-g580,26,0,337,132,0,0,0,0,337,132,0,1,0,1,1,0,503,517,580,500,496
b10-18-k16-x560-g580,27,1,338,132,0,0,0,0,337,132,0,1,0,1,1,0,503,517,580,500,496
b10-18-k16-x560-g580,28,0,339,132,0,0,0,0,338,132,0,1,0,1,1,0,503,512,580,500,496
b10-18-k16-x560-g580,29,1,340,132,0,0,0,0,339,132,0,1,0,1,1,0,503,517,580,500,496
b10-18-k16-x560-g580,30,0,341,136,0,0,0,0,340,136,0,1,0,1,1,0,503,517,580,500,496
b10-18-k16-x560-g580,31,1,341,137,0,0,0,0,341,137,0,1,0,1,1,0,503,525,580,500,496
b10-18-k16-x560-g580,32,0,342,137,0,0,0,0,341,137,0,1,0,1,1,0,503,525,580,500,496
b10-18-k16-x560-g580,33,1,342,137,-3,0,0,0,342,137,0,1,0,1,1,0,503,526,580,400,496
b10-18-k16-x560-g580,34,0,342,137,-2,0,0,0,342,137,0,1,0,1,1,0,503,526,580,400,496
b10-18-k16-x560-g580,35,1,343,137,-1,0,0,0,342,137,0,1,0,1,1,0,503,526,580,400,496
b10-18-k16-x560-g580,36,0,344,233,0,0,0,0,343,232,0,1,0,1,0,0,503,526,580,400,496
b10-18-k16-x560-g580,37,1,344,233,0,0,0,0,344,-1,0,1,0,0,0,0,503,526,580,400,496
b10-18-k16-x560-g580,38,0,344,233,0,0,0,0,344,-1,0,1,0,0,0,0,503,526,580,400,496
b10-18-k16-x560-g580,39,1,344,233,0,0,0,0,344,-1,0,1,0,0,0,0,503,526,580,400,496
b10-18-k16-x560-g580,40,0,344,233,0,0,0,0,344,-1,0,1,0,0,0,0,503,526,580,400,496
b10-18-k17-x540-g560,1,1,0,0,0,0,0,0,0,-1,0,-1,-1,0,0,0,500,540,560,500,500
b10-18-k17-x540-g560,2,0,0,65,0,0,0,0,0,-1,0,-1,-1,0,0,0,500,542,560,500,500
b10-18-k17-x540-g560,3,1,0,65,0,0,0,0,0,-1,0,-1,-1,0,0,0,500,544,560,500,500
b10-18-k17-x540-g560,4,0,0,61,0,0,0,0,0,-1,0,-1,-1,0,0,0,500,546,560,500,500
b10-18-k17-x540-g560,5,1,0,61,3,1,1,0,0,-1,0,-1,-1,0,0,0,500,548,560,500,498
b10-18-k17-x540-g560,6,0,1,61,2,0,0,0,0,-1,0,-1,-1,0,0,0,500,548,560,500,498
b10-18-k17-x540-g560,7,1,1,61,1,0,0,0,1,-1,0,-1,-1,0,0,0,500,548,560,500,498
b10-18-k17-x540-g560,8,0,1,61,0,0,0,0,1,-1,0,-1,-1,0,0,0,500,548,560,500,498
b10-18-k17-x540-g560,9,1,1,62,0,0,0,0,1,-1,0,-1,-1,0,0,0,500,550,560,500,498
b10-18-k17-x540-g560,10,0,1,62,0,0,0,0,1,-1,0,-1,-1,0,0,0,500,551,560,500,498
b10-18-k17-x540-g560,11,1,1,63,0,0,0,0,1,-1,0,-1,-1,0,0,0,500,551,560,500,498
b10-18-k17-x540-g560,12,0,2,66,0,0,0,0,1,-1,0,-1,-1,0,0,0,500,553,560,500,498
b10-18-k17-x540-g560,13,1,2,66,0,0,0,0,2,-1,0,-1,-1,0,0,0,500,555,560,500,498
b10-18-k17-x540-g560,14,0,2,67,0,0,0,0,2,-1,0,-1,-1,0,0,0,500,557,560,500,498
b10-18-k17-x540-g560,15,1,2,68,0,0,0,0,2,-1,0,-1,-1,0,0,0,500,558,560,500,498
b10-18-k17-x540-g560,16,0,2,68,3,1,1,0,2,-1,0,-1,-1,0,0,0,500,558,560,500,496
b10-18-k17-x540-g560,17,1,2,68,2,0,0,0,2,-1,0,-1,-1,0,0,0,500,558,560,500,496
b10-18-k17-x540-g560,18,0,60,68,1,0,0,0,60,-1,0,-1,-1,0,0,0,501,558,560,500,496
b10-18-k17-x540-g560,19,1,60,68,0,0,0,0,60,-1,0,-1,-1,0,0,0,502,558,560,500,496
b10-18-k17-x540-g560,20,0,320,69,0,0,0,0,320,-1,0,-1,-1,0,0,0,502,558,560,500,496
b10-18-k17-x540-g560,21,1,321,70,0,0,0,0,320,-1,0,-1,-1,0,0,0,502,558,560,500,496
b10-18-k17-x540-g560,22,0,322,71,0,0,0,0,321,-1,0,-1,-1,0,0,0,502,558,560,500,496
b10-18-k17-x540-g560,23,1,336,132,0,0,0,1,336,132,0,1,0,1,1,0,522,554,560,500,496
b10-18-k17-x540-g560,24,0,337,132,0,0,0,0,336,132,0,1,0,1,1,0,522,554,560,500,496
b10-18-k17-x540-g560,25,1,337,132,0,0,0,0,337,132,0,1,0,1,1,0,522,536,560,500,496
b10-18-k17-x540-g560,26,0,338,132,0,0,0,0,337,132,0,1,0,1,1,0,522,536,560,500,496
b10-18-k17-x540-g560,27,1,339,132,0,0,0,0,338,132,0,1,0,1,1,0,522,531,560,500,496
b10-18-k17-x540-g560,28,0,340,132,0,0,0,0,339,132,0,1,0,1,1,0,522,536,560,500,496
b10-18-k17-x540-g560,29,1,341,136,0,0,0,0,340,136,0,1,0,1,1,0,522,536,560,500,496
b10-18-k17-x540-g560,30,0,341,137,0,0,0,0,341,137,0,1,0,1,1,0,522,544,560,500,496
b10-18-k17-x540-g560,31,1,342,137,0,0,0,0,341,137,0,1,0,1,1,0,522,544,560,500,496
b10-18-k17-x540-g560,32,0,342,137,-3,0,0,0,342,137,0,1,0,1,1,0,522,545,560,400,496
b10-18-k17-x540-g560,33,1,342,137,-2,0,0,0,342,137,0,1,0,1,1,0,522,545,560,400,496
b10-18-k17-x540-g560,34,0,343,137,-1,0,0,0,342,137,0,1,0,1,1,0,522,545,560,400,496
b10-18-k17-x540-g560,35,1,344,233,0,0,0,0,343,232,0,1,0,1,0,0,522,545,560,400,496
b10-18-k17-x540-g560,36,0,344,233,0,0,0,0,344,-1,0,1,0,0,0,0,522,545,560,400,496
b10-18-k17-x540-g560,37,1,344,233,0,0,0,0,344,-1,0,1,0,0,0,0,522,545,560,400,496
b10-18-k17-x540-g560,38,0,344,233,0,0,0,0,344,-1,0,1,0,0,0,0,522,545,560,400,496
b10-18-k17-x540-g560,39,1,344,233,0,0,0,0,344,-1,0,1,0,0,0,0,522,545,560,400,496
b10-18-k17-x540-g560,40,0,344,233,0,0,0,0,344,-1,0,1,0,0,0,0,522,545,560,400,496
b10-18-k17-x560-g580,1,1,0,0,0,0,0,0,0,-1,0,-1,-1,0,0,0,500,560,580,500,500
b10-18-k17-x560-g580,2,0,0,65,0,0,0,0,0,-1,0,-1,-1,0,0,0,500,562,580,500,500
b10-18-k17-x560-g580,3,1,0,65,0,0,0,0,0,-1,0,-1,-1,0,0,0,500,564,580,500,500
b10-18-k17-x560-g580,4,0,0,61,0,0,0,0,0,-1,0,-1,-1,0,0,0,500,566,580,500,500
b10-18-k17-x560-g580,5,1,0,61,3,1,1,0,0,-1,0,-1,-1,0,0,0,500,568,580,500,498
b10-18-k17-x560-g580,6,0,1,61,2,0,0,0,0,-1,0,-1,-1,0,0,0,500,568,580,500,498
b10-18-k17-x560-g580,7,1,1,61,1,0,0,0,1,-1,0,-1,-1,0,0,0,500,568,580,500,498
b10-18-k17-x560-g580,8,0,1,61,0,0,0,0,1,-1,0,-1,-1,0,0,0,500,568,580,500,498
b10-18-k17-x560-g580,9,1,1,62,0,0,0,0,1,-1,0,-1,-1,0,0,0,500,570,580,500,498
b10-18-k17-x560-g580,10,0,1,62,0,0,0,0,1,-1,0,-1,-1,0,0,0,500,571,580,500,498
b10-18-k17-x560-g580,11,1,1,63,0,0,0,0,1,-1,0,-1,-1,0,0,0,500,571,580,500,498
b10-18-k17-x560-g580,12,0,2,66,0,0,0,0,1,-1,0,-1,-1,0,0,0,500,573,580,500,498
b10-18-k17-x560-g580,13,1,2,66,0,0,0,0,2,-1,0,-1,-1,0,0,0,500,575,580,500,498
b10-18-k17-x560-g580,14,0,2,67,0,0,0,0,2,-1,0,-1,-1,0,0,0,500,577,580,500,498
b10-18-k17-x560-g580,15,1,2,68,0,0,0,0,2,-1,0,-1,-1,0,0,0,500,578,580,500,498
b10-18-k17-x560-g580,16,0,2,68,3,1,1,0,2,-1,0,-1,-1,0,0,0,500,578,580,500,496
b10-18-k17-x560-g580,17,1,2,68,2,0,0,0,2,-1,0,-1,-1,0,0,0,500,578,580,500,496
b10-18-k17-x560-g580,18,0,60,68,1,0,0,0,60,-1,0,-1,-1,0,0,0,501,578,580,500,496
b10-18-k17-x560-g580,19,1,60,68,0,0,0,0,60,-1,0,-1,-1,0,0,0,502,578,580,500,496
b10-18-k17-x560-g580,20,0,320,69,0,0,0,0,320,-1,0,-1,-1,0,0,0,502,578,580,500,496
b10-18-k17-x560-g580,21,1,321,70,0,0,0,0,320,-1,0,-1,-1,0,0,0,502,578,580,500,496
b10-18-k17-x560-g580,22,0,322,71,0,0,0,0,321,-1,0,-1,-1,0,0,0,502,578,580,500,496
b10-18-k17-x560-g580,23,1,323,72,0,0,0,0,322,-1,0,-1,-1,0,0,0,502,578,580,500,496
b10-18-k17-x560-g580,24,0,335,132,0,0,0,1,335,132,0,1,0,1,1,0,504,594,580,500,496
b10-18-k17-x560-g580,25,1,336,132,0,0,0,0,335,132,0,1,0,1,1,0,504,594,580,500,496
b10-18-k17-x560-g580,26,0,336,132,0,0,0,0,336,132,0,1,0,1,1,0,504,536,580,500,496
b10-18-k17-x560-g580,27,1,337,132,0,0,0,0,336,132,0,1,0,1,1,0,504,536,580,500,496
b10-18-k17-x560-g580,28,0,337,132,0,0,0,0,337,132,0,1,0,1,1,0,504,518,580,500,496
b10-18-k17-x560-g580,29,1,338,132,0,0,0,0,337,132,0,1,0,1,1,0,504,518,580,500,496
b10-18-k17-x560-g580,30,0,339,132,0,0,0,0,338,132,0,1,0,1,1,0,504,513,580,500,496
b10-18-k17-x560-g580,31,1,340,132,0,0,0,0,339,132,0,1,0,1,1,0,504,518,580,500,496
b10-18-k17-x560-g580,32,0,341,136,0,0,0,0,340,136,0,1,0,1,1,0,504,518,580,500,496
b10-18-k17-x560-g580,33,1,341,137,0,0,0,0,341,137,0,1,0,1,1,0,504,526,580,500,496
b10-18-k17-x560-g580,34,0,342,137,0,0,0,0,341,137,0,1,0,1,1,0,504,526,580,500,496
b10-18-k17-x560-g580,35,1,342,137,-3,0,0,0,342,137,0,1,0,1,1,0,504,527,580,400,496
b10-18-k17-x560-g580,36,0,342,137,-2,0,0,0,342,137,0,1,0,1,1,0,504,527,580,400,496
b10-18-k17-x560-g580,37,1,343,137,-1,0,0,0,342,137,0,1,0,1,1,0,504,527,580,400,496
b10-18-k17-x560-g580,38,0,344,233,0,0,0,0,343,232,0,1,0,1,0,0,504,527,580,400,496
b10-18-k17-x560-g580,39,1,344,233,0,0,0,0,344,-1,0,1,0,0,0,0,504,527,580,400,496
b10-18-k17-x560-g580,40,0,344,233,0,0,0,0,344,-1,0,1,0,0,0,0,504,527,580,400,496
b10-18-k18-x540-g560,1,1,0,0,0,0,0,0,0,-1,0,-1,-1,0,0,0,500,540,560,500,500
b10-18-k18-x540-g560,2,0,0,65,0,0,0,0,0,-1,0,-1,-1,0,0,0,500,542,560,500,500
b10-18-k18-x540-g560,3,1,0,65,0,0,0,0,0,-1,0,-1,-1,0,0,0,500,544,560,500,500
b10-18-k18-x540-g560,4,0,0,61,0,0,0,0,0,-1,0,-1,-1,0,0,0,500,546,560,500,500
b10-18-k18-x540-g560,5,1,0,61,3,1,1,0,0,-1,0,-1,-1,0,0,0,500,548,560,500,498
b10-18-k18-x540-g560,6,0,1,61,2,0,0,0,0,-1,0,-1,-1,0,0,0,500,548,560,500,498
b10-18-k18-x540-g560,7,1,1,61,1,0,0,0,1,-1,0,-1,-1,0,0,0,500,548,560,500,498
b10-18-k18-x540-g560,8,0,1,61,0,0,0,0,1,-1,0,-1,-1,0,0,0,500,548,560,500,498
b10-18-k18-x540-g560,9,1,1,62,0,0,0,0,1,-1,0,-1,-1,0,0,0,500,550,560,500,498
b10-18-k18-x540-g560,10,0,1,62,0,0,0,0,1,-1,0,-1,-1,0,0,0,500,551,560,500,498
b10-18-k18-x540-g560,11,1,1,63,0,0,0,0,1,-1,0,-1,-1,0,0,0,500,551,560,500,498
b10-18-k18-x540-g560,12,0,2,66,0,0,0,0,1,-1,0,-1,-1,0,0,0,500,553,560,500,498
b10-18-k18-x540-g560,13,1,2,66,0,0,0,0,2,-1,0,-1,-1,0,0,0,500,555,560,500,498
b10-18-k18-x540-g560,14,0,2,67,0,0,0,0,2,-1,0,-1,-1,0,0,0,500,557,560,500,498
b10-18-k18-x540-g560,15,1,2,68,0,0,0,0,2,-1,0,-1,-1,0,0,0,500,558,560,500,498
b10-18-k18-x540-g560,16,0,2,68,3,1,1,0,2,-1,0,-1,-1,0,0,0,500,558,560,500,496
b10-18-k18-x540-g560,17,1,2,68,2,0,0,0,2,-1,0,-1,-1,0,0,0,500,558,560,500,496
b10-18-k18-x540-g560,18,0,60,68,1,0,0,0,60,-1,0,-1,-1,0,0,0,501,558,560,500,496
b10-18-k18-x540-g560,19,1,60,68,0,0,0,0,60,-1,0,-1,-1,0,0,0,502,558,560,500,496
b10-18-k18-x540-g560,20,0,320,69,0,0,0,0,320,-1,0,-1,-1,0,0,0,502,558,560,500,496
b10-18-k18-x540-g560,21,1,321,70,0,0,0,0,320,-1,0,-1,-1,0,0,0,502,558,560,500,496
b10-18-k18-x540-g560,22,0,322,71,0,0,0,0,321,-1,0,-1,-1,0,0,0,502,558,560,500,496
b10-18-k18-x540-g560,23,1,336,132,0,0,0,1,336,132,0,1,0,1,1,0,522,554,560,500,496
b10-18-k18-x540-g560,24,0,337,132,0,0,0,0,336,132,0,1,0,1,1,0,522,554,560,500,496
b10-18-k18-x540-g560,25,1,337,132,0,0,0,0,337,132,0,1,0,1,1,0,522,536,560,500,496
b10-18-k18-x540-g560,26,0,338,132,0,0,0,0,337,132,0,1,0,1,1,0,522,536,560,500,496
b10-18-k18-x540-g560,27,1,339,132,0,0,0,0,338,132,0,1,0,1,1,0,522,531,560,500,496
b10-18-k18-x540-g560,28,0,340,132,0,0,0,0,339,132,0,1,0,1,1,0,522,536,560,500,496
b10-18-k18-x540-g560,29,1,341,136,0,0,0,0,340,136,0,1,0,1,1,0,522,536,560,500,496
b10-18-k18-x540-g560,30,0,341,137,0,0,0,0,341,137,0,1,0,1,1,0,522,544,560,500,496
b10-18-k18-x540-g560,31,1,342,137,0,0,0,0,341,137,0,1,0,1,1,0,522,544,560,500,496
b10-18-k18-x540-g560,32,0,342,137,-3,0,0,0,342,137,0,1,0,1,1,0,522,545,560,400,496
b10-18-k18-x540-g560,33,1,342,137,-2,0,0,0,342,137,0,1,0,1,1,0,522,545,560,400,496
b10-18-k18-x540-g560,34,0,343,137,-1,0,0,0,342,137,0,1,0,1,1,0,522,545,560,400,496
b10-18-k18-x540-g560,35,1,344,233,0,0,0,0,343,232,0,1,0,1,0,0,522,545,560,400,496
b10-18-k18-x540-g560,36,0,344,233,0,0,0,0,344,-1,0,1,0,0,0,0,522,545,560,400,496
b10-18-k18-x540-g560,37,1,344,233,0,0,0,0,344,-1,0,1,0,0,0,0,522,545,560,400,496
b10-18-k18-x540-g560,38,0,344,233,0,0,0,0,344,-1,0,1,0,0,0,0,522,545,560,400,496
b10-18-k18-x540-g560,39,1,344,233,0,0,0,0,344,-1,0,1,0,0,0,0,522,545,560,400,496
b10-18-k18-x540-g560,40,0,344,233,0,0,0,0,344,-1,0,1,0,0,0,0,522,545,560,400,496
b10-18-k18-x560-g580,1,1,0,0,0,0,0,0,0,-1,0,-1,-1,0,0,0,500,560,580,500,500
b10-18-k18-x560-g580,2,0,0,65,0,0,0,0,0,-1,0,-1,-1,0,0,0,500,562,580,500,500
b10-18-k18-x560-g580,3,1,0,65,0,0,0,0,0,-1,0,-1,-1,0,0,0,500,564,580,500,500
b10-18-k18-x560-g580,4,0,0,61,0,0,0,0,0,-1,0,-1,-1,0,0,0,500,566,580,500,500
b10-18-k18-x560-g580,5,1,0,61,3,1,1,0,0,-1,0,-1,-1,0,0,0,500,568,580,500,498
b10-18-k18-x560-g580,6,0,1,61,2,0,0,0,0,-1,0,-1,-1,0,0,0,500,568,580,500,498
b10-18-k18-x560-g580,7,1,1,61,1,0,0,0,1,-1,0,-1,-1,0,0,0,500,568,580,500,498
b10-18-k18-x560-g580,8,0,1,61,0,0,0,0,1,-1,0,-1,-1,0,0,0,500,568,580,500,498
b10-18-k18-x560-g580,9,1,1,62,0,0,0,0,1,-1,0,-1,-1,0,0,0,500,570,580,500,498
b10-18-k18-x560-g580,10,0,1,62,0,0,0,0,1,-1,0,-1,-1,0,0,0,500,571,580,500,498
b10-18-k18-x560-g580,11,1,1,63,0,0,0,0,1,-1,0,-1,-1,0,0,0,500,571,580,500,498
b10-18-k18-x560-g580,12,0,2,66,0,0,0,0,1,-1,0,-1,-1,0,0,0,500,573,580,500,498
b10-18-k18-x560-g580,13,1,2,66,0,0,0,0,2,-1,0,-1,-1,0,0,0,500,575,580,500,498
b10-18-k18-x560-g580,14,0,2,67,0,0,0,0,2,-1,0,-1,-1,0,0,0,500,577,580,500,498
b10-18-k18-x560-g580,15,1,2,68,0,0,0,0,2,-1,0,-1,-1,0,0,0,500,578,580,500,498
b10-18-k18-x560-g580,16,0,2,68,3,1,1,0,2,-1,0,-1,-1,0,0,0,500,578,580,500,496
b10-18-k18-x560-g580,17,1,2,68,2,0,0,0,2,-1,0,-1,-1,0,0,0,500,578,580,500,496
b10-18-k18-x560-g580,18,0,60,68,1,0,0,0,60,-1,0,-1,-1,0,0,0,501,578,580,500,496
b10-18-k18-x560-g580,19,1,60,68,0,0,0,0,60,-1,0,-1,-1,0,0,0,502,578,580,500,496
b10-18-k18-x560-g580,20,0,320,69,0,0,0,0,320,-1,0,-1,-1,0,0,0,502,578,580,500,496
b10-18-k18-x560-g580,21,1,321,70,0,0,0,0,320,-1,0,-1,-1,0,0,0,502,578,580,500,496
b10-18-k18-x560-g580,22,0,322,71,0,0,0,0,321,-1,0,-1,-1,0,0,0,502,578,580,500,496
b10-18-k18-x560-g580,23,1,323,72,0,0,0,0,322,-1,0,-1,-1,0,0,0,502,578,580,500,496
b10-18-k18-x560-g580,24,0,335,132,0,0,0,1,335,132,0,1,0,1,1,0,504,594,580,500,496
b10-18-k18-x560-g580,25,1,336,132,0,0,0,0,335,132,0,1,0,1,1,0,504,594,580,500,496
b10-18-k18-x560-g580,26,0,336,132,0,0,0,0,336,132,0,1,0,1,1,0,504,536,580,500,496
b10-18-k18-x560-g580,27,1,337,132,0,0,0,0,336,132,0,1,0,1,1,0,504,536,580,500,496
b10-18-k18-x560-g580,28,0,337,132,0,0,0,0,337,132,0,1,0,1,1,0,504,518,580,500,496
b10-18-k18-x560-g580,29,1,338,132,0,0,0,0,337,132,0,1,0,1,1,0,504,518,580,500,496
b10-18-k18-x560-g580,30,0,339,132,0,0,0,0,338,132,0,1,0,1,1,0,504,513,580,500,496
b10-18-k18-x560-g580,31,1,340,132,0,0,0,0,339,132,0,1,0,1,1,0,504,518,580,500,496
b10-18-k18-x560-g580,32,0,341,136,0,0,0,0,340,136,0,1,0,1,1,0,504,518,580,500,496
b10-18-k18-x560-g580,33,1,341,137,0,0,0,0,341,137,0,1,0,1,1,0,504,526,580,500,496
b10-18-k18-x560-g580,34,0,342,137,0,0,0,0,341,137,0,1,0,1,1,0,504,526,580,500,496
b10-18-k18-x560-g580,35,1,342,137,-3,0,0,0,342,137,0,1,0,1,1,0,504,527,580,400,496
b10-18-k18-x560-g580,36,0,342,137,-2,0,0,0,342,137,0,1,0,1,1,0,504,527,580,400,496
b10-18-k18-x560-g580,37,1,343,137,-1,0,0,0,342,137,0,1,0,1,1,0,504,527,580,400,496
b10-18-k18-x560-g580,38,0,344,233,0,0,0,0,343,232,0,1,0,1,0,0,504,527,580,400,496
b10-18-k18-x560-g580,39,1,344,233,0,0,0,0,344,-1,0,1,0,0,0,0,504,527,580,400,496
b10-18-k18-x560-g580,40,0,344,233,0,0,0,0,344,-1,0,1,0,0,0,0,504,527,580,400,496
b10-18-k19-x540-g560,1,1,0,0,0,0,0,0,0,-1,0,-1,-1,0,0,0,500,540,560,500,500
b10-18-k19-x540-g560,2,0,0,65,0,0,0,0,0,-1,0,-1,-1,0,0,0,500,542,560,500,500
b10-18-k19-x540-g560,3,1,0,65,0,0,0,0,0,-1,0,-1,-1,0,0,0,500,544,560,500,500
b10-18-k19-x540-g560,4,0,0,61,0,0,0,0,0,-1,0,-1,-1,0,0,0,500,546,560,500,500
b10-18-k19-x540-g560,5,1,0,61,3,1,1,0,0,-1,0,-1,-1,0,0,0,500,548,560,500,498
b10-18-k19-x540-g560,6,0,1,61,2,0,0,0,0,-1,0,-1,-1,0,0,0,500,548,560,500,498
b10-18-k19-x540-g560,7,1,1,61,1,0,0,0,1,-1,0,-1,-1,0,0,0,500,548,560,500,498
b10-18-k19-x540-g560,8,0,1,61,0,0,0,0,1,-1,0,-1,-1,0,0,0,500,548,560,500,498
b10-18-k19-x540-g560,9,1,1,62,0,0,0,0,1,-1,0,-1,-1,0,0,0,500,550,560,500,498
b10-18-k19-x540-g560,10,0,1,62,0,0,0,0,1,-1,0,-1,-1,0,0,0,500,551,560,500,498
b10-18-k19-x540-g560,11,1,1,63,0,0,0,0,1,-1,0,-1,-1,0,0,0,500,551,560,500,498
b10-18-k19-x540-g560,12,0,2,66,0,0,0,0,1,-1,0,-1,-1,0,0,0,500,553,560,500,498
b10-18-k19-x540-g560,13,1,2,66,0,0,0,0,2,-1,0,-1,-1,0,0,0,500,555,560,500,498
b10-18-k19-x540-g560,14,0,2,67,0,0,0,0,2,-1,0,-1,-1,0,0,0,500,557,560,500,498
b10-18-k19-x540-g560,15,1,2,68,0,0,0,0,2,-1,0,-1,-1,0,0,0,500,558,560,500,498
b10-18-k19-x540-g560,16,0,2,68,3,1,1,0,2,-1,0,-1,-1,0,0,0,500,558,560,500,496
b10-18-k19-x540-g560,17,1,2,68,2,0,0,0,2,-1,0,-1,-1,0,0,0,500,558,560,500,496
b10-18-k19-x540-g560,18,0,3,68,1,0,0,0,2,-1,0,-1,-1,0,0,0,500,558,560,500,496
b10-18-k19-x540-g560,19,1,3,68,0,0,0,0,3,-1,0,-1,-1,0,0,0,500,558,560,500,496
b10-18-k19-x540-g560,20,0,60,69,0,0,0,0,60,-1,0,-1,-1,0,0,0,501,558,560,500,496
b10-18-k19-x540-g560,21,1,60,70,0,0,0,0,60,-1,0,-1,-1,0,0,0,502,558,560,500,496
b10-18-k19-x540-g560,22,0,320,71,0,0,0,0,320,-1,0,-1,-1,0,0,0,502,558,560,500,496
b10-18-k19-x540-g560,23,1,321,72,0,0,0,0,320,-1,0,-1,-1,0,0,0,502,558,560,500,496
b10-18-k19-x540-g560,24,0,322,73,0,0,0,0,321,-1,0,-1,-1,0,0,0,502,559,560,500,496
b10-18-k19-x540-g560,25,1,336,130,3,1,1,1,336,132,1,1,0,1,1,1,523,555,560,500,466
b10-18-k19-x540-g560,26,0,337,130,2,0,0,0,336,132,1,1,0,1,1,0,523,555,560,500,466
b10-18-k19-x540-g560,27,1,337,130,1,0,0,0,337,132,1,1,0,1,1,0,523,537,560,500,466
b10-18-k19-x540-g560,28,0,338,132,0,0,0,0,337,132,0,1,0,1,1,0,523,537,560,500,466
b10-18-k19-x540-g560,29,1,339,132,0,0,0,0,338,132,0,1,0,1,1,0,523,532,560,500,466
b10-18-k19-x540-g560,30,0,340,132,0,0,0,0,339,132,0,1,0,1,1,0,523,537,560,500,466
b10-18-k19-x540-g560,31,1,341,136,0,0,0,0,340,136,0,1,0,1,1,0,523,537,560,500,466
b10-18-k19-x540-g560,32,0,341,137,0,0,0,0,341,137,0,1,0,1,1,0,523,545,560,500,466
b10-18-k19-x540-g560,33,1,342,137,0,0,0,0,341,137,0,1,0,1,1,0,523,545,560,500,466
b10-18-k19-x540-g560,34,0,342,137,-3,0,0,0,342,137,0,1,0,1,1,0,523,546,560,400,466
b10-18-k19-x540-g560,35,1,342,137,-2,0,0,0,342,137,0,1,0,1,1,0,523,546,560,400,466
b10-18-k19-x540-g560,36,0,343,137,-1,0,0,0,342,137,0,1,0,1,1,0,523,546,560,400,466
b10-18-k19-x540-g560,37,1,344,233,0,0,0,0,343,232,0,1,0,1,0,0,523,546,560,400,466
b10-18-k19-x540-g560,38,0,344,233,0,0,0,0,344,-1,0,1,0,0,0,0,523,546,560,400,466
b10-18-k19-x540-g560,39,1,344,233,0,0,0,0,344,-1,0,1,0,0,0,0,523,546,560,400,466
b10-18-k19-x540-g560,40,0,344,233,0,0,0,0,344,-1,0,1,0,0,0,0,523,546,560,400,466
b10-18-k19-x560-g580,1,1,0,0,0,0,0,0,0,-1,0,-1,-1,0,0,0,500,560,580,500,500
b10-18-k19-x560-g580,2,0,0,65,0,0,0,0,0,-1,0,-1,-1,0,0,0,500,562,580,500,500
b10-18-k19-x560-g580,3,1,0,65,0,0,0,0,0,-1,0,-1,-1,0,0,0,500,564,580,500,500
b10-18-k19-x560-g580,4,0,0,61,0,0,0,0,0,-1,0,-1,-1,0,0,0,500,566,580,500,500
b10-18-k19-x560-g580,5,1,0,61,3,1,1,0,0,-1,0,-1,-1,0,0,0,500,568,580,500,498
b10-18-k19-x560-g580,6,0,1,61,2,0,0,0,0,-1,0,-1,-1,0,0,0,500,568,580,500,498
b10-18-k19-x560-g580,7,1,1,61,1,0,0,0,1,-1,0,-1,-1,0,0,0,500,568,580,500,498
b10-18-k19-x560-g580,8,0,1,61,0,0,0,0,1,-1,0,-1,-1,0,0,0,500,568,580,500,498
b10-18-k19-x560-g580,9,1,1,62,0,0,0,0,1,-1,0,-1,-1,0,0,0,500,570,580,500,498
b10-18-k19-x560-g580,10,0,1,62,0,0,0,0,1,-1,0,-1,-1,0,0,0,500,571,580,500,498
b10-18-k19-x560-g580,11,1,1,63,0,0,0,0,1,-1,0,-1,-1,0,0,0,500,571,580,500,498
b10-18-k19-x560-g580,12,0,2,66,0,0,0,0,1,-1,0,-1,-1,0,0,0,500,573,580,500,498
b10-18-k19-x560-g580,13,1,2,66,0,0,0,0,2,-1,0,-1,-1,0,0,0,500,575,580,500,498
b10-18-k19-x560-g580,14,0,2,67,0,0,0,0,2,-1,0,-1,-1,0,0,0,500,577,580,500,498
b10-18-k19-x560-g580,15,1,2,68,0,0,0,0,2,-1,0,-1,-1,0,0,0,500,578,580,500,498
b10-18-k19-x560-g580,16,0,2,68,3,1,1,0,2,-1,0,-1,-1,0,0,0,500,578,580,500,496
b10-18-k19-x560-g580,17,1,2,68,2,0,0,0,2,-1,0,-1,-1,0,0,0,500,578,580,500,496
b10-18-k19-x560-g580,18,0,3,68,1,0,0,0,2,-1,0,-1,-1,0,0,0,500,578,580,500,496
b10-18-k19-x560-g580,19,1,3,68,0,0,0,0,3,-1,0,-1,-1,0,0,0,500,578,580,500,496
b10-18-k19-x560-g580,20,0,60,69,0,0,0,0,60,-1,0,-1,-1,0,0,0,501,578,580,500,496
b10-18-k19-x560-g580,21,1,60,70,0,0,0,0,60,-1,0,-1,-1,0,0,0,502,578,580,500,496
b10-18-k19-x560-g580,22,0,320,71,0,0,0,0,320,-1,0,-1,-1,0,0,0,502,578,580,500,496
b10-18-k19-x560-g580,23,1,321,72,0,0,0,0,320,-1,0,-1,-1,0,0,0,502,578,580,500,496
b10-18-k19-x560-g580,24,0,322,73,0,0,0,0,321,-1,0,-1,-1,0,0,0,502,579,580,500,496
b10-18-k19-x560-g580,25,1,323,73,3,1,1,0,322,-1,0,-1,-1,0,0,0,502,579,580,500,466
b10-18-k19-x560-g580,26,0,335,130,2,0,0,1,335,132,1,1,0,1,1,1,504,594,580,500,466
b10-18-k19-x560-g580,27,1,336,130,1,0,0,0,335,132,1,1,0,1,1,0,504,594,580,500,466
b10-18-k19-x560-g580,28,0,336,132,0,0,0,0,336,132,0,1,0,1,1,0,504,536,580,500,466
b10-18-k19-x560-g580,29,1,337,132,0,0,0,0,336,132,0,1,0,1,1,0,504,536,580,500,466
b10-18-k19-x560-g580,30,0,337,132,0,0,0,0,337,132,0,1,0,1,1,0,504,518,580,500,466
b10-18-k19-x560-g580,31,1,338,132,0,0,0,0,337,132,0,1,0,1,1,0,504,518,580,500,466
b10-18-k19-x560-g580,32,0,339,132,0,0,0,0,338,132,0,1,0,1,1,0,504,513,580,500,466
b10-18-k19-x560-g580,33,1,340,132,0,0,0,0,339,132,0,1,0,1,1,0,504,518,580,500,466
b10-18-k19-x560-g580,34,0,341,136,0,0,0,0,340,136,0,1,0,1,1,0,504,518,580,500,466
b10-18-k19-x560-g580,35,1,341,137,0,0,0,0,341,137,0,1,0,1,1,0,504,526,580,500,466
b10-18-k19-x560-g580,36,0,342,137,0,0,0,0,341,137,0,1,0,1,1,0,504,526,580,500,466
b10-18-k19-x560-g580,37,1,342,137,-3,0,0,0,342,137,0,1,0,1,1,0,504,527,580,400,466
b10-18-k19-x560-g580,38,0,342,137,-2,0,0,0,342,137,0,1,0,1,1,0,504,527,580,400,466
b10-18-k19-x560-g580,39,1,343,137,-1,0,0,0,342,137,0,1,0,1,1,0,504,527,580,400,466
b10-18-k19-x560-g580,40,0,344,233,0,0,0,0,343,232,0,1,0,1,0,0,504,527,580,400,466
b7-16-k15-x1200-g1220,1,1,0,0,0,0,0,0,0,-1,0,-1,-1,0,0,0,500,1200,1220,500,500
b7-16-k15-x1200-g1220,2,0,0,65,0,0,0,0,0,-1,0,-1,-1,0,0,0,500,1202,1220,500,500
b7-16-k15-x1200-g1220,3,1,0,65,0,0,0,0,0,-1,0,-1,-1,0,0,0,500,1204,1220,500,500
b7-16-k15-x1200-g1220,4,0,0,61,0,0,0,0,0,-1,0,-1,-1,0,0,0,500,1206,1220,500,500
b7-16-k15-x1200-g1220,5,1,0,61,3,1,1,0,0,-1,0,-1,-1,0,0,0,500,1208,1220,500,498
b7-16-k15-x1200-g1220,6,0,1,61,2,0,0,0,0,-1,0,-1,-1,0,0,0,500,1208,1220,500,498
b7-16-k15-x1200-g1220,7,1,1,61,1,0,0,0,1,-1,0,-1,-1,0,0,0,500,1208,1220,500,498
b7-16-k15-x1200-g1220,8,0,1,61,0,0,0,0,1,-1,0,-1,-1,0,0,0,500,1208,1220,500,498
b7-16-k15-x1200-g1220,9,1,1,62,0,0,0,0,1,-1,0,-1,-1,0,0,0,500,1210,1220,500,498
b7-16-k15-x1200-g1220,10,0,1,62,0,0,0,0,1,-1,0,-1,-1,0,0,0,500,1211,1220,500,498
b7-16-k15-x1200-g1220,11,1,1,63,0,0,0,0,1,-1,0,-1,-1,0,0,0,500,1211,1220,500,498
b7-16-k15-x1200-g1220,12,0,2,66,0,0,0,0,1,-1,0,-1,-1,0,0,0,500,1213,1220,500,498
b7-16-k15-x1200-g1220,13,1,2,66,0,0,0,0,2,-1,0,-1,-1,0,0,0,500,1215,1220,500,498
b7-16-k15-x1200-g1220,14,0,2,67,0,0,0,0,2,-1,0,-1,-1,0,0,0,500,1217,1220,500,498
b7-16-k15-x1200-g1220,15,1,2,68,0,0,0,0,2,-1,0,-1,-1,0,0,0,500,1218,1220,500,498
b7-16-k15-x1200-g1220,16,0,60,68,3,1,1,0,60,-1,0,-1,-1,0,0,0,501,1218,1220,500,496
b7-16-k15-x1200-g1220,17,1,60,68,2,0,0,0,60,-1,0,-1,-1,0,0,0,502,1218,1220,500,496
b7-16-k15-x1200-g1220,18,0,320,68,1,0,0,0,320,-1,0,-1,-1,0,0,0,502,1218,1220,500,496
b7-16-k15-x1200-g1220,19,1,321,68,0,0,0,0,320,-1,0,-1,-1,0,0,0,502,1218,1220,500,496
b7-16-k15-x1200-g1220,20,0,322,69,0,0,0,0,321,-1,0,-1,-1,0,0,0,502,1218,1220,500,496
b7-16-k15-x1200-g1220,21,1,323,69,0,0,0,0,322,-1,0,-1,-1,0,0,0,502,1218,1220,500,496
b7-16-k15-x1200-g1220,22,0,324,69,0,0,0,0,323,-1,0,-1,-1,0,0,0,502,1218,1220,500,496
b7-16-k15-x1200-g1220,23,1,325,3,0,0,0,0,324,-1,0,-1,-1,0,0,0,502,1218,1220,500,496
b7-16-k15-x1200-g1220,24,0,326,3,0,0,0,0,325,-1,0,-1,-1,0,0,0,502,1218,1220,500,496
b7-16-k15-x1200-g1220,25,1,319,3,0,0,0,0,326,-1,0,-1,-1,0,0,0,502,1218,1220,500,496
b7-16-k15-x1200-g1220,26,0,327,3,0,0,0,0,319,-1,0,-1,-1,0,0,0,502,1218,1220,500,496
b7-16-k15-x1200-g1220,27,1,328,3,0,0,0,0,327,-1,0,-1,-1,0,0,0,502,1218,1220,500,496
b7-16-k15-x1200-g1220,28,0,329,3,0,0,0,0,328,-1,0,-1,-1,0,0,0,502,1218,1220,500,496
b7-16-k15-x1200-g1220,29,1,330,3,0,0,0,0,329,-1,0,-1,-1,0,0,0,502,1218,1220,500,496
b7-16-k15-x1200-g1220,30,0,330,0,0,0,0,0,330,-1,0,-1,-1,0,0,0,502,1218,1220,500,496
b7-16-k15-x1200-g1220,31,1,330,0,0,0,0,0,330,-1,0,-1,-1,0,0,0,502,1218,1220,500,496
b7-16-k15-x1200-g1220,32,0,330,0,0,0,0,0,330,-1,0,-1,-1,0,0,0,502,1218,1220,500,496
b7-16-k15-x1200-g1220,33,1,330,0,0,0,0,0,330,-1,0,-1,-1,0,0,0,502,1218,1220,500,496
b7-16-k15-x1200-g1220,34,0,330,0,0,0,0,0,330,-1,0,-1,-1,0,0,0,502,1218,1220,500,496
b7-16-k15-x1200-g1220,35,1,330,0,0,0,0,0,330,-1,0,-1,-1,0,0,0,502,1218,1220,500,496
b7-16-k15-x1200-g1220,36,0,330,0,0,0,0,0,330,-1,0,-1,-1,0,0,0,502,1218,1220,500,496
b7-16-k15-x1200-g1220,37,1,330,1,0,0,0,0,330,-1,0,-1,-1,0,0,0,502,1218,1220,500,496
b7-16-k15-x1200-g1220,38,0,330,1,0,0,0,0,330,-1,0,-1,-1,0,0,0,502,1218,1220,500,496
b7-16-k15-x1200-g1220,39,1,0,1,0,0,0,0,330,-1,0,-1,-1,0,0,0,502,1218,1220,500,496
b7-16-k15-x1200-g1220,40,0,0,1,0,0,0,0,0,-1,0,-1,-1,0,0,0,502,1218,1220,500,496
