"path","class","readerRole","declaringDatCount","declaredBy","knownCurrentOwner","selectedFormalBattleRootReadsOldFile","deleteAuthorized","sha256"
"Assets/NTSD/Config/Character/chiyo.dat","OLD_DAT","old-data-index-dat","0","Assets/NTSD/Config/data.txt","empty-root Menu prewarm; Inspector RefreshAllData; explicit historical reader","false","False","9086D0E7CBC97C0B551A95B513935855E9FE755649A06974BDB024DEC3DCB638"
"Assets/NTSD/Config/Character/deidara.dat","OLD_DAT","old-data-index-dat","0","Assets/NTSD/Config/data.txt","empty-root Menu prewarm; Inspector RefreshAllData; explicit historical reader","false","False","3880AF64D9E353C2E9703056D0839410780C39257773310597BBE0FA83F084F2"
"Assets/NTSD/Config/Character/deidara_bird.dat","OLD_DAT","old-data-index-dat","0","Assets/NTSD/Config/data.txt","empty-root Menu prewarm; Inspector RefreshAllData; explicit historical reader","false","False","01A011168AD8A29F73488BAC395351E515C14424C3CDB6B57CB615A6B65ED61F"
"Assets/NTSD/Config/Character/gaara.dat","OLD_DAT","old-data-index-dat","0","Assets/NTSD/Config/data.txt","empty-root Menu prewarm; Inspector RefreshAllData; explicit historical reader","false","False","A7FCEE0399BFBFF15B05F14994CA14FD17D30F4ADABA23DAEA27551313A5EE5B"
"Assets/NTSD/Config/Character/hidan.dat","OLD_DAT","old-data-index-dat","0","Assets/NTSD/Config/data.txt","empty-root Menu prewarm; Inspector RefreshAllData; explicit historical reader","false","False","8B5F99AADDF06CE38CA6034ADA29A7BA0559518E213383645C0494011946E837"
"Assets/NTSD/Config/Character/Hsasori.dat","OLD_DAT","old-data-index-dat","0","Assets/NTSD/Config/data.txt","empty-root Menu prewarm; Inspector RefreshAllData; explicit historical reader","false","False","67AF8FF8920DC7994DC233180C1386A80FC0E894712821E984D620FA913A3842"
"Assets/NTSD/Config/Character/hunter.dat","OLD_DAT","old-data-index-dat","0","Assets/NTSD/Config/data.txt","empty-root Menu prewarm; Inspector RefreshAllData; explicit historical reader","false","False","25158BE198BFBCDA243F2193301052C98C210E4B4B22627E95157A4871A1448A"
"Assets/NTSD/Config/Character/itachi.dat","OLD_DAT","old-data-index-dat","0","Assets/NTSD/Config/data.txt","empty-root Menu prewarm; Inspector RefreshAllData; explicit historical reader","false","False","6AD5A8E48190AAC4645038C9A8D0936DF9EA0EE1087744FE510C3A30BA940535"
"Assets/NTSD/Config/Character/jiraiya.dat","OLD_DAT","old-data-index-dat","0","Assets/NTSD/Config/data.txt","empty-root Menu prewarm; Inspector RefreshAllData; explicit historical reader","false","False","D8891CE60D3BA5F3F133625F49DA34FF9CCAFA0FE239028544245EF98AD03A46"
"Assets/NTSD/Config/Character/jiroubou.dat","OLD_DAT","old-data-index-dat","0","Assets/NTSD/Config/data.txt","empty-root Menu prewarm; Inspector RefreshAllData; explicit historical reader","false","False","B3BAD5141BF3F48FB581A7A7C6A8E87D20AFA39C2B212B2822960F64420DF2C4"
"Assets/NTSD/Config/Character/kabuto.dat","OLD_DAT","old-data-index-dat","0","Assets/NTSD/Config/data.txt","empty-root Menu prewarm; Inspector RefreshAllData; explicit historical reader","false","False","E792E40C9C910606BC38C25337090FEE2AE7D3C8F718E9A4333ABC54D839ECB8"
"Assets/NTSD/Config/Character/kakashi.dat","OLD_DAT","old-data-index-dat","0","Assets/NTSD/Config/data.txt","empty-root Menu prewarm; Inspector RefreshAllData; explicit historical reader","false","False","02A22D468E66469302E1134A1CED5AA20C1B2EC1930205726AC923F3F9DA6D51"
"Assets/NTSD/Config/Character/kakuzu.dat","OLD_DAT","old-data-index-dat","0","Assets/NTSD/Config/data.txt","empty-root Menu prewarm; Inspector RefreshAllData; explicit historical reader","false","False","078A08B5E7654D7935C18F20D226C60176F449CD231A09A34AEA47BEFDE22982"
"Assets/NTSD/Config/Character/kankuro.dat","OLD_DAT","old-data-index-dat","0","Assets/NTSD/Config/data.txt","empty-root Menu prewarm; Inspector RefreshAllData; explicit historical reader","false","False","E5E0204681B99260B4DCA4B88DBBA74D12A8B9BEBE9F429868967B8CF52C46EB"
"Assets/NTSD/Config/Character/kiba.dat","OLD_DAT","old-data-index-dat","0","Assets/NTSD/Config/data.txt","empty-root Menu prewarm; Inspector RefreshAllData; explicit historical reader","false","False","6FC172188C4438C08AB5017BCD7A553E803AA01F8DC0105D3728D0FB6C7BD5F4"
"Assets/NTSD/Config/Character/kidomaru.dat","OLD_DAT","old-data-index-dat","0","Assets/NTSD/Config/data.txt","empty-root Menu prewarm; Inspector RefreshAllData; explicit historical reader","false","False","17A5EE9F046BDAA7D4E730E3B999F9DD9EBEEB72D223CE87AC1A56F5DFD71AFA"
"Assets/NTSD/Config/Character/kisame.dat","OLD_DAT","old-data-index-dat","0","Assets/NTSD/Config/data.txt","empty-root Menu prewarm; Inspector RefreshAllData; explicit historical reader","false","False","D283F13291037525814D3367CE7C797D8CDB34D277FD6943ED70D07ADBF92164"
"Assets/NTSD/Config/Character/kyubi.dat","OLD_DAT","old-data-index-dat","0","Assets/NTSD/Config/data.txt","empty-root Menu prewarm; Inspector RefreshAllData; explicit historical reader","false","False","0E982AC0096340411BDC7C7EABD1C659AAB192E03731C5D1764C0A63E28BF4F7"
"Assets/NTSD/Config/Character/naruto.dat","OLD_DAT","old-data-index-dat","0","Assets/NTSD/Config/data.txt","empty-root Menu prewarm; Inspector RefreshAllData; explicit historical reader","false","False","0493F5F76F08A363366A4C748DA97DF7ADF0F594F1264EE390E2D7AB13DD2AB9"
"Assets/NTSD/Config/Character/naruto_clone.dat","OLD_DAT","old-data-index-dat","0","Assets/NTSD/Config/data.txt","empty-root Menu prewarm; Inspector RefreshAllData; explicit historical reader","false","False","3E4734263601BD3AD1133A32E9A67BE8795059D5777372886EBCB31A12905055"
"Assets/NTSD/Config/Character/nckakuzu.dat","OLD_DAT","old-data-index-dat","0","Assets/NTSD/Config/data.txt","empty-root Menu prewarm; Inspector RefreshAllData; explicit historical reader","false","False","73C6442EBFCA293595451E8436629CB06DD81BE35F0C688E90D8A300C44D0B62"
"Assets/NTSD/Config/Character/neji.dat","OLD_DAT","old-data-index-dat","0","Assets/NTSD/Config/data.txt","empty-root Menu prewarm; Inspector RefreshAllData; explicit historical reader","false","False","5556930697DCABAED0D9A18A0DD1A6554A2940C00CAFD9E9B0859E263060124C"
"Assets/NTSD/Config/Character/orochimaru.dat","OLD_DAT","old-data-index-dat","0","Assets/NTSD/Config/data.txt","empty-root Menu prewarm; Inspector RefreshAllData; explicit historical reader","false","False","F36C3D5E4124F6EC0C350D17CECF8CEC1584FCDC19AF1815F48CB14465FAE840"
"Assets/NTSD/Config/Character/pein.dat","OLD_DAT","old-data-index-dat","0","Assets/NTSD/Config/data.txt","empty-root Menu prewarm; Inspector RefreshAllData; explicit historical reader","false","False","1730BBEC7CECC42B2170CD512938449B69F9EB916D3F0825185250CD9AC2EA9E"
"Assets/NTSD/Config/Character/puppet_sasori.dat","OLD_DAT","old-data-index-dat","0","Assets/NTSD/Config/data.txt","empty-root Menu prewarm; Inspector RefreshAllData; explicit historical reader","false","False","7C3107A0CD6C36A63A76A99F5A8925BCCA4B0D4B5E5CA9A767F5F60F85F7A5BA"
"Assets/NTSD/Config/Character/reaper.dat","OLD_DAT","old-data-index-dat","0","Assets/NTSD/Config/data.txt","empty-root Menu prewarm; Inspector RefreshAllData; explicit historical reader","false","False","A19E84F1C4731A1A58E20DFEECFFA94CC38F0E34DED09EB48AC2C23617A7DD7E"
"Assets/NTSD/Config/Character/rock_lee.dat","OLD_DAT","old-data-index-dat","0","Assets/NTSD/Config/data.txt","empty-root Menu prewarm; Inspector RefreshAllData; explicit historical reader","false","False","DAC426F4510C9D62D06CCEA029439576203DCD77EB44CBCDD159ACFB5CBBFBF2"
"Assets/NTSD/Config/Character/sai.dat","OLD_DAT","old-data-index-dat","0","Assets/NTSD/Config/data.txt","empty-root Menu prewarm; Inspector RefreshAllData; explicit historical reader","false","False","453EEA8100EAB8866EC134F8CECF6F8B43D6BFF8289C9087CFFD9954CD0CF802"
"Assets/NTSD/Config/Character/sakon.dat","OLD_DAT","old-data-index-dat","0","Assets/NTSD/Config/data.txt","empty-root Menu prewarm; Inspector RefreshAllData; explicit historical reader","false","False","986C27DF3E84A37ED74C08640A60EFF0480106C4BCDE54EE68F7F26BB4770AD8"
"Assets/NTSD/Config/Character/sakura.dat","OLD_DAT","old-data-index-dat","0","Assets/NTSD/Config/data.txt","empty-root Menu prewarm; Inspector RefreshAllData; explicit historical reader","false","False","10F8C6D6858815B7E8CA5D47CC70E0EB5F6732504CE9040CDC6B0C52D48A7B66"
"Assets/NTSD/Config/Character/sand_creature.dat","OLD_DAT","old-data-index-dat","0","Assets/NTSD/Config/data.txt","empty-root Menu prewarm; Inspector RefreshAllData; explicit historical reader","false","False","9FEDB11EE57FE33C9B662C739FB66A8255D9B342946AE9CAE5042325B0544999"
"Assets/NTSD/Config/Character/sasori.dat","OLD_DAT","old-data-index-dat","0","Assets/NTSD/Config/data.txt","empty-root Menu prewarm; Inspector RefreshAllData; explicit historical reader","false","False","31409B9E2DA63ED1E183CAD5695729CF172CF6E7406CFDB320668EED5F6EC082"
"Assets/NTSD/Config/Character/sasuke.dat","OLD_DAT","old-data-index-dat","0","Assets/NTSD/Config/data.txt","empty-root Menu prewarm; Inspector RefreshAllData; explicit historical reader","false","False","5181A1DD25FECB093F89962324A47551401C5F30B736492D765A7A265DD55D0F"
"Assets/NTSD/Config/Character/sasuke_cs2.dat","OLD_DAT","old-data-index-dat","0","Assets/NTSD/Config/data.txt","empty-root Menu prewarm; Inspector RefreshAllData; explicit historical reader","false","False","06F9D7594A6C07E4DDB2434CE19FE628F747ECF0C8424089EE9E1556B4521BD8"
"Assets/NTSD/Config/Character/shikamaru.dat","OLD_DAT","old-data-index-dat","0","Assets/NTSD/Config/data.txt","empty-root Menu prewarm; Inspector RefreshAllData; explicit historical reader","false","False","B9A1415EB4577B222DB57F49B6F7238362F8C60910D4B882F25452DCEEF7694E"
"Assets/NTSD/Config/Character/shino.dat","OLD_DAT","old-data-index-dat","0","Assets/NTSD/Config/data.txt","empty-root Menu prewarm; Inspector RefreshAllData; explicit historical reader","false","False","76258679656106D0D8ECC0CB10719D4B46C335F9FD6E08A342F663984DA8221E"
"Assets/NTSD/Config/Character/sound_nin.dat","OLD_DAT","old-data-index-dat","0","Assets/NTSD/Config/data.txt","empty-root Menu prewarm; Inspector RefreshAllData; explicit historical reader","false","False","D75029C45F5DE690A8BA0B87F118ED2A435DAD328C7C249F012DD23122E332D1"
"Assets/NTSD/Config/Character/sound_nin2.dat","OLD_DAT","old-data-index-dat","0","Assets/NTSD/Config/data.txt","empty-root Menu prewarm; Inspector RefreshAllData; explicit historical reader","false","False","3C1BF054F88D77D994697B4EF6457BF81FA43DB5391FB35D382F59C948C66586"
"Assets/NTSD/Config/Character/tayuya.dat","OLD_DAT","old-data-index-dat","0","Assets/NTSD/Config/data.txt","empty-root Menu prewarm; Inspector RefreshAllData; explicit historical reader","false","False","819D2CA1C3C644523051A279C7FB21BB053AE19A558286C0AFFF4E66E9BEEDD9"
"Assets/NTSD/Config/Character/temari.dat","OLD_DAT","old-data-index-dat","0","Assets/NTSD/Config/data.txt","empty-root Menu prewarm; Inspector RefreshAllData; explicit historical reader","false","False","EC03632C1D7936BB91FDFF789044EFD64818FECD005F2ED199B3EDBBA475EA55"
"Assets/NTSD/Config/Character/tenten.dat","OLD_DAT","old-data-index-dat","0","Assets/NTSD/Config/data.txt","empty-root Menu prewarm; Inspector RefreshAllData; explicit historical reader","false","False","98D6F98F3EC7277FB503C61D7D73729FD3B5A8AB5F8C21B383EA58E920F6A969"
"Assets/NTSD/Config/Character/yamato.dat","OLD_DAT","old-data-index-dat","0","Assets/NTSD/Config/data.txt","empty-root Menu prewarm; Inspector RefreshAllData; explicit historical reader","false","False","8416C1B64E4E523952309B504438924EA27224546881CBA0EB07CF5B8D093A93"
"Assets/NTSD/Config/chars/criminal.dat","OLD_DAT","old-data-index-dat","0","Assets/NTSD/Config/data.txt","empty-root Menu prewarm; Inspector RefreshAllData; explicit historical reader","false","False","B30BE71693077F21AB3F6599F120FB8DAA271B4FF8B68E1D9AE7AFFC1C12DFEA"
"Assets/NTSD/Config/chars/ex_ball.dat","OLD_DAT","old-data-index-dat","0","Assets/NTSD/Config/data.txt","empty-root Menu prewarm; Inspector RefreshAllData; explicit historical reader","false","False","EE08E9DD04E96252124C7CADBC80A4240F3AE1FBCFCDFFCD88E9E6AA26E0869F"
"Assets/NTSD/Config/chars/log.dat","OLD_DAT","old-data-index-dat","0","Assets/NTSD/Config/data.txt","empty-root Menu prewarm; Inspector RefreshAllData; explicit historical reader","false","False","EC1CCB9E3CC4F450E018DAFE08A34FF45CC63742248AB53FCFC991A02380F07A"
"Assets/NTSD/Config/chars/needle.dat","OLD_DAT","old-data-index-dat","0","Assets/NTSD/Config/data.txt","empty-root Menu prewarm; Inspector RefreshAllData; explicit historical reader","false","False","4727D1DCD63514F8086A99F0AF6547B4623E328CE1497E770009189A3E1ABD1E"
"Assets/NTSD/Config/chars/weapon1.dat","OLD_DAT","old-data-index-dat","0","Assets/NTSD/Config/data.txt","empty-root Menu prewarm; Inspector RefreshAllData; explicit historical reader","false","False","59385BEBA0A98E3FB48FCE9A4FBA598C36D50A8A5CCE08A1703757CD1B6FECFB"
"Assets/NTSD/Config/chars/weapon10.dat","OLD_DAT","old-data-index-dat","0","Assets/NTSD/Config/data.txt","empty-root Menu prewarm; Inspector RefreshAllData; explicit historical reader","false","False","8550579F56ABC341F3677E7A8FD8EFF4BFCFF09DC148C343E9F368D4805A6710"
"Assets/NTSD/Config/chars/weapon11.dat","OLD_DAT","old-data-index-dat","0","Assets/NTSD/Config/data.txt","empty-root Menu prewarm; Inspector RefreshAllData; explicit historical reader","false","False","3147A19C044AB26E9BF9252BD0B467A654803368AA6EB87BD60A5BBE24C254A2"
"Assets/NTSD/Config/chars/weapon2.dat","OLD_DAT","old-data-index-dat","0","Assets/NTSD/Config/data.txt","empty-root Menu prewarm; Inspector RefreshAllData; explicit historical reader","false","False","E702DA4ACB2564FABA49FC247F16C731ADD40E73F654264CE90DBEC1AA332B31"
"Assets/NTSD/Config/chars/weapon3.dat","OLD_DAT","old-data-index-dat","0","Assets/NTSD/Config/data.txt","empty-root Menu prewarm; Inspector RefreshAllData; explicit historical reader","false","False","BD41E9082D78A9EB5AD5F66E75BC512C1EA1A607855ACFA9466E786A26835173"
"Assets/NTSD/Config/chars/weapon4.dat","OLD_DAT","old-data-index-dat","0","Assets/NTSD/Config/data.txt","empty-root Menu prewarm; Inspector RefreshAllData; explicit historical reader","false","False","D17E952C7EF13437611636A38B85EF4FB74C039ADD9101E20A94D224EB55CECE"
"Assets/NTSD/Config/chars/weapon6.dat","OLD_DAT","old-data-index-dat","0","Assets/NTSD/Config/data.txt","empty-root Menu prewarm; Inspector RefreshAllData; explicit historical reader","false","False","3AF8571CD275854FEE187BC21E2389975CBA8BCC2F355DD90F2B4DDC592832FF"
"Assets/NTSD/Config/chars/weapon9.dat","OLD_DAT","old-data-index-dat","0","Assets/NTSD/Config/data.txt","empty-root Menu prewarm; Inspector RefreshAllData; explicit historical reader","false","False","C2FF45A1D5435D334A38B4E003C1B976164DB27A7968885754D29C671C8F226B"
"Assets/NTSD/Config/effect/air_creature_die.dat","OLD_DAT","old-data-index-dat","0","Assets/NTSD/Config/data.txt","empty-root Menu prewarm; Inspector RefreshAllData; explicit historical reader","false","False","4F88E9A58F3C1F68991AAFE1369C02757B530B3EC299A2326831338F32C043B8"
"Assets/NTSD/Config/effect/blood.dat","OLD_DAT","old-data-index-dat","0","Assets/NTSD/Config/data.txt","empty-root Menu prewarm; Inspector RefreshAllData; explicit historical reader","false","False","3FBC35DD6EC363F2952996D9E13D0CD14D948167C32DE9F20552BDD6A036BE3F"
"Assets/NTSD/Config/effect/blood2.dat","OLD_DAT","old-data-index-dat","0","Assets/NTSD/Config/data.txt","empty-root Menu prewarm; Inspector RefreshAllData; explicit historical reader","false","False","E1DAD3185123EAFC72CDEDD6037A0DFDCE73A4917E28BD7241BF0877DE01B833"
"Assets/NTSD/Config/effect/blood3.dat","OLD_DAT","old-data-index-dat","0","Assets/NTSD/Config/data.txt","empty-root Menu prewarm; Inspector RefreshAllData; explicit historical reader","false","False","07317BCC40B3555E9BA2068E235ADB6A7A78922E78A2C5C4DF6ABCD5ECE28029"
"Assets/NTSD/Config/effect/byakugan.dat","OLD_DAT","old-data-index-dat","0","Assets/NTSD/Config/data.txt","empty-root Menu prewarm; Inspector RefreshAllData; explicit historical reader","false","False","0619B0F9109E6FC452678914227B546CF68BBD5547CFC33BEE2F0B98813861ED"
"Assets/NTSD/Config/effect/chakra.dat","OLD_DAT","old-data-index-dat","0","Assets/NTSD/Config/data.txt","empty-root Menu prewarm; Inspector RefreshAllData; explicit historical reader","false","False","ABEB38716DE99DD63EA5D387E80FFD047649C0B3E2E6A4C7F7EABB5CBDA368E2"
"Assets/NTSD/Config/effect/die.dat","OLD_DAT","old-data-index-dat","0","Assets/NTSD/Config/data.txt","empty-root Menu prewarm; Inspector RefreshAllData; explicit historical reader","false","False","CC5D350AA616A1B181E893036AC7EBA6D7B2F74845D8447EE9C21D3D17FF2807"
"Assets/NTSD/Config/effect/flash_weap.dat","OLD_DAT","old-data-index-dat","0","Assets/NTSD/Config/data.txt","empty-root Menu prewarm; Inspector RefreshAllData; explicit historical reader","false","False","7EDC3137154A91E0908F77FFE32044C547C74E14F9E948565C80017832EF6A1F"
"Assets/NTSD/Config/effect/gate.dat","OLD_DAT","old-data-index-dat","0","Assets/NTSD/Config/data.txt","empty-root Menu prewarm; Inspector RefreshAllData; explicit historical reader","false","False","D61C1A7A1E9C291E708D2F5C5F03902384341E08F5599275081A3E699E2BF64D"
"Assets/NTSD/Config/effect/heart.dat","OLD_DAT","old-data-index-dat","0","Assets/NTSD/Config/data.txt","empty-root Menu prewarm; Inspector RefreshAllData; explicit historical reader","false","False","E230E9C8C39C95E2B4605EBAE86E831CF8E96EA75747F3BE05E70C889AF6CC18"
"Assets/NTSD/Config/effect/heart0.dat","OLD_DAT","old-data-index-dat","0","Assets/NTSD/Config/data.txt","empty-root Menu prewarm; Inspector RefreshAllData; explicit historical reader","false","False","BFAE44E74CFB697143448264D67326D8E07A71E54226CF296DFA73AA569FEEDA"
"Assets/NTSD/Config/effect/heart2.dat","OLD_DAT","old-data-index-dat","0","Assets/NTSD/Config/data.txt","empty-root Menu prewarm; Inspector RefreshAllData; explicit historical reader","false","False","70CEB325658344DB2B5DCF34D6CBCF784449FBB28F42C6A5C6DCD37E4067E5B0"
"Assets/NTSD/Config/effect/heart3.dat","OLD_DAT","old-data-index-dat","0","Assets/NTSD/Config/data.txt","empty-root Menu prewarm; Inspector RefreshAllData; explicit historical reader","false","False","41DB9352C2BD60F5C2418821B25B43396933D1F7773929AA98F66A972A384323"
"Assets/NTSD/Config/effect/jiroubou_rock.dat","OLD_DAT","old-data-index-dat","0","Assets/NTSD/Config/data.txt","empty-root Menu prewarm; Inspector RefreshAllData; explicit historical reader","false","False","9878AEF81F08EFCE753C2F23E7A98EFDFD845C3F227701E255F1C08D3A609490"
"Assets/NTSD/Config/effect/rasengan_ball.dat","OLD_DAT","old-data-index-dat","0","Assets/NTSD/Config/data.txt","empty-root Menu prewarm; Inspector RefreshAllData; explicit historical reader","false","False","6550FB8F7E23892B1DBE06D364CC472092F2B19C57CD9C89F511A2AA0603D94A"
"Assets/NTSD/Config/effect/shield.dat","OLD_DAT","old-data-index-dat","0","Assets/NTSD/Config/data.txt","empty-root Menu prewarm; Inspector RefreshAllData; explicit historical reader","false","False","974701B6A2EE91774CE0DF2310A5F9ED7CB5F3406FDFAA0565AC42E9C64AEE88"
"Assets/NTSD/Config/effect/weapon4.dat","OLD_DAT","old-unindexed-dat","0","","no known current indexed caller; manual or external reader unexcluded","false","False","780EBCB15E699878EF12396D657AD2FB6B6221754C9362D0B6C5C14A57A50D7D"
"Assets/NTSD/Config/FrameConfig/weapon5.dat","OLD_DAT","old-data-index-dat","0","Assets/NTSD/Config/data.txt","empty-root Menu prewarm; Inspector RefreshAllData; explicit historical reader","false","False","FFFC2836988EEA51B32D7BD8C54D3EEC7EE8DE195092A5FDEE3E18B564E60F45"
"Assets/NTSD/Config/FrameConfig/weapon8.dat","OLD_DAT","old-data-index-dat","0","Assets/NTSD/Config/data.txt","empty-root Menu prewarm; Inspector RefreshAllData; explicit historical reader","false","False","06BEF02D779BE29B46275997B10B1568E430F9F55177616ECB4249EB0DA4A077"
"Assets/NTSD/Config/jsona/broken_weapon.dat","OLD_DAT","old-data-index-dat","0","Assets/NTSD/Config/data.txt","empty-root Menu prewarm; Inspector RefreshAllData; explicit historical reader","false","False","82B439C1FA36D046CE457E58611BE4ABF9C7A154481DB637013316E7F412311B"
"Assets/NTSD/Config/jsona/etc.dat","OLD_DAT","old-data-index-dat","0","Assets/NTSD/Config/data.txt","empty-root Menu prewarm; Inspector RefreshAllData; explicit historical reader","false","False","9F94E8505EAEB1DD2210E51A279DA4211E8C37B2F5AD272A5F7DD51669684DD7"
"Assets/NTSD/Config/specialattack/100_puppets.dat","OLD_DAT","old-data-index-dat","0","Assets/NTSD/Config/data.txt","empty-root Menu prewarm; Inspector RefreshAllData; explicit historical reader","false","False","F723092E5FA8F717172239053C78FE8AFA5B6FE6312D867EB59E3283786B543F"
"Assets/NTSD/Config/specialattack/100_puppets_b.dat","OLD_DAT","old-data-index-dat","0","Assets/NTSD/Config/data.txt","empty-root Menu prewarm; Inspector RefreshAllData; explicit historical reader","false","False","C0525ECEC8A9917795647F992D11CBB7BD65F69F6A95670AE5381FD32345AF37"
"Assets/NTSD/Config/specialattack/100_puppets_c.dat","OLD_DAT","old-data-index-dat","0","Assets/NTSD/Config/data.txt","empty-root Menu prewarm; Inspector RefreshAllData; explicit historical reader","false","False","B8D9C329C2D99A6D837C9236ACED0487BE339DEC445A3DD1A390CD9E041E7C3A"
"Assets/NTSD/Config/specialattack/4TK_ball.dat","OLD_DAT","old-data-index-dat","0","Assets/NTSD/Config/data.txt","empty-root Menu prewarm; Inspector RefreshAllData; explicit historical reader","false","False","D703D159642CB6F513DB09501896BDA4F48779CCF0E690889698CA64B96728AC"
"Assets/NTSD/Config/specialattack/air_creature.dat","OLD_DAT","old-data-index-dat","0","Assets/NTSD/Config/data.txt","empty-root Menu prewarm; Inspector RefreshAllData; explicit historical reader","false","False","26ABBF5226D8C69049A6D335DADE95839AE47165850E7876A2C77F465A240BFE"
"Assets/NTSD/Config/specialattack/area.dat","OLD_DAT","old-data-index-dat","0","Assets/NTSD/Config/data.txt","empty-root Menu prewarm; Inspector RefreshAllData; explicit historical reader","false","False","0493DE82337671132320CA6F66DC97903D82FD4DB2A284E287BC0C072A90B3FC"
"Assets/NTSD/Config/specialattack/big_boom.dat","OLD_DAT","old-data-index-dat","0","Assets/NTSD/Config/data.txt","empty-root Menu prewarm; Inspector RefreshAllData; explicit historical reader","false","False","C265F820C4C6DADB3FEA47C57EF797FDE44D9872E0A1A2CEAF9D4D4FEDA19CF5"
"Assets/NTSD/Config/specialattack/bugs.dat","OLD_DAT","old-data-index-dat","0","Assets/NTSD/Config/data.txt","empty-root Menu prewarm; Inspector RefreshAllData; explicit historical reader","false","False","BEE47ADBC37B1E4F4DDBAB9C9868C868D4B02BCF83E8B1CC81A8EC99343ADD1A"
"Assets/NTSD/Config/specialattack/bugs2.dat","OLD_DAT","old-data-index-dat","0","Assets/NTSD/Config/data.txt","empty-root Menu prewarm; Inspector RefreshAllData; explicit historical reader","false","False","6F16501BFC9C71A3DDB2B235E7E185A7DD026E8331E5BBE513CE5C91A902942C"
"Assets/NTSD/Config/specialattack/charge.dat","OLD_DAT","old-data-index-dat","0","Assets/NTSD/Config/data.txt","empty-root Menu prewarm; Inspector RefreshAllData; explicit historical reader","false","False","645C379E019A3F4603703FC6A46E15A134D3556EE10293F835380DF3FBB3B68B"
"Assets/NTSD/Config/specialattack/chidori.dat","OLD_DAT","old-data-index-dat","0","Assets/NTSD/Config/data.txt","empty-root Menu prewarm; Inspector RefreshAllData; explicit historical reader","false","False","98BDD969469AD44ACB5E96A407C4432DB4EF79D4409C7A2CFD0B895259CDFABA"
"Assets/NTSD/Config/specialattack/chiyo_kunais.dat","OLD_DAT","old-data-index-dat","0","Assets/NTSD/Config/data.txt","empty-root Menu prewarm; Inspector RefreshAllData; explicit historical reader","false","False","32B0A6CE0142AF034E8CB7CFCDAD0FB5B909AA06C9DD702C043166FD2C908271"
"Assets/NTSD/Config/specialattack/clay_bird.dat","OLD_DAT","old-data-index-dat","0","Assets/NTSD/Config/data.txt","empty-root Menu prewarm; Inspector RefreshAllData; explicit historical reader","false","False","E8AE0078533F277BAF6A589D3373FAA53918E509E18C036F2CE9AFF3D4CEF9C9"
"Assets/NTSD/Config/specialattack/clay_bird2.dat","OLD_DAT","old-data-index-dat","0","Assets/NTSD/Config/data.txt","empty-root Menu prewarm; Inspector RefreshAllData; explicit historical reader","false","False","3B8A56EA89BA044BA46783B53EE1DB1F77B164044A57518A056CFC99190BF1BB"
"Assets/NTSD/Config/specialattack/clay_worm.dat","OLD_DAT","old-data-index-dat","0","Assets/NTSD/Config/data.txt","empty-root Menu prewarm; Inspector RefreshAllData; explicit historical reader","false","False","931ADD383FBA30775C90A2504C60C4F06BEA3CECD3174C95FBFECFF531DE7E96"
"Assets/NTSD/Config/specialattack/coffin.dat","OLD_DAT","old-data-index-dat","0","Assets/NTSD/Config/data.txt","empty-root Menu prewarm; Inspector RefreshAllData; explicit historical reader","false","False","7F517D4C3ACF3A1DF05B742AD6BD25DA2D80C373E9334519144C2CDCDCBE88C7"
"Assets/NTSD/Config/specialattack/criminal2.dat","OLD_DAT","old-data-index-dat","0","Assets/NTSD/Config/data.txt","empty-root Menu prewarm; Inspector RefreshAllData; explicit historical reader","false","False","EE34D899E0AD2BA9E57E88CE609D42340043BEA4B2116EC8F9950F8F4E073AF9"
"Assets/NTSD/Config/specialattack/crow_2.dat","OLD_DAT","old-data-index-dat","0","Assets/NTSD/Config/data.txt","empty-root Menu prewarm; Inspector RefreshAllData; explicit historical reader","false","False","9B8F71A214007F518AFBACB2D8194D250DA7A73EDC90ADF06E0348D427CE55F6"
"Assets/NTSD/Config/specialattack/death.dat","OLD_DAT","old-data-index-dat","0","Assets/NTSD/Config/data.txt","empty-root Menu prewarm; Inspector RefreshAllData; explicit historical reader","false","False","50ED1DE7668918BA545EAA5134563332B43A637A44B0C4744B52473278FE96EF"
"Assets/NTSD/Config/specialattack/doggy.dat","OLD_DAT","old-data-index-dat","0","Assets/NTSD/Config/data.txt","empty-root Menu prewarm; Inspector RefreshAllData; explicit historical reader","false","False","E562EA78FC41A37DD5A25EA46A319F5CFCBB788CD1BF69FE0C14C0B86C6A1DA3"
"Assets/NTSD/Config/specialattack/dragon.dat","OLD_DAT","old-data-index-dat","0","Assets/NTSD/Config/data.txt","empty-root Menu prewarm; Inspector RefreshAllData; explicit historical reader","false","False","321B2FA6E0C6548E12F7C87998EB1DA0949606FB1EDFD93C007FE5A7335B2867"
"Assets/NTSD/Config/specialattack/drunken.dat","OLD_DAT","old-data-index-dat","0","Assets/NTSD/Config/data.txt","empty-root Menu prewarm; Inspector RefreshAllData; explicit historical reader","false","False","52F2DDD8C07CF03A462F7547C81F27E9597C0E05C1532EBB49A829EA739D5664"
"Assets/NTSD/Config/specialattack/earth_creature.dat","OLD_DAT","old-data-index-dat","0","Assets/NTSD/Config/data.txt","empty-root Menu prewarm; Inspector RefreshAllData; explicit historical reader","false","False","46C1B3E4C5DE40C412C77810B43DE7F429909DABC538EB58179FB7EE8A5F937C"
"Assets/NTSD/Config/specialattack/father_puppet.dat","OLD_DAT","old-data-index-dat","0","Assets/NTSD/Config/data.txt","empty-root Menu prewarm; Inspector RefreshAllData; explicit historical reader","false","False","DA37265E9A1FAA01E04786292BA7F832F46035B8948A62CA386B8700FF9B9B79"
"Assets/NTSD/Config/specialattack/fire_creature.dat","OLD_DAT","old-data-index-dat","0","Assets/NTSD/Config/data.txt","empty-root Menu prewarm; Inspector RefreshAllData; explicit historical reader","false","False","B09FFC6FE48A7288493E814DA94F793F396CA7DB81A8EF4B1822BC4C189BAF5D"
"Assets/NTSD/Config/specialattack/firen_flame.dat","OLD_DAT","old-data-index-dat","0","Assets/NTSD/Config/data.txt","empty-root Menu prewarm; Inspector RefreshAllData; explicit historical reader","false","False","F903E18D6C2E738C1C6EC154F5850657F37433BC759B6E6F5B5F07E78ADF82A8"
"Assets/NTSD/Config/specialattack/flash.dat","OLD_DAT","old-data-index-dat","0","Assets/NTSD/Config/data.txt","empty-root Menu prewarm; Inspector RefreshAllData; explicit historical reader","false","False","F57E30802D37CA4710668EE1DD13C12EDC7AD619D9C859938425FE8C2AA8A4C3"
"Assets/NTSD/Config/specialattack/freeze_column.dat","OLD_DAT","old-data-index-dat","0","Assets/NTSD/Config/data.txt","empty-root Menu prewarm; Inspector RefreshAllData; explicit historical reader","false","False","F9A36919A1F2F4254D64BA5109E5FE8BE7BC67408432072F0DBC93BB74EDCC4C"
"Assets/NTSD/Config/specialattack/frog.dat","OLD_DAT","old-data-index-dat","0","Assets/NTSD/Config/data.txt","empty-root Menu prewarm; Inspector RefreshAllData; explicit historical reader","false","False","97A3AC4DB2CBA966A1D35155302093337872C8C1DF338A1B4399CFF3119FFAE1"
"Assets/NTSD/Config/specialattack/ink.dat","OLD_DAT","old-data-index-dat","0","Assets/NTSD/Config/data.txt","empty-root Menu prewarm; Inspector RefreshAllData; explicit historical reader","false","False","6B08BFC4C5EBE4D7994817B5902BD067EA4908CA5B6CA66EC4ADF05C3B144E3C"
"Assets/NTSD/Config/specialattack/ironsand.dat","OLD_DAT","old-data-index-dat","0","Assets/NTSD/Config/data.txt","empty-root Menu prewarm; Inspector RefreshAllData; explicit historical reader","false","False","9F61306606477936832D99879E0628A825CFFDABD3B78CABD5404D8E44F17CF5"
"Assets/NTSD/Config/specialattack/itachi_kunai.dat","OLD_DAT","old-data-index-dat","0","Assets/NTSD/Config/data.txt","empty-root Menu prewarm; Inspector RefreshAllData; explicit historical reader","false","False","961D182072CDB7F21165EC536D47DDF2713D5E216ED492BCC24ED9108A91E546"
"Assets/NTSD/Config/specialattack/jan_chaseh.dat","OLD_DAT","old-data-index-dat","0","Assets/NTSD/Config/data.txt","empty-root Menu prewarm; Inspector RefreshAllData; explicit historical reader","false","False","8EFF9745EDDA600CB4A4907929F0A6735E64C6782326EDB5CD7C55C3A7AB33FC"
"Assets/NTSD/Config/specialattack/karasu.dat","OLD_DAT","old-data-index-dat","0","Assets/NTSD/Config/data.txt","empty-root Menu prewarm; Inspector RefreshAllData; explicit historical reader","false","False","414BBFA6E20E2E4518AD0E73CC4F466C5BD20183C50AF3D84755166187D426C5"
"Assets/NTSD/Config/specialattack/katon_ball.dat","OLD_DAT","old-data-index-dat","0","Assets/NTSD/Config/data.txt","empty-root Menu prewarm; Inspector RefreshAllData; explicit historical reader","false","False","D50C0A24312D8425A6CE2A953A185D6E95BBDE915E76758EF169D72F2F36E476"
"Assets/NTSD/Config/specialattack/katon_big.dat","OLD_DAT","old-data-index-dat","0","Assets/NTSD/Config/data.txt","empty-root Menu prewarm; Inspector RefreshAllData; explicit historical reader","false","False","AEC065E3AA2B545973C9B0763813FC4E4227E1D0CF6C81068A88CC6C19BADBF7"
"Assets/NTSD/Config/specialattack/katon_kakuzu.dat","OLD_DAT","old-data-index-dat","0","Assets/NTSD/Config/data.txt","empty-root Menu prewarm; Inspector RefreshAllData; explicit historical reader","false","False","CD01F602729FADC55A514684172E5A1643D2F8B921FB8B2F4DC6B7E1E25352C2"
"Assets/NTSD/Config/specialattack/lee_counter.dat","OLD_DAT","old-data-index-dat","0","Assets/NTSD/Config/data.txt","empty-root Menu prewarm; Inspector RefreshAllData; explicit historical reader","false","False","2A144F1A82A43A4D136E1A94A519AF94EB06CDDD816F0EB9ED8AF56DEF199AD3"
"Assets/NTSD/Config/specialattack/mega_ex.dat","OLD_DAT","old-data-index-dat","0","Assets/NTSD/Config/data.txt","empty-root Menu prewarm; Inspector RefreshAllData; explicit historical reader","false","False","EC66A630B358F058A1C1570C65479DE42E61CBDE5BE2CC649292C3ADC078D9CA"
"Assets/NTSD/Config/specialattack/mirror.dat","OLD_DAT","old-data-index-dat","0","Assets/NTSD/Config/data.txt","empty-root Menu prewarm; Inspector RefreshAllData; explicit historical reader","false","False","DBDC9C8967385F91B9E1347A92A30ADE0483F7C6A204DFBD17D4FCD9BFF35EC3"
"Assets/NTSD/Config/specialattack/monster.dat","OLD_DAT","old-data-index-dat","0","Assets/NTSD/Config/data.txt","empty-root Menu prewarm; Inspector RefreshAllData; explicit historical reader","false","False","8680B541CF17F4912C9A07D8C0984C17D77B1C8A418875EB6E5A82FF3A0BE5DF"
"Assets/NTSD/Config/specialattack/mother_puppet.dat","OLD_DAT","old-data-index-dat","0","Assets/NTSD/Config/data.txt","empty-root Menu prewarm; Inspector RefreshAllData; explicit historical reader","false","False","A3EFC2AF0A291A29E5039B08B073B1B31D7312ED7949F216D58CDCF67D0E69C9"
"Assets/NTSD/Config/specialattack/nckakuzuarm.dat","OLD_DAT","old-data-index-dat","0","Assets/NTSD/Config/data.txt","empty-root Menu prewarm; Inspector RefreshAllData; explicit historical reader","false","False","665A840927D8A219D0EE13AA1E481DC2A1CED4641640D236605BA752A0107C52"
"Assets/NTSD/Config/specialattack/poison.dat","OLD_DAT","old-data-index-dat","0","Assets/NTSD/Config/data.txt","empty-root Menu prewarm; Inspector RefreshAllData; explicit historical reader","false","False","3260746230EB7A91A6C0F9B18473711F6E10DDA73E63DC4CE0EEFD04DA205BF3"
"Assets/NTSD/Config/specialattack/puppet.dat","OLD_DAT","old-data-index-dat","0","Assets/NTSD/Config/data.txt","empty-root Menu prewarm; Inspector RefreshAllData; explicit historical reader","false","False","E75FA76003BF168D445C42B8439E5BC190D15A295FD8132C52307B3B8A4C84F7"
"Assets/NTSD/Config/specialattack/rasenshuriken.dat","OLD_DAT","old-data-index-dat","0","Assets/NTSD/Config/data.txt","empty-root Menu prewarm; Inspector RefreshAllData; explicit historical reader","false","False","D8E9F4C12E505291D56D1E1F0CED187C6919FEFEDE9C26CD3344760AC14C096F"
"Assets/NTSD/Config/specialattack/sakura_ball.dat","OLD_DAT","old-data-index-dat","0","Assets/NTSD/Config/data.txt","empty-root Menu prewarm; Inspector RefreshAllData; explicit historical reader","false","False","B408E229620206898297D0393FD31B02E213717435467FAF80722A62F1A6C352"
"Assets/NTSD/Config/specialattack/sand.dat","OLD_DAT","old-data-index-dat","0","Assets/NTSD/Config/data.txt","empty-root Menu prewarm; Inspector RefreshAllData; explicit historical reader","false","False","EA283DD674F1A3167DF313C858ADCFC6196A0E80149D683439DED1C1F26A0C07"
"Assets/NTSD/Config/specialattack/sand_2.dat","OLD_DAT","old-data-index-dat","0","Assets/NTSD/Config/data.txt","empty-root Menu prewarm; Inspector RefreshAllData; explicit historical reader","false","False","983B98E3FB03CBCA6D6323043F5F88FF1E3AFC1029591CDB01B636E0EF2CB4D6"
"Assets/NTSD/Config/specialattack/sand_blast.dat","OLD_DAT","old-data-index-dat","0","Assets/NTSD/Config/data.txt","empty-root Menu prewarm; Inspector RefreshAllData; explicit historical reader","false","False","8779D12864A22BE123465E624FAC8595DD5A456096757138CD770B7BD84A9217"
"Assets/NTSD/Config/specialattack/sand_shield.dat","OLD_DAT","old-data-index-dat","0","Assets/NTSD/Config/data.txt","empty-root Menu prewarm; Inspector RefreshAllData; explicit historical reader","false","False","4D3E62B32A68FE3A2C7E4223313BE9BEF1ECC5F78165A815E88828FB095114D8"
"Assets/NTSD/Config/specialattack/sanshouo.dat","OLD_DAT","old-data-index-dat","0","Assets/NTSD/Config/data.txt","empty-root Menu prewarm; Inspector RefreshAllData; explicit historical reader","false","False","69D9CB4AEB092572134DEE3943BCCC0042993CDA7974A99286F419C158D64299"
"Assets/NTSD/Config/specialattack/shadow.dat","OLD_DAT","old-data-index-dat","0","Assets/NTSD/Config/data.txt","empty-root Menu prewarm; Inspector RefreshAllData; explicit historical reader","false","False","E2391FA2E3BDAFF257FE44E466F9B7DF9C808EF1A7171F21D1DD3B136022988B"
"Assets/NTSD/Config/specialattack/snake.dat","OLD_DAT","old-data-index-dat","0","Assets/NTSD/Config/data.txt","empty-root Menu prewarm; Inspector RefreshAllData; explicit historical reader","false","False","81B46A6F5BD99D965F9AA19FAA110D4CADF0112B85EB91E0F6BDE7A22287CCC2"
"Assets/NTSD/Config/specialattack/spider.dat","OLD_DAT","old-data-index-dat","0","Assets/NTSD/Config/data.txt","empty-root Menu prewarm; Inspector RefreshAllData; explicit historical reader","false","False","3AA981D95D7E0CA8CE677C52D5C21889C6FD4DF3B0150178565251BC8D79A01A"
"Assets/NTSD/Config/specialattack/summon.dat","OLD_DAT","old-data-index-dat","0","Assets/NTSD/Config/data.txt","empty-root Menu prewarm; Inspector RefreshAllData; explicit historical reader","false","False","4B5C912FEAEE51B5E7A8B0AD7FC1860130A60766A0F5C742A910BA828542ED76"
"Assets/NTSD/Config/specialattack/sword.dat","OLD_DAT","old-data-index-dat","0","Assets/NTSD/Config/data.txt","empty-root Menu prewarm; Inspector RefreshAllData; explicit historical reader","false","False","28F3038710B4CD09819278EEE9DA2B779532400375CEBD6CBD438B949BDE90C4"
"Assets/NTSD/Config/specialattack/thunder_creature.dat","OLD_DAT","old-data-index-dat","0","Assets/NTSD/Config/data.txt","empty-root Menu prewarm; Inspector RefreshAllData; explicit historical reader","false","False","6CA0A83B7724EF4BDF042984157BADAC1EFF51266DE7CFD0661E803D91EE9F3F"
"Assets/NTSD/Config/specialattack/tree.dat","OLD_DAT","old-data-index-dat","0","Assets/NTSD/Config/data.txt","empty-root Menu prewarm; Inspector RefreshAllData; explicit historical reader","false","False","5D6B7A54C7BE920924683AFD2E81D7E62F83D8B5B9ECA60C76AF690CB247A295"
"Assets/NTSD/Config/specialattack/water.dat","OLD_DAT","old-data-index-dat","0","Assets/NTSD/Config/data.txt","empty-root Menu prewarm; Inspector RefreshAllData; explicit historical reader","false","False","9EBF700EED9D742CF603C9541BC1BD0410CF42B9AA0ECB2C5EC7B703E40F54AA"
"Assets/NTSD/Config/specialattack/wave.dat","OLD_DAT","old-data-index-dat","0","Assets/NTSD/Config/data.txt","empty-root Menu prewarm; Inspector RefreshAllData; explicit historical reader","false","False","D751946ACB0B937965F50112FB16B4053F317B7675CD0BBC51E37BBFC0E25028"
"Assets/NTSD/Config/specialattack/wind.dat","OLD_DAT","old-data-index-dat","0","Assets/NTSD/Config/data.txt","empty-root Menu prewarm; Inspector RefreshAllData; explicit historical reader","false","False","4DC24EB30E078F4991E164BB5D5E87A44BC256D1D7B62A5817FC7BF435DBB4FB"
"Assets/NTSD/Config/specialattack/wood.dat","OLD_DAT","old-data-index-dat","0","Assets/NTSD/Config/data.txt","empty-root Menu prewarm; Inspector RefreshAllData; explicit historical reader","false","False","BF772FEC00586C94722F29981B27DB8B6253B0869E19614CCF124BFF28B8ECC5"
"Assets/NTSD/Sprite/Character/chiyo/chiyo.bmp","OLD_INDEXED_IMAGE","sheet","1","Assets/NTSD/Config/Character/chiyo.dat","empty-root Menu/Inspector sprite prewarm via declared file range","false","False","8BC631CED83F2530C4397DD0A2B573DC9531A7224FDF5EDC3E3517A446231630"
"Assets/NTSD/Sprite/Character/chiyo/chiyo2.bmp","OLD_INDEXED_IMAGE","sheet","1","Assets/NTSD/Config/Character/chiyo.dat","empty-root Menu/Inspector sprite prewarm via declared file range","false","False","AADBC818FF216FB78181D069F5FDB8B22BA75AE9167B24B91B790D17E6DC6EAA"
"Assets/NTSD/Sprite/Character/chiyo/chiyo_f.bmp","OLD_INDEXED_IMAGE","head","1","Assets/NTSD/Config/Character/chiyo.dat","empty-root legacy UI sprite prewarm via head/small declaration","false","False","813EFF583BB841AF0BF2B1B89134D1CD97CDE40182237E20FBA7A776483E6D6E"
"Assets/NTSD/Sprite/Character/chiyo/chiyo_s.bmp","OLD_INDEXED_IMAGE","small","1","Assets/NTSD/Config/Character/chiyo.dat","empty-root legacy UI sprite prewarm via head/small declaration","false","False","59B126FF2F6D8EDC69DAC0DBE408B2636A5F7A3ACF7696478F52D0BF7B0BA13A"
"Assets/NTSD/Sprite/Character/deidara/deidara_0.bmp","OLD_INDEXED_IMAGE","sheet","1","Assets/NTSD/Config/Character/deidara.dat","empty-root Menu/Inspector sprite prewarm via declared file range","false","False","C7B8718C4F225C927A58134045845B81CBBCC3E14E772D24A9567F0E2C655EE3"
"Assets/NTSD/Sprite/Character/deidara/deidara_2.bmp","OLD_INDEXED_IMAGE","sheet","1","Assets/NTSD/Config/Character/deidara.dat","empty-root Menu/Inspector sprite prewarm via declared file range","false","False","97D4CA9EEF97806186CE556234D46FBEA7701726F579EA7D78A26B1D5A094414"
"Assets/NTSD/Sprite/Character/deidara/deidara_3.bmp","OLD_INDEXED_IMAGE","sheet","1","Assets/NTSD/Config/Character/deidara.dat","empty-root Menu/Inspector sprite prewarm via declared file range","false","False","8F1E6936845BA3E48B852D86245013494773B90457AE2E0AB5CC140B300BB2C5"
"Assets/NTSD/Sprite/Character/deidara/deidara_f.bmp","OLD_INDEXED_IMAGE","head","1","Assets/NTSD/Config/Character/deidara.dat","empty-root legacy UI sprite prewarm via head/small declaration","false","False","94E9B5467F35367A789F20F1B9AEA713E49145FD2700B6DBDEC6B4408DAE9C23"
"Assets/NTSD/Sprite/Character/deidara/deidara_s.bmp","OLD_INDEXED_IMAGE","small","1","Assets/NTSD/Config/Character/deidara.dat","empty-root legacy UI sprite prewarm via head/small declaration","false","False","13414C30BB7742B80AAF0B1BFDDAAC5A4639202C44D268FF85BC4C2C76B7C0E5"
"Assets/NTSD/Sprite/Character/deidara_bird/deidara_3.bmp","OLD_INDEXED_IMAGE","sheet","1","Assets/NTSD/Config/Character/deidara_bird.dat","empty-root Menu/Inspector sprite prewarm via declared file range","false","False","8F1E6936845BA3E48B852D86245013494773B90457AE2E0AB5CC140B300BB2C5"
"Assets/NTSD/Sprite/Character/deidara_bird/deidara_4.bmp","OLD_INDEXED_IMAGE","sheet","1","Assets/NTSD/Config/Character/deidara_bird.dat","empty-root Menu/Inspector sprite prewarm via declared file range","false","False","0CC1D3E1A59465F884F1A60A5A25241A7DC9DA5583BFA59E2CF7B766E1AD3458"
"Assets/NTSD/Sprite/Character/deidara_bird/deidara_bird_f.bmp","OLD_INDEXED_IMAGE","head","1","Assets/NTSD/Config/Character/deidara_bird.dat","empty-root legacy UI sprite prewarm via head/small declaration","false","False","1B58D02FF9ED5CCA21D7B73E007F4F06805B45ECB0B0713A4FFF28173AF41AF0"
"Assets/NTSD/Sprite/Character/deidara_bird/deidara_s.bmp","OLD_INDEXED_IMAGE","small","1","Assets/NTSD/Config/Character/deidara_bird.dat","empty-root legacy UI sprite prewarm via head/small declaration","false","False","13414C30BB7742B80AAF0B1BFDDAAC5A4639202C44D268FF85BC4C2C76B7C0E5"
"Assets/NTSD/Sprite/Character/gaara/gaara.bmp","OLD_INDEXED_IMAGE","sheet","1","Assets/NTSD/Config/Character/gaara.dat","empty-root Menu/Inspector sprite prewarm via declared file range","false","False","8566EEAE5496FE09347F7C2465B86F2FFCA3DA9B0B8E4F3AA90FE56B15D89B81"
"Assets/NTSD/Sprite/Character/gaara/gaara_2.bmp","OLD_INDEXED_IMAGE","sheet","1","Assets/NTSD/Config/Character/gaara.dat","empty-root Menu/Inspector sprite prewarm via declared file range","false","False","2618764882C5DDBA093F2475D45A3CC37160FAD047DF1CCDA51835094BA30677"
"Assets/NTSD/Sprite/Character/gaara/gaara_f.bmp","OLD_INDEXED_IMAGE","head","1","Assets/NTSD/Config/Character/gaara.dat","empty-root legacy UI sprite prewarm via head/small declaration","false","False","29C04B213DAEEC3EB98DFF48EF2AD40FC40EA71D6F4CDCE40B36BE38B84A0745"
"Assets/NTSD/Sprite/Character/gaara/gaara_s.bmp","OLD_INDEXED_IMAGE","small","1","Assets/NTSD/Config/Character/gaara.dat","empty-root legacy UI sprite prewarm via head/small declaration","false","False","21BC1DF269A2EC331A2104EF41009D7B25656098A8F938EBCB938D797160325C"
"Assets/NTSD/Sprite/Character/hidan/hidan.bmp","OLD_INDEXED_IMAGE","sheet","1","Assets/NTSD/Config/Character/hidan.dat","empty-root Menu/Inspector sprite prewarm via declared file range","false","False","310B87F2D2AC9BBC45E366EB926D7230092C5477B632E7D05E7053987A698A10"
"Assets/NTSD/Sprite/Character/hidan/hidan_2.bmp","OLD_INDEXED_IMAGE","sheet","1","Assets/NTSD/Config/Character/hidan.dat","empty-root Menu/Inspector sprite prewarm via declared file range","false","False","BF51B1E2D148ADEA864CDB6626E4AAFC07D1340584C98ACB55ACCE93E0550EFF"
"Assets/NTSD/Sprite/Character/hidan/hidan_3.bmp","OLD_INDEXED_IMAGE","sheet","1","Assets/NTSD/Config/Character/hidan.dat","empty-root Menu/Inspector sprite prewarm via declared file range","false","False","F0E49FD3B7ED6719E2EE780968ECACCA7AE91E3229E1709B9CE4A84E78675AC9"
"Assets/NTSD/Sprite/Character/hidan/hidan_4.bmp","OLD_INDEXED_IMAGE","sheet","1","Assets/NTSD/Config/Character/hidan.dat","empty-root Menu/Inspector sprite prewarm via declared file range","false","False","955578B1AD8F07C13B826AA849170789FC089A10D8421A3FD5A8FB452EFF04DA"
"Assets/NTSD/Sprite/Character/hidan/hidan_f.bmp","OLD_INDEXED_IMAGE","head","1","Assets/NTSD/Config/Character/hidan.dat","empty-root legacy UI sprite prewarm via head/small declaration","false","False","E0F25D47CAB4ABC9460F451C90BB5FB78F8AAFAB037D27FBFC4D8F6494DEC6BF"
"Assets/NTSD/Sprite/Character/hidan/hidan_s.bmp","OLD_INDEXED_IMAGE","small","1","Assets/NTSD/Config/Character/hidan.dat","empty-root legacy UI sprite prewarm via head/small declaration","false","False","31CC1C629EC79421C000AAA7E4F1D9AE51D1B607F3CAEC3197C2BEEC4D2FFBEE"
"Assets/NTSD/Sprite/Character/hidan/slashing_hidan.bmp","OLD_INDEXED_IMAGE","sheet","1","Assets/NTSD/Config/Character/hidan.dat","empty-root Menu/Inspector sprite prewarm via declared file range","false","False","A7AD1D519EFA51337AAA5074CD5B96FC3B5F98809E7092943156968884A7028B"
"Assets/NTSD/Sprite/Character/Hsasori/Hsasori.bmp","OLD_INDEXED_IMAGE","sheet","1","Assets/NTSD/Config/Character/Hsasori.dat","empty-root Menu/Inspector sprite prewarm via declared file range","false","False","E72507F40A70E19CA09532BADB6A1DA762BE658D1EA89EAE20373BCB47AD9449"
"Assets/NTSD/Sprite/Character/Hsasori/Hsasori_2.bmp","OLD_INDEXED_IMAGE","sheet","1","Assets/NTSD/Config/Character/Hsasori.dat","empty-root Menu/Inspector sprite prewarm via declared file range","false","False","AE0F4807CEF00511F601D35D1E179B2393D60E10F7207153BBA3CA30F654BF9B"
"Assets/NTSD/Sprite/Character/Hsasori/Hsasori_3.bmp","OLD_INDEXED_IMAGE","sheet","1","Assets/NTSD/Config/Character/Hsasori.dat","empty-root Menu/Inspector sprite prewarm via declared file range","false","False","A0EA344D8E40036FA9ABEF50E2178D53B31EBE07D26A697C43FC296B49085CEC"
"Assets/NTSD/Sprite/Character/Hsasori/Hsasori_4.bmp","OLD_INDEXED_IMAGE","sheet","1","Assets/NTSD/Config/Character/Hsasori.dat","empty-root Menu/Inspector sprite prewarm via declared file range","false","False","AD242BB16166FDD877DA46F352C8D376E4F8A0E62187FCE8EEA513D30898055B"
"Assets/NTSD/Sprite/Character/Hsasori/Hsasori_f.bmp","OLD_INDEXED_IMAGE","head","1","Assets/NTSD/Config/Character/Hsasori.dat","empty-root legacy UI sprite prewarm via head/small declaration","false","False","6B11A4CC845C5CF1CE2A8038F7651D192C1F921CF2D7EC5F014983F962E16BFE"
"Assets/NTSD/Sprite/Character/Hsasori/Hsasori_s.bmp","OLD_INDEXED_IMAGE","small","1","Assets/NTSD/Config/Character/Hsasori.dat","empty-root legacy UI sprite prewarm via head/small declaration","false","False","6A54C97A23EF4CA5756D6FA2D1738AF097692D8F9E72230B8D3B3C24048F4080"
"Assets/NTSD/Sprite/Character/hunter/claw_nin.bmp","OLD_INDEXED_IMAGE","sheet","1","Assets/NTSD/Config/Character/hunter.dat","empty-root Menu/Inspector sprite prewarm via declared file range","false","False","FF0A426E3BDA3EBE81D74A4F6B887E17CD7A04E9041CF6CBEC66B58CEE310E25"
"Assets/NTSD/Sprite/Character/hunter/hunter_0.bmp","OLD_INDEXED_IMAGE","sheet","1","Assets/NTSD/Config/Character/hunter.dat","empty-root Menu/Inspector sprite prewarm via declared file range","false","False","DDCCB0600A7B3F96B0500CC06FD6E471B96A8AFDD1A38E4C8BDA411463EBC7B7"
"Assets/NTSD/Sprite/Character/hunter/hunter_f.bmp","OLD_INDEXED_IMAGE","head","1","Assets/NTSD/Config/Character/hunter.dat","empty-root legacy UI sprite prewarm via head/small declaration","false","False","82463F639423D526C3A178B9CFAC963231B3A71A0C9DDAF001D62DB15EF88335"
"Assets/NTSD/Sprite/Character/hunter/hunter_s.bmp","OLD_INDEXED_IMAGE","small","1","Assets/NTSD/Config/Character/hunter.dat","empty-root legacy UI sprite prewarm via head/small declaration","false","False","D4A1CDDD497956D621912F2A668B7DAA15161E83DEEE9DAC06FCE932B56ED322"
"Assets/NTSD/Sprite/Character/itachi/itachi.bmp","OLD_INDEXED_IMAGE","sheet","1","Assets/NTSD/Config/Character/itachi.dat","empty-root Menu/Inspector sprite prewarm via declared file range","false","False","5D967DD5A45FAC312353D45A106B96A59C484BC0E03E041C5FBFC5BC2C46BE40"
"Assets/NTSD/Sprite/Character/itachi/itachi_2.bmp","OLD_INDEXED_IMAGE","sheet","1","Assets/NTSD/Config/Character/itachi.dat","empty-root Menu/Inspector sprite prewarm via declared file range","false","False","B71FC0042081B00082B6DA8393B3491C9458F70403E97004ACE3F8E1F5EFD12F"
"Assets/NTSD/Sprite/Character/itachi/itachi_3.bmp","OLD_INDEXED_IMAGE","sheet","1","Assets/NTSD/Config/Character/itachi.dat","empty-root Menu/Inspector sprite prewarm via declared file range","false","False","30DDE8F437FBA0A04B46F241A975467076D57C613C55D2A7722C1C116A8E50F1"
"Assets/NTSD/Sprite/Character/itachi/itachi_4.bmp","OLD_INDEXED_IMAGE","sheet","1","Assets/NTSD/Config/Character/itachi.dat","empty-root Menu/Inspector sprite prewarm via declared file range","false","False","325B06453C7342093FD3914404BCA5BE8BB71E312B837C64F10EB20F396283C0"
"Assets/NTSD/Sprite/Character/itachi/itachi_f.bmp","OLD_INDEXED_IMAGE","head","1","Assets/NTSD/Config/Character/itachi.dat","empty-root legacy UI sprite prewarm via head/small declaration","false","False","4EDE5ABE40292EDE3FEBFB18DBBA1A37764DC363781DB2D004477A7148DB647A"
"Assets/NTSD/Sprite/Character/itachi/itachi_s.bmp","OLD_INDEXED_IMAGE","small","1","Assets/NTSD/Config/Character/itachi.dat","empty-root legacy UI sprite prewarm via head/small declaration","false","False","56C5B4220C9803EAF5837EE634BD738F7B5A655BCFFF8C8308817F092BCD4385"
"Assets/NTSD/Sprite/Character/jiraiya/jiraiya.bmp","OLD_INDEXED_IMAGE","sheet","1","Assets/NTSD/Config/Character/jiraiya.dat","empty-root Menu/Inspector sprite prewarm via declared file range","false","False","217186D90615B9CE55458545FE93B774DA769F0C71A597DF9E4C707E9676A879"
"Assets/NTSD/Sprite/Character/jiraiya/jiraiya_2.bmp","OLD_INDEXED_IMAGE","sheet","1","Assets/NTSD/Config/Character/jiraiya.dat","empty-root Menu/Inspector sprite prewarm via declared file range","false","False","27DEBAEA78A4B36E63134800D0DE75617557F1D5E7EEA3A9297D1A42D15D665F"
"Assets/NTSD/Sprite/Character/jiraiya/jiraiya_3.bmp","OLD_INDEXED_IMAGE","sheet","1","Assets/NTSD/Config/Character/jiraiya.dat","empty-root Menu/Inspector sprite prewarm via declared file range","false","False","9BB185D904B01E6B2FBDA3C99869D01B02E333096CB3796466554672BC673C43"
"Assets/NTSD/Sprite/Character/jiraiya/jiraiya_4.bmp","OLD_INDEXED_IMAGE","sheet","1","Assets/NTSD/Config/Character/jiraiya.dat","empty-root Menu/Inspector sprite prewarm via declared file range","false","False","CC0F49F7CC369F6C6ABE05112E4923AA11F3E42BA303F7C5C5F2B6AAC691A913"
"Assets/NTSD/Sprite/Character/jiraiya/jiraiya_f.bmp","OLD_INDEXED_IMAGE","head","1","Assets/NTSD/Config/Character/jiraiya.dat","empty-root legacy UI sprite prewarm via head/small declaration","false","False","262AE3BC7734CAC860C4135FA52F2742EE744DC15F4A22AAE6EE5C0D4A72F8C1"
"Assets/NTSD/Sprite/Character/jiraiya/jiraiya_s.bmp","OLD_INDEXED_IMAGE","small","1","Assets/NTSD/Config/Character/jiraiya.dat","empty-root legacy UI sprite prewarm via head/small declaration","false","False","3DAAF116149DC181C87B493FADB6FD1CE8A8116705CDA1456EE777774DF61851"
"Assets/NTSD/Sprite/Character/jiroubou/cave.bmp","OLD_INDEXED_IMAGE","sheet","1","Assets/NTSD/Config/Character/jiroubou.dat","empty-root Menu/Inspector sprite prewarm via declared file range","false","False","E672B335DAD31173FB8225DBBD8BC741FB5766233FFB72D68CD6FDF00F819164"
"Assets/NTSD/Sprite/Character/jiroubou/jiroubou.bmp","OLD_INDEXED_IMAGE","sheet","1","Assets/NTSD/Config/Character/jiroubou.dat","empty-root Menu/Inspector sprite prewarm via declared file range","false","False","56D60E33C51B196A2317E3E4B81E96BCA5EF5C83D6D6B138ED8A83E9921C8A83"
"Assets/NTSD/Sprite/Character/jiroubou/jiroubou_2.bmp","OLD_INDEXED_IMAGE","sheet","1","Assets/NTSD/Config/Character/jiroubou.dat","empty-root Menu/Inspector sprite prewarm via declared file range","false","False","5C83817DFB86D5EF4E3F3D97BB8DD71A357EF5A80315669292F777581F55E9AE"
"Assets/NTSD/Sprite/Character/jiroubou/jiroubou_3.bmp","OLD_INDEXED_IMAGE","sheet","1","Assets/NTSD/Config/Character/jiroubou.dat","empty-root Menu/Inspector sprite prewarm via declared file range","false","False","5E314382DAE2E26DA897CBBD5E84D1943A4339640CA93D6BE29CA216D42D1BB4"
"Assets/NTSD/Sprite/Character/jiroubou/jiroubou_f.bmp","OLD_INDEXED_IMAGE","head","1","Assets/NTSD/Config/Character/jiroubou.dat","empty-root legacy UI sprite prewarm via head/small declaration","false","False","257D3438620817AB81B0E4E1089C25C67055B228CC9BA11869948F4E333D4971"
"Assets/NTSD/Sprite/Character/jiroubou/jiroubou_s.bmp","OLD_INDEXED_IMAGE","small","1","Assets/NTSD/Config/Character/jiroubou.dat","empty-root legacy UI sprite prewarm via head/small declaration","false","False","901B252A294C2E8C58854A60C404D54D8F9CCE1CCC14BA2060A593238AC327E4"
"Assets/NTSD/Sprite/Character/kabuto/kabuto.bmp","OLD_INDEXED_IMAGE","sheet","1","Assets/NTSD/Config/Character/kabuto.dat","empty-root Menu/Inspector sprite prewarm via declared file range","false","False","646F1B40C6A9C556C3EA640D038C910F725B277BA096EC20B380C920785F1EB6"
"Assets/NTSD/Sprite/Character/kabuto/kabuto_2.bmp","OLD_INDEXED_IMAGE","sheet","1","Assets/NTSD/Config/Character/kabuto.dat","empty-root Menu/Inspector sprite prewarm via declared file range","false","False","AF3AD3C4BC35944D5CCF526134F4B3D9F17F25703FD012952E34F806BF93EA7D"
"Assets/NTSD/Sprite/Character/kabuto/kabuto_f.bmp","OLD_INDEXED_IMAGE","head","1","Assets/NTSD/Config/Character/kabuto.dat","empty-root legacy UI sprite prewarm via head/small declaration","false","False","79C5AD01E0CE5AA0C3CBFA1D8833B9A7AB1CAC297233243A86F28457326F824D"
"Assets/NTSD/Sprite/Character/kabuto/kabuto_s.bmp","OLD_INDEXED_IMAGE","small","1","Assets/NTSD/Config/Character/kabuto.dat","empty-root legacy UI sprite prewarm via head/small declaration","false","False","4889CDD3805EC59B6300252CAB3303C486DE28189F9851714908D258CE694A6B"
"Assets/NTSD/Sprite/Character/KakaShi/kakashi.bmp","OLD_INDEXED_IMAGE","sheet","1","Assets/NTSD/Config/Character/kakashi.dat","empty-root Menu/Inspector sprite prewarm via declared file range","false","False","F56CC9939465F6FDF9CEC87FC8C3BFA6173E896D4495BEFB09C4CC81B912A515"
"Assets/NTSD/Sprite/Character/KakaShi/kakashi_2.bmp","OLD_INDEXED_IMAGE","sheet","1","Assets/NTSD/Config/Character/kakashi.dat","empty-root Menu/Inspector sprite prewarm via declared file range","false","False","0C180CED34B26A489A71B501438D0EF57804BD7AEB9BE7790A468F7FDDFECB95"
"Assets/NTSD/Sprite/Character/KakaShi/kakashi_f.bmp","OLD_INDEXED_IMAGE","head","1","Assets/NTSD/Config/Character/kakashi.dat","empty-root legacy UI sprite prewarm via head/small declaration","false","False","94C9DB0284EEB4B73DF2E1FB9AA7AEC3049DB389CB1A8E014B0D47EE1F962606"
"Assets/NTSD/Sprite/Character/KakaShi/kakashi_s.bmp","OLD_INDEXED_IMAGE","small","1","Assets/NTSD/Config/Character/kakashi.dat","empty-root legacy UI sprite prewarm via head/small declaration","false","False","CE03056E6073EDFDA273DCC18217BB7E451A99CCD7630228CF6BAA16D2355A74"
"Assets/NTSD/Sprite/Character/kakuzu/hidan.bmp","OLD_INDEXED_IMAGE","sheet","1","Assets/NTSD/Config/Character/kakuzu.dat","empty-root Menu/Inspector sprite prewarm via declared file range","false","False","310B87F2D2AC9BBC45E366EB926D7230092C5477B632E7D05E7053987A698A10"
"Assets/NTSD/Sprite/Character/kakuzu/kakuzu.bmp","OLD_INDEXED_IMAGE","sheet","1","Assets/NTSD/Config/Character/kakuzu.dat","empty-root Menu/Inspector sprite prewarm via declared file range","false","False","4C6E8EF3ED5336C117056CE89FC9E30C44E8EF5D5F8AB0FF440CF182DCABA3B7"
"Assets/NTSD/Sprite/Character/kakuzu/kakuzu3.bmp","OLD_INDEXED_IMAGE","sheet","1","Assets/NTSD/Config/Character/kakuzu.dat","empty-root Menu/Inspector sprite prewarm via declared file range","false","False","EB1FEC5939206F4C5CBA52E8CA5C789882BE59DEDDB1743EEE7B9E0F2D96F7CC"
"Assets/NTSD/Sprite/Character/kakuzu/kakuzu4.bmp","OLD_INDEXED_IMAGE","sheet","1","Assets/NTSD/Config/Character/kakuzu.dat","empty-root Menu/Inspector sprite prewarm via declared file range","false","False","D8D4521CB72A70705D50188036F5D1234A6C032D4462C81AC861BBBD354016DC"
"Assets/NTSD/Sprite/Character/kakuzu/kakuzu_f.bmp","OLD_INDEXED_IMAGE","head","1","Assets/NTSD/Config/Character/kakuzu.dat","empty-root legacy UI sprite prewarm via head/small declaration","false","False","58DBB47391524BF3CEED2C382F708D22E0B9E0B89D4BE66CED829A98C18F0FFD"
"Assets/NTSD/Sprite/Character/kakuzu/kakuzu_s.bmp","OLD_INDEXED_IMAGE","small","1","Assets/NTSD/Config/Character/kakuzu.dat","empty-root legacy UI sprite prewarm via head/small declaration","false","False","3E75AB10958F18DF0B7274205AD08A601C46B3240F7F2E7E43FF87F20F84BA16"
"Assets/NTSD/Sprite/Character/kankuro/kankuro.bmp","OLD_INDEXED_IMAGE","sheet","1","Assets/NTSD/Config/Character/kankuro.dat","empty-root Menu/Inspector sprite prewarm via declared file range","false","False","571EC4C5FDCAC94BD15C0DDCC6E9D5D5290CA92D07EF8659F9CE03A8500C9A7E"
"Assets/NTSD/Sprite/Character/kankuro/kankuro_2.bmp","OLD_INDEXED_IMAGE","sheet","1","Assets/NTSD/Config/Character/kankuro.dat","empty-root Menu/Inspector sprite prewarm via declared file range","false","False","4A96A354AA9A42953771A2E6A718095B02543A0953A7209DE2552012F90BC7B4"
"Assets/NTSD/Sprite/Character/kankuro/kankuro_f.bmp","OLD_INDEXED_IMAGE","head","1","Assets/NTSD/Config/Character/kankuro.dat","empty-root legacy UI sprite prewarm via head/small declaration","false","False","3862A667EA09DCC8C2AEF6C06763B4434AF05E38700E98421D9B38C9DFF8ECAF"
"Assets/NTSD/Sprite/Character/kankuro/kankuro_s.bmp","OLD_INDEXED_IMAGE","small","1","Assets/NTSD/Config/Character/kankuro.dat","empty-root legacy UI sprite prewarm via head/small declaration","false","False","770BF5ECF0FBE364CF8AC1F63CAFE41E605FE95319077AA39D64F671E2B7FA84"
"Assets/NTSD/Sprite/Character/kiba/deidara_2.bmp","OLD_INDEXED_IMAGE","sheet","1","Assets/NTSD/Config/Character/kiba.dat","empty-root Menu/Inspector sprite prewarm via declared file range","false","False","97D4CA9EEF97806186CE556234D46FBEA7701726F579EA7D78A26B1D5A094414"
"Assets/NTSD/Sprite/Character/kiba/kiba_0.bmp","OLD_INDEXED_IMAGE","sheet","1","Assets/NTSD/Config/Character/kiba.dat","empty-root Menu/Inspector sprite prewarm via declared file range","false","False","0DE4FDDA06B6A6C25269E8AF97B0F42D7D8D93A581B0BCA2002CEFA6F36473D4"
"Assets/NTSD/Sprite/Character/kiba/kiba_2.bmp","OLD_INDEXED_IMAGE","sheet","1","Assets/NTSD/Config/Character/kiba.dat","empty-root Menu/Inspector sprite prewarm via declared file range","false","False","A818567E146F6539A846072C052856959DA095076115310E52922B7B48C8DDA0"
"Assets/NTSD/Sprite/Character/kiba/kiba_f.bmp","OLD_INDEXED_IMAGE","head","1","Assets/NTSD/Config/Character/kiba.dat","empty-root legacy UI sprite prewarm via head/small declaration","false","False","0A1EC141E0EA8F5D7973A29BBECEB1B6B4D691762147782008AC921CB949461E"
"Assets/NTSD/Sprite/Character/kiba/kiba_s.bmp","OLD_INDEXED_IMAGE","small","1","Assets/NTSD/Config/Character/kiba.dat","empty-root legacy UI sprite prewarm via head/small declaration","false","False","EB1CD19E65FCC57151EBF4FD2F3B0320179E58135186472B08F77118805B3527"
"Assets/NTSD/Sprite/Character/kidomaru/kidomaru.bmp","OLD_INDEXED_IMAGE","sheet","1","Assets/NTSD/Config/Character/kidomaru.dat","empty-root Menu/Inspector sprite prewarm via declared file range","false","False","C28BC57FB8B7E4BB454859B99C60C3F4B82936EA16494EA6F14329886ACFD9FA"
"Assets/NTSD/Sprite/Character/kidomaru/kidomaru_2.bmp","OLD_INDEXED_IMAGE","sheet","1","Assets/NTSD/Config/Character/kidomaru.dat","empty-root Menu/Inspector sprite prewarm via declared file range","false","False","78E1E6327BD1B3D206EEE033851D882A4DBF4BA2B5A55B8B065F7ADD84CA9B0D"
"Assets/NTSD/Sprite/Character/kidomaru/kidomaru_3.bmp","OLD_INDEXED_IMAGE","sheet","1","Assets/NTSD/Config/Character/kidomaru.dat","empty-root Menu/Inspector sprite prewarm via declared file range","false","False","9D429FBD750D6F68D3924497ED39D7B0DA705F513C0F621D5E11127158025B7D"
"Assets/NTSD/Sprite/Character/kidomaru/kidomaru_f.bmp","OLD_INDEXED_IMAGE","head","1","Assets/NTSD/Config/Character/kidomaru.dat","empty-root legacy UI sprite prewarm via head/small declaration","false","False","3F7DD2B8BFC0CE078CE8CA90DEB8DD071DE5C3A56EE600D2997EA9BDD047BFDD"
"Assets/NTSD/Sprite/Character/kidomaru/kidomaru_s.bmp","OLD_INDEXED_IMAGE","small","1","Assets/NTSD/Config/Character/kidomaru.dat","empty-root legacy UI sprite prewarm via head/small declaration","false","False","D4354866123CB1D53AF50BE2DCA6C93F2FF71DEFF7D7B5E48BDF0C1D82274480"
"Assets/NTSD/Sprite/Character/kisame/kisame_0.bmp","OLD_INDEXED_IMAGE","sheet","1","Assets/NTSD/Config/Character/kisame.dat","empty-root Menu/Inspector sprite prewarm via declared file range","false","False","8986F19319C23FA1D924DF07EC1980387A192878B4EF26B97998842EE1E8BBC5"
"Assets/NTSD/Sprite/Character/kisame/kisame_2.bmp","OLD_INDEXED_IMAGE","sheet","1","Assets/NTSD/Config/Character/kisame.dat","empty-root Menu/Inspector sprite prewarm via declared file range","false","False","C6501972801715491A5CD87F25111238B677AEF662D076B37D46D23B3A10E518"
"Assets/NTSD/Sprite/Character/kisame/kisame_3.bmp","OLD_INDEXED_IMAGE","sheet","1","Assets/NTSD/Config/Character/kisame.dat","empty-root Menu/Inspector sprite prewarm via declared file range","false","False","693DEFD204EE606F5E542898070C9972AC5B62B3001D1BD86D74DB0739184777"
"Assets/NTSD/Sprite/Character/kisame/kisame_f.bmp","OLD_INDEXED_IMAGE","head","1","Assets/NTSD/Config/Character/kisame.dat","empty-root legacy UI sprite prewarm via head/small declaration","false","False","6923DF906ACCC5EB19CB97E3A2CD184430577BFEC9DAD769F729BE08ABCC5924"
"Assets/NTSD/Sprite/Character/kisame/kisame_s.bmp","OLD_INDEXED_IMAGE","small","1","Assets/NTSD/Config/Character/kisame.dat","empty-root legacy UI sprite prewarm via head/small declaration","false","False","ADC2A9B1FA141538727110E2F76FF02D5F21BDEA5B53E987DDA0A2C837C54866"
"Assets/NTSD/Sprite/Character/kyubi/4tk.bmp","OLD_INDEXED_IMAGE","sheet","1","Assets/NTSD/Config/Character/kyubi.dat","empty-root Menu/Inspector sprite prewarm via declared file range","false","False","F803872EE8C69897D3CDCA1EA07C0B2E7D3936EDA7702B9F1DCE08AA41F50E35"
"Assets/NTSD/Sprite/Character/kyubi/4tk2.bmp","OLD_INDEXED_IMAGE","sheet","1","Assets/NTSD/Config/Character/kyubi.dat","empty-root Menu/Inspector sprite prewarm via declared file range","false","False","594DF3EEC6348B1EE7F6DA833C5F0231ECCDC1673D8CEC92CD14CD1934D09755"
"Assets/NTSD/Sprite/Character/kyubi/kyubi.bmp","OLD_INDEXED_IMAGE","sheet","1","Assets/NTSD/Config/Character/kyubi.dat","empty-root Menu/Inspector sprite prewarm via declared file range","false","False","623D22C3CB0A27237273413B7F51CE75B85E924E334B96654CFBE3CA7FFE5A71"
"Assets/NTSD/Sprite/Character/kyubi/kyubi_3.bmp","OLD_INDEXED_IMAGE","sheet","1","Assets/NTSD/Config/Character/kyubi.dat","empty-root Menu/Inspector sprite prewarm via declared file range","false","False","59CB17977967F893905D47523C71E2B62F1B2B0D436A8ACBFDE6D8206ACCE6AA"
"Assets/NTSD/Sprite/Character/kyubi/kyubi_f.bmp","OLD_INDEXED_IMAGE","head","1","Assets/NTSD/Config/Character/kyubi.dat","empty-root legacy UI sprite prewarm via head/small declaration","false","False","D6F77C3E7EB8837AE95D589DDE48C6DA835C09C979E704BA5D11D1FA44772FC5"
"Assets/NTSD/Sprite/Character/kyubi/kyubi_s.bmp","OLD_INDEXED_IMAGE","small","1","Assets/NTSD/Config/Character/kyubi.dat","empty-root legacy UI sprite prewarm via head/small declaration","false","False","4349B89ACDBEC20E3472A634CC0D44C0E34E9F4E3CA931D754BD7F5731BD6CF6"
"Assets/NTSD/Sprite/Character/kyubi/naruto_2.bmp","OLD_INDEXED_IMAGE","sheet","1","Assets/NTSD/Config/Character/kyubi.dat","empty-root Menu/Inspector sprite prewarm via declared file range","false","False","3204AF02BED7295DCF1172F2B8F4707C4604F3EB4188793722269A5C67A45E59"
"Assets/NTSD/Sprite/Character/MingRen/naruto_0.bmp","OLD_INDEXED_IMAGE","sheet","2","Assets/NTSD/Config/Character/naruto_clone.dat;Assets/NTSD/Config/Character/naruto.dat","empty-root Menu/Inspector sprite prewarm via declared file range","false","False","6C043F054E783F1029EDBFDC0FFAE568D069014A205B385DDE14A3F39FD56868"
"Assets/NTSD/Sprite/Character/MingRen/naruto_2.bmp","OLD_INDEXED_IMAGE","sheet","2","Assets/NTSD/Config/Character/naruto_clone.dat;Assets/NTSD/Config/Character/naruto.dat","empty-root Menu/Inspector sprite prewarm via declared file range","false","False","3204AF02BED7295DCF1172F2B8F4707C4604F3EB4188793722269A5C67A45E59"
"Assets/NTSD/Sprite/Character/MingRen/naruto_clone_f.bmp","OLD_INDEXED_IMAGE","head","1","Assets/NTSD/Config/Character/naruto_clone.dat","empty-root legacy UI sprite prewarm via head/small declaration","false","False","5B7F6638D784F0F9443474111ACB679B4A454A4A54FADC35BC0BB45A594F241A"
"Assets/NTSD/Sprite/Character/MingRen/naruto_f.bmp","OLD_INDEXED_IMAGE","head","1","Assets/NTSD/Config/Character/naruto.dat","empty-root legacy UI sprite prewarm via head/small declaration","false","False","B02318768DEB72CB59741ECA0D4EE1AE8A4945D019F40099DE5A188B95A072F4"
"Assets/NTSD/Sprite/Character/MingRen/naruto_s.bmp","OLD_INDEXED_IMAGE","small","2","Assets/NTSD/Config/Character/naruto_clone.dat;Assets/NTSD/Config/Character/naruto.dat","empty-root legacy UI sprite prewarm via head/small declaration","false","False","113782BE55E3543A23F38FBE22C2D91AF2C1CCBCA11966DB92FEEFA5BA0014DD"
"Assets/NTSD/Sprite/Character/nckakuzu/nckakuzu.bmp","OLD_INDEXED_IMAGE","sheet","1","Assets/NTSD/Config/Character/nckakuzu.dat","empty-root Menu/Inspector sprite prewarm via declared file range","false","False","D26E05AB05CA94C17B0B8CD37338C9C9B02968C79728E29F284F2C5C1A53983E"
"Assets/NTSD/Sprite/Character/nckakuzu/nckakuzu_1.bmp","OLD_INDEXED_IMAGE","sheet","1","Assets/NTSD/Config/Character/nckakuzu.dat","empty-root Menu/Inspector sprite prewarm via declared file range","false","False","49378AEA80084A2770C89730BA7523A2D9646A2CD25088C6196151659C95FDF5"
"Assets/NTSD/Sprite/Character/nckakuzu/nckakuzu_f.bmp","OLD_INDEXED_IMAGE","head","1","Assets/NTSD/Config/Character/nckakuzu.dat","empty-root legacy UI sprite prewarm via head/small declaration","false","False","92F1F9A06C1CF51FD7FA6A78CA434C7B5C9EBC3A0FF27207FCCB7DF256E5941C"
"Assets/NTSD/Sprite/Character/nckakuzu/nckakuzu_s.bmp","OLD_INDEXED_IMAGE","small","1","Assets/NTSD/Config/Character/nckakuzu.dat","empty-root legacy UI sprite prewarm via head/small declaration","false","False","1B117D1D4CC751A41657871C92ED2EEB6CCDE88045E0FE55F08CDED1E97DB16A"
"Assets/NTSD/Sprite/Character/neji/hakke.bmp","OLD_INDEXED_IMAGE","sheet","1","Assets/NTSD/Config/Character/neji.dat","empty-root Menu/Inspector sprite prewarm via declared file range","false","False","38ECCDDFDD6B3EB2AE8BAC687D09BD5CFF2D4935D7AD03AC019123F649BF5DD8"
"Assets/NTSD/Sprite/Character/neji/neji_0.bmp","OLD_INDEXED_IMAGE","sheet","1","Assets/NTSD/Config/Character/neji.dat","empty-root Menu/Inspector sprite prewarm via declared file range","false","False","83883436637E52BFAC00E42F2664EA1B57F96B7534B766A599075FA24F0C37A8"
"Assets/NTSD/Sprite/Character/neji/neji_1.bmp","OLD_INDEXED_IMAGE","sheet","1","Assets/NTSD/Config/Character/neji.dat","empty-root Menu/Inspector sprite prewarm via declared file range","false","False","E84AD8093950B420FFE521079C50FA41A4C1648D2CD79DAB8999FF8A50B8335B"
"Assets/NTSD/Sprite/Character/neji/neji_2.bmp","OLD_INDEXED_IMAGE","sheet","1","Assets/NTSD/Config/Character/neji.dat","empty-root Menu/Inspector sprite prewarm via declared file range","false","False","4C6418F048BF58A1DE4B8345968B3EE4F1680DCD6D6C2B60B4B5A724AAB856CA"
"Assets/NTSD/Sprite/Character/neji/neji_f.bmp","OLD_INDEXED_IMAGE","head","1","Assets/NTSD/Config/Character/neji.dat","empty-root legacy UI sprite prewarm via head/small declaration","false","False","FB7012210E32DD2E122C8144D9EF44B9021AFC9353D18107330410418C9798CE"
"Assets/NTSD/Sprite/Character/neji/neji_s.bmp","OLD_INDEXED_IMAGE","small","1","Assets/NTSD/Config/Character/neji.dat","empty-root legacy UI sprite prewarm via head/small declaration","false","False","D1BCDD41EE13C7CF2FDF497D8FD7377C966BB1C9BF942897691B4C86F82AF073"
"Assets/NTSD/Sprite/Character/orochimaru/orochimaru.bmp","OLD_INDEXED_IMAGE","sheet","1","Assets/NTSD/Config/Character/orochimaru.dat","empty-root Menu/Inspector sprite prewarm via declared file range","false","False","F4290151846736B3E807B3EE3C48F168DB94E8C7F12CA40AF61C1045F7044354"
"Assets/NTSD/Sprite/Character/orochimaru/orochimaru_2.bmp","OLD_INDEXED_IMAGE","sheet","1","Assets/NTSD/Config/Character/orochimaru.dat","empty-root Menu/Inspector sprite prewarm via declared file range","false","False","C208AAC98B14F4E665B80B87AA8C496316501E245BCA215F4E4DDCA24A1A3230"
"Assets/NTSD/Sprite/Character/orochimaru/orochimaru_3.bmp","OLD_INDEXED_IMAGE","sheet","1","Assets/NTSD/Config/Character/orochimaru.dat","empty-root Menu/Inspector sprite prewarm via declared file range","false","False","F2C325745E395A7833AB7B10B17486022D816F038C0C5A0EFDF28D6876BD07FA"
"Assets/NTSD/Sprite/Character/orochimaru/orochimaru_f.bmp","OLD_INDEXED_IMAGE","head","1","Assets/NTSD/Config/Character/orochimaru.dat","empty-root legacy UI sprite prewarm via head/small declaration","false","False","AEB5A6909CDE110AFE118FC54B1DF18A862AE4155381CC74D61C6983784D6561"
"Assets/NTSD/Sprite/Character/orochimaru/orochimaru_s.bmp","OLD_INDEXED_IMAGE","small","1","Assets/NTSD/Config/Character/orochimaru.dat","empty-root legacy UI sprite prewarm via head/small declaration","false","False","A26180DDB6F18B772020A7AE2FE17963D062BB42E717636719345A0A0DA5D6E7"
"Assets/NTSD/Sprite/Character/pein/pein.bmp","OLD_INDEXED_IMAGE","sheet","1","Assets/NTSD/Config/Character/pein.dat","empty-root Menu/Inspector sprite prewarm via declared file range","false","False","E2B4FD2602C5074C936ADEAC69E22D201A8E84023961D69AFBB6C3A12DDA063E"
"Assets/NTSD/Sprite/Character/pein/pein_2.bmp","OLD_INDEXED_IMAGE","sheet","1","Assets/NTSD/Config/Character/pein.dat","empty-root Menu/Inspector sprite prewarm via declared file range","false","False","E7AF2EA9D1D384FDC24F9C79CCCFBC9FE160F32025F0A26066B0F2C9BAE382CE"
"Assets/NTSD/Sprite/Character/pein/pein_f.bmp","OLD_INDEXED_IMAGE","head","1","Assets/NTSD/Config/Character/pein.dat","empty-root legacy UI sprite prewarm via head/small declaration","false","False","155CD2A12A1879BE2435ED568F4626DED8CEE9E2FE5D97E3FFCD7C302B4AC295"
"Assets/NTSD/Sprite/Character/pein/pein_s.bmp","OLD_INDEXED_IMAGE","small","1","Assets/NTSD/Config/Character/pein.dat","empty-root legacy UI sprite prewarm via head/small declaration","false","False","125FC5C00FDF501E6EED1796DF8C7DB18204095558D8DC3DEC175E41725C4DDD"
"Assets/NTSD/Sprite/Character/puppet_sasori/puppet_3.bmp","OLD_INDEXED_IMAGE","sheet","1","Assets/NTSD/Config/Character/puppet_sasori.dat","empty-root Menu/Inspector sprite prewarm via declared file range","false","False","F1E086D63ED66DAB5ED34F452D32FEE18A21B85ACA720952F0661DC7ABDA8B4A"
"Assets/NTSD/Sprite/Character/puppet_sasori/puppet_4.bmp","OLD_INDEXED_IMAGE","sheet","1","Assets/NTSD/Config/Character/puppet_sasori.dat","empty-root Menu/Inspector sprite prewarm via declared file range","false","False","59C938A140422906FC4758506CB6781B6C5F099AD51F3C4BA23CA05F8FF36699"
"Assets/NTSD/Sprite/Character/puppet_sasori/puppet_f.bmp","OLD_INDEXED_IMAGE","head","1","Assets/NTSD/Config/Character/puppet_sasori.dat","empty-root legacy UI sprite prewarm via head/small declaration","false","False","2E5AF74C7B647852A806E07BEA6F5C95757136A23B59983D9B40B21A8BD04573"
"Assets/NTSD/Sprite/Character/puppet_sasori/puppet_s.bmp","OLD_INDEXED_IMAGE","small","1","Assets/NTSD/Config/Character/puppet_sasori.dat","empty-root legacy UI sprite prewarm via head/small declaration","false","False","6A6354B9A6E8D911D8159B162CFCA3326B49A4986D4048E39F7A3C2754720053"
"Assets/NTSD/Sprite/Character/reaper/reaper.bmp","OLD_INDEXED_IMAGE","sheet","1","Assets/NTSD/Config/Character/reaper.dat","empty-root Menu/Inspector sprite prewarm via declared file range","false","False","A45A8CD554644C03816F8D0FC3903381867CF662D2222E1B400283D4C839E096"
"Assets/NTSD/Sprite/Character/reaper/reaper_2.bmp","OLD_INDEXED_IMAGE","sheet","1","Assets/NTSD/Config/Character/reaper.dat","empty-root Menu/Inspector sprite prewarm via declared file range","false","False","7A66CACC5FAA39ACF80503B3B2748A38602830960CF267DBC8078C1CAFAE7B8B"
"Assets/NTSD/Sprite/Character/reaper/reaper_3.bmp","OLD_INDEXED_IMAGE","sheet","1","Assets/NTSD/Config/Character/reaper.dat","empty-root Menu/Inspector sprite prewarm via declared file range","false","False","FB80907CF548E687974D024DBED884213E33F3100B844CB3BF9B857ECE4D0360"
"Assets/NTSD/Sprite/Character/reaper/reaper_4.bmp","OLD_INDEXED_IMAGE","sheet","1","Assets/NTSD/Config/Character/reaper.dat","empty-root Menu/Inspector sprite prewarm via declared file range","false","False","8D31ECD652AA0E323393C6C57AA55F8A74D6E4FBC97C5803EA9AF2F9F450B8BE"
"Assets/NTSD/Sprite/Character/reaper/reaper_f.bmp","OLD_INDEXED_IMAGE","head","1","Assets/NTSD/Config/Character/reaper.dat","empty-root legacy UI sprite prewarm via head/small declaration","false","False","467B0FAF28DBFC9E2CB187536C371BEBC3A09B40EF4D271F4A0C752CBF6292F1"
"Assets/NTSD/Sprite/Character/reaper/reaper_s.bmp","OLD_INDEXED_IMAGE","small","1","Assets/NTSD/Config/Character/reaper.dat","empty-root legacy UI sprite prewarm via head/small declaration","false","False","E00ADBDE7D6E20A87C604EE786FE0032F40B03AC939A29E061D86D73441C3075"
"Assets/NTSD/Sprite/Character/reaper/slashing_reaper.bmp","OLD_INDEXED_IMAGE","sheet","1","Assets/NTSD/Config/Character/reaper.dat","empty-root Menu/Inspector sprite prewarm via declared file range","false","False","2BB6DA5A69301A5AAAE96EC523D62D96FEA9F3935794438F68F04C9B1B268F0A"
"Assets/NTSD/Sprite/Character/rock_lee/gaara_2.bmp","OLD_INDEXED_IMAGE","sheet","1","Assets/NTSD/Config/Character/rock_lee.dat","empty-root Menu/Inspector sprite prewarm via declared file range","false","False","2618764882C5DDBA093F2475D45A3CC37160FAD047DF1CCDA51835094BA30677"
"Assets/NTSD/Sprite/Character/rock_lee/lee_f.bmp","OLD_INDEXED_IMAGE","head","1","Assets/NTSD/Config/Character/rock_lee.dat","empty-root legacy UI sprite prewarm via head/small declaration","false","False","4092990A367375F0BA6AF0E1B89440E3682E6DD96D094363E895E1A4FCB3AC53"
"Assets/NTSD/Sprite/Character/rock_lee/rock_lee.bmp","OLD_INDEXED_IMAGE","sheet","1","Assets/NTSD/Config/Character/rock_lee.dat","empty-root Menu/Inspector sprite prewarm via declared file range","false","False","BCECBB4B77DC69834B06169E7785F55F2D8FC9A507A51EFAFFFFC4CAFB971052"
"Assets/NTSD/Sprite/Character/rock_lee/rock_lee2.bmp","OLD_INDEXED_IMAGE","sheet","1","Assets/NTSD/Config/Character/rock_lee.dat","empty-root Menu/Inspector sprite prewarm via declared file range","false","False","0F5ECBBD0439462CD30DB158DD6DB7B02DECB4C708E253FAC507807532CC83A6"
"Assets/NTSD/Sprite/Character/rock_lee/rock_lee_s.bmp","OLD_INDEXED_IMAGE","small","1","Assets/NTSD/Config/Character/rock_lee.dat","empty-root legacy UI sprite prewarm via head/small declaration","false","False","35AD0336710C50CD9C12E5A2ECC58CA1A09820299B5967185D1A186C2C322AAF"
"Assets/NTSD/Sprite/Character/sai/sai_0.bmp","OLD_INDEXED_IMAGE","sheet","1","Assets/NTSD/Config/Character/sai.dat","empty-root Menu/Inspector sprite prewarm via declared file range","false","False","53D66F645CCC081FBEFF8BA56A9DD5BEEB84B168D8C87C482CFF703FEAF7ED2C"
"Assets/NTSD/Sprite/Character/sai/sai_1.bmp","OLD_INDEXED_IMAGE","sheet","1","Assets/NTSD/Config/Character/sai.dat","empty-root Menu/Inspector sprite prewarm via declared file range","false","False","8D637047483A94FFD32277951E4B3A7803953F9F111B71D33CE1F486622EC62D"
"Assets/NTSD/Sprite/Character/sai/sai_bird.bmp","OLD_INDEXED_IMAGE","sheet","1","Assets/NTSD/Config/Character/sai.dat","empty-root Menu/Inspector sprite prewarm via declared file range","false","False","02FC0F332AB6C5604B5AA1AED2D8F6729FC780813DAA80173BECE343503C6563"
"Assets/NTSD/Sprite/Character/sai/sai_f.bmp","OLD_INDEXED_IMAGE","head","1","Assets/NTSD/Config/Character/sai.dat","empty-root legacy UI sprite prewarm via head/small declaration","false","False","EC205F4A1C144E0F9BB62210E7B9FD2EA6D3D84C51A92819A92CF13DAF2B0D95"
"Assets/NTSD/Sprite/Character/sai/sai_s.bmp","OLD_INDEXED_IMAGE","small","1","Assets/NTSD/Config/Character/sai.dat","empty-root legacy UI sprite prewarm via head/small declaration","false","False","B84B2FB26BE182BD8B9005CDBA196F1FC59D699B78CD015683DA6EEB6B57DEFD"
"Assets/NTSD/Sprite/Character/sakon/sakon.bmp","OLD_INDEXED_IMAGE","sheet","1","Assets/NTSD/Config/Character/sakon.dat","empty-root Menu/Inspector sprite prewarm via declared file range","false","False","0DF2E1E1D79D422C13EC93182BB8356EE6AC80E0714DA27C95CF18BD6A529E5D"
"Assets/NTSD/Sprite/Character/sakon/sakon2.bmp","OLD_INDEXED_IMAGE","sheet","1","Assets/NTSD/Config/Character/sakon.dat","empty-root Menu/Inspector sprite prewarm via declared file range","false","False","26D76B1055803760990CCD46F22C312C97342BAB652DAFD0CCD25E39313AD92F"
"Assets/NTSD/Sprite/Character/sakon/sakon_f.bmp","OLD_INDEXED_IMAGE","head","1","Assets/NTSD/Config/Character/sakon.dat","empty-root legacy UI sprite prewarm via head/small declaration","false","False","CC57E1D1C15603514F44BACEDF7E33ABE101C75D12F48973ACAD33B804AB8540"
"Assets/NTSD/Sprite/Character/sakon/sakon_s.bmp","OLD_INDEXED_IMAGE","small","1","Assets/NTSD/Config/Character/sakon.dat","empty-root legacy UI sprite prewarm via head/small declaration","false","False","0AE17726C4EF73EE8ED4F5E55ECECB23AC955DD60F9B9E8EF92C0E62C2A396DF"
"Assets/NTSD/Sprite/Character/sand_creature/sand_creature.bmp","OLD_INDEXED_IMAGE","sheet","1","Assets/NTSD/Config/Character/sand_creature.dat","empty-root Menu/Inspector sprite prewarm via declared file range","false","False","EA8565454095DA9CBC04FFC360BE4F2191621C99441FAB5D48FBE8C9E4C0437F"
"Assets/NTSD/Sprite/Character/sand_creature/sand_creature2.bmp","OLD_INDEXED_IMAGE","sheet","1","Assets/NTSD/Config/Character/sand_creature.dat","empty-root Menu/Inspector sprite prewarm via declared file range","false","False","630C8916E8049718713A99F07B782B8DCCD8C30C24D45346EA2F0D5D711EA921"
"Assets/NTSD/Sprite/Character/sand_creature/sand_f.bmp","OLD_INDEXED_IMAGE","head","1","Assets/NTSD/Config/Character/sand_creature.dat","empty-root legacy UI sprite prewarm via head/small declaration","false","False","C2B8AC573283D113F85205F9276F839420225E47D72CDBEA1B89C15413B0E043"
"Assets/NTSD/Sprite/Character/sand_creature/sand_s.bmp","OLD_INDEXED_IMAGE","small","1","Assets/NTSD/Config/Character/sand_creature.dat","empty-root legacy UI sprite prewarm via head/small declaration","false","False","EE67FDF4131DDB7CA359D9E40D147899488A73817B88F035559A4FF10A42CD96"
"Assets/NTSD/Sprite/Character/sasori/sasori.bmp","OLD_INDEXED_IMAGE","sheet","1","Assets/NTSD/Config/Character/sasori.dat","empty-root Menu/Inspector sprite prewarm via declared file range","false","False","912E80ED6B725A4D718D09C7247B47BC3201010E45F29FF612E74437F9198546"
"Assets/NTSD/Sprite/Character/sasori/sasori_2.bmp","OLD_INDEXED_IMAGE","sheet","1","Assets/NTSD/Config/Character/sasori.dat","empty-root Menu/Inspector sprite prewarm via declared file range","false","False","43A33C3819E009689D6B5156852BDCE2E23635AF72B0089E940FD35027A1C3B2"
"Assets/NTSD/Sprite/Character/sasori/sasori_3.bmp","OLD_INDEXED_IMAGE","sheet","1","Assets/NTSD/Config/Character/sasori.dat","empty-root Menu/Inspector sprite prewarm via declared file range","false","False","6D3246781173290FA1AC34CBDED0505E11F427CB3918F359FEF912E938DD4356"
"Assets/NTSD/Sprite/Character/sasori/sasori_f.bmp","OLD_INDEXED_IMAGE","head","1","Assets/NTSD/Config/Character/sasori.dat","empty-root legacy UI sprite prewarm via head/small declaration","false","False","41C2864E916766B3DE2DBAB2D2E89D4C9327311BD72268884D54EE3421ED12AA"
"Assets/NTSD/Sprite/Character/sasori/sasori_s.bmp","OLD_INDEXED_IMAGE","small","1","Assets/NTSD/Config/Character/sasori.dat","empty-root legacy UI sprite prewarm via head/small declaration","false","False","42D4B2B1E7A6FC25AA399D577EF971E5F4F6EE14F03D0A1764B2AF06228E84F6"
"Assets/NTSD/Sprite/Character/sasuke_cs2/deidara_2.bmp","OLD_INDEXED_IMAGE","sheet","1","Assets/NTSD/Config/Character/sasuke_cs2.dat","empty-root Menu/Inspector sprite prewarm via declared file range","false","False","97D4CA9EEF97806186CE556234D46FBEA7701726F579EA7D78A26B1D5A094414"
"Assets/NTSD/Sprite/Character/sasuke_cs2/sasuke_cs2.bmp","OLD_INDEXED_IMAGE","sheet","1","Assets/NTSD/Config/Character/sasuke_cs2.dat","empty-root Menu/Inspector sprite prewarm via declared file range","false","False","59948653874FF915981EA143E943D147B5BC2F66309D4FC0B58C7678C51ADC88"
"Assets/NTSD/Sprite/Character/sasuke_cs2/sasuke_cs2_2.bmp","OLD_INDEXED_IMAGE","sheet","1","Assets/NTSD/Config/Character/sasuke_cs2.dat","empty-root Menu/Inspector sprite prewarm via declared file range","false","False","4C9F3CB9A23F673241EFFF67C859251AAA51E245BB95B4791B239CF39FEBDCA0"
"Assets/NTSD/Sprite/Character/sasuke_cs2/sasuke_cs2_f.bmp","OLD_INDEXED_IMAGE","head","1","Assets/NTSD/Config/Character/sasuke_cs2.dat","empty-root legacy UI sprite prewarm via head/small declaration","false","False","CA93A5FE8C75165B38D99BB5BC6FF778408687B943A6C67E84447B7A0E174164"
"Assets/NTSD/Sprite/Character/sasuke_cs2/sasuke_cs2_s.bmp","OLD_INDEXED_IMAGE","small","1","Assets/NTSD/Config/Character/sasuke_cs2.dat","empty-root legacy UI sprite prewarm via head/small declaration","false","False","5E1A02AFEFC98D934F821248E02CEAAA832800B771C9E0CA2AAE0009423CABC6"
"Assets/NTSD/Sprite/Character/shikamaru/shikamaru.bmp","OLD_INDEXED_IMAGE","sheet","1","Assets/NTSD/Config/Character/shikamaru.dat","empty-root Menu/Inspector sprite prewarm via declared file range","false","False","63C7B3E6425180970F36AA825DB13B15CEED41C68A9EEB6E036E95E9A6A1D755"
"Assets/NTSD/Sprite/Character/shikamaru/shikamaru2.bmp","OLD_INDEXED_IMAGE","sheet","1","Assets/NTSD/Config/Character/shikamaru.dat","empty-root Menu/Inspector sprite prewarm via declared file range","false","False","1534DEB9B1E6A9010E185F17A20A3D3C377AA2F5E32D3E8DDCAF4D6E44C50EFD"
"Assets/NTSD/Sprite/Character/shikamaru/shikamaru_f.bmp","OLD_INDEXED_IMAGE","head","1","Assets/NTSD/Config/Character/shikamaru.dat","empty-root legacy UI sprite prewarm via head/small declaration","false","False","507092DBC984BABC2CE97B4FDF81909DE1F551B3268FF7623D1E888901325D67"
"Assets/NTSD/Sprite/Character/shikamaru/shikamaru_s.bmp","OLD_INDEXED_IMAGE","small","1","Assets/NTSD/Config/Character/shikamaru.dat","empty-root legacy UI sprite prewarm via head/small declaration","false","False","B84B4E02A1711B0071C06D56FEDFDCC5768AF3E42ECE3A9E0016613223ED4BC0"
"Assets/NTSD/Sprite/Character/shino/shino.bmp","OLD_INDEXED_IMAGE","sheet","1","Assets/NTSD/Config/Character/shino.dat","empty-root Menu/Inspector sprite prewarm via declared file range","false","False","B73B2E95FA15283DF928B832F8F676D6D4A21035DA915F0E3893ACCA4994FD31"
"Assets/NTSD/Sprite/Character/shino/shino_2.bmp","OLD_INDEXED_IMAGE","sheet","1","Assets/NTSD/Config/Character/shino.dat","empty-root Menu/Inspector sprite prewarm via declared file range","false","False","7BA98493FE01F62BEBC9E2BD76C8B0B98C022683A3584D0A743E5FE26B9A9A30"
"Assets/NTSD/Sprite/Character/shino/shino_f.bmp","OLD_INDEXED_IMAGE","head","1","Assets/NTSD/Config/Character/shino.dat","empty-root legacy UI sprite prewarm via head/small declaration","false","False","6AB5A89DD733E8A922B3432738B960D167EF8C4C417116773E8CAA2F80B17F7C"
"Assets/NTSD/Sprite/Character/shino/shino_s.bmp","OLD_INDEXED_IMAGE","small","1","Assets/NTSD/Config/Character/shino.dat","empty-root legacy UI sprite prewarm via head/small declaration","false","False","65D3C37D2E3A6DC1B052A9513EB0EFEC151A9AC9E8C6659252CF358FD957B22C"
"Assets/NTSD/Sprite/Character/sound_nin/manda2.bmp","OLD_INDEXED_IMAGE","sheet","1","Assets/NTSD/Config/Character/sound_nin.dat","empty-root Menu/Inspector sprite prewarm via declared file range","false","False","C9D5AC7B0AFC4B4E9D7D3AFC8B1E8839070391819894A7D53602E25E350F55EF"
"Assets/NTSD/Sprite/Character/sound_nin/manda3.bmp","OLD_INDEXED_IMAGE","sheet","1","Assets/NTSD/Config/Character/sound_nin.dat","empty-root Menu/Inspector sprite prewarm via declared file range","false","False","AB1C1E2B2DA5257339C4E3B129C8562DD81E1931F776FB096F8670594C0CAF08"
"Assets/NTSD/Sprite/Character/sound_nin/sand_nin.bmp","OLD_INDEXED_IMAGE","sheet","1","Assets/NTSD/Config/Character/sound_nin.dat","empty-root Menu/Inspector sprite prewarm via declared file range","false","False","99D1FAE13031023370B3B0E2D10FCC0D122360C05C9F646B23C65C7AA73E1240"
"Assets/NTSD/Sprite/Character/sound_nin/sound_nin.bmp","OLD_INDEXED_IMAGE","sheet","1","Assets/NTSD/Config/Character/sound_nin.dat","empty-root Menu/Inspector sprite prewarm via declared file range","false","False","B26DDCB67B3FEF6D2798C8D5A5A391F3DF4C4E8FAA4B02A81CAE357E3FD13BCB"
"Assets/NTSD/Sprite/Character/sound_nin/sound_nin_f.bmp","OLD_INDEXED_IMAGE","head","1","Assets/NTSD/Config/Character/sound_nin.dat","empty-root legacy UI sprite prewarm via head/small declaration","false","False","F9B1263A48C2ED81750D94E5DE013178976CF74652DE0E05A303825DAE14E19D"
"Assets/NTSD/Sprite/Character/sound_nin/sound_nin_s.bmp","OLD_INDEXED_IMAGE","small","1","Assets/NTSD/Config/Character/sound_nin.dat","empty-root legacy UI sprite prewarm via head/small declaration","false","False","8456446BDB9E48DF766F4CA9619A3C75893CA9F5239BA628152AA8ED28510EA9"
"Assets/NTSD/Sprite/Character/sound_nin2/sound_nin2.bmp","OLD_INDEXED_IMAGE","sheet","1","Assets/NTSD/Config/Character/sound_nin2.dat","empty-root Menu/Inspector sprite prewarm via declared file range","false","False","48040E52250758912EB6FF754497A7FC6E8C1736D3DCA63AAB0C0D9B5FE7D826"
"Assets/NTSD/Sprite/Character/sound_nin2/sound_nin2_f.bmp","OLD_INDEXED_IMAGE","head","1","Assets/NTSD/Config/Character/sound_nin2.dat","empty-root legacy UI sprite prewarm via head/small declaration","false","False","B3A12E86668CB4095A70C166091FFC7C4B6BB1E3FBF276AAB73EB72947A84404"
"Assets/NTSD/Sprite/Character/sound_nin2/sound_nin2_s.bmp","OLD_INDEXED_IMAGE","small","1","Assets/NTSD/Config/Character/sound_nin2.dat","empty-root legacy UI sprite prewarm via head/small declaration","false","False","529CC3708F8AD816DD3C7110FFCF628CE6D6C1991797E0755F79600F8063F4A5"
"Assets/NTSD/Sprite/Character/tayuya/jiroubou.bmp","OLD_INDEXED_IMAGE","sheet","1","Assets/NTSD/Config/Character/tayuya.dat","empty-root Menu/Inspector sprite prewarm via declared file range","false","False","56D60E33C51B196A2317E3E4B81E96BCA5EF5C83D6D6B138ED8A83E9921C8A83"
"Assets/NTSD/Sprite/Character/tayuya/tayuya.bmp","OLD_INDEXED_IMAGE","sheet","1","Assets/NTSD/Config/Character/tayuya.dat","empty-root Menu/Inspector sprite prewarm via declared file range","false","False","194DDDC501906DD0478E9BBFB707BF708EABC74A9238700449EF455B0560B27E"
"Assets/NTSD/Sprite/Character/tayuya/tayuya_f.bmp","OLD_INDEXED_IMAGE","head","1","Assets/NTSD/Config/Character/tayuya.dat","empty-root legacy UI sprite prewarm via head/small declaration","false","False","AD82644773CC8372B5BE764E7276BC7769C958D4ECAEDE8136C274B0565A772A"
"Assets/NTSD/Sprite/Character/tayuya/tayuya_s.bmp","OLD_INDEXED_IMAGE","small","1","Assets/NTSD/Config/Character/tayuya.dat","empty-root legacy UI sprite prewarm via head/small declaration","false","False","A821DDC615F1E8746BB53A49FAFF68B4565C3BBB2978C123980542A79F6C860A"
"Assets/NTSD/Sprite/Character/temari/temari.bmp","OLD_INDEXED_IMAGE","sheet","1","Assets/NTSD/Config/Character/temari.dat","empty-root Menu/Inspector sprite prewarm via declared file range","false","False","5D063F12279DF019765BC201B87018328005C3B6A54487ABE08B6D13D246E21F"
"Assets/NTSD/Sprite/Character/temari/temari_2.bmp","OLD_INDEXED_IMAGE","sheet","1","Assets/NTSD/Config/Character/temari.dat","empty-root Menu/Inspector sprite prewarm via declared file range","false","False","2662BCAE10C1DDC61868F7FEA90A331419343E2C0A9B5A47A35404B5C6AB0C4B"
"Assets/NTSD/Sprite/Character/temari/temari_f.bmp","OLD_INDEXED_IMAGE","head","1","Assets/NTSD/Config/Character/temari.dat","empty-root legacy UI sprite prewarm via head/small declaration","false","False","CF94368C31E12F59780781C05EB46BD56CA00BD3268BC190817CCEC64BAB8EF6"
"Assets/NTSD/Sprite/Character/temari/temari_s.bmp","OLD_INDEXED_IMAGE","small","1","Assets/NTSD/Config/Character/temari.dat","empty-root legacy UI sprite prewarm via head/small declaration","false","False","527C3A6F9F5CA23498D6A0A448CAC07581FB3A1464F9362D6317DBC6BC7F8BE2"
"Assets/NTSD/Sprite/Character/tenten/temari_2.bmp","OLD_INDEXED_IMAGE","sheet","1","Assets/NTSD/Config/Character/tenten.dat","empty-root Menu/Inspector sprite prewarm via declared file range","false","False","2662BCAE10C1DDC61868F7FEA90A331419343E2C0A9B5A47A35404B5C6AB0C4B"
"Assets/NTSD/Sprite/Character/tenten/ten_ten_0.bmp","OLD_INDEXED_IMAGE","sheet","1","Assets/NTSD/Config/Character/tenten.dat","empty-root Menu/Inspector sprite prewarm via declared file range","false","False","2A395BA2249E472054113A0F0B05AF8CF45F05689AAB109A3619E18C9370AD24"
"Assets/NTSD/Sprite/Character/tenten/ten_ten_3.bmp","OLD_INDEXED_IMAGE","sheet","1","Assets/NTSD/Config/Character/tenten.dat","empty-root Menu/Inspector sprite prewarm via declared file range","false","False","0DF35DD73DCCCC1D8D7920F84157F77FD6E9384F62AC6228B57CB2F3BC911ABB"
"Assets/NTSD/Sprite/Character/tenten/ten_ten_f.bmp","OLD_INDEXED_IMAGE","head","1","Assets/NTSD/Config/Character/tenten.dat","empty-root legacy UI sprite prewarm via head/small declaration","false","False","F00E26606AF53FB0A75E07A4E288C300CB1A632AFB82FCB107994767BC3BE20C"
"Assets/NTSD/Sprite/Character/tenten/ten_ten_s.bmp","OLD_INDEXED_IMAGE","small","1","Assets/NTSD/Config/Character/tenten.dat","empty-root legacy UI sprite prewarm via head/small declaration","false","False","A81850F1362EA7D377853FDED7E2A035BCB720A6E47E3BEBE1EB1BEC4DF15C7D"
"Assets/NTSD/Sprite/Character/XiaoYing/sakura.bmp","OLD_INDEXED_IMAGE","sheet","1","Assets/NTSD/Config/Character/sakura.dat","empty-root Menu/Inspector sprite prewarm via declared file range","false","False","84820BA8DDF5081001A6C64FE72780C12926F2B44A929FDDABCB906717C8A3C4"
"Assets/NTSD/Sprite/Character/XiaoYing/sakura_2.bmp","OLD_INDEXED_IMAGE","sheet","1","Assets/NTSD/Config/Character/sakura.dat","empty-root Menu/Inspector sprite prewarm via declared file range","false","False","752C497550EEB7DEDC4BD90D697B78B433FEF8DDE3AA9B83C52240422C7DC607"
"Assets/NTSD/Sprite/Character/XiaoYing/sakura_f.bmp","OLD_INDEXED_IMAGE","head","1","Assets/NTSD/Config/Character/sakura.dat","empty-root legacy UI sprite prewarm via head/small declaration","false","False","AA644BF26B7E6B87282683CF66C1412F1229FA93179DD690B3D6FA4DDD0FC039"
"Assets/NTSD/Sprite/Character/XiaoYing/sakura_s.bmp","OLD_INDEXED_IMAGE","small","1","Assets/NTSD/Config/Character/sakura.dat","empty-root legacy UI sprite prewarm via head/small declaration","false","False","DD60212BDB8B0A89A7D7079E579F772A1B2000405452D21EAF7FB7A11ED198BB"
"Assets/NTSD/Sprite/Character/yamato/kakashi_2.bmp","OLD_INDEXED_IMAGE","sheet","1","Assets/NTSD/Config/Character/yamato.dat","empty-root Menu/Inspector sprite prewarm via declared file range","false","False","0C180CED34B26A489A71B501438D0EF57804BD7AEB9BE7790A468F7FDDFECB95"
"Assets/NTSD/Sprite/Character/yamato/yamato.bmp","OLD_INDEXED_IMAGE","sheet","1","Assets/NTSD/Config/Character/yamato.dat","empty-root Menu/Inspector sprite prewarm via declared file range","false","False","D75FAB63F3BBEB9F75324C1EF7B8F414BB73646DD1D1C1511CB4D4E293E640C2"
"Assets/NTSD/Sprite/Character/yamato/yamato_3.bmp","OLD_INDEXED_IMAGE","sheet","1","Assets/NTSD/Config/Character/yamato.dat","empty-root Menu/Inspector sprite prewarm via declared file range","false","False","B9AB2687174B7E716FB39D6E49907F91D8DBCA9596DED147A3AED3D6BFBC4D78"
"Assets/NTSD/Sprite/Character/yamato/yamato_4.bmp","OLD_INDEXED_IMAGE","sheet","1","Assets/NTSD/Config/Character/yamato.dat","empty-root Menu/Inspector sprite prewarm via declared file range","false","False","4128E1ED98795FA90C58BF05C171E261D3733C10525B47B810A4AAB6E159747F"
"Assets/NTSD/Sprite/Character/yamato/yamato_f.bmp","OLD_INDEXED_IMAGE","head","1","Assets/NTSD/Config/Character/yamato.dat","empty-root legacy UI sprite prewarm via head/small declaration","false","False","DD4C461DDD8B274CA26B62FD546ECC144AB987C9FC5F4982558F4CF38942B74F"
"Assets/NTSD/Sprite/Character/yamato/yamato_s.bmp","OLD_INDEXED_IMAGE","small","1","Assets/NTSD/Config/Character/yamato.dat","empty-root legacy UI sprite prewarm via head/small declaration","false","False","A3442876207A25C4141763DCA549BADE5E17ECC1A1B0749DC41AC97A9FD9004D"
"Assets/NTSD/Sprite/Character/Zuozhu/deidara_2.bmp","OLD_INDEXED_IMAGE","sheet","1","Assets/NTSD/Config/Character/sasuke.dat","empty-root Menu/Inspector sprite prewarm via declared file range","false","False","97D4CA9EEF97806186CE556234D46FBEA7701726F579EA7D78A26B1D5A094414"
"Assets/NTSD/Sprite/Character/Zuozhu/sasuke_0.bmp","OLD_INDEXED_IMAGE","sheet","1","Assets/NTSD/Config/Character/sasuke.dat","empty-root Menu/Inspector sprite prewarm via declared file range","false","False","3D5A6AD7C931AAAF3B180AB9B5FA744B6C4097142EA5A3FB6E868436E254109E"
"Assets/NTSD/Sprite/Character/Zuozhu/sasuke_2.bmp","OLD_INDEXED_IMAGE","sheet","1","Assets/NTSD/Config/Character/sasuke.dat","empty-root Menu/Inspector sprite prewarm via declared file range","false","False","F10A39702A4C99F0C8F96EEB7BD6796151E1C24D4F0F8876397BD6CC8E8BC319"
"Assets/NTSD/Sprite/Character/Zuozhu/sasuke_f.bmp","OLD_INDEXED_IMAGE","head","1","Assets/NTSD/Config/Character/sasuke.dat","empty-root legacy UI sprite prewarm via head/small declaration","false","False","2D7E1F333C19754484489A303429E31F02834095AD6DA2F8BD59490599EEFD59"
"Assets/NTSD/Sprite/Character/Zuozhu/sasuke_s.bmp","OLD_INDEXED_IMAGE","small","1","Assets/NTSD/Config/Character/sasuke.dat","empty-root legacy UI sprite prewarm via head/small declaration","false","False","C7565201CD580E9782A877D9D472FD482DB727511975015FCA87C2070A5A8D0B"
"Assets/NTSD/Sprite/Effect/4tk_arm.bmp","OLD_INDEXED_IMAGE","sheet","1","Assets/NTSD/Config/specialattack/4TK_ball.dat","empty-root Menu/Inspector sprite prewarm via declared file range","false","False","5AB3297F1C6E30116D500C27CBDF21C048B73A5BC71C24C9B5B503C1540B8F34"
"Assets/NTSD/Sprite/Effect/4tk_bal2.bmp","OLD_INDEXED_IMAGE","sheet","1","Assets/NTSD/Config/specialattack/4TK_ball.dat","empty-root Menu/Inspector sprite prewarm via declared file range","false","False","174FC767195051682406691F98B33F13F959629CE691E9B6D521B5B84EC04680"
"Assets/NTSD/Sprite/Effect/4tk_bal3.bmp","OLD_INDEXED_IMAGE","sheet","1","Assets/NTSD/Config/specialattack/4TK_ball.dat","empty-root Menu/Inspector sprite prewarm via declared file range","false","False","529B708C3D5E8F05897842B8A73033978B353A53479F3E482A711044A668B30A"
"Assets/NTSD/Sprite/Effect/4tk_ball.bmp","OLD_INDEXED_IMAGE","sheet","1","Assets/NTSD/Config/specialattack/4TK_ball.dat","empty-root Menu/Inspector sprite prewarm via declared file range","false","False","9EAA57F07DA449A5BD4944E6C9D94CE6A4E64C4E3E002F13A3F100502A0499F9"
"Assets/NTSD/Sprite/Effect/4tk_beam.bmp","OLD_INDEXED_IMAGE","sheet","1","Assets/NTSD/Config/specialattack/4TK_ball.dat","empty-root Menu/Inspector sprite prewarm via declared file range","false","False","91FABE6A4FB2785B08F46E0758B735C99F8F798341D7DD8B54E989F9F37B7231"
"Assets/NTSD/Sprite/Effect/4tk_beam2.bmp","OLD_INDEXED_IMAGE","sheet","1","Assets/NTSD/Config/specialattack/4TK_ball.dat","empty-root Menu/Inspector sprite prewarm via declared file range","false","False","64218B002983FD65210FEA0354164F453C9DBD627A697035D1C49217F14627F6"
"Assets/NTSD/Sprite/Effect/4tk_ex.bmp","OLD_INDEXED_IMAGE","sheet","1","Assets/NTSD/Config/specialattack/4TK_ball.dat","empty-root Menu/Inspector sprite prewarm via declared file range","false","False","A757615F450064BAAEE269405AD15928517B2E196C8C2EE9A79D036FA025D34C"
"Assets/NTSD/Sprite/Effect/4tk_ex2.bmp","OLD_INDEXED_IMAGE","sheet","1","Assets/NTSD/Config/specialattack/4TK_ball.dat","empty-root Menu/Inspector sprite prewarm via declared file range","false","False","F11670D5BA537BE46FD589570C479249BB83663491D2977770A9CE7F7858929E"
"Assets/NTSD/Sprite/Effect/air_creature.bmp","OLD_INDEXED_IMAGE","sheet","2","Assets/NTSD/Config/effect/air_creature_die.dat;Assets/NTSD/Config/specialattack/air_creature.dat","empty-root Menu/Inspector sprite prewarm via declared file range","false","False","53485F4D90708F69F56DA4D129D1D9C4CB0559AA59283699C0E30E19DD06878D"
"Assets/NTSD/Sprite/Effect/amaterasu.bmp","OLD_INDEXED_IMAGE","sheet","1","Assets/NTSD/Config/specialattack/poison.dat","empty-root Menu/Inspector sprite prewarm via declared file range","false","False","2672E3E80B6EED67A008E7C5CFCEB5A34B094CFDF8F00F95F5A564B929AC5842"
"Assets/NTSD/Sprite/Effect/area.bmp","OLD_INDEXED_IMAGE","sheet","2","Assets/NTSD/Config/effect/byakugan.dat;Assets/NTSD/Config/specialattack/area.dat","empty-root Menu/Inspector sprite prewarm via declared file range","false","False","E8A723A58C15DF09178DF0E2058B57B753DBA456958478848C35336FA884E885"
"Assets/NTSD/Sprite/Effect/big_dog.bmp","OLD_INDEXED_IMAGE","sheet","2","Assets/NTSD/Config/specialattack/clay_bird2.dat;Assets/NTSD/Config/specialattack/doggy.dat","empty-root Menu/Inspector sprite prewarm via declared file range","false","False","60C489EE73F07AFFD07A6EF58768255D9861C881BC3611E88E0BBF7C054C77F0"
"Assets/NTSD/Sprite/Effect/big_smoke.bmp","OLD_INDEXED_IMAGE","sheet","1","Assets/NTSD/Config/specialattack/clay_worm.dat","empty-root Menu/Inspector sprite prewarm via declared file range","false","False","D2B4969FDACE9A132AD7528F73948B4725719A5E315FB4C0F23B72AE8042D909"
"Assets/NTSD/Sprite/Effect/black.bmp","OLD_INDEXED_IMAGE","sheet","1","Assets/NTSD/Config/specialattack/flash.dat","empty-root Menu/Inspector sprite prewarm via declared file range","false","False","B75A2C9FF71077AF645B853A46E6A470EC2C6813AC47539C556C1B3A14373CA8"
"Assets/NTSD/Sprite/Effect/blood.bmp","OLD_INDEXED_IMAGE","sheet","3","Assets/NTSD/Config/effect/blood.dat;Assets/NTSD/Config/effect/blood2.dat;Assets/NTSD/Config/effect/blood3.dat","empty-root Menu/Inspector sprite prewarm via declared file range","false","False","785D7A9CC60ABF28FCA02025B7DE560CE989DD1CC3CB805E48AA9185D7922D05"
"Assets/NTSD/Sprite/Effect/bones.bmp","OLD_INDEXED_IMAGE","sheet","1","Assets/NTSD/Config/specialattack/crow_2.dat","empty-root Menu/Inspector sprite prewarm via declared file range","false","False","5C1C041F25F2FCDD8E7E3C435A99063857E1D04BBE2F22779C48E7FD4EE64169"
"Assets/NTSD/Sprite/Effect/bugs1.bmp","OLD_INDEXED_IMAGE","sheet","1","Assets/NTSD/Config/specialattack/bugs.dat","empty-root Menu/Inspector sprite prewarm via declared file range","false","False","88F6B4685B3D9C73B82C37DA90E29FC33EF225B9778D0893460EB0E2E4F86C5A"
"Assets/NTSD/Sprite/Effect/bugs2.bmp","OLD_INDEXED_IMAGE","sheet","2","Assets/NTSD/Config/specialattack/bugs.dat;Assets/NTSD/Config/specialattack/bugs2.dat","empty-root Menu/Inspector sprite prewarm via declared file range","false","False","3A2A1391DEF6674BF517AA09A6E11703E4AD5544B1DF5C97709161C965B658DC"
"Assets/NTSD/Sprite/Effect/cave.bmp","OLD_INDEXED_IMAGE","sheet","1","Assets/NTSD/Config/specialattack/sword.dat","empty-root Menu/Inspector sprite prewarm via declared file range","false","False","E672B335DAD31173FB8225DBBD8BC741FB5766233FFB72D68CD6FDF00F819164"
"Assets/NTSD/Sprite/Effect/charge.bmp","OLD_INDEXED_IMAGE","sheet","1","Assets/NTSD/Config/specialattack/charge.dat","empty-root Menu/Inspector sprite prewarm via declared file range","false","False","1DBD346BE4A08EB1E9E260C995EA5837413BFB42A78AEE0CF82DAB9839B29849"
"Assets/NTSD/Sprite/Effect/charge2.bmp","OLD_INDEXED_IMAGE","sheet","1","Assets/NTSD/Config/specialattack/charge.dat","empty-root Menu/Inspector sprite prewarm via declared file range","false","False","1EADF0783E03C375D43C6B2B77459F0538562C9D3830FA23F01A29DE6067A9FF"
"Assets/NTSD/Sprite/Effect/chidori.bmp","OLD_INDEXED_IMAGE","sheet","1","Assets/NTSD/Config/specialattack/chidori.dat","empty-root Menu/Inspector sprite prewarm via declared file range","false","False","545F35638689DBFC7C84F5A7D9B633566E9BCE2A987FF96CB3FC6CB9329A059F"
"Assets/NTSD/Sprite/Effect/chidori_2.bmp","OLD_INDEXED_IMAGE","sheet","2","Assets/NTSD/Config/specialattack/coffin.dat;Assets/NTSD/Config/specialattack/shadow.dat","empty-root Menu/Inspector sprite prewarm via declared file range","false","False","3DB5D617FABCEF1CA04D9F793272509AE2A46DB8D878F4276AD435F2C48919B1"
"Assets/NTSD/Sprite/Effect/chiyo_chakra.bmp","OLD_INDEXED_IMAGE","sheet","1","Assets/NTSD/Config/specialattack/chiyo_kunais.dat","empty-root Menu/Inspector sprite prewarm via declared file range","false","False","0CB9D7CA8C4C83E1B7FB4F0DB6C458FC4CAD1683528CFBF38C7638F5FAE5C239"
"Assets/NTSD/Sprite/Effect/chiyo_kunais.bmp","OLD_INDEXED_IMAGE","sheet","1","Assets/NTSD/Config/specialattack/chiyo_kunais.dat","empty-root Menu/Inspector sprite prewarm via declared file range","false","False","DF57C2C5380CFD3E825D8B50AC24A304F138F657FBB5945782FE2DCD0337F5CF"
"Assets/NTSD/Sprite/Effect/chiyo_puppet_2.bmp","OLD_INDEXED_IMAGE","sheet","1","Assets/NTSD/Config/specialattack/mother_puppet.dat","empty-root Menu/Inspector sprite prewarm via declared file range","false","False","4FFCE91E75CB1FCF1D38778689214FA68ECED0AAC82386BC6651793F45272543"
"Assets/NTSD/Sprite/Effect/circle.bmp","OLD_INDEXED_IMAGE","sheet","1","Assets/NTSD/Config/specialattack/4TK_ball.dat","empty-root Menu/Inspector sprite prewarm via declared file range","false","False","E0B390FA7866BDDE2C12C9F0B10F94A237C664E660C808F8DFFF690EE54629B8"
"Assets/NTSD/Sprite/Effect/circle2.bmp","OLD_INDEXED_IMAGE","sheet","1","Assets/NTSD/Config/specialattack/4TK_ball.dat","empty-root Menu/Inspector sprite prewarm via declared file range","false","False","B5E46E184AC7B4BDF1B23E79BBE3DF7646474FF76913385EF44D2902FCF6CAD1"
"Assets/NTSD/Sprite/Effect/clay_bird.bmp","OLD_INDEXED_IMAGE","sheet","1","Assets/NTSD/Config/specialattack/clay_bird.dat","empty-root Menu/Inspector sprite prewarm via declared file range","false","False","3CD066A8BD631E18680A96C8DB5AF621FE5BAFDB66D32B3E57AD70F9CD2B59B5"
"Assets/NTSD/Sprite/Effect/clay_bird2.bmp","OLD_INDEXED_IMAGE","sheet","2","Assets/NTSD/Config/specialattack/big_boom.dat;Assets/NTSD/Config/specialattack/clay_bird2.dat","empty-root Menu/Inspector sprite prewarm via declared file range","false","False","5D7084904D63477A5076B73B21427583A976D39C9EF1C825D3861B65978946E1"
"Assets/NTSD/Sprite/Effect/clay_worm.bmp","OLD_INDEXED_IMAGE","sheet","2","Assets/NTSD/Config/specialattack/big_boom.dat;Assets/NTSD/Config/specialattack/clay_worm.dat","empty-root Menu/Inspector sprite prewarm via declared file range","false","False","8926C937F9F5B5B8C6D16EF55FAAB15218E11336BB22A994D2DA25213615F5B5"
"Assets/NTSD/Sprite/Effect/coffin.bmp","OLD_INDEXED_IMAGE","sheet","1","Assets/NTSD/Config/specialattack/coffin.dat","empty-root Menu/Inspector sprite prewarm via declared file range","false","False","ACFA2C69600FB44EEC4658316DDA605E3B6F55E83C121DFC78D86742E489A314"
"Assets/NTSD/Sprite/Effect/crow.bmp","OLD_INDEXED_IMAGE","sheet","3","Assets/NTSD/Config/specialattack/crow_2.dat;Assets/NTSD/Config/specialattack/ink.dat;Assets/NTSD/Config/specialattack/katon_ball.dat","empty-root Menu/Inspector sprite prewarm via declared file range","false","False","6D68EC35728E04D52BE05EC718A9CA76350952F6B6CF6A4200DE055264AAD0ED"
"Assets/NTSD/Sprite/Effect/crow2.bmp","OLD_INDEXED_IMAGE","sheet","1","Assets/NTSD/Config/specialattack/crow_2.dat","empty-root Menu/Inspector sprite prewarm via declared file range","false","False","5AB6F30B61BB1114A8CFCF6418BC9CA62F3B8D73A84F50DA3B69B3E971D03562"
"Assets/NTSD/Sprite/Effect/death.bmp","OLD_INDEXED_IMAGE","sheet","1","Assets/NTSD/Config/specialattack/death.dat","empty-root Menu/Inspector sprite prewarm via declared file range","false","False","6A3C998048A82E4412B4895DCB6E125380A1AC946E408B475F3DC09E82DD9578"
"Assets/NTSD/Sprite/Effect/death2.bmp","OLD_INDEXED_IMAGE","sheet","1","Assets/NTSD/Config/specialattack/death.dat","empty-root Menu/Inspector sprite prewarm via declared file range","false","False","51E811151C3BBEA4DD220474AA8F5F7888CC3842EC43AD9CBD6B2A83A8BEB69B"
"Assets/NTSD/Sprite/Effect/doggy.bmp","OLD_INDEXED_IMAGE","sheet","1","Assets/NTSD/Config/specialattack/doggy.dat","empty-root Menu/Inspector sprite prewarm via declared file range","false","False","D55FCACF8D60BE3C81A4C039BD26427E749AB2D99100B39EB59C753E92B4F2D6"
"Assets/NTSD/Sprite/Effect/dragon.bmp","OLD_INDEXED_IMAGE","sheet","1","Assets/NTSD/Config/specialattack/dragon.dat","empty-root Menu/Inspector sprite prewarm via declared file range","false","False","63286899C4795C6D4B2356E1545A1BF2205BE6ABC93618A6E827AC3FF37E6EB2"
"Assets/NTSD/Sprite/Effect/drunken.bmp","OLD_INDEXED_IMAGE","sheet","1","Assets/NTSD/Config/specialattack/drunken.dat","empty-root Menu/Inspector sprite prewarm via declared file range","false","False","6ADACB4030040E2B74807A034DF84D8D583A7DB7AC743EBE1402205231F7B3B5"
"Assets/NTSD/Sprite/Effect/earth_creature.bmp","OLD_INDEXED_IMAGE","sheet","1","Assets/NTSD/Config/specialattack/earth_creature.dat","empty-root Menu/Inspector sprite prewarm via declared file range","false","False","C39DB12C4CFE203AF4FF5628CE61A0527547B80D07A42A2DEC8241816FFE1B8E"
"Assets/NTSD/Sprite/Effect/evil.bmp","OLD_INDEXED_IMAGE","sheet","1","Assets/NTSD/Config/specialattack/sakura_ball.dat","empty-root Menu/Inspector sprite prewarm via declared file range","false","False","D0F3F329F1BED6474D778A8894C6A3C4B83052644A242B909DF3FE97A9B3256D"
"Assets/NTSD/Sprite/Effect/feather.bmp","OLD_INDEXED_IMAGE","sheet","1","Assets/NTSD/Config/specialattack/shadow.dat","empty-root Menu/Inspector sprite prewarm via declared file range","false","False","4A5922AF412597F5E45C13BCFE21DF3B31E6367D52881404305574F6FF8807F3"
"Assets/NTSD/Sprite/Effect/fire_creature.bmp","OLD_INDEXED_IMAGE","sheet","2","Assets/NTSD/Config/specialattack/fire_creature.dat;Assets/NTSD/Config/specialattack/katon_kakuzu.dat","empty-root Menu/Inspector sprite prewarm via declared file range","false","False","2E6EFDD8A1B63208567906EFDF84ADF2F57F09A40F73BF317D38BE4267FAC832"
"Assets/NTSD/Sprite/Effect/firen_exp.bmp","OLD_INDEXED_IMAGE","sheet","1","Assets/NTSD/Config/specialattack/firen_flame.dat","empty-root Menu/Inspector sprite prewarm via declared file range","false","False","1CC408CB994AEA1A9B399B2914E202FDE6B96A5DEB1E2D781001500EBEA4EFD7"
"Assets/NTSD/Sprite/Effect/firen_flame.bmp","OLD_INDEXED_IMAGE","sheet","1","Assets/NTSD/Config/specialattack/firen_flame.dat","empty-root Menu/Inspector sprite prewarm via declared file range","false","False","71385A3E4EA73BEEF973D91FD03B8B60E36FF553BA37005D39810D3138512737"
"Assets/NTSD/Sprite/Effect/firen_grd.bmp","OLD_INDEXED_IMAGE","sheet","1","Assets/NTSD/Config/specialattack/firen_flame.dat","empty-root Menu/Inspector sprite prewarm via declared file range","false","False","3D684EE5861E86522BAA488ED94B543F246E6DCDAB92C48EE7AA8626F12BE432"
"Assets/NTSD/Sprite/Effect/flash.bmp","OLD_INDEXED_IMAGE","sheet","1","Assets/NTSD/Config/specialattack/flash.dat","empty-root Menu/Inspector sprite prewarm via declared file range","false","False","96E64FBED77A43D4745485426E63D1ECD887F130CDC2338B6AFCD7446E3F2315"
"Assets/NTSD/Sprite/Effect/freeze_col.bmp","OLD_INDEXED_IMAGE","sheet","1","Assets/NTSD/Config/specialattack/freeze_column.dat","empty-root Menu/Inspector sprite prewarm via declared file range","false","False","FD3789E797699F6A830E6B72D54148607CD4937DCACFD2D16D18F0247ECE8E3F"
"Assets/NTSD/Sprite/Effect/freeze_ww.bmp","OLD_INDEXED_IMAGE","sheet","1","Assets/NTSD/Config/specialattack/freeze_column.dat","empty-root Menu/Inspector sprite prewarm via declared file range","false","False","1042345AEA4451C147484F0FFB6395C80DCE4AB122E783AE9511A43C739700BD"
"Assets/NTSD/Sprite/Effect/frog.bmp","OLD_INDEXED_IMAGE","sheet","1","Assets/NTSD/Config/specialattack/frog.dat","empty-root Menu/Inspector sprite prewarm via declared file range","false","False","851AC1A7570773D8FECA8DEB85CD0520B29882C90485EF0F5C16C398EC4F9562"
"Assets/NTSD/Sprite/Effect/g_smoke.bmp","OLD_INDEXED_IMAGE","sheet","1","Assets/NTSD/Config/specialattack/big_boom.dat","empty-root Menu/Inspector sprite prewarm via declared file range","false","False","EB6BE1B489FEA60D880E15C01CCD689882FB79F1848F81303E8BF6C88DE0B403"
"Assets/NTSD/Sprite/Effect/g_smoke2.bmp","OLD_INDEXED_IMAGE","sheet","1","Assets/NTSD/Config/specialattack/big_boom.dat","empty-root Menu/Inspector sprite prewarm via declared file range","false","False","B89FC9832BF902171398803B5EA1AD16CBA02EB6FEC0802F23E3C4FFCB4D226B"
"Assets/NTSD/Sprite/Effect/genjutsu1.bmp","OLD_INDEXED_IMAGE","sheet","1","Assets/NTSD/Config/specialattack/drunken.dat","empty-root Menu/Inspector sprite prewarm via declared file range","false","False","2407E1A0925AFDDC6205108CAE2F788D588C6AA79054F35B9F5708820C23F36F"
"Assets/NTSD/Sprite/Effect/genjutsu2.bmp","OLD_INDEXED_IMAGE","sheet","1","Assets/NTSD/Config/specialattack/drunken.dat","empty-root Menu/Inspector sprite prewarm via declared file range","false","False","0473EE7D7E4473199E1EBB9510B91CA0278DA9C102B2EAD78560B7E65EBE9DD1"
"Assets/NTSD/Sprite/Effect/genjutsu3.bmp","OLD_INDEXED_IMAGE","sheet","1","Assets/NTSD/Config/specialattack/drunken.dat","empty-root Menu/Inspector sprite prewarm via declared file range","false","False","ACA3CF684CB9BBD9FBD75D747ADA8AB57CE3955CE4408E5DE8F4176B7BF094C8"
"Assets/NTSD/Sprite/Effect/genjutsu4.bmp","OLD_INDEXED_IMAGE","sheet","1","Assets/NTSD/Config/specialattack/drunken.dat","empty-root Menu/Inspector sprite prewarm via declared file range","false","False","DB8E6C06F0A42AD7D03A52C7F7A5C324872AAD46979D9F8F7721F9C567985D79"
"Assets/NTSD/Sprite/Effect/genjutsu5.bmp","OLD_INDEXED_IMAGE","sheet","1","Assets/NTSD/Config/specialattack/drunken.dat","empty-root Menu/Inspector sprite prewarm via declared file range","false","False","C3FF5D1794C274F77707257A3D41108D895F2D5D606A34E5006FF929C1921030"
"Assets/NTSD/Sprite/Effect/genjutsu_t.bmp","OLD_INDEXED_IMAGE","sheet","1","Assets/NTSD/Config/specialattack/crow_2.dat","empty-root Menu/Inspector sprite prewarm via declared file range","false","False","F93A956CB1F1DBFEA42458CEFEE32B816AAC378C585257C4B97484CE70B7AFFF"
"Assets/NTSD/Sprite/Effect/gray.bmp","OLD_INDEXED_IMAGE","sheet","1","Assets/NTSD/Config/specialattack/flash.dat","empty-root Menu/Inspector sprite prewarm via declared file range","false","False","904BD50AB3173F639AC6EF79A986D686BD6670FA18FA3FBD0050B0575290B581"
"Assets/NTSD/Sprite/Effect/ground.bmp","OLD_INDEXED_IMAGE","sheet","1","Assets/NTSD/Config/specialattack/sword.dat","empty-root Menu/Inspector sprite prewarm via declared file range","false","False","8783C6F0F78B64F82C85CCB200E3968669705CAA832D9FA9028FE3F9D07AF710"
"Assets/NTSD/Sprite/Effect/hakke.bmp","OLD_INDEXED_IMAGE","sheet","2","Assets/NTSD/Config/specialattack/sword.dat;Assets/NTSD/Config/specialattack/wind.dat","empty-root Menu/Inspector sprite prewarm via declared file range","false","False","38ECCDDFDD6B3EB2AE8BAC687D09BD5CFF2D4935D7AD03AC019123F649BF5DD8"
"Assets/NTSD/Sprite/Effect/hakke_blast.bmp","OLD_INDEXED_IMAGE","sheet","1","Assets/NTSD/Config/specialattack/chiyo_kunais.dat","empty-root Menu/Inspector sprite prewarm via declared file range","false","False","DBCFDF9DD4E5585458F1489B211EB27C8B6130CB63BF4A257CD7B81F4C42572B"
"Assets/NTSD/Sprite/Effect/hakke_blast2.bmp","OLD_INDEXED_IMAGE","sheet","1","Assets/NTSD/Config/specialattack/chiyo_kunais.dat","empty-root Menu/Inspector sprite prewarm via declared file range","false","False","9F83B5E1187064B15FF8777D5E28407E0570EB845B1AD2B7089DBBA8ED5ADD4C"
"Assets/NTSD/Sprite/Effect/hakke_blast3.bmp","OLD_INDEXED_IMAGE","sheet","1","Assets/NTSD/Config/specialattack/chiyo_kunais.dat","empty-root Menu/Inspector sprite prewarm via declared file range","false","False","29B5D8024D2BF6CA336C611D180532E339EA3F2E134A5711930CF8C0C9C56DD5"
"Assets/NTSD/Sprite/Effect/heart.bmp","OLD_INDEXED_IMAGE","sheet","4","Assets/NTSD/Config/effect/heart.dat;Assets/NTSD/Config/effect/heart0.dat;Assets/NTSD/Config/effect/heart2.dat;Assets/NTSD/Config/effect/heart3.dat","empty-root Menu/Inspector sprite prewarm via declared file range","false","False","3212E1CEB53D2E2452D970BB361A3168002D1293688D7B13FEAD6D842F7A7ABB"
"Assets/NTSD/Sprite/Effect/ink.bmp","OLD_INDEXED_IMAGE","sheet","1","Assets/NTSD/Config/specialattack/ink.dat","empty-root Menu/Inspector sprite prewarm via declared file range","false","False","E8B208DDF3A2FA9DAAE34E5779DEE76B981C3684B4E9A97016200336B89BB868"
"Assets/NTSD/Sprite/Effect/ink2.bmp","OLD_INDEXED_IMAGE","sheet","1","Assets/NTSD/Config/specialattack/ink.dat","empty-root Menu/Inspector sprite prewarm via declared file range","false","False","0863D386BF7942A9107AB2C56CBBBC93EB59870907D5CB1EDB1AC2DE684742B7"
"Assets/NTSD/Sprite/Effect/iron_sand.bmp","OLD_INDEXED_IMAGE","sheet","1","Assets/NTSD/Config/specialattack/ironsand.dat","empty-root Menu/Inspector sprite prewarm via declared file range","false","False","D81B6600CF6579B4693B95F097E72BB4F343D99211750A3200A4527B22D1ACBB"
"Assets/NTSD/Sprite/Effect/itachi_exp.bmp","OLD_INDEXED_IMAGE","sheet","1","Assets/NTSD/Config/specialattack/crow_2.dat","empty-root Menu/Inspector sprite prewarm via declared file range","false","False","8EDFFC8D6BB4390CD4FBFB7943D727BF9A3E4FB8126F6E0D73F992EE6B6F6EC6"
"Assets/NTSD/Sprite/Effect/jan_chaseh.bmp","OLD_INDEXED_IMAGE","sheet","1","Assets/NTSD/Config/specialattack/jan_chaseh.dat","empty-root Menu/Inspector sprite prewarm via declared file range","false","False","31EA811EE15B3A7E2412C0644BD570F8757A62EF2D7FE8FC4FE7C1AAB4248AC6"
"Assets/NTSD/Sprite/Effect/jiraiya_4.bmp","OLD_INDEXED_IMAGE","sheet","1","Assets/NTSD/Config/specialattack/rasenshuriken.dat","empty-root Menu/Inspector sprite prewarm via declared file range","false","False","CC0F49F7CC369F6C6ABE05112E4923AA11F3E42BA303F7C5C5F2B6AAC691A913"
"Assets/NTSD/Sprite/Effect/jiroubou_rock.bmp","OLD_INDEXED_IMAGE","sheet","1","Assets/NTSD/Config/effect/jiroubou_rock.dat","empty-root Menu/Inspector sprite prewarm via declared file range","false","False","64449FBAA602DC15E43E0DC87A90827A527BA117075368D70616C8607567EAD4"
"Assets/NTSD/Sprite/Effect/jiroubou_rock1.bmp","OLD_INDEXED_IMAGE","sheet","1","Assets/NTSD/Config/specialattack/wave.dat","empty-root Menu/Inspector sprite prewarm via declared file range","false","False","C3FACF7F1B8DBD86E05C111D4E29971993762C33C7362CC438A55B9BD27569DE"
"Assets/NTSD/Sprite/Effect/julian_col.bmp","OLD_INDEXED_IMAGE","sheet","1","Assets/NTSD/Config/specialattack/mega_ex.dat","empty-root Menu/Inspector sprite prewarm via declared file range","false","False","3C2E08C777A380C2EE494F1BBAF8CFA966D53CD0E33B8C45277102FFA8EB0A93"
"Assets/NTSD/Sprite/Effect/julian_col2.bmp","OLD_INDEXED_IMAGE","sheet","1","Assets/NTSD/Config/specialattack/mega_ex.dat","empty-root Menu/Inspector sprite prewarm via declared file range","false","False","192F19E49A5EA6E968D4B013E129F5B576E526691EF78D5A31F2743F5641E4B7"
"Assets/NTSD/Sprite/Effect/kakuzu_exp.bmp","OLD_INDEXED_IMAGE","sheet","1","Assets/NTSD/Config/specialattack/katon_kakuzu.dat","empty-root Menu/Inspector sprite prewarm via declared file range","false","False","0A05915EB717D0DF424DE4D50E1CB16E7EEB8196DB16C69220286B306D3E01DF"
"Assets/NTSD/Sprite/Effect/kami.bmp","OLD_INDEXED_IMAGE","sheet","1","Assets/NTSD/Config/specialattack/sakura_ball.dat","empty-root Menu/Inspector sprite prewarm via declared file range","false","False","BB7E19147107FE85D8322729B8C1EFC6E3F504E1568D885838A4C16866720303"
"Assets/NTSD/Sprite/Effect/kankuro_special.bmp","OLD_INDEXED_IMAGE","sheet","1","Assets/NTSD/Config/specialattack/karasu.dat","empty-root Menu/Inspector sprite prewarm via declared file range","false","False","A352893B93B8BEB42768F093AE981FCC986BC7D37BA731CF62FD27433843E811"
"Assets/NTSD/Sprite/Effect/karasu.bmp","OLD_INDEXED_IMAGE","sheet","1","Assets/NTSD/Config/specialattack/karasu.dat","empty-root Menu/Inspector sprite prewarm via declared file range","false","False","0232ABFFDD5D8135A7068B423773BB64DEBE73E8E87E0C718D1C7169B8E3602C"
"Assets/NTSD/Sprite/Effect/katon_ball.bmp","OLD_INDEXED_IMAGE","sheet","1","Assets/NTSD/Config/specialattack/katon_ball.dat","empty-root Menu/Inspector sprite prewarm via declared file range","false","False","AB7988B4ED68D962833ED7958E6D426ECAAE3C7A52D9F49904A2F952D5B7D08E"
"Assets/NTSD/Sprite/Effect/katon_ball_2.bmp","OLD_INDEXED_IMAGE","sheet","1","Assets/NTSD/Config/specialattack/katon_big.dat","empty-root Menu/Inspector sprite prewarm via declared file range","false","False","7593DCD1C3EFD07394596EFC4DCAE76A291FA33712F537118C7B1504130D8478"
"Assets/NTSD/Sprite/Effect/katon_dragon.bmp","OLD_INDEXED_IMAGE","sheet","1","Assets/NTSD/Config/specialattack/katon_big.dat","empty-root Menu/Inspector sprite prewarm via declared file range","false","False","9D7F183CA0DF737D90AA56251B3E69000EAF73ACE1FC06C85867A3C540B6467C"
"Assets/NTSD/Sprite/Effect/katon_dragon2.bmp","OLD_INDEXED_IMAGE","sheet","1","Assets/NTSD/Config/specialattack/katon_big.dat","empty-root Menu/Inspector sprite prewarm via declared file range","false","False","B668BA8D74257B309EEEE3D47C3DE075E9DA7F4C768AE338C1ECAB1EC7462805"
"Assets/NTSD/Sprite/Effect/katon_flame.bmp","OLD_INDEXED_IMAGE","sheet","1","Assets/NTSD/Config/specialattack/katon_big.dat","empty-root Menu/Inspector sprite prewarm via declared file range","false","False","B323AEADEB6087FA1A010A7577CAB7CAA2192DB72855493284C3BB72B4633A29"
"Assets/NTSD/Sprite/Effect/kidomaru_3.bmp","OLD_INDEXED_IMAGE","sheet","1","Assets/NTSD/Config/specialattack/spider.dat","empty-root Menu/Inspector sprite prewarm via declared file range","false","False","9D429FBD750D6F68D3924497ED39D7B0DA705F513C0F621D5E11127158025B7D"
"Assets/NTSD/Sprite/Effect/kunai.bmp","OLD_INDEXED_IMAGE","sheet","2","Assets/NTSD/Config/effect/flash_weap.dat;Assets/NTSD/Config/specialattack/itachi_kunai.dat","empty-root Menu/Inspector sprite prewarm via declared file range","false","False","866DA54E182EDE4C39B1FEB19E7C4812FB26896CD4E49F17C8DD6B7B960025AF"
"Assets/NTSD/Sprite/Effect/kyubi_arms.bmp","OLD_INDEXED_IMAGE","sheet","1","Assets/NTSD/Config/specialattack/wave.dat","empty-root Menu/Inspector sprite prewarm via declared file range","false","False","6F95A048DBE785CD0864A1179D08051A077A4288C391A71853E6542044EE0C52"
"Assets/NTSD/Sprite/Effect/kyubi_ex.bmp","OLD_INDEXED_IMAGE","sheet","1","Assets/NTSD/Config/specialattack/mega_ex.dat","empty-root Menu/Inspector sprite prewarm via declared file range","false","False","930545B1568AAD933F5D574355A38BF902939689FE38F8B5779973EBE45214A8"
"Assets/NTSD/Sprite/Effect/manda1.bmp","OLD_INDEXED_IMAGE","sheet","1","Assets/NTSD/Config/specialattack/mega_ex.dat","empty-root Menu/Inspector sprite prewarm via declared file range","false","False","DA3A9374C246351D971A180A468BD277CFC9A851176C43015AFD85DA8E2B13AC"
"Assets/NTSD/Sprite/Effect/manda2.bmp","OLD_INDEXED_IMAGE","sheet","1","Assets/NTSD/Config/specialattack/mega_ex.dat","empty-root Menu/Inspector sprite prewarm via declared file range","false","False","C9D5AC7B0AFC4B4E9D7D3AFC8B1E8839070391819894A7D53602E25E350F55EF"
"Assets/NTSD/Sprite/Effect/manda3.bmp","OLD_INDEXED_IMAGE","sheet","1","Assets/NTSD/Config/specialattack/mega_ex.dat","empty-root Menu/Inspector sprite prewarm via declared file range","false","False","AB1C1E2B2DA5257339C4E3B129C8562DD81E1931F776FB096F8670594C0CAF08"
"Assets/NTSD/Sprite/Effect/manda4.bmp","OLD_INDEXED_IMAGE","sheet","1","Assets/NTSD/Config/specialattack/snake.dat","empty-root Menu/Inspector sprite prewarm via declared file range","false","False","0793C433E1F7473E6FAE4B76B1A9FBA41537A86208F0133656FA65A5ED9F9060"
"Assets/NTSD/Sprite/Effect/manda7.bmp","OLD_INDEXED_IMAGE","sheet","1","Assets/NTSD/Config/specialattack/snake.dat","empty-root Menu/Inspector sprite prewarm via declared file range","false","False","3CCFF15D71952133F96B1813EC1DE820E5F1DE756E3A1C050C9EFB19AA4885E9"
"Assets/NTSD/Sprite/Effect/mirror.bmp","OLD_INDEXED_IMAGE","sheet","1","Assets/NTSD/Config/specialattack/mirror.dat","empty-root Menu/Inspector sprite prewarm via declared file range","false","False","85C280A5E05D5F9B01F2731C1D1BB1F46AE3AE94DF3D799A480CBFA48D6FCC7F"
"Assets/NTSD/Sprite/Effect/mirror2.bmp","OLD_INDEXED_IMAGE","sheet","1","Assets/NTSD/Config/specialattack/mirror.dat","empty-root Menu/Inspector sprite prewarm via declared file range","false","False","D97A009CBDDC60214C125735A21B03052D989164B4B975045FF7DFB6EC9B837A"
"Assets/NTSD/Sprite/Effect/mission.bmp","OLD_INDEXED_IMAGE","sheet","1","Assets/NTSD/Config/specialattack/criminal2.dat","empty-root Menu/Inspector sprite prewarm via declared file range","false","False","E8398EE5C64977F5EB0A6E19AAEF17EDDF17D0ACC53EC8148A2F2E077C954F43"
"Assets/NTSD/Sprite/Effect/mission2.bmp","OLD_INDEXED_IMAGE","sheet","1","Assets/NTSD/Config/specialattack/criminal2.dat","empty-root Menu/Inspector sprite prewarm via declared file range","false","False","D26C4F675ABA3C83BB418AB4ED4B0891B7CC34CF07F4FCB8848A3BC98400C4FF"
"Assets/NTSD/Sprite/Effect/mission3.bmp","OLD_INDEXED_IMAGE","sheet","1","Assets/NTSD/Config/specialattack/criminal2.dat","empty-root Menu/Inspector sprite prewarm via declared file range","false","False","1B9191B033F23F46DE6829EC001F04F26204D062C0AC856D87E94F506033D7EE"
"Assets/NTSD/Sprite/Effect/mission4.bmp","OLD_INDEXED_IMAGE","sheet","1","Assets/NTSD/Config/specialattack/criminal2.dat","empty-root Menu/Inspector sprite prewarm via declared file range","false","False","C268FFAF64736D9B49C4801237A972803A4FE4309914B1F855232FC8C6E91712"
"Assets/NTSD/Sprite/Effect/mission5.bmp","OLD_INDEXED_IMAGE","sheet","1","Assets/NTSD/Config/specialattack/criminal2.dat","empty-root Menu/Inspector sprite prewarm via declared file range","false","False","D2BB269FDEB67926120209F0AC3AFE9671A6D28F22C11FEFA9FFB29308F210AB"
"Assets/NTSD/Sprite/Effect/mission6.bmp","OLD_INDEXED_IMAGE","sheet","1","Assets/NTSD/Config/specialattack/criminal2.dat","empty-root Menu/Inspector sprite prewarm via declared file range","false","False","38FF013A6F44EC557DB9948C4F1EADDD56BAB8D344F194BDAE2C7B75A33FD0C6"
"Assets/NTSD/Sprite/Effect/mission7.bmp","OLD_INDEXED_IMAGE","sheet","1","Assets/NTSD/Config/specialattack/criminal2.dat","empty-root Menu/Inspector sprite prewarm via declared file range","false","False","C2A8915ECA3C2D9446624A7EABD5DA2CFACB10B1C0469B31E915C2267376E66B"
"Assets/NTSD/Sprite/Effect/monster.bmp","OLD_INDEXED_IMAGE","sheet","1","Assets/NTSD/Config/specialattack/monster.dat","empty-root Menu/Inspector sprite prewarm via declared file range","false","False","ACF81BDE825904B519DA18B41F34A0556B175DA9D9BD6929CBF481217A67BB9E"
"Assets/NTSD/Sprite/Effect/nc_kakuzuarm.bmp","OLD_INDEXED_IMAGE","sheet","1","Assets/NTSD/Config/specialattack/nckakuzuarm.dat","empty-root Menu/Inspector sprite prewarm via declared file range","false","False","46A036BF35E4BA49C81E4538B35750DF6824A99D5BB52A0F97048BE1EB8180D5"
"Assets/NTSD/Sprite/Effect/nckakuzu_water.bmp","OLD_INDEXED_IMAGE","sheet","1","Assets/NTSD/Config/specialattack/water.dat","empty-root Menu/Inspector sprite prewarm via declared file range","false","False","652039E74ED46C93EEA4EA1EF3C470A286E43B0D12CFFDF61CEDB4F55E9B1B84"
"Assets/NTSD/Sprite/Effect/puppet.bmp","OLD_INDEXED_IMAGE","sheet","1","Assets/NTSD/Config/specialattack/puppet.dat","empty-root Menu/Inspector sprite prewarm via declared file range","false","False","F71D753D5681362A5409C59C75D63F6389318456483247673E5C242BC648EA00"
"Assets/NTSD/Sprite/Effect/puppet2.bmp","OLD_INDEXED_IMAGE","sheet","1","Assets/NTSD/Config/specialattack/puppet.dat","empty-root Menu/Inspector sprite prewarm via declared file range","false","False","110D9529691F85F33E590C81B142BFB3C3F26A8C3F0DFE4E0E3D3DABE61DB988"
"Assets/NTSD/Sprite/Effect/puppet_1.bmp","OLD_INDEXED_IMAGE","sheet","1","Assets/NTSD/Config/specialattack/father_puppet.dat","empty-root Menu/Inspector sprite prewarm via declared file range","false","False","83016F94778162EB802ED25DA074550F707E5B3273257CC894D6EEC5FAC4E53C"
"Assets/NTSD/Sprite/Effect/puppet_2.bmp","OLD_INDEXED_IMAGE","sheet","3","Assets/NTSD/Config/specialattack/100_puppets_b.dat;Assets/NTSD/Config/specialattack/100_puppets_c.dat;Assets/NTSD/Config/specialattack/100_puppets.dat","empty-root Menu/Inspector sprite prewarm via declared file range","false","False","2915C1C43420DD60660290784CC6F2B320DAFCC10781F2FB1EC4CE4EECEC6B8E"
"Assets/NTSD/Sprite/Effect/rasengan.bmp","OLD_INDEXED_IMAGE","sheet","1","Assets/NTSD/Config/specialattack/rasenshuriken.dat","empty-root Menu/Inspector sprite prewarm via declared file range","false","False","8A728A99B65D80E0F72E82645E50AA0A55C07971F06908C51791CF6B2A45E8E8"
"Assets/NTSD/Sprite/Effect/rasengan_ball.bmp","OLD_INDEXED_IMAGE","sheet","3","Assets/NTSD/Config/effect/chakra.dat;Assets/NTSD/Config/effect/die.dat;Assets/NTSD/Config/effect/rasengan_ball.dat","empty-root Menu/Inspector sprite prewarm via declared file range","false","False","2414546862288BF0092C7BAF0635095BB10ED1648843B7218749FE4C73611EEA"
"Assets/NTSD/Sprite/Effect/rasenshuriken.bmp","OLD_INDEXED_IMAGE","sheet","1","Assets/NTSD/Config/specialattack/rasenshuriken.dat","empty-root Menu/Inspector sprite prewarm via declared file range","false","False","DB75039222538F1B33D276532F4BF7A8F9BA9C52E86993BAE7410F3B6EF6E51F"
"Assets/NTSD/Sprite/Effect/rasenshuriken2.bmp","OLD_INDEXED_IMAGE","sheet","1","Assets/NTSD/Config/specialattack/rasenshuriken.dat","empty-root Menu/Inspector sprite prewarm via declared file range","false","False","F703CD59A633476FD6ADFE01180B2486919D3C4078C29EF2A3E4EEDC7807C865"
"Assets/NTSD/Sprite/Effect/red.bmp","OLD_INDEXED_IMAGE","sheet","1","Assets/NTSD/Config/specialattack/flash.dat","empty-root Menu/Inspector sprite prewarm via declared file range","false","False","30FF5AA6F9BDD40E17382FC796D0E5A5979B4C648FF713D2CB2760F876EE9CCA"
"Assets/NTSD/Sprite/Effect/rineneye.bmp","OLD_INDEXED_IMAGE","sheet","1","Assets/NTSD/Config/specialattack/summon.dat","empty-root Menu/Inspector sprite prewarm via declared file range","false","False","DD334F05C19D3B06D9FB5F45838E8AFA7F63991F0EAD90F8F643050A5F8451CD"
"Assets/NTSD/Sprite/Effect/sakura_ball.bmp","OLD_INDEXED_IMAGE","sheet","1","Assets/NTSD/Config/specialattack/sakura_ball.dat","empty-root Menu/Inspector sprite prewarm via declared file range","false","False","44D8869A54E196ED1D724D48ACC61D773A4462758F473B03EB52F322B074367F"
"Assets/NTSD/Sprite/Effect/sand.bmp","OLD_INDEXED_IMAGE","sheet","4","Assets/NTSD/Config/specialattack/lee_counter.dat;Assets/NTSD/Config/specialattack/sand_2.dat;Assets/NTSD/Config/specialattack/sand_blast.dat;Assets/NTSD/Config/specialattack/sand.dat","empty-root Menu/Inspector sprite prewarm via declared file range","false","False","9C7DB00D511C24557A2C9634DB3B2FFCC61A423AE69E3E2AA35BC41DDE4F6ECD"
"Assets/NTSD/Sprite/Effect/sand2.bmp","OLD_INDEXED_IMAGE","sheet","1","Assets/NTSD/Config/specialattack/poison.dat","empty-root Menu/Inspector sprite prewarm via declared file range","false","False","2AA8D7221DAFEA7870911B641FE11E9CCC5643D11619D872CCFB3D719B5DE634"
"Assets/NTSD/Sprite/Effect/sand3.bmp","OLD_INDEXED_IMAGE","sheet","1","Assets/NTSD/Config/specialattack/sand_2.dat","empty-root Menu/Inspector sprite prewarm via declared file range","false","False","2DD71C02E859BB19B985EEF5844A071343843C4E4F72DDF78A467CACA3A1C5D5"
"Assets/NTSD/Sprite/Effect/sand_shield.bmp","OLD_INDEXED_IMAGE","sheet","1","Assets/NTSD/Config/specialattack/sand_shield.dat","empty-root Menu/Inspector sprite prewarm via declared file range","false","False","09ECD494B02D3511051400690758BD6995EE0AA7C5D5B14F292DC2F195798C99"
"Assets/NTSD/Sprite/Effect/sanshouo.bmp","OLD_INDEXED_IMAGE","sheet","1","Assets/NTSD/Config/specialattack/sanshouo.dat","empty-root Menu/Inspector sprite prewarm via declared file range","false","False","CF350E06D4AB3176CD3F4B1B08AF95643544D4EA3AD9FE96C90B3677F92A9111"
"Assets/NTSD/Sprite/Effect/sanshouo2.bmp","OLD_INDEXED_IMAGE","sheet","1","Assets/NTSD/Config/specialattack/sanshouo.dat","empty-root Menu/Inspector sprite prewarm via declared file range","false","False","E341D43A0BA808D499EF0A6B993FA1E624089DFDEB92C051D7B1CD4DA496B3A3"
"Assets/NTSD/Sprite/Effect/shadow.bmp","OLD_INDEXED_IMAGE","sheet","1","Assets/NTSD/Config/specialattack/shadow.dat","empty-root Menu/Inspector sprite prewarm via declared file range","false","False","1B89B6D13307BDB621994140F6953D2A1938743236941B660A415D722C3B2162"
"Assets/NTSD/Sprite/Effect/shadow2.bmp","OLD_INDEXED_IMAGE","sheet","1","Assets/NTSD/Config/specialattack/shadow.dat","empty-root Menu/Inspector sprite prewarm via declared file range","false","False","F81316E9BA4A90F966022D4C0B8A57E1F75AD577D90A830D20B776D187398D5B"
"Assets/NTSD/Sprite/Effect/sharingan1_b.bmp","OLD_INDEXED_IMAGE","sheet","1","Assets/NTSD/Config/specialattack/flash.dat","empty-root Menu/Inspector sprite prewarm via declared file range","false","False","434990A9FD609D73EBBF55A0DA022A0A6FC6E99C137FE6663F27569ECC4F6B30"
"Assets/NTSD/Sprite/Effect/sharingan2_b.bmp","OLD_INDEXED_IMAGE","sheet","1","Assets/NTSD/Config/specialattack/flash.dat","empty-root Menu/Inspector sprite prewarm via declared file range","false","False","9021482FEA29741A381D92A3A7E3A32550D2C7391EAE90AB3CAFEA3A033141FE"
"Assets/NTSD/Sprite/Effect/sharingan3_b.bmp","OLD_INDEXED_IMAGE","sheet","1","Assets/NTSD/Config/specialattack/flash.dat","empty-root Menu/Inspector sprite prewarm via declared file range","false","False","28A02BC607AF87C8AABDD46A7373B4F79D963A9A20668E73A83D01A8500052CA"
"Assets/NTSD/Sprite/Effect/sharingan4_b.bmp","OLD_INDEXED_IMAGE","sheet","1","Assets/NTSD/Config/specialattack/flash.dat","empty-root Menu/Inspector sprite prewarm via declared file range","false","False","97A091459A223721DBABF31776CFC1BB592F2B0F05EA76678FB83E98AB0A8987"
"Assets/NTSD/Sprite/Effect/shark.bmp","OLD_INDEXED_IMAGE","sheet","1","Assets/NTSD/Config/specialattack/water.dat","empty-root Menu/Inspector sprite prewarm via declared file range","false","False","14E3A0FE4C1293170B6747FA572902BCE3778A99D76932287E73CB2FEE7C9FFD"
"Assets/NTSD/Sprite/Effect/shark_multi.bmp","OLD_INDEXED_IMAGE","sheet","1","Assets/NTSD/Config/specialattack/water.dat","empty-root Menu/Inspector sprite prewarm via declared file range","false","False","F5D3294B4321F414BDD3C462E285DC3FD6A6EE20279CB299FE9CA2CF653509E0"
"Assets/NTSD/Sprite/Effect/shark_multi2.bmp","OLD_INDEXED_IMAGE","sheet","1","Assets/NTSD/Config/specialattack/water.dat","empty-root Menu/Inspector sprite prewarm via declared file range","false","False","C92BB76B286C94A14CB62C27EEA01203BEA78736F7AEC7DCC8C1A53DAA2241A5"
"Assets/NTSD/Sprite/Effect/slashes.bmp","OLD_INDEXED_IMAGE","sheet","1","Assets/NTSD/Config/specialattack/drunken.dat","empty-root Menu/Inspector sprite prewarm via declared file range","false","False","D81C37F262D3B49F2957881D842D1761907EF487E6D5F8686EC11064778A21C1"
"Assets/NTSD/Sprite/Effect/smoke.bmp","OLD_INDEXED_IMAGE","sheet","1","Assets/NTSD/Config/specialattack/wind.dat","empty-root Menu/Inspector sprite prewarm via declared file range","false","False","325EC4E3662FE273C629B29630197CD740CEF88EB1EBA5C21A6508427EF3AFD8"
"Assets/NTSD/Sprite/Effect/smoke2.bmp","OLD_INDEXED_IMAGE","sheet","1","Assets/NTSD/Config/specialattack/ironsand.dat","empty-root Menu/Inspector sprite prewarm via declared file range","false","False","03F4C7A36EFBE8DA1A9A2B62C3C97F059C34C4A1C8FDDC6B597FD89DCD434440"
"Assets/NTSD/Sprite/Effect/snake.bmp","OLD_INDEXED_IMAGE","sheet","1","Assets/NTSD/Config/specialattack/snake.dat","empty-root Menu/Inspector sprite prewarm via declared file range","false","False","6A889CFC2AED634235D2BF21EBAF84ABB76F140252A88BCAFF759261FBFBD1CE"
"Assets/NTSD/Sprite/Effect/snake_2.bmp","OLD_INDEXED_IMAGE","sheet","1","Assets/NTSD/Config/specialattack/snake.dat","empty-root Menu/Inspector sprite prewarm via declared file range","false","False","BCCED1E280CC524E8D77E0F2800B59B4E581672CB07305881EA247E6457B9E96"
"Assets/NTSD/Sprite/Effect/spear.bmp","OLD_INDEXED_IMAGE","sheet","1","Assets/NTSD/Config/specialattack/sand.dat","empty-root Menu/Inspector sprite prewarm via declared file range","false","False","FA665CA5E536C7F952C05837349EDF52BC958CCA936A0D3A61B87CD5CFDF56F3"
"Assets/NTSD/Sprite/Effect/spider.bmp","OLD_INDEXED_IMAGE","sheet","1","Assets/NTSD/Config/specialattack/spider.dat","empty-root Menu/Inspector sprite prewarm via declared file range","false","False","A273CCC12BFDB2E1C63755B97804FADDB242B7419F81435F02912940C13B0F0B"
"Assets/NTSD/Sprite/Effect/spiral.bmp","OLD_INDEXED_IMAGE","sheet","1","Assets/NTSD/Config/specialattack/itachi_kunai.dat","empty-root Menu/Inspector sprite prewarm via declared file range","false","False","24072A29A65068DE2301A5D59E609B3C688A25B7C01288A7BBDCCA910D6831A7"
"Assets/NTSD/Sprite/Effect/start.bmp","OLD_INDEXED_IMAGE","sheet","1","Assets/NTSD/Config/specialattack/criminal2.dat","empty-root Menu/Inspector sprite prewarm via declared file range","false","False","E8DA7047B9EAAA98DDE075995643EB1B6907491B2E4B55EAD037131145A0F5C3"
"Assets/NTSD/Sprite/Effect/start2.bmp","OLD_INDEXED_IMAGE","sheet","1","Assets/NTSD/Config/specialattack/frog.dat","empty-root Menu/Inspector sprite prewarm via declared file range","false","False","948069DE356F0D2C8598E48547597584A733FC080E51A60ACEB257E1B03B17C4"
"Assets/NTSD/Sprite/Effect/summon.bmp","OLD_INDEXED_IMAGE","sheet","1","Assets/NTSD/Config/specialattack/summon.dat","empty-root Menu/Inspector sprite prewarm via declared file range","false","False","5FE02EF8C204CC6ECEB99758F54CAE7CF965EABB0E0F5F63379D39850879B9F9"
"Assets/NTSD/Sprite/Effect/sword.bmp","OLD_INDEXED_IMAGE","sheet","1","Assets/NTSD/Config/specialattack/sword.dat","empty-root Menu/Inspector sprite prewarm via declared file range","false","False","5225B306D8E54AEC3A61B46D0788152A9BA8DA3248723D17AEBD3A047A7A3697"
"Assets/NTSD/Sprite/Effect/temari_wind.bmp","OLD_INDEXED_IMAGE","sheet","1","Assets/NTSD/Config/specialattack/wind.dat","empty-root Menu/Inspector sprite prewarm via declared file range","false","False","AC26BAC6B14061E5C617D2C374C3EF16DEAC420A2841A112B8BABAA6AC66A446"
"Assets/NTSD/Sprite/Effect/temari_ww.bmp","OLD_INDEXED_IMAGE","sheet","1","Assets/NTSD/Config/specialattack/wind.dat","empty-root Menu/Inspector sprite prewarm via declared file range","false","False","44ABE5EB2B236CD8BFB2E363D8FAD6486A6D0FA65D9BBC5109D5C50F77F68406"
"Assets/NTSD/Sprite/Effect/temari_www.bmp","OLD_INDEXED_IMAGE","sheet","1","Assets/NTSD/Config/specialattack/wind.dat","empty-root Menu/Inspector sprite prewarm via declared file range","false","False","85E823869A877F9E7F47FC8F7A26F5C5E9A8A516DBE6822FF4992781A2A0C224"
"Assets/NTSD/Sprite/Effect/thunder.bmp","OLD_INDEXED_IMAGE","sheet","1","Assets/NTSD/Config/specialattack/chidori.dat","empty-root Menu/Inspector sprite prewarm via declared file range","false","False","127B33061E685BFEDD9EEE784595C0BB142ED30130DD4E8458AB648D51C08177"
"Assets/NTSD/Sprite/Effect/thunder2.bmp","OLD_INDEXED_IMAGE","sheet","1","Assets/NTSD/Config/specialattack/chidori.dat","empty-root Menu/Inspector sprite prewarm via declared file range","false","False","FAD25D5D18BC9BAC9E64FFD15F9705DD28E952EE1E812A06AF95D9C3AF17BA03"
"Assets/NTSD/Sprite/Effect/thunder3.bmp","OLD_INDEXED_IMAGE","sheet","1","Assets/NTSD/Config/specialattack/chidori.dat","empty-root Menu/Inspector sprite prewarm via declared file range","false","False","EE142BED89C97066EBF4C5B8ED20519A3CA3AE04B318C79DCCD7F16A37302A37"
"Assets/NTSD/Sprite/Effect/thunder_creature.bmp","OLD_INDEXED_IMAGE","sheet","1","Assets/NTSD/Config/specialattack/thunder_creature.dat","empty-root Menu/Inspector sprite prewarm via declared file range","false","False","DCA4A525FF72C07029C3F9F8283D92471CC4C92D2094D39716887FF50C6D2B55"
"Assets/NTSD/Sprite/Effect/timer.bmp","OLD_INDEXED_IMAGE","sheet","1","Assets/NTSD/Config/specialattack/poison.dat","empty-root Menu/Inspector sprite prewarm via declared file range","false","False","A1F6F9E250E44F8EEA0ED90E01AF05161E141E74F6F345574108AA1DB61A50B9"
"Assets/NTSD/Sprite/Effect/timer2.bmp","OLD_INDEXED_IMAGE","sheet","1","Assets/NTSD/Config/specialattack/ironsand.dat","empty-root Menu/Inspector sprite prewarm via declared file range","false","False","609A57C906CFB56DF4346585308BAC0F32298E089DAD5110A3466962A2CE93A4"
"Assets/NTSD/Sprite/Effect/tree.bmp","OLD_INDEXED_IMAGE","sheet","1","Assets/NTSD/Config/specialattack/tree.dat","empty-root Menu/Inspector sprite prewarm via declared file range","false","False","B529F7321D8023633DC0B01E2E20879D052C40980B3C38D022479BADB4A20613"
"Assets/NTSD/Sprite/Effect/water.bmp","OLD_INDEXED_IMAGE","sheet","1","Assets/NTSD/Config/specialattack/water.dat","empty-root Menu/Inspector sprite prewarm via declared file range","false","False","0DE07BD12B5144FDE379BB5F37773531726579D203560AD916A91C82EC6894B6"
"Assets/NTSD/Sprite/Effect/water_prison.bmp","OLD_INDEXED_IMAGE","sheet","1","Assets/NTSD/Config/specialattack/water.dat","empty-root Menu/Inspector sprite prewarm via declared file range","false","False","7CDD3D21CE373941A7365E16197DC55012122A288964364BA0DA1612908E5E9B"
"Assets/NTSD/Sprite/Effect/wave1.bmp","OLD_INDEXED_IMAGE","sheet","1","Assets/NTSD/Config/specialattack/wave.dat","empty-root Menu/Inspector sprite prewarm via declared file range","false","False","B1E708D991E18F0314D396FBC789BBB3802FD5F2F4F26CF8F67DF136AC2CA1EE"
"Assets/NTSD/Sprite/Effect/wave2.bmp","OLD_INDEXED_IMAGE","sheet","1","Assets/NTSD/Config/specialattack/wave.dat","empty-root Menu/Inspector sprite prewarm via declared file range","false","False","0EDF5210B8D2E3FF2D969FD9B97402360E71121150818F1982C414E37B43122F"
"Assets/NTSD/Sprite/Effect/wave3.bmp","OLD_INDEXED_IMAGE","sheet","1","Assets/NTSD/Config/specialattack/wave.dat","empty-root Menu/Inspector sprite prewarm via declared file range","false","False","E98BF8A97B6D78D198CDAC3C3884FBDB3937C6066A8E494DC9994D842A1822FF"
"Assets/NTSD/Sprite/Effect/wave4.bmp","OLD_INDEXED_IMAGE","sheet","1","Assets/NTSD/Config/specialattack/wave.dat","empty-root Menu/Inspector sprite prewarm via declared file range","false","False","A1FF9E604C9D9F792DA177B75EBE91024FFB6D2A5F21236DB9E94EBE0CC464AE"
"Assets/NTSD/Sprite/Effect/wave5.bmp","OLD_INDEXED_IMAGE","sheet","1","Assets/NTSD/Config/specialattack/wave.dat","empty-root Menu/Inspector sprite prewarm via declared file range","false","False","BEAD709F28E6B769209F4A522D58EFDA2F89C872D9A9719DC0CF9E745C591224"
"Assets/NTSD/Sprite/Effect/white.bmp","OLD_INDEXED_IMAGE","sheet","1","Assets/NTSD/Config/specialattack/drunken.dat","empty-root Menu/Inspector sprite prewarm via declared file range","false","False","3DC69D9BEF20BC17F950B4030A8D832B6DB3B17E1A5BC0CE9DD98205F95E1EA1"
"Assets/NTSD/Sprite/Effect/wind.bmp","OLD_INDEXED_IMAGE","sheet","1","Assets/NTSD/Config/specialattack/wind.dat","empty-root Menu/Inspector sprite prewarm via declared file range","false","False","02628C25800EEE67BDF28C8BA49796337C9BB766991B962226E1DEC32A5B1B34"
"Assets/NTSD/Sprite/Effect/wood.bmp","OLD_INDEXED_IMAGE","sheet","3","Assets/NTSD/Config/effect/gate.dat;Assets/NTSD/Config/effect/shield.dat;Assets/NTSD/Config/specialattack/wood.dat","empty-root Menu/Inspector sprite prewarm via declared file range","false","False","B8D02D6679F67FDD15E71D4B5FFB240E7EDDB27D59A7D3E0E34460698498CCC5"
"Assets/NTSD/Sprite/Effect/yellow.bmp","OLD_INDEXED_IMAGE","sheet","1","Assets/NTSD/Config/specialattack/itachi_kunai.dat","empty-root Menu/Inspector sprite prewarm via declared file range","false","False","781DB583153145F66E3B21F0C3044263BB2DFD8C3E84F4DECEB40D125EB36B5C"
"Assets/NTSD/Sprite/Weapon/broken.bmp","OLD_INDEXED_IMAGE","sheet","1","Assets/NTSD/Config/jsona/broken_weapon.dat","empty-root Menu/Inspector sprite prewarm via declared file range","false","False","34EB94B6218862E1E2B90DD7FBC03E93F093AE0FE3FDF0AE08F3E8EBC8E20F29"
"Assets/NTSD/Sprite/Weapon/broken2.bmp","OLD_INDEXED_IMAGE","sheet","1","Assets/NTSD/Config/jsona/broken_weapon.dat","empty-root Menu/Inspector sprite prewarm via declared file range","false","False","416FA30143EF0846E35E33C55E936284620C86BBDC506DD267BF72D38F94A680"
"Assets/NTSD/Sprite/Weapon/criminal.bmp","OLD_INDEXED_IMAGE","sheet","1","Assets/NTSD/Config/chars/criminal.dat","empty-root Menu/Inspector sprite prewarm via declared file range","false","False","8B46C95F83433656D3F39A23A4115D7F4FCE7143651BD51545F0B08D2559E40C"
"Assets/NTSD/Sprite/Weapon/criminal2.bmp","OLD_INDEXED_IMAGE","sheet","1","Assets/NTSD/Config/chars/criminal.dat","empty-root Menu/Inspector sprite prewarm via declared file range","false","False","23FB4B80FC3E41998888F2D63F0B5582F704728EEC20B72E7CD039DF5AED2BFB"
"Assets/NTSD/Sprite/Weapon/criminal3.bmp","OLD_INDEXED_IMAGE","sheet","1","Assets/NTSD/Config/chars/criminal.dat","empty-root Menu/Inspector sprite prewarm via declared file range","false","False","272474D0776940036F389FEEBF34006163DDB471C6956297D4F9855F1EDA7976"
"Assets/NTSD/Sprite/Weapon/etc.bmp","OLD_INDEXED_IMAGE","sheet","1","Assets/NTSD/Config/jsona/etc.dat","empty-root Menu/Inspector sprite prewarm via declared file range","false","False","99DC313A91D175B6D81436CB2286B16698D789F4FB774AE8F3ECF4079DA182B8"
"Assets/NTSD/Sprite/Weapon/ex_ball.bmp","OLD_INDEXED_IMAGE","sheet","1","Assets/NTSD/Config/chars/ex_ball.dat","empty-root Menu/Inspector sprite prewarm via declared file range","false","False","5941EAB406F2B917A57C08CB92A10FD446B7ED51126BC6E2759F3E5C7546A08F"
"Assets/NTSD/Sprite/Weapon/ex_tag.bmp","OLD_INDEXED_IMAGE","sheet","1","Assets/NTSD/Config/chars/weapon2.dat","empty-root Menu/Inspector sprite prewarm via declared file range","false","False","55D520FA167A25DD58CE6E5167B0C12EEC191881EA4B27FA14CD7E8FB08AEFD5"
"Assets/NTSD/Sprite/Weapon/head.bmp","OLD_INDEXED_IMAGE","sheet","1","Assets/NTSD/Config/chars/weapon11.dat","empty-root Menu/Inspector sprite prewarm via declared file range","false","False","D7C5D79FC8CD93F67914A41FAB18CAE21F3081C77F6D52C5808210F3A960C02A"
"Assets/NTSD/Sprite/Weapon/kunai.bmp","OLD_INDEXED_IMAGE","sheet","1","Assets/NTSD/Config/chars/weapon4.dat","empty-root Menu/Inspector sprite prewarm via declared file range","false","False","866DA54E182EDE4C39B1FEB19E7C4812FB26896CD4E49F17C8DD6B7B960025AF"
"Assets/NTSD/Sprite/Weapon/log.bmp","OLD_INDEXED_IMAGE","sheet","1","Assets/NTSD/Config/chars/log.dat","empty-root Menu/Inspector sprite prewarm via declared file range","false","False","AD211A3C56C5B01D60F12E7D30177BDD65CBE8893716D3F847340084A19AB43C"
"Assets/NTSD/Sprite/Weapon/needle.bmp","OLD_INDEXED_IMAGE","sheet","1","Assets/NTSD/Config/chars/needle.dat","empty-root Menu/Inspector sprite prewarm via declared file range","false","False","37FB77A34F83D255B9A0C7D461D88E32CE6840C2693A6E6424664AB9FE98C9B2"
"Assets/NTSD/Sprite/Weapon/shuriken.bmp","OLD_INDEXED_IMAGE","sheet","1","Assets/NTSD/Config/FrameConfig/weapon5.dat","empty-root Menu/Inspector sprite prewarm via declared file range","false","False","BC5B8481546E8D781FD0BE6CFFDA353B1EFE82FBCAD414B2E4019AF9ACC04BC3"
"Assets/NTSD/Sprite/Weapon/tail.bmp","OLD_INDEXED_IMAGE","sheet","1","Assets/NTSD/Config/chars/weapon10.dat","empty-root Menu/Inspector sprite prewarm via declared file range","false","False","4A54D3C3C7D6AA1ECE56A351638B5611F823DF6DF7B51146A4B7DA385B74C7AF"
"Assets/NTSD/Sprite/Weapon/weapon1.bmp","OLD_INDEXED_IMAGE","sheet","1","Assets/NTSD/Config/chars/weapon1.dat","empty-root Menu/Inspector sprite prewarm via declared file range","false","False","C098BF82F789B375250CD7921217ED0380C69C30F7F13E1CB457CCA0EA5B7D0C"
"Assets/NTSD/Sprite/Weapon/weapon3.bmp","OLD_INDEXED_IMAGE","sheet","1","Assets/NTSD/Config/chars/weapon3.dat","empty-root Menu/Inspector sprite prewarm via declared file range","false","False","F354326F969AD60085D172B198752D14A14A512209DCCED656334F906D872F2D"
"Assets/NTSD/Sprite/Weapon/weapon6.bmp","OLD_INDEXED_IMAGE","sheet","1","Assets/NTSD/Config/chars/weapon6.dat","empty-root Menu/Inspector sprite prewarm via declared file range","false","False","5054B7F0AD3EA5EA0CD8201601E6ECF363A9FAE379A2C5D0E046B783C5F86AC1"
"Assets/NTSD/Sprite/Weapon/weapon8.bmp","OLD_INDEXED_IMAGE","sheet","1","Assets/NTSD/Config/FrameConfig/weapon8.dat","empty-root Menu/Inspector sprite prewarm via declared file range","false","False","05427D5A5E53C8B78ED21946B530D8E413D0DC31C95CE3AE5EC550058B3802B1"
"Assets/NTSD/Sprite/Weapon/weapon9.bmp","OLD_INDEXED_IMAGE","sheet","1","Assets/NTSD/Config/chars/weapon9.dat","empty-root Menu/Inspector sprite prewarm via declared file range","false","False","18AC13AFE27C502E9331DB22B76E58EDC7C739CC12F9C218C1765724D1C7F16D"
