
30
2d30
2b30
31
2d31
2b31
3120
2031
3109
0931
3100
31007461696c
c2a031
6e616e
2d6e616e
696e66
2d696e66
307831702d31303735
2d307831702d31303735
3078312e30303030303030303030303031702d31303735
312e3739373639333133343836323331353765333038
312e3739373639333133343836323331353965333038
342e39343036353634353834313234363534652d333234
322e34373033323832323932303632333237652d333234
39303037313939323534373430393933
312e3030303030303030303030303030303131313032323330323436323531353635343034323336333136363830393038323033313235
312e3030303030303030303030303030303131313032323330323436323531353635343034323336333136363830393038323033313236
31652d393939393939
2d31652d393939393939
3165393939393939
3078
30782e38
2d3078312e357033
2d30783070393939393939
3165
317033
312c35
2d30783130702d343238
2e3865313639
30783134386134353935663835333137666137613431303339393036613964306166663634373036333239393131702d373231
2d393235302e652d333236
307832366632633933336634636566396138303931323863303764363435363265663665366233627031323332
38323132333431393933343237382e343430393631353137313135323933343265343834
2d30786636363430316232313563376664633136613930356166646666643437316331383370353136
333837303937303738313333383235373936323934393033333139323731313838303639363435323432373336343334333533333338302e343739313137652d333531
30783164396470383630
2d392e313936373737363435323632373932313938383733343338373137343537313031393732353138373235346531313433
307835333939326535383135663664393736633231346331616263613933393666313435323934702d383437
3737313639303433313438363531353438383735303934333339323931323432313338343637373934372e353537323335343931333234373238373134383632393036383534652d323230
2d30783131353939633638353364702d333034
35393531363939302e37343938353736353135393035363837343035383235323139333131333037313631383538383834333436323231346531313438
3078326532633438387031303033
2d2e393932343530353638652d393535
3078656137323537396662353035313763702d373632
33353031323934323033333330323631333334313533383731343934333237373537353934393136363730383230373134322e303637343130303132383332652d31313037
2d30783633323534663036626463356134347031343139
32373735373434363537393039353537393432363230333738373632363635313438373637303030393733383639383034363932303935373038363238303934373237332e383239652d343135
307831663562636234313432313561653835386470353539
2d3038353534323531303535333631363132363533313937383834393532383637303337383735313938343030323033373638343835393835373135383236353638363236342e33346531313331
30783333373538663530393532663161323936653966666435363132702d31333434
38393839363435303536373834313739393530383131393137393734392e39333131393930383133393732323634343939363334383039363037353936363432343638353933383638393233313437303238323665363235
2d307838702d31343039
312e31303465343239
307835306533303239383061653031656631702d393131
2d36333433353633372e3839363135343932313437363631343736343134353731353334393034313737652d343837
30786639343064653366643830306163646132643238386331613237383938646165613631363765667031343136
3931323237393931363439373930353739363934383837393238383333343235383936363633353931313433333530343131383838323930313833313539323537352e37353539653736
2d3078636136702d343739
37323434373633393738333036313938323136303038373337343330362e30343234393936353731363737303132333039373630343230323830303234353139383037303133393034323934333039373732323965373038
30783462663164616132333036326564666464323462323166323464313770363537
2d39333033323435383937312e38343533652d363939
307832376465702d3639
393639383637303833303438313437373939343939303533333938313134333432383034393531343837333139312e313765383630
2d30786465353664383762333966393935353633702d353837
33333635343133342e38343639383931303330353134373537333836393737373137313438313532343439323830333365383630
307832373262313337396539376633653163613833373835373866646361666134633863306134316538702d31323839
2d38313936323932383034342e3539373934353138313931343835363934343438323535333730373539313634373837353132323734333732353435303139383031373033313535323332373831652d363236
30783536346231636162657031313231
32363036323236343138313139383235302e37333432333336323537323033373330333138373835323530373833373833652d353938
2d307836336162343262313465313830316666346239393262353663702d31313938
3233333738323038363837332e3138343032373036652d383934
30786233366461373062393161366539313462333264393661667031313731
2d35373034393936303430333635313930323834353636333938333430313831303531323131323537382e34313230353636353935333331343337363137313035383038393133363237383537323135303438393631363065343934
3078313031306438616130643633326264366634643764663765702d31333336
3731383835363332383835303930343534383732373938383033373637353930383033393031312e3934393835383133393933353439373835393031343932363131373637313939393734393632373633363635383565383636
2d3078356530373261653035306130333530383962666531396635303630653236633232657031313334
313739373037373933313438342e3339393238383039323536333032313230373131353239383430323430363037343335303036323133353036393430652d31313233
307833613664613161373236643562356234623638643337643032633265383837663663702d31323036
2d37383433333233313631343430383832343332342e3830343430363939303931652d393230
30783438346363396539393730356230653861376265613639323630333862343734337031313435
3835383336352e39383339323835323532363238313530323839343365373831
2d3078343833343162363530623762626439313466656430353539303737343336326332636637703933
3631373138393831323139363433342e37363930303339383965363339
30783336373539663138353164336465393138373835343566303332663132666235376661702d31343031
2d2e3265363831
3078333161613562383633663531333862306163702d333933
3738343739393731333733303934343533303033313036363839313831333938353238393935343436363435302e3436343165383032
2d307866643864353239636630366538653561702d31313936
363533373036343039313232373838323835313333353133363032313733333031343030313632313537383230353635353935323738392e3637383937343036363636393530652d333136
3078396262396539623333623035396331383537386333326466393364343132373038333230313033363865627031343032
2d39303636303438353236373634383634353233363939363837333833373636332e363731333231383037323639323339373539383134303434383431343730383332303537313234323339343038353836303332383834652d373735
3078313135623533616230636437326330373533336632663166633164646370343538
333333383634372e393833363033353837333235383433353130313535323330393037383531652d373131
2d30786466346331656134323132376162313436373538383431702d3332
3531363238333934313434383337302e343936383139333931363165323130
30783763363736353562326164383434333535353939663433386563373534323133366634376566633933386536702d31303637
2d383234373439313236393339333337383933393536323535312e323834393834383631343131383132373535333439393133313538353532383433333631353030343139383634652d363332
307863613935613131336465643239366665366135363062636561373433616261373539383866303838313531656670363930
34342e3236652d333233
2d30783765643934376166363666646434646632333435613137363362643331702d363839
36323335333533363838313239353130363738382e383632323438393536343830333232313532383832313235333137652d333931
307832636432333666702d31333132
2d303937372e652d323133
30783132303262376564353234313438323770393331
3236302e353830343234652d333637
2d30783333376362666631326366702d343433
313837333933313736303330313938353430373230333539303833323035333038343232372e38353230343239333034393737303739333238373237353634393133303730323332383132393165393039
3078393038336134663934396564702d3230
2d2e3235313533393334343765383234
30786435663231613631702d31333832
38373137392e3538323031383230393465343936
2d3078663261373165323063316661633139616463303535626639702d353331
35382e32353632383330303831303834303535393638652d373138
30786530376463633063363962393532633833633438336133663136353534647031303330
2d3639313130373833393438353633303738313437383130363337383134303134393531303834363033363132383335363337313732323336383636383135333738313936353637303237343937343632383438312e393930343433652d363831
30783165353833363133353336613038346334633738396464646532656130383235363730366166316130336365702d31343735
3832343333313531383436343433333532343138383531393530333835332e3134383837313235353665323935
2d30783230613063393163373862393062356666623865353533373333643938657031313130
303030313036303336343834312e33373237333333313638323138363136343238333435393630333435393436323665333632
3078353631393539643435373263333235393832353137373463366534666637656166637031313930
2d3038333538353932313933323234363532323831333739343234383830313436303039393132303231393533363835343638303835363333373730323134322e3336652d393938
307832323166383066633266383464313831613065356465702d333538
33343532373730393334313733352e383330353531333833313835313335383537343133323236343930373134353837393233393939383138333234652d31303331
2d3078363535363232316364303936333864643737303865313666336230376131702d333539
36303835312e36303133333030353231363739353838333836363035393139383131363830652d343632
3078373236373433386362303538313434343961323336656566613766626133663932653663303864346162702d31313735
2d323530303838373730363637382e31652d333438
30783834702d383930
313832303635373137363435393037343433323833362e3130303934333938393639363331343734373436323039393930333830652d353438
2d30783365326332313161386462383931613534313236376235366434333963366436623070313439
302e38343339383839363030383132652d353136
3078656232663734646230637031313835
2d363335383231313838323336302e333736343336383036393836373530313233333232303637383630653138
30783135303237702d333137
322e3635303237373030652d383737
2d30786632396639653030643935613336323238643633366461383937343037366235656433347031343738
3633333031393835333835303739383231313935333536393135373439343336363939373635353936313137383437353131383335383839343735323135392e32373734323039393531303332343330353435323665373431
307831613361306634353365613133613838626270393135
2d383131373030373635353737323034383237333637373932303832333332343633383337313733333233323238343433303135383634383532393733302e363438393138333765313435
30783363353839353535626363363831643666617031343439
303235323037303530353033343435323038393930393732382e35303938343734323235313632652d383632
2d3078356633636662396432326530323735346631353338303033336365376430616463356437306270393930
333937323130343034333538393738383533323936382e3731323265393937
3078333133636533393061306561613731303163347031343733
2d353437353632362e653233
3078636238336136646562363738326531643461633435383166663470343436
3237363937393832343633363334393038322e3165313733
2d3078616330633365663164383937636564343039646138323138636430383464306561383630306566702d363836
31373332313939313033373933333530313837373533363531383636323132392e393531363134303535373239313631373933353936353231373538313834393236373838373732383265353330
3078666637336336373963323761386531666334303561306261363035393934613066396163636538702d343139
2d3434322e3930353465333332
3078333633313466336336653263336535396161633761346230663431653030323765396435353835633536702d373733
373631313831353933313838313036383335393733393034323038373736333833383131383636353335333631352e33373234333635333639313430333933373731383231303634323733303730313731303537652d353535
2d30783538313033613362393435313970313830
32363039303639353030353831393833393632323835352e303635303238353737333138333039333534343934393030313065323834
30783165346663376365623731323262313534326439376266333536343535343530653365613470373139
2d31313739343436382e3237313239393234333931303637363032323332333336373138652d313735
30783431396133653138343832303134636139363135636535373363702d373638
3234343931323138373631343334353831373337323738353330353139353536303135373936353830393231383930343933333239373233373030373930363733323037313837363730303339343339382e353134652d333737
2d307837363539616563633165323462613631393231306331643866303731626438646137663334616637386138317031303039
3932352e39313436333531363965373639
307835663064643133636363653634666634323230363036323064617031323735
2d3635303136373232383335322e36343736373439393765323730
30783164633039663732653166386566353534393363623764376265613964343464666433363430393237336134702d31303130
393037323331333437353333353431303638333139313939383038362e39652d313236
2d307866623239633265323331653230336336343235353737386166626270363439
3932303535323135363939383433343731363834372e363131652d3231
30783730327031303536
2d393535373031313738333038363433383232393236393733393237352e3932363935373932393532363430363739333934383335363232303330383830313236313732373237333535393939313637393631652d353437
3078373165623465702d393336
312e393935383037373536333533303133393035353534343439343930383332333437383736383935383736333130652d31313239
2d30783931623563653762323362303332703730
3639372e34393432373936303539652d323138
30783136386464306137316536702d333231
2d30303233373639363037313230303238343634343035363331373932383431382e3235323139333632343936303232353833373935313434373034343535323938323133343330393636333565333131
30783135313464396261326630393465633438613732626230646337313630303536323937613961633733363436702d31303633
313037303534393931323431393032313537353134313730333737363536383638313732323735373239333933353732393331363732313039352e303339323437383136652d323832
2d307863663964393131346332353733663535383636323930363865396364616138616531623163626366702d333439
3935373539353535373036373639333731353634373639333234393636313235353839313134353030322e393335353037303735323638303165343539
3078333337313837663437323036383136386135313965376639702d333139
2d373737353938323237393139333839383839353133372e38383436363733363732373834313539333235303039373837333632343733303638353237333334353633343535353932313835333435363438383735323539333065383536
3078313364616239666133313137333962656161386330666166363439343664303770353831
3330373536373431333738323731393437313932373331322e3333373539353735313635373439383036333835393235323330353036363430303632652d353838
2d3078323770353134
393936353631382e323434303833393231313138333832373865353230
30783134343635663636663565613963666438623765613838702d393430
2d33362e363534383931383538303831383231343734373938353237313730363935313739393038652d393833
307862343863343835633734343964343165333335627031343434
383630333234323439313734383833313736383938353234323732332e35393134383137343835393539393238343437313130393431333337323139313939323831353530323030393835303430373337383335313434313931652d3432
2d30783336333662306437356662343939393466316138376636633166613564376439333270333839
3337333039343330363932313336323035393530343638303034363035303536353735313832343437313530393333323439333736343231343235323535393238353037353636363231303135322e32313330323535303965393834
3078326439633265357031303631
2d3133393231353536353830322e31383538373039393733333537373833333035383631363330353236363535333035373839373633343137383732393436313735373734393639333034383534363538393238333733373965363033
307832336464702d31323131
303734313431353337333334353032353039373735313431383939393931373538313536323033333330373135362e3331363931353335383638323439373332383938363630393436323934393938373036363365393937
2d307837306266702d3238
3138373833393835343530303032343738393131363535373336353239333333353737353831393735353537313739363435383932353436312e37303934363035393838343633323237396531303632
30786436383665343362636531643664653266353464383332613162363830313464333264393030383566396170343038
2d313531383232372e353835393930393537303638393530353236333239303938303331333833393931393233313432323631333265313536
3078336336383733363633306362396563353630316337383566616532393434643334386431356562636462667031333434
323539343736333737373334353434352e3834303138353631303165313637
2d307831703535
323839343932303133363838373830333238333736373139343038302e30333339313330353434313537353836393232323132353637393833333634652d353035
3078646562346239353166376566336535663965623431363770343037
2d3139382e3733653334
3078316237666233353961373266366435353237636132613662636462643365393337346536363330613531393470353537
323630343831333737363236303930363839383139373139343137343136373736303137373436343137383837333032333432343130333033322e3134393734393131343530313034313133333531323337333639343339652d353239
2d3078643131656465653763383231666634656232643533636535333731393437316235336666623663317031343535
30363039353631393539323836303734353035353231363833343030383933322e3632652d373732
30783170363038
2d3031353430362e3938652d31313433
3078393239643135393063313632326435303066627031323038
343632353539333338313833322e34363130373533313933393436353136373833383039333836343631373733303232343431313130373337363331323539313034343535343139333536313539313738652d373435
2d307831306561363031326234346163393434383534643963336334702d31333738
3339342e652d323034
3078336165646366346538702d31313134
2d303330383030313436303137333531353235373932303234322e35323638303037333232323539343633353535363339353338303337303632363935353433323630313837363865373030
307836323162653632646264663539333166323765376564646332626170393534
2e35652d343634
2d307838303766613539303539313566343464702d333933
3933303730363130353532352e353730323639363735303132303738313733313230393736363132313531373233393634353939313632363535363134303631343436373035323534323233333531652d353330
3078316334373166613637633539343139623936626561633962613734643465643736333331303665383334702d313830
2d313632373636393037362e35393537323836652d393535
3078343062613764333736336463646562663465666465323636333330353135666366393331636666393432646470363635
3539363532352e383433373834363865323637
2d3078363631356164373936326531613638663638336137363170383936
30363336332e383739393335652d31303231
3078316536316437702d313931
2d313533373439353936383636373331333839353137342e33343065383532
30783734326363336262333135702d31323033
3138393037323939352e36303030323532393234313837393832303936353930303737333130383335323135333539343431393330373333363730333030383931373935393335373133303230343731343534323735652d323535
2d30783865333130353364666233356564663238702d313034
313537363739373230323331333532333237382e323165353637
3078346433636435346431623536376431323461663731383334636433336231373234656570363030
2d39393732363835343039393439383337323334343631383332393636333832313039342e353330313439303736313631333631343231313730313838343065383034
30783639666338356432366566346435313837643630326234376462702d31303939
303132313432352e353736652d333437
2d3078326261626461623032643366626663626331303732313465316536376533646630393030623662353670363339
373536323239383133343232323836353332373136323436393731363339383432303433383331383438313235373832312e3733652d31303434
307837353335663834623734316233336662666232646431613161356563346537663335643966303070333937
2d3536343731323139333032393836393930352e3037652d313536
30783730363436353634663532373536666365303238376336346531663139373870343833
3039343439353936323137323036303733383633392e3833652d393630
2d307866626639343966323834366166633235702d3134
3439393438382e383065393636
30786639653565306537653030702d393637
2d3539333331363636303831303330323639313032353037383232373534313332323137353035343034303732303332373733383331362e65353236
30783764643339626637343835323038346538313034333270353739
303730323930393431343231353338303139313439303036323931313731313531363232333037302e3535333530313931303035303231333136363338313537333936343834363337353131303830303033383835323238652d373036
2d30783662633566373932343466656237333530643066303361702d31343735
302e30353230303234373337383065313030
30783932323766626561313730363963303230663665363436363562353430663563702d31313439
2d3432353130323139393432363633363432313433393232393136363137353237343638383439383737323436363937393438373437363938343139302e323834393833652d393633
3078333233316461356437633231702d333033
383331303934323232343734382e39343537393236313530393231323036353930323631363431393032303330333730313630333139363033303134323632313734333465323235
2d307835643265353064343638387031343236
37373537393433343331313031393332333232383136363235353938313639303731363737383932393838333439373335363234343331343630353830323531332e363331343934393236333031652d373936
3078643839643265646337663230613534383832663237383834397031323635
2d31333537393833373636333134323832313932323833373034363239393335303438343731303631372e34333537343139313138303538313639303639343639313934343433373938353533383933333937303130363438356531303731
30783137313361633665386539663435333438653970343331
3134383431313033352e34343433323730383539353135373439343634303635353936393935323935323733373633333138313137353336363933333836313036323539393530373738393838333731652d31303738
2d30783166663239646630363732393239633638636639383038702d363738
2e356531313031
307835316563623039636264303633616664376336323463336137343137333934636138306564643834702d363133
2d3237313738323139392e3365323334
30783138666533333836636131636235313162346366356639343033323639647031343731
31363032322e31333630303236323234353035333338393631333531383532313030393433393837393030363939383935363634393035373635393731333530393335373035373431383339313536363131343139353834652d3838
2d30783766346366326538343936353139353136393463363762646333373337383062306335386465702d313831
313031373938303133393630343339373638353830373831363633362e33363734373334303336652d31313032
3078363232643531303132393061636539313866336437702d363433
2d323438313637313231373230303138353834363537313734373330353839382e3335303835353134313733343033383231303830313436353535363437353736393034373534313230652d31313036
307836616537343534646430613338636362343833653366666130646138703339
3039313633382e3834383130363332323837363530353432652d363738
2d3078313761303133666437656431386434646238343231646463653665337031303937
393936333833333336343933353337313334383537333339393834383339383530383630353330343335343539303934323633373133373439303434392e37383834323737353339363333363165343235
307836393064643434643833376663316434316134613232333535613732353566636463363635636439623663702d333231
2d32383836363935323631302e3733393238363434363239343233393135343533652d31303336
3078313330376364623633366439363164396433703831
373334393236373330303534373735383231373939313437323932312e383233333534323239393531313237383930652d383739
2d3078313334643865626161643038346570383235
34333232313233373635333337383730353034363032323832343833362e36313038353439313735383836333730363431303534313231323238343836323033383831303833393639303630353235363365383631
30783864393561626537356165636662646535626366666363363863646263633970383634
2d2e333337333738343835343230652d393831
3078376433643464356566337031323435
3130323131373538363832362e3130303239353930383033323734652d343038
2d30783436636439643131393565633470353238
352e353033652d31303632
307836653731363666386263702d31333536
2d323339373831343833363632323935313633353135313036343436313536353933303334393832323239303832332e37333538373230303337652d363539
30783338333539393530633837383930316633336164313232702d3337
2e3965333634
2d3078383770363336
38303932343239323838383939343838322e323535303337343539363431353334313934652d383831
30783134643432376230303062346337623837363763313970343634
2d343031303836373931303833373834303231353230353031343430313930303637353839313530373234303531333431373037303934333738363137383930343037373339363839322e313165333733
30783239643036353439623362633338343734623232663063356133623264363335393730626635383131702d353235
39343636373835393933303331383436333838323136323732313333362e38343433333935313432363636393431652d363536
2d307831396233326133393961702d31333238
3633383531313934393439373535383539333437373532363235303532333432363531313130382e303539323237343931373636333235373131333235363735303536303131353139333333353736323637303865313132
307831303035323135636433396464613435366632316565353839376130623835336134303338702d31343730
2d363431343036343535363038393533393539303837323233383739313333342e39343732343034343536652d363133
307834636336323733613764653064333131633061663166626436363866626438623966613938316664702d31313333
393332353037363632303232353138393234303337383132363537373532343139393032363636363434373636393335393936393036363939343534313234303836393737392e303234353438393335373136313731393530376531303632
2d307833376130376133333738396235626261383530323362633270313439
393236393433313835373939313235332e39323936393831363732333030373231323235353330303634346531303433
3078373331373136396530633062306670323535
2d3932373634323030393035393037353936393234383031323534303238363132343038383134313038303739353137343734323031313639373031332e33353830343435303831363936333839303735313036652d31303033
30786563623163363964653639396633393761623338702d333538
35302e333631652d313932
2d3078376463633232376564393239363736323632626363616433393833393936643566386333306670353833
2e3739303534343132383634363034373531363230333833353034383037363432363237333037373136383132343738373339303031383537323238323831353430363331313832323632652d313231
3078376231643766343462663463396431313361303933663231393066666430343134346161663831353238653270323830
2d3930333432333339363738343636333938352e31303030383034353736652d3930
3078396461666363316161303866376338613170353832
352e3738363034303833652d383533
2d3078323735366432316534376231653031343562663866663339646639393331626637386131317031343030
37393337362e32323235333431323536343934343539393731313733343239303032363439333436333531652d323131
3078353937643135653464323831653639356539653333333866646233616363643762333365653330376137702d313536
2d333433383736303030373233333034392e393537353065313139
30783135636363393232393563363361643633306538306365317031313436
393233363731353437392e383435383736303533333632313330373233373365323335
2d30783964617031333932
31383637363430353639313032383430333933333139363532363736383338333136363534333632313733383638393436363630393337312e3437343331353432303233313633323035323037383333373732333136303638393565393230
307861613461663266613766366133333335313031346464343166313636702d31323630
2d38383338333039393934393639313338333734313933333235303835333437342e34363230373936303236323838313239353838333430373539363530363438363836313530323230353932333165393134
307831306161393935702d373239
39343834392e313337353930333533652d393039
2d3078663230626233663466313965376339323262366436333161333234366661333365623938646438626364702d3631
343234303936303639333039303933393237353334383335392e3231383339343438363433373534373434353731393630323638323639363937343539383136333535393665363230
307865623031383531316564353066383231636238643436373662393270393430
2d3034323237343838313039353039323235373333343538333735313631373536362e34363936383832373237303134383734393232363432313339323330303131652d373939
3078316232376463383170333033
3838353439393534363631353638333330362e3436313831393233393239652d343735
2d3078626438633939396663623132633061656535613230333865313365626670383532
31312e36303235363137373438383337373836323238363937393130363930373134383937376531303931
307861373538643961333039343266363164343532346331613532373835703835
2d393333363630312e32343631333635393739373233343831333732333934333339373830373134353231383438313335652d353135
30783130303730653764313765666334316139702d323136
3832362e33373837363635343139323535303038393136313836313436333537343234313237303838343635363139313036323431343532373135652d363536
2d3078323239386330306239333770313832
322e32323036343733363438393437353538363631343434383939323433333036313537343637373233333939353437373434303237313237313331363630363536303030303637373230343736373833393665383932
30783337333966666561376632326562633330646163353366307031313436
2d3437303637313330332e30652d313738
30783166613161333236653366616635317031343932
3133312e393135393739323539333837333937353737393831393434353534333033363132303930313432383032363133343533376530
2d3078313762663939626534323862343462702d31333734
333136373437323833353139372e393832363136363932383939333830313638313730303833303936313833373131303331313536343736333039373565373538
30783630616470343836
2d33303036303138323237342e3033373965373435
30783133346362373033353165623665643665623666373863393637366335613630393735643564343631702d343334
3837303430342e39383136363033383738333836393237303737652d343237
2d307865306461363770323039
313036333237393136363433333236393130353730393934353730393836312e38383230303635353437383633393330393230303430373634333337373230363438303135393339363638353965353936
3078313036393162702d383434
2d35373436373138323232302e35343439323537333432303030303539353137363735393036313634363535313139363534383833333132333934363831383933333065363130
3078333635303534623636346333653131363236386266613936666131702d373232
30343534373037303938353130352e3133303834393165313633
2d307831353063363336663335393733623961336264366470323435
37353835372e31652d353033
30783332613035306164313335353639386566333533383232376630363031323865643966337031353030
2d352e31363935323535363436353131323434363430373065333133
307833323164303064313164653334633935356265613739623039316637393666643961343970333734
3937383636303438302e37323630363230353530363534373365313834
2d30783362643633626564353438343766343233702d393239
37363939373934383335383938302e323938313939373437333538333739353237353731393230333930373335363739383932343434363038373139303032303231303037303936303132363533323539652d343636
307831316637323130373733663430393231702d323334
2d34333337363131353230352e303732303030652d3236
307832373162376461343437383261702d31333530
37323938313331363938363232343436333939303934323835342e31333638303265373036
2d30783437373332333534386638333138346266376434356131702d333935
333637372e3731353634303132393831323333323439652d393438
307832363631383163336264376363353430367031313731
2d35313735363038383237343732373639303530353436333330343632343836383834333532383836383330303238373433303432323233383736343938383534333233312e32363933343736393738353532652d3231
3078363765626437313231326470323235
383638352e3539383836383737333535653832
2d30786465653930623235623462306562633765616533702d353435
353234383833392e3730303065333535
307861396364313161396165633161303070323339
2d323237373632353336373437373339363030343736333533353534333039372e3233353136313437303935373732393933303538303036343934353938652d323732
3078373564343663653835393930643363376566633435646161313733646265653438663334343970343431
36303137313032363037323937383233343330333736363934363037383334303539363735303233383234393637393432313036313836383235303331353837303532363334363936303236313930382e3435353132303535306531303936
2d3078623965393734333139316532346164343966353166333634663337666338633563323430363570353330
36363439313736373531383331313937343233353533393931303034383630333338303533363636333232393735352e3031343236323133373834313132373534363938303133373637393965353330
3078313735626164616230656161663034343430623866336270363434
2d353430392e373238303937333632393936343334323033343538393435383330333339353333353836373039383232313038363131373165323633
307831616266616536363262386238323065363533623033626535306232397031303432
32313437373434383330303031383333383839343132343038373633333338323739373239313137303736363232393734313933392e333239383238333265393730
2d3078323339303962626264373632303166346338702d333632
36342e363636383637323630333736373130393337383532363633393332353331373833363831353139303565353830
3078323931306334633736353830323565393670393333
2d34373339303932323435373934332e3533343136333731652d393238
30783335316135623437643530656664633739326261303536353833656565363066303370333937
3137363530352e36343230303738323539313339333437323838333032373134353733313336303936373038373735303837363334393065373736
2d3078653637383634303636373837636131336138373539313132646439616170363233
37333839333630393230363631323434323135303833303734343434383232323039313634372e313538313832306531303930
3078316632633163393162643962663330663465383433353731343770333632
2d30303637353436323439393737392e3839333633363231303530323433313832363035652d31303630
307834666564623765333832373039386261663161396363376670333635
3034353935373530323537343539373933353838353333383233343534332e323631373734363430323738323039393931343838343034383234652d393132
2d3078636565646532616337396334336266303862316165326135646461323164366639376232643966363664347031303938
35332e383538313134373535323230373935323832652d393538
3078313361376238316662613565666166702d383631
2d353438323031323136353431373134323031303231353835313136363735323233333736343938373839353039342e373339393837303338323232383133343533652d353933
3078366630323661326461383432626131303666633363646265313834366562613935653030363936396270333339
2e39393339363932303837363337303065393434
2d3078633637316531393532393437366464376135623930303170363738
3234363931363035393539353536343833333934322e3439313333343036363338323639343137343736313731393237303439383539393638353334313736393039363438313065343937
30783133363263386637366561347031313638
2d3535323035343433303838383534323637343139323734323837333033363032363639393735313539383535393834342e323535343038363539303431353134383539653633
30783366356333396164336562326666366570313634
31313133363830303537393832333930303039353134373234373233313631383939383133323932343334342e30323539343033343232363234323434383130343935383134393834652d353439
2d3078326434333433663738376639376663303437386264373066306530702d323334
34383031393937353234383936373233313432343730333633363731342e333831323639323330343735353535333036652d353637
3078313964663570333434
2d3332343233363537343831373638363833323239303831373838382e3834393530393034303732313031323635303833393631393936383636363437333733393333373636652d3739
30783732626162663933333563653431383970363731
373930313638362e303838363734333338383733383836653139
2d3078333139323862383537373234313835356230373265663436343566643631343335633063366339353539653370353532
31373139322e383638373136383331393036343537303334323638323130353639363433393731353930333933652d333731
307839366362316630702d31333737
2d313033373537363737333537323735303836333431333539383732393438333431333639383534343832393833313930373531332e3137343034373633393937313831323231343036303331393533333330373332383739343530652d353632
3078393331363363336463653435346631623331313631376533702d383237
31303631363533362e33652d31303733
2d307835643436626164323331702d333631
373233313332343636363130383239303137363639373438393534353736363131343032333334353430303636383332392e32313336363839343736343830353733333035303338383634313133652d3532
307832702d31313831
2d3639363332323636323038313238393538353336373030393435383039303339393939373731313836313434323032393330333234353432363832382e34333938373638393032363437383438652d383632
3078363464653034373266383062393139333237323333366236313337333833666562396236646332702d343631
3135333737323637303334313334393930373633313438393539363239383636353636323233313237323139363534383132323433342e3239353165343839
2d3078333334613035373735613465702d31323033
31343331373237323532353132363331343631373630373836373334333434372e31383138343836353033333839363438303430373738303439323134343232383139343530393933313935373135333133343432363532652d3733
30783730646134656632653334346637633762323434333032313237343766323164356632626434646565657031323935
2d383931313236382e3631393232652d3631
30783264323264366262613431346530702d31313238
3833392e3332383439652d31303439
2d307833646234306637702d323931
362e33393633652d393634
3078356533633438346462393763623130663730613737623866303831333936363370313331
2d3933393631323138303237332e3330333938313531343434333965353235
3078376661386464373634343539363430323863636538376437333231633766633338303833702d31303735
393133343338353734393136343739393739363334343431343135363836322e303138393033323330373431363631343332333132343831373530313134373136393933383632323230383537323138373865323436
2d30783136653764363665336435656662336562343762373262353637353638653737313239633262303137363163702d343338
3839363337313530383637303933393834313835343436362e35393438343665393936
307863663261616470363033
2d373838333431373832323237333232363530303638303339392e343035353036393631363135313230323438393132313335393330383838393334303631303932323035373933366531303230
307831316663393438643364393032636237613132633270373037
313334313635353638323030313735353838382e30383030333634313039383630373637363431343637323837333432353230343733303633353330303338363734313265333339
2d307831313839373630306136323330633037626635702d333233
3835333231353537373034373537313331333239333130383631363536312e343434383630333339303237323230373133652d393831
3078373532363334666230383834326166663465616666626638366633383165333839643332633837313032702d323732
2d32353332353631303831313231323333323930353330343731353138393233313630373037363331373931333631373734313239313335393135383731313836362e373933353534393365353836
307835616164316431303338316432363964653962702d353135
3934373432313630343830302e38393865343739
2d3078373466313032626164356633702d313838
383030303735323932373434323036353539342e363165373332
30783262333361316139636538343462373461366138633430633664323762307031313231
2d37343631393531353030393439383538313335333734313233323835393432343238322e3437343533393631363235343633343037363138373430393537383538343636363439343965343631
30783232633665313764663865373864316666316670383130
363239363439392e35652d31313334
2d307839666465373335333138383032333834393737613036323061702d31333437
363337323035353937363033363737383834303036353131323839393033383433363430353830372e3633313133393132323737363131393836353133393536373039313432353535323933333637303930373235333038303965393833
30783335346433626461373134613239616134613170393331
2d36383931323438343139313539353234383937303633373939363431383633332e39652d343030
30783333366235377031323530
3934373039332e34343637303465343038
2d3078326431333132702d363033
35383037393630393433343331343235353538373836353932333633333835353639393835333130372e3237652d343636
30783165313965323631646533323561323465623666373961663133633234702d353133
2d373538312e3638303232363136323732383934373735393433343433333134353434303730363735333537323233353536353630313436353033652d353933
3078333834643866326333653431356538363034306630316233702d383831
323438343835303336363434373133303439303336303034313334333735323438323636323238343737333730313335333037342e32333737323033363133313638353038373835652d343231
2d30783339643364633536393838303565326663702d3538
34373631373238382e38373631313233353539333435313139363531373430393533343136333334333836333731393933393038353038373032323537323832323430313731393631343132373636652d31303233
3078313237636563653462666564393536633663643365316237646538633270373733
2d3733353434363534363430333930303035382e35393938373539313335393534303939393337333135393539333633303539393734343135363835313933313333353737303939323539353737363834333032353732373233652d323236
3078343537373039623962393431393835303039333037643065666570393739
3835313439393532393636353836333537353031313239313235342e323238313937343131343334363535353039363133383432383830393933353630343433383937353137343230326531303233
2d30783361633266333566363336626534623765373331643237366531313570373335
38352e32323165393339
307831633731636631313264346630316432363630633370313638
2d3032333734313032303333373436323337373938343136383731353132393138393230303232333131373130363738353032302e3933363831393332373832313730393233652d373738
307862653634702d313530
393339313330373737393030313131312e3934313837323936373332393335393434313633313231383637303830353833343330383539373165333130
2d30783763702d373131
343934373532373033333333333834383336393935353430303732363833333232373934373531353837383934393039313831383337392e37313532303535652d333431
307832613539323032323030663232626233393166393336627031343130
2d393737323531363934373130353936313633353938363637333431373238333138353733313832323733372e3332343936343232363035323936383434323736383534343035303833313933363537383733652d353832
307862366562363763303462343830337031343235
3939383535363832393033363936383236343334303631323939303138333638373431333637383832303936333431363339303234393234383738373438323033372e36343765313437
2d307836386665613831383731333434616234353532353639336332383238337031313632
383231353533373235393532343036373833303633303438353638353335393635393434323733333231313935302e37333165313838
30783138663731633437386136313763636136333039626264666636346264393931303361363336306336703231
2d3139313530303738353931373937303936363832343332323331383039373139313836303830353937323233362e36652d393236
3078613439343630386463383836333470363039
30303433313439353033383431323539313030323438323438393738353532353939333439313030353731373633313131302e34313731393731323432303535363339383536393732653438
2d3078376637323230663562656237333138613465616362323739616563323835616263656164323633353834373970323232
36303935353239383134353338362e383538373465353730
307836666230636531366661303961623664323730623638393031306465316470323432
2d35373633323431303936343338333034323130343135353230383833313137303935392e323733323832363736343737652d333934
307837393734646131373737626235623938363866643163333837666332346261653739626461343430663231356470383938
36323532343237353431332e3835313430363433383630313335343737323737343431363936323231393735313535353738313836652d31303738
2d307862636136653363643231393438363861346130303970363233
35363636383732363533383737303538343637353430333039353131323234333634333438333734322e3334363635313139333931333038386531303939
30783265326131613138617031303834
2d313338363930343532302e30333833363030303933323032313435313137363132383938393631303635313737652d353935
307835366137343236393236633038702d373537
32363236353539343633313037313631373339353438383132353331392e3337313438373536393139333138652d393732
2d30783136656162316530303564306563327031313430
3233372e343539383033343631323537353365393038
307832663064363131356635313037373535333131356563633031363234323561353036616262316438646570313131
2d36383234333538373132383238383139363732333835353235363636383038383338383236383031362e33323434343931383833333930353633323365343234
3078373261363161626161393564343961366133323337306466633164636537303539306164366636702d31333931
3637313136363537343730333636383030313830372e3230323831652d323138
2d307831633034663065353837643465623461376432373831313961643437333531623832703934
323334373434393639323736373731373935333332383038353932353534333930363336373031343833332e34373637652d3938
30783338666534633837346532396664396361353162303563666162347031303937
2d343034363536333838343136303439323434332e37393631323638373431383035353939313531363234373931383937333633393734343838383132303539333635353630393065383934
307836646633702d31333837
353030323434383836323431333837343537393737323736393637323239382e313131393731373533333038373738393565333632
2d30783166657031323630
3335383933393034333736303730333139383837373831303735303034323038373230303234383932373230342e333931652d393832
307834393837363562396638666534383164357031323137
2d3031323939353030373035333539343630333231353037333732343132313536373836343130353236352e373338323738383236303633333736313330303438652d373135
3078316164326233373131313239663362303837303035623362626137636562702d313231
3537373237323638333931393534302e3135333036303332333433343838393135323230383232343037343732333233333736323965393230
2d30783537313039353338702d343734
3632303935333131303636343730363534353836323630323431353139363936383730313530312e373634383037393137363133373230373937363334303731373332393831303632393033343430363835652d393032
307861313733616462702d31333437
2d303438313533312e323831323334383533383237383936343439323031393338303332373336353032373438383231383831313633393565323637
30786564702d31333534
34343435362e3430373435323332373165373933
2d307835343564323135366530333864383631396633613435616164336235396134396332313964353462663131702d313538
303337353133323239323032363934303130322e3839383039353736363335343332323737373636303965353835
307862616539303835353462623235346332666663323630633930663736303964373362643331303432623031702d353436
2d352e3832303730353530373730313336393838323465323332
3078326165383263313531346239702d31323833
343035333833313431393534383932323437343731363230363639333432323739353836323433353530323338323139303130343938353537332e353531373630343833652d383335
2d3078323935363162383536353262333431653333323931626565343734702d313130
30343232373339313033373239313534323030343334373336333439323436323936343436363139303337383332343135322e39323937383832343635353539303937343132333536353134353231303739323836343065313236
3078333061376630383736383863306365636332303563323330303134313466353662323563323036667031303137
2d3430302e323537343339343330343337303234303131333934333739343433333531373634343539343132343333363737313734373536363136306531313335
307831326436386635333665396432366430656466646462336534653163306338337031333539
2e30303535363236303239373332303531313231303538313534353735313730313436652d383833
2d3078383938313234636537633539702d373035
383830363930363731323436303332343833393136323432383035383330353036363832393934373335373337302e35323331652d333636
3078653230333765366263303137643161303330383935393132363138353038326364702d31333035
2d32323433343237343033363436353836363130373035353434393438382e3631652d31303235
3078333333633862333133343461617031313137
37333034313939353335383532323333363138323239343531313939393431333635333139323038383436343930332e363739353033393536652d323534
2d3078323037633630623436373131656138303163326264393264702d333038
3239312e33343138313439323131303537353239363436373531393365343937
307831376263303564363034353235363930343038356133623530376470343737
2d36313537322e3833393631323334363538383531333630373034343038303731363635393139343636383634393337333130313830343539333936363837652d323934
307833323135663362363936663762353966333370333730
393836363335353933353734343332303430363535323130373531313234323636313838393231333933333438343938392e31323233373033363532652d373037
2d30783339393966303236393534316163653561656235616661633264383964343061702d323632
353035333430373934313238313139383234313839303634323835313830323631333431333936373833323035363437303236363435303534363736312e3131303832373965373332
3078353538613066393834663132383932336362616263386432613637663762356337666138373230327031323238
2d323530363439353030363235363038323932313831353936383234363735322e30383735343736333137313933313834343739323335323635393336373834393130323537323730343332313931353165393734
307835636363323131663839367031323735
34333030333734363935313635343132313635333339303333383532333333363131323730313635353032363735302e3931303236363533313836363936343233653630
2d3078313932376661303663643870363135
333233332e303035373630303939373132363137652d363835
307837363364313031646630623965326136386132646537643461343766333464363034397031323137
2d31353831352e323533303331343134303230333138393738316531313237
30783437386537303134343138702d343734
363933383631393033303237303239343938343832373539323934343235343532353434343330323238373535323935383235353735323435323939343733343937323031392e363539333533326531303831
2d3078363133613634313532616261303435323635663636626230633265383464633731623033633932643138643170343038
39353432323531373532333537303038373336313032333538393030303834393936383736383634303733373233333137313739393839383737313038353738373933342e333232303439303831333437303034376531313231
3078393030333765303163353463366666316538316270373232
2d372e3565393839
307831616530383870353132
39333235363231363538303339383134323837313439363438313330372e3930393634353035393739343031383335383335303730393333333235383635333631393635333931373530383333363033303539383631353136653437
2d307834633666323363353839653832643934313066366265303266303832367031313538
37353132323437343635343635333330353137343639393031383931353033383933353138353233383138313731352e36303539393236363139343536303333652d383133
307833323337373035363530333432663233303065623870393435
2d3238342e363638393330313134333737393336333837343534303236323739303738373931323132343439393730373065333034
3078346632663666646365393636346166646265636466383430637031323737
2e3533313939343537313637373530373233652d3331
2d307836646166333836366636616137343737623334386462356463393535653139702d31343035
3435353133303832353531393939373939343431383835373736323737303139303335373435333636343734303631343234313438363035323830343937363938353139323231393833383539372e3733333439652d373839
3078323733373337656431616531373663343070393831
2d3636383637303039363438363039383530353431313033383333373133363734342e393031353536373734363232383365323230
3078316270363638
353133353034353630393833363235313237343439372e313334343530303230393037363634353536353334383339373530333839373534303834393730373131373930343536313732313538303865373231
2d3078326233646535653764396134346461643163323464396439386561702d3439
343139363736373837353732322e383031303931353934343331323531343932313930333535343230393235323139333338303339353031363430323431652d333432
3078633136383365626666373935323531383534702d333733
2d38363139333939333933313037372e3932383636343933363736313139393336313135313365383530
3078323637333336313964702d333738
383430373538353736303634393334303730333631363937373230383237343131303936343332313231363833303339383534353335353939302e3836383233343539313633393138303233333630343732652d333839
2d3078316236323037633130386566336439613137306333363131363139357031303936
3934343630343632333537323631392e3530313631383236353431363439383032343037343637373930363437373330343030353230343436383133303432353034353337353332343238383765393138
30786337343766353839623333393831373861702d323137
2d34372e32373731353039393737373534393331313937393133313434313634652d353536
3078653261316330626439663637316662616434353237702d383638
35353536313739353339393834323933333836363532323833383338382e323734353436303231323030333439323738373539303834303737383339303739353934313033383332393531363632393831313338396531313439
2d30783166336132313661373461363363306335363064702d31343035
3533373236313938393037313234333836333235393135373735303639383036353834343930313934332e33373238323837313033343437393737383835353330353930303638353665313638
3078643330643835613964663531347031323737
2d353431333536393632333536303836373931313939313033303937323731373833343334313639353331373030372e303939373935393239363135383934333530333730313431343865373233
307865383432613062653638396461353764346237703833
30333536363932393337363334363835343236343133333533343633323831343134343833313933303537343631303136373635342e65333833
2d3078313861373131383231656662346139623539383332373830376530373162303230616630373438326137623032702d31333538
313933332e353736323331393531343738303033652d393339
3078313264333931702d393337
2d37343434363131363432313030323538362e303436303234363930343230373832343832333265323535
30783731313561343964393932303464383270343033
30363337353631313137393539383035323235303434373233313538383439333232343930323238393130393238313235323737313334353236313431393235363939383931352e393135353436303330373835652d313631
2d30783131356633383039363865323161303135702d3836
3239323337323734332e38353433373732383337353333343939313631363632373234383930652d353335
3078336533383332643439323931656162323030666461643770373238
2d34383939323930393339343937323333313331312e313231363831653438
307833653632316536656163613739326338373937393837306238653134333030343234383062303535702d323238
343334333533393134323139333735313633343236383635383939323137303338343035312e3037373930313931323332383531363333363938373339323232313338393738313733363938313032393332343031373165393831
2d307861376539643136636235663234353438626535316561643938626262702d393532
383437353031333732323038343130333438343939343831343336393331303938323632333334343336373131303730393932373234323232312e3238393432343135363138343435652d393332
307862616566623464363730633166613563646132323932702d31333538
2d323532373934303930373038313535353331363136333938363537353035313331322e313935393036373635353431333136383533383765353433
3078323064623232653931643970323430
3732333436363730393631313631372e32343738373738373537333434313836313039343436333035393235303435353330652d393939
2d307831326670323835
38313733373136303737372e3165313230
30783137373034393332323166393064646534383338346266653162386266333236306635323333383836616232347031323237
2d2e34313565393233
307833643738376534303135393762323664333533363236653865396235363966393431366539633435702d343332
3133343034393930323732313835313238333837313033303735383330333236333933313230343632333538382e323234373433333330373736353332393930652d353031
2d307832373363656366633164333038643230653732666135333731336464383837663762346132702d323032
383130383536383938343330343437383138373932352e343539393439323038333132652d31303431
3078666333366239702d31313338
2d333437313335343835333336363138383836353337333338313834343633363530323733393537393333353036303639353632313838383031392e35373234303731323534373935313335313532353739313139383236343732652d313436
307833613739363134343666386639633931643370343337
36343138393838353838312e353239383430383638303137383436393133353534343536363635323739652d343935
2d3078333362326339356362383737343365633337323139303532663261353162636661376270383933
33393933393238323434393433333930333936323533373437302e36383530343033353430303833313633363531363032383230343035343137333436393934353437383334303231652d353937
3078633236653536653530702d363338
2d343234353937303733333736333133373231372e363331313934393535353830373837393339353932333735323237373434353533353433343037313835313638323935313536303938353238373133303236343937303236652d3236
3078323835313766303637616564353261363563663338363762377031313938
3733303634303130303634323535303335303238323730323536343730363530343437353739353434353734333030303835373133323534303439333433373939383135343634313339353631392e39303939393265323238
2d30783666643336326535343836386563396666702d323535
37373332393433313137303637373838333037323931303534362e3132303037363032333335373537373133373431363835303738373831333033343230313530373236323638313635363165383635
30783232346365702d31323637
2d393731393537393633323034363336382e3531343236653337
3078336232383434396337653135336663353366353938633366313238656566637031313736
2e33653934
2d30783663376536386563343839667031313637
3632343333333335393339342e383839313438343036303034363331353035393732343935333739303439393338353636373131383433313336652d373732
307835367031323835
2d31383839353239333132333832333233363733353735333837313338303530323931373733373837372e373365353232
3078346533613132346234313832336531333361346133663462323861633739303964363370353738
382e323234383230383531303835383132393034323339383337363365383037
2d30783561333661367031313137
373830323339383639323836393034363130303938373734353230333134322e38343136383133343034333037373039373732373830383231313731393435303039343137353833383930652d353033
3078386662383366356366346330626465306434702d363738
2d3439303931393230382e363037393733323830333537393731393436333733333839323134303838303732353238363365323237
30783738376564336232653863333061653939333936363038333363326170393631
36353031363434393730333030353133333237383635353935382e3836313634363333346531313238
2d30783138666463373531346638643964333836393738616236702d393339
31303937332e393034363636383037333235323131363534373430363031383931303536343235353730363937363136383838313932393133343035313939343233363136323065333338
307838353234643330653532323932653770363434
2d2e37353434373365353538
307831306361363935333064373962623532646336333934633032393038353339393362303637316233653970353736
343234393839373639383538393930303936393330303031303334382e343736313931303634313030343234363138353039303431333965313739
2d30783131626161653239633833643333313164313861633836373738363032702d373838
3730353232383032393337313433323438353636363135322e37383738363634363535383935323836373931323036343039383736333334323338333230343334373134343734363234323933652d343438
3078343332653866643763702d31343433
2d3730393634313539313030322e3238333833373533343833383331313435316531303731
307837323165313835643538663233346364303034323634386631353164396170313331
323132323131353139353834383236343736373732353939333935383332373939352e393335353235652d353930
2d30783166323463702d313132
3035353337343737333739323730353832363535323535303933343639333633353833353531322e33333638383532393736373333323134353936363734373136393732383331313637323734393036373133652d373937
30783330643036643764653065383837306466702d383030
2d38343539333231382e333837652d373331
30783333663838393431303937366161336463313830613361333430616539663537653739702d363733
3634303436343833343936393936363932382e383233343030313230323638363637373336333232393630393032652d313235
2d30786266383761303630653562313638306561623361623039636636643264346665363338303531307031323839
353531302e32313435323934343931323030343037303536343835323437373339303535333036373232393865323732
307832356632613335316364323537313738393962663738393233396133702d353533
2d373431383933313531343335313536363932323332333834363531353432333631322e3330333030343033303137323337303634323631323035652d31313130
307833343438653563313131326565376431313531613538363664643037616163343634323038647031343339
372e3638303433323533353035363230303635353339333737393138303130363465333934
2d3078383534346638613533346132383136396139386164313764346466346161666232702d31323235
3639343838363132313238393633313534393139363238333735343630323739303637342e3234333336303136343536303331373065333730
30783538626131373537393865373364626266376137396362313564313733702d383132
2d33383236343330313236343839303032323230343336353933383138372e39303331383933323633303830303236363538323436343630383630353234353230393339323130333736303831333134353536652d343231
307832643832626437396338643970323333
342e32393139343138363430363238373631393031333133383737393235393532303839383135333837313839363031313333363834333435652d393930
2d30786532383661306438646362616161663670353633
343134393437343038333136393037383037333035353831383532393639303834323434303733343637343435372e3037383839303031652d373638
307838386130653836666633376438326270313139
2d3230343036353836363837332e3832343635363033313730393765313830
3078313837623533363063666134333838623733643162343630327031323630
313438353736353234353130393836333235393138363232363532343035373139363738303739333831313639353035343239383134302e383436393732323637383536383432373930313136323837303335313234303739336531303738
2d3078313537643066363564343463303238653630336630343930303238613935386164702d343334
3034372e36363534353335313236333637652d363737
30783539623265623939353538363165343637702d31333937
2d3435393737302e3035353535343533313534353833393332652d353937
3078333336703939
303231332e343739373830333937343036373634652d363434
2d307866393170313539
3330333536303437383834383739333637373338323538373939352e31393638333433363232353231323339313736313837353339363235363332313535306531313339
307832356336363365663165633536396364316564346532702d3838
2d323932333937333031363431373837313038383639333832383735323632353537313434383830353638393532343731343938333636363431343830353032393439313732353431333033323934343337312e34363434652d323234
307830702d34
35313739343634343636333937373137343531362e32363334333634363035363130363231323465383338
2d307863346436343336333061303332383739702d393133
353636313735362e3833363938363935303436343738393733333330303937303939323630353337323731363339313035343838343234303431343038383132323138303230303635303737303734333834366531303339
307831613434357031333830
2d3632363335342e30343937393230393733303233393035383934323337353638383431373030373832333338393330333739353930343830303239303239343039363730353139313065343736
307863643765643361366239386262376236333835366339623861333330366262343336653630623739366170383330
3231343237363737353938343934393839343239343937353438363130343435332e393234363537393133363133383439363339303738343833303539393034373437373639323039373132652d373335
2d30783262316538343437356538343863663261363863702d393231
2e363931343730313037383836333637343334363235373465373432
3078337031333036
2d36383938373335312e343532373033343733373937393630323332313337343232363435303239333437333939652d343034
3078336432633930343164333932633062386362373931303837387031303639
313137363437363637333435353434343030363437342e37313439303730313032333631343830363831303235343738323732353730393431363039383837393038383434313433343239393338343039383732652d3930
2d307837316137356536383070393833
303130343734313030393031383435373932343536323435333235323739363734363333393130342e36313438363731343533373735383938303437373039353131323137303036373731353931333538653838
307831702d363939
2d333031372e33383038343934373734383931303137383531303633313730353737333037333131313432353335353336363132383131343430652d343837
3078636532623835303930383936393961356534313130376565633363613461616361313664346265702d353431
32343438333936323930313731363233333031313238353336333735363537322e383739313265313836
2d307832616531623637613564633430636234306530613265313934613634316363393464393462623536333135303570333130
3630363632343033303636363033303037393136313335313430363438373036393437322e652d3930
3078636335633062353137316632613335633765636331343337613333307031303933
2d39383835363834303539313839313336393433303830363039343836322e343337363633353837323734343236323538383031363765323732
30783134313170373438
383432333239393035333933373231313138392e35373231313936303137353036353635333035373831353833343837393839383030383739363534323737323335383938393937333134343439343930363739652d313735
2d3078313262307031343539
38303139302e3634393636336531313039
307833383165636237653132373236386336636232326539653866373566373570313535
2d393231333534323433353930323139332e3830393630323933393534373832323439363932373538383932313231313930313039383236323433323737373336363036343332353931363765393532
307831386564353137383833383835316531333237646330393839323363306363363134633832702d353633
32333636383530363439373534383933323137343637343535303138362e38343636343030383531323331373739363638652d31303034
2d307832393161366432636366353363646537363233663338356262702d31343231
382e383533333938303532373337353838303932652d383235
30783132656165613639656564656337366636333234353262653639346470383535
2d303530333437393330303835363734313937383433363632303232393339343034383637393939363831383732333836303230393037393536383935373038392e3033313831343136383631313032373639343136653433
3078313534333366393365656338646133313466383164663670363238
3833373232363630383937323234363331303530313730363431303337332e30373430343338313635363333373865373239
2d3078373937316137623166702d313236
32323032393938393331382e30333530353731333538333339313235393031333031363234393832373131363032303539383138393430373238353137303534353539383536393034652d31313036
3078313335616532363035633932653237643634663063323736626538643265323236653366323439613439702d31313036
2d3734343731332e336531303333
307831633062323163643937353833666135323236343661383762643770383638
313634353838372e343332353933323035373238373332383034313937323237343538323338353132303033363839303839373137373632353135333937343431652d393931
2d30783761623863623534343164373364313435313265313635353132386239646564353831633538346433393470333837
333635393036393339333438333236333033363934313134393439383137323838393539353432342e303138383737363738383035313830383933363533393335333836653234
3078336562396464663630303133702d31343233
2d353730363538343133323033373238393631353739373233313839393030333231353633353930343339382e34323530323336353235323339323236363838323230333530333331652d343531
307833363870353932
35343436393336353139353132332e3930323734313834303733383535303031383635363431363531343530323338383332323833373136363037353032303330652d353432
2d3078316632333233363234633233666333626470343834
323730313632322e3933353838373736393336303132652d31313136
3078616234613434306630656133333630343039386336667031313235
2d31392e3338393239333839363237383537393265383138
3078356335613232663536386265383734383232303435663932643433376232353463316466616335702d3938
332e37353934373834353933313337333734393430383730333031373339323538652d373334
2d307862373436336635363633653633656137393238333062653961633538336334616164657031343731
3233383239393234393932362e363534652d343437
30783462313335373961366635646230702d31313331
2d312e3337353165353138
30783464316538333162383266303431376664316333633261702d3738
393038322e33353936313937313232363531333532353036353533333032333335323035323630343033333730343637383935333234393636323539303936353165313938
2d30783133613963343139356132373335702d323834
3038303136373635343134353430363531393932373438363434383434393734363532313130393731303630393832343639393730353234333434353530333139393335383536363031313936302e3438373037652d31303632
3078323735373770323135
2d373636363438333833383732383838303939343535383339313932333238373830343633393232302e3035323736303430333934393631652d393031
3078363063353937376664376536316265393062613761663434366265373137393535703632
38363431313037313537323432333932342e353632323536323435393534323337303331323739313735343935393438353036383431303432393635323634303133303031393136353031333935343234313539343733343335652d373737
2d30786661333735626431653663702d31323832
35343331333030373233332e3734652d313534
3078363330363735376639653838616365343564383132323433633637653136353165616537702d31313232
2d3336393438343737383932313436383333373936343730332e3230343431652d313930
30783266646361313363356235393963326238323633366330393430616537383534616365383962383639323361307031333937
2e3039333137363034323433303439353632383535652d313434
2d3078323935373731336539313365396433323164333835393835353939373331653231363734336562376270323936
31373036373937363732373332363132383131313034393937363737303733353734363838313338363231363638333338382e652d313538
30783335346432363134363765353732666366383466363265643433323230702d31343333
2d3737313533373430343936313636323136343831393439352e30383936323831373939303733363036323332393033353430393437652d323939
30786234616166336664316663323364316136363934626664383665702d333639
343832323231383137303738383131303537303535343430393433303733393436353039373434373731363036363635323539353535393730393137342e39343734303134363530393632343538333134353130333937313365363832
2d3078366265366232636630353066373630343638633839346235313764313738396164702d31313638
373832373438313134343639333137303936363239383032363338343537353633373238383333372e3538373231383839333732313839373635323035323639652d323536
307837306530366238376661393561363833353461343030666334396130702d323235
2d3334333132303436343032363132393233363638383430333835373931333737342e363534303737303936313139652d313239
3078666532666537393161657031323539
3734343534383232383637323031373138363130323039393733373034393234383039373037303435343235383737393639383132382e313733363665333033
2d3078353938663136653965616532623162343838616536326535703431
373034323439362e3333333135363939353535373433652d323039
307864393735623830702d393730
2d383939383736333439363631313037353731362e363436333230393732303339303932343136353833652d383431
3078323634366532336335326262663162336133313363646537303736646531356630303035353670313930
38362e65343230
2d3078376464647031333037
2e393434323232303632383830323339383131303632303637373634353134363334652d383639
3078376538303234376263323564343237633737353238366136702d31323931
2d39332e313939393536303931393535363238313139373434333530336531303338
307837396139613838323162396165306262702d353236
34373538333534373034363238393630372e3635333734313665393032
2d3078336432643331616434326437633566383932373035396361397031303934
393938303732313337322e35303339353031373838323336373239383032313031333431313436333236333637313230313339333234323537383138313337652d393937
307833333270393133
2d31322e652d343130
3078636133702d333731
323131353733373132393138302e3533373865323839
2d3078396531353330383031653332383636306231373738303435646161663235393736303462702d383536
323637373832383634333035363232373739302e34363234303431313133313939353333393132373334353235383531303536333334333731383435323234383330343633652d323434
3078633763373638633270343733
2d353233353032383330303735373633313932393732383431363032373133343330303632333837393034373939373538343638323833313530322e3836393132393565363336
30783766373530623431626566613662656362373961376634656132336361703639
32343836333433373636353638363235313936303339313536312e3835303836343236323135383465383830
2d3078316539702d333639
3331343734332e3036393630353334303838313239383232313936652d333432
307834313133376138363439616570383432
2d2e32393330393730323336323937652d31303632
3078326430323264663938393934303934643730393233376435613765623265626370373436
383934373031313334323934383032383933353334303031363233323537343033373332373338373732353231333033303531313034303336333535392e3135393131323533373530303465393930
2d307831373462373132656166396163363039663539386534363963383162616430656636623234343438702d323432
33353535393035393232393837343635343931312e3832353833303139373237333435363035343939303231393031353337343237313733383832353033333833373530323932333465383738
30783135346138643462396466396239333563393231702d383237
2d393735313938303233383739323535313038352e3739333731652d31313434
30783364346636376166367031333836
343931383438372e333237393837383932383765393032
2d307864646162653633316362702d31333536
323436323931343939363538373331303532363339303033393333393332363733363136363332373839343537333032322e34333434383638323639343431343730303536323234363136383139652d353537
307838616333373065313736303763363964633233636165373234333339702d31313431
2d39313930353433313631353631383030302e35303136373538383237303839343935383433383934393337343936343230333735353438353532363337313139323637343736333332373239383738353334383837303932323133653438
307835663034346366336463702d353734
33393534323637373236393036373439343038323231372e323537383037393532343530383136652d31303335
2d307837633961346239353362633832323030633835616233323533343238702d31303931
323730312e3865393532
3078323666323065616230326163386661643565702d353939
2d39373339323538343434343037383935302e383535353539383939323831363635363731303935383837323231303739383239333938313031333634393136353332353439383430383335383631652d373134
3078383330336137636231383233613935633365336365323339623770383839
303036393030393832353434323230323438323432313839382e30323637333437343237393433323732373731393130303135363137353965383235
2d3078366335373530323333623166346461383739326462623235396136613161303332393164653365623762666270373134
3930353835303839332e3735363635363038313139393530652d363933
307862333533316261663535623932353937702d333232
2d3932333635323239313033303738333733363534393338373231313335303635342e3332303137313531313765363937
30783163333262666430643238623335346535636234356266633537326435306570373239
3032373935323732393038373339303638383430373838323633303431372e333432373937323333333536333433323430303530313833373639343538363139303634313837353436313231343933373439373332393939353165333339
2d307833383731613566343133356362646333636538333031702d393235
33312e3935353733353633373839343037303939343539333136363934323930383335393333373334333031343837363534303338313738343532343232333239333437393731353530353731353530353538652d363534
307839353533313865386234333638637031303336
2d32303037363631333837312e3233373832323636313734373536652d393033
30783466323633356563666630643335623266663062653937646166702d323631
35363931333330393036303830333036363135363830393933363934373835333833303631363737343731363139393137313338393333383434322e34323333333139323565373431
2d30783131393737323461313263633331636362616131303738353833313035383370333134
38333832343438363336332e36353236333230393631383035333336373735383132303732363439393335313636393032353235343530313937393036353931652d31303738
307865346537646361383861623538633634366163386432356365643263303637386334323635702d343939
2d38323433333935363834343232353732353737343334373435373432363834372e39383734323634333236393637353937333237393434383036303030313733353265393934
307861396230633838373639343865336661702d383539
3932353239393537372e65363133
2d3078363361623133653034702d393338
363939353933393333313233363738352e3034333337373531373633313535343833333538323739373132333333383731373136383234353339333335313535363938323536323036313965343835
3078316463313065303635656233363436393531396663383032663636616237396662646463313533376430702d3833
2d35333639303630373037312e38343233303939333235333233363436323731373830313732383835303237323138383936383836333632303738333039363234652d323330
3078663231636339306630393234702d353235
36373539333434353037333237393839383535303336323838313636393030383531323530313035393931383130353234323935363536373033393339333831393230343238332e37313437323165343332
2d3078366636702d393835
3835383638343230363539303230343036353236303735313739323931373732372e34353331363932353839313439373832383365373536
3078313338303834643935313737303765393236326130646639616334343531636538303765363961316466702d313434
2d3932342e39353534343232373939303430343933373735363535323836313837313337343030373337323932303935303131333337323033303435333332373836323133313330393631333139383765353833
30783134396339636670373833
3235313339323235392e353236313633393937373132363736353730303736343133323035353736303436323036373832373031652d383532
2d30783836626562376634643266346665336230613333396338626466386661663866666565303363377031333738
38353338382e36323934373936652d363232
3078643366306634666636702d31343636
2d2e363934343633652d373033
3078616462323038616534343931702d373731
3732363834323039363136323332383133363939373134343633333235363136383534323137313539313831383037393333313636333538373136363339343236353430333138343034313338322e33343735303034303139303765363136
2d30783962333837643231316563346133303737383436336330663064633965356166702d31313637
2e36373631373638383639333339373537343236393837313432343033383737333430353730373536353234323039393233343337373733313036323265393639
307831702d313037
2d323635343932363833343030373832303833313538393539313533303630303631313234322e3232343438383034373331383465343235
307831387031343934
3735383734332e353138323233343630333933333035303635313331373538652d383233
2d3078393064383634623065636135636137393663663436356366702d31303435
3836323433383538363532363138323133373437353036322e333834313932363238383133363732383235333337333537383631303436363631393035313538323937383530383434343932323133313939373130343533323138652d373437
30783137702d383939
2d3336393435353136373439333934313435393137323133373038343939353036393234353339363530343736383433333432352e3537303931363736393730343031313231383833303832353235343139333635393134323165363338
30783339313531663034326465316463666432323437702d323537
312e3032652d353238
2d30786566387031313536
3632373237313232363437373130343231363239333532343330383938373637352e3034373234343430333331333232652d363139
307833363062333263373965356538702d363030
2d332e6532
30783238373537653537613170333339
39393131303335383134353435383736343038353430303133333037363031303337363031353233363230303732353634363338353138393134303532363339353035302e65393338
2d3078386664333537653766383937663665383235363465313336313535702d31313135
323636323738342e3731373335363130343035363638353236363037323637313065393833
30783235373339373361633765366666643665353063373935613031363866383035386264623733317031313833
2d3538323634323935363533323637363736363039302e3731323539363336303437343333323631353537363231313530343032393930393435353439303233363131313836303734353138353735343339353136373965353337
3078316234646133333363346130393432303266653130333631333966667031303636
373437303438363335383033353635303837383735313139373239363537323936393039313533343232383938313131392e3238333637353035313530303537353531353034356531313333
2d30783164306631363266653166316333663737336365303734363632626563363865702d363937
3730363739373033323435342e34343130313737343439303631303734313738333036383831353831353339383837333131313431303439333832313434333333393231313835313131343065353538
307831303266383138343030326166343665373630366136373861613262313430643463633633657031303238
2d3338313736332e363238313237393837323138313635303233333336303934383831333939313537652d373738
30783663383264356661323531633732353535393933613564376435353135613436397031353030
32343631382e323534343937303435353531373838313138353333323335373539343737323335343736343137363732383335333134393839363631303033313933323735373337652d353132
2d30783763623439313562393932356131383432633570393336
33303032393534353830393937313831313233352e32323839313336652d31303134
30783165333264663665373435366331376233663138353535702d31303234
2d353537343239363635373139393636353138383736333131303232333837393039343936392e3439363238353738343036383533373538373137333634323731363335353033363837393638383130393830393636333965353230
3078313264353033333364616333313562373436356661623539316663323570383435
3838372e31363038323937353932343765353938
2d3078323161623537353965333330393933356537343363333739663864353739702d31313437
373338373835303139323836313236342e39313733353332343734383130323138303936313536313635373936373938333336363532363038333136373833373532313039333031373531353739652d333335
307861626535363263393237636336633230656235643531657031343334
2d36393731383038313732303936342e31373033333535383432303430343430393536323165353337
30783630386164346437307031343738
34393033353637323634333638353630332e3835383065393134
2d3078313336626338323936373833313337663034626162343436323034366434353233363935303666393335393070393036
2e35333834353331363339393037652d363332
3078346432702d393931
2d3630383936343237393937383337343839383934333134353739373134312e3239333038652d383737
3078363333313038343339303937636631633165366131702d383935
302e383436323933393033333636353031313065343435
2d30783166702d31323536
31393938303734313438342e3538373431323438652d31
30783765326138356234626236303266366631643936393430343364666365666464346533702d31333036
2d3830373530352e3430353931373233363236343332303937343733396531303135
307832702d31333537
33313737332e38373337333836313935363839652d31313036
2d3078313170313738
363033373735323836353431323139363033302e34393035363031343036393636383331313037333032393332333134313737383732313136393639333032333530323531313836326531303532
3078353164363566616135393337623133376161633162346436702d373137
2d35383132303938382e3730353637383433303533383431393436343838333537393265373334
3078396431363062353639613534393432376265363633702d3931
383534353131342e33363835333530343336323436353435333137313539373131313031393734383437303134323035343536353133363137393538323337343834353431373934313932373432333530333431653331
2d3078307031333632
3337363132313134333938343638393639393831373636363939303839323135303930363636373839313432333331383038373338343434333730302e31393935393565353435
3078323739643338623830396164346636396439702d323130
2d3039342e363765373435
30783136643963336665346463643537396361356533633166356637366632643462306563626533343063373430657031313836
3338333034303535373635373937333139313832372e3439373833333031393330303731313765373439
2d3078343737623139333870363133
37323633323136343837323432343736373835393138373637362e3338373738353037323230333032353933353030343836303939373134393537323439313237373638383731393935363735373931353338373030343235652d363939
30783164323265653832356662366563303462313531667031333030
2d31303535343339353935332e3931313135383336383430393739303832373233363438303234323132652d343938
3078323433366138633965653135393935626134633636646139373939326139633432616263702d373738
343435323534323930373533333631333531333331323239363335373230333137313830312e34652d393937
2d307835306231333263343261396465353865306339613132653133702d31313037
3939303332393033333731333032303939343332333933323034393138323939333334393230393736323634383439303136343335393030393535373138353437353132363536373235313432343133303835332e353865333932
30783961316632306365313330317031343633
2d34343535303535333234323831353935323034353236373335333332353038323438373836323836333733382e37363435313331323636383932343233333233373832343838393937353539652d373838
3078326137653063656266636170353736
35353434393838363539353733382e3434373835343334343534393731323334313431353231363236393465323732
2d3078386364343837623733376633393434373561303735623362353864643765616533377031303836
35393835332e36373336333737373032313930383931353835323238373939373234313731353432353233363032373732313635343030353236343536313831373831363839373732653936
30783530313432373064623137702d31343637
2d36323231313831333431333230363031342e3537343439353132303337383630652d393238
307836346637353863306163383637643938393637343735366334626566326337346431663163702d393635
333535383736383439303730343336363432383731373234373632303034323339393031313832342e3538353537323930383336393032323936363131353435353331393037313536652d383032
2d3078326666323632396665353936343637373863383861643234316666613636616470323432
32393331363431323035393633373334333735303834323539303136372e3834353833363534373539383632383833303338373637303334393236353730313838383332343637303134652d3636
307832702d363234
2d32383039343337303435343638303534323033333737393838342e3137343530363939373035313937373633383633323830353738363639333238343837343135393830313331333338343837333332653639
307863656435333263636431663432323166353235633234633933363365343570393936
34323430323133353538333837353433373134373934363037333537363732383330383936372e343539393965353538
2d3078336665306361346636326139323733306131646462656639616130613465623739702d373934
373131342e33313265353238
307863356162323166383036386366316362396431396266306634353831616470353231
2d38302e30323335303430353465343935
30786439366436313935343861366364616166333239323263363564343434343865616166626631396564383163702d31303633
31333532333330313936333439363636383032393636303333323138363439333731333135302e3836343837393936313834393231343033323635383135323965313037
2d30786132646261396261633736643837346664667031343736
393932393535353937353530323436333631373338353430353934382e353337343031343132393533323930323533323939383630393830383636393532323237393630353431333765333739
307832646530353136653638702d31323431
2d34313339303931303239363739323335363430373836333331303737363635353533323739303333323936363336353432342e34313234343833353532303139303035323839313738333331313630313934393237393835386531303537
307831316363616636346265326461303332636161643265656333353363393332643831373064313265333666702d31303535
323535383538353635332e32313938333837393834383034393238333439373039353837333531353465323937
2d307864653563373832702d343033
3834323938393037303230353338372e39393435313338383635373930393833353637363034383235373436353033652d3238
3078643030633233323464336635306533303338656130383765383735653965307031303433
2d3636352e36363337323131373039313438353537313534653939
307830702d333635
3234373735303633323436372e652d323136
2d30783561643736306536323830633366656661376431363663333635353633643130373039702d31343531
36353734393732393638373336313533303834333235373130313236353931313038353034333430373336323135373230393039363833322e363035343736652d393932
30783164702d343337
2d2e313432393233652d363135
307832393736646664303963313834396637656370393439
33372e65313231
2d307866383232666134386436376131363936626261313070333532
38372e3734363730313531353965353636
30786265313434336434616666636266373334313035636632653131316134626339356636367031343934
2d35323139392e38333532323833393537373739343337353338652d323934
30783131616239316530386138633765666630343063633732636539316230306362623038326232313232702d373739
3131333139313537353039323036343231303035363031373332333536353035333037333233393035333136343234343430313234333335363337353037313033333731383338393338322e3033303065353234
2d3078343465623036653962366139613536356637343566313333393230333236366463343330633835363570313632
393235363933343430343030363632322e313933353035323533333534652d323134
30783362323636336161633333656531336131303538346638383233663131653034702d323838
2d3734393832373134363333343634303435383234393839353135332e33383433393434333436343634393538303135353931393534303534353633373433373337383033303239313030353030313330313335373230393830333165373833
307834353663643735663065623937383234666439643937702d3135
313032323930353138363835343030303335303634353238333932383731333336313334313534393934352e353634363739343536393639363130393138393437383135363230373238313331313739333833652d323135
2d307862613339623336666466656533656439313730647031333739
343433383731393637343534383535333539343335313232343835353735353632363133372e652d323030
3078336131623434383037303633666564333234623764336570343835
2d31383230363933373137323238333630313333383739343333323131323330333235343438393231313237363833392e313237343730373834373432383038353839333436366531303731
30783270373936
39383038313530313332313234323639303936333232303533343434373033312e65333537
2d3078313765653163393564323232336434646263337031323937
333435342e32343165383830
3078337031333336
2d2e383365343738
30783264666666353337613034702d37
3732343736312e3633393535353236343030323930303131343534373938323331353230313432363439353938303733383831393136652d373630
2d3078333931633363623633343539653131702d31323136
3334343834313437332e3830343031383636333933343535373438303831363833343230343632373733343836343038393839353939323438652d373632
307838366639633737643765616435656163336431666366303165373639326134376530626570383434
2d372e65323330
3078376139636566363839666662353134343638353630336562383830702d393830
353139353538383838303331323334323336353737303334383739333135343735353839343439353738323334363738323836323235332e3831393735353232393636323438383037363336383535333831323337353438383337652d353432
2d3078333865383636303630353232363339346135383130316465303931396233383130646270353935
3534353239333336383534372e363134323431383634333130343038363835652d313135
3078313335393933633535666539343834353464656539303131383133303265703538
2d323733323434313830303339393636303330333435373434333837313832332e35353837373132333236303938383936323232343765313433
307831327031303437
35313734303238353634333933392e32363538323430303265323434
2d30783139702d31343236
372e3365313632
3078316536373934643131636238702d31323438
2d34383231323232343336323636363334323638383233353232353239303431323531333639333733333938372e35343736303938363065353437
3078333962317031343432
373838313636333836332e39313636363331303131333435383632333238333631393737393235333030313931313035323631303630343931383665333134
2d307862333234623861373038623034366333396161316130383138613339323537643464343862613265702d31333535
39353039393036383330332e65323633
3078313934633937326136666634663334636336316465383663613538353035633363393664387031303338
2d2e38373137353738323834353836313332343732363536343338393831373432652d393931
307833613661376463643131633964343339633863613137376132702d31313334
343832393432393230303636343332372e32353530323037383032376534
2d307834333031333564383239643663363635636563347031313531
363531313437313539323431352e313734343735383530343065373738
307837333964656461646333356333613433386537643366387031313533
2d352e3231383934323538323436652d373035
30783137663262613864306239393461663532353562702d323130
32323437343530343631333838323539363438303832363833373431303930353736313230353637362e31373430313030303935363934323432343033323765363732
2d30783136626661383533663637646230383670323431
38313331383435393532313738343136343932303334343735343739363738333138343732322e363939333134383035373231333634393836383032333334393634353331323632323638353737393830363132393665313333
307837613731636230616135373465356336623036306539333930633736633931633962702d393235
2d37373434393837373637303730373138373338343437322e652d323732
3078316138633930303830323133702d333139
363136382e383730323837393636333630383037363539373335323533383730323337323235333536363230383137393834353633323633373338363833373733323530323336383531363030343031653939
2d307835702d383935
31303634363330343637303733343231363236393737313134303136373032383839343834313432383931323035342e373237323635343930383838373832333833383732313333353237343134313037652d353235
30783662616363326461346633633236633670393933
2d31323733312e3430353138363331383031333537333534363633323038303434652d3130
3078336439626633346566643737703436
34333630383338323930333231392e343238393133363135363936363435313538363732323235303833323239303435353734353530383739343432323735303839383539383939333965343938
2d3078343330643439366666616461666430333935313666303462346538353461646537702d31323635
392e3835343337313138303930652d373834
307866613337343338363030323330323233613731323630356338333731636232702d31303334
2d32343232313538363234333033333032382e303033652d353336
307833313136656266653765702d343830
313237373931363137303737343834393033313934323336383438383133373734323536383330363530393733383330343137372e343236343534652d323435
2d307831316231623133653931666230643264633764346530373262383663393961356636702d31313930
323537382e36373638323938383537353432303232353139383565383131
3078623963346439393962613963316331346538333933323936373863616232702d31333134
2d383735313230383036353033393033303836313835393735383732313439383530373131303737322e363565323432
3078386637376431353464343331666135646630363637383639623670393830
36303133383634313839373838373535343835323637343431343938323635333532303239393831383934373133313535332e3335323239333632353265363831
2d30786464646130396437613461646332393736303038656237313039303370343434
34313136303537303733363637333530393633323136382e363330353037303739333038303238373138323138303133393031393536383436303837313039373137343430343535323333303031313938393537303438652d343534
3078313862356362702d31343535
2d373338373939373837363032373736393038332e323736323231383632333431313830323838373335323537303238363031373030343736323930353433373937303038343435393631343730353631363165333138
30783466333231702d31313032
2e35333538303036333132333765353932
2d30783165653038633861383936346233353035333231396534323339363765343063633830353938343136323970363233
362e39383034363731393338323565373234
3078343036376264663161343162386337326466623364303637653839666132633363346465613930702d333831
2d3230303433303834343732323035313637313039353830333136343137303730393135333131323437383933363837393432393830373332313336363032332e65323936
307831702d3535
38323937353935333636353832353034333936303536343832353531373436383339352e323536373236323337393637303633343633373332333537343332363434393231303931383732396535
2d30783665663765653966346365666633353438316165702d313434
30333230393531373032342e35353039343031363233363137652d313237
307835393938313832316465653138656432623734323435666462316163386436383935702d353733
2d35313534363836383738323935393837363633352e3533383530393734313630393239303136363730303837353431323039393534303330393831333332353032313334303339313738383336323965373036
307831363334313866393030306630323332643438366466663363633062663270343233
31313334353039353133313734363837353634383234353934372e39373738343439652d31303832
2d3078316365373436656462613062663265303135702d373332
37362e36373839333836353038323635343337393634353633363137373235333333652d333531
30783764702d3238
2d352e363430343635393632313130313630333730383239353031652d323436
307862343839633963306434313231646232303230303137702d363433
3530303139303639353238393439323134343433372e34333965333330
2d3078336566316463343563313039633538396233663135316331656432613539396364306335356431702d31313235
38303435383332353335343934323936373033333732303839323533303035343930303831373435382e373731303638343635652d363331
3078336334653539613936326237357031333434
2d383438373136313736343139392e652d31303034
307835356130646137613263643061393463613161313170373531
352e313065343130
2d30783837633161356537393835373339702d323839
3339362e38353531323037353031343536383933333337303830363633373937303133323931343135393131323633333239363635333735303337303730393530653439
30783337623938306161346536353634643138613434313839373534663961343937363934373337333364356533702d313536
2d322e38343833363637373932313735383733313831343332353431353631303239313331333931343931303530393632323734363334303932303238383135373037393235353033313538363837323835333665393738
30783134393033306333363163306333702d363533
3639363833373639303139373330382e3632323939393037343330353333313238363135333538652d343134
2d30783237306363373235313238366130373035653364656132386662643065326632333036307031333134
2e3335363336313134313138313133383930393031313438363335313539323132323839313865343137
30783362393564663839653333303461653639616362643539366437336632656165363461666364396461702d373538
2d303737363330313037323932353136353236332e35343531313233313431373233373130383832353539343631323430343630393833353534343036333438313737353936353939316531303633
3078363163306635306363313962702d313634
3836383430333834363639393332373739343231383835353733392e323432343031363530323636343435393331353434353436333430303132343235373731353430343033652d31303830
2d307833613332336663646631313130303266702d323233
31323739333834353930383630363430313738313130393636303631303331302e36343534353733323733323632363136313638383137652d383236
3078346133376362326134656437366234663537643036323230366339383666702d31303336
2d3837362e3736343832343536303931383233363635333134313136393537303033323734323239353131343434383133373531343334323735323565393235
3078313936626166343935396163356166702d363131
3238383634333331343139313533343335323734333035313435393331363334393132353431393930393630353439363033362e373939363135393939343465363231
2d30786470323436
30313531332e3033652d313634
30783130623462616665636138663962376462376463616165613563316265633665353764702d383033
2d33383934313230383538353235353439343031383536393636333333313330313131373430343832342e373439373238343133393239393139383839373737323233383236373665333533
30783239306361336138306561376332383164396161356570373532
313037333534383130332e343039333539363131313235333131323838303337652d3633
2d3078316666343037316134373932386237613162663366633031703138
313431343938393536383831313838393933323530373238313638303338343832323839393631343633382e323532393237652d333234
3078336464373337393661343964306362616336702d3237
2d363034383932313436313636373136333735323234323130343736343931363839353231333533373538323030383837353639323630363636323137323030392e393731383039393230393536356531303330
30783939376570363338
3235393639343037322e652d343533
2d3078323366333062666235653064343535363670383935
32313238303633373230373736383439312e3930393736313334353032383136343038313133373037313735343730343635393933353933353636393130383430363234373365363634
307831633262623336702d373033
2d393133393134393139383536313931323239313038393231303736303130353031323737383733353439383036323836383235333039343130363536303539343034353631362e383338313834343833323831363865383736
30786364333832353739363264626136333833323232393738702d3238
3230363536343835312e32303139353431333034323736303135652d373638
2d30783132343434666630356632702d373136
343236303635393532303233363732333236393633373531323636362e31353033353835303936333939343739303232343439363336353532313735383034652d3133
307863333833663032653462633733386336306364333566343330633637636130393466666231303939356636702d31343932
2d37383838333631303535323137312e38373930343738363230313434373730393836323436323139383739303636353532363735353338313539393135363434353537313035373733303930652d3339
3078353634356233653064393870343637
32383337383030393134323838323637363638323932313933393432303738373237393031373833353336322e3732333333373039343732363931333235343065323632
2d307836627031343136
303537333135343833363837373235343435323531393037343531303639393937343735353633383736373033303239303231303934383931353735333131313430383336313736393837303234392e333339313630323336313965313137
30783333373561663162303236666631333933363364323035376537702d31313734
2d2e3534343330373534363032353533652d363939
307834386130303361383537396163653162336330363266633761663866306362333134363370313631
31353733373030372e38363331323238383835353534343238363931333739323632363732333131313065323336
2d307834326538633539346537396230363434336330333635386564333132336536326333363863363031702d323032
3936373933313336323534352e65343430
30786532616331656661343561702d393630
2d33393539303238343037353736313735303139393030383232383933343039373732333433313836343831303734342e39323737333537353331323139393438393433386531303836
307832666635356462636138333634323066637031323931
3230313739363631333737363239332e3735653730
2d3078386233623832333570343136
352e36353739363132383034343432303738353332333636383438303532353334373032363930323230353838333531363733323737353538373336353639652d3838
30783135306235376436376232643665353366663436613137303566373063353566327031303036
2d3331363230313937343537363130333935333739373435333230303136353038363733313038313234303533333831353438373337333334373837373635393539373831313233313935323530383131313830373531382e306531303034
307832663161303032346234366135646631346164393061333561396137702d3236
3133393339303936343330303034363930383933333030373635322e35353234343832323637383433333833303439323334652d323634
2d3078613338366136702d353934
383333333430303832323033313136362e353234393834353231356531303138
30783437702d31313134
2d333136313831303637333834393539343631363835373132313739353031383730333835323731303338323231323132393638383039323235322e383133353732652d353332
3078326562353531702d31313130
38393533333332303236323831303436313531383332303936373435363032333733362e383433353831373237303735323835652d363631
2d30786335313564636439646134383435666135626165353234702d31303335
34303332373939323234363937333934353235303837333639353239312e3937343433652d383237
30783238623835376661633961702d373833
2d353431343634393434373131313031303733353937363636313630392e3138363631333434343032353037393134323138363132303533652d363535
30783137313266393132393736343437636530663665643264353761646138303833323936702d31343834
313334323431343736353639363131343936323137303335363135363235353239302e3436393135363439343330363131393835383765313331
2d307833663136663636653136353063653235303934663464373333306334702d31313533
393833323839323433373233363332333836363431383539393537373439353938333032323632363537323836363132383032393437373033342e3039353135343331303634383333343836363737353639323331652d373335
30783365396163333063643234323639666236666135383266303362396139633765303430653965616234383570323036
2d303939393732333037353033393332303936313433363835373335333139393730343531323235313932302e38393437303838393237353239353734313130343831363430383238373938303130652d343035
307839643236636437623265646333363337316337323236623066636632653139376364636131373438702d323138
2e373731333234363039303737363435303438393131343832353330373637393434393733393534323736333631303936373833313137363035652d323232
2d307831656339646462373938356563643263703836
36323538362e343534303836303630303232373137303731363036353832323731373437363839313735303832373938383239333431652d323131
307833616461366536396134397031333636
2d33383831343931352e3936353239313132353230333736343839313839303839652d373631
3078316536702d383136
39303632362e3233333832333731353635393633393837363036323738323335393536363236303632313931303538303765353630
2d307861303139326264656661356463623439376164326339343936623336393264393434326133386165616435702d393036
303330393835382e313734393065373037
3078346363313732383064633664636534623965663037397031303933
2d3632353436363839353634393838383132343239323333312e3936393532353632383934652d3937
30783235346636636137353664613470343738
342e30652d393030
2d307832623136623533656561702d31333630
302e3365353234
30783136623130346134637031333538
2d333939373037373030323834373533393635343739303032383430363238303932303432373335333230393231383432303939302e383132313532383937383636303330383965373236
3078313339393736647031303939
353832303438383739353534313030323236323032343634323739373234323830342e303731323331383934373632313439393432393734383735303630393530303330652d363937
2d307833702d323438
3836303431393231363732313031333831383430353934362e34343638353630313338343133373039383235323536353035343434303732353339353034333132313565393234
307831323431366436363939326366316638343133313365643432306461633537393339376365643170363733
2d323433393536313630333830342e3533383036333937393835343434393739313236303035303539313632383139383931393031653931
3078326265363933616637623963303964383961653164623536646235666530336337333465327031343939
30353936372e39303835393132343765393139
2d3078323836393139393263333962702d31323734
3236313130393031303231333436333130393832363330323630333138372e3533313534343738343135323032383433353436353635373333363930303434323638353731343932383439323735363634303236323834652d373435
3078333134653731646637393163316539336439666234663832386330636166323135323734376533373937663731702d363535
2d3131373539383134332e3630363938323437353932333930353134383835383034323133363035373739393633343632383730333937333432393637383539303436383339323939393235323638353835353165383339
3078356538623831383533666665643739323639376131306363343333616161383337303038346331343232643170353638
33392e3465343334
2d30783138363834353233643432327031333436
352e30303731343237313765353836
307863343034323734633532663837337031303032
2d363932362e3538353534393336393636343637323330393838323430373833333338353634333234303237652d323430
3078323234333037663633653236636162653270393039
3938363730323635313732373535333237373130332e3931373632323034373965323638
2d30783664666537343531366366323033343735393237703630
3433373630303236343933353937373832363631363238302e3136303831323435363730313339313036373039353533323632333933393733323032303234393436333637363030383736323965363631
3078343966316566326664623961363431663561393038346636386661353464303631376162383433702d31313131
2d2e34363230363138343731383130343438393936343135353037313732393931343831303432383038652d3933
307836353163353232617031313233
383137383432393632393635383630333034383835373034353839392e36323230393635313333313835313135373735363535333834373637333037323765323030
2d30786431383239396261396439356533373937306632353865386530323732373764343165702d31303938
3033303030393636323235373632303333343334353937333239363438333039343230303835373035333736343933313839372e363134363832363336333338343532343438393036353237343232333939652d373834
30783162633563623936633065306265386535343962323436702d353836
2d3030323339332e3934313936353439363234333438323639393832393033333165313934
30783535623639333961646634663432333570373939
373832383531353833303132333732393535373737323633312e652d343935
2d30783233353266366665616665633734623463376464656364396534323964356532356332323764613466643063702d31303137
3535303932343437383439333036353632323039333938333035303934372e35333037353732353939373436383835383231343835323130303034393639303434393430383138393832313232393830343132373937363165323530
30786566643862613662376266613361626661386132346231313063323770363535
2d36303232323338313431373737333837303738302e323932343639353930363739303034313630343732343635383936353538343638393532373836353434303737303535303731393530373639303132363536652d3630
307833333636623738643831383838616661702d313439
3633343135363932323234393731383839323731323239313839393130393930353433343034383731323333362e3238323538363032323533363334363736333130373730333365333338
2d30783165356666323462363461636566356270383636
30393735312e3531353432363565373832
307836656332653966363039323439663833383461623563303438626336646132333439623739367031343637
2d2e333938343530373836353534393334333634363335652d313130
3078386134323033306561346561333265653732363137633565633037702d3932
32313932363934333336313234333030333731353035363237342e65343435
2d3078313432666662396433346533646635613834636130393761613862326431326261353337313332646136366135702d31313433
393537313536333336323337333039373834383937373235303834382e3839323639333734363235393836323035333831373933363339326531303235
307833656262323831333639656331333961313466386336633632353838656331656331702d383132
2d3334333234373132373737373930333433313932373832373530313238333631303136372e30373933383935363331373432363236343630313437313830393432393836353237303031652d373330
3078383635633130656363323537613264396531633430383761356662336570343836
312e3639393130333832313965393533
2d307834326366333666653234376438363834316162336263702d353732
3932343031393030352e343132373837323336343132343834373238303439353437343139313632313432333537313332393338383135393232333234343437353031373037363734343931333733303036652d343736
3078336561306637336434702d313630
2d353337303432302e3731393139343339313839343938373737343135353836303965333832
3078326238616435316164356237383962626133613031353231663063323233702d31333339
303530383839303237353237353534323730333835373230343839353637333635343136323430312e373637313536363330313033383630343735343230373434363936373230333331313337363931343730393931313731343365383739
2d3078393736373461623066663930386361656434636236657031303036
3339353730333431333834303334363031383338323732323232333239323631303833303134383231383933373633313834303036302e30383536303933323630313737373632383733652d3334
3078323936636464303865363562323937633031346633623438353263633836326330616533356135616670363036
2d31393133333330323632303836343234372e303433373538373235343332353436343665333531
3078323866393634373335643965333338702d31313335
30373230303434383035303137323131363334382e38343330373238313930343933343632353436383731303833303237333031323134383737313539393630652d343132
2d30783339313565636463326362633165343936616637393638386532633031363539633631702d323433
363033343839303632303631343839393438383531393032363338383435383639393232393536323831383930383035303136363933323831333431363030313132393635353235383836373736303933332e366531303331
307838613833373034366564393232653337636232646264363732336133336437353930702d353833
2d3431393534383231363532393631363434362e383038652d32
30783131376265343166386464393163636170343531
3838363237363639323034313232343333303839353336363933313836383935393039393437313935383132343732373534363135363830303533393534393135312e323233303237393838343734313436343265343039
2d30783138323565353532303331316466363330366133616561363337656336313962666570313233
31383835343130373733333331343835353231323433323836333936343934373036383837373931313035332e373836363334652d343638
30783861663063653665313265333338326138363630633338656261323461653863653961663536353766303864702d343530
2d323638353233393732303130343732383838323735393831323930373032303236363333313937373839322e3932303130393539393336373130373930363533343932343231393538363639333536323132353432652d313439
3078333636616364653936353965636538393936663366363870393536
31333339313532322e333639373734373335383937353637343033303636363235373639383439363236303538353432363534343136323365323838
2d30783133613864323431333238663430653564383266366633376363616632327031303432
303832303131393237333131373136383930393035393538323833383532322e363638353639652d383936
30783761347031323436
2d37323132373731383039303939323532303133313138313734333739353530363135313033373730363431333431303435323330393330342e3238353837333634303839653137
3078316639353465643537383870323831
30393232333931302e3236323435323265383532
2d3078383763336630306665383837346230383764643862623764626138316363353470313239
35333332353036393930363036303631373133332e31353633313637333736353632303931303339383238363031373330303465333135
307837366361353139616163323661386636353230393434376635636670333937
2d39342e3033383933393736343633383038343534383039363331303333343132383030652d323735
3078373438343337653135623861356561363533626330363936303431386233343031333670323433
3437343235303331373531383934303338352e3132383938313237383839373730323132336531303839
2d3078353370333338
3237383035313633313430313431333739313635343031353036303736323333343030383630322e353530333636333239383931313136303530343636383436383631383337652d31303235
307833396562376465663635363138373263353031346630343430623333396636383432376670313836
2d353436303439303939313538333932363036392e3835383833343933303731393438393937303836323732373039343731373836323132343430333230652d393539
30783266653670313734
30303034323536353834323434333539363739373636312e3633343331333739333637393237343733303231373036303033323132323333343631323437333235652d353833
2d30783135336235633564303735317031333334
30373339343332323932383639303938353232382e37313131383434333535303233383939393932306531303339
307866393431383865373232323938393234623332316234373362702d31323738
2d3730373337303633333039373735383131333236353531323134333134363330353938363032353539363832343238322e3831313433393830353639353030363730333337333232343039353365383234
3078323030313232702d383735
2e3965363838
2d307834393766613365356535326462336133636561353161383763623236366170353533
3237383635313131343030312e3533383532343035393737343431303532343435333730333038383837363832393838353132333939363730393432303136343236343936363035303930323032323238303237343033303665313431
3078326434363862373263623932636234626470373534
2d3236373532333633383339353435362e3337363438303634323331343639313137323437313730333131353834323439333431343037393530353537333530373334373930353835303539333830333039363432386531303332
307835613438653330653132613231653936643434346334396236386131383963703830
36362e33323834303634353636303033323136313730343536353632393036343633363831363132652d393633
2d3078316366373930323432303762653265613964303738613037303962663963643466633235643339627031333535
33393230363130333537323237303931323139383331353134353636333930333935303533323839343833362e353232313335313333333331333539383133313237353665363435
307831343131666234623663702d393332
2d34383731393338383337393935383233363132383136333030313739303133303630373738313734383337362e35323536652d343134
30783136643038383939633531316631313563383430386331643963326335386666396134343770343335
303036363139373034373131373631393138373038343839363732393032363036352e363337303232373937303438313235313836363833343232343838353136383935383836353237373534353537363732313265383632
2d30786534663235393534333530346264316263636566303764613362663961613832626366327031333233
3734383336383338323735383033393031393234313839383030333530382e3637393433363337343332353539363830323334383731333233313836363739383239323165343832
307834333465396531663832623038336561613833666463333036376461353031353537326666626434702d31313938
2d353631333238353535353034323235343635343934342e3638333737393535303635373233333636343930323331303530373331363232303531343334353235313231363539313135303832343737383630313133353039652d31313334
30783163326165702d383230
383434393839363434383831343839363532323237313232343332313037343038383838392e30343632383465343131
2d30783136386237653362333438373134333464336534653630336462396236373332623539702d383832
2e3836343533383333373136303632353834393734313835303332343235313234353030383565383936
307836643439323439623370313533
2d3435353636333636393838323330323439313435333938373135343134393937333232383330333238312e3731373338393333373631363865323339
307831353062333534702d343135
3231343739393435383639313636383136333530393536352e38363134323133393234373339323030373138383730353932363139313538343138323534343331363135323134323238353133323034303433383137652d353836
2d307831373834356232653066303131346337626331396264333036353634353933376234702d31333035
37373637373336383831333933353135373235352e333931353339373634323836353530333333383131343939313235363035313335323937393637323631353837323936343336353838343565313037
3078316135366434393465356265303130363261702d393838
2d393633353934343031313233313937363835343139383136313937393238373539323034383637303232362e38323533363939333838313239323436363735393934373538393131313532373035363934313933313034383965323836
30783163656636353032356463343132396462663136616137633731393639613064353433646539702d31313433
32313238393833363232373732393732393432373235393930373539393834303232382e3939353236353633323437353565373037
2d30783165373336333335303662363235353570323639
3233303636323532352e3333313331333135303233353132303437652d31303932
307865363631343731636631363734323533656670313433
2d343231303832343437363934353134383334353239373039303233323031303539353439353736313930303036342e3431343130353539303232373039323230303832373739333830363333383533353636393936652d393236
30783164702d323539
34303031353136343537343031373130343734383735333431363437393738302e3234353938373230313232353535363538652d31303439
2d307835656532623336347031333233
32363134363134373234343733333133393933313330313739353635313238323234313536323534362e33333231353233652d31303039
3078343139623838703233
2d383130313530393230323836373733372e323136393039353030383839393430333632383231333336353230323934303235313537313038343933363738373435343765313932
30786132383935393733666564363461353864653135376264363037326230303536623339633833702d353932
393730313730343630303732343234362e32353265383238
2d30783331386266393765646437613631393332663770373237
323038353136333838393633333638373235393236303035383439383433363130383931323732323838383130372e39363938373237303038353338353733373535363131313032323230343865383734
307835323336666136702d343037
2d3232303131353539393534303938343038383334303232333130373134313836393934303236363136363534332e32323631343830343438333831333534363934333931323265343637
307831303739616566633663323765316231333336376162643032633935623364313670383632
3236372e3833363637343738343738393830333138303838343530343933363636383035353737383230393739343931313431393134333538313738353333383536343739652d313139
2d30783661636534667031313231
393136393631323532323333333339323530393331373838333931312e3235353935383230303933383137343539373039303934333730303238652d373636
3078313339626335346233626666363566653062333064393565376234656333336337653170343939
2d373336353739373136303133323032383637373635303238353734373132303830313534323134353938363838373338332e3338652d363839
30783566313935313430646264303032393931613037702d373538
3339373730363439373738343835343931323536333235393038353737383833342e3335303630373930383236363736373433343637383132363937323833303930333538323834303232373965383737
2d30783435316366396431356363663234636639303534666632393964623638343531702d31333432
392e323438313034383434313734363937333436652d3931
30783331616464613264353532623631643337643230373763323930313934613735373538346562636136306434377031313737
2d32382e39313265353134
307865373263663361653733386238313764366439646563316562356670333632
363535363231313333323138343633323136362e383437363133303330343233313432373339353837343737353531393334393138373431393531383232353133373632323238383237353732353131313439652d313339
2d3078353430653431633265356432366332356136633438702d343032
3437383837353938373131393730343136353233323337363438393630343633353937353330323834373230302e353536383737333834303035343432303436652d31313036
3078313535633870343135
2d3432393631303239343131372e383437393438303332373936303836323137313430313930343031363730333139393231363034363434333633393438393339363437363338373138652d383339
307862313330702d31343530
313039303230382e30323432373632363638323731353834323733333737363634652d363332
2d307832336664323666623364363870353138
3430303539343133323731383135313633303337373234323331362e343439323130363235303532323535333137652d3631
30783330343161306562646635353337656464386364353964656334306531333770323434
2d3138383530363538303233383932353436353137303933312e333533383635373234323831353732313139652d313935
30783134626238303062613331663830333230336465303230633637363262702d333533
3539363639342e31313132383136333639313733313331323735393632353139343132323236363339343334303138373337363934383136313536343234383635383038393933652d383232
2d3078323164613566626437333239663834623362396232627031313538
363934363439393339383438343030383631333631393230343538343530373937333530363135323635363932343434383932363536383931383933323133383137303630303233332e353139373037652d373936
307832386131626230643230313061643030663962702d31323335
2d303039313137352e333130303138313632353233383335373635303735363534393133353436353733373638333136393938383232323238323838313434353833343965363931
3078313237386163702d31303337
3435393437323133373131383037323233303233343736313230322e3135303230323338363531652d393339
2d30783737323562623733343232323836636161343662313866326366343466633463633534626362313735702d31333936
373130383831393339303133353438343632353436363833303836322e3833343938353637393638393036313036653736
3078653161333038623539393264333163313939343331623531633730316531663463653264663830702d31323434
2d30333238373736353839343737363730383138333935393738332e353134393731353431383437393132333334373035373239303330333532652d3336
3078393770373636
37322e31393332313333343731363539323439363430313139323431353139393136343834652d31303232
2d30783166393633346663653566623837643366393465326665327032
32373930373339363239373936383936383937343836353430333132372e383765323334
307865653436613437653339393163613833306133666136343932317031303035
2d393937393337313936392e303165333135
30786633376430663963393433396635326465393470363139
3333342e33363135373336333231303430383834343539353034393335373238363635303237323330333634373436303534333837313134363331652d353130
2d30783736373332373234666336653230353861656164363635613733616565616466646333346336336670373033
35373535313930333038333130353531333932392e3331313334363639303533396531303032
30783139636461333031343137303665702d31343830
2d393530382e353130313630313137652d363732
307835303238633639336435653538386630657031333034
2e32366531303930
2d307835626333656637396361666539336339393236353065396235313166633562636561702d313337
3830323936333836353635323939353434303934383734333037313931372e39373438333531303839313731373237652d323131
3078313930316436616630353833356633363062393670343838
2d3935363732333434373334313739343530383930353034373133333833353536393239373230343137302e3038383032353132333031303234353039393132303832313332373837323338383832343865373937
307836633337633863373665383566383662653963316670393930
3833313538333839332e36393233353031313634373234303539313538303433393234393631353334303639363432383836343739353837363935373633353731373732303131343631652d383035
2d3078663463653131343030306230643730613965303263702d353530
37323837323436393139393031343034303138363839353930323239313039383639333534393234322e363038383433383239373636313536323737303435383035343035303631333633323833652d363132
3078343935326363643866653730643135626562333831366237653337613630373965306463667031343438
2d3733343333353830353733363939353735383230303138323538333331383632383737302e38303530652d343833
3078366365666565703730
313430343332303733393432353831362e373130373733303536323539363239333532383935323534333432343137313530363931323565333833
2d30783137702d31313032
32303834373331393432393330372e383835353931353231652d363330
30783164323338657031343432
2d38323634363934343739343634383831343036363235393033362e3035313933333435313139363130303630303436323235333839313033313536393665393831
30783133326666333038346564633966323770393439
3139363738363738383134353133303534383331323330323931393335323237363637382e32333937333631383430343736313038383632363133333265323739
2d307831333636656431653936323331336361653137623638336538653870343337
30373638353237353539363030353131303338363232393732353637353835323632393031303837373239373238382e652d353230
30786136633761383270363437
2d32392e3234323730353537363338323936343630373665373639
30783932613764323161616161613963702d31313631
333634303938393035353434353037393936373432343438333137363537393038393736342e35393065363837
2d30783633343061396230336470343239
30363432323532383437353732313734333639322e373665363735
3078663234626664702d3831
2d38303233323831343035323538373032353531343637343035313730353738382e38353332303933343830303636393237323231313234393139393939333331363637333933383039333332343037353338652d333630
307831356563633338313963376565633562643666353065373136383936623765373535373863346130353465702d333834
3035373236342e363435353835383236343034333737333338303937323033353732383236353935343165373635
2d30783438653434613533313330333232376563373436633630333964636332313864633964323235636565343535702d363638
30322e65333837
3078316535633164313634313665613636336431333936636530702d31343730
2d38333731333933373939313530383934333639362e303430383234333935303835343936313338333232343834353030363937393037323238313831343936353135323033652d363037
30783165646664646564333630333033336139623661396239613565333563383670333637
31382e3834333930393035653334
2d30783738306563306663393430303963343737386130613038303464613462702d323432
37373633393436343730313930363939303930393835383939323239373832393636383432333935383638353931333330303734333431303830323135373430353137363233362e30343832383637313934652d313930
307863393632636164363337353734343970313235
2d3231383238393537303437373733353137332e38353638303935373431343030303530393230652d363038
3078333730336637613735363532616236376164613630613833663534373834643939393661323131702d31343930
31343234363133333238373337343239343333352e3835373965343539
2d307831383631633233333432373438702d323036
34353130353135363634372e32652d31313030
307831636561356635643866306463343165702d353839
2d38333130313730303439393430342e30363134353231303732373230323834303132383830303539323537323732652d343831
3078313731363131636430336261373933343731333335643035356462333132333362377031323839
2e3865373835
2d30786664396461346261356230666437303631653738653438326436373661653564383736353735396432626270333536
323738353936363435312e30363133323437652d31303538
30786363333635373965386662393733636363623239393762303770363235
2d333839323635363334373137383235323633313632353931393935363139343434393731353131303231383737343034303434373539322e36353331363930333633353034303938373138343737373635333832652d393336
3078307031323530
3931353639323239393835322e3730393431303332333330353430373437313431313137363131353634353038303339313737393135363237333032313634313031353232333037652d383837
2d3078373663623830343936326539366536383334393166316532366363656335333262336266623531633165356531702d353833
363335303432373630352e3235303439353933373039363831383538343535313437373533383834323638353439373438383135353431363930393930363238652d31313235
30783933626663666438323136702d353134
2d373733322e3365313330
30783133643934353632702d31343338
31353733373433393934352e34393434333238363465333435
2d3078396562373338663064316465306538333966333234323162663230373464333736643338393364363634702d333239
303834313830383731363134353836352e37313130333436333137323232373532333965363831
30783830636161653461323961383930626666303063663564343532653463702d31343936
2d363830392e65393534
307862323634353236373134333332316531333962326535353564367031303230
35313632373333383834343137323238333634383031352e353430343935373133343037353833343830313835383439323133333239353235333539343439373131323165343538
2d3078343962343436636432653431616263393765376235323432333065366466373162356635373839626337702d31333035
383634333237383630393435333333363335313533353931343936393639373131363337352e353637363135343430303130373538393435373265333730
307863333439702d313032
2d363236353532383631363631383432353839363535323034333131382e3236383933333232393534313339363833652d393732
3078653162373338702d31323332
34303739323939353838383335353032323838343735373634383233342e39353234363736313032353838303938343635343930353137383535303635393431313439652d333035
2d3078336663343663373439643335616537363663663632616362643038702d373839
3238373635373837333130333133302e36363737363831343735323637323734333339373831333830393634373535363838652d313635
307836663131373661656536633964353565363862702d313735
2d393632303436363436303635333933332e363665343030
30783437626463373463393262353733626137313338333438303734623064373635306270333336
313734303430373831353739333439303234363030313237382e34363334373132363435363937343533383139373631323132313234353132383732383630393465353930
2d30783634653362643764656634326363366538653135303539343463336238343262623766316338343831702d313134
333538373135393137343830323133332e373130323438393635363035393137383933363533313832303636373835373033393737323534303232323265333538
307864333038616262366562623264643138387031343537
2d363039333639363934303030353430393730333637323738383532313636393739313331343130373038383939373435303230303136333335372e3631343032343838383039393839383531373465383533
307832613634643130633033326563643233353234393763702d31343536
3438393939383630363233373437313833313833333736322e33303331353131303235333236393538303737343130313136343739353438303539303037323235313565343938
2d3078316235626165313638653264376662646337303436323830397031323335
373030373533343837393232333630373834393834383738383335373538393537353835323738303830313130313638353439323935343337373135322e3537393435393537353238393235652d313634
30783632376366306633303565636664702d31323838
2d37303431352e3538303638303533383836373834383633323539303634393032383135323736343765333832
30783233343762386132703235
35333731343538383034373837393137352e3965353333
2d30783464666662373865666562653662353161326266643331646134386666313363613834333639333362333961347031313238
3136343235383333333035393039323531363238363837323131373137343334393233353437352e36313833323039363635652d393734
3078383935643333626463343534616231363861333364303537663432636237702d313631
2d3534363430383734372e3934353739353334313937313130343937383232313334343039303430343130652d393330
30783134303934383763303365376363623265646138336435643465386162316162653462702d31333837
39333137372e39383931363534353665323139
2d307834653564633535363930633734396662626236303062647031343631
39373232392e35393465353038
30783366306633643566396431386565656537653670373130
2d37343236313635343232303531303239363734363133343939303331343436363739363832393836313932363436303631363039343436323034383339333435363130323734303834332e333731333634652d31303939
3078336132396231626536366530353135623734306532636439306364636633303930373270353630
363935383936393536393930343335363131323531353631373233322e31333637373739333337343230323231323233353131333139373737333636373831343237383334343330333338373138373638363434652d393337
2d3078323630336538666233643136702d31313537
383231393239353133353231333339303633383038323439342e3834343032383430353637373938393432343532333635313633363535313236373239363838323938652d323438
3078333864366131656366386335613435323130667031333934
2d34322e3932353436373037383037313937303935353737363531393537373539363730333534652d373532
30786637323970383534
3234343938323136323334393531333230353039343331323038363530383431363735303432363538333634383337343432333938372e34343131303230303034363838323632363930333633383831363831353931383432652d31313135
2d3078313632363533313933373438613462303133366133666238663239702d383639
3834303937333731302e38383565313232
307839316461656561666465616136333265613762623665626361363061333537386470373537
2d2e39393033353230343936652d393439
3078617031343737
323337313733323239333132302e3431393530343638363935343933393633343637373030353836343934333030313733393433363537383936313832383136652d333438
2d3078383636363337343832343434363738643466363435313432343239616370343831
303138313939383831383439313839393638333337352e323432383732363534393438363938373939343334353733363632313734353532376531313134
30783262663164643032347031303631
2d30303236363738323834373930322e3739353337363631373730393237373036313030313438393931363439303965383939
30783533363935363737363170393638
2e3936323336383635373638313139353438393334343534313065313634
2d3078316436663037313665633035643563376433626234383732616134702d343430
382e3137353634323639366531303439
307831366366376232633370373432
2d3735383435313135393133323330363338303634303139393134343632383232383832313236303330353038333639393734303532353537303839382e3739652d3433
307863353635313365636337323530647031303138
3130313032383438383135353039333135383735383137373636343531353139363438393137303032352e32363934323036383034652d393633
2d30783237333438343834666466702d323339
36393931343232363536363233353732373131373733353935303039323239333434332e33313131343730373531653737
307831653462303539366362656137363233646130323563346637346635333265633731646663702d383530
2d33353136323735353338392e383836343030373734393732363831303432383830373335353334353038313736363531393232313365353433
30783231303334633962303839646236702d383431
3038312e3533353439383539343930323836393037323030313134313535313637353735393238333138363531383837383434393530343630323631393533373232383431303037323731323730353130373639652d31313133
2d30783438623270383237
30373535313537353131343331383338323039323132323533303236313239333336323137303731382e3134373130343731363238333233303138333833303265363930
3078316232316437653761373434383066656437702d31323832
2d393434313236383437323432312e333530313438393930383836343230393932343136393836343435393831383335363734353033333633323437323230303939313239343735393732393136652d333232
307832643163633339702d363237
3333343431393337303432313936333135353637343736333836343830393336323038333934343433383737313135372e3932373330343833353565383736
2d30783338346466653232383334343831373431626163626533663432323839613070393133
32333432363739313832323434343338373132313539373036363135372e3865333236
30786661393570313837
2d34342e333734373034363038333937383535383831393530373832343865383533
3078363431646130653530643735616664643034323536363739702d373238
32372e3135303138333935333337343630313765393734
2d3078323935356537316238613370333530
38343435323334393734393839393430393631303839343630333735343538343430323938343530352e36363535313631323839303931393331313637363735393936333338373836303065353338
3078313132393835363437663566383539616566316631623839373939326233383731626270373736
2d3738342e32393735353030313439393535373639373165313831
307865663737643366316331313270363634
323433313733323130303634353439313436333332353837393238353939373032373835323631343839393239353530323332353834352e3532363632333738303865343332
2d3078353431303966393963333330383136702d31343235
36313738393036383834393637313030383539373335353932383034333331313030353033353931353134353735362e3331353833333932303565353431
30783162663630383866333333626466356234333262326634393361663838356430396538393635702d313130
2d373439383330303934393134343734312e39373736313931393432363636323937373236373734383637343739363339333937363130323633353537373437652d363134
307833396630333863316236316439623435633633643065623632303266702d333232
333333392e31393534353536652d383933
2d3078616531613065366264702d31303838
303631313333373030353632303536323938323236363630373333363135333138333931353633353836353136313231303237323431303030322e3130343239353535393235393234323265323530
307832396332663164386661373670383536
2d37313232333035333337373331392e3939373233343631353139363039373932303031393433313535363838333132393032303535313030313735343832323935333734303633333737652d333838
307864336665366263616338633862702d373133
303338303733363339382e3939343436393731353432353735303430333231652d31313039
2d30783633313235373233393736636137346266353432373332323337636534643837633931306666702d373930
332e36383037383132343130343930323036333035303534303731333838363935393230383532353832343736363334343035383735323834323336313038373239313165363031
30783465653031393334326234386463306532323736613562643532702d383636
2d35333235343732372e373437363438393534343631313936333733383137333639383736313365393333
30786332346337346330626339643839386561616230373763656331356162343631702d323735
34322e373533333731313935383432373935383535303337333737303033323438363034323735393131383430353130363633303233343632393335363435303430313238333232373238333634652d323239
2d307836326131636363366535663232303131303464643865333333376531393366366336643664623730702d31313837
343032333339393336393735363939373437343230333436363431343936303939382e363539393939333137373535353839393830393936373735383532373531373135373838323337393765373233
307831336332383536613763353835396235353736343732306135386464623062313970353130
2d39343234383837343733343937373533373839373532313036393637333730363839313137302e3032333038373535363637343136393332313730393633323737373831343734373634652d353136
3078393630346239666534313565323465646561306135343865663831326131376464702d343338
39363536363638323035303938372e32383539353839303334323238303638383534393736383335313633333039333538343430353233383237303533363839313534652d333234
2d30783131316161613833333531667031323730
363930303038313238313137363938332e3765393831
307862373038363764626532303464393764366533613334366566653063633737373633663235376370343637
2d35303234353130373731303730323933323839353139323736393330392e3131383231343130353737313037393839333736353233363738393935333136353730323334313139373932313035343232333936303733363534353065393230
30786439387031313130
35373435313938323838383233343330393330373638333830333430353838373138323734323939313739373031383931372e34363236303834383537373335373436383430333539333231652d3938
2d30783464656439633334343330613564393236393965633670373032
3131373330383635353738323534313637353130313331353730333333353936362e3038323137313931363237373037373930383831323434653837
3078326637393739363936313234702d333831
2d39373837393638343038393735373932333536393138363832383639353333313931323434333330383530353034363937353530323832313938323433363339353037342e35373936333834343032363436652d323237
3078643265613735393530323062396264373130323632393662702d39
3638323137373430313931353932313832313735373134373335313932353330303435342e65373235
2d307833313862366561343465623364303738613036383236326670353135
37363132383533383139303035343139393038313139302e38373736393636383337393830383133393332393239363431303331323033313965373830
307862303530303230643736306639333466333265643436316430616439376436646131323162393564337031313336
2d32373339352e393032343435393838363138323137303333313832353730373238313934323130652d393939
3078323964373636613130616662336237306334326433386639656630313970333832
303837343433313930303437333436343235353837343338373137333538323933363831333236313539373532392e38353639323332313233333634353331343338323765323638
2d3078343935373731343438383739306435313831303433702d363931
353832313839353438343135393337333334393038383739343031383337373432323138382e35353431373836652d31303732
30783333333236702d3237
2d35363630362e36383834393131363834363331303936323136313634353331363536313234303737323530313130343537353634363934313335353639393439333232363339333065363830
307831326634646235323034346166633965633066313861702d323437
31303038323536363836323234323831343530313438332e313636303434323036323630363536323633343136373637333738383637343838363038393439363735353636303030353035652d363431
2d307832633161396233626534646630613030303662656334636564303538303638373634343865702d3233
36343031312e36393636383631373337303334343033333939303532393330393631353336303238393935303939333731652d363134
307832303737663864326566616234386165356635663039316370373538
2d39333938363635383734393134333835373831302e30353237343931363139373033383231363835313832323832373732343232343933373633323235353138353136653334
307832313365646237333933653934653437636239366538636331303661702d3837
39313936393930393633383530383039303238353934392e32353136393132383134303132393634303330653938
2d307838366135616462636631636439336635653062306136643834623962646662393836633263343770363030
32323936363236373335373139323538303830313131352e303333333034343537343831303636313635383134652d363336
3078656264333970313639
2d33362e652d3739
3078376539393832666562306238373766363963643237333663346563303563702d343538
333935363537333432303539323035353034383931313333363236323133383832323239303432353834363536323030332e31323935353630373532393139323231363632652d363636
2d307863343037333164613536702d31303130
3037313239323132373239333337363435303230303237343230353535373235303738343631353233383132383633373535343339373938353331323532382e39383734363536333735313132313235353030323738333965333336
30783138316632633565626661393661702d313133
2d353931393330363432313831343334313232363534393731343538303138323536343832322e31323039373937393036323431373538363231353838652d31303433
307861333431633432356534333238613134702d343031
33302e32343365333038
2d3078313862702d323939
372e39373534652d363831
30783434633137373738393937313662636665393966383339702d383839
2d363233343633343331333638363435303835373838373234323137373436383237363332333734373033313333323633313134393037363135373732303934353235383735352e3730363930313138303834652d373332
30783736343461613237346465702d31333738
3032343731382e34383133323735343830353537383331333732393435373233313030396537
2d307836373370393735
3939373531333133363533383930353034313836323535393735383336353439363430303030393039333634333137343533343138313333342e313338303936323435386531303637
30783133316235326637323431383265323761383462613438333539356664346136393070323138
2d35303134383737323836323634333931373832383735313630373432363232353939393430393339353230323837303135352e33373639353932323839373630353232652d313237
30783438633331353664702d363535
352e303135343334383365393434
2d307832383836333038326333363162653634702d31333236
3536303939353032343134333133303433333237362e373630373730323130363739323433393635353037313130383937313530313634343434373537333736363635652d363130
307835326363386437653166636332336665633861307031323931
2d36313237383737343437343639313737302e363534363239343334333830313233323233353432313265313637
3078333461643334376265663633626530653461373739373231323863303963386130613361316439702d363631
303331353632343030383335393233363433393632383632333438373930393038333932313834313332333838302e303239323135333137393465363937
2d3078373034393433346633396531623139613663303434353765666636303166643735702d363136
3834363833353233303738303631313633313130383833363733323733392e3932393031363530323736303839373431363938373831383231373635343637652d313438
30783138663464333539653570323133
2d3336393530333939313237343535343438352e3431363835353031383336303637343430323634383432313830363539323330383939353439323834313065343131
307831303063636366373338323736376365336662393135336464323761353870373434
3538363930363934333835303734373531323731333034313031323835383332333934393037333030313334353130323833363130393536393738322e3235393234353031343636363639363135393733396531313033
2d3078313663303634376562393561333136613165613061393963702d343932
393031313037373834363237383931373935343136373338393636383132392e3631393833343635373235343938323035323836333335333538333730343839363632363838363035363332303230353732353834652d363837
307831633731653836336162376231366131353539313862626532316230313534376665363661373036702d31303538
2d30393931373235363531313030373036393835302e3232383936353030363637303236373336323638363437373031333132303331652d373435
30783232396632663633363470333738
32323735313635383732323931342e34323937393833303339373730373736303236323638383539313430343930313236393531313237343336353138373531652d323534
2d3078373662393434376163383735366537316665356235313266303170353234
35333833352e34333465323833
307834613761353935366534316436623938303961333530393937626132333033356235306633306436363436353870333333
2d30353534302e34393530652d3533
30783763383431656365702d31323035
3033303339303733393837393430313036302e36313130383331333931393831353031323830313132303233383135353933343332313632373832652d37
2d307833366135643864306363336132333766303364376164333970363136
36343630343437363034342e343734303035343836383536373033303732313139363935373534383035303239343432373833333537393633303536363036393233333836333838353935373137373233303937373431652d383130
307835323266702d31323731
2d323837382e35393434323838373235313236353834323539383634383834323038323933333933393037353539353234343232393330383334652d353536
3078316236643130373664616266343232366138663765643233313234633831346266313365313370383539
33313431382e3065353939
2d30783163366536666530313430333465366165313939326234373363393937656137366237356438703836
2e333138333839353730652d353236
30783166333770393935
2d3930383130353133393936333937313039372e3332343237313139363234373435303933353039373631343039353739313734393931373730323931383030313838333735333734373230353236393839363039652d343836
3078363766653862336535366634366135376632656431336330326136303039626630702d363633
3934353838373834363133303039343538393334353837393136303739313130343537363138363535353231323133383636343934393935352e37343836313333393735383139363138313965343831
2d3078323739613764386333623864356235613361616463357031323430
3231323435383636363930373031343730363330353538323031312e3334393339343430353132343635333135323034373332343236353735303037383632313931313136303238303230383331353538323236313330323065343632
3078326235613366333665363464316664353335646566366636702d31313139
2d39323439343236313332383930353230333530393736393536343837323932393436352e373734393536313038383434343634393032343431353738323334323538313236343832373434383636343531313165393338
30786362397031343636
392e373631363834383132383536303232313934393935313634353938363431333632313431313232383435393532313534393037353339323433393332353234333037303538323435652d353336
2d3078353935316262326638303238666137326464383763702d393635
3135353337393932392e3538353832303737363930343731353631323134393731303034353136343531393239363137393937303536313032313539313935373931383665353931
307861626337353065623664393236376266663431363033303664303870333738
2d3839363035382e34333733353139303334393432323336323535333134652d3237
307834326137623332383662363135626561323938702d3639
3235373732393438353431313235393631383538323935352e33313730383538363439323139383638652d313034
2d307834303665353338346638616235626439323737353437306130393037316363313065703138
3735303130383239323637343834333333363930393134303633373937333739323134363238393538303837393334302e33323134373037313132343632323130353233383831383938393965363538
3078313937316433326264393932666139613063643830702d363835
2d333535393839383131343438373436313030383734353438383737393730363630313836363838333732363639323633363934363437312e343035343335323333333134333336652d313238
30783234702d353632
3336353437303236343530313539373038333736302e3534393635333835353138333932363832652d353438
2d30783232616138386633643137353763653637346434643839323932336337666635396264303462613370323333
39363033343539383031333030323831323438382e3331393236363737333138353136343938313133313035313030343334363933373135383730393338333130343538353136386531313236
3078396133363864303337643035326235663938393861343835326536646339313162316561383939702d323435
2d353933363331343236313438393835343630323139363534383831332e3338393533363334323532333331343138373330333838333730343031373630353536323536393134353539313632313330383130303436393938326531313039
3078316135336361613736396537623270333839
32382e313834303031333333343230353433323037313130343632343236383738373339313734652d353536
2d307837346130633365323432346538613230633431316366383262633736343761613134393161702d323238
3330313630333033393337303839322e313233373337343036652d3737
3078316434656136316436323637702d31333835
2d3936363632343037383633333934323831383230383138303538333030353936353838313538383933373834303331373036383731323537393738393634393033392e363931393831313865353338
30783362653238643339636432386630656539383865636137626235313663656165306234656362666465347031343732
3534343836353134353036303933323537393934393434373133333532303537343634333033333932333433383934393732392e37353736313739373035386531303435
2d30783161316566663161626534323336366439663233313538373266702d333530
33312e32652d343332
3078616138616234366139626562643163303662316561646335636164333661702d31313132
2d31373732323735303836333233353932302e3039383235303935313233303933363531303538383336353033363130333330353638333136353033393536343337383936313932313830653732
30783430313932343233702d363335
3330343435323132373339373738342e35393832303131333932336531313430
2d30783365393030376230643964633466702d31313133
3630353030312e652d343530
307862393237643630633666336133396538343932653033326236326665636530316661623562626365356570323932
2d3738393039313235363435363933343530363933353034323330372e3533303236373433353439323535303233303830303330323735393830393731652d373238
307862653765613632303363393937373264386435343738333635636231656234323766656130623370363832
36303636303936352e3932333636652d343532
2d307864656432353031636662323670363038
39333931373630393739323834392e3931652d31303635
30783333366234336264383532333933323133303934323863316664386170353131
2d3139323239303033383935373438383630393635323239343331312e31373831373835373538323037323135333836363130333136333033313331373532652d323231
3078316362663764663836396133702d333939
36343338393131313836303832323036353730303731323632303532353037323237313434352e34333939323365393332
2d3078356166663638702d31343430
353439383730343238323330302e333965313037
30783370393031
2d303036323539302e39393638383365313831
30783662646537313631326533306637626564643265336435326538633836663866653137383362313961373538617031333639
343735363439323533393234323533322e323337373739343465313938
2d307832313931623034306236363532666134373631393635383865633766327035
313837343933373334333738392e3739363433303739333231653935
307836383462353064393939616470323935
2d3233343037393230332e36333633652d323733
307833363861313434613263663838623236373331363131323937633162356161366170373733
3835373735313438363035373134363139383131313435363332303533352e34323335323136353438363337303637323336363734343834343837333238393431373531313038353832652d323239
2d3078333936653832386161663438303632323736363830353338646137313862336231353433326263702d31323936
2e38363230303435333365363834
307864346537626436306564623161343234653133623932336435383035633439343862303263383961702d363130
2d3439322e31363033323133313535343933323233373135393836383830363137363431333732333665323537
3078316436613737376464353634613532356533386435386536626162613964383470353431
323239362e33652d343438
2d30783736303464373765626666663462353530633438303666393364386364663563623230663662647031303338
31303732393734363638383835363735363531323536303736313038313534313435363237363136383637353135303439323832333638333336393639372e36393136343135333430343630393939373565313036
307831306436323062666266636539313231316436383530353363343436633361353836653233617031333534
2d3438383538303132373632373432383236353634383739303838373939323838372e313032333634323139323530383739356531303137
30783365326431346464656338333866373435363536663233633737643235383938646330383965702d313037
34323438303536333631383538333332343034383133323331343534303837353337392e323436323438333632343236393530383733323434313739323031313536333838313639323938343365313333
2d307835656665613963393433333062616432323836396164376430393564633239646163313561653830702d363730
3832343635313235303639373430353139373135303335363535333039373832333233333431343636303131352e3132303930333237353838363931343931333333373631353839323637343739353031383838652d393532
3078393663666161702d31323236
2d34383638393632393039393334373737303236323236333437333432393039363635343836383238303632393639332e343935652d3832
30783664393631346361383070363231
333439333435323433373431353333393038353137303831373239333135373137383436373232303837303131303337333635373037313333303936393037313030343430353637302e3465323938
2d307863336138613439633231613163396266333561316266373934702d31313033
363039302e32393038363032343537333639323333313430393630383531303335313237353935333437303537333236393132323739363639343231652d343531
3078396539383761313337623570383034
2d34383337323731323830363132383239363336323533343330313936373530353539353235363430303836363334343430343836323635333639322e313238333835333233323830323432303733333138313632323636652d31313033
30783364383664393066663237373035366232623532396366633834653362653566366564702d333634
372e39652d313836
2d30783165356139636665353335303570313730
39313838303139323034383838312e39353934393836393937353836323532353931363833393034373531303937303435363131393433343036333036383437383032652d313132
3078363964333134336664613138702d323338
2d2e35323539652d323735
30783332643135636265702d363633
303432313430343236303133373030382e65313133
2d30783161386636363534326263316262356463343066656132376635357031333634
3734303531393130383035303931313936343230363431323734382e333637323537303837343739353735333732373730383431333538303834383039393465323233
307832623761643637663430702d333139
2d37333533372e3932333736393239393931353333343136363235353235383738363830313033363739323830373139303137652d393932
3078663966336139386565356437333570373037
343733372e37353438373632363531326535
2d307832313338386539353862626238702d31303936
3536323633353131313339303839363634333033393338343932393836303239333631393031303935352e353536333935323531653636
307833333463623539323661366161376439613963636363327031343532
2d3733383434373730313436353738313234333039323834383036323831383631383539333032333533343733313131393633303332383937373036323133333232383737323937332e65353237
307831646139643136343066346661636135313464666437702d323130
3532343332353037393930383637373131323335363231303531323939333837323835353139333431363532373539343037362e3339353736333036363030313665393934
2d30783738343334613870383936
33353034353338332e3332343330653338
3078343435613365396331636361623231343661306664613065306135326332363362373862633170353139
2d30353232353136393233363939323437323535303634313934393239363132363130363436363632373935343330373033353536382e33303134353138383130353238333631393431303537313534383937363734323336363436652d31303637
307833323334323134306232653037623230346463643366643836613765323466663030306237313436323470353933
30373538363635373038363437332e3933323735393634353033393539353431303935343737353031323935343531363635363633303331323338333035373837303731343333333765383233
2d30783166343330316262656565643735386638613932702d323635
3038303439303633353732372e373565363435
307835353965323135313236313730343734363833646532356332393130373665656364353363393162367031333630
2d332e373935393331363039323438652d353839
307864316430636335616666616263702d353139
3237353439383538323230393032383936343438373637343730323038343230383936373838353139313439383935303339332e363433303338313036323638373430313534343335303865323436
2d30783131326431396633323630617031303039
38393534383937372e3538333032363638363137393535323736393130363230373534383531333636303136303631323437303539333735383839333838323832393139323665323837
307837643838702d353139
2d36323934383330323035373736363038383132342e3065363436
307831653839643838656232386162386661383464346436303035363339303035383337702d383034
3332313831362e39323138393532343132343333652d333137
2d3078326530356270313933
3338353033373039333030333536353730383530363431373831363332323135333738363739383731343530373533323238363531393638343633373732362e3531323933353435353436313438323830652d313033
3078623363303437373031626336656263326665663364346162356330383332656637653339702d3238
2d3733352e3136393130343430363634353637363338343637363632363230353132333835343536353332393936383435383934383930373238303038343337313139383934353265363039
3078336166666565616134343266663834616534323937643366397031303232
33383531383033313135373036393237383633363131323336383530383631393134303136372e38323439373634363732313065393539
2d30783564377034
3038323237323030363130303233382e383735393530343933393536353532313237303732652d383335
307865343739306531353962623161702d333730
2d32353139393837333037343132313030332e34343138303530373334353830323038303237383132373834353234393537333234383836363437353233333230373232652d31313036
3078363036702d3732
352e363831383631323238303639652d363530
2d307833323870363936
383637372e343032323033313238363730652d353835
3078623836303433383261623933626532373936393864616366353262616536343661336139343462626464623370393936
2d2e366531313130
307831646564396235336536326162383432702d323536
3932352e34313734303836373336383432373534323831313632323037383439313233313634343738363565363933
2d3078346239373965636363313066633338323934702d323732
383035363231373236353634322e3436652d343838
30783132702d3839
2d363437363738313232353630393434362e343833313039373735363232393131343836343238353832353338393736393336343830343433383338383339383635363435353033353537326531303239
307839643164656138393438363337666136326436393370353030
392e333037313836363834313333333432303536363435313633353239323934303533323065373736
2d307831333236333365353637353233616230313739333335326663323334313839383437613165347031313234
303235363534373537393036373837303932363835363138303732393836323133323837313137313435303439332e383639333136353436313634303438353139652d3237
30783638636330313733353239393238356431613436663737313764317031343433
2d393131353935373737343531333430323232342e35343535343138383032383037353765383336
307865313962383364646362366562613435307031303838
3036383437333338373238363539323239362e3530373230373535363535393232323933393633333232343731333537343130333465393830
2d307832626534323230702d363433
333336323031313534313538373937313437313531323831383031363332343332383532362e3639343132333931303333303033303465313337
30786464666361376231663561386231363870323838
2d39323930303231323932363130323338393236373237373031393531363931393739302e3038343235373232313737373337343531383831333534313237323436323531313836383865383337
30786230386633656534386132353366702d31303030
363239393730343537303330373830383932333132363537363438323139383736323231373837373035393936323030373633333139353334313239353736383836393938353831313832383932383432353135353331352e3039652d393838
2d3078336634376531363762333638353032373030383139643036326263346270383035
38303232303235303132343333333636373236313834353939333034393233353232323633393334303135363332373435373631383031303738353933323132373237303138343839313435353838392e3238373432373334393965373539
3078343933702d31323633
2d353538313231383434313339313331313537383438373034373034353032393138303131303230353734372e333237333736323430363539373832393536313439343234303237343335313533383839313132393230383830383865313437
3078313438366234366431333031702d31303632
37332e3737343039303238353238343133303532652d353731
2d3078323664613932356264656262653637643532702d313632
32333738313033313534393236303335343333303538313232343531343235343738313837343935322e3437393737323236303538383034303438313939323030343838383339313639363337353834363835652d31303033
307836616436306362313364633239393034633864343263353464343465633764702d31313731
2d3031363234353135333136333635363035323839382e363539303838393132383131373338373833303336393539303338363932653233
3078316133393064623065367031303630
393238353838342e3033652d363731
2d30783338373265626432653130323133376539393961643264702d31313031
392e3265373538
3078336233356332323938636334653537702d3930
2d37303331323134323238313032303330373832342e35373231363834363133333137363130393138313935333039393130383832393131313237333135323832393133313237303632323838303332323936303235373335313065393037
30783762393636653436643863633964633536616564702d31303230
313532353933352e323831313331343933652d313836
2d30783631336664616163366163613238363434366163383862663839373833336334363966393832636433333070333232
34303435373837313230322e37353136303732333532303732303436353730333031393231383434652d343130
3078323362627031333137
2d373735313734392e313935363738383565363439
3078316339363770393436
3735333738323032393137323030303430383137303735323435363637373432353839303339373231383238323930333436383937363335323130303930393834302e32303137333237353630343731353165323230
2d307832356533373361633731313933653431633261633962313462613631303230343962363534613438702d353232
383133353434303637373038303738303731303334393232383237393430363336313633363738333632313430363635393137303036353730393136313831372e3038353431393537353732653331
3078323832346166373633623438396537636439616270313139
2d3531323834343732303734303635383236313230303038333132313639343936393734303930363738343036353835312e3231373632373835303437353232383533373431343735323665333632
3078313363656639656131653738636337656333396665646561393934376539313437613235376362702d353631
3231323932393737333635353234373533322e393732363231383832343331373135373132313665353633
2d307833393736353534306436663765633737343536306131393861383470313530
3336343337313233393337373931363732373033322e3738333935353237373633383937343934652d393336
30783166366137623931656132343731633465663165343936643136343765646634653761353731363470353430
2d3134303735313139353737333939323231303430323536373034313538383035373535363034303731303135333139393234383732393433382e65373633
307832383932396664373330616232613831386534376266702d38
313439323332363433353438363733383330393036373334373630393238322e33393432393736363639363339383837343930353534353730333539373333383733383038343032383233343232313631383165333939
2d30783136323739633762623535333639346365643665303437396139323064326563376438702d363031
31373038372e34303739303339303839373835363132313339333831383138323830393238323835313131323765343338
307831616235363365666230363962636537656332326465373762326364376463702d31303730
2d313538362e353031383331393134383737393430313433652d393731
307865633366313133343364702d393037
313037342e323332383833393233373738363736353331333434343739363836343165353633
2d3078333733663336666333303537343538613666306232306239376138326538353464636462386165336370383137
322e652d343634
3078316662373332376231316563616161653636702d31313737
2d393632323139303435353936352e353132333365393438
30783133346436613865702d31343430
3233323334373934373232353638312e3934353133363136333632323639393930363833393934353734652d31313337
2d307832316536393639613070313734
32303336303632363537373933383832303632323530383934373731383733333936313036323934323039333833383039323339353232393731382e353834383734303532343031333633313737303138333433383630333665333032
3078636164303162343639387031313834
2d36353538383632373035323434393035393430333538393533363739303438353239363238353136382e3237363435323839323730363830363538343439303337333435313139353539393765313836
3078353166383233376437396266326239316261366539393539366465616337623162333435653465393665702d313238
3333322e3439323531373930393233383531353830313135652d31303234
2d3078386535653336666637317031303531
30323334342e39343033373335652d3731
307862336437387031333530
2d2e3439313835313232343336363430303334353231343732393265393734
30783161323632702d393135
393235343331342e652d323231
2d3078663934396632623962636136623532333139633238376236303438393039623661643666626434646670353737
30323430313637353233373939343734343934363733323837313932323239313439312e3836373538393632323038333737363136363938343838303037323438353532383138323837353132323437353332323031383335652d343030
307831626664373765363532633561616436653062366432613035366470363937
2d37313635363038393034313938313436383930343939373933363538333531333337373836333333313834322e33353637393632373930353935333933303032652d333836
3078323437633337313465383535353631702d393234
3234343431363933373731313738363332353334373534343538342e3434393634313130343533333534363731343965323930
2d30786162643039636133643530623336393163376438343539366464303839626265702d323732
3330312e3232383334383032333530393239353437353333373133343737323733363331303039333430353439393237652d353032
3078343635633665316436316265383762633938383863653737346138393064346138613837356362702d353835
2d35333836363831353130393736323935303237353232323232383633393437313938333836363531363339393434353231363139343831372e343333652d373731
3078313437373162633336373166653735613063373663353835356470333631
39303336323431383831363531383032343134343638323236323230333733363133303538343733333134353138393232383238363539383231353532383838373231383231363136393733362e35343633652d353733
2d307831653134613232306635656463343930616663303864396538666332666561702d3433
3038372e3133353537303333303137326531303432
3078313463633565363063323062393433373130702d333336
2d3434373830343834323737383836393330383531353537322e33323137333734653234
30783133663062653336376264366433393563353163333564353833386665666439393364702d31313336
3030303330342e3331323832333639393434363932333639323633363938323032353430383832373737313932333834652d323835
2d30783333623739356430366263396239363232306670343235
32373534393139343534333136363531343236343136313931373334373635373233333537373037333837363934343632373336393533373336373530372e652d333838
30783835343064303665303261393232646262663261313061646131663734377031303731
2d33323933343934323539343632372e383665353530
3078333137656264363834316135366437353435653937633235646333702d323132
37372e36652d31303137
2d307864613661636638623130626670393039
393438303437323138312e34363838383765393430
30783231356634646632376538653535626661333563633261702d353034
2d303531372e36353932353534353239313231353738313939353631383731343830383330383033363237343739363731333030373535393532373838323831313630363137383637323131383531323138353838652d383131
3078316536386437353364636434396461393238636331343334343133343364373631313564346434613470383839
393930323738393831393733323036313437383937353732313330303534333730303732313537343735342e30363937343432323936652d333235
2d30783165363365307031303836
323433333932343130333339382e3635383136343839366531303135
3078323237633166646338396365316663633530393631616361623533313533333665393664313532306362627031333234
2d30373937343735333936363836373731362e343837363139353933333536333833333937313135363431373339373436323232353935383635652d373831
30786435373530633362613835333670363439
35333339363338393538313931393739382e35303237323031363232393531363834303132373036363130353235363937323436303639393231313237363835353533363939343638373834373034373233333632373637652d3234
2d30783430613437383030396165616139646538343435396532616136343562313066333033386261656162656465702d31323330
363634332e3230303430303030363435393235363533323534343835303839363439383433363837343134303332373836652d383838
30783364613534353833363736303261333833353632306239623438643366333564303738643065346332366565702d31303135
2d3932303033303438303133303031393832393637343434372e323731373935373231343135393835323830323835373032333736343237393365333636
30783132346365313962313030702d313938
3938383036303433303439333333343139343536353432363034323535373332333539353032343436323334323238343235363536342e3537383636343039323932373333393237652d333935
2d3078643363656270393837
362e323539343236383639393632313938353338353037303733303836373230363865363032
307861653332702d333239
2d30353739333334363233303238353636383433383832352e3936373630343538333236652d383232
3078353933316566356663702d31343234
30353934373437333735313033373031333839313438383939313638313033343034392e36393738393632383938303639393331393039363734323034326531313136
2d3078333062633266353963356463353432643432386662313861303364313030636537663462702d353438
31343832323532353637383234383431303339343136343237323733313730313639333536303139373939303134353132383631363234332e3438393638323832652d333536
3078633237336432702d333038
2d38352e65373138
307837643862343834656435646334656536323430666462663936702d383532
373432353733363235313137362e36373532313234393534652d343734
2d307866646463396630323863616265373434353962347031303535
3133393236323639353230362e303031363539652d31303238
3078316564366361653832313062323764702d31313230
2d36353831333139343136312e303537373533353239363832363830353832343330652d373733
307834353238343431366370333239
34373237333332373137373234363831383231353630343331313336352e313432652d313434
2d307832383632393734383835396566353435383630623631702d373330
303139303331313137353636383931312e363736313732343130343238373137323934652d333538
3078646663383037647031313439
2d3832353834303431343230313130323531393631393632313638303738303532353234363338303834313239322e353131383035333737313437333831652d393632
3078316566636466633763333235353636366434326564313465313264306531383439627031323838
3638383731363937373630343937363230322e363265383332
2d307831343330336338636133346336373836343439313562383635663937633837313562353830346433702d393633
3332383237343136373132343439343233313032363337363032333138373030343537313134373235312e3232323735383434303938363765373733
3078343737666536633034393266376336323531666132333161353238386635356132663233702d353930
2d3835383830343337353834393934313138383732393939363734383038363737313830383433333135373432333135352e37313338652d383231
30783261373339663335333937333338616330343732373933646330303931663463386137633431633565346135657031323636
3435383737393434313635393137323333373737343235313939313130353938363339353635393734332e3933363635363537353136373331323631313836313732313233323834313631343037343735313538652d343032
2d3078316562393430623363313462323432326361306462613664333362613230666570333534
3030333336343637382e31353932313831373236303533326531313432
307832303465656530626163356133702d313333
2d303436313135383235393636303539353833353132303831332e303530363037373633313733313134313031333632313237333237333733313432373333343131333331323632303736363138333439303037323137652d373937
307836636435383831313130386665703736
36393733303536362e3535313133353232373838343133383135303936383730313937343031343838333531333738343133373832353733353135383939393536303439343136313439303934323638303635383038652d343832
2d307835656338623530613930313338363535346531383738373964613138623761356138346462646133336666397031323837
333530373634353234362e363535343838303134333537313031333933303031373739353731343538363939323765313535
307861373235643433653663643233636562343933326462702d383732
2d36303737383237313434393134393139393034353730372e3333373835333830373931333835333432652d343533
3078336665343763633435702d31303434
3031333031393535343937373231313130353538353439362e652d353930
2d3078316132383070373737
323337322e34652d31313239
30783270323536
2d373031353832313436393038383130363533303437303139333439382e3230383139383031343238383339303539383534652d363436
3078373634656530346666626335623266333835616538373739613235303461702d393732
33363337303633323234363035343537383531313735323836333239373438363832362e33383738363434333031652d333535
2d30783663643362346130386238353532393831346166653963396466646434702d31303433
2e33313338323236323935343431353031343331323237303130323034383636383534353233652d313033
307835613261626531333533663763383462613765663966646237346161663833353732702d383633
2d30313336353632363733313439333337313331313038323431393231373231362e353831333038383534373737383339373232383331383834353065363932
30786633656435333366643837656234702d373337
3137343634323337343435343936353534343934392e3032303331313531363432393636353137303435303535303330343139652d323336
2d3078373761393565343534356335702d363632
313936333738343236302e3338333065393636
307833373038702d333436
2d313439323934353633353334393930313036332e37383333373733363835383335353965353337
307831396336373238356235636330393237306131653131623970333936
36383733363339383236343837393031343837323933353639343531333138363135313431393835393438303232362e363031383335373730343230323130303437393634323432323831323734383236373237652d363231
2d30783364393436643365702d353530
3132332e38313532323565363236
30783738316666336163376362363336626465656139626432623836363164363935663563626270333837
2d31363638383032353437372e36333537373837313134393230343638363636363834373637363437353137353037343732363532353931323937353432323931323638343739313531363239393736393239343139652d31303439
30783366396262366233383433333732633231376364333064646132613838306432656434383334323536702d323835
3230313438393836333431393237333339303238323436343532353137383937353433323035313838323935383439343031303136383139353032343731303936353935333335343131383537313835313631362e383239652d333838
2d3078393563373130653264643331356135326165383164313865323438366561373270353433
303239393235303238313632333638383133332e3236343437303130363239383137353065383538
307831303866383731633436303933393665656661373965383030383834366361336234393637656265306338303970383134
2d323639363730382e3730343665373533
3078626436613865633963653939333335653439373630663135366361613763383064653363653234333634643938703436
3731393938383632323535323535382e39363535323034373534353839313938363835383836353430333439393534393935363136373335343139343332373735303165313933
2d3078313864646563393332663531393261366237663435356562633637396534663637373136343834386133303534703234
3539323534363532393435343735373831393631343535332e303739373839373631343936393933363834393236353134353231363633333339323638652d353535
3078363037326666663236393762303064373332702d383539
2d323530373938303835383034373234383734303339363338333636393739363833303533353336322e343233323132393031393333373535353038353832323138373335343637333832323537303339323832343234333034652d3539
307833346134616161306165643466343737633535666462353636702d31323932
38373837393932343330353139393238383333363931363937382e65383635
2d307831376462633566626538336362357031323835
2e32373132393130353065393335
30786438373761633431633632363063653461353464702d31323731
2d38323439303735303639343836383832393033392e39353831343331343639333535353030373237343439652d323431
30783333616266376334373636633931333330346170383435
353630323930323333393930393833383937343835343234383539333731323739303630373636342e3139343934303433343236323430323634363035323135333130333738393335313835303937333535343030343565373334
2d3078313833616430353564363665363333323666313562663930703537
33353131363236323935373937393936393238303036333236353335303033383833333738323231313237373336313337333335333235363731333435373830303236353031303030392e3834313434363330393531353665343530
307865373162616531702d313236
2d30322e32373832313537333431366531303238
3078336436303033633435303162326232326437316336316635386433702d3532
39383139303939393736383235303238363830333030323032313136323734333830323239353737393933313435323239303235353731353830303134353735303637373835333539383930323437342e3134652d353433
2d3078333039613462346133613638356633643963303763313637323338303634653764623230393970353732
3137353335353437313137343139313131383834353838373335322e38303533373336323530343030323131652d323434
30783164656633396165376335393561303861373770333432
2d302e3532363334353431333931343031373635393030313433393531353638303834353530373134323865383834
30786439356436616237363231626434663235326339653939623032343470353333
3638383930343934363635323034373530393731343830322e3832303532373730303132343435353939333537313834353735303336652d363438
2d307833383362653866633063646465646336623331633139353132353632656537633165702d373034
3930373435303231382e343232303334363039333136373038383635333232303865313235
307831343364353361613234333265323138383461353237306130613761636139702d31313238
2d303835363235343639313839373034362e3635652d363934
3078386238386362303233333537702d37
393631312e3432383832393239303230363030333139313530393635313533383433303332333135363835323835383039652d373835
2d307831373337702d353939
3838343533383035313632383432383336343031323536393939323535343534343639353030363632323731332e3734353233333939373331393234353532343036343138373636373139363438313935353638383434363839652d363739
3078307031313031
2d3339303536322e3534303734343436383430343532333138353037393435393834652d353935
307831333834666266306334643938643736336433386264376165702d31313633
31313435313531373834353034353038333739382e3536393038343365323336
2d30783434646330623231303439623664702d31343632
36393539393438323337303034393438333634313836313234322e3230393534363035313636333565393330
30783261613831613966353566623030303134663432366164636470353335
2d343032393634383936372e303738343631313230393530353031652d323033
30783137366234353762346636613733623937616570373439
36342e393934383335313536323265393633
2d307835353266656265353031306363653030702d323637
30363133333930353631353731373433303134383735373031373433383737373734383338302e39313539393538313532333336323436652d343530
3078313734666170363836
2d3930363832393733353235323734362e37323835373233383338373136343138303435323430323936333634333734343837333234363438303637363439333034323332353633383032652d343732
307866313333616335326437373165636230616434636330373262357031323932
343634393839363632353637303637332e34353237363039333435373438333739373435333431313330373665333131
2d30783936353830353734656363643136646234623634303163646537356237653630653363373030367031323235
39383036383432353837383433393432363138383033373438382e36313338313539323132323436313238393439353336393239363436323065383539
30783763363238613766323435356139393632393536653565376634657031303339
2d38393332383336303034383934333635363939383431303037363836323435333733313730383832393235323930343930303535333039322e323039363339323033353935343235343830363035383036343230323133652d393331
30783732346331347031303431
342e32383831353633393434303139383634363334313633323838652d353536
2d3078313133663463633461373938646265346636633430383135313566393138306565387031303233
35333334383034332e38383134383165363132
3078313139623233653663343733363734326270363339
2d332e39652d323433
307831356531363233702d393833
31363031392e652d343335
2d307834313331363163383462666535333937326663353439663032633036616437363232353335702d383934
3039393930343038353336363135393135333333363836313335333031393530343036353638353231312e3231323135323038383739383638343331393738373330303633333536363133652d323235
307835346639633362623335366533393037346362306636653862616634363236366562702d383039
2d3934363636383838393531363236303837313034333439373931393332383037303532313030343432372e652d31313037
30786635373366336365323361702d323237
32353832343837382e65373433
2d307833326631333862616370343634
39383931333732323738382e36373436353031313137303330363233353265313939
30786233363065636438303466633731702d373637
2d3539303737393632383134383633393838383533313134313235343332313338383135382e65353637
3078353737653162656330636430623164363934623438336533613434323064316333396470313633
302e353233313738393535383434393438363932363438353433343334303334333233343737363739333539343233383232303033383037363734343232353431303238653339
2d30783136656562623966303631626331663066396261346364666135353836643537356362656131702d333533
302e363139393733313730383437383536383039363337383036393333363365393439
3078613964303235336463386533363365383265373036643070323736
2d3639373934303534373831312e37363136652d353833
30783362613830373135623538653165666139393734643870333337
2e3165373139
2d30783133383735633433653065306270393439
33363436353136353139333930333734383133303438333836333336313230373537363633373836343235362e37343930303435333732363139393437373438333239343432652d3838
30783239353632623561356662383336363663303434353030326137623262366670373332
2d3538383230373537372e303031333236303530333430333231373735353134303639383735303436343431652d3739
307835633265643366363935626239623139316170323036
303530393837332e3332652d313631
2d30783136393539373964346670313633
31333339362e31353731363931346531303937
30783133353862633861666135353670383931
2d3132363534363139323330303136333835313339363630303135323230303430313336373737353337322e31323437333630323338313738353038363534363137363065313138
3078323466663134337031303731
3938353435313231313630333336353130313637393132363436363331343339383938313036303638373432353237373432323431343933302e35363338313734383137313465333339
2d3078326161646436303030646136306562383761623831613737363539306136303162336264346539656361702d31323239
38373336303532342e353234363638373331313531353839383439363433393038323738323731353632303438313135343336652d363139
3078323566363666623564313837323631663163303032393663383866656270353930
2d3737323030343233343336363731323834303333333831383633363039352e3030333438343436383136333031303865373634
3078323936346638376238637038
313834342e343933373030363732373734353331353634383434373433323433303032363739652d31313235
2d307831663761646561323631643630363338313770323636
37343237333738303835373630323032323335383135393835303338303432373637302e3738363230303138323836343635373033383833313434343734363538363836313630373731303035652d393331
30783862663762306632376562353738623866303136702d353734
2d3731352e31383333363030343337383535373339383434313130313334373036303237353834353939313636383236383033333139373236373333373331313738652d31303433
307864666538353835702d393235
303138363131363435323735353430312e383033303939383830303033373431393532652d383435
2d3078333865383761383232666464303935396333363931366365313736613864656139356438396466663070353138
3936323937333438352e323232363036373130333637303030313238353134343335343634393939393736383032363635393931383631353335373733303733303965393131
3078376530333165356533363461702d313437
2d3731373132383639353731323030392e3239393065393036
307832386536613962326466626261702d31313433
3333382e393637363834373265333935
2d3078376130383566663164376630333066326539633939616161336664326439616632306166306237333635383070323232
3839323334383838383334363930373139363538333534343634363932333834343131363930383137372e343436373733363734363336363765313839
30786334306437613266613538333465356536326531303961353332363239363864356138373762653570363336
2d3334372e333836393065353030
30783165616664373336306438653062613935643231663164387031333634
393438363933393132313430303733393833393433383633363233313531313938353239323438372e3236363136353737373635373936373131383135313433393130313934353132343130652d363539
2d3078316565363164316263616138306534333036373038343739306230386231616235702d373032
2e32373133363433313931303436313933363736383432313136303831303237303533313535333134313435383437313438343938323538353130343730653836
3078346535613765702d31313136
2d34363637383533303031323134323932373534323739333834313731313837353032343638313934343037303436393935342e313633333035343532313732343934323939343333383632303639333638313537353365393335
30783134633564373133616565303464626236646265643864637031313039
30363132333933363738393538383133373936303139393831333037323035393531393732353237383431333431362e3433326531313236
2d307831643930333563383636663631313335326531702d323434
36333137363136303031303135343136383436373439353531313032363033313138312e3738323233363534353134323738343231393830363436652d373533
30783634373862313465636364633766663834636632702d343133
2d34333138303632382e3034323838393532383433363638323538363537383231652d353535
307836316632346636353234313734373334343061386636306631386138316466623034633363367031333831
3237323134322e303534383137353665313637
2d307832393864323138353337653235373170373437
30323334382e32652d383036
30786432663163653931333861316539633361623134343964316664393864702d323134
2d393730353135333334333133313533353730362e383435323435363333353934373233323430383031313333313039383034363437343630383765343831
3078356535613539643530643930313564353635303066702d353236
3439373635343234302e34323736343034303934383837313838333533393430393836313035323638333931353035363236393838652d333132
2d307865353965383133646535623835336431303661373936373539303837663465613365663370353635
34353532393238343035313337303338333638323933323738333531363739363333353031372e3533323334373234343835353633353938363139323135323731383730303739313331373239313839652d343332
30783836346570363132
2d37313632323535303830393935343337383431323831363539303030333939393539343238343031313034323034323539363233393735353335323637363138302e652d343833
307837313036313830373437353830366430613732702d343632
3437303432323432333037333030363431343730343939343137343139313633373537363633372e353933393834303230373331383138333130313631333332652d343235
2d3078336433386565327031343331
39323735323937373335343835393134373731353730333735313535343230373839303933333636333135313839383134323037323232353239343539303132392e3335333332303939326531313439
3078333662363439613861633534363263366633393930656636333237353965323965656470363935
2d3238363733323332393637323832323739393730383437383736343432383233343833353436393133363632313533363532353437313133393435363537303235353133322e343339383433343539313234373865343339
3078653233643462343434653438653136316234326539666363336337316435633532316239333864396664702d393836
363532333236383536333435393837363631363533313434383633393638303737343534383838323936393633373834363436393130343238313834322e343339353737363565393636
2d30783239653863386262663162363764643762663033383162336436613661333562623935326361702d31333237
353034363237333836352e393235333135343031393734323934323532363238363439343035323830303065333839
307831363635306431353265336431313862336366702d31323833
2d33352e3030333735353837343734323035373138333737343437313932303034323036323736383735373639373135393132323931652d343336
307830702d31303137
303933333130363339313139323733303736383535363333333637353135362e32363933303833343433343133333339303735323339303031303332303634343230373832343039333831353365363938
2d307861646236623562386563343332623837323470393737
3637312e37323139303136363837313639373432393634383839373239333231353333383034373539303436323730313932383234353139326531303338
3078373262702d373830
2d353237382e323132333332363739303731393930363239393733343338383139303136363733303830303234363336373735393634313536383934323231303334333836323530353365313533
307863363463303664366362396266653736643765333436376334643434702d363332
3636303533393732353639392e3634363639373234373635333839393330303432373139343836323438373230393236353631343035313965343438
2d307833646265383930656562353062316262383766393566307031333833
3935322e36303330652d323638
30783230702d363434
2d36373431393034393130363839373138343930313234393636393830363333353135393730393530313336363230343636303532303130363337333432363438382e303935373833303235652d3331
307835386534643735366662393631326539303864702d323730
2e3734652d3132
2d307833702d31343930
3939363636363033373133303536333531313933343134312e3637393937393334393333333332353439333232366531313239
30783339613333663863383761303231383833307031333133
2d36383533363335373336313335393137333835363931333839303531393936323739372e33393465313336
30783362363637333438623064386462326431633833613534366165343665306663656437663136346362702d31303435
36393733303333313835383436343638382e323934652d363538
2d30786466353961336532343661376531646365623065356338333234702d343732
3436323731323633373938323535323637323538333430303136383933323434353039333537393632313631363537353432343033313736373938363939363134313539333838392e323731363938393333303934313537316531313138
3078653465663463303632323735343738633030633530396634366532396666373036633463313662653832702d3730
2d35343736303935323336333135323934373530363433303136323135303632373831302e3631383838313835333638303330343333353332393633652d363737
30783262316662353031623162376439383033363130353432663261393362373732702d313137
36363734322e36303033323133373839383832303633652d353537
2d30783637393630386235702d31333831
373138383330383333303330313034313138393133383532322e3736373738383434652d313036
30783135643466303331303061323761613864343435313834363732313437356431326236703132
2d323337333739333934323339383536392e353838393334333535333539383839323131323865393536
30783461393137336138376632323639663139703233
383430353031343335333330343434323538333138353239363532343736373831343332373438363732363136303138353939363738313235323431383939373933363632382e36353833313033363537353338652d31303033
2d3078323763356262326362663932383261703233
3637323639392e303530652d323535
307861366636373664396130303135633630636136663761316438656361353864633970373738
2d3734313737363333352e652d323730
30783531653461316561633461373935313161393933616261623664666364313761633430702d3134
323833343136353334313039343934383736353231333132323636393636333131333930323037313335333331303432353537313833313638372e3636393739333833313036323138363634652d323330
2d3078386170383638
39333431383930373735352e313731343631313831373932373639333465383238
307836316666353961653164363461623231326334323632363838633264343133393335643833643432376370343934
2d36372e363439333033333139303139373535303632393730363565313130
3078323361353230303839333333386434653934363666643435643334383339323065313965323435306161333537702d31303531
37332e333939363931383530343538313430323937323334323434393334393331373539313636333836323130373733323034313037303765323134
2d3078616636383564333734623435623334643337346170383833
3434363038313432372e3137353231333639393933303235383533353439353836333737353133323934353332343937303430333635323739343531323031353133323939383339343136323035652d373131
307839383034356464326534626633383139623363383236396636323370323733
2d33333939313031353430302e313531333330343039303038353835303331313836313137353035323232363238353435373439333231313339333037393932393832363231376531313430
3078653834626138383235702d313637
34343335393231303133333238313733353738313634373532383731373438373236353237323135343133363532383634373737343438353936333734372e37652d313030
2d30783338333430613064363134306134613838313137643061613861303932313662702d3434
34383838393737353134343831393835393835373335322e3738333934353865343439
3078336139393565623235616134316234383537663233702d31303132
2d3332323931353935382e38652d383835
3078316139653264336532386635653563336161356432383130663765613130396337343332653563653170363333
343934333236383233383032383334362e383433373930373032383438373234306531303930
2d307834623070333335
373836302e3232373539343331343830323539373433323534383331383238383630326531303135
3078346435363762313862346236666338333662663162366170343235
2d36373433393632363834383635313336313538323230373139363234333835373130313134373336332e373431373137652d333730
30783331376263376234356464653366663236313261393665376466373834373365653737633538656270353334
383239313130323532333236393234393730313332303135333835303433302e3731323134313437333039393539652d323935
2d3078653634613733623170343232
3739342e30323030373736652d323534
307833663762353966343264383265653464623136702d333936
2d36333932363832343337392e343133343031343638393232303336323439383933393433373130303030313738313630303632653134
307863313736396231303234306132303361373633363331663638373034613561626461702d383039
303639363031383433383839342e3833323133393539353439303034323637313330373536303831363339652d393538
2d3078366670383130
36393637393838393331383039393539343730343437373132353037343034333530363037333438343133323536343030363534303637302e323234393633333235383430652d383435
3078373162643361373939383636393838633438373238663535333665613736633864396162616466623264702d383235
2d313738303536323031363436383138313633373831383630363439393839333431343231313737372e373230383533303733323737333237333733333038343530652d323834
307836323130363730702d373235
303133312e393132383232303938373430363533313539313333303337363239343530313232363837333731363437652d3635
2d30783163323164373763393833366139396431702d31333238
39392e393133303436383737343431652d3137
3078313032616437376133376565336661363463306663623035702d353238
2d2e3633313233393238363531313232333938393233373738323965343232
30783332346662333934343666353232663936353234343130653064636637303935623470323438
313532353137363535352e3730393631303532303531373631383231313865333635
2d307865613064316463616664646137333139303439653861347031323437
373839323130373135343731353230373139343133303539323437383533333836333034363630392e3639313731323265313038
30786336653635396366663036702d31323730
2d323535313935313034353530303434352e313238353932363433363532653332
307839373732653962623566623063323630316232346635666336653733663337316263616531702d373334
38323135333236372e35323535343331383332333833393334313737303533363538323935323033313439383730353334373334383138313939353032393834323938313630343731383530343530303232393739313339373465363130
2d30783634643937633031702d383033
323432343831383936393236352e652d383436
307831366335613861646634702d353437
2d39353233333032393531383634363436343832333233353339333834373432332e39393937363637343131363636393233343638303431343831393037333430353433363230303834393931336531303333
30783237333234333034646634633536336333363436702d323731
393239393337313033353935363732303438343034373936393634313035303132383935313938393138392e36303335303430652d373734
2d307837313837663137353431383535316466633265613964643564702d31343334
34323437343435373135303139343236373637343336393938363537393835353033342e3233323836303165313139
307831656561307031323933
2d37333332383236333939323638313638353439313533363433342e32393939383836313933393537393133323537303033373565353531
3078643365316266666333363130633037366134656470363034
2e3033393734383735363336333236333438333230373531383839343033343938393636303434323938323836323430393938343835393932373234393132343131353439383834303939383033363431363332652d363739
2d3078316261626462363861636332366361396361636430643730333731666435643464363162646536396170343130
37383231333036363138352e373937333934363935346531303339
3078313534316138666130333263313239613635653835333366306262656234376139702d363139
2d3632383937343932332e36333634313834333235363438353938343339353037333730353838333431333033363136303636313838393731323631313538383235353835393565353732
30786239316130343866623432376366347031313333
2e34393139323336373037383239363730363931323133353631303939323237343437353233333736323139333139333431303737363937313130313339303334323930323832323732323137652d363532
2d30783330323462663666633131666465387031323236
323832393837313637313035343432353737313739323330373331393333393430363233393038303031333334333730343133323738353738353638393035302e34373632313235303238353038652d343635
30783662653633333361366635393364373861616438373837376664616339623366666663303133626436353161337031303533
2d313934373535323637323533323638383431333632313730363434342e363138363734343535323137333236353539383165373930
30783632373763663766383334376365373663376566346365366439383062353566646430336430702d333037
303733303539323136343336363435312e3730353631313138343836383330313237333965343936
2d307839666631393537333234656466336536663436383838383532373262393762323062667031323132
33323037343133383131303832392e652d363138
30783130363865626363663864326132646664323533643538363861383464383466643533336262366264613966702d353231
2d36363032302e652d313430
3078316235393665306137343361386231653965376461623035363930626366653833353732313238367031323632
3633343835343938373136393737373837333138303232373038393032353037323437363037312e31313538323933313137393732652d3835
2d30783831623936373861303965373936306330387031333236
39373536372e652d323638
30783164396370373431
2d3131303438343537353538343130332e353538393836303134353230373133373433313630373034343431652d343132
307833656666666562393461333662316164616430386231313933703232
33343536393735303038302e363134363238393634353637363535303830306531313236
2d307831316330663539613631623566663730316637333461646663343436633632366435316334346366702d333534
3332333337343135393732363336343136322e303630652d313737
30786530653832373161353733386265376163356535313733313334376661363537617031333337
2d32333036373633313034323336333330373537393936303938322e3832343035313432303832313736363032383435353535652d333235
307835663230623963663262383134393270383639
33333631353038303933383631383135313335303433333335383535372e303433343933383635373032343033373336383236303032323337393536333438363031393430383534383036353337313233373034353334652d323034
2d307831356330313265306530313932613739643539313533636331396138373661613237626538702d343438
393431362e3734353438363132383637313665383139
307835323865613837653066643961366139326470363832
2d333433363038383131333239363232303131363432353434353736313136363633383336373133363532373534353231332e383238353235333836313634373037363630343839333939393038333136313337652d31303539
3078316266313930323036613366703732
333937303136343733333434393732313435353833353735353337313134383030393631303938323135313236313233373931343437393331373630383830333331333338373934312e3032652d313136
2d30783933626462393634373035363761653464313530303662343634643439646533343234323935637031313438
383738383532393537372e3234323436393431323630303837373735303232393834323133366531303832
3078386335663733393430353938653961703135
2d3333333630333939373536343838373834372e363835353432333233363837383234383031393031373337323165343332
30783465353135613135356532343166393135373263363831367031343632
353333333330343130372e323736303130353630383733373333353737373532323331343635373532393933333032313339383938383637343833323534363038363237363635353965373337
2d3078333562636134613366633466393034357031313738
393936332e3530303633353331363535323034383738652d343634
3078316432393763366532383437626337636136366233346336393134616232663463387031303838
2d313935393236363730313234373332323437383535313831353530333437343531393430353736333233303331383539343837373831323934393932303437303734312e32333465363036
307831653139396470323231
363636343037303634312e3331353533323731303638652d333533
2d3078323734326562613661386137666162343963377031303432
30333737393030393635373838303239393338303434323736333033333032343637323132323931363534303033373034343630382e38313335303535652d323134
30783236353431643532313963702d333733
2d3136323637333931343538343237363432333837363230353830323436393332383839303631363235343536313236343535323835383431313438352e35303433313432373738363233306531313133
307831383631343563623337323663396361393833646361636536336566702d313830
353134333730343137323932323338333531393838303432363837393434333632313632363930342e3233373539383034363830333236303538353834333030323631323130652d373233
2d30783632323364343461313365367031323732
30343539343139353933363135363131393237392e37353039313330333537333835333839313735363933363737343631393134383033353234313236303030353234373165333334
307834353131386538386261666465353137366330323737626666353838656164702d3931
2d33373030303335353438392e35383231363134313935313535313633363632303339383032363535303134323136313033313536652d373434
3078316670313331
34393936343135313036363933313435303937313439363138393337353930372e313038323138393131313438383337383531383631323334383339353339353132343133303630343535343730652d343032
2d3078356339663335396539343730376130643270313732
33303837373637303831353434343737313533383532313834383934322e65333634
30783938313661366430316438346337646135623334313432356464383230702d363431
2d37353834393738333632353330312e353935333631353538652d3633
3078636166323662626631363939326265702d3530
34372e36303234323134323634303339353239333835353131652d393636
2d30783161646634347031303635
30363533303233353333353734303335323837373737333139363630383531353036312e35303137383830303535333735323538363237353637333139333635343739313236323438333433343237393335323037393833353539652d323033
3078643232303361363466306638316638313462702d3638
2d353536373832393238332e3030333335303637323632363637303933343530353531373934313831313865343731
3078316565373570333535
3834382e3736323535383833323231383434363539333465343436
2d307866702d34
313939393638323834343837383735343937333030333732393030323538383034313337373435393739333534313731343939373632352e323438383833383530313533363138373439363638373733313335343365333432
3078363736702d333437
2d30343431353232392e333233333735333438393335323665383638
307832313532333933323361386635393630333070373631
31393330373131343137373433353831373433343836372e3731343136313136383638353832393038373235383636313531323739353434333535333565373638
2d30786166376533363962323365633336663530663063656365353630336670353338
35363638343230393530322e323032343732652d38
3078656236383634323239702d31323233
2d353933353032343538323635343433353333383337363233372e3835303030383335343639343265343532
30783631326364663532396633326166616537396439386537643830643031643132373336316330702d31343537
3632323137373632353233333138323630363137333835352e343331383534303039303738303932652d343430
2d30783239613762383164373735633231363365626432366666656636663570373939
3237383933343630323730303637303430333431343034373231313730323436373738363630313031373130392e323132333439373232323836353031373030303331652d383931
307831306633623665386466623733636566393263393165626562313237333363616434653337303663702d31333033
2d38393135383233353331303334323634393332372e373033313034303738373732363430353331363632313433323335343238383633363533363638363933323636363439313632313837313833333130303465363031
30783264306338316661343337303963653464393634633136613063343061633963663734646470393633
313332303738313934333435313835353136393336323739303039363732373735363439393936363637373530353438343436373538323230343439343530323439392e35363865353730
2d30783137303436323532363534613530643364653335633665326262656534653033313262353236333265657031343834
3836353337323230333033313930393738303134333833323931343137383534333732383030372e37373539383033323334333337343933333435393337323637333039393632383235393138343137323535396531303638
3078313130623038366233336339653138393161626238336230653638666635376462702d343635
2d3636332e35303531353831313531363333343830323031343334652d333134
3078336136393334666461363737663133373370353539
30323031353733333035313933312e35652d353434
2d307834373534656235702d31333530
35343530343337333333353336393730323737383533303030353637383539313337362e3239373838383138363965323335
3078336338396265653832636535623562613833653439626666353565363830702d31303034
2d34353739373032363830303536353635312e313131343138343033303336303138393031383137313538373137353539323932363631343237373535383630333736313532343765363838
3078313733383933383935396562636633623438646461376339393436636270383639
323237343235363235323338303336333636343536373533353138323437323734393635352e303130363138333339333339343334343231353730303337343430313534363065333331
2d30783731366531396532626165646364366264313963623538623665303631633362626536702d3737
323532393134383336362e3035353132353532333433323535303933373936323235383237323230363539383731383335353534333332393230373437323165393031
3078343139326266633437396438323630387039
2d39303733303130353132393838373136353135352e34353534333435363336303530383735323832393439343834323739323133343034333239303633353332363136373039383530323030373131363830323837383736323936652d393634
3078313962333230353837623466346364353034616530366564663136343936316370383939
303037383432323035383237312e3332373037343639343737353633383137363639373533373931343937343137383065313738
2d30783636366636346134303562373561313035356533343662326537623236393562383163646264637031313937
323934353830302e383135323537353134313339653633
307832616637702d353038
2d2e37303834323639303233373638383839373032373330383338303934353632343034363535343234353431652d373633
3078326365316334702d31313839
36373733343232383136353135362e3437383931313036333533393239353237373131323237353930373230313839303438323839383734323631323231393738652d3639
2d3078333766613034396433653265343234613733303563613063636531393138633631616264643738383438702d393335
323630333133353737303732363833353431353934343131303830352e32373830383932353837343531323337323631333339373433383233653938
30783161343938353438616234656462396132333336376430663563643361376570393039
2d3330352e333839313965373235
30783136353630326166626266663064663331353137636670343330
2e3036343439353835303435343530303535313732333138353133393439353665393531
2d3078313966383366626131336537653533316531636462623738313138343636633737313063613162702d31343331
30343234343238323634333931373438383433383133373234312e323135303631303737343135353333303739383834363239363136313739373831343331353534383635383235383730303539373334323532333865333939
30783239366338306164353961313166623839376431353438353431326232613763356334666639623330347031323036
2d39323737383430342e353134652d373435
3078383637666535303362356361393039653034613231306365626532386533333632346133613234623835633870373538
3737323238353630353935313139313432352e393833373232313437303935363037363538393938373437353934383032333536303738383832333838383230333636303433373431383665383139
2d307837393533306337393666316133397031313432
323331373634303436382e353439343337353535313539343331363665343432
30786562633030626662393436623837363661356136626534383035363735356164702d313031
2d353131323033342e36373732353835373033333837363730303039393236353437353031373331363234366531313432
30783464306232616335702d393139
36383730333131313738333038382e393332333931333333333131393532333635383535333636652d393939
2d30783163653433313434653138623130316634336662396632636234326334323664623337646365306665367031323535
39313232332e3837353836303531373531313632353439383732333436303531393139652d323535
30786530313338363563656136306636366363656439323466366633333936353539702d353538
2d35353832353234363733313734313033303634343038343432363431353930352e3732383131333137373733323131343438373038313937333138303635353330323136313937373335652d383932
307834383361316135313038333061356230353070393532
363835373032353734362e652d323433
2d307839646335353934633966653070393035
3737333039353631363938383237393431383832353433303338392e37373330383630343333393338383233353734313935373833393130363532343832333035343735303237373231343537333037393538343938343034323865363139
307832393730613431303066356332396339702d323538
2d343736303036303233383533342e3631383737333539373430343036343235363530393732343632363537652d373033
30783166316334343934653238363561623037393163613930346264653365626662343835333134643270323032
3337343038393532373338383038363231393735312e34383639393139343937353934353232313739333932383839343835652d333030
2d30786438633139616235303033303566656265383431393833306236633165316136613766663334393662326270313537
353736373930312e383037333438343131343530393731313433343937353038383734363534343035333334373433323437343835313435373037313232333331393035383834323334353539373939333234652d3439
307831626137623066383233366362623337343434702d393630
2d31373232313935303437313132323433303236383534333036373231323037313430312e3836652d373932
3078643430616162376434313732616237393232346235396464366132373061313270383534
36303634363132353633303933343138353534353238343331313731343730343731323439342e373636373536323236652d363235
2d307838343638386537343065613035626261702d393132
363834393439313331312e373738353836363738353835373935353638333734323835373132652d313639
307831343130306464653866623539373837303666656435702d31313430
2d3539303330393034343731313730383934393030393933322e323036383936373533323234652d383436
30783363326263336664373666346230663161323533383661702d353636
33363336303237373639302e31303537333132383139383631363439313331303930313330333531383737383234333735313232393639652d393235
2d3078656363383764323462646435373634636161396664303035702d383230
3732313237393434313638383934343230383937323538372e34373632303030343936313338363739343236373134363436652d353631
30783265366461316331393632636565306231383537702d31323932
2d393336333238382e32353631303439333737353534652d31303139
30783165643765343162393065393463623032636366643064626333307031323935
2e3932652d333331
2d30786138383132326337336462613037623330373136702d393133
3836363430333738363434353431373831363936373834393932323536333534353134332e363036393035303534373532373332353535363738652d363132
307832356263653237633362323665643966613831663635306164653663383635702d31323233
2d37333630362e323339652d373839
3078643832653638353831336432326262336666643734653564306666702d31303734
343439303438373135303131333839303430302e32393433343037313237393630652d353539
2d30786563386462636166336466333731333338663262702d343939
323332343136383232323431383231383336373138303834313333393338323931373931333436353539343033333639343533333239343339362e323130353130333139323633343265323038
307862353432702d313234
2d3433343036343136313032333733393932353437363332333734333338333132303830363731343137393833362e39652d313436
30783130646161383437653834663935393733323630376465623065702d353439
3432303634352e39323130353930363137393137373735333937393534652d373633
2d3078313262336264353565646130326637373233316163613361643564366665307031333931
3530313532353231343431343736322e353134333431353231652d3139
307831363962646664653931623562306661376262613765333062333663353765633135626466356470333831
2d3034393137303231373130323033372e3436343733393033393935373639313634343238313035353838393632303135383739393239383738343638363834373339353139363930652d373232
30783563393363656433623066663861613035326233702d3139
37363338343032313731383439313130383033382e30353031313532353139363538333937333634303837373839303436333639363033353435343136353233313935373136353839313331652d3333
2d30783266346265323966333866643536323238383265616433623738702d31303335
373035343633383536303536383832353930373830333138303635373237313630393431343834343638312e3731373731383131363334333739353132303333393736313665393639
3078313338333535666437323038336138623332363633373066323666303463336536643635323836702d313633
2d382e3832383436652d353534
3078336470333637
313237353737383538313039313637373935323734363036373234303437393033323335313330383137353536313932393236333037342e3565333839
2d3078363566633236383465323837363638623965326136643561306138343370383939
3437343836323731383933393838343735383031353833353930363338373338393839383136353237353735363332383930383330313634313838303837343031333331363633353832323431303630393734303932302e33373965353233
30783761616534656239343137366135646630333338636336353130356539613870323933
2d3935373936333537383038373436332e343333353639373630373132353134353031333238652d393938
30783636386639323439343765326333363865353433313639306565356137333266623531306366623663656665702d31303237
353137353432323039303931363135323231363236383530382e37363965373435
2d3078316635303562396237326564383138326437396535326461393862636564613662376631627031343933
343732323032373235343734393032363432373836313633323135303236363835343337303030393336353738372e3635393434373839333233333065343839
30783334303432386233702d323139
2d33322e33353231303739363034323338353433353837363233323535313033313532323232326531303534
3078336532626137653334336564313037306534356466376232306234633932323638702d353138
3132313536343639313433313332373631373732343139382e393733313031353634323138363638393333383738343938353035373334333833393233363439353532333035313231383230313232652d313336
2d3078313837383332313931653662383630373163343766623761336670323637
32343539303534343733373437333637353538393738373337392e33333834303836323035363330303930373333343438353137343365363637
30783836396636666665373232383330702d3337
2d3531372e3534303434343938306531303739
307831376570343732
3634392e3230343038303138333865373230
2d3130
2d313030
2d31303030
2d3131
2d3132
2d3133
2d313330
2d3134
2d3135
2d313530
2d31353030
2d3137
2d313830
2d3139
2d32
2d3230
2d323030
2d32303030
2d3233
2d3235
2d323530
2d3236
2d3237
2d33
2d3330
2d333030
2d3335
2d34
2d3430
2d3435
2d35
2d3530
2d35303030
2d3535
2d36
2d3630
2d3635
2d3639
2d37
2d3730
2d3735
2d38
2d3830
2d39
2d3935
2d3939
3130
313030
31303030
313035
3131
313130
313135
3132
313230
313231
313235
3133
313330
3134
313430
3135
313530
31353030
313535
3136
313630
313635
3137
313730
3138
3139
313930
313939
32
3230
323030
3231
3232
3233
3234
3235
323530
3236
323635
3237
3239
323935
33
3330
333030
3331
333133
3332
3335
3337
3339
34
3430
343030
343130
3433
3435
3438
35
3530
353030
353137
3533
353435
3535
353530
353635
3539
353930
36
3630
3632
3633
3635
37
3730
3735
38
3830
3832
39
3930
3939
