registry_section,registry_index,line_number,id,type,engine_category,display_category,source_path,path_prefix,source_stem,extraction_status,classification_status,name,hidden,random,published_folder,sprite_count,sprite_ref_count,dependency_count,plain_dat_sha256,raw_dat_sha256,plain_cache,raw_cache,planned_folder
object,0,3,901,0,character_object,conditional,custom\1genma\genma.dat,custom,genma,verified,classified_from_plain_dat,Genma,1,1,characters/conditional/0901_Genma,5,5,12,ab8f579fb2729750f76d43867164d635f7cf9542ee45b762b70b3d4aa8f7e5e3,82ce5883edc210a401a9068ae74f04dd176b5c293a837147404294d18f33ee9c,,,characters/conditional/0901_Genma
object,1,4,902,3,object_type_3,not_applicable,custom\1genma\a\shuriken.dat,custom,shuriken,verified,classified_from_plain_dat,,,,objects/type_3/0902_shuriken,1,1,0,6d85faa4a1974f177cbca9a5368c5ca9c2328a550dab5d2c1269d6c00b87cd8a,3b51d4c799070cce4a5ddb5693d85e2010161768ecfd3f816be706316ecb5e79,,,objects/type_3/0902_shuriken
object,2,5,903,0,character_object,conditional,custom\1genma\genmaclone.dat,custom,genmaclone,verified,classified_from_plain_dat,Genma(Clone),1,1,characters/conditional/0903_Genma(Clone),5,5,1,62adbc5f619d8dba3c28ab733f7fe403ae4eb35f257e3070e11b59c4ec73a950,b43f37a677227314988465dccdfd6840d352aa1acfb0b49dc72993977124a982,,,characters/conditional/0903_Genma(Clone)
object,3,6,904,3,object_type_3,not_applicable,custom\1genma\a\katon.dat,custom,katon,verified,classified_from_plain_dat,,,,objects/type_3/0904_katon,1,1,1,58fc555dbe5f6b56bc62dc670fbb59e9371f0eaefc6fccf98839e3bc0c0e1e8e,75998c160bae797515f2862744da494d9648e095b9d6304af363bedc7e1b50d2,,,objects/type_3/0904_katon
object,4,7,905,3,object_type_3,not_applicable,custom\1genma\a\smalldragon.dat,custom,smalldragon,verified,classified_from_plain_dat,,,,objects/type_3/0905_smalldragon,1,1,0,b2c82488ec4b15acc956929a21e7177dea4294d253958b5b98ce27767454d2fa,d54634c171bd9aa7b1d0803c636359ec52f3ce054c5b66ffd6c9dfa9966dad14,,,objects/type_3/0905_smalldragon
object,5,8,906,3,object_type_3,not_applicable,custom\1genma\a\bigdragon.dat,custom,bigdragon,verified,classified_from_plain_dat,,,,objects/type_3/0906_bigdragon,1,1,0,df5bcd1e9b5da700cfdf6cc7ab1265ca6cfe129a85cdaf94d33e21c09d8d8a80,1b530db892301a2489ef3a4983fa97e2b57f21ca665cda18ec954137c2ef8897,,,objects/type_3/0906_bigdragon
object,6,9,907,3,object_type_3,not_applicable,custom\1genma\a\wind.dat,custom,wind,verified,classified_from_plain_dat,,,,objects/type_3/0907_wind,1,1,0,99c04d29960b4873bc5bd4001cddc855810fd76bf1f530ed220f7906aa05e5ed,d240cbf6c673e8b3957a02f9a4adab6dc6178132c766bc76f4e4b07d42d42126,,,objects/type_3/0907_wind
object,7,11,50,0,character_object,conditional,m\ton\ton.dat,m,ton,verified,classified_from_plain_dat,Tonton,1,1,characters/conditional/0050_Tonton,5,5,4,8f74873703d3f0599a519added93c487dc7e736013a53fc116653fd29fdc614b,e0d192f877ce9a2d4083280f90938cad66b101085711af686dd7eb06d82769f1,,,characters/conditional/0050_Tonton
object,8,12,39,0,character_object,conditional,m\san\san.dat,m,san,verified,classified_from_plain_dat,Sand_Creature,1,1,characters/conditional/0039_Sand_Creature,6,6,2,83bb358dd080af36d5877d46de58db510110e0697ef2fcb8a6812e68bdf1868f,00f95f42d897550af4442a9c3ebacac38a00d475bab09dc655658df92e1e2ccf,,,characters/conditional/0039_Sand_Creature
object,9,13,32,0,character_object,conditional,m\nin\hun.dat,m,hun,verified,classified_from_plain_dat,Hunter_Nin,1,1,characters/conditional/0032_Hunter_Nin,5,5,3,95b3ecf64da8f9ea702d7acd48cbbabcd73cf1b7cf6b1b8e899c4a96df9cd903,fb6af05d27eda4f678d80ee2ac63a54568a99f5b2c1e0852c4162ec3e5d2ae32,,,characters/conditional/0032_Hunter_Nin
object,10,14,31,0,character_object,conditional,m\nin\nin2.dat,m,nin2,verified,classified_from_plain_dat,Striker_Nin,1,1,characters/conditional/0031_Striker_Nin,5,5,2,60afbc7e5498fcd17b2adecef7c5d7dd2a33e6340b82d149385b2aabd930085b,60957762c9b9a31aa152da61096d634dcce55f313b2c52781abded5944da5d94,,,characters/conditional/0031_Striker_Nin
object,11,15,30,0,character_object,conditional,m\nin\nin.dat,m,nin,verified,classified_from_plain_dat,Enemy,1,1,characters/conditional/0030_Enemy,6,6,5,4381cd8e19b82acb1011bacc76691f2e9637472fd255a813dc2c9a95df52e57b,563440f0031b5361b7a7cfa5705ed71acbfd2958c7e134def6866b5a4c280a04,,,characters/conditional/0030_Enemy
object,12,16,500,0,character_object,conditional,m\hug\hug.dat,m,hug,verified,classified_from_plain_dat,Huge_nin,1,1,characters/conditional/0500_Huge_nin,6,6,0,be15c3d7a4e1a4b607f3b77ecaec83c3143c9f1b9d98e83c38f0a0f8d14372d1,82b1124c973aece95274a82bb62d829a31877506d281d95688cdb66559a132ce,,,characters/conditional/0500_Huge_nin
object,13,17,501,0,character_object,conditional,m\hug\hug2.dat,m,hug2,verified,classified_from_plain_dat,Huge_nin2,1,1,characters/conditional/0501_Huge_nin2,6,6,0,e8219d74a3cbacba75936428aee2e97e2d793056b7666aaa8f93893ca371ea3b,c77f18d82d4a4e719c46814ee76e07dc51be3aae8ebe8aa231ee369db7099188,,,characters/conditional/0501_Huge_nin2
object,14,18,502,0,character_object,conditional,m\hug\hug3.dat,m,hug3,verified,classified_from_plain_dat,Huge_nin3,1,1,characters/conditional/0502_Huge_nin3,6,6,0,a49631102c98225d21c4e9b4392f5e22645e7292b20eb23c673e71e583124e43,f281cf961b070e2a85ae1d118cf3636ce5ccd751c65d6d78029c2ef2178aef5b,,,characters/conditional/0502_Huge_nin3
object,15,19,86,0,character_object,conditional,m\teu\teu.dat,m,teu,verified,classified_from_plain_dat,Teuchi,2,2,characters/conditional/0086_Teuchi,4,4,0,4a87f06f38b70dc0ca5b444b43bdb1c1b07af4bcad3938abb36f231961851a65,c28759711b42ed621660a732ae58fb5cac63b22a328f1a13cff202e3d8fd5118,,,characters/conditional/0086_Teuchi
object,16,21,2,0,character_object,selectable,c\nar\nar.dat,c,nar,verified,classified_from_plain_dat,Naruto,0,0,characters/selectable/0002_Naruto,5,5,10,6be721524c8cca0e293beb8d6bf1dfee306ccb948181bdaa94545edb29418ed9,567436aeeeb25ec0995cf243523c62fd81f34503b4810085b9e85ac84041b4fe,,,characters/selectable/0002_Naruto
object,17,22,33,0,character_object,conditional,c\nar\ncl.dat,c,ncl,verified,classified_from_plain_dat,Naruto(Clone),2,2,characters/conditional/0033_Naruto(Clone),5,5,4,1e79078af213896e82ac18a9e0a1d9a7026d3cc5c44386d231b67798d7fa68e3,2b74f7bee4361670f5b59516a2ef0d33fa79312d8e76fafdebe8a8931b9ecd6d,,,characters/conditional/0033_Naruto(Clone)
object,18,23,99,0,character_object,conditional,c\nar\sna.dat,c,sna,verified,classified_from_plain_dat,Naruto(SageMode),1,1,characters/conditional/0099_Naruto(SageMode),6,6,8,5993f9ec8e391c9c7dfe6f079cefe37a3ad4d3ed1dc447bb88906f95c0e6d035,11e8690228e032f213471c39a527a8eb1f6d0444c171b50315da53be1e765606,,,characters/conditional/0099_Naruto(SageMode)
object,19,24,96,0,character_object,conditional,c\nar\snc.dat,c,snc,verified,classified_from_plain_dat,Naruto(SClone),2,2,characters/conditional/0096_Naruto(SClone),4,4,4,69ee090c669468305c38675a141754b7dfb2b912b7ba931c439ae5c5ce612414,ea430fa1bc1ad5eb70cb7474dc98fccaa040cf0f3bf70c49ae3990101ef4159e,,,characters/conditional/0096_Naruto(SClone)
object,20,25,52,0,character_object,conditional,c\nar\kyu.dat,c,kyu,verified,classified_from_plain_dat,Naruto(1T),1,1,characters/conditional/0052_Naruto(1T),7,7,4,f1313a21ec21cb3e29c5daec73d3cba7d18c7ee1891a680777e68a51d7aa88ec,dda39a671112cb13b49769ccfa624aa0ad1436f578f95738e3401c0b14c1e4ab,,,characters/conditional/0052_Naruto(1T)
object,21,26,508,0,character_object,conditional,c\nar\4tk.dat,c,4tk,verified,classified_from_plain_dat,Naruto(4T),1,1,characters/conditional/0508_Naruto(4T),7,7,4,38d3bc34ec37d05829b476ab707cb82121e9c3d72e9d77483a28a2d42c8716fc,e2a26a51b774ad5979e4a1b0da3c0255faadbeff76a44a3138cc84f2a8148d3e,,,characters/conditional/0508_Naruto(4T)
object,22,27,434,3,object_type_3,not_applicable,c\nar\a\ras.dat,c,ras,verified,classified_from_plain_dat,,,,objects/type_3/0434_ras,1,1,2,fdf3fbba9b7b5565a4e2fd596b6b6f6de6eb3ebb142a7cd92d513037b1918e6c,21c93edaf90d5c81195fc780a097b35cc5cb0f1b3153a68670f20357eec7c2bf,,,objects/type_3/0434_ras
object,23,28,518,3,object_type_3,not_applicable,c\nar\a\atk.dat,c,atk,verified,classified_from_plain_dat,,,,objects/type_3/0518_atk,8,8,5,881060dba197c8fd39b1f089be0fe89d30ca3d0aabda37402b5dfad90918cf99,693ead39621ef83077a15049911a432eba7a4ddf021897b2c5acb06d6802b13c,,,objects/type_3/0518_atk
object,24,29,746,3,object_type_3,not_applicable,c\nar\a\4tk.dat,c,4tk,verified,classified_from_plain_dat,,,,objects/type_3/0746_4tk,4,4,3,c20b265dbeb45f6474efa38c40f4d2eafb8a2d4c1b080c34245bcf5255ffc83c,cd1791adb0b82aa886e80829adadba31a7e10e57bbfd235c0fc281246fa3749b,,,objects/type_3/0746_4tk
object,25,31,1,0,character_object,selectable,c\saku\saku.dat,c,saku,verified,classified_from_plain_dat,Sakura,0,0,characters/selectable/0001_Sakura,6,6,10,b96fbc8055c0b3b62b05e9ad2aa735a7e32f56eb2648ebafbde14d8a0509db48,04494cba860dbee5b1bce75773717c8bb3bdaf49dab8c6fcc50c61a11d4c451a,,,characters/selectable/0001_Sakura
object,26,32,704,0,character_object,conditional,c\saku\saku2.dat,c,saku2,verified,classified_from_plain_dat,SakuraCR,1,1,characters/conditional/0704_SakuraCR,6,6,10,cdffbf121d6ebb7ee16b918e54ae2e83fad0814062616c3fc1a623d7206e5f6c,3b104531fbb8098ba83e6ca31808281c51ce41ccaa09d0ba443781e729ebba58,,,characters/conditional/0704_SakuraCR
object,27,33,705,0,character_object,conditional,c\saku\saku3.dat,c,saku3,verified,classified_from_plain_dat,SakuraNothing,1,1,characters/conditional/0705_SakuraNothing,6,6,11,d74a12b85cadc51b1a4fd812599456cbdfd496a1b1cb40c9c26d5369a0e205bc,1e40231268acb181485d989ac53cdcfca141482cca6c379a721cf5e851e7313f,,,characters/conditional/0705_SakuraNothing
object,28,34,700,3,object_type_3,not_applicable,c\saku\a\atk.dat,c,atk,verified,classified_from_plain_dat,,,,objects/type_3/0700_atk,2,2,3,5dd9b3ed4cb43c633b58a706741ea3ceba049c783aa59b068a9e04c89b8b8c92,936822c278d3dda283a5d5aaf08cc3426b966a972f637e314daf52cebf9575eb,,,objects/type_3/0700_atk
object,29,36,11,0,character_object,selectable,c\sasu\sasu.dat,c,sasu,verified,classified_from_plain_dat,Sasuke,0,0,characters/selectable/0011_Sasuke,7,7,9,f0296329c30a30771bbcd292b72296be413b9cf68a460d54c782c02305ab9583,769af3dbc0a246e9470cd062399a109993622525398976c2ca7e62b3ed533667,,,characters/selectable/0011_Sasuke
object,30,37,38,0,character_object,conditional,c\sasu\cs2.dat,c,cs2,verified,classified_from_plain_dat,Sasuke(CS2),1,1,characters/conditional/0038_Sasuke(CS2),6,6,7,066d2cf6d756580ca99e187f82f5b8a4db4cd64b103ffe7b9634c67a8b880fab,e469526adce113283de2a06fd32a310813aee16b59f5768651e375f33758cbe3,,,characters/conditional/0038_Sasuke(CS2)
object,31,38,98,0,character_object,conditional,c\sasu\mss.dat,c,mss,verified,classified_from_plain_dat,Sasuke(MS),1,1,characters/conditional/0098_Sasuke(MS),7,7,12,392448c546cf356c7e100164cee166c4bb353793a4c47fa12e75a4b74f7adaed,a19729d355c943ed9e02a3efd14290b21568faf7b2d991ba799ce50c855b7ce8,,,characters/conditional/0098_Sasuke(MS)
object,32,39,87,0,character_object,conditional,c\sasu\sus.dat,c,sus,verified,classified_from_plain_dat,Sasuke(MSS),1,1,characters/conditional/0087_Sasuke(MSS),6,6,1,40d57b84ac362e24270de66aa0b53862abc9d70ff326250afff45affbed4d28c,00867714e83f7e73a3eae0e8bb61948444a0798d824b6f3e96d6fcc5b7daf530,,,characters/conditional/0087_Sasuke(MSS)
object,33,40,425,3,object_type_3,not_applicable,c\sasu\a\gen.dat,c,gen,verified,classified_from_plain_dat,,,,objects/type_3/0425_gen,1,1,2,d9eebbb5411e31bb513cde7d2a22bd51a38812f01a9485f8cd24f1a0a57aa7ba,dd1005ae6ff8533d5e10b8d24fd9a0a0942cef0c432d68635a2385af72e0094b,,,objects/type_3/0425_gen
object,34,41,440,3,object_type_3,not_applicable,c\sasu\a\chi.dat,c,chi,verified,classified_from_plain_dat,,,,objects/type_3/0440_chi,7,7,5,6c0f2a6b39904230152d83d1ecf8c97076c5c5bbf99ab157240e4574e735a47f,11f6f2231bcbef85ed0bc1589b322dfd59c85747b734ee51b2708af9fbd1140a,,,objects/type_3/0440_chi
object,35,42,806,3,object_type_3,not_applicable,c\sasu\a\mss.dat,c,mss,verified,classified_from_plain_dat,,,,objects/type_3/0806_mss,6,6,1,bb7a64a9a7e9d046474539033f12945be23035ebd0fb5ac4bc96414966dea5be,d0a7f4e295a80b141599f9f45804ccb9d12a82a6745f7dbbe0a8f575d4d298d2,,,objects/type_3/0806_mss
object,36,44,4,0,character_object,selectable,c\sai\sai.dat,c,sai,verified,classified_from_plain_dat,Sai,0,0,characters/selectable/0004_Sai,6,6,4,1d8a8ee87cce86b09f839f02358cb702488195674db2883f484bd0968bedac01,489bfea8da9a4c5d3bfe0fb76549a58ebe385ced0733acc0a51e5672124f7df9,,,characters/selectable/0004_Sai
object,37,45,207,3,object_type_3,not_applicable,c\sai\a\ink.dat,c,ink,verified,classified_from_plain_dat,,,,objects/type_3/0207_ink,5,5,2,bfd40b2b4bb3fc3cd173113535321ffc128f8c642ad584d498fb56d0ec5713d9,0e77531537087a44333da22d266780f55e0a07191f3ae8a4a25f05d51d1918e7,,,objects/type_3/0207_ink
object,38,47,3,0,character_object,selectable,c\kaka\kaka.dat,c,kaka,verified,classified_from_plain_dat,Kakashi,0,0,characters/selectable/0003_Kakashi,5,5,14,4d6f8dd6cd149c38312c8599485dedd7ea6c77ff57f7a49e70f4204e743c3a64,0739556001cc480eac8df09001a536ca889af9c1c840f788b577f496f73da2bb,,,characters/selectable/0003_Kakashi
object,39,48,721,0,character_object,conditional,c\kaka\pak.dat,c,pak,verified,classified_from_plain_dat,Pakkum,2,2,characters/conditional/0721_Pakkum,4,4,1,d37356b1f660b0f29d1c9a5662c42b360f87711449a975408b18064591b6fd90,301f788e47c925ef7b5b053b389251d09db7f50d4b7ca2227c3866622107cb45,,,characters/conditional/0721_Pakkum
object,40,49,707,3,object_type_3,not_applicable,c\kaka\a\rai.dat,c,rai,verified,classified_from_plain_dat,,,,objects/type_3/0707_rai,6,6,5,7226b2fe9b51f2f87af003774b871b31769c8cdf9c6b852c63703804098688f3,de93dd3976064e2525f81452432f31523f8d07c7302b24e6144a3e8a2ecb51ef,,,objects/type_3/0707_rai
object,41,51,13,0,character_object,selectable,c\yam\yam.dat,c,yam,verified,classified_from_plain_dat,Yamato,0,0,characters/selectable/0013_Yamato,9,9,4,e044c3e9139d5d6ef7afef6fb20f05e027a761d2997c1a65a342d330a2420b65,3e339077f24a82fa5f0005118bf24bbc46ea59294b9aa6fd3e43a38a3ad731dc,,,characters/selectable/0013_Yamato
object,42,52,48,0,character_object,conditional,c\yam\ycl.dat,c,ycl,verified,classified_from_plain_dat,Yamato(Clone),2,2,characters/conditional/0048_Yamato(Clone),4,4,1,6968e6614a9709fcf92519377a0835bdd665778ae97369263cd0c11b6e366254,7d38e4f24a77eb59e301d3d80dab110a8e9b67add55276b29d63a098353301d8,,,characters/conditional/0048_Yamato(Clone)
object,43,53,555,3,object_type_3,not_applicable,c\yam\a\tre.dat,c,tre,verified,classified_from_plain_dat,,,,objects/type_3/0555_tre,4,4,2,2e20642634e2505596975511945d680a3e8a2de2409a539f73601d0539130432,cb3d206af5e28bb46c516d7b1673ef2ba7fd91fac4828c78ef10a1a31610875c,,,objects/type_3/0555_tre
object,44,55,65,0,character_object,selectable,c\ank\ank.dat,c,ank,verified,classified_from_plain_dat,Anko,0,0,characters/selectable/0065_Anko,8,8,8,7beefed713cc85cdf2bf36399fe158b63e822038fbed09ae79901bb6b3e81ac5,830c46785bb6e554bffc976f865fddb33ea0f4e5e53ca26c0642b69a5714c1b2,,,characters/selectable/0065_Anko
object,45,56,44,0,character_object,conditional,c\ank\acl.dat,c,acl,verified,classified_from_plain_dat,Anko(Clone),2,2,characters/conditional/0044_Anko(Clone),4,4,3,14dd0d2f000c510970f2a351aeb8e077abae3f7df95d0e7cc1d6be620b651ca5,f0f832c6cd243ce4c0732db418322a3af3aa7a1b66fcd7c9b360992647b7ee62,,,characters/conditional/0044_Anko(Clone)
object,46,57,870,0,character_object,conditional,c\ank\ssnk.dat,c,ssnk,verified,classified_from_plain_dat,Snake,2,2,characters/conditional/0870_Snake,4,4,1,426e106abaf97ed522dcabfbe8db2cbd0f57acd4bfef5a484c363b27209d7260,2eb4a219618d201c5161b808d1635987a8013e4ef1d112a2080a15c6949b48c7,,,characters/conditional/0870_Snake
object,47,58,875,3,object_type_3,not_applicable,c\ank\a\atk.dat,c,atk,verified,classified_from_plain_dat,,,,objects/type_3/0875_atk,7,7,5,fc34315bd542bc9e721419e6390103d9f165a055cfcec45d1a66d9bae1894cf8,fed9cdd5336241c59a14fd5deaf627425ba6d890041da729c46b852b40ad5f08,,,objects/type_3/0875_atk
object,48,59,876,3,object_type_3,not_applicable,c\ank\a\atk2.dat,c,atk2,verified,classified_from_plain_dat,,,,objects/type_3/0876_atk2,1,1,1,75fc8de9a37b3d55fb9e4e28eff8001a809840cbe46584dd7cd9317fdfad3e95,d04b1eaea7c76843431cb40544d07cf06c432a311b53f8d9c975885cc48a2080,,,objects/type_3/0876_atk2
object,49,60,877,3,object_type_3,not_applicable,c\ank\a\atk3.dat,c,atk3,verified,classified_from_plain_dat,,,,objects/type_3/0877_atk3,1,1,0,7153743bc721ffa43b564308867a5e8bdc6b527a476620d54006b49d903c4130,4c06dac66040221b25ec93b78b3e878ca1366c567a190bac861815fdca11246d,,,objects/type_3/0877_atk3
object,50,62,73,0,character_object,selectable,c\hay\hay.dat,c,hay,verified,classified_from_plain_dat,Hayate,0,0,characters/selectable/0073_Hayate,7,7,7,629c256d94fad3f338d5bc27218d667486f622240e67f23caf8352c0738da315,d93bee826ed9b5a26b39f4aedbf93a6f91568cde0a48c678b16f46d28671f482,,,characters/selectable/0073_Hayate
object,51,63,410,0,character_object,conditional,c\hay\hayS.dat,c,hayS,verified,classified_from_plain_dat,Hayate(Hidden),2,2,characters/conditional/0410_Hayate(Hidden),6,6,6,4ea9b681d55ab76ccdd4eff64f692f8f2f899e23aa95d9c1e2c3b67f85648b8b,8bd092a475781fe1b090769398985ab7be79c11c67f02c63f8c809196281ba19,,,characters/conditional/0410_Hayate(Hidden)
object,52,64,412,0,character_object,conditional,c\hay\clo1.dat,c,clo1,verified,classified_from_plain_dat,Hayate(Clone),2,2,characters/conditional/0412_Hayate(Clone),5,5,2,c3f9af3d2cd0ac2e60f8d8f4ba549ffa9e96221167f3aa05d9cf3e805d877766,473c8e8deabaa48b335cf1650d0741e7d428b7c9819bea5ce18eb5ff2cbf5c18,,,characters/conditional/0412_Hayate(Clone)
object,53,65,413,0,character_object,conditional,c\hay\clo2.dat,c,clo2,verified,classified_from_plain_dat,Hayate(Clone2),2,2,characters/conditional/0413_Hayate(Clone2),5,5,2,983954573c6d66d61ef62dd19d6d4e751d3d43b1a90c21e285185bf7d42fe39e,81c91e8a72008a867e9db50529d0e57ccd0fbd294f74a1ac561667e9c86fba36,,,characters/conditional/0413_Hayate(Clone2)
object,54,66,417,3,object_type_3,not_applicable,c\hay\a\sla.dat,c,sla,verified,classified_from_plain_dat,,,,objects/type_3/0417_sla,8,8,2,2631206d8d62c9d7b38dfdee76c3a7f3d68021f07f3f7012da430f88fa218bd1,7919a5966ecd7e3dd88a92e4b4d8563c653b284ad77f5ad6d2fc807ba046f288,,,objects/type_3/0417_sla
object,55,67,418,3,object_type_3,not_applicable,c\hay\a\blo.dat,c,blo,verified,classified_from_plain_dat,,,,objects/type_3/0418_blo,3,3,2,7ac69822561f7d8780b4c90a7b0e8d32d0f9f2cb6ad006f89b3fa895d640f514,580aa05030e53ec8b6584ecfd356edb0d30165188650cbb929925d67a1dc9593,,,objects/type_3/0418_blo
object,56,69,72,0,character_object,selectable,c\dan\dan.dat,c,dan,verified,classified_from_plain_dat,Danzo,0,0,characters/selectable/0072_Danzo,6,6,9,629abe62cf1b2d83b7709d93cbd2d965b9024c359c417e645e048d272cd55091,bc4107883a1acfe84e46bdfcffe222543964bd2ec39f3aff2e54d584c3957bbb,,,characters/selectable/0072_Danzo
object,57,70,604,0,character_object,conditional,c\dan\danr.dat,c,danr,verified,classified_from_plain_dat,Danzo(Unsealed),1,1,characters/conditional/0604_Danzo(Unsealed),7,7,8,d94b879e035b3b1e2851baf48d951a1f1e3deaf47127991da954923d613e4aa6,faa1e6af4890fb0c1292b9bab9f170880af87580729eb2be551ebb857cb3cb6d,,,characters/conditional/0604_Danzo(Unsealed)
object,58,71,406,3,object_type_3,not_applicable,c\dan\a\win.dat,c,win,verified,classified_from_plain_dat,,,,objects/type_3/0406_win,6,6,1,2e8758fdef5c42c40a044616833c50dd45bf60c9c6aa34b34d3622ec209c7efb,90d1482c4108361f1e9aa25b4673f276f4c82ae42be186cb923952c450a9d351,,,objects/type_3/0406_win
object,59,72,407,3,object_type_3,not_applicable,c\dan\a\iza.dat,c,iza,verified,classified_from_plain_dat,,,,objects/type_3/0407_iza,2,2,3,0bb049a859af987572f7bdf3923f18653166bb474098e40204ae8fa8400c6ed4,98fea729a7a9f68395b5ba1e102978f381f42967b0898f762c4dde66fd94da2f,,,objects/type_3/0407_iza
object,60,73,408,3,object_type_3,not_applicable,c\dan\a\mark.dat,c,mark,verified,classified_from_plain_dat,,,,objects/type_3/0408_mark,1,1,1,c9353e138ab732cb834644dae96aea3238f9e8b3963c3428e23d50839bfd7ed1,283ad1960ebeb0e43ee2570435405437b4100aff4958010b7bd926f285b00cd7,,,objects/type_3/0408_mark
object,61,75,70,0,character_object,selectable,c\shis\shis.dat,c,shis,verified,classified_from_plain_dat,Shisui,0,0,characters/selectable/0070_Shisui,7,7,8,ac521c6683ff44b38924eb9e7b2946d6389a37a4bbff9a29b4834e52497c46b8,120d181e8ae7e8055e217051ab26bf40665ae9479fb4e8c07a5e2f593984894f,,,characters/selectable/0070_Shisui
object,62,76,710,3,object_type_3,not_applicable,c\shis\a\gen.dat,c,gen,verified,classified_from_plain_dat,,,,objects/type_3/0710_gen,4,4,2,c68f4195f0f1b28f634cf5d4aaff9dce450ec4df12e0be36f183cb8f09be620e,0a3376018c88c00b613a6bed61aa92690df3c9d4d878d623ac5864684e25ea77,,,objects/type_3/0710_gen
object,63,78,18,0,character_object,selectable,c\nej\nej.dat,c,nej,verified,classified_from_plain_dat,Neji,0,0,characters/selectable/0018_Neji,5,5,7,789248298018f10b334ef4fa3d09ec101e720308c4876a6f951b543cdaefdb4b,5a627bc490c4afd47ebe5a6a6e0e74b77589e814bd50af582c0d08b3c741fb9c,,,characters/selectable/0018_Neji
object,64,79,444,3,object_type_3,not_applicable,c\nej\a\bya.dat,c,bya,verified,classified_from_plain_dat,,,,objects/type_3/0444_bya,1,1,2,cce33337a07d429942ca740e52ffe9bbefcdb9e5587777d9489311067170d0c9,c3530788928bbf59134a5b890c8cc35997860843c18baa0b36f4b1708375e483,,,objects/type_3/0444_bya
object,65,80,445,3,object_type_3,not_applicable,c\nej\a\bya2.dat,c,bya2,verified,classified_from_plain_dat,,,,objects/type_3/0445_bya2,1,1,2,f091934083fafb46771b83646fefa9d78839d53d6e2a4ac210b3171be07dd088,6317a5b50854c59d65f503847b656119da21610b2cce25d80b6b3ec923e4a74f,,,objects/type_3/0445_bya2
object,66,81,809,3,object_type_3,not_applicable,c\nej\a\are.dat,c,are,verified,classified_from_plain_dat,,,,objects/type_3/0809_are,5,5,3,12872c47972b4fb039f9bab7e27e8382ccf51a9066686dc9fac9ca46e2356d64,55f97f7f3245a3fe58eeefcc5ed5e41301e397490efa74be4ccc4790f5a3aedb,,,objects/type_3/0809_are
object,67,83,41,0,character_object,conditional,c\hin\hin.dat,c,hin,verified,classified_from_plain_dat,Hinata,1,1,characters/conditional/0041_Hinata,13,13,8,c12062ce234518e54cfcfd577b7ac55f2b58a2a39e5038f64abbedda122cd32f,ae792fa25ca35895c3a5d773542789367784b5bc984d405920e8c62dd01e9d96,,,characters/conditional/0041_Hinata
object,68,84,280,3,object_type_3,not_applicable,c\hin\a\wind.dat,c,wind,verified,classified_from_plain_dat,,,,objects/type_3/0280_wind,1,1,0,00ab91a22ac7d18588830d055d284c9bdb91f9f2c901feca8afa70b87676aed4,c495dd20128d605688a563a0e9c98d123ee0d324f790529220caab17e37b3de6,,,objects/type_3/0280_wind
object,69,85,810,3,object_type_3,not_applicable,c\hin\a\are.dat,c,are,verified,classified_from_plain_dat,,,,objects/type_3/0810_are,6,6,2,3092e68f379aa362a3cd55886c4274e2dfc7b33bf1683efddfcd819667bfbdab,8fd3b603e3a6993d48a83b736abd1ef2abe0b832a7834bbfcf5d6747e48ccba7,,,objects/type_3/0810_are
object,70,86,866,1,object_type_1,not_applicable,c\hin\a\hincha.dat,c,hincha,verified,classified_from_plain_dat,,,,objects/type_1/0866_hincha,1,1,1,101fa4c0fdfa866b1c2964d91e8c1881509c9e88d00dd320d8a29357869d7702,c2ee5a3a7fdcf5924d3301e4cadef3a5f791883ff60918759e36a3e7adea671c,,,objects/type_1/0866_hincha
object,71,88,7,0,character_object,selectable,c\lee\lee.dat,c,lee,verified,classified_from_plain_dat,Rock_Lee,0,0,characters/selectable/0007_Rock_Lee,6,6,8,775079f67116e0ea490dd57fc6fb226e1813c6d645807e4d49273639929c99be,d565be6b8ef1087c861c83e9732e5f3739d058fe29d19746440bbd218efd8ce4,,,characters/selectable/0007_Rock_Lee
object,72,89,814,3,object_type_3,not_applicable,c\lee\a\lee.dat,c,lee,verified,classified_from_plain_dat,,,,objects/type_3/0814_lee,4,4,0,4653f79315fb88ee09107c9108f5bb681c76df1399023771d24109e146b0aa6d,ef762aae0c633a58569af5b2e37af4b48351e2ecce66587220868063b0f40bcc,,,objects/type_3/0814_lee
object,73,91,506,0,character_object,conditional,c\guy\guy.dat,c,guy,verified,classified_from_plain_dat,Might_Guy,2,2,characters/conditional/0506_Might_Guy,7,7,6,2f5ef8a08eaa2c15887439446305ec6e029d2fd0c3d56ca605111a63fbfc763d,3fb0473559812c43becf88b592cfc29ea6ef5b3a43a9776531211883a0f3a11f,,,characters/conditional/0506_Might_Guy
object,74,92,94,0,character_object,conditional,c\guy\gsi.dat,c,gsi,verified,classified_from_plain_dat,Might_Guy(6G),2,2,characters/conditional/0094_Might_Guy(6G),7,7,6,51fc2ea9edc862752455a8865518661b76478f5fb3e256f01ae349b137ce42ef,ae9d543c2054983347dbefc9081fc263277f6201f31f1e03ac685b112827bc14,,,characters/conditional/0094_Might_Guy(6G)
object,75,93,97,0,character_object,conditional,c\guy\gei.dat,c,gei,verified,classified_from_plain_dat,Might_Guy(8G),2,2,characters/conditional/0097_Might_Guy(8G),6,6,4,5ce66f8a53236c69dea0d47d64fc60e1f2424daf085b96b7a2355b8738ed190c,582fe472a5225372aa371b049fcdbdd5f729b05e9f6c52f5987972dec5049fd7,,,characters/conditional/0097_Might_Guy(8G)
object,76,94,760,3,object_type_3,not_applicable,c\guy\a\bal.dat,c,bal,verified,classified_from_plain_dat,,,,objects/type_3/0760_bal,7,7,1,8cc7b073936d2c12ed14e5330288c2e44d9280b1164f9c8bcd6dbdac77f4ddd1,d5f1e3ff6e92e70a44c10e4e19f5959e63076ad6a455ad8407d3b2b1fca504f3,,,objects/type_3/0760_bal
object,77,96,19,0,character_object,selectable,c\ten\ten.dat,c,ten,verified,classified_from_plain_dat,Tenten,0,0,characters/selectable/0019_Tenten,8,8,8,d5797b8bbef1a0e57d0f62fb78d06fbbb300bc3b9ecfefd98f4fe199b9af27ad,fe4dcd8d4db7a25202cf89da273ca4f84392d0864e19e8f5032adb319cf4aff6,,,characters/selectable/0019_Tenten
object,78,97,713,0,character_object,conditional,c\ten\pole.dat,c,pole,verified,classified_from_plain_dat,Tenten(Pole),2,2,characters/conditional/0713_Tenten(Pole),6,6,2,e587093bc60448e8f2d0125e0e915859eb59bd11f63557fa66b71b2bc3a5cecd,0ca31b4bf117a1b2c6f26f6656bdf8a6a5eaff1a066514bb2be1195c5c890bbb,,,characters/conditional/0713_Tenten(Pole)
object,79,98,723,0,character_object,conditional,c\ten\swords.dat,c,swords,verified,classified_from_plain_dat,Tenten(Swords),2,2,characters/conditional/0723_Tenten(Swords),6,6,2,c8f900cad906134f31da61eb0ae430a8c8f420a4744ef9e3c84d63fd8e1b95a2,1cae4826e0bec59dd41c2f57121129e001474b17cbe48ebc5f8e4e9b76246b69,,,characters/conditional/0723_Tenten(Swords)
object,80,99,724,0,character_object,conditional,c\ten\blade.dat,c,blade,verified,classified_from_plain_dat,Tenten(Blade),2,2,characters/conditional/0724_Tenten(Blade),5,5,2,6b6830173038b1d00424f3771b2cc9fe09e340907ff040371234e984d5d065aa,f329041b0a3c5e3a4317245df3a4cb23fbc7df4a34631f9f2ae651be16049bb5,,,characters/conditional/0724_Tenten(Blade)
object,81,100,729,0,character_object,conditional,c\ten\bash.dat,c,bash,verified,classified_from_plain_dat,Tenten(Sage),1,1,characters/conditional/0729_Tenten(Sage),6,6,4,22da2ad7351bd0bac0bb3e309782afd84d4b8e1c728406e5e080960f5f777e3e,d0881d2643e8df44c4fe3ea792a6f72f0ec6a9950df91f159ca85fa9c68437f9,,,characters/conditional/0729_Tenten(Sage)
object,82,101,725,3,object_type_3,not_applicable,c\ten\a\ten.dat,c,ten,verified,classified_from_plain_dat,,,,objects/type_3/0725_ten,4,4,7,aa97fad374f79c239aa2166064cabac432ef15a8c205bdf0e0ba689f73428af0,c1612d3b1de45f1b4adf5786d1038593ce1abb2f083eeafed59dcf97717cfcda,,,objects/type_3/0725_ten
object,83,103,22,0,character_object,selectable,c\shik\shik.dat,c,shik,verified,classified_from_plain_dat,Shikamaru,0,0,characters/selectable/0022_Shikamaru,6,6,8,7ee5067a2fe329ab761e7cb29b03bd698abe9ee5a6273eed75414723b6c21401,3fa3a5802e58cbad60a8a389171cce6d72dd6141f1a9ae36975666cf5f6b3086,,,characters/selectable/0022_Shikamaru
object,84,104,462,3,object_type_3,not_applicable,c\shik\a\sha.dat,c,sha,verified,classified_from_plain_dat,,,,objects/type_3/0462_sha,3,3,4,7287c23ece6fda55db9297051ac154c9ac502a5fed9d5892977da8ec4ea192fd,b7bbb0329f22d44458118eb5d31ecb116ac889d94e1a44ed1783e3ae7f4032d1,,,objects/type_3/0462_sha
object,85,106,430,0,character_object,selectable,c\asu\asu.dat,c,asu,verified,classified_from_plain_dat,Asuma,0,0,characters/selectable/0430_Asuma,8,8,7,adbbb5276fad9a1056e484caeadf7ed07c5744ab669cd5d336762d086e95a1a9,16dd0eb31a94bc828f9593b39a9fe106df6b6a58d86dcf1610d2a04ecc3cde7e,,,characters/selectable/0430_Asuma
object,86,107,431,3,object_type_3,not_applicable,c\asu\a\ash.dat,c,ash,verified,classified_from_plain_dat,,,,objects/type_3/0431_ash,3,3,1,1d5e3653527a1bedc3135896691f11e6791e38e41e5444350a1adae29ecf6baf,caa63c7df48886757006e9af8d818d0e4cc07ad9b208d4f4e561532e46b95ca4,,,objects/type_3/0431_ash
object,87,108,432,3,object_type_3,not_applicable,c\asu\a\fly.dat,c,fly,verified,classified_from_plain_dat,,,,objects/type_3/0432_fly,1,1,1,b5f9621166157496629c8dfe8a405738aca8f0f64bf715b940c0c9d60fa86a77,0e28fd9082a4d8821e462d5b6ba0458a3b77256af0e25522a9422e621dda8de2,,,objects/type_3/0432_fly
object,88,110,5,0,character_object,selectable,c\shino\shino.dat,c,shino,verified,classified_from_plain_dat,Shino,0,0,characters/selectable/0005_Shino,5,5,4,44eb19bbabd9381cfa5bc6e1d1b5fa6bef6033d88a40dc1edf5e336dfa4d920b,1de08bd5d562e4d3711a6856110581d04ada5d419357b611f5f745effa44e5ec,,,characters/selectable/0005_Shino
object,89,111,228,3,object_type_3,not_applicable,c\shino\a\bug.dat,c,bug,verified,classified_from_plain_dat,,,,objects/type_3/0228_bug,2,2,1,fdcf6afb65459b3e0bdbe6068232158c1408fa6c57c152d14666ccf71c6249be,931ed215133bc865a24d1f074d5cc9e83bdbde229c0f669b364bc138a634cc78,,,objects/type_3/0228_bug
object,90,113,12,0,character_object,selectable,c\kib\kib.dat,c,kib,verified,classified_from_plain_dat,Kiba,0,0,characters/selectable/0012_Kiba,6,6,10,ddf02da447785f998d657c6c50f02f98c8e47bc19f451cbed4017e9ece1117fe,fcd31d342dfad37c4cc4f942890d0b40e5ceee9874d05a760f6b9680bf46109e,,,characters/selectable/0012_Kiba
object,91,114,226,3,object_type_3,not_applicable,c\kib\a\aka.dat,c,aka,verified,classified_from_plain_dat,,,,objects/type_3/0226_aka,3,3,4,16a07b0e84b1cdb7c527fc276164a780b6c298f8eb97ffdd03ce0aded16e1e31,31e5abc4ce01f2b14cbf2b398796d3a757639e5ac30ee632ea7fe34a5bd9fbd3,,,objects/type_3/0226_aka
object,92,116,8,0,character_object,selectable,c\chi\chi.dat,c,chi,verified,classified_from_plain_dat,Chiyo,0,0,characters/selectable/0008_Chiyo,5,5,5,70b5dcddb31cc783f13d86103f6b96a47ba62d04cef38369de193546a5d210b1,ea06a0dd2e3436ea074d12383b1c871754610f9f162a252740654130652f9309,,,characters/selectable/0008_Chiyo
object,93,117,850,0,character_object,conditional,c\chi\pup1.dat,c,pup1,verified,classified_from_plain_dat,Puppet1,2,2,characters/conditional/0850_Puppet1,5,5,2,ca34081b2763a205af34e0305f9a99755d2be62202c4963b165e3119b4a60318,ceaa2e2d516e3bc8062369e62424776f75f793ed81acb622b86590305a68acb7,,,characters/conditional/0850_Puppet1
object,94,118,851,0,character_object,conditional,c\chi\pup2.dat,c,pup2,verified,classified_from_plain_dat,Puppet2,2,2,characters/conditional/0851_Puppet2,4,4,1,f76bf0e7cf82620c18b9e76078b41f3b4e3d4d7bd250aa8cbd4646b40e52889b,070429766e8d21e14ceb4e474729f1665c37b8bc86ec9c0a0ef705713ffb5732,,,characters/conditional/0851_Puppet2
object,95,119,852,0,character_object,conditional,c\chi\pup3.dat,c,pup3,verified,classified_from_plain_dat,Puppet3,2,2,characters/conditional/0852_Puppet3,4,4,2,fdc6a5c00b5f1dc841221bd63b419805d3a7d90d6ca6429ebd440aff08d85716,817acdc3384980ad6d3dac8754bd351481a1e17e1980594ce8b1367adc08cbd0,,,characters/conditional/0852_Puppet3
object,96,120,853,0,character_object,conditional,c\chi\pup4.dat,c,pup4,verified,classified_from_plain_dat,Puppet4,2,2,characters/conditional/0853_Puppet4,4,4,2,c7a7f82d8a9f100a850c57f39d288aa257c48c9cc9fe8b4b8078efa1c6a8d984,ce3cecc48b0ec4c6f2c8b7335b2bbe09a86a8030e53b4f2bc6b454b5cd8aa10b,,,characters/conditional/0853_Puppet4
object,97,121,854,0,character_object,conditional,c\chi\pup5.dat,c,pup5,verified,classified_from_plain_dat,Puppet5,2,2,characters/conditional/0854_Puppet5,4,4,2,e2483952b8c4390a93a957533382948fea5db9952d430af849bca6ee615581b4,550524efecb3d44f87e8e5c698660a5062e34b746b2ce1d5c53afa5c714076a0,,,characters/conditional/0854_Puppet5
object,98,122,855,0,character_object,conditional,c\chi\pup6.dat,c,pup6,verified,classified_from_plain_dat,Puppet6,2,2,characters/conditional/0855_Puppet6,4,4,1,c1d0228a957d1fa5ad1cad9d9065c25dacd76a722271e2b376f8a0814a4c21bc,1c2ed955922c9e9d3102667c7288e5555097fb757baed27d14470d48c457d466,,,characters/conditional/0855_Puppet6
object,99,123,856,0,character_object,conditional,c\chi\pup7.dat,c,pup7,verified,classified_from_plain_dat,Puppet7,2,2,characters/conditional/0856_Puppet7,4,4,1,b7502c80c235a080b5f00e5627f10cc32352a2eb3faf27aa665226d1c2205f91,e2e29f79e6d713c51420f007899b4044b9aaed226d158fc17205884223effabb,,,characters/conditional/0856_Puppet7
object,100,124,857,0,character_object,conditional,c\chi\pup8.dat,c,pup8,verified,classified_from_plain_dat,Puppet8,2,2,characters/conditional/0857_Puppet8,4,4,1,a8b3abb4ccadb2acde7f7d1b01924b9f389033cfebe1531ee93f723289e5b952,08ee78df4f47c20efae6307c429ad0dbe1b84021ccce133d19a7c5e3ea757193,,,characters/conditional/0857_Puppet8
object,101,125,858,0,character_object,conditional,c\chi\pup9.dat,c,pup9,verified,classified_from_plain_dat,Puppet9,2,2,characters/conditional/0858_Puppet9,4,4,2,91b9b83d23f4f7736239dd83b33d9e789e2204e9597fed1b6270a5c40eb8570a,2eeab72221de586e767a6e427333359d1dd05755a0e3059b25c3e5c625c0dfbd,,,characters/conditional/0858_Puppet9
object,102,126,859,0,character_object,conditional,c\chi\pup10.dat,c,pup10,verified,classified_from_plain_dat,Puppet10,2,2,characters/conditional/0859_Puppet10,4,4,1,946a4be072a5dfbb2eebaa10021ee9fba4c66c53d9d79693eab1e63ec8494240,c4f97bc31a0d5a058dae97135b230ee41e68518f3014f362407934df8c13c179,,,characters/conditional/0859_Puppet10
object,103,127,419,3,object_type_3,not_applicable,c\chi\a\atk.dat,c,atk,verified,classified_from_plain_dat,,,,objects/type_3/0419_atk,4,4,14,473e702a3e4ac48159a9a277041617e4a8604719b78bbddd8959692d7b6eca29,daad9f52496e7f51ff9eb82e30838f7ee0603d4f75c2ff225c4ed222ad0b8fc4,,,objects/type_3/0419_atk
object,104,128,420,3,object_type_3,not_applicable,c\chi\a\pup.dat,c,pup,verified,classified_from_plain_dat,,,,objects/type_3/0420_pup,2,2,3,d2f0665120e79b0e327a748f6065c818ee5c8753a55ffc2eed0c2075a7cdc5f3,dd18731974bbb808f58d04ad90f65de1f720d553216c7556882fa453be2c00ad,,,objects/type_3/0420_pup
object,105,130,14,0,character_object,selectable,c\kan\kan.dat,c,kan,verified,classified_from_plain_dat,Kankuro,0,0,characters/selectable/0014_Kankuro,7,7,6,66796dd3bc874c5d7f368d14ff59c5ba0f2674bb7927b193f27af27145b880e2,e1a15168eb1214126486133e7bcfad04f60a7edd8457908d4182eeaa0e889917,,,characters/selectable/0014_Kankuro
object,106,131,95,0,character_object,conditional,c\kan\kan2.dat,c,kan2,verified,classified_from_plain_dat,KankuroPuppet,2,2,characters/conditional/0095_KankuroPuppet,6,6,6,e50a594690f2980c55306b565b466c2c35c4cec4c5aa4e302de0c3062b03ed26,8e761e1015e0a7fd44fd8dfefc85ab6a1e633846eb7d5064b4c98f6008ddb4e9,,,characters/conditional/0095_KankuroPuppet
object,107,132,230,3,object_type_3,not_applicable,c\kan\a\kar.dat,c,kar,verified,classified_from_plain_dat,,,,objects/type_3/0230_kar,3,3,6,83f26dcfaef23398765ea95de393e1474701183d733feaf0aafac6959c25e41b,9b3b0ff6b9ef03a38372c8525650081bdaec7d7b428ed5f110dfa01064550a4e,,,objects/type_3/0230_kar
object,108,133,231,3,object_type_3,not_applicable,c\kan\a\san.dat,c,san,verified,classified_from_plain_dat,,,,objects/type_3/0231_san,2,2,2,43c4e6f424e9d089f9dcc84ba31905de5ce3e7effe08dd51d551743c5c04e176,e9866cb27c91ca98032ba43339699711279254d6888cf91b40e58fad46b1c8aa,,,objects/type_3/0231_san
object,109,134,630,3,object_type_3,not_applicable,c\kan\a\kar2.dat,c,kar2,verified,classified_from_plain_dat,,,,objects/type_3/0630_kar2,1,1,1,a01ca9553f04b74c807ecfd09296a86c8c36b0115a595574dc9b893d5609b13a,db69b2d511eb009fcd1d987ee0e89ca40b524eabd2adc6287c877154def2fe98,,,objects/type_3/0630_kar2
object,110,136,15,0,character_object,selectable,c\tem\tem.dat,c,tem,verified,classified_from_plain_dat,Temari,0,0,characters/selectable/0015_Temari,5,5,6,06540386f7bc2ef5ba53e6f2d52fd65832ebb52e487f3ace14dd3b6c700f59c5,d47884f154b30777fbcbed9ad2cf41e78be550250454ece570c3cf6c3ec636f8,,,characters/selectable/0015_Temari
object,111,137,804,3,object_type_3,not_applicable,c\tem\a\tem.dat,c,tem,verified,classified_from_plain_dat,,,,objects/type_3/0804_tem,4,4,2,db9763f907fae24d1bdb3712e31d47280282d8945c73eafee3162c62d3e67a27,afbd49397341152b722461f958886cab559bf1204eb7ef3d5916dd03c2c3c6e3,,,objects/type_3/0804_tem
object,112,139,16,0,character_object,selectable,c\gaa\gaa.dat,c,gaa,verified,classified_from_plain_dat,Gaara,0,0,characters/selectable/0016_Gaara,5,5,5,af81c7fcc483f7cd7566ea65ce27b005becf72b680ff4e4b1d7635ea21daa37a,68f1d82019697c67faabfdb50b05cfa5776dbdf33d73c803ef5fb50d1fce4e01,,,characters/selectable/0016_Gaara
object,113,140,411,3,object_type_3,not_applicable,c\gaa\a\san.dat,c,san,verified,classified_from_plain_dat,,,,objects/type_3/0411_san,7,7,3,bab3e85d5d255233ea6c42ab52966a63c7e09623650a1004e5791ede9fc160a9,34dab7fbc6e975cbec61512dff800a139dbd2a9e660eff48f29f54245694b738,,,objects/type_3/0411_san
object,114,141,525,3,object_type_3,not_applicable,c\gaa\a\ult.dat,c,ult,verified,classified_from_plain_dat,,,,objects/type_3/0525_ult,4,4,1,87e6624996c32eee593f51d0bdff6921073b95295db5c64f15449286be3f1f47,1c63a3bb485e61f62066fa70e36c86c412ecdfcff9c7907447bdeae37f7df568,,,objects/type_3/0525_ult
object,115,143,78,0,character_object,selectable,c\rai\rai.dat,c,rai,verified,classified_from_plain_dat,Raikage,0,0,characters/selectable/0078_Raikage,7,7,4,11f5e730bff0ea60bbe2becc68263c2ef303d0ce26f2976cc67a7f7dc112881b,53b2c96e9ba18652515b1c426cbcf0dc1cf54adf443c28ad507b4237eae8c94f,,,characters/selectable/0078_Raikage
object,116,144,436,0,character_object,conditional,c\rai\raiT.dat,c,raiT,verified,classified_from_plain_dat,RaikageT,2,2,characters/conditional/0436_RaikageT,6,6,4,f0f582ca1ec20e6cfe295c7c6fdddd9becea815f3c2ea6df879d0e7fb5cb2083,4b546d4f919c13bc9044d4e817285f3977f18a1b61555b28ac094fdc3bc6c036,,,characters/conditional/0436_RaikageT
object,117,145,447,3,object_type_3,not_applicable,c\rai\a\rai.dat,c,rai,verified,classified_from_plain_dat,,,,objects/type_3/0447_rai,8,8,3,6fa234e12c83c9c29177b6c86a095d5d9a23ffd0484c1facad173ccfc6caf736,2820fbc27b8f40d40de34351342bcd36eb7885a20e5101d3c0fd0f904fb7cafc,,,objects/type_3/0447_rai
object,118,147,75,0,character_object,selectable,c\bee\bee.dat,c,bee,verified,classified_from_plain_dat,Killerbee,0,0,characters/selectable/0075_Killerbee,6,6,4,0e52dfbe044178d654c3e5d1694b9a733ac3d15ae1e8bbfe8e0e33169aca7a4f,580a7d43d36837c7b893f3b1772eb4183eb0e536da7fd3ea328a1d562619af1b,,,characters/selectable/0075_Killerbee
object,119,148,441,3,object_type_3,not_applicable,c\bee\a\wind.dat,c,wind,verified,classified_from_plain_dat,,,,objects/type_3/0441_wind,3,3,1,2790e03ef34979437f43aa70a9a08fdcae189be391da944a41ef8eb1430f9ff4,78e939e3697ab83db833b3c64f787d7c7e8ea0d366ec386ab61c2adc5710f7fd,,,objects/type_3/0441_wind
object,120,150,726,0,character_object,conditional,c\han\han.dat,c,han,verified,classified_from_plain_dat,Han,2,0,characters/conditional/0726_Han,7,7,7,654fa5c6565ccd68fd2476c526b92f5aba64637250fbbe497f171285d8a38854,ec6f83fa9cd79511932abfc3cb0225df842a482a4e29588d2fd6565335eedd51,,,characters/conditional/0726_Han
object,121,151,727,0,character_object,conditional,c\han\smo.dat,c,smo,verified,classified_from_plain_dat,Han(Smoke),2,2,characters/conditional/0727_Han(Smoke),7,7,7,8185d7332ece1010325603f24c3ed932639963ae10f78651bc4a5fad61997c0b,d1886c6864b1d9957a5c96a4d1d192e014f812c43f9b80613403d21f3310eb7e,,,characters/conditional/0727_Han(Smoke)
object,122,152,728,3,object_type_3,not_applicable,c\han\a\ste.dat,c,ste,verified,classified_from_plain_dat,,,,objects/type_3/0728_ste,1,1,0,1bd1240743e2ef931204514dad5aad6d475f4b18c65f3ef64fd33f6d01769aab,a976ff140fc75dadc799ab561480e1353f3b48ce5e7126705b026cca84020642,,,objects/type_3/0728_ste
object,123,154,510,0,character_object,conditional,c\yag\yag.dat,c,yag,verified,classified_from_plain_dat,Yagura,2,0,characters/conditional/0510_Yagura,7,7,11,37f4e7dbad493de90c175fd4b3113e4a5da19a0f10f5bbe208cd8df949fef3bf,e6f4533b37a7ecc57b108c253fb14e1a57582ced2a0691d15419062b3563510f,,,characters/conditional/0510_Yagura
object,124,155,511,3,object_type_3,not_applicable,c\yag\a\mir.dat,c,mir,verified,classified_from_plain_dat,,,,objects/type_3/0511_mir,5,5,1,67e04006964dcd02961700acd371fff88d0c44035f3ad899e242867577d0c20f,f3a7a45e831e1222e5838b890af9b9d3f4f815d5ec293e9786df8c479f5c3589,,,objects/type_3/0511_mir
object,125,156,514,3,object_type_3,not_applicable,c\yag\a\dra.dat,c,dra,verified,classified_from_plain_dat,,,,objects/type_3/0514_dra,2,2,1,6685ca5e1bdfed82ad104c81662e9dcbbb5aa26737fdf491d12d4c30c62fea33,caed59abae2a719fbfce0c44fb690f3ade4b38c34be2e2fb4a60ce3e3dfa3d5f,,,objects/type_3/0514_dra
object,126,158,29,0,character_object,selectable,c\hak\hak.dat,c,hak,verified,classified_from_plain_dat,Haku,0,0,characters/selectable/0029_Haku,5,5,8,d719299e3ebc5dc990938508819e3638914ee3cf3c033198dcbab931badb773e,f68f7451e848a219e05934220f1cc346bbbb7613bac4981435e8ce640661b2f3,,,characters/selectable/0029_Haku
object,127,159,516,3,object_type_3,not_applicable,c\hak\a\mir.dat,c,mir,verified,classified_from_plain_dat,,,,objects/type_3/0516_mir,3,3,2,d513629c437514f8cf550b15aa02376b2ed6748589ed688256f404ca81a91de8,0eca9aeb452bbc3fe66828a42994c0ca1e2068f1db02581585a53bfb9c035740,,,objects/type_3/0516_mir
object,128,161,84,0,character_object,conditional,c\gur\gur.dat,c,gur,verified,classified_from_plain_dat,Guren,2,2,characters/conditional/0084_Guren,5,5,3,178c1d294300810f3fb0ae20415b2e62a93f11c6cdf025a88a1e2ea6080a51c2,887a63f79c592d9cf3a03b9b0d260253e64b6dbf2bc810ab914d766857bb854c,,,characters/conditional/0084_Guren
object,129,162,85,0,character_object,conditional,c\gur\fakefan.dat,c,fakefan,verified,classified_from_plain_dat,Guren(Clone),2,2,characters/conditional/0085_Guren(Clone),4,4,2,5023e5408e1abc0b6b469c756b4ee3a0b2f59b228572401c60d2d0eeda44a9d1,de26176697049a4d7ee037592ab5ae77d652e597a9b108a66985ffbdb1b741fe,,,characters/conditional/0085_Guren(Clone)
object,130,163,619,3,object_type_3,not_applicable,c\gur\a\cag.dat,c,cag,verified,classified_from_plain_dat,,,,objects/type_3/0619_cag,9,9,3,4d1e6db5d1b963b685ab4a9a244911e75bae390514b1df5ccfc5ebf6512ce3c6,225daca1c71705c87d7daf237e7fd14f9a95c2d69ee35607f06d8a562ed456c1,,,objects/type_3/0619_cag
object,131,165,60,0,character_object,selectable,c\zab\zab.dat,c,zab,verified,classified_from_plain_dat,Zabuza,0,0,characters/selectable/0060_Zabuza,5,5,9,cfd20cde9e66ef889fc1b8d40ba582ffa91b0d27ea447bbed4feffd40d1cc750,15b5587e6c0ada90391b38955baabfbca66fbd5afe8bcad926ab4e2820bf5441,,,characters/selectable/0060_Zabuza
object,132,166,49,0,character_object,conditional,c\zab\clo.dat,c,clo,verified,classified_from_plain_dat,Zabuza(Clone),2,2,characters/conditional/0049_Zabuza(Clone),4,4,1,27e9b9935ae88e4293f218fe31b474655f0d0336aba5a3c07d90630058af73b9,74a16f040d43f354588836268edaeef482eb5732f656b692f601e1c3c7b097e1,,,characters/conditional/0049_Zabuza(Clone)
object,133,167,456,0,character_object,conditional,c\zab\dem.dat,c,dem,verified,classified_from_plain_dat,Zabuza(Demon),1,1,characters/conditional/0456_Zabuza(Demon),5,5,10,09723c6672619d1aebb987e170801877d43c8c5be86a8a3c9c459b9e9aca9b9d,08e22f39dfde2e26879e2c18874e2d9b45f5f510720e06cc517251bdcff0d269,,,characters/conditional/0456_Zabuza(Demon)
object,134,168,602,3,object_type_3,not_applicable,c\zab\a\zab.dat,c,zab,verified,classified_from_plain_dat,,,,objects/type_3/0602_zab,5,5,1,0d27419e913a2df7b7d4c957c884f01e98ec9eb0c1858e76086ecfc2f024e1a2,3d18af8ad520f28ff35cf5fc355ce8a47f05d4a940c997305eb3dbc849714aa2,,,objects/type_3/0602_zab
object,135,169,455,3,object_type_3,not_applicable,c\zab\a\dra.dat,c,dra,verified,classified_from_plain_dat,,,,objects/type_3/0455_dra,3,3,1,3de9b2bb3b0b2a787078efa88d26276d21c54fb6f3a4ebcd127cb808a29966ae,900226003fa6e65f1c9cef41500a16bf745ba2eb8e1b14a1acfdc3276d332f6e,,,objects/type_3/0455_dra
object,136,171,74,0,character_object,selectable,c\sui\sui.dat,c,sui,verified,classified_from_plain_dat,Suigetsu,0,0,characters/selectable/0074_Suigetsu,7,7,7,b5c34723d3a81870d60bcbc4df0aede48f0d7a1dfac346b4ea793303b93bd90f,e25408c7daa6bd13d22dc61a2e022324110c6aeb00bea061f5c0fb396354b4a0,,,characters/selectable/0074_Suigetsu
object,137,172,421,3,object_type_3,not_applicable,c\sui\a\atk.dat,c,atk,verified,classified_from_plain_dat,,,,objects/type_3/0421_atk,6,6,1,f227d4b3448ac418f809784e98bc3fe95d36094b45ee44b69d5ac03e9faf2959,cb0b594309305dcd1e0eab41ae0dc9bbfe3949fa625952813c509535af40249d,,,objects/type_3/0421_atk
object,138,174,77,0,character_object,selectable,c\kar\kar.dat,c,kar,verified,classified_from_plain_dat,Karin,0,0,characters/selectable/0077_Karin,8,8,8,987696abe0d2e562c56dc0265e999b7d37443b55324310a7a5d47d15aeac66ff,7f0109cc27664c49152a8e01d076ec4aef6d437c67c46f147305f8d317feb016,,,characters/selectable/0077_Karin
object,139,175,314,3,object_type_3,not_applicable,c\kar\a\cha.dat,c,cha,verified,classified_from_plain_dat,,,,objects/type_3/0314_cha,5,5,1,9ea4fe77cc2e295d91b5680372b1b0b705d19287b8ec6a45c52c5319f7a2363f,94f534811baa3b0964454da3e688ccd0563059c5272ab70f5f9985cd8db26a0c,,,objects/type_3/0314_cha
object,140,176,315,3,object_type_3,not_applicable,c\kar\a\sas.dat,c,sas,verified,classified_from_plain_dat,,,,objects/type_3/0315_sas,1,1,6,7b95ce19c1b34870445e576ec49002c6ad256c11d5884631100f39c7a9845196,4b0ae6179ea5f2ac4cce66891fc8892555e10ebc837368984366ee5351c9863b,,,objects/type_3/0315_sas
object,141,177,316,3,object_type_3,not_applicable,c\kar\a\jug.dat,c,jug,verified,classified_from_plain_dat,,,,objects/type_3/0316_jug,2,2,2,9d2b25cd06009724fe104810bb6a42e9cbbeb080dc70d4537507207ef6c86910,f77176d71ea8b24515022dd10a0f891881c76fb31bdfb0ab674ec84940619bbd,,,objects/type_3/0316_jug
object,142,178,317,3,object_type_3,not_applicable,c\kar\a\sui.dat,c,sui,verified,classified_from_plain_dat,,,,objects/type_3/0317_sui,3,3,2,d2817d0967d9c41c87407d5101072468442e7ab5ac0fce2955428aedd14219ed,505732cb4cc913c7b0a710214305a445bc3f8f8a297e6ba19228abee0bef0c15,,,objects/type_3/0317_sui
object,143,180,71,0,character_object,selectable,c\jug\jugo.dat,c,jugo,verified,classified_from_plain_dat,Jugo,0,0,characters/selectable/0071_Jugo,7,7,5,c6a9d0f91c7857b8c0d7313f75bd9c2077afbc1673c0beaeb6c9f480d059bc1f,e953cbd15ac3fe7dccbc0e15e8afd08e6da4a5f70bca48918cf312e46adbf986,,,characters/selectable/0071_Jugo
object,144,181,400,0,character_object,conditional,c\jug\jugoCS2.dat,c,jugoCS2,verified,classified_from_plain_dat,Jugo(CS2),1,1,characters/conditional/0400_Jugo(CS2),7,7,6,cb19258265ed4565322dba3af81eb0b57fb1252b2eac3ce7e7f352f850129e76,9d1fae7165d63bd6e49666d40aee0c00ff9e6f8127d57319c474d9213f0c2de9,,,characters/conditional/0400_Jugo(CS2)
object,145,182,402,3,object_type_3,not_applicable,c\jug\a\pao.dat,c,pao,verified,classified_from_plain_dat,,,,objects/type_3/0402_pao,5,5,1,b1beeacb3f5cfd5d8397a0fe6e18afec2e20f8586241c0648652e60caf74ee4b,7a1153f4c91cea448af7bf12ddc30acb282c2b5c9bb5c7d712a7960ff6adf0d0,,,objects/type_3/0402_pao
object,146,184,76,0,character_object,selectable,c\miz\miz.dat,c,miz,verified,classified_from_plain_dat,Mizuki,0,0,characters/selectable/0076_Mizuki,5,5,6,1f9020be7cd22306d5040b31aad816ace4d2f7014514f843a2980a67773ef197,d07816b2b3711b77c3d398c5265961a00f47ee214387beee532a214a6749f002,,,characters/selectable/0076_Mizuki
object,147,185,428,0,character_object,conditional,c\miz\cs2.dat,c,cs2,verified,classified_from_plain_dat,MizukiCS2,1,1,characters/conditional/0428_MizukiCS2,5,5,8,21a2cc7b0de09a9a74ce11921629c2d6cc401d242ba2d6c0fc11a2696050ff81,9e0fec6b789ccbfebb77161edf0d48f451d19f3d9dbb65b5d466acda7d1d31f4,,,characters/conditional/0428_MizukiCS2
object,148,186,429,3,object_type_3,not_applicable,c\miz\a\shur.dat,c,shur,verified,classified_from_plain_dat,,,,objects/type_3/0429_shur,6,6,3,fd1e49e10e961a5e916210b5678431947bf4e957e83ab5ac7cd68d423b097688,d7b2dcb4d7e7cbdd1ecc82502576d96696adffbc845d1bd2c0f1b160e5e23c65,,,objects/type_3/0429_shur
object,149,188,66,0,character_object,selectable,c\jiro\jiro1.dat,c,jiro1,verified,classified_from_plain_dat,Jirobo,0,0,characters/selectable/0066_Jirobo,6,6,7,c3094b5ed9a130e3303b7f1ff48620d227572c412a3193f07bfa3c06003e7fa4,9cb89ec8adb3b14726e4eccee1feca3ae7d0dae25492624b541634a199d672ec,,,characters/selectable/0066_Jirobo
object,150,189,37,0,character_object,conditional,c\jiro\jiro.dat,c,jiro,verified,classified_from_plain_dat,Jirobo(CS2),1,1,characters/conditional/0037_Jirobo(CS2),6,6,10,4033b16f7c066d9d63be6c23245221cd5b3a07ae32d89ee706f5fe6602200ed7,e0f0c2eb643e76c4f1e34d46f04a4e157e1cd6252ce320dc49f9dd7075b178a6,,,characters/conditional/0037_Jirobo(CS2)
object,151,190,711,0,character_object,conditional,c\jiro\gol.dat,c,gol,verified,classified_from_plain_dat,Golem,2,2,characters/conditional/0711_Golem,4,4,1,8bc9c577205386eaecea5361a8758fadeb553aabde0869678d59c2049fc45806,120edd92afe386bff21bb90b4f800b27b0fad03d35e67d68ac5ee192f5674d1b,,,characters/conditional/0711_Golem
object,152,191,712,0,character_object,conditional,c\jiro\gol2.dat,c,gol2,verified,classified_from_plain_dat,Golem2,2,2,characters/conditional/0712_Golem2,4,4,0,e8163e866f699cfa1aee7b6b202a759d59560c151fcf4af91da883e9fc639b6d,b0d3f9d06bedf460821fa5b99dcf09a1e74211b10955da574c2ffb73f068727b,,,characters/conditional/0712_Golem2
object,153,192,708,3,object_type_3,not_applicable,c\jiro\a\cav.dat,c,cav,verified,classified_from_plain_dat,,,,objects/type_3/0708_cav,2,2,6,ba395f2b698ac18631a6094f00cceb5ca7da03e99e46dde70026b2cd04ee7692,cffa369cbd8e015e6d14c410ac45cdffec010a44c53590354dd7d91c833d0eb9,,,objects/type_3/0708_cav
object,154,193,709,3,object_type_3,not_applicable,c\jiro\a\gol.dat,c,gol,verified,classified_from_plain_dat,,,,objects/type_3/0709_gol,1,1,1,0bbe59501073f7b774908141c38dbb9aeafa036e2623422a3e6312140ca28bde,e55827ba4403d701ca46ea9814a6b93e543590da3c7c51bade0f659e7ecaa4e6,,,objects/type_3/0709_gol
object,155,195,67,0,character_object,selectable,c\kid\kid1.dat,c,kid1,verified,classified_from_plain_dat,Kidomaru,0,0,characters/selectable/0067_Kidomaru,6,6,6,a7566950548b4e3d00378192b1e18d3c682a665e68366770dc2e8276b1d6e072,5a6aa239c2b467c098593ab055c7db2852a8227dd1dffe83ded705e731f40851,,,characters/selectable/0067_Kidomaru
object,156,196,34,0,character_object,conditional,c\kid\kid.dat,c,kid,verified,classified_from_plain_dat,Kidomaru(CS2),1,1,characters/conditional/0034_Kidomaru(CS2),6,6,7,19dfafa7255cee8d2f281d1aa08ef66a5339e9467699c67c7eb4430c5567cd4d,6a6f9513cd32e4fbbeaf6aed386f1d80e134e02829083245164b4a2e2c89aa47,,,characters/conditional/0034_Kidomaru(CS2)
object,157,197,438,3,object_type_3,not_applicable,c\kid\a\spi.dat,c,spi,verified,classified_from_plain_dat,,,,objects/type_3/0438_spi,5,5,3,5cb66469f3462a15c8d1cbf4512727c55a5885a9f4356ec4bce6c8b8a10f7276,840e1333b89d841502a8829df97164acbe7e3d53d3ad302ac775dffa5995237f,,,objects/type_3/0438_spi
object,158,198,442,3,object_type_3,not_applicable,c\kid\a\kyo.dat,c,kyo,verified,classified_from_plain_dat,,,,objects/type_3/0442_kyo,1,1,3,09115ad45ed83868e47f28806eaf893349ef1a5d350d2d0e61a9116fdcfcbfd4,de435fcfef4eaef3e5e298a77179fef995cc3b687168df770da6844b5f552e34,,,objects/type_3/0442_kyo
object,159,199,670,3,object_type_3,not_applicable,c\kid\a\atk.dat,c,atk,verified,classified_from_plain_dat,,,,objects/type_3/0670_atk,3,3,2,38c83a1e8ce5463dc49642db978d57e13992a37719218515e6c02a8eb176e5c1,f70a70b34d9d7cded721a5a873ca01953bed5e6826f2b5cd408f9ec21db03906,,,objects/type_3/0670_atk
object,160,201,61,0,character_object,selectable,c\sako\sako1.dat,c,sako1,verified,classified_from_plain_dat,Sakon&Ukon,0,0,characters/selectable/0061_Sakon&Ukon,5,5,9,0a0745a5ec4ef350ee48374ada9d31ae5e710a14dc194471ca900896ce413c9f,8031dcd458f92f59c0919f5f2f61bbcc61a24c66e85c254324d7489d317b08d8,,,characters/selectable/0061_Sakon&Ukon
object,161,202,81,0,character_object,conditional,c\sako\suk1.dat,c,suk1,verified,classified_from_plain_dat,Sakon,1,1,characters/conditional/0081_Sakon,5,5,6,570216e772bbd2ad2c49b0ef08df4535ae3c7b36c189ee5972570e355f64f242,a9d88588e762a787a5c3c274ba4dfaaa92952489b7f8e265d4bd37b7b5c8e564,,,characters/conditional/0081_Sakon
object,162,203,83,0,character_object,conditional,c\sako\uko1.dat,c,uko1,verified,classified_from_plain_dat,Ukon,1,1,characters/conditional/0083_Ukon,5,5,2,86ff26379a55eadd8b698a180f302f0295c66b35a114234988a59b1f8b89e307,a6822cda537e55350a15281e0742f9956573bdae68ff788363f30c879cb7111b,,,characters/conditional/0083_Ukon
object,163,204,35,0,character_object,conditional,c\sako\sako.dat,c,sako,verified,classified_from_plain_dat,Sakon&Ukon(CS2),1,1,characters/conditional/0035_Sakon&Ukon(CS2),5,5,10,d1f007307d77494188710ec8d941fc2cbaf3cc48a7c9f2c1ad04066482e0c638,8a589a5a92ca1d1f7ba541a4cd9e35934ad32e00f0901cd1676c974356464469,,,characters/conditional/0035_Sakon&Ukon(CS2)
object,164,205,80,0,character_object,conditional,c\sako\suk.dat,c,suk,verified,classified_from_plain_dat,Sakon(CS2),1,1,characters/conditional/0080_Sakon(CS2),5,5,6,d795316454cd14326452f8270be027a2d768928b5d9f2597279e2030005edcd6,7ab7ce65261fc43cb33b7bcbe46f32acdd20fa721787c3bd1e0fba9e14722a99,,,characters/conditional/0080_Sakon(CS2)
object,165,206,82,0,character_object,conditional,c\sako\uko.dat,c,uko,verified,classified_from_plain_dat,Ukon(CS2),1,1,characters/conditional/0082_Ukon(CS2),5,5,2,6af3bba902ba48fea440de8a4cf76cf2d27dbd764da90d4fc54677ba866ad88c,fb12dda721c90f34a6ce5d29b623aee82e52cc0713561226fa02459fb5b25271,,,characters/conditional/0082_Ukon(CS2)
object,166,207,805,3,object_type_3,not_applicable,c\sako\a\atk.dat,c,atk,verified,classified_from_plain_dat,,,,objects/type_3/0805_atk,3,3,1,3219844ddfa490f485bcb1a732a0cfc73d358386dcbee611bcc2e46b503328d8,a359829d9279def1626eacff88fb70bed86b878fcc6f41a14774a2944c43f37a,,,objects/type_3/0805_atk
object,167,209,62,0,character_object,selectable,c\tay\tay1.dat,c,tay1,verified,classified_from_plain_dat,Tayuya,0,0,characters/selectable/0062_Tayuya,6,6,4,852897d07f39af6000aa7c1092137e9c4287587fb3af904a9da924a4eb753df8,10aa4635cbfba7910bdf72b323f1371ecb42117910c21d3ea357695bc8401111,,,characters/selectable/0062_Tayuya
object,168,210,36,0,character_object,conditional,c\tay\tay.dat,c,tay,verified,classified_from_plain_dat,Tayuya(CS2),1,1,characters/conditional/0036_Tayuya(CS2),6,6,5,677e8df36e21706d506d4dec50dbd543877085182a8658416ca56a633f7d796b,dcc6681466c482bc70be0f652633db0c5da6b6e17a9f9d8e554e6f1645860550,,,characters/conditional/0036_Tayuya(CS2)
object,169,211,439,3,object_type_3,not_applicable,c\tay\a\mon.dat,c,mon,verified,classified_from_plain_dat,,,,objects/type_3/0439_mon,4,4,3,bafe595b64346d89bce7c111084f7d562272eca3c6e2076eefb9f4563d851455,96dd60a7b8ab0df8ffea93202ab158d4b843f7097695ea2bd02cd977a1168462,,,objects/type_3/0439_mon
object,170,213,28,0,character_object,selectable,c\kim\kim1.dat,c,kim1,verified,classified_from_plain_dat,Kimimaro,0,0,characters/selectable/0028_Kimimaro,7,7,3,108d8932f22c8539edd213ffc288338726164be0678fa6fb64732d890a56185e,ca0458ce07745c3448170927851ddf0220c4ac2431954bc69e387cf0de8e3fe9,,,characters/selectable/0028_Kimimaro
object,171,214,507,0,character_object,conditional,c\kim\kim.dat,c,kim,verified,classified_from_plain_dat,Kimimaro(CS2),1,1,characters/conditional/0507_Kimimaro(CS2),7,7,4,5c40f5b614bef735ddb6e8eb1856f2ecfb20a700cda5d65770bb139611b7b64b,edba9677367377e47017af2b9f1a8ee9144dec51d157d268bfe5f6c0f4ca414d,,,characters/conditional/0507_Kimimaro(CS2)
object,172,215,820,3,object_type_3,not_applicable,c\kim\a\bon.dat,c,bon,verified,classified_from_plain_dat,,,,objects/type_3/0820_bon,2,2,1,9ffdfc1192aea975d7255848a5f685a6a020584a26e176c94595eea07cdd4e7e,6ee9584402ee2b2521af5a277f025d4558e4e71fe4fdfa7fd7b8272a8843d32c,,,objects/type_3/0820_bon
object,173,217,23,0,character_object,selectable,c\kab\kab.dat,c,kab,verified,classified_from_plain_dat,Kabuto,0,0,characters/selectable/0023_Kabuto,5,5,12,eba7b0363f08d8c608e8720c7af6953ad72100cf081681498b300b5cd00096db,b7ca14265e4183eac16117ab677ac08a8216cfba4109b31a76a730e2ac4f7eae,,,characters/selectable/0023_Kabuto
object,174,218,860,0,character_object,conditional,c\kab\tsurugi.dat,c,tsurugi,verified,classified_from_plain_dat,Tsurugi,2,2,characters/conditional/0860_Tsurugi,4,4,3,0f0d407e7a8f9d6875b125cd2e0732866697d11b5de5bcffa9a4d6f7a33a57ed,f5318bcf1f0e08b2b3d372e97a1cc2985ec786a295279ba2d7dfbef5ab935904,,,characters/conditional/0860_Tsurugi
object,175,219,861,0,character_object,conditional,c\kab\yoroi.dat,c,yoroi,verified,classified_from_plain_dat,Yoroi,2,2,characters/conditional/0861_Yoroi,4,4,2,d0198cfa47ef3176b7caebc7aeb674be0bf8dc2bd60a78f8291a9a2eefa4f396,c4556923baa6f9d8c0b153a1a536ec47a4d3503a4295eb04e978cb305ef733ad,,,characters/conditional/0861_Yoroi
object,176,220,437,1,object_type_1,not_applicable,c\kab\a\cha.dat,c,cha,verified,classified_from_plain_dat,,,,objects/type_1/0437_cha,1,1,1,06262b72b652e0fb4f022f4b9c2dd895e3ec96b10cfd480ca49a8b2fae396675,49c6c03fec9124c1e7e72e4fa700d7eab04977f375ddd7f56081e09db7b1c29c,,,objects/type_1/0437_cha
object,177,221,862,3,object_type_3,not_applicable,c\kab\a\atk.dat,c,atk,verified,classified_from_plain_dat,,,,objects/type_3/0862_atk,2,2,4,9e2a24772d93602e85689538f858f39299be6dcec62097b57dda828842114833,5cdae5382aaac55727eb1ff5b6867c53ea7ac3c0e78ac02cfb9427d1894597c9,,,objects/type_3/0862_atk
object,178,223,20,0,character_object,selectable,c\oro\oro.dat,c,oro,verified,classified_from_plain_dat,Orochimaru,0,0,characters/selectable/0020_Orochimaru,7,7,5,d0bf93d80af467d48b79738a061a6923d498e034a669b7ede1877d0a64a5814e,d3043bd4942e4f528e4098966b030cfe52008bee991f61fa0a9c7e4f5679e32c,,,characters/selectable/0020_Orochimaru
object,179,224,88,0,character_object,conditional,c\oro\1.dat,c,1,verified,classified_from_plain_dat,Idle1,2,2,characters/conditional/0088_Idle1,4,4,1,e90deb05eb7f6424684ebc73ef5e0436dda446a648d52da1d5001eebb6168fe6,3e3eebeda4b872dafb65814723ce140583a9bbd525b45d19a432bb1b2c564757,,,characters/conditional/0088_Idle1
object,180,225,89,0,character_object,conditional,c\oro\2.dat,c,2,verified,classified_from_plain_dat,Idle2,2,2,characters/conditional/0089_Idle2,4,4,1,a7eda0daede69a3b613f3b2df2965c271dffc26634434e007c7c8004421d7c02,a3017fdc5a0d6edba75cfc700ef8957cec12f99b0996931239cb686fe60da710,,,characters/conditional/0089_Idle2
object,181,226,883,3,object_type_3,not_applicable,c\oro\a\edo2.dat,c,edo2,verified,classified_from_plain_dat,,,,objects/type_3/0883_edo2,1,1,0,d1634f6fe5757251f84371e491be66316389e888ab5e205520cff5cc483b279f,b0dfd1064ed45585a209a714949cf864c0a02635337340702555dc45ec03b95b,,,objects/type_3/0883_edo2
object,182,227,888,3,object_type_3,not_applicable,c\oro\a\atk.dat,c,atk,verified,classified_from_plain_dat,,,,objects/type_3/0888_atk,6,6,5,cac7074f58c9037f4099484c44f6e47212b182011f25ee494bb1c3bf04967685,d557ffda38d8faa8869f6da98dcea968830a2a95dddec22f219ed45b4380aa80,,,objects/type_3/0888_atk
object,183,229,21,0,character_object,selectable,c\jira\jira.dat,c,jira,verified,classified_from_plain_dat,Jiraiya,0,0,characters/selectable/0021_Jiraiya,9,9,6,0399a48aaf06d292b4491477f56520d38219b9aaa8c12adc98e4594edb821b72,7790678be35651b2ebbd8401de23dab29e22ea392a055edfbb6087f52d485809,,,characters/selectable/0021_Jiraiya
object,184,230,701,0,character_object,conditional,c\jira\pre.dat,c,pre,verified,classified_from_plain_dat,Jiraiya(pre-SMode),2,2,characters/conditional/0701_Jiraiya(pre-SMode),5,5,5,846dcfd20e1dc1ce5c43aa25fb63d5823885e502c2bccfcb3959253685d50020,bc194a91dd14340a8bbe7ce4a0eafa8542d400d25f588772736e9a69343bb63c,,,characters/conditional/0701_Jiraiya(pre-SMode)
object,185,231,702,0,character_object,conditional,c\jira\sag.dat,c,sag,verified,classified_from_plain_dat,Jiraiya(SageMode),1,1,characters/conditional/0702_Jiraiya(SageMode),9,9,9,705b4be41554dc29e7828b90f82a542b303c75b8006121b79d377e749547876d,5517536004b65a266fa456ece2cce909166bdab68836de2ea59fa51a2c7b2dec,,,characters/conditional/0702_Jiraiya(SageMode)
object,186,232,414,3,object_type_3,not_applicable,c\jira\a\ras.dat,c,ras,verified,classified_from_plain_dat,,,,objects/type_3/0414_ras,7,7,3,9db962b520dfd5c80e384cdb97d7dd6bdb5c0b8d763b1c09bc7b32a5ed254dbe,792f134e877e8025cde9b376b28157709fde579025bb5b72d5dc0b8004f80bdc,,,objects/type_3/0414_ras
object,187,233,423,3,object_type_3,not_applicable,c\jira\a\toad.dat,c,toad,verified,classified_from_plain_dat,,,,objects/type_3/0423_toad,4,4,4,3b3182a384648ac50ee041aca37fdb921e95f87edc6f98547be2e4420d79f80a,ae8adcfc19def44e36528f8de2d4756174904796b8431bc395aa76b2f3724494,,,objects/type_3/0423_toad
object,188,234,424,3,object_type_3,not_applicable,c\jira\a\mag.dat,c,mag,verified,classified_from_plain_dat,,,,objects/type_3/0424_mag,3,3,2,ee7958ab61843861cb7bce91e803a5d93f4f8a7de69657204ee039d32a998de7,c633425c853bdd1ac293465012972be7eb020a60c02b3614a4902de506172a2b,,,objects/type_3/0424_mag
object,189,236,513,0,character_object,conditional,c\tsu\tsu.dat,c,tsu,verified,classified_from_plain_dat,Tsunade,1,1,characters/conditional/0513_Tsunade,5,5,5,581ff7f249b821ec0682be25eb11aa623e4524459eb0dba549d8816f13c5f0d4,c15c773c79d4a49176bbee50d04ff75cd1a4d9cc01d6f51f7b5722c2e012d216,,,characters/conditional/0513_Tsunade
object,190,237,237,3,object_type_3,not_applicable,c\tsu\a\atk.dat,c,atk,verified,classified_from_plain_dat,,,,objects/type_3/0237_atk,1,1,1,7e23dab0c30cd88acce92d47a488b558d4e702bfe46c4a520d594416ddb32730,b9090627eaebbc20cde6a690d0ad71ae843948c9d514b7a6fe7dffb8e72c6007,,,objects/type_3/0237_atk
object,191,239,27,0,character_object,selectable,c\min\min.dat,c,min,verified,classified_from_plain_dat,Minato,0,0,characters/selectable/0027_Minato,6,6,12,fec6191012a2b2e1e2fb4b0873efc9efae12156c417b77b3914cef1eb634044e,f36b89d6b83b6f558a91dce9306cf446268f446b1a73251682c746198da17a02,,,characters/selectable/0027_Minato
object,192,240,449,0,character_object,conditional,c\min\sag.dat,c,sag,verified,classified_from_plain_dat,Minato(SageMode),1,1,characters/conditional/0449_Minato(SageMode),6,6,12,c5d1313dac69e96f1b3a874dab38f7217d3272f39cbef82c0aacd42254aaa59d,b183d36e6d3a63c8ba3d2b3d1b178cae22bf8383b8d5d00a4ae8f9a9a00d9dad,,,characters/conditional/0449_Minato(SageMode)
object,193,241,427,0,character_object,conditional,c\min\kcm.dat,c,kcm,verified,classified_from_plain_dat,Minato(KCM),1,1,characters/conditional/0427_Minato(KCM),5,5,9,68bbeca6f4f4337c88a54225c5e2726c63d3c26a8da627efbfceab315a41fc8d,a584b3cabee5b55afb85523598c3f0500a67b059555a0f8e5df43ff1f3356897,,,characters/conditional/0427_Minato(KCM)
object,194,242,448,1,object_type_1,not_applicable,c\min\a\fla.dat,c,fla,verified,classified_from_plain_dat,,,,objects/type_1/0448_fla,1,1,3,7d30fd27b3179edaa4fa6d3cc9ca1910575594eabff554af327fdb93fb1435ba,d68374d0bf6ce4c920a13a193a7315f5bb609ff243efad08ffe923a72fd3f220,,,objects/type_1/0448_fla
object,195,243,815,3,object_type_3,not_applicable,c\min\a\fly.dat,c,fly,verified,classified_from_plain_dat,,,,objects/type_3/0815_fly,2,2,4,f28d177419d5dc4591be5bfdf54df28ae9399beb977c539f7515d5284d18048e,aa57361b65f9c6b4755182fa343a6ca8f0f5c1f95e702cf20d7ad1b1231ebc99,,,objects/type_3/0815_fly
object,196,244,817,3,object_type_3,not_applicable,c\min\a\fly2.dat,c,fly2,verified,classified_from_plain_dat,,,,objects/type_3/0817_fly2,1,1,0,6981fa937de3ffdba4a41aff183f0fcc856a84276b4349bb90a26a97cf739e4f,ea96e4d960bae9be29b39322fb49d6b4a41cb24885ff5051257ef912e8c66653,,,objects/type_3/0817_fly2
object,197,245,426,3,object_type_3,not_applicable,c\min\a\kcm.dat,c,kcm,verified,classified_from_plain_dat,,,,objects/type_3/0426_kcm,3,3,1,acbfcde173c0b3c08df0dff75163ef6d5b380836f6f62f75a243bd6c2ad3bc37,4a28b213ff58f4544fd80ef3b25a21bbed3243a8c93cbcbf11ecb84711723d23,,,objects/type_3/0426_kcm
object,198,247,63,0,character_object,selectable,c\hir\hir.dat,c,hir,verified,classified_from_plain_dat,Hiruzen,0,0,characters/selectable/0063_Hiruzen,5,5,11,119f6db71dcebf14593c05adcf475dd5ac64232f25e9009c05fe9d3a78fd635e,30119d83908de7a5c621a3d7044b106d7999e014a38d585cd90d155e4094e821,,,characters/selectable/0063_Hiruzen
object,199,248,504,0,character_object,conditional,c\hir\hcl.dat,c,hcl,verified,classified_from_plain_dat,Hiruzen(Clone),2,2,characters/conditional/0504_Hiruzen(Clone),4,4,4,ac183dfb454858bcb2c0b02a135479c721d3fcf4b79582edc413c2954d0fcb86,601af168be44d74ec550eada47705d2a6bc163433b0f774c5c4d45d554430b7d,,,characters/conditional/0504_Hiruzen(Clone)
object,200,249,236,3,object_type_3,not_applicable,c\hir\a\atk.dat,c,atk,verified,classified_from_plain_dat,,,,objects/type_3/0236_atk,1,1,2,f791332275b6a69021cd1f4004f1fe60faa46799d025b925e26223ddb7880095,84a53b80a284bf75fcffbea9dba5869e1085531fad2f9a6cdf04ef534fcf331f,,,objects/type_3/0236_atk
object,201,251,64,0,character_object,selectable,c\tobir\tobir.dat,c,tobir,verified,classified_from_plain_dat,Tobirama,0,0,characters/selectable/0064_Tobirama,7,7,7,5d2c06bde56da49acdd73b64391579d86fac0484c3c78b47d828eb9517ae35a3,4a5146625dd49a06f319e4f4e53486d59a3392c2a1cbf384c8d7bf2edc1a08bf,,,characters/selectable/0064_Tobirama
object,202,252,415,0,character_object,conditional,c\tobir\tclo.dat,c,tclo,verified,classified_from_plain_dat,Tobirama(Clone),2,2,characters/conditional/0415_Tobirama(Clone),4,4,2,298425b7b707f1408032dae71c5d9e0daabc6b10d83d6e0181c71f17018c0422,f6ed74b7e077c00acfc3f742b5bb5376b3cf70a796cf56842004ac34c8153a52,,,characters/conditional/0415_Tobirama(Clone)
object,203,253,459,3,object_type_3,not_applicable,c\tobir\a\atk.dat,c,atk,verified,classified_from_plain_dat,,,,objects/type_3/0459_atk,5,5,2,a4e81d78067668befbaba8ae8816021c28091c9a655e6bee598d22b5209dcd10,a077ab30aac2fa8b59aeffb399375a64246d90c0de6f9b819fde561bcd00af8d,,,objects/type_3/0459_atk
object,204,255,69,0,character_object,selectable,c\has\has.dat,c,has,verified,classified_from_plain_dat,Hashirama,0,0,characters/selectable/0069_Hashirama,6,6,6,3141f3e58d6531672303e0b765ad41cef068717bbb1f83074262035cbe213048,2b10f201104a381f7f2b94fcf7222db4dad78a47dcc2389e3f536c6256336c61,,,characters/selectable/0069_Hashirama
object,205,256,93,0,character_object,conditional,c\has\sag.dat,c,sag,verified,classified_from_plain_dat,Hashirama(Sage),1,1,characters/conditional/0093_Hashirama(Sage),6,6,8,528a9c66cc6bb7b52d3540288ca21f0869dcf865e4545f1f35401c717456fbfd,7148a045bc7ab82cf5d48b85b689287013ddce9d4ca51d0b79eca91e3ba3c322,,,characters/conditional/0093_Hashirama(Sage)
object,206,257,47,0,character_object,conditional,c\has\hcl.dat,c,hcl,verified,classified_from_plain_dat,Hashirama(Clone),2,2,characters/conditional/0047_Hashirama(Clone),4,4,1,791801c5d7ad4e7c6a43977f9d28674088a959202ec7008c546d874d7b5e140e,e98f17140784b5c581e6a58edd664aea4fdbe8562f7df29c3aee14a4be4525dc,,,characters/conditional/0047_Hashirama(Clone)
object,207,258,409,3,object_type_3,not_applicable,c\has\a\atk.dat,c,atk,verified,classified_from_plain_dat,,,,objects/type_3/0409_atk,7,7,1,aa9d06d6a804ece1d966de15ea42316923090d61b37d3495136461022d8636d9,842d3fae53d46a709ba8d05f43744eca463f2754022063ecfc22cab93dd52e8d,,,objects/type_3/0409_atk
object,208,260,25,0,character_object,selectable,c\kaku\kakun.dat,c,kakun,verified,classified_from_plain_dat,Kakuzu,0,0,characters/selectable/0025_Kakuzu,6,6,5,d0d14464d0ef5b8f40ec890954271098b21490b62aa37ccc5ce4e262b6aeba8a,378afb19788f6010671f530c7e4ae8f41293f4c39f39ddfaf305171a841b2d10,,,characters/selectable/0025_Kakuzu
object,209,261,498,0,character_object,conditional,c\kaku\kakunck.dat,c,kakunck,verified,classified_from_plain_dat,NCKakuzu,1,1,characters/conditional/0498_NCKakuzu,8,8,10,5c343237d7cbc4501d06976fb8886030f1e312686b93e34e73f32504455e22da,9860f068e1459dc5f80d7cba9bb24f032cb06c8f71bf964b61e01c0e1387ae1a,,,characters/conditional/0498_NCKakuzu
object,210,262,57,0,character_object,conditional,c\kaku\kakunre.dat,c,kakunre,verified,classified_from_plain_dat,REKakuzu,2,2,characters/conditional/0057_REKakuzu,6,6,7,7456af76a9cd66d8ecef26132b34da4875245abc144b0de0c44ad8c2fa3cd167,07f367328fc02c08bac36e77a19226efb49e336df64e12df2d06174897fd0ab0,,,characters/conditional/0057_REKakuzu
object,211,263,871,0,character_object,conditional,c\kaku\maskfir.dat,c,maskfir,verified,classified_from_plain_dat,MaskFire,2,2,characters/conditional/0871_MaskFire,5,5,2,52b9eba48925e5904de97d20bb871360d79336d690b4fc3feb013d5eeb1220e9,223af95018c6e15006ae419bbd1fc25ac9f9268de24435169ce2f749d280b1eb,,,characters/conditional/0871_MaskFire
object,212,264,872,0,character_object,conditional,c\kaku\maskthu.dat,c,maskthu,verified,classified_from_plain_dat,MaskThunder,2,2,characters/conditional/0872_MaskThunder,5,5,1,e297e0fd4c21a55b8d62408131022a972608bc3272832479099ae4ede4ea4edd,0e6dd7d0668686683a2b3ba6a60f11b7304dbe7395e531fe5771b1c6532a19ed,,,characters/conditional/0872_MaskThunder
object,213,265,873,0,character_object,conditional,c\kaku\maskwat.dat,c,maskwat,verified,classified_from_plain_dat,MaskWater,2,2,characters/conditional/0873_MaskWater,5,5,3,9047308b307a09ed8b6e12d78ec6efcadc7d6bdbcece805469a5f2894cc5b43d,38d511a173795bcf00f47775c43620276e7ccced2de6488370c8bbbbf63b0775,,,characters/conditional/0873_MaskWater
object,214,266,874,0,character_object,conditional,c\kaku\maskair.dat,c,maskair,verified,classified_from_plain_dat,MaskAir,2,2,characters/conditional/0874_MaskAir,5,5,1,715fcffa312cfb91558a26f80d1cd415c4942af421a0ca87b90fe8f80d69c5e8,f822b499e663056d9ebb43db916d255836d079a399afabc6ceb8b90e7bf926c6,,,characters/conditional/0874_MaskAir
object,215,267,499,3,object_type_3,not_applicable,c\kaku\a\nck.dat,c,nck,verified,classified_from_plain_dat,,,,objects/type_3/0499_nck,5,5,3,8e618b4374e77fee664f0f5c39721e0f71652d4fd7238db8ffdd4f9803f52b2a,e5c15f4cb8d349cd870016295ffdb4eca6ce9bd338fe269f51406090fab54938,,,objects/type_3/0499_nck
object,216,269,24,0,character_object,selectable,c\hid\hid.dat,c,hid,verified,classified_from_plain_dat,Hidan,0,0,characters/selectable/0024_Hidan,9,9,8,8361bdf408e75163796307413b684991a7d8f187bf30101ba19fbad766d86c82,9af989537f03025371cdcc9b263b4d7fe07b90157f7a777d346eb13f19c024ed,,,characters/selectable/0024_Hidan
object,217,270,56,0,character_object,conditional,c\hid\rea.dat,c,rea,verified,classified_from_plain_dat,Hidan,1,1,characters/conditional/0056_Hidan,9,9,7,27f0b91f92c09beb9bbe11127d0ef4ac3b0267f1978737f94c76841bc010f75d,def4f0267adbe2a496041c8620165767bfa0dff6d0d7d8a27e074988d5ec1dfc,,,characters/conditional/0056_Hidan
object,218,271,333,3,object_type_3,not_applicable,c\hid\a\rea.dat,c,rea,verified,classified_from_plain_dat,,,,objects/type_3/0333_rea,1,1,2,680e53ded9d26c9a38519283738daeefbd753665a064479b9fc79913492025d8,8c2eaeab9fac5d554f7be2c1ab29df6491b6d626b854fc52dbb9f65e589eb00d,,,objects/type_3/0333_rea
object,219,272,334,3,object_type_3,not_applicable,c\hid\a\rea2.dat,c,rea2,verified,classified_from_plain_dat,,,,objects/type_3/0334_rea2,1,1,1,ec9a0b5cf8d485398e0ade1086cb6f627f154f8d39dfb9b9195a428a3651df7d,16b90db93dc64bda454ceeb851f44c26b7d5886080bd71f2aaef3b326c8398e3,,,objects/type_3/0334_rea2
object,220,273,335,3,object_type_3,not_applicable,c\hid\a\scy.dat,c,scy,verified,classified_from_plain_dat,,,,objects/type_3/0335_scy,1,1,0,f939a2e83d89b37f828290caeb0e4c1e39625f78c984cab729a5f49a7d51b37e,077a7e2a0a3cab7131e37b29942d89b96686e560224d36f6203927e761f9ff14,,,objects/type_3/0335_scy
object,221,275,6,0,character_object,selectable,c\saso\Hsa.dat,c,Hsa,verified,classified_from_plain_dat,Sasori,0,0,characters/selectable/0006_Sasori,7,7,8,15648ab8cb68c9784d6a4f69599646c49696ee85a818d7bdabfb5b919950f126,03fa3327ef66c2fb235ee3abbbcac2bcd7dcef0f48a579dc7c32b20d50c5a985,,,characters/selectable/0006_Sasori
object,222,276,51,0,character_object,conditional,c\saso\saso.dat,c,saso,verified,classified_from_plain_dat,Sasori,1,1,characters/conditional/0051_Sasori,5,5,11,3a617fc575608a144ac5e44979ee642871c296f973d0c6503be40bd2bed26063,b99c35f41005750b34c0bc564f1ad2e0a2f9084910305ef4716a4156a6bd5f82,,,characters/conditional/0051_Sasori
object,223,277,90,0,character_object,conditional,c\saso\ncs.dat,c,ncs,verified,classified_from_plain_dat,NCSasori,2,2,characters/conditional/0090_NCSasori,4,4,8,624e82b1dec91ee779b6367e406850026a69026376a1ebfa9377faf5033579fc,b6c5e6fc6dda718750dd6eed9cece61a38a42dfebd8255a3e3d2f497f73b99c1,,,characters/conditional/0090_NCSasori
object,224,278,55,0,character_object,conditional,c\saso\pup.dat,c,pup,verified,classified_from_plain_dat,Puppet,1,1,characters/conditional/0055_Puppet,6,6,1,9ec4fe82468953f7c1578416265d353bd77ac7da2b8add9a569618f51353729f,c766cb5a93a7de3ca55aa8eb05e0439b52e2104cf26a151e3f2e87e5fb957ca3,,,characters/conditional/0055_Puppet
object,225,279,213,3,object_type_3,not_applicable,c\saso\a\pup.dat,c,pup,verified,classified_from_plain_dat,,,,objects/type_3/0213_pup,2,2,2,1b0808604fcd6940c9a6e2530ea0410685efcb2ae4be56a17ef4a48a0c277769,142763e8796bc78bc4c2952ba34f3a4504749d9d4db62b40746c90b212f8cc14,,,objects/type_3/0213_pup
object,226,280,512,3,object_type_3,not_applicable,c\saso\a\pup2.dat,c,pup2,verified,classified_from_plain_dat,,,,objects/type_3/0512_pup2,2,2,4,f2dc4f3277dea7b36f31dd7fe65eacdf744e88dd287d73e707a4946d3273bb7f,f1e9973bfabb85d15f5fbb887c1cb21b5216686ac5ad7719f688b3953b7445af,,,objects/type_3/0512_pup2
object,227,281,822,3,object_type_3,not_applicable,c\saso\a\iro.dat,c,iro,verified,classified_from_plain_dat,,,,objects/type_3/0822_iro,3,3,4,7443496b1ef458ca66b3fc1367b1f998451d860228bf7d76437cb49585d0ef36,3003c76b6372b21b0960e166ab939e2a5aec52848826f75c212e2f8e69f132a2,,,objects/type_3/0822_iro
object,228,283,10,0,character_object,selectable,c\dei\dei.dat,c,dei,verified,classified_from_plain_dat,Deidara,0,0,characters/selectable/0010_Deidara,5,5,6,8bb04cc5060f2d7e1be3bfbb659344de23a154f291f1bff77476b262b782f28a,767a9c795e8750389c8e2a44b4043c825009cb329902413f9ae75eb8f9bb1869,,,characters/selectable/0010_Deidara
object,229,284,58,0,character_object,conditional,c\dei\bir.dat,c,bir,verified,classified_from_plain_dat,Deidara(Bird),2,2,characters/conditional/0058_Deidara(Bird),4,4,6,156a2798327699964dac1a67a76af7e9ea3c1787dbcc00413cd147777f971d12,8b6af8c6750e159ac8743108de990be1c7ed2884ad9b5a6d00c7b471271d39e9,,,characters/conditional/0058_Deidara(Bird)
object,230,285,45,0,character_object,conditional,c\dei\ncd.dat,c,ncd,verified,classified_from_plain_dat,NCDeidara,1,1,characters/conditional/0045_NCDeidara,5,5,8,f5dab7d62bada4a66cf2009b2b3a2df76ac233411134d935b35a4eb833a5bf1a,61ad97459eb9bb6a1dff0d6e4121d646bf4a49d6ea1e8c6413ac84f84443effe,,,characters/conditional/0045_NCDeidara
object,231,286,46,0,character_object,conditional,c\dei\ncb.dat,c,ncb,verified,classified_from_plain_dat,NCDeidara(Bird),2,2,characters/conditional/0046_NCDeidara(Bird),4,4,6,65097290812d2a661ecaa7d11a41305173fa414225e62f20664df19bb690460c,1f29033188e9c26d87dc82ad72e6e5ecb1b0fb1e9b0b8d537b448b38af484495,,,characters/conditional/0046_NCDeidara(Bird)
object,232,287,800,0,character_object,conditional,c\dei\zom.dat,c,zom,verified,classified_from_plain_dat,ClayZombie,2,2,characters/conditional/0800_ClayZombie,4,4,2,61e9435a7cb12a1e0cdc6f9bd209def6c4d7e66b66b8752409f7ac7457d72d16,4f69d30ca8a43ee245c5704273b50ef5325b443256b944689e6a93af10f3a2af,,,characters/conditional/0800_ClayZombie
object,233,288,802,0,character_object,conditional,c\dei\zom2.dat,c,zom2,verified,classified_from_plain_dat,ClayZombie2,2,2,characters/conditional/0802_ClayZombie2,4,4,2,0f072da874234692ea973af36b911d755e5dfa6dea22fbd84065868132870288,3236dd42da495969136d613d7d58167062b4c259717a1ced9a0029381c5ae2e8,,,characters/conditional/0802_ClayZombie2
object,234,289,225,3,object_type_3,not_applicable,c\dei\a\cla.dat,c,cla,verified,classified_from_plain_dat,,,,objects/type_3/0225_cla,5,5,5,6e34f750531e052a1c91f8458bd594b2f78f66d833675b57acb16b6b1138074f,99bee555c008ed9b16fdfa9c6808ede102d3425717dc5a21b3ab3bf08c62cc22,,,objects/type_3/0225_cla
object,235,290,206,3,object_type_3,not_applicable,c\dei\a\cla2.dat,c,cla2,verified,classified_from_plain_dat,,,,objects/type_3/0206_cla2,1,1,2,0f9222eabd9a4fc44b32a65580c58a9cf7896368dccfb8637fb6368759f76e08,687b148342e02bdb8f94a9524203892fbf4a21c32ab520e84f6c5d99273dab5f,,,objects/type_3/0206_cla2
object,236,291,221,3,object_type_3,not_applicable,c\dei\a\cla3.dat,c,cla3,verified,classified_from_plain_dat,,,,objects/type_3/0221_cla3,1,1,2,9e2632ce3fbf9d8a6b665ba48f1b29b2437b4dd866d9aeaf4372c6e1c3f2616d,32f3b300b4baad5fb0119c136d7447fa0716150bcb6570855a4e537d65c2ba5b,,,objects/type_3/0221_cla3
object,237,293,17,0,character_object,selectable,c\kis\kis.dat,c,kis,verified,classified_from_plain_dat,Kisame,0,0,characters/selectable/0017_Kisame,6,6,7,42365d2812b3e91c10598ddbd003fa53aab9e38364a2335d6403540f19a9b6b4,0a79c27e7e2edab301ac41321df884bf0d4550ab93b648a925650d1b26e1d147,,,characters/selectable/0017_Kisame
object,238,294,505,0,character_object,conditional,c\kis\kcl.dat,c,kcl,verified,classified_from_plain_dat,Kisame(Clone),2,2,characters/conditional/0505_Kisame(Clone),5,5,1,1adaabe78e22b3935bca57d54d65e84b224b3708c87fbbfdd4a8b1105204539f,2fd110934651fe3ee78869ff477225cae7d673d2fb65b3136801b2635aee2c89,,,characters/conditional/0505_Kisame(Clone)
object,239,295,91,0,character_object,conditional,c\kis\sam.dat,c,sam,verified,classified_from_plain_dat,KisameS,1,1,characters/conditional/0091_KisameS,5,5,4,a6412b3472bdffbedb690e026a6c654e976357fcc1af9d358d20b2a437ea9b5b,b5e4751f5d772d9fab3980836774a0a7b25626c150e6bf47d9b4e6b6e653d42a,,,characters/conditional/0091_KisameS
object,240,296,42,0,character_object,conditional,c\kis\nck.dat,c,nck,verified,classified_from_plain_dat,NCKisame,1,1,characters/conditional/0042_NCKisame,6,6,7,bd9034f7e2abd376eb44ac4ed913b7a2e440c01d49f6a5a54fcba9c1788032a5,dbb655b080c3086d44ae9dfde559044eeb26f6f591ff5d380f47ca1f5cf3b275,,,characters/conditional/0042_NCKisame
object,241,297,416,3,object_type_3,not_applicable,c\kis\a\wat.dat,c,wat,verified,classified_from_plain_dat,,,,objects/type_3/0416_wat,7,7,2,83567008b156672fc1788ccde48d0357c1c84ed134cd144cdb84242e9abcc823,62fd6a7b90b45aba82558db53bf8a12ad46c970976f46bda0016e00048bb95f3,,,objects/type_3/0416_wat
object,242,299,9,0,character_object,selectable,c\ita\ita.dat,c,ita,verified,classified_from_plain_dat,Itachi,0,0,characters/selectable/0009_Itachi,6,6,18,2ec65f77fb74cb1106506e87fcefb643dedd022d395e0c4a325e1816eeda8958,8ca1b1cac6f8f795ee59bf76a740d238ede4bb6d21fd9bbc7eccc5cd7bbbbae2,,,characters/selectable/0009_Itachi
object,243,300,220,3,object_type_3,not_applicable,c\ita\a\cro2.dat,c,cro2,verified,classified_from_plain_dat,,,,objects/type_3/0220_cro2,7,7,4,fe0ff56bf5e42a200b4d86d93032d9e90750c82328065c45a16314c5bad8b6a5,9cb7dec591bffe848d22c84f8caad32a5ef3fe5c4a353e911a82f22d1cdd214d,,,objects/type_3/0220_cro2
object,244,301,603,3,object_type_3,not_applicable,c\ita\a\cro.dat,c,cro,verified,classified_from_plain_dat,,,,objects/type_3/0603_cro,4,4,1,9a9bef3c84b03eb41ae5ce7ca34139f392d33be15074397ebca648b0200c9e37,53fc78c77d3331bcb53affadf8a2ba9698e25d3c52eec75f312bfdaa3da0fb91,,,objects/type_3/0603_cro
object,245,303,68,0,character_object,selectable,c\kon\kon.dat,c,kon,verified,classified_from_plain_dat,Konan,0,0,characters/selectable/0068_Konan,8,8,3,e301cb7c0951ca1ad110fcd1a2998d7c08d4d44cc2f1e2b7fc389c031171c058,7203c81a2a4c5e3476a44ea164120f19ca9993e86c9b0801f413616e313f87f1,,,characters/selectable/0068_Konan
object,246,304,54,0,character_object,conditional,c\kon\ang.dat,c,ang,verified,classified_from_plain_dat,KonanAngel,2,2,characters/conditional/0054_KonanAngel,6,6,3,cd5380dd4934fb51be095841badf7c218181d2d3547414c65daf4409938e9f29,1552caea17e1c09ece8cea03a484daefe64454d4dd0565d24c9010d1d0ddcb1f,,,characters/conditional/0054_KonanAngel
object,247,305,526,3,object_type_3,not_applicable,c\kon\a\pap.dat,c,pap,verified,classified_from_plain_dat,,,,objects/type_3/0526_pap,6,6,2,f1eee85b50dbb643aaab9ba01fb19ca6cd530830e34a646cacb46027c43d9953,878a4f223d0ffedd33b21c1ed33a2288b0645ecd52c89b0a32a869e0f8c9dd3b,,,objects/type_3/0526_pap
object,248,307,26,0,character_object,selectable,c\pai\pai.dat,c,pai,verified,classified_from_plain_dat,Pain(Animal),0,0,characters/selectable/0026_Pain(Animal),5,5,8,b883c73c27ba92fc69ba88f1421bff6febcbec9ab14f8eb0b3d52a6c560673c5,2749db0503c5cd8f035a677c342796d84fa4a8950c8dd8d066e6bce7fe4cace3,,,characters/selectable/0026_Pain(Animal)
object,249,308,509,0,character_object,conditional,c\pai\paid.dat,c,paid,verified,classified_from_plain_dat,Pain(Deva),2,2,characters/conditional/0509_Pain(Deva),4,4,5,6fa891571190c317c87ba3e55bc39aa80a145e8c9d012de26e79ac7c3f10d705,3d9ad36ebcc5257527cf4c04e4102553ce9670f8199558219fc3d3e9503c4ef8,,,characters/conditional/0509_Pain(Deva)
object,250,309,401,3,object_type_3,not_applicable,c\pai\a\sum.dat,c,sum,verified,classified_from_plain_dat,,,,objects/type_3/0401_sum,6,6,5,6b62aecbbe7592802a8ed7f65b61650c8fd966201956be894b8e010ecfbed5f2,aef88bbcaac41bfb02dcce78140eb2d2d94bc0295d99ab93873000620339a976,,,objects/type_3/0401_sum
object,251,310,403,3,object_type_3,not_applicable,c\pai\a\rhi.dat,c,rhi,verified,classified_from_plain_dat,,,,objects/type_3/0403_rhi,1,1,2,ccfcaa6436c0b9b06701b4742f06de89d043860c5a10e9ea75e55dc28df0b1c6,327210da56d82b848addcd5781ec919f4dac7493472bb3c82ea15514f8979297,,,objects/type_3/0403_rhi
object,252,311,404,3,object_type_3,not_applicable,c\pai\a\ox.dat,c,ox,verified,classified_from_plain_dat,,,,objects/type_3/0404_ox,1,1,2,3aebd539df7c48b18ebfadf586a60b16acb09f6b04932cb887f3ef9e0aad8990,6438483e95dc7f5d6392a507a17d5f1a4d556e0cda3eabaf138e6c0a09c53652,,,objects/type_3/0404_ox
object,253,312,405,3,object_type_3,not_applicable,c\pai\a\cha.dat,c,cha,verified,classified_from_plain_dat,,,,objects/type_3/0405_cha,2,2,3,7a3889c9453ada75cf23ddb19be60c156f841a31126c479fe7ce4598af52fdbf,4b02e875619631d6468a757436cc14c16d861f311c875b8c2629eb49564d523e,,,objects/type_3/0405_cha
object,254,313,838,3,object_type_3,not_applicable,c\pai\a\squ.dat,c,squ,verified,classified_from_plain_dat,,,,objects/type_3/0838_squ,9,9,6,3c3cb32bb510fe7fb03a0124471177f714d0abfea028addfdfd57ab0c31dd2f1,af2d31aff800d897d3c7a615f863c8f89aaf62ef482844560472eb19a805b919,,,objects/type_3/0838_squ
object,255,315,0,0,character_object,selectable,c\tobi\tobi.dat,c,tobi,verified,classified_from_plain_dat,Tobi,0,0,characters/selectable/0000_Tobi,5,5,10,7ac8ab91e0ade7a19e7be1950568d080440a673c9c0107189d3465038479d61f,cace785d5b84facbaed307b0ecbae335ea4550ea30e3a1e1ce0379d87ea95454,,,characters/selectable/0000_Tobi
object,256,316,53,0,character_object,conditional,c\tobi\ttobi.dat,c,ttobi,verified,classified_from_plain_dat,TigerTobi,2,2,characters/conditional/0053_TigerTobi,4,4,7,05432dc502050f0e8d226a94907e99f2439032f951ee00ca49b7d0ac7716632e,fc9040c8b8d2379dc65f719401783be0194e92d91162c56475a46e592ddaffd3,,,characters/conditional/0053_TigerTobi
object,257,317,232,3,object_type_3,not_applicable,c\tobi\a\kat.dat,c,kat,verified,classified_from_plain_dat,,,,objects/type_3/0232_kat,1,1,4,16b9abc42afb118f4690a61a5396646d40bd4e19304ee9bce1033145e6440bec,74f5ba7be602589bb2767caacdab59baa356204ccee6fe56b9d9d2ec46c38c60,,,objects/type_3/0232_kat
object,258,318,832,3,object_type_3,not_applicable,c\tobi\a\fox.dat,c,fox,verified,classified_from_plain_dat,,,,objects/type_3/0832_fox,1,1,2,e995f7c97148af95424ac76f74c4ffa1f492fc231ef4e0703f56313fff4118eb,0a8d756cf3c47425574ea97fadf993ccda7dab80dad06d482eed1eeef4598b38,,,objects/type_3/0832_fox
object,259,320,899,0,character_object,conditional,c\0\spe.dat,c,spe,verified,classified_from_plain_dat,Spectator,1,4,characters/conditional/0899_Spectator,4,4,0,2781956e89edada3d4560cf6ff73f562e168f29a288bba2c3aeb74d75eea8eb2,b0ee8896d84f295d3d87fe6d352d52631362ed2fd7c1dbcf74bb370eaf1c0822,,,characters/conditional/0899_Spectator
object,260,322,101,4,object_type_4,not_applicable,w\2.dat,w,2,verified,classified_from_plain_dat,,,,objects/type_4/0101_2,1,1,1,f8adfb9b61e7a9d1251f455f13ae34a0db8d43fb9d4e7a4f6236dd7ac01cefec,ea21317622cc9ebc9279c9e5443b5932006e77e4397f82ab49d43a4f133ff9e1,,,objects/type_4/0101_2
object,261,323,120,1,object_type_1,not_applicable,w\4.dat,w,4,verified,classified_from_plain_dat,,,,objects/type_1/0120_4,1,1,0,54cffda696cb220fec8f606509a4408c954d9ee002e32cbab5bc442b62a7bb26,d65a416132703b0fd311fa8add3f9d64f85058e7b4461280be9e47d3e0a46790,,,objects/type_1/0120_4
object,262,324,121,1,object_type_1,not_applicable,w\5.dat,w,5,verified,classified_from_plain_dat,,,,objects/type_1/0121_5,1,1,2,80ee80252f2cf749e950b2e25035879c11cb7517863af0ca14b7e88814121b12,2621219809b39b6c9c1281a3762da5adab32b7621b5f9962f3222f1e4aaa5b18,,,objects/type_1/0121_5
object,263,325,122,6,object_type_6,not_applicable,w\3.dat,w,3,verified,classified_from_plain_dat,,,,objects/type_6/0122_3,1,1,0,feac0e58d336b48a5897342e529977b934d7fdfd08973c205caf8793874d4ea6,d57f851dd5e1a65280e1fff11a2503904b834bb3966ff145a0d67b9b32cf93ff,,,objects/type_6/0122_3
object,264,326,123,6,object_type_6,not_applicable,w\8.dat,w,8,verified,classified_from_plain_dat,,,,objects/type_6/0123_8,1,1,0,6dbd01033891abe442590eb40dea4e5b31b1fc64f22140e6407c4e834f6f78b5,0dc789fff2f98ded613828b50227bb39e2937c8942c98dc6e090a5d6abe4f66f,,,objects/type_6/0123_8
object,265,327,124,4,object_type_4,not_applicable,w\9.dat,w,9,verified,classified_from_plain_dat,,,,objects/type_4/0124_9,1,1,1,bb9fcd5c414fcec9937ee1a300097962623135f212b13a4a9fc5daa888d1fc50,2814be449b5b2d54ccf59d49a20acf471ea1dc8edf9f1d6afdf5a54d5f9d9883,,,objects/type_4/0124_9
object,266,328,150,2,object_type_2,not_applicable,w\1.dat,w,1,verified,classified_from_plain_dat,,,,objects/type_2/0150_1,1,1,1,4c463e5504005b5b55e1015d0200251b4ad27aa529c5f366dffa1959cf9e5743,dd97c1c150ddd638e57ac76201e6f22180afb7b3c81438878e7cbca1f92fd997,,,objects/type_2/0150_1
object,267,329,151,2,object_type_2,not_applicable,w\l.dat,w,l,verified,classified_from_plain_dat,,,,objects/type_2/0151_l,1,1,1,9ba2a5e7b8c46a47b23415a7f7913a984adc52944320043661f6b8e46c9c13e3,615f0cad568a7870e154845db915380c813c61171f2b8cf853f4ccef3aba48b6,,,objects/type_2/0151_l
object,268,330,600,4,object_type_4,not_applicable,w\6.dat,w,6,verified,classified_from_plain_dat,,,,objects/type_4/0600_6,1,1,1,2641d21e09cd222b50036559496d266b73037bb7f3cf23f7b5a6590fce5c118a,8b36fcb0805063a92ad501f15023e19149e3782abf8228b91d036a7ff56610ac,,,objects/type_4/0600_6
object,269,331,217,2,object_type_2,not_applicable,w\t.dat,w,t,verified,classified_from_plain_dat,,,,objects/type_2/0217_t,1,1,1,51204213e6962effe8a7978736ffe23c518f3f8b2051ad92344bb520c869630f,942677dc1e4f09b4ba7da76055456076d44f9f4e96aad51fb667c1b0a41fc308,,,objects/type_2/0217_t
object,270,332,218,2,object_type_2,not_applicable,w\h.dat,w,h,verified,classified_from_plain_dat,,,,objects/type_2/0218_h,1,1,1,bb2535f15bbd6f1d8a54906e85ef745cb676845e13a96831c9ebba2bb9d98ecc,b8be54516702d84ba7c0fafc6458f8b34afe1eeb6747a0f406c294fb299d2062,,,objects/type_2/0218_h
object,271,333,219,3,object_type_3,not_applicable,w\e.dat,w,e,verified,classified_from_plain_dat,,,,objects/type_3/0219_e,1,1,1,178d2653e2bc4afff7b933da2f28a87ecd6217cbd4f99291ea1b19f300704274,66f1006c41eacc4b25fb0843a659e02a7541577dc701de4da8787909b2c3fa78,,,objects/type_3/0219_e
object,272,334,652,2,object_type_2,not_applicable,w\h2.dat,w,h2,verified,classified_from_plain_dat,,,,objects/type_2/0652_h2,1,1,1,86ad6c8128795217463ad8b4d55e08166d86e98d246047664e50be4d04d0fba1,4bdae849f96b98cfd3bbe589fdc43051870ea953445a751ef5e34cf2423894b2,,,objects/type_2/0652_h2
object,273,335,422,4,object_type_4,not_applicable,w\x.dat,w,x,verified,classified_from_plain_dat,,,,objects/type_4/0422_x,1,1,1,7e23813cad6c61cb271433d45cefc4d52358108653d087ad0b8bbbe38869bcd7,bc2624a0a4e479bff8b06776b550f006b5f61721acc6023dfe76c34c29b1952e,,,objects/type_4/0422_x
object,274,336,503,1,object_type_1,not_applicable,w\b.dat,w,b,verified,classified_from_plain_dat,,,,objects/type_1/0503_b,1,1,0,8c9bf3ce4d5339f567cb4748d6777205e2406e160da7577043219871e38809ae,5db17d4bb47d40952b72237bcbba73be6894d7d8aff96a7f655117ce41a6e783,,,objects/type_1/0503_b
object,275,337,515,1,object_type_1,not_applicable,w\n.dat,w,n,verified,classified_from_plain_dat,,,,objects/type_1/0515_n,1,1,0,b1ac549a484a903e6eab8592ae8dcc6baf4ae277ffc187a310c911eeff8f5e0d,30c492cf3bbbf16264e996ae25fff463bbff16889d57fc3508428d5035c867de,,,objects/type_1/0515_n
object,276,338,884,1,object_type_1,not_applicable,w\scr.dat,w,scr,verified,classified_from_plain_dat,,,,objects/type_1/0884_scr,1,1,1,994c7043aa0d351b90b1df1f83b38f8a788e51a2df7d3dff24301e75b20a9a58,9ecea26980df09ebb86b8ee4059715a3facd58c869a6ff17d3c36d05cf181ae0,,,objects/type_1/0884_scr
object,277,340,299,3,object_type_3,not_applicable,s\0\0.dat,s,0,verified,classified_from_plain_dat,,,,objects/type_3/0299_0,6,6,2,f94c3727a5adb7bb4a9a127fc8c42d647114984ce2b3971dc3e6aea0854d846b,327e485db3300caaf22dee5207fd5f791196f80994d731b2b7691f9dcb703c62,,,objects/type_3/0299_0
object,278,341,443,3,object_type_3,not_applicable,s\0\ram.dat,s,ram,verified,classified_from_plain_dat,,,,objects/type_3/0443_ram,1,1,2,2b5e024cced9918949c03c6e4d26c788f25bec79cf3823c1028f26a6a1aae7d0,f9cb58066ad351071dcf7a7ff5b3d3e3b97b0a4145a3693b9f23cbe4a22b82b2,,,objects/type_3/0443_ram
object,279,342,92,0,character_object,conditional,s\0\iru.dat,s,iru,verified,classified_from_plain_dat,Iruka,2,2,characters/conditional/0092_Iruka,3,3,9,7f03687f974b57353e83ef98c8ce3aebbb9e233ebd67e565fa0e323eaa61837a,7a2454fb56915c731ec62f9258cf480149ffff5e41747f87746a95bc40fec379,,,characters/conditional/0092_Iruka
object,280,343,43,0,character_object,conditional,s\0\iruc.dat,s,iruc,verified,classified_from_plain_dat,Iruka(Clone),2,2,characters/conditional/0043_Iruka(Clone),3,3,5,71f9991ac44c9d58fe0124e2d34a2df374caf60bf28e1801b970b63eb12d06e8,5a8965c7a798a71c415408fce489f66efaa721d63168553b490aff8569d9ee53,,,characters/conditional/0043_Iruka(Clone)
object,281,344,300,3,object_type_3,not_applicable,s\c.dat,s,c,verified,classified_from_plain_dat,,,,objects/type_3/0300_c,1,1,2,2403a75136d80f29772019408204b40ea857b52fdc95662e6aa4fa3bf26a07e7,c4c07676ca4983a734f7496da076e55ae6157f2ca261aaef10f23f49cb171fc9,,,objects/type_3/0300_c
object,282,345,235,3,object_type_3,not_applicable,s\S\S.dat,s,S,verified,classified_from_plain_dat,,,,objects/type_3/0235_S,2,2,4,b7b4031774563ee7af734dcb8f6d1695a9a58992d3314ee475c89344b6872245,26bb8484f2f1343af56fd9282800f2ae344a6abdda4bf54005934d1ce3c4c0f2,,,objects/type_3/0235_S
object,283,346,301,3,object_type_3,not_applicable,s\1\1.dat,s,1,verified,classified_from_plain_dat,,,,objects/type_3/0301_1,2,2,9,fb2517651a071550e23b53d667321f4273175dc56cc9cc8e909eca3540c8ff6d,2757b1bfce953627f948cb05b08171b9f40554603b741074ea13308aeb9abb77,,,objects/type_3/0301_1
object,284,347,59,0,character_object,conditional,s\1\ncs.dat,s,ncs,verified,classified_from_plain_dat,NCSasori,2,2,characters/conditional/0059_NCSasori,3,3,1,0e06e96d33adbd5a7eb2c6f819ca969b836e0b2ea583c8b9262b022fcc843a99,d8e3f63151fb062bea2b74aec3396ecabb7ca25e50036449046ab2c3fd84279b,,,characters/conditional/0059_NCSasori
object,285,348,302,3,object_type_3,not_applicable,s\2\2.dat,s,2,verified,classified_from_plain_dat,,,,objects/type_3/0302_2,2,2,3,1105e6bbe3a1da618e08afe5f2e5af13ca78ddc0d204eaf4502a7cbffd8bf1fa,2faf7fe0c111d4f05c67acb78693538cacd749689c3f1fc285402ef429566118,,,objects/type_3/0302_2
object,286,349,40,0,character_object,conditional,s\2\ncs2.dat,s,ncs2,verified,classified_from_plain_dat,NCSasori,2,2,characters/conditional/0040_NCSasori,3,3,2,eabe4d2b46a86da3dd4b4dc6e699cf4b28fe1b6b60c55c6cf4911df4ffb2b67e,58255a87a7e917c4d67bcb3e2b34bd518a6ebdf51992e0e4d86d1186487992d6,,,characters/conditional/0040_NCSasori
object,287,350,303,3,object_type_3,not_applicable,s\3\3.dat,s,3,verified,classified_from_plain_dat,,,,objects/type_3/0303_3,4,4,10,236a81a0e426c4c05f791f0ca56e899a7c28ab87862a4cc19ffdfbfd8421cea4,1ca4c6ceebbb1c81ab4a0534a6bae12dfba16e65c8af70a089dd72da0130d174,,,objects/type_3/0303_3
object,288,351,304,3,object_type_3,not_applicable,s\4\4.dat,s,4,verified,classified_from_plain_dat,,,,objects/type_3/0304_4,3,3,6,0e320303ed4e655ca07096d382443d33ba6a442aff7547e01531f90d3df67390,cd1c1b7b322714c5fae2e54b88fa4ef742288de290d14b1bc3c8dea08d342028,,,objects/type_3/0304_4
object,289,352,305,3,object_type_3,not_applicable,s\5\5.dat,s,5,verified,classified_from_plain_dat,,,,objects/type_3/0305_5,1,1,4,5144e0e5200678427a86c068fc3e97dfaa3748ca5f454eec6087ad77cc65d672,b03aec32cf1060e9f51a2d2fb7bfbc436b11199f0ae28e304714beccaa267b75,,,objects/type_3/0305_5
object,290,353,355,2,object_type_2,not_applicable,s\5\5p.dat,s,5p,verified,classified_from_plain_dat,,,,objects/type_2/0355_5p,1,1,0,746c6ac6be7ced714f740e13c31ed7c6a64b7842d2caaf67c184ec616e79a8e4,081b25198d219df613f85d5f5eb1fd96e024a6b7f772f344cd866be7e43c9287,,,objects/type_2/0355_5p
object,291,355,202,3,object_type_3,not_applicable,a\hea\hea.dat,a,hea,verified,classified_from_plain_dat,,,,objects/type_3/0202_hea,1,1,0,7902f2fc1e3497958d6dd551568275184b0487364b4e5f734d5f62a6e568fb56,99f59015af297338ca8b216723dabf5ca77a726f81bf0b10ef72fc75a45e7cd3,,,objects/type_3/0202_hea
object,292,356,204,3,object_type_3,not_applicable,a\cha\cha.dat,a,cha,verified,classified_from_plain_dat,,,,objects/type_3/0204_cha,2,2,2,20c0704fc53b3d18d77fe61566f0b7445c31dad9c5d8197c5444f960e89e6692,1baee131726fbad76c49b45a75dcbf45fec1e38c25ce9339995f161662ac7883,,,objects/type_3/0204_cha
object,293,357,208,3,object_type_3,not_applicable,a\gro\gro.dat,a,gro,verified,classified_from_plain_dat,,,,objects/type_3/0208_gro,1,1,1,60816f558fb2eae757ff1d40ce145a4044881ee3f3d9ac3f30fe1583f5cc6a73,6c52f40a23289dbbbcb4f7c11630c632739d4d176aa168ef88b5d2e49e221cf5,,,objects/type_3/0208_gro
object,294,358,210,3,object_type_3,not_applicable,a\kat\kat2.dat,a,kat2,verified,classified_from_plain_dat,,,,objects/type_3/0210_kat2,2,2,2,f618af7331b3cfbc915ca793cbf50dbb8a54e756aa2b7d6adae9444d459bad08,1c43a01c74722112a18746d4c09fe58190a9caa4aee129751f6c2fe6831192bd,,,objects/type_3/0210_kat2
object,295,359,211,3,object_type_3,not_applicable,a\fir\fir.dat,a,fir,verified,classified_from_plain_dat,,,,objects/type_3/0211_fir,3,3,1,3ecd42106333d9391085f04f877d597a6b00b7673720d671f86b62e9408b43f0,c12b25c968c07d4533a1c8f7980e0e4cd1bffd605e89fa7f3d8a9e512df5d329,,,objects/type_3/0211_fir
object,296,360,212,3,object_type_3,not_applicable,a\kam\kam.dat,a,kam,verified,classified_from_plain_dat,,,,objects/type_3/0212_kam,2,2,1,bf6166cad9755f47c7679117ff3946460434451149260975807787cc2acd1876,0ea78f4c7f2b0b9eb696759a50b62022743d42b49fe1a4e9a79a83e904956947,,,objects/type_3/0212_kam
object,297,361,214,3,object_type_3,not_applicable,a\fla\fla.dat,a,fla,verified,classified_from_plain_dat,,,,objects/type_3/0214_fla,1,1,1,54a3c8948d4b0e0c9b1d5bf83c6cdfc654f492908866063da0992616992c9548,7d19e69a982407dbba4ee54bc154955e8d187dca171f7ddf04a3eeae27cbb5c5,,,objects/type_3/0214_fla
object,298,362,222,3,object_type_3,not_applicable,a\pur\pur.dat,a,pur,verified,classified_from_plain_dat,,,,objects/type_3/0222_pur,1,1,1,a02ec4f9db3be9a5690bf1707611b9a31eb3bc5f39ff81965ed00630e238bc4d,2182ec125f7db9c979ba4e44d6606afbde784401883be0902e65ce8e98624425,,,objects/type_3/0222_pur
object,299,363,223,3,object_type_3,not_applicable,a\meg\meg.dat,a,meg,verified,classified_from_plain_dat,,,,objects/type_3/0223_meg,1,1,0,b77e50e8a0f240a51a22d735501fc38ed050c42394f234b2388f3d5f4ee1dd23,d865f097d1baf6b760760de64f635b0fe59ff142fff6a9d97cf7e9761b387469,,,objects/type_3/0223_meg
object,300,364,224,3,object_type_3,not_applicable,a\sna\sna.dat,a,sna,verified,classified_from_plain_dat,,,,objects/type_3/0224_sna,1,1,0,1e8c7ddef9df5ad4fc7bd6d644f51452d7fc5ccf0ab25cbdd89a632f347110c0,56c65aefc3b57d21bf20becd73f403483b781f29f0a6df51c0b39d872be7df3a,,,objects/type_3/0224_sna
object,301,365,227,3,object_type_3,not_applicable,a\sna\snaoro.dat,a,snaoro,verified,classified_from_plain_dat,,,,objects/type_3/0227_snaoro,1,1,0,f2f3337c82eeeafe0d5eed19dce4a94abd963bd4e57611ea0643981b467013eb,e8bfb4dac761df7435d2c78f602b03eb6a420312cf3e226ded9524732057be20,,,objects/type_3/0227_snaoro
object,302,366,233,3,object_type_3,not_applicable,a\sna\snasas.dat,a,snasas,verified,classified_from_plain_dat,,,,objects/type_3/0233_snasas,1,1,0,a8d61c861c22cf3f3162d127dd59c0bca77b33fb51ca5d1441981e9a6720561e,b630f59b84a55f6004e0291488f39da7c8bbeb0c2ca13815f656321e18e37f10,,,objects/type_3/0233_snasas
object,303,367,229,3,object_type_3,not_applicable,a\roc\roc.dat,a,roc,verified,classified_from_plain_dat,,,,objects/type_3/0229_roc,1,1,1,127893013865b79b2625f020d4e85f6a4855b81e1f03af9d25c7badb477b7863,031254573ca415f7fe551a0b106de057f32244c5ea78b9b2d761887c90b039c6,,,objects/type_3/0229_roc
object,304,368,251,3,object_type_3,not_applicable,a\fir\firz.dat,a,firz,verified,classified_from_plain_dat,,,,objects/type_3/0251_firz,2,2,1,7496a9ad256d83b6679ba4c93f877d5fc0c490e41ae8f509c792507e1fddeacc,067b7b000484636d7a2f7b908e774abe81c45e3af756774112be6d34c1ab9c46,,,objects/type_3/0251_firz
object,305,369,433,3,object_type_3,not_applicable,a\spi\spi.dat,a,spi,verified,classified_from_plain_dat,,,,objects/type_3/0433_spi,1,1,0,35c10910e0a0d798f5c9a1d86cec9a1deab296fd4bbbd859da5c26d789ae480a,c8e8c2f8bfa547aa03295e91c19e2cdcb3cd593bd757271f4fc8b331869ce91c,,,objects/type_3/0433_spi
object,306,370,435,3,object_type_3,not_applicable,a\zzz\zzz.dat,a,zzz,verified,classified_from_plain_dat,,,,objects/type_3/0435_zzz,1,1,0,65a87e1b653b39eaaeefa0c6c8560f74dc0a094a97b15adfb0077b208d748230,8b147b652e4162c5c1a903857c341ebc4db24e4346adc6f7706455c0bfc0140d,,,objects/type_3/0435_zzz
object,307,371,446,3,object_type_3,not_applicable,a\blas\blas.dat,a,blas,verified,classified_from_plain_dat,,,,objects/type_3/0446_blas,1,1,1,75353f57749279260ec58b0b5870ba599892df76b39d567115c6a0e2eba25300,12f0d7e76730c0f337e496a14b078119b5c3313310b762f365acb7b7a87dff10,,,objects/type_3/0446_blas
object,308,372,605,3,object_type_3,not_applicable,a\ama\ama.dat,a,ama,verified,classified_from_plain_dat,,,,objects/type_3/0605_ama,1,1,0,87a4086d35d3ef9c12d56537aad7123f605e239af5d046bfbb6e1c7165f66bc0,a2949b44d5a7a68391fb85f0708d7bbff0ef501965eb0ff3e0c92bb48c779830,,,objects/type_3/0605_ama
object,309,373,606,3,object_type_3,not_applicable,a\ama\ama2.dat,a,ama2,verified,classified_from_plain_dat,,,,objects/type_3/0606_ama2,1,1,0,532a6f9efea1bb228ab36715d097c7916317ef32eed26987a1d76d4683b1b768,5109dedfd5d1c5c8f940ee7e81b2a321a84bfdc1a99ead8fd6b1b06066e7d543,,,objects/type_3/0606_ama2
object,310,374,608,3,object_type_3,not_applicable,a\fir\fla.dat,a,fla,verified,classified_from_plain_dat,,,,objects/type_3/0608_fla,1,1,0,089e65de2a63ea8f1bb47ccf99896864f68c7a27f0dc314212e42609977a4316,14b727e5771af135b391a9a05964542ac010f7bd76a13b82fe32fdc7b7d6ad4c,,,objects/type_3/0608_fla
object,311,375,616,3,object_type_3,not_applicable,a\wat\wat2.dat,a,wat2,verified,classified_from_plain_dat,,,,objects/type_3/0616_wat2,6,6,1,6dc42cb9694cdeb4790bf5c387e5354c2c1a1f362fba92db25e8e52c3b6d9558,4fde0994e93d46ee30e763e8328f87a16b049848baa29a90eae867738b3c27bd,,,objects/type_3/0616_wat2
object,312,376,703,3,object_type_3,not_applicable,a\gro\gro2.dat,a,gro2,verified,classified_from_plain_dat,,,,objects/type_3/0703_gro2,1,1,0,b0df6c225c940fd878f6d4a1f1e192a2eea521379b96683c4742c310535aca46,e64abb685e0ed9f4382b8c9338eaa7e1a559aaf3cae7885670250c4eb1febddb,,,objects/type_3/0703_gro2
object,313,377,706,3,object_type_3,not_applicable,a\pof\pof2.dat,a,pof2,verified,classified_from_plain_dat,,,,objects/type_3/0706_pof2,3,3,0,926ad3324f0b96f5fd235987e612a781491b60496c3ae81fdc7d333a90b1ea6c,201e45f8b0946aa411a72d41a5b0c3f5a51979315a39e96793f8dc73929858bf,,,objects/type_3/0706_pof2
object,314,378,714,3,object_type_3,not_applicable,a\blac\blac.dat,a,blac,verified,classified_from_plain_dat,,,,objects/type_3/0714_blac,2,2,1,c57ef75b4fe8ce28cd223c5a5a1194057360d87230b47e61f7186b5767447349,1cc1d45e79bd3dcc42b5d68c27f7e4c909b11936defcd8da4bd7a113940e0809,,,objects/type_3/0714_blac
object,315,379,715,3,object_type_3,not_applicable,a\fro\fro.dat,a,fro,verified,classified_from_plain_dat,,,,objects/type_3/0715_fro,1,1,4,583bb428600fd4b56a089b698224246f870bb62535afc588222561b259ddc19e,457ff47f1b8b9821b77a29bda0cc80d8860260b1ed0cf0d849fc223595daeea8,,,objects/type_3/0715_fro
object,316,380,716,3,object_type_3,not_applicable,a\pof\pof.dat,a,pof,verified,classified_from_plain_dat,,,,objects/type_3/0716_pof,1,1,0,375a148a837658ee965c596594925a32136ad1437efb78d1b877a7ad139e23f1,e8ba07f3d10654fc1c875654d15abe521efc49026d0a0900a4075ce026449265,,,objects/type_3/0716_pof
object,317,381,717,3,object_type_3,not_applicable,a\pof\god.dat,a,god,verified,classified_from_plain_dat,,,,objects/type_3/0717_god,1,1,2,4428efcae04fbd94bec11c18b593274737d495d9edb457fd2942e994b7da62d5,6d1648cf6a58fb61f4d5f34320c8cc19c186c9f690e28d025af5d63c401d7aff,,,objects/type_3/0717_god
object,318,382,719,3,object_type_3,not_applicable,a\win\win.dat,a,win,verified,classified_from_plain_dat,,,,objects/type_3/0719_win,1,1,0,b61eba593329d5e448234985846d766785b6f89974535cdc19371bbd6038a553,9a52753cc76c507492910c1c8dd1c2f60c60b1bebbafc55fd352831482c8cef0,,,objects/type_3/0719_win
object,319,383,736,3,object_type_3,not_applicable,a\wal\wal.dat,a,wal,verified,classified_from_plain_dat,,,,objects/type_3/0736_wal,1,1,0,51aa4f54872febdd5a7afe0f5e8bbfdddcc739989b187e0d7d02d401c649e496,5ad7cf18f79827dc37beca95927c2d3d89d82e0a814eaf97ed83cb9e469668cf,,,objects/type_3/0736_wal
object,320,384,761,3,object_type_3,not_applicable,a\lig\lig.dat,a,lig,verified,classified_from_plain_dat,,,,objects/type_3/0761_lig,1,1,0,1784a2d06b3eb000909f8c91dfe7bbf96ac022090a74894b428fc4f46d7844a8,1c6ed5a0d169632aec9f2252cacfc13be9d384e336a1f09d0fdaed9b8990d329,,,objects/type_3/0761_lig
object,321,385,762,3,object_type_3,not_applicable,a\ble\ble.dat,a,ble,verified,classified_from_plain_dat,,,,objects/type_3/0762_ble,1,1,0,f0b2cb203d01a17e3c27f2ffdfc5ef32d7f582e9172839e18817f1e7029103a5,994999530465bed9ed9ebb26d3cc4d84bfa7b421f7f7f94c5336f62390280062,,,objects/type_3/0762_ble
object,322,386,808,3,object_type_3,not_applicable,a\kat\kat.dat,a,kat,verified,classified_from_plain_dat,,,,objects/type_3/0808_kat,2,2,3,9964a84c7f877747a13b3470bd1f4e9bc94cb3c100fa46a5e554b0d08ad40dc9,5a548f85a3d8facd273d155b48ca9f7f7d498ae770f6a9d36195224e0aa7f19f,,,objects/type_3/0808_kat
object,323,387,816,3,object_type_3,not_applicable,a\wat\wat.dat,a,wat,verified,classified_from_plain_dat,,,,objects/type_3/0816_wat,3,3,0,435ebefef864b145ec2c0f5e686ac1225e525ec277a4b01030d9a074270d7180,218a5f134550f8535ce70f825ae1c59fbe7ac1f463343c0045a83ebfc92cac8c,,,objects/type_3/0816_wat
object,324,388,818,3,object_type_3,not_applicable,a\kat\kat3.dat,a,kat3,verified,classified_from_plain_dat,,,,objects/type_3/0818_kat3,1,1,3,392a312497cf5cce4c6e4a49bcefa026486055ed108e36db025fa896a34f0346,9baebb33baee2074e279d49e84e95a703d23c4a6c3b9e12a74217beb84980784,,,objects/type_3/0818_kat3
object,325,389,830,3,object_type_3,not_applicable,a\kat\kat4.dat,a,kat4,verified,classified_from_plain_dat,,,,objects/type_3/0830_kat4,1,1,3,01647ef1858f401f5413e667b1d2e6a5c22ea932368c0a07ec5fad27a2cdd813,52c454d83714e1b794195667df7a06a94c1d0b3fd07300d77f7681c025a42d05,,,objects/type_3/0830_kat4
object,326,390,846,3,object_type_3,not_applicable,a\tra\tra.dat,a,tra,verified,classified_from_plain_dat,,,,objects/type_3/0846_tra,1,1,0,2078cf69c3283e81c75d8c252596cce59018a400061b5cd520d81dcecfa47756,b71e0423bd0f5ec3bab5a76c6e2332b4a88101d495b9f02dd5acce93ba010589,,,objects/type_3/0846_tra
object,327,391,900,3,object_type_3,not_applicable,a\cla\cla.dat,a,cla,verified,classified_from_plain_dat,,,,objects/type_3/0900_cla,5,5,1,563bd1e33cfc5406b102638c66bb12cb36a7c3a2e51411dea421e5df531ad8b2,8274912d92b3719183590d0034d5987f664de0cec929b5601e01278e2d76fc56,,,objects/type_3/0900_cla
object,328,392,998,5,object_type_5,not_applicable,data\etc.dat,data,etc,verified,classified_from_plain_dat,,,,objects/type_5/0998_etc,1,1,0,dac6c544fecd2241a3c064dbaee2c1b35adbeaf5d888f81a8f819fe5a54396bb,ff34b66a703ab8c55b6d0c4a1f5d834d00d7dc630fcfdbf8f0acc4b4901013c2,,,objects/type_5/0998_etc
object,329,393,999,5,object_type_5,not_applicable,data\broken_weapon.dat,data,broken_weapon,verified,classified_from_plain_dat,,,,objects/type_5/0999_broken_weapon,1,1,0,c53f8d3882a74dce9c425111cc1fa9c96d73cbee9d6255e4978378beb60d8b7c,6c11e0380c1840fb9b26825374defb8255bed158fd28829db85e773aea0c32b7,,,objects/type_5/0999_broken_weapon
background,0,396,0,,background,not_applicable,b\Wha\b.dat,b,b,verified,classified_from_plain_dat,_Wharf,,,backgrounds/0000_Wharf,3,3,0,e124a375e436851a0bb9ff8aee10239ad84b91f9c0780a2d21c9a0d8b34e6df0,74884bee21dd62f24371ca888ebf8ade05e9dda6427bd87de6e2f7372eda79e3,,,backgrounds/0000_Wharf
background,1,397,1,,background,not_applicable,b\San\b.dat,b,b,verified,classified_from_plain_dat,_Sand_Country,,,backgrounds/0001_Sand_Country,11,11,0,6d24d24617ccbf45a094809b26e809e0992b2ee24aa9e68a8d68367ffcd20fce,6ae1c8e749d44d5f96a19ef16dfe08c49ebabd146d1ed8962580f0dff7d1e5b7,,,backgrounds/0001_Sand_Country
background,2,398,2,,background,not_applicable,b\Cav\b.dat,b,b,verified,classified_from_plain_dat,_Akatsuki_Cave,,,backgrounds/0002_Akatsuki_Cave,3,3,0,a22170b47268d37f4dcb5c39037b24fb74ffcf72aa8ba2e3f8127ba5ae582448,448a28e5879a7ad2cbd265d94996b4c2a4f4feeb4db6812a6e75bf9ddefa9ff2,,,backgrounds/0002_Akatsuki_Cave
background,3,399,3,,background,not_applicable,b\Dee\b.dat,b,b,verified,classified_from_plain_dat,_Deepest_Forest,,,backgrounds/0003_Deepest_Forest,3,3,0,c2eca786d08462c8313efa47669014ec597c1dd9ef2094de24a6703c844859e7,68b5af3bf6b62df3fbfcff281f5a523b6691cdb762dcfc358457ffb692314d9e,,,backgrounds/0003_Deepest_Forest
background,4,400,4,,background,not_applicable,b\For\b.dat,b,b,verified,classified_from_plain_dat,_Forest,,,backgrounds/0004_Forest,3,3,0,792a4cd39e8830872eee197be8b1c972690ebe4b76f4cd7094c89a27a9415422,e39673d455ab7f63ce39c062bd47f3d69efa12c0b4f44a9de9ec64b217280607,,,backgrounds/0004_Forest
background,5,401,5,,background,not_applicable,b\Rai\b.dat,b,b,verified,classified_from_plain_dat,_Rain_Village,,,backgrounds/0005_Rain_Village,8,8,0,59eb3eb1b1a3231445a855d483ac0f526e90f3df02bb1f16d7c5894ac4e4af12,2e8add36fcff35c757ce53a200dfb1fd5d1234f939582dbc82efcc0100b2ca65,,,backgrounds/0005_Rain_Village
background,6,402,6,,background,not_applicable,b\Fod\b.dat,b,b,verified,classified_from_plain_dat,_Training_Grounds,,,backgrounds/0006_Training_Grounds,3,3,0,7a7b0e4cf4c1a73bb12e3a46646e68ca64e1f2f714540ddc399fdc5bfdd28dce,5cee3f3e31ea5b434b9749854a0e351d7d38beaab390cf5df26d6445f9d54847,,,backgrounds/0006_Training_Grounds
background,7,403,7,,background,not_applicable,b\Vil\b.dat,b,b,verified,classified_from_plain_dat,_Village,,,backgrounds/0007_Village,3,3,0,76df36550205181726f8b6fecbebc6d2f872c87dcc29f88a7959f2f64b2d445c,1eef32208d642ccce962f88c82b5f421a24d9086058a09de3473ac8edd2832ce,,,backgrounds/0007_Village
background,8,404,8,,background,not_applicable,b\Hid\b.dat,b,b,verified,classified_from_plain_dat,_Orochimaru's_Hideout,,,backgrounds/0008_Orochimaru's_Hideout,8,8,0,d1ee066f668ccb40d8bfbf4805e28ae30d52c795f41eaab1bf4d9511adc333c8,73a35364ee2c83026c615b699700f43e4bf2f0a23ab9052e8c19fb3e79bf0e16,,,backgrounds/0008_Orochimaru's_Hideout
background,9,405,9,,background,not_applicable,b\San2\b.dat,b,b,verified,classified_from_plain_dat,_Suna_Outskirts,,,backgrounds/0009_Suna_Outskirts,3,3,0,54ea24b045660f2dafa1b3645c74c96d528fb2fc3c05f07fd593fe73b2757e61,a0e41883e5be68918ba83b3202446bc3912538269231eff24a15ea5e36fdcd28,,,backgrounds/0009_Suna_Outskirts
background,10,406,10,,background,not_applicable,b\Dis\b.dat,b,b,verified,classified_from_plain_dat,_District,,,backgrounds/0010_District,13,13,0,0c8f9994b23d2f3076a93dd6ea5aff1aea58a9fea0f3cab45bc0ffef26bfc13d,42a6963a8ae48b68215105eca8759b82269b3cc912f4d6ab243b99f7851c83cf,,,backgrounds/0010_District
background,11,407,11,,background,not_applicable,b\Ent\b.dat,b,b,verified,classified_from_plain_dat,_Entrance,,,backgrounds/0011_Entrance,3,3,0,00a762280162506c669127636c9c653aabbcc82eb32beff03c02d8faa8bc9a20,14c15ff6c4c7f7d8541b42fa30a7d1ecf6414a74fd8d9d16cbce86de14a6ee8a,,,backgrounds/0011_Entrance
background,12,408,12,,background,not_applicable,b\Are\b.dat,b,b,verified,classified_from_plain_dat,_Arena,,,backgrounds/0012_Arena,5,5,0,e6e4af1a9c0f295180511b471b2faf47dbf21da1382d31a00cd156c766d4d81c,76d8f1e2af6baa31a4f6ac8a86452bbe7ad997deff7e3d24cc7aed38eef71364,,,backgrounds/0012_Arena
background,13,409,13,,background,not_applicable,b\Hot\b.dat,b,b,verified,classified_from_plain_dat,_Hot_Springs,,,backgrounds/0013_Hot_Springs,5,5,0,4ee7a7854b8466dced2ee112cd2c6277897eb41bee5d1ff7f5cbe579a57866b6,1ef7661d45193997e4103da6c103666d50e7d007cac7fe5afc49f73521bb55af,,,backgrounds/0013_Hot_Springs
background,14,410,14,,background,not_applicable,b\Kab\b.dat,b,b,verified,classified_from_plain_dat,_Kabuto_Cave,,,backgrounds/0014_Kabuto_Cave,3,3,0,23d8ff08c6fa23d5f27ac8e2042411fd9f9d87bb25c8bf9b4ca6727f184ee05b,e6e63a85a007b615eacadd23cac0eada5a1983a7a154ec6871b1cd75422caebe,,,backgrounds/0014_Kabuto_Cave
background,15,411,15,,background,not_applicable,b\Pat\b.dat,b,b,verified,classified_from_plain_dat,_Mountain_Path,,,backgrounds/0015_Mountain_Path,21,21,0,f6ea188f89a874db1ca0fb976ca4986e92c9dc4a8ea05a1fea01b3e627e8668d,d082f890ae95d6be387f3425e2c4b541f4b0b3b71cea6ca8a283ba63730c1543,,,backgrounds/0015_Mountain_Path
background,16,412,16,,background,not_applicable,b\Des\b.dat,b,b,verified,classified_from_plain_dat,_Desert,,,backgrounds/0016_Desert,3,3,0,dffc541a1bbdd72cec3ff48eb7eb75ef1b7d1cd4f6fd456e752cb405734ba158,813f4953a5e2efc017b801703e562fb51aea46b9706d68888da54dc7b06a22b0,,,backgrounds/0016_Desert
background,17,413,17,,background,not_applicable,b\Ram\b.dat,b,b,verified,classified_from_plain_dat,_Ichiraku_Ramen,,,backgrounds/0017_Ichiraku_Ramen,3,3,0,64eb42ac237735a1b033305a172a066d6cdee40a663cf2b049da57dc566d74c7,217153066740495efc6dd0f6bf905a8a7a80ce343fc67822b6ce2d0e8c2ace8c,,,backgrounds/0017_Ichiraku_Ramen
background,18,414,18,,background,not_applicable,b\Aca\b.dat,b,b,verified,classified_from_plain_dat,_Ninja_Academy,,,backgrounds/0018_Ninja_Academy,3,3,0,66674c6371c7fe199dd89ea621018c17a03878d27e24225af650ade6e6b3dd45,5442d89dd22723f009ac6b36e03ab8a6411183c2cc0c20422cd4da123ec513a8,,,backgrounds/0018_Ninja_Academy
background,19,415,19,,background,not_applicable,b\Sno\b.dat,b,b,verified,classified_from_plain_dat,_Land_of_Snow,,,backgrounds/0019_Land_of_Snow,3,3,0,47a11a8c4b4f869eab46d032d0f1fa57edfc2c5437c3771598c2b745635b1a7b,77907fce985aff2f7554f4f1d62305dc470d39e0393b14b95e4ec601454b0e9b,,,backgrounds/0019_Land_of_Snow
background,20,416,20,,background,not_applicable,b\Uch\b.dat,b,b,verified,classified_from_plain_dat,_Uchiha_Hideout,,,backgrounds/0020_Uchiha_Hideout,8,8,0,677730c67df0b8949d8fa462417b282220cfc1c232effbca04917a011ab797ba,668d1836db5fe26d4e1568e546fc48e782c8a2b40d774e7cb7932dd17e913de7,,,backgrounds/0020_Uchiha_Hideout
background,21,417,21,,background,not_applicable,b\Val\b.dat,b,b,verified,classified_from_plain_dat,_Valley_of_the_End,,,backgrounds/0021_Valley_of_the_End,9,9,0,4434961738d2a312d6f103b44c574649f86b2a34c7703bdd362798a922638b21,0477d73505634c9ff381c04696899405c5f86836462fc2cce79dc5039aa568fe,,,backgrounds/0021_Valley_of_the_End
background,22,418,22,,background,not_applicable,b\Cli\b.dat,b,b,verified,classified_from_plain_dat,_Cliff,,,backgrounds/0022_Cliff,3,3,0,5e78ff1684f4a4ebf68dd2ad139e8c8c4119a241884fb86ddc7df703562ac3ab,83ae901198c3147976236da2467fc24ba001e1097786a30eccf40e161553167c,,,backgrounds/0022_Cliff
background,23,419,23,,background,not_applicable,b\Hos\b.dat,b,b,verified,classified_from_plain_dat,_Hospital_Rooftop,,,backgrounds/0023_Hospital_Rooftop,3,3,0,5688294f306a62e4dd135a674be4322900685f4a38098861dd687960b8f386dd,3c20d1b3d52318cfb22c9fc90b4c72bba1ca7e677ee729fc2cb8c569a2ccab4b,,,backgrounds/0023_Hospital_Rooftop
