id	throwvx_bits	throwvy_bits	throwvz_bits	injury	wpoint_x	caughtact	catchingact	pickedact	pickingact
n00000	00000000	00000000	00000000	0	0	0	0	0	0
n00001	80000000	80000000	80000000	0	0	0	0	0	0
n00002	00000000	00000000	00000000	0	0	0	0	0	0
n00003	3F800001	3F800001	3F800001	0	0	1	1	1	1
n00004	80000001	80000001	80000001	0	0	0	0	0	0
n00005	41800000	41800000	41800000	0	0	0	0	0	0
n00006	00000000	00000000	00000000	0	0	1	1	1	1
n00007	80000000	80000000	80000000	0	0	-1	-1	-1	-1
n00008	4F000000	4F000000	4F000000	0	0	0	0	0	0
n00009	CF000000	CF000000	CF000000	0	0	0	0	0	0
n00010	00000000	00000000	00000000	0	0	12	12	12	12
n00011	40A00000	40A00000	40A00000	0	0	0	0	0	0
n00012	00000000	00000000	00000000	0	0	0	0	0	0
n00013	00000000	00000000	00000000	0	0	0	0	0	0
n00014	00000000	00000000	00000000	0	0	0	0	0	0
n00015	00000000	00000000	00000000	0	0	1	1	1	1
n00016	00000000	00000000	00000000	0	0	1	1	1	1
n00017	00000000	00000000	00000000	0	0	0	0	0	0
n00018	7F7FFFFF	7F7FFFFF	7F7FFFFF	0	0	0	0	0	0
n00019	00000000	00000000	00000000	0	0	0	0	0	0
n00020	00000000	00000000	00000000	0	0	0	0	0	0
n00021	00000001	00000001	00000001	0	0	0	0	0	0
n00022	9DE67037	9DE67037	9DE67037	0	0	-6	-6	-6	-6
n00023	791BF15F	791BF15F	791BF15F	0	0	5	5	5	5
n00024	7386EF34	7386EF34	7386EF34	0	0	2	2	2	2
n00025	7D9DCD4F	7D9DCD4F	7D9DCD4F	0	0	2	2	2	2
n00026	97EC9484	97EC9484	97EC9484	0	0	-1	-1	-1	-1
n00027	173A7F92	173A7F92	173A7F92	0	0	6	6	6	6
n00028	730548F4	730548F4	730548F4	0	0	1	1	1	1
n00029	183378D0	183378D0	183378D0	0	0	2	2	2	2
n00030	CC396F17	CC396F17	CC396F17	-48610396	-48610396	-48610396	-48610396	-48610396	-48610396
n00031	E572D7E6	E572D7E6	E572D7E6	0	0	-7	-7	-7	-7
n00032	E3B3562C	E3B3562C	E3B3562C	0	0	-6	-6	-6	-6
n00033	5AE654AA	5AE654AA	5AE654AA	0	0	3	3	3	3
n00034	FDDAD6C9	FDDAD6C9	FDDAD6C9	0	0	-3	-3	-3	-3
n00035	3A813EB9	3A813EB9	3A813EB9	0	0	0	0	0	0
n00036	E44F96B7	E44F96B7	E44F96B7	0	0	-1	-1	-1	-1
n00037	A0D38016	A0D38016	A0D38016	0	0	-3	-3	-3	-3
n00038	1D259AD7	1D259AD7	1D259AD7	0	0	2	2	2	2
n00039	62EEF7B1	62EEF7B1	62EEF7B1	0	0	2	2	2	2
n00040	FB21C6EF	FB21C6EF	FB21C6EF	0	0	-8	-8	-8	-8
n00041	CFEC4271	CFEC4271	CFEC4271	0	0	-7	-7	-7	-7
n00042	05407DD1	05407DD1	05407DD1	0	0	9	9	9	9
n00043	57B9B1A0	57B9B1A0	57B9B1A0	0	0	4	4	4	4
n00044	2BF5E79E	2BF5E79E	2BF5E79E	0	0	1	1	1	1
n00045	69266DBF	69266DBF	69266DBF	0	0	1	1	1	1
n00046	50A14BBF	50A14BBF	50A14BBF	0	0	2	2	2	2
n00047	33F52B16	33F52B16	33F52B16	0	0	1	1	1	1
n00048	1FD18C16	1FD18C16	1FD18C16	0	0	8	8	8	8
n00049	50660166	50660166	50660166	0	0	1	1	1	1
n00050	6E24E05A	6E24E05A	6E24E05A	0	0	1	1	1	1
n00051	65E7B1C9	65E7B1C9	65E7B1C9	0	0	1	1	1	1
n00052	7F6CABD7	7F6CABD7	7F6CABD7	0	0	3	3	3	3
n00053	90CFF6BB	90CFF6BB	90CFF6BB	0	0	-8	-8	-8	-8
n00054	6CEC2F56	6CEC2F56	6CEC2F56	0	0	2	2	2	2
n00055	8BB4DFD5	8BB4DFD5	8BB4DFD5	0	0	-6	-6	-6	-6
n00056	389ECB33	389ECB33	389ECB33	0	0	7	7	7	7
n00057	4E0103D1	4E0103D1	4E0103D1	541127744	541127744	541127744	541127744	541127744	541127744
n00058	B901CA5C	B901CA5C	B901CA5C	0	0	0	0	0	0
n00059	3DEED05B	3DEED05B	3DEED05B	0	0	0	0	0	0
n00060	6D0C0E9A	6D0C0E9A	6D0C0E9A	0	0	2	2	2	2
n00061	E44187E6	E44187E6	E44187E6	0	0	-1	-1	-1	-1
n00062	A4847495	A4847495	A4847495	0	0	-5	-5	-5	-5
n00063	F7BB0DDF	F7BB0DDF	F7BB0DDF	0	0	-7	-7	-7	-7
n00064	465BC374	465BC374	465BC374	0	0	14064	14064	14064	14064
n00065	8127C6E4	8127C6E4	8127C6E4	0	0	-3	-3	-3	-3
n00066	7971E520	7971E520	7971E520	0	0	7	7	7	7
n00067	7EF2BA6C	7EF2BA6C	7EF2BA6C	0	0	1	1	1	1
n00068	EB0ED3EC	EB0ED3EC	EB0ED3EC	0	0	-1	-1	-1	-1
n00069	6D99A263	6D99A263	6D99A263	0	0	5	5	5	5
n00070	7BDFCAFA	7BDFCAFA	7BDFCAFA	0	0	2	2	2	2
n00071	3A5AAA02	3A5AAA02	3A5AAA02	0	0	0	0	0	0
n00072	F23BC819	F23BC819	F23BC819	0	0	-3	-3	-3	-3
n00073	F6C01AC0	F6C01AC0	F6C01AC0	0	0	-1	-1	-1	-1
n00074	FC79C0A5	FC79C0A5	FC79C0A5	0	0	-5	-5	-5	-5
n00075	C6BFCF9E	C6BFCF9E	C6BFCF9E	0	0	-24551	-24551	-24551	-24551
n00076	CA07B563	CA07B563	CA07B563	0	0	-2223448	-2223448	-2223448	-2223448
n00077	D72ADA24	D72ADA24	D72ADA24	0	0	-1	-1	-1	-1
n00078	AAAFA061	AAAFA061	AAAFA061	0	0	-3	-3	-3	-3
n00079	BB5D32E3	BB5D32E3	BB5D32E3	0	0	0	0	0	0
n00080	195A5C93	195A5C93	195A5C93	0	0	1	1	1	1
n00081	B3EC050F	B3EC050F	B3EC050F	0	0	-1	-1	-1	-1
n00082	2880B95C	2880B95C	2880B95C	0	0	1	1	1	1
n00083	7279F535	7279F535	7279F535	0	0	4	4	4	4
n00084	7ECD1C14	7ECD1C14	7ECD1C14	0	0	1	1	1	1
n00085	391288E5	391288E5	391288E5	0	0	0	0	0	0
n00086	05625796	05625796	05625796	0	0	1	1	1	1
n00087	17E27B9C	17E27B9C	17E27B9C	0	0	1	1	1	1
n00088	8353F8D1	8353F8D1	8353F8D1	0	0	-6	-6	-6	-6
n00089	8BC874D6	8BC874D6	8BC874D6	0	0	-7	-7	-7	-7
n00090	CC8A5F04	CC8A5F04	CC8A5F04	-72546336	-72546336	-72546336	-72546336	-72546336	-72546336
n00091	D92CA08C	D92CA08C	D92CA08C	0	0	-3	-3	-3	-3
n00092	A717F71B	A717F71B	A717F71B	0	0	-2	-2	-2	-2
n00093	8661781D	8661781D	8661781D	0	0	-4	-4	-4	-4
n00094	AC837B8D	AC837B8D	AC837B8D	0	0	-3	-3	-3	-3
n00095	C9F2B3DF	C9F2B3DF	C9F2B3DF	0	0	-1988219	-1988219	-1988219	-1988219
n00096	7F6ACFE3	7F6ACFE3	7F6ACFE3	0	0	3	3	3	3
n00097	C1FBC540	C1FBC540	C1FBC540	0	0	-31	-31	-31	-31
n00098	FE004E93	FE004E93	FE004E93	0	0	-4	-4	-4	-4
n00099	66C5595C	66C5595C	66C5595C	0	0	4	4	4	4
n00100	75D96542	75D96542	75D96542	0	0	5	5	5	5
n00101	BEAF5BA2	BEAF5BA2	BEAF5BA2	0	0	0	0	0	0
n00102	7CCDE260	7CCDE260	7CCDE260	0	0	8	8	8	8
n00103	BABBFE90	BABBFE90	BABBFE90	0	0	0	0	0	0
n00104	B5AD6EBE	B5AD6EBE	B5AD6EBE	0	0	-1	-1	-1	-1
n00105	18213019	18213019	18213019	0	0	2	2	2	2
n00106	BA3C011E	BA3C011E	BA3C011E	0	0	0	0	0	0
n00107	5668FBF8	5668FBF8	5668FBF8	0	0	6	6	6	6
n00108	637E84AA	637E84AA	637E84AA	0	0	4	4	4	4
n00109	4471D073	4471D073	4471D073	0	0	967	967	967	967
n00110	F3542F4B	F3542F4B	F3542F4B	0	0	-1	-1	-1	-1
n00111	49FD313A	49FD313A	49FD313A	0	0	2074151	2074151	2074151	2074151
n00112	050F87CD	050F87CD	050F87CD	0	0	6	6	6	6
n00113	4511E8B4	4511E8B4	4511E8B4	0	0	2334	2334	2334	2334
n00114	6AA9AD13	6AA9AD13	6AA9AD13	0	0	1	1	1	1
n00115	99A8FDB7	99A8FDB7	99A8FDB7	0	0	-1	-1	-1	-1
n00116	0F9AD0CE	0F9AD0CE	0F9AD0CE	0	0	1	1	1	1
n00117	C5F275A3	C5F275A3	C5F275A3	0	0	-7758	-7758	-7758	-7758
n00118	5B8B3C6C	5B8B3C6C	5B8B3C6C	0	0	7	7	7	7
n00119	58CF4DFA	58CF4DFA	58CF4DFA	0	0	1	1	1	1
n00120	01A5EA9C	01A5EA9C	01A5EA9C	0	0	6	6	6	6
n00121	0738F16E	0738F16E	0738F16E	0	0	1	1	1	1
n00122	FA80C30A	FA80C30A	FA80C30A	0	0	-3	-3	-3	-3
n00123	99914848	99914848	99914848	0	0	-1	-1	-1	-1
n00124	87711129	87711129	87711129	0	0	-1	-1	-1	-1
n00125	E09B082C	E09B082C	E09B082C	0	0	-8	-8	-8	-8
n00126	250D537F	250D537F	250D537F	0	0	1	1	1	1
n00127	BEFBBDBE	BEFBBDBE	BEFBBDBE	0	0	0	0	0	0
n00128	AE1F16DD	AE1F16DD	AE1F16DD	0	0	-3	-3	-3	-3
n00129	1F255CB1	1F255CB1	1F255CB1	0	0	3	3	3	3
n00130	9E145C0A	9E145C0A	9E145C0A	0	0	-7	-7	-7	-7
n00131	7985AFDF	7985AFDF	7985AFDF	0	0	8	8	8	8
n00132	1C3831C7	1C3831C7	1C3831C7	0	0	6	6	6	6
n00133	4942564E	4942564E	4942564E	0	0	796004	796004	796004	796004
n00134	BAD211FF	BAD211FF	BAD211FF	0	0	0	0	0	0
n00135	A9FFA657	A9FFA657	A9FFA657	0	0	-1	-1	-1	-1
n00136	C343F38F	C343F38F	C343F38F	0	0	-195	-195	-195	-195
n00137	63661BB9	63661BB9	63661BB9	0	0	4	4	4	4
n00138	C68E886F	C68E886F	C68E886F	0	0	-18244	-18244	-18244	-18244
n00139	F91E3FB9	F91E3FB9	F91E3FB9	0	0	-5	-5	-5	-5
n00140	E82C5951	E82C5951	E82C5951	0	0	-3	-3	-3	-3
n00141	5FE1EA56	5FE1EA56	5FE1EA56	0	0	3	3	3	3
n00142	DBCDE0FE	DBCDE0FE	DBCDE0FE	0	0	-1	-1	-1	-1
n00143	142CACF5	142CACF5	142CACF5	0	0	8	8	8	8
n00144	684E43FE	684E43FE	684E43FE	0	0	3	3	3	3
n00145	897BC790	897BC790	897BC790	0	0	-3	-3	-3	-3
n00146	65DB6183	65DB6183	65DB6183	0	0	1	1	1	1
n00147	60104914	60104914	60104914	0	0	4	4	4	4
n00148	AFEAA9B6	AFEAA9B6	AFEAA9B6	0	0	-4	-4	-4	-4
n00149	2EAD28B9	2EAD28B9	2EAD28B9	0	0	7	7	7	7
n00150	8A335EBD	8A335EBD	8A335EBD	0	0	-8	-8	-8	-8
n00151	26422004	26422004	26422004	0	0	6	6	6	6
n00152	AE72532B	AE72532B	AE72532B	0	0	-5	-5	-5	-5
n00153	000E319F	000E319F	000E319F	0	0	1	1	1	1
n00154	702F2C76	702F2C76	702F2C76	0	0	2	2	2	2
n00155	E431954A	E431954A	E431954A	0	0	-1	-1	-1	-1
n00156	F2F3B7D4	F2F3B7D4	F2F3B7D4	0	0	-9	-9	-9	-9
n00157	E3864EFE	E3864EFE	E3864EFE	0	0	-4	-4	-4	-4
n00158	E51F5B30	E51F5B30	E51F5B30	0	0	-4	-4	-4	-4
n00159	FA4B01AD	FA4B01AD	FA4B01AD	0	0	-2	-2	-2	-2
n00160	35271F6C	35271F6C	35271F6C	0	0	6	6	6	6
n00161	E0BD26BE	E0BD26BE	E0BD26BE	0	0	-1	-1	-1	-1
n00162	8076CAAE	8076CAAE	8076CAAE	0	0	-1	-1	-1	-1
n00163	AAC7C880	AAC7C880	AAC7C880	0	0	-3	-3	-3	-3
n00164	D41AEB6C	D41AEB6C	D41AEB6C	0	0	-2	-2	-2	-2
n00165	599E73BB	599E73BB	599E73BB	0	0	5	5	5	5
n00166	D5258C06	D5258C06	D5258C06	0	0	-1	-1	-1	-1
n00167	2E062F40	2E062F40	2E062F40	0	0	3	3	3	3
n00168	B1A15109	B1A15109	B1A15109	0	0	-4	-4	-4	-4
n00169	EA9913D3	EA9913D3	EA9913D3	0	0	-9	-9	-9	-9
n00170	C3158871	C3158871	C3158871	0	0	-149	-149	-149	-149
n00171	7DE40977	7DE40977	7DE40977	0	0	3	3	3	3
n00172	304B5752	304B5752	304B5752	0	0	7	7	7	7
n00173	5C5B4129	5C5B4129	5C5B4129	0	0	2	2	2	2
n00174	94F95BD1	94F95BD1	94F95BD1	0	0	-2	-2	-2	-2
n00175	EA9B8231	EA9B8231	EA9B8231	0	0	-9	-9	-9	-9
n00176	8DA873B5	8DA873B5	8DA873B5	0	0	-1	-1	-1	-1
n00177	754F2921	754F2921	754F2921	0	0	2	2	2	2
n00178	D6B23E79	D6B23E79	D6B23E79	0	0	-9	-9	-9	-9
n00179	C8645956	C8645956	C8645956	0	0	-233829	-233829	-233829	-233829
n00180	A3372514	A3372514	A3372514	0	0	-9	-9	-9	-9
n00181	E0A2F30E	E0A2F30E	E0A2F30E	0	0	-9	-9	-9	-9
n00182	EC4383DA	EC4383DA	EC4383DA	0	0	-9	-9	-9	-9
n00183	571BBC3F	571BBC3F	571BBC3F	0	0	1	1	1	1
n00184	98F0DBD7	98F0DBD7	98F0DBD7	0	0	-6	-6	-6	-6
n00185	1C586E0C	1C586E0C	1C586E0C	0	0	7	7	7	7
n00186	804EFD9F	804EFD9F	804EFD9F	0	0	-7	-7	-7	-7
n00187	4F13EAA7	4F13EAA7	4F13EAA7	0	0	2	2	2	2
n00188	0212B394	0212B394	0212B394	0	0	1	1	1	1
n00189	3FF964F9	3FF964F9	3FF964F9	0	0	1	1	1	1
n00190	9748AC3E	9748AC3E	9748AC3E	0	0	-6	-6	-6	-6
n00191	C6E2BD10	C6E2BD10	C6E2BD10	0	0	-29022	-29022	-29022	-29022
n00192	AA5BA2A6	AA5BA2A6	AA5BA2A6	0	0	-1	-1	-1	-1
n00193	15367033	15367033	15367033	0	0	3	3	3	3
n00194	978748EA	978748EA	978748EA	0	0	-8	-8	-8	-8
n00195	397F3C24	397F3C24	397F3C24	0	0	0	0	0	0
n00196	90B067CD	90B067CD	90B067CD	0	0	-6	-6	-6	-6
n00197	04117062	04117062	04117062	0	0	1	1	1	1
n00198	61C4ADEE	61C4ADEE	61C4ADEE	0	0	4	4	4	4
n00199	14B1DCB6	14B1DCB6	14B1DCB6	0	0	1	1	1	1
n00200	31429C77	31429C77	31429C77	0	0	2	2	2	2
n00201	A6576EE1	A6576EE1	A6576EE1	0	0	-7	-7	-7	-7
n00202	D023B5A2	D023B5A2	D023B5A2	0	0	-1	-1	-1	-1
n00203	86FD138B	86FD138B	86FD138B	0	0	-9	-9	-9	-9
n00204	5AAB0CD1	5AAB0CD1	5AAB0CD1	0	0	2	2	2	2
n00205	AA021212	AA021212	AA021212	0	0	-1	-1	-1	-1
n00206	C0B10346	C0B10346	C0B10346	0	0	-5	-5	-5	-5
n00207	B5649094	B5649094	B5649094	0	0	-8	-8	-8	-8
n00208	A8F92675	A8F92675	A8F92675	0	0	-2	-2	-2	-2
n00209	C9577366	C9577366	C9577366	0	0	-882486	-882486	-882486	-882486
n00210	D4954DDA	D4954DDA	D4954DDA	0	0	-5	-5	-5	-5
n00211	FDCD616B	FDCD616B	FDCD616B	0	0	-3	-3	-3	-3
n00212	59419CAE	59419CAE	59419CAE	0	0	3	3	3	3
n00213	BED18369	BED18369	BED18369	0	0	0	0	0	0
n00214	23690462	23690462	23690462	0	0	1	1	1	1
n00215	80AEDFBA	80AEDFBA	80AEDFBA	0	0	-1	-1	-1	-1
n00216	51DBCE0F	51DBCE0F	51DBCE0F	0	0	1	1	1	1
n00217	70B32016	70B32016	70B32016	0	0	4	4	4	4
n00218	B7B7BCA7	B7B7BCA7	B7B7BCA7	0	0	-2	-2	-2	-2
n00219	FF4C1CD1	FF4C1CD1	FF4C1CD1	0	0	-2	-2	-2	-2
n00220	A8003B2A	A8003B2A	A8003B2A	0	0	-7	-7	-7	-7
n00221	88550791	88550791	88550791	0	0	-6	-6	-6	-6
n00222	5A1251E5	5A1251E5	5A1251E5	0	0	1	1	1	1
n00223	9395648D	9395648D	9395648D	0	0	-3	-3	-3	-3
n00224	FC8EAF1B	FC8EAF1B	FC8EAF1B	0	0	-5	-5	-5	-5
n00225	10BFF67C	10BFF67C	10BFF67C	0	0	7	7	7	7
n00226	D24EF0FC	D24EF0FC	D24EF0FC	0	0	-2	-2	-2	-2
n00227	F8FDB213	F8FDB213	F8FDB213	0	0	-4	-4	-4	-4
n00228	62F2CAF2	62F2CAF2	62F2CAF2	0	0	2	2	2	2
n00229	4A09FA48	4A09FA48	4A09FA48	2260626	2260626	2260626	2260626	2260626	2260626
n00230	6A8AE194	6A8AE194	6A8AE194	0	0	8	8	8	8
n00231	3867A93E	3867A93E	3867A93E	0	0	5	5	5	5
n00232	DCBD02B3	DCBD02B3	DCBD02B3	0	0	-4	-4	-4	-4
n00233	EDA24277	EDA24277	EDA24277	0	0	-6	-6	-6	-6
n00234	37ADDDDD	37ADDDDD	37ADDDDD	0	0	2	2	2	2
n00235	BFE01F76	BFE01F76	BFE01F76	0	0	-1	-1	-1	-1
n00236	314F994E	314F994E	314F994E	0	0	3	3	3	3
n00237	9A85D889	9A85D889	9A85D889	0	0	-5	-5	-5	-5
n00238	7C7A58BB	7C7A58BB	7C7A58BB	0	0	5	5	5	5
n00239	DD4D3FDE	DD4D3FDE	DD4D3FDE	0	0	-9	-9	-9	-9
n00240	7C6DCAB3	7C6DCAB3	7C6DCAB3	0	0	4	4	4	4
n00241	2F272F36	2F272F36	2F272F36	0	0	1	1	1	1
n00242	02E155C7	02E155C7	02E155C7	0	0	3	3	3	3
n00243	E09CA3EF	E09CA3EF	E09CA3EF	0	0	-9	-9	-9	-9
n00244	81D6CAE6	81D6CAE6	81D6CAE6	0	0	-7	-7	-7	-7
n00245	2DFE044B	2DFE044B	2DFE044B	0	0	2	2	2	2
n00246	E82E639D	E82E639D	E82E639D	0	0	-3	-3	-3	-3
n00247	64B4FDB8	64B4FDB8	64B4FDB8	0	0	2	2	2	2
n00248	74E5BDA9	74E5BDA9	74E5BDA9	0	0	1	1	1	1
n00249	C29DD038	C29DD038	C29DD038	0	0	-78	-78	-78	-78
n00250	4DDB63B1	4DDB63B1	4DDB63B1	460092960	460092960	460092960	460092960	460092960	460092960
n00251	0DF44C6A	0DF44C6A	0DF44C6A	0	0	1	1	1	1
n00252	FDC7892E	FDC7892E	FDC7892E	0	0	-3	-3	-3	-3
n00253	606E7B38	606E7B38	606E7B38	0	0	6	6	6	6
n00254	C5F30055	C5F30055	C5F30055	0	0	-7776	-7776	-7776	-7776
n00255	A8E98AF2	A8E98AF2	A8E98AF2	0	0	-2	-2	-2	-2
n00256	968732DE	968732DE	968732DE	0	0	-2	-2	-2	-2
n00257	4E8BD8F3	4E8BD8F3	4E8BD8F3	0	0	1	1	1	1
n00258	703C9173	703C9173	703C9173	0	0	2	2	2	2
n00259	3CCAEB8D	3CCAEB8D	3CCAEB8D	0	0	0	0	0	0
n00260	F351A4EE	F351A4EE	F351A4EE	0	0	-1	-1	-1	-1
n00261	EFF6C66F	EFF6C66F	EFF6C66F	0	0	-1	-1	-1	-1
n00262	D78AC7B6	D78AC7B6	D78AC7B6	0	0	-3	-3	-3	-3
n00263	B7139E4B	B7139E4B	B7139E4B	0	0	-8	-8	-8	-8
n00264	EC3ECCC7	EC3ECCC7	EC3ECCC7	0	0	-9	-9	-9	-9
n00265	D8A5DC94	D8A5DC94	D8A5DC94	0	0	-1	-1	-1	-1
n00266	078EEB7D	078EEB7D	078EEB7D	0	0	2	2	2	2
n00267	50019D18	50019D18	50019D18	0	0	8	8	8	8
n00268	AD35A4E5	AD35A4E5	AD35A4E5	0	0	-1	-1	-1	-1
n00269	6849017D	6849017D	6849017D	0	0	3	3	3	3
n00270	F0FB2D63	F0FB2D63	F0FB2D63	0	0	-6	-6	-6	-6
n00271	BD247C84	BD247C84	BD247C84	0	0	0	0	0	0
n00272	2A1FF278	2A1FF278	2A1FF278	0	0	1	1	1	1
n00273	E1B1CA1F	E1B1CA1F	E1B1CA1F	0	0	-4	-4	-4	-4
n00274	AE24AA3D	AE24AA3D	AE24AA3D	0	0	-3	-3	-3	-3
n00275	9D6559D6	9D6559D6	9D6559D6	0	0	-3	-3	-3	-3
n00276	ADA5CCC7	ADA5CCC7	ADA5CCC7	0	0	-1	-1	-1	-1
n00277	4B0BE494	4B0BE494	4B0BE494	9168020	9168020	9168020	9168020	9168020	9168020
n00278	2211DBEF	2211DBEF	2211DBEF	0	0	1	1	1	1
n00279	22F3DD98	22F3DD98	22F3DD98	0	0	6	6	6	6
n00280	6D729803	6D729803	6D729803	0	0	4	4	4	4
n00281	2349E564	2349E564	2349E564	0	0	1	1	1	1
n00282	B3829BC7	B3829BC7	B3829BC7	0	0	-6	-6	-6	-6
n00283	9BD7E29D	9BD7E29D	9BD7E29D	0	0	-3	-3	-3	-3
n00284	3FE5E39C	3FE5E39C	3FE5E39C	0	0	1	1	1	1
n00285	1723D745	1723D745	1723D745	0	0	5	5	5	5
n00286	6A0DBC93	6A0DBC93	6A0DBC93	0	0	4	4	4	4
n00287	6C40C453	6C40C453	6C40C453	0	0	9	9	9	9
n00288	C2DD47A0	C2DD47A0	C2DD47A0	0	0	-110	-110	-110	-110
n00289	1ADA138A	1ADA138A	1ADA138A	0	0	9	9	9	9
n00290	E287734E	E287734E	E287734E	0	0	-1	-1	-1	-1
n00291	48E16A7F	48E16A7F	48E16A7F	0	0	461651	461651	461651	461651
n00292	EF05E28C	EF05E28C	EF05E28C	0	0	-4	-4	-4	-4
n00293	C68D12F5	C68D12F5	C68D12F5	0	0	-18057	-18057	-18057	-18057
n00294	3A70F965	3A70F965	3A70F965	0	0	0	0	0	0
n00295	E87DC559	E87DC559	E87DC559	0	0	-4	-4	-4	-4
n00296	11E789AC	11E789AC	11E789AC	0	0	3	3	3	3
n00297	27BED6BC	27BED6BC	27BED6BC	0	0	5	5	5	5
n00298	EF5B309B	EF5B309B	EF5B309B	0	0	-6	-6	-6	-6
n00299	B344A5DA	B344A5DA	B344A5DA	0	0	-4	-4	-4	-4
n00300	C079C56F	C079C56F	C079C56F	0	0	-3	-3	-3	-3
n00301	B35A4943	B35A4943	B35A4943	0	0	-5	-5	-5	-5
n00302	F3954ABE	F3954ABE	F3954ABE	0	0	-2	-2	-2	-2
n00303	B9E5F2DC	B9E5F2DC	B9E5F2DC	0	0	0	0	0	0
n00304	C4CA085D	C4CA085D	C4CA085D	0	0	-1616	-1616	-1616	-1616
n00305	5D24BCDF	5D24BCDF	5D24BCDF	0	0	7	7	7	7
n00306	93984695	93984695	93984695	0	0	-3	-3	-3	-3
n00307	D0C37F01	D0C37F01	D0C37F01	0	0	-2	-2	-2	-2
n00308	CD3BB556	CD3BB556	CD3BB556	-196826464	-196826464	-196826464	-196826464	-196826464	-196826464
n00309	D6DD9DD0	D6DD9DD0	D6DD9DD0	0	0	-1	-1	-1	-1
n00310	E4E92659	E4E92659	E4E92659	0	0	-3	-3	-3	-3
n00311	DEDBC903	DEDBC903	DEDBC903	0	0	-7	-7	-7	-7
n00312	0ABC35E8	0ABC35E8	0ABC35E8	0	0	1	1	1	1
n00313	12493454	12493454	12493454	0	0	6	6	6	6
n00314	44615D95	44615D95	44615D95	0	0	901	901	901	901
n00315	C3F9AA5E	C3F9AA5E	C3F9AA5E	0	0	-499	-499	-499	-499
n00316	B84FA8E3	B84FA8E3	B84FA8E3	0	0	-4	-4	-4	-4
n00317	2A890C37	2A890C37	2A890C37	0	0	2	2	2	2
n00318	C018D51B	C018D51B	C018D51B	0	0	-2	-2	-2	-2
n00319	F2940A3C	F2940A3C	F2940A3C	0	0	-5	-5	-5	-5
n00320	3B66AD17	3B66AD17	3B66AD17	0	0	0	0	0	0
n00321	86284082	86284082	86284082	0	0	-3	-3	-3	-3
n00322	C48CC345	C48CC345	C48CC345	0	0	-1126	-1126	-1126	-1126
n00323	58B6687C	58B6687C	58B6687C	0	0	1	1	1	1
n00324	42108BD4	42108BD4	42108BD4	0	0	36	36	36	36
n00325	C0003D1D	C0003D1D	C0003D1D	0	0	-2	-2	-2	-2
n00326	E05A2A5B	E05A2A5B	E05A2A5B	0	0	-6	-6	-6	-6
n00327	F8E22CC3	F8E22CC3	F8E22CC3	0	0	-3	-3	-3	-3
n00328	BCF85C83	BCF85C83	BCF85C83	0	0	0	0	0	0
n00329	C83B0715	C83B0715	C83B0715	0	0	-191516	-191516	-191516	-191516
n00330	225533C9	225533C9	225533C9	0	0	2	2	2	2
n00331	53A30AE3	53A30AE3	53A30AE3	0	0	1	1	1	1
n00332	91D23CD5	91D23CD5	91D23CD5	0	0	-3	-3	-3	-3
n00333	D74CBE80	D74CBE80	D74CBE80	0	0	-2	-2	-2	-2
n00334	5BA7C0D0	5BA7C0D0	5BA7C0D0	0	0	9	9	9	9
n00335	FDC81775	FDC81775	FDC81775	0	0	-3	-3	-3	-3
n00336	7C56930F	7C56930F	7C56930F	0	0	4	4	4	4
n00337	B3ACCAED	B3ACCAED	B3ACCAED	0	0	-8	-8	-8	-8
n00338	47339C9D	47339C9D	47339C9D	0	0	45980	45980	45980	45980
n00339	DA0E2A4B	DA0E2A4B	DA0E2A4B	0	0	-1	-1	-1	-1
n00340	51289B08	51289B08	51289B08	0	0	4	4	4	4
n00341	10FD69BF	10FD69BF	10FD69BF	0	0	9	9	9	9
n00342	09D8F07F	09D8F07F	09D8F07F	0	0	5	5	5	5
n00343	A47FD23D	A47FD23D	A47FD23D	0	0	-5	-5	-5	-5
n00344	1146378F	1146378F	1146378F	0	0	1	1	1	1
n00345	F350D9DB	F350D9DB	F350D9DB	0	0	-1	-1	-1	-1
n00346	5C73ADD3	5C73ADD3	5C73ADD3	0	0	2	2	2	2
n00347	E70A4269	E70A4269	E70A4269	0	0	-6	-6	-6	-6
n00348	93661642	93661642	93661642	0	0	-2	-2	-2	-2
n00349	9144A0D5	9144A0D5	9144A0D5	0	0	-1	-1	-1	-1
n00350	93981794	93981794	93981794	0	0	-3	-3	-3	-3
n00351	6D084423	6D084423	6D084423	0	0	2	2	2	2
n00352	2CEF96DE	2CEF96DE	2CEF96DE	0	0	6	6	6	6
n00353	D69955E8	D69955E8	D69955E8	0	0	-8	-8	-8	-8
n00354	4D84AC3C	4D84AC3C	4D84AC3C	278235008	278235008	278235008	278235008	278235008	278235008
n00355	266AA77D	266AA77D	266AA77D	0	0	8	8	8	8
n00356	A9E60AE0	A9E60AE0	A9E60AE0	0	0	-1	-1	-1	-1
n00357	84D40E6A	84D40E6A	84D40E6A	0	0	-4	-4	-4	-4
n00358	FA6889E2	FA6889E2	FA6889E2	0	0	-3	-3	-3	-3
n00359	8F621C22	8F621C22	8F621C22	0	0	-1	-1	-1	-1
n00360	C4347CD1	C4347CD1	C4347CD1	0	0	-721	-721	-721	-721
n00361	8DE88FF0	8DE88FF0	8DE88FF0	0	0	-1	-1	-1	-1
n00362	25F97D39	25F97D39	25F97D39	0	0	4	4	4	4
n00363	8CEFE790	8CEFE790	8CEFE790	0	0	-3	-3	-3	-3
n00364	70378FA5	70378FA5	70378FA5	0	0	2	2	2	2
n00365	9C7A3622	9C7A3622	9C7A3622	0	0	-8	-8	-8	-8
n00366	6A8164DE	6A8164DE	6A8164DE	0	0	7	7	7	7
n00367	06153ECF	06153ECF	06153ECF	0	0	2	2	2	2
n00368	6D2A204E	6D2A204E	6D2A204E	0	0	3	3	3	3
n00369	4E87A35C	4E87A35C	4E87A35C	0	0	1	1	1	1
n00370	9A0F0FE8	9A0F0FE8	9A0F0FE8	0	0	-2	-2	-2	-2
n00371	C2903381	C2903381	C2903381	0	0	-72	-72	-72	-72
n00372	1AC464AC	1AC464AC	1AC464AC	0	0	8	8	8	8
n00373	53C8BFD4	53C8BFD4	53C8BFD4	0	0	1	1	1	1
n00374	2D64438B	2D64438B	2D64438B	0	0	1	1	1	1
n00375	E9472C26	E9472C26	E9472C26	0	0	-1	-1	-1	-1
n00376	E56A1181	E56A1181	E56A1181	0	0	-6	-6	-6	-6
n00377	D17CC244	D17CC244	D17CC244	0	0	-6	-6	-6	-6
n00378	E3F1420A	E3F1420A	E3F1420A	0	0	-8	-8	-8	-8
n00379	E4805D32	E4805D32	E4805D32	0	0	-1	-1	-1	-1
n00380	3A32F5FA	3A32F5FA	3A32F5FA	0	0	0	0	0	0
n00381	0D133A44	0D133A44	0D133A44	0	0	4	4	4	4
n00382	31254B4E	31254B4E	31254B4E	0	0	2	2	2	2
n00383	EBB70CEB	EBB70CEB	EBB70CEB	0	0	-4	-4	-4	-4
n00384	C3842E13	C3842E13	C3842E13	0	0	-264	-264	-264	-264
n00385	9641DA88	9641DA88	9641DA88	0	0	-1	-1	-1	-1
n00386	5076343D	5076343D	5076343D	0	0	1	1	1	1
n00387	8C2B2703	8C2B2703	8C2B2703	0	0	-1	-1	-1	-1
n00388	DCCEDCE6	DCCEDCE6	DCCEDCE6	0	0	-4	-4	-4	-4
n00389	0F1AE08C	0F1AE08C	0F1AE08C	0	0	7	7	7	7
n00390	C40B2ED7	C40B2ED7	C40B2ED7	0	0	-556	-556	-556	-556
n00391	EF1EB1B9	EF1EB1B9	EF1EB1B9	0	0	-4	-4	-4	-4
n00392	B2223995	B2223995	B2223995	0	0	-9	-9	-9	-9
n00393	9F026D97	9F026D97	9F026D97	0	0	-2	-2	-2	-2
n00394	98A1E252	98A1E252	98A1E252	0	0	-4	-4	-4	-4
n00395	0598097C	0598097C	0598097C	0	0	1	1	1	1
n00396	93747FF6	93747FF6	93747FF6	0	0	-3	-3	-3	-3
n00397	2E7D978B	2E7D978B	2E7D978B	0	0	5	5	5	5
n00398	0CAA2FF3	0CAA2FF3	0CAA2FF3	0	0	2	2	2	2
n00399	E87B8C99	E87B8C99	E87B8C99	0	0	-4	-4	-4	-4
n00400	8B9C8BDE	8B9C8BDE	8B9C8BDE	0	0	-6	-6	-6	-6
n00401	46151AE9	46151AE9	46151AE9	0	0	9542	9542	9542	9542
n00402	2C4F08BB	2C4F08BB	2C4F08BB	0	0	2	2	2	2
n00403	5D2878D4	5D2878D4	5D2878D4	0	0	7	7	7	7
n00404	CAB309CF	CAB309CF	CAB309CF	0	0	-5866727	-5866727	-5866727	-5866727
n00405	86BC8840	86BC8840	86BC8840	0	0	-7	-7	-7	-7
n00406	076019F0	076019F0	076019F0	0	0	1	1	1	1
n00407	CF24F40C	CF24F40C	CF24F40C	0	0	-2	-2	-2	-2
n00408	81BF35D6	81BF35D6	81BF35D6	0	0	-7	-7	-7	-7
n00409	ED1C8DD9	ED1C8DD9	ED1C8DD9	0	0	-3	-3	-3	-3
n00410	DD9EF02D	DD9EF02D	DD9EF02D	0	0	-1	-1	-1	-1
n00411	4DA77799	4DA77799	4DA77799	351204128	351204128	351204128	351204128	351204128	351204128
n00412	5A084795	5A084795	5A084795	0	0	9	9	9	9
n00413	D9E45BFF	D9E45BFF	D9E45BFF	0	0	-8	-8	-8	-8
n00414	BF9B46A2	BF9B46A2	BF9B46A2	0	0	-1	-1	-1	-1
n00415	5FFDCDF8	5FFDCDF8	5FFDCDF8	0	0	3	3	3	3
n00416	8B859459	8B859459	8B859459	0	0	-5	-5	-5	-5
n00417	158F990F	158F990F	158F990F	0	0	5	5	5	5
n00418	09D7A859	09D7A859	09D7A859	0	0	5	5	5	5
n00419	3C3BFEB0	3C3BFEB0	3C3BFEB0	0	0	0	0	0	0
n00420	7140A6CA	7140A6CA	7140A6CA	0	0	9	9	9	9
n00421	7D9A8E07	7D9A8E07	7D9A8E07	0	0	2	2	2	2
n00422	404D853E	404D853E	404D853E	0	0	3	3	3	3
n00423	120AB92A	120AB92A	120AB92A	0	0	4	4	4	4
n00424	56BA7335	56BA7335	56BA7335	0	0	1	1	1	1
n00425	CB318B23	CB318B23	CB318B23	-11635491	-11635491	-11635491	-11635491	-11635491	-11635491
n00426	ED4B9652	ED4B9652	ED4B9652	0	0	-3	-3	-3	-3
n00427	A4CA65A2	A4CA65A2	A4CA65A2	0	0	-8	-8	-8	-8
n00428	EDA59ACA	EDA59ACA	EDA59ACA	0	0	-6	-6	-6	-6
n00429	722B66E2	722B66E2	722B66E2	0	0	3	3	3	3
n00430	06DCA59E	06DCA59E	06DCA59E	0	0	8	8	8	8
n00431	5A0D8C0A	5A0D8C0A	5A0D8C0A	0	0	9	9	9	9
n00432	FEE03ECD	FEE03ECD	FEE03ECD	0	0	-1	-1	-1	-1
n00433	B418FEDF	B418FEDF	B418FEDF	0	0	-1	-1	-1	-1
n00434	F9E238FC	F9E238FC	F9E238FC	0	0	-1	-1	-1	-1
n00435	387DCE9C	387DCE9C	387DCE9C	0	0	6	6	6	6
n00436	97394F13	97394F13	97394F13	0	0	-5	-5	-5	-5
n00437	DB36E220	DB36E220	DB36E220	0	0	-5	-5	-5	-5
n00438	1D40F1CB	1D40F1CB	1D40F1CB	0	0	2	2	2	2
n00439	F328D14A	F328D14A	F328D14A	0	0	-1	-1	-1	-1
n00440	EFDFCB6E	EFDFCB6E	EFDFCB6E	0	0	-1	-1	-1	-1
n00441	883DD078	883DD078	883DD078	0	0	-5	-5	-5	-5
n00442	D01A029E	D01A029E	D01A029E	0	0	-1	-1	-1	-1
n00443	9152DF1A	9152DF1A	9152DF1A	0	0	-1	-1	-1	-1
n00444	9872D349	9872D349	9872D349	0	0	-3	-3	-3	-3
n00445	A33934C4	A33934C4	A33934C4	0	0	-1	-1	-1	-1
n00446	E3F75698	E3F75698	E3F75698	0	0	-9	-9	-9	-9
n00447	C47E4828	C47E4828	C47E4828	0	0	-1017	-1017	-1017	-1017
n00448	67629C75	67629C75	67629C75	0	0	1	1	1	1
n00449	D7360B6C	D7360B6C	D7360B6C	0	0	-2	-2	-2	-2
n00450	08DD83FD	08DD83FD	08DD83FD	0	0	1	1	1	1
n00451	DDF3B6B8	DDF3B6B8	DDF3B6B8	0	0	-2	-2	-2	-2
n00452	48803555	48803555	48803555	0	0	262570	262570	262570	262570
n00453	F134EDCB	F134EDCB	F134EDCB	0	0	-8	-8	-8	-8
n00454	DC9D24AF	DC9D24AF	DC9D24AF	0	0	-3	-3	-3	-3
n00455	83C4655F	83C4655F	83C4655F	0	0	-1	-1	-1	-1
n00456	2FC13731	2FC13731	2FC13731	0	0	3	3	3	3
n00457	6719BAF3	6719BAF3	6719BAF3	0	0	7	7	7	7
n00458	7F0845E0	7F0845E0	7F0845E0	0	0	1	1	1	1
n00459	0D97A4FE	0D97A4FE	0D97A4FE	0	0	9	9	9	9
n00460	8A52BA7E	8A52BA7E	8A52BA7E	0	0	-1	-1	-1	-1
n00461	0FDC6284	0FDC6284	0FDC6284	0	0	2	2	2	2
n00462	9CE6AC23	9CE6AC23	9CE6AC23	0	0	-1	-1	-1	-1
n00463	8C98CFE7	8C98CFE7	8C98CFE7	0	0	-2	-2	-2	-2
n00464	C411F9FA	C411F9FA	C411F9FA	0	0	-583	-583	-583	-583
n00465	830DF95D	830DF95D	830DF95D	0	0	-4	-4	-4	-4
n00466	97858911	97858911	97858911	0	0	-8	-8	-8	-8
n00467	51B013DA	51B013DA	51B013DA	0	0	9	9	9	9
n00468	3DE251C2	3DE251C2	3DE251C2	0	0	0	0	0	0
n00469	90C1E97A	90C1E97A	90C1E97A	0	0	-7	-7	-7	-7
n00470	461BC926	461BC926	461BC926	0	0	9970	9970	9970	9970
n00471	E02CC3D1	E02CC3D1	E02CC3D1	0	0	-4	-4	-4	-4
n00472	3D55C09A	3D55C09A	3D55C09A	0	0	0	0	0	0
n00473	303E41CD	303E41CD	303E41CD	0	0	6	6	6	6
n00474	398B11B1	398B11B1	398B11B1	0	0	0	0	0	0
n00475	3B0C0E4A	3B0C0E4A	3B0C0E4A	0	0	0	0	0	0
n00476	CFCA72FF	CFCA72FF	CFCA72FF	0	0	-6	-6	-6	-6
n00477	2F4D29AB	2F4D29AB	2F4D29AB	0	0	1	1	1	1
n00478	48746C6C	48746C6C	48746C6C	0	0	250289	250289	250289	250289
n00479	B08F4197	B08F4197	B08F4197	0	0	-1	-1	-1	-1
n00480	DDCD3F1B	DDCD3F1B	DDCD3F1B	0	0	-1	-1	-1	-1
n00481	9BF34B44	9BF34B44	9BF34B44	0	0	-4	-4	-4	-4
n00482	1200E722	1200E722	1200E722	0	0	4	4	4	4
n00483	BB54EC7A	BB54EC7A	BB54EC7A	0	0	0	0	0	0
n00484	9372ADA2	9372ADA2	9372ADA2	0	0	-3	-3	-3	-3
n00485	97E5D505	97E5D505	97E5D505	0	0	-1	-1	-1	-1
n00486	CE012DA1	CE012DA1	CE012DA1	-541812800	-541812800	-541812800	-541812800	-541812800	-541812800
n00487	24F1A5EB	24F1A5EB	24F1A5EB	0	0	1	1	1	1
n00488	41433C0C	41433C0C	41433C0C	0	0	12	12	12	12
n00489	4511E286	4511E286	4511E286	0	0	2334	2334	2334	2334
n00490	248DA564	248DA564	248DA564	0	0	6	6	6	6
n00491	26EF3610	26EF3610	26EF3610	0	0	1	1	1	1
n00492	3DF1117D	3DF1117D	3DF1117D	0	0	0	0	0	0
n00493	F09EDDE5	F09EDDE5	F09EDDE5	0	0	-3	-3	-3	-3
n00494	5A31C78A	5A31C78A	5A31C78A	0	0	1	1	1	1
n00495	750EE160	750EE160	750EE160	0	0	1	1	1	1
n00496	D9D18852	D9D18852	D9D18852	0	0	-7	-7	-7	-7
n00497	181F3C91	181F3C91	181F3C91	0	0	2	2	2	2
n00498	A3D1BADA	A3D1BADA	A3D1BADA	0	0	-2	-2	-2	-2
n00499	004A765C	004A765C	004A765C	0	0	6	6	6	6
n00500	299F921E	299F921E	299F921E	0	0	7	7	7	7
n00501	DE4E5F70	DE4E5F70	DE4E5F70	0	0	-3	-3	-3	-3
n00502	361FC9E7	361FC9E7	361FC9E7	0	0	2	2	2	2
n00503	EE01E3ED	EE01E3ED	EE01E3ED	0	0	-1	-1	-1	-1
n00504	D0301731	D0301731	D0301731	0	0	-1	-1	-1	-1
n00505	2D585902	2D585902	2D585902	0	0	1	1	1	1
n00506	258D80FA	258D80FA	258D80FA	0	0	2	2	2	2
n00507	621D339D	621D339D	621D339D	0	0	7	7	7	7
n00508	87FB0C07	87FB0C07	87FB0C07	0	0	-3	-3	-3	-3
n00509	742CAE09	742CAE09	742CAE09	0	0	5	5	5	5
n00510	E8FEE3A5	E8FEE3A5	E8FEE3A5	0	0	-9	-9	-9	-9
n00511	69B9F63B	69B9F63B	69B9F63B	0	0	2	2	2	2
n00512	BAEACBDF	BAEACBDF	BAEACBDF	0	0	0	0	0	0
n00513	31E0757F	31E0757F	31E0757F	0	0	6	6	6	6
n00514	39A151AC	39A151AC	39A151AC	0	0	0	0	0	0
n00515	DAFB0DC3	DAFB0DC3	DAFB0DC3	0	0	-3	-3	-3	-3
n00516	A774A40D	A774A40D	A774A40D	0	0	-3	-3	-3	-3
n00517	0CA99B0A	0CA99B0A	0CA99B0A	0	0	2	2	2	2
n00518	C2047E9B	C2047E9B	C2047E9B	0	0	-33	-33	-33	-33
n00519	20DB9D1F	20DB9D1F	20DB9D1F	0	0	3	3	3	3
n00520	7EAFC69B	7EAFC69B	7EAFC69B	0	0	1	1	1	1
n00521	10549A5E	10549A5E	10549A5E	0	0	4	4	4	4
n00522	612E8F10	612E8F10	612E8F10	0	0	2	2	2	2
n00523	C7B293DE	C7B293DE	C7B293DE	0	0	-91431	-91431	-91431	-91431
n00524	4876F32B	4876F32B	4876F32B	0	0	252876	252876	252876	252876
n00525	C055FDF7	C055FDF7	C055FDF7	0	0	-3	-3	-3	-3
n00526	F3AE447C	F3AE447C	F3AE447C	0	0	-2	-2	-2	-2
n00527	0BC7AC0B	0BC7AC0B	0BC7AC0B	0	0	7	7	7	7
n00528	9ECA741C	9ECA741C	9ECA741C	0	0	-2	-2	-2	-2
n00529	8F87719D	8F87719D	8F87719D	0	0	-1	-1	-1	-1
n00530	358EAD40	358EAD40	358EAD40	0	0	1	1	1	1
n00531	672EC7B4	672EC7B4	672EC7B4	0	0	8	8	8	8
n00532	B5DCB74E	B5DCB74E	B5DCB74E	0	0	-1	-1	-1	-1
n00533	2FC29798	2FC29798	2FC29798	0	0	3	3	3	3
n00534	D9CDE433	D9CDE433	D9CDE433	0	0	-7	-7	-7	-7
n00535	77B66BD7	77B66BD7	77B66BD7	0	0	7	7	7	7
n00536	5C2946EE	5C2946EE	5C2946EE	0	0	1	1	1	1
n00537	5D763306	5D763306	5D763306	0	0	1	1	1	1
n00538	F667788D	F667788D	F667788D	0	0	-1	-1	-1	-1
n00539	31F33AA7	31F33AA7	31F33AA7	0	0	7	7	7	7
n00540	F9EE92D4	F9EE92D4	F9EE92D4	0	0	-1	-1	-1	-1
n00541	AC09B3FB	AC09B3FB	AC09B3FB	0	0	-1	-1	-1	-1
n00542	7865CFBB	7865CFBB	7865CFBB	0	0	1	1	1	1
n00543	6AD96D0E	6AD96D0E	6AD96D0E	0	0	1	1	1	1
n00544	B5B9EB26	B5B9EB26	B5B9EB26	0	0	-1	-1	-1	-1
n00545	93C01696	93C01696	93C01696	0	0	-4	-4	-4	-4
n00546	6A9D73B6	6A9D73B6	6A9D73B6	0	0	9	9	9	9
n00547	46880B5E	46880B5E	46880B5E	0	0	17413	17413	17413	17413
n00548	BD4989F4	BD4989F4	BD4989F4	0	0	0	0	0	0
n00549	269776B1	269776B1	269776B1	0	0	1	1	1	1
n00550	77E585C8	77E585C8	77E585C8	0	0	9	9	9	9
n00551	49515962	49515962	49515962	0	0	857494	857494	857494	857494
n00552	44FC90DD	44FC90DD	44FC90DD	0	0	2020	2020	2020	2020
n00553	029181B8	029181B8	029181B8	0	0	2	2	2	2
n00554	A30EAA28	A30EAA28	A30EAA28	0	0	-7	-7	-7	-7
n00555	B8B7257A	B8B7257A	B8B7257A	0	0	-8	-8	-8	-8
n00556	59C8A2CB	59C8A2CB	59C8A2CB	0	0	7	7	7	7
n00557	0AE8AD6A	0AE8AD6A	0AE8AD6A	0	0	2	2	2	2
n00558	BA03E784	BA03E784	BA03E784	0	0	0	0	0	0
n00559	2C71E149	2C71E149	2C71E149	0	0	3	3	3	3
n00560	F16E7EC8	F16E7EC8	F16E7EC8	0	0	-1	-1	-1	-1
n00561	CDDABEEE	CDDABEEE	CDDABEEE	-458743232	-458743232	-458743232	-458743232	-458743232	-458743232
n00562	1DF65EDC	1DF65EDC	1DF65EDC	0	0	6	6	6	6
n00563	BA270E9F	BA270E9F	BA270E9F	0	0	0	0	0	0
n00564	E3400122	E3400122	E3400122	0	0	-3	-3	-3	-3
n00565	0E893A8F	0E893A8F	0E893A8F	0	0	3	3	3	3
n00566	90E36D68	90E36D68	90E36D68	0	0	-8	-8	-8	-8
n00567	42F92577	42F92577	42F92577	0	0	124	124	124	124
n00568	97076CC1	97076CC1	97076CC1	0	0	-4	-4	-4	-4
n00569	B22AA972	B22AA972	B22AA972	0	0	-9	-9	-9	-9
n00570	810B13E6	810B13E6	810B13E6	0	0	-2	-2	-2	-2
n00571	4E1C9635	4E1C9635	4E1C9635	656772416	656772416	656772416	656772416	656772416	656772416
n00572	E242A88B	E242A88B	E242A88B	0	0	-8	-8	-8	-8
n00573	D35A96DD	D35A96DD	D35A96DD	0	0	-9	-9	-9	-9
n00574	E906452D	E906452D	E906452D	0	0	-1	-1	-1	-1
n00575	12E911CE	12E911CE	12E911CE	0	0	1	1	1	1
n00576	827DAC16	827DAC16	827DAC16	0	0	-1	-1	-1	-1
n00577	CFEB96AF	CFEB96AF	CFEB96AF	0	0	-7	-7	-7	-7
n00578	8233EE1A	8233EE1A	8233EE1A	0	0	-1	-1	-1	-1
n00579	83351D86	83351D86	83351D86	0	0	-5	-5	-5	-5
n00580	5AE9FE95	5AE9FE95	5AE9FE95	0	0	3	3	3	3
n00581	D085AC6F	D085AC6F	D085AC6F	0	0	-1	-1	-1	-1
n00582	356EBAE3	356EBAE3	356EBAE3	0	0	8	8	8	8
n00583	B940AC07	B940AC07	B940AC07	0	0	0	0	0	0
n00584	C3A49160	C3A49160	C3A49160	0	0	-329	-329	-329	-329
n00585	52AFEEB4	52AFEEB4	52AFEEB4	0	0	3	3	3	3
n00586	68122DD5	68122DD5	68122DD5	0	0	2	2	2	2
n00587	2C86A72A	2C86A72A	2C86A72A	0	0	3	3	3	3
n00588	1DA78327	1DA78327	1DA78327	0	0	4	4	4	4
n00589	63EB7708	63EB7708	63EB7708	0	0	8	8	8	8
n00590	3EA47DEB	3EA47DEB	3EA47DEB	0	0	0	0	0	0
n00591	6DD9EC9D	6DD9EC9D	6DD9EC9D	0	0	8	8	8	8
n00592	ABC3AE71	ABC3AE71	ABC3AE71	0	0	-1	-1	-1	-1
n00593	C887065E	C887065E	C887065E	0	0	-276530	-276530	-276530	-276530
n00594	5AFAAA9A	5AFAAA9A	5AFAAA9A	0	0	3	3	3	3
n00595	DF19EA80	DF19EA80	DF19EA80	0	0	-1	-1	-1	-1
n00596	52F56D80	52F56D80	52F56D80	0	0	5	5	5	5
n00597	2350E58A	2350E58A	2350E58A	0	0	1	1	1	1
n00598	311E2A16	311E2A16	311E2A16	0	0	2	2	2	2
n00599	59A92C43	59A92C43	59A92C43	0	0	5	5	5	5
n00600	54424180	54424180	54424180	0	0	3	3	3	3
n00601	1DE69CCB	1DE69CCB	1DE69CCB	0	0	6	6	6	6
n00602	03798009	03798009	03798009	0	0	7	7	7	7
n00603	26E7E9CF	26E7E9CF	26E7E9CF	0	0	1	1	1	1
n00604	48C59ADD	48C59ADD	48C59ADD	0	0	404694	404694	404694	404694
n00605	3F034791	3F034791	3F034791	0	0	0	0	0	0
n00606	DB438C40	DB438C40	DB438C40	0	0	-5	-5	-5	-5
n00607	5EB2521D	5EB2521D	5EB2521D	0	0	6	6	6	6
n00608	9219A62D	9219A62D	9219A62D	0	0	-4	-4	-4	-4
n00609	56D2CD4F	56D2CD4F	56D2CD4F	0	0	1	1	1	1
n00610	D0812E75	D0812E75	D0812E75	0	0	-1	-1	-1	-1
n00611	9E622382	9E622382	9E622382	0	0	-1	-1	-1	-1
n00612	33555CF3	33555CF3	33555CF3	0	0	4	4	4	4
n00613	914C1560	914C1560	914C1560	0	0	-1	-1	-1	-1
n00614	6657D7A9	6657D7A9	6657D7A9	0	0	2	2	2	2
n00615	71AFDE0E	71AFDE0E	71AFDE0E	0	0	1	1	1	1
n00616	9DF693C7	9DF693C7	9DF693C7	0	0	-6	-6	-6	-6
n00617	A50B300F	A50B300F	A50B300F	0	0	-1	-1	-1	-1
n00618	8B39E16C	8B39E16C	8B39E16C	0	0	-3	-3	-3	-3
n00619	CF678654	CF678654	CF678654	0	0	-3	-3	-3	-3
n00620	AD5FF6A0	AD5FF6A0	AD5FF6A0	0	0	-1	-1	-1	-1
n00621	E9CA8CA8	E9CA8CA8	E9CA8CA8	0	0	-3	-3	-3	-3
n00622	893E307F	893E307F	893E307F	0	0	-2	-2	-2	-2
n00623	C35A0DC7	C35A0DC7	C35A0DC7	0	0	-218	-218	-218	-218
n00624	43400B8F	43400B8F	43400B8F	0	0	192	192	192	192
n00625	C85551D5	C85551D5	C85551D5	0	0	-218439	-218439	-218439	-218439
n00626	8711C8DE	8711C8DE	8711C8DE	0	0	-1	-1	-1	-1
n00627	41C6E580	41C6E580	41C6E580	0	0	24	24	24	24
n00628	E47F933E	E47F933E	E47F933E	0	0	-1	-1	-1	-1
n00629	18C3D4E2	18C3D4E2	18C3D4E2	0	0	5	5	5	5
n00630	F17B30BE	F17B30BE	F17B30BE	0	0	-1	-1	-1	-1
n00631	646AB67A	646AB67A	646AB67A	0	0	1	1	1	1
n00632	B63556AB	B63556AB	B63556AB	0	0	-2	-2	-2	-2
n00633	BE586920	BE586920	BE586920	0	0	0	0	0	0
n00634	309E86C8	309E86C8	309E86C8	0	0	1	1	1	1
n00635	10383F7E	10383F7E	10383F7E	0	0	3	3	3	3
n00636	42B3910A	42B3910A	42B3910A	0	0	89	89	89	89
n00637	27405A9B	27405A9B	27405A9B	0	0	2	2	2	2
n00638	11D3A333	11D3A333	11D3A333	0	0	3	3	3	3
n00639	D2A568DD	D2A568DD	D2A568DD	0	0	-3	-3	-3	-3
n00640	F8CAE646	F8CAE646	F8CAE646	0	0	-3	-3	-3	-3
n00641	286D4093	286D4093	286D4093	0	0	1	1	1	1
n00642	46688AC8	46688AC8	46688AC8	0	0	14882	14882	14882	14882
n00643	D9ABD9C0	D9ABD9C0	D9ABD9C0	0	0	-6	-6	-6	-6
n00644	59A77466	59A77466	59A77466	0	0	5	5	5	5
n00645	C824C954	C824C954	C824C954	0	0	-168741	-168741	-168741	-168741
n00646	19CCA171	19CCA171	19CCA171	0	0	2	2	2	2
n00647	250920ED	250920ED	250920ED	0	0	1	1	1	1
n00648	F3A026A5	F3A026A5	F3A026A5	0	0	-2	-2	-2	-2
n00649	EF23C0BF	EF23C0BF	EF23C0BF	0	0	-5	-5	-5	-5
n00650	BC574F91	BC574F91	BC574F91	0	0	0	0	0	0
n00651	DC3182D3	DC3182D3	DC3182D3	0	0	-1	-1	-1	-1
n00652	CDFC6B47	CDFC6B47	CDFC6B47	-529361120	-529361120	-529361120	-529361120	-529361120	-529361120
n00653	6FC9B487	6FC9B487	6FC9B487	0	0	1	1	1	1
n00654	4EFA8C18	4EFA8C18	4EFA8C18	0	0	2	2	2	2
n00655	CF1ABF19	CF1ABF19	CF1ABF19	0	0	-2	-2	-2	-2
n00656	E344BC7C	E344BC7C	E344BC7C	0	0	-3	-3	-3	-3
n00657	7742801C	7742801C	7742801C	0	0	3	3	3	3
n00658	4F183C1C	4F183C1C	4F183C1C	0	0	2	2	2	2
n00659	A8760E81	A8760E81	A8760E81	0	0	-1	-1	-1	-1
n00660	1B044FD8	1B044FD8	1B044FD8	0	0	1	1	1	1
n00661	52EDD473	52EDD473	52EDD473	0	0	5	5	5	5
n00662	933B1433	933B1433	933B1433	0	0	-2	-2	-2	-2
n00663	A6F3E705	A6F3E705	A6F3E705	0	0	-1	-1	-1	-1
n00664	8E47F342	8E47F342	8E47F342	0	0	-2	-2	-2	-2
n00665	6EEE508E	6EEE508E	6EEE508E	0	0	3	3	3	3
n00666	017E2F79	017E2F79	017E2F79	0	0	4	4	4	4
n00667	093088C5	093088C5	093088C5	0	0	2	2	2	2
n00668	6A9020FB	6A9020FB	6A9020FB	0	0	8	8	8	8
n00669	5F03207C	5F03207C	5F03207C	0	0	9	9	9	9
n00670	C3696AD7	C3696AD7	C3696AD7	0	0	-233	-233	-233	-233
n00671	46034F15	46034F15	46034F15	0	0	8403	8403	8403	8403
n00672	A5BB4A1D	A5BB4A1D	A5BB4A1D	0	0	-3	-3	-3	-3
n00673	27630699	27630699	27630699	0	0	3	3	3	3
n00674	06BE4504	06BE4504	06BE4504	0	0	7	7	7	7
n00675	7172C82D	7172C82D	7172C82D	0	0	1	1	1	1
n00676	22861599	22861599	22861599	0	0	3	3	3	3
n00677	D1F17F2A	D1F17F2A	D1F17F2A	0	0	-1	-1	-1	-1
n00678	03DE4581	03DE4581	03DE4581	0	0	1	1	1	1
n00679	5E44CF28	5E44CF28	5E44CF28	0	0	3	3	3	3
n00680	DD4EDE79	DD4EDE79	DD4EDE79	0	0	-9	-9	-9	-9
n00681	C00BD143	C00BD143	C00BD143	0	0	-2	-2	-2	-2
n00682	B2856251	B2856251	B2856251	0	0	-1	-1	-1	-1
n00683	08E7A068	08E7A068	08E7A068	0	0	1	1	1	1
n00684	7008CAB0	7008CAB0	7008CAB0	0	0	1	1	1	1
n00685	8CFE39F5	8CFE39F5	8CFE39F5	0	0	-3	-3	-3	-3
n00686	D4E9DF99	D4E9DF99	D4E9DF99	0	0	-8	-8	-8	-8
n00687	A1E559DA	A1E559DA	A1E559DA	0	0	-1	-1	-1	-1
n00688	E3ECFFC6	E3ECFFC6	E3ECFFC6	0	0	-8	-8	-8	-8
n00689	DDA574FF	DDA574FF	DDA574FF	0	0	-1	-1	-1	-1
n00690	FB863E66	FB863E66	FB863E66	0	0	-1	-1	-1	-1
n00691	0FBBFD1C	0FBBFD1C	0FBBFD1C	0	0	1	1	1	1
n00692	E7FBC483	E7FBC483	E7FBC483	0	0	-2	-2	-2	-2
n00693	C8EF7E30	C8EF7E30	C8EF7E30	0	0	-490481	-490481	-490481	-490481
n00694	9EB98A0A	9EB98A0A	9EB98A0A	0	0	-1	-1	-1	-1
n00695	05B42445	05B42445	05B42445	0	0	1	1	1	1
n00696	A73D0B69	A73D0B69	A73D0B69	0	0	-2	-2	-2	-2
n00697	6AC5269B	6AC5269B	6AC5269B	0	0	1	1	1	1
n00698	A1656ED8	A1656ED8	A1656ED8	0	0	-7	-7	-7	-7
n00699	FF78D7DE	FF78D7DE	FF78D7DE	0	0	-3	-3	-3	-3
n00700	25DCB0FF	25DCB0FF	25DCB0FF	0	0	3	3	3	3
n00701	60788172	60788172	60788172	0	0	7	7	7	7
n00702	F6A3CE99	F6A3CE99	F6A3CE99	0	0	-1	-1	-1	-1
n00703	0C03C83D	0C03C83D	0C03C83D	0	0	1	1	1	1
n00704	D08AA431	D08AA431	D08AA431	0	0	-1	-1	-1	-1
n00705	D75F0805	D75F0805	D75F0805	0	0	-2	-2	-2	-2
n00706	81571013	81571013	81571013	0	0	-3	-3	-3	-3
n00707	530E9409	530E9409	530E9409	0	0	6	6	6	6
n00708	FF4BE779	FF4BE779	FF4BE779	0	0	-2	-2	-2	-2
n00709	A71F2C1E	A71F2C1E	A71F2C1E	0	0	-2	-2	-2	-2
n00710	8F7894CD	8F7894CD	8F7894CD	0	0	-1	-1	-1	-1
n00711	231DC8FD	231DC8FD	231DC8FD	0	0	8	8	8	8
n00712	A32369BE	A32369BE	A32369BE	0	0	-8	-8	-8	-8
n00713	277AEB24	277AEB24	277AEB24	0	0	3	3	3	3
n00714	300322DE	300322DE	300322DE	0	0	4	4	4	4
n00715	01DD41A1	01DD41A1	01DD41A1	0	0	8	8	8	8
n00716	6B378066	6B378066	6B378066	0	0	2	2	2	2
n00717	404EEDC4	404EEDC4	404EEDC4	0	0	3	3	3	3
n00718	2F9E5331	2F9E5331	2F9E5331	0	0	2	2	2	2
n00719	3E7FF587	3E7FF587	3E7FF587	0	0	0	0	0	0
n00720	B7AD13FA	B7AD13FA	B7AD13FA	0	0	-2	-2	-2	-2
n00721	8245B8F6	8245B8F6	8245B8F6	0	0	-1	-1	-1	-1
n00722	57C466E3	57C466E3	57C466E3	0	0	4	4	4	4
n00723	0B9BC677	0B9BC677	0B9BC677	0	0	6	6	6	6
n00724	22E52FC9	22E52FC9	22E52FC9	0	0	6	6	6	6
n00725	41C59682	41C59682	41C59682	0	0	24	24	24	24
n00726	DB7E9FA1	DB7E9FA1	DB7E9FA1	0	0	-7	-7	-7	-7
n00727	E7AA5672	E7AA5672	E7AA5672	0	0	-1	-1	-1	-1
n00728	C2DFA2EB	C2DFA2EB	C2DFA2EB	0	0	-111	-111	-111	-111
n00729	84546FD5	84546FD5	84546FD5	0	0	-2	-2	-2	-2
n00730	3FCD3278	3FCD3278	3FCD3278	0	0	1	1	1	1
n00731	35E35CE4	35E35CE4	35E35CE4	0	0	1	1	1	1
n00732	56EE27CF	56EE27CF	56EE27CF	0	0	1	1	1	1
n00733	204A0EBF	204A0EBF	204A0EBF	0	0	1	1	1	1
n00734	89A5C590	89A5C590	89A5C590	0	0	-3	-3	-3	-3
n00735	D8138A26	D8138A26	D8138A26	0	0	-6	-6	-6	-6
n00736	A9B6C7B3	A9B6C7B3	A9B6C7B3	0	0	-8	-8	-8	-8
n00737	F96BE816	F96BE816	F96BE816	0	0	-7	-7	-7	-7
n00738	5F9F7D84	5F9F7D84	5F9F7D84	0	0	2	2	2	2
n00739	E58D1FDE	E58D1FDE	E58D1FDE	0	0	-8	-8	-8	-8
n00740	0A522CDE	0A522CDE	0A522CDE	0	0	1	1	1	1
n00741	9E2A8702	9E2A8702	9E2A8702	0	0	-9	-9	-9	-9
n00742	5FF37C13	5FF37C13	5FF37C13	0	0	3	3	3	3
n00743	3146FB3C	3146FB3C	3146FB3C	0	0	2	2	2	2
n00744	F6164512	F6164512	F6164512	0	0	-7	-7	-7	-7
n00745	63C4AB36	63C4AB36	63C4AB36	0	0	7	7	7	7
n00746	3CEDD046	3CEDD046	3CEDD046	0	0	0	0	0	0
n00747	F4918359	F4918359	F4918359	0	0	-9	-9	-9	-9
n00748	273CCA54	273CCA54	273CCA54	0	0	2	2	2	2
n00749	F2E12AC1	F2E12AC1	F2E12AC1	0	0	-8	-8	-8	-8
n00750	A8D4264D	A8D4264D	A8D4264D	0	0	-2	-2	-2	-2
n00751	DCB5C45E	DCB5C45E	DCB5C45E	0	0	-4	-4	-4	-4
n00752	17DE287F	17DE287F	17DE287F	0	0	1	1	1	1
n00753	ABEEF4B9	ABEEF4B9	ABEEF4B9	0	0	-1	-1	-1	-1
n00754	8B9E3766	8B9E3766	8B9E3766	0	0	-6	-6	-6	-6
n00755	88D7AD01	88D7AD01	88D7AD01	0	0	-1	-1	-1	-1
n00756	A819263D	A819263D	A819263D	0	0	-8	-8	-8	-8
n00757	3211BA1D	3211BA1D	3211BA1D	0	0	8	8	8	8
n00758	1BA85808	1BA85808	1BA85808	0	0	2	2	2	2
n00759	7A2981A0	7A2981A0	7A2981A0	0	0	2	2	2	2
n00760	9FE85273	9FE85273	9FE85273	0	0	-9	-9	-9	-9
n00761	2975EA25	2975EA25	2975EA25	0	0	5	5	5	5
n00762	1F3682A3	1F3682A3	1F3682A3	0	0	3	3	3	3
n00763	1D938936	1D938936	1D938936	0	0	3	3	3	3
n00764	2EF4E923	2EF4E923	2EF4E923	0	0	1	1	1	1
n00765	707826BB	707826BB	707826BB	0	0	3	3	3	3
n00766	F5E75FB8	F5E75FB8	F5E75FB8	0	0	-5	-5	-5	-5
n00767	982ECBD2	982ECBD2	982ECBD2	0	0	-2	-2	-2	-2
n00768	D692B4EB	D692B4EB	D692B4EB	0	0	-8	-8	-8	-8
n00769	E5F90D36	E5F90D36	E5F90D36	0	0	-1	-1	-1	-1
n00770	609AE6F7	609AE6F7	609AE6F7	0	0	8	8	8	8
n00771	C47AE944	C47AE944	C47AE944	0	0	-1003	-1003	-1003	-1003
n00772	73F2E181	73F2E181	73F2E181	0	0	3	3	3	3
n00773	BFB4CD9D	BFB4CD9D	BFB4CD9D	0	0	-1	-1	-1	-1
n00774	87F05512	87F05512	87F05512	0	0	-3	-3	-3	-3
n00775	4DDF8031	4DDF8031	4DDF8031	468715040	468715040	468715040	468715040	468715040	468715040
n00776	93598A90	93598A90	93598A90	0	0	-2	-2	-2	-2
n00777	9148DA52	9148DA52	9148DA52	0	0	-1	-1	-1	-1
n00778	4BB1BC4D	4BB1BC4D	4BB1BC4D	23296154	23296154	23296154	23296154	23296154	23296154
n00779	5388A134	5388A134	5388A134	0	0	1	1	1	1
n00780	BFB8045B	BFB8045B	BFB8045B	0	0	-1	-1	-1	-1
n00781	64E9CF0C	64E9CF0C	64E9CF0C	0	0	3	3	3	3
n00782	468060DD	468060DD	468060DD	0	0	16432	16432	16432	16432
n00783	A69A14EA	A69A14EA	A69A14EA	0	0	-1	-1	-1	-1
n00784	7347F8B2	7347F8B2	7347F8B2	0	0	1	1	1	1
n00785	7931A906	7931A906	7931A906	0	0	5	5	5	5
n00786	E2944CD1	E2944CD1	E2944CD1	0	0	-1	-1	-1	-1
n00787	34C9F59C	34C9F59C	34C9F59C	0	0	3	3	3	3
n00788	9DCB7B8D	9DCB7B8D	9DCB7B8D	0	0	-5	-5	-5	-5
n00789	A9600833	A9600833	A9600833	0	0	-4	-4	-4	-4
n00790	AE1FBC5E	AE1FBC5E	AE1FBC5E	0	0	-3	-3	-3	-3
n00791	1513D4E1	1513D4E1	1513D4E1	0	0	2	2	2	2
n00792	334E176B	334E176B	334E176B	0	0	4	4	4	4
n00793	710C3013	710C3013	710C3013	0	0	6	6	6	6
n00794	1CCF4A36	1CCF4A36	1CCF4A36	0	0	1	1	1	1
n00795	F00261B0	F00261B0	F00261B0	0	0	-1	-1	-1	-1
n00796	D0BE4233	D0BE4233	D0BE4233	0	0	-2	-2	-2	-2
n00797	79303B4C	79303B4C	79303B4C	0	0	5	5	5	5
n00798	5160C693	5160C693	5160C693	0	0	6	6	6	6
n00799	8AC7E3D7	8AC7E3D7	8AC7E3D7	0	0	-1	-1	-1	-1
n00800	AA9C6BEE	AA9C6BEE	AA9C6BEE	0	0	-2	-2	-2	-2
n00801	0A24C5E9	0A24C5E9	0A24C5E9	0	0	7	7	7	7
n00802	4A3B0FD5	4A3B0FD5	4A3B0FD5	0	0	3064821	3064821	3064821	3064821
n00803	9C19D087	9C19D087	9C19D087	0	0	-5	-5	-5	-5
n00804	C8B18D6C	C8B18D6C	C8B18D6C	0	0	-363627	-363627	-363627	-363627
n00805	AE25CAA9	AE25CAA9	AE25CAA9	0	0	-3	-3	-3	-3
n00806	5BE1A5AA	5BE1A5AA	5BE1A5AA	0	0	1	1	1	1
n00807	3681ACC5	3681ACC5	3681ACC5	0	0	3	3	3	3
n00808	DCCBAC21	DCCBAC21	DCCBAC21	0	0	-4	-4	-4	-4
n00809	0038D58D	0038D58D	0038D58D	0	0	5	5	5	5
n00810	F4967F29	F4967F29	F4967F29	0	0	-9	-9	-9	-9
n00811	5A64C2B3	5A64C2B3	5A64C2B3	0	0	1	1	1	1
n00812	46C0C0CC	46C0C0CC	46C0C0CC	0	0	24672	24672	24672	24672
n00813	A6310856	A6310856	A6310856	0	0	-6	-6	-6	-6
n00814	D8A2FEA3	D8A2FEA3	D8A2FEA3	0	0	-1	-1	-1	-1
n00815	DECB69D7	DECB69D7	DECB69D7	0	0	-7	-7	-7	-7
n00816	78D086AF	78D086AF	78D086AF	0	0	3	3	3	3
n00817	FBD908F4	FBD908F4	FBD908F4	0	0	-2	-2	-2	-2
n00818	FEB25015	FEB25015	FEB25015	0	0	-1	-1	-1	-1
n00819	5898CA22	5898CA22	5898CA22	0	0	1	1	1	1
n00820	6DAC61C1	6DAC61C1	6DAC61C1	0	0	6	6	6	6
n00821	495D46F6	495D46F6	495D46F6	0	0	906351	906351	906351	906351
n00822	350DBA72	350DBA72	350DBA72	0	0	5	5	5	5
n00823	8AF4C6C6	8AF4C6C6	8AF4C6C6	0	0	-2	-2	-2	-2
n00824	94BB2376	94BB2376	94BB2376	0	0	-1	-1	-1	-1
n00825	FDE9F2D3	FDE9F2D3	FDE9F2D3	0	0	-3	-3	-3	-3
n00826	D8A5B223	D8A5B223	D8A5B223	0	0	-1	-1	-1	-1
n00827	ED33771E	ED33771E	ED33771E	0	0	-3	-3	-3	-3
n00828	8CB82EA4	8CB82EA4	8CB82EA4	0	0	-2	-2	-2	-2
n00829	24A3D6E1	24A3D6E1	24A3D6E1	0	0	7	7	7	7
n00830	D79C6DB2	D79C6DB2	D79C6DB2	0	0	-3	-3	-3	-3
n00831	DC4AE38C	DC4AE38C	DC4AE38C	0	0	-2	-2	-2	-2
n00832	6FC16956	6FC16956	6FC16956	0	0	1	1	1	1
n00833	BDFC2439	BDFC2439	BDFC2439	0	0	0	0	0	0
n00834	977D53CB	977D53CB	977D53CB	0	0	-8	-8	-8	-8
n00835	02470877	02470877	02470877	0	0	1	1	1	1
n00836	91ABB524	91ABB524	91ABB524	0	0	-2	-2	-2	-2
n00837	FC8EFD0F	FC8EFD0F	FC8EFD0F	0	0	-5	-5	-5	-5
n00838	90DC1675	90DC1675	90DC1675	0	0	-8	-8	-8	-8
n00839	83EF6610	83EF6610	83EF6610	0	0	-1	-1	-1	-1
n00840	2E1F982C	2E1F982C	2E1F982C	0	0	3	3	3	3
n00841	0A691B7A	0A691B7A	0A691B7A	0	0	1	1	1	1
n00842	D9BDEC65	D9BDEC65	D9BDEC65	0	0	-6	-6	-6	-6
n00843	16BDBCB4	16BDBCB4	16BDBCB4	0	0	3	3	3	3
n00844	3AB11172	3AB11172	3AB11172	0	0	0	0	0	0
n00845	F7DFF5F6	F7DFF5F6	F7DFF5F6	0	0	-9	-9	-9	-9
n00846	C3F43A86	C3F43A86	C3F43A86	0	0	-488	-488	-488	-488
n00847	6439FBBA	6439FBBA	6439FBBA	0	0	1	1	1	1
n00848	C7DF2A23	C7DF2A23	C7DF2A23	0	0	-114260	-114260	-114260	-114260
n00849	01EDDAED	01EDDAED	01EDDAED	0	0	8	8	8	8
n00850	4DBEDCAB	4DBEDCAB	4DBEDCAB	400266592	400266592	400266592	400266592	400266592	400266592
n00851	1163686F	1163686F	1163686F	0	0	1	1	1	1
n00852	9C3C632E	9C3C632E	9C3C632E	0	0	-6	-6	-6	-6
n00853	AE5B6199	AE5B6199	AE5B6199	0	0	-4	-4	-4	-4
n00854	F8E64CE5	F8E64CE5	F8E64CE5	0	0	-3	-3	-3	-3
n00855	DB78DB92	DB78DB92	DB78DB92	0	0	-7	-7	-7	-7
n00856	80C58707	80C58707	80C58707	0	0	-1	-1	-1	-1
n00857	3566A710	3566A710	3566A710	0	0	8	8	8	8
n00858	3B442855	3B442855	3B442855	0	0	0	0	0	0
n00859	8CB7538F	8CB7538F	8CB7538F	0	0	-2	-2	-2	-2
n00860	52AE6042	52AE6042	52AE6042	0	0	3	3	3	3
n00861	C27E336B	C27E336B	C27E336B	0	0	-63	-63	-63	-63
n00862	DD386392	DD386392	DD386392	0	0	-8	-8	-8	-8
n00863	533AD76B	533AD76B	533AD76B	0	0	8	8	8	8
n00864	EDFCEDE1	EDFCEDE1	EDFCEDE1	0	0	-9	-9	-9	-9
n00865	BFE49CBF	BFE49CBF	BFE49CBF	0	0	-1	-1	-1	-1
n00866	C085E200	C085E200	C085E200	0	0	-4	-4	-4	-4
n00867	B7FF2755	B7FF2755	B7FF2755	0	0	-3	-3	-3	-3
n00868	0A04F04C	0A04F04C	0A04F04C	0	0	6	6	6	6
n00869	C6C2DBC2	C6C2DBC2	C6C2DBC2	0	0	-24941	-24941	-24941	-24941
n00870	62443B1F	62443B1F	62443B1F	0	0	9	9	9	9
n00871	D43E7B57	D43E7B57	D43E7B57	0	0	-3	-3	-3	-3
n00872	299BA170	299BA170	299BA170	0	0	6	6	6	6
n00873	BC0CB3ED	BC0CB3ED	BC0CB3ED	0	0	0	0	0	0
n00874	23069938	23069938	23069938	0	0	7	7	7	7
n00875	7E08A6A7	7E08A6A7	7E08A6A7	0	0	4	4	4	4
n00876	0F5F1AA0	0F5F1AA0	0F5F1AA0	0	0	1	1	1	1
n00877	EB863AF1	EB863AF1	EB863AF1	0	0	-3	-3	-3	-3
n00878	08693C7A	08693C7A	08693C7A	0	0	7	7	7	7
n00879	BA185F4D	BA185F4D	BA185F4D	0	0	0	0	0	0
n00880	B700AD40	B700AD40	B700AD40	0	0	-7	-7	-7	-7
n00881	1F1491F5	1F1491F5	1F1491F5	0	0	3	3	3	3
n00882	5A132D62	5A132D62	5A132D62	0	0	1	1	1	1
n00883	6AE00D2B	6AE00D2B	6AE00D2B	0	0	1	1	1	1
n00884	10972254	10972254	10972254	0	0	5	5	5	5
n00885	9F78F18F	9F78F18F	9F78F18F	0	0	-5	-5	-5	-5
n00886	78ADF896	78ADF896	78ADF896	0	0	2	2	2	2
n00887	6235FB20	6235FB20	6235FB20	0	0	8	8	8	8
n00888	9B2B486D	9B2B486D	9B2B486D	0	0	-1	-1	-1	-1
n00889	094D0EF4	094D0EF4	094D0EF4	0	0	2	2	2	2
n00890	7B43AAAF	7B43AAAF	7B43AAAF	0	0	1	1	1	1
n00891	ED466221	ED466221	ED466221	0	0	-3	-3	-3	-3
n00892	80D24DBD	80D24DBD	80D24DBD	0	0	-1	-1	-1	-1
n00893	272DA63F	272DA63F	272DA63F	0	0	2	2	2	2
n00894	040707AD	040707AD	040707AD	0	0	1	1	1	1
n00895	3C0151F4	3C0151F4	3C0151F4	0	0	0	0	0	0
n00896	729ED8C0	729ED8C0	729ED8C0	0	0	6	6	6	6
n00897	4CAC177D	4CAC177D	4CAC177D	90225640	90225640	90225640	90225640	90225640	90225640
n00898	56F5C2C1	56F5C2C1	56F5C2C1	0	0	1	1	1	1
n00899	0E51F0AC	0E51F0AC	0E51F0AC	0	0	2	2	2	2
n00900	5F2F8D2D	5F2F8D2D	5F2F8D2D	0	0	1	1	1	1
n00901	F5551E6F	F5551E6F	F5551E6F	0	0	-2	-2	-2	-2
n00902	39385641	39385641	39385641	0	0	0	0	0	0
n00903	978AE2E8	978AE2E8	978AE2E8	0	0	-8	-8	-8	-8
n00904	53F755B9	53F755B9	53F755B9	0	0	2	2	2	2
n00905	88B8CCD9	88B8CCD9	88B8CCD9	0	0	-1	-1	-1	-1
n00906	8275EB23	8275EB23	8275EB23	0	0	-1	-1	-1	-1
n00907	82DBA9D3	82DBA9D3	82DBA9D3	0	0	-3	-3	-3	-3
n00908	45AEF3E9	45AEF3E9	45AEF3E9	0	0	5598	5598	5598	5598
n00909	6D48907E	6D48907E	6D48907E	0	0	3	3	3	3
n00910	DF86233A	DF86233A	DF86233A	0	0	-1	-1	-1	-1
n00911	CEFE3ECE	CEFE3ECE	CEFE3ECE	0	0	-2	-2	-2	-2
n00912	757BB7D8	757BB7D8	757BB7D8	0	0	3	3	3	3
n00913	B41628FE	B41628FE	B41628FE	0	0	-1	-1	-1	-1
n00914	7CD74FAA	7CD74FAA	7CD74FAA	0	0	8	8	8	8
n00915	F50F4C87	F50F4C87	F50F4C87	0	0	-1	-1	-1	-1
n00916	1424455A	1424455A	1424455A	0	0	8	8	8	8
n00917	ACCF74F5	ACCF74F5	ACCF74F5	0	0	-5	-5	-5	-5
n00918	E030CB24	E030CB24	E030CB24	0	0	-5	-5	-5	-5
n00919	DAC4C3FA	DAC4C3FA	DAC4C3FA	0	0	-2	-2	-2	-2
n00920	37BC5D2C	37BC5D2C	37BC5D2C	0	0	2	2	2	2
n00921	DAB16AA1	DAB16AA1	DAB16AA1	0	0	-2	-2	-2	-2
n00922	00000000	00000000	00000000	0	0	0	0	0	0
n00923	A8D40F56	A8D40F56	A8D40F56	0	0	-235	-235	-235	-235
n00924	80000000	80000000	80000000	0	0	0	0	0	0
n00925	D048C54E	D048C54E	D048C54E	0	0	0	0	0	0
n00926	0160EFC3	0160EFC3	0160EFC3	0	0	0	0	0	0
n00927	9368824A	9368824A	9368824A	0	0	0	0	0	0
n00928	00000000	00000000	00000000	0	0	0	0	0	0
n00929	67443BA6	67443BA6	67443BA6	0	0	9266841	9266841	9266841	9266841
n00930	3D9845F3	3D9845F3	3D9845F3	0	0	0	0	0	0
n00931	00000000	00000000	00000000	0	0	6662219	6662219	6662219	6662219
n00932	000016F3	000016F3	000016F3	0	0	8233205	8233205	8233205	8233205
n00933	00000000	00000000	00000000	0	0	0	0	0	0
n00934	00000000	00000000	00000000	0	0	0	0	0	0
n00935	FC35F39B	FC35F39B	FC35F39B	0	0	0	0	0	0
n00936	35859CC3	35859CC3	35859CC3	0	0	0	0	0	0
n00937	00000000	00000000	00000000	0	0	0	0	0	0
n00938	80000000	80000000	80000000	0	0	-99961	-99961	-99961	-99961
n00939	80000000	80000000	80000000	0	0	0	0	0	0
n00940	00000000	00000000	00000000	0	0	0	0	0	0
n00941	80000000	80000000	80000000	0	0	-3	-3	-3	-3
n00942	00000000	00000000	00000000	0	0	513	513	513	513
n00943	80000000	80000000	80000000	0	0	0	0	0	0
n00944	00000000	00000000	00000000	0	0	0	0	0	0
n00945	141831A6	141831A6	141831A6	0	0	7683830	7683830	7683830	7683830
n00946	80000000	80000000	80000000	0	0	0	0	0	0
n00947	30A48294	30A48294	30A48294	0	0	0	0	0	0
n00948	80000000	80000000	80000000	0	0	-57860	-57860	-57860	-57860
n00949	00000000	00000000	00000000	0	0	0	0	0	0
n00950	00000000	00000000	00000000	0	0	986431937	986431937	986431937	986431937
n00951	97675F35	97675F35	97675F35	0	0	0	0	0	0
n00952	000000A4	000000A4	000000A4	0	0	0	0	0	0
n00953	00000000	00000000	00000000	0	0	0	0	0	0
n00954	00000000	00000000	00000000	0	0	0	0	0	0
n00955	80000000	80000000	80000000	0	0	0	0	0	0
n00956	B5438A5A	B5438A5A	B5438A5A	0	0	0	0	0	0
n00957	00000000	00000000	00000000	0	0	1633	1633	1633	1633
n00958	3A4B6182	3A4B6182	3A4B6182	0	0	0	0	0	0
n00959	9E08E505	9E08E505	9E08E505	0	0	0	0	0	0
n00960	00000000	00000000	00000000	0	0	0	0	0	0
n00961	00000000	00000000	00000000	0	0	0	0	0	0
n00962	80000000	80000000	80000000	0	0	0	0	0	0
n00963	0A0C890B	0A0C890B	0A0C890B	0	0	0	0	0	0
n00964	00000000	00000000	00000000	0	0	0	0	0	0
n00965	00000000	00000000	00000000	0	0	0	0	0	0
n00966	00000000	00000000	00000000	0	0	0	0	0	0
n00967	800006A0	800006A0	800006A0	0	0	0	0	0	0
n00968	00000000	00000000	00000000	0	0	3213	3213	3213	3213
n00969	00000000	00000000	00000000	0	0	0	0	0	0
n00970	C0D63465	C0D63465	C0D63465	0	0	0	0	0	0
n00971	00000000	00000000	00000000	0	0	-1	-1	-1	-1
n00972	1FB68AC8	1FB68AC8	1FB68AC8	0	0	0	0	0	0
n00973	80000000	80000000	80000000	0	0	-8144911	-8144911	-8144911	-8144911
n00974	00000000	00000000	00000000	0	0	-10	-10	-10	-10
n00975	249CDF9B	249CDF9B	249CDF9B	0	0	0	0	0	0
n00976	DFE25E3C	DFE25E3C	DFE25E3C	0	0	0	0	0	0
n00977	00000000	00000000	00000000	0	0	0	0	0	0
n00978	00000000	00000000	00000000	0	0	0	0	0	0
n00979	80000000	80000000	80000000	0	0	-1	-1	-1	-1
n00980	C0A09759	C0A09759	C0A09759	0	0	0	0	0	0
n00981	00000000	00000000	00000000	0	0	0	0	0	0
n00982	AB657413	AB657413	AB657413	0	0	0	0	0	0
n00983	7420AC9B	7420AC9B	7420AC9B	0	0	0	0	0	0
n00984	80000000	80000000	80000000	0	0	-5	-5	-5	-5
n00985	320E161F	320E161F	320E161F	0	0	0	0	0	0
n00986	00000000	00000000	00000000	0	0	0	0	0	0
n00987	A9DC5ECD	A9DC5ECD	A9DC5ECD	0	0	0	0	0	0
n00988	00000000	00000000	00000000	0	0	0	0	0	0
n00989	00000000	00000000	00000000	0	0	0	0	0	0
n00990	EDF309CC	EDF309CC	EDF309CC	0	0	0	0	0	0
n00991	00000000	00000000	00000000	0	0	0	0	0	0
n00992	990AF717	990AF717	990AF717	0	0	-71843318	-71843318	-71843318	-71843318
n00993	B791C42B	B791C42B	B791C42B	0	0	-1	-1	-1	-1
n00994	75ECC70C	75ECC70C	75ECC70C	0	0	0	0	0	0
n00995	6335DE0F	6335DE0F	6335DE0F	0	0	3354	3354	3354	3354
n00996	00000000	00000000	00000000	0	0	0	0	0	0
n00997	320FB3E9	320FB3E9	320FB3E9	0	0	836460269	836460269	836460269	836460269
n00998	00000000	00000000	00000000	0	0	5447731	5447731	5447731	5447731
n00999	00000000	00000000	00000000	0	0	0	0	0	0
n01000	2CB445D1	2CB445D1	2CB445D1	0	0	0	0	0	0
n01001	00000000	00000000	00000000	0	0	0	0	0	0
n01002	55F37549	55F37549	55F37549	0	0	3346	3346	3346	3346
n01003	D80CE69C	D80CE69C	D80CE69C	0	0	0	0	0	0
n01004	BA4E4550	BA4E4550	BA4E4550	0	0	0	0	0	0
n01005	00000000	00000000	00000000	0	0	0	0	0	0
n01006	80000000	80000000	80000000	0	0	0	0	0	0
n01007	C4F7F8B3	C4F7F8B3	C4F7F8B3	0	0	0	0	0	0
n01008	00000000	00000000	00000000	0	0	8	8	8	8
n01009	00000000	00000000	00000000	0	0	0	0	0	0
n01010	00000000	00000000	00000000	0	0	9685018	9685018	9685018	9685018
n01011	00000000	00000000	00000000	0	0	0	0	0	0
n01012	0A469850	0A469850	0A469850	0	0	9562	9562	9562	9562
n01013	00000000	00000000	00000000	0	0	6617554	6617554	6617554	6617554
n01014	00000000	00000000	00000000	0	0	0	0	0	0
n01015	0E42076F	0E42076F	0E42076F	0	0	0	0	0	0
n01016	4953A937	4953A937	4953A937	0	0	0	0	0	0
n01017	CD5E850E	CD5E850E	CD5E850E	0	0	0	0	0	0
n01018	00000000	00000000	00000000	0	0	-34094683	-34094683	-34094683	-34094683
n01019	00000000	00000000	00000000	0	0	0	0	0	0
n01020	80000000	80000000	80000000	0	0	0	0	0	0
n01021	00000000	00000000	00000000	0	0	5	5	5	5
n01022	80000000	80000000	80000000	0	0	-2	-2	-2	-2
n01023	00000000	00000000	00000000	0	0	0	0	0	0
n01024	FC9423DD	FC9423DD	FC9423DD	0	0	0	0	0	0
n01025	00000000	00000000	00000000	0	0	0	0	0	0
n01026	00000000	00000000	00000000	0	0	0	0	0	0
n01027	00000000	00000000	00000000	0	0	0	0	0	0
n01028	00000000	00000000	00000000	0	0	0	0	0	0
n01029	00000000	00000000	00000000	0	0	0	0	0	0
n01030	6A6D96C5	6A6D96C5	6A6D96C5	0	0	0	0	0	0
n01031	00000000	00000000	00000000	0	0	0	0	0	0
n01032	194EF7FB	194EF7FB	194EF7FB	0	0	1	1	1	1
n01033	BA695326	BA695326	BA695326	0	0	-890063483	-890063483	-890063483	-890063483
n01034	1AA18E42	1AA18E42	1AA18E42	0	0	668	668	668	668
n01035	00000000	00000000	00000000	0	0	1390	1390	1390	1390
n01036	00000000	00000000	00000000	0	0	0	0	0	0
n01037	00000000	00000000	00000000	0	0	0	0	0	0
n01038	A0A8E7D0	A0A8E7D0	A0A8E7D0	0	0	0	0	0	0
n01039	00000000	00000000	00000000	0	0	0	0	0	0
n01040	A3E5BF35	A3E5BF35	A3E5BF35	0	0	0	0	0	0
n01041	00000000	00000000	00000000	0	0	0	0	0	0
n01042	8D3B1BC7	8D3B1BC7	8D3B1BC7	0	0	0	0	0	0
n01043	80000000	80000000	80000000	0	0	0	0	0	0
n01044	00000000	00000000	00000000	0	0	0	0	0	0
n01045	33F594E9	33F594E9	33F594E9	0	0	0	0	0	0
n01046	00000000	00000000	00000000	0	0	0	0	0	0
n01047	80000000	80000000	80000000	0	0	0	0	0	0
n01048	80000000	80000000	80000000	0	0	0	0	0	0
n01049	0000898A	0000898A	0000898A	0	0	0	0	0	0
n01050	E7280E5A	E7280E5A	E7280E5A	0	0	0	0	0	0
n01051	00000000	00000000	00000000	0	0	0	0	0	0
n01052	00000000	00000000	00000000	0	0	0	0	0	0
n01053	827F0056	827F0056	827F0056	0	0	-1873	-1873	-1873	-1873
n01054	00000000	00000000	00000000	0	0	0	0	0	0
n01055	00000000	00000000	00000000	0	0	0	0	0	0
n01056	00000000	00000000	00000000	0	0	0	0	0	0
n01057	80000000	80000000	80000000	0	0	-46	-46	-46	-46
n01058	00000000	00000000	00000000	0	0	0	0	0	0
n01059	745AB443	745AB443	745AB443	0	0	0	0	0	0
n01060	00000000	00000000	00000000	0	0	0	0	0	0
n01061	80000000	80000000	80000000	0	0	0	0	0	0
n01062	00000000	00000000	00000000	0	0	0	0	0	0
n01063	00000000	00000000	00000000	0	0	0	0	0	0
n01064	00000000	00000000	00000000	0	0	0	0	0	0
n01065	C21DE9CC	C21DE9CC	C21DE9CC	0	0	0	0	0	0
n01066	00000000	00000000	00000000	0	0	0	0	0	0
n01067	38B75E29	38B75E29	38B75E29	0	0	0	0	0	0
n01068	9562D205	9562D205	9562D205	0	0	0	0	0	0
n01069	00000000	00000000	00000000	0	0	35	35	35	35
n01070	00000000	00000000	00000000	0	0	0	0	0	0
n01071	6F0FE5B4	6F0FE5B4	6F0FE5B4	0	0	0	0	0	0
n01072	92458C85	92458C85	92458C85	0	0	0	0	0	0
n01073	00000000	00000000	00000000	0	0	143	143	143	143
n01074	80000000	80000000	80000000	0	0	-11	-11	-11	-11
n01075	00000000	00000000	00000000	0	0	0	0	0	0
n01076	00000000	00000000	00000000	0	0	954	954	954	954
n01077	00000000	00000000	00000000	0	0	0	0	0	0
n01078	00000000	00000000	00000000	0	0	0	0	0	0
n01079	307BCC3D	307BCC3D	307BCC3D	0	0	0	0	0	0
n01080	3113A90E	3113A90E	3113A90E	0	0	0	0	0	0
n01081	410F2548	410F2548	410F2548	0	0	0	0	0	0
n01082	7A42131C	7A42131C	7A42131C	0	0	0	0	0	0
n01083	00000000	00000000	00000000	0	0	27273276	27273276	27273276	27273276
n01084	00000000	00000000	00000000	0	0	7774935	7774935	7774935	7774935
n01085	00000000	00000000	00000000	0	0	0	0	0	0
n01086	00000000	00000000	00000000	0	0	0	0	0	0
n01087	AD0BBC86	AD0BBC86	AD0BBC86	0	0	0	0	0	0
n01088	00000000	00000000	00000000	0	0	0	0	0	0
n01089	00000000	00000000	00000000	0	0	-822	-822	-822	-822
n01090	00000000	00000000	00000000	0	0	0	0	0	0
n01091	00000000	00000000	00000000	0	0	0	0	0	0
n01092	73CE01F3	73CE01F3	73CE01F3	0	0	0	0	0	0
n01093	80000000	80000000	80000000	0	0	0	0	0	0
n01094	B2CB26E6	B2CB26E6	B2CB26E6	0	0	-2365	-2365	-2365	-2365
n01095	80000000	80000000	80000000	0	0	0	0	0	0
n01096	65E80412	65E80412	65E80412	0	0	0	0	0	0
n01097	69622F2C	69622F2C	69622F2C	0	0	0	0	0	0
n01098	00000000	00000000	00000000	0	0	0	0	0	0
n01099	18CDB560	18CDB560	18CDB560	0	0	531743987	531743987	531743987	531743987
n01100	301A0AC9	301A0AC9	301A0AC9	0	0	0	0	0	0
n01101	00000000	00000000	00000000	0	0	9986	9986	9986	9986
n01102	8A3AEC35	8A3AEC35	8A3AEC35	0	0	0	0	0	0
n01103	62B1EEB1	62B1EEB1	62B1EEB1	0	0	16	16	16	16
n01104	36386C73	36386C73	36386C73	0	0	0	0	0	0
n01105	8891A71B	8891A71B	8891A71B	0	0	0	0	0	0
n01106	00000000	00000000	00000000	0	0	0	0	0	0
n01107	423BC4CC	423BC4CC	423BC4CC	0	0	0	0	0	0
n01108	E864241A	E864241A	E864241A	0	0	0	0	0	0
n01109	00000000	00000000	00000000	0	0	-48409	-48409	-48409	-48409
n01110	00000000	00000000	00000000	0	0	464	464	464	464
n01111	00000000	00000000	00000000	0	0	0	0	0	0
n01112	00000000	00000000	00000000	0	0	0	0	0	0
n01113	00000000	00000000	00000000	0	0	0	0	0	0
n01114	00000000	00000000	00000000	0	0	0	0	0	0
n01115	034A2474	034A2474	034A2474	0	0	0	0	0	0
n01116	00000000	00000000	00000000	0	0	5	5	5	5
n01117	E58C1B76	E58C1B76	E58C1B76	0	0	0	0	0	0
n01118	B6A54237	B6A54237	B6A54237	0	0	0	0	0	0
n01119	80000000	80000000	80000000	0	0	-23	-23	-23	-23
n01120	3DBB0B80	3DBB0B80	3DBB0B80	0	0	0	0	0	0
n01121	BA2111D2	BA2111D2	BA2111D2	0	0	0	0	0	0
n01122	00000000	00000000	00000000	0	0	0	0	0	0
n01123	80000000	80000000	80000000	0	0	0	0	0	0
n01124	4D0F37F9	4D0F37F9	4D0F37F9	0	0	0	0	0	0
n01125	00000000	00000000	00000000	0	0	0	0	0	0
n01126	00000000	00000000	00000000	0	0	0	0	0	0
n01127	00000000	00000000	00000000	0	0	-45	-45	-45	-45
n01128	00000000	00000000	00000000	0	0	285085050	285085050	285085050	285085050
n01129	00000000	00000000	00000000	0	0	-7898645	-7898645	-7898645	-7898645
n01130	00000000	00000000	00000000	0	0	0	0	0	0
n01131	00000000	00000000	00000000	0	0	8	8	8	8
n01132	00000000	00000000	00000000	0	0	0	0	0	0
n01133	80000000	80000000	80000000	0	0	0	0	0	0
n01134	00000000	00000000	00000000	0	0	345	345	345	345
n01135	00000000	00000000	00000000	0	0	0	0	0	0
n01136	00000000	00000000	00000000	0	0	-58584323	-58584323	-58584323	-58584323
n01137	80000000	80000000	80000000	0	0	-4	-4	-4	-4
n01138	4F31FABE	4F31FABE	4F31FABE	0	0	2986	2986	2986	2986
n01139	80000000	80000000	80000000	0	0	-339	-339	-339	-339
n01140	80000000	80000000	80000000	0	0	0	0	0	0
n01141	00000000	00000000	00000000	0	0	0	0	0	0
n01142	00000000	00000000	00000000	0	0	0	0	0	0
n01143	00000000	00000000	00000000	0	0	0	0	0	0
n01144	80000000	80000000	80000000	0	0	0	0	0	0
n01145	5D900EAA	5D900EAA	5D900EAA	0	0	0	0	0	0
n01146	C43D64EE	C43D64EE	C43D64EE	0	0	0	0	0	0
n01147	00000000	00000000	00000000	0	0	383622	383622	383622	383622
n01148	80000000	80000000	80000000	0	0	0	0	0	0
n01149	9E6BFBA7	9E6BFBA7	9E6BFBA7	0	0	0	0	0	0
n01150	80000000	80000000	80000000	0	0	-31	-31	-31	-31
n01151	A7D0D2BA	A7D0D2BA	A7D0D2BA	0	0	0	0	0	0
n01152	00000000	00000000	00000000	0	0	0	0	0	0
n01153	00000000	00000000	00000000	0	0	0	0	0	0
n01154	00000000	00000000	00000000	0	0	0	0	0	0
n01155	80000000	80000000	80000000	0	0	-42954510	-42954510	-42954510	-42954510
n01156	00000000	00000000	00000000	0	0	0	0	0	0
n01157	FA246311	FA246311	FA246311	0	0	0	0	0	0
n01158	14702834	14702834	14702834	0	0	0	0	0	0
n01159	00000000	00000000	00000000	0	0	84904	84904	84904	84904
n01160	80000000	80000000	80000000	0	0	0	0	0	0
n01161	80000000	80000000	80000000	0	0	-2	-2	-2	-2
n01162	80000001	80000001	80000001	0	0	0	0	0	0
n01163	4C3FEEB1	4C3FEEB1	4C3FEEB1	0	0	0	0	0	0
n01164	8ECA4F58	8ECA4F58	8ECA4F58	0	0	-4987324	-4987324	-4987324	-4987324
n01165	8564E003	8564E003	8564E003	0	0	-1076165	-1076165	-1076165	-1076165
n01166	5007C66A	5007C66A	5007C66A	0	0	0	0	0	0
n01167	00000000	00000000	00000000	0	0	0	0	0	0
n01168	00000000	00000000	00000000	0	0	0	0	0	0
n01169	00242F89	00242F89	00242F89	0	0	0	0	0	0
n01170	D4F8B639	D4F8B639	D4F8B639	0	0	0	0	0	0
n01171	64BAF222	64BAF222	64BAF222	0	0	0	0	0	0
n01172	00000000	00000000	00000000	0	0	0	0	0	0
n01173	2DD62E28	2DD62E28	2DD62E28	0	0	0	0	0	0
n01174	95276881	95276881	95276881	0	0	0	0	0	0
n01175	A28DA392	A28DA392	A28DA392	0	0	-3839	-3839	-3839	-3839
n01176	80000000	80000000	80000000	0	0	0	0	0	0
n01177	00000000	00000000	00000000	0	0	0	0	0	0
n01178	80000000	80000000	80000000	0	0	0	0	0	0
n01179	BF12DC13	BF12DC13	BF12DC13	0	0	0	0	0	0
n01180	80000000	80000000	80000000	0	0	0	0	0	0
n01181	143EA1F9	143EA1F9	143EA1F9	0	0	0	0	0	0
n01182	00000000	00000000	00000000	0	0	-6	-6	-6	-6
n01183	00000000	00000000	00000000	0	0	0	0	0	0
n01184	00000000	00000000	00000000	0	0	0	0	0	0
n01185	3A94DCE0	3A94DCE0	3A94DCE0	0	0	113573303	113573303	113573303	113573303
n01186	33185FCF	33185FCF	33185FCF	0	0	0	0	0	0
n01187	00000000	00000000	00000000	0	0	0	0	0	0
n01188	00000000	00000000	00000000	0	0	-406410	-406410	-406410	-406410
n01189	8FBFF80D	8FBFF80D	8FBFF80D	0	0	-189295992	-189295992	-189295992	-189295992
n01190	452C6FF3	452C6FF3	452C6FF3	0	0	0	0	0	0
n01191	EFDD4DCB	EFDD4DCB	EFDD4DCB	0	0	0	0	0	0
n01192	00000000	00000000	00000000	0	0	0	0	0	0
n01193	80000000	80000000	80000000	0	0	0	0	0	0
n01194	00000000	00000000	00000000	0	0	0	0	0	0
n01195	1E1CE724	1E1CE724	1E1CE724	0	0	0	0	0	0
n01196	00000000	00000000	00000000	0	0	26820281	26820281	26820281	26820281
n01197	3A2F7B1B	3A2F7B1B	3A2F7B1B	0	0	0	0	0	0
n01198	00000000	00000000	00000000	0	0	0	0	0	0
n01199	00000000	00000000	00000000	0	0	0	0	0	0
n01200	D1029F20	D1029F20	D1029F20	0	0	0	0	0	0
n01201	00000000	00000000	00000000	0	0	0	0	0	0
n01202	304FB8A4	304FB8A4	304FB8A4	0	0	755	755	755	755
n01203	00000000	00000000	00000000	0	0	0	0	0	0
n01204	00000000	00000000	00000000	0	0	0	0	0	0
n01205	00000000	00000000	00000000	0	0	0	0	0	0
n01206	00000000	00000000	00000000	0	0	0	0	0	0
n01207	7F206F13	7F206F13	7F206F13	0	0	0	0	0	0
n01208	00000000	00000000	00000000	0	0	0	0	0	0
n01209	80000000	80000000	80000000	0	0	-296433841	-296433841	-296433841	-296433841
n01210	80000000	80000000	80000000	0	0	0	0	0	0
n01211	00000000	00000000	00000000	0	0	0	0	0	0
n01212	C608D988	C608D988	C608D988	0	0	0	0	0	0
n01213	00000000	00000000	00000000	0	0	123	123	123	123
n01214	00000000	00000000	00000000	0	0	0	0	0	0
n01215	80000000	80000000	80000000	0	0	0	0	0	0
n01216	BDCB1811	BDCB1811	BDCB1811	0	0	-991	-991	-991	-991
n01217	00000000	00000000	00000000	0	0	0	0	0	0
n01218	00000000	00000000	00000000	0	0	-731534836	-731534836	-731534836	-731534836
n01219	FCC5D756	FCC5D756	FCC5D756	0	0	-821	-821	-821	-821
n01220	00000000	00000000	00000000	0	0	0	0	0	0
n01221	00000000	00000000	00000000	0	0	34587	34587	34587	34587
n01222	00000000	00000000	00000000	0	0	-75692	-75692	-75692	-75692
n01223	651F4A6E	651F4A6E	651F4A6E	0	0	0	0	0	0
n01224	9D61EB03	9D61EB03	9D61EB03	0	0	0	0	0	0
n01225	D03AB553	D03AB553	D03AB553	0	0	0	0	0	0
n01226	00000000	00000000	00000000	0	0	0	0	0	0
n01227	00000000	00000000	00000000	0	0	-67	-67	-67	-67
n01228	B71BE248	B71BE248	B71BE248	0	0	-9	-9	-9	-9
n01229	00000000	00000000	00000000	0	0	0	0	0	0
n01230	00000000	00000000	00000000	0	0	0	0	0	0
n01231	D83CC156	D83CC156	D83CC156	0	0	0	0	0	0
n01232	92165D21	92165D21	92165D21	0	0	0	0	0	0
n01233	00000000	00000000	00000000	0	0	0	0	0	0
n01234	80000000	80000000	80000000	0	0	0	0	0	0
n01235	8E69C735	8E69C735	8E69C735	0	0	0	0	0	0
n01236	00000000	00000000	00000000	0	0	0	0	0	0
n01237	00000000	00000000	00000000	0	0	0	0	0	0
n01238	47939410	47939410	47939410	0	0	0	0	0	0
n01239	00000000	00000000	00000000	0	0	-42984771	-42984771	-42984771	-42984771
n01240	00000000	00000000	00000000	0	0	0	0	0	0
n01241	60186EEC	60186EEC	60186EEC	0	0	0	0	0	0
n01242	00000000	00000000	00000000	0	0	0	0	0	0
n01243	00000000	00000000	00000000	0	0	0	0	0	0
n01244	000581AB	000581AB	000581AB	0	0	0	0	0	0
n01245	018AE60C	018AE60C	018AE60C	0	0	0	0	0	0
n01246	00000000	00000000	00000000	0	0	34	34	34	34
n01247	00000000	00000000	00000000	0	0	0	0	0	0
n01248	00000000	00000000	00000000	0	0	61916802	61916802	61916802	61916802
n01249	384533A8	384533A8	384533A8	0	0	0	0	0	0
n01250	00000000	00000000	00000000	0	0	0	0	0	0
n01251	00000000	00000000	00000000	0	0	73	73	73	73
n01252	BF051A69	BF051A69	BF051A69	0	0	0	0	0	0
n01253	00000000	00000000	00000000	0	0	0	0	0	0
n01254	80000000	80000000	80000000	0	0	-31567845	-31567845	-31567845	-31567845
n01255	00000000	00000000	00000000	0	0	972416638	972416638	972416638	972416638
n01256	80000000	80000000	80000000	0	0	-25	-25	-25	-25
n01257	00000000	00000000	00000000	0	0	0	0	0	0
n01258	00000000	00000000	00000000	0	0	747569430	747569430	747569430	747569430
n01259	B2FE266F	B2FE266F	B2FE266F	0	0	0	0	0	0
n01260	00000000	00000000	00000000	0	0	0	0	0	0
n01261	700AE780	700AE780	700AE780	0	0	17	17	17	17
n01262	00000000	00000000	00000000	0	0	0	0	0	0
n01263	00000000	00000000	00000000	0	0	0	0	0	0
n01264	00000000	00000000	00000000	0	0	-4968926	-4968926	-4968926	-4968926
n01265	00000000	00000000	00000000	0	0	0	0	0	0
n01266	00000000	00000000	00000000	0	0	0	0	0	0
n01267	022CFD0F	022CFD0F	022CFD0F	0	0	0	0	0	0
n01268	36CE420B	36CE420B	36CE420B	0	0	0	0	0	0
n01269	6D087F29	6D087F29	6D087F29	0	0	0	0	0	0
n01270	00000000	00000000	00000000	0	0	0	0	0	0
n01271	4704487D	4704487D	4704487D	0	0	0	0	0	0
n01272	3CF4C598	3CF4C598	3CF4C598	0	0	0	0	0	0
n01273	BA03126F	BA03126F	BA03126F	0	0	0	0	0	0
n01274	00000000	00000000	00000000	0	0	-3062975	-3062975	-3062975	-3062975
n01275	00000000	00000000	00000000	0	0	0	0	0	0
n01276	00000000	00000000	00000000	0	0	0	0	0	0
n01277	00000000	00000000	00000000	0	0	0	0	0	0
n01278	48EFA15E	48EFA15E	48EFA15E	0	0	0	0	0	0
n01279	B2173997	B2173997	B2173997	0	0	0	0	0	0
n01280	518C0227	518C0227	518C0227	0	0	75166	75166	75166	75166
n01281	95547375	95547375	95547375	0	0	0	0	0	0
n01282	00000000	00000000	00000000	0	0	0	0	0	0
n01283	00000000	00000000	00000000	0	0	0	0	0	0
n01284	15C89181	15C89181	15C89181	0	0	0	0	0	0
n01285	89AF2204	89AF2204	89AF2204	0	0	-4216170	-4216170	-4216170	-4216170
n01286	A4429144	A4429144	A4429144	0	0	0	0	0	0
n01287	00000000	00000000	00000000	0	0	-954	-954	-954	-954
n01288	00000000	00000000	00000000	0	0	0	0	0	0
n01289	102177D7	102177D7	102177D7	0	0	318	318	318	318
n01290	00000000	00000000	00000000	0	0	0	0	0	0
n01291	00000000	00000000	00000000	0	0	0	0	0	0
n01292	1200FFB1	1200FFB1	1200FFB1	0	0	0	0	0	0
n01293	10A1A958	10A1A958	10A1A958	0	0	0	0	0	0
n01294	00000001	00000001	00000001	0	0	0	0	0	0
n01295	00000000	00000000	00000000	0	0	-51884955	-51884955	-51884955	-51884955
n01296	D9CCA850	D9CCA850	D9CCA850	0	0	0	0	0	0
n01297	32BCE253	32BCE253	32BCE253	0	0	0	0	0	0
n01298	00000000	00000000	00000000	0	0	0	0	0	0
n01299	FA869110	FA869110	FA869110	0	0	-3493	-3493	-3493	-3493
n01300	80000000	80000000	80000000	0	0	-96945782	-96945782	-96945782	-96945782
n01301	00000000	00000000	00000000	0	0	0	0	0	0
n01302	FEC39E54	FEC39E54	FEC39E54	0	0	0	0	0	0
n01303	80000000	80000000	80000000	0	0	-295	-295	-295	-295
n01304	00000000	00000000	00000000	0	0	299	299	299	299
n01305	746C60A4	746C60A4	746C60A4	0	0	749	749	749	749
n01306	80000000	80000000	80000000	0	0	0	0	0	0
n01307	8694F4D9	8694F4D9	8694F4D9	0	0	0	0	0	0
n01308	779A56DA	779A56DA	779A56DA	0	0	0	0	0	0
n01309	00000000	00000000	00000000	0	0	65432	65432	65432	65432
n01310	6C0AD3E8	6C0AD3E8	6C0AD3E8	0	0	0	0	0	0
n01311	5523EF04	5523EF04	5523EF04	0	0	0	0	0	0
n01312	00000000	00000000	00000000	0	0	0	0	0	0
n01313	896112A8	896112A8	896112A8	0	0	0	0	0	0
n01314	00000000	00000000	00000000	0	0	0	0	0	0
n01315	80000000	80000000	80000000	0	0	-989264787	-989264787	-989264787	-989264787
n01316	AD0001CA	AD0001CA	AD0001CA	0	0	0	0	0	0
n01317	DC9A89F2	DC9A89F2	DC9A89F2	0	0	-34	-34	-34	-34
n01318	1C197824	1C197824	1C197824	0	0	0	0	0	0
n01319	00000000	00000000	00000000	0	0	0	0	0	0
n01320	00000000	00000000	00000000	0	0	0	0	0	0
n01321	80000000	80000000	80000000	0	0	0	0	0	0
n01322	00000000	00000000	00000000	0	0	0	0	0	0
n01323	00000000	00000000	00000000	0	0	0	0	0	0
n01324	00000000	00000000	00000000	0	0	0	0	0	0
n01325	80000000	80000000	80000000	0	0	-75686	-75686	-75686	-75686
n01326	00000000	00000000	00000000	0	0	405244	405244	405244	405244
n01327	00000000	00000000	00000000	0	0	0	0	0	0
n01328	80000001	80000001	80000001	0	0	-91115	-91115	-91115	-91115
n01329	80000000	80000000	80000000	0	0	0	0	0	0
n01330	AAE0F18C	AAE0F18C	AAE0F18C	0	0	-3	-3	-3	-3
n01331	A686F915	A686F915	A686F915	0	0	0	0	0	0
n01332	80000000	80000000	80000000	0	0	0	0	0	0
n01333	00000000	00000000	00000000	0	0	0	0	0	0
n01334	000007BB	000007BB	000007BB	0	0	277	277	277	277
n01335	00000000	00000000	00000000	0	0	0	0	0	0
n01336	00000000	00000000	00000000	0	0	0	0	0	0
n01337	C841563E	C841563E	C841563E	0	0	0	0	0	0
n01338	CACFC302	CACFC302	CACFC302	0	0	0	0	0	0
n01339	C727F800	C727F800	C727F800	0	0	0	0	0	0
n01340	00000000	00000000	00000000	0	0	0	0	0	0
n01341	40BFEABD	40BFEABD	40BFEABD	0	0	0	0	0	0
n01342	00000000	00000000	00000000	0	0	0	0	0	0
n01343	00000000	00000000	00000000	0	0	0	0	0	0
n01344	00000000	00000000	00000000	0	0	0	0	0	0
n01345	00000000	00000000	00000000	0	0	0	0	0	0
n01346	80000000	80000000	80000000	0	0	0	0	0	0
n01347	00000000	00000000	00000000	0	0	0	0	0	0
n01348	80000000	80000000	80000000	0	0	0	0	0	0
n01349	00000000	00000000	00000000	0	0	0	0	0	0
n01350	00000000	00000000	00000000	0	0	-7363	-7363	-7363	-7363
n01351	A20BACD2	A20BACD2	A20BACD2	0	0	0	0	0	0
n01352	00000000	00000000	00000000	0	0	0	0	0	0
n01353	4F8F06BF	4F8F06BF	4F8F06BF	0	0	0	0	0	0
n01354	00000000	00000000	00000000	0	0	0	0	0	0
n01355	80000043	80000043	80000043	0	0	-94506271	-94506271	-94506271	-94506271
n01356	00000000	00000000	00000000	0	0	69380951	69380951	69380951	69380951
n01357	5D12C04A	5D12C04A	5D12C04A	0	0	0	0	0	0
n01358	1BB8DEF3	1BB8DEF3	1BB8DEF3	0	0	0	0	0	0
n01359	479BF4E6	479BF4E6	479BF4E6	0	0	0	0	0	0
n01360	00000000	00000000	00000000	0	0	0	0	0	0
n01361	00000000	00000000	00000000	0	0	0	0	0	0
n01362	00000000	00000000	00000000	0	0	9	9	9	9
n01363	00000000	00000000	00000000	0	0	0	0	0	0
n01364	80000000	80000000	80000000	0	0	0	0	0	0
n01365	00000000	00000000	00000000	0	0	0	0	0	0
n01366	81CE74E2	81CE74E2	81CE74E2	0	0	0	0	0	0
n01367	00000000	00000000	00000000	0	0	84069	84069	84069	84069
n01368	80000000	80000000	80000000	0	0	-33	-33	-33	-33
n01369	836478F1	836478F1	836478F1	0	0	-6714201	-6714201	-6714201	-6714201
n01370	00000000	00000000	00000000	0	0	-6	-6	-6	-6
n01371	00000000	00000000	00000000	0	0	0	0	0	0
n01372	D7943FC5	D7943FC5	D7943FC5	0	0	-3260	-3260	-3260	-3260
n01373	00000000	00000000	00000000	0	0	0	0	0	0
n01374	772DB8BA	772DB8BA	772DB8BA	0	0	0	0	0	0
n01375	00000000	00000000	00000000	0	0	0	0	0	0
n01376	00000000	00000000	00000000	0	0	0	0	0	0
n01377	80000000	80000000	80000000	0	0	-877116	-877116	-877116	-877116
n01378	34F4CE56	34F4CE56	34F4CE56	0	0	0	0	0	0
n01379	00000000	00000000	00000000	0	0	0	0	0	0
n01380	4B997EF6	4B997EF6	4B997EF6	0	0	2011	2011	2011	2011
n01381	00000000	00000000	00000000	0	0	2	2	2	2
n01382	D10C8EFE	D10C8EFE	D10C8EFE	0	0	-37	-37	-37	-37
n01383	00000000	00000000	00000000	0	0	0	0	0	0
n01384	00000000	00000000	00000000	0	0	-1915	-1915	-1915	-1915
n01385	00000000	00000000	00000000	0	0	37457	37457	37457	37457
n01386	80000000	80000000	80000000	0	0	-508662358	-508662358	-508662358	-508662358
n01387	00000000	00000000	00000000	0	0	29	29	29	29
n01388	8009D7FC	8009D7FC	8009D7FC	0	0	-90	-90	-90	-90
n01389	00000000	00000000	00000000	0	0	-54358	-54358	-54358	-54358
n01390	82E3DF4C	82E3DF4C	82E3DF4C	0	0	0	0	0	0
n01391	00000000	00000000	00000000	0	0	0	0	0	0
n01392	80000000	80000000	80000000	0	0	0	0	0	0
n01393	00000000	00000000	00000000	0	0	0	0	0	0
n01394	8C0144F5	8C0144F5	8C0144F5	0	0	0	0	0	0
n01395	ECD6B029	ECD6B029	ECD6B029	0	0	0	0	0	0
n01396	00000000	00000000	00000000	0	0	0	0	0	0
n01397	BB853BF3	BB853BF3	BB853BF3	0	0	0	0	0	0
n01398	00000000	00000000	00000000	0	0	0	0	0	0
n01399	00000000	00000000	00000000	0	0	0	0	0	0
n01400	80000000	80000000	80000000	0	0	0	0	0	0
n01401	7B5A83E0	7B5A83E0	7B5A83E0	0	0	0	0	0	0
n01402	00000000	00000000	00000000	0	0	0	0	0	0
n01403	381C0B7E	381C0B7E	381C0B7E	0	0	3720	3720	3720	3720
n01404	80000000	80000000	80000000	0	0	0	0	0	0
n01405	00000000	00000000	00000000	0	0	0	0	0	0
n01406	BE9BD594	BE9BD594	BE9BD594	0	0	0	0	0	0
n01407	00000000	00000000	00000000	0	0	0	0	0	0
n01408	A18EF521	A18EF521	A18EF521	0	0	0	0	0	0
n01409	00000000	00000000	00000000	0	0	0	0	0	0
n01410	80000000	80000000	80000000	0	0	0	0	0	0
n01411	80000000	80000000	80000000	0	0	-977277469	-977277469	-977277469	-977277469
n01412	72B2F58A	72B2F58A	72B2F58A	0	0	0	0	0	0
n01413	2637FE3C	2637FE3C	2637FE3C	0	0	638	638	638	638
n01414	00000000	00000000	00000000	0	0	0	0	0	0
n01415	6A33C048	6A33C048	6A33C048	0	0	54	54	54	54
n01416	7084A627	7084A627	7084A627	0	0	0	0	0	0
n01417	B0845D31	B0845D31	B0845D31	0	0	0	0	0	0
n01418	80000000	80000000	80000000	0	0	-829	-829	-829	-829
n01419	00000000	00000000	00000000	0	0	0	0	0	0
n01420	00000000	00000000	00000000	0	0	0	0	0	0
n01421	16B3BABB	16B3BABB	16B3BABB	0	0	0	0	0	0
n01422	00000000	00000000	00000000	0	0	0	0	0	0
n01423	00000000	00000000	00000000	0	0	0	0	0	0
n01424	00000000	00000000	00000000	0	0	0	0	0	0
n01425	00001782	00001782	00001782	0	0	0	0	0	0
n01426	00000000	00000000	00000000	0	0	0	0	0	0
n01427	80000000	80000000	80000000	0	0	-9433066	-9433066	-9433066	-9433066
n01428	00000000	00000000	00000000	0	0	0	0	0	0
n01429	00000000	00000000	00000000	0	0	192	192	192	192
n01430	80000000	80000000	80000000	0	0	0	0	0	0
n01431	80000000	80000000	80000000	0	0	0	0	0	0
n01432	00000000	00000000	00000000	0	0	0	0	0	0
n01433	00000000	00000000	00000000	0	0	0	0	0	0
n01434	80000000	80000000	80000000	0	0	0	0	0	0
n01435	85270D63	85270D63	85270D63	0	0	-78547	-78547	-78547	-78547
n01436	00000000	00000000	00000000	0	0	0	0	0	0
n01437	45C5F7F4	45C5F7F4	45C5F7F4	0	0	0	0	0	0
n01438	00000000	00000000	00000000	0	0	0	0	0	0
n01439	00000000	00000000	00000000	0	0	0	0	0	0
n01440	743C3CD8	743C3CD8	743C3CD8	0	0	0	0	0	0
n01441	00000000	00000000	00000000	0	0	-477	-477	-477	-477
n01442	3705A337	3705A337	3705A337	0	0	0	0	0	0
n01443	00000000	00000000	00000000	0	0	6	6	6	6
n01444	32BC0987	32BC0987	32BC0987	0	0	0	0	0	0
n01445	80000000	80000000	80000000	0	0	-64183	-64183	-64183	-64183
n01446	80000000	80000000	80000000	0	0	0	0	0	0
n01447	00000000	00000000	00000000	0	0	0	0	0	0
n01448	8FD118A4	8FD118A4	8FD118A4	0	0	0	0	0	0
n01449	00000000	00000000	00000000	0	0	113	113	113	113
n01450	15366ABD	15366ABD	15366ABD	0	0	0	0	0	0
n01451	BA26E78B	BA26E78B	BA26E78B	0	0	-636	-636	-636	-636
n01452	00000000	00000000	00000000	0	0	0	0	0	0
n01453	80000000	80000000	80000000	0	0	0	0	0	0
n01454	00000000	00000000	00000000	0	0	0	0	0	0
n01455	6BBF3F95	6BBF3F95	6BBF3F95	0	0	0	0	0	0
n01456	80000000	80000000	80000000	0	0	0	0	0	0
n01457	7CEF4754	7CEF4754	7CEF4754	0	0	99392	99392	99392	99392
n01458	00000000	00000000	00000000	0	0	0	0	0	0
n01459	00000000	00000000	00000000	0	0	0	0	0	0
n01460	80000000	80000000	80000000	0	0	0	0	0	0
n01461	80000000	80000000	80000000	0	0	0	0	0	0
n01462	80000000	80000000	80000000	0	0	0	0	0	0
n01463	00000000	00000000	00000000	0	0	0	0	0	0
n01464	00000000	00000000	00000000	0	0	0	0	0	0
n01465	09D9986C	09D9986C	09D9986C	0	0	0	0	0	0
n01466	00000000	00000000	00000000	0	0	140	140	140	140
n01467	00000000	00000000	00000000	0	0	0	0	0	0
n01468	887C7754	887C7754	887C7754	0	0	0	0	0	0
n01469	78B4EC62	78B4EC62	78B4EC62	0	0	29356495	29356495	29356495	29356495
n01470	00000000	00000000	00000000	0	0	0	0	0	0
n01471	00000000	00000000	00000000	0	0	0	0	0	0
n01472	EF96A510	EF96A510	EF96A510	0	0	0	0	0	0
n01473	00000000	00000000	00000000	0	0	-359	-359	-359	-359
n01474	00000000	00000000	00000000	0	0	0	0	0	0
n01475	8000000F	8000000F	8000000F	0	0	-215563	-215563	-215563	-215563
n01476	00000000	00000000	00000000	0	0	0	0	0	0
n01477	A54FCA22	A54FCA22	A54FCA22	0	0	0	0	0	0
n01478	00000000	00000000	00000000	0	0	0	0	0	0
n01479	00000000	00000000	00000000	0	0	0	0	0	0
n01480	7633B7A4	7633B7A4	7633B7A4	0	0	91127	91127	91127	91127
n01481	00000000	00000000	00000000	0	0	0	0	0	0
n01482	80000000	80000000	80000000	0	0	0	0	0	0
n01483	80000000	80000000	80000000	0	0	0	0	0	0
n01484	00059BD9	00059BD9	00059BD9	0	0	515085	515085	515085	515085
n01485	00000000	00000000	00000000	0	0	530112	530112	530112	530112
n01486	0000010C	0000010C	0000010C	0	0	0	0	0	0
n01487	00000000	00000000	00000000	0	0	0	0	0	0
n01488	067CFE9D	067CFE9D	067CFE9D	0	0	0	0	0	0
n01489	A6819EAB	A6819EAB	A6819EAB	0	0	-899417991	-899417991	-899417991	-899417991
n01490	00000000	00000000	00000000	0	0	0	0	0	0
n01491	00000000	00000000	00000000	0	0	4939	4939	4939	4939
n01492	94C61206	94C61206	94C61206	0	0	-2	-2	-2	-2
n01493	00000000	00000000	00000000	0	0	0	0	0	0
n01494	7D5EEEA1	7D5EEEA1	7D5EEEA1	0	0	0	0	0	0
n01495	80000000	80000000	80000000	0	0	0	0	0	0
n01496	3A60497D	3A60497D	3A60497D	0	0	85558722	85558722	85558722	85558722
n01497	8C3CB816	8C3CB816	8C3CB816	0	0	0	0	0	0
n01498	BD2535D7	BD2535D7	BD2535D7	0	0	0	0	0	0
n01499	491BD20E	491BD20E	491BD20E	0	0	6382408	6382408	6382408	6382408
n01500	47572245	47572245	47572245	0	0	55074	55074	55074	55074
n01501	00000000	00000000	00000000	0	0	0	0	0	0
n01502	00000000	00000000	00000000	0	0	-84792	-84792	-84792	-84792
n01503	00000000	00000000	00000000	0	0	0	0	0	0
n01504	AA716A2D	AA716A2D	AA716A2D	0	0	0	0	0	0
n01505	F7EB9E66	F7EB9E66	F7EB9E66	0	0	0	0	0	0
n01506	00000000	00000000	00000000	0	0	134475543	134475543	134475543	134475543
n01507	00000000	00000000	00000000	0	0	0	0	0	0
n01508	00000000	00000000	00000000	0	0	0	0	0	0
n01509	54612D90	54612D90	54612D90	0	0	0	0	0	0
n01510	80000000	80000000	80000000	0	0	0	0	0	0
n01511	00000000	00000000	00000000	0	0	174110	174110	174110	174110
n01512	80000000	80000000	80000000	0	0	-5	-5	-5	-5
n01513	00000000	00000000	00000000	0	0	0	0	0	0
n01514	2B618C59	2B618C59	2B618C59	0	0	0	0	0	0
n01515	80000000	80000000	80000000	0	0	0	0	0	0
n01516	80000000	80000000	80000000	0	0	-137	-137	-137	-137
n01517	00000000	00000000	00000000	0	0	-900632608	-900632608	-900632608	-900632608
n01518	5EA8EF72	5EA8EF72	5EA8EF72	0	0	0	0	0	0
n01519	80000000	80000000	80000000	0	0	0	0	0	0
n01520	00000000	00000000	00000000	0	0	0	0	0	0
n01521	974536B8	974536B8	974536B8	0	0	0	0	0	0
n01522	00000000	00000000	00000000	0	0	0	0	0	0
n01523	00000000	00000000	00000000	0	0	0	0	0	0
n01524	F41A3C4C	F41A3C4C	F41A3C4C	0	0	0	0	0	0
n01525	00000000	00000000	00000000	0	0	4321	4321	4321	4321
n01526	00000000	00000000	00000000	0	0	37477	37477	37477	37477
n01527	AED87AB7	AED87AB7	AED87AB7	0	0	-984434	-984434	-984434	-984434
n01528	00000000	00000000	00000000	0	0	0	0	0	0
n01529	80000000	80000000	80000000	0	0	-991679	-991679	-991679	-991679
n01530	6239953C	6239953C	6239953C	0	0	0	0	0	0
n01531	00000000	00000000	00000000	0	0	0	0	0	0
n01532	7F55FEC0	7F55FEC0	7F55FEC0	0	0	0	0	0	0
n01533	BE8C593A	BE8C593A	BE8C593A	0	0	-27411	-27411	-27411	-27411
n01534	00000000	00000000	00000000	0	0	0	0	0	0
n01535	D985072B	D985072B	D985072B	0	0	0	0	0	0
n01536	00000000	00000000	00000000	0	0	0	0	0	0
n01537	B61422BB	B61422BB	B61422BB	0	0	-22073935	-22073935	-22073935	-22073935
n01538	00000000	00000000	00000000	0	0	937787	937787	937787	937787
n01539	00000000	00000000	00000000	0	0	0	0	0	0
n01540	00000000	00000000	00000000	0	0	-6	-6	-6	-6
n01541	80000000	80000000	80000000	0	0	-99059615	-99059615	-99059615	-99059615
n01542	00000000	00000000	00000000	0	0	0	0	0	0
n01543	80000000	80000000	80000000	0	0	-45	-45	-45	-45
n01544	80000000	80000000	80000000	0	0	-488803765	-488803765	-488803765	-488803765
n01545	00000000	00000000	00000000	0	0	1	1	1	1
n01546	00000000	00000000	00000000	0	0	0	0	0	0
n01547	002CD514	002CD514	002CD514	0	0	0	0	0	0
n01548	032CE8C1	032CE8C1	032CE8C1	0	0	0	0	0	0
n01549	2CD567F1	2CD567F1	2CD567F1	0	0	0	0	0	0
n01550	00000000	00000000	00000000	0	0	0	0	0	0
n01551	00000000	00000000	00000000	0	0	7097	7097	7097	7097
n01552	00000000	00000000	00000000	0	0	0	0	0	0
n01553	59C483A4	59C483A4	59C483A4	0	0	0	0	0	0
n01554	00000000	00000000	00000000	0	0	4	4	4	4
n01555	D339CF8E	D339CF8E	D339CF8E	0	0	0	0	0	0
n01556	00000000	00000000	00000000	0	0	0	0	0	0
n01557	80000000	80000000	80000000	0	0	-62	-62	-62	-62
n01558	00000000	00000000	00000000	0	0	0	0	0	0
n01559	00000000	00000000	00000000	0	0	0	0	0	0
n01560	00000000	00000000	00000000	0	0	75587419	75587419	75587419	75587419
n01561	00000000	00000000	00000000	0	0	0	0	0	0
n01562	00000000	00000000	00000000	0	0	0	0	0	0
n01563	B6BDED9E	B6BDED9E	B6BDED9E	0	0	0	0	0	0
n01564	00000000	00000000	00000000	0	0	0	0	0	0
n01565	9AAB8E2A	9AAB8E2A	9AAB8E2A	0	0	-709	-709	-709	-709
n01566	00000000	00000000	00000000	0	0	0	0	0	0
n01567	00000000	00000000	00000000	0	0	259397	259397	259397	259397
n01568	31DC7AB7	31DC7AB7	31DC7AB7	0	0	0	0	0	0
n01569	80000000	80000000	80000000	0	0	-325833975	-325833975	-325833975	-325833975
n01570	9ADD79A7	9ADD79A7	9ADD79A7	0	0	-91	-91	-91	-91
n01571	00000000	00000000	00000000	0	0	0	0	0	0
n01572	B7C2E7B3	B7C2E7B3	B7C2E7B3	0	0	-2323	-2323	-2323	-2323
n01573	6DA1D3C6	6DA1D3C6	6DA1D3C6	0	0	0	0	0	0
n01574	00000000	00000000	00000000	0	0	0	0	0	0
n01575	00000000	00000000	00000000	0	0	3	3	3	3
n01576	80000000	80000000	80000000	0	0	-80404	-80404	-80404	-80404
n01577	00000000	00000000	00000000	0	0	873	873	873	873
n01578	80000000	80000000	80000000	0	0	0	0	0	0
n01579	00000000	00000000	00000000	0	0	0	0	0	0
n01580	00000000	00000000	00000000	0	0	0	0	0	0
n01581	80000039	80000039	80000039	0	0	0	0	0	0
n01582	00000000	00000000	00000000	0	0	0	0	0	0
n01583	C1BFA6D7	C1BFA6D7	C1BFA6D7	0	0	-239564657	-239564657	-239564657	-239564657
n01584	00000000	00000000	00000000	0	0	9836719	9836719	9836719	9836719
n01585	00000000	00000000	00000000	0	0	0	0	0	0
n01586	0F00230E	0F00230E	0F00230E	0	0	6	6	6	6
n01587	00000000	00000000	00000000	0	0	2280091	2280091	2280091	2280091
n01588	00000000	00000000	00000000	0	0	0	0	0	0
n01589	00000000	00000000	00000000	0	0	-4092936	-4092936	-4092936	-4092936
n01590	00000000	00000000	00000000	0	0	0	0	0	0
n01591	00000000	00000000	00000000	0	0	0	0	0	0
n01592	BD465A4C	BD465A4C	BD465A4C	0	0	0	0	0	0
n01593	41A66666	41A66666	41A66666	0	0	2	2	2	2
n01594	002ACCE4	002ACCE4	002ACCE4	0	0	0	0	0	0
n01595	80000000	80000000	80000000	0	0	0	0	0	0
n01596	00000000	00000000	00000000	0	0	0	0	0	0
n01597	D1B0168C	D1B0168C	D1B0168C	0	0	0	0	0	0
n01598	0000F0FC	0000F0FC	0000F0FC	0	0	86449	86449	86449	86449
n01599	80000000	80000000	80000000	0	0	-3	-3	-3	-3
n01600	00000000	00000000	00000000	0	0	7721786	7721786	7721786	7721786
n01601	00000000	00000000	00000000	0	0	0	0	0	0
n01602	00000000	00000000	00000000	0	0	0	0	0	0
n01603	00000000	00000000	00000000	0	0	0	0	0	0
n01604	80000128	80000128	80000128	0	0	-414860281	-414860281	-414860281	-414860281
n01605	80000000	80000000	80000000	0	0	0	0	0	0
n01606	9003663E	9003663E	9003663E	0	0	0	0	0	0
n01607	72D8A086	72D8A086	72D8A086	0	0	858148112	858148112	858148112	858148112
n01608	5428064A	5428064A	5428064A	0	0	0	0	0	0
n01609	00000000	00000000	00000000	0	0	0	0	0	0
n01610	DEAF1967	DEAF1967	DEAF1967	0	0	-6308614	-6308614	-6308614	-6308614
n01611	00000000	00000000	00000000	0	0	0	0	0	0
n01612	00000000	00000000	00000000	0	0	8798	8798	8798	8798
n01613	CE46ADC6	CE46ADC6	CE46ADC6	0	0	0	0	0	0
n01614	80000000	80000000	80000000	0	0	0	0	0	0
n01615	00000000	00000000	00000000	0	0	0	0	0	0
n01616	00000000	00000000	00000000	0	0	0	0	0	0
n01617	80000000	80000000	80000000	0	0	0	0	0	0
n01618	DE0C9F42	DE0C9F42	DE0C9F42	0	0	0	0	0	0
n01619	00000000	00000000	00000000	0	0	0	0	0	0
n01620	63201873	63201873	63201873	0	0	295324	295324	295324	295324
n01621	00000000	00000000	00000000	0	0	0	0	0	0
n01622	69DB0F0A	69DB0F0A	69DB0F0A	0	0	0	0	0	0
n01623	80000000	80000000	80000000	0	0	-4325780	-4325780	-4325780	-4325780
n01624	80000000	80000000	80000000	0	0	0	0	0	0
n01625	80000000	80000000	80000000	0	0	-83665	-83665	-83665	-83665
n01626	CF57D8AF	CF57D8AF	CF57D8AF	0	0	0	0	0	0
n01627	00000000	00000000	00000000	0	0	0	0	0	0
n01628	00000000	00000000	00000000	0	0	-1	-1	-1	-1
n01629	00000000	00000000	00000000	0	0	59507793	59507793	59507793	59507793
n01630	00000000	00000000	00000000	0	0	0	0	0	0
n01631	00000000	00000000	00000000	0	0	0	0	0	0
n01632	00000000	00000000	00000000	0	0	-89038	-89038	-89038	-89038
n01633	00000000	00000000	00000000	0	0	0	0	0	0
n01634	77D0F1CE	77D0F1CE	77D0F1CE	0	0	0	0	0	0
n01635	00000000	00000000	00000000	0	0	0	0	0	0
n01636	80003C0E	80003C0E	80003C0E	0	0	-2154	-2154	-2154	-2154
n01637	00000000	00000000	00000000	0	0	0	0	0	0
n01638	2FAA7D8B	2FAA7D8B	2FAA7D8B	0	0	0	0	0	0
n01639	0CCC88CD	0CCC88CD	0CCC88CD	0	0	31513511	31513511	31513511	31513511
n01640	BCBF38D5	BCBF38D5	BCBF38D5	0	0	0	0	0	0
n01641	00000000	00000000	00000000	0	0	0	0	0	0
n01642	24B5039B	24B5039B	24B5039B	0	0	0	0	0	0
n01643	9648F37B	9648F37B	9648F37B	0	0	0	0	0	0
n01644	00000000	00000000	00000000	0	0	0	0	0	0
n01645	00358CC8	00358CC8	00358CC8	0	0	49177847	49177847	49177847	49177847
n01646	00000000	00000000	00000000	0	0	708	708	708	708
n01647	D4999A7C	D4999A7C	D4999A7C	0	0	-5277774	-5277774	-5277774	-5277774
n01648	00000000	00000000	00000000	0	0	-4724	-4724	-4724	-4724
n01649	00000001	00000001	00000001	0	0	0	0	0	0
n01650	00000000	00000000	00000000	0	0	271	271	271	271
n01651	D63AB69B	D63AB69B	D63AB69B	0	0	-5132336	-5132336	-5132336	-5132336
n01652	80000000	80000000	80000000	0	0	0	0	0	0
n01653	F7C8ED26	F7C8ED26	F7C8ED26	0	0	-815054	-815054	-815054	-815054
n01654	BD4665BF	BD4665BF	BD4665BF	0	0	-4843687	-4843687	-4843687	-4843687
n01655	00000000	00000000	00000000	0	0	7946763	7946763	7946763	7946763
n01656	DE799434	DE799434	DE799434	0	0	0	0	0	0
n01657	00000000	00000000	00000000	0	0	0	0	0	0
n01658	8E58601C	8E58601C	8E58601C	0	0	-26	-26	-26	-26
n01659	00000000	00000000	00000000	0	0	0	0	0	0
n01660	0EA28FAF	0EA28FAF	0EA28FAF	0	0	0	0	0	0
n01661	B17D471D	B17D471D	B17D471D	0	0	-368567	-368567	-368567	-368567
n01662	00000000	00000000	00000000	0	0	0	0	0	0
n01663	00000000	00000000	00000000	0	0	0	0	0	0
n01664	80000000	80000000	80000000	0	0	0	0	0	0
n01665	00000013	00000013	00000013	0	0	0	0	0	0
n01666	00000000	00000000	00000000	0	0	0	0	0	0
n01667	00000000	00000000	00000000	0	0	0	0	0	0
n01668	EC444CE9	EC444CE9	EC444CE9	0	0	0	0	0	0
n01669	AA47B223	AA47B223	AA47B223	0	0	0	0	0	0
n01670	00000000	00000000	00000000	0	0	0	0	0	0
n01671	80000000	80000000	80000000	0	0	0	0	0	0
n01672	55ECB5EC	55ECB5EC	55ECB5EC	0	0	0	0	0	0
n01673	00000000	00000000	00000000	0	0	5	5	5	5
n01674	8000AAD7	8000AAD7	8000AAD7	0	0	-612	-612	-612	-612
n01675	6682DDD9	6682DDD9	6682DDD9	0	0	0	0	0	0
n01676	80000000	80000000	80000000	0	0	-56438	-56438	-56438	-56438
n01677	00000000	00000000	00000000	0	0	0	0	0	0
n01678	00000000	00000000	00000000	0	0	0	0	0	0
n01679	80000000	80000000	80000000	0	0	-747	-747	-747	-747
n01680	8000C2DF	8000C2DF	8000C2DF	0	0	0	0	0	0
n01681	80000000	80000000	80000000	0	0	0	0	0	0
n01682	00000000	00000000	00000000	0	0	0	0	0	0
n01683	00000000	00000000	00000000	0	0	-563	-563	-563	-563
n01684	00000000	00000000	00000000	0	0	0	0	0	0
n01685	00000002	00000002	00000002	0	0	34	34	34	34
n01686	00000000	00000000	00000000	0	0	78298138	78298138	78298138	78298138
n01687	A444069E	A444069E	A444069E	0	0	0	0	0	0
n01688	7AD0A27A	7AD0A27A	7AD0A27A	0	0	0	0	0	0
n01689	00000000	00000000	00000000	0	0	0	0	0	0
n01690	80000000	80000000	80000000	0	0	0	0	0	0
n01691	00000000	00000000	00000000	0	0	0	0	0	0
n01692	00000000	00000000	00000000	0	0	43	43	43	43
n01693	00000000	00000000	00000000	0	0	0	0	0	0
n01694	8B810BF3	8B810BF3	8B810BF3	0	0	0	0	0	0
n01695	352C3D06	352C3D06	352C3D06	0	0	641637938	641637938	641637938	641637938
n01696	00000000	00000000	00000000	0	0	0	0	0	0
n01697	801918C0	801918C0	801918C0	0	0	0	0	0	0
n01698	15934095	15934095	15934095	0	0	0	0	0	0
n01699	00000000	00000000	00000000	0	0	0	0	0	0
n01700	D4F00DEE	D4F00DEE	D4F00DEE	0	0	0	0	0	0
n01701	80000000	80000000	80000000	0	0	0	0	0	0
n01702	DCF2E800	DCF2E800	DCF2E800	0	0	0	0	0	0
n01703	00000000	00000000	00000000	0	0	-82376743	-82376743	-82376743	-82376743
n01704	00000000	00000000	00000000	0	0	0	0	0	0
n01705	00000000	00000000	00000000	0	0	2087093513	2087093513	2087093513	2087093513
n01706	80000000	80000000	80000000	0	0	-430166	-430166	-430166	-430166
n01707	D4E93B40	D4E93B40	D4E93B40	0	0	0	0	0	0
n01708	C26FFEAF	C26FFEAF	C26FFEAF	0	0	0	0	0	0
n01709	00000000	00000000	00000000	0	0	0	0	0	0
n01710	CA444A6C	CA444A6C	CA444A6C	0	0	0	0	0	0
n01711	00000000	00000000	00000000	0	0	0	0	0	0
n01712	16080029	16080029	16080029	0	0	0	0	0	0
n01713	80000000	80000000	80000000	0	0	0	0	0	0
n01714	FC8EAFF7	FC8EAFF7	FC8EAFF7	0	0	-59270012	-59270012	-59270012	-59270012
n01715	EDD5E38A	EDD5E38A	EDD5E38A	0	0	0	0	0	0
n01716	00000000	00000000	00000000	0	0	0	0	0	0
n01717	00000000	00000000	00000000	0	0	0	0	0	0
n01718	00000000	00000000	00000000	0	0	0	0	0	0
n01719	00000000	00000000	00000000	0	0	79245192	79245192	79245192	79245192
n01720	80000000	80000000	80000000	0	0	-20	-20	-20	-20
n01721	27BF5AE1	27BF5AE1	27BF5AE1	0	0	0	0	0	0
n01722	80000000	80000000	80000000	0	0	0	0	0	0
n01723	D69EA054	D69EA054	D69EA054	0	0	-87205724	-87205724	-87205724	-87205724
n01724	2FA90D4B	2FA90D4B	2FA90D4B	0	0	0	0	0	0
n01725	7E38FD70	7E38FD70	7E38FD70	0	0	0	0	0	0
n01726	15AE2C91	15AE2C91	15AE2C91	0	0	70348352	70348352	70348352	70348352
n01727	00000000	00000000	00000000	0	0	0	0	0	0
n01728	00000000	00000000	00000000	0	0	0	0	0	0
n01729	00000000	00000000	00000000	0	0	0	0	0	0
n01730	00000000	00000000	00000000	0	0	-416	-416	-416	-416
n01731	00000000	00000000	00000000	0	0	0	0	0	0
n01732	00000000	00000000	00000000	0	0	0	0	0	0
n01733	00000000	00000000	00000000	0	0	0	0	0	0
n01734	25B72C18	25B72C18	25B72C18	0	0	0	0	0	0
n01735	00000000	00000000	00000000	0	0	0	0	0	0
n01736	80000000	80000000	80000000	0	0	0	0	0	0
n01737	06BC09B4	06BC09B4	06BC09B4	0	0	7	7	7	7
n01738	00000000	00000000	00000000	0	0	0	0	0	0
n01739	00000000	00000000	00000000	0	0	0	0	0	0
n01740	00000000	00000000	00000000	0	0	0	0	0	0
n01741	00000000	00000000	00000000	0	0	3	3	3	3
n01742	887BC6E7	887BC6E7	887BC6E7	0	0	0	0	0	0
n01743	00004931	00004931	00004931	0	0	0	0	0	0
n01744	00000000	00000000	00000000	0	0	0	0	0	0
n01745	84D67646	84D67646	84D67646	0	0	0	0	0	0
n01746	00000000	00000000	00000000	0	0	0	0	0	0
n01747	00000000	00000000	00000000	0	0	0	0	0	0
n01748	00000000	00000000	00000000	0	0	0	0	0	0
n01749	BC164A81	BC164A81	BC164A81	0	0	-91730	-91730	-91730	-91730
n01750	00000000	00000000	00000000	0	0	0	0	0	0
n01751	E57FDD76	E57FDD76	E57FDD76	0	0	0	0	0	0
n01752	00000000	00000000	00000000	0	0	0	0	0	0
n01753	00000000	00000000	00000000	0	0	0	0	0	0
n01754	00000000	00000000	00000000	0	0	0	0	0	0
n01755	00000000	00000000	00000000	0	0	0	0	0	0
n01756	00000000	00000000	00000000	0	0	-4561	-4561	-4561	-4561
n01757	81CECD1F	81CECD1F	81CECD1F	0	0	-759667	-759667	-759667	-759667
n01758	00000000	00000000	00000000	0	0	0	0	0	0
n01759	00000000	00000000	00000000	0	0	0	0	0	0
n01760	8EE2D093	8EE2D093	8EE2D093	0	0	0	0	0	0
n01761	00000000	00000000	00000000	0	0	0	0	0	0
n01762	00000000	00000000	00000000	0	0	365924257	365924257	365924257	365924257
n01763	D57AD0AB	D57AD0AB	D57AD0AB	0	0	-17235	-17235	-17235	-17235
n01764	356A690F	356A690F	356A690F	0	0	0	0	0	0
n01765	803A49F6	803A49F6	803A49F6	0	0	0	0	0	0
n01766	00000000	00000000	00000000	0	0	0	0	0	0
n01767	A0DEE50E	A0DEE50E	A0DEE50E	0	0	0	0	0	0
n01768	00000000	00000000	00000000	0	0	9	9	9	9
n01769	F48A6B7D	F48A6B7D	F48A6B7D	0	0	0	0	0	0
n01770	5D110FA9	5D110FA9	5D110FA9	0	0	0	0	0	0
n01771	00000000	00000000	00000000	0	0	0	0	0	0
n01772	00000000	00000000	00000000	0	0	391592484	391592484	391592484	391592484
n01773	00000000	00000000	00000000	0	0	0	0	0	0
n01774	80000000	80000000	80000000	0	0	-791	-791	-791	-791
n01775	00000000	00000000	00000000	0	0	0	0	0	0
n01776	00000000	00000000	00000000	0	0	0	0	0	0
n01777	00000000	00000000	00000000	0	0	-6	-6	-6	-6
n01778	00000000	00000000	00000000	0	0	0	0	0	0
n01779	00000000	00000000	00000000	0	0	0	0	0	0
n01780	00000000	00000000	00000000	0	0	0	0	0	0
n01781	AD173404	AD173404	AD173404	0	0	-8594	-8594	-8594	-8594
n01782	00000000	00000000	00000000	0	0	-7	-7	-7	-7
n01783	7AA5FCE5	7AA5FCE5	7AA5FCE5	0	0	0	0	0	0
n01784	00000000	00000000	00000000	0	0	-568369	-568369	-568369	-568369
n01785	00000000	00000000	00000000	0	0	0	0	0	0
n01786	00000000	00000000	00000000	0	0	0	0	0	0
n01787	3329D04C	3329D04C	3329D04C	0	0	0	0	0	0
n01788	00000000	00000000	00000000	0	0	0	0	0	0
n01789	60106B4E	60106B4E	60106B4E	0	0	0	0	0	0
n01790	00000000	00000000	00000000	0	0	0	0	0	0
n01791	24B7427C	24B7427C	24B7427C	0	0	794	794	794	794
n01792	00000000	00000000	00000000	0	0	0	0	0	0
n01793	0680E86D	0680E86D	0680E86D	0	0	484	484	484	484
n01794	000A3497	000A3497	000A3497	0	0	93722	93722	93722	93722
n01795	00000000	00000000	00000000	0	0	0	0	0	0
n01796	00000000	00000000	00000000	0	0	7847831	7847831	7847831	7847831
n01797	80000000	80000000	80000000	0	0	-485837	-485837	-485837	-485837
n01798	80000000	80000000	80000000	0	0	0	0	0	0
n01799	E76FE0DD	E76FE0DD	E76FE0DD	0	0	0	0	0	0
n01800	00000000	00000000	00000000	0	0	0	0	0	0
n01801	00000000	00000000	00000000	0	0	0	0	0	0
n01802	00000000	00000000	00000000	0	0	96	96	96	96
n01803	80000000	80000000	80000000	0	0	0	0	0	0
n01804	00000000	00000000	00000000	0	0	0	0	0	0
n01805	00000000	00000000	00000000	0	0	0	0	0	0
n01806	00000000	00000000	00000000	0	0	-65308956	-65308956	-65308956	-65308956
n01807	00000000	00000000	00000000	0	0	0	0	0	0
n01808	00000000	00000000	00000000	0	0	0	0	0	0
n01809	00000000	00000000	00000000	0	0	0	0	0	0
n01810	00000000	00000000	00000000	0	0	0	0	0	0
n01811	00000000	00000000	00000000	0	0	-355935022	-355935022	-355935022	-355935022
n01812	00000000	00000000	00000000	0	0	0	0	0	0
n01813	00000000	00000000	00000000	0	0	27	27	27	27
n01814	7930596F	7930596F	7930596F	0	0	572286	572286	572286	572286
n01815	00000000	00000000	00000000	0	0	214484356	214484356	214484356	214484356
n01816	00000000	00000000	00000000	0	0	-5111949	-5111949	-5111949	-5111949
n01817	B97C5863	B97C5863	B97C5863	0	0	0	0	0	0
n01818	00000000	00000000	00000000	0	0	-56	-56	-56	-56
n01819	00000000	00000000	00000000	0	0	4	4	4	4
n01820	00000000	00000000	00000000	0	0	0	0	0	0
n01821	00000000	00000000	00000000	0	0	0	0	0	0
n01822	80000000	80000000	80000000	0	0	0	0	0	0
n01823	5DF08092	5DF08092	5DF08092	0	0	0	0	0	0
n01824	9BE6EFB8	9BE6EFB8	9BE6EFB8	0	0	0	0	0	0
n01825	00000000	00000000	00000000	0	0	0	0	0	0
n01826	8B238F95	8B238F95	8B238F95	0	0	0	0	0	0
n01827	80000000	80000000	80000000	0	0	0	0	0	0
n01828	0091E74F	0091E74F	0091E74F	0	0	0	0	0	0
n01829	80000000	80000000	80000000	0	0	0	0	0	0
n01830	C554F254	C554F254	C554F254	0	0	0	0	0	0
n01831	CDA3B4D3	CDA3B4D3	CDA3B4D3	0	0	0	0	0	0
n01832	00000000	00000000	00000000	0	0	0	0	0	0
n01833	0EE7BF00	0EE7BF00	0EE7BF00	0	0	0	0	0	0
n01834	96C8A50C	96C8A50C	96C8A50C	0	0	0	0	0	0
n01835	00000000	00000000	00000000	0	0	0	0	0	0
n01836	00000000	00000000	00000000	0	0	0	0	0	0
n01837	80000000	80000000	80000000	0	0	0	0	0	0
n01838	8003C9DB	8003C9DB	8003C9DB	0	0	0	0	0	0
n01839	80000000	80000000	80000000	0	0	0	0	0	0
n01840	00000000	00000000	00000000	0	0	0	0	0	0
n01841	F1897BFF	F1897BFF	F1897BFF	0	0	0	0	0	0
n01842	3BA9DE51	3BA9DE51	3BA9DE51	0	0	0	0	0	0
n01843	00000000	00000000	00000000	0	0	0	0	0	0
n01844	9A1FB938	9A1FB938	9A1FB938	0	0	0	0	0	0
n01845	00000000	00000000	00000000	0	0	0	0	0	0
n01846	331A1950	331A1950	331A1950	0	0	0	0	0	0
n01847	00000000	00000000	00000000	0	0	0	0	0	0
n01848	325C46F3	325C46F3	325C46F3	0	0	0	0	0	0
n01849	00000000	00000000	00000000	0	0	0	0	0	0
n01850	00000000	00000000	00000000	0	0	0	0	0	0
n01851	69A8F500	69A8F500	69A8F500	0	0	0	0	0	0
n01852	00000000	00000000	00000000	0	0	0	0	0	0
n01853	00000000	00000000	00000000	0	0	0	0	0	0
n01854	EE92CD02	EE92CD02	EE92CD02	0	0	0	0	0	0
n01855	00000000	00000000	00000000	0	0	0	0	0	0
n01856	5716AC9E	5716AC9E	5716AC9E	0	0	0	0	0	0
n01857	72C2D2BB	72C2D2BB	72C2D2BB	0	0	0	0	0	0
n01858	92AFF767	92AFF767	92AFF767	0	0	0	0	0	0
n01859	3BA644D5	3BA644D5	3BA644D5	0	0	0	0	0	0
n01860	923790D5	923790D5	923790D5	0	0	0	0	0	0
n01861	E62969C9	E62969C9	E62969C9	0	0	0	0	0	0
n01862	7F0B4537	7F0B4537	7F0B4537	0	0	0	0	0	0
n01863	3D45FB7E	3D45FB7E	3D45FB7E	0	0	0	0	0	0
n01864	8A88279F	8A88279F	8A88279F	0	0	0	0	0	0
n01865	00000000	00000000	00000000	0	0	0	0	0	0
n01866	AE1C3253	AE1C3253	AE1C3253	0	0	0	0	0	0
n01867	00000000	00000000	00000000	0	0	0	0	0	0
n01868	62CAA2DA	62CAA2DA	62CAA2DA	0	0	0	0	0	0
n01869	44E9FCE4	44E9FCE4	44E9FCE4	0	0	0	0	0	0
n01870	80000000	80000000	80000000	0	0	0	0	0	0
n01871	71DD70B5	71DD70B5	71DD70B5	0	0	0	0	0	0
n01872	A374A6F6	A374A6F6	A374A6F6	0	0	0	0	0	0
n01873	00000000	00000000	00000000	0	0	0	0	0	0
n01874	37FDDB0B	37FDDB0B	37FDDB0B	0	0	0	0	0	0
n01875	744F0000	744F0000	744F0000	0	0	0	0	0	0
n01876	00000000	00000000	00000000	0	0	0	0	0	0
n01877	BEF53581	BEF53581	BEF53581	0	0	0	0	0	0
n01878	00000000	00000000	00000000	0	0	0	0	0	0
n01879	80000000	80000000	80000000	0	0	0	0	0	0
n01880	00000000	00000000	00000000	0	0	0	0	0	0
n01881	EFE17DD8	EFE17DD8	EFE17DD8	0	0	0	0	0	0
n01882	44577497	44577497	44577497	0	0	0	0	0	0
n01883	221D8CDD	221D8CDD	221D8CDD	0	0	0	0	0	0
n01884	00000000	00000000	00000000	0	0	0	0	0	0
n01885	00000000	00000000	00000000	0	0	0	0	0	0
n01886	3ADCE000	3ADCE000	3ADCE000	0	0	0	0	0	0
n01887	80000000	80000000	80000000	0	0	0	0	0	0
n01888	80000000	80000000	80000000	0	0	0	0	0	0
n01889	AA3CD911	AA3CD911	AA3CD911	0	0	0	0	0	0
n01890	80000000	80000000	80000000	0	0	0	0	0	0
n01891	00000000	00000000	00000000	0	0	0	0	0	0
n01892	80000001	80000001	80000001	0	0	0	0	0	0
n01893	753F4262	753F4262	753F4262	0	0	0	0	0	0
n01894	73FA4F1E	73FA4F1E	73FA4F1E	0	0	0	0	0	0
n01895	80000000	80000000	80000000	0	0	0	0	0	0
n01896	00000000	00000000	00000000	0	0	0	0	0	0
n01897	0DDB6ECE	0DDB6ECE	0DDB6ECE	0	0	0	0	0	0
n01898	7E880870	7E880870	7E880870	0	0	0	0	0	0
n01899	F339DB62	F339DB62	F339DB62	0	0	0	0	0	0
n01900	74D54497	74D54497	74D54497	0	0	0	0	0	0
n01901	E0FF23C5	E0FF23C5	E0FF23C5	0	0	0	0	0	0
n01902	106A701B	106A701B	106A701B	0	0	0	0	0	0
n01903	00000000	00000000	00000000	0	0	0	0	0	0
n01904	00000000	00000000	00000000	0	0	0	0	0	0
n01905	0638A4E2	0638A4E2	0638A4E2	0	0	0	0	0	0
n01906	4D31F6E2	4D31F6E2	4D31F6E2	0	0	0	0	0	0
n01907	00000000	00000000	00000000	0	0	0	0	0	0
n01908	80000000	80000000	80000000	0	0	0	0	0	0
n01909	80000000	80000000	80000000	0	0	0	0	0	0
n01910	9CC00000	9CC00000	9CC00000	0	0	0	0	0	0
n01911	00000000	00000000	00000000	0	0	0	0	0	0
n01912	800000B8	800000B8	800000B8	0	0	0	0	0	0
n01913	00000000	00000000	00000000	0	0	0	0	0	0
n01914	4809A885	4809A885	4809A885	0	0	0	0	0	0
n01915	454BF59E	454BF59E	454BF59E	0	0	0	0	0	0
n01916	80000000	80000000	80000000	0	0	0	0	0	0
n01917	BD257AA7	BD257AA7	BD257AA7	0	0	0	0	0	0
n01918	00000000	00000000	00000000	0	0	0	0	0	0
n01919	00000000	00000000	00000000	0	0	0	0	0	0
n01920	7CE6807C	7CE6807C	7CE6807C	0	0	0	0	0	0
n01921	A362E921	A362E921	A362E921	0	0	0	0	0	0
n01922	00000001	00000001	00000001	0	0	0	0	0	0
n01923	00000000	00000000	00000000	0	0	0	0	0	0
n01924	06994CD5	06994CD5	06994CD5	0	0	0	0	0	0
n01925	00000408	00000408	00000408	0	0	0	0	0	0
n01926	4D649808	4D649808	4D649808	0	0	0	0	0	0
n01927	80002F85	80002F85	80002F85	0	0	0	0	0	0
n01928	B1F80500	B1F80500	B1F80500	0	0	0	0	0	0
n01929	3294C000	3294C000	3294C000	0	0	0	0	0	0
n01930	00000000	00000000	00000000	0	0	0	0	0	0
n01931	4BE7C000	4BE7C000	4BE7C000	0	0	0	0	0	0
n01932	2C57186E	2C57186E	2C57186E	0	0	0	0	0	0
n01933	A4520B46	A4520B46	A4520B46	0	0	0	0	0	0
n01934	9A2E5000	9A2E5000	9A2E5000	0	0	0	0	0	0
n01935	00000000	00000000	00000000	0	0	0	0	0	0
n01936	6FB9D172	6FB9D172	6FB9D172	0	0	0	0	0	0
n01937	4D2365DC	4D2365DC	4D2365DC	0	0	0	0	0	0
n01938	EDB0E360	EDB0E360	EDB0E360	0	0	0	0	0	0
n01939	80000000	80000000	80000000	0	0	0	0	0	0
n01940	A0643876	A0643876	A0643876	0	0	0	0	0	0
n01941	00000000	00000000	00000000	0	0	0	0	0	0
n01942	00000000	00000000	00000000	0	0	0	0	0	0
n01943	00000000	00000000	00000000	0	0	0	0	0	0
n01944	E1528706	E1528706	E1528706	0	0	0	0	0	0
n01945	0008E717	0008E717	0008E717	0	0	0	0	0	0
n01946	23E2CAFF	23E2CAFF	23E2CAFF	0	0	0	0	0	0
n01947	37A20000	37A20000	37A20000	0	0	0	0	0	0
n01948	80000000	80000000	80000000	0	0	0	0	0	0
n01949	00000000	00000000	00000000	0	0	0	0	0	0
n01950	39C570E1	39C570E1	39C570E1	0	0	0	0	0	0
n01951	80000000	80000000	80000000	0	0	0	0	0	0
n01952	80000000	80000000	80000000	0	0	0	0	0	0
n01953	80000000	80000000	80000000	0	0	0	0	0	0
n01954	DBBB3FCE	DBBB3FCE	DBBB3FCE	0	0	0	0	0	0
n01955	00000000	00000000	00000000	0	0	0	0	0	0
n01956	00000000	00000000	00000000	0	0	0	0	0	0
n01957	18720000	18720000	18720000	0	0	0	0	0	0
n01958	80000000	80000000	80000000	0	0	0	0	0	0
n01959	A7B21000	A7B21000	A7B21000	0	0	0	0	0	0
n01960	D456B7D8	D456B7D8	D456B7D8	0	0	0	0	0	0
n01961	6EAF1CC6	6EAF1CC6	6EAF1CC6	0	0	0	0	0	0
n01962	4C577D46	4C577D46	4C577D46	0	0	0	0	0	0
n01963	6F1CC351	6F1CC351	6F1CC351	0	0	0	0	0	0
n01964	62AC0000	62AC0000	62AC0000	0	0	0	0	0	0
n01965	47100000	47100000	47100000	0	0	0	0	0	0
n01966	92138900	92138900	92138900	0	0	0	0	0	0
n01967	067548E3	067548E3	067548E3	0	0	0	0	0	0
n01968	DE427DDF	DE427DDF	DE427DDF	0	0	0	0	0	0
n01969	D2922A20	D2922A20	D2922A20	0	0	0	0	0	0
n01970	00000000	00000000	00000000	0	0	0	0	0	0
n01971	192C059A	192C059A	192C059A	0	0	0	0	0	0
n01972	00000000	00000000	00000000	0	0	0	0	0	0
n01973	5E43A35A	5E43A35A	5E43A35A	0	0	0	0	0	0
n01974	72610A9F	72610A9F	72610A9F	0	0	0	0	0	0
n01975	9F1605E5	9F1605E5	9F1605E5	0	0	0	0	0	0
n01976	00000000	00000000	00000000	0	0	0	0	0	0
n01977	AA827BA1	AA827BA1	AA827BA1	0	0	0	0	0	0
n01978	80000000	80000000	80000000	0	0	0	0	0	0
n01979	A0F91400	A0F91400	A0F91400	0	0	0	0	0	0
n01980	00000000	00000000	00000000	0	0	0	0	0	0
n01981	ED858840	ED858840	ED858840	0	0	0	0	0	0
n01982	4F054513	4F054513	4F054513	0	0	0	0	0	0
n01983	00000000	00000000	00000000	0	0	0	0	0	0
n01984	00000000	00000000	00000000	0	0	0	0	0	0
n01985	80000000	80000000	80000000	0	0	0	0	0	0
n01986	00000000	00000000	00000000	0	0	0	0	0	0
n01987	00000000	00000000	00000000	0	0	0	0	0	0
n01988	CC64DA1C	CC64DA1C	CC64DA1C	0	0	0	0	0	0
n01989	00000000	00000000	00000000	0	0	0	0	0	0
n01990	3ED5C551	3ED5C551	3ED5C551	0	0	0	0	0	0
n01991	973D5191	973D5191	973D5191	0	0	0	0	0	0
n01992	00000000	00000000	00000000	0	0	0	0	0	0
n01993	C0BF96E9	C0BF96E9	C0BF96E9	0	0	0	0	0	0
n01994	E95B3D95	E95B3D95	E95B3D95	0	0	0	0	0	0
n01995	80000000	80000000	80000000	0	0	0	0	0	0
n01996	8B80870B	8B80870B	8B80870B	0	0	0	0	0	0
n01997	287846B5	287846B5	287846B5	0	0	0	0	0	0
n01998	00000000	00000000	00000000	0	0	0	0	0	0
n01999	00000000	00000000	00000000	0	0	0	0	0	0
n02000	000000F4	000000F4	000000F4	0	0	0	0	0	0
n02001	8A0C278D	8A0C278D	8A0C278D	0	0	0	0	0	0
n02002	80200000	80200000	80200000	0	0	0	0	0	0
n02003	A111D400	A111D400	A111D400	0	0	0	0	0	0
n02004	00000000	00000000	00000000	0	0	0	0	0	0
n02005	11347753	11347753	11347753	0	0	0	0	0	0
n02006	F9800000	F9800000	F9800000	0	0	0	0	0	0
n02007	A79A87BD	A79A87BD	A79A87BD	0	0	0	0	0	0
n02008	80000000	80000000	80000000	0	0	0	0	0	0
n02009	C0083D4D	C0083D4D	C0083D4D	0	0	0	0	0	0
n02010	00000000	00000000	00000000	0	0	0	0	0	0
n02011	00000000	00000000	00000000	0	0	0	0	0	0
n02012	5C608E4B	5C608E4B	5C608E4B	0	0	0	0	0	0
n02013	66B60B24	66B60B24	66B60B24	0	0	0	0	0	0
n02014	00000000	00000000	00000000	0	0	0	0	0	0
n02015	00000000	00000000	00000000	0	0	0	0	0	0
n02016	00000000	00000000	00000000	0	0	0	0	0	0
n02017	062F6941	062F6941	062F6941	0	0	0	0	0	0
n02018	00015F65	00015F65	00015F65	0	0	0	0	0	0
n02019	00000031	00000031	00000031	0	0	0	0	0	0
n02020	C6E20000	C6E20000	C6E20000	0	0	0	0	0	0
n02021	00000000	00000000	00000000	0	0	0	0	0	0
n02022	80000000	80000000	80000000	0	0	0	0	0	0
n02023	DBF7F0D9	DBF7F0D9	DBF7F0D9	0	0	0	0	0	0
n02024	80000000	80000000	80000000	0	0	0	0	0	0
n02025	00000000	00000000	00000000	0	0	0	0	0	0
n02026	0000616B	0000616B	0000616B	0	0	0	0	0	0
n02027	D9976ACF	D9976ACF	D9976ACF	0	0	0	0	0	0
n02028	213BDF80	213BDF80	213BDF80	0	0	0	0	0	0
n02029	C670FFBA	C670FFBA	C670FFBA	0	0	0	0	0	0
n02030	80000000	80000000	80000000	0	0	0	0	0	0
n02031	00000000	00000000	00000000	0	0	0	0	0	0
n02032	368A6A5C	368A6A5C	368A6A5C	0	0	0	0	0	0
n02033	E7928C4B	E7928C4B	E7928C4B	0	0	0	0	0	0
n02034	C34F63B9	C34F63B9	C34F63B9	0	0	0	0	0	0
n02035	7A62E0DE	7A62E0DE	7A62E0DE	0	0	0	0	0	0
n02036	8219D7D3	8219D7D3	8219D7D3	0	0	0	0	0	0
n02037	80000000	80000000	80000000	0	0	0	0	0	0
n02038	F746156C	F746156C	F746156C	0	0	0	0	0	0
n02039	0E30C600	0E30C600	0E30C600	0	0	0	0	0	0
n02040	177F912C	177F912C	177F912C	0	0	0	0	0	0
n02041	00000000	00000000	00000000	0	0	0	0	0	0
n02042	80000000	80000000	80000000	0	0	0	0	0	0
n02043	17ECDA9C	17ECDA9C	17ECDA9C	0	0	0	0	0	0
n02044	360DDE64	360DDE64	360DDE64	0	0	0	0	0	0
n02045	B8205990	B8205990	B8205990	0	0	0	0	0	0
n02046	D1DBFD73	D1DBFD73	D1DBFD73	0	0	0	0	0	0
n02047	00000000	00000000	00000000	0	0	0	0	0	0
n02048	072E3D53	072E3D53	072E3D53	0	0	0	0	0	0
n02049	00000000	00000000	00000000	0	0	0	0	0	0
n02050	B718A0CC	B718A0CC	B718A0CC	0	0	0	0	0	0
n02051	80000000	80000000	80000000	0	0	0	0	0	0
n02052	00000000	00000000	00000000	0	0	0	0	0	0
n02053	DBB608D7	DBB608D7	DBB608D7	0	0	0	0	0	0
n02054	5C0C6700	5C0C6700	5C0C6700	0	0	0	0	0	0
n02055	2E654AA0	2E654AA0	2E654AA0	0	0	0	0	0	0
n02056	39943E74	39943E74	39943E74	0	0	0	0	0	0
n02057	5EFA1EA5	5EFA1EA5	5EFA1EA5	0	0	0	0	0	0
n02058	80000B68	80000B68	80000B68	0	0	0	0	0	0
n02059	A9109A6F	A9109A6F	A9109A6F	0	0	0	0	0	0
n02060	CCA9F1A8	CCA9F1A8	CCA9F1A8	0	0	0	0	0	0
n02061	174E9F2B	174E9F2B	174E9F2B	0	0	0	0	0	0
n02062	23056BDA	23056BDA	23056BDA	0	0	0	0	0	0
n02063	38CD4C9F	38CD4C9F	38CD4C9F	0	0	0	0	0	0
n02064	A60AB344	A60AB344	A60AB344	0	0	0	0	0	0
n02065	4FE00000	4FE00000	4FE00000	0	0	0	0	0	0
n02066	32B8DEE0	32B8DEE0	32B8DEE0	0	0	0	0	0	0
n02067	00000000	00000000	00000000	0	0	0	0	0	0
n02068	46D9435B	46D9435B	46D9435B	0	0	0	0	0	0
n02069	00000000	00000000	00000000	0	0	0	0	0	0
n02070	F8DDB96E	F8DDB96E	F8DDB96E	0	0	0	0	0	0
n02071	80000000	80000000	80000000	0	0	0	0	0	0
n02072	80000000	80000000	80000000	0	0	0	0	0	0
n02073	00000000	00000000	00000000	0	0	0	0	0	0
n02074	0000001B	0000001B	0000001B	0	0	0	0	0	0
n02075	5892DA94	5892DA94	5892DA94	0	0	0	0	0	0
n02076	FE5FF54A	FE5FF54A	FE5FF54A	0	0	0	0	0	0
n02077	78B20323	78B20323	78B20323	0	0	0	0	0	0
n02078	00000000	00000000	00000000	0	0	0	0	0	0
n02079	9DA33939	9DA33939	9DA33939	0	0	0	0	0	0
n02080	00000000	00000000	00000000	0	0	0	0	0	0
n02081	DED50000	DED50000	DED50000	0	0	0	0	0	0
n02082	80000000	80000000	80000000	0	0	0	0	0	0
n02083	C36600BE	C36600BE	C36600BE	0	0	0	0	0	0
n02084	00000000	00000000	00000000	0	0	0	0	0	0
n02085	2A01253A	2A01253A	2A01253A	0	0	0	0	0	0
n02086	8DB49A11	8DB49A11	8DB49A11	0	0	0	0	0	0
n02087	00000000	00000000	00000000	0	0	0	0	0	0
n02088	00000000	00000000	00000000	0	0	0	0	0	0
n02089	06098000	06098000	06098000	0	0	0	0	0	0
n02090	00000000	00000000	00000000	0	0	0	0	0	0
n02091	282A0000	282A0000	282A0000	0	0	0	0	0	0
n02092	00000000	00000000	00000000	0	0	0	0	0	0
n02093	C0440000	C0440000	C0440000	0	0	0	0	0	0
n02094	5E596243	5E596243	5E596243	0	0	0	0	0	0
n02095	00000000	00000000	00000000	0	0	0	0	0	0
n02096	04E48409	04E48409	04E48409	0	0	0	0	0	0
n02097	80000000	80000000	80000000	0	0	0	0	0	0
n02098	BD2988FF	BD2988FF	BD2988FF	0	0	0	0	0	0
n02099	00000000	00000000	00000000	0	0	0	0	0	0
n02100	80000000	80000000	80000000	0	0	0	0	0	0
n02101	00000000	00000000	00000000	0	0	0	0	0	0
n02102	00000003	00000003	00000003	0	0	0	0	0	0
n02103	00000000	00000000	00000000	0	0	0	0	0	0
n02104	DA4B80FD	DA4B80FD	DA4B80FD	0	0	0	0	0	0
n02105	A35D38BB	A35D38BB	A35D38BB	0	0	0	0	0	0
n02106	5CDD2AA4	5CDD2AA4	5CDD2AA4	0	0	0	0	0	0
n02107	00000000	00000000	00000000	0	0	0	0	0	0
n02108	66DDE000	66DDE000	66DDE000	0	0	0	0	0	0
n02109	10D8AF9D	10D8AF9D	10D8AF9D	0	0	0	0	0	0
n02110	00000000	00000000	00000000	0	0	0	0	0	0
n02111	BECD8B63	BECD8B63	BECD8B63	0	0	0	0	0	0
n02112	00000000	00000000	00000000	0	0	0	0	0	0
n02113	00000000	00000000	00000000	0	0	0	0	0	0
n02114	F59B2155	F59B2155	F59B2155	0	0	0	0	0	0
n02115	2D3B0A5F	2D3B0A5F	2D3B0A5F	0	0	0	0	0	0
n02116	00000000	00000000	00000000	0	0	0	0	0	0
n02117	61968237	61968237	61968237	0	0	0	0	0	0
n02118	6E38EB59	6E38EB59	6E38EB59	0	0	0	0	0	0
n02119	87B7259D	87B7259D	87B7259D	0	0	0	0	0	0
n02120	C94AC6CE	C94AC6CE	C94AC6CE	0	0	0	0	0	0
n02121	00000000	00000000	00000000	0	0	0	0	0	0
n02122	00000000	00000000	00000000	0	0	0	0	0	0
n02123	56790000	56790000	56790000	0	0	0	0	0	0
n02124	72AEF3DF	72AEF3DF	72AEF3DF	0	0	0	0	0	0
n02125	80000000	80000000	80000000	0	0	0	0	0	0
n02126	857265E9	857265E9	857265E9	0	0	0	0	0	0
n02127	80192000	80192000	80192000	0	0	0	0	0	0
n02128	36AD1C9E	36AD1C9E	36AD1C9E	0	0	0	0	0	0
n02129	769B49FC	769B49FC	769B49FC	0	0	0	0	0	0
n02130	ADE6FDB1	ADE6FDB1	ADE6FDB1	0	0	0	0	0	0
n02131	A2AF5046	A2AF5046	A2AF5046	0	0	0	0	0	0
n02132	00000000	00000000	00000000	0	0	0	0	0	0
n02133	00000000	00000000	00000000	0	0	0	0	0	0
n02134	00000000	00000000	00000000	0	0	0	0	0	0
n02135	F139F703	F139F703	F139F703	0	0	0	0	0	0
n02136	057E4AF7	057E4AF7	057E4AF7	0	0	0	0	0	0
n02137	2EC233AD	2EC233AD	2EC233AD	0	0	0	0	0	0
n02138	00000000	00000000	00000000	0	0	0	0	0	0
n02139	8000001B	8000001B	8000001B	0	0	0	0	0	0
n02140	2FB9C392	2FB9C392	2FB9C392	0	0	0	0	0	0
n02141	00000000	00000000	00000000	0	0	0	0	0	0
n02142	80000000	80000000	80000000	0	0	0	0	0	0
n02143	E96990A1	E96990A1	E96990A1	0	0	0	0	0	0
n02144	32C8877C	32C8877C	32C8877C	0	0	0	0	0	0
n02145	BE7AF842	BE7AF842	BE7AF842	0	0	0	0	0	0
n02146	D65C0000	D65C0000	D65C0000	0	0	0	0	0	0
n02147	80034E00	80034E00	80034E00	0	0	0	0	0	0
n02148	7F5EC000	7F5EC000	7F5EC000	0	0	0	0	0	0
n02149	80000000	80000000	80000000	0	0	0	0	0	0
n02150	00000000	00000000	00000000	0	0	0	0	0	0
n02151	00000000	00000000	00000000	0	0	0	0	0	0
n02152	22B3C557	22B3C557	22B3C557	0	0	0	0	0	0
n02153	2EEE0CBC	2EEE0CBC	2EEE0CBC	0	0	0	0	0	0
n02154	80000000	80000000	80000000	0	0	0	0	0	0
n02155	00000000	00000000	00000000	0	0	0	0	0	0
n02156	8000007D	8000007D	8000007D	0	0	0	0	0	0
n02157	CA6A4F40	CA6A4F40	CA6A4F40	0	0	0	0	0	0
n02158	EF741448	EF741448	EF741448	0	0	0	0	0	0
n02159	44871A2E	44871A2E	44871A2E	0	0	0	0	0	0
n02160	00000000	00000000	00000000	0	0	0	0	0	0
n02161	E3A21863	E3A21863	E3A21863	0	0	0	0	0	0
n02162	BD78115B	BD78115B	BD78115B	0	0	0	0	0	0
n02163	7C37FC98	7C37FC98	7C37FC98	0	0	0	0	0	0
n02164	3B0469B7	3B0469B7	3B0469B7	0	0	0	0	0	0
n02165	35FBA6AD	35FBA6AD	35FBA6AD	0	0	0	0	0	0
n02166	9836E58D	9836E58D	9836E58D	0	0	0	0	0	0
n02167	DA69409A	DA69409A	DA69409A	0	0	0	0	0	0
n02168	00000000	00000000	00000000	0	0	0	0	0	0
n02169	437D0154	437D0154	437D0154	0	0	0	0	0	0
n02170	832BA800	832BA800	832BA800	0	0	0	0	0	0
n02171	EAC3D841	EAC3D841	EAC3D841	0	0	0	0	0	0
n02172	B32AFE89	B32AFE89	B32AFE89	0	0	0	0	0	0
n02173	00000000	00000000	00000000	0	0	0	0	0	0
n02174	2B14E92C	2B14E92C	2B14E92C	0	0	0	0	0	0
n02175	51633000	51633000	51633000	0	0	0	0	0	0
n02176	71660000	71660000	71660000	0	0	0	0	0	0
n02177	95361E43	95361E43	95361E43	0	0	0	0	0	0
n02178	F840E414	F840E414	F840E414	0	0	0	0	0	0
n02179	80000000	80000000	80000000	0	0	0	0	0	0
n02180	00000000	00000000	00000000	0	0	0	0	0	0
n02181	E3400000	E3400000	E3400000	0	0	0	0	0	0
n02182	C4ADD370	C4ADD370	C4ADD370	0	0	0	0	0	0
n02183	85B0AA7E	85B0AA7E	85B0AA7E	0	0	0	0	0	0
n02184	2327C25B	2327C25B	2327C25B	0	0	0	0	0	0
n02185	1A8F9B1D	1A8F9B1D	1A8F9B1D	0	0	0	0	0	0
n02186	00000000	00000000	00000000	0	0	0	0	0	0
n02187	827C6C00	827C6C00	827C6C00	0	0	0	0	0	0
n02188	00000000	00000000	00000000	0	0	0	0	0	0
n02189	EF30B881	EF30B881	EF30B881	0	0	0	0	0	0
n02190	00000000	00000000	00000000	0	0	0	0	0	0
n02191	00000000	00000000	00000000	0	0	0	0	0	0
n02192	82ADB4B9	82ADB4B9	82ADB4B9	0	0	0	0	0	0
n02193	F83CF110	F83CF110	F83CF110	0	0	0	0	0	0
n02194	2C36C400	2C36C400	2C36C400	0	0	0	0	0	0
n02195	8025EA6C	8025EA6C	8025EA6C	0	0	0	0	0	0
n02196	0AACAA47	0AACAA47	0AACAA47	0	0	0	0	0	0
n02197	6F9075AF	6F9075AF	6F9075AF	0	0	0	0	0	0
n02198	75D2404C	75D2404C	75D2404C	0	0	0	0	0	0
n02199	00000000	00000000	00000000	0	0	0	0	0	0
n02200	00000000	00000000	00000000	0	0	0	0	0	0
n02201	00000000	00000000	00000000	0	0	0	0	0	0
n02202	9CC0577B	9CC0577B	9CC0577B	0	0	0	0	0	0
n02203	7282169C	7282169C	7282169C	0	0	0	0	0	0
n02204	1EFF23B0	1EFF23B0	1EFF23B0	0	0	0	0	0	0
n02205	76048312	76048312	76048312	0	0	0	0	0	0
n02206	8F9D155C	8F9D155C	8F9D155C	0	0	0	0	0	0
n02207	00000000	00000000	00000000	0	0	0	0	0	0
n02208	A35188B5	A35188B5	A35188B5	0	0	0	0	0	0
n02209	C99F05A0	C99F05A0	C99F05A0	0	0	0	0	0	0
n02210	80000000	80000000	80000000	0	0	0	0	0	0
n02211	900F8A1C	900F8A1C	900F8A1C	0	0	0	0	0	0
n02212	00000000	00000000	00000000	0	0	0	0	0	0
n02213	00000000	00000000	00000000	0	0	0	0	0	0
n02214	1E49A006	1E49A006	1E49A006	0	0	0	0	0	0
n02215	80000000	80000000	80000000	0	0	0	0	0	0
n02216	117DC736	117DC736	117DC736	0	0	0	0	0	0
n02217	80000000	80000000	80000000	0	0	0	0	0	0
n02218	82998000	82998000	82998000	0	0	0	0	0	0
n02219	7E2CA8BB	7E2CA8BB	7E2CA8BB	0	0	0	0	0	0
n02220	F662F760	F662F760	F662F760	0	0	0	0	0	0
n02221	4FC7B5D5	4FC7B5D5	4FC7B5D5	0	0	0	0	0	0
n02222	066EBB67	066EBB67	066EBB67	0	0	0	0	0	0
n02223	00000000	00000000	00000000	0	0	0	0	0	0
n02224	224B057A	224B057A	224B057A	0	0	0	0	0	0
n02225	80000000	80000000	80000000	0	0	0	0	0	0
n02226	00000000	00000000	00000000	0	0	0	0	0	0
n02227	AB060774	AB060774	AB060774	0	0	0	0	0	0
n02228	80000000	80000000	80000000	0	0	0	0	0	0
n02229	00000000	00000000	00000000	0	0	0	0	0	0
n02230	80000000	80000000	80000000	0	0	0	0	0	0
n02231	92318A70	92318A70	92318A70	0	0	0	0	0	0
n02232	7433F5F2	7433F5F2	7433F5F2	0	0	0	0	0	0
n02233	4DB22C00	4DB22C00	4DB22C00	0	0	0	0	0	0
n02234	3255F336	3255F336	3255F336	0	0	0	0	0	0
n02235	00000000	00000000	00000000	0	0	0	0	0	0
n02236	00000000	00000000	00000000	0	0	0	0	0	0
n02237	7AEF386B	7AEF386B	7AEF386B	0	0	0	0	0	0
n02238	C4F76482	C4F76482	C4F76482	0	0	0	0	0	0
n02239	8703A85E	8703A85E	8703A85E	0	0	0	0	0	0
n02240	00000000	00000000	00000000	0	0	0	0	0	0
n02241	00000000	00000000	00000000	0	0	0	0	0	0
n02242	24F46200	24F46200	24F46200	0	0	0	0	0	0
n02243	D3A20286	D3A20286	D3A20286	0	0	0	0	0	0
n02244	00000000	00000000	00000000	0	0	0	0	0	0
n02245	DD6FB476	DD6FB476	DD6FB476	0	0	0	0	0	0
n02246	00000000	00000000	00000000	0	0	0	0	0	0
n02247	42025000	42025000	42025000	0	0	0	0	0	0
n02248	00000000	00000000	00000000	0	0	0	0	0	0
n02249	00000000	00000000	00000000	0	0	0	0	0	0
n02250	00000000	00000000	00000000	0	0	0	0	0	0
n02251	05700000	05700000	05700000	0	0	0	0	0	0
n02252	80000000	80000000	80000000	0	0	0	0	0	0
n02253	350D8000	350D8000	350D8000	0	0	0	0	0	0
n02254	E0D4B295	E0D4B295	E0D4B295	0	0	0	0	0	0
n02255	07B30BE9	07B30BE9	07B30BE9	0	0	0	0	0	0
n02256	0002256A	0002256A	0002256A	0	0	0	0	0	0
n02257	00000000	00000000	00000000	0	0	0	0	0	0
n02258	490B4C00	490B4C00	490B4C00	0	0	0	0	0	0
n02259	6CF20C89	6CF20C89	6CF20C89	0	0	0	0	0	0
n02260	5D1DFB40	5D1DFB40	5D1DFB40	0	0	0	0	0	0
n02261	00000000	00000000	00000000	0	0	0	0	0	0
n02262	47A00000	47A00000	47A00000	0	0	0	0	0	0
n02263	FED74000	FED74000	FED74000	0	0	0	0	0	0
n02264	2FC02971	2FC02971	2FC02971	0	0	0	0	0	0
n02265	35839829	35839829	35839829	0	0	0	0	0	0
n02266	6B8206D2	6B8206D2	6B8206D2	0	0	0	0	0	0
n02267	25D9353F	25D9353F	25D9353F	0	0	0	0	0	0
n02268	8B71E1CC	8B71E1CC	8B71E1CC	0	0	0	0	0	0
n02269	915D0F0F	915D0F0F	915D0F0F	0	0	0	0	0	0
n02270	80000000	80000000	80000000	0	0	0	0	0	0
n02271	48C82A17	48C82A17	48C82A17	0	0	0	0	0	0
n02272	00000000	00000000	00000000	0	0	0	0	0	0
n02273	E968D050	E968D050	E968D050	0	0	0	0	0	0
n02274	FD623458	FD623458	FD623458	0	0	0	0	0	0
n02275	1E1CE8D4	1E1CE8D4	1E1CE8D4	0	0	0	0	0	0
n02276	48BF32E3	48BF32E3	48BF32E3	0	0	0	0	0	0
n02277	000B8177	000B8177	000B8177	0	0	0	0	0	0
n02278	80000007	80000007	80000007	0	0	0	0	0	0
n02279	7447C4FA	7447C4FA	7447C4FA	0	0	0	0	0	0
n02280	00000000	00000000	00000000	0	0	0	0	0	0
n02281	8E08DB47	8E08DB47	8E08DB47	0	0	0	0	0	0
n02282	80000000	80000000	80000000	0	0	0	0	0	0
n02283	00000000	00000000	00000000	0	0	0	0	0	0
n02284	14C773C9	14C773C9	14C773C9	0	0	0	0	0	0
n02285	80000000	80000000	80000000	0	0	0	0	0	0
n02286	00000290	00000290	00000290	0	0	0	0	0	0
n02287	00000AE3	00000AE3	00000AE3	0	0	0	0	0	0
n02288	00000000	00000000	00000000	0	0	0	0	0	0
n02289	00000000	00000000	00000000	0	0	0	0	0	0
n02290	80000000	80000000	80000000	0	0	0	0	0	0
n02291	30AACD8C	30AACD8C	30AACD8C	0	0	0	0	0	0
n02292	11E1C870	11E1C870	11E1C870	0	0	0	0	0	0
n02293	05A13F48	05A13F48	05A13F48	0	0	0	0	0	0
n02294	0FFDD57C	0FFDD57C	0FFDD57C	0	0	0	0	0	0
n02295	80000000	80000000	80000000	0	0	0	0	0	0
n02296	00000000	00000000	00000000	0	0	0	0	0	0
n02297	00000000	00000000	00000000	0	0	0	0	0	0
n02298	54081EA9	54081EA9	54081EA9	0	0	0	0	0	0
n02299	69448748	69448748	69448748	0	0	0	0	0	0
n02300	00000000	00000000	00000000	0	0	0	0	0	0
n02301	03B2B814	03B2B814	03B2B814	0	0	0	0	0	0
n02302	9BA176F6	9BA176F6	9BA176F6	0	0	0	0	0	0
n02303	9659FFF8	9659FFF8	9659FFF8	0	0	0	0	0	0
n02304	D6E40B00	D6E40B00	D6E40B00	0	0	0	0	0	0
n02305	8F5F6000	8F5F6000	8F5F6000	0	0	0	0	0	0
n02306	F9900000	F9900000	F9900000	0	0	0	0	0	0
n02307	00000000	00000000	00000000	0	0	0	0	0	0
n02308	00000000	00000000	00000000	0	0	0	0	0	0
n02309	B39D6351	B39D6351	B39D6351	0	0	0	0	0	0
n02310	00000000	00000000	00000000	0	0	0	0	0	0
n02311	80000027	80000027	80000027	0	0	0	0	0	0
n02312	CB6EF100	CB6EF100	CB6EF100	0	0	0	0	0	0
n02313	5665ACA8	5665ACA8	5665ACA8	0	0	0	0	0	0
n02314	80000000	80000000	80000000	0	0	0	0	0	0
n02315	E5000000	E5000000	E5000000	0	0	0	0	0	0
n02316	E8300000	E8300000	E8300000	0	0	0	0	0	0
n02317	9C072816	9C072816	9C072816	0	0	0	0	0	0
n02318	909F2758	909F2758	909F2758	0	0	0	0	0	0
n02319	C5E1B611	C5E1B611	C5E1B611	0	0	0	0	0	0
n02320	00000000	00000000	00000000	0	0	0	0	0	0
n02321	067A2FC8	067A2FC8	067A2FC8	0	0	0	0	0	0
n02322	230AA018	230AA018	230AA018	0	0	0	0	0	0
n02323	76432ADA	76432ADA	76432ADA	0	0	0	0	0	0
n02324	00000000	00000000	00000000	0	0	0	0	0	0
n02325	00000000	00000000	00000000	0	0	0	0	0	0
n02326	00000000	00000000	00000000	0	0	0	0	0	0
n02327	00000000	00000000	00000000	0	0	0	0	0	0
n02328	0C3E22BA	0C3E22BA	0C3E22BA	0	0	0	0	0	0
n02329	E4B1B4FD	E4B1B4FD	E4B1B4FD	0	0	0	0	0	0
n02330	00000000	00000000	00000000	0	0	0	0	0	0
n02331	00000010	00000010	00000010	0	0	0	0	0	0
n02332	00000000	00000000	00000000	0	0	0	0	0	0
n02333	80000000	80000000	80000000	0	0	0	0	0	0
n02334	08788059	08788059	08788059	0	0	0	0	0	0
n02335	80000000	80000000	80000000	0	0	0	0	0	0
n02336	25700000	25700000	25700000	0	0	0	0	0	0
n02337	9F8F03F2	9F8F03F2	9F8F03F2	0	0	0	0	0	0
n02338	17E8C465	17E8C465	17E8C465	0	0	0	0	0	0
n02339	6F300A20	6F300A20	6F300A20	0	0	0	0	0	0
n02340	455E16D4	455E16D4	455E16D4	0	0	0	0	0	0
n02341	CC201DB8	CC201DB8	CC201DB8	0	0	0	0	0	0
n02342	00000000	00000000	00000000	0	0	0	0	0	0
n02343	80000000	80000000	80000000	0	0	0	0	0	0
n02344	00000000	00000000	00000000	0	0	0	0	0	0
n02345	D7ABABE7	D7ABABE7	D7ABABE7	0	0	0	0	0	0
n02346	D5355055	D5355055	D5355055	0	0	0	0	0	0
n02347	00000000	00000000	00000000	0	0	0	0	0	0
n02348	00000000	00000000	00000000	0	0	0	0	0	0
n02349	7B70C254	7B70C254	7B70C254	0	0	0	0	0	0
n02350	62F60601	62F60601	62F60601	0	0	0	0	0	0
n02351	80000000	80000000	80000000	0	0	0	0	0	0
n02352	98128F80	98128F80	98128F80	0	0	0	0	0	0
n02353	00000000	00000000	00000000	0	0	0	0	0	0
n02354	00000000	00000000	00000000	0	0	0	0	0	0
n02355	1B9DE2D7	1B9DE2D7	1B9DE2D7	0	0	0	0	0	0
n02356	5E9567EB	5E9567EB	5E9567EB	0	0	0	0	0	0
n02357	00000000	00000000	00000000	0	0	0	0	0	0
n02358	BF13975D	BF13975D	BF13975D	0	0	0	0	0	0
n02359	80000000	80000000	80000000	0	0	0	0	0	0
n02360	8943AAC7	8943AAC7	8943AAC7	0	0	0	0	0	0
n02361	A0E83FEF	A0E83FEF	A0E83FEF	0	0	0	0	0	0
n02362	5740B724	5740B724	5740B724	0	0	0	0	0	0
n02363	80000000	80000000	80000000	0	0	0	0	0	0
n02364	00000000	00000000	00000000	0	0	0	0	0	0
n02365	8000770B	8000770B	8000770B	0	0	0	0	0	0
n02366	00000000	00000000	00000000	0	0	0	0	0	0
n02367	0016DC7B	0016DC7B	0016DC7B	0	0	0	0	0	0
n02368	80000000	80000000	80000000	0	0	0	0	0	0
n02369	80000010	80000010	80000010	0	0	0	0	0	0
n02370	9575EDB7	9575EDB7	9575EDB7	0	0	0	0	0	0
n02371	8F5BBED1	8F5BBED1	8F5BBED1	0	0	0	0	0	0
n02372	13DB0E00	13DB0E00	13DB0E00	0	0	0	0	0	0
n02373	18B1E36C	18B1E36C	18B1E36C	0	0	0	0	0	0
n02374	D6E10000	D6E10000	D6E10000	0	0	0	0	0	0
n02375	00000842	00000842	00000842	0	0	0	0	0	0
n02376	00000000	00000000	00000000	0	0	0	0	0	0
n02377	73B3FE08	73B3FE08	73B3FE08	0	0	0	0	0	0
n02378	0E2134F9	0E2134F9	0E2134F9	0	0	0	0	0	0
n02379	00000000	00000000	00000000	0	0	0	0	0	0
n02380	11026000	11026000	11026000	0	0	0	0	0	0
n02381	8FC972F7	8FC972F7	8FC972F7	0	0	0	0	0	0
n02382	01FA7211	01FA7211	01FA7211	0	0	0	0	0	0
n02383	F06D25BB	F06D25BB	F06D25BB	0	0	0	0	0	0
n02384	00000000	00000000	00000000	0	0	0	0	0	0
n02385	8039FEB8	8039FEB8	8039FEB8	0	0	0	0	0	0
n02386	00000000	00000000	00000000	0	0	0	0	0	0
n02387	3822A5CC	3822A5CC	3822A5CC	0	0	0	0	0	0
n02388	80000000	80000000	80000000	0	0	0	0	0	0
n02389	FB1C05B1	FB1C05B1	FB1C05B1	0	0	0	0	0	0
n02390	00000000	00000000	00000000	0	0	0	0	0	0
n02391	09C7A7EE	09C7A7EE	09C7A7EE	0	0	0	0	0	0
n02392	BE67A0D4	BE67A0D4	BE67A0D4	0	0	0	0	0	0
n02393	D4CBE45F	D4CBE45F	D4CBE45F	0	0	0	0	0	0
n02394	BA7AF2EB	BA7AF2EB	BA7AF2EB	0	0	0	0	0	0
n02395	80000000	80000000	80000000	0	0	0	0	0	0
n02396	1A0469D9	1A0469D9	1A0469D9	0	0	0	0	0	0
n02397	793D4AEC	793D4AEC	793D4AEC	0	0	0	0	0	0
n02398	A9F78186	A9F78186	A9F78186	0	0	0	0	0	0
n02399	A75CD355	A75CD355	A75CD355	0	0	0	0	0	0
n02400	00000000	00000000	00000000	0	0	0	0	0	0
n02401	FCF568A8	FCF568A8	FCF568A8	0	0	0	0	0	0
n02402	2805F892	2805F892	2805F892	0	0	0	0	0	0
n02403	E28D41D0	E28D41D0	E28D41D0	0	0	0	0	0	0
n02404	80000000	80000000	80000000	0	0	0	0	0	0
n02405	80000000	80000000	80000000	0	0	0	0	0	0
n02406	00000000	00000000	00000000	0	0	0	0	0	0
n02407	124220D2	124220D2	124220D2	0	0	0	0	0	0
n02408	B714D340	B714D340	B714D340	0	0	0	0	0	0
n02409	80000000	80000000	80000000	0	0	0	0	0	0
n02410	5D2E8FCD	5D2E8FCD	5D2E8FCD	0	0	0	0	0	0
n02411	80000000	80000000	80000000	0	0	0	0	0	0
n02412	7E23B755	7E23B755	7E23B755	0	0	0	0	0	0
n02413	00000000	00000000	00000000	0	0	0	0	0	0
n02414	00000000	00000000	00000000	0	0	0	0	0	0
n02415	EE4B7399	EE4B7399	EE4B7399	0	0	0	0	0	0
n02416	969557DC	969557DC	969557DC	0	0	0	0	0	0
n02417	2DA864E6	2DA864E6	2DA864E6	0	0	0	0	0	0
n02418	9E358BFB	9E358BFB	9E358BFB	0	0	0	0	0	0
n02419	80000000	80000000	80000000	0	0	0	0	0	0
n02420	80000000	80000000	80000000	0	0	0	0	0	0
n02421	03005C37	03005C37	03005C37	0	0	0	0	0	0
n02422	DCB68791	DCB68791	DCB68791	0	0	0	0	0	0
n02423	AEB7FD8A	AEB7FD8A	AEB7FD8A	0	0	0	0	0	0
n02424	80000000	80000000	80000000	0	0	0	0	0	0
n02425	80000000	80000000	80000000	0	0	0	0	0	0
n02426	80000000	80000000	80000000	0	0	0	0	0	0
n02427	E7853C0D	E7853C0D	E7853C0D	0	0	0	0	0	0
n02428	80000000	80000000	80000000	0	0	0	0	0	0
n02429	FB3E5095	FB3E5095	FB3E5095	0	0	0	0	0	0
n02430	00000000	00000000	00000000	0	0	0	0	0	0
n02431	5E79E7DC	5E79E7DC	5E79E7DC	0	0	0	0	0	0
n02432	2116FD00	2116FD00	2116FD00	0	0	0	0	0	0
n02433	00000000	00000000	00000000	0	0	0	0	0	0
n02434	00000000	00000000	00000000	0	0	0	0	0	0
n02435	B16DECA7	B16DECA7	B16DECA7	0	0	0	0	0	0
n02436	00000000	00000000	00000000	0	0	0	0	0	0
n02437	80000000	80000000	80000000	0	0	0	0	0	0
n02438	FBDF1360	FBDF1360	FBDF1360	0	0	0	0	0	0
n02439	032E113A	032E113A	032E113A	0	0	0	0	0	0
n02440	7D372A63	7D372A63	7D372A63	0	0	0	0	0	0
n02441	BC7FD3B0	BC7FD3B0	BC7FD3B0	0	0	0	0	0	0
n02442	00000000	00000000	00000000	0	0	0	0	0	0
n02443	D247B1FA	D247B1FA	D247B1FA	0	0	0	0	0	0
n02444	00000000	00000000	00000000	0	0	0	0	0	0
n02445	1AB3D460	1AB3D460	1AB3D460	0	0	0	0	0	0
n02446	421685C4	421685C4	421685C4	0	0	0	0	0	0
n02447	C8A45807	C8A45807	C8A45807	0	0	0	0	0	0
n02448	0112B50D	0112B50D	0112B50D	0	0	0	0	0	0
n02449	5B360579	5B360579	5B360579	0	0	0	0	0	0
n02450	E85DDCDF	E85DDCDF	E85DDCDF	0	0	0	0	0	0
n02451	0205E0EA	0205E0EA	0205E0EA	0	0	0	0	0	0
n02452	00000008	00000008	00000008	0	0	0	0	0	0
n02453	B749A000	B749A000	B749A000	0	0	0	0	0	0
n02454	DEF68E20	DEF68E20	DEF68E20	0	0	0	0	0	0
n02455	25B44800	25B44800	25B44800	0	0	0	0	0	0
n02456	8246D052	8246D052	8246D052	0	0	0	0	0	0
n02457	B8952C15	B8952C15	B8952C15	0	0	0	0	0	0
n02458	D1D08EAF	D1D08EAF	D1D08EAF	0	0	0	0	0	0
n02459	80000000	80000000	80000000	0	0	0	0	0	0
n02460	68DCA354	68DCA354	68DCA354	0	0	0	0	0	0
n02461	80000004	80000004	80000004	0	0	0	0	0	0
n02462	00000000	00000000	00000000	0	0	0	0	0	0
n02463	58A29445	58A29445	58A29445	0	0	0	0	0	0
n02464	7AF99517	7AF99517	7AF99517	0	0	0	0	0	0
n02465	05159C13	05159C13	05159C13	0	0	0	0	0	0
n02466	B4D2B3E5	B4D2B3E5	B4D2B3E5	0	0	0	0	0	0
n02467	EFDF7A9E	EFDF7A9E	EFDF7A9E	0	0	0	0	0	0
n02468	BE766A82	BE766A82	BE766A82	0	0	0	0	0	0
n02469	00000000	00000000	00000000	0	0	0	0	0	0
n02470	EF2C0000	EF2C0000	EF2C0000	0	0	0	0	0	0
n02471	80000000	80000000	80000000	0	0	0	0	0	0
n02472	800026C2	800026C2	800026C2	0	0	0	0	0	0
n02473	5EDC6AE8	5EDC6AE8	5EDC6AE8	0	0	0	0	0	0
n02474	80000000	80000000	80000000	0	0	0	0	0	0
n02475	67526960	67526960	67526960	0	0	0	0	0	0
n02476	00000000	00000000	00000000	0	0	0	0	0	0
n02477	9932FB44	9932FB44	9932FB44	0	0	0	0	0	0
n02478	E93152DF	E93152DF	E93152DF	0	0	0	0	0	0
n02479	00000000	00000000	00000000	0	0	0	0	0	0
n02480	26A96A81	26A96A81	26A96A81	0	0	0	0	0	0
n02481	6F255B24	6F255B24	6F255B24	0	0	0	0	0	0
n02482	78264816	78264816	78264816	0	0	0	0	0	0
n02483	00000000	00000000	00000000	0	0	0	0	0	0
n02484	00000000	00000000	00000000	0	0	0	0	0	0
n02485	E80EB25C	E80EB25C	E80EB25C	0	0	0	0	0	0
n02486	950AD640	950AD640	950AD640	0	0	0	0	0	0
n02487	2F6B09EE	2F6B09EE	2F6B09EE	0	0	0	0	0	0
n02488	00000000	00000000	00000000	0	0	0	0	0	0
n02489	DF88D9D0	DF88D9D0	DF88D9D0	0	0	0	0	0	0
n02490	B0778C00	B0778C00	B0778C00	0	0	0	0	0	0
n02491	CC0375EB	CC0375EB	CC0375EB	0	0	0	0	0	0
n02492	F369F3C3	F369F3C3	F369F3C3	0	0	0	0	0	0
n02493	144AE978	144AE978	144AE978	0	0	0	0	0	0
n02494	DCBFFB80	DCBFFB80	DCBFFB80	0	0	0	0	0	0
n02495	3E65C2D5	3E65C2D5	3E65C2D5	0	0	0	0	0	0
n02496	80000001	80000001	80000001	0	0	0	0	0	0
n02497	31131FD2	31131FD2	31131FD2	0	0	0	0	0	0
n02498	A56400E8	A56400E8	A56400E8	0	0	0	0	0	0
n02499	80000000	80000000	80000000	0	0	0	0	0	0
n02500	18BA30CD	18BA30CD	18BA30CD	0	0	0	0	0	0
n02501	00000000	00000000	00000000	0	0	0	0	0	0
n02502	BB42C487	BB42C487	BB42C487	0	0	0	0	0	0
n02503	AB05AA1E	AB05AA1E	AB05AA1E	0	0	0	0	0	0
n02504	00000000	00000000	00000000	0	0	0	0	0	0
n02505	05554FB8	05554FB8	05554FB8	0	0	0	0	0	0
n02506	490521DE	490521DE	490521DE	0	0	0	0	0	0
n02507	00000000	00000000	00000000	0	0	0	0	0	0
n02508	545BE000	545BE000	545BE000	0	0	0	0	0	0
n02509	10A00000	10A00000	10A00000	0	0	0	0	0	0
n02510	C4E2C915	C4E2C915	C4E2C915	0	0	0	0	0	0
n02511	00000000	00000000	00000000	0	0	0	0	0	0
n02512	3C7BD2B9	3C7BD2B9	3C7BD2B9	0	0	0	0	0	0
n02513	70611819	70611819	70611819	0	0	0	0	0	0
n02514	00000000	00000000	00000000	0	0	0	0	0	0
n02515	80000000	80000000	80000000	0	0	0	0	0	0
n02516	00090FF1	00090FF1	00090FF1	0	0	0	0	0	0
n02517	00000000	00000000	00000000	0	0	0	0	0	0
n02518	00000000	00000000	00000000	0	0	0	0	0	0
n02519	D6796000	D6796000	D6796000	0	0	0	0	0	0
n02520	C50CEECF	C50CEECF	C50CEECF	0	0	0	0	0	0
n02521	BF12EA3F	BF12EA3F	BF12EA3F	0	0	0	0	0	0
n02522	80000000	80000000	80000000	0	0	0	0	0	0
n02523	7A7F3230	7A7F3230	7A7F3230	0	0	0	0	0	0
n02524	00000000	00000000	00000000	0	0	0	0	0	0
n02525	00000000	00000000	00000000	0	0	0	0	0	0
n02526	BAE51800	BAE51800	BAE51800	0	0	0	0	0	0
n02527	80000003	80000003	80000003	0	0	0	0	0	0
n02528	80000000	80000000	80000000	0	0	0	0	0	0
n02529	F555E800	F555E800	F555E800	0	0	0	0	0	0
n02530	03D09E11	03D09E11	03D09E11	0	0	0	0	0	0
n02531	2255070A	2255070A	2255070A	0	0	0	0	0	0
n02532	DB740000	DB740000	DB740000	0	0	0	0	0	0
n02533	848E668F	848E668F	848E668F	0	0	0	0	0	0
n02534	C84CB120	C84CB120	C84CB120	0	0	0	0	0	0
n02535	FB4D7DF7	FB4D7DF7	FB4D7DF7	0	0	0	0	0	0
n02536	00000000	00000000	00000000	0	0	0	0	0	0
n02537	00000012	00000012	00000012	0	0	0	0	0	0
n02538	12C8F23F	12C8F23F	12C8F23F	0	0	0	0	0	0
n02539	B63CE5A5	B63CE5A5	B63CE5A5	0	0	0	0	0	0
n02540	00000000	00000000	00000000	0	0	0	0	0	0
n02541	8D79BB84	8D79BB84	8D79BB84	0	0	0	0	0	0
n02542	00000000	00000000	00000000	0	0	0	0	0	0
n02543	D1FD4965	D1FD4965	D1FD4965	0	0	0	0	0	0
n02544	1D3900BD	1D3900BD	1D3900BD	0	0	0	0	0	0
n02545	00000000	00000000	00000000	0	0	0	0	0	0
n02546	80000000	80000000	80000000	0	0	0	0	0	0
n02547	DD350000	DD350000	DD350000	0	0	0	0	0	0
n02548	80000000	80000000	80000000	0	0	0	0	0	0
n02549	00000004	00000004	00000004	0	0	0	0	0	0
n02550	4FECF93F	4FECF93F	4FECF93F	0	0	0	0	0	0
n02551	43D2CFE3	43D2CFE3	43D2CFE3	0	0	0	0	0	0
n02552	6327551E	6327551E	6327551E	0	0	0	0	0	0
n02553	80000000	80000000	80000000	0	0	0	0	0	0
n02554	00000000	00000000	00000000	0	0	0	0	0	0
n02555	80000000	80000000	80000000	0	0	0	0	0	0
n02556	00000000	00000000	00000000	0	0	0	0	0	0
n02557	B4D6C06F	B4D6C06F	B4D6C06F	0	0	0	0	0	0
n02558	C7EE6A73	C7EE6A73	C7EE6A73	0	0	0	0	0	0
n02559	498C45E5	498C45E5	498C45E5	0	0	0	0	0	0
n02560	82903034	82903034	82903034	0	0	0	0	0	0
n02561	00000000	00000000	00000000	0	0	0	0	0	0
n02562	2FC1B280	2FC1B280	2FC1B280	0	0	0	0	0	0
n02563	CFC95F19	CFC95F19	CFC95F19	0	0	0	0	0	0
n02564	5D17EBEC	5D17EBEC	5D17EBEC	0	0	0	0	0	0
n02565	00000000	00000000	00000000	0	0	0	0	0	0
n02566	A7600000	A7600000	A7600000	0	0	0	0	0	0
n02567	00000000	00000000	00000000	0	0	0	0	0	0
n02568	070A7A00	070A7A00	070A7A00	0	0	0	0	0	0
n02569	00000000	00000000	00000000	0	0	0	0	0	0
n02570	3A9E313E	3A9E313E	3A9E313E	0	0	0	0	0	0
n02571	00000000	00000000	00000000	0	0	0	0	0	0
n02572	80000000	80000000	80000000	0	0	0	0	0	0
n02573	00000000	00000000	00000000	0	0	0	0	0	0
n02574	00000000	00000000	00000000	0	0	0	0	0	0
n02575	37C40594	37C40594	37C40594	0	0	0	0	0	0
n02576	00000000	00000000	00000000	0	0	0	0	0	0
n02577	5F9FAE60	5F9FAE60	5F9FAE60	0	0	0	0	0	0
n02578	0FDC2C80	0FDC2C80	0FDC2C80	0	0	0	0	0	0
n02579	96204BE0	96204BE0	96204BE0	0	0	0	0	0	0
n02580	80004DDD	80004DDD	80004DDD	0	0	0	0	0	0
n02581	00000000	00000000	00000000	0	0	0	0	0	0
n02582	00000000	00000000	00000000	0	0	0	0	0	0
n02583	3004237C	3004237C	3004237C	0	0	0	0	0	0
n02584	00000000	00000000	00000000	0	0	0	0	0	0
n02585	DCD31EB8	DCD31EB8	DCD31EB8	0	0	0	0	0	0
n02586	80000000	80000000	80000000	0	0	0	0	0	0
n02587	E734F85B	E734F85B	E734F85B	0	0	0	0	0	0
n02588	80000000	80000000	80000000	0	0	0	0	0	0
n02589	DD7638C0	DD7638C0	DD7638C0	0	0	0	0	0	0
n02590	63D9E746	63D9E746	63D9E746	0	0	0	0	0	0
n02591	2B163EE5	2B163EE5	2B163EE5	0	0	0	0	0	0
n02592	800F1734	800F1734	800F1734	0	0	0	0	0	0
n02593	00000000	00000000	00000000	0	0	0	0	0	0
n02594	86909362	86909362	86909362	0	0	0	0	0	0
n02595	00000000	00000000	00000000	0	0	0	0	0	0
n02596	80000005	80000005	80000005	0	0	0	0	0	0
n02597	D9AFCBE8	D9AFCBE8	D9AFCBE8	0	0	0	0	0	0
n02598	8013B7D9	8013B7D9	8013B7D9	0	0	0	0	0	0
n02599	00000000	00000000	00000000	0	0	0	0	0	0
n02600	7EC00000	7EC00000	7EC00000	0	0	0	0	0	0
n02601	94800000	94800000	94800000	0	0	0	0	0	0
n02602	00000000	00000000	00000000	0	0	0	0	0	0
n02603	00000000	00000000	00000000	0	0	0	0	0	0
n02604	FBDDD084	FBDDD084	FBDDD084	0	0	0	0	0	0
n02605	DEC5E199	DEC5E199	DEC5E199	0	0	0	0	0	0
n02606	80000000	80000000	80000000	0	0	0	0	0	0
n02607	00000000	00000000	00000000	0	0	0	0	0	0
n02608	F3EC0F53	F3EC0F53	F3EC0F53	0	0	0	0	0	0
n02609	AE116F44	AE116F44	AE116F44	0	0	0	0	0	0
n02610	00000000	00000000	00000000	0	0	0	0	0	0
n02611	BB3928FD	BB3928FD	BB3928FD	0	0	0	0	0	0
n02612	00000000	00000000	00000000	0	0	0	0	0	0
n02613	80000000	80000000	80000000	0	0	0	0	0	0
n02614	5E0ECE6A	5E0ECE6A	5E0ECE6A	0	0	0	0	0	0
n02615	B0E58C36	B0E58C36	B0E58C36	0	0	0	0	0	0
n02616	E4C97B94	E4C97B94	E4C97B94	0	0	0	0	0	0
n02617	AE12C256	AE12C256	AE12C256	0	0	0	0	0	0
n02618	00000000	00000000	00000000	0	0	0	0	0	0
n02619	80000000	80000000	80000000	0	0	0	0	0	0
n02620	00000000	00000000	00000000	0	0	0	0	0	0
n02621	81F80000	81F80000	81F80000	0	0	0	0	0	0
n02622	C9C79145	C9C79145	C9C79145	0	0	0	0	0	0
n02623	00000000	00000000	00000000	0	0	0	0	0	0
n02624	ABDD4DEA	ABDD4DEA	ABDD4DEA	0	0	0	0	0	0
n02625	00000A4A	00000A4A	00000A4A	0	0	0	0	0	0
n02626	B9D20848	B9D20848	B9D20848	0	0	0	0	0	0
n02627	80000000	80000000	80000000	0	0	0	0	0	0
n02628	CDFE7AE0	CDFE7AE0	CDFE7AE0	0	0	0	0	0	0
n02629	DA2E8582	DA2E8582	DA2E8582	0	0	0	0	0	0
n02630	FC364083	FC364083	FC364083	0	0	0	0	0	0
n02631	C5420F62	C5420F62	C5420F62	0	0	0	0	0	0
n02632	551414FC	551414FC	551414FC	0	0	0	0	0	0
n02633	80000002	80000002	80000002	0	0	0	0	0	0
n02634	58C2E831	58C2E831	58C2E831	0	0	0	0	0	0
n02635	00000000	00000000	00000000	0	0	0	0	0	0
n02636	3D0BE2E1	3D0BE2E1	3D0BE2E1	0	0	0	0	0	0
n02637	00000000	00000000	00000000	0	0	0	0	0	0
n02638	00000000	00000000	00000000	0	0	0	0	0	0
n02639	A4D395FE	A4D395FE	A4D395FE	0	0	0	0	0	0
n02640	A1264B75	A1264B75	A1264B75	0	0	0	0	0	0
n02641	2E85557F	2E85557F	2E85557F	0	0	0	0	0	0
n02642	00000000	00000000	00000000	0	0	0	0	0	0
n02643	00000000	00000000	00000000	0	0	0	0	0	0
n02644	61F08173	61F08173	61F08173	0	0	0	0	0	0
n02645	73154EF4	73154EF4	73154EF4	0	0	0	0	0	0
n02646	80000000	80000000	80000000	0	0	0	0	0	0
n02647	B6405FD4	B6405FD4	B6405FD4	0	0	0	0	0	0
n02648	80000000	80000000	80000000	0	0	0	0	0	0
n02649	7546A300	7546A300	7546A300	0	0	0	0	0	0
n02650	00000000	00000000	00000000	0	0	0	0	0	0
n02651	D5A26C0A	D5A26C0A	D5A26C0A	0	0	0	0	0	0
n02652	00000000	00000000	00000000	0	0	0	0	0	0
n02653	429E2032	429E2032	429E2032	0	0	0	0	0	0
n02654	A58B04D3	A58B04D3	A58B04D3	0	0	0	0	0	0
n02655	00000000	00000000	00000000	0	0	0	0	0	0
n02656	80000000	80000000	80000000	0	0	0	0	0	0
n02657	58E49A8E	58E49A8E	58E49A8E	0	0	0	0	0	0
n02658	D3480000	D3480000	D3480000	0	0	0	0	0	0
n02659	46D9CE11	46D9CE11	46D9CE11	0	0	0	0	0	0
n02660	54AEBA7E	54AEBA7E	54AEBA7E	0	0	0	0	0	0
n02661	80000000	80000000	80000000	0	0	0	0	0	0
n02662	64FC8804	64FC8804	64FC8804	0	0	0	0	0	0
n02663	00000000	00000000	00000000	0	0	0	0	0	0
n02664	80000000	80000000	80000000	0	0	0	0	0	0
n02665	80000000	80000000	80000000	0	0	0	0	0	0
n02666	00000000	00000000	00000000	0	0	0	0	0	0
n02667	00000000	00000000	00000000	0	0	0	0	0	0
n02668	00000000	00000000	00000000	0	0	0	0	0	0
n02669	93C6FEE1	93C6FEE1	93C6FEE1	0	0	0	0	0	0
n02670	00000000	00000000	00000000	0	0	0	0	0	0
n02671	74D8F5EE	74D8F5EE	74D8F5EE	0	0	0	0	0	0
n02672	80000000	80000000	80000000	0	0	0	0	0	0
n02673	00000000	00000000	00000000	0	0	0	0	0	0
n02674	CA3C43CA	CA3C43CA	CA3C43CA	0	0	0	0	0	0
n02675	80000000	80000000	80000000	0	0	0	0	0	0
n02676	7F200000	7F200000	7F200000	0	0	0	0	0	0
n02677	00000000	00000000	00000000	0	0	0	0	0	0
n02678	E4275661	E4275661	E4275661	0	0	0	0	0	0
n02679	983338C5	983338C5	983338C5	0	0	0	0	0	0
n02680	722C6B3B	722C6B3B	722C6B3B	0	0	0	0	0	0
n02681	80000000	80000000	80000000	0	0	0	0	0	0
n02682	00000000	00000000	00000000	0	0	0	0	0	0
n02683	19CE449B	19CE449B	19CE449B	0	0	0	0	0	0
n02684	00000000	00000000	00000000	0	0	0	0	0	0
n02685	03C00000	03C00000	03C00000	0	0	0	0	0	0
n02686	00000000	00000000	00000000	0	0	0	0	0	0
n02687	80000000	80000000	80000000	0	0	0	0	0	0
n02688	80000000	80000000	80000000	0	0	0	0	0	0
n02689	172CC000	172CC000	172CC000	0	0	0	0	0	0
n02690	9D9DA128	9D9DA128	9D9DA128	0	0	0	0	0	0
n02691	FD02FA7D	FD02FA7D	FD02FA7D	0	0	0	0	0	0
n02692	00000000	00000000	00000000	0	0	0	0	0	0
n02693	80000000	80000000	80000000	0	0	0	0	0	0
n02694	00000000	00000000	00000000	0	0	0	0	0	0
n02695	D1CEE9EC	D1CEE9EC	D1CEE9EC	0	0	0	0	0	0
n02696	00000001	00000001	00000001	0	0	0	0	0	0
n02697	80000000	80000000	80000000	0	0	0	0	0	0
n02698	47DF568B	47DF568B	47DF568B	0	0	0	0	0	0
n02699	00000000	00000000	00000000	0	0	0	0	0	0
n02700	80000000	80000000	80000000	0	0	0	0	0	0
n02701	00000000	00000000	00000000	0	0	0	0	0	0
n02702	1F28A750	1F28A750	1F28A750	0	0	0	0	0	0
n02703	00000000	00000000	00000000	0	0	0	0	0	0
n02704	00000000	00000000	00000000	0	0	0	0	0	0
n02705	540614A4	540614A4	540614A4	0	0	0	0	0	0
n02706	2A0D81EB	2A0D81EB	2A0D81EB	0	0	0	0	0	0
n02707	80000000	80000000	80000000	0	0	0	0	0	0
n02708	007E8000	007E8000	007E8000	0	0	0	0	0	0
n02709	5AC4C35F	5AC4C35F	5AC4C35F	0	0	0	0	0	0
n02710	8241ACC9	8241ACC9	8241ACC9	0	0	0	0	0	0
n02711	1FF9D6E7	1FF9D6E7	1FF9D6E7	0	0	0	0	0	0
n02712	82724029	82724029	82724029	0	0	0	0	0	0
n02713	E5653732	E5653732	E5653732	0	0	0	0	0	0
n02714	94746D90	94746D90	94746D90	0	0	0	0	0	0
n02715	80000000	80000000	80000000	0	0	0	0	0	0
n02716	00000000	00000000	00000000	0	0	0	0	0	0
n02717	00000000	00000000	00000000	0	0	0	0	0	0
n02718	1C947741	1C947741	1C947741	0	0	0	0	0	0
n02719	00000000	00000000	00000000	0	0	0	0	0	0
n02720	00000000	00000000	00000000	0	0	0	0	0	0
n02721	80000000	80000000	80000000	0	0	0	0	0	0
n02722	D348D6BB	D348D6BB	D348D6BB	0	0	0	0	0	0
n02723	D2F7C3B1	D2F7C3B1	D2F7C3B1	0	0	0	0	0	0
n02724	54026474	54026474	54026474	0	0	0	0	0	0
n02725	D68E4DAC	D68E4DAC	D68E4DAC	0	0	0	0	0	0
n02726	D6859D20	D6859D20	D6859D20	0	0	0	0	0	0
n02727	D5BA4717	D5BA4717	D5BA4717	0	0	0	0	0	0
n02728	D36B99E2	D36B99E2	D36B99E2	0	0	0	0	0	0
n02729	5668C0B2	5668C0B2	5668C0B2	0	0	0	0	0	0
n02730	D31F1672	D31F1672	D31F1672	0	0	0	0	0	0
n02731	5662D2F1	5662D2F1	5662D2F1	0	0	0	0	0	0
n02732	50BF2310	50BF2310	50BF2310	0	0	0	0	0	0
n02733	52CFBE27	52CFBE27	52CFBE27	0	0	0	0	0	0
n02734	D308B872	D308B872	D308B872	0	0	0	0	0	0
n02735	53156EE9	53156EE9	53156EE9	0	0	0	0	0	0
n02736	D29A9AA0	D29A9AA0	D29A9AA0	0	0	0	0	0	0
n02737	D6A126F6	D6A126F6	D6A126F6	0	0	0	0	0	0
n02738	D3029CF5	D3029CF5	D3029CF5	0	0	0	0	0	0
n02739	00000000	00000000	00000000	0	0	0	0	0	0
n02740	D2EA1BED	D2EA1BED	D2EA1BED	0	0	0	0	0	0
n02741	00000000	00000000	00000000	0	0	0	0	0	0
n02742	D3453B15	D3453B15	D3453B15	0	0	0	0	0	0
n02743	56121B6C	56121B6C	56121B6C	0	0	0	0	0	0
n02744	53190634	53190634	53190634	0	0	0	0	0	0
n02745	00000000	00000000	00000000	0	0	0	0	0	0
n02746	D33CFE07	D33CFE07	D33CFE07	0	0	0	0	0	0
n02747	00000000	00000000	00000000	0	0	0	0	0	0
n02748	D11EC6AA	D11EC6AA	D11EC6AA	0	0	0	0	0	0
n02749	D3619D82	D3619D82	D3619D82	0	0	0	0	0	0
n02750	D08B8AA9	D08B8AA9	D08B8AA9	0	0	0	0	0	0
n02751	00000000	00000000	00000000	0	0	0	0	0	0
n02752	5688CEC6	5688CEC6	5688CEC6	0	0	0	0	0	0
n02753	D2C7803E	D2C7803E	D2C7803E	0	0	0	0	0	0
n02754	00000000	00000000	00000000	0	0	0	0	0	0
n02755	00000000	00000000	00000000	0	0	0	0	0	0
n02756	00000000	00000000	00000000	0	0	0	0	0	0
n02757	00000000	00000000	00000000	0	0	0	0	0	0
n02758	00000000	00000000	00000000	0	0	0	0	0	0
n02759	D357B9E7	D357B9E7	D357B9E7	0	0	0	0	0	0
n02760	568DA5CD	568DA5CD	568DA5CD	0	0	0	0	0	0
n02761	D60AF947	D60AF947	D60AF947	0	0	0	0	0	0
n02762	00000000	00000000	00000000	0	0	0	0	0	0
n02763	5226B246	5226B246	5226B246	0	0	0	0	0	0
n02764	D6198BFC	D6198BFC	D6198BFC	0	0	0	0	0	0
n02765	00000000	00000000	00000000	0	0	0	0	0	0
n02766	535B5112	535B5112	535B5112	0	0	0	0	0	0
n02767	53101207	53101207	53101207	0	0	0	0	0	0
n02768	5331E2AC	5331E2AC	5331E2AC	0	0	0	0	0	0
n02769	56AE3A1A	56AE3A1A	56AE3A1A	0	0	0	0	0	0
n02770	528164FB	528164FB	528164FB	0	0	0	0	0	0
n02771	568ACDD3	568ACDD3	568ACDD3	0	0	0	0	0	0
n02772	56A785AD	56A785AD	56A785AD	0	0	0	0	0	0
n02773	521D3CCC	521D3CCC	521D3CCC	0	0	0	0	0	0
n02774	00000000	00000000	00000000	0	0	0	0	0	0
n02775	D6735704	D6735704	D6735704	0	0	0	0	0	0
n02776	D22FD847	D22FD847	D22FD847	0	0	0	0	0	0
n02777	565F1306	565F1306	565F1306	0	0	0	0	0	0
n02778	D2471C6F	D2471C6F	D2471C6F	0	0	0	0	0	0
n02779	00000000	00000000	00000000	0	0	0	0	0	0
n02780	D265B966	D265B966	D265B966	0	0	0	0	0	0
n02781	D31C0D35	D31C0D35	D31C0D35	0	0	0	0	0	0
n02782	D6520ABE	D6520ABE	D6520ABE	0	0	0	0	0	0
n02783	D2AF8415	D2AF8415	D2AF8415	0	0	0	0	0	0
n02784	D3139FD9	D3139FD9	D3139FD9	0	0	0	0	0	0
n02785	565B209C	565B209C	565B209C	0	0	0	0	0	0
n02786	535127ED	535127ED	535127ED	0	0	0	0	0	0
n02787	00000000	00000000	00000000	0	0	0	0	0	0
n02788	D3507CB6	D3507CB6	D3507CB6	0	0	0	0	0	0
n02789	D5D32BFA	D5D32BFA	D5D32BFA	0	0	0	0	0	0
n02790	00000000	00000000	00000000	0	0	0	0	0	0
n02791	00000000	00000000	00000000	0	0	0	0	0	0
n02792	55CBD76A	55CBD76A	55CBD76A	0	0	0	0	0	0
n02793	D29F8379	D29F8379	D29F8379	0	0	0	0	0	0
n02794	56B6BC89	56B6BC89	56B6BC89	0	0	0	0	0	0
n02795	D3287F3A	D3287F3A	D3287F3A	0	0	0	0	0	0
n02796	D3449F54	D3449F54	D3449F54	0	0	0	0	0	0
n02797	00000000	00000000	00000000	0	0	0	0	0	0
n02798	00000000	00000000	00000000	0	0	0	0	0	0
n02799	D12A1853	D12A1853	D12A1853	0	0	0	0	0	0
n02800	53560573	53560573	53560573	0	0	0	0	0	0
n02801	D5569BCB	D5569BCB	D5569BCB	0	0	0	0	0	0
n02802	52BEB7BC	52BEB7BC	52BEB7BC	0	0	0	0	0	0
n02803	00000000	00000000	00000000	0	0	0	0	0	0
n02804	D218CD2C	D218CD2C	D218CD2C	0	0	0	0	0	0
n02805	D18158E8	D18158E8	D18158E8	0	0	0	0	0	0
n02806	5678B279	5678B279	5678B279	0	0	0	0	0	0
n02807	D37D54EF	D37D54EF	D37D54EF	0	0	0	0	0	0
n02808	56AE09B5	56AE09B5	56AE09B5	0	0	0	0	0	0
n02809	00000000	00000000	00000000	0	0	0	0	0	0
n02810	536FD736	536FD736	536FD736	0	0	0	0	0	0
n02811	D3566C93	D3566C93	D3566C93	0	0	0	0	0	0
n02812	D504690E	D504690E	D504690E	0	0	0	0	0	0
n02813	00000000	00000000	00000000	0	0	0	0	0	0
n02814	D25753DB	D25753DB	D25753DB	0	0	0	0	0	0
n02815	5326A14C	5326A14C	5326A14C	0	0	0	0	0	0
n02816	5338B296	5338B296	5338B296	0	0	0	0	0	0
n02817	D37910FB	D37910FB	D37910FB	0	0	0	0	0	0
n02818	D13042AE	D13042AE	D13042AE	0	0	0	0	0	0
n02819	53497C81	53497C81	53497C81	0	0	0	0	0	0
n02820	00000000	00000000	00000000	0	0	0	0	0	0
n02821	53603D94	53603D94	53603D94	0	0	0	0	0	0
n02822	00000000	00000000	00000000	0	0	0	0	0	0
n02823	D32045A0	D32045A0	D32045A0	0	0	0	0	0	0
n02824	D33FC3C7	D33FC3C7	D33FC3C7	0	0	0	0	0	0
n02825	D314CFB3	D314CFB3	D314CFB3	0	0	0	0	0	0
n02826	00000000	00000000	00000000	0	0	0	0	0	0
n02827	D681F604	D681F604	D681F604	0	0	0	0	0	0
n02828	00000000	00000000	00000000	0	0	0	0	0	0
n02829	D31993F7	D31993F7	D31993F7	0	0	0	0	0	0
n02830	532BE657	532BE657	532BE657	0	0	0	0	0	0
n02831	D21CB176	D21CB176	D21CB176	0	0	0	0	0	0
n02832	D69E8915	D69E8915	D69E8915	0	0	0	0	0	0
n02833	00000000	00000000	00000000	0	0	0	0	0	0
n02834	00000000	00000000	00000000	0	0	0	0	0	0
n02835	00000000	00000000	00000000	0	0	0	0	0	0
n02836	00000000	00000000	00000000	0	0	0	0	0	0
n02837	D35A6ED5	D35A6ED5	D35A6ED5	0	0	0	0	0	0
n02838	00000000	00000000	00000000	0	0	0	0	0	0
n02839	537A9D9A	537A9D9A	537A9D9A	0	0	0	0	0	0
n02840	00000000	00000000	00000000	0	0	0	0	0	0
n02841	5300C0BC	5300C0BC	5300C0BC	0	0	0	0	0	0
n02842	D36C9D03	D36C9D03	D36C9D03	0	0	0	0	0	0
n02843	00000000	00000000	00000000	0	0	0	0	0	0
n02844	52F4BFE5	52F4BFE5	52F4BFE5	0	0	0	0	0	0
n02845	569FDFFB	569FDFFB	569FDFFB	0	0	0	0	0	0
n02846	527ABB34	527ABB34	527ABB34	0	0	0	0	0	0
n02847	D6385B04	D6385B04	D6385B04	0	0	0	0	0	0
n02848	D13640DF	D13640DF	D13640DF	0	0	0	0	0	0
n02849	D6AD77DC	D6AD77DC	D6AD77DC	0	0	0	0	0	0
n02850	569C2D9C	569C2D9C	569C2D9C	0	0	0	0	0	0
n02851	00000000	00000000	00000000	0	0	0	0	0	0
n02852	56957BED	56957BED	56957BED	0	0	0	0	0	0
n02853	00000000	00000000	00000000	0	0	0	0	0	0
n02854	D52C799D	D52C799D	D52C799D	0	0	0	0	0	0
n02855	D21FCECC	D21FCECC	D21FCECC	0	0	0	0	0	0
n02856	D52EAC3E	D52EAC3E	D52EAC3E	0	0	0	0	0	0
n02857	00000000	00000000	00000000	0	0	0	0	0	0
n02858	00000000	00000000	00000000	0	0	0	0	0	0
n02859	550D8406	550D8406	550D8406	0	0	0	0	0	0
n02860	D21C10E9	D21C10E9	D21C10E9	0	0	0	0	0	0
n02861	00000000	00000000	00000000	0	0	0	0	0	0
n02862	D356578B	D356578B	D356578B	0	0	0	0	0	0
n02863	569AD538	569AD538	569AD538	0	0	0	0	0	0
n02864	518147E7	518147E7	518147E7	0	0	0	0	0	0
n02865	531B4C38	531B4C38	531B4C38	0	0	0	0	0	0
n02866	00000000	00000000	00000000	0	0	0	0	0	0
n02867	00000000	00000000	00000000	0	0	0	0	0	0
n02868	00000000	00000000	00000000	0	0	0	0	0	0
n02869	537B7020	537B7020	537B7020	0	0	0	0	0	0
n02870	D2AA8E15	D2AA8E15	D2AA8E15	0	0	0	0	0	0
n02871	D366488A	D366488A	D366488A	0	0	0	0	0	0
n02872	D65FF11E	D65FF11E	D65FF11E	0	0	0	0	0	0
n02873	D5662C46	D5662C46	D5662C46	0	0	0	0	0	0
n02874	D1CA2834	D1CA2834	D1CA2834	0	0	0	0	0	0
n02875	00000000	00000000	00000000	0	0	0	0	0	0
n02876	00000000	00000000	00000000	0	0	0	0	0	0
n02877	00000000	00000000	00000000	0	0	0	0	0	0
n02878	D34F180B	D34F180B	D34F180B	0	0	0	0	0	0
n02879	52A3AB99	52A3AB99	52A3AB99	0	0	0	0	0	0
n02880	00000000	00000000	00000000	0	0	0	0	0	0
n02881	D196A7B3	D196A7B3	D196A7B3	0	0	0	0	0	0
n02882	D374DA31	D374DA31	D374DA31	0	0	0	0	0	0
n02883	D5A30D1C	D5A30D1C	D5A30D1C	0	0	0	0	0	0
n02884	D16E39E9	D16E39E9	D16E39E9	0	0	0	0	0	0
n02885	520DF403	520DF403	520DF403	0	0	0	0	0	0
n02886	52D4EA78	52D4EA78	52D4EA78	0	0	0	0	0	0
n02887	D60E2377	D60E2377	D60E2377	0	0	0	0	0	0
n02888	52EBF242	52EBF242	52EBF242	0	0	0	0	0	0
n02889	D3126850	D3126850	D3126850	0	0	0	0	0	0
n02890	D2336B4A	D2336B4A	D2336B4A	0	0	0	0	0	0
n02891	532D12AE	532D12AE	532D12AE	0	0	0	0	0	0
n02892	D1085BDE	D1085BDE	D1085BDE	0	0	0	0	0	0
n02893	00000000	00000000	00000000	0	0	0	0	0	0
n02894	5344BC9E	5344BC9E	5344BC9E	0	0	0	0	0	0
n02895	537AFC45	537AFC45	537AFC45	0	0	0	0	0	0
n02896	D6A43BE4	D6A43BE4	D6A43BE4	0	0	0	0	0	0
n02897	532B27B7	532B27B7	532B27B7	0	0	0	0	0	0
n02898	00000000	00000000	00000000	0	0	0	0	0	0
n02899	00000000	00000000	00000000	0	0	0	0	0	0
n02900	52F8CBF3	52F8CBF3	52F8CBF3	0	0	0	0	0	0
n02901	536CC8FF	536CC8FF	536CC8FF	0	0	0	0	0	0
n02902	00000000	00000000	00000000	0	0	0	0	0	0
n02903	D1FFA05E	D1FFA05E	D1FFA05E	0	0	0	0	0	0
n02904	53424B0F	53424B0F	53424B0F	0	0	0	0	0	0
n02905	D669B215	D669B215	D669B215	0	0	0	0	0	0
n02906	00000000	00000000	00000000	0	0	0	0	0	0
n02907	55993129	55993129	55993129	0	0	0	0	0	0
n02908	D2FAEFAC	D2FAEFAC	D2FAEFAC	0	0	0	0	0	0
n02909	D5334CA8	D5334CA8	D5334CA8	0	0	0	0	0	0
n02910	00000000	00000000	00000000	0	0	0	0	0	0
n02911	51A61D88	51A61D88	51A61D88	0	0	0	0	0	0
n02912	00000000	00000000	00000000	0	0	0	0	0	0
n02913	00000000	00000000	00000000	0	0	0	0	0	0
n02914	D2E41169	D2E41169	D2E41169	0	0	0	0	0	0
n02915	00000000	00000000	00000000	0	0	0	0	0	0
n02916	55474797	55474797	55474797	0	0	0	0	0	0
n02917	D60EE257	D60EE257	D60EE257	0	0	0	0	0	0
n02918	00000000	00000000	00000000	0	0	0	0	0	0
n02919	D668AED7	D668AED7	D668AED7	0	0	0	0	0	0
n02920	00000000	00000000	00000000	0	0	0	0	0	0
n02921	536275FB	536275FB	536275FB	0	0	0	0	0	0
n02922	D37F8619	D37F8619	D37F8619	0	0	0	0	0	0
n02923	D231EA57	D231EA57	D231EA57	0	0	0	0	0	0
n02924	56A1D448	56A1D448	56A1D448	0	0	0	0	0	0
n02925	D300B3BE	D300B3BE	D300B3BE	0	0	0	0	0	0
n02926	00000000	00000000	00000000	0	0	0	0	0	0
n02927	00000000	00000000	00000000	0	0	0	0	0	0
n02928	51931066	51931066	51931066	0	0	0	0	0	0
n02929	D10A3908	D10A3908	D10A3908	0	0	0	0	0	0
n02930	D1C5750D	D1C5750D	D1C5750D	0	0	0	0	0	0
n02931	5659485F	5659485F	5659485F	0	0	0	0	0	0
n02932	00000000	00000000	00000000	0	0	0	0	0	0
n02933	00000000	00000000	00000000	0	0	0	0	0	0
n02934	D31AFA46	D31AFA46	D31AFA46	0	0	0	0	0	0
n02935	D0B96BE9	D0B96BE9	D0B96BE9	0	0	0	0	0	0
n02936	D63D0364	D63D0364	D63D0364	0	0	0	0	0	0
n02937	D58D10D8	D58D10D8	D58D10D8	0	0	0	0	0	0
n02938	532908A7	532908A7	532908A7	0	0	0	0	0	0
n02939	00000000	00000000	00000000	0	0	0	0	0	0
n02940	D5C9442A	D5C9442A	D5C9442A	0	0	0	0	0	0
n02941	530B2196	530B2196	530B2196	0	0	0	0	0	0
n02942	00000000	00000000	00000000	0	0	0	0	0	0
n02943	56B88A6F	56B88A6F	56B88A6F	0	0	0	0	0	0
n02944	53097B91	53097B91	53097B91	0	0	0	0	0	0
n02945	55E3BA40	55E3BA40	55E3BA40	0	0	0	0	0	0
n02946	51DA7E2B	51DA7E2B	51DA7E2B	0	0	0	0	0	0
n02947	531E9122	531E9122	531E9122	0	0	0	0	0	0
n02948	00000000	00000000	00000000	0	0	0	0	0	0
n02949	D317A3B5	D317A3B5	D317A3B5	0	0	0	0	0	0
n02950	533F0538	533F0538	533F0538	0	0	0	0	0	0
n02951	D6790ABD	D6790ABD	D6790ABD	0	0	0	0	0	0
n02952	00000000	00000000	00000000	0	0	0	0	0	0
n02953	D65F1C11	D65F1C11	D65F1C11	0	0	0	0	0	0
n02954	00000000	00000000	00000000	0	0	0	0	0	0
n02955	00000000	00000000	00000000	0	0	0	0	0	0
n02956	52EF394E	52EF394E	52EF394E	0	0	0	0	0	0
n02957	535D253B	535D253B	535D253B	0	0	0	0	0	0
n02958	00000000	00000000	00000000	0	0	0	0	0	0
n02959	D35B8116	D35B8116	D35B8116	0	0	0	0	0	0
n02960	5603C28F	5603C28F	5603C28F	0	0	0	0	0	0
n02961	5329752A	5329752A	5329752A	0	0	0	0	0	0
n02962	535E75DB	535E75DB	535E75DB	0	0	0	0	0	0
n02963	51E4F60D	51E4F60D	51E4F60D	0	0	0	0	0	0
n02964	51A8E695	51A8E695	51A8E695	0	0	0	0	0	0
n02965	D4E6337B	D4E6337B	D4E6337B	0	0	0	0	0	0
n02966	00000000	00000000	00000000	0	0	0	0	0	0
n02967	5598D8D0	5598D8D0	5598D8D0	0	0	0	0	0	0
n02968	5318933D	5318933D	5318933D	0	0	0	0	0	0
n02969	5363D96C	5363D96C	5363D96C	0	0	0	0	0	0
n02970	00000000	00000000	00000000	0	0	0	0	0	0
n02971	5305BF54	5305BF54	5305BF54	0	0	0	0	0	0
n02972	00000000	00000000	00000000	0	0	0	0	0	0
n02973	D5001B66	D5001B66	D5001B66	0	0	0	0	0	0
n02974	56B72A62	56B72A62	56B72A62	0	0	0	0	0	0
n02975	55DD0E8F	55DD0E8F	55DD0E8F	0	0	0	0	0	0
n02976	00000000	00000000	00000000	0	0	0	0	0	0
n02977	00000000	00000000	00000000	0	0	0	0	0	0
n02978	52BE188D	52BE188D	52BE188D	0	0	0	0	0	0
n02979	D1DCFD3C	D1DCFD3C	D1DCFD3C	0	0	0	0	0	0
n02980	D37B10A5	D37B10A5	D37B10A5	0	0	0	0	0	0
n02981	53282CB7	53282CB7	53282CB7	0	0	0	0	0	0
n02982	D30541ED	D30541ED	D30541ED	0	0	0	0	0	0
n02983	5378D6D6	5378D6D6	5378D6D6	0	0	0	0	0	0
n02984	56AFF1E6	56AFF1E6	56AFF1E6	0	0	0	0	0	0
n02985	537BDC59	537BDC59	537BDC59	0	0	0	0	0	0
n02986	00000000	00000000	00000000	0	0	0	0	0	0
n02987	D29A2481	D29A2481	D29A2481	0	0	0	0	0	0
n02988	52E62F62	52E62F62	52E62F62	0	0	0	0	0	0
n02989	D2D05BEA	D2D05BEA	D2D05BEA	0	0	0	0	0	0
n02990	00000000	00000000	00000000	0	0	0	0	0	0
n02991	D5A3A745	D5A3A745	D5A3A745	0	0	0	0	0	0
n02992	53548BD0	53548BD0	53548BD0	0	0	0	0	0	0
n02993	D66A85BB	D66A85BB	D66A85BB	0	0	0	0	0	0
n02994	00000000	00000000	00000000	0	0	0	0	0	0
n02995	D55ED17B	D55ED17B	D55ED17B	0	0	0	0	0	0
n02996	55B820B5	55B820B5	55B820B5	0	0	0	0	0	0
n02997	D69A9124	D69A9124	D69A9124	0	0	0	0	0	0
n02998	00000000	00000000	00000000	0	0	0	0	0	0
n02999	00000000	00000000	00000000	0	0	0	0	0	0
n03000	00000000	00000000	00000000	0	0	0	0	0	0
n03001	D375C565	D375C565	D375C565	0	0	0	0	0	0
n03002	D348982E	D348982E	D348982E	0	0	0	0	0	0
n03003	00000000	00000000	00000000	0	0	0	0	0	0
n03004	D308E274	D308E274	D308E274	0	0	0	0	0	0
n03005	D36877EE	D36877EE	D36877EE	0	0	0	0	0	0
n03006	CFE1622C	CFE1622C	CFE1622C	0	0	0	0	0	0
n03007	5359F066	5359F066	5359F066	0	0	0	0	0	0
n03008	503B53D0	503B53D0	503B53D0	0	0	0	0	0	0
n03009	5329D2F8	5329D2F8	5329D2F8	0	0	0	0	0	0
n03010	52D3FE37	52D3FE37	52D3FE37	0	0	0	0	0	0
n03011	D33ED1DF	D33ED1DF	D33ED1DF	0	0	0	0	0	0
n03012	53145606	53145606	53145606	0	0	0	0	0	0
n03013	00000000	00000000	00000000	0	0	0	0	0	0
n03014	5320AFB0	5320AFB0	5320AFB0	0	0	0	0	0	0
n03015	529F08D9	529F08D9	529F08D9	0	0	0	0	0	0
n03016	D209360C	D209360C	D209360C	0	0	0	0	0	0
n03017	5316312F	5316312F	5316312F	0	0	0	0	0	0
n03018	00000000	00000000	00000000	0	0	0	0	0	0
n03019	00000000	00000000	00000000	0	0	0	0	0	0
n03020	00000000	00000000	00000000	0	0	0	0	0	0
n03021	52E4605D	52E4605D	52E4605D	0	0	0	0	0	0
n03022	74172438	74172438	74172438	0	0	0	0	0	0
n03023	74172439	74172439	74172439	0	0	0	0	0	0
n03024	74172438	74172438	74172438	0	0	0	0	0	0
n03025	67376DB0	67376DB0	67376DB0	0	0	0	0	0	0
n03026	67376DB0	67376DB0	67376DB0	0	0	0	0	0	0
n03027	67376DAF	67376DAF	67376DAF	0	0	0	0	0	0
n03028	7DE5A062	7DE5A062	7DE5A062	0	0	0	0	0	0
n03029	7DE5A063	7DE5A063	7DE5A063	0	0	0	0	0	0
n03030	7DE5A062	7DE5A062	7DE5A062	0	0	0	0	0	0
n03031	4FB852DC	4FB852DC	4FB852DC	0	0	0	0	0	0
n03032	4FB852DC	4FB852DC	4FB852DC	0	0	0	0	0	0
n03033	4FB852DB	4FB852DB	4FB852DB	0	0	0	0	0	0
n03034	51040BBA	51040BBA	51040BBA	0	0	0	0	0	0
n03035	51040BBB	51040BBB	51040BBB	0	0	0	0	0	0
n03036	51040BBA	51040BBA	51040BBA	0	0	0	0	0	0
n03037	60CBE30E	60CBE30E	60CBE30E	0	0	0	0	0	0
n03038	60CBE30F	60CBE30F	60CBE30F	0	0	0	0	0	0
n03039	60CBE30E	60CBE30E	60CBE30E	0	0	0	0	0	0
n03040	5D74145A	5D74145A	5D74145A	0	0	0	0	0	0
n03041	5D74145A	5D74145A	5D74145A	0	0	0	0	0	0
n03042	5D741459	5D741459	5D741459	0	0	0	0	0	0
n03043	1E8EBAB4	1E8EBAB4	1E8EBAB4	0	0	1	1	1	1
n03044	1E8EBAB5	1E8EBAB5	1E8EBAB5	0	0	1	1	1	1
n03045	1E8EBAB4	1E8EBAB4	1E8EBAB4	0	0	1	1	1	1
n03046	728D4FF4	728D4FF4	728D4FF4	0	0	0	0	0	0
n03047	728D4FF4	728D4FF4	728D4FF4	0	0	0	0	0	0
n03048	728D4FF3	728D4FF3	728D4FF3	0	0	0	0	0	0
n03049	22B2C78E	22B2C78E	22B2C78E	0	0	4	4	4	4
n03050	22B2C78E	22B2C78E	22B2C78E	0	0	4	4	4	4
n03051	22B2C78D	22B2C78D	22B2C78D	0	0	4	4	4	4
n03052	2B02D48E	2B02D48E	2B02D48E	0	0	4	4	4	4
n03053	2B02D48E	2B02D48E	2B02D48E	0	0	4	4	4	4
n03054	2B02D48D	2B02D48D	2B02D48D	0	0	4	4	4	4
n03055	7DE5B22E	7DE5B22E	7DE5B22E	0	0	0	0	0	0
n03056	7DE5B22F	7DE5B22F	7DE5B22F	0	0	0	0	0	0
n03057	7DE5B22E	7DE5B22E	7DE5B22E	0	0	0	0	0	0
n03058	7BCD7B3C	7BCD7B3C	7BCD7B3C	0	0	0	0	0	0
n03059	7BCD7B3D	7BCD7B3D	7BCD7B3D	0	0	0	0	0	0
n03060	7BCD7B3C	7BCD7B3C	7BCD7B3C	0	0	0	0	0	0
n03061	0256C87A	0256C87A	0256C87A	0	0	1	1	1	1
n03062	0256C87A	0256C87A	0256C87A	0	0	1	1	1	1
n03063	0256C879	0256C879	0256C879	0	0	1	1	1	1
n03064	1014232A	1014232A	1014232A	0	0	2	2	2	2
n03065	1014232A	1014232A	1014232A	0	0	2	2	2	2
n03066	10142329	10142329	10142329	0	0	2	2	2	2
n03067	260A9834	260A9834	260A9834	0	0	4	4	4	4
n03068	260A9834	260A9834	260A9834	0	0	4	4	4	4
n03069	260A9833	260A9833	260A9833	0	0	4	4	4	4
n03070	7AAEC106	7AAEC106	7AAEC106	0	0	0	0	0	0
n03071	7AAEC106	7AAEC106	7AAEC106	0	0	0	0	0	0
n03072	7AAEC105	7AAEC105	7AAEC105	0	0	0	0	0	0
n03073	167E83D6	167E83D6	167E83D6	0	0	2	2	2	2
n03074	167E83D6	167E83D6	167E83D6	0	0	2	2	2	2
n03075	167E83D5	167E83D5	167E83D5	0	0	2	2	2	2
n03076	76A4573E	76A4573E	76A4573E	0	0	0	0	0	0
n03077	76A4573F	76A4573F	76A4573F	0	0	0	0	0	0
n03078	76A4573E	76A4573E	76A4573E	0	0	0	0	0	0
n03079	4644BB42	4644BB42	4644BB42	0	0	12590	12590	12590	12590
n03080	4644BB43	4644BB43	4644BB43	0	0	12590	12590	12590	12590
n03081	4644BB42	4644BB42	4644BB42	0	0	12590	12590	12590	12590
n03082	585035C6	585035C6	585035C6	0	0	0	0	0	0
n03083	585035C6	585035C6	585035C6	0	0	0	0	0	0
n03084	585035C5	585035C5	585035C5	0	0	0	0	0	0
n03085	7D99EE1E	7D99EE1E	7D99EE1E	0	0	0	0	0	0
n03086	7D99EE1F	7D99EE1F	7D99EE1F	0	0	0	0	0	0
n03087	7D99EE1E	7D99EE1E	7D99EE1E	0	0	0	0	0	0
n03088	6D4F9596	6D4F9596	6D4F9596	0	0	0	0	0	0
n03089	6D4F9596	6D4F9596	6D4F9596	0	0	0	0	0	0
n03090	6D4F9595	6D4F9595	6D4F9595	0	0	0	0	0	0
n03091	184265C2	184265C2	184265C2	0	0	2	2	2	2
n03092	184265C2	184265C2	184265C2	0	0	2	2	2	2
n03093	184265C1	184265C1	184265C1	0	0	2	2	2	2
n03094	3CE480E0	3CE480E0	3CE480E0	0	0	0	0	0	0
n03095	3CE480E0	3CE480E0	3CE480E0	0	0	0	0	0	0
n03096	3CE480DF	3CE480DF	3CE480DF	0	0	0	0	0	0
n03097	6C94DCD4	6C94DCD4	6C94DCD4	0	0	0	0	0	0
n03098	6C94DCD4	6C94DCD4	6C94DCD4	0	0	0	0	0	0
n03099	6C94DCD3	6C94DCD3	6C94DCD3	0	0	0	0	0	0
n03100	4E58EC42	4E58EC42	4E58EC42	909840544	909840544	909840544	909840544	909840544	909840544
n03101	4E58EC43	4E58EC43	4E58EC43	0	0	909840544	909840544	909840544	909840544
n03102	4E58EC42	4E58EC42	4E58EC42	0	0	909840543	909840543	909840543	909840543
n03103	2996985C	2996985C	2996985C	0	0	6	6	6	6
n03104	2996985D	2996985D	2996985D	0	0	6	6	6	6
n03105	2996985C	2996985C	2996985C	0	0	6	6	6	6
n03106	1B66C990	1B66C990	1B66C990	0	0	1	1	1	1
n03107	1B66C991	1B66C991	1B66C991	0	0	1	1	1	1
n03108	1B66C990	1B66C990	1B66C990	0	0	1	1	1	1
n03109	005DCD48	005DCD48	005DCD48	0	0	8	8	8	8
n03110	005DCD48	005DCD48	005DCD48	0	0	8	8	8	8
n03111	005DCD47	005DCD47	005DCD47	0	0	8	8	8	8
n03112	38EE688C	38EE688C	38EE688C	0	0	0	0	0	0
n03113	38EE688D	38EE688D	38EE688D	0	0	0	0	0	0
n03114	38EE688C	38EE688C	38EE688C	0	0	0	0	0	0
n03115	1293FF0A	1293FF0A	1293FF0A	0	0	9	9	9	9
n03116	1293FF0B	1293FF0B	1293FF0B	0	0	9	9	9	9
n03117	1293FF0A	1293FF0A	1293FF0A	0	0	9	9	9	9
n03118	0DD7BDB8	0DD7BDB8	0DD7BDB8	0	0	1	1	1	1
n03119	0DD7BDB9	0DD7BDB9	0DD7BDB9	0	0	1	1	1	1
n03120	0DD7BDB8	0DD7BDB8	0DD7BDB8	0	0	1	1	1	1
n03121	037CB5D6	037CB5D6	037CB5D6	0	0	7	7	7	7
n03122	037CB5D7	037CB5D7	037CB5D7	0	0	7	7	7	7
n03123	037CB5D6	037CB5D6	037CB5D6	0	0	7	7	7	7
n03124	63ED4E1A	63ED4E1A	63ED4E1A	0	0	0	0	0	0
n03125	63ED4E1A	63ED4E1A	63ED4E1A	0	0	0	0	0	0
n03126	63ED4E19	63ED4E19	63ED4E19	0	0	0	0	0	0
n03127	3F165156	3F165156	3F165156	0	0	0	0	0	0
n03128	3F165157	3F165157	3F165157	0	0	0	0	0	0
n03129	3F165156	3F165156	3F165156	0	0	0	0	0	0
n03130	4552C7A8	4552C7A8	4552C7A8	0	0	3372	3372	3372	3372
n03131	4552C7A8	4552C7A8	4552C7A8	0	0	3372	3372	3372	3372
n03132	4552C7A7	4552C7A7	4552C7A7	0	0	3372	3372	3372	3372
n03133	73F211C6	73F211C6	73F211C6	0	0	0	0	0	0
n03134	73F211C6	73F211C6	73F211C6	0	0	0	0	0	0
n03135	73F211C5	73F211C5	73F211C5	0	0	0	0	0	0
n03136	4DCA66A2	4DCA66A2	4DCA66A2	424465488	424465488	424465488	424465488	424465488	424465488
n03137	4DCA66A3	4DCA66A3	4DCA66A3	0	0	424465488	424465488	424465488	424465488
n03138	4DCA66A2	4DCA66A2	4DCA66A2	0	0	424465487	424465487	424465487	424465487
n03139	76A2031C	76A2031C	76A2031C	0	0	0	0	0	0
n03140	76A2031D	76A2031D	76A2031D	0	0	0	0	0	0
n03141	76A2031C	76A2031C	76A2031C	0	0	0	0	0	0
n03142	5DC156C8	5DC156C8	5DC156C8	0	0	0	0	0	0
n03143	5DC156C8	5DC156C8	5DC156C8	0	0	0	0	0	0
n03144	5DC156C7	5DC156C7	5DC156C7	0	0	0	0	0	0
n03145	1E24EE6A	1E24EE6A	1E24EE6A	0	0	8	8	8	8
n03146	1E24EE6A	1E24EE6A	1E24EE6A	0	0	8	8	8	8
n03147	1E24EE69	1E24EE69	1E24EE69	0	0	8	8	8	8
n03148	5105193C	5105193C	5105193C	0	0	0	0	0	0
n03149	5105193D	5105193D	5105193D	0	0	0	0	0	0
n03150	5105193C	5105193C	5105193C	0	0	0	0	0	0
n03151	4ED06320	4ED06320	4ED06320	1748078656	1748078656	1748078656	1748078656	1748078656	1748078656
n03152	4ED06321	4ED06321	4ED06321	0	0	1748078656	1748078656	1748078656	1748078656
n03153	4ED06320	4ED06320	4ED06320	0	0	1748078655	1748078655	1748078655	1748078655
n03154	5565FB7C	5565FB7C	5565FB7C	0	0	0	0	0	0
n03155	5565FB7C	5565FB7C	5565FB7C	0	0	0	0	0	0
n03156	5565FB7B	5565FB7B	5565FB7B	0	0	0	0	0	0
n03157	0CFE8F86	0CFE8F86	0CFE8F86	0	0	3	3	3	3
n03158	0CFE8F87	0CFE8F87	0CFE8F87	0	0	3	3	3	3
n03159	0CFE8F86	0CFE8F86	0CFE8F86	0	0	3	3	3	3
n03160	76B71F26	76B71F26	76B71F26	0	0	0	0	0	0
n03161	76B71F26	76B71F26	76B71F26	0	0	0	0	0	0
n03162	76B71F25	76B71F25	76B71F25	0	0	0	0	0	0
n03163	48F12B60	48F12B60	48F12B60	0	0	493915	493915	493915	493915
n03164	48F12B61	48F12B61	48F12B61	0	0	493915	493915	493915	493915
n03165	48F12B60	48F12B60	48F12B60	0	0	493915	493915	493915	493915
n03166	127BDAC4	127BDAC4	127BDAC4	0	0	7	7	7	7
n03167	127BDAC5	127BDAC5	127BDAC5	0	0	7	7	7	7
n03168	127BDAC4	127BDAC4	127BDAC4	0	0	7	7	7	7
n03169	1F5E91C4	1F5E91C4	1F5E91C4	0	0	4	4	4	4
n03170	1F5E91C5	1F5E91C5	1F5E91C5	0	0	4	4	4	4
n03171	1F5E91C4	1F5E91C4	1F5E91C4	0	0	4	4	4	4
n03172	745C95D4	745C95D4	745C95D4	0	0	0	0	0	0
n03173	745C95D5	745C95D5	745C95D5	0	0	0	0	0	0
n03174	745C95D4	745C95D4	745C95D4	0	0	0	0	0	0
n03175	093D86F8	093D86F8	093D86F8	0	0	2	2	2	2
n03176	093D86F8	093D86F8	093D86F8	0	0	2	2	2	2
n03177	093D86F7	093D86F7	093D86F7	0	0	2	2	2	2
n03178	3970E862	3970E862	3970E862	0	0	0	0	0	0
n03179	3970E862	3970E862	3970E862	0	0	0	0	0	0
n03180	3970E861	3970E861	3970E861	0	0	0	0	0	0
n03181	2EBC2EB0	2EBC2EB0	2EBC2EB0	0	0	8	8	8	8
n03182	2EBC2EB1	2EBC2EB1	2EBC2EB1	0	0	8	8	8	8
n03183	2EBC2EB0	2EBC2EB0	2EBC2EB0	0	0	8	8	8	8
n03184	0DD22648	0DD22648	0DD22648	0	0	1	1	1	1
n03185	0DD22649	0DD22649	0DD22649	0	0	1	1	1	1
n03186	0DD22648	0DD22648	0DD22648	0	0	1	1	1	1
n03187	63D23ADC	63D23ADC	63D23ADC	0	0	0	0	0	0
n03188	63D23ADD	63D23ADD	63D23ADD	0	0	0	0	0	0
n03189	63D23ADC	63D23ADC	63D23ADC	0	0	0	0	0	0
n03190	35E55388	35E55388	35E55388	0	0	0	0	0	0
n03191	35E55388	35E55388	35E55388	0	0	0	0	0	0
n03192	35E55387	35E55387	35E55387	0	0	0	0	0	0
n03193	096B62AA	096B62AA	096B62AA	0	0	2	2	2	2
n03194	096B62AA	096B62AA	096B62AA	0	0	2	2	2	2
n03195	096B62A9	096B62A9	096B62A9	0	0	2	2	2	2
n03196	0D9F94C0	0D9F94C0	0D9F94C0	0	0	9	9	9	9
n03197	0D9F94C0	0D9F94C0	0D9F94C0	0	0	9	9	9	9
n03198	0D9F94BF	0D9F94BF	0D9F94BF	0	0	9	9	9	9
n03199	083C7EA2	083C7EA2	083C7EA2	0	0	5	5	5	5
n03200	083C7EA3	083C7EA3	083C7EA3	0	0	5	5	5	5
n03201	083C7EA2	083C7EA2	083C7EA2	0	0	5	5	5	5
n03202	5F2886E2	5F2886E2	5F2886E2	0	0	0	0	0	0
n03203	5F2886E2	5F2886E2	5F2886E2	0	0	0	0	0	0
n03204	5F2886E1	5F2886E1	5F2886E1	0	0	0	0	0	0
n03205	0D6F5A7A	0D6F5A7A	0D6F5A7A	0	0	7	7	7	7
n03206	0D6F5A7A	0D6F5A7A	0D6F5A7A	0	0	7	7	7	7
n03207	0D6F5A79	0D6F5A79	0D6F5A79	0	0	7	7	7	7
n03208	37C95228	37C95228	37C95228	0	0	0	0	0	0
n03209	37C95228	37C95228	37C95228	0	0	0	0	0	0
n03210	37C95227	37C95227	37C95227	0	0	0	0	0	0
n03211	13DD56E4	13DD56E4	13DD56E4	0	0	5	5	5	5
n03212	13DD56E5	13DD56E5	13DD56E5	0	0	5	5	5	5
n03213	13DD56E4	13DD56E4	13DD56E4	0	0	5	5	5	5
n03214	6E799D1C	6E799D1C	6E799D1C	0	0	0	0	0	0
n03215	6E799D1C	6E799D1C	6E799D1C	0	0	0	0	0	0
n03216	6E799D1B	6E799D1B	6E799D1B	0	0	0	0	0	0
n03217	518EB322	518EB322	518EB322	0	0	0	0	0	0
n03218	518EB322	518EB322	518EB322	0	0	0	0	0	0
n03219	518EB321	518EB321	518EB321	0	0	0	0	0	0
n03220	23D1623A	23D1623A	23D1623A	0	0	2	2	2	2
n03221	23D1623B	23D1623B	23D1623B	0	0	2	2	2	2
n03222	23D1623A	23D1623A	23D1623A	0	0	2	2	2	2
n03223	6E65CBC4	6E65CBC4	6E65CBC4	0	0	0	0	0	0
n03224	6E65CBC5	6E65CBC5	6E65CBC5	0	0	0	0	0	0
n03225	6E65CBC4	6E65CBC4	6E65CBC4	0	0	0	0	0	0
n03226	73BBF71C	73BBF71C	73BBF71C	0	0	0	0	0	0
n03227	73BBF71D	73BBF71D	73BBF71D	0	0	0	0	0	0
n03228	73BBF71C	73BBF71C	73BBF71C	0	0	0	0	0	0
n03229	4D9B1CD8	4D9B1CD8	4D9B1CD8	325294832	325294832	325294832	325294832	325294832	325294832
n03230	4D9B1CD8	4D9B1CD8	4D9B1CD8	0	0	325294832	325294832	325294832	325294832
n03231	4D9B1CD7	4D9B1CD7	4D9B1CD7	0	0	325294831	325294831	325294831	325294831
n03232	7C6F2DC2	7C6F2DC2	7C6F2DC2	0	0	0	0	0	0
n03233	7C6F2DC2	7C6F2DC2	7C6F2DC2	0	0	0	0	0	0
n03234	7C6F2DC1	7C6F2DC1	7C6F2DC1	0	0	0	0	0	0
n03235	6E095B84	6E095B84	6E095B84	0	0	0	0	0	0
n03236	6E095B84	6E095B84	6E095B84	0	0	0	0	0	0
n03237	6E095B83	6E095B83	6E095B83	0	0	0	0	0	0
n03238	2A6F8782	2A6F8782	2A6F8782	0	0	2	2	2	2
n03239	2A6F8782	2A6F8782	2A6F8782	0	0	2	2	2	2
n03240	2A6F8781	2A6F8781	2A6F8781	0	0	2	2	2	2
n03241	18ED296E	18ED296E	18ED296E	0	0	6	6	6	6
n03242	18ED296F	18ED296F	18ED296F	0	0	6	6	6	6
n03243	18ED296E	18ED296E	18ED296E	0	0	6	6	6	6
n03244	5C8D6F58	5C8D6F58	5C8D6F58	0	0	0	0	0	0
n03245	5C8D6F59	5C8D6F59	5C8D6F59	0	0	0	0	0	0
n03246	5C8D6F58	5C8D6F58	5C8D6F58	0	0	0	0	0	0
n03247	7AD50BD6	7AD50BD6	7AD50BD6	0	0	0	0	0	0
n03248	7AD50BD6	7AD50BD6	7AD50BD6	0	0	0	0	0	0
n03249	7AD50BD5	7AD50BD5	7AD50BD5	0	0	0	0	0	0
n03250	06A4DFD0	06A4DFD0	06A4DFD0	0	0	6	6	6	6
n03251	06A4DFD0	06A4DFD0	06A4DFD0	0	0	6	6	6	6
n03252	06A4DFCF	06A4DFCF	06A4DFCF	0	0	6	6	6	6
n03253	6699F224	6699F224	6699F224	0	0	0	0	0	0
n03254	6699F224	6699F224	6699F224	0	0	0	0	0	0
n03255	6699F223	6699F223	6699F223	0	0	0	0	0	0
n03256	189279BC	189279BC	189279BC	0	0	3	3	3	3
n03257	189279BD	189279BD	189279BD	0	0	3	3	3	3
n03258	189279BC	189279BC	189279BC	0	0	3	3	3	3
n03259	38CEE5A6	38CEE5A6	38CEE5A6	0	0	0	0	0	0
n03260	38CEE5A6	38CEE5A6	38CEE5A6	0	0	0	0	0	0
n03261	38CEE5A5	38CEE5A5	38CEE5A5	0	0	0	0	0	0
n03262	244E8B2A	244E8B2A	244E8B2A	0	0	4	4	4	4
n03263	244E8B2B	244E8B2B	244E8B2B	0	0	4	4	4	4
n03264	244E8B2A	244E8B2A	244E8B2A	0	0	4	4	4	4
n03265	11E1CCB8	11E1CCB8	11E1CCB8	0	0	3	3	3	3
n03266	11E1CCB8	11E1CCB8	11E1CCB8	0	0	3	3	3	3
n03267	11E1CCB7	11E1CCB7	11E1CCB7	0	0	3	3	3	3
n03268	0BEDFC34	0BEDFC34	0BEDFC34	0	0	9	9	9	9
n03269	0BEDFC35	0BEDFC35	0BEDFC35	0	0	9	9	9	9
n03270	0BEDFC34	0BEDFC34	0BEDFC34	0	0	9	9	9	9
n03271	0395909C	0395909C	0395909C	0	0	8	8	8	8
n03272	0395909C	0395909C	0395909C	0	0	8	8	8	8
n03273	0395909B	0395909B	0395909B	0	0	8	8	8	8
n03274	04724838	04724838	04724838	0	0	2	2	2	2
n03275	04724839	04724839	04724839	0	0	2	2	2	2
n03276	04724838	04724838	04724838	0	0	2	2	2	2
n03277	4D934960	4D934960	4D934960	308882448	308882448	308882448	308882448	308882448	308882448
n03278	4D934961	4D934961	4D934961	0	0	308882448	308882448	308882448	308882448
n03279	4D934960	4D934960	4D934960	0	0	308882447	308882447	308882447	308882447
n03280	209B5092	209B5092	209B5092	0	0	2	2	2	2
n03281	209B5093	209B5093	209B5093	0	0	2	2	2	2
n03282	209B5092	209B5092	209B5092	0	0	2	2	2	2
n03283	6F6726A0	6F6726A0	6F6726A0	0	0	0	0	0	0
n03284	6F6726A1	6F6726A1	6F6726A1	0	0	0	0	0	0
n03285	6F6726A0	6F6726A0	6F6726A0	0	0	0	0	0	0
n03286	3A5DBCD4	3A5DBCD4	3A5DBCD4	0	0	0	0	0	0
n03287	3A5DBCD4	3A5DBCD4	3A5DBCD4	0	0	0	0	0	0
n03288	3A5DBCD3	3A5DBCD3	3A5DBCD3	0	0	0	0	0	0
n03289	1F387596	1F387596	1F387596	0	0	3	3	3	3
n03290	1F387597	1F387597	1F387597	0	0	3	3	3	3
n03291	1F387596	1F387596	1F387596	0	0	3	3	3	3
n03292	19D9F9D4	19D9F9D4	19D9F9D4	0	0	2	2	2	2
n03293	19D9F9D5	19D9F9D5	19D9F9D5	0	0	2	2	2	2
n03294	19D9F9D4	19D9F9D4	19D9F9D4	0	0	2	2	2	2
n03295	69A84C78	69A84C78	69A84C78	0	0	0	0	0	0
n03296	69A84C78	69A84C78	69A84C78	0	0	0	0	0	0
n03297	69A84C77	69A84C77	69A84C77	0	0	0	0	0	0
n03298	2E5D7F2C	2E5D7F2C	2E5D7F2C	0	0	5	5	5	5
n03299	2E5D7F2C	2E5D7F2C	2E5D7F2C	0	0	5	5	5	5
n03300	2E5D7F2B	2E5D7F2B	2E5D7F2B	0	0	5	5	5	5
n03301	0113AD2E	0113AD2E	0113AD2E	0	0	2	2	2	2
n03302	0113AD2F	0113AD2F	0113AD2F	0	0	2	2	2	2
n03303	0113AD2E	0113AD2E	0113AD2E	0	0	2	2	2	2
n03304	6C984EB0	6C984EB0	6C984EB0	0	0	0	0	0	0
n03305	6C984EB1	6C984EB1	6C984EB1	0	0	0	0	0	0
n03306	6C984EB0	6C984EB0	6C984EB0	0	0	0	0	0	0
n03307	6EAD8ED0	6EAD8ED0	6EAD8ED0	0	0	0	0	0	0
n03308	6EAD8ED1	6EAD8ED1	6EAD8ED1	0	0	0	0	0	0
n03309	6EAD8ED0	6EAD8ED0	6EAD8ED0	0	0	0	0	0	0
n03310	17977D76	17977D76	17977D76	0	0	9	9	9	9
n03311	17977D76	17977D76	17977D76	0	0	9	9	9	9
n03312	17977D75	17977D75	17977D75	0	0	9	9	9	9
n03313	4402C4A0	4402C4A0	4402C4A0	0	0	523	523	523	523
n03314	4402C4A1	4402C4A1	4402C4A1	0	0	523	523	523	523
n03315	4402C4A0	4402C4A0	4402C4A0	0	0	523	523	523	523
n03316	0BD494C6	0BD494C6	0BD494C6	0	0	8	8	8	8
n03317	0BD494C6	0BD494C6	0BD494C6	0	0	8	8	8	8
n03318	0BD494C5	0BD494C5	0BD494C5	0	0	8	8	8	8
n03319	6526CA9A	6526CA9A	6526CA9A	0	0	0	0	0	0
n03320	6526CA9A	6526CA9A	6526CA9A	0	0	0	0	0	0
n03321	6526CA99	6526CA99	6526CA99	0	0	0	0	0	0
n03322	54EB1108	54EB1108	54EB1108	0	0	0	0	0	0
n03323	54EB1108	54EB1108	54EB1108	0	0	0	0	0	0
n03324	54EB1107	54EB1107	54EB1107	0	0	0	0	0	0
n03325	00BE01B8	00BE01B8	00BE01B8	0	0	1	1	1	1
n03326	00BE01B9	00BE01B9	00BE01B9	0	0	1	1	1	1
n03327	00BE01B8	00BE01B8	00BE01B8	0	0	1	1	1	1
n03328	27C2B7E4	27C2B7E4	27C2B7E4	0	0	5	5	5	5
n03329	27C2B7E4	27C2B7E4	27C2B7E4	0	0	5	5	5	5
n03330	27C2B7E3	27C2B7E3	27C2B7E3	0	0	5	5	5	5
n03331	10C30766	10C30766	10C30766	0	0	7	7	7	7
n03332	10C30766	10C30766	10C30766	0	0	7	7	7	7
n03333	10C30765	10C30765	10C30765	0	0	7	7	7	7
n03334	7408EE80	7408EE80	7408EE80	0	0	0	0	0	0
n03335	7408EE81	7408EE81	7408EE81	0	0	0	0	0	0
n03336	7408EE80	7408EE80	7408EE80	0	0	0	0	0	0
n03337	3653FE4A	3653FE4A	3653FE4A	0	0	0	0	0	0
n03338	3653FE4A	3653FE4A	3653FE4A	0	0	0	0	0	0
n03339	3653FE49	3653FE49	3653FE49	0	0	0	0	0	0
n03340	2A4F4D02	2A4F4D02	2A4F4D02	0	0	1	1	1	1
n03341	2A4F4D03	2A4F4D03	2A4F4D03	0	0	1	1	1	1
n03342	2A4F4D02	2A4F4D02	2A4F4D02	0	0	1	1	1	1
n03343	2B90BC46	2B90BC46	2B90BC46	0	0	1	1	1	1
n03344	2B90BC46	2B90BC46	2B90BC46	0	0	1	1	1	1
n03345	2B90BC45	2B90BC45	2B90BC45	0	0	1	1	1	1
n03346	1C0161B0	1C0161B0	1C0161B0	0	0	4	4	4	4
n03347	1C0161B0	1C0161B0	1C0161B0	0	0	4	4	4	4
n03348	1C0161AF	1C0161AF	1C0161AF	0	0	4	4	4	4
n03349	4A84962C	4A84962C	4A84962C	0	0	4344598	4344598	4344598	4344598
n03350	4A84962D	4A84962D	4A84962D	0	0	4344598	4344598	4344598	4344598
n03351	4A84962C	4A84962C	4A84962C	0	0	4344598	4344598	4344598	4344598
n03352	55065386	55065386	55065386	0	0	0	0	0	0
n03353	55065386	55065386	55065386	0	0	0	0	0	0
n03354	55065385	55065385	55065385	0	0	0	0	0	0
n03355	4DC5F768	4DC5F768	4DC5F768	415165680	415165680	415165680	415165680	415165680	415165680
n03356	4DC5F768	4DC5F768	4DC5F768	0	0	415165680	415165680	415165680	415165680
n03357	4DC5F767	4DC5F767	4DC5F767	0	0	415165679	415165679	415165679	415165679
n03358	41F9BFE2	41F9BFE2	41F9BFE2	0	0	31	31	31	31
n03359	41F9BFE2	41F9BFE2	41F9BFE2	0	0	31	31	31	31
n03360	41F9BFE1	41F9BFE1	41F9BFE1	0	0	31	31	31	31
n03361	1F58DB0E	1F58DB0E	1F58DB0E	0	0	4	4	4	4
n03362	1F58DB0E	1F58DB0E	1F58DB0E	0	0	4	4	4	4
n03363	1F58DB0D	1F58DB0D	1F58DB0D	0	0	4	4	4	4
n03364	69968E72	69968E72	69968E72	0	0	0	0	0	0
n03365	69968E73	69968E73	69968E73	0	0	0	0	0	0
n03366	69968E72	69968E72	69968E72	0	0	0	0	0	0
n03367	65E9BC54	65E9BC54	65E9BC54	0	0	0	0	0	0
n03368	65E9BC54	65E9BC54	65E9BC54	0	0	0	0	0	0
n03369	65E9BC53	65E9BC53	65E9BC53	0	0	0	0	0	0
n03370	2A3C2584	2A3C2584	2A3C2584	0	0	1	1	1	1
n03371	2A3C2584	2A3C2584	2A3C2584	0	0	1	1	1	1
n03372	2A3C2583	2A3C2583	2A3C2583	0	0	1	1	1	1
n03373	149F86AE	149F86AE	149F86AE	0	0	1	1	1	1
n03374	149F86AF	149F86AF	149F86AF	0	0	1	1	1	1
n03375	149F86AE	149F86AE	149F86AE	0	0	1	1	1	1
n03376	7E27D2B4	7E27D2B4	7E27D2B4	0	0	0	0	0	0
n03377	7E27D2B4	7E27D2B4	7E27D2B4	0	0	0	0	0	0
n03378	7E27D2B3	7E27D2B3	7E27D2B3	0	0	0	0	0	0
n03379	4D835438	4D835438	4D835438	275416816	275416816	275416816	275416816	275416816	275416816
n03380	4D835438	4D835438	4D835438	0	0	275416816	275416816	275416816	275416816
n03381	4D835437	4D835437	4D835437	0	0	275416815	275416815	275416815	275416815
n03382	11BD03D0	11BD03D0	11BD03D0	0	0	2	2	2	2
n03383	11BD03D1	11BD03D1	11BD03D1	0	0	2	2	2	2
n03384	11BD03D0	11BD03D0	11BD03D0	0	0	2	2	2	2
n03385	0B9EA23E	0B9EA23E	0B9EA23E	0	0	6	6	6	6
n03386	0B9EA23E	0B9EA23E	0B9EA23E	0	0	6	6	6	6
n03387	0B9EA23D	0B9EA23D	0B9EA23D	0	0	6	6	6	6
n03388	139F5296	139F5296	139F5296	0	0	4	4	4	4
n03389	139F5296	139F5296	139F5296	0	0	4	4	4	4
n03390	139F5295	139F5295	139F5295	0	0	4	4	4	4
n03391	6FFA62CA	6FFA62CA	6FFA62CA	0	0	0	0	0	0
n03392	6FFA62CB	6FFA62CB	6FFA62CB	0	0	0	0	0	0
n03393	6FFA62CA	6FFA62CA	6FFA62CA	0	0	0	0	0	0
n03394	4C2C038A	4C2C038A	4C2C038A	45092394	45092394	45092394	45092394	45092394	45092394
n03395	4C2C038B	4C2C038B	4C2C038B	0	0	45092394	45092394	45092394	45092394
n03396	4C2C038A	4C2C038A	4C2C038A	0	0	45092393	45092393	45092393	45092393
n03397	60C7B2E0	60C7B2E0	60C7B2E0	0	0	0	0	0	0
n03398	60C7B2E1	60C7B2E1	60C7B2E1	0	0	0	0	0	0
n03399	60C7B2E0	60C7B2E0	60C7B2E0	0	0	0	0	0	0
n03400	5714151C	5714151C	5714151C	0	0	0	0	0	0
n03401	5714151C	5714151C	5714151C	0	0	0	0	0	0
n03402	5714151B	5714151B	5714151B	0	0	0	0	0	0
n03403	53289F82	53289F82	53289F82	0	0	0	0	0	0
n03404	53289F83	53289F83	53289F83	0	0	0	0	0	0
n03405	53289F82	53289F82	53289F82	0	0	0	0	0	0
n03406	329B28C8	329B28C8	329B28C8	0	0	1	1	1	1
n03407	329B28C8	329B28C8	329B28C8	0	0	1	1	1	1
n03408	329B28C7	329B28C7	329B28C7	0	0	1	1	1	1
n03409	25F6001C	25F6001C	25F6001C	0	0	4	4	4	4
n03410	25F6001D	25F6001D	25F6001D	0	0	4	4	4	4
n03411	25F6001C	25F6001C	25F6001C	0	0	4	4	4	4
n03412	1CE0F50E	1CE0F50E	1CE0F50E	0	0	1	1	1	1
n03413	1CE0F50F	1CE0F50F	1CE0F50F	0	0	1	1	1	1
n03414	1CE0F50E	1CE0F50E	1CE0F50E	0	0	1	1	1	1
n03415	56829836	56829836	56829836	0	0	0	0	0	0
n03416	56829836	56829836	56829836	0	0	0	0	0	0
n03417	56829835	56829835	56829835	0	0	0	0	0	0
n03418	02882E4E	02882E4E	02882E4E	0	0	2	2	2	2
n03419	02882E4F	02882E4F	02882E4F	0	0	2	2	2	2
n03420	02882E4E	02882E4E	02882E4E	0	0	2	2	2	2
n03421	09B98CC8	09B98CC8	09B98CC8	0	0	4	4	4	4
n03422	09B98CC8	09B98CC8	09B98CC8	0	0	4	4	4	4
n03423	09B98CC7	09B98CC7	09B98CC7	0	0	4	4	4	4
n03424	2DAB0BCA	2DAB0BCA	2DAB0BCA	0	0	1	1	1	1
n03425	2DAB0BCB	2DAB0BCB	2DAB0BCB	0	0	1	1	1	1
n03426	2DAB0BCA	2DAB0BCA	2DAB0BCA	0	0	1	1	1	1
n03427	1431991E	1431991E	1431991E	0	0	8	8	8	8
n03428	1431991E	1431991E	1431991E	0	0	8	8	8	8
n03429	1431991D	1431991D	1431991D	0	0	8	8	8	8
n03430	57997C7C	57997C7C	57997C7C	0	0	0	0	0	0
n03431	57997C7D	57997C7D	57997C7D	0	0	0	0	0	0
n03432	57997C7C	57997C7C	57997C7C	0	0	0	0	0	0
n03433	70067E7C	70067E7C	70067E7C	0	0	0	0	0	0
n03434	70067E7D	70067E7D	70067E7D	0	0	0	0	0	0
n03435	70067E7C	70067E7C	70067E7C	0	0	0	0	0	0
n03436	2A62CDC6	2A62CDC6	2A62CDC6	0	0	2	2	2	2
n03437	2A62CDC6	2A62CDC6	2A62CDC6	0	0	2	2	2	2
n03438	2A62CDC5	2A62CDC5	2A62CDC5	0	0	2	2	2	2
n03439	5EB16E44	5EB16E44	5EB16E44	0	0	0	0	0	0
n03440	5EB16E45	5EB16E45	5EB16E45	0	0	0	0	0	0
n03441	5EB16E44	5EB16E44	5EB16E44	0	0	0	0	0	0
n03442	13E510BC	13E510BC	13E510BC	0	0	5	5	5	5
n03443	13E510BD	13E510BD	13E510BD	0	0	5	5	5	5
n03444	13E510BC	13E510BC	13E510BC	0	0	5	5	5	5
n03445	2743CCFE	2743CCFE	2743CCFE	0	0	2	2	2	2
n03446	2743CCFE	2743CCFE	2743CCFE	0	0	2	2	2	2
n03447	2743CCFD	2743CCFD	2743CCFD	0	0	2	2	2	2
n03448	5B669BDA	5B669BDA	5B669BDA	0	0	0	0	0	0
n03449	5B669BDB	5B669BDB	5B669BDB	0	0	0	0	0	0
n03450	5B669BDA	5B669BDA	5B669BDA	0	0	0	0	0	0
n03451	10BBAA58	10BBAA58	10BBAA58	0	0	7	7	7	7
n03452	10BBAA58	10BBAA58	10BBAA58	0	0	7	7	7	7
n03453	10BBAA57	10BBAA57	10BBAA57	0	0	7	7	7	7
n03454	5885318E	5885318E	5885318E	0	0	0	0	0	0
n03455	5885318F	5885318F	5885318F	0	0	0	0	0	0
n03456	5885318E	5885318E	5885318E	0	0	0	0	0	0
n03457	0C4A7FE6	0C4A7FE6	0C4A7FE6	0	0	1	1	1	1
n03458	0C4A7FE6	0C4A7FE6	0C4A7FE6	0	0	1	1	1	1
n03459	0C4A7FE5	0C4A7FE5	0C4A7FE5	0	0	1	1	1	1
n03460	046D0F52	046D0F52	046D0F52	0	0	2	2	2	2
n03461	046D0F53	046D0F53	046D0F53	0	0	2	2	2	2
n03462	046D0F52	046D0F52	046D0F52	0	0	2	2	2	2
n03463	3A9D873E	3A9D873E	3A9D873E	0	0	0	0	0	0
n03464	3A9D873F	3A9D873F	3A9D873F	0	0	0	0	0	0
n03465	3A9D873E	3A9D873E	3A9D873E	0	0	0	0	0	0
n03466	4D4F8E04	4D4F8E04	4D4F8E04	217636920	217636920	217636920	217636920	217636920	217636920
n03467	4D4F8E04	4D4F8E04	4D4F8E04	0	0	217636920	217636920	217636920	217636920
n03468	4D4F8E03	4D4F8E03	4D4F8E03	0	0	217636919	217636919	217636919	217636919
n03469	4570F7A0	4570F7A0	4570F7A0	0	0	3855	3855	3855	3855
n03470	4570F7A0	4570F7A0	4570F7A0	0	0	3855	3855	3855	3855
n03471	4570F79F	4570F79F	4570F79F	0	0	3855	3855	3855	3855
n03472	1F40CC0A	1F40CC0A	1F40CC0A	0	0	4	4	4	4
n03473	1F40CC0A	1F40CC0A	1F40CC0A	0	0	4	4	4	4
n03474	1F40CC09	1F40CC09	1F40CC09	0	0	4	4	4	4
n03475	1A0CD154	1A0CD154	1A0CD154	0	0	2	2	2	2
n03476	1A0CD154	1A0CD154	1A0CD154	0	0	2	2	2	2
n03477	1A0CD153	1A0CD153	1A0CD153	0	0	2	2	2	2
n03478	1D8B03EE	1D8B03EE	1D8B03EE	0	0	3	3	3	3
n03479	1D8B03EF	1D8B03EF	1D8B03EF	0	0	3	3	3	3
n03480	1D8B03EE	1D8B03EE	1D8B03EE	0	0	3	3	3	3
n03481	6A75D9D8	6A75D9D8	6A75D9D8	0	0	0	0	0	0
n03482	6A75D9D9	6A75D9D9	6A75D9D9	0	0	0	0	0	0
n03483	6A75D9D8	6A75D9D8	6A75D9D8	0	0	0	0	0	0
n03484	1BE1E982	1BE1E982	1BE1E982	0	0	3	3	3	3
n03485	1BE1E983	1BE1E983	1BE1E983	0	0	3	3	3	3
n03486	1BE1E982	1BE1E982	1BE1E982	0	0	3	3	3	3
n03487	5EDFC1C4	5EDFC1C4	5EDFC1C4	0	0	0	0	0	0
n03488	5EDFC1C5	5EDFC1C5	5EDFC1C5	0	0	0	0	0	0
n03489	5EDFC1C4	5EDFC1C4	5EDFC1C4	0	0	0	0	0	0
n03490	71512850	71512850	71512850	0	0	0	0	0	0
n03491	71512851	71512851	71512851	0	0	0	0	0	0
n03492	71512850	71512850	71512850	0	0	0	0	0	0
n03493	162D4864	162D4864	162D4864	0	0	1	1	1	1
n03494	162D4865	162D4865	162D4865	0	0	1	1	1	1
n03495	162D4864	162D4864	162D4864	0	0	1	1	1	1
n03496	640E79B6	640E79B6	640E79B6	0	0	0	0	0	0
n03497	640E79B7	640E79B7	640E79B7	0	0	0	0	0	0
n03498	640E79B6	640E79B6	640E79B6	0	0	0	0	0	0
n03499	632DC86C	632DC86C	632DC86C	0	0	0	0	0	0
n03500	632DC86D	632DC86D	632DC86D	0	0	0	0	0	0
n03501	632DC86C	632DC86C	632DC86C	0	0	0	0	0	0
n03502	20D3D09A	20D3D09A	20D3D09A	0	0	3	3	3	3
n03503	20D3D09B	20D3D09B	20D3D09B	0	0	3	3	3	3
n03504	20D3D09A	20D3D09A	20D3D09A	0	0	3	3	3	3
n03505	0FAB912C	0FAB912C	0FAB912C	0	0	1	1	1	1
n03506	0FAB912D	0FAB912D	0FAB912D	0	0	1	1	1	1
n03507	0FAB912C	0FAB912C	0FAB912C	0	0	1	1	1	1
n03508	62BF1A0E	62BF1A0E	62BF1A0E	0	0	0	0	0	0
n03509	62BF1A0F	62BF1A0F	62BF1A0F	0	0	0	0	0	0
n03510	62BF1A0E	62BF1A0E	62BF1A0E	0	0	0	0	0	0
n03511	2BE5206E	2BE5206E	2BE5206E	0	0	1	1	1	1
n03512	2BE5206E	2BE5206E	2BE5206E	0	0	1	1	1	1
n03513	2BE5206D	2BE5206D	2BE5206D	0	0	1	1	1	1
n03514	412FBB26	412FBB26	412FBB26	0	0	10	10	10	10
n03515	412FBB27	412FBB27	412FBB27	0	0	10	10	10	10
n03516	412FBB26	412FBB26	412FBB26	0	0	10	10	10	10
n03517	5D539BF8	5D539BF8	5D539BF8	0	0	0	0	0	0
n03518	5D539BF9	5D539BF9	5D539BF9	0	0	0	0	0	0
n03519	5D539BF8	5D539BF8	5D539BF8	0	0	0	0	0	0
n03520	202BAD4A	202BAD4A	202BAD4A	0	0	1	1	1	1
n03521	202BAD4A	202BAD4A	202BAD4A	0	0	1	1	1	1
n03522	202BAD49	202BAD49	202BAD49	0	0	1	1	1	1
n03523	00165DDA	00165DDA	00165DDA	0	0	2	2	2	2
n03524	00165DDA	00165DDA	00165DDA	0	0	2	2	2	2
n03525	00165DD9	00165DD9	00165DD9	0	0	2	2	2	2
n03526	1B5F2D3E	1B5F2D3E	1B5F2D3E	0	0	1	1	1	1
n03527	1B5F2D3E	1B5F2D3E	1B5F2D3E	0	0	1	1	1	1
n03528	1B5F2D3D	1B5F2D3D	1B5F2D3D	0	0	1	1	1	1
n03529	463F7A68	463F7A68	463F7A68	0	0	12254	12254	12254	12254
n03530	463F7A68	463F7A68	463F7A68	0	0	12254	12254	12254	12254
n03531	463F7A67	463F7A67	463F7A67	0	0	12254	12254	12254	12254
n03532	18413D42	18413D42	18413D42	0	0	2	2	2	2
n03533	18413D43	18413D43	18413D43	0	0	2	2	2	2
n03534	18413D42	18413D42	18413D42	0	0	2	2	2	2
n03535	2DD1357E	2DD1357E	2DD1357E	0	0	2	2	2	2
n03536	2DD1357F	2DD1357F	2DD1357F	0	0	2	2	2	2
n03537	2DD1357E	2DD1357E	2DD1357E	0	0	2	2	2	2
n03538	4DD99248	4DD99248	4DD99248	456280304	456280304	456280304	456280304	456280304	456280304
n03539	4DD99248	4DD99248	4DD99248	0	0	456280304	456280304	456280304	456280304
n03540	4DD99247	4DD99247	4DD99247	0	0	456280303	456280303	456280303	456280303
n03541	28222326	28222326	28222326	0	0	9	9	9	9
n03542	28222326	28222326	28222326	0	0	9	9	9	9
n03543	28222325	28222325	28222325	0	0	9	9	9	9
n03544	3FCB13AC	3FCB13AC	3FCB13AC	0	0	1	1	1	1
n03545	3FCB13AD	3FCB13AD	3FCB13AD	0	0	1	1	1	1
n03546	3FCB13AC	3FCB13AC	3FCB13AC	0	0	1	1	1	1
n03547	2B5FA7FE	2B5FA7FE	2B5FA7FE	0	0	7	7	7	7
n03548	2B5FA7FF	2B5FA7FF	2B5FA7FF	0	0	7	7	7	7
n03549	2B5FA7FE	2B5FA7FE	2B5FA7FE	0	0	7	7	7	7
n03550	09B40FA0	09B40FA0	09B40FA0	0	0	4	4	4	4
n03551	09B40FA0	09B40FA0	09B40FA0	0	0	4	4	4	4
n03552	09B40F9F	09B40F9F	09B40F9F	0	0	4	4	4	4
n03553	54664496	54664496	54664496	0	0	0	0	0	0
n03554	54664496	54664496	54664496	0	0	0	0	0	0
n03555	54664495	54664495	54664495	0	0	0	0	0	0
n03556	4F72F134	4F72F134	4F72F134	0	0	0	0	0	0
n03557	4F72F134	4F72F134	4F72F134	0	0	0	0	0	0
n03558	4F72F133	4F72F133	4F72F133	0	0	0	0	0	0
n03559	10C074BA	10C074BA	10C074BA	0	0	7	7	7	7
n03560	10C074BB	10C074BB	10C074BB	0	0	7	7	7	7
n03561	10C074BA	10C074BA	10C074BA	0	0	7	7	7	7
n03562	21416C82	21416C82	21416C82	0	0	6	6	6	6
n03563	21416C82	21416C82	21416C82	0	0	6	6	6	6
n03564	21416C81	21416C81	21416C81	0	0	6	6	6	6
n03565	278E8AC8	278E8AC8	278E8AC8	0	0	3	3	3	3
n03566	278E8AC8	278E8AC8	278E8AC8	0	0	3	3	3	3
n03567	278E8AC7	278E8AC7	278E8AC7	0	0	3	3	3	3
n03568	35BEF6CC	35BEF6CC	35BEF6CC	0	0	0	0	0	0
n03569	35BEF6CC	35BEF6CC	35BEF6CC	0	0	0	0	0	0
n03570	35BEF6CB	35BEF6CB	35BEF6CB	0	0	0	0	0	0
n03571	70AF8EEC	70AF8EEC	70AF8EEC	0	0	0	0	0	0
n03572	70AF8EED	70AF8EED	70AF8EED	0	0	0	0	0	0
n03573	70AF8EEC	70AF8EEC	70AF8EEC	0	0	0	0	0	0
n03574	613A7BEC	613A7BEC	613A7BEC	0	0	0	0	0	0
n03575	613A7BEC	613A7BEC	613A7BEC	0	0	0	0	0	0
n03576	613A7BEB	613A7BEB	613A7BEB	0	0	0	0	0	0
n03577	1E1DA89E	1E1DA89E	1E1DA89E	0	0	8	8	8	8
n03578	1E1DA89E	1E1DA89E	1E1DA89E	0	0	8	8	8	8
n03579	1E1DA89D	1E1DA89D	1E1DA89D	0	0	8	8	8	8
n03580	6E2EA124	6E2EA124	6E2EA124	0	0	0	0	0	0
n03581	6E2EA124	6E2EA124	6E2EA124	0	0	0	0	0	0
n03582	6E2EA123	6E2EA123	6E2EA123	0	0	0	0	0	0
n03583	71132B46	71132B46	71132B46	0	0	0	0	0	0
n03584	71132B46	71132B46	71132B46	0	0	0	0	0	0
n03585	71132B45	71132B45	71132B45	0	0	0	0	0	0
n03586	1AD078C8	1AD078C8	1AD078C8	0	0	8	8	8	8
n03587	1AD078C9	1AD078C9	1AD078C9	0	0	8	8	8	8
n03588	1AD078C8	1AD078C8	1AD078C8	0	0	8	8	8	8
n03589	1417FBC0	1417FBC0	1417FBC0	0	0	7	7	7	7
n03590	1417FBC1	1417FBC1	1417FBC1	0	0	7	7	7	7
n03591	1417FBC0	1417FBC0	1417FBC0	0	0	7	7	7	7
n03592	7BB82960	7BB82960	7BB82960	0	0	0	0	0	0
n03593	7BB82961	7BB82961	7BB82961	0	0	0	0	0	0
n03594	7BB82960	7BB82960	7BB82960	0	0	0	0	0	0
n03595	11212DCA	11212DCA	11212DCA	0	0	1	1	1	1
n03596	11212DCB	11212DCB	11212DCB	0	0	1	1	1	1
n03597	11212DCA	11212DCA	11212DCA	0	0	1	1	1	1
n03598	5377A78C	5377A78C	5377A78C	0	0	0	0	0	0
n03599	5377A78C	5377A78C	5377A78C	0	0	0	0	0	0
n03600	5377A78B	5377A78B	5377A78B	0	0	0	0	0	0
n03601	3A468468	3A468468	3A468468	0	0	0	0	0	0
n03602	3A468468	3A468468	3A468468	0	0	0	0	0	0
n03603	3A468467	3A468467	3A468467	0	0	0	0	0	0
n03604	59F06BB8	59F06BB8	59F06BB8	0	0	0	0	0	0
n03605	59F06BB8	59F06BB8	59F06BB8	0	0	0	0	0	0
n03606	59F06BB7	59F06BB7	59F06BB7	0	0	0	0	0	0
n03607	7AC23900	7AC23900	7AC23900	0	0	0	0	0	0
n03608	7AC23900	7AC23900	7AC23900	0	0	0	0	0	0
n03609	7AC238FF	7AC238FF	7AC238FF	0	0	0	0	0	0
n03610	5EF97B3E	5EF97B3E	5EF97B3E	0	0	0	0	0	0
n03611	5EF97B3F	5EF97B3F	5EF97B3F	0	0	0	0	0	0
n03612	5EF97B3E	5EF97B3E	5EF97B3E	0	0	0	0	0	0
n03613	714DD84E	714DD84E	714DD84E	0	0	0	0	0	0
n03614	714DD84E	714DD84E	714DD84E	0	0	0	0	0	0
n03615	714DD84D	714DD84D	714DD84D	0	0	0	0	0	0
n03616	1E9BA27E	1E9BA27E	1E9BA27E	0	0	1	1	1	1
n03617	1E9BA27E	1E9BA27E	1E9BA27E	0	0	1	1	1	1
n03618	1E9BA27D	1E9BA27D	1E9BA27D	0	0	1	1	1	1
n03619	78C835EA	78C835EA	78C835EA	0	0	0	0	0	0
n03620	78C835EA	78C835EA	78C835EA	0	0	0	0	0	0
n03621	78C835E9	78C835E9	78C835E9	0	0	0	0	0	0
