case,tick,sequence,before_oid,before_action,before_timer,before_x,before_y,before_z,before_precise_x,before_precise_y,before_precise_z,before_fractional,after_oid,after_action,after_timer,after_x,after_y,after_z,after_precise_x,after_precise_y,after_precise_z,fused,defused,unresolved,crt_state,crt_calls,sync_counter,sync_index,sync_calls
neutral,1,1,7,9,0,320,0,600,320,0,600,0,7,650,0,340,0,600,340,0,600,0,0,0,1758127634,3000,0,0,0
neutral,2,2,7,650,0,340,0,600,340,0,600,0,7,650,0,360,0,600,360,0,600,0,0,0,1758127634,3000,0,0,0
neutral,3,3,7,650,0,360,0,600,360,0,600,0,7,651,0,380,0,600,380,0,600,0,0,0,1758127634,3000,0,0,0
neutral,4,4,7,651,0,380,0,600,380,0,600,0,7,651,0,400,0,600,400,0,600,0,0,0,1758127634,3000,0,0,0
neutral,5,5,7,651,0,400,0,600,400,0,600,0,7,651,0,420,0,600,420,0,600,0,0,0,1758127634,3000,0,0,0
neutral,6,6,7,651,0,420,0,600,420,0,600,0,7,652,0,440,0,600,440,0,600,0,0,0,1758127634,3000,0,0,0
neutral,7,7,7,652,0,440,0,600,440,0,600,0,7,652,0,460,0,600,460,0,600,0,0,0,1758127634,3000,0,0,0
neutral,8,8,7,652,0,460,0,600,460,0,600,0,7,652,0,480,0,600,480,0,600,0,0,0,1758127634,3000,0,0,0
neutral,9,9,7,652,0,480,0,600,480,0,600,0,7,650,0,500,0,600,500,0,600,0,0,0,1758127634,3000,0,0,0
neutral,10,10,7,650,0,500,0,600,500,0,600,0,7,650,0,520,0,600,520,0,600,0,0,0,1758127634,3000,0,0,0
neutral,11,11,7,650,0,520,0,600,520,0,600,0,7,650,0,540,0,600,540,0,600,0,0,0,1758127634,3000,0,0,0
neutral,12,12,7,650,0,540,0,600,540,0,600,0,7,651,0,560,0,600,560,0,600,0,0,0,1758127634,3000,0,0,0
neutral,13,13,7,651,0,560,0,600,560,0,600,0,7,651,0,580,0,600,580,0,600,0,0,0,1758127634,3000,0,0,0
neutral,14,14,7,651,0,580,0,600,580,0,600,0,7,651,0,600,0,600,600,0,600,0,0,0,1758127634,3000,0,0,0
neutral,15,15,7,651,0,600,0,600,600,0,600,0,7,652,0,620,0,600,620,0,600,0,0,0,1758127634,3000,0,0,0
neutral,16,16,7,652,0,620,0,600,620,0,600,0,7,652,0,640,0,600,640,0,600,0,0,0,1758127634,3000,0,0,0
neutral,17,17,7,652,0,640,0,600,640,0,600,0,7,652,0,660,0,600,660,0,600,0,0,0,1758127634,3000,0,0,0
neutral,18,18,7,652,0,660,0,600,660,0,600,0,7,650,0,680,0,600,680,0,600,0,0,0,1758127634,3000,0,0,0
neutral,19,19,7,650,0,680,0,600,680,0,600,0,7,650,0,700,0,600,700,0,600,0,0,0,1758127634,3000,0,0,0
neutral,20,20,7,650,0,700,0,600,700,0,600,0,7,650,0,720,0,600,720,0,600,0,0,0,1758127634,3000,0,0,0
neutral,21,21,7,650,0,720,0,600,720,0,600,0,7,651,0,740,0,600,740,0,600,0,0,0,1758127634,3000,0,0,0
neutral,22,22,7,651,0,740,0,600,740,0,600,0,7,651,0,760,0,600,760,0,600,0,0,0,1758127634,3000,0,0,0
neutral,23,23,7,651,0,760,0,600,760,0,600,0,7,651,0,780,0,600,780,0,600,0,0,0,1758127634,3000,0,0,0
neutral,24,24,7,651,0,780,0,600,780,0,600,0,7,652,0,800,0,600,800,0,600,0,0,0,1758127634,3000,0,0,0
neutral,25,25,7,652,0,800,0,600,800,0,600,0,7,652,0,820,0,600,820,0,600,0,0,0,1758127634,3000,0,0,0
neutral,26,26,7,652,0,820,0,600,820,0,600,0,7,652,0,840,0,600,840,0,600,0,0,0,1758127634,3000,0,0,0
neutral,27,27,7,652,0,840,0,600,840,0,600,0,7,650,0,860,0,600,860,0,600,0,0,0,1758127634,3000,0,0,0
neutral,28,28,7,650,0,860,0,600,860,0,600,0,7,650,0,880,0,600,880,0,600,0,0,0,1758127634,3000,0,0,0
neutral,29,29,7,650,0,880,0,600,880,0,600,0,7,650,0,900,0,600,900,0,600,0,0,0,1758127634,3000,0,0,0
neutral,30,30,7,650,0,900,0,600,900,0,600,0,7,651,0,920,0,600,920,0,600,0,0,0,1758127634,3000,0,0,0
neutral,31,31,7,651,0,920,0,600,920,0,600,0,7,651,0,940,0,600,940,0,600,0,0,0,1758127634,3000,0,0,0
neutral,32,32,7,651,0,940,0,600,940,0,600,0,7,651,0,960,0,600,960,0,600,0,0,0,1758127634,3000,0,0,0
neutral,33,33,7,651,0,960,0,600,960,0,600,0,7,652,0,980,0,600,980,0,600,0,0,0,1758127634,3000,0,0,0
neutral,34,34,7,652,0,980,0,600,980,0,600,0,7,652,0,1000,0,600,1000,0,600,0,0,0,1758127634,3000,0,0,0
neutral,35,35,7,652,0,1000,0,600,1000,0,600,0,7,652,0,1020,0,600,1020,0,600,0,0,0,1758127634,3000,0,0,0
neutral,36,36,7,652,0,1020,0,600,1020,0,600,0,7,650,0,1040,0,600,1040,0,600,0,0,0,1758127634,3000,0,0,0
neutral,37,37,7,650,0,1040,0,600,1040,0,600,0,7,650,0,1060,0,600,1060,0,600,0,0,0,1758127634,3000,0,0,0
neutral,38,38,7,650,0,1060,0,600,1060,0,600,0,7,650,0,1080,0,600,1080,0,600,0,0,0,1758127634,3000,0,0,0
neutral,39,39,7,650,0,1080,0,600,1080,0,600,0,7,651,0,1100,0,600,1100,0,600,0,0,0,1758127634,3000,0,0,0
neutral,40,40,7,651,0,1100,0,600,1100,0,600,0,7,651,0,1120,0,600,1120,0,600,0,0,0,1758127634,3000,0,0,0
neutral,41,41,7,651,0,1120,0,600,1120,0,600,0,7,651,0,1140,0,600,1140,0,600,0,0,0,1758127634,3000,0,0,0
neutral,42,42,7,651,0,1140,0,600,1140,0,600,0,7,652,0,1160,0,600,1160,0,600,0,0,0,1758127634,3000,0,0,0
neutral,43,43,7,652,0,1160,0,600,1160,0,600,0,7,652,0,1180,0,600,1180,0,600,0,0,0,1758127634,3000,0,0,0
neutral,44,44,7,652,0,1180,0,600,1180,0,600,0,7,652,0,1200,0,600,1200,0,600,0,0,0,1758127634,3000,0,0,0
neutral,45,45,7,652,0,1200,0,600,1200,0,600,0,7,650,0,1220,0,600,1220,0,600,0,0,0,1758127634,3000,0,0,0
neutral,46,46,7,650,0,1220,0,600,1220,0,600,0,7,650,0,1240,0,600,1240,0,600,0,0,0,1758127634,3000,0,0,0
neutral,47,47,7,650,0,1240,0,600,1240,0,600,0,7,650,0,1260,0,600,1260,0,600,0,0,0,1758127634,3000,0,0,0
neutral,48,48,7,650,0,1260,0,600,1260,0,600,0,7,651,0,1280,0,600,1280,0,600,0,0,0,1758127634,3000,0,0,0
neutral,49,49,7,651,0,1280,0,600,1280,0,600,0,7,651,0,1300,0,600,1300,0,600,0,0,0,1758127634,3000,0,0,0
neutral,50,50,7,651,0,1300,0,600,1300,0,600,0,7,651,0,1320,0,600,1320,0,600,0,0,0,1758127634,3000,0,0,0
neutral,51,51,7,651,0,1320,0,600,1320,0,600,0,7,652,0,1330,0,600,1330,0,600,0,0,0,1758127634,3000,0,0,0
neutral,52,52,7,652,0,1330,0,600,1330,0,600,0,7,652,0,1330,0,600,1330,0,600,0,0,0,1758127634,3000,0,0,0
neutral,53,53,7,652,0,1330,0,600,1330,0,600,0,7,652,0,1330,0,600,1330,0,600,0,0,0,1758127634,3000,0,0,0
neutral,54,54,7,652,0,1330,0,600,1330,0,600,0,7,650,0,1330,0,600,1330,0,600,0,0,0,1758127634,3000,0,0,0
neutral,55,55,7,650,0,1330,0,600,1330,0,600,0,7,650,0,1330,0,600,1330,0,600,0,0,0,1758127634,3000,0,0,0
neutral,56,56,7,650,0,1330,0,600,1330,0,600,0,7,650,0,1330,0,600,1330,0,600,0,0,0,1758127634,3000,0,0,0
neutral,57,57,7,650,0,1330,0,600,1330,0,600,0,7,651,0,1330,0,600,1330,0,600,0,0,0,1758127634,3000,0,0,0
neutral,58,58,7,651,0,1330,0,600,1330,0,600,0,7,651,0,1330,0,600,1330,0,600,0,0,0,1758127634,3000,0,0,0
neutral,59,59,7,651,0,1330,0,600,1330,0,600,0,7,651,0,1330,0,600,1330,0,600,0,0,0,1758127634,3000,0,0,0
neutral,60,60,7,651,0,1330,0,600,1330,0,600,0,7,652,0,1330,0,600,1330,0,600,0,0,0,1758127634,3000,0,0,0
neutral,61,61,7,652,0,1330,0,600,1330,0,600,0,7,652,0,1330,0,600,1330,0,600,0,0,0,1758127634,3000,0,0,0
neutral,62,62,7,652,0,1330,0,600,1330,0,600,0,7,652,0,1330,0,600,1330,0,600,0,0,0,1758127634,3000,0,0,0
neutral,63,63,7,652,0,1330,0,600,1330,0,600,0,7,650,0,1330,0,600,1330,0,600,0,0,0,1758127634,3000,0,0,0
neutral,64,64,7,650,0,1330,0,600,1330,0,600,0,7,650,0,1330,0,600,1330,0,600,0,0,0,1758127634,3000,0,0,0
neutral,65,65,7,650,0,1330,0,600,1330,0,600,0,7,650,0,1330,0,600,1330,0,600,0,0,0,1758127634,3000,0,0,0
neutral,66,66,7,650,0,1330,0,600,1330,0,600,0,7,651,0,1330,0,600,1330,0,600,0,0,0,1758127634,3000,0,0,0
neutral,67,67,7,651,0,1330,0,600,1330,0,600,0,7,651,0,1330,0,600,1330,0,600,0,0,0,1758127634,3000,0,0,0
neutral,68,68,7,651,0,1330,0,600,1330,0,600,0,7,651,0,1330,0,600,1330,0,600,0,0,0,1758127634,3000,0,0,0
neutral,69,69,7,651,0,1330,0,600,1330,0,600,0,7,652,0,1330,0,600,1330,0,600,0,0,0,1758127634,3000,0,0,0
neutral,70,70,7,652,0,1330,0,600,1330,0,600,0,7,652,0,1330,0,600,1330,0,600,0,0,0,1758127634,3000,0,0,0
neutral,71,71,7,652,0,1330,0,600,1330,0,600,0,7,652,0,1330,0,600,1330,0,600,0,0,0,1758127634,3000,0,0,0
neutral,72,72,7,652,0,1330,0,600,1330,0,600,0,7,650,0,1330,0,600,1330,0,600,0,0,0,1758127634,3000,0,0,0
neutral,73,73,7,650,0,1330,0,600,1330,0,600,0,7,650,0,1330,0,600,1330,0,600,0,0,0,1758127634,3000,0,0,0
neutral,74,74,7,650,0,1330,0,600,1330,0,600,0,7,650,0,1330,0,600,1330,0,600,0,0,0,1758127634,3000,0,0,0
neutral,75,75,7,650,0,1330,0,600,1330,0,600,0,7,651,0,1330,0,600,1330,0,600,0,0,0,1758127634,3000,0,0,0
neutral,76,76,7,651,0,1330,0,600,1330,0,600,0,7,651,0,1330,0,600,1330,0,600,0,0,0,1758127634,3000,0,0,0
neutral,77,77,7,651,0,1330,0,600,1330,0,600,0,7,651,0,1330,0,600,1330,0,600,0,0,0,1758127634,3000,0,0,0
neutral,78,78,7,651,0,1330,0,600,1330,0,600,0,7,652,0,1330,0,600,1330,0,600,0,0,0,1758127634,3000,0,0,0
neutral,79,79,7,652,0,1330,0,600,1330,0,600,0,7,652,0,1330,0,600,1330,0,600,0,0,0,1758127634,3000,0,0,0
neutral,80,80,7,652,0,1330,0,600,1330,0,600,0,7,652,0,1330,0,600,1330,0,600,0,0,0,1758127634,3000,0,0,0
neutral,81,81,7,652,0,1330,0,600,1330,0,600,0,7,650,0,1330,0,600,1330,0,600,0,0,0,1758127634,3000,0,0,0
neutral,82,82,7,650,0,1330,0,600,1330,0,600,0,7,650,0,1330,0,600,1330,0,600,0,0,0,1758127634,3000,0,0,0
neutral,83,83,7,650,0,1330,0,600,1330,0,600,0,7,650,0,1330,0,600,1330,0,600,0,0,0,1758127634,3000,0,0,0
neutral,84,84,7,650,0,1330,0,600,1330,0,600,0,7,651,0,1330,0,600,1330,0,600,0,0,0,1758127634,3000,0,0,0
neutral,85,85,7,651,0,1330,0,600,1330,0,600,0,7,651,0,1330,0,600,1330,0,600,0,0,0,1758127634,3000,0,0,0
neutral,86,86,7,651,0,1330,0,600,1330,0,600,0,7,651,0,1330,0,600,1330,0,600,0,0,0,1758127634,3000,0,0,0
neutral,87,87,7,651,0,1330,0,600,1330,0,600,0,7,652,0,1330,0,600,1330,0,600,0,0,0,1758127634,3000,0,0,0
neutral,88,88,7,652,0,1330,0,600,1330,0,600,0,7,652,0,1330,0,600,1330,0,600,0,0,0,1758127634,3000,0,0,0
neutral,89,89,7,652,0,1330,0,600,1330,0,600,0,7,652,0,1330,0,600,1330,0,600,0,0,0,1758127634,3000,0,0,0
neutral,90,90,7,652,0,1330,0,600,1330,0,600,0,7,650,0,1330,0,600,1330,0,600,0,0,0,1758127634,3000,0,0,0
neutral,91,91,7,650,0,1330,0,600,1330,0,600,0,7,650,0,1330,0,600,1330,0,600,0,0,0,1758127634,3000,0,0,0
neutral,92,92,7,650,0,1330,0,600,1330,0,600,0,7,650,0,1330,0,600,1330,0,600,0,0,0,1758127634,3000,0,0,0
neutral,93,93,7,650,0,1330,0,600,1330,0,600,0,7,651,0,1330,0,600,1330,0,600,0,0,0,1758127634,3000,0,0,0
neutral,94,94,7,651,0,1330,0,600,1330,0,600,0,7,651,0,1330,0,600,1330,0,600,0,0,0,1758127634,3000,0,0,0
neutral,95,95,7,651,0,1330,0,600,1330,0,600,0,7,651,0,1330,0,600,1330,0,600,0,0,0,1758127634,3000,0,0,0
neutral,96,96,7,651,0,1330,0,600,1330,0,600,0,7,652,0,1330,0,600,1330,0,600,0,0,0,1758127634,3000,0,0,0
neutral,97,97,7,652,0,1330,0,600,1330,0,600,0,7,652,0,1330,0,600,1330,0,600,0,0,0,1758127634,3000,0,0,0
neutral,98,98,7,652,0,1330,0,600,1330,0,600,0,7,652,0,1330,0,600,1330,0,600,0,0,0,1758127634,3000,0,0,0
neutral,99,99,7,652,0,1330,0,600,1330,0,600,0,7,650,0,1330,0,600,1330,0,600,0,0,0,1758127634,3000,0,0,0
neutral,100,100,7,650,0,1330,0,600,1330,0,600,0,7,650,0,1330,0,600,1330,0,600,0,0,0,1758127634,3000,0,0,0
neutral,101,101,7,650,0,1330,0,600,1330,0,600,0,7,650,0,1330,0,600,1330,0,600,0,0,0,1758127634,3000,0,0,0
neutral,102,102,7,650,0,1330,0,600,1330,0,600,0,7,651,0,1330,0,600,1330,0,600,0,0,0,1758127634,3000,0,0,0
neutral,103,103,7,651,0,1330,0,600,1330,0,600,0,7,651,0,1330,0,600,1330,0,600,0,0,0,1758127634,3000,0,0,0
neutral,104,104,7,651,0,1330,0,600,1330,0,600,0,7,651,0,1330,0,600,1330,0,600,0,0,0,1758127634,3000,0,0,0
neutral,105,105,7,651,0,1330,0,600,1330,0,600,0,7,652,0,1330,0,600,1330,0,600,0,0,0,1758127634,3000,0,0,0
neutral,106,106,7,652,0,1330,0,600,1330,0,600,0,7,652,0,1330,0,600,1330,0,600,0,0,0,1758127634,3000,0,0,0
neutral,107,107,7,652,0,1330,0,600,1330,0,600,0,7,652,0,1330,0,600,1330,0,600,0,0,0,1758127634,3000,0,0,0
neutral,108,108,7,652,0,1330,0,600,1330,0,600,0,7,650,0,1330,0,600,1330,0,600,0,0,0,1758127634,3000,0,0,0
neutral,109,109,7,650,0,1330,0,600,1330,0,600,0,7,650,0,1330,0,600,1330,0,600,0,0,0,1758127634,3000,0,0,0
neutral,110,110,7,650,0,1330,0,600,1330,0,600,0,7,650,0,1330,0,600,1330,0,600,0,0,0,1758127634,3000,0,0,0
neutral,111,111,7,650,0,1330,0,600,1330,0,600,0,7,651,0,1330,0,600,1330,0,600,0,0,0,1758127634,3000,0,0,0
neutral,112,112,7,651,0,1330,0,600,1330,0,600,0,7,651,0,1330,0,600,1330,0,600,0,0,0,1758127634,3000,0,0,0
neutral,113,113,7,651,0,1330,0,600,1330,0,600,0,7,651,0,1330,0,600,1330,0,600,0,0,0,1758127634,3000,0,0,0
neutral,114,114,7,651,0,1330,0,600,1330,0,600,0,7,652,0,1330,0,600,1330,0,600,0,0,0,1758127634,3000,0,0,0
neutral,115,115,7,652,0,1330,0,600,1330,0,600,0,7,652,0,1330,0,600,1330,0,600,0,0,0,1758127634,3000,0,0,0
neutral,116,116,7,652,0,1330,0,600,1330,0,600,0,7,652,0,1330,0,600,1330,0,600,0,0,0,1758127634,3000,0,0,0
neutral,117,117,7,652,0,1330,0,600,1330,0,600,0,7,650,0,1330,0,600,1330,0,600,0,0,0,1758127634,3000,0,0,0
neutral,118,118,7,650,0,1330,0,600,1330,0,600,0,7,650,0,1330,0,600,1330,0,600,0,0,0,1758127634,3000,0,0,0
neutral,119,119,7,650,0,1330,0,600,1330,0,600,0,7,650,0,1330,0,600,1330,0,600,0,0,0,1758127634,3000,0,0,0
neutral,120,120,7,650,0,1330,0,600,1330,0,600,0,7,651,0,1330,0,600,1330,0,600,0,0,0,1758127634,3000,0,0,0
neutral,121,121,7,651,0,1330,0,600,1330,0,600,0,7,651,0,1330,0,600,1330,0,600,0,0,0,1758127634,3000,0,0,0
neutral,122,122,7,651,0,1330,0,600,1330,0,600,0,7,651,0,1330,0,600,1330,0,600,0,0,0,1758127634,3000,0,0,0
neutral,123,123,7,651,0,1330,0,600,1330,0,600,0,7,652,0,1330,0,600,1330,0,600,0,0,0,1758127634,3000,0,0,0
neutral,124,124,7,652,0,1330,0,600,1330,0,600,0,7,652,0,1330,0,600,1330,0,600,0,0,0,1758127634,3000,0,0,0
neutral,125,125,7,652,0,1330,0,600,1330,0,600,0,7,652,0,1330,0,600,1330,0,600,0,0,0,1758127634,3000,0,0,0
neutral,126,126,7,652,0,1330,0,600,1330,0,600,0,7,650,0,1330,0,600,1330,0,600,0,0,0,1758127634,3000,0,0,0
neutral,127,127,7,650,0,1330,0,600,1330,0,600,0,7,650,0,1330,0,600,1330,0,600,0,0,0,1758127634,3000,0,0,0
neutral,128,128,7,650,0,1330,0,600,1330,0,600,0,7,650,0,1330,0,600,1330,0,600,0,0,0,1758127634,3000,0,0,0
neutral,129,129,7,650,0,1330,0,600,1330,0,600,0,7,651,0,1330,0,600,1330,0,600,0,0,0,1758127634,3000,0,0,0
neutral,130,130,7,651,0,1330,0,600,1330,0,600,0,7,651,0,1330,0,600,1330,0,600,0,0,0,1758127634,3000,0,0,0
neutral,131,131,7,651,0,1330,0,600,1330,0,600,0,7,651,0,1330,0,600,1330,0,600,0,0,0,1758127634,3000,0,0,0
neutral,132,132,7,651,0,1330,0,600,1330,0,600,0,7,652,0,1330,0,600,1330,0,600,0,0,0,1758127634,3000,0,0,0
neutral,133,133,7,652,0,1330,0,600,1330,0,600,0,7,652,0,1330,0,600,1330,0,600,0,0,0,1758127634,3000,0,0,0
neutral,134,134,7,652,0,1330,0,600,1330,0,600,0,7,652,0,1330,0,600,1330,0,600,0,0,0,1758127634,3000,0,0,0
neutral,135,135,7,652,0,1330,0,600,1330,0,600,0,7,650,0,1330,0,600,1330,0,600,0,0,0,1758127634,3000,0,0,0
neutral,136,136,7,650,0,1330,0,600,1330,0,600,0,7,650,0,1330,0,600,1330,0,600,0,0,0,1758127634,3000,0,0,0
neutral,137,137,7,650,0,1330,0,600,1330,0,600,0,7,650,0,1330,0,600,1330,0,600,0,0,0,1758127634,3000,0,0,0
neutral,138,138,7,650,0,1330,0,600,1330,0,600,0,7,651,0,1330,0,600,1330,0,600,0,0,0,1758127634,3000,0,0,0
neutral,139,139,7,651,0,1330,0,600,1330,0,600,0,7,651,0,1330,0,600,1330,0,600,0,0,0,1758127634,3000,0,0,0
neutral,140,140,7,651,0,1330,0,600,1330,0,600,0,7,651,0,1330,0,600,1330,0,600,0,0,0,1758127634,3000,0,0,0
neutral,141,141,7,651,0,1330,0,600,1330,0,600,0,7,652,0,1330,0,600,1330,0,600,0,0,0,1758127634,3000,0,0,0
neutral,142,142,7,652,0,1330,0,600,1330,0,600,0,7,652,0,1330,0,600,1330,0,600,0,0,0,1758127634,3000,0,0,0
neutral,143,143,7,652,0,1330,0,600,1330,0,600,0,7,652,0,1330,0,600,1330,0,600,0,0,0,1758127634,3000,0,0,0
neutral,144,144,7,652,0,1330,0,600,1330,0,600,0,7,650,0,1330,0,600,1330,0,600,0,0,0,1758127634,3000,0,0,0
neutral,145,145,7,650,0,1330,0,600,1330,0,600,0,7,650,0,1330,0,600,1330,0,600,0,0,0,1758127634,3000,0,0,0
neutral,146,146,7,650,0,1330,0,600,1330,0,600,0,7,650,0,1330,0,600,1330,0,600,0,0,0,1758127634,3000,0,0,0
neutral,147,147,7,650,0,1330,0,600,1330,0,600,0,7,651,0,1330,0,600,1330,0,600,0,0,0,1758127634,3000,0,0,0
neutral,148,148,7,651,0,1330,0,600,1330,0,600,0,7,651,0,1330,0,600,1330,0,600,0,0,0,1758127634,3000,0,0,0
neutral,149,149,7,651,0,1330,0,600,1330,0,600,0,7,651,0,1330,0,600,1330,0,600,0,0,0,1758127634,3000,0,0,0
neutral,150,150,7,651,0,1330,0,600,1330,0,600,0,7,652,0,1330,0,600,1330,0,600,0,0,0,1758127634,3000,0,0,0
neutral,151,151,7,652,0,1330,0,600,1330,0,600,0,7,652,0,1330,0,600,1330,0,600,0,0,0,1758127634,3000,0,0,0
neutral,152,152,7,652,0,1330,0,600,1330,0,600,0,7,652,0,1330,0,600,1330,0,600,0,0,0,1758127634,3000,0,0,0
neutral,153,153,7,652,0,1330,0,600,1330,0,600,0,7,650,0,1330,0,600,1330,0,600,0,0,0,1758127634,3000,0,0,0
neutral,154,154,7,650,0,1330,0,600,1330,0,600,0,7,650,0,1330,0,600,1330,0,600,0,0,0,1758127634,3000,0,0,0
neutral,155,155,7,650,0,1330,0,600,1330,0,600,0,7,650,0,1330,0,600,1330,0,600,0,0,0,1758127634,3000,0,0,0
neutral,156,156,7,650,0,1330,0,600,1330,0,600,0,7,651,0,1330,0,600,1330,0,600,0,0,0,1758127634,3000,0,0,0
neutral,157,157,7,651,0,1330,0,600,1330,0,600,0,7,651,0,1330,0,600,1330,0,600,0,0,0,1758127634,3000,0,0,0
neutral,158,158,7,651,0,1330,0,600,1330,0,600,0,7,651,0,1330,0,600,1330,0,600,0,0,0,1758127634,3000,0,0,0
neutral,159,159,7,651,0,1330,0,600,1330,0,600,0,7,652,0,1330,0,600,1330,0,600,0,0,0,1758127634,3000,0,0,0
neutral,160,160,7,652,0,1330,0,600,1330,0,600,0,7,652,0,1330,0,600,1330,0,600,0,0,0,1758127634,3000,0,0,0
neutral,161,161,7,652,0,1330,0,600,1330,0,600,0,7,652,0,1330,0,600,1330,0,600,0,0,0,1758127634,3000,0,0,0
neutral,162,162,7,652,0,1330,0,600,1330,0,600,0,7,650,0,1330,0,600,1330,0,600,0,0,0,1758127634,3000,0,0,0
neutral,163,163,7,650,0,1330,0,600,1330,0,600,0,7,650,0,1330,0,600,1330,0,600,0,0,0,1758127634,3000,0,0,0
neutral,164,164,7,650,0,1330,0,600,1330,0,600,0,7,650,0,1330,0,600,1330,0,600,0,0,0,1758127634,3000,0,0,0
neutral,165,165,7,650,0,1330,0,600,1330,0,600,0,7,651,0,1330,0,600,1330,0,600,0,0,0,1758127634,3000,0,0,0
neutral,166,166,7,651,0,1330,0,600,1330,0,600,0,7,651,0,1330,0,600,1330,0,600,0,0,0,1758127634,3000,0,0,0
neutral,167,167,7,651,0,1330,0,600,1330,0,600,0,7,651,0,1330,0,600,1330,0,600,0,0,0,1758127634,3000,0,0,0
neutral,168,168,7,651,0,1330,0,600,1330,0,600,0,7,652,0,1330,0,600,1330,0,600,0,0,0,1758127634,3000,0,0,0
neutral,169,169,7,652,0,1330,0,600,1330,0,600,0,7,652,0,1330,0,600,1330,0,600,0,0,0,1758127634,3000,0,0,0
neutral,170,170,7,652,0,1330,0,600,1330,0,600,0,7,652,0,1330,0,600,1330,0,600,0,0,0,1758127634,3000,0,0,0
neutral,171,171,7,652,0,1330,0,600,1330,0,600,0,7,650,0,1330,0,600,1330,0,600,0,0,0,1758127634,3000,0,0,0
neutral,172,172,7,650,0,1330,0,600,1330,0,600,0,7,650,0,1330,0,600,1330,0,600,0,0,0,1758127634,3000,0,0,0
neutral,173,173,7,650,0,1330,0,600,1330,0,600,0,7,650,0,1330,0,600,1330,0,600,0,0,0,1758127634,3000,0,0,0
neutral,174,174,7,650,0,1330,0,600,1330,0,600,0,7,651,0,1330,0,600,1330,0,600,0,0,0,1758127634,3000,0,0,0
neutral,175,175,7,651,0,1330,0,600,1330,0,600,0,7,651,0,1330,0,600,1330,0,600,0,0,0,1758127634,3000,0,0,0
neutral,176,176,7,651,0,1330,0,600,1330,0,600,0,7,651,0,1330,0,600,1330,0,600,0,0,0,1758127634,3000,0,0,0
neutral,177,177,7,651,0,1330,0,600,1330,0,600,0,7,652,0,1330,0,600,1330,0,600,0,0,0,1758127634,3000,0,0,0
neutral,178,178,7,652,0,1330,0,600,1330,0,600,0,7,652,0,1330,0,600,1330,0,600,0,0,0,1758127634,3000,0,0,0
neutral,179,179,7,652,0,1330,0,600,1330,0,600,0,7,652,0,1330,0,600,1330,0,600,0,0,0,1758127634,3000,0,0,0
neutral,180,180,7,652,0,1330,0,600,1330,0,600,0,7,650,0,1330,0,600,1330,0,600,0,0,0,1758127634,3000,0,0,0
neutral,181,181,7,650,0,1330,0,600,1330,0,600,0,7,650,0,1330,0,600,1330,0,600,0,0,0,1758127634,3000,0,0,0
neutral,182,182,7,650,0,1330,0,600,1330,0,600,0,7,650,0,1330,0,600,1330,0,600,0,0,0,1758127634,3000,0,0,0
neutral,183,183,7,650,0,1330,0,600,1330,0,600,0,7,651,0,1330,0,600,1330,0,600,0,0,0,1758127634,3000,0,0,0
neutral,184,184,7,651,0,1330,0,600,1330,0,600,0,7,651,0,1330,0,600,1330,0,600,0,0,0,1758127634,3000,0,0,0
neutral,185,185,7,651,0,1330,0,600,1330,0,600,0,7,651,0,1330,0,600,1330,0,600,0,0,0,1758127634,3000,0,0,0
neutral,186,186,7,651,0,1330,0,600,1330,0,600,0,7,652,0,1330,0,600,1330,0,600,0,0,0,1758127634,3000,0,0,0
neutral,187,187,7,652,0,1330,0,600,1330,0,600,0,7,652,0,1330,0,600,1330,0,600,0,0,0,1758127634,3000,0,0,0
neutral,188,188,7,652,0,1330,0,600,1330,0,600,0,7,652,0,1330,0,600,1330,0,600,0,0,0,1758127634,3000,0,0,0
neutral,189,189,7,652,0,1330,0,600,1330,0,600,0,7,650,0,1330,0,600,1330,0,600,0,0,0,1758127634,3000,0,0,0
neutral,190,190,7,650,0,1330,0,600,1330,0,600,0,7,650,0,1330,0,600,1330,0,600,0,0,0,1758127634,3000,0,0,0
neutral,191,191,7,650,0,1330,0,600,1330,0,600,0,7,650,0,1330,0,600,1330,0,600,0,0,0,1758127634,3000,0,0,0
neutral,192,192,7,650,0,1330,0,600,1330,0,600,0,7,651,0,1330,0,600,1330,0,600,0,0,0,1758127634,3000,0,0,0
neutral,193,193,7,651,0,1330,0,600,1330,0,600,0,7,651,0,1330,0,600,1330,0,600,0,0,0,1758127634,3000,0,0,0
neutral,194,194,7,651,0,1330,0,600,1330,0,600,0,7,651,0,1330,0,600,1330,0,600,0,0,0,1758127634,3000,0,0,0
neutral,195,195,7,651,0,1330,0,600,1330,0,600,0,7,652,0,1330,0,600,1330,0,600,0,0,0,1758127634,3000,0,0,0
neutral,196,196,7,652,0,1330,0,600,1330,0,600,0,7,652,0,1330,0,600,1330,0,600,0,0,0,1758127634,3000,0,0,0
neutral,197,197,7,652,0,1330,0,600,1330,0,600,0,7,652,0,1330,0,600,1330,0,600,0,0,0,1758127634,3000,0,0,0
neutral,198,198,7,652,0,1330,0,600,1330,0,600,0,7,650,0,1330,0,600,1330,0,600,0,0,0,1758127634,3000,0,0,0
neutral,199,199,7,650,0,1330,0,600,1330,0,600,0,7,650,0,1330,0,600,1330,0,600,0,0,0,1758127634,3000,0,0,0
neutral,200,200,7,650,0,1330,0,600,1330,0,600,0,7,650,0,1330,0,600,1330,0,600,0,0,0,1758127634,3000,0,0,0
neutral,201,201,7,650,0,1330,0,600,1330,0,600,0,7,651,0,1330,0,600,1330,0,600,0,0,0,1758127634,3000,0,0,0
neutral,202,202,7,651,0,1330,0,600,1330,0,600,0,7,651,0,1330,0,600,1330,0,600,0,0,0,1758127634,3000,0,0,0
neutral,203,203,7,651,0,1330,0,600,1330,0,600,0,7,651,0,1330,0,600,1330,0,600,0,0,0,1758127634,3000,0,0,0
neutral,204,204,7,651,0,1330,0,600,1330,0,600,0,7,652,0,1330,0,600,1330,0,600,0,0,0,1758127634,3000,0,0,0
neutral,205,205,7,652,0,1330,0,600,1330,0,600,0,7,652,0,1330,0,600,1330,0,600,0,0,0,1758127634,3000,0,0,0
neutral,206,206,7,652,0,1330,0,600,1330,0,600,0,7,652,0,1330,0,600,1330,0,600,0,0,0,1758127634,3000,0,0,0
neutral,207,207,7,652,0,1330,0,600,1330,0,600,0,7,650,0,1330,0,600,1330,0,600,0,0,0,1758127634,3000,0,0,0
neutral,208,208,7,650,0,1330,0,600,1330,0,600,0,7,650,0,1330,0,600,1330,0,600,0,0,0,1758127634,3000,0,0,0
neutral,209,209,7,650,0,1330,0,600,1330,0,600,0,7,650,0,1330,0,600,1330,0,600,0,0,0,1758127634,3000,0,0,0
neutral,210,210,7,650,0,1330,0,600,1330,0,600,0,7,651,0,1330,0,600,1330,0,600,0,0,0,1758127634,3000,0,0,0
neutral,211,211,7,651,0,1330,0,600,1330,0,600,0,7,651,0,1330,0,600,1330,0,600,0,0,0,1758127634,3000,0,0,0
neutral,212,212,7,651,0,1330,0,600,1330,0,600,0,7,651,0,1330,0,600,1330,0,600,0,0,0,1758127634,3000,0,0,0
neutral,213,213,7,651,0,1330,0,600,1330,0,600,0,7,652,0,1330,0,600,1330,0,600,0,0,0,1758127634,3000,0,0,0
neutral,214,214,7,652,0,1330,0,600,1330,0,600,0,7,652,0,1330,0,600,1330,0,600,0,0,0,1758127634,3000,0,0,0
neutral,215,215,7,652,0,1330,0,600,1330,0,600,0,7,652,0,1330,0,600,1330,0,600,0,0,0,1758127634,3000,0,0,0
neutral,216,216,7,652,0,1330,0,600,1330,0,600,0,7,650,0,1330,0,600,1330,0,600,0,0,0,1758127634,3000,0,0,0
neutral,217,217,7,650,0,1330,0,600,1330,0,600,0,7,650,0,1330,0,600,1330,0,600,0,0,0,1758127634,3000,0,0,0
neutral,218,218,7,650,0,1330,0,600,1330,0,600,0,7,650,0,1330,0,600,1330,0,600,0,0,0,1758127634,3000,0,0,0
neutral,219,219,7,650,0,1330,0,600,1330,0,600,0,7,651,0,1330,0,600,1330,0,600,0,0,0,1758127634,3000,0,0,0
neutral,220,220,7,651,0,1330,0,600,1330,0,600,0,7,651,0,1330,0,600,1330,0,600,0,0,0,1758127634,3000,0,0,0
neutral,221,221,7,651,0,1330,0,600,1330,0,600,0,7,651,0,1330,0,600,1330,0,600,0,0,0,1758127634,3000,0,0,0
neutral,222,222,7,651,0,1330,0,600,1330,0,600,0,7,652,0,1330,0,600,1330,0,600,0,0,0,1758127634,3000,0,0,0
neutral,223,223,7,652,0,1330,0,600,1330,0,600,0,7,652,0,1330,0,600,1330,0,600,0,0,0,1758127634,3000,0,0,0
neutral,224,224,7,652,0,1330,0,600,1330,0,600,0,7,652,0,1330,0,600,1330,0,600,0,0,0,1758127634,3000,0,0,0
neutral,225,225,7,652,0,1330,0,600,1330,0,600,0,7,650,0,1330,0,600,1330,0,600,0,0,0,1758127634,3000,0,0,0
neutral,226,226,7,650,0,1330,0,600,1330,0,600,0,7,650,0,1330,0,600,1330,0,600,0,0,0,1758127634,3000,0,0,0
neutral,227,227,7,650,0,1330,0,600,1330,0,600,0,7,650,0,1330,0,600,1330,0,600,0,0,0,1758127634,3000,0,0,0
neutral,228,228,7,650,0,1330,0,600,1330,0,600,0,7,651,0,1330,0,600,1330,0,600,0,0,0,1758127634,3000,0,0,0
neutral,229,229,7,651,0,1330,0,600,1330,0,600,0,7,651,0,1330,0,600,1330,0,600,0,0,0,1758127634,3000,0,0,0
neutral,230,230,7,651,0,1330,0,600,1330,0,600,0,7,651,0,1330,0,600,1330,0,600,0,0,0,1758127634,3000,0,0,0
neutral,231,231,7,651,0,1330,0,600,1330,0,600,0,7,652,0,1330,0,600,1330,0,600,0,0,0,1758127634,3000,0,0,0
neutral,232,232,7,652,0,1330,0,600,1330,0,600,0,7,652,0,1330,0,600,1330,0,600,0,0,0,1758127634,3000,0,0,0
neutral,233,233,7,652,0,1330,0,600,1330,0,600,0,7,652,0,1330,0,600,1330,0,600,0,0,0,1758127634,3000,0,0,0
neutral,234,234,7,652,0,1330,0,600,1330,0,600,0,7,650,0,1330,0,600,1330,0,600,0,0,0,1758127634,3000,0,0,0
neutral,235,235,7,650,0,1330,0,600,1330,0,600,0,7,650,0,1330,0,600,1330,0,600,0,0,0,1758127634,3000,0,0,0
neutral,236,236,7,650,0,1330,0,600,1330,0,600,0,7,650,0,1330,0,600,1330,0,600,0,0,0,1758127634,3000,0,0,0
neutral,237,237,7,650,0,1330,0,600,1330,0,600,0,7,651,0,1330,0,600,1330,0,600,0,0,0,1758127634,3000,0,0,0
neutral,238,238,7,651,0,1330,0,600,1330,0,600,0,7,651,0,1330,0,600,1330,0,600,0,0,0,1758127634,3000,0,0,0
neutral,239,239,7,651,0,1330,0,600,1330,0,600,0,7,651,0,1330,0,600,1330,0,600,0,0,0,1758127634,3000,0,0,0
neutral,240,240,7,651,0,1330,0,600,1330,0,600,0,7,652,0,1330,0,600,1330,0,600,0,0,0,1758127634,3000,0,0,0
neutral,241,241,7,652,0,1330,0,600,1330,0,600,0,7,652,0,1330,0,600,1330,0,600,0,0,0,1758127634,3000,0,0,0
neutral,242,242,7,652,0,1330,0,600,1330,0,600,0,7,652,0,1330,0,600,1330,0,600,0,0,0,1758127634,3000,0,0,0
neutral,243,243,7,652,0,1330,0,600,1330,0,600,0,7,650,0,1330,0,600,1330,0,600,0,0,0,1758127634,3000,0,0,0
neutral,244,244,7,650,0,1330,0,600,1330,0,600,0,7,650,0,1330,0,600,1330,0,600,0,0,0,1758127634,3000,0,0,0
neutral,245,245,7,650,0,1330,0,600,1330,0,600,0,7,650,0,1330,0,600,1330,0,600,0,0,0,1758127634,3000,0,0,0
neutral,246,246,7,650,0,1330,0,600,1330,0,600,0,7,651,0,1330,0,600,1330,0,600,0,0,0,1758127634,3000,0,0,0
neutral,247,247,7,651,0,1330,0,600,1330,0,600,0,7,651,0,1330,0,600,1330,0,600,0,0,0,1758127634,3000,0,0,0
neutral,248,248,7,651,0,1330,0,600,1330,0,600,0,7,651,0,1330,0,600,1330,0,600,0,0,0,1758127634,3000,0,0,0
neutral,249,249,7,651,0,1330,0,600,1330,0,600,0,7,652,0,1330,0,600,1330,0,600,0,0,0,1758127634,3000,0,0,0
neutral,250,250,7,652,0,1330,0,600,1330,0,600,0,7,652,0,1330,0,600,1330,0,600,0,0,0,1758127634,3000,0,0,0
neutral,251,251,7,652,0,1330,0,600,1330,0,600,0,7,652,0,1330,0,600,1330,0,600,0,0,0,1758127634,3000,0,0,0
neutral,252,252,7,652,0,1330,0,600,1330,0,600,0,7,650,0,1330,0,600,1330,0,600,0,0,0,1758127634,3000,0,0,0
neutral,253,253,7,650,0,1330,0,600,1330,0,600,0,7,650,0,1330,0,600,1330,0,600,0,0,0,1758127634,3000,0,0,0
neutral,254,254,7,650,0,1330,0,600,1330,0,600,0,7,650,0,1330,0,600,1330,0,600,0,0,0,1758127634,3000,0,0,0
neutral,255,255,7,650,0,1330,0,600,1330,0,600,0,7,651,0,1330,0,600,1330,0,600,0,0,0,1758127634,3000,0,0,0
neutral,256,256,7,651,0,1330,0,600,1330,0,600,0,7,651,0,1330,0,600,1330,0,600,0,0,0,1758127634,3000,0,0,0
neutral,257,257,7,651,0,1330,0,600,1330,0,600,0,7,651,0,1330,0,600,1330,0,600,0,0,0,1758127634,3000,0,0,0
neutral,258,258,7,651,0,1330,0,600,1330,0,600,0,7,652,0,1330,0,600,1330,0,600,0,0,0,1758127634,3000,0,0,0
neutral,259,259,7,652,0,1330,0,600,1330,0,600,0,7,652,0,1330,0,600,1330,0,600,0,0,0,1758127634,3000,0,0,0
neutral,260,260,7,652,0,1330,0,600,1330,0,600,0,7,652,0,1330,0,600,1330,0,600,0,0,0,1758127634,3000,0,0,0
neutral,261,261,7,652,0,1330,0,600,1330,0,600,0,7,650,0,1330,0,600,1330,0,600,0,0,0,1758127634,3000,0,0,0
neutral,262,262,7,650,0,1330,0,600,1330,0,600,0,7,650,0,1330,0,600,1330,0,600,0,0,0,1758127634,3000,0,0,0
neutral,263,263,7,650,0,1330,0,600,1330,0,600,0,7,650,0,1330,0,600,1330,0,600,0,0,0,1758127634,3000,0,0,0
neutral,264,264,7,650,0,1330,0,600,1330,0,600,0,7,651,0,1330,0,600,1330,0,600,0,0,0,1758127634,3000,0,0,0
neutral,265,265,7,651,0,1330,0,600,1330,0,600,0,7,651,0,1330,0,600,1330,0,600,0,0,0,1758127634,3000,0,0,0
neutral,266,266,7,651,0,1330,0,600,1330,0,600,0,7,651,0,1330,0,600,1330,0,600,0,0,0,1758127634,3000,0,0,0
neutral,267,267,7,651,0,1330,0,600,1330,0,600,0,7,652,0,1330,0,600,1330,0,600,0,0,0,1758127634,3000,0,0,0
neutral,268,268,7,652,0,1330,0,600,1330,0,600,0,7,652,0,1330,0,600,1330,0,600,0,0,0,1758127634,3000,0,0,0
neutral,269,269,7,652,0,1330,0,600,1330,0,600,0,7,652,0,1330,0,600,1330,0,600,0,0,0,1758127634,3000,0,0,0
neutral,270,270,7,652,0,1330,0,600,1330,0,600,0,7,650,0,1330,0,600,1330,0,600,0,0,0,1758127634,3000,0,0,0
neutral,271,271,7,650,0,1330,0,600,1330,0,600,0,7,650,0,1330,0,600,1330,0,600,0,0,0,1758127634,3000,0,0,0
neutral,272,272,7,650,0,1330,0,600,1330,0,600,0,7,650,0,1330,0,600,1330,0,600,0,0,0,1758127634,3000,0,0,0
neutral,273,273,7,650,0,1330,0,600,1330,0,600,0,7,651,0,1330,0,600,1330,0,600,0,0,0,1758127634,3000,0,0,0
neutral,274,274,7,651,0,1330,0,600,1330,0,600,0,7,651,0,1330,0,600,1330,0,600,0,0,0,1758127634,3000,0,0,0
neutral,275,275,7,651,0,1330,0,600,1330,0,600,0,7,651,0,1330,0,600,1330,0,600,0,0,0,1758127634,3000,0,0,0
neutral,276,276,7,651,0,1330,0,600,1330,0,600,0,7,652,0,1330,0,600,1330,0,600,0,0,0,1758127634,3000,0,0,0
neutral,277,277,7,652,0,1330,0,600,1330,0,600,0,7,652,0,1330,0,600,1330,0,600,0,0,0,1758127634,3000,0,0,0
neutral,278,278,7,652,0,1330,0,600,1330,0,600,0,7,652,0,1330,0,600,1330,0,600,0,0,0,1758127634,3000,0,0,0
neutral,279,279,7,652,0,1330,0,600,1330,0,600,0,7,650,0,1330,0,600,1330,0,600,0,0,0,1758127634,3000,0,0,0
neutral,280,280,7,650,0,1330,0,600,1330,0,600,0,7,650,0,1330,0,600,1330,0,600,0,0,0,1758127634,3000,0,0,0
neutral,281,281,7,650,0,1330,0,600,1330,0,600,0,7,650,0,1330,0,600,1330,0,600,0,0,0,1758127634,3000,0,0,0
neutral,282,282,7,650,0,1330,0,600,1330,0,600,0,7,651,0,1330,0,600,1330,0,600,0,0,0,1758127634,3000,0,0,0
neutral,283,283,7,651,0,1330,0,600,1330,0,600,0,7,651,0,1330,0,600,1330,0,600,0,0,0,1758127634,3000,0,0,0
neutral,284,284,7,651,0,1330,0,600,1330,0,600,0,7,651,0,1330,0,600,1330,0,600,0,0,0,1758127634,3000,0,0,0
neutral,285,285,7,651,0,1330,0,600,1330,0,600,0,7,652,0,1330,0,600,1330,0,600,0,0,0,1758127634,3000,0,0,0
neutral,286,286,7,652,0,1330,0,600,1330,0,600,0,7,652,0,1330,0,600,1330,0,600,0,0,0,1758127634,3000,0,0,0
neutral,287,287,7,652,0,1330,0,600,1330,0,600,0,7,652,0,1330,0,600,1330,0,600,0,0,0,1758127634,3000,0,0,0
neutral,288,288,7,652,0,1330,0,600,1330,0,600,0,7,650,0,1330,0,600,1330,0,600,0,0,0,1758127634,3000,0,0,0
neutral,289,289,7,650,0,1330,0,600,1330,0,600,0,7,650,0,1330,0,600,1330,0,600,0,0,0,1758127634,3000,0,0,0
neutral,290,290,7,650,0,1330,0,600,1330,0,600,0,7,650,0,1330,0,600,1330,0,600,0,0,0,1758127634,3000,0,0,0
neutral,291,291,7,650,0,1330,0,600,1330,0,600,0,7,651,0,1330,0,600,1330,0,600,0,0,0,1758127634,3000,0,0,0
neutral,292,292,7,651,0,1330,0,600,1330,0,600,0,7,651,0,1330,0,600,1330,0,600,0,0,0,1758127634,3000,0,0,0
neutral,293,293,7,651,0,1330,0,600,1330,0,600,0,7,651,0,1330,0,600,1330,0,600,0,0,0,1758127634,3000,0,0,0
neutral,294,294,7,651,0,1330,0,600,1330,0,600,0,7,652,0,1330,0,600,1330,0,600,0,0,0,1758127634,3000,0,0,0
neutral,295,295,7,652,0,1330,0,600,1330,0,600,0,7,652,0,1330,0,600,1330,0,600,0,0,0,1758127634,3000,0,0,0
neutral,296,296,7,652,0,1330,0,600,1330,0,600,0,7,652,0,1330,0,600,1330,0,600,0,0,0,1758127634,3000,0,0,0
neutral,297,297,7,652,0,1330,0,600,1330,0,600,0,7,650,0,1330,0,600,1330,0,600,0,0,0,1758127634,3000,0,0,0
neutral,298,298,7,650,0,1330,0,600,1330,0,600,0,7,650,0,1330,0,600,1330,0,600,0,0,0,1758127634,3000,0,0,0
neutral,299,299,7,650,0,1330,0,600,1330,0,600,0,7,650,0,1330,0,600,1330,0,600,0,0,0,1758127634,3000,0,0,0
neutral,300,300,7,650,0,1330,0,600,1330,0,600,0,7,651,0,1330,0,600,1330,0,600,0,0,0,1758127634,3000,0,0,0
neutral,301,301,7,651,0,1330,0,600,1330,0,600,0,7,651,0,1330,0,600,1330,0,600,0,0,0,1758127634,3000,0,0,0
neutral,302,302,7,651,0,1330,0,600,1330,0,600,0,7,651,0,1330,0,600,1330,0,600,0,0,0,1758127634,3000,0,0,0
neutral,303,303,7,651,0,1330,0,600,1330,0,600,0,7,652,0,1330,0,600,1330,0,600,0,0,0,1758127634,3000,0,0,0
neutral,304,304,7,652,0,1330,0,600,1330,0,600,0,7,652,0,1330,0,600,1330,0,600,0,0,0,1758127634,3000,0,0,0
neutral,305,305,7,652,0,1330,0,600,1330,0,600,0,7,652,0,1330,0,600,1330,0,600,0,0,0,1758127634,3000,0,0,0
neutral,306,306,7,652,0,1330,0,600,1330,0,600,0,7,650,0,1330,0,600,1330,0,600,0,0,0,1758127634,3000,0,0,0
neutral,307,307,7,650,0,1330,0,600,1330,0,600,0,7,650,0,1330,0,600,1330,0,600,0,0,0,1758127634,3000,0,0,0
neutral,308,308,7,650,0,1330,0,600,1330,0,600,0,7,650,0,1330,0,600,1330,0,600,0,0,0,1758127634,3000,0,0,0
neutral,309,309,7,650,0,1330,0,600,1330,0,600,0,7,651,0,1330,0,600,1330,0,600,0,0,0,1758127634,3000,0,0,0
neutral,310,310,7,651,0,1330,0,600,1330,0,600,0,7,651,0,1330,0,600,1330,0,600,0,0,0,1758127634,3000,0,0,0
neutral,311,311,7,651,0,1330,0,600,1330,0,600,0,7,651,0,1330,0,600,1330,0,600,0,0,0,1758127634,3000,0,0,0
neutral,312,312,7,651,0,1330,0,600,1330,0,600,0,7,652,0,1330,0,600,1330,0,600,0,0,0,1758127634,3000,0,0,0
neutral,313,313,7,652,0,1330,0,600,1330,0,600,0,7,652,0,1330,0,600,1330,0,600,0,0,0,1758127634,3000,0,0,0
neutral,314,314,7,652,0,1330,0,600,1330,0,600,0,7,652,0,1330,0,600,1330,0,600,0,0,0,1758127634,3000,0,0,0
neutral,315,315,7,652,0,1330,0,600,1330,0,600,0,7,650,0,1330,0,600,1330,0,600,0,0,0,1758127634,3000,0,0,0
neutral,316,316,7,650,0,1330,0,600,1330,0,600,0,7,650,0,1330,0,600,1330,0,600,0,0,0,1758127634,3000,0,0,0
neutral,317,317,7,650,0,1330,0,600,1330,0,600,0,7,650,0,1330,0,600,1330,0,600,0,0,0,1758127634,3000,0,0,0
neutral,318,318,7,650,0,1330,0,600,1330,0,600,0,7,651,0,1330,0,600,1330,0,600,0,0,0,1758127634,3000,0,0,0
neutral,319,319,7,651,0,1330,0,600,1330,0,600,0,7,651,0,1330,0,600,1330,0,600,0,0,0,1758127634,3000,0,0,0
neutral,320,320,7,651,0,1330,0,600,1330,0,600,0,7,651,0,1330,0,600,1330,0,600,0,0,0,1758127634,3000,0,0,0
neutral,321,321,7,651,0,1330,0,600,1330,0,600,0,7,652,0,1330,0,600,1330,0,600,0,0,0,1758127634,3000,0,0,0
neutral,322,322,7,652,0,1330,0,600,1330,0,600,0,7,652,0,1330,0,600,1330,0,600,0,0,0,1758127634,3000,0,0,0
neutral,323,323,7,652,0,1330,0,600,1330,0,600,0,7,652,0,1330,0,600,1330,0,600,0,0,0,1758127634,3000,0,0,0
neutral,324,324,7,652,0,1330,0,600,1330,0,600,0,7,650,0,1330,0,600,1330,0,600,0,0,0,1758127634,3000,0,0,0
neutral,325,325,7,650,0,1330,0,600,1330,0,600,0,7,650,0,1330,0,600,1330,0,600,0,0,0,1758127634,3000,0,0,0
neutral,326,326,7,650,0,1330,0,600,1330,0,600,0,7,650,0,1330,0,600,1330,0,600,0,0,0,1758127634,3000,0,0,0
neutral,327,327,7,650,0,1330,0,600,1330,0,600,0,7,651,0,1330,0,600,1330,0,600,0,0,0,1758127634,3000,0,0,0
neutral,328,328,7,651,0,1330,0,600,1330,0,600,0,7,651,0,1330,0,600,1330,0,600,0,0,0,1758127634,3000,0,0,0
neutral,329,329,7,651,0,1330,0,600,1330,0,600,0,7,651,0,1330,0,600,1330,0,600,0,0,0,1758127634,3000,0,0,0
neutral,330,330,7,651,0,1330,0,600,1330,0,600,0,7,652,0,1330,0,600,1330,0,600,0,0,0,1758127634,3000,0,0,0
neutral,331,331,7,652,0,1330,0,600,1330,0,600,0,7,652,0,1330,0,600,1330,0,600,0,0,0,1758127634,3000,0,0,0
neutral,332,332,7,652,0,1330,0,600,1330,0,600,0,7,652,0,1330,0,600,1330,0,600,0,0,0,1758127634,3000,0,0,0
neutral,333,333,7,652,0,1330,0,600,1330,0,600,0,7,650,0,1330,0,600,1330,0,600,0,0,0,1758127634,3000,0,0,0
neutral,334,334,7,650,0,1330,0,600,1330,0,600,0,7,650,0,1330,0,600,1330,0,600,0,0,0,1758127634,3000,0,0,0
neutral,335,335,7,650,0,1330,0,600,1330,0,600,0,7,650,0,1330,0,600,1330,0,600,0,0,0,1758127634,3000,0,0,0
neutral,336,336,7,650,0,1330,0,600,1330,0,600,0,7,651,0,1330,0,600,1330,0,600,0,0,0,1758127634,3000,0,0,0
neutral,337,337,7,651,0,1330,0,600,1330,0,600,0,7,651,0,1330,0,600,1330,0,600,0,0,0,1758127634,3000,0,0,0
neutral,338,338,7,651,0,1330,0,600,1330,0,600,0,7,651,0,1330,0,600,1330,0,600,0,0,0,1758127634,3000,0,0,0
neutral,339,339,7,651,0,1330,0,600,1330,0,600,0,7,652,0,1330,0,600,1330,0,600,0,0,0,1758127634,3000,0,0,0
neutral,340,340,7,652,0,1330,0,600,1330,0,600,0,7,652,0,1330,0,600,1330,0,600,0,0,0,1758127634,3000,0,0,0
neutral,341,341,7,652,0,1330,0,600,1330,0,600,0,7,652,0,1330,0,600,1330,0,600,0,0,0,1758127634,3000,0,0,0
neutral,342,342,7,652,0,1330,0,600,1330,0,600,0,7,650,0,1330,0,600,1330,0,600,0,0,0,1758127634,3000,0,0,0
neutral,343,343,7,650,0,1330,0,600,1330,0,600,0,7,650,0,1330,0,600,1330,0,600,0,0,0,1758127634,3000,0,0,0
neutral,344,344,7,650,0,1330,0,600,1330,0,600,0,7,650,0,1330,0,600,1330,0,600,0,0,0,1758127634,3000,0,0,0
neutral,345,345,7,650,0,1330,0,600,1330,0,600,0,7,651,0,1330,0,600,1330,0,600,0,0,0,1758127634,3000,0,0,0
neutral,346,346,7,651,0,1330,0,600,1330,0,600,0,7,651,0,1330,0,600,1330,0,600,0,0,0,1758127634,3000,0,0,0
neutral,347,347,7,651,0,1330,0,600,1330,0,600,0,7,651,0,1330,0,600,1330,0,600,0,0,0,1758127634,3000,0,0,0
neutral,348,348,7,651,0,1330,0,600,1330,0,600,0,7,652,0,1330,0,600,1330,0,600,0,0,0,1758127634,3000,0,0,0
neutral,349,349,7,652,0,1330,0,600,1330,0,600,0,7,652,0,1330,0,600,1330,0,600,0,0,0,1758127634,3000,0,0,0
late_jump,1,1,7,9,0,320,0,600,320,0,600,0,7,650,0,340,0,600,340,0,600,0,0,0,1758127634,3000,0,0,0
late_jump,2,2,7,650,0,340,0,600,340,0,600,0,7,650,0,360,0,600,360,0,600,0,0,0,1758127634,3000,0,0,0
late_jump,3,3,7,650,0,360,0,600,360,0,600,0,7,651,0,380,0,600,380,0,600,0,0,0,1758127634,3000,0,0,0
late_jump,4,4,7,651,0,380,0,600,380,0,600,0,7,651,0,400,0,600,400,0,600,0,0,0,1758127634,3000,0,0,0
late_jump,5,5,7,651,0,400,0,600,400,0,600,0,7,651,0,420,0,600,420,0,600,0,0,0,1758127634,3000,0,0,0
late_jump,6,6,7,651,0,420,0,600,420,0,600,0,7,652,0,440,0,600,440,0,600,0,0,0,1758127634,3000,0,0,0
late_jump,7,7,7,652,0,440,0,600,440,0,600,0,7,652,0,460,0,600,460,0,600,0,0,0,1758127634,3000,0,0,0
late_jump,8,8,7,652,0,460,0,600,460,0,600,0,7,652,0,480,0,600,480,0,600,0,0,0,1758127634,3000,0,0,0
late_jump,9,9,7,652,0,480,0,600,480,0,600,0,7,650,0,500,0,600,500,0,600,0,0,0,1758127634,3000,0,0,0
late_jump,10,10,7,650,0,500,0,600,500,0,600,0,7,650,0,520,0,600,520,0,600,0,0,0,1758127634,3000,0,0,0
late_jump,11,11,7,650,0,520,0,600,520,0,600,0,7,650,0,540,0,600,540,0,600,0,0,0,1758127634,3000,0,0,0
late_jump,12,12,7,650,0,540,0,600,540,0,600,0,7,651,0,560,0,600,560,0,600,0,0,0,1758127634,3000,0,0,0
late_jump,13,13,7,651,0,560,0,600,560,0,600,0,7,651,0,580,0,600,580,0,600,0,0,0,1758127634,3000,0,0,0
late_jump,14,14,7,651,0,580,0,600,580,0,600,0,7,651,0,600,0,600,600,0,600,0,0,0,1758127634,3000,0,0,0
late_jump,15,15,7,651,0,600,0,600,600,0,600,0,7,652,0,620,0,600,620,0,600,0,0,0,1758127634,3000,0,0,0
late_jump,16,16,7,652,0,620,0,600,620,0,600,0,7,652,0,640,0,600,640,0,600,0,0,0,1758127634,3000,0,0,0
late_jump,17,17,7,652,0,640,0,600,640,0,600,0,7,652,0,660,0,600,660,0,600,0,0,0,1758127634,3000,0,0,0
late_jump,18,18,7,652,0,660,0,600,660,0,600,0,7,650,0,680,0,600,680,0,600,0,0,0,1758127634,3000,0,0,0
late_jump,19,19,7,650,0,680,0,600,680,0,600,0,7,650,0,700,0,600,700,0,600,0,0,0,1758127634,3000,0,0,0
late_jump,20,20,7,650,0,700,0,600,700,0,600,0,7,650,0,720,0,600,720,0,600,0,0,0,1758127634,3000,0,0,0
late_jump,21,21,7,650,0,720,0,600,720,0,600,0,7,651,0,740,0,600,740,0,600,0,0,0,1758127634,3000,0,0,0
late_jump,22,22,7,651,0,740,0,600,740,0,600,0,7,651,0,760,0,600,760,0,600,0,0,0,1758127634,3000,0,0,0
late_jump,23,23,7,651,0,760,0,600,760,0,600,0,7,651,0,780,0,600,780,0,600,0,0,0,1758127634,3000,0,0,0
late_jump,24,24,7,651,0,780,0,600,780,0,600,0,7,652,0,800,0,600,800,0,600,0,0,0,1758127634,3000,0,0,0
late_jump,25,25,7,652,0,800,0,600,800,0,600,0,7,652,0,820,0,600,820,0,600,0,0,0,1758127634,3000,0,0,0
late_jump,26,26,7,652,0,820,0,600,820,0,600,0,7,652,0,840,0,600,840,0,600,0,0,0,1758127634,3000,0,0,0
late_jump,27,27,7,652,0,840,0,600,840,0,600,0,7,650,0,860,0,600,860,0,600,0,0,0,1758127634,3000,0,0,0
late_jump,28,28,7,650,0,860,0,600,860,0,600,0,7,650,0,880,0,600,880,0,600,0,0,0,1758127634,3000,0,0,0
late_jump,29,29,7,650,0,880,0,600,880,0,600,0,7,650,0,900,0,600,900,0,600,0,0,0,1758127634,3000,0,0,0
late_jump,30,30,7,650,0,900,0,600,900,0,600,0,7,651,0,920,0,600,920,0,600,0,0,0,1758127634,3000,0,0,0
late_jump,31,31,7,651,0,920,0,600,920,0,600,0,7,651,0,940,0,600,940,0,600,0,0,0,1758127634,3000,0,0,0
late_jump,32,32,7,651,0,940,0,600,940,0,600,0,7,651,0,960,0,600,960,0,600,0,0,0,1758127634,3000,0,0,0
late_jump,33,33,7,651,0,960,0,600,960,0,600,0,7,652,0,980,0,600,980,0,600,0,0,0,1758127634,3000,0,0,0
late_jump,34,34,7,652,0,980,0,600,980,0,600,0,7,652,0,1000,0,600,1000,0,600,0,0,0,1758127634,3000,0,0,0
late_jump,35,35,7,652,0,1000,0,600,1000,0,600,0,7,652,0,1020,0,600,1020,0,600,0,0,0,1758127634,3000,0,0,0
late_jump,36,36,7,652,0,1020,0,600,1020,0,600,0,7,650,0,1040,0,600,1040,0,600,0,0,0,1758127634,3000,0,0,0
late_jump,37,37,7,650,0,1040,0,600,1040,0,600,0,7,650,0,1060,0,600,1060,0,600,0,0,0,1758127634,3000,0,0,0
late_jump,38,38,7,650,0,1060,0,600,1060,0,600,0,7,650,0,1080,0,600,1080,0,600,0,0,0,1758127634,3000,0,0,0
late_jump,39,39,7,650,0,1080,0,600,1080,0,600,0,7,651,0,1100,0,600,1100,0,600,0,0,0,1758127634,3000,0,0,0
late_jump,40,40,7,651,0,1100,0,600,1100,0,600,0,7,651,0,1120,0,600,1120,0,600,0,0,0,1758127634,3000,0,0,0
late_jump,41,41,7,651,0,1120,0,600,1120,0,600,0,7,651,0,1140,0,600,1140,0,600,0,0,0,1758127634,3000,0,0,0
late_jump,42,42,7,651,0,1140,0,600,1140,0,600,0,7,652,0,1160,0,600,1160,0,600,0,0,0,1758127634,3000,0,0,0
late_jump,43,43,7,652,0,1160,0,600,1160,0,600,0,7,652,0,1180,0,600,1180,0,600,0,0,0,1758127634,3000,0,0,0
late_jump,44,44,7,652,0,1180,0,600,1180,0,600,0,7,652,0,1200,0,600,1200,0,600,0,0,0,1758127634,3000,0,0,0
late_jump,45,45,7,652,0,1200,0,600,1200,0,600,0,7,650,0,1220,0,600,1220,0,600,0,0,0,1758127634,3000,0,0,0
late_jump,46,46,7,650,0,1220,0,600,1220,0,600,0,7,650,0,1240,0,600,1240,0,600,0,0,0,1758127634,3000,0,0,0
late_jump,47,47,7,650,0,1240,0,600,1240,0,600,0,7,650,0,1260,0,600,1260,0,600,0,0,0,1758127634,3000,0,0,0
late_jump,48,48,7,650,0,1260,0,600,1260,0,600,0,7,651,0,1280,0,600,1280,0,600,0,0,0,1758127634,3000,0,0,0
late_jump,49,49,7,651,0,1280,0,600,1280,0,600,0,7,651,0,1300,0,600,1300,0,600,0,0,0,1758127634,3000,0,0,0
late_jump,50,50,7,651,0,1300,0,600,1300,0,600,0,7,651,0,1320,0,600,1320,0,600,0,0,0,1758127634,3000,0,0,0
late_jump,51,51,7,651,0,1320,0,600,1320,0,600,0,7,652,0,1330,0,600,1330,0,600,0,0,0,1758127634,3000,0,0,0
late_jump,52,52,7,652,0,1330,0,600,1330,0,600,0,7,652,0,1330,0,600,1330,0,600,0,0,0,1758127634,3000,0,0,0
late_jump,53,53,7,652,0,1330,0,600,1330,0,600,0,7,652,0,1330,0,600,1330,0,600,0,0,0,1758127634,3000,0,0,0
late_jump,54,54,7,652,0,1330,0,600,1330,0,600,0,7,650,0,1330,0,600,1330,0,600,0,0,0,1758127634,3000,0,0,0
late_jump,55,55,7,650,0,1330,0,600,1330,0,600,0,7,650,0,1330,0,600,1330,0,600,0,0,0,1758127634,3000,0,0,0
late_jump,56,56,7,650,0,1330,0,600,1330,0,600,0,7,650,0,1330,0,600,1330,0,600,0,0,0,1758127634,3000,0,0,0
late_jump,57,57,7,650,0,1330,0,600,1330,0,600,0,7,651,0,1330,0,600,1330,0,600,0,0,0,1758127634,3000,0,0,0
late_jump,58,58,7,651,0,1330,0,600,1330,0,600,0,7,651,0,1330,0,600,1330,0,600,0,0,0,1758127634,3000,0,0,0
late_jump,59,59,7,651,0,1330,0,600,1330,0,600,0,7,651,0,1330,0,600,1330,0,600,0,0,0,1758127634,3000,0,0,0
late_jump,60,60,7,651,0,1330,0,600,1330,0,600,0,7,652,0,1330,0,600,1330,0,600,0,0,0,1758127634,3000,0,0,0
late_jump,61,61,7,652,0,1330,0,600,1330,0,600,0,7,652,0,1330,0,600,1330,0,600,0,0,0,1758127634,3000,0,0,0
late_jump,62,62,7,652,0,1330,0,600,1330,0,600,0,7,652,0,1330,0,600,1330,0,600,0,0,0,1758127634,3000,0,0,0
late_jump,63,63,7,652,0,1330,0,600,1330,0,600,0,7,650,0,1330,0,600,1330,0,600,0,0,0,1758127634,3000,0,0,0
late_jump,64,64,7,650,0,1330,0,600,1330,0,600,0,7,650,0,1330,0,600,1330,0,600,0,0,0,1758127634,3000,0,0,0
late_jump,65,65,7,650,0,1330,0,600,1330,0,600,0,7,650,0,1330,0,600,1330,0,600,0,0,0,1758127634,3000,0,0,0
late_jump,66,66,7,650,0,1330,0,600,1330,0,600,0,7,651,0,1330,0,600,1330,0,600,0,0,0,1758127634,3000,0,0,0
late_jump,67,67,7,651,0,1330,0,600,1330,0,600,0,7,651,0,1330,0,600,1330,0,600,0,0,0,1758127634,3000,0,0,0
late_jump,68,68,7,651,0,1330,0,600,1330,0,600,0,7,651,0,1330,0,600,1330,0,600,0,0,0,1758127634,3000,0,0,0
late_jump,69,69,7,651,0,1330,0,600,1330,0,600,0,7,652,0,1330,0,600,1330,0,600,0,0,0,1758127634,3000,0,0,0
late_jump,70,70,7,652,0,1330,0,600,1330,0,600,0,7,652,0,1330,0,600,1330,0,600,0,0,0,1758127634,3000,0,0,0
late_jump,71,71,7,652,0,1330,0,600,1330,0,600,0,7,652,0,1330,0,600,1330,0,600,0,0,0,1758127634,3000,0,0,0
late_jump,72,72,7,652,0,1330,0,600,1330,0,600,0,7,650,0,1330,0,600,1330,0,600,0,0,0,1758127634,3000,0,0,0
late_jump,73,73,7,650,0,1330,0,600,1330,0,600,0,7,650,0,1330,0,600,1330,0,600,0,0,0,1758127634,3000,0,0,0
late_jump,74,74,7,650,0,1330,0,600,1330,0,600,0,7,650,0,1330,0,600,1330,0,600,0,0,0,1758127634,3000,0,0,0
late_jump,75,75,7,650,0,1330,0,600,1330,0,600,0,7,651,0,1330,0,600,1330,0,600,0,0,0,1758127634,3000,0,0,0
late_jump,76,76,7,651,0,1330,0,600,1330,0,600,0,7,651,0,1330,0,600,1330,0,600,0,0,0,1758127634,3000,0,0,0
late_jump,77,77,7,651,0,1330,0,600,1330,0,600,0,7,651,0,1330,0,600,1330,0,600,0,0,0,1758127634,3000,0,0,0
late_jump,78,78,7,651,0,1330,0,600,1330,0,600,0,7,652,0,1330,0,600,1330,0,600,0,0,0,1758127634,3000,0,0,0
late_jump,79,79,7,652,0,1330,0,600,1330,0,600,0,7,652,0,1330,0,600,1330,0,600,0,0,0,1758127634,3000,0,0,0
late_jump,80,80,7,652,0,1330,0,600,1330,0,600,0,7,652,0,1330,0,600,1330,0,600,0,0,0,1758127634,3000,0,0,0
late_jump,81,81,7,652,0,1330,0,600,1330,0,600,0,7,650,0,1330,0,600,1330,0,600,0,0,0,1758127634,3000,0,0,0
late_jump,82,82,7,650,0,1330,0,600,1330,0,600,0,7,650,0,1330,0,600,1330,0,600,0,0,0,1758127634,3000,0,0,0
late_jump,83,83,7,650,0,1330,0,600,1330,0,600,0,7,650,0,1330,0,600,1330,0,600,0,0,0,1758127634,3000,0,0,0
late_jump,84,84,7,650,0,1330,0,600,1330,0,600,0,7,651,0,1330,0,600,1330,0,600,0,0,0,1758127634,3000,0,0,0
late_jump,85,85,7,651,0,1330,0,600,1330,0,600,0,7,651,0,1330,0,600,1330,0,600,0,0,0,1758127634,3000,0,0,0
late_jump,86,86,7,651,0,1330,0,600,1330,0,600,0,7,651,0,1330,0,600,1330,0,600,0,0,0,1758127634,3000,0,0,0
late_jump,87,87,7,651,0,1330,0,600,1330,0,600,0,7,652,0,1330,0,600,1330,0,600,0,0,0,1758127634,3000,0,0,0
late_jump,88,88,7,652,0,1330,0,600,1330,0,600,0,7,652,0,1330,0,600,1330,0,600,0,0,0,1758127634,3000,0,0,0
late_jump,89,89,7,652,0,1330,0,600,1330,0,600,0,7,652,0,1330,0,600,1330,0,600,0,0,0,1758127634,3000,0,0,0
late_jump,90,90,7,652,0,1330,0,600,1330,0,600,0,7,650,0,1330,0,600,1330,0,600,0,0,0,1758127634,3000,0,0,0
late_jump,91,91,7,650,0,1330,0,600,1330,0,600,0,7,650,0,1330,0,600,1330,0,600,0,0,0,1758127634,3000,0,0,0
late_jump,92,92,7,650,0,1330,0,600,1330,0,600,0,7,650,0,1330,0,600,1330,0,600,0,0,0,1758127634,3000,0,0,0
late_jump,93,93,7,650,0,1330,0,600,1330,0,600,0,7,651,0,1330,0,600,1330,0,600,0,0,0,1758127634,3000,0,0,0
late_jump,94,94,7,651,0,1330,0,600,1330,0,600,0,7,651,0,1330,0,600,1330,0,600,0,0,0,1758127634,3000,0,0,0
late_jump,95,95,7,651,0,1330,0,600,1330,0,600,0,7,651,0,1330,0,600,1330,0,600,0,0,0,1758127634,3000,0,0,0
late_jump,96,96,7,651,0,1330,0,600,1330,0,600,0,7,652,0,1330,0,600,1330,0,600,0,0,0,1758127634,3000,0,0,0
late_jump,97,97,7,652,0,1330,0,600,1330,0,600,0,7,652,0,1330,0,600,1330,0,600,0,0,0,1758127634,3000,0,0,0
late_jump,98,98,7,652,0,1330,0,600,1330,0,600,0,7,652,0,1330,0,600,1330,0,600,0,0,0,1758127634,3000,0,0,0
late_jump,99,99,7,652,0,1330,0,600,1330,0,600,0,7,650,0,1330,0,600,1330,0,600,0,0,0,1758127634,3000,0,0,0
late_jump,100,100,7,650,0,1330,0,600,1330,0,600,0,7,650,0,1330,0,600,1330,0,600,0,0,0,1758127634,3000,0,0,0
late_jump,101,101,7,650,0,1330,0,600,1330,0,600,0,7,650,0,1330,0,600,1330,0,600,0,0,0,1758127634,3000,0,0,0
late_jump,102,102,7,650,0,1330,0,600,1330,0,600,0,7,651,0,1330,0,600,1330,0,600,0,0,0,1758127634,3000,0,0,0
late_jump,103,103,7,651,0,1330,0,600,1330,0,600,0,7,651,0,1330,0,600,1330,0,600,0,0,0,1758127634,3000,0,0,0
late_jump,104,104,7,651,0,1330,0,600,1330,0,600,0,7,651,0,1330,0,600,1330,0,600,0,0,0,1758127634,3000,0,0,0
late_jump,105,105,7,651,0,1330,0,600,1330,0,600,0,7,652,0,1330,0,600,1330,0,600,0,0,0,1758127634,3000,0,0,0
late_jump,106,106,7,652,0,1330,0,600,1330,0,600,0,7,652,0,1330,0,600,1330,0,600,0,0,0,1758127634,3000,0,0,0
late_jump,107,107,7,652,0,1330,0,600,1330,0,600,0,7,652,0,1330,0,600,1330,0,600,0,0,0,1758127634,3000,0,0,0
late_jump,108,108,7,652,0,1330,0,600,1330,0,600,0,7,650,0,1330,0,600,1330,0,600,0,0,0,1758127634,3000,0,0,0
late_jump,109,109,7,650,0,1330,0,600,1330,0,600,0,7,650,0,1330,0,600,1330,0,600,0,0,0,1758127634,3000,0,0,0
late_jump,110,110,7,650,0,1330,0,600,1330,0,600,0,7,650,0,1330,0,600,1330,0,600,0,0,0,1758127634,3000,0,0,0
late_jump,111,111,7,650,0,1330,0,600,1330,0,600,0,7,651,0,1330,0,600,1330,0,600,0,0,0,1758127634,3000,0,0,0
late_jump,112,112,7,651,0,1330,0,600,1330,0,600,0,7,651,0,1330,0,600,1330,0,600,0,0,0,1758127634,3000,0,0,0
late_jump,113,113,7,651,0,1330,0,600,1330,0,600,0,7,651,0,1330,0,600,1330,0,600,0,0,0,1758127634,3000,0,0,0
late_jump,114,114,7,651,0,1330,0,600,1330,0,600,0,7,652,0,1330,0,600,1330,0,600,0,0,0,1758127634,3000,0,0,0
late_jump,115,115,7,652,0,1330,0,600,1330,0,600,0,7,652,0,1330,0,600,1330,0,600,0,0,0,1758127634,3000,0,0,0
late_jump,116,116,7,652,0,1330,0,600,1330,0,600,0,7,652,0,1330,0,600,1330,0,600,0,0,0,1758127634,3000,0,0,0
late_jump,117,117,7,652,0,1330,0,600,1330,0,600,0,7,650,0,1330,0,600,1330,0,600,0,0,0,1758127634,3000,0,0,0
late_jump,118,118,7,650,0,1330,0,600,1330,0,600,0,7,650,0,1330,0,600,1330,0,600,0,0,0,1758127634,3000,0,0,0
late_jump,119,119,7,650,0,1330,0,600,1330,0,600,0,7,650,0,1330,0,600,1330,0,600,0,0,0,1758127634,3000,0,0,0
late_jump,120,120,7,650,0,1330,0,600,1330,0,600,0,7,651,0,1330,0,600,1330,0,600,0,0,0,1758127634,3000,0,0,0
late_jump,121,121,7,651,0,1330,0,600,1330,0,600,0,7,651,0,1330,0,600,1330,0,600,0,0,0,1758127634,3000,0,0,0
late_jump,122,122,7,651,0,1330,0,600,1330,0,600,0,7,651,0,1330,0,600,1330,0,600,0,0,0,1758127634,3000,0,0,0
late_jump,123,123,7,651,0,1330,0,600,1330,0,600,0,7,652,0,1330,0,600,1330,0,600,0,0,0,1758127634,3000,0,0,0
late_jump,124,124,7,652,0,1330,0,600,1330,0,600,0,7,652,0,1330,0,600,1330,0,600,0,0,0,1758127634,3000,0,0,0
late_jump,125,125,7,652,0,1330,0,600,1330,0,600,0,7,652,0,1330,0,600,1330,0,600,0,0,0,1758127634,3000,0,0,0
late_jump,126,126,7,652,0,1330,0,600,1330,0,600,0,7,650,0,1330,0,600,1330,0,600,0,0,0,1758127634,3000,0,0,0
late_jump,127,127,7,650,0,1330,0,600,1330,0,600,0,7,650,0,1330,0,600,1330,0,600,0,0,0,1758127634,3000,0,0,0
late_jump,128,128,7,650,0,1330,0,600,1330,0,600,0,7,650,0,1330,0,600,1330,0,600,0,0,0,1758127634,3000,0,0,0
late_jump,129,129,7,650,0,1330,0,600,1330,0,600,0,7,651,0,1330,0,600,1330,0,600,0,0,0,1758127634,3000,0,0,0
late_jump,130,130,7,651,0,1330,0,600,1330,0,600,0,7,651,0,1330,0,600,1330,0,600,0,0,0,1758127634,3000,0,0,0
late_jump,131,131,7,651,0,1330,0,600,1330,0,600,0,7,651,0,1330,0,600,1330,0,600,0,0,0,1758127634,3000,0,0,0
late_jump,132,132,7,651,0,1330,0,600,1330,0,600,0,7,652,0,1330,0,600,1330,0,600,0,0,0,1758127634,3000,0,0,0
late_jump,133,133,7,652,0,1330,0,600,1330,0,600,0,7,652,0,1330,0,600,1330,0,600,0,0,0,1758127634,3000,0,0,0
late_jump,134,134,7,652,0,1330,0,600,1330,0,600,0,7,652,0,1330,0,600,1330,0,600,0,0,0,1758127634,3000,0,0,0
late_jump,135,135,7,652,0,1330,0,600,1330,0,600,0,7,650,0,1330,0,600,1330,0,600,0,0,0,1758127634,3000,0,0,0
late_jump,136,136,7,650,0,1330,0,600,1330,0,600,0,7,650,0,1330,0,600,1330,0,600,0,0,0,1758127634,3000,0,0,0
late_jump,137,137,7,650,0,1330,0,600,1330,0,600,0,7,650,0,1330,0,600,1330,0,600,0,0,0,1758127634,3000,0,0,0
late_jump,138,138,7,650,0,1330,0,600,1330,0,600,0,7,651,0,1330,0,600,1330,0,600,0,0,0,1758127634,3000,0,0,0
late_jump,139,139,7,651,0,1330,0,600,1330,0,600,0,7,651,0,1330,0,600,1330,0,600,0,0,0,1758127634,3000,0,0,0
late_jump,140,140,7,651,0,1330,0,600,1330,0,600,0,7,651,0,1330,0,600,1330,0,600,0,0,0,1758127634,3000,0,0,0
late_jump,141,141,7,651,0,1330,0,600,1330,0,600,0,7,652,0,1330,0,600,1330,0,600,0,0,0,1758127634,3000,0,0,0
late_jump,142,142,7,652,0,1330,0,600,1330,0,600,0,7,652,0,1330,0,600,1330,0,600,0,0,0,1758127634,3000,0,0,0
late_jump,143,143,7,652,0,1330,0,600,1330,0,600,0,7,652,0,1330,0,600,1330,0,600,0,0,0,1758127634,3000,0,0,0
late_jump,144,144,7,652,0,1330,0,600,1330,0,600,0,7,650,0,1330,0,600,1330,0,600,0,0,0,1758127634,3000,0,0,0
late_jump,145,145,7,650,0,1330,0,600,1330,0,600,0,7,650,0,1330,0,600,1330,0,600,0,0,0,1758127634,3000,0,0,0
late_jump,146,146,7,650,0,1330,0,600,1330,0,600,0,7,650,0,1330,0,600,1330,0,600,0,0,0,1758127634,3000,0,0,0
late_jump,147,147,7,650,0,1330,0,600,1330,0,600,0,7,651,0,1330,0,600,1330,0,600,0,0,0,1758127634,3000,0,0,0
late_jump,148,148,7,651,0,1330,0,600,1330,0,600,0,7,651,0,1330,0,600,1330,0,600,0,0,0,1758127634,3000,0,0,0
late_jump,149,149,7,651,0,1330,0,600,1330,0,600,0,7,651,0,1330,0,600,1330,0,600,0,0,0,1758127634,3000,0,0,0
late_jump,150,150,7,651,0,1330,0,600,1330,0,600,0,7,652,0,1330,0,600,1330,0,600,0,0,0,1758127634,3000,0,0,0
late_jump,151,151,7,652,0,1330,0,600,1330,0,600,0,7,652,0,1330,0,600,1330,0,600,0,0,0,1758127634,3000,0,0,0
late_jump,152,152,7,652,0,1330,0,600,1330,0,600,0,7,652,0,1330,0,600,1330,0,600,0,0,0,1758127634,3000,0,0,0
late_jump,153,153,7,652,0,1330,0,600,1330,0,600,0,7,650,0,1330,0,600,1330,0,600,0,0,0,1758127634,3000,0,0,0
late_jump,154,154,7,650,0,1330,0,600,1330,0,600,0,7,650,0,1330,0,600,1330,0,600,0,0,0,1758127634,3000,0,0,0
late_jump,155,155,7,650,0,1330,0,600,1330,0,600,0,7,650,0,1330,0,600,1330,0,600,0,0,0,1758127634,3000,0,0,0
late_jump,156,156,7,650,0,1330,0,600,1330,0,600,0,7,651,0,1330,0,600,1330,0,600,0,0,0,1758127634,3000,0,0,0
late_jump,157,157,7,651,0,1330,0,600,1330,0,600,0,7,651,0,1330,0,600,1330,0,600,0,0,0,1758127634,3000,0,0,0
late_jump,158,158,7,651,0,1330,0,600,1330,0,600,0,7,651,0,1330,0,600,1330,0,600,0,0,0,1758127634,3000,0,0,0
late_jump,159,159,7,651,0,1330,0,600,1330,0,600,0,7,652,0,1330,0,600,1330,0,600,0,0,0,1758127634,3000,0,0,0
late_jump,160,160,7,652,0,1330,0,600,1330,0,600,0,7,652,0,1330,0,600,1330,0,600,0,0,0,1758127634,3000,0,0,0
late_jump,161,161,7,652,0,1330,0,600,1330,0,600,0,7,652,0,1330,0,600,1330,0,600,0,0,0,1758127634,3000,0,0,0
late_jump,162,162,7,652,0,1330,0,600,1330,0,600,0,7,650,0,1330,0,600,1330,0,600,0,0,0,1758127634,3000,0,0,0
late_jump,163,163,7,650,0,1330,0,600,1330,0,600,0,7,650,0,1330,0,600,1330,0,600,0,0,0,1758127634,3000,0,0,0
late_jump,164,164,7,650,0,1330,0,600,1330,0,600,0,7,650,0,1330,0,600,1330,0,600,0,0,0,1758127634,3000,0,0,0
late_jump,165,165,7,650,0,1330,0,600,1330,0,600,0,7,651,0,1330,0,600,1330,0,600,0,0,0,1758127634,3000,0,0,0
late_jump,166,166,7,651,0,1330,0,600,1330,0,600,0,7,651,0,1330,0,600,1330,0,600,0,0,0,1758127634,3000,0,0,0
late_jump,167,167,7,651,0,1330,0,600,1330,0,600,0,7,651,0,1330,0,600,1330,0,600,0,0,0,1758127634,3000,0,0,0
late_jump,168,168,7,651,0,1330,0,600,1330,0,600,0,7,652,0,1330,0,600,1330,0,600,0,0,0,1758127634,3000,0,0,0
late_jump,169,169,7,652,0,1330,0,600,1330,0,600,0,7,652,0,1330,0,600,1330,0,600,0,0,0,1758127634,3000,0,0,0
late_jump,170,170,7,652,0,1330,0,600,1330,0,600,0,7,652,0,1330,0,600,1330,0,600,0,0,0,1758127634,3000,0,0,0
late_jump,171,171,7,652,0,1330,0,600,1330,0,600,0,7,650,0,1330,0,600,1330,0,600,0,0,0,1758127634,3000,0,0,0
late_jump,172,172,7,650,0,1330,0,600,1330,0,600,0,7,650,0,1330,0,600,1330,0,600,0,0,0,1758127634,3000,0,0,0
late_jump,173,173,7,650,0,1330,0,600,1330,0,600,0,7,650,0,1330,0,600,1330,0,600,0,0,0,1758127634,3000,0,0,0
late_jump,174,174,7,650,0,1330,0,600,1330,0,600,0,7,651,0,1330,0,600,1330,0,600,0,0,0,1758127634,3000,0,0,0
late_jump,175,175,7,651,0,1330,0,600,1330,0,600,0,7,651,0,1330,0,600,1330,0,600,0,0,0,1758127634,3000,0,0,0
late_jump,176,176,7,651,0,1330,0,600,1330,0,600,0,7,651,0,1330,0,600,1330,0,600,0,0,0,1758127634,3000,0,0,0
late_jump,177,177,7,651,0,1330,0,600,1330,0,600,0,7,652,0,1330,0,600,1330,0,600,0,0,0,1758127634,3000,0,0,0
late_jump,178,178,7,652,0,1330,0,600,1330,0,600,0,7,652,0,1330,0,600,1330,0,600,0,0,0,1758127634,3000,0,0,0
late_jump,179,179,7,652,0,1330,0,600,1330,0,600,0,7,652,0,1330,0,600,1330,0,600,0,0,0,1758127634,3000,0,0,0
late_jump,180,180,7,652,0,1330,0,600,1330,0,600,0,7,650,0,1330,0,600,1330,0,600,0,0,0,1758127634,3000,0,0,0
late_jump,181,181,7,650,0,1330,0,600,1330,0,600,0,7,650,0,1330,0,600,1330,0,600,0,0,0,1758127634,3000,0,0,0
late_jump,182,182,7,650,0,1330,0,600,1330,0,600,0,7,650,0,1330,0,600,1330,0,600,0,0,0,1758127634,3000,0,0,0
late_jump,183,183,7,650,0,1330,0,600,1330,0,600,0,7,651,0,1330,0,600,1330,0,600,0,0,0,1758127634,3000,0,0,0
late_jump,184,184,7,651,0,1330,0,600,1330,0,600,0,7,651,0,1330,0,600,1330,0,600,0,0,0,1758127634,3000,0,0,0
late_jump,185,185,7,651,0,1330,0,600,1330,0,600,0,7,651,0,1330,0,600,1330,0,600,0,0,0,1758127634,3000,0,0,0
late_jump,186,186,7,651,0,1330,0,600,1330,0,600,0,7,652,0,1330,0,600,1330,0,600,0,0,0,1758127634,3000,0,0,0
late_jump,187,187,7,652,0,1330,0,600,1330,0,600,0,7,652,0,1330,0,600,1330,0,600,0,0,0,1758127634,3000,0,0,0
late_jump,188,188,7,652,0,1330,0,600,1330,0,600,0,7,652,0,1330,0,600,1330,0,600,0,0,0,1758127634,3000,0,0,0
late_jump,189,189,7,652,0,1330,0,600,1330,0,600,0,7,650,0,1330,0,600,1330,0,600,0,0,0,1758127634,3000,0,0,0
late_jump,190,190,7,650,0,1330,0,600,1330,0,600,0,7,650,0,1330,0,600,1330,0,600,0,0,0,1758127634,3000,0,0,0
late_jump,191,191,7,650,0,1330,0,600,1330,0,600,0,7,650,0,1330,0,600,1330,0,600,0,0,0,1758127634,3000,0,0,0
late_jump,192,192,7,650,0,1330,0,600,1330,0,600,0,7,651,0,1330,0,600,1330,0,600,0,0,0,1758127634,3000,0,0,0
late_jump,193,193,7,651,0,1330,0,600,1330,0,600,0,7,651,0,1330,0,600,1330,0,600,0,0,0,1758127634,3000,0,0,0
late_jump,194,194,7,651,0,1330,0,600,1330,0,600,0,7,651,0,1330,0,600,1330,0,600,0,0,0,1758127634,3000,0,0,0
late_jump,195,195,7,651,0,1330,0,600,1330,0,600,0,7,652,0,1330,0,600,1330,0,600,0,0,0,1758127634,3000,0,0,0
late_jump,196,196,7,652,0,1330,0,600,1330,0,600,0,7,652,0,1330,0,600,1330,0,600,0,0,0,1758127634,3000,0,0,0
late_jump,197,197,7,652,0,1330,0,600,1330,0,600,0,7,652,0,1330,0,600,1330,0,600,0,0,0,1758127634,3000,0,0,0
late_jump,198,198,7,652,0,1330,0,600,1330,0,600,0,7,650,0,1330,0,600,1330,0,600,0,0,0,1758127634,3000,0,0,0
late_jump,199,199,7,650,0,1330,0,600,1330,0,600,0,7,650,0,1330,0,600,1330,0,600,0,0,0,1758127634,3000,0,0,0
late_jump,200,200,7,650,0,1330,0,600,1330,0,600,0,7,650,0,1330,0,600,1330,0,600,0,0,0,1758127634,3000,0,0,0
late_jump,201,201,7,650,0,1330,0,600,1330,0,600,0,7,651,0,1330,0,600,1330,0,600,0,0,0,1758127634,3000,0,0,0
late_jump,202,202,7,651,0,1330,0,600,1330,0,600,0,7,651,0,1330,0,600,1330,0,600,0,0,0,1758127634,3000,0,0,0
late_jump,203,203,7,651,0,1330,0,600,1330,0,600,0,7,651,0,1330,0,600,1330,0,600,0,0,0,1758127634,3000,0,0,0
late_jump,204,204,7,651,0,1330,0,600,1330,0,600,0,7,652,0,1330,0,600,1330,0,600,0,0,0,1758127634,3000,0,0,0
late_jump,205,205,7,652,0,1330,0,600,1330,0,600,0,7,652,0,1330,0,600,1330,0,600,0,0,0,1758127634,3000,0,0,0
late_jump,206,206,7,652,0,1330,0,600,1330,0,600,0,7,652,0,1330,0,600,1330,0,600,0,0,0,1758127634,3000,0,0,0
late_jump,207,207,7,652,0,1330,0,600,1330,0,600,0,7,650,0,1330,0,600,1330,0,600,0,0,0,1758127634,3000,0,0,0
late_jump,208,208,7,650,0,1330,0,600,1330,0,600,0,7,650,0,1330,0,600,1330,0,600,0,0,0,1758127634,3000,0,0,0
late_jump,209,209,7,650,0,1330,0,600,1330,0,600,0,7,650,0,1330,0,600,1330,0,600,0,0,0,1758127634,3000,0,0,0
late_jump,210,210,7,650,0,1330,0,600,1330,0,600,0,7,651,0,1330,0,600,1330,0,600,0,0,0,1758127634,3000,0,0,0
late_jump,211,211,7,651,0,1330,0,600,1330,0,600,0,7,651,0,1330,0,600,1330,0,600,0,0,0,1758127634,3000,0,0,0
late_jump,212,212,7,651,0,1330,0,600,1330,0,600,0,7,651,0,1330,0,600,1330,0,600,0,0,0,1758127634,3000,0,0,0
late_jump,213,213,7,651,0,1330,0,600,1330,0,600,0,7,652,0,1330,0,600,1330,0,600,0,0,0,1758127634,3000,0,0,0
late_jump,214,214,7,652,0,1330,0,600,1330,0,600,0,7,652,0,1330,0,600,1330,0,600,0,0,0,1758127634,3000,0,0,0
late_jump,215,215,7,652,0,1330,0,600,1330,0,600,0,7,652,0,1330,0,600,1330,0,600,0,0,0,1758127634,3000,0,0,0
late_jump,216,216,7,652,0,1330,0,600,1330,0,600,0,7,650,0,1330,0,600,1330,0,600,0,0,0,1758127634,3000,0,0,0
late_jump,217,217,7,650,0,1330,0,600,1330,0,600,0,7,650,0,1330,0,600,1330,0,600,0,0,0,1758127634,3000,0,0,0
late_jump,218,218,7,650,0,1330,0,600,1330,0,600,0,7,650,0,1330,0,600,1330,0,600,0,0,0,1758127634,3000,0,0,0
late_jump,219,219,7,650,0,1330,0,600,1330,0,600,0,7,651,0,1330,0,600,1330,0,600,0,0,0,1758127634,3000,0,0,0
late_jump,220,220,7,651,0,1330,0,600,1330,0,600,0,7,651,0,1330,0,600,1330,0,600,0,0,0,1758127634,3000,0,0,0
late_jump,221,221,7,651,0,1330,0,600,1330,0,600,0,7,651,0,1330,0,600,1330,0,600,0,0,0,1758127634,3000,0,0,0
late_jump,222,222,7,651,0,1330,0,600,1330,0,600,0,7,652,0,1330,0,600,1330,0,600,0,0,0,1758127634,3000,0,0,0
late_jump,223,223,7,652,0,1330,0,600,1330,0,600,0,7,652,0,1330,0,600,1330,0,600,0,0,0,1758127634,3000,0,0,0
late_jump,224,224,7,652,0,1330,0,600,1330,0,600,0,7,652,0,1330,0,600,1330,0,600,0,0,0,1758127634,3000,0,0,0
late_jump,225,225,7,652,0,1330,0,600,1330,0,600,0,7,650,0,1330,0,600,1330,0,600,0,0,0,1758127634,3000,0,0,0
late_jump,226,226,7,650,0,1330,0,600,1330,0,600,0,7,650,0,1330,0,600,1330,0,600,0,0,0,1758127634,3000,0,0,0
late_jump,227,227,7,650,0,1330,0,600,1330,0,600,0,7,650,0,1330,0,600,1330,0,600,0,0,0,1758127634,3000,0,0,0
late_jump,228,228,7,650,0,1330,0,600,1330,0,600,0,7,651,0,1330,0,600,1330,0,600,0,0,0,1758127634,3000,0,0,0
late_jump,229,229,7,651,0,1330,0,600,1330,0,600,0,7,651,0,1330,0,600,1330,0,600,0,0,0,1758127634,3000,0,0,0
late_jump,230,230,7,651,0,1330,0,600,1330,0,600,0,7,651,0,1330,0,600,1330,0,600,0,0,0,1758127634,3000,0,0,0
late_jump,231,231,7,651,0,1330,0,600,1330,0,600,0,7,652,0,1330,0,600,1330,0,600,0,0,0,1758127634,3000,0,0,0
late_jump,232,232,7,652,0,1330,0,600,1330,0,600,0,7,652,0,1330,0,600,1330,0,600,0,0,0,1758127634,3000,0,0,0
late_jump,233,233,7,652,0,1330,0,600,1330,0,600,0,7,652,0,1330,0,600,1330,0,600,0,0,0,1758127634,3000,0,0,0
late_jump,234,234,7,652,0,1330,0,600,1330,0,600,0,7,650,0,1330,0,600,1330,0,600,0,0,0,1758127634,3000,0,0,0
late_jump,235,235,7,650,0,1330,0,600,1330,0,600,0,7,650,0,1330,0,600,1330,0,600,0,0,0,1758127634,3000,0,0,0
late_jump,236,236,7,650,0,1330,0,600,1330,0,600,0,7,650,0,1330,0,600,1330,0,600,0,0,0,1758127634,3000,0,0,0
late_jump,237,237,7,650,0,1330,0,600,1330,0,600,0,7,651,0,1330,0,600,1330,0,600,0,0,0,1758127634,3000,0,0,0
late_jump,238,238,7,651,0,1330,0,600,1330,0,600,0,7,651,0,1330,0,600,1330,0,600,0,0,0,1758127634,3000,0,0,0
late_jump,239,239,7,651,0,1330,0,600,1330,0,600,0,7,651,0,1330,0,600,1330,0,600,0,0,0,1758127634,3000,0,0,0
late_jump,240,240,7,651,0,1330,0,600,1330,0,600,0,7,652,0,1330,0,600,1330,0,600,0,0,0,1758127634,3000,0,0,0
late_jump,241,241,7,652,0,1330,0,600,1330,0,600,0,7,652,0,1330,0,600,1330,0,600,0,0,0,1758127634,3000,0,0,0
late_jump,242,242,7,652,0,1330,0,600,1330,0,600,0,7,652,0,1330,0,600,1330,0,600,0,0,0,1758127634,3000,0,0,0
late_jump,243,243,7,652,0,1330,0,600,1330,0,600,0,7,650,0,1330,0,600,1330,0,600,0,0,0,1758127634,3000,0,0,0
late_jump,244,244,7,650,0,1330,0,600,1330,0,600,0,7,650,0,1330,0,600,1330,0,600,0,0,0,1758127634,3000,0,0,0
late_jump,245,245,7,650,0,1330,0,600,1330,0,600,0,7,650,0,1330,0,600,1330,0,600,0,0,0,1758127634,3000,0,0,0
late_jump,246,246,7,650,0,1330,0,600,1330,0,600,0,7,651,0,1330,0,600,1330,0,600,0,0,0,1758127634,3000,0,0,0
late_jump,247,247,7,651,0,1330,0,600,1330,0,600,0,7,651,0,1330,0,600,1330,0,600,0,0,0,1758127634,3000,0,0,0
late_jump,248,248,7,651,0,1330,0,600,1330,0,600,0,7,651,0,1330,0,600,1330,0,600,0,0,0,1758127634,3000,0,0,0
late_jump,249,249,7,651,0,1330,0,600,1330,0,600,0,7,652,0,1330,0,600,1330,0,600,0,0,0,1758127634,3000,0,0,0
late_jump,250,250,7,652,0,1330,0,600,1330,0,600,0,7,652,0,1330,0,600,1330,0,600,0,0,0,1758127634,3000,0,0,0
late_jump,251,251,7,652,0,1330,0,600,1330,0,600,0,7,652,0,1330,0,600,1330,0,600,0,0,0,1758127634,3000,0,0,0
late_jump,252,252,7,652,0,1330,0,600,1330,0,600,0,7,650,0,1330,0,600,1330,0,600,0,0,0,1758127634,3000,0,0,0
late_jump,253,253,7,650,0,1330,0,600,1330,0,600,0,7,650,0,1330,0,600,1330,0,600,0,0,0,1758127634,3000,0,0,0
late_jump,254,254,7,650,0,1330,0,600,1330,0,600,0,7,650,0,1330,0,600,1330,0,600,0,0,0,1758127634,3000,0,0,0
late_jump,255,255,7,650,0,1330,0,600,1330,0,600,0,7,651,0,1330,0,600,1330,0,600,0,0,0,1758127634,3000,0,0,0
late_jump,256,256,7,651,0,1330,0,600,1330,0,600,0,7,651,0,1330,0,600,1330,0,600,0,0,0,1758127634,3000,0,0,0
late_jump,257,257,7,651,0,1330,0,600,1330,0,600,0,7,651,0,1330,0,600,1330,0,600,0,0,0,1758127634,3000,0,0,0
late_jump,258,258,7,651,0,1330,0,600,1330,0,600,0,7,652,0,1330,0,600,1330,0,600,0,0,0,1758127634,3000,0,0,0
late_jump,259,259,7,652,0,1330,0,600,1330,0,600,0,7,652,0,1330,0,600,1330,0,600,0,0,0,1758127634,3000,0,0,0
late_jump,260,260,7,652,0,1330,0,600,1330,0,600,0,7,652,0,1330,0,600,1330,0,600,0,0,0,1758127634,3000,0,0,0
late_jump,261,261,7,652,0,1330,0,600,1330,0,600,0,7,650,0,1330,0,600,1330,0,600,0,0,0,1758127634,3000,0,0,0
late_jump,262,262,7,650,0,1330,0,600,1330,0,600,0,7,650,0,1330,0,600,1330,0,600,0,0,0,1758127634,3000,0,0,0
late_jump,263,263,7,650,0,1330,0,600,1330,0,600,0,7,650,0,1330,0,600,1330,0,600,0,0,0,1758127634,3000,0,0,0
late_jump,264,264,7,650,0,1330,0,600,1330,0,600,0,7,651,0,1330,0,600,1330,0,600,0,0,0,1758127634,3000,0,0,0
late_jump,265,265,7,651,0,1330,0,600,1330,0,600,0,7,651,0,1330,0,600,1330,0,600,0,0,0,1758127634,3000,0,0,0
late_jump,266,266,7,651,0,1330,0,600,1330,0,600,0,7,651,0,1330,0,600,1330,0,600,0,0,0,1758127634,3000,0,0,0
late_jump,267,267,7,651,0,1330,0,600,1330,0,600,0,7,652,0,1330,0,600,1330,0,600,0,0,0,1758127634,3000,0,0,0
late_jump,268,268,7,652,0,1330,0,600,1330,0,600,0,7,652,0,1330,0,600,1330,0,600,0,0,0,1758127634,3000,0,0,0
late_jump,269,269,7,652,0,1330,0,600,1330,0,600,0,7,652,0,1330,0,600,1330,0,600,0,0,0,1758127634,3000,0,0,0
late_jump,270,270,7,652,0,1330,0,600,1330,0,600,0,7,650,0,1330,0,600,1330,0,600,0,0,0,1758127634,3000,0,0,0
late_jump,271,271,7,650,0,1330,0,600,1330,0,600,0,7,650,0,1330,0,600,1330,0,600,0,0,0,1758127634,3000,0,0,0
late_jump,272,272,7,650,0,1330,0,600,1330,0,600,0,7,650,0,1330,0,600,1330,0,600,0,0,0,1758127634,3000,0,0,0
late_jump,273,273,7,650,0,1330,0,600,1330,0,600,0,7,651,0,1330,0,600,1330,0,600,0,0,0,1758127634,3000,0,0,0
late_jump,274,274,7,651,0,1330,0,600,1330,0,600,0,7,651,0,1330,0,600,1330,0,600,0,0,0,1758127634,3000,0,0,0
late_jump,275,275,7,651,0,1330,0,600,1330,0,600,0,7,651,0,1330,0,600,1330,0,600,0,0,0,1758127634,3000,0,0,0
late_jump,276,276,7,651,0,1330,0,600,1330,0,600,0,7,652,0,1330,0,600,1330,0,600,0,0,0,1758127634,3000,0,0,0
late_jump,277,277,7,652,0,1330,0,600,1330,0,600,0,7,652,0,1330,0,600,1330,0,600,0,0,0,1758127634,3000,0,0,0
late_jump,278,278,7,652,0,1330,0,600,1330,0,600,0,7,652,0,1330,0,600,1330,0,600,0,0,0,1758127634,3000,0,0,0
late_jump,279,279,7,652,0,1330,0,600,1330,0,600,0,7,650,0,1330,0,600,1330,0,600,0,0,0,1758127634,3000,0,0,0
late_jump,280,280,7,650,0,1330,0,600,1330,0,600,0,7,650,0,1330,0,600,1330,0,600,0,0,0,1758127634,3000,0,0,0
late_jump,281,281,7,650,0,1330,0,600,1330,0,600,0,7,650,0,1330,0,600,1330,0,600,0,0,0,1758127634,3000,0,0,0
late_jump,282,282,7,650,0,1330,0,600,1330,0,600,0,7,651,0,1330,0,600,1330,0,600,0,0,0,1758127634,3000,0,0,0
late_jump,283,283,7,651,0,1330,0,600,1330,0,600,0,7,651,0,1330,0,600,1330,0,600,0,0,0,1758127634,3000,0,0,0
late_jump,284,284,7,651,0,1330,0,600,1330,0,600,0,7,651,0,1330,0,600,1330,0,600,0,0,0,1758127634,3000,0,0,0
late_jump,285,285,7,651,0,1330,0,600,1330,0,600,0,7,652,0,1330,0,600,1330,0,600,0,0,0,1758127634,3000,0,0,0
late_jump,286,286,7,652,0,1330,0,600,1330,0,600,0,7,652,0,1330,0,600,1330,0,600,0,0,0,1758127634,3000,0,0,0
late_jump,287,287,7,652,0,1330,0,600,1330,0,600,0,7,652,0,1330,0,600,1330,0,600,0,0,0,1758127634,3000,0,0,0
late_jump,288,288,7,652,0,1330,0,600,1330,0,600,0,7,650,0,1330,0,600,1330,0,600,0,0,0,1758127634,3000,0,0,0
late_jump,289,289,7,650,0,1330,0,600,1330,0,600,0,7,650,0,1330,0,600,1330,0,600,0,0,0,1758127634,3000,0,0,0
late_jump,290,290,7,650,0,1330,0,600,1330,0,600,0,7,650,0,1330,0,600,1330,0,600,0,0,0,1758127634,3000,0,0,0
late_jump,291,291,7,650,0,1330,0,600,1330,0,600,0,7,651,0,1330,0,600,1330,0,600,0,0,0,1758127634,3000,0,0,0
late_jump,292,292,7,651,0,1330,0,600,1330,0,600,0,7,651,0,1330,0,600,1330,0,600,0,0,0,1758127634,3000,0,0,0
late_jump,293,293,7,651,0,1330,0,600,1330,0,600,0,7,651,0,1330,0,600,1330,0,600,0,0,0,1758127634,3000,0,0,0
late_jump,294,294,7,651,0,1330,0,600,1330,0,600,0,7,652,0,1330,0,600,1330,0,600,0,0,0,1758127634,3000,0,0,0
late_jump,295,295,7,652,0,1330,0,600,1330,0,600,0,7,652,0,1330,0,600,1330,0,600,0,0,0,1758127634,3000,0,0,0
late_jump,296,296,7,652,0,1330,0,600,1330,0,600,0,7,652,0,1330,0,600,1330,0,600,0,0,0,1758127634,3000,0,0,0
late_jump,297,297,7,652,0,1330,0,600,1330,0,600,0,7,650,0,1330,0,600,1330,0,600,0,0,0,1758127634,3000,0,0,0
late_jump,298,298,7,650,0,1330,0,600,1330,0,600,0,7,650,0,1330,0,600,1330,0,600,0,0,0,1758127634,3000,0,0,0
late_jump,299,299,7,650,0,1330,0,600,1330,0,600,0,7,650,0,1330,0,600,1330,0,600,0,0,0,1758127634,3000,0,0,0
late_jump,300,300,7,650,0,1330,0,600,1330,0,600,0,7,651,0,1330,0,600,1330,0,600,0,0,0,1758127634,3000,0,0,0
late_jump,301,301,7,651,0,1330,0,600,1330,0,600,0,7,651,0,1330,0,600,1330,0,600,0,0,0,1758127634,3000,0,0,0
late_jump,302,302,7,651,0,1330,0,600,1330,0,600,0,7,651,0,1330,0,600,1330,0,600,0,0,0,1758127634,3000,0,0,0
late_jump,303,303,7,651,0,1330,0,600,1330,0,600,0,7,652,0,1330,0,600,1330,0,600,0,0,0,1758127634,3000,0,0,0
late_jump,304,304,7,652,0,1330,0,600,1330,0,600,0,7,652,0,1330,0,600,1330,0,600,0,0,0,1758127634,3000,0,0,0
late_jump,305,305,7,652,0,1330,0,600,1330,0,600,0,7,652,0,1330,0,600,1330,0,600,0,0,0,1758127634,3000,0,0,0
late_jump,306,306,7,652,0,1330,0,600,1330,0,600,0,7,650,0,1330,0,600,1330,0,600,0,0,0,1758127634,3000,0,0,0
late_jump,307,307,7,650,0,1330,0,600,1330,0,600,0,7,650,0,1330,0,600,1330,0,600,0,0,0,1758127634,3000,0,0,0
late_jump,308,308,7,650,0,1330,0,600,1330,0,600,0,7,650,0,1330,0,600,1330,0,600,0,0,0,1758127634,3000,0,0,0
late_jump,309,309,7,650,0,1330,0,600,1330,0,600,0,7,651,0,1330,0,600,1330,0,600,0,0,0,1758127634,3000,0,0,0
late_jump,310,310,7,651,0,1330,0,600,1330,0,600,0,7,651,0,1330,0,600,1330,0,600,0,0,0,1758127634,3000,0,0,0
late_jump,311,311,7,651,0,1330,0,600,1330,0,600,0,7,651,0,1330,0,600,1330,0,600,0,0,0,1758127634,3000,0,0,0
late_jump,312,312,7,651,0,1330,0,600,1330,0,600,0,7,652,0,1330,0,600,1330,0,600,0,0,0,1758127634,3000,0,0,0
late_jump,313,313,7,652,0,1330,0,600,1330,0,600,0,7,652,0,1330,0,600,1330,0,600,0,0,0,1758127634,3000,0,0,0
late_jump,314,314,7,652,0,1330,0,600,1330,0,600,0,7,652,0,1330,0,600,1330,0,600,0,0,0,1758127634,3000,0,0,0
late_jump,315,315,7,652,0,1330,0,600,1330,0,600,0,7,650,0,1330,0,600,1330,0,600,0,0,0,1758127634,3000,0,0,0
late_jump,316,316,7,650,0,1330,0,600,1330,0,600,0,7,650,0,1330,0,600,1330,0,600,0,0,0,1758127634,3000,0,0,0
late_jump,317,317,7,650,0,1330,0,600,1330,0,600,0,7,650,0,1330,0,600,1330,0,600,0,0,0,1758127634,3000,0,0,0
late_jump,318,318,7,650,0,1330,0,600,1330,0,600,0,7,651,0,1330,0,600,1330,0,600,0,0,0,1758127634,3000,0,0,0
late_jump,319,319,7,651,0,1330,0,600,1330,0,600,0,7,651,0,1330,0,600,1330,0,600,0,0,0,1758127634,3000,0,0,0
late_jump,320,320,7,651,0,1330,0,600,1330,0,600,0,7,651,0,1330,0,600,1330,0,600,0,0,0,1758127634,3000,0,0,0
late_jump,321,321,7,651,0,1330,0,600,1330,0,600,0,7,652,0,1330,0,600,1330,0,600,0,0,0,1758127634,3000,0,0,0
late_jump,322,322,7,652,0,1330,0,600,1330,0,600,0,7,652,0,1330,0,600,1330,0,600,0,0,0,1758127634,3000,0,0,0
late_jump,323,323,7,652,0,1330,0,600,1330,0,600,0,7,652,0,1330,0,600,1330,0,600,0,0,0,1758127634,3000,0,0,0
late_jump,324,324,7,652,0,1330,0,600,1330,0,600,0,7,650,0,1330,0,600,1330,0,600,0,0,0,1758127634,3000,0,0,0
late_jump,325,325,7,650,0,1330,0,600,1330,0,600,0,7,650,0,1330,0,600,1330,0,600,0,0,0,1758127634,3000,0,0,0
late_jump,326,326,7,650,0,1330,0,600,1330,0,600,0,7,650,0,1330,0,600,1330,0,600,0,0,0,1758127634,3000,0,0,0
late_jump,327,327,7,650,0,1330,0,600,1330,0,600,0,7,651,0,1330,0,600,1330,0,600,0,0,0,1758127634,3000,0,0,0
late_jump,328,328,7,651,0,1330,0,600,1330,0,600,0,7,651,0,1330,0,600,1330,0,600,0,0,0,1758127634,3000,0,0,0
late_jump,329,329,7,651,0,1330,0,600,1330,0,600,0,7,651,0,1330,0,600,1330,0,600,0,0,0,1758127634,3000,0,0,0
late_jump,330,330,7,651,0,1330,0,600,1330,0,600,0,7,652,0,1330,0,600,1330,0,600,0,0,0,1758127634,3000,0,0,0
late_jump,331,331,7,652,0,1330,0,600,1330,0,600,0,7,652,0,1330,0,600,1330,0,600,0,0,0,1758127634,3000,0,0,0
late_jump,332,332,7,652,0,1330,0,600,1330,0,600,0,7,652,0,1330,0,600,1330,0,600,0,0,0,1758127634,3000,0,0,0
late_jump,333,333,7,652,0,1330,0,600,1330,0,600,0,7,650,0,1330,0,600,1330,0,600,0,0,0,1758127634,3000,0,0,0
late_jump,334,334,7,650,0,1330,0,600,1330,0,600,0,7,650,0,1330,0,600,1330,0,600,0,0,0,1758127634,3000,0,0,0
late_jump,335,335,7,650,0,1330,0,600,1330,0,600,0,7,650,0,1330,0,600,1330,0,600,0,0,0,1758127634,3000,0,0,0
late_jump,336,336,7,650,0,1330,0,600,1330,0,600,0,7,651,0,1330,0,600,1330,0,600,0,0,0,1758127634,3000,0,0,0
late_jump,337,337,7,651,0,1330,0,600,1330,0,600,0,7,651,0,1330,0,600,1330,0,600,0,0,0,1758127634,3000,0,0,0
late_jump,338,338,7,651,0,1330,0,600,1330,0,600,0,7,651,0,1330,0,600,1330,0,600,0,0,0,1758127634,3000,0,0,0
late_jump,339,339,7,651,0,1330,0,600,1330,0,600,0,7,652,0,1330,0,600,1330,0,600,0,0,0,1758127634,3000,0,0,0
late_jump,340,340,7,652,0,1330,0,600,1330,0,600,0,7,652,0,1330,0,600,1330,0,600,0,0,0,1758127634,3000,0,0,0
late_jump,341,341,7,652,0,1330,0,600,1330,0,600,0,7,652,0,1330,0,600,1330,0,600,0,0,0,1758127634,3000,0,0,0
late_jump,342,342,7,652,0,1330,0,600,1330,0,600,0,7,650,0,1330,0,600,1330,0,600,0,0,0,1758127634,3000,0,0,0
late_jump,343,343,7,650,0,1330,0,600,1330,0,600,0,7,650,0,1330,0,600,1330,0,600,0,0,0,1758127634,3000,0,0,0
late_jump,344,344,7,650,0,1330,0,600,1330,0,600,0,7,650,0,1330,0,600,1330,0,600,0,0,0,1758127634,3000,0,0,0
late_jump,345,345,7,650,0,1330,0,600,1330,0,600,0,7,651,0,1330,0,600,1330,0,600,0,0,0,1758127634,3000,0,0,0
late_jump,346,346,7,651,0,1330,0,600,1330,0,600,0,7,651,0,1330,0,600,1330,0,600,0,0,0,1758127634,3000,0,0,0
late_jump,347,347,7,651,0,1330,0,600,1330,0,600,0,7,651,0,1330,0,600,1330,0,600,0,0,0,1758127634,3000,0,0,0
late_jump,348,348,7,651,0,1330,0,600,1330,0,600,0,7,652,0,1330,0,600,1330,0,600,0,0,0,1758127634,3000,0,0,0
late_jump,349,349,7,652,0,1330,0,600,1330,0,600,0,7,652,0,1330,0,600,1330,0,600,0,0,0,1758127634,3000,0,0,0
right_hold,1,1,7,9,0,320,0,600,320,0,600,0,7,650,0,340,0,600,340,0,600,0,0,0,1758127634,3000,0,0,0
right_hold,2,2,7,650,0,340,0,600,340,0,600,0,7,650,0,360,0,600,360,0,600,0,0,0,1758127634,3000,0,0,0
right_hold,3,3,7,650,0,360,0,600,360,0,600,0,7,651,0,380,0,600,380,0,600,0,0,0,1758127634,3000,0,0,0
right_hold,4,4,7,651,0,380,0,600,380,0,600,0,7,651,0,400,0,600,400,0,600,0,0,0,1758127634,3000,0,0,0
right_hold,5,5,7,651,0,400,0,600,400,0,600,0,7,651,0,420,0,600,420,0,600,0,0,0,1758127634,3000,0,0,0
right_hold,6,6,7,651,0,420,0,600,420,0,600,0,7,652,0,440,0,600,440,0,600,0,0,0,1758127634,3000,0,0,0
right_hold,7,7,7,652,0,440,0,600,440,0,600,0,7,652,0,460,0,600,460,0,600,0,0,0,1758127634,3000,0,0,0
right_hold,8,8,7,652,0,460,0,600,460,0,600,0,7,652,0,480,0,600,480,0,600,0,0,0,1758127634,3000,0,0,0
right_hold,9,9,7,652,0,480,0,600,480,0,600,0,7,650,0,500,0,600,500,0,600,0,0,0,1758127634,3000,0,0,0
right_hold,10,10,7,650,0,500,0,600,500,0,600,0,7,650,0,520,0,600,520,0,600,0,0,0,1758127634,3000,0,0,0
right_hold,11,11,7,650,0,520,0,600,520,0,600,0,7,650,0,540,0,600,540,0,600,0,0,0,1758127634,3000,0,0,0
right_hold,12,12,7,650,0,540,0,600,540,0,600,0,7,651,0,560,0,600,560,0,600,0,0,0,1758127634,3000,0,0,0
right_hold,13,13,7,651,0,560,0,600,560,0,600,0,7,651,0,580,0,600,580,0,600,0,0,0,1758127634,3000,0,0,0
right_hold,14,14,7,651,0,580,0,600,580,0,600,0,7,651,0,600,0,600,600,0,600,0,0,0,1758127634,3000,0,0,0
right_hold,15,15,7,651,0,600,0,600,600,0,600,0,7,652,0,620,0,600,620,0,600,0,0,0,1758127634,3000,0,0,0
right_hold,16,16,7,652,0,620,0,600,620,0,600,0,7,652,0,640,0,600,640,0,600,0,0,0,1758127634,3000,0,0,0
right_hold,17,17,7,652,0,640,0,600,640,0,600,0,7,652,0,660,0,600,660,0,600,0,0,0,1758127634,3000,0,0,0
right_hold,18,18,7,652,0,660,0,600,660,0,600,0,7,650,0,680,0,600,680,0,600,0,0,0,1758127634,3000,0,0,0
right_hold,19,19,7,650,0,680,0,600,680,0,600,0,7,650,0,700,0,600,700,0,600,0,0,0,1758127634,3000,0,0,0
right_hold,20,20,7,650,0,700,0,600,700,0,600,0,7,650,0,720,0,600,720,0,600,0,0,0,1758127634,3000,0,0,0
right_hold,21,21,7,650,0,720,0,600,720,0,600,0,7,651,0,740,0,600,740,0,600,0,0,0,1758127634,3000,0,0,0
right_hold,22,22,7,651,0,740,0,600,740,0,600,0,7,651,0,760,0,600,760,0,600,0,0,0,1758127634,3000,0,0,0
right_hold,23,23,7,651,0,760,0,600,760,0,600,0,7,651,0,780,0,600,780,0,600,0,0,0,1758127634,3000,0,0,0
right_hold,24,24,7,651,0,780,0,600,780,0,600,0,7,652,0,800,0,600,800,0,600,0,0,0,1758127634,3000,0,0,0
right_hold,25,25,7,652,0,800,0,600,800,0,600,0,7,652,0,820,0,600,820,0,600,0,0,0,1758127634,3000,0,0,0
right_hold,26,26,7,652,0,820,0,600,820,0,600,0,7,652,0,840,0,600,840,0,600,0,0,0,1758127634,3000,0,0,0
right_hold,27,27,7,652,0,840,0,600,840,0,600,0,7,650,0,860,0,600,860,0,600,0,0,0,1758127634,3000,0,0,0
right_hold,28,28,7,650,0,860,0,600,860,0,600,0,7,650,0,880,0,600,880,0,600,0,0,0,1758127634,3000,0,0,0
right_hold,29,29,7,650,0,880,0,600,880,0,600,0,7,650,0,900,0,600,900,0,600,0,0,0,1758127634,3000,0,0,0
right_hold,30,30,7,650,0,900,0,600,900,0,600,0,7,651,0,920,0,600,920,0,600,0,0,0,1758127634,3000,0,0,0
right_hold,31,31,7,651,0,920,0,600,920,0,600,0,7,651,0,940,0,600,940,0,600,0,0,0,1758127634,3000,0,0,0
right_hold,32,32,7,651,0,940,0,600,940,0,600,0,7,651,0,960,0,600,960,0,600,0,0,0,1758127634,3000,0,0,0
right_hold,33,33,7,651,0,960,0,600,960,0,600,0,7,652,0,980,0,600,980,0,600,0,0,0,1758127634,3000,0,0,0
right_hold,34,34,7,652,0,980,0,600,980,0,600,0,7,652,0,1000,0,600,1000,0,600,0,0,0,1758127634,3000,0,0,0
right_hold,35,35,7,652,0,1000,0,600,1000,0,600,0,7,652,0,1020,0,600,1020,0,600,0,0,0,1758127634,3000,0,0,0
right_hold,36,36,7,652,0,1020,0,600,1020,0,600,0,7,650,0,1040,0,600,1040,0,600,0,0,0,1758127634,3000,0,0,0
right_hold,37,37,7,650,0,1040,0,600,1040,0,600,0,7,650,0,1060,0,600,1060,0,600,0,0,0,1758127634,3000,0,0,0
right_hold,38,38,7,650,0,1060,0,600,1060,0,600,0,7,650,0,1080,0,600,1080,0,600,0,0,0,1758127634,3000,0,0,0
right_hold,39,39,7,650,0,1080,0,600,1080,0,600,0,7,651,0,1100,0,600,1100,0,600,0,0,0,1758127634,3000,0,0,0
right_hold,40,40,7,651,0,1100,0,600,1100,0,600,0,7,651,0,1120,0,600,1120,0,600,0,0,0,1758127634,3000,0,0,0
right_hold,41,41,7,651,0,1120,0,600,1120,0,600,0,7,651,0,1140,0,600,1140,0,600,0,0,0,1758127634,3000,0,0,0
right_hold,42,42,7,651,0,1140,0,600,1140,0,600,0,7,652,0,1160,0,600,1160,0,600,0,0,0,1758127634,3000,0,0,0
right_hold,43,43,7,652,0,1160,0,600,1160,0,600,0,7,652,0,1180,0,600,1180,0,600,0,0,0,1758127634,3000,0,0,0
right_hold,44,44,7,652,0,1180,0,600,1180,0,600,0,7,652,0,1200,0,600,1200,0,600,0,0,0,1758127634,3000,0,0,0
right_hold,45,45,7,652,0,1200,0,600,1200,0,600,0,7,650,0,1220,0,600,1220,0,600,0,0,0,1758127634,3000,0,0,0
right_hold,46,46,7,650,0,1220,0,600,1220,0,600,0,7,650,0,1240,0,600,1240,0,600,0,0,0,1758127634,3000,0,0,0
right_hold,47,47,7,650,0,1240,0,600,1240,0,600,0,7,650,0,1260,0,600,1260,0,600,0,0,0,1758127634,3000,0,0,0
right_hold,48,48,7,650,0,1260,0,600,1260,0,600,0,7,651,0,1280,0,600,1280,0,600,0,0,0,1758127634,3000,0,0,0
right_hold,49,49,7,651,0,1280,0,600,1280,0,600,0,7,651,0,1300,0,600,1300,0,600,0,0,0,1758127634,3000,0,0,0
right_hold,50,50,7,651,0,1300,0,600,1300,0,600,0,7,651,0,1320,0,600,1320,0,600,0,0,0,1758127634,3000,0,0,0
right_hold,51,51,7,651,0,1320,0,600,1320,0,600,0,7,652,0,1330,0,600,1330,0,600,0,0,0,1758127634,3000,0,0,0
right_hold,52,52,7,652,0,1330,0,600,1330,0,600,0,7,652,0,1330,0,600,1330,0,600,0,0,0,1758127634,3000,0,0,0
right_hold,53,53,7,652,0,1330,0,600,1330,0,600,0,7,652,0,1330,0,600,1330,0,600,0,0,0,1758127634,3000,0,0,0
right_hold,54,54,7,652,0,1330,0,600,1330,0,600,0,7,650,0,1330,0,600,1330,0,600,0,0,0,1758127634,3000,0,0,0
right_hold,55,55,7,650,0,1330,0,600,1330,0,600,0,7,650,0,1330,0,600,1330,0,600,0,0,0,1758127634,3000,0,0,0
right_hold,56,56,7,650,0,1330,0,600,1330,0,600,0,7,650,0,1330,0,600,1330,0,600,0,0,0,1758127634,3000,0,0,0
right_hold,57,57,7,650,0,1330,0,600,1330,0,600,0,7,651,0,1330,0,600,1330,0,600,0,0,0,1758127634,3000,0,0,0
right_hold,58,58,7,651,0,1330,0,600,1330,0,600,0,7,651,0,1330,0,600,1330,0,600,0,0,0,1758127634,3000,0,0,0
right_hold,59,59,7,651,0,1330,0,600,1330,0,600,0,7,651,0,1330,0,600,1330,0,600,0,0,0,1758127634,3000,0,0,0
right_hold,60,60,7,651,0,1330,0,600,1330,0,600,0,7,652,0,1330,0,600,1330,0,600,0,0,0,1758127634,3000,0,0,0
right_hold,61,61,7,652,0,1330,0,600,1330,0,600,0,7,652,0,1330,0,600,1330,0,600,0,0,0,1758127634,3000,0,0,0
right_hold,62,62,7,652,0,1330,0,600,1330,0,600,0,7,652,0,1330,0,600,1330,0,600,0,0,0,1758127634,3000,0,0,0
right_hold,63,63,7,652,0,1330,0,600,1330,0,600,0,7,650,0,1330,0,600,1330,0,600,0,0,0,1758127634,3000,0,0,0
right_hold,64,64,7,650,0,1330,0,600,1330,0,600,0,7,650,0,1330,0,600,1330,0,600,0,0,0,1758127634,3000,0,0,0
right_hold,65,65,7,650,0,1330,0,600,1330,0,600,0,7,650,0,1330,0,600,1330,0,600,0,0,0,1758127634,3000,0,0,0
right_hold,66,66,7,650,0,1330,0,600,1330,0,600,0,7,651,0,1330,0,600,1330,0,600,0,0,0,1758127634,3000,0,0,0
right_hold,67,67,7,651,0,1330,0,600,1330,0,600,0,7,651,0,1330,0,600,1330,0,600,0,0,0,1758127634,3000,0,0,0
right_hold,68,68,7,651,0,1330,0,600,1330,0,600,0,7,651,0,1330,0,600,1330,0,600,0,0,0,1758127634,3000,0,0,0
right_hold,69,69,7,651,0,1330,0,600,1330,0,600,0,7,652,0,1330,0,600,1330,0,600,0,0,0,1758127634,3000,0,0,0
right_hold,70,70,7,652,0,1330,0,600,1330,0,600,0,7,652,0,1330,0,600,1330,0,600,0,0,0,1758127634,3000,0,0,0
right_hold,71,71,7,652,0,1330,0,600,1330,0,600,0,7,652,0,1330,0,600,1330,0,600,0,0,0,1758127634,3000,0,0,0
right_hold,72,72,7,652,0,1330,0,600,1330,0,600,0,7,650,0,1330,0,600,1330,0,600,0,0,0,1758127634,3000,0,0,0
right_hold,73,73,7,650,0,1330,0,600,1330,0,600,0,7,650,0,1330,0,600,1330,0,600,0,0,0,1758127634,3000,0,0,0
right_hold,74,74,7,650,0,1330,0,600,1330,0,600,0,7,650,0,1330,0,600,1330,0,600,0,0,0,1758127634,3000,0,0,0
right_hold,75,75,7,650,0,1330,0,600,1330,0,600,0,7,651,0,1330,0,600,1330,0,600,0,0,0,1758127634,3000,0,0,0
right_hold,76,76,7,651,0,1330,0,600,1330,0,600,0,7,651,0,1330,0,600,1330,0,600,0,0,0,1758127634,3000,0,0,0
right_hold,77,77,7,651,0,1330,0,600,1330,0,600,0,7,651,0,1330,0,600,1330,0,600,0,0,0,1758127634,3000,0,0,0
right_hold,78,78,7,651,0,1330,0,600,1330,0,600,0,7,652,0,1330,0,600,1330,0,600,0,0,0,1758127634,3000,0,0,0
right_hold,79,79,7,652,0,1330,0,600,1330,0,600,0,7,652,0,1330,0,600,1330,0,600,0,0,0,1758127634,3000,0,0,0
right_hold,80,80,7,652,0,1330,0,600,1330,0,600,0,7,652,0,1330,0,600,1330,0,600,0,0,0,1758127634,3000,0,0,0
right_hold,81,81,7,652,0,1330,0,600,1330,0,600,0,7,650,0,1330,0,600,1330,0,600,0,0,0,1758127634,3000,0,0,0
right_hold,82,82,7,650,0,1330,0,600,1330,0,600,0,7,650,0,1330,0,600,1330,0,600,0,0,0,1758127634,3000,0,0,0
right_hold,83,83,7,650,0,1330,0,600,1330,0,600,0,7,650,0,1330,0,600,1330,0,600,0,0,0,1758127634,3000,0,0,0
right_hold,84,84,7,650,0,1330,0,600,1330,0,600,0,7,651,0,1330,0,600,1330,0,600,0,0,0,1758127634,3000,0,0,0
right_hold,85,85,7,651,0,1330,0,600,1330,0,600,0,7,651,0,1330,0,600,1330,0,600,0,0,0,1758127634,3000,0,0,0
right_hold,86,86,7,651,0,1330,0,600,1330,0,600,0,7,651,0,1330,0,600,1330,0,600,0,0,0,1758127634,3000,0,0,0
right_hold,87,87,7,651,0,1330,0,600,1330,0,600,0,7,652,0,1330,0,600,1330,0,600,0,0,0,1758127634,3000,0,0,0
right_hold,88,88,7,652,0,1330,0,600,1330,0,600,0,7,652,0,1330,0,600,1330,0,600,0,0,0,1758127634,3000,0,0,0
right_hold,89,89,7,652,0,1330,0,600,1330,0,600,0,7,652,0,1330,0,600,1330,0,600,0,0,0,1758127634,3000,0,0,0
right_hold,90,90,7,652,0,1330,0,600,1330,0,600,0,7,650,0,1330,0,600,1330,0,600,0,0,0,1758127634,3000,0,0,0
right_hold,91,91,7,650,0,1330,0,600,1330,0,600,0,7,650,0,1330,0,600,1330,0,600,0,0,0,1758127634,3000,0,0,0
right_hold,92,92,7,650,0,1330,0,600,1330,0,600,0,7,650,0,1330,0,600,1330,0,600,0,0,0,1758127634,3000,0,0,0
right_hold,93,93,7,650,0,1330,0,600,1330,0,600,0,7,651,0,1330,0,600,1330,0,600,0,0,0,1758127634,3000,0,0,0
right_hold,94,94,7,651,0,1330,0,600,1330,0,600,0,7,651,0,1330,0,600,1330,0,600,0,0,0,1758127634,3000,0,0,0
right_hold,95,95,7,651,0,1330,0,600,1330,0,600,0,7,651,0,1330,0,600,1330,0,600,0,0,0,1758127634,3000,0,0,0
right_hold,96,96,7,651,0,1330,0,600,1330,0,600,0,7,652,0,1330,0,600,1330,0,600,0,0,0,1758127634,3000,0,0,0
right_hold,97,97,7,652,0,1330,0,600,1330,0,600,0,7,652,0,1330,0,600,1330,0,600,0,0,0,1758127634,3000,0,0,0
right_hold,98,98,7,652,0,1330,0,600,1330,0,600,0,7,652,0,1330,0,600,1330,0,600,0,0,0,1758127634,3000,0,0,0
right_hold,99,99,7,652,0,1330,0,600,1330,0,600,0,7,650,0,1330,0,600,1330,0,600,0,0,0,1758127634,3000,0,0,0
right_hold,100,100,7,650,0,1330,0,600,1330,0,600,0,7,650,0,1330,0,600,1330,0,600,0,0,0,1758127634,3000,0,0,0
right_hold,101,101,7,650,0,1330,0,600,1330,0,600,0,7,650,0,1330,0,600,1330,0,600,0,0,0,1758127634,3000,0,0,0
right_hold,102,102,7,650,0,1330,0,600,1330,0,600,0,7,651,0,1330,0,600,1330,0,600,0,0,0,1758127634,3000,0,0,0
right_hold,103,103,7,651,0,1330,0,600,1330,0,600,0,7,651,0,1330,0,600,1330,0,600,0,0,0,1758127634,3000,0,0,0
right_hold,104,104,7,651,0,1330,0,600,1330,0,600,0,7,651,0,1330,0,600,1330,0,600,0,0,0,1758127634,3000,0,0,0
right_hold,105,105,7,651,0,1330,0,600,1330,0,600,0,7,652,0,1330,0,600,1330,0,600,0,0,0,1758127634,3000,0,0,0
right_hold,106,106,7,652,0,1330,0,600,1330,0,600,0,7,652,0,1330,0,600,1330,0,600,0,0,0,1758127634,3000,0,0,0
right_hold,107,107,7,652,0,1330,0,600,1330,0,600,0,7,652,0,1330,0,600,1330,0,600,0,0,0,1758127634,3000,0,0,0
right_hold,108,108,7,652,0,1330,0,600,1330,0,600,0,7,650,0,1330,0,600,1330,0,600,0,0,0,1758127634,3000,0,0,0
right_hold,109,109,7,650,0,1330,0,600,1330,0,600,0,7,650,0,1330,0,600,1330,0,600,0,0,0,1758127634,3000,0,0,0
right_hold,110,110,7,650,0,1330,0,600,1330,0,600,0,7,650,0,1330,0,600,1330,0,600,0,0,0,1758127634,3000,0,0,0
right_hold,111,111,7,650,0,1330,0,600,1330,0,600,0,7,651,0,1330,0,600,1330,0,600,0,0,0,1758127634,3000,0,0,0
right_hold,112,112,7,651,0,1330,0,600,1330,0,600,0,7,651,0,1330,0,600,1330,0,600,0,0,0,1758127634,3000,0,0,0
right_hold,113,113,7,651,0,1330,0,600,1330,0,600,0,7,651,0,1330,0,600,1330,0,600,0,0,0,1758127634,3000,0,0,0
right_hold,114,114,7,651,0,1330,0,600,1330,0,600,0,7,652,0,1330,0,600,1330,0,600,0,0,0,1758127634,3000,0,0,0
right_hold,115,115,7,652,0,1330,0,600,1330,0,600,0,7,652,0,1330,0,600,1330,0,600,0,0,0,1758127634,3000,0,0,0
right_hold,116,116,7,652,0,1330,0,600,1330,0,600,0,7,652,0,1330,0,600,1330,0,600,0,0,0,1758127634,3000,0,0,0
right_hold,117,117,7,652,0,1330,0,600,1330,0,600,0,7,650,0,1330,0,600,1330,0,600,0,0,0,1758127634,3000,0,0,0
right_hold,118,118,7,650,0,1330,0,600,1330,0,600,0,7,650,0,1330,0,600,1330,0,600,0,0,0,1758127634,3000,0,0,0
right_hold,119,119,7,650,0,1330,0,600,1330,0,600,0,7,650,0,1330,0,600,1330,0,600,0,0,0,1758127634,3000,0,0,0
right_hold,120,120,7,650,0,1330,0,600,1330,0,600,0,7,651,0,1330,0,600,1330,0,600,0,0,0,1758127634,3000,0,0,0
right_hold,121,121,7,651,0,1330,0,600,1330,0,600,0,7,651,0,1330,0,600,1330,0,600,0,0,0,1758127634,3000,0,0,0
right_hold,122,122,7,651,0,1330,0,600,1330,0,600,0,7,651,0,1330,0,600,1330,0,600,0,0,0,1758127634,3000,0,0,0
right_hold,123,123,7,651,0,1330,0,600,1330,0,600,0,7,652,0,1330,0,600,1330,0,600,0,0,0,1758127634,3000,0,0,0
right_hold,124,124,7,652,0,1330,0,600,1330,0,600,0,7,652,0,1330,0,600,1330,0,600,0,0,0,1758127634,3000,0,0,0
right_hold,125,125,7,652,0,1330,0,600,1330,0,600,0,7,652,0,1330,0,600,1330,0,600,0,0,0,1758127634,3000,0,0,0
right_hold,126,126,7,652,0,1330,0,600,1330,0,600,0,7,650,0,1330,0,600,1330,0,600,0,0,0,1758127634,3000,0,0,0
right_hold,127,127,7,650,0,1330,0,600,1330,0,600,0,7,650,0,1330,0,600,1330,0,600,0,0,0,1758127634,3000,0,0,0
right_hold,128,128,7,650,0,1330,0,600,1330,0,600,0,7,650,0,1330,0,600,1330,0,600,0,0,0,1758127634,3000,0,0,0
right_hold,129,129,7,650,0,1330,0,600,1330,0,600,0,7,651,0,1330,0,600,1330,0,600,0,0,0,1758127634,3000,0,0,0
right_hold,130,130,7,651,0,1330,0,600,1330,0,600,0,7,651,0,1330,0,600,1330,0,600,0,0,0,1758127634,3000,0,0,0
right_hold,131,131,7,651,0,1330,0,600,1330,0,600,0,7,651,0,1330,0,600,1330,0,600,0,0,0,1758127634,3000,0,0,0
right_hold,132,132,7,651,0,1330,0,600,1330,0,600,0,7,652,0,1330,0,600,1330,0,600,0,0,0,1758127634,3000,0,0,0
right_hold,133,133,7,652,0,1330,0,600,1330,0,600,0,7,652,0,1330,0,600,1330,0,600,0,0,0,1758127634,3000,0,0,0
right_hold,134,134,7,652,0,1330,0,600,1330,0,600,0,7,652,0,1330,0,600,1330,0,600,0,0,0,1758127634,3000,0,0,0
right_hold,135,135,7,652,0,1330,0,600,1330,0,600,0,7,650,0,1330,0,600,1330,0,600,0,0,0,1758127634,3000,0,0,0
right_hold,136,136,7,650,0,1330,0,600,1330,0,600,0,7,650,0,1330,0,600,1330,0,600,0,0,0,1758127634,3000,0,0,0
right_hold,137,137,7,650,0,1330,0,600,1330,0,600,0,7,650,0,1330,0,600,1330,0,600,0,0,0,1758127634,3000,0,0,0
right_hold,138,138,7,650,0,1330,0,600,1330,0,600,0,7,651,0,1330,0,600,1330,0,600,0,0,0,1758127634,3000,0,0,0
right_hold,139,139,7,651,0,1330,0,600,1330,0,600,0,7,651,0,1330,0,600,1330,0,600,0,0,0,1758127634,3000,0,0,0
right_hold,140,140,7,651,0,1330,0,600,1330,0,600,0,7,651,0,1330,0,600,1330,0,600,0,0,0,1758127634,3000,0,0,0
right_hold,141,141,7,651,0,1330,0,600,1330,0,600,0,7,652,0,1330,0,600,1330,0,600,0,0,0,1758127634,3000,0,0,0
right_hold,142,142,7,652,0,1330,0,600,1330,0,600,0,7,652,0,1330,0,600,1330,0,600,0,0,0,1758127634,3000,0,0,0
right_hold,143,143,7,652,0,1330,0,600,1330,0,600,0,7,652,0,1330,0,600,1330,0,600,0,0,0,1758127634,3000,0,0,0
right_hold,144,144,7,652,0,1330,0,600,1330,0,600,0,7,650,0,1330,0,600,1330,0,600,0,0,0,1758127634,3000,0,0,0
right_hold,145,145,7,650,0,1330,0,600,1330,0,600,0,7,650,0,1330,0,600,1330,0,600,0,0,0,1758127634,3000,0,0,0
right_hold,146,146,7,650,0,1330,0,600,1330,0,600,0,7,650,0,1330,0,600,1330,0,600,0,0,0,1758127634,3000,0,0,0
right_hold,147,147,7,650,0,1330,0,600,1330,0,600,0,7,651,0,1330,0,600,1330,0,600,0,0,0,1758127634,3000,0,0,0
right_hold,148,148,7,651,0,1330,0,600,1330,0,600,0,7,651,0,1330,0,600,1330,0,600,0,0,0,1758127634,3000,0,0,0
right_hold,149,149,7,651,0,1330,0,600,1330,0,600,0,7,651,0,1330,0,600,1330,0,600,0,0,0,1758127634,3000,0,0,0
right_hold,150,150,7,651,0,1330,0,600,1330,0,600,0,7,652,0,1330,0,600,1330,0,600,0,0,0,1758127634,3000,0,0,0
right_hold,151,151,7,652,0,1330,0,600,1330,0,600,0,7,652,0,1330,0,600,1330,0,600,0,0,0,1758127634,3000,0,0,0
right_hold,152,152,7,652,0,1330,0,600,1330,0,600,0,7,652,0,1330,0,600,1330,0,600,0,0,0,1758127634,3000,0,0,0
right_hold,153,153,7,652,0,1330,0,600,1330,0,600,0,7,650,0,1330,0,600,1330,0,600,0,0,0,1758127634,3000,0,0,0
right_hold,154,154,7,650,0,1330,0,600,1330,0,600,0,7,650,0,1330,0,600,1330,0,600,0,0,0,1758127634,3000,0,0,0
right_hold,155,155,7,650,0,1330,0,600,1330,0,600,0,7,650,0,1330,0,600,1330,0,600,0,0,0,1758127634,3000,0,0,0
right_hold,156,156,7,650,0,1330,0,600,1330,0,600,0,7,651,0,1330,0,600,1330,0,600,0,0,0,1758127634,3000,0,0,0
right_hold,157,157,7,651,0,1330,0,600,1330,0,600,0,7,651,0,1330,0,600,1330,0,600,0,0,0,1758127634,3000,0,0,0
right_hold,158,158,7,651,0,1330,0,600,1330,0,600,0,7,651,0,1330,0,600,1330,0,600,0,0,0,1758127634,3000,0,0,0
right_hold,159,159,7,651,0,1330,0,600,1330,0,600,0,7,652,0,1330,0,600,1330,0,600,0,0,0,1758127634,3000,0,0,0
right_hold,160,160,7,652,0,1330,0,600,1330,0,600,0,7,652,0,1330,0,600,1330,0,600,0,0,0,1758127634,3000,0,0,0
right_hold,161,161,7,652,0,1330,0,600,1330,0,600,0,7,652,0,1330,0,600,1330,0,600,0,0,0,1758127634,3000,0,0,0
right_hold,162,162,7,652,0,1330,0,600,1330,0,600,0,7,650,0,1330,0,600,1330,0,600,0,0,0,1758127634,3000,0,0,0
right_hold,163,163,7,650,0,1330,0,600,1330,0,600,0,7,650,0,1330,0,600,1330,0,600,0,0,0,1758127634,3000,0,0,0
right_hold,164,164,7,650,0,1330,0,600,1330,0,600,0,7,650,0,1330,0,600,1330,0,600,0,0,0,1758127634,3000,0,0,0
right_hold,165,165,7,650,0,1330,0,600,1330,0,600,0,7,651,0,1330,0,600,1330,0,600,0,0,0,1758127634,3000,0,0,0
right_hold,166,166,7,651,0,1330,0,600,1330,0,600,0,7,651,0,1330,0,600,1330,0,600,0,0,0,1758127634,3000,0,0,0
right_hold,167,167,7,651,0,1330,0,600,1330,0,600,0,7,651,0,1330,0,600,1330,0,600,0,0,0,1758127634,3000,0,0,0
right_hold,168,168,7,651,0,1330,0,600,1330,0,600,0,7,652,0,1330,0,600,1330,0,600,0,0,0,1758127634,3000,0,0,0
right_hold,169,169,7,652,0,1330,0,600,1330,0,600,0,7,652,0,1330,0,600,1330,0,600,0,0,0,1758127634,3000,0,0,0
right_hold,170,170,7,652,0,1330,0,600,1330,0,600,0,7,652,0,1330,0,600,1330,0,600,0,0,0,1758127634,3000,0,0,0
right_hold,171,171,7,652,0,1330,0,600,1330,0,600,0,7,650,0,1330,0,600,1330,0,600,0,0,0,1758127634,3000,0,0,0
right_hold,172,172,7,650,0,1330,0,600,1330,0,600,0,7,650,0,1330,0,600,1330,0,600,0,0,0,1758127634,3000,0,0,0
right_hold,173,173,7,650,0,1330,0,600,1330,0,600,0,7,650,0,1330,0,600,1330,0,600,0,0,0,1758127634,3000,0,0,0
right_hold,174,174,7,650,0,1330,0,600,1330,0,600,0,7,651,0,1330,0,600,1330,0,600,0,0,0,1758127634,3000,0,0,0
right_hold,175,175,7,651,0,1330,0,600,1330,0,600,0,7,651,0,1330,0,600,1330,0,600,0,0,0,1758127634,3000,0,0,0
right_hold,176,176,7,651,0,1330,0,600,1330,0,600,0,7,651,0,1330,0,600,1330,0,600,0,0,0,1758127634,3000,0,0,0
right_hold,177,177,7,651,0,1330,0,600,1330,0,600,0,7,652,0,1330,0,600,1330,0,600,0,0,0,1758127634,3000,0,0,0
right_hold,178,178,7,652,0,1330,0,600,1330,0,600,0,7,652,0,1330,0,600,1330,0,600,0,0,0,1758127634,3000,0,0,0
right_hold,179,179,7,652,0,1330,0,600,1330,0,600,0,7,652,0,1330,0,600,1330,0,600,0,0,0,1758127634,3000,0,0,0
right_hold,180,180,7,652,0,1330,0,600,1330,0,600,0,7,650,0,1330,0,600,1330,0,600,0,0,0,1758127634,3000,0,0,0
right_hold,181,181,7,650,0,1330,0,600,1330,0,600,0,7,650,0,1330,0,600,1330,0,600,0,0,0,1758127634,3000,0,0,0
right_hold,182,182,7,650,0,1330,0,600,1330,0,600,0,7,650,0,1330,0,600,1330,0,600,0,0,0,1758127634,3000,0,0,0
right_hold,183,183,7,650,0,1330,0,600,1330,0,600,0,7,651,0,1330,0,600,1330,0,600,0,0,0,1758127634,3000,0,0,0
right_hold,184,184,7,651,0,1330,0,600,1330,0,600,0,7,651,0,1330,0,600,1330,0,600,0,0,0,1758127634,3000,0,0,0
right_hold,185,185,7,651,0,1330,0,600,1330,0,600,0,7,651,0,1330,0,600,1330,0,600,0,0,0,1758127634,3000,0,0,0
right_hold,186,186,7,651,0,1330,0,600,1330,0,600,0,7,652,0,1330,0,600,1330,0,600,0,0,0,1758127634,3000,0,0,0
right_hold,187,187,7,652,0,1330,0,600,1330,0,600,0,7,652,0,1330,0,600,1330,0,600,0,0,0,1758127634,3000,0,0,0
right_hold,188,188,7,652,0,1330,0,600,1330,0,600,0,7,652,0,1330,0,600,1330,0,600,0,0,0,1758127634,3000,0,0,0
right_hold,189,189,7,652,0,1330,0,600,1330,0,600,0,7,650,0,1330,0,600,1330,0,600,0,0,0,1758127634,3000,0,0,0
right_hold,190,190,7,650,0,1330,0,600,1330,0,600,0,7,650,0,1330,0,600,1330,0,600,0,0,0,1758127634,3000,0,0,0
right_hold,191,191,7,650,0,1330,0,600,1330,0,600,0,7,650,0,1330,0,600,1330,0,600,0,0,0,1758127634,3000,0,0,0
right_hold,192,192,7,650,0,1330,0,600,1330,0,600,0,7,651,0,1330,0,600,1330,0,600,0,0,0,1758127634,3000,0,0,0
right_hold,193,193,7,651,0,1330,0,600,1330,0,600,0,7,651,0,1330,0,600,1330,0,600,0,0,0,1758127634,3000,0,0,0
right_hold,194,194,7,651,0,1330,0,600,1330,0,600,0,7,651,0,1330,0,600,1330,0,600,0,0,0,1758127634,3000,0,0,0
right_hold,195,195,7,651,0,1330,0,600,1330,0,600,0,7,652,0,1330,0,600,1330,0,600,0,0,0,1758127634,3000,0,0,0
right_hold,196,196,7,652,0,1330,0,600,1330,0,600,0,7,652,0,1330,0,600,1330,0,600,0,0,0,1758127634,3000,0,0,0
right_hold,197,197,7,652,0,1330,0,600,1330,0,600,0,7,652,0,1330,0,600,1330,0,600,0,0,0,1758127634,3000,0,0,0
right_hold,198,198,7,652,0,1330,0,600,1330,0,600,0,7,650,0,1330,0,600,1330,0,600,0,0,0,1758127634,3000,0,0,0
right_hold,199,199,7,650,0,1330,0,600,1330,0,600,0,7,650,0,1330,0,600,1330,0,600,0,0,0,1758127634,3000,0,0,0
right_hold,200,200,7,650,0,1330,0,600,1330,0,600,0,7,650,0,1330,0,600,1330,0,600,0,0,0,1758127634,3000,0,0,0
right_hold,201,201,7,650,0,1330,0,600,1330,0,600,0,7,651,0,1330,0,600,1330,0,600,0,0,0,1758127634,3000,0,0,0
right_hold,202,202,7,651,0,1330,0,600,1330,0,600,0,7,651,0,1330,0,600,1330,0,600,0,0,0,1758127634,3000,0,0,0
right_hold,203,203,7,651,0,1330,0,600,1330,0,600,0,7,651,0,1330,0,600,1330,0,600,0,0,0,1758127634,3000,0,0,0
right_hold,204,204,7,651,0,1330,0,600,1330,0,600,0,7,652,0,1330,0,600,1330,0,600,0,0,0,1758127634,3000,0,0,0
right_hold,205,205,7,652,0,1330,0,600,1330,0,600,0,7,652,0,1330,0,600,1330,0,600,0,0,0,1758127634,3000,0,0,0
right_hold,206,206,7,652,0,1330,0,600,1330,0,600,0,7,652,0,1330,0,600,1330,0,600,0,0,0,1758127634,3000,0,0,0
right_hold,207,207,7,652,0,1330,0,600,1330,0,600,0,7,650,0,1330,0,600,1330,0,600,0,0,0,1758127634,3000,0,0,0
right_hold,208,208,7,650,0,1330,0,600,1330,0,600,0,7,650,0,1330,0,600,1330,0,600,0,0,0,1758127634,3000,0,0,0
right_hold,209,209,7,650,0,1330,0,600,1330,0,600,0,7,650,0,1330,0,600,1330,0,600,0,0,0,1758127634,3000,0,0,0
right_hold,210,210,7,650,0,1330,0,600,1330,0,600,0,7,651,0,1330,0,600,1330,0,600,0,0,0,1758127634,3000,0,0,0
right_hold,211,211,7,651,0,1330,0,600,1330,0,600,0,7,651,0,1330,0,600,1330,0,600,0,0,0,1758127634,3000,0,0,0
right_hold,212,212,7,651,0,1330,0,600,1330,0,600,0,7,651,0,1330,0,600,1330,0,600,0,0,0,1758127634,3000,0,0,0
right_hold,213,213,7,651,0,1330,0,600,1330,0,600,0,7,652,0,1330,0,600,1330,0,600,0,0,0,1758127634,3000,0,0,0
right_hold,214,214,7,652,0,1330,0,600,1330,0,600,0,7,652,0,1330,0,600,1330,0,600,0,0,0,1758127634,3000,0,0,0
right_hold,215,215,7,652,0,1330,0,600,1330,0,600,0,7,652,0,1330,0,600,1330,0,600,0,0,0,1758127634,3000,0,0,0
right_hold,216,216,7,652,0,1330,0,600,1330,0,600,0,7,650,0,1330,0,600,1330,0,600,0,0,0,1758127634,3000,0,0,0
right_hold,217,217,7,650,0,1330,0,600,1330,0,600,0,7,650,0,1330,0,600,1330,0,600,0,0,0,1758127634,3000,0,0,0
right_hold,218,218,7,650,0,1330,0,600,1330,0,600,0,7,650,0,1330,0,600,1330,0,600,0,0,0,1758127634,3000,0,0,0
right_hold,219,219,7,650,0,1330,0,600,1330,0,600,0,7,651,0,1330,0,600,1330,0,600,0,0,0,1758127634,3000,0,0,0
right_hold,220,220,7,651,0,1330,0,600,1330,0,600,0,7,651,0,1330,0,600,1330,0,600,0,0,0,1758127634,3000,0,0,0
right_hold,221,221,7,651,0,1330,0,600,1330,0,600,0,7,651,0,1330,0,600,1330,0,600,0,0,0,1758127634,3000,0,0,0
right_hold,222,222,7,651,0,1330,0,600,1330,0,600,0,7,652,0,1330,0,600,1330,0,600,0,0,0,1758127634,3000,0,0,0
right_hold,223,223,7,652,0,1330,0,600,1330,0,600,0,7,652,0,1330,0,600,1330,0,600,0,0,0,1758127634,3000,0,0,0
right_hold,224,224,7,652,0,1330,0,600,1330,0,600,0,7,652,0,1330,0,600,1330,0,600,0,0,0,1758127634,3000,0,0,0
right_hold,225,225,7,652,0,1330,0,600,1330,0,600,0,7,650,0,1330,0,600,1330,0,600,0,0,0,1758127634,3000,0,0,0
right_hold,226,226,7,650,0,1330,0,600,1330,0,600,0,7,650,0,1330,0,600,1330,0,600,0,0,0,1758127634,3000,0,0,0
right_hold,227,227,7,650,0,1330,0,600,1330,0,600,0,7,650,0,1330,0,600,1330,0,600,0,0,0,1758127634,3000,0,0,0
right_hold,228,228,7,650,0,1330,0,600,1330,0,600,0,7,651,0,1330,0,600,1330,0,600,0,0,0,1758127634,3000,0,0,0
right_hold,229,229,7,651,0,1330,0,600,1330,0,600,0,7,651,0,1330,0,600,1330,0,600,0,0,0,1758127634,3000,0,0,0
right_hold,230,230,7,651,0,1330,0,600,1330,0,600,0,7,651,0,1330,0,600,1330,0,600,0,0,0,1758127634,3000,0,0,0
right_hold,231,231,7,651,0,1330,0,600,1330,0,600,0,7,652,0,1330,0,600,1330,0,600,0,0,0,1758127634,3000,0,0,0
right_hold,232,232,7,652,0,1330,0,600,1330,0,600,0,7,652,0,1330,0,600,1330,0,600,0,0,0,1758127634,3000,0,0,0
right_hold,233,233,7,652,0,1330,0,600,1330,0,600,0,7,652,0,1330,0,600,1330,0,600,0,0,0,1758127634,3000,0,0,0
right_hold,234,234,7,652,0,1330,0,600,1330,0,600,0,7,650,0,1330,0,600,1330,0,600,0,0,0,1758127634,3000,0,0,0
right_hold,235,235,7,650,0,1330,0,600,1330,0,600,0,7,650,0,1330,0,600,1330,0,600,0,0,0,1758127634,3000,0,0,0
right_hold,236,236,7,650,0,1330,0,600,1330,0,600,0,7,650,0,1330,0,600,1330,0,600,0,0,0,1758127634,3000,0,0,0
right_hold,237,237,7,650,0,1330,0,600,1330,0,600,0,7,651,0,1330,0,600,1330,0,600,0,0,0,1758127634,3000,0,0,0
right_hold,238,238,7,651,0,1330,0,600,1330,0,600,0,7,651,0,1330,0,600,1330,0,600,0,0,0,1758127634,3000,0,0,0
right_hold,239,239,7,651,0,1330,0,600,1330,0,600,0,7,651,0,1330,0,600,1330,0,600,0,0,0,1758127634,3000,0,0,0
right_hold,240,240,7,651,0,1330,0,600,1330,0,600,0,7,652,0,1330,0,600,1330,0,600,0,0,0,1758127634,3000,0,0,0
right_hold,241,241,7,652,0,1330,0,600,1330,0,600,0,7,652,0,1330,0,600,1330,0,600,0,0,0,1758127634,3000,0,0,0
right_hold,242,242,7,652,0,1330,0,600,1330,0,600,0,7,652,0,1330,0,600,1330,0,600,0,0,0,1758127634,3000,0,0,0
right_hold,243,243,7,652,0,1330,0,600,1330,0,600,0,7,650,0,1330,0,600,1330,0,600,0,0,0,1758127634,3000,0,0,0
right_hold,244,244,7,650,0,1330,0,600,1330,0,600,0,7,650,0,1330,0,600,1330,0,600,0,0,0,1758127634,3000,0,0,0
right_hold,245,245,7,650,0,1330,0,600,1330,0,600,0,7,650,0,1330,0,600,1330,0,600,0,0,0,1758127634,3000,0,0,0
right_hold,246,246,7,650,0,1330,0,600,1330,0,600,0,7,651,0,1330,0,600,1330,0,600,0,0,0,1758127634,3000,0,0,0
right_hold,247,247,7,651,0,1330,0,600,1330,0,600,0,7,651,0,1330,0,600,1330,0,600,0,0,0,1758127634,3000,0,0,0
right_hold,248,248,7,651,0,1330,0,600,1330,0,600,0,7,651,0,1330,0,600,1330,0,600,0,0,0,1758127634,3000,0,0,0
right_hold,249,249,7,651,0,1330,0,600,1330,0,600,0,7,652,0,1330,0,600,1330,0,600,0,0,0,1758127634,3000,0,0,0
right_hold,250,250,7,652,0,1330,0,600,1330,0,600,0,7,652,0,1330,0,600,1330,0,600,0,0,0,1758127634,3000,0,0,0
right_hold,251,251,7,652,0,1330,0,600,1330,0,600,0,7,652,0,1330,0,600,1330,0,600,0,0,0,1758127634,3000,0,0,0
right_hold,252,252,7,652,0,1330,0,600,1330,0,600,0,7,650,0,1330,0,600,1330,0,600,0,0,0,1758127634,3000,0,0,0
right_hold,253,253,7,650,0,1330,0,600,1330,0,600,0,7,650,0,1330,0,600,1330,0,600,0,0,0,1758127634,3000,0,0,0
right_hold,254,254,7,650,0,1330,0,600,1330,0,600,0,7,650,0,1330,0,600,1330,0,600,0,0,0,1758127634,3000,0,0,0
right_hold,255,255,7,650,0,1330,0,600,1330,0,600,0,7,651,0,1330,0,600,1330,0,600,0,0,0,1758127634,3000,0,0,0
right_hold,256,256,7,651,0,1330,0,600,1330,0,600,0,7,651,0,1330,0,600,1330,0,600,0,0,0,1758127634,3000,0,0,0
right_hold,257,257,7,651,0,1330,0,600,1330,0,600,0,7,651,0,1330,0,600,1330,0,600,0,0,0,1758127634,3000,0,0,0
right_hold,258,258,7,651,0,1330,0,600,1330,0,600,0,7,652,0,1330,0,600,1330,0,600,0,0,0,1758127634,3000,0,0,0
right_hold,259,259,7,652,0,1330,0,600,1330,0,600,0,7,652,0,1330,0,600,1330,0,600,0,0,0,1758127634,3000,0,0,0
right_hold,260,260,7,652,0,1330,0,600,1330,0,600,0,7,652,0,1330,0,600,1330,0,600,0,0,0,1758127634,3000,0,0,0
right_hold,261,261,7,652,0,1330,0,600,1330,0,600,0,7,650,0,1330,0,600,1330,0,600,0,0,0,1758127634,3000,0,0,0
right_hold,262,262,7,650,0,1330,0,600,1330,0,600,0,7,650,0,1330,0,600,1330,0,600,0,0,0,1758127634,3000,0,0,0
right_hold,263,263,7,650,0,1330,0,600,1330,0,600,0,7,650,0,1330,0,600,1330,0,600,0,0,0,1758127634,3000,0,0,0
right_hold,264,264,7,650,0,1330,0,600,1330,0,600,0,7,651,0,1330,0,600,1330,0,600,0,0,0,1758127634,3000,0,0,0
right_hold,265,265,7,651,0,1330,0,600,1330,0,600,0,7,651,0,1330,0,600,1330,0,600,0,0,0,1758127634,3000,0,0,0
right_hold,266,266,7,651,0,1330,0,600,1330,0,600,0,7,651,0,1330,0,600,1330,0,600,0,0,0,1758127634,3000,0,0,0
right_hold,267,267,7,651,0,1330,0,600,1330,0,600,0,7,652,0,1330,0,600,1330,0,600,0,0,0,1758127634,3000,0,0,0
right_hold,268,268,7,652,0,1330,0,600,1330,0,600,0,7,652,0,1330,0,600,1330,0,600,0,0,0,1758127634,3000,0,0,0
right_hold,269,269,7,652,0,1330,0,600,1330,0,600,0,7,652,0,1330,0,600,1330,0,600,0,0,0,1758127634,3000,0,0,0
right_hold,270,270,7,652,0,1330,0,600,1330,0,600,0,7,650,0,1330,0,600,1330,0,600,0,0,0,1758127634,3000,0,0,0
right_hold,271,271,7,650,0,1330,0,600,1330,0,600,0,7,650,0,1330,0,600,1330,0,600,0,0,0,1758127634,3000,0,0,0
right_hold,272,272,7,650,0,1330,0,600,1330,0,600,0,7,650,0,1330,0,600,1330,0,600,0,0,0,1758127634,3000,0,0,0
right_hold,273,273,7,650,0,1330,0,600,1330,0,600,0,7,651,0,1330,0,600,1330,0,600,0,0,0,1758127634,3000,0,0,0
right_hold,274,274,7,651,0,1330,0,600,1330,0,600,0,7,651,0,1330,0,600,1330,0,600,0,0,0,1758127634,3000,0,0,0
right_hold,275,275,7,651,0,1330,0,600,1330,0,600,0,7,651,0,1330,0,600,1330,0,600,0,0,0,1758127634,3000,0,0,0
right_hold,276,276,7,651,0,1330,0,600,1330,0,600,0,7,652,0,1330,0,600,1330,0,600,0,0,0,1758127634,3000,0,0,0
right_hold,277,277,7,652,0,1330,0,600,1330,0,600,0,7,652,0,1330,0,600,1330,0,600,0,0,0,1758127634,3000,0,0,0
right_hold,278,278,7,652,0,1330,0,600,1330,0,600,0,7,652,0,1330,0,600,1330,0,600,0,0,0,1758127634,3000,0,0,0
right_hold,279,279,7,652,0,1330,0,600,1330,0,600,0,7,650,0,1330,0,600,1330,0,600,0,0,0,1758127634,3000,0,0,0
right_hold,280,280,7,650,0,1330,0,600,1330,0,600,0,7,650,0,1330,0,600,1330,0,600,0,0,0,1758127634,3000,0,0,0
right_hold,281,281,7,650,0,1330,0,600,1330,0,600,0,7,650,0,1330,0,600,1330,0,600,0,0,0,1758127634,3000,0,0,0
right_hold,282,282,7,650,0,1330,0,600,1330,0,600,0,7,651,0,1330,0,600,1330,0,600,0,0,0,1758127634,3000,0,0,0
right_hold,283,283,7,651,0,1330,0,600,1330,0,600,0,7,651,0,1330,0,600,1330,0,600,0,0,0,1758127634,3000,0,0,0
right_hold,284,284,7,651,0,1330,0,600,1330,0,600,0,7,651,0,1330,0,600,1330,0,600,0,0,0,1758127634,3000,0,0,0
right_hold,285,285,7,651,0,1330,0,600,1330,0,600,0,7,652,0,1330,0,600,1330,0,600,0,0,0,1758127634,3000,0,0,0
right_hold,286,286,7,652,0,1330,0,600,1330,0,600,0,7,652,0,1330,0,600,1330,0,600,0,0,0,1758127634,3000,0,0,0
right_hold,287,287,7,652,0,1330,0,600,1330,0,600,0,7,652,0,1330,0,600,1330,0,600,0,0,0,1758127634,3000,0,0,0
right_hold,288,288,7,652,0,1330,0,600,1330,0,600,0,7,650,0,1330,0,600,1330,0,600,0,0,0,1758127634,3000,0,0,0
right_hold,289,289,7,650,0,1330,0,600,1330,0,600,0,7,650,0,1330,0,600,1330,0,600,0,0,0,1758127634,3000,0,0,0
right_hold,290,290,7,650,0,1330,0,600,1330,0,600,0,7,650,0,1330,0,600,1330,0,600,0,0,0,1758127634,3000,0,0,0
right_hold,291,291,7,650,0,1330,0,600,1330,0,600,0,7,651,0,1330,0,600,1330,0,600,0,0,0,1758127634,3000,0,0,0
right_hold,292,292,7,651,0,1330,0,600,1330,0,600,0,7,651,0,1330,0,600,1330,0,600,0,0,0,1758127634,3000,0,0,0
right_hold,293,293,7,651,0,1330,0,600,1330,0,600,0,7,651,0,1330,0,600,1330,0,600,0,0,0,1758127634,3000,0,0,0
right_hold,294,294,7,651,0,1330,0,600,1330,0,600,0,7,652,0,1330,0,600,1330,0,600,0,0,0,1758127634,3000,0,0,0
right_hold,295,295,7,652,0,1330,0,600,1330,0,600,0,7,652,0,1330,0,600,1330,0,600,0,0,0,1758127634,3000,0,0,0
right_hold,296,296,7,652,0,1330,0,600,1330,0,600,0,7,652,0,1330,0,600,1330,0,600,0,0,0,1758127634,3000,0,0,0
right_hold,297,297,7,652,0,1330,0,600,1330,0,600,0,7,650,0,1330,0,600,1330,0,600,0,0,0,1758127634,3000,0,0,0
right_hold,298,298,7,650,0,1330,0,600,1330,0,600,0,7,650,0,1330,0,600,1330,0,600,0,0,0,1758127634,3000,0,0,0
right_hold,299,299,7,650,0,1330,0,600,1330,0,600,0,7,650,0,1330,0,600,1330,0,600,0,0,0,1758127634,3000,0,0,0
right_hold,300,300,7,650,0,1330,0,600,1330,0,600,0,7,651,0,1330,0,600,1330,0,600,0,0,0,1758127634,3000,0,0,0
right_hold,301,301,7,651,0,1330,0,600,1330,0,600,0,7,651,0,1330,0,600,1330,0,600,0,0,0,1758127634,3000,0,0,0
right_hold,302,302,7,651,0,1330,0,600,1330,0,600,0,7,651,0,1330,0,600,1330,0,600,0,0,0,1758127634,3000,0,0,0
right_hold,303,303,7,651,0,1330,0,600,1330,0,600,0,7,652,0,1330,0,600,1330,0,600,0,0,0,1758127634,3000,0,0,0
right_hold,304,304,7,652,0,1330,0,600,1330,0,600,0,7,652,0,1330,0,600,1330,0,600,0,0,0,1758127634,3000,0,0,0
right_hold,305,305,7,652,0,1330,0,600,1330,0,600,0,7,652,0,1330,0,600,1330,0,600,0,0,0,1758127634,3000,0,0,0
right_hold,306,306,7,652,0,1330,0,600,1330,0,600,0,7,650,0,1330,0,600,1330,0,600,0,0,0,1758127634,3000,0,0,0
right_hold,307,307,7,650,0,1330,0,600,1330,0,600,0,7,650,0,1330,0,600,1330,0,600,0,0,0,1758127634,3000,0,0,0
right_hold,308,308,7,650,0,1330,0,600,1330,0,600,0,7,650,0,1330,0,600,1330,0,600,0,0,0,1758127634,3000,0,0,0
right_hold,309,309,7,650,0,1330,0,600,1330,0,600,0,7,651,0,1330,0,600,1330,0,600,0,0,0,1758127634,3000,0,0,0
right_hold,310,310,7,651,0,1330,0,600,1330,0,600,0,7,651,0,1330,0,600,1330,0,600,0,0,0,1758127634,3000,0,0,0
right_hold,311,311,7,651,0,1330,0,600,1330,0,600,0,7,651,0,1330,0,600,1330,0,600,0,0,0,1758127634,3000,0,0,0
right_hold,312,312,7,651,0,1330,0,600,1330,0,600,0,7,652,0,1330,0,600,1330,0,600,0,0,0,1758127634,3000,0,0,0
right_hold,313,313,7,652,0,1330,0,600,1330,0,600,0,7,652,0,1330,0,600,1330,0,600,0,0,0,1758127634,3000,0,0,0
right_hold,314,314,7,652,0,1330,0,600,1330,0,600,0,7,652,0,1330,0,600,1330,0,600,0,0,0,1758127634,3000,0,0,0
right_hold,315,315,7,652,0,1330,0,600,1330,0,600,0,7,650,0,1330,0,600,1330,0,600,0,0,0,1758127634,3000,0,0,0
right_hold,316,316,7,650,0,1330,0,600,1330,0,600,0,7,650,0,1330,0,600,1330,0,600,0,0,0,1758127634,3000,0,0,0
right_hold,317,317,7,650,0,1330,0,600,1330,0,600,0,7,650,0,1330,0,600,1330,0,600,0,0,0,1758127634,3000,0,0,0
right_hold,318,318,7,650,0,1330,0,600,1330,0,600,0,7,651,0,1330,0,600,1330,0,600,0,0,0,1758127634,3000,0,0,0
right_hold,319,319,7,651,0,1330,0,600,1330,0,600,0,7,651,0,1330,0,600,1330,0,600,0,0,0,1758127634,3000,0,0,0
right_hold,320,320,7,651,0,1330,0,600,1330,0,600,0,7,651,0,1330,0,600,1330,0,600,0,0,0,1758127634,3000,0,0,0
right_hold,321,321,7,651,0,1330,0,600,1330,0,600,0,7,652,0,1330,0,600,1330,0,600,0,0,0,1758127634,3000,0,0,0
right_hold,322,322,7,652,0,1330,0,600,1330,0,600,0,7,652,0,1330,0,600,1330,0,600,0,0,0,1758127634,3000,0,0,0
right_hold,323,323,7,652,0,1330,0,600,1330,0,600,0,7,652,0,1330,0,600,1330,0,600,0,0,0,1758127634,3000,0,0,0
right_hold,324,324,7,652,0,1330,0,600,1330,0,600,0,7,650,0,1330,0,600,1330,0,600,0,0,0,1758127634,3000,0,0,0
right_hold,325,325,7,650,0,1330,0,600,1330,0,600,0,7,650,0,1330,0,600,1330,0,600,0,0,0,1758127634,3000,0,0,0
right_hold,326,326,7,650,0,1330,0,600,1330,0,600,0,7,650,0,1330,0,600,1330,0,600,0,0,0,1758127634,3000,0,0,0
right_hold,327,327,7,650,0,1330,0,600,1330,0,600,0,7,651,0,1330,0,600,1330,0,600,0,0,0,1758127634,3000,0,0,0
right_hold,328,328,7,651,0,1330,0,600,1330,0,600,0,7,651,0,1330,0,600,1330,0,600,0,0,0,1758127634,3000,0,0,0
right_hold,329,329,7,651,0,1330,0,600,1330,0,600,0,7,651,0,1330,0,600,1330,0,600,0,0,0,1758127634,3000,0,0,0
right_hold,330,330,7,651,0,1330,0,600,1330,0,600,0,7,652,0,1330,0,600,1330,0,600,0,0,0,1758127634,3000,0,0,0
right_hold,331,331,7,652,0,1330,0,600,1330,0,600,0,7,652,0,1330,0,600,1330,0,600,0,0,0,1758127634,3000,0,0,0
right_hold,332,332,7,652,0,1330,0,600,1330,0,600,0,7,652,0,1330,0,600,1330,0,600,0,0,0,1758127634,3000,0,0,0
right_hold,333,333,7,652,0,1330,0,600,1330,0,600,0,7,650,0,1330,0,600,1330,0,600,0,0,0,1758127634,3000,0,0,0
right_hold,334,334,7,650,0,1330,0,600,1330,0,600,0,7,650,0,1330,0,600,1330,0,600,0,0,0,1758127634,3000,0,0,0
right_hold,335,335,7,650,0,1330,0,600,1330,0,600,0,7,650,0,1330,0,600,1330,0,600,0,0,0,1758127634,3000,0,0,0
right_hold,336,336,7,650,0,1330,0,600,1330,0,600,0,7,651,0,1330,0,600,1330,0,600,0,0,0,1758127634,3000,0,0,0
right_hold,337,337,7,651,0,1330,0,600,1330,0,600,0,7,651,0,1330,0,600,1330,0,600,0,0,0,1758127634,3000,0,0,0
right_hold,338,338,7,651,0,1330,0,600,1330,0,600,0,7,651,0,1330,0,600,1330,0,600,0,0,0,1758127634,3000,0,0,0
right_hold,339,339,7,651,0,1330,0,600,1330,0,600,0,7,652,0,1330,0,600,1330,0,600,0,0,0,1758127634,3000,0,0,0
right_hold,340,340,7,652,0,1330,0,600,1330,0,600,0,7,652,0,1330,0,600,1330,0,600,0,0,0,1758127634,3000,0,0,0
right_hold,341,341,7,652,0,1330,0,600,1330,0,600,0,7,652,0,1330,0,600,1330,0,600,0,0,0,1758127634,3000,0,0,0
right_hold,342,342,7,652,0,1330,0,600,1330,0,600,0,7,650,0,1330,0,600,1330,0,600,0,0,0,1758127634,3000,0,0,0
right_hold,343,343,7,650,0,1330,0,600,1330,0,600,0,7,650,0,1330,0,600,1330,0,600,0,0,0,1758127634,3000,0,0,0
right_hold,344,344,7,650,0,1330,0,600,1330,0,600,0,7,650,0,1330,0,600,1330,0,600,0,0,0,1758127634,3000,0,0,0
right_hold,345,345,7,650,0,1330,0,600,1330,0,600,0,7,651,0,1330,0,600,1330,0,600,0,0,0,1758127634,3000,0,0,0
right_hold,346,346,7,651,0,1330,0,600,1330,0,600,0,7,651,0,1330,0,600,1330,0,600,0,0,0,1758127634,3000,0,0,0
right_hold,347,347,7,651,0,1330,0,600,1330,0,600,0,7,651,0,1330,0,600,1330,0,600,0,0,0,1758127634,3000,0,0,0
right_hold,348,348,7,651,0,1330,0,600,1330,0,600,0,7,652,0,1330,0,600,1330,0,600,0,0,0,1758127634,3000,0,0,0
right_hold,349,349,7,652,0,1330,0,600,1330,0,600,0,7,652,0,1330,0,600,1330,0,600,0,0,0,1758127634,3000,0,0,0
