relative_vfs_path,reference_owner,formal_status,formal_bytes,formal_sha256,staged_status,staged_sha256,old_sound_status
c/ank/w/a1.wav,frame,PRESENT,5020,35C6E4272E4D128D5A7BA5215E480CD576C9501013406DD58CC3A0933316AF67,ABSENT,,ABSENT
c/ank/w/a2.wav,frame,PRESENT,9552,7B62B5063281235B22A99E21C517376BF6E2C87F79586E500704A8911D18074C,ABSENT,,ABSENT
c/ank/w/a3.wav,frame,PRESENT,8430,C02109EC1EF98A8FCEADE58CD564FD874EE0E5E0357B9354715D00A23B02A681,ABSENT,,ABSENT
c/ank/w/a4.wav,frame,PRESENT,13052,338CF0AA8F5E22F5251D7CC8CD7FC46E1EE7B3491A2C9A9756B400337C730772,ABSENT,,ABSENT
c/ank/w/a5.wav,frame,PRESENT,5478,13BD685FB0504553C707822B30EECF6DA28139B027DD4922AD94A4B8AE88E665,ABSENT,,ABSENT
c/ank/w/a6.wav,frame,PRESENT,7642,EB26DC6F2F6288249156BD99E6A6565822F0B01FEAE0A8CE0AA521EE50955680,ABSENT,,ABSENT
c/ank/w/c1.wav,frame,PRESENT,13392,0750F112467DB755B708DBE5DD6103C7D6FDA834D4FE6B21DB80CD9CBDB54269,ABSENT,,ABSENT
c/ank/w/d1.wav,frame,PRESENT,14856,98ABF8F4EBADE0915DFFF507D53A28EC236B4E46D5DF73AD6FCB91D192A1C83E,ABSENT,,ABSENT
c/ank/w/e1.wav,frame,PRESENT,21660,B65C08FF1D2514F2C1C7F5C074153050859F2DDFCB4D8295F343DB943A14996F,ABSENT,,ABSENT
c/ank/w/e2.wav,frame,PRESENT,44966,701AA47E7DAB37E8DBFA6BDFB513352CA6A98701E97090A17325E01F6DCD092E,ABSENT,,ABSENT
c/ank/w/j1.wav,frame,PRESENT,21622,780B06F070BE55ABD1C54D05948112ED7B18EE9CD94A6BF86A00977B4BB532F9,ABSENT,,ABSENT
c/ank/w/j2.wav,frame,PRESENT,19426,E89609E9EF2DC4399FBCD78F8CACB7607034F8F4D4ED745F42A4F318C2B6BD60,ABSENT,,ABSENT
c/ank/w/j3.wav,frame,PRESENT,18644,8382742294BC99288A7FFBFC00736349A88A49B66D555658D5350307F0FB6A19,ABSENT,,ABSENT
c/ank/w/j4.wav,frame,PRESENT,17024,086C93FA3E143C7DDB4703AA92E81F6F377F1108313E02F2B935600A393959CC,ABSENT,,ABSENT
c/ank/w/j5.wav,frame,PRESENT,17128,3C84F0A2B730AAFF7D29FC7A1411A4E631AD16EFAA0175FEB1D4EAA2A86DDE1C,ABSENT,,ABSENT
c/ank/w/j7.wav,frame,PRESENT,15560,EA7B89627643913FED50916942FF2C0192C045896791D6EA15B7E43EAEE099D0,ABSENT,,ABSENT
c/ank/w/j8.wav,frame,PRESENT,9144,549D28FF0A9387853C34F63A39EB7ED9D24DA7F52356FD9C73663590AF26A068,ABSENT,,ABSENT
c/ank/w/p1.wav,frame,PRESENT,8456,D95C2584419C819157032D88114C2EBEDAF0096F4AF5151945A1D867FCF558F9,ABSENT,,ABSENT
c/ank/w/p2.wav,frame,PRESENT,10910,D9F7979AD019379FF4E4E664B0F215DA16E34146F7454BAADF258D07457475CE,ABSENT,,ABSENT
c/ank/w/p3.wav,frame,PRESENT,5034,16833D218D1A812BAEC1DDF90C8033D10FC76915631C3E158121A53AC6056DEE,ABSENT,,ABSENT
c/ank/w/t1.wav,frame,PRESENT,58036,6940913116689DF1E240A8E629353E7742EF1E70416CDA375C4BAD5E32F099C5,ABSENT,,ABSENT
c/asu/w/a1.wav,frame,PRESENT,7968,6D5954917FEE3FAEBBB844847516501268BB3B32CBE570C7C2202F6DAE6BE9A3,ABSENT,,ABSENT
c/asu/w/a2.wav,frame,PRESENT,7084,0728C928B69F22DAA4B11A3DE94CFFD97E51131ECE62F4E82086B369909AE4DE,ABSENT,,ABSENT
c/asu/w/a3.wav,frame,PRESENT,6614,4D89623B1D650E52285F835CF18B6AADCE2ECE10EB6509DA144E780435CAB700,ABSENT,,ABSENT
c/asu/w/a4.wav,frame,PRESENT,16948,40E2582825134D45DB580EB394B5DC6B8AB1D1F3E2CB8DDB32F009EF45F26898,ABSENT,,ABSENT
c/asu/w/a5.wav,frame,PRESENT,11154,E512EA4BA8CD4F3DB26F8F16EA688D1A281577B02014B80EA476642B604CB1A5,ABSENT,,ABSENT
c/asu/w/a6.wav,frame,PRESENT,21300,78EBC8B74DD8CC5C37EEC034745794AD6C20CC1BC36DF890AB0731A86AEEEC0D,ABSENT,,ABSENT
c/asu/w/a7.wav,frame,PRESENT,21678,7D3449017A4AEAA92AE2232B9570EE5885A544092DB85F7ACD8F7E9F0FA49D1A,ABSENT,,ABSENT
c/asu/w/a8.wav,frame,PRESENT,44432,FAA12752C64FAE9E727398ACC544203BAAA924EC42A76CF9B70DF7B22CE8F062,ABSENT,,ABSENT
c/asu/w/a9.wav,frame,PRESENT,11106,28689376AE45C4FEF752E99BFF61EBC8572A35F7513B00FE477699DA24164A60,ABSENT,,ABSENT
c/asu/w/C.wav,frame,PRESENT,45058,1DF17FEAF13E304E475E6F44ED0FC7E170CBFD7678DA1DD0D1F8BCEDAE42D327,ABSENT,,ABSENT
c/asu/w/j1.wav,frame,PRESENT,42370,769537AD7BD4D50211444DAB5D1BBEF1924A8403A0F6553756335E9A4EBB5087,ABSENT,,ABSENT
c/asu/w/j2.wav,frame,PRESENT,17252,4C026C936A74DC76019B6E0A4A3C8E240947841EFED9C71F806B02F0E079B74E,ABSENT,,ABSENT
c/asu/w/j3.wav,frame,PRESENT,40470,39752AF5775C8D480362817868283C224E39D248F37C36D8A8613187BB73B800,ABSENT,,ABSENT
c/asu/w/j4.wav,frame,PRESENT,52810,D200856890AD032CBC7DAE298B28FFD8212AD2A57F34BE597AE5826C09F01CAB,ABSENT,,ABSENT
c/asu/w/j5.wav,frame,PRESENT,16966,83BCA7068B33ABDEA24DB99883926D3E740D7EC8EA48C1490E880EC9A7C9101C,ABSENT,,ABSENT
c/asu/w/p1.wav,frame,PRESENT,20748,A54C850B14AB8C85D36D29DE9DC0442A285306CF0887CBD37B76691C1DF22B84,ABSENT,,ABSENT
c/asu/w/p2.wav,frame,PRESENT,5628,943CDEE51385B48E62BC0EFF2BED3D0D44953B9655EA10F78CFADCDBD6C2CDF0,ABSENT,,ABSENT
c/bee/w/a1.wav,frame,PRESENT,19500,55E26AFA7F1491F4FCEF1ECBB6A534E91FED2CFB697C6185753F53A9D3008E4F,ABSENT,,ABSENT
c/bee/w/a2.wav,frame,PRESENT,17452,E183F37D0229C92DC36B6FEB50DB60F075699A31010DAB785816B3E4FDA13750,ABSENT,,ABSENT
c/bee/w/a3.wav,frame,PRESENT,30764,5AACAB1EC18DCCF688B9C185AA6FDAB76084A5DCED88D1976C964CEA14B5A084,ABSENT,,ABSENT
c/bee/w/c.wav,frame,PRESENT,47212,AA0ACB89B12136436B492632E173DF9E1907BA9C2CE4035F0CD8AAC2AD3E4496,ABSENT,,ABSENT
c/bee/w/e1.wav,frame,PRESENT,19140,78A7820386C1EF17154E27AA7897AF2CF67B86A22B295DE700E72A74E14B67EA,ABSENT,,ABSENT
c/bee/w/j.wav,frame,PRESENT,7468,11798105FAB1D11D3305C2616C6D9E062602767EE91448F2DEEC79AF090F596B,ABSENT,,ABSENT
c/bee/w/j1.wav,frame,PRESENT,138284,2388EC2FA19FDA8AB03F625E3F68CB7CA900949D982875878E615E4706E064A8,ABSENT,,ABSENT
c/bee/w/j2.wav,frame,PRESENT,29228,AA73758B104F3EF41312BD05E5081EBF2A7DC39B9BEB81C8E215D58D93C97DED,ABSENT,,ABSENT
c/bee/w/j3.wav,frame,PRESENT,61330,DB6E162C2F40ED2222991F777BDE1450D698A7CEF841CCD0533669D25546DBFC,ABSENT,,ABSENT
c/bee/w/p1.wav,frame,PRESENT,15724,000924BEAE230233BD4EB3047776159FEF1062441A0984F50822E3F8C196BF27,ABSENT,,ABSENT
c/bee/w/p2.wav,frame,PRESENT,80428,B9217E6748D98AE16AC323C6D032E529FDD440B9B7F4BF5005AF956B65EB0CF4,ABSENT,,ABSENT
c/bee/w/tm.wav,frame,PRESENT,102856,D55193079391EEE6FA4AE2571FE19D384990D8BD0211D9D2D9720686594716CC,ABSENT,,ABSENT
c/chi/w/a1.wav,frame,PRESENT,17672,93EE2682AE3EDEF7626D40E53C578B26A809F47E5544E9EAB8851698E5AEF3E8,ABSENT,,ABSENT
c/chi/w/a2.wav,frame,PRESENT,31685,1C4457FD619997894FBB615A60E4E700921CB9F3676701D74E6945AADCA1C779,ABSENT,,ABSENT
c/chi/w/a3.wav,frame,PRESENT,54854,1170FC8EBF14E4C75874A11346E843DFBC907D37B39368332CB864E00CCD9B41,ABSENT,,ABSENT
c/chi/w/a4.wav,frame,PRESENT,22376,3775E1CEFDF83F74729008E0A249014EB77F031BA02EEAB14E891C82AAE3DAAE,ABSENT,,ABSENT
c/chi/w/a5.wav,frame,PRESENT,10943,E729EE51DB1D762F98CAC251CACEE822519ADFD6258F14DB0FE28B882403846C,ABSENT,,ABSENT
c/chi/w/a6.wav,frame,PRESENT,56235,4DC51A37BC06A79B0F6DB8B514E8C7DB7EA52A6AC0E9B4A37EA3473F354ED51E,ABSENT,,ABSENT
c/chi/w/j1.wav,frame,PRESENT,61668,451B0A43E26E61D3AA50C9B4D2A5E0DC73D754F3F28A43874122299AC64E5B26,ABSENT,,ABSENT
c/chi/w/j2.wav,frame,PRESENT,62957,79EF9B3107C16A186177FF07C558D8622D68288AC2CBCC40C7C8C4E13468D7F7,ABSENT,,ABSENT
c/chi/w/j3.wav,frame,PRESENT,48191,4391B164D027076FCB117B02A614A618AD4FFA6E8BFB1A2BA9F4DC0F3F986AD3,ABSENT,,ABSENT
c/chi/w/j4.wav,frame,PRESENT,34979,17AF0604DD51B584B7E2C0F1D0C5625B7D065A2AD1FC5991143D16E0D397C7FC,ABSENT,,ABSENT
c/chi/w/j5.wav,frame,PRESENT,67778,554650C9A74615310E9C4D21320D9E2FB89F483468B5A5BED282A52636303233,ABSENT,,ABSENT
c/chi/w/p2.wav,frame,PRESENT,21660,99BEA1A5AA7618688B1AE24A101F4BB31DAF341FA685ED856628534F577CA1D0,ABSENT,,ABSENT
c/chi/w/p3.wav,frame,PRESENT,37535,C9AA91437B8EF85F1DD8779248FFAE52CAFAF1B5953843D3FA556DCF7D9585F5,ABSENT,,ABSENT
c/chi/w/p4.wav,frame,PRESENT,35510,FB9EC9B564A7E635AB10C9597641A499FDB48EEC95CD03CB182702DCD46531BC,ABSENT,,ABSENT
c/chi/w/p6.wav,frame,PRESENT,43522,4B600B325258C4D4274936C146B629225FF3A7756F926AAC51459C6CA029C6FB,ABSENT,,ABSENT
c/chi/w/t1.wav,frame,PRESENT,193356,DACCB1A9AB485F66B9AF4F2B9F74942C16C8A4145D39464AA59A43E72DCEE83B,ABSENT,,ABSENT
c/chi/w/t2.wav,frame,PRESENT,88451,38BA40281984716225FD4A43A0881FCFF96BE75F6C2D782FF493F7A76207A66F,ABSENT,,ABSENT
c/dan/w/a1.wav,frame,PRESENT,11564,491ED26FDDBA182DA108D9D28A8B61D2C992E3B2AEEDB7E65E5893C852F8E9B6,ABSENT,,ABSENT
c/dan/w/a2.wav,frame,PRESENT,20524,B9BE060B6333D0A7935119519CC6244C4B2954520846598927A196BF1B8A3E62,ABSENT,,ABSENT
c/dan/w/a3.wav,frame,PRESENT,16684,C28E975F9BDC678E8BA7F9B3702F879659BD0E35D5A5228714DAFF071A5FE154,ABSENT,,ABSENT
c/dan/w/a4.wav,frame,PRESENT,18604,7BAFFFE2BB34F0DC13282FBF17C9EB6598FA8F99A1C39B154DA91EBF92012B92,ABSENT,,ABSENT
c/dan/w/c.wav,frame,PRESENT,60844,BA42CB223AD18051062F663179ECB6689782CE7966A99E153F7FE1C3DC426BEA,ABSENT,,ABSENT
c/dan/w/e1.wav,frame,PRESENT,50566,049B5DC22C1D9D7B1D451C283DAC7B9FEDD43B5271BA1B5E7EF440DD1A20ADB6,ABSENT,,ABSENT
c/dan/w/e2.wav,frame,PRESENT,35990,B5D4D116D37641A2FCE72EBA2767274D17128DA2D6875BAF0550636786B37B5A,ABSENT,,ABSENT
c/dan/w/j1.wav,frame,PRESENT,62070,489C5C0BF491F1761A3B0A157B043CB0EE625BF3D8D79BFA2759E247CAB94E8C,ABSENT,,ABSENT
c/dan/w/j10.wav,frame,PRESENT,32684,698B872DEE9EA21B28F1B86B1004E97806CCC908B8058BD6E2C1CF5D773B9B6A,ABSENT,,ABSENT
c/dan/w/j11.wav,frame,PRESENT,134342,45D2D312719F5CC47103B268F70D42ECF1CE8F3291173B9E96C1F160ED326624,ABSENT,,ABSENT
c/dan/w/j12.wav,frame,PRESENT,204950,4EC6594FFA351C256D68B8CC09A581236AC5AC54FC1791EBFC28A1DAF9FE3488,ABSENT,,ABSENT
c/dan/w/j13.wav,frame,PRESENT,49302,FEAFCE4A545F19942412682478C13CEE7723EA4DC459BF4BF953E1C6A9C28B6C,ABSENT,,ABSENT
c/dan/w/j2.wav,frame,PRESENT,35244,E0D035CF5E6A7E9835BA204DDEBB43D33EC0D3BF7E60A633FE0A05D4026FCFC1,ABSENT,,ABSENT
c/dan/w/j3.wav,frame,PRESENT,26932,E9B944577F1252163F48B7753B25C6DC8A74E01F00BBDC053C12C2986BECA910,ABSENT,,ABSENT
c/dan/w/j4.wav,frame,PRESENT,53398,0049D3F75067330C40AD778026B58F1842DD65BA58EAF470769A0737F3CAF1D5,ABSENT,,ABSENT
c/dan/w/j5.wav,frame,PRESENT,73878,359B5B6B1A6900F30A52D6BB8844D669506C9595D028DBCC74BF2D4BA71EA84E,ABSENT,,ABSENT
c/dan/w/j6.wav,frame,PRESENT,38444,EEF20686CB62960F8D4B518954BD4285415864762CD02FE4142D0DC805C34A8C,ABSENT,,ABSENT
c/dan/w/j7.wav,frame,PRESENT,61966,B002B360CAA21FC704C458292F68DEA3E7E44F97EF826654E77F940D0CE20E78,ABSENT,,ABSENT
c/dan/w/j8.wav,frame,PRESENT,54974,BCCF4EFE24F08F35E8BAF98C14532B6A80E28B30F693114741BE62FACAC6A5EB,ABSENT,,ABSENT
c/dan/w/j9.wav,frame,PRESENT,43834,117DDE3B0D7E4CF11A6385FC9866EEB11DB7ABB44FD862D7E6D85F1B8B2FA003,ABSENT,,ABSENT
c/dan/w/p1.wav,frame,PRESENT,37804,50C05AC4810FFF0398A7F8BB4499BA8BDF497F4ADD13ED7F7DD409B59FC82BC5,ABSENT,,ABSENT
c/dan/w/t.wav,frame,PRESENT,236310,14CF31C574738E6D2B8D16FCF07730707414225DE5220DEFE49C8535FAA356C1,ABSENT,,ABSENT
c/dan/w/t2.wav,frame,PRESENT,138390,1B054EC941F48B2D8A929712CEA2E91FA65DBE304F7D764CACE885870413AC56,ABSENT,,ABSENT
c/dei/w/a1.wav,frame,PRESENT,6344,DFD665FD62DB848F1CAF2CDC62C6674B331D3EFDA31DB753CA40B921B1D90A30,ABSENT,,ABSENT
c/dei/w/a2.wav,frame,PRESENT,9284,09978F96E2BF66C935F585F0A476D08E8A3DB31844D90C0A466BC87F7AEE5A2A,ABSENT,,ABSENT
c/dei/w/a3.wav,frame,PRESENT,10572,1A6CE26786205C22F95A9D6629598753C25C0ACE4A4A3FAB73F89B280C7C69FA,ABSENT,,ABSENT
c/dei/w/a4.wav,frame,PRESENT,16480,941CF89C0EE0E92DC51553217CFCC01A31FB9F0DE332ABA96717C6B989C07C39,ABSENT,,ABSENT
c/dei/w/a5.wav,frame,PRESENT,10348,1FDCEDF925501886557E098A07223E6CD464CCD7084A7A534C81D37C38748A88,ABSENT,,ABSENT
c/dei/w/c.wav,frame,PRESENT,11664,EAA82C581B78338FDF1C5E2C1983194425914A13B381BA7A2762FD9270D27F2B,ABSENT,,ABSENT
c/dei/w/j1.wav,frame,PRESENT,18832,C46CD3D83CE04E93FCC36EAAB6E5DDAA17A92ED30B96A6B984F6EC7B0A40C4FB,ABSENT,,ABSENT
c/dei/w/j2.wav,frame,PRESENT,7492,F7BC8903B726C2FE7968A759BE3F7AF665EED516C9FABBCD328EB572E0183E16,ABSENT,,ABSENT
c/dei/w/j3.wav,frame,PRESENT,19280,EAA08F14983F1B3F4F516CDB64A386212A513E91CA235E8DCF388610F1CC793B,ABSENT,,ABSENT
c/dei/w/j4.wav,frame,PRESENT,11132,1383607C3835A9B9A56BE43B001B5A90E929ECF416B5CA9CD493C6824AB926EF,ABSENT,,ABSENT
c/dei/w/j5.wav,frame,PRESENT,7520,A77E12D247310D2DE79EF20E989967C647668B8BF7F28F1CAA17E40543EBA2AE,ABSENT,,ABSENT
c/dei/w/p1.wav,frame,PRESENT,7072,CAFFE2F5CE354E86C5CF77814052F5A919955AFEB918AC36F9603349713E7D48,ABSENT,,ABSENT
c/dei/w/p2.wav,frame,PRESENT,4160,A0404FB5B45FB256B79BCA06C406338240ACE766D8A11AA1DCFA0989A74E4CA0,ABSENT,,ABSENT
c/dei/w/p3.wav,frame,PRESENT,20736,7A0842E5426D771F677DB83501EBD2209C2794C2D89A72CC3C39C2BE9AA71B6A,ABSENT,,ABSENT
c/dei/w/p4.wav,frame,PRESENT,12784,4FF4D6351A2845623CF55D65BB26F2EB94AE05022F24428A45146B600EA035D3,ABSENT,,ABSENT
c/gaa/w/a1.wav,frame,PRESENT,4496,BC2097B9070F52048BB4CDF216B675A560131DFE7E0FF2F52E1C9F5F58878F8C,ABSENT,,ABSENT
c/gaa/w/a2.wav,frame,PRESENT,4440,2DD73B530C4550F466059B3949533B5F77D41B114EA0EC262177FBDF5604488C,ABSENT,,ABSENT
c/gaa/w/a3.wav,frame,PRESENT,10432,053EB19DA8BD393FB9473FDC0E59EF66A049D4EAC991B2D7A597523C8D2AEAF9,ABSENT,,ABSENT
c/gaa/w/a4.wav,frame,PRESENT,9060,ED84F059635A332F7ADAAD989F195058D386AB031CD5F7C8502EB394612F1529,ABSENT,,ABSENT
c/gaa/w/a5.wav,frame,PRESENT,12840,B0B61CD7796EC0C39C9E45F9E3C38793CC0CC52844AF3F371DFBF4DE99B53519,ABSENT,,ABSENT
c/gaa/w/c.wav,frame,PRESENT,26896,2018B0414769631F401163A6DFE5AF86E2EB1E7CCAF7D6DB584B43FF8B469BBF,ABSENT,,ABSENT
c/gaa/w/GJ.wav,frame,PRESENT,84012,8753C86186DB59C3DA05FA9D815567A0F41D6099C7B7EFDBD6CC7B2588CF5703,ABSENT,,ABSENT
c/gaa/w/j.wav,frame,PRESENT,7100,1323A3635E2961E628BF65157D623F431E9CD23D0CBD1275C872077121978FF7,ABSENT,,ABSENT
c/gaa/w/j1.wav,frame,PRESENT,17236,56292D1FB004968D54A5FFAF5EDCE36F49DCC0800C1B4002DDE2BC6AD961CB31,ABSENT,,ABSENT
c/gaa/w/j2.wav,frame,PRESENT,19896,51F0C3CAEC074BFB867EAF97F455E0F5C023E9DBDECA753097729832EF453481,ABSENT,,ABSENT
c/gaa/w/j3.wav,frame,PRESENT,17012,4E7DFD6E9FCBC088FB852B6EE4E627D3A408758B7A904BD64033DA50F2F79146,ABSENT,,ABSENT
c/gaa/w/j4.wav,frame,PRESENT,11664,8F03A8D8D136FA028B1350C8247D4CC37002369C638A8999177FA282BBC4C85F,ABSENT,,ABSENT
c/gaa/w/j5.wav,frame,PRESENT,16340,D935E4892173AEBC99A36066F2BFC7963B671C6937D85AD2822CD2563E9340F0,ABSENT,,ABSENT
c/gaa/w/p1.wav,frame,PRESENT,3824,6BDFEA5DF7D43EDEB83CF2B3785B5A308BD628553ECAE84DE7ED0DD14CA8F18E,ABSENT,,ABSENT
c/gaa/w/p2.wav,frame,PRESENT,10292,5D4155ABBE15561C391D5AFA16C63639405645AA88324C37A6F3B4C78F6B77A3,ABSENT,,ABSENT
c/gaa/w/p3.wav,frame,PRESENT,8752,13018DA00CB0D62C65F36FFE6BC63884A8B6F1CDBCE204A0D50EB03F3147DEF8,ABSENT,,ABSENT
c/gaa/w/p4.wav,frame,PRESENT,22304,0537B4E9DD12420377B3EFB7621DB62E52B28BD7226DBBEEDC206760E763A2EF,ABSENT,,ABSENT
c/gaa/w/r.wav,frame,PRESENT,14268,12AE28830A4E9BF39FE28908ABFEA2EA1DB70B290F84112644EB60F29D400772,ABSENT,,ABSENT
c/gur/w/a2.wav,frame,PRESENT,17684,7107AE3F452D6EA76544B49C18C7FEC66A6C978B9500DF5B4C8C6A1B734C59FB,ABSENT,,ABSENT
c/gur/w/j1.wav,frame,PRESENT,124260,2A6124BF3914E06E9F9903B306F330A913EE586D56D4E4CCBDE3156F7693EC19,ABSENT,,ABSENT
c/gur/w/j2.wav,frame,PRESENT,135284,ED36BF8CE2D0CDAB48E68D2A2BE6CC665EE6836C328240F1F71383694B2CB4C8,ABSENT,,ABSENT
c/gur/w/j4.wav,frame,PRESENT,101474,A255FC8F0D290E8FB4D7553927C051627743806E4671521735D8262C5CDDE47B,ABSENT,,ABSENT
c/gur/w/j6.wav,frame,PRESENT,38852,476904A43FC506308058D59B23F249CBEA365F8001D977092DD7DD3B03884762,ABSENT,,ABSENT
c/gur/w/p1.wav,frame,PRESENT,32384,C823E684C10F8DEEB2B5D90D79D66C7807464201F70EDA965CD1639F3FFB63B4,ABSENT,,ABSENT
c/gur/w/p3.wav,frame,PRESENT,40470,41DF7C5D4A99DDAA1F099B84B78BF8E3E795E7998E9E2168EAED039B9402D500,ABSENT,,ABSENT
c/gur/w/t1.wav,frame,PRESENT,90008,31100CF1CD6045BDD677AB40BCD2A95DF56B22DEBBFC71551D465F346659B84F,ABSENT,,ABSENT
c/guy/w/a1.wav,frame,PRESENT,14764,54F291FDEC89017F961F215FE6AF8F49367F4B7E1C63E221FB4EBB56BDD41A4B,ABSENT,,ABSENT
c/guy/w/a2.wav,frame,PRESENT,12844,73472ED490B9A71844CDC81724AE6402C3B8B3AE014744DDA99D6E1E734E339E,ABSENT,,ABSENT
c/guy/w/a3.wav,frame,PRESENT,28844,0DAB11EFD80598A01D049E55EAB432B5A5151FC4554D975121204D3B0AB95F31,ABSENT,,ABSENT
c/guy/w/a4.wav,frame,PRESENT,58924,14D47A59726309C24F10D7014225CF576715556C1901286A69B1C32260717658,ABSENT,,ABSENT
c/guy/w/c.wav,frame,PRESENT,33932,E3F26D4A2773BA6742C95846E8F2227D976160A6B1AF2FB1BB4F29A2BC01EBB2,ABSENT,,ABSENT
c/guy/w/j1.wav,frame,PRESENT,11196,963988D158D145EA882423938B792699731FF62BA62E2F58D5CB47AC1AC773BF,ABSENT,,ABSENT
c/guy/w/j2.wav,frame,PRESENT,49964,FA8F6F0DC1C5DDAED0907455B503375234EFA856ED83800723FB7E5CA4BB82CB,ABSENT,,ABSENT
c/guy/w/j3.wav,frame,PRESENT,35244,624144E2D30BA118D00E4B642177AA8BD2320EFE21C4D38DA61778D3767588AF,ABSENT,,ABSENT
c/guy/w/j4.wav,frame,PRESENT,41644,17AB3F2D8176291548376F150558EE14EEE3D553FFC1F950FA38BCFBA2FF33BE,ABSENT,,ABSENT
c/guy/w/j5.wav,frame,PRESENT,73546,B041D3452C9178BF163319F24A5E715DF2F75F4E6F89E5481DC3B15260375E1D,ABSENT,,ABSENT
c/guy/w/j6.wav,frame,PRESENT,60204,E54F921C93F1AD12F4FEECC42DF4FA851DC3A2CB7F10F50C1BA4A6443C4FB0D3,ABSENT,,ABSENT
c/guy/w/j7.wav,frame,PRESENT,134896,7368C28603FDAE4BCFC082C3ACE19C9F6A5D605785C99321F3CC6E05669706E8,ABSENT,,ABSENT
c/guy/w/p1.wav,frame,PRESENT,21804,914B451D8DB67C2A0E31DA6DE71AB841B0C52503E0AD68DA20D8C184BA2CE7C5,ABSENT,,ABSENT
c/guy/w/p2.wav,frame,PRESENT,25004,FC29D79A36D723E3CFCC9E722AA5CD2ADB710E081474FD892677F23CF9C318BB,ABSENT,,ABSENT
c/guy/w/p3.wav,frame,PRESENT,75564,0D37AF5575F818C387B6A4D006FE12785A7166655DEE042C417E57B6D1CFCAB4,ABSENT,,ABSENT
c/guy/w/ra.wav,frame,PRESENT,43564,17BABD206F4D5BEF98B48665708F0BEC85E3387E38F01A863E624F2D2C432BC4,ABSENT,,ABSENT
c/hak/w/a1.wav,frame,PRESENT,15020,B05E0A7B0A6762EF671B16A9A1049B1D5DB8211786F728C05CE4745B910AB258,ABSENT,,ABSENT
c/hak/w/a2.wav,frame,PRESENT,18476,7F19C9F1E36034B53407E36ED9C10A5C0941C3775E0709E7932B23328F1747A3,ABSENT,,ABSENT
c/hak/w/a3.wav,frame,PRESENT,21932,F3079B7AD8F3EA2077C487794B10ACB9BE6EDCCAC82F757315F1222492CEAEA7,ABSENT,,ABSENT
c/hak/w/a4.wav,frame,PRESENT,24236,18872486688FC7044F8681CF0F9D6D2C653824D20D6BD71E649E643D0352334B,ABSENT,,ABSENT
c/hak/w/c.wav,frame,PRESENT,110636,149D3E059B8A6C6250CB47F03F32579A6BFE7F70522930E0D4038F4E24A42169,ABSENT,,ABSENT
c/hak/w/j1.wav,frame,PRESENT,70316,98F4E71502E50AFAB014BA11B84318039ED3288FE20056BA7553BC3C3A0DAC4A,ABSENT,,ABSENT
c/hak/w/j2.wav,frame,PRESENT,59948,BE0F5256DC7B960B963673AE07AB2E3D612A1C559D01ADC5E9CD2801D63FC7C2,ABSENT,,ABSENT
c/hak/w/p1.wav,frame,PRESENT,18476,863CAB9AC26C25BEED93B016146AA3F98ABF0F1F2DAB4469FFE02585519CBA67,ABSENT,,ABSENT
c/hak/w/p2.wav,frame,PRESENT,21932,93EFE7F16215E0C5C95D8B111406F9FF8F6086233B2DD474B622E91CC0ABF696,ABSENT,,ABSENT
c/han/w/a1.wav,frame,PRESENT,8430,207F6B687BAFDF1FD7E0A89A933AAAADFD650BC5478EDBC05D50EF94BEADE760,ABSENT,,ABSENT
c/han/w/a2.wav,frame,PRESENT,12236,043B345C7B917424AE2A2EB5A199AE00DCB7B1C700E46969E5C1BDD016F69ED1,ABSENT,,ABSENT
c/han/w/a3.wav,frame,PRESENT,33646,B908A6102DE8ABBC84A962389A674793181FE5FBDFC7BF40E06A24B0E73B5216,ABSENT,,ABSENT
c/han/w/a4.wav,frame,PRESENT,19742,105F0A4D101B57EDDCD57D539C92E3A9CABCE6BCEC34B09C57B26E9606B1FDFD,ABSENT,,ABSENT
c/han/w/c.wav,frame,PRESENT,55802,0B4802E0EB237D94ED1E6CB52B277EFB4A6045ECA113DCD594505D92ED9D9CC4,ABSENT,,ABSENT
c/han/w/e1.wav,frame,PRESENT,46654,A9C58B14800543355ECE5B5504F8D5783C5645A3259AD019915F8E0FC31C19EF,ABSENT,,ABSENT
c/han/w/j1.wav,frame,PRESENT,19408,6F85FADAD7A46F40A923D0683D80F7EB00BFDC42AE796BE834A5C182362458C3,ABSENT,,ABSENT
c/han/w/j2.wav,frame,PRESENT,24336,5BAD4A24FADD5BE79AA1F99921959197507889232BEB918B2705E1A5AF980EE4,ABSENT,,ABSENT
c/han/w/j3.wav,frame,PRESENT,66802,FF17A5300A16381F20AAD395168D03CBEAE45AA755EEE1CBAC0759D679173694,ABSENT,,ABSENT
c/han/w/p1.wav,frame,PRESENT,17858,84842AB2872F4EE9BB611C9612F5447E8D8E7DDE32654E35ECE4946B07A30C1B,ABSENT,,ABSENT
c/han/w/t.wav,frame,PRESENT,124772,65EFB7DD942611B7B9C64ADC5EB5175649916788DB284493C60C17D18BDB0851,ABSENT,,ABSENT
c/han/w/tr.wav,frame,PRESENT,124706,7379D3A8061C04FC28C666C71DA1AC3A3AEF6D718201DEB08E5081A7479420FB,ABSENT,,ABSENT
c/has/w/a1.wav,frame,PRESENT,4616,2C781AA72C2943D9C1E7C7A809937F580CA92386DC84F322BAC0F6C974B55400,ABSENT,,ABSENT
c/has/w/a2.wav,frame,PRESENT,5960,18EBEE80113C3F8B8A5C2447641087D1DA95675122D7C06055CD982E2F51A778,ABSENT,,ABSENT
c/has/w/c.wav,frame,PRESENT,34268,D5413A22B6E459C0A1BC3ABE7CC643C854581B1C4736E22A4B88175D5846500C,ABSENT,,ABSENT
c/has/w/e1.wav,frame,PRESENT,121032,7A749FD560FB67296F4E3C931810059EC2D81DE42810A8D1CB193E37D3098BC4,ABSENT,,ABSENT
c/has/w/j1.wav,frame,PRESENT,28276,AABBF317A2FA6852B4D01A25DCFF143D5EB6B360AF27BEB19B43D58D9501E48D,ABSENT,,ABSENT
c/has/w/j2.wav,frame,PRESENT,16460,22798981357C4365AFE30E29C55F3AF2EC508B138D913CF83817D2AF778855EA,ABSENT,,ABSENT
c/has/w/j3.wav,frame,PRESENT,54316,20E5EBFE7E7C535355060163E1388A7F53CCEFE0E907F54BA3E573C482712BB3,ABSENT,,ABSENT
c/has/w/j4.wav,frame,PRESENT,42668,8EE54B30CB080073EAEAC17AF0706B87480BAC752589D4AEFA365FD81C4EDD2A,ABSENT,,ABSENT
c/has/w/j6.wav,frame,PRESENT,27692,55FF5151A2FCD174150D034152867FAE8FC3344312C4E46FFE9C3045EDAAC6A0,ABSENT,,ABSENT
c/has/w/j7.wav,frame,PRESENT,50220,912CEB42A4A3D90C04CB75B616163E99C1352FB6EF9660FE137FED3CCBCC48FB,ABSENT,,ABSENT
c/has/w/p1.wav,frame,PRESENT,23824,432853E3B623A8B6890189D8CCA00509132FEFA6396B89D1D2214BAD309A7EB0,ABSENT,,ABSENT
c/hay/w/a1.wav,frame,PRESENT,4758,55C582BC374D539983EB1380B075E6B265B22517BA6B26FEDE1C802CE719B7EA,ABSENT,,ABSENT
c/hay/w/a2.wav,frame,PRESENT,8724,E59B1246DEC49C560B6FA7453448B96FD342AD4F30896D13C6F86F5CE1D2F65E,ABSENT,,ABSENT
c/hay/w/j1.wav,frame,PRESENT,53398,BE99BD7833E429927F376932F3240796AF3BBB1DECCB13820ED5AC324A12E043,ABSENT,,ABSENT
c/hay/w/j2.wav,frame,PRESENT,25262,2E5287A5B1269D12ABD74038BE6ED392FC9C390C09BFD010504125DA9889B7A0,ABSENT,,ABSENT
c/hay/w/j3.wav,frame,PRESENT,46504,2762D1F7291FAAEEB2227ADB3FB18F37961415801922E8278EAB4A544B5C524F,ABSENT,,ABSENT
c/hay/w/j5.wav,frame,PRESENT,18184,A08AC0CFD04C364AB923EB00E843CD1154C08A41197AA69E820791B95C15E221,ABSENT,,ABSENT
c/hay/w/t.wav,frame,PRESENT,29846,62C3B1487F28A758982F3C5AA8E085039D4BB83EDAE7A7424B428DA90FE1B92E,ABSENT,,ABSENT
c/hid/w/a1.wav,frame,PRESENT,13518,CE95CF5DC66FF5B8000B26F657E57B6A661F66FF1E883C8CCA8A5BEE276007A4,ABSENT,,ABSENT
c/hid/w/a2.wav,frame,PRESENT,13690,39DFAB132BB24459F4560D56EEB02B8908CD534888C399EB7A02B04EF2687A67,ABSENT,,ABSENT
c/hid/w/a3.wav,frame,PRESENT,31200,49F34AD14C9AE8BCB4A397D6426A76DA7E7B5D86290B37A4BBE31FF18DE7CACA,ABSENT,,ABSENT
c/hid/w/a4.wav,frame,PRESENT,22414,1F61A832A9A9A1C9E9472479DD5ABAD2E59AD36CE41D555B3C731D9C5126305F,ABSENT,,ABSENT
c/hid/w/j2.wav,frame,PRESENT,53954,00764CC71E269857908DCE959CD7A7DCD607F14FA985E81DC5196005E1036C9E,ABSENT,,ABSENT
c/hid/w/j3.wav,frame,PRESENT,43762,671BA7BDB730698FD4784C8B7C0306D5C37687207305F50ED137B81FE5D03E4A,ABSENT,,ABSENT
c/hid/w/p0.wav,frame,PRESENT,14026,2E05DACB24F5D904342AAB3F75164805DDF6A96A99E1966AE356E496DE65112F,ABSENT,,ABSENT
c/hid/w/p1.wav,frame,PRESENT,15176,EEB55FC7272A83750E7D3EBA60C038D34BDF4DF893828F4C4550E1B4F5AB4BC3,ABSENT,,ABSENT
c/hid/w/p3.wav,frame,PRESENT,24928,B67C55086275AF19799CF45F7A9D174E636CD217F5E3614EEA75AEEBD469CD23,ABSENT,,ABSENT
c/hid/w/t1.wav,frame,PRESENT,197242,60D785AC468188426B1161FF8253F97806720490E458098F691862709571CE1D,ABSENT,,ABSENT
c/hid/w/t2.wav,frame,PRESENT,96656,EBE1DCDBCD335EDBCBFBDE41F4BC90FB9766DF4210210C955F883357D099712A,ABSENT,,ABSENT
c/hin/w/a1.wav,frame,PRESENT,25004,626E0379420B677A2F07211AD6938EAC4A9B5D7CD62CAF86840E6BFC22920A18,ABSENT,,ABSENT
c/hin/w/a2.wav,frame,PRESENT,13484,11ABC44F246DF58CD6507CFFC1255003E12E924C6B67E20D79E5C9E1DDCF9CC5,ABSENT,,ABSENT
c/hin/w/a4.wav,frame,PRESENT,89644,032F42B9E8EFE4382325CE639CFAAF13FE2A76D35DC6442791049DA609FA388B,ABSENT,,ABSENT
c/hin/w/c.wav,frame,PRESENT,57644,33C6C2DDA080C5B5A1795CC37A9FCBCBA80FD712BB13F50A75F81C57BB57D6BB,ABSENT,,ABSENT
c/hin/w/d.wav,frame,PRESENT,11564,33E65C785350B0802F320564C74FC1830F470F4DDC32BBE9682EC6F637CCF555,ABSENT,,ABSENT
c/hin/w/j.wav,frame,PRESENT,14764,15851833D914F13F6C1E8DD3D163FD6BB463D0DB510BECE31DD32FD076347F77,ABSENT,,ABSENT
c/hin/w/j1.wav,frame,PRESENT,32044,D18B489E3469D183E8C582B76CD9EAFF6B5E9E58CD331355627168D7DC0F97C2,ABSENT,,ABSENT
c/hin/w/j2.wav,frame,PRESENT,141484,9AC07BA327AE0E3EE6E02E513E26F655444C0211F93971E2037C8EE580629142,ABSENT,,ABSENT
c/hin/w/j5.wav,frame,PRESENT,20332,240A7FF3BA33AF1B616CA2474DDAE68E4E0B88CF223D26AC9FD40E610F046B3E,ABSENT,,ABSENT
c/hin/w/j6.wav,frame,PRESENT,10722,AAC220F0CDD0E9971FFAF58A20CC5CFD68144B0973DE23938EC09F9AB8F880D0,ABSENT,,ABSENT
c/hin/w/j8.wav,frame,PRESENT,70514,0705549820FFCDBCA104B5D4891C216B1D8A03D98D82EB434744FA5306B9B0F7,ABSENT,,ABSENT
c/hin/w/j9.wav,frame,PRESENT,11790,CEE7910E0D422847725E3C13E3594AFA7041F9736F4C831CC4E4CDEE75AEF246,ABSENT,,ABSENT
c/hin/w/p1.wav,frame,PRESENT,17964,69E3E32773AFB1C92ADAA54C889A65EF664FC5B033B3129002752ADBE8F1EF5F,ABSENT,,ABSENT
c/hin/w/p2.wav,frame,PRESENT,36524,78F392B06CC9679A91844B9AB562D31E56F2DE63C26A32D16D110EC1FEAB7CB2,ABSENT,,ABSENT
c/hin/w/p3.wav,frame,PRESENT,36524,E13C07AA41EB640A1446A3F874B2755F565AC987C4EB1F45D3DC164981489A9B,ABSENT,,ABSENT
c/hin/w/p4.wav,frame,PRESENT,32044,73D23C460B2DB155A13510DE8CDD5D04CFEC11F86C1FCC6124D6EE4421B607B6,ABSENT,,ABSENT
c/hir/w/a1.wav,frame,PRESENT,27692,378DF4B7A4F9EE2A9F2F5A5FFD6D9895CED80F3DE6A511210300F9874E2FF61C,ABSENT,,ABSENT
c/hir/w/a2.wav,frame,PRESENT,53036,8957BAC798592013983BE9A45F0B61B3BB445267B4594AE291E65F37FE210D4A,ABSENT,,ABSENT
c/hir/w/a3.wav,frame,PRESENT,18476,7444E1226008023E5828ED0E3F309002421100E53E722E128E196E016640330C,ABSENT,,ABSENT
c/hir/w/c.wav,frame,PRESENT,74924,E31AD7400CB4145F12775CACCE7037EE99004714F26F0AF9254AB3B08AFFD93B,ABSENT,,ABSENT
c/hir/w/j1.wav,frame,PRESENT,115756,337353D52650026ED05A1D95D4378F6F5A315489535479D09DC2F11BFDE8FCB3,ABSENT,,ABSENT
c/hir/w/j2.wav,frame,PRESENT,92204,8F32572FB016CDF63073591069652B6F69445D6CA633FB14BB33FC733B90ECF4,ABSENT,,ABSENT
c/hir/w/j4.wav,frame,PRESENT,58412,A1703A3CE4DA47164A9F0A038EF762E0A16A8E2402A63D7D0E6BD1AF07CD4A4E,ABSENT,,ABSENT
c/hir/w/j5.wav,frame,PRESENT,36908,8CD9EBA3AD0F4F5D5B6034E90D851E8A83F521C2DE6CCDB7D6FE0066BEEE3638,ABSENT,,ABSENT
c/hir/w/j6.wav,frame,PRESENT,36908,A19B368A0E95C6DFFF6BB959F637E0176963D8F0E7F528C2DCD8F7F4701D8573,ABSENT,,ABSENT
c/hir/w/p1.wav,frame,PRESENT,50732,676A94D8EB2CC87BDB05FC6B8583A752217D44234C52DA8838ED036FFBE07C15,ABSENT,,ABSENT
c/hir/w/p3.wav,frame,PRESENT,26540,D74AE2F882802E10D8B9F20DB7F2BB8772C98A948754E1B8E52894CEEDC56F1A,ABSENT,,ABSENT
c/hir/w/p4.wav,frame,PRESENT,23084,87CAA89288D4F482111BEFC571C706477769C0B0E3BBE5F9E80469FD02AD49B7,ABSENT,,ABSENT
c/ita/w/a1.wav,frame,PRESENT,5504,FB461C8CBE66A38C84E1196090808B2B2647DB9DAE238B323BB06C281CDE9FDB,ABSENT,,ABSENT
c/ita/w/a2.wav,frame,PRESENT,6484,9E9BC73F29077FA2C80A2C6D4D45B4B5B43609A1B32AFD8AE5897389D721533E,ABSENT,,ABSENT
c/ita/w/a3.wav,frame,PRESENT,6260,6DA877C5A21416DC6E151920E5DAE9A3FEA701B6FF409BBE9D4E9C54082D646F,ABSENT,,ABSENT
c/ita/w/a4.wav,frame,PRESENT,6176,C9139D3CC613B2D91F56C22E196A6ADDCE7526C7B646D0014E0B4A953CBE6FEE,ABSENT,,ABSENT
c/ita/w/c.wav,frame,PRESENT,27848,AC2C0772C440497CDADDFF0F7E5FC50A044BBCAA0C62538FBA9B4EFC5FB39971,ABSENT,,ABSENT
c/ita/w/j1.wav,frame,PRESENT,14380,C7D61B3DC4ABD2597747AD143E6643F852821AF07520658D7EA108D285F0BB93,ABSENT,,ABSENT
c/ita/w/j2.wav,frame,PRESENT,16368,5BBC1446D89C2AD056E2FD8ED45CFB4375D96DFA73552BF3DB0021537BDA88F1,ABSENT,,ABSENT
c/ita/w/j3.wav,frame,PRESENT,49240,6056E269F2C3F39C9E3904A2A0EFA9D6510590DC41CDA0C93CDD60179920921C,ABSENT,,ABSENT
c/ita/w/j4.wav,frame,PRESENT,12812,C9770099ACBD61E126590AF0DA92388F29DE4413C37273F6B03B19BE56C722DD,ABSENT,,ABSENT
c/ita/w/j5.wav,frame,PRESENT,59438,DF6AFF9590BD6B6B9DAB7998F260D30175F3F88D69E2E90FE6101CE86C7D9888,ABSENT,,ABSENT
c/ita/w/j6.wav,frame,PRESENT,55350,3C0594521AE4A1326D41096D52D2B7F8A0BC8DDE3D665206AA0DF0AF1F4F5009,ABSENT,,ABSENT
c/ita/w/p1.wav,frame,PRESENT,8976,2EC905503B0225D0345A8B5D8A4A32779C2D10CE9C24ABBAF11F37514A15D097,ABSENT,,ABSENT
c/ita/w/p2.wav,frame,PRESENT,5756,88C12234B98A543D16AA9857A21415E62DF1846335E7A9B05298D6C89511E099,ABSENT,,ABSENT
c/ita/w/p3.wav,frame,PRESENT,6792,FE624E2B8A33CA3BBF33FACD13E85DC7ED3E2D4B71EC534D88FAD3830AB21299,ABSENT,,ABSENT
c/ita/w/s.wav,frame,PRESENT,221910,1CE8BF730C5C68D151947ECE8F332B6C0D40D6CA8388C9B60B2BF07D335FA7E0,ABSENT,,ABSENT
c/jira/w/a1.wav,frame,PRESENT,18720,6F9BD636AD11FB3FD1A89185F25B49D6DB24B6735017F1E358C03B1FE8F1B4AD,ABSENT,,ABSENT
c/jira/w/a2.wav,frame,PRESENT,5280,6982D0AD44CC6C23FB2886DF81C7C948B52A8034076D17C911A340631F82ADB7,ABSENT,,ABSENT
c/jira/w/a3.wav,frame,PRESENT,8724,EA88DD4919F09D9DFFB396A8B70C740F7CFF2C439B1C2AB44C9F7376A94D5C14,ABSENT,,ABSENT
c/jira/w/a4.wav,frame,PRESENT,19140,03EA1C1411E2D96292B2F43189C8EE8D314C9A88E6848C08D24F851E1ADD3EB5,ABSENT,,ABSENT
c/jira/w/c.wav,frame,PRESENT,20372,DF036C6490BD9402EC55E92C61C605AB29E3C433F7E05D1E091C14FFB23E3B2F,ABSENT,,ABSENT
c/jira/w/e1.wav,frame,PRESENT,26774,23365DB713C28DBE2391C4E30185A209F3C66576F85D9EF629D4195651F81ED9,ABSENT,,ABSENT
c/jira/w/e2.wav,frame,PRESENT,5924,8FC0A83965CB6CEF5A2BAEE5F4F6C955D75CAAF4FACB283796CEB6CA83913B6B,ABSENT,,ABSENT
c/jira/w/e3.wav,frame,PRESENT,329288,D9DC86D1292EE707C674C11AD02F83C4A2A286DB90131E8508408520C4DD386D,ABSENT,,ABSENT
c/jira/w/e4.wav,frame,PRESENT,8692,3AEB347B0A1B802DDEC07888921AFEF2E41A4FE399DF8D710223EBD86473B1E3,ABSENT,,ABSENT
c/jira/w/e5.wav,frame,PRESENT,14012,2B829D6FACA54660DD458411172C4D487A2811D9B40CD5EA900B52A5AC31DDC5,ABSENT,,ABSENT
c/jira/w/j1.wav,frame,PRESENT,24600,2FB5D7C2995B74B5BC7890A26DF6791C048878CE9ED5EF7B63F89A7A88261908,ABSENT,,ABSENT
c/jira/w/j2.wav,frame,PRESENT,22276,03078AA7B50038B0BAD24AB662B293B2C29393C405AFCD93996C8CE94DFD6D88,ABSENT,,ABSENT
c/jira/w/j3.wav,frame,PRESENT,57494,01EF3894D4A6F57AEDC69827031BE728BF69297543EB8AE8E6C873E8A33A9034,ABSENT,,ABSENT
c/jira/w/j4.wav,frame,PRESENT,106028,E1A37FC11A4FC579473B70A4DA008F4827B15EC82F3279BB1F33908146AFAB38,ABSENT,,ABSENT
c/jira/w/j5.wav,frame,PRESENT,93204,19F5E4066DFD53DBA3F0AF7BE602EF21AD5E6BFA2491BD47E824BE86E60C9369,ABSENT,,ABSENT
c/jira/w/j6.wav,frame,PRESENT,31148,32340DC7FE9CF086FD2FF61638E91C01AA5703DEC1C435BBB2F1EB3C2C923A94,ABSENT,,ABSENT
c/jira/w/j7.wav,frame,PRESENT,122606,6EE8A14890A0FFFCBB7B6C44EFE5C42501B652D30A710A16522A7AFEE9139065,ABSENT,,ABSENT
c/jira/w/p1.wav,frame,PRESENT,18300,4B8EBA6A32160C46B22089F6FFFEF54D6500CFF4481E1C31A8B57F3F176F4F88,ABSENT,,ABSENT
c/jira/w/p2.wav,frame,PRESENT,21324,665E9B8F86D7F7703EEA92189E5F12FF1DB90E53DC39E526FA9C820F2C821E33,ABSENT,,ABSENT
c/jira/w/p3.wav,frame,PRESENT,7800,8D4DBE74133755D4B5A374C253A4353FB503B085D17DCBB5152BB9A3BC2CF7A4,ABSENT,,ABSENT
c/jira/w/p4.wav,frame,PRESENT,6736,1854E84B242C95EF45CE8638C935F1D2D8CE59986D073D87B446A67B42564748,ABSENT,,ABSENT
c/jira/w/t1.wav,frame,PRESENT,76076,77E36C0FDF801C90F78191D564400B1E3C7AD4378E0B853CF12CF9DF0EE4AB7D,ABSENT,,ABSENT
c/jira/w/t2.wav,frame,PRESENT,75222,E5255BF1C018013D61A1F8756686995AD5A4359BD48291E1B681741C3C020F36,ABSENT,,ABSENT
c/jiro/w/a1.wav,frame,PRESENT,11436,5C14DC31C0EA0EFD6F1A31B6E313CAEDB549069819F3E3BB86743A88A1446DD4,ABSENT,,ABSENT
c/jiro/w/a2.wav,frame,PRESENT,9078,757FBAC3E2B97B6DCD12633E25FF6433E2125B58626A7E85D57D253799C628DF,ABSENT,,ABSENT
c/jiro/w/a3.wav,frame,PRESENT,5624,BAC3D8A7E6501E716A1952665D125D000AE5364FF92713A663A93C31BB73F444,ABSENT,,ABSENT
c/jiro/w/a4.wav,frame,PRESENT,15824,AB8B5BC81512EA3018D9CD66E0E3B85EC5BF82651DBAF6959B69D51701F4E764,ABSENT,,ABSENT
c/jiro/w/a5.wav,frame,PRESENT,14436,6C4076DBD2563EDC3E6EAFC9BDF7431D66E7F24DDA273718EC085D961F4DA8F9,ABSENT,,ABSENT
c/jiro/w/c.wav,frame,PRESENT,28346,2D9D1FEADC3E0429DB52D0AC54FDC1D6EA2A12080E4C1D24E0CC4502F6069095,ABSENT,,ABSENT
c/jiro/w/d.wav,frame,PRESENT,48142,5FAA2924F2902A12605C51C6E2F6152DDE634F38D841480B8E6B86FBE15AAA77,ABSENT,,ABSENT
c/jiro/w/j1.wav,frame,PRESENT,42426,2DC3563A6A07129383CA4E7D6C7C16364248C1BB8B6A1F492D9D42A6EFE1ED5E,ABSENT,,ABSENT
c/jiro/w/j2.wav,frame,PRESENT,37518,63DF012B5E04F00E9E2AA01B1688C5C72B02D7662DE6AAD36FDC872427018645,ABSENT,,ABSENT
c/jiro/w/j3.wav,frame,PRESENT,37646,5BD7FDB529A5C7D16434D52654D84D8CD0CA0F69429E08E3BBFD144FDE5866AF,ABSENT,,ABSENT
c/jiro/w/p1.wav,frame,PRESENT,5138,B405B75627EC21FE953BB7FA2C360E6C2254C1DD8EAEC31BF4A4B82A8F897986,ABSENT,,ABSENT
c/jiro/w/p2.wav,frame,PRESENT,12452,017D85356227877C6DA00C3AD722E922F56639785F073C8F07F5C8B997A5E28B,ABSENT,,ABSENT
c/jiro/w/p3.wav,frame,PRESENT,28950,E2C56FFE711C8CB2BDD9ECB140499E7C5F2DE0B0A5E0DDE282E35D6E5856C798,ABSENT,,ABSENT
c/jiro/w/p4.wav,frame,PRESENT,12208,98B89C0E3CD302713B1EA9FE355FECF8FA793681FB23B1B5D2AF0BB0F2CAB880,ABSENT,,ABSENT
c/jiro/w/t.wav,frame,PRESENT,32078,E396829E8694E014B5692D9D51D025FF8526E74D232B1511336919AC69FB4791,ABSENT,,ABSENT
c/jiro/w/t2.wav,frame,PRESENT,32698,129F0A4746C59DDEB73D917BBD6C1193A4DD75768CB7CEAAC1812AB1BB4A8463,ABSENT,,ABSENT
c/jug/w/a1.wav,frame,PRESENT,11556,5316C11CE41815D7B2296A4CD410D73EA28A7F6530942AF492C415E81854A448,ABSENT,,ABSENT
c/jug/w/a2.wav,frame,PRESENT,12076,63CB6F72B92FB6B713FFB61BF783D8C29C22796966434543DC4144B2CEC4C8CD,ABSENT,,ABSENT
c/jug/w/a3.wav,frame,PRESENT,12372,22DE6F6570ECDC7D95F8BEC134E125EE5D0AA3CC72AD7FBC1CBBDA2D4F418E57,ABSENT,,ABSENT
c/jug/w/c.wav,frame,PRESENT,41302,31B26999585451B46911FF8DAC1DFE9340CB51C87C0D8EBD6B95590F13CF51CC,ABSENT,,ABSENT
c/jug/w/e1.wav,frame,PRESENT,36908,2A8187E1F27A8537E6DA54B4B8649A9BF043BEFC2D2E19B321EDE1BF8FFAA807,ABSENT,,ABSENT
c/jug/w/e2.wav,frame,PRESENT,46230,D90CE35EEABFC037968039BD41A729FBF629FBC6FB12ADC755A6E1FF1B921254,ABSENT,,ABSENT
c/jug/w/j1.wav,frame,PRESENT,19884,3A15B29AFBC5693BFDF06381BE423007600D3236E37AFF9B3A79A540F825ED6C,ABSENT,,ABSENT
c/jug/w/j2.wav,frame,PRESENT,22844,AAA0CFA58C6E497D9B6AF8509B8C226286CA1891086F2641FB29CBC483918F09,ABSENT,,ABSENT
c/jug/w/j3.wav,frame,PRESENT,40364,71C6638588FB043AD7EFB48323A92C7C2E34C875F2EAD5BB83424295E6B18C61,ABSENT,,ABSENT
c/jug/w/j4.wav,frame,PRESENT,8644,B720214251FA94A9BF6B1D951372C7622C67B06F66B2220191BE0019462B386F,ABSENT,,ABSENT
c/jug/w/j5.wav,frame,PRESENT,17324,66A427DD0AC3A82A46B40AD040D6B15110BDC0BD14CAE7777872A158982D551C,ABSENT,,ABSENT
c/jug/w/j6.wav,frame,PRESENT,83094,A69C202026A590A90BA9C0D089DED2712BFB9F31EACC06D10DF33D75A70A22B4,ABSENT,,ABSENT
c/jug/w/p1.wav,frame,PRESENT,7892,D9A75797A9A619FC0CF95778913CC12E104429A22E8D64E1D827CC52B3B6DD6C,ABSENT,,ABSENT
c/jug/w/p2.wav,frame,PRESENT,9412,D6A79669743DCE338229874E092F4AD6C271190F9843F4A6C23876F6CE86BAE9,ABSENT,,ABSENT
c/jug/w/t.wav,frame,PRESENT,180844,BF851EAD918E5F3A0BEC1D3BA14631319EED6B34CA52CCA2DD6F268ECC459E05,ABSENT,,ABSENT
c/jug/w/t2.wav,frame,PRESENT,122078,51CBD41905320DC0BFC1DAF954352EB4A8BD4791DD6802418C4A7BA50B6B5BC9,ABSENT,,ABSENT
c/kab/w/a1.wav,frame,PRESENT,8701,070DC0A7823B1283E2740D926B21FF72FDFFC1321524E0C42477548A174AE97E,ABSENT,,ABSENT
c/kab/w/a2.wav,frame,PRESENT,18083,30FD61B6009776B76CE7CCFBB8340A84E553245D1284D1CCB65999DCCD030EAF,ABSENT,,ABSENT
c/kab/w/a3.wav,frame,PRESENT,17425,D87285DD65C8F6C68C49F2680A6C9221D0EDAC54E2E0C17846078F161EC7C6CB,ABSENT,,ABSENT
c/kab/w/a4.wav,frame,PRESENT,9474,A5AD9C9DC5C7688BE53611EB25A49645FD23F016DD8AEC4177ABDEE2D0F9E4AB,ABSENT,,ABSENT
c/kab/w/c.wav,frame,PRESENT,51119,8B8BC37A7560825AA2B57D811570D3D2DF2E5F3F8C654E9166B789D8CE0BE86B,ABSENT,,ABSENT
c/kab/w/j1.wav,frame,PRESENT,27697,4B60D0B0F1CA48C220875835114E4F72472F7823573918DE80370C8BB94C5231,ABSENT,,ABSENT
c/kab/w/j2.wav,frame,PRESENT,25354,88E91A8FE68353B9769F54500FF5E9AC5C5802FB232A702723ADA6FF9EC2BA98,ABSENT,,ABSENT
c/kab/w/j3.wav,frame,PRESENT,23303,D1CEFA72601C2990BE0CC5F84AE53735EFF165F4DC7C1128A89CB9C1E07A0A3F,ABSENT,,ABSENT
c/kab/w/j4.wav,frame,PRESENT,47774,A3F2CF5DEF4ADF0FE6DBBD269DFBD1937E76D60048A1DDFC3F5A904F158BF206,ABSENT,,ABSENT
c/kab/w/j8.wav,frame,PRESENT,36284,DC4FDC7CD4DBF0E5CF1D59D7F33E463B6080BA78CC5FCCF9E17030B169B70CBB,ABSENT,,ABSENT
c/kab/w/p0.wav,frame,PRESENT,6680,20BA71E9BD9ED4F268813676D70EAC9376D38F8D4D892047347DAD2BB40FAE9E,ABSENT,,ABSENT
c/kab/w/p1.wav,frame,PRESENT,11300,F6D3789F74ABAC8D157468FFA449D75B3464E581DEE61C4FD013929E200AB007,ABSENT,,ABSENT
c/kab/w/p3.wav,frame,PRESENT,17131,12C46AEA03F09774A72D0C2E76E85D8C07C3E2A6807E759A2036559B5467EA24,ABSENT,,ABSENT
c/kab/w/p4.wav,frame,PRESENT,13691,44AA4A907C16E5EB7451C31C481D7B10ABFAC8185479800B81AF94287E3B475A,ABSENT,,ABSENT
c/kab/w/p5.wav,frame,PRESENT,26928,70343305DDE890F275453F94D088CB64BBA345A9960F621B430E829F9E4DC5A0,ABSENT,,ABSENT
c/kab/w/t.wav,frame,PRESENT,113714,F578F6BDA5D6DA447B3B994CC618A52C3C2ACD48072A059045DB94203B9B1FB7,ABSENT,,ABSENT
c/kaka/w/a1.wav,frame,PRESENT,6848,18B2BD19E17CD073C22595A4A534CEBAFD0C50DDD680F74E019925BAA6D77E39,ABSENT,,ABSENT
c/kaka/w/a2.wav,frame,PRESENT,4580,85CFE7A32A018FADBF4006F02A9CEC7C3094ADEA9A6BEE8E6F21E310C26A0F52,ABSENT,,ABSENT
c/kaka/w/a3.wav,frame,PRESENT,3600,5E498D08811527F7AC53855AC079ACEE89B4A776AE3E480F32879952FDF555A9,ABSENT,,ABSENT
c/kaka/w/a4.wav,frame,PRESENT,10768,452601A9A707DADB331DC9486A7AB000A8474BFD56073B5AE9E9F00F43390AB8,ABSENT,,ABSENT
c/kaka/w/a5.wav,frame,PRESENT,11748,C063FB52D0C58841D2015145B3E3CEDDCA03555F56F532D8285342B149C734B3,ABSENT,,ABSENT
c/kaka/w/c.wav,frame,PRESENT,22780,8FABB56837B23F3E70C6237DE242CA23D48FDF6F1C667185E6C7162D9B2C3967,ABSENT,,ABSENT
c/kaka/w/j1.wav,frame,PRESENT,41344,5390F4F414D30431CA245ABD70A3D59BCBE9C0C4F2175471D04C46BA7775EEAA,ABSENT,,ABSENT
c/kaka/w/j2.wav,frame,PRESENT,38956,25651B0DE4962E8649E164E88507305903188C0C311A187F7A8455E1BE7E72AB,ABSENT,,ABSENT
c/kaka/w/j3.wav,frame,PRESENT,14296,70091C108C2A6024C559D376E13DAB9FDE027ABA7D2444DCCC8AB28715007F1A,ABSENT,,ABSENT
c/kaka/w/j4.wav,frame,PRESENT,13400,0AA5DA68374642BFCB03A87A4A38E3DD5001E8B21923A9E576ED4A4C06FE7483,ABSENT,,ABSENT
c/kaka/w/j5.wav,frame,PRESENT,18776,FB7421499787CB9F8E29E417B364E18DCDB00DBBF134D21DE13C42528519B65C,ABSENT,,ABSENT
c/kaka/w/j6.wav,frame,PRESENT,11580,22448B1683A30F748FF1890BB2D75249BDAE70F536A15B854DE9F51C6FB2D3AF,ABSENT,,ABSENT
c/kaka/w/j7.wav,frame,PRESENT,49196,A51AC244A5FD2790A7FC75F85A523D98BDFBA888EFA0514B0DEB21B80C8EFEB0,ABSENT,,ABSENT
c/kaka/w/p1.wav,frame,PRESENT,19532,B585B35DE6B449DAA426772005A95C2C26F32A26BC4B6ED53374E4416C8B7260,ABSENT,,ABSENT
c/kaka/w/p2.wav,frame,PRESENT,3908,2EFC14FB32F2DA78AEABE932A2F10CE0142419146E6A7B329F4D18A59CC162B7,ABSENT,,ABSENT
c/kaku/w/a1.wav,frame,PRESENT,10946,1D5B2716DDBDC985BC762D17D270A4FD546945E337590AD3F2115DC71A1F685A,ABSENT,,ABSENT
c/kaku/w/a2.wav,frame,PRESENT,13306,B2504FBD27D1898D9866B1439810E601649B59367BA4BAF0DEDA5E05E8808D30,ABSENT,,ABSENT
c/kaku/w/a3.wav,frame,PRESENT,20046,8A0FB8903835FD29C849245DFA1D14C36BC75AEA53B4AC66998ABF7131F5F08A,ABSENT,,ABSENT
c/kaku/w/c.wav,frame,PRESENT,58338,A449104195C8F5A2215169DF461883CF7380E560CB94429A21CC780303C2DCEB,ABSENT,,ABSENT
c/kaku/w/j1.wav,frame,PRESENT,49694,52427780D4874D16D3CD69AD6B276FA1345E2BA9DE177407C4C9AC53D5315EBB,ABSENT,,ABSENT
c/kaku/w/j2.wav,frame,PRESENT,52714,4B46955C628EDF835B7E2B91915151D055372DFDFADEC7D158D9F815AFBB41D0,ABSENT,,ABSENT
c/kaku/w/jd.wav,frame,PRESENT,38088,ABB75BB3894D8BBF1ABA11B734E9897E4E851E033BD4B8004F6A8901DDEDEE09,ABSENT,,ABSENT
c/kaku/w/jf.wav,frame,PRESENT,33042,41EBF5EF92E4537BE98E5E77EE0FCA5F6266D34085E02A5A820816B2511398BD,ABSENT,,ABSENT
c/kaku/w/jk.wav,frame,PRESENT,29234,2F4D603BEC29F58B150D390B4298CAFA441762A6FD17A85DC1537D5023F80971,ABSENT,,ABSENT
c/kaku/w/jr.wav,frame,PRESENT,42138,31A4C1B8AE27016D14A46F39DC715A1F7BBC66D8BA291DFA8EB5D6FDA124457D,ABSENT,,ABSENT
c/kaku/w/p1.wav,frame,PRESENT,14400,82E7503442A17813F7331E026FD450B3B12E7AF351221EF5989E14F42981BD60,ABSENT,,ABSENT
c/kaku/w/p2.wav,frame,PRESENT,23024,4F56416FB39AD4D0ECC215E434357B6B3DDF73CA45AC0A64F32A26E4DD81FDAA,ABSENT,,ABSENT
c/kaku/w/t1.wav,frame,PRESENT,134924,807E1D73218F77F7AB5CF06DAF2D3128D6D42F1644E0255E6C2E0AAFAFCAA2DF,ABSENT,,ABSENT
c/kaku/w/t2.wav,frame,PRESENT,34756,DA60A14D6614C1200360D1ACA5F62EB9D10E4CA43F88DE3C09474244F5309EAA,ABSENT,,ABSENT
c/kan/w/a1.wav,frame,PRESENT,4524,8D028808B821AB5BC1D86B9D591164F61A9769C653FAFBBE07E6F97A2A3FFA53,ABSENT,,ABSENT
c/kan/w/a2.wav,frame,PRESENT,5532,69A870FC8BFABD954BCA884FA18A4F4EB1E19DB7B4B4A628FC6FFADAD09C07F9,ABSENT,,ABSENT
c/kan/w/a3.wav,frame,PRESENT,11552,B7A80A4DAA6F17BF6EB0B7AB991B44556A27DBEB7E09DBA3C9D3C730E2A1DCFD,ABSENT,,ABSENT
c/kan/w/c.wav,frame,PRESENT,22024,91E36F8926DF1C300E3B35283E836A5454253B50F683429624DF8F3247FF6E85,ABSENT,,ABSENT
c/kan/w/j1.wav,frame,PRESENT,20428,37405107D7841C1B416C001F2C7DF358FD97355DC23F72C93F11249D39BDD1E1,ABSENT,,ABSENT
c/kan/w/j2.wav,frame,PRESENT,20008,C83C765B7976DB539897DD18EC40AD8B5A092BF6566B43BBA65475738CBD3103,ABSENT,,ABSENT
c/kan/w/j3.wav,frame,PRESENT,14324,CB1D5C4869DCA71229AFBD885958BA782958F21EE44FD8E6BD8F0B0BB42B97D7,ABSENT,,ABSENT
c/kan/w/p1.wav,frame,PRESENT,12112,6118FD80C60B43A4F543F1EC68D70CFBB3D22CBDB3F5340619AC33A29C473D3E,ABSENT,,ABSENT
c/kan/w/p2.wav,frame,PRESENT,8668,C7C73033CDD8F00A4B89339367B70CA37D1F0405E8000B4D079C2A2947E96D87,ABSENT,,ABSENT
c/kan/w/p3.wav,frame,PRESENT,21912,8BFB7E85DD5E8814C949770A73BB309ADAF2F700338C3EA24BF71DA7A5A44A1F,ABSENT,,ABSENT
c/kar/w/a1.wav,frame,PRESENT,9028,C6AA0C794914A2630C2FEB94B56E6045D8DC2A0CCD7D1F79F12CC926306509AF,ABSENT,,ABSENT
c/kar/w/a2.wav,frame,PRESENT,8372,D97001BAD4468EA2911EA223BC4DA6CD78815DD40E585B025C4FF8B10FDE61B6,ABSENT,,ABSENT
c/kar/w/a3.wav,frame,PRESENT,10208,9F97A3C2E590B43FE2C74F804A8248D46520503ADBCCD08825F55A11684FAE1B,ABSENT,,ABSENT
c/kar/w/a4.wav,frame,PRESENT,23804,E207536318B20712731FBD671A44742569DA9E6A9B84D0F4FA11F5BC4FB3D67A,ABSENT,,ABSENT
c/kar/w/c.wav,frame,PRESENT,38060,84A52EEDCB78B46E708572DF7E843D9AE2CF7493EB4F1E902707A7B10E417698,ABSENT,,ABSENT
c/kar/w/e1.wav,frame,PRESENT,81310,9493BF0F6C3E681F4341A1A08F1ECF5ECADD545AB449C7FE3392687B1EE7D403,ABSENT,,ABSENT
c/kar/w/j1.wav,frame,PRESENT,64044,299A129A9F7D07BEE635AD849E5C5898242696A1A8E66D7751C24BB3C89FC65A,ABSENT,,ABSENT
c/kar/w/j2.wav,frame,PRESENT,41516,5AE0AE80ABC0994154583D9E1906E632C8FB518FA576A06C51CF5849C12790BF,ABSENT,,ABSENT
c/kar/w/j3.wav,frame,PRESENT,46124,C6F6891F389B695188B956B12DA34048074EB77B7FC7723C9918F22B0A306DE3,ABSENT,,ABSENT
c/kar/w/j4.wav,frame,PRESENT,48644,1BB3D654359024F8D9EEF1368327F933D07FF946DE35282B7DDFF37172D60957,ABSENT,,ABSENT
c/kar/w/j5.wav,frame,PRESENT,92524,6670764A594224EC1267FF1F8FFF1DA8B91E6E26F2FCFADFBE065FF73313DB8A,ABSENT,,ABSENT
c/kar/w/j6.wav,frame,PRESENT,25388,95E4935F9B21B426D2A9637CE5E97379F4AF657FFFF27B040C6FE2EAAB30F150,ABSENT,,ABSENT
c/kar/w/jug1.wav,frame,PRESENT,12372,22DE6F6570ECDC7D95F8BEC134E125EE5D0AA3CC72AD7FBC1CBBDA2D4F418E57,ABSENT,,ABSENT
c/kar/w/jug2.wav,frame,PRESENT,7892,D9A75797A9A619FC0CF95778913CC12E104429A22E8D64E1D827CC52B3B6DD6C,ABSENT,,ABSENT
c/kar/w/jug3.wav,frame,PRESENT,92720,A3BEAECF6578EB769225A98A497C05382A4B8A83C8DB88EC10BA12D8AEA8EC2A,ABSENT,,ABSENT
c/kar/w/jug4.wav,frame,PRESENT,40364,71C6638588FB043AD7EFB48323A92C7C2E34C875F2EAD5BB83424295E6B18C61,ABSENT,,ABSENT
c/kar/w/p1.wav,frame,PRESENT,24908,D35E65AF77B9F78183B2399A9E81CD5DB5A61FC685BB3A4D3F4683DE9A8D0D78,ABSENT,,ABSENT
c/kar/w/sas1.wav,frame,PRESENT,89102,12EFF24DA46099EAF872CDD4426188B42441B68E6BED085F10D06810CF24FBF6,ABSENT,,ABSENT
c/kar/w/sas2.wav,frame,PRESENT,4112,564380CC0A636450CA52943A009E7569D4D6EC706E33F794740CDCCCCC8B55E6,ABSENT,,ABSENT
c/kar/w/sas3.wav,frame,PRESENT,12204,CEA728E01C308505448D536DDE1F4E4A5AD37FC430BAA50E2D1DC03FAC616C48,ABSENT,,ABSENT
c/kar/w/sas4.wav,frame,PRESENT,48172,9ABE727C4181032E4E54F38B388E132A215BE373A27558D5961A73AADA21610F,ABSENT,,ABSENT
c/kar/w/sui1.wav,frame,PRESENT,23284,5811E3D0B9D36C7E427E9A7295505F5203F047EA74C11B90C566D2137D0E9C50,ABSENT,,ABSENT
c/kar/w/sui2.wav,frame,PRESENT,31114,A9E602726AB2420513B7EBB73A09F46686B4D4BB4048F516B4467280D94548AE,ABSENT,,ABSENT
c/kar/w/sui3.wav,frame,PRESENT,27902,733A257DE13F7D874988A9404EBC3C5D12DA5F216A8708C84B30857402EBE673,ABSENT,,ABSENT
c/kar/w/sui4.wav,frame,PRESENT,118972,54630089BBBF742450DB071149375B0E3600CA831DB2D1C715BC930D5B6704B8,ABSENT,,ABSENT
c/kar/w/t.wav,frame,PRESENT,259628,1D91F5FE4226ED82EE011298F4F6D1B1E1CF33CF233DCDBDBD8147E025E8E168,ABSENT,,ABSENT
c/kar/w/t2.wav,frame,PRESENT,77036,D824EACBE532CFD47DAC27D6A959C20860DCDBD2509852F25D89076BCBC098E4,ABSENT,,ABSENT
c/kib/w/a1.wav,frame,PRESENT,4608,841E8980D42D222C98C66FD5A06FC1606954A67C82E7237E5E6B4A4BDF59F1CC,ABSENT,,ABSENT
c/kib/w/a2.wav,frame,PRESENT,8080,484D4560E5987F78A8C443291AD98F8C497619C10BF90AE06E07C5A16AEB7862,ABSENT,,ABSENT
c/kib/w/a3.wav,frame,PRESENT,4748,02447F430ABF87717C901AEE38D36CB7BEDCF63738CC45E5A69371ED5AAA4148,ABSENT,,ABSENT
c/kib/w/c.wav,frame,PRESENT,18944,0C1EE8CAFD7E8B22BBD49DBDF752A8E45EF6ACFABE202DE76351D41BA2A63C40,ABSENT,,ABSENT
c/kib/w/j1.wav,frame,PRESENT,26728,D34B6FDD282A4B3595702ADD502E3D28B319344D5A69F594CDEAD36A0839835E,ABSENT,,ABSENT
c/kib/w/j2.wav,frame,PRESENT,18272,B7E671F58566CD3040FA1C06260D15ECBD6D164F7D3AE0EF0A49D9C89D533BD1,ABSENT,,ABSENT
c/kib/w/j3.wav,frame,PRESENT,20092,B8CAE3C2B6FCDF88F6208627DA44FDD8F7C061A31B900DD2E7E65FD3B629BC91,ABSENT,,ABSENT
c/kib/w/p1.wav,frame,PRESENT,20792,302550089CC7F1EBDE7E550DD10D077F606935599D92CD78013157F21B81FF9B,ABSENT,,ABSENT
c/kib/w/p2.wav,frame,PRESENT,7856,EE3B5D12CA288373AB1C0A60ABCA330C1F144BD8D0785230E317C04724D84733,ABSENT,,ABSENT
c/kib/w/p3.wav,frame,PRESENT,11496,E7A9627C773F3833FD0B4AD5407543B6553384C287E37E705BA78B4932572F4A,ABSENT,,ABSENT
c/kid/w/a1.wav,frame,PRESENT,9472,95D55D85C7D6E7F5D313FC4E7A34950E4225C2C63FBEC1A17EA702F966349883,ABSENT,,ABSENT
c/kid/w/a2.wav,frame,PRESENT,14226,3F61F93CB611C4018D1A8D3E190202144B7AC4A11C5B3CC395A8FABF53A0A659,ABSENT,,ABSENT
c/kid/w/ca.wav,frame,PRESENT,26294,E000E895BDE81378CD0051AAF902E3D45622FED55747889EBE06971A0546CFA3,ABSENT,,ABSENT
c/kid/w/d.wav,frame,PRESENT,52910,4B5D6F350700AE3502DF340FB6EC4FEB684A67C0A1BD1E5CF6C71182063506D6,ABSENT,,ABSENT
c/kid/w/da.wav,frame,PRESENT,12438,C7CCF4A6FD40C37B49F697E8799F07560D23EE7379132B7EAA246E115D13C1D9,ABSENT,,ABSENT
c/kid/w/ga.wav,frame,PRESENT,9674,40E35DA7EC3452553DD5AF0C98CC139F89FA65E34EFA31C2F9908708E4177B15,ABSENT,,ABSENT
c/kid/w/j1.wav,frame,PRESENT,30602,7B1370FA035F5F7A8A20C4A0DD5B87DA7C387F2A5E84F1C16FD2C388CE4E771A,ABSENT,,ABSENT
c/kid/w/j2.wav,frame,PRESENT,22718,81629BE6929413BA20F5D0BCED3DA1E216B165FA04F1C5AEC903A626B7A880AB,ABSENT,,ABSENT
c/kid/w/j3.wav,frame,PRESENT,13982,16C16CAC69D82135C1EAA110DFE462EFBDF83DA9753AD6B36354314218F7B0AC,ABSENT,,ABSENT
c/kid/w/j4.wav,frame,PRESENT,25684,4017FE602CDB3929CBD7F855AD08D4D6BADDE4F54BE95A8B2B770567936032E8,ABSENT,,ABSENT
c/kid/w/j6.wav,frame,PRESENT,46734,EA5466D5B7C6F98E084D34D5825500F0ECF2113FAC9B7D33A8F9AAB8EC514452,ABSENT,,ABSENT
c/kid/w/j7.wav,frame,PRESENT,17274,7E98EBD6FA3D21358D587F5BD90CB2425C62DBB7414EF17E3EB002A0BCD5B41B,ABSENT,,ABSENT
c/kid/w/jj.wav,frame,PRESENT,20808,B5EC7EC3F0FE681DA095DDF5A067D9C3388B60A2738EF1FBBCDA44A9C3DBD0E5,ABSENT,,ABSENT
c/kid/w/p1.wav,frame,PRESENT,4798,4BD9070DFA51E62B65891F47ED713BE666E52D0AD00F2A391729534837FD9980,ABSENT,,ABSENT
c/kid/w/p2.wav,frame,PRESENT,8050,853CD1BE2D00B9DDA503CEC8A48B028EB9EEDA466C7FE93D2CAC44722A36EBE9,ABSENT,,ABSENT
c/kid/w/p3.wav,frame,PRESENT,12682,6ED39C716D54068E04DBA86CF1CB22A424B4AF9C83930E05FAC41E2C757E2870,ABSENT,,ABSENT
c/kid/w/p4.wav,frame,PRESENT,19792,046ACEBE72712AFDD1C880AAC3B86A9B675208ECCE954A2BBA3B57EB7E72F702,ABSENT,,ABSENT
c/kid/w/sp.wav,frame,PRESENT,13942,61B01AF33A79CD2D7DC63533E4DDEF063411F7B4C00C3F866C31C9268CF450E5,ABSENT,,ABSENT
c/kid/w/t.wav,frame,PRESENT,73796,C1BFFB13B64B1823F6CC1643848940573354A3A6F211FAA58BC81649A1E34EC3,ABSENT,,ABSENT
c/kim/w/a1.wav,frame,PRESENT,69524,B6BEEF9D4039885AF376B6D48013FD1B15C5855B3984CBB193441559D632E588,ABSENT,,ABSENT
c/kim/w/a2.wav,frame,PRESENT,81628,C22CE615152C8FC787E0A56E6DE40CFD66F9BA9045A47C3DA8A51D81674844FE,ABSENT,,ABSENT
c/kim/w/a3.wav,frame,PRESENT,60324,AA6F668949E4A26B513425F60CBB0C22B6C0411547B4128BBAF277B877A204BC,ABSENT,,ABSENT
c/kim/w/c.wav,frame,PRESENT,184340,F70A9176284DC868B7DCE91D33E932F83BDAB61CCA674E3D0BF0138483520505,ABSENT,,ABSENT
c/kim/w/d.wav,frame,PRESENT,9262,ECA04A7E4286A4EEB67D4C706287868A4EC6A9BA94C434F80C8155EAA51F76CD,ABSENT,,ABSENT
c/kim/w/e1.wav,frame,PRESENT,197292,E188536DCB896B88913EE8987B273836EDEF2CA0B168E191B78BF23DD69AD79F,ABSENT,,ABSENT
c/kim/w/j1.wav,frame,PRESENT,321860,86A7F48012EF4A2C1E3E578CCCE37E95F033D1BEEB7C47A8444B651A3D33BD65,ABSENT,,ABSENT
c/kim/w/j2.wav,frame,PRESENT,149064,6E6796618B7444EDE6DAC5F1293103FE2906876B2853CDF76ADEB1237E965866,ABSENT,,ABSENT
c/kim/w/j3.wav,frame,PRESENT,34630,340553610D7B28818B404F81A76A09ADFF7939531FFAF5811F243DC91955F917,ABSENT,,ABSENT
c/kim/w/j4.wav,frame,PRESENT,31426,0CC787B1A487883AB48C479B4341318601B4D76A102E0D271340EB300EA1C663,ABSENT,,ABSENT
c/kim/w/j5.wav,frame,PRESENT,32620,E32201AFCC3468C85BDD84D17A106C702F5031C04521470A7222A0E6855B4656,ABSENT,,ABSENT
c/kim/w/j6.wav,frame,PRESENT,32182,2BC9D52F12EC21EB5B2D4F7B1FAA8B030987405977EAF5E3E73B0B0D8D95C6D6,ABSENT,,ABSENT
c/kim/w/j7.wav,frame,PRESENT,56280,EC8BE7ADC63F87DD37750E8CDBFC00A4C90E3D252E1623ED58B8F62FB3454139,ABSENT,,ABSENT
c/kim/w/p3.wav,frame,PRESENT,9248,6AFC2181EF40648F248D4C6ECB2A116EC8055BCA2FAB03A4106537AD9EEEE5DE,ABSENT,,ABSENT
c/kim/w/ra.wav,frame,PRESENT,28580,0D030126A8B1286D8FF6C62AAF0B179FF6FDB327DD152F1CE840D006F172AE97,ABSENT,,ABSENT
c/kim/w/su.wav,frame,PRESENT,39674,F485CEDF6B955D0DC67051D0E3559B4E0E6285A30DE0CE0593FAF4EC75412495,ABSENT,,ABSENT
c/kim/w/t1.wav,frame,PRESENT,21622,78238537FEF969AC81C3E1928CBDB3B231AE4F155FF8CA7B3D4C8824462439F2,ABSENT,,ABSENT
c/kim/w/t2.wav,frame,PRESENT,28956,77868E5600CEE687E077C60AB63EC68F1C296BAC50930865FA481622692416BC,ABSENT,,ABSENT
c/kim/w/tr.wav,frame,PRESENT,18838,5714F49945757EF7283544FAAF2CD38F6413FAD1B68114586AF412369BA62724,ABSENT,,ABSENT
c/kis/w/a1.wav,frame,PRESENT,20064,A7CF4BC3809099A60F11992641C24A3E646FDD938DC09E61111637F4F3645DF1,ABSENT,,ABSENT
c/kis/w/a2.wav,frame,PRESENT,6540,56061C52527B356E18AAEE2CA201F6AC20BD4770417F80CC1A02DE3C65F3068B,ABSENT,,ABSENT
c/kis/w/a3.wav,frame,PRESENT,5756,2158F66439CA9855B6DE75A5AC70CE50BD777175070B9A0235569EEB70B26630,ABSENT,,ABSENT
c/kis/w/a4.wav,frame,PRESENT,11496,AF5F77E3527546A62AF8C5DE80BDD51D8C3A96AE8E3A9293778EAC65CAF78838,ABSENT,,ABSENT
c/kis/w/a5.wav,frame,PRESENT,17124,C2CB5084291153B63A6D5DF3D76F66647E9CB58289D9370E54065FF48938B589,ABSENT,,ABSENT
c/kis/w/a6.wav,frame,PRESENT,6344,53202C80606C91B3D3E5C168CEEBA3A22EF99F99F5C78EE1DF5AA52D6694B5CA,ABSENT,,ABSENT
c/kis/w/c.wav,frame,PRESENT,31600,719637CCF132749FD699BFE1BD29293752E322C4FF523BE34AB057366697CCF7,ABSENT,,ABSENT
c/kis/w/e1.wav,frame,PRESENT,224296,066A641B22680F69C9AC0587B7AE27EF73535884052929612B64648E358DBCBD,ABSENT,,ABSENT
c/kis/w/j1.wav,frame,PRESENT,27812,DE4F6AA347D554393F13D61650F63A163618C6EB0C44EBC8D6B90BC62CA3A277,ABSENT,,ABSENT
c/kis/w/j2.wav,frame,PRESENT,44312,EF0DAB4C75413CB487ED7708F0797C7A77BABB6ED3432011D2F6737CCCCE172B,ABSENT,,ABSENT
c/kis/w/j3.wav,frame,PRESENT,29416,B1BB1E694583309003C362E29D24A27DCDFAC75C66B5D4E7E35BE287227C27F4,ABSENT,,ABSENT
c/kis/w/j4.wav,frame,PRESENT,48624,258676A65E17DF912984831C241EEA8CA68BEB753998DCC53F2186094D3365E3,ABSENT,,ABSENT
c/kis/w/j5.wav,frame,PRESENT,29080,E0273C4A519DE5C5BE15A26B75DFE219D60BD7FECBD8E847029BE76C8A8B0607,ABSENT,,ABSENT
c/kis/w/j6.wav,frame,PRESENT,20064,03B5A91E48EB39ACCA2BFFF049A6A2766E4A73BA39C4A4D379E81490698FEA7C,ABSENT,,ABSENT
c/kis/w/j7.wav,frame,PRESENT,41624,85511EF0A818BFEE89CB777421B2579A94EDC21A43438DBA4EA92F948E09AD1D,ABSENT,,ABSENT
c/kis/w/p1.wav,frame,PRESENT,30312,DBE8C7177E9676F3D54D474CC826A93DC963B88BB6B42E742CAB8E7D2B0F1D94,ABSENT,,ABSENT
c/kis/w/p2.wav,frame,PRESENT,9508,B6E631FF30ADE681A7ED57D101E234047DC0C43B05D012B73178F244A7285A9C,ABSENT,,ABSENT
c/kis/w/p3.wav,frame,PRESENT,3628,6B8BA5E429EC2BF8DB2555B72A770893D2F8282D3141ED9539CF3AE4F0844977,ABSENT,,ABSENT
c/kis/w/p4.wav,frame,PRESENT,10208,6691DB0698DC1EE3FABC5C239B42C8D1BA78BC1646CF889A549412C7BC9F428D,ABSENT,,ABSENT
c/kis/w/p5.wav,frame,PRESENT,12336,40866E07C86FDC7088A80E724235FE557CA8EBCDA285AA4C73FBD3423FB090D3,ABSENT,,ABSENT
c/kis/w/r.wav,frame,PRESENT,6064,2E87664A3FE63FBE35C86021A3172AF72ADE3BF5D55F684E448BE1B503747C87,ABSENT,,ABSENT
c/kon/w/a1.wav,frame,PRESENT,8364,FFB74AAA8724CC3C6D70FCB405AD804A5FF23ECF3D9786A9672A1645AE55199B,ABSENT,,ABSENT
c/kon/w/a2.wav,frame,PRESENT,10284,78B6CB6F8ED5B00376B0FFFC0225BEBED271BF0550C37F862A142C5411501183,ABSENT,,ABSENT
c/kon/w/a3.wav,frame,PRESENT,25004,1879668F9E4C27C71AC40C72ECCF4C129BEB1072E2FC6329A25EEAD90D3412A7,ABSENT,,ABSENT
c/kon/w/c.wav,frame,PRESENT,87724,BA83593F153325CC48B4E4E521650944E8818F9B042838027D9C7B0A957EAD21,ABSENT,,ABSENT
c/kon/w/d.wav,frame,PRESENT,54444,E1392552B91D25656371D7F26078B7FF59B8666E1D41835E7DDBACF51A98CC66,ABSENT,,ABSENT
c/kon/w/e1.wav,frame,PRESENT,90924,E2DF20B1E8F535F8A4C629D268C898063C93422A802CE3C8993BD5B83DA22717,ABSENT,,ABSENT
c/kon/w/f.wav,frame,PRESENT,26924,5A668518863F148C2154DFCEE02C5E6D3CF136642D2FBF419DD588EC152F8A84,ABSENT,,ABSENT
c/kon/w/j1.wav,frame,PRESENT,47404,6DF1EC8A7F30B7C4A11F36F0399B26E47213713A84F42680F3ABB7771DAE4BEF,ABSENT,,ABSENT
c/kon/w/j2.wav,frame,PRESENT,28204,3B886CF5EAE80412E11CD195260B902B414289896E95B87FAAD9E172BA7A5DF2,ABSENT,,ABSENT
c/kon/w/j3.wav,frame,PRESENT,47404,C1FC127A619FA09E5FDCC93A9AFF81803D6FDE5A90ACC30A5F1FBD96DB4E7072,ABSENT,,ABSENT
c/kon/w/j4.wav,frame,PRESENT,37164,CBE5BFDF9DB2BB8946C2FA6268FC0A2FDAE7E289ADF4C99710156C5A7983DEA8,ABSENT,,ABSENT
c/kon/w/j5.wav,frame,PRESENT,63404,7E4199C457978D2BE367A5427B5EA71A88A6CCB7B2F4FB1258D6DC2459F93CF4,ABSENT,,ABSENT
c/kon/w/j6.wav,frame,PRESENT,64684,326DB9FF16DEFF2CAAF5B0D6CAD3390096B75FCDC909EB1AB9C13111F874A6F0,ABSENT,,ABSENT
c/kon/w/j7.wav,frame,PRESENT,44204,9947AC692E479AFF4C5439D478F4935F22D99C7009C13CA17D8F7517187ADD46,ABSENT,,ABSENT
c/kon/w/p1.wav,frame,PRESENT,12844,DAB36E246572FE3E6A755C0B42312DF3B2801818E298F08B4E9E2A3D9F44E238,ABSENT,,ABSENT
c/kon/w/p2.wav,frame,PRESENT,37164,01B1604CC40E61525D8CCEE5403ED57B487CEE8C9F65F091D0A91AAE7C79F495,ABSENT,,ABSENT
c/kon/w/p3.wav,frame,PRESENT,30764,908492F434030EEA905856CAFD25EC77A008A5556C0BDE33739CD68386A42E2B,ABSENT,,ABSENT
c/kon/w/p4.wav,frame,PRESENT,48044,90A9C4332D66120038AB7561AF235D884AE21E3EA4CFF5057D5EF88471F4BFBF,ABSENT,,ABSENT
c/kon/w/t.wav,frame,PRESENT,119084,491E555BC4D1FF37808339CC106866CFB2A51502EED56E86ACADFBDD455D3A19,ABSENT,,ABSENT
c/lee/w/a1.wav,frame,PRESENT,5532,14933B1D6EE306228984E46EF0400655FCC21059C02DE5035E34C11E5F47AC05,ABSENT,,ABSENT
c/lee/w/a2.wav,frame,PRESENT,18384,6F2C993E5875AECF76A0560021A19A4D9D6BF9E643AF7B04A4CF7545234B313C,ABSENT,,ABSENT
c/lee/w/a3.wav,frame,PRESENT,3348,6BF0A64B9F4957E73F2C4D494DEF0C21BF1180AE7B93B1F765454C37D8748BC1,ABSENT,,ABSENT
c/lee/w/a4.wav,frame,PRESENT,8640,53DCA975228A0CD082504621CD4199556297732700DE8D09D8783C1FB4712067,ABSENT,,ABSENT
c/lee/w/a5.wav,frame,PRESENT,8640,2CA9C622770478E84A1E06326C8D7859907A1F13E3A948CEB05A52BC1E59D0B2,ABSENT,,ABSENT
c/lee/w/a6.wav,frame,PRESENT,10264,4EA6AF1CF37F628D188EE8150997903D0471407A602288B76EACE977D2D669BE,ABSENT,,ABSENT
c/lee/w/c.wav,frame,PRESENT,23592,D262CB20BD08C618B20F08134052B93408AE029E4B41814393D8421562B8891E,ABSENT,,ABSENT
c/lee/w/j.wav,frame,PRESENT,5812,3436273AB7C2D0B7574BD1CE9DC116DFBF9383C2DC04087132B50F281B83562A,ABSENT,,ABSENT
c/lee/w/j1.wav,frame,PRESENT,9816,DBDC49E80BBA3ECE9C110B3EADD49FD3364ECAB40484C6B4300F17D9623B9099,ABSENT,,ABSENT
c/lee/w/j2.wav,frame,PRESENT,14240,6A135AD0F85C302F59B9F12D42FAF79232595D697DE2802475C33F9AD4EC983D,ABSENT,,ABSENT
c/lee/w/j3.wav,frame,PRESENT,4132,11822CE8BAD891C0E0934DB0760F8013A89F7F1C2C3CA37B04CC8ABE1A9DD38B,ABSENT,,ABSENT
c/lee/w/j4.wav,frame,PRESENT,5616,0F59D0A28A54021609BA21ADE0852F9B3339888DACA8BE669A07EA2D513F4817,ABSENT,,ABSENT
c/lee/w/p1.wav,frame,PRESENT,29136,7BB80550A1CDEAF01FE1FA952DCEE4B33A7A58D8C5D3B981FABC3D80133E6F85,ABSENT,,ABSENT
c/lee/w/p2.wav,frame,PRESENT,7184,1D719C16ED869181FBB6D77ED512D25A80AF7CE342CA31D5A6A8E7E3F3C1B006,ABSENT,,ABSENT
c/lee/w/p3.wav,frame,PRESENT,4916,E1C3E94AE48A02296BDD6C3F8F101ECD24558DDF5C529F7A65C5F75859A7071C,ABSENT,,ABSENT
c/lee/w/p4.wav,frame,PRESENT,8584,CE1458235673212B82F4891EF7D8350510194E00D8508B3BC109B5C69BA7D14F,ABSENT,,ABSENT
c/lee/w/r.wav,frame,PRESENT,3768,B21FDC28645E95475D01FF8AC402332BB2129CC2DCCA4F7A8F1462C567332AC5,ABSENT,,ABSENT
c/min/w/a1.wav,frame,PRESENT,12716,76F9AB852112C68EE4037A75D5023093EBD2D90A11B46C203E7F453D8EC676C4,ABSENT,,ABSENT
c/min/w/a2.wav,frame,PRESENT,8108,1258219F3897CE6237946BA95D0D10F0B449C4974E8FA7EB69EBEA5E456C55F0,ABSENT,,ABSENT
c/min/w/c.wav,frame,PRESENT,46124,C400DD639073029E5DACF42ED9EDCC94E28D358BAD759391072D9A80040C2D0E,ABSENT,,ABSENT
c/min/w/e1.wav,frame,PRESENT,36136,9D6DCC077F5ECD479E139CFC26E587250E7E79304A517AB44803C4A99BF6B913,ABSENT,,ABSENT
c/min/w/j1.wav,frame,PRESENT,34624,1E85538BDE21967ECA26299829B8B77785A1894A6B2361F5F32BFEC88F91446D,ABSENT,,ABSENT
c/min/w/j2.wav,frame,PRESENT,12716,94C72B33F4A953898C614F7798B41B16037CA2872C88D05418CA07CF8F76E32D,ABSENT,,ABSENT
c/min/w/j3.wav,frame,PRESENT,15020,8A401F28F9D310390E54F2190B247BD4D95D1B835A36B38DB0D02C97A2418EF3,ABSENT,,ABSENT
c/min/w/j4.wav,frame,PRESENT,84394,B2364B3B3BD727AD2DFA644D925D4C7CF7BFD834217F6864FC2347A4CF0D4897,ABSENT,,ABSENT
c/min/w/j5.wav,frame,PRESENT,32300,99DE611896EE68475EE616071E214C91562A9E169D7C88D658F43178EC48FC51,ABSENT,,ABSENT
c/min/w/j6.wav,frame,PRESENT,124460,8BFC6B83CE25AC828042465D90547263F8C47443FC9A2D0039E084BF6A35903D,ABSENT,,ABSENT
c/miz/w/a1.wav,frame,PRESENT,72044,F403CCEE71A3B393D19C94EC973628E9B3758F06A276ECB892306E1294A56731,ABSENT,,ABSENT
c/miz/w/a2.wav,frame,PRESENT,69258,64D72FFA13C82E4A208ECFCBCED9C3B1840D0A5B0E3BA229D7585C4901C8CE09,ABSENT,,ABSENT
c/miz/w/d.wav,frame,PRESENT,154330,BD5BED89311E335086C2BA973E1D1ABA10637A78ADFB7C5458606A337ECD68C0,ABSENT,,ABSENT
c/miz/w/j1.wav,frame,PRESENT,84044,3BD0123190A7AA0B7988C8C3B81CDEDB9FA18BEF8451DF3B2D9384D3A4B2F3F3,ABSENT,,ABSENT
c/miz/w/j2.wav,frame,PRESENT,93258,765787CD8FC66E1C7133DC3539CD906F42E053351AC957E4BCACD401B1A9642A,ABSENT,,ABSENT
c/miz/w/j3.wav,frame,PRESENT,41186,5652E7FD73FB2CAD4712B188F1421B21045E58969D3DD45D4611ACDB68AB8730,ABSENT,,ABSENT
c/miz/w/j4.wav,frame,PRESENT,74400,E1B79D582E8B098470A056DC138CC8EFA4315C36D170718B6122B2EA1F7CFDDC,ABSENT,,ABSENT
c/miz/w/j5.wav,frame,PRESENT,77186,80F8771B8D7C5B3D47DE9B048950C052BBE5BEA471F80829023CD51DC79FA422,ABSENT,,ABSENT
c/miz/w/j6.wav,frame,PRESENT,65402,02013352F7AA27C2B1B03C031FB9C5148F3C12997AA0CCC3539458BFDB495F93,ABSENT,,ABSENT
c/miz/w/j7.wav,frame,PRESENT,55972,17816ED18F25700B5924584256C3D1BDCF22A015F28284CCEF9AD156B66D9F19,ABSENT,,ABSENT
c/miz/w/j8.wav,frame,PRESENT,63472,D1FC628F4EBA015B73FB44321293C02071FBEF97652C6EE8A01A8C112D8F3118,ABSENT,,ABSENT
c/miz/w/p1.wav,frame,PRESENT,17186,9169564009062DDB60D793F2684B0F1A5BC46797273D104721199DC4E2157850,ABSENT,,ABSENT
c/miz/w/p2.wav,frame,PRESENT,17186,17AAE90625F44326ED3F3B18AAEC3B6DBAD16F363064E25E11F9166717594CFC,ABSENT,,ABSENT
c/miz/w/p3.wav,frame,PRESENT,22330,1FBD98678EEAF81F5919F6855399B208F008AAE36CEEFC7FDE7FF4B176C318A9,ABSENT,,ABSENT
c/miz/w/p4.wav,frame,PRESENT,54900,0475E674E050DB675B847888EAC006A8F9346F2F7E85DBD9F22917E31FC51E33,ABSENT,,ABSENT
c/miz/w/t.wav,frame,PRESENT,72044,5AAF00F641FE18BAA2DFD317F18AE57E24DD6F17B05F64F15F80FA0A4AC79169,ABSENT,,ABSENT
c/nar/w/a1.wav,frame,PRESENT,5280,EFDAAE38240E9F91C9A0E87E62E3F948F3D2516A167963616BE3D6D60BA132E2,ABSENT,,ABSENT
c/nar/w/a2.wav,frame,PRESENT,7996,62E5FF46DC3000D2C87D946570605878097FDAAAC22BB5929D1D11B6B7A5232F,ABSENT,,ABSENT
c/nar/w/a3.wav,frame,PRESENT,6512,36DE31C64345013ACE24E1D0590758055D1E74E3D51A51408733220D6A99159E,ABSENT,,ABSENT
c/nar/w/a4.wav,frame,PRESENT,4552,B74EBC1FD2798A4625BFBECA4E70EC946B44C3B329FFB99545E65F122727D6F2,ABSENT,,ABSENT
c/nar/w/a5.wav,frame,PRESENT,7240,7A4EB7FCF0B5D38F5C81FE89C6D25B7426979F8203ABCF54BB1ACA59DBF7DCD7,ABSENT,,ABSENT
c/nar/w/a6.wav,frame,PRESENT,4832,6539064FE42C5FEBB20426B01DA8B8456FE19FA81E18AE848D7FC44A1D299B86,ABSENT,,ABSENT
c/nar/w/a7.wav,frame,PRESENT,3096,62DABF2DD6EEA06A042D806D3991625CA30822C096C3BE72B723C935ABEA4CBB,ABSENT,,ABSENT
c/nar/w/a8.wav,frame,PRESENT,13682,C054C2A0770ADFE579DFB493675D21B85BCF3E4A31C9DA4EFE206A3D166942C3,ABSENT,,ABSENT
c/nar/w/a9.wav,frame,PRESENT,36026,8E8AC5EF7B907713CD28C19364107F9E507F11AE1C7D1EBD68278AD3C3F318A4,ABSENT,,ABSENT
c/nar/w/at5.wav,frame,PRESENT,13066,AA99C8A84B471F21AE9100F171B6FA7C839549E55C7BD4F7E658CA73A46A660A,ABSENT,,ABSENT
c/nar/w/c.wav,frame,PRESENT,29360,5415D3458792F4537AB6AD8165FEDEB7D48590FDCA81B04B2336A097FBFBD03B,ABSENT,,ABSENT
c/nar/w/cla.wav,frame,PRESENT,85970,CA521A7C4E1A68FC5BB5E4B577F74B73734E6AAB5B20AAD82B37E8132B31DE96,ABSENT,,ABSENT
c/nar/w/csp.wav,frame,PRESENT,7354,22AA5AC847E665FE6D8257ACD133CFFF0A70E750C910B5B572C3303B0BA7E3B9,ABSENT,,ABSENT
c/nar/w/e1.wav,frame,PRESENT,29584,FB0172ADDEC096C365CBC6B3B71CF3CCA21EE6F3134F8D7914F782F6D1F39D62,ABSENT,,ABSENT
c/nar/w/e2.wav,frame,PRESENT,68000,9B3986634F0ADB38EFE0CE8D16B6D8DE3A68C109B18E9FB98ECD8752DE94E6B2,ABSENT,,ABSENT
c/nar/w/j0.wav,frame,PRESENT,71842,3D5471DC61B3FADC770D8AC2549B0BEB5A95E8068D7AFBE575C8CE8BDED6E6AB,ABSENT,,ABSENT
c/nar/w/j1.wav,frame,PRESENT,36248,166B14E0E02F03E73926B27E58C8BBAD6B576B5DB2424FA0945F96C8B0AF8A10,ABSENT,,ABSENT
c/nar/w/j10.wav,frame,PRESENT,47282,C11043020244166B348482F80F46B4BC5F6D2C430594051C6D3645ECC44BBFC6,ABSENT,,ABSENT
c/nar/w/j11.wav,frame,PRESENT,109392,84ACF832823FE29B0D63962544EA3CE6B5F8FDE1E32415718050C94D6FE6D2FB,ABSENT,,ABSENT
c/nar/w/j2.wav,frame,PRESENT,13960,22506CE0267DCD9A4FDBD96DD1EB800CAEF0ECB546A9CDCD61FB476A74C2AF53,ABSENT,,ABSENT
c/nar/w/j3.wav,frame,PRESENT,15248,D21CE65688C24EDFCEB280C9E28BA45A847057786ACA7C89D523C7B07E0B0538,ABSENT,,ABSENT
c/nar/w/j4.wav,frame,PRESENT,14856,82DE22B5BC69D370BDC71872CF44F8AD85F5CB0211CC1284013C8C91B7B19797,ABSENT,,ABSENT
c/nar/w/j5.wav,frame,PRESENT,10628,F10F54AB1689FF0AC95CC297448D721EFF74152359570556DB0296D0F8EDDED1,ABSENT,,ABSENT
c/nar/w/j6.wav,frame,PRESENT,21072,E1E3551468248F62939064751807C9C74E0AB34E1CABD378406D3AE7631A4714,ABSENT,,ABSENT
c/nar/w/j7.wav,frame,PRESENT,12812,44F340A1F60663DBC0726AC2B0D88B3F0358E33BE1C6E07B01157D53F3D4FB21,ABSENT,,ABSENT
c/nar/w/j8.wav,frame,PRESENT,18888,9E501683D30CEB4C47A0EEC2F3B5396107193DCAC06F229ED20D5777D520EE90,ABSENT,,ABSENT
c/nar/w/j9.wav,frame,PRESENT,26002,0F523D40C0C4E3FAB69931968F021255E32312FCC9968464425637959E39D4F5,ABSENT,,ABSENT
c/nar/w/ju6.wav,frame,PRESENT,39498,DD056DEBAEDFD5D920DF335AB625EA9E91AD090D331D48CAFB4DE852E150513D,ABSENT,,ABSENT
c/nar/w/ma.wav,frame,PRESENT,41066,6F84B051EFBA2A9BF6770D9D5D24C6A94E4F9152369503C26D7615A70529887E,ABSENT,,ABSENT
c/nar/w/p1.wav,frame,PRESENT,4944,152EC8381E8096A036CF69006DA19C83B240D57C6F5C0783313FA74A0847CA2D,ABSENT,,ABSENT
c/nar/w/p2.wav,frame,PRESENT,4132,7DFAD4B8940F5E10318A77DC738B9F74F33C24B4D77C9DD7CC80D752F1DC1521,ABSENT,,ABSENT
c/nar/w/p3.wav,frame,PRESENT,8304,9507AEAB4C5E5835946E40285F962F5271E7DC7EB7D176D690BC78359BCC2440,ABSENT,,ABSENT
c/nar/w/p4.wav,frame,PRESENT,16676,2FEB77B280CEFE0ACC16D05B53F843B38016471FD1889FCCFA85B54473F85FC9,ABSENT,,ABSENT
c/nar/w/rt.wav,frame,PRESENT,15810,A36BD809598F69F24D03A112BAEACE7FB2209E1696A9CD9E62F6F89CBECD5E98,ABSENT,,ABSENT
c/nar/w/sn1.wav,frame,PRESENT,17484,98D56CFE81E49F329CF1C9223636CBBB3100457E1ECA9269A795C97F355C6FE3,ABSENT,,ABSENT
c/nar/w/sn2.wav,frame,PRESENT,26412,037B4417BD3B159556B26138CF19489E81AEE2A45035712292B32C5323E00474,ABSENT,,ABSENT
c/nar/w/up.wav,frame,PRESENT,18834,7B6579BF15D11C68BC9E8731188875FAFBB71F1A0D363C07327CF3C1F61B4EBE,ABSENT,,ABSENT
c/nej/w/a1.wav,frame,PRESENT,11916,F4EFD7B62101993A35AC9A7B071E1D59BE66F846001061AE3E4F1A268045685B,ABSENT,,ABSENT
c/nej/w/a2.wav,frame,PRESENT,3432,416C1E61DFCFC2225E0226EA6CEE60F419EDBC796240C0816B0E1A1B0C66C964,ABSENT,,ABSENT
c/nej/w/a3.wav,frame,PRESENT,6484,CAE5D9295EE87E77767413BCA2B82E1632EF3B892BB75430B7C43BD7BE8BC65A,ABSENT,,ABSENT
c/nej/w/a4.wav,frame,PRESENT,9900,1C644548B9F0AA7D0D404F8D34323A96585F341640F0F24991B8D6592C360A92,ABSENT,,ABSENT
c/nej/w/c.wav,frame,PRESENT,15248,0C9CCFAD4A3A7B26301CA2E084ECB53E8C9AC831B01B2456A9743815E59A86F5,ABSENT,,ABSENT
c/nej/w/d.wav,frame,PRESENT,3684,6DFFBA4E0B763E7C66170E9FC943C6A44A4CEA2B268ED677C5951AB9EACE1E24,ABSENT,,ABSENT
c/nej/w/j.wav,frame,PRESENT,4916,394C57F95C19F3702A1AA21339B8760CCA39E9173B4FFDABF85E491C7B8C8E28,ABSENT,,ABSENT
c/nej/w/j1.wav,frame,PRESENT,30764,798F88482124D2593DD3DFC281496D714BA37884739890DBE060DEB0AD276404,ABSENT,,ABSENT
c/nej/w/j11.wav,frame,PRESENT,21716,E32ADF8D1AC1D96DC414080510EE1A7D3095B8D5F104B3F60D36675741C0601A,ABSENT,,ABSENT
c/nej/w/j12.wav,frame,PRESENT,61644,2C6AAB0FFAE418080AE4823F279EFE96A56DC054D40FDDB804E681CBC8A15659,ABSENT,,ABSENT
c/nej/w/j2.wav,frame,PRESENT,35884,149C36923C978BD5672EDE9E2A53BBFAEDC12EC917FDFF93AFA3E0F9E9080293,ABSENT,,ABSENT
c/nej/w/j3.wav,frame,PRESENT,36908,03E70557C400669B85153A895CEDA9372D69565E340D3C7BBE8C05A999B79ABF,ABSENT,,ABSENT
c/nej/w/j4.wav,frame,PRESENT,44076,201C3BCE10CAD5B083CA881F4C9FB3DCAC7D44463A0D68A434979CF07165BD0D,ABSENT,,ABSENT
c/nej/w/j5.wav,frame,PRESENT,62508,567141D8C5E59B1E1411613C87DA3CBFF1A9B3B36AC0D7EC330529CEE0DE5339,ABSENT,,ABSENT
c/nej/w/j6.wav,frame,PRESENT,74796,248728B2B6CF9822328C8A9793780652A57D175605F3BF35799B3B5CAADCBC25,ABSENT,,ABSENT
c/nej/w/j7.wav,frame,PRESENT,21156,50DBDB960D6EEB696D4B0726B478D79B9AD4596DC433110351E56B7F8C60FC27,ABSENT,,ABSENT
c/nej/w/j8.wav,frame,PRESENT,12448,E60AEBAFC7BEF401E27A58DD9E79DE194C6315F5DEF0D67E016DDD0A33852C31,ABSENT,,ABSENT
c/nej/w/j9.wav,frame,PRESENT,13484,107352D9D8EFF709D1F9C2D3EC06841BFEDA99401C0BCC5ADF54459938143FDB,ABSENT,,ABSENT
c/nej/w/p1.wav,frame,PRESENT,8668,C0269A7DB10298ECC674AB5B133EC7E2DEB1B588A99F625E3AAFC5A4977D94EF,ABSENT,,ABSENT
c/nej/w/p2.wav,frame,PRESENT,9340,F7D16F6C3BCB3DE9AA0AB8BD67B9D63E02EB191CAEF2AE946DC1F7D01C19BAB8,ABSENT,,ABSENT
c/nej/w/p3.wav,frame,PRESENT,6176,0F96ABE515999F5797F7815C4C6345F40183C3FDB60A82A1A37E6DBEC4E461AD,ABSENT,,ABSENT
c/nej/w/p4.wav,frame,PRESENT,5140,092797A9797564521D8CD2370513D44D0DD81621DAF2B08971EAAFB22880148B,ABSENT,,ABSENT
c/oro/w/a1.wav,frame,PRESENT,30536,9180794722AEB017AAB4BF963C6E48405E233C3B74D73711E0B156E995FB8E6C,ABSENT,,ABSENT
c/oro/w/a2.wav,frame,PRESENT,12196,0C8B549AB3952B4B6E51047BF0956E82538BA01776E8BFB78161698F1165A580,ABSENT,,ABSENT
c/oro/w/a3.wav,frame,PRESENT,7072,693A197DB81706A122920D03F9B74F499FD8759A01F8C94F3AA4C9F2F86BF490,ABSENT,,ABSENT
c/oro/w/a4.wav,frame,PRESENT,5476,0AD85776DDB240EF57A67D001EC99B232A1C3417DE6444FCD533AC4E762DB48B,ABSENT,,ABSENT
c/oro/w/c.wav,frame,PRESENT,19056,C8657DC593AABFC1251D9CE19CFA4E9CE16BED68CB6087B031283430EBAD3E2F,ABSENT,,ABSENT
c/oro/w/e1.wav,frame,PRESENT,21660,EF076EF7BC682BB7A13FE1D2F73E1D17A05E08BC0C306DA14ECEF995979B6B5C,ABSENT,,ABSENT
c/oro/w/j1.wav,frame,PRESENT,11916,82BBE184B95D832B6652DC4AF05B51BE3F3C1F8F9627D29C5ECE9E50BCFC8CDD,ABSENT,,ABSENT
c/oro/w/j2.wav,frame,PRESENT,8724,7A65B4729EE22EEA3C9CA9114AFC5BFD331E76FDE0F5EDDEF4C0218998A5AB8F,ABSENT,,ABSENT
c/oro/w/j3.wav,frame,PRESENT,5924,30C4AF36E27B47C72D7E2A6AEFBE03DBF7C6D7407EFA180B7446D0143AA0F5B2,ABSENT,,ABSENT
c/oro/w/j4.wav,frame,PRESENT,25244,88B7A4B5EA275629FA1FDCABEC114AB8CC4A077CCE375704C97CA3C6D5647D2B,ABSENT,,ABSENT
c/oro/w/j5.wav,frame,PRESENT,32776,877664AD932E714D0ACC2616ED58DCC274081C6046DD79678C45933F440DA2A0,ABSENT,,ABSENT
c/oro/w/j6.wav,frame,PRESENT,15304,DF8F696AB78C858E9B0D8D3A1415DE932D024F1A245F2DB3DE89063EC7C6B6ED,ABSENT,,ABSENT
c/oro/w/j7.wav,frame,PRESENT,30844,DED3C533C8465A1B24788A1F13D39E0927E28769DE8B9ADD5179F04B6316D5B7,ABSENT,,ABSENT
c/oro/w/p1.wav,frame,PRESENT,9760,498B2AD55CCC76847ECF4164FFAFF8A38CADF3635B72519E2EC2BEB3F0936363,ABSENT,,ABSENT
c/oro/w/p2.wav,frame,PRESENT,8444,D892F079E0FE542C7B89B07C3F5C011360C960D0908687226AB0BDAC5D6844BE,ABSENT,,ABSENT
c/oro/w/p3.wav,frame,PRESENT,9844,922EF6166A197029112E1509537C41335AD011742ACE47C9C5AF71240F40A873,ABSENT,,ABSENT
c/pai/w/a1.wav,frame,PRESENT,9836,B808E4A4EF1C7B747BE1165D2EAEE4701900E14D3052BDFA672C04669B9FEC6E,ABSENT,,ABSENT
c/pai/w/a2.wav,frame,PRESENT,9084,CDAC272F57B41E4D541493278F7C862D5FCB586F19FBB33082950ECD95154E01,ABSENT,,ABSENT
c/pai/w/a3.wav,frame,PRESENT,20012,23D7AE14E6D4E2EADE133A15218EC167642B066376B7C442A434AE1AA8806287,ABSENT,,ABSENT
c/pai/w/c.wav,frame,PRESENT,11820,FC6B1EE73C07F40CDEC6C86F68B701DB4EF419142E6CEDA2489179E5488870D2,ABSENT,,ABSENT
c/pai/w/e1.wav,frame,PRESENT,41044,94F0306D0C5336D6F4F85DAFB6BC3F8927BD2089604C2327A4730AFABB212295,ABSENT,,ABSENT
c/pai/w/e2.wav,frame,PRESENT,153934,18C92EF2FECDC638D375A7039BB93F069C6BEBD1BAD230CA1C4FF0E853E7B2FA,ABSENT,,ABSENT
c/pai/w/e3.wav,frame,PRESENT,83084,BACE78EA111F2B1F2DA5053029B90122BF7A061E136425A684AA067EB7CEAEA6,ABSENT,,ABSENT
c/pai/w/e4.wav,frame,PRESENT,205292,52D87C5005BEFE7BD4A181E2D78691574A4A3409F11711305FA303C85665BA70,ABSENT,,ABSENT
c/pai/w/j.wav,frame,PRESENT,10988,D6648F4DC0BF6105CE420A889C2E01F03D5C79134895B0D0B78698B6EB6F4759,ABSENT,,ABSENT
c/pai/w/j1.wav,frame,PRESENT,69788,C9C5F7824503AFEC9D8937FA3CD2EAB2F59D78F603BB2990B21A313E44F0F553,ABSENT,,ABSENT
c/pai/w/j2.wav,frame,PRESENT,25132,90974CF85673852BEDB6F1B79FC5FD48115EECEBE1B183EBFD62AFFE2E4F548F,ABSENT,,ABSENT
c/pai/w/j3.wav,frame,PRESENT,56876,7DCF84299C7590001278F0F2B156EA29DC169092AF6901C343B57E26853B4DF6,ABSENT,,ABSENT
c/pai/w/j4.wav,frame,PRESENT,62508,33B7A196A58E90ED0CEE300D9734CC2BD5C8BE75D32E6F3501BB8964D593F0E7,ABSENT,,ABSENT
c/pai/w/j5.wav,frame,PRESENT,30764,C51A669FF8D45AB2633CE0439E5C09C697998C5242D412D46755FC77AF805425,ABSENT,,ABSENT
c/pai/w/j6.wav,frame,PRESENT,31276,E1B79DD3F6828C3CF8A733CD3F1F4C1395309C2A4BD8D51C1B802A5A6FD6F1F4,ABSENT,,ABSENT
c/pai/w/p1.wav,frame,PRESENT,16428,0B9582915985FDC3585F625038F19653696D6FBC1EA46ABDA0DD7A4DF8992B75,ABSENT,,ABSENT
c/rai/w/a1.wav,frame,PRESENT,6184,1431EF19A749B279EEA44564DF9416F0FCAD57AC71195F8711B58C078B9965F2,ABSENT,,ABSENT
c/rai/w/a2.wav,frame,PRESENT,4728,794990834736127047803259A9F976B4DEE781AB07B7710675B0FDCCBA74E407,ABSENT,,ABSENT
c/rai/w/a3.wav,frame,PRESENT,4868,29C5FE1B8298F64BEF2E74AA9F3ACBFF50FE76D10BB349CB6B7AFF22CC05138F,ABSENT,,ABSENT
c/rai/w/a4.wav,frame,PRESENT,5288,1728A280BEB2BA553D44F601A86706FBD056A746B13A0B6097BBAC32822143A7,ABSENT,,ABSENT
c/rai/w/a5.wav,frame,PRESENT,46764,AD442ECD0A23D219316BB87B7401325D3399A9AF25931A65B0D5CC912A71275E,ABSENT,,ABSENT
c/rai/w/c.wav,frame,PRESENT,32588,52756B5DC56A6F684B83DA12BEB539E38FE168D5038CB47705495A9563FF44F6,ABSENT,,ABSENT
c/rai/w/e1.wav,frame,PRESENT,19292,B87D28646CEBABC7CE73117EB3C255631EC8145B047FF0E92618602C1C2443B2,ABSENT,,ABSENT
c/rai/w/e2.wav,frame,PRESENT,31504,16589F3EE96DDED01E6B2E7B6EA71E578C865797CE9F9FA7DEEB8600EE0FC28B,ABSENT,,ABSENT
c/rai/w/j1.wav,frame,PRESENT,9460,F9ACCD57D8A25AC655B8C9222876B8A1E5291BE60E3C119476FCCDBD8BF6C4BD,ABSENT,,ABSENT
c/rai/w/j2.wav,frame,PRESENT,64044,DFA2AD7D888E36005B1449217C4CB978D63AA6861DCF8DE4FBF75A26BE3E4E2F,ABSENT,,ABSENT
c/rai/w/j3.wav,frame,PRESENT,46124,37624D0A99A0DAB847FC05F60E3ECEEA59182ECE55EDACDD7A53C3F2301E1C8E,ABSENT,,ABSENT
c/rai/w/j4.wav,frame,PRESENT,78380,599DE551A738B6210D20568FEF5AEAA3C875A35412EC039E9322672207704C36,ABSENT,,ABSENT
c/rai/w/j5.wav,frame,PRESENT,67244,E98BBF07127DF184B49712735E3F7DA75AB85AE4FF67471A1114F881BB1D9F47,ABSENT,,ABSENT
c/rai/w/j6.wav,frame,PRESENT,75860,29EDC1E3CE3C64D0B5B3A2304F343641A01E6699C73E543E51217C260C5ED941,ABSENT,,ABSENT
c/rai/w/j7.wav,frame,PRESENT,94116,EA55FF39EE608F1F8A0BADB222CBFAEC6DFAF573BEF2C56E96918137A3EE661D,ABSENT,,ABSENT
c/rai/w/p1.wav,frame,PRESENT,9432,0B22AE1C33EF4A239C529EB01ED950AEF3039A4E51D742B87A7B9E392F428E16,ABSENT,,ABSENT
c/rai/w/p2.wav,frame,PRESENT,7108,A290F02DEDF3206A3AD2D468BA6BF88C9BFC527AAF2F1BFF0B79676CAA7CA95F,ABSENT,,ABSENT
c/rai/w/p3.wav,frame,PRESENT,13548,CFFA2AE57D2B074BA018DEEF4AE12FD45FDFF01DB24F77CA80581821EC76747E,ABSENT,,ABSENT
c/rai/w/t.wav,frame,PRESENT,119958,58FEC120357B306F956519BF6DCE79BE20FBBBCDDC4CAF81016EE5B919594C26,ABSENT,,ABSENT
c/rai/w/t2.wav,frame,PRESENT,217388,952F6F0E713DDE6337B7CECD34877BE0A735BD04258F9382288EF390569FFE9C,ABSENT,,ABSENT
c/rai/w/tm.wav,frame,PRESENT,118134,54BA1B7D260225238A7DB47E66541691255B07DA6765699C7491172E836ACD4C,ABSENT,,ABSENT
c/sai/w/a1.wav,frame,PRESENT,6540,E86A0D85D43D22C004D9D51888111DE88E9303DED6651148D1363EEDC7C59EEA,ABSENT,,ABSENT
c/sai/w/a2.wav,frame,PRESENT,6008,8FBE1ECAC89EF67F3FE098BC5EDB2F9723803B75DED938F62AD751EBC4867ABA,ABSENT,,ABSENT
c/sai/w/a3.wav,frame,PRESENT,4272,A3430FD33F85AE66E20A29DDA124E4D8E295130B2FB1B8B8CEDBF3FB0480AB24,ABSENT,,ABSENT
c/sai/w/a4.wav,frame,PRESENT,4916,B795F7AC07300ED6030AD6B4E24F0B2BBBF1AE62148B6C16B780C5738F2E1D66,ABSENT,,ABSENT
c/sai/w/c.wav,frame,PRESENT,24712,1A6B66704B6156ABAEB17DAFBF875AB2CB575A394B54806D8F066C79F1E2EE64,ABSENT,,ABSENT
c/sai/w/e1.wav,frame,PRESENT,10901,1278B6E6D7889BCA79651CD6B79297E267DF7E803B14FBA0FD3B511816847B97,ABSENT,,ABSENT
c/sai/w/e2.wav,frame,PRESENT,70580,48D73A9DB5F724747BB9D9CACD8D23D5B8099EB1F3DC7E4346B5FCEE91682F51,ABSENT,,ABSENT
c/sai/w/e3.wav,frame,PRESENT,34708,4D95A5B372DCA078AE1336EC0401E43C5CCCB7337376712008C1E21B1167E9FD,ABSENT,,ABSENT
c/sai/w/j1.wav,frame,PRESENT,7520,6475EB237C8D2E9BE96FB41F1DFD574CC296CFF9066AC6F437FCDAD848A18713,ABSENT,,ABSENT
c/sai/w/j2.wav,frame,PRESENT,13484,29AE173C3B2182414A6DE7DB20EF1FBAC894BE132391A8428C7DD7794A43E70D,ABSENT,,ABSENT
c/sai/w/j3.wav,frame,PRESENT,15276,3B9038D8E3C6DC2A31F6836C4BFF5712486F87763EF8732B4128F7BB74428094,ABSENT,,ABSENT
c/sai/w/j4.wav,frame,PRESENT,18720,6ECF6DB64648EF803D3AFE645AA39D26376A95FE4D09232A6A9BF9C7AA6C62B9,ABSENT,,ABSENT
c/sai/w/j5.wav,frame,PRESENT,38656,03BA044D2ECEF0C4668EC07CB90A3787C0FB8DE113F9D59B9A6AFFB5AC0B8731,ABSENT,,ABSENT
c/sai/w/j6.wav,frame,PRESENT,13904,CEEA5900DFE2892F87EDE0D15639AEB453D68D2FF4112182AF3D8679625C0704,ABSENT,,ABSENT
c/sai/w/p1.wav,frame,PRESENT,11524,01256BD3E4A7E2270D2C46E4936EDC2215164DE821ECA1A2CD69375276DC8DD8,ABSENT,,ABSENT
c/sai/w/p2.wav,frame,PRESENT,2984,6DE2DCA76AA95483A0CAFFA2E077A5AA9FE5538DD8626F48ED4E8CAABAA0E967,ABSENT,,ABSENT
c/sai/w/p3.wav,frame,PRESENT,8388,254C37DB949EEC4311C2B4E3E1CDB32100AB821A36937D61CA8116360C130196,ABSENT,,ABSENT
c/sako/w/a1.wav,frame,PRESENT,7372,A5D72195F51FD2B5113D36BCD68CA4DD21B7DD3B973E4CF74E17CB5294048EDF,ABSENT,,ABSENT
c/sako/w/a2.wav,frame,PRESENT,7616,58C748E6343229992E13A7D87EEF1C790B0D9D15A6FF4374D2E13B3A175C72E8,ABSENT,,ABSENT
c/sako/w/a3.wav,frame,PRESENT,15256,290DAF6C624438870F0754AF1B07ECAA66B926DE0F8FD7DDA42B6A6FBFDEE1DF,ABSENT,,ABSENT
c/sako/w/c.wav,frame,PRESENT,249890,9D691EA4F716855CCD80F68553B74B7897405667E774C9EE45CE6F081B788179,ABSENT,,ABSENT
c/sako/w/d.wav,frame,PRESENT,19482,A33694269B053548FC1C5FCC9CF3557A58A4B76A10ABAF6E9980DAEF0816A96D,ABSENT,,ABSENT
c/sako/w/da.wav,frame,PRESENT,19400,A66FD6FE467A0419E19E9A08535CD42CC66649783EC5105D9DE4A4EC640947B9,ABSENT,,ABSENT
c/sako/w/j1.wav,frame,PRESENT,19562,7F612F505D82C48A5CA7C7C6E38AAF08806C97CE23A83AC42F8237A4F8AAA4A5,ABSENT,,ABSENT
c/sako/w/j2.wav,frame,PRESENT,20538,7FD1E8FADACD54C8621C297C533E7CD82723929A50AA081B3DC5355C9C30AEA8,ABSENT,,ABSENT
c/sako/w/j3.wav,frame,PRESENT,30900,03EB01A098B6D58B4E8EB288339C8A38A33070CB969859CA9ADD8E4AF4036959,ABSENT,,ABSENT
c/sako/w/j4.wav,frame,PRESENT,39270,907BC44E2274B9FD7955B736CF39B8B39A6BA9CD2433F1F15E37E2200AF85C34,ABSENT,,ABSENT
c/sako/w/p1.wav,frame,PRESENT,11598,D27DE0F5B9A7222C203646175F68A539DD9B69E8192E3129FFC514931542EE41,ABSENT,,ABSENT
c/sako/w/p2.wav,frame,PRESENT,18872,5770A450ADDD40082061C67FA39A66C36D0CE4E813FBF6265648FABEDD25F1B2,ABSENT,,ABSENT
c/sako/w/p3.wav,frame,PRESENT,12532,633366F480A8841646C8A7F5B4DC2A5266014DDDE35EB562D5F45F2203DB4D2A,ABSENT,,ABSENT
c/sako/w/p4.wav,frame,PRESENT,7982,031A5660E812E056CA6B9E162CA8BE9061F3ADCA7D5F3A640AB1281DBB1D4BE2,ABSENT,,ABSENT
c/sako/w/ra.wav,frame,PRESENT,19482,3C684D416CE9E818CB862E9DBB5554D70A514E056967E7AE0067B13A4C85FA3F,ABSENT,,ABSENT
c/sako/w/t.wav,frame,PRESENT,48170,7E8D4382FDDA6C00ECF17231DEF72AB10B402F49733604D75C08C545DD056769,ABSENT,,ABSENT
c/sako/w/tr.wav,frame,PRESENT,56174,830624B750C192E7D325B1A687412B68958016AE5D070C3759CE6CBB3D737BC0,ABSENT,,ABSENT
c/saku/w/a1.wav,frame,PRESENT,18188,B507132C2DEC8AA064C8AE5D93C6D2B90DC4ADDBFBA0268A35FF9D90BCBD2B65,ABSENT,,ABSENT
c/saku/w/a2.wav,frame,PRESENT,24376,3A6F1C82CEB11D087231EFBFDA8418AB2CD21DE93884DE207F090E21BD829C90,ABSENT,,ABSENT
c/saku/w/a3.wav,frame,PRESENT,12252,2E3584463C8C904285E103120B2B06E5954167F540A83D39C2E998887A8275E8,ABSENT,,ABSENT
c/saku/w/a4.wav,frame,PRESENT,5896,BA32E9E9335090304778F1199A5E9B1C42FE0900BA5FDCDBA45FF907B72521C6,ABSENT,,ABSENT
c/saku/w/a5.wav,frame,PRESENT,3796,32930216FE2083D512E0A1B49C18AEE1E6EC170E5FD21246BC7D817D7F29D68F,ABSENT,,ABSENT
c/saku/w/a6.wav,frame,PRESENT,3516,8973EE8D201E8FD45772067725BBFC52574AE83CA5975AAA5F4DA9C1BAE20BB4,ABSENT,,ABSENT
c/saku/w/c.wav,frame,PRESENT,19560,BE832707E2E161545C880FD696CC88D01A0DF6303861A0CAAF13A418150738C9,ABSENT,,ABSENT
c/saku/w/j1.wav,frame,PRESENT,15864,E90AAE79384E69B2F441E020C24B5AD5BECEFADF5A41715CDB77AA37B1901BDB,ABSENT,,ABSENT
c/saku/w/j2.wav,frame,PRESENT,7912,73C3904DB1151FA86727860A4D6BD8B7FA52C70A5209D6B0211C59803780A908,ABSENT,,ABSENT
c/saku/w/p1.wav,frame,PRESENT,17320,71421D5D59C5F20DD787555D998206983701505BFE6E506A3D17431DABE86115,ABSENT,,ABSENT
c/saku/w/p2.wav,frame,PRESENT,8808,FA67B6B302CF5717036F15F71CA50B0B5D572C73497AD99BA2FD61FC57068014,ABSENT,,ABSENT
c/saku/w/p3.wav,frame,PRESENT,3124,A337F1CC0EC637790C6423AD6A0391B2509F2D4AB1563BAC503709EDA2607FAF,ABSENT,,ABSENT
c/saku/w/r.wav,frame,PRESENT,11328,4DDA6CA21CB19EDEB688085DB362B85056F68C00BC67A4D2081B84EF2A2D2B7D,ABSENT,,ABSENT
c/saku/w/sha.wav,frame,PRESENT,317612,2ABE73DDC1D5D4244AB27A046676B7658293E95DF3DF16B396524E104981125B,ABSENT,,ABSENT
c/saku/w/tra.wav,frame,PRESENT,494014,A6D36A499DBEAB218690BC3FDEE5071E5B97165D5DB34427116A3CDE8660EBC7,ABSENT,,ABSENT
c/saso/w/a1.wav,frame,PRESENT,15668,6350D6D1B1FBCA227EF3EACF735BEC6C0FA78341C9E73CAF5891C66C1AE55E27,ABSENT,,ABSENT
c/saso/w/a2.wav,frame,PRESENT,9620,BFDBE696F44D7E298232980F709E0E7D95CA07ACE3004225201A7674222EA97A,ABSENT,,ABSENT
c/saso/w/a3.wav,frame,PRESENT,10852,B66143B37225598CB7BB5BFA6D3FCFD708564C83F72C09CC5BFD037843830FE0,ABSENT,,ABSENT
c/saso/w/a4.wav,frame,PRESENT,3684,D76D7B365FA0B6EDB0B42885D18EF43A69538809D660C34573CDEB197B1CE803,ABSENT,,ABSENT
c/saso/w/c.wav,frame,PRESENT,28072,E7D1355DE7F076E088AE48506BDEE7117B3571B768ACF8719FA81AD4F672BA63,ABSENT,,ABSENT
c/saso/w/e1.wav,frame,PRESENT,63169,A06989A80A5A8468ABA79717C138C68F0EADBC51937961D1EBB143C8AC3E67B5,ABSENT,,ABSENT
c/saso/w/j.wav,frame,PRESENT,6232,B62246156349236E000CAA9FA047087D5F72AC588A6B3273AA61A6BA0C55F177,ABSENT,,ABSENT
c/saso/w/j1.wav,frame,PRESENT,80428,1270295D6468412FAE42AA420B651A4D54EB60E40CBBDBDA533EA56041CD43ED,ABSENT,,ABSENT
c/saso/w/j2.wav,frame,PRESENT,27708,829E6BEFF92E18B153308B0EBDD409F1A287DF47E50F771B1DE1FD5E8DEC6182,ABSENT,,ABSENT
c/saso/w/j3.wav,frame,PRESENT,51816,BAE74CAEF68A210D39D4E365E397E6B542A1F927533F21EAE9EFFC3512E97D6F,ABSENT,,ABSENT
c/saso/w/j4.wav,frame,PRESENT,86414,23DB481B84F87B6C1AD5E77223CC18E00180C6AAC103D0B24915D8639583AE99,ABSENT,,ABSENT
c/saso/w/j5.wav,frame,PRESENT,94246,B8925112D395CB3D9765507C1EF4F22CBE8C720875A1C8ED62C932FD85A44267,ABSENT,,ABSENT
c/saso/w/p1.wav,frame,PRESENT,13484,28DC93F10063D2251425973F1B89536CC209574F29D83870EEBA01A8C9167DE8,ABSENT,,ABSENT
c/saso/w/p2.wav,frame,PRESENT,3740,068C0BB999314230BC249E4F49469E7863E2EDF7E468F139B1E1CA95E174573E,ABSENT,,ABSENT
c/saso/w/p3.wav,frame,PRESENT,6316,070C9B320CDA57163DC02F9AE189FDD617B4763A92596769A24B647D05EE720F,ABSENT,,ABSENT
c/saso/w/p4.wav,frame,PRESENT,7800,FDDECB0C2F893100CB2FF69DD5B4B3A43FBE405642AFC35B1F544F804A68E447,ABSENT,,ABSENT
c/saso/w/r.wav,frame,PRESENT,20512,BEAF50EA0A8EAF12466DA1E043FF733DC97A74A5CD6F490A34A28837D1733411,ABSENT,,ABSENT
c/sasu/w/a1.wav,frame,PRESENT,9480,57E577DF64B05A9AAC6FFDB083C81BA609CD3BB0EFAC4C66A06D0CEB192A1387,ABSENT,,ABSENT
c/sasu/w/a2.wav,frame,PRESENT,7744,55B80E9F945132C468B7FB9549AEAB969D737E9C71160F2FEB60A90691D66868,ABSENT,,ABSENT
c/sasu/w/a3.wav,frame,PRESENT,18188,EF334BFC6578CC46359EAA6DD1FC9055592C59FAFC3F155B10DB34A525D4AD38,ABSENT,,ABSENT
c/sasu/w/a4.wav,frame,PRESENT,4748,587080CA6B38D7CA5EDE23C57DE5D8008C1A5EA65C58CD98D47F805981919591,ABSENT,,ABSENT
c/sasu/w/a5.wav,frame,PRESENT,5244,EA7CBFA35C6AC0F402B8E0DB1A10261A9CB0FEEE8FE4E69760E2DDF1D8C4C6A7,ABSENT,,ABSENT
c/sasu/w/a6.wav,frame,PRESENT,12330,5CE29336EEAB4FF53D2A6BDCAEE447BC3538AA051E5069DD1FB79FA8EFFADE4D,ABSENT,,ABSENT
c/sasu/w/a7.wav,frame,PRESENT,3322,14D28872B2C46A2AA2DF430E9B8C55611D64998B6D564D92C65E43093089CAA5,ABSENT,,ABSENT
c/sasu/w/a8.wav,frame,PRESENT,5540,8E9E28378F4DD01BE6FB54C608808B1E6AC3994CCE0095E58A3D3373934C09A4,ABSENT,,ABSENT
c/sasu/w/ama.wav,frame,PRESENT,48172,9ABE727C4181032E4E54F38B388E132A215BE373A27558D5961A73AADA21610F,ABSENT,,ABSENT
c/sasu/w/c.wav,frame,PRESENT,7604,29748038F50903E1E9C5B894C2256E12D3A106B3C49E100FDDED967D7E1E88F5,ABSENT,,ABSENT
c/sasu/w/c1.wav,frame,PRESENT,22300,CC2D36CB8DD9FBE214708756B047FEE1A7DD2FBF0C1E61E647987FABBEF44972,ABSENT,,ABSENT
c/sasu/w/chi.wav,frame,PRESENT,6740,89C3D9C5E9F7C9476AE29962480E0D03231CFA2A4D68D876C47EB40315779356,ABSENT,,ABSENT
c/sasu/w/cla.wav,frame,PRESENT,46492,F6BB031F56B1D4CDECEFE6A1F5F00DBA9CF44AF716476075AE63CC4109D32606,ABSENT,,ABSENT
c/sasu/w/j.wav,frame,PRESENT,2966,5C8A58CDE11668B0FF4225A21A96F8738F4825BA44158C76CA3E59106A10EE6E,ABSENT,,ABSENT
c/sasu/w/j1.wav,frame,PRESENT,12476,5FEC71519B156B59735FBB56C6134057D6EC940797102245AFF3B62CAC351270,ABSENT,,ABSENT
c/sasu/w/j10.wav,frame,PRESENT,19112,D904CD1CD812985ACDD6AD035B877C9C52B3855FF030E06BEB0B2BBF875F0659,ABSENT,,ABSENT
c/sasu/w/j11.wav,frame,PRESENT,18888,780DE90B928991F05F3D5B552732A9C31D79A83703574B55E3E642B8BA95DCBC,ABSENT,,ABSENT
c/sasu/w/j12.wav,frame,PRESENT,13232,503258608C1A36B53C266167A544329BCCC9D2D0C24B89CCAE8BFA31639F4A8D,ABSENT,,ABSENT
c/sasu/w/j13.wav,frame,PRESENT,17124,C6D621DD05C343F94A95D9F4FDED2F5A92F7BBCE23C0B4F96056883B2622C4E1,ABSENT,,ABSENT
c/sasu/w/j14.wav,frame,PRESENT,133624,C4F031CE70336D1D164CF53F85C6E95FE16D5E828D21359546186761D09D23EF,ABSENT,,ABSENT
c/sasu/w/j15.wav,frame,PRESENT,52048,4AF50758CDDFD3241E9575DCA12A268BAE7C32CAA02E8EC929BCD9D83A5A952C,ABSENT,,ABSENT
c/sasu/w/j2.wav,frame,PRESENT,12420,77BEBAA9AEA3F2E95291083808F7F2C58BEDE4438D51CE0C4146DA0B2B2203BF,ABSENT,,ABSENT
c/sasu/w/j3.wav,frame,PRESENT,14296,32152BBF8F46F09FB184DC32588DAB9DFC87E39D3FBE7AAE4513354F51DE6E3A,ABSENT,,ABSENT
c/sasu/w/j4.wav,frame,PRESENT,17096,7E9FB9421D2201C514B41345B582B15AE2FB33A18C6E6BEEDDC628AABD9937E4,ABSENT,,ABSENT
c/sasu/w/j5.wav,frame,PRESENT,15556,823AB1658E1EA63A532E51FCDAE227BFAEBCB13920680C7ABEE1D04FFA261A55,ABSENT,,ABSENT
c/sasu/w/j6.wav,frame,PRESENT,20176,515D9BBA5FFB8AFE8EE8DDBA0F9018E4D53D2F30D7956BADE1F0A4F7661071CD,ABSENT,,ABSENT
c/sasu/w/j7.wav,frame,PRESENT,22668,2E475594F30590851955042AF84C4B4F1B293F52AE67EA3BDE7BB658D0EB0EA6,ABSENT,,ABSENT
c/sasu/w/j8.wav,frame,PRESENT,28186,A730F7CCB47B52380120F2CF543C5BAFAB4567C72D484BBB5C247545FC6D6257,ABSENT,,ABSENT
c/sasu/w/j9.wav,frame,PRESENT,54092,2C2159A5B7ED991FF8AD066F358B0956526C501201A2A64166DFD46AAF30B947,ABSENT,,ABSENT
c/sasu/w/p1.wav,frame,PRESENT,8444,CB3D1CB3253A5EA7ED0F02EF75B72B0CC98C8B96F7B617D7D67AA0F52321AE31,ABSENT,,ABSENT
c/sasu/w/p2.wav,frame,PRESENT,13092,AEBF7684696A726CCAC982B9082D0B432F6A60A0B81600BDC76A19E7277E915B,ABSENT,,ABSENT
c/sasu/w/p3.wav,frame,PRESENT,12952,D1A4FAAF434D98116830144CE00D121D6A58478B8EA60187983E19D67A83E402,ABSENT,,ABSENT
c/sasu/w/p4.wav,frame,PRESENT,8556,B438FDE96738C3ACD77806640131D4CFB12DB49C234C69AA0CA44D390A5E96ED,ABSENT,,ABSENT
c/sasu/w/p5.wav,frame,PRESENT,5224,780E269436CA0FC0053EC76A5E8142074F8EE2E64D52887F322B07C7D6E6788D,ABSENT,,ABSENT
c/sasu/w/p6.wav,frame,PRESENT,12812,7ADEFA8A1E3D2130C06A1B9A4677E1637774454E8F167BF93E62E9AEE3E336D4,ABSENT,,ABSENT
c/sasu/w/p7.wav,frame,PRESENT,11216,0FF0432CF0F3E2F7DB71D21CF79B61C82EDF0F72CB06D39B703F36D9198FA50D,ABSENT,,ABSENT
c/sasu/w/p8.wav,frame,PRESENT,6736,8EA98CAEE57DC7C119469F29DF61FB0AF702176C9D86EDEFBD96F422224A9D14,ABSENT,,ABSENT
c/sasu/w/p9.wav,frame,PRESENT,2872,7AB97455A875C88C40557D1002DFE919928392BDAE178079FC3CA626B02945E9,ABSENT,,ABSENT
c/sasu/w/r.wav,frame,PRESENT,10348,A79392FD5235F47D933CA19B35C16D8FE29E6C9AEE2EB7679DA1091CC03B562F,ABSENT,,ABSENT
c/sasu/w/sum.wav,frame,PRESENT,47002,D8DD03737C5BF7E549DD6142EF5AD2D4867E143DADDACC27A185603645F0680D,ABSENT,,ABSENT
c/sasu/w/t.wav,frame,PRESENT,4132,84EE95523CE8A412CD089B02A180CF55C5800EEC0BE52CBA035CA4792B598D7B,ABSENT,,ABSENT
c/shik/w/a1.wav,frame,PRESENT,3124,D3738CDE3EA18DB8BCE8314437505D20991C28A16D9E2B7C6FB3701E760AE6E3,ABSENT,,ABSENT
c/shik/w/a2.wav,frame,PRESENT,2732,ED57002536D507FBF3EF4DDA45D5F47B5D39E5A6628E71228FF23AFA21969857,ABSENT,,ABSENT
c/shik/w/c.wav,frame,PRESENT,14268,C76CA6BB8DFDC1265DDECBCEB95E66C5C4D4FA88E3FF0397F71948C8FEF30F79,ABSENT,,ABSENT
c/shik/w/j1.wav,frame,PRESENT,12156,31192BBDD17C90A57DF1875E371753925A146672769A8C12332B2106F2B231A9,ABSENT,,ABSENT
c/shik/w/j2.wav,frame,PRESENT,107490,9271E64007766127ABBDB83E9107D995EFD8564C2697D711B4A8B0DC33E58944,ABSENT,,ABSENT
c/shik/w/p1.wav,frame,PRESENT,8780,823481F7AFCDBEEA39FD610A3E1E1B36D0418A8B549BAA54DD100B09DF24278D,ABSENT,,ABSENT
c/shik/w/p2.wav,frame,PRESENT,6316,76DC8F690A9C2F281B8237B86EE690F6CE3266F1A8EDB3619874CDE38E9E018C,ABSENT,,ABSENT
c/shik/w/t.wav,frame,PRESENT,67834,3649DA75DDFD6269C580093B74E4A47C98923B5643A206965BE3399E6DE2E4CB,ABSENT,,ABSENT
c/shino/w/a1.wav,frame,PRESENT,10628,947F3B2C640081984D798424BE05C48BB133ECDF58F74328842CE9B3D785FECE,ABSENT,,ABSENT
c/shino/w/a2.wav,frame,PRESENT,3096,4E3E478EC0B06199580809C95121F4603E430FE261351365584D3B7D9CB6879A,ABSENT,,ABSENT
c/shino/w/a3.wav,frame,PRESENT,4132,12B2F93D69E7812BAEACA92C3384192B2714A0ABCA2F3ADB0124874698C2DAC2,ABSENT,,ABSENT
c/shino/w/c.wav,frame,PRESENT,20148,D0B1C7CD1A0762CD736078467BC7C36430EEA9FB271C98DECB95334804605B71,ABSENT,,ABSENT
c/shino/w/e1.wav,frame,PRESENT,23340,A0352B54EA8D87E836242D6DE1E64DE25151A9C457FAF74AF209034AD2329DE5,ABSENT,,ABSENT
c/shino/w/j1.wav,frame,PRESENT,18776,7D5B044380DE4727128969EA94E054C6F6BAA22FDE1E1FD7F3E829D85932C1F7,ABSENT,,ABSENT
c/shino/w/j2.wav,frame,PRESENT,8808,2E0B3A56A706721699AE8A7229D4E6CCDCF7050175CDFD93157896BA49FB04A2,ABSENT,,ABSENT
c/shino/w/j3.wav,frame,PRESENT,43360,2538171A493AFF206225E1F4C14329456CD21034C361427DCED9BECEA2083489,ABSENT,,ABSENT
c/shino/w/p1.wav,frame,PRESENT,11524,65E6E140FFB9313929CD1715590FF8E74ECF9B78EB8909A1306551B433D5E3F8,ABSENT,,ABSENT
c/shino/w/p2.wav,frame,PRESENT,5028,21506F089515FBC0827984E6846BC35D20AFD9F3DABBC224FBE49AC2008B6446,ABSENT,,ABSENT
c/shino/w/p3.wav,frame,PRESENT,4272,6D19C9755711FB7E036AB883D49F34F011E39792770E81D9FBB0745D91E3F004,ABSENT,,ABSENT
c/shis/w/a1.wav,frame,PRESENT,23084,CBD09E77BB265DB9D1AFF0949C841466BFBC316D5B8CECD1B64B21D808CA413F,ABSENT,,ABSENT
c/shis/w/a2.wav,frame,PRESENT,17324,429AD4A7842D4B04FBFD95429452A435DB074023EF66EC45688384FF013B074E,ABSENT,,ABSENT
c/shis/w/c.wav,frame,PRESENT,61100,5C84D166EC76BFAEAD31191DB69806B0F466CFC0A261C062D6C6DE4A4E33AEE6,ABSENT,,ABSENT
c/shis/w/e1.wav,frame,PRESENT,12844,447071F18D73ECDC5AB8F9023B0472FBC6B0247BDCBBAB40172EC70E1E3CF947,ABSENT,,ABSENT
c/shis/w/e2.wav,frame,PRESENT,123564,9D7B991EBA6BFB02F5E72BCBC96BB949ECEECDEF8795703A63127E747D5994D5,ABSENT,,ABSENT
c/shis/w/j1.wav,frame,PRESENT,27692,29B330BF57B24EF7FD1C420B5914558D6C477E1F0B9B8A390FF62FFDB8A10E94,ABSENT,,ABSENT
c/shis/w/j2.wav,frame,PRESENT,28844,CCB247B50D8918F49BBFF993FF687198448BFD5C4910028F1BE63F57ADCC2BC3,ABSENT,,ABSENT
c/shis/w/j3.wav,frame,PRESENT,29996,D34813A9B31A3D8751C8379AD3F0ABD028459C881414559F8AB0E2D3B347BB00,ABSENT,,ABSENT
c/shis/w/j4.wav,frame,PRESENT,36908,E83582FCF7AA5BD6FABA6E77FC1662DFA522746929B5E35410A76332DCAF1AB1,ABSENT,,ABSENT
c/shis/w/j5.wav,frame,PRESENT,32300,040F2BAC3E90D26599A797C6B4398EB41CABD5DA0DBB4855A83C1582876EB256,ABSENT,,ABSENT
c/shis/w/p1.wav,frame,PRESENT,33390,96836C4825F4E0AC25EDA02D891AF140C8E1BF616C311F935ED1B47AED383C60,ABSENT,,ABSENT
c/shis/w/ra.wav,frame,PRESENT,17324,33C241B9313EA12E02DAD9624DAA12FE9F3F12265FE1F37310A315E92F76FC4F,ABSENT,,ABSENT
c/shis/w/t.wav,frame,PRESENT,46124,B35A999DD82777E93193EF024E32020A6B000823F3F0E9797AF9E270F24F6F0A,ABSENT,,ABSENT
c/sui/w/a1.wav,frame,PRESENT,8616,654441AC4EC8CFA5379C1047B4F75BC9A87531A0845E0B3E19972F2109B3BF09,ABSENT,,ABSENT
c/sui/w/a2.wav,frame,PRESENT,6902,03B22D68E753CFFC47FCFA65C424E2FABE5C6C108B950F8C3B58DE27872438DF,ABSENT,,ABSENT
c/sui/w/a3.wav,frame,PRESENT,11188,C43BB54138770855C34EC9CE22D9E7DFD9E5969B84B8DC4CF4FC9475E228F187,ABSENT,,ABSENT
c/sui/w/a4.wav,frame,PRESENT,23284,F96DFB63429AAB6D62E362665C9445C4EA3BBD252FB7C29ABF19DB98A48969E7,ABSENT,,ABSENT
c/sui/w/a5.wav,frame,PRESENT,13972,1067785246A7CB9CDF1E5A45C702CAD82DF4DC103AE2307C6757071C3FE1866E,ABSENT,,ABSENT
c/sui/w/d.wav,frame,PRESENT,119828,85418EE89B21EC45D40CEF499D161BA1B5C643A850F0EA0A31BBE9ECAA16D5C1,ABSENT,,ABSENT
c/sui/w/j1.wav,frame,PRESENT,28122,13B82F89224BFE22DEE5A36ECD254D1FD1B586E76F155DE6B0F148AC3983EA9B,ABSENT,,ABSENT
c/sui/w/j2.wav,frame,PRESENT,38616,3BE849DD03CA4D65B04E16871DB77FA74500CB75FF6464B7BC103D9990431436,ABSENT,,ABSENT
c/sui/w/j3.wav,frame,PRESENT,42472,69C6D8DF035305452B5A8C83802F2D064AAF078AB0410CE86FAC0E7B9C265DEE,ABSENT,,ABSENT
c/sui/w/j4.wav,frame,PRESENT,42472,D9D7C976B8CC2349CAD3B9D6890126C55BD659F7520949E48502DB27BE8B5368,ABSENT,,ABSENT
c/sui/w/j5.wav,frame,PRESENT,69044,2D74A9628A8B7357F4C363F472004CB74E2DDFC3FF53AFC9F5B94500012563A5,ABSENT,,ABSENT
c/sui/w/j6.wav,frame,PRESENT,82330,AED5500FAF56EECCCA95D164F9F5F7AE2763D4C00C67FE6B473347978242B9C1,ABSENT,,ABSENT
c/sui/w/j7.wav,frame,PRESENT,118972,54630089BBBF742450DB071149375B0E3600CA831DB2D1C715BC930D5B6704B8,ABSENT,,ABSENT
c/sui/w/p1.wav,frame,PRESENT,31276,8E581181ED52D25530B04BD3F646DC9AB81F0140818A63C94AF459C2532FEA0F,ABSENT,,ABSENT
c/sui/w/p2.wav,frame,PRESENT,11978,CB1C8268BC6BF7D8F9028DE62E7342DC3642FA5092FCCABBFD5C61EEE6E83985,ABSENT,,ABSENT
c/sui/w/p3.wav,frame,PRESENT,38444,9E76C53C8FFD08C6650F94E33641BD439BFDA1FD7D3C5382D44D48A56AA1798E,ABSENT,,ABSENT
c/sui/w/p4.wav,frame,PRESENT,25816,589138FB23EA68414EDFE1C390AFFF9E003027C7FCFF91F89E21B86D94CE31E6,ABSENT,,ABSENT
c/sui/w/p5.wav,frame,PRESENT,14462,16537010DE5914496D4AC257C3480DB971302EDDC9D6607C3A69144607C7EF0B,ABSENT,,ABSENT
c/sui/w/p6.wav,frame,PRESENT,31114,A9E602726AB2420513B7EBB73A09F46686B4D4BB4048F516B4467280D94548AE,ABSENT,,ABSENT
c/sui/w/r.wav,frame,PRESENT,27902,733A257DE13F7D874988A9404EBC3C5D12DA5F216A8708C84B30857402EBE673,ABSENT,,ABSENT
c/sui/w/t.wav,frame,PRESENT,75900,AAA41C4C89EF445EA79F56C3B3994F754EC6C01D4EB5EB1D57F1630F150CC138,ABSENT,,ABSENT
c/tay/w/a1.wav,frame,PRESENT,8250,5CCFF6CBA6FEE9F5BDE589715EA3BB11B414D742B38EA4AE0602E5C6E4CA30FB,ABSENT,,ABSENT
c/tay/w/a2.wav,frame,PRESENT,7186,415B63A6AA3C3D59F3F2047BD840027888112BC1BCE743D08A644FBC8BBCAB2D,ABSENT,,ABSENT
c/tay/w/a3.wav,frame,PRESENT,11498,C9ADFADD9C1CDCF0313A1A9A30C24A6AC95F566496845FFB4D0060937A2CE1F0,ABSENT,,ABSENT
c/tay/w/d.wav,frame,PRESENT,17098,319081263027118318A92C5BBC725F1E0CFB3228997DD3ED4080432294771586,ABSENT,,ABSENT
c/tay/w/da.wav,frame,PRESENT,18442,E548379A3D118D10BBAD8EDFA3A6D4D67B23BDAFDE4F5458492C40F28D195180,ABSENT,,ABSENT
c/tay/w/j1.wav,frame,PRESENT,34570,6BAB0236DC87AFB7B03B59D29E0BFF6A1E8FEE0F7C10870D645408CF0CA9FEE6,ABSENT,,ABSENT
c/tay/w/j2.wav,frame,PRESENT,36138,B602B591DE9F038CC3AE1116444DC97090D18631B5BC6F9489EA36BC7103D359,ABSENT,,ABSENT
c/tay/w/j3.wav,frame,PRESENT,21634,FBE90C7EDA578685707FCB46B1AD84E0AC6FFA6AEABF1E4AF03347AC62ED7AD4,ABSENT,,ABSENT
c/tay/w/j4.wav,frame,PRESENT,31546,E3E8E756BC67AA94813230D3813C7592AE4A8563F14658FDA9CA29868DCEDB8F,ABSENT,,ABSENT
c/tay/w/p1.wav,frame,PRESENT,6794,4DB3582C1EF656BD55CA13997C667FFBC080EF653A326181C4890E1ADB5813A3,ABSENT,,ABSENT
c/tay/w/p2.wav,frame,PRESENT,23930,169B36FBA36106D61FBFCAD42DB52D06CE4E424986FCE98F27B1AD816B7068BF,ABSENT,,ABSENT
c/tay/w/p3.wav,frame,PRESENT,22586,80D90E1D9E50860E286AA1AFA2AF5B560171B9ECB9D600A0E1FF9F949002B2C1,ABSENT,,ABSENT
c/tay/w/p4.wav,frame,PRESENT,31322,5489281468FE92092B3E2CE745020F11196C6001C509D82B712EAABCF8BA5E8B,ABSENT,,ABSENT
c/tay/w/ra.wav,frame,PRESENT,23762,843AF7A58F63028BC1829560DCB2CC0098FF535342ECFD55BC3CA2A1928656F5,ABSENT,,ABSENT
c/tay/w/tr.wav,frame,PRESENT,45266,DD35DDD8606EB272612BC35ECE2EC736BD3FB894FE9CDC9305268F292A131ABD,ABSENT,,ABSENT
c/tem/w/a1.wav,frame,PRESENT,5868,D6752517282C586417175C7E32F2AE6CFF89332C79056410D0A9717D8ADBF0E4,ABSENT,,ABSENT
c/tem/w/a2.wav,frame,PRESENT,6260,A64A0A0051528330D822218130F73A6C9A227BCFEA029B2F7421418C9839808B,ABSENT,,ABSENT
c/tem/w/a3.wav,frame,PRESENT,8164,41F2B9E5A08B8D97E20F3520089E4CFAA31BAF4BD0F16305B73CE99E41AE6848,ABSENT,,ABSENT
c/tem/w/c.wav,frame,PRESENT,31628,19B0D7AA47E672049160359A846F00F4D199D9B6D1D8ACCD88D200263B97452E,ABSENT,,ABSENT
c/tem/w/j1.wav,frame,PRESENT,19028,C5160AB9FAE56BB921F295035956C47415084D7E14CADAAA114CC07B577BA51F,ABSENT,,ABSENT
c/tem/w/j2.wav,frame,PRESENT,13316,8F0BE74E281FAAAEFBB18BD39883B7D39925642B17F0A407669DC230B9E97407,ABSENT,,ABSENT
c/tem/w/j3.wav,frame,PRESENT,22892,027DCA7522738A70D15CEFAD5FCC285CE0F3486506569411BA2C7AF5AA191D45,ABSENT,,ABSENT
c/tem/w/p1.wav,frame,PRESENT,16620,9E0E2EC7285081582732479DF4121C7FD3B5850B62A901B90F64A067A3F45F3F,ABSENT,,ABSENT
c/tem/w/p2.wav,frame,PRESENT,10712,1670F8113F1EF75D3474FA30CA38E2E9C2FD6ED8030CD775B937872536FC5064,ABSENT,,ABSENT
c/tem/w/p3.wav,frame,PRESENT,13428,36D39589ED55DDEFFC85B0E811F41C72412B4F05972BD3EE96C81F5B6F83A5DA,ABSENT,,ABSENT
c/ten/w/a1.wav,frame,PRESENT,16424,5E6445BB9D8D5467DECCF193990323189CDBC67D4CD0B045556AD3CC24C22386,ABSENT,,ABSENT
c/ten/w/a2.wav,frame,PRESENT,4748,BF44FAE2A540B245A1BDFDC6E312879B15488EF3EB600AEBB5A26AA5CF62F249,ABSENT,,ABSENT
c/ten/w/a3.wav,frame,PRESENT,5364,1A670F8A616223FE0CEAED0922D9DC728F5457EEA9BF08347F76F4BD18A3A545,ABSENT,,ABSENT
c/ten/w/a4.wav,frame,PRESENT,8472,8190C804FFDF14CDD396402089B8C571B0BE9F39E15895EBE9F2168D85AB1485,ABSENT,,ABSENT
c/ten/w/c.wav,frame,PRESENT,20960,7990FAB48B05B583DB0C7BA0E43C5E56E3CE86F2A9C9906B1141D2465DCAE5CA,ABSENT,,ABSENT
c/ten/w/j1.wav,frame,PRESENT,13792,C85AC054F2D8D1020B38B106E8BE8E3A0F225AF0D67CB7C2F05393E5BA64E1B8,ABSENT,,ABSENT
c/ten/w/p1.wav,frame,PRESENT,10516,E8C02521A311BF4594BE4BF9B896D3069AD403D9A3E5BC26CC94B3228BCF535A,ABSENT,,ABSENT
c/ten/w/p2.wav,frame,PRESENT,11944,0D7462B19D3C014E9BBF45E143F0E28F59A173B4DEE4BB215AE383B550696201,ABSENT,,ABSENT
c/ten/w/p3.wav,frame,PRESENT,16592,65713785F8A55F91B43747E4FD99C205C91B6D33930F66950D79D6677BDC0764,ABSENT,,ABSENT
c/tobi/w/a1.wav,frame,PRESENT,11564,10C1AECA349B44766A65AD9AF196BA85CDEB1A4839935CB72374E929B8418C26,ABSENT,,ABSENT
c/tobi/w/a2.wav,frame,PRESENT,21932,1D9AD0726FDB0EE1CD71382FD83EDA18D07CCEDD7AFA6750C0077C04DBD9E9F9,ABSENT,,ABSENT
c/tobi/w/c.wav,frame,PRESENT,48534,1FCF7E3D4412540D7D01E533BA63E93F6DD932406307EBBA1813C55CFD2A4428,ABSENT,,ABSENT
c/tobi/w/ca.wav,frame,PRESENT,19628,D24477F0B2FF7B28338CA72549506F0AB4422ECAD2EBDBE0AE69ADE251FCA5B9,ABSENT,,ABSENT
c/tobi/w/j1.wav,frame,PRESENT,29996,E8440D5F9000AD1259132B76F3B551B4A9CF2F90A49B60CF45691330F25B55E5,ABSENT,,ABSENT
c/tobi/w/j2.wav,frame,PRESENT,25388,629D45DC0351B34FF0F3BA3BA8937E51DE2789FA01E618FCF3DCBA770C564981,ABSENT,,ABSENT
c/tobi/w/j3.wav,frame,PRESENT,19734,A04EF243E1C4B1687E9D823671069E51D9C20830134FDA4A4D96F094A9453876,ABSENT,,ABSENT
c/tobi/w/j4.wav,frame,PRESENT,72748,0F9373712D2D88AD8F2788979EB1DAEAFEFDEB279221EFD6756FECCB42466F87,ABSENT,,ABSENT
c/tobi/w/p1.wav,frame,PRESENT,16172,55C33EDA89263C4DE0301064014810F23C8314907F48D87F6EAC9FB15FF2FB17,ABSENT,,ABSENT
c/tobi/w/p2.wav,frame,PRESENT,19628,8413676B271D112C0FD29476AD3CA0948EB02562967A38CE58889B4BC3B2C971,ABSENT,,ABSENT
c/tobi/w/p3.wav,frame,PRESENT,24236,C446D7D7F8C7C9C01363EEF3A25C23F8CE05BBEF7828641D7AB08EC7E5BA0C22,ABSENT,,ABSENT
c/tobi/w/p4.wav,frame,PRESENT,35756,C6E8A64C84FE79D17A0073502977C396A8544B1A364A539745B17A4A0E5E7B79,ABSENT,,ABSENT
c/tobi/w/ra.wav,frame,PRESENT,27692,F8CA4B59EEDF1683C4107BAB6A0D568F58FDE3EA5E6FD481284311C54EC1C612,ABSENT,,ABSENT
c/tobi/w/sp.wav,frame,PRESENT,17324,949E33984F40C34897F3C2932D8930D3972E1D53CEDC127132AC9FDEBC69AD97,ABSENT,,ABSENT
c/tobi/w/t.wav,frame,PRESENT,112940,0B8A77785E93E46AE35AD379256B28E10754617C0C6A71447427B6F7F779A4B4,ABSENT,,ABSENT
c/tobir/w/j1.wav,frame,PRESENT,15928,D149C74C1BB23274F2FE38334D988C0C5DE164617E3880BDAB5960B02E4C6BA7,ABSENT,,ABSENT
c/tobir/w/j2.wav,frame,PRESENT,77472,588532CBADE4FE81905453F17865D9FCB0406419E75A9D2E0D6581E72BDAF7C1,ABSENT,,ABSENT
c/tobir/w/j4.wav,frame,PRESENT,32168,61327FC7AF47F96AA1D9C901E8DC0A5C1D5D4B5726594448C07C0A981377648B,ABSENT,,ABSENT
c/tobir/w/j5.wav,frame,PRESENT,15928,39A627A3D51B7F86F8CE533FBEE529F4CB95B1C4527BE72310FEAA0A281083E2,ABSENT,,ABSENT
c/tobir/w/j6.wav,frame,PRESENT,40492,CE2A9282C848DEC89ECEC31B9097AF01AF843B82791D734DD0D9AF59C3D8A4B3,ABSENT,,ABSENT
c/tobir/w/j7.wav,frame,PRESENT,91350,D4E23248304B17F483279BDE20992110287721078A0752B9127FFA08C5F7BC10,ABSENT,,ABSENT
c/tobir/w/ja.wav,frame,PRESENT,27692,6EB3F873B10B88680134A6961FA89147ED79FA5CADCBB427A3415ED3C610EB2C,ABSENT,,ABSENT
c/tobir/w/p.wav,frame,PRESENT,5036,5A94202BA4D408F6565ABFCA3747ECCFF007C8418CF37EA94079302AEE1C5ABE,ABSENT,,ABSENT
c/tobir/w/p1.wav,frame,PRESENT,11924,B7F5E930071AB4AECB358447BD3FDF202323C1B5E45DE5D02EE494F0E6BE109F,ABSENT,,ABSENT
c/tobir/w/p2.wav,frame,PRESENT,10020,C191C0819AB43B9A6364B6553687FA6C1B64FDAE575D6973B88D4F8995493623,ABSENT,,ABSENT
c/tobir/w/p3.wav,frame,PRESENT,16544,7F936A1B33E5BBA1A8873054A041A1B68B2EE2B98743FF22D1F0CC49E2F96166,ABSENT,,ABSENT
c/tobir/w/p4.wav,frame,PRESENT,10272,6E7F0F6FC3E0F04D5A4B2ABF8149714B6018234D66CF30E0F80D2C70A0DDF1EE,ABSENT,,ABSENT
c/tobir/w/t.wav,frame,PRESENT,30404,87F2CCB5C8E544A99B2FDB8F12E384C04E7DD0606985F4FA70BAD0C9F956E724,ABSENT,,ABSENT
c/tsu/w/a1.wav,frame,PRESENT,8362,27E9830C33533FC4F8423D3A6071B0E370995FFFED2FDE0EFAB514F66147B34E,ABSENT,,ABSENT
c/tsu/w/a2.wav,frame,PRESENT,17210,AB7451A74640362E53736C501471C701FEEDC183D2CD49987403F8F2D131956F,ABSENT,,ABSENT
c/tsu/w/c.wav,frame,PRESENT,30202,4DC275BE6401CB7370985AC4EA8C33F20B9C04C286DE28E33206DD47A75FFD72,ABSENT,,ABSENT
c/tsu/w/j.wav,frame,PRESENT,8642,F435AB4272B4A46DC722253C09A7BB8931B2905ED4D35350221E05C5FE50E011,ABSENT,,ABSENT
c/tsu/w/j1.wav,frame,PRESENT,67442,CA8177A9E7CFDC064BA7052CF5DD00F0CACA00ABBB58D9819B61B706BE81DA8E,ABSENT,,ABSENT
c/tsu/w/j2.wav,frame,PRESENT,14522,D945A8CB99FE381D30D567115AAEA1390DB11E5C837E307D08C821A965DE812D,ABSENT,,ABSENT
c/tsu/w/j3.wav,frame,PRESENT,25274,CCF0AD08CB28CCAE28AB0DD2BE9459240419DFF6EB38D048EF0659AA3758D432,ABSENT,,ABSENT
c/tsu/w/p1.wav,frame,PRESENT,21802,18B6351AD2059C4AA9A3BF3F767C99DE6D526517C72BB0D1D66D63FAB394A560,ABSENT,,ABSENT
c/tsu/w/p2.wav,frame,PRESENT,21914,6BE3FBC30BCF55F249D6EE716530B1EA34F40F5CC78D2CB43A2901B615863F24,ABSENT,,ABSENT
c/tsu/w/p3.wav,frame,PRESENT,47338,676B1B6EDEA3A63FB07F5F7896A65AB143AA4363BED61C10D38DD51C454244EA,ABSENT,,ABSENT
c/tsu/w/r.wav,frame,PRESENT,45658,0ADE3A7B9E611BD4791FF5C13F11B2DA94026A0A6997BA1EB1ADDEBF9BA31864,ABSENT,,ABSENT
c/tsu/w/t.wav,frame,PRESENT,118828,41AAE0542C1FC2A8F17F5ABF81BF53157953D39FB14CF3AEFB031985484AC6BA,ABSENT,,ABSENT
c/yag/w/a1.wav,frame,PRESENT,8404,5860F8A95560F7743FA42C2EB02E61F28E493E58A2211F2C084D59B517FE149F,ABSENT,,ABSENT
c/yag/w/a2.wav,frame,PRESENT,8404,5F0837FA2FD936E5D5B2B62179A26311775AE77A45F1949AB410FD026CC28BE1,ABSENT,,ABSENT
c/yag/w/a3.wav,frame,PRESENT,15090,1B8189C03D05D641C632DAD9E61D1D98E74656FD2A7908D4142167ABF626540A,ABSENT,,ABSENT
c/yag/w/c.wav,frame,PRESENT,34316,48CA3FFC39C49D23AC22E070E79DF6F826728D626F0685A0896C78E75641CA98,ABSENT,,ABSENT
c/yag/w/e1.wav,frame,PRESENT,40736,FF6B1AD002CF06331A1654E1CA3929A5C6CE7CF5000E0748299D46D8C07AFF1E,ABSENT,,ABSENT
c/yag/w/e2.wav,frame,PRESENT,62738,7B62DAF6D2F76FEC0635F36B8078576330031566777BD013D06D3FAA082D34C8,ABSENT,,ABSENT
c/yag/w/j1.wav,frame,PRESENT,55214,74B139471E5E311FE99B32AA5F15042D0AFFC56EF16449E4402D156E3885B913,ABSENT,,ABSENT
c/yag/w/j2.wav,frame,PRESENT,35152,7648C54DFA47E7DD807CB664D6AD5DCFB188B16B54387263D05E3000EE0E58DB,ABSENT,,ABSENT
c/yag/w/j3.wav,frame,PRESENT,27630,3C960652267F273B01F61F4013BDAA62266C7253DDF92461ECAB240CF28A5BE3,ABSENT,,ABSENT
c/yag/w/j4.wav,frame,PRESENT,35152,2161E434D1D9F12EC86677C3C656E912A0DBE5C56F7834AD5174A06C01C159BC,ABSENT,,ABSENT
c/yag/w/j5.wav,frame,PRESENT,29302,B43C4C198BC54B91DC5C94905D623AD76FFD17CA55E7DB35A2896E25D37CE7BF,ABSENT,,ABSENT
c/yag/w/j6.wav,frame,PRESENT,49364,84F3FFE471195EAD62DE519E7433F6F9EBFA0EE0FDBDCB528B1BE28595A011B5,ABSENT,,ABSENT
c/yag/w/j7.wav,frame,PRESENT,27630,6DB5A0FA5ABF236850465AAFB02D00463DA7BF90531552B91C8A147515709DC8,ABSENT,,ABSENT
c/yag/w/p1.wav,frame,PRESENT,15090,0619388C628DB515871EA15A3C458017F81D30F6A30464D63351CBBBFDDC8A47,ABSENT,,ABSENT
c/yag/w/t.wav,frame,PRESENT,56050,613B9E5E53416030D10BF6B73BC0282E8C47AC089964B52BEC4936C2D9DC95A4,ABSENT,,ABSENT
c/yam/w/a1.wav,frame,PRESENT,4132,862FBB9DB9D9F5334F3CA4FF7AF4BB34337AEE585E36772668D39409228FEFF1,ABSENT,,ABSENT
c/yam/w/a2.wav,frame,PRESENT,5756,7E60EB2C0A08A3128A65D3FF92DD75581086ADB5DB399C9FB2F83683F9E64750,ABSENT,,ABSENT
c/yam/w/c.wav,frame,PRESENT,22612,EBE40B490AE9927B11A49B6AA8CA174A045D72B1067752DC25C33AD4CD896C27,ABSENT,,ABSENT
c/yam/w/e1.wav,frame,PRESENT,483606,FF49CAF67D3BF3E0538FC88B5BE4D5F043266B66472817135DBC0547A185F867,ABSENT,,ABSENT
c/yam/w/j1.wav,frame,PRESENT,16004,333E1A618C04E9E7CA63902F3D232413840B90594D00BD71879D1CDB600CB6A9,ABSENT,,ABSENT
c/yam/w/j2.wav,frame,PRESENT,11244,32BAE26D47F1BBD8C2C530BD8F064D1D2CC72A3AAF0AE9F45998B3CA4BD41A48,ABSENT,,ABSENT
c/yam/w/p1.wav,frame,PRESENT,9732,2E788D22876B5ECEDF7DE5F748F974E013F89C3AADA5815525F430B612B28BC7,ABSENT,,ABSENT
c/yam/w/p2.wav,frame,PRESENT,12616,983185B95726B7A986FA16A735181DC33B54F8EE37ECEFCFB604E95211A24DC0,ABSENT,,ABSENT
c/zab/w/a1.wav,frame,PRESENT,41004,3A37989680505A26F05DF0251593A2773F33A7C3B44FBC13B038402ECAC08983,ABSENT,,ABSENT
c/zab/w/a2.wav,frame,PRESENT,56364,C6DDFCE6DFDC181B79B7073D74F183B1BD17FCCD360D21E6ECB8B6CE5A0334CB,ABSENT,,ABSENT
c/zab/w/a3.wav,frame,PRESENT,46124,1C1774BCA22FA9ED3ABA443C556CC306FF37EC42E1502AEF0BD1411EBA6F220E,ABSENT,,ABSENT
c/zab/w/j1.wav,frame,PRESENT,148524,8005F97D982F5C6B4E2D7A56ED55E45CFFFB21B29745D38BAFFFD24225C38CA5,ABSENT,,ABSENT
c/zab/w/j2.wav,frame,PRESENT,117804,36A7CDBC6CA8CFA9C14B36278CCAB6FE3B54F2B1AEBC0D1B53AFA15A706A5F4B,ABSENT,,ABSENT
c/zab/w/j3.wav,frame,PRESENT,84681,0C3F8E06192C260519189A639332754E38CA2FE03F1137E0BFE1FF86BD9BE0F1,ABSENT,,ABSENT
c/zab/w/j4.wav,frame,PRESENT,105956,E640A4B4DE532E5D652DC48C9A476A4A8A4DBCE0EA74429FCDCD6DA75CE26C9D,ABSENT,,ABSENT
c/zab/w/j5.wav,frame,PRESENT,111998,27017D0BE70480C0DE712689669B2C60FE1A3709194861F907F764734F2A8B21,ABSENT,,ABSENT
c/zab/w/p1.wav,frame,PRESENT,37996,866F3ED6936328966A3A965C0442B963F9A7F23AB8766D99BF8A292726EAC97B,ABSENT,,ABSENT
c/zab/w/p2.wav,frame,PRESENT,48568,474D00DB8E9A0173A421D7B0C47C12C76015C2E77424002B880779C8C0221210,ABSENT,,ABSENT
c/zab/w/p3.wav,frame,PRESENT,119084,70270FDB658E2DD550FEFB8DA24C337CE820A409212264D3B86B4EBF8DC519D7,ABSENT,,ABSENT
custom/1genma/w/a1.wav,frame,PRESENT,6848,18B2BD19E17CD073C22595A4A534CEBAFD0C50DDD680F74E019925BAA6D77E39,ABSENT,,ABSENT
custom/1genma/w/a2.wav,frame,PRESENT,4580,85CFE7A32A018FADBF4006F02A9CEC7C3094ADEA9A6BEE8E6F21E310C26A0F52,ABSENT,,ABSENT
custom/1genma/w/a3.wav,frame,PRESENT,3600,5E498D08811527F7AC53855AC079ACEE89B4A776AE3E480F32879952FDF555A9,ABSENT,,ABSENT
custom/1genma/w/a4.wav,frame,PRESENT,10768,452601A9A707DADB331DC9486A7AB000A8474BFD56073B5AE9E9F00F43390AB8,ABSENT,,ABSENT
custom/1genma/w/c.wav,frame,PRESENT,22780,8FABB56837B23F3E70C6237DE242CA23D48FDF6F1C667185E6C7162D9B2C3967,ABSENT,,ABSENT
custom/1genma/w/j3.wav,frame,PRESENT,14296,70091C108C2A6024C559D376E13DAB9FDE027ABA7D2444DCCC8AB28715007F1A,ABSENT,,ABSENT
custom/1genma/w/j4.wav,frame,PRESENT,13400,0AA5DA68374642BFCB03A87A4A38E3DD5001E8B21923A9E576ED4A4C06FE7483,ABSENT,,ABSENT
custom/1genma/w/p1.wav,frame,PRESENT,19532,B585B35DE6B449DAA426772005A95C2C26F32A26BC4B6ED53374E4416C8B7260,ABSENT,,ABSENT
custom/1genma/w/p2.wav,frame,PRESENT,3908,2EFC14FB32F2DA78AEABE932A2F10CE0142419146E6A7B329F4D18A59CC162B7,ABSENT,,ABSENT
data/0.wav,object,PRESENT,5558,23BAE3391816BC5F6037970CA0452CA61CA5382978107F4EB1F1304E1958100C,ABSENT,,ABSENT
data/001.wav,frame|sound-table,PRESENT,11828,BFA77D98CAF3AE5307116D6D8451DD554700209C40F6BB50D0949DCD47523584,ABSENT,,ABSENT
data/002.wav,frame|sound-table,PRESENT,9302,7C2C6620B63128565F6B733512DBAF2FBCC185DF9136A37C7E47461FFD72F78D,ABSENT,,PRESENT
data/003.wav,frame,PRESENT,9870,74885981A2003F1BC1C7F2CD22493C47C4B8059088AEFFAED652EEEF996F9C7A,ABSENT,,PRESENT
data/004.wav,frame|sound-table,PRESENT,11228,4B501F67BEC53F364530E041012FAA40334E7F4F0F82088B6B7CAA472C2207AC,ABSENT,,PRESENT
data/005.wav,frame,PRESENT,21628,063B29A2ECB11C85E0A5AB8BD358D048848BFE9E3C1C84553845AC83F46F11CF,ABSENT,,PRESENT
data/006.wav,frame|sound-table,PRESENT,15654,3ADE81BAB01F8EB99F9ED4C68D4C63245A6413757B801EDFE04E59F7BE3E80EA,ABSENT,,ABSENT
data/007.wav,frame,PRESENT,4324,D8E7BBEE32A2A582A07D53F43DB50C0C6C6E579ED322AA2369BE8859B6385002,ABSENT,,PRESENT
data/008.wav,frame,PRESENT,6414,1E766A858E5177DB7078674DB7749E37ACA8BD6B5AB93093385328D04C36837B,ABSENT,,PRESENT
data/009.wav,frame,PRESENT,15038,9B02288A8412D68EF9264D7B3DB2CD3767BE0631C33B95844BC9405C6FE9ACDE,ABSENT,,PRESENT
data/010.wav,frame|sound-table,PRESENT,11576,E5E31A220B7B607E189093CF01E1FEFA4FB00EC00E8B55CB6EC9715C0FA199D6,ABSENT,,PRESENT
data/011.wav,sound-table,PRESENT,3884,788BF352868B82EEEAD8DA8B95D289BCC8A9DCDF1F8C2B368579CF61B1CE7F9A,ABSENT,,PRESENT
data/012.wav,frame,PRESENT,4326,04E2B02AB4415827045D25CB9C7DADDA70DA23FC8637BEAC13123A34DCE7F95C,ABSENT,,PRESENT
data/013.wav,frame,PRESENT,10894,6607D18EF69AB9FD43D58405A40CB1E091285FB68F7570BAA0F1E4676FC203E6,ABSENT,,PRESENT
data/014.wav,frame,PRESENT,19362,4DEFA5404198B61FE5149937D0B735E2E6A98F6630E40AA6ECB2886F20386B2F,ABSENT,,PRESENT
data/015.wav,frame,PRESENT,14432,1BADF632365F0B711C669F94CD9228AF0F2B73F987D399DF1322A1F958A6AF60,ABSENT,,PRESENT
data/016.wav,frame|sound-table,PRESENT,8284,40F7B9AC8483BA57DFED5C1E0322653FC387918D429B7711E3DD4B11178A9810,ABSENT,,PRESENT
data/017.wav,frame|sound-table,PRESENT,15232,43030D58B00F98999AF6635C9966294FB9B5B6889D03FD1DCA8F46BFEDF3B5A6,ABSENT,,PRESENT
data/018.wav,frame,PRESENT,11980,91D31B9AC7686DE2D25CC976B0EEF5E383DE52BB344DF4AC586A455740214F91,ABSENT,,PRESENT
data/019.wav,frame,PRESENT,14862,B52C6128027B55BDA2CBD0EC3FAD5EA9A09780AA4D648E5D1C52105E92089DD5,ABSENT,,PRESENT
data/020.wav,frame|sound-table,PRESENT,16458,4872410C3601F31931CCD2EB5335093ACC132AC73C0BAE7FB15AEB118A482E73,ABSENT,,PRESENT
data/021.wav,frame|sound-table,PRESENT,34354,AE2ED083B8A94665266AC32522E8A1648B9918CAB12062D838F1CDACC605637E,ABSENT,,PRESENT
data/025.wav,frame|sound-table,PRESENT,8606,8668A7E6A2912E5F5C093C9814EE06343AFF88333F39D894DC954C8DDCFBC1D1,ABSENT,,PRESENT
data/027.wav,frame,PRESENT,16052,AEBC30342A9C08FBBA3CC77E941E44D568C392641AFA55C08594E09DCA780B44,ABSENT,,PRESENT
data/028.wav,frame,PRESENT,15104,AA37D0E94AA37CAF0A128DE288CC4C10A6ECD1CBE337517215B935B2FEB748EC,ABSENT,,PRESENT
data/029.wav,frame,PRESENT,9716,C07F7FDE5D4627DFF8466C82FEADE0FF1E1C4141E36F6C0C7610847C79C90EDB,ABSENT,,PRESENT
data/030.wav,frame,PRESENT,22196,C65278257642762A9F42183C9A3ADE1D148592AB96779BAAFAC71EC224335ADB,ABSENT,,PRESENT
data/031.wav,frame,PRESENT,22774,0AB23DC429E3FBA6B5B4CC48922D1027CF1649801274B53433DB13F0E664195E,ABSENT,,PRESENT
data/032.wav,frame|sound-table,PRESENT,12148,90BB8290A65A8AA38E2EFFC077939431DF0ECE4E1C304EB6905AD47002DEF286,ABSENT,,ABSENT
data/033.wav,frame|sound-table,PRESENT,10898,FFAA8F70F73BA7ECF5C122246327275E707F3C47D05ED413FDA9A37479E29B06,ABSENT,,ABSENT
data/034.wav,frame,PRESENT,18882,DA6F6B317EB78232991AC028D737A9496BA2DB6FE3FA785C437062E7C11DC791,ABSENT,,PRESENT
data/035.wav,frame,PRESENT,12416,D5B1A746BEAEC28535D0E17B4AA71C1598D0F8D9D39F657A622F08DF77A0F4B0,ABSENT,,PRESENT
data/036.wav,frame,PRESENT,17136,49F803738C10117910C83F92F9DB43E43AE94E4B8B7C2DB1C04E1FFBBF2415F2,ABSENT,,PRESENT
data/037.wav,weapon,PRESENT,9470,163079BEA23C24480EE25B5F99AA663C2F35C6582D5B54BEF7457763CD2DC6E3,ABSENT,,PRESENT
data/038.wav,frame,PRESENT,924,A833EAD59D74FF6910DD9AB30A59424398281826C2504EE180FBA0860FD119A9,ABSENT,,PRESENT
data/039.wav,frame|sound-table,PRESENT,2774,8B3C2C8356655AD3708E578A9033A8F9DB25243FB97C91A97EE2F0DBF350B889,ABSENT,,PRESENT
data/040.wav,weapon,PRESENT,17632,3C8D1D7F71BEAD7659418459B24C6BE9793F01C5BE86DF093CE0D9D19C1B6145,ABSENT,,PRESENT
data/041.wav,frame,PRESENT,16392,228871564FF4AE726D264897097E53162D95E4FE6810CD9092950349D583FBEF,ABSENT,,PRESENT
data/042.wav,frame,PRESENT,11066,A7D6654CB95F4FDD0C0F0E80D9CF0CAC3F204F22BC0A87A7C22E2763B4E62BED,ABSENT,,PRESENT
data/043.wav,frame,PRESENT,13686,3067E2A50603F6500F93E93779C0AA812A028169A77BA46E09F1612F6DAB95FD,ABSENT,,PRESENT
data/046.wav,frame,PRESENT,12204,9CA34674BC21D782283AC3EB7A209226FA1E1447047105FE61A38489CE311332,ABSENT,,PRESENT
data/048.wav,frame,PRESENT,10024,477707B9A5822E4398A1A5983ED8EC987890B122BD7F726DDD45661EE58B7BB0,ABSENT,,PRESENT
data/049.wav,frame,PRESENT,32952,10ADC639123FA69CBB64DD430BE49D04314C50260D383FC22E98513D6E68D0C6,ABSENT,,PRESENT
data/052.wav,frame,PRESENT,9786,0E4C3158AC18F99B66A34C1F33DD20C1510370766F49E72A2B492889978676B8,ABSENT,,PRESENT
data/053.wav,frame,PRESENT,5872,850EC0DE7EFB86118AC40C933DF01BA98556F15065120843F7701BD1F7187735,ABSENT,,PRESENT
data/054.wav,frame,PRESENT,20204,B8B8CE9575C5FC94CBCA4DDDAE658AA423C0ABC76CDE8B73FF448A3AAFAAB037,ABSENT,,PRESENT
data/055.wav,frame,PRESENT,19720,29125FA18795EB8053B3F8F9A953BE214C95F9A39B0BA64D5C29D4A20EA5CB61,ABSENT,,PRESENT
data/058.wav,frame,PRESENT,15594,D93EEB9ECCC91C62D89EE6CAD2E639ECF4107EFC433A6C403CB4FB9AB6C94EA5,ABSENT,,PRESENT
data/059.wav,frame,PRESENT,22248,EE037215090D54B961662748023E3389F817666CA3593FAA9A4C806827C190A8,ABSENT,,PRESENT
data/060.wav,frame,PRESENT,18600,FCD5D8C13951D38864BA0B8037BE38DD6FEC7EE5F56EC3B884C19FA3B4ACB83F,ABSENT,,PRESENT
data/061.wav,frame,PRESENT,6588,635177BAFC1935FA76DF526883E1D5E03D21E48CD28AF95474FE79CD9154E7DF,ABSENT,,PRESENT
data/063.wav,frame,PRESENT,12842,5F7F842D2EDBA8EA0E6AAE05F6EDC849A169E8B07A4DA04648422DB10C0B33B5,ABSENT,,PRESENT
data/065.wav,sound-table,PRESENT,11828,14771B1CE75ECDA3B215997B4D4492CD33E2D92AE07ECA4D15A7418EA239ED8D,ABSENT,,PRESENT
data/066.wav,frame|sound-table,PRESENT,11662,10452009E1AD4BC6A1D4659AE0171704779C009C08C4D96C6A1767E96121E259,ABSENT,,PRESENT
data/067.wav,frame,PRESENT,31214,D8D7B12EE94AE2EC26AEC9A93A44B65540FC69194E53E21AB44655E89451C757,ABSENT,,PRESENT
data/068.wav,frame|sound-table,PRESENT,26776,D88C46D5A2304D12997579DCF38E9B0EAB18EB409C5627096A52CB9C06DB27F2,ABSENT,,PRESENT
data/069.wav,frame,PRESENT,5258,2E85BABFC231942D118CF0BAFCD3F57FEEACEFA72741C454703274F5FCA5D20F,ABSENT,,PRESENT
data/070.wav,frame,PRESENT,36086,EC498ADF4517D10BD3162F954AAAB885DC6375443B4BC0010B09C25A9D21E40F,ABSENT,,PRESENT
data/071.wav,frame,PRESENT,40548,8924A599C98AE6D0314A29A47F817BBD5AC8EF04ECC1E5EA91101B601A1F82CA,ABSENT,,PRESENT
data/072.wav,frame,PRESENT,16388,48A1ACF104E33473FECD711F6EBAA9FC3209222E712E944E67406C03B5CEE5B9,ABSENT,,PRESENT
data/073.wav,frame,PRESENT,56292,2EFFD983AC1A454F3D885E1F5EC1F499395F28E86F3ECA981B001FB0DB0623A3,ABSENT,,PRESENT
data/074.wav,frame,PRESENT,16470,11F2C5D7D3983DD614F0AF3B87F51BB8E6804A402344DF4978F33F4484D16EE6,ABSENT,,PRESENT
data/075.wav,frame,PRESENT,11662,2A2999CA4C04E770C58BAE4B6676324C85F3D971D3294D27ADDCE2B2BA21A848,ABSENT,,PRESENT
data/077.wav,frame,PRESENT,19914,650646038C11083635B071B9BD6B1C4F89E2F7BA3E1280B3C8D648548E660A6C,ABSENT,,PRESENT
data/078.wav,frame,PRESENT,54148,D8CAB6CE5CCF129FD689F9FD0170D06B21E04B930BE77EF9AAC9AD4B563F3560,ABSENT,,PRESENT
data/079.wav,weapon,PRESENT,10462,78AC6B427E59350BC81DE0EE0AEB8B61E5F14039B1BE0516F4791E9F98F2DF4D,ABSENT,,PRESENT
data/084.wav,frame,PRESENT,10058,1FC595C9B603B13A5DB74549C7423167F865CEEC19E3A656A56F11AC6F0767A5,ABSENT,,PRESENT
data/085.wav,sound-table,PRESENT,9290,917C14DDFE70F09946887E14EB05D592B612D81FD31A289077EE4F517A8A62EE,ABSENT,,PRESENT
data/089.wav,frame,PRESENT,24094,EE388E70D4864B787734FF9C6BE8DD745AFD122339D9FC299CA03E7D435BC581,ABSENT,,PRESENT
data/092.wav,frame,PRESENT,17492,E7DC31441EB350C26F575C8EAAAA646700BBAE88CBD1E1020066A3FBEEBEDEF4,ABSENT,,PRESENT
data/101.wav,frame,PRESENT,14246,632A7AD94F5225F82F190F1119724440AFA3A9F3C8E35B668D7958B6B0880D2F,ABSENT,,PRESENT
data/102.wav,frame,PRESENT,35822,F0BF315E2CF8C0402D26C9928810F0F6E12233C851C61FE4B23C5CD1BA7E5603,ABSENT,,PRESENT
data/103.wav,frame,PRESENT,23760,F95432168FD1D11DFBDEA3B8352E38F736DA16AD1B424232E522BF534223D4DF,ABSENT,,PRESENT
data/break.wav,frame,PRESENT,30252,AEB3D8CBE75D449DEED37B1092C09E93EEDA203E4024174DE36B45F03DB89086,ABSENT,,PRESENT
data/effect.wav,frame,PRESENT,33308,F2C32C5ED058AC2BA805ADC49FDC8535E657A8D2F5AD57A1790DCC392D7D39C3,ABSENT,,ABSENT
data/frog.wav,frame,PRESENT,9112,1A09110EC10A81D98B986515E7DBB5FC2A2B2CEB3486F62E3556F9652DFD9546,ABSENT,,PRESENT
data/growl.wav,frame,PRESENT,17852,FF3E9022027B8CF2810B12ED463019AC299958DFC7807B43303C1068D172C6DF,ABSENT,,PRESENT
data/heart.wav,frame,PRESENT,142522,3F17EB29D3DF00175F0412ABA79F98630DE11FC57F0AF06DB86E63A531CBF2B9,ABSENT,,PRESENT
data/m_join.wav,project-mode,PRESENT,18076,367689FDF49EB833F42DC930E7094C59084D1802E5C4CADA0B025A2709CB72EA,ABSENT,,PRESENT
data/m_ok.wav,frame,PRESENT,9732,4FF2D360F0B6B92471D35FAE742E2039FC8219B2834097EEAD787835A6598930,ABSENT,,PRESENT
data/wave.wav,frame,PRESENT,52732,FD16F154F7252961AE584879A9385A630522CDCAC99F0D81FE3A164F070114C2,ABSENT,,PRESENT
