case,tick,sequence,before_oid,before_action,before_timer,before_x,before_y,before_z,before_precise_x,before_precise_y,before_precise_z,before_fractional,after_oid,after_action,after_timer,after_x,after_y,after_z,after_precise_x,after_precise_y,after_precise_z,fused,defused,unresolved,crt_state,crt_calls,sync_counter,sync_index,sync_calls
neutral,1,1,7,9,0,304,0,600,304,0,600,0,51,290,4499,303,0,600,303,0,600,1,0,0,1758127634,3000,0,0,0
neutral,2,2,51,290,4499,303,0,600,303,0,600,0,51,290,4498,303,0,600,303,0,600,0,0,0,1758127634,3000,0,0,0
neutral,3,3,51,290,4498,303,0,600,303,0,600,0,51,290,4497,303,0,600,303,0,600,0,0,0,1758127634,3000,0,0,0
neutral,4,4,51,290,4497,303,0,600,303,0,600,0,51,290,4496,303,0,600,303,0,600,0,0,0,1758127634,3000,0,0,0
neutral,5,5,51,290,4496,303,0,600,303,0,600,0,51,290,4495,303,0,600,303,0,600,0,0,0,1758127634,3000,0,0,0
neutral,6,6,51,290,4495,303,0,600,303,0,600,0,51,290,4494,303,0,600,303,0,600,0,0,0,1758127634,3000,0,0,0
neutral,7,7,51,290,4494,303,0,600,303,0,600,0,51,290,4493,303,0,600,303,0,600,0,0,0,1758127634,3000,0,0,0
neutral,8,8,51,290,4493,303,0,600,303,0,600,0,51,290,4492,303,0,600,303,0,600,0,0,0,1758127634,3000,0,0,0
neutral,9,9,51,290,4492,303,0,600,303,0,600,0,51,290,4491,303,0,600,303,0,600,0,0,0,1758127634,3000,0,0,0
neutral,10,10,51,290,4491,303,0,600,303,0,600,0,51,0,4490,303,0,600,303,0,600,0,0,0,1758127634,3000,0,0,0
neutral,11,11,51,0,4490,303,0,600,303,0,600,0,51,0,4489,303,0,600,303,0,600,0,0,0,1758127634,3000,0,0,0
neutral,12,12,51,0,4489,303,0,600,303,0,600,0,51,0,4488,303,0,600,303,0,600,0,0,0,1758127634,3000,0,0,0
neutral,13,13,51,0,4488,303,0,600,303,0,600,0,51,0,4487,303,0,600,303,0,600,0,0,0,1758127634,3000,0,0,0
neutral,14,14,51,0,4487,303,0,600,303,0,600,0,51,0,4486,303,0,600,303,0,600,0,0,0,1758127634,3000,0,0,0
neutral,15,15,51,0,4486,303,0,600,303,0,600,0,51,0,4485,303,0,600,303,0,600,0,0,0,1758127634,3000,0,0,0
neutral,16,16,51,0,4485,303,0,600,303,0,600,0,51,1,4484,303,0,600,303,0,600,0,0,0,1758127634,3000,0,0,0
neutral,17,17,51,1,4484,303,0,600,303,0,600,0,51,1,4483,303,0,600,303,0,600,0,0,0,1758127634,3000,0,0,0
neutral,18,18,51,1,4483,303,0,600,303,0,600,0,51,1,4482,303,0,600,303,0,600,0,0,0,1758127634,3000,0,0,0
neutral,19,19,51,1,4482,303,0,600,303,0,600,0,51,1,4481,303,0,600,303,0,600,0,0,0,1758127634,3000,0,0,0
neutral,20,20,51,1,4481,303,0,600,303,0,600,0,51,1,4480,303,0,600,303,0,600,0,0,0,1758127634,3000,0,0,0
neutral,21,21,51,1,4480,303,0,600,303,0,600,0,51,1,4479,303,0,600,303,0,600,0,0,0,1758127634,3000,0,0,0
neutral,22,22,51,1,4479,303,0,600,303,0,600,0,51,2,4478,303,0,600,303,0,600,0,0,0,1758127634,3000,0,0,0
neutral,23,23,51,2,4478,303,0,600,303,0,600,0,51,2,4477,303,0,600,303,0,600,0,0,0,1758127634,3000,0,0,0
neutral,24,24,51,2,4477,303,0,600,303,0,600,0,51,2,4476,303,0,600,303,0,600,0,0,0,1758127634,3000,0,0,0
neutral,25,25,51,2,4476,303,0,600,303,0,600,0,51,2,4475,303,0,600,303,0,600,0,0,0,1758127634,3000,0,0,0
neutral,26,26,51,2,4475,303,0,600,303,0,600,0,51,2,4474,303,0,600,303,0,600,0,0,0,1758127634,3000,0,0,0
neutral,27,27,51,2,4474,303,0,600,303,0,600,0,51,2,4473,303,0,600,303,0,600,0,0,0,1758127634,3000,0,0,0
neutral,28,28,51,2,4473,303,0,600,303,0,600,0,51,3,4472,303,0,600,303,0,600,0,0,0,1758127634,3000,0,0,0
neutral,29,29,51,3,4472,303,0,600,303,0,600,0,51,3,4471,303,0,600,303,0,600,0,0,0,1758127634,3000,0,0,0
neutral,30,30,51,3,4471,303,0,600,303,0,600,0,51,3,4470,303,0,600,303,0,600,0,0,0,1758127634,3000,0,0,0
neutral,31,31,51,3,4470,303,0,600,303,0,600,0,51,3,4469,303,0,600,303,0,600,0,0,0,1758127634,3000,0,0,0
neutral,32,32,51,3,4469,303,0,600,303,0,600,0,51,3,4468,303,0,600,303,0,600,0,0,0,1758127634,3000,0,0,0
neutral,33,33,51,3,4468,303,0,600,303,0,600,0,51,3,4467,303,0,600,303,0,600,0,0,0,1758127634,3000,0,0,0
neutral,34,34,51,3,4467,303,0,600,303,0,600,0,51,0,4466,303,0,600,303,0,600,0,0,0,1758127634,3000,0,0,0
neutral,35,35,51,0,4466,303,0,600,303,0,600,0,51,0,4465,303,0,600,303,0,600,0,0,0,1758127634,3000,0,0,0
neutral,36,36,51,0,4465,303,0,600,303,0,600,0,51,0,4464,303,0,600,303,0,600,0,0,0,1758127634,3000,0,0,0
neutral,37,37,51,0,4464,303,0,600,303,0,600,0,51,0,4463,303,0,600,303,0,600,0,0,0,1758127634,3000,0,0,0
neutral,38,38,51,0,4463,303,0,600,303,0,600,0,51,0,4462,303,0,600,303,0,600,0,0,0,1758127634,3000,0,0,0
neutral,39,39,51,0,4462,303,0,600,303,0,600,0,51,0,4461,303,0,600,303,0,600,0,0,0,1758127634,3000,0,0,0
neutral,40,40,51,0,4461,303,0,600,303,0,600,0,51,1,4460,303,0,600,303,0,600,0,0,0,1758127634,3000,0,0,0
neutral,41,41,51,1,4460,303,0,600,303,0,600,0,51,1,4459,303,0,600,303,0,600,0,0,0,1758127634,3000,0,0,0
neutral,42,42,51,1,4459,303,0,600,303,0,600,0,51,1,4458,303,0,600,303,0,600,0,0,0,1758127634,3000,0,0,0
neutral,43,43,51,1,4458,303,0,600,303,0,600,0,51,1,4457,303,0,600,303,0,600,0,0,0,1758127634,3000,0,0,0
neutral,44,44,51,1,4457,303,0,600,303,0,600,0,51,1,4456,303,0,600,303,0,600,0,0,0,1758127634,3000,0,0,0
neutral,45,45,51,1,4456,303,0,600,303,0,600,0,51,1,4455,303,0,600,303,0,600,0,0,0,1758127634,3000,0,0,0
neutral,46,46,51,1,4455,303,0,600,303,0,600,0,51,2,4454,303,0,600,303,0,600,0,0,0,1758127634,3000,0,0,0
neutral,47,47,51,2,4454,303,0,600,303,0,600,0,51,2,4453,303,0,600,303,0,600,0,0,0,1758127634,3000,0,0,0
neutral,48,48,51,2,4453,303,0,600,303,0,600,0,51,2,4452,303,0,600,303,0,600,0,0,0,1758127634,3000,0,0,0
neutral,49,49,51,2,4452,303,0,600,303,0,600,0,51,2,4451,303,0,600,303,0,600,0,0,0,1758127634,3000,0,0,0
neutral,50,50,51,2,4451,303,0,600,303,0,600,0,51,2,4450,303,0,600,303,0,600,0,0,0,1758127634,3000,0,0,0
neutral,51,51,51,2,4450,303,0,600,303,0,600,0,51,2,4449,303,0,600,303,0,600,0,0,0,1758127634,3000,0,0,0
neutral,52,52,51,2,4449,303,0,600,303,0,600,0,51,3,4448,303,0,600,303,0,600,0,0,0,1758127634,3000,0,0,0
neutral,53,53,51,3,4448,303,0,600,303,0,600,0,51,3,4447,303,0,600,303,0,600,0,0,0,1758127634,3000,0,0,0
neutral,54,54,51,3,4447,303,0,600,303,0,600,0,51,3,4446,303,0,600,303,0,600,0,0,0,1758127634,3000,0,0,0
neutral,55,55,51,3,4446,303,0,600,303,0,600,0,51,3,4445,303,0,600,303,0,600,0,0,0,1758127634,3000,0,0,0
neutral,56,56,51,3,4445,303,0,600,303,0,600,0,51,3,4444,303,0,600,303,0,600,0,0,0,1758127634,3000,0,0,0
neutral,57,57,51,3,4444,303,0,600,303,0,600,0,51,3,4443,303,0,600,303,0,600,0,0,0,1758127634,3000,0,0,0
neutral,58,58,51,3,4443,303,0,600,303,0,600,0,51,0,4442,303,0,600,303,0,600,0,0,0,1758127634,3000,0,0,0
neutral,59,59,51,0,4442,303,0,600,303,0,600,0,51,0,4441,303,0,600,303,0,600,0,0,0,1758127634,3000,0,0,0
neutral,60,60,51,0,4441,303,0,600,303,0,600,0,51,0,4440,303,0,600,303,0,600,0,0,0,1758127634,3000,0,0,0
neutral,61,61,51,0,4440,303,0,600,303,0,600,0,51,0,4439,303,0,600,303,0,600,0,0,0,1758127634,3000,0,0,0
neutral,62,62,51,0,4439,303,0,600,303,0,600,0,51,0,4438,303,0,600,303,0,600,0,0,0,1758127634,3000,0,0,0
neutral,63,63,51,0,4438,303,0,600,303,0,600,0,51,0,4437,303,0,600,303,0,600,0,0,0,1758127634,3000,0,0,0
neutral,64,64,51,0,4437,303,0,600,303,0,600,0,51,1,4436,303,0,600,303,0,600,0,0,0,1758127634,3000,0,0,0
neutral,65,65,51,1,4436,303,0,600,303,0,600,0,51,1,4435,303,0,600,303,0,600,0,0,0,1758127634,3000,0,0,0
neutral,66,66,51,1,4435,303,0,600,303,0,600,0,51,1,4434,303,0,600,303,0,600,0,0,0,1758127634,3000,0,0,0
neutral,67,67,51,1,4434,303,0,600,303,0,600,0,51,1,4433,303,0,600,303,0,600,0,0,0,1758127634,3000,0,0,0
neutral,68,68,51,1,4433,303,0,600,303,0,600,0,51,1,4432,303,0,600,303,0,600,0,0,0,1758127634,3000,0,0,0
neutral,69,69,51,1,4432,303,0,600,303,0,600,0,51,1,4431,303,0,600,303,0,600,0,0,0,1758127634,3000,0,0,0
neutral,70,70,51,1,4431,303,0,600,303,0,600,0,51,2,4430,303,0,600,303,0,600,0,0,0,1758127634,3000,0,0,0
neutral,71,71,51,2,4430,303,0,600,303,0,600,0,51,2,4429,303,0,600,303,0,600,0,0,0,1758127634,3000,0,0,0
neutral,72,72,51,2,4429,303,0,600,303,0,600,0,51,2,4428,303,0,600,303,0,600,0,0,0,1758127634,3000,0,0,0
neutral,73,73,51,2,4428,303,0,600,303,0,600,0,51,2,4427,303,0,600,303,0,600,0,0,0,1758127634,3000,0,0,0
neutral,74,74,51,2,4427,303,0,600,303,0,600,0,51,2,4426,303,0,600,303,0,600,0,0,0,1758127634,3000,0,0,0
neutral,75,75,51,2,4426,303,0,600,303,0,600,0,51,2,4425,303,0,600,303,0,600,0,0,0,1758127634,3000,0,0,0
neutral,76,76,51,2,4425,303,0,600,303,0,600,0,51,3,4424,303,0,600,303,0,600,0,0,0,1758127634,3000,0,0,0
neutral,77,77,51,3,4424,303,0,600,303,0,600,0,51,3,4423,303,0,600,303,0,600,0,0,0,1758127634,3000,0,0,0
neutral,78,78,51,3,4423,303,0,600,303,0,600,0,51,3,4422,303,0,600,303,0,600,0,0,0,1758127634,3000,0,0,0
neutral,79,79,51,3,4422,303,0,600,303,0,600,0,51,3,4421,303,0,600,303,0,600,0,0,0,1758127634,3000,0,0,0
neutral,80,80,51,3,4421,303,0,600,303,0,600,0,51,3,4420,303,0,600,303,0,600,0,0,0,1758127634,3000,0,0,0
neutral,81,81,51,3,4420,303,0,600,303,0,600,0,51,3,4419,303,0,600,303,0,600,0,0,0,1758127634,3000,0,0,0
neutral,82,82,51,3,4419,303,0,600,303,0,600,0,51,0,4418,303,0,600,303,0,600,0,0,0,1758127634,3000,0,0,0
neutral,83,83,51,0,4418,303,0,600,303,0,600,0,51,0,4417,303,0,600,303,0,600,0,0,0,1758127634,3000,0,0,0
neutral,84,84,51,0,4417,303,0,600,303,0,600,0,51,0,4416,303,0,600,303,0,600,0,0,0,1758127634,3000,0,0,0
neutral,85,85,51,0,4416,303,0,600,303,0,600,0,51,0,4415,303,0,600,303,0,600,0,0,0,1758127634,3000,0,0,0
neutral,86,86,51,0,4415,303,0,600,303,0,600,0,51,0,4414,303,0,600,303,0,600,0,0,0,1758127634,3000,0,0,0
neutral,87,87,51,0,4414,303,0,600,303,0,600,0,51,0,4413,303,0,600,303,0,600,0,0,0,1758127634,3000,0,0,0
neutral,88,88,51,0,4413,303,0,600,303,0,600,0,51,1,4412,303,0,600,303,0,600,0,0,0,1758127634,3000,0,0,0
neutral,89,89,51,1,4412,303,0,600,303,0,600,0,51,1,4411,303,0,600,303,0,600,0,0,0,1758127634,3000,0,0,0
neutral,90,90,51,1,4411,303,0,600,303,0,600,0,51,1,4410,303,0,600,303,0,600,0,0,0,1758127634,3000,0,0,0
neutral,91,91,51,1,4410,303,0,600,303,0,600,0,51,1,4409,303,0,600,303,0,600,0,0,0,1758127634,3000,0,0,0
neutral,92,92,51,1,4409,303,0,600,303,0,600,0,51,1,4408,303,0,600,303,0,600,0,0,0,1758127634,3000,0,0,0
neutral,93,93,51,1,4408,303,0,600,303,0,600,0,51,1,4407,303,0,600,303,0,600,0,0,0,1758127634,3000,0,0,0
neutral,94,94,51,1,4407,303,0,600,303,0,600,0,51,2,4406,303,0,600,303,0,600,0,0,0,1758127634,3000,0,0,0
neutral,95,95,51,2,4406,303,0,600,303,0,600,0,51,2,4405,303,0,600,303,0,600,0,0,0,1758127634,3000,0,0,0
neutral,96,96,51,2,4405,303,0,600,303,0,600,0,51,2,4404,303,0,600,303,0,600,0,0,0,1758127634,3000,0,0,0
neutral,97,97,51,2,4404,303,0,600,303,0,600,0,51,2,4403,303,0,600,303,0,600,0,0,0,1758127634,3000,0,0,0
neutral,98,98,51,2,4403,303,0,600,303,0,600,0,51,2,4402,303,0,600,303,0,600,0,0,0,1758127634,3000,0,0,0
neutral,99,99,51,2,4402,303,0,600,303,0,600,0,51,2,4401,303,0,600,303,0,600,0,0,0,1758127634,3000,0,0,0
neutral,100,100,51,2,4401,303,0,600,303,0,600,0,51,3,4400,303,0,600,303,0,600,0,0,0,1758127634,3000,0,0,0
neutral,101,101,51,3,4400,303,0,600,303,0,600,0,51,3,4399,303,0,600,303,0,600,0,0,0,1758127634,3000,0,0,0
neutral,102,102,51,3,4399,303,0,600,303,0,600,0,51,3,4398,303,0,600,303,0,600,0,0,0,1758127634,3000,0,0,0
neutral,103,103,51,3,4398,303,0,600,303,0,600,0,51,3,4397,303,0,600,303,0,600,0,0,0,1758127634,3000,0,0,0
neutral,104,104,51,3,4397,303,0,600,303,0,600,0,51,3,4396,303,0,600,303,0,600,0,0,0,1758127634,3000,0,0,0
neutral,105,105,51,3,4396,303,0,600,303,0,600,0,51,3,4395,303,0,600,303,0,600,0,0,0,1758127634,3000,0,0,0
neutral,106,106,51,3,4395,303,0,600,303,0,600,0,51,0,4394,303,0,600,303,0,600,0,0,0,1758127634,3000,0,0,0
neutral,107,107,51,0,4394,303,0,600,303,0,600,0,51,0,4393,303,0,600,303,0,600,0,0,0,1758127634,3000,0,0,0
neutral,108,108,51,0,4393,303,0,600,303,0,600,0,51,0,4392,303,0,600,303,0,600,0,0,0,1758127634,3000,0,0,0
neutral,109,109,51,0,4392,303,0,600,303,0,600,0,51,0,4391,303,0,600,303,0,600,0,0,0,1758127634,3000,0,0,0
neutral,110,110,51,0,4391,303,0,600,303,0,600,0,51,0,4390,303,0,600,303,0,600,0,0,0,1758127634,3000,0,0,0
neutral,111,111,51,0,4390,303,0,600,303,0,600,0,51,0,4389,303,0,600,303,0,600,0,0,0,1758127634,3000,0,0,0
neutral,112,112,51,0,4389,303,0,600,303,0,600,0,51,1,4388,303,0,600,303,0,600,0,0,0,1758127634,3000,0,0,0
neutral,113,113,51,1,4388,303,0,600,303,0,600,0,51,1,4387,303,0,600,303,0,600,0,0,0,1758127634,3000,0,0,0
neutral,114,114,51,1,4387,303,0,600,303,0,600,0,51,1,4386,303,0,600,303,0,600,0,0,0,1758127634,3000,0,0,0
neutral,115,115,51,1,4386,303,0,600,303,0,600,0,51,1,4385,303,0,600,303,0,600,0,0,0,1758127634,3000,0,0,0
neutral,116,116,51,1,4385,303,0,600,303,0,600,0,51,1,4384,303,0,600,303,0,600,0,0,0,1758127634,3000,0,0,0
neutral,117,117,51,1,4384,303,0,600,303,0,600,0,51,1,4383,303,0,600,303,0,600,0,0,0,1758127634,3000,0,0,0
neutral,118,118,51,1,4383,303,0,600,303,0,600,0,51,2,4382,303,0,600,303,0,600,0,0,0,1758127634,3000,0,0,0
neutral,119,119,51,2,4382,303,0,600,303,0,600,0,51,2,4381,303,0,600,303,0,600,0,0,0,1758127634,3000,0,0,0
neutral,120,120,51,2,4381,303,0,600,303,0,600,0,51,2,4380,303,0,600,303,0,600,0,0,0,1758127634,3000,0,0,0
neutral,121,121,51,2,4380,303,0,600,303,0,600,0,51,2,4379,303,0,600,303,0,600,0,0,0,1758127634,3000,0,0,0
neutral,122,122,51,2,4379,303,0,600,303,0,600,0,51,2,4378,303,0,600,303,0,600,0,0,0,1758127634,3000,0,0,0
neutral,123,123,51,2,4378,303,0,600,303,0,600,0,51,2,4377,303,0,600,303,0,600,0,0,0,1758127634,3000,0,0,0
neutral,124,124,51,2,4377,303,0,600,303,0,600,0,51,3,4376,303,0,600,303,0,600,0,0,0,1758127634,3000,0,0,0
neutral,125,125,51,3,4376,303,0,600,303,0,600,0,51,3,4375,303,0,600,303,0,600,0,0,0,1758127634,3000,0,0,0
neutral,126,126,51,3,4375,303,0,600,303,0,600,0,51,3,4374,303,0,600,303,0,600,0,0,0,1758127634,3000,0,0,0
neutral,127,127,51,3,4374,303,0,600,303,0,600,0,51,3,4373,303,0,600,303,0,600,0,0,0,1758127634,3000,0,0,0
neutral,128,128,51,3,4373,303,0,600,303,0,600,0,51,3,4372,303,0,600,303,0,600,0,0,0,1758127634,3000,0,0,0
neutral,129,129,51,3,4372,303,0,600,303,0,600,0,51,3,4371,303,0,600,303,0,600,0,0,0,1758127634,3000,0,0,0
neutral,130,130,51,3,4371,303,0,600,303,0,600,0,51,0,4370,303,0,600,303,0,600,0,0,0,1758127634,3000,0,0,0
neutral,131,131,51,0,4370,303,0,600,303,0,600,0,51,0,4369,303,0,600,303,0,600,0,0,0,1758127634,3000,0,0,0
neutral,132,132,51,0,4369,303,0,600,303,0,600,0,51,0,4368,303,0,600,303,0,600,0,0,0,1758127634,3000,0,0,0
neutral,133,133,51,0,4368,303,0,600,303,0,600,0,51,0,4367,303,0,600,303,0,600,0,0,0,1758127634,3000,0,0,0
neutral,134,134,51,0,4367,303,0,600,303,0,600,0,51,0,4366,303,0,600,303,0,600,0,0,0,1758127634,3000,0,0,0
neutral,135,135,51,0,4366,303,0,600,303,0,600,0,51,0,4365,303,0,600,303,0,600,0,0,0,1758127634,3000,0,0,0
neutral,136,136,51,0,4365,303,0,600,303,0,600,0,51,1,4364,303,0,600,303,0,600,0,0,0,1758127634,3000,0,0,0
neutral,137,137,51,1,4364,303,0,600,303,0,600,0,51,1,4363,303,0,600,303,0,600,0,0,0,1758127634,3000,0,0,0
neutral,138,138,51,1,4363,303,0,600,303,0,600,0,51,1,4362,303,0,600,303,0,600,0,0,0,1758127634,3000,0,0,0
neutral,139,139,51,1,4362,303,0,600,303,0,600,0,51,1,4361,303,0,600,303,0,600,0,0,0,1758127634,3000,0,0,0
neutral,140,140,51,1,4361,303,0,600,303,0,600,0,51,1,4360,303,0,600,303,0,600,0,0,0,1758127634,3000,0,0,0
neutral,141,141,51,1,4360,303,0,600,303,0,600,0,51,1,4359,303,0,600,303,0,600,0,0,0,1758127634,3000,0,0,0
neutral,142,142,51,1,4359,303,0,600,303,0,600,0,51,2,4358,303,0,600,303,0,600,0,0,0,1758127634,3000,0,0,0
neutral,143,143,51,2,4358,303,0,600,303,0,600,0,51,2,4357,303,0,600,303,0,600,0,0,0,1758127634,3000,0,0,0
neutral,144,144,51,2,4357,303,0,600,303,0,600,0,51,2,4356,303,0,600,303,0,600,0,0,0,1758127634,3000,0,0,0
neutral,145,145,51,2,4356,303,0,600,303,0,600,0,51,2,4355,303,0,600,303,0,600,0,0,0,1758127634,3000,0,0,0
neutral,146,146,51,2,4355,303,0,600,303,0,600,0,51,2,4354,303,0,600,303,0,600,0,0,0,1758127634,3000,0,0,0
neutral,147,147,51,2,4354,303,0,600,303,0,600,0,51,2,4353,303,0,600,303,0,600,0,0,0,1758127634,3000,0,0,0
neutral,148,148,51,2,4353,303,0,600,303,0,600,0,51,3,4352,303,0,600,303,0,600,0,0,0,1758127634,3000,0,0,0
neutral,149,149,51,3,4352,303,0,600,303,0,600,0,51,3,4351,303,0,600,303,0,600,0,0,0,1758127634,3000,0,0,0
neutral,150,150,51,3,4351,303,0,600,303,0,600,0,51,3,4350,303,0,600,303,0,600,0,0,0,1758127634,3000,0,0,0
neutral,151,151,51,3,4350,303,0,600,303,0,600,0,51,3,4349,303,0,600,303,0,600,0,0,0,1758127634,3000,0,0,0
neutral,152,152,51,3,4349,303,0,600,303,0,600,0,51,3,4348,303,0,600,303,0,600,0,0,0,1758127634,3000,0,0,0
neutral,153,153,51,3,4348,303,0,600,303,0,600,0,51,3,4347,303,0,600,303,0,600,0,0,0,1758127634,3000,0,0,0
neutral,154,154,51,3,4347,303,0,600,303,0,600,0,51,0,4346,303,0,600,303,0,600,0,0,0,1758127634,3000,0,0,0
neutral,155,155,51,0,4346,303,0,600,303,0,600,0,51,0,4345,303,0,600,303,0,600,0,0,0,1758127634,3000,0,0,0
neutral,156,156,51,0,4345,303,0,600,303,0,600,0,51,0,4344,303,0,600,303,0,600,0,0,0,1758127634,3000,0,0,0
neutral,157,157,51,0,4344,303,0,600,303,0,600,0,51,0,4343,303,0,600,303,0,600,0,0,0,1758127634,3000,0,0,0
neutral,158,158,51,0,4343,303,0,600,303,0,600,0,51,0,4342,303,0,600,303,0,600,0,0,0,1758127634,3000,0,0,0
neutral,159,159,51,0,4342,303,0,600,303,0,600,0,51,0,4341,303,0,600,303,0,600,0,0,0,1758127634,3000,0,0,0
neutral,160,160,51,0,4341,303,0,600,303,0,600,0,51,1,4340,303,0,600,303,0,600,0,0,0,1758127634,3000,0,0,0
neutral,161,161,51,1,4340,303,0,600,303,0,600,0,51,1,4339,303,0,600,303,0,600,0,0,0,1758127634,3000,0,0,0
neutral,162,162,51,1,4339,303,0,600,303,0,600,0,51,1,4338,303,0,600,303,0,600,0,0,0,1758127634,3000,0,0,0
neutral,163,163,51,1,4338,303,0,600,303,0,600,0,51,1,4337,303,0,600,303,0,600,0,0,0,1758127634,3000,0,0,0
neutral,164,164,51,1,4337,303,0,600,303,0,600,0,51,1,4336,303,0,600,303,0,600,0,0,0,1758127634,3000,0,0,0
neutral,165,165,51,1,4336,303,0,600,303,0,600,0,51,1,4335,303,0,600,303,0,600,0,0,0,1758127634,3000,0,0,0
neutral,166,166,51,1,4335,303,0,600,303,0,600,0,51,2,4334,303,0,600,303,0,600,0,0,0,1758127634,3000,0,0,0
neutral,167,167,51,2,4334,303,0,600,303,0,600,0,51,2,4333,303,0,600,303,0,600,0,0,0,1758127634,3000,0,0,0
neutral,168,168,51,2,4333,303,0,600,303,0,600,0,51,2,4332,303,0,600,303,0,600,0,0,0,1758127634,3000,0,0,0
neutral,169,169,51,2,4332,303,0,600,303,0,600,0,51,2,4331,303,0,600,303,0,600,0,0,0,1758127634,3000,0,0,0
neutral,170,170,51,2,4331,303,0,600,303,0,600,0,51,2,4330,303,0,600,303,0,600,0,0,0,1758127634,3000,0,0,0
neutral,171,171,51,2,4330,303,0,600,303,0,600,0,51,2,4329,303,0,600,303,0,600,0,0,0,1758127634,3000,0,0,0
neutral,172,172,51,2,4329,303,0,600,303,0,600,0,51,3,4328,303,0,600,303,0,600,0,0,0,1758127634,3000,0,0,0
neutral,173,173,51,3,4328,303,0,600,303,0,600,0,51,3,4327,303,0,600,303,0,600,0,0,0,1758127634,3000,0,0,0
neutral,174,174,51,3,4327,303,0,600,303,0,600,0,51,3,4326,303,0,600,303,0,600,0,0,0,1758127634,3000,0,0,0
neutral,175,175,51,3,4326,303,0,600,303,0,600,0,51,3,4325,303,0,600,303,0,600,0,0,0,1758127634,3000,0,0,0
neutral,176,176,51,3,4325,303,0,600,303,0,600,0,51,3,4324,303,0,600,303,0,600,0,0,0,1758127634,3000,0,0,0
neutral,177,177,51,3,4324,303,0,600,303,0,600,0,51,3,4323,303,0,600,303,0,600,0,0,0,1758127634,3000,0,0,0
neutral,178,178,51,3,4323,303,0,600,303,0,600,0,51,0,4322,303,0,600,303,0,600,0,0,0,1758127634,3000,0,0,0
neutral,179,179,51,0,4322,303,0,600,303,0,600,0,51,0,4321,303,0,600,303,0,600,0,0,0,1758127634,3000,0,0,0
neutral,180,180,51,0,4321,303,0,600,303,0,600,0,51,0,4320,303,0,600,303,0,600,0,0,0,1758127634,3000,0,0,0
neutral,181,181,51,0,4320,303,0,600,303,0,600,0,51,0,4319,303,0,600,303,0,600,0,0,0,1758127634,3000,0,0,0
neutral,182,182,51,0,4319,303,0,600,303,0,600,0,51,0,4318,303,0,600,303,0,600,0,0,0,1758127634,3000,0,0,0
neutral,183,183,51,0,4318,303,0,600,303,0,600,0,51,0,4317,303,0,600,303,0,600,0,0,0,1758127634,3000,0,0,0
neutral,184,184,51,0,4317,303,0,600,303,0,600,0,51,1,4316,303,0,600,303,0,600,0,0,0,1758127634,3000,0,0,0
neutral,185,185,51,1,4316,303,0,600,303,0,600,0,51,1,4315,303,0,600,303,0,600,0,0,0,1758127634,3000,0,0,0
neutral,186,186,51,1,4315,303,0,600,303,0,600,0,51,1,4314,303,0,600,303,0,600,0,0,0,1758127634,3000,0,0,0
neutral,187,187,51,1,4314,303,0,600,303,0,600,0,51,1,4313,303,0,600,303,0,600,0,0,0,1758127634,3000,0,0,0
neutral,188,188,51,1,4313,303,0,600,303,0,600,0,51,1,4312,303,0,600,303,0,600,0,0,0,1758127634,3000,0,0,0
neutral,189,189,51,1,4312,303,0,600,303,0,600,0,51,1,4311,303,0,600,303,0,600,0,0,0,1758127634,3000,0,0,0
neutral,190,190,51,1,4311,303,0,600,303,0,600,0,51,2,4310,303,0,600,303,0,600,0,0,0,1758127634,3000,0,0,0
neutral,191,191,51,2,4310,303,0,600,303,0,600,0,51,2,4309,303,0,600,303,0,600,0,0,0,1758127634,3000,0,0,0
neutral,192,192,51,2,4309,303,0,600,303,0,600,0,51,2,4308,303,0,600,303,0,600,0,0,0,1758127634,3000,0,0,0
neutral,193,193,51,2,4308,303,0,600,303,0,600,0,51,2,4307,303,0,600,303,0,600,0,0,0,1758127634,3000,0,0,0
neutral,194,194,51,2,4307,303,0,600,303,0,600,0,51,2,4306,303,0,600,303,0,600,0,0,0,1758127634,3000,0,0,0
neutral,195,195,51,2,4306,303,0,600,303,0,600,0,51,2,4305,303,0,600,303,0,600,0,0,0,1758127634,3000,0,0,0
neutral,196,196,51,2,4305,303,0,600,303,0,600,0,51,3,4304,303,0,600,303,0,600,0,0,0,1758127634,3000,0,0,0
neutral,197,197,51,3,4304,303,0,600,303,0,600,0,51,3,4303,303,0,600,303,0,600,0,0,0,1758127634,3000,0,0,0
neutral,198,198,51,3,4303,303,0,600,303,0,600,0,51,3,4302,303,0,600,303,0,600,0,0,0,1758127634,3000,0,0,0
neutral,199,199,51,3,4302,303,0,600,303,0,600,0,51,3,4301,303,0,600,303,0,600,0,0,0,1758127634,3000,0,0,0
neutral,200,200,51,3,4301,303,0,600,303,0,600,0,51,3,4300,303,0,600,303,0,600,0,0,0,1758127634,3000,0,0,0
neutral,201,201,51,3,4300,303,0,600,303,0,600,0,51,3,4299,303,0,600,303,0,600,0,0,0,1758127634,3000,0,0,0
neutral,202,202,51,3,4299,303,0,600,303,0,600,0,51,0,4298,303,0,600,303,0,600,0,0,0,1758127634,3000,0,0,0
neutral,203,203,51,0,4298,303,0,600,303,0,600,0,51,0,4297,303,0,600,303,0,600,0,0,0,1758127634,3000,0,0,0
neutral,204,204,51,0,4297,303,0,600,303,0,600,0,51,0,4296,303,0,600,303,0,600,0,0,0,1758127634,3000,0,0,0
neutral,205,205,51,0,4296,303,0,600,303,0,600,0,51,0,4295,303,0,600,303,0,600,0,0,0,1758127634,3000,0,0,0
neutral,206,206,51,0,4295,303,0,600,303,0,600,0,51,0,4294,303,0,600,303,0,600,0,0,0,1758127634,3000,0,0,0
neutral,207,207,51,0,4294,303,0,600,303,0,600,0,51,0,4293,303,0,600,303,0,600,0,0,0,1758127634,3000,0,0,0
neutral,208,208,51,0,4293,303,0,600,303,0,600,0,51,1,4292,303,0,600,303,0,600,0,0,0,1758127634,3000,0,0,0
neutral,209,209,51,1,4292,303,0,600,303,0,600,0,51,1,4291,303,0,600,303,0,600,0,0,0,1758127634,3000,0,0,0
neutral,210,210,51,1,4291,303,0,600,303,0,600,0,51,1,4290,303,0,600,303,0,600,0,0,0,1758127634,3000,0,0,0
neutral,211,211,51,1,4290,303,0,600,303,0,600,0,51,1,4289,303,0,600,303,0,600,0,0,0,1758127634,3000,0,0,0
neutral,212,212,51,1,4289,303,0,600,303,0,600,0,51,1,4288,303,0,600,303,0,600,0,0,0,1758127634,3000,0,0,0
neutral,213,213,51,1,4288,303,0,600,303,0,600,0,51,1,4287,303,0,600,303,0,600,0,0,0,1758127634,3000,0,0,0
neutral,214,214,51,1,4287,303,0,600,303,0,600,0,51,2,4286,303,0,600,303,0,600,0,0,0,1758127634,3000,0,0,0
neutral,215,215,51,2,4286,303,0,600,303,0,600,0,51,2,4285,303,0,600,303,0,600,0,0,0,1758127634,3000,0,0,0
neutral,216,216,51,2,4285,303,0,600,303,0,600,0,51,2,4284,303,0,600,303,0,600,0,0,0,1758127634,3000,0,0,0
neutral,217,217,51,2,4284,303,0,600,303,0,600,0,51,2,4283,303,0,600,303,0,600,0,0,0,1758127634,3000,0,0,0
neutral,218,218,51,2,4283,303,0,600,303,0,600,0,51,2,4282,303,0,600,303,0,600,0,0,0,1758127634,3000,0,0,0
neutral,219,219,51,2,4282,303,0,600,303,0,600,0,51,2,4281,303,0,600,303,0,600,0,0,0,1758127634,3000,0,0,0
neutral,220,220,51,2,4281,303,0,600,303,0,600,0,51,3,4280,303,0,600,303,0,600,0,0,0,1758127634,3000,0,0,0
neutral,221,221,51,3,4280,303,0,600,303,0,600,0,51,3,4279,303,0,600,303,0,600,0,0,0,1758127634,3000,0,0,0
neutral,222,222,51,3,4279,303,0,600,303,0,600,0,51,3,4278,303,0,600,303,0,600,0,0,0,1758127634,3000,0,0,0
neutral,223,223,51,3,4278,303,0,600,303,0,600,0,51,3,4277,303,0,600,303,0,600,0,0,0,1758127634,3000,0,0,0
neutral,224,224,51,3,4277,303,0,600,303,0,600,0,51,3,4276,303,0,600,303,0,600,0,0,0,1758127634,3000,0,0,0
neutral,225,225,51,3,4276,303,0,600,303,0,600,0,51,3,4275,303,0,600,303,0,600,0,0,0,1758127634,3000,0,0,0
neutral,226,226,51,3,4275,303,0,600,303,0,600,0,51,0,4274,303,0,600,303,0,600,0,0,0,1758127634,3000,0,0,0
neutral,227,227,51,0,4274,303,0,600,303,0,600,0,51,0,4273,303,0,600,303,0,600,0,0,0,1758127634,3000,0,0,0
neutral,228,228,51,0,4273,303,0,600,303,0,600,0,51,0,4272,303,0,600,303,0,600,0,0,0,1758127634,3000,0,0,0
neutral,229,229,51,0,4272,303,0,600,303,0,600,0,51,0,4271,303,0,600,303,0,600,0,0,0,1758127634,3000,0,0,0
neutral,230,230,51,0,4271,303,0,600,303,0,600,0,51,0,4270,303,0,600,303,0,600,0,0,0,1758127634,3000,0,0,0
neutral,231,231,51,0,4270,303,0,600,303,0,600,0,51,0,4269,303,0,600,303,0,600,0,0,0,1758127634,3000,0,0,0
neutral,232,232,51,0,4269,303,0,600,303,0,600,0,51,1,4268,303,0,600,303,0,600,0,0,0,1758127634,3000,0,0,0
neutral,233,233,51,1,4268,303,0,600,303,0,600,0,51,1,4267,303,0,600,303,0,600,0,0,0,1758127634,3000,0,0,0
neutral,234,234,51,1,4267,303,0,600,303,0,600,0,51,1,4266,303,0,600,303,0,600,0,0,0,1758127634,3000,0,0,0
neutral,235,235,51,1,4266,303,0,600,303,0,600,0,51,1,4265,303,0,600,303,0,600,0,0,0,1758127634,3000,0,0,0
neutral,236,236,51,1,4265,303,0,600,303,0,600,0,51,1,4264,303,0,600,303,0,600,0,0,0,1758127634,3000,0,0,0
neutral,237,237,51,1,4264,303,0,600,303,0,600,0,51,1,4263,303,0,600,303,0,600,0,0,0,1758127634,3000,0,0,0
neutral,238,238,51,1,4263,303,0,600,303,0,600,0,51,2,4262,303,0,600,303,0,600,0,0,0,1758127634,3000,0,0,0
neutral,239,239,51,2,4262,303,0,600,303,0,600,0,51,2,4261,303,0,600,303,0,600,0,0,0,1758127634,3000,0,0,0
neutral,240,240,51,2,4261,303,0,600,303,0,600,0,51,2,4260,303,0,600,303,0,600,0,0,0,1758127634,3000,0,0,0
neutral,241,241,51,2,4260,303,0,600,303,0,600,0,51,2,4259,303,0,600,303,0,600,0,0,0,1758127634,3000,0,0,0
neutral,242,242,51,2,4259,303,0,600,303,0,600,0,51,2,4258,303,0,600,303,0,600,0,0,0,1758127634,3000,0,0,0
neutral,243,243,51,2,4258,303,0,600,303,0,600,0,51,2,4257,303,0,600,303,0,600,0,0,0,1758127634,3000,0,0,0
neutral,244,244,51,2,4257,303,0,600,303,0,600,0,51,3,4256,303,0,600,303,0,600,0,0,0,1758127634,3000,0,0,0
neutral,245,245,51,3,4256,303,0,600,303,0,600,0,51,3,4255,303,0,600,303,0,600,0,0,0,1758127634,3000,0,0,0
neutral,246,246,51,3,4255,303,0,600,303,0,600,0,51,3,4254,303,0,600,303,0,600,0,0,0,1758127634,3000,0,0,0
neutral,247,247,51,3,4254,303,0,600,303,0,600,0,51,3,4253,303,0,600,303,0,600,0,0,0,1758127634,3000,0,0,0
neutral,248,248,51,3,4253,303,0,600,303,0,600,0,51,3,4252,303,0,600,303,0,600,0,0,0,1758127634,3000,0,0,0
neutral,249,249,51,3,4252,303,0,600,303,0,600,0,51,3,4251,303,0,600,303,0,600,0,0,0,1758127634,3000,0,0,0
neutral,250,250,51,3,4251,303,0,600,303,0,600,0,51,0,4250,303,0,600,303,0,600,0,0,0,1758127634,3000,0,0,0
neutral,251,251,51,0,4250,303,0,600,303,0,600,0,51,0,4249,303,0,600,303,0,600,0,0,0,1758127634,3000,0,0,0
neutral,252,252,51,0,4249,303,0,600,303,0,600,0,51,0,4248,303,0,600,303,0,600,0,0,0,1758127634,3000,0,0,0
neutral,253,253,51,0,4248,303,0,600,303,0,600,0,51,0,4247,303,0,600,303,0,600,0,0,0,1758127634,3000,0,0,0
neutral,254,254,51,0,4247,303,0,600,303,0,600,0,51,0,4246,303,0,600,303,0,600,0,0,0,1758127634,3000,0,0,0
neutral,255,255,51,0,4246,303,0,600,303,0,600,0,51,0,4245,303,0,600,303,0,600,0,0,0,1758127634,3000,0,0,0
neutral,256,256,51,0,4245,303,0,600,303,0,600,0,51,1,4244,303,0,600,303,0,600,0,0,0,1758127634,3000,0,0,0
neutral,257,257,51,1,4244,303,0,600,303,0,600,0,51,1,4243,303,0,600,303,0,600,0,0,0,1758127634,3000,0,0,0
neutral,258,258,51,1,4243,303,0,600,303,0,600,0,51,1,4242,303,0,600,303,0,600,0,0,0,1758127634,3000,0,0,0
neutral,259,259,51,1,4242,303,0,600,303,0,600,0,51,1,4241,303,0,600,303,0,600,0,0,0,1758127634,3000,0,0,0
neutral,260,260,51,1,4241,303,0,600,303,0,600,0,51,1,4240,303,0,600,303,0,600,0,0,0,1758127634,3000,0,0,0
neutral,261,261,51,1,4240,303,0,600,303,0,600,0,51,1,4239,303,0,600,303,0,600,0,0,0,1758127634,3000,0,0,0
neutral,262,262,51,1,4239,303,0,600,303,0,600,0,51,2,4238,303,0,600,303,0,600,0,0,0,1758127634,3000,0,0,0
neutral,263,263,51,2,4238,303,0,600,303,0,600,0,51,2,4237,303,0,600,303,0,600,0,0,0,1758127634,3000,0,0,0
neutral,264,264,51,2,4237,303,0,600,303,0,600,0,51,2,4236,303,0,600,303,0,600,0,0,0,1758127634,3000,0,0,0
neutral,265,265,51,2,4236,303,0,600,303,0,600,0,51,2,4235,303,0,600,303,0,600,0,0,0,1758127634,3000,0,0,0
neutral,266,266,51,2,4235,303,0,600,303,0,600,0,51,2,4234,303,0,600,303,0,600,0,0,0,1758127634,3000,0,0,0
neutral,267,267,51,2,4234,303,0,600,303,0,600,0,51,2,4233,303,0,600,303,0,600,0,0,0,1758127634,3000,0,0,0
neutral,268,268,51,2,4233,303,0,600,303,0,600,0,51,3,4232,303,0,600,303,0,600,0,0,0,1758127634,3000,0,0,0
neutral,269,269,51,3,4232,303,0,600,303,0,600,0,51,3,4231,303,0,600,303,0,600,0,0,0,1758127634,3000,0,0,0
neutral,270,270,51,3,4231,303,0,600,303,0,600,0,51,3,4230,303,0,600,303,0,600,0,0,0,1758127634,3000,0,0,0
neutral,271,271,51,3,4230,303,0,600,303,0,600,0,51,3,4229,303,0,600,303,0,600,0,0,0,1758127634,3000,0,0,0
neutral,272,272,51,3,4229,303,0,600,303,0,600,0,51,3,4228,303,0,600,303,0,600,0,0,0,1758127634,3000,0,0,0
neutral,273,273,51,3,4228,303,0,600,303,0,600,0,51,3,4227,303,0,600,303,0,600,0,0,0,1758127634,3000,0,0,0
neutral,274,274,51,3,4227,303,0,600,303,0,600,0,51,0,4226,303,0,600,303,0,600,0,0,0,1758127634,3000,0,0,0
neutral,275,275,51,0,4226,303,0,600,303,0,600,0,51,0,4225,303,0,600,303,0,600,0,0,0,1758127634,3000,0,0,0
neutral,276,276,51,0,4225,303,0,600,303,0,600,0,51,0,4224,303,0,600,303,0,600,0,0,0,1758127634,3000,0,0,0
neutral,277,277,51,0,4224,303,0,600,303,0,600,0,51,0,4223,303,0,600,303,0,600,0,0,0,1758127634,3000,0,0,0
neutral,278,278,51,0,4223,303,0,600,303,0,600,0,51,0,4222,303,0,600,303,0,600,0,0,0,1758127634,3000,0,0,0
neutral,279,279,51,0,4222,303,0,600,303,0,600,0,51,0,4221,303,0,600,303,0,600,0,0,0,1758127634,3000,0,0,0
neutral,280,280,51,0,4221,303,0,600,303,0,600,0,51,1,4220,303,0,600,303,0,600,0,0,0,1758127634,3000,0,0,0
neutral,281,281,51,1,4220,303,0,600,303,0,600,0,51,1,4219,303,0,600,303,0,600,0,0,0,1758127634,3000,0,0,0
neutral,282,282,51,1,4219,303,0,600,303,0,600,0,51,1,4218,303,0,600,303,0,600,0,0,0,1758127634,3000,0,0,0
neutral,283,283,51,1,4218,303,0,600,303,0,600,0,51,1,4217,303,0,600,303,0,600,0,0,0,1758127634,3000,0,0,0
neutral,284,284,51,1,4217,303,0,600,303,0,600,0,51,1,4216,303,0,600,303,0,600,0,0,0,1758127634,3000,0,0,0
neutral,285,285,51,1,4216,303,0,600,303,0,600,0,51,1,4215,303,0,600,303,0,600,0,0,0,1758127634,3000,0,0,0
neutral,286,286,51,1,4215,303,0,600,303,0,600,0,51,2,4214,303,0,600,303,0,600,0,0,0,1758127634,3000,0,0,0
neutral,287,287,51,2,4214,303,0,600,303,0,600,0,51,2,4213,303,0,600,303,0,600,0,0,0,1758127634,3000,0,0,0
neutral,288,288,51,2,4213,303,0,600,303,0,600,0,51,2,4212,303,0,600,303,0,600,0,0,0,1758127634,3000,0,0,0
neutral,289,289,51,2,4212,303,0,600,303,0,600,0,51,2,4211,303,0,600,303,0,600,0,0,0,1758127634,3000,0,0,0
neutral,290,290,51,2,4211,303,0,600,303,0,600,0,51,2,4210,303,0,600,303,0,600,0,0,0,1758127634,3000,0,0,0
neutral,291,291,51,2,4210,303,0,600,303,0,600,0,51,2,4209,303,0,600,303,0,600,0,0,0,1758127634,3000,0,0,0
neutral,292,292,51,2,4209,303,0,600,303,0,600,0,51,3,4208,303,0,600,303,0,600,0,0,0,1758127634,3000,0,0,0
neutral,293,293,51,3,4208,303,0,600,303,0,600,0,51,3,4207,303,0,600,303,0,600,0,0,0,1758127634,3000,0,0,0
neutral,294,294,51,3,4207,303,0,600,303,0,600,0,51,3,4206,303,0,600,303,0,600,0,0,0,1758127634,3000,0,0,0
neutral,295,295,51,3,4206,303,0,600,303,0,600,0,51,3,4205,303,0,600,303,0,600,0,0,0,1758127634,3000,0,0,0
neutral,296,296,51,3,4205,303,0,600,303,0,600,0,51,3,4204,303,0,600,303,0,600,0,0,0,1758127634,3000,0,0,0
neutral,297,297,51,3,4204,303,0,600,303,0,600,0,51,3,4203,303,0,600,303,0,600,0,0,0,1758127634,3000,0,0,0
neutral,298,298,51,3,4203,303,0,600,303,0,600,0,51,0,4202,303,0,600,303,0,600,0,0,0,1758127634,3000,0,0,0
neutral,299,299,51,0,4202,303,0,600,303,0,600,0,51,0,4201,303,0,600,303,0,600,0,0,0,1758127634,3000,0,0,0
neutral,300,300,51,0,4201,303,0,600,303,0,600,0,51,0,4200,303,0,600,303,0,600,0,0,0,1758127634,3000,0,0,0
neutral,301,301,51,0,4200,303,0,600,303,0,600,0,51,0,4199,303,0,600,303,0,600,0,0,0,1758127634,3000,0,0,0
neutral,302,302,51,0,4199,303,0,600,303,0,600,0,51,0,4198,303,0,600,303,0,600,0,0,0,1758127634,3000,0,0,0
neutral,303,303,51,0,4198,303,0,600,303,0,600,0,51,0,4197,303,0,600,303,0,600,0,0,0,1758127634,3000,0,0,0
neutral,304,304,51,0,4197,303,0,600,303,0,600,0,51,1,4196,303,0,600,303,0,600,0,0,0,1758127634,3000,0,0,0
neutral,305,305,51,1,4196,303,0,600,303,0,600,0,51,1,4195,303,0,600,303,0,600,0,0,0,1758127634,3000,0,0,0
neutral,306,306,51,1,4195,303,0,600,303,0,600,0,51,1,4194,303,0,600,303,0,600,0,0,0,1758127634,3000,0,0,0
neutral,307,307,51,1,4194,303,0,600,303,0,600,0,51,1,4193,303,0,600,303,0,600,0,0,0,1758127634,3000,0,0,0
neutral,308,308,51,1,4193,303,0,600,303,0,600,0,51,1,4192,303,0,600,303,0,600,0,0,0,1758127634,3000,0,0,0
neutral,309,309,51,1,4192,303,0,600,303,0,600,0,51,1,4191,303,0,600,303,0,600,0,0,0,1758127634,3000,0,0,0
neutral,310,310,51,1,4191,303,0,600,303,0,600,0,51,2,4190,303,0,600,303,0,600,0,0,0,1758127634,3000,0,0,0
neutral,311,311,51,2,4190,303,0,600,303,0,600,0,51,2,4189,303,0,600,303,0,600,0,0,0,1758127634,3000,0,0,0
neutral,312,312,51,2,4189,303,0,600,303,0,600,0,51,2,4188,303,0,600,303,0,600,0,0,0,1758127634,3000,0,0,0
neutral,313,313,51,2,4188,303,0,600,303,0,600,0,51,2,4187,303,0,600,303,0,600,0,0,0,1758127634,3000,0,0,0
neutral,314,314,51,2,4187,303,0,600,303,0,600,0,51,2,4186,303,0,600,303,0,600,0,0,0,1758127634,3000,0,0,0
neutral,315,315,51,2,4186,303,0,600,303,0,600,0,51,2,4185,303,0,600,303,0,600,0,0,0,1758127634,3000,0,0,0
neutral,316,316,51,2,4185,303,0,600,303,0,600,0,51,3,4184,303,0,600,303,0,600,0,0,0,1758127634,3000,0,0,0
neutral,317,317,51,3,4184,303,0,600,303,0,600,0,51,3,4183,303,0,600,303,0,600,0,0,0,1758127634,3000,0,0,0
neutral,318,318,51,3,4183,303,0,600,303,0,600,0,51,3,4182,303,0,600,303,0,600,0,0,0,1758127634,3000,0,0,0
neutral,319,319,51,3,4182,303,0,600,303,0,600,0,51,3,4181,303,0,600,303,0,600,0,0,0,1758127634,3000,0,0,0
neutral,320,320,51,3,4181,303,0,600,303,0,600,0,51,3,4180,303,0,600,303,0,600,0,0,0,1758127634,3000,0,0,0
neutral,321,321,51,3,4180,303,0,600,303,0,600,0,51,3,4179,303,0,600,303,0,600,0,0,0,1758127634,3000,0,0,0
neutral,322,322,51,3,4179,303,0,600,303,0,600,0,51,0,4178,303,0,600,303,0,600,0,0,0,1758127634,3000,0,0,0
neutral,323,323,51,0,4178,303,0,600,303,0,600,0,51,0,4177,303,0,600,303,0,600,0,0,0,1758127634,3000,0,0,0
neutral,324,324,51,0,4177,303,0,600,303,0,600,0,51,0,4176,303,0,600,303,0,600,0,0,0,1758127634,3000,0,0,0
neutral,325,325,51,0,4176,303,0,600,303,0,600,0,51,0,4175,303,0,600,303,0,600,0,0,0,1758127634,3000,0,0,0
neutral,326,326,51,0,4175,303,0,600,303,0,600,0,51,0,4174,303,0,600,303,0,600,0,0,0,1758127634,3000,0,0,0
neutral,327,327,51,0,4174,303,0,600,303,0,600,0,51,0,4173,303,0,600,303,0,600,0,0,0,1758127634,3000,0,0,0
neutral,328,328,51,0,4173,303,0,600,303,0,600,0,51,1,4172,303,0,600,303,0,600,0,0,0,1758127634,3000,0,0,0
neutral,329,329,51,1,4172,303,0,600,303,0,600,0,51,1,4171,303,0,600,303,0,600,0,0,0,1758127634,3000,0,0,0
neutral,330,330,51,1,4171,303,0,600,303,0,600,0,51,1,4170,303,0,600,303,0,600,0,0,0,1758127634,3000,0,0,0
neutral,331,331,51,1,4170,303,0,600,303,0,600,0,51,1,4169,303,0,600,303,0,600,0,0,0,1758127634,3000,0,0,0
neutral,332,332,51,1,4169,303,0,600,303,0,600,0,51,1,4168,303,0,600,303,0,600,0,0,0,1758127634,3000,0,0,0
neutral,333,333,51,1,4168,303,0,600,303,0,600,0,51,1,4167,303,0,600,303,0,600,0,0,0,1758127634,3000,0,0,0
neutral,334,334,51,1,4167,303,0,600,303,0,600,0,51,2,4166,303,0,600,303,0,600,0,0,0,1758127634,3000,0,0,0
neutral,335,335,51,2,4166,303,0,600,303,0,600,0,51,2,4165,303,0,600,303,0,600,0,0,0,1758127634,3000,0,0,0
neutral,336,336,51,2,4165,303,0,600,303,0,600,0,51,2,4164,303,0,600,303,0,600,0,0,0,1758127634,3000,0,0,0
neutral,337,337,51,2,4164,303,0,600,303,0,600,0,51,2,4163,303,0,600,303,0,600,0,0,0,1758127634,3000,0,0,0
neutral,338,338,51,2,4163,303,0,600,303,0,600,0,51,2,4162,303,0,600,303,0,600,0,0,0,1758127634,3000,0,0,0
neutral,339,339,51,2,4162,303,0,600,303,0,600,0,51,2,4161,303,0,600,303,0,600,0,0,0,1758127634,3000,0,0,0
neutral,340,340,51,2,4161,303,0,600,303,0,600,0,51,3,4160,303,0,600,303,0,600,0,0,0,1758127634,3000,0,0,0
neutral,341,341,51,3,4160,303,0,600,303,0,600,0,51,3,4159,303,0,600,303,0,600,0,0,0,1758127634,3000,0,0,0
neutral,342,342,51,3,4159,303,0,600,303,0,600,0,51,3,4158,303,0,600,303,0,600,0,0,0,1758127634,3000,0,0,0
neutral,343,343,51,3,4158,303,0,600,303,0,600,0,51,3,4157,303,0,600,303,0,600,0,0,0,1758127634,3000,0,0,0
neutral,344,344,51,3,4157,303,0,600,303,0,600,0,51,3,4156,303,0,600,303,0,600,0,0,0,1758127634,3000,0,0,0
neutral,345,345,51,3,4156,303,0,600,303,0,600,0,51,3,4155,303,0,600,303,0,600,0,0,0,1758127634,3000,0,0,0
neutral,346,346,51,3,4155,303,0,600,303,0,600,0,51,0,4154,303,0,600,303,0,600,0,0,0,1758127634,3000,0,0,0
neutral,347,347,51,0,4154,303,0,600,303,0,600,0,51,0,4153,303,0,600,303,0,600,0,0,0,1758127634,3000,0,0,0
neutral,348,348,51,0,4153,303,0,600,303,0,600,0,51,0,4152,303,0,600,303,0,600,0,0,0,1758127634,3000,0,0,0
neutral,349,349,51,0,4152,303,0,600,303,0,600,0,51,0,4151,303,0,600,303,0,600,0,0,0,1758127634,3000,0,0,0
late_jump,1,1,7,9,0,304,0,600,304,0,600,0,51,290,4499,303,0,600,303,0,600,1,0,0,1758127634,3000,0,0,0
late_jump,2,2,51,290,4499,303,0,600,303,0,600,0,51,290,4498,303,0,600,303,0,600,0,0,0,1758127634,3000,0,0,0
late_jump,3,3,51,290,4498,303,0,600,303,0,600,0,51,290,4497,303,0,600,303,0,600,0,0,0,1758127634,3000,0,0,0
late_jump,4,4,51,290,4497,303,0,600,303,0,600,0,51,290,4496,303,0,600,303,0,600,0,0,0,1758127634,3000,0,0,0
late_jump,5,5,51,290,4496,303,0,600,303,0,600,0,51,290,4495,303,0,600,303,0,600,0,0,0,1758127634,3000,0,0,0
late_jump,6,6,51,290,4495,303,0,600,303,0,600,0,51,290,4494,303,0,600,303,0,600,0,0,0,1758127634,3000,0,0,0
late_jump,7,7,51,290,4494,303,0,600,303,0,600,0,51,290,4493,303,0,600,303,0,600,0,0,0,1758127634,3000,0,0,0
late_jump,8,8,51,290,4493,303,0,600,303,0,600,0,51,290,4492,303,0,600,303,0,600,0,0,0,1758127634,3000,0,0,0
late_jump,9,9,51,290,4492,303,0,600,303,0,600,0,51,290,4491,303,0,600,303,0,600,0,0,0,1758127634,3000,0,0,0
late_jump,10,10,51,290,4491,303,0,600,303,0,600,0,51,0,4490,303,0,600,303,0,600,0,0,0,1758127634,3000,0,0,0
late_jump,11,11,51,0,4490,303,0,600,303,0,600,0,51,0,4489,303,0,600,303,0,600,0,0,0,1758127634,3000,0,0,0
late_jump,12,12,51,0,4489,303,0,600,303,0,600,0,51,0,4488,303,0,600,303,0,600,0,0,0,1758127634,3000,0,0,0
late_jump,13,13,51,0,4488,303,0,600,303,0,600,0,51,0,4487,303,0,600,303,0,600,0,0,0,1758127634,3000,0,0,0
late_jump,14,14,51,0,4487,303,0,600,303,0,600,0,51,0,4486,303,0,600,303,0,600,0,0,0,1758127634,3000,0,0,0
late_jump,15,15,51,0,4486,303,0,600,303,0,600,0,51,0,4485,303,0,600,303,0,600,0,0,0,1758127634,3000,0,0,0
late_jump,16,16,51,0,4485,303,0,600,303,0,600,0,51,1,4484,303,0,600,303,0,600,0,0,0,1758127634,3000,0,0,0
late_jump,17,17,51,1,4484,303,0,600,303,0,600,0,51,1,4483,303,0,600,303,0,600,0,0,0,1758127634,3000,0,0,0
late_jump,18,18,51,1,4483,303,0,600,303,0,600,0,51,1,4482,303,0,600,303,0,600,0,0,0,1758127634,3000,0,0,0
late_jump,19,19,51,1,4482,303,0,600,303,0,600,0,51,1,4481,303,0,600,303,0,600,0,0,0,1758127634,3000,0,0,0
late_jump,20,20,51,1,4481,303,0,600,303,0,600,0,51,1,4480,303,0,600,303,0,600,0,0,0,1758127634,3000,0,0,0
late_jump,21,21,51,1,4480,303,0,600,303,0,600,0,51,1,4479,303,0,600,303,0,600,0,0,0,1758127634,3000,0,0,0
late_jump,22,22,51,1,4479,303,0,600,303,0,600,0,51,2,4478,303,0,600,303,0,600,0,0,0,1758127634,3000,0,0,0
late_jump,23,23,51,2,4478,303,0,600,303,0,600,0,51,2,4477,303,0,600,303,0,600,0,0,0,1758127634,3000,0,0,0
late_jump,24,24,51,2,4477,303,0,600,303,0,600,0,51,2,4476,303,0,600,303,0,600,0,0,0,1758127634,3000,0,0,0
late_jump,25,25,51,2,4476,303,0,600,303,0,600,0,51,2,4475,303,0,600,303,0,600,0,0,0,1758127634,3000,0,0,0
late_jump,26,26,51,2,4475,303,0,600,303,0,600,0,51,2,4474,303,0,600,303,0,600,0,0,0,1758127634,3000,0,0,0
late_jump,27,27,51,2,4474,303,0,600,303,0,600,0,51,2,4473,303,0,600,303,0,600,0,0,0,1758127634,3000,0,0,0
late_jump,28,28,51,2,4473,303,0,600,303,0,600,0,51,3,4472,303,0,600,303,0,600,0,0,0,1758127634,3000,0,0,0
late_jump,29,29,51,3,4472,303,0,600,303,0,600,0,51,3,4471,303,0,600,303,0,600,0,0,0,1758127634,3000,0,0,0
late_jump,30,30,51,3,4471,303,0,600,303,0,600,0,51,3,4470,303,0,600,303,0,600,0,0,0,1758127634,3000,0,0,0
late_jump,31,31,51,3,4470,303,0,600,303,0,600,0,51,3,4469,303,0,600,303,0,600,0,0,0,1758127634,3000,0,0,0
late_jump,32,32,51,3,4469,303,0,600,303,0,600,0,51,3,4468,303,0,600,303,0,600,0,0,0,1758127634,3000,0,0,0
late_jump,33,33,51,3,4468,303,0,600,303,0,600,0,51,3,4467,303,0,600,303,0,600,0,0,0,1758127634,3000,0,0,0
late_jump,34,34,51,3,4467,303,0,600,303,0,600,0,51,0,4466,303,0,600,303,0,600,0,0,0,1758127634,3000,0,0,0
late_jump,35,35,51,0,4466,303,0,600,303,0,600,0,51,0,4465,303,0,600,303,0,600,0,0,0,1758127634,3000,0,0,0
late_jump,36,36,51,0,4465,303,0,600,303,0,600,0,51,0,4464,303,0,600,303,0,600,0,0,0,1758127634,3000,0,0,0
late_jump,37,37,51,0,4464,303,0,600,303,0,600,0,51,0,4463,303,0,600,303,0,600,0,0,0,1758127634,3000,0,0,0
late_jump,38,38,51,0,4463,303,0,600,303,0,600,0,51,0,4462,303,0,600,303,0,600,0,0,0,1758127634,3000,0,0,0
late_jump,39,39,51,0,4462,303,0,600,303,0,600,0,51,0,4461,303,0,600,303,0,600,0,0,0,1758127634,3000,0,0,0
late_jump,40,40,51,0,4461,303,0,600,303,0,600,0,51,1,4460,303,0,600,303,0,600,0,0,0,1758127634,3000,0,0,0
late_jump,41,41,51,1,4460,303,0,600,303,0,600,0,51,1,4459,303,0,600,303,0,600,0,0,0,1758127634,3000,0,0,0
late_jump,42,42,51,1,4459,303,0,600,303,0,600,0,51,1,4458,303,0,600,303,0,600,0,0,0,1758127634,3000,0,0,0
late_jump,43,43,51,1,4458,303,0,600,303,0,600,0,51,1,4457,303,0,600,303,0,600,0,0,0,1758127634,3000,0,0,0
late_jump,44,44,51,1,4457,303,0,600,303,0,600,0,51,1,4456,303,0,600,303,0,600,0,0,0,1758127634,3000,0,0,0
late_jump,45,45,51,1,4456,303,0,600,303,0,600,0,51,1,4455,303,0,600,303,0,600,0,0,0,1758127634,3000,0,0,0
late_jump,46,46,51,1,4455,303,0,600,303,0,600,0,51,2,4454,303,0,600,303,0,600,0,0,0,1758127634,3000,0,0,0
late_jump,47,47,51,2,4454,303,0,600,303,0,600,0,51,2,4453,303,0,600,303,0,600,0,0,0,1758127634,3000,0,0,0
late_jump,48,48,51,2,4453,303,0,600,303,0,600,0,51,2,4452,303,0,600,303,0,600,0,0,0,1758127634,3000,0,0,0
late_jump,49,49,51,2,4452,303,0,600,303,0,600,0,51,2,4451,303,0,600,303,0,600,0,0,0,1758127634,3000,0,0,0
late_jump,50,50,51,2,4451,303,0,600,303,0,600,0,51,2,4450,303,0,600,303,0,600,0,0,0,1758127634,3000,0,0,0
late_jump,51,51,51,2,4450,303,0,600,303,0,600,0,51,2,4449,303,0,600,303,0,600,0,0,0,1758127634,3000,0,0,0
late_jump,52,52,51,2,4449,303,0,600,303,0,600,0,51,3,4448,303,0,600,303,0,600,0,0,0,1758127634,3000,0,0,0
late_jump,53,53,51,3,4448,303,0,600,303,0,600,0,51,3,4447,303,0,600,303,0,600,0,0,0,1758127634,3000,0,0,0
late_jump,54,54,51,3,4447,303,0,600,303,0,600,0,51,3,4446,303,0,600,303,0,600,0,0,0,1758127634,3000,0,0,0
late_jump,55,55,51,3,4446,303,0,600,303,0,600,0,51,3,4445,303,0,600,303,0,600,0,0,0,1758127634,3000,0,0,0
late_jump,56,56,51,3,4445,303,0,600,303,0,600,0,51,3,4444,303,0,600,303,0,600,0,0,0,1758127634,3000,0,0,0
late_jump,57,57,51,3,4444,303,0,600,303,0,600,0,51,3,4443,303,0,600,303,0,600,0,0,0,1758127634,3000,0,0,0
late_jump,58,58,51,3,4443,303,0,600,303,0,600,0,51,0,4442,303,0,600,303,0,600,0,0,0,1758127634,3000,0,0,0
late_jump,59,59,51,0,4442,303,0,600,303,0,600,0,51,0,4441,303,0,600,303,0,600,0,0,0,1758127634,3000,0,0,0
late_jump,60,60,51,0,4441,303,0,600,303,0,600,0,51,0,4440,303,0,600,303,0,600,0,0,0,1758127634,3000,0,0,0
late_jump,61,61,51,0,4440,303,0,600,303,0,600,0,51,0,4439,303,0,600,303,0,600,0,0,0,1758127634,3000,0,0,0
late_jump,62,62,51,0,4439,303,0,600,303,0,600,0,51,0,4438,303,0,600,303,0,600,0,0,0,1758127634,3000,0,0,0
late_jump,63,63,51,0,4438,303,0,600,303,0,600,0,51,0,4437,303,0,600,303,0,600,0,0,0,1758127634,3000,0,0,0
late_jump,64,64,51,0,4437,303,0,600,303,0,600,0,51,1,4436,303,0,600,303,0,600,0,0,0,1758127634,3000,0,0,0
late_jump,65,65,51,1,4436,303,0,600,303,0,600,0,51,1,4435,303,0,600,303,0,600,0,0,0,1758127634,3000,0,0,0
late_jump,66,66,51,1,4435,303,0,600,303,0,600,0,51,1,4434,303,0,600,303,0,600,0,0,0,1758127634,3000,0,0,0
late_jump,67,67,51,1,4434,303,0,600,303,0,600,0,51,1,4433,303,0,600,303,0,600,0,0,0,1758127634,3000,0,0,0
late_jump,68,68,51,1,4433,303,0,600,303,0,600,0,51,1,4432,303,0,600,303,0,600,0,0,0,1758127634,3000,0,0,0
late_jump,69,69,51,1,4432,303,0,600,303,0,600,0,51,1,4431,303,0,600,303,0,600,0,0,0,1758127634,3000,0,0,0
late_jump,70,70,51,1,4431,303,0,600,303,0,600,0,51,2,4430,303,0,600,303,0,600,0,0,0,1758127634,3000,0,0,0
late_jump,71,71,51,2,4430,303,0,600,303,0,600,0,51,2,4429,303,0,600,303,0,600,0,0,0,1758127634,3000,0,0,0
late_jump,72,72,51,2,4429,303,0,600,303,0,600,0,51,2,4428,303,0,600,303,0,600,0,0,0,1758127634,3000,0,0,0
late_jump,73,73,51,2,4428,303,0,600,303,0,600,0,51,2,4427,303,0,600,303,0,600,0,0,0,1758127634,3000,0,0,0
late_jump,74,74,51,2,4427,303,0,600,303,0,600,0,51,2,4426,303,0,600,303,0,600,0,0,0,1758127634,3000,0,0,0
late_jump,75,75,51,2,4426,303,0,600,303,0,600,0,51,2,4425,303,0,600,303,0,600,0,0,0,1758127634,3000,0,0,0
late_jump,76,76,51,2,4425,303,0,600,303,0,600,0,51,3,4424,303,0,600,303,0,600,0,0,0,1758127634,3000,0,0,0
late_jump,77,77,51,3,4424,303,0,600,303,0,600,0,51,3,4423,303,0,600,303,0,600,0,0,0,1758127634,3000,0,0,0
late_jump,78,78,51,3,4423,303,0,600,303,0,600,0,51,3,4422,303,0,600,303,0,600,0,0,0,1758127634,3000,0,0,0
late_jump,79,79,51,3,4422,303,0,600,303,0,600,0,51,3,4421,303,0,600,303,0,600,0,0,0,1758127634,3000,0,0,0
late_jump,80,80,51,3,4421,303,0,600,303,0,600,0,51,3,4420,303,0,600,303,0,600,0,0,0,1758127634,3000,0,0,0
late_jump,81,81,51,3,4420,303,0,600,303,0,600,0,51,3,4419,303,0,600,303,0,600,0,0,0,1758127634,3000,0,0,0
late_jump,82,82,51,3,4419,303,0,600,303,0,600,0,51,0,4418,303,0,600,303,0,600,0,0,0,1758127634,3000,0,0,0
late_jump,83,83,51,0,4418,303,0,600,303,0,600,0,51,0,4417,303,0,600,303,0,600,0,0,0,1758127634,3000,0,0,0
late_jump,84,84,51,0,4417,303,0,600,303,0,600,0,51,0,4416,303,0,600,303,0,600,0,0,0,1758127634,3000,0,0,0
late_jump,85,85,51,0,4416,303,0,600,303,0,600,0,51,0,4415,303,0,600,303,0,600,0,0,0,1758127634,3000,0,0,0
late_jump,86,86,51,0,4415,303,0,600,303,0,600,0,51,0,4414,303,0,600,303,0,600,0,0,0,1758127634,3000,0,0,0
late_jump,87,87,51,0,4414,303,0,600,303,0,600,0,51,0,4413,303,0,600,303,0,600,0,0,0,1758127634,3000,0,0,0
late_jump,88,88,51,0,4413,303,0,600,303,0,600,0,51,1,4412,303,0,600,303,0,600,0,0,0,1758127634,3000,0,0,0
late_jump,89,89,51,1,4412,303,0,600,303,0,600,0,51,1,4411,303,0,600,303,0,600,0,0,0,1758127634,3000,0,0,0
late_jump,90,90,51,1,4411,303,0,600,303,0,600,0,51,1,4410,303,0,600,303,0,600,0,0,0,1758127634,3000,0,0,0
late_jump,91,91,51,1,4410,303,0,600,303,0,600,0,51,1,4409,303,0,600,303,0,600,0,0,0,1758127634,3000,0,0,0
late_jump,92,92,51,1,4409,303,0,600,303,0,600,0,51,1,4408,303,0,600,303,0,600,0,0,0,1758127634,3000,0,0,0
late_jump,93,93,51,1,4408,303,0,600,303,0,600,0,51,1,4407,303,0,600,303,0,600,0,0,0,1758127634,3000,0,0,0
late_jump,94,94,51,1,4407,303,0,600,303,0,600,0,51,2,4406,303,0,600,303,0,600,0,0,0,1758127634,3000,0,0,0
late_jump,95,95,51,2,4406,303,0,600,303,0,600,0,51,2,4405,303,0,600,303,0,600,0,0,0,1758127634,3000,0,0,0
late_jump,96,96,51,2,4405,303,0,600,303,0,600,0,51,2,4404,303,0,600,303,0,600,0,0,0,1758127634,3000,0,0,0
late_jump,97,97,51,2,4404,303,0,600,303,0,600,0,51,2,4403,303,0,600,303,0,600,0,0,0,1758127634,3000,0,0,0
late_jump,98,98,51,2,4403,303,0,600,303,0,600,0,51,2,4402,303,0,600,303,0,600,0,0,0,1758127634,3000,0,0,0
late_jump,99,99,51,2,4402,303,0,600,303,0,600,0,51,2,4401,303,0,600,303,0,600,0,0,0,1758127634,3000,0,0,0
late_jump,100,100,51,2,4401,303,0,600,303,0,600,0,51,3,4400,303,0,600,303,0,600,0,0,0,1758127634,3000,0,0,0
late_jump,101,101,51,3,4400,303,0,600,303,0,600,0,51,3,4399,303,0,600,303,0,600,0,0,0,1758127634,3000,0,0,0
late_jump,102,102,51,3,4399,303,0,600,303,0,600,0,51,3,4398,303,0,600,303,0,600,0,0,0,1758127634,3000,0,0,0
late_jump,103,103,51,3,4398,303,0,600,303,0,600,0,51,3,4397,303,0,600,303,0,600,0,0,0,1758127634,3000,0,0,0
late_jump,104,104,51,3,4397,303,0,600,303,0,600,0,51,3,4396,303,0,600,303,0,600,0,0,0,1758127634,3000,0,0,0
late_jump,105,105,51,3,4396,303,0,600,303,0,600,0,51,3,4395,303,0,600,303,0,600,0,0,0,1758127634,3000,0,0,0
late_jump,106,106,51,3,4395,303,0,600,303,0,600,0,51,0,4394,303,0,600,303,0,600,0,0,0,1758127634,3000,0,0,0
late_jump,107,107,51,0,4394,303,0,600,303,0,600,0,51,0,4393,303,0,600,303,0,600,0,0,0,1758127634,3000,0,0,0
late_jump,108,108,51,0,4393,303,0,600,303,0,600,0,51,0,4392,303,0,600,303,0,600,0,0,0,1758127634,3000,0,0,0
late_jump,109,109,51,0,4392,303,0,600,303,0,600,0,51,0,4391,303,0,600,303,0,600,0,0,0,1758127634,3000,0,0,0
late_jump,110,110,51,0,4391,303,0,600,303,0,600,0,51,0,4390,303,0,600,303,0,600,0,0,0,1758127634,3000,0,0,0
late_jump,111,111,51,0,4390,303,0,600,303,0,600,0,51,0,4389,303,0,600,303,0,600,0,0,0,1758127634,3000,0,0,0
late_jump,112,112,51,0,4389,303,0,600,303,0,600,0,51,1,4388,303,0,600,303,0,600,0,0,0,1758127634,3000,0,0,0
late_jump,113,113,51,1,4388,303,0,600,303,0,600,0,51,1,4387,303,0,600,303,0,600,0,0,0,1758127634,3000,0,0,0
late_jump,114,114,51,1,4387,303,0,600,303,0,600,0,51,1,4386,303,0,600,303,0,600,0,0,0,1758127634,3000,0,0,0
late_jump,115,115,51,1,4386,303,0,600,303,0,600,0,51,1,4385,303,0,600,303,0,600,0,0,0,1758127634,3000,0,0,0
late_jump,116,116,51,1,4385,303,0,600,303,0,600,0,51,1,4384,303,0,600,303,0,600,0,0,0,1758127634,3000,0,0,0
late_jump,117,117,51,1,4384,303,0,600,303,0,600,0,51,1,4383,303,0,600,303,0,600,0,0,0,1758127634,3000,0,0,0
late_jump,118,118,51,1,4383,303,0,600,303,0,600,0,51,2,4382,303,0,600,303,0,600,0,0,0,1758127634,3000,0,0,0
late_jump,119,119,51,2,4382,303,0,600,303,0,600,0,51,2,4381,303,0,600,303,0,600,0,0,0,1758127634,3000,0,0,0
late_jump,120,120,51,2,4381,303,0,600,303,0,600,0,51,2,4380,303,0,600,303,0,600,0,0,0,1758127634,3000,0,0,0
late_jump,121,121,51,2,4380,303,0,600,303,0,600,0,51,2,4379,303,0,600,303,0,600,0,0,0,1758127634,3000,0,0,0
late_jump,122,122,51,2,4379,303,0,600,303,0,600,0,51,2,4378,303,0,600,303,0,600,0,0,0,1758127634,3000,0,0,0
late_jump,123,123,51,2,4378,303,0,600,303,0,600,0,51,2,4377,303,0,600,303,0,600,0,0,0,1758127634,3000,0,0,0
late_jump,124,124,51,2,4377,303,0,600,303,0,600,0,51,3,4376,303,0,600,303,0,600,0,0,0,1758127634,3000,0,0,0
late_jump,125,125,51,3,4376,303,0,600,303,0,600,0,51,3,4375,303,0,600,303,0,600,0,0,0,1758127634,3000,0,0,0
late_jump,126,126,51,3,4375,303,0,600,303,0,600,0,51,3,4374,303,0,600,303,0,600,0,0,0,1758127634,3000,0,0,0
late_jump,127,127,51,3,4374,303,0,600,303,0,600,0,51,3,4373,303,0,600,303,0,600,0,0,0,1758127634,3000,0,0,0
late_jump,128,128,51,3,4373,303,0,600,303,0,600,0,51,3,4372,303,0,600,303,0,600,0,0,0,1758127634,3000,0,0,0
late_jump,129,129,51,3,4372,303,0,600,303,0,600,0,51,3,4371,303,0,600,303,0,600,0,0,0,1758127634,3000,0,0,0
late_jump,130,130,51,3,4371,303,0,600,303,0,600,0,51,0,4370,303,0,600,303,0,600,0,0,0,1758127634,3000,0,0,0
late_jump,131,131,51,0,4370,303,0,600,303,0,600,0,51,0,4369,303,0,600,303,0,600,0,0,0,1758127634,3000,0,0,0
late_jump,132,132,51,0,4369,303,0,600,303,0,600,0,51,0,4368,303,0,600,303,0,600,0,0,0,1758127634,3000,0,0,0
late_jump,133,133,51,0,4368,303,0,600,303,0,600,0,51,0,4367,303,0,600,303,0,600,0,0,0,1758127634,3000,0,0,0
late_jump,134,134,51,0,4367,303,0,600,303,0,600,0,51,0,4366,303,0,600,303,0,600,0,0,0,1758127634,3000,0,0,0
late_jump,135,135,51,0,4366,303,0,600,303,0,600,0,51,0,4365,303,0,600,303,0,600,0,0,0,1758127634,3000,0,0,0
late_jump,136,136,51,0,4365,303,0,600,303,0,600,0,51,1,4364,303,0,600,303,0,600,0,0,0,1758127634,3000,0,0,0
late_jump,137,137,51,1,4364,303,0,600,303,0,600,0,51,1,4363,303,0,600,303,0,600,0,0,0,1758127634,3000,0,0,0
late_jump,138,138,51,1,4363,303,0,600,303,0,600,0,51,1,4362,303,0,600,303,0,600,0,0,0,1758127634,3000,0,0,0
late_jump,139,139,51,1,4362,303,0,600,303,0,600,0,51,1,4361,303,0,600,303,0,600,0,0,0,1758127634,3000,0,0,0
late_jump,140,140,51,1,4361,303,0,600,303,0,600,0,51,1,4360,303,0,600,303,0,600,0,0,0,1758127634,3000,0,0,0
late_jump,141,141,51,1,4360,303,0,600,303,0,600,0,51,1,4359,303,0,600,303,0,600,0,0,0,1758127634,3000,0,0,0
late_jump,142,142,51,1,4359,303,0,600,303,0,600,0,51,2,4358,303,0,600,303,0,600,0,0,0,1758127634,3000,0,0,0
late_jump,143,143,51,2,4358,303,0,600,303,0,600,0,51,2,4357,303,0,600,303,0,600,0,0,0,1758127634,3000,0,0,0
late_jump,144,144,51,2,4357,303,0,600,303,0,600,0,51,2,4356,303,0,600,303,0,600,0,0,0,1758127634,3000,0,0,0
late_jump,145,145,51,2,4356,303,0,600,303,0,600,0,51,2,4355,303,0,600,303,0,600,0,0,0,1758127634,3000,0,0,0
late_jump,146,146,51,2,4355,303,0,600,303,0,600,0,51,2,4354,303,0,600,303,0,600,0,0,0,1758127634,3000,0,0,0
late_jump,147,147,51,2,4354,303,0,600,303,0,600,0,51,2,4353,303,0,600,303,0,600,0,0,0,1758127634,3000,0,0,0
late_jump,148,148,51,2,4353,303,0,600,303,0,600,0,51,3,4352,303,0,600,303,0,600,0,0,0,1758127634,3000,0,0,0
late_jump,149,149,51,3,4352,303,0,600,303,0,600,0,51,3,4351,303,0,600,303,0,600,0,0,0,1758127634,3000,0,0,0
late_jump,150,150,51,3,4351,303,0,600,303,0,600,0,51,3,4350,303,0,600,303,0,600,0,0,0,1758127634,3000,0,0,0
late_jump,151,151,51,3,4350,303,0,600,303,0,600,0,51,3,4349,303,0,600,303,0,600,0,0,0,1758127634,3000,0,0,0
late_jump,152,152,51,3,4349,303,0,600,303,0,600,0,51,3,4348,303,0,600,303,0,600,0,0,0,1758127634,3000,0,0,0
late_jump,153,153,51,3,4348,303,0,600,303,0,600,0,51,3,4347,303,0,600,303,0,600,0,0,0,1758127634,3000,0,0,0
late_jump,154,154,51,3,4347,303,0,600,303,0,600,0,51,0,4346,303,0,600,303,0,600,0,0,0,1758127634,3000,0,0,0
late_jump,155,155,51,0,4346,303,0,600,303,0,600,0,51,0,4345,303,0,600,303,0,600,0,0,0,1758127634,3000,0,0,0
late_jump,156,156,51,0,4345,303,0,600,303,0,600,0,51,0,4344,303,0,600,303,0,600,0,0,0,1758127634,3000,0,0,0
late_jump,157,157,51,0,4344,303,0,600,303,0,600,0,51,0,4343,303,0,600,303,0,600,0,0,0,1758127634,3000,0,0,0
late_jump,158,158,51,0,4343,303,0,600,303,0,600,0,51,0,4342,303,0,600,303,0,600,0,0,0,1758127634,3000,0,0,0
late_jump,159,159,51,0,4342,303,0,600,303,0,600,0,51,0,4341,303,0,600,303,0,600,0,0,0,1758127634,3000,0,0,0
late_jump,160,160,51,0,4341,303,0,600,303,0,600,0,51,1,4340,303,0,600,303,0,600,0,0,0,1758127634,3000,0,0,0
late_jump,161,161,51,1,4340,303,0,600,303,0,600,0,51,1,4339,303,0,600,303,0,600,0,0,0,1758127634,3000,0,0,0
late_jump,162,162,51,1,4339,303,0,600,303,0,600,0,51,1,4338,303,0,600,303,0,600,0,0,0,1758127634,3000,0,0,0
late_jump,163,163,51,1,4338,303,0,600,303,0,600,0,51,1,4337,303,0,600,303,0,600,0,0,0,1758127634,3000,0,0,0
late_jump,164,164,51,1,4337,303,0,600,303,0,600,0,51,1,4336,303,0,600,303,0,600,0,0,0,1758127634,3000,0,0,0
late_jump,165,165,51,1,4336,303,0,600,303,0,600,0,51,1,4335,303,0,600,303,0,600,0,0,0,1758127634,3000,0,0,0
late_jump,166,166,51,1,4335,303,0,600,303,0,600,0,51,2,4334,303,0,600,303,0,600,0,0,0,1758127634,3000,0,0,0
late_jump,167,167,51,2,4334,303,0,600,303,0,600,0,51,2,4333,303,0,600,303,0,600,0,0,0,1758127634,3000,0,0,0
late_jump,168,168,51,2,4333,303,0,600,303,0,600,0,51,2,4332,303,0,600,303,0,600,0,0,0,1758127634,3000,0,0,0
late_jump,169,169,51,2,4332,303,0,600,303,0,600,0,51,2,4331,303,0,600,303,0,600,0,0,0,1758127634,3000,0,0,0
late_jump,170,170,51,2,4331,303,0,600,303,0,600,0,51,2,4330,303,0,600,303,0,600,0,0,0,1758127634,3000,0,0,0
late_jump,171,171,51,2,4330,303,0,600,303,0,600,0,51,2,4329,303,0,600,303,0,600,0,0,0,1758127634,3000,0,0,0
late_jump,172,172,51,2,4329,303,0,600,303,0,600,0,51,3,4328,303,0,600,303,0,600,0,0,0,1758127634,3000,0,0,0
late_jump,173,173,51,3,4328,303,0,600,303,0,600,0,51,3,4327,303,0,600,303,0,600,0,0,0,1758127634,3000,0,0,0
late_jump,174,174,51,3,4327,303,0,600,303,0,600,0,51,3,4326,303,0,600,303,0,600,0,0,0,1758127634,3000,0,0,0
late_jump,175,175,51,3,4326,303,0,600,303,0,600,0,51,3,4325,303,0,600,303,0,600,0,0,0,1758127634,3000,0,0,0
late_jump,176,176,51,3,4325,303,0,600,303,0,600,0,51,3,4324,303,0,600,303,0,600,0,0,0,1758127634,3000,0,0,0
late_jump,177,177,51,3,4324,303,0,600,303,0,600,0,51,3,4323,303,0,600,303,0,600,0,0,0,1758127634,3000,0,0,0
late_jump,178,178,51,3,4323,303,0,600,303,0,600,0,51,0,4322,303,0,600,303,0,600,0,0,0,1758127634,3000,0,0,0
late_jump,179,179,51,0,4322,303,0,600,303,0,600,0,51,0,4321,303,0,600,303,0,600,0,0,0,1758127634,3000,0,0,0
late_jump,180,180,51,0,4321,303,0,600,303,0,600,0,51,0,4320,303,0,600,303,0,600,0,0,0,1758127634,3000,0,0,0
late_jump,181,181,51,0,4320,303,0,600,303,0,600,0,51,0,4319,303,0,600,303,0,600,0,0,0,1758127634,3000,0,0,0
late_jump,182,182,51,0,4319,303,0,600,303,0,600,0,51,0,4318,303,0,600,303,0,600,0,0,0,1758127634,3000,0,0,0
late_jump,183,183,51,0,4318,303,0,600,303,0,600,0,51,0,4317,303,0,600,303,0,600,0,0,0,1758127634,3000,0,0,0
late_jump,184,184,51,0,4317,303,0,600,303,0,600,0,51,1,4316,303,0,600,303,0,600,0,0,0,1758127634,3000,0,0,0
late_jump,185,185,51,1,4316,303,0,600,303,0,600,0,51,1,4315,303,0,600,303,0,600,0,0,0,1758127634,3000,0,0,0
late_jump,186,186,51,1,4315,303,0,600,303,0,600,0,51,1,4314,303,0,600,303,0,600,0,0,0,1758127634,3000,0,0,0
late_jump,187,187,51,1,4314,303,0,600,303,0,600,0,51,1,4313,303,0,600,303,0,600,0,0,0,1758127634,3000,0,0,0
late_jump,188,188,51,1,4313,303,0,600,303,0,600,0,51,1,4312,303,0,600,303,0,600,0,0,0,1758127634,3000,0,0,0
late_jump,189,189,51,1,4312,303,0,600,303,0,600,0,51,1,4311,303,0,600,303,0,600,0,0,0,1758127634,3000,0,0,0
late_jump,190,190,51,1,4311,303,0,600,303,0,600,0,51,2,4310,303,0,600,303,0,600,0,0,0,1758127634,3000,0,0,0
late_jump,191,191,51,2,4310,303,0,600,303,0,600,0,51,2,4309,303,0,600,303,0,600,0,0,0,1758127634,3000,0,0,0
late_jump,192,192,51,2,4309,303,0,600,303,0,600,0,51,2,4308,303,0,600,303,0,600,0,0,0,1758127634,3000,0,0,0
late_jump,193,193,51,2,4308,303,0,600,303,0,600,0,51,2,4307,303,0,600,303,0,600,0,0,0,1758127634,3000,0,0,0
late_jump,194,194,51,2,4307,303,0,600,303,0,600,0,51,2,4306,303,0,600,303,0,600,0,0,0,1758127634,3000,0,0,0
late_jump,195,195,51,2,4306,303,0,600,303,0,600,0,51,2,4305,303,0,600,303,0,600,0,0,0,1758127634,3000,0,0,0
late_jump,196,196,51,2,4305,303,0,600,303,0,600,0,51,3,4304,303,0,600,303,0,600,0,0,0,1758127634,3000,0,0,0
late_jump,197,197,51,3,4304,303,0,600,303,0,600,0,51,3,4303,303,0,600,303,0,600,0,0,0,1758127634,3000,0,0,0
late_jump,198,198,51,3,4303,303,0,600,303,0,600,0,51,3,4302,303,0,600,303,0,600,0,0,0,1758127634,3000,0,0,0
late_jump,199,199,51,3,4302,303,0,600,303,0,600,0,51,3,4301,303,0,600,303,0,600,0,0,0,1758127634,3000,0,0,0
late_jump,200,200,51,3,4301,303,0,600,303,0,600,0,51,3,4300,303,0,600,303,0,600,0,0,0,1758127634,3000,0,0,0
late_jump,201,201,51,3,4300,303,0,600,303,0,600,0,51,3,4299,303,0,600,303,0,600,0,0,0,1758127634,3000,0,0,0
late_jump,202,202,51,3,4299,303,0,600,303,0,600,0,51,0,4298,303,0,600,303,0,600,0,0,0,1758127634,3000,0,0,0
late_jump,203,203,51,0,4298,303,0,600,303,0,600,0,51,0,4297,303,0,600,303,0,600,0,0,0,1758127634,3000,0,0,0
late_jump,204,204,51,0,4297,303,0,600,303,0,600,0,51,0,4296,303,0,600,303,0,600,0,0,0,1758127634,3000,0,0,0
late_jump,205,205,51,0,4296,303,0,600,303,0,600,0,51,0,4295,303,0,600,303,0,600,0,0,0,1758127634,3000,0,0,0
late_jump,206,206,51,0,4295,303,0,600,303,0,600,0,51,0,4294,303,0,600,303,0,600,0,0,0,1758127634,3000,0,0,0
late_jump,207,207,51,0,4294,303,0,600,303,0,600,0,51,0,4293,303,0,600,303,0,600,0,0,0,1758127634,3000,0,0,0
late_jump,208,208,51,0,4293,303,0,600,303,0,600,0,51,1,4292,303,0,600,303,0,600,0,0,0,1758127634,3000,0,0,0
late_jump,209,209,51,1,4292,303,0,600,303,0,600,0,51,1,4291,303,0,600,303,0,600,0,0,0,1758127634,3000,0,0,0
late_jump,210,210,51,1,4291,303,0,600,303,0,600,0,51,1,4290,303,0,600,303,0,600,0,0,0,1758127634,3000,0,0,0
late_jump,211,211,51,1,4290,303,0,600,303,0,600,0,51,1,4289,303,0,600,303,0,600,0,0,0,1758127634,3000,0,0,0
late_jump,212,212,51,1,4289,303,0,600,303,0,600,0,51,1,4288,303,0,600,303,0,600,0,0,0,1758127634,3000,0,0,0
late_jump,213,213,51,1,4288,303,0,600,303,0,600,0,51,1,4287,303,0,600,303,0,600,0,0,0,1758127634,3000,0,0,0
late_jump,214,214,51,1,4287,303,0,600,303,0,600,0,51,2,4286,303,0,600,303,0,600,0,0,0,1758127634,3000,0,0,0
late_jump,215,215,51,2,4286,303,0,600,303,0,600,0,51,2,4285,303,0,600,303,0,600,0,0,0,1758127634,3000,0,0,0
late_jump,216,216,51,2,4285,303,0,600,303,0,600,0,51,2,4284,303,0,600,303,0,600,0,0,0,1758127634,3000,0,0,0
late_jump,217,217,51,2,4284,303,0,600,303,0,600,0,51,2,4283,303,0,600,303,0,600,0,0,0,1758127634,3000,0,0,0
late_jump,218,218,51,2,4283,303,0,600,303,0,600,0,51,2,4282,303,0,600,303,0,600,0,0,0,1758127634,3000,0,0,0
late_jump,219,219,51,2,4282,303,0,600,303,0,600,0,51,2,4281,303,0,600,303,0,600,0,0,0,1758127634,3000,0,0,0
late_jump,220,220,51,2,4281,303,0,600,303,0,600,0,51,3,4280,303,0,600,303,0,600,0,0,0,1758127634,3000,0,0,0
late_jump,221,221,51,3,4280,303,0,600,303,0,600,0,51,3,4279,303,0,600,303,0,600,0,0,0,1758127634,3000,0,0,0
late_jump,222,222,51,3,4279,303,0,600,303,0,600,0,51,3,4278,303,0,600,303,0,600,0,0,0,1758127634,3000,0,0,0
late_jump,223,223,51,3,4278,303,0,600,303,0,600,0,51,3,4277,303,0,600,303,0,600,0,0,0,1758127634,3000,0,0,0
late_jump,224,224,51,3,4277,303,0,600,303,0,600,0,51,3,4276,303,0,600,303,0,600,0,0,0,1758127634,3000,0,0,0
late_jump,225,225,51,3,4276,303,0,600,303,0,600,0,51,3,4275,303,0,600,303,0,600,0,0,0,1758127634,3000,0,0,0
late_jump,226,226,51,3,4275,303,0,600,303,0,600,0,51,0,4274,303,0,600,303,0,600,0,0,0,1758127634,3000,0,0,0
late_jump,227,227,51,0,4274,303,0,600,303,0,600,0,51,0,4273,303,0,600,303,0,600,0,0,0,1758127634,3000,0,0,0
late_jump,228,228,51,0,4273,303,0,600,303,0,600,0,51,0,4272,303,0,600,303,0,600,0,0,0,1758127634,3000,0,0,0
late_jump,229,229,51,0,4272,303,0,600,303,0,600,0,51,0,4271,303,0,600,303,0,600,0,0,0,1758127634,3000,0,0,0
late_jump,230,230,51,0,4271,303,0,600,303,0,600,0,51,0,4270,303,0,600,303,0,600,0,0,0,1758127634,3000,0,0,0
late_jump,231,231,51,0,4270,303,0,600,303,0,600,0,51,0,4269,303,0,600,303,0,600,0,0,0,1758127634,3000,0,0,0
late_jump,232,232,51,0,4269,303,0,600,303,0,600,0,51,1,4268,303,0,600,303,0,600,0,0,0,1758127634,3000,0,0,0
late_jump,233,233,51,1,4268,303,0,600,303,0,600,0,51,1,4267,303,0,600,303,0,600,0,0,0,1758127634,3000,0,0,0
late_jump,234,234,51,1,4267,303,0,600,303,0,600,0,51,1,4266,303,0,600,303,0,600,0,0,0,1758127634,3000,0,0,0
late_jump,235,235,51,1,4266,303,0,600,303,0,600,0,51,1,4265,303,0,600,303,0,600,0,0,0,1758127634,3000,0,0,0
late_jump,236,236,51,1,4265,303,0,600,303,0,600,0,51,1,4264,303,0,600,303,0,600,0,0,0,1758127634,3000,0,0,0
late_jump,237,237,51,1,4264,303,0,600,303,0,600,0,51,1,4263,303,0,600,303,0,600,0,0,0,1758127634,3000,0,0,0
late_jump,238,238,51,1,4263,303,0,600,303,0,600,0,51,2,4262,303,0,600,303,0,600,0,0,0,1758127634,3000,0,0,0
late_jump,239,239,51,2,4262,303,0,600,303,0,600,0,51,2,4261,303,0,600,303,0,600,0,0,0,1758127634,3000,0,0,0
late_jump,240,240,51,2,4261,303,0,600,303,0,600,0,51,2,4260,303,0,600,303,0,600,0,0,0,1758127634,3000,0,0,0
late_jump,241,241,51,2,4260,303,0,600,303,0,600,0,51,2,4259,303,0,600,303,0,600,0,0,0,1758127634,3000,0,0,0
late_jump,242,242,51,2,4259,303,0,600,303,0,600,0,51,2,4258,303,0,600,303,0,600,0,0,0,1758127634,3000,0,0,0
late_jump,243,243,51,2,4258,303,0,600,303,0,600,0,51,2,4257,303,0,600,303,0,600,0,0,0,1758127634,3000,0,0,0
late_jump,244,244,51,2,4257,303,0,600,303,0,600,0,51,3,4256,303,0,600,303,0,600,0,0,0,1758127634,3000,0,0,0
late_jump,245,245,51,3,4256,303,0,600,303,0,600,0,51,3,4255,303,0,600,303,0,600,0,0,0,1758127634,3000,0,0,0
late_jump,246,246,51,3,4255,303,0,600,303,0,600,0,51,3,4254,303,0,600,303,0,600,0,0,0,1758127634,3000,0,0,0
late_jump,247,247,51,3,4254,303,0,600,303,0,600,0,51,3,4253,303,0,600,303,0,600,0,0,0,1758127634,3000,0,0,0
late_jump,248,248,51,3,4253,303,0,600,303,0,600,0,51,3,4252,303,0,600,303,0,600,0,0,0,1758127634,3000,0,0,0
late_jump,249,249,51,3,4252,303,0,600,303,0,600,0,51,3,4251,303,0,600,303,0,600,0,0,0,1758127634,3000,0,0,0
late_jump,250,250,51,3,4251,303,0,600,303,0,600,0,51,0,4250,303,0,600,303,0,600,0,0,0,1758127634,3000,0,0,0
late_jump,251,251,51,0,4250,303,0,600,303,0,600,0,51,0,4249,303,0,600,303,0,600,0,0,0,1758127634,3000,0,0,0
late_jump,252,252,51,0,4249,303,0,600,303,0,600,0,51,0,4248,303,0,600,303,0,600,0,0,0,1758127634,3000,0,0,0
late_jump,253,253,51,0,4248,303,0,600,303,0,600,0,51,0,4247,303,0,600,303,0,600,0,0,0,1758127634,3000,0,0,0
late_jump,254,254,51,0,4247,303,0,600,303,0,600,0,51,0,4246,303,0,600,303,0,600,0,0,0,1758127634,3000,0,0,0
late_jump,255,255,51,0,4246,303,0,600,303,0,600,0,51,0,4245,303,0,600,303,0,600,0,0,0,1758127634,3000,0,0,0
late_jump,256,256,51,0,4245,303,0,600,303,0,600,0,51,1,4244,303,0,600,303,0,600,0,0,0,1758127634,3000,0,0,0
late_jump,257,257,51,1,4244,303,0,600,303,0,600,0,51,1,4243,303,0,600,303,0,600,0,0,0,1758127634,3000,0,0,0
late_jump,258,258,51,1,4243,303,0,600,303,0,600,0,51,1,4242,303,0,600,303,0,600,0,0,0,1758127634,3000,0,0,0
late_jump,259,259,51,1,4242,303,0,600,303,0,600,0,51,1,4241,303,0,600,303,0,600,0,0,0,1758127634,3000,0,0,0
late_jump,260,260,51,1,4241,303,0,600,303,0,600,0,51,1,4240,303,0,600,303,0,600,0,0,0,1758127634,3000,0,0,0
late_jump,261,261,51,1,4240,303,0,600,303,0,600,0,51,1,4239,303,0,600,303,0,600,0,0,0,1758127634,3000,0,0,0
late_jump,262,262,51,1,4239,303,0,600,303,0,600,0,51,2,4238,303,0,600,303,0,600,0,0,0,1758127634,3000,0,0,0
late_jump,263,263,51,2,4238,303,0,600,303,0,600,0,51,2,4237,303,0,600,303,0,600,0,0,0,1758127634,3000,0,0,0
late_jump,264,264,51,2,4237,303,0,600,303,0,600,0,51,2,4236,303,0,600,303,0,600,0,0,0,1758127634,3000,0,0,0
late_jump,265,265,51,2,4236,303,0,600,303,0,600,0,51,2,4235,303,0,600,303,0,600,0,0,0,1758127634,3000,0,0,0
late_jump,266,266,51,2,4235,303,0,600,303,0,600,0,51,2,4234,303,0,600,303,0,600,0,0,0,1758127634,3000,0,0,0
late_jump,267,267,51,2,4234,303,0,600,303,0,600,0,51,2,4233,303,0,600,303,0,600,0,0,0,1758127634,3000,0,0,0
late_jump,268,268,51,2,4233,303,0,600,303,0,600,0,51,3,4232,303,0,600,303,0,600,0,0,0,1758127634,3000,0,0,0
late_jump,269,269,51,3,4232,303,0,600,303,0,600,0,51,3,4231,303,0,600,303,0,600,0,0,0,1758127634,3000,0,0,0
late_jump,270,270,51,3,4231,303,0,600,303,0,600,0,51,3,4230,303,0,600,303,0,600,0,0,0,1758127634,3000,0,0,0
late_jump,271,271,51,3,4230,303,0,600,303,0,600,0,51,3,4229,303,0,600,303,0,600,0,0,0,1758127634,3000,0,0,0
late_jump,272,272,51,3,4229,303,0,600,303,0,600,0,51,3,4228,303,0,600,303,0,600,0,0,0,1758127634,3000,0,0,0
late_jump,273,273,51,3,4228,303,0,600,303,0,600,0,51,3,4227,303,0,600,303,0,600,0,0,0,1758127634,3000,0,0,0
late_jump,274,274,51,3,4227,303,0,600,303,0,600,0,51,0,4226,303,0,600,303,0,600,0,0,0,1758127634,3000,0,0,0
late_jump,275,275,51,0,4226,303,0,600,303,0,600,0,51,0,4225,303,0,600,303,0,600,0,0,0,1758127634,3000,0,0,0
late_jump,276,276,51,0,4225,303,0,600,303,0,600,0,51,0,4224,303,0,600,303,0,600,0,0,0,1758127634,3000,0,0,0
late_jump,277,277,51,0,4224,303,0,600,303,0,600,0,51,0,4223,303,0,600,303,0,600,0,0,0,1758127634,3000,0,0,0
late_jump,278,278,51,0,4223,303,0,600,303,0,600,0,51,0,4222,303,0,600,303,0,600,0,0,0,1758127634,3000,0,0,0
late_jump,279,279,51,0,4222,303,0,600,303,0,600,0,51,0,4221,303,0,600,303,0,600,0,0,0,1758127634,3000,0,0,0
late_jump,280,280,51,0,4221,303,0,600,303,0,600,0,51,1,4220,303,0,600,303,0,600,0,0,0,1758127634,3000,0,0,0
late_jump,281,281,51,1,4220,303,0,600,303,0,600,0,51,1,4219,303,0,600,303,0,600,0,0,0,1758127634,3000,0,0,0
late_jump,282,282,51,1,4219,303,0,600,303,0,600,0,51,1,4218,303,0,600,303,0,600,0,0,0,1758127634,3000,0,0,0
late_jump,283,283,51,1,4218,303,0,600,303,0,600,0,51,1,4217,303,0,600,303,0,600,0,0,0,1758127634,3000,0,0,0
late_jump,284,284,51,1,4217,303,0,600,303,0,600,0,51,1,4216,303,0,600,303,0,600,0,0,0,1758127634,3000,0,0,0
late_jump,285,285,51,1,4216,303,0,600,303,0,600,0,51,1,4215,303,0,600,303,0,600,0,0,0,1758127634,3000,0,0,0
late_jump,286,286,51,1,4215,303,0,600,303,0,600,0,51,2,4214,303,0,600,303,0,600,0,0,0,1758127634,3000,0,0,0
late_jump,287,287,51,2,4214,303,0,600,303,0,600,0,51,2,4213,303,0,600,303,0,600,0,0,0,1758127634,3000,0,0,0
late_jump,288,288,51,2,4213,303,0,600,303,0,600,0,51,2,4212,303,0,600,303,0,600,0,0,0,1758127634,3000,0,0,0
late_jump,289,289,51,2,4212,303,0,600,303,0,600,0,51,2,4211,303,0,600,303,0,600,0,0,0,1758127634,3000,0,0,0
late_jump,290,290,51,2,4211,303,0,600,303,0,600,0,51,2,4210,303,0,600,303,0,600,0,0,0,1758127634,3000,0,0,0
late_jump,291,291,51,2,4210,303,0,600,303,0,600,0,51,2,4209,303,0,600,303,0,600,0,0,0,1758127634,3000,0,0,0
late_jump,292,292,51,2,4209,303,0,600,303,0,600,0,51,3,4208,303,0,600,303,0,600,0,0,0,1758127634,3000,0,0,0
late_jump,293,293,51,3,4208,303,0,600,303,0,600,0,51,3,4207,303,0,600,303,0,600,0,0,0,1758127634,3000,0,0,0
late_jump,294,294,51,3,4207,303,0,600,303,0,600,0,51,3,4206,303,0,600,303,0,600,0,0,0,1758127634,3000,0,0,0
late_jump,295,295,51,3,4206,303,0,600,303,0,600,0,51,3,4205,303,0,600,303,0,600,0,0,0,1758127634,3000,0,0,0
late_jump,296,296,51,3,4205,303,0,600,303,0,600,0,51,3,4204,303,0,600,303,0,600,0,0,0,1758127634,3000,0,0,0
late_jump,297,297,51,3,4204,303,0,600,303,0,600,0,51,3,4203,303,0,600,303,0,600,0,0,0,1758127634,3000,0,0,0
late_jump,298,298,51,3,4203,303,0,600,303,0,600,0,51,0,4202,303,0,600,303,0,600,0,0,0,1758127634,3000,0,0,0
late_jump,299,299,51,0,4202,303,0,600,303,0,600,0,51,0,4201,303,0,600,303,0,600,0,0,0,1758127634,3000,0,0,0
late_jump,300,300,51,0,4201,303,0,600,303,0,600,0,51,0,4200,303,0,600,303,0,600,0,0,0,1758127634,3000,0,0,0
late_jump,301,301,51,0,4200,303,0,600,303,0,600,0,51,0,4199,303,0,600,303,0,600,0,0,0,1758127634,3000,0,0,0
late_jump,302,302,51,0,4199,303,0,600,303,0,600,0,51,0,4198,303,0,600,303,0,600,0,0,0,1758127634,3000,0,0,0
late_jump,303,303,51,0,4198,303,0,600,303,0,600,0,51,0,4197,303,0,600,303,0,600,0,0,0,1758127634,3000,0,0,0
late_jump,304,304,51,0,4197,303,0,600,303,0,600,0,51,1,4196,303,0,600,303,0,600,0,0,0,1758127634,3000,0,0,0
late_jump,305,305,51,1,4196,303,0,600,303,0,600,0,51,1,4195,303,0,600,303,0,600,0,0,0,1758127634,3000,0,0,0
late_jump,306,306,51,1,4195,303,0,600,303,0,600,0,51,1,4194,303,0,600,303,0,600,0,0,0,1758127634,3000,0,0,0
late_jump,307,307,51,1,4194,303,0,600,303,0,600,0,51,1,4193,303,0,600,303,0,600,0,0,0,1758127634,3000,0,0,0
late_jump,308,308,51,1,4193,303,0,600,303,0,600,0,51,1,4192,303,0,600,303,0,600,0,0,0,1758127634,3000,0,0,0
late_jump,309,309,51,1,4192,303,0,600,303,0,600,0,51,1,4191,303,0,600,303,0,600,0,0,0,1758127634,3000,0,0,0
late_jump,310,310,51,1,4191,303,0,600,303,0,600,0,51,2,4190,303,0,600,303,0,600,0,0,0,1758127634,3000,0,0,0
late_jump,311,311,51,2,4190,303,0,600,303,0,600,0,51,2,4189,303,0,600,303,0,600,0,0,0,1758127634,3000,0,0,0
late_jump,312,312,51,2,4189,303,0,600,303,0,600,0,51,2,4188,303,0,600,303,0,600,0,0,0,1758127634,3000,0,0,0
late_jump,313,313,51,2,4188,303,0,600,303,0,600,0,51,2,4187,303,0,600,303,0,600,0,0,0,1758127634,3000,0,0,0
late_jump,314,314,51,2,4187,303,0,600,303,0,600,0,51,2,4186,303,0,600,303,0,600,0,0,0,1758127634,3000,0,0,0
late_jump,315,315,51,2,4186,303,0,600,303,0,600,0,51,2,4185,303,0,600,303,0,600,0,0,0,1758127634,3000,0,0,0
late_jump,316,316,51,2,4185,303,0,600,303,0,600,0,51,3,4184,303,0,600,303,0,600,0,0,0,1758127634,3000,0,0,0
late_jump,317,317,51,3,4184,303,0,600,303,0,600,0,51,3,4183,303,0,600,303,0,600,0,0,0,1758127634,3000,0,0,0
late_jump,318,318,51,3,4183,303,0,600,303,0,600,0,51,3,4182,303,0,600,303,0,600,0,0,0,1758127634,3000,0,0,0
late_jump,319,319,51,3,4182,303,0,600,303,0,600,0,51,3,4181,303,0,600,303,0,600,0,0,0,1758127634,3000,0,0,0
late_jump,320,320,51,3,4181,303,0,600,303,0,600,0,51,3,4180,303,0,600,303,0,600,0,0,0,1758127634,3000,0,0,0
late_jump,321,321,51,3,4180,303,0,600,303,0,600,0,51,3,4179,303,0,600,303,0,600,0,0,0,1758127634,3000,0,0,0
late_jump,322,322,51,3,4179,303,0,600,303,0,600,0,51,0,4178,303,0,600,303,0,600,0,0,0,1758127634,3000,0,0,0
late_jump,323,323,51,0,4178,303,0,600,303,0,600,0,51,0,4177,303,0,600,303,0,600,0,0,0,1758127634,3000,0,0,0
late_jump,324,324,51,0,4177,303,0,600,303,0,600,0,51,0,4176,303,0,600,303,0,600,0,0,0,1758127634,3000,0,0,0
late_jump,325,325,51,0,4176,303,0,600,303,0,600,0,51,0,4175,303,0,600,303,0,600,0,0,0,1758127634,3000,0,0,0
late_jump,326,326,51,0,4175,303,0,600,303,0,600,0,51,0,4174,303,0,600,303,0,600,0,0,0,1758127634,3000,0,0,0
late_jump,327,327,51,0,4174,303,0,600,303,0,600,0,51,0,4173,303,0,600,303,0,600,0,0,0,1758127634,3000,0,0,0
late_jump,328,328,51,0,4173,303,0,600,303,0,600,0,51,1,4172,303,0,600,303,0,600,0,0,0,1758127634,3000,0,0,0
late_jump,329,329,51,1,4172,303,0,600,303,0,600,0,51,1,4171,303,0,600,303,0,600,0,0,0,1758127634,3000,0,0,0
late_jump,330,330,51,1,4171,303,0,600,303,0,600,0,51,1,4170,303,0,600,303,0,600,0,0,0,1758127634,3000,0,0,0
late_jump,331,331,51,1,4170,303,0,600,303,0,600,0,51,1,4169,303,0,600,303,0,600,0,0,0,1758127634,3000,0,0,0
late_jump,332,332,51,1,4169,303,0,600,303,0,600,0,51,1,4168,303,0,600,303,0,600,0,0,0,1758127634,3000,0,0,0
late_jump,333,333,51,1,4168,303,0,600,303,0,600,0,51,1,4167,303,0,600,303,0,600,0,0,0,1758127634,3000,0,0,0
late_jump,334,334,51,1,4167,303,0,600,303,0,600,0,51,2,4166,303,0,600,303,0,600,0,0,0,1758127634,3000,0,0,0
late_jump,335,335,51,2,4166,303,0,600,303,0,600,0,51,2,4165,303,0,600,303,0,600,0,0,0,1758127634,3000,0,0,0
late_jump,336,336,51,2,4165,303,0,600,303,0,600,0,51,2,4164,303,0,600,303,0,600,0,0,0,1758127634,3000,0,0,0
late_jump,337,337,51,2,4164,303,0,600,303,0,600,0,51,2,4163,303,0,600,303,0,600,0,0,0,1758127634,3000,0,0,0
late_jump,338,338,51,2,4163,303,0,600,303,0,600,0,51,2,4162,303,0,600,303,0,600,0,0,0,1758127634,3000,0,0,0
late_jump,339,339,51,2,4162,303,0,600,303,0,600,0,51,2,4161,303,0,600,303,0,600,0,0,0,1758127634,3000,0,0,0
late_jump,340,340,51,2,4161,303,0,600,303,0,600,0,51,3,4160,303,0,600,303,0,600,0,0,0,1758127634,3000,0,0,0
late_jump,341,341,51,3,4160,303,0,600,303,0,600,0,51,3,4159,303,0,600,303,0,600,0,0,0,1758127634,3000,0,0,0
late_jump,342,342,51,3,4159,303,0,600,303,0,600,0,51,3,4158,303,0,600,303,0,600,0,0,0,1758127634,3000,0,0,0
late_jump,343,343,51,3,4158,303,0,600,303,0,600,0,51,3,4157,303,0,600,303,0,600,0,0,0,1758127634,3000,0,0,0
late_jump,344,344,51,3,4157,303,0,600,303,0,600,0,51,3,4156,303,0,600,303,0,600,0,0,0,1758127634,3000,0,0,0
late_jump,345,345,51,3,4156,303,0,600,303,0,600,0,51,3,4155,303,0,600,303,0,600,0,0,0,1758127634,3000,0,0,0
late_jump,346,346,51,3,4155,303,0,600,303,0,600,0,51,0,4154,303,0,600,303,0,600,0,0,0,1758127634,3000,0,0,0
late_jump,347,347,51,0,4154,303,0,600,303,0,600,0,51,0,4153,303,0,600,303,0,600,0,0,0,1758127634,3000,0,0,0
late_jump,348,348,51,0,4153,303,0,600,303,0,600,0,51,0,4152,303,0,600,303,0,600,0,0,0,1758127634,3000,0,0,0
late_jump,349,349,51,0,4152,303,0,600,303,0,600,0,51,0,4151,303,0,600,303,0,600,0,0,0,1758127634,3000,0,0,0
right_hold,1,1,7,9,0,304,0,600,304,0,600,0,51,290,4499,303,0,600,303,0,600,1,0,0,1758127634,3000,0,0,0
right_hold,2,2,51,290,4499,303,0,600,303,0,600,0,51,290,4498,303,0,600,303,0,600,0,0,0,1758127634,3000,0,0,0
right_hold,3,3,51,290,4498,303,0,600,303,0,600,0,51,290,4497,303,0,600,303,0,600,0,0,0,1758127634,3000,0,0,0
right_hold,4,4,51,290,4497,303,0,600,303,0,600,0,51,290,4496,303,0,600,303,0,600,0,0,0,1758127634,3000,0,0,0
right_hold,5,5,51,290,4496,303,0,600,303,0,600,0,51,290,4495,303,0,600,303,0,600,0,0,0,1758127634,3000,0,0,0
right_hold,6,6,51,290,4495,303,0,600,303,0,600,0,51,290,4494,303,0,600,303,0,600,0,0,0,1758127634,3000,0,0,0
right_hold,7,7,51,290,4494,303,0,600,303,0,600,0,51,290,4493,303,0,600,303,0,600,0,0,0,1758127634,3000,0,0,0
right_hold,8,8,51,290,4493,303,0,600,303,0,600,0,51,290,4492,303,0,600,303,0,600,0,0,0,1758127634,3000,0,0,0
right_hold,9,9,51,290,4492,303,0,600,303,0,600,0,51,290,4491,303,0,600,303,0,600,0,0,0,1758127634,3000,0,0,0
right_hold,10,10,51,290,4491,303,0,600,303,0,600,0,51,0,4490,303,0,600,303,0,600,0,0,0,1758127634,3000,0,0,0
right_hold,11,11,51,0,4490,303,0,600,303,0,600,0,51,5,4489,307,0,600,307,0,600,0,0,0,1758127634,3000,0,0,0
right_hold,12,12,51,5,4489,307,0,600,307,0,600,0,51,6,4488,311,0,600,311,0,600,0,0,0,1758127634,3000,0,0,0
right_hold,13,13,51,6,4488,311,0,600,311,0,600,0,51,6,4487,315,0,600,315,0,600,0,0,0,1758127634,3000,0,0,0
right_hold,14,14,51,6,4487,315,0,600,315,0,600,0,51,6,4486,319,0,600,319,0,600,0,0,0,1758127634,3000,0,0,0
right_hold,15,15,51,6,4486,319,0,600,319,0,600,0,51,7,4485,323,0,600,323,0,600,0,0,0,1758127634,3000,0,0,0
right_hold,16,16,51,7,4485,323,0,600,323,0,600,0,51,7,4484,327,0,600,327,0,600,0,0,0,1758127634,3000,0,0,0
right_hold,17,17,51,7,4484,327,0,600,327,0,600,0,51,7,4483,331,0,600,331,0,600,0,0,0,1758127634,3000,0,0,0
right_hold,18,18,51,7,4483,331,0,600,331,0,600,0,51,0,4482,335,0,600,335,0,600,0,0,0,1758127634,3000,0,0,0
right_hold,19,19,51,0,4482,335,0,600,335,0,600,0,51,0,4481,339,0,600,339,0,600,0,0,0,1758127634,3000,0,0,0
right_hold,20,20,51,0,4481,339,0,600,339,0,600,0,51,0,4480,343,0,600,343,0,600,0,0,0,1758127634,3000,0,0,0
right_hold,21,21,51,0,4480,343,0,600,343,0,600,0,51,7,4479,347,0,600,347,0,600,0,0,0,1758127634,3000,0,0,0
right_hold,22,22,51,7,4479,347,0,600,347,0,600,0,51,7,4478,351,0,600,351,0,600,0,0,0,1758127634,3000,0,0,0
right_hold,23,23,51,7,4478,351,0,600,351,0,600,0,51,7,4477,355,0,600,355,0,600,0,0,0,1758127634,3000,0,0,0
right_hold,24,24,51,7,4477,355,0,600,355,0,600,0,51,6,4476,359,0,600,359,0,600,0,0,0,1758127634,3000,0,0,0
right_hold,25,25,51,6,4476,359,0,600,359,0,600,0,51,6,4475,363,0,600,363,0,600,0,0,0,1758127634,3000,0,0,0
right_hold,26,26,51,6,4475,363,0,600,363,0,600,0,51,6,4474,367,0,600,367,0,600,0,0,0,1758127634,3000,0,0,0
right_hold,27,27,51,6,4474,367,0,600,367,0,600,0,51,5,4473,371,0,600,371,0,600,0,0,0,1758127634,3000,0,0,0
right_hold,28,28,51,5,4473,371,0,600,371,0,600,0,51,5,4472,375,0,600,375,0,600,0,0,0,1758127634,3000,0,0,0
right_hold,29,29,51,5,4472,375,0,600,375,0,600,0,51,5,4471,379,0,600,379,0,600,0,0,0,1758127634,3000,0,0,0
right_hold,30,30,51,5,4471,379,0,600,379,0,600,0,51,6,4470,383,0,600,383,0,600,0,0,0,1758127634,3000,0,0,0
right_hold,31,31,51,6,4470,383,0,600,383,0,600,0,51,6,4469,387,0,600,387,0,600,0,0,0,1758127634,3000,0,0,0
right_hold,32,32,51,6,4469,387,0,600,387,0,600,0,51,6,4468,391,0,600,391,0,600,0,0,0,1758127634,3000,0,0,0
right_hold,33,33,51,6,4468,391,0,600,391,0,600,0,51,7,4467,395,0,600,395,0,600,0,0,0,1758127634,3000,0,0,0
right_hold,34,34,51,7,4467,395,0,600,395,0,600,0,51,7,4466,399,0,600,399,0,600,0,0,0,1758127634,3000,0,0,0
right_hold,35,35,51,7,4466,399,0,600,399,0,600,0,51,7,4465,403,0,600,403,0,600,0,0,0,1758127634,3000,0,0,0
right_hold,36,36,51,7,4465,403,0,600,403,0,600,0,51,0,4464,407,0,600,407,0,600,0,0,0,1758127634,3000,0,0,0
right_hold,37,37,51,0,4464,407,0,600,407,0,600,0,51,0,4463,411,0,600,411,0,600,0,0,0,1758127634,3000,0,0,0
right_hold,38,38,51,0,4463,411,0,600,411,0,600,0,51,0,4462,415,0,600,415,0,600,0,0,0,1758127634,3000,0,0,0
right_hold,39,39,51,0,4462,415,0,600,415,0,600,0,51,7,4461,419,0,600,419,0,600,0,0,0,1758127634,3000,0,0,0
right_hold,40,40,51,7,4461,419,0,600,419,0,600,0,51,7,4460,423,0,600,423,0,600,0,0,0,1758127634,3000,0,0,0
right_hold,41,41,51,7,4460,423,0,600,423,0,600,0,51,7,4459,427,0,600,427,0,600,0,0,0,1758127634,3000,0,0,0
right_hold,42,42,51,7,4459,427,0,600,427,0,600,0,51,6,4458,431,0,600,431,0,600,0,0,0,1758127634,3000,0,0,0
right_hold,43,43,51,6,4458,431,0,600,431,0,600,0,51,6,4457,435,0,600,435,0,600,0,0,0,1758127634,3000,0,0,0
right_hold,44,44,51,6,4457,435,0,600,435,0,600,0,51,6,4456,439,0,600,439,0,600,0,0,0,1758127634,3000,0,0,0
right_hold,45,45,51,6,4456,439,0,600,439,0,600,0,51,5,4455,443,0,600,443,0,600,0,0,0,1758127634,3000,0,0,0
right_hold,46,46,51,5,4455,443,0,600,443,0,600,0,51,5,4454,447,0,600,447,0,600,0,0,0,1758127634,3000,0,0,0
right_hold,47,47,51,5,4454,447,0,600,447,0,600,0,51,5,4453,451,0,600,451,0,600,0,0,0,1758127634,3000,0,0,0
right_hold,48,48,51,5,4453,451,0,600,451,0,600,0,51,6,4452,455,0,600,455,0,600,0,0,0,1758127634,3000,0,0,0
right_hold,49,49,51,6,4452,455,0,600,455,0,600,0,51,6,4451,459,0,600,459,0,600,0,0,0,1758127634,3000,0,0,0
right_hold,50,50,51,6,4451,459,0,600,459,0,600,0,51,6,4450,463,0,600,463,0,600,0,0,0,1758127634,3000,0,0,0
right_hold,51,51,51,6,4450,463,0,600,463,0,600,0,51,7,4449,467,0,600,467,0,600,0,0,0,1758127634,3000,0,0,0
right_hold,52,52,51,7,4449,467,0,600,467,0,600,0,51,7,4448,471,0,600,471,0,600,0,0,0,1758127634,3000,0,0,0
right_hold,53,53,51,7,4448,471,0,600,471,0,600,0,51,7,4447,475,0,600,475,0,600,0,0,0,1758127634,3000,0,0,0
right_hold,54,54,51,7,4447,475,0,600,475,0,600,0,51,0,4446,479,0,600,479,0,600,0,0,0,1758127634,3000,0,0,0
right_hold,55,55,51,0,4446,479,0,600,479,0,600,0,51,0,4445,483,0,600,483,0,600,0,0,0,1758127634,3000,0,0,0
right_hold,56,56,51,0,4445,483,0,600,483,0,600,0,51,0,4444,487,0,600,487,0,600,0,0,0,1758127634,3000,0,0,0
right_hold,57,57,51,0,4444,487,0,600,487,0,600,0,51,7,4443,491,0,600,491,0,600,0,0,0,1758127634,3000,0,0,0
right_hold,58,58,51,7,4443,491,0,600,491,0,600,0,51,7,4442,495,0,600,495,0,600,0,0,0,1758127634,3000,0,0,0
right_hold,59,59,51,7,4442,495,0,600,495,0,600,0,51,7,4441,499,0,600,499,0,600,0,0,0,1758127634,3000,0,0,0
right_hold,60,60,51,7,4441,499,0,600,499,0,600,0,51,6,4440,503,0,600,503,0,600,0,0,0,1758127634,3000,0,0,0
right_hold,61,61,51,6,4440,503,0,600,503,0,600,0,51,6,4439,507,0,600,507,0,600,0,0,0,1758127634,3000,0,0,0
right_hold,62,62,51,6,4439,507,0,600,507,0,600,0,51,6,4438,511,0,600,511,0,600,0,0,0,1758127634,3000,0,0,0
right_hold,63,63,51,6,4438,511,0,600,511,0,600,0,51,5,4437,515,0,600,515,0,600,0,0,0,1758127634,3000,0,0,0
right_hold,64,64,51,5,4437,515,0,600,515,0,600,0,51,5,4436,519,0,600,519,0,600,0,0,0,1758127634,3000,0,0,0
right_hold,65,65,51,5,4436,519,0,600,519,0,600,0,51,5,4435,523,0,600,523,0,600,0,0,0,1758127634,3000,0,0,0
right_hold,66,66,51,5,4435,523,0,600,523,0,600,0,51,6,4434,527,0,600,527,0,600,0,0,0,1758127634,3000,0,0,0
right_hold,67,67,51,6,4434,527,0,600,527,0,600,0,51,6,4433,531,0,600,531,0,600,0,0,0,1758127634,3000,0,0,0
right_hold,68,68,51,6,4433,531,0,600,531,0,600,0,51,6,4432,535,0,600,535,0,600,0,0,0,1758127634,3000,0,0,0
right_hold,69,69,51,6,4432,535,0,600,535,0,600,0,51,7,4431,539,0,600,539,0,600,0,0,0,1758127634,3000,0,0,0
right_hold,70,70,51,7,4431,539,0,600,539,0,600,0,51,7,4430,543,0,600,543,0,600,0,0,0,1758127634,3000,0,0,0
right_hold,71,71,51,7,4430,543,0,600,543,0,600,0,51,7,4429,547,0,600,547,0,600,0,0,0,1758127634,3000,0,0,0
right_hold,72,72,51,7,4429,547,0,600,547,0,600,0,51,0,4428,551,0,600,551,0,600,0,0,0,1758127634,3000,0,0,0
right_hold,73,73,51,0,4428,551,0,600,551,0,600,0,51,0,4427,555,0,600,555,0,600,0,0,0,1758127634,3000,0,0,0
right_hold,74,74,51,0,4427,555,0,600,555,0,600,0,51,0,4426,559,0,600,559,0,600,0,0,0,1758127634,3000,0,0,0
right_hold,75,75,51,0,4426,559,0,600,559,0,600,0,51,7,4425,563,0,600,563,0,600,0,0,0,1758127634,3000,0,0,0
right_hold,76,76,51,7,4425,563,0,600,563,0,600,0,51,7,4424,567,0,600,567,0,600,0,0,0,1758127634,3000,0,0,0
right_hold,77,77,51,7,4424,567,0,600,567,0,600,0,51,7,4423,571,0,600,571,0,600,0,0,0,1758127634,3000,0,0,0
right_hold,78,78,51,7,4423,571,0,600,571,0,600,0,51,6,4422,575,0,600,575,0,600,0,0,0,1758127634,3000,0,0,0
right_hold,79,79,51,6,4422,575,0,600,575,0,600,0,51,6,4421,579,0,600,579,0,600,0,0,0,1758127634,3000,0,0,0
right_hold,80,80,51,6,4421,579,0,600,579,0,600,0,51,6,4420,583,0,600,583,0,600,0,0,0,1758127634,3000,0,0,0
right_hold,81,81,51,6,4420,583,0,600,583,0,600,0,51,5,4419,587,0,600,587,0,600,0,0,0,1758127634,3000,0,0,0
right_hold,82,82,51,5,4419,587,0,600,587,0,600,0,51,5,4418,591,0,600,591,0,600,0,0,0,1758127634,3000,0,0,0
right_hold,83,83,51,5,4418,591,0,600,591,0,600,0,51,5,4417,595,0,600,595,0,600,0,0,0,1758127634,3000,0,0,0
right_hold,84,84,51,5,4417,595,0,600,595,0,600,0,51,6,4416,599,0,600,599,0,600,0,0,0,1758127634,3000,0,0,0
right_hold,85,85,51,6,4416,599,0,600,599,0,600,0,51,6,4415,603,0,600,603,0,600,0,0,0,1758127634,3000,0,0,0
right_hold,86,86,51,6,4415,603,0,600,603,0,600,0,51,6,4414,607,0,600,607,0,600,0,0,0,1758127634,3000,0,0,0
right_hold,87,87,51,6,4414,607,0,600,607,0,600,0,51,7,4413,611,0,600,611,0,600,0,0,0,1758127634,3000,0,0,0
right_hold,88,88,51,7,4413,611,0,600,611,0,600,0,51,7,4412,615,0,600,615,0,600,0,0,0,1758127634,3000,0,0,0
right_hold,89,89,51,7,4412,615,0,600,615,0,600,0,51,7,4411,619,0,600,619,0,600,0,0,0,1758127634,3000,0,0,0
right_hold,90,90,51,7,4411,619,0,600,619,0,600,0,51,0,4410,623,0,600,623,0,600,0,0,0,1758127634,3000,0,0,0
right_hold,91,91,51,0,4410,623,0,600,623,0,600,0,51,0,4409,627,0,600,627,0,600,0,0,0,1758127634,3000,0,0,0
right_hold,92,92,51,0,4409,627,0,600,627,0,600,0,51,0,4408,631,0,600,631,0,600,0,0,0,1758127634,3000,0,0,0
right_hold,93,93,51,0,4408,631,0,600,631,0,600,0,51,7,4407,635,0,600,635,0,600,0,0,0,1758127634,3000,0,0,0
right_hold,94,94,51,7,4407,635,0,600,635,0,600,0,51,7,4406,639,0,600,639,0,600,0,0,0,1758127634,3000,0,0,0
right_hold,95,95,51,7,4406,639,0,600,639,0,600,0,51,7,4405,643,0,600,643,0,600,0,0,0,1758127634,3000,0,0,0
right_hold,96,96,51,7,4405,643,0,600,643,0,600,0,51,6,4404,647,0,600,647,0,600,0,0,0,1758127634,3000,0,0,0
right_hold,97,97,51,6,4404,647,0,600,647,0,600,0,51,6,4403,651,0,600,651,0,600,0,0,0,1758127634,3000,0,0,0
right_hold,98,98,51,6,4403,651,0,600,651,0,600,0,51,6,4402,655,0,600,655,0,600,0,0,0,1758127634,3000,0,0,0
right_hold,99,99,51,6,4402,655,0,600,655,0,600,0,51,5,4401,659,0,600,659,0,600,0,0,0,1758127634,3000,0,0,0
right_hold,100,100,51,5,4401,659,0,600,659,0,600,0,51,5,4400,663,0,600,663,0,600,0,0,0,1758127634,3000,0,0,0
right_hold,101,101,51,5,4400,663,0,600,663,0,600,0,51,5,4399,667,0,600,667,0,600,0,0,0,1758127634,3000,0,0,0
right_hold,102,102,51,5,4399,667,0,600,667,0,600,0,51,6,4398,671,0,600,671,0,600,0,0,0,1758127634,3000,0,0,0
right_hold,103,103,51,6,4398,671,0,600,671,0,600,0,51,6,4397,675,0,600,675,0,600,0,0,0,1758127634,3000,0,0,0
right_hold,104,104,51,6,4397,675,0,600,675,0,600,0,51,6,4396,679,0,600,679,0,600,0,0,0,1758127634,3000,0,0,0
right_hold,105,105,51,6,4396,679,0,600,679,0,600,0,51,7,4395,683,0,600,683,0,600,0,0,0,1758127634,3000,0,0,0
right_hold,106,106,51,7,4395,683,0,600,683,0,600,0,51,7,4394,687,0,600,687,0,600,0,0,0,1758127634,3000,0,0,0
right_hold,107,107,51,7,4394,687,0,600,687,0,600,0,51,7,4393,691,0,600,691,0,600,0,0,0,1758127634,3000,0,0,0
right_hold,108,108,51,7,4393,691,0,600,691,0,600,0,51,0,4392,695,0,600,695,0,600,0,0,0,1758127634,3000,0,0,0
right_hold,109,109,51,0,4392,695,0,600,695,0,600,0,51,0,4391,699,0,600,699,0,600,0,0,0,1758127634,3000,0,0,0
right_hold,110,110,51,0,4391,699,0,600,699,0,600,0,51,0,4390,703,0,600,703,0,600,0,0,0,1758127634,3000,0,0,0
right_hold,111,111,51,0,4390,703,0,600,703,0,600,0,51,7,4389,707,0,600,707,0,600,0,0,0,1758127634,3000,0,0,0
right_hold,112,112,51,7,4389,707,0,600,707,0,600,0,51,7,4388,711,0,600,711,0,600,0,0,0,1758127634,3000,0,0,0
right_hold,113,113,51,7,4388,711,0,600,711,0,600,0,51,7,4387,715,0,600,715,0,600,0,0,0,1758127634,3000,0,0,0
right_hold,114,114,51,7,4387,715,0,600,715,0,600,0,51,6,4386,719,0,600,719,0,600,0,0,0,1758127634,3000,0,0,0
right_hold,115,115,51,6,4386,719,0,600,719,0,600,0,51,6,4385,723,0,600,723,0,600,0,0,0,1758127634,3000,0,0,0
right_hold,116,116,51,6,4385,723,0,600,723,0,600,0,51,6,4384,727,0,600,727,0,600,0,0,0,1758127634,3000,0,0,0
right_hold,117,117,51,6,4384,727,0,600,727,0,600,0,51,5,4383,731,0,600,731,0,600,0,0,0,1758127634,3000,0,0,0
right_hold,118,118,51,5,4383,731,0,600,731,0,600,0,51,5,4382,735,0,600,735,0,600,0,0,0,1758127634,3000,0,0,0
right_hold,119,119,51,5,4382,735,0,600,735,0,600,0,51,5,4381,739,0,600,739,0,600,0,0,0,1758127634,3000,0,0,0
right_hold,120,120,51,5,4381,739,0,600,739,0,600,0,51,6,4380,743,0,600,743,0,600,0,0,0,1758127634,3000,0,0,0
right_hold,121,121,51,6,4380,743,0,600,743,0,600,0,51,6,4379,747,0,600,747,0,600,0,0,0,1758127634,3000,0,0,0
right_hold,122,122,51,6,4379,747,0,600,747,0,600,0,51,6,4378,751,0,600,751,0,600,0,0,0,1758127634,3000,0,0,0
right_hold,123,123,51,6,4378,751,0,600,751,0,600,0,51,7,4377,755,0,600,755,0,600,0,0,0,1758127634,3000,0,0,0
right_hold,124,124,51,7,4377,755,0,600,755,0,600,0,51,7,4376,759,0,600,759,0,600,0,0,0,1758127634,3000,0,0,0
right_hold,125,125,51,7,4376,759,0,600,759,0,600,0,51,7,4375,763,0,600,763,0,600,0,0,0,1758127634,3000,0,0,0
right_hold,126,126,51,7,4375,763,0,600,763,0,600,0,51,0,4374,767,0,600,767,0,600,0,0,0,1758127634,3000,0,0,0
right_hold,127,127,51,0,4374,767,0,600,767,0,600,0,51,0,4373,771,0,600,771,0,600,0,0,0,1758127634,3000,0,0,0
right_hold,128,128,51,0,4373,771,0,600,771,0,600,0,51,0,4372,775,0,600,775,0,600,0,0,0,1758127634,3000,0,0,0
right_hold,129,129,51,0,4372,775,0,600,775,0,600,0,51,7,4371,779,0,600,779,0,600,0,0,0,1758127634,3000,0,0,0
right_hold,130,130,51,7,4371,779,0,600,779,0,600,0,51,7,4370,783,0,600,783,0,600,0,0,0,1758127634,3000,0,0,0
right_hold,131,131,51,7,4370,783,0,600,783,0,600,0,51,7,4369,787,0,600,787,0,600,0,0,0,1758127634,3000,0,0,0
right_hold,132,132,51,7,4369,787,0,600,787,0,600,0,51,6,4368,791,0,600,791,0,600,0,0,0,1758127634,3000,0,0,0
right_hold,133,133,51,6,4368,791,0,600,791,0,600,0,51,6,4367,795,0,600,795,0,600,0,0,0,1758127634,3000,0,0,0
right_hold,134,134,51,6,4367,795,0,600,795,0,600,0,51,6,4366,799,0,600,799,0,600,0,0,0,1758127634,3000,0,0,0
right_hold,135,135,51,6,4366,799,0,600,799,0,600,0,51,5,4365,803,0,600,803,0,600,0,0,0,1758127634,3000,0,0,0
right_hold,136,136,51,5,4365,803,0,600,803,0,600,0,51,5,4364,807,0,600,807,0,600,0,0,0,1758127634,3000,0,0,0
right_hold,137,137,51,5,4364,807,0,600,807,0,600,0,51,5,4363,811,0,600,811,0,600,0,0,0,1758127634,3000,0,0,0
right_hold,138,138,51,5,4363,811,0,600,811,0,600,0,51,6,4362,815,0,600,815,0,600,0,0,0,1758127634,3000,0,0,0
right_hold,139,139,51,6,4362,815,0,600,815,0,600,0,51,6,4361,819,0,600,819,0,600,0,0,0,1758127634,3000,0,0,0
right_hold,140,140,51,6,4361,819,0,600,819,0,600,0,51,6,4360,823,0,600,823,0,600,0,0,0,1758127634,3000,0,0,0
right_hold,141,141,51,6,4360,823,0,600,823,0,600,0,51,7,4359,827,0,600,827,0,600,0,0,0,1758127634,3000,0,0,0
right_hold,142,142,51,7,4359,827,0,600,827,0,600,0,51,7,4358,831,0,600,831,0,600,0,0,0,1758127634,3000,0,0,0
right_hold,143,143,51,7,4358,831,0,600,831,0,600,0,51,7,4357,835,0,600,835,0,600,0,0,0,1758127634,3000,0,0,0
right_hold,144,144,51,7,4357,835,0,600,835,0,600,0,51,0,4356,839,0,600,839,0,600,0,0,0,1758127634,3000,0,0,0
right_hold,145,145,51,0,4356,839,0,600,839,0,600,0,51,0,4355,843,0,600,843,0,600,0,0,0,1758127634,3000,0,0,0
right_hold,146,146,51,0,4355,843,0,600,843,0,600,0,51,0,4354,847,0,600,847,0,600,0,0,0,1758127634,3000,0,0,0
right_hold,147,147,51,0,4354,847,0,600,847,0,600,0,51,7,4353,851,0,600,851,0,600,0,0,0,1758127634,3000,0,0,0
right_hold,148,148,51,7,4353,851,0,600,851,0,600,0,51,7,4352,855,0,600,855,0,600,0,0,0,1758127634,3000,0,0,0
right_hold,149,149,51,7,4352,855,0,600,855,0,600,0,51,7,4351,859,0,600,859,0,600,0,0,0,1758127634,3000,0,0,0
right_hold,150,150,51,7,4351,859,0,600,859,0,600,0,51,6,4350,863,0,600,863,0,600,0,0,0,1758127634,3000,0,0,0
right_hold,151,151,51,6,4350,863,0,600,863,0,600,0,51,6,4349,867,0,600,867,0,600,0,0,0,1758127634,3000,0,0,0
right_hold,152,152,51,6,4349,867,0,600,867,0,600,0,51,6,4348,871,0,600,871,0,600,0,0,0,1758127634,3000,0,0,0
right_hold,153,153,51,6,4348,871,0,600,871,0,600,0,51,5,4347,875,0,600,875,0,600,0,0,0,1758127634,3000,0,0,0
right_hold,154,154,51,5,4347,875,0,600,875,0,600,0,51,5,4346,879,0,600,879,0,600,0,0,0,1758127634,3000,0,0,0
right_hold,155,155,51,5,4346,879,0,600,879,0,600,0,51,5,4345,883,0,600,883,0,600,0,0,0,1758127634,3000,0,0,0
right_hold,156,156,51,5,4345,883,0,600,883,0,600,0,51,6,4344,887,0,600,887,0,600,0,0,0,1758127634,3000,0,0,0
right_hold,157,157,51,6,4344,887,0,600,887,0,600,0,51,6,4343,891,0,600,891,0,600,0,0,0,1758127634,3000,0,0,0
right_hold,158,158,51,6,4343,891,0,600,891,0,600,0,51,6,4342,895,0,600,895,0,600,0,0,0,1758127634,3000,0,0,0
right_hold,159,159,51,6,4342,895,0,600,895,0,600,0,51,7,4341,899,0,600,899,0,600,0,0,0,1758127634,3000,0,0,0
right_hold,160,160,51,7,4341,899,0,600,899,0,600,0,51,7,4340,903,0,600,903,0,600,0,0,0,1758127634,3000,0,0,0
right_hold,161,161,51,7,4340,903,0,600,903,0,600,0,51,7,4339,907,0,600,907,0,600,0,0,0,1758127634,3000,0,0,0
right_hold,162,162,51,7,4339,907,0,600,907,0,600,0,51,0,4338,911,0,600,911,0,600,0,0,0,1758127634,3000,0,0,0
right_hold,163,163,51,0,4338,911,0,600,911,0,600,0,51,0,4337,915,0,600,915,0,600,0,0,0,1758127634,3000,0,0,0
right_hold,164,164,51,0,4337,915,0,600,915,0,600,0,51,0,4336,919,0,600,919,0,600,0,0,0,1758127634,3000,0,0,0
right_hold,165,165,51,0,4336,919,0,600,919,0,600,0,51,7,4335,923,0,600,923,0,600,0,0,0,1758127634,3000,0,0,0
right_hold,166,166,51,7,4335,923,0,600,923,0,600,0,51,7,4334,927,0,600,927,0,600,0,0,0,1758127634,3000,0,0,0
right_hold,167,167,51,7,4334,927,0,600,927,0,600,0,51,7,4333,931,0,600,931,0,600,0,0,0,1758127634,3000,0,0,0
right_hold,168,168,51,7,4333,931,0,600,931,0,600,0,51,6,4332,935,0,600,935,0,600,0,0,0,1758127634,3000,0,0,0
right_hold,169,169,51,6,4332,935,0,600,935,0,600,0,51,6,4331,939,0,600,939,0,600,0,0,0,1758127634,3000,0,0,0
right_hold,170,170,51,6,4331,939,0,600,939,0,600,0,51,6,4330,943,0,600,943,0,600,0,0,0,1758127634,3000,0,0,0
right_hold,171,171,51,6,4330,943,0,600,943,0,600,0,51,5,4329,947,0,600,947,0,600,0,0,0,1758127634,3000,0,0,0
right_hold,172,172,51,5,4329,947,0,600,947,0,600,0,51,5,4328,951,0,600,951,0,600,0,0,0,1758127634,3000,0,0,0
right_hold,173,173,51,5,4328,951,0,600,951,0,600,0,51,5,4327,955,0,600,955,0,600,0,0,0,1758127634,3000,0,0,0
right_hold,174,174,51,5,4327,955,0,600,955,0,600,0,51,6,4326,959,0,600,959,0,600,0,0,0,1758127634,3000,0,0,0
right_hold,175,175,51,6,4326,959,0,600,959,0,600,0,51,6,4325,963,0,600,963,0,600,0,0,0,1758127634,3000,0,0,0
right_hold,176,176,51,6,4325,963,0,600,963,0,600,0,51,6,4324,967,0,600,967,0,600,0,0,0,1758127634,3000,0,0,0
right_hold,177,177,51,6,4324,967,0,600,967,0,600,0,51,7,4323,971,0,600,971,0,600,0,0,0,1758127634,3000,0,0,0
right_hold,178,178,51,7,4323,971,0,600,971,0,600,0,51,7,4322,975,0,600,975,0,600,0,0,0,1758127634,3000,0,0,0
right_hold,179,179,51,7,4322,975,0,600,975,0,600,0,51,7,4321,979,0,600,979,0,600,0,0,0,1758127634,3000,0,0,0
right_hold,180,180,51,7,4321,979,0,600,979,0,600,0,51,0,4320,983,0,600,983,0,600,0,0,0,1758127634,3000,0,0,0
right_hold,181,181,51,0,4320,983,0,600,983,0,600,0,51,0,4319,987,0,600,987,0,600,0,0,0,1758127634,3000,0,0,0
right_hold,182,182,51,0,4319,987,0,600,987,0,600,0,51,0,4318,991,0,600,991,0,600,0,0,0,1758127634,3000,0,0,0
right_hold,183,183,51,0,4318,991,0,600,991,0,600,0,51,7,4317,995,0,600,995,0,600,0,0,0,1758127634,3000,0,0,0
right_hold,184,184,51,7,4317,995,0,600,995,0,600,0,51,7,4316,999,0,600,999,0,600,0,0,0,1758127634,3000,0,0,0
right_hold,185,185,51,7,4316,999,0,600,999,0,600,0,51,7,4315,1003,0,600,1003,0,600,0,0,0,1758127634,3000,0,0,0
right_hold,186,186,51,7,4315,1003,0,600,1003,0,600,0,51,6,4314,1007,0,600,1007,0,600,0,0,0,1758127634,3000,0,0,0
right_hold,187,187,51,6,4314,1007,0,600,1007,0,600,0,51,6,4313,1011,0,600,1011,0,600,0,0,0,1758127634,3000,0,0,0
right_hold,188,188,51,6,4313,1011,0,600,1011,0,600,0,51,6,4312,1015,0,600,1015,0,600,0,0,0,1758127634,3000,0,0,0
right_hold,189,189,51,6,4312,1015,0,600,1015,0,600,0,51,5,4311,1019,0,600,1019,0,600,0,0,0,1758127634,3000,0,0,0
right_hold,190,190,51,5,4311,1019,0,600,1019,0,600,0,51,5,4310,1023,0,600,1023,0,600,0,0,0,1758127634,3000,0,0,0
right_hold,191,191,51,5,4310,1023,0,600,1023,0,600,0,51,5,4309,1027,0,600,1027,0,600,0,0,0,1758127634,3000,0,0,0
right_hold,192,192,51,5,4309,1027,0,600,1027,0,600,0,51,6,4308,1031,0,600,1031,0,600,0,0,0,1758127634,3000,0,0,0
right_hold,193,193,51,6,4308,1031,0,600,1031,0,600,0,51,6,4307,1035,0,600,1035,0,600,0,0,0,1758127634,3000,0,0,0
right_hold,194,194,51,6,4307,1035,0,600,1035,0,600,0,51,6,4306,1039,0,600,1039,0,600,0,0,0,1758127634,3000,0,0,0
right_hold,195,195,51,6,4306,1039,0,600,1039,0,600,0,51,7,4305,1043,0,600,1043,0,600,0,0,0,1758127634,3000,0,0,0
right_hold,196,196,51,7,4305,1043,0,600,1043,0,600,0,51,7,4304,1047,0,600,1047,0,600,0,0,0,1758127634,3000,0,0,0
right_hold,197,197,51,7,4304,1047,0,600,1047,0,600,0,51,7,4303,1051,0,600,1051,0,600,0,0,0,1758127634,3000,0,0,0
right_hold,198,198,51,7,4303,1051,0,600,1051,0,600,0,51,0,4302,1055,0,600,1055,0,600,0,0,0,1758127634,3000,0,0,0
right_hold,199,199,51,0,4302,1055,0,600,1055,0,600,0,51,0,4301,1059,0,600,1059,0,600,0,0,0,1758127634,3000,0,0,0
right_hold,200,200,51,0,4301,1059,0,600,1059,0,600,0,51,0,4300,1063,0,600,1063,0,600,0,0,0,1758127634,3000,0,0,0
right_hold,201,201,51,0,4300,1063,0,600,1063,0,600,0,51,7,4299,1067,0,600,1067,0,600,0,0,0,1758127634,3000,0,0,0
right_hold,202,202,51,7,4299,1067,0,600,1067,0,600,0,51,7,4298,1071,0,600,1071,0,600,0,0,0,1758127634,3000,0,0,0
right_hold,203,203,51,7,4298,1071,0,600,1071,0,600,0,51,7,4297,1075,0,600,1075,0,600,0,0,0,1758127634,3000,0,0,0
right_hold,204,204,51,7,4297,1075,0,600,1075,0,600,0,51,6,4296,1079,0,600,1079,0,600,0,0,0,1758127634,3000,0,0,0
right_hold,205,205,51,6,4296,1079,0,600,1079,0,600,0,51,6,4295,1083,0,600,1083,0,600,0,0,0,1758127634,3000,0,0,0
right_hold,206,206,51,6,4295,1083,0,600,1083,0,600,0,51,6,4294,1087,0,600,1087,0,600,0,0,0,1758127634,3000,0,0,0
right_hold,207,207,51,6,4294,1087,0,600,1087,0,600,0,51,5,4293,1091,0,600,1091,0,600,0,0,0,1758127634,3000,0,0,0
right_hold,208,208,51,5,4293,1091,0,600,1091,0,600,0,51,5,4292,1095,0,600,1095,0,600,0,0,0,1758127634,3000,0,0,0
right_hold,209,209,51,5,4292,1095,0,600,1095,0,600,0,51,5,4291,1099,0,600,1099,0,600,0,0,0,1758127634,3000,0,0,0
right_hold,210,210,51,5,4291,1099,0,600,1099,0,600,0,51,6,4290,1103,0,600,1103,0,600,0,0,0,1758127634,3000,0,0,0
right_hold,211,211,51,6,4290,1103,0,600,1103,0,600,0,51,6,4289,1107,0,600,1107,0,600,0,0,0,1758127634,3000,0,0,0
right_hold,212,212,51,6,4289,1107,0,600,1107,0,600,0,51,6,4288,1111,0,600,1111,0,600,0,0,0,1758127634,3000,0,0,0
right_hold,213,213,51,6,4288,1111,0,600,1111,0,600,0,51,7,4287,1115,0,600,1115,0,600,0,0,0,1758127634,3000,0,0,0
right_hold,214,214,51,7,4287,1115,0,600,1115,0,600,0,51,7,4286,1119,0,600,1119,0,600,0,0,0,1758127634,3000,0,0,0
right_hold,215,215,51,7,4286,1119,0,600,1119,0,600,0,51,7,4285,1123,0,600,1123,0,600,0,0,0,1758127634,3000,0,0,0
right_hold,216,216,51,7,4285,1123,0,600,1123,0,600,0,51,0,4284,1127,0,600,1127,0,600,0,0,0,1758127634,3000,0,0,0
right_hold,217,217,51,0,4284,1127,0,600,1127,0,600,0,51,0,4283,1131,0,600,1131,0,600,0,0,0,1758127634,3000,0,0,0
right_hold,218,218,51,0,4283,1131,0,600,1131,0,600,0,51,0,4282,1135,0,600,1135,0,600,0,0,0,1758127634,3000,0,0,0
right_hold,219,219,51,0,4282,1135,0,600,1135,0,600,0,51,7,4281,1139,0,600,1139,0,600,0,0,0,1758127634,3000,0,0,0
right_hold,220,220,51,7,4281,1139,0,600,1139,0,600,0,51,7,4280,1143,0,600,1143,0,600,0,0,0,1758127634,3000,0,0,0
right_hold,221,221,51,7,4280,1143,0,600,1143,0,600,0,51,7,4279,1147,0,600,1147,0,600,0,0,0,1758127634,3000,0,0,0
right_hold,222,222,51,7,4279,1147,0,600,1147,0,600,0,51,6,4278,1151,0,600,1151,0,600,0,0,0,1758127634,3000,0,0,0
right_hold,223,223,51,6,4278,1151,0,600,1151,0,600,0,51,6,4277,1155,0,600,1155,0,600,0,0,0,1758127634,3000,0,0,0
right_hold,224,224,51,6,4277,1155,0,600,1155,0,600,0,51,6,4276,1159,0,600,1159,0,600,0,0,0,1758127634,3000,0,0,0
right_hold,225,225,51,6,4276,1159,0,600,1159,0,600,0,51,5,4275,1163,0,600,1163,0,600,0,0,0,1758127634,3000,0,0,0
right_hold,226,226,51,5,4275,1163,0,600,1163,0,600,0,51,5,4274,1167,0,600,1167,0,600,0,0,0,1758127634,3000,0,0,0
right_hold,227,227,51,5,4274,1167,0,600,1167,0,600,0,51,5,4273,1171,0,600,1171,0,600,0,0,0,1758127634,3000,0,0,0
right_hold,228,228,51,5,4273,1171,0,600,1171,0,600,0,51,6,4272,1175,0,600,1175,0,600,0,0,0,1758127634,3000,0,0,0
right_hold,229,229,51,6,4272,1175,0,600,1175,0,600,0,51,6,4271,1179,0,600,1179,0,600,0,0,0,1758127634,3000,0,0,0
right_hold,230,230,51,6,4271,1179,0,600,1179,0,600,0,51,6,4270,1183,0,600,1183,0,600,0,0,0,1758127634,3000,0,0,0
right_hold,231,231,51,6,4270,1183,0,600,1183,0,600,0,51,7,4269,1187,0,600,1187,0,600,0,0,0,1758127634,3000,0,0,0
right_hold,232,232,51,7,4269,1187,0,600,1187,0,600,0,51,7,4268,1191,0,600,1191,0,600,0,0,0,1758127634,3000,0,0,0
right_hold,233,233,51,7,4268,1191,0,600,1191,0,600,0,51,7,4267,1195,0,600,1195,0,600,0,0,0,1758127634,3000,0,0,0
right_hold,234,234,51,7,4267,1195,0,600,1195,0,600,0,51,0,4266,1199,0,600,1199,0,600,0,0,0,1758127634,3000,0,0,0
right_hold,235,235,51,0,4266,1199,0,600,1199,0,600,0,51,0,4265,1203,0,600,1203,0,600,0,0,0,1758127634,3000,0,0,0
right_hold,236,236,51,0,4265,1203,0,600,1203,0,600,0,51,0,4264,1207,0,600,1207,0,600,0,0,0,1758127634,3000,0,0,0
right_hold,237,237,51,0,4264,1207,0,600,1207,0,600,0,51,7,4263,1211,0,600,1211,0,600,0,0,0,1758127634,3000,0,0,0
right_hold,238,238,51,7,4263,1211,0,600,1211,0,600,0,51,7,4262,1215,0,600,1215,0,600,0,0,0,1758127634,3000,0,0,0
right_hold,239,239,51,7,4262,1215,0,600,1215,0,600,0,51,7,4261,1219,0,600,1219,0,600,0,0,0,1758127634,3000,0,0,0
right_hold,240,240,51,7,4261,1219,0,600,1219,0,600,0,51,6,4260,1223,0,600,1223,0,600,0,0,0,1758127634,3000,0,0,0
right_hold,241,241,51,6,4260,1223,0,600,1223,0,600,0,51,6,4259,1227,0,600,1227,0,600,0,0,0,1758127634,3000,0,0,0
right_hold,242,242,51,6,4259,1227,0,600,1227,0,600,0,51,6,4258,1231,0,600,1231,0,600,0,0,0,1758127634,3000,0,0,0
right_hold,243,243,51,6,4258,1231,0,600,1231,0,600,0,51,5,4257,1235,0,600,1235,0,600,0,0,0,1758127634,3000,0,0,0
right_hold,244,244,51,5,4257,1235,0,600,1235,0,600,0,51,5,4256,1239,0,600,1239,0,600,0,0,0,1758127634,3000,0,0,0
right_hold,245,245,51,5,4256,1239,0,600,1239,0,600,0,51,5,4255,1243,0,600,1243,0,600,0,0,0,1758127634,3000,0,0,0
right_hold,246,246,51,5,4255,1243,0,600,1243,0,600,0,51,6,4254,1247,0,600,1247,0,600,0,0,0,1758127634,3000,0,0,0
right_hold,247,247,51,6,4254,1247,0,600,1247,0,600,0,51,6,4253,1251,0,600,1251,0,600,0,0,0,1758127634,3000,0,0,0
right_hold,248,248,51,6,4253,1251,0,600,1251,0,600,0,51,6,4252,1255,0,600,1255,0,600,0,0,0,1758127634,3000,0,0,0
right_hold,249,249,51,6,4252,1255,0,600,1255,0,600,0,51,7,4251,1259,0,600,1259,0,600,0,0,0,1758127634,3000,0,0,0
right_hold,250,250,51,7,4251,1259,0,600,1259,0,600,0,51,7,4250,1263,0,600,1263,0,600,0,0,0,1758127634,3000,0,0,0
right_hold,251,251,51,7,4250,1263,0,600,1263,0,600,0,51,7,4249,1267,0,600,1267,0,600,0,0,0,1758127634,3000,0,0,0
right_hold,252,252,51,7,4249,1267,0,600,1267,0,600,0,51,0,4248,1271,0,600,1271,0,600,0,0,0,1758127634,3000,0,0,0
right_hold,253,253,51,0,4248,1271,0,600,1271,0,600,0,51,0,4247,1275,0,600,1275,0,600,0,0,0,1758127634,3000,0,0,0
right_hold,254,254,51,0,4247,1275,0,600,1275,0,600,0,51,0,4246,1279,0,600,1279,0,600,0,0,0,1758127634,3000,0,0,0
right_hold,255,255,51,0,4246,1279,0,600,1279,0,600,0,51,7,4245,1283,0,600,1283,0,600,0,0,0,1758127634,3000,0,0,0
right_hold,256,256,51,7,4245,1283,0,600,1283,0,600,0,51,7,4244,1287,0,600,1287,0,600,0,0,0,1758127634,3000,0,0,0
right_hold,257,257,51,7,4244,1287,0,600,1287,0,600,0,51,7,4243,1291,0,600,1291,0,600,0,0,0,1758127634,3000,0,0,0
right_hold,258,258,51,7,4243,1291,0,600,1291,0,600,0,51,6,4242,1295,0,600,1295,0,600,0,0,0,1758127634,3000,0,0,0
right_hold,259,259,51,6,4242,1295,0,600,1295,0,600,0,51,6,4241,1299,0,600,1299,0,600,0,0,0,1758127634,3000,0,0,0
right_hold,260,260,51,6,4241,1299,0,600,1299,0,600,0,51,6,4240,1303,0,600,1303,0,600,0,0,0,1758127634,3000,0,0,0
right_hold,261,261,51,6,4240,1303,0,600,1303,0,600,0,51,5,4239,1307,0,600,1307,0,600,0,0,0,1758127634,3000,0,0,0
right_hold,262,262,51,5,4239,1307,0,600,1307,0,600,0,51,5,4238,1311,0,600,1311,0,600,0,0,0,1758127634,3000,0,0,0
right_hold,263,263,51,5,4238,1311,0,600,1311,0,600,0,51,5,4237,1315,0,600,1315,0,600,0,0,0,1758127634,3000,0,0,0
right_hold,264,264,51,5,4237,1315,0,600,1315,0,600,0,51,6,4236,1319,0,600,1319,0,600,0,0,0,1758127634,3000,0,0,0
right_hold,265,265,51,6,4236,1319,0,600,1319,0,600,0,51,6,4235,1323,0,600,1323,0,600,0,0,0,1758127634,3000,0,0,0
right_hold,266,266,51,6,4235,1323,0,600,1323,0,600,0,51,6,4234,1327,0,600,1327,0,600,0,0,0,1758127634,3000,0,0,0
right_hold,267,267,51,6,4234,1327,0,600,1327,0,600,0,51,7,4233,1330,0,600,1330,0,600,0,0,0,1758127634,3000,0,0,0
right_hold,268,268,51,7,4233,1330,0,600,1330,0,600,0,51,7,4232,1330,0,600,1330,0,600,0,0,0,1758127634,3000,0,0,0
right_hold,269,269,51,7,4232,1330,0,600,1330,0,600,0,51,7,4231,1330,0,600,1330,0,600,0,0,0,1758127634,3000,0,0,0
right_hold,270,270,51,7,4231,1330,0,600,1330,0,600,0,51,0,4230,1330,0,600,1330,0,600,0,0,0,1758127634,3000,0,0,0
right_hold,271,271,51,0,4230,1330,0,600,1330,0,600,0,51,0,4229,1330,0,600,1330,0,600,0,0,0,1758127634,3000,0,0,0
right_hold,272,272,51,0,4229,1330,0,600,1330,0,600,0,51,0,4228,1330,0,600,1330,0,600,0,0,0,1758127634,3000,0,0,0
right_hold,273,273,51,0,4228,1330,0,600,1330,0,600,0,51,7,4227,1330,0,600,1330,0,600,0,0,0,1758127634,3000,0,0,0
right_hold,274,274,51,7,4227,1330,0,600,1330,0,600,0,51,7,4226,1330,0,600,1330,0,600,0,0,0,1758127634,3000,0,0,0
right_hold,275,275,51,7,4226,1330,0,600,1330,0,600,0,51,7,4225,1330,0,600,1330,0,600,0,0,0,1758127634,3000,0,0,0
right_hold,276,276,51,7,4225,1330,0,600,1330,0,600,0,51,6,4224,1330,0,600,1330,0,600,0,0,0,1758127634,3000,0,0,0
right_hold,277,277,51,6,4224,1330,0,600,1330,0,600,0,51,6,4223,1330,0,600,1330,0,600,0,0,0,1758127634,3000,0,0,0
right_hold,278,278,51,6,4223,1330,0,600,1330,0,600,0,51,6,4222,1330,0,600,1330,0,600,0,0,0,1758127634,3000,0,0,0
right_hold,279,279,51,6,4222,1330,0,600,1330,0,600,0,51,5,4221,1330,0,600,1330,0,600,0,0,0,1758127634,3000,0,0,0
right_hold,280,280,51,5,4221,1330,0,600,1330,0,600,0,51,5,4220,1330,0,600,1330,0,600,0,0,0,1758127634,3000,0,0,0
right_hold,281,281,51,5,4220,1330,0,600,1330,0,600,0,51,5,4219,1330,0,600,1330,0,600,0,0,0,1758127634,3000,0,0,0
right_hold,282,282,51,5,4219,1330,0,600,1330,0,600,0,51,6,4218,1330,0,600,1330,0,600,0,0,0,1758127634,3000,0,0,0
right_hold,283,283,51,6,4218,1330,0,600,1330,0,600,0,51,6,4217,1330,0,600,1330,0,600,0,0,0,1758127634,3000,0,0,0
right_hold,284,284,51,6,4217,1330,0,600,1330,0,600,0,51,6,4216,1330,0,600,1330,0,600,0,0,0,1758127634,3000,0,0,0
right_hold,285,285,51,6,4216,1330,0,600,1330,0,600,0,51,7,4215,1330,0,600,1330,0,600,0,0,0,1758127634,3000,0,0,0
right_hold,286,286,51,7,4215,1330,0,600,1330,0,600,0,51,7,4214,1330,0,600,1330,0,600,0,0,0,1758127634,3000,0,0,0
right_hold,287,287,51,7,4214,1330,0,600,1330,0,600,0,51,7,4213,1330,0,600,1330,0,600,0,0,0,1758127634,3000,0,0,0
right_hold,288,288,51,7,4213,1330,0,600,1330,0,600,0,51,0,4212,1330,0,600,1330,0,600,0,0,0,1758127634,3000,0,0,0
right_hold,289,289,51,0,4212,1330,0,600,1330,0,600,0,51,0,4211,1330,0,600,1330,0,600,0,0,0,1758127634,3000,0,0,0
right_hold,290,290,51,0,4211,1330,0,600,1330,0,600,0,51,0,4210,1330,0,600,1330,0,600,0,0,0,1758127634,3000,0,0,0
right_hold,291,291,51,0,4210,1330,0,600,1330,0,600,0,51,7,4209,1330,0,600,1330,0,600,0,0,0,1758127634,3000,0,0,0
right_hold,292,292,51,7,4209,1330,0,600,1330,0,600,0,51,7,4208,1330,0,600,1330,0,600,0,0,0,1758127634,3000,0,0,0
right_hold,293,293,51,7,4208,1330,0,600,1330,0,600,0,51,7,4207,1330,0,600,1330,0,600,0,0,0,1758127634,3000,0,0,0
right_hold,294,294,51,7,4207,1330,0,600,1330,0,600,0,51,6,4206,1330,0,600,1330,0,600,0,0,0,1758127634,3000,0,0,0
right_hold,295,295,51,6,4206,1330,0,600,1330,0,600,0,51,6,4205,1330,0,600,1330,0,600,0,0,0,1758127634,3000,0,0,0
right_hold,296,296,51,6,4205,1330,0,600,1330,0,600,0,51,6,4204,1330,0,600,1330,0,600,0,0,0,1758127634,3000,0,0,0
right_hold,297,297,51,6,4204,1330,0,600,1330,0,600,0,51,5,4203,1330,0,600,1330,0,600,0,0,0,1758127634,3000,0,0,0
right_hold,298,298,51,5,4203,1330,0,600,1330,0,600,0,51,5,4202,1330,0,600,1330,0,600,0,0,0,1758127634,3000,0,0,0
right_hold,299,299,51,5,4202,1330,0,600,1330,0,600,0,51,5,4201,1330,0,600,1330,0,600,0,0,0,1758127634,3000,0,0,0
right_hold,300,300,51,5,4201,1330,0,600,1330,0,600,0,51,6,4200,1330,0,600,1330,0,600,0,0,0,1758127634,3000,0,0,0
right_hold,301,301,51,6,4200,1330,0,600,1330,0,600,0,51,6,4199,1330,0,600,1330,0,600,0,0,0,1758127634,3000,0,0,0
right_hold,302,302,51,6,4199,1330,0,600,1330,0,600,0,51,6,4198,1330,0,600,1330,0,600,0,0,0,1758127634,3000,0,0,0
right_hold,303,303,51,6,4198,1330,0,600,1330,0,600,0,51,7,4197,1330,0,600,1330,0,600,0,0,0,1758127634,3000,0,0,0
right_hold,304,304,51,7,4197,1330,0,600,1330,0,600,0,51,7,4196,1330,0,600,1330,0,600,0,0,0,1758127634,3000,0,0,0
right_hold,305,305,51,7,4196,1330,0,600,1330,0,600,0,51,7,4195,1330,0,600,1330,0,600,0,0,0,1758127634,3000,0,0,0
right_hold,306,306,51,7,4195,1330,0,600,1330,0,600,0,51,0,4194,1330,0,600,1330,0,600,0,0,0,1758127634,3000,0,0,0
right_hold,307,307,51,0,4194,1330,0,600,1330,0,600,0,51,0,4193,1330,0,600,1330,0,600,0,0,0,1758127634,3000,0,0,0
right_hold,308,308,51,0,4193,1330,0,600,1330,0,600,0,51,0,4192,1330,0,600,1330,0,600,0,0,0,1758127634,3000,0,0,0
right_hold,309,309,51,0,4192,1330,0,600,1330,0,600,0,51,7,4191,1330,0,600,1330,0,600,0,0,0,1758127634,3000,0,0,0
right_hold,310,310,51,7,4191,1330,0,600,1330,0,600,0,51,7,4190,1330,0,600,1330,0,600,0,0,0,1758127634,3000,0,0,0
right_hold,311,311,51,7,4190,1330,0,600,1330,0,600,0,51,7,4189,1330,0,600,1330,0,600,0,0,0,1758127634,3000,0,0,0
right_hold,312,312,51,7,4189,1330,0,600,1330,0,600,0,51,6,4188,1330,0,600,1330,0,600,0,0,0,1758127634,3000,0,0,0
right_hold,313,313,51,6,4188,1330,0,600,1330,0,600,0,51,6,4187,1330,0,600,1330,0,600,0,0,0,1758127634,3000,0,0,0
right_hold,314,314,51,6,4187,1330,0,600,1330,0,600,0,51,6,4186,1330,0,600,1330,0,600,0,0,0,1758127634,3000,0,0,0
right_hold,315,315,51,6,4186,1330,0,600,1330,0,600,0,51,5,4185,1330,0,600,1330,0,600,0,0,0,1758127634,3000,0,0,0
right_hold,316,316,51,5,4185,1330,0,600,1330,0,600,0,51,5,4184,1330,0,600,1330,0,600,0,0,0,1758127634,3000,0,0,0
right_hold,317,317,51,5,4184,1330,0,600,1330,0,600,0,51,5,4183,1330,0,600,1330,0,600,0,0,0,1758127634,3000,0,0,0
right_hold,318,318,51,5,4183,1330,0,600,1330,0,600,0,51,6,4182,1330,0,600,1330,0,600,0,0,0,1758127634,3000,0,0,0
right_hold,319,319,51,6,4182,1330,0,600,1330,0,600,0,51,6,4181,1330,0,600,1330,0,600,0,0,0,1758127634,3000,0,0,0
right_hold,320,320,51,6,4181,1330,0,600,1330,0,600,0,51,6,4180,1330,0,600,1330,0,600,0,0,0,1758127634,3000,0,0,0
right_hold,321,321,51,6,4180,1330,0,600,1330,0,600,0,51,7,4179,1330,0,600,1330,0,600,0,0,0,1758127634,3000,0,0,0
right_hold,322,322,51,7,4179,1330,0,600,1330,0,600,0,51,7,4178,1330,0,600,1330,0,600,0,0,0,1758127634,3000,0,0,0
right_hold,323,323,51,7,4178,1330,0,600,1330,0,600,0,51,7,4177,1330,0,600,1330,0,600,0,0,0,1758127634,3000,0,0,0
right_hold,324,324,51,7,4177,1330,0,600,1330,0,600,0,51,0,4176,1330,0,600,1330,0,600,0,0,0,1758127634,3000,0,0,0
right_hold,325,325,51,0,4176,1330,0,600,1330,0,600,0,51,0,4175,1330,0,600,1330,0,600,0,0,0,1758127634,3000,0,0,0
right_hold,326,326,51,0,4175,1330,0,600,1330,0,600,0,51,0,4174,1330,0,600,1330,0,600,0,0,0,1758127634,3000,0,0,0
right_hold,327,327,51,0,4174,1330,0,600,1330,0,600,0,51,7,4173,1330,0,600,1330,0,600,0,0,0,1758127634,3000,0,0,0
right_hold,328,328,51,7,4173,1330,0,600,1330,0,600,0,51,7,4172,1330,0,600,1330,0,600,0,0,0,1758127634,3000,0,0,0
right_hold,329,329,51,7,4172,1330,0,600,1330,0,600,0,51,7,4171,1330,0,600,1330,0,600,0,0,0,1758127634,3000,0,0,0
right_hold,330,330,51,7,4171,1330,0,600,1330,0,600,0,51,6,4170,1330,0,600,1330,0,600,0,0,0,1758127634,3000,0,0,0
right_hold,331,331,51,6,4170,1330,0,600,1330,0,600,0,51,6,4169,1330,0,600,1330,0,600,0,0,0,1758127634,3000,0,0,0
right_hold,332,332,51,6,4169,1330,0,600,1330,0,600,0,51,6,4168,1330,0,600,1330,0,600,0,0,0,1758127634,3000,0,0,0
right_hold,333,333,51,6,4168,1330,0,600,1330,0,600,0,51,5,4167,1330,0,600,1330,0,600,0,0,0,1758127634,3000,0,0,0
right_hold,334,334,51,5,4167,1330,0,600,1330,0,600,0,51,5,4166,1330,0,600,1330,0,600,0,0,0,1758127634,3000,0,0,0
right_hold,335,335,51,5,4166,1330,0,600,1330,0,600,0,51,5,4165,1330,0,600,1330,0,600,0,0,0,1758127634,3000,0,0,0
right_hold,336,336,51,5,4165,1330,0,600,1330,0,600,0,51,6,4164,1330,0,600,1330,0,600,0,0,0,1758127634,3000,0,0,0
right_hold,337,337,51,6,4164,1330,0,600,1330,0,600,0,51,6,4163,1330,0,600,1330,0,600,0,0,0,1758127634,3000,0,0,0
right_hold,338,338,51,6,4163,1330,0,600,1330,0,600,0,51,6,4162,1330,0,600,1330,0,600,0,0,0,1758127634,3000,0,0,0
right_hold,339,339,51,6,4162,1330,0,600,1330,0,600,0,51,7,4161,1330,0,600,1330,0,600,0,0,0,1758127634,3000,0,0,0
right_hold,340,340,51,7,4161,1330,0,600,1330,0,600,0,51,7,4160,1330,0,600,1330,0,600,0,0,0,1758127634,3000,0,0,0
right_hold,341,341,51,7,4160,1330,0,600,1330,0,600,0,51,7,4159,1330,0,600,1330,0,600,0,0,0,1758127634,3000,0,0,0
right_hold,342,342,51,7,4159,1330,0,600,1330,0,600,0,51,0,4158,1330,0,600,1330,0,600,0,0,0,1758127634,3000,0,0,0
right_hold,343,343,51,0,4158,1330,0,600,1330,0,600,0,51,0,4157,1330,0,600,1330,0,600,0,0,0,1758127634,3000,0,0,0
right_hold,344,344,51,0,4157,1330,0,600,1330,0,600,0,51,0,4156,1330,0,600,1330,0,600,0,0,0,1758127634,3000,0,0,0
right_hold,345,345,51,0,4156,1330,0,600,1330,0,600,0,51,7,4155,1330,0,600,1330,0,600,0,0,0,1758127634,3000,0,0,0
right_hold,346,346,51,7,4155,1330,0,600,1330,0,600,0,51,7,4154,1330,0,600,1330,0,600,0,0,0,1758127634,3000,0,0,0
right_hold,347,347,51,7,4154,1330,0,600,1330,0,600,0,51,7,4153,1330,0,600,1330,0,600,0,0,0,1758127634,3000,0,0,0
right_hold,348,348,51,7,4153,1330,0,600,1330,0,600,0,51,6,4152,1330,0,600,1330,0,600,0,0,0,1758127634,3000,0,0,0
right_hold,349,349,51,6,4152,1330,0,600,1330,0,600,0,51,6,4151,1330,0,600,1330,0,600,0,0,0,1758127634,3000,0,0,0
