path,class,exists,hashMatchesQ01,guidMatchesQ01,guid,serializedReferrers,serializedReferrerCount,exactScriptLiteralReferrers,exactScriptLiteralCount,deleteAuthorized,currentGuidOwners,samePathOwnsGuid,currentOldPathSerializedReferrerCount,disposition,relocatedContentMatchesQ01
Assets/NTSD/Config/Character/chiyo.dat,OLD_DAT,true,true,true,401d828b7aeb7574084644b5348e4884,[],0,[],0,false,"[""Assets/NTSD/Config/Character/chiyo.dat""]",true,0,PRESENT_SAME_GUID,
Assets/NTSD/Config/Character/deidara.dat,OLD_DAT,true,true,true,30c362c4199f60f408828d6082602936,[],0,[],0,false,"[""Assets/NTSD/Config/Character/deidara.dat""]",true,0,PRESENT_SAME_GUID,
Assets/NTSD/Config/Character/deidara_bird.dat,OLD_DAT,true,true,true,4cb13c4defdae734daa9873738ce8457,[],0,[],0,false,"[""Assets/NTSD/Config/Character/deidara_bird.dat""]",true,0,PRESENT_SAME_GUID,
Assets/NTSD/Config/Character/gaara.dat,OLD_DAT,true,true,true,344919bb75b2b1b42b2bd0751658eab5,[],0,[],0,false,"[""Assets/NTSD/Config/Character/gaara.dat""]",true,0,PRESENT_SAME_GUID,
Assets/NTSD/Config/Character/hidan.dat,OLD_DAT,true,true,true,c6c02d00baf48174b9b3f6c7a7717a55,[],0,[],0,false,"[""Assets/NTSD/Config/Character/hidan.dat""]",true,0,PRESENT_SAME_GUID,
Assets/NTSD/Config/Character/Hsasori.dat,OLD_DAT,true,true,true,f0b843c68a4df7b4f9e3aec9f8d3627f,[],0,[],0,false,"[""Assets/NTSD/Config/Character/Hsasori.dat""]",true,0,PRESENT_SAME_GUID,
Assets/NTSD/Config/Character/hunter.dat,OLD_DAT,true,true,true,772d13ba15ef8ef48a7920eef1fea9a7,[],0,[],0,false,"[""Assets/NTSD/Config/Character/hunter.dat""]",true,0,PRESENT_SAME_GUID,
Assets/NTSD/Config/Character/itachi.dat,OLD_DAT,true,true,true,c1d781b2b3032fa4fa3d13c28a9f9c7e,[],0,[],0,false,"[""Assets/NTSD/Config/Character/itachi.dat""]",true,0,PRESENT_SAME_GUID,
Assets/NTSD/Config/Character/jiraiya.dat,OLD_DAT,true,true,true,82e86ed00942b6449ac53cfcd3a9ed04,[],0,[],0,false,"[""Assets/NTSD/Config/Character/jiraiya.dat""]",true,0,PRESENT_SAME_GUID,
Assets/NTSD/Config/Character/jiroubou.dat,OLD_DAT,true,true,true,1a623a1ea4935874985270440ca58dc2,[],0,[],0,false,"[""Assets/NTSD/Config/Character/jiroubou.dat""]",true,0,PRESENT_SAME_GUID,
Assets/NTSD/Config/Character/kabuto.dat,OLD_DAT,true,true,true,27bb72aa9fd36d24ba1effa65c4d8851,[],0,[],0,false,"[""Assets/NTSD/Config/Character/kabuto.dat""]",true,0,PRESENT_SAME_GUID,
Assets/NTSD/Config/Character/kakashi.dat,OLD_DAT,true,true,true,0699b3ac6a7becc4a8c5ac616f08e7db,[],0,[],0,false,"[""Assets/NTSD/Config/Character/kakashi.dat""]",true,0,PRESENT_SAME_GUID,
Assets/NTSD/Config/Character/kakuzu.dat,OLD_DAT,true,true,true,15bac06d028dfdd45b25955609c1786b,[],0,[],0,false,"[""Assets/NTSD/Config/Character/kakuzu.dat""]",true,0,PRESENT_SAME_GUID,
Assets/NTSD/Config/Character/kankuro.dat,OLD_DAT,true,true,true,08271a51004c96b40b8b165a686da382,[],0,[],0,false,"[""Assets/NTSD/Config/Character/kankuro.dat""]",true,0,PRESENT_SAME_GUID,
Assets/NTSD/Config/Character/kiba.dat,OLD_DAT,true,true,true,f6d433a2ff877cd439f0ea149fb09c16,[],0,[],0,false,"[""Assets/NTSD/Config/Character/kiba.dat""]",true,0,PRESENT_SAME_GUID,
Assets/NTSD/Config/Character/kidomaru.dat,OLD_DAT,true,true,true,01e9de6bcac2a404b941ff349a29598b,[],0,[],0,false,"[""Assets/NTSD/Config/Character/kidomaru.dat""]",true,0,PRESENT_SAME_GUID,
Assets/NTSD/Config/Character/kisame.dat,OLD_DAT,true,true,true,f0d97699844fa1e4582d21a26411129e,[],0,[],0,false,"[""Assets/NTSD/Config/Character/kisame.dat""]",true,0,PRESENT_SAME_GUID,
Assets/NTSD/Config/Character/kyubi.dat,OLD_DAT,true,true,true,058ad08b36297594ca0e1d2e559d1b3e,[],0,[],0,false,"[""Assets/NTSD/Config/Character/kyubi.dat""]",true,0,PRESENT_SAME_GUID,
Assets/NTSD/Config/Character/naruto.dat,OLD_DAT,true,true,true,c542f7b564a876641acccbfd51dcc9be,[],0,"[""Assets/NTSD/Scripts/Test/Editor/NTSD28B11ContentSourceEditorTests.cs""]",1,false,"[""Assets/NTSD/Config/Character/naruto.dat""]",true,0,PRESENT_SAME_GUID,
Assets/NTSD/Config/Character/naruto_clone.dat,OLD_DAT,true,true,true,c043745100cd64e4e8ad0221494592b3,[],0,[],0,false,"[""Assets/NTSD/Config/Character/naruto_clone.dat""]",true,0,PRESENT_SAME_GUID,
Assets/NTSD/Config/Character/nckakuzu.dat,OLD_DAT,true,true,true,f21bc62b93ca31d4cbd06b6f169efd95,[],0,[],0,false,"[""Assets/NTSD/Config/Character/nckakuzu.dat""]",true,0,PRESENT_SAME_GUID,
Assets/NTSD/Config/Character/neji.dat,OLD_DAT,true,true,true,c49a64478cd459c47908cb6471c2a967,[],0,[],0,false,"[""Assets/NTSD/Config/Character/neji.dat""]",true,0,PRESENT_SAME_GUID,
Assets/NTSD/Config/Character/orochimaru.dat,OLD_DAT,true,true,true,60744ea0081e6ca4b9e2eb93cce76cb4,[],0,[],0,false,"[""Assets/NTSD/Config/Character/orochimaru.dat""]",true,0,PRESENT_SAME_GUID,
Assets/NTSD/Config/Character/pein.dat,OLD_DAT,true,true,true,95c3f18ec129f0d4ab1278ea570cf751,[],0,[],0,false,"[""Assets/NTSD/Config/Character/pein.dat""]",true,0,PRESENT_SAME_GUID,
Assets/NTSD/Config/Character/puppet_sasori.dat,OLD_DAT,true,true,true,d0a2b96bda5497f4587485e262e5d609,[],0,[],0,false,"[""Assets/NTSD/Config/Character/puppet_sasori.dat""]",true,0,PRESENT_SAME_GUID,
Assets/NTSD/Config/Character/reaper.dat,OLD_DAT,true,true,true,27fefcb443cd36645a48cc424a9755c1,[],0,[],0,false,"[""Assets/NTSD/Config/Character/reaper.dat""]",true,0,PRESENT_SAME_GUID,
Assets/NTSD/Config/Character/rock_lee.dat,OLD_DAT,true,true,true,c24ed14a307d50f4e825890fed549012,[],0,[],0,false,"[""Assets/NTSD/Config/Character/rock_lee.dat""]",true,0,PRESENT_SAME_GUID,
Assets/NTSD/Config/Character/sai.dat,OLD_DAT,true,true,true,b1e948f5a4a197641a283a54d98cdc1d,[],0,[],0,false,"[""Assets/NTSD/Config/Character/sai.dat""]",true,0,PRESENT_SAME_GUID,
Assets/NTSD/Config/Character/sakon.dat,OLD_DAT,true,true,true,0f34c9de7fb980d41bf16dd338c15ad7,[],0,[],0,false,"[""Assets/NTSD/Config/Character/sakon.dat""]",true,0,PRESENT_SAME_GUID,
Assets/NTSD/Config/Character/sakura.dat,OLD_DAT,true,true,true,417252a206760394f9eddfb351371ad7,[],0,[],0,false,"[""Assets/NTSD/Config/Character/sakura.dat""]",true,0,PRESENT_SAME_GUID,
Assets/NTSD/Config/Character/sand_creature.dat,OLD_DAT,true,true,true,3e609b771dbf47d448931a3924b6d355,[],0,[],0,false,"[""Assets/NTSD/Config/Character/sand_creature.dat""]",true,0,PRESENT_SAME_GUID,
Assets/NTSD/Config/Character/sasori.dat,OLD_DAT,true,true,true,c9cbe8327f2d04a44bbe500a67fb8707,[],0,[],0,false,"[""Assets/NTSD/Config/Character/sasori.dat""]",true,0,PRESENT_SAME_GUID,
Assets/NTSD/Config/Character/sasuke.dat,OLD_DAT,true,true,true,85e62351e698743488d8c22d716e8d29,[],0,[],0,false,"[""Assets/NTSD/Config/Character/sasuke.dat""]",true,0,PRESENT_SAME_GUID,
Assets/NTSD/Config/Character/sasuke_cs2.dat,OLD_DAT,true,true,true,b099eff29cd0ce04e8f8ecd5f6bb2499,[],0,[],0,false,"[""Assets/NTSD/Config/Character/sasuke_cs2.dat""]",true,0,PRESENT_SAME_GUID,
Assets/NTSD/Config/Character/shikamaru.dat,OLD_DAT,true,true,true,9cc111d44c3c4b34a8c28732d80318e2,[],0,[],0,false,"[""Assets/NTSD/Config/Character/shikamaru.dat""]",true,0,PRESENT_SAME_GUID,
Assets/NTSD/Config/Character/shino.dat,OLD_DAT,true,true,true,9cc7655e67156a54da76c22c1b6b1484,[],0,[],0,false,"[""Assets/NTSD/Config/Character/shino.dat""]",true,0,PRESENT_SAME_GUID,
Assets/NTSD/Config/Character/sound_nin.dat,OLD_DAT,true,true,true,b345663417b71f64c88eb6f763db2828,[],0,[],0,false,"[""Assets/NTSD/Config/Character/sound_nin.dat""]",true,0,PRESENT_SAME_GUID,
Assets/NTSD/Config/Character/sound_nin2.dat,OLD_DAT,true,true,true,4e9ebe9f4ecb42d44a484b46c3521eed,[],0,[],0,false,"[""Assets/NTSD/Config/Character/sound_nin2.dat""]",true,0,PRESENT_SAME_GUID,
Assets/NTSD/Config/Character/tayuya.dat,OLD_DAT,true,true,true,5e28c974b27acea4392b8dbee9abc755,[],0,[],0,false,"[""Assets/NTSD/Config/Character/tayuya.dat""]",true,0,PRESENT_SAME_GUID,
Assets/NTSD/Config/Character/temari.dat,OLD_DAT,true,true,true,0cc196575947ad641886777fb84780a6,[],0,[],0,false,"[""Assets/NTSD/Config/Character/temari.dat""]",true,0,PRESENT_SAME_GUID,
Assets/NTSD/Config/Character/tenten.dat,OLD_DAT,true,true,true,9d03fe0c184c9084b98685516f5c3d95,[],0,[],0,false,"[""Assets/NTSD/Config/Character/tenten.dat""]",true,0,PRESENT_SAME_GUID,
Assets/NTSD/Config/Character/yamato.dat,OLD_DAT,true,true,true,928ec60b555ed7a43b43e26220410e18,[],0,[],0,false,"[""Assets/NTSD/Config/Character/yamato.dat""]",true,0,PRESENT_SAME_GUID,
Assets/NTSD/Config/chars/criminal.dat,OLD_DAT,true,true,true,465f14003043c2445a56fea963f94783,[],0,[],0,false,"[""Assets/NTSD/Config/chars/criminal.dat""]",true,0,PRESENT_SAME_GUID,
Assets/NTSD/Config/chars/ex_ball.dat,OLD_DAT,true,true,true,1b69b97e223c1734884f465a8b198e05,[],0,[],0,false,"[""Assets/NTSD/Config/chars/ex_ball.dat""]",true,0,PRESENT_SAME_GUID,
Assets/NTSD/Config/chars/log.dat,OLD_DAT,true,true,true,8dbb631602002b648adf1de9c5af8110,[],0,[],0,false,"[""Assets/NTSD/Config/chars/log.dat""]",true,0,PRESENT_SAME_GUID,
Assets/NTSD/Config/chars/needle.dat,OLD_DAT,true,true,true,f6c412cdf03f48e4d81decc74ee3ae73,[],0,[],0,false,"[""Assets/NTSD/Config/chars/needle.dat""]",true,0,PRESENT_SAME_GUID,
Assets/NTSD/Config/chars/weapon1.dat,OLD_DAT,true,true,true,356f5ea6f69f6c84285d1b3662b45a39,[],0,[],0,false,"[""Assets/NTSD/Config/chars/weapon1.dat""]",true,0,PRESENT_SAME_GUID,
Assets/NTSD/Config/chars/weapon10.dat,OLD_DAT,true,true,true,9d20aaec8a64b5e49a031f2fa52981b8,[],0,[],0,false,"[""Assets/NTSD/Config/chars/weapon10.dat""]",true,0,PRESENT_SAME_GUID,
Assets/NTSD/Config/chars/weapon11.dat,OLD_DAT,true,true,true,2aa57fb948466fa4b98616de48c5144d,[],0,[],0,false,"[""Assets/NTSD/Config/chars/weapon11.dat""]",true,0,PRESENT_SAME_GUID,
Assets/NTSD/Config/chars/weapon2.dat,OLD_DAT,true,true,true,2b2bfef1658e509409d8c4887423f122,[],0,[],0,false,"[""Assets/NTSD/Config/chars/weapon2.dat""]",true,0,PRESENT_SAME_GUID,
Assets/NTSD/Config/chars/weapon3.dat,OLD_DAT,true,true,true,f78ffd69adaf2a94fbbe55d723368a04,[],0,"[""Assets/NTSD/Scripts/Test/Editor/FormalContentClosureResourcePatcher.cs""]",1,false,"[""Assets/NTSD/Config/chars/weapon3.dat""]",true,0,PRESENT_SAME_GUID,
Assets/NTSD/Config/chars/weapon4.dat,OLD_DAT,true,true,true,716bbbce3997c46418015b32d51ca30e,[],0,[],0,false,"[""Assets/NTSD/Config/chars/weapon4.dat""]",true,0,PRESENT_SAME_GUID,
Assets/NTSD/Config/chars/weapon6.dat,OLD_DAT,true,true,true,2fda96df29b34044cad08267512c4888,[],0,[],0,false,"[""Assets/NTSD/Config/chars/weapon6.dat""]",true,0,PRESENT_SAME_GUID,
Assets/NTSD/Config/chars/weapon9.dat,OLD_DAT,true,true,true,c982984c02ce6a645af8e348ce7ae1f9,[],0,"[""Assets/NTSD/Scripts/Test/Editor/NTSD28B6LegacyWeaponStateRetirementProductionEditorTests.cs""]",1,false,"[""Assets/NTSD/Config/chars/weapon9.dat""]",true,0,PRESENT_SAME_GUID,
Assets/NTSD/Config/effect/air_creature_die.dat,OLD_DAT,true,true,true,0984123029a74e246a07a912ef3bed91,[],0,[],0,false,"[""Assets/NTSD/Config/effect/air_creature_die.dat""]",true,0,PRESENT_SAME_GUID,
Assets/NTSD/Config/effect/blood.dat,OLD_DAT,true,true,true,cf9e497cf0b824442b76799d8a890a50,[],0,[],0,false,"[""Assets/NTSD/Config/effect/blood.dat""]",true,0,PRESENT_SAME_GUID,
Assets/NTSD/Config/effect/blood2.dat,OLD_DAT,true,true,true,dfc1c98e04cb33b459d82b90c04fe427,[],0,[],0,false,"[""Assets/NTSD/Config/effect/blood2.dat""]",true,0,PRESENT_SAME_GUID,
Assets/NTSD/Config/effect/blood3.dat,OLD_DAT,true,true,true,7f2438e675a5ae04997493640dd25ab2,[],0,[],0,false,"[""Assets/NTSD/Config/effect/blood3.dat""]",true,0,PRESENT_SAME_GUID,
Assets/NTSD/Config/effect/byakugan.dat,OLD_DAT,true,true,true,5cf3bdf7b029ec24cab2fc38f11dc679,[],0,[],0,false,"[""Assets/NTSD/Config/effect/byakugan.dat""]",true,0,PRESENT_SAME_GUID,
Assets/NTSD/Config/effect/chakra.dat,OLD_DAT,true,true,true,7556fbc6ece99e648b1d6c4bd8d734db,[],0,[],0,false,"[""Assets/NTSD/Config/effect/chakra.dat""]",true,0,PRESENT_SAME_GUID,
Assets/NTSD/Config/effect/die.dat,OLD_DAT,true,true,true,c35ff3bdde5f78541a219288912495b4,[],0,[],0,false,"[""Assets/NTSD/Config/effect/die.dat""]",true,0,PRESENT_SAME_GUID,
Assets/NTSD/Config/effect/flash_weap.dat,OLD_DAT,true,true,true,7ef27281b7043f44b89fb0a428d7882e,[],0,[],0,false,"[""Assets/NTSD/Config/effect/flash_weap.dat""]",true,0,PRESENT_SAME_GUID,
Assets/NTSD/Config/effect/gate.dat,OLD_DAT,true,true,true,af47a8b6e0803ed43a9d0bf3cb0fc239,[],0,[],0,false,"[""Assets/NTSD/Config/effect/gate.dat""]",true,0,PRESENT_SAME_GUID,
Assets/NTSD/Config/effect/heart.dat,OLD_DAT,true,true,true,6f14a2305b40b9741b8283cd222a2b7d,[],0,[],0,false,"[""Assets/NTSD/Config/effect/heart.dat""]",true,0,PRESENT_SAME_GUID,
Assets/NTSD/Config/effect/heart0.dat,OLD_DAT,true,true,true,688db13afb29f6e419790375a765566f,[],0,[],0,false,"[""Assets/NTSD/Config/effect/heart0.dat""]",true,0,PRESENT_SAME_GUID,
Assets/NTSD/Config/effect/heart2.dat,OLD_DAT,true,true,true,ff6d9cf016b04474da13357c5576f913,[],0,[],0,false,"[""Assets/NTSD/Config/effect/heart2.dat""]",true,0,PRESENT_SAME_GUID,
Assets/NTSD/Config/effect/heart3.dat,OLD_DAT,true,true,true,abe61a43a68bf3f419caa19308c1acd6,[],0,[],0,false,"[""Assets/NTSD/Config/effect/heart3.dat""]",true,0,PRESENT_SAME_GUID,
Assets/NTSD/Config/effect/jiroubou_rock.dat,OLD_DAT,true,true,true,faee0811741adee428adec277871b18a,[],0,[],0,false,"[""Assets/NTSD/Config/effect/jiroubou_rock.dat""]",true,0,PRESENT_SAME_GUID,
Assets/NTSD/Config/effect/rasengan_ball.dat,OLD_DAT,true,true,true,36c5798c030c5f24b8e1f2d636e5f3e0,[],0,[],0,false,"[""Assets/NTSD/Config/effect/rasengan_ball.dat""]",true,0,PRESENT_SAME_GUID,
Assets/NTSD/Config/effect/shield.dat,OLD_DAT,true,true,true,582662257bc5ca541ae048b91e332b16,[],0,[],0,false,"[""Assets/NTSD/Config/effect/shield.dat""]",true,0,PRESENT_SAME_GUID,
Assets/NTSD/Config/effect/weapon4.dat,OLD_DAT,true,true,true,6966cf050fcbc1c46abae7609d3c3d2d,[],0,[],0,false,"[""Assets/NTSD/Config/effect/weapon4.dat""]",true,0,PRESENT_SAME_GUID,
Assets/NTSD/Config/FrameConfig/weapon5.dat,OLD_DAT,true,true,true,6ba4225bf4879c14ea63de698da9b8c5,[],0,[],0,false,"[""Assets/NTSD/Config/FrameConfig/weapon5.dat""]",true,0,PRESENT_SAME_GUID,
Assets/NTSD/Config/FrameConfig/weapon8.dat,OLD_DAT,true,true,true,9a929d2232f362248a0db51f61ec579c,[],0,"[""Assets/NTSD/Scripts/Test/Editor/FormalContentClosureResourcePatcher.cs""]",1,false,"[""Assets/NTSD/Config/FrameConfig/weapon8.dat""]",true,0,PRESENT_SAME_GUID,
Assets/NTSD/Config/jsona/broken_weapon.dat,OLD_DAT,true,true,true,8a2429ae7310ac54ba74b7f226ffda5d,[],0,[],0,false,"[""Assets/NTSD/Config/jsona/broken_weapon.dat""]",true,0,PRESENT_SAME_GUID,
Assets/NTSD/Config/jsona/etc.dat,OLD_DAT,true,true,true,d354b9feb9f12604094a4c9e10ee6a23,[],0,[],0,false,"[""Assets/NTSD/Config/jsona/etc.dat""]",true,0,PRESENT_SAME_GUID,
Assets/NTSD/Config/specialattack/100_puppets.dat,OLD_DAT,true,true,true,bd371b28a6791ac41829b7d1c6e4eb81,[],0,[],0,false,"[""Assets/NTSD/Config/specialattack/100_puppets.dat""]",true,0,PRESENT_SAME_GUID,
Assets/NTSD/Config/specialattack/100_puppets_b.dat,OLD_DAT,true,true,true,a238a2ad6ad5d604691f429132b0c318,[],0,[],0,false,"[""Assets/NTSD/Config/specialattack/100_puppets_b.dat""]",true,0,PRESENT_SAME_GUID,
Assets/NTSD/Config/specialattack/100_puppets_c.dat,OLD_DAT,true,true,true,8fb71fda098b31b49b1e1838ed21b235,[],0,[],0,false,"[""Assets/NTSD/Config/specialattack/100_puppets_c.dat""]",true,0,PRESENT_SAME_GUID,
Assets/NTSD/Config/specialattack/4TK_ball.dat,OLD_DAT,true,true,true,c9cb50bb2a8b1864a8043c4a62f1090c,[],0,[],0,false,"[""Assets/NTSD/Config/specialattack/4TK_ball.dat""]",true,0,PRESENT_SAME_GUID,
Assets/NTSD/Config/specialattack/air_creature.dat,OLD_DAT,true,true,true,57df8566060854049a68ffe70631a081,[],0,[],0,false,"[""Assets/NTSD/Config/specialattack/air_creature.dat""]",true,0,PRESENT_SAME_GUID,
Assets/NTSD/Config/specialattack/area.dat,OLD_DAT,true,true,true,54640efcdc85862408c03281cc821bbe,[],0,[],0,false,"[""Assets/NTSD/Config/specialattack/area.dat""]",true,0,PRESENT_SAME_GUID,
Assets/NTSD/Config/specialattack/big_boom.dat,OLD_DAT,true,true,true,f38307ddcb2f79e4f9dbeb06f75d2d46,[],0,[],0,false,"[""Assets/NTSD/Config/specialattack/big_boom.dat""]",true,0,PRESENT_SAME_GUID,
Assets/NTSD/Config/specialattack/bugs.dat,OLD_DAT,true,true,true,90608cda498914849a0c66b13223098c,[],0,[],0,false,"[""Assets/NTSD/Config/specialattack/bugs.dat""]",true,0,PRESENT_SAME_GUID,
Assets/NTSD/Config/specialattack/bugs2.dat,OLD_DAT,true,true,true,c74f979da8845d34794fc6332d985233,[],0,[],0,false,"[""Assets/NTSD/Config/specialattack/bugs2.dat""]",true,0,PRESENT_SAME_GUID,
Assets/NTSD/Config/specialattack/charge.dat,OLD_DAT,true,true,true,cb96cb1cf91ceb649aea7764994e0336,[],0,[],0,false,"[""Assets/NTSD/Config/specialattack/charge.dat""]",true,0,PRESENT_SAME_GUID,
Assets/NTSD/Config/specialattack/chidori.dat,OLD_DAT,true,true,true,68463617c45f9ac4b8ca3af3c59b697d,[],0,[],0,false,"[""Assets/NTSD/Config/specialattack/chidori.dat""]",true,0,PRESENT_SAME_GUID,
Assets/NTSD/Config/specialattack/chiyo_kunais.dat,OLD_DAT,true,true,true,895b1b9ee096c7b41b2e9b036449b1af,[],0,[],0,false,"[""Assets/NTSD/Config/specialattack/chiyo_kunais.dat""]",true,0,PRESENT_SAME_GUID,
Assets/NTSD/Config/specialattack/clay_bird.dat,OLD_DAT,true,true,true,5e42692528ceee945bdd7136f5b28be8,[],0,[],0,false,"[""Assets/NTSD/Config/specialattack/clay_bird.dat""]",true,0,PRESENT_SAME_GUID,
Assets/NTSD/Config/specialattack/clay_bird2.dat,OLD_DAT,true,true,true,bd87894ba29899f46abf759d2f206fa2,[],0,[],0,false,"[""Assets/NTSD/Config/specialattack/clay_bird2.dat""]",true,0,PRESENT_SAME_GUID,
Assets/NTSD/Config/specialattack/clay_worm.dat,OLD_DAT,true,true,true,ab717b4e27f23c34b8b0d90f8eb89592,[],0,[],0,false,"[""Assets/NTSD/Config/specialattack/clay_worm.dat""]",true,0,PRESENT_SAME_GUID,
Assets/NTSD/Config/specialattack/coffin.dat,OLD_DAT,true,true,true,cba5ad1a801063d49b854326c12dce17,[],0,[],0,false,"[""Assets/NTSD/Config/specialattack/coffin.dat""]",true,0,PRESENT_SAME_GUID,
Assets/NTSD/Config/specialattack/criminal2.dat,OLD_DAT,true,true,true,ba37425740c758046a2f391a66f62179,[],0,[],0,false,"[""Assets/NTSD/Config/specialattack/criminal2.dat""]",true,0,PRESENT_SAME_GUID,
Assets/NTSD/Config/specialattack/crow_2.dat,OLD_DAT,true,true,true,9e8d7cf79bc5fa341b683cc60e069d12,[],0,[],0,false,"[""Assets/NTSD/Config/specialattack/crow_2.dat""]",true,0,PRESENT_SAME_GUID,
Assets/NTSD/Config/specialattack/death.dat,OLD_DAT,true,true,true,dc0874e4f2ffb094da97849f2ab0a67c,[],0,[],0,false,"[""Assets/NTSD/Config/specialattack/death.dat""]",true,0,PRESENT_SAME_GUID,
Assets/NTSD/Config/specialattack/doggy.dat,OLD_DAT,true,true,true,f554de4cdb8167b4f8487354e7d1eea4,[],0,[],0,false,"[""Assets/NTSD/Config/specialattack/doggy.dat""]",true,0,PRESENT_SAME_GUID,
Assets/NTSD/Config/specialattack/dragon.dat,OLD_DAT,true,true,true,a9244dce36acd94458305a5bce98582e,[],0,[],0,false,"[""Assets/NTSD/Config/specialattack/dragon.dat""]",true,0,PRESENT_SAME_GUID,
Assets/NTSD/Config/specialattack/drunken.dat,OLD_DAT,true,true,true,ad9f84696a6c67a46871d2731428ae86,[],0,[],0,false,"[""Assets/NTSD/Config/specialattack/drunken.dat""]",true,0,PRESENT_SAME_GUID,
Assets/NTSD/Config/specialattack/earth_creature.dat,OLD_DAT,true,true,true,97ade6e0fbb924a42b0c9847ca3f852d,[],0,[],0,false,"[""Assets/NTSD/Config/specialattack/earth_creature.dat""]",true,0,PRESENT_SAME_GUID,
Assets/NTSD/Config/specialattack/father_puppet.dat,OLD_DAT,true,true,true,2dd1d065e6d722b4fae930b8eddfbb0d,[],0,[],0,false,"[""Assets/NTSD/Config/specialattack/father_puppet.dat""]",true,0,PRESENT_SAME_GUID,
Assets/NTSD/Config/specialattack/fire_creature.dat,OLD_DAT,true,true,true,861e250554c70774ca6c48c0908372da,[],0,[],0,false,"[""Assets/NTSD/Config/specialattack/fire_creature.dat""]",true,0,PRESENT_SAME_GUID,
Assets/NTSD/Config/specialattack/firen_flame.dat,OLD_DAT,true,true,true,f2586c86ee4e17f4abd43837e25b760b,[],0,[],0,false,"[""Assets/NTSD/Config/specialattack/firen_flame.dat""]",true,0,PRESENT_SAME_GUID,
Assets/NTSD/Config/specialattack/flash.dat,OLD_DAT,true,true,true,e96b4630ca3b2c040aebef7345bf2089,[],0,[],0,false,"[""Assets/NTSD/Config/specialattack/flash.dat""]",true,0,PRESENT_SAME_GUID,
Assets/NTSD/Config/specialattack/freeze_column.dat,OLD_DAT,true,true,true,4994ea91225bfce429d6308c5da25ce8,[],0,[],0,false,"[""Assets/NTSD/Config/specialattack/freeze_column.dat""]",true,0,PRESENT_SAME_GUID,
Assets/NTSD/Config/specialattack/frog.dat,OLD_DAT,true,true,true,df495c8d62545284e9794f74283eeede,[],0,[],0,false,"[""Assets/NTSD/Config/specialattack/frog.dat""]",true,0,PRESENT_SAME_GUID,
Assets/NTSD/Config/specialattack/ink.dat,OLD_DAT,true,true,true,5dfaaf790a5c3cc4fa53d7239ae3c77a,[],0,[],0,false,"[""Assets/NTSD/Config/specialattack/ink.dat""]",true,0,PRESENT_SAME_GUID,
Assets/NTSD/Config/specialattack/ironsand.dat,OLD_DAT,true,true,true,920cd9cb1398f1646b8fa80467b13c5b,[],0,[],0,false,"[""Assets/NTSD/Config/specialattack/ironsand.dat""]",true,0,PRESENT_SAME_GUID,
Assets/NTSD/Config/specialattack/itachi_kunai.dat,OLD_DAT,true,true,true,f767491d722a73b438a5060350f4715d,[],0,[],0,false,"[""Assets/NTSD/Config/specialattack/itachi_kunai.dat""]",true,0,PRESENT_SAME_GUID,
Assets/NTSD/Config/specialattack/jan_chaseh.dat,OLD_DAT,true,true,true,1d6f2ec8a899baa40927ba2a34d6afda,[],0,[],0,false,"[""Assets/NTSD/Config/specialattack/jan_chaseh.dat""]",true,0,PRESENT_SAME_GUID,
Assets/NTSD/Config/specialattack/karasu.dat,OLD_DAT,true,true,true,59873823a8a239741a0510a2210b3641,[],0,[],0,false,"[""Assets/NTSD/Config/specialattack/karasu.dat""]",true,0,PRESENT_SAME_GUID,
Assets/NTSD/Config/specialattack/katon_ball.dat,OLD_DAT,true,true,true,070a351ee35133342981f6509c16f4f6,[],0,[],0,false,"[""Assets/NTSD/Config/specialattack/katon_ball.dat""]",true,0,PRESENT_SAME_GUID,
Assets/NTSD/Config/specialattack/katon_big.dat,OLD_DAT,true,true,true,07d608e9a6480224e82fa97c6c26a6cb,[],0,[],0,false,"[""Assets/NTSD/Config/specialattack/katon_big.dat""]",true,0,PRESENT_SAME_GUID,
Assets/NTSD/Config/specialattack/katon_kakuzu.dat,OLD_DAT,true,true,true,309c7d0a29273f5469d44a21aedb37ef,[],0,[],0,false,"[""Assets/NTSD/Config/specialattack/katon_kakuzu.dat""]",true,0,PRESENT_SAME_GUID,
Assets/NTSD/Config/specialattack/lee_counter.dat,OLD_DAT,true,true,true,9775088efaae05440a6368018e8e6013,[],0,[],0,false,"[""Assets/NTSD/Config/specialattack/lee_counter.dat""]",true,0,PRESENT_SAME_GUID,
Assets/NTSD/Config/specialattack/mega_ex.dat,OLD_DAT,true,true,true,1a72cc29c427d154fb95b135b29eb76e,[],0,[],0,false,"[""Assets/NTSD/Config/specialattack/mega_ex.dat""]",true,0,PRESENT_SAME_GUID,
Assets/NTSD/Config/specialattack/mirror.dat,OLD_DAT,true,true,true,dd70fefd1b63d834a89ad8f73cf1f110,[],0,[],0,false,"[""Assets/NTSD/Config/specialattack/mirror.dat""]",true,0,PRESENT_SAME_GUID,
Assets/NTSD/Config/specialattack/monster.dat,OLD_DAT,true,true,true,2a74e20c2b8bf3b4dad62b551ef8ec79,[],0,[],0,false,"[""Assets/NTSD/Config/specialattack/monster.dat""]",true,0,PRESENT_SAME_GUID,
Assets/NTSD/Config/specialattack/mother_puppet.dat,OLD_DAT,true,true,true,325d669c3da7a284f933abeeaf297b3d,[],0,[],0,false,"[""Assets/NTSD/Config/specialattack/mother_puppet.dat""]",true,0,PRESENT_SAME_GUID,
Assets/NTSD/Config/specialattack/nckakuzuarm.dat,OLD_DAT,true,true,true,be229ea5edacb5f45b531d8e4fbd3bcf,[],0,[],0,false,"[""Assets/NTSD/Config/specialattack/nckakuzuarm.dat""]",true,0,PRESENT_SAME_GUID,
Assets/NTSD/Config/specialattack/poison.dat,OLD_DAT,true,true,true,af9c1d5e857a82e48a9ed380578371e5,[],0,[],0,false,"[""Assets/NTSD/Config/specialattack/poison.dat""]",true,0,PRESENT_SAME_GUID,
Assets/NTSD/Config/specialattack/puppet.dat,OLD_DAT,true,true,true,79eeebb213d77204ca7e5de9e2130c7d,[],0,[],0,false,"[""Assets/NTSD/Config/specialattack/puppet.dat""]",true,0,PRESENT_SAME_GUID,
Assets/NTSD/Config/specialattack/rasenshuriken.dat,OLD_DAT,true,true,true,176becc5127e0414ea52182e64f459b4,[],0,[],0,false,"[""Assets/NTSD/Config/specialattack/rasenshuriken.dat""]",true,0,PRESENT_SAME_GUID,
Assets/NTSD/Config/specialattack/sakura_ball.dat,OLD_DAT,true,true,true,3782fd394c015324a887543ddfc4b249,[],0,[],0,false,"[""Assets/NTSD/Config/specialattack/sakura_ball.dat""]",true,0,PRESENT_SAME_GUID,
Assets/NTSD/Config/specialattack/sand.dat,OLD_DAT,true,true,true,8715cc14b0db558449dc7d5829d4df91,[],0,[],0,false,"[""Assets/NTSD/Config/specialattack/sand.dat""]",true,0,PRESENT_SAME_GUID,
Assets/NTSD/Config/specialattack/sand_2.dat,OLD_DAT,true,true,true,25dad22d9c71a0e46a4f6c2d94869e52,[],0,[],0,false,"[""Assets/NTSD/Config/specialattack/sand_2.dat""]",true,0,PRESENT_SAME_GUID,
Assets/NTSD/Config/specialattack/sand_blast.dat,OLD_DAT,true,true,true,5334fc513aca6664883277c4180142d9,[],0,[],0,false,"[""Assets/NTSD/Config/specialattack/sand_blast.dat""]",true,0,PRESENT_SAME_GUID,
Assets/NTSD/Config/specialattack/sand_shield.dat,OLD_DAT,true,true,true,458a3769d83826c4f8b6ce02716798b1,[],0,[],0,false,"[""Assets/NTSD/Config/specialattack/sand_shield.dat""]",true,0,PRESENT_SAME_GUID,
Assets/NTSD/Config/specialattack/sanshouo.dat,OLD_DAT,true,true,true,644adbf5905042d4f9025ffa4f0b96b1,[],0,[],0,false,"[""Assets/NTSD/Config/specialattack/sanshouo.dat""]",true,0,PRESENT_SAME_GUID,
Assets/NTSD/Config/specialattack/shadow.dat,OLD_DAT,true,true,true,a49d8fde2323bcf4b8375b2be1a0fe1b,[],0,[],0,false,"[""Assets/NTSD/Config/specialattack/shadow.dat""]",true,0,PRESENT_SAME_GUID,
Assets/NTSD/Config/specialattack/snake.dat,OLD_DAT,true,true,true,97391a98b48d65f4daa53a14ff1fe7cb,[],0,[],0,false,"[""Assets/NTSD/Config/specialattack/snake.dat""]",true,0,PRESENT_SAME_GUID,
Assets/NTSD/Config/specialattack/spider.dat,OLD_DAT,true,true,true,904765376eadca74ba99089621a7a4d8,[],0,[],0,false,"[""Assets/NTSD/Config/specialattack/spider.dat""]",true,0,PRESENT_SAME_GUID,
Assets/NTSD/Config/specialattack/summon.dat,OLD_DAT,true,true,true,f61c852dfeaab2c499c04718e1289922,[],0,[],0,false,"[""Assets/NTSD/Config/specialattack/summon.dat""]",true,0,PRESENT_SAME_GUID,
Assets/NTSD/Config/specialattack/sword.dat,OLD_DAT,true,true,true,a5ac827632b1b8a4f89179ea4ee85f9c,[],0,[],0,false,"[""Assets/NTSD/Config/specialattack/sword.dat""]",true,0,PRESENT_SAME_GUID,
Assets/NTSD/Config/specialattack/thunder_creature.dat,OLD_DAT,true,true,true,42bf24b94faee684781465d52b847c2d,[],0,[],0,false,"[""Assets/NTSD/Config/specialattack/thunder_creature.dat""]",true,0,PRESENT_SAME_GUID,
Assets/NTSD/Config/specialattack/tree.dat,OLD_DAT,true,true,true,5b54db60ecb50c242aab7766f146f0e4,[],0,[],0,false,"[""Assets/NTSD/Config/specialattack/tree.dat""]",true,0,PRESENT_SAME_GUID,
Assets/NTSD/Config/specialattack/water.dat,OLD_DAT,true,true,true,2f126c1c6fbb3c5429bb072bea8d1e61,[],0,[],0,false,"[""Assets/NTSD/Config/specialattack/water.dat""]",true,0,PRESENT_SAME_GUID,
Assets/NTSD/Config/specialattack/wave.dat,OLD_DAT,true,true,true,6ccf65ef16ea62545a88a75d7daf4faa,[],0,[],0,false,"[""Assets/NTSD/Config/specialattack/wave.dat""]",true,0,PRESENT_SAME_GUID,
Assets/NTSD/Config/specialattack/wind.dat,OLD_DAT,true,true,true,7fc5481ea6784a3428cdd3367560491c,[],0,[],0,false,"[""Assets/NTSD/Config/specialattack/wind.dat""]",true,0,PRESENT_SAME_GUID,
Assets/NTSD/Config/specialattack/wood.dat,OLD_DAT,true,true,true,7c0bee6cd50a30c418fb69c8dc956f34,[],0,[],0,false,"[""Assets/NTSD/Config/specialattack/wood.dat""]",true,0,PRESENT_SAME_GUID,
Assets/NTSD/Sprite/Character/chiyo/chiyo.bmp,OLD_INDEXED_IMAGE,true,true,true,01deb624048b8f440b2dc07cd568836c,[],0,[],0,false,"[""Assets/NTSD/Sprite/Character/chiyo/chiyo.bmp""]",true,0,PRESENT_SAME_GUID,
Assets/NTSD/Sprite/Character/chiyo/chiyo2.bmp,OLD_INDEXED_IMAGE,true,true,true,608cfb8ca2297a843a2eba95e1707aed,[],0,[],0,false,"[""Assets/NTSD/Sprite/Character/chiyo/chiyo2.bmp""]",true,0,PRESENT_SAME_GUID,
Assets/NTSD/Sprite/Character/chiyo/chiyo_f.bmp,OLD_INDEXED_IMAGE,true,true,true,8c2b4fa08a5a5f146a709b4ffb92c3af,[],0,[],0,false,"[""Assets/NTSD/Sprite/Character/chiyo/chiyo_f.bmp""]",true,0,PRESENT_SAME_GUID,
Assets/NTSD/Sprite/Character/chiyo/chiyo_s.bmp,OLD_INDEXED_IMAGE,true,true,true,3e326be25cbafd34ba32a090257aba46,[],0,[],0,false,"[""Assets/NTSD/Sprite/Character/chiyo/chiyo_s.bmp""]",true,0,PRESENT_SAME_GUID,
Assets/NTSD/Sprite/Character/deidara/deidara_0.bmp,OLD_INDEXED_IMAGE,true,true,true,acf347cbd9fa6d74cb9e29fce033f4c0,[],0,[],0,false,"[""Assets/NTSD/Sprite/Character/deidara/deidara_0.bmp""]",true,0,PRESENT_SAME_GUID,
Assets/NTSD/Sprite/Character/deidara/deidara_2.bmp,OLD_INDEXED_IMAGE,true,true,true,b678215ebd2c34b4fa018cf7eeefe228,[],0,[],0,false,"[""Assets/NTSD/Sprite/Character/deidara/deidara_2.bmp""]",true,0,PRESENT_SAME_GUID,
Assets/NTSD/Sprite/Character/deidara/deidara_3.bmp,OLD_INDEXED_IMAGE,true,true,true,18f2f386f4ddd094ca2671263955998c,[],0,[],0,false,"[""Assets/NTSD/Sprite/Character/deidara/deidara_3.bmp""]",true,0,PRESENT_SAME_GUID,
Assets/NTSD/Sprite/Character/deidara/deidara_f.bmp,OLD_INDEXED_IMAGE,true,true,true,2f0a589bf7c411d48a0ba2337098132e,[],0,[],0,false,"[""Assets/NTSD/Sprite/Character/deidara/deidara_f.bmp""]",true,0,PRESENT_SAME_GUID,
Assets/NTSD/Sprite/Character/deidara/deidara_s.bmp,OLD_INDEXED_IMAGE,true,true,true,4a77c3ecba9c79548b66b652df5f1d44,[],0,[],0,false,"[""Assets/NTSD/Sprite/Character/deidara/deidara_s.bmp""]",true,0,PRESENT_SAME_GUID,
Assets/NTSD/Sprite/Character/deidara_bird/deidara_3.bmp,OLD_INDEXED_IMAGE,true,true,true,22d417018c2deec4592ef95e7406cf13,[],0,[],0,false,"[""Assets/NTSD/Sprite/Character/deidara_bird/deidara_3.bmp""]",true,0,PRESENT_SAME_GUID,
Assets/NTSD/Sprite/Character/deidara_bird/deidara_4.bmp,OLD_INDEXED_IMAGE,true,true,true,05608122e73c02846991fa622663c158,[],0,[],0,false,"[""Assets/NTSD/Sprite/Character/deidara_bird/deidara_4.bmp""]",true,0,PRESENT_SAME_GUID,
Assets/NTSD/Sprite/Character/deidara_bird/deidara_bird_f.bmp,OLD_INDEXED_IMAGE,true,true,true,1327781eaa9dd374e9a0b2874e5d1b3c,[],0,[],0,false,"[""Assets/NTSD/Sprite/Character/deidara_bird/deidara_bird_f.bmp""]",true,0,PRESENT_SAME_GUID,
Assets/NTSD/Sprite/Character/deidara_bird/deidara_s.bmp,OLD_INDEXED_IMAGE,true,true,true,6fcde3f6013dc7f4e8c075a20be9ee1e,[],0,[],0,false,"[""Assets/NTSD/Sprite/Character/deidara_bird/deidara_s.bmp""]",true,0,PRESENT_SAME_GUID,
Assets/NTSD/Sprite/Character/gaara/gaara.bmp,OLD_INDEXED_IMAGE,true,true,true,7c9f30eb6fc05a94384bf726fcf34ad1,[],0,[],0,false,"[""Assets/NTSD/Sprite/Character/gaara/gaara.bmp""]",true,0,PRESENT_SAME_GUID,
Assets/NTSD/Sprite/Character/gaara/gaara_2.bmp,OLD_INDEXED_IMAGE,true,true,true,6d864a0aa5561c14388d462455f5d5ab,[],0,[],0,false,"[""Assets/NTSD/Sprite/Character/gaara/gaara_2.bmp""]",true,0,PRESENT_SAME_GUID,
Assets/NTSD/Sprite/Character/gaara/gaara_f.bmp,OLD_INDEXED_IMAGE,true,true,true,1003b8e0879e4744c8a973a97f470e71,[],0,[],0,false,"[""Assets/NTSD/Sprite/Character/gaara/gaara_f.bmp""]",true,0,PRESENT_SAME_GUID,
Assets/NTSD/Sprite/Character/gaara/gaara_s.bmp,OLD_INDEXED_IMAGE,true,true,true,adbcce4aa4c2d0f408363af265f846c2,[],0,[],0,false,"[""Assets/NTSD/Sprite/Character/gaara/gaara_s.bmp""]",true,0,PRESENT_SAME_GUID,
Assets/NTSD/Sprite/Character/hidan/hidan.bmp,OLD_INDEXED_IMAGE,true,true,true,46626468f7e51e44eb5f424856bdf8fc,[],0,[],0,false,"[""Assets/NTSD/Sprite/Character/hidan/hidan.bmp""]",true,0,PRESENT_SAME_GUID,
Assets/NTSD/Sprite/Character/hidan/hidan_2.bmp,OLD_INDEXED_IMAGE,true,true,true,6db8c81d8b686944b9421c55e5f61542,[],0,[],0,false,"[""Assets/NTSD/Sprite/Character/hidan/hidan_2.bmp""]",true,0,PRESENT_SAME_GUID,
Assets/NTSD/Sprite/Character/hidan/hidan_3.bmp,OLD_INDEXED_IMAGE,true,true,true,8e35a2ba22bf16b4c8e8bb5d1a56f41b,[],0,[],0,false,"[""Assets/NTSD/Sprite/Character/hidan/hidan_3.bmp""]",true,0,PRESENT_SAME_GUID,
Assets/NTSD/Sprite/Character/hidan/hidan_4.bmp,OLD_INDEXED_IMAGE,true,true,true,13406408970b9d547a51e9ba1d16f848,[],0,[],0,false,"[""Assets/NTSD/Sprite/Character/hidan/hidan_4.bmp""]",true,0,PRESENT_SAME_GUID,
Assets/NTSD/Sprite/Character/hidan/hidan_f.bmp,OLD_INDEXED_IMAGE,true,true,true,f8b403a7726fe8b489a968072c6d486c,[],0,[],0,false,"[""Assets/NTSD/Sprite/Character/hidan/hidan_f.bmp""]",true,0,PRESENT_SAME_GUID,
Assets/NTSD/Sprite/Character/hidan/hidan_s.bmp,OLD_INDEXED_IMAGE,true,true,true,46262a5a8be74c049874a91ac4f3821c,[],0,[],0,false,"[""Assets/NTSD/Sprite/Character/hidan/hidan_s.bmp""]",true,0,PRESENT_SAME_GUID,
Assets/NTSD/Sprite/Character/hidan/slashing_hidan.bmp,OLD_INDEXED_IMAGE,true,true,true,ad1e405ae133d1c4a83ca73106edfc72,[],0,[],0,false,"[""Assets/NTSD/Sprite/Character/hidan/slashing_hidan.bmp""]",true,0,PRESENT_SAME_GUID,
Assets/NTSD/Sprite/Character/Hsasori/Hsasori.bmp,OLD_INDEXED_IMAGE,true,true,true,c55d98e35674a1e4ba62ef67c8638edb,[],0,[],0,false,"[""Assets/NTSD/Sprite/Character/Hsasori/Hsasori.bmp""]",true,0,PRESENT_SAME_GUID,
Assets/NTSD/Sprite/Character/Hsasori/Hsasori_2.bmp,OLD_INDEXED_IMAGE,true,true,true,ccc17404430dcbc40af9cc592c3d3854,[],0,[],0,false,"[""Assets/NTSD/Sprite/Character/Hsasori/Hsasori_2.bmp""]",true,0,PRESENT_SAME_GUID,
Assets/NTSD/Sprite/Character/Hsasori/Hsasori_3.bmp,OLD_INDEXED_IMAGE,true,true,true,9af834f168746704fb3181bb737aab63,[],0,[],0,false,"[""Assets/NTSD/Sprite/Character/Hsasori/Hsasori_3.bmp""]",true,0,PRESENT_SAME_GUID,
Assets/NTSD/Sprite/Character/Hsasori/Hsasori_4.bmp,OLD_INDEXED_IMAGE,true,true,true,780a7538040e0a74cbe1a6ccfc3d8098,[],0,[],0,false,"[""Assets/NTSD/Sprite/Character/Hsasori/Hsasori_4.bmp""]",true,0,PRESENT_SAME_GUID,
Assets/NTSD/Sprite/Character/Hsasori/Hsasori_f.bmp,OLD_INDEXED_IMAGE,true,true,true,662894266f8419a43a4c5101d3e1a4e1,[],0,[],0,false,"[""Assets/NTSD/Sprite/Character/Hsasori/Hsasori_f.bmp""]",true,0,PRESENT_SAME_GUID,
Assets/NTSD/Sprite/Character/Hsasori/Hsasori_s.bmp,OLD_INDEXED_IMAGE,true,true,true,78b192fc51a9ec94c9b480fd9a61f87a,[],0,[],0,false,"[""Assets/NTSD/Sprite/Character/Hsasori/Hsasori_s.bmp""]",true,0,PRESENT_SAME_GUID,
Assets/NTSD/Sprite/Character/hunter/claw_nin.bmp,OLD_INDEXED_IMAGE,true,true,true,ce9a7de8f0e7c10409ce1bac25458a85,[],0,[],0,false,"[""Assets/NTSD/Sprite/Character/hunter/claw_nin.bmp""]",true,0,PRESENT_SAME_GUID,
Assets/NTSD/Sprite/Character/hunter/hunter_0.bmp,OLD_INDEXED_IMAGE,true,true,true,b9f8c78ae8bb64b4dba5872ec7e27b0d,[],0,[],0,false,"[""Assets/NTSD/Sprite/Character/hunter/hunter_0.bmp""]",true,0,PRESENT_SAME_GUID,
Assets/NTSD/Sprite/Character/hunter/hunter_f.bmp,OLD_INDEXED_IMAGE,true,true,true,0134ed308efda7f489a6794e26905f2a,[],0,[],0,false,"[""Assets/NTSD/Sprite/Character/hunter/hunter_f.bmp""]",true,0,PRESENT_SAME_GUID,
Assets/NTSD/Sprite/Character/hunter/hunter_s.bmp,OLD_INDEXED_IMAGE,true,true,true,b3395feb57afab641bc028623e0f3416,[],0,[],0,false,"[""Assets/NTSD/Sprite/Character/hunter/hunter_s.bmp""]",true,0,PRESENT_SAME_GUID,
Assets/NTSD/Sprite/Character/itachi/itachi.bmp,OLD_INDEXED_IMAGE,true,true,true,a5d4a1610ae5d1f4d86f45019e257c29,[],0,[],0,false,"[""Assets/NTSD/Sprite/Character/itachi/itachi.bmp""]",true,0,PRESENT_SAME_GUID,
Assets/NTSD/Sprite/Character/itachi/itachi_2.bmp,OLD_INDEXED_IMAGE,true,true,true,61d3d34d0d629e74ca5a99690401305a,[],0,[],0,false,"[""Assets/NTSD/Sprite/Character/itachi/itachi_2.bmp""]",true,0,PRESENT_SAME_GUID,
Assets/NTSD/Sprite/Character/itachi/itachi_3.bmp,OLD_INDEXED_IMAGE,true,true,true,c436bb46d01dfaa49b0c13ad1dc9fed6,[],0,[],0,false,"[""Assets/NTSD/Sprite/Character/itachi/itachi_3.bmp""]",true,0,PRESENT_SAME_GUID,
Assets/NTSD/Sprite/Character/itachi/itachi_4.bmp,OLD_INDEXED_IMAGE,true,true,true,6a5296dd0da0c2b4c904ef9306dae71a,[],0,[],0,false,"[""Assets/NTSD/Sprite/Character/itachi/itachi_4.bmp""]",true,0,PRESENT_SAME_GUID,
Assets/NTSD/Sprite/Character/itachi/itachi_f.bmp,OLD_INDEXED_IMAGE,true,true,true,51523d80b7d0da94284c626be0c8a985,[],0,[],0,false,"[""Assets/NTSD/Sprite/Character/itachi/itachi_f.bmp""]",true,0,PRESENT_SAME_GUID,
Assets/NTSD/Sprite/Character/itachi/itachi_s.bmp,OLD_INDEXED_IMAGE,true,true,true,3f01a567c8414444abab3f3824c26cf9,[],0,[],0,false,"[""Assets/NTSD/Sprite/Character/itachi/itachi_s.bmp""]",true,0,PRESENT_SAME_GUID,
Assets/NTSD/Sprite/Character/jiraiya/jiraiya.bmp,OLD_INDEXED_IMAGE,true,true,true,df70c6ca128adb54fa31a7e6b141ea7b,[],0,[],0,false,"[""Assets/NTSD/Sprite/Character/jiraiya/jiraiya.bmp""]",true,0,PRESENT_SAME_GUID,
Assets/NTSD/Sprite/Character/jiraiya/jiraiya_2.bmp,OLD_INDEXED_IMAGE,true,true,true,eb2a7d492d48f1c4db930a9c1801977d,[],0,[],0,false,"[""Assets/NTSD/Sprite/Character/jiraiya/jiraiya_2.bmp""]",true,0,PRESENT_SAME_GUID,
Assets/NTSD/Sprite/Character/jiraiya/jiraiya_3.bmp,OLD_INDEXED_IMAGE,true,true,true,f5997c2af2d2ede4991d5ed197a3ed0e,[],0,[],0,false,"[""Assets/NTSD/Sprite/Character/jiraiya/jiraiya_3.bmp""]",true,0,PRESENT_SAME_GUID,
Assets/NTSD/Sprite/Character/jiraiya/jiraiya_4.bmp,OLD_INDEXED_IMAGE,true,true,true,6fe6fc8f0ce325d4991c57d08bedff41,[],0,[],0,false,"[""Assets/NTSD/Sprite/Character/jiraiya/jiraiya_4.bmp""]",true,0,PRESENT_SAME_GUID,
Assets/NTSD/Sprite/Character/jiraiya/jiraiya_f.bmp,OLD_INDEXED_IMAGE,true,true,true,e7519bed0e7489949b783882c33227bc,[],0,[],0,false,"[""Assets/NTSD/Sprite/Character/jiraiya/jiraiya_f.bmp""]",true,0,PRESENT_SAME_GUID,
Assets/NTSD/Sprite/Character/jiraiya/jiraiya_s.bmp,OLD_INDEXED_IMAGE,true,true,true,4038b4f29260f714da1fd809c4ce4046,[],0,[],0,false,"[""Assets/NTSD/Sprite/Character/jiraiya/jiraiya_s.bmp""]",true,0,PRESENT_SAME_GUID,
Assets/NTSD/Sprite/Character/jiroubou/cave.bmp,OLD_INDEXED_IMAGE,true,true,true,855e09e9c99987a42a0a0032bdbec52a,[],0,[],0,false,"[""Assets/NTSD/Sprite/Character/jiroubou/cave.bmp""]",true,0,PRESENT_SAME_GUID,
Assets/NTSD/Sprite/Character/jiroubou/jiroubou.bmp,OLD_INDEXED_IMAGE,true,true,true,ea5bfeaac3677dc4c9d1c05d1f3727c1,[],0,[],0,false,"[""Assets/NTSD/Sprite/Character/jiroubou/jiroubou.bmp""]",true,0,PRESENT_SAME_GUID,
Assets/NTSD/Sprite/Character/jiroubou/jiroubou_2.bmp,OLD_INDEXED_IMAGE,true,true,true,4cdf9d0993f987c4c80329a187f438aa,[],0,[],0,false,"[""Assets/NTSD/Sprite/Character/jiroubou/jiroubou_2.bmp""]",true,0,PRESENT_SAME_GUID,
Assets/NTSD/Sprite/Character/jiroubou/jiroubou_3.bmp,OLD_INDEXED_IMAGE,true,true,true,27664b33bea40814096ba1889f844005,[],0,[],0,false,"[""Assets/NTSD/Sprite/Character/jiroubou/jiroubou_3.bmp""]",true,0,PRESENT_SAME_GUID,
Assets/NTSD/Sprite/Character/jiroubou/jiroubou_f.bmp,OLD_INDEXED_IMAGE,true,true,true,5493340f255492d4e9c8626378608e85,[],0,[],0,false,"[""Assets/NTSD/Sprite/Character/jiroubou/jiroubou_f.bmp""]",true,0,PRESENT_SAME_GUID,
Assets/NTSD/Sprite/Character/jiroubou/jiroubou_s.bmp,OLD_INDEXED_IMAGE,true,true,true,a9c0c17e26d452d4b85039c2201272b4,[],0,[],0,false,"[""Assets/NTSD/Sprite/Character/jiroubou/jiroubou_s.bmp""]",true,0,PRESENT_SAME_GUID,
Assets/NTSD/Sprite/Character/kabuto/kabuto.bmp,OLD_INDEXED_IMAGE,true,true,true,8cd5fd347d0faaa48adf753b3c85e40d,[],0,[],0,false,"[""Assets/NTSD/Sprite/Character/kabuto/kabuto.bmp""]",true,0,PRESENT_SAME_GUID,
Assets/NTSD/Sprite/Character/kabuto/kabuto_2.bmp,OLD_INDEXED_IMAGE,true,true,true,16c01639a0d9c6d4fbd799a4e97a8367,[],0,[],0,false,"[""Assets/NTSD/Sprite/Character/kabuto/kabuto_2.bmp""]",true,0,PRESENT_SAME_GUID,
Assets/NTSD/Sprite/Character/kabuto/kabuto_f.bmp,OLD_INDEXED_IMAGE,true,true,true,050bba2c36c3c19428bf89a3c2650fd0,[],0,[],0,false,"[""Assets/NTSD/Sprite/Character/kabuto/kabuto_f.bmp""]",true,0,PRESENT_SAME_GUID,
Assets/NTSD/Sprite/Character/kabuto/kabuto_s.bmp,OLD_INDEXED_IMAGE,true,true,true,c01d1ba3f8469714086c6e17d8e1de48,[],0,[],0,false,"[""Assets/NTSD/Sprite/Character/kabuto/kabuto_s.bmp""]",true,0,PRESENT_SAME_GUID,
Assets/NTSD/Sprite/Character/KakaShi/kakashi.bmp,OLD_INDEXED_IMAGE,true,true,true,24e706d141539504f9a8b78e2e97a11e,[],0,[],0,false,"[""Assets/NTSD/Sprite/Character/KakaShi/kakashi.bmp""]",true,0,PRESENT_SAME_GUID,
Assets/NTSD/Sprite/Character/KakaShi/kakashi_2.bmp,OLD_INDEXED_IMAGE,true,true,true,17e9d85b74a675c49b327467aab25935,[],0,[],0,false,"[""Assets/NTSD/Sprite/Character/KakaShi/kakashi_2.bmp""]",true,0,PRESENT_SAME_GUID,
Assets/NTSD/Sprite/Character/KakaShi/kakashi_f.bmp,OLD_INDEXED_IMAGE,true,true,true,9c6bec632505eea4b924df392ccc6ab1,[],0,[],0,false,"[""Assets/NTSD/Sprite/Character/KakaShi/kakashi_f.bmp""]",true,0,PRESENT_SAME_GUID,
Assets/NTSD/Sprite/Character/KakaShi/kakashi_s.bmp,OLD_INDEXED_IMAGE,true,true,true,60d6305beddcaa34ea3b2a9d4051e1e4,[],0,[],0,false,"[""Assets/NTSD/Sprite/Character/KakaShi/kakashi_s.bmp""]",true,0,PRESENT_SAME_GUID,
Assets/NTSD/Sprite/Character/kakuzu/hidan.bmp,OLD_INDEXED_IMAGE,true,true,true,a02b06c66cae6c24f8df150be1815e4b,[],0,[],0,false,"[""Assets/NTSD/Sprite/Character/kakuzu/hidan.bmp""]",true,0,PRESENT_SAME_GUID,
Assets/NTSD/Sprite/Character/kakuzu/kakuzu.bmp,OLD_INDEXED_IMAGE,true,true,true,528fbe75d36ad2645953be96f7c3e16b,[],0,[],0,false,"[""Assets/NTSD/Sprite/Character/kakuzu/kakuzu.bmp""]",true,0,PRESENT_SAME_GUID,
Assets/NTSD/Sprite/Character/kakuzu/kakuzu3.bmp,OLD_INDEXED_IMAGE,true,true,true,23e9552a5c7b5734eac935941fad183e,[],0,[],0,false,"[""Assets/NTSD/Sprite/Character/kakuzu/kakuzu3.bmp""]",true,0,PRESENT_SAME_GUID,
Assets/NTSD/Sprite/Character/kakuzu/kakuzu4.bmp,OLD_INDEXED_IMAGE,true,true,true,bb91b37531753c7468303db4548f369a,[],0,[],0,false,"[""Assets/NTSD/Sprite/Character/kakuzu/kakuzu4.bmp""]",true,0,PRESENT_SAME_GUID,
Assets/NTSD/Sprite/Character/kakuzu/kakuzu_f.bmp,OLD_INDEXED_IMAGE,true,true,true,42e9b2bbe35bee64aa1f89730542b6f4,[],0,[],0,false,"[""Assets/NTSD/Sprite/Character/kakuzu/kakuzu_f.bmp""]",true,0,PRESENT_SAME_GUID,
Assets/NTSD/Sprite/Character/kakuzu/kakuzu_s.bmp,OLD_INDEXED_IMAGE,true,true,true,32ec3568ca026e541a908955ed0a9eac,[],0,[],0,false,"[""Assets/NTSD/Sprite/Character/kakuzu/kakuzu_s.bmp""]",true,0,PRESENT_SAME_GUID,
Assets/NTSD/Sprite/Character/kankuro/kankuro.bmp,OLD_INDEXED_IMAGE,true,true,true,15518744ffd80224eb675afe58c6d1e6,[],0,[],0,false,"[""Assets/NTSD/Sprite/Character/kankuro/kankuro.bmp""]",true,0,PRESENT_SAME_GUID,
Assets/NTSD/Sprite/Character/kankuro/kankuro_2.bmp,OLD_INDEXED_IMAGE,true,true,true,352cdaf8ad7f43748ad1d02d3b52baf0,[],0,[],0,false,"[""Assets/NTSD/Sprite/Character/kankuro/kankuro_2.bmp""]",true,0,PRESENT_SAME_GUID,
Assets/NTSD/Sprite/Character/kankuro/kankuro_f.bmp,OLD_INDEXED_IMAGE,true,true,true,1465d17e6baf9244881250f1172f8a5c,[],0,[],0,false,"[""Assets/NTSD/Sprite/Character/kankuro/kankuro_f.bmp""]",true,0,PRESENT_SAME_GUID,
Assets/NTSD/Sprite/Character/kankuro/kankuro_s.bmp,OLD_INDEXED_IMAGE,true,true,true,b65f7a9d6794f144f9ff90a7eee06053,[],0,[],0,false,"[""Assets/NTSD/Sprite/Character/kankuro/kankuro_s.bmp""]",true,0,PRESENT_SAME_GUID,
Assets/NTSD/Sprite/Character/kiba/deidara_2.bmp,OLD_INDEXED_IMAGE,true,true,true,23b5ed0b9a981df4ab19c0720e895223,[],0,[],0,false,"[""Assets/NTSD/Sprite/Character/kiba/deidara_2.bmp""]",true,0,PRESENT_SAME_GUID,
Assets/NTSD/Sprite/Character/kiba/kiba_0.bmp,OLD_INDEXED_IMAGE,true,true,true,7c51079a6036ccb4f8f045b100796af4,[],0,[],0,false,"[""Assets/NTSD/Sprite/Character/kiba/kiba_0.bmp""]",true,0,PRESENT_SAME_GUID,
Assets/NTSD/Sprite/Character/kiba/kiba_2.bmp,OLD_INDEXED_IMAGE,true,true,true,8a778a9655497464b99281f1c96b774b,[],0,[],0,false,"[""Assets/NTSD/Sprite/Character/kiba/kiba_2.bmp""]",true,0,PRESENT_SAME_GUID,
Assets/NTSD/Sprite/Character/kiba/kiba_f.bmp,OLD_INDEXED_IMAGE,true,true,true,dd4fc038a7ae6fb47b1462b0d7ea3f30,[],0,[],0,false,"[""Assets/NTSD/Sprite/Character/kiba/kiba_f.bmp""]",true,0,PRESENT_SAME_GUID,
Assets/NTSD/Sprite/Character/kiba/kiba_s.bmp,OLD_INDEXED_IMAGE,true,true,true,e7e10a0346801404e9a3c2797ce3b9b9,[],0,[],0,false,"[""Assets/NTSD/Sprite/Character/kiba/kiba_s.bmp""]",true,0,PRESENT_SAME_GUID,
Assets/NTSD/Sprite/Character/kidomaru/kidomaru.bmp,OLD_INDEXED_IMAGE,true,true,true,b07422ffd0534494eb530645d0c1b60a,[],0,[],0,false,"[""Assets/NTSD/Sprite/Character/kidomaru/kidomaru.bmp""]",true,0,PRESENT_SAME_GUID,
Assets/NTSD/Sprite/Character/kidomaru/kidomaru_2.bmp,OLD_INDEXED_IMAGE,true,true,true,2e8a2e3838b66e0469871755a6d0e2ac,[],0,[],0,false,"[""Assets/NTSD/Sprite/Character/kidomaru/kidomaru_2.bmp""]",true,0,PRESENT_SAME_GUID,
Assets/NTSD/Sprite/Character/kidomaru/kidomaru_3.bmp,OLD_INDEXED_IMAGE,true,true,true,ff605fcca6d903b449f548bb771e6fa7,[],0,[],0,false,"[""Assets/NTSD/Sprite/Character/kidomaru/kidomaru_3.bmp""]",true,0,PRESENT_SAME_GUID,
Assets/NTSD/Sprite/Character/kidomaru/kidomaru_f.bmp,OLD_INDEXED_IMAGE,true,true,true,62d3d9662c8f3e440ace2181cda39bea,[],0,[],0,false,"[""Assets/NTSD/Sprite/Character/kidomaru/kidomaru_f.bmp""]",true,0,PRESENT_SAME_GUID,
Assets/NTSD/Sprite/Character/kidomaru/kidomaru_s.bmp,OLD_INDEXED_IMAGE,true,true,true,e5cde1cfa5574ac488dd65a1293469f3,[],0,[],0,false,"[""Assets/NTSD/Sprite/Character/kidomaru/kidomaru_s.bmp""]",true,0,PRESENT_SAME_GUID,
Assets/NTSD/Sprite/Character/kisame/kisame_0.bmp,OLD_INDEXED_IMAGE,true,true,true,e984e848e7f58a743aad5dd229800e3e,[],0,[],0,false,"[""Assets/NTSD/Sprite/Character/kisame/kisame_0.bmp""]",true,0,PRESENT_SAME_GUID,
Assets/NTSD/Sprite/Character/kisame/kisame_2.bmp,OLD_INDEXED_IMAGE,true,true,true,51d0d505e9b252940afebcadee88c0df,[],0,[],0,false,"[""Assets/NTSD/Sprite/Character/kisame/kisame_2.bmp""]",true,0,PRESENT_SAME_GUID,
Assets/NTSD/Sprite/Character/kisame/kisame_3.bmp,OLD_INDEXED_IMAGE,true,true,true,c5af755dd06e2544ea739bf87def0704,[],0,[],0,false,"[""Assets/NTSD/Sprite/Character/kisame/kisame_3.bmp""]",true,0,PRESENT_SAME_GUID,
Assets/NTSD/Sprite/Character/kisame/kisame_f.bmp,OLD_INDEXED_IMAGE,true,true,true,7f17842ff63cd4348a26f04ba7428542,[],0,[],0,false,"[""Assets/NTSD/Sprite/Character/kisame/kisame_f.bmp""]",true,0,PRESENT_SAME_GUID,
Assets/NTSD/Sprite/Character/kisame/kisame_s.bmp,OLD_INDEXED_IMAGE,true,true,true,8fdbc0439c17eb248ba1414ca718f87b,[],0,[],0,false,"[""Assets/NTSD/Sprite/Character/kisame/kisame_s.bmp""]",true,0,PRESENT_SAME_GUID,
Assets/NTSD/Sprite/Character/kyubi/4tk.bmp,OLD_INDEXED_IMAGE,true,true,true,566fa4f7c2ffc8c42bf0f28810d5dbd4,[],0,[],0,false,"[""Assets/NTSD/Sprite/Character/kyubi/4tk.bmp""]",true,0,PRESENT_SAME_GUID,
Assets/NTSD/Sprite/Character/kyubi/4tk2.bmp,OLD_INDEXED_IMAGE,true,true,true,ffece8a39ae48e143941a550a6e522fa,[],0,[],0,false,"[""Assets/NTSD/Sprite/Character/kyubi/4tk2.bmp""]",true,0,PRESENT_SAME_GUID,
Assets/NTSD/Sprite/Character/kyubi/kyubi.bmp,OLD_INDEXED_IMAGE,true,true,true,b1d2f5abec51f6442aa1347c65b8b3bd,[],0,[],0,false,"[""Assets/NTSD/Sprite/Character/kyubi/kyubi.bmp""]",true,0,PRESENT_SAME_GUID,
Assets/NTSD/Sprite/Character/kyubi/kyubi_3.bmp,OLD_INDEXED_IMAGE,true,true,true,14f961b7f5438d044aaac860d139f1ad,[],0,[],0,false,"[""Assets/NTSD/Sprite/Character/kyubi/kyubi_3.bmp""]",true,0,PRESENT_SAME_GUID,
Assets/NTSD/Sprite/Character/kyubi/kyubi_f.bmp,OLD_INDEXED_IMAGE,true,true,true,e511e180dd3c99f4b9c6ce87daf4941d,[],0,[],0,false,"[""Assets/NTSD/Sprite/Character/kyubi/kyubi_f.bmp""]",true,0,PRESENT_SAME_GUID,
Assets/NTSD/Sprite/Character/kyubi/kyubi_s.bmp,OLD_INDEXED_IMAGE,true,true,true,dc04879e34f58f149bae65af47020bcc,[],0,[],0,false,"[""Assets/NTSD/Sprite/Character/kyubi/kyubi_s.bmp""]",true,0,PRESENT_SAME_GUID,
Assets/NTSD/Sprite/Character/kyubi/naruto_2.bmp,OLD_INDEXED_IMAGE,true,true,true,6b1da239efc8bc34683d8aab7284c9d4,[],0,[],0,false,"[""Assets/NTSD/Sprite/Character/kyubi/naruto_2.bmp""]",true,0,PRESENT_SAME_GUID,
Assets/NTSD/Sprite/Character/MingRen/naruto_0.bmp,OLD_INDEXED_IMAGE,true,true,true,4910ea141c38d0743a43d3a0789613f3,[],0,"[""Assets/NTSD/Scripts/Animation/Rendering/Editor/BattleSpriteGridSeparatorEditorTests.cs""]",1,false,"[""Assets/NTSD/Sprite/Character/MingRen/naruto_0.bmp""]",true,0,PRESENT_SAME_GUID,
Assets/NTSD/Sprite/Character/MingRen/naruto_2.bmp,OLD_INDEXED_IMAGE,true,true,true,7eede661ae05cf445af227a542300894,[],0,[],0,false,"[""Assets/NTSD/Sprite/Character/MingRen/naruto_2.bmp""]",true,0,PRESENT_SAME_GUID,
Assets/NTSD/Sprite/Character/MingRen/naruto_clone_f.bmp,OLD_INDEXED_IMAGE,true,true,true,dea33498c4a76234aa0e9bf7f8f6cea6,[],0,[],0,false,"[""Assets/NTSD/Sprite/Character/MingRen/naruto_clone_f.bmp""]",true,0,PRESENT_SAME_GUID,
Assets/NTSD/Sprite/Character/MingRen/naruto_f.bmp,OLD_INDEXED_IMAGE,true,true,true,43d5902f80a5abb43bc55177e224425e,[],0,[],0,false,"[""Assets/NTSD/Sprite/Character/MingRen/naruto_f.bmp""]",true,0,PRESENT_SAME_GUID,
Assets/NTSD/Sprite/Character/MingRen/naruto_s.bmp,OLD_INDEXED_IMAGE,true,true,true,1ac08583b5d010f42a1e5888c4f017bf,[],0,[],0,false,"[""Assets/NTSD/Sprite/Character/MingRen/naruto_s.bmp""]",true,0,PRESENT_SAME_GUID,
Assets/NTSD/Sprite/Character/nckakuzu/nckakuzu.bmp,OLD_INDEXED_IMAGE,true,true,true,fc525212b48bbbd4d821f7a5728e1ce5,[],0,[],0,false,"[""Assets/NTSD/Sprite/Character/nckakuzu/nckakuzu.bmp""]",true,0,PRESENT_SAME_GUID,
Assets/NTSD/Sprite/Character/nckakuzu/nckakuzu_1.bmp,OLD_INDEXED_IMAGE,true,true,true,05368d51895d7274b905205957bf4a01,[],0,[],0,false,"[""Assets/NTSD/Sprite/Character/nckakuzu/nckakuzu_1.bmp""]",true,0,PRESENT_SAME_GUID,
Assets/NTSD/Sprite/Character/nckakuzu/nckakuzu_f.bmp,OLD_INDEXED_IMAGE,true,true,true,48364c6dc46182647be9fa5c71c2ff1e,[],0,[],0,false,"[""Assets/NTSD/Sprite/Character/nckakuzu/nckakuzu_f.bmp""]",true,0,PRESENT_SAME_GUID,
Assets/NTSD/Sprite/Character/nckakuzu/nckakuzu_s.bmp,OLD_INDEXED_IMAGE,true,true,true,b8fbe2723194b784aa83e372d581b325,[],0,[],0,false,"[""Assets/NTSD/Sprite/Character/nckakuzu/nckakuzu_s.bmp""]",true,0,PRESENT_SAME_GUID,
Assets/NTSD/Sprite/Character/neji/hakke.bmp,OLD_INDEXED_IMAGE,true,true,true,3b1591bde3835bd48a6b3dfd879cc54b,[],0,[],0,false,"[""Assets/NTSD/Sprite/Character/neji/hakke.bmp""]",true,0,PRESENT_SAME_GUID,
Assets/NTSD/Sprite/Character/neji/neji_0.bmp,OLD_INDEXED_IMAGE,true,true,true,f41ff397b879db543bb61a5b196d41e9,[],0,[],0,false,"[""Assets/NTSD/Sprite/Character/neji/neji_0.bmp""]",true,0,PRESENT_SAME_GUID,
Assets/NTSD/Sprite/Character/neji/neji_1.bmp,OLD_INDEXED_IMAGE,true,true,true,7d44c092e88797e4e940f884a9eba8ca,[],0,[],0,false,"[""Assets/NTSD/Sprite/Character/neji/neji_1.bmp""]",true,0,PRESENT_SAME_GUID,
Assets/NTSD/Sprite/Character/neji/neji_2.bmp,OLD_INDEXED_IMAGE,true,true,true,ba82d86af58e9e742ba4ce794ebe19cd,[],0,[],0,false,"[""Assets/NTSD/Sprite/Character/neji/neji_2.bmp""]",true,0,PRESENT_SAME_GUID,
Assets/NTSD/Sprite/Character/neji/neji_f.bmp,OLD_INDEXED_IMAGE,true,true,true,0e8613e6e1ce7734e8a304dbcfbeb111,[],0,[],0,false,"[""Assets/NTSD/Sprite/Character/neji/neji_f.bmp""]",true,0,PRESENT_SAME_GUID,
Assets/NTSD/Sprite/Character/neji/neji_s.bmp,OLD_INDEXED_IMAGE,true,true,true,cde355920cec8e548a5c05a75ecc6d59,[],0,[],0,false,"[""Assets/NTSD/Sprite/Character/neji/neji_s.bmp""]",true,0,PRESENT_SAME_GUID,
Assets/NTSD/Sprite/Character/orochimaru/orochimaru.bmp,OLD_INDEXED_IMAGE,true,true,true,002f9c8a2af1ce64fb6caedc7d56162a,[],0,[],0,false,"[""Assets/NTSD/Sprite/Character/orochimaru/orochimaru.bmp""]",true,0,PRESENT_SAME_GUID,
Assets/NTSD/Sprite/Character/orochimaru/orochimaru_2.bmp,OLD_INDEXED_IMAGE,true,true,true,f73a654b9e8883e4a8d5a37e4b69eca3,[],0,[],0,false,"[""Assets/NTSD/Sprite/Character/orochimaru/orochimaru_2.bmp""]",true,0,PRESENT_SAME_GUID,
Assets/NTSD/Sprite/Character/orochimaru/orochimaru_3.bmp,OLD_INDEXED_IMAGE,true,true,true,c10ec2f235347a0439c913575bda2d15,[],0,[],0,false,"[""Assets/NTSD/Sprite/Character/orochimaru/orochimaru_3.bmp""]",true,0,PRESENT_SAME_GUID,
Assets/NTSD/Sprite/Character/orochimaru/orochimaru_f.bmp,OLD_INDEXED_IMAGE,true,true,true,a015e2fef4ef27c448aa9b06c4a09db6,[],0,[],0,false,"[""Assets/NTSD/Sprite/Character/orochimaru/orochimaru_f.bmp""]",true,0,PRESENT_SAME_GUID,
Assets/NTSD/Sprite/Character/orochimaru/orochimaru_s.bmp,OLD_INDEXED_IMAGE,true,true,true,dd37a0d3092b6f546a9ab373253e6830,[],0,[],0,false,"[""Assets/NTSD/Sprite/Character/orochimaru/orochimaru_s.bmp""]",true,0,PRESENT_SAME_GUID,
Assets/NTSD/Sprite/Character/pein/pein.bmp,OLD_INDEXED_IMAGE,true,true,true,aee4b0265fca280498ea1812303c82ec,[],0,[],0,false,"[""Assets/NTSD/Sprite/Character/pein/pein.bmp""]",true,0,PRESENT_SAME_GUID,
Assets/NTSD/Sprite/Character/pein/pein_2.bmp,OLD_INDEXED_IMAGE,true,true,true,0c7b24a6cacfae742a0cb5a0f48dc3f9,[],0,[],0,false,"[""Assets/NTSD/Sprite/Character/pein/pein_2.bmp""]",true,0,PRESENT_SAME_GUID,
Assets/NTSD/Sprite/Character/pein/pein_f.bmp,OLD_INDEXED_IMAGE,true,true,true,cb760b34a940d6d4ab10a614d2d7c35c,[],0,[],0,false,"[""Assets/NTSD/Sprite/Character/pein/pein_f.bmp""]",true,0,PRESENT_SAME_GUID,
Assets/NTSD/Sprite/Character/pein/pein_s.bmp,OLD_INDEXED_IMAGE,true,true,true,ab4148cf2b8024e46b7f3da07086358a,[],0,[],0,false,"[""Assets/NTSD/Sprite/Character/pein/pein_s.bmp""]",true,0,PRESENT_SAME_GUID,
Assets/NTSD/Sprite/Character/puppet_sasori/puppet_3.bmp,OLD_INDEXED_IMAGE,true,true,true,e3e9b36bfbca4954389152b13f05797d,[],0,[],0,false,"[""Assets/NTSD/Sprite/Character/puppet_sasori/puppet_3.bmp""]",true,0,PRESENT_SAME_GUID,
Assets/NTSD/Sprite/Character/puppet_sasori/puppet_4.bmp,OLD_INDEXED_IMAGE,true,true,true,659c4d36210ef2643b20f65333eb5756,[],0,[],0,false,"[""Assets/NTSD/Sprite/Character/puppet_sasori/puppet_4.bmp""]",true,0,PRESENT_SAME_GUID,
Assets/NTSD/Sprite/Character/puppet_sasori/puppet_f.bmp,OLD_INDEXED_IMAGE,true,true,true,16a5fc7d2d524fc4b9716b6fdd409083,[],0,[],0,false,"[""Assets/NTSD/Sprite/Character/puppet_sasori/puppet_f.bmp""]",true,0,PRESENT_SAME_GUID,
Assets/NTSD/Sprite/Character/puppet_sasori/puppet_s.bmp,OLD_INDEXED_IMAGE,true,true,true,37e12371f3d9e1d46bbc5f52118293ab,[],0,[],0,false,"[""Assets/NTSD/Sprite/Character/puppet_sasori/puppet_s.bmp""]",true,0,PRESENT_SAME_GUID,
Assets/NTSD/Sprite/Character/reaper/reaper.bmp,OLD_INDEXED_IMAGE,true,true,true,ad193891d6b0c9b4289be9e6eb46da6d,[],0,[],0,false,"[""Assets/NTSD/Sprite/Character/reaper/reaper.bmp""]",true,0,PRESENT_SAME_GUID,
Assets/NTSD/Sprite/Character/reaper/reaper_2.bmp,OLD_INDEXED_IMAGE,true,true,true,c44059b80fff54a4eb36fcca64ac8add,[],0,[],0,false,"[""Assets/NTSD/Sprite/Character/reaper/reaper_2.bmp""]",true,0,PRESENT_SAME_GUID,
Assets/NTSD/Sprite/Character/reaper/reaper_3.bmp,OLD_INDEXED_IMAGE,true,true,true,861ff487f3e95d9499b89e8b851001c4,[],0,[],0,false,"[""Assets/NTSD/Sprite/Character/reaper/reaper_3.bmp""]",true,0,PRESENT_SAME_GUID,
Assets/NTSD/Sprite/Character/reaper/reaper_4.bmp,OLD_INDEXED_IMAGE,true,true,true,300cc8de4909b69469a98b4aa29cee12,[],0,[],0,false,"[""Assets/NTSD/Sprite/Character/reaper/reaper_4.bmp""]",true,0,PRESENT_SAME_GUID,
Assets/NTSD/Sprite/Character/reaper/reaper_f.bmp,OLD_INDEXED_IMAGE,true,true,true,5532808b89fbaca4a837807de52d13b7,[],0,[],0,false,"[""Assets/NTSD/Sprite/Character/reaper/reaper_f.bmp""]",true,0,PRESENT_SAME_GUID,
Assets/NTSD/Sprite/Character/reaper/reaper_s.bmp,OLD_INDEXED_IMAGE,true,true,true,d2b61f1d53c783b48940fe187f164ba2,[],0,[],0,false,"[""Assets/NTSD/Sprite/Character/reaper/reaper_s.bmp""]",true,0,PRESENT_SAME_GUID,
Assets/NTSD/Sprite/Character/reaper/slashing_reaper.bmp,OLD_INDEXED_IMAGE,true,true,true,032c76cad2e072945884f7beafc67107,[],0,[],0,false,"[""Assets/NTSD/Sprite/Character/reaper/slashing_reaper.bmp""]",true,0,PRESENT_SAME_GUID,
Assets/NTSD/Sprite/Character/rock_lee/gaara_2.bmp,OLD_INDEXED_IMAGE,true,true,true,021310634d8d1f3499cda2effec5c138,[],0,[],0,false,"[""Assets/NTSD/Sprite/Character/rock_lee/gaara_2.bmp""]",true,0,PRESENT_SAME_GUID,
Assets/NTSD/Sprite/Character/rock_lee/lee_f.bmp,OLD_INDEXED_IMAGE,true,true,true,17f31c4c6e9b99c43ac28f154a0ea092,[],0,[],0,false,"[""Assets/NTSD/Sprite/Character/rock_lee/lee_f.bmp""]",true,0,PRESENT_SAME_GUID,
Assets/NTSD/Sprite/Character/rock_lee/rock_lee.bmp,OLD_INDEXED_IMAGE,true,true,true,cc8a0af6a30b0f1498264fc14c1d0a20,[],0,[],0,false,"[""Assets/NTSD/Sprite/Character/rock_lee/rock_lee.bmp""]",true,0,PRESENT_SAME_GUID,
Assets/NTSD/Sprite/Character/rock_lee/rock_lee2.bmp,OLD_INDEXED_IMAGE,true,true,true,ff6e1784aead8a540b260c43d2953384,[],0,[],0,false,"[""Assets/NTSD/Sprite/Character/rock_lee/rock_lee2.bmp""]",true,0,PRESENT_SAME_GUID,
Assets/NTSD/Sprite/Character/rock_lee/rock_lee_s.bmp,OLD_INDEXED_IMAGE,true,true,true,d53645404a83d2345b1457f8bca15c90,[],0,[],0,false,"[""Assets/NTSD/Sprite/Character/rock_lee/rock_lee_s.bmp""]",true,0,PRESENT_SAME_GUID,
Assets/NTSD/Sprite/Character/sai/sai_0.bmp,OLD_INDEXED_IMAGE,true,true,true,87329ffaa12de394ca2f4c42e6251e25,[],0,[],0,false,"[""Assets/NTSD/Sprite/Character/sai/sai_0.bmp""]",true,0,PRESENT_SAME_GUID,
Assets/NTSD/Sprite/Character/sai/sai_1.bmp,OLD_INDEXED_IMAGE,true,true,true,ee7020f11d7195645af4d8c154f18148,[],0,[],0,false,"[""Assets/NTSD/Sprite/Character/sai/sai_1.bmp""]",true,0,PRESENT_SAME_GUID,
Assets/NTSD/Sprite/Character/sai/sai_bird.bmp,OLD_INDEXED_IMAGE,true,true,true,385e156b8987eb341a7a797aa2f3fecc,[],0,[],0,false,"[""Assets/NTSD/Sprite/Character/sai/sai_bird.bmp""]",true,0,PRESENT_SAME_GUID,
Assets/NTSD/Sprite/Character/sai/sai_f.bmp,OLD_INDEXED_IMAGE,true,true,true,b26dd5f29a2343141ba7cff6e4e688fe,[],0,[],0,false,"[""Assets/NTSD/Sprite/Character/sai/sai_f.bmp""]",true,0,PRESENT_SAME_GUID,
Assets/NTSD/Sprite/Character/sai/sai_s.bmp,OLD_INDEXED_IMAGE,true,true,true,1fa4393360770a2409753e701f5fa30a,[],0,[],0,false,"[""Assets/NTSD/Sprite/Character/sai/sai_s.bmp""]",true,0,PRESENT_SAME_GUID,
Assets/NTSD/Sprite/Character/sakon/sakon.bmp,OLD_INDEXED_IMAGE,true,true,true,8fe3b740d42e1104290e3135c9643e39,[],0,[],0,false,"[""Assets/NTSD/Sprite/Character/sakon/sakon.bmp""]",true,0,PRESENT_SAME_GUID,
Assets/NTSD/Sprite/Character/sakon/sakon2.bmp,OLD_INDEXED_IMAGE,true,true,true,5afe5e1b74673724fbcdf1f173cdbaa1,[],0,[],0,false,"[""Assets/NTSD/Sprite/Character/sakon/sakon2.bmp""]",true,0,PRESENT_SAME_GUID,
Assets/NTSD/Sprite/Character/sakon/sakon_f.bmp,OLD_INDEXED_IMAGE,true,true,true,e629689b34e2cec44a6f6fe96346243e,[],0,[],0,false,"[""Assets/NTSD/Sprite/Character/sakon/sakon_f.bmp""]",true,0,PRESENT_SAME_GUID,
Assets/NTSD/Sprite/Character/sakon/sakon_s.bmp,OLD_INDEXED_IMAGE,true,true,true,790ead926e44ad2468baac20d164f938,[],0,[],0,false,"[""Assets/NTSD/Sprite/Character/sakon/sakon_s.bmp""]",true,0,PRESENT_SAME_GUID,
Assets/NTSD/Sprite/Character/sand_creature/sand_creature.bmp,OLD_INDEXED_IMAGE,true,true,true,dea9652d57f5ec940bba4f7d9bd2fa67,[],0,[],0,false,"[""Assets/NTSD/Sprite/Character/sand_creature/sand_creature.bmp""]",true,0,PRESENT_SAME_GUID,
Assets/NTSD/Sprite/Character/sand_creature/sand_creature2.bmp,OLD_INDEXED_IMAGE,true,true,true,9ce44556beee00a419aff49b507442ba,[],0,[],0,false,"[""Assets/NTSD/Sprite/Character/sand_creature/sand_creature2.bmp""]",true,0,PRESENT_SAME_GUID,
Assets/NTSD/Sprite/Character/sand_creature/sand_f.bmp,OLD_INDEXED_IMAGE,true,true,true,7b3dafc3f7a21ad49b9eec15aa30e30f,[],0,[],0,false,"[""Assets/NTSD/Sprite/Character/sand_creature/sand_f.bmp""]",true,0,PRESENT_SAME_GUID,
Assets/NTSD/Sprite/Character/sand_creature/sand_s.bmp,OLD_INDEXED_IMAGE,true,true,true,7fec438d7e4a0c9499f505aaaf159a9e,[],0,[],0,false,"[""Assets/NTSD/Sprite/Character/sand_creature/sand_s.bmp""]",true,0,PRESENT_SAME_GUID,
Assets/NTSD/Sprite/Character/sasori/sasori.bmp,OLD_INDEXED_IMAGE,true,true,true,b59fcb18b5d6e6548b85351e14ba30e2,[],0,[],0,false,"[""Assets/NTSD/Sprite/Character/sasori/sasori.bmp""]",true,0,PRESENT_SAME_GUID,
Assets/NTSD/Sprite/Character/sasori/sasori_2.bmp,OLD_INDEXED_IMAGE,true,true,true,ea95a466ad1a75341b323ff3dc85a702,[],0,[],0,false,"[""Assets/NTSD/Sprite/Character/sasori/sasori_2.bmp""]",true,0,PRESENT_SAME_GUID,
Assets/NTSD/Sprite/Character/sasori/sasori_3.bmp,OLD_INDEXED_IMAGE,true,true,true,b5ad5febab3ba824083ed38c4a92760d,[],0,[],0,false,"[""Assets/NTSD/Sprite/Character/sasori/sasori_3.bmp""]",true,0,PRESENT_SAME_GUID,
Assets/NTSD/Sprite/Character/sasori/sasori_f.bmp,OLD_INDEXED_IMAGE,true,true,true,ef9a20820672d984babc5646b6a45bab,[],0,[],0,false,"[""Assets/NTSD/Sprite/Character/sasori/sasori_f.bmp""]",true,0,PRESENT_SAME_GUID,
Assets/NTSD/Sprite/Character/sasori/sasori_s.bmp,OLD_INDEXED_IMAGE,true,true,true,57bdf23d08701c049b8673f5c8a0946e,[],0,[],0,false,"[""Assets/NTSD/Sprite/Character/sasori/sasori_s.bmp""]",true,0,PRESENT_SAME_GUID,
Assets/NTSD/Sprite/Character/sasuke_cs2/deidara_2.bmp,OLD_INDEXED_IMAGE,true,true,true,9ab433c515164584380ca128d426a845,[],0,[],0,false,"[""Assets/NTSD/Sprite/Character/sasuke_cs2/deidara_2.bmp""]",true,0,PRESENT_SAME_GUID,
Assets/NTSD/Sprite/Character/sasuke_cs2/sasuke_cs2.bmp,OLD_INDEXED_IMAGE,true,true,true,ecaa0c35016ef4e4b8980ccd69d8989b,[],0,[],0,false,"[""Assets/NTSD/Sprite/Character/sasuke_cs2/sasuke_cs2.bmp""]",true,0,PRESENT_SAME_GUID,
Assets/NTSD/Sprite/Character/sasuke_cs2/sasuke_cs2_2.bmp,OLD_INDEXED_IMAGE,true,true,true,2fbc167961fba0845b1799c2ea0f6a4a,[],0,[],0,false,"[""Assets/NTSD/Sprite/Character/sasuke_cs2/sasuke_cs2_2.bmp""]",true,0,PRESENT_SAME_GUID,
Assets/NTSD/Sprite/Character/sasuke_cs2/sasuke_cs2_f.bmp,OLD_INDEXED_IMAGE,true,true,true,83eacbb56caf3764d9d7f9ee6ceb5225,[],0,[],0,false,"[""Assets/NTSD/Sprite/Character/sasuke_cs2/sasuke_cs2_f.bmp""]",true,0,PRESENT_SAME_GUID,
Assets/NTSD/Sprite/Character/sasuke_cs2/sasuke_cs2_s.bmp,OLD_INDEXED_IMAGE,true,true,true,c896bf4a97cb5a74193419f6b0302901,[],0,[],0,false,"[""Assets/NTSD/Sprite/Character/sasuke_cs2/sasuke_cs2_s.bmp""]",true,0,PRESENT_SAME_GUID,
Assets/NTSD/Sprite/Character/shikamaru/shikamaru.bmp,OLD_INDEXED_IMAGE,true,true,true,8d3735cac4db3b74089ef14a2dc5a560,[],0,[],0,false,"[""Assets/NTSD/Sprite/Character/shikamaru/shikamaru.bmp""]",true,0,PRESENT_SAME_GUID,
Assets/NTSD/Sprite/Character/shikamaru/shikamaru2.bmp,OLD_INDEXED_IMAGE,true,true,true,cc9a0f655e3250a42b742f59b38d2697,[],0,[],0,false,"[""Assets/NTSD/Sprite/Character/shikamaru/shikamaru2.bmp""]",true,0,PRESENT_SAME_GUID,
Assets/NTSD/Sprite/Character/shikamaru/shikamaru_f.bmp,OLD_INDEXED_IMAGE,true,true,true,7189e26c4e2aeb24db55f775ce8719da,[],0,[],0,false,"[""Assets/NTSD/Sprite/Character/shikamaru/shikamaru_f.bmp""]",true,0,PRESENT_SAME_GUID,
Assets/NTSD/Sprite/Character/shikamaru/shikamaru_s.bmp,OLD_INDEXED_IMAGE,true,true,true,c91d846c0639363428ba42eae84cbb76,[],0,[],0,false,"[""Assets/NTSD/Sprite/Character/shikamaru/shikamaru_s.bmp""]",true,0,PRESENT_SAME_GUID,
Assets/NTSD/Sprite/Character/shino/shino.bmp,OLD_INDEXED_IMAGE,true,true,true,860c27d9b2360ab4aa91aa25cbf9a5bf,[],0,[],0,false,"[""Assets/NTSD/Sprite/Character/shino/shino.bmp""]",true,0,PRESENT_SAME_GUID,
Assets/NTSD/Sprite/Character/shino/shino_2.bmp,OLD_INDEXED_IMAGE,true,true,true,838d42c2bca5e1d44be7ced4351bb2d0,[],0,[],0,false,"[""Assets/NTSD/Sprite/Character/shino/shino_2.bmp""]",true,0,PRESENT_SAME_GUID,
Assets/NTSD/Sprite/Character/shino/shino_f.bmp,OLD_INDEXED_IMAGE,true,true,true,f3ca3248893c0b64aab3a5080436842e,[],0,[],0,false,"[""Assets/NTSD/Sprite/Character/shino/shino_f.bmp""]",true,0,PRESENT_SAME_GUID,
Assets/NTSD/Sprite/Character/shino/shino_s.bmp,OLD_INDEXED_IMAGE,true,true,true,47904c0d07ab58a42a2c91ed9a482ffa,[],0,[],0,false,"[""Assets/NTSD/Sprite/Character/shino/shino_s.bmp""]",true,0,PRESENT_SAME_GUID,
Assets/NTSD/Sprite/Character/sound_nin/manda2.bmp,OLD_INDEXED_IMAGE,true,true,true,5b9177dc271c4b94eb7f64532f84efd7,[],0,[],0,false,"[""Assets/NTSD/Sprite/Character/sound_nin/manda2.bmp""]",true,0,PRESENT_SAME_GUID,
Assets/NTSD/Sprite/Character/sound_nin/manda3.bmp,OLD_INDEXED_IMAGE,true,true,true,820b951450d729e47973acabf49d3be9,[],0,[],0,false,"[""Assets/NTSD/Sprite/Character/sound_nin/manda3.bmp""]",true,0,PRESENT_SAME_GUID,
Assets/NTSD/Sprite/Character/sound_nin/sand_nin.bmp,OLD_INDEXED_IMAGE,true,true,true,5d667d9e70887784cae911d4d5218078,[],0,[],0,false,"[""Assets/NTSD/Sprite/Character/sound_nin/sand_nin.bmp""]",true,0,PRESENT_SAME_GUID,
Assets/NTSD/Sprite/Character/sound_nin/sound_nin.bmp,OLD_INDEXED_IMAGE,true,true,true,dd8a50d4a859ace4ab9547b9ec778b8d,[],0,[],0,false,"[""Assets/NTSD/Sprite/Character/sound_nin/sound_nin.bmp""]",true,0,PRESENT_SAME_GUID,
Assets/NTSD/Sprite/Character/sound_nin/sound_nin_f.bmp,OLD_INDEXED_IMAGE,true,true,true,4e0c710afd57d2349b0169754854f890,[],0,[],0,false,"[""Assets/NTSD/Sprite/Character/sound_nin/sound_nin_f.bmp""]",true,0,PRESENT_SAME_GUID,
Assets/NTSD/Sprite/Character/sound_nin/sound_nin_s.bmp,OLD_INDEXED_IMAGE,true,true,true,85523637507df864eaa37317d3accd60,[],0,[],0,false,"[""Assets/NTSD/Sprite/Character/sound_nin/sound_nin_s.bmp""]",true,0,PRESENT_SAME_GUID,
Assets/NTSD/Sprite/Character/sound_nin2/sound_nin2.bmp,OLD_INDEXED_IMAGE,true,true,true,958daccca74833f4d98dab3677f8ce17,[],0,[],0,false,"[""Assets/NTSD/Sprite/Character/sound_nin2/sound_nin2.bmp""]",true,0,PRESENT_SAME_GUID,
Assets/NTSD/Sprite/Character/sound_nin2/sound_nin2_f.bmp,OLD_INDEXED_IMAGE,true,true,true,c5b82a085081daf4cb4b18466e3bc6e1,[],0,[],0,false,"[""Assets/NTSD/Sprite/Character/sound_nin2/sound_nin2_f.bmp""]",true,0,PRESENT_SAME_GUID,
Assets/NTSD/Sprite/Character/sound_nin2/sound_nin2_s.bmp,OLD_INDEXED_IMAGE,true,true,true,22a4ffbbc35c6764bbcb8b1fdc688c4d,[],0,[],0,false,"[""Assets/NTSD/Sprite/Character/sound_nin2/sound_nin2_s.bmp""]",true,0,PRESENT_SAME_GUID,
Assets/NTSD/Sprite/Character/tayuya/jiroubou.bmp,OLD_INDEXED_IMAGE,true,true,true,6401d33336e4e3f4c97a57140e9950d3,[],0,[],0,false,"[""Assets/NTSD/Sprite/Character/tayuya/jiroubou.bmp""]",true,0,PRESENT_SAME_GUID,
Assets/NTSD/Sprite/Character/tayuya/tayuya.bmp,OLD_INDEXED_IMAGE,true,true,true,12f83e256b2ce454badc04d78926e635,[],0,[],0,false,"[""Assets/NTSD/Sprite/Character/tayuya/tayuya.bmp""]",true,0,PRESENT_SAME_GUID,
Assets/NTSD/Sprite/Character/tayuya/tayuya_f.bmp,OLD_INDEXED_IMAGE,true,true,true,883abdc476e829146bbd0022e78c83c5,[],0,[],0,false,"[""Assets/NTSD/Sprite/Character/tayuya/tayuya_f.bmp""]",true,0,PRESENT_SAME_GUID,
Assets/NTSD/Sprite/Character/tayuya/tayuya_s.bmp,OLD_INDEXED_IMAGE,true,true,true,498424dd4c40d1440aee2606fdfdeb4b,[],0,[],0,false,"[""Assets/NTSD/Sprite/Character/tayuya/tayuya_s.bmp""]",true,0,PRESENT_SAME_GUID,
Assets/NTSD/Sprite/Character/temari/temari.bmp,OLD_INDEXED_IMAGE,true,true,true,ade265d726749af45b1e1f2fab025cf8,[],0,[],0,false,"[""Assets/NTSD/Sprite/Character/temari/temari.bmp""]",true,0,PRESENT_SAME_GUID,
Assets/NTSD/Sprite/Character/temari/temari_2.bmp,OLD_INDEXED_IMAGE,true,true,true,cdf54569335d0804ca4660446042b06b,[],0,[],0,false,"[""Assets/NTSD/Sprite/Character/temari/temari_2.bmp""]",true,0,PRESENT_SAME_GUID,
Assets/NTSD/Sprite/Character/temari/temari_f.bmp,OLD_INDEXED_IMAGE,true,true,true,ec214241c52a42b4ca8919610c8c6313,[],0,[],0,false,"[""Assets/NTSD/Sprite/Character/temari/temari_f.bmp""]",true,0,PRESENT_SAME_GUID,
Assets/NTSD/Sprite/Character/temari/temari_s.bmp,OLD_INDEXED_IMAGE,true,true,true,e15e83ebefb510047b17ee9ad76aa8bd,[],0,[],0,false,"[""Assets/NTSD/Sprite/Character/temari/temari_s.bmp""]",true,0,PRESENT_SAME_GUID,
Assets/NTSD/Sprite/Character/tenten/temari_2.bmp,OLD_INDEXED_IMAGE,true,true,true,5f49a8178d0d1c040aacfe7004533bf6,[],0,[],0,false,"[""Assets/NTSD/Sprite/Character/tenten/temari_2.bmp""]",true,0,PRESENT_SAME_GUID,
Assets/NTSD/Sprite/Character/tenten/ten_ten_0.bmp,OLD_INDEXED_IMAGE,true,true,true,2b61b7748a7d6404fb21dfd3fd5c1de3,[],0,[],0,false,"[""Assets/NTSD/Sprite/Character/tenten/ten_ten_0.bmp""]",true,0,PRESENT_SAME_GUID,
Assets/NTSD/Sprite/Character/tenten/ten_ten_3.bmp,OLD_INDEXED_IMAGE,true,true,true,ceb8c93d20eaf0741876059059b34b93,[],0,[],0,false,"[""Assets/NTSD/Sprite/Character/tenten/ten_ten_3.bmp""]",true,0,PRESENT_SAME_GUID,
Assets/NTSD/Sprite/Character/tenten/ten_ten_f.bmp,OLD_INDEXED_IMAGE,true,true,true,8cb3b8486ad47074f8f519f70c813e8b,[],0,[],0,false,"[""Assets/NTSD/Sprite/Character/tenten/ten_ten_f.bmp""]",true,0,PRESENT_SAME_GUID,
Assets/NTSD/Sprite/Character/tenten/ten_ten_s.bmp,OLD_INDEXED_IMAGE,true,true,true,bea0d9cd2bc0b964e8de5225e150c4d5,[],0,[],0,false,"[""Assets/NTSD/Sprite/Character/tenten/ten_ten_s.bmp""]",true,0,PRESENT_SAME_GUID,
Assets/NTSD/Sprite/Character/XiaoYing/sakura.bmp,OLD_INDEXED_IMAGE,true,true,true,c3558b297fa81d2409930c9326253564,[],0,[],0,false,"[""Assets/NTSD/Sprite/Character/XiaoYing/sakura.bmp""]",true,0,PRESENT_SAME_GUID,
Assets/NTSD/Sprite/Character/XiaoYing/sakura_2.bmp,OLD_INDEXED_IMAGE,true,true,true,91049a5a6ee5ee94b81b450f98c0ab87,[],0,[],0,false,"[""Assets/NTSD/Sprite/Character/XiaoYing/sakura_2.bmp""]",true,0,PRESENT_SAME_GUID,
Assets/NTSD/Sprite/Character/XiaoYing/sakura_f.bmp,OLD_INDEXED_IMAGE,true,true,true,d0e1550d0832297479196dafa8eecb46,[],0,[],0,false,"[""Assets/NTSD/Sprite/Character/XiaoYing/sakura_f.bmp""]",true,0,PRESENT_SAME_GUID,
Assets/NTSD/Sprite/Character/XiaoYing/sakura_s.bmp,OLD_INDEXED_IMAGE,true,true,true,19e3abeb404fb824aa7c6949c6bf4f67,[],0,[],0,false,"[""Assets/NTSD/Sprite/Character/XiaoYing/sakura_s.bmp""]",true,0,PRESENT_SAME_GUID,
Assets/NTSD/Sprite/Character/yamato/kakashi_2.bmp,OLD_INDEXED_IMAGE,true,true,true,732fdfe2c2d5e2141a645da18e947c06,[],0,[],0,false,"[""Assets/NTSD/Sprite/Character/yamato/kakashi_2.bmp""]",true,0,PRESENT_SAME_GUID,
Assets/NTSD/Sprite/Character/yamato/yamato.bmp,OLD_INDEXED_IMAGE,true,true,true,d47e64c95c81896498cdb0749017737a,[],0,[],0,false,"[""Assets/NTSD/Sprite/Character/yamato/yamato.bmp""]",true,0,PRESENT_SAME_GUID,
Assets/NTSD/Sprite/Character/yamato/yamato_3.bmp,OLD_INDEXED_IMAGE,true,true,true,e73f81ed4d42b72478eb136275f4daa2,[],0,[],0,false,"[""Assets/NTSD/Sprite/Character/yamato/yamato_3.bmp""]",true,0,PRESENT_SAME_GUID,
Assets/NTSD/Sprite/Character/yamato/yamato_4.bmp,OLD_INDEXED_IMAGE,true,true,true,b7e15cacc02e6934f9f2a65fdc070a00,[],0,[],0,false,"[""Assets/NTSD/Sprite/Character/yamato/yamato_4.bmp""]",true,0,PRESENT_SAME_GUID,
Assets/NTSD/Sprite/Character/yamato/yamato_f.bmp,OLD_INDEXED_IMAGE,true,true,true,077647d4ade45a94281adeb014e681b7,[],0,[],0,false,"[""Assets/NTSD/Sprite/Character/yamato/yamato_f.bmp""]",true,0,PRESENT_SAME_GUID,
Assets/NTSD/Sprite/Character/yamato/yamato_s.bmp,OLD_INDEXED_IMAGE,true,true,true,9ca1fe79877b74b4e82dc7407d6bd35c,[],0,[],0,false,"[""Assets/NTSD/Sprite/Character/yamato/yamato_s.bmp""]",true,0,PRESENT_SAME_GUID,
Assets/NTSD/Sprite/Character/Zuozhu/deidara_2.bmp,OLD_INDEXED_IMAGE,true,true,true,9740891dcb123d9418b7ee27584cd83b,[],0,[],0,false,"[""Assets/NTSD/Sprite/Character/Zuozhu/deidara_2.bmp""]",true,0,PRESENT_SAME_GUID,
Assets/NTSD/Sprite/Character/Zuozhu/sasuke_0.bmp,OLD_INDEXED_IMAGE,true,true,true,6d174fff55a50784d9bbf85531fb7d86,"[""Assets/NTSD/Scene/NTSD_Battle.unity""]",1,"[""Assets/NTSD/Scripts/Animation/Rendering/Editor/BattleCentralEditorPreviewEditor.cs"", ""Assets/NTSD/Scripts/Animation/Rendering/Editor/BattleCentralEditorPreviewEditorTests.cs"", ""Assets/NTSD/Scripts/Animation/Rendering/Editor/BattleSpriteGridSeparatorEditorTests.cs""]",3,false,"[""Assets/NTSD/Sprite/Character/Zuozhu/sasuke_0.bmp""]",true,1,PRESENT_SAME_GUID,
Assets/NTSD/Sprite/Character/Zuozhu/sasuke_2.bmp,OLD_INDEXED_IMAGE,true,true,true,226e4974e764bb944bbad19b7edeb83e,[],0,[],0,false,"[""Assets/NTSD/Sprite/Character/Zuozhu/sasuke_2.bmp""]",true,0,PRESENT_SAME_GUID,
Assets/NTSD/Sprite/Character/Zuozhu/sasuke_cs2.bmp,OTHER_IMAGE_OWNER_REVIEW,true,true,true,ffbb9f58dc9916148822517210658845,[],0,[],0,false,"[""Assets/NTSD/Sprite/Character/Zuozhu/sasuke_cs2.bmp""]",true,0,PRESENT_SAME_GUID,
Assets/NTSD/Sprite/Character/Zuozhu/sasuke_cs2_2.bmp,OTHER_IMAGE_OWNER_REVIEW,true,true,true,967d3ff353da76e4cbcb3ad44c14d91f,[],0,[],0,false,"[""Assets/NTSD/Sprite/Character/Zuozhu/sasuke_cs2_2.bmp""]",true,0,PRESENT_SAME_GUID,
Assets/NTSD/Sprite/Character/Zuozhu/sasuke_cs2_f.bmp,OTHER_IMAGE_OWNER_REVIEW,true,true,true,7ac32cfe70b0a494db1673987af41502,[],0,[],0,false,"[""Assets/NTSD/Sprite/Character/Zuozhu/sasuke_cs2_f.bmp""]",true,0,PRESENT_SAME_GUID,
Assets/NTSD/Sprite/Character/Zuozhu/sasuke_cs2_s.bmp,OTHER_IMAGE_OWNER_REVIEW,true,true,true,2b21c30431e0f2d43a62d19cec5039da,[],0,[],0,false,"[""Assets/NTSD/Sprite/Character/Zuozhu/sasuke_cs2_s.bmp""]",true,0,PRESENT_SAME_GUID,
Assets/NTSD/Sprite/Character/Zuozhu/sasuke_f.bmp,OLD_INDEXED_IMAGE,true,true,true,2641b5f10f375974dbb99353f9af97dd,[],0,[],0,false,"[""Assets/NTSD/Sprite/Character/Zuozhu/sasuke_f.bmp""]",true,0,PRESENT_SAME_GUID,
Assets/NTSD/Sprite/Character/Zuozhu/sasuke_s.bmp,OLD_INDEXED_IMAGE,true,true,true,23525a76e826aad4081b91115e6107e0,[],0,[],0,false,"[""Assets/NTSD/Sprite/Character/Zuozhu/sasuke_s.bmp""]",true,0,PRESENT_SAME_GUID,
Assets/NTSD/Sprite/Common/amaterasu.bmp,OTHER_IMAGE_OWNER_REVIEW,true,true,true,67f11820cab84c843b622c33c8b88a83,[],0,[],0,false,"[""Assets/NTSD/Sprite/Common/amaterasu.bmp""]",true,0,PRESENT_SAME_GUID,
Assets/NTSD/Sprite/Common/big_dog.bmp,OTHER_IMAGE_OWNER_REVIEW,true,true,true,aa02e32cf0cc6264488599c877e4f11f,[],0,[],0,false,"[""Assets/NTSD/Sprite/Common/big_dog.bmp""]",true,0,PRESENT_SAME_GUID,
Assets/NTSD/Sprite/Common/black.bmp,OTHER_IMAGE_OWNER_REVIEW,true,true,true,6e0697987f3ec584aa91adf68d48aec1,[],0,[],0,false,"[""Assets/NTSD/Sprite/Common/black.bmp""]",true,0,PRESENT_SAME_GUID,
Assets/NTSD/Sprite/Common/cave.bmp,OTHER_IMAGE_OWNER_REVIEW,true,true,true,f4afd488480937f40aaa2ad89dbc13c9,[],0,[],0,false,"[""Assets/NTSD/Sprite/Common/cave.bmp""]",true,0,PRESENT_SAME_GUID,
Assets/NTSD/Sprite/Common/charge.bmp,OTHER_IMAGE_OWNER_REVIEW,true,true,true,0e065e7fef6c2d9479e6011b4232d252,[],0,[],0,false,"[""Assets/NTSD/Sprite/Common/charge.bmp""]",true,0,PRESENT_SAME_GUID,
Assets/NTSD/Sprite/Common/charge2.bmp,OTHER_IMAGE_OWNER_REVIEW,true,true,true,f470e24d34cdfb443b428a25d801c647,[],0,[],0,false,"[""Assets/NTSD/Sprite/Common/charge2.bmp""]",true,0,PRESENT_SAME_GUID,
Assets/NTSD/Sprite/Common/chidori.bmp,OTHER_IMAGE_OWNER_REVIEW,true,true,true,5635d454a18d2024fa8b8332b2306adb,[],0,[],0,false,"[""Assets/NTSD/Sprite/Common/chidori.bmp""]",true,0,PRESENT_SAME_GUID,
Assets/NTSD/Sprite/Common/death.bmp,OTHER_IMAGE_OWNER_REVIEW,true,true,true,f13041c104c5f794abfd25682beaf174,[],0,[],0,false,"[""Assets/NTSD/Sprite/Common/death.bmp""]",true,0,PRESENT_SAME_GUID,
Assets/NTSD/Sprite/Common/death2.bmp,OTHER_IMAGE_OWNER_REVIEW,true,true,true,2be12b9c0e27b8d43a8cc2771b82c102,[],0,[],0,false,"[""Assets/NTSD/Sprite/Common/death2.bmp""]",true,0,PRESENT_SAME_GUID,
Assets/NTSD/Sprite/Common/death_2.bmp,OTHER_IMAGE_OWNER_REVIEW,true,true,true,6405e1ca751288342902cfb299447d8c,[],0,[],0,false,"[""Assets/NTSD/Sprite/Common/death_2.bmp""]",true,0,PRESENT_SAME_GUID,
Assets/NTSD/Sprite/Common/doggy.bmp,OTHER_IMAGE_OWNER_REVIEW,true,true,true,b1fb097535a1be4459b3f3d63740fdd9,[],0,[],0,false,"[""Assets/NTSD/Sprite/Common/doggy.bmp""]",true,0,PRESENT_SAME_GUID,
Assets/NTSD/Sprite/Common/flash.bmp,OTHER_IMAGE_OWNER_REVIEW,true,true,true,19ba5d4f2c6685347b92b8e028c04df8,[],0,[],0,false,"[""Assets/NTSD/Sprite/Common/flash.bmp""]",true,0,PRESENT_SAME_GUID,
Assets/NTSD/Sprite/Common/gray.bmp,OTHER_IMAGE_OWNER_REVIEW,true,true,true,e29984d87baad3b4ca59ffdb84d5dd5c,[],0,[],0,false,"[""Assets/NTSD/Sprite/Common/gray.bmp""]",true,0,PRESENT_SAME_GUID,
Assets/NTSD/Sprite/Common/ground.bmp,OTHER_IMAGE_OWNER_REVIEW,true,true,true,75273dd98b50c914998ce1e31742e7e3,[],0,[],0,false,"[""Assets/NTSD/Sprite/Common/ground.bmp""]",true,0,PRESENT_SAME_GUID,
Assets/NTSD/Sprite/Common/hakke.bmp,OTHER_IMAGE_OWNER_REVIEW,true,true,true,ddf208529465a874cad796d318e6a3d9,[],0,[],0,false,"[""Assets/NTSD/Sprite/Common/hakke.bmp""]",true,0,PRESENT_SAME_GUID,
Assets/NTSD/Sprite/Common/jiraiya_4.bmp,OTHER_IMAGE_OWNER_REVIEW,true,true,true,e13db7f4a04ba7745828f368dc64c964,[],0,[],0,false,"[""Assets/NTSD/Sprite/Common/jiraiya_4.bmp""]",true,0,PRESENT_SAME_GUID,
Assets/NTSD/Sprite/Common/rasengan.bmp,OTHER_IMAGE_OWNER_REVIEW,true,true,true,66de9fbee2b6a4c48a1bb2e938ef3d5d,[],0,[],0,false,"[""Assets/NTSD/Sprite/Common/rasengan.bmp""]",true,0,PRESENT_SAME_GUID,
Assets/NTSD/Sprite/Common/rasengan_ball.bmp,OTHER_IMAGE_OWNER_REVIEW,true,true,true,1cf9ad81772b3c143aae8638ed259ca7,[],0,[],0,false,"[""Assets/NTSD/Sprite/Common/rasengan_ball.bmp""]",true,0,PRESENT_SAME_GUID,
Assets/NTSD/Sprite/Common/red.bmp,OTHER_IMAGE_OWNER_REVIEW,true,true,true,7af83db27b730764693385fc63306f98,[],0,[],0,false,"[""Assets/NTSD/Sprite/Common/red.bmp""]",true,0,PRESENT_SAME_GUID,
Assets/NTSD/Sprite/Common/sand2.bmp,OTHER_IMAGE_OWNER_REVIEW,true,true,true,0d50457d3f3ba61498b178f5fb119332,[],0,[],0,false,"[""Assets/NTSD/Sprite/Common/sand2.bmp""]",true,0,PRESENT_SAME_GUID,
Assets/NTSD/Sprite/Common/sharingan1_b.bmp,OTHER_IMAGE_OWNER_REVIEW,true,true,true,bb25dbd2d386467439bdf6eb0f0436ab,[],0,[],0,false,"[""Assets/NTSD/Sprite/Common/sharingan1_b.bmp""]",true,0,PRESENT_SAME_GUID,
Assets/NTSD/Sprite/Common/sharingan2_b.bmp,OTHER_IMAGE_OWNER_REVIEW,true,true,true,4c9a3efb9b3027347ad2d9a7a3ed778e,[],0,[],0,false,"[""Assets/NTSD/Sprite/Common/sharingan2_b.bmp""]",true,0,PRESENT_SAME_GUID,
Assets/NTSD/Sprite/Common/sharingan3_b.bmp,OTHER_IMAGE_OWNER_REVIEW,true,true,true,db0a804e64098624184108353e984769,[],0,[],0,false,"[""Assets/NTSD/Sprite/Common/sharingan3_b.bmp""]",true,0,PRESENT_SAME_GUID,
Assets/NTSD/Sprite/Common/sharingan4_b.bmp,OTHER_IMAGE_OWNER_REVIEW,true,true,true,8871829127dce2e4995f81835e8f0bc5,[],0,[],0,false,"[""Assets/NTSD/Sprite/Common/sharingan4_b.bmp""]",true,0,PRESENT_SAME_GUID,
Assets/NTSD/Sprite/Common/shuriken.bmp,OTHER_IMAGE_OWNER_REVIEW,true,true,true,50d3eea9828dc2b4fb7527bd1fa36792,[],0,[],0,false,"[""Assets/NTSD/Sprite/Common/shuriken.bmp""]",true,0,PRESENT_SAME_GUID,
Assets/NTSD/Sprite/Common/smoke.bmp,OTHER_IMAGE_OWNER_REVIEW,true,true,true,917b71b90a78c454d8a69d866178444c,[],0,[],0,false,"[""Assets/NTSD/Sprite/Common/smoke.bmp""]",true,0,PRESENT_SAME_GUID,
Assets/NTSD/Sprite/Common/sword.bmp,OTHER_IMAGE_OWNER_REVIEW,true,true,true,17d9bb89f6d60a743be38a2ea33faee4,[],0,[],0,false,"[""Assets/NTSD/Sprite/Common/sword.bmp""]",true,0,PRESENT_SAME_GUID,
Assets/NTSD/Sprite/Common/temari_wind.bmp,OTHER_IMAGE_OWNER_REVIEW,true,true,true,c2ef256d9b1637544bb52b6b8dd33013,[],0,[],0,false,"[""Assets/NTSD/Sprite/Common/temari_wind.bmp""]",true,0,PRESENT_SAME_GUID,
Assets/NTSD/Sprite/Common/temari_ww.bmp,OTHER_IMAGE_OWNER_REVIEW,true,true,true,db9c880d67a3a364fba44ab1ced23e1a,[],0,[],0,false,"[""Assets/NTSD/Sprite/Common/temari_ww.bmp""]",true,0,PRESENT_SAME_GUID,
Assets/NTSD/Sprite/Common/temari_www.bmp,OTHER_IMAGE_OWNER_REVIEW,true,true,true,2135f2bc74cb5cd4482951c183960809,[],0,[],0,false,"[""Assets/NTSD/Sprite/Common/temari_www.bmp""]",true,0,PRESENT_SAME_GUID,
Assets/NTSD/Sprite/Common/thunder.bmp,OTHER_IMAGE_OWNER_REVIEW,true,true,true,9f228051e5d989d408c797a232346e91,[],0,[],0,false,"[""Assets/NTSD/Sprite/Common/thunder.bmp""]",true,0,PRESENT_SAME_GUID,
Assets/NTSD/Sprite/Common/thunder2.bmp,OTHER_IMAGE_OWNER_REVIEW,true,true,true,087fb055e50e8074fac84970b30a7c34,[],0,[],0,false,"[""Assets/NTSD/Sprite/Common/thunder2.bmp""]",true,0,PRESENT_SAME_GUID,
Assets/NTSD/Sprite/Common/thunder3.bmp,OTHER_IMAGE_OWNER_REVIEW,true,true,true,62e1f4297b4aff54a8c3c4cd425e3bae,[],0,[],0,false,"[""Assets/NTSD/Sprite/Common/thunder3.bmp""]",true,0,PRESENT_SAME_GUID,
Assets/NTSD/Sprite/Common/timer.bmp,OTHER_IMAGE_OWNER_REVIEW,true,true,true,1b539238e61f92a4e8d1859c58c03506,[],0,[],0,false,"[""Assets/NTSD/Sprite/Common/timer.bmp""]",true,0,PRESENT_SAME_GUID,
Assets/NTSD/Sprite/Common/weapon8.bmp,OTHER_IMAGE_OWNER_REVIEW,true,true,true,0e42b766644656c4fbbe5e96546a763e,[],0,[],0,false,"[""Assets/NTSD/Sprite/Common/weapon8.bmp""]",true,0,PRESENT_SAME_GUID,
Assets/NTSD/Sprite/Common/WhiteSquare.png,OTHER_IMAGE_OWNER_REVIEW,true,true,true,753f1e12c5791884bb6d0644b88e3ffa,[],0,[],0,false,"[""Assets/NTSD/Sprite/Common/WhiteSquare.png""]",true,0,PRESENT_SAME_GUID,
Assets/NTSD/Sprite/Common/wind.bmp,OTHER_IMAGE_OWNER_REVIEW,true,true,true,3f41e8be3ab4c2d48b6363e32519eec2,[],0,[],0,false,"[""Assets/NTSD/Sprite/Common/wind.bmp""]",true,0,PRESENT_SAME_GUID,
Assets/NTSD/Sprite/DropItem/BaoZha_ShouLiJian.png,OTHER_IMAGE_OWNER_REVIEW,true,true,true,6dd278dda828e524bb49d1422b43e5c1,[],0,[],0,false,"[""Assets/NTSD/Sprite/DropItem/BaoZha_ShouLiJian.png""]",true,0,PRESENT_SAME_GUID,
Assets/NTSD/Sprite/DropItem/log.png,OTHER_IMAGE_OWNER_REVIEW,true,true,true,32a1bedb1b7fb9c4fa87792a189a3e3b,[],0,[],0,false,"[""Assets/NTSD/Sprite/DropItem/log.png""]",true,0,PRESENT_SAME_GUID,
Assets/NTSD/Sprite/DropItem/weapon1.png,OTHER_IMAGE_OWNER_REVIEW,true,true,true,b78333c5945889446b02d70f291888ee,[],0,[],0,false,"[""Assets/NTSD/Sprite/DropItem/weapon1.png""]",true,0,PRESENT_SAME_GUID,
Assets/NTSD/Sprite/DropItem/weapon10.png,OTHER_IMAGE_OWNER_REVIEW,true,true,true,bae4883130bb1264587c0ef1645033ac,[],0,[],0,false,"[""Assets/NTSD/Sprite/DropItem/weapon10.png""]",true,0,PRESENT_SAME_GUID,
Assets/NTSD/Sprite/DropItem/weapon3.png,OTHER_IMAGE_OWNER_REVIEW,true,true,true,153b23c73f2472b4ab43b5f23c756ff8,[],0,[],0,false,"[""Assets/NTSD/Sprite/DropItem/weapon3.png""]",true,0,PRESENT_SAME_GUID,
Assets/NTSD/Sprite/DropItem/weapon6.png,OTHER_IMAGE_OWNER_REVIEW,true,true,true,8eed89d607d0a1a4d8213cacbb5465e8,[],0,[],0,false,"[""Assets/NTSD/Sprite/DropItem/weapon6.png""]",true,0,PRESENT_SAME_GUID,
Assets/NTSD/Sprite/DropItem/weapon8.png,OTHER_IMAGE_OWNER_REVIEW,true,true,true,c7b8b8227abd44c41834b5b5f3998714,[],0,[],0,false,"[""Assets/NTSD/Sprite/DropItem/weapon8.png""]",true,0,PRESENT_SAME_GUID,
Assets/NTSD/Sprite/DropItem/weapon9.png,OTHER_IMAGE_OWNER_REVIEW,true,true,true,dd66af872430de844980d28d438d6615,[],0,[],0,false,"[""Assets/NTSD/Sprite/DropItem/weapon9.png""]",true,0,PRESENT_SAME_GUID,
Assets/NTSD/Sprite/Effect/4tk_arm.bmp,OLD_INDEXED_IMAGE,true,true,true,060ff274e00cd134c9333c9c44d67679,[],0,[],0,false,"[""Assets/NTSD/Sprite/Effect/4tk_arm.bmp""]",true,0,PRESENT_SAME_GUID,
Assets/NTSD/Sprite/Effect/4tk_bal2.bmp,OLD_INDEXED_IMAGE,true,true,true,696fe70551ed9154496ab7e3d82b3f1c,[],0,[],0,false,"[""Assets/NTSD/Sprite/Effect/4tk_bal2.bmp""]",true,0,PRESENT_SAME_GUID,
Assets/NTSD/Sprite/Effect/4tk_bal3.bmp,OLD_INDEXED_IMAGE,true,true,true,dcc9e9ee9a376604782dfcca2e2801b7,[],0,[],0,false,"[""Assets/NTSD/Sprite/Effect/4tk_bal3.bmp""]",true,0,PRESENT_SAME_GUID,
Assets/NTSD/Sprite/Effect/4tk_ball.bmp,OLD_INDEXED_IMAGE,true,true,true,35d2b00776acc01419e4a6b95f769548,[],0,[],0,false,"[""Assets/NTSD/Sprite/Effect/4tk_ball.bmp""]",true,0,PRESENT_SAME_GUID,
Assets/NTSD/Sprite/Effect/4tk_beam.bmp,OLD_INDEXED_IMAGE,true,true,true,796ccdf3d2cf2e145a022165e69ad170,[],0,[],0,false,"[""Assets/NTSD/Sprite/Effect/4tk_beam.bmp""]",true,0,PRESENT_SAME_GUID,
Assets/NTSD/Sprite/Effect/4tk_beam2.bmp,OLD_INDEXED_IMAGE,true,true,true,518ba4a07f401d94e87936c4a87f1d15,[],0,[],0,false,"[""Assets/NTSD/Sprite/Effect/4tk_beam2.bmp""]",true,0,PRESENT_SAME_GUID,
Assets/NTSD/Sprite/Effect/4tk_ex.bmp,OLD_INDEXED_IMAGE,true,true,true,f2e557fdbf942014c8dd57f8418d72cc,[],0,[],0,false,"[""Assets/NTSD/Sprite/Effect/4tk_ex.bmp""]",true,0,PRESENT_SAME_GUID,
Assets/NTSD/Sprite/Effect/4tk_ex2.bmp,OLD_INDEXED_IMAGE,true,true,true,06e432d5e45295348a896005368c362d,[],0,[],0,false,"[""Assets/NTSD/Sprite/Effect/4tk_ex2.bmp""]",true,0,PRESENT_SAME_GUID,
Assets/NTSD/Sprite/Effect/air_creature.bmp,OLD_INDEXED_IMAGE,true,true,true,70b44d477b1d8984fa2858dc8c59376b,[],0,[],0,false,"[""Assets/NTSD/Sprite/Effect/air_creature.bmp""]",true,0,PRESENT_SAME_GUID,
Assets/NTSD/Sprite/Effect/amaterasu.bmp,OLD_INDEXED_IMAGE,true,true,true,00014d65fcb2f0649a0e4340106d2833,[],0,[],0,false,"[""Assets/NTSD/Sprite/Effect/amaterasu.bmp""]",true,0,PRESENT_SAME_GUID,
Assets/NTSD/Sprite/Effect/area.bmp,OLD_INDEXED_IMAGE,true,true,true,cc66079b930eefe418b7b34ea30b042b,[],0,[],0,false,"[""Assets/NTSD/Sprite/Effect/area.bmp""]",true,0,PRESENT_SAME_GUID,
Assets/NTSD/Sprite/Effect/big_dog.bmp,OLD_INDEXED_IMAGE,true,true,true,78060fb87341b8148a1b2285ecc32ad1,[],0,[],0,false,"[""Assets/NTSD/Sprite/Effect/big_dog.bmp""]",true,0,PRESENT_SAME_GUID,
Assets/NTSD/Sprite/Effect/big_smoke.bmp,OLD_INDEXED_IMAGE,true,true,true,eeb62758c6c800d478d86870cd0d6201,[],0,[],0,false,"[""Assets/NTSD/Sprite/Effect/big_smoke.bmp""]",true,0,PRESENT_SAME_GUID,
Assets/NTSD/Sprite/Effect/black.bmp,OLD_INDEXED_IMAGE,true,true,true,6e19d96833ee02142880e65e2fd55a4d,[],0,[],0,false,"[""Assets/NTSD/Sprite/Effect/black.bmp""]",true,0,PRESENT_SAME_GUID,
Assets/NTSD/Sprite/Effect/blood.bmp,OLD_INDEXED_IMAGE,true,true,true,b02c9d0bfe37c6148a0a5935109e08e4,[],0,[],0,false,"[""Assets/NTSD/Sprite/Effect/blood.bmp""]",true,0,PRESENT_SAME_GUID,
Assets/NTSD/Sprite/Effect/bones.bmp,OLD_INDEXED_IMAGE,true,true,true,c9c6291f5e3025b4e8e58d1ee168a260,[],0,[],0,false,"[""Assets/NTSD/Sprite/Effect/bones.bmp""]",true,0,PRESENT_SAME_GUID,
Assets/NTSD/Sprite/Effect/bugs1.bmp,OLD_INDEXED_IMAGE,true,true,true,163f0436444416a45b34d9fd15abed7d,[],0,[],0,false,"[""Assets/NTSD/Sprite/Effect/bugs1.bmp""]",true,0,PRESENT_SAME_GUID,
Assets/NTSD/Sprite/Effect/bugs2.bmp,OLD_INDEXED_IMAGE,true,true,true,dc0c1009aed012348adecfd16034a86f,[],0,[],0,false,"[""Assets/NTSD/Sprite/Effect/bugs2.bmp""]",true,0,PRESENT_SAME_GUID,
Assets/NTSD/Sprite/Effect/cave.bmp,OLD_INDEXED_IMAGE,true,true,true,e22f82cb2e4eaaa4e943c37f4d8bddc3,[],0,[],0,false,"[""Assets/NTSD/Sprite/Effect/cave.bmp""]",true,0,PRESENT_SAME_GUID,
Assets/NTSD/Sprite/Effect/charge.bmp,OLD_INDEXED_IMAGE,true,true,true,2ff7532cdb4b5ab459cd7ba0a9d81b1d,[],0,[],0,false,"[""Assets/NTSD/Sprite/Effect/charge.bmp""]",true,0,PRESENT_SAME_GUID,
Assets/NTSD/Sprite/Effect/charge2.bmp,OLD_INDEXED_IMAGE,true,true,true,eb6ef73a6d4d3b148acf777421b69b6d,[],0,[],0,false,"[""Assets/NTSD/Sprite/Effect/charge2.bmp""]",true,0,PRESENT_SAME_GUID,
Assets/NTSD/Sprite/Effect/chidori.bmp,OLD_INDEXED_IMAGE,true,true,true,0c621fa800cb3f94695a73abeeb6424c,[],0,[],0,false,"[""Assets/NTSD/Sprite/Effect/chidori.bmp""]",true,0,PRESENT_SAME_GUID,
Assets/NTSD/Sprite/Effect/chidori_2.bmp,OLD_INDEXED_IMAGE,true,true,true,43e18f816a10d9147989c58826bb7b2a,[],0,[],0,false,"[""Assets/NTSD/Sprite/Effect/chidori_2.bmp""]",true,0,PRESENT_SAME_GUID,
Assets/NTSD/Sprite/Effect/chiyo_chakra.bmp,OLD_INDEXED_IMAGE,true,true,true,d8e4ec2dd2f4ebd49b300d98dd10ceb4,[],0,[],0,false,"[""Assets/NTSD/Sprite/Effect/chiyo_chakra.bmp""]",true,0,PRESENT_SAME_GUID,
Assets/NTSD/Sprite/Effect/chiyo_kunais.bmp,OLD_INDEXED_IMAGE,true,true,true,dd48176c776941c469381c50c3fa63dc,[],0,[],0,false,"[""Assets/NTSD/Sprite/Effect/chiyo_kunais.bmp""]",true,0,PRESENT_SAME_GUID,
Assets/NTSD/Sprite/Effect/chiyo_puppet_2.bmp,OLD_INDEXED_IMAGE,true,true,true,ec9e4c6eb32ff11499826ff330460195,[],0,[],0,false,"[""Assets/NTSD/Sprite/Effect/chiyo_puppet_2.bmp""]",true,0,PRESENT_SAME_GUID,
Assets/NTSD/Sprite/Effect/circle.bmp,OLD_INDEXED_IMAGE,true,true,true,3784576371e14974091933bf4110a535,[],0,[],0,false,"[""Assets/NTSD/Sprite/Effect/circle.bmp""]",true,0,PRESENT_SAME_GUID,
Assets/NTSD/Sprite/Effect/circle2.bmp,OLD_INDEXED_IMAGE,true,true,true,b982a1ea3b4844f4a810916699fa6c73,[],0,[],0,false,"[""Assets/NTSD/Sprite/Effect/circle2.bmp""]",true,0,PRESENT_SAME_GUID,
Assets/NTSD/Sprite/Effect/clay_bird.bmp,OLD_INDEXED_IMAGE,true,true,true,ff7720c0692a9ac4fa340285d8b52f9e,[],0,[],0,false,"[""Assets/NTSD/Sprite/Effect/clay_bird.bmp""]",true,0,PRESENT_SAME_GUID,
Assets/NTSD/Sprite/Effect/clay_bird2.bmp,OLD_INDEXED_IMAGE,true,true,true,749a40604f72bce4ea863e19d7884709,[],0,[],0,false,"[""Assets/NTSD/Sprite/Effect/clay_bird2.bmp""]",true,0,PRESENT_SAME_GUID,
Assets/NTSD/Sprite/Effect/clay_worm.bmp,OLD_INDEXED_IMAGE,true,true,true,3022688e4b2fa094aaa2117a5cf7d7eb,[],0,[],0,false,"[""Assets/NTSD/Sprite/Effect/clay_worm.bmp""]",true,0,PRESENT_SAME_GUID,
Assets/NTSD/Sprite/Effect/coffin.bmp,OLD_INDEXED_IMAGE,true,true,true,6181484eb6614ea4d99e47c136854687,[],0,[],0,false,"[""Assets/NTSD/Sprite/Effect/coffin.bmp""]",true,0,PRESENT_SAME_GUID,
Assets/NTSD/Sprite/Effect/crow.bmp,OLD_INDEXED_IMAGE,true,true,true,a49380392d7fb0a47b34bbbc40f80acc,[],0,[],0,false,"[""Assets/NTSD/Sprite/Effect/crow.bmp""]",true,0,PRESENT_SAME_GUID,
Assets/NTSD/Sprite/Effect/crow2.bmp,OLD_INDEXED_IMAGE,true,true,true,a4a4494598e87f14fbe21025f8a8d79d,[],0,[],0,false,"[""Assets/NTSD/Sprite/Effect/crow2.bmp""]",true,0,PRESENT_SAME_GUID,
Assets/NTSD/Sprite/Effect/death.bmp,OLD_INDEXED_IMAGE,true,true,true,50ade2b8abff49043b233ade57bf983a,[],0,[],0,false,"[""Assets/NTSD/Sprite/Effect/death.bmp""]",true,0,PRESENT_SAME_GUID,
Assets/NTSD/Sprite/Effect/death2.bmp,OLD_INDEXED_IMAGE,true,true,true,b962181ddcc878b4cb452f3cb4e813f8,[],0,[],0,false,"[""Assets/NTSD/Sprite/Effect/death2.bmp""]",true,0,PRESENT_SAME_GUID,
Assets/NTSD/Sprite/Effect/doggy.bmp,OLD_INDEXED_IMAGE,true,true,true,ecbb02b20c0b57e4f99e000caffbeb7d,[],0,[],0,false,"[""Assets/NTSD/Sprite/Effect/doggy.bmp""]",true,0,PRESENT_SAME_GUID,
Assets/NTSD/Sprite/Effect/dragon.bmp,OLD_INDEXED_IMAGE,true,true,true,aa68f7a3105a7fc4eb97edb968b996be,[],0,[],0,false,"[""Assets/NTSD/Sprite/Effect/dragon.bmp""]",true,0,PRESENT_SAME_GUID,
Assets/NTSD/Sprite/Effect/drunken.bmp,OLD_INDEXED_IMAGE,true,true,true,eeec9a8b74a4f654eb6d4c5355b28123,[],0,[],0,false,"[""Assets/NTSD/Sprite/Effect/drunken.bmp""]",true,0,PRESENT_SAME_GUID,
Assets/NTSD/Sprite/Effect/earth_creature.bmp,OLD_INDEXED_IMAGE,true,true,true,e95de73210884cd49a603f15058ad71f,[],0,[],0,false,"[""Assets/NTSD/Sprite/Effect/earth_creature.bmp""]",true,0,PRESENT_SAME_GUID,
Assets/NTSD/Sprite/Effect/evil.bmp,OLD_INDEXED_IMAGE,true,true,true,07d097807419c3849bf4b8ee50deb85d,[],0,[],0,false,"[""Assets/NTSD/Sprite/Effect/evil.bmp""]",true,0,PRESENT_SAME_GUID,
Assets/NTSD/Sprite/Effect/feather.bmp,OLD_INDEXED_IMAGE,true,true,true,47bc778ef7ca9ed47b47fd061c713531,[],0,[],0,false,"[""Assets/NTSD/Sprite/Effect/feather.bmp""]",true,0,PRESENT_SAME_GUID,
Assets/NTSD/Sprite/Effect/fire_creature.bmp,OLD_INDEXED_IMAGE,true,true,true,b04f9c8518dd1074ea1a70ca107e66c9,[],0,[],0,false,"[""Assets/NTSD/Sprite/Effect/fire_creature.bmp""]",true,0,PRESENT_SAME_GUID,
Assets/NTSD/Sprite/Effect/firen_exp.bmp,OLD_INDEXED_IMAGE,true,true,true,d032020d224b885439b5f7828dcaff3f,[],0,[],0,false,"[""Assets/NTSD/Sprite/Effect/firen_exp.bmp""]",true,0,PRESENT_SAME_GUID,
Assets/NTSD/Sprite/Effect/firen_flame.bmp,OLD_INDEXED_IMAGE,true,true,true,7b6c48715ef40bc4eabefa27ec26d479,[],0,[],0,false,"[""Assets/NTSD/Sprite/Effect/firen_flame.bmp""]",true,0,PRESENT_SAME_GUID,
Assets/NTSD/Sprite/Effect/firen_grd.bmp,OLD_INDEXED_IMAGE,true,true,true,27dd22476305bfc44a0770c791276915,[],0,[],0,false,"[""Assets/NTSD/Sprite/Effect/firen_grd.bmp""]",true,0,PRESENT_SAME_GUID,
Assets/NTSD/Sprite/Effect/flash.bmp,OLD_INDEXED_IMAGE,true,true,true,d8e735212782d8642a712a9f8b654b65,[],0,[],0,false,"[""Assets/NTSD/Sprite/Effect/flash.bmp""]",true,0,PRESENT_SAME_GUID,
Assets/NTSD/Sprite/Effect/freeze_col.bmp,OLD_INDEXED_IMAGE,true,true,true,ca2ef69c542e2fa4f8f07f1a171e1380,[],0,[],0,false,"[""Assets/NTSD/Sprite/Effect/freeze_col.bmp""]",true,0,PRESENT_SAME_GUID,
Assets/NTSD/Sprite/Effect/freeze_ww.bmp,OLD_INDEXED_IMAGE,true,true,true,a0b5aaf98d47e6d43b89ef10e367bf5e,[],0,[],0,false,"[""Assets/NTSD/Sprite/Effect/freeze_ww.bmp""]",true,0,PRESENT_SAME_GUID,
Assets/NTSD/Sprite/Effect/frog.bmp,OLD_INDEXED_IMAGE,true,true,true,1c4e94421db8bd44faee946c6a4a872e,[],0,[],0,false,"[""Assets/NTSD/Sprite/Effect/frog.bmp""]",true,0,PRESENT_SAME_GUID,
Assets/NTSD/Sprite/Effect/g_smoke.bmp,OLD_INDEXED_IMAGE,true,true,true,ddddd6bc932a21a4e95bd46619446dda,[],0,[],0,false,"[""Assets/NTSD/Sprite/Effect/g_smoke.bmp""]",true,0,PRESENT_SAME_GUID,
Assets/NTSD/Sprite/Effect/g_smoke2.bmp,OLD_INDEXED_IMAGE,true,true,true,8b0e55f3ecbd46142b862d689b9a79a5,[],0,[],0,false,"[""Assets/NTSD/Sprite/Effect/g_smoke2.bmp""]",true,0,PRESENT_SAME_GUID,
Assets/NTSD/Sprite/Effect/genjutsu1.bmp,OLD_INDEXED_IMAGE,true,true,true,98cb8ba00edccb841b42aef564dfbb20,[],0,[],0,false,"[""Assets/NTSD/Sprite/Effect/genjutsu1.bmp""]",true,0,PRESENT_SAME_GUID,
Assets/NTSD/Sprite/Effect/genjutsu2.bmp,OLD_INDEXED_IMAGE,true,true,true,7eedcbef0672e77418c274cdf8c958f8,[],0,[],0,false,"[""Assets/NTSD/Sprite/Effect/genjutsu2.bmp""]",true,0,PRESENT_SAME_GUID,
Assets/NTSD/Sprite/Effect/genjutsu3.bmp,OLD_INDEXED_IMAGE,true,true,true,399868f646d1fdb4e81f6aacaf89d725,[],0,[],0,false,"[""Assets/NTSD/Sprite/Effect/genjutsu3.bmp""]",true,0,PRESENT_SAME_GUID,
Assets/NTSD/Sprite/Effect/genjutsu4.bmp,OLD_INDEXED_IMAGE,true,true,true,b08028be7b301094aaaf1998a2ac44ef,[],0,[],0,false,"[""Assets/NTSD/Sprite/Effect/genjutsu4.bmp""]",true,0,PRESENT_SAME_GUID,
Assets/NTSD/Sprite/Effect/genjutsu5.bmp,OLD_INDEXED_IMAGE,true,true,true,2bf7a7d716963bb48b510fdbf7e62cbc,[],0,[],0,false,"[""Assets/NTSD/Sprite/Effect/genjutsu5.bmp""]",true,0,PRESENT_SAME_GUID,
Assets/NTSD/Sprite/Effect/genjutsu_t.bmp,OLD_INDEXED_IMAGE,true,true,true,f82e018b340f6b348a15d2f42c1bbec8,[],0,[],0,false,"[""Assets/NTSD/Sprite/Effect/genjutsu_t.bmp""]",true,0,PRESENT_SAME_GUID,
Assets/NTSD/Sprite/Effect/gray.bmp,OLD_INDEXED_IMAGE,true,true,true,49bda821c4dba0045abc19fe202dbae7,[],0,[],0,false,"[""Assets/NTSD/Sprite/Effect/gray.bmp""]",true,0,PRESENT_SAME_GUID,
Assets/NTSD/Sprite/Effect/ground.bmp,OLD_INDEXED_IMAGE,true,true,true,523fcdca881167a41bd3d0477011b1ee,[],0,[],0,false,"[""Assets/NTSD/Sprite/Effect/ground.bmp""]",true,0,PRESENT_SAME_GUID,
Assets/NTSD/Sprite/Effect/hakke.bmp,OLD_INDEXED_IMAGE,true,true,true,e6b25d01fcbb9974dad8ee551456f83a,[],0,[],0,false,"[""Assets/NTSD/Sprite/Effect/hakke.bmp""]",true,0,PRESENT_SAME_GUID,
Assets/NTSD/Sprite/Effect/hakke_blast.bmp,OLD_INDEXED_IMAGE,true,true,true,9e7fb543dcf7c99438857937dfcccb1e,[],0,[],0,false,"[""Assets/NTSD/Sprite/Effect/hakke_blast.bmp""]",true,0,PRESENT_SAME_GUID,
Assets/NTSD/Sprite/Effect/hakke_blast2.bmp,OLD_INDEXED_IMAGE,true,true,true,d954bb0476375aa408ddb430596d1200,[],0,[],0,false,"[""Assets/NTSD/Sprite/Effect/hakke_blast2.bmp""]",true,0,PRESENT_SAME_GUID,
Assets/NTSD/Sprite/Effect/hakke_blast3.bmp,OLD_INDEXED_IMAGE,true,true,true,1b6d162b94f6bb94a9a93e8ebf2c1322,[],0,[],0,false,"[""Assets/NTSD/Sprite/Effect/hakke_blast3.bmp""]",true,0,PRESENT_SAME_GUID,
Assets/NTSD/Sprite/Effect/heart.bmp,OLD_INDEXED_IMAGE,true,true,true,ce6d91c2b217cef4f9e9da753df643f2,[],0,[],0,false,"[""Assets/NTSD/Sprite/Effect/heart.bmp""]",true,0,PRESENT_SAME_GUID,
Assets/NTSD/Sprite/Effect/ink.bmp,OLD_INDEXED_IMAGE,true,true,true,bf8254a92d4966c4cad09163a7bace84,[],0,[],0,false,"[""Assets/NTSD/Sprite/Effect/ink.bmp""]",true,0,PRESENT_SAME_GUID,
Assets/NTSD/Sprite/Effect/ink2.bmp,OLD_INDEXED_IMAGE,true,true,true,5cc7ab9a43e1dc544906178f8087f3fc,[],0,[],0,false,"[""Assets/NTSD/Sprite/Effect/ink2.bmp""]",true,0,PRESENT_SAME_GUID,
Assets/NTSD/Sprite/Effect/iron_sand.bmp,OLD_INDEXED_IMAGE,true,true,true,d3a6798d0f2f6c44693dacd80b06fc3c,[],0,[],0,false,"[""Assets/NTSD/Sprite/Effect/iron_sand.bmp""]",true,0,PRESENT_SAME_GUID,
Assets/NTSD/Sprite/Effect/itachi_exp.bmp,OLD_INDEXED_IMAGE,true,true,true,b8dd4786f97b09c4f9d46a57c6898d0a,[],0,[],0,false,"[""Assets/NTSD/Sprite/Effect/itachi_exp.bmp""]",true,0,PRESENT_SAME_GUID,
Assets/NTSD/Sprite/Effect/jan_chaseh.bmp,OLD_INDEXED_IMAGE,true,true,true,0961c36fac8dd3747878e848c465a29f,[],0,[],0,false,"[""Assets/NTSD/Sprite/Effect/jan_chaseh.bmp""]",true,0,PRESENT_SAME_GUID,
Assets/NTSD/Sprite/Effect/jiraiya_4.bmp,OLD_INDEXED_IMAGE,true,true,true,644a8aa3155f06d44b56d8366efe3e73,[],0,[],0,false,"[""Assets/NTSD/Sprite/Effect/jiraiya_4.bmp""]",true,0,PRESENT_SAME_GUID,
Assets/NTSD/Sprite/Effect/jiroubou_rock.bmp,OLD_INDEXED_IMAGE,true,true,true,f6f8cfcb4f7ccac44b132c44867c3707,[],0,[],0,false,"[""Assets/NTSD/Sprite/Effect/jiroubou_rock.bmp""]",true,0,PRESENT_SAME_GUID,
Assets/NTSD/Sprite/Effect/jiroubou_rock1.bmp,OLD_INDEXED_IMAGE,true,true,true,925441cdca537c24f805296b1aef9ada,[],0,[],0,false,"[""Assets/NTSD/Sprite/Effect/jiroubou_rock1.bmp""]",true,0,PRESENT_SAME_GUID,
Assets/NTSD/Sprite/Effect/julian_col.bmp,OLD_INDEXED_IMAGE,true,true,true,f0f554ca08c1f16469390d223bc76116,[],0,[],0,false,"[""Assets/NTSD/Sprite/Effect/julian_col.bmp""]",true,0,PRESENT_SAME_GUID,
Assets/NTSD/Sprite/Effect/julian_col2.bmp,OLD_INDEXED_IMAGE,true,true,true,981331ae68741844581a3b690e83e938,[],0,[],0,false,"[""Assets/NTSD/Sprite/Effect/julian_col2.bmp""]",true,0,PRESENT_SAME_GUID,
Assets/NTSD/Sprite/Effect/kakuzu_exp.bmp,OLD_INDEXED_IMAGE,true,true,true,64185e300b00e2348b7a8e47331a194a,[],0,[],0,false,"[""Assets/NTSD/Sprite/Effect/kakuzu_exp.bmp""]",true,0,PRESENT_SAME_GUID,
Assets/NTSD/Sprite/Effect/kami.bmp,OLD_INDEXED_IMAGE,true,true,true,832e94ce8db2a5a4f80c98e5318cc5fa,[],0,[],0,false,"[""Assets/NTSD/Sprite/Effect/kami.bmp""]",true,0,PRESENT_SAME_GUID,
Assets/NTSD/Sprite/Effect/kankuro_special.bmp,OLD_INDEXED_IMAGE,true,true,true,0848a68e08262104f8f1d918e3b00eef,[],0,[],0,false,"[""Assets/NTSD/Sprite/Effect/kankuro_special.bmp""]",true,0,PRESENT_SAME_GUID,
Assets/NTSD/Sprite/Effect/karasu.bmp,OLD_INDEXED_IMAGE,true,true,true,8552075cb8123e84dbaa1788ae14cabf,[],0,[],0,false,"[""Assets/NTSD/Sprite/Effect/karasu.bmp""]",true,0,PRESENT_SAME_GUID,
Assets/NTSD/Sprite/Effect/katon_ball.bmp,OLD_INDEXED_IMAGE,true,true,true,987b97d3035deb847bea908b20010837,[],0,[],0,false,"[""Assets/NTSD/Sprite/Effect/katon_ball.bmp""]",true,0,PRESENT_SAME_GUID,
Assets/NTSD/Sprite/Effect/katon_ball_2.bmp,OLD_INDEXED_IMAGE,true,true,true,526348ec183684345933d7b3e57ef150,[],0,[],0,false,"[""Assets/NTSD/Sprite/Effect/katon_ball_2.bmp""]",true,0,PRESENT_SAME_GUID,
Assets/NTSD/Sprite/Effect/katon_dragon.bmp,OLD_INDEXED_IMAGE,true,true,true,6610937eb6ac0a04897a0971fda714c1,[],0,[],0,false,"[""Assets/NTSD/Sprite/Effect/katon_dragon.bmp""]",true,0,PRESENT_SAME_GUID,
Assets/NTSD/Sprite/Effect/katon_dragon2.bmp,OLD_INDEXED_IMAGE,true,true,true,31d14620f986f7349b2b6ba40892a1d7,[],0,[],0,false,"[""Assets/NTSD/Sprite/Effect/katon_dragon2.bmp""]",true,0,PRESENT_SAME_GUID,
Assets/NTSD/Sprite/Effect/katon_flame.bmp,OLD_INDEXED_IMAGE,true,true,true,bfc861cd102441446a4ed6b565904e6e,[],0,[],0,false,"[""Assets/NTSD/Sprite/Effect/katon_flame.bmp""]",true,0,PRESENT_SAME_GUID,
Assets/NTSD/Sprite/Effect/kidomaru_3.bmp,OLD_INDEXED_IMAGE,true,true,true,00d20210745b52d46b9ccee39523f502,[],0,[],0,false,"[""Assets/NTSD/Sprite/Effect/kidomaru_3.bmp""]",true,0,PRESENT_SAME_GUID,
Assets/NTSD/Sprite/Effect/kunai.bmp,OLD_INDEXED_IMAGE,true,true,true,c6ec4f4b29d803c4c901c3087bafac61,[],0,[],0,false,"[""Assets/NTSD/Sprite/Effect/kunai.bmp""]",true,0,PRESENT_SAME_GUID,
Assets/NTSD/Sprite/Effect/kyubi_arms.bmp,OLD_INDEXED_IMAGE,true,true,true,282bde85b1e009c43872cc56ebd1d93e,[],0,[],0,false,"[""Assets/NTSD/Sprite/Effect/kyubi_arms.bmp""]",true,0,PRESENT_SAME_GUID,
Assets/NTSD/Sprite/Effect/kyubi_ex.bmp,OLD_INDEXED_IMAGE,true,true,true,d61ea708c717b0c44958fa6d9240e051,[],0,[],0,false,"[""Assets/NTSD/Sprite/Effect/kyubi_ex.bmp""]",true,0,PRESENT_SAME_GUID,
Assets/NTSD/Sprite/Effect/manda1.bmp,OLD_INDEXED_IMAGE,true,true,true,84c83ca8043effa4cbbe3c1d2c01e9eb,[],0,[],0,false,"[""Assets/NTSD/Sprite/Effect/manda1.bmp""]",true,0,PRESENT_SAME_GUID,
Assets/NTSD/Sprite/Effect/manda2.bmp,OLD_INDEXED_IMAGE,true,true,true,ad4fe091cd4d2b941b923f3192b1abd8,[],0,[],0,false,"[""Assets/NTSD/Sprite/Effect/manda2.bmp""]",true,0,PRESENT_SAME_GUID,
Assets/NTSD/Sprite/Effect/manda3.bmp,OLD_INDEXED_IMAGE,true,true,true,f2c030a65c6125349ae6b92bc38ad287,[],0,[],0,false,"[""Assets/NTSD/Sprite/Effect/manda3.bmp""]",true,0,PRESENT_SAME_GUID,
Assets/NTSD/Sprite/Effect/manda4.bmp,OLD_INDEXED_IMAGE,true,true,true,6c3eeddbb8391b74583e6526c78334ea,[],0,[],0,false,"[""Assets/NTSD/Sprite/Effect/manda4.bmp""]",true,0,PRESENT_SAME_GUID,
Assets/NTSD/Sprite/Effect/manda7.bmp,OLD_INDEXED_IMAGE,true,true,true,d321532e2ca532f4e97d210b04bb678d,[],0,[],0,false,"[""Assets/NTSD/Sprite/Effect/manda7.bmp""]",true,0,PRESENT_SAME_GUID,
Assets/NTSD/Sprite/Effect/mirror.bmp,OLD_INDEXED_IMAGE,true,true,true,78bbcc1f558fd5b4383b8806e75d8251,[],0,[],0,false,"[""Assets/NTSD/Sprite/Effect/mirror.bmp""]",true,0,PRESENT_SAME_GUID,
Assets/NTSD/Sprite/Effect/mirror2.bmp,OLD_INDEXED_IMAGE,true,true,true,05f70898bf6e6174392c70d57de7b9e0,[],0,[],0,false,"[""Assets/NTSD/Sprite/Effect/mirror2.bmp""]",true,0,PRESENT_SAME_GUID,
Assets/NTSD/Sprite/Effect/mission.bmp,OLD_INDEXED_IMAGE,true,true,true,1ff289fb01ecb97478707955292a6ae2,[],0,[],0,false,"[""Assets/NTSD/Sprite/Effect/mission.bmp""]",true,0,PRESENT_SAME_GUID,
Assets/NTSD/Sprite/Effect/mission2.bmp,OLD_INDEXED_IMAGE,true,true,true,99816a24e03667a4a81e8be4e179639c,[],0,[],0,false,"[""Assets/NTSD/Sprite/Effect/mission2.bmp""]",true,0,PRESENT_SAME_GUID,
Assets/NTSD/Sprite/Effect/mission3.bmp,OLD_INDEXED_IMAGE,true,true,true,f76c63985f7e8b143a708552a62e95bd,[],0,[],0,false,"[""Assets/NTSD/Sprite/Effect/mission3.bmp""]",true,0,PRESENT_SAME_GUID,
Assets/NTSD/Sprite/Effect/mission4.bmp,OLD_INDEXED_IMAGE,true,true,true,cf5686249783dd648a4084ac5cd94b19,[],0,[],0,false,"[""Assets/NTSD/Sprite/Effect/mission4.bmp""]",true,0,PRESENT_SAME_GUID,
Assets/NTSD/Sprite/Effect/mission5.bmp,OLD_INDEXED_IMAGE,true,true,true,fe8000b25cbed9e4888f148a4415ad3f,[],0,[],0,false,"[""Assets/NTSD/Sprite/Effect/mission5.bmp""]",true,0,PRESENT_SAME_GUID,
Assets/NTSD/Sprite/Effect/mission6.bmp,OLD_INDEXED_IMAGE,true,true,true,3dc8d8b33520d8340acf8c8874b3cc31,[],0,[],0,false,"[""Assets/NTSD/Sprite/Effect/mission6.bmp""]",true,0,PRESENT_SAME_GUID,
Assets/NTSD/Sprite/Effect/mission7.bmp,OLD_INDEXED_IMAGE,true,true,true,70a2e56da42c3e0449cebc6bb35c2191,[],0,[],0,false,"[""Assets/NTSD/Sprite/Effect/mission7.bmp""]",true,0,PRESENT_SAME_GUID,
Assets/NTSD/Sprite/Effect/monster.bmp,OLD_INDEXED_IMAGE,true,true,true,f18ab3363200cd945a0db0b5ee98e306,[],0,[],0,false,"[""Assets/NTSD/Sprite/Effect/monster.bmp""]",true,0,PRESENT_SAME_GUID,
Assets/NTSD/Sprite/Effect/nc_kakuzuarm.bmp,OLD_INDEXED_IMAGE,true,true,true,a408a6be94015244b97c71aefac2487a,[],0,[],0,false,"[""Assets/NTSD/Sprite/Effect/nc_kakuzuarm.bmp""]",true,0,PRESENT_SAME_GUID,
Assets/NTSD/Sprite/Effect/nckakuzu_water.bmp,OLD_INDEXED_IMAGE,true,true,true,30b7f77eb42c3f842a71c054fccadc98,[],0,[],0,false,"[""Assets/NTSD/Sprite/Effect/nckakuzu_water.bmp""]",true,0,PRESENT_SAME_GUID,
Assets/NTSD/Sprite/Effect/puppet.bmp,OLD_INDEXED_IMAGE,true,true,true,2f664e9d5d9390b448445b65885816b0,[],0,[],0,false,"[""Assets/NTSD/Sprite/Effect/puppet.bmp""]",true,0,PRESENT_SAME_GUID,
Assets/NTSD/Sprite/Effect/puppet2.bmp,OLD_INDEXED_IMAGE,true,true,true,fb6bd1fba191acc4181b7c1a262b6744,[],0,[],0,false,"[""Assets/NTSD/Sprite/Effect/puppet2.bmp""]",true,0,PRESENT_SAME_GUID,
Assets/NTSD/Sprite/Effect/puppet_1.bmp,OLD_INDEXED_IMAGE,true,true,true,b38892d600d6dd1499e43867eefd8624,[],0,[],0,false,"[""Assets/NTSD/Sprite/Effect/puppet_1.bmp""]",true,0,PRESENT_SAME_GUID,
Assets/NTSD/Sprite/Effect/puppet_2.bmp,OLD_INDEXED_IMAGE,true,true,true,4a6be211d928627418b3a0c35d027d80,[],0,[],0,false,"[""Assets/NTSD/Sprite/Effect/puppet_2.bmp""]",true,0,PRESENT_SAME_GUID,
Assets/NTSD/Sprite/Effect/rasengan.bmp,OLD_INDEXED_IMAGE,true,true,true,4aa359c30e8bfcc43a2bc4bd9a82e695,[],0,[],0,false,"[""Assets/NTSD/Sprite/Effect/rasengan.bmp""]",true,0,PRESENT_SAME_GUID,
Assets/NTSD/Sprite/Effect/rasengan_ball.bmp,OLD_INDEXED_IMAGE,true,true,true,1ff9ced945f215349ad40c552e012281,[],0,[],0,false,"[""Assets/NTSD/Sprite/Effect/rasengan_ball.bmp""]",true,0,PRESENT_SAME_GUID,
Assets/NTSD/Sprite/Effect/rasenshuriken.bmp,OLD_INDEXED_IMAGE,true,true,true,5f09b922bd11622479cd6aebceaaa118,[],0,[],0,false,"[""Assets/NTSD/Sprite/Effect/rasenshuriken.bmp""]",true,0,PRESENT_SAME_GUID,
Assets/NTSD/Sprite/Effect/rasenshuriken2.bmp,OLD_INDEXED_IMAGE,true,true,true,efee10631bb32b44aba6a5950a4225b6,[],0,[],0,false,"[""Assets/NTSD/Sprite/Effect/rasenshuriken2.bmp""]",true,0,PRESENT_SAME_GUID,
Assets/NTSD/Sprite/Effect/red.bmp,OLD_INDEXED_IMAGE,true,true,true,5810e6b62a14dcf439c03aab7d2955ad,[],0,[],0,false,"[""Assets/NTSD/Sprite/Effect/red.bmp""]",true,0,PRESENT_SAME_GUID,
Assets/NTSD/Sprite/Effect/rineneye.bmp,OLD_INDEXED_IMAGE,true,true,true,0c43ee6668e1b254c9f57938ceada202,[],0,[],0,false,"[""Assets/NTSD/Sprite/Effect/rineneye.bmp""]",true,0,PRESENT_SAME_GUID,
Assets/NTSD/Sprite/Effect/sakura_ball.bmp,OLD_INDEXED_IMAGE,true,true,true,0051c368b57ed1f41919d08529b978c2,[],0,[],0,false,"[""Assets/NTSD/Sprite/Effect/sakura_ball.bmp""]",true,0,PRESENT_SAME_GUID,
Assets/NTSD/Sprite/Effect/sand.bmp,OLD_INDEXED_IMAGE,true,true,true,c90e9fc5d997a714ca57b39cfb99da4e,[],0,[],0,false,"[""Assets/NTSD/Sprite/Effect/sand.bmp""]",true,0,PRESENT_SAME_GUID,
Assets/NTSD/Sprite/Effect/sand2.bmp,OLD_INDEXED_IMAGE,true,true,true,ee744ffc3acedfa42a8a0bed8ca6cb1d,[],0,[],0,false,"[""Assets/NTSD/Sprite/Effect/sand2.bmp""]",true,0,PRESENT_SAME_GUID,
Assets/NTSD/Sprite/Effect/sand3.bmp,OLD_INDEXED_IMAGE,true,true,true,d5cd02d88ec20de458589856ba78a8f2,[],0,[],0,false,"[""Assets/NTSD/Sprite/Effect/sand3.bmp""]",true,0,PRESENT_SAME_GUID,
Assets/NTSD/Sprite/Effect/sand_shield.bmp,OLD_INDEXED_IMAGE,true,true,true,ba46ff768d3c636499422fc1d09b6197,[],0,[],0,false,"[""Assets/NTSD/Sprite/Effect/sand_shield.bmp""]",true,0,PRESENT_SAME_GUID,
Assets/NTSD/Sprite/Effect/sanshouo.bmp,OLD_INDEXED_IMAGE,true,true,true,60edcb964fc9e5c43a7a4ad3255e0aa5,[],0,[],0,false,"[""Assets/NTSD/Sprite/Effect/sanshouo.bmp""]",true,0,PRESENT_SAME_GUID,
Assets/NTSD/Sprite/Effect/sanshouo2.bmp,OLD_INDEXED_IMAGE,true,true,true,7f7bf3b3e4de9fc49b2c1efcaaf644b9,[],0,[],0,false,"[""Assets/NTSD/Sprite/Effect/sanshouo2.bmp""]",true,0,PRESENT_SAME_GUID,
Assets/NTSD/Sprite/Effect/shadow.bmp,OLD_INDEXED_IMAGE,true,true,true,9809647fdf480574bb46ca269087ba5f,[],0,[],0,false,"[""Assets/NTSD/Sprite/Effect/shadow.bmp""]",true,0,PRESENT_SAME_GUID,
Assets/NTSD/Sprite/Effect/shadow2.bmp,OLD_INDEXED_IMAGE,true,true,true,076f735ba9c71a04496ff9e0be54c168,[],0,[],0,false,"[""Assets/NTSD/Sprite/Effect/shadow2.bmp""]",true,0,PRESENT_SAME_GUID,
Assets/NTSD/Sprite/Effect/sharingan1_b.bmp,OLD_INDEXED_IMAGE,true,true,true,fb6ed659032a7224d8dfdd374c281f49,[],0,[],0,false,"[""Assets/NTSD/Sprite/Effect/sharingan1_b.bmp""]",true,0,PRESENT_SAME_GUID,
Assets/NTSD/Sprite/Effect/sharingan2_b.bmp,OLD_INDEXED_IMAGE,true,true,true,5abc237d5664c2d49b37ad3a216ba05e,[],0,[],0,false,"[""Assets/NTSD/Sprite/Effect/sharingan2_b.bmp""]",true,0,PRESENT_SAME_GUID,
Assets/NTSD/Sprite/Effect/sharingan3_b.bmp,OLD_INDEXED_IMAGE,true,true,true,0740d0eaae5f0c6429096c8776807591,[],0,[],0,false,"[""Assets/NTSD/Sprite/Effect/sharingan3_b.bmp""]",true,0,PRESENT_SAME_GUID,
Assets/NTSD/Sprite/Effect/sharingan4_b.bmp,OLD_INDEXED_IMAGE,true,true,true,84e9fc7ac3bf4c64897935007e1c46ae,[],0,[],0,false,"[""Assets/NTSD/Sprite/Effect/sharingan4_b.bmp""]",true,0,PRESENT_SAME_GUID,
Assets/NTSD/Sprite/Effect/shark.bmp,OLD_INDEXED_IMAGE,true,true,true,231261bffa47a8044836a09186e6a303,[],0,[],0,false,"[""Assets/NTSD/Sprite/Effect/shark.bmp""]",true,0,PRESENT_SAME_GUID,
Assets/NTSD/Sprite/Effect/shark_multi.bmp,OLD_INDEXED_IMAGE,true,true,true,d9e7cf98ff07031448ebbb62fcbf86ba,[],0,[],0,false,"[""Assets/NTSD/Sprite/Effect/shark_multi.bmp""]",true,0,PRESENT_SAME_GUID,
Assets/NTSD/Sprite/Effect/shark_multi2.bmp,OLD_INDEXED_IMAGE,true,true,true,e093ef34708e7124aba450881c3de64e,[],0,[],0,false,"[""Assets/NTSD/Sprite/Effect/shark_multi2.bmp""]",true,0,PRESENT_SAME_GUID,
Assets/NTSD/Sprite/Effect/slashes.bmp,OLD_INDEXED_IMAGE,true,true,true,c49f56ec44f35dc4cb2f2c6f406cd94c,[],0,[],0,false,"[""Assets/NTSD/Sprite/Effect/slashes.bmp""]",true,0,PRESENT_SAME_GUID,
Assets/NTSD/Sprite/Effect/smoke.bmp,OLD_INDEXED_IMAGE,true,true,true,cf0edd9197c555649bb6b3b491d4143e,[],0,[],0,false,"[""Assets/NTSD/Sprite/Effect/smoke.bmp""]",true,0,PRESENT_SAME_GUID,
Assets/NTSD/Sprite/Effect/smoke2.bmp,OLD_INDEXED_IMAGE,true,true,true,519a9e18704e48f4bb7bb8d97339194d,[],0,[],0,false,"[""Assets/NTSD/Sprite/Effect/smoke2.bmp""]",true,0,PRESENT_SAME_GUID,
Assets/NTSD/Sprite/Effect/snake.bmp,OLD_INDEXED_IMAGE,true,true,true,648e51dd0cfda204ab8b271e7dff8ca3,[],0,[],0,false,"[""Assets/NTSD/Sprite/Effect/snake.bmp""]",true,0,PRESENT_SAME_GUID,
Assets/NTSD/Sprite/Effect/snake_2.bmp,OLD_INDEXED_IMAGE,true,true,true,013b221358803ec47828a9e73960e635,[],0,[],0,false,"[""Assets/NTSD/Sprite/Effect/snake_2.bmp""]",true,0,PRESENT_SAME_GUID,
Assets/NTSD/Sprite/Effect/spear.bmp,OLD_INDEXED_IMAGE,true,true,true,2dae37fe65ec90e40a529cf9929087cf,[],0,[],0,false,"[""Assets/NTSD/Sprite/Effect/spear.bmp""]",true,0,PRESENT_SAME_GUID,
Assets/NTSD/Sprite/Effect/spider.bmp,OLD_INDEXED_IMAGE,true,true,true,33fa2c1c5a6731f49a2dcc2755d2c44b,[],0,[],0,false,"[""Assets/NTSD/Sprite/Effect/spider.bmp""]",true,0,PRESENT_SAME_GUID,
Assets/NTSD/Sprite/Effect/spiral.bmp,OLD_INDEXED_IMAGE,true,true,true,8b7163792688ba844bec3285b556718b,[],0,[],0,false,"[""Assets/NTSD/Sprite/Effect/spiral.bmp""]",true,0,PRESENT_SAME_GUID,
Assets/NTSD/Sprite/Effect/start.bmp,OLD_INDEXED_IMAGE,true,true,true,747397c1e9aaa754ba6e774e6a7d1889,[],0,[],0,false,"[""Assets/NTSD/Sprite/Effect/start.bmp""]",true,0,PRESENT_SAME_GUID,
Assets/NTSD/Sprite/Effect/start2.bmp,OLD_INDEXED_IMAGE,true,true,true,b0a40fc791119df459880cb9479eb91b,[],0,[],0,false,"[""Assets/NTSD/Sprite/Effect/start2.bmp""]",true,0,PRESENT_SAME_GUID,
Assets/NTSD/Sprite/Effect/summon.bmp,OLD_INDEXED_IMAGE,true,true,true,c78f57354a500b74cb20ed1ba138c9b7,[],0,[],0,false,"[""Assets/NTSD/Sprite/Effect/summon.bmp""]",true,0,PRESENT_SAME_GUID,
Assets/NTSD/Sprite/Effect/sword.bmp,OLD_INDEXED_IMAGE,true,true,true,f89c9f91776cc554f842c0403ad0c270,[],0,[],0,false,"[""Assets/NTSD/Sprite/Effect/sword.bmp""]",true,0,PRESENT_SAME_GUID,
Assets/NTSD/Sprite/Effect/temari_wind.bmp,OLD_INDEXED_IMAGE,true,true,true,aece43a9b8d87df44852a24a12c992ac,[],0,[],0,false,"[""Assets/NTSD/Sprite/Effect/temari_wind.bmp""]",true,0,PRESENT_SAME_GUID,
Assets/NTSD/Sprite/Effect/temari_ww.bmp,OLD_INDEXED_IMAGE,true,true,true,42d08585ac9deb949bdeba7321466ebe,[],0,[],0,false,"[""Assets/NTSD/Sprite/Effect/temari_ww.bmp""]",true,0,PRESENT_SAME_GUID,
Assets/NTSD/Sprite/Effect/temari_www.bmp,OLD_INDEXED_IMAGE,true,true,true,35e98c14a68a31a4fbd5824ba2db164f,[],0,[],0,false,"[""Assets/NTSD/Sprite/Effect/temari_www.bmp""]",true,0,PRESENT_SAME_GUID,
Assets/NTSD/Sprite/Effect/thunder.bmp,OLD_INDEXED_IMAGE,true,true,true,e4567eea8f7784d4187fe8d101d6d1b1,[],0,[],0,false,"[""Assets/NTSD/Sprite/Effect/thunder.bmp""]",true,0,PRESENT_SAME_GUID,
Assets/NTSD/Sprite/Effect/thunder2.bmp,OLD_INDEXED_IMAGE,true,true,true,184315d0b091d34448d05bac728e4fd8,[],0,[],0,false,"[""Assets/NTSD/Sprite/Effect/thunder2.bmp""]",true,0,PRESENT_SAME_GUID,
Assets/NTSD/Sprite/Effect/thunder3.bmp,OLD_INDEXED_IMAGE,true,true,true,c0e32dae3bacd1d4e8c04df3f0bfcc5a,[],0,[],0,false,"[""Assets/NTSD/Sprite/Effect/thunder3.bmp""]",true,0,PRESENT_SAME_GUID,
Assets/NTSD/Sprite/Effect/thunder_creature.bmp,OLD_INDEXED_IMAGE,true,true,true,c14dfb54a22b8394e9ecea3ca21ae85d,[],0,[],0,false,"[""Assets/NTSD/Sprite/Effect/thunder_creature.bmp""]",true,0,PRESENT_SAME_GUID,
Assets/NTSD/Sprite/Effect/timer.bmp,OLD_INDEXED_IMAGE,true,true,true,881d8a4100218da4fb030c75cf198e1d,[],0,[],0,false,"[""Assets/NTSD/Sprite/Effect/timer.bmp""]",true,0,PRESENT_SAME_GUID,
Assets/NTSD/Sprite/Effect/timer2.bmp,OLD_INDEXED_IMAGE,true,true,true,b11bd866658a7a8418cfc67a0f1d0cc3,[],0,[],0,false,"[""Assets/NTSD/Sprite/Effect/timer2.bmp""]",true,0,PRESENT_SAME_GUID,
Assets/NTSD/Sprite/Effect/tree.bmp,OLD_INDEXED_IMAGE,true,true,true,2a35606cc8c2abc4080fead67ddd80d6,[],0,[],0,false,"[""Assets/NTSD/Sprite/Effect/tree.bmp""]",true,0,PRESENT_SAME_GUID,
Assets/NTSD/Sprite/Effect/water.bmp,OLD_INDEXED_IMAGE,true,true,true,706aa8139ffeba54d8f2df9f31eed39a,[],0,[],0,false,"[""Assets/NTSD/Sprite/Effect/water.bmp""]",true,0,PRESENT_SAME_GUID,
Assets/NTSD/Sprite/Effect/water_prison.bmp,OLD_INDEXED_IMAGE,true,true,true,fb0bbfc1889c6524084a002d40f81440,[],0,[],0,false,"[""Assets/NTSD/Sprite/Effect/water_prison.bmp""]",true,0,PRESENT_SAME_GUID,
Assets/NTSD/Sprite/Effect/wave1.bmp,OLD_INDEXED_IMAGE,true,true,true,e8b4e6382c612ac499e97a5365577f8c,[],0,[],0,false,"[""Assets/NTSD/Sprite/Effect/wave1.bmp""]",true,0,PRESENT_SAME_GUID,
Assets/NTSD/Sprite/Effect/wave2.bmp,OLD_INDEXED_IMAGE,true,true,true,6815b3b100bc66d43972d50548e1ff7e,[],0,[],0,false,"[""Assets/NTSD/Sprite/Effect/wave2.bmp""]",true,0,PRESENT_SAME_GUID,
Assets/NTSD/Sprite/Effect/wave3.bmp,OLD_INDEXED_IMAGE,true,true,true,6bee7f9c14fa2db45bc7b0074fee67b2,[],0,[],0,false,"[""Assets/NTSD/Sprite/Effect/wave3.bmp""]",true,0,PRESENT_SAME_GUID,
Assets/NTSD/Sprite/Effect/wave4.bmp,OLD_INDEXED_IMAGE,true,true,true,592315b30b139794a99565050b1f8e03,[],0,[],0,false,"[""Assets/NTSD/Sprite/Effect/wave4.bmp""]",true,0,PRESENT_SAME_GUID,
Assets/NTSD/Sprite/Effect/wave5.bmp,OLD_INDEXED_IMAGE,true,true,true,7ec010c4c8d102a40b5a847014431eca,[],0,[],0,false,"[""Assets/NTSD/Sprite/Effect/wave5.bmp""]",true,0,PRESENT_SAME_GUID,
Assets/NTSD/Sprite/Effect/white.bmp,OLD_INDEXED_IMAGE,true,true,true,17adfbaca63537c4e851e4b6c67e148e,[],0,[],0,false,"[""Assets/NTSD/Sprite/Effect/white.bmp""]",true,0,PRESENT_SAME_GUID,
Assets/NTSD/Sprite/Effect/wind.bmp,OLD_INDEXED_IMAGE,true,true,true,de09d865119a39745b2e02613322d914,[],0,[],0,false,"[""Assets/NTSD/Sprite/Effect/wind.bmp""]",true,0,PRESENT_SAME_GUID,
Assets/NTSD/Sprite/Effect/wood.bmp,OLD_INDEXED_IMAGE,true,true,true,a6c90ff23ee5df543be771d7fa98026b,[],0,[],0,false,"[""Assets/NTSD/Sprite/Effect/wood.bmp""]",true,0,PRESENT_SAME_GUID,
Assets/NTSD/Sprite/Effect/yellow.bmp,OLD_INDEXED_IMAGE,true,true,true,54025b7e00bdaf241a19c6a05b4801d0,[],0,[],0,false,"[""Assets/NTSD/Sprite/Effect/yellow.bmp""]",true,0,PRESENT_SAME_GUID,
Assets/NTSD/Sprite/OtherBg/04E5A15181D0070A9C930E1A60738F7B.png,OTHER_IMAGE_OWNER_REVIEW,true,true,true,d29aeda7270a7034faaec2c36173cafa,[],0,[],0,false,"[""Assets/NTSD/Sprite/OtherBg/04E5A15181D0070A9C930E1A60738F7B.png""]",true,0,PRESENT_SAME_GUID,
Assets/NTSD/Sprite/OtherBg/07be1b3f1314af8360b87038a8dbe62f.png,OTHER_IMAGE_OWNER_REVIEW,true,true,true,080fe998778a33844a20e453e0bd3c83,[],0,[],0,false,"[""Assets/NTSD/Sprite/OtherBg/07be1b3f1314af8360b87038a8dbe62f.png""]",true,0,PRESENT_SAME_GUID,
Assets/NTSD/Sprite/OtherBg/29159147f155859501b9a3a93ca8b435.png,OTHER_IMAGE_OWNER_REVIEW,true,true,true,24909b989ca55ab40869125d2c81175b,[],0,[],0,false,"[""Assets/NTSD/Sprite/OtherBg/29159147f155859501b9a3a93ca8b435.png""]",true,0,PRESENT_SAME_GUID,
Assets/NTSD/Sprite/OtherBg/42A7673E3DB1ABD04119B98809FB5E73.png,OTHER_IMAGE_OWNER_REVIEW,true,true,true,c97f6114b448ea9458e74a0c114109b3,[],0,[],0,false,"[""Assets/NTSD/Sprite/OtherBg/42A7673E3DB1ABD04119B98809FB5E73.png""]",true,0,PRESENT_SAME_GUID,
Assets/NTSD/Sprite/OtherBg/469a7584-aa31-4373-a1b1-29c2ca012894.png,OTHER_IMAGE_OWNER_REVIEW,true,true,true,52f6c6ba105ed7d4ea1e4702ae0e65bc,[],0,[],0,false,"[""Assets/NTSD/Sprite/OtherBg/469a7584-aa31-4373-a1b1-29c2ca012894.png""]",true,0,PRESENT_SAME_GUID,
Assets/NTSD/Sprite/OtherBg/4874906f89b14b6e574426fdfb6a862d.png,OTHER_IMAGE_OWNER_REVIEW,true,true,true,3a40e887a8b2c0f47b8c817e6f31c911,[],0,[],0,false,"[""Assets/NTSD/Sprite/OtherBg/4874906f89b14b6e574426fdfb6a862d.png""]",true,0,PRESENT_SAME_GUID,
Assets/NTSD/Sprite/OtherBg/4e6d44eb64a01c639e684fac865afc65.png,OTHER_IMAGE_OWNER_REVIEW,true,true,true,acfd485f67af97b499a60fc8940b5433,[],0,[],0,false,"[""Assets/NTSD/Sprite/OtherBg/4e6d44eb64a01c639e684fac865afc65.png""]",true,0,PRESENT_SAME_GUID,
Assets/NTSD/Sprite/OtherBg/522837af37c5a876f782691d8d4a5ce5.png,OTHER_IMAGE_OWNER_REVIEW,true,true,true,b16e35981f15593498d3e78c49e245fa,[],0,[],0,false,"[""Assets/NTSD/Sprite/OtherBg/522837af37c5a876f782691d8d4a5ce5.png""]",true,0,PRESENT_SAME_GUID,
Assets/NTSD/Sprite/OtherBg/839c1f1b82850aa3b2378ee53ac59d65.png,OTHER_IMAGE_OWNER_REVIEW,true,true,true,aeeeb37cc5c734b4681e5a24dd448960,[],0,[],0,false,"[""Assets/NTSD/Sprite/OtherBg/839c1f1b82850aa3b2378ee53ac59d65.png""]",true,0,PRESENT_SAME_GUID,
Assets/NTSD/Sprite/OtherBg/95388A828B988DAC16E9F4BEC077E197.png,OTHER_IMAGE_OWNER_REVIEW,true,true,true,d5c9bbba17ee9284189e2fa8fa700587,[],0,[],0,false,"[""Assets/NTSD/Sprite/OtherBg/95388A828B988DAC16E9F4BEC077E197.png""]",true,0,PRESENT_SAME_GUID,
Assets/NTSD/Sprite/OtherBg/ank2_8frames.png,OTHER_IMAGE_OWNER_REVIEW,true,true,true,eeac2506339a257439046a79c95434fb,[],0,[],0,false,"[""Assets/NTSD/Sprite/OtherBg/ank2_8frames.png""]",true,0,PRESENT_SAME_GUID,
Assets/NTSD/Sprite/OtherBg/c34d926921bb2e71086f3deb169b9cf1.png,OTHER_IMAGE_OWNER_REVIEW,true,true,true,908540939f8e56a48b541d6d13b8de46,[],0,[],0,false,"[""Assets/NTSD/Sprite/OtherBg/c34d926921bb2e71086f3deb169b9cf1.png""]",true,0,PRESENT_SAME_GUID,
Assets/NTSD/Sprite/OtherBg/ChatGPT Image 2026年5月8日 17_24_37.png,OTHER_IMAGE_OWNER_REVIEW,true,true,true,2aeff2d83465e2e4a9822d3510ce373f,[],0,[],0,false,"[""Assets/NTSD/Sprite/OtherBg/ChatGPT Image 2026年5月8日 17_24_37.png""]",true,0,PRESENT_SAME_GUID,
Assets/NTSD/Sprite/OtherBg/ChatGPT Image 2026年8月5日 11_31_37.png,OTHER_IMAGE_OWNER_REVIEW,true,true,true,8c390ac124401ab46b0a8c997664147d,[],0,[],0,false,"[""Assets/NTSD/Sprite/OtherBg/ChatGPT Image 2026年8月5日 11_31_37.png""]",true,0,PRESENT_SAME_GUID,
Assets/NTSD/Sprite/OtherBg/DEF4CFF3B35DE5216F3C6B59D3A8D8A7.png,OTHER_IMAGE_OWNER_REVIEW,true,true,true,8a638ec7f9302094d9ec9c3b5521d0ee,[],0,[],0,false,"[""Assets/NTSD/Sprite/OtherBg/DEF4CFF3B35DE5216F3C6B59D3A8D8A7.png""]",true,0,PRESENT_SAME_GUID,
Assets/NTSD/Sprite/OtherBg/dongxue.png,OTHER_IMAGE_OWNER_REVIEW,true,true,true,5c81df692cb44e84da377a276efb09a9,[],0,[],0,false,"[""Assets/NTSD/Sprite/OtherBg/dongxue.png""]",true,0,PRESENT_SAME_GUID,
Assets/NTSD/Sprite/OtherBg/e27bc22c972af7c484b5768d7d275b73.png,OTHER_IMAGE_OWNER_REVIEW,true,true,true,31d36dbe880cbc04cb3037d6186a0412,[],0,[],0,false,"[""Assets/NTSD/Sprite/OtherBg/e27bc22c972af7c484b5768d7d275b73.png""]",true,0,PRESENT_SAME_GUID,
Assets/NTSD/Sprite/OtherBg/f2f1a1cb665a426e4797fd56b701d8a3.png,OTHER_IMAGE_OWNER_REVIEW,true,true,true,d381cd612d265074a9f8850000c303f3,[],0,[],0,false,"[""Assets/NTSD/Sprite/OtherBg/f2f1a1cb665a426e4797fd56b701d8a3.png""]",true,0,PRESENT_SAME_GUID,
Assets/NTSD/Sprite/OtherBg/Gemini_Generated_Image_cxnwvccxnwvccxnw.png,OTHER_IMAGE_OWNER_REVIEW,true,true,true,03782d825281342479cadc9697f06518,[],0,[],0,false,"[""Assets/NTSD/Sprite/OtherBg/Gemini_Generated_Image_cxnwvccxnwvccxnw.png""]",true,0,PRESENT_SAME_GUID,
Assets/NTSD/Sprite/OtherBg/Gemini_Generated_Image_h5h7j1h5h7j1h5h7.png,OTHER_IMAGE_OWNER_REVIEW,true,true,true,e3cd73ef893d0c74fa710b167460c0f7,[],0,[],0,false,"[""Assets/NTSD/Sprite/OtherBg/Gemini_Generated_Image_h5h7j1h5h7j1h5h7.png""]",true,0,PRESENT_SAME_GUID,
Assets/NTSD/Sprite/OtherBg/Gemini_Generated_Image_uam9gsuam9gsuam9.png,OTHER_IMAGE_OWNER_REVIEW,true,true,true,e65e1a8201f1e5e44936f07a7f4372f1,[],0,[],0,false,"[""Assets/NTSD/Sprite/OtherBg/Gemini_Generated_Image_uam9gsuam9gsuam9.png""]",true,0,PRESENT_SAME_GUID,
Assets/NTSD/Sprite/OtherBg/NTSD_地下战斗背景_3011x941.png,OTHER_IMAGE_OWNER_REVIEW,true,true,true,14b20a4371ce58b45a62fd2cfaf2aff1,[],0,[],0,false,"[""Assets/NTSD/Sprite/OtherBg/NTSD_地下战斗背景_3011x941.png""]",true,0,PRESENT_SAME_GUID,
Assets/NTSD/Sprite/OtherBg/Sunagakure.png,OTHER_IMAGE_OWNER_REVIEW,true,true,true,833ad1c9a686c2c4ba8f832b33f959c2,"[""Assets/NTSD/Map/SunagakureMap.asset""]",1,[],0,false,"[""Assets/NTSD/Sprite/OtherBg/Sunagakure.png""]",true,1,PRESENT_SAME_GUID,
Assets/NTSD/Sprite/OtherBg/Training.png,OTHER_IMAGE_OWNER_REVIEW,true,true,true,702548827d06558478fd9a0d422fe8d9,"[""Assets/NTSD/Map/TrainingGroundMap.asset"", ""Assets/NTSD/Scene/NTSD_Battle.unity""]",2,[],0,false,"[""Assets/NTSD/Sprite/OtherBg/Training.png""]",true,2,PRESENT_SAME_GUID,
Assets/NTSD/Sprite/UIPanels/Arrow.png,OTHER_IMAGE_OWNER_REVIEW,true,true,true,633440d0289a6e7419c3a8eb8676658b,"[""Assets/NTSD/Scene/NTSD_Menu.unity""]",1,[],0,false,"[""Assets/NTSD/Sprite/UIPanels/Arrow.png""]",true,1,PRESENT_SAME_GUID,
Assets/NTSD/Sprite/UIPanels/BattleHud/AttackBtn.png,OTHER_IMAGE_OWNER_REVIEW,true,true,true,d109ef001c71c3848ba323ae77e36a11,"[""Assets/NTSD/Scene/NTSD_Battle.unity""]",1,[],0,false,"[""Assets/NTSD/Sprite/UIPanels/BattleHud/AttackBtn.png""]",true,1,PRESENT_SAME_GUID,
Assets/NTSD/Sprite/UIPanels/BattleHud/Combo_att.png,OTHER_IMAGE_OWNER_REVIEW,true,true,true,024dc3e38c31d734784efb025c77cb5e,[],0,[],0,false,"[""Assets/NTSD/Sprite/UIPanels/BattleHud/Combo_att.png""]",true,0,PRESENT_SAME_GUID,
Assets/NTSD/Sprite/UIPanels/BattleHud/Combo_bg.png,OTHER_IMAGE_OWNER_REVIEW,true,true,true,e7931736c6c9c334b96ef8fe0ecfd304,"[""Assets/NTSD/Scene/NTSD_Battle.unity""]",1,[],0,false,"[""Assets/NTSD/Sprite/UIPanels/BattleHud/Combo_bg.png""]",true,1,PRESENT_SAME_GUID,
Assets/NTSD/Sprite/UIPanels/BattleHud/Combo_de.png,OTHER_IMAGE_OWNER_REVIEW,true,true,true,adf98f1469070624e9c15bda06bb36e0,"[""Assets/NTSD/Scene/NTSD_Battle.unity""]",1,[],0,false,"[""Assets/NTSD/Sprite/UIPanels/BattleHud/Combo_de.png""]",true,1,PRESENT_SAME_GUID,
Assets/NTSD/Sprite/UIPanels/BattleHud/Combo_down.png,OTHER_IMAGE_OWNER_REVIEW,true,true,true,8b3128dd7d707b04fa259836969f4c40,[],0,[],0,false,"[""Assets/NTSD/Sprite/UIPanels/BattleHud/Combo_down.png""]",true,0,PRESENT_SAME_GUID,
Assets/NTSD/Sprite/UIPanels/BattleHud/Combo_jump.png,OTHER_IMAGE_OWNER_REVIEW,true,true,true,7971571d39c1ffd4c980001dfadf0d12,"[""Assets/NTSD/Scene/NTSD_Battle.unity""]",1,[],0,false,"[""Assets/NTSD/Sprite/UIPanels/BattleHud/Combo_jump.png""]",true,1,PRESENT_SAME_GUID,
Assets/NTSD/Sprite/UIPanels/BattleHud/Combo_left.png,OTHER_IMAGE_OWNER_REVIEW,true,true,true,62ba66854d89f3543a2a03139fde5f5f,[],0,[],0,false,"[""Assets/NTSD/Sprite/UIPanels/BattleHud/Combo_left.png""]",true,0,PRESENT_SAME_GUID,
Assets/NTSD/Sprite/UIPanels/BattleHud/Combo_right.png,OTHER_IMAGE_OWNER_REVIEW,true,true,true,f758f253acfd2f7499f200c46e08e25f,[],0,[],0,false,"[""Assets/NTSD/Sprite/UIPanels/BattleHud/Combo_right.png""]",true,0,PRESENT_SAME_GUID,
Assets/NTSD/Sprite/UIPanels/BattleHud/Combo_up.png,OTHER_IMAGE_OWNER_REVIEW,true,true,true,202e34ba31d5e814796f6b880f87af61,"[""Assets/NTSD/Scene/NTSD_Battle.unity""]",1,[],0,false,"[""Assets/NTSD/Sprite/UIPanels/BattleHud/Combo_up.png""]",true,1,PRESENT_SAME_GUID,
Assets/NTSD/Sprite/UIPanels/BattleHud/Contro_1.png,OTHER_IMAGE_OWNER_REVIEW,true,true,true,27fe2db1f431da54ea47bb87076fee68,"[""Assets/NTSD/Scene/NTSD_Battle.unity""]",1,[],0,false,"[""Assets/NTSD/Sprite/UIPanels/BattleHud/Contro_1.png""]",true,1,PRESENT_SAME_GUID,
Assets/NTSD/Sprite/UIPanels/BattleHud/Contro_2.png,OTHER_IMAGE_OWNER_REVIEW,true,true,true,3b270b79421cafa488da6858c55d1adc,"[""Assets/NTSD/Scene/NTSD_Battle.unity""]",1,[],0,false,"[""Assets/NTSD/Sprite/UIPanels/BattleHud/Contro_2.png""]",true,1,PRESENT_SAME_GUID,
Assets/NTSD/Sprite/UIPanels/BattleHud/DefendBtn.png,OTHER_IMAGE_OWNER_REVIEW,true,true,true,d79b0978bf6ea584b9c8cb3a0fb07650,"[""Assets/NTSD/Scene/NTSD_Battle.unity""]",1,[],0,false,"[""Assets/NTSD/Sprite/UIPanels/BattleHud/DefendBtn.png""]",true,1,PRESENT_SAME_GUID,
Assets/NTSD/Sprite/UIPanels/BattleHud/Foot/frame_01.png,OTHER_IMAGE_OWNER_REVIEW,false,false,false,f6a42a29f1719344eb3f73c0a7da8675,"[""Assets/NTSD/Config/GameConfig/GameConfig.asset""]",1,[],0,false,"[""Assets/NTSD/Sprite/UIPanels/BattleHud/Foot/yellow/frame_01.png""]",false,0,RELOCATED_SAME_GUID,true
Assets/NTSD/Sprite/UIPanels/BattleHud/Foot/frame_02.png,OTHER_IMAGE_OWNER_REVIEW,false,false,false,45c75c89037048547bb05ab503796586,"[""Assets/NTSD/Config/GameConfig/GameConfig.asset""]",1,[],0,false,"[""Assets/NTSD/Sprite/UIPanels/BattleHud/Foot/yellow/frame_02.png""]",false,0,RELOCATED_SAME_GUID,true
Assets/NTSD/Sprite/UIPanels/BattleHud/Foot/frame_03.png,OTHER_IMAGE_OWNER_REVIEW,false,false,false,260f0ff2f69e5324b8188568dc335556,"[""Assets/NTSD/Config/GameConfig/GameConfig.asset""]",1,[],0,false,"[""Assets/NTSD/Sprite/UIPanels/BattleHud/Foot/yellow/frame_03.png""]",false,0,RELOCATED_SAME_GUID,true
Assets/NTSD/Sprite/UIPanels/BattleHud/Foot/frame_04.png,OTHER_IMAGE_OWNER_REVIEW,false,false,false,f2fb726ed8e6e5b41834b027b2e3bd4a,"[""Assets/NTSD/Config/GameConfig/GameConfig.asset""]",1,[],0,false,"[""Assets/NTSD/Sprite/UIPanels/BattleHud/Foot/yellow/frame_04.png""]",false,0,RELOCATED_SAME_GUID,true
Assets/NTSD/Sprite/UIPanels/BattleHud/Foot/frame_05.png,OTHER_IMAGE_OWNER_REVIEW,false,false,false,873e5c5304375f94b949c03d0ce2fabc,"[""Assets/NTSD/Config/GameConfig/GameConfig.asset""]",1,[],0,false,"[""Assets/NTSD/Sprite/UIPanels/BattleHud/Foot/yellow/frame_05.png""]",false,0,RELOCATED_SAME_GUID,true
Assets/NTSD/Sprite/UIPanels/BattleHud/Foot/frame_06.png,OTHER_IMAGE_OWNER_REVIEW,false,false,false,b8e89faf556f7e84f8a93bc2a1aafe9c,"[""Assets/NTSD/Config/GameConfig/GameConfig.asset""]",1,[],0,false,"[""Assets/NTSD/Sprite/UIPanels/BattleHud/Foot/yellow/frame_06.png""]",false,0,RELOCATED_SAME_GUID,true
Assets/NTSD/Sprite/UIPanels/BattleHud/HUD-BG.png,OTHER_IMAGE_OWNER_REVIEW,true,true,true,86e788cebde2bcd45bc365438367c189,"[""Assets/NTSD/Scene/NTSD_Battle.unity""]",1,[],0,false,"[""Assets/NTSD/Sprite/UIPanels/BattleHud/HUD-BG.png""]",true,1,PRESENT_SAME_GUID,
Assets/NTSD/Sprite/UIPanels/BattleHud/JumpBtn.png,OTHER_IMAGE_OWNER_REVIEW,true,true,true,6eb12a2d6fc42cc418214d5a37347441,"[""Assets/NTSD/Scene/NTSD_Battle.unity""]",1,[],0,false,"[""Assets/NTSD/Sprite/UIPanels/BattleHud/JumpBtn.png""]",true,1,PRESENT_SAME_GUID,
Assets/NTSD/Sprite/UIPanels/BattleHud/naruto_s.png,OTHER_IMAGE_OWNER_REVIEW,true,true,true,57bbfdb562466dc4fae25bf18a6a7fad,"[""Assets/NTSD/Scene/NTSD_Battle.unity""]",1,[],0,false,"[""Assets/NTSD/Sprite/UIPanels/BattleHud/naruto_s.png""]",true,1,PRESENT_SAME_GUID,
Assets/NTSD/Sprite/UIPanels/BATTLEMODE.bmp,OTHER_IMAGE_OWNER_REVIEW,true,true,true,b6ba0b9efed73fb45b2cf3fe7ef98b9d,[],0,[],0,false,"[""Assets/NTSD/Sprite/UIPanels/BATTLEMODE.bmp""]",true,0,PRESENT_SAME_GUID,
Assets/NTSD/Sprite/UIPanels/BATTLETROOPS.bmp,OTHER_IMAGE_OWNER_REVIEW,true,true,true,767bd66a4a938c34ebcac155e529831d,[],0,[],0,false,"[""Assets/NTSD/Sprite/UIPanels/BATTLETROOPS.bmp""]",true,0,PRESENT_SAME_GUID,
Assets/NTSD/Sprite/UIPanels/blue_Box.png,OTHER_IMAGE_OWNER_REVIEW,true,true,true,14aebecdc8768da41944028ed980aa34,"[""Assets/NTSD/Scene/NTSD_Menu.unity""]",1,[],0,false,"[""Assets/NTSD/Sprite/UIPanels/blue_Box.png""]",true,1,PRESENT_SAME_GUID,
Assets/NTSD/Sprite/UIPanels/CHARMENU.bmp,OTHER_IMAGE_OWNER_REVIEW,true,true,true,0b08cc9478a2f1f48bea20c314ae0049,"[""Assets/NTSD/Scene/NTSD_Menu.unity""]",1,[],0,false,"[""Assets/NTSD/Sprite/UIPanels/CHARMENU.bmp""]",true,1,PRESENT_SAME_GUID,
Assets/NTSD/Sprite/UIPanels/ChatGPT Image 2026年9月12日 20_07_00 (1).png,OTHER_IMAGE_OWNER_REVIEW,true,true,true,e3691542e69d4e149893faf94e347b4b,[],0,[],0,false,"[""Assets/NTSD/Sprite/UIPanels/ChatGPT Image 2026年9月12日 20_07_00 (1).png""]",true,0,PRESENT_SAME_GUID,
Assets/NTSD/Sprite/UIPanels/ChatGPT Image 2026年9月12日 20_07_00 (2).png,OTHER_IMAGE_OWNER_REVIEW,true,true,true,3858b85463080db4ab2903ca31c4dc21,[],0,[],0,false,"[""Assets/NTSD/Sprite/UIPanels/ChatGPT Image 2026年9月12日 20_07_00 (2).png""]",true,0,PRESENT_SAME_GUID,
Assets/NTSD/Sprite/UIPanels/ChatGPT Image 2026年9月12日 20_07_00 (3).png,OTHER_IMAGE_OWNER_REVIEW,true,true,true,c9f09e51bb8dc264590c1e9dabae769a,[],0,[],0,false,"[""Assets/NTSD/Sprite/UIPanels/ChatGPT Image 2026年9月12日 20_07_00 (3).png""]",true,0,PRESENT_SAME_GUID,
Assets/NTSD/Sprite/UIPanels/ChatGPT Image 2026年9月12日 20_07_01 (4).png,OTHER_IMAGE_OWNER_REVIEW,true,true,true,412dcbec89f577249a3ff08373ccef0a,[],0,[],0,false,"[""Assets/NTSD/Sprite/UIPanels/ChatGPT Image 2026年9月12日 20_07_01 (4).png""]",true,0,PRESENT_SAME_GUID,
Assets/NTSD/Sprite/UIPanels/CM1.png,OTHER_IMAGE_OWNER_REVIEW,true,true,true,54b88b064f519be44b1883716c12f6c0,"[""Assets/NTSD/Config/GameConfig/GameConfig.asset""]",1,[],0,false,"[""Assets/NTSD/Sprite/UIPanels/CM1.png""]",true,1,PRESENT_SAME_GUID,
Assets/NTSD/Sprite/UIPanels/CM2.png,OTHER_IMAGE_OWNER_REVIEW,true,true,true,04580ace18fd3f6429462e56db4fb3eb,"[""Assets/NTSD/Config/GameConfig/GameConfig.asset""]",1,[],0,false,"[""Assets/NTSD/Sprite/UIPanels/CM2.png""]",true,1,PRESENT_SAME_GUID,
Assets/NTSD/Sprite/UIPanels/CM3.png,OTHER_IMAGE_OWNER_REVIEW,true,true,true,4a0a0c26e3917614c8f90f044e9d607e,"[""Assets/NTSD/Config/GameConfig/GameConfig.asset""]",1,[],0,false,"[""Assets/NTSD/Sprite/UIPanels/CM3.png""]",true,1,PRESENT_SAME_GUID,
Assets/NTSD/Sprite/UIPanels/CM4.png,OTHER_IMAGE_OWNER_REVIEW,true,true,true,a26a34b702058274ba4c0329a370ae47,"[""Assets/NTSD/Config/GameConfig/GameConfig.asset""]",1,[],0,false,"[""Assets/NTSD/Sprite/UIPanels/CM4.png""]",true,1,PRESENT_SAME_GUID,
Assets/NTSD/Sprite/UIPanels/CM5.png,OTHER_IMAGE_OWNER_REVIEW,true,true,true,188dafa6c20928146b68e329d88e3320,"[""Assets/NTSD/Config/GameConfig/GameConfig.asset""]",1,[],0,false,"[""Assets/NTSD/Sprite/UIPanels/CM5.png""]",true,1,PRESENT_SAME_GUID,
Assets/NTSD/Sprite/UIPanels/CMA.png,OTHER_IMAGE_OWNER_REVIEW,true,true,true,ff4153710d4407841b05383b6249b016,"[""Assets/NTSD/Config/GameConfig/GameConfig.asset"", ""Assets/NTSD/Scene/NTSD_Menu.unity""]",2,[],0,false,"[""Assets/NTSD/Sprite/UIPanels/CMA.png""]",true,2,PRESENT_SAME_GUID,
Assets/NTSD/Sprite/UIPanels/CMA2.png,OTHER_IMAGE_OWNER_REVIEW,true,true,true,34379c25a465836419338c80151ebc54,"[""Assets/NTSD/Config/GameConfig/GameConfig.asset""]",1,[],0,false,"[""Assets/NTSD/Sprite/UIPanels/CMA2.png""]",true,1,PRESENT_SAME_GUID,
Assets/NTSD/Sprite/UIPanels/CMC.bmp,OTHER_IMAGE_OWNER_REVIEW,true,true,true,e1ccb754dd28c724c94c7b5d83cb884c,"[""Assets/NTSD/Scene/NTSD_Menu.unity""]",1,[],0,false,"[""Assets/NTSD/Sprite/UIPanels/CMC.bmp""]",true,1,PRESENT_SAME_GUID,
Assets/NTSD/Sprite/UIPanels/Combo_Arraw.png,OTHER_IMAGE_OWNER_REVIEW,true,true,true,049ee2be307496b4fafce0b6fbdba688,"[""Assets/NTSD/Scene/NTSD_Battle.unity""]",1,[],0,false,"[""Assets/NTSD/Sprite/UIPanels/Combo_Arraw.png""]",true,1,PRESENT_SAME_GUID,
Assets/NTSD/Sprite/UIPanels/CS2.png,OTHER_IMAGE_OWNER_REVIEW,true,true,true,f2b64ec62a4637d46bf877add322f388,[],0,[],0,false,"[""Assets/NTSD/Sprite/UIPanels/CS2.png""]",true,0,PRESENT_SAME_GUID,
Assets/NTSD/Sprite/UIPanels/CS3.png,OTHER_IMAGE_OWNER_REVIEW,true,true,true,e05440d481edfff45b50af4b45dbae40,[],0,[],0,false,"[""Assets/NTSD/Sprite/UIPanels/CS3.png""]",true,0,PRESENT_SAME_GUID,
Assets/NTSD/Sprite/UIPanels/CS4.png,OTHER_IMAGE_OWNER_REVIEW,true,true,true,86311072c94512c45bc0a19fe1ee92ae,[],0,[],0,false,"[""Assets/NTSD/Sprite/UIPanels/CS4.png""]",true,0,PRESENT_SAME_GUID,
Assets/NTSD/Sprite/UIPanels/CS5.png,OTHER_IMAGE_OWNER_REVIEW,true,true,true,ca46f7ee505e23340b558adb5de50d1a,[],0,[],0,false,"[""Assets/NTSD/Sprite/UIPanels/CS5.png""]",true,0,PRESENT_SAME_GUID,
Assets/NTSD/Sprite/UIPanels/CS6.png,OTHER_IMAGE_OWNER_REVIEW,true,true,true,db4a1a85e6a2ff248a78e3a5b18d624a,"[""Assets/NTSD/Scene/NTSD_Menu.unity""]",1,[],0,false,"[""Assets/NTSD/Sprite/UIPanels/CS6.png""]",true,1,PRESENT_SAME_GUID,
Assets/NTSD/Sprite/UIPanels/ENDING.bmp,OTHER_IMAGE_OWNER_REVIEW,true,true,true,bf439ad2cfd39524c832df261734f73e,[],0,[],0,false,"[""Assets/NTSD/Sprite/UIPanels/ENDING.bmp""]",true,0,PRESENT_SAME_GUID,
Assets/NTSD/Sprite/UIPanels/FootEnemy.png,OTHER_IMAGE_OWNER_REVIEW,false,false,false,1945ff8801d100c45bdf66917b260747,[],0,[],0,false,[],false,0,MISSING_NO_CURRENT_GUID_OWNER,false
Assets/NTSD/Sprite/UIPanels/FootFirend.png,OTHER_IMAGE_OWNER_REVIEW,false,false,false,cb0f64996934fdc4598a05c7e60a783c,[],0,[],0,false,[],false,0,MISSING_NO_CURRENT_GUID_OWNER,false
Assets/NTSD/Sprite/UIPanels/FootSelf.png,OTHER_IMAGE_OWNER_REVIEW,false,false,false,9ec1a792c386a3348810e0ae524bee6d,[],0,[],0,false,[],false,0,MISSING_NO_CURRENT_GUID_OWNER,false
Assets/NTSD/Sprite/UIPanels/FRAME.bmp,OTHER_IMAGE_OWNER_REVIEW,true,true,true,e2cf1572830d4bc4ab4f70cc1ea533a1,[],0,[],0,false,"[""Assets/NTSD/Sprite/UIPanels/FRAME.bmp""]",true,0,PRESENT_SAME_GUID,
Assets/NTSD/Sprite/UIPanels/FRAME.png,OTHER_IMAGE_OWNER_REVIEW,true,true,true,a2d5a298911be5f46835dab8c0232a26,"[""Assets/NTSD/Scene/NTSD_Battle.unity""]",1,[],0,false,"[""Assets/NTSD/Sprite/UIPanels/FRAME.png""]",true,1,PRESENT_SAME_GUID,
Assets/NTSD/Sprite/UIPanels/FRAME3.png,OTHER_IMAGE_OWNER_REVIEW,true,true,true,9f4904aadb4543a4c87ba46d18633791,"[""Assets/NTSD/Scene/NTSD_Battle.unity""]",1,[],0,false,"[""Assets/NTSD/Sprite/UIPanels/FRAME3.png""]",true,1,PRESENT_SAME_GUID,
Assets/NTSD/Sprite/UIPanels/health_green.png,OTHER_IMAGE_OWNER_REVIEW,true,true,true,a3fd519f974f280429ffd02c7abb8214,"[""Assets/NTSD/Scene/NTSD_Battle.unity""]",1,[],0,false,"[""Assets/NTSD/Sprite/UIPanels/health_green.png""]",true,1,PRESENT_SAME_GUID,
Assets/NTSD/Sprite/UIPanels/health_red.png,OTHER_IMAGE_OWNER_REVIEW,true,true,true,9afe1fe4e773412488f46fedbf47568d,"[""Assets/NTSD/Scene/NTSD_Battle.unity""]",1,[],0,false,"[""Assets/NTSD/Sprite/UIPanels/health_red.png""]",true,1,PRESENT_SAME_GUID,
Assets/NTSD/Sprite/UIPanels/how_many_computer_players_1.png,OTHER_IMAGE_OWNER_REVIEW,true,true,true,fb5919754b4573645b98293c17197d32,[],0,[],0,false,"[""Assets/NTSD/Sprite/UIPanels/how_many_computer_players_1.png""]",true,0,PRESENT_SAME_GUID,
Assets/NTSD/Sprite/UIPanels/HP-Xu.png,OTHER_IMAGE_OWNER_REVIEW,true,true,true,8169844346b6b2040aa9b40db4de6101,"[""Assets/NTSD/Scene/NTSD_Battle.unity""]",1,[],0,false,"[""Assets/NTSD/Sprite/UIPanels/HP-Xu.png""]",true,1,PRESENT_SAME_GUID,
Assets/NTSD/Sprite/UIPanels/HP.png,OTHER_IMAGE_OWNER_REVIEW,true,true,true,8b94b34686af0b844a865593d7dbcd87,"[""Assets/NTSD/Scene/NTSD_Battle.unity""]",1,[],0,false,"[""Assets/NTSD/Sprite/UIPanels/HP.png""]",true,1,PRESENT_SAME_GUID,
Assets/NTSD/Sprite/UIPanels/HP_bg.png,OTHER_IMAGE_OWNER_REVIEW,true,true,true,a0ace5a8564f3c94ea0291d47f4d2850,"[""Assets/NTSD/Scene/NTSD_Battle.unity""]",1,[],0,false,"[""Assets/NTSD/Sprite/UIPanels/HP_bg.png""]",true,1,PRESENT_SAME_GUID,
Assets/NTSD/Sprite/UIPanels/HP_shi.png,OTHER_IMAGE_OWNER_REVIEW,true,true,true,b8c86b693fb31104e8e8b67029dd017b,"[""Assets/NTSD/Scene/NTSD_Battle.unity""]",1,[],0,false,"[""Assets/NTSD/Sprite/UIPanels/HP_shi.png""]",true,1,PRESENT_SAME_GUID,
Assets/NTSD/Sprite/UIPanels/HP_xu.png,OTHER_IMAGE_OWNER_REVIEW,true,true,true,c04ab4c1897f22341adf5a03e3b2f6c8,"[""Assets/NTSD/Scene/NTSD_Battle.unity""]",1,[],0,false,"[""Assets/NTSD/Sprite/UIPanels/HP_xu.png""]",true,1,PRESENT_SAME_GUID,
Assets/NTSD/Sprite/UIPanels/LF2_CURSOR.bmp,OTHER_IMAGE_OWNER_REVIEW,true,true,true,57cabb8a6628ead4eaf08a3fc53cb84d,[],0,[],0,false,"[""Assets/NTSD/Sprite/UIPanels/LF2_CURSOR.bmp""]",true,0,PRESENT_SAME_GUID,
Assets/NTSD/Sprite/UIPanels/LF2_CURSOR2.bmp,OTHER_IMAGE_OWNER_REVIEW,true,true,true,fdcd490a979c4194d92cb9b6159bcf85,[],0,[],0,false,"[""Assets/NTSD/Sprite/UIPanels/LF2_CURSOR2.bmp""]",true,0,PRESENT_SAME_GUID,
Assets/NTSD/Sprite/UIPanels/loading.png,OTHER_IMAGE_OWNER_REVIEW,true,true,true,9b74bb584773327409b6d2342bd660e2,"[""Assets/NTSD/Scene/NTSD_Menu.unity""]",1,[],0,false,"[""Assets/NTSD/Sprite/UIPanels/loading.png""]",true,1,PRESENT_SAME_GUID,
Assets/NTSD/Sprite/UIPanels/Logo.png,OTHER_IMAGE_OWNER_REVIEW,true,true,true,e74e7937fbd5c6c419753924202416c7,[],0,[],0,false,"[""Assets/NTSD/Sprite/UIPanels/Logo.png""]",true,0,PRESENT_SAME_GUID,
Assets/NTSD/Sprite/UIPanels/LOSE_DEAD.bmp,OTHER_IMAGE_OWNER_REVIEW,true,true,true,6ab66ab1db07fee4db7ad607cf8345dc,[],0,[],0,false,"[""Assets/NTSD/Sprite/UIPanels/LOSE_DEAD.bmp""]",true,0,PRESENT_SAME_GUID,
Assets/NTSD/Sprite/UIPanels/MENU_CLIP.bmp,OTHER_IMAGE_OWNER_REVIEW,true,true,true,2d26e80a06ad130458091a93e15636fd,[],0,[],0,false,"[""Assets/NTSD/Sprite/UIPanels/MENU_CLIP.bmp""]",true,0,PRESENT_SAME_GUID,
Assets/NTSD/Sprite/UIPanels/MENU_CLIP2.bmp,OTHER_IMAGE_OWNER_REVIEW,true,true,true,dea213160e021ba4aacb36c0039f16cf,[],0,[],0,false,"[""Assets/NTSD/Sprite/UIPanels/MENU_CLIP2.bmp""]",true,0,PRESENT_SAME_GUID,
Assets/NTSD/Sprite/UIPanels/MENU_CLIP2.png,OTHER_IMAGE_OWNER_REVIEW,true,true,true,afbd0bb2618b1f04e8434c679cd477a5,"[""Assets/NTSD/Scene/NTSD_Menu.unity""]",1,[],0,false,"[""Assets/NTSD/Sprite/UIPanels/MENU_CLIP2.png""]",true,1,PRESENT_SAME_GUID,
Assets/NTSD/Sprite/UIPanels/MENU_CLIP3.bmp,OTHER_IMAGE_OWNER_REVIEW,true,true,true,1398cae0e6261b44885037567501ece5,[],0,[],0,false,"[""Assets/NTSD/Sprite/UIPanels/MENU_CLIP3.bmp""]",true,0,PRESENT_SAME_GUID,
Assets/NTSD/Sprite/UIPanels/MENU_CLIP4.bmp,OTHER_IMAGE_OWNER_REVIEW,true,true,true,ea338f597c2b65b4ca886cdc05f869a7,[],0,[],0,false,"[""Assets/NTSD/Sprite/UIPanels/MENU_CLIP4.bmp""]",true,0,PRESENT_SAME_GUID,
Assets/NTSD/Sprite/UIPanels/mode_select.png,OTHER_IMAGE_OWNER_REVIEW,true,true,true,0b70858fcef33844c9bb440417ce393e,"[""Assets/NTSD/Scene/NTSD_Menu.unity""]",1,[],0,false,"[""Assets/NTSD/Sprite/UIPanels/mode_select.png""]",true,1,PRESENT_SAME_GUID,
Assets/NTSD/Sprite/UIPanels/MP.png,OTHER_IMAGE_OWNER_REVIEW,true,true,true,a73cbf7ec97b5c34b9e6ff7b51fec7c1,"[""Assets/NTSD/Scene/NTSD_Battle.unity""]",1,[],0,false,"[""Assets/NTSD/Sprite/UIPanels/MP.png""]",true,1,PRESENT_SAME_GUID,
Assets/NTSD/Sprite/UIPanels/mp_blue.png,OTHER_IMAGE_OWNER_REVIEW,true,true,true,42b1529df1151f14ba284fed5cf478c8,"[""Assets/NTSD/Scene/NTSD_Battle.unity""]",1,[],0,false,"[""Assets/NTSD/Sprite/UIPanels/mp_blue.png""]",true,1,PRESENT_SAME_GUID,
Assets/NTSD/Sprite/UIPanels/NTSD_MP_Back_Simple_671x5.png,OTHER_IMAGE_OWNER_REVIEW,true,true,true,b5d28d8640e14cf4cb7ccf282cc614f3,"[""Assets/NTSD/Scene/NTSD_Battle.unity""]",1,[],0,false,"[""Assets/NTSD/Sprite/UIPanels/NTSD_MP_Back_Simple_671x5.png""]",true,1,PRESENT_SAME_GUID,
Assets/NTSD/Sprite/UIPanels/NTSD_MP_Fill_Simple_671x5.png,OTHER_IMAGE_OWNER_REVIEW,true,true,true,1eb3808a9ad549046ba7bcade27ccf97,"[""Assets/NTSD/Scene/NTSD_Battle.unity""]",1,[],0,false,"[""Assets/NTSD/Sprite/UIPanels/NTSD_MP_Fill_Simple_671x5.png""]",true,1,PRESENT_SAME_GUID,
Assets/NTSD/Sprite/UIPanels/NTSD_MP_Frame_Simple_674x11.png,OTHER_IMAGE_OWNER_REVIEW,true,true,true,c2191b30879321a4cb8d3f8aed88bb95,"[""Assets/NTSD/Scene/NTSD_Battle.unity""]",1,[],0,false,"[""Assets/NTSD/Sprite/UIPanels/NTSD_MP_Frame_Simple_674x11.png""]",true,1,PRESENT_SAME_GUID,
Assets/NTSD/Sprite/UIPanels/NTSD_Title.png,OTHER_IMAGE_OWNER_REVIEW,true,true,true,dec0c1724ed50cd4c81e0202d9bf20da,"[""Assets/NTSD/Scene/NTSD_Menu.unity""]",1,[],0,false,"[""Assets/NTSD/Sprite/UIPanels/NTSD_Title.png""]",true,1,PRESENT_SAME_GUID,
Assets/NTSD/Sprite/UIPanels/PAUSE.bmp,OTHER_IMAGE_OWNER_REVIEW,true,true,true,5b013258cd0fffb4eaf50a8b84eaffcd,[],0,[],0,false,"[""Assets/NTSD/Sprite/UIPanels/PAUSE.bmp""]",true,0,PRESENT_SAME_GUID,
Assets/NTSD/Sprite/UIPanels/Random.png,OTHER_IMAGE_OWNER_REVIEW,true,true,true,4d48d81e81179994c8ccf7daa5a7c546,"[""Assets/NTSD/Config/GameConfig/GameConfig.asset""]",1,[],0,false,"[""Assets/NTSD/Sprite/UIPanels/Random.png""]",true,1,PRESENT_SAME_GUID,
Assets/NTSD/Sprite/UIPanels/Red_Box.png,OTHER_IMAGE_OWNER_REVIEW,true,true,true,fb48a0bdba5d23f4e8d48f9ca2390ece,"[""Assets/NTSD/Scene/NTSD_Menu.unity""]",1,[],0,false,"[""Assets/NTSD/Sprite/UIPanels/Red_Box.png""]",true,1,PRESENT_SAME_GUID,
Assets/NTSD/Sprite/UIPanels/Red_Box2.png,OTHER_IMAGE_OWNER_REVIEW,true,true,true,31df601cb95298649960529c5dfe3672,[],0,[],0,false,"[""Assets/NTSD/Sprite/UIPanels/Red_Box2.png""]",true,0,PRESENT_SAME_GUID,
Assets/NTSD/Sprite/UIPanels/RFACE.bmp,OTHER_IMAGE_OWNER_REVIEW,true,true,true,74243145732e223479dfd5fc3e2657d3,[],0,[],0,false,"[""Assets/NTSD/Sprite/UIPanels/RFACE.bmp""]",true,0,PRESENT_SAME_GUID,
Assets/NTSD/Sprite/UIPanels/SCORE_BOARD1.bmp,OTHER_IMAGE_OWNER_REVIEW,true,true,true,da56fd1d9d7c89644b22760b624a5465,[],0,[],0,false,"[""Assets/NTSD/Sprite/UIPanels/SCORE_BOARD1.bmp""]",true,0,PRESENT_SAME_GUID,
Assets/NTSD/Sprite/UIPanels/SCORE_BOARD2.bmp,OTHER_IMAGE_OWNER_REVIEW,true,true,true,a0ee902532e29e846b1816ddff2f078f,[],0,[],0,false,"[""Assets/NTSD/Sprite/UIPanels/SCORE_BOARD2.bmp""]",true,0,PRESENT_SAME_GUID,
Assets/NTSD/Sprite/UIPanels/SCORE_BOARD3.bmp,OTHER_IMAGE_OWNER_REVIEW,true,true,true,cec5ee6b45fd4a545b28e665d1a5c710,[],0,[],0,false,"[""Assets/NTSD/Sprite/UIPanels/SCORE_BOARD3.bmp""]",true,0,PRESENT_SAME_GUID,
Assets/NTSD/Sprite/UIPanels/SCORE_BOARD4.bmp,OTHER_IMAGE_OWNER_REVIEW,true,true,true,b8a861dabce60d94bb46a7118d6cbe61,[],0,[],0,false,"[""Assets/NTSD/Sprite/UIPanels/SCORE_BOARD4.bmp""]",true,0,PRESENT_SAME_GUID,
Assets/NTSD/Sprite/UIPanels/select_bg.png,OTHER_IMAGE_OWNER_REVIEW,true,true,true,f8c6f08f282684146ac3537911debec3,"[""Assets/NTSD/Scene/NTSD_Menu.unity""]",1,[],0,false,"[""Assets/NTSD/Sprite/UIPanels/select_bg.png""]",true,1,PRESENT_SAME_GUID,
Assets/NTSD/Sprite/UIPanels/selectmode_bg.png,OTHER_IMAGE_OWNER_REVIEW,true,true,true,9390d33f90031f0498aa03a907530627,"[""Assets/NTSD/Scene/NTSD_Menu.unity""]",1,[],0,false,"[""Assets/NTSD/Sprite/UIPanels/selectmode_bg.png""]",true,1,PRESENT_SAME_GUID,
Assets/NTSD/Sprite/UIPanels/SHADOW1.bmp,OTHER_IMAGE_OWNER_REVIEW,true,true,true,6f8c76e36f3c5e94b873d13e1ee69d86,[],0,[],0,false,"[""Assets/NTSD/Sprite/UIPanels/SHADOW1.bmp""]",true,0,PRESENT_SAME_GUID,
Assets/NTSD/Sprite/UIPanels/SLOGAN.bmp,OTHER_IMAGE_OWNER_REVIEW,true,true,true,7d1cb9f35b33afe40976be12f4dbbe76,[],0,[],0,false,"[""Assets/NTSD/Sprite/UIPanels/SLOGAN.bmp""]",true,0,PRESENT_SAME_GUID,
Assets/NTSD/Sprite/UIPanels/SPARK.bmp,OTHER_IMAGE_OWNER_REVIEW,true,true,true,08b500759a4996543a133adf62360771,[],0,[],0,false,"[""Assets/NTSD/Sprite/UIPanels/SPARK.bmp""]",true,0,PRESENT_SAME_GUID,
Assets/NTSD/Sprite/UIPanels/SPARK_preview.png,OTHER_IMAGE_OWNER_REVIEW,true,true,true,36dc6b9d7cc143541a4ef0e193d3d17f,[],0,[],0,false,"[""Assets/NTSD/Sprite/UIPanels/SPARK_preview.png""]",true,0,PRESENT_SAME_GUID,
Assets/NTSD/Sprite/UIPanels/white_box.png,OTHER_IMAGE_OWNER_REVIEW,true,true,true,912b40d9d1d0b594f957dd5581d7c066,"[""Assets/NTSD/Scene/NTSD_Menu.unity""]",1,[],0,false,"[""Assets/NTSD/Sprite/UIPanels/white_box.png""]",true,1,PRESENT_SAME_GUID,
Assets/NTSD/Sprite/UIPanels/white_box2.png,OTHER_IMAGE_OWNER_REVIEW,true,true,true,1d0e63ef5f80a7e4288c3d5b2136fab7,"[""Assets/NTSD/Scene/NTSD_Menu.unity""]",1,[],0,false,"[""Assets/NTSD/Sprite/UIPanels/white_box2.png""]",true,1,PRESENT_SAME_GUID,
Assets/NTSD/Sprite/UIPanels/WIN_ALIVE.bmp,OTHER_IMAGE_OWNER_REVIEW,true,true,true,17f403cb8a87b2541bd19745419a50d2,[],0,[],0,false,"[""Assets/NTSD/Sprite/UIPanels/WIN_ALIVE.bmp""]",true,0,PRESENT_SAME_GUID,
Assets/NTSD/Sprite/UIPanels/WIN_DEAD.bmp,OTHER_IMAGE_OWNER_REVIEW,true,true,true,2536fddc89df9f04fb53c47dac2e73d9,[],0,[],0,false,"[""Assets/NTSD/Sprite/UIPanels/WIN_DEAD.bmp""]",true,0,PRESENT_SAME_GUID,
Assets/NTSD/Sprite/Weapon/broken.bmp,OLD_INDEXED_IMAGE,true,true,true,526a30e905f449a4dac559366ddc5c1a,[],0,[],0,false,"[""Assets/NTSD/Sprite/Weapon/broken.bmp""]",true,0,PRESENT_SAME_GUID,
Assets/NTSD/Sprite/Weapon/broken2.bmp,OLD_INDEXED_IMAGE,true,true,true,b84f545c8971798429ef30040290c422,[],0,[],0,false,"[""Assets/NTSD/Sprite/Weapon/broken2.bmp""]",true,0,PRESENT_SAME_GUID,
Assets/NTSD/Sprite/Weapon/criminal.bmp,OLD_INDEXED_IMAGE,true,true,true,2ba4352a6e184594dad4354e64355150,[],0,[],0,false,"[""Assets/NTSD/Sprite/Weapon/criminal.bmp""]",true,0,PRESENT_SAME_GUID,
Assets/NTSD/Sprite/Weapon/criminal2.bmp,OLD_INDEXED_IMAGE,true,true,true,888c3f2f0050a1e4fb188fff65a16360,[],0,[],0,false,"[""Assets/NTSD/Sprite/Weapon/criminal2.bmp""]",true,0,PRESENT_SAME_GUID,
Assets/NTSD/Sprite/Weapon/criminal3.bmp,OLD_INDEXED_IMAGE,true,true,true,9aef7eec4138eb8418a4f5639d77bd29,[],0,[],0,false,"[""Assets/NTSD/Sprite/Weapon/criminal3.bmp""]",true,0,PRESENT_SAME_GUID,
Assets/NTSD/Sprite/Weapon/etc.bmp,OLD_INDEXED_IMAGE,true,true,true,989c2d08de565e844bb30c2ed0860110,[],0,[],0,false,"[""Assets/NTSD/Sprite/Weapon/etc.bmp""]",true,0,PRESENT_SAME_GUID,
Assets/NTSD/Sprite/Weapon/ex_ball.bmp,OLD_INDEXED_IMAGE,true,true,true,fb3ce2bf09712814db14696000f28291,[],0,[],0,false,"[""Assets/NTSD/Sprite/Weapon/ex_ball.bmp""]",true,0,PRESENT_SAME_GUID,
Assets/NTSD/Sprite/Weapon/ex_tag.bmp,OLD_INDEXED_IMAGE,true,true,true,23bf82a6f2abef6429b19dba77a85d9e,[],0,[],0,false,"[""Assets/NTSD/Sprite/Weapon/ex_tag.bmp""]",true,0,PRESENT_SAME_GUID,
Assets/NTSD/Sprite/Weapon/head.bmp,OLD_INDEXED_IMAGE,true,true,true,d90561ec6c7813648a307ec41641978c,[],0,[],0,false,"[""Assets/NTSD/Sprite/Weapon/head.bmp""]",true,0,PRESENT_SAME_GUID,
Assets/NTSD/Sprite/Weapon/kunai.bmp,OLD_INDEXED_IMAGE,true,true,true,dca58186603a429488de1eb7cfeda819,[],0,[],0,false,"[""Assets/NTSD/Sprite/Weapon/kunai.bmp""]",true,0,PRESENT_SAME_GUID,
Assets/NTSD/Sprite/Weapon/log.bmp,OLD_INDEXED_IMAGE,true,true,true,1e0b7fb1578f7e14fb0333541e28d9f5,[],0,[],0,false,"[""Assets/NTSD/Sprite/Weapon/log.bmp""]",true,0,PRESENT_SAME_GUID,
Assets/NTSD/Sprite/Weapon/needle.bmp,OLD_INDEXED_IMAGE,true,true,true,159e87212e934874a8486906009dfa39,[],0,[],0,false,"[""Assets/NTSD/Sprite/Weapon/needle.bmp""]",true,0,PRESENT_SAME_GUID,
Assets/NTSD/Sprite/Weapon/shuriken.bmp,OLD_INDEXED_IMAGE,true,true,true,58e46db6bf3577640aaa6ef12d6b4429,[],0,[],0,false,"[""Assets/NTSD/Sprite/Weapon/shuriken.bmp""]",true,0,PRESENT_SAME_GUID,
Assets/NTSD/Sprite/Weapon/tail.bmp,OLD_INDEXED_IMAGE,true,true,true,5f726418c9d5cf6449b713279646c275,[],0,[],0,false,"[""Assets/NTSD/Sprite/Weapon/tail.bmp""]",true,0,PRESENT_SAME_GUID,
Assets/NTSD/Sprite/Weapon/weapon1.bmp,OLD_INDEXED_IMAGE,true,true,true,6a29eccd5d29fdb45927411b29751a98,[],0,[],0,false,"[""Assets/NTSD/Sprite/Weapon/weapon1.bmp""]",true,0,PRESENT_SAME_GUID,
Assets/NTSD/Sprite/Weapon/weapon3.bmp,OLD_INDEXED_IMAGE,true,true,true,93e97307b56dffd428e825f6eb094fa7,[],0,[],0,false,"[""Assets/NTSD/Sprite/Weapon/weapon3.bmp""]",true,0,PRESENT_SAME_GUID,
Assets/NTSD/Sprite/Weapon/weapon6.bmp,OLD_INDEXED_IMAGE,true,true,true,b80e605f844005e4d875672dde1242a1,[],0,[],0,false,"[""Assets/NTSD/Sprite/Weapon/weapon6.bmp""]",true,0,PRESENT_SAME_GUID,
Assets/NTSD/Sprite/Weapon/weapon8.bmp,OLD_INDEXED_IMAGE,true,true,true,430bab2c334558149b0cc36084f80453,[],0,[],0,false,"[""Assets/NTSD/Sprite/Weapon/weapon8.bmp""]",true,0,PRESENT_SAME_GUID,
Assets/NTSD/Sprite/Weapon/weapon9.bmp,OLD_INDEXED_IMAGE,true,true,true,ad7298790e0800449879b1622c597d6b,[],0,[],0,false,"[""Assets/NTSD/Sprite/Weapon/weapon9.bmp""]",true,0,PRESENT_SAME_GUID,
Assets/NTSD/Sprite/XueYuan/academy.png,OTHER_IMAGE_OWNER_REVIEW,true,true,true,2a5fb4ecfa5345b4a82dd5d98e9dc83c,[],0,[],0,false,"[""Assets/NTSD/Sprite/XueYuan/academy.png""]",true,0,PRESENT_SAME_GUID,
Assets/NTSD/Sprite/XueYuan/academy2.png,OTHER_IMAGE_OWNER_REVIEW,true,true,true,da1dc60c01aff7149829d3c1db86581e,[],0,[],0,false,"[""Assets/NTSD/Sprite/XueYuan/academy2.png""]",true,0,PRESENT_SAME_GUID,
Assets/NTSD/Sprite/XueYuan/academy3.png,OTHER_IMAGE_OWNER_REVIEW,true,true,true,41fed504aa6cf844da3315f7fe27d088,[],0,[],0,false,"[""Assets/NTSD/Sprite/XueYuan/academy3.png""]",true,0,PRESENT_SAME_GUID,
Assets/NTSD/Sprite/XueYuan/academy4.png,OTHER_IMAGE_OWNER_REVIEW,true,true,true,29ba541e39889704d8365b911fef56ef,[],0,[],0,false,"[""Assets/NTSD/Sprite/XueYuan/academy4.png""]",true,0,PRESENT_SAME_GUID,
Assets/NTSD/Sprite/XueYuan/academy5.png,OTHER_IMAGE_OWNER_REVIEW,true,true,true,016e7301cf16a0245be42c86819b8dcb,[],0,[],0,false,"[""Assets/NTSD/Sprite/XueYuan/academy5.png""]",true,0,PRESENT_SAME_GUID,
Assets/NTSD/Sprite/XueYuan/s.png,OTHER_IMAGE_OWNER_REVIEW,true,true,true,04bffa57fa05fe44e8b259e1ba07141a,"[""Assets/NTSD/Prefabs/Common/Shadow.prefab""]",1,[],0,false,"[""Assets/NTSD/Sprite/XueYuan/s.png""]",true,1,PRESENT_SAME_GUID,
