case,tick,input_defend,input_up,input_attack,target_jump,tayuya_action,hidan_action,hidan_x,hidan_y,hidan_environment,platform_target_action,platform_target_x,platform_target_y,platform_collision_ref,platform_source,kind10_applied,kind10_rejected
natural_2_5,1,1,0,0,0,0,0,200,0,0,212,205,-5,0,0,0,0
natural_2_5,2,1,0,0,0,110,0,200,0,0,212,205,-3,0,0,0,0
natural_2_5,3,0,1,0,0,110,0,200,0,0,215,205,0,0,0,0,0
natural_2_5,4,0,1,0,0,110,0,200,0,0,215,205,0,0,0,0,0
natural_2_5,5,0,0,1,0,110,0,200,0,0,0,205,0,0,0,0,0
natural_2_5,6,0,0,1,0,239,1,200,0,0,0,205,0,0,0,0,0
natural_2_5,7,0,0,0,0,239,1,200,0,0,0,205,0,0,0,0,0
natural_2_5,8,0,0,0,0,239,1,200,0,0,0,205,0,0,0,0,0
natural_2_5,9,0,0,0,0,241,1,200,0,0,1,205,0,0,0,0,0
natural_2_5,10,0,0,0,0,241,1,200,0,0,1,205,0,0,0,0,0
natural_2_5,11,0,0,0,0,241,1,200,0,0,1,205,0,0,0,0,0
natural_2_5,12,0,0,0,0,241,2,200,0,0,1,205,0,0,0,0,0
natural_2_5,13,0,0,0,0,242,2,200,0,0,2,205,0,0,0,0,0
natural_2_5,14,0,0,0,0,242,2,200,0,0,2,205,0,0,0,0,0
natural_2_5,15,0,0,0,0,242,2,200,0,0,2,205,0,0,0,0,0
natural_2_5,16,0,0,0,0,242,2,200,0,0,2,205,0,0,0,0,0
natural_2_5,17,0,0,0,0,242,2,200,0,0,3,205,0,0,0,0,0
natural_2_5,18,0,0,0,0,242,3,200,0,0,3,205,0,0,0,0,0
natural_2_5,19,0,0,0,0,242,3,200,0,0,3,205,0,0,0,0,0
natural_2_5,20,0,0,0,0,242,3,200,0,0,3,205,0,0,0,0,0
natural_2_5,21,0,0,0,0,242,3,200,0,0,0,205,0,0,0,0,0
natural_2_5,22,0,0,0,0,243,3,200,0,0,0,205,0,0,0,0,0
natural_2_5,23,0,0,0,0,244,182,200,-2,-20,0,205,0,0,0,1,0
natural_2_5,24,0,0,0,0,244,182,197,-8,-20,0,205,0,0,0,2,0
natural_2_5,25,0,0,0,0,244,182,194,-15,-20,1,205,0,0,0,2,0
natural_2_5,26,0,0,0,0,244,182,191,-23,-20,1,205,0,0,0,2,0
natural_2_5,27,0,0,0,0,244,182,188,-30,-20,1,205,0,0,0,2,0
natural_2_5,28,0,0,0,0,244,182,185,-39,-20,1,205,0,0,0,2,0
natural_2_5,29,0,0,0,0,245,182,182,-45,-20,2,205,0,0,0,2,0
natural_2_5,30,0,0,0,0,245,182,179,-53,-20,2,205,0,0,0,2,0
natural_2_5,31,0,0,0,0,245,182,176,-59,-20,2,205,0,0,0,2,0
natural_2_5,32,0,0,0,0,245,182,173,-66,-20,2,205,0,0,0,2,0
natural_2_5,33,0,0,0,0,245,182,170,-75,-20,3,205,0,0,0,2,0
natural_2_5,34,0,0,0,0,245,182,167,-82,-20,3,205,0,0,0,0,0
natural_2_5,35,0,0,0,0,246,182,164,-87,-20,3,205,0,0,0,0,0
natural_2_5,36,0,0,0,0,246,181,161,-91,-20,3,205,0,0,0,0,0
natural_2_5,37,0,0,0,0,246,181,158,-93,-20,0,205,0,0,0,0,0
natural_2_5,38,0,0,0,0,246,181,155,-93,-20,0,205,0,0,0,0,0
natural_2_5,39,0,0,0,0,246,181,152,-92,-20,0,205,0,0,0,0,0
natural_2_5,40,0,0,0,0,246,181,149,-88,-20,0,205,0,0,0,0,0
natural_2_5,41,0,0,0,0,246,181,146,-83,-20,1,205,0,0,0,0,0
natural_2_5,42,0,0,0,0,246,182,143,-77,-20,1,205,0,0,0,0,0
natural_2_5,43,0,0,0,0,246,182,140,-68,-20,1,205,0,0,0,2,0
natural_2_5,44,0,0,0,0,246,182,137,-67,-20,1,205,0,0,0,2,0
natural_2_5,45,0,0,0,0,247,182,134,-74,-20,2,205,0,0,0,2,0
natural_2_5,46,0,0,0,0,247,182,131,-81,-20,2,205,0,0,0,0,0
natural_2_5,47,0,0,0,0,247,182,128,-87,-20,2,205,0,0,0,0,0
natural_2_5,48,0,0,0,0,247,181,125,-91,-20,2,205,0,0,0,0,0
natural_2_5,49,0,0,0,0,247,181,122,-94,-20,3,205,0,0,0,0,0
natural_2_5,50,0,0,0,0,247,181,119,-95,-20,3,205,0,0,0,0,0
natural_2_5,51,0,0,0,0,247,181,116,-94,-20,3,205,0,0,0,0,0
natural_2_5,52,0,0,0,0,247,181,113,-91,-20,3,205,0,0,0,0,0
natural_2_5,53,0,0,0,0,247,181,110,-87,-20,0,205,0,0,0,0,0
natural_2_5,54,0,0,0,0,247,182,107,-81,-20,0,205,0,0,0,0,0
natural_2_5,55,0,0,0,0,247,182,104,-73,-20,0,205,0,0,0,2,0
natural_2_5,56,0,0,0,0,247,182,101,-73,-20,0,205,0,0,0,2,0
natural_2_5,57,0,0,0,0,247,182,98,-80,-20,1,205,0,0,0,0,0
natural_2_5,58,0,0,0,0,247,182,95,-85,-20,1,205,0,0,0,0,0
natural_2_5,59,0,0,0,0,247,182,92,-88,-20,1,205,0,0,0,0,0
natural_2_5,60,0,0,0,0,247,181,89,-90,-20,1,205,0,0,0,0,0
natural_2_5,61,0,0,0,0,247,181,86,-90,-20,2,205,0,0,0,0,0
natural_2_5,62,0,0,0,0,247,181,83,-89,-20,2,205,0,0,0,0,0
natural_2_5,63,0,0,0,0,247,181,80,-85,-20,2,205,0,0,0,0,0
natural_2_5,64,0,0,0,0,247,181,77,-80,-20,2,205,0,0,0,0,0
natural_2_5,65,0,0,0,0,247,182,74,-74,-20,3,205,0,0,0,2,0
natural_2_5,66,0,0,0,0,247,182,71,-74,-20,3,205,0,0,0,2,0
natural_2_5,67,0,0,0,0,247,182,68,-82,-20,3,205,0,0,0,0,0
natural_2_5,68,0,0,0,0,247,182,65,-88,-20,3,205,0,0,0,0,0
natural_2_5,69,0,0,0,0,247,182,62,-93,-20,0,205,0,0,0,0,0
natural_2_5,70,0,0,0,0,247,182,59,-96,-20,0,205,0,0,0,0,0
natural_2_5,71,0,0,0,0,247,182,56,-97,-20,0,205,0,0,0,0,0
natural_2_5,72,0,0,0,0,247,181,53,-96,-20,0,205,0,0,0,0,0
natural_2_5,73,0,0,0,0,247,181,50,-94,-20,1,205,0,0,0,0,0
natural_2_5,74,0,0,0,0,247,181,47,-90,-20,1,205,0,0,0,0,0
natural_2_5,75,0,0,0,0,247,181,44,-84,-20,1,205,0,0,0,0,0
natural_2_5,76,0,0,0,0,248,182,41,-77,-20,1,205,0,0,0,2,0
natural_2_5,77,0,0,0,0,248,181,38,-77,-20,2,205,0,0,0,0,0
natural_2_5,78,0,0,0,0,249,182,35,-75,-20,2,205,0,0,0,0,0
natural_2_5,79,0,0,0,0,249,182,32,-71,-20,2,205,0,0,0,0,0
natural_2_5,80,0,0,0,0,0,182,29,-66,-20,2,205,0,0,0,0,0
natural_2_5,81,0,0,0,0,0,182,26,-59,-20,3,205,0,0,0,0,0
natural_2_5,82,0,0,0,0,0,182,23,-51,-20,3,205,0,0,0,0,0
natural_2_5,83,0,0,0,0,0,181,20,-40,-20,3,205,0,0,0,0,0
natural_2_5,84,0,0,0,0,1,181,17,-28,-20,3,205,0,0,0,0,0
natural_2_5,85,0,0,0,0,1,181,14,-15,-20,0,205,0,0,0,0,0
natural_2_5,86,0,0,0,0,1,185,11,0,1,0,205,0,0,0,0,0
natural_2_5,87,0,0,0,0,1,185,8,-3,1,0,205,0,0,0,0,0
natural_2_5,88,0,0,0,0,2,185,6,-5,1,0,205,0,0,0,0,0
natural_2_5,89,0,0,0,0,2,185,4,-5,1,1,205,0,0,0,0,0
natural_2_5,90,0,0,0,0,2,185,2,-3,1,1,205,0,0,0,0,0
natural_2_5,91,0,0,0,0,2,185,0,0,1,1,205,0,0,0,0,0
natural_2_5,92,0,0,0,0,3,230,0,0,0,1,205,0,0,0,0,0
natural_2_5,93,0,0,0,0,3,230,0,0,0,2,205,0,0,0,0,0
natural_2_5,94,0,0,0,0,3,230,0,0,0,2,205,0,0,0,0,0
natural_2_5,95,0,0,0,0,3,230,0,0,0,2,205,0,0,0,0,0
natural_2_5,96,0,0,0,0,0,230,0,0,0,2,205,0,0,0,0,0
natural_1_3,1,1,0,0,0,0,0,200,0,0,212,205,-5,0,0,0,0
natural_1_3,2,0,1,0,0,5,0,200,0,0,212,205,-3,0,0,0,0
natural_1_3,3,0,0,1,0,5,0,200,0,0,215,205,0,0,0,0,0
natural_1_3,4,0,0,0,0,5,0,200,0,0,215,205,0,0,0,0,0
natural_1_3,5,0,0,0,0,0,0,200,0,0,0,205,0,0,0,0,0
natural_1_3,6,0,0,0,0,0,1,200,0,0,0,205,0,0,0,0,0
natural_1_3,7,0,0,0,0,0,1,200,0,0,0,205,0,0,0,0,0
natural_1_3,8,0,0,0,0,0,1,200,0,0,0,205,0,0,0,0,0
natural_1_3,9,0,0,0,0,1,1,200,0,0,1,205,0,0,0,0,0
natural_1_3,10,0,0,0,0,1,1,200,0,0,1,205,0,0,0,0,0
natural_1_3,11,0,0,0,0,1,1,200,0,0,1,205,0,0,0,0,0
natural_1_3,12,0,0,0,0,1,2,200,0,0,1,205,0,0,0,0,0
natural_1_3,13,0,0,0,0,2,2,200,0,0,2,205,0,0,0,0,0
natural_1_3,14,0,0,0,0,2,2,200,0,0,2,205,0,0,0,0,0
natural_1_3,15,0,0,0,0,2,2,200,0,0,2,205,0,0,0,0,0
natural_1_3,16,0,0,0,0,2,2,200,0,0,2,205,0,0,0,0,0
natural_1_3,17,0,0,0,0,3,2,200,0,0,3,205,0,0,0,0,0
natural_1_3,18,0,0,0,0,3,3,200,0,0,3,205,0,0,0,0,0
natural_1_3,19,0,0,0,0,3,3,200,0,0,3,205,0,0,0,0,0
natural_1_3,20,0,0,0,0,3,3,200,0,0,3,205,0,0,0,0,0
natural_1_3,21,0,0,0,0,0,3,200,0,0,0,205,0,0,0,0,0
natural_1_3,22,0,0,0,0,0,3,200,0,0,0,205,0,0,0,0,0
natural_1_3,23,0,0,0,0,0,3,200,0,0,0,205,0,0,0,0,0
natural_1_3,24,0,0,0,0,0,0,200,0,0,0,205,0,0,0,0,0
natural_1_3,25,0,0,0,0,1,0,200,0,0,1,205,0,0,0,0,0
natural_1_3,26,0,0,0,0,1,0,200,0,0,1,205,0,0,0,0,0
natural_1_3,27,0,0,0,0,1,0,200,0,0,1,205,0,0,0,0,0
natural_1_3,28,0,0,0,0,1,0,200,0,0,1,205,0,0,0,0,0
natural_1_3,29,0,0,0,0,2,0,200,0,0,2,205,0,0,0,0,0
natural_1_3,30,0,0,0,0,2,1,200,0,0,2,205,0,0,0,0,0
natural_1_3,31,0,0,0,0,2,1,200,0,0,2,205,0,0,0,0,0
natural_1_3,32,0,0,0,0,2,1,200,0,0,2,205,0,0,0,0,0
natural_1_3,33,0,0,0,0,3,1,200,0,0,3,205,0,0,0,0,0
natural_1_3,34,0,0,0,0,3,1,200,0,0,3,205,0,0,0,0,0
natural_1_3,35,0,0,0,0,3,1,200,0,0,3,205,0,0,0,0,0
natural_1_3,36,0,0,0,0,3,2,200,0,0,3,205,0,0,0,0,0
natural_1_3,37,0,0,0,0,0,2,200,0,0,0,205,0,0,0,0,0
natural_1_3,38,0,0,0,0,0,2,200,0,0,0,205,0,0,0,0,0
natural_1_3,39,0,0,0,0,0,2,200,0,0,0,205,0,0,0,0,0
natural_1_3,40,0,0,0,0,0,2,200,0,0,0,205,0,0,0,0,0
natural_1_3,41,0,0,0,0,1,2,200,0,0,1,205,0,0,0,0,0
natural_1_3,42,0,0,0,0,1,3,200,0,0,1,205,0,0,0,0,0
natural_1_3,43,0,0,0,0,1,3,200,0,0,1,205,0,0,0,0,0
natural_1_3,44,0,0,0,0,1,3,200,0,0,1,205,0,0,0,0,0
natural_1_3,45,0,0,0,0,2,3,200,0,0,2,205,0,0,0,0,0
natural_1_3,46,0,0,0,0,2,3,200,0,0,2,205,0,0,0,0,0
natural_1_3,47,0,0,0,0,2,3,200,0,0,2,205,0,0,0,0,0
natural_1_3,48,0,0,0,0,2,0,200,0,0,2,205,0,0,0,0,0
natural_1_3,49,0,0,0,0,3,0,200,0,0,3,205,0,0,0,0,0
natural_1_3,50,0,0,0,0,3,0,200,0,0,3,205,0,0,0,0,0
natural_1_3,51,0,0,0,0,3,0,200,0,0,3,205,0,0,0,0,0
natural_1_3,52,0,0,0,0,3,0,200,0,0,3,205,0,0,0,0,0
natural_1_3,53,0,0,0,0,0,0,200,0,0,0,205,0,0,0,0,0
natural_1_3,54,0,0,0,0,0,1,200,0,0,0,205,0,0,0,0,0
natural_1_3,55,0,0,0,0,0,1,200,0,0,0,205,0,0,0,0,0
natural_1_3,56,0,0,0,0,0,1,200,0,0,0,205,0,0,0,0,0
natural_1_3,57,0,0,0,0,1,1,200,0,0,1,205,0,0,0,0,0
natural_1_3,58,0,0,0,0,1,1,200,0,0,1,205,0,0,0,0,0
natural_1_3,59,0,0,0,0,1,1,200,0,0,1,205,0,0,0,0,0
natural_1_3,60,0,0,0,0,1,2,200,0,0,1,205,0,0,0,0,0
natural_1_3,61,0,0,0,0,2,2,200,0,0,2,205,0,0,0,0,0
natural_1_3,62,0,0,0,0,2,2,200,0,0,2,205,0,0,0,0,0
natural_1_3,63,0,0,0,0,2,2,200,0,0,2,205,0,0,0,0,0
natural_1_3,64,0,0,0,0,2,2,200,0,0,2,205,0,0,0,0,0
natural_1_3,65,0,0,0,0,3,2,200,0,0,3,205,0,0,0,0,0
natural_1_3,66,0,0,0,0,3,3,200,0,0,3,205,0,0,0,0,0
natural_1_3,67,0,0,0,0,3,3,200,0,0,3,205,0,0,0,0,0
natural_1_3,68,0,0,0,0,3,3,200,0,0,3,205,0,0,0,0,0
natural_1_3,69,0,0,0,0,0,3,200,0,0,0,205,0,0,0,0,0
natural_1_3,70,0,0,0,0,0,3,200,0,0,0,205,0,0,0,0,0
natural_1_3,71,0,0,0,0,0,3,200,0,0,0,205,0,0,0,0,0
natural_1_3,72,0,0,0,0,0,0,200,0,0,0,205,0,0,0,0,0
natural_1_3,73,0,0,0,0,1,0,200,0,0,1,205,0,0,0,0,0
natural_1_3,74,0,0,0,0,1,0,200,0,0,1,205,0,0,0,0,0
natural_1_3,75,0,0,0,0,1,0,200,0,0,1,205,0,0,0,0,0
natural_1_3,76,0,0,0,0,1,0,200,0,0,1,205,0,0,0,0,0
natural_1_3,77,0,0,0,0,2,0,200,0,0,2,205,0,0,0,0,0
natural_1_3,78,0,0,0,0,2,1,200,0,0,2,205,0,0,0,0,0
natural_1_3,79,0,0,0,0,2,1,200,0,0,2,205,0,0,0,0,0
natural_1_3,80,0,0,0,0,2,1,200,0,0,2,205,0,0,0,0,0
natural_1_3,81,0,0,0,0,3,1,200,0,0,3,205,0,0,0,0,0
natural_1_3,82,0,0,0,0,3,1,200,0,0,3,205,0,0,0,0,0
natural_1_3,83,0,0,0,0,3,1,200,0,0,3,205,0,0,0,0,0
natural_1_3,84,0,0,0,0,3,2,200,0,0,3,205,0,0,0,0,0
natural_1_3,85,0,0,0,0,0,2,200,0,0,0,205,0,0,0,0,0
natural_1_3,86,0,0,0,0,0,2,200,0,0,0,205,0,0,0,0,0
natural_1_3,87,0,0,0,0,0,2,200,0,0,0,205,0,0,0,0,0
natural_1_3,88,0,0,0,0,0,2,200,0,0,0,205,0,0,0,0,0
natural_1_3,89,0,0,0,0,1,2,200,0,0,1,205,0,0,0,0,0
natural_1_3,90,0,0,0,0,1,3,200,0,0,1,205,0,0,0,0,0
natural_1_3,91,0,0,0,0,1,3,200,0,0,1,205,0,0,0,0,0
natural_1_3,92,0,0,0,0,1,3,200,0,0,1,205,0,0,0,0,0
natural_1_3,93,0,0,0,0,2,3,200,0,0,2,205,0,0,0,0,0
natural_1_3,94,0,0,0,0,2,3,200,0,0,2,205,0,0,0,0,0
natural_1_3,95,0,0,0,0,2,3,200,0,0,2,205,0,0,0,0,0
natural_1_3,96,0,0,0,0,2,0,200,0,0,2,205,0,0,0,0,0
natural_2_7,1,1,0,0,0,0,0,200,0,0,212,205,-5,0,0,0,0
natural_2_7,2,1,0,0,0,110,0,200,0,0,212,205,-3,0,0,0,0
natural_2_7,3,0,1,0,0,110,0,200,0,0,215,205,0,0,0,0,0
natural_2_7,4,0,1,0,0,110,0,200,0,0,215,205,0,0,0,0,0
natural_2_7,5,0,0,0,0,110,0,200,0,0,0,205,0,0,0,0,0
natural_2_7,6,0,0,0,0,110,1,200,0,0,0,205,0,0,0,0,0
natural_2_7,7,0,0,1,0,110,1,200,0,0,0,205,0,0,0,0,0
natural_2_7,8,0,0,1,0,239,1,200,0,0,0,205,0,0,0,0,0
natural_2_7,9,0,0,0,0,239,1,200,0,0,1,205,0,0,0,0,0
natural_2_7,10,0,0,0,0,239,1,200,0,0,1,205,0,0,0,0,0
natural_2_7,11,0,0,0,0,241,1,200,0,0,1,205,0,0,0,0,0
natural_2_7,12,0,0,0,0,241,2,200,0,0,1,205,0,0,0,0,0
natural_2_7,13,0,0,0,0,241,2,200,0,0,2,205,0,0,0,0,0
natural_2_7,14,0,0,0,0,241,2,200,0,0,2,205,0,0,0,0,0
natural_2_7,15,0,0,0,0,242,2,200,0,0,2,205,0,0,0,0,0
natural_2_7,16,0,0,0,0,242,2,200,0,0,2,205,0,0,0,0,0
natural_2_7,17,0,0,0,0,242,2,200,0,0,3,205,0,0,0,0,0
natural_2_7,18,0,0,0,0,242,3,200,0,0,3,205,0,0,0,0,0
natural_2_7,19,0,0,0,0,242,3,200,0,0,3,205,0,0,0,0,0
natural_2_7,20,0,0,0,0,242,3,200,0,0,3,205,0,0,0,0,0
natural_2_7,21,0,0,0,0,242,3,200,0,0,0,205,0,0,0,0,0
natural_2_7,22,0,0,0,0,242,3,200,0,0,0,205,0,0,0,0,0
natural_2_7,23,0,0,0,0,242,3,200,0,0,0,205,0,0,0,0,0
natural_2_7,24,0,0,0,0,243,0,200,0,0,0,205,0,0,0,0,0
natural_2_7,25,0,0,0,0,244,182,200,-2,-20,1,205,0,0,0,1,0
natural_2_7,26,0,0,0,0,244,182,197,-8,-20,1,205,0,0,0,2,0
natural_2_7,27,0,0,0,0,244,182,194,-15,-20,1,205,0,0,0,2,0
natural_2_7,28,0,0,0,0,244,182,191,-23,-20,1,205,0,0,0,2,0
natural_2_7,29,0,0,0,0,244,182,188,-30,-20,2,205,0,0,0,2,0
natural_2_7,30,0,0,0,0,244,182,185,-39,-20,2,205,0,0,0,2,0
natural_2_7,31,0,0,0,0,245,182,182,-45,-20,2,205,0,0,0,2,0
natural_2_7,32,0,0,0,0,245,182,179,-53,-20,2,205,0,0,0,2,0
natural_2_7,33,0,0,0,0,245,182,176,-59,-20,3,205,0,0,0,2,0
natural_2_7,34,0,0,0,0,245,182,173,-66,-20,3,205,0,0,0,2,0
natural_2_7,35,0,0,0,0,245,182,170,-75,-20,3,205,0,0,0,2,0
natural_2_7,36,0,0,0,0,245,181,167,-82,-20,3,205,0,0,0,0,0
natural_2_7,37,0,0,0,0,246,181,164,-87,-20,0,205,0,0,0,0,0
natural_2_7,38,0,0,0,0,246,181,161,-91,-20,0,205,0,0,0,0,0
natural_2_7,39,0,0,0,0,246,181,158,-93,-20,0,205,0,0,0,0,0
natural_2_7,40,0,0,0,0,246,181,155,-93,-20,0,205,0,0,0,0,0
natural_2_7,41,0,0,0,0,246,181,152,-92,-20,1,205,0,0,0,0,0
natural_2_7,42,0,0,0,0,246,182,149,-88,-20,1,205,0,0,0,0,0
natural_2_7,43,0,0,0,0,246,182,146,-83,-20,1,205,0,0,0,0,0
natural_2_7,44,0,0,0,0,246,182,143,-77,-20,1,205,0,0,0,0,0
natural_2_7,45,0,0,0,0,246,182,140,-68,-20,2,205,0,0,0,2,0
natural_2_7,46,0,0,0,0,246,182,137,-67,-20,2,205,0,0,0,2,0
natural_2_7,47,0,0,0,0,247,182,134,-74,-20,2,205,0,0,0,2,0
natural_2_7,48,0,0,0,0,247,181,131,-81,-20,2,205,0,0,0,0,0
natural_2_7,49,0,0,0,0,247,181,128,-87,-20,3,205,0,0,0,0,0
natural_2_7,50,0,0,0,0,247,181,125,-91,-20,3,205,0,0,0,0,0
natural_2_7,51,0,0,0,0,247,181,122,-94,-20,3,205,0,0,0,0,0
natural_2_7,52,0,0,0,0,247,181,119,-95,-20,3,205,0,0,0,0,0
natural_2_7,53,0,0,0,0,247,181,116,-94,-20,0,205,0,0,0,0,0
natural_2_7,54,0,0,0,0,247,182,113,-91,-20,0,205,0,0,0,0,0
natural_2_7,55,0,0,0,0,247,182,110,-87,-20,0,205,0,0,0,0,0
natural_2_7,56,0,0,0,0,247,182,107,-81,-20,0,205,0,0,0,0,0
natural_2_7,57,0,0,0,0,247,182,104,-73,-20,1,205,0,0,0,2,0
natural_2_7,58,0,0,0,0,247,182,101,-73,-20,1,205,0,0,0,2,0
natural_2_7,59,0,0,0,0,247,182,98,-80,-20,1,205,0,0,0,0,0
natural_2_7,60,0,0,0,0,247,181,95,-85,-20,1,205,0,0,0,0,0
natural_2_7,61,0,0,0,0,247,181,92,-88,-20,2,205,0,0,0,0,0
natural_2_7,62,0,0,0,0,247,181,89,-90,-20,2,205,0,0,0,0,0
natural_2_7,63,0,0,0,0,247,181,86,-90,-20,2,205,0,0,0,0,0
natural_2_7,64,0,0,0,0,247,181,83,-89,-20,2,205,0,0,0,0,0
natural_2_7,65,0,0,0,0,247,181,80,-85,-20,3,205,0,0,0,0,0
natural_2_7,66,0,0,0,0,247,182,77,-80,-20,3,205,0,0,0,0,0
natural_2_7,67,0,0,0,0,247,182,74,-74,-20,3,205,0,0,0,2,0
natural_2_7,68,0,0,0,0,247,182,71,-74,-20,3,205,0,0,0,2,0
natural_2_7,69,0,0,0,0,247,182,68,-82,-20,0,205,0,0,0,0,0
natural_2_7,70,0,0,0,0,247,182,65,-88,-20,0,205,0,0,0,0,0
natural_2_7,71,0,0,0,0,247,182,62,-93,-20,0,205,0,0,0,0,0
natural_2_7,72,0,0,0,0,247,181,59,-96,-20,0,205,0,0,0,0,0
natural_2_7,73,0,0,0,0,247,181,56,-97,-20,1,205,0,0,0,0,0
natural_2_7,74,0,0,0,0,247,181,53,-96,-20,1,205,0,0,0,0,0
natural_2_7,75,0,0,0,0,247,181,50,-94,-20,1,205,0,0,0,0,0
natural_2_7,76,0,0,0,0,247,181,47,-90,-20,1,205,0,0,0,0,0
natural_2_7,77,0,0,0,0,247,181,44,-84,-20,2,205,0,0,0,0,0
natural_2_7,78,0,0,0,0,248,182,41,-77,-20,2,205,0,0,0,0,0
natural_2_7,79,0,0,0,0,248,182,38,-68,-20,2,205,0,0,0,0,0
natural_2_7,80,0,0,0,0,249,181,35,-57,-20,2,205,0,0,0,0,0
natural_2_7,81,0,0,0,0,249,181,32,-44,-20,3,205,0,0,0,0,0
natural_2_7,82,0,0,0,0,0,181,29,-30,-20,3,205,0,0,0,0,0
natural_2_7,83,0,0,0,0,0,181,26,-14,-20,3,205,0,0,0,0,0
natural_2_7,84,0,0,0,0,0,185,23,0,1,3,205,0,0,0,0,0
natural_2_7,85,0,0,0,0,0,185,20,-3,1,0,205,0,0,0,0,0
natural_2_7,86,0,0,0,0,1,185,18,-5,1,0,205,0,0,0,0,0
natural_2_7,87,0,0,0,0,1,185,16,-5,1,0,205,0,0,0,0,0
natural_2_7,88,0,0,0,0,1,185,14,-3,1,0,205,0,0,0,0,0
natural_2_7,89,0,0,0,0,1,185,12,0,1,1,205,0,0,0,0,0
natural_2_7,90,0,0,0,0,2,230,10,0,0,1,205,0,0,0,0,0
natural_2_7,91,0,0,0,0,2,230,9,0,0,1,205,0,0,0,0,0
natural_2_7,92,0,0,0,0,2,230,9,0,0,1,205,0,0,0,0,0
natural_2_7,93,0,0,0,0,2,230,9,0,0,2,205,0,0,0,0,0
natural_2_7,94,0,0,0,0,3,230,9,0,0,2,205,0,0,0,0,0
natural_2_7,95,0,0,0,0,3,230,9,0,0,2,205,0,0,0,0,0
natural_2_7,96,0,0,0,0,3,230,9,0,0,2,205,0,0,0,0,0
natural_2_5_far,1,1,0,0,0,0,0,200,0,0,212,240,-5,0,0,0,0
natural_2_5_far,2,1,0,0,0,110,0,200,0,0,212,240,-3,0,0,0,0
natural_2_5_far,3,0,1,0,0,110,0,200,0,0,215,240,0,0,0,0,0
natural_2_5_far,4,0,1,0,0,110,0,200,0,0,215,240,0,0,0,0,0
natural_2_5_far,5,0,0,1,0,110,0,200,0,0,0,240,0,0,0,0,0
natural_2_5_far,6,0,0,1,0,239,1,200,0,0,0,240,0,0,0,0,0
natural_2_5_far,7,0,0,0,0,239,1,200,0,0,0,240,0,0,0,0,0
natural_2_5_far,8,0,0,0,0,239,1,200,0,0,0,240,0,0,0,0,0
natural_2_5_far,9,0,0,0,0,241,1,200,0,0,1,240,0,0,0,0,0
natural_2_5_far,10,0,0,0,0,241,1,200,0,0,1,240,0,0,0,0,0
natural_2_5_far,11,0,0,0,0,241,1,200,0,0,1,240,0,0,0,0,0
natural_2_5_far,12,0,0,0,0,241,2,200,0,0,1,240,0,0,0,0,0
natural_2_5_far,13,0,0,0,0,242,2,200,0,0,2,240,0,0,0,0,0
natural_2_5_far,14,0,0,0,0,242,2,200,0,0,2,240,0,0,0,0,0
natural_2_5_far,15,0,0,0,0,242,2,200,0,0,2,240,0,0,0,0,0
natural_2_5_far,16,0,0,0,0,242,2,200,0,0,2,240,0,0,0,0,0
natural_2_5_far,17,0,0,0,0,242,2,200,0,0,3,240,0,0,0,0,0
natural_2_5_far,18,0,0,0,0,242,3,200,0,0,3,240,0,0,0,0,0
natural_2_5_far,19,0,0,0,0,242,3,200,0,0,3,240,0,0,0,0,0
natural_2_5_far,20,0,0,0,0,242,3,200,0,0,3,240,0,0,0,0,0
natural_2_5_far,21,0,0,0,0,242,3,200,0,0,0,240,0,0,0,0,0
natural_2_5_far,22,0,0,0,0,243,3,200,0,0,0,240,0,0,0,0,0
natural_2_5_far,23,0,0,0,0,244,182,200,-2,-20,0,240,0,0,0,1,0
natural_2_5_far,24,0,0,0,0,244,182,197,-8,-20,0,240,0,0,0,2,0
natural_2_5_far,25,0,0,0,0,244,182,194,-15,-20,1,240,0,0,0,2,0
natural_2_5_far,26,0,0,0,0,244,182,191,-23,-20,1,240,0,0,0,2,0
natural_2_5_far,27,0,0,0,0,244,182,188,-30,-20,1,240,0,0,0,2,0
natural_2_5_far,28,0,0,0,0,244,182,185,-39,-20,1,240,0,0,0,2,0
natural_2_5_far,29,0,0,0,0,245,182,182,-45,-20,2,240,0,0,0,2,0
natural_2_5_far,30,0,0,0,0,245,182,179,-53,-20,2,240,0,0,0,2,0
natural_2_5_far,31,0,0,0,0,245,182,176,-59,-20,2,240,0,0,0,2,0
natural_2_5_far,32,0,0,0,0,245,182,173,-66,-20,2,240,0,0,0,2,0
natural_2_5_far,33,0,0,0,0,245,182,170,-75,-20,3,240,0,0,0,2,0
natural_2_5_far,34,0,0,0,0,245,182,167,-82,-20,3,240,0,0,0,0,0
natural_2_5_far,35,0,0,0,0,246,182,164,-87,-20,3,240,0,0,0,0,0
natural_2_5_far,36,0,0,0,0,246,181,161,-91,-20,3,240,0,0,0,0,0
natural_2_5_far,37,0,0,0,0,246,181,158,-93,-20,0,240,0,0,0,0,0
natural_2_5_far,38,0,0,0,0,246,181,155,-93,-20,0,240,0,0,0,0,0
natural_2_5_far,39,0,0,0,0,246,181,152,-92,-20,0,240,0,0,0,0,0
natural_2_5_far,40,0,0,0,0,246,181,149,-88,-20,0,240,0,0,0,0,0
natural_2_5_far,41,0,0,0,0,246,181,146,-83,-20,1,240,0,0,0,0,0
natural_2_5_far,42,0,0,0,0,246,182,143,-77,-20,1,240,0,0,0,0,0
natural_2_5_far,43,0,0,0,0,246,182,140,-68,-20,1,240,0,0,0,2,0
natural_2_5_far,44,0,0,0,0,246,182,137,-67,-20,1,240,0,0,0,2,0
natural_2_5_far,45,0,0,0,0,247,182,134,-74,-20,2,240,0,0,0,2,0
natural_2_5_far,46,0,0,0,0,247,182,131,-81,-20,2,240,0,0,0,0,0
natural_2_5_far,47,0,0,0,0,247,182,128,-87,-20,2,240,0,0,0,0,0
natural_2_5_far,48,0,0,0,0,247,181,125,-91,-20,2,240,0,0,0,0,0
natural_2_5_far,49,0,0,0,0,247,181,122,-94,-20,3,240,0,0,0,0,0
natural_2_5_far,50,0,0,0,0,247,181,119,-95,-20,3,240,0,0,0,0,0
natural_2_5_far,51,0,0,0,0,247,181,116,-94,-20,3,240,0,0,0,0,0
natural_2_5_far,52,0,0,0,0,247,181,113,-91,-20,3,240,0,0,0,0,0
natural_2_5_far,53,0,0,0,0,247,181,110,-87,-20,0,240,0,0,0,0,0
natural_2_5_far,54,0,0,0,0,247,182,107,-81,-20,0,240,0,0,0,0,0
natural_2_5_far,55,0,0,0,0,247,182,104,-73,-20,0,240,0,0,0,2,0
natural_2_5_far,56,0,0,0,0,247,182,101,-73,-20,0,240,0,0,0,2,0
natural_2_5_far,57,0,0,0,0,247,182,98,-80,-20,1,240,0,0,0,0,0
natural_2_5_far,58,0,0,0,0,247,182,95,-85,-20,1,240,0,0,0,0,0
natural_2_5_far,59,0,0,0,0,247,182,92,-88,-20,1,240,0,0,0,0,0
natural_2_5_far,60,0,0,0,0,247,181,89,-90,-20,1,240,0,0,0,0,0
natural_2_5_far,61,0,0,0,0,247,181,86,-90,-20,2,240,0,0,0,0,0
natural_2_5_far,62,0,0,0,0,247,181,83,-89,-20,2,240,0,0,0,0,0
natural_2_5_far,63,0,0,0,0,247,181,80,-85,-20,2,240,0,0,0,0,0
natural_2_5_far,64,0,0,0,0,247,181,77,-80,-20,2,240,0,0,0,0,0
natural_2_5_far,65,0,0,0,0,247,182,74,-74,-20,3,240,0,0,0,2,0
natural_2_5_far,66,0,0,0,0,247,182,71,-74,-20,3,240,0,0,0,2,0
natural_2_5_far,67,0,0,0,0,247,182,68,-82,-20,3,240,0,0,0,0,0
natural_2_5_far,68,0,0,0,0,247,182,65,-88,-20,3,240,0,0,0,0,0
natural_2_5_far,69,0,0,0,0,247,182,62,-93,-20,0,240,0,0,0,0,0
natural_2_5_far,70,0,0,0,0,247,182,59,-96,-20,0,240,0,0,0,0,0
natural_2_5_far,71,0,0,0,0,247,182,56,-97,-20,0,240,0,0,0,0,0
natural_2_5_far,72,0,0,0,0,247,181,53,-96,-20,0,240,0,0,0,0,0
natural_2_5_far,73,0,0,0,0,247,181,50,-94,-20,1,240,0,0,0,0,0
natural_2_5_far,74,0,0,0,0,247,181,47,-90,-20,1,240,0,0,0,0,0
natural_2_5_far,75,0,0,0,0,247,181,44,-84,-20,1,240,0,0,0,0,0
natural_2_5_far,76,0,0,0,0,248,182,41,-77,-20,1,240,0,0,0,2,0
natural_2_5_far,77,0,0,0,0,248,181,38,-77,-20,2,240,0,0,0,0,0
natural_2_5_far,78,0,0,0,0,249,182,35,-75,-20,2,240,0,0,0,0,0
natural_2_5_far,79,0,0,0,0,249,182,32,-71,-20,2,240,0,0,0,0,0
natural_2_5_far,80,0,0,0,0,0,182,29,-66,-20,2,240,0,0,0,0,0
natural_2_5_far,81,0,0,0,0,0,182,26,-59,-20,3,240,0,0,0,0,0
natural_2_5_far,82,0,0,0,0,0,182,23,-51,-20,3,240,0,0,0,0,0
natural_2_5_far,83,0,0,0,0,0,181,20,-40,-20,3,240,0,0,0,0,0
natural_2_5_far,84,0,0,0,0,1,181,17,-28,-20,3,240,0,0,0,0,0
natural_2_5_far,85,0,0,0,0,1,181,14,-15,-20,0,240,0,0,0,0,0
natural_2_5_far,86,0,0,0,0,1,185,11,0,1,0,240,0,0,0,0,0
natural_2_5_far,87,0,0,0,0,1,185,8,-3,1,0,240,0,0,0,0,0
natural_2_5_far,88,0,0,0,0,2,185,6,-5,1,0,240,0,0,0,0,0
natural_2_5_far,89,0,0,0,0,2,185,4,-5,1,1,240,0,0,0,0,0
natural_2_5_far,90,0,0,0,0,2,185,2,-3,1,1,240,0,0,0,0,0
natural_2_5_far,91,0,0,0,0,2,185,0,0,1,1,240,0,0,0,0,0
natural_2_5_far,92,0,0,0,0,3,230,0,0,0,1,240,0,0,0,0,0
natural_2_5_far,93,0,0,0,0,3,230,0,0,0,2,240,0,0,0,0,0
natural_2_5_far,94,0,0,0,0,3,230,0,0,0,2,240,0,0,0,0,0
natural_2_5_far,95,0,0,0,0,3,230,0,0,0,2,240,0,0,0,0,0
natural_2_5_far,96,0,0,0,0,0,230,0,0,0,2,240,0,0,0,0,0
controlled_239,1,0,0,0,0,239,0,200,0,0,212,205,-5,0,0,0,0
controlled_239,2,0,0,0,0,239,0,200,0,0,212,205,-3,0,0,0,0
controlled_239,3,0,0,0,0,239,0,200,0,0,215,205,0,0,0,0,0
controlled_239,4,0,0,0,0,241,0,200,0,0,215,205,0,0,0,0,0
controlled_239,5,0,0,0,0,241,0,200,0,0,0,205,0,0,0,0,0
controlled_239,6,0,0,0,0,241,1,200,0,0,0,205,0,0,0,0,0
controlled_239,7,0,0,0,0,241,1,200,0,0,0,205,0,0,0,0,0
controlled_239,8,0,0,0,0,242,1,200,0,0,0,205,0,0,0,0,0
controlled_239,9,0,0,0,0,242,1,200,0,0,1,205,0,0,0,0,0
controlled_239,10,0,0,0,0,242,1,200,0,0,1,205,0,0,0,0,0
controlled_239,11,0,0,0,0,242,1,200,0,0,1,205,0,0,0,0,0
controlled_239,12,0,0,0,0,242,2,200,0,0,1,205,0,0,0,0,0
controlled_239,13,0,0,0,0,242,2,200,0,0,2,205,0,0,0,0,0
controlled_239,14,0,0,0,0,242,2,200,0,0,2,205,0,0,0,0,0
controlled_239,15,0,0,0,0,242,2,200,0,0,2,205,0,0,0,0,0
controlled_239,16,0,0,0,0,242,2,200,0,0,2,205,0,0,0,0,0
controlled_239,17,0,0,0,0,243,2,200,0,0,3,205,0,0,0,0,0
controlled_239,18,0,0,0,0,244,182,200,-2,-20,3,205,0,0,0,1,0
controlled_239,19,0,0,0,0,244,182,197,-8,-20,3,205,0,0,0,1,0
controlled_239,20,0,0,0,0,244,182,194,-15,-20,3,205,0,0,0,1,0
controlled_239,21,0,0,0,0,244,182,191,-23,-20,0,205,0,0,0,2,0
controlled_239,22,0,0,0,0,244,182,188,-30,-20,0,205,0,0,0,2,0
controlled_239,23,0,0,0,0,244,182,185,-39,-20,0,205,0,0,0,2,0
controlled_239,24,0,0,0,0,245,182,182,-45,-20,0,205,0,0,0,2,0
controlled_239,25,0,0,0,0,245,182,179,-53,-20,1,205,0,0,0,2,0
controlled_239,26,0,0,0,0,245,182,176,-59,-20,1,205,0,0,0,2,0
controlled_239,27,0,0,0,0,245,182,173,-66,-20,1,205,0,0,0,2,0
controlled_239,28,0,0,0,0,245,182,170,-75,-20,1,205,0,0,0,2,0
controlled_239,29,0,0,0,0,245,181,167,-82,-20,2,205,0,0,0,0,0
controlled_239,30,0,0,0,0,246,182,164,-87,-20,2,205,0,0,0,0,0
controlled_239,31,0,0,0,0,246,182,161,-91,-20,2,205,0,0,0,0,0
controlled_239,32,0,0,0,0,246,182,158,-93,-20,2,205,0,0,0,0,0
controlled_239,33,0,0,0,0,246,182,155,-93,-20,3,205,0,0,0,0,0
controlled_239,34,0,0,0,0,246,182,152,-92,-20,3,205,0,0,0,0,0
controlled_239,35,0,0,0,0,246,182,149,-88,-20,3,205,0,0,0,0,0
controlled_239,36,0,0,0,0,246,181,146,-83,-20,3,205,0,0,0,0,0
controlled_239,37,0,0,0,0,246,182,143,-77,-20,0,205,0,0,0,2,0
controlled_239,38,0,0,0,0,246,182,140,-77,-20,0,205,0,0,0,2,0
controlled_239,39,0,0,0,0,246,181,137,-85,-20,0,205,0,0,0,0,0
controlled_239,40,0,0,0,0,247,181,134,-92,-20,0,205,0,0,0,0,0
controlled_239,41,0,0,0,0,247,181,131,-96,-20,1,205,0,0,0,0,0
controlled_239,42,0,0,0,0,247,182,128,-99,-20,1,205,0,0,0,0,0
controlled_239,43,0,0,0,0,247,182,125,-100,-20,1,205,0,0,0,0,0
controlled_239,44,0,0,0,0,247,182,122,-100,-20,1,205,0,0,0,0,0
controlled_239,45,0,0,0,0,247,182,119,-98,-20,2,205,0,0,0,0,0
controlled_239,46,0,0,0,0,247,182,116,-94,-20,2,205,0,0,0,0,0
controlled_239,47,0,0,0,0,247,182,113,-88,-20,2,205,0,0,0,0,0
controlled_239,48,0,0,0,0,247,181,110,-81,-20,2,205,0,0,0,0,0
controlled_239,49,0,0,0,0,247,182,107,-72,-20,3,205,0,0,0,2,0
controlled_239,50,0,0,0,0,247,182,104,-70,-20,3,205,0,0,0,2,0
controlled_239,51,0,0,0,0,247,182,101,-76,-20,3,205,0,0,0,2,0
controlled_239,52,0,0,0,0,247,181,98,-83,-20,3,205,0,0,0,0,0
controlled_239,53,0,0,0,0,247,181,95,-88,-20,0,205,0,0,0,0,0
controlled_239,54,0,0,0,0,247,182,92,-91,-20,0,205,0,0,0,0,0
controlled_239,55,0,0,0,0,247,182,89,-93,-20,0,205,0,0,0,0,0
controlled_239,56,0,0,0,0,247,182,86,-93,-20,0,205,0,0,0,0,0
controlled_239,57,0,0,0,0,247,182,83,-92,-20,1,205,0,0,0,0,0
controlled_239,58,0,0,0,0,247,182,80,-88,-20,1,205,0,0,0,0,0
controlled_239,59,0,0,0,0,247,182,77,-83,-20,1,205,0,0,0,0,0
controlled_239,60,0,0,0,0,247,182,74,-77,-20,1,205,0,0,0,2,0
controlled_239,61,0,0,0,0,247,182,71,-77,-20,2,205,0,0,0,2,0
controlled_239,62,0,0,0,0,247,181,68,-85,-20,2,205,0,0,0,0,0
controlled_239,63,0,0,0,0,247,181,65,-91,-20,2,205,0,0,0,0,0
controlled_239,64,0,0,0,0,247,181,62,-96,-20,2,205,0,0,0,0,0
controlled_239,65,0,0,0,0,247,181,59,-99,-20,3,205,0,0,0,0,0
controlled_239,66,0,0,0,0,247,182,56,-100,-20,3,205,0,0,0,0,0
controlled_239,67,0,0,0,0,247,182,53,-99,-20,3,205,0,0,0,0,0
controlled_239,68,0,0,0,0,247,182,50,-97,-20,3,205,0,0,0,0,0
controlled_239,69,0,0,0,0,247,182,47,-93,-20,0,205,0,0,0,0,0
controlled_239,70,0,0,0,0,247,182,44,-87,-20,0,205,0,0,0,0,0
controlled_239,71,0,0,0,0,248,182,41,-80,-20,0,205,0,0,0,0,0
controlled_239,72,0,0,0,0,248,181,38,-71,-20,0,205,0,0,0,0,0
controlled_239,73,0,0,0,0,249,181,35,-60,-20,1,205,0,0,0,0,0
controlled_239,74,0,0,0,0,249,181,32,-47,-20,1,205,0,0,0,0,0
controlled_239,75,0,0,0,0,0,181,29,-33,-20,1,205,0,0,0,0,0
controlled_239,76,0,0,0,0,0,181,26,-17,-20,1,205,0,0,0,0,0
controlled_239,77,0,0,0,0,0,181,23,0,-20,2,205,0,0,0,0,0
controlled_239,78,0,0,0,0,0,185,20,0,1,2,205,0,0,0,0,0
controlled_239,79,0,0,0,0,1,185,18,-3,1,2,205,0,0,0,0,0
controlled_239,80,0,0,0,0,1,185,17,-5,1,2,205,0,0,0,0,0
controlled_239,81,0,0,0,0,1,185,16,-5,1,3,205,0,0,0,0,0
controlled_239,82,0,0,0,0,1,185,15,-3,1,3,205,0,0,0,0,0
controlled_239,83,0,0,0,0,2,185,14,0,1,3,205,0,0,0,0,0
controlled_239,84,0,0,0,0,2,230,13,0,0,3,205,0,0,0,0,0
controlled_239,85,0,0,0,0,2,230,13,0,0,0,205,0,0,0,0,0
controlled_239,86,0,0,0,0,2,230,13,0,0,0,205,0,0,0,0,0
controlled_239,87,0,0,0,0,3,230,13,0,0,0,205,0,0,0,0,0
controlled_239,88,0,0,0,0,3,230,13,0,0,0,205,0,0,0,0,0
controlled_239,89,0,0,0,0,3,230,13,0,0,1,205,0,0,0,0,0
controlled_239,90,0,0,0,0,3,230,13,0,0,1,205,0,0,0,0,0
controlled_239,91,0,0,0,0,0,230,13,0,0,1,205,0,0,0,0,0
controlled_239,92,0,0,0,0,0,230,13,0,0,1,205,0,0,0,0,0
controlled_239,93,0,0,0,0,0,230,13,0,0,2,205,0,0,0,0,0
controlled_239,94,0,0,0,0,0,230,13,0,0,2,205,0,0,0,0,0
controlled_239,95,0,0,0,0,1,230,13,0,0,2,205,0,0,0,0,0
controlled_239,96,0,0,0,0,1,230,13,0,0,2,205,0,0,0,0,0
controlled_243,1,0,0,0,0,244,182,200,-2,-20,212,205,-5,0,0,1,0
controlled_243,2,0,0,0,0,244,182,197,-8,-20,212,205,-3,0,0,2,0
controlled_243,3,0,0,0,0,244,182,194,-15,-20,215,205,0,0,0,2,0
controlled_243,4,0,0,0,0,244,182,191,-23,-20,215,205,0,0,0,2,0
controlled_243,5,0,0,0,0,244,182,188,-30,-20,0,205,0,0,0,2,0
controlled_243,6,0,0,0,0,244,182,185,-39,-20,0,205,0,0,0,2,0
controlled_243,7,0,0,0,0,245,182,182,-45,-20,0,205,0,0,0,2,0
controlled_243,8,0,0,0,0,245,182,179,-53,-20,0,205,0,0,0,2,0
controlled_243,9,0,0,0,0,245,182,176,-59,-20,1,205,0,0,0,2,0
controlled_243,10,0,0,0,0,245,182,173,-66,-20,1,205,0,0,0,2,0
controlled_243,11,0,0,0,0,245,182,170,-75,-20,1,205,0,0,0,2,0
controlled_243,12,0,0,0,0,245,181,167,-82,-20,1,205,0,0,0,0,0
controlled_243,13,0,0,0,0,246,181,164,-87,-20,2,205,0,0,0,0,0
controlled_243,14,0,0,0,0,246,181,161,-91,-20,2,205,0,0,0,0,0
controlled_243,15,0,0,0,0,246,181,158,-93,-20,2,205,0,0,0,0,0
controlled_243,16,0,0,0,0,246,181,155,-93,-20,2,205,0,0,0,0,0
controlled_243,17,0,0,0,0,246,181,152,-92,-20,3,205,0,0,0,0,0
controlled_243,18,0,0,0,0,246,182,149,-88,-20,3,205,0,0,0,0,0
controlled_243,19,0,0,0,0,246,182,146,-83,-20,3,205,0,0,0,0,0
controlled_243,20,0,0,0,0,246,182,143,-77,-20,3,205,0,0,0,0,0
controlled_243,21,0,0,0,0,246,182,140,-68,-20,0,205,0,0,0,2,0
controlled_243,22,0,0,0,0,246,182,137,-67,-20,0,205,0,0,0,2,0
controlled_243,23,0,0,0,0,247,182,134,-74,-20,0,205,0,0,0,2,0
controlled_243,24,0,0,0,0,247,181,131,-81,-20,0,205,0,0,0,0,0
controlled_243,25,0,0,0,0,247,181,128,-87,-20,1,205,0,0,0,0,0
controlled_243,26,0,0,0,0,247,181,125,-91,-20,1,205,0,0,0,0,0
controlled_243,27,0,0,0,0,247,181,122,-94,-20,1,205,0,0,0,0,0
controlled_243,28,0,0,0,0,247,181,119,-95,-20,1,205,0,0,0,0,0
controlled_243,29,0,0,0,0,247,181,116,-94,-20,2,205,0,0,0,0,0
controlled_243,30,0,0,0,0,247,182,113,-91,-20,2,205,0,0,0,0,0
controlled_243,31,0,0,0,0,247,182,110,-87,-20,2,205,0,0,0,0,0
controlled_243,32,0,0,0,0,247,182,107,-81,-20,2,205,0,0,0,0,0
controlled_243,33,0,0,0,0,247,182,104,-73,-20,3,205,0,0,0,2,0
controlled_243,34,0,0,0,0,247,182,101,-73,-20,3,205,0,0,0,2,0
controlled_243,35,0,0,0,0,247,182,98,-80,-20,3,205,0,0,0,0,0
controlled_243,36,0,0,0,0,247,181,95,-85,-20,3,205,0,0,0,0,0
controlled_243,37,0,0,0,0,247,181,92,-88,-20,0,205,0,0,0,0,0
controlled_243,38,0,0,0,0,247,181,89,-90,-20,0,205,0,0,0,0,0
controlled_243,39,0,0,0,0,247,181,86,-90,-20,0,205,0,0,0,0,0
controlled_243,40,0,0,0,0,247,181,83,-89,-20,0,205,0,0,0,0,0
controlled_243,41,0,0,0,0,247,181,80,-85,-20,1,205,0,0,0,0,0
controlled_243,42,0,0,0,0,247,182,77,-80,-20,1,205,0,0,0,0,0
controlled_243,43,0,0,0,0,247,182,74,-74,-20,1,205,0,0,0,2,0
controlled_243,44,0,0,0,0,247,182,71,-74,-20,1,205,0,0,0,2,0
controlled_243,45,0,0,0,0,247,182,68,-82,-20,2,205,0,0,0,0,0
controlled_243,46,0,0,0,0,247,182,65,-88,-20,2,205,0,0,0,0,0
controlled_243,47,0,0,0,0,247,182,62,-93,-20,2,205,0,0,0,0,0
controlled_243,48,0,0,0,0,247,181,59,-96,-20,2,205,0,0,0,0,0
controlled_243,49,0,0,0,0,247,181,56,-97,-20,3,205,0,0,0,0,0
controlled_243,50,0,0,0,0,247,181,53,-96,-20,3,205,0,0,0,0,0
controlled_243,51,0,0,0,0,247,181,50,-94,-20,3,205,0,0,0,0,0
controlled_243,52,0,0,0,0,247,181,47,-90,-20,3,205,0,0,0,0,0
controlled_243,53,0,0,0,0,247,181,44,-84,-20,0,205,0,0,0,0,0
controlled_243,54,0,0,0,0,248,182,41,-77,-20,0,205,0,0,0,0,0
controlled_243,55,0,0,0,0,248,182,38,-68,-20,0,205,0,0,0,0,0
controlled_243,56,0,0,0,0,249,181,35,-57,-20,0,205,0,0,0,0,0
controlled_243,57,0,0,0,0,249,181,32,-44,-20,1,205,0,0,0,0,0
controlled_243,58,0,0,0,0,0,181,29,-30,-20,1,205,0,0,0,0,0
controlled_243,59,0,0,0,0,0,181,26,-14,-20,1,205,0,0,0,0,0
controlled_243,60,0,0,0,0,0,185,23,0,1,1,205,0,0,0,0,0
controlled_243,61,0,0,0,0,0,185,20,-3,1,2,205,0,0,0,0,0
controlled_243,62,0,0,0,0,1,185,18,-5,1,2,205,0,0,0,0,0
controlled_243,63,0,0,0,0,1,185,16,-5,1,2,205,0,0,0,0,0
controlled_243,64,0,0,0,0,1,185,14,-3,1,2,205,0,0,0,0,0
controlled_243,65,0,0,0,0,1,185,12,0,1,3,205,0,0,0,0,0
controlled_243,66,0,0,0,0,2,230,10,0,0,3,205,0,0,0,0,0
controlled_243,67,0,0,0,0,2,230,9,0,0,3,205,0,0,0,0,0
controlled_243,68,0,0,0,0,2,230,9,0,0,3,205,0,0,0,0,0
controlled_243,69,0,0,0,0,2,230,9,0,0,0,205,0,0,0,0,0
controlled_243,70,0,0,0,0,3,230,9,0,0,0,205,0,0,0,0,0
controlled_243,71,0,0,0,0,3,230,9,0,0,0,205,0,0,0,0,0
controlled_243,72,0,0,0,0,3,230,9,0,0,0,205,0,0,0,0,0
controlled_243,73,0,0,0,0,3,230,9,0,0,1,205,0,0,0,0,0
controlled_243,74,0,0,0,0,0,230,9,0,0,1,205,0,0,0,0,0
controlled_243,75,0,0,0,0,0,230,9,0,0,1,205,0,0,0,0,0
controlled_243,76,0,0,0,0,0,230,9,0,0,1,205,0,0,0,0,0
controlled_243,77,0,0,0,0,0,230,9,0,0,2,205,0,0,0,0,0
controlled_243,78,0,0,0,0,1,230,9,0,0,2,205,0,0,0,0,0
controlled_243,79,0,0,0,0,1,230,9,0,0,2,205,0,0,0,0,0
controlled_243,80,0,0,0,0,1,230,9,0,0,2,205,0,0,0,0,0
controlled_243,81,0,0,0,0,1,230,9,0,0,3,205,0,0,0,0,0
controlled_243,82,0,0,0,0,2,230,9,0,0,3,205,0,0,0,0,0
controlled_243,83,0,0,0,0,2,230,9,0,0,3,205,0,0,0,0,0
controlled_243,84,0,0,0,0,2,230,9,0,0,3,205,0,0,0,0,0
controlled_243,85,0,0,0,0,2,230,9,0,0,0,205,0,0,0,0,0
controlled_243,86,0,0,0,0,3,230,9,0,0,0,205,0,0,0,0,0
controlled_243,87,0,0,0,0,3,230,9,0,0,0,205,0,0,0,0,0
controlled_243,88,0,0,0,0,3,230,9,0,0,0,205,0,0,0,0,0
controlled_243,89,0,0,0,0,3,230,9,0,0,1,205,0,0,0,0,0
controlled_243,90,0,0,0,0,0,230,9,0,0,1,205,0,0,0,0,0
controlled_243,91,0,0,0,0,0,230,9,0,0,1,205,0,0,0,0,0
controlled_243,92,0,0,0,0,0,230,9,0,0,1,205,0,0,0,0,0
controlled_243,93,0,0,0,0,0,230,9,0,0,2,205,0,0,0,0,0
controlled_243,94,0,0,0,0,1,230,9,0,0,2,205,0,0,0,0,0
controlled_243,95,0,0,0,0,1,230,9,0,0,2,205,0,0,0,0,0
controlled_243,96,0,0,0,0,1,219,9,0,0,2,205,0,0,0,0,0
jump_09,1,1,0,0,0,0,0,200,0,0,0,205,0,0,0,0,0
jump_09,2,1,0,0,0,110,0,200,0,0,0,205,0,0,0,0,0
jump_09,3,0,1,0,0,110,0,200,0,0,0,205,0,0,0,0,0
jump_09,4,0,1,0,0,110,0,200,0,0,1,205,0,0,0,0,0
jump_09,5,0,0,1,0,110,0,200,0,0,1,205,0,0,0,0,0
jump_09,6,0,0,1,0,239,1,200,0,0,1,205,0,0,0,0,0
jump_09,7,0,0,0,0,239,1,200,0,0,1,205,0,0,0,0,0
jump_09,8,0,0,0,0,239,1,200,0,0,2,205,0,0,0,0,0
jump_09,9,0,0,0,1,241,1,200,0,0,2,205,0,0,0,0,0
jump_09,10,0,0,0,1,241,1,200,0,0,210,205,0,0,0,0,0
jump_09,11,0,0,0,0,241,1,200,0,0,210,205,0,0,0,0,0
jump_09,12,0,0,0,0,241,2,200,0,0,210,205,0,0,0,0,0
jump_09,13,0,0,0,0,242,2,200,0,0,211,205,0,0,0,0,0
jump_09,14,0,0,0,0,242,2,200,0,0,211,205,0,0,0,0,0
jump_09,15,0,0,0,0,242,2,200,0,0,212,205,0,0,0,0,0
jump_09,16,0,0,0,0,242,2,200,0,0,212,205,-16,0,0,0,0
jump_09,17,0,0,0,0,242,2,200,0,0,212,205,-30,0,0,0,0
jump_09,18,0,0,0,0,242,3,200,0,0,212,205,-43,0,0,0,0
jump_09,19,0,0,0,0,242,3,200,0,0,212,205,-54,0,0,0,0
jump_09,20,0,0,0,0,242,3,200,0,0,212,205,-64,0,0,0,0
jump_09,21,0,0,0,0,242,3,200,0,0,212,205,-72,0,0,0,0
jump_09,22,0,0,0,0,243,3,200,0,0,212,205,-78,0,0,0,0
jump_09,23,0,0,0,0,244,182,200,-2,-20,212,205,-82,0,0,1,0
jump_09,24,0,0,0,0,244,182,197,-8,-20,212,205,-85,-13,1,2,0
jump_09,25,0,0,0,0,244,182,194,-15,-20,212,205,-86,0,0,2,0
jump_09,26,0,0,0,0,244,182,191,-23,-20,212,205,-85,0,0,2,0
jump_09,27,0,0,0,0,244,182,188,-30,-20,212,205,-83,0,0,2,0
jump_09,28,0,0,0,0,244,182,185,-39,-20,212,205,-79,0,0,2,0
jump_09,29,0,0,0,0,245,182,182,-45,-20,212,205,-73,0,0,2,0
jump_09,30,0,0,0,0,245,182,179,-53,-20,212,205,-65,0,0,2,0
jump_09,31,0,0,0,0,245,182,176,-59,-20,212,205,-56,0,0,2,0
jump_09,32,0,0,0,0,245,182,173,-66,-20,212,205,-45,0,0,2,0
jump_09,33,0,0,0,0,245,182,170,-75,-20,212,205,-33,0,0,2,0
jump_09,34,0,0,0,0,245,182,167,-82,-20,212,205,-18,0,0,0,0
jump_09,35,0,0,0,0,246,182,164,-87,-20,212,205,-2,0,0,0,0
jump_09,36,0,0,0,0,246,181,161,-91,-20,215,205,0,0,0,0,0
jump_09,37,0,0,0,0,246,181,158,-93,-20,215,205,0,0,0,0,0
jump_09,38,0,0,0,0,246,181,155,-93,-20,0,205,0,0,0,0,0
jump_09,39,0,0,0,0,246,181,152,-92,-20,0,205,0,0,0,0,0
jump_09,40,0,0,0,0,246,181,149,-88,-20,0,205,0,0,0,0,0
jump_09,41,0,0,0,0,246,181,146,-83,-20,0,205,0,0,0,0,0
jump_09,42,0,0,0,0,246,182,143,-77,-20,1,205,0,0,0,0,0
jump_09,43,0,0,0,0,246,182,140,-68,-20,1,205,0,0,0,2,0
jump_09,44,0,0,0,0,246,182,137,-67,-20,1,205,0,0,0,2,0
jump_09,45,0,0,0,0,247,182,134,-74,-20,1,205,0,0,0,2,0
jump_09,46,0,0,0,0,247,182,131,-81,-20,2,205,0,0,0,0,0
jump_09,47,0,0,0,0,247,182,128,-87,-20,2,205,0,0,0,0,0
jump_09,48,0,0,0,0,247,181,125,-91,-20,2,205,0,0,0,0,0
jump_09,49,0,0,0,0,247,181,122,-94,-20,2,205,0,0,0,0,0
jump_09,50,0,0,0,0,247,181,119,-95,-20,3,205,0,0,0,0,0
jump_09,51,0,0,0,0,247,181,116,-94,-20,3,205,0,0,0,0,0
jump_09,52,0,0,0,0,247,181,113,-91,-20,3,205,0,0,0,0,0
jump_09,53,0,0,0,0,247,181,110,-87,-20,3,205,0,0,0,0,0
jump_09,54,0,0,0,0,247,182,107,-81,-20,0,205,0,0,0,0,0
jump_09,55,0,0,0,0,247,182,104,-73,-20,0,205,0,0,0,2,0
jump_09,56,0,0,0,0,247,182,101,-73,-20,0,205,0,0,0,2,0
jump_09,57,0,0,0,0,247,182,98,-80,-20,0,205,0,0,0,0,0
jump_09,58,0,0,0,0,247,182,95,-85,-20,1,205,0,0,0,0,0
jump_09,59,0,0,0,0,247,182,92,-88,-20,1,205,0,0,0,0,0
jump_09,60,0,0,0,0,247,181,89,-90,-20,1,205,0,0,0,0,0
jump_09,61,0,0,0,0,247,181,86,-90,-20,1,205,0,0,0,0,0
jump_09,62,0,0,0,0,247,181,83,-89,-20,2,205,0,0,0,0,0
jump_09,63,0,0,0,0,247,181,80,-85,-20,2,205,0,0,0,0,0
jump_09,64,0,0,0,0,247,181,77,-80,-20,2,205,0,0,0,0,0
jump_09,65,0,0,0,0,247,182,74,-74,-20,2,205,0,0,0,2,0
jump_09,66,0,0,0,0,247,182,71,-74,-20,3,205,0,0,0,2,0
jump_09,67,0,0,0,0,247,182,68,-82,-20,3,205,0,0,0,0,0
jump_09,68,0,0,0,0,247,182,65,-88,-20,3,205,0,0,0,0,0
jump_09,69,0,0,0,0,247,182,62,-93,-20,3,205,0,0,0,0,0
jump_09,70,0,0,0,0,247,182,59,-96,-20,0,205,0,0,0,0,0
jump_09,71,0,0,0,0,247,182,56,-97,-20,0,205,0,0,0,0,0
jump_09,72,0,0,0,0,247,181,53,-96,-20,0,205,0,0,0,0,0
jump_09,73,0,0,0,0,247,181,50,-94,-20,0,205,0,0,0,0,0
jump_09,74,0,0,0,0,247,181,47,-90,-20,1,205,0,0,0,0,0
jump_09,75,0,0,0,0,247,181,44,-84,-20,1,205,0,0,0,0,0
jump_09,76,0,0,0,0,248,182,41,-77,-20,1,205,0,0,0,2,0
jump_09,77,0,0,0,0,248,181,38,-77,-20,1,205,0,0,0,0,0
jump_09,78,0,0,0,0,249,182,35,-75,-20,2,205,0,0,0,0,0
jump_09,79,0,0,0,0,249,182,32,-71,-20,2,205,0,0,0,0,0
jump_09,80,0,0,0,0,0,182,29,-66,-20,2,205,0,0,0,0,0
jump_09,81,0,0,0,0,0,182,26,-59,-20,2,205,0,0,0,0,0
jump_09,82,0,0,0,0,0,182,23,-51,-20,3,205,0,0,0,0,0
jump_09,83,0,0,0,0,0,181,20,-40,-20,3,205,0,0,0,0,0
jump_09,84,0,0,0,0,1,181,17,-28,-20,3,205,0,0,0,0,0
jump_09,85,0,0,0,0,1,181,14,-15,-20,3,205,0,0,0,0,0
jump_09,86,0,0,0,0,1,185,11,0,1,0,205,0,0,0,0,0
jump_09,87,0,0,0,0,1,185,8,-3,1,0,205,0,0,0,0,0
jump_09,88,0,0,0,0,2,185,6,-5,1,0,205,0,0,0,0,0
jump_09,89,0,0,0,0,2,185,4,-5,1,0,205,0,0,0,0,0
jump_09,90,0,0,0,0,2,185,2,-3,1,1,205,0,0,0,0,0
jump_09,91,0,0,0,0,2,185,0,0,1,1,205,0,0,0,0,0
jump_09,92,0,0,0,0,3,230,0,0,0,1,205,0,0,0,0,0
jump_09,93,0,0,0,0,3,230,0,0,0,1,205,0,0,0,0,0
jump_09,94,0,0,0,0,3,230,0,0,0,2,205,0,0,0,0,0
jump_09,95,0,0,0,0,3,230,0,0,0,2,205,0,0,0,0,0
jump_09,96,0,0,0,0,0,230,0,0,0,2,205,0,0,0,0,0
jump_11,1,1,0,0,0,0,0,200,0,0,0,205,0,0,0,0,0
jump_11,2,1,0,0,0,110,0,200,0,0,0,205,0,0,0,0,0
jump_11,3,0,1,0,0,110,0,200,0,0,0,205,0,0,0,0,0
jump_11,4,0,1,0,0,110,0,200,0,0,1,205,0,0,0,0,0
jump_11,5,0,0,1,0,110,0,200,0,0,1,205,0,0,0,0,0
jump_11,6,0,0,1,0,239,1,200,0,0,1,205,0,0,0,0,0
jump_11,7,0,0,0,0,239,1,200,0,0,1,205,0,0,0,0,0
jump_11,8,0,0,0,0,239,1,200,0,0,2,205,0,0,0,0,0
jump_11,9,0,0,0,0,241,1,200,0,0,2,205,0,0,0,0,0
jump_11,10,0,0,0,0,241,1,200,0,0,2,205,0,0,0,0,0
jump_11,11,0,0,0,1,241,1,200,0,0,2,205,0,0,0,0,0
jump_11,12,0,0,0,1,241,2,200,0,0,210,205,0,0,0,0,0
jump_11,13,0,0,0,0,242,2,200,0,0,210,205,0,0,0,0,0
jump_11,14,0,0,0,0,242,2,200,0,0,210,205,0,0,0,0,0
jump_11,15,0,0,0,0,242,2,200,0,0,211,205,0,0,0,0,0
jump_11,16,0,0,0,0,242,2,200,0,0,211,205,0,0,0,0,0
jump_11,17,0,0,0,0,242,2,200,0,0,212,205,0,0,0,0,0
jump_11,18,0,0,0,0,242,3,200,0,0,212,205,-16,0,0,0,0
jump_11,19,0,0,0,0,242,3,200,0,0,212,205,-30,0,0,0,0
jump_11,20,0,0,0,0,242,3,200,0,0,212,205,-43,0,0,0,0
jump_11,21,0,0,0,0,242,3,200,0,0,212,205,-54,0,0,0,0
jump_11,22,0,0,0,0,243,3,200,0,0,212,205,-64,0,0,0,0
jump_11,23,0,0,0,0,244,182,200,-2,-20,212,205,-72,0,0,1,0
jump_11,24,0,0,0,0,244,182,197,-8,-20,212,205,-78,-13,1,2,0
jump_11,25,0,0,0,0,244,182,194,-15,-20,212,205,-82,0,0,2,0
jump_11,26,0,0,0,0,244,182,191,-23,-20,212,205,-85,0,0,2,0
jump_11,27,0,0,0,0,244,182,188,-30,-20,212,205,-86,0,0,2,0
jump_11,28,0,0,0,0,244,182,185,-39,-20,212,205,-85,0,0,2,0
jump_11,29,0,0,0,0,245,182,182,-45,-20,212,205,-83,0,0,2,0
jump_11,30,0,0,0,0,245,182,179,-53,-20,212,205,-79,0,0,2,0
jump_11,31,0,0,0,0,245,182,176,-59,-20,212,205,-73,0,0,2,0
jump_11,32,0,0,0,0,245,182,173,-66,-20,212,205,-65,0,0,2,0
jump_11,33,0,0,0,0,245,182,170,-75,-20,212,205,-56,0,0,2,0
jump_11,34,0,0,0,0,245,182,167,-82,-20,212,205,-45,0,0,0,0
jump_11,35,0,0,0,0,246,182,164,-87,-20,212,205,-33,0,0,0,0
jump_11,36,0,0,0,0,246,181,161,-91,-20,212,205,-18,0,0,0,0
jump_11,37,0,0,0,0,246,181,158,-93,-20,212,205,-2,0,0,0,0
jump_11,38,0,0,0,0,246,181,155,-93,-20,215,205,0,0,0,0,0
jump_11,39,0,0,0,0,246,181,152,-92,-20,215,205,0,0,0,0,0
jump_11,40,0,0,0,0,246,181,149,-88,-20,0,205,0,0,0,0,0
jump_11,41,0,0,0,0,246,181,146,-83,-20,0,205,0,0,0,0,0
jump_11,42,0,0,0,0,246,182,143,-77,-20,0,205,0,0,0,0,0
jump_11,43,0,0,0,0,246,182,140,-68,-20,0,205,0,0,0,2,0
jump_11,44,0,0,0,0,246,182,137,-67,-20,1,205,0,0,0,2,0
jump_11,45,0,0,0,0,247,182,134,-74,-20,1,205,0,0,0,2,0
jump_11,46,0,0,0,0,247,182,131,-81,-20,1,205,0,0,0,0,0
jump_11,47,0,0,0,0,247,182,128,-87,-20,1,205,0,0,0,0,0
jump_11,48,0,0,0,0,247,181,125,-91,-20,2,205,0,0,0,0,0
jump_11,49,0,0,0,0,247,181,122,-94,-20,2,205,0,0,0,0,0
jump_11,50,0,0,0,0,247,181,119,-95,-20,2,205,0,0,0,0,0
jump_11,51,0,0,0,0,247,181,116,-94,-20,2,205,0,0,0,0,0
jump_11,52,0,0,0,0,247,181,113,-91,-20,3,205,0,0,0,0,0
jump_11,53,0,0,0,0,247,181,110,-87,-20,3,205,0,0,0,0,0
jump_11,54,0,0,0,0,247,182,107,-81,-20,3,205,0,0,0,0,0
jump_11,55,0,0,0,0,247,182,104,-73,-20,3,205,0,0,0,2,0
jump_11,56,0,0,0,0,247,182,101,-73,-20,0,205,0,0,0,2,0
jump_11,57,0,0,0,0,247,182,98,-80,-20,0,205,0,0,0,0,0
jump_11,58,0,0,0,0,247,182,95,-85,-20,0,205,0,0,0,0,0
jump_11,59,0,0,0,0,247,182,92,-88,-20,0,205,0,0,0,0,0
jump_11,60,0,0,0,0,247,181,89,-90,-20,1,205,0,0,0,0,0
jump_11,61,0,0,0,0,247,181,86,-90,-20,1,205,0,0,0,0,0
jump_11,62,0,0,0,0,247,181,83,-89,-20,1,205,0,0,0,0,0
jump_11,63,0,0,0,0,247,181,80,-85,-20,1,205,0,0,0,0,0
jump_11,64,0,0,0,0,247,181,77,-80,-20,2,205,0,0,0,0,0
jump_11,65,0,0,0,0,247,182,74,-74,-20,2,205,0,0,0,2,0
jump_11,66,0,0,0,0,247,182,71,-74,-20,2,205,0,0,0,2,0
jump_11,67,0,0,0,0,247,182,68,-82,-20,2,205,0,0,0,0,0
jump_11,68,0,0,0,0,247,182,65,-88,-20,3,205,0,0,0,0,0
jump_11,69,0,0,0,0,247,182,62,-93,-20,3,205,0,0,0,0,0
jump_11,70,0,0,0,0,247,182,59,-96,-20,3,205,0,0,0,0,0
jump_11,71,0,0,0,0,247,182,56,-97,-20,3,205,0,0,0,0,0
jump_11,72,0,0,0,0,247,181,53,-96,-20,0,205,0,0,0,0,0
jump_11,73,0,0,0,0,247,181,50,-94,-20,0,205,0,0,0,0,0
jump_11,74,0,0,0,0,247,181,47,-90,-20,0,205,0,0,0,0,0
jump_11,75,0,0,0,0,247,181,44,-84,-20,0,205,0,0,0,0,0
jump_11,76,0,0,0,0,248,182,41,-77,-20,1,205,0,0,0,2,0
jump_11,77,0,0,0,0,248,181,38,-77,-20,1,205,0,0,0,0,0
jump_11,78,0,0,0,0,249,182,35,-75,-20,1,205,0,0,0,0,0
jump_11,79,0,0,0,0,249,182,32,-71,-20,1,205,0,0,0,0,0
jump_11,80,0,0,0,0,0,182,29,-66,-20,2,205,0,0,0,0,0
jump_11,81,0,0,0,0,0,182,26,-59,-20,2,205,0,0,0,0,0
jump_11,82,0,0,0,0,0,182,23,-51,-20,2,205,0,0,0,0,0
jump_11,83,0,0,0,0,0,181,20,-40,-20,2,205,0,0,0,0,0
jump_11,84,0,0,0,0,1,181,17,-28,-20,3,205,0,0,0,0,0
jump_11,85,0,0,0,0,1,181,14,-15,-20,3,205,0,0,0,0,0
jump_11,86,0,0,0,0,1,185,11,0,1,3,205,0,0,0,0,0
jump_11,87,0,0,0,0,1,185,8,-3,1,3,205,0,0,0,0,0
jump_11,88,0,0,0,0,2,185,6,-5,1,0,205,0,0,0,0,0
jump_11,89,0,0,0,0,2,185,4,-5,1,0,205,0,0,0,0,0
jump_11,90,0,0,0,0,2,185,2,-3,1,0,205,0,0,0,0,0
jump_11,91,0,0,0,0,2,185,0,0,1,0,205,0,0,0,0,0
jump_11,92,0,0,0,0,3,230,0,0,0,1,205,0,0,0,0,0
jump_11,93,0,0,0,0,3,230,0,0,0,1,205,0,0,0,0,0
jump_11,94,0,0,0,0,3,230,0,0,0,1,205,0,0,0,0,0
jump_11,95,0,0,0,0,3,230,0,0,0,1,205,0,0,0,0,0
jump_11,96,0,0,0,0,0,230,0,0,0,2,205,0,0,0,0,0
jump_13,1,1,0,0,0,0,0,200,0,0,0,205,0,0,0,0,0
jump_13,2,1,0,0,0,110,0,200,0,0,0,205,0,0,0,0,0
jump_13,3,0,1,0,0,110,0,200,0,0,0,205,0,0,0,0,0
jump_13,4,0,1,0,0,110,0,200,0,0,1,205,0,0,0,0,0
jump_13,5,0,0,1,0,110,0,200,0,0,1,205,0,0,0,0,0
jump_13,6,0,0,1,0,239,1,200,0,0,1,205,0,0,0,0,0
jump_13,7,0,0,0,0,239,1,200,0,0,1,205,0,0,0,0,0
jump_13,8,0,0,0,0,239,1,200,0,0,2,205,0,0,0,0,0
jump_13,9,0,0,0,0,241,1,200,0,0,2,205,0,0,0,0,0
jump_13,10,0,0,0,0,241,1,200,0,0,2,205,0,0,0,0,0
jump_13,11,0,0,0,0,241,1,200,0,0,2,205,0,0,0,0,0
jump_13,12,0,0,0,0,241,2,200,0,0,3,205,0,0,0,0,0
jump_13,13,0,0,0,1,242,2,200,0,0,3,205,0,0,0,0,0
jump_13,14,0,0,0,1,242,2,200,0,0,210,205,0,0,0,0,0
jump_13,15,0,0,0,0,242,2,200,0,0,210,205,0,0,0,0,0
jump_13,16,0,0,0,0,242,2,200,0,0,210,205,0,0,0,0,0
jump_13,17,0,0,0,0,242,2,200,0,0,211,205,0,0,0,0,0
jump_13,18,0,0,0,0,242,3,200,0,0,211,205,0,0,0,0,0
jump_13,19,0,0,0,0,242,3,200,0,0,212,205,0,0,0,0,0
jump_13,20,0,0,0,0,242,3,200,0,0,212,205,-16,0,0,0,0
jump_13,21,0,0,0,0,242,3,200,0,0,212,205,-30,0,0,0,0
jump_13,22,0,0,0,0,243,3,200,0,0,212,205,-43,0,0,0,0
jump_13,23,0,0,0,0,244,182,200,-2,-20,212,205,-54,0,0,1,0
jump_13,24,0,0,0,0,244,182,197,-8,-20,212,205,-64,-13,1,2,0
jump_13,25,0,0,0,0,244,182,194,-15,-20,212,205,-72,0,0,2,0
jump_13,26,0,0,0,0,244,182,191,-23,-20,212,205,-78,0,0,2,0
jump_13,27,0,0,0,0,244,182,188,-30,-20,212,205,-82,0,0,2,0
jump_13,28,0,0,0,0,244,182,185,-39,-20,212,205,-85,0,0,2,0
jump_13,29,0,0,0,0,245,182,182,-45,-20,212,205,-86,0,0,2,0
jump_13,30,0,0,0,0,245,182,179,-53,-20,212,205,-85,0,0,2,0
jump_13,31,0,0,0,0,245,182,176,-59,-20,212,205,-83,0,0,2,0
jump_13,32,0,0,0,0,245,182,173,-66,-20,212,205,-79,0,0,2,0
jump_13,33,0,0,0,0,245,182,170,-75,-20,212,205,-73,0,0,2,0
jump_13,34,0,0,0,0,245,182,167,-82,-20,212,205,-65,0,0,0,0
jump_13,35,0,0,0,0,246,182,164,-87,-20,212,205,-56,0,0,0,0
jump_13,36,0,0,0,0,246,181,161,-91,-20,212,205,-45,0,0,0,0
jump_13,37,0,0,0,0,246,181,158,-93,-20,212,205,-33,0,0,0,0
jump_13,38,0,0,0,0,246,181,155,-93,-20,212,205,-18,0,0,0,0
jump_13,39,0,0,0,0,246,181,152,-92,-20,212,205,-2,0,0,0,0
jump_13,40,0,0,0,0,246,181,149,-88,-20,215,205,0,0,0,0,0
jump_13,41,0,0,0,0,246,181,146,-83,-20,215,205,0,0,0,0,0
jump_13,42,0,0,0,0,246,182,143,-77,-20,0,205,0,0,0,0,0
jump_13,43,0,0,0,0,246,182,140,-68,-20,0,205,0,0,0,2,0
jump_13,44,0,0,0,0,246,182,137,-67,-20,0,205,0,0,0,2,0
jump_13,45,0,0,0,0,247,182,134,-74,-20,0,205,0,0,0,2,0
jump_13,46,0,0,0,0,247,182,131,-81,-20,1,205,0,0,0,0,0
jump_13,47,0,0,0,0,247,182,128,-87,-20,1,205,0,0,0,0,0
jump_13,48,0,0,0,0,247,181,125,-91,-20,1,205,0,0,0,0,0
jump_13,49,0,0,0,0,247,181,122,-94,-20,1,205,0,0,0,0,0
jump_13,50,0,0,0,0,247,181,119,-95,-20,2,205,0,0,0,0,0
jump_13,51,0,0,0,0,247,181,116,-94,-20,2,205,0,0,0,0,0
jump_13,52,0,0,0,0,247,181,113,-91,-20,2,205,0,0,0,0,0
jump_13,53,0,0,0,0,247,181,110,-87,-20,2,205,0,0,0,0,0
jump_13,54,0,0,0,0,247,182,107,-81,-20,3,205,0,0,0,0,0
jump_13,55,0,0,0,0,247,182,104,-73,-20,3,205,0,0,0,2,0
jump_13,56,0,0,0,0,247,182,101,-73,-20,3,205,0,0,0,2,0
jump_13,57,0,0,0,0,247,182,98,-80,-20,3,205,0,0,0,0,0
jump_13,58,0,0,0,0,247,182,95,-85,-20,0,205,0,0,0,0,0
jump_13,59,0,0,0,0,247,182,92,-88,-20,0,205,0,0,0,0,0
jump_13,60,0,0,0,0,247,181,89,-90,-20,0,205,0,0,0,0,0
jump_13,61,0,0,0,0,247,181,86,-90,-20,0,205,0,0,0,0,0
jump_13,62,0,0,0,0,247,181,83,-89,-20,1,205,0,0,0,0,0
jump_13,63,0,0,0,0,247,181,80,-85,-20,1,205,0,0,0,0,0
jump_13,64,0,0,0,0,247,181,77,-80,-20,1,205,0,0,0,0,0
jump_13,65,0,0,0,0,247,182,74,-74,-20,1,205,0,0,0,2,0
jump_13,66,0,0,0,0,247,182,71,-74,-20,2,205,0,0,0,2,0
jump_13,67,0,0,0,0,247,182,68,-82,-20,2,205,0,0,0,0,0
jump_13,68,0,0,0,0,247,182,65,-88,-20,2,205,0,0,0,0,0
jump_13,69,0,0,0,0,247,182,62,-93,-20,2,205,0,0,0,0,0
jump_13,70,0,0,0,0,247,182,59,-96,-20,3,205,0,0,0,0,0
jump_13,71,0,0,0,0,247,182,56,-97,-20,3,205,0,0,0,0,0
jump_13,72,0,0,0,0,247,181,53,-96,-20,3,205,0,0,0,0,0
jump_13,73,0,0,0,0,247,181,50,-94,-20,3,205,0,0,0,0,0
jump_13,74,0,0,0,0,247,181,47,-90,-20,0,205,0,0,0,0,0
jump_13,75,0,0,0,0,247,181,44,-84,-20,0,205,0,0,0,0,0
jump_13,76,0,0,0,0,248,182,41,-77,-20,0,205,0,0,0,2,0
jump_13,77,0,0,0,0,248,181,38,-77,-20,0,205,0,0,0,0,0
jump_13,78,0,0,0,0,249,182,35,-75,-20,1,205,0,0,0,0,0
jump_13,79,0,0,0,0,249,182,32,-71,-20,1,205,0,0,0,0,0
jump_13,80,0,0,0,0,0,182,29,-66,-20,1,205,0,0,0,0,0
jump_13,81,0,0,0,0,0,182,26,-59,-20,1,205,0,0,0,0,0
jump_13,82,0,0,0,0,0,182,23,-51,-20,2,205,0,0,0,0,0
jump_13,83,0,0,0,0,0,181,20,-40,-20,2,205,0,0,0,0,0
jump_13,84,0,0,0,0,1,181,17,-28,-20,2,205,0,0,0,0,0
jump_13,85,0,0,0,0,1,181,14,-15,-20,2,205,0,0,0,0,0
jump_13,86,0,0,0,0,1,185,11,0,1,3,205,0,0,0,0,0
jump_13,87,0,0,0,0,1,185,8,-3,1,3,205,0,0,0,0,0
jump_13,88,0,0,0,0,2,185,6,-5,1,3,205,0,0,0,0,0
jump_13,89,0,0,0,0,2,185,4,-5,1,3,205,0,0,0,0,0
jump_13,90,0,0,0,0,2,185,2,-3,1,0,205,0,0,0,0,0
jump_13,91,0,0,0,0,2,185,0,0,1,0,205,0,0,0,0,0
jump_13,92,0,0,0,0,3,230,0,0,0,0,205,0,0,0,0,0
jump_13,93,0,0,0,0,3,230,0,0,0,0,205,0,0,0,0,0
jump_13,94,0,0,0,0,3,230,0,0,0,1,205,0,0,0,0,0
jump_13,95,0,0,0,0,3,230,0,0,0,1,205,0,0,0,0,0
jump_13,96,0,0,0,0,0,230,0,0,0,1,205,0,0,0,0,0
jump_15,1,1,0,0,0,0,0,200,0,0,0,205,0,0,0,0,0
jump_15,2,1,0,0,0,110,0,200,0,0,0,205,0,0,0,0,0
jump_15,3,0,1,0,0,110,0,200,0,0,0,205,0,0,0,0,0
jump_15,4,0,1,0,0,110,0,200,0,0,1,205,0,0,0,0,0
jump_15,5,0,0,1,0,110,0,200,0,0,1,205,0,0,0,0,0
jump_15,6,0,0,1,0,239,1,200,0,0,1,205,0,0,0,0,0
jump_15,7,0,0,0,0,239,1,200,0,0,1,205,0,0,0,0,0
jump_15,8,0,0,0,0,239,1,200,0,0,2,205,0,0,0,0,0
jump_15,9,0,0,0,0,241,1,200,0,0,2,205,0,0,0,0,0
jump_15,10,0,0,0,0,241,1,200,0,0,2,205,0,0,0,0,0
jump_15,11,0,0,0,0,241,1,200,0,0,2,205,0,0,0,0,0
jump_15,12,0,0,0,0,241,2,200,0,0,3,205,0,0,0,0,0
jump_15,13,0,0,0,0,242,2,200,0,0,3,205,0,0,0,0,0
jump_15,14,0,0,0,0,242,2,200,0,0,3,205,0,0,0,0,0
jump_15,15,0,0,0,1,242,2,200,0,0,3,205,0,0,0,0,0
jump_15,16,0,0,0,1,242,2,200,0,0,210,205,0,0,0,0,0
jump_15,17,0,0,0,0,242,2,200,0,0,210,205,0,0,0,0,0
jump_15,18,0,0,0,0,242,3,200,0,0,210,205,0,0,0,0,0
jump_15,19,0,0,0,0,242,3,200,0,0,211,205,0,0,0,0,0
jump_15,20,0,0,0,0,242,3,200,0,0,211,205,0,0,0,0,0
jump_15,21,0,0,0,0,242,3,200,0,0,212,205,0,0,0,0,0
jump_15,22,0,0,0,0,243,3,200,0,0,212,205,-16,0,0,0,0
jump_15,23,0,0,0,0,244,182,200,-2,-20,212,205,-30,0,0,1,0
jump_15,24,0,0,0,0,244,182,197,-8,-20,212,205,-43,-13,1,2,0
jump_15,25,0,0,0,0,244,182,194,-15,-20,212,205,-54,0,0,2,0
jump_15,26,0,0,0,0,244,182,191,-23,-20,212,205,-64,0,0,2,0
jump_15,27,0,0,0,0,244,182,188,-30,-20,212,205,-72,0,0,2,0
jump_15,28,0,0,0,0,244,182,185,-39,-20,212,205,-78,0,0,2,0
jump_15,29,0,0,0,0,245,182,182,-45,-20,212,205,-82,0,0,2,0
jump_15,30,0,0,0,0,245,182,179,-53,-20,212,205,-85,0,0,2,0
jump_15,31,0,0,0,0,245,182,176,-59,-20,212,205,-86,0,0,2,0
jump_15,32,0,0,0,0,245,182,173,-66,-20,212,205,-85,0,0,2,0
jump_15,33,0,0,0,0,245,182,170,-75,-20,212,205,-83,0,0,2,0
jump_15,34,0,0,0,0,245,182,167,-82,-20,212,205,-79,0,0,0,0
jump_15,35,0,0,0,0,246,182,164,-87,-20,212,205,-73,0,0,0,0
jump_15,36,0,0,0,0,246,181,161,-91,-20,212,205,-65,0,0,0,0
jump_15,37,0,0,0,0,246,181,158,-93,-20,212,205,-56,0,0,0,0
jump_15,38,0,0,0,0,246,181,155,-93,-20,212,205,-45,0,0,0,0
jump_15,39,0,0,0,0,246,181,152,-92,-20,212,205,-33,0,0,0,0
jump_15,40,0,0,0,0,246,181,149,-88,-20,212,205,-18,0,0,0,0
jump_15,41,0,0,0,0,246,181,146,-83,-20,212,205,-2,0,0,0,0
jump_15,42,0,0,0,0,246,182,143,-77,-20,215,205,0,0,0,0,0
jump_15,43,0,0,0,0,246,182,140,-68,-20,215,205,0,0,0,2,0
jump_15,44,0,0,0,0,246,182,137,-67,-20,0,205,0,0,0,2,0
jump_15,45,0,0,0,0,247,182,134,-74,-20,0,205,0,0,0,2,0
jump_15,46,0,0,0,0,247,182,131,-81,-20,0,205,0,0,0,0,0
jump_15,47,0,0,0,0,247,182,128,-87,-20,0,205,0,0,0,0,0
jump_15,48,0,0,0,0,247,181,125,-91,-20,1,205,0,0,0,0,0
jump_15,49,0,0,0,0,247,181,122,-94,-20,1,205,0,0,0,0,0
jump_15,50,0,0,0,0,247,181,119,-95,-20,1,205,0,0,0,0,0
jump_15,51,0,0,0,0,247,181,116,-94,-20,1,205,0,0,0,0,0
jump_15,52,0,0,0,0,247,181,113,-91,-20,2,205,0,0,0,0,0
jump_15,53,0,0,0,0,247,181,110,-87,-20,2,205,0,0,0,0,0
jump_15,54,0,0,0,0,247,182,107,-81,-20,2,205,0,0,0,0,0
jump_15,55,0,0,0,0,247,182,104,-73,-20,2,205,0,0,0,2,0
jump_15,56,0,0,0,0,247,182,101,-73,-20,3,205,0,0,0,2,0
jump_15,57,0,0,0,0,247,182,98,-80,-20,3,205,0,0,0,0,0
jump_15,58,0,0,0,0,247,182,95,-85,-20,3,205,0,0,0,0,0
jump_15,59,0,0,0,0,247,182,92,-88,-20,3,205,0,0,0,0,0
jump_15,60,0,0,0,0,247,181,89,-90,-20,0,205,0,0,0,0,0
jump_15,61,0,0,0,0,247,181,86,-90,-20,0,205,0,0,0,0,0
jump_15,62,0,0,0,0,247,181,83,-89,-20,0,205,0,0,0,0,0
jump_15,63,0,0,0,0,247,181,80,-85,-20,0,205,0,0,0,0,0
jump_15,64,0,0,0,0,247,181,77,-80,-20,1,205,0,0,0,0,0
jump_15,65,0,0,0,0,247,182,74,-74,-20,1,205,0,0,0,2,0
jump_15,66,0,0,0,0,247,182,71,-74,-20,1,205,0,0,0,2,0
jump_15,67,0,0,0,0,247,182,68,-82,-20,1,205,0,0,0,0,0
jump_15,68,0,0,0,0,247,182,65,-88,-20,2,205,0,0,0,0,0
jump_15,69,0,0,0,0,247,182,62,-93,-20,2,205,0,0,0,0,0
jump_15,70,0,0,0,0,247,182,59,-96,-20,2,205,0,0,0,0,0
jump_15,71,0,0,0,0,247,182,56,-97,-20,2,205,0,0,0,0,0
jump_15,72,0,0,0,0,247,181,53,-96,-20,3,205,0,0,0,0,0
jump_15,73,0,0,0,0,247,181,50,-94,-20,3,205,0,0,0,0,0
jump_15,74,0,0,0,0,247,181,47,-90,-20,3,205,0,0,0,0,0
jump_15,75,0,0,0,0,247,181,44,-84,-20,3,205,0,0,0,0,0
jump_15,76,0,0,0,0,248,182,41,-77,-20,0,205,0,0,0,2,0
jump_15,77,0,0,0,0,248,181,38,-77,-20,0,205,0,0,0,0,0
jump_15,78,0,0,0,0,249,182,35,-75,-20,0,205,0,0,0,0,0
jump_15,79,0,0,0,0,249,182,32,-71,-20,0,205,0,0,0,0,0
jump_15,80,0,0,0,0,0,182,29,-66,-20,1,205,0,0,0,0,0
jump_15,81,0,0,0,0,0,182,26,-59,-20,1,205,0,0,0,0,0
jump_15,82,0,0,0,0,0,182,23,-51,-20,1,205,0,0,0,0,0
jump_15,83,0,0,0,0,0,181,20,-40,-20,1,205,0,0,0,0,0
jump_15,84,0,0,0,0,1,181,17,-28,-20,2,205,0,0,0,0,0
jump_15,85,0,0,0,0,1,181,14,-15,-20,2,205,0,0,0,0,0
jump_15,86,0,0,0,0,1,185,11,0,1,2,205,0,0,0,0,0
jump_15,87,0,0,0,0,1,185,8,-3,1,2,205,0,0,0,0,0
jump_15,88,0,0,0,0,2,185,6,-5,1,3,205,0,0,0,0,0
jump_15,89,0,0,0,0,2,185,4,-5,1,3,205,0,0,0,0,0
jump_15,90,0,0,0,0,2,185,2,-3,1,3,205,0,0,0,0,0
jump_15,91,0,0,0,0,2,185,0,0,1,3,205,0,0,0,0,0
jump_15,92,0,0,0,0,3,230,0,0,0,0,205,0,0,0,0,0
jump_15,93,0,0,0,0,3,230,0,0,0,0,205,0,0,0,0,0
jump_15,94,0,0,0,0,3,230,0,0,0,0,205,0,0,0,0,0
jump_15,95,0,0,0,0,3,230,0,0,0,0,205,0,0,0,0,0
jump_15,96,0,0,0,0,0,230,0,0,0,1,205,0,0,0,0,0
jump_17,1,1,0,0,0,0,0,200,0,0,0,205,0,0,0,0,0
jump_17,2,1,0,0,0,110,0,200,0,0,0,205,0,0,0,0,0
jump_17,3,0,1,0,0,110,0,200,0,0,0,205,0,0,0,0,0
jump_17,4,0,1,0,0,110,0,200,0,0,1,205,0,0,0,0,0
jump_17,5,0,0,1,0,110,0,200,0,0,1,205,0,0,0,0,0
jump_17,6,0,0,1,0,239,1,200,0,0,1,205,0,0,0,0,0
jump_17,7,0,0,0,0,239,1,200,0,0,1,205,0,0,0,0,0
jump_17,8,0,0,0,0,239,1,200,0,0,2,205,0,0,0,0,0
jump_17,9,0,0,0,0,241,1,200,0,0,2,205,0,0,0,0,0
jump_17,10,0,0,0,0,241,1,200,0,0,2,205,0,0,0,0,0
jump_17,11,0,0,0,0,241,1,200,0,0,2,205,0,0,0,0,0
jump_17,12,0,0,0,0,241,2,200,0,0,3,205,0,0,0,0,0
jump_17,13,0,0,0,0,242,2,200,0,0,3,205,0,0,0,0,0
jump_17,14,0,0,0,0,242,2,200,0,0,3,205,0,0,0,0,0
jump_17,15,0,0,0,0,242,2,200,0,0,3,205,0,0,0,0,0
jump_17,16,0,0,0,0,242,2,200,0,0,0,205,0,0,0,0,0
jump_17,17,0,0,0,1,242,2,200,0,0,0,205,0,0,0,0,0
jump_17,18,0,0,0,1,242,3,200,0,0,210,205,0,0,0,0,0
jump_17,19,0,0,0,0,242,3,200,0,0,210,205,0,0,0,0,0
jump_17,20,0,0,0,0,242,3,200,0,0,210,205,0,0,0,0,0
jump_17,21,0,0,0,0,242,3,200,0,0,211,205,0,0,0,0,0
jump_17,22,0,0,0,0,243,3,200,0,0,211,205,0,0,0,0,0
jump_17,23,0,0,0,0,244,182,200,-2,-20,212,205,0,0,0,1,0
jump_17,24,0,0,0,0,244,182,197,-8,-20,212,205,-16,-13,1,2,0
jump_17,25,0,0,0,0,244,182,194,-15,-20,212,205,-30,0,0,2,0
jump_17,26,0,0,0,0,244,182,191,-23,-20,212,205,-43,0,0,2,0
jump_17,27,0,0,0,0,244,182,188,-30,-20,212,205,-54,0,0,2,0
jump_17,28,0,0,0,0,244,182,185,-39,-20,212,205,-64,0,0,2,0
jump_17,29,0,0,0,0,245,182,182,-45,-20,212,205,-72,0,0,2,0
jump_17,30,0,0,0,0,245,182,179,-53,-20,212,205,-78,0,0,2,0
jump_17,31,0,0,0,0,245,182,176,-59,-20,212,205,-82,0,0,2,0
jump_17,32,0,0,0,0,245,182,173,-66,-20,212,205,-85,0,0,2,0
jump_17,33,0,0,0,0,245,182,170,-75,-20,212,205,-86,0,0,2,0
jump_17,34,0,0,0,0,245,182,167,-82,-20,212,205,-85,0,0,0,0
jump_17,35,0,0,0,0,246,182,164,-87,-20,212,205,-83,0,0,0,0
jump_17,36,0,0,0,0,246,181,161,-91,-20,212,205,-79,0,0,0,0
jump_17,37,0,0,0,0,246,181,158,-93,-20,212,205,-73,0,0,0,0
jump_17,38,0,0,0,0,246,181,155,-93,-20,212,205,-65,0,0,0,0
jump_17,39,0,0,0,0,246,181,152,-92,-20,212,205,-56,0,0,0,0
jump_17,40,0,0,0,0,246,181,149,-88,-20,212,205,-45,0,0,0,0
jump_17,41,0,0,0,0,246,181,146,-83,-20,212,205,-33,0,0,0,0
jump_17,42,0,0,0,0,246,182,143,-77,-20,212,205,-18,0,0,0,0
jump_17,43,0,0,0,0,246,182,140,-68,-20,212,205,-2,0,0,2,0
jump_17,44,0,0,0,0,246,182,137,-67,-20,215,205,0,0,0,2,0
jump_17,45,0,0,0,0,247,182,134,-74,-20,215,205,0,0,0,2,0
jump_17,46,0,0,0,0,247,182,131,-81,-20,0,205,0,0,0,0,0
jump_17,47,0,0,0,0,247,182,128,-87,-20,0,205,0,0,0,0,0
jump_17,48,0,0,0,0,247,181,125,-91,-20,0,205,0,0,0,0,0
jump_17,49,0,0,0,0,247,181,122,-94,-20,0,205,0,0,0,0,0
jump_17,50,0,0,0,0,247,181,119,-95,-20,1,205,0,0,0,0,0
jump_17,51,0,0,0,0,247,181,116,-94,-20,1,205,0,0,0,0,0
jump_17,52,0,0,0,0,247,181,113,-91,-20,1,205,0,0,0,0,0
jump_17,53,0,0,0,0,247,181,110,-87,-20,1,205,0,0,0,0,0
jump_17,54,0,0,0,0,247,182,107,-81,-20,2,205,0,0,0,0,0
jump_17,55,0,0,0,0,247,182,104,-73,-20,2,205,0,0,0,2,0
jump_17,56,0,0,0,0,247,182,101,-73,-20,2,205,0,0,0,2,0
jump_17,57,0,0,0,0,247,182,98,-80,-20,2,205,0,0,0,0,0
jump_17,58,0,0,0,0,247,182,95,-85,-20,3,205,0,0,0,0,0
jump_17,59,0,0,0,0,247,182,92,-88,-20,3,205,0,0,0,0,0
jump_17,60,0,0,0,0,247,181,89,-90,-20,3,205,0,0,0,0,0
jump_17,61,0,0,0,0,247,181,86,-90,-20,3,205,0,0,0,0,0
jump_17,62,0,0,0,0,247,181,83,-89,-20,0,205,0,0,0,0,0
jump_17,63,0,0,0,0,247,181,80,-85,-20,0,205,0,0,0,0,0
jump_17,64,0,0,0,0,247,181,77,-80,-20,0,205,0,0,0,0,0
jump_17,65,0,0,0,0,247,182,74,-74,-20,0,205,0,0,0,2,0
jump_17,66,0,0,0,0,247,182,71,-74,-20,1,205,0,0,0,2,0
jump_17,67,0,0,0,0,247,182,68,-82,-20,1,205,0,0,0,0,0
jump_17,68,0,0,0,0,247,182,65,-88,-20,1,205,0,0,0,0,0
jump_17,69,0,0,0,0,247,182,62,-93,-20,1,205,0,0,0,0,0
jump_17,70,0,0,0,0,247,182,59,-96,-20,2,205,0,0,0,0,0
jump_17,71,0,0,0,0,247,182,56,-97,-20,2,205,0,0,0,0,0
jump_17,72,0,0,0,0,247,181,53,-96,-20,2,205,0,0,0,0,0
jump_17,73,0,0,0,0,247,181,50,-94,-20,2,205,0,0,0,0,0
jump_17,74,0,0,0,0,247,181,47,-90,-20,3,205,0,0,0,0,0
jump_17,75,0,0,0,0,247,181,44,-84,-20,3,205,0,0,0,0,0
jump_17,76,0,0,0,0,248,182,41,-77,-20,3,205,0,0,0,2,0
jump_17,77,0,0,0,0,248,181,38,-77,-20,3,205,0,0,0,0,0
jump_17,78,0,0,0,0,249,182,35,-75,-20,0,205,0,0,0,0,0
jump_17,79,0,0,0,0,249,182,32,-71,-20,0,205,0,0,0,0,0
jump_17,80,0,0,0,0,0,182,29,-66,-20,0,205,0,0,0,0,0
jump_17,81,0,0,0,0,0,182,26,-59,-20,0,205,0,0,0,0,0
jump_17,82,0,0,0,0,0,182,23,-51,-20,1,205,0,0,0,0,0
jump_17,83,0,0,0,0,0,181,20,-40,-20,1,205,0,0,0,0,0
jump_17,84,0,0,0,0,1,181,17,-28,-20,1,205,0,0,0,0,0
jump_17,85,0,0,0,0,1,181,14,-15,-20,1,205,0,0,0,0,0
jump_17,86,0,0,0,0,1,185,11,0,1,2,205,0,0,0,0,0
jump_17,87,0,0,0,0,1,185,8,-3,1,2,205,0,0,0,0,0
jump_17,88,0,0,0,0,2,185,6,-5,1,2,205,0,0,0,0,0
jump_17,89,0,0,0,0,2,185,4,-5,1,2,205,0,0,0,0,0
jump_17,90,0,0,0,0,2,185,2,-3,1,3,205,0,0,0,0,0
jump_17,91,0,0,0,0,2,185,0,0,1,3,205,0,0,0,0,0
jump_17,92,0,0,0,0,3,230,0,0,0,3,205,0,0,0,0,0
jump_17,93,0,0,0,0,3,230,0,0,0,3,205,0,0,0,0,0
jump_17,94,0,0,0,0,3,230,0,0,0,0,205,0,0,0,0,0
jump_17,95,0,0,0,0,3,230,0,0,0,0,205,0,0,0,0,0
jump_17,96,0,0,0,0,0,230,0,0,0,0,205,0,0,0,0,0
jump_19,1,1,0,0,0,0,0,200,0,0,0,205,0,0,0,0,0
jump_19,2,1,0,0,0,110,0,200,0,0,0,205,0,0,0,0,0
jump_19,3,0,1,0,0,110,0,200,0,0,0,205,0,0,0,0,0
jump_19,4,0,1,0,0,110,0,200,0,0,1,205,0,0,0,0,0
jump_19,5,0,0,1,0,110,0,200,0,0,1,205,0,0,0,0,0
jump_19,6,0,0,1,0,239,1,200,0,0,1,205,0,0,0,0,0
jump_19,7,0,0,0,0,239,1,200,0,0,1,205,0,0,0,0,0
jump_19,8,0,0,0,0,239,1,200,0,0,2,205,0,0,0,0,0
jump_19,9,0,0,0,0,241,1,200,0,0,2,205,0,0,0,0,0
jump_19,10,0,0,0,0,241,1,200,0,0,2,205,0,0,0,0,0
jump_19,11,0,0,0,0,241,1,200,0,0,2,205,0,0,0,0,0
jump_19,12,0,0,0,0,241,2,200,0,0,3,205,0,0,0,0,0
jump_19,13,0,0,0,0,242,2,200,0,0,3,205,0,0,0,0,0
jump_19,14,0,0,0,0,242,2,200,0,0,3,205,0,0,0,0,0
jump_19,15,0,0,0,0,242,2,200,0,0,3,205,0,0,0,0,0
jump_19,16,0,0,0,0,242,2,200,0,0,0,205,0,0,0,0,0
jump_19,17,0,0,0,0,242,2,200,0,0,0,205,0,0,0,0,0
jump_19,18,0,0,0,0,242,3,200,0,0,0,205,0,0,0,0,0
jump_19,19,0,0,0,1,242,3,200,0,0,0,205,0,0,0,0,0
jump_19,20,0,0,0,1,242,3,200,0,0,210,205,0,0,0,0,0
jump_19,21,0,0,0,0,242,3,200,0,0,210,205,0,0,0,0,0
jump_19,22,0,0,0,0,243,3,200,0,0,210,205,0,0,0,0,0
jump_19,23,0,0,0,0,244,182,200,-2,-20,211,205,0,0,0,1,0
jump_19,24,0,0,0,0,244,182,197,-8,-20,211,205,0,0,0,2,0
jump_19,25,0,0,0,0,244,182,194,-15,-20,212,205,0,0,0,2,0
jump_19,26,0,0,0,0,244,182,191,-23,-20,212,205,-16,0,0,2,0
jump_19,27,0,0,0,0,244,182,188,-30,-20,212,205,-30,0,0,2,0
jump_19,28,0,0,0,0,244,182,185,-39,-20,212,205,-43,0,0,2,0
jump_19,29,0,0,0,0,245,182,182,-45,-20,212,205,-54,0,0,2,0
jump_19,30,0,0,0,0,245,182,179,-53,-20,212,205,-64,0,0,2,0
jump_19,31,0,0,0,0,245,182,176,-59,-20,212,205,-72,0,0,2,0
jump_19,32,0,0,0,0,245,182,173,-66,-20,212,205,-78,0,0,2,0
jump_19,33,0,0,0,0,245,182,170,-75,-20,212,205,-82,0,0,2,0
jump_19,34,0,0,0,0,245,182,167,-82,-20,212,205,-85,0,0,0,0
jump_19,35,0,0,0,0,246,182,164,-87,-20,212,205,-86,0,0,0,0
jump_19,36,0,0,0,0,246,181,161,-91,-20,212,205,-85,0,0,0,0
jump_19,37,0,0,0,0,246,181,158,-93,-20,212,205,-83,0,0,0,0
jump_19,38,0,0,0,0,246,181,155,-93,-20,212,205,-79,0,0,0,0
jump_19,39,0,0,0,0,246,181,152,-92,-20,212,205,-73,0,0,0,0
jump_19,40,0,0,0,0,246,181,149,-88,-20,212,205,-65,0,0,0,0
jump_19,41,0,0,0,0,246,181,146,-83,-20,212,205,-56,0,0,0,0
jump_19,42,0,0,0,0,246,182,143,-77,-20,212,205,-45,0,0,0,0
jump_19,43,0,0,0,0,246,182,140,-68,-20,212,205,-33,0,0,2,0
jump_19,44,0,0,0,0,246,182,137,-67,-20,212,205,-18,0,0,2,0
jump_19,45,0,0,0,0,247,182,134,-74,-20,212,205,-2,0,0,2,0
jump_19,46,0,0,0,0,247,182,131,-81,-20,215,205,0,0,0,0,0
jump_19,47,0,0,0,0,247,182,128,-87,-20,215,205,0,0,0,0,0
jump_19,48,0,0,0,0,247,181,125,-91,-20,0,205,0,0,0,0,0
jump_19,49,0,0,0,0,247,181,122,-94,-20,0,205,0,0,0,0,0
jump_19,50,0,0,0,0,247,181,119,-95,-20,0,205,0,0,0,0,0
jump_19,51,0,0,0,0,247,181,116,-94,-20,0,205,0,0,0,0,0
jump_19,52,0,0,0,0,247,181,113,-91,-20,1,205,0,0,0,0,0
jump_19,53,0,0,0,0,247,181,110,-87,-20,1,205,0,0,0,0,0
jump_19,54,0,0,0,0,247,182,107,-81,-20,1,205,0,0,0,0,0
jump_19,55,0,0,0,0,247,182,104,-73,-20,1,205,0,0,0,2,0
jump_19,56,0,0,0,0,247,182,101,-73,-20,2,205,0,0,0,2,0
jump_19,57,0,0,0,0,247,182,98,-80,-20,2,205,0,0,0,0,0
jump_19,58,0,0,0,0,247,182,95,-85,-20,2,205,0,0,0,0,0
jump_19,59,0,0,0,0,247,182,92,-88,-20,2,205,0,0,0,0,0
jump_19,60,0,0,0,0,247,181,89,-90,-20,3,205,0,0,0,0,0
jump_19,61,0,0,0,0,247,181,86,-90,-20,3,205,0,0,0,0,0
jump_19,62,0,0,0,0,247,181,83,-89,-20,3,205,0,0,0,0,0
jump_19,63,0,0,0,0,247,181,80,-85,-20,3,205,0,0,0,0,0
jump_19,64,0,0,0,0,247,181,77,-80,-20,0,205,0,0,0,0,0
jump_19,65,0,0,0,0,247,182,74,-74,-20,0,205,0,0,0,2,0
jump_19,66,0,0,0,0,247,182,71,-74,-20,0,205,0,0,0,2,0
jump_19,67,0,0,0,0,247,182,68,-82,-20,0,205,0,0,0,0,0
jump_19,68,0,0,0,0,247,182,65,-88,-20,1,205,0,0,0,0,0
jump_19,69,0,0,0,0,247,182,62,-93,-20,1,205,0,0,0,0,0
jump_19,70,0,0,0,0,247,182,59,-96,-20,1,205,0,0,0,0,0
jump_19,71,0,0,0,0,247,182,56,-97,-20,1,205,0,0,0,0,0
jump_19,72,0,0,0,0,247,181,53,-96,-20,2,205,0,0,0,0,0
jump_19,73,0,0,0,0,247,181,50,-94,-20,2,205,0,0,0,0,0
jump_19,74,0,0,0,0,247,181,47,-90,-20,2,205,0,0,0,0,0
jump_19,75,0,0,0,0,247,181,44,-84,-20,2,205,0,0,0,0,0
jump_19,76,0,0,0,0,248,182,41,-77,-20,3,205,0,0,0,2,0
jump_19,77,0,0,0,0,248,181,38,-77,-20,3,205,0,0,0,0,0
jump_19,78,0,0,0,0,249,182,35,-75,-20,3,205,0,0,0,0,0
jump_19,79,0,0,0,0,249,182,32,-71,-20,3,205,0,0,0,0,0
jump_19,80,0,0,0,0,0,182,29,-66,-20,0,205,0,0,0,0,0
jump_19,81,0,0,0,0,0,182,26,-59,-20,0,205,0,0,0,0,0
jump_19,82,0,0,0,0,0,182,23,-51,-20,0,205,0,0,0,0,0
jump_19,83,0,0,0,0,0,181,20,-40,-20,0,205,0,0,0,0,0
jump_19,84,0,0,0,0,1,181,17,-28,-20,1,205,0,0,0,0,0
jump_19,85,0,0,0,0,1,181,14,-15,-20,1,205,0,0,0,0,0
jump_19,86,0,0,0,0,1,185,11,0,1,1,205,0,0,0,0,0
jump_19,87,0,0,0,0,1,185,8,-3,1,1,205,0,0,0,0,0
jump_19,88,0,0,0,0,2,185,6,-5,1,2,205,0,0,0,0,0
jump_19,89,0,0,0,0,2,185,4,-5,1,2,205,0,0,0,0,0
jump_19,90,0,0,0,0,2,185,2,-3,1,2,205,0,0,0,0,0
jump_19,91,0,0,0,0,2,185,0,0,1,2,205,0,0,0,0,0
jump_19,92,0,0,0,0,3,230,0,0,0,3,205,0,0,0,0,0
jump_19,93,0,0,0,0,3,230,0,0,0,3,205,0,0,0,0,0
jump_19,94,0,0,0,0,3,230,0,0,0,3,205,0,0,0,0,0
jump_19,95,0,0,0,0,3,230,0,0,0,3,205,0,0,0,0,0
jump_19,96,0,0,0,0,0,230,0,0,0,0,205,0,0,0,0,0
jump_21,1,1,0,0,0,0,0,200,0,0,0,205,0,0,0,0,0
jump_21,2,1,0,0,0,110,0,200,0,0,0,205,0,0,0,0,0
jump_21,3,0,1,0,0,110,0,200,0,0,0,205,0,0,0,0,0
jump_21,4,0,1,0,0,110,0,200,0,0,1,205,0,0,0,0,0
jump_21,5,0,0,1,0,110,0,200,0,0,1,205,0,0,0,0,0
jump_21,6,0,0,1,0,239,1,200,0,0,1,205,0,0,0,0,0
jump_21,7,0,0,0,0,239,1,200,0,0,1,205,0,0,0,0,0
jump_21,8,0,0,0,0,239,1,200,0,0,2,205,0,0,0,0,0
jump_21,9,0,0,0,0,241,1,200,0,0,2,205,0,0,0,0,0
jump_21,10,0,0,0,0,241,1,200,0,0,2,205,0,0,0,0,0
jump_21,11,0,0,0,0,241,1,200,0,0,2,205,0,0,0,0,0
jump_21,12,0,0,0,0,241,2,200,0,0,3,205,0,0,0,0,0
jump_21,13,0,0,0,0,242,2,200,0,0,3,205,0,0,0,0,0
jump_21,14,0,0,0,0,242,2,200,0,0,3,205,0,0,0,0,0
jump_21,15,0,0,0,0,242,2,200,0,0,3,205,0,0,0,0,0
jump_21,16,0,0,0,0,242,2,200,0,0,0,205,0,0,0,0,0
jump_21,17,0,0,0,0,242,2,200,0,0,0,205,0,0,0,0,0
jump_21,18,0,0,0,0,242,3,200,0,0,0,205,0,0,0,0,0
jump_21,19,0,0,0,0,242,3,200,0,0,0,205,0,0,0,0,0
jump_21,20,0,0,0,0,242,3,200,0,0,1,205,0,0,0,0,0
jump_21,21,0,0,0,1,242,3,200,0,0,1,205,0,0,0,0,0
jump_21,22,0,0,0,1,243,3,200,0,0,210,205,0,0,0,0,0
jump_21,23,0,0,0,0,244,182,200,-2,-20,210,205,0,0,0,1,0
jump_21,24,0,0,0,0,244,182,197,-8,-20,210,205,0,0,0,2,0
jump_21,25,0,0,0,0,244,182,194,-15,-20,211,205,0,0,0,2,0
jump_21,26,0,0,0,0,244,182,191,-23,-20,211,205,0,0,0,2,0
jump_21,27,0,0,0,0,244,182,188,-30,-20,212,205,0,0,0,2,0
jump_21,28,0,0,0,0,244,182,185,-39,-20,212,205,-16,0,0,2,0
jump_21,29,0,0,0,0,245,182,182,-45,-20,212,205,-30,0,0,2,0
jump_21,30,0,0,0,0,245,182,179,-53,-20,212,205,-43,0,0,2,0
jump_21,31,0,0,0,0,245,182,176,-59,-20,212,205,-54,0,0,2,0
jump_21,32,0,0,0,0,245,182,173,-66,-20,212,205,-64,0,0,2,0
jump_21,33,0,0,0,0,245,182,170,-75,-20,212,205,-72,0,0,2,0
jump_21,34,0,0,0,0,245,182,167,-82,-20,212,205,-78,0,0,0,0
jump_21,35,0,0,0,0,246,182,164,-87,-20,212,205,-82,0,0,0,0
jump_21,36,0,0,0,0,246,181,161,-91,-20,212,205,-85,0,0,0,0
jump_21,37,0,0,0,0,246,181,158,-93,-20,212,205,-86,0,0,0,0
jump_21,38,0,0,0,0,246,181,155,-93,-20,212,205,-85,0,0,0,0
jump_21,39,0,0,0,0,246,181,152,-92,-20,212,205,-83,0,0,0,0
jump_21,40,0,0,0,0,246,181,149,-88,-20,212,205,-79,0,0,0,0
jump_21,41,0,0,0,0,246,181,146,-83,-20,212,205,-73,0,0,0,0
jump_21,42,0,0,0,0,246,182,143,-77,-20,212,205,-65,0,0,0,0
jump_21,43,0,0,0,0,246,182,140,-68,-20,212,205,-56,0,0,2,0
jump_21,44,0,0,0,0,246,182,137,-67,-20,212,205,-45,0,0,2,0
jump_21,45,0,0,0,0,247,182,134,-74,-20,212,205,-33,0,0,2,0
jump_21,46,0,0,0,0,247,182,131,-81,-20,212,205,-18,0,0,0,0
jump_21,47,0,0,0,0,247,182,128,-87,-20,212,205,-2,0,0,0,0
jump_21,48,0,0,0,0,247,181,125,-91,-20,215,205,0,0,0,0,0
jump_21,49,0,0,0,0,247,181,122,-94,-20,215,205,0,0,0,0,0
jump_21,50,0,0,0,0,247,181,119,-95,-20,0,205,0,0,0,0,0
jump_21,51,0,0,0,0,247,181,116,-94,-20,0,205,0,0,0,0,0
jump_21,52,0,0,0,0,247,181,113,-91,-20,0,205,0,0,0,0,0
jump_21,53,0,0,0,0,247,181,110,-87,-20,0,205,0,0,0,0,0
jump_21,54,0,0,0,0,247,182,107,-81,-20,1,205,0,0,0,0,0
jump_21,55,0,0,0,0,247,182,104,-73,-20,1,205,0,0,0,2,0
jump_21,56,0,0,0,0,247,182,101,-73,-20,1,205,0,0,0,2,0
jump_21,57,0,0,0,0,247,182,98,-80,-20,1,205,0,0,0,0,0
jump_21,58,0,0,0,0,247,182,95,-85,-20,2,205,0,0,0,0,0
jump_21,59,0,0,0,0,247,182,92,-88,-20,2,205,0,0,0,0,0
jump_21,60,0,0,0,0,247,181,89,-90,-20,2,205,0,0,0,0,0
jump_21,61,0,0,0,0,247,181,86,-90,-20,2,205,0,0,0,0,0
jump_21,62,0,0,0,0,247,181,83,-89,-20,3,205,0,0,0,0,0
jump_21,63,0,0,0,0,247,181,80,-85,-20,3,205,0,0,0,0,0
jump_21,64,0,0,0,0,247,181,77,-80,-20,3,205,0,0,0,0,0
jump_21,65,0,0,0,0,247,182,74,-74,-20,3,205,0,0,0,2,0
jump_21,66,0,0,0,0,247,182,71,-74,-20,0,205,0,0,0,2,0
jump_21,67,0,0,0,0,247,182,68,-82,-20,0,205,0,0,0,0,0
jump_21,68,0,0,0,0,247,182,65,-88,-20,0,205,0,0,0,0,0
jump_21,69,0,0,0,0,247,182,62,-93,-20,0,205,0,0,0,0,0
jump_21,70,0,0,0,0,247,182,59,-96,-20,1,205,0,0,0,0,0
jump_21,71,0,0,0,0,247,182,56,-97,-20,1,205,0,0,0,0,0
jump_21,72,0,0,0,0,247,181,53,-96,-20,1,205,0,0,0,0,0
jump_21,73,0,0,0,0,247,181,50,-94,-20,1,205,0,0,0,0,0
jump_21,74,0,0,0,0,247,181,47,-90,-20,2,205,0,0,0,0,0
jump_21,75,0,0,0,0,247,181,44,-84,-20,2,205,0,0,0,0,0
jump_21,76,0,0,0,0,248,182,41,-77,-20,2,205,0,0,0,2,0
jump_21,77,0,0,0,0,248,181,38,-77,-20,2,205,0,0,0,0,0
jump_21,78,0,0,0,0,249,182,35,-75,-20,3,205,0,0,0,0,0
jump_21,79,0,0,0,0,249,182,32,-71,-20,3,205,0,0,0,0,0
jump_21,80,0,0,0,0,0,182,29,-66,-20,3,205,0,0,0,0,0
jump_21,81,0,0,0,0,0,182,26,-59,-20,3,205,0,0,0,0,0
jump_21,82,0,0,0,0,0,182,23,-51,-20,0,205,0,0,0,0,0
jump_21,83,0,0,0,0,0,181,20,-40,-20,0,205,0,0,0,0,0
jump_21,84,0,0,0,0,1,181,17,-28,-20,0,205,0,0,0,0,0
jump_21,85,0,0,0,0,1,181,14,-15,-20,0,205,0,0,0,0,0
jump_21,86,0,0,0,0,1,185,11,0,1,1,205,0,0,0,0,0
jump_21,87,0,0,0,0,1,185,8,-3,1,1,205,0,0,0,0,0
jump_21,88,0,0,0,0,2,185,6,-5,1,1,205,0,0,0,0,0
jump_21,89,0,0,0,0,2,185,4,-5,1,1,205,0,0,0,0,0
jump_21,90,0,0,0,0,2,185,2,-3,1,2,205,0,0,0,0,0
jump_21,91,0,0,0,0,2,185,0,0,1,2,205,0,0,0,0,0
jump_21,92,0,0,0,0,3,230,0,0,0,2,205,0,0,0,0,0
jump_21,93,0,0,0,0,3,230,0,0,0,2,205,0,0,0,0,0
jump_21,94,0,0,0,0,3,230,0,0,0,3,205,0,0,0,0,0
jump_21,95,0,0,0,0,3,230,0,0,0,3,205,0,0,0,0,0
jump_21,96,0,0,0,0,0,230,0,0,0,3,205,0,0,0,0,0
jump_23,1,1,0,0,0,0,0,200,0,0,0,205,0,0,0,0,0
jump_23,2,1,0,0,0,110,0,200,0,0,0,205,0,0,0,0,0
jump_23,3,0,1,0,0,110,0,200,0,0,0,205,0,0,0,0,0
jump_23,4,0,1,0,0,110,0,200,0,0,1,205,0,0,0,0,0
jump_23,5,0,0,1,0,110,0,200,0,0,1,205,0,0,0,0,0
jump_23,6,0,0,1,0,239,1,200,0,0,1,205,0,0,0,0,0
jump_23,7,0,0,0,0,239,1,200,0,0,1,205,0,0,0,0,0
jump_23,8,0,0,0,0,239,1,200,0,0,2,205,0,0,0,0,0
jump_23,9,0,0,0,0,241,1,200,0,0,2,205,0,0,0,0,0
jump_23,10,0,0,0,0,241,1,200,0,0,2,205,0,0,0,0,0
jump_23,11,0,0,0,0,241,1,200,0,0,2,205,0,0,0,0,0
jump_23,12,0,0,0,0,241,2,200,0,0,3,205,0,0,0,0,0
jump_23,13,0,0,0,0,242,2,200,0,0,3,205,0,0,0,0,0
jump_23,14,0,0,0,0,242,2,200,0,0,3,205,0,0,0,0,0
jump_23,15,0,0,0,0,242,2,200,0,0,3,205,0,0,0,0,0
jump_23,16,0,0,0,0,242,2,200,0,0,0,205,0,0,0,0,0
jump_23,17,0,0,0,0,242,2,200,0,0,0,205,0,0,0,0,0
jump_23,18,0,0,0,0,242,3,200,0,0,0,205,0,0,0,0,0
jump_23,19,0,0,0,0,242,3,200,0,0,0,205,0,0,0,0,0
jump_23,20,0,0,0,0,242,3,200,0,0,1,205,0,0,0,0,0
jump_23,21,0,0,0,0,242,3,200,0,0,1,205,0,0,0,0,0
jump_23,22,0,0,0,0,243,3,200,0,0,1,205,0,0,0,0,0
jump_23,23,0,0,0,1,244,182,200,-2,-20,1,205,0,0,0,1,0
jump_23,24,0,0,0,1,244,182,197,-8,-20,210,205,0,0,0,2,0
jump_23,25,0,0,0,0,244,182,194,-15,-20,210,205,0,0,0,2,0
jump_23,26,0,0,0,0,244,182,191,-23,-20,210,205,0,0,0,2,0
jump_23,27,0,0,0,0,244,182,188,-30,-20,211,205,0,0,0,2,0
jump_23,28,0,0,0,0,244,182,185,-39,-20,211,205,0,0,0,2,0
jump_23,29,0,0,0,0,245,182,182,-45,-20,212,205,0,0,0,2,0
jump_23,30,0,0,0,0,245,182,179,-53,-20,212,205,-16,0,0,2,0
jump_23,31,0,0,0,0,245,182,176,-59,-20,212,205,-30,0,0,2,0
jump_23,32,0,0,0,0,245,182,173,-66,-20,212,205,-43,0,0,2,0
jump_23,33,0,0,0,0,245,182,170,-75,-20,212,205,-54,0,0,2,0
jump_23,34,0,0,0,0,245,182,167,-82,-20,212,205,-64,0,0,0,0
jump_23,35,0,0,0,0,246,182,164,-87,-20,212,205,-72,0,0,0,0
jump_23,36,0,0,0,0,246,181,161,-91,-20,212,205,-78,0,0,0,0
jump_23,37,0,0,0,0,246,181,158,-93,-20,212,205,-82,0,0,0,0
jump_23,38,0,0,0,0,246,181,155,-93,-20,212,205,-85,0,0,0,0
jump_23,39,0,0,0,0,246,181,152,-92,-20,212,205,-86,0,0,0,0
jump_23,40,0,0,0,0,246,181,149,-88,-20,212,205,-85,0,0,0,0
jump_23,41,0,0,0,0,246,181,146,-83,-20,212,205,-83,0,0,0,0
jump_23,42,0,0,0,0,246,182,143,-77,-20,212,205,-79,0,0,0,0
jump_23,43,0,0,0,0,246,182,140,-68,-20,212,205,-73,0,0,2,0
jump_23,44,0,0,0,0,246,182,137,-67,-20,212,205,-65,0,0,2,0
jump_23,45,0,0,0,0,247,182,134,-74,-20,212,205,-56,0,0,2,0
jump_23,46,0,0,0,0,247,182,131,-81,-20,212,205,-45,0,0,0,0
jump_23,47,0,0,0,0,247,182,128,-87,-20,212,205,-33,0,0,0,0
jump_23,48,0,0,0,0,247,181,125,-91,-20,212,205,-18,0,0,0,0
jump_23,49,0,0,0,0,247,181,122,-94,-20,212,205,-2,0,0,0,0
jump_23,50,0,0,0,0,247,181,119,-95,-20,215,205,0,0,0,0,0
jump_23,51,0,0,0,0,247,181,116,-94,-20,215,205,0,0,0,0,0
jump_23,52,0,0,0,0,247,181,113,-91,-20,0,205,0,0,0,0,0
jump_23,53,0,0,0,0,247,181,110,-87,-20,0,205,0,0,0,0,0
jump_23,54,0,0,0,0,247,182,107,-81,-20,0,205,0,0,0,0,0
jump_23,55,0,0,0,0,247,182,104,-73,-20,0,205,0,0,0,2,0
jump_23,56,0,0,0,0,247,182,101,-73,-20,1,205,0,0,0,2,0
jump_23,57,0,0,0,0,247,182,98,-80,-20,1,205,0,0,0,0,0
jump_23,58,0,0,0,0,247,182,95,-85,-20,1,205,0,0,0,0,0
jump_23,59,0,0,0,0,247,182,92,-88,-20,1,205,0,0,0,0,0
jump_23,60,0,0,0,0,247,181,89,-90,-20,2,205,0,0,0,0,0
jump_23,61,0,0,0,0,247,181,86,-90,-20,2,205,0,0,0,0,0
jump_23,62,0,0,0,0,247,181,83,-89,-20,2,205,0,0,0,0,0
jump_23,63,0,0,0,0,247,181,80,-85,-20,2,205,0,0,0,0,0
jump_23,64,0,0,0,0,247,181,77,-80,-20,3,205,0,0,0,0,0
jump_23,65,0,0,0,0,247,182,74,-74,-20,3,205,0,0,0,2,0
jump_23,66,0,0,0,0,247,182,71,-74,-20,3,205,0,0,0,2,0
jump_23,67,0,0,0,0,247,182,68,-82,-20,3,205,0,0,0,0,0
jump_23,68,0,0,0,0,247,182,65,-88,-20,0,205,0,0,0,0,0
jump_23,69,0,0,0,0,247,182,62,-93,-20,0,205,0,0,0,0,0
jump_23,70,0,0,0,0,247,182,59,-96,-20,0,205,0,0,0,0,0
jump_23,71,0,0,0,0,247,182,56,-97,-20,0,205,0,0,0,0,0
jump_23,72,0,0,0,0,247,181,53,-96,-20,1,205,0,0,0,0,0
jump_23,73,0,0,0,0,247,181,50,-94,-20,1,205,0,0,0,0,0
jump_23,74,0,0,0,0,247,181,47,-90,-20,1,205,0,0,0,0,0
jump_23,75,0,0,0,0,247,181,44,-84,-20,1,205,0,0,0,0,0
jump_23,76,0,0,0,0,248,182,41,-77,-20,2,205,0,0,0,2,0
jump_23,77,0,0,0,0,248,181,38,-77,-20,2,205,0,0,0,0,0
jump_23,78,0,0,0,0,249,182,35,-75,-20,2,205,0,0,0,0,0
jump_23,79,0,0,0,0,249,182,32,-71,-20,2,205,0,0,0,0,0
jump_23,80,0,0,0,0,0,182,29,-66,-20,3,205,0,0,0,0,0
jump_23,81,0,0,0,0,0,182,26,-59,-20,3,205,0,0,0,0,0
jump_23,82,0,0,0,0,0,182,23,-51,-20,3,205,0,0,0,0,0
jump_23,83,0,0,0,0,0,181,20,-40,-20,3,205,0,0,0,0,0
jump_23,84,0,0,0,0,1,181,17,-28,-20,0,205,0,0,0,0,0
jump_23,85,0,0,0,0,1,181,14,-15,-20,0,205,0,0,0,0,0
jump_23,86,0,0,0,0,1,185,11,0,1,0,205,0,0,0,0,0
jump_23,87,0,0,0,0,1,185,8,-3,1,0,205,0,0,0,0,0
jump_23,88,0,0,0,0,2,185,6,-5,1,1,205,0,0,0,0,0
jump_23,89,0,0,0,0,2,185,4,-5,1,1,205,0,0,0,0,0
jump_23,90,0,0,0,0,2,185,2,-3,1,1,205,0,0,0,0,0
jump_23,91,0,0,0,0,2,185,0,0,1,1,205,0,0,0,0,0
jump_23,92,0,0,0,0,3,230,0,0,0,2,205,0,0,0,0,0
jump_23,93,0,0,0,0,3,230,0,0,0,2,205,0,0,0,0,0
jump_23,94,0,0,0,0,3,230,0,0,0,2,205,0,0,0,0,0
jump_23,95,0,0,0,0,3,230,0,0,0,2,205,0,0,0,0,0
jump_23,96,0,0,0,0,0,230,0,0,0,3,205,0,0,0,0,0
landing_x175,1,1,0,0,0,0,0,200,0,0,0,175,0,0,0,0,0
landing_x175,2,1,0,0,0,110,0,200,0,0,0,175,0,0,0,0,0
landing_x175,3,0,1,0,0,110,0,200,0,0,0,175,0,0,0,0,0
landing_x175,4,0,1,0,0,110,0,200,0,0,1,175,0,0,0,0,0
landing_x175,5,0,0,1,0,110,0,200,0,0,1,175,0,0,0,0,0
landing_x175,6,0,0,1,0,239,1,200,0,0,1,175,0,0,0,0,0
landing_x175,7,0,0,0,0,239,1,200,0,0,1,175,0,0,0,0,0
landing_x175,8,0,0,0,0,239,1,200,0,0,2,175,0,0,0,0,0
landing_x175,9,0,0,0,1,241,1,200,0,0,2,175,0,0,0,0,0
landing_x175,10,0,0,0,1,241,1,200,0,0,210,175,0,0,0,0,0
landing_x175,11,0,0,0,0,241,1,200,0,0,210,175,0,0,0,0,0
landing_x175,12,0,0,0,0,241,2,200,0,0,210,175,0,0,0,0,0
landing_x175,13,0,0,0,0,242,2,200,0,0,211,175,0,0,0,0,0
landing_x175,14,0,0,0,0,242,2,200,0,0,211,175,0,0,0,0,0
landing_x175,15,0,0,0,0,242,2,200,0,0,212,175,0,0,0,0,0
landing_x175,16,0,0,0,0,242,2,200,0,0,212,175,-16,0,0,0,0
landing_x175,17,0,0,0,0,242,2,200,0,0,212,175,-30,0,0,0,0
landing_x175,18,0,0,0,0,242,3,200,0,0,212,175,-43,0,0,0,0
landing_x175,19,0,0,0,0,242,3,200,0,0,212,175,-54,0,0,0,0
landing_x175,20,0,0,0,0,242,3,200,0,0,212,175,-64,0,0,0,0
landing_x175,21,0,0,0,0,242,3,200,0,0,212,175,-72,0,0,0,0
landing_x175,22,0,0,0,0,243,3,200,0,0,212,175,-78,0,0,0,0
landing_x175,23,0,0,0,0,244,182,200,-2,-20,212,175,-82,0,0,1,0
landing_x175,24,0,0,0,0,244,182,197,-8,-20,212,175,-85,0,0,2,0
landing_x175,25,0,0,0,0,244,182,194,-15,-20,212,175,-86,0,0,2,0
landing_x175,26,0,0,0,0,244,182,191,-23,-20,212,175,-85,0,0,2,0
landing_x175,27,0,0,0,0,244,182,188,-30,-20,212,175,-83,0,0,2,0
landing_x175,28,0,0,0,0,244,182,185,-39,-20,212,175,-79,0,0,2,0
landing_x175,29,0,0,0,0,245,182,182,-45,-20,212,175,-73,0,0,2,0
landing_x175,30,0,0,0,0,245,182,179,-53,-20,212,175,-65,0,0,2,0
landing_x175,31,0,0,0,0,245,182,176,-59,-20,212,175,-56,0,0,2,0
landing_x175,32,0,0,0,0,245,182,173,-66,-20,212,175,-45,0,0,2,0
landing_x175,33,0,0,0,0,245,182,170,-75,-20,212,175,-33,0,0,2,0
landing_x175,34,0,0,0,0,245,182,167,-82,-20,212,175,-18,0,0,0,0
landing_x175,35,0,0,0,0,246,182,164,-87,-20,212,175,-2,0,0,0,0
landing_x175,36,0,0,0,0,246,181,161,-91,-20,215,175,0,0,0,0,0
landing_x175,37,0,0,0,0,246,181,158,-93,-20,215,175,0,0,0,0,0
landing_x175,38,0,0,0,0,246,181,155,-93,-20,0,175,0,0,0,0,0
landing_x175,39,0,0,0,0,246,181,152,-92,-20,0,175,0,0,0,0,0
landing_x175,40,0,0,0,0,246,181,149,-88,-20,0,175,0,0,0,0,0
landing_x175,41,0,0,0,0,246,181,146,-83,-20,0,175,0,0,0,0,0
landing_x175,42,0,0,0,0,246,182,143,-77,-20,1,175,0,0,0,0,0
landing_x175,43,0,0,0,0,246,182,140,-68,-20,1,175,0,0,0,2,0
landing_x175,44,0,0,0,0,246,182,137,-67,-20,1,175,0,0,0,2,0
landing_x175,45,0,0,0,0,247,182,134,-74,-20,1,175,0,0,0,2,0
landing_x175,46,0,0,0,0,247,182,131,-81,-20,2,175,0,0,0,0,0
landing_x175,47,0,0,0,0,247,182,128,-87,-20,2,175,0,0,0,0,0
landing_x175,48,0,0,0,0,247,181,125,-91,-20,2,175,0,0,0,0,0
landing_x175,49,0,0,0,0,247,181,122,-94,-20,2,175,0,0,0,0,0
landing_x175,50,0,0,0,0,247,181,119,-95,-20,3,175,0,0,0,0,0
landing_x175,51,0,0,0,0,247,181,116,-94,-20,3,175,0,0,0,0,0
landing_x175,52,0,0,0,0,247,181,113,-91,-20,3,175,0,0,0,0,0
landing_x175,53,0,0,0,0,247,181,110,-87,-20,3,175,0,0,0,0,0
landing_x175,54,0,0,0,0,247,182,107,-81,-20,0,175,0,0,0,0,0
landing_x175,55,0,0,0,0,247,182,104,-73,-20,0,175,0,0,0,2,0
landing_x175,56,0,0,0,0,247,182,101,-73,-20,0,175,0,0,0,2,0
landing_x175,57,0,0,0,0,247,182,98,-80,-20,0,175,0,0,0,0,0
landing_x175,58,0,0,0,0,247,182,95,-85,-20,1,175,0,0,0,0,0
landing_x175,59,0,0,0,0,247,182,92,-88,-20,1,175,0,0,0,0,0
landing_x175,60,0,0,0,0,247,181,89,-90,-20,1,175,0,0,0,0,0
landing_x175,61,0,0,0,0,247,181,86,-90,-20,1,175,0,0,0,0,0
landing_x175,62,0,0,0,0,247,181,83,-89,-20,2,175,0,0,0,0,0
landing_x175,63,0,0,0,0,247,181,80,-85,-20,2,175,0,0,0,0,0
landing_x175,64,0,0,0,0,247,181,77,-80,-20,2,175,0,0,0,0,0
landing_x175,65,0,0,0,0,247,182,74,-74,-20,2,175,0,0,0,2,0
landing_x175,66,0,0,0,0,247,182,71,-74,-20,3,175,0,0,0,2,0
landing_x175,67,0,0,0,0,247,182,68,-82,-20,3,175,0,0,0,0,0
landing_x175,68,0,0,0,0,247,182,65,-88,-20,3,175,0,0,0,0,0
landing_x175,69,0,0,0,0,247,182,62,-93,-20,3,175,0,0,0,0,0
landing_x175,70,0,0,0,0,247,182,59,-96,-20,0,175,0,0,0,0,0
landing_x175,71,0,0,0,0,247,182,56,-97,-20,0,175,0,0,0,0,0
landing_x175,72,0,0,0,0,247,181,53,-96,-20,0,175,0,0,0,0,0
landing_x175,73,0,0,0,0,247,181,50,-94,-20,0,175,0,0,0,0,0
landing_x175,74,0,0,0,0,247,181,47,-90,-20,1,175,0,0,0,0,0
landing_x175,75,0,0,0,0,247,181,44,-84,-20,1,175,0,0,0,0,0
landing_x175,76,0,0,0,0,248,182,41,-77,-20,1,175,0,0,0,2,0
landing_x175,77,0,0,0,0,248,181,38,-77,-20,1,175,0,0,0,0,0
landing_x175,78,0,0,0,0,249,182,35,-75,-20,2,175,0,0,0,0,0
landing_x175,79,0,0,0,0,249,182,32,-71,-20,2,175,0,0,0,0,0
landing_x175,80,0,0,0,0,0,182,29,-66,-20,2,175,0,0,0,0,0
landing_x175,81,0,0,0,0,0,182,26,-59,-20,2,175,0,0,0,0,0
landing_x175,82,0,0,0,0,0,182,23,-51,-20,3,175,0,0,0,0,0
landing_x175,83,0,0,0,0,0,181,20,-40,-20,3,175,0,0,0,0,0
landing_x175,84,0,0,0,0,1,181,17,-28,-20,3,175,0,0,0,0,0
landing_x175,85,0,0,0,0,1,181,14,-15,-20,3,175,0,0,0,0,0
landing_x175,86,0,0,0,0,1,185,11,0,1,0,175,0,0,0,0,0
landing_x175,87,0,0,0,0,1,185,8,-3,1,0,175,0,0,0,0,0
landing_x175,88,0,0,0,0,2,185,6,-5,1,0,175,0,0,0,0,0
landing_x175,89,0,0,0,0,2,185,4,-5,1,0,175,0,0,0,0,0
landing_x175,90,0,0,0,0,2,185,2,-3,1,1,175,0,0,0,0,0
landing_x175,91,0,0,0,0,2,185,0,0,1,1,175,0,0,0,0,0
landing_x175,92,0,0,0,0,3,230,0,0,0,1,175,0,0,0,0,0
landing_x175,93,0,0,0,0,3,230,0,0,0,1,175,0,0,0,0,0
landing_x175,94,0,0,0,0,3,230,0,0,0,2,175,0,0,0,0,0
landing_x175,95,0,0,0,0,3,230,0,0,0,2,175,0,0,0,0,0
landing_x175,96,0,0,0,0,0,230,0,0,0,2,175,0,0,0,0,0
landing_x180,1,1,0,0,0,0,0,200,0,0,0,180,0,0,0,0,0
landing_x180,2,1,0,0,0,110,0,200,0,0,0,180,0,0,0,0,0
landing_x180,3,0,1,0,0,110,0,200,0,0,0,180,0,0,0,0,0
landing_x180,4,0,1,0,0,110,0,200,0,0,1,180,0,0,0,0,0
landing_x180,5,0,0,1,0,110,0,200,0,0,1,180,0,0,0,0,0
landing_x180,6,0,0,1,0,239,1,200,0,0,1,180,0,0,0,0,0
landing_x180,7,0,0,0,0,239,1,200,0,0,1,180,0,0,0,0,0
landing_x180,8,0,0,0,0,239,1,200,0,0,2,180,0,0,0,0,0
landing_x180,9,0,0,0,1,241,1,200,0,0,2,180,0,0,0,0,0
landing_x180,10,0,0,0,1,241,1,200,0,0,210,180,0,0,0,0,0
landing_x180,11,0,0,0,0,241,1,200,0,0,210,180,0,0,0,0,0
landing_x180,12,0,0,0,0,241,2,200,0,0,210,180,0,0,0,0,0
landing_x180,13,0,0,0,0,242,2,200,0,0,211,180,0,0,0,0,0
landing_x180,14,0,0,0,0,242,2,200,0,0,211,180,0,0,0,0,0
landing_x180,15,0,0,0,0,242,2,200,0,0,212,180,0,0,0,0,0
landing_x180,16,0,0,0,0,242,2,200,0,0,212,180,-16,0,0,0,0
landing_x180,17,0,0,0,0,242,2,200,0,0,212,180,-30,0,0,0,0
landing_x180,18,0,0,0,0,242,3,200,0,0,212,180,-43,0,0,0,0
landing_x180,19,0,0,0,0,242,3,200,0,0,212,180,-54,0,0,0,0
landing_x180,20,0,0,0,0,242,3,200,0,0,212,180,-64,0,0,0,0
landing_x180,21,0,0,0,0,242,3,200,0,0,212,180,-72,0,0,0,0
landing_x180,22,0,0,0,0,243,3,200,0,0,212,180,-78,0,0,0,0
landing_x180,23,0,0,0,0,244,182,200,-2,-20,212,180,-82,0,0,1,0
landing_x180,24,0,0,0,0,244,182,197,-8,-20,212,180,-85,0,0,2,0
landing_x180,25,0,0,0,0,244,182,194,-15,-20,212,180,-86,0,0,2,0
landing_x180,26,0,0,0,0,244,182,191,-23,-20,212,180,-85,0,0,2,0
landing_x180,27,0,0,0,0,244,182,188,-30,-20,212,180,-83,0,0,2,0
landing_x180,28,0,0,0,0,244,182,185,-39,-20,212,180,-79,0,0,2,0
landing_x180,29,0,0,0,0,245,182,182,-45,-20,212,180,-73,0,0,2,0
landing_x180,30,0,0,0,0,245,182,179,-53,-20,212,180,-65,-58,1,2,0
landing_x180,31,0,0,0,0,245,182,176,-59,-20,215,180,-58,-64,1,2,0
landing_x180,32,0,0,0,0,245,182,173,-66,-20,215,180,-64,0,0,2,0
landing_x180,33,0,0,0,0,245,182,170,-75,-20,212,180,-64,0,0,2,0
landing_x180,34,0,0,0,0,245,182,167,-82,-20,212,180,-62,0,0,0,0
landing_x180,35,0,0,0,0,246,182,164,-87,-20,212,180,-58,0,0,0,0
landing_x180,36,0,0,0,0,246,181,161,-91,-20,212,180,-53,0,0,0,0
landing_x180,37,0,0,0,0,246,181,158,-93,-20,212,180,-47,0,0,0,0
landing_x180,38,0,0,0,0,246,181,155,-93,-20,212,180,-38,0,0,0,0
landing_x180,39,0,0,0,0,246,181,152,-92,-20,212,180,-28,0,0,0,0
landing_x180,40,0,0,0,0,246,181,149,-88,-20,212,180,-16,0,0,0,0
landing_x180,41,0,0,0,0,246,181,146,-83,-20,212,180,-2,0,0,0,0
landing_x180,42,0,0,0,0,246,182,143,-77,-20,215,180,0,0,0,0,0
landing_x180,43,0,0,0,0,246,182,140,-68,-20,215,180,0,0,0,2,0
landing_x180,44,0,0,0,0,246,182,137,-67,-20,0,180,0,0,0,2,0
landing_x180,45,0,0,0,0,247,182,134,-74,-20,0,180,0,0,0,2,0
landing_x180,46,0,0,0,0,247,182,131,-81,-20,0,180,0,0,0,0,0
landing_x180,47,0,0,0,0,247,182,128,-87,-20,0,180,0,0,0,0,0
landing_x180,48,0,0,0,0,247,181,125,-91,-20,1,180,0,0,0,0,0
landing_x180,49,0,0,0,0,247,181,122,-94,-20,1,180,0,0,0,0,0
landing_x180,50,0,0,0,0,247,181,119,-95,-20,1,180,0,0,0,0,0
landing_x180,51,0,0,0,0,247,181,116,-94,-20,1,180,0,0,0,0,0
landing_x180,52,0,0,0,0,247,181,113,-91,-20,2,180,0,0,0,0,0
landing_x180,53,0,0,0,0,247,181,110,-87,-20,2,180,0,0,0,0,0
landing_x180,54,0,0,0,0,247,182,107,-81,-20,2,180,0,0,0,0,0
landing_x180,55,0,0,0,0,247,182,104,-73,-20,2,180,0,0,0,2,0
landing_x180,56,0,0,0,0,247,182,101,-73,-20,3,180,0,0,0,2,0
landing_x180,57,0,0,0,0,247,182,98,-80,-20,3,180,0,0,0,0,0
landing_x180,58,0,0,0,0,247,182,95,-85,-20,3,180,0,0,0,0,0
landing_x180,59,0,0,0,0,247,182,92,-88,-20,3,180,0,0,0,0,0
landing_x180,60,0,0,0,0,247,181,89,-90,-20,0,180,0,0,0,0,0
landing_x180,61,0,0,0,0,247,181,86,-90,-20,0,180,0,0,0,0,0
landing_x180,62,0,0,0,0,247,181,83,-89,-20,0,180,0,0,0,0,0
landing_x180,63,0,0,0,0,247,181,80,-85,-20,0,180,0,0,0,0,0
landing_x180,64,0,0,0,0,247,181,77,-80,-20,1,180,0,0,0,0,0
landing_x180,65,0,0,0,0,247,182,74,-74,-20,1,180,0,0,0,2,0
landing_x180,66,0,0,0,0,247,182,71,-74,-20,1,180,0,0,0,2,0
landing_x180,67,0,0,0,0,247,182,68,-82,-20,1,180,0,0,0,0,0
landing_x180,68,0,0,0,0,247,182,65,-88,-20,2,180,0,0,0,0,0
landing_x180,69,0,0,0,0,247,182,62,-93,-20,2,180,0,0,0,0,0
landing_x180,70,0,0,0,0,247,182,59,-96,-20,2,180,0,0,0,0,0
landing_x180,71,0,0,0,0,247,182,56,-97,-20,2,180,0,0,0,0,0
landing_x180,72,0,0,0,0,247,181,53,-96,-20,3,180,0,0,0,0,0
landing_x180,73,0,0,0,0,247,181,50,-94,-20,3,180,0,0,0,0,0
landing_x180,74,0,0,0,0,247,181,47,-90,-20,3,180,0,0,0,0,0
landing_x180,75,0,0,0,0,247,181,44,-84,-20,3,180,0,0,0,0,0
landing_x180,76,0,0,0,0,248,182,41,-77,-20,0,180,0,0,0,2,0
landing_x180,77,0,0,0,0,248,181,38,-77,-20,0,180,0,0,0,0,0
landing_x180,78,0,0,0,0,249,182,35,-75,-20,0,180,0,0,0,0,0
landing_x180,79,0,0,0,0,249,182,32,-71,-20,0,180,0,0,0,0,0
landing_x180,80,0,0,0,0,0,182,29,-66,-20,1,180,0,0,0,0,0
landing_x180,81,0,0,0,0,0,182,26,-59,-20,1,180,0,0,0,0,0
landing_x180,82,0,0,0,0,0,182,23,-51,-20,1,180,0,0,0,0,0
landing_x180,83,0,0,0,0,0,181,20,-40,-20,1,180,0,0,0,0,0
landing_x180,84,0,0,0,0,1,181,17,-28,-20,2,180,0,0,0,0,0
landing_x180,85,0,0,0,0,1,181,14,-15,-20,2,180,0,0,0,0,0
landing_x180,86,0,0,0,0,1,185,11,0,1,2,180,0,0,0,0,0
landing_x180,87,0,0,0,0,1,185,8,-3,1,2,180,0,0,0,0,0
landing_x180,88,0,0,0,0,2,185,6,-5,1,3,180,0,0,0,0,0
landing_x180,89,0,0,0,0,2,185,4,-5,1,3,180,0,0,0,0,0
landing_x180,90,0,0,0,0,2,185,2,-3,1,3,180,0,0,0,0,0
landing_x180,91,0,0,0,0,2,185,0,0,1,3,180,0,0,0,0,0
landing_x180,92,0,0,0,0,3,230,0,0,0,0,180,0,0,0,0,0
landing_x180,93,0,0,0,0,3,230,0,0,0,0,180,0,0,0,0,0
landing_x180,94,0,0,0,0,3,230,0,0,0,0,180,0,0,0,0,0
landing_x180,95,0,0,0,0,3,230,0,0,0,0,180,0,0,0,0,0
landing_x180,96,0,0,0,0,0,230,0,0,0,1,180,0,0,0,0,0
landing_x185,1,1,0,0,0,0,0,200,0,0,0,185,0,0,0,0,0
landing_x185,2,1,0,0,0,110,0,200,0,0,0,185,0,0,0,0,0
landing_x185,3,0,1,0,0,110,0,200,0,0,0,185,0,0,0,0,0
landing_x185,4,0,1,0,0,110,0,200,0,0,1,185,0,0,0,0,0
landing_x185,5,0,0,1,0,110,0,200,0,0,1,185,0,0,0,0,0
landing_x185,6,0,0,1,0,239,1,200,0,0,1,185,0,0,0,0,0
landing_x185,7,0,0,0,0,239,1,200,0,0,1,185,0,0,0,0,0
landing_x185,8,0,0,0,0,239,1,200,0,0,2,185,0,0,0,0,0
landing_x185,9,0,0,0,1,241,1,200,0,0,2,185,0,0,0,0,0
landing_x185,10,0,0,0,1,241,1,200,0,0,210,185,0,0,0,0,0
landing_x185,11,0,0,0,0,241,1,200,0,0,210,185,0,0,0,0,0
landing_x185,12,0,0,0,0,241,2,200,0,0,210,185,0,0,0,0,0
landing_x185,13,0,0,0,0,242,2,200,0,0,211,185,0,0,0,0,0
landing_x185,14,0,0,0,0,242,2,200,0,0,211,185,0,0,0,0,0
landing_x185,15,0,0,0,0,242,2,200,0,0,212,185,0,0,0,0,0
landing_x185,16,0,0,0,0,242,2,200,0,0,212,185,-16,0,0,0,0
landing_x185,17,0,0,0,0,242,2,200,0,0,212,185,-30,0,0,0,0
landing_x185,18,0,0,0,0,242,3,200,0,0,212,185,-43,0,0,0,0
landing_x185,19,0,0,0,0,242,3,200,0,0,212,185,-54,0,0,0,0
landing_x185,20,0,0,0,0,242,3,200,0,0,212,185,-64,0,0,0,0
landing_x185,21,0,0,0,0,242,3,200,0,0,212,185,-72,0,0,0,0
landing_x185,22,0,0,0,0,243,3,200,0,0,212,185,-78,0,0,0,0
landing_x185,23,0,0,0,0,244,182,200,-2,-20,212,185,-82,0,0,1,0
landing_x185,24,0,0,0,0,244,182,197,-8,-20,212,185,-85,0,0,2,0
landing_x185,25,0,0,0,0,244,182,194,-15,-20,212,185,-86,0,0,2,0
landing_x185,26,0,0,0,0,244,182,191,-23,-20,212,185,-85,0,0,2,0
landing_x185,27,0,0,0,0,244,182,188,-30,-20,212,185,-83,0,0,2,0
landing_x185,28,0,0,0,0,244,182,185,-39,-20,212,185,-79,0,0,2,0
landing_x185,29,0,0,0,0,245,182,182,-45,-20,212,185,-73,-50,1,2,0
landing_x185,30,0,0,0,0,245,182,179,-53,-20,212,185,-65,-58,1,2,0
landing_x185,31,0,0,0,0,245,182,176,-59,-20,215,185,-58,-64,1,2,0
landing_x185,32,0,0,0,0,245,182,173,-66,-20,215,185,-64,0,0,2,0
landing_x185,33,0,0,0,0,245,182,170,-75,-20,212,185,-64,0,0,2,0
landing_x185,34,0,0,0,0,245,182,167,-82,-20,212,185,-62,0,0,0,0
landing_x185,35,0,0,0,0,246,182,164,-87,-20,212,185,-58,0,0,0,0
landing_x185,36,0,0,0,0,246,181,161,-91,-20,212,185,-53,0,0,0,0
landing_x185,37,0,0,0,0,246,181,158,-93,-20,212,185,-47,0,0,0,0
landing_x185,38,0,0,0,0,246,181,155,-93,-20,212,185,-38,0,0,0,0
landing_x185,39,0,0,0,0,246,181,152,-92,-20,212,185,-28,0,0,0,0
landing_x185,40,0,0,0,0,246,181,149,-88,-20,212,185,-16,0,0,0,0
landing_x185,41,0,0,0,0,246,181,146,-83,-20,212,185,-2,0,0,0,0
landing_x185,42,0,0,0,0,246,182,143,-77,-20,215,185,0,0,0,0,0
landing_x185,43,0,0,0,0,246,182,140,-68,-20,215,185,0,0,0,2,0
landing_x185,44,0,0,0,0,246,182,137,-67,-20,0,185,0,0,0,2,0
landing_x185,45,0,0,0,0,247,182,134,-74,-20,0,185,0,0,0,2,0
landing_x185,46,0,0,0,0,247,182,131,-81,-20,0,185,0,0,0,0,0
landing_x185,47,0,0,0,0,247,182,128,-87,-20,0,185,0,0,0,0,0
landing_x185,48,0,0,0,0,247,181,125,-91,-20,1,185,0,0,0,0,0
landing_x185,49,0,0,0,0,247,181,122,-94,-20,1,185,0,0,0,0,0
landing_x185,50,0,0,0,0,247,181,119,-95,-20,1,185,0,0,0,0,0
landing_x185,51,0,0,0,0,247,181,116,-94,-20,1,185,0,0,0,0,0
landing_x185,52,0,0,0,0,247,181,113,-91,-20,2,185,0,0,0,0,0
landing_x185,53,0,0,0,0,247,181,110,-87,-20,2,185,0,0,0,0,0
landing_x185,54,0,0,0,0,247,182,107,-81,-20,2,185,0,0,0,0,0
landing_x185,55,0,0,0,0,247,182,104,-73,-20,2,185,0,0,0,2,0
landing_x185,56,0,0,0,0,247,182,101,-73,-20,3,185,0,0,0,2,0
landing_x185,57,0,0,0,0,247,182,98,-80,-20,3,185,0,0,0,0,0
landing_x185,58,0,0,0,0,247,182,95,-85,-20,3,185,0,0,0,0,0
landing_x185,59,0,0,0,0,247,182,92,-88,-20,3,185,0,0,0,0,0
landing_x185,60,0,0,0,0,247,181,89,-90,-20,0,185,0,0,0,0,0
landing_x185,61,0,0,0,0,247,181,86,-90,-20,0,185,0,0,0,0,0
landing_x185,62,0,0,0,0,247,181,83,-89,-20,0,185,0,0,0,0,0
landing_x185,63,0,0,0,0,247,181,80,-85,-20,0,185,0,0,0,0,0
landing_x185,64,0,0,0,0,247,181,77,-80,-20,1,185,0,0,0,0,0
landing_x185,65,0,0,0,0,247,182,74,-74,-20,1,185,0,0,0,2,0
landing_x185,66,0,0,0,0,247,182,71,-74,-20,1,185,0,0,0,2,0
landing_x185,67,0,0,0,0,247,182,68,-82,-20,1,185,0,0,0,0,0
landing_x185,68,0,0,0,0,247,182,65,-88,-20,2,185,0,0,0,0,0
landing_x185,69,0,0,0,0,247,182,62,-93,-20,2,185,0,0,0,0,0
landing_x185,70,0,0,0,0,247,182,59,-96,-20,2,185,0,0,0,0,0
landing_x185,71,0,0,0,0,247,182,56,-97,-20,2,185,0,0,0,0,0
landing_x185,72,0,0,0,0,247,181,53,-96,-20,3,185,0,0,0,0,0
landing_x185,73,0,0,0,0,247,181,50,-94,-20,3,185,0,0,0,0,0
landing_x185,74,0,0,0,0,247,181,47,-90,-20,3,185,0,0,0,0,0
landing_x185,75,0,0,0,0,247,181,44,-84,-20,3,185,0,0,0,0,0
landing_x185,76,0,0,0,0,248,182,41,-77,-20,0,185,0,0,0,2,0
landing_x185,77,0,0,0,0,248,181,38,-77,-20,0,185,0,0,0,0,0
landing_x185,78,0,0,0,0,249,182,35,-75,-20,0,185,0,0,0,0,0
landing_x185,79,0,0,0,0,249,182,32,-71,-20,0,185,0,0,0,0,0
landing_x185,80,0,0,0,0,0,182,29,-66,-20,1,185,0,0,0,0,0
landing_x185,81,0,0,0,0,0,182,26,-59,-20,1,185,0,0,0,0,0
landing_x185,82,0,0,0,0,0,182,23,-51,-20,1,185,0,0,0,0,0
landing_x185,83,0,0,0,0,0,181,20,-40,-20,1,185,0,0,0,0,0
landing_x185,84,0,0,0,0,1,181,17,-28,-20,2,185,0,0,0,0,0
landing_x185,85,0,0,0,0,1,181,14,-15,-20,2,185,0,0,0,0,0
landing_x185,86,0,0,0,0,1,185,11,0,1,2,185,0,0,0,0,0
landing_x185,87,0,0,0,0,1,185,8,-3,1,2,185,0,0,0,0,0
landing_x185,88,0,0,0,0,2,185,6,-5,1,3,185,0,0,0,0,0
landing_x185,89,0,0,0,0,2,185,4,-5,1,3,185,0,0,0,0,0
landing_x185,90,0,0,0,0,2,185,2,-3,1,3,185,0,0,0,0,0
landing_x185,91,0,0,0,0,2,185,0,0,1,3,185,0,0,0,0,0
landing_x185,92,0,0,0,0,3,230,0,0,0,0,185,0,0,0,0,0
landing_x185,93,0,0,0,0,3,230,0,0,0,0,185,0,0,0,0,0
landing_x185,94,0,0,0,0,3,230,0,0,0,0,185,0,0,0,0,0
landing_x185,95,0,0,0,0,3,230,0,0,0,0,185,0,0,0,0,0
landing_x185,96,0,0,0,0,0,230,0,0,0,1,185,0,0,0,0,0
landing_x190,1,1,0,0,0,0,0,200,0,0,0,190,0,0,0,0,0
landing_x190,2,1,0,0,0,110,0,200,0,0,0,190,0,0,0,0,0
landing_x190,3,0,1,0,0,110,0,200,0,0,0,190,0,0,0,0,0
landing_x190,4,0,1,0,0,110,0,200,0,0,1,190,0,0,0,0,0
landing_x190,5,0,0,1,0,110,0,200,0,0,1,190,0,0,0,0,0
landing_x190,6,0,0,1,0,239,1,200,0,0,1,190,0,0,0,0,0
landing_x190,7,0,0,0,0,239,1,200,0,0,1,190,0,0,0,0,0
landing_x190,8,0,0,0,0,239,1,200,0,0,2,190,0,0,0,0,0
landing_x190,9,0,0,0,1,241,1,200,0,0,2,190,0,0,0,0,0
landing_x190,10,0,0,0,1,241,1,200,0,0,210,190,0,0,0,0,0
landing_x190,11,0,0,0,0,241,1,200,0,0,210,190,0,0,0,0,0
landing_x190,12,0,0,0,0,241,2,200,0,0,210,190,0,0,0,0,0
landing_x190,13,0,0,0,0,242,2,200,0,0,211,190,0,0,0,0,0
landing_x190,14,0,0,0,0,242,2,200,0,0,211,190,0,0,0,0,0
landing_x190,15,0,0,0,0,242,2,200,0,0,212,190,0,0,0,0,0
landing_x190,16,0,0,0,0,242,2,200,0,0,212,190,-16,0,0,0,0
landing_x190,17,0,0,0,0,242,2,200,0,0,212,190,-30,0,0,0,0
landing_x190,18,0,0,0,0,242,3,200,0,0,212,190,-43,0,0,0,0
landing_x190,19,0,0,0,0,242,3,200,0,0,212,190,-54,0,0,0,0
landing_x190,20,0,0,0,0,242,3,200,0,0,212,190,-64,0,0,0,0
landing_x190,21,0,0,0,0,242,3,200,0,0,212,190,-72,0,0,0,0
landing_x190,22,0,0,0,0,243,3,200,0,0,212,190,-78,0,0,0,0
landing_x190,23,0,0,0,0,244,182,200,-2,-20,212,190,-82,0,0,1,0
landing_x190,24,0,0,0,0,244,182,197,-8,-20,212,190,-85,0,0,2,0
landing_x190,25,0,0,0,0,244,182,194,-15,-20,212,190,-86,0,0,2,0
landing_x190,26,0,0,0,0,244,182,191,-23,-20,212,190,-85,0,0,2,0
landing_x190,27,0,0,0,0,244,182,188,-30,-20,212,190,-83,-35,1,2,0
landing_x190,28,0,0,0,0,244,182,185,-39,-20,212,190,-79,-44,1,2,0
landing_x190,29,0,0,0,0,245,182,182,-45,-20,212,190,-73,-50,1,2,0
landing_x190,30,0,0,0,0,245,182,179,-53,-20,212,190,-65,0,0,2,0
landing_x190,31,0,0,0,0,245,182,176,-59,-20,212,190,-56,0,0,2,0
landing_x190,32,0,0,0,0,245,182,173,-66,-20,212,190,-45,0,0,2,0
landing_x190,33,0,0,0,0,245,182,170,-75,-20,212,190,-33,0,0,2,0
landing_x190,34,0,0,0,0,245,182,167,-82,-20,212,190,-18,0,0,0,0
landing_x190,35,0,0,0,0,246,182,164,-87,-20,212,190,-2,0,0,0,0
landing_x190,36,0,0,0,0,246,181,161,-91,-20,215,190,0,0,0,0,0
landing_x190,37,0,0,0,0,246,181,158,-93,-20,215,190,0,0,0,0,0
landing_x190,38,0,0,0,0,246,181,155,-93,-20,0,190,0,0,0,0,0
landing_x190,39,0,0,0,0,246,181,152,-92,-20,0,190,0,0,0,0,0
landing_x190,40,0,0,0,0,246,181,149,-88,-20,0,190,0,0,0,0,0
landing_x190,41,0,0,0,0,246,181,146,-83,-20,0,190,0,0,0,0,0
landing_x190,42,0,0,0,0,246,182,143,-77,-20,1,190,0,0,0,0,0
landing_x190,43,0,0,0,0,246,182,140,-68,-20,1,190,0,0,0,2,0
landing_x190,44,0,0,0,0,246,182,137,-67,-20,1,190,0,0,0,2,0
landing_x190,45,0,0,0,0,247,182,134,-74,-20,1,190,0,0,0,2,0
landing_x190,46,0,0,0,0,247,182,131,-81,-20,2,190,0,0,0,0,0
landing_x190,47,0,0,0,0,247,182,128,-87,-20,2,190,0,0,0,0,0
landing_x190,48,0,0,0,0,247,181,125,-91,-20,2,190,0,0,0,0,0
landing_x190,49,0,0,0,0,247,181,122,-94,-20,2,190,0,0,0,0,0
landing_x190,50,0,0,0,0,247,181,119,-95,-20,3,190,0,0,0,0,0
landing_x190,51,0,0,0,0,247,181,116,-94,-20,3,190,0,0,0,0,0
landing_x190,52,0,0,0,0,247,181,113,-91,-20,3,190,0,0,0,0,0
landing_x190,53,0,0,0,0,247,181,110,-87,-20,3,190,0,0,0,0,0
landing_x190,54,0,0,0,0,247,182,107,-81,-20,0,190,0,0,0,0,0
landing_x190,55,0,0,0,0,247,182,104,-73,-20,0,190,0,0,0,2,0
landing_x190,56,0,0,0,0,247,182,101,-73,-20,0,190,0,0,0,2,0
landing_x190,57,0,0,0,0,247,182,98,-80,-20,0,190,0,0,0,0,0
landing_x190,58,0,0,0,0,247,182,95,-85,-20,1,190,0,0,0,0,0
landing_x190,59,0,0,0,0,247,182,92,-88,-20,1,190,0,0,0,0,0
landing_x190,60,0,0,0,0,247,181,89,-90,-20,1,190,0,0,0,0,0
landing_x190,61,0,0,0,0,247,181,86,-90,-20,1,190,0,0,0,0,0
landing_x190,62,0,0,0,0,247,181,83,-89,-20,2,190,0,0,0,0,0
landing_x190,63,0,0,0,0,247,181,80,-85,-20,2,190,0,0,0,0,0
landing_x190,64,0,0,0,0,247,181,77,-80,-20,2,190,0,0,0,0,0
landing_x190,65,0,0,0,0,247,182,74,-74,-20,2,190,0,0,0,2,0
landing_x190,66,0,0,0,0,247,182,71,-74,-20,3,190,0,0,0,2,0
landing_x190,67,0,0,0,0,247,182,68,-82,-20,3,190,0,0,0,0,0
landing_x190,68,0,0,0,0,247,182,65,-88,-20,3,190,0,0,0,0,0
landing_x190,69,0,0,0,0,247,182,62,-93,-20,3,190,0,0,0,0,0
landing_x190,70,0,0,0,0,247,182,59,-96,-20,0,190,0,0,0,0,0
landing_x190,71,0,0,0,0,247,182,56,-97,-20,0,190,0,0,0,0,0
landing_x190,72,0,0,0,0,247,181,53,-96,-20,0,190,0,0,0,0,0
landing_x190,73,0,0,0,0,247,181,50,-94,-20,0,190,0,0,0,0,0
landing_x190,74,0,0,0,0,247,181,47,-90,-20,1,190,0,0,0,0,0
landing_x190,75,0,0,0,0,247,181,44,-84,-20,1,190,0,0,0,0,0
landing_x190,76,0,0,0,0,248,182,41,-77,-20,1,190,0,0,0,2,0
landing_x190,77,0,0,0,0,248,181,38,-77,-20,1,190,0,0,0,0,0
landing_x190,78,0,0,0,0,249,182,35,-75,-20,2,190,0,0,0,0,0
landing_x190,79,0,0,0,0,249,182,32,-71,-20,2,190,0,0,0,0,0
landing_x190,80,0,0,0,0,0,182,29,-66,-20,2,190,0,0,0,0,0
landing_x190,81,0,0,0,0,0,182,26,-59,-20,2,190,0,0,0,0,0
landing_x190,82,0,0,0,0,0,182,23,-51,-20,3,190,0,0,0,0,0
landing_x190,83,0,0,0,0,0,181,20,-40,-20,3,190,0,0,0,0,0
landing_x190,84,0,0,0,0,1,181,17,-28,-20,3,190,0,0,0,0,0
landing_x190,85,0,0,0,0,1,181,14,-15,-20,3,190,0,0,0,0,0
landing_x190,86,0,0,0,0,1,185,11,0,1,0,190,0,0,0,0,0
landing_x190,87,0,0,0,0,1,185,8,-3,1,0,190,0,0,0,0,0
landing_x190,88,0,0,0,0,2,185,6,-5,1,0,190,0,0,0,0,0
landing_x190,89,0,0,0,0,2,185,4,-5,1,0,190,0,0,0,0,0
landing_x190,90,0,0,0,0,2,185,2,-3,1,1,190,0,0,0,0,0
landing_x190,91,0,0,0,0,2,185,0,0,1,1,190,0,0,0,0,0
landing_x190,92,0,0,0,0,3,230,0,0,0,1,190,0,0,0,0,0
landing_x190,93,0,0,0,0,3,230,0,0,0,1,190,0,0,0,0,0
landing_x190,94,0,0,0,0,3,230,0,0,0,2,190,0,0,0,0,0
landing_x190,95,0,0,0,0,3,230,0,0,0,2,190,0,0,0,0,0
landing_x190,96,0,0,0,0,0,230,0,0,0,2,190,0,0,0,0,0
landing_x195,1,1,0,0,0,0,0,200,0,0,0,195,0,0,0,0,0
landing_x195,2,1,0,0,0,110,0,200,0,0,0,195,0,0,0,0,0
landing_x195,3,0,1,0,0,110,0,200,0,0,0,195,0,0,0,0,0
landing_x195,4,0,1,0,0,110,0,200,0,0,1,195,0,0,0,0,0
landing_x195,5,0,0,1,0,110,0,200,0,0,1,195,0,0,0,0,0
landing_x195,6,0,0,1,0,239,1,200,0,0,1,195,0,0,0,0,0
landing_x195,7,0,0,0,0,239,1,200,0,0,1,195,0,0,0,0,0
landing_x195,8,0,0,0,0,239,1,200,0,0,2,195,0,0,0,0,0
landing_x195,9,0,0,0,1,241,1,200,0,0,2,195,0,0,0,0,0
landing_x195,10,0,0,0,1,241,1,200,0,0,210,195,0,0,0,0,0
landing_x195,11,0,0,0,0,241,1,200,0,0,210,195,0,0,0,0,0
landing_x195,12,0,0,0,0,241,2,200,0,0,210,195,0,0,0,0,0
landing_x195,13,0,0,0,0,242,2,200,0,0,211,195,0,0,0,0,0
landing_x195,14,0,0,0,0,242,2,200,0,0,211,195,0,0,0,0,0
landing_x195,15,0,0,0,0,242,2,200,0,0,212,195,0,0,0,0,0
landing_x195,16,0,0,0,0,242,2,200,0,0,212,195,-16,0,0,0,0
landing_x195,17,0,0,0,0,242,2,200,0,0,212,195,-30,0,0,0,0
landing_x195,18,0,0,0,0,242,3,200,0,0,212,195,-43,0,0,0,0
landing_x195,19,0,0,0,0,242,3,200,0,0,212,195,-54,0,0,0,0
landing_x195,20,0,0,0,0,242,3,200,0,0,212,195,-64,0,0,0,0
landing_x195,21,0,0,0,0,242,3,200,0,0,212,195,-72,0,0,0,0
landing_x195,22,0,0,0,0,243,3,200,0,0,212,195,-78,0,0,0,0
landing_x195,23,0,0,0,0,244,182,200,-2,-20,212,195,-82,0,0,1,0
landing_x195,24,0,0,0,0,244,182,197,-8,-20,212,195,-85,0,0,2,0
landing_x195,25,0,0,0,0,244,182,194,-15,-20,212,195,-86,-20,1,2,0
landing_x195,26,0,0,0,0,244,182,191,-23,-20,212,195,-85,-28,1,2,0
landing_x195,27,0,0,0,0,244,182,188,-30,-20,212,195,-83,-35,1,2,0
landing_x195,28,0,0,0,0,244,182,185,-39,-20,212,195,-79,0,0,2,0
landing_x195,29,0,0,0,0,245,182,182,-45,-20,212,195,-73,0,0,2,0
landing_x195,30,0,0,0,0,245,182,179,-53,-20,212,195,-65,0,0,2,0
landing_x195,31,0,0,0,0,245,182,176,-59,-20,212,195,-56,0,0,2,0
landing_x195,32,0,0,0,0,245,182,173,-66,-20,212,195,-45,0,0,2,0
landing_x195,33,0,0,0,0,245,182,170,-75,-20,212,195,-33,0,0,2,0
landing_x195,34,0,0,0,0,245,182,167,-82,-20,212,195,-18,0,0,0,0
landing_x195,35,0,0,0,0,246,182,164,-87,-20,212,195,-2,0,0,0,0
landing_x195,36,0,0,0,0,246,181,161,-91,-20,215,195,0,0,0,0,0
landing_x195,37,0,0,0,0,246,181,158,-93,-20,215,195,0,0,0,0,0
landing_x195,38,0,0,0,0,246,181,155,-93,-20,0,195,0,0,0,0,0
landing_x195,39,0,0,0,0,246,181,152,-92,-20,0,195,0,0,0,0,0
landing_x195,40,0,0,0,0,246,181,149,-88,-20,0,195,0,0,0,0,0
landing_x195,41,0,0,0,0,246,181,146,-83,-20,0,195,0,0,0,0,0
landing_x195,42,0,0,0,0,246,182,143,-77,-20,1,195,0,0,0,0,0
landing_x195,43,0,0,0,0,246,182,140,-68,-20,1,195,0,0,0,2,0
landing_x195,44,0,0,0,0,246,182,137,-67,-20,1,195,0,0,0,2,0
landing_x195,45,0,0,0,0,247,182,134,-74,-20,1,195,0,0,0,2,0
landing_x195,46,0,0,0,0,247,182,131,-81,-20,2,195,0,0,0,0,0
landing_x195,47,0,0,0,0,247,182,128,-87,-20,2,195,0,0,0,0,0
landing_x195,48,0,0,0,0,247,181,125,-91,-20,2,195,0,0,0,0,0
landing_x195,49,0,0,0,0,247,181,122,-94,-20,2,195,0,0,0,0,0
landing_x195,50,0,0,0,0,247,181,119,-95,-20,3,195,0,0,0,0,0
landing_x195,51,0,0,0,0,247,181,116,-94,-20,3,195,0,0,0,0,0
landing_x195,52,0,0,0,0,247,181,113,-91,-20,3,195,0,0,0,0,0
landing_x195,53,0,0,0,0,247,181,110,-87,-20,3,195,0,0,0,0,0
landing_x195,54,0,0,0,0,247,182,107,-81,-20,0,195,0,0,0,0,0
landing_x195,55,0,0,0,0,247,182,104,-73,-20,0,195,0,0,0,2,0
landing_x195,56,0,0,0,0,247,182,101,-73,-20,0,195,0,0,0,2,0
landing_x195,57,0,0,0,0,247,182,98,-80,-20,0,195,0,0,0,0,0
landing_x195,58,0,0,0,0,247,182,95,-85,-20,1,195,0,0,0,0,0
landing_x195,59,0,0,0,0,247,182,92,-88,-20,1,195,0,0,0,0,0
landing_x195,60,0,0,0,0,247,181,89,-90,-20,1,195,0,0,0,0,0
landing_x195,61,0,0,0,0,247,181,86,-90,-20,1,195,0,0,0,0,0
landing_x195,62,0,0,0,0,247,181,83,-89,-20,2,195,0,0,0,0,0
landing_x195,63,0,0,0,0,247,181,80,-85,-20,2,195,0,0,0,0,0
landing_x195,64,0,0,0,0,247,181,77,-80,-20,2,195,0,0,0,0,0
landing_x195,65,0,0,0,0,247,182,74,-74,-20,2,195,0,0,0,2,0
landing_x195,66,0,0,0,0,247,182,71,-74,-20,3,195,0,0,0,2,0
landing_x195,67,0,0,0,0,247,182,68,-82,-20,3,195,0,0,0,0,0
landing_x195,68,0,0,0,0,247,182,65,-88,-20,3,195,0,0,0,0,0
landing_x195,69,0,0,0,0,247,182,62,-93,-20,3,195,0,0,0,0,0
landing_x195,70,0,0,0,0,247,182,59,-96,-20,0,195,0,0,0,0,0
landing_x195,71,0,0,0,0,247,182,56,-97,-20,0,195,0,0,0,0,0
landing_x195,72,0,0,0,0,247,181,53,-96,-20,0,195,0,0,0,0,0
landing_x195,73,0,0,0,0,247,181,50,-94,-20,0,195,0,0,0,0,0
landing_x195,74,0,0,0,0,247,181,47,-90,-20,1,195,0,0,0,0,0
landing_x195,75,0,0,0,0,247,181,44,-84,-20,1,195,0,0,0,0,0
landing_x195,76,0,0,0,0,248,182,41,-77,-20,1,195,0,0,0,2,0
landing_x195,77,0,0,0,0,248,181,38,-77,-20,1,195,0,0,0,0,0
landing_x195,78,0,0,0,0,249,182,35,-75,-20,2,195,0,0,0,0,0
landing_x195,79,0,0,0,0,249,182,32,-71,-20,2,195,0,0,0,0,0
landing_x195,80,0,0,0,0,0,182,29,-66,-20,2,195,0,0,0,0,0
landing_x195,81,0,0,0,0,0,182,26,-59,-20,2,195,0,0,0,0,0
landing_x195,82,0,0,0,0,0,182,23,-51,-20,3,195,0,0,0,0,0
landing_x195,83,0,0,0,0,0,181,20,-40,-20,3,195,0,0,0,0,0
landing_x195,84,0,0,0,0,1,181,17,-28,-20,3,195,0,0,0,0,0
landing_x195,85,0,0,0,0,1,181,14,-15,-20,3,195,0,0,0,0,0
landing_x195,86,0,0,0,0,1,185,11,0,1,0,195,0,0,0,0,0
landing_x195,87,0,0,0,0,1,185,8,-3,1,0,195,0,0,0,0,0
landing_x195,88,0,0,0,0,2,185,6,-5,1,0,195,0,0,0,0,0
landing_x195,89,0,0,0,0,2,185,4,-5,1,0,195,0,0,0,0,0
landing_x195,90,0,0,0,0,2,185,2,-3,1,1,195,0,0,0,0,0
landing_x195,91,0,0,0,0,2,185,0,0,1,1,195,0,0,0,0,0
landing_x195,92,0,0,0,0,3,230,0,0,0,1,195,0,0,0,0,0
landing_x195,93,0,0,0,0,3,230,0,0,0,1,195,0,0,0,0,0
landing_x195,94,0,0,0,0,3,230,0,0,0,2,195,0,0,0,0,0
landing_x195,95,0,0,0,0,3,230,0,0,0,2,195,0,0,0,0,0
landing_x195,96,0,0,0,0,0,230,0,0,0,2,195,0,0,0,0,0
