group	type	slot	action	declared	wait	next	latch	counter	state	y	yref	hp	mp	destHp	destMp	fallback	recmp	mode	doubleCost	waived	local	link	hold	lives	queuedHp	cpoint	drain	hitD	facing	stepStatus	rawNext	entered	flipped	actionOut	latchOut	counterOut	facingOut	hpOut	mpOut	boundOut	hpConsumed	mpConsumed	vxOut	vyOut	vzOut	pendingOut	codeOut	soundLatchOut	audioCount	lifePending	despawned	encodedResets	lifeRejected	survives	finalAction	finalLatch	finalCollisionAction	finalPrevious078	finalStateCode
lookup	0	0	-1	0	0	0	0	0	0	0	0	100	100	0	0	0	0	0	0	0	1	0	0	1	0	0	0	0	0	4	0	0	0	-1	0	0	0	100	100	200	0	0	1.25	2.25	3.25	1	-1	-1	0	1	1	0	0	0	-9999	-9999	-9999	-9999	-9999
lookup	0	0	0	0	0	0	0	0	0	0	0	100	100	0	0	0	0	0	0	0	1	0	0	1	0	0	0	0	0	1	0	0	0	0	0	0	0	100	100	200	0	0	1.25	2.25	3.25	0	0	0	0	0	0	0	0	1	0	0	44	45	0
lookup	0	0	0	1	0	0	0	0	0	0	0	100	100	0	0	0	0	0	0	0	1	0	0	1	0	0	0	0	0	1	0	0	0	0	0	0	0	100	100	200	0	0	1.25	2.25	3.25	0	0	0	1	0	0	0	0	1	0	0	44	45	0
lookup	0	0	8	0	0	0	0	0	0	0	0	100	100	0	0	0	0	0	0	0	1	0	0	1	0	0	0	0	0	1	0	1	0	8	8	0	0	100	100	200	0	0	1.25	2.25	3.25	0	0	8	0	0	0	0	0	1	8	8	44	45	0
lookup	0	0	8	1	0	0	0	0	0	0	0	100	100	0	0	0	0	0	0	0	1	0	0	1	0	0	0	0	0	1	0	1	0	8	8	0	0	100	100	200	0	0	1.25	2.25	3.25	0	0	8	1	0	0	0	0	1	8	8	44	45	0
lookup	0	0	856	0	0	0	0	0	0	0	0	100	100	0	0	0	0	0	0	0	1	0	0	1	0	0	0	0	0	1	0	1	0	856	856	0	0	100	100	200	0	0	1.25	2.25	3.25	0	0	856	0	0	0	0	0	1	856	856	44	45	0
lookup	0	0	856	1	0	0	0	0	0	0	0	100	100	0	0	0	0	0	0	0	1	0	0	1	0	0	0	0	0	1	0	1	0	856	856	0	0	100	100	200	0	0	1.25	2.25	3.25	0	0	856	1	0	0	0	0	1	856	856	44	45	0
lookup	0	0	857	0	0	0	0	0	0	0	0	100	100	0	0	0	0	0	0	0	1	0	0	1	0	0	0	0	0	1	0	1	0	857	857	0	0	100	100	200	0	0	1.25	2.25	3.25	0	0	857	0	0	0	0	0	1	857	857	44	45	0
lookup	0	0	857	1	0	0	0	0	0	0	0	100	100	0	0	0	0	0	0	0	1	0	0	1	0	0	0	0	0	1	0	1	0	857	857	0	0	100	100	200	0	0	1.25	2.25	3.25	0	0	857	1	0	0	0	0	1	857	857	44	45	0
lookup	0	0	998	0	0	0	0	0	0	0	0	100	100	0	0	0	0	0	0	0	1	0	0	1	0	0	0	0	0	1	0	1	0	998	998	0	0	100	100	200	0	0	1.25	2.25	3.25	0	0	998	0	0	0	0	0	1	998	998	44	45	0
lookup	0	0	998	1	0	0	0	0	0	0	0	100	100	0	0	0	0	0	0	0	1	0	0	1	0	0	0	0	0	1	0	1	0	998	998	0	0	100	100	200	0	0	1.25	2.25	3.25	0	0	998	1	0	0	0	0	1	998	998	44	45	0
lookup	0	0	999	0	0	0	0	0	0	0	0	100	100	0	0	0	0	0	0	0	1	0	0	1	0	0	0	0	0	4	0	0	0	999	0	0	0	100	100	200	0	0	1.25	2.25	3.25	1	999	-1	0	1	1	0	0	0	-9999	-9999	-9999	-9999	-9999
lookup	0	0	999	1	0	0	0	0	0	0	0	100	100	0	0	0	0	0	0	0	1	0	0	1	0	0	0	0	0	4	0	1	0	999	999	0	0	100	100	200	0	0	1.25	2.25	3.25	1	999	-1	0	1	1	0	0	0	-9999	-9999	-9999	-9999	-9999
lookup	0	0	1000	0	0	0	0	0	0	0	0	100	100	0	0	0	0	0	0	0	1	0	0	1	0	0	0	0	0	4	0	0	0	1000	0	0	0	100	100	200	0	0	1.25	2.25	3.25	1	1000	-1	0	1	1	0	0	0	-9999	-9999	-9999	-9999	-9999
lookup	0	0	9999	0	0	0	0	0	0	0	0	100	100	0	0	0	0	0	0	0	1	0	0	1	0	0	0	0	0	4	0	0	0	9999	0	0	0	100	100	200	0	0	1.25	2.25	3.25	1	9999	-1	0	1	1	0	0	0	-9999	-9999	-9999	-9999	-9999
next	0	0	0	1	0	-1299	0	0	0	0	0	100	100	0	0	0	0	0	0	0	1	0	0	1	0	0	0	0	0	4	-1299	0	1	1299	0	0	1	100	100	200	0	0	1.25	2.25	3.25	1	1299	0	1	1	0	1	0	1	0	0	0	45	-199
next	0	0	0	1	0	-1299	0	0	0	-10	0	100	100	0	0	0	0	0	0	0	1	0	0	1	0	0	0	0	0	4	-1299	0	1	1299	0	0	1	100	100	200	0	0	1.25	2.25	3.25	1	1299	0	1	1	0	1	0	1	0	0	0	45	-199
next	0	0	0	1	0	-1299	0	0	0	-10	-10	100	100	0	0	0	0	0	0	0	1	0	0	1	0	0	0	0	0	4	-1299	0	1	1299	0	0	1	100	100	200	0	0	1.25	2.25	3.25	1	1299	0	1	1	0	1	0	1	0	0	0	45	-199
next	3	0	0	1	0	-1299	0	0	0	0	0	100	100	0	0	0	0	0	0	0	1	0	0	1	0	0	0	0	0	4	-1299	0	1	1299	0	0	1	100	100	200	0	0	1.25	2.25	3.25	1	1299	0	1	1	0	1	0	1	0	0	0	45	-199
next	3	0	0	1	0	-1299	0	0	0	-10	0	100	100	0	0	0	0	0	0	0	1	0	0	1	0	0	0	0	0	4	-1299	0	1	1299	0	0	1	100	100	200	0	0	1.25	2.25	3.25	1	1299	0	1	1	0	1	0	1	0	0	0	45	-199
next	3	0	0	1	0	-1299	0	0	0	-10	-10	100	100	0	0	0	0	0	0	0	1	0	0	1	0	0	0	0	0	4	-1299	0	1	1299	0	0	1	100	100	200	0	0	1.25	2.25	3.25	1	1299	0	1	1	0	1	0	1	0	0	0	45	-199
next	4	0	0	1	0	-1299	0	0	0	0	0	100	100	0	0	0	0	0	0	0	1	0	0	1	0	0	0	0	0	4	-1299	0	1	1299	0	0	1	100	100	200	0	0	1.25	2.25	3.25	1	1299	0	1	1	0	1	0	1	0	0	0	45	-199
next	4	0	0	1	0	-1299	0	0	0	-10	0	100	100	0	0	0	0	0	0	0	1	0	0	1	0	0	0	0	0	4	-1299	0	1	1299	0	0	1	100	100	200	0	0	1.25	2.25	3.25	1	1299	0	1	1	0	1	0	1	0	0	0	45	-199
next	4	0	0	1	0	-1299	0	0	0	-10	-10	100	100	0	0	0	0	0	0	0	1	0	0	1	0	0	0	0	0	4	-1299	0	1	1299	0	0	1	100	100	200	0	0	1.25	2.25	3.25	1	1299	0	1	1	0	1	0	1	0	0	0	45	-199
next	0	0	0	1	0	-1101	0	0	0	0	0	100	100	0	0	0	0	0	0	0	1	0	0	1	0	0	0	0	0	4	-1101	0	1	1101	0	0	1	100	100	200	0	0	1.25	2.25	3.25	1	1101	0	1	1	0	1	0	1	0	0	0	45	-1
next	0	0	0	1	0	-1101	0	0	0	-10	0	100	100	0	0	0	0	0	0	0	1	0	0	1	0	0	0	0	0	4	-1101	0	1	1101	0	0	1	100	100	200	0	0	1.25	2.25	3.25	1	1101	0	1	1	0	1	0	1	0	0	0	45	-1
next	0	0	0	1	0	-1101	0	0	0	-10	-10	100	100	0	0	0	0	0	0	0	1	0	0	1	0	0	0	0	0	4	-1101	0	1	1101	0	0	1	100	100	200	0	0	1.25	2.25	3.25	1	1101	0	1	1	0	1	0	1	0	0	0	45	-1
next	3	0	0	1	0	-1101	0	0	0	0	0	100	100	0	0	0	0	0	0	0	1	0	0	1	0	0	0	0	0	4	-1101	0	1	1101	0	0	1	100	100	200	0	0	1.25	2.25	3.25	1	1101	0	1	1	0	1	0	1	0	0	0	45	-1
next	3	0	0	1	0	-1101	0	0	0	-10	0	100	100	0	0	0	0	0	0	0	1	0	0	1	0	0	0	0	0	4	-1101	0	1	1101	0	0	1	100	100	200	0	0	1.25	2.25	3.25	1	1101	0	1	1	0	1	0	1	0	0	0	45	-1
next	3	0	0	1	0	-1101	0	0	0	-10	-10	100	100	0	0	0	0	0	0	0	1	0	0	1	0	0	0	0	0	4	-1101	0	1	1101	0	0	1	100	100	200	0	0	1.25	2.25	3.25	1	1101	0	1	1	0	1	0	1	0	0	0	45	-1
next	4	0	0	1	0	-1101	0	0	0	0	0	100	100	0	0	0	0	0	0	0	1	0	0	1	0	0	0	0	0	4	-1101	0	1	1101	0	0	1	100	100	200	0	0	1.25	2.25	3.25	1	1101	0	1	1	0	1	0	1	0	0	0	45	-1
next	4	0	0	1	0	-1101	0	0	0	-10	0	100	100	0	0	0	0	0	0	0	1	0	0	1	0	0	0	0	0	4	-1101	0	1	1101	0	0	1	100	100	200	0	0	1.25	2.25	3.25	1	1101	0	1	1	0	1	0	1	0	0	0	45	-1
next	4	0	0	1	0	-1101	0	0	0	-10	-10	100	100	0	0	0	0	0	0	0	1	0	0	1	0	0	0	0	0	4	-1101	0	1	1101	0	0	1	100	100	200	0	0	1.25	2.25	3.25	1	1101	0	1	1	0	1	0	1	0	0	0	45	-1
next	0	0	0	1	0	-1000	0	0	0	0	0	100	100	0	0	0	0	0	0	0	1	0	0	1	0	0	0	0	0	4	-1000	0	1	1000	0	0	1	100	100	200	0	0	1.25	2.25	3.25	1	1000	0	1	1	1	0	0	0	-9999	-9999	-9999	-9999	-9999
next	0	0	0	1	0	-1000	0	0	0	-10	0	100	100	0	0	0	0	0	0	0	1	0	0	1	0	0	0	0	0	4	-1000	0	1	1000	0	0	1	100	100	200	0	0	1.25	2.25	3.25	1	1000	0	1	1	1	0	0	0	-9999	-9999	-9999	-9999	-9999
next	0	0	0	1	0	-1000	0	0	0	-10	-10	100	100	0	0	0	0	0	0	0	1	0	0	1	0	0	0	0	0	4	-1000	0	1	1000	0	0	1	100	100	200	0	0	1.25	2.25	3.25	1	1000	0	1	1	1	0	0	0	-9999	-9999	-9999	-9999	-9999
next	3	0	0	1	0	-1000	0	0	0	0	0	100	100	0	0	0	0	0	0	0	1	0	0	1	0	0	0	0	0	4	-1000	0	1	1000	0	0	1	100	100	200	0	0	1.25	2.25	3.25	1	1000	0	1	1	1	0	0	0	-9999	-9999	-9999	-9999	-9999
next	3	0	0	1	0	-1000	0	0	0	-10	0	100	100	0	0	0	0	0	0	0	1	0	0	1	0	0	0	0	0	4	-1000	0	1	1000	0	0	1	100	100	200	0	0	1.25	2.25	3.25	1	1000	0	1	1	1	0	0	0	-9999	-9999	-9999	-9999	-9999
next	3	0	0	1	0	-1000	0	0	0	-10	-10	100	100	0	0	0	0	0	0	0	1	0	0	1	0	0	0	0	0	4	-1000	0	1	1000	0	0	1	100	100	200	0	0	1.25	2.25	3.25	1	1000	0	1	1	1	0	0	0	-9999	-9999	-9999	-9999	-9999
next	4	0	0	1	0	-1000	0	0	0	0	0	100	100	0	0	0	0	0	0	0	1	0	0	1	0	0	0	0	0	4	-1000	0	1	1000	0	0	1	100	100	200	0	0	1.25	2.25	3.25	1	1000	0	1	1	1	0	0	0	-9999	-9999	-9999	-9999	-9999
next	4	0	0	1	0	-1000	0	0	0	-10	0	100	100	0	0	0	0	0	0	0	1	0	0	1	0	0	0	0	0	4	-1000	0	1	1000	0	0	1	100	100	200	0	0	1.25	2.25	3.25	1	1000	0	1	1	1	0	0	0	-9999	-9999	-9999	-9999	-9999
next	4	0	0	1	0	-1000	0	0	0	-10	-10	100	100	0	0	0	0	0	0	0	1	0	0	1	0	0	0	0	0	4	-1000	0	1	1000	0	0	1	100	100	200	0	0	1.25	2.25	3.25	1	1000	0	1	1	1	0	0	0	-9999	-9999	-9999	-9999	-9999
next	0	0	0	1	0	-999	0	0	0	0	0	100	100	0	0	0	0	0	0	0	1	0	0	1	0	0	0	0	0	1	-999	0	1	0	0	0	1	100	100	200	0	0	1.25	2.25	3.25	0	0	0	1	0	0	0	0	1	0	0	44	45	0
next	0	0	0	1	0	-999	0	0	0	-10	0	100	100	0	0	0	0	0	0	0	1	0	0	1	0	0	0	0	0	1	-999	0	1	0	0	0	1	100	100	200	0	0	1.25	2.25	3.25	0	0	0	1	0	0	0	0	1	0	0	44	45	0
next	0	0	0	1	0	-999	0	0	0	-10	-10	100	100	0	0	0	0	0	0	0	1	0	0	1	0	0	0	0	0	1	-999	0	1	0	0	0	1	100	100	200	0	0	1.25	2.25	3.25	0	0	0	1	0	0	0	0	1	0	0	44	45	0
next	3	0	0	1	0	-999	0	0	0	0	0	100	100	0	0	0	0	0	0	0	1	0	0	1	0	0	0	0	0	1	-999	0	1	0	0	0	1	100	100	200	0	0	1.25	2.25	3.25	0	0	0	1	0	0	0	0	1	0	0	44	45	0
next	3	0	0	1	0	-999	0	0	0	-10	0	100	100	0	0	0	0	0	0	0	1	0	0	1	0	0	0	0	0	1	-999	0	1	0	0	0	1	100	100	200	0	0	1.25	2.25	3.25	0	0	0	1	0	0	0	0	1	0	0	44	45	0
next	3	0	0	1	0	-999	0	0	0	-10	-10	100	100	0	0	0	0	0	0	0	1	0	0	1	0	0	0	0	0	1	-999	0	1	0	0	0	1	100	100	200	0	0	1.25	2.25	3.25	0	0	0	1	0	0	0	0	1	0	0	44	45	0
next	4	0	0	1	0	-999	0	0	0	0	0	100	100	0	0	0	0	0	0	0	1	0	0	1	0	0	0	0	0	1	-999	0	1	0	0	0	1	100	100	200	0	0	1.25	2.25	3.25	0	0	0	1	0	0	0	0	1	0	0	44	45	0
next	4	0	0	1	0	-999	0	0	0	-10	0	100	100	0	0	0	0	0	0	0	1	0	0	1	0	0	0	0	0	1	-999	0	1	0	0	0	1	100	100	200	0	0	1.25	2.25	3.25	0	0	0	1	0	0	0	0	1	0	0	44	45	0
next	4	0	0	1	0	-999	0	0	0	-10	-10	100	100	0	0	0	0	0	0	0	1	0	0	1	0	0	0	0	0	1	-999	0	1	0	0	0	1	100	100	200	0	0	1.25	2.25	3.25	0	0	0	1	0	0	0	0	1	0	0	44	45	0
next	0	0	0	1	0	-212	0	0	0	0	0	100	100	0	0	0	0	0	0	0	1	0	0	1	0	0	0	0	0	2	-212	0	1	212	212	0	1	100	100	200	0	0	4.25	-9.5	-2.5	0	0	212	1	0	0	0	0	1	212	212	44	45	0
next	0	0	0	1	0	-212	0	0	0	-10	0	100	100	0	0	0	0	0	0	0	1	0	0	1	0	0	0	0	0	2	-212	0	1	212	212	0	1	100	100	200	0	0	4.25	-9.5	-2.5	0	0	212	1	0	0	0	0	1	212	212	44	45	0
next	0	0	0	1	0	-212	0	0	0	-10	-10	100	100	0	0	0	0	0	0	0	1	0	0	1	0	0	0	0	0	2	-212	0	1	212	212	0	1	100	100	200	0	0	4.25	-9.5	-2.5	0	0	212	1	0	0	0	0	1	212	212	44	45	0
next	3	0	0	1	0	-212	0	0	0	0	0	100	100	0	0	0	0	0	0	0	1	0	0	1	0	0	0	0	0	2	-212	0	1	212	212	0	1	100	100	200	0	0	4.25	-9.5	-2.5	0	0	212	1	0	0	0	0	1	212	212	44	45	0
next	3	0	0	1	0	-212	0	0	0	-10	0	100	100	0	0	0	0	0	0	0	1	0	0	1	0	0	0	0	0	2	-212	0	1	212	212	0	1	100	100	200	0	0	4.25	-9.5	-2.5	0	0	212	1	0	0	0	0	1	212	212	44	45	0
next	3	0	0	1	0	-212	0	0	0	-10	-10	100	100	0	0	0	0	0	0	0	1	0	0	1	0	0	0	0	0	2	-212	0	1	212	212	0	1	100	100	200	0	0	4.25	-9.5	-2.5	0	0	212	1	0	0	0	0	1	212	212	44	45	0
next	4	0	0	1	0	-212	0	0	0	0	0	100	100	0	0	0	0	0	0	0	1	0	0	1	0	0	0	0	0	2	-212	0	1	212	212	0	1	100	100	200	0	0	4.25	-9.5	-2.5	0	0	212	1	0	0	0	0	1	212	212	44	45	0
next	4	0	0	1	0	-212	0	0	0	-10	0	100	100	0	0	0	0	0	0	0	1	0	0	1	0	0	0	0	0	2	-212	0	1	212	212	0	1	100	100	200	0	0	4.25	-9.5	-2.5	0	0	212	1	0	0	0	0	1	212	212	44	45	0
next	4	0	0	1	0	-212	0	0	0	-10	-10	100	100	0	0	0	0	0	0	0	1	0	0	1	0	0	0	0	0	2	-212	0	1	212	212	0	1	100	100	200	0	0	4.25	-9.5	-2.5	0	0	212	1	0	0	0	0	1	212	212	44	45	0
next	0	0	0	1	0	-7	0	0	0	0	0	100	100	0	0	0	0	0	0	0	1	0	0	1	0	0	0	0	0	2	-7	0	1	7	7	0	1	100	100	200	0	0	1.25	2.25	3.25	0	0	7	2	0	0	0	0	1	7	7	44	45	0
next	0	0	0	1	0	-7	0	0	0	-10	0	100	100	0	0	0	0	0	0	0	1	0	0	1	0	0	0	0	0	2	-7	0	1	7	7	0	1	100	100	200	0	0	1.25	2.25	3.25	0	0	7	2	0	0	0	0	1	7	7	44	45	0
next	0	0	0	1	0	-7	0	0	0	-10	-10	100	100	0	0	0	0	0	0	0	1	0	0	1	0	0	0	0	0	2	-7	0	1	7	7	0	1	100	100	200	0	0	1.25	2.25	3.25	0	0	7	2	0	0	0	0	1	7	7	44	45	0
next	3	0	0	1	0	-7	0	0	0	0	0	100	100	0	0	0	0	0	0	0	1	0	0	1	0	0	0	0	0	2	-7	0	1	7	7	0	1	100	100	200	0	0	1.25	2.25	3.25	0	0	7	2	0	0	0	0	1	7	7	44	45	0
next	3	0	0	1	0	-7	0	0	0	-10	0	100	100	0	0	0	0	0	0	0	1	0	0	1	0	0	0	0	0	2	-7	0	1	7	7	0	1	100	100	200	0	0	1.25	2.25	3.25	0	0	7	2	0	0	0	0	1	7	7	44	45	0
next	3	0	0	1	0	-7	0	0	0	-10	-10	100	100	0	0	0	0	0	0	0	1	0	0	1	0	0	0	0	0	2	-7	0	1	7	7	0	1	100	100	200	0	0	1.25	2.25	3.25	0	0	7	2	0	0	0	0	1	7	7	44	45	0
next	4	0	0	1	0	-7	0	0	0	0	0	100	100	0	0	0	0	0	0	0	1	0	0	1	0	0	0	0	0	2	-7	0	1	7	7	0	1	100	100	200	0	0	1.25	2.25	3.25	0	0	7	2	0	0	0	0	1	7	7	44	45	0
next	4	0	0	1	0	-7	0	0	0	-10	0	100	100	0	0	0	0	0	0	0	1	0	0	1	0	0	0	0	0	2	-7	0	1	7	7	0	1	100	100	200	0	0	1.25	2.25	3.25	0	0	7	2	0	0	0	0	1	7	7	44	45	0
next	4	0	0	1	0	-7	0	0	0	-10	-10	100	100	0	0	0	0	0	0	0	1	0	0	1	0	0	0	0	0	2	-7	0	1	7	7	0	1	100	100	200	0	0	1.25	2.25	3.25	0	0	7	2	0	0	0	0	1	7	7	44	45	0
next	0	0	0	1	0	0	0	0	0	0	0	100	100	0	0	0	0	0	0	0	1	0	0	1	0	0	0	0	0	1	0	0	0	0	0	0	0	100	100	200	0	0	1.25	2.25	3.25	0	0	0	1	0	0	0	0	1	0	0	44	45	0
next	0	0	0	1	0	0	0	0	0	-10	0	100	100	0	0	0	0	0	0	0	1	0	0	1	0	0	0	0	0	1	0	0	0	0	0	0	0	100	100	200	0	0	1.25	2.25	3.25	0	0	0	1	0	0	0	0	1	0	0	44	45	0
next	0	0	0	1	0	0	0	0	0	-10	-10	100	100	0	0	0	0	0	0	0	1	0	0	1	0	0	0	0	0	1	0	0	0	0	0	0	0	100	100	200	0	0	1.25	2.25	3.25	0	0	0	1	0	0	0	0	1	0	0	44	45	0
next	3	0	0	1	0	0	0	0	0	0	0	100	100	0	0	0	0	0	0	0	1	0	0	1	0	0	0	0	0	1	0	0	0	0	0	0	0	100	100	200	0	0	1.25	2.25	3.25	0	0	0	1	0	0	0	0	1	0	0	44	45	0
next	3	0	0	1	0	0	0	0	0	-10	0	100	100	0	0	0	0	0	0	0	1	0	0	1	0	0	0	0	0	1	0	0	0	0	0	0	0	100	100	200	0	0	1.25	2.25	3.25	0	0	0	1	0	0	0	0	1	0	0	44	45	0
next	3	0	0	1	0	0	0	0	0	-10	-10	100	100	0	0	0	0	0	0	0	1	0	0	1	0	0	0	0	0	1	0	0	0	0	0	0	0	100	100	200	0	0	1.25	2.25	3.25	0	0	0	1	0	0	0	0	1	0	0	44	45	0
next	4	0	0	1	0	0	0	0	0	0	0	100	100	0	0	0	0	0	0	0	1	0	0	1	0	0	0	0	0	1	0	0	0	0	0	0	0	100	100	200	0	0	1.25	2.25	3.25	0	0	0	1	0	0	0	0	1	0	0	44	45	0
next	4	0	0	1	0	0	0	0	0	-10	0	100	100	0	0	0	0	0	0	0	1	0	0	1	0	0	0	0	0	1	0	0	0	0	0	0	0	100	100	200	0	0	1.25	2.25	3.25	0	0	0	1	0	0	0	0	1	0	0	44	45	0
next	4	0	0	1	0	0	0	0	0	-10	-10	100	100	0	0	0	0	0	0	0	1	0	0	1	0	0	0	0	0	1	0	0	0	0	0	0	0	100	100	200	0	0	1.25	2.25	3.25	0	0	0	1	0	0	0	0	1	0	0	44	45	0
next	0	0	0	1	0	7	0	0	0	0	0	100	100	0	0	0	0	0	0	0	1	0	0	1	0	0	0	0	0	2	7	0	0	7	7	0	0	100	100	200	0	0	1.25	2.25	3.25	0	0	7	2	0	0	0	0	1	7	7	44	45	0
next	0	0	0	1	0	7	0	0	0	-10	0	100	100	0	0	0	0	0	0	0	1	0	0	1	0	0	0	0	0	2	7	0	0	7	7	0	0	100	100	200	0	0	1.25	2.25	3.25	0	0	7	2	0	0	0	0	1	7	7	44	45	0
next	0	0	0	1	0	7	0	0	0	-10	-10	100	100	0	0	0	0	0	0	0	1	0	0	1	0	0	0	0	0	2	7	0	0	7	7	0	0	100	100	200	0	0	1.25	2.25	3.25	0	0	7	2	0	0	0	0	1	7	7	44	45	0
next	3	0	0	1	0	7	0	0	0	0	0	100	100	0	0	0	0	0	0	0	1	0	0	1	0	0	0	0	0	2	7	0	0	7	7	0	0	100	100	200	0	0	1.25	2.25	3.25	0	0	7	2	0	0	0	0	1	7	7	44	45	0
next	3	0	0	1	0	7	0	0	0	-10	0	100	100	0	0	0	0	0	0	0	1	0	0	1	0	0	0	0	0	2	7	0	0	7	7	0	0	100	100	200	0	0	1.25	2.25	3.25	0	0	7	2	0	0	0	0	1	7	7	44	45	0
next	3	0	0	1	0	7	0	0	0	-10	-10	100	100	0	0	0	0	0	0	0	1	0	0	1	0	0	0	0	0	2	7	0	0	7	7	0	0	100	100	200	0	0	1.25	2.25	3.25	0	0	7	2	0	0	0	0	1	7	7	44	45	0
next	4	0	0	1	0	7	0	0	0	0	0	100	100	0	0	0	0	0	0	0	1	0	0	1	0	0	0	0	0	2	7	0	0	7	7	0	0	100	100	200	0	0	1.25	2.25	3.25	0	0	7	2	0	0	0	0	1	7	7	44	45	0
next	4	0	0	1	0	7	0	0	0	-10	0	100	100	0	0	0	0	0	0	0	1	0	0	1	0	0	0	0	0	2	7	0	0	7	7	0	0	100	100	200	0	0	1.25	2.25	3.25	0	0	7	2	0	0	0	0	1	7	7	44	45	0
next	4	0	0	1	0	7	0	0	0	-10	-10	100	100	0	0	0	0	0	0	0	1	0	0	1	0	0	0	0	0	2	7	0	0	7	7	0	0	100	100	200	0	0	1.25	2.25	3.25	0	0	7	2	0	0	0	0	1	7	7	44	45	0
next	0	0	0	1	0	212	0	0	0	0	0	100	100	0	0	0	0	0	0	0	1	0	0	1	0	0	0	0	0	2	212	0	0	212	212	0	0	100	100	200	0	0	4.25	-9.5	-2.5	0	0	212	1	0	0	0	0	1	212	212	44	45	0
next	0	0	0	1	0	212	0	0	0	-10	0	100	100	0	0	0	0	0	0	0	1	0	0	1	0	0	0	0	0	2	212	0	0	212	212	0	0	100	100	200	0	0	4.25	-9.5	-2.5	0	0	212	1	0	0	0	0	1	212	212	44	45	0
next	0	0	0	1	0	212	0	0	0	-10	-10	100	100	0	0	0	0	0	0	0	1	0	0	1	0	0	0	0	0	2	212	0	0	212	212	0	0	100	100	200	0	0	4.25	-9.5	-2.5	0	0	212	1	0	0	0	0	1	212	212	44	45	0
next	3	0	0	1	0	212	0	0	0	0	0	100	100	0	0	0	0	0	0	0	1	0	0	1	0	0	0	0	0	2	212	0	0	212	212	0	0	100	100	200	0	0	4.25	-9.5	-2.5	0	0	212	1	0	0	0	0	1	212	212	44	45	0
next	3	0	0	1	0	212	0	0	0	-10	0	100	100	0	0	0	0	0	0	0	1	0	0	1	0	0	0	0	0	2	212	0	0	212	212	0	0	100	100	200	0	0	4.25	-9.5	-2.5	0	0	212	1	0	0	0	0	1	212	212	44	45	0
next	3	0	0	1	0	212	0	0	0	-10	-10	100	100	0	0	0	0	0	0	0	1	0	0	1	0	0	0	0	0	2	212	0	0	212	212	0	0	100	100	200	0	0	4.25	-9.5	-2.5	0	0	212	1	0	0	0	0	1	212	212	44	45	0
next	4	0	0	1	0	212	0	0	0	0	0	100	100	0	0	0	0	0	0	0	1	0	0	1	0	0	0	0	0	2	212	0	0	212	212	0	0	100	100	200	0	0	4.25	-9.5	-2.5	0	0	212	1	0	0	0	0	1	212	212	44	45	0
next	4	0	0	1	0	212	0	0	0	-10	0	100	100	0	0	0	0	0	0	0	1	0	0	1	0	0	0	0	0	2	212	0	0	212	212	0	0	100	100	200	0	0	4.25	-9.5	-2.5	0	0	212	1	0	0	0	0	1	212	212	44	45	0
next	4	0	0	1	0	212	0	0	0	-10	-10	100	100	0	0	0	0	0	0	0	1	0	0	1	0	0	0	0	0	2	212	0	0	212	212	0	0	100	100	200	0	0	4.25	-9.5	-2.5	0	0	212	1	0	0	0	0	1	212	212	44	45	0
next	0	0	0	1	0	857	0	0	0	0	0	100	100	0	0	0	0	0	0	0	1	0	0	1	0	0	0	0	0	2	857	0	0	857	857	0	0	100	100	200	0	0	1.25	2.25	3.25	0	0	857	1	0	0	0	0	1	857	857	44	45	0
next	0	0	0	1	0	857	0	0	0	-10	0	100	100	0	0	0	0	0	0	0	1	0	0	1	0	0	0	0	0	2	857	0	0	857	857	0	0	100	100	200	0	0	1.25	2.25	3.25	0	0	857	1	0	0	0	0	1	857	857	44	45	0
next	0	0	0	1	0	857	0	0	0	-10	-10	100	100	0	0	0	0	0	0	0	1	0	0	1	0	0	0	0	0	2	857	0	0	857	857	0	0	100	100	200	0	0	1.25	2.25	3.25	0	0	857	1	0	0	0	0	1	857	857	44	45	0
next	3	0	0	1	0	857	0	0	0	0	0	100	100	0	0	0	0	0	0	0	1	0	0	1	0	0	0	0	0	2	857	0	0	857	857	0	0	100	100	200	0	0	1.25	2.25	3.25	0	0	857	1	0	0	0	0	1	857	857	44	45	0
next	3	0	0	1	0	857	0	0	0	-10	0	100	100	0	0	0	0	0	0	0	1	0	0	1	0	0	0	0	0	2	857	0	0	857	857	0	0	100	100	200	0	0	1.25	2.25	3.25	0	0	857	1	0	0	0	0	1	857	857	44	45	0
next	3	0	0	1	0	857	0	0	0	-10	-10	100	100	0	0	0	0	0	0	0	1	0	0	1	0	0	0	0	0	2	857	0	0	857	857	0	0	100	100	200	0	0	1.25	2.25	3.25	0	0	857	1	0	0	0	0	1	857	857	44	45	0
next	4	0	0	1	0	857	0	0	0	0	0	100	100	0	0	0	0	0	0	0	1	0	0	1	0	0	0	0	0	2	857	0	0	857	857	0	0	100	100	200	0	0	1.25	2.25	3.25	0	0	857	1	0	0	0	0	1	857	857	44	45	0
next	4	0	0	1	0	857	0	0	0	-10	0	100	100	0	0	0	0	0	0	0	1	0	0	1	0	0	0	0	0	2	857	0	0	857	857	0	0	100	100	200	0	0	1.25	2.25	3.25	0	0	857	1	0	0	0	0	1	857	857	44	45	0
next	4	0	0	1	0	857	0	0	0	-10	-10	100	100	0	0	0	0	0	0	0	1	0	0	1	0	0	0	0	0	2	857	0	0	857	857	0	0	100	100	200	0	0	1.25	2.25	3.25	0	0	857	1	0	0	0	0	1	857	857	44	45	0
next	0	0	0	1	0	998	0	0	0	0	0	100	100	0	0	0	0	0	0	0	1	0	0	1	0	0	0	0	0	2	998	0	0	998	998	0	0	100	100	200	0	0	1.25	2.25	3.25	0	0	998	1	0	0	0	0	1	998	998	44	45	0
next	0	0	0	1	0	998	0	0	0	-10	0	100	100	0	0	0	0	0	0	0	1	0	0	1	0	0	0	0	0	2	998	0	0	998	998	0	0	100	100	200	0	0	1.25	2.25	3.25	0	0	998	1	0	0	0	0	1	998	998	44	45	0
next	0	0	0	1	0	998	0	0	0	-10	-10	100	100	0	0	0	0	0	0	0	1	0	0	1	0	0	0	0	0	2	998	0	0	998	998	0	0	100	100	200	0	0	1.25	2.25	3.25	0	0	998	1	0	0	0	0	1	998	998	44	45	0
next	3	0	0	1	0	998	0	0	0	0	0	100	100	0	0	0	0	0	0	0	1	0	0	1	0	0	0	0	0	2	998	0	0	998	998	0	0	100	100	200	0	0	1.25	2.25	3.25	0	0	998	1	0	0	0	0	1	998	998	44	45	0
next	3	0	0	1	0	998	0	0	0	-10	0	100	100	0	0	0	0	0	0	0	1	0	0	1	0	0	0	0	0	2	998	0	0	998	998	0	0	100	100	200	0	0	1.25	2.25	3.25	0	0	998	1	0	0	0	0	1	998	998	44	45	0
next	3	0	0	1	0	998	0	0	0	-10	-10	100	100	0	0	0	0	0	0	0	1	0	0	1	0	0	0	0	0	2	998	0	0	998	998	0	0	100	100	200	0	0	1.25	2.25	3.25	0	0	998	1	0	0	0	0	1	998	998	44	45	0
next	4	0	0	1	0	998	0	0	0	0	0	100	100	0	0	0	0	0	0	0	1	0	0	1	0	0	0	0	0	2	998	0	0	998	998	0	0	100	100	200	0	0	1.25	2.25	3.25	0	0	998	1	0	0	0	0	1	998	998	44	45	0
next	4	0	0	1	0	998	0	0	0	-10	0	100	100	0	0	0	0	0	0	0	1	0	0	1	0	0	0	0	0	2	998	0	0	998	998	0	0	100	100	200	0	0	1.25	2.25	3.25	0	0	998	1	0	0	0	0	1	998	998	44	45	0
next	4	0	0	1	0	998	0	0	0	-10	-10	100	100	0	0	0	0	0	0	0	1	0	0	1	0	0	0	0	0	2	998	0	0	998	998	0	0	100	100	200	0	0	1.25	2.25	3.25	0	0	998	1	0	0	0	0	1	998	998	44	45	0
next	0	0	0	1	0	999	0	0	0	0	0	100	100	0	0	0	0	0	0	0	1	0	0	1	0	0	0	0	0	1	999	0	0	0	0	0	0	100	100	200	0	0	1.25	2.25	3.25	0	0	0	1	0	0	0	0	1	0	0	44	45	0
next	0	0	0	1	0	999	0	0	0	-10	0	100	100	0	0	0	0	0	0	0	1	0	0	1	0	0	0	0	0	2	999	0	0	212	212	0	0	100	100	200	0	0	1.25	2.25	3.25	0	0	212	1	0	0	0	0	1	212	212	44	45	0
next	0	0	0	1	0	999	0	0	0	-10	-10	100	100	0	0	0	0	0	0	0	1	0	0	1	0	0	0	0	0	1	999	0	0	0	0	0	0	100	100	200	0	0	1.25	2.25	3.25	0	0	0	1	0	0	0	0	1	0	0	44	45	0
next	3	0	0	1	0	999	0	0	0	0	0	100	100	0	0	0	0	0	0	0	1	0	0	1	0	0	0	0	0	1	999	0	0	0	0	0	0	100	100	200	0	0	1.25	2.25	3.25	0	0	0	1	0	0	0	0	1	0	0	44	45	0
next	3	0	0	1	0	999	0	0	0	-10	0	100	100	0	0	0	0	0	0	0	1	0	0	1	0	0	0	0	0	1	999	0	0	0	0	0	0	100	100	200	0	0	1.25	2.25	3.25	0	0	0	1	0	0	0	0	1	0	0	44	45	0
next	3	0	0	1	0	999	0	0	0	-10	-10	100	100	0	0	0	0	0	0	0	1	0	0	1	0	0	0	0	0	1	999	0	0	0	0	0	0	100	100	200	0	0	1.25	2.25	3.25	0	0	0	1	0	0	0	0	1	0	0	44	45	0
next	4	0	0	1	0	999	0	0	0	0	0	100	100	0	0	0	0	0	0	0	1	0	0	1	0	0	0	0	0	1	999	0	0	0	0	0	0	100	100	200	0	0	1.25	2.25	3.25	0	0	0	1	0	0	0	0	1	0	0	44	45	0
next	4	0	0	1	0	999	0	0	0	-10	0	100	100	0	0	0	0	0	0	0	1	0	0	1	0	0	0	0	0	1	999	0	0	0	0	0	0	100	100	200	0	0	1.25	2.25	3.25	0	0	0	1	0	0	0	0	1	0	0	44	45	0
next	4	0	0	1	0	999	0	0	0	-10	-10	100	100	0	0	0	0	0	0	0	1	0	0	1	0	0	0	0	0	1	999	0	0	0	0	0	0	100	100	200	0	0	1.25	2.25	3.25	0	0	0	1	0	0	0	0	1	0	0	44	45	0
next	0	0	0	1	0	1000	0	0	0	0	0	100	100	0	0	0	0	0	0	0	1	0	0	1	0	0	0	0	0	4	1000	0	0	1000	0	0	0	100	100	200	0	0	1.25	2.25	3.25	1	1000	0	1	1	1	0	0	0	-9999	-9999	-9999	-9999	-9999
next	0	0	0	1	0	1000	0	0	0	-10	0	100	100	0	0	0	0	0	0	0	1	0	0	1	0	0	0	0	0	4	1000	0	0	1000	0	0	0	100	100	200	0	0	1.25	2.25	3.25	1	1000	0	1	1	1	0	0	0	-9999	-9999	-9999	-9999	-9999
next	0	0	0	1	0	1000	0	0	0	-10	-10	100	100	0	0	0	0	0	0	0	1	0	0	1	0	0	0	0	0	4	1000	0	0	1000	0	0	0	100	100	200	0	0	1.25	2.25	3.25	1	1000	0	1	1	1	0	0	0	-9999	-9999	-9999	-9999	-9999
next	3	0	0	1	0	1000	0	0	0	0	0	100	100	0	0	0	0	0	0	0	1	0	0	1	0	0	0	0	0	4	1000	0	0	1000	0	0	0	100	100	200	0	0	1.25	2.25	3.25	1	1000	0	1	1	1	0	0	0	-9999	-9999	-9999	-9999	-9999
next	3	0	0	1	0	1000	0	0	0	-10	0	100	100	0	0	0	0	0	0	0	1	0	0	1	0	0	0	0	0	4	1000	0	0	1000	0	0	0	100	100	200	0	0	1.25	2.25	3.25	1	1000	0	1	1	1	0	0	0	-9999	-9999	-9999	-9999	-9999
next	3	0	0	1	0	1000	0	0	0	-10	-10	100	100	0	0	0	0	0	0	0	1	0	0	1	0	0	0	0	0	4	1000	0	0	1000	0	0	0	100	100	200	0	0	1.25	2.25	3.25	1	1000	0	1	1	1	0	0	0	-9999	-9999	-9999	-9999	-9999
next	4	0	0	1	0	1000	0	0	0	0	0	100	100	0	0	0	0	0	0	0	1	0	0	1	0	0	0	0	0	4	1000	0	0	1000	0	0	0	100	100	200	0	0	1.25	2.25	3.25	1	1000	0	1	1	1	0	0	0	-9999	-9999	-9999	-9999	-9999
next	4	0	0	1	0	1000	0	0	0	-10	0	100	100	0	0	0	0	0	0	0	1	0	0	1	0	0	0	0	0	4	1000	0	0	1000	0	0	0	100	100	200	0	0	1.25	2.25	3.25	1	1000	0	1	1	1	0	0	0	-9999	-9999	-9999	-9999	-9999
next	4	0	0	1	0	1000	0	0	0	-10	-10	100	100	0	0	0	0	0	0	0	1	0	0	1	0	0	0	0	0	4	1000	0	0	1000	0	0	0	100	100	200	0	0	1.25	2.25	3.25	1	1000	0	1	1	1	0	0	0	-9999	-9999	-9999	-9999	-9999
next	0	0	0	1	0	1099	0	0	0	0	0	100	100	0	0	0	0	0	0	0	1	0	0	1	0	0	0	0	0	4	1099	0	0	1099	0	0	0	100	100	200	0	0	1.25	2.25	3.25	1	1099	0	1	1	1	0	0	0	-9999	-9999	-9999	-9999	-9999
next	0	0	0	1	0	1099	0	0	0	-10	0	100	100	0	0	0	0	0	0	0	1	0	0	1	0	0	0	0	0	4	1099	0	0	1099	0	0	0	100	100	200	0	0	1.25	2.25	3.25	1	1099	0	1	1	1	0	0	0	-9999	-9999	-9999	-9999	-9999
next	0	0	0	1	0	1099	0	0	0	-10	-10	100	100	0	0	0	0	0	0	0	1	0	0	1	0	0	0	0	0	4	1099	0	0	1099	0	0	0	100	100	200	0	0	1.25	2.25	3.25	1	1099	0	1	1	1	0	0	0	-9999	-9999	-9999	-9999	-9999
next	3	0	0	1	0	1099	0	0	0	0	0	100	100	0	0	0	0	0	0	0	1	0	0	1	0	0	0	0	0	4	1099	0	0	1099	0	0	0	100	100	200	0	0	1.25	2.25	3.25	1	1099	0	1	1	1	0	0	0	-9999	-9999	-9999	-9999	-9999
next	3	0	0	1	0	1099	0	0	0	-10	0	100	100	0	0	0	0	0	0	0	1	0	0	1	0	0	0	0	0	4	1099	0	0	1099	0	0	0	100	100	200	0	0	1.25	2.25	3.25	1	1099	0	1	1	1	0	0	0	-9999	-9999	-9999	-9999	-9999
next	3	0	0	1	0	1099	0	0	0	-10	-10	100	100	0	0	0	0	0	0	0	1	0	0	1	0	0	0	0	0	4	1099	0	0	1099	0	0	0	100	100	200	0	0	1.25	2.25	3.25	1	1099	0	1	1	1	0	0	0	-9999	-9999	-9999	-9999	-9999
next	4	0	0	1	0	1099	0	0	0	0	0	100	100	0	0	0	0	0	0	0	1	0	0	1	0	0	0	0	0	4	1099	0	0	1099	0	0	0	100	100	200	0	0	1.25	2.25	3.25	1	1099	0	1	1	1	0	0	0	-9999	-9999	-9999	-9999	-9999
next	4	0	0	1	0	1099	0	0	0	-10	0	100	100	0	0	0	0	0	0	0	1	0	0	1	0	0	0	0	0	4	1099	0	0	1099	0	0	0	100	100	200	0	0	1.25	2.25	3.25	1	1099	0	1	1	1	0	0	0	-9999	-9999	-9999	-9999	-9999
next	4	0	0	1	0	1099	0	0	0	-10	-10	100	100	0	0	0	0	0	0	0	1	0	0	1	0	0	0	0	0	4	1099	0	0	1099	0	0	0	100	100	200	0	0	1.25	2.25	3.25	1	1099	0	1	1	1	0	0	0	-9999	-9999	-9999	-9999	-9999
next	0	0	0	1	0	1100	0	0	0	0	0	100	100	0	0	0	0	0	0	0	1	0	0	1	0	0	0	0	0	4	1100	0	0	1100	0	0	0	100	100	200	0	0	1.25	2.25	3.25	1	1100	0	1	1	0	1	0	1	0	0	0	45	0
next	0	0	0	1	0	1100	0	0	0	-10	0	100	100	0	0	0	0	0	0	0	1	0	0	1	0	0	0	0	0	4	1100	0	0	1100	0	0	0	100	100	200	0	0	1.25	2.25	3.25	1	1100	0	1	1	0	1	0	1	0	0	0	45	0
next	0	0	0	1	0	1100	0	0	0	-10	-10	100	100	0	0	0	0	0	0	0	1	0	0	1	0	0	0	0	0	4	1100	0	0	1100	0	0	0	100	100	200	0	0	1.25	2.25	3.25	1	1100	0	1	1	0	1	0	1	0	0	0	45	0
next	3	0	0	1	0	1100	0	0	0	0	0	100	100	0	0	0	0	0	0	0	1	0	0	1	0	0	0	0	0	4	1100	0	0	1100	0	0	0	100	100	200	0	0	1.25	2.25	3.25	1	1100	0	1	1	0	1	0	1	0	0	0	45	0
next	3	0	0	1	0	1100	0	0	0	-10	0	100	100	0	0	0	0	0	0	0	1	0	0	1	0	0	0	0	0	4	1100	0	0	1100	0	0	0	100	100	200	0	0	1.25	2.25	3.25	1	1100	0	1	1	0	1	0	1	0	0	0	45	0
next	3	0	0	1	0	1100	0	0	0	-10	-10	100	100	0	0	0	0	0	0	0	1	0	0	1	0	0	0	0	0	4	1100	0	0	1100	0	0	0	100	100	200	0	0	1.25	2.25	3.25	1	1100	0	1	1	0	1	0	1	0	0	0	45	0
next	4	0	0	1	0	1100	0	0	0	0	0	100	100	0	0	0	0	0	0	0	1	0	0	1	0	0	0	0	0	4	1100	0	0	1100	0	0	0	100	100	200	0	0	1.25	2.25	3.25	1	1100	0	1	1	0	1	0	1	0	0	0	45	0
next	4	0	0	1	0	1100	0	0	0	-10	0	100	100	0	0	0	0	0	0	0	1	0	0	1	0	0	0	0	0	4	1100	0	0	1100	0	0	0	100	100	200	0	0	1.25	2.25	3.25	1	1100	0	1	1	0	1	0	1	0	0	0	45	0
next	4	0	0	1	0	1100	0	0	0	-10	-10	100	100	0	0	0	0	0	0	0	1	0	0	1	0	0	0	0	0	4	1100	0	0	1100	0	0	0	100	100	200	0	0	1.25	2.25	3.25	1	1100	0	1	1	0	1	0	1	0	0	0	45	0
next	0	0	0	1	0	1101	0	0	0	0	0	100	100	0	0	0	0	0	0	0	1	0	0	1	0	0	0	0	0	4	1101	0	0	1101	0	0	0	100	100	200	0	0	1.25	2.25	3.25	1	1101	0	1	1	0	1	0	1	0	0	0	45	-1
next	0	0	0	1	0	1101	0	0	0	-10	0	100	100	0	0	0	0	0	0	0	1	0	0	1	0	0	0	0	0	4	1101	0	0	1101	0	0	0	100	100	200	0	0	1.25	2.25	3.25	1	1101	0	1	1	0	1	0	1	0	0	0	45	-1
next	0	0	0	1	0	1101	0	0	0	-10	-10	100	100	0	0	0	0	0	0	0	1	0	0	1	0	0	0	0	0	4	1101	0	0	1101	0	0	0	100	100	200	0	0	1.25	2.25	3.25	1	1101	0	1	1	0	1	0	1	0	0	0	45	-1
next	3	0	0	1	0	1101	0	0	0	0	0	100	100	0	0	0	0	0	0	0	1	0	0	1	0	0	0	0	0	4	1101	0	0	1101	0	0	0	100	100	200	0	0	1.25	2.25	3.25	1	1101	0	1	1	0	1	0	1	0	0	0	45	-1
next	3	0	0	1	0	1101	0	0	0	-10	0	100	100	0	0	0	0	0	0	0	1	0	0	1	0	0	0	0	0	4	1101	0	0	1101	0	0	0	100	100	200	0	0	1.25	2.25	3.25	1	1101	0	1	1	0	1	0	1	0	0	0	45	-1
next	3	0	0	1	0	1101	0	0	0	-10	-10	100	100	0	0	0	0	0	0	0	1	0	0	1	0	0	0	0	0	4	1101	0	0	1101	0	0	0	100	100	200	0	0	1.25	2.25	3.25	1	1101	0	1	1	0	1	0	1	0	0	0	45	-1
next	4	0	0	1	0	1101	0	0	0	0	0	100	100	0	0	0	0	0	0	0	1	0	0	1	0	0	0	0	0	4	1101	0	0	1101	0	0	0	100	100	200	0	0	1.25	2.25	3.25	1	1101	0	1	1	0	1	0	1	0	0	0	45	-1
next	4	0	0	1	0	1101	0	0	0	-10	0	100	100	0	0	0	0	0	0	0	1	0	0	1	0	0	0	0	0	4	1101	0	0	1101	0	0	0	100	100	200	0	0	1.25	2.25	3.25	1	1101	0	1	1	0	1	0	1	0	0	0	45	-1
next	4	0	0	1	0	1101	0	0	0	-10	-10	100	100	0	0	0	0	0	0	0	1	0	0	1	0	0	0	0	0	4	1101	0	0	1101	0	0	0	100	100	200	0	0	1.25	2.25	3.25	1	1101	0	1	1	0	1	0	1	0	0	0	45	-1
next	0	0	0	1	0	1199	0	0	0	0	0	100	100	0	0	0	0	0	0	0	1	0	0	1	0	0	0	0	0	4	1199	0	0	1199	0	0	0	100	100	200	0	0	1.25	2.25	3.25	1	1199	0	1	1	0	1	0	1	0	0	0	45	-99
next	0	0	0	1	0	1199	0	0	0	-10	0	100	100	0	0	0	0	0	0	0	1	0	0	1	0	0	0	0	0	4	1199	0	0	1199	0	0	0	100	100	200	0	0	1.25	2.25	3.25	1	1199	0	1	1	0	1	0	1	0	0	0	45	-99
next	0	0	0	1	0	1199	0	0	0	-10	-10	100	100	0	0	0	0	0	0	0	1	0	0	1	0	0	0	0	0	4	1199	0	0	1199	0	0	0	100	100	200	0	0	1.25	2.25	3.25	1	1199	0	1	1	0	1	0	1	0	0	0	45	-99
next	3	0	0	1	0	1199	0	0	0	0	0	100	100	0	0	0	0	0	0	0	1	0	0	1	0	0	0	0	0	4	1199	0	0	1199	0	0	0	100	100	200	0	0	1.25	2.25	3.25	1	1199	0	1	1	0	1	0	1	0	0	0	45	-99
next	3	0	0	1	0	1199	0	0	0	-10	0	100	100	0	0	0	0	0	0	0	1	0	0	1	0	0	0	0	0	4	1199	0	0	1199	0	0	0	100	100	200	0	0	1.25	2.25	3.25	1	1199	0	1	1	0	1	0	1	0	0	0	45	-99
next	3	0	0	1	0	1199	0	0	0	-10	-10	100	100	0	0	0	0	0	0	0	1	0	0	1	0	0	0	0	0	4	1199	0	0	1199	0	0	0	100	100	200	0	0	1.25	2.25	3.25	1	1199	0	1	1	0	1	0	1	0	0	0	45	-99
next	4	0	0	1	0	1199	0	0	0	0	0	100	100	0	0	0	0	0	0	0	1	0	0	1	0	0	0	0	0	4	1199	0	0	1199	0	0	0	100	100	200	0	0	1.25	2.25	3.25	1	1199	0	1	1	0	1	0	1	0	0	0	45	-99
next	4	0	0	1	0	1199	0	0	0	-10	0	100	100	0	0	0	0	0	0	0	1	0	0	1	0	0	0	0	0	4	1199	0	0	1199	0	0	0	100	100	200	0	0	1.25	2.25	3.25	1	1199	0	1	1	0	1	0	1	0	0	0	45	-99
next	4	0	0	1	0	1199	0	0	0	-10	-10	100	100	0	0	0	0	0	0	0	1	0	0	1	0	0	0	0	0	4	1199	0	0	1199	0	0	0	100	100	200	0	0	1.25	2.25	3.25	1	1199	0	1	1	0	1	0	1	0	0	0	45	-99
next	0	0	0	1	0	1200	0	0	0	0	0	100	100	0	0	0	0	0	0	0	1	0	0	1	0	0	0	0	0	4	1200	0	0	1200	0	0	0	100	100	200	0	0	1.25	2.25	3.25	1	1200	0	1	1	0	1	0	1	0	0	0	45	-100
next	0	0	0	1	0	1200	0	0	0	-10	0	100	100	0	0	0	0	0	0	0	1	0	0	1	0	0	0	0	0	4	1200	0	0	1200	0	0	0	100	100	200	0	0	1.25	2.25	3.25	1	1200	0	1	1	0	1	0	1	0	0	0	45	-100
next	0	0	0	1	0	1200	0	0	0	-10	-10	100	100	0	0	0	0	0	0	0	1	0	0	1	0	0	0	0	0	4	1200	0	0	1200	0	0	0	100	100	200	0	0	1.25	2.25	3.25	1	1200	0	1	1	0	1	0	1	0	0	0	45	-100
next	3	0	0	1	0	1200	0	0	0	0	0	100	100	0	0	0	0	0	0	0	1	0	0	1	0	0	0	0	0	4	1200	0	0	1200	0	0	0	100	100	200	0	0	1.25	2.25	3.25	1	1200	0	1	1	0	1	0	1	0	0	0	45	-100
next	3	0	0	1	0	1200	0	0	0	-10	0	100	100	0	0	0	0	0	0	0	1	0	0	1	0	0	0	0	0	4	1200	0	0	1200	0	0	0	100	100	200	0	0	1.25	2.25	3.25	1	1200	0	1	1	0	1	0	1	0	0	0	45	-100
next	3	0	0	1	0	1200	0	0	0	-10	-10	100	100	0	0	0	0	0	0	0	1	0	0	1	0	0	0	0	0	4	1200	0	0	1200	0	0	0	100	100	200	0	0	1.25	2.25	3.25	1	1200	0	1	1	0	1	0	1	0	0	0	45	-100
next	4	0	0	1	0	1200	0	0	0	0	0	100	100	0	0	0	0	0	0	0	1	0	0	1	0	0	0	0	0	4	1200	0	0	1200	0	0	0	100	100	200	0	0	1.25	2.25	3.25	1	1200	0	1	1	0	1	0	1	0	0	0	45	-100
next	4	0	0	1	0	1200	0	0	0	-10	0	100	100	0	0	0	0	0	0	0	1	0	0	1	0	0	0	0	0	4	1200	0	0	1200	0	0	0	100	100	200	0	0	1.25	2.25	3.25	1	1200	0	1	1	0	1	0	1	0	0	0	45	-100
next	4	0	0	1	0	1200	0	0	0	-10	-10	100	100	0	0	0	0	0	0	0	1	0	0	1	0	0	0	0	0	4	1200	0	0	1200	0	0	0	100	100	200	0	0	1.25	2.25	3.25	1	1200	0	1	1	0	1	0	1	0	0	0	45	-100
next	0	0	0	1	0	1299	0	0	0	0	0	100	100	0	0	0	0	0	0	0	1	0	0	1	0	0	0	0	0	4	1299	0	0	1299	0	0	0	100	100	200	0	0	1.25	2.25	3.25	1	1299	0	1	1	0	1	0	1	0	0	0	45	-199
next	0	0	0	1	0	1299	0	0	0	-10	0	100	100	0	0	0	0	0	0	0	1	0	0	1	0	0	0	0	0	4	1299	0	0	1299	0	0	0	100	100	200	0	0	1.25	2.25	3.25	1	1299	0	1	1	0	1	0	1	0	0	0	45	-199
next	0	0	0	1	0	1299	0	0	0	-10	-10	100	100	0	0	0	0	0	0	0	1	0	0	1	0	0	0	0	0	4	1299	0	0	1299	0	0	0	100	100	200	0	0	1.25	2.25	3.25	1	1299	0	1	1	0	1	0	1	0	0	0	45	-199
next	3	0	0	1	0	1299	0	0	0	0	0	100	100	0	0	0	0	0	0	0	1	0	0	1	0	0	0	0	0	4	1299	0	0	1299	0	0	0	100	100	200	0	0	1.25	2.25	3.25	1	1299	0	1	1	0	1	0	1	0	0	0	45	-199
next	3	0	0	1	0	1299	0	0	0	-10	0	100	100	0	0	0	0	0	0	0	1	0	0	1	0	0	0	0	0	4	1299	0	0	1299	0	0	0	100	100	200	0	0	1.25	2.25	3.25	1	1299	0	1	1	0	1	0	1	0	0	0	45	-199
next	3	0	0	1	0	1299	0	0	0	-10	-10	100	100	0	0	0	0	0	0	0	1	0	0	1	0	0	0	0	0	4	1299	0	0	1299	0	0	0	100	100	200	0	0	1.25	2.25	3.25	1	1299	0	1	1	0	1	0	1	0	0	0	45	-199
next	4	0	0	1	0	1299	0	0	0	0	0	100	100	0	0	0	0	0	0	0	1	0	0	1	0	0	0	0	0	4	1299	0	0	1299	0	0	0	100	100	200	0	0	1.25	2.25	3.25	1	1299	0	1	1	0	1	0	1	0	0	0	45	-199
next	4	0	0	1	0	1299	0	0	0	-10	0	100	100	0	0	0	0	0	0	0	1	0	0	1	0	0	0	0	0	4	1299	0	0	1299	0	0	0	100	100	200	0	0	1.25	2.25	3.25	1	1299	0	1	1	0	1	0	1	0	0	0	45	-199
next	4	0	0	1	0	1299	0	0	0	-10	-10	100	100	0	0	0	0	0	0	0	1	0	0	1	0	0	0	0	0	4	1299	0	0	1299	0	0	0	100	100	200	0	0	1.25	2.25	3.25	1	1299	0	1	1	0	1	0	1	0	0	0	45	-199
next	0	0	0	1	0	1300	0	0	0	0	0	100	100	0	0	0	0	0	0	0	1	0	0	1	0	0	0	0	0	4	1300	0	0	1300	0	0	0	100	100	200	0	0	1.25	2.25	3.25	1	1300	0	1	1	1	0	0	0	-9999	-9999	-9999	-9999	-9999
next	0	0	0	1	0	1300	0	0	0	-10	0	100	100	0	0	0	0	0	0	0	1	0	0	1	0	0	0	0	0	4	1300	0	0	1300	0	0	0	100	100	200	0	0	1.25	2.25	3.25	1	1300	0	1	1	1	0	0	0	-9999	-9999	-9999	-9999	-9999
next	0	0	0	1	0	1300	0	0	0	-10	-10	100	100	0	0	0	0	0	0	0	1	0	0	1	0	0	0	0	0	4	1300	0	0	1300	0	0	0	100	100	200	0	0	1.25	2.25	3.25	1	1300	0	1	1	1	0	0	0	-9999	-9999	-9999	-9999	-9999
next	3	0	0	1	0	1300	0	0	0	0	0	100	100	0	0	0	0	0	0	0	1	0	0	1	0	0	0	0	0	4	1300	0	0	1300	0	0	0	100	100	200	0	0	1.25	2.25	3.25	1	1300	0	1	1	1	0	0	0	-9999	-9999	-9999	-9999	-9999
next	3	0	0	1	0	1300	0	0	0	-10	0	100	100	0	0	0	0	0	0	0	1	0	0	1	0	0	0	0	0	4	1300	0	0	1300	0	0	0	100	100	200	0	0	1.25	2.25	3.25	1	1300	0	1	1	1	0	0	0	-9999	-9999	-9999	-9999	-9999
next	3	0	0	1	0	1300	0	0	0	-10	-10	100	100	0	0	0	0	0	0	0	1	0	0	1	0	0	0	0	0	4	1300	0	0	1300	0	0	0	100	100	200	0	0	1.25	2.25	3.25	1	1300	0	1	1	1	0	0	0	-9999	-9999	-9999	-9999	-9999
next	4	0	0	1	0	1300	0	0	0	0	0	100	100	0	0	0	0	0	0	0	1	0	0	1	0	0	0	0	0	4	1300	0	0	1300	0	0	0	100	100	200	0	0	1.25	2.25	3.25	1	1300	0	1	1	1	0	0	0	-9999	-9999	-9999	-9999	-9999
next	4	0	0	1	0	1300	0	0	0	-10	0	100	100	0	0	0	0	0	0	0	1	0	0	1	0	0	0	0	0	4	1300	0	0	1300	0	0	0	100	100	200	0	0	1.25	2.25	3.25	1	1300	0	1	1	1	0	0	0	-9999	-9999	-9999	-9999	-9999
next	4	0	0	1	0	1300	0	0	0	-10	-10	100	100	0	0	0	0	0	0	0	1	0	0	1	0	0	0	0	0	4	1300	0	0	1300	0	0	0	100	100	200	0	0	1.25	2.25	3.25	1	1300	0	1	1	1	0	0	0	-9999	-9999	-9999	-9999	-9999
counter	0	0	0	1	-1	7	0	0	0	0	0	100	100	0	0	0	0	0	0	0	1	0	0	1	0	0	0	0	0	5	0	0	0	0	0	0	0	100	100	200	0	0	1.25	2.25	3.25	0	0	0	1	0	0	0	0	1	0	0	44	45	0
counter	0	0	0	1	-1	7	9	0	0	0	0	100	100	0	0	0	0	0	0	0	1	0	0	1	0	0	0	0	0	5	0	0	0	0	9	0	0	100	100	200	0	0	1.25	2.25	3.25	0	0	0	1	0	0	0	0	1	0	9	44	45	0
counter	0	0	0	1	-1	7	0	1	0	0	0	100	100	0	0	0	0	0	0	0	1	0	0	1	0	0	0	0	0	5	0	0	0	0	0	1	0	100	100	200	0	0	1.25	2.25	3.25	0	0	0	1	0	0	0	0	1	0	0	44	45	0
counter	0	0	0	1	-1	7	9	1	0	0	0	100	100	0	0	0	0	0	0	0	1	0	0	1	0	0	0	0	0	5	0	0	0	0	9	1	0	100	100	200	0	0	1.25	2.25	3.25	0	0	0	1	0	0	0	0	1	0	9	44	45	0
counter	0	0	0	1	-1	7	0	4	0	0	0	100	100	0	0	0	0	0	0	0	1	0	0	1	0	0	0	0	0	5	0	0	0	0	0	4	0	100	100	200	0	0	1.25	2.25	3.25	0	0	0	1	0	0	0	0	1	0	0	44	45	0
counter	0	0	0	1	-1	7	9	4	0	0	0	100	100	0	0	0	0	0	0	0	1	0	0	1	0	0	0	0	0	5	0	0	0	0	9	4	0	100	100	200	0	0	1.25	2.25	3.25	0	0	0	1	0	0	0	0	1	0	9	44	45	0
counter	0	0	0	1	0	7	0	0	0	0	0	100	100	0	0	0	0	0	0	0	1	0	0	1	0	0	0	0	0	2	7	0	0	7	7	0	0	100	100	200	0	0	1.25	2.25	3.25	0	0	7	2	0	0	0	0	1	7	7	44	45	0
counter	0	0	0	1	0	7	9	0	0	0	0	100	100	0	0	0	0	0	0	0	1	0	0	1	0	0	0	0	0	2	7	1	0	7	7	0	0	100	100	200	0	0	1.25	2.25	3.25	0	0	7	2	0	0	0	0	1	7	7	44	45	0
counter	0	0	0	1	0	7	0	1	0	0	0	100	100	0	0	0	0	0	0	0	1	0	0	1	0	0	0	0	0	2	7	0	0	7	7	0	0	100	100	200	0	0	1.25	2.25	3.25	0	0	7	2	0	0	0	0	1	7	7	44	45	0
counter	0	0	0	1	0	7	9	1	0	0	0	100	100	0	0	0	0	0	0	0	1	0	0	1	0	0	0	0	0	2	7	1	0	7	7	0	0	100	100	200	0	0	1.25	2.25	3.25	0	0	7	2	0	0	0	0	1	7	7	44	45	0
counter	0	0	0	1	0	7	0	4	0	0	0	100	100	0	0	0	0	0	0	0	1	0	0	1	0	0	0	0	0	2	7	0	0	7	7	0	0	100	100	200	0	0	1.25	2.25	3.25	0	0	7	2	0	0	0	0	1	7	7	44	45	0
counter	0	0	0	1	0	7	9	4	0	0	0	100	100	0	0	0	0	0	0	0	1	0	0	1	0	0	0	0	0	2	7	1	0	7	7	0	0	100	100	200	0	0	1.25	2.25	3.25	0	0	7	2	0	0	0	0	1	7	7	44	45	0
counter	0	0	0	1	1	7	0	0	0	0	0	100	100	0	0	0	0	0	0	0	1	0	0	1	0	0	0	0	0	0	0	0	0	0	0	1	0	100	100	200	0	0	1.25	2.25	3.25	0	0	0	1	0	0	0	0	1	0	0	44	45	0
counter	0	0	0	1	1	7	9	0	0	0	0	100	100	0	0	0	0	0	0	0	1	0	0	1	0	0	0	0	0	0	0	1	0	0	0	1	0	100	100	200	0	0	1.25	2.25	3.25	0	0	0	1	0	0	0	0	1	0	0	44	45	0
counter	0	0	0	1	1	7	0	1	0	0	0	100	100	0	0	0	0	0	0	0	1	0	0	1	0	0	0	0	0	2	7	0	0	7	7	0	0	100	100	200	0	0	1.25	2.25	3.25	0	0	7	2	0	0	0	0	1	7	7	44	45	0
counter	0	0	0	1	1	7	9	1	0	0	0	100	100	0	0	0	0	0	0	0	1	0	0	1	0	0	0	0	0	0	0	1	0	0	0	1	0	100	100	200	0	0	1.25	2.25	3.25	0	0	0	1	0	0	0	0	1	0	0	44	45	0
counter	0	0	0	1	1	7	0	4	0	0	0	100	100	0	0	0	0	0	0	0	1	0	0	1	0	0	0	0	0	2	7	0	0	7	7	0	0	100	100	200	0	0	1.25	2.25	3.25	0	0	7	2	0	0	0	0	1	7	7	44	45	0
counter	0	0	0	1	1	7	9	4	0	0	0	100	100	0	0	0	0	0	0	0	1	0	0	1	0	0	0	0	0	0	0	1	0	0	0	1	0	100	100	200	0	0	1.25	2.25	3.25	0	0	0	1	0	0	0	0	1	0	0	44	45	0
counter	0	0	0	1	3	7	0	0	0	0	0	100	100	0	0	0	0	0	0	0	1	0	0	1	0	0	0	0	0	0	0	0	0	0	0	1	0	100	100	200	0	0	1.25	2.25	3.25	0	0	0	1	0	0	0	0	1	0	0	44	45	0
counter	0	0	0	1	3	7	9	0	0	0	0	100	100	0	0	0	0	0	0	0	1	0	0	1	0	0	0	0	0	0	0	1	0	0	0	1	0	100	100	200	0	0	1.25	2.25	3.25	0	0	0	1	0	0	0	0	1	0	0	44	45	0
counter	0	0	0	1	3	7	0	1	0	0	0	100	100	0	0	0	0	0	0	0	1	0	0	1	0	0	0	0	0	0	0	0	0	0	0	2	0	100	100	200	0	0	1.25	2.25	3.25	0	0	0	1	0	0	0	0	1	0	0	44	45	0
counter	0	0	0	1	3	7	9	1	0	0	0	100	100	0	0	0	0	0	0	0	1	0	0	1	0	0	0	0	0	0	0	1	0	0	0	1	0	100	100	200	0	0	1.25	2.25	3.25	0	0	0	1	0	0	0	0	1	0	0	44	45	0
counter	0	0	0	1	3	7	0	4	0	0	0	100	100	0	0	0	0	0	0	0	1	0	0	1	0	0	0	0	0	2	7	0	0	7	7	0	0	100	100	200	0	0	1.25	2.25	3.25	0	0	7	2	0	0	0	0	1	7	7	44	45	0
counter	0	0	0	1	3	7	9	4	0	0	0	100	100	0	0	0	0	0	0	0	1	0	0	1	0	0	0	0	0	0	0	1	0	0	0	1	0	100	100	200	0	0	1.25	2.25	3.25	0	0	0	1	0	0	0	0	1	0	0	44	45	0
cost	0	0	0	1	0	7	0	0	0	0	0	0	0	-6	-9	7	0	0	0	0	1	0	0	1	0	0	0	0	0	2	7	0	0	7	7	0	0	0	0	200	0	0	1.25	2.25	3.25	0	0	7	2	0	0	0	0	1	7	7	44	45	0
cost	0	0	0	1	0	7	0	0	0	0	0	0	0	-6	-9	857	0	0	0	0	1	0	0	1	0	0	0	0	0	2	7	0	0	857	857	0	0	0	0	200	0	0	1.25	2.25	3.25	0	0	7	2	0	0	0	0	1	857	857	44	45	0
cost	0	0	0	1	0	7	0	0	0	0	0	0	0	-6	-9	999	0	0	0	0	1	0	0	1	0	0	0	0	0	4	7	0	0	999	999	0	0	0	0	200	0	0	1.25	2.25	3.25	1	999	7	2	1	1	0	0	0	-9999	-9999	-9999	-9999	-9999
cost	0	0	0	1	0	7	0	0	0	0	0	0	0	-6	-9	-999	0	0	0	0	1	0	0	1	0	0	0	0	0	4	7	0	0	-999	-999	0	0	0	0	200	0	0	1.25	2.25	3.25	1	-999	7	2	1	1	0	0	0	-9999	-9999	-9999	-9999	-9999
cost	0	0	0	1	0	7	0	0	0	0	0	0	0	-6	-9	1101	0	0	0	0	1	0	0	1	0	0	0	0	0	4	7	0	0	1101	1101	0	0	0	0	200	0	0	1.25	2.25	3.25	1	1101	7	2	1	0	1	0	1	0	1101	0	45	-1
cost	0	0	0	1	0	7	0	0	0	0	0	0	0	-6	-9	1300	0	0	0	0	1	0	0	1	0	0	0	0	0	4	7	0	0	1300	1300	0	0	0	0	200	0	0	1.25	2.25	3.25	1	1300	7	2	1	1	0	0	0	-9999	-9999	-9999	-9999	-9999
cost	0	0	0	1	0	7	0	0	0	0	0	5	0	-6	-9	7	0	0	0	0	1	0	0	1	0	0	0	0	0	2	7	0	0	7	7	0	0	5	0	200	0	0	1.25	2.25	3.25	0	0	7	2	0	0	0	0	1	7	7	44	45	0
cost	0	0	0	1	0	7	0	0	0	0	0	5	0	-6	-9	857	0	0	0	0	1	0	0	1	0	0	0	0	0	2	7	0	0	857	857	0	0	5	0	200	0	0	1.25	2.25	3.25	0	0	7	2	0	0	0	0	1	857	857	44	45	0
cost	0	0	0	1	0	7	0	0	0	0	0	5	0	-6	-9	999	0	0	0	0	1	0	0	1	0	0	0	0	0	4	7	0	0	999	999	0	0	5	0	200	0	0	1.25	2.25	3.25	1	999	7	2	1	1	0	0	0	-9999	-9999	-9999	-9999	-9999
cost	0	0	0	1	0	7	0	0	0	0	0	5	0	-6	-9	-999	0	0	0	0	1	0	0	1	0	0	0	0	0	4	7	0	0	-999	-999	0	0	5	0	200	0	0	1.25	2.25	3.25	1	-999	7	2	1	1	0	0	0	-9999	-9999	-9999	-9999	-9999
cost	0	0	0	1	0	7	0	0	0	0	0	5	0	-6	-9	1101	0	0	0	0	1	0	0	1	0	0	0	0	0	4	7	0	0	1101	1101	0	0	5	0	200	0	0	1.25	2.25	3.25	1	1101	7	2	1	0	1	0	1	0	1101	0	45	-1
cost	0	0	0	1	0	7	0	0	0	0	0	5	0	-6	-9	1300	0	0	0	0	1	0	0	1	0	0	0	0	0	4	7	0	0	1300	1300	0	0	5	0	200	0	0	1.25	2.25	3.25	1	1300	7	2	1	1	0	0	0	-9999	-9999	-9999	-9999	-9999
cost	0	0	0	1	0	7	0	0	0	0	0	6	0	-6	-9	7	0	0	0	0	1	0	0	1	0	0	0	0	0	2	7	0	0	7	7	0	0	0	0	198	6	0	1.25	2.25	3.25	0	0	7	2	0	0	0	0	1	7	7	44	45	0
cost	0	0	0	1	0	7	0	0	0	0	0	6	0	-6	-9	857	0	0	0	0	1	0	0	1	0	0	0	0	0	2	7	0	0	857	857	0	0	0	0	198	6	0	1.25	2.25	3.25	0	0	7	2	0	0	0	0	1	857	857	44	45	0
cost	0	0	0	1	0	7	0	0	0	0	0	6	0	-6	-9	999	0	0	0	0	1	0	0	1	0	0	0	0	0	4	7	0	0	999	999	0	0	0	0	198	6	0	1.25	2.25	3.25	1	999	7	2	1	1	0	0	0	-9999	-9999	-9999	-9999	-9999
cost	0	0	0	1	0	7	0	0	0	0	0	6	0	-6	-9	-999	0	0	0	0	1	0	0	1	0	0	0	0	0	4	7	0	0	-999	-999	0	0	0	0	198	6	0	1.25	2.25	3.25	1	-999	7	2	1	1	0	0	0	-9999	-9999	-9999	-9999	-9999
cost	0	0	0	1	0	7	0	0	0	0	0	6	0	-6	-9	1101	0	0	0	0	1	0	0	1	0	0	0	0	0	4	7	0	0	1101	1101	0	0	0	0	198	6	0	1.25	2.25	3.25	1	1101	7	2	1	0	1	0	1	0	1101	0	45	-1
cost	0	0	0	1	0	7	0	0	0	0	0	6	0	-6	-9	1300	0	0	0	0	1	0	0	1	0	0	0	0	0	4	7	0	0	1300	1300	0	0	0	0	198	6	0	1.25	2.25	3.25	1	1300	7	2	1	1	0	0	0	-9999	-9999	-9999	-9999	-9999
cost	0	0	0	1	0	7	0	0	0	0	0	8	0	-6	-9	7	0	0	0	0	1	0	0	1	0	0	0	0	0	2	7	0	0	7	7	0	0	2	0	198	6	0	1.25	2.25	3.25	0	0	7	2	0	0	0	0	1	7	7	44	45	0
cost	0	0	0	1	0	7	0	0	0	0	0	8	0	-6	-9	857	0	0	0	0	1	0	0	1	0	0	0	0	0	2	7	0	0	857	857	0	0	2	0	198	6	0	1.25	2.25	3.25	0	0	7	2	0	0	0	0	1	857	857	44	45	0
cost	0	0	0	1	0	7	0	0	0	0	0	8	0	-6	-9	999	0	0	0	0	1	0	0	1	0	0	0	0	0	4	7	0	0	999	999	0	0	2	0	198	6	0	1.25	2.25	3.25	1	999	7	2	1	1	0	0	0	-9999	-9999	-9999	-9999	-9999
cost	0	0	0	1	0	7	0	0	0	0	0	8	0	-6	-9	-999	0	0	0	0	1	0	0	1	0	0	0	0	0	4	7	0	0	-999	-999	0	0	2	0	198	6	0	1.25	2.25	3.25	1	-999	7	2	1	1	0	0	0	-9999	-9999	-9999	-9999	-9999
cost	0	0	0	1	0	7	0	0	0	0	0	8	0	-6	-9	1101	0	0	0	0	1	0	0	1	0	0	0	0	0	4	7	0	0	1101	1101	0	0	2	0	198	6	0	1.25	2.25	3.25	1	1101	7	2	1	0	1	0	1	0	1101	0	45	-1
cost	0	0	0	1	0	7	0	0	0	0	0	8	0	-6	-9	1300	0	0	0	0	1	0	0	1	0	0	0	0	0	4	7	0	0	1300	1300	0	0	2	0	198	6	0	1.25	2.25	3.25	1	1300	7	2	1	1	0	0	0	-9999	-9999	-9999	-9999	-9999
cost	0	0	0	1	0	7	0	0	0	0	0	9	0	-6	-9	7	0	0	0	0	1	0	0	1	0	0	0	0	0	2	7	0	0	7	7	0	0	3	0	198	6	0	1.25	2.25	3.25	0	0	7	2	0	0	0	0	1	7	7	44	45	0
cost	0	0	0	1	0	7	0	0	0	0	0	9	0	-6	-9	857	0	0	0	0	1	0	0	1	0	0	0	0	0	2	7	0	0	857	857	0	0	3	0	198	6	0	1.25	2.25	3.25	0	0	7	2	0	0	0	0	1	857	857	44	45	0
cost	0	0	0	1	0	7	0	0	0	0	0	9	0	-6	-9	999	0	0	0	0	1	0	0	1	0	0	0	0	0	4	7	0	0	999	999	0	0	3	0	198	6	0	1.25	2.25	3.25	1	999	7	2	1	1	0	0	0	-9999	-9999	-9999	-9999	-9999
cost	0	0	0	1	0	7	0	0	0	0	0	9	0	-6	-9	-999	0	0	0	0	1	0	0	1	0	0	0	0	0	4	7	0	0	-999	-999	0	0	3	0	198	6	0	1.25	2.25	3.25	1	-999	7	2	1	1	0	0	0	-9999	-9999	-9999	-9999	-9999
cost	0	0	0	1	0	7	0	0	0	0	0	9	0	-6	-9	1101	0	0	0	0	1	0	0	1	0	0	0	0	0	4	7	0	0	1101	1101	0	0	3	0	198	6	0	1.25	2.25	3.25	1	1101	7	2	1	0	1	0	1	0	1101	0	45	-1
cost	0	0	0	1	0	7	0	0	0	0	0	9	0	-6	-9	1300	0	0	0	0	1	0	0	1	0	0	0	0	0	4	7	0	0	1300	1300	0	0	3	0	198	6	0	1.25	2.25	3.25	1	1300	7	2	1	1	0	0	0	-9999	-9999	-9999	-9999	-9999
cost	0	0	0	1	0	7	0	0	0	0	0	10	0	-6	-9	7	0	0	0	0	1	0	0	1	0	0	0	0	0	2	7	0	0	7	7	0	0	4	0	198	6	0	1.25	2.25	3.25	0	0	7	2	0	0	0	0	1	7	7	44	45	0
cost	0	0	0	1	0	7	0	0	0	0	0	10	0	-6	-9	857	0	0	0	0	1	0	0	1	0	0	0	0	0	2	7	0	0	857	857	0	0	4	0	198	6	0	1.25	2.25	3.25	0	0	7	2	0	0	0	0	1	857	857	44	45	0
cost	0	0	0	1	0	7	0	0	0	0	0	10	0	-6	-9	999	0	0	0	0	1	0	0	1	0	0	0	0	0	4	7	0	0	999	999	0	0	4	0	198	6	0	1.25	2.25	3.25	1	999	7	2	1	1	0	0	0	-9999	-9999	-9999	-9999	-9999
cost	0	0	0	1	0	7	0	0	0	0	0	10	0	-6	-9	-999	0	0	0	0	1	0	0	1	0	0	0	0	0	4	7	0	0	-999	-999	0	0	4	0	198	6	0	1.25	2.25	3.25	1	-999	7	2	1	1	0	0	0	-9999	-9999	-9999	-9999	-9999
cost	0	0	0	1	0	7	0	0	0	0	0	10	0	-6	-9	1101	0	0	0	0	1	0	0	1	0	0	0	0	0	4	7	0	0	1101	1101	0	0	4	0	198	6	0	1.25	2.25	3.25	1	1101	7	2	1	0	1	0	1	0	1101	0	45	-1
cost	0	0	0	1	0	7	0	0	0	0	0	10	0	-6	-9	1300	0	0	0	0	1	0	0	1	0	0	0	0	0	4	7	0	0	1300	1300	0	0	4	0	198	6	0	1.25	2.25	3.25	1	1300	7	2	1	1	0	0	0	-9999	-9999	-9999	-9999	-9999
cost	0	0	0	1	0	7	0	0	0	0	0	0	5	-6	-9	7	0	0	0	0	1	0	0	1	0	0	0	0	0	2	7	0	0	7	7	0	0	0	5	200	0	0	1.25	2.25	3.25	0	0	7	2	0	0	0	0	1	7	7	44	45	0
cost	0	0	0	1	0	7	0	0	0	0	0	0	5	-6	-9	857	0	0	0	0	1	0	0	1	0	0	0	0	0	2	7	0	0	857	857	0	0	0	5	200	0	0	1.25	2.25	3.25	0	0	7	2	0	0	0	0	1	857	857	44	45	0
cost	0	0	0	1	0	7	0	0	0	0	0	0	5	-6	-9	999	0	0	0	0	1	0	0	1	0	0	0	0	0	4	7	0	0	999	999	0	0	0	5	200	0	0	1.25	2.25	3.25	1	999	7	2	1	1	0	0	0	-9999	-9999	-9999	-9999	-9999
cost	0	0	0	1	0	7	0	0	0	0	0	0	5	-6	-9	-999	0	0	0	0	1	0	0	1	0	0	0	0	0	4	7	0	0	-999	-999	0	0	0	5	200	0	0	1.25	2.25	3.25	1	-999	7	2	1	1	0	0	0	-9999	-9999	-9999	-9999	-9999
cost	0	0	0	1	0	7	0	0	0	0	0	0	5	-6	-9	1101	0	0	0	0	1	0	0	1	0	0	0	0	0	4	7	0	0	1101	1101	0	0	0	5	200	0	0	1.25	2.25	3.25	1	1101	7	2	1	0	1	0	1	0	1101	0	45	-1
cost	0	0	0	1	0	7	0	0	0	0	0	0	5	-6	-9	1300	0	0	0	0	1	0	0	1	0	0	0	0	0	4	7	0	0	1300	1300	0	0	0	5	200	0	0	1.25	2.25	3.25	1	1300	7	2	1	1	0	0	0	-9999	-9999	-9999	-9999	-9999
cost	0	0	0	1	0	7	0	0	0	0	0	5	5	-6	-9	7	0	0	0	0	1	0	0	1	0	0	0	0	0	2	7	0	0	7	7	0	0	5	5	200	0	0	1.25	2.25	3.25	0	0	7	2	0	0	0	0	1	7	7	44	45	0
cost	0	0	0	1	0	7	0	0	0	0	0	5	5	-6	-9	857	0	0	0	0	1	0	0	1	0	0	0	0	0	2	7	0	0	857	857	0	0	5	5	200	0	0	1.25	2.25	3.25	0	0	7	2	0	0	0	0	1	857	857	44	45	0
cost	0	0	0	1	0	7	0	0	0	0	0	5	5	-6	-9	999	0	0	0	0	1	0	0	1	0	0	0	0	0	4	7	0	0	999	999	0	0	5	5	200	0	0	1.25	2.25	3.25	1	999	7	2	1	1	0	0	0	-9999	-9999	-9999	-9999	-9999
cost	0	0	0	1	0	7	0	0	0	0	0	5	5	-6	-9	-999	0	0	0	0	1	0	0	1	0	0	0	0	0	4	7	0	0	-999	-999	0	0	5	5	200	0	0	1.25	2.25	3.25	1	-999	7	2	1	1	0	0	0	-9999	-9999	-9999	-9999	-9999
cost	0	0	0	1	0	7	0	0	0	0	0	5	5	-6	-9	1101	0	0	0	0	1	0	0	1	0	0	0	0	0	4	7	0	0	1101	1101	0	0	5	5	200	0	0	1.25	2.25	3.25	1	1101	7	2	1	0	1	0	1	0	1101	0	45	-1
cost	0	0	0	1	0	7	0	0	0	0	0	5	5	-6	-9	1300	0	0	0	0	1	0	0	1	0	0	0	0	0	4	7	0	0	1300	1300	0	0	5	5	200	0	0	1.25	2.25	3.25	1	1300	7	2	1	1	0	0	0	-9999	-9999	-9999	-9999	-9999
cost	0	0	0	1	0	7	0	0	0	0	0	6	5	-6	-9	7	0	0	0	0	1	0	0	1	0	0	0	0	0	2	7	0	0	7	7	0	0	0	5	198	6	0	1.25	2.25	3.25	0	0	7	2	0	0	0	0	1	7	7	44	45	0
cost	0	0	0	1	0	7	0	0	0	0	0	6	5	-6	-9	857	0	0	0	0	1	0	0	1	0	0	0	0	0	2	7	0	0	857	857	0	0	0	5	198	6	0	1.25	2.25	3.25	0	0	7	2	0	0	0	0	1	857	857	44	45	0
cost	0	0	0	1	0	7	0	0	0	0	0	6	5	-6	-9	999	0	0	0	0	1	0	0	1	0	0	0	0	0	4	7	0	0	999	999	0	0	0	5	198	6	0	1.25	2.25	3.25	1	999	7	2	1	1	0	0	0	-9999	-9999	-9999	-9999	-9999
cost	0	0	0	1	0	7	0	0	0	0	0	6	5	-6	-9	-999	0	0	0	0	1	0	0	1	0	0	0	0	0	4	7	0	0	-999	-999	0	0	0	5	198	6	0	1.25	2.25	3.25	1	-999	7	2	1	1	0	0	0	-9999	-9999	-9999	-9999	-9999
cost	0	0	0	1	0	7	0	0	0	0	0	6	5	-6	-9	1101	0	0	0	0	1	0	0	1	0	0	0	0	0	4	7	0	0	1101	1101	0	0	0	5	198	6	0	1.25	2.25	3.25	1	1101	7	2	1	0	1	0	1	0	1101	0	45	-1
cost	0	0	0	1	0	7	0	0	0	0	0	6	5	-6	-9	1300	0	0	0	0	1	0	0	1	0	0	0	0	0	4	7	0	0	1300	1300	0	0	0	5	198	6	0	1.25	2.25	3.25	1	1300	7	2	1	1	0	0	0	-9999	-9999	-9999	-9999	-9999
cost	0	0	0	1	0	7	0	0	0	0	0	8	5	-6	-9	7	0	0	0	0	1	0	0	1	0	0	0	0	0	2	7	0	0	7	7	0	0	2	5	198	6	0	1.25	2.25	3.25	0	0	7	2	0	0	0	0	1	7	7	44	45	0
cost	0	0	0	1	0	7	0	0	0	0	0	8	5	-6	-9	857	0	0	0	0	1	0	0	1	0	0	0	0	0	2	7	0	0	857	857	0	0	2	5	198	6	0	1.25	2.25	3.25	0	0	7	2	0	0	0	0	1	857	857	44	45	0
cost	0	0	0	1	0	7	0	0	0	0	0	8	5	-6	-9	999	0	0	0	0	1	0	0	1	0	0	0	0	0	4	7	0	0	999	999	0	0	2	5	198	6	0	1.25	2.25	3.25	1	999	7	2	1	1	0	0	0	-9999	-9999	-9999	-9999	-9999
cost	0	0	0	1	0	7	0	0	0	0	0	8	5	-6	-9	-999	0	0	0	0	1	0	0	1	0	0	0	0	0	4	7	0	0	-999	-999	0	0	2	5	198	6	0	1.25	2.25	3.25	1	-999	7	2	1	1	0	0	0	-9999	-9999	-9999	-9999	-9999
cost	0	0	0	1	0	7	0	0	0	0	0	8	5	-6	-9	1101	0	0	0	0	1	0	0	1	0	0	0	0	0	4	7	0	0	1101	1101	0	0	2	5	198	6	0	1.25	2.25	3.25	1	1101	7	2	1	0	1	0	1	0	1101	0	45	-1
cost	0	0	0	1	0	7	0	0	0	0	0	8	5	-6	-9	1300	0	0	0	0	1	0	0	1	0	0	0	0	0	4	7	0	0	1300	1300	0	0	2	5	198	6	0	1.25	2.25	3.25	1	1300	7	2	1	1	0	0	0	-9999	-9999	-9999	-9999	-9999
cost	0	0	0	1	0	7	0	0	0	0	0	9	5	-6	-9	7	0	0	0	0	1	0	0	1	0	0	0	0	0	2	7	0	0	7	7	0	0	3	5	198	6	0	1.25	2.25	3.25	0	0	7	2	0	0	0	0	1	7	7	44	45	0
cost	0	0	0	1	0	7	0	0	0	0	0	9	5	-6	-9	857	0	0	0	0	1	0	0	1	0	0	0	0	0	2	7	0	0	857	857	0	0	3	5	198	6	0	1.25	2.25	3.25	0	0	7	2	0	0	0	0	1	857	857	44	45	0
cost	0	0	0	1	0	7	0	0	0	0	0	9	5	-6	-9	999	0	0	0	0	1	0	0	1	0	0	0	0	0	4	7	0	0	999	999	0	0	3	5	198	6	0	1.25	2.25	3.25	1	999	7	2	1	1	0	0	0	-9999	-9999	-9999	-9999	-9999
cost	0	0	0	1	0	7	0	0	0	0	0	9	5	-6	-9	-999	0	0	0	0	1	0	0	1	0	0	0	0	0	4	7	0	0	-999	-999	0	0	3	5	198	6	0	1.25	2.25	3.25	1	-999	7	2	1	1	0	0	0	-9999	-9999	-9999	-9999	-9999
cost	0	0	0	1	0	7	0	0	0	0	0	9	5	-6	-9	1101	0	0	0	0	1	0	0	1	0	0	0	0	0	4	7	0	0	1101	1101	0	0	3	5	198	6	0	1.25	2.25	3.25	1	1101	7	2	1	0	1	0	1	0	1101	0	45	-1
cost	0	0	0	1	0	7	0	0	0	0	0	9	5	-6	-9	1300	0	0	0	0	1	0	0	1	0	0	0	0	0	4	7	0	0	1300	1300	0	0	3	5	198	6	0	1.25	2.25	3.25	1	1300	7	2	1	1	0	0	0	-9999	-9999	-9999	-9999	-9999
cost	0	0	0	1	0	7	0	0	0	0	0	10	5	-6	-9	7	0	0	0	0	1	0	0	1	0	0	0	0	0	2	7	0	0	7	7	0	0	4	5	198	6	0	1.25	2.25	3.25	0	0	7	2	0	0	0	0	1	7	7	44	45	0
cost	0	0	0	1	0	7	0	0	0	0	0	10	5	-6	-9	857	0	0	0	0	1	0	0	1	0	0	0	0	0	2	7	0	0	857	857	0	0	4	5	198	6	0	1.25	2.25	3.25	0	0	7	2	0	0	0	0	1	857	857	44	45	0
cost	0	0	0	1	0	7	0	0	0	0	0	10	5	-6	-9	999	0	0	0	0	1	0	0	1	0	0	0	0	0	4	7	0	0	999	999	0	0	4	5	198	6	0	1.25	2.25	3.25	1	999	7	2	1	1	0	0	0	-9999	-9999	-9999	-9999	-9999
cost	0	0	0	1	0	7	0	0	0	0	0	10	5	-6	-9	-999	0	0	0	0	1	0	0	1	0	0	0	0	0	4	7	0	0	-999	-999	0	0	4	5	198	6	0	1.25	2.25	3.25	1	-999	7	2	1	1	0	0	0	-9999	-9999	-9999	-9999	-9999
cost	0	0	0	1	0	7	0	0	0	0	0	10	5	-6	-9	1101	0	0	0	0	1	0	0	1	0	0	0	0	0	4	7	0	0	1101	1101	0	0	4	5	198	6	0	1.25	2.25	3.25	1	1101	7	2	1	0	1	0	1	0	1101	0	45	-1
cost	0	0	0	1	0	7	0	0	0	0	0	10	5	-6	-9	1300	0	0	0	0	1	0	0	1	0	0	0	0	0	4	7	0	0	1300	1300	0	0	4	5	198	6	0	1.25	2.25	3.25	1	1300	7	2	1	1	0	0	0	-9999	-9999	-9999	-9999	-9999
cost	0	0	0	1	0	7	0	0	0	0	0	0	6	-6	-9	7	0	0	0	0	1	0	0	1	0	0	0	0	0	2	7	0	0	7	7	0	0	0	6	200	0	0	1.25	2.25	3.25	0	0	7	2	0	0	0	0	1	7	7	44	45	0
cost	0	0	0	1	0	7	0	0	0	0	0	0	6	-6	-9	857	0	0	0	0	1	0	0	1	0	0	0	0	0	2	7	0	0	857	857	0	0	0	6	200	0	0	1.25	2.25	3.25	0	0	7	2	0	0	0	0	1	857	857	44	45	0
cost	0	0	0	1	0	7	0	0	0	0	0	0	6	-6	-9	999	0	0	0	0	1	0	0	1	0	0	0	0	0	4	7	0	0	999	999	0	0	0	6	200	0	0	1.25	2.25	3.25	1	999	7	2	1	1	0	0	0	-9999	-9999	-9999	-9999	-9999
cost	0	0	0	1	0	7	0	0	0	0	0	0	6	-6	-9	-999	0	0	0	0	1	0	0	1	0	0	0	0	0	4	7	0	0	-999	-999	0	0	0	6	200	0	0	1.25	2.25	3.25	1	-999	7	2	1	1	0	0	0	-9999	-9999	-9999	-9999	-9999
cost	0	0	0	1	0	7	0	0	0	0	0	0	6	-6	-9	1101	0	0	0	0	1	0	0	1	0	0	0	0	0	4	7	0	0	1101	1101	0	0	0	6	200	0	0	1.25	2.25	3.25	1	1101	7	2	1	0	1	0	1	0	1101	0	45	-1
cost	0	0	0	1	0	7	0	0	0	0	0	0	6	-6	-9	1300	0	0	0	0	1	0	0	1	0	0	0	0	0	4	7	0	0	1300	1300	0	0	0	6	200	0	0	1.25	2.25	3.25	1	1300	7	2	1	1	0	0	0	-9999	-9999	-9999	-9999	-9999
cost	0	0	0	1	0	7	0	0	0	0	0	5	6	-6	-9	7	0	0	0	0	1	0	0	1	0	0	0	0	0	2	7	0	0	7	7	0	0	5	6	200	0	0	1.25	2.25	3.25	0	0	7	2	0	0	0	0	1	7	7	44	45	0
cost	0	0	0	1	0	7	0	0	0	0	0	5	6	-6	-9	857	0	0	0	0	1	0	0	1	0	0	0	0	0	2	7	0	0	857	857	0	0	5	6	200	0	0	1.25	2.25	3.25	0	0	7	2	0	0	0	0	1	857	857	44	45	0
cost	0	0	0	1	0	7	0	0	0	0	0	5	6	-6	-9	999	0	0	0	0	1	0	0	1	0	0	0	0	0	4	7	0	0	999	999	0	0	5	6	200	0	0	1.25	2.25	3.25	1	999	7	2	1	1	0	0	0	-9999	-9999	-9999	-9999	-9999
cost	0	0	0	1	0	7	0	0	0	0	0	5	6	-6	-9	-999	0	0	0	0	1	0	0	1	0	0	0	0	0	4	7	0	0	-999	-999	0	0	5	6	200	0	0	1.25	2.25	3.25	1	-999	7	2	1	1	0	0	0	-9999	-9999	-9999	-9999	-9999
cost	0	0	0	1	0	7	0	0	0	0	0	5	6	-6	-9	1101	0	0	0	0	1	0	0	1	0	0	0	0	0	4	7	0	0	1101	1101	0	0	5	6	200	0	0	1.25	2.25	3.25	1	1101	7	2	1	0	1	0	1	0	1101	0	45	-1
cost	0	0	0	1	0	7	0	0	0	0	0	5	6	-6	-9	1300	0	0	0	0	1	0	0	1	0	0	0	0	0	4	7	0	0	1300	1300	0	0	5	6	200	0	0	1.25	2.25	3.25	1	1300	7	2	1	1	0	0	0	-9999	-9999	-9999	-9999	-9999
cost	0	0	0	1	0	7	0	0	0	0	0	6	6	-6	-9	7	0	0	0	0	1	0	0	1	0	0	0	0	0	2	7	0	0	7	7	0	0	0	6	198	6	0	1.25	2.25	3.25	0	0	7	2	0	0	0	0	1	7	7	44	45	0
cost	0	0	0	1	0	7	0	0	0	0	0	6	6	-6	-9	857	0	0	0	0	1	0	0	1	0	0	0	0	0	2	7	0	0	857	857	0	0	0	6	198	6	0	1.25	2.25	3.25	0	0	7	2	0	0	0	0	1	857	857	44	45	0
cost	0	0	0	1	0	7	0	0	0	0	0	6	6	-6	-9	999	0	0	0	0	1	0	0	1	0	0	0	0	0	4	7	0	0	999	999	0	0	0	6	198	6	0	1.25	2.25	3.25	1	999	7	2	1	1	0	0	0	-9999	-9999	-9999	-9999	-9999
cost	0	0	0	1	0	7	0	0	0	0	0	6	6	-6	-9	-999	0	0	0	0	1	0	0	1	0	0	0	0	0	4	7	0	0	-999	-999	0	0	0	6	198	6	0	1.25	2.25	3.25	1	-999	7	2	1	1	0	0	0	-9999	-9999	-9999	-9999	-9999
cost	0	0	0	1	0	7	0	0	0	0	0	6	6	-6	-9	1101	0	0	0	0	1	0	0	1	0	0	0	0	0	4	7	0	0	1101	1101	0	0	0	6	198	6	0	1.25	2.25	3.25	1	1101	7	2	1	0	1	0	1	0	1101	0	45	-1
cost	0	0	0	1	0	7	0	0	0	0	0	6	6	-6	-9	1300	0	0	0	0	1	0	0	1	0	0	0	0	0	4	7	0	0	1300	1300	0	0	0	6	198	6	0	1.25	2.25	3.25	1	1300	7	2	1	1	0	0	0	-9999	-9999	-9999	-9999	-9999
cost	0	0	0	1	0	7	0	0	0	0	0	8	6	-6	-9	7	0	0	0	0	1	0	0	1	0	0	0	0	0	2	7	0	0	7	7	0	0	2	6	198	6	0	1.25	2.25	3.25	0	0	7	2	0	0	0	0	1	7	7	44	45	0
cost	0	0	0	1	0	7	0	0	0	0	0	8	6	-6	-9	857	0	0	0	0	1	0	0	1	0	0	0	0	0	2	7	0	0	857	857	0	0	2	6	198	6	0	1.25	2.25	3.25	0	0	7	2	0	0	0	0	1	857	857	44	45	0
cost	0	0	0	1	0	7	0	0	0	0	0	8	6	-6	-9	999	0	0	0	0	1	0	0	1	0	0	0	0	0	4	7	0	0	999	999	0	0	2	6	198	6	0	1.25	2.25	3.25	1	999	7	2	1	1	0	0	0	-9999	-9999	-9999	-9999	-9999
cost	0	0	0	1	0	7	0	0	0	0	0	8	6	-6	-9	-999	0	0	0	0	1	0	0	1	0	0	0	0	0	4	7	0	0	-999	-999	0	0	2	6	198	6	0	1.25	2.25	3.25	1	-999	7	2	1	1	0	0	0	-9999	-9999	-9999	-9999	-9999
cost	0	0	0	1	0	7	0	0	0	0	0	8	6	-6	-9	1101	0	0	0	0	1	0	0	1	0	0	0	0	0	4	7	0	0	1101	1101	0	0	2	6	198	6	0	1.25	2.25	3.25	1	1101	7	2	1	0	1	0	1	0	1101	0	45	-1
cost	0	0	0	1	0	7	0	0	0	0	0	8	6	-6	-9	1300	0	0	0	0	1	0	0	1	0	0	0	0	0	4	7	0	0	1300	1300	0	0	2	6	198	6	0	1.25	2.25	3.25	1	1300	7	2	1	1	0	0	0	-9999	-9999	-9999	-9999	-9999
cost	0	0	0	1	0	7	0	0	0	0	0	9	6	-6	-9	7	0	0	0	0	1	0	0	1	0	0	0	0	0	2	7	0	0	7	7	0	0	3	6	198	6	0	1.25	2.25	3.25	0	0	7	2	0	0	0	0	1	7	7	44	45	0
cost	0	0	0	1	0	7	0	0	0	0	0	9	6	-6	-9	857	0	0	0	0	1	0	0	1	0	0	0	0	0	2	7	0	0	857	857	0	0	3	6	198	6	0	1.25	2.25	3.25	0	0	7	2	0	0	0	0	1	857	857	44	45	0
cost	0	0	0	1	0	7	0	0	0	0	0	9	6	-6	-9	999	0	0	0	0	1	0	0	1	0	0	0	0	0	4	7	0	0	999	999	0	0	3	6	198	6	0	1.25	2.25	3.25	1	999	7	2	1	1	0	0	0	-9999	-9999	-9999	-9999	-9999
cost	0	0	0	1	0	7	0	0	0	0	0	9	6	-6	-9	-999	0	0	0	0	1	0	0	1	0	0	0	0	0	4	7	0	0	-999	-999	0	0	3	6	198	6	0	1.25	2.25	3.25	1	-999	7	2	1	1	0	0	0	-9999	-9999	-9999	-9999	-9999
cost	0	0	0	1	0	7	0	0	0	0	0	9	6	-6	-9	1101	0	0	0	0	1	0	0	1	0	0	0	0	0	4	7	0	0	1101	1101	0	0	3	6	198	6	0	1.25	2.25	3.25	1	1101	7	2	1	0	1	0	1	0	1101	0	45	-1
cost	0	0	0	1	0	7	0	0	0	0	0	9	6	-6	-9	1300	0	0	0	0	1	0	0	1	0	0	0	0	0	4	7	0	0	1300	1300	0	0	3	6	198	6	0	1.25	2.25	3.25	1	1300	7	2	1	1	0	0	0	-9999	-9999	-9999	-9999	-9999
cost	0	0	0	1	0	7	0	0	0	0	0	10	6	-6	-9	7	0	0	0	0	1	0	0	1	0	0	0	0	0	2	7	0	0	7	7	0	0	4	6	198	6	0	1.25	2.25	3.25	0	0	7	2	0	0	0	0	1	7	7	44	45	0
cost	0	0	0	1	0	7	0	0	0	0	0	10	6	-6	-9	857	0	0	0	0	1	0	0	1	0	0	0	0	0	2	7	0	0	857	857	0	0	4	6	198	6	0	1.25	2.25	3.25	0	0	7	2	0	0	0	0	1	857	857	44	45	0
cost	0	0	0	1	0	7	0	0	0	0	0	10	6	-6	-9	999	0	0	0	0	1	0	0	1	0	0	0	0	0	4	7	0	0	999	999	0	0	4	6	198	6	0	1.25	2.25	3.25	1	999	7	2	1	1	0	0	0	-9999	-9999	-9999	-9999	-9999
cost	0	0	0	1	0	7	0	0	0	0	0	10	6	-6	-9	-999	0	0	0	0	1	0	0	1	0	0	0	0	0	4	7	0	0	-999	-999	0	0	4	6	198	6	0	1.25	2.25	3.25	1	-999	7	2	1	1	0	0	0	-9999	-9999	-9999	-9999	-9999
cost	0	0	0	1	0	7	0	0	0	0	0	10	6	-6	-9	1101	0	0	0	0	1	0	0	1	0	0	0	0	0	4	7	0	0	1101	1101	0	0	4	6	198	6	0	1.25	2.25	3.25	1	1101	7	2	1	0	1	0	1	0	1101	0	45	-1
cost	0	0	0	1	0	7	0	0	0	0	0	10	6	-6	-9	1300	0	0	0	0	1	0	0	1	0	0	0	0	0	4	7	0	0	1300	1300	0	0	4	6	198	6	0	1.25	2.25	3.25	1	1300	7	2	1	1	0	0	0	-9999	-9999	-9999	-9999	-9999
cost	0	0	0	1	0	7	0	0	0	0	0	0	8	-6	-9	7	0	0	0	0	1	0	0	1	0	0	0	0	0	2	7	0	0	7	7	0	0	0	8	200	0	0	1.25	2.25	3.25	0	0	7	2	0	0	0	0	1	7	7	44	45	0
cost	0	0	0	1	0	7	0	0	0	0	0	0	8	-6	-9	857	0	0	0	0	1	0	0	1	0	0	0	0	0	2	7	0	0	857	857	0	0	0	8	200	0	0	1.25	2.25	3.25	0	0	7	2	0	0	0	0	1	857	857	44	45	0
cost	0	0	0	1	0	7	0	0	0	0	0	0	8	-6	-9	999	0	0	0	0	1	0	0	1	0	0	0	0	0	4	7	0	0	999	999	0	0	0	8	200	0	0	1.25	2.25	3.25	1	999	7	2	1	1	0	0	0	-9999	-9999	-9999	-9999	-9999
cost	0	0	0	1	0	7	0	0	0	0	0	0	8	-6	-9	-999	0	0	0	0	1	0	0	1	0	0	0	0	0	4	7	0	0	-999	-999	0	0	0	8	200	0	0	1.25	2.25	3.25	1	-999	7	2	1	1	0	0	0	-9999	-9999	-9999	-9999	-9999
cost	0	0	0	1	0	7	0	0	0	0	0	0	8	-6	-9	1101	0	0	0	0	1	0	0	1	0	0	0	0	0	4	7	0	0	1101	1101	0	0	0	8	200	0	0	1.25	2.25	3.25	1	1101	7	2	1	0	1	0	1	0	1101	0	45	-1
cost	0	0	0	1	0	7	0	0	0	0	0	0	8	-6	-9	1300	0	0	0	0	1	0	0	1	0	0	0	0	0	4	7	0	0	1300	1300	0	0	0	8	200	0	0	1.25	2.25	3.25	1	1300	7	2	1	1	0	0	0	-9999	-9999	-9999	-9999	-9999
cost	0	0	0	1	0	7	0	0	0	0	0	5	8	-6	-9	7	0	0	0	0	1	0	0	1	0	0	0	0	0	2	7	0	0	7	7	0	0	5	8	200	0	0	1.25	2.25	3.25	0	0	7	2	0	0	0	0	1	7	7	44	45	0
cost	0	0	0	1	0	7	0	0	0	0	0	5	8	-6	-9	857	0	0	0	0	1	0	0	1	0	0	0	0	0	2	7	0	0	857	857	0	0	5	8	200	0	0	1.25	2.25	3.25	0	0	7	2	0	0	0	0	1	857	857	44	45	0
cost	0	0	0	1	0	7	0	0	0	0	0	5	8	-6	-9	999	0	0	0	0	1	0	0	1	0	0	0	0	0	4	7	0	0	999	999	0	0	5	8	200	0	0	1.25	2.25	3.25	1	999	7	2	1	1	0	0	0	-9999	-9999	-9999	-9999	-9999
cost	0	0	0	1	0	7	0	0	0	0	0	5	8	-6	-9	-999	0	0	0	0	1	0	0	1	0	0	0	0	0	4	7	0	0	-999	-999	0	0	5	8	200	0	0	1.25	2.25	3.25	1	-999	7	2	1	1	0	0	0	-9999	-9999	-9999	-9999	-9999
cost	0	0	0	1	0	7	0	0	0	0	0	5	8	-6	-9	1101	0	0	0	0	1	0	0	1	0	0	0	0	0	4	7	0	0	1101	1101	0	0	5	8	200	0	0	1.25	2.25	3.25	1	1101	7	2	1	0	1	0	1	0	1101	0	45	-1
cost	0	0	0	1	0	7	0	0	0	0	0	5	8	-6	-9	1300	0	0	0	0	1	0	0	1	0	0	0	0	0	4	7	0	0	1300	1300	0	0	5	8	200	0	0	1.25	2.25	3.25	1	1300	7	2	1	1	0	0	0	-9999	-9999	-9999	-9999	-9999
cost	0	0	0	1	0	7	0	0	0	0	0	6	8	-6	-9	7	0	0	0	0	1	0	0	1	0	0	0	0	0	2	7	0	0	7	7	0	0	0	8	198	6	0	1.25	2.25	3.25	0	0	7	2	0	0	0	0	1	7	7	44	45	0
cost	0	0	0	1	0	7	0	0	0	0	0	6	8	-6	-9	857	0	0	0	0	1	0	0	1	0	0	0	0	0	2	7	0	0	857	857	0	0	0	8	198	6	0	1.25	2.25	3.25	0	0	7	2	0	0	0	0	1	857	857	44	45	0
cost	0	0	0	1	0	7	0	0	0	0	0	6	8	-6	-9	999	0	0	0	0	1	0	0	1	0	0	0	0	0	4	7	0	0	999	999	0	0	0	8	198	6	0	1.25	2.25	3.25	1	999	7	2	1	1	0	0	0	-9999	-9999	-9999	-9999	-9999
cost	0	0	0	1	0	7	0	0	0	0	0	6	8	-6	-9	-999	0	0	0	0	1	0	0	1	0	0	0	0	0	4	7	0	0	-999	-999	0	0	0	8	198	6	0	1.25	2.25	3.25	1	-999	7	2	1	1	0	0	0	-9999	-9999	-9999	-9999	-9999
cost	0	0	0	1	0	7	0	0	0	0	0	6	8	-6	-9	1101	0	0	0	0	1	0	0	1	0	0	0	0	0	4	7	0	0	1101	1101	0	0	0	8	198	6	0	1.25	2.25	3.25	1	1101	7	2	1	0	1	0	1	0	1101	0	45	-1
cost	0	0	0	1	0	7	0	0	0	0	0	6	8	-6	-9	1300	0	0	0	0	1	0	0	1	0	0	0	0	0	4	7	0	0	1300	1300	0	0	0	8	198	6	0	1.25	2.25	3.25	1	1300	7	2	1	1	0	0	0	-9999	-9999	-9999	-9999	-9999
cost	0	0	0	1	0	7	0	0	0	0	0	8	8	-6	-9	7	0	0	0	0	1	0	0	1	0	0	0	0	0	2	7	0	0	7	7	0	0	2	8	198	6	0	1.25	2.25	3.25	0	0	7	2	0	0	0	0	1	7	7	44	45	0
cost	0	0	0	1	0	7	0	0	0	0	0	8	8	-6	-9	857	0	0	0	0	1	0	0	1	0	0	0	0	0	2	7	0	0	857	857	0	0	2	8	198	6	0	1.25	2.25	3.25	0	0	7	2	0	0	0	0	1	857	857	44	45	0
cost	0	0	0	1	0	7	0	0	0	0	0	8	8	-6	-9	999	0	0	0	0	1	0	0	1	0	0	0	0	0	4	7	0	0	999	999	0	0	2	8	198	6	0	1.25	2.25	3.25	1	999	7	2	1	1	0	0	0	-9999	-9999	-9999	-9999	-9999
cost	0	0	0	1	0	7	0	0	0	0	0	8	8	-6	-9	-999	0	0	0	0	1	0	0	1	0	0	0	0	0	4	7	0	0	-999	-999	0	0	2	8	198	6	0	1.25	2.25	3.25	1	-999	7	2	1	1	0	0	0	-9999	-9999	-9999	-9999	-9999
cost	0	0	0	1	0	7	0	0	0	0	0	8	8	-6	-9	1101	0	0	0	0	1	0	0	1	0	0	0	0	0	4	7	0	0	1101	1101	0	0	2	8	198	6	0	1.25	2.25	3.25	1	1101	7	2	1	0	1	0	1	0	1101	0	45	-1
cost	0	0	0	1	0	7	0	0	0	0	0	8	8	-6	-9	1300	0	0	0	0	1	0	0	1	0	0	0	0	0	4	7	0	0	1300	1300	0	0	2	8	198	6	0	1.25	2.25	3.25	1	1300	7	2	1	1	0	0	0	-9999	-9999	-9999	-9999	-9999
cost	0	0	0	1	0	7	0	0	0	0	0	9	8	-6	-9	7	0	0	0	0	1	0	0	1	0	0	0	0	0	2	7	0	0	7	7	0	0	3	8	198	6	0	1.25	2.25	3.25	0	0	7	2	0	0	0	0	1	7	7	44	45	0
cost	0	0	0	1	0	7	0	0	0	0	0	9	8	-6	-9	857	0	0	0	0	1	0	0	1	0	0	0	0	0	2	7	0	0	857	857	0	0	3	8	198	6	0	1.25	2.25	3.25	0	0	7	2	0	0	0	0	1	857	857	44	45	0
cost	0	0	0	1	0	7	0	0	0	0	0	9	8	-6	-9	999	0	0	0	0	1	0	0	1	0	0	0	0	0	4	7	0	0	999	999	0	0	3	8	198	6	0	1.25	2.25	3.25	1	999	7	2	1	1	0	0	0	-9999	-9999	-9999	-9999	-9999
cost	0	0	0	1	0	7	0	0	0	0	0	9	8	-6	-9	-999	0	0	0	0	1	0	0	1	0	0	0	0	0	4	7	0	0	-999	-999	0	0	3	8	198	6	0	1.25	2.25	3.25	1	-999	7	2	1	1	0	0	0	-9999	-9999	-9999	-9999	-9999
cost	0	0	0	1	0	7	0	0	0	0	0	9	8	-6	-9	1101	0	0	0	0	1	0	0	1	0	0	0	0	0	4	7	0	0	1101	1101	0	0	3	8	198	6	0	1.25	2.25	3.25	1	1101	7	2	1	0	1	0	1	0	1101	0	45	-1
cost	0	0	0	1	0	7	0	0	0	0	0	9	8	-6	-9	1300	0	0	0	0	1	0	0	1	0	0	0	0	0	4	7	0	0	1300	1300	0	0	3	8	198	6	0	1.25	2.25	3.25	1	1300	7	2	1	1	0	0	0	-9999	-9999	-9999	-9999	-9999
cost	0	0	0	1	0	7	0	0	0	0	0	10	8	-6	-9	7	0	0	0	0	1	0	0	1	0	0	0	0	0	2	7	0	0	7	7	0	0	4	8	198	6	0	1.25	2.25	3.25	0	0	7	2	0	0	0	0	1	7	7	44	45	0
cost	0	0	0	1	0	7	0	0	0	0	0	10	8	-6	-9	857	0	0	0	0	1	0	0	1	0	0	0	0	0	2	7	0	0	857	857	0	0	4	8	198	6	0	1.25	2.25	3.25	0	0	7	2	0	0	0	0	1	857	857	44	45	0
cost	0	0	0	1	0	7	0	0	0	0	0	10	8	-6	-9	999	0	0	0	0	1	0	0	1	0	0	0	0	0	4	7	0	0	999	999	0	0	4	8	198	6	0	1.25	2.25	3.25	1	999	7	2	1	1	0	0	0	-9999	-9999	-9999	-9999	-9999
cost	0	0	0	1	0	7	0	0	0	0	0	10	8	-6	-9	-999	0	0	0	0	1	0	0	1	0	0	0	0	0	4	7	0	0	-999	-999	0	0	4	8	198	6	0	1.25	2.25	3.25	1	-999	7	2	1	1	0	0	0	-9999	-9999	-9999	-9999	-9999
cost	0	0	0	1	0	7	0	0	0	0	0	10	8	-6	-9	1101	0	0	0	0	1	0	0	1	0	0	0	0	0	4	7	0	0	1101	1101	0	0	4	8	198	6	0	1.25	2.25	3.25	1	1101	7	2	1	0	1	0	1	0	1101	0	45	-1
cost	0	0	0	1	0	7	0	0	0	0	0	10	8	-6	-9	1300	0	0	0	0	1	0	0	1	0	0	0	0	0	4	7	0	0	1300	1300	0	0	4	8	198	6	0	1.25	2.25	3.25	1	1300	7	2	1	1	0	0	0	-9999	-9999	-9999	-9999	-9999
cost	0	0	0	1	0	7	0	0	0	0	0	0	9	-6	-9	7	0	0	0	0	1	0	0	1	0	0	0	0	0	2	7	0	0	7	7	0	0	0	0	200	0	9	1.25	2.25	3.25	0	0	7	2	0	0	0	0	1	7	7	44	45	0
cost	0	0	0	1	0	7	0	0	0	0	0	0	9	-6	-9	857	0	0	0	0	1	0	0	1	0	0	0	0	0	2	7	0	0	857	857	0	0	0	0	200	0	9	1.25	2.25	3.25	0	0	7	2	0	0	0	0	1	857	857	44	45	0
cost	0	0	0	1	0	7	0	0	0	0	0	0	9	-6	-9	999	0	0	0	0	1	0	0	1	0	0	0	0	0	4	7	0	0	999	999	0	0	0	0	200	0	9	1.25	2.25	3.25	1	999	7	2	1	1	0	0	0	-9999	-9999	-9999	-9999	-9999
cost	0	0	0	1	0	7	0	0	0	0	0	0	9	-6	-9	-999	0	0	0	0	1	0	0	1	0	0	0	0	0	4	7	0	0	-999	-999	0	0	0	0	200	0	9	1.25	2.25	3.25	1	-999	7	2	1	1	0	0	0	-9999	-9999	-9999	-9999	-9999
cost	0	0	0	1	0	7	0	0	0	0	0	0	9	-6	-9	1101	0	0	0	0	1	0	0	1	0	0	0	0	0	4	7	0	0	1101	1101	0	0	0	0	200	0	9	1.25	2.25	3.25	1	1101	7	2	1	0	1	0	1	0	1101	0	45	-1
cost	0	0	0	1	0	7	0	0	0	0	0	0	9	-6	-9	1300	0	0	0	0	1	0	0	1	0	0	0	0	0	4	7	0	0	1300	1300	0	0	0	0	200	0	9	1.25	2.25	3.25	1	1300	7	2	1	1	0	0	0	-9999	-9999	-9999	-9999	-9999
cost	0	0	0	1	0	7	0	0	0	0	0	5	9	-6	-9	7	0	0	0	0	1	0	0	1	0	0	0	0	0	2	7	0	0	7	7	0	0	5	0	200	0	9	1.25	2.25	3.25	0	0	7	2	0	0	0	0	1	7	7	44	45	0
cost	0	0	0	1	0	7	0	0	0	0	0	5	9	-6	-9	857	0	0	0	0	1	0	0	1	0	0	0	0	0	2	7	0	0	857	857	0	0	5	0	200	0	9	1.25	2.25	3.25	0	0	7	2	0	0	0	0	1	857	857	44	45	0
cost	0	0	0	1	0	7	0	0	0	0	0	5	9	-6	-9	999	0	0	0	0	1	0	0	1	0	0	0	0	0	4	7	0	0	999	999	0	0	5	0	200	0	9	1.25	2.25	3.25	1	999	7	2	1	1	0	0	0	-9999	-9999	-9999	-9999	-9999
cost	0	0	0	1	0	7	0	0	0	0	0	5	9	-6	-9	-999	0	0	0	0	1	0	0	1	0	0	0	0	0	4	7	0	0	-999	-999	0	0	5	0	200	0	9	1.25	2.25	3.25	1	-999	7	2	1	1	0	0	0	-9999	-9999	-9999	-9999	-9999
cost	0	0	0	1	0	7	0	0	0	0	0	5	9	-6	-9	1101	0	0	0	0	1	0	0	1	0	0	0	0	0	4	7	0	0	1101	1101	0	0	5	0	200	0	9	1.25	2.25	3.25	1	1101	7	2	1	0	1	0	1	0	1101	0	45	-1
cost	0	0	0	1	0	7	0	0	0	0	0	5	9	-6	-9	1300	0	0	0	0	1	0	0	1	0	0	0	0	0	4	7	0	0	1300	1300	0	0	5	0	200	0	9	1.25	2.25	3.25	1	1300	7	2	1	1	0	0	0	-9999	-9999	-9999	-9999	-9999
cost	0	0	0	1	0	7	0	0	0	0	0	6	9	-6	-9	7	0	0	0	0	1	0	0	1	0	0	0	0	0	2	7	0	0	7	7	0	0	0	0	198	6	9	1.25	2.25	3.25	0	0	7	2	0	0	0	0	1	7	7	44	45	0
cost	0	0	0	1	0	7	0	0	0	0	0	6	9	-6	-9	857	0	0	0	0	1	0	0	1	0	0	0	0	0	2	7	0	0	7	7	0	0	0	0	198	6	9	1.25	2.25	3.25	0	0	7	2	0	0	0	0	1	7	7	44	45	0
cost	0	0	0	1	0	7	0	0	0	0	0	6	9	-6	-9	999	0	0	0	0	1	0	0	1	0	0	0	0	0	2	7	0	0	7	7	0	0	0	0	198	6	9	1.25	2.25	3.25	0	0	7	2	0	0	0	0	1	7	7	44	45	0
cost	0	0	0	1	0	7	0	0	0	0	0	6	9	-6	-9	-999	0	0	0	0	1	0	0	1	0	0	0	0	0	2	7	0	0	7	7	0	0	0	0	198	6	9	1.25	2.25	3.25	0	0	7	2	0	0	0	0	1	7	7	44	45	0
cost	0	0	0	1	0	7	0	0	0	0	0	6	9	-6	-9	1101	0	0	0	0	1	0	0	1	0	0	0	0	0	2	7	0	0	7	7	0	0	0	0	198	6	9	1.25	2.25	3.25	0	0	7	2	0	0	0	0	1	7	7	44	45	0
cost	0	0	0	1	0	7	0	0	0	0	0	6	9	-6	-9	1300	0	0	0	0	1	0	0	1	0	0	0	0	0	2	7	0	0	7	7	0	0	0	0	198	6	9	1.25	2.25	3.25	0	0	7	2	0	0	0	0	1	7	7	44	45	0
cost	0	0	0	1	0	7	0	0	0	0	0	8	9	-6	-9	7	0	0	0	0	1	0	0	1	0	0	0	0	0	2	7	0	0	7	7	0	0	2	0	198	6	9	1.25	2.25	3.25	0	0	7	2	0	0	0	0	1	7	7	44	45	0
cost	0	0	0	1	0	7	0	0	0	0	0	8	9	-6	-9	857	0	0	0	0	1	0	0	1	0	0	0	0	0	2	7	0	0	7	7	0	0	2	0	198	6	9	1.25	2.25	3.25	0	0	7	2	0	0	0	0	1	7	7	44	45	0
cost	0	0	0	1	0	7	0	0	0	0	0	8	9	-6	-9	999	0	0	0	0	1	0	0	1	0	0	0	0	0	2	7	0	0	7	7	0	0	2	0	198	6	9	1.25	2.25	3.25	0	0	7	2	0	0	0	0	1	7	7	44	45	0
cost	0	0	0	1	0	7	0	0	0	0	0	8	9	-6	-9	-999	0	0	0	0	1	0	0	1	0	0	0	0	0	2	7	0	0	7	7	0	0	2	0	198	6	9	1.25	2.25	3.25	0	0	7	2	0	0	0	0	1	7	7	44	45	0
cost	0	0	0	1	0	7	0	0	0	0	0	8	9	-6	-9	1101	0	0	0	0	1	0	0	1	0	0	0	0	0	2	7	0	0	7	7	0	0	2	0	198	6	9	1.25	2.25	3.25	0	0	7	2	0	0	0	0	1	7	7	44	45	0
cost	0	0	0	1	0	7	0	0	0	0	0	8	9	-6	-9	1300	0	0	0	0	1	0	0	1	0	0	0	0	0	2	7	0	0	7	7	0	0	2	0	198	6	9	1.25	2.25	3.25	0	0	7	2	0	0	0	0	1	7	7	44	45	0
cost	0	0	0	1	0	7	0	0	0	0	0	9	9	-6	-9	7	0	0	0	0	1	0	0	1	0	0	0	0	0	2	7	0	0	7	7	0	0	3	0	198	6	9	1.25	2.25	3.25	0	0	7	2	0	0	0	0	1	7	7	44	45	0
cost	0	0	0	1	0	7	0	0	0	0	0	9	9	-6	-9	857	0	0	0	0	1	0	0	1	0	0	0	0	0	2	7	0	0	7	7	0	0	3	0	198	6	9	1.25	2.25	3.25	0	0	7	2	0	0	0	0	1	7	7	44	45	0
cost	0	0	0	1	0	7	0	0	0	0	0	9	9	-6	-9	999	0	0	0	0	1	0	0	1	0	0	0	0	0	2	7	0	0	7	7	0	0	3	0	198	6	9	1.25	2.25	3.25	0	0	7	2	0	0	0	0	1	7	7	44	45	0
cost	0	0	0	1	0	7	0	0	0	0	0	9	9	-6	-9	-999	0	0	0	0	1	0	0	1	0	0	0	0	0	2	7	0	0	7	7	0	0	3	0	198	6	9	1.25	2.25	3.25	0	0	7	2	0	0	0	0	1	7	7	44	45	0
cost	0	0	0	1	0	7	0	0	0	0	0	9	9	-6	-9	1101	0	0	0	0	1	0	0	1	0	0	0	0	0	2	7	0	0	7	7	0	0	3	0	198	6	9	1.25	2.25	3.25	0	0	7	2	0	0	0	0	1	7	7	44	45	0
cost	0	0	0	1	0	7	0	0	0	0	0	9	9	-6	-9	1300	0	0	0	0	1	0	0	1	0	0	0	0	0	2	7	0	0	7	7	0	0	3	0	198	6	9	1.25	2.25	3.25	0	0	7	2	0	0	0	0	1	7	7	44	45	0
cost	0	0	0	1	0	7	0	0	0	0	0	10	9	-6	-9	7	0	0	0	0	1	0	0	1	0	0	0	0	0	2	7	0	0	7	7	0	0	4	0	198	6	9	1.25	2.25	3.25	0	0	7	2	0	0	0	0	1	7	7	44	45	0
cost	0	0	0	1	0	7	0	0	0	0	0	10	9	-6	-9	857	0	0	0	0	1	0	0	1	0	0	0	0	0	2	7	0	0	7	7	0	0	4	0	198	6	9	1.25	2.25	3.25	0	0	7	2	0	0	0	0	1	7	7	44	45	0
cost	0	0	0	1	0	7	0	0	0	0	0	10	9	-6	-9	999	0	0	0	0	1	0	0	1	0	0	0	0	0	2	7	0	0	7	7	0	0	4	0	198	6	9	1.25	2.25	3.25	0	0	7	2	0	0	0	0	1	7	7	44	45	0
cost	0	0	0	1	0	7	0	0	0	0	0	10	9	-6	-9	-999	0	0	0	0	1	0	0	1	0	0	0	0	0	2	7	0	0	7	7	0	0	4	0	198	6	9	1.25	2.25	3.25	0	0	7	2	0	0	0	0	1	7	7	44	45	0
cost	0	0	0	1	0	7	0	0	0	0	0	10	9	-6	-9	1101	0	0	0	0	1	0	0	1	0	0	0	0	0	2	7	0	0	7	7	0	0	4	0	198	6	9	1.25	2.25	3.25	0	0	7	2	0	0	0	0	1	7	7	44	45	0
cost	0	0	0	1	0	7	0	0	0	0	0	10	9	-6	-9	1300	0	0	0	0	1	0	0	1	0	0	0	0	0	2	7	0	0	7	7	0	0	4	0	198	6	9	1.25	2.25	3.25	0	0	7	2	0	0	0	0	1	7	7	44	45	0
cost	0	0	0	1	0	7	0	0	0	0	0	0	10	-6	-9	7	0	0	0	0	1	0	0	1	0	0	0	0	0	2	7	0	0	7	7	0	0	0	1	200	0	9	1.25	2.25	3.25	0	0	7	2	0	0	0	0	1	7	7	44	45	0
cost	0	0	0	1	0	7	0	0	0	0	0	0	10	-6	-9	857	0	0	0	0	1	0	0	1	0	0	0	0	0	2	7	0	0	857	857	0	0	0	1	200	0	9	1.25	2.25	3.25	0	0	7	2	0	0	0	0	1	857	857	44	45	0
cost	0	0	0	1	0	7	0	0	0	0	0	0	10	-6	-9	999	0	0	0	0	1	0	0	1	0	0	0	0	0	4	7	0	0	999	999	0	0	0	1	200	0	9	1.25	2.25	3.25	1	999	7	2	1	1	0	0	0	-9999	-9999	-9999	-9999	-9999
cost	0	0	0	1	0	7	0	0	0	0	0	0	10	-6	-9	-999	0	0	0	0	1	0	0	1	0	0	0	0	0	4	7	0	0	-999	-999	0	0	0	1	200	0	9	1.25	2.25	3.25	1	-999	7	2	1	1	0	0	0	-9999	-9999	-9999	-9999	-9999
cost	0	0	0	1	0	7	0	0	0	0	0	0	10	-6	-9	1101	0	0	0	0	1	0	0	1	0	0	0	0	0	4	7	0	0	1101	1101	0	0	0	1	200	0	9	1.25	2.25	3.25	1	1101	7	2	1	0	1	0	1	0	1101	0	45	-1
cost	0	0	0	1	0	7	0	0	0	0	0	0	10	-6	-9	1300	0	0	0	0	1	0	0	1	0	0	0	0	0	4	7	0	0	1300	1300	0	0	0	1	200	0	9	1.25	2.25	3.25	1	1300	7	2	1	1	0	0	0	-9999	-9999	-9999	-9999	-9999
cost	0	0	0	1	0	7	0	0	0	0	0	5	10	-6	-9	7	0	0	0	0	1	0	0	1	0	0	0	0	0	2	7	0	0	7	7	0	0	5	1	200	0	9	1.25	2.25	3.25	0	0	7	2	0	0	0	0	1	7	7	44	45	0
cost	0	0	0	1	0	7	0	0	0	0	0	5	10	-6	-9	857	0	0	0	0	1	0	0	1	0	0	0	0	0	2	7	0	0	857	857	0	0	5	1	200	0	9	1.25	2.25	3.25	0	0	7	2	0	0	0	0	1	857	857	44	45	0
cost	0	0	0	1	0	7	0	0	0	0	0	5	10	-6	-9	999	0	0	0	0	1	0	0	1	0	0	0	0	0	4	7	0	0	999	999	0	0	5	1	200	0	9	1.25	2.25	3.25	1	999	7	2	1	1	0	0	0	-9999	-9999	-9999	-9999	-9999
cost	0	0	0	1	0	7	0	0	0	0	0	5	10	-6	-9	-999	0	0	0	0	1	0	0	1	0	0	0	0	0	4	7	0	0	-999	-999	0	0	5	1	200	0	9	1.25	2.25	3.25	1	-999	7	2	1	1	0	0	0	-9999	-9999	-9999	-9999	-9999
cost	0	0	0	1	0	7	0	0	0	0	0	5	10	-6	-9	1101	0	0	0	0	1	0	0	1	0	0	0	0	0	4	7	0	0	1101	1101	0	0	5	1	200	0	9	1.25	2.25	3.25	1	1101	7	2	1	0	1	0	1	0	1101	0	45	-1
cost	0	0	0	1	0	7	0	0	0	0	0	5	10	-6	-9	1300	0	0	0	0	1	0	0	1	0	0	0	0	0	4	7	0	0	1300	1300	0	0	5	1	200	0	9	1.25	2.25	3.25	1	1300	7	2	1	1	0	0	0	-9999	-9999	-9999	-9999	-9999
cost	0	0	0	1	0	7	0	0	0	0	0	6	10	-6	-9	7	0	0	0	0	1	0	0	1	0	0	0	0	0	2	7	0	0	7	7	0	0	0	1	198	6	9	1.25	2.25	3.25	0	0	7	2	0	0	0	0	1	7	7	44	45	0
cost	0	0	0	1	0	7	0	0	0	0	0	6	10	-6	-9	857	0	0	0	0	1	0	0	1	0	0	0	0	0	2	7	0	0	7	7	0	0	0	1	198	6	9	1.25	2.25	3.25	0	0	7	2	0	0	0	0	1	7	7	44	45	0
cost	0	0	0	1	0	7	0	0	0	0	0	6	10	-6	-9	999	0	0	0	0	1	0	0	1	0	0	0	0	0	2	7	0	0	7	7	0	0	0	1	198	6	9	1.25	2.25	3.25	0	0	7	2	0	0	0	0	1	7	7	44	45	0
cost	0	0	0	1	0	7	0	0	0	0	0	6	10	-6	-9	-999	0	0	0	0	1	0	0	1	0	0	0	0	0	2	7	0	0	7	7	0	0	0	1	198	6	9	1.25	2.25	3.25	0	0	7	2	0	0	0	0	1	7	7	44	45	0
cost	0	0	0	1	0	7	0	0	0	0	0	6	10	-6	-9	1101	0	0	0	0	1	0	0	1	0	0	0	0	0	2	7	0	0	7	7	0	0	0	1	198	6	9	1.25	2.25	3.25	0	0	7	2	0	0	0	0	1	7	7	44	45	0
cost	0	0	0	1	0	7	0	0	0	0	0	6	10	-6	-9	1300	0	0	0	0	1	0	0	1	0	0	0	0	0	2	7	0	0	7	7	0	0	0	1	198	6	9	1.25	2.25	3.25	0	0	7	2	0	0	0	0	1	7	7	44	45	0
cost	0	0	0	1	0	7	0	0	0	0	0	8	10	-6	-9	7	0	0	0	0	1	0	0	1	0	0	0	0	0	2	7	0	0	7	7	0	0	2	1	198	6	9	1.25	2.25	3.25	0	0	7	2	0	0	0	0	1	7	7	44	45	0
cost	0	0	0	1	0	7	0	0	0	0	0	8	10	-6	-9	857	0	0	0	0	1	0	0	1	0	0	0	0	0	2	7	0	0	7	7	0	0	2	1	198	6	9	1.25	2.25	3.25	0	0	7	2	0	0	0	0	1	7	7	44	45	0
cost	0	0	0	1	0	7	0	0	0	0	0	8	10	-6	-9	999	0	0	0	0	1	0	0	1	0	0	0	0	0	2	7	0	0	7	7	0	0	2	1	198	6	9	1.25	2.25	3.25	0	0	7	2	0	0	0	0	1	7	7	44	45	0
cost	0	0	0	1	0	7	0	0	0	0	0	8	10	-6	-9	-999	0	0	0	0	1	0	0	1	0	0	0	0	0	2	7	0	0	7	7	0	0	2	1	198	6	9	1.25	2.25	3.25	0	0	7	2	0	0	0	0	1	7	7	44	45	0
cost	0	0	0	1	0	7	0	0	0	0	0	8	10	-6	-9	1101	0	0	0	0	1	0	0	1	0	0	0	0	0	2	7	0	0	7	7	0	0	2	1	198	6	9	1.25	2.25	3.25	0	0	7	2	0	0	0	0	1	7	7	44	45	0
cost	0	0	0	1	0	7	0	0	0	0	0	8	10	-6	-9	1300	0	0	0	0	1	0	0	1	0	0	0	0	0	2	7	0	0	7	7	0	0	2	1	198	6	9	1.25	2.25	3.25	0	0	7	2	0	0	0	0	1	7	7	44	45	0
cost	0	0	0	1	0	7	0	0	0	0	0	9	10	-6	-9	7	0	0	0	0	1	0	0	1	0	0	0	0	0	2	7	0	0	7	7	0	0	3	1	198	6	9	1.25	2.25	3.25	0	0	7	2	0	0	0	0	1	7	7	44	45	0
cost	0	0	0	1	0	7	0	0	0	0	0	9	10	-6	-9	857	0	0	0	0	1	0	0	1	0	0	0	0	0	2	7	0	0	7	7	0	0	3	1	198	6	9	1.25	2.25	3.25	0	0	7	2	0	0	0	0	1	7	7	44	45	0
cost	0	0	0	1	0	7	0	0	0	0	0	9	10	-6	-9	999	0	0	0	0	1	0	0	1	0	0	0	0	0	2	7	0	0	7	7	0	0	3	1	198	6	9	1.25	2.25	3.25	0	0	7	2	0	0	0	0	1	7	7	44	45	0
cost	0	0	0	1	0	7	0	0	0	0	0	9	10	-6	-9	-999	0	0	0	0	1	0	0	1	0	0	0	0	0	2	7	0	0	7	7	0	0	3	1	198	6	9	1.25	2.25	3.25	0	0	7	2	0	0	0	0	1	7	7	44	45	0
cost	0	0	0	1	0	7	0	0	0	0	0	9	10	-6	-9	1101	0	0	0	0	1	0	0	1	0	0	0	0	0	2	7	0	0	7	7	0	0	3	1	198	6	9	1.25	2.25	3.25	0	0	7	2	0	0	0	0	1	7	7	44	45	0
cost	0	0	0	1	0	7	0	0	0	0	0	9	10	-6	-9	1300	0	0	0	0	1	0	0	1	0	0	0	0	0	2	7	0	0	7	7	0	0	3	1	198	6	9	1.25	2.25	3.25	0	0	7	2	0	0	0	0	1	7	7	44	45	0
cost	0	0	0	1	0	7	0	0	0	0	0	10	10	-6	-9	7	0	0	0	0	1	0	0	1	0	0	0	0	0	2	7	0	0	7	7	0	0	4	1	198	6	9	1.25	2.25	3.25	0	0	7	2	0	0	0	0	1	7	7	44	45	0
cost	0	0	0	1	0	7	0	0	0	0	0	10	10	-6	-9	857	0	0	0	0	1	0	0	1	0	0	0	0	0	2	7	0	0	7	7	0	0	4	1	198	6	9	1.25	2.25	3.25	0	0	7	2	0	0	0	0	1	7	7	44	45	0
cost	0	0	0	1	0	7	0	0	0	0	0	10	10	-6	-9	999	0	0	0	0	1	0	0	1	0	0	0	0	0	2	7	0	0	7	7	0	0	4	1	198	6	9	1.25	2.25	3.25	0	0	7	2	0	0	0	0	1	7	7	44	45	0
cost	0	0	0	1	0	7	0	0	0	0	0	10	10	-6	-9	-999	0	0	0	0	1	0	0	1	0	0	0	0	0	2	7	0	0	7	7	0	0	4	1	198	6	9	1.25	2.25	3.25	0	0	7	2	0	0	0	0	1	7	7	44	45	0
cost	0	0	0	1	0	7	0	0	0	0	0	10	10	-6	-9	1101	0	0	0	0	1	0	0	1	0	0	0	0	0	2	7	0	0	7	7	0	0	4	1	198	6	9	1.25	2.25	3.25	0	0	7	2	0	0	0	0	1	7	7	44	45	0
cost	0	0	0	1	0	7	0	0	0	0	0	10	10	-6	-9	1300	0	0	0	0	1	0	0	1	0	0	0	0	0	2	7	0	0	7	7	0	0	4	1	198	6	9	1.25	2.25	3.25	0	0	7	2	0	0	0	0	1	7	7	44	45	0
cost	0	0	0	1	0	7	0	0	0	0	0	0	0	0	-9	7	0	0	0	0	1	0	0	1	0	0	0	0	0	2	7	0	0	7	7	0	0	0	0	200	0	0	1.25	2.25	3.25	0	0	7	2	0	0	0	0	1	7	7	44	45	0
cost	0	0	0	1	0	7	0	0	0	0	0	0	0	0	-9	857	0	0	0	0	1	0	0	1	0	0	0	0	0	2	7	0	0	857	857	0	0	0	0	200	0	0	1.25	2.25	3.25	0	0	7	2	0	0	0	0	1	857	857	44	45	0
cost	0	0	0	1	0	7	0	0	0	0	0	0	0	0	-9	999	0	0	0	0	1	0	0	1	0	0	0	0	0	4	7	0	0	999	999	0	0	0	0	200	0	0	1.25	2.25	3.25	1	999	7	2	1	1	0	0	0	-9999	-9999	-9999	-9999	-9999
cost	0	0	0	1	0	7	0	0	0	0	0	0	0	0	-9	-999	0	0	0	0	1	0	0	1	0	0	0	0	0	4	7	0	0	-999	-999	0	0	0	0	200	0	0	1.25	2.25	3.25	1	-999	7	2	1	1	0	0	0	-9999	-9999	-9999	-9999	-9999
cost	0	0	0	1	0	7	0	0	0	0	0	0	0	0	-9	1101	0	0	0	0	1	0	0	1	0	0	0	0	0	4	7	0	0	1101	1101	0	0	0	0	200	0	0	1.25	2.25	3.25	1	1101	7	2	1	0	1	0	1	0	1101	0	45	-1
cost	0	0	0	1	0	7	0	0	0	0	0	0	0	0	-9	1300	0	0	0	0	1	0	0	1	0	0	0	0	0	4	7	0	0	1300	1300	0	0	0	0	200	0	0	1.25	2.25	3.25	1	1300	7	2	1	1	0	0	0	-9999	-9999	-9999	-9999	-9999
cost	0	0	0	1	0	7	0	0	0	0	0	5	0	0	-9	7	0	0	0	0	1	0	0	1	0	0	0	0	0	2	7	0	0	7	7	0	0	5	0	200	0	0	1.25	2.25	3.25	0	0	7	2	0	0	0	0	1	7	7	44	45	0
cost	0	0	0	1	0	7	0	0	0	0	0	5	0	0	-9	857	0	0	0	0	1	0	0	1	0	0	0	0	0	2	7	0	0	857	857	0	0	5	0	200	0	0	1.25	2.25	3.25	0	0	7	2	0	0	0	0	1	857	857	44	45	0
cost	0	0	0	1	0	7	0	0	0	0	0	5	0	0	-9	999	0	0	0	0	1	0	0	1	0	0	0	0	0	4	7	0	0	999	999	0	0	5	0	200	0	0	1.25	2.25	3.25	1	999	7	2	1	1	0	0	0	-9999	-9999	-9999	-9999	-9999
cost	0	0	0	1	0	7	0	0	0	0	0	5	0	0	-9	-999	0	0	0	0	1	0	0	1	0	0	0	0	0	4	7	0	0	-999	-999	0	0	5	0	200	0	0	1.25	2.25	3.25	1	-999	7	2	1	1	0	0	0	-9999	-9999	-9999	-9999	-9999
cost	0	0	0	1	0	7	0	0	0	0	0	5	0	0	-9	1101	0	0	0	0	1	0	0	1	0	0	0	0	0	4	7	0	0	1101	1101	0	0	5	0	200	0	0	1.25	2.25	3.25	1	1101	7	2	1	0	1	0	1	0	1101	0	45	-1
cost	0	0	0	1	0	7	0	0	0	0	0	5	0	0	-9	1300	0	0	0	0	1	0	0	1	0	0	0	0	0	4	7	0	0	1300	1300	0	0	5	0	200	0	0	1.25	2.25	3.25	1	1300	7	2	1	1	0	0	0	-9999	-9999	-9999	-9999	-9999
cost	0	0	0	1	0	7	0	0	0	0	0	6	0	0	-9	7	0	0	0	0	1	0	0	1	0	0	0	0	0	2	7	0	0	7	7	0	0	6	0	200	0	0	1.25	2.25	3.25	0	0	7	2	0	0	0	0	1	7	7	44	45	0
cost	0	0	0	1	0	7	0	0	0	0	0	6	0	0	-9	857	0	0	0	0	1	0	0	1	0	0	0	0	0	2	7	0	0	857	857	0	0	6	0	200	0	0	1.25	2.25	3.25	0	0	7	2	0	0	0	0	1	857	857	44	45	0
cost	0	0	0	1	0	7	0	0	0	0	0	6	0	0	-9	999	0	0	0	0	1	0	0	1	0	0	0	0	0	4	7	0	0	999	999	0	0	6	0	200	0	0	1.25	2.25	3.25	1	999	7	2	1	1	0	0	0	-9999	-9999	-9999	-9999	-9999
cost	0	0	0	1	0	7	0	0	0	0	0	6	0	0	-9	-999	0	0	0	0	1	0	0	1	0	0	0	0	0	4	7	0	0	-999	-999	0	0	6	0	200	0	0	1.25	2.25	3.25	1	-999	7	2	1	1	0	0	0	-9999	-9999	-9999	-9999	-9999
cost	0	0	0	1	0	7	0	0	0	0	0	6	0	0	-9	1101	0	0	0	0	1	0	0	1	0	0	0	0	0	4	7	0	0	1101	1101	0	0	6	0	200	0	0	1.25	2.25	3.25	1	1101	7	2	1	0	1	0	1	0	1101	0	45	-1
cost	0	0	0	1	0	7	0	0	0	0	0	6	0	0	-9	1300	0	0	0	0	1	0	0	1	0	0	0	0	0	4	7	0	0	1300	1300	0	0	6	0	200	0	0	1.25	2.25	3.25	1	1300	7	2	1	1	0	0	0	-9999	-9999	-9999	-9999	-9999
cost	0	0	0	1	0	7	0	0	0	0	0	8	0	0	-9	7	0	0	0	0	1	0	0	1	0	0	0	0	0	2	7	0	0	7	7	0	0	8	0	200	0	0	1.25	2.25	3.25	0	0	7	2	0	0	0	0	1	7	7	44	45	0
cost	0	0	0	1	0	7	0	0	0	0	0	8	0	0	-9	857	0	0	0	0	1	0	0	1	0	0	0	0	0	2	7	0	0	857	857	0	0	8	0	200	0	0	1.25	2.25	3.25	0	0	7	2	0	0	0	0	1	857	857	44	45	0
cost	0	0	0	1	0	7	0	0	0	0	0	8	0	0	-9	999	0	0	0	0	1	0	0	1	0	0	0	0	0	4	7	0	0	999	999	0	0	8	0	200	0	0	1.25	2.25	3.25	1	999	7	2	1	1	0	0	0	-9999	-9999	-9999	-9999	-9999
cost	0	0	0	1	0	7	0	0	0	0	0	8	0	0	-9	-999	0	0	0	0	1	0	0	1	0	0	0	0	0	4	7	0	0	-999	-999	0	0	8	0	200	0	0	1.25	2.25	3.25	1	-999	7	2	1	1	0	0	0	-9999	-9999	-9999	-9999	-9999
cost	0	0	0	1	0	7	0	0	0	0	0	8	0	0	-9	1101	0	0	0	0	1	0	0	1	0	0	0	0	0	4	7	0	0	1101	1101	0	0	8	0	200	0	0	1.25	2.25	3.25	1	1101	7	2	1	0	1	0	1	0	1101	0	45	-1
cost	0	0	0	1	0	7	0	0	0	0	0	8	0	0	-9	1300	0	0	0	0	1	0	0	1	0	0	0	0	0	4	7	0	0	1300	1300	0	0	8	0	200	0	0	1.25	2.25	3.25	1	1300	7	2	1	1	0	0	0	-9999	-9999	-9999	-9999	-9999
cost	0	0	0	1	0	7	0	0	0	0	0	9	0	0	-9	7	0	0	0	0	1	0	0	1	0	0	0	0	0	2	7	0	0	7	7	0	0	9	0	200	0	0	1.25	2.25	3.25	0	0	7	2	0	0	0	0	1	7	7	44	45	0
cost	0	0	0	1	0	7	0	0	0	0	0	9	0	0	-9	857	0	0	0	0	1	0	0	1	0	0	0	0	0	2	7	0	0	857	857	0	0	9	0	200	0	0	1.25	2.25	3.25	0	0	7	2	0	0	0	0	1	857	857	44	45	0
cost	0	0	0	1	0	7	0	0	0	0	0	9	0	0	-9	999	0	0	0	0	1	0	0	1	0	0	0	0	0	4	7	0	0	999	999	0	0	9	0	200	0	0	1.25	2.25	3.25	1	999	7	2	1	1	0	0	0	-9999	-9999	-9999	-9999	-9999
cost	0	0	0	1	0	7	0	0	0	0	0	9	0	0	-9	-999	0	0	0	0	1	0	0	1	0	0	0	0	0	4	7	0	0	-999	-999	0	0	9	0	200	0	0	1.25	2.25	3.25	1	-999	7	2	1	1	0	0	0	-9999	-9999	-9999	-9999	-9999
cost	0	0	0	1	0	7	0	0	0	0	0	9	0	0	-9	1101	0	0	0	0	1	0	0	1	0	0	0	0	0	4	7	0	0	1101	1101	0	0	9	0	200	0	0	1.25	2.25	3.25	1	1101	7	2	1	0	1	0	1	0	1101	0	45	-1
cost	0	0	0	1	0	7	0	0	0	0	0	9	0	0	-9	1300	0	0	0	0	1	0	0	1	0	0	0	0	0	4	7	0	0	1300	1300	0	0	9	0	200	0	0	1.25	2.25	3.25	1	1300	7	2	1	1	0	0	0	-9999	-9999	-9999	-9999	-9999
cost	0	0	0	1	0	7	0	0	0	0	0	10	0	0	-9	7	0	0	0	0	1	0	0	1	0	0	0	0	0	2	7	0	0	7	7	0	0	10	0	200	0	0	1.25	2.25	3.25	0	0	7	2	0	0	0	0	1	7	7	44	45	0
cost	0	0	0	1	0	7	0	0	0	0	0	10	0	0	-9	857	0	0	0	0	1	0	0	1	0	0	0	0	0	2	7	0	0	857	857	0	0	10	0	200	0	0	1.25	2.25	3.25	0	0	7	2	0	0	0	0	1	857	857	44	45	0
cost	0	0	0	1	0	7	0	0	0	0	0	10	0	0	-9	999	0	0	0	0	1	0	0	1	0	0	0	0	0	4	7	0	0	999	999	0	0	10	0	200	0	0	1.25	2.25	3.25	1	999	7	2	1	1	0	0	0	-9999	-9999	-9999	-9999	-9999
cost	0	0	0	1	0	7	0	0	0	0	0	10	0	0	-9	-999	0	0	0	0	1	0	0	1	0	0	0	0	0	4	7	0	0	-999	-999	0	0	10	0	200	0	0	1.25	2.25	3.25	1	-999	7	2	1	1	0	0	0	-9999	-9999	-9999	-9999	-9999
cost	0	0	0	1	0	7	0	0	0	0	0	10	0	0	-9	1101	0	0	0	0	1	0	0	1	0	0	0	0	0	4	7	0	0	1101	1101	0	0	10	0	200	0	0	1.25	2.25	3.25	1	1101	7	2	1	0	1	0	1	0	1101	0	45	-1
cost	0	0	0	1	0	7	0	0	0	0	0	10	0	0	-9	1300	0	0	0	0	1	0	0	1	0	0	0	0	0	4	7	0	0	1300	1300	0	0	10	0	200	0	0	1.25	2.25	3.25	1	1300	7	2	1	1	0	0	0	-9999	-9999	-9999	-9999	-9999
cost	0	0	0	1	0	7	0	0	0	0	0	0	5	0	-9	7	0	0	0	0	1	0	0	1	0	0	0	0	0	2	7	0	0	7	7	0	0	0	5	200	0	0	1.25	2.25	3.25	0	0	7	2	0	0	0	0	1	7	7	44	45	0
cost	0	0	0	1	0	7	0	0	0	0	0	0	5	0	-9	857	0	0	0	0	1	0	0	1	0	0	0	0	0	2	7	0	0	857	857	0	0	0	5	200	0	0	1.25	2.25	3.25	0	0	7	2	0	0	0	0	1	857	857	44	45	0
cost	0	0	0	1	0	7	0	0	0	0	0	0	5	0	-9	999	0	0	0	0	1	0	0	1	0	0	0	0	0	4	7	0	0	999	999	0	0	0	5	200	0	0	1.25	2.25	3.25	1	999	7	2	1	1	0	0	0	-9999	-9999	-9999	-9999	-9999
cost	0	0	0	1	0	7	0	0	0	0	0	0	5	0	-9	-999	0	0	0	0	1	0	0	1	0	0	0	0	0	4	7	0	0	-999	-999	0	0	0	5	200	0	0	1.25	2.25	3.25	1	-999	7	2	1	1	0	0	0	-9999	-9999	-9999	-9999	-9999
cost	0	0	0	1	0	7	0	0	0	0	0	0	5	0	-9	1101	0	0	0	0	1	0	0	1	0	0	0	0	0	4	7	0	0	1101	1101	0	0	0	5	200	0	0	1.25	2.25	3.25	1	1101	7	2	1	0	1	0	1	0	1101	0	45	-1
cost	0	0	0	1	0	7	0	0	0	0	0	0	5	0	-9	1300	0	0	0	0	1	0	0	1	0	0	0	0	0	4	7	0	0	1300	1300	0	0	0	5	200	0	0	1.25	2.25	3.25	1	1300	7	2	1	1	0	0	0	-9999	-9999	-9999	-9999	-9999
cost	0	0	0	1	0	7	0	0	0	0	0	5	5	0	-9	7	0	0	0	0	1	0	0	1	0	0	0	0	0	2	7	0	0	7	7	0	0	5	5	200	0	0	1.25	2.25	3.25	0	0	7	2	0	0	0	0	1	7	7	44	45	0
cost	0	0	0	1	0	7	0	0	0	0	0	5	5	0	-9	857	0	0	0	0	1	0	0	1	0	0	0	0	0	2	7	0	0	857	857	0	0	5	5	200	0	0	1.25	2.25	3.25	0	0	7	2	0	0	0	0	1	857	857	44	45	0
cost	0	0	0	1	0	7	0	0	0	0	0	5	5	0	-9	999	0	0	0	0	1	0	0	1	0	0	0	0	0	4	7	0	0	999	999	0	0	5	5	200	0	0	1.25	2.25	3.25	1	999	7	2	1	1	0	0	0	-9999	-9999	-9999	-9999	-9999
cost	0	0	0	1	0	7	0	0	0	0	0	5	5	0	-9	-999	0	0	0	0	1	0	0	1	0	0	0	0	0	4	7	0	0	-999	-999	0	0	5	5	200	0	0	1.25	2.25	3.25	1	-999	7	2	1	1	0	0	0	-9999	-9999	-9999	-9999	-9999
cost	0	0	0	1	0	7	0	0	0	0	0	5	5	0	-9	1101	0	0	0	0	1	0	0	1	0	0	0	0	0	4	7	0	0	1101	1101	0	0	5	5	200	0	0	1.25	2.25	3.25	1	1101	7	2	1	0	1	0	1	0	1101	0	45	-1
cost	0	0	0	1	0	7	0	0	0	0	0	5	5	0	-9	1300	0	0	0	0	1	0	0	1	0	0	0	0	0	4	7	0	0	1300	1300	0	0	5	5	200	0	0	1.25	2.25	3.25	1	1300	7	2	1	1	0	0	0	-9999	-9999	-9999	-9999	-9999
cost	0	0	0	1	0	7	0	0	0	0	0	6	5	0	-9	7	0	0	0	0	1	0	0	1	0	0	0	0	0	2	7	0	0	7	7	0	0	6	5	200	0	0	1.25	2.25	3.25	0	0	7	2	0	0	0	0	1	7	7	44	45	0
cost	0	0	0	1	0	7	0	0	0	0	0	6	5	0	-9	857	0	0	0	0	1	0	0	1	0	0	0	0	0	2	7	0	0	857	857	0	0	6	5	200	0	0	1.25	2.25	3.25	0	0	7	2	0	0	0	0	1	857	857	44	45	0
cost	0	0	0	1	0	7	0	0	0	0	0	6	5	0	-9	999	0	0	0	0	1	0	0	1	0	0	0	0	0	4	7	0	0	999	999	0	0	6	5	200	0	0	1.25	2.25	3.25	1	999	7	2	1	1	0	0	0	-9999	-9999	-9999	-9999	-9999
cost	0	0	0	1	0	7	0	0	0	0	0	6	5	0	-9	-999	0	0	0	0	1	0	0	1	0	0	0	0	0	4	7	0	0	-999	-999	0	0	6	5	200	0	0	1.25	2.25	3.25	1	-999	7	2	1	1	0	0	0	-9999	-9999	-9999	-9999	-9999
cost	0	0	0	1	0	7	0	0	0	0	0	6	5	0	-9	1101	0	0	0	0	1	0	0	1	0	0	0	0	0	4	7	0	0	1101	1101	0	0	6	5	200	0	0	1.25	2.25	3.25	1	1101	7	2	1	0	1	0	1	0	1101	0	45	-1
cost	0	0	0	1	0	7	0	0	0	0	0	6	5	0	-9	1300	0	0	0	0	1	0	0	1	0	0	0	0	0	4	7	0	0	1300	1300	0	0	6	5	200	0	0	1.25	2.25	3.25	1	1300	7	2	1	1	0	0	0	-9999	-9999	-9999	-9999	-9999
cost	0	0	0	1	0	7	0	0	0	0	0	8	5	0	-9	7	0	0	0	0	1	0	0	1	0	0	0	0	0	2	7	0	0	7	7	0	0	8	5	200	0	0	1.25	2.25	3.25	0	0	7	2	0	0	0	0	1	7	7	44	45	0
cost	0	0	0	1	0	7	0	0	0	0	0	8	5	0	-9	857	0	0	0	0	1	0	0	1	0	0	0	0	0	2	7	0	0	857	857	0	0	8	5	200	0	0	1.25	2.25	3.25	0	0	7	2	0	0	0	0	1	857	857	44	45	0
cost	0	0	0	1	0	7	0	0	0	0	0	8	5	0	-9	999	0	0	0	0	1	0	0	1	0	0	0	0	0	4	7	0	0	999	999	0	0	8	5	200	0	0	1.25	2.25	3.25	1	999	7	2	1	1	0	0	0	-9999	-9999	-9999	-9999	-9999
cost	0	0	0	1	0	7	0	0	0	0	0	8	5	0	-9	-999	0	0	0	0	1	0	0	1	0	0	0	0	0	4	7	0	0	-999	-999	0	0	8	5	200	0	0	1.25	2.25	3.25	1	-999	7	2	1	1	0	0	0	-9999	-9999	-9999	-9999	-9999
cost	0	0	0	1	0	7	0	0	0	0	0	8	5	0	-9	1101	0	0	0	0	1	0	0	1	0	0	0	0	0	4	7	0	0	1101	1101	0	0	8	5	200	0	0	1.25	2.25	3.25	1	1101	7	2	1	0	1	0	1	0	1101	0	45	-1
cost	0	0	0	1	0	7	0	0	0	0	0	8	5	0	-9	1300	0	0	0	0	1	0	0	1	0	0	0	0	0	4	7	0	0	1300	1300	0	0	8	5	200	0	0	1.25	2.25	3.25	1	1300	7	2	1	1	0	0	0	-9999	-9999	-9999	-9999	-9999
cost	0	0	0	1	0	7	0	0	0	0	0	9	5	0	-9	7	0	0	0	0	1	0	0	1	0	0	0	0	0	2	7	0	0	7	7	0	0	9	5	200	0	0	1.25	2.25	3.25	0	0	7	2	0	0	0	0	1	7	7	44	45	0
cost	0	0	0	1	0	7	0	0	0	0	0	9	5	0	-9	857	0	0	0	0	1	0	0	1	0	0	0	0	0	2	7	0	0	857	857	0	0	9	5	200	0	0	1.25	2.25	3.25	0	0	7	2	0	0	0	0	1	857	857	44	45	0
cost	0	0	0	1	0	7	0	0	0	0	0	9	5	0	-9	999	0	0	0	0	1	0	0	1	0	0	0	0	0	4	7	0	0	999	999	0	0	9	5	200	0	0	1.25	2.25	3.25	1	999	7	2	1	1	0	0	0	-9999	-9999	-9999	-9999	-9999
cost	0	0	0	1	0	7	0	0	0	0	0	9	5	0	-9	-999	0	0	0	0	1	0	0	1	0	0	0	0	0	4	7	0	0	-999	-999	0	0	9	5	200	0	0	1.25	2.25	3.25	1	-999	7	2	1	1	0	0	0	-9999	-9999	-9999	-9999	-9999
cost	0	0	0	1	0	7	0	0	0	0	0	9	5	0	-9	1101	0	0	0	0	1	0	0	1	0	0	0	0	0	4	7	0	0	1101	1101	0	0	9	5	200	0	0	1.25	2.25	3.25	1	1101	7	2	1	0	1	0	1	0	1101	0	45	-1
cost	0	0	0	1	0	7	0	0	0	0	0	9	5	0	-9	1300	0	0	0	0	1	0	0	1	0	0	0	0	0	4	7	0	0	1300	1300	0	0	9	5	200	0	0	1.25	2.25	3.25	1	1300	7	2	1	1	0	0	0	-9999	-9999	-9999	-9999	-9999
cost	0	0	0	1	0	7	0	0	0	0	0	10	5	0	-9	7	0	0	0	0	1	0	0	1	0	0	0	0	0	2	7	0	0	7	7	0	0	10	5	200	0	0	1.25	2.25	3.25	0	0	7	2	0	0	0	0	1	7	7	44	45	0
cost	0	0	0	1	0	7	0	0	0	0	0	10	5	0	-9	857	0	0	0	0	1	0	0	1	0	0	0	0	0	2	7	0	0	857	857	0	0	10	5	200	0	0	1.25	2.25	3.25	0	0	7	2	0	0	0	0	1	857	857	44	45	0
cost	0	0	0	1	0	7	0	0	0	0	0	10	5	0	-9	999	0	0	0	0	1	0	0	1	0	0	0	0	0	4	7	0	0	999	999	0	0	10	5	200	0	0	1.25	2.25	3.25	1	999	7	2	1	1	0	0	0	-9999	-9999	-9999	-9999	-9999
cost	0	0	0	1	0	7	0	0	0	0	0	10	5	0	-9	-999	0	0	0	0	1	0	0	1	0	0	0	0	0	4	7	0	0	-999	-999	0	0	10	5	200	0	0	1.25	2.25	3.25	1	-999	7	2	1	1	0	0	0	-9999	-9999	-9999	-9999	-9999
cost	0	0	0	1	0	7	0	0	0	0	0	10	5	0	-9	1101	0	0	0	0	1	0	0	1	0	0	0	0	0	4	7	0	0	1101	1101	0	0	10	5	200	0	0	1.25	2.25	3.25	1	1101	7	2	1	0	1	0	1	0	1101	0	45	-1
cost	0	0	0	1	0	7	0	0	0	0	0	10	5	0	-9	1300	0	0	0	0	1	0	0	1	0	0	0	0	0	4	7	0	0	1300	1300	0	0	10	5	200	0	0	1.25	2.25	3.25	1	1300	7	2	1	1	0	0	0	-9999	-9999	-9999	-9999	-9999
cost	0	0	0	1	0	7	0	0	0	0	0	0	6	0	-9	7	0	0	0	0	1	0	0	1	0	0	0	0	0	2	7	0	0	7	7	0	0	0	6	200	0	0	1.25	2.25	3.25	0	0	7	2	0	0	0	0	1	7	7	44	45	0
cost	0	0	0	1	0	7	0	0	0	0	0	0	6	0	-9	857	0	0	0	0	1	0	0	1	0	0	0	0	0	2	7	0	0	857	857	0	0	0	6	200	0	0	1.25	2.25	3.25	0	0	7	2	0	0	0	0	1	857	857	44	45	0
cost	0	0	0	1	0	7	0	0	0	0	0	0	6	0	-9	999	0	0	0	0	1	0	0	1	0	0	0	0	0	4	7	0	0	999	999	0	0	0	6	200	0	0	1.25	2.25	3.25	1	999	7	2	1	1	0	0	0	-9999	-9999	-9999	-9999	-9999
cost	0	0	0	1	0	7	0	0	0	0	0	0	6	0	-9	-999	0	0	0	0	1	0	0	1	0	0	0	0	0	4	7	0	0	-999	-999	0	0	0	6	200	0	0	1.25	2.25	3.25	1	-999	7	2	1	1	0	0	0	-9999	-9999	-9999	-9999	-9999
cost	0	0	0	1	0	7	0	0	0	0	0	0	6	0	-9	1101	0	0	0	0	1	0	0	1	0	0	0	0	0	4	7	0	0	1101	1101	0	0	0	6	200	0	0	1.25	2.25	3.25	1	1101	7	2	1	0	1	0	1	0	1101	0	45	-1
cost	0	0	0	1	0	7	0	0	0	0	0	0	6	0	-9	1300	0	0	0	0	1	0	0	1	0	0	0	0	0	4	7	0	0	1300	1300	0	0	0	6	200	0	0	1.25	2.25	3.25	1	1300	7	2	1	1	0	0	0	-9999	-9999	-9999	-9999	-9999
cost	0	0	0	1	0	7	0	0	0	0	0	5	6	0	-9	7	0	0	0	0	1	0	0	1	0	0	0	0	0	2	7	0	0	7	7	0	0	5	6	200	0	0	1.25	2.25	3.25	0	0	7	2	0	0	0	0	1	7	7	44	45	0
cost	0	0	0	1	0	7	0	0	0	0	0	5	6	0	-9	857	0	0	0	0	1	0	0	1	0	0	0	0	0	2	7	0	0	857	857	0	0	5	6	200	0	0	1.25	2.25	3.25	0	0	7	2	0	0	0	0	1	857	857	44	45	0
cost	0	0	0	1	0	7	0	0	0	0	0	5	6	0	-9	999	0	0	0	0	1	0	0	1	0	0	0	0	0	4	7	0	0	999	999	0	0	5	6	200	0	0	1.25	2.25	3.25	1	999	7	2	1	1	0	0	0	-9999	-9999	-9999	-9999	-9999
cost	0	0	0	1	0	7	0	0	0	0	0	5	6	0	-9	-999	0	0	0	0	1	0	0	1	0	0	0	0	0	4	7	0	0	-999	-999	0	0	5	6	200	0	0	1.25	2.25	3.25	1	-999	7	2	1	1	0	0	0	-9999	-9999	-9999	-9999	-9999
cost	0	0	0	1	0	7	0	0	0	0	0	5	6	0	-9	1101	0	0	0	0	1	0	0	1	0	0	0	0	0	4	7	0	0	1101	1101	0	0	5	6	200	0	0	1.25	2.25	3.25	1	1101	7	2	1	0	1	0	1	0	1101	0	45	-1
cost	0	0	0	1	0	7	0	0	0	0	0	5	6	0	-9	1300	0	0	0	0	1	0	0	1	0	0	0	0	0	4	7	0	0	1300	1300	0	0	5	6	200	0	0	1.25	2.25	3.25	1	1300	7	2	1	1	0	0	0	-9999	-9999	-9999	-9999	-9999
cost	0	0	0	1	0	7	0	0	0	0	0	6	6	0	-9	7	0	0	0	0	1	0	0	1	0	0	0	0	0	2	7	0	0	7	7	0	0	6	6	200	0	0	1.25	2.25	3.25	0	0	7	2	0	0	0	0	1	7	7	44	45	0
cost	0	0	0	1	0	7	0	0	0	0	0	6	6	0	-9	857	0	0	0	0	1	0	0	1	0	0	0	0	0	2	7	0	0	857	857	0	0	6	6	200	0	0	1.25	2.25	3.25	0	0	7	2	0	0	0	0	1	857	857	44	45	0
cost	0	0	0	1	0	7	0	0	0	0	0	6	6	0	-9	999	0	0	0	0	1	0	0	1	0	0	0	0	0	4	7	0	0	999	999	0	0	6	6	200	0	0	1.25	2.25	3.25	1	999	7	2	1	1	0	0	0	-9999	-9999	-9999	-9999	-9999
cost	0	0	0	1	0	7	0	0	0	0	0	6	6	0	-9	-999	0	0	0	0	1	0	0	1	0	0	0	0	0	4	7	0	0	-999	-999	0	0	6	6	200	0	0	1.25	2.25	3.25	1	-999	7	2	1	1	0	0	0	-9999	-9999	-9999	-9999	-9999
cost	0	0	0	1	0	7	0	0	0	0	0	6	6	0	-9	1101	0	0	0	0	1	0	0	1	0	0	0	0	0	4	7	0	0	1101	1101	0	0	6	6	200	0	0	1.25	2.25	3.25	1	1101	7	2	1	0	1	0	1	0	1101	0	45	-1
cost	0	0	0	1	0	7	0	0	0	0	0	6	6	0	-9	1300	0	0	0	0	1	0	0	1	0	0	0	0	0	4	7	0	0	1300	1300	0	0	6	6	200	0	0	1.25	2.25	3.25	1	1300	7	2	1	1	0	0	0	-9999	-9999	-9999	-9999	-9999
cost	0	0	0	1	0	7	0	0	0	0	0	8	6	0	-9	7	0	0	0	0	1	0	0	1	0	0	0	0	0	2	7	0	0	7	7	0	0	8	6	200	0	0	1.25	2.25	3.25	0	0	7	2	0	0	0	0	1	7	7	44	45	0
cost	0	0	0	1	0	7	0	0	0	0	0	8	6	0	-9	857	0	0	0	0	1	0	0	1	0	0	0	0	0	2	7	0	0	857	857	0	0	8	6	200	0	0	1.25	2.25	3.25	0	0	7	2	0	0	0	0	1	857	857	44	45	0
cost	0	0	0	1	0	7	0	0	0	0	0	8	6	0	-9	999	0	0	0	0	1	0	0	1	0	0	0	0	0	4	7	0	0	999	999	0	0	8	6	200	0	0	1.25	2.25	3.25	1	999	7	2	1	1	0	0	0	-9999	-9999	-9999	-9999	-9999
cost	0	0	0	1	0	7	0	0	0	0	0	8	6	0	-9	-999	0	0	0	0	1	0	0	1	0	0	0	0	0	4	7	0	0	-999	-999	0	0	8	6	200	0	0	1.25	2.25	3.25	1	-999	7	2	1	1	0	0	0	-9999	-9999	-9999	-9999	-9999
cost	0	0	0	1	0	7	0	0	0	0	0	8	6	0	-9	1101	0	0	0	0	1	0	0	1	0	0	0	0	0	4	7	0	0	1101	1101	0	0	8	6	200	0	0	1.25	2.25	3.25	1	1101	7	2	1	0	1	0	1	0	1101	0	45	-1
cost	0	0	0	1	0	7	0	0	0	0	0	8	6	0	-9	1300	0	0	0	0	1	0	0	1	0	0	0	0	0	4	7	0	0	1300	1300	0	0	8	6	200	0	0	1.25	2.25	3.25	1	1300	7	2	1	1	0	0	0	-9999	-9999	-9999	-9999	-9999
cost	0	0	0	1	0	7	0	0	0	0	0	9	6	0	-9	7	0	0	0	0	1	0	0	1	0	0	0	0	0	2	7	0	0	7	7	0	0	9	6	200	0	0	1.25	2.25	3.25	0	0	7	2	0	0	0	0	1	7	7	44	45	0
cost	0	0	0	1	0	7	0	0	0	0	0	9	6	0	-9	857	0	0	0	0	1	0	0	1	0	0	0	0	0	2	7	0	0	857	857	0	0	9	6	200	0	0	1.25	2.25	3.25	0	0	7	2	0	0	0	0	1	857	857	44	45	0
cost	0	0	0	1	0	7	0	0	0	0	0	9	6	0	-9	999	0	0	0	0	1	0	0	1	0	0	0	0	0	4	7	0	0	999	999	0	0	9	6	200	0	0	1.25	2.25	3.25	1	999	7	2	1	1	0	0	0	-9999	-9999	-9999	-9999	-9999
cost	0	0	0	1	0	7	0	0	0	0	0	9	6	0	-9	-999	0	0	0	0	1	0	0	1	0	0	0	0	0	4	7	0	0	-999	-999	0	0	9	6	200	0	0	1.25	2.25	3.25	1	-999	7	2	1	1	0	0	0	-9999	-9999	-9999	-9999	-9999
cost	0	0	0	1	0	7	0	0	0	0	0	9	6	0	-9	1101	0	0	0	0	1	0	0	1	0	0	0	0	0	4	7	0	0	1101	1101	0	0	9	6	200	0	0	1.25	2.25	3.25	1	1101	7	2	1	0	1	0	1	0	1101	0	45	-1
cost	0	0	0	1	0	7	0	0	0	0	0	9	6	0	-9	1300	0	0	0	0	1	0	0	1	0	0	0	0	0	4	7	0	0	1300	1300	0	0	9	6	200	0	0	1.25	2.25	3.25	1	1300	7	2	1	1	0	0	0	-9999	-9999	-9999	-9999	-9999
cost	0	0	0	1	0	7	0	0	0	0	0	10	6	0	-9	7	0	0	0	0	1	0	0	1	0	0	0	0	0	2	7	0	0	7	7	0	0	10	6	200	0	0	1.25	2.25	3.25	0	0	7	2	0	0	0	0	1	7	7	44	45	0
cost	0	0	0	1	0	7	0	0	0	0	0	10	6	0	-9	857	0	0	0	0	1	0	0	1	0	0	0	0	0	2	7	0	0	857	857	0	0	10	6	200	0	0	1.25	2.25	3.25	0	0	7	2	0	0	0	0	1	857	857	44	45	0
cost	0	0	0	1	0	7	0	0	0	0	0	10	6	0	-9	999	0	0	0	0	1	0	0	1	0	0	0	0	0	4	7	0	0	999	999	0	0	10	6	200	0	0	1.25	2.25	3.25	1	999	7	2	1	1	0	0	0	-9999	-9999	-9999	-9999	-9999
cost	0	0	0	1	0	7	0	0	0	0	0	10	6	0	-9	-999	0	0	0	0	1	0	0	1	0	0	0	0	0	4	7	0	0	-999	-999	0	0	10	6	200	0	0	1.25	2.25	3.25	1	-999	7	2	1	1	0	0	0	-9999	-9999	-9999	-9999	-9999
cost	0	0	0	1	0	7	0	0	0	0	0	10	6	0	-9	1101	0	0	0	0	1	0	0	1	0	0	0	0	0	4	7	0	0	1101	1101	0	0	10	6	200	0	0	1.25	2.25	3.25	1	1101	7	2	1	0	1	0	1	0	1101	0	45	-1
cost	0	0	0	1	0	7	0	0	0	0	0	10	6	0	-9	1300	0	0	0	0	1	0	0	1	0	0	0	0	0	4	7	0	0	1300	1300	0	0	10	6	200	0	0	1.25	2.25	3.25	1	1300	7	2	1	1	0	0	0	-9999	-9999	-9999	-9999	-9999
cost	0	0	0	1	0	7	0	0	0	0	0	0	8	0	-9	7	0	0	0	0	1	0	0	1	0	0	0	0	0	2	7	0	0	7	7	0	0	0	8	200	0	0	1.25	2.25	3.25	0	0	7	2	0	0	0	0	1	7	7	44	45	0
cost	0	0	0	1	0	7	0	0	0	0	0	0	8	0	-9	857	0	0	0	0	1	0	0	1	0	0	0	0	0	2	7	0	0	857	857	0	0	0	8	200	0	0	1.25	2.25	3.25	0	0	7	2	0	0	0	0	1	857	857	44	45	0
cost	0	0	0	1	0	7	0	0	0	0	0	0	8	0	-9	999	0	0	0	0	1	0	0	1	0	0	0	0	0	4	7	0	0	999	999	0	0	0	8	200	0	0	1.25	2.25	3.25	1	999	7	2	1	1	0	0	0	-9999	-9999	-9999	-9999	-9999
cost	0	0	0	1	0	7	0	0	0	0	0	0	8	0	-9	-999	0	0	0	0	1	0	0	1	0	0	0	0	0	4	7	0	0	-999	-999	0	0	0	8	200	0	0	1.25	2.25	3.25	1	-999	7	2	1	1	0	0	0	-9999	-9999	-9999	-9999	-9999
cost	0	0	0	1	0	7	0	0	0	0	0	0	8	0	-9	1101	0	0	0	0	1	0	0	1	0	0	0	0	0	4	7	0	0	1101	1101	0	0	0	8	200	0	0	1.25	2.25	3.25	1	1101	7	2	1	0	1	0	1	0	1101	0	45	-1
cost	0	0	0	1	0	7	0	0	0	0	0	0	8	0	-9	1300	0	0	0	0	1	0	0	1	0	0	0	0	0	4	7	0	0	1300	1300	0	0	0	8	200	0	0	1.25	2.25	3.25	1	1300	7	2	1	1	0	0	0	-9999	-9999	-9999	-9999	-9999
cost	0	0	0	1	0	7	0	0	0	0	0	5	8	0	-9	7	0	0	0	0	1	0	0	1	0	0	0	0	0	2	7	0	0	7	7	0	0	5	8	200	0	0	1.25	2.25	3.25	0	0	7	2	0	0	0	0	1	7	7	44	45	0
cost	0	0	0	1	0	7	0	0	0	0	0	5	8	0	-9	857	0	0	0	0	1	0	0	1	0	0	0	0	0	2	7	0	0	857	857	0	0	5	8	200	0	0	1.25	2.25	3.25	0	0	7	2	0	0	0	0	1	857	857	44	45	0
cost	0	0	0	1	0	7	0	0	0	0	0	5	8	0	-9	999	0	0	0	0	1	0	0	1	0	0	0	0	0	4	7	0	0	999	999	0	0	5	8	200	0	0	1.25	2.25	3.25	1	999	7	2	1	1	0	0	0	-9999	-9999	-9999	-9999	-9999
cost	0	0	0	1	0	7	0	0	0	0	0	5	8	0	-9	-999	0	0	0	0	1	0	0	1	0	0	0	0	0	4	7	0	0	-999	-999	0	0	5	8	200	0	0	1.25	2.25	3.25	1	-999	7	2	1	1	0	0	0	-9999	-9999	-9999	-9999	-9999
cost	0	0	0	1	0	7	0	0	0	0	0	5	8	0	-9	1101	0	0	0	0	1	0	0	1	0	0	0	0	0	4	7	0	0	1101	1101	0	0	5	8	200	0	0	1.25	2.25	3.25	1	1101	7	2	1	0	1	0	1	0	1101	0	45	-1
cost	0	0	0	1	0	7	0	0	0	0	0	5	8	0	-9	1300	0	0	0	0	1	0	0	1	0	0	0	0	0	4	7	0	0	1300	1300	0	0	5	8	200	0	0	1.25	2.25	3.25	1	1300	7	2	1	1	0	0	0	-9999	-9999	-9999	-9999	-9999
cost	0	0	0	1	0	7	0	0	0	0	0	6	8	0	-9	7	0	0	0	0	1	0	0	1	0	0	0	0	0	2	7	0	0	7	7	0	0	6	8	200	0	0	1.25	2.25	3.25	0	0	7	2	0	0	0	0	1	7	7	44	45	0
cost	0	0	0	1	0	7	0	0	0	0	0	6	8	0	-9	857	0	0	0	0	1	0	0	1	0	0	0	0	0	2	7	0	0	857	857	0	0	6	8	200	0	0	1.25	2.25	3.25	0	0	7	2	0	0	0	0	1	857	857	44	45	0
cost	0	0	0	1	0	7	0	0	0	0	0	6	8	0	-9	999	0	0	0	0	1	0	0	1	0	0	0	0	0	4	7	0	0	999	999	0	0	6	8	200	0	0	1.25	2.25	3.25	1	999	7	2	1	1	0	0	0	-9999	-9999	-9999	-9999	-9999
cost	0	0	0	1	0	7	0	0	0	0	0	6	8	0	-9	-999	0	0	0	0	1	0	0	1	0	0	0	0	0	4	7	0	0	-999	-999	0	0	6	8	200	0	0	1.25	2.25	3.25	1	-999	7	2	1	1	0	0	0	-9999	-9999	-9999	-9999	-9999
cost	0	0	0	1	0	7	0	0	0	0	0	6	8	0	-9	1101	0	0	0	0	1	0	0	1	0	0	0	0	0	4	7	0	0	1101	1101	0	0	6	8	200	0	0	1.25	2.25	3.25	1	1101	7	2	1	0	1	0	1	0	1101	0	45	-1
cost	0	0	0	1	0	7	0	0	0	0	0	6	8	0	-9	1300	0	0	0	0	1	0	0	1	0	0	0	0	0	4	7	0	0	1300	1300	0	0	6	8	200	0	0	1.25	2.25	3.25	1	1300	7	2	1	1	0	0	0	-9999	-9999	-9999	-9999	-9999
cost	0	0	0	1	0	7	0	0	0	0	0	8	8	0	-9	7	0	0	0	0	1	0	0	1	0	0	0	0	0	2	7	0	0	7	7	0	0	8	8	200	0	0	1.25	2.25	3.25	0	0	7	2	0	0	0	0	1	7	7	44	45	0
cost	0	0	0	1	0	7	0	0	0	0	0	8	8	0	-9	857	0	0	0	0	1	0	0	1	0	0	0	0	0	2	7	0	0	857	857	0	0	8	8	200	0	0	1.25	2.25	3.25	0	0	7	2	0	0	0	0	1	857	857	44	45	0
cost	0	0	0	1	0	7	0	0	0	0	0	8	8	0	-9	999	0	0	0	0	1	0	0	1	0	0	0	0	0	4	7	0	0	999	999	0	0	8	8	200	0	0	1.25	2.25	3.25	1	999	7	2	1	1	0	0	0	-9999	-9999	-9999	-9999	-9999
cost	0	0	0	1	0	7	0	0	0	0	0	8	8	0	-9	-999	0	0	0	0	1	0	0	1	0	0	0	0	0	4	7	0	0	-999	-999	0	0	8	8	200	0	0	1.25	2.25	3.25	1	-999	7	2	1	1	0	0	0	-9999	-9999	-9999	-9999	-9999
cost	0	0	0	1	0	7	0	0	0	0	0	8	8	0	-9	1101	0	0	0	0	1	0	0	1	0	0	0	0	0	4	7	0	0	1101	1101	0	0	8	8	200	0	0	1.25	2.25	3.25	1	1101	7	2	1	0	1	0	1	0	1101	0	45	-1
cost	0	0	0	1	0	7	0	0	0	0	0	8	8	0	-9	1300	0	0	0	0	1	0	0	1	0	0	0	0	0	4	7	0	0	1300	1300	0	0	8	8	200	0	0	1.25	2.25	3.25	1	1300	7	2	1	1	0	0	0	-9999	-9999	-9999	-9999	-9999
cost	0	0	0	1	0	7	0	0	0	0	0	9	8	0	-9	7	0	0	0	0	1	0	0	1	0	0	0	0	0	2	7	0	0	7	7	0	0	9	8	200	0	0	1.25	2.25	3.25	0	0	7	2	0	0	0	0	1	7	7	44	45	0
cost	0	0	0	1	0	7	0	0	0	0	0	9	8	0	-9	857	0	0	0	0	1	0	0	1	0	0	0	0	0	2	7	0	0	857	857	0	0	9	8	200	0	0	1.25	2.25	3.25	0	0	7	2	0	0	0	0	1	857	857	44	45	0
cost	0	0	0	1	0	7	0	0	0	0	0	9	8	0	-9	999	0	0	0	0	1	0	0	1	0	0	0	0	0	4	7	0	0	999	999	0	0	9	8	200	0	0	1.25	2.25	3.25	1	999	7	2	1	1	0	0	0	-9999	-9999	-9999	-9999	-9999
cost	0	0	0	1	0	7	0	0	0	0	0	9	8	0	-9	-999	0	0	0	0	1	0	0	1	0	0	0	0	0	4	7	0	0	-999	-999	0	0	9	8	200	0	0	1.25	2.25	3.25	1	-999	7	2	1	1	0	0	0	-9999	-9999	-9999	-9999	-9999
cost	0	0	0	1	0	7	0	0	0	0	0	9	8	0	-9	1101	0	0	0	0	1	0	0	1	0	0	0	0	0	4	7	0	0	1101	1101	0	0	9	8	200	0	0	1.25	2.25	3.25	1	1101	7	2	1	0	1	0	1	0	1101	0	45	-1
cost	0	0	0	1	0	7	0	0	0	0	0	9	8	0	-9	1300	0	0	0	0	1	0	0	1	0	0	0	0	0	4	7	0	0	1300	1300	0	0	9	8	200	0	0	1.25	2.25	3.25	1	1300	7	2	1	1	0	0	0	-9999	-9999	-9999	-9999	-9999
cost	0	0	0	1	0	7	0	0	0	0	0	10	8	0	-9	7	0	0	0	0	1	0	0	1	0	0	0	0	0	2	7	0	0	7	7	0	0	10	8	200	0	0	1.25	2.25	3.25	0	0	7	2	0	0	0	0	1	7	7	44	45	0
cost	0	0	0	1	0	7	0	0	0	0	0	10	8	0	-9	857	0	0	0	0	1	0	0	1	0	0	0	0	0	2	7	0	0	857	857	0	0	10	8	200	0	0	1.25	2.25	3.25	0	0	7	2	0	0	0	0	1	857	857	44	45	0
cost	0	0	0	1	0	7	0	0	0	0	0	10	8	0	-9	999	0	0	0	0	1	0	0	1	0	0	0	0	0	4	7	0	0	999	999	0	0	10	8	200	0	0	1.25	2.25	3.25	1	999	7	2	1	1	0	0	0	-9999	-9999	-9999	-9999	-9999
cost	0	0	0	1	0	7	0	0	0	0	0	10	8	0	-9	-999	0	0	0	0	1	0	0	1	0	0	0	0	0	4	7	0	0	-999	-999	0	0	10	8	200	0	0	1.25	2.25	3.25	1	-999	7	2	1	1	0	0	0	-9999	-9999	-9999	-9999	-9999
cost	0	0	0	1	0	7	0	0	0	0	0	10	8	0	-9	1101	0	0	0	0	1	0	0	1	0	0	0	0	0	4	7	0	0	1101	1101	0	0	10	8	200	0	0	1.25	2.25	3.25	1	1101	7	2	1	0	1	0	1	0	1101	0	45	-1
cost	0	0	0	1	0	7	0	0	0	0	0	10	8	0	-9	1300	0	0	0	0	1	0	0	1	0	0	0	0	0	4	7	0	0	1300	1300	0	0	10	8	200	0	0	1.25	2.25	3.25	1	1300	7	2	1	1	0	0	0	-9999	-9999	-9999	-9999	-9999
cost	0	0	0	1	0	7	0	0	0	0	0	0	9	0	-9	7	0	0	0	0	1	0	0	1	0	0	0	0	0	2	7	0	0	7	7	0	0	0	0	200	0	9	1.25	2.25	3.25	0	0	7	2	0	0	0	0	1	7	7	44	45	0
cost	0	0	0	1	0	7	0	0	0	0	0	0	9	0	-9	857	0	0	0	0	1	0	0	1	0	0	0	0	0	2	7	0	0	7	7	0	0	0	0	200	0	9	1.25	2.25	3.25	0	0	7	2	0	0	0	0	1	7	7	44	45	0
cost	0	0	0	1	0	7	0	0	0	0	0	0	9	0	-9	999	0	0	0	0	1	0	0	1	0	0	0	0	0	2	7	0	0	7	7	0	0	0	0	200	0	9	1.25	2.25	3.25	0	0	7	2	0	0	0	0	1	7	7	44	45	0
cost	0	0	0	1	0	7	0	0	0	0	0	0	9	0	-9	-999	0	0	0	0	1	0	0	1	0	0	0	0	0	2	7	0	0	7	7	0	0	0	0	200	0	9	1.25	2.25	3.25	0	0	7	2	0	0	0	0	1	7	7	44	45	0
cost	0	0	0	1	0	7	0	0	0	0	0	0	9	0	-9	1101	0	0	0	0	1	0	0	1	0	0	0	0	0	2	7	0	0	7	7	0	0	0	0	200	0	9	1.25	2.25	3.25	0	0	7	2	0	0	0	0	1	7	7	44	45	0
cost	0	0	0	1	0	7	0	0	0	0	0	0	9	0	-9	1300	0	0	0	0	1	0	0	1	0	0	0	0	0	2	7	0	0	7	7	0	0	0	0	200	0	9	1.25	2.25	3.25	0	0	7	2	0	0	0	0	1	7	7	44	45	0
cost	0	0	0	1	0	7	0	0	0	0	0	5	9	0	-9	7	0	0	0	0	1	0	0	1	0	0	0	0	0	2	7	0	0	7	7	0	0	5	0	200	0	9	1.25	2.25	3.25	0	0	7	2	0	0	0	0	1	7	7	44	45	0
cost	0	0	0	1	0	7	0	0	0	0	0	5	9	0	-9	857	0	0	0	0	1	0	0	1	0	0	0	0	0	2	7	0	0	7	7	0	0	5	0	200	0	9	1.25	2.25	3.25	0	0	7	2	0	0	0	0	1	7	7	44	45	0
cost	0	0	0	1	0	7	0	0	0	0	0	5	9	0	-9	999	0	0	0	0	1	0	0	1	0	0	0	0	0	2	7	0	0	7	7	0	0	5	0	200	0	9	1.25	2.25	3.25	0	0	7	2	0	0	0	0	1	7	7	44	45	0
cost	0	0	0	1	0	7	0	0	0	0	0	5	9	0	-9	-999	0	0	0	0	1	0	0	1	0	0	0	0	0	2	7	0	0	7	7	0	0	5	0	200	0	9	1.25	2.25	3.25	0	0	7	2	0	0	0	0	1	7	7	44	45	0
cost	0	0	0	1	0	7	0	0	0	0	0	5	9	0	-9	1101	0	0	0	0	1	0	0	1	0	0	0	0	0	2	7	0	0	7	7	0	0	5	0	200	0	9	1.25	2.25	3.25	0	0	7	2	0	0	0	0	1	7	7	44	45	0
cost	0	0	0	1	0	7	0	0	0	0	0	5	9	0	-9	1300	0	0	0	0	1	0	0	1	0	0	0	0	0	2	7	0	0	7	7	0	0	5	0	200	0	9	1.25	2.25	3.25	0	0	7	2	0	0	0	0	1	7	7	44	45	0
cost	0	0	0	1	0	7	0	0	0	0	0	6	9	0	-9	7	0	0	0	0	1	0	0	1	0	0	0	0	0	2	7	0	0	7	7	0	0	6	0	200	0	9	1.25	2.25	3.25	0	0	7	2	0	0	0	0	1	7	7	44	45	0
cost	0	0	0	1	0	7	0	0	0	0	0	6	9	0	-9	857	0	0	0	0	1	0	0	1	0	0	0	0	0	2	7	0	0	7	7	0	0	6	0	200	0	9	1.25	2.25	3.25	0	0	7	2	0	0	0	0	1	7	7	44	45	0
cost	0	0	0	1	0	7	0	0	0	0	0	6	9	0	-9	999	0	0	0	0	1	0	0	1	0	0	0	0	0	2	7	0	0	7	7	0	0	6	0	200	0	9	1.25	2.25	3.25	0	0	7	2	0	0	0	0	1	7	7	44	45	0
cost	0	0	0	1	0	7	0	0	0	0	0	6	9	0	-9	-999	0	0	0	0	1	0	0	1	0	0	0	0	0	2	7	0	0	7	7	0	0	6	0	200	0	9	1.25	2.25	3.25	0	0	7	2	0	0	0	0	1	7	7	44	45	0
cost	0	0	0	1	0	7	0	0	0	0	0	6	9	0	-9	1101	0	0	0	0	1	0	0	1	0	0	0	0	0	2	7	0	0	7	7	0	0	6	0	200	0	9	1.25	2.25	3.25	0	0	7	2	0	0	0	0	1	7	7	44	45	0
cost	0	0	0	1	0	7	0	0	0	0	0	6	9	0	-9	1300	0	0	0	0	1	0	0	1	0	0	0	0	0	2	7	0	0	7	7	0	0	6	0	200	0	9	1.25	2.25	3.25	0	0	7	2	0	0	0	0	1	7	7	44	45	0
cost	0	0	0	1	0	7	0	0	0	0	0	8	9	0	-9	7	0	0	0	0	1	0	0	1	0	0	0	0	0	2	7	0	0	7	7	0	0	8	0	200	0	9	1.25	2.25	3.25	0	0	7	2	0	0	0	0	1	7	7	44	45	0
cost	0	0	0	1	0	7	0	0	0	0	0	8	9	0	-9	857	0	0	0	0	1	0	0	1	0	0	0	0	0	2	7	0	0	7	7	0	0	8	0	200	0	9	1.25	2.25	3.25	0	0	7	2	0	0	0	0	1	7	7	44	45	0
cost	0	0	0	1	0	7	0	0	0	0	0	8	9	0	-9	999	0	0	0	0	1	0	0	1	0	0	0	0	0	2	7	0	0	7	7	0	0	8	0	200	0	9	1.25	2.25	3.25	0	0	7	2	0	0	0	0	1	7	7	44	45	0
cost	0	0	0	1	0	7	0	0	0	0	0	8	9	0	-9	-999	0	0	0	0	1	0	0	1	0	0	0	0	0	2	7	0	0	7	7	0	0	8	0	200	0	9	1.25	2.25	3.25	0	0	7	2	0	0	0	0	1	7	7	44	45	0
cost	0	0	0	1	0	7	0	0	0	0	0	8	9	0	-9	1101	0	0	0	0	1	0	0	1	0	0	0	0	0	2	7	0	0	7	7	0	0	8	0	200	0	9	1.25	2.25	3.25	0	0	7	2	0	0	0	0	1	7	7	44	45	0
cost	0	0	0	1	0	7	0	0	0	0	0	8	9	0	-9	1300	0	0	0	0	1	0	0	1	0	0	0	0	0	2	7	0	0	7	7	0	0	8	0	200	0	9	1.25	2.25	3.25	0	0	7	2	0	0	0	0	1	7	7	44	45	0
cost	0	0	0	1	0	7	0	0	0	0	0	9	9	0	-9	7	0	0	0	0	1	0	0	1	0	0	0	0	0	2	7	0	0	7	7	0	0	9	0	200	0	9	1.25	2.25	3.25	0	0	7	2	0	0	0	0	1	7	7	44	45	0
cost	0	0	0	1	0	7	0	0	0	0	0	9	9	0	-9	857	0	0	0	0	1	0	0	1	0	0	0	0	0	2	7	0	0	7	7	0	0	9	0	200	0	9	1.25	2.25	3.25	0	0	7	2	0	0	0	0	1	7	7	44	45	0
cost	0	0	0	1	0	7	0	0	0	0	0	9	9	0	-9	999	0	0	0	0	1	0	0	1	0	0	0	0	0	2	7	0	0	7	7	0	0	9	0	200	0	9	1.25	2.25	3.25	0	0	7	2	0	0	0	0	1	7	7	44	45	0
cost	0	0	0	1	0	7	0	0	0	0	0	9	9	0	-9	-999	0	0	0	0	1	0	0	1	0	0	0	0	0	2	7	0	0	7	7	0	0	9	0	200	0	9	1.25	2.25	3.25	0	0	7	2	0	0	0	0	1	7	7	44	45	0
cost	0	0	0	1	0	7	0	0	0	0	0	9	9	0	-9	1101	0	0	0	0	1	0	0	1	0	0	0	0	0	2	7	0	0	7	7	0	0	9	0	200	0	9	1.25	2.25	3.25	0	0	7	2	0	0	0	0	1	7	7	44	45	0
cost	0	0	0	1	0	7	0	0	0	0	0	9	9	0	-9	1300	0	0	0	0	1	0	0	1	0	0	0	0	0	2	7	0	0	7	7	0	0	9	0	200	0	9	1.25	2.25	3.25	0	0	7	2	0	0	0	0	1	7	7	44	45	0
cost	0	0	0	1	0	7	0	0	0	0	0	10	9	0	-9	7	0	0	0	0	1	0	0	1	0	0	0	0	0	2	7	0	0	7	7	0	0	10	0	200	0	9	1.25	2.25	3.25	0	0	7	2	0	0	0	0	1	7	7	44	45	0
cost	0	0	0	1	0	7	0	0	0	0	0	10	9	0	-9	857	0	0	0	0	1	0	0	1	0	0	0	0	0	2	7	0	0	7	7	0	0	10	0	200	0	9	1.25	2.25	3.25	0	0	7	2	0	0	0	0	1	7	7	44	45	0
cost	0	0	0	1	0	7	0	0	0	0	0	10	9	0	-9	999	0	0	0	0	1	0	0	1	0	0	0	0	0	2	7	0	0	7	7	0	0	10	0	200	0	9	1.25	2.25	3.25	0	0	7	2	0	0	0	0	1	7	7	44	45	0
cost	0	0	0	1	0	7	0	0	0	0	0	10	9	0	-9	-999	0	0	0	0	1	0	0	1	0	0	0	0	0	2	7	0	0	7	7	0	0	10	0	200	0	9	1.25	2.25	3.25	0	0	7	2	0	0	0	0	1	7	7	44	45	0
cost	0	0	0	1	0	7	0	0	0	0	0	10	9	0	-9	1101	0	0	0	0	1	0	0	1	0	0	0	0	0	2	7	0	0	7	7	0	0	10	0	200	0	9	1.25	2.25	3.25	0	0	7	2	0	0	0	0	1	7	7	44	45	0
cost	0	0	0	1	0	7	0	0	0	0	0	10	9	0	-9	1300	0	0	0	0	1	0	0	1	0	0	0	0	0	2	7	0	0	7	7	0	0	10	0	200	0	9	1.25	2.25	3.25	0	0	7	2	0	0	0	0	1	7	7	44	45	0
cost	0	0	0	1	0	7	0	0	0	0	0	0	10	0	-9	7	0	0	0	0	1	0	0	1	0	0	0	0	0	2	7	0	0	7	7	0	0	0	1	200	0	9	1.25	2.25	3.25	0	0	7	2	0	0	0	0	1	7	7	44	45	0
cost	0	0	0	1	0	7	0	0	0	0	0	0	10	0	-9	857	0	0	0	0	1	0	0	1	0	0	0	0	0	2	7	0	0	7	7	0	0	0	1	200	0	9	1.25	2.25	3.25	0	0	7	2	0	0	0	0	1	7	7	44	45	0
cost	0	0	0	1	0	7	0	0	0	0	0	0	10	0	-9	999	0	0	0	0	1	0	0	1	0	0	0	0	0	2	7	0	0	7	7	0	0	0	1	200	0	9	1.25	2.25	3.25	0	0	7	2	0	0	0	0	1	7	7	44	45	0
cost	0	0	0	1	0	7	0	0	0	0	0	0	10	0	-9	-999	0	0	0	0	1	0	0	1	0	0	0	0	0	2	7	0	0	7	7	0	0	0	1	200	0	9	1.25	2.25	3.25	0	0	7	2	0	0	0	0	1	7	7	44	45	0
cost	0	0	0	1	0	7	0	0	0	0	0	0	10	0	-9	1101	0	0	0	0	1	0	0	1	0	0	0	0	0	2	7	0	0	7	7	0	0	0	1	200	0	9	1.25	2.25	3.25	0	0	7	2	0	0	0	0	1	7	7	44	45	0
cost	0	0	0	1	0	7	0	0	0	0	0	0	10	0	-9	1300	0	0	0	0	1	0	0	1	0	0	0	0	0	2	7	0	0	7	7	0	0	0	1	200	0	9	1.25	2.25	3.25	0	0	7	2	0	0	0	0	1	7	7	44	45	0
cost	0	0	0	1	0	7	0	0	0	0	0	5	10	0	-9	7	0	0	0	0	1	0	0	1	0	0	0	0	0	2	7	0	0	7	7	0	0	5	1	200	0	9	1.25	2.25	3.25	0	0	7	2	0	0	0	0	1	7	7	44	45	0
cost	0	0	0	1	0	7	0	0	0	0	0	5	10	0	-9	857	0	0	0	0	1	0	0	1	0	0	0	0	0	2	7	0	0	7	7	0	0	5	1	200	0	9	1.25	2.25	3.25	0	0	7	2	0	0	0	0	1	7	7	44	45	0
cost	0	0	0	1	0	7	0	0	0	0	0	5	10	0	-9	999	0	0	0	0	1	0	0	1	0	0	0	0	0	2	7	0	0	7	7	0	0	5	1	200	0	9	1.25	2.25	3.25	0	0	7	2	0	0	0	0	1	7	7	44	45	0
cost	0	0	0	1	0	7	0	0	0	0	0	5	10	0	-9	-999	0	0	0	0	1	0	0	1	0	0	0	0	0	2	7	0	0	7	7	0	0	5	1	200	0	9	1.25	2.25	3.25	0	0	7	2	0	0	0	0	1	7	7	44	45	0
cost	0	0	0	1	0	7	0	0	0	0	0	5	10	0	-9	1101	0	0	0	0	1	0	0	1	0	0	0	0	0	2	7	0	0	7	7	0	0	5	1	200	0	9	1.25	2.25	3.25	0	0	7	2	0	0	0	0	1	7	7	44	45	0
cost	0	0	0	1	0	7	0	0	0	0	0	5	10	0	-9	1300	0	0	0	0	1	0	0	1	0	0	0	0	0	2	7	0	0	7	7	0	0	5	1	200	0	9	1.25	2.25	3.25	0	0	7	2	0	0	0	0	1	7	7	44	45	0
cost	0	0	0	1	0	7	0	0	0	0	0	6	10	0	-9	7	0	0	0	0	1	0	0	1	0	0	0	0	0	2	7	0	0	7	7	0	0	6	1	200	0	9	1.25	2.25	3.25	0	0	7	2	0	0	0	0	1	7	7	44	45	0
cost	0	0	0	1	0	7	0	0	0	0	0	6	10	0	-9	857	0	0	0	0	1	0	0	1	0	0	0	0	0	2	7	0	0	7	7	0	0	6	1	200	0	9	1.25	2.25	3.25	0	0	7	2	0	0	0	0	1	7	7	44	45	0
cost	0	0	0	1	0	7	0	0	0	0	0	6	10	0	-9	999	0	0	0	0	1	0	0	1	0	0	0	0	0	2	7	0	0	7	7	0	0	6	1	200	0	9	1.25	2.25	3.25	0	0	7	2	0	0	0	0	1	7	7	44	45	0
cost	0	0	0	1	0	7	0	0	0	0	0	6	10	0	-9	-999	0	0	0	0	1	0	0	1	0	0	0	0	0	2	7	0	0	7	7	0	0	6	1	200	0	9	1.25	2.25	3.25	0	0	7	2	0	0	0	0	1	7	7	44	45	0
cost	0	0	0	1	0	7	0	0	0	0	0	6	10	0	-9	1101	0	0	0	0	1	0	0	1	0	0	0	0	0	2	7	0	0	7	7	0	0	6	1	200	0	9	1.25	2.25	3.25	0	0	7	2	0	0	0	0	1	7	7	44	45	0
cost	0	0	0	1	0	7	0	0	0	0	0	6	10	0	-9	1300	0	0	0	0	1	0	0	1	0	0	0	0	0	2	7	0	0	7	7	0	0	6	1	200	0	9	1.25	2.25	3.25	0	0	7	2	0	0	0	0	1	7	7	44	45	0
cost	0	0	0	1	0	7	0	0	0	0	0	8	10	0	-9	7	0	0	0	0	1	0	0	1	0	0	0	0	0	2	7	0	0	7	7	0	0	8	1	200	0	9	1.25	2.25	3.25	0	0	7	2	0	0	0	0	1	7	7	44	45	0
cost	0	0	0	1	0	7	0	0	0	0	0	8	10	0	-9	857	0	0	0	0	1	0	0	1	0	0	0	0	0	2	7	0	0	7	7	0	0	8	1	200	0	9	1.25	2.25	3.25	0	0	7	2	0	0	0	0	1	7	7	44	45	0
cost	0	0	0	1	0	7	0	0	0	0	0	8	10	0	-9	999	0	0	0	0	1	0	0	1	0	0	0	0	0	2	7	0	0	7	7	0	0	8	1	200	0	9	1.25	2.25	3.25	0	0	7	2	0	0	0	0	1	7	7	44	45	0
cost	0	0	0	1	0	7	0	0	0	0	0	8	10	0	-9	-999	0	0	0	0	1	0	0	1	0	0	0	0	0	2	7	0	0	7	7	0	0	8	1	200	0	9	1.25	2.25	3.25	0	0	7	2	0	0	0	0	1	7	7	44	45	0
cost	0	0	0	1	0	7	0	0	0	0	0	8	10	0	-9	1101	0	0	0	0	1	0	0	1	0	0	0	0	0	2	7	0	0	7	7	0	0	8	1	200	0	9	1.25	2.25	3.25	0	0	7	2	0	0	0	0	1	7	7	44	45	0
cost	0	0	0	1	0	7	0	0	0	0	0	8	10	0	-9	1300	0	0	0	0	1	0	0	1	0	0	0	0	0	2	7	0	0	7	7	0	0	8	1	200	0	9	1.25	2.25	3.25	0	0	7	2	0	0	0	0	1	7	7	44	45	0
cost	0	0	0	1	0	7	0	0	0	0	0	9	10	0	-9	7	0	0	0	0	1	0	0	1	0	0	0	0	0	2	7	0	0	7	7	0	0	9	1	200	0	9	1.25	2.25	3.25	0	0	7	2	0	0	0	0	1	7	7	44	45	0
cost	0	0	0	1	0	7	0	0	0	0	0	9	10	0	-9	857	0	0	0	0	1	0	0	1	0	0	0	0	0	2	7	0	0	7	7	0	0	9	1	200	0	9	1.25	2.25	3.25	0	0	7	2	0	0	0	0	1	7	7	44	45	0
cost	0	0	0	1	0	7	0	0	0	0	0	9	10	0	-9	999	0	0	0	0	1	0	0	1	0	0	0	0	0	2	7	0	0	7	7	0	0	9	1	200	0	9	1.25	2.25	3.25	0	0	7	2	0	0	0	0	1	7	7	44	45	0
cost	0	0	0	1	0	7	0	0	0	0	0	9	10	0	-9	-999	0	0	0	0	1	0	0	1	0	0	0	0	0	2	7	0	0	7	7	0	0	9	1	200	0	9	1.25	2.25	3.25	0	0	7	2	0	0	0	0	1	7	7	44	45	0
cost	0	0	0	1	0	7	0	0	0	0	0	9	10	0	-9	1101	0	0	0	0	1	0	0	1	0	0	0	0	0	2	7	0	0	7	7	0	0	9	1	200	0	9	1.25	2.25	3.25	0	0	7	2	0	0	0	0	1	7	7	44	45	0
cost	0	0	0	1	0	7	0	0	0	0	0	9	10	0	-9	1300	0	0	0	0	1	0	0	1	0	0	0	0	0	2	7	0	0	7	7	0	0	9	1	200	0	9	1.25	2.25	3.25	0	0	7	2	0	0	0	0	1	7	7	44	45	0
cost	0	0	0	1	0	7	0	0	0	0	0	10	10	0	-9	7	0	0	0	0	1	0	0	1	0	0	0	0	0	2	7	0	0	7	7	0	0	10	1	200	0	9	1.25	2.25	3.25	0	0	7	2	0	0	0	0	1	7	7	44	45	0
cost	0	0	0	1	0	7	0	0	0	0	0	10	10	0	-9	857	0	0	0	0	1	0	0	1	0	0	0	0	0	2	7	0	0	7	7	0	0	10	1	200	0	9	1.25	2.25	3.25	0	0	7	2	0	0	0	0	1	7	7	44	45	0
cost	0	0	0	1	0	7	0	0	0	0	0	10	10	0	-9	999	0	0	0	0	1	0	0	1	0	0	0	0	0	2	7	0	0	7	7	0	0	10	1	200	0	9	1.25	2.25	3.25	0	0	7	2	0	0	0	0	1	7	7	44	45	0
cost	0	0	0	1	0	7	0	0	0	0	0	10	10	0	-9	-999	0	0	0	0	1	0	0	1	0	0	0	0	0	2	7	0	0	7	7	0	0	10	1	200	0	9	1.25	2.25	3.25	0	0	7	2	0	0	0	0	1	7	7	44	45	0
cost	0	0	0	1	0	7	0	0	0	0	0	10	10	0	-9	1101	0	0	0	0	1	0	0	1	0	0	0	0	0	2	7	0	0	7	7	0	0	10	1	200	0	9	1.25	2.25	3.25	0	0	7	2	0	0	0	0	1	7	7	44	45	0
cost	0	0	0	1	0	7	0	0	0	0	0	10	10	0	-9	1300	0	0	0	0	1	0	0	1	0	0	0	0	0	2	7	0	0	7	7	0	0	10	1	200	0	9	1.25	2.25	3.25	0	0	7	2	0	0	0	0	1	7	7	44	45	0
cost	0	0	0	1	0	7	0	0	0	0	0	0	0	6	-9	7	0	0	0	0	1	0	0	1	0	0	0	0	0	2	7	0	0	7	7	0	0	0	0	200	0	0	1.25	2.25	3.25	0	0	7	2	0	0	0	0	1	7	7	44	45	0
cost	0	0	0	1	0	7	0	0	0	0	0	0	0	6	-9	857	0	0	0	0	1	0	0	1	0	0	0	0	0	2	7	0	0	857	857	0	0	0	0	200	0	0	1.25	2.25	3.25	0	0	7	2	0	0	0	0	1	857	857	44	45	0
cost	0	0	0	1	0	7	0	0	0	0	0	0	0	6	-9	999	0	0	0	0	1	0	0	1	0	0	0	0	0	4	7	0	0	999	999	0	0	0	0	200	0	0	1.25	2.25	3.25	1	999	7	2	1	1	0	0	0	-9999	-9999	-9999	-9999	-9999
cost	0	0	0	1	0	7	0	0	0	0	0	0	0	6	-9	-999	0	0	0	0	1	0	0	1	0	0	0	0	0	4	7	0	0	-999	-999	0	0	0	0	200	0	0	1.25	2.25	3.25	1	-999	7	2	1	1	0	0	0	-9999	-9999	-9999	-9999	-9999
cost	0	0	0	1	0	7	0	0	0	0	0	0	0	6	-9	1101	0	0	0	0	1	0	0	1	0	0	0	0	0	4	7	0	0	1101	1101	0	0	0	0	200	0	0	1.25	2.25	3.25	1	1101	7	2	1	0	1	0	1	0	1101	0	45	-1
cost	0	0	0	1	0	7	0	0	0	0	0	0	0	6	-9	1300	0	0	0	0	1	0	0	1	0	0	0	0	0	4	7	0	0	1300	1300	0	0	0	0	200	0	0	1.25	2.25	3.25	1	1300	7	2	1	1	0	0	0	-9999	-9999	-9999	-9999	-9999
cost	0	0	0	1	0	7	0	0	0	0	0	5	0	6	-9	7	0	0	0	0	1	0	0	1	0	0	0	0	0	2	7	0	0	7	7	0	0	5	0	200	0	0	1.25	2.25	3.25	0	0	7	2	0	0	0	0	1	7	7	44	45	0
cost	0	0	0	1	0	7	0	0	0	0	0	5	0	6	-9	857	0	0	0	0	1	0	0	1	0	0	0	0	0	2	7	0	0	857	857	0	0	5	0	200	0	0	1.25	2.25	3.25	0	0	7	2	0	0	0	0	1	857	857	44	45	0
cost	0	0	0	1	0	7	0	0	0	0	0	5	0	6	-9	999	0	0	0	0	1	0	0	1	0	0	0	0	0	4	7	0	0	999	999	0	0	5	0	200	0	0	1.25	2.25	3.25	1	999	7	2	1	1	0	0	0	-9999	-9999	-9999	-9999	-9999
cost	0	0	0	1	0	7	0	0	0	0	0	5	0	6	-9	-999	0	0	0	0	1	0	0	1	0	0	0	0	0	4	7	0	0	-999	-999	0	0	5	0	200	0	0	1.25	2.25	3.25	1	-999	7	2	1	1	0	0	0	-9999	-9999	-9999	-9999	-9999
cost	0	0	0	1	0	7	0	0	0	0	0	5	0	6	-9	1101	0	0	0	0	1	0	0	1	0	0	0	0	0	4	7	0	0	1101	1101	0	0	5	0	200	0	0	1.25	2.25	3.25	1	1101	7	2	1	0	1	0	1	0	1101	0	45	-1
cost	0	0	0	1	0	7	0	0	0	0	0	5	0	6	-9	1300	0	0	0	0	1	0	0	1	0	0	0	0	0	4	7	0	0	1300	1300	0	0	5	0	200	0	0	1.25	2.25	3.25	1	1300	7	2	1	1	0	0	0	-9999	-9999	-9999	-9999	-9999
cost	0	0	0	1	0	7	0	0	0	0	0	6	0	6	-9	7	0	0	0	0	1	0	0	1	0	0	0	0	0	2	7	0	0	7	7	0	0	6	0	200	0	0	1.25	2.25	3.25	0	0	7	2	0	0	0	0	1	7	7	44	45	0
cost	0	0	0	1	0	7	0	0	0	0	0	6	0	6	-9	857	0	0	0	0	1	0	0	1	0	0	0	0	0	2	7	0	0	857	857	0	0	6	0	200	0	0	1.25	2.25	3.25	0	0	7	2	0	0	0	0	1	857	857	44	45	0
cost	0	0	0	1	0	7	0	0	0	0	0	6	0	6	-9	999	0	0	0	0	1	0	0	1	0	0	0	0	0	4	7	0	0	999	999	0	0	6	0	200	0	0	1.25	2.25	3.25	1	999	7	2	1	1	0	0	0	-9999	-9999	-9999	-9999	-9999
cost	0	0	0	1	0	7	0	0	0	0	0	6	0	6	-9	-999	0	0	0	0	1	0	0	1	0	0	0	0	0	4	7	0	0	-999	-999	0	0	6	0	200	0	0	1.25	2.25	3.25	1	-999	7	2	1	1	0	0	0	-9999	-9999	-9999	-9999	-9999
cost	0	0	0	1	0	7	0	0	0	0	0	6	0	6	-9	1101	0	0	0	0	1	0	0	1	0	0	0	0	0	4	7	0	0	1101	1101	0	0	6	0	200	0	0	1.25	2.25	3.25	1	1101	7	2	1	0	1	0	1	0	1101	0	45	-1
cost	0	0	0	1	0	7	0	0	0	0	0	6	0	6	-9	1300	0	0	0	0	1	0	0	1	0	0	0	0	0	4	7	0	0	1300	1300	0	0	6	0	200	0	0	1.25	2.25	3.25	1	1300	7	2	1	1	0	0	0	-9999	-9999	-9999	-9999	-9999
cost	0	0	0	1	0	7	0	0	0	0	0	8	0	6	-9	7	0	0	0	0	1	0	0	1	0	0	0	0	0	2	7	0	0	7	7	0	0	8	0	200	0	0	1.25	2.25	3.25	0	0	7	2	0	0	0	0	1	7	7	44	45	0
cost	0	0	0	1	0	7	0	0	0	0	0	8	0	6	-9	857	0	0	0	0	1	0	0	1	0	0	0	0	0	2	7	0	0	857	857	0	0	8	0	200	0	0	1.25	2.25	3.25	0	0	7	2	0	0	0	0	1	857	857	44	45	0
cost	0	0	0	1	0	7	0	0	0	0	0	8	0	6	-9	999	0	0	0	0	1	0	0	1	0	0	0	0	0	4	7	0	0	999	999	0	0	8	0	200	0	0	1.25	2.25	3.25	1	999	7	2	1	1	0	0	0	-9999	-9999	-9999	-9999	-9999
cost	0	0	0	1	0	7	0	0	0	0	0	8	0	6	-9	-999	0	0	0	0	1	0	0	1	0	0	0	0	0	4	7	0	0	-999	-999	0	0	8	0	200	0	0	1.25	2.25	3.25	1	-999	7	2	1	1	0	0	0	-9999	-9999	-9999	-9999	-9999
cost	0	0	0	1	0	7	0	0	0	0	0	8	0	6	-9	1101	0	0	0	0	1	0	0	1	0	0	0	0	0	4	7	0	0	1101	1101	0	0	8	0	200	0	0	1.25	2.25	3.25	1	1101	7	2	1	0	1	0	1	0	1101	0	45	-1
cost	0	0	0	1	0	7	0	0	0	0	0	8	0	6	-9	1300	0	0	0	0	1	0	0	1	0	0	0	0	0	4	7	0	0	1300	1300	0	0	8	0	200	0	0	1.25	2.25	3.25	1	1300	7	2	1	1	0	0	0	-9999	-9999	-9999	-9999	-9999
cost	0	0	0	1	0	7	0	0	0	0	0	9	0	6	-9	7	0	0	0	0	1	0	0	1	0	0	0	0	0	2	7	0	0	7	7	0	0	9	0	200	0	0	1.25	2.25	3.25	0	0	7	2	0	0	0	0	1	7	7	44	45	0
cost	0	0	0	1	0	7	0	0	0	0	0	9	0	6	-9	857	0	0	0	0	1	0	0	1	0	0	0	0	0	2	7	0	0	857	857	0	0	9	0	200	0	0	1.25	2.25	3.25	0	0	7	2	0	0	0	0	1	857	857	44	45	0
cost	0	0	0	1	0	7	0	0	0	0	0	9	0	6	-9	999	0	0	0	0	1	0	0	1	0	0	0	0	0	4	7	0	0	999	999	0	0	9	0	200	0	0	1.25	2.25	3.25	1	999	7	2	1	1	0	0	0	-9999	-9999	-9999	-9999	-9999
cost	0	0	0	1	0	7	0	0	0	0	0	9	0	6	-9	-999	0	0	0	0	1	0	0	1	0	0	0	0	0	4	7	0	0	-999	-999	0	0	9	0	200	0	0	1.25	2.25	3.25	1	-999	7	2	1	1	0	0	0	-9999	-9999	-9999	-9999	-9999
cost	0	0	0	1	0	7	0	0	0	0	0	9	0	6	-9	1101	0	0	0	0	1	0	0	1	0	0	0	0	0	4	7	0	0	1101	1101	0	0	9	0	200	0	0	1.25	2.25	3.25	1	1101	7	2	1	0	1	0	1	0	1101	0	45	-1
cost	0	0	0	1	0	7	0	0	0	0	0	9	0	6	-9	1300	0	0	0	0	1	0	0	1	0	0	0	0	0	4	7	0	0	1300	1300	0	0	9	0	200	0	0	1.25	2.25	3.25	1	1300	7	2	1	1	0	0	0	-9999	-9999	-9999	-9999	-9999
cost	0	0	0	1	0	7	0	0	0	0	0	10	0	6	-9	7	0	0	0	0	1	0	0	1	0	0	0	0	0	2	7	0	0	7	7	0	0	10	0	200	0	0	1.25	2.25	3.25	0	0	7	2	0	0	0	0	1	7	7	44	45	0
cost	0	0	0	1	0	7	0	0	0	0	0	10	0	6	-9	857	0	0	0	0	1	0	0	1	0	0	0	0	0	2	7	0	0	857	857	0	0	10	0	200	0	0	1.25	2.25	3.25	0	0	7	2	0	0	0	0	1	857	857	44	45	0
cost	0	0	0	1	0	7	0	0	0	0	0	10	0	6	-9	999	0	0	0	0	1	0	0	1	0	0	0	0	0	4	7	0	0	999	999	0	0	10	0	200	0	0	1.25	2.25	3.25	1	999	7	2	1	1	0	0	0	-9999	-9999	-9999	-9999	-9999
cost	0	0	0	1	0	7	0	0	0	0	0	10	0	6	-9	-999	0	0	0	0	1	0	0	1	0	0	0	0	0	4	7	0	0	-999	-999	0	0	10	0	200	0	0	1.25	2.25	3.25	1	-999	7	2	1	1	0	0	0	-9999	-9999	-9999	-9999	-9999
cost	0	0	0	1	0	7	0	0	0	0	0	10	0	6	-9	1101	0	0	0	0	1	0	0	1	0	0	0	0	0	4	7	0	0	1101	1101	0	0	10	0	200	0	0	1.25	2.25	3.25	1	1101	7	2	1	0	1	0	1	0	1101	0	45	-1
cost	0	0	0	1	0	7	0	0	0	0	0	10	0	6	-9	1300	0	0	0	0	1	0	0	1	0	0	0	0	0	4	7	0	0	1300	1300	0	0	10	0	200	0	0	1.25	2.25	3.25	1	1300	7	2	1	1	0	0	0	-9999	-9999	-9999	-9999	-9999
cost	0	0	0	1	0	7	0	0	0	0	0	0	5	6	-9	7	0	0	0	0	1	0	0	1	0	0	0	0	0	2	7	0	0	7	7	0	0	0	5	200	0	0	1.25	2.25	3.25	0	0	7	2	0	0	0	0	1	7	7	44	45	0
cost	0	0	0	1	0	7	0	0	0	0	0	0	5	6	-9	857	0	0	0	0	1	0	0	1	0	0	0	0	0	2	7	0	0	857	857	0	0	0	5	200	0	0	1.25	2.25	3.25	0	0	7	2	0	0	0	0	1	857	857	44	45	0
cost	0	0	0	1	0	7	0	0	0	0	0	0	5	6	-9	999	0	0	0	0	1	0	0	1	0	0	0	0	0	4	7	0	0	999	999	0	0	0	5	200	0	0	1.25	2.25	3.25	1	999	7	2	1	1	0	0	0	-9999	-9999	-9999	-9999	-9999
cost	0	0	0	1	0	7	0	0	0	0	0	0	5	6	-9	-999	0	0	0	0	1	0	0	1	0	0	0	0	0	4	7	0	0	-999	-999	0	0	0	5	200	0	0	1.25	2.25	3.25	1	-999	7	2	1	1	0	0	0	-9999	-9999	-9999	-9999	-9999
cost	0	0	0	1	0	7	0	0	0	0	0	0	5	6	-9	1101	0	0	0	0	1	0	0	1	0	0	0	0	0	4	7	0	0	1101	1101	0	0	0	5	200	0	0	1.25	2.25	3.25	1	1101	7	2	1	0	1	0	1	0	1101	0	45	-1
cost	0	0	0	1	0	7	0	0	0	0	0	0	5	6	-9	1300	0	0	0	0	1	0	0	1	0	0	0	0	0	4	7	0	0	1300	1300	0	0	0	5	200	0	0	1.25	2.25	3.25	1	1300	7	2	1	1	0	0	0	-9999	-9999	-9999	-9999	-9999
cost	0	0	0	1	0	7	0	0	0	0	0	5	5	6	-9	7	0	0	0	0	1	0	0	1	0	0	0	0	0	2	7	0	0	7	7	0	0	5	5	200	0	0	1.25	2.25	3.25	0	0	7	2	0	0	0	0	1	7	7	44	45	0
cost	0	0	0	1	0	7	0	0	0	0	0	5	5	6	-9	857	0	0	0	0	1	0	0	1	0	0	0	0	0	2	7	0	0	857	857	0	0	5	5	200	0	0	1.25	2.25	3.25	0	0	7	2	0	0	0	0	1	857	857	44	45	0
cost	0	0	0	1	0	7	0	0	0	0	0	5	5	6	-9	999	0	0	0	0	1	0	0	1	0	0	0	0	0	4	7	0	0	999	999	0	0	5	5	200	0	0	1.25	2.25	3.25	1	999	7	2	1	1	0	0	0	-9999	-9999	-9999	-9999	-9999
cost	0	0	0	1	0	7	0	0	0	0	0	5	5	6	-9	-999	0	0	0	0	1	0	0	1	0	0	0	0	0	4	7	0	0	-999	-999	0	0	5	5	200	0	0	1.25	2.25	3.25	1	-999	7	2	1	1	0	0	0	-9999	-9999	-9999	-9999	-9999
cost	0	0	0	1	0	7	0	0	0	0	0	5	5	6	-9	1101	0	0	0	0	1	0	0	1	0	0	0	0	0	4	7	0	0	1101	1101	0	0	5	5	200	0	0	1.25	2.25	3.25	1	1101	7	2	1	0	1	0	1	0	1101	0	45	-1
cost	0	0	0	1	0	7	0	0	0	0	0	5	5	6	-9	1300	0	0	0	0	1	0	0	1	0	0	0	0	0	4	7	0	0	1300	1300	0	0	5	5	200	0	0	1.25	2.25	3.25	1	1300	7	2	1	1	0	0	0	-9999	-9999	-9999	-9999	-9999
cost	0	0	0	1	0	7	0	0	0	0	0	6	5	6	-9	7	0	0	0	0	1	0	0	1	0	0	0	0	0	2	7	0	0	7	7	0	0	6	5	200	0	0	1.25	2.25	3.25	0	0	7	2	0	0	0	0	1	7	7	44	45	0
cost	0	0	0	1	0	7	0	0	0	0	0	6	5	6	-9	857	0	0	0	0	1	0	0	1	0	0	0	0	0	2	7	0	0	857	857	0	0	6	5	200	0	0	1.25	2.25	3.25	0	0	7	2	0	0	0	0	1	857	857	44	45	0
cost	0	0	0	1	0	7	0	0	0	0	0	6	5	6	-9	999	0	0	0	0	1	0	0	1	0	0	0	0	0	4	7	0	0	999	999	0	0	6	5	200	0	0	1.25	2.25	3.25	1	999	7	2	1	1	0	0	0	-9999	-9999	-9999	-9999	-9999
cost	0	0	0	1	0	7	0	0	0	0	0	6	5	6	-9	-999	0	0	0	0	1	0	0	1	0	0	0	0	0	4	7	0	0	-999	-999	0	0	6	5	200	0	0	1.25	2.25	3.25	1	-999	7	2	1	1	0	0	0	-9999	-9999	-9999	-9999	-9999
cost	0	0	0	1	0	7	0	0	0	0	0	6	5	6	-9	1101	0	0	0	0	1	0	0	1	0	0	0	0	0	4	7	0	0	1101	1101	0	0	6	5	200	0	0	1.25	2.25	3.25	1	1101	7	2	1	0	1	0	1	0	1101	0	45	-1
cost	0	0	0	1	0	7	0	0	0	0	0	6	5	6	-9	1300	0	0	0	0	1	0	0	1	0	0	0	0	0	4	7	0	0	1300	1300	0	0	6	5	200	0	0	1.25	2.25	3.25	1	1300	7	2	1	1	0	0	0	-9999	-9999	-9999	-9999	-9999
cost	0	0	0	1	0	7	0	0	0	0	0	8	5	6	-9	7	0	0	0	0	1	0	0	1	0	0	0	0	0	2	7	0	0	7	7	0	0	8	5	200	0	0	1.25	2.25	3.25	0	0	7	2	0	0	0	0	1	7	7	44	45	0
cost	0	0	0	1	0	7	0	0	0	0	0	8	5	6	-9	857	0	0	0	0	1	0	0	1	0	0	0	0	0	2	7	0	0	857	857	0	0	8	5	200	0	0	1.25	2.25	3.25	0	0	7	2	0	0	0	0	1	857	857	44	45	0
cost	0	0	0	1	0	7	0	0	0	0	0	8	5	6	-9	999	0	0	0	0	1	0	0	1	0	0	0	0	0	4	7	0	0	999	999	0	0	8	5	200	0	0	1.25	2.25	3.25	1	999	7	2	1	1	0	0	0	-9999	-9999	-9999	-9999	-9999
cost	0	0	0	1	0	7	0	0	0	0	0	8	5	6	-9	-999	0	0	0	0	1	0	0	1	0	0	0	0	0	4	7	0	0	-999	-999	0	0	8	5	200	0	0	1.25	2.25	3.25	1	-999	7	2	1	1	0	0	0	-9999	-9999	-9999	-9999	-9999
cost	0	0	0	1	0	7	0	0	0	0	0	8	5	6	-9	1101	0	0	0	0	1	0	0	1	0	0	0	0	0	4	7	0	0	1101	1101	0	0	8	5	200	0	0	1.25	2.25	3.25	1	1101	7	2	1	0	1	0	1	0	1101	0	45	-1
cost	0	0	0	1	0	7	0	0	0	0	0	8	5	6	-9	1300	0	0	0	0	1	0	0	1	0	0	0	0	0	4	7	0	0	1300	1300	0	0	8	5	200	0	0	1.25	2.25	3.25	1	1300	7	2	1	1	0	0	0	-9999	-9999	-9999	-9999	-9999
cost	0	0	0	1	0	7	0	0	0	0	0	9	5	6	-9	7	0	0	0	0	1	0	0	1	0	0	0	0	0	2	7	0	0	7	7	0	0	9	5	200	0	0	1.25	2.25	3.25	0	0	7	2	0	0	0	0	1	7	7	44	45	0
cost	0	0	0	1	0	7	0	0	0	0	0	9	5	6	-9	857	0	0	0	0	1	0	0	1	0	0	0	0	0	2	7	0	0	857	857	0	0	9	5	200	0	0	1.25	2.25	3.25	0	0	7	2	0	0	0	0	1	857	857	44	45	0
cost	0	0	0	1	0	7	0	0	0	0	0	9	5	6	-9	999	0	0	0	0	1	0	0	1	0	0	0	0	0	4	7	0	0	999	999	0	0	9	5	200	0	0	1.25	2.25	3.25	1	999	7	2	1	1	0	0	0	-9999	-9999	-9999	-9999	-9999
cost	0	0	0	1	0	7	0	0	0	0	0	9	5	6	-9	-999	0	0	0	0	1	0	0	1	0	0	0	0	0	4	7	0	0	-999	-999	0	0	9	5	200	0	0	1.25	2.25	3.25	1	-999	7	2	1	1	0	0	0	-9999	-9999	-9999	-9999	-9999
cost	0	0	0	1	0	7	0	0	0	0	0	9	5	6	-9	1101	0	0	0	0	1	0	0	1	0	0	0	0	0	4	7	0	0	1101	1101	0	0	9	5	200	0	0	1.25	2.25	3.25	1	1101	7	2	1	0	1	0	1	0	1101	0	45	-1
cost	0	0	0	1	0	7	0	0	0	0	0	9	5	6	-9	1300	0	0	0	0	1	0	0	1	0	0	0	0	0	4	7	0	0	1300	1300	0	0	9	5	200	0	0	1.25	2.25	3.25	1	1300	7	2	1	1	0	0	0	-9999	-9999	-9999	-9999	-9999
cost	0	0	0	1	0	7	0	0	0	0	0	10	5	6	-9	7	0	0	0	0	1	0	0	1	0	0	0	0	0	2	7	0	0	7	7	0	0	10	5	200	0	0	1.25	2.25	3.25	0	0	7	2	0	0	0	0	1	7	7	44	45	0
cost	0	0	0	1	0	7	0	0	0	0	0	10	5	6	-9	857	0	0	0	0	1	0	0	1	0	0	0	0	0	2	7	0	0	857	857	0	0	10	5	200	0	0	1.25	2.25	3.25	0	0	7	2	0	0	0	0	1	857	857	44	45	0
cost	0	0	0	1	0	7	0	0	0	0	0	10	5	6	-9	999	0	0	0	0	1	0	0	1	0	0	0	0	0	4	7	0	0	999	999	0	0	10	5	200	0	0	1.25	2.25	3.25	1	999	7	2	1	1	0	0	0	-9999	-9999	-9999	-9999	-9999
cost	0	0	0	1	0	7	0	0	0	0	0	10	5	6	-9	-999	0	0	0	0	1	0	0	1	0	0	0	0	0	4	7	0	0	-999	-999	0	0	10	5	200	0	0	1.25	2.25	3.25	1	-999	7	2	1	1	0	0	0	-9999	-9999	-9999	-9999	-9999
cost	0	0	0	1	0	7	0	0	0	0	0	10	5	6	-9	1101	0	0	0	0	1	0	0	1	0	0	0	0	0	4	7	0	0	1101	1101	0	0	10	5	200	0	0	1.25	2.25	3.25	1	1101	7	2	1	0	1	0	1	0	1101	0	45	-1
cost	0	0	0	1	0	7	0	0	0	0	0	10	5	6	-9	1300	0	0	0	0	1	0	0	1	0	0	0	0	0	4	7	0	0	1300	1300	0	0	10	5	200	0	0	1.25	2.25	3.25	1	1300	7	2	1	1	0	0	0	-9999	-9999	-9999	-9999	-9999
cost	0	0	0	1	0	7	0	0	0	0	0	0	6	6	-9	7	0	0	0	0	1	0	0	1	0	0	0	0	0	2	7	0	0	7	7	0	0	0	6	200	0	0	1.25	2.25	3.25	0	0	7	2	0	0	0	0	1	7	7	44	45	0
cost	0	0	0	1	0	7	0	0	0	0	0	0	6	6	-9	857	0	0	0	0	1	0	0	1	0	0	0	0	0	2	7	0	0	857	857	0	0	0	6	200	0	0	1.25	2.25	3.25	0	0	7	2	0	0	0	0	1	857	857	44	45	0
cost	0	0	0	1	0	7	0	0	0	0	0	0	6	6	-9	999	0	0	0	0	1	0	0	1	0	0	0	0	0	4	7	0	0	999	999	0	0	0	6	200	0	0	1.25	2.25	3.25	1	999	7	2	1	1	0	0	0	-9999	-9999	-9999	-9999	-9999
cost	0	0	0	1	0	7	0	0	0	0	0	0	6	6	-9	-999	0	0	0	0	1	0	0	1	0	0	0	0	0	4	7	0	0	-999	-999	0	0	0	6	200	0	0	1.25	2.25	3.25	1	-999	7	2	1	1	0	0	0	-9999	-9999	-9999	-9999	-9999
cost	0	0	0	1	0	7	0	0	0	0	0	0	6	6	-9	1101	0	0	0	0	1	0	0	1	0	0	0	0	0	4	7	0	0	1101	1101	0	0	0	6	200	0	0	1.25	2.25	3.25	1	1101	7	2	1	0	1	0	1	0	1101	0	45	-1
cost	0	0	0	1	0	7	0	0	0	0	0	0	6	6	-9	1300	0	0	0	0	1	0	0	1	0	0	0	0	0	4	7	0	0	1300	1300	0	0	0	6	200	0	0	1.25	2.25	3.25	1	1300	7	2	1	1	0	0	0	-9999	-9999	-9999	-9999	-9999
cost	0	0	0	1	0	7	0	0	0	0	0	5	6	6	-9	7	0	0	0	0	1	0	0	1	0	0	0	0	0	2	7	0	0	7	7	0	0	5	6	200	0	0	1.25	2.25	3.25	0	0	7	2	0	0	0	0	1	7	7	44	45	0
cost	0	0	0	1	0	7	0	0	0	0	0	5	6	6	-9	857	0	0	0	0	1	0	0	1	0	0	0	0	0	2	7	0	0	857	857	0	0	5	6	200	0	0	1.25	2.25	3.25	0	0	7	2	0	0	0	0	1	857	857	44	45	0
cost	0	0	0	1	0	7	0	0	0	0	0	5	6	6	-9	999	0	0	0	0	1	0	0	1	0	0	0	0	0	4	7	0	0	999	999	0	0	5	6	200	0	0	1.25	2.25	3.25	1	999	7	2	1	1	0	0	0	-9999	-9999	-9999	-9999	-9999
cost	0	0	0	1	0	7	0	0	0	0	0	5	6	6	-9	-999	0	0	0	0	1	0	0	1	0	0	0	0	0	4	7	0	0	-999	-999	0	0	5	6	200	0	0	1.25	2.25	3.25	1	-999	7	2	1	1	0	0	0	-9999	-9999	-9999	-9999	-9999
cost	0	0	0	1	0	7	0	0	0	0	0	5	6	6	-9	1101	0	0	0	0	1	0	0	1	0	0	0	0	0	4	7	0	0	1101	1101	0	0	5	6	200	0	0	1.25	2.25	3.25	1	1101	7	2	1	0	1	0	1	0	1101	0	45	-1
cost	0	0	0	1	0	7	0	0	0	0	0	5	6	6	-9	1300	0	0	0	0	1	0	0	1	0	0	0	0	0	4	7	0	0	1300	1300	0	0	5	6	200	0	0	1.25	2.25	3.25	1	1300	7	2	1	1	0	0	0	-9999	-9999	-9999	-9999	-9999
cost	0	0	0	1	0	7	0	0	0	0	0	6	6	6	-9	7	0	0	0	0	1	0	0	1	0	0	0	0	0	2	7	0	0	7	7	0	0	6	6	200	0	0	1.25	2.25	3.25	0	0	7	2	0	0	0	0	1	7	7	44	45	0
cost	0	0	0	1	0	7	0	0	0	0	0	6	6	6	-9	857	0	0	0	0	1	0	0	1	0	0	0	0	0	2	7	0	0	857	857	0	0	6	6	200	0	0	1.25	2.25	3.25	0	0	7	2	0	0	0	0	1	857	857	44	45	0
cost	0	0	0	1	0	7	0	0	0	0	0	6	6	6	-9	999	0	0	0	0	1	0	0	1	0	0	0	0	0	4	7	0	0	999	999	0	0	6	6	200	0	0	1.25	2.25	3.25	1	999	7	2	1	1	0	0	0	-9999	-9999	-9999	-9999	-9999
cost	0	0	0	1	0	7	0	0	0	0	0	6	6	6	-9	-999	0	0	0	0	1	0	0	1	0	0	0	0	0	4	7	0	0	-999	-999	0	0	6	6	200	0	0	1.25	2.25	3.25	1	-999	7	2	1	1	0	0	0	-9999	-9999	-9999	-9999	-9999
cost	0	0	0	1	0	7	0	0	0	0	0	6	6	6	-9	1101	0	0	0	0	1	0	0	1	0	0	0	0	0	4	7	0	0	1101	1101	0	0	6	6	200	0	0	1.25	2.25	3.25	1	1101	7	2	1	0	1	0	1	0	1101	0	45	-1
cost	0	0	0	1	0	7	0	0	0	0	0	6	6	6	-9	1300	0	0	0	0	1	0	0	1	0	0	0	0	0	4	7	0	0	1300	1300	0	0	6	6	200	0	0	1.25	2.25	3.25	1	1300	7	2	1	1	0	0	0	-9999	-9999	-9999	-9999	-9999
cost	0	0	0	1	0	7	0	0	0	0	0	8	6	6	-9	7	0	0	0	0	1	0	0	1	0	0	0	0	0	2	7	0	0	7	7	0	0	8	6	200	0	0	1.25	2.25	3.25	0	0	7	2	0	0	0	0	1	7	7	44	45	0
cost	0	0	0	1	0	7	0	0	0	0	0	8	6	6	-9	857	0	0	0	0	1	0	0	1	0	0	0	0	0	2	7	0	0	857	857	0	0	8	6	200	0	0	1.25	2.25	3.25	0	0	7	2	0	0	0	0	1	857	857	44	45	0
cost	0	0	0	1	0	7	0	0	0	0	0	8	6	6	-9	999	0	0	0	0	1	0	0	1	0	0	0	0	0	4	7	0	0	999	999	0	0	8	6	200	0	0	1.25	2.25	3.25	1	999	7	2	1	1	0	0	0	-9999	-9999	-9999	-9999	-9999
cost	0	0	0	1	0	7	0	0	0	0	0	8	6	6	-9	-999	0	0	0	0	1	0	0	1	0	0	0	0	0	4	7	0	0	-999	-999	0	0	8	6	200	0	0	1.25	2.25	3.25	1	-999	7	2	1	1	0	0	0	-9999	-9999	-9999	-9999	-9999
cost	0	0	0	1	0	7	0	0	0	0	0	8	6	6	-9	1101	0	0	0	0	1	0	0	1	0	0	0	0	0	4	7	0	0	1101	1101	0	0	8	6	200	0	0	1.25	2.25	3.25	1	1101	7	2	1	0	1	0	1	0	1101	0	45	-1
cost	0	0	0	1	0	7	0	0	0	0	0	8	6	6	-9	1300	0	0	0	0	1	0	0	1	0	0	0	0	0	4	7	0	0	1300	1300	0	0	8	6	200	0	0	1.25	2.25	3.25	1	1300	7	2	1	1	0	0	0	-9999	-9999	-9999	-9999	-9999
cost	0	0	0	1	0	7	0	0	0	0	0	9	6	6	-9	7	0	0	0	0	1	0	0	1	0	0	0	0	0	2	7	0	0	7	7	0	0	9	6	200	0	0	1.25	2.25	3.25	0	0	7	2	0	0	0	0	1	7	7	44	45	0
cost	0	0	0	1	0	7	0	0	0	0	0	9	6	6	-9	857	0	0	0	0	1	0	0	1	0	0	0	0	0	2	7	0	0	857	857	0	0	9	6	200	0	0	1.25	2.25	3.25	0	0	7	2	0	0	0	0	1	857	857	44	45	0
cost	0	0	0	1	0	7	0	0	0	0	0	9	6	6	-9	999	0	0	0	0	1	0	0	1	0	0	0	0	0	4	7	0	0	999	999	0	0	9	6	200	0	0	1.25	2.25	3.25	1	999	7	2	1	1	0	0	0	-9999	-9999	-9999	-9999	-9999
cost	0	0	0	1	0	7	0	0	0	0	0	9	6	6	-9	-999	0	0	0	0	1	0	0	1	0	0	0	0	0	4	7	0	0	-999	-999	0	0	9	6	200	0	0	1.25	2.25	3.25	1	-999	7	2	1	1	0	0	0	-9999	-9999	-9999	-9999	-9999
cost	0	0	0	1	0	7	0	0	0	0	0	9	6	6	-9	1101	0	0	0	0	1	0	0	1	0	0	0	0	0	4	7	0	0	1101	1101	0	0	9	6	200	0	0	1.25	2.25	3.25	1	1101	7	2	1	0	1	0	1	0	1101	0	45	-1
cost	0	0	0	1	0	7	0	0	0	0	0	9	6	6	-9	1300	0	0	0	0	1	0	0	1	0	0	0	0	0	4	7	0	0	1300	1300	0	0	9	6	200	0	0	1.25	2.25	3.25	1	1300	7	2	1	1	0	0	0	-9999	-9999	-9999	-9999	-9999
cost	0	0	0	1	0	7	0	0	0	0	0	10	6	6	-9	7	0	0	0	0	1	0	0	1	0	0	0	0	0	2	7	0	0	7	7	0	0	10	6	200	0	0	1.25	2.25	3.25	0	0	7	2	0	0	0	0	1	7	7	44	45	0
cost	0	0	0	1	0	7	0	0	0	0	0	10	6	6	-9	857	0	0	0	0	1	0	0	1	0	0	0	0	0	2	7	0	0	857	857	0	0	10	6	200	0	0	1.25	2.25	3.25	0	0	7	2	0	0	0	0	1	857	857	44	45	0
cost	0	0	0	1	0	7	0	0	0	0	0	10	6	6	-9	999	0	0	0	0	1	0	0	1	0	0	0	0	0	4	7	0	0	999	999	0	0	10	6	200	0	0	1.25	2.25	3.25	1	999	7	2	1	1	0	0	0	-9999	-9999	-9999	-9999	-9999
cost	0	0	0	1	0	7	0	0	0	0	0	10	6	6	-9	-999	0	0	0	0	1	0	0	1	0	0	0	0	0	4	7	0	0	-999	-999	0	0	10	6	200	0	0	1.25	2.25	3.25	1	-999	7	2	1	1	0	0	0	-9999	-9999	-9999	-9999	-9999
cost	0	0	0	1	0	7	0	0	0	0	0	10	6	6	-9	1101	0	0	0	0	1	0	0	1	0	0	0	0	0	4	7	0	0	1101	1101	0	0	10	6	200	0	0	1.25	2.25	3.25	1	1101	7	2	1	0	1	0	1	0	1101	0	45	-1
cost	0	0	0	1	0	7	0	0	0	0	0	10	6	6	-9	1300	0	0	0	0	1	0	0	1	0	0	0	0	0	4	7	0	0	1300	1300	0	0	10	6	200	0	0	1.25	2.25	3.25	1	1300	7	2	1	1	0	0	0	-9999	-9999	-9999	-9999	-9999
cost	0	0	0	1	0	7	0	0	0	0	0	0	8	6	-9	7	0	0	0	0	1	0	0	1	0	0	0	0	0	2	7	0	0	7	7	0	0	0	8	200	0	0	1.25	2.25	3.25	0	0	7	2	0	0	0	0	1	7	7	44	45	0
cost	0	0	0	1	0	7	0	0	0	0	0	0	8	6	-9	857	0	0	0	0	1	0	0	1	0	0	0	0	0	2	7	0	0	857	857	0	0	0	8	200	0	0	1.25	2.25	3.25	0	0	7	2	0	0	0	0	1	857	857	44	45	0
cost	0	0	0	1	0	7	0	0	0	0	0	0	8	6	-9	999	0	0	0	0	1	0	0	1	0	0	0	0	0	4	7	0	0	999	999	0	0	0	8	200	0	0	1.25	2.25	3.25	1	999	7	2	1	1	0	0	0	-9999	-9999	-9999	-9999	-9999
cost	0	0	0	1	0	7	0	0	0	0	0	0	8	6	-9	-999	0	0	0	0	1	0	0	1	0	0	0	0	0	4	7	0	0	-999	-999	0	0	0	8	200	0	0	1.25	2.25	3.25	1	-999	7	2	1	1	0	0	0	-9999	-9999	-9999	-9999	-9999
cost	0	0	0	1	0	7	0	0	0	0	0	0	8	6	-9	1101	0	0	0	0	1	0	0	1	0	0	0	0	0	4	7	0	0	1101	1101	0	0	0	8	200	0	0	1.25	2.25	3.25	1	1101	7	2	1	0	1	0	1	0	1101	0	45	-1
cost	0	0	0	1	0	7	0	0	0	0	0	0	8	6	-9	1300	0	0	0	0	1	0	0	1	0	0	0	0	0	4	7	0	0	1300	1300	0	0	0	8	200	0	0	1.25	2.25	3.25	1	1300	7	2	1	1	0	0	0	-9999	-9999	-9999	-9999	-9999
cost	0	0	0	1	0	7	0	0	0	0	0	5	8	6	-9	7	0	0	0	0	1	0	0	1	0	0	0	0	0	2	7	0	0	7	7	0	0	5	8	200	0	0	1.25	2.25	3.25	0	0	7	2	0	0	0	0	1	7	7	44	45	0
cost	0	0	0	1	0	7	0	0	0	0	0	5	8	6	-9	857	0	0	0	0	1	0	0	1	0	0	0	0	0	2	7	0	0	857	857	0	0	5	8	200	0	0	1.25	2.25	3.25	0	0	7	2	0	0	0	0	1	857	857	44	45	0
cost	0	0	0	1	0	7	0	0	0	0	0	5	8	6	-9	999	0	0	0	0	1	0	0	1	0	0	0	0	0	4	7	0	0	999	999	0	0	5	8	200	0	0	1.25	2.25	3.25	1	999	7	2	1	1	0	0	0	-9999	-9999	-9999	-9999	-9999
cost	0	0	0	1	0	7	0	0	0	0	0	5	8	6	-9	-999	0	0	0	0	1	0	0	1	0	0	0	0	0	4	7	0	0	-999	-999	0	0	5	8	200	0	0	1.25	2.25	3.25	1	-999	7	2	1	1	0	0	0	-9999	-9999	-9999	-9999	-9999
cost	0	0	0	1	0	7	0	0	0	0	0	5	8	6	-9	1101	0	0	0	0	1	0	0	1	0	0	0	0	0	4	7	0	0	1101	1101	0	0	5	8	200	0	0	1.25	2.25	3.25	1	1101	7	2	1	0	1	0	1	0	1101	0	45	-1
cost	0	0	0	1	0	7	0	0	0	0	0	5	8	6	-9	1300	0	0	0	0	1	0	0	1	0	0	0	0	0	4	7	0	0	1300	1300	0	0	5	8	200	0	0	1.25	2.25	3.25	1	1300	7	2	1	1	0	0	0	-9999	-9999	-9999	-9999	-9999
cost	0	0	0	1	0	7	0	0	0	0	0	6	8	6	-9	7	0	0	0	0	1	0	0	1	0	0	0	0	0	2	7	0	0	7	7	0	0	6	8	200	0	0	1.25	2.25	3.25	0	0	7	2	0	0	0	0	1	7	7	44	45	0
cost	0	0	0	1	0	7	0	0	0	0	0	6	8	6	-9	857	0	0	0	0	1	0	0	1	0	0	0	0	0	2	7	0	0	857	857	0	0	6	8	200	0	0	1.25	2.25	3.25	0	0	7	2	0	0	0	0	1	857	857	44	45	0
cost	0	0	0	1	0	7	0	0	0	0	0	6	8	6	-9	999	0	0	0	0	1	0	0	1	0	0	0	0	0	4	7	0	0	999	999	0	0	6	8	200	0	0	1.25	2.25	3.25	1	999	7	2	1	1	0	0	0	-9999	-9999	-9999	-9999	-9999
cost	0	0	0	1	0	7	0	0	0	0	0	6	8	6	-9	-999	0	0	0	0	1	0	0	1	0	0	0	0	0	4	7	0	0	-999	-999	0	0	6	8	200	0	0	1.25	2.25	3.25	1	-999	7	2	1	1	0	0	0	-9999	-9999	-9999	-9999	-9999
cost	0	0	0	1	0	7	0	0	0	0	0	6	8	6	-9	1101	0	0	0	0	1	0	0	1	0	0	0	0	0	4	7	0	0	1101	1101	0	0	6	8	200	0	0	1.25	2.25	3.25	1	1101	7	2	1	0	1	0	1	0	1101	0	45	-1
cost	0	0	0	1	0	7	0	0	0	0	0	6	8	6	-9	1300	0	0	0	0	1	0	0	1	0	0	0	0	0	4	7	0	0	1300	1300	0	0	6	8	200	0	0	1.25	2.25	3.25	1	1300	7	2	1	1	0	0	0	-9999	-9999	-9999	-9999	-9999
cost	0	0	0	1	0	7	0	0	0	0	0	8	8	6	-9	7	0	0	0	0	1	0	0	1	0	0	0	0	0	2	7	0	0	7	7	0	0	8	8	200	0	0	1.25	2.25	3.25	0	0	7	2	0	0	0	0	1	7	7	44	45	0
cost	0	0	0	1	0	7	0	0	0	0	0	8	8	6	-9	857	0	0	0	0	1	0	0	1	0	0	0	0	0	2	7	0	0	857	857	0	0	8	8	200	0	0	1.25	2.25	3.25	0	0	7	2	0	0	0	0	1	857	857	44	45	0
cost	0	0	0	1	0	7	0	0	0	0	0	8	8	6	-9	999	0	0	0	0	1	0	0	1	0	0	0	0	0	4	7	0	0	999	999	0	0	8	8	200	0	0	1.25	2.25	3.25	1	999	7	2	1	1	0	0	0	-9999	-9999	-9999	-9999	-9999
cost	0	0	0	1	0	7	0	0	0	0	0	8	8	6	-9	-999	0	0	0	0	1	0	0	1	0	0	0	0	0	4	7	0	0	-999	-999	0	0	8	8	200	0	0	1.25	2.25	3.25	1	-999	7	2	1	1	0	0	0	-9999	-9999	-9999	-9999	-9999
cost	0	0	0	1	0	7	0	0	0	0	0	8	8	6	-9	1101	0	0	0	0	1	0	0	1	0	0	0	0	0	4	7	0	0	1101	1101	0	0	8	8	200	0	0	1.25	2.25	3.25	1	1101	7	2	1	0	1	0	1	0	1101	0	45	-1
cost	0	0	0	1	0	7	0	0	0	0	0	8	8	6	-9	1300	0	0	0	0	1	0	0	1	0	0	0	0	0	4	7	0	0	1300	1300	0	0	8	8	200	0	0	1.25	2.25	3.25	1	1300	7	2	1	1	0	0	0	-9999	-9999	-9999	-9999	-9999
cost	0	0	0	1	0	7	0	0	0	0	0	9	8	6	-9	7	0	0	0	0	1	0	0	1	0	0	0	0	0	2	7	0	0	7	7	0	0	9	8	200	0	0	1.25	2.25	3.25	0	0	7	2	0	0	0	0	1	7	7	44	45	0
cost	0	0	0	1	0	7	0	0	0	0	0	9	8	6	-9	857	0	0	0	0	1	0	0	1	0	0	0	0	0	2	7	0	0	857	857	0	0	9	8	200	0	0	1.25	2.25	3.25	0	0	7	2	0	0	0	0	1	857	857	44	45	0
cost	0	0	0	1	0	7	0	0	0	0	0	9	8	6	-9	999	0	0	0	0	1	0	0	1	0	0	0	0	0	4	7	0	0	999	999	0	0	9	8	200	0	0	1.25	2.25	3.25	1	999	7	2	1	1	0	0	0	-9999	-9999	-9999	-9999	-9999
cost	0	0	0	1	0	7	0	0	0	0	0	9	8	6	-9	-999	0	0	0	0	1	0	0	1	0	0	0	0	0	4	7	0	0	-999	-999	0	0	9	8	200	0	0	1.25	2.25	3.25	1	-999	7	2	1	1	0	0	0	-9999	-9999	-9999	-9999	-9999
cost	0	0	0	1	0	7	0	0	0	0	0	9	8	6	-9	1101	0	0	0	0	1	0	0	1	0	0	0	0	0	4	7	0	0	1101	1101	0	0	9	8	200	0	0	1.25	2.25	3.25	1	1101	7	2	1	0	1	0	1	0	1101	0	45	-1
cost	0	0	0	1	0	7	0	0	0	0	0	9	8	6	-9	1300	0	0	0	0	1	0	0	1	0	0	0	0	0	4	7	0	0	1300	1300	0	0	9	8	200	0	0	1.25	2.25	3.25	1	1300	7	2	1	1	0	0	0	-9999	-9999	-9999	-9999	-9999
cost	0	0	0	1	0	7	0	0	0	0	0	10	8	6	-9	7	0	0	0	0	1	0	0	1	0	0	0	0	0	2	7	0	0	7	7	0	0	10	8	200	0	0	1.25	2.25	3.25	0	0	7	2	0	0	0	0	1	7	7	44	45	0
cost	0	0	0	1	0	7	0	0	0	0	0	10	8	6	-9	857	0	0	0	0	1	0	0	1	0	0	0	0	0	2	7	0	0	857	857	0	0	10	8	200	0	0	1.25	2.25	3.25	0	0	7	2	0	0	0	0	1	857	857	44	45	0
cost	0	0	0	1	0	7	0	0	0	0	0	10	8	6	-9	999	0	0	0	0	1	0	0	1	0	0	0	0	0	4	7	0	0	999	999	0	0	10	8	200	0	0	1.25	2.25	3.25	1	999	7	2	1	1	0	0	0	-9999	-9999	-9999	-9999	-9999
cost	0	0	0	1	0	7	0	0	0	0	0	10	8	6	-9	-999	0	0	0	0	1	0	0	1	0	0	0	0	0	4	7	0	0	-999	-999	0	0	10	8	200	0	0	1.25	2.25	3.25	1	-999	7	2	1	1	0	0	0	-9999	-9999	-9999	-9999	-9999
cost	0	0	0	1	0	7	0	0	0	0	0	10	8	6	-9	1101	0	0	0	0	1	0	0	1	0	0	0	0	0	4	7	0	0	1101	1101	0	0	10	8	200	0	0	1.25	2.25	3.25	1	1101	7	2	1	0	1	0	1	0	1101	0	45	-1
cost	0	0	0	1	0	7	0	0	0	0	0	10	8	6	-9	1300	0	0	0	0	1	0	0	1	0	0	0	0	0	4	7	0	0	1300	1300	0	0	10	8	200	0	0	1.25	2.25	3.25	1	1300	7	2	1	1	0	0	0	-9999	-9999	-9999	-9999	-9999
cost	0	0	0	1	0	7	0	0	0	0	0	0	9	6	-9	7	0	0	0	0	1	0	0	1	0	0	0	0	0	2	7	0	0	7	7	0	0	0	0	200	0	9	1.25	2.25	3.25	0	0	7	2	0	0	0	0	1	7	7	44	45	0
cost	0	0	0	1	0	7	0	0	0	0	0	0	9	6	-9	857	0	0	0	0	1	0	0	1	0	0	0	0	0	2	7	0	0	7	7	0	0	0	0	200	0	9	1.25	2.25	3.25	0	0	7	2	0	0	0	0	1	7	7	44	45	0
cost	0	0	0	1	0	7	0	0	0	0	0	0	9	6	-9	999	0	0	0	0	1	0	0	1	0	0	0	0	0	2	7	0	0	7	7	0	0	0	0	200	0	9	1.25	2.25	3.25	0	0	7	2	0	0	0	0	1	7	7	44	45	0
cost	0	0	0	1	0	7	0	0	0	0	0	0	9	6	-9	-999	0	0	0	0	1	0	0	1	0	0	0	0	0	2	7	0	0	7	7	0	0	0	0	200	0	9	1.25	2.25	3.25	0	0	7	2	0	0	0	0	1	7	7	44	45	0
cost	0	0	0	1	0	7	0	0	0	0	0	0	9	6	-9	1101	0	0	0	0	1	0	0	1	0	0	0	0	0	2	7	0	0	7	7	0	0	0	0	200	0	9	1.25	2.25	3.25	0	0	7	2	0	0	0	0	1	7	7	44	45	0
cost	0	0	0	1	0	7	0	0	0	0	0	0	9	6	-9	1300	0	0	0	0	1	0	0	1	0	0	0	0	0	2	7	0	0	7	7	0	0	0	0	200	0	9	1.25	2.25	3.25	0	0	7	2	0	0	0	0	1	7	7	44	45	0
cost	0	0	0	1	0	7	0	0	0	0	0	5	9	6	-9	7	0	0	0	0	1	0	0	1	0	0	0	0	0	2	7	0	0	7	7	0	0	5	0	200	0	9	1.25	2.25	3.25	0	0	7	2	0	0	0	0	1	7	7	44	45	0
cost	0	0	0	1	0	7	0	0	0	0	0	5	9	6	-9	857	0	0	0	0	1	0	0	1	0	0	0	0	0	2	7	0	0	7	7	0	0	5	0	200	0	9	1.25	2.25	3.25	0	0	7	2	0	0	0	0	1	7	7	44	45	0
cost	0	0	0	1	0	7	0	0	0	0	0	5	9	6	-9	999	0	0	0	0	1	0	0	1	0	0	0	0	0	2	7	0	0	7	7	0	0	5	0	200	0	9	1.25	2.25	3.25	0	0	7	2	0	0	0	0	1	7	7	44	45	0
cost	0	0	0	1	0	7	0	0	0	0	0	5	9	6	-9	-999	0	0	0	0	1	0	0	1	0	0	0	0	0	2	7	0	0	7	7	0	0	5	0	200	0	9	1.25	2.25	3.25	0	0	7	2	0	0	0	0	1	7	7	44	45	0
cost	0	0	0	1	0	7	0	0	0	0	0	5	9	6	-9	1101	0	0	0	0	1	0	0	1	0	0	0	0	0	2	7	0	0	7	7	0	0	5	0	200	0	9	1.25	2.25	3.25	0	0	7	2	0	0	0	0	1	7	7	44	45	0
cost	0	0	0	1	0	7	0	0	0	0	0	5	9	6	-9	1300	0	0	0	0	1	0	0	1	0	0	0	0	0	2	7	0	0	7	7	0	0	5	0	200	0	9	1.25	2.25	3.25	0	0	7	2	0	0	0	0	1	7	7	44	45	0
cost	0	0	0	1	0	7	0	0	0	0	0	6	9	6	-9	7	0	0	0	0	1	0	0	1	0	0	0	0	0	2	7	0	0	7	7	0	0	6	0	200	0	9	1.25	2.25	3.25	0	0	7	2	0	0	0	0	1	7	7	44	45	0
cost	0	0	0	1	0	7	0	0	0	0	0	6	9	6	-9	857	0	0	0	0	1	0	0	1	0	0	0	0	0	2	7	0	0	7	7	0	0	6	0	200	0	9	1.25	2.25	3.25	0	0	7	2	0	0	0	0	1	7	7	44	45	0
cost	0	0	0	1	0	7	0	0	0	0	0	6	9	6	-9	999	0	0	0	0	1	0	0	1	0	0	0	0	0	2	7	0	0	7	7	0	0	6	0	200	0	9	1.25	2.25	3.25	0	0	7	2	0	0	0	0	1	7	7	44	45	0
cost	0	0	0	1	0	7	0	0	0	0	0	6	9	6	-9	-999	0	0	0	0	1	0	0	1	0	0	0	0	0	2	7	0	0	7	7	0	0	6	0	200	0	9	1.25	2.25	3.25	0	0	7	2	0	0	0	0	1	7	7	44	45	0
cost	0	0	0	1	0	7	0	0	0	0	0	6	9	6	-9	1101	0	0	0	0	1	0	0	1	0	0	0	0	0	2	7	0	0	7	7	0	0	6	0	200	0	9	1.25	2.25	3.25	0	0	7	2	0	0	0	0	1	7	7	44	45	0
cost	0	0	0	1	0	7	0	0	0	0	0	6	9	6	-9	1300	0	0	0	0	1	0	0	1	0	0	0	0	0	2	7	0	0	7	7	0	0	6	0	200	0	9	1.25	2.25	3.25	0	0	7	2	0	0	0	0	1	7	7	44	45	0
cost	0	0	0	1	0	7	0	0	0	0	0	8	9	6	-9	7	0	0	0	0	1	0	0	1	0	0	0	0	0	2	7	0	0	7	7	0	0	8	0	200	0	9	1.25	2.25	3.25	0	0	7	2	0	0	0	0	1	7	7	44	45	0
cost	0	0	0	1	0	7	0	0	0	0	0	8	9	6	-9	857	0	0	0	0	1	0	0	1	0	0	0	0	0	2	7	0	0	7	7	0	0	8	0	200	0	9	1.25	2.25	3.25	0	0	7	2	0	0	0	0	1	7	7	44	45	0
cost	0	0	0	1	0	7	0	0	0	0	0	8	9	6	-9	999	0	0	0	0	1	0	0	1	0	0	0	0	0	2	7	0	0	7	7	0	0	8	0	200	0	9	1.25	2.25	3.25	0	0	7	2	0	0	0	0	1	7	7	44	45	0
cost	0	0	0	1	0	7	0	0	0	0	0	8	9	6	-9	-999	0	0	0	0	1	0	0	1	0	0	0	0	0	2	7	0	0	7	7	0	0	8	0	200	0	9	1.25	2.25	3.25	0	0	7	2	0	0	0	0	1	7	7	44	45	0
cost	0	0	0	1	0	7	0	0	0	0	0	8	9	6	-9	1101	0	0	0	0	1	0	0	1	0	0	0	0	0	2	7	0	0	7	7	0	0	8	0	200	0	9	1.25	2.25	3.25	0	0	7	2	0	0	0	0	1	7	7	44	45	0
cost	0	0	0	1	0	7	0	0	0	0	0	8	9	6	-9	1300	0	0	0	0	1	0	0	1	0	0	0	0	0	2	7	0	0	7	7	0	0	8	0	200	0	9	1.25	2.25	3.25	0	0	7	2	0	0	0	0	1	7	7	44	45	0
cost	0	0	0	1	0	7	0	0	0	0	0	9	9	6	-9	7	0	0	0	0	1	0	0	1	0	0	0	0	0	2	7	0	0	7	7	0	0	9	0	200	0	9	1.25	2.25	3.25	0	0	7	2	0	0	0	0	1	7	7	44	45	0
cost	0	0	0	1	0	7	0	0	0	0	0	9	9	6	-9	857	0	0	0	0	1	0	0	1	0	0	0	0	0	2	7	0	0	7	7	0	0	9	0	200	0	9	1.25	2.25	3.25	0	0	7	2	0	0	0	0	1	7	7	44	45	0
cost	0	0	0	1	0	7	0	0	0	0	0	9	9	6	-9	999	0	0	0	0	1	0	0	1	0	0	0	0	0	2	7	0	0	7	7	0	0	9	0	200	0	9	1.25	2.25	3.25	0	0	7	2	0	0	0	0	1	7	7	44	45	0
cost	0	0	0	1	0	7	0	0	0	0	0	9	9	6	-9	-999	0	0	0	0	1	0	0	1	0	0	0	0	0	2	7	0	0	7	7	0	0	9	0	200	0	9	1.25	2.25	3.25	0	0	7	2	0	0	0	0	1	7	7	44	45	0
cost	0	0	0	1	0	7	0	0	0	0	0	9	9	6	-9	1101	0	0	0	0	1	0	0	1	0	0	0	0	0	2	7	0	0	7	7	0	0	9	0	200	0	9	1.25	2.25	3.25	0	0	7	2	0	0	0	0	1	7	7	44	45	0
cost	0	0	0	1	0	7	0	0	0	0	0	9	9	6	-9	1300	0	0	0	0	1	0	0	1	0	0	0	0	0	2	7	0	0	7	7	0	0	9	0	200	0	9	1.25	2.25	3.25	0	0	7	2	0	0	0	0	1	7	7	44	45	0
cost	0	0	0	1	0	7	0	0	0	0	0	10	9	6	-9	7	0	0	0	0	1	0	0	1	0	0	0	0	0	2	7	0	0	7	7	0	0	10	0	200	0	9	1.25	2.25	3.25	0	0	7	2	0	0	0	0	1	7	7	44	45	0
cost	0	0	0	1	0	7	0	0	0	0	0	10	9	6	-9	857	0	0	0	0	1	0	0	1	0	0	0	0	0	2	7	0	0	7	7	0	0	10	0	200	0	9	1.25	2.25	3.25	0	0	7	2	0	0	0	0	1	7	7	44	45	0
cost	0	0	0	1	0	7	0	0	0	0	0	10	9	6	-9	999	0	0	0	0	1	0	0	1	0	0	0	0	0	2	7	0	0	7	7	0	0	10	0	200	0	9	1.25	2.25	3.25	0	0	7	2	0	0	0	0	1	7	7	44	45	0
cost	0	0	0	1	0	7	0	0	0	0	0	10	9	6	-9	-999	0	0	0	0	1	0	0	1	0	0	0	0	0	2	7	0	0	7	7	0	0	10	0	200	0	9	1.25	2.25	3.25	0	0	7	2	0	0	0	0	1	7	7	44	45	0
cost	0	0	0	1	0	7	0	0	0	0	0	10	9	6	-9	1101	0	0	0	0	1	0	0	1	0	0	0	0	0	2	7	0	0	7	7	0	0	10	0	200	0	9	1.25	2.25	3.25	0	0	7	2	0	0	0	0	1	7	7	44	45	0
cost	0	0	0	1	0	7	0	0	0	0	0	10	9	6	-9	1300	0	0	0	0	1	0	0	1	0	0	0	0	0	2	7	0	0	7	7	0	0	10	0	200	0	9	1.25	2.25	3.25	0	0	7	2	0	0	0	0	1	7	7	44	45	0
cost	0	0	0	1	0	7	0	0	0	0	0	0	10	6	-9	7	0	0	0	0	1	0	0	1	0	0	0	0	0	2	7	0	0	7	7	0	0	0	1	200	0	9	1.25	2.25	3.25	0	0	7	2	0	0	0	0	1	7	7	44	45	0
cost	0	0	0	1	0	7	0	0	0	0	0	0	10	6	-9	857	0	0	0	0	1	0	0	1	0	0	0	0	0	2	7	0	0	7	7	0	0	0	1	200	0	9	1.25	2.25	3.25	0	0	7	2	0	0	0	0	1	7	7	44	45	0
cost	0	0	0	1	0	7	0	0	0	0	0	0	10	6	-9	999	0	0	0	0	1	0	0	1	0	0	0	0	0	2	7	0	0	7	7	0	0	0	1	200	0	9	1.25	2.25	3.25	0	0	7	2	0	0	0	0	1	7	7	44	45	0
cost	0	0	0	1	0	7	0	0	0	0	0	0	10	6	-9	-999	0	0	0	0	1	0	0	1	0	0	0	0	0	2	7	0	0	7	7	0	0	0	1	200	0	9	1.25	2.25	3.25	0	0	7	2	0	0	0	0	1	7	7	44	45	0
cost	0	0	0	1	0	7	0	0	0	0	0	0	10	6	-9	1101	0	0	0	0	1	0	0	1	0	0	0	0	0	2	7	0	0	7	7	0	0	0	1	200	0	9	1.25	2.25	3.25	0	0	7	2	0	0	0	0	1	7	7	44	45	0
cost	0	0	0	1	0	7	0	0	0	0	0	0	10	6	-9	1300	0	0	0	0	1	0	0	1	0	0	0	0	0	2	7	0	0	7	7	0	0	0	1	200	0	9	1.25	2.25	3.25	0	0	7	2	0	0	0	0	1	7	7	44	45	0
cost	0	0	0	1	0	7	0	0	0	0	0	5	10	6	-9	7	0	0	0	0	1	0	0	1	0	0	0	0	0	2	7	0	0	7	7	0	0	5	1	200	0	9	1.25	2.25	3.25	0	0	7	2	0	0	0	0	1	7	7	44	45	0
cost	0	0	0	1	0	7	0	0	0	0	0	5	10	6	-9	857	0	0	0	0	1	0	0	1	0	0	0	0	0	2	7	0	0	7	7	0	0	5	1	200	0	9	1.25	2.25	3.25	0	0	7	2	0	0	0	0	1	7	7	44	45	0
cost	0	0	0	1	0	7	0	0	0	0	0	5	10	6	-9	999	0	0	0	0	1	0	0	1	0	0	0	0	0	2	7	0	0	7	7	0	0	5	1	200	0	9	1.25	2.25	3.25	0	0	7	2	0	0	0	0	1	7	7	44	45	0
cost	0	0	0	1	0	7	0	0	0	0	0	5	10	6	-9	-999	0	0	0	0	1	0	0	1	0	0	0	0	0	2	7	0	0	7	7	0	0	5	1	200	0	9	1.25	2.25	3.25	0	0	7	2	0	0	0	0	1	7	7	44	45	0
cost	0	0	0	1	0	7	0	0	0	0	0	5	10	6	-9	1101	0	0	0	0	1	0	0	1	0	0	0	0	0	2	7	0	0	7	7	0	0	5	1	200	0	9	1.25	2.25	3.25	0	0	7	2	0	0	0	0	1	7	7	44	45	0
cost	0	0	0	1	0	7	0	0	0	0	0	5	10	6	-9	1300	0	0	0	0	1	0	0	1	0	0	0	0	0	2	7	0	0	7	7	0	0	5	1	200	0	9	1.25	2.25	3.25	0	0	7	2	0	0	0	0	1	7	7	44	45	0
cost	0	0	0	1	0	7	0	0	0	0	0	6	10	6	-9	7	0	0	0	0	1	0	0	1	0	0	0	0	0	2	7	0	0	7	7	0	0	6	1	200	0	9	1.25	2.25	3.25	0	0	7	2	0	0	0	0	1	7	7	44	45	0
cost	0	0	0	1	0	7	0	0	0	0	0	6	10	6	-9	857	0	0	0	0	1	0	0	1	0	0	0	0	0	2	7	0	0	7	7	0	0	6	1	200	0	9	1.25	2.25	3.25	0	0	7	2	0	0	0	0	1	7	7	44	45	0
cost	0	0	0	1	0	7	0	0	0	0	0	6	10	6	-9	999	0	0	0	0	1	0	0	1	0	0	0	0	0	2	7	0	0	7	7	0	0	6	1	200	0	9	1.25	2.25	3.25	0	0	7	2	0	0	0	0	1	7	7	44	45	0
cost	0	0	0	1	0	7	0	0	0	0	0	6	10	6	-9	-999	0	0	0	0	1	0	0	1	0	0	0	0	0	2	7	0	0	7	7	0	0	6	1	200	0	9	1.25	2.25	3.25	0	0	7	2	0	0	0	0	1	7	7	44	45	0
cost	0	0	0	1	0	7	0	0	0	0	0	6	10	6	-9	1101	0	0	0	0	1	0	0	1	0	0	0	0	0	2	7	0	0	7	7	0	0	6	1	200	0	9	1.25	2.25	3.25	0	0	7	2	0	0	0	0	1	7	7	44	45	0
cost	0	0	0	1	0	7	0	0	0	0	0	6	10	6	-9	1300	0	0	0	0	1	0	0	1	0	0	0	0	0	2	7	0	0	7	7	0	0	6	1	200	0	9	1.25	2.25	3.25	0	0	7	2	0	0	0	0	1	7	7	44	45	0
cost	0	0	0	1	0	7	0	0	0	0	0	8	10	6	-9	7	0	0	0	0	1	0	0	1	0	0	0	0	0	2	7	0	0	7	7	0	0	8	1	200	0	9	1.25	2.25	3.25	0	0	7	2	0	0	0	0	1	7	7	44	45	0
cost	0	0	0	1	0	7	0	0	0	0	0	8	10	6	-9	857	0	0	0	0	1	0	0	1	0	0	0	0	0	2	7	0	0	7	7	0	0	8	1	200	0	9	1.25	2.25	3.25	0	0	7	2	0	0	0	0	1	7	7	44	45	0
cost	0	0	0	1	0	7	0	0	0	0	0	8	10	6	-9	999	0	0	0	0	1	0	0	1	0	0	0	0	0	2	7	0	0	7	7	0	0	8	1	200	0	9	1.25	2.25	3.25	0	0	7	2	0	0	0	0	1	7	7	44	45	0
cost	0	0	0	1	0	7	0	0	0	0	0	8	10	6	-9	-999	0	0	0	0	1	0	0	1	0	0	0	0	0	2	7	0	0	7	7	0	0	8	1	200	0	9	1.25	2.25	3.25	0	0	7	2	0	0	0	0	1	7	7	44	45	0
cost	0	0	0	1	0	7	0	0	0	0	0	8	10	6	-9	1101	0	0	0	0	1	0	0	1	0	0	0	0	0	2	7	0	0	7	7	0	0	8	1	200	0	9	1.25	2.25	3.25	0	0	7	2	0	0	0	0	1	7	7	44	45	0
cost	0	0	0	1	0	7	0	0	0	0	0	8	10	6	-9	1300	0	0	0	0	1	0	0	1	0	0	0	0	0	2	7	0	0	7	7	0	0	8	1	200	0	9	1.25	2.25	3.25	0	0	7	2	0	0	0	0	1	7	7	44	45	0
cost	0	0	0	1	0	7	0	0	0	0	0	9	10	6	-9	7	0	0	0	0	1	0	0	1	0	0	0	0	0	2	7	0	0	7	7	0	0	9	1	200	0	9	1.25	2.25	3.25	0	0	7	2	0	0	0	0	1	7	7	44	45	0
cost	0	0	0	1	0	7	0	0	0	0	0	9	10	6	-9	857	0	0	0	0	1	0	0	1	0	0	0	0	0	2	7	0	0	7	7	0	0	9	1	200	0	9	1.25	2.25	3.25	0	0	7	2	0	0	0	0	1	7	7	44	45	0
cost	0	0	0	1	0	7	0	0	0	0	0	9	10	6	-9	999	0	0	0	0	1	0	0	1	0	0	0	0	0	2	7	0	0	7	7	0	0	9	1	200	0	9	1.25	2.25	3.25	0	0	7	2	0	0	0	0	1	7	7	44	45	0
cost	0	0	0	1	0	7	0	0	0	0	0	9	10	6	-9	-999	0	0	0	0	1	0	0	1	0	0	0	0	0	2	7	0	0	7	7	0	0	9	1	200	0	9	1.25	2.25	3.25	0	0	7	2	0	0	0	0	1	7	7	44	45	0
cost	0	0	0	1	0	7	0	0	0	0	0	9	10	6	-9	1101	0	0	0	0	1	0	0	1	0	0	0	0	0	2	7	0	0	7	7	0	0	9	1	200	0	9	1.25	2.25	3.25	0	0	7	2	0	0	0	0	1	7	7	44	45	0
cost	0	0	0	1	0	7	0	0	0	0	0	9	10	6	-9	1300	0	0	0	0	1	0	0	1	0	0	0	0	0	2	7	0	0	7	7	0	0	9	1	200	0	9	1.25	2.25	3.25	0	0	7	2	0	0	0	0	1	7	7	44	45	0
cost	0	0	0	1	0	7	0	0	0	0	0	10	10	6	-9	7	0	0	0	0	1	0	0	1	0	0	0	0	0	2	7	0	0	7	7	0	0	10	1	200	0	9	1.25	2.25	3.25	0	0	7	2	0	0	0	0	1	7	7	44	45	0
cost	0	0	0	1	0	7	0	0	0	0	0	10	10	6	-9	857	0	0	0	0	1	0	0	1	0	0	0	0	0	2	7	0	0	7	7	0	0	10	1	200	0	9	1.25	2.25	3.25	0	0	7	2	0	0	0	0	1	7	7	44	45	0
cost	0	0	0	1	0	7	0	0	0	0	0	10	10	6	-9	999	0	0	0	0	1	0	0	1	0	0	0	0	0	2	7	0	0	7	7	0	0	10	1	200	0	9	1.25	2.25	3.25	0	0	7	2	0	0	0	0	1	7	7	44	45	0
cost	0	0	0	1	0	7	0	0	0	0	0	10	10	6	-9	-999	0	0	0	0	1	0	0	1	0	0	0	0	0	2	7	0	0	7	7	0	0	10	1	200	0	9	1.25	2.25	3.25	0	0	7	2	0	0	0	0	1	7	7	44	45	0
cost	0	0	0	1	0	7	0	0	0	0	0	10	10	6	-9	1101	0	0	0	0	1	0	0	1	0	0	0	0	0	2	7	0	0	7	7	0	0	10	1	200	0	9	1.25	2.25	3.25	0	0	7	2	0	0	0	0	1	7	7	44	45	0
cost	0	0	0	1	0	7	0	0	0	0	0	10	10	6	-9	1300	0	0	0	0	1	0	0	1	0	0	0	0	0	2	7	0	0	7	7	0	0	10	1	200	0	9	1.25	2.25	3.25	0	0	7	2	0	0	0	0	1	7	7	44	45	0
cost	0	0	0	1	0	7	0	0	0	0	0	0	0	-6	0	7	0	0	0	0	1	0	0	1	0	0	0	0	0	2	7	0	0	7	7	0	0	0	0	200	0	0	1.25	2.25	3.25	0	0	7	2	0	0	0	0	1	7	7	44	45	0
cost	0	0	0	1	0	7	0	0	0	0	0	0	0	-6	0	857	0	0	0	0	1	0	0	1	0	0	0	0	0	2	7	0	0	857	857	0	0	0	0	200	0	0	1.25	2.25	3.25	0	0	7	2	0	0	0	0	1	857	857	44	45	0
cost	0	0	0	1	0	7	0	0	0	0	0	0	0	-6	0	999	0	0	0	0	1	0	0	1	0	0	0	0	0	4	7	0	0	999	999	0	0	0	0	200	0	0	1.25	2.25	3.25	1	999	7	2	1	1	0	0	0	-9999	-9999	-9999	-9999	-9999
cost	0	0	0	1	0	7	0	0	0	0	0	0	0	-6	0	-999	0	0	0	0	1	0	0	1	0	0	0	0	0	4	7	0	0	-999	-999	0	0	0	0	200	0	0	1.25	2.25	3.25	1	-999	7	2	1	1	0	0	0	-9999	-9999	-9999	-9999	-9999
cost	0	0	0	1	0	7	0	0	0	0	0	0	0	-6	0	1101	0	0	0	0	1	0	0	1	0	0	0	0	0	4	7	0	0	1101	1101	0	0	0	0	200	0	0	1.25	2.25	3.25	1	1101	7	2	1	0	1	0	1	0	1101	0	45	-1
cost	0	0	0	1	0	7	0	0	0	0	0	0	0	-6	0	1300	0	0	0	0	1	0	0	1	0	0	0	0	0	4	7	0	0	1300	1300	0	0	0	0	200	0	0	1.25	2.25	3.25	1	1300	7	2	1	1	0	0	0	-9999	-9999	-9999	-9999	-9999
cost	0	0	0	1	0	7	0	0	0	0	0	5	0	-6	0	7	0	0	0	0	1	0	0	1	0	0	0	0	0	2	7	0	0	7	7	0	0	5	0	200	0	0	1.25	2.25	3.25	0	0	7	2	0	0	0	0	1	7	7	44	45	0
cost	0	0	0	1	0	7	0	0	0	0	0	5	0	-6	0	857	0	0	0	0	1	0	0	1	0	0	0	0	0	2	7	0	0	857	857	0	0	5	0	200	0	0	1.25	2.25	3.25	0	0	7	2	0	0	0	0	1	857	857	44	45	0
cost	0	0	0	1	0	7	0	0	0	0	0	5	0	-6	0	999	0	0	0	0	1	0	0	1	0	0	0	0	0	4	7	0	0	999	999	0	0	5	0	200	0	0	1.25	2.25	3.25	1	999	7	2	1	1	0	0	0	-9999	-9999	-9999	-9999	-9999
cost	0	0	0	1	0	7	0	0	0	0	0	5	0	-6	0	-999	0	0	0	0	1	0	0	1	0	0	0	0	0	4	7	0	0	-999	-999	0	0	5	0	200	0	0	1.25	2.25	3.25	1	-999	7	2	1	1	0	0	0	-9999	-9999	-9999	-9999	-9999
cost	0	0	0	1	0	7	0	0	0	0	0	5	0	-6	0	1101	0	0	0	0	1	0	0	1	0	0	0	0	0	4	7	0	0	1101	1101	0	0	5	0	200	0	0	1.25	2.25	3.25	1	1101	7	2	1	0	1	0	1	0	1101	0	45	-1
cost	0	0	0	1	0	7	0	0	0	0	0	5	0	-6	0	1300	0	0	0	0	1	0	0	1	0	0	0	0	0	4	7	0	0	1300	1300	0	0	5	0	200	0	0	1.25	2.25	3.25	1	1300	7	2	1	1	0	0	0	-9999	-9999	-9999	-9999	-9999
cost	0	0	0	1	0	7	0	0	0	0	0	6	0	-6	0	7	0	0	0	0	1	0	0	1	0	0	0	0	0	2	7	0	0	7	7	0	0	0	0	198	6	0	1.25	2.25	3.25	0	0	7	2	0	0	0	0	1	7	7	44	45	0
cost	0	0	0	1	0	7	0	0	0	0	0	6	0	-6	0	857	0	0	0	0	1	0	0	1	0	0	0	0	0	2	7	0	0	7	7	0	0	0	0	198	6	0	1.25	2.25	3.25	0	0	7	2	0	0	0	0	1	7	7	44	45	0
cost	0	0	0	1	0	7	0	0	0	0	0	6	0	-6	0	999	0	0	0	0	1	0	0	1	0	0	0	0	0	2	7	0	0	7	7	0	0	0	0	198	6	0	1.25	2.25	3.25	0	0	7	2	0	0	0	0	1	7	7	44	45	0
cost	0	0	0	1	0	7	0	0	0	0	0	6	0	-6	0	-999	0	0	0	0	1	0	0	1	0	0	0	0	0	2	7	0	0	7	7	0	0	0	0	198	6	0	1.25	2.25	3.25	0	0	7	2	0	0	0	0	1	7	7	44	45	0
cost	0	0	0	1	0	7	0	0	0	0	0	6	0	-6	0	1101	0	0	0	0	1	0	0	1	0	0	0	0	0	2	7	0	0	7	7	0	0	0	0	198	6	0	1.25	2.25	3.25	0	0	7	2	0	0	0	0	1	7	7	44	45	0
cost	0	0	0	1	0	7	0	0	0	0	0	6	0	-6	0	1300	0	0	0	0	1	0	0	1	0	0	0	0	0	2	7	0	0	7	7	0	0	0	0	198	6	0	1.25	2.25	3.25	0	0	7	2	0	0	0	0	1	7	7	44	45	0
cost	0	0	0	1	0	7	0	0	0	0	0	8	0	-6	0	7	0	0	0	0	1	0	0	1	0	0	0	0	0	2	7	0	0	7	7	0	0	2	0	198	6	0	1.25	2.25	3.25	0	0	7	2	0	0	0	0	1	7	7	44	45	0
cost	0	0	0	1	0	7	0	0	0	0	0	8	0	-6	0	857	0	0	0	0	1	0	0	1	0	0	0	0	0	2	7	0	0	7	7	0	0	2	0	198	6	0	1.25	2.25	3.25	0	0	7	2	0	0	0	0	1	7	7	44	45	0
cost	0	0	0	1	0	7	0	0	0	0	0	8	0	-6	0	999	0	0	0	0	1	0	0	1	0	0	0	0	0	2	7	0	0	7	7	0	0	2	0	198	6	0	1.25	2.25	3.25	0	0	7	2	0	0	0	0	1	7	7	44	45	0
cost	0	0	0	1	0	7	0	0	0	0	0	8	0	-6	0	-999	0	0	0	0	1	0	0	1	0	0	0	0	0	2	7	0	0	7	7	0	0	2	0	198	6	0	1.25	2.25	3.25	0	0	7	2	0	0	0	0	1	7	7	44	45	0
cost	0	0	0	1	0	7	0	0	0	0	0	8	0	-6	0	1101	0	0	0	0	1	0	0	1	0	0	0	0	0	2	7	0	0	7	7	0	0	2	0	198	6	0	1.25	2.25	3.25	0	0	7	2	0	0	0	0	1	7	7	44	45	0
cost	0	0	0	1	0	7	0	0	0	0	0	8	0	-6	0	1300	0	0	0	0	1	0	0	1	0	0	0	0	0	2	7	0	0	7	7	0	0	2	0	198	6	0	1.25	2.25	3.25	0	0	7	2	0	0	0	0	1	7	7	44	45	0
cost	0	0	0	1	0	7	0	0	0	0	0	9	0	-6	0	7	0	0	0	0	1	0	0	1	0	0	0	0	0	2	7	0	0	7	7	0	0	3	0	198	6	0	1.25	2.25	3.25	0	0	7	2	0	0	0	0	1	7	7	44	45	0
cost	0	0	0	1	0	7	0	0	0	0	0	9	0	-6	0	857	0	0	0	0	1	0	0	1	0	0	0	0	0	2	7	0	0	7	7	0	0	3	0	198	6	0	1.25	2.25	3.25	0	0	7	2	0	0	0	0	1	7	7	44	45	0
cost	0	0	0	1	0	7	0	0	0	0	0	9	0	-6	0	999	0	0	0	0	1	0	0	1	0	0	0	0	0	2	7	0	0	7	7	0	0	3	0	198	6	0	1.25	2.25	3.25	0	0	7	2	0	0	0	0	1	7	7	44	45	0
cost	0	0	0	1	0	7	0	0	0	0	0	9	0	-6	0	-999	0	0	0	0	1	0	0	1	0	0	0	0	0	2	7	0	0	7	7	0	0	3	0	198	6	0	1.25	2.25	3.25	0	0	7	2	0	0	0	0	1	7	7	44	45	0
cost	0	0	0	1	0	7	0	0	0	0	0	9	0	-6	0	1101	0	0	0	0	1	0	0	1	0	0	0	0	0	2	7	0	0	7	7	0	0	3	0	198	6	0	1.25	2.25	3.25	0	0	7	2	0	0	0	0	1	7	7	44	45	0
cost	0	0	0	1	0	7	0	0	0	0	0	9	0	-6	0	1300	0	0	0	0	1	0	0	1	0	0	0	0	0	2	7	0	0	7	7	0	0	3	0	198	6	0	1.25	2.25	3.25	0	0	7	2	0	0	0	0	1	7	7	44	45	0
cost	0	0	0	1	0	7	0	0	0	0	0	10	0	-6	0	7	0	0	0	0	1	0	0	1	0	0	0	0	0	2	7	0	0	7	7	0	0	4	0	198	6	0	1.25	2.25	3.25	0	0	7	2	0	0	0	0	1	7	7	44	45	0
cost	0	0	0	1	0	7	0	0	0	0	0	10	0	-6	0	857	0	0	0	0	1	0	0	1	0	0	0	0	0	2	7	0	0	7	7	0	0	4	0	198	6	0	1.25	2.25	3.25	0	0	7	2	0	0	0	0	1	7	7	44	45	0
cost	0	0	0	1	0	7	0	0	0	0	0	10	0	-6	0	999	0	0	0	0	1	0	0	1	0	0	0	0	0	2	7	0	0	7	7	0	0	4	0	198	6	0	1.25	2.25	3.25	0	0	7	2	0	0	0	0	1	7	7	44	45	0
cost	0	0	0	1	0	7	0	0	0	0	0	10	0	-6	0	-999	0	0	0	0	1	0	0	1	0	0	0	0	0	2	7	0	0	7	7	0	0	4	0	198	6	0	1.25	2.25	3.25	0	0	7	2	0	0	0	0	1	7	7	44	45	0
cost	0	0	0	1	0	7	0	0	0	0	0	10	0	-6	0	1101	0	0	0	0	1	0	0	1	0	0	0	0	0	2	7	0	0	7	7	0	0	4	0	198	6	0	1.25	2.25	3.25	0	0	7	2	0	0	0	0	1	7	7	44	45	0
cost	0	0	0	1	0	7	0	0	0	0	0	10	0	-6	0	1300	0	0	0	0	1	0	0	1	0	0	0	0	0	2	7	0	0	7	7	0	0	4	0	198	6	0	1.25	2.25	3.25	0	0	7	2	0	0	0	0	1	7	7	44	45	0
cost	0	0	0	1	0	7	0	0	0	0	0	0	5	-6	0	7	0	0	0	0	1	0	0	1	0	0	0	0	0	2	7	0	0	7	7	0	0	0	5	200	0	0	1.25	2.25	3.25	0	0	7	2	0	0	0	0	1	7	7	44	45	0
cost	0	0	0	1	0	7	0	0	0	0	0	0	5	-6	0	857	0	0	0	0	1	0	0	1	0	0	0	0	0	2	7	0	0	857	857	0	0	0	5	200	0	0	1.25	2.25	3.25	0	0	7	2	0	0	0	0	1	857	857	44	45	0
cost	0	0	0	1	0	7	0	0	0	0	0	0	5	-6	0	999	0	0	0	0	1	0	0	1	0	0	0	0	0	4	7	0	0	999	999	0	0	0	5	200	0	0	1.25	2.25	3.25	1	999	7	2	1	1	0	0	0	-9999	-9999	-9999	-9999	-9999
cost	0	0	0	1	0	7	0	0	0	0	0	0	5	-6	0	-999	0	0	0	0	1	0	0	1	0	0	0	0	0	4	7	0	0	-999	-999	0	0	0	5	200	0	0	1.25	2.25	3.25	1	-999	7	2	1	1	0	0	0	-9999	-9999	-9999	-9999	-9999
cost	0	0	0	1	0	7	0	0	0	0	0	0	5	-6	0	1101	0	0	0	0	1	0	0	1	0	0	0	0	0	4	7	0	0	1101	1101	0	0	0	5	200	0	0	1.25	2.25	3.25	1	1101	7	2	1	0	1	0	1	0	1101	0	45	-1
cost	0	0	0	1	0	7	0	0	0	0	0	0	5	-6	0	1300	0	0	0	0	1	0	0	1	0	0	0	0	0	4	7	0	0	1300	1300	0	0	0	5	200	0	0	1.25	2.25	3.25	1	1300	7	2	1	1	0	0	0	-9999	-9999	-9999	-9999	-9999
cost	0	0	0	1	0	7	0	0	0	0	0	5	5	-6	0	7	0	0	0	0	1	0	0	1	0	0	0	0	0	2	7	0	0	7	7	0	0	5	5	200	0	0	1.25	2.25	3.25	0	0	7	2	0	0	0	0	1	7	7	44	45	0
cost	0	0	0	1	0	7	0	0	0	0	0	5	5	-6	0	857	0	0	0	0	1	0	0	1	0	0	0	0	0	2	7	0	0	857	857	0	0	5	5	200	0	0	1.25	2.25	3.25	0	0	7	2	0	0	0	0	1	857	857	44	45	0
cost	0	0	0	1	0	7	0	0	0	0	0	5	5	-6	0	999	0	0	0	0	1	0	0	1	0	0	0	0	0	4	7	0	0	999	999	0	0	5	5	200	0	0	1.25	2.25	3.25	1	999	7	2	1	1	0	0	0	-9999	-9999	-9999	-9999	-9999
cost	0	0	0	1	0	7	0	0	0	0	0	5	5	-6	0	-999	0	0	0	0	1	0	0	1	0	0	0	0	0	4	7	0	0	-999	-999	0	0	5	5	200	0	0	1.25	2.25	3.25	1	-999	7	2	1	1	0	0	0	-9999	-9999	-9999	-9999	-9999
cost	0	0	0	1	0	7	0	0	0	0	0	5	5	-6	0	1101	0	0	0	0	1	0	0	1	0	0	0	0	0	4	7	0	0	1101	1101	0	0	5	5	200	0	0	1.25	2.25	3.25	1	1101	7	2	1	0	1	0	1	0	1101	0	45	-1
cost	0	0	0	1	0	7	0	0	0	0	0	5	5	-6	0	1300	0	0	0	0	1	0	0	1	0	0	0	0	0	4	7	0	0	1300	1300	0	0	5	5	200	0	0	1.25	2.25	3.25	1	1300	7	2	1	1	0	0	0	-9999	-9999	-9999	-9999	-9999
cost	0	0	0	1	0	7	0	0	0	0	0	6	5	-6	0	7	0	0	0	0	1	0	0	1	0	0	0	0	0	2	7	0	0	7	7	0	0	0	5	198	6	0	1.25	2.25	3.25	0	0	7	2	0	0	0	0	1	7	7	44	45	0
cost	0	0	0	1	0	7	0	0	0	0	0	6	5	-6	0	857	0	0	0	0	1	0	0	1	0	0	0	0	0	2	7	0	0	7	7	0	0	0	5	198	6	0	1.25	2.25	3.25	0	0	7	2	0	0	0	0	1	7	7	44	45	0
cost	0	0	0	1	0	7	0	0	0	0	0	6	5	-6	0	999	0	0	0	0	1	0	0	1	0	0	0	0	0	2	7	0	0	7	7	0	0	0	5	198	6	0	1.25	2.25	3.25	0	0	7	2	0	0	0	0	1	7	7	44	45	0
cost	0	0	0	1	0	7	0	0	0	0	0	6	5	-6	0	-999	0	0	0	0	1	0	0	1	0	0	0	0	0	2	7	0	0	7	7	0	0	0	5	198	6	0	1.25	2.25	3.25	0	0	7	2	0	0	0	0	1	7	7	44	45	0
cost	0	0	0	1	0	7	0	0	0	0	0	6	5	-6	0	1101	0	0	0	0	1	0	0	1	0	0	0	0	0	2	7	0	0	7	7	0	0	0	5	198	6	0	1.25	2.25	3.25	0	0	7	2	0	0	0	0	1	7	7	44	45	0
cost	0	0	0	1	0	7	0	0	0	0	0	6	5	-6	0	1300	0	0	0	0	1	0	0	1	0	0	0	0	0	2	7	0	0	7	7	0	0	0	5	198	6	0	1.25	2.25	3.25	0	0	7	2	0	0	0	0	1	7	7	44	45	0
cost	0	0	0	1	0	7	0	0	0	0	0	8	5	-6	0	7	0	0	0	0	1	0	0	1	0	0	0	0	0	2	7	0	0	7	7	0	0	2	5	198	6	0	1.25	2.25	3.25	0	0	7	2	0	0	0	0	1	7	7	44	45	0
cost	0	0	0	1	0	7	0	0	0	0	0	8	5	-6	0	857	0	0	0	0	1	0	0	1	0	0	0	0	0	2	7	0	0	7	7	0	0	2	5	198	6	0	1.25	2.25	3.25	0	0	7	2	0	0	0	0	1	7	7	44	45	0
cost	0	0	0	1	0	7	0	0	0	0	0	8	5	-6	0	999	0	0	0	0	1	0	0	1	0	0	0	0	0	2	7	0	0	7	7	0	0	2	5	198	6	0	1.25	2.25	3.25	0	0	7	2	0	0	0	0	1	7	7	44	45	0
cost	0	0	0	1	0	7	0	0	0	0	0	8	5	-6	0	-999	0	0	0	0	1	0	0	1	0	0	0	0	0	2	7	0	0	7	7	0	0	2	5	198	6	0	1.25	2.25	3.25	0	0	7	2	0	0	0	0	1	7	7	44	45	0
cost	0	0	0	1	0	7	0	0	0	0	0	8	5	-6	0	1101	0	0	0	0	1	0	0	1	0	0	0	0	0	2	7	0	0	7	7	0	0	2	5	198	6	0	1.25	2.25	3.25	0	0	7	2	0	0	0	0	1	7	7	44	45	0
cost	0	0	0	1	0	7	0	0	0	0	0	8	5	-6	0	1300	0	0	0	0	1	0	0	1	0	0	0	0	0	2	7	0	0	7	7	0	0	2	5	198	6	0	1.25	2.25	3.25	0	0	7	2	0	0	0	0	1	7	7	44	45	0
cost	0	0	0	1	0	7	0	0	0	0	0	9	5	-6	0	7	0	0	0	0	1	0	0	1	0	0	0	0	0	2	7	0	0	7	7	0	0	3	5	198	6	0	1.25	2.25	3.25	0	0	7	2	0	0	0	0	1	7	7	44	45	0
cost	0	0	0	1	0	7	0	0	0	0	0	9	5	-6	0	857	0	0	0	0	1	0	0	1	0	0	0	0	0	2	7	0	0	7	7	0	0	3	5	198	6	0	1.25	2.25	3.25	0	0	7	2	0	0	0	0	1	7	7	44	45	0
cost	0	0	0	1	0	7	0	0	0	0	0	9	5	-6	0	999	0	0	0	0	1	0	0	1	0	0	0	0	0	2	7	0	0	7	7	0	0	3	5	198	6	0	1.25	2.25	3.25	0	0	7	2	0	0	0	0	1	7	7	44	45	0
cost	0	0	0	1	0	7	0	0	0	0	0	9	5	-6	0	-999	0	0	0	0	1	0	0	1	0	0	0	0	0	2	7	0	0	7	7	0	0	3	5	198	6	0	1.25	2.25	3.25	0	0	7	2	0	0	0	0	1	7	7	44	45	0
cost	0	0	0	1	0	7	0	0	0	0	0	9	5	-6	0	1101	0	0	0	0	1	0	0	1	0	0	0	0	0	2	7	0	0	7	7	0	0	3	5	198	6	0	1.25	2.25	3.25	0	0	7	2	0	0	0	0	1	7	7	44	45	0
cost	0	0	0	1	0	7	0	0	0	0	0	9	5	-6	0	1300	0	0	0	0	1	0	0	1	0	0	0	0	0	2	7	0	0	7	7	0	0	3	5	198	6	0	1.25	2.25	3.25	0	0	7	2	0	0	0	0	1	7	7	44	45	0
cost	0	0	0	1	0	7	0	0	0	0	0	10	5	-6	0	7	0	0	0	0	1	0	0	1	0	0	0	0	0	2	7	0	0	7	7	0	0	4	5	198	6	0	1.25	2.25	3.25	0	0	7	2	0	0	0	0	1	7	7	44	45	0
cost	0	0	0	1	0	7	0	0	0	0	0	10	5	-6	0	857	0	0	0	0	1	0	0	1	0	0	0	0	0	2	7	0	0	7	7	0	0	4	5	198	6	0	1.25	2.25	3.25	0	0	7	2	0	0	0	0	1	7	7	44	45	0
cost	0	0	0	1	0	7	0	0	0	0	0	10	5	-6	0	999	0	0	0	0	1	0	0	1	0	0	0	0	0	2	7	0	0	7	7	0	0	4	5	198	6	0	1.25	2.25	3.25	0	0	7	2	0	0	0	0	1	7	7	44	45	0
cost	0	0	0	1	0	7	0	0	0	0	0	10	5	-6	0	-999	0	0	0	0	1	0	0	1	0	0	0	0	0	2	7	0	0	7	7	0	0	4	5	198	6	0	1.25	2.25	3.25	0	0	7	2	0	0	0	0	1	7	7	44	45	0
cost	0	0	0	1	0	7	0	0	0	0	0	10	5	-6	0	1101	0	0	0	0	1	0	0	1	0	0	0	0	0	2	7	0	0	7	7	0	0	4	5	198	6	0	1.25	2.25	3.25	0	0	7	2	0	0	0	0	1	7	7	44	45	0
cost	0	0	0	1	0	7	0	0	0	0	0	10	5	-6	0	1300	0	0	0	0	1	0	0	1	0	0	0	0	0	2	7	0	0	7	7	0	0	4	5	198	6	0	1.25	2.25	3.25	0	0	7	2	0	0	0	0	1	7	7	44	45	0
cost	0	0	0	1	0	7	0	0	0	0	0	0	6	-6	0	7	0	0	0	0	1	0	0	1	0	0	0	0	0	2	7	0	0	7	7	0	0	0	6	200	0	0	1.25	2.25	3.25	0	0	7	2	0	0	0	0	1	7	7	44	45	0
cost	0	0	0	1	0	7	0	0	0	0	0	0	6	-6	0	857	0	0	0	0	1	0	0	1	0	0	0	0	0	2	7	0	0	857	857	0	0	0	6	200	0	0	1.25	2.25	3.25	0	0	7	2	0	0	0	0	1	857	857	44	45	0
cost	0	0	0	1	0	7	0	0	0	0	0	0	6	-6	0	999	0	0	0	0	1	0	0	1	0	0	0	0	0	4	7	0	0	999	999	0	0	0	6	200	0	0	1.25	2.25	3.25	1	999	7	2	1	1	0	0	0	-9999	-9999	-9999	-9999	-9999
cost	0	0	0	1	0	7	0	0	0	0	0	0	6	-6	0	-999	0	0	0	0	1	0	0	1	0	0	0	0	0	4	7	0	0	-999	-999	0	0	0	6	200	0	0	1.25	2.25	3.25	1	-999	7	2	1	1	0	0	0	-9999	-9999	-9999	-9999	-9999
cost	0	0	0	1	0	7	0	0	0	0	0	0	6	-6	0	1101	0	0	0	0	1	0	0	1	0	0	0	0	0	4	7	0	0	1101	1101	0	0	0	6	200	0	0	1.25	2.25	3.25	1	1101	7	2	1	0	1	0	1	0	1101	0	45	-1
cost	0	0	0	1	0	7	0	0	0	0	0	0	6	-6	0	1300	0	0	0	0	1	0	0	1	0	0	0	0	0	4	7	0	0	1300	1300	0	0	0	6	200	0	0	1.25	2.25	3.25	1	1300	7	2	1	1	0	0	0	-9999	-9999	-9999	-9999	-9999
cost	0	0	0	1	0	7	0	0	0	0	0	5	6	-6	0	7	0	0	0	0	1	0	0	1	0	0	0	0	0	2	7	0	0	7	7	0	0	5	6	200	0	0	1.25	2.25	3.25	0	0	7	2	0	0	0	0	1	7	7	44	45	0
cost	0	0	0	1	0	7	0	0	0	0	0	5	6	-6	0	857	0	0	0	0	1	0	0	1	0	0	0	0	0	2	7	0	0	857	857	0	0	5	6	200	0	0	1.25	2.25	3.25	0	0	7	2	0	0	0	0	1	857	857	44	45	0
cost	0	0	0	1	0	7	0	0	0	0	0	5	6	-6	0	999	0	0	0	0	1	0	0	1	0	0	0	0	0	4	7	0	0	999	999	0	0	5	6	200	0	0	1.25	2.25	3.25	1	999	7	2	1	1	0	0	0	-9999	-9999	-9999	-9999	-9999
cost	0	0	0	1	0	7	0	0	0	0	0	5	6	-6	0	-999	0	0	0	0	1	0	0	1	0	0	0	0	0	4	7	0	0	-999	-999	0	0	5	6	200	0	0	1.25	2.25	3.25	1	-999	7	2	1	1	0	0	0	-9999	-9999	-9999	-9999	-9999
cost	0	0	0	1	0	7	0	0	0	0	0	5	6	-6	0	1101	0	0	0	0	1	0	0	1	0	0	0	0	0	4	7	0	0	1101	1101	0	0	5	6	200	0	0	1.25	2.25	3.25	1	1101	7	2	1	0	1	0	1	0	1101	0	45	-1
cost	0	0	0	1	0	7	0	0	0	0	0	5	6	-6	0	1300	0	0	0	0	1	0	0	1	0	0	0	0	0	4	7	0	0	1300	1300	0	0	5	6	200	0	0	1.25	2.25	3.25	1	1300	7	2	1	1	0	0	0	-9999	-9999	-9999	-9999	-9999
cost	0	0	0	1	0	7	0	0	0	0	0	6	6	-6	0	7	0	0	0	0	1	0	0	1	0	0	0	0	0	2	7	0	0	7	7	0	0	0	6	198	6	0	1.25	2.25	3.25	0	0	7	2	0	0	0	0	1	7	7	44	45	0
cost	0	0	0	1	0	7	0	0	0	0	0	6	6	-6	0	857	0	0	0	0	1	0	0	1	0	0	0	0	0	2	7	0	0	7	7	0	0	0	6	198	6	0	1.25	2.25	3.25	0	0	7	2	0	0	0	0	1	7	7	44	45	0
cost	0	0	0	1	0	7	0	0	0	0	0	6	6	-6	0	999	0	0	0	0	1	0	0	1	0	0	0	0	0	2	7	0	0	7	7	0	0	0	6	198	6	0	1.25	2.25	3.25	0	0	7	2	0	0	0	0	1	7	7	44	45	0
cost	0	0	0	1	0	7	0	0	0	0	0	6	6	-6	0	-999	0	0	0	0	1	0	0	1	0	0	0	0	0	2	7	0	0	7	7	0	0	0	6	198	6	0	1.25	2.25	3.25	0	0	7	2	0	0	0	0	1	7	7	44	45	0
cost	0	0	0	1	0	7	0	0	0	0	0	6	6	-6	0	1101	0	0	0	0	1	0	0	1	0	0	0	0	0	2	7	0	0	7	7	0	0	0	6	198	6	0	1.25	2.25	3.25	0	0	7	2	0	0	0	0	1	7	7	44	45	0
cost	0	0	0	1	0	7	0	0	0	0	0	6	6	-6	0	1300	0	0	0	0	1	0	0	1	0	0	0	0	0	2	7	0	0	7	7	0	0	0	6	198	6	0	1.25	2.25	3.25	0	0	7	2	0	0	0	0	1	7	7	44	45	0
cost	0	0	0	1	0	7	0	0	0	0	0	8	6	-6	0	7	0	0	0	0	1	0	0	1	0	0	0	0	0	2	7	0	0	7	7	0	0	2	6	198	6	0	1.25	2.25	3.25	0	0	7	2	0	0	0	0	1	7	7	44	45	0
cost	0	0	0	1	0	7	0	0	0	0	0	8	6	-6	0	857	0	0	0	0	1	0	0	1	0	0	0	0	0	2	7	0	0	7	7	0	0	2	6	198	6	0	1.25	2.25	3.25	0	0	7	2	0	0	0	0	1	7	7	44	45	0
cost	0	0	0	1	0	7	0	0	0	0	0	8	6	-6	0	999	0	0	0	0	1	0	0	1	0	0	0	0	0	2	7	0	0	7	7	0	0	2	6	198	6	0	1.25	2.25	3.25	0	0	7	2	0	0	0	0	1	7	7	44	45	0
cost	0	0	0	1	0	7	0	0	0	0	0	8	6	-6	0	-999	0	0	0	0	1	0	0	1	0	0	0	0	0	2	7	0	0	7	7	0	0	2	6	198	6	0	1.25	2.25	3.25	0	0	7	2	0	0	0	0	1	7	7	44	45	0
cost	0	0	0	1	0	7	0	0	0	0	0	8	6	-6	0	1101	0	0	0	0	1	0	0	1	0	0	0	0	0	2	7	0	0	7	7	0	0	2	6	198	6	0	1.25	2.25	3.25	0	0	7	2	0	0	0	0	1	7	7	44	45	0
cost	0	0	0	1	0	7	0	0	0	0	0	8	6	-6	0	1300	0	0	0	0	1	0	0	1	0	0	0	0	0	2	7	0	0	7	7	0	0	2	6	198	6	0	1.25	2.25	3.25	0	0	7	2	0	0	0	0	1	7	7	44	45	0
cost	0	0	0	1	0	7	0	0	0	0	0	9	6	-6	0	7	0	0	0	0	1	0	0	1	0	0	0	0	0	2	7	0	0	7	7	0	0	3	6	198	6	0	1.25	2.25	3.25	0	0	7	2	0	0	0	0	1	7	7	44	45	0
cost	0	0	0	1	0	7	0	0	0	0	0	9	6	-6	0	857	0	0	0	0	1	0	0	1	0	0	0	0	0	2	7	0	0	7	7	0	0	3	6	198	6	0	1.25	2.25	3.25	0	0	7	2	0	0	0	0	1	7	7	44	45	0
cost	0	0	0	1	0	7	0	0	0	0	0	9	6	-6	0	999	0	0	0	0	1	0	0	1	0	0	0	0	0	2	7	0	0	7	7	0	0	3	6	198	6	0	1.25	2.25	3.25	0	0	7	2	0	0	0	0	1	7	7	44	45	0
cost	0	0	0	1	0	7	0	0	0	0	0	9	6	-6	0	-999	0	0	0	0	1	0	0	1	0	0	0	0	0	2	7	0	0	7	7	0	0	3	6	198	6	0	1.25	2.25	3.25	0	0	7	2	0	0	0	0	1	7	7	44	45	0
cost	0	0	0	1	0	7	0	0	0	0	0	9	6	-6	0	1101	0	0	0	0	1	0	0	1	0	0	0	0	0	2	7	0	0	7	7	0	0	3	6	198	6	0	1.25	2.25	3.25	0	0	7	2	0	0	0	0	1	7	7	44	45	0
cost	0	0	0	1	0	7	0	0	0	0	0	9	6	-6	0	1300	0	0	0	0	1	0	0	1	0	0	0	0	0	2	7	0	0	7	7	0	0	3	6	198	6	0	1.25	2.25	3.25	0	0	7	2	0	0	0	0	1	7	7	44	45	0
cost	0	0	0	1	0	7	0	0	0	0	0	10	6	-6	0	7	0	0	0	0	1	0	0	1	0	0	0	0	0	2	7	0	0	7	7	0	0	4	6	198	6	0	1.25	2.25	3.25	0	0	7	2	0	0	0	0	1	7	7	44	45	0
cost	0	0	0	1	0	7	0	0	0	0	0	10	6	-6	0	857	0	0	0	0	1	0	0	1	0	0	0	0	0	2	7	0	0	7	7	0	0	4	6	198	6	0	1.25	2.25	3.25	0	0	7	2	0	0	0	0	1	7	7	44	45	0
cost	0	0	0	1	0	7	0	0	0	0	0	10	6	-6	0	999	0	0	0	0	1	0	0	1	0	0	0	0	0	2	7	0	0	7	7	0	0	4	6	198	6	0	1.25	2.25	3.25	0	0	7	2	0	0	0	0	1	7	7	44	45	0
cost	0	0	0	1	0	7	0	0	0	0	0	10	6	-6	0	-999	0	0	0	0	1	0	0	1	0	0	0	0	0	2	7	0	0	7	7	0	0	4	6	198	6	0	1.25	2.25	3.25	0	0	7	2	0	0	0	0	1	7	7	44	45	0
cost	0	0	0	1	0	7	0	0	0	0	0	10	6	-6	0	1101	0	0	0	0	1	0	0	1	0	0	0	0	0	2	7	0	0	7	7	0	0	4	6	198	6	0	1.25	2.25	3.25	0	0	7	2	0	0	0	0	1	7	7	44	45	0
cost	0	0	0	1	0	7	0	0	0	0	0	10	6	-6	0	1300	0	0	0	0	1	0	0	1	0	0	0	0	0	2	7	0	0	7	7	0	0	4	6	198	6	0	1.25	2.25	3.25	0	0	7	2	0	0	0	0	1	7	7	44	45	0
cost	0	0	0	1	0	7	0	0	0	0	0	0	8	-6	0	7	0	0	0	0	1	0	0	1	0	0	0	0	0	2	7	0	0	7	7	0	0	0	8	200	0	0	1.25	2.25	3.25	0	0	7	2	0	0	0	0	1	7	7	44	45	0
cost	0	0	0	1	0	7	0	0	0	0	0	0	8	-6	0	857	0	0	0	0	1	0	0	1	0	0	0	0	0	2	7	0	0	857	857	0	0	0	8	200	0	0	1.25	2.25	3.25	0	0	7	2	0	0	0	0	1	857	857	44	45	0
cost	0	0	0	1	0	7	0	0	0	0	0	0	8	-6	0	999	0	0	0	0	1	0	0	1	0	0	0	0	0	4	7	0	0	999	999	0	0	0	8	200	0	0	1.25	2.25	3.25	1	999	7	2	1	1	0	0	0	-9999	-9999	-9999	-9999	-9999
cost	0	0	0	1	0	7	0	0	0	0	0	0	8	-6	0	-999	0	0	0	0	1	0	0	1	0	0	0	0	0	4	7	0	0	-999	-999	0	0	0	8	200	0	0	1.25	2.25	3.25	1	-999	7	2	1	1	0	0	0	-9999	-9999	-9999	-9999	-9999
cost	0	0	0	1	0	7	0	0	0	0	0	0	8	-6	0	1101	0	0	0	0	1	0	0	1	0	0	0	0	0	4	7	0	0	1101	1101	0	0	0	8	200	0	0	1.25	2.25	3.25	1	1101	7	2	1	0	1	0	1	0	1101	0	45	-1
cost	0	0	0	1	0	7	0	0	0	0	0	0	8	-6	0	1300	0	0	0	0	1	0	0	1	0	0	0	0	0	4	7	0	0	1300	1300	0	0	0	8	200	0	0	1.25	2.25	3.25	1	1300	7	2	1	1	0	0	0	-9999	-9999	-9999	-9999	-9999
cost	0	0	0	1	0	7	0	0	0	0	0	5	8	-6	0	7	0	0	0	0	1	0	0	1	0	0	0	0	0	2	7	0	0	7	7	0	0	5	8	200	0	0	1.25	2.25	3.25	0	0	7	2	0	0	0	0	1	7	7	44	45	0
cost	0	0	0	1	0	7	0	0	0	0	0	5	8	-6	0	857	0	0	0	0	1	0	0	1	0	0	0	0	0	2	7	0	0	857	857	0	0	5	8	200	0	0	1.25	2.25	3.25	0	0	7	2	0	0	0	0	1	857	857	44	45	0
cost	0	0	0	1	0	7	0	0	0	0	0	5	8	-6	0	999	0	0	0	0	1	0	0	1	0	0	0	0	0	4	7	0	0	999	999	0	0	5	8	200	0	0	1.25	2.25	3.25	1	999	7	2	1	1	0	0	0	-9999	-9999	-9999	-9999	-9999
cost	0	0	0	1	0	7	0	0	0	0	0	5	8	-6	0	-999	0	0	0	0	1	0	0	1	0	0	0	0	0	4	7	0	0	-999	-999	0	0	5	8	200	0	0	1.25	2.25	3.25	1	-999	7	2	1	1	0	0	0	-9999	-9999	-9999	-9999	-9999
cost	0	0	0	1	0	7	0	0	0	0	0	5	8	-6	0	1101	0	0	0	0	1	0	0	1	0	0	0	0	0	4	7	0	0	1101	1101	0	0	5	8	200	0	0	1.25	2.25	3.25	1	1101	7	2	1	0	1	0	1	0	1101	0	45	-1
cost	0	0	0	1	0	7	0	0	0	0	0	5	8	-6	0	1300	0	0	0	0	1	0	0	1	0	0	0	0	0	4	7	0	0	1300	1300	0	0	5	8	200	0	0	1.25	2.25	3.25	1	1300	7	2	1	1	0	0	0	-9999	-9999	-9999	-9999	-9999
cost	0	0	0	1	0	7	0	0	0	0	0	6	8	-6	0	7	0	0	0	0	1	0	0	1	0	0	0	0	0	2	7	0	0	7	7	0	0	0	8	198	6	0	1.25	2.25	3.25	0	0	7	2	0	0	0	0	1	7	7	44	45	0
cost	0	0	0	1	0	7	0	0	0	0	0	6	8	-6	0	857	0	0	0	0	1	0	0	1	0	0	0	0	0	2	7	0	0	7	7	0	0	0	8	198	6	0	1.25	2.25	3.25	0	0	7	2	0	0	0	0	1	7	7	44	45	0
cost	0	0	0	1	0	7	0	0	0	0	0	6	8	-6	0	999	0	0	0	0	1	0	0	1	0	0	0	0	0	2	7	0	0	7	7	0	0	0	8	198	6	0	1.25	2.25	3.25	0	0	7	2	0	0	0	0	1	7	7	44	45	0
cost	0	0	0	1	0	7	0	0	0	0	0	6	8	-6	0	-999	0	0	0	0	1	0	0	1	0	0	0	0	0	2	7	0	0	7	7	0	0	0	8	198	6	0	1.25	2.25	3.25	0	0	7	2	0	0	0	0	1	7	7	44	45	0
cost	0	0	0	1	0	7	0	0	0	0	0	6	8	-6	0	1101	0	0	0	0	1	0	0	1	0	0	0	0	0	2	7	0	0	7	7	0	0	0	8	198	6	0	1.25	2.25	3.25	0	0	7	2	0	0	0	0	1	7	7	44	45	0
cost	0	0	0	1	0	7	0	0	0	0	0	6	8	-6	0	1300	0	0	0	0	1	0	0	1	0	0	0	0	0	2	7	0	0	7	7	0	0	0	8	198	6	0	1.25	2.25	3.25	0	0	7	2	0	0	0	0	1	7	7	44	45	0
cost	0	0	0	1	0	7	0	0	0	0	0	8	8	-6	0	7	0	0	0	0	1	0	0	1	0	0	0	0	0	2	7	0	0	7	7	0	0	2	8	198	6	0	1.25	2.25	3.25	0	0	7	2	0	0	0	0	1	7	7	44	45	0
cost	0	0	0	1	0	7	0	0	0	0	0	8	8	-6	0	857	0	0	0	0	1	0	0	1	0	0	0	0	0	2	7	0	0	7	7	0	0	2	8	198	6	0	1.25	2.25	3.25	0	0	7	2	0	0	0	0	1	7	7	44	45	0
cost	0	0	0	1	0	7	0	0	0	0	0	8	8	-6	0	999	0	0	0	0	1	0	0	1	0	0	0	0	0	2	7	0	0	7	7	0	0	2	8	198	6	0	1.25	2.25	3.25	0	0	7	2	0	0	0	0	1	7	7	44	45	0
cost	0	0	0	1	0	7	0	0	0	0	0	8	8	-6	0	-999	0	0	0	0	1	0	0	1	0	0	0	0	0	2	7	0	0	7	7	0	0	2	8	198	6	0	1.25	2.25	3.25	0	0	7	2	0	0	0	0	1	7	7	44	45	0
cost	0	0	0	1	0	7	0	0	0	0	0	8	8	-6	0	1101	0	0	0	0	1	0	0	1	0	0	0	0	0	2	7	0	0	7	7	0	0	2	8	198	6	0	1.25	2.25	3.25	0	0	7	2	0	0	0	0	1	7	7	44	45	0
cost	0	0	0	1	0	7	0	0	0	0	0	8	8	-6	0	1300	0	0	0	0	1	0	0	1	0	0	0	0	0	2	7	0	0	7	7	0	0	2	8	198	6	0	1.25	2.25	3.25	0	0	7	2	0	0	0	0	1	7	7	44	45	0
cost	0	0	0	1	0	7	0	0	0	0	0	9	8	-6	0	7	0	0	0	0	1	0	0	1	0	0	0	0	0	2	7	0	0	7	7	0	0	3	8	198	6	0	1.25	2.25	3.25	0	0	7	2	0	0	0	0	1	7	7	44	45	0
cost	0	0	0	1	0	7	0	0	0	0	0	9	8	-6	0	857	0	0	0	0	1	0	0	1	0	0	0	0	0	2	7	0	0	7	7	0	0	3	8	198	6	0	1.25	2.25	3.25	0	0	7	2	0	0	0	0	1	7	7	44	45	0
cost	0	0	0	1	0	7	0	0	0	0	0	9	8	-6	0	999	0	0	0	0	1	0	0	1	0	0	0	0	0	2	7	0	0	7	7	0	0	3	8	198	6	0	1.25	2.25	3.25	0	0	7	2	0	0	0	0	1	7	7	44	45	0
cost	0	0	0	1	0	7	0	0	0	0	0	9	8	-6	0	-999	0	0	0	0	1	0	0	1	0	0	0	0	0	2	7	0	0	7	7	0	0	3	8	198	6	0	1.25	2.25	3.25	0	0	7	2	0	0	0	0	1	7	7	44	45	0
cost	0	0	0	1	0	7	0	0	0	0	0	9	8	-6	0	1101	0	0	0	0	1	0	0	1	0	0	0	0	0	2	7	0	0	7	7	0	0	3	8	198	6	0	1.25	2.25	3.25	0	0	7	2	0	0	0	0	1	7	7	44	45	0
cost	0	0	0	1	0	7	0	0	0	0	0	9	8	-6	0	1300	0	0	0	0	1	0	0	1	0	0	0	0	0	2	7	0	0	7	7	0	0	3	8	198	6	0	1.25	2.25	3.25	0	0	7	2	0	0	0	0	1	7	7	44	45	0
cost	0	0	0	1	0	7	0	0	0	0	0	10	8	-6	0	7	0	0	0	0	1	0	0	1	0	0	0	0	0	2	7	0	0	7	7	0	0	4	8	198	6	0	1.25	2.25	3.25	0	0	7	2	0	0	0	0	1	7	7	44	45	0
cost	0	0	0	1	0	7	0	0	0	0	0	10	8	-6	0	857	0	0	0	0	1	0	0	1	0	0	0	0	0	2	7	0	0	7	7	0	0	4	8	198	6	0	1.25	2.25	3.25	0	0	7	2	0	0	0	0	1	7	7	44	45	0
cost	0	0	0	1	0	7	0	0	0	0	0	10	8	-6	0	999	0	0	0	0	1	0	0	1	0	0	0	0	0	2	7	0	0	7	7	0	0	4	8	198	6	0	1.25	2.25	3.25	0	0	7	2	0	0	0	0	1	7	7	44	45	0
cost	0	0	0	1	0	7	0	0	0	0	0	10	8	-6	0	-999	0	0	0	0	1	0	0	1	0	0	0	0	0	2	7	0	0	7	7	0	0	4	8	198	6	0	1.25	2.25	3.25	0	0	7	2	0	0	0	0	1	7	7	44	45	0
cost	0	0	0	1	0	7	0	0	0	0	0	10	8	-6	0	1101	0	0	0	0	1	0	0	1	0	0	0	0	0	2	7	0	0	7	7	0	0	4	8	198	6	0	1.25	2.25	3.25	0	0	7	2	0	0	0	0	1	7	7	44	45	0
cost	0	0	0	1	0	7	0	0	0	0	0	10	8	-6	0	1300	0	0	0	0	1	0	0	1	0	0	0	0	0	2	7	0	0	7	7	0	0	4	8	198	6	0	1.25	2.25	3.25	0	0	7	2	0	0	0	0	1	7	7	44	45	0
cost	0	0	0	1	0	7	0	0	0	0	0	0	9	-6	0	7	0	0	0	0	1	0	0	1	0	0	0	0	0	2	7	0	0	7	7	0	0	0	9	200	0	0	1.25	2.25	3.25	0	0	7	2	0	0	0	0	1	7	7	44	45	0
cost	0	0	0	1	0	7	0	0	0	0	0	0	9	-6	0	857	0	0	0	0	1	0	0	1	0	0	0	0	0	2	7	0	0	857	857	0	0	0	9	200	0	0	1.25	2.25	3.25	0	0	7	2	0	0	0	0	1	857	857	44	45	0
cost	0	0	0	1	0	7	0	0	0	0	0	0	9	-6	0	999	0	0	0	0	1	0	0	1	0	0	0	0	0	4	7	0	0	999	999	0	0	0	9	200	0	0	1.25	2.25	3.25	1	999	7	2	1	1	0	0	0	-9999	-9999	-9999	-9999	-9999
cost	0	0	0	1	0	7	0	0	0	0	0	0	9	-6	0	-999	0	0	0	0	1	0	0	1	0	0	0	0	0	4	7	0	0	-999	-999	0	0	0	9	200	0	0	1.25	2.25	3.25	1	-999	7	2	1	1	0	0	0	-9999	-9999	-9999	-9999	-9999
cost	0	0	0	1	0	7	0	0	0	0	0	0	9	-6	0	1101	0	0	0	0	1	0	0	1	0	0	0	0	0	4	7	0	0	1101	1101	0	0	0	9	200	0	0	1.25	2.25	3.25	1	1101	7	2	1	0	1	0	1	0	1101	0	45	-1
cost	0	0	0	1	0	7	0	0	0	0	0	0	9	-6	0	1300	0	0	0	0	1	0	0	1	0	0	0	0	0	4	7	0	0	1300	1300	0	0	0	9	200	0	0	1.25	2.25	3.25	1	1300	7	2	1	1	0	0	0	-9999	-9999	-9999	-9999	-9999
cost	0	0	0	1	0	7	0	0	0	0	0	5	9	-6	0	7	0	0	0	0	1	0	0	1	0	0	0	0	0	2	7	0	0	7	7	0	0	5	9	200	0	0	1.25	2.25	3.25	0	0	7	2	0	0	0	0	1	7	7	44	45	0
cost	0	0	0	1	0	7	0	0	0	0	0	5	9	-6	0	857	0	0	0	0	1	0	0	1	0	0	0	0	0	2	7	0	0	857	857	0	0	5	9	200	0	0	1.25	2.25	3.25	0	0	7	2	0	0	0	0	1	857	857	44	45	0
cost	0	0	0	1	0	7	0	0	0	0	0	5	9	-6	0	999	0	0	0	0	1	0	0	1	0	0	0	0	0	4	7	0	0	999	999	0	0	5	9	200	0	0	1.25	2.25	3.25	1	999	7	2	1	1	0	0	0	-9999	-9999	-9999	-9999	-9999
cost	0	0	0	1	0	7	0	0	0	0	0	5	9	-6	0	-999	0	0	0	0	1	0	0	1	0	0	0	0	0	4	7	0	0	-999	-999	0	0	5	9	200	0	0	1.25	2.25	3.25	1	-999	7	2	1	1	0	0	0	-9999	-9999	-9999	-9999	-9999
cost	0	0	0	1	0	7	0	0	0	0	0	5	9	-6	0	1101	0	0	0	0	1	0	0	1	0	0	0	0	0	4	7	0	0	1101	1101	0	0	5	9	200	0	0	1.25	2.25	3.25	1	1101	7	2	1	0	1	0	1	0	1101	0	45	-1
cost	0	0	0	1	0	7	0	0	0	0	0	5	9	-6	0	1300	0	0	0	0	1	0	0	1	0	0	0	0	0	4	7	0	0	1300	1300	0	0	5	9	200	0	0	1.25	2.25	3.25	1	1300	7	2	1	1	0	0	0	-9999	-9999	-9999	-9999	-9999
cost	0	0	0	1	0	7	0	0	0	0	0	6	9	-6	0	7	0	0	0	0	1	0	0	1	0	0	0	0	0	2	7	0	0	7	7	0	0	0	9	198	6	0	1.25	2.25	3.25	0	0	7	2	0	0	0	0	1	7	7	44	45	0
cost	0	0	0	1	0	7	0	0	0	0	0	6	9	-6	0	857	0	0	0	0	1	0	0	1	0	0	0	0	0	2	7	0	0	7	7	0	0	0	9	198	6	0	1.25	2.25	3.25	0	0	7	2	0	0	0	0	1	7	7	44	45	0
cost	0	0	0	1	0	7	0	0	0	0	0	6	9	-6	0	999	0	0	0	0	1	0	0	1	0	0	0	0	0	2	7	0	0	7	7	0	0	0	9	198	6	0	1.25	2.25	3.25	0	0	7	2	0	0	0	0	1	7	7	44	45	0
cost	0	0	0	1	0	7	0	0	0	0	0	6	9	-6	0	-999	0	0	0	0	1	0	0	1	0	0	0	0	0	2	7	0	0	7	7	0	0	0	9	198	6	0	1.25	2.25	3.25	0	0	7	2	0	0	0	0	1	7	7	44	45	0
cost	0	0	0	1	0	7	0	0	0	0	0	6	9	-6	0	1101	0	0	0	0	1	0	0	1	0	0	0	0	0	2	7	0	0	7	7	0	0	0	9	198	6	0	1.25	2.25	3.25	0	0	7	2	0	0	0	0	1	7	7	44	45	0
cost	0	0	0	1	0	7	0	0	0	0	0	6	9	-6	0	1300	0	0	0	0	1	0	0	1	0	0	0	0	0	2	7	0	0	7	7	0	0	0	9	198	6	0	1.25	2.25	3.25	0	0	7	2	0	0	0	0	1	7	7	44	45	0
cost	0	0	0	1	0	7	0	0	0	0	0	8	9	-6	0	7	0	0	0	0	1	0	0	1	0	0	0	0	0	2	7	0	0	7	7	0	0	2	9	198	6	0	1.25	2.25	3.25	0	0	7	2	0	0	0	0	1	7	7	44	45	0
cost	0	0	0	1	0	7	0	0	0	0	0	8	9	-6	0	857	0	0	0	0	1	0	0	1	0	0	0	0	0	2	7	0	0	7	7	0	0	2	9	198	6	0	1.25	2.25	3.25	0	0	7	2	0	0	0	0	1	7	7	44	45	0
cost	0	0	0	1	0	7	0	0	0	0	0	8	9	-6	0	999	0	0	0	0	1	0	0	1	0	0	0	0	0	2	7	0	0	7	7	0	0	2	9	198	6	0	1.25	2.25	3.25	0	0	7	2	0	0	0	0	1	7	7	44	45	0
cost	0	0	0	1	0	7	0	0	0	0	0	8	9	-6	0	-999	0	0	0	0	1	0	0	1	0	0	0	0	0	2	7	0	0	7	7	0	0	2	9	198	6	0	1.25	2.25	3.25	0	0	7	2	0	0	0	0	1	7	7	44	45	0
cost	0	0	0	1	0	7	0	0	0	0	0	8	9	-6	0	1101	0	0	0	0	1	0	0	1	0	0	0	0	0	2	7	0	0	7	7	0	0	2	9	198	6	0	1.25	2.25	3.25	0	0	7	2	0	0	0	0	1	7	7	44	45	0
cost	0	0	0	1	0	7	0	0	0	0	0	8	9	-6	0	1300	0	0	0	0	1	0	0	1	0	0	0	0	0	2	7	0	0	7	7	0	0	2	9	198	6	0	1.25	2.25	3.25	0	0	7	2	0	0	0	0	1	7	7	44	45	0
cost	0	0	0	1	0	7	0	0	0	0	0	9	9	-6	0	7	0	0	0	0	1	0	0	1	0	0	0	0	0	2	7	0	0	7	7	0	0	3	9	198	6	0	1.25	2.25	3.25	0	0	7	2	0	0	0	0	1	7	7	44	45	0
cost	0	0	0	1	0	7	0	0	0	0	0	9	9	-6	0	857	0	0	0	0	1	0	0	1	0	0	0	0	0	2	7	0	0	7	7	0	0	3	9	198	6	0	1.25	2.25	3.25	0	0	7	2	0	0	0	0	1	7	7	44	45	0
cost	0	0	0	1	0	7	0	0	0	0	0	9	9	-6	0	999	0	0	0	0	1	0	0	1	0	0	0	0	0	2	7	0	0	7	7	0	0	3	9	198	6	0	1.25	2.25	3.25	0	0	7	2	0	0	0	0	1	7	7	44	45	0
cost	0	0	0	1	0	7	0	0	0	0	0	9	9	-6	0	-999	0	0	0	0	1	0	0	1	0	0	0	0	0	2	7	0	0	7	7	0	0	3	9	198	6	0	1.25	2.25	3.25	0	0	7	2	0	0	0	0	1	7	7	44	45	0
cost	0	0	0	1	0	7	0	0	0	0	0	9	9	-6	0	1101	0	0	0	0	1	0	0	1	0	0	0	0	0	2	7	0	0	7	7	0	0	3	9	198	6	0	1.25	2.25	3.25	0	0	7	2	0	0	0	0	1	7	7	44	45	0
cost	0	0	0	1	0	7	0	0	0	0	0	9	9	-6	0	1300	0	0	0	0	1	0	0	1	0	0	0	0	0	2	7	0	0	7	7	0	0	3	9	198	6	0	1.25	2.25	3.25	0	0	7	2	0	0	0	0	1	7	7	44	45	0
cost	0	0	0	1	0	7	0	0	0	0	0	10	9	-6	0	7	0	0	0	0	1	0	0	1	0	0	0	0	0	2	7	0	0	7	7	0	0	4	9	198	6	0	1.25	2.25	3.25	0	0	7	2	0	0	0	0	1	7	7	44	45	0
cost	0	0	0	1	0	7	0	0	0	0	0	10	9	-6	0	857	0	0	0	0	1	0	0	1	0	0	0	0	0	2	7	0	0	7	7	0	0	4	9	198	6	0	1.25	2.25	3.25	0	0	7	2	0	0	0	0	1	7	7	44	45	0
cost	0	0	0	1	0	7	0	0	0	0	0	10	9	-6	0	999	0	0	0	0	1	0	0	1	0	0	0	0	0	2	7	0	0	7	7	0	0	4	9	198	6	0	1.25	2.25	3.25	0	0	7	2	0	0	0	0	1	7	7	44	45	0
cost	0	0	0	1	0	7	0	0	0	0	0	10	9	-6	0	-999	0	0	0	0	1	0	0	1	0	0	0	0	0	2	7	0	0	7	7	0	0	4	9	198	6	0	1.25	2.25	3.25	0	0	7	2	0	0	0	0	1	7	7	44	45	0
cost	0	0	0	1	0	7	0	0	0	0	0	10	9	-6	0	1101	0	0	0	0	1	0	0	1	0	0	0	0	0	2	7	0	0	7	7	0	0	4	9	198	6	0	1.25	2.25	3.25	0	0	7	2	0	0	0	0	1	7	7	44	45	0
cost	0	0	0	1	0	7	0	0	0	0	0	10	9	-6	0	1300	0	0	0	0	1	0	0	1	0	0	0	0	0	2	7	0	0	7	7	0	0	4	9	198	6	0	1.25	2.25	3.25	0	0	7	2	0	0	0	0	1	7	7	44	45	0
cost	0	0	0	1	0	7	0	0	0	0	0	0	10	-6	0	7	0	0	0	0	1	0	0	1	0	0	0	0	0	2	7	0	0	7	7	0	0	0	10	200	0	0	1.25	2.25	3.25	0	0	7	2	0	0	0	0	1	7	7	44	45	0
cost	0	0	0	1	0	7	0	0	0	0	0	0	10	-6	0	857	0	0	0	0	1	0	0	1	0	0	0	0	0	2	7	0	0	857	857	0	0	0	10	200	0	0	1.25	2.25	3.25	0	0	7	2	0	0	0	0	1	857	857	44	45	0
cost	0	0	0	1	0	7	0	0	0	0	0	0	10	-6	0	999	0	0	0	0	1	0	0	1	0	0	0	0	0	4	7	0	0	999	999	0	0	0	10	200	0	0	1.25	2.25	3.25	1	999	7	2	1	1	0	0	0	-9999	-9999	-9999	-9999	-9999
cost	0	0	0	1	0	7	0	0	0	0	0	0	10	-6	0	-999	0	0	0	0	1	0	0	1	0	0	0	0	0	4	7	0	0	-999	-999	0	0	0	10	200	0	0	1.25	2.25	3.25	1	-999	7	2	1	1	0	0	0	-9999	-9999	-9999	-9999	-9999
cost	0	0	0	1	0	7	0	0	0	0	0	0	10	-6	0	1101	0	0	0	0	1	0	0	1	0	0	0	0	0	4	7	0	0	1101	1101	0	0	0	10	200	0	0	1.25	2.25	3.25	1	1101	7	2	1	0	1	0	1	0	1101	0	45	-1
cost	0	0	0	1	0	7	0	0	0	0	0	0	10	-6	0	1300	0	0	0	0	1	0	0	1	0	0	0	0	0	4	7	0	0	1300	1300	0	0	0	10	200	0	0	1.25	2.25	3.25	1	1300	7	2	1	1	0	0	0	-9999	-9999	-9999	-9999	-9999
cost	0	0	0	1	0	7	0	0	0	0	0	5	10	-6	0	7	0	0	0	0	1	0	0	1	0	0	0	0	0	2	7	0	0	7	7	0	0	5	10	200	0	0	1.25	2.25	3.25	0	0	7	2	0	0	0	0	1	7	7	44	45	0
cost	0	0	0	1	0	7	0	0	0	0	0	5	10	-6	0	857	0	0	0	0	1	0	0	1	0	0	0	0	0	2	7	0	0	857	857	0	0	5	10	200	0	0	1.25	2.25	3.25	0	0	7	2	0	0	0	0	1	857	857	44	45	0
cost	0	0	0	1	0	7	0	0	0	0	0	5	10	-6	0	999	0	0	0	0	1	0	0	1	0	0	0	0	0	4	7	0	0	999	999	0	0	5	10	200	0	0	1.25	2.25	3.25	1	999	7	2	1	1	0	0	0	-9999	-9999	-9999	-9999	-9999
cost	0	0	0	1	0	7	0	0	0	0	0	5	10	-6	0	-999	0	0	0	0	1	0	0	1	0	0	0	0	0	4	7	0	0	-999	-999	0	0	5	10	200	0	0	1.25	2.25	3.25	1	-999	7	2	1	1	0	0	0	-9999	-9999	-9999	-9999	-9999
cost	0	0	0	1	0	7	0	0	0	0	0	5	10	-6	0	1101	0	0	0	0	1	0	0	1	0	0	0	0	0	4	7	0	0	1101	1101	0	0	5	10	200	0	0	1.25	2.25	3.25	1	1101	7	2	1	0	1	0	1	0	1101	0	45	-1
cost	0	0	0	1	0	7	0	0	0	0	0	5	10	-6	0	1300	0	0	0	0	1	0	0	1	0	0	0	0	0	4	7	0	0	1300	1300	0	0	5	10	200	0	0	1.25	2.25	3.25	1	1300	7	2	1	1	0	0	0	-9999	-9999	-9999	-9999	-9999
cost	0	0	0	1	0	7	0	0	0	0	0	6	10	-6	0	7	0	0	0	0	1	0	0	1	0	0	0	0	0	2	7	0	0	7	7	0	0	0	10	198	6	0	1.25	2.25	3.25	0	0	7	2	0	0	0	0	1	7	7	44	45	0
cost	0	0	0	1	0	7	0	0	0	0	0	6	10	-6	0	857	0	0	0	0	1	0	0	1	0	0	0	0	0	2	7	0	0	7	7	0	0	0	10	198	6	0	1.25	2.25	3.25	0	0	7	2	0	0	0	0	1	7	7	44	45	0
cost	0	0	0	1	0	7	0	0	0	0	0	6	10	-6	0	999	0	0	0	0	1	0	0	1	0	0	0	0	0	2	7	0	0	7	7	0	0	0	10	198	6	0	1.25	2.25	3.25	0	0	7	2	0	0	0	0	1	7	7	44	45	0
cost	0	0	0	1	0	7	0	0	0	0	0	6	10	-6	0	-999	0	0	0	0	1	0	0	1	0	0	0	0	0	2	7	0	0	7	7	0	0	0	10	198	6	0	1.25	2.25	3.25	0	0	7	2	0	0	0	0	1	7	7	44	45	0
cost	0	0	0	1	0	7	0	0	0	0	0	6	10	-6	0	1101	0	0	0	0	1	0	0	1	0	0	0	0	0	2	7	0	0	7	7	0	0	0	10	198	6	0	1.25	2.25	3.25	0	0	7	2	0	0	0	0	1	7	7	44	45	0
cost	0	0	0	1	0	7	0	0	0	0	0	6	10	-6	0	1300	0	0	0	0	1	0	0	1	0	0	0	0	0	2	7	0	0	7	7	0	0	0	10	198	6	0	1.25	2.25	3.25	0	0	7	2	0	0	0	0	1	7	7	44	45	0
cost	0	0	0	1	0	7	0	0	0	0	0	8	10	-6	0	7	0	0	0	0	1	0	0	1	0	0	0	0	0	2	7	0	0	7	7	0	0	2	10	198	6	0	1.25	2.25	3.25	0	0	7	2	0	0	0	0	1	7	7	44	45	0
cost	0	0	0	1	0	7	0	0	0	0	0	8	10	-6	0	857	0	0	0	0	1	0	0	1	0	0	0	0	0	2	7	0	0	7	7	0	0	2	10	198	6	0	1.25	2.25	3.25	0	0	7	2	0	0	0	0	1	7	7	44	45	0
cost	0	0	0	1	0	7	0	0	0	0	0	8	10	-6	0	999	0	0	0	0	1	0	0	1	0	0	0	0	0	2	7	0	0	7	7	0	0	2	10	198	6	0	1.25	2.25	3.25	0	0	7	2	0	0	0	0	1	7	7	44	45	0
cost	0	0	0	1	0	7	0	0	0	0	0	8	10	-6	0	-999	0	0	0	0	1	0	0	1	0	0	0	0	0	2	7	0	0	7	7	0	0	2	10	198	6	0	1.25	2.25	3.25	0	0	7	2	0	0	0	0	1	7	7	44	45	0
cost	0	0	0	1	0	7	0	0	0	0	0	8	10	-6	0	1101	0	0	0	0	1	0	0	1	0	0	0	0	0	2	7	0	0	7	7	0	0	2	10	198	6	0	1.25	2.25	3.25	0	0	7	2	0	0	0	0	1	7	7	44	45	0
cost	0	0	0	1	0	7	0	0	0	0	0	8	10	-6	0	1300	0	0	0	0	1	0	0	1	0	0	0	0	0	2	7	0	0	7	7	0	0	2	10	198	6	0	1.25	2.25	3.25	0	0	7	2	0	0	0	0	1	7	7	44	45	0
cost	0	0	0	1	0	7	0	0	0	0	0	9	10	-6	0	7	0	0	0	0	1	0	0	1	0	0	0	0	0	2	7	0	0	7	7	0	0	3	10	198	6	0	1.25	2.25	3.25	0	0	7	2	0	0	0	0	1	7	7	44	45	0
cost	0	0	0	1	0	7	0	0	0	0	0	9	10	-6	0	857	0	0	0	0	1	0	0	1	0	0	0	0	0	2	7	0	0	7	7	0	0	3	10	198	6	0	1.25	2.25	3.25	0	0	7	2	0	0	0	0	1	7	7	44	45	0
cost	0	0	0	1	0	7	0	0	0	0	0	9	10	-6	0	999	0	0	0	0	1	0	0	1	0	0	0	0	0	2	7	0	0	7	7	0	0	3	10	198	6	0	1.25	2.25	3.25	0	0	7	2	0	0	0	0	1	7	7	44	45	0
cost	0	0	0	1	0	7	0	0	0	0	0	9	10	-6	0	-999	0	0	0	0	1	0	0	1	0	0	0	0	0	2	7	0	0	7	7	0	0	3	10	198	6	0	1.25	2.25	3.25	0	0	7	2	0	0	0	0	1	7	7	44	45	0
cost	0	0	0	1	0	7	0	0	0	0	0	9	10	-6	0	1101	0	0	0	0	1	0	0	1	0	0	0	0	0	2	7	0	0	7	7	0	0	3	10	198	6	0	1.25	2.25	3.25	0	0	7	2	0	0	0	0	1	7	7	44	45	0
cost	0	0	0	1	0	7	0	0	0	0	0	9	10	-6	0	1300	0	0	0	0	1	0	0	1	0	0	0	0	0	2	7	0	0	7	7	0	0	3	10	198	6	0	1.25	2.25	3.25	0	0	7	2	0	0	0	0	1	7	7	44	45	0
cost	0	0	0	1	0	7	0	0	0	0	0	10	10	-6	0	7	0	0	0	0	1	0	0	1	0	0	0	0	0	2	7	0	0	7	7	0	0	4	10	198	6	0	1.25	2.25	3.25	0	0	7	2	0	0	0	0	1	7	7	44	45	0
cost	0	0	0	1	0	7	0	0	0	0	0	10	10	-6	0	857	0	0	0	0	1	0	0	1	0	0	0	0	0	2	7	0	0	7	7	0	0	4	10	198	6	0	1.25	2.25	3.25	0	0	7	2	0	0	0	0	1	7	7	44	45	0
cost	0	0	0	1	0	7	0	0	0	0	0	10	10	-6	0	999	0	0	0	0	1	0	0	1	0	0	0	0	0	2	7	0	0	7	7	0	0	4	10	198	6	0	1.25	2.25	3.25	0	0	7	2	0	0	0	0	1	7	7	44	45	0
cost	0	0	0	1	0	7	0	0	0	0	0	10	10	-6	0	-999	0	0	0	0	1	0	0	1	0	0	0	0	0	2	7	0	0	7	7	0	0	4	10	198	6	0	1.25	2.25	3.25	0	0	7	2	0	0	0	0	1	7	7	44	45	0
cost	0	0	0	1	0	7	0	0	0	0	0	10	10	-6	0	1101	0	0	0	0	1	0	0	1	0	0	0	0	0	2	7	0	0	7	7	0	0	4	10	198	6	0	1.25	2.25	3.25	0	0	7	2	0	0	0	0	1	7	7	44	45	0
cost	0	0	0	1	0	7	0	0	0	0	0	10	10	-6	0	1300	0	0	0	0	1	0	0	1	0	0	0	0	0	2	7	0	0	7	7	0	0	4	10	198	6	0	1.25	2.25	3.25	0	0	7	2	0	0	0	0	1	7	7	44	45	0
cost	0	0	0	1	0	7	0	0	0	0	0	0	0	0	0	7	0	0	0	0	1	0	0	1	0	0	0	0	0	2	7	0	0	7	7	0	0	0	0	200	0	0	1.25	2.25	3.25	0	0	7	2	0	0	0	0	1	7	7	44	45	0
cost	0	0	0	1	0	7	0	0	0	0	0	0	0	0	0	857	0	0	0	0	1	0	0	1	0	0	0	0	0	2	7	0	0	7	7	0	0	0	0	200	0	0	1.25	2.25	3.25	0	0	7	2	0	0	0	0	1	7	7	44	45	0
cost	0	0	0	1	0	7	0	0	0	0	0	0	0	0	0	999	0	0	0	0	1	0	0	1	0	0	0	0	0	2	7	0	0	7	7	0	0	0	0	200	0	0	1.25	2.25	3.25	0	0	7	2	0	0	0	0	1	7	7	44	45	0
cost	0	0	0	1	0	7	0	0	0	0	0	0	0	0	0	-999	0	0	0	0	1	0	0	1	0	0	0	0	0	2	7	0	0	7	7	0	0	0	0	200	0	0	1.25	2.25	3.25	0	0	7	2	0	0	0	0	1	7	7	44	45	0
cost	0	0	0	1	0	7	0	0	0	0	0	0	0	0	0	1101	0	0	0	0	1	0	0	1	0	0	0	0	0	2	7	0	0	7	7	0	0	0	0	200	0	0	1.25	2.25	3.25	0	0	7	2	0	0	0	0	1	7	7	44	45	0
cost	0	0	0	1	0	7	0	0	0	0	0	0	0	0	0	1300	0	0	0	0	1	0	0	1	0	0	0	0	0	2	7	0	0	7	7	0	0	0	0	200	0	0	1.25	2.25	3.25	0	0	7	2	0	0	0	0	1	7	7	44	45	0
cost	0	0	0	1	0	7	0	0	0	0	0	5	0	0	0	7	0	0	0	0	1	0	0	1	0	0	0	0	0	2	7	0	0	7	7	0	0	5	0	200	0	0	1.25	2.25	3.25	0	0	7	2	0	0	0	0	1	7	7	44	45	0
cost	0	0	0	1	0	7	0	0	0	0	0	5	0	0	0	857	0	0	0	0	1	0	0	1	0	0	0	0	0	2	7	0	0	7	7	0	0	5	0	200	0	0	1.25	2.25	3.25	0	0	7	2	0	0	0	0	1	7	7	44	45	0
cost	0	0	0	1	0	7	0	0	0	0	0	5	0	0	0	999	0	0	0	0	1	0	0	1	0	0	0	0	0	2	7	0	0	7	7	0	0	5	0	200	0	0	1.25	2.25	3.25	0	0	7	2	0	0	0	0	1	7	7	44	45	0
cost	0	0	0	1	0	7	0	0	0	0	0	5	0	0	0	-999	0	0	0	0	1	0	0	1	0	0	0	0	0	2	7	0	0	7	7	0	0	5	0	200	0	0	1.25	2.25	3.25	0	0	7	2	0	0	0	0	1	7	7	44	45	0
cost	0	0	0	1	0	7	0	0	0	0	0	5	0	0	0	1101	0	0	0	0	1	0	0	1	0	0	0	0	0	2	7	0	0	7	7	0	0	5	0	200	0	0	1.25	2.25	3.25	0	0	7	2	0	0	0	0	1	7	7	44	45	0
cost	0	0	0	1	0	7	0	0	0	0	0	5	0	0	0	1300	0	0	0	0	1	0	0	1	0	0	0	0	0	2	7	0	0	7	7	0	0	5	0	200	0	0	1.25	2.25	3.25	0	0	7	2	0	0	0	0	1	7	7	44	45	0
cost	0	0	0	1	0	7	0	0	0	0	0	6	0	0	0	7	0	0	0	0	1	0	0	1	0	0	0	0	0	2	7	0	0	7	7	0	0	6	0	200	0	0	1.25	2.25	3.25	0	0	7	2	0	0	0	0	1	7	7	44	45	0
cost	0	0	0	1	0	7	0	0	0	0	0	6	0	0	0	857	0	0	0	0	1	0	0	1	0	0	0	0	0	2	7	0	0	7	7	0	0	6	0	200	0	0	1.25	2.25	3.25	0	0	7	2	0	0	0	0	1	7	7	44	45	0
cost	0	0	0	1	0	7	0	0	0	0	0	6	0	0	0	999	0	0	0	0	1	0	0	1	0	0	0	0	0	2	7	0	0	7	7	0	0	6	0	200	0	0	1.25	2.25	3.25	0	0	7	2	0	0	0	0	1	7	7	44	45	0
cost	0	0	0	1	0	7	0	0	0	0	0	6	0	0	0	-999	0	0	0	0	1	0	0	1	0	0	0	0	0	2	7	0	0	7	7	0	0	6	0	200	0	0	1.25	2.25	3.25	0	0	7	2	0	0	0	0	1	7	7	44	45	0
cost	0	0	0	1	0	7	0	0	0	0	0	6	0	0	0	1101	0	0	0	0	1	0	0	1	0	0	0	0	0	2	7	0	0	7	7	0	0	6	0	200	0	0	1.25	2.25	3.25	0	0	7	2	0	0	0	0	1	7	7	44	45	0
cost	0	0	0	1	0	7	0	0	0	0	0	6	0	0	0	1300	0	0	0	0	1	0	0	1	0	0	0	0	0	2	7	0	0	7	7	0	0	6	0	200	0	0	1.25	2.25	3.25	0	0	7	2	0	0	0	0	1	7	7	44	45	0
cost	0	0	0	1	0	7	0	0	0	0	0	8	0	0	0	7	0	0	0	0	1	0	0	1	0	0	0	0	0	2	7	0	0	7	7	0	0	8	0	200	0	0	1.25	2.25	3.25	0	0	7	2	0	0	0	0	1	7	7	44	45	0
cost	0	0	0	1	0	7	0	0	0	0	0	8	0	0	0	857	0	0	0	0	1	0	0	1	0	0	0	0	0	2	7	0	0	7	7	0	0	8	0	200	0	0	1.25	2.25	3.25	0	0	7	2	0	0	0	0	1	7	7	44	45	0
cost	0	0	0	1	0	7	0	0	0	0	0	8	0	0	0	999	0	0	0	0	1	0	0	1	0	0	0	0	0	2	7	0	0	7	7	0	0	8	0	200	0	0	1.25	2.25	3.25	0	0	7	2	0	0	0	0	1	7	7	44	45	0
cost	0	0	0	1	0	7	0	0	0	0	0	8	0	0	0	-999	0	0	0	0	1	0	0	1	0	0	0	0	0	2	7	0	0	7	7	0	0	8	0	200	0	0	1.25	2.25	3.25	0	0	7	2	0	0	0	0	1	7	7	44	45	0
cost	0	0	0	1	0	7	0	0	0	0	0	8	0	0	0	1101	0	0	0	0	1	0	0	1	0	0	0	0	0	2	7	0	0	7	7	0	0	8	0	200	0	0	1.25	2.25	3.25	0	0	7	2	0	0	0	0	1	7	7	44	45	0
cost	0	0	0	1	0	7	0	0	0	0	0	8	0	0	0	1300	0	0	0	0	1	0	0	1	0	0	0	0	0	2	7	0	0	7	7	0	0	8	0	200	0	0	1.25	2.25	3.25	0	0	7	2	0	0	0	0	1	7	7	44	45	0
cost	0	0	0	1	0	7	0	0	0	0	0	9	0	0	0	7	0	0	0	0	1	0	0	1	0	0	0	0	0	2	7	0	0	7	7	0	0	9	0	200	0	0	1.25	2.25	3.25	0	0	7	2	0	0	0	0	1	7	7	44	45	0
cost	0	0	0	1	0	7	0	0	0	0	0	9	0	0	0	857	0	0	0	0	1	0	0	1	0	0	0	0	0	2	7	0	0	7	7	0	0	9	0	200	0	0	1.25	2.25	3.25	0	0	7	2	0	0	0	0	1	7	7	44	45	0
cost	0	0	0	1	0	7	0	0	0	0	0	9	0	0	0	999	0	0	0	0	1	0	0	1	0	0	0	0	0	2	7	0	0	7	7	0	0	9	0	200	0	0	1.25	2.25	3.25	0	0	7	2	0	0	0	0	1	7	7	44	45	0
cost	0	0	0	1	0	7	0	0	0	0	0	9	0	0	0	-999	0	0	0	0	1	0	0	1	0	0	0	0	0	2	7	0	0	7	7	0	0	9	0	200	0	0	1.25	2.25	3.25	0	0	7	2	0	0	0	0	1	7	7	44	45	0
cost	0	0	0	1	0	7	0	0	0	0	0	9	0	0	0	1101	0	0	0	0	1	0	0	1	0	0	0	0	0	2	7	0	0	7	7	0	0	9	0	200	0	0	1.25	2.25	3.25	0	0	7	2	0	0	0	0	1	7	7	44	45	0
cost	0	0	0	1	0	7	0	0	0	0	0	9	0	0	0	1300	0	0	0	0	1	0	0	1	0	0	0	0	0	2	7	0	0	7	7	0	0	9	0	200	0	0	1.25	2.25	3.25	0	0	7	2	0	0	0	0	1	7	7	44	45	0
cost	0	0	0	1	0	7	0	0	0	0	0	10	0	0	0	7	0	0	0	0	1	0	0	1	0	0	0	0	0	2	7	0	0	7	7	0	0	10	0	200	0	0	1.25	2.25	3.25	0	0	7	2	0	0	0	0	1	7	7	44	45	0
cost	0	0	0	1	0	7	0	0	0	0	0	10	0	0	0	857	0	0	0	0	1	0	0	1	0	0	0	0	0	2	7	0	0	7	7	0	0	10	0	200	0	0	1.25	2.25	3.25	0	0	7	2	0	0	0	0	1	7	7	44	45	0
cost	0	0	0	1	0	7	0	0	0	0	0	10	0	0	0	999	0	0	0	0	1	0	0	1	0	0	0	0	0	2	7	0	0	7	7	0	0	10	0	200	0	0	1.25	2.25	3.25	0	0	7	2	0	0	0	0	1	7	7	44	45	0
cost	0	0	0	1	0	7	0	0	0	0	0	10	0	0	0	-999	0	0	0	0	1	0	0	1	0	0	0	0	0	2	7	0	0	7	7	0	0	10	0	200	0	0	1.25	2.25	3.25	0	0	7	2	0	0	0	0	1	7	7	44	45	0
cost	0	0	0	1	0	7	0	0	0	0	0	10	0	0	0	1101	0	0	0	0	1	0	0	1	0	0	0	0	0	2	7	0	0	7	7	0	0	10	0	200	0	0	1.25	2.25	3.25	0	0	7	2	0	0	0	0	1	7	7	44	45	0
cost	0	0	0	1	0	7	0	0	0	0	0	10	0	0	0	1300	0	0	0	0	1	0	0	1	0	0	0	0	0	2	7	0	0	7	7	0	0	10	0	200	0	0	1.25	2.25	3.25	0	0	7	2	0	0	0	0	1	7	7	44	45	0
cost	0	0	0	1	0	7	0	0	0	0	0	0	5	0	0	7	0	0	0	0	1	0	0	1	0	0	0	0	0	2	7	0	0	7	7	0	0	0	5	200	0	0	1.25	2.25	3.25	0	0	7	2	0	0	0	0	1	7	7	44	45	0
cost	0	0	0	1	0	7	0	0	0	0	0	0	5	0	0	857	0	0	0	0	1	0	0	1	0	0	0	0	0	2	7	0	0	7	7	0	0	0	5	200	0	0	1.25	2.25	3.25	0	0	7	2	0	0	0	0	1	7	7	44	45	0
cost	0	0	0	1	0	7	0	0	0	0	0	0	5	0	0	999	0	0	0	0	1	0	0	1	0	0	0	0	0	2	7	0	0	7	7	0	0	0	5	200	0	0	1.25	2.25	3.25	0	0	7	2	0	0	0	0	1	7	7	44	45	0
cost	0	0	0	1	0	7	0	0	0	0	0	0	5	0	0	-999	0	0	0	0	1	0	0	1	0	0	0	0	0	2	7	0	0	7	7	0	0	0	5	200	0	0	1.25	2.25	3.25	0	0	7	2	0	0	0	0	1	7	7	44	45	0
cost	0	0	0	1	0	7	0	0	0	0	0	0	5	0	0	1101	0	0	0	0	1	0	0	1	0	0	0	0	0	2	7	0	0	7	7	0	0	0	5	200	0	0	1.25	2.25	3.25	0	0	7	2	0	0	0	0	1	7	7	44	45	0
cost	0	0	0	1	0	7	0	0	0	0	0	0	5	0	0	1300	0	0	0	0	1	0	0	1	0	0	0	0	0	2	7	0	0	7	7	0	0	0	5	200	0	0	1.25	2.25	3.25	0	0	7	2	0	0	0	0	1	7	7	44	45	0
cost	0	0	0	1	0	7	0	0	0	0	0	5	5	0	0	7	0	0	0	0	1	0	0	1	0	0	0	0	0	2	7	0	0	7	7	0	0	5	5	200	0	0	1.25	2.25	3.25	0	0	7	2	0	0	0	0	1	7	7	44	45	0
cost	0	0	0	1	0	7	0	0	0	0	0	5	5	0	0	857	0	0	0	0	1	0	0	1	0	0	0	0	0	2	7	0	0	7	7	0	0	5	5	200	0	0	1.25	2.25	3.25	0	0	7	2	0	0	0	0	1	7	7	44	45	0
cost	0	0	0	1	0	7	0	0	0	0	0	5	5	0	0	999	0	0	0	0	1	0	0	1	0	0	0	0	0	2	7	0	0	7	7	0	0	5	5	200	0	0	1.25	2.25	3.25	0	0	7	2	0	0	0	0	1	7	7	44	45	0
cost	0	0	0	1	0	7	0	0	0	0	0	5	5	0	0	-999	0	0	0	0	1	0	0	1	0	0	0	0	0	2	7	0	0	7	7	0	0	5	5	200	0	0	1.25	2.25	3.25	0	0	7	2	0	0	0	0	1	7	7	44	45	0
cost	0	0	0	1	0	7	0	0	0	0	0	5	5	0	0	1101	0	0	0	0	1	0	0	1	0	0	0	0	0	2	7	0	0	7	7	0	0	5	5	200	0	0	1.25	2.25	3.25	0	0	7	2	0	0	0	0	1	7	7	44	45	0
cost	0	0	0	1	0	7	0	0	0	0	0	5	5	0	0	1300	0	0	0	0	1	0	0	1	0	0	0	0	0	2	7	0	0	7	7	0	0	5	5	200	0	0	1.25	2.25	3.25	0	0	7	2	0	0	0	0	1	7	7	44	45	0
cost	0	0	0	1	0	7	0	0	0	0	0	6	5	0	0	7	0	0	0	0	1	0	0	1	0	0	0	0	0	2	7	0	0	7	7	0	0	6	5	200	0	0	1.25	2.25	3.25	0	0	7	2	0	0	0	0	1	7	7	44	45	0
cost	0	0	0	1	0	7	0	0	0	0	0	6	5	0	0	857	0	0	0	0	1	0	0	1	0	0	0	0	0	2	7	0	0	7	7	0	0	6	5	200	0	0	1.25	2.25	3.25	0	0	7	2	0	0	0	0	1	7	7	44	45	0
cost	0	0	0	1	0	7	0	0	0	0	0	6	5	0	0	999	0	0	0	0	1	0	0	1	0	0	0	0	0	2	7	0	0	7	7	0	0	6	5	200	0	0	1.25	2.25	3.25	0	0	7	2	0	0	0	0	1	7	7	44	45	0
cost	0	0	0	1	0	7	0	0	0	0	0	6	5	0	0	-999	0	0	0	0	1	0	0	1	0	0	0	0	0	2	7	0	0	7	7	0	0	6	5	200	0	0	1.25	2.25	3.25	0	0	7	2	0	0	0	0	1	7	7	44	45	0
cost	0	0	0	1	0	7	0	0	0	0	0	6	5	0	0	1101	0	0	0	0	1	0	0	1	0	0	0	0	0	2	7	0	0	7	7	0	0	6	5	200	0	0	1.25	2.25	3.25	0	0	7	2	0	0	0	0	1	7	7	44	45	0
cost	0	0	0	1	0	7	0	0	0	0	0	6	5	0	0	1300	0	0	0	0	1	0	0	1	0	0	0	0	0	2	7	0	0	7	7	0	0	6	5	200	0	0	1.25	2.25	3.25	0	0	7	2	0	0	0	0	1	7	7	44	45	0
cost	0	0	0	1	0	7	0	0	0	0	0	8	5	0	0	7	0	0	0	0	1	0	0	1	0	0	0	0	0	2	7	0	0	7	7	0	0	8	5	200	0	0	1.25	2.25	3.25	0	0	7	2	0	0	0	0	1	7	7	44	45	0
cost	0	0	0	1	0	7	0	0	0	0	0	8	5	0	0	857	0	0	0	0	1	0	0	1	0	0	0	0	0	2	7	0	0	7	7	0	0	8	5	200	0	0	1.25	2.25	3.25	0	0	7	2	0	0	0	0	1	7	7	44	45	0
cost	0	0	0	1	0	7	0	0	0	0	0	8	5	0	0	999	0	0	0	0	1	0	0	1	0	0	0	0	0	2	7	0	0	7	7	0	0	8	5	200	0	0	1.25	2.25	3.25	0	0	7	2	0	0	0	0	1	7	7	44	45	0
cost	0	0	0	1	0	7	0	0	0	0	0	8	5	0	0	-999	0	0	0	0	1	0	0	1	0	0	0	0	0	2	7	0	0	7	7	0	0	8	5	200	0	0	1.25	2.25	3.25	0	0	7	2	0	0	0	0	1	7	7	44	45	0
cost	0	0	0	1	0	7	0	0	0	0	0	8	5	0	0	1101	0	0	0	0	1	0	0	1	0	0	0	0	0	2	7	0	0	7	7	0	0	8	5	200	0	0	1.25	2.25	3.25	0	0	7	2	0	0	0	0	1	7	7	44	45	0
cost	0	0	0	1	0	7	0	0	0	0	0	8	5	0	0	1300	0	0	0	0	1	0	0	1	0	0	0	0	0	2	7	0	0	7	7	0	0	8	5	200	0	0	1.25	2.25	3.25	0	0	7	2	0	0	0	0	1	7	7	44	45	0
cost	0	0	0	1	0	7	0	0	0	0	0	9	5	0	0	7	0	0	0	0	1	0	0	1	0	0	0	0	0	2	7	0	0	7	7	0	0	9	5	200	0	0	1.25	2.25	3.25	0	0	7	2	0	0	0	0	1	7	7	44	45	0
cost	0	0	0	1	0	7	0	0	0	0	0	9	5	0	0	857	0	0	0	0	1	0	0	1	0	0	0	0	0	2	7	0	0	7	7	0	0	9	5	200	0	0	1.25	2.25	3.25	0	0	7	2	0	0	0	0	1	7	7	44	45	0
cost	0	0	0	1	0	7	0	0	0	0	0	9	5	0	0	999	0	0	0	0	1	0	0	1	0	0	0	0	0	2	7	0	0	7	7	0	0	9	5	200	0	0	1.25	2.25	3.25	0	0	7	2	0	0	0	0	1	7	7	44	45	0
cost	0	0	0	1	0	7	0	0	0	0	0	9	5	0	0	-999	0	0	0	0	1	0	0	1	0	0	0	0	0	2	7	0	0	7	7	0	0	9	5	200	0	0	1.25	2.25	3.25	0	0	7	2	0	0	0	0	1	7	7	44	45	0
cost	0	0	0	1	0	7	0	0	0	0	0	9	5	0	0	1101	0	0	0	0	1	0	0	1	0	0	0	0	0	2	7	0	0	7	7	0	0	9	5	200	0	0	1.25	2.25	3.25	0	0	7	2	0	0	0	0	1	7	7	44	45	0
cost	0	0	0	1	0	7	0	0	0	0	0	9	5	0	0	1300	0	0	0	0	1	0	0	1	0	0	0	0	0	2	7	0	0	7	7	0	0	9	5	200	0	0	1.25	2.25	3.25	0	0	7	2	0	0	0	0	1	7	7	44	45	0
cost	0	0	0	1	0	7	0	0	0	0	0	10	5	0	0	7	0	0	0	0	1	0	0	1	0	0	0	0	0	2	7	0	0	7	7	0	0	10	5	200	0	0	1.25	2.25	3.25	0	0	7	2	0	0	0	0	1	7	7	44	45	0
cost	0	0	0	1	0	7	0	0	0	0	0	10	5	0	0	857	0	0	0	0	1	0	0	1	0	0	0	0	0	2	7	0	0	7	7	0	0	10	5	200	0	0	1.25	2.25	3.25	0	0	7	2	0	0	0	0	1	7	7	44	45	0
cost	0	0	0	1	0	7	0	0	0	0	0	10	5	0	0	999	0	0	0	0	1	0	0	1	0	0	0	0	0	2	7	0	0	7	7	0	0	10	5	200	0	0	1.25	2.25	3.25	0	0	7	2	0	0	0	0	1	7	7	44	45	0
cost	0	0	0	1	0	7	0	0	0	0	0	10	5	0	0	-999	0	0	0	0	1	0	0	1	0	0	0	0	0	2	7	0	0	7	7	0	0	10	5	200	0	0	1.25	2.25	3.25	0	0	7	2	0	0	0	0	1	7	7	44	45	0
cost	0	0	0	1	0	7	0	0	0	0	0	10	5	0	0	1101	0	0	0	0	1	0	0	1	0	0	0	0	0	2	7	0	0	7	7	0	0	10	5	200	0	0	1.25	2.25	3.25	0	0	7	2	0	0	0	0	1	7	7	44	45	0
cost	0	0	0	1	0	7	0	0	0	0	0	10	5	0	0	1300	0	0	0	0	1	0	0	1	0	0	0	0	0	2	7	0	0	7	7	0	0	10	5	200	0	0	1.25	2.25	3.25	0	0	7	2	0	0	0	0	1	7	7	44	45	0
cost	0	0	0	1	0	7	0	0	0	0	0	0	6	0	0	7	0	0	0	0	1	0	0	1	0	0	0	0	0	2	7	0	0	7	7	0	0	0	6	200	0	0	1.25	2.25	3.25	0	0	7	2	0	0	0	0	1	7	7	44	45	0
cost	0	0	0	1	0	7	0	0	0	0	0	0	6	0	0	857	0	0	0	0	1	0	0	1	0	0	0	0	0	2	7	0	0	7	7	0	0	0	6	200	0	0	1.25	2.25	3.25	0	0	7	2	0	0	0	0	1	7	7	44	45	0
cost	0	0	0	1	0	7	0	0	0	0	0	0	6	0	0	999	0	0	0	0	1	0	0	1	0	0	0	0	0	2	7	0	0	7	7	0	0	0	6	200	0	0	1.25	2.25	3.25	0	0	7	2	0	0	0	0	1	7	7	44	45	0
cost	0	0	0	1	0	7	0	0	0	0	0	0	6	0	0	-999	0	0	0	0	1	0	0	1	0	0	0	0	0	2	7	0	0	7	7	0	0	0	6	200	0	0	1.25	2.25	3.25	0	0	7	2	0	0	0	0	1	7	7	44	45	0
cost	0	0	0	1	0	7	0	0	0	0	0	0	6	0	0	1101	0	0	0	0	1	0	0	1	0	0	0	0	0	2	7	0	0	7	7	0	0	0	6	200	0	0	1.25	2.25	3.25	0	0	7	2	0	0	0	0	1	7	7	44	45	0
cost	0	0	0	1	0	7	0	0	0	0	0	0	6	0	0	1300	0	0	0	0	1	0	0	1	0	0	0	0	0	2	7	0	0	7	7	0	0	0	6	200	0	0	1.25	2.25	3.25	0	0	7	2	0	0	0	0	1	7	7	44	45	0
cost	0	0	0	1	0	7	0	0	0	0	0	5	6	0	0	7	0	0	0	0	1	0	0	1	0	0	0	0	0	2	7	0	0	7	7	0	0	5	6	200	0	0	1.25	2.25	3.25	0	0	7	2	0	0	0	0	1	7	7	44	45	0
cost	0	0	0	1	0	7	0	0	0	0	0	5	6	0	0	857	0	0	0	0	1	0	0	1	0	0	0	0	0	2	7	0	0	7	7	0	0	5	6	200	0	0	1.25	2.25	3.25	0	0	7	2	0	0	0	0	1	7	7	44	45	0
cost	0	0	0	1	0	7	0	0	0	0	0	5	6	0	0	999	0	0	0	0	1	0	0	1	0	0	0	0	0	2	7	0	0	7	7	0	0	5	6	200	0	0	1.25	2.25	3.25	0	0	7	2	0	0	0	0	1	7	7	44	45	0
cost	0	0	0	1	0	7	0	0	0	0	0	5	6	0	0	-999	0	0	0	0	1	0	0	1	0	0	0	0	0	2	7	0	0	7	7	0	0	5	6	200	0	0	1.25	2.25	3.25	0	0	7	2	0	0	0	0	1	7	7	44	45	0
cost	0	0	0	1	0	7	0	0	0	0	0	5	6	0	0	1101	0	0	0	0	1	0	0	1	0	0	0	0	0	2	7	0	0	7	7	0	0	5	6	200	0	0	1.25	2.25	3.25	0	0	7	2	0	0	0	0	1	7	7	44	45	0
cost	0	0	0	1	0	7	0	0	0	0	0	5	6	0	0	1300	0	0	0	0	1	0	0	1	0	0	0	0	0	2	7	0	0	7	7	0	0	5	6	200	0	0	1.25	2.25	3.25	0	0	7	2	0	0	0	0	1	7	7	44	45	0
cost	0	0	0	1	0	7	0	0	0	0	0	6	6	0	0	7	0	0	0	0	1	0	0	1	0	0	0	0	0	2	7	0	0	7	7	0	0	6	6	200	0	0	1.25	2.25	3.25	0	0	7	2	0	0	0	0	1	7	7	44	45	0
cost	0	0	0	1	0	7	0	0	0	0	0	6	6	0	0	857	0	0	0	0	1	0	0	1	0	0	0	0	0	2	7	0	0	7	7	0	0	6	6	200	0	0	1.25	2.25	3.25	0	0	7	2	0	0	0	0	1	7	7	44	45	0
cost	0	0	0	1	0	7	0	0	0	0	0	6	6	0	0	999	0	0	0	0	1	0	0	1	0	0	0	0	0	2	7	0	0	7	7	0	0	6	6	200	0	0	1.25	2.25	3.25	0	0	7	2	0	0	0	0	1	7	7	44	45	0
cost	0	0	0	1	0	7	0	0	0	0	0	6	6	0	0	-999	0	0	0	0	1	0	0	1	0	0	0	0	0	2	7	0	0	7	7	0	0	6	6	200	0	0	1.25	2.25	3.25	0	0	7	2	0	0	0	0	1	7	7	44	45	0
cost	0	0	0	1	0	7	0	0	0	0	0	6	6	0	0	1101	0	0	0	0	1	0	0	1	0	0	0	0	0	2	7	0	0	7	7	0	0	6	6	200	0	0	1.25	2.25	3.25	0	0	7	2	0	0	0	0	1	7	7	44	45	0
cost	0	0	0	1	0	7	0	0	0	0	0	6	6	0	0	1300	0	0	0	0	1	0	0	1	0	0	0	0	0	2	7	0	0	7	7	0	0	6	6	200	0	0	1.25	2.25	3.25	0	0	7	2	0	0	0	0	1	7	7	44	45	0
cost	0	0	0	1	0	7	0	0	0	0	0	8	6	0	0	7	0	0	0	0	1	0	0	1	0	0	0	0	0	2	7	0	0	7	7	0	0	8	6	200	0	0	1.25	2.25	3.25	0	0	7	2	0	0	0	0	1	7	7	44	45	0
cost	0	0	0	1	0	7	0	0	0	0	0	8	6	0	0	857	0	0	0	0	1	0	0	1	0	0	0	0	0	2	7	0	0	7	7	0	0	8	6	200	0	0	1.25	2.25	3.25	0	0	7	2	0	0	0	0	1	7	7	44	45	0
cost	0	0	0	1	0	7	0	0	0	0	0	8	6	0	0	999	0	0	0	0	1	0	0	1	0	0	0	0	0	2	7	0	0	7	7	0	0	8	6	200	0	0	1.25	2.25	3.25	0	0	7	2	0	0	0	0	1	7	7	44	45	0
cost	0	0	0	1	0	7	0	0	0	0	0	8	6	0	0	-999	0	0	0	0	1	0	0	1	0	0	0	0	0	2	7	0	0	7	7	0	0	8	6	200	0	0	1.25	2.25	3.25	0	0	7	2	0	0	0	0	1	7	7	44	45	0
cost	0	0	0	1	0	7	0	0	0	0	0	8	6	0	0	1101	0	0	0	0	1	0	0	1	0	0	0	0	0	2	7	0	0	7	7	0	0	8	6	200	0	0	1.25	2.25	3.25	0	0	7	2	0	0	0	0	1	7	7	44	45	0
cost	0	0	0	1	0	7	0	0	0	0	0	8	6	0	0	1300	0	0	0	0	1	0	0	1	0	0	0	0	0	2	7	0	0	7	7	0	0	8	6	200	0	0	1.25	2.25	3.25	0	0	7	2	0	0	0	0	1	7	7	44	45	0
cost	0	0	0	1	0	7	0	0	0	0	0	9	6	0	0	7	0	0	0	0	1	0	0	1	0	0	0	0	0	2	7	0	0	7	7	0	0	9	6	200	0	0	1.25	2.25	3.25	0	0	7	2	0	0	0	0	1	7	7	44	45	0
cost	0	0	0	1	0	7	0	0	0	0	0	9	6	0	0	857	0	0	0	0	1	0	0	1	0	0	0	0	0	2	7	0	0	7	7	0	0	9	6	200	0	0	1.25	2.25	3.25	0	0	7	2	0	0	0	0	1	7	7	44	45	0
cost	0	0	0	1	0	7	0	0	0	0	0	9	6	0	0	999	0	0	0	0	1	0	0	1	0	0	0	0	0	2	7	0	0	7	7	0	0	9	6	200	0	0	1.25	2.25	3.25	0	0	7	2	0	0	0	0	1	7	7	44	45	0
cost	0	0	0	1	0	7	0	0	0	0	0	9	6	0	0	-999	0	0	0	0	1	0	0	1	0	0	0	0	0	2	7	0	0	7	7	0	0	9	6	200	0	0	1.25	2.25	3.25	0	0	7	2	0	0	0	0	1	7	7	44	45	0
cost	0	0	0	1	0	7	0	0	0	0	0	9	6	0	0	1101	0	0	0	0	1	0	0	1	0	0	0	0	0	2	7	0	0	7	7	0	0	9	6	200	0	0	1.25	2.25	3.25	0	0	7	2	0	0	0	0	1	7	7	44	45	0
cost	0	0	0	1	0	7	0	0	0	0	0	9	6	0	0	1300	0	0	0	0	1	0	0	1	0	0	0	0	0	2	7	0	0	7	7	0	0	9	6	200	0	0	1.25	2.25	3.25	0	0	7	2	0	0	0	0	1	7	7	44	45	0
cost	0	0	0	1	0	7	0	0	0	0	0	10	6	0	0	7	0	0	0	0	1	0	0	1	0	0	0	0	0	2	7	0	0	7	7	0	0	10	6	200	0	0	1.25	2.25	3.25	0	0	7	2	0	0	0	0	1	7	7	44	45	0
cost	0	0	0	1	0	7	0	0	0	0	0	10	6	0	0	857	0	0	0	0	1	0	0	1	0	0	0	0	0	2	7	0	0	7	7	0	0	10	6	200	0	0	1.25	2.25	3.25	0	0	7	2	0	0	0	0	1	7	7	44	45	0
cost	0	0	0	1	0	7	0	0	0	0	0	10	6	0	0	999	0	0	0	0	1	0	0	1	0	0	0	0	0	2	7	0	0	7	7	0	0	10	6	200	0	0	1.25	2.25	3.25	0	0	7	2	0	0	0	0	1	7	7	44	45	0
cost	0	0	0	1	0	7	0	0	0	0	0	10	6	0	0	-999	0	0	0	0	1	0	0	1	0	0	0	0	0	2	7	0	0	7	7	0	0	10	6	200	0	0	1.25	2.25	3.25	0	0	7	2	0	0	0	0	1	7	7	44	45	0
cost	0	0	0	1	0	7	0	0	0	0	0	10	6	0	0	1101	0	0	0	0	1	0	0	1	0	0	0	0	0	2	7	0	0	7	7	0	0	10	6	200	0	0	1.25	2.25	3.25	0	0	7	2	0	0	0	0	1	7	7	44	45	0
cost	0	0	0	1	0	7	0	0	0	0	0	10	6	0	0	1300	0	0	0	0	1	0	0	1	0	0	0	0	0	2	7	0	0	7	7	0	0	10	6	200	0	0	1.25	2.25	3.25	0	0	7	2	0	0	0	0	1	7	7	44	45	0
cost	0	0	0	1	0	7	0	0	0	0	0	0	8	0	0	7	0	0	0	0	1	0	0	1	0	0	0	0	0	2	7	0	0	7	7	0	0	0	8	200	0	0	1.25	2.25	3.25	0	0	7	2	0	0	0	0	1	7	7	44	45	0
cost	0	0	0	1	0	7	0	0	0	0	0	0	8	0	0	857	0	0	0	0	1	0	0	1	0	0	0	0	0	2	7	0	0	7	7	0	0	0	8	200	0	0	1.25	2.25	3.25	0	0	7	2	0	0	0	0	1	7	7	44	45	0
cost	0	0	0	1	0	7	0	0	0	0	0	0	8	0	0	999	0	0	0	0	1	0	0	1	0	0	0	0	0	2	7	0	0	7	7	0	0	0	8	200	0	0	1.25	2.25	3.25	0	0	7	2	0	0	0	0	1	7	7	44	45	0
cost	0	0	0	1	0	7	0	0	0	0	0	0	8	0	0	-999	0	0	0	0	1	0	0	1	0	0	0	0	0	2	7	0	0	7	7	0	0	0	8	200	0	0	1.25	2.25	3.25	0	0	7	2	0	0	0	0	1	7	7	44	45	0
cost	0	0	0	1	0	7	0	0	0	0	0	0	8	0	0	1101	0	0	0	0	1	0	0	1	0	0	0	0	0	2	7	0	0	7	7	0	0	0	8	200	0	0	1.25	2.25	3.25	0	0	7	2	0	0	0	0	1	7	7	44	45	0
cost	0	0	0	1	0	7	0	0	0	0	0	0	8	0	0	1300	0	0	0	0	1	0	0	1	0	0	0	0	0	2	7	0	0	7	7	0	0	0	8	200	0	0	1.25	2.25	3.25	0	0	7	2	0	0	0	0	1	7	7	44	45	0
cost	0	0	0	1	0	7	0	0	0	0	0	5	8	0	0	7	0	0	0	0	1	0	0	1	0	0	0	0	0	2	7	0	0	7	7	0	0	5	8	200	0	0	1.25	2.25	3.25	0	0	7	2	0	0	0	0	1	7	7	44	45	0
cost	0	0	0	1	0	7	0	0	0	0	0	5	8	0	0	857	0	0	0	0	1	0	0	1	0	0	0	0	0	2	7	0	0	7	7	0	0	5	8	200	0	0	1.25	2.25	3.25	0	0	7	2	0	0	0	0	1	7	7	44	45	0
cost	0	0	0	1	0	7	0	0	0	0	0	5	8	0	0	999	0	0	0	0	1	0	0	1	0	0	0	0	0	2	7	0	0	7	7	0	0	5	8	200	0	0	1.25	2.25	3.25	0	0	7	2	0	0	0	0	1	7	7	44	45	0
cost	0	0	0	1	0	7	0	0	0	0	0	5	8	0	0	-999	0	0	0	0	1	0	0	1	0	0	0	0	0	2	7	0	0	7	7	0	0	5	8	200	0	0	1.25	2.25	3.25	0	0	7	2	0	0	0	0	1	7	7	44	45	0
cost	0	0	0	1	0	7	0	0	0	0	0	5	8	0	0	1101	0	0	0	0	1	0	0	1	0	0	0	0	0	2	7	0	0	7	7	0	0	5	8	200	0	0	1.25	2.25	3.25	0	0	7	2	0	0	0	0	1	7	7	44	45	0
cost	0	0	0	1	0	7	0	0	0	0	0	5	8	0	0	1300	0	0	0	0	1	0	0	1	0	0	0	0	0	2	7	0	0	7	7	0	0	5	8	200	0	0	1.25	2.25	3.25	0	0	7	2	0	0	0	0	1	7	7	44	45	0
cost	0	0	0	1	0	7	0	0	0	0	0	6	8	0	0	7	0	0	0	0	1	0	0	1	0	0	0	0	0	2	7	0	0	7	7	0	0	6	8	200	0	0	1.25	2.25	3.25	0	0	7	2	0	0	0	0	1	7	7	44	45	0
cost	0	0	0	1	0	7	0	0	0	0	0	6	8	0	0	857	0	0	0	0	1	0	0	1	0	0	0	0	0	2	7	0	0	7	7	0	0	6	8	200	0	0	1.25	2.25	3.25	0	0	7	2	0	0	0	0	1	7	7	44	45	0
cost	0	0	0	1	0	7	0	0	0	0	0	6	8	0	0	999	0	0	0	0	1	0	0	1	0	0	0	0	0	2	7	0	0	7	7	0	0	6	8	200	0	0	1.25	2.25	3.25	0	0	7	2	0	0	0	0	1	7	7	44	45	0
cost	0	0	0	1	0	7	0	0	0	0	0	6	8	0	0	-999	0	0	0	0	1	0	0	1	0	0	0	0	0	2	7	0	0	7	7	0	0	6	8	200	0	0	1.25	2.25	3.25	0	0	7	2	0	0	0	0	1	7	7	44	45	0
cost	0	0	0	1	0	7	0	0	0	0	0	6	8	0	0	1101	0	0	0	0	1	0	0	1	0	0	0	0	0	2	7	0	0	7	7	0	0	6	8	200	0	0	1.25	2.25	3.25	0	0	7	2	0	0	0	0	1	7	7	44	45	0
cost	0	0	0	1	0	7	0	0	0	0	0	6	8	0	0	1300	0	0	0	0	1	0	0	1	0	0	0	0	0	2	7	0	0	7	7	0	0	6	8	200	0	0	1.25	2.25	3.25	0	0	7	2	0	0	0	0	1	7	7	44	45	0
cost	0	0	0	1	0	7	0	0	0	0	0	8	8	0	0	7	0	0	0	0	1	0	0	1	0	0	0	0	0	2	7	0	0	7	7	0	0	8	8	200	0	0	1.25	2.25	3.25	0	0	7	2	0	0	0	0	1	7	7	44	45	0
cost	0	0	0	1	0	7	0	0	0	0	0	8	8	0	0	857	0	0	0	0	1	0	0	1	0	0	0	0	0	2	7	0	0	7	7	0	0	8	8	200	0	0	1.25	2.25	3.25	0	0	7	2	0	0	0	0	1	7	7	44	45	0
cost	0	0	0	1	0	7	0	0	0	0	0	8	8	0	0	999	0	0	0	0	1	0	0	1	0	0	0	0	0	2	7	0	0	7	7	0	0	8	8	200	0	0	1.25	2.25	3.25	0	0	7	2	0	0	0	0	1	7	7	44	45	0
cost	0	0	0	1	0	7	0	0	0	0	0	8	8	0	0	-999	0	0	0	0	1	0	0	1	0	0	0	0	0	2	7	0	0	7	7	0	0	8	8	200	0	0	1.25	2.25	3.25	0	0	7	2	0	0	0	0	1	7	7	44	45	0
cost	0	0	0	1	0	7	0	0	0	0	0	8	8	0	0	1101	0	0	0	0	1	0	0	1	0	0	0	0	0	2	7	0	0	7	7	0	0	8	8	200	0	0	1.25	2.25	3.25	0	0	7	2	0	0	0	0	1	7	7	44	45	0
cost	0	0	0	1	0	7	0	0	0	0	0	8	8	0	0	1300	0	0	0	0	1	0	0	1	0	0	0	0	0	2	7	0	0	7	7	0	0	8	8	200	0	0	1.25	2.25	3.25	0	0	7	2	0	0	0	0	1	7	7	44	45	0
cost	0	0	0	1	0	7	0	0	0	0	0	9	8	0	0	7	0	0	0	0	1	0	0	1	0	0	0	0	0	2	7	0	0	7	7	0	0	9	8	200	0	0	1.25	2.25	3.25	0	0	7	2	0	0	0	0	1	7	7	44	45	0
cost	0	0	0	1	0	7	0	0	0	0	0	9	8	0	0	857	0	0	0	0	1	0	0	1	0	0	0	0	0	2	7	0	0	7	7	0	0	9	8	200	0	0	1.25	2.25	3.25	0	0	7	2	0	0	0	0	1	7	7	44	45	0
cost	0	0	0	1	0	7	0	0	0	0	0	9	8	0	0	999	0	0	0	0	1	0	0	1	0	0	0	0	0	2	7	0	0	7	7	0	0	9	8	200	0	0	1.25	2.25	3.25	0	0	7	2	0	0	0	0	1	7	7	44	45	0
cost	0	0	0	1	0	7	0	0	0	0	0	9	8	0	0	-999	0	0	0	0	1	0	0	1	0	0	0	0	0	2	7	0	0	7	7	0	0	9	8	200	0	0	1.25	2.25	3.25	0	0	7	2	0	0	0	0	1	7	7	44	45	0
cost	0	0	0	1	0	7	0	0	0	0	0	9	8	0	0	1101	0	0	0	0	1	0	0	1	0	0	0	0	0	2	7	0	0	7	7	0	0	9	8	200	0	0	1.25	2.25	3.25	0	0	7	2	0	0	0	0	1	7	7	44	45	0
cost	0	0	0	1	0	7	0	0	0	0	0	9	8	0	0	1300	0	0	0	0	1	0	0	1	0	0	0	0	0	2	7	0	0	7	7	0	0	9	8	200	0	0	1.25	2.25	3.25	0	0	7	2	0	0	0	0	1	7	7	44	45	0
cost	0	0	0	1	0	7	0	0	0	0	0	10	8	0	0	7	0	0	0	0	1	0	0	1	0	0	0	0	0	2	7	0	0	7	7	0	0	10	8	200	0	0	1.25	2.25	3.25	0	0	7	2	0	0	0	0	1	7	7	44	45	0
cost	0	0	0	1	0	7	0	0	0	0	0	10	8	0	0	857	0	0	0	0	1	0	0	1	0	0	0	0	0	2	7	0	0	7	7	0	0	10	8	200	0	0	1.25	2.25	3.25	0	0	7	2	0	0	0	0	1	7	7	44	45	0
cost	0	0	0	1	0	7	0	0	0	0	0	10	8	0	0	999	0	0	0	0	1	0	0	1	0	0	0	0	0	2	7	0	0	7	7	0	0	10	8	200	0	0	1.25	2.25	3.25	0	0	7	2	0	0	0	0	1	7	7	44	45	0
cost	0	0	0	1	0	7	0	0	0	0	0	10	8	0	0	-999	0	0	0	0	1	0	0	1	0	0	0	0	0	2	7	0	0	7	7	0	0	10	8	200	0	0	1.25	2.25	3.25	0	0	7	2	0	0	0	0	1	7	7	44	45	0
cost	0	0	0	1	0	7	0	0	0	0	0	10	8	0	0	1101	0	0	0	0	1	0	0	1	0	0	0	0	0	2	7	0	0	7	7	0	0	10	8	200	0	0	1.25	2.25	3.25	0	0	7	2	0	0	0	0	1	7	7	44	45	0
cost	0	0	0	1	0	7	0	0	0	0	0	10	8	0	0	1300	0	0	0	0	1	0	0	1	0	0	0	0	0	2	7	0	0	7	7	0	0	10	8	200	0	0	1.25	2.25	3.25	0	0	7	2	0	0	0	0	1	7	7	44	45	0
cost	0	0	0	1	0	7	0	0	0	0	0	0	9	0	0	7	0	0	0	0	1	0	0	1	0	0	0	0	0	2	7	0	0	7	7	0	0	0	9	200	0	0	1.25	2.25	3.25	0	0	7	2	0	0	0	0	1	7	7	44	45	0
cost	0	0	0	1	0	7	0	0	0	0	0	0	9	0	0	857	0	0	0	0	1	0	0	1	0	0	0	0	0	2	7	0	0	7	7	0	0	0	9	200	0	0	1.25	2.25	3.25	0	0	7	2	0	0	0	0	1	7	7	44	45	0
cost	0	0	0	1	0	7	0	0	0	0	0	0	9	0	0	999	0	0	0	0	1	0	0	1	0	0	0	0	0	2	7	0	0	7	7	0	0	0	9	200	0	0	1.25	2.25	3.25	0	0	7	2	0	0	0	0	1	7	7	44	45	0
cost	0	0	0	1	0	7	0	0	0	0	0	0	9	0	0	-999	0	0	0	0	1	0	0	1	0	0	0	0	0	2	7	0	0	7	7	0	0	0	9	200	0	0	1.25	2.25	3.25	0	0	7	2	0	0	0	0	1	7	7	44	45	0
cost	0	0	0	1	0	7	0	0	0	0	0	0	9	0	0	1101	0	0	0	0	1	0	0	1	0	0	0	0	0	2	7	0	0	7	7	0	0	0	9	200	0	0	1.25	2.25	3.25	0	0	7	2	0	0	0	0	1	7	7	44	45	0
cost	0	0	0	1	0	7	0	0	0	0	0	0	9	0	0	1300	0	0	0	0	1	0	0	1	0	0	0	0	0	2	7	0	0	7	7	0	0	0	9	200	0	0	1.25	2.25	3.25	0	0	7	2	0	0	0	0	1	7	7	44	45	0
cost	0	0	0	1	0	7	0	0	0	0	0	5	9	0	0	7	0	0	0	0	1	0	0	1	0	0	0	0	0	2	7	0	0	7	7	0	0	5	9	200	0	0	1.25	2.25	3.25	0	0	7	2	0	0	0	0	1	7	7	44	45	0
cost	0	0	0	1	0	7	0	0	0	0	0	5	9	0	0	857	0	0	0	0	1	0	0	1	0	0	0	0	0	2	7	0	0	7	7	0	0	5	9	200	0	0	1.25	2.25	3.25	0	0	7	2	0	0	0	0	1	7	7	44	45	0
cost	0	0	0	1	0	7	0	0	0	0	0	5	9	0	0	999	0	0	0	0	1	0	0	1	0	0	0	0	0	2	7	0	0	7	7	0	0	5	9	200	0	0	1.25	2.25	3.25	0	0	7	2	0	0	0	0	1	7	7	44	45	0
cost	0	0	0	1	0	7	0	0	0	0	0	5	9	0	0	-999	0	0	0	0	1	0	0	1	0	0	0	0	0	2	7	0	0	7	7	0	0	5	9	200	0	0	1.25	2.25	3.25	0	0	7	2	0	0	0	0	1	7	7	44	45	0
cost	0	0	0	1	0	7	0	0	0	0	0	5	9	0	0	1101	0	0	0	0	1	0	0	1	0	0	0	0	0	2	7	0	0	7	7	0	0	5	9	200	0	0	1.25	2.25	3.25	0	0	7	2	0	0	0	0	1	7	7	44	45	0
cost	0	0	0	1	0	7	0	0	0	0	0	5	9	0	0	1300	0	0	0	0	1	0	0	1	0	0	0	0	0	2	7	0	0	7	7	0	0	5	9	200	0	0	1.25	2.25	3.25	0	0	7	2	0	0	0	0	1	7	7	44	45	0
cost	0	0	0	1	0	7	0	0	0	0	0	6	9	0	0	7	0	0	0	0	1	0	0	1	0	0	0	0	0	2	7	0	0	7	7	0	0	6	9	200	0	0	1.25	2.25	3.25	0	0	7	2	0	0	0	0	1	7	7	44	45	0
cost	0	0	0	1	0	7	0	0	0	0	0	6	9	0	0	857	0	0	0	0	1	0	0	1	0	0	0	0	0	2	7	0	0	7	7	0	0	6	9	200	0	0	1.25	2.25	3.25	0	0	7	2	0	0	0	0	1	7	7	44	45	0
cost	0	0	0	1	0	7	0	0	0	0	0	6	9	0	0	999	0	0	0	0	1	0	0	1	0	0	0	0	0	2	7	0	0	7	7	0	0	6	9	200	0	0	1.25	2.25	3.25	0	0	7	2	0	0	0	0	1	7	7	44	45	0
cost	0	0	0	1	0	7	0	0	0	0	0	6	9	0	0	-999	0	0	0	0	1	0	0	1	0	0	0	0	0	2	7	0	0	7	7	0	0	6	9	200	0	0	1.25	2.25	3.25	0	0	7	2	0	0	0	0	1	7	7	44	45	0
cost	0	0	0	1	0	7	0	0	0	0	0	6	9	0	0	1101	0	0	0	0	1	0	0	1	0	0	0	0	0	2	7	0	0	7	7	0	0	6	9	200	0	0	1.25	2.25	3.25	0	0	7	2	0	0	0	0	1	7	7	44	45	0
cost	0	0	0	1	0	7	0	0	0	0	0	6	9	0	0	1300	0	0	0	0	1	0	0	1	0	0	0	0	0	2	7	0	0	7	7	0	0	6	9	200	0	0	1.25	2.25	3.25	0	0	7	2	0	0	0	0	1	7	7	44	45	0
cost	0	0	0	1	0	7	0	0	0	0	0	8	9	0	0	7	0	0	0	0	1	0	0	1	0	0	0	0	0	2	7	0	0	7	7	0	0	8	9	200	0	0	1.25	2.25	3.25	0	0	7	2	0	0	0	0	1	7	7	44	45	0
cost	0	0	0	1	0	7	0	0	0	0	0	8	9	0	0	857	0	0	0	0	1	0	0	1	0	0	0	0	0	2	7	0	0	7	7	0	0	8	9	200	0	0	1.25	2.25	3.25	0	0	7	2	0	0	0	0	1	7	7	44	45	0
cost	0	0	0	1	0	7	0	0	0	0	0	8	9	0	0	999	0	0	0	0	1	0	0	1	0	0	0	0	0	2	7	0	0	7	7	0	0	8	9	200	0	0	1.25	2.25	3.25	0	0	7	2	0	0	0	0	1	7	7	44	45	0
cost	0	0	0	1	0	7	0	0	0	0	0	8	9	0	0	-999	0	0	0	0	1	0	0	1	0	0	0	0	0	2	7	0	0	7	7	0	0	8	9	200	0	0	1.25	2.25	3.25	0	0	7	2	0	0	0	0	1	7	7	44	45	0
cost	0	0	0	1	0	7	0	0	0	0	0	8	9	0	0	1101	0	0	0	0	1	0	0	1	0	0	0	0	0	2	7	0	0	7	7	0	0	8	9	200	0	0	1.25	2.25	3.25	0	0	7	2	0	0	0	0	1	7	7	44	45	0
cost	0	0	0	1	0	7	0	0	0	0	0	8	9	0	0	1300	0	0	0	0	1	0	0	1	0	0	0	0	0	2	7	0	0	7	7	0	0	8	9	200	0	0	1.25	2.25	3.25	0	0	7	2	0	0	0	0	1	7	7	44	45	0
cost	0	0	0	1	0	7	0	0	0	0	0	9	9	0	0	7	0	0	0	0	1	0	0	1	0	0	0	0	0	2	7	0	0	7	7	0	0	9	9	200	0	0	1.25	2.25	3.25	0	0	7	2	0	0	0	0	1	7	7	44	45	0
cost	0	0	0	1	0	7	0	0	0	0	0	9	9	0	0	857	0	0	0	0	1	0	0	1	0	0	0	0	0	2	7	0	0	7	7	0	0	9	9	200	0	0	1.25	2.25	3.25	0	0	7	2	0	0	0	0	1	7	7	44	45	0
cost	0	0	0	1	0	7	0	0	0	0	0	9	9	0	0	999	0	0	0	0	1	0	0	1	0	0	0	0	0	2	7	0	0	7	7	0	0	9	9	200	0	0	1.25	2.25	3.25	0	0	7	2	0	0	0	0	1	7	7	44	45	0
cost	0	0	0	1	0	7	0	0	0	0	0	9	9	0	0	-999	0	0	0	0	1	0	0	1	0	0	0	0	0	2	7	0	0	7	7	0	0	9	9	200	0	0	1.25	2.25	3.25	0	0	7	2	0	0	0	0	1	7	7	44	45	0
cost	0	0	0	1	0	7	0	0	0	0	0	9	9	0	0	1101	0	0	0	0	1	0	0	1	0	0	0	0	0	2	7	0	0	7	7	0	0	9	9	200	0	0	1.25	2.25	3.25	0	0	7	2	0	0	0	0	1	7	7	44	45	0
cost	0	0	0	1	0	7	0	0	0	0	0	9	9	0	0	1300	0	0	0	0	1	0	0	1	0	0	0	0	0	2	7	0	0	7	7	0	0	9	9	200	0	0	1.25	2.25	3.25	0	0	7	2	0	0	0	0	1	7	7	44	45	0
cost	0	0	0	1	0	7	0	0	0	0	0	10	9	0	0	7	0	0	0	0	1	0	0	1	0	0	0	0	0	2	7	0	0	7	7	0	0	10	9	200	0	0	1.25	2.25	3.25	0	0	7	2	0	0	0	0	1	7	7	44	45	0
cost	0	0	0	1	0	7	0	0	0	0	0	10	9	0	0	857	0	0	0	0	1	0	0	1	0	0	0	0	0	2	7	0	0	7	7	0	0	10	9	200	0	0	1.25	2.25	3.25	0	0	7	2	0	0	0	0	1	7	7	44	45	0
cost	0	0	0	1	0	7	0	0	0	0	0	10	9	0	0	999	0	0	0	0	1	0	0	1	0	0	0	0	0	2	7	0	0	7	7	0	0	10	9	200	0	0	1.25	2.25	3.25	0	0	7	2	0	0	0	0	1	7	7	44	45	0
cost	0	0	0	1	0	7	0	0	0	0	0	10	9	0	0	-999	0	0	0	0	1	0	0	1	0	0	0	0	0	2	7	0	0	7	7	0	0	10	9	200	0	0	1.25	2.25	3.25	0	0	7	2	0	0	0	0	1	7	7	44	45	0
cost	0	0	0	1	0	7	0	0	0	0	0	10	9	0	0	1101	0	0	0	0	1	0	0	1	0	0	0	0	0	2	7	0	0	7	7	0	0	10	9	200	0	0	1.25	2.25	3.25	0	0	7	2	0	0	0	0	1	7	7	44	45	0
cost	0	0	0	1	0	7	0	0	0	0	0	10	9	0	0	1300	0	0	0	0	1	0	0	1	0	0	0	0	0	2	7	0	0	7	7	0	0	10	9	200	0	0	1.25	2.25	3.25	0	0	7	2	0	0	0	0	1	7	7	44	45	0
cost	0	0	0	1	0	7	0	0	0	0	0	0	10	0	0	7	0	0	0	0	1	0	0	1	0	0	0	0	0	2	7	0	0	7	7	0	0	0	10	200	0	0	1.25	2.25	3.25	0	0	7	2	0	0	0	0	1	7	7	44	45	0
cost	0	0	0	1	0	7	0	0	0	0	0	0	10	0	0	857	0	0	0	0	1	0	0	1	0	0	0	0	0	2	7	0	0	7	7	0	0	0	10	200	0	0	1.25	2.25	3.25	0	0	7	2	0	0	0	0	1	7	7	44	45	0
cost	0	0	0	1	0	7	0	0	0	0	0	0	10	0	0	999	0	0	0	0	1	0	0	1	0	0	0	0	0	2	7	0	0	7	7	0	0	0	10	200	0	0	1.25	2.25	3.25	0	0	7	2	0	0	0	0	1	7	7	44	45	0
cost	0	0	0	1	0	7	0	0	0	0	0	0	10	0	0	-999	0	0	0	0	1	0	0	1	0	0	0	0	0	2	7	0	0	7	7	0	0	0	10	200	0	0	1.25	2.25	3.25	0	0	7	2	0	0	0	0	1	7	7	44	45	0
cost	0	0	0	1	0	7	0	0	0	0	0	0	10	0	0	1101	0	0	0	0	1	0	0	1	0	0	0	0	0	2	7	0	0	7	7	0	0	0	10	200	0	0	1.25	2.25	3.25	0	0	7	2	0	0	0	0	1	7	7	44	45	0
cost	0	0	0	1	0	7	0	0	0	0	0	0	10	0	0	1300	0	0	0	0	1	0	0	1	0	0	0	0	0	2	7	0	0	7	7	0	0	0	10	200	0	0	1.25	2.25	3.25	0	0	7	2	0	0	0	0	1	7	7	44	45	0
cost	0	0	0	1	0	7	0	0	0	0	0	5	10	0	0	7	0	0	0	0	1	0	0	1	0	0	0	0	0	2	7	0	0	7	7	0	0	5	10	200	0	0	1.25	2.25	3.25	0	0	7	2	0	0	0	0	1	7	7	44	45	0
cost	0	0	0	1	0	7	0	0	0	0	0	5	10	0	0	857	0	0	0	0	1	0	0	1	0	0	0	0	0	2	7	0	0	7	7	0	0	5	10	200	0	0	1.25	2.25	3.25	0	0	7	2	0	0	0	0	1	7	7	44	45	0
cost	0	0	0	1	0	7	0	0	0	0	0	5	10	0	0	999	0	0	0	0	1	0	0	1	0	0	0	0	0	2	7	0	0	7	7	0	0	5	10	200	0	0	1.25	2.25	3.25	0	0	7	2	0	0	0	0	1	7	7	44	45	0
cost	0	0	0	1	0	7	0	0	0	0	0	5	10	0	0	-999	0	0	0	0	1	0	0	1	0	0	0	0	0	2	7	0	0	7	7	0	0	5	10	200	0	0	1.25	2.25	3.25	0	0	7	2	0	0	0	0	1	7	7	44	45	0
cost	0	0	0	1	0	7	0	0	0	0	0	5	10	0	0	1101	0	0	0	0	1	0	0	1	0	0	0	0	0	2	7	0	0	7	7	0	0	5	10	200	0	0	1.25	2.25	3.25	0	0	7	2	0	0	0	0	1	7	7	44	45	0
cost	0	0	0	1	0	7	0	0	0	0	0	5	10	0	0	1300	0	0	0	0	1	0	0	1	0	0	0	0	0	2	7	0	0	7	7	0	0	5	10	200	0	0	1.25	2.25	3.25	0	0	7	2	0	0	0	0	1	7	7	44	45	0
cost	0	0	0	1	0	7	0	0	0	0	0	6	10	0	0	7	0	0	0	0	1	0	0	1	0	0	0	0	0	2	7	0	0	7	7	0	0	6	10	200	0	0	1.25	2.25	3.25	0	0	7	2	0	0	0	0	1	7	7	44	45	0
cost	0	0	0	1	0	7	0	0	0	0	0	6	10	0	0	857	0	0	0	0	1	0	0	1	0	0	0	0	0	2	7	0	0	7	7	0	0	6	10	200	0	0	1.25	2.25	3.25	0	0	7	2	0	0	0	0	1	7	7	44	45	0
cost	0	0	0	1	0	7	0	0	0	0	0	6	10	0	0	999	0	0	0	0	1	0	0	1	0	0	0	0	0	2	7	0	0	7	7	0	0	6	10	200	0	0	1.25	2.25	3.25	0	0	7	2	0	0	0	0	1	7	7	44	45	0
cost	0	0	0	1	0	7	0	0	0	0	0	6	10	0	0	-999	0	0	0	0	1	0	0	1	0	0	0	0	0	2	7	0	0	7	7	0	0	6	10	200	0	0	1.25	2.25	3.25	0	0	7	2	0	0	0	0	1	7	7	44	45	0
cost	0	0	0	1	0	7	0	0	0	0	0	6	10	0	0	1101	0	0	0	0	1	0	0	1	0	0	0	0	0	2	7	0	0	7	7	0	0	6	10	200	0	0	1.25	2.25	3.25	0	0	7	2	0	0	0	0	1	7	7	44	45	0
cost	0	0	0	1	0	7	0	0	0	0	0	6	10	0	0	1300	0	0	0	0	1	0	0	1	0	0	0	0	0	2	7	0	0	7	7	0	0	6	10	200	0	0	1.25	2.25	3.25	0	0	7	2	0	0	0	0	1	7	7	44	45	0
cost	0	0	0	1	0	7	0	0	0	0	0	8	10	0	0	7	0	0	0	0	1	0	0	1	0	0	0	0	0	2	7	0	0	7	7	0	0	8	10	200	0	0	1.25	2.25	3.25	0	0	7	2	0	0	0	0	1	7	7	44	45	0
cost	0	0	0	1	0	7	0	0	0	0	0	8	10	0	0	857	0	0	0	0	1	0	0	1	0	0	0	0	0	2	7	0	0	7	7	0	0	8	10	200	0	0	1.25	2.25	3.25	0	0	7	2	0	0	0	0	1	7	7	44	45	0
cost	0	0	0	1	0	7	0	0	0	0	0	8	10	0	0	999	0	0	0	0	1	0	0	1	0	0	0	0	0	2	7	0	0	7	7	0	0	8	10	200	0	0	1.25	2.25	3.25	0	0	7	2	0	0	0	0	1	7	7	44	45	0
cost	0	0	0	1	0	7	0	0	0	0	0	8	10	0	0	-999	0	0	0	0	1	0	0	1	0	0	0	0	0	2	7	0	0	7	7	0	0	8	10	200	0	0	1.25	2.25	3.25	0	0	7	2	0	0	0	0	1	7	7	44	45	0
cost	0	0	0	1	0	7	0	0	0	0	0	8	10	0	0	1101	0	0	0	0	1	0	0	1	0	0	0	0	0	2	7	0	0	7	7	0	0	8	10	200	0	0	1.25	2.25	3.25	0	0	7	2	0	0	0	0	1	7	7	44	45	0
cost	0	0	0	1	0	7	0	0	0	0	0	8	10	0	0	1300	0	0	0	0	1	0	0	1	0	0	0	0	0	2	7	0	0	7	7	0	0	8	10	200	0	0	1.25	2.25	3.25	0	0	7	2	0	0	0	0	1	7	7	44	45	0
cost	0	0	0	1	0	7	0	0	0	0	0	9	10	0	0	7	0	0	0	0	1	0	0	1	0	0	0	0	0	2	7	0	0	7	7	0	0	9	10	200	0	0	1.25	2.25	3.25	0	0	7	2	0	0	0	0	1	7	7	44	45	0
cost	0	0	0	1	0	7	0	0	0	0	0	9	10	0	0	857	0	0	0	0	1	0	0	1	0	0	0	0	0	2	7	0	0	7	7	0	0	9	10	200	0	0	1.25	2.25	3.25	0	0	7	2	0	0	0	0	1	7	7	44	45	0
cost	0	0	0	1	0	7	0	0	0	0	0	9	10	0	0	999	0	0	0	0	1	0	0	1	0	0	0	0	0	2	7	0	0	7	7	0	0	9	10	200	0	0	1.25	2.25	3.25	0	0	7	2	0	0	0	0	1	7	7	44	45	0
cost	0	0	0	1	0	7	0	0	0	0	0	9	10	0	0	-999	0	0	0	0	1	0	0	1	0	0	0	0	0	2	7	0	0	7	7	0	0	9	10	200	0	0	1.25	2.25	3.25	0	0	7	2	0	0	0	0	1	7	7	44	45	0
cost	0	0	0	1	0	7	0	0	0	0	0	9	10	0	0	1101	0	0	0	0	1	0	0	1	0	0	0	0	0	2	7	0	0	7	7	0	0	9	10	200	0	0	1.25	2.25	3.25	0	0	7	2	0	0	0	0	1	7	7	44	45	0
cost	0	0	0	1	0	7	0	0	0	0	0	9	10	0	0	1300	0	0	0	0	1	0	0	1	0	0	0	0	0	2	7	0	0	7	7	0	0	9	10	200	0	0	1.25	2.25	3.25	0	0	7	2	0	0	0	0	1	7	7	44	45	0
cost	0	0	0	1	0	7	0	0	0	0	0	10	10	0	0	7	0	0	0	0	1	0	0	1	0	0	0	0	0	2	7	0	0	7	7	0	0	10	10	200	0	0	1.25	2.25	3.25	0	0	7	2	0	0	0	0	1	7	7	44	45	0
cost	0	0	0	1	0	7	0	0	0	0	0	10	10	0	0	857	0	0	0	0	1	0	0	1	0	0	0	0	0	2	7	0	0	7	7	0	0	10	10	200	0	0	1.25	2.25	3.25	0	0	7	2	0	0	0	0	1	7	7	44	45	0
cost	0	0	0	1	0	7	0	0	0	0	0	10	10	0	0	999	0	0	0	0	1	0	0	1	0	0	0	0	0	2	7	0	0	7	7	0	0	10	10	200	0	0	1.25	2.25	3.25	0	0	7	2	0	0	0	0	1	7	7	44	45	0
cost	0	0	0	1	0	7	0	0	0	0	0	10	10	0	0	-999	0	0	0	0	1	0	0	1	0	0	0	0	0	2	7	0	0	7	7	0	0	10	10	200	0	0	1.25	2.25	3.25	0	0	7	2	0	0	0	0	1	7	7	44	45	0
cost	0	0	0	1	0	7	0	0	0	0	0	10	10	0	0	1101	0	0	0	0	1	0	0	1	0	0	0	0	0	2	7	0	0	7	7	0	0	10	10	200	0	0	1.25	2.25	3.25	0	0	7	2	0	0	0	0	1	7	7	44	45	0
cost	0	0	0	1	0	7	0	0	0	0	0	10	10	0	0	1300	0	0	0	0	1	0	0	1	0	0	0	0	0	2	7	0	0	7	7	0	0	10	10	200	0	0	1.25	2.25	3.25	0	0	7	2	0	0	0	0	1	7	7	44	45	0
cost	0	0	0	1	0	7	0	0	0	0	0	0	0	6	0	7	0	0	0	0	1	0	0	1	0	0	0	0	0	2	7	0	0	7	7	0	0	0	0	200	0	0	1.25	2.25	3.25	0	0	7	2	0	0	0	0	1	7	7	44	45	0
cost	0	0	0	1	0	7	0	0	0	0	0	0	0	6	0	857	0	0	0	0	1	0	0	1	0	0	0	0	0	2	7	0	0	7	7	0	0	0	0	200	0	0	1.25	2.25	3.25	0	0	7	2	0	0	0	0	1	7	7	44	45	0
cost	0	0	0	1	0	7	0	0	0	0	0	0	0	6	0	999	0	0	0	0	1	0	0	1	0	0	0	0	0	2	7	0	0	7	7	0	0	0	0	200	0	0	1.25	2.25	3.25	0	0	7	2	0	0	0	0	1	7	7	44	45	0
cost	0	0	0	1	0	7	0	0	0	0	0	0	0	6	0	-999	0	0	0	0	1	0	0	1	0	0	0	0	0	2	7	0	0	7	7	0	0	0	0	200	0	0	1.25	2.25	3.25	0	0	7	2	0	0	0	0	1	7	7	44	45	0
cost	0	0	0	1	0	7	0	0	0	0	0	0	0	6	0	1101	0	0	0	0	1	0	0	1	0	0	0	0	0	2	7	0	0	7	7	0	0	0	0	200	0	0	1.25	2.25	3.25	0	0	7	2	0	0	0	0	1	7	7	44	45	0
cost	0	0	0	1	0	7	0	0	0	0	0	0	0	6	0	1300	0	0	0	0	1	0	0	1	0	0	0	0	0	2	7	0	0	7	7	0	0	0	0	200	0	0	1.25	2.25	3.25	0	0	7	2	0	0	0	0	1	7	7	44	45	0
cost	0	0	0	1	0	7	0	0	0	0	0	5	0	6	0	7	0	0	0	0	1	0	0	1	0	0	0	0	0	2	7	0	0	7	7	0	0	5	0	200	0	0	1.25	2.25	3.25	0	0	7	2	0	0	0	0	1	7	7	44	45	0
cost	0	0	0	1	0	7	0	0	0	0	0	5	0	6	0	857	0	0	0	0	1	0	0	1	0	0	0	0	0	2	7	0	0	7	7	0	0	5	0	200	0	0	1.25	2.25	3.25	0	0	7	2	0	0	0	0	1	7	7	44	45	0
cost	0	0	0	1	0	7	0	0	0	0	0	5	0	6	0	999	0	0	0	0	1	0	0	1	0	0	0	0	0	2	7	0	0	7	7	0	0	5	0	200	0	0	1.25	2.25	3.25	0	0	7	2	0	0	0	0	1	7	7	44	45	0
cost	0	0	0	1	0	7	0	0	0	0	0	5	0	6	0	-999	0	0	0	0	1	0	0	1	0	0	0	0	0	2	7	0	0	7	7	0	0	5	0	200	0	0	1.25	2.25	3.25	0	0	7	2	0	0	0	0	1	7	7	44	45	0
cost	0	0	0	1	0	7	0	0	0	0	0	5	0	6	0	1101	0	0	0	0	1	0	0	1	0	0	0	0	0	2	7	0	0	7	7	0	0	5	0	200	0	0	1.25	2.25	3.25	0	0	7	2	0	0	0	0	1	7	7	44	45	0
cost	0	0	0	1	0	7	0	0	0	0	0	5	0	6	0	1300	0	0	0	0	1	0	0	1	0	0	0	0	0	2	7	0	0	7	7	0	0	5	0	200	0	0	1.25	2.25	3.25	0	0	7	2	0	0	0	0	1	7	7	44	45	0
cost	0	0	0	1	0	7	0	0	0	0	0	6	0	6	0	7	0	0	0	0	1	0	0	1	0	0	0	0	0	2	7	0	0	7	7	0	0	6	0	200	0	0	1.25	2.25	3.25	0	0	7	2	0	0	0	0	1	7	7	44	45	0
cost	0	0	0	1	0	7	0	0	0	0	0	6	0	6	0	857	0	0	0	0	1	0	0	1	0	0	0	0	0	2	7	0	0	7	7	0	0	6	0	200	0	0	1.25	2.25	3.25	0	0	7	2	0	0	0	0	1	7	7	44	45	0
cost	0	0	0	1	0	7	0	0	0	0	0	6	0	6	0	999	0	0	0	0	1	0	0	1	0	0	0	0	0	2	7	0	0	7	7	0	0	6	0	200	0	0	1.25	2.25	3.25	0	0	7	2	0	0	0	0	1	7	7	44	45	0
cost	0	0	0	1	0	7	0	0	0	0	0	6	0	6	0	-999	0	0	0	0	1	0	0	1	0	0	0	0	0	2	7	0	0	7	7	0	0	6	0	200	0	0	1.25	2.25	3.25	0	0	7	2	0	0	0	0	1	7	7	44	45	0
cost	0	0	0	1	0	7	0	0	0	0	0	6	0	6	0	1101	0	0	0	0	1	0	0	1	0	0	0	0	0	2	7	0	0	7	7	0	0	6	0	200	0	0	1.25	2.25	3.25	0	0	7	2	0	0	0	0	1	7	7	44	45	0
cost	0	0	0	1	0	7	0	0	0	0	0	6	0	6	0	1300	0	0	0	0	1	0	0	1	0	0	0	0	0	2	7	0	0	7	7	0	0	6	0	200	0	0	1.25	2.25	3.25	0	0	7	2	0	0	0	0	1	7	7	44	45	0
cost	0	0	0	1	0	7	0	0	0	0	0	8	0	6	0	7	0	0	0	0	1	0	0	1	0	0	0	0	0	2	7	0	0	7	7	0	0	8	0	200	0	0	1.25	2.25	3.25	0	0	7	2	0	0	0	0	1	7	7	44	45	0
cost	0	0	0	1	0	7	0	0	0	0	0	8	0	6	0	857	0	0	0	0	1	0	0	1	0	0	0	0	0	2	7	0	0	7	7	0	0	8	0	200	0	0	1.25	2.25	3.25	0	0	7	2	0	0	0	0	1	7	7	44	45	0
cost	0	0	0	1	0	7	0	0	0	0	0	8	0	6	0	999	0	0	0	0	1	0	0	1	0	0	0	0	0	2	7	0	0	7	7	0	0	8	0	200	0	0	1.25	2.25	3.25	0	0	7	2	0	0	0	0	1	7	7	44	45	0
cost	0	0	0	1	0	7	0	0	0	0	0	8	0	6	0	-999	0	0	0	0	1	0	0	1	0	0	0	0	0	2	7	0	0	7	7	0	0	8	0	200	0	0	1.25	2.25	3.25	0	0	7	2	0	0	0	0	1	7	7	44	45	0
cost	0	0	0	1	0	7	0	0	0	0	0	8	0	6	0	1101	0	0	0	0	1	0	0	1	0	0	0	0	0	2	7	0	0	7	7	0	0	8	0	200	0	0	1.25	2.25	3.25	0	0	7	2	0	0	0	0	1	7	7	44	45	0
cost	0	0	0	1	0	7	0	0	0	0	0	8	0	6	0	1300	0	0	0	0	1	0	0	1	0	0	0	0	0	2	7	0	0	7	7	0	0	8	0	200	0	0	1.25	2.25	3.25	0	0	7	2	0	0	0	0	1	7	7	44	45	0
cost	0	0	0	1	0	7	0	0	0	0	0	9	0	6	0	7	0	0	0	0	1	0	0	1	0	0	0	0	0	2	7	0	0	7	7	0	0	9	0	200	0	0	1.25	2.25	3.25	0	0	7	2	0	0	0	0	1	7	7	44	45	0
cost	0	0	0	1	0	7	0	0	0	0	0	9	0	6	0	857	0	0	0	0	1	0	0	1	0	0	0	0	0	2	7	0	0	7	7	0	0	9	0	200	0	0	1.25	2.25	3.25	0	0	7	2	0	0	0	0	1	7	7	44	45	0
cost	0	0	0	1	0	7	0	0	0	0	0	9	0	6	0	999	0	0	0	0	1	0	0	1	0	0	0	0	0	2	7	0	0	7	7	0	0	9	0	200	0	0	1.25	2.25	3.25	0	0	7	2	0	0	0	0	1	7	7	44	45	0
cost	0	0	0	1	0	7	0	0	0	0	0	9	0	6	0	-999	0	0	0	0	1	0	0	1	0	0	0	0	0	2	7	0	0	7	7	0	0	9	0	200	0	0	1.25	2.25	3.25	0	0	7	2	0	0	0	0	1	7	7	44	45	0
cost	0	0	0	1	0	7	0	0	0	0	0	9	0	6	0	1101	0	0	0	0	1	0	0	1	0	0	0	0	0	2	7	0	0	7	7	0	0	9	0	200	0	0	1.25	2.25	3.25	0	0	7	2	0	0	0	0	1	7	7	44	45	0
cost	0	0	0	1	0	7	0	0	0	0	0	9	0	6	0	1300	0	0	0	0	1	0	0	1	0	0	0	0	0	2	7	0	0	7	7	0	0	9	0	200	0	0	1.25	2.25	3.25	0	0	7	2	0	0	0	0	1	7	7	44	45	0
cost	0	0	0	1	0	7	0	0	0	0	0	10	0	6	0	7	0	0	0	0	1	0	0	1	0	0	0	0	0	2	7	0	0	7	7	0	0	10	0	200	0	0	1.25	2.25	3.25	0	0	7	2	0	0	0	0	1	7	7	44	45	0
cost	0	0	0	1	0	7	0	0	0	0	0	10	0	6	0	857	0	0	0	0	1	0	0	1	0	0	0	0	0	2	7	0	0	7	7	0	0	10	0	200	0	0	1.25	2.25	3.25	0	0	7	2	0	0	0	0	1	7	7	44	45	0
cost	0	0	0	1	0	7	0	0	0	0	0	10	0	6	0	999	0	0	0	0	1	0	0	1	0	0	0	0	0	2	7	0	0	7	7	0	0	10	0	200	0	0	1.25	2.25	3.25	0	0	7	2	0	0	0	0	1	7	7	44	45	0
cost	0	0	0	1	0	7	0	0	0	0	0	10	0	6	0	-999	0	0	0	0	1	0	0	1	0	0	0	0	0	2	7	0	0	7	7	0	0	10	0	200	0	0	1.25	2.25	3.25	0	0	7	2	0	0	0	0	1	7	7	44	45	0
cost	0	0	0	1	0	7	0	0	0	0	0	10	0	6	0	1101	0	0	0	0	1	0	0	1	0	0	0	0	0	2	7	0	0	7	7	0	0	10	0	200	0	0	1.25	2.25	3.25	0	0	7	2	0	0	0	0	1	7	7	44	45	0
cost	0	0	0	1	0	7	0	0	0	0	0	10	0	6	0	1300	0	0	0	0	1	0	0	1	0	0	0	0	0	2	7	0	0	7	7	0	0	10	0	200	0	0	1.25	2.25	3.25	0	0	7	2	0	0	0	0	1	7	7	44	45	0
cost	0	0	0	1	0	7	0	0	0	0	0	0	5	6	0	7	0	0	0	0	1	0	0	1	0	0	0	0	0	2	7	0	0	7	7	0	0	0	5	200	0	0	1.25	2.25	3.25	0	0	7	2	0	0	0	0	1	7	7	44	45	0
cost	0	0	0	1	0	7	0	0	0	0	0	0	5	6	0	857	0	0	0	0	1	0	0	1	0	0	0	0	0	2	7	0	0	7	7	0	0	0	5	200	0	0	1.25	2.25	3.25	0	0	7	2	0	0	0	0	1	7	7	44	45	0
cost	0	0	0	1	0	7	0	0	0	0	0	0	5	6	0	999	0	0	0	0	1	0	0	1	0	0	0	0	0	2	7	0	0	7	7	0	0	0	5	200	0	0	1.25	2.25	3.25	0	0	7	2	0	0	0	0	1	7	7	44	45	0
cost	0	0	0	1	0	7	0	0	0	0	0	0	5	6	0	-999	0	0	0	0	1	0	0	1	0	0	0	0	0	2	7	0	0	7	7	0	0	0	5	200	0	0	1.25	2.25	3.25	0	0	7	2	0	0	0	0	1	7	7	44	45	0
cost	0	0	0	1	0	7	0	0	0	0	0	0	5	6	0	1101	0	0	0	0	1	0	0	1	0	0	0	0	0	2	7	0	0	7	7	0	0	0	5	200	0	0	1.25	2.25	3.25	0	0	7	2	0	0	0	0	1	7	7	44	45	0
cost	0	0	0	1	0	7	0	0	0	0	0	0	5	6	0	1300	0	0	0	0	1	0	0	1	0	0	0	0	0	2	7	0	0	7	7	0	0	0	5	200	0	0	1.25	2.25	3.25	0	0	7	2	0	0	0	0	1	7	7	44	45	0
cost	0	0	0	1	0	7	0	0	0	0	0	5	5	6	0	7	0	0	0	0	1	0	0	1	0	0	0	0	0	2	7	0	0	7	7	0	0	5	5	200	0	0	1.25	2.25	3.25	0	0	7	2	0	0	0	0	1	7	7	44	45	0
cost	0	0	0	1	0	7	0	0	0	0	0	5	5	6	0	857	0	0	0	0	1	0	0	1	0	0	0	0	0	2	7	0	0	7	7	0	0	5	5	200	0	0	1.25	2.25	3.25	0	0	7	2	0	0	0	0	1	7	7	44	45	0
cost	0	0	0	1	0	7	0	0	0	0	0	5	5	6	0	999	0	0	0	0	1	0	0	1	0	0	0	0	0	2	7	0	0	7	7	0	0	5	5	200	0	0	1.25	2.25	3.25	0	0	7	2	0	0	0	0	1	7	7	44	45	0
cost	0	0	0	1	0	7	0	0	0	0	0	5	5	6	0	-999	0	0	0	0	1	0	0	1	0	0	0	0	0	2	7	0	0	7	7	0	0	5	5	200	0	0	1.25	2.25	3.25	0	0	7	2	0	0	0	0	1	7	7	44	45	0
cost	0	0	0	1	0	7	0	0	0	0	0	5	5	6	0	1101	0	0	0	0	1	0	0	1	0	0	0	0	0	2	7	0	0	7	7	0	0	5	5	200	0	0	1.25	2.25	3.25	0	0	7	2	0	0	0	0	1	7	7	44	45	0
cost	0	0	0	1	0	7	0	0	0	0	0	5	5	6	0	1300	0	0	0	0	1	0	0	1	0	0	0	0	0	2	7	0	0	7	7	0	0	5	5	200	0	0	1.25	2.25	3.25	0	0	7	2	0	0	0	0	1	7	7	44	45	0
cost	0	0	0	1	0	7	0	0	0	0	0	6	5	6	0	7	0	0	0	0	1	0	0	1	0	0	0	0	0	2	7	0	0	7	7	0	0	6	5	200	0	0	1.25	2.25	3.25	0	0	7	2	0	0	0	0	1	7	7	44	45	0
cost	0	0	0	1	0	7	0	0	0	0	0	6	5	6	0	857	0	0	0	0	1	0	0	1	0	0	0	0	0	2	7	0	0	7	7	0	0	6	5	200	0	0	1.25	2.25	3.25	0	0	7	2	0	0	0	0	1	7	7	44	45	0
cost	0	0	0	1	0	7	0	0	0	0	0	6	5	6	0	999	0	0	0	0	1	0	0	1	0	0	0	0	0	2	7	0	0	7	7	0	0	6	5	200	0	0	1.25	2.25	3.25	0	0	7	2	0	0	0	0	1	7	7	44	45	0
cost	0	0	0	1	0	7	0	0	0	0	0	6	5	6	0	-999	0	0	0	0	1	0	0	1	0	0	0	0	0	2	7	0	0	7	7	0	0	6	5	200	0	0	1.25	2.25	3.25	0	0	7	2	0	0	0	0	1	7	7	44	45	0
cost	0	0	0	1	0	7	0	0	0	0	0	6	5	6	0	1101	0	0	0	0	1	0	0	1	0	0	0	0	0	2	7	0	0	7	7	0	0	6	5	200	0	0	1.25	2.25	3.25	0	0	7	2	0	0	0	0	1	7	7	44	45	0
cost	0	0	0	1	0	7	0	0	0	0	0	6	5	6	0	1300	0	0	0	0	1	0	0	1	0	0	0	0	0	2	7	0	0	7	7	0	0	6	5	200	0	0	1.25	2.25	3.25	0	0	7	2	0	0	0	0	1	7	7	44	45	0
cost	0	0	0	1	0	7	0	0	0	0	0	8	5	6	0	7	0	0	0	0	1	0	0	1	0	0	0	0	0	2	7	0	0	7	7	0	0	8	5	200	0	0	1.25	2.25	3.25	0	0	7	2	0	0	0	0	1	7	7	44	45	0
cost	0	0	0	1	0	7	0	0	0	0	0	8	5	6	0	857	0	0	0	0	1	0	0	1	0	0	0	0	0	2	7	0	0	7	7	0	0	8	5	200	0	0	1.25	2.25	3.25	0	0	7	2	0	0	0	0	1	7	7	44	45	0
cost	0	0	0	1	0	7	0	0	0	0	0	8	5	6	0	999	0	0	0	0	1	0	0	1	0	0	0	0	0	2	7	0	0	7	7	0	0	8	5	200	0	0	1.25	2.25	3.25	0	0	7	2	0	0	0	0	1	7	7	44	45	0
cost	0	0	0	1	0	7	0	0	0	0	0	8	5	6	0	-999	0	0	0	0	1	0	0	1	0	0	0	0	0	2	7	0	0	7	7	0	0	8	5	200	0	0	1.25	2.25	3.25	0	0	7	2	0	0	0	0	1	7	7	44	45	0
cost	0	0	0	1	0	7	0	0	0	0	0	8	5	6	0	1101	0	0	0	0	1	0	0	1	0	0	0	0	0	2	7	0	0	7	7	0	0	8	5	200	0	0	1.25	2.25	3.25	0	0	7	2	0	0	0	0	1	7	7	44	45	0
cost	0	0	0	1	0	7	0	0	0	0	0	8	5	6	0	1300	0	0	0	0	1	0	0	1	0	0	0	0	0	2	7	0	0	7	7	0	0	8	5	200	0	0	1.25	2.25	3.25	0	0	7	2	0	0	0	0	1	7	7	44	45	0
cost	0	0	0	1	0	7	0	0	0	0	0	9	5	6	0	7	0	0	0	0	1	0	0	1	0	0	0	0	0	2	7	0	0	7	7	0	0	9	5	200	0	0	1.25	2.25	3.25	0	0	7	2	0	0	0	0	1	7	7	44	45	0
cost	0	0	0	1	0	7	0	0	0	0	0	9	5	6	0	857	0	0	0	0	1	0	0	1	0	0	0	0	0	2	7	0	0	7	7	0	0	9	5	200	0	0	1.25	2.25	3.25	0	0	7	2	0	0	0	0	1	7	7	44	45	0
cost	0	0	0	1	0	7	0	0	0	0	0	9	5	6	0	999	0	0	0	0	1	0	0	1	0	0	0	0	0	2	7	0	0	7	7	0	0	9	5	200	0	0	1.25	2.25	3.25	0	0	7	2	0	0	0	0	1	7	7	44	45	0
cost	0	0	0	1	0	7	0	0	0	0	0	9	5	6	0	-999	0	0	0	0	1	0	0	1	0	0	0	0	0	2	7	0	0	7	7	0	0	9	5	200	0	0	1.25	2.25	3.25	0	0	7	2	0	0	0	0	1	7	7	44	45	0
cost	0	0	0	1	0	7	0	0	0	0	0	9	5	6	0	1101	0	0	0	0	1	0	0	1	0	0	0	0	0	2	7	0	0	7	7	0	0	9	5	200	0	0	1.25	2.25	3.25	0	0	7	2	0	0	0	0	1	7	7	44	45	0
cost	0	0	0	1	0	7	0	0	0	0	0	9	5	6	0	1300	0	0	0	0	1	0	0	1	0	0	0	0	0	2	7	0	0	7	7	0	0	9	5	200	0	0	1.25	2.25	3.25	0	0	7	2	0	0	0	0	1	7	7	44	45	0
cost	0	0	0	1	0	7	0	0	0	0	0	10	5	6	0	7	0	0	0	0	1	0	0	1	0	0	0	0	0	2	7	0	0	7	7	0	0	10	5	200	0	0	1.25	2.25	3.25	0	0	7	2	0	0	0	0	1	7	7	44	45	0
cost	0	0	0	1	0	7	0	0	0	0	0	10	5	6	0	857	0	0	0	0	1	0	0	1	0	0	0	0	0	2	7	0	0	7	7	0	0	10	5	200	0	0	1.25	2.25	3.25	0	0	7	2	0	0	0	0	1	7	7	44	45	0
cost	0	0	0	1	0	7	0	0	0	0	0	10	5	6	0	999	0	0	0	0	1	0	0	1	0	0	0	0	0	2	7	0	0	7	7	0	0	10	5	200	0	0	1.25	2.25	3.25	0	0	7	2	0	0	0	0	1	7	7	44	45	0
cost	0	0	0	1	0	7	0	0	0	0	0	10	5	6	0	-999	0	0	0	0	1	0	0	1	0	0	0	0	0	2	7	0	0	7	7	0	0	10	5	200	0	0	1.25	2.25	3.25	0	0	7	2	0	0	0	0	1	7	7	44	45	0
cost	0	0	0	1	0	7	0	0	0	0	0	10	5	6	0	1101	0	0	0	0	1	0	0	1	0	0	0	0	0	2	7	0	0	7	7	0	0	10	5	200	0	0	1.25	2.25	3.25	0	0	7	2	0	0	0	0	1	7	7	44	45	0
cost	0	0	0	1	0	7	0	0	0	0	0	10	5	6	0	1300	0	0	0	0	1	0	0	1	0	0	0	0	0	2	7	0	0	7	7	0	0	10	5	200	0	0	1.25	2.25	3.25	0	0	7	2	0	0	0	0	1	7	7	44	45	0
cost	0	0	0	1	0	7	0	0	0	0	0	0	6	6	0	7	0	0	0	0	1	0	0	1	0	0	0	0	0	2	7	0	0	7	7	0	0	0	6	200	0	0	1.25	2.25	3.25	0	0	7	2	0	0	0	0	1	7	7	44	45	0
cost	0	0	0	1	0	7	0	0	0	0	0	0	6	6	0	857	0	0	0	0	1	0	0	1	0	0	0	0	0	2	7	0	0	7	7	0	0	0	6	200	0	0	1.25	2.25	3.25	0	0	7	2	0	0	0	0	1	7	7	44	45	0
cost	0	0	0	1	0	7	0	0	0	0	0	0	6	6	0	999	0	0	0	0	1	0	0	1	0	0	0	0	0	2	7	0	0	7	7	0	0	0	6	200	0	0	1.25	2.25	3.25	0	0	7	2	0	0	0	0	1	7	7	44	45	0
cost	0	0	0	1	0	7	0	0	0	0	0	0	6	6	0	-999	0	0	0	0	1	0	0	1	0	0	0	0	0	2	7	0	0	7	7	0	0	0	6	200	0	0	1.25	2.25	3.25	0	0	7	2	0	0	0	0	1	7	7	44	45	0
cost	0	0	0	1	0	7	0	0	0	0	0	0	6	6	0	1101	0	0	0	0	1	0	0	1	0	0	0	0	0	2	7	0	0	7	7	0	0	0	6	200	0	0	1.25	2.25	3.25	0	0	7	2	0	0	0	0	1	7	7	44	45	0
cost	0	0	0	1	0	7	0	0	0	0	0	0	6	6	0	1300	0	0	0	0	1	0	0	1	0	0	0	0	0	2	7	0	0	7	7	0	0	0	6	200	0	0	1.25	2.25	3.25	0	0	7	2	0	0	0	0	1	7	7	44	45	0
cost	0	0	0	1	0	7	0	0	0	0	0	5	6	6	0	7	0	0	0	0	1	0	0	1	0	0	0	0	0	2	7	0	0	7	7	0	0	5	6	200	0	0	1.25	2.25	3.25	0	0	7	2	0	0	0	0	1	7	7	44	45	0
cost	0	0	0	1	0	7	0	0	0	0	0	5	6	6	0	857	0	0	0	0	1	0	0	1	0	0	0	0	0	2	7	0	0	7	7	0	0	5	6	200	0	0	1.25	2.25	3.25	0	0	7	2	0	0	0	0	1	7	7	44	45	0
cost	0	0	0	1	0	7	0	0	0	0	0	5	6	6	0	999	0	0	0	0	1	0	0	1	0	0	0	0	0	2	7	0	0	7	7	0	0	5	6	200	0	0	1.25	2.25	3.25	0	0	7	2	0	0	0	0	1	7	7	44	45	0
cost	0	0	0	1	0	7	0	0	0	0	0	5	6	6	0	-999	0	0	0	0	1	0	0	1	0	0	0	0	0	2	7	0	0	7	7	0	0	5	6	200	0	0	1.25	2.25	3.25	0	0	7	2	0	0	0	0	1	7	7	44	45	0
cost	0	0	0	1	0	7	0	0	0	0	0	5	6	6	0	1101	0	0	0	0	1	0	0	1	0	0	0	0	0	2	7	0	0	7	7	0	0	5	6	200	0	0	1.25	2.25	3.25	0	0	7	2	0	0	0	0	1	7	7	44	45	0
cost	0	0	0	1	0	7	0	0	0	0	0	5	6	6	0	1300	0	0	0	0	1	0	0	1	0	0	0	0	0	2	7	0	0	7	7	0	0	5	6	200	0	0	1.25	2.25	3.25	0	0	7	2	0	0	0	0	1	7	7	44	45	0
cost	0	0	0	1	0	7	0	0	0	0	0	6	6	6	0	7	0	0	0	0	1	0	0	1	0	0	0	0	0	2	7	0	0	7	7	0	0	6	6	200	0	0	1.25	2.25	3.25	0	0	7	2	0	0	0	0	1	7	7	44	45	0
cost	0	0	0	1	0	7	0	0	0	0	0	6	6	6	0	857	0	0	0	0	1	0	0	1	0	0	0	0	0	2	7	0	0	7	7	0	0	6	6	200	0	0	1.25	2.25	3.25	0	0	7	2	0	0	0	0	1	7	7	44	45	0
cost	0	0	0	1	0	7	0	0	0	0	0	6	6	6	0	999	0	0	0	0	1	0	0	1	0	0	0	0	0	2	7	0	0	7	7	0	0	6	6	200	0	0	1.25	2.25	3.25	0	0	7	2	0	0	0	0	1	7	7	44	45	0
cost	0	0	0	1	0	7	0	0	0	0	0	6	6	6	0	-999	0	0	0	0	1	0	0	1	0	0	0	0	0	2	7	0	0	7	7	0	0	6	6	200	0	0	1.25	2.25	3.25	0	0	7	2	0	0	0	0	1	7	7	44	45	0
cost	0	0	0	1	0	7	0	0	0	0	0	6	6	6	0	1101	0	0	0	0	1	0	0	1	0	0	0	0	0	2	7	0	0	7	7	0	0	6	6	200	0	0	1.25	2.25	3.25	0	0	7	2	0	0	0	0	1	7	7	44	45	0
cost	0	0	0	1	0	7	0	0	0	0	0	6	6	6	0	1300	0	0	0	0	1	0	0	1	0	0	0	0	0	2	7	0	0	7	7	0	0	6	6	200	0	0	1.25	2.25	3.25	0	0	7	2	0	0	0	0	1	7	7	44	45	0
cost	0	0	0	1	0	7	0	0	0	0	0	8	6	6	0	7	0	0	0	0	1	0	0	1	0	0	0	0	0	2	7	0	0	7	7	0	0	8	6	200	0	0	1.25	2.25	3.25	0	0	7	2	0	0	0	0	1	7	7	44	45	0
cost	0	0	0	1	0	7	0	0	0	0	0	8	6	6	0	857	0	0	0	0	1	0	0	1	0	0	0	0	0	2	7	0	0	7	7	0	0	8	6	200	0	0	1.25	2.25	3.25	0	0	7	2	0	0	0	0	1	7	7	44	45	0
cost	0	0	0	1	0	7	0	0	0	0	0	8	6	6	0	999	0	0	0	0	1	0	0	1	0	0	0	0	0	2	7	0	0	7	7	0	0	8	6	200	0	0	1.25	2.25	3.25	0	0	7	2	0	0	0	0	1	7	7	44	45	0
cost	0	0	0	1	0	7	0	0	0	0	0	8	6	6	0	-999	0	0	0	0	1	0	0	1	0	0	0	0	0	2	7	0	0	7	7	0	0	8	6	200	0	0	1.25	2.25	3.25	0	0	7	2	0	0	0	0	1	7	7	44	45	0
cost	0	0	0	1	0	7	0	0	0	0	0	8	6	6	0	1101	0	0	0	0	1	0	0	1	0	0	0	0	0	2	7	0	0	7	7	0	0	8	6	200	0	0	1.25	2.25	3.25	0	0	7	2	0	0	0	0	1	7	7	44	45	0
cost	0	0	0	1	0	7	0	0	0	0	0	8	6	6	0	1300	0	0	0	0	1	0	0	1	0	0	0	0	0	2	7	0	0	7	7	0	0	8	6	200	0	0	1.25	2.25	3.25	0	0	7	2	0	0	0	0	1	7	7	44	45	0
cost	0	0	0	1	0	7	0	0	0	0	0	9	6	6	0	7	0	0	0	0	1	0	0	1	0	0	0	0	0	2	7	0	0	7	7	0	0	9	6	200	0	0	1.25	2.25	3.25	0	0	7	2	0	0	0	0	1	7	7	44	45	0
cost	0	0	0	1	0	7	0	0	0	0	0	9	6	6	0	857	0	0	0	0	1	0	0	1	0	0	0	0	0	2	7	0	0	7	7	0	0	9	6	200	0	0	1.25	2.25	3.25	0	0	7	2	0	0	0	0	1	7	7	44	45	0
cost	0	0	0	1	0	7	0	0	0	0	0	9	6	6	0	999	0	0	0	0	1	0	0	1	0	0	0	0	0	2	7	0	0	7	7	0	0	9	6	200	0	0	1.25	2.25	3.25	0	0	7	2	0	0	0	0	1	7	7	44	45	0
cost	0	0	0	1	0	7	0	0	0	0	0	9	6	6	0	-999	0	0	0	0	1	0	0	1	0	0	0	0	0	2	7	0	0	7	7	0	0	9	6	200	0	0	1.25	2.25	3.25	0	0	7	2	0	0	0	0	1	7	7	44	45	0
cost	0	0	0	1	0	7	0	0	0	0	0	9	6	6	0	1101	0	0	0	0	1	0	0	1	0	0	0	0	0	2	7	0	0	7	7	0	0	9	6	200	0	0	1.25	2.25	3.25	0	0	7	2	0	0	0	0	1	7	7	44	45	0
cost	0	0	0	1	0	7	0	0	0	0	0	9	6	6	0	1300	0	0	0	0	1	0	0	1	0	0	0	0	0	2	7	0	0	7	7	0	0	9	6	200	0	0	1.25	2.25	3.25	0	0	7	2	0	0	0	0	1	7	7	44	45	0
cost	0	0	0	1	0	7	0	0	0	0	0	10	6	6	0	7	0	0	0	0	1	0	0	1	0	0	0	0	0	2	7	0	0	7	7	0	0	10	6	200	0	0	1.25	2.25	3.25	0	0	7	2	0	0	0	0	1	7	7	44	45	0
cost	0	0	0	1	0	7	0	0	0	0	0	10	6	6	0	857	0	0	0	0	1	0	0	1	0	0	0	0	0	2	7	0	0	7	7	0	0	10	6	200	0	0	1.25	2.25	3.25	0	0	7	2	0	0	0	0	1	7	7	44	45	0
cost	0	0	0	1	0	7	0	0	0	0	0	10	6	6	0	999	0	0	0	0	1	0	0	1	0	0	0	0	0	2	7	0	0	7	7	0	0	10	6	200	0	0	1.25	2.25	3.25	0	0	7	2	0	0	0	0	1	7	7	44	45	0
cost	0	0	0	1	0	7	0	0	0	0	0	10	6	6	0	-999	0	0	0	0	1	0	0	1	0	0	0	0	0	2	7	0	0	7	7	0	0	10	6	200	0	0	1.25	2.25	3.25	0	0	7	2	0	0	0	0	1	7	7	44	45	0
cost	0	0	0	1	0	7	0	0	0	0	0	10	6	6	0	1101	0	0	0	0	1	0	0	1	0	0	0	0	0	2	7	0	0	7	7	0	0	10	6	200	0	0	1.25	2.25	3.25	0	0	7	2	0	0	0	0	1	7	7	44	45	0
cost	0	0	0	1	0	7	0	0	0	0	0	10	6	6	0	1300	0	0	0	0	1	0	0	1	0	0	0	0	0	2	7	0	0	7	7	0	0	10	6	200	0	0	1.25	2.25	3.25	0	0	7	2	0	0	0	0	1	7	7	44	45	0
cost	0	0	0	1	0	7	0	0	0	0	0	0	8	6	0	7	0	0	0	0	1	0	0	1	0	0	0	0	0	2	7	0	0	7	7	0	0	0	8	200	0	0	1.25	2.25	3.25	0	0	7	2	0	0	0	0	1	7	7	44	45	0
cost	0	0	0	1	0	7	0	0	0	0	0	0	8	6	0	857	0	0	0	0	1	0	0	1	0	0	0	0	0	2	7	0	0	7	7	0	0	0	8	200	0	0	1.25	2.25	3.25	0	0	7	2	0	0	0	0	1	7	7	44	45	0
cost	0	0	0	1	0	7	0	0	0	0	0	0	8	6	0	999	0	0	0	0	1	0	0	1	0	0	0	0	0	2	7	0	0	7	7	0	0	0	8	200	0	0	1.25	2.25	3.25	0	0	7	2	0	0	0	0	1	7	7	44	45	0
cost	0	0	0	1	0	7	0	0	0	0	0	0	8	6	0	-999	0	0	0	0	1	0	0	1	0	0	0	0	0	2	7	0	0	7	7	0	0	0	8	200	0	0	1.25	2.25	3.25	0	0	7	2	0	0	0	0	1	7	7	44	45	0
cost	0	0	0	1	0	7	0	0	0	0	0	0	8	6	0	1101	0	0	0	0	1	0	0	1	0	0	0	0	0	2	7	0	0	7	7	0	0	0	8	200	0	0	1.25	2.25	3.25	0	0	7	2	0	0	0	0	1	7	7	44	45	0
cost	0	0	0	1	0	7	0	0	0	0	0	0	8	6	0	1300	0	0	0	0	1	0	0	1	0	0	0	0	0	2	7	0	0	7	7	0	0	0	8	200	0	0	1.25	2.25	3.25	0	0	7	2	0	0	0	0	1	7	7	44	45	0
cost	0	0	0	1	0	7	0	0	0	0	0	5	8	6	0	7	0	0	0	0	1	0	0	1	0	0	0	0	0	2	7	0	0	7	7	0	0	5	8	200	0	0	1.25	2.25	3.25	0	0	7	2	0	0	0	0	1	7	7	44	45	0
cost	0	0	0	1	0	7	0	0	0	0	0	5	8	6	0	857	0	0	0	0	1	0	0	1	0	0	0	0	0	2	7	0	0	7	7	0	0	5	8	200	0	0	1.25	2.25	3.25	0	0	7	2	0	0	0	0	1	7	7	44	45	0
cost	0	0	0	1	0	7	0	0	0	0	0	5	8	6	0	999	0	0	0	0	1	0	0	1	0	0	0	0	0	2	7	0	0	7	7	0	0	5	8	200	0	0	1.25	2.25	3.25	0	0	7	2	0	0	0	0	1	7	7	44	45	0
cost	0	0	0	1	0	7	0	0	0	0	0	5	8	6	0	-999	0	0	0	0	1	0	0	1	0	0	0	0	0	2	7	0	0	7	7	0	0	5	8	200	0	0	1.25	2.25	3.25	0	0	7	2	0	0	0	0	1	7	7	44	45	0
cost	0	0	0	1	0	7	0	0	0	0	0	5	8	6	0	1101	0	0	0	0	1	0	0	1	0	0	0	0	0	2	7	0	0	7	7	0	0	5	8	200	0	0	1.25	2.25	3.25	0	0	7	2	0	0	0	0	1	7	7	44	45	0
cost	0	0	0	1	0	7	0	0	0	0	0	5	8	6	0	1300	0	0	0	0	1	0	0	1	0	0	0	0	0	2	7	0	0	7	7	0	0	5	8	200	0	0	1.25	2.25	3.25	0	0	7	2	0	0	0	0	1	7	7	44	45	0
cost	0	0	0	1	0	7	0	0	0	0	0	6	8	6	0	7	0	0	0	0	1	0	0	1	0	0	0	0	0	2	7	0	0	7	7	0	0	6	8	200	0	0	1.25	2.25	3.25	0	0	7	2	0	0	0	0	1	7	7	44	45	0
cost	0	0	0	1	0	7	0	0	0	0	0	6	8	6	0	857	0	0	0	0	1	0	0	1	0	0	0	0	0	2	7	0	0	7	7	0	0	6	8	200	0	0	1.25	2.25	3.25	0	0	7	2	0	0	0	0	1	7	7	44	45	0
cost	0	0	0	1	0	7	0	0	0	0	0	6	8	6	0	999	0	0	0	0	1	0	0	1	0	0	0	0	0	2	7	0	0	7	7	0	0	6	8	200	0	0	1.25	2.25	3.25	0	0	7	2	0	0	0	0	1	7	7	44	45	0
cost	0	0	0	1	0	7	0	0	0	0	0	6	8	6	0	-999	0	0	0	0	1	0	0	1	0	0	0	0	0	2	7	0	0	7	7	0	0	6	8	200	0	0	1.25	2.25	3.25	0	0	7	2	0	0	0	0	1	7	7	44	45	0
cost	0	0	0	1	0	7	0	0	0	0	0	6	8	6	0	1101	0	0	0	0	1	0	0	1	0	0	0	0	0	2	7	0	0	7	7	0	0	6	8	200	0	0	1.25	2.25	3.25	0	0	7	2	0	0	0	0	1	7	7	44	45	0
cost	0	0	0	1	0	7	0	0	0	0	0	6	8	6	0	1300	0	0	0	0	1	0	0	1	0	0	0	0	0	2	7	0	0	7	7	0	0	6	8	200	0	0	1.25	2.25	3.25	0	0	7	2	0	0	0	0	1	7	7	44	45	0
cost	0	0	0	1	0	7	0	0	0	0	0	8	8	6	0	7	0	0	0	0	1	0	0	1	0	0	0	0	0	2	7	0	0	7	7	0	0	8	8	200	0	0	1.25	2.25	3.25	0	0	7	2	0	0	0	0	1	7	7	44	45	0
cost	0	0	0	1	0	7	0	0	0	0	0	8	8	6	0	857	0	0	0	0	1	0	0	1	0	0	0	0	0	2	7	0	0	7	7	0	0	8	8	200	0	0	1.25	2.25	3.25	0	0	7	2	0	0	0	0	1	7	7	44	45	0
cost	0	0	0	1	0	7	0	0	0	0	0	8	8	6	0	999	0	0	0	0	1	0	0	1	0	0	0	0	0	2	7	0	0	7	7	0	0	8	8	200	0	0	1.25	2.25	3.25	0	0	7	2	0	0	0	0	1	7	7	44	45	0
cost	0	0	0	1	0	7	0	0	0	0	0	8	8	6	0	-999	0	0	0	0	1	0	0	1	0	0	0	0	0	2	7	0	0	7	7	0	0	8	8	200	0	0	1.25	2.25	3.25	0	0	7	2	0	0	0	0	1	7	7	44	45	0
cost	0	0	0	1	0	7	0	0	0	0	0	8	8	6	0	1101	0	0	0	0	1	0	0	1	0	0	0	0	0	2	7	0	0	7	7	0	0	8	8	200	0	0	1.25	2.25	3.25	0	0	7	2	0	0	0	0	1	7	7	44	45	0
cost	0	0	0	1	0	7	0	0	0	0	0	8	8	6	0	1300	0	0	0	0	1	0	0	1	0	0	0	0	0	2	7	0	0	7	7	0	0	8	8	200	0	0	1.25	2.25	3.25	0	0	7	2	0	0	0	0	1	7	7	44	45	0
cost	0	0	0	1	0	7	0	0	0	0	0	9	8	6	0	7	0	0	0	0	1	0	0	1	0	0	0	0	0	2	7	0	0	7	7	0	0	9	8	200	0	0	1.25	2.25	3.25	0	0	7	2	0	0	0	0	1	7	7	44	45	0
cost	0	0	0	1	0	7	0	0	0	0	0	9	8	6	0	857	0	0	0	0	1	0	0	1	0	0	0	0	0	2	7	0	0	7	7	0	0	9	8	200	0	0	1.25	2.25	3.25	0	0	7	2	0	0	0	0	1	7	7	44	45	0
cost	0	0	0	1	0	7	0	0	0	0	0	9	8	6	0	999	0	0	0	0	1	0	0	1	0	0	0	0	0	2	7	0	0	7	7	0	0	9	8	200	0	0	1.25	2.25	3.25	0	0	7	2	0	0	0	0	1	7	7	44	45	0
cost	0	0	0	1	0	7	0	0	0	0	0	9	8	6	0	-999	0	0	0	0	1	0	0	1	0	0	0	0	0	2	7	0	0	7	7	0	0	9	8	200	0	0	1.25	2.25	3.25	0	0	7	2	0	0	0	0	1	7	7	44	45	0
cost	0	0	0	1	0	7	0	0	0	0	0	9	8	6	0	1101	0	0	0	0	1	0	0	1	0	0	0	0	0	2	7	0	0	7	7	0	0	9	8	200	0	0	1.25	2.25	3.25	0	0	7	2	0	0	0	0	1	7	7	44	45	0
cost	0	0	0	1	0	7	0	0	0	0	0	9	8	6	0	1300	0	0	0	0	1	0	0	1	0	0	0	0	0	2	7	0	0	7	7	0	0	9	8	200	0	0	1.25	2.25	3.25	0	0	7	2	0	0	0	0	1	7	7	44	45	0
cost	0	0	0	1	0	7	0	0	0	0	0	10	8	6	0	7	0	0	0	0	1	0	0	1	0	0	0	0	0	2	7	0	0	7	7	0	0	10	8	200	0	0	1.25	2.25	3.25	0	0	7	2	0	0	0	0	1	7	7	44	45	0
cost	0	0	0	1	0	7	0	0	0	0	0	10	8	6	0	857	0	0	0	0	1	0	0	1	0	0	0	0	0	2	7	0	0	7	7	0	0	10	8	200	0	0	1.25	2.25	3.25	0	0	7	2	0	0	0	0	1	7	7	44	45	0
cost	0	0	0	1	0	7	0	0	0	0	0	10	8	6	0	999	0	0	0	0	1	0	0	1	0	0	0	0	0	2	7	0	0	7	7	0	0	10	8	200	0	0	1.25	2.25	3.25	0	0	7	2	0	0	0	0	1	7	7	44	45	0
cost	0	0	0	1	0	7	0	0	0	0	0	10	8	6	0	-999	0	0	0	0	1	0	0	1	0	0	0	0	0	2	7	0	0	7	7	0	0	10	8	200	0	0	1.25	2.25	3.25	0	0	7	2	0	0	0	0	1	7	7	44	45	0
cost	0	0	0	1	0	7	0	0	0	0	0	10	8	6	0	1101	0	0	0	0	1	0	0	1	0	0	0	0	0	2	7	0	0	7	7	0	0	10	8	200	0	0	1.25	2.25	3.25	0	0	7	2	0	0	0	0	1	7	7	44	45	0
cost	0	0	0	1	0	7	0	0	0	0	0	10	8	6	0	1300	0	0	0	0	1	0	0	1	0	0	0	0	0	2	7	0	0	7	7	0	0	10	8	200	0	0	1.25	2.25	3.25	0	0	7	2	0	0	0	0	1	7	7	44	45	0
cost	0	0	0	1	0	7	0	0	0	0	0	0	9	6	0	7	0	0	0	0	1	0	0	1	0	0	0	0	0	2	7	0	0	7	7	0	0	0	9	200	0	0	1.25	2.25	3.25	0	0	7	2	0	0	0	0	1	7	7	44	45	0
cost	0	0	0	1	0	7	0	0	0	0	0	0	9	6	0	857	0	0	0	0	1	0	0	1	0	0	0	0	0	2	7	0	0	7	7	0	0	0	9	200	0	0	1.25	2.25	3.25	0	0	7	2	0	0	0	0	1	7	7	44	45	0
cost	0	0	0	1	0	7	0	0	0	0	0	0	9	6	0	999	0	0	0	0	1	0	0	1	0	0	0	0	0	2	7	0	0	7	7	0	0	0	9	200	0	0	1.25	2.25	3.25	0	0	7	2	0	0	0	0	1	7	7	44	45	0
cost	0	0	0	1	0	7	0	0	0	0	0	0	9	6	0	-999	0	0	0	0	1	0	0	1	0	0	0	0	0	2	7	0	0	7	7	0	0	0	9	200	0	0	1.25	2.25	3.25	0	0	7	2	0	0	0	0	1	7	7	44	45	0
cost	0	0	0	1	0	7	0	0	0	0	0	0	9	6	0	1101	0	0	0	0	1	0	0	1	0	0	0	0	0	2	7	0	0	7	7	0	0	0	9	200	0	0	1.25	2.25	3.25	0	0	7	2	0	0	0	0	1	7	7	44	45	0
cost	0	0	0	1	0	7	0	0	0	0	0	0	9	6	0	1300	0	0	0	0	1	0	0	1	0	0	0	0	0	2	7	0	0	7	7	0	0	0	9	200	0	0	1.25	2.25	3.25	0	0	7	2	0	0	0	0	1	7	7	44	45	0
cost	0	0	0	1	0	7	0	0	0	0	0	5	9	6	0	7	0	0	0	0	1	0	0	1	0	0	0	0	0	2	7	0	0	7	7	0	0	5	9	200	0	0	1.25	2.25	3.25	0	0	7	2	0	0	0	0	1	7	7	44	45	0
cost	0	0	0	1	0	7	0	0	0	0	0	5	9	6	0	857	0	0	0	0	1	0	0	1	0	0	0	0	0	2	7	0	0	7	7	0	0	5	9	200	0	0	1.25	2.25	3.25	0	0	7	2	0	0	0	0	1	7	7	44	45	0
cost	0	0	0	1	0	7	0	0	0	0	0	5	9	6	0	999	0	0	0	0	1	0	0	1	0	0	0	0	0	2	7	0	0	7	7	0	0	5	9	200	0	0	1.25	2.25	3.25	0	0	7	2	0	0	0	0	1	7	7	44	45	0
cost	0	0	0	1	0	7	0	0	0	0	0	5	9	6	0	-999	0	0	0	0	1	0	0	1	0	0	0	0	0	2	7	0	0	7	7	0	0	5	9	200	0	0	1.25	2.25	3.25	0	0	7	2	0	0	0	0	1	7	7	44	45	0
cost	0	0	0	1	0	7	0	0	0	0	0	5	9	6	0	1101	0	0	0	0	1	0	0	1	0	0	0	0	0	2	7	0	0	7	7	0	0	5	9	200	0	0	1.25	2.25	3.25	0	0	7	2	0	0	0	0	1	7	7	44	45	0
cost	0	0	0	1	0	7	0	0	0	0	0	5	9	6	0	1300	0	0	0	0	1	0	0	1	0	0	0	0	0	2	7	0	0	7	7	0	0	5	9	200	0	0	1.25	2.25	3.25	0	0	7	2	0	0	0	0	1	7	7	44	45	0
cost	0	0	0	1	0	7	0	0	0	0	0	6	9	6	0	7	0	0	0	0	1	0	0	1	0	0	0	0	0	2	7	0	0	7	7	0	0	6	9	200	0	0	1.25	2.25	3.25	0	0	7	2	0	0	0	0	1	7	7	44	45	0
cost	0	0	0	1	0	7	0	0	0	0	0	6	9	6	0	857	0	0	0	0	1	0	0	1	0	0	0	0	0	2	7	0	0	7	7	0	0	6	9	200	0	0	1.25	2.25	3.25	0	0	7	2	0	0	0	0	1	7	7	44	45	0
cost	0	0	0	1	0	7	0	0	0	0	0	6	9	6	0	999	0	0	0	0	1	0	0	1	0	0	0	0	0	2	7	0	0	7	7	0	0	6	9	200	0	0	1.25	2.25	3.25	0	0	7	2	0	0	0	0	1	7	7	44	45	0
cost	0	0	0	1	0	7	0	0	0	0	0	6	9	6	0	-999	0	0	0	0	1	0	0	1	0	0	0	0	0	2	7	0	0	7	7	0	0	6	9	200	0	0	1.25	2.25	3.25	0	0	7	2	0	0	0	0	1	7	7	44	45	0
cost	0	0	0	1	0	7	0	0	0	0	0	6	9	6	0	1101	0	0	0	0	1	0	0	1	0	0	0	0	0	2	7	0	0	7	7	0	0	6	9	200	0	0	1.25	2.25	3.25	0	0	7	2	0	0	0	0	1	7	7	44	45	0
cost	0	0	0	1	0	7	0	0	0	0	0	6	9	6	0	1300	0	0	0	0	1	0	0	1	0	0	0	0	0	2	7	0	0	7	7	0	0	6	9	200	0	0	1.25	2.25	3.25	0	0	7	2	0	0	0	0	1	7	7	44	45	0
cost	0	0	0	1	0	7	0	0	0	0	0	8	9	6	0	7	0	0	0	0	1	0	0	1	0	0	0	0	0	2	7	0	0	7	7	0	0	8	9	200	0	0	1.25	2.25	3.25	0	0	7	2	0	0	0	0	1	7	7	44	45	0
cost	0	0	0	1	0	7	0	0	0	0	0	8	9	6	0	857	0	0	0	0	1	0	0	1	0	0	0	0	0	2	7	0	0	7	7	0	0	8	9	200	0	0	1.25	2.25	3.25	0	0	7	2	0	0	0	0	1	7	7	44	45	0
cost	0	0	0	1	0	7	0	0	0	0	0	8	9	6	0	999	0	0	0	0	1	0	0	1	0	0	0	0	0	2	7	0	0	7	7	0	0	8	9	200	0	0	1.25	2.25	3.25	0	0	7	2	0	0	0	0	1	7	7	44	45	0
cost	0	0	0	1	0	7	0	0	0	0	0	8	9	6	0	-999	0	0	0	0	1	0	0	1	0	0	0	0	0	2	7	0	0	7	7	0	0	8	9	200	0	0	1.25	2.25	3.25	0	0	7	2	0	0	0	0	1	7	7	44	45	0
cost	0	0	0	1	0	7	0	0	0	0	0	8	9	6	0	1101	0	0	0	0	1	0	0	1	0	0	0	0	0	2	7	0	0	7	7	0	0	8	9	200	0	0	1.25	2.25	3.25	0	0	7	2	0	0	0	0	1	7	7	44	45	0
cost	0	0	0	1	0	7	0	0	0	0	0	8	9	6	0	1300	0	0	0	0	1	0	0	1	0	0	0	0	0	2	7	0	0	7	7	0	0	8	9	200	0	0	1.25	2.25	3.25	0	0	7	2	0	0	0	0	1	7	7	44	45	0
cost	0	0	0	1	0	7	0	0	0	0	0	9	9	6	0	7	0	0	0	0	1	0	0	1	0	0	0	0	0	2	7	0	0	7	7	0	0	9	9	200	0	0	1.25	2.25	3.25	0	0	7	2	0	0	0	0	1	7	7	44	45	0
cost	0	0	0	1	0	7	0	0	0	0	0	9	9	6	0	857	0	0	0	0	1	0	0	1	0	0	0	0	0	2	7	0	0	7	7	0	0	9	9	200	0	0	1.25	2.25	3.25	0	0	7	2	0	0	0	0	1	7	7	44	45	0
cost	0	0	0	1	0	7	0	0	0	0	0	9	9	6	0	999	0	0	0	0	1	0	0	1	0	0	0	0	0	2	7	0	0	7	7	0	0	9	9	200	0	0	1.25	2.25	3.25	0	0	7	2	0	0	0	0	1	7	7	44	45	0
cost	0	0	0	1	0	7	0	0	0	0	0	9	9	6	0	-999	0	0	0	0	1	0	0	1	0	0	0	0	0	2	7	0	0	7	7	0	0	9	9	200	0	0	1.25	2.25	3.25	0	0	7	2	0	0	0	0	1	7	7	44	45	0
cost	0	0	0	1	0	7	0	0	0	0	0	9	9	6	0	1101	0	0	0	0	1	0	0	1	0	0	0	0	0	2	7	0	0	7	7	0	0	9	9	200	0	0	1.25	2.25	3.25	0	0	7	2	0	0	0	0	1	7	7	44	45	0
cost	0	0	0	1	0	7	0	0	0	0	0	9	9	6	0	1300	0	0	0	0	1	0	0	1	0	0	0	0	0	2	7	0	0	7	7	0	0	9	9	200	0	0	1.25	2.25	3.25	0	0	7	2	0	0	0	0	1	7	7	44	45	0
cost	0	0	0	1	0	7	0	0	0	0	0	10	9	6	0	7	0	0	0	0	1	0	0	1	0	0	0	0	0	2	7	0	0	7	7	0	0	10	9	200	0	0	1.25	2.25	3.25	0	0	7	2	0	0	0	0	1	7	7	44	45	0
cost	0	0	0	1	0	7	0	0	0	0	0	10	9	6	0	857	0	0	0	0	1	0	0	1	0	0	0	0	0	2	7	0	0	7	7	0	0	10	9	200	0	0	1.25	2.25	3.25	0	0	7	2	0	0	0	0	1	7	7	44	45	0
cost	0	0	0	1	0	7	0	0	0	0	0	10	9	6	0	999	0	0	0	0	1	0	0	1	0	0	0	0	0	2	7	0	0	7	7	0	0	10	9	200	0	0	1.25	2.25	3.25	0	0	7	2	0	0	0	0	1	7	7	44	45	0
cost	0	0	0	1	0	7	0	0	0	0	0	10	9	6	0	-999	0	0	0	0	1	0	0	1	0	0	0	0	0	2	7	0	0	7	7	0	0	10	9	200	0	0	1.25	2.25	3.25	0	0	7	2	0	0	0	0	1	7	7	44	45	0
cost	0	0	0	1	0	7	0	0	0	0	0	10	9	6	0	1101	0	0	0	0	1	0	0	1	0	0	0	0	0	2	7	0	0	7	7	0	0	10	9	200	0	0	1.25	2.25	3.25	0	0	7	2	0	0	0	0	1	7	7	44	45	0
cost	0	0	0	1	0	7	0	0	0	0	0	10	9	6	0	1300	0	0	0	0	1	0	0	1	0	0	0	0	0	2	7	0	0	7	7	0	0	10	9	200	0	0	1.25	2.25	3.25	0	0	7	2	0	0	0	0	1	7	7	44	45	0
cost	0	0	0	1	0	7	0	0	0	0	0	0	10	6	0	7	0	0	0	0	1	0	0	1	0	0	0	0	0	2	7	0	0	7	7	0	0	0	10	200	0	0	1.25	2.25	3.25	0	0	7	2	0	0	0	0	1	7	7	44	45	0
cost	0	0	0	1	0	7	0	0	0	0	0	0	10	6	0	857	0	0	0	0	1	0	0	1	0	0	0	0	0	2	7	0	0	7	7	0	0	0	10	200	0	0	1.25	2.25	3.25	0	0	7	2	0	0	0	0	1	7	7	44	45	0
cost	0	0	0	1	0	7	0	0	0	0	0	0	10	6	0	999	0	0	0	0	1	0	0	1	0	0	0	0	0	2	7	0	0	7	7	0	0	0	10	200	0	0	1.25	2.25	3.25	0	0	7	2	0	0	0	0	1	7	7	44	45	0
cost	0	0	0	1	0	7	0	0	0	0	0	0	10	6	0	-999	0	0	0	0	1	0	0	1	0	0	0	0	0	2	7	0	0	7	7	0	0	0	10	200	0	0	1.25	2.25	3.25	0	0	7	2	0	0	0	0	1	7	7	44	45	0
cost	0	0	0	1	0	7	0	0	0	0	0	0	10	6	0	1101	0	0	0	0	1	0	0	1	0	0	0	0	0	2	7	0	0	7	7	0	0	0	10	200	0	0	1.25	2.25	3.25	0	0	7	2	0	0	0	0	1	7	7	44	45	0
cost	0	0	0	1	0	7	0	0	0	0	0	0	10	6	0	1300	0	0	0	0	1	0	0	1	0	0	0	0	0	2	7	0	0	7	7	0	0	0	10	200	0	0	1.25	2.25	3.25	0	0	7	2	0	0	0	0	1	7	7	44	45	0
cost	0	0	0	1	0	7	0	0	0	0	0	5	10	6	0	7	0	0	0	0	1	0	0	1	0	0	0	0	0	2	7	0	0	7	7	0	0	5	10	200	0	0	1.25	2.25	3.25	0	0	7	2	0	0	0	0	1	7	7	44	45	0
cost	0	0	0	1	0	7	0	0	0	0	0	5	10	6	0	857	0	0	0	0	1	0	0	1	0	0	0	0	0	2	7	0	0	7	7	0	0	5	10	200	0	0	1.25	2.25	3.25	0	0	7	2	0	0	0	0	1	7	7	44	45	0
cost	0	0	0	1	0	7	0	0	0	0	0	5	10	6	0	999	0	0	0	0	1	0	0	1	0	0	0	0	0	2	7	0	0	7	7	0	0	5	10	200	0	0	1.25	2.25	3.25	0	0	7	2	0	0	0	0	1	7	7	44	45	0
cost	0	0	0	1	0	7	0	0	0	0	0	5	10	6	0	-999	0	0	0	0	1	0	0	1	0	0	0	0	0	2	7	0	0	7	7	0	0	5	10	200	0	0	1.25	2.25	3.25	0	0	7	2	0	0	0	0	1	7	7	44	45	0
cost	0	0	0	1	0	7	0	0	0	0	0	5	10	6	0	1101	0	0	0	0	1	0	0	1	0	0	0	0	0	2	7	0	0	7	7	0	0	5	10	200	0	0	1.25	2.25	3.25	0	0	7	2	0	0	0	0	1	7	7	44	45	0
cost	0	0	0	1	0	7	0	0	0	0	0	5	10	6	0	1300	0	0	0	0	1	0	0	1	0	0	0	0	0	2	7	0	0	7	7	0	0	5	10	200	0	0	1.25	2.25	3.25	0	0	7	2	0	0	0	0	1	7	7	44	45	0
cost	0	0	0	1	0	7	0	0	0	0	0	6	10	6	0	7	0	0	0	0	1	0	0	1	0	0	0	0	0	2	7	0	0	7	7	0	0	6	10	200	0	0	1.25	2.25	3.25	0	0	7	2	0	0	0	0	1	7	7	44	45	0
cost	0	0	0	1	0	7	0	0	0	0	0	6	10	6	0	857	0	0	0	0	1	0	0	1	0	0	0	0	0	2	7	0	0	7	7	0	0	6	10	200	0	0	1.25	2.25	3.25	0	0	7	2	0	0	0	0	1	7	7	44	45	0
cost	0	0	0	1	0	7	0	0	0	0	0	6	10	6	0	999	0	0	0	0	1	0	0	1	0	0	0	0	0	2	7	0	0	7	7	0	0	6	10	200	0	0	1.25	2.25	3.25	0	0	7	2	0	0	0	0	1	7	7	44	45	0
cost	0	0	0	1	0	7	0	0	0	0	0	6	10	6	0	-999	0	0	0	0	1	0	0	1	0	0	0	0	0	2	7	0	0	7	7	0	0	6	10	200	0	0	1.25	2.25	3.25	0	0	7	2	0	0	0	0	1	7	7	44	45	0
cost	0	0	0	1	0	7	0	0	0	0	0	6	10	6	0	1101	0	0	0	0	1	0	0	1	0	0	0	0	0	2	7	0	0	7	7	0	0	6	10	200	0	0	1.25	2.25	3.25	0	0	7	2	0	0	0	0	1	7	7	44	45	0
cost	0	0	0	1	0	7	0	0	0	0	0	6	10	6	0	1300	0	0	0	0	1	0	0	1	0	0	0	0	0	2	7	0	0	7	7	0	0	6	10	200	0	0	1.25	2.25	3.25	0	0	7	2	0	0	0	0	1	7	7	44	45	0
cost	0	0	0	1	0	7	0	0	0	0	0	8	10	6	0	7	0	0	0	0	1	0	0	1	0	0	0	0	0	2	7	0	0	7	7	0	0	8	10	200	0	0	1.25	2.25	3.25	0	0	7	2	0	0	0	0	1	7	7	44	45	0
cost	0	0	0	1	0	7	0	0	0	0	0	8	10	6	0	857	0	0	0	0	1	0	0	1	0	0	0	0	0	2	7	0	0	7	7	0	0	8	10	200	0	0	1.25	2.25	3.25	0	0	7	2	0	0	0	0	1	7	7	44	45	0
cost	0	0	0	1	0	7	0	0	0	0	0	8	10	6	0	999	0	0	0	0	1	0	0	1	0	0	0	0	0	2	7	0	0	7	7	0	0	8	10	200	0	0	1.25	2.25	3.25	0	0	7	2	0	0	0	0	1	7	7	44	45	0
cost	0	0	0	1	0	7	0	0	0	0	0	8	10	6	0	-999	0	0	0	0	1	0	0	1	0	0	0	0	0	2	7	0	0	7	7	0	0	8	10	200	0	0	1.25	2.25	3.25	0	0	7	2	0	0	0	0	1	7	7	44	45	0
cost	0	0	0	1	0	7	0	0	0	0	0	8	10	6	0	1101	0	0	0	0	1	0	0	1	0	0	0	0	0	2	7	0	0	7	7	0	0	8	10	200	0	0	1.25	2.25	3.25	0	0	7	2	0	0	0	0	1	7	7	44	45	0
cost	0	0	0	1	0	7	0	0	0	0	0	8	10	6	0	1300	0	0	0	0	1	0	0	1	0	0	0	0	0	2	7	0	0	7	7	0	0	8	10	200	0	0	1.25	2.25	3.25	0	0	7	2	0	0	0	0	1	7	7	44	45	0
cost	0	0	0	1	0	7	0	0	0	0	0	9	10	6	0	7	0	0	0	0	1	0	0	1	0	0	0	0	0	2	7	0	0	7	7	0	0	9	10	200	0	0	1.25	2.25	3.25	0	0	7	2	0	0	0	0	1	7	7	44	45	0
cost	0	0	0	1	0	7	0	0	0	0	0	9	10	6	0	857	0	0	0	0	1	0	0	1	0	0	0	0	0	2	7	0	0	7	7	0	0	9	10	200	0	0	1.25	2.25	3.25	0	0	7	2	0	0	0	0	1	7	7	44	45	0
cost	0	0	0	1	0	7	0	0	0	0	0	9	10	6	0	999	0	0	0	0	1	0	0	1	0	0	0	0	0	2	7	0	0	7	7	0	0	9	10	200	0	0	1.25	2.25	3.25	0	0	7	2	0	0	0	0	1	7	7	44	45	0
cost	0	0	0	1	0	7	0	0	0	0	0	9	10	6	0	-999	0	0	0	0	1	0	0	1	0	0	0	0	0	2	7	0	0	7	7	0	0	9	10	200	0	0	1.25	2.25	3.25	0	0	7	2	0	0	0	0	1	7	7	44	45	0
cost	0	0	0	1	0	7	0	0	0	0	0	9	10	6	0	1101	0	0	0	0	1	0	0	1	0	0	0	0	0	2	7	0	0	7	7	0	0	9	10	200	0	0	1.25	2.25	3.25	0	0	7	2	0	0	0	0	1	7	7	44	45	0
cost	0	0	0	1	0	7	0	0	0	0	0	9	10	6	0	1300	0	0	0	0	1	0	0	1	0	0	0	0	0	2	7	0	0	7	7	0	0	9	10	200	0	0	1.25	2.25	3.25	0	0	7	2	0	0	0	0	1	7	7	44	45	0
cost	0	0	0	1	0	7	0	0	0	0	0	10	10	6	0	7	0	0	0	0	1	0	0	1	0	0	0	0	0	2	7	0	0	7	7	0	0	10	10	200	0	0	1.25	2.25	3.25	0	0	7	2	0	0	0	0	1	7	7	44	45	0
cost	0	0	0	1	0	7	0	0	0	0	0	10	10	6	0	857	0	0	0	0	1	0	0	1	0	0	0	0	0	2	7	0	0	7	7	0	0	10	10	200	0	0	1.25	2.25	3.25	0	0	7	2	0	0	0	0	1	7	7	44	45	0
cost	0	0	0	1	0	7	0	0	0	0	0	10	10	6	0	999	0	0	0	0	1	0	0	1	0	0	0	0	0	2	7	0	0	7	7	0	0	10	10	200	0	0	1.25	2.25	3.25	0	0	7	2	0	0	0	0	1	7	7	44	45	0
cost	0	0	0	1	0	7	0	0	0	0	0	10	10	6	0	-999	0	0	0	0	1	0	0	1	0	0	0	0	0	2	7	0	0	7	7	0	0	10	10	200	0	0	1.25	2.25	3.25	0	0	7	2	0	0	0	0	1	7	7	44	45	0
cost	0	0	0	1	0	7	0	0	0	0	0	10	10	6	0	1101	0	0	0	0	1	0	0	1	0	0	0	0	0	2	7	0	0	7	7	0	0	10	10	200	0	0	1.25	2.25	3.25	0	0	7	2	0	0	0	0	1	7	7	44	45	0
cost	0	0	0	1	0	7	0	0	0	0	0	10	10	6	0	1300	0	0	0	0	1	0	0	1	0	0	0	0	0	2	7	0	0	7	7	0	0	10	10	200	0	0	1.25	2.25	3.25	0	0	7	2	0	0	0	0	1	7	7	44	45	0
cost	0	0	0	1	0	7	0	0	0	0	0	0	0	-6	9	7	0	0	0	0	1	0	0	1	0	0	0	0	0	2	7	0	0	7	7	0	0	0	0	200	0	0	1.25	2.25	3.25	0	0	7	2	0	0	0	0	1	7	7	44	45	0
cost	0	0	0	1	0	7	0	0	0	0	0	0	0	-6	9	857	0	0	0	0	1	0	0	1	0	0	0	0	0	2	7	0	0	857	857	0	0	0	0	200	0	0	1.25	2.25	3.25	0	0	7	2	0	0	0	0	1	857	857	44	45	0
cost	0	0	0	1	0	7	0	0	0	0	0	0	0	-6	9	999	0	0	0	0	1	0	0	1	0	0	0	0	0	4	7	0	0	999	999	0	0	0	0	200	0	0	1.25	2.25	3.25	1	999	7	2	1	1	0	0	0	-9999	-9999	-9999	-9999	-9999
cost	0	0	0	1	0	7	0	0	0	0	0	0	0	-6	9	-999	0	0	0	0	1	0	0	1	0	0	0	0	0	4	7	0	0	-999	-999	0	0	0	0	200	0	0	1.25	2.25	3.25	1	-999	7	2	1	1	0	0	0	-9999	-9999	-9999	-9999	-9999
cost	0	0	0	1	0	7	0	0	0	0	0	0	0	-6	9	1101	0	0	0	0	1	0	0	1	0	0	0	0	0	4	7	0	0	1101	1101	0	0	0	0	200	0	0	1.25	2.25	3.25	1	1101	7	2	1	0	1	0	1	0	1101	0	45	-1
cost	0	0	0	1	0	7	0	0	0	0	0	0	0	-6	9	1300	0	0	0	0	1	0	0	1	0	0	0	0	0	4	7	0	0	1300	1300	0	0	0	0	200	0	0	1.25	2.25	3.25	1	1300	7	2	1	1	0	0	0	-9999	-9999	-9999	-9999	-9999
cost	0	0	0	1	0	7	0	0	0	0	0	5	0	-6	9	7	0	0	0	0	1	0	0	1	0	0	0	0	0	2	7	0	0	7	7	0	0	5	0	200	0	0	1.25	2.25	3.25	0	0	7	2	0	0	0	0	1	7	7	44	45	0
cost	0	0	0	1	0	7	0	0	0	0	0	5	0	-6	9	857	0	0	0	0	1	0	0	1	0	0	0	0	0	2	7	0	0	857	857	0	0	5	0	200	0	0	1.25	2.25	3.25	0	0	7	2	0	0	0	0	1	857	857	44	45	0
cost	0	0	0	1	0	7	0	0	0	0	0	5	0	-6	9	999	0	0	0	0	1	0	0	1	0	0	0	0	0	4	7	0	0	999	999	0	0	5	0	200	0	0	1.25	2.25	3.25	1	999	7	2	1	1	0	0	0	-9999	-9999	-9999	-9999	-9999
cost	0	0	0	1	0	7	0	0	0	0	0	5	0	-6	9	-999	0	0	0	0	1	0	0	1	0	0	0	0	0	4	7	0	0	-999	-999	0	0	5	0	200	0	0	1.25	2.25	3.25	1	-999	7	2	1	1	0	0	0	-9999	-9999	-9999	-9999	-9999
cost	0	0	0	1	0	7	0	0	0	0	0	5	0	-6	9	1101	0	0	0	0	1	0	0	1	0	0	0	0	0	4	7	0	0	1101	1101	0	0	5	0	200	0	0	1.25	2.25	3.25	1	1101	7	2	1	0	1	0	1	0	1101	0	45	-1
cost	0	0	0	1	0	7	0	0	0	0	0	5	0	-6	9	1300	0	0	0	0	1	0	0	1	0	0	0	0	0	4	7	0	0	1300	1300	0	0	5	0	200	0	0	1.25	2.25	3.25	1	1300	7	2	1	1	0	0	0	-9999	-9999	-9999	-9999	-9999
cost	0	0	0	1	0	7	0	0	0	0	0	6	0	-6	9	7	0	0	0	0	1	0	0	1	0	0	0	0	0	2	7	0	0	7	7	0	0	0	0	198	6	0	1.25	2.25	3.25	0	0	7	2	0	0	0	0	1	7	7	44	45	0
cost	0	0	0	1	0	7	0	0	0	0	0	6	0	-6	9	857	0	0	0	0	1	0	0	1	0	0	0	0	0	2	7	0	0	7	7	0	0	0	0	198	6	0	1.25	2.25	3.25	0	0	7	2	0	0	0	0	1	7	7	44	45	0
cost	0	0	0	1	0	7	0	0	0	0	0	6	0	-6	9	999	0	0	0	0	1	0	0	1	0	0	0	0	0	2	7	0	0	7	7	0	0	0	0	198	6	0	1.25	2.25	3.25	0	0	7	2	0	0	0	0	1	7	7	44	45	0
cost	0	0	0	1	0	7	0	0	0	0	0	6	0	-6	9	-999	0	0	0	0	1	0	0	1	0	0	0	0	0	2	7	0	0	7	7	0	0	0	0	198	6	0	1.25	2.25	3.25	0	0	7	2	0	0	0	0	1	7	7	44	45	0
cost	0	0	0	1	0	7	0	0	0	0	0	6	0	-6	9	1101	0	0	0	0	1	0	0	1	0	0	0	0	0	2	7	0	0	7	7	0	0	0	0	198	6	0	1.25	2.25	3.25	0	0	7	2	0	0	0	0	1	7	7	44	45	0
cost	0	0	0	1	0	7	0	0	0	0	0	6	0	-6	9	1300	0	0	0	0	1	0	0	1	0	0	0	0	0	2	7	0	0	7	7	0	0	0	0	198	6	0	1.25	2.25	3.25	0	0	7	2	0	0	0	0	1	7	7	44	45	0
cost	0	0	0	1	0	7	0	0	0	0	0	8	0	-6	9	7	0	0	0	0	1	0	0	1	0	0	0	0	0	2	7	0	0	7	7	0	0	2	0	198	6	0	1.25	2.25	3.25	0	0	7	2	0	0	0	0	1	7	7	44	45	0
cost	0	0	0	1	0	7	0	0	0	0	0	8	0	-6	9	857	0	0	0	0	1	0	0	1	0	0	0	0	0	2	7	0	0	7	7	0	0	2	0	198	6	0	1.25	2.25	3.25	0	0	7	2	0	0	0	0	1	7	7	44	45	0
cost	0	0	0	1	0	7	0	0	0	0	0	8	0	-6	9	999	0	0	0	0	1	0	0	1	0	0	0	0	0	2	7	0	0	7	7	0	0	2	0	198	6	0	1.25	2.25	3.25	0	0	7	2	0	0	0	0	1	7	7	44	45	0
cost	0	0	0	1	0	7	0	0	0	0	0	8	0	-6	9	-999	0	0	0	0	1	0	0	1	0	0	0	0	0	2	7	0	0	7	7	0	0	2	0	198	6	0	1.25	2.25	3.25	0	0	7	2	0	0	0	0	1	7	7	44	45	0
cost	0	0	0	1	0	7	0	0	0	0	0	8	0	-6	9	1101	0	0	0	0	1	0	0	1	0	0	0	0	0	2	7	0	0	7	7	0	0	2	0	198	6	0	1.25	2.25	3.25	0	0	7	2	0	0	0	0	1	7	7	44	45	0
cost	0	0	0	1	0	7	0	0	0	0	0	8	0	-6	9	1300	0	0	0	0	1	0	0	1	0	0	0	0	0	2	7	0	0	7	7	0	0	2	0	198	6	0	1.25	2.25	3.25	0	0	7	2	0	0	0	0	1	7	7	44	45	0
cost	0	0	0	1	0	7	0	0	0	0	0	9	0	-6	9	7	0	0	0	0	1	0	0	1	0	0	0	0	0	2	7	0	0	7	7	0	0	3	0	198	6	0	1.25	2.25	3.25	0	0	7	2	0	0	0	0	1	7	7	44	45	0
cost	0	0	0	1	0	7	0	0	0	0	0	9	0	-6	9	857	0	0	0	0	1	0	0	1	0	0	0	0	0	2	7	0	0	7	7	0	0	3	0	198	6	0	1.25	2.25	3.25	0	0	7	2	0	0	0	0	1	7	7	44	45	0
cost	0	0	0	1	0	7	0	0	0	0	0	9	0	-6	9	999	0	0	0	0	1	0	0	1	0	0	0	0	0	2	7	0	0	7	7	0	0	3	0	198	6	0	1.25	2.25	3.25	0	0	7	2	0	0	0	0	1	7	7	44	45	0
cost	0	0	0	1	0	7	0	0	0	0	0	9	0	-6	9	-999	0	0	0	0	1	0	0	1	0	0	0	0	0	2	7	0	0	7	7	0	0	3	0	198	6	0	1.25	2.25	3.25	0	0	7	2	0	0	0	0	1	7	7	44	45	0
cost	0	0	0	1	0	7	0	0	0	0	0	9	0	-6	9	1101	0	0	0	0	1	0	0	1	0	0	0	0	0	2	7	0	0	7	7	0	0	3	0	198	6	0	1.25	2.25	3.25	0	0	7	2	0	0	0	0	1	7	7	44	45	0
cost	0	0	0	1	0	7	0	0	0	0	0	9	0	-6	9	1300	0	0	0	0	1	0	0	1	0	0	0	0	0	2	7	0	0	7	7	0	0	3	0	198	6	0	1.25	2.25	3.25	0	0	7	2	0	0	0	0	1	7	7	44	45	0
cost	0	0	0	1	0	7	0	0	0	0	0	10	0	-6	9	7	0	0	0	0	1	0	0	1	0	0	0	0	0	2	7	0	0	7	7	0	0	4	0	198	6	0	1.25	2.25	3.25	0	0	7	2	0	0	0	0	1	7	7	44	45	0
cost	0	0	0	1	0	7	0	0	0	0	0	10	0	-6	9	857	0	0	0	0	1	0	0	1	0	0	0	0	0	2	7	0	0	7	7	0	0	4	0	198	6	0	1.25	2.25	3.25	0	0	7	2	0	0	0	0	1	7	7	44	45	0
cost	0	0	0	1	0	7	0	0	0	0	0	10	0	-6	9	999	0	0	0	0	1	0	0	1	0	0	0	0	0	2	7	0	0	7	7	0	0	4	0	198	6	0	1.25	2.25	3.25	0	0	7	2	0	0	0	0	1	7	7	44	45	0
cost	0	0	0	1	0	7	0	0	0	0	0	10	0	-6	9	-999	0	0	0	0	1	0	0	1	0	0	0	0	0	2	7	0	0	7	7	0	0	4	0	198	6	0	1.25	2.25	3.25	0	0	7	2	0	0	0	0	1	7	7	44	45	0
cost	0	0	0	1	0	7	0	0	0	0	0	10	0	-6	9	1101	0	0	0	0	1	0	0	1	0	0	0	0	0	2	7	0	0	7	7	0	0	4	0	198	6	0	1.25	2.25	3.25	0	0	7	2	0	0	0	0	1	7	7	44	45	0
cost	0	0	0	1	0	7	0	0	0	0	0	10	0	-6	9	1300	0	0	0	0	1	0	0	1	0	0	0	0	0	2	7	0	0	7	7	0	0	4	0	198	6	0	1.25	2.25	3.25	0	0	7	2	0	0	0	0	1	7	7	44	45	0
cost	0	0	0	1	0	7	0	0	0	0	0	0	5	-6	9	7	0	0	0	0	1	0	0	1	0	0	0	0	0	2	7	0	0	7	7	0	0	0	5	200	0	0	1.25	2.25	3.25	0	0	7	2	0	0	0	0	1	7	7	44	45	0
cost	0	0	0	1	0	7	0	0	0	0	0	0	5	-6	9	857	0	0	0	0	1	0	0	1	0	0	0	0	0	2	7	0	0	857	857	0	0	0	5	200	0	0	1.25	2.25	3.25	0	0	7	2	0	0	0	0	1	857	857	44	45	0
cost	0	0	0	1	0	7	0	0	0	0	0	0	5	-6	9	999	0	0	0	0	1	0	0	1	0	0	0	0	0	4	7	0	0	999	999	0	0	0	5	200	0	0	1.25	2.25	3.25	1	999	7	2	1	1	0	0	0	-9999	-9999	-9999	-9999	-9999
cost	0	0	0	1	0	7	0	0	0	0	0	0	5	-6	9	-999	0	0	0	0	1	0	0	1	0	0	0	0	0	4	7	0	0	-999	-999	0	0	0	5	200	0	0	1.25	2.25	3.25	1	-999	7	2	1	1	0	0	0	-9999	-9999	-9999	-9999	-9999
cost	0	0	0	1	0	7	0	0	0	0	0	0	5	-6	9	1101	0	0	0	0	1	0	0	1	0	0	0	0	0	4	7	0	0	1101	1101	0	0	0	5	200	0	0	1.25	2.25	3.25	1	1101	7	2	1	0	1	0	1	0	1101	0	45	-1
cost	0	0	0	1	0	7	0	0	0	0	0	0	5	-6	9	1300	0	0	0	0	1	0	0	1	0	0	0	0	0	4	7	0	0	1300	1300	0	0	0	5	200	0	0	1.25	2.25	3.25	1	1300	7	2	1	1	0	0	0	-9999	-9999	-9999	-9999	-9999
cost	0	0	0	1	0	7	0	0	0	0	0	5	5	-6	9	7	0	0	0	0	1	0	0	1	0	0	0	0	0	2	7	0	0	7	7	0	0	5	5	200	0	0	1.25	2.25	3.25	0	0	7	2	0	0	0	0	1	7	7	44	45	0
cost	0	0	0	1	0	7	0	0	0	0	0	5	5	-6	9	857	0	0	0	0	1	0	0	1	0	0	0	0	0	2	7	0	0	857	857	0	0	5	5	200	0	0	1.25	2.25	3.25	0	0	7	2	0	0	0	0	1	857	857	44	45	0
cost	0	0	0	1	0	7	0	0	0	0	0	5	5	-6	9	999	0	0	0	0	1	0	0	1	0	0	0	0	0	4	7	0	0	999	999	0	0	5	5	200	0	0	1.25	2.25	3.25	1	999	7	2	1	1	0	0	0	-9999	-9999	-9999	-9999	-9999
cost	0	0	0	1	0	7	0	0	0	0	0	5	5	-6	9	-999	0	0	0	0	1	0	0	1	0	0	0	0	0	4	7	0	0	-999	-999	0	0	5	5	200	0	0	1.25	2.25	3.25	1	-999	7	2	1	1	0	0	0	-9999	-9999	-9999	-9999	-9999
cost	0	0	0	1	0	7	0	0	0	0	0	5	5	-6	9	1101	0	0	0	0	1	0	0	1	0	0	0	0	0	4	7	0	0	1101	1101	0	0	5	5	200	0	0	1.25	2.25	3.25	1	1101	7	2	1	0	1	0	1	0	1101	0	45	-1
cost	0	0	0	1	0	7	0	0	0	0	0	5	5	-6	9	1300	0	0	0	0	1	0	0	1	0	0	0	0	0	4	7	0	0	1300	1300	0	0	5	5	200	0	0	1.25	2.25	3.25	1	1300	7	2	1	1	0	0	0	-9999	-9999	-9999	-9999	-9999
cost	0	0	0	1	0	7	0	0	0	0	0	6	5	-6	9	7	0	0	0	0	1	0	0	1	0	0	0	0	0	2	7	0	0	7	7	0	0	0	5	198	6	0	1.25	2.25	3.25	0	0	7	2	0	0	0	0	1	7	7	44	45	0
cost	0	0	0	1	0	7	0	0	0	0	0	6	5	-6	9	857	0	0	0	0	1	0	0	1	0	0	0	0	0	2	7	0	0	7	7	0	0	0	5	198	6	0	1.25	2.25	3.25	0	0	7	2	0	0	0	0	1	7	7	44	45	0
cost	0	0	0	1	0	7	0	0	0	0	0	6	5	-6	9	999	0	0	0	0	1	0	0	1	0	0	0	0	0	2	7	0	0	7	7	0	0	0	5	198	6	0	1.25	2.25	3.25	0	0	7	2	0	0	0	0	1	7	7	44	45	0
cost	0	0	0	1	0	7	0	0	0	0	0	6	5	-6	9	-999	0	0	0	0	1	0	0	1	0	0	0	0	0	2	7	0	0	7	7	0	0	0	5	198	6	0	1.25	2.25	3.25	0	0	7	2	0	0	0	0	1	7	7	44	45	0
cost	0	0	0	1	0	7	0	0	0	0	0	6	5	-6	9	1101	0	0	0	0	1	0	0	1	0	0	0	0	0	2	7	0	0	7	7	0	0	0	5	198	6	0	1.25	2.25	3.25	0	0	7	2	0	0	0	0	1	7	7	44	45	0
cost	0	0	0	1	0	7	0	0	0	0	0	6	5	-6	9	1300	0	0	0	0	1	0	0	1	0	0	0	0	0	2	7	0	0	7	7	0	0	0	5	198	6	0	1.25	2.25	3.25	0	0	7	2	0	0	0	0	1	7	7	44	45	0
cost	0	0	0	1	0	7	0	0	0	0	0	8	5	-6	9	7	0	0	0	0	1	0	0	1	0	0	0	0	0	2	7	0	0	7	7	0	0	2	5	198	6	0	1.25	2.25	3.25	0	0	7	2	0	0	0	0	1	7	7	44	45	0
cost	0	0	0	1	0	7	0	0	0	0	0	8	5	-6	9	857	0	0	0	0	1	0	0	1	0	0	0	0	0	2	7	0	0	7	7	0	0	2	5	198	6	0	1.25	2.25	3.25	0	0	7	2	0	0	0	0	1	7	7	44	45	0
cost	0	0	0	1	0	7	0	0	0	0	0	8	5	-6	9	999	0	0	0	0	1	0	0	1	0	0	0	0	0	2	7	0	0	7	7	0	0	2	5	198	6	0	1.25	2.25	3.25	0	0	7	2	0	0	0	0	1	7	7	44	45	0
cost	0	0	0	1	0	7	0	0	0	0	0	8	5	-6	9	-999	0	0	0	0	1	0	0	1	0	0	0	0	0	2	7	0	0	7	7	0	0	2	5	198	6	0	1.25	2.25	3.25	0	0	7	2	0	0	0	0	1	7	7	44	45	0
cost	0	0	0	1	0	7	0	0	0	0	0	8	5	-6	9	1101	0	0	0	0	1	0	0	1	0	0	0	0	0	2	7	0	0	7	7	0	0	2	5	198	6	0	1.25	2.25	3.25	0	0	7	2	0	0	0	0	1	7	7	44	45	0
cost	0	0	0	1	0	7	0	0	0	0	0	8	5	-6	9	1300	0	0	0	0	1	0	0	1	0	0	0	0	0	2	7	0	0	7	7	0	0	2	5	198	6	0	1.25	2.25	3.25	0	0	7	2	0	0	0	0	1	7	7	44	45	0
cost	0	0	0	1	0	7	0	0	0	0	0	9	5	-6	9	7	0	0	0	0	1	0	0	1	0	0	0	0	0	2	7	0	0	7	7	0	0	3	5	198	6	0	1.25	2.25	3.25	0	0	7	2	0	0	0	0	1	7	7	44	45	0
cost	0	0	0	1	0	7	0	0	0	0	0	9	5	-6	9	857	0	0	0	0	1	0	0	1	0	0	0	0	0	2	7	0	0	7	7	0	0	3	5	198	6	0	1.25	2.25	3.25	0	0	7	2	0	0	0	0	1	7	7	44	45	0
cost	0	0	0	1	0	7	0	0	0	0	0	9	5	-6	9	999	0	0	0	0	1	0	0	1	0	0	0	0	0	2	7	0	0	7	7	0	0	3	5	198	6	0	1.25	2.25	3.25	0	0	7	2	0	0	0	0	1	7	7	44	45	0
cost	0	0	0	1	0	7	0	0	0	0	0	9	5	-6	9	-999	0	0	0	0	1	0	0	1	0	0	0	0	0	2	7	0	0	7	7	0	0	3	5	198	6	0	1.25	2.25	3.25	0	0	7	2	0	0	0	0	1	7	7	44	45	0
cost	0	0	0	1	0	7	0	0	0	0	0	9	5	-6	9	1101	0	0	0	0	1	0	0	1	0	0	0	0	0	2	7	0	0	7	7	0	0	3	5	198	6	0	1.25	2.25	3.25	0	0	7	2	0	0	0	0	1	7	7	44	45	0
cost	0	0	0	1	0	7	0	0	0	0	0	9	5	-6	9	1300	0	0	0	0	1	0	0	1	0	0	0	0	0	2	7	0	0	7	7	0	0	3	5	198	6	0	1.25	2.25	3.25	0	0	7	2	0	0	0	0	1	7	7	44	45	0
cost	0	0	0	1	0	7	0	0	0	0	0	10	5	-6	9	7	0	0	0	0	1	0	0	1	0	0	0	0	0	2	7	0	0	7	7	0	0	4	5	198	6	0	1.25	2.25	3.25	0	0	7	2	0	0	0	0	1	7	7	44	45	0
cost	0	0	0	1	0	7	0	0	0	0	0	10	5	-6	9	857	0	0	0	0	1	0	0	1	0	0	0	0	0	2	7	0	0	7	7	0	0	4	5	198	6	0	1.25	2.25	3.25	0	0	7	2	0	0	0	0	1	7	7	44	45	0
cost	0	0	0	1	0	7	0	0	0	0	0	10	5	-6	9	999	0	0	0	0	1	0	0	1	0	0	0	0	0	2	7	0	0	7	7	0	0	4	5	198	6	0	1.25	2.25	3.25	0	0	7	2	0	0	0	0	1	7	7	44	45	0
cost	0	0	0	1	0	7	0	0	0	0	0	10	5	-6	9	-999	0	0	0	0	1	0	0	1	0	0	0	0	0	2	7	0	0	7	7	0	0	4	5	198	6	0	1.25	2.25	3.25	0	0	7	2	0	0	0	0	1	7	7	44	45	0
cost	0	0	0	1	0	7	0	0	0	0	0	10	5	-6	9	1101	0	0	0	0	1	0	0	1	0	0	0	0	0	2	7	0	0	7	7	0	0	4	5	198	6	0	1.25	2.25	3.25	0	0	7	2	0	0	0	0	1	7	7	44	45	0
cost	0	0	0	1	0	7	0	0	0	0	0	10	5	-6	9	1300	0	0	0	0	1	0	0	1	0	0	0	0	0	2	7	0	0	7	7	0	0	4	5	198	6	0	1.25	2.25	3.25	0	0	7	2	0	0	0	0	1	7	7	44	45	0
cost	0	0	0	1	0	7	0	0	0	0	0	0	6	-6	9	7	0	0	0	0	1	0	0	1	0	0	0	0	0	2	7	0	0	7	7	0	0	0	6	200	0	0	1.25	2.25	3.25	0	0	7	2	0	0	0	0	1	7	7	44	45	0
cost	0	0	0	1	0	7	0	0	0	0	0	0	6	-6	9	857	0	0	0	0	1	0	0	1	0	0	0	0	0	2	7	0	0	857	857	0	0	0	6	200	0	0	1.25	2.25	3.25	0	0	7	2	0	0	0	0	1	857	857	44	45	0
cost	0	0	0	1	0	7	0	0	0	0	0	0	6	-6	9	999	0	0	0	0	1	0	0	1	0	0	0	0	0	4	7	0	0	999	999	0	0	0	6	200	0	0	1.25	2.25	3.25	1	999	7	2	1	1	0	0	0	-9999	-9999	-9999	-9999	-9999
cost	0	0	0	1	0	7	0	0	0	0	0	0	6	-6	9	-999	0	0	0	0	1	0	0	1	0	0	0	0	0	4	7	0	0	-999	-999	0	0	0	6	200	0	0	1.25	2.25	3.25	1	-999	7	2	1	1	0	0	0	-9999	-9999	-9999	-9999	-9999
cost	0	0	0	1	0	7	0	0	0	0	0	0	6	-6	9	1101	0	0	0	0	1	0	0	1	0	0	0	0	0	4	7	0	0	1101	1101	0	0	0	6	200	0	0	1.25	2.25	3.25	1	1101	7	2	1	0	1	0	1	0	1101	0	45	-1
cost	0	0	0	1	0	7	0	0	0	0	0	0	6	-6	9	1300	0	0	0	0	1	0	0	1	0	0	0	0	0	4	7	0	0	1300	1300	0	0	0	6	200	0	0	1.25	2.25	3.25	1	1300	7	2	1	1	0	0	0	-9999	-9999	-9999	-9999	-9999
cost	0	0	0	1	0	7	0	0	0	0	0	5	6	-6	9	7	0	0	0	0	1	0	0	1	0	0	0	0	0	2	7	0	0	7	7	0	0	5	6	200	0	0	1.25	2.25	3.25	0	0	7	2	0	0	0	0	1	7	7	44	45	0
cost	0	0	0	1	0	7	0	0	0	0	0	5	6	-6	9	857	0	0	0	0	1	0	0	1	0	0	0	0	0	2	7	0	0	857	857	0	0	5	6	200	0	0	1.25	2.25	3.25	0	0	7	2	0	0	0	0	1	857	857	44	45	0
cost	0	0	0	1	0	7	0	0	0	0	0	5	6	-6	9	999	0	0	0	0	1	0	0	1	0	0	0	0	0	4	7	0	0	999	999	0	0	5	6	200	0	0	1.25	2.25	3.25	1	999	7	2	1	1	0	0	0	-9999	-9999	-9999	-9999	-9999
cost	0	0	0	1	0	7	0	0	0	0	0	5	6	-6	9	-999	0	0	0	0	1	0	0	1	0	0	0	0	0	4	7	0	0	-999	-999	0	0	5	6	200	0	0	1.25	2.25	3.25	1	-999	7	2	1	1	0	0	0	-9999	-9999	-9999	-9999	-9999
cost	0	0	0	1	0	7	0	0	0	0	0	5	6	-6	9	1101	0	0	0	0	1	0	0	1	0	0	0	0	0	4	7	0	0	1101	1101	0	0	5	6	200	0	0	1.25	2.25	3.25	1	1101	7	2	1	0	1	0	1	0	1101	0	45	-1
cost	0	0	0	1	0	7	0	0	0	0	0	5	6	-6	9	1300	0	0	0	0	1	0	0	1	0	0	0	0	0	4	7	0	0	1300	1300	0	0	5	6	200	0	0	1.25	2.25	3.25	1	1300	7	2	1	1	0	0	0	-9999	-9999	-9999	-9999	-9999
cost	0	0	0	1	0	7	0	0	0	0	0	6	6	-6	9	7	0	0	0	0	1	0	0	1	0	0	0	0	0	2	7	0	0	7	7	0	0	0	6	198	6	0	1.25	2.25	3.25	0	0	7	2	0	0	0	0	1	7	7	44	45	0
cost	0	0	0	1	0	7	0	0	0	0	0	6	6	-6	9	857	0	0	0	0	1	0	0	1	0	0	0	0	0	2	7	0	0	7	7	0	0	0	6	198	6	0	1.25	2.25	3.25	0	0	7	2	0	0	0	0	1	7	7	44	45	0
cost	0	0	0	1	0	7	0	0	0	0	0	6	6	-6	9	999	0	0	0	0	1	0	0	1	0	0	0	0	0	2	7	0	0	7	7	0	0	0	6	198	6	0	1.25	2.25	3.25	0	0	7	2	0	0	0	0	1	7	7	44	45	0
cost	0	0	0	1	0	7	0	0	0	0	0	6	6	-6	9	-999	0	0	0	0	1	0	0	1	0	0	0	0	0	2	7	0	0	7	7	0	0	0	6	198	6	0	1.25	2.25	3.25	0	0	7	2	0	0	0	0	1	7	7	44	45	0
cost	0	0	0	1	0	7	0	0	0	0	0	6	6	-6	9	1101	0	0	0	0	1	0	0	1	0	0	0	0	0	2	7	0	0	7	7	0	0	0	6	198	6	0	1.25	2.25	3.25	0	0	7	2	0	0	0	0	1	7	7	44	45	0
cost	0	0	0	1	0	7	0	0	0	0	0	6	6	-6	9	1300	0	0	0	0	1	0	0	1	0	0	0	0	0	2	7	0	0	7	7	0	0	0	6	198	6	0	1.25	2.25	3.25	0	0	7	2	0	0	0	0	1	7	7	44	45	0
cost	0	0	0	1	0	7	0	0	0	0	0	8	6	-6	9	7	0	0	0	0	1	0	0	1	0	0	0	0	0	2	7	0	0	7	7	0	0	2	6	198	6	0	1.25	2.25	3.25	0	0	7	2	0	0	0	0	1	7	7	44	45	0
cost	0	0	0	1	0	7	0	0	0	0	0	8	6	-6	9	857	0	0	0	0	1	0	0	1	0	0	0	0	0	2	7	0	0	7	7	0	0	2	6	198	6	0	1.25	2.25	3.25	0	0	7	2	0	0	0	0	1	7	7	44	45	0
cost	0	0	0	1	0	7	0	0	0	0	0	8	6	-6	9	999	0	0	0	0	1	0	0	1	0	0	0	0	0	2	7	0	0	7	7	0	0	2	6	198	6	0	1.25	2.25	3.25	0	0	7	2	0	0	0	0	1	7	7	44	45	0
cost	0	0	0	1	0	7	0	0	0	0	0	8	6	-6	9	-999	0	0	0	0	1	0	0	1	0	0	0	0	0	2	7	0	0	7	7	0	0	2	6	198	6	0	1.25	2.25	3.25	0	0	7	2	0	0	0	0	1	7	7	44	45	0
cost	0	0	0	1	0	7	0	0	0	0	0	8	6	-6	9	1101	0	0	0	0	1	0	0	1	0	0	0	0	0	2	7	0	0	7	7	0	0	2	6	198	6	0	1.25	2.25	3.25	0	0	7	2	0	0	0	0	1	7	7	44	45	0
cost	0	0	0	1	0	7	0	0	0	0	0	8	6	-6	9	1300	0	0	0	0	1	0	0	1	0	0	0	0	0	2	7	0	0	7	7	0	0	2	6	198	6	0	1.25	2.25	3.25	0	0	7	2	0	0	0	0	1	7	7	44	45	0
cost	0	0	0	1	0	7	0	0	0	0	0	9	6	-6	9	7	0	0	0	0	1	0	0	1	0	0	0	0	0	2	7	0	0	7	7	0	0	3	6	198	6	0	1.25	2.25	3.25	0	0	7	2	0	0	0	0	1	7	7	44	45	0
cost	0	0	0	1	0	7	0	0	0	0	0	9	6	-6	9	857	0	0	0	0	1	0	0	1	0	0	0	0	0	2	7	0	0	7	7	0	0	3	6	198	6	0	1.25	2.25	3.25	0	0	7	2	0	0	0	0	1	7	7	44	45	0
cost	0	0	0	1	0	7	0	0	0	0	0	9	6	-6	9	999	0	0	0	0	1	0	0	1	0	0	0	0	0	2	7	0	0	7	7	0	0	3	6	198	6	0	1.25	2.25	3.25	0	0	7	2	0	0	0	0	1	7	7	44	45	0
cost	0	0	0	1	0	7	0	0	0	0	0	9	6	-6	9	-999	0	0	0	0	1	0	0	1	0	0	0	0	0	2	7	0	0	7	7	0	0	3	6	198	6	0	1.25	2.25	3.25	0	0	7	2	0	0	0	0	1	7	7	44	45	0
cost	0	0	0	1	0	7	0	0	0	0	0	9	6	-6	9	1101	0	0	0	0	1	0	0	1	0	0	0	0	0	2	7	0	0	7	7	0	0	3	6	198	6	0	1.25	2.25	3.25	0	0	7	2	0	0	0	0	1	7	7	44	45	0
cost	0	0	0	1	0	7	0	0	0	0	0	9	6	-6	9	1300	0	0	0	0	1	0	0	1	0	0	0	0	0	2	7	0	0	7	7	0	0	3	6	198	6	0	1.25	2.25	3.25	0	0	7	2	0	0	0	0	1	7	7	44	45	0
cost	0	0	0	1	0	7	0	0	0	0	0	10	6	-6	9	7	0	0	0	0	1	0	0	1	0	0	0	0	0	2	7	0	0	7	7	0	0	4	6	198	6	0	1.25	2.25	3.25	0	0	7	2	0	0	0	0	1	7	7	44	45	0
cost	0	0	0	1	0	7	0	0	0	0	0	10	6	-6	9	857	0	0	0	0	1	0	0	1	0	0	0	0	0	2	7	0	0	7	7	0	0	4	6	198	6	0	1.25	2.25	3.25	0	0	7	2	0	0	0	0	1	7	7	44	45	0
cost	0	0	0	1	0	7	0	0	0	0	0	10	6	-6	9	999	0	0	0	0	1	0	0	1	0	0	0	0	0	2	7	0	0	7	7	0	0	4	6	198	6	0	1.25	2.25	3.25	0	0	7	2	0	0	0	0	1	7	7	44	45	0
cost	0	0	0	1	0	7	0	0	0	0	0	10	6	-6	9	-999	0	0	0	0	1	0	0	1	0	0	0	0	0	2	7	0	0	7	7	0	0	4	6	198	6	0	1.25	2.25	3.25	0	0	7	2	0	0	0	0	1	7	7	44	45	0
cost	0	0	0	1	0	7	0	0	0	0	0	10	6	-6	9	1101	0	0	0	0	1	0	0	1	0	0	0	0	0	2	7	0	0	7	7	0	0	4	6	198	6	0	1.25	2.25	3.25	0	0	7	2	0	0	0	0	1	7	7	44	45	0
cost	0	0	0	1	0	7	0	0	0	0	0	10	6	-6	9	1300	0	0	0	0	1	0	0	1	0	0	0	0	0	2	7	0	0	7	7	0	0	4	6	198	6	0	1.25	2.25	3.25	0	0	7	2	0	0	0	0	1	7	7	44	45	0
cost	0	0	0	1	0	7	0	0	0	0	0	0	8	-6	9	7	0	0	0	0	1	0	0	1	0	0	0	0	0	2	7	0	0	7	7	0	0	0	8	200	0	0	1.25	2.25	3.25	0	0	7	2	0	0	0	0	1	7	7	44	45	0
cost	0	0	0	1	0	7	0	0	0	0	0	0	8	-6	9	857	0	0	0	0	1	0	0	1	0	0	0	0	0	2	7	0	0	857	857	0	0	0	8	200	0	0	1.25	2.25	3.25	0	0	7	2	0	0	0	0	1	857	857	44	45	0
cost	0	0	0	1	0	7	0	0	0	0	0	0	8	-6	9	999	0	0	0	0	1	0	0	1	0	0	0	0	0	4	7	0	0	999	999	0	0	0	8	200	0	0	1.25	2.25	3.25	1	999	7	2	1	1	0	0	0	-9999	-9999	-9999	-9999	-9999
cost	0	0	0	1	0	7	0	0	0	0	0	0	8	-6	9	-999	0	0	0	0	1	0	0	1	0	0	0	0	0	4	7	0	0	-999	-999	0	0	0	8	200	0	0	1.25	2.25	3.25	1	-999	7	2	1	1	0	0	0	-9999	-9999	-9999	-9999	-9999
cost	0	0	0	1	0	7	0	0	0	0	0	0	8	-6	9	1101	0	0	0	0	1	0	0	1	0	0	0	0	0	4	7	0	0	1101	1101	0	0	0	8	200	0	0	1.25	2.25	3.25	1	1101	7	2	1	0	1	0	1	0	1101	0	45	-1
cost	0	0	0	1	0	7	0	0	0	0	0	0	8	-6	9	1300	0	0	0	0	1	0	0	1	0	0	0	0	0	4	7	0	0	1300	1300	0	0	0	8	200	0	0	1.25	2.25	3.25	1	1300	7	2	1	1	0	0	0	-9999	-9999	-9999	-9999	-9999
cost	0	0	0	1	0	7	0	0	0	0	0	5	8	-6	9	7	0	0	0	0	1	0	0	1	0	0	0	0	0	2	7	0	0	7	7	0	0	5	8	200	0	0	1.25	2.25	3.25	0	0	7	2	0	0	0	0	1	7	7	44	45	0
cost	0	0	0	1	0	7	0	0	0	0	0	5	8	-6	9	857	0	0	0	0	1	0	0	1	0	0	0	0	0	2	7	0	0	857	857	0	0	5	8	200	0	0	1.25	2.25	3.25	0	0	7	2	0	0	0	0	1	857	857	44	45	0
cost	0	0	0	1	0	7	0	0	0	0	0	5	8	-6	9	999	0	0	0	0	1	0	0	1	0	0	0	0	0	4	7	0	0	999	999	0	0	5	8	200	0	0	1.25	2.25	3.25	1	999	7	2	1	1	0	0	0	-9999	-9999	-9999	-9999	-9999
cost	0	0	0	1	0	7	0	0	0	0	0	5	8	-6	9	-999	0	0	0	0	1	0	0	1	0	0	0	0	0	4	7	0	0	-999	-999	0	0	5	8	200	0	0	1.25	2.25	3.25	1	-999	7	2	1	1	0	0	0	-9999	-9999	-9999	-9999	-9999
cost	0	0	0	1	0	7	0	0	0	0	0	5	8	-6	9	1101	0	0	0	0	1	0	0	1	0	0	0	0	0	4	7	0	0	1101	1101	0	0	5	8	200	0	0	1.25	2.25	3.25	1	1101	7	2	1	0	1	0	1	0	1101	0	45	-1
cost	0	0	0	1	0	7	0	0	0	0	0	5	8	-6	9	1300	0	0	0	0	1	0	0	1	0	0	0	0	0	4	7	0	0	1300	1300	0	0	5	8	200	0	0	1.25	2.25	3.25	1	1300	7	2	1	1	0	0	0	-9999	-9999	-9999	-9999	-9999
cost	0	0	0	1	0	7	0	0	0	0	0	6	8	-6	9	7	0	0	0	0	1	0	0	1	0	0	0	0	0	2	7	0	0	7	7	0	0	0	8	198	6	0	1.25	2.25	3.25	0	0	7	2	0	0	0	0	1	7	7	44	45	0
cost	0	0	0	1	0	7	0	0	0	0	0	6	8	-6	9	857	0	0	0	0	1	0	0	1	0	0	0	0	0	2	7	0	0	7	7	0	0	0	8	198	6	0	1.25	2.25	3.25	0	0	7	2	0	0	0	0	1	7	7	44	45	0
cost	0	0	0	1	0	7	0	0	0	0	0	6	8	-6	9	999	0	0	0	0	1	0	0	1	0	0	0	0	0	2	7	0	0	7	7	0	0	0	8	198	6	0	1.25	2.25	3.25	0	0	7	2	0	0	0	0	1	7	7	44	45	0
cost	0	0	0	1	0	7	0	0	0	0	0	6	8	-6	9	-999	0	0	0	0	1	0	0	1	0	0	0	0	0	2	7	0	0	7	7	0	0	0	8	198	6	0	1.25	2.25	3.25	0	0	7	2	0	0	0	0	1	7	7	44	45	0
cost	0	0	0	1	0	7	0	0	0	0	0	6	8	-6	9	1101	0	0	0	0	1	0	0	1	0	0	0	0	0	2	7	0	0	7	7	0	0	0	8	198	6	0	1.25	2.25	3.25	0	0	7	2	0	0	0	0	1	7	7	44	45	0
cost	0	0	0	1	0	7	0	0	0	0	0	6	8	-6	9	1300	0	0	0	0	1	0	0	1	0	0	0	0	0	2	7	0	0	7	7	0	0	0	8	198	6	0	1.25	2.25	3.25	0	0	7	2	0	0	0	0	1	7	7	44	45	0
cost	0	0	0	1	0	7	0	0	0	0	0	8	8	-6	9	7	0	0	0	0	1	0	0	1	0	0	0	0	0	2	7	0	0	7	7	0	0	2	8	198	6	0	1.25	2.25	3.25	0	0	7	2	0	0	0	0	1	7	7	44	45	0
cost	0	0	0	1	0	7	0	0	0	0	0	8	8	-6	9	857	0	0	0	0	1	0	0	1	0	0	0	0	0	2	7	0	0	7	7	0	0	2	8	198	6	0	1.25	2.25	3.25	0	0	7	2	0	0	0	0	1	7	7	44	45	0
cost	0	0	0	1	0	7	0	0	0	0	0	8	8	-6	9	999	0	0	0	0	1	0	0	1	0	0	0	0	0	2	7	0	0	7	7	0	0	2	8	198	6	0	1.25	2.25	3.25	0	0	7	2	0	0	0	0	1	7	7	44	45	0
cost	0	0	0	1	0	7	0	0	0	0	0	8	8	-6	9	-999	0	0	0	0	1	0	0	1	0	0	0	0	0	2	7	0	0	7	7	0	0	2	8	198	6	0	1.25	2.25	3.25	0	0	7	2	0	0	0	0	1	7	7	44	45	0
cost	0	0	0	1	0	7	0	0	0	0	0	8	8	-6	9	1101	0	0	0	0	1	0	0	1	0	0	0	0	0	2	7	0	0	7	7	0	0	2	8	198	6	0	1.25	2.25	3.25	0	0	7	2	0	0	0	0	1	7	7	44	45	0
cost	0	0	0	1	0	7	0	0	0	0	0	8	8	-6	9	1300	0	0	0	0	1	0	0	1	0	0	0	0	0	2	7	0	0	7	7	0	0	2	8	198	6	0	1.25	2.25	3.25	0	0	7	2	0	0	0	0	1	7	7	44	45	0
cost	0	0	0	1	0	7	0	0	0	0	0	9	8	-6	9	7	0	0	0	0	1	0	0	1	0	0	0	0	0	2	7	0	0	7	7	0	0	3	8	198	6	0	1.25	2.25	3.25	0	0	7	2	0	0	0	0	1	7	7	44	45	0
cost	0	0	0	1	0	7	0	0	0	0	0	9	8	-6	9	857	0	0	0	0	1	0	0	1	0	0	0	0	0	2	7	0	0	7	7	0	0	3	8	198	6	0	1.25	2.25	3.25	0	0	7	2	0	0	0	0	1	7	7	44	45	0
cost	0	0	0	1	0	7	0	0	0	0	0	9	8	-6	9	999	0	0	0	0	1	0	0	1	0	0	0	0	0	2	7	0	0	7	7	0	0	3	8	198	6	0	1.25	2.25	3.25	0	0	7	2	0	0	0	0	1	7	7	44	45	0
cost	0	0	0	1	0	7	0	0	0	0	0	9	8	-6	9	-999	0	0	0	0	1	0	0	1	0	0	0	0	0	2	7	0	0	7	7	0	0	3	8	198	6	0	1.25	2.25	3.25	0	0	7	2	0	0	0	0	1	7	7	44	45	0
cost	0	0	0	1	0	7	0	0	0	0	0	9	8	-6	9	1101	0	0	0	0	1	0	0	1	0	0	0	0	0	2	7	0	0	7	7	0	0	3	8	198	6	0	1.25	2.25	3.25	0	0	7	2	0	0	0	0	1	7	7	44	45	0
cost	0	0	0	1	0	7	0	0	0	0	0	9	8	-6	9	1300	0	0	0	0	1	0	0	1	0	0	0	0	0	2	7	0	0	7	7	0	0	3	8	198	6	0	1.25	2.25	3.25	0	0	7	2	0	0	0	0	1	7	7	44	45	0
cost	0	0	0	1	0	7	0	0	0	0	0	10	8	-6	9	7	0	0	0	0	1	0	0	1	0	0	0	0	0	2	7	0	0	7	7	0	0	4	8	198	6	0	1.25	2.25	3.25	0	0	7	2	0	0	0	0	1	7	7	44	45	0
cost	0	0	0	1	0	7	0	0	0	0	0	10	8	-6	9	857	0	0	0	0	1	0	0	1	0	0	0	0	0	2	7	0	0	7	7	0	0	4	8	198	6	0	1.25	2.25	3.25	0	0	7	2	0	0	0	0	1	7	7	44	45	0
cost	0	0	0	1	0	7	0	0	0	0	0	10	8	-6	9	999	0	0	0	0	1	0	0	1	0	0	0	0	0	2	7	0	0	7	7	0	0	4	8	198	6	0	1.25	2.25	3.25	0	0	7	2	0	0	0	0	1	7	7	44	45	0
cost	0	0	0	1	0	7	0	0	0	0	0	10	8	-6	9	-999	0	0	0	0	1	0	0	1	0	0	0	0	0	2	7	0	0	7	7	0	0	4	8	198	6	0	1.25	2.25	3.25	0	0	7	2	0	0	0	0	1	7	7	44	45	0
cost	0	0	0	1	0	7	0	0	0	0	0	10	8	-6	9	1101	0	0	0	0	1	0	0	1	0	0	0	0	0	2	7	0	0	7	7	0	0	4	8	198	6	0	1.25	2.25	3.25	0	0	7	2	0	0	0	0	1	7	7	44	45	0
cost	0	0	0	1	0	7	0	0	0	0	0	10	8	-6	9	1300	0	0	0	0	1	0	0	1	0	0	0	0	0	2	7	0	0	7	7	0	0	4	8	198	6	0	1.25	2.25	3.25	0	0	7	2	0	0	0	0	1	7	7	44	45	0
cost	0	0	0	1	0	7	0	0	0	0	0	0	9	-6	9	7	0	0	0	0	1	0	0	1	0	0	0	0	0	2	7	0	0	7	7	0	0	0	9	200	0	0	1.25	2.25	3.25	0	0	7	2	0	0	0	0	1	7	7	44	45	0
cost	0	0	0	1	0	7	0	0	0	0	0	0	9	-6	9	857	0	0	0	0	1	0	0	1	0	0	0	0	0	2	7	0	0	857	857	0	0	0	9	200	0	0	1.25	2.25	3.25	0	0	7	2	0	0	0	0	1	857	857	44	45	0
cost	0	0	0	1	0	7	0	0	0	0	0	0	9	-6	9	999	0	0	0	0	1	0	0	1	0	0	0	0	0	4	7	0	0	999	999	0	0	0	9	200	0	0	1.25	2.25	3.25	1	999	7	2	1	1	0	0	0	-9999	-9999	-9999	-9999	-9999
cost	0	0	0	1	0	7	0	0	0	0	0	0	9	-6	9	-999	0	0	0	0	1	0	0	1	0	0	0	0	0	4	7	0	0	-999	-999	0	0	0	9	200	0	0	1.25	2.25	3.25	1	-999	7	2	1	1	0	0	0	-9999	-9999	-9999	-9999	-9999
cost	0	0	0	1	0	7	0	0	0	0	0	0	9	-6	9	1101	0	0	0	0	1	0	0	1	0	0	0	0	0	4	7	0	0	1101	1101	0	0	0	9	200	0	0	1.25	2.25	3.25	1	1101	7	2	1	0	1	0	1	0	1101	0	45	-1
cost	0	0	0	1	0	7	0	0	0	0	0	0	9	-6	9	1300	0	0	0	0	1	0	0	1	0	0	0	0	0	4	7	0	0	1300	1300	0	0	0	9	200	0	0	1.25	2.25	3.25	1	1300	7	2	1	1	0	0	0	-9999	-9999	-9999	-9999	-9999
cost	0	0	0	1	0	7	0	0	0	0	0	5	9	-6	9	7	0	0	0	0	1	0	0	1	0	0	0	0	0	2	7	0	0	7	7	0	0	5	9	200	0	0	1.25	2.25	3.25	0	0	7	2	0	0	0	0	1	7	7	44	45	0
cost	0	0	0	1	0	7	0	0	0	0	0	5	9	-6	9	857	0	0	0	0	1	0	0	1	0	0	0	0	0	2	7	0	0	857	857	0	0	5	9	200	0	0	1.25	2.25	3.25	0	0	7	2	0	0	0	0	1	857	857	44	45	0
cost	0	0	0	1	0	7	0	0	0	0	0	5	9	-6	9	999	0	0	0	0	1	0	0	1	0	0	0	0	0	4	7	0	0	999	999	0	0	5	9	200	0	0	1.25	2.25	3.25	1	999	7	2	1	1	0	0	0	-9999	-9999	-9999	-9999	-9999
cost	0	0	0	1	0	7	0	0	0	0	0	5	9	-6	9	-999	0	0	0	0	1	0	0	1	0	0	0	0	0	4	7	0	0	-999	-999	0	0	5	9	200	0	0	1.25	2.25	3.25	1	-999	7	2	1	1	0	0	0	-9999	-9999	-9999	-9999	-9999
cost	0	0	0	1	0	7	0	0	0	0	0	5	9	-6	9	1101	0	0	0	0	1	0	0	1	0	0	0	0	0	4	7	0	0	1101	1101	0	0	5	9	200	0	0	1.25	2.25	3.25	1	1101	7	2	1	0	1	0	1	0	1101	0	45	-1
cost	0	0	0	1	0	7	0	0	0	0	0	5	9	-6	9	1300	0	0	0	0	1	0	0	1	0	0	0	0	0	4	7	0	0	1300	1300	0	0	5	9	200	0	0	1.25	2.25	3.25	1	1300	7	2	1	1	0	0	0	-9999	-9999	-9999	-9999	-9999
cost	0	0	0	1	0	7	0	0	0	0	0	6	9	-6	9	7	0	0	0	0	1	0	0	1	0	0	0	0	0	2	7	0	0	7	7	0	0	0	9	198	6	0	1.25	2.25	3.25	0	0	7	2	0	0	0	0	1	7	7	44	45	0
cost	0	0	0	1	0	7	0	0	0	0	0	6	9	-6	9	857	0	0	0	0	1	0	0	1	0	0	0	0	0	2	7	0	0	7	7	0	0	0	9	198	6	0	1.25	2.25	3.25	0	0	7	2	0	0	0	0	1	7	7	44	45	0
cost	0	0	0	1	0	7	0	0	0	0	0	6	9	-6	9	999	0	0	0	0	1	0	0	1	0	0	0	0	0	2	7	0	0	7	7	0	0	0	9	198	6	0	1.25	2.25	3.25	0	0	7	2	0	0	0	0	1	7	7	44	45	0
cost	0	0	0	1	0	7	0	0	0	0	0	6	9	-6	9	-999	0	0	0	0	1	0	0	1	0	0	0	0	0	2	7	0	0	7	7	0	0	0	9	198	6	0	1.25	2.25	3.25	0	0	7	2	0	0	0	0	1	7	7	44	45	0
cost	0	0	0	1	0	7	0	0	0	0	0	6	9	-6	9	1101	0	0	0	0	1	0	0	1	0	0	0	0	0	2	7	0	0	7	7	0	0	0	9	198	6	0	1.25	2.25	3.25	0	0	7	2	0	0	0	0	1	7	7	44	45	0
cost	0	0	0	1	0	7	0	0	0	0	0	6	9	-6	9	1300	0	0	0	0	1	0	0	1	0	0	0	0	0	2	7	0	0	7	7	0	0	0	9	198	6	0	1.25	2.25	3.25	0	0	7	2	0	0	0	0	1	7	7	44	45	0
cost	0	0	0	1	0	7	0	0	0	0	0	8	9	-6	9	7	0	0	0	0	1	0	0	1	0	0	0	0	0	2	7	0	0	7	7	0	0	2	9	198	6	0	1.25	2.25	3.25	0	0	7	2	0	0	0	0	1	7	7	44	45	0
cost	0	0	0	1	0	7	0	0	0	0	0	8	9	-6	9	857	0	0	0	0	1	0	0	1	0	0	0	0	0	2	7	0	0	7	7	0	0	2	9	198	6	0	1.25	2.25	3.25	0	0	7	2	0	0	0	0	1	7	7	44	45	0
cost	0	0	0	1	0	7	0	0	0	0	0	8	9	-6	9	999	0	0	0	0	1	0	0	1	0	0	0	0	0	2	7	0	0	7	7	0	0	2	9	198	6	0	1.25	2.25	3.25	0	0	7	2	0	0	0	0	1	7	7	44	45	0
cost	0	0	0	1	0	7	0	0	0	0	0	8	9	-6	9	-999	0	0	0	0	1	0	0	1	0	0	0	0	0	2	7	0	0	7	7	0	0	2	9	198	6	0	1.25	2.25	3.25	0	0	7	2	0	0	0	0	1	7	7	44	45	0
cost	0	0	0	1	0	7	0	0	0	0	0	8	9	-6	9	1101	0	0	0	0	1	0	0	1	0	0	0	0	0	2	7	0	0	7	7	0	0	2	9	198	6	0	1.25	2.25	3.25	0	0	7	2	0	0	0	0	1	7	7	44	45	0
cost	0	0	0	1	0	7	0	0	0	0	0	8	9	-6	9	1300	0	0	0	0	1	0	0	1	0	0	0	0	0	2	7	0	0	7	7	0	0	2	9	198	6	0	1.25	2.25	3.25	0	0	7	2	0	0	0	0	1	7	7	44	45	0
cost	0	0	0	1	0	7	0	0	0	0	0	9	9	-6	9	7	0	0	0	0	1	0	0	1	0	0	0	0	0	2	7	0	0	7	7	0	0	3	9	198	6	0	1.25	2.25	3.25	0	0	7	2	0	0	0	0	1	7	7	44	45	0
cost	0	0	0	1	0	7	0	0	0	0	0	9	9	-6	9	857	0	0	0	0	1	0	0	1	0	0	0	0	0	2	7	0	0	7	7	0	0	3	9	198	6	0	1.25	2.25	3.25	0	0	7	2	0	0	0	0	1	7	7	44	45	0
cost	0	0	0	1	0	7	0	0	0	0	0	9	9	-6	9	999	0	0	0	0	1	0	0	1	0	0	0	0	0	2	7	0	0	7	7	0	0	3	9	198	6	0	1.25	2.25	3.25	0	0	7	2	0	0	0	0	1	7	7	44	45	0
cost	0	0	0	1	0	7	0	0	0	0	0	9	9	-6	9	-999	0	0	0	0	1	0	0	1	0	0	0	0	0	2	7	0	0	7	7	0	0	3	9	198	6	0	1.25	2.25	3.25	0	0	7	2	0	0	0	0	1	7	7	44	45	0
cost	0	0	0	1	0	7	0	0	0	0	0	9	9	-6	9	1101	0	0	0	0	1	0	0	1	0	0	0	0	0	2	7	0	0	7	7	0	0	3	9	198	6	0	1.25	2.25	3.25	0	0	7	2	0	0	0	0	1	7	7	44	45	0
cost	0	0	0	1	0	7	0	0	0	0	0	9	9	-6	9	1300	0	0	0	0	1	0	0	1	0	0	0	0	0	2	7	0	0	7	7	0	0	3	9	198	6	0	1.25	2.25	3.25	0	0	7	2	0	0	0	0	1	7	7	44	45	0
cost	0	0	0	1	0	7	0	0	0	0	0	10	9	-6	9	7	0	0	0	0	1	0	0	1	0	0	0	0	0	2	7	0	0	7	7	0	0	4	9	198	6	0	1.25	2.25	3.25	0	0	7	2	0	0	0	0	1	7	7	44	45	0
cost	0	0	0	1	0	7	0	0	0	0	0	10	9	-6	9	857	0	0	0	0	1	0	0	1	0	0	0	0	0	2	7	0	0	7	7	0	0	4	9	198	6	0	1.25	2.25	3.25	0	0	7	2	0	0	0	0	1	7	7	44	45	0
cost	0	0	0	1	0	7	0	0	0	0	0	10	9	-6	9	999	0	0	0	0	1	0	0	1	0	0	0	0	0	2	7	0	0	7	7	0	0	4	9	198	6	0	1.25	2.25	3.25	0	0	7	2	0	0	0	0	1	7	7	44	45	0
cost	0	0	0	1	0	7	0	0	0	0	0	10	9	-6	9	-999	0	0	0	0	1	0	0	1	0	0	0	0	0	2	7	0	0	7	7	0	0	4	9	198	6	0	1.25	2.25	3.25	0	0	7	2	0	0	0	0	1	7	7	44	45	0
cost	0	0	0	1	0	7	0	0	0	0	0	10	9	-6	9	1101	0	0	0	0	1	0	0	1	0	0	0	0	0	2	7	0	0	7	7	0	0	4	9	198	6	0	1.25	2.25	3.25	0	0	7	2	0	0	0	0	1	7	7	44	45	0
cost	0	0	0	1	0	7	0	0	0	0	0	10	9	-6	9	1300	0	0	0	0	1	0	0	1	0	0	0	0	0	2	7	0	0	7	7	0	0	4	9	198	6	0	1.25	2.25	3.25	0	0	7	2	0	0	0	0	1	7	7	44	45	0
cost	0	0	0	1	0	7	0	0	0	0	0	0	10	-6	9	7	0	0	0	0	1	0	0	1	0	0	0	0	0	2	7	0	0	7	7	0	0	0	10	200	0	0	1.25	2.25	3.25	0	0	7	2	0	0	0	0	1	7	7	44	45	0
cost	0	0	0	1	0	7	0	0	0	0	0	0	10	-6	9	857	0	0	0	0	1	0	0	1	0	0	0	0	0	2	7	0	0	857	857	0	0	0	10	200	0	0	1.25	2.25	3.25	0	0	7	2	0	0	0	0	1	857	857	44	45	0
cost	0	0	0	1	0	7	0	0	0	0	0	0	10	-6	9	999	0	0	0	0	1	0	0	1	0	0	0	0	0	4	7	0	0	999	999	0	0	0	10	200	0	0	1.25	2.25	3.25	1	999	7	2	1	1	0	0	0	-9999	-9999	-9999	-9999	-9999
cost	0	0	0	1	0	7	0	0	0	0	0	0	10	-6	9	-999	0	0	0	0	1	0	0	1	0	0	0	0	0	4	7	0	0	-999	-999	0	0	0	10	200	0	0	1.25	2.25	3.25	1	-999	7	2	1	1	0	0	0	-9999	-9999	-9999	-9999	-9999
cost	0	0	0	1	0	7	0	0	0	0	0	0	10	-6	9	1101	0	0	0	0	1	0	0	1	0	0	0	0	0	4	7	0	0	1101	1101	0	0	0	10	200	0	0	1.25	2.25	3.25	1	1101	7	2	1	0	1	0	1	0	1101	0	45	-1
cost	0	0	0	1	0	7	0	0	0	0	0	0	10	-6	9	1300	0	0	0	0	1	0	0	1	0	0	0	0	0	4	7	0	0	1300	1300	0	0	0	10	200	0	0	1.25	2.25	3.25	1	1300	7	2	1	1	0	0	0	-9999	-9999	-9999	-9999	-9999
cost	0	0	0	1	0	7	0	0	0	0	0	5	10	-6	9	7	0	0	0	0	1	0	0	1	0	0	0	0	0	2	7	0	0	7	7	0	0	5	10	200	0	0	1.25	2.25	3.25	0	0	7	2	0	0	0	0	1	7	7	44	45	0
cost	0	0	0	1	0	7	0	0	0	0	0	5	10	-6	9	857	0	0	0	0	1	0	0	1	0	0	0	0	0	2	7	0	0	857	857	0	0	5	10	200	0	0	1.25	2.25	3.25	0	0	7	2	0	0	0	0	1	857	857	44	45	0
cost	0	0	0	1	0	7	0	0	0	0	0	5	10	-6	9	999	0	0	0	0	1	0	0	1	0	0	0	0	0	4	7	0	0	999	999	0	0	5	10	200	0	0	1.25	2.25	3.25	1	999	7	2	1	1	0	0	0	-9999	-9999	-9999	-9999	-9999
cost	0	0	0	1	0	7	0	0	0	0	0	5	10	-6	9	-999	0	0	0	0	1	0	0	1	0	0	0	0	0	4	7	0	0	-999	-999	0	0	5	10	200	0	0	1.25	2.25	3.25	1	-999	7	2	1	1	0	0	0	-9999	-9999	-9999	-9999	-9999
cost	0	0	0	1	0	7	0	0	0	0	0	5	10	-6	9	1101	0	0	0	0	1	0	0	1	0	0	0	0	0	4	7	0	0	1101	1101	0	0	5	10	200	0	0	1.25	2.25	3.25	1	1101	7	2	1	0	1	0	1	0	1101	0	45	-1
cost	0	0	0	1	0	7	0	0	0	0	0	5	10	-6	9	1300	0	0	0	0	1	0	0	1	0	0	0	0	0	4	7	0	0	1300	1300	0	0	5	10	200	0	0	1.25	2.25	3.25	1	1300	7	2	1	1	0	0	0	-9999	-9999	-9999	-9999	-9999
cost	0	0	0	1	0	7	0	0	0	0	0	6	10	-6	9	7	0	0	0	0	1	0	0	1	0	0	0	0	0	2	7	0	0	7	7	0	0	0	10	198	6	0	1.25	2.25	3.25	0	0	7	2	0	0	0	0	1	7	7	44	45	0
cost	0	0	0	1	0	7	0	0	0	0	0	6	10	-6	9	857	0	0	0	0	1	0	0	1	0	0	0	0	0	2	7	0	0	7	7	0	0	0	10	198	6	0	1.25	2.25	3.25	0	0	7	2	0	0	0	0	1	7	7	44	45	0
cost	0	0	0	1	0	7	0	0	0	0	0	6	10	-6	9	999	0	0	0	0	1	0	0	1	0	0	0	0	0	2	7	0	0	7	7	0	0	0	10	198	6	0	1.25	2.25	3.25	0	0	7	2	0	0	0	0	1	7	7	44	45	0
cost	0	0	0	1	0	7	0	0	0	0	0	6	10	-6	9	-999	0	0	0	0	1	0	0	1	0	0	0	0	0	2	7	0	0	7	7	0	0	0	10	198	6	0	1.25	2.25	3.25	0	0	7	2	0	0	0	0	1	7	7	44	45	0
cost	0	0	0	1	0	7	0	0	0	0	0	6	10	-6	9	1101	0	0	0	0	1	0	0	1	0	0	0	0	0	2	7	0	0	7	7	0	0	0	10	198	6	0	1.25	2.25	3.25	0	0	7	2	0	0	0	0	1	7	7	44	45	0
cost	0	0	0	1	0	7	0	0	0	0	0	6	10	-6	9	1300	0	0	0	0	1	0	0	1	0	0	0	0	0	2	7	0	0	7	7	0	0	0	10	198	6	0	1.25	2.25	3.25	0	0	7	2	0	0	0	0	1	7	7	44	45	0
cost	0	0	0	1	0	7	0	0	0	0	0	8	10	-6	9	7	0	0	0	0	1	0	0	1	0	0	0	0	0	2	7	0	0	7	7	0	0	2	10	198	6	0	1.25	2.25	3.25	0	0	7	2	0	0	0	0	1	7	7	44	45	0
cost	0	0	0	1	0	7	0	0	0	0	0	8	10	-6	9	857	0	0	0	0	1	0	0	1	0	0	0	0	0	2	7	0	0	7	7	0	0	2	10	198	6	0	1.25	2.25	3.25	0	0	7	2	0	0	0	0	1	7	7	44	45	0
cost	0	0	0	1	0	7	0	0	0	0	0	8	10	-6	9	999	0	0	0	0	1	0	0	1	0	0	0	0	0	2	7	0	0	7	7	0	0	2	10	198	6	0	1.25	2.25	3.25	0	0	7	2	0	0	0	0	1	7	7	44	45	0
cost	0	0	0	1	0	7	0	0	0	0	0	8	10	-6	9	-999	0	0	0	0	1	0	0	1	0	0	0	0	0	2	7	0	0	7	7	0	0	2	10	198	6	0	1.25	2.25	3.25	0	0	7	2	0	0	0	0	1	7	7	44	45	0
cost	0	0	0	1	0	7	0	0	0	0	0	8	10	-6	9	1101	0	0	0	0	1	0	0	1	0	0	0	0	0	2	7	0	0	7	7	0	0	2	10	198	6	0	1.25	2.25	3.25	0	0	7	2	0	0	0	0	1	7	7	44	45	0
cost	0	0	0	1	0	7	0	0	0	0	0	8	10	-6	9	1300	0	0	0	0	1	0	0	1	0	0	0	0	0	2	7	0	0	7	7	0	0	2	10	198	6	0	1.25	2.25	3.25	0	0	7	2	0	0	0	0	1	7	7	44	45	0
cost	0	0	0	1	0	7	0	0	0	0	0	9	10	-6	9	7	0	0	0	0	1	0	0	1	0	0	0	0	0	2	7	0	0	7	7	0	0	3	10	198	6	0	1.25	2.25	3.25	0	0	7	2	0	0	0	0	1	7	7	44	45	0
cost	0	0	0	1	0	7	0	0	0	0	0	9	10	-6	9	857	0	0	0	0	1	0	0	1	0	0	0	0	0	2	7	0	0	7	7	0	0	3	10	198	6	0	1.25	2.25	3.25	0	0	7	2	0	0	0	0	1	7	7	44	45	0
cost	0	0	0	1	0	7	0	0	0	0	0	9	10	-6	9	999	0	0	0	0	1	0	0	1	0	0	0	0	0	2	7	0	0	7	7	0	0	3	10	198	6	0	1.25	2.25	3.25	0	0	7	2	0	0	0	0	1	7	7	44	45	0
cost	0	0	0	1	0	7	0	0	0	0	0	9	10	-6	9	-999	0	0	0	0	1	0	0	1	0	0	0	0	0	2	7	0	0	7	7	0	0	3	10	198	6	0	1.25	2.25	3.25	0	0	7	2	0	0	0	0	1	7	7	44	45	0
cost	0	0	0	1	0	7	0	0	0	0	0	9	10	-6	9	1101	0	0	0	0	1	0	0	1	0	0	0	0	0	2	7	0	0	7	7	0	0	3	10	198	6	0	1.25	2.25	3.25	0	0	7	2	0	0	0	0	1	7	7	44	45	0
cost	0	0	0	1	0	7	0	0	0	0	0	9	10	-6	9	1300	0	0	0	0	1	0	0	1	0	0	0	0	0	2	7	0	0	7	7	0	0	3	10	198	6	0	1.25	2.25	3.25	0	0	7	2	0	0	0	0	1	7	7	44	45	0
cost	0	0	0	1	0	7	0	0	0	0	0	10	10	-6	9	7	0	0	0	0	1	0	0	1	0	0	0	0	0	2	7	0	0	7	7	0	0	4	10	198	6	0	1.25	2.25	3.25	0	0	7	2	0	0	0	0	1	7	7	44	45	0
cost	0	0	0	1	0	7	0	0	0	0	0	10	10	-6	9	857	0	0	0	0	1	0	0	1	0	0	0	0	0	2	7	0	0	7	7	0	0	4	10	198	6	0	1.25	2.25	3.25	0	0	7	2	0	0	0	0	1	7	7	44	45	0
cost	0	0	0	1	0	7	0	0	0	0	0	10	10	-6	9	999	0	0	0	0	1	0	0	1	0	0	0	0	0	2	7	0	0	7	7	0	0	4	10	198	6	0	1.25	2.25	3.25	0	0	7	2	0	0	0	0	1	7	7	44	45	0
cost	0	0	0	1	0	7	0	0	0	0	0	10	10	-6	9	-999	0	0	0	0	1	0	0	1	0	0	0	0	0	2	7	0	0	7	7	0	0	4	10	198	6	0	1.25	2.25	3.25	0	0	7	2	0	0	0	0	1	7	7	44	45	0
cost	0	0	0	1	0	7	0	0	0	0	0	10	10	-6	9	1101	0	0	0	0	1	0	0	1	0	0	0	0	0	2	7	0	0	7	7	0	0	4	10	198	6	0	1.25	2.25	3.25	0	0	7	2	0	0	0	0	1	7	7	44	45	0
cost	0	0	0	1	0	7	0	0	0	0	0	10	10	-6	9	1300	0	0	0	0	1	0	0	1	0	0	0	0	0	2	7	0	0	7	7	0	0	4	10	198	6	0	1.25	2.25	3.25	0	0	7	2	0	0	0	0	1	7	7	44	45	0
cost	0	0	0	1	0	7	0	0	0	0	0	0	0	0	9	7	0	0	0	0	1	0	0	1	0	0	0	0	0	2	7	0	0	7	7	0	0	0	0	200	0	0	1.25	2.25	3.25	0	0	7	2	0	0	0	0	1	7	7	44	45	0
cost	0	0	0	1	0	7	0	0	0	0	0	0	0	0	9	857	0	0	0	0	1	0	0	1	0	0	0	0	0	2	7	0	0	7	7	0	0	0	0	200	0	0	1.25	2.25	3.25	0	0	7	2	0	0	0	0	1	7	7	44	45	0
cost	0	0	0	1	0	7	0	0	0	0	0	0	0	0	9	999	0	0	0	0	1	0	0	1	0	0	0	0	0	2	7	0	0	7	7	0	0	0	0	200	0	0	1.25	2.25	3.25	0	0	7	2	0	0	0	0	1	7	7	44	45	0
cost	0	0	0	1	0	7	0	0	0	0	0	0	0	0	9	-999	0	0	0	0	1	0	0	1	0	0	0	0	0	2	7	0	0	7	7	0	0	0	0	200	0	0	1.25	2.25	3.25	0	0	7	2	0	0	0	0	1	7	7	44	45	0
cost	0	0	0	1	0	7	0	0	0	0	0	0	0	0	9	1101	0	0	0	0	1	0	0	1	0	0	0	0	0	2	7	0	0	7	7	0	0	0	0	200	0	0	1.25	2.25	3.25	0	0	7	2	0	0	0	0	1	7	7	44	45	0
cost	0	0	0	1	0	7	0	0	0	0	0	0	0	0	9	1300	0	0	0	0	1	0	0	1	0	0	0	0	0	2	7	0	0	7	7	0	0	0	0	200	0	0	1.25	2.25	3.25	0	0	7	2	0	0	0	0	1	7	7	44	45	0
cost	0	0	0	1	0	7	0	0	0	0	0	5	0	0	9	7	0	0	0	0	1	0	0	1	0	0	0	0	0	2	7	0	0	7	7	0	0	5	0	200	0	0	1.25	2.25	3.25	0	0	7	2	0	0	0	0	1	7	7	44	45	0
cost	0	0	0	1	0	7	0	0	0	0	0	5	0	0	9	857	0	0	0	0	1	0	0	1	0	0	0	0	0	2	7	0	0	7	7	0	0	5	0	200	0	0	1.25	2.25	3.25	0	0	7	2	0	0	0	0	1	7	7	44	45	0
cost	0	0	0	1	0	7	0	0	0	0	0	5	0	0	9	999	0	0	0	0	1	0	0	1	0	0	0	0	0	2	7	0	0	7	7	0	0	5	0	200	0	0	1.25	2.25	3.25	0	0	7	2	0	0	0	0	1	7	7	44	45	0
cost	0	0	0	1	0	7	0	0	0	0	0	5	0	0	9	-999	0	0	0	0	1	0	0	1	0	0	0	0	0	2	7	0	0	7	7	0	0	5	0	200	0	0	1.25	2.25	3.25	0	0	7	2	0	0	0	0	1	7	7	44	45	0
cost	0	0	0	1	0	7	0	0	0	0	0	5	0	0	9	1101	0	0	0	0	1	0	0	1	0	0	0	0	0	2	7	0	0	7	7	0	0	5	0	200	0	0	1.25	2.25	3.25	0	0	7	2	0	0	0	0	1	7	7	44	45	0
cost	0	0	0	1	0	7	0	0	0	0	0	5	0	0	9	1300	0	0	0	0	1	0	0	1	0	0	0	0	0	2	7	0	0	7	7	0	0	5	0	200	0	0	1.25	2.25	3.25	0	0	7	2	0	0	0	0	1	7	7	44	45	0
cost	0	0	0	1	0	7	0	0	0	0	0	6	0	0	9	7	0	0	0	0	1	0	0	1	0	0	0	0	0	2	7	0	0	7	7	0	0	6	0	200	0	0	1.25	2.25	3.25	0	0	7	2	0	0	0	0	1	7	7	44	45	0
cost	0	0	0	1	0	7	0	0	0	0	0	6	0	0	9	857	0	0	0	0	1	0	0	1	0	0	0	0	0	2	7	0	0	7	7	0	0	6	0	200	0	0	1.25	2.25	3.25	0	0	7	2	0	0	0	0	1	7	7	44	45	0
cost	0	0	0	1	0	7	0	0	0	0	0	6	0	0	9	999	0	0	0	0	1	0	0	1	0	0	0	0	0	2	7	0	0	7	7	0	0	6	0	200	0	0	1.25	2.25	3.25	0	0	7	2	0	0	0	0	1	7	7	44	45	0
cost	0	0	0	1	0	7	0	0	0	0	0	6	0	0	9	-999	0	0	0	0	1	0	0	1	0	0	0	0	0	2	7	0	0	7	7	0	0	6	0	200	0	0	1.25	2.25	3.25	0	0	7	2	0	0	0	0	1	7	7	44	45	0
cost	0	0	0	1	0	7	0	0	0	0	0	6	0	0	9	1101	0	0	0	0	1	0	0	1	0	0	0	0	0	2	7	0	0	7	7	0	0	6	0	200	0	0	1.25	2.25	3.25	0	0	7	2	0	0	0	0	1	7	7	44	45	0
cost	0	0	0	1	0	7	0	0	0	0	0	6	0	0	9	1300	0	0	0	0	1	0	0	1	0	0	0	0	0	2	7	0	0	7	7	0	0	6	0	200	0	0	1.25	2.25	3.25	0	0	7	2	0	0	0	0	1	7	7	44	45	0
cost	0	0	0	1	0	7	0	0	0	0	0	8	0	0	9	7	0	0	0	0	1	0	0	1	0	0	0	0	0	2	7	0	0	7	7	0	0	8	0	200	0	0	1.25	2.25	3.25	0	0	7	2	0	0	0	0	1	7	7	44	45	0
cost	0	0	0	1	0	7	0	0	0	0	0	8	0	0	9	857	0	0	0	0	1	0	0	1	0	0	0	0	0	2	7	0	0	7	7	0	0	8	0	200	0	0	1.25	2.25	3.25	0	0	7	2	0	0	0	0	1	7	7	44	45	0
cost	0	0	0	1	0	7	0	0	0	0	0	8	0	0	9	999	0	0	0	0	1	0	0	1	0	0	0	0	0	2	7	0	0	7	7	0	0	8	0	200	0	0	1.25	2.25	3.25	0	0	7	2	0	0	0	0	1	7	7	44	45	0
cost	0	0	0	1	0	7	0	0	0	0	0	8	0	0	9	-999	0	0	0	0	1	0	0	1	0	0	0	0	0	2	7	0	0	7	7	0	0	8	0	200	0	0	1.25	2.25	3.25	0	0	7	2	0	0	0	0	1	7	7	44	45	0
cost	0	0	0	1	0	7	0	0	0	0	0	8	0	0	9	1101	0	0	0	0	1	0	0	1	0	0	0	0	0	2	7	0	0	7	7	0	0	8	0	200	0	0	1.25	2.25	3.25	0	0	7	2	0	0	0	0	1	7	7	44	45	0
cost	0	0	0	1	0	7	0	0	0	0	0	8	0	0	9	1300	0	0	0	0	1	0	0	1	0	0	0	0	0	2	7	0	0	7	7	0	0	8	0	200	0	0	1.25	2.25	3.25	0	0	7	2	0	0	0	0	1	7	7	44	45	0
cost	0	0	0	1	0	7	0	0	0	0	0	9	0	0	9	7	0	0	0	0	1	0	0	1	0	0	0	0	0	2	7	0	0	7	7	0	0	9	0	200	0	0	1.25	2.25	3.25	0	0	7	2	0	0	0	0	1	7	7	44	45	0
cost	0	0	0	1	0	7	0	0	0	0	0	9	0	0	9	857	0	0	0	0	1	0	0	1	0	0	0	0	0	2	7	0	0	7	7	0	0	9	0	200	0	0	1.25	2.25	3.25	0	0	7	2	0	0	0	0	1	7	7	44	45	0
cost	0	0	0	1	0	7	0	0	0	0	0	9	0	0	9	999	0	0	0	0	1	0	0	1	0	0	0	0	0	2	7	0	0	7	7	0	0	9	0	200	0	0	1.25	2.25	3.25	0	0	7	2	0	0	0	0	1	7	7	44	45	0
cost	0	0	0	1	0	7	0	0	0	0	0	9	0	0	9	-999	0	0	0	0	1	0	0	1	0	0	0	0	0	2	7	0	0	7	7	0	0	9	0	200	0	0	1.25	2.25	3.25	0	0	7	2	0	0	0	0	1	7	7	44	45	0
cost	0	0	0	1	0	7	0	0	0	0	0	9	0	0	9	1101	0	0	0	0	1	0	0	1	0	0	0	0	0	2	7	0	0	7	7	0	0	9	0	200	0	0	1.25	2.25	3.25	0	0	7	2	0	0	0	0	1	7	7	44	45	0
cost	0	0	0	1	0	7	0	0	0	0	0	9	0	0	9	1300	0	0	0	0	1	0	0	1	0	0	0	0	0	2	7	0	0	7	7	0	0	9	0	200	0	0	1.25	2.25	3.25	0	0	7	2	0	0	0	0	1	7	7	44	45	0
cost	0	0	0	1	0	7	0	0	0	0	0	10	0	0	9	7	0	0	0	0	1	0	0	1	0	0	0	0	0	2	7	0	0	7	7	0	0	10	0	200	0	0	1.25	2.25	3.25	0	0	7	2	0	0	0	0	1	7	7	44	45	0
cost	0	0	0	1	0	7	0	0	0	0	0	10	0	0	9	857	0	0	0	0	1	0	0	1	0	0	0	0	0	2	7	0	0	7	7	0	0	10	0	200	0	0	1.25	2.25	3.25	0	0	7	2	0	0	0	0	1	7	7	44	45	0
cost	0	0	0	1	0	7	0	0	0	0	0	10	0	0	9	999	0	0	0	0	1	0	0	1	0	0	0	0	0	2	7	0	0	7	7	0	0	10	0	200	0	0	1.25	2.25	3.25	0	0	7	2	0	0	0	0	1	7	7	44	45	0
cost	0	0	0	1	0	7	0	0	0	0	0	10	0	0	9	-999	0	0	0	0	1	0	0	1	0	0	0	0	0	2	7	0	0	7	7	0	0	10	0	200	0	0	1.25	2.25	3.25	0	0	7	2	0	0	0	0	1	7	7	44	45	0
cost	0	0	0	1	0	7	0	0	0	0	0	10	0	0	9	1101	0	0	0	0	1	0	0	1	0	0	0	0	0	2	7	0	0	7	7	0	0	10	0	200	0	0	1.25	2.25	3.25	0	0	7	2	0	0	0	0	1	7	7	44	45	0
cost	0	0	0	1	0	7	0	0	0	0	0	10	0	0	9	1300	0	0	0	0	1	0	0	1	0	0	0	0	0	2	7	0	0	7	7	0	0	10	0	200	0	0	1.25	2.25	3.25	0	0	7	2	0	0	0	0	1	7	7	44	45	0
cost	0	0	0	1	0	7	0	0	0	0	0	0	5	0	9	7	0	0	0	0	1	0	0	1	0	0	0	0	0	2	7	0	0	7	7	0	0	0	5	200	0	0	1.25	2.25	3.25	0	0	7	2	0	0	0	0	1	7	7	44	45	0
cost	0	0	0	1	0	7	0	0	0	0	0	0	5	0	9	857	0	0	0	0	1	0	0	1	0	0	0	0	0	2	7	0	0	7	7	0	0	0	5	200	0	0	1.25	2.25	3.25	0	0	7	2	0	0	0	0	1	7	7	44	45	0
cost	0	0	0	1	0	7	0	0	0	0	0	0	5	0	9	999	0	0	0	0	1	0	0	1	0	0	0	0	0	2	7	0	0	7	7	0	0	0	5	200	0	0	1.25	2.25	3.25	0	0	7	2	0	0	0	0	1	7	7	44	45	0
cost	0	0	0	1	0	7	0	0	0	0	0	0	5	0	9	-999	0	0	0	0	1	0	0	1	0	0	0	0	0	2	7	0	0	7	7	0	0	0	5	200	0	0	1.25	2.25	3.25	0	0	7	2	0	0	0	0	1	7	7	44	45	0
cost	0	0	0	1	0	7	0	0	0	0	0	0	5	0	9	1101	0	0	0	0	1	0	0	1	0	0	0	0	0	2	7	0	0	7	7	0	0	0	5	200	0	0	1.25	2.25	3.25	0	0	7	2	0	0	0	0	1	7	7	44	45	0
cost	0	0	0	1	0	7	0	0	0	0	0	0	5	0	9	1300	0	0	0	0	1	0	0	1	0	0	0	0	0	2	7	0	0	7	7	0	0	0	5	200	0	0	1.25	2.25	3.25	0	0	7	2	0	0	0	0	1	7	7	44	45	0
cost	0	0	0	1	0	7	0	0	0	0	0	5	5	0	9	7	0	0	0	0	1	0	0	1	0	0	0	0	0	2	7	0	0	7	7	0	0	5	5	200	0	0	1.25	2.25	3.25	0	0	7	2	0	0	0	0	1	7	7	44	45	0
cost	0	0	0	1	0	7	0	0	0	0	0	5	5	0	9	857	0	0	0	0	1	0	0	1	0	0	0	0	0	2	7	0	0	7	7	0	0	5	5	200	0	0	1.25	2.25	3.25	0	0	7	2	0	0	0	0	1	7	7	44	45	0
cost	0	0	0	1	0	7	0	0	0	0	0	5	5	0	9	999	0	0	0	0	1	0	0	1	0	0	0	0	0	2	7	0	0	7	7	0	0	5	5	200	0	0	1.25	2.25	3.25	0	0	7	2	0	0	0	0	1	7	7	44	45	0
cost	0	0	0	1	0	7	0	0	0	0	0	5	5	0	9	-999	0	0	0	0	1	0	0	1	0	0	0	0	0	2	7	0	0	7	7	0	0	5	5	200	0	0	1.25	2.25	3.25	0	0	7	2	0	0	0	0	1	7	7	44	45	0
cost	0	0	0	1	0	7	0	0	0	0	0	5	5	0	9	1101	0	0	0	0	1	0	0	1	0	0	0	0	0	2	7	0	0	7	7	0	0	5	5	200	0	0	1.25	2.25	3.25	0	0	7	2	0	0	0	0	1	7	7	44	45	0
cost	0	0	0	1	0	7	0	0	0	0	0	5	5	0	9	1300	0	0	0	0	1	0	0	1	0	0	0	0	0	2	7	0	0	7	7	0	0	5	5	200	0	0	1.25	2.25	3.25	0	0	7	2	0	0	0	0	1	7	7	44	45	0
cost	0	0	0	1	0	7	0	0	0	0	0	6	5	0	9	7	0	0	0	0	1	0	0	1	0	0	0	0	0	2	7	0	0	7	7	0	0	6	5	200	0	0	1.25	2.25	3.25	0	0	7	2	0	0	0	0	1	7	7	44	45	0
cost	0	0	0	1	0	7	0	0	0	0	0	6	5	0	9	857	0	0	0	0	1	0	0	1	0	0	0	0	0	2	7	0	0	7	7	0	0	6	5	200	0	0	1.25	2.25	3.25	0	0	7	2	0	0	0	0	1	7	7	44	45	0
cost	0	0	0	1	0	7	0	0	0	0	0	6	5	0	9	999	0	0	0	0	1	0	0	1	0	0	0	0	0	2	7	0	0	7	7	0	0	6	5	200	0	0	1.25	2.25	3.25	0	0	7	2	0	0	0	0	1	7	7	44	45	0
cost	0	0	0	1	0	7	0	0	0	0	0	6	5	0	9	-999	0	0	0	0	1	0	0	1	0	0	0	0	0	2	7	0	0	7	7	0	0	6	5	200	0	0	1.25	2.25	3.25	0	0	7	2	0	0	0	0	1	7	7	44	45	0
cost	0	0	0	1	0	7	0	0	0	0	0	6	5	0	9	1101	0	0	0	0	1	0	0	1	0	0	0	0	0	2	7	0	0	7	7	0	0	6	5	200	0	0	1.25	2.25	3.25	0	0	7	2	0	0	0	0	1	7	7	44	45	0
cost	0	0	0	1	0	7	0	0	0	0	0	6	5	0	9	1300	0	0	0	0	1	0	0	1	0	0	0	0	0	2	7	0	0	7	7	0	0	6	5	200	0	0	1.25	2.25	3.25	0	0	7	2	0	0	0	0	1	7	7	44	45	0
cost	0	0	0	1	0	7	0	0	0	0	0	8	5	0	9	7	0	0	0	0	1	0	0	1	0	0	0	0	0	2	7	0	0	7	7	0	0	8	5	200	0	0	1.25	2.25	3.25	0	0	7	2	0	0	0	0	1	7	7	44	45	0
cost	0	0	0	1	0	7	0	0	0	0	0	8	5	0	9	857	0	0	0	0	1	0	0	1	0	0	0	0	0	2	7	0	0	7	7	0	0	8	5	200	0	0	1.25	2.25	3.25	0	0	7	2	0	0	0	0	1	7	7	44	45	0
cost	0	0	0	1	0	7	0	0	0	0	0	8	5	0	9	999	0	0	0	0	1	0	0	1	0	0	0	0	0	2	7	0	0	7	7	0	0	8	5	200	0	0	1.25	2.25	3.25	0	0	7	2	0	0	0	0	1	7	7	44	45	0
cost	0	0	0	1	0	7	0	0	0	0	0	8	5	0	9	-999	0	0	0	0	1	0	0	1	0	0	0	0	0	2	7	0	0	7	7	0	0	8	5	200	0	0	1.25	2.25	3.25	0	0	7	2	0	0	0	0	1	7	7	44	45	0
cost	0	0	0	1	0	7	0	0	0	0	0	8	5	0	9	1101	0	0	0	0	1	0	0	1	0	0	0	0	0	2	7	0	0	7	7	0	0	8	5	200	0	0	1.25	2.25	3.25	0	0	7	2	0	0	0	0	1	7	7	44	45	0
cost	0	0	0	1	0	7	0	0	0	0	0	8	5	0	9	1300	0	0	0	0	1	0	0	1	0	0	0	0	0	2	7	0	0	7	7	0	0	8	5	200	0	0	1.25	2.25	3.25	0	0	7	2	0	0	0	0	1	7	7	44	45	0
cost	0	0	0	1	0	7	0	0	0	0	0	9	5	0	9	7	0	0	0	0	1	0	0	1	0	0	0	0	0	2	7	0	0	7	7	0	0	9	5	200	0	0	1.25	2.25	3.25	0	0	7	2	0	0	0	0	1	7	7	44	45	0
cost	0	0	0	1	0	7	0	0	0	0	0	9	5	0	9	857	0	0	0	0	1	0	0	1	0	0	0	0	0	2	7	0	0	7	7	0	0	9	5	200	0	0	1.25	2.25	3.25	0	0	7	2	0	0	0	0	1	7	7	44	45	0
cost	0	0	0	1	0	7	0	0	0	0	0	9	5	0	9	999	0	0	0	0	1	0	0	1	0	0	0	0	0	2	7	0	0	7	7	0	0	9	5	200	0	0	1.25	2.25	3.25	0	0	7	2	0	0	0	0	1	7	7	44	45	0
cost	0	0	0	1	0	7	0	0	0	0	0	9	5	0	9	-999	0	0	0	0	1	0	0	1	0	0	0	0	0	2	7	0	0	7	7	0	0	9	5	200	0	0	1.25	2.25	3.25	0	0	7	2	0	0	0	0	1	7	7	44	45	0
cost	0	0	0	1	0	7	0	0	0	0	0	9	5	0	9	1101	0	0	0	0	1	0	0	1	0	0	0	0	0	2	7	0	0	7	7	0	0	9	5	200	0	0	1.25	2.25	3.25	0	0	7	2	0	0	0	0	1	7	7	44	45	0
cost	0	0	0	1	0	7	0	0	0	0	0	9	5	0	9	1300	0	0	0	0	1	0	0	1	0	0	0	0	0	2	7	0	0	7	7	0	0	9	5	200	0	0	1.25	2.25	3.25	0	0	7	2	0	0	0	0	1	7	7	44	45	0
cost	0	0	0	1	0	7	0	0	0	0	0	10	5	0	9	7	0	0	0	0	1	0	0	1	0	0	0	0	0	2	7	0	0	7	7	0	0	10	5	200	0	0	1.25	2.25	3.25	0	0	7	2	0	0	0	0	1	7	7	44	45	0
cost	0	0	0	1	0	7	0	0	0	0	0	10	5	0	9	857	0	0	0	0	1	0	0	1	0	0	0	0	0	2	7	0	0	7	7	0	0	10	5	200	0	0	1.25	2.25	3.25	0	0	7	2	0	0	0	0	1	7	7	44	45	0
cost	0	0	0	1	0	7	0	0	0	0	0	10	5	0	9	999	0	0	0	0	1	0	0	1	0	0	0	0	0	2	7	0	0	7	7	0	0	10	5	200	0	0	1.25	2.25	3.25	0	0	7	2	0	0	0	0	1	7	7	44	45	0
cost	0	0	0	1	0	7	0	0	0	0	0	10	5	0	9	-999	0	0	0	0	1	0	0	1	0	0	0	0	0	2	7	0	0	7	7	0	0	10	5	200	0	0	1.25	2.25	3.25	0	0	7	2	0	0	0	0	1	7	7	44	45	0
cost	0	0	0	1	0	7	0	0	0	0	0	10	5	0	9	1101	0	0	0	0	1	0	0	1	0	0	0	0	0	2	7	0	0	7	7	0	0	10	5	200	0	0	1.25	2.25	3.25	0	0	7	2	0	0	0	0	1	7	7	44	45	0
cost	0	0	0	1	0	7	0	0	0	0	0	10	5	0	9	1300	0	0	0	0	1	0	0	1	0	0	0	0	0	2	7	0	0	7	7	0	0	10	5	200	0	0	1.25	2.25	3.25	0	0	7	2	0	0	0	0	1	7	7	44	45	0
cost	0	0	0	1	0	7	0	0	0	0	0	0	6	0	9	7	0	0	0	0	1	0	0	1	0	0	0	0	0	2	7	0	0	7	7	0	0	0	6	200	0	0	1.25	2.25	3.25	0	0	7	2	0	0	0	0	1	7	7	44	45	0
cost	0	0	0	1	0	7	0	0	0	0	0	0	6	0	9	857	0	0	0	0	1	0	0	1	0	0	0	0	0	2	7	0	0	7	7	0	0	0	6	200	0	0	1.25	2.25	3.25	0	0	7	2	0	0	0	0	1	7	7	44	45	0
cost	0	0	0	1	0	7	0	0	0	0	0	0	6	0	9	999	0	0	0	0	1	0	0	1	0	0	0	0	0	2	7	0	0	7	7	0	0	0	6	200	0	0	1.25	2.25	3.25	0	0	7	2	0	0	0	0	1	7	7	44	45	0
cost	0	0	0	1	0	7	0	0	0	0	0	0	6	0	9	-999	0	0	0	0	1	0	0	1	0	0	0	0	0	2	7	0	0	7	7	0	0	0	6	200	0	0	1.25	2.25	3.25	0	0	7	2	0	0	0	0	1	7	7	44	45	0
cost	0	0	0	1	0	7	0	0	0	0	0	0	6	0	9	1101	0	0	0	0	1	0	0	1	0	0	0	0	0	2	7	0	0	7	7	0	0	0	6	200	0	0	1.25	2.25	3.25	0	0	7	2	0	0	0	0	1	7	7	44	45	0
cost	0	0	0	1	0	7	0	0	0	0	0	0	6	0	9	1300	0	0	0	0	1	0	0	1	0	0	0	0	0	2	7	0	0	7	7	0	0	0	6	200	0	0	1.25	2.25	3.25	0	0	7	2	0	0	0	0	1	7	7	44	45	0
cost	0	0	0	1	0	7	0	0	0	0	0	5	6	0	9	7	0	0	0	0	1	0	0	1	0	0	0	0	0	2	7	0	0	7	7	0	0	5	6	200	0	0	1.25	2.25	3.25	0	0	7	2	0	0	0	0	1	7	7	44	45	0
cost	0	0	0	1	0	7	0	0	0	0	0	5	6	0	9	857	0	0	0	0	1	0	0	1	0	0	0	0	0	2	7	0	0	7	7	0	0	5	6	200	0	0	1.25	2.25	3.25	0	0	7	2	0	0	0	0	1	7	7	44	45	0
cost	0	0	0	1	0	7	0	0	0	0	0	5	6	0	9	999	0	0	0	0	1	0	0	1	0	0	0	0	0	2	7	0	0	7	7	0	0	5	6	200	0	0	1.25	2.25	3.25	0	0	7	2	0	0	0	0	1	7	7	44	45	0
cost	0	0	0	1	0	7	0	0	0	0	0	5	6	0	9	-999	0	0	0	0	1	0	0	1	0	0	0	0	0	2	7	0	0	7	7	0	0	5	6	200	0	0	1.25	2.25	3.25	0	0	7	2	0	0	0	0	1	7	7	44	45	0
cost	0	0	0	1	0	7	0	0	0	0	0	5	6	0	9	1101	0	0	0	0	1	0	0	1	0	0	0	0	0	2	7	0	0	7	7	0	0	5	6	200	0	0	1.25	2.25	3.25	0	0	7	2	0	0	0	0	1	7	7	44	45	0
cost	0	0	0	1	0	7	0	0	0	0	0	5	6	0	9	1300	0	0	0	0	1	0	0	1	0	0	0	0	0	2	7	0	0	7	7	0	0	5	6	200	0	0	1.25	2.25	3.25	0	0	7	2	0	0	0	0	1	7	7	44	45	0
cost	0	0	0	1	0	7	0	0	0	0	0	6	6	0	9	7	0	0	0	0	1	0	0	1	0	0	0	0	0	2	7	0	0	7	7	0	0	6	6	200	0	0	1.25	2.25	3.25	0	0	7	2	0	0	0	0	1	7	7	44	45	0
cost	0	0	0	1	0	7	0	0	0	0	0	6	6	0	9	857	0	0	0	0	1	0	0	1	0	0	0	0	0	2	7	0	0	7	7	0	0	6	6	200	0	0	1.25	2.25	3.25	0	0	7	2	0	0	0	0	1	7	7	44	45	0
cost	0	0	0	1	0	7	0	0	0	0	0	6	6	0	9	999	0	0	0	0	1	0	0	1	0	0	0	0	0	2	7	0	0	7	7	0	0	6	6	200	0	0	1.25	2.25	3.25	0	0	7	2	0	0	0	0	1	7	7	44	45	0
cost	0	0	0	1	0	7	0	0	0	0	0	6	6	0	9	-999	0	0	0	0	1	0	0	1	0	0	0	0	0	2	7	0	0	7	7	0	0	6	6	200	0	0	1.25	2.25	3.25	0	0	7	2	0	0	0	0	1	7	7	44	45	0
cost	0	0	0	1	0	7	0	0	0	0	0	6	6	0	9	1101	0	0	0	0	1	0	0	1	0	0	0	0	0	2	7	0	0	7	7	0	0	6	6	200	0	0	1.25	2.25	3.25	0	0	7	2	0	0	0	0	1	7	7	44	45	0
cost	0	0	0	1	0	7	0	0	0	0	0	6	6	0	9	1300	0	0	0	0	1	0	0	1	0	0	0	0	0	2	7	0	0	7	7	0	0	6	6	200	0	0	1.25	2.25	3.25	0	0	7	2	0	0	0	0	1	7	7	44	45	0
cost	0	0	0	1	0	7	0	0	0	0	0	8	6	0	9	7	0	0	0	0	1	0	0	1	0	0	0	0	0	2	7	0	0	7	7	0	0	8	6	200	0	0	1.25	2.25	3.25	0	0	7	2	0	0	0	0	1	7	7	44	45	0
cost	0	0	0	1	0	7	0	0	0	0	0	8	6	0	9	857	0	0	0	0	1	0	0	1	0	0	0	0	0	2	7	0	0	7	7	0	0	8	6	200	0	0	1.25	2.25	3.25	0	0	7	2	0	0	0	0	1	7	7	44	45	0
cost	0	0	0	1	0	7	0	0	0	0	0	8	6	0	9	999	0	0	0	0	1	0	0	1	0	0	0	0	0	2	7	0	0	7	7	0	0	8	6	200	0	0	1.25	2.25	3.25	0	0	7	2	0	0	0	0	1	7	7	44	45	0
cost	0	0	0	1	0	7	0	0	0	0	0	8	6	0	9	-999	0	0	0	0	1	0	0	1	0	0	0	0	0	2	7	0	0	7	7	0	0	8	6	200	0	0	1.25	2.25	3.25	0	0	7	2	0	0	0	0	1	7	7	44	45	0
cost	0	0	0	1	0	7	0	0	0	0	0	8	6	0	9	1101	0	0	0	0	1	0	0	1	0	0	0	0	0	2	7	0	0	7	7	0	0	8	6	200	0	0	1.25	2.25	3.25	0	0	7	2	0	0	0	0	1	7	7	44	45	0
cost	0	0	0	1	0	7	0	0	0	0	0	8	6	0	9	1300	0	0	0	0	1	0	0	1	0	0	0	0	0	2	7	0	0	7	7	0	0	8	6	200	0	0	1.25	2.25	3.25	0	0	7	2	0	0	0	0	1	7	7	44	45	0
cost	0	0	0	1	0	7	0	0	0	0	0	9	6	0	9	7	0	0	0	0	1	0	0	1	0	0	0	0	0	2	7	0	0	7	7	0	0	9	6	200	0	0	1.25	2.25	3.25	0	0	7	2	0	0	0	0	1	7	7	44	45	0
cost	0	0	0	1	0	7	0	0	0	0	0	9	6	0	9	857	0	0	0	0	1	0	0	1	0	0	0	0	0	2	7	0	0	7	7	0	0	9	6	200	0	0	1.25	2.25	3.25	0	0	7	2	0	0	0	0	1	7	7	44	45	0
cost	0	0	0	1	0	7	0	0	0	0	0	9	6	0	9	999	0	0	0	0	1	0	0	1	0	0	0	0	0	2	7	0	0	7	7	0	0	9	6	200	0	0	1.25	2.25	3.25	0	0	7	2	0	0	0	0	1	7	7	44	45	0
cost	0	0	0	1	0	7	0	0	0	0	0	9	6	0	9	-999	0	0	0	0	1	0	0	1	0	0	0	0	0	2	7	0	0	7	7	0	0	9	6	200	0	0	1.25	2.25	3.25	0	0	7	2	0	0	0	0	1	7	7	44	45	0
cost	0	0	0	1	0	7	0	0	0	0	0	9	6	0	9	1101	0	0	0	0	1	0	0	1	0	0	0	0	0	2	7	0	0	7	7	0	0	9	6	200	0	0	1.25	2.25	3.25	0	0	7	2	0	0	0	0	1	7	7	44	45	0
cost	0	0	0	1	0	7	0	0	0	0	0	9	6	0	9	1300	0	0	0	0	1	0	0	1	0	0	0	0	0	2	7	0	0	7	7	0	0	9	6	200	0	0	1.25	2.25	3.25	0	0	7	2	0	0	0	0	1	7	7	44	45	0
cost	0	0	0	1	0	7	0	0	0	0	0	10	6	0	9	7	0	0	0	0	1	0	0	1	0	0	0	0	0	2	7	0	0	7	7	0	0	10	6	200	0	0	1.25	2.25	3.25	0	0	7	2	0	0	0	0	1	7	7	44	45	0
cost	0	0	0	1	0	7	0	0	0	0	0	10	6	0	9	857	0	0	0	0	1	0	0	1	0	0	0	0	0	2	7	0	0	7	7	0	0	10	6	200	0	0	1.25	2.25	3.25	0	0	7	2	0	0	0	0	1	7	7	44	45	0
cost	0	0	0	1	0	7	0	0	0	0	0	10	6	0	9	999	0	0	0	0	1	0	0	1	0	0	0	0	0	2	7	0	0	7	7	0	0	10	6	200	0	0	1.25	2.25	3.25	0	0	7	2	0	0	0	0	1	7	7	44	45	0
cost	0	0	0	1	0	7	0	0	0	0	0	10	6	0	9	-999	0	0	0	0	1	0	0	1	0	0	0	0	0	2	7	0	0	7	7	0	0	10	6	200	0	0	1.25	2.25	3.25	0	0	7	2	0	0	0	0	1	7	7	44	45	0
cost	0	0	0	1	0	7	0	0	0	0	0	10	6	0	9	1101	0	0	0	0	1	0	0	1	0	0	0	0	0	2	7	0	0	7	7	0	0	10	6	200	0	0	1.25	2.25	3.25	0	0	7	2	0	0	0	0	1	7	7	44	45	0
cost	0	0	0	1	0	7	0	0	0	0	0	10	6	0	9	1300	0	0	0	0	1	0	0	1	0	0	0	0	0	2	7	0	0	7	7	0	0	10	6	200	0	0	1.25	2.25	3.25	0	0	7	2	0	0	0	0	1	7	7	44	45	0
cost	0	0	0	1	0	7	0	0	0	0	0	0	8	0	9	7	0	0	0	0	1	0	0	1	0	0	0	0	0	2	7	0	0	7	7	0	0	0	8	200	0	0	1.25	2.25	3.25	0	0	7	2	0	0	0	0	1	7	7	44	45	0
cost	0	0	0	1	0	7	0	0	0	0	0	0	8	0	9	857	0	0	0	0	1	0	0	1	0	0	0	0	0	2	7	0	0	7	7	0	0	0	8	200	0	0	1.25	2.25	3.25	0	0	7	2	0	0	0	0	1	7	7	44	45	0
cost	0	0	0	1	0	7	0	0	0	0	0	0	8	0	9	999	0	0	0	0	1	0	0	1	0	0	0	0	0	2	7	0	0	7	7	0	0	0	8	200	0	0	1.25	2.25	3.25	0	0	7	2	0	0	0	0	1	7	7	44	45	0
cost	0	0	0	1	0	7	0	0	0	0	0	0	8	0	9	-999	0	0	0	0	1	0	0	1	0	0	0	0	0	2	7	0	0	7	7	0	0	0	8	200	0	0	1.25	2.25	3.25	0	0	7	2	0	0	0	0	1	7	7	44	45	0
cost	0	0	0	1	0	7	0	0	0	0	0	0	8	0	9	1101	0	0	0	0	1	0	0	1	0	0	0	0	0	2	7	0	0	7	7	0	0	0	8	200	0	0	1.25	2.25	3.25	0	0	7	2	0	0	0	0	1	7	7	44	45	0
cost	0	0	0	1	0	7	0	0	0	0	0	0	8	0	9	1300	0	0	0	0	1	0	0	1	0	0	0	0	0	2	7	0	0	7	7	0	0	0	8	200	0	0	1.25	2.25	3.25	0	0	7	2	0	0	0	0	1	7	7	44	45	0
cost	0	0	0	1	0	7	0	0	0	0	0	5	8	0	9	7	0	0	0	0	1	0	0	1	0	0	0	0	0	2	7	0	0	7	7	0	0	5	8	200	0	0	1.25	2.25	3.25	0	0	7	2	0	0	0	0	1	7	7	44	45	0
cost	0	0	0	1	0	7	0	0	0	0	0	5	8	0	9	857	0	0	0	0	1	0	0	1	0	0	0	0	0	2	7	0	0	7	7	0	0	5	8	200	0	0	1.25	2.25	3.25	0	0	7	2	0	0	0	0	1	7	7	44	45	0
cost	0	0	0	1	0	7	0	0	0	0	0	5	8	0	9	999	0	0	0	0	1	0	0	1	0	0	0	0	0	2	7	0	0	7	7	0	0	5	8	200	0	0	1.25	2.25	3.25	0	0	7	2	0	0	0	0	1	7	7	44	45	0
cost	0	0	0	1	0	7	0	0	0	0	0	5	8	0	9	-999	0	0	0	0	1	0	0	1	0	0	0	0	0	2	7	0	0	7	7	0	0	5	8	200	0	0	1.25	2.25	3.25	0	0	7	2	0	0	0	0	1	7	7	44	45	0
cost	0	0	0	1	0	7	0	0	0	0	0	5	8	0	9	1101	0	0	0	0	1	0	0	1	0	0	0	0	0	2	7	0	0	7	7	0	0	5	8	200	0	0	1.25	2.25	3.25	0	0	7	2	0	0	0	0	1	7	7	44	45	0
cost	0	0	0	1	0	7	0	0	0	0	0	5	8	0	9	1300	0	0	0	0	1	0	0	1	0	0	0	0	0	2	7	0	0	7	7	0	0	5	8	200	0	0	1.25	2.25	3.25	0	0	7	2	0	0	0	0	1	7	7	44	45	0
cost	0	0	0	1	0	7	0	0	0	0	0	6	8	0	9	7	0	0	0	0	1	0	0	1	0	0	0	0	0	2	7	0	0	7	7	0	0	6	8	200	0	0	1.25	2.25	3.25	0	0	7	2	0	0	0	0	1	7	7	44	45	0
cost	0	0	0	1	0	7	0	0	0	0	0	6	8	0	9	857	0	0	0	0	1	0	0	1	0	0	0	0	0	2	7	0	0	7	7	0	0	6	8	200	0	0	1.25	2.25	3.25	0	0	7	2	0	0	0	0	1	7	7	44	45	0
cost	0	0	0	1	0	7	0	0	0	0	0	6	8	0	9	999	0	0	0	0	1	0	0	1	0	0	0	0	0	2	7	0	0	7	7	0	0	6	8	200	0	0	1.25	2.25	3.25	0	0	7	2	0	0	0	0	1	7	7	44	45	0
cost	0	0	0	1	0	7	0	0	0	0	0	6	8	0	9	-999	0	0	0	0	1	0	0	1	0	0	0	0	0	2	7	0	0	7	7	0	0	6	8	200	0	0	1.25	2.25	3.25	0	0	7	2	0	0	0	0	1	7	7	44	45	0
cost	0	0	0	1	0	7	0	0	0	0	0	6	8	0	9	1101	0	0	0	0	1	0	0	1	0	0	0	0	0	2	7	0	0	7	7	0	0	6	8	200	0	0	1.25	2.25	3.25	0	0	7	2	0	0	0	0	1	7	7	44	45	0
cost	0	0	0	1	0	7	0	0	0	0	0	6	8	0	9	1300	0	0	0	0	1	0	0	1	0	0	0	0	0	2	7	0	0	7	7	0	0	6	8	200	0	0	1.25	2.25	3.25	0	0	7	2	0	0	0	0	1	7	7	44	45	0
cost	0	0	0	1	0	7	0	0	0	0	0	8	8	0	9	7	0	0	0	0	1	0	0	1	0	0	0	0	0	2	7	0	0	7	7	0	0	8	8	200	0	0	1.25	2.25	3.25	0	0	7	2	0	0	0	0	1	7	7	44	45	0
cost	0	0	0	1	0	7	0	0	0	0	0	8	8	0	9	857	0	0	0	0	1	0	0	1	0	0	0	0	0	2	7	0	0	7	7	0	0	8	8	200	0	0	1.25	2.25	3.25	0	0	7	2	0	0	0	0	1	7	7	44	45	0
cost	0	0	0	1	0	7	0	0	0	0	0	8	8	0	9	999	0	0	0	0	1	0	0	1	0	0	0	0	0	2	7	0	0	7	7	0	0	8	8	200	0	0	1.25	2.25	3.25	0	0	7	2	0	0	0	0	1	7	7	44	45	0
cost	0	0	0	1	0	7	0	0	0	0	0	8	8	0	9	-999	0	0	0	0	1	0	0	1	0	0	0	0	0	2	7	0	0	7	7	0	0	8	8	200	0	0	1.25	2.25	3.25	0	0	7	2	0	0	0	0	1	7	7	44	45	0
cost	0	0	0	1	0	7	0	0	0	0	0	8	8	0	9	1101	0	0	0	0	1	0	0	1	0	0	0	0	0	2	7	0	0	7	7	0	0	8	8	200	0	0	1.25	2.25	3.25	0	0	7	2	0	0	0	0	1	7	7	44	45	0
cost	0	0	0	1	0	7	0	0	0	0	0	8	8	0	9	1300	0	0	0	0	1	0	0	1	0	0	0	0	0	2	7	0	0	7	7	0	0	8	8	200	0	0	1.25	2.25	3.25	0	0	7	2	0	0	0	0	1	7	7	44	45	0
cost	0	0	0	1	0	7	0	0	0	0	0	9	8	0	9	7	0	0	0	0	1	0	0	1	0	0	0	0	0	2	7	0	0	7	7	0	0	9	8	200	0	0	1.25	2.25	3.25	0	0	7	2	0	0	0	0	1	7	7	44	45	0
cost	0	0	0	1	0	7	0	0	0	0	0	9	8	0	9	857	0	0	0	0	1	0	0	1	0	0	0	0	0	2	7	0	0	7	7	0	0	9	8	200	0	0	1.25	2.25	3.25	0	0	7	2	0	0	0	0	1	7	7	44	45	0
cost	0	0	0	1	0	7	0	0	0	0	0	9	8	0	9	999	0	0	0	0	1	0	0	1	0	0	0	0	0	2	7	0	0	7	7	0	0	9	8	200	0	0	1.25	2.25	3.25	0	0	7	2	0	0	0	0	1	7	7	44	45	0
cost	0	0	0	1	0	7	0	0	0	0	0	9	8	0	9	-999	0	0	0	0	1	0	0	1	0	0	0	0	0	2	7	0	0	7	7	0	0	9	8	200	0	0	1.25	2.25	3.25	0	0	7	2	0	0	0	0	1	7	7	44	45	0
cost	0	0	0	1	0	7	0	0	0	0	0	9	8	0	9	1101	0	0	0	0	1	0	0	1	0	0	0	0	0	2	7	0	0	7	7	0	0	9	8	200	0	0	1.25	2.25	3.25	0	0	7	2	0	0	0	0	1	7	7	44	45	0
cost	0	0	0	1	0	7	0	0	0	0	0	9	8	0	9	1300	0	0	0	0	1	0	0	1	0	0	0	0	0	2	7	0	0	7	7	0	0	9	8	200	0	0	1.25	2.25	3.25	0	0	7	2	0	0	0	0	1	7	7	44	45	0
cost	0	0	0	1	0	7	0	0	0	0	0	10	8	0	9	7	0	0	0	0	1	0	0	1	0	0	0	0	0	2	7	0	0	7	7	0	0	10	8	200	0	0	1.25	2.25	3.25	0	0	7	2	0	0	0	0	1	7	7	44	45	0
cost	0	0	0	1	0	7	0	0	0	0	0	10	8	0	9	857	0	0	0	0	1	0	0	1	0	0	0	0	0	2	7	0	0	7	7	0	0	10	8	200	0	0	1.25	2.25	3.25	0	0	7	2	0	0	0	0	1	7	7	44	45	0
cost	0	0	0	1	0	7	0	0	0	0	0	10	8	0	9	999	0	0	0	0	1	0	0	1	0	0	0	0	0	2	7	0	0	7	7	0	0	10	8	200	0	0	1.25	2.25	3.25	0	0	7	2	0	0	0	0	1	7	7	44	45	0
cost	0	0	0	1	0	7	0	0	0	0	0	10	8	0	9	-999	0	0	0	0	1	0	0	1	0	0	0	0	0	2	7	0	0	7	7	0	0	10	8	200	0	0	1.25	2.25	3.25	0	0	7	2	0	0	0	0	1	7	7	44	45	0
cost	0	0	0	1	0	7	0	0	0	0	0	10	8	0	9	1101	0	0	0	0	1	0	0	1	0	0	0	0	0	2	7	0	0	7	7	0	0	10	8	200	0	0	1.25	2.25	3.25	0	0	7	2	0	0	0	0	1	7	7	44	45	0
cost	0	0	0	1	0	7	0	0	0	0	0	10	8	0	9	1300	0	0	0	0	1	0	0	1	0	0	0	0	0	2	7	0	0	7	7	0	0	10	8	200	0	0	1.25	2.25	3.25	0	0	7	2	0	0	0	0	1	7	7	44	45	0
cost	0	0	0	1	0	7	0	0	0	0	0	0	9	0	9	7	0	0	0	0	1	0	0	1	0	0	0	0	0	2	7	0	0	7	7	0	0	0	9	200	0	0	1.25	2.25	3.25	0	0	7	2	0	0	0	0	1	7	7	44	45	0
cost	0	0	0	1	0	7	0	0	0	0	0	0	9	0	9	857	0	0	0	0	1	0	0	1	0	0	0	0	0	2	7	0	0	7	7	0	0	0	9	200	0	0	1.25	2.25	3.25	0	0	7	2	0	0	0	0	1	7	7	44	45	0
cost	0	0	0	1	0	7	0	0	0	0	0	0	9	0	9	999	0	0	0	0	1	0	0	1	0	0	0	0	0	2	7	0	0	7	7	0	0	0	9	200	0	0	1.25	2.25	3.25	0	0	7	2	0	0	0	0	1	7	7	44	45	0
cost	0	0	0	1	0	7	0	0	0	0	0	0	9	0	9	-999	0	0	0	0	1	0	0	1	0	0	0	0	0	2	7	0	0	7	7	0	0	0	9	200	0	0	1.25	2.25	3.25	0	0	7	2	0	0	0	0	1	7	7	44	45	0
cost	0	0	0	1	0	7	0	0	0	0	0	0	9	0	9	1101	0	0	0	0	1	0	0	1	0	0	0	0	0	2	7	0	0	7	7	0	0	0	9	200	0	0	1.25	2.25	3.25	0	0	7	2	0	0	0	0	1	7	7	44	45	0
cost	0	0	0	1	0	7	0	0	0	0	0	0	9	0	9	1300	0	0	0	0	1	0	0	1	0	0	0	0	0	2	7	0	0	7	7	0	0	0	9	200	0	0	1.25	2.25	3.25	0	0	7	2	0	0	0	0	1	7	7	44	45	0
cost	0	0	0	1	0	7	0	0	0	0	0	5	9	0	9	7	0	0	0	0	1	0	0	1	0	0	0	0	0	2	7	0	0	7	7	0	0	5	9	200	0	0	1.25	2.25	3.25	0	0	7	2	0	0	0	0	1	7	7	44	45	0
cost	0	0	0	1	0	7	0	0	0	0	0	5	9	0	9	857	0	0	0	0	1	0	0	1	0	0	0	0	0	2	7	0	0	7	7	0	0	5	9	200	0	0	1.25	2.25	3.25	0	0	7	2	0	0	0	0	1	7	7	44	45	0
cost	0	0	0	1	0	7	0	0	0	0	0	5	9	0	9	999	0	0	0	0	1	0	0	1	0	0	0	0	0	2	7	0	0	7	7	0	0	5	9	200	0	0	1.25	2.25	3.25	0	0	7	2	0	0	0	0	1	7	7	44	45	0
cost	0	0	0	1	0	7	0	0	0	0	0	5	9	0	9	-999	0	0	0	0	1	0	0	1	0	0	0	0	0	2	7	0	0	7	7	0	0	5	9	200	0	0	1.25	2.25	3.25	0	0	7	2	0	0	0	0	1	7	7	44	45	0
cost	0	0	0	1	0	7	0	0	0	0	0	5	9	0	9	1101	0	0	0	0	1	0	0	1	0	0	0	0	0	2	7	0	0	7	7	0	0	5	9	200	0	0	1.25	2.25	3.25	0	0	7	2	0	0	0	0	1	7	7	44	45	0
cost	0	0	0	1	0	7	0	0	0	0	0	5	9	0	9	1300	0	0	0	0	1	0	0	1	0	0	0	0	0	2	7	0	0	7	7	0	0	5	9	200	0	0	1.25	2.25	3.25	0	0	7	2	0	0	0	0	1	7	7	44	45	0
cost	0	0	0	1	0	7	0	0	0	0	0	6	9	0	9	7	0	0	0	0	1	0	0	1	0	0	0	0	0	2	7	0	0	7	7	0	0	6	9	200	0	0	1.25	2.25	3.25	0	0	7	2	0	0	0	0	1	7	7	44	45	0
cost	0	0	0	1	0	7	0	0	0	0	0	6	9	0	9	857	0	0	0	0	1	0	0	1	0	0	0	0	0	2	7	0	0	7	7	0	0	6	9	200	0	0	1.25	2.25	3.25	0	0	7	2	0	0	0	0	1	7	7	44	45	0
cost	0	0	0	1	0	7	0	0	0	0	0	6	9	0	9	999	0	0	0	0	1	0	0	1	0	0	0	0	0	2	7	0	0	7	7	0	0	6	9	200	0	0	1.25	2.25	3.25	0	0	7	2	0	0	0	0	1	7	7	44	45	0
cost	0	0	0	1	0	7	0	0	0	0	0	6	9	0	9	-999	0	0	0	0	1	0	0	1	0	0	0	0	0	2	7	0	0	7	7	0	0	6	9	200	0	0	1.25	2.25	3.25	0	0	7	2	0	0	0	0	1	7	7	44	45	0
cost	0	0	0	1	0	7	0	0	0	0	0	6	9	0	9	1101	0	0	0	0	1	0	0	1	0	0	0	0	0	2	7	0	0	7	7	0	0	6	9	200	0	0	1.25	2.25	3.25	0	0	7	2	0	0	0	0	1	7	7	44	45	0
cost	0	0	0	1	0	7	0	0	0	0	0	6	9	0	9	1300	0	0	0	0	1	0	0	1	0	0	0	0	0	2	7	0	0	7	7	0	0	6	9	200	0	0	1.25	2.25	3.25	0	0	7	2	0	0	0	0	1	7	7	44	45	0
cost	0	0	0	1	0	7	0	0	0	0	0	8	9	0	9	7	0	0	0	0	1	0	0	1	0	0	0	0	0	2	7	0	0	7	7	0	0	8	9	200	0	0	1.25	2.25	3.25	0	0	7	2	0	0	0	0	1	7	7	44	45	0
cost	0	0	0	1	0	7	0	0	0	0	0	8	9	0	9	857	0	0	0	0	1	0	0	1	0	0	0	0	0	2	7	0	0	7	7	0	0	8	9	200	0	0	1.25	2.25	3.25	0	0	7	2	0	0	0	0	1	7	7	44	45	0
cost	0	0	0	1	0	7	0	0	0	0	0	8	9	0	9	999	0	0	0	0	1	0	0	1	0	0	0	0	0	2	7	0	0	7	7	0	0	8	9	200	0	0	1.25	2.25	3.25	0	0	7	2	0	0	0	0	1	7	7	44	45	0
cost	0	0	0	1	0	7	0	0	0	0	0	8	9	0	9	-999	0	0	0	0	1	0	0	1	0	0	0	0	0	2	7	0	0	7	7	0	0	8	9	200	0	0	1.25	2.25	3.25	0	0	7	2	0	0	0	0	1	7	7	44	45	0
cost	0	0	0	1	0	7	0	0	0	0	0	8	9	0	9	1101	0	0	0	0	1	0	0	1	0	0	0	0	0	2	7	0	0	7	7	0	0	8	9	200	0	0	1.25	2.25	3.25	0	0	7	2	0	0	0	0	1	7	7	44	45	0
cost	0	0	0	1	0	7	0	0	0	0	0	8	9	0	9	1300	0	0	0	0	1	0	0	1	0	0	0	0	0	2	7	0	0	7	7	0	0	8	9	200	0	0	1.25	2.25	3.25	0	0	7	2	0	0	0	0	1	7	7	44	45	0
cost	0	0	0	1	0	7	0	0	0	0	0	9	9	0	9	7	0	0	0	0	1	0	0	1	0	0	0	0	0	2	7	0	0	7	7	0	0	9	9	200	0	0	1.25	2.25	3.25	0	0	7	2	0	0	0	0	1	7	7	44	45	0
cost	0	0	0	1	0	7	0	0	0	0	0	9	9	0	9	857	0	0	0	0	1	0	0	1	0	0	0	0	0	2	7	0	0	7	7	0	0	9	9	200	0	0	1.25	2.25	3.25	0	0	7	2	0	0	0	0	1	7	7	44	45	0
cost	0	0	0	1	0	7	0	0	0	0	0	9	9	0	9	999	0	0	0	0	1	0	0	1	0	0	0	0	0	2	7	0	0	7	7	0	0	9	9	200	0	0	1.25	2.25	3.25	0	0	7	2	0	0	0	0	1	7	7	44	45	0
cost	0	0	0	1	0	7	0	0	0	0	0	9	9	0	9	-999	0	0	0	0	1	0	0	1	0	0	0	0	0	2	7	0	0	7	7	0	0	9	9	200	0	0	1.25	2.25	3.25	0	0	7	2	0	0	0	0	1	7	7	44	45	0
cost	0	0	0	1	0	7	0	0	0	0	0	9	9	0	9	1101	0	0	0	0	1	0	0	1	0	0	0	0	0	2	7	0	0	7	7	0	0	9	9	200	0	0	1.25	2.25	3.25	0	0	7	2	0	0	0	0	1	7	7	44	45	0
cost	0	0	0	1	0	7	0	0	0	0	0	9	9	0	9	1300	0	0	0	0	1	0	0	1	0	0	0	0	0	2	7	0	0	7	7	0	0	9	9	200	0	0	1.25	2.25	3.25	0	0	7	2	0	0	0	0	1	7	7	44	45	0
cost	0	0	0	1	0	7	0	0	0	0	0	10	9	0	9	7	0	0	0	0	1	0	0	1	0	0	0	0	0	2	7	0	0	7	7	0	0	10	9	200	0	0	1.25	2.25	3.25	0	0	7	2	0	0	0	0	1	7	7	44	45	0
cost	0	0	0	1	0	7	0	0	0	0	0	10	9	0	9	857	0	0	0	0	1	0	0	1	0	0	0	0	0	2	7	0	0	7	7	0	0	10	9	200	0	0	1.25	2.25	3.25	0	0	7	2	0	0	0	0	1	7	7	44	45	0
cost	0	0	0	1	0	7	0	0	0	0	0	10	9	0	9	999	0	0	0	0	1	0	0	1	0	0	0	0	0	2	7	0	0	7	7	0	0	10	9	200	0	0	1.25	2.25	3.25	0	0	7	2	0	0	0	0	1	7	7	44	45	0
cost	0	0	0	1	0	7	0	0	0	0	0	10	9	0	9	-999	0	0	0	0	1	0	0	1	0	0	0	0	0	2	7	0	0	7	7	0	0	10	9	200	0	0	1.25	2.25	3.25	0	0	7	2	0	0	0	0	1	7	7	44	45	0
cost	0	0	0	1	0	7	0	0	0	0	0	10	9	0	9	1101	0	0	0	0	1	0	0	1	0	0	0	0	0	2	7	0	0	7	7	0	0	10	9	200	0	0	1.25	2.25	3.25	0	0	7	2	0	0	0	0	1	7	7	44	45	0
cost	0	0	0	1	0	7	0	0	0	0	0	10	9	0	9	1300	0	0	0	0	1	0	0	1	0	0	0	0	0	2	7	0	0	7	7	0	0	10	9	200	0	0	1.25	2.25	3.25	0	0	7	2	0	0	0	0	1	7	7	44	45	0
cost	0	0	0	1	0	7	0	0	0	0	0	0	10	0	9	7	0	0	0	0	1	0	0	1	0	0	0	0	0	2	7	0	0	7	7	0	0	0	10	200	0	0	1.25	2.25	3.25	0	0	7	2	0	0	0	0	1	7	7	44	45	0
cost	0	0	0	1	0	7	0	0	0	0	0	0	10	0	9	857	0	0	0	0	1	0	0	1	0	0	0	0	0	2	7	0	0	7	7	0	0	0	10	200	0	0	1.25	2.25	3.25	0	0	7	2	0	0	0	0	1	7	7	44	45	0
cost	0	0	0	1	0	7	0	0	0	0	0	0	10	0	9	999	0	0	0	0	1	0	0	1	0	0	0	0	0	2	7	0	0	7	7	0	0	0	10	200	0	0	1.25	2.25	3.25	0	0	7	2	0	0	0	0	1	7	7	44	45	0
cost	0	0	0	1	0	7	0	0	0	0	0	0	10	0	9	-999	0	0	0	0	1	0	0	1	0	0	0	0	0	2	7	0	0	7	7	0	0	0	10	200	0	0	1.25	2.25	3.25	0	0	7	2	0	0	0	0	1	7	7	44	45	0
cost	0	0	0	1	0	7	0	0	0	0	0	0	10	0	9	1101	0	0	0	0	1	0	0	1	0	0	0	0	0	2	7	0	0	7	7	0	0	0	10	200	0	0	1.25	2.25	3.25	0	0	7	2	0	0	0	0	1	7	7	44	45	0
cost	0	0	0	1	0	7	0	0	0	0	0	0	10	0	9	1300	0	0	0	0	1	0	0	1	0	0	0	0	0	2	7	0	0	7	7	0	0	0	10	200	0	0	1.25	2.25	3.25	0	0	7	2	0	0	0	0	1	7	7	44	45	0
cost	0	0	0	1	0	7	0	0	0	0	0	5	10	0	9	7	0	0	0	0	1	0	0	1	0	0	0	0	0	2	7	0	0	7	7	0	0	5	10	200	0	0	1.25	2.25	3.25	0	0	7	2	0	0	0	0	1	7	7	44	45	0
cost	0	0	0	1	0	7	0	0	0	0	0	5	10	0	9	857	0	0	0	0	1	0	0	1	0	0	0	0	0	2	7	0	0	7	7	0	0	5	10	200	0	0	1.25	2.25	3.25	0	0	7	2	0	0	0	0	1	7	7	44	45	0
cost	0	0	0	1	0	7	0	0	0	0	0	5	10	0	9	999	0	0	0	0	1	0	0	1	0	0	0	0	0	2	7	0	0	7	7	0	0	5	10	200	0	0	1.25	2.25	3.25	0	0	7	2	0	0	0	0	1	7	7	44	45	0
cost	0	0	0	1	0	7	0	0	0	0	0	5	10	0	9	-999	0	0	0	0	1	0	0	1	0	0	0	0	0	2	7	0	0	7	7	0	0	5	10	200	0	0	1.25	2.25	3.25	0	0	7	2	0	0	0	0	1	7	7	44	45	0
cost	0	0	0	1	0	7	0	0	0	0	0	5	10	0	9	1101	0	0	0	0	1	0	0	1	0	0	0	0	0	2	7	0	0	7	7	0	0	5	10	200	0	0	1.25	2.25	3.25	0	0	7	2	0	0	0	0	1	7	7	44	45	0
cost	0	0	0	1	0	7	0	0	0	0	0	5	10	0	9	1300	0	0	0	0	1	0	0	1	0	0	0	0	0	2	7	0	0	7	7	0	0	5	10	200	0	0	1.25	2.25	3.25	0	0	7	2	0	0	0	0	1	7	7	44	45	0
cost	0	0	0	1	0	7	0	0	0	0	0	6	10	0	9	7	0	0	0	0	1	0	0	1	0	0	0	0	0	2	7	0	0	7	7	0	0	6	10	200	0	0	1.25	2.25	3.25	0	0	7	2	0	0	0	0	1	7	7	44	45	0
cost	0	0	0	1	0	7	0	0	0	0	0	6	10	0	9	857	0	0	0	0	1	0	0	1	0	0	0	0	0	2	7	0	0	7	7	0	0	6	10	200	0	0	1.25	2.25	3.25	0	0	7	2	0	0	0	0	1	7	7	44	45	0
cost	0	0	0	1	0	7	0	0	0	0	0	6	10	0	9	999	0	0	0	0	1	0	0	1	0	0	0	0	0	2	7	0	0	7	7	0	0	6	10	200	0	0	1.25	2.25	3.25	0	0	7	2	0	0	0	0	1	7	7	44	45	0
cost	0	0	0	1	0	7	0	0	0	0	0	6	10	0	9	-999	0	0	0	0	1	0	0	1	0	0	0	0	0	2	7	0	0	7	7	0	0	6	10	200	0	0	1.25	2.25	3.25	0	0	7	2	0	0	0	0	1	7	7	44	45	0
cost	0	0	0	1	0	7	0	0	0	0	0	6	10	0	9	1101	0	0	0	0	1	0	0	1	0	0	0	0	0	2	7	0	0	7	7	0	0	6	10	200	0	0	1.25	2.25	3.25	0	0	7	2	0	0	0	0	1	7	7	44	45	0
cost	0	0	0	1	0	7	0	0	0	0	0	6	10	0	9	1300	0	0	0	0	1	0	0	1	0	0	0	0	0	2	7	0	0	7	7	0	0	6	10	200	0	0	1.25	2.25	3.25	0	0	7	2	0	0	0	0	1	7	7	44	45	0
cost	0	0	0	1	0	7	0	0	0	0	0	8	10	0	9	7	0	0	0	0	1	0	0	1	0	0	0	0	0	2	7	0	0	7	7	0	0	8	10	200	0	0	1.25	2.25	3.25	0	0	7	2	0	0	0	0	1	7	7	44	45	0
cost	0	0	0	1	0	7	0	0	0	0	0	8	10	0	9	857	0	0	0	0	1	0	0	1	0	0	0	0	0	2	7	0	0	7	7	0	0	8	10	200	0	0	1.25	2.25	3.25	0	0	7	2	0	0	0	0	1	7	7	44	45	0
cost	0	0	0	1	0	7	0	0	0	0	0	8	10	0	9	999	0	0	0	0	1	0	0	1	0	0	0	0	0	2	7	0	0	7	7	0	0	8	10	200	0	0	1.25	2.25	3.25	0	0	7	2	0	0	0	0	1	7	7	44	45	0
cost	0	0	0	1	0	7	0	0	0	0	0	8	10	0	9	-999	0	0	0	0	1	0	0	1	0	0	0	0	0	2	7	0	0	7	7	0	0	8	10	200	0	0	1.25	2.25	3.25	0	0	7	2	0	0	0	0	1	7	7	44	45	0
cost	0	0	0	1	0	7	0	0	0	0	0	8	10	0	9	1101	0	0	0	0	1	0	0	1	0	0	0	0	0	2	7	0	0	7	7	0	0	8	10	200	0	0	1.25	2.25	3.25	0	0	7	2	0	0	0	0	1	7	7	44	45	0
cost	0	0	0	1	0	7	0	0	0	0	0	8	10	0	9	1300	0	0	0	0	1	0	0	1	0	0	0	0	0	2	7	0	0	7	7	0	0	8	10	200	0	0	1.25	2.25	3.25	0	0	7	2	0	0	0	0	1	7	7	44	45	0
cost	0	0	0	1	0	7	0	0	0	0	0	9	10	0	9	7	0	0	0	0	1	0	0	1	0	0	0	0	0	2	7	0	0	7	7	0	0	9	10	200	0	0	1.25	2.25	3.25	0	0	7	2	0	0	0	0	1	7	7	44	45	0
cost	0	0	0	1	0	7	0	0	0	0	0	9	10	0	9	857	0	0	0	0	1	0	0	1	0	0	0	0	0	2	7	0	0	7	7	0	0	9	10	200	0	0	1.25	2.25	3.25	0	0	7	2	0	0	0	0	1	7	7	44	45	0
cost	0	0	0	1	0	7	0	0	0	0	0	9	10	0	9	999	0	0	0	0	1	0	0	1	0	0	0	0	0	2	7	0	0	7	7	0	0	9	10	200	0	0	1.25	2.25	3.25	0	0	7	2	0	0	0	0	1	7	7	44	45	0
cost	0	0	0	1	0	7	0	0	0	0	0	9	10	0	9	-999	0	0	0	0	1	0	0	1	0	0	0	0	0	2	7	0	0	7	7	0	0	9	10	200	0	0	1.25	2.25	3.25	0	0	7	2	0	0	0	0	1	7	7	44	45	0
cost	0	0	0	1	0	7	0	0	0	0	0	9	10	0	9	1101	0	0	0	0	1	0	0	1	0	0	0	0	0	2	7	0	0	7	7	0	0	9	10	200	0	0	1.25	2.25	3.25	0	0	7	2	0	0	0	0	1	7	7	44	45	0
cost	0	0	0	1	0	7	0	0	0	0	0	9	10	0	9	1300	0	0	0	0	1	0	0	1	0	0	0	0	0	2	7	0	0	7	7	0	0	9	10	200	0	0	1.25	2.25	3.25	0	0	7	2	0	0	0	0	1	7	7	44	45	0
cost	0	0	0	1	0	7	0	0	0	0	0	10	10	0	9	7	0	0	0	0	1	0	0	1	0	0	0	0	0	2	7	0	0	7	7	0	0	10	10	200	0	0	1.25	2.25	3.25	0	0	7	2	0	0	0	0	1	7	7	44	45	0
cost	0	0	0	1	0	7	0	0	0	0	0	10	10	0	9	857	0	0	0	0	1	0	0	1	0	0	0	0	0	2	7	0	0	7	7	0	0	10	10	200	0	0	1.25	2.25	3.25	0	0	7	2	0	0	0	0	1	7	7	44	45	0
cost	0	0	0	1	0	7	0	0	0	0	0	10	10	0	9	999	0	0	0	0	1	0	0	1	0	0	0	0	0	2	7	0	0	7	7	0	0	10	10	200	0	0	1.25	2.25	3.25	0	0	7	2	0	0	0	0	1	7	7	44	45	0
cost	0	0	0	1	0	7	0	0	0	0	0	10	10	0	9	-999	0	0	0	0	1	0	0	1	0	0	0	0	0	2	7	0	0	7	7	0	0	10	10	200	0	0	1.25	2.25	3.25	0	0	7	2	0	0	0	0	1	7	7	44	45	0
cost	0	0	0	1	0	7	0	0	0	0	0	10	10	0	9	1101	0	0	0	0	1	0	0	1	0	0	0	0	0	2	7	0	0	7	7	0	0	10	10	200	0	0	1.25	2.25	3.25	0	0	7	2	0	0	0	0	1	7	7	44	45	0
cost	0	0	0	1	0	7	0	0	0	0	0	10	10	0	9	1300	0	0	0	0	1	0	0	1	0	0	0	0	0	2	7	0	0	7	7	0	0	10	10	200	0	0	1.25	2.25	3.25	0	0	7	2	0	0	0	0	1	7	7	44	45	0
cost	0	0	0	1	0	7	0	0	0	0	0	0	0	6	9	7	0	0	0	0	1	0	0	1	0	0	0	0	0	2	7	0	0	7	7	0	0	0	0	200	0	0	1.25	2.25	3.25	0	0	7	2	0	0	0	0	1	7	7	44	45	0
cost	0	0	0	1	0	7	0	0	0	0	0	0	0	6	9	857	0	0	0	0	1	0	0	1	0	0	0	0	0	2	7	0	0	7	7	0	0	0	0	200	0	0	1.25	2.25	3.25	0	0	7	2	0	0	0	0	1	7	7	44	45	0
cost	0	0	0	1	0	7	0	0	0	0	0	0	0	6	9	999	0	0	0	0	1	0	0	1	0	0	0	0	0	2	7	0	0	7	7	0	0	0	0	200	0	0	1.25	2.25	3.25	0	0	7	2	0	0	0	0	1	7	7	44	45	0
cost	0	0	0	1	0	7	0	0	0	0	0	0	0	6	9	-999	0	0	0	0	1	0	0	1	0	0	0	0	0	2	7	0	0	7	7	0	0	0	0	200	0	0	1.25	2.25	3.25	0	0	7	2	0	0	0	0	1	7	7	44	45	0
cost	0	0	0	1	0	7	0	0	0	0	0	0	0	6	9	1101	0	0	0	0	1	0	0	1	0	0	0	0	0	2	7	0	0	7	7	0	0	0	0	200	0	0	1.25	2.25	3.25	0	0	7	2	0	0	0	0	1	7	7	44	45	0
cost	0	0	0	1	0	7	0	0	0	0	0	0	0	6	9	1300	0	0	0	0	1	0	0	1	0	0	0	0	0	2	7	0	0	7	7	0	0	0	0	200	0	0	1.25	2.25	3.25	0	0	7	2	0	0	0	0	1	7	7	44	45	0
cost	0	0	0	1	0	7	0	0	0	0	0	5	0	6	9	7	0	0	0	0	1	0	0	1	0	0	0	0	0	2	7	0	0	7	7	0	0	5	0	200	0	0	1.25	2.25	3.25	0	0	7	2	0	0	0	0	1	7	7	44	45	0
cost	0	0	0	1	0	7	0	0	0	0	0	5	0	6	9	857	0	0	0	0	1	0	0	1	0	0	0	0	0	2	7	0	0	7	7	0	0	5	0	200	0	0	1.25	2.25	3.25	0	0	7	2	0	0	0	0	1	7	7	44	45	0
cost	0	0	0	1	0	7	0	0	0	0	0	5	0	6	9	999	0	0	0	0	1	0	0	1	0	0	0	0	0	2	7	0	0	7	7	0	0	5	0	200	0	0	1.25	2.25	3.25	0	0	7	2	0	0	0	0	1	7	7	44	45	0
cost	0	0	0	1	0	7	0	0	0	0	0	5	0	6	9	-999	0	0	0	0	1	0	0	1	0	0	0	0	0	2	7	0	0	7	7	0	0	5	0	200	0	0	1.25	2.25	3.25	0	0	7	2	0	0	0	0	1	7	7	44	45	0
cost	0	0	0	1	0	7	0	0	0	0	0	5	0	6	9	1101	0	0	0	0	1	0	0	1	0	0	0	0	0	2	7	0	0	7	7	0	0	5	0	200	0	0	1.25	2.25	3.25	0	0	7	2	0	0	0	0	1	7	7	44	45	0
cost	0	0	0	1	0	7	0	0	0	0	0	5	0	6	9	1300	0	0	0	0	1	0	0	1	0	0	0	0	0	2	7	0	0	7	7	0	0	5	0	200	0	0	1.25	2.25	3.25	0	0	7	2	0	0	0	0	1	7	7	44	45	0
cost	0	0	0	1	0	7	0	0	0	0	0	6	0	6	9	7	0	0	0	0	1	0	0	1	0	0	0	0	0	2	7	0	0	7	7	0	0	6	0	200	0	0	1.25	2.25	3.25	0	0	7	2	0	0	0	0	1	7	7	44	45	0
cost	0	0	0	1	0	7	0	0	0	0	0	6	0	6	9	857	0	0	0	0	1	0	0	1	0	0	0	0	0	2	7	0	0	7	7	0	0	6	0	200	0	0	1.25	2.25	3.25	0	0	7	2	0	0	0	0	1	7	7	44	45	0
cost	0	0	0	1	0	7	0	0	0	0	0	6	0	6	9	999	0	0	0	0	1	0	0	1	0	0	0	0	0	2	7	0	0	7	7	0	0	6	0	200	0	0	1.25	2.25	3.25	0	0	7	2	0	0	0	0	1	7	7	44	45	0
cost	0	0	0	1	0	7	0	0	0	0	0	6	0	6	9	-999	0	0	0	0	1	0	0	1	0	0	0	0	0	2	7	0	0	7	7	0	0	6	0	200	0	0	1.25	2.25	3.25	0	0	7	2	0	0	0	0	1	7	7	44	45	0
cost	0	0	0	1	0	7	0	0	0	0	0	6	0	6	9	1101	0	0	0	0	1	0	0	1	0	0	0	0	0	2	7	0	0	7	7	0	0	6	0	200	0	0	1.25	2.25	3.25	0	0	7	2	0	0	0	0	1	7	7	44	45	0
cost	0	0	0	1	0	7	0	0	0	0	0	6	0	6	9	1300	0	0	0	0	1	0	0	1	0	0	0	0	0	2	7	0	0	7	7	0	0	6	0	200	0	0	1.25	2.25	3.25	0	0	7	2	0	0	0	0	1	7	7	44	45	0
cost	0	0	0	1	0	7	0	0	0	0	0	8	0	6	9	7	0	0	0	0	1	0	0	1	0	0	0	0	0	2	7	0	0	7	7	0	0	8	0	200	0	0	1.25	2.25	3.25	0	0	7	2	0	0	0	0	1	7	7	44	45	0
cost	0	0	0	1	0	7	0	0	0	0	0	8	0	6	9	857	0	0	0	0	1	0	0	1	0	0	0	0	0	2	7	0	0	7	7	0	0	8	0	200	0	0	1.25	2.25	3.25	0	0	7	2	0	0	0	0	1	7	7	44	45	0
cost	0	0	0	1	0	7	0	0	0	0	0	8	0	6	9	999	0	0	0	0	1	0	0	1	0	0	0	0	0	2	7	0	0	7	7	0	0	8	0	200	0	0	1.25	2.25	3.25	0	0	7	2	0	0	0	0	1	7	7	44	45	0
cost	0	0	0	1	0	7	0	0	0	0	0	8	0	6	9	-999	0	0	0	0	1	0	0	1	0	0	0	0	0	2	7	0	0	7	7	0	0	8	0	200	0	0	1.25	2.25	3.25	0	0	7	2	0	0	0	0	1	7	7	44	45	0
cost	0	0	0	1	0	7	0	0	0	0	0	8	0	6	9	1101	0	0	0	0	1	0	0	1	0	0	0	0	0	2	7	0	0	7	7	0	0	8	0	200	0	0	1.25	2.25	3.25	0	0	7	2	0	0	0	0	1	7	7	44	45	0
cost	0	0	0	1	0	7	0	0	0	0	0	8	0	6	9	1300	0	0	0	0	1	0	0	1	0	0	0	0	0	2	7	0	0	7	7	0	0	8	0	200	0	0	1.25	2.25	3.25	0	0	7	2	0	0	0	0	1	7	7	44	45	0
cost	0	0	0	1	0	7	0	0	0	0	0	9	0	6	9	7	0	0	0	0	1	0	0	1	0	0	0	0	0	2	7	0	0	7	7	0	0	9	0	200	0	0	1.25	2.25	3.25	0	0	7	2	0	0	0	0	1	7	7	44	45	0
cost	0	0	0	1	0	7	0	0	0	0	0	9	0	6	9	857	0	0	0	0	1	0	0	1	0	0	0	0	0	2	7	0	0	7	7	0	0	9	0	200	0	0	1.25	2.25	3.25	0	0	7	2	0	0	0	0	1	7	7	44	45	0
cost	0	0	0	1	0	7	0	0	0	0	0	9	0	6	9	999	0	0	0	0	1	0	0	1	0	0	0	0	0	2	7	0	0	7	7	0	0	9	0	200	0	0	1.25	2.25	3.25	0	0	7	2	0	0	0	0	1	7	7	44	45	0
cost	0	0	0	1	0	7	0	0	0	0	0	9	0	6	9	-999	0	0	0	0	1	0	0	1	0	0	0	0	0	2	7	0	0	7	7	0	0	9	0	200	0	0	1.25	2.25	3.25	0	0	7	2	0	0	0	0	1	7	7	44	45	0
cost	0	0	0	1	0	7	0	0	0	0	0	9	0	6	9	1101	0	0	0	0	1	0	0	1	0	0	0	0	0	2	7	0	0	7	7	0	0	9	0	200	0	0	1.25	2.25	3.25	0	0	7	2	0	0	0	0	1	7	7	44	45	0
cost	0	0	0	1	0	7	0	0	0	0	0	9	0	6	9	1300	0	0	0	0	1	0	0	1	0	0	0	0	0	2	7	0	0	7	7	0	0	9	0	200	0	0	1.25	2.25	3.25	0	0	7	2	0	0	0	0	1	7	7	44	45	0
cost	0	0	0	1	0	7	0	0	0	0	0	10	0	6	9	7	0	0	0	0	1	0	0	1	0	0	0	0	0	2	7	0	0	7	7	0	0	10	0	200	0	0	1.25	2.25	3.25	0	0	7	2	0	0	0	0	1	7	7	44	45	0
cost	0	0	0	1	0	7	0	0	0	0	0	10	0	6	9	857	0	0	0	0	1	0	0	1	0	0	0	0	0	2	7	0	0	7	7	0	0	10	0	200	0	0	1.25	2.25	3.25	0	0	7	2	0	0	0	0	1	7	7	44	45	0
cost	0	0	0	1	0	7	0	0	0	0	0	10	0	6	9	999	0	0	0	0	1	0	0	1	0	0	0	0	0	2	7	0	0	7	7	0	0	10	0	200	0	0	1.25	2.25	3.25	0	0	7	2	0	0	0	0	1	7	7	44	45	0
cost	0	0	0	1	0	7	0	0	0	0	0	10	0	6	9	-999	0	0	0	0	1	0	0	1	0	0	0	0	0	2	7	0	0	7	7	0	0	10	0	200	0	0	1.25	2.25	3.25	0	0	7	2	0	0	0	0	1	7	7	44	45	0
cost	0	0	0	1	0	7	0	0	0	0	0	10	0	6	9	1101	0	0	0	0	1	0	0	1	0	0	0	0	0	2	7	0	0	7	7	0	0	10	0	200	0	0	1.25	2.25	3.25	0	0	7	2	0	0	0	0	1	7	7	44	45	0
cost	0	0	0	1	0	7	0	0	0	0	0	10	0	6	9	1300	0	0	0	0	1	0	0	1	0	0	0	0	0	2	7	0	0	7	7	0	0	10	0	200	0	0	1.25	2.25	3.25	0	0	7	2	0	0	0	0	1	7	7	44	45	0
cost	0	0	0	1	0	7	0	0	0	0	0	0	5	6	9	7	0	0	0	0	1	0	0	1	0	0	0	0	0	2	7	0	0	7	7	0	0	0	5	200	0	0	1.25	2.25	3.25	0	0	7	2	0	0	0	0	1	7	7	44	45	0
cost	0	0	0	1	0	7	0	0	0	0	0	0	5	6	9	857	0	0	0	0	1	0	0	1	0	0	0	0	0	2	7	0	0	7	7	0	0	0	5	200	0	0	1.25	2.25	3.25	0	0	7	2	0	0	0	0	1	7	7	44	45	0
cost	0	0	0	1	0	7	0	0	0	0	0	0	5	6	9	999	0	0	0	0	1	0	0	1	0	0	0	0	0	2	7	0	0	7	7	0	0	0	5	200	0	0	1.25	2.25	3.25	0	0	7	2	0	0	0	0	1	7	7	44	45	0
cost	0	0	0	1	0	7	0	0	0	0	0	0	5	6	9	-999	0	0	0	0	1	0	0	1	0	0	0	0	0	2	7	0	0	7	7	0	0	0	5	200	0	0	1.25	2.25	3.25	0	0	7	2	0	0	0	0	1	7	7	44	45	0
cost	0	0	0	1	0	7	0	0	0	0	0	0	5	6	9	1101	0	0	0	0	1	0	0	1	0	0	0	0	0	2	7	0	0	7	7	0	0	0	5	200	0	0	1.25	2.25	3.25	0	0	7	2	0	0	0	0	1	7	7	44	45	0
cost	0	0	0	1	0	7	0	0	0	0	0	0	5	6	9	1300	0	0	0	0	1	0	0	1	0	0	0	0	0	2	7	0	0	7	7	0	0	0	5	200	0	0	1.25	2.25	3.25	0	0	7	2	0	0	0	0	1	7	7	44	45	0
cost	0	0	0	1	0	7	0	0	0	0	0	5	5	6	9	7	0	0	0	0	1	0	0	1	0	0	0	0	0	2	7	0	0	7	7	0	0	5	5	200	0	0	1.25	2.25	3.25	0	0	7	2	0	0	0	0	1	7	7	44	45	0
cost	0	0	0	1	0	7	0	0	0	0	0	5	5	6	9	857	0	0	0	0	1	0	0	1	0	0	0	0	0	2	7	0	0	7	7	0	0	5	5	200	0	0	1.25	2.25	3.25	0	0	7	2	0	0	0	0	1	7	7	44	45	0
cost	0	0	0	1	0	7	0	0	0	0	0	5	5	6	9	999	0	0	0	0	1	0	0	1	0	0	0	0	0	2	7	0	0	7	7	0	0	5	5	200	0	0	1.25	2.25	3.25	0	0	7	2	0	0	0	0	1	7	7	44	45	0
cost	0	0	0	1	0	7	0	0	0	0	0	5	5	6	9	-999	0	0	0	0	1	0	0	1	0	0	0	0	0	2	7	0	0	7	7	0	0	5	5	200	0	0	1.25	2.25	3.25	0	0	7	2	0	0	0	0	1	7	7	44	45	0
cost	0	0	0	1	0	7	0	0	0	0	0	5	5	6	9	1101	0	0	0	0	1	0	0	1	0	0	0	0	0	2	7	0	0	7	7	0	0	5	5	200	0	0	1.25	2.25	3.25	0	0	7	2	0	0	0	0	1	7	7	44	45	0
cost	0	0	0	1	0	7	0	0	0	0	0	5	5	6	9	1300	0	0	0	0	1	0	0	1	0	0	0	0	0	2	7	0	0	7	7	0	0	5	5	200	0	0	1.25	2.25	3.25	0	0	7	2	0	0	0	0	1	7	7	44	45	0
cost	0	0	0	1	0	7	0	0	0	0	0	6	5	6	9	7	0	0	0	0	1	0	0	1	0	0	0	0	0	2	7	0	0	7	7	0	0	6	5	200	0	0	1.25	2.25	3.25	0	0	7	2	0	0	0	0	1	7	7	44	45	0
cost	0	0	0	1	0	7	0	0	0	0	0	6	5	6	9	857	0	0	0	0	1	0	0	1	0	0	0	0	0	2	7	0	0	7	7	0	0	6	5	200	0	0	1.25	2.25	3.25	0	0	7	2	0	0	0	0	1	7	7	44	45	0
cost	0	0	0	1	0	7	0	0	0	0	0	6	5	6	9	999	0	0	0	0	1	0	0	1	0	0	0	0	0	2	7	0	0	7	7	0	0	6	5	200	0	0	1.25	2.25	3.25	0	0	7	2	0	0	0	0	1	7	7	44	45	0
cost	0	0	0	1	0	7	0	0	0	0	0	6	5	6	9	-999	0	0	0	0	1	0	0	1	0	0	0	0	0	2	7	0	0	7	7	0	0	6	5	200	0	0	1.25	2.25	3.25	0	0	7	2	0	0	0	0	1	7	7	44	45	0
cost	0	0	0	1	0	7	0	0	0	0	0	6	5	6	9	1101	0	0	0	0	1	0	0	1	0	0	0	0	0	2	7	0	0	7	7	0	0	6	5	200	0	0	1.25	2.25	3.25	0	0	7	2	0	0	0	0	1	7	7	44	45	0
cost	0	0	0	1	0	7	0	0	0	0	0	6	5	6	9	1300	0	0	0	0	1	0	0	1	0	0	0	0	0	2	7	0	0	7	7	0	0	6	5	200	0	0	1.25	2.25	3.25	0	0	7	2	0	0	0	0	1	7	7	44	45	0
cost	0	0	0	1	0	7	0	0	0	0	0	8	5	6	9	7	0	0	0	0	1	0	0	1	0	0	0	0	0	2	7	0	0	7	7	0	0	8	5	200	0	0	1.25	2.25	3.25	0	0	7	2	0	0	0	0	1	7	7	44	45	0
cost	0	0	0	1	0	7	0	0	0	0	0	8	5	6	9	857	0	0	0	0	1	0	0	1	0	0	0	0	0	2	7	0	0	7	7	0	0	8	5	200	0	0	1.25	2.25	3.25	0	0	7	2	0	0	0	0	1	7	7	44	45	0
cost	0	0	0	1	0	7	0	0	0	0	0	8	5	6	9	999	0	0	0	0	1	0	0	1	0	0	0	0	0	2	7	0	0	7	7	0	0	8	5	200	0	0	1.25	2.25	3.25	0	0	7	2	0	0	0	0	1	7	7	44	45	0
cost	0	0	0	1	0	7	0	0	0	0	0	8	5	6	9	-999	0	0	0	0	1	0	0	1	0	0	0	0	0	2	7	0	0	7	7	0	0	8	5	200	0	0	1.25	2.25	3.25	0	0	7	2	0	0	0	0	1	7	7	44	45	0
cost	0	0	0	1	0	7	0	0	0	0	0	8	5	6	9	1101	0	0	0	0	1	0	0	1	0	0	0	0	0	2	7	0	0	7	7	0	0	8	5	200	0	0	1.25	2.25	3.25	0	0	7	2	0	0	0	0	1	7	7	44	45	0
cost	0	0	0	1	0	7	0	0	0	0	0	8	5	6	9	1300	0	0	0	0	1	0	0	1	0	0	0	0	0	2	7	0	0	7	7	0	0	8	5	200	0	0	1.25	2.25	3.25	0	0	7	2	0	0	0	0	1	7	7	44	45	0
cost	0	0	0	1	0	7	0	0	0	0	0	9	5	6	9	7	0	0	0	0	1	0	0	1	0	0	0	0	0	2	7	0	0	7	7	0	0	9	5	200	0	0	1.25	2.25	3.25	0	0	7	2	0	0	0	0	1	7	7	44	45	0
cost	0	0	0	1	0	7	0	0	0	0	0	9	5	6	9	857	0	0	0	0	1	0	0	1	0	0	0	0	0	2	7	0	0	7	7	0	0	9	5	200	0	0	1.25	2.25	3.25	0	0	7	2	0	0	0	0	1	7	7	44	45	0
cost	0	0	0	1	0	7	0	0	0	0	0	9	5	6	9	999	0	0	0	0	1	0	0	1	0	0	0	0	0	2	7	0	0	7	7	0	0	9	5	200	0	0	1.25	2.25	3.25	0	0	7	2	0	0	0	0	1	7	7	44	45	0
cost	0	0	0	1	0	7	0	0	0	0	0	9	5	6	9	-999	0	0	0	0	1	0	0	1	0	0	0	0	0	2	7	0	0	7	7	0	0	9	5	200	0	0	1.25	2.25	3.25	0	0	7	2	0	0	0	0	1	7	7	44	45	0
cost	0	0	0	1	0	7	0	0	0	0	0	9	5	6	9	1101	0	0	0	0	1	0	0	1	0	0	0	0	0	2	7	0	0	7	7	0	0	9	5	200	0	0	1.25	2.25	3.25	0	0	7	2	0	0	0	0	1	7	7	44	45	0
cost	0	0	0	1	0	7	0	0	0	0	0	9	5	6	9	1300	0	0	0	0	1	0	0	1	0	0	0	0	0	2	7	0	0	7	7	0	0	9	5	200	0	0	1.25	2.25	3.25	0	0	7	2	0	0	0	0	1	7	7	44	45	0
cost	0	0	0	1	0	7	0	0	0	0	0	10	5	6	9	7	0	0	0	0	1	0	0	1	0	0	0	0	0	2	7	0	0	7	7	0	0	10	5	200	0	0	1.25	2.25	3.25	0	0	7	2	0	0	0	0	1	7	7	44	45	0
cost	0	0	0	1	0	7	0	0	0	0	0	10	5	6	9	857	0	0	0	0	1	0	0	1	0	0	0	0	0	2	7	0	0	7	7	0	0	10	5	200	0	0	1.25	2.25	3.25	0	0	7	2	0	0	0	0	1	7	7	44	45	0
cost	0	0	0	1	0	7	0	0	0	0	0	10	5	6	9	999	0	0	0	0	1	0	0	1	0	0	0	0	0	2	7	0	0	7	7	0	0	10	5	200	0	0	1.25	2.25	3.25	0	0	7	2	0	0	0	0	1	7	7	44	45	0
cost	0	0	0	1	0	7	0	0	0	0	0	10	5	6	9	-999	0	0	0	0	1	0	0	1	0	0	0	0	0	2	7	0	0	7	7	0	0	10	5	200	0	0	1.25	2.25	3.25	0	0	7	2	0	0	0	0	1	7	7	44	45	0
cost	0	0	0	1	0	7	0	0	0	0	0	10	5	6	9	1101	0	0	0	0	1	0	0	1	0	0	0	0	0	2	7	0	0	7	7	0	0	10	5	200	0	0	1.25	2.25	3.25	0	0	7	2	0	0	0	0	1	7	7	44	45	0
cost	0	0	0	1	0	7	0	0	0	0	0	10	5	6	9	1300	0	0	0	0	1	0	0	1	0	0	0	0	0	2	7	0	0	7	7	0	0	10	5	200	0	0	1.25	2.25	3.25	0	0	7	2	0	0	0	0	1	7	7	44	45	0
cost	0	0	0	1	0	7	0	0	0	0	0	0	6	6	9	7	0	0	0	0	1	0	0	1	0	0	0	0	0	2	7	0	0	7	7	0	0	0	6	200	0	0	1.25	2.25	3.25	0	0	7	2	0	0	0	0	1	7	7	44	45	0
cost	0	0	0	1	0	7	0	0	0	0	0	0	6	6	9	857	0	0	0	0	1	0	0	1	0	0	0	0	0	2	7	0	0	7	7	0	0	0	6	200	0	0	1.25	2.25	3.25	0	0	7	2	0	0	0	0	1	7	7	44	45	0
cost	0	0	0	1	0	7	0	0	0	0	0	0	6	6	9	999	0	0	0	0	1	0	0	1	0	0	0	0	0	2	7	0	0	7	7	0	0	0	6	200	0	0	1.25	2.25	3.25	0	0	7	2	0	0	0	0	1	7	7	44	45	0
cost	0	0	0	1	0	7	0	0	0	0	0	0	6	6	9	-999	0	0	0	0	1	0	0	1	0	0	0	0	0	2	7	0	0	7	7	0	0	0	6	200	0	0	1.25	2.25	3.25	0	0	7	2	0	0	0	0	1	7	7	44	45	0
cost	0	0	0	1	0	7	0	0	0	0	0	0	6	6	9	1101	0	0	0	0	1	0	0	1	0	0	0	0	0	2	7	0	0	7	7	0	0	0	6	200	0	0	1.25	2.25	3.25	0	0	7	2	0	0	0	0	1	7	7	44	45	0
cost	0	0	0	1	0	7	0	0	0	0	0	0	6	6	9	1300	0	0	0	0	1	0	0	1	0	0	0	0	0	2	7	0	0	7	7	0	0	0	6	200	0	0	1.25	2.25	3.25	0	0	7	2	0	0	0	0	1	7	7	44	45	0
cost	0	0	0	1	0	7	0	0	0	0	0	5	6	6	9	7	0	0	0	0	1	0	0	1	0	0	0	0	0	2	7	0	0	7	7	0	0	5	6	200	0	0	1.25	2.25	3.25	0	0	7	2	0	0	0	0	1	7	7	44	45	0
cost	0	0	0	1	0	7	0	0	0	0	0	5	6	6	9	857	0	0	0	0	1	0	0	1	0	0	0	0	0	2	7	0	0	7	7	0	0	5	6	200	0	0	1.25	2.25	3.25	0	0	7	2	0	0	0	0	1	7	7	44	45	0
cost	0	0	0	1	0	7	0	0	0	0	0	5	6	6	9	999	0	0	0	0	1	0	0	1	0	0	0	0	0	2	7	0	0	7	7	0	0	5	6	200	0	0	1.25	2.25	3.25	0	0	7	2	0	0	0	0	1	7	7	44	45	0
cost	0	0	0	1	0	7	0	0	0	0	0	5	6	6	9	-999	0	0	0	0	1	0	0	1	0	0	0	0	0	2	7	0	0	7	7	0	0	5	6	200	0	0	1.25	2.25	3.25	0	0	7	2	0	0	0	0	1	7	7	44	45	0
cost	0	0	0	1	0	7	0	0	0	0	0	5	6	6	9	1101	0	0	0	0	1	0	0	1	0	0	0	0	0	2	7	0	0	7	7	0	0	5	6	200	0	0	1.25	2.25	3.25	0	0	7	2	0	0	0	0	1	7	7	44	45	0
cost	0	0	0	1	0	7	0	0	0	0	0	5	6	6	9	1300	0	0	0	0	1	0	0	1	0	0	0	0	0	2	7	0	0	7	7	0	0	5	6	200	0	0	1.25	2.25	3.25	0	0	7	2	0	0	0	0	1	7	7	44	45	0
cost	0	0	0	1	0	7	0	0	0	0	0	6	6	6	9	7	0	0	0	0	1	0	0	1	0	0	0	0	0	2	7	0	0	7	7	0	0	6	6	200	0	0	1.25	2.25	3.25	0	0	7	2	0	0	0	0	1	7	7	44	45	0
cost	0	0	0	1	0	7	0	0	0	0	0	6	6	6	9	857	0	0	0	0	1	0	0	1	0	0	0	0	0	2	7	0	0	7	7	0	0	6	6	200	0	0	1.25	2.25	3.25	0	0	7	2	0	0	0	0	1	7	7	44	45	0
cost	0	0	0	1	0	7	0	0	0	0	0	6	6	6	9	999	0	0	0	0	1	0	0	1	0	0	0	0	0	2	7	0	0	7	7	0	0	6	6	200	0	0	1.25	2.25	3.25	0	0	7	2	0	0	0	0	1	7	7	44	45	0
cost	0	0	0	1	0	7	0	0	0	0	0	6	6	6	9	-999	0	0	0	0	1	0	0	1	0	0	0	0	0	2	7	0	0	7	7	0	0	6	6	200	0	0	1.25	2.25	3.25	0	0	7	2	0	0	0	0	1	7	7	44	45	0
cost	0	0	0	1	0	7	0	0	0	0	0	6	6	6	9	1101	0	0	0	0	1	0	0	1	0	0	0	0	0	2	7	0	0	7	7	0	0	6	6	200	0	0	1.25	2.25	3.25	0	0	7	2	0	0	0	0	1	7	7	44	45	0
cost	0	0	0	1	0	7	0	0	0	0	0	6	6	6	9	1300	0	0	0	0	1	0	0	1	0	0	0	0	0	2	7	0	0	7	7	0	0	6	6	200	0	0	1.25	2.25	3.25	0	0	7	2	0	0	0	0	1	7	7	44	45	0
cost	0	0	0	1	0	7	0	0	0	0	0	8	6	6	9	7	0	0	0	0	1	0	0	1	0	0	0	0	0	2	7	0	0	7	7	0	0	8	6	200	0	0	1.25	2.25	3.25	0	0	7	2	0	0	0	0	1	7	7	44	45	0
cost	0	0	0	1	0	7	0	0	0	0	0	8	6	6	9	857	0	0	0	0	1	0	0	1	0	0	0	0	0	2	7	0	0	7	7	0	0	8	6	200	0	0	1.25	2.25	3.25	0	0	7	2	0	0	0	0	1	7	7	44	45	0
cost	0	0	0	1	0	7	0	0	0	0	0	8	6	6	9	999	0	0	0	0	1	0	0	1	0	0	0	0	0	2	7	0	0	7	7	0	0	8	6	200	0	0	1.25	2.25	3.25	0	0	7	2	0	0	0	0	1	7	7	44	45	0
cost	0	0	0	1	0	7	0	0	0	0	0	8	6	6	9	-999	0	0	0	0	1	0	0	1	0	0	0	0	0	2	7	0	0	7	7	0	0	8	6	200	0	0	1.25	2.25	3.25	0	0	7	2	0	0	0	0	1	7	7	44	45	0
cost	0	0	0	1	0	7	0	0	0	0	0	8	6	6	9	1101	0	0	0	0	1	0	0	1	0	0	0	0	0	2	7	0	0	7	7	0	0	8	6	200	0	0	1.25	2.25	3.25	0	0	7	2	0	0	0	0	1	7	7	44	45	0
cost	0	0	0	1	0	7	0	0	0	0	0	8	6	6	9	1300	0	0	0	0	1	0	0	1	0	0	0	0	0	2	7	0	0	7	7	0	0	8	6	200	0	0	1.25	2.25	3.25	0	0	7	2	0	0	0	0	1	7	7	44	45	0
cost	0	0	0	1	0	7	0	0	0	0	0	9	6	6	9	7	0	0	0	0	1	0	0	1	0	0	0	0	0	2	7	0	0	7	7	0	0	9	6	200	0	0	1.25	2.25	3.25	0	0	7	2	0	0	0	0	1	7	7	44	45	0
cost	0	0	0	1	0	7	0	0	0	0	0	9	6	6	9	857	0	0	0	0	1	0	0	1	0	0	0	0	0	2	7	0	0	7	7	0	0	9	6	200	0	0	1.25	2.25	3.25	0	0	7	2	0	0	0	0	1	7	7	44	45	0
cost	0	0	0	1	0	7	0	0	0	0	0	9	6	6	9	999	0	0	0	0	1	0	0	1	0	0	0	0	0	2	7	0	0	7	7	0	0	9	6	200	0	0	1.25	2.25	3.25	0	0	7	2	0	0	0	0	1	7	7	44	45	0
cost	0	0	0	1	0	7	0	0	0	0	0	9	6	6	9	-999	0	0	0	0	1	0	0	1	0	0	0	0	0	2	7	0	0	7	7	0	0	9	6	200	0	0	1.25	2.25	3.25	0	0	7	2	0	0	0	0	1	7	7	44	45	0
cost	0	0	0	1	0	7	0	0	0	0	0	9	6	6	9	1101	0	0	0	0	1	0	0	1	0	0	0	0	0	2	7	0	0	7	7	0	0	9	6	200	0	0	1.25	2.25	3.25	0	0	7	2	0	0	0	0	1	7	7	44	45	0
cost	0	0	0	1	0	7	0	0	0	0	0	9	6	6	9	1300	0	0	0	0	1	0	0	1	0	0	0	0	0	2	7	0	0	7	7	0	0	9	6	200	0	0	1.25	2.25	3.25	0	0	7	2	0	0	0	0	1	7	7	44	45	0
cost	0	0	0	1	0	7	0	0	0	0	0	10	6	6	9	7	0	0	0	0	1	0	0	1	0	0	0	0	0	2	7	0	0	7	7	0	0	10	6	200	0	0	1.25	2.25	3.25	0	0	7	2	0	0	0	0	1	7	7	44	45	0
cost	0	0	0	1	0	7	0	0	0	0	0	10	6	6	9	857	0	0	0	0	1	0	0	1	0	0	0	0	0	2	7	0	0	7	7	0	0	10	6	200	0	0	1.25	2.25	3.25	0	0	7	2	0	0	0	0	1	7	7	44	45	0
cost	0	0	0	1	0	7	0	0	0	0	0	10	6	6	9	999	0	0	0	0	1	0	0	1	0	0	0	0	0	2	7	0	0	7	7	0	0	10	6	200	0	0	1.25	2.25	3.25	0	0	7	2	0	0	0	0	1	7	7	44	45	0
cost	0	0	0	1	0	7	0	0	0	0	0	10	6	6	9	-999	0	0	0	0	1	0	0	1	0	0	0	0	0	2	7	0	0	7	7	0	0	10	6	200	0	0	1.25	2.25	3.25	0	0	7	2	0	0	0	0	1	7	7	44	45	0
cost	0	0	0	1	0	7	0	0	0	0	0	10	6	6	9	1101	0	0	0	0	1	0	0	1	0	0	0	0	0	2	7	0	0	7	7	0	0	10	6	200	0	0	1.25	2.25	3.25	0	0	7	2	0	0	0	0	1	7	7	44	45	0
cost	0	0	0	1	0	7	0	0	0	0	0	10	6	6	9	1300	0	0	0	0	1	0	0	1	0	0	0	0	0	2	7	0	0	7	7	0	0	10	6	200	0	0	1.25	2.25	3.25	0	0	7	2	0	0	0	0	1	7	7	44	45	0
cost	0	0	0	1	0	7	0	0	0	0	0	0	8	6	9	7	0	0	0	0	1	0	0	1	0	0	0	0	0	2	7	0	0	7	7	0	0	0	8	200	0	0	1.25	2.25	3.25	0	0	7	2	0	0	0	0	1	7	7	44	45	0
cost	0	0	0	1	0	7	0	0	0	0	0	0	8	6	9	857	0	0	0	0	1	0	0	1	0	0	0	0	0	2	7	0	0	7	7	0	0	0	8	200	0	0	1.25	2.25	3.25	0	0	7	2	0	0	0	0	1	7	7	44	45	0
cost	0	0	0	1	0	7	0	0	0	0	0	0	8	6	9	999	0	0	0	0	1	0	0	1	0	0	0	0	0	2	7	0	0	7	7	0	0	0	8	200	0	0	1.25	2.25	3.25	0	0	7	2	0	0	0	0	1	7	7	44	45	0
cost	0	0	0	1	0	7	0	0	0	0	0	0	8	6	9	-999	0	0	0	0	1	0	0	1	0	0	0	0	0	2	7	0	0	7	7	0	0	0	8	200	0	0	1.25	2.25	3.25	0	0	7	2	0	0	0	0	1	7	7	44	45	0
cost	0	0	0	1	0	7	0	0	0	0	0	0	8	6	9	1101	0	0	0	0	1	0	0	1	0	0	0	0	0	2	7	0	0	7	7	0	0	0	8	200	0	0	1.25	2.25	3.25	0	0	7	2	0	0	0	0	1	7	7	44	45	0
cost	0	0	0	1	0	7	0	0	0	0	0	0	8	6	9	1300	0	0	0	0	1	0	0	1	0	0	0	0	0	2	7	0	0	7	7	0	0	0	8	200	0	0	1.25	2.25	3.25	0	0	7	2	0	0	0	0	1	7	7	44	45	0
cost	0	0	0	1	0	7	0	0	0	0	0	5	8	6	9	7	0	0	0	0	1	0	0	1	0	0	0	0	0	2	7	0	0	7	7	0	0	5	8	200	0	0	1.25	2.25	3.25	0	0	7	2	0	0	0	0	1	7	7	44	45	0
cost	0	0	0	1	0	7	0	0	0	0	0	5	8	6	9	857	0	0	0	0	1	0	0	1	0	0	0	0	0	2	7	0	0	7	7	0	0	5	8	200	0	0	1.25	2.25	3.25	0	0	7	2	0	0	0	0	1	7	7	44	45	0
cost	0	0	0	1	0	7	0	0	0	0	0	5	8	6	9	999	0	0	0	0	1	0	0	1	0	0	0	0	0	2	7	0	0	7	7	0	0	5	8	200	0	0	1.25	2.25	3.25	0	0	7	2	0	0	0	0	1	7	7	44	45	0
cost	0	0	0	1	0	7	0	0	0	0	0	5	8	6	9	-999	0	0	0	0	1	0	0	1	0	0	0	0	0	2	7	0	0	7	7	0	0	5	8	200	0	0	1.25	2.25	3.25	0	0	7	2	0	0	0	0	1	7	7	44	45	0
cost	0	0	0	1	0	7	0	0	0	0	0	5	8	6	9	1101	0	0	0	0	1	0	0	1	0	0	0	0	0	2	7	0	0	7	7	0	0	5	8	200	0	0	1.25	2.25	3.25	0	0	7	2	0	0	0	0	1	7	7	44	45	0
cost	0	0	0	1	0	7	0	0	0	0	0	5	8	6	9	1300	0	0	0	0	1	0	0	1	0	0	0	0	0	2	7	0	0	7	7	0	0	5	8	200	0	0	1.25	2.25	3.25	0	0	7	2	0	0	0	0	1	7	7	44	45	0
cost	0	0	0	1	0	7	0	0	0	0	0	6	8	6	9	7	0	0	0	0	1	0	0	1	0	0	0	0	0	2	7	0	0	7	7	0	0	6	8	200	0	0	1.25	2.25	3.25	0	0	7	2	0	0	0	0	1	7	7	44	45	0
cost	0	0	0	1	0	7	0	0	0	0	0	6	8	6	9	857	0	0	0	0	1	0	0	1	0	0	0	0	0	2	7	0	0	7	7	0	0	6	8	200	0	0	1.25	2.25	3.25	0	0	7	2	0	0	0	0	1	7	7	44	45	0
cost	0	0	0	1	0	7	0	0	0	0	0	6	8	6	9	999	0	0	0	0	1	0	0	1	0	0	0	0	0	2	7	0	0	7	7	0	0	6	8	200	0	0	1.25	2.25	3.25	0	0	7	2	0	0	0	0	1	7	7	44	45	0
cost	0	0	0	1	0	7	0	0	0	0	0	6	8	6	9	-999	0	0	0	0	1	0	0	1	0	0	0	0	0	2	7	0	0	7	7	0	0	6	8	200	0	0	1.25	2.25	3.25	0	0	7	2	0	0	0	0	1	7	7	44	45	0
cost	0	0	0	1	0	7	0	0	0	0	0	6	8	6	9	1101	0	0	0	0	1	0	0	1	0	0	0	0	0	2	7	0	0	7	7	0	0	6	8	200	0	0	1.25	2.25	3.25	0	0	7	2	0	0	0	0	1	7	7	44	45	0
cost	0	0	0	1	0	7	0	0	0	0	0	6	8	6	9	1300	0	0	0	0	1	0	0	1	0	0	0	0	0	2	7	0	0	7	7	0	0	6	8	200	0	0	1.25	2.25	3.25	0	0	7	2	0	0	0	0	1	7	7	44	45	0
cost	0	0	0	1	0	7	0	0	0	0	0	8	8	6	9	7	0	0	0	0	1	0	0	1	0	0	0	0	0	2	7	0	0	7	7	0	0	8	8	200	0	0	1.25	2.25	3.25	0	0	7	2	0	0	0	0	1	7	7	44	45	0
cost	0	0	0	1	0	7	0	0	0	0	0	8	8	6	9	857	0	0	0	0	1	0	0	1	0	0	0	0	0	2	7	0	0	7	7	0	0	8	8	200	0	0	1.25	2.25	3.25	0	0	7	2	0	0	0	0	1	7	7	44	45	0
cost	0	0	0	1	0	7	0	0	0	0	0	8	8	6	9	999	0	0	0	0	1	0	0	1	0	0	0	0	0	2	7	0	0	7	7	0	0	8	8	200	0	0	1.25	2.25	3.25	0	0	7	2	0	0	0	0	1	7	7	44	45	0
cost	0	0	0	1	0	7	0	0	0	0	0	8	8	6	9	-999	0	0	0	0	1	0	0	1	0	0	0	0	0	2	7	0	0	7	7	0	0	8	8	200	0	0	1.25	2.25	3.25	0	0	7	2	0	0	0	0	1	7	7	44	45	0
cost	0	0	0	1	0	7	0	0	0	0	0	8	8	6	9	1101	0	0	0	0	1	0	0	1	0	0	0	0	0	2	7	0	0	7	7	0	0	8	8	200	0	0	1.25	2.25	3.25	0	0	7	2	0	0	0	0	1	7	7	44	45	0
cost	0	0	0	1	0	7	0	0	0	0	0	8	8	6	9	1300	0	0	0	0	1	0	0	1	0	0	0	0	0	2	7	0	0	7	7	0	0	8	8	200	0	0	1.25	2.25	3.25	0	0	7	2	0	0	0	0	1	7	7	44	45	0
cost	0	0	0	1	0	7	0	0	0	0	0	9	8	6	9	7	0	0	0	0	1	0	0	1	0	0	0	0	0	2	7	0	0	7	7	0	0	9	8	200	0	0	1.25	2.25	3.25	0	0	7	2	0	0	0	0	1	7	7	44	45	0
cost	0	0	0	1	0	7	0	0	0	0	0	9	8	6	9	857	0	0	0	0	1	0	0	1	0	0	0	0	0	2	7	0	0	7	7	0	0	9	8	200	0	0	1.25	2.25	3.25	0	0	7	2	0	0	0	0	1	7	7	44	45	0
cost	0	0	0	1	0	7	0	0	0	0	0	9	8	6	9	999	0	0	0	0	1	0	0	1	0	0	0	0	0	2	7	0	0	7	7	0	0	9	8	200	0	0	1.25	2.25	3.25	0	0	7	2	0	0	0	0	1	7	7	44	45	0
cost	0	0	0	1	0	7	0	0	0	0	0	9	8	6	9	-999	0	0	0	0	1	0	0	1	0	0	0	0	0	2	7	0	0	7	7	0	0	9	8	200	0	0	1.25	2.25	3.25	0	0	7	2	0	0	0	0	1	7	7	44	45	0
cost	0	0	0	1	0	7	0	0	0	0	0	9	8	6	9	1101	0	0	0	0	1	0	0	1	0	0	0	0	0	2	7	0	0	7	7	0	0	9	8	200	0	0	1.25	2.25	3.25	0	0	7	2	0	0	0	0	1	7	7	44	45	0
cost	0	0	0	1	0	7	0	0	0	0	0	9	8	6	9	1300	0	0	0	0	1	0	0	1	0	0	0	0	0	2	7	0	0	7	7	0	0	9	8	200	0	0	1.25	2.25	3.25	0	0	7	2	0	0	0	0	1	7	7	44	45	0
cost	0	0	0	1	0	7	0	0	0	0	0	10	8	6	9	7	0	0	0	0	1	0	0	1	0	0	0	0	0	2	7	0	0	7	7	0	0	10	8	200	0	0	1.25	2.25	3.25	0	0	7	2	0	0	0	0	1	7	7	44	45	0
cost	0	0	0	1	0	7	0	0	0	0	0	10	8	6	9	857	0	0	0	0	1	0	0	1	0	0	0	0	0	2	7	0	0	7	7	0	0	10	8	200	0	0	1.25	2.25	3.25	0	0	7	2	0	0	0	0	1	7	7	44	45	0
cost	0	0	0	1	0	7	0	0	0	0	0	10	8	6	9	999	0	0	0	0	1	0	0	1	0	0	0	0	0	2	7	0	0	7	7	0	0	10	8	200	0	0	1.25	2.25	3.25	0	0	7	2	0	0	0	0	1	7	7	44	45	0
cost	0	0	0	1	0	7	0	0	0	0	0	10	8	6	9	-999	0	0	0	0	1	0	0	1	0	0	0	0	0	2	7	0	0	7	7	0	0	10	8	200	0	0	1.25	2.25	3.25	0	0	7	2	0	0	0	0	1	7	7	44	45	0
cost	0	0	0	1	0	7	0	0	0	0	0	10	8	6	9	1101	0	0	0	0	1	0	0	1	0	0	0	0	0	2	7	0	0	7	7	0	0	10	8	200	0	0	1.25	2.25	3.25	0	0	7	2	0	0	0	0	1	7	7	44	45	0
cost	0	0	0	1	0	7	0	0	0	0	0	10	8	6	9	1300	0	0	0	0	1	0	0	1	0	0	0	0	0	2	7	0	0	7	7	0	0	10	8	200	0	0	1.25	2.25	3.25	0	0	7	2	0	0	0	0	1	7	7	44	45	0
cost	0	0	0	1	0	7	0	0	0	0	0	0	9	6	9	7	0	0	0	0	1	0	0	1	0	0	0	0	0	2	7	0	0	7	7	0	0	0	9	200	0	0	1.25	2.25	3.25	0	0	7	2	0	0	0	0	1	7	7	44	45	0
cost	0	0	0	1	0	7	0	0	0	0	0	0	9	6	9	857	0	0	0	0	1	0	0	1	0	0	0	0	0	2	7	0	0	7	7	0	0	0	9	200	0	0	1.25	2.25	3.25	0	0	7	2	0	0	0	0	1	7	7	44	45	0
cost	0	0	0	1	0	7	0	0	0	0	0	0	9	6	9	999	0	0	0	0	1	0	0	1	0	0	0	0	0	2	7	0	0	7	7	0	0	0	9	200	0	0	1.25	2.25	3.25	0	0	7	2	0	0	0	0	1	7	7	44	45	0
cost	0	0	0	1	0	7	0	0	0	0	0	0	9	6	9	-999	0	0	0	0	1	0	0	1	0	0	0	0	0	2	7	0	0	7	7	0	0	0	9	200	0	0	1.25	2.25	3.25	0	0	7	2	0	0	0	0	1	7	7	44	45	0
cost	0	0	0	1	0	7	0	0	0	0	0	0	9	6	9	1101	0	0	0	0	1	0	0	1	0	0	0	0	0	2	7	0	0	7	7	0	0	0	9	200	0	0	1.25	2.25	3.25	0	0	7	2	0	0	0	0	1	7	7	44	45	0
cost	0	0	0	1	0	7	0	0	0	0	0	0	9	6	9	1300	0	0	0	0	1	0	0	1	0	0	0	0	0	2	7	0	0	7	7	0	0	0	9	200	0	0	1.25	2.25	3.25	0	0	7	2	0	0	0	0	1	7	7	44	45	0
cost	0	0	0	1	0	7	0	0	0	0	0	5	9	6	9	7	0	0	0	0	1	0	0	1	0	0	0	0	0	2	7	0	0	7	7	0	0	5	9	200	0	0	1.25	2.25	3.25	0	0	7	2	0	0	0	0	1	7	7	44	45	0
cost	0	0	0	1	0	7	0	0	0	0	0	5	9	6	9	857	0	0	0	0	1	0	0	1	0	0	0	0	0	2	7	0	0	7	7	0	0	5	9	200	0	0	1.25	2.25	3.25	0	0	7	2	0	0	0	0	1	7	7	44	45	0
cost	0	0	0	1	0	7	0	0	0	0	0	5	9	6	9	999	0	0	0	0	1	0	0	1	0	0	0	0	0	2	7	0	0	7	7	0	0	5	9	200	0	0	1.25	2.25	3.25	0	0	7	2	0	0	0	0	1	7	7	44	45	0
cost	0	0	0	1	0	7	0	0	0	0	0	5	9	6	9	-999	0	0	0	0	1	0	0	1	0	0	0	0	0	2	7	0	0	7	7	0	0	5	9	200	0	0	1.25	2.25	3.25	0	0	7	2	0	0	0	0	1	7	7	44	45	0
cost	0	0	0	1	0	7	0	0	0	0	0	5	9	6	9	1101	0	0	0	0	1	0	0	1	0	0	0	0	0	2	7	0	0	7	7	0	0	5	9	200	0	0	1.25	2.25	3.25	0	0	7	2	0	0	0	0	1	7	7	44	45	0
cost	0	0	0	1	0	7	0	0	0	0	0	5	9	6	9	1300	0	0	0	0	1	0	0	1	0	0	0	0	0	2	7	0	0	7	7	0	0	5	9	200	0	0	1.25	2.25	3.25	0	0	7	2	0	0	0	0	1	7	7	44	45	0
cost	0	0	0	1	0	7	0	0	0	0	0	6	9	6	9	7	0	0	0	0	1	0	0	1	0	0	0	0	0	2	7	0	0	7	7	0	0	6	9	200	0	0	1.25	2.25	3.25	0	0	7	2	0	0	0	0	1	7	7	44	45	0
cost	0	0	0	1	0	7	0	0	0	0	0	6	9	6	9	857	0	0	0	0	1	0	0	1	0	0	0	0	0	2	7	0	0	7	7	0	0	6	9	200	0	0	1.25	2.25	3.25	0	0	7	2	0	0	0	0	1	7	7	44	45	0
cost	0	0	0	1	0	7	0	0	0	0	0	6	9	6	9	999	0	0	0	0	1	0	0	1	0	0	0	0	0	2	7	0	0	7	7	0	0	6	9	200	0	0	1.25	2.25	3.25	0	0	7	2	0	0	0	0	1	7	7	44	45	0
cost	0	0	0	1	0	7	0	0	0	0	0	6	9	6	9	-999	0	0	0	0	1	0	0	1	0	0	0	0	0	2	7	0	0	7	7	0	0	6	9	200	0	0	1.25	2.25	3.25	0	0	7	2	0	0	0	0	1	7	7	44	45	0
cost	0	0	0	1	0	7	0	0	0	0	0	6	9	6	9	1101	0	0	0	0	1	0	0	1	0	0	0	0	0	2	7	0	0	7	7	0	0	6	9	200	0	0	1.25	2.25	3.25	0	0	7	2	0	0	0	0	1	7	7	44	45	0
cost	0	0	0	1	0	7	0	0	0	0	0	6	9	6	9	1300	0	0	0	0	1	0	0	1	0	0	0	0	0	2	7	0	0	7	7	0	0	6	9	200	0	0	1.25	2.25	3.25	0	0	7	2	0	0	0	0	1	7	7	44	45	0
cost	0	0	0	1	0	7	0	0	0	0	0	8	9	6	9	7	0	0	0	0	1	0	0	1	0	0	0	0	0	2	7	0	0	7	7	0	0	8	9	200	0	0	1.25	2.25	3.25	0	0	7	2	0	0	0	0	1	7	7	44	45	0
cost	0	0	0	1	0	7	0	0	0	0	0	8	9	6	9	857	0	0	0	0	1	0	0	1	0	0	0	0	0	2	7	0	0	7	7	0	0	8	9	200	0	0	1.25	2.25	3.25	0	0	7	2	0	0	0	0	1	7	7	44	45	0
cost	0	0	0	1	0	7	0	0	0	0	0	8	9	6	9	999	0	0	0	0	1	0	0	1	0	0	0	0	0	2	7	0	0	7	7	0	0	8	9	200	0	0	1.25	2.25	3.25	0	0	7	2	0	0	0	0	1	7	7	44	45	0
cost	0	0	0	1	0	7	0	0	0	0	0	8	9	6	9	-999	0	0	0	0	1	0	0	1	0	0	0	0	0	2	7	0	0	7	7	0	0	8	9	200	0	0	1.25	2.25	3.25	0	0	7	2	0	0	0	0	1	7	7	44	45	0
cost	0	0	0	1	0	7	0	0	0	0	0	8	9	6	9	1101	0	0	0	0	1	0	0	1	0	0	0	0	0	2	7	0	0	7	7	0	0	8	9	200	0	0	1.25	2.25	3.25	0	0	7	2	0	0	0	0	1	7	7	44	45	0
cost	0	0	0	1	0	7	0	0	0	0	0	8	9	6	9	1300	0	0	0	0	1	0	0	1	0	0	0	0	0	2	7	0	0	7	7	0	0	8	9	200	0	0	1.25	2.25	3.25	0	0	7	2	0	0	0	0	1	7	7	44	45	0
cost	0	0	0	1	0	7	0	0	0	0	0	9	9	6	9	7	0	0	0	0	1	0	0	1	0	0	0	0	0	2	7	0	0	7	7	0	0	9	9	200	0	0	1.25	2.25	3.25	0	0	7	2	0	0	0	0	1	7	7	44	45	0
cost	0	0	0	1	0	7	0	0	0	0	0	9	9	6	9	857	0	0	0	0	1	0	0	1	0	0	0	0	0	2	7	0	0	7	7	0	0	9	9	200	0	0	1.25	2.25	3.25	0	0	7	2	0	0	0	0	1	7	7	44	45	0
cost	0	0	0	1	0	7	0	0	0	0	0	9	9	6	9	999	0	0	0	0	1	0	0	1	0	0	0	0	0	2	7	0	0	7	7	0	0	9	9	200	0	0	1.25	2.25	3.25	0	0	7	2	0	0	0	0	1	7	7	44	45	0
cost	0	0	0	1	0	7	0	0	0	0	0	9	9	6	9	-999	0	0	0	0	1	0	0	1	0	0	0	0	0	2	7	0	0	7	7	0	0	9	9	200	0	0	1.25	2.25	3.25	0	0	7	2	0	0	0	0	1	7	7	44	45	0
cost	0	0	0	1	0	7	0	0	0	0	0	9	9	6	9	1101	0	0	0	0	1	0	0	1	0	0	0	0	0	2	7	0	0	7	7	0	0	9	9	200	0	0	1.25	2.25	3.25	0	0	7	2	0	0	0	0	1	7	7	44	45	0
cost	0	0	0	1	0	7	0	0	0	0	0	9	9	6	9	1300	0	0	0	0	1	0	0	1	0	0	0	0	0	2	7	0	0	7	7	0	0	9	9	200	0	0	1.25	2.25	3.25	0	0	7	2	0	0	0	0	1	7	7	44	45	0
cost	0	0	0	1	0	7	0	0	0	0	0	10	9	6	9	7	0	0	0	0	1	0	0	1	0	0	0	0	0	2	7	0	0	7	7	0	0	10	9	200	0	0	1.25	2.25	3.25	0	0	7	2	0	0	0	0	1	7	7	44	45	0
cost	0	0	0	1	0	7	0	0	0	0	0	10	9	6	9	857	0	0	0	0	1	0	0	1	0	0	0	0	0	2	7	0	0	7	7	0	0	10	9	200	0	0	1.25	2.25	3.25	0	0	7	2	0	0	0	0	1	7	7	44	45	0
cost	0	0	0	1	0	7	0	0	0	0	0	10	9	6	9	999	0	0	0	0	1	0	0	1	0	0	0	0	0	2	7	0	0	7	7	0	0	10	9	200	0	0	1.25	2.25	3.25	0	0	7	2	0	0	0	0	1	7	7	44	45	0
cost	0	0	0	1	0	7	0	0	0	0	0	10	9	6	9	-999	0	0	0	0	1	0	0	1	0	0	0	0	0	2	7	0	0	7	7	0	0	10	9	200	0	0	1.25	2.25	3.25	0	0	7	2	0	0	0	0	1	7	7	44	45	0
cost	0	0	0	1	0	7	0	0	0	0	0	10	9	6	9	1101	0	0	0	0	1	0	0	1	0	0	0	0	0	2	7	0	0	7	7	0	0	10	9	200	0	0	1.25	2.25	3.25	0	0	7	2	0	0	0	0	1	7	7	44	45	0
cost	0	0	0	1	0	7	0	0	0	0	0	10	9	6	9	1300	0	0	0	0	1	0	0	1	0	0	0	0	0	2	7	0	0	7	7	0	0	10	9	200	0	0	1.25	2.25	3.25	0	0	7	2	0	0	0	0	1	7	7	44	45	0
cost	0	0	0	1	0	7	0	0	0	0	0	0	10	6	9	7	0	0	0	0	1	0	0	1	0	0	0	0	0	2	7	0	0	7	7	0	0	0	10	200	0	0	1.25	2.25	3.25	0	0	7	2	0	0	0	0	1	7	7	44	45	0
cost	0	0	0	1	0	7	0	0	0	0	0	0	10	6	9	857	0	0	0	0	1	0	0	1	0	0	0	0	0	2	7	0	0	7	7	0	0	0	10	200	0	0	1.25	2.25	3.25	0	0	7	2	0	0	0	0	1	7	7	44	45	0
cost	0	0	0	1	0	7	0	0	0	0	0	0	10	6	9	999	0	0	0	0	1	0	0	1	0	0	0	0	0	2	7	0	0	7	7	0	0	0	10	200	0	0	1.25	2.25	3.25	0	0	7	2	0	0	0	0	1	7	7	44	45	0
cost	0	0	0	1	0	7	0	0	0	0	0	0	10	6	9	-999	0	0	0	0	1	0	0	1	0	0	0	0	0	2	7	0	0	7	7	0	0	0	10	200	0	0	1.25	2.25	3.25	0	0	7	2	0	0	0	0	1	7	7	44	45	0
cost	0	0	0	1	0	7	0	0	0	0	0	0	10	6	9	1101	0	0	0	0	1	0	0	1	0	0	0	0	0	2	7	0	0	7	7	0	0	0	10	200	0	0	1.25	2.25	3.25	0	0	7	2	0	0	0	0	1	7	7	44	45	0
cost	0	0	0	1	0	7	0	0	0	0	0	0	10	6	9	1300	0	0	0	0	1	0	0	1	0	0	0	0	0	2	7	0	0	7	7	0	0	0	10	200	0	0	1.25	2.25	3.25	0	0	7	2	0	0	0	0	1	7	7	44	45	0
cost	0	0	0	1	0	7	0	0	0	0	0	5	10	6	9	7	0	0	0	0	1	0	0	1	0	0	0	0	0	2	7	0	0	7	7	0	0	5	10	200	0	0	1.25	2.25	3.25	0	0	7	2	0	0	0	0	1	7	7	44	45	0
cost	0	0	0	1	0	7	0	0	0	0	0	5	10	6	9	857	0	0	0	0	1	0	0	1	0	0	0	0	0	2	7	0	0	7	7	0	0	5	10	200	0	0	1.25	2.25	3.25	0	0	7	2	0	0	0	0	1	7	7	44	45	0
cost	0	0	0	1	0	7	0	0	0	0	0	5	10	6	9	999	0	0	0	0	1	0	0	1	0	0	0	0	0	2	7	0	0	7	7	0	0	5	10	200	0	0	1.25	2.25	3.25	0	0	7	2	0	0	0	0	1	7	7	44	45	0
cost	0	0	0	1	0	7	0	0	0	0	0	5	10	6	9	-999	0	0	0	0	1	0	0	1	0	0	0	0	0	2	7	0	0	7	7	0	0	5	10	200	0	0	1.25	2.25	3.25	0	0	7	2	0	0	0	0	1	7	7	44	45	0
cost	0	0	0	1	0	7	0	0	0	0	0	5	10	6	9	1101	0	0	0	0	1	0	0	1	0	0	0	0	0	2	7	0	0	7	7	0	0	5	10	200	0	0	1.25	2.25	3.25	0	0	7	2	0	0	0	0	1	7	7	44	45	0
cost	0	0	0	1	0	7	0	0	0	0	0	5	10	6	9	1300	0	0	0	0	1	0	0	1	0	0	0	0	0	2	7	0	0	7	7	0	0	5	10	200	0	0	1.25	2.25	3.25	0	0	7	2	0	0	0	0	1	7	7	44	45	0
cost	0	0	0	1	0	7	0	0	0	0	0	6	10	6	9	7	0	0	0	0	1	0	0	1	0	0	0	0	0	2	7	0	0	7	7	0	0	6	10	200	0	0	1.25	2.25	3.25	0	0	7	2	0	0	0	0	1	7	7	44	45	0
cost	0	0	0	1	0	7	0	0	0	0	0	6	10	6	9	857	0	0	0	0	1	0	0	1	0	0	0	0	0	2	7	0	0	7	7	0	0	6	10	200	0	0	1.25	2.25	3.25	0	0	7	2	0	0	0	0	1	7	7	44	45	0
cost	0	0	0	1	0	7	0	0	0	0	0	6	10	6	9	999	0	0	0	0	1	0	0	1	0	0	0	0	0	2	7	0	0	7	7	0	0	6	10	200	0	0	1.25	2.25	3.25	0	0	7	2	0	0	0	0	1	7	7	44	45	0
cost	0	0	0	1	0	7	0	0	0	0	0	6	10	6	9	-999	0	0	0	0	1	0	0	1	0	0	0	0	0	2	7	0	0	7	7	0	0	6	10	200	0	0	1.25	2.25	3.25	0	0	7	2	0	0	0	0	1	7	7	44	45	0
cost	0	0	0	1	0	7	0	0	0	0	0	6	10	6	9	1101	0	0	0	0	1	0	0	1	0	0	0	0	0	2	7	0	0	7	7	0	0	6	10	200	0	0	1.25	2.25	3.25	0	0	7	2	0	0	0	0	1	7	7	44	45	0
cost	0	0	0	1	0	7	0	0	0	0	0	6	10	6	9	1300	0	0	0	0	1	0	0	1	0	0	0	0	0	2	7	0	0	7	7	0	0	6	10	200	0	0	1.25	2.25	3.25	0	0	7	2	0	0	0	0	1	7	7	44	45	0
cost	0	0	0	1	0	7	0	0	0	0	0	8	10	6	9	7	0	0	0	0	1	0	0	1	0	0	0	0	0	2	7	0	0	7	7	0	0	8	10	200	0	0	1.25	2.25	3.25	0	0	7	2	0	0	0	0	1	7	7	44	45	0
cost	0	0	0	1	0	7	0	0	0	0	0	8	10	6	9	857	0	0	0	0	1	0	0	1	0	0	0	0	0	2	7	0	0	7	7	0	0	8	10	200	0	0	1.25	2.25	3.25	0	0	7	2	0	0	0	0	1	7	7	44	45	0
cost	0	0	0	1	0	7	0	0	0	0	0	8	10	6	9	999	0	0	0	0	1	0	0	1	0	0	0	0	0	2	7	0	0	7	7	0	0	8	10	200	0	0	1.25	2.25	3.25	0	0	7	2	0	0	0	0	1	7	7	44	45	0
cost	0	0	0	1	0	7	0	0	0	0	0	8	10	6	9	-999	0	0	0	0	1	0	0	1	0	0	0	0	0	2	7	0	0	7	7	0	0	8	10	200	0	0	1.25	2.25	3.25	0	0	7	2	0	0	0	0	1	7	7	44	45	0
cost	0	0	0	1	0	7	0	0	0	0	0	8	10	6	9	1101	0	0	0	0	1	0	0	1	0	0	0	0	0	2	7	0	0	7	7	0	0	8	10	200	0	0	1.25	2.25	3.25	0	0	7	2	0	0	0	0	1	7	7	44	45	0
cost	0	0	0	1	0	7	0	0	0	0	0	8	10	6	9	1300	0	0	0	0	1	0	0	1	0	0	0	0	0	2	7	0	0	7	7	0	0	8	10	200	0	0	1.25	2.25	3.25	0	0	7	2	0	0	0	0	1	7	7	44	45	0
cost	0	0	0	1	0	7	0	0	0	0	0	9	10	6	9	7	0	0	0	0	1	0	0	1	0	0	0	0	0	2	7	0	0	7	7	0	0	9	10	200	0	0	1.25	2.25	3.25	0	0	7	2	0	0	0	0	1	7	7	44	45	0
cost	0	0	0	1	0	7	0	0	0	0	0	9	10	6	9	857	0	0	0	0	1	0	0	1	0	0	0	0	0	2	7	0	0	7	7	0	0	9	10	200	0	0	1.25	2.25	3.25	0	0	7	2	0	0	0	0	1	7	7	44	45	0
cost	0	0	0	1	0	7	0	0	0	0	0	9	10	6	9	999	0	0	0	0	1	0	0	1	0	0	0	0	0	2	7	0	0	7	7	0	0	9	10	200	0	0	1.25	2.25	3.25	0	0	7	2	0	0	0	0	1	7	7	44	45	0
cost	0	0	0	1	0	7	0	0	0	0	0	9	10	6	9	-999	0	0	0	0	1	0	0	1	0	0	0	0	0	2	7	0	0	7	7	0	0	9	10	200	0	0	1.25	2.25	3.25	0	0	7	2	0	0	0	0	1	7	7	44	45	0
cost	0	0	0	1	0	7	0	0	0	0	0	9	10	6	9	1101	0	0	0	0	1	0	0	1	0	0	0	0	0	2	7	0	0	7	7	0	0	9	10	200	0	0	1.25	2.25	3.25	0	0	7	2	0	0	0	0	1	7	7	44	45	0
cost	0	0	0	1	0	7	0	0	0	0	0	9	10	6	9	1300	0	0	0	0	1	0	0	1	0	0	0	0	0	2	7	0	0	7	7	0	0	9	10	200	0	0	1.25	2.25	3.25	0	0	7	2	0	0	0	0	1	7	7	44	45	0
cost	0	0	0	1	0	7	0	0	0	0	0	10	10	6	9	7	0	0	0	0	1	0	0	1	0	0	0	0	0	2	7	0	0	7	7	0	0	10	10	200	0	0	1.25	2.25	3.25	0	0	7	2	0	0	0	0	1	7	7	44	45	0
cost	0	0	0	1	0	7	0	0	0	0	0	10	10	6	9	857	0	0	0	0	1	0	0	1	0	0	0	0	0	2	7	0	0	7	7	0	0	10	10	200	0	0	1.25	2.25	3.25	0	0	7	2	0	0	0	0	1	7	7	44	45	0
cost	0	0	0	1	0	7	0	0	0	0	0	10	10	6	9	999	0	0	0	0	1	0	0	1	0	0	0	0	0	2	7	0	0	7	7	0	0	10	10	200	0	0	1.25	2.25	3.25	0	0	7	2	0	0	0	0	1	7	7	44	45	0
cost	0	0	0	1	0	7	0	0	0	0	0	10	10	6	9	-999	0	0	0	0	1	0	0	1	0	0	0	0	0	2	7	0	0	7	7	0	0	10	10	200	0	0	1.25	2.25	3.25	0	0	7	2	0	0	0	0	1	7	7	44	45	0
cost	0	0	0	1	0	7	0	0	0	0	0	10	10	6	9	1101	0	0	0	0	1	0	0	1	0	0	0	0	0	2	7	0	0	7	7	0	0	10	10	200	0	0	1.25	2.25	3.25	0	0	7	2	0	0	0	0	1	7	7	44	45	0
cost	0	0	0	1	0	7	0	0	0	0	0	10	10	6	9	1300	0	0	0	0	1	0	0	1	0	0	0	0	0	2	7	0	0	7	7	0	0	10	10	200	0	0	1.25	2.25	3.25	0	0	7	2	0	0	0	0	1	7	7	44	45	0
modifiers	0	0	0	1	0	7	0	0	0	0	0	10	10	-6	-9	999	-1	0	0	0	0	0	0	1	0	0	0	0	0	2	7	0	0	7	7	0	0	10	10	200	0	0	1.25	2.25	3.25	0	0	7	2	0	0	0	0	1	7	7	44	45	0
modifiers	0	0	0	1	0	7	0	0	0	0	0	10	10	-6	-9	999	-1	0	0	0	1	0	0	1	0	0	0	0	0	2	7	0	0	7	7	0	0	4	1	198	6	9	1.25	2.25	3.25	0	0	7	2	0	0	0	0	1	7	7	44	45	0
modifiers	0	0	0	1	0	7	0	0	0	0	0	10	10	-6	-9	999	-1	0	0	1	0	0	0	1	0	0	0	0	0	2	7	0	0	7	7	0	0	10	10	200	0	0	1.25	2.25	3.25	0	0	7	2	0	0	0	0	1	7	7	44	45	0
modifiers	0	0	0	1	0	7	0	0	0	0	0	10	10	-6	-9	999	-1	0	0	1	1	0	0	1	0	0	0	0	0	2	7	0	0	7	7	0	0	10	10	200	0	0	1.25	2.25	3.25	0	0	7	2	0	0	0	0	1	7	7	44	45	0
modifiers	0	0	0	1	0	7	0	0	0	0	0	10	10	-6	-9	999	-1	0	1	0	0	0	0	1	0	0	0	0	0	2	7	0	0	7	7	0	0	10	10	200	0	0	1.25	2.25	3.25	0	0	7	2	0	0	0	0	1	7	7	44	45	0
modifiers	0	0	0	1	0	7	0	0	0	0	0	10	10	-6	-9	999	-1	0	1	0	1	0	0	1	0	0	0	0	0	4	7	0	0	999	999	0	0	10	10	200	0	0	1.25	2.25	3.25	1	999	7	2	1	1	0	0	0	-9999	-9999	-9999	-9999	-9999
modifiers	0	0	0	1	0	7	0	0	0	0	0	10	10	-6	-9	999	-1	0	1	1	0	0	0	1	0	0	0	0	0	2	7	0	0	7	7	0	0	10	10	200	0	0	1.25	2.25	3.25	0	0	7	2	0	0	0	0	1	7	7	44	45	0
modifiers	0	0	0	1	0	7	0	0	0	0	0	10	10	-6	-9	999	-1	0	1	1	1	0	0	1	0	0	0	0	0	2	7	0	0	7	7	0	0	10	10	200	0	0	1.25	2.25	3.25	0	0	7	2	0	0	0	0	1	7	7	44	45	0
modifiers	0	0	0	1	0	7	0	0	0	0	0	10	10	-6	-9	999	-1	50	0	0	0	0	0	1	0	0	0	0	0	2	7	0	0	7	7	0	0	10	10	200	0	0	1.25	2.25	3.25	0	0	7	2	0	0	0	0	1	7	7	44	45	0
modifiers	0	0	0	1	0	7	0	0	0	0	0	10	10	-6	-9	999	-1	50	0	0	1	0	0	1	0	0	0	0	0	2	7	0	0	7	7	0	0	7	6	199	3	4	1.25	2.25	3.25	0	0	7	2	0	0	0	0	1	7	7	44	45	0
modifiers	0	0	0	1	0	7	0	0	0	0	0	10	10	-6	-9	999	-1	50	0	1	0	0	0	1	0	0	0	0	0	2	7	0	0	7	7	0	0	10	10	200	0	0	1.25	2.25	3.25	0	0	7	2	0	0	0	0	1	7	7	44	45	0
modifiers	0	0	0	1	0	7	0	0	0	0	0	10	10	-6	-9	999	-1	50	0	1	1	0	0	1	0	0	0	0	0	2	7	0	0	7	7	0	0	10	10	200	0	0	1.25	2.25	3.25	0	0	7	2	0	0	0	0	1	7	7	44	45	0
modifiers	0	0	0	1	0	7	0	0	0	0	0	10	10	-6	-9	999	-1	50	1	0	0	0	0	1	0	0	0	0	0	2	7	0	0	7	7	0	0	10	10	200	0	0	1.25	2.25	3.25	0	0	7	2	0	0	0	0	1	7	7	44	45	0
modifiers	0	0	0	1	0	7	0	0	0	0	0	10	10	-6	-9	999	-1	50	1	0	1	0	0	1	0	0	0	0	0	2	7	0	0	7	7	0	0	4	2	198	6	8	1.25	2.25	3.25	0	0	7	2	0	0	0	0	1	7	7	44	45	0
modifiers	0	0	0	1	0	7	0	0	0	0	0	10	10	-6	-9	999	-1	50	1	1	0	0	0	1	0	0	0	0	0	2	7	0	0	7	7	0	0	10	10	200	0	0	1.25	2.25	3.25	0	0	7	2	0	0	0	0	1	7	7	44	45	0
modifiers	0	0	0	1	0	7	0	0	0	0	0	10	10	-6	-9	999	-1	50	1	1	1	0	0	1	0	0	0	0	0	2	7	0	0	7	7	0	0	10	10	200	0	0	1.25	2.25	3.25	0	0	7	2	0	0	0	0	1	7	7	44	45	0
modifiers	0	0	0	1	0	7	0	0	0	0	0	10	10	-6	-9	999	-1	100	0	0	0	0	0	1	0	0	0	0	0	2	7	0	0	7	7	0	0	10	10	200	0	0	1.25	2.25	3.25	0	0	7	2	0	0	0	0	1	7	7	44	45	0
modifiers	0	0	0	1	0	7	0	0	0	0	0	10	10	-6	-9	999	-1	100	0	0	1	0	0	1	0	0	0	0	0	2	7	0	0	7	7	0	0	4	1	198	6	9	1.25	2.25	3.25	0	0	7	2	0	0	0	0	1	7	7	44	45	0
modifiers	0	0	0	1	0	7	0	0	0	0	0	10	10	-6	-9	999	-1	100	0	1	0	0	0	1	0	0	0	0	0	2	7	0	0	7	7	0	0	10	10	200	0	0	1.25	2.25	3.25	0	0	7	2	0	0	0	0	1	7	7	44	45	0
modifiers	0	0	0	1	0	7	0	0	0	0	0	10	10	-6	-9	999	-1	100	0	1	1	0	0	1	0	0	0	0	0	2	7	0	0	7	7	0	0	10	10	200	0	0	1.25	2.25	3.25	0	0	7	2	0	0	0	0	1	7	7	44	45	0
modifiers	0	0	0	1	0	7	0	0	0	0	0	10	10	-6	-9	999	-1	100	1	0	0	0	0	1	0	0	0	0	0	2	7	0	0	7	7	0	0	10	10	200	0	0	1.25	2.25	3.25	0	0	7	2	0	0	0	0	1	7	7	44	45	0
modifiers	0	0	0	1	0	7	0	0	0	0	0	10	10	-6	-9	999	-1	100	1	0	1	0	0	1	0	0	0	0	0	4	7	0	0	999	999	0	0	10	10	200	0	0	1.25	2.25	3.25	1	999	7	2	1	1	0	0	0	-9999	-9999	-9999	-9999	-9999
modifiers	0	0	0	1	0	7	0	0	0	0	0	10	10	-6	-9	999	-1	100	1	1	0	0	0	1	0	0	0	0	0	2	7	0	0	7	7	0	0	10	10	200	0	0	1.25	2.25	3.25	0	0	7	2	0	0	0	0	1	7	7	44	45	0
modifiers	0	0	0	1	0	7	0	0	0	0	0	10	10	-6	-9	999	-1	100	1	1	1	0	0	1	0	0	0	0	0	2	7	0	0	7	7	0	0	10	10	200	0	0	1.25	2.25	3.25	0	0	7	2	0	0	0	0	1	7	7	44	45	0
modifiers	0	0	0	1	0	7	0	0	0	0	0	10	10	-6	-9	999	-1	200	0	0	0	0	0	1	0	0	0	0	0	2	7	0	0	7	7	0	0	10	10	200	0	0	1.25	2.25	3.25	0	0	7	2	0	0	0	0	1	7	7	44	45	0
modifiers	0	0	0	1	0	7	0	0	0	0	0	10	10	-6	-9	999	-1	200	0	0	1	0	0	1	0	0	0	0	0	4	7	0	0	999	999	0	0	10	10	200	0	0	1.25	2.25	3.25	1	999	7	2	1	1	0	0	0	-9999	-9999	-9999	-9999	-9999
modifiers	0	0	0	1	0	7	0	0	0	0	0	10	10	-6	-9	999	-1	200	0	1	0	0	0	1	0	0	0	0	0	2	7	0	0	7	7	0	0	10	10	200	0	0	1.25	2.25	3.25	0	0	7	2	0	0	0	0	1	7	7	44	45	0
modifiers	0	0	0	1	0	7	0	0	0	0	0	10	10	-6	-9	999	-1	200	0	1	1	0	0	1	0	0	0	0	0	2	7	0	0	7	7	0	0	10	10	200	0	0	1.25	2.25	3.25	0	0	7	2	0	0	0	0	1	7	7	44	45	0
modifiers	0	0	0	1	0	7	0	0	0	0	0	10	10	-6	-9	999	-1	200	1	0	0	0	0	1	0	0	0	0	0	2	7	0	0	7	7	0	0	10	10	200	0	0	1.25	2.25	3.25	0	0	7	2	0	0	0	0	1	7	7	44	45	0
modifiers	0	0	0	1	0	7	0	0	0	0	0	10	10	-6	-9	999	-1	200	1	0	1	0	0	1	0	0	0	0	0	4	7	0	0	999	999	0	0	10	10	200	0	0	1.25	2.25	3.25	1	999	7	2	1	1	0	0	0	-9999	-9999	-9999	-9999	-9999
modifiers	0	0	0	1	0	7	0	0	0	0	0	10	10	-6	-9	999	-1	200	1	1	0	0	0	1	0	0	0	0	0	2	7	0	0	7	7	0	0	10	10	200	0	0	1.25	2.25	3.25	0	0	7	2	0	0	0	0	1	7	7	44	45	0
modifiers	0	0	0	1	0	7	0	0	0	0	0	10	10	-6	-9	999	-1	200	1	1	1	0	0	1	0	0	0	0	0	2	7	0	0	7	7	0	0	10	10	200	0	0	1.25	2.25	3.25	0	0	7	2	0	0	0	0	1	7	7	44	45	0
modifiers	0	0	0	1	0	7	0	0	0	0	0	10	10	-6	-9	999	0	0	0	0	0	0	0	1	0	0	0	0	0	2	7	0	0	7	7	0	0	10	10	200	0	0	1.25	2.25	3.25	0	0	7	2	0	0	0	0	1	7	7	44	45	0
modifiers	0	0	0	1	0	7	0	0	0	0	0	10	10	-6	-9	999	0	0	0	0	1	0	0	1	0	0	0	0	0	2	7	0	0	7	7	0	0	4	1	198	6	9	1.25	2.25	3.25	0	0	7	2	0	0	0	0	1	7	7	44	45	0
modifiers	0	0	0	1	0	7	0	0	0	0	0	10	10	-6	-9	999	0	0	0	1	0	0	0	1	0	0	0	0	0	2	7	0	0	7	7	0	0	10	10	200	0	0	1.25	2.25	3.25	0	0	7	2	0	0	0	0	1	7	7	44	45	0
modifiers	0	0	0	1	0	7	0	0	0	0	0	10	10	-6	-9	999	0	0	0	1	1	0	0	1	0	0	0	0	0	2	7	0	0	7	7	0	0	10	10	200	0	0	1.25	2.25	3.25	0	0	7	2	0	0	0	0	1	7	7	44	45	0
modifiers	0	0	0	1	0	7	0	0	0	0	0	10	10	-6	-9	999	0	0	1	0	0	0	0	1	0	0	0	0	0	2	7	0	0	7	7	0	0	10	10	200	0	0	1.25	2.25	3.25	0	0	7	2	0	0	0	0	1	7	7	44	45	0
modifiers	0	0	0	1	0	7	0	0	0	0	0	10	10	-6	-9	999	0	0	1	0	1	0	0	1	0	0	0	0	0	4	7	0	0	999	999	0	0	10	10	200	0	0	1.25	2.25	3.25	1	999	7	2	1	1	0	0	0	-9999	-9999	-9999	-9999	-9999
modifiers	0	0	0	1	0	7	0	0	0	0	0	10	10	-6	-9	999	0	0	1	1	0	0	0	1	0	0	0	0	0	2	7	0	0	7	7	0	0	10	10	200	0	0	1.25	2.25	3.25	0	0	7	2	0	0	0	0	1	7	7	44	45	0
modifiers	0	0	0	1	0	7	0	0	0	0	0	10	10	-6	-9	999	0	0	1	1	1	0	0	1	0	0	0	0	0	2	7	0	0	7	7	0	0	10	10	200	0	0	1.25	2.25	3.25	0	0	7	2	0	0	0	0	1	7	7	44	45	0
modifiers	0	0	0	1	0	7	0	0	0	0	0	10	10	-6	-9	999	0	50	0	0	0	0	0	1	0	0	0	0	0	2	7	0	0	7	7	0	0	10	10	200	0	0	1.25	2.25	3.25	0	0	7	2	0	0	0	0	1	7	7	44	45	0
modifiers	0	0	0	1	0	7	0	0	0	0	0	10	10	-6	-9	999	0	50	0	0	1	0	0	1	0	0	0	0	0	2	7	0	0	7	7	0	0	7	6	199	3	4	1.25	2.25	3.25	0	0	7	2	0	0	0	0	1	7	7	44	45	0
modifiers	0	0	0	1	0	7	0	0	0	0	0	10	10	-6	-9	999	0	50	0	1	0	0	0	1	0	0	0	0	0	2	7	0	0	7	7	0	0	10	10	200	0	0	1.25	2.25	3.25	0	0	7	2	0	0	0	0	1	7	7	44	45	0
modifiers	0	0	0	1	0	7	0	0	0	0	0	10	10	-6	-9	999	0	50	0	1	1	0	0	1	0	0	0	0	0	2	7	0	0	7	7	0	0	10	10	200	0	0	1.25	2.25	3.25	0	0	7	2	0	0	0	0	1	7	7	44	45	0
modifiers	0	0	0	1	0	7	0	0	0	0	0	10	10	-6	-9	999	0	50	1	0	0	0	0	1	0	0	0	0	0	2	7	0	0	7	7	0	0	10	10	200	0	0	1.25	2.25	3.25	0	0	7	2	0	0	0	0	1	7	7	44	45	0
modifiers	0	0	0	1	0	7	0	0	0	0	0	10	10	-6	-9	999	0	50	1	0	1	0	0	1	0	0	0	0	0	2	7	0	0	7	7	0	0	4	2	198	6	8	1.25	2.25	3.25	0	0	7	2	0	0	0	0	1	7	7	44	45	0
modifiers	0	0	0	1	0	7	0	0	0	0	0	10	10	-6	-9	999	0	50	1	1	0	0	0	1	0	0	0	0	0	2	7	0	0	7	7	0	0	10	10	200	0	0	1.25	2.25	3.25	0	0	7	2	0	0	0	0	1	7	7	44	45	0
modifiers	0	0	0	1	0	7	0	0	0	0	0	10	10	-6	-9	999	0	50	1	1	1	0	0	1	0	0	0	0	0	2	7	0	0	7	7	0	0	10	10	200	0	0	1.25	2.25	3.25	0	0	7	2	0	0	0	0	1	7	7	44	45	0
modifiers	0	0	0	1	0	7	0	0	0	0	0	10	10	-6	-9	999	0	100	0	0	0	0	0	1	0	0	0	0	0	2	7	0	0	7	7	0	0	10	10	200	0	0	1.25	2.25	3.25	0	0	7	2	0	0	0	0	1	7	7	44	45	0
modifiers	0	0	0	1	0	7	0	0	0	0	0	10	10	-6	-9	999	0	100	0	0	1	0	0	1	0	0	0	0	0	2	7	0	0	7	7	0	0	4	1	198	6	9	1.25	2.25	3.25	0	0	7	2	0	0	0	0	1	7	7	44	45	0
modifiers	0	0	0	1	0	7	0	0	0	0	0	10	10	-6	-9	999	0	100	0	1	0	0	0	1	0	0	0	0	0	2	7	0	0	7	7	0	0	10	10	200	0	0	1.25	2.25	3.25	0	0	7	2	0	0	0	0	1	7	7	44	45	0
modifiers	0	0	0	1	0	7	0	0	0	0	0	10	10	-6	-9	999	0	100	0	1	1	0	0	1	0	0	0	0	0	2	7	0	0	7	7	0	0	10	10	200	0	0	1.25	2.25	3.25	0	0	7	2	0	0	0	0	1	7	7	44	45	0
modifiers	0	0	0	1	0	7	0	0	0	0	0	10	10	-6	-9	999	0	100	1	0	0	0	0	1	0	0	0	0	0	2	7	0	0	7	7	0	0	10	10	200	0	0	1.25	2.25	3.25	0	0	7	2	0	0	0	0	1	7	7	44	45	0
modifiers	0	0	0	1	0	7	0	0	0	0	0	10	10	-6	-9	999	0	100	1	0	1	0	0	1	0	0	0	0	0	4	7	0	0	999	999	0	0	10	10	200	0	0	1.25	2.25	3.25	1	999	7	2	1	1	0	0	0	-9999	-9999	-9999	-9999	-9999
modifiers	0	0	0	1	0	7	0	0	0	0	0	10	10	-6	-9	999	0	100	1	1	0	0	0	1	0	0	0	0	0	2	7	0	0	7	7	0	0	10	10	200	0	0	1.25	2.25	3.25	0	0	7	2	0	0	0	0	1	7	7	44	45	0
modifiers	0	0	0	1	0	7	0	0	0	0	0	10	10	-6	-9	999	0	100	1	1	1	0	0	1	0	0	0	0	0	2	7	0	0	7	7	0	0	10	10	200	0	0	1.25	2.25	3.25	0	0	7	2	0	0	0	0	1	7	7	44	45	0
modifiers	0	0	0	1	0	7	0	0	0	0	0	10	10	-6	-9	999	0	200	0	0	0	0	0	1	0	0	0	0	0	2	7	0	0	7	7	0	0	10	10	200	0	0	1.25	2.25	3.25	0	0	7	2	0	0	0	0	1	7	7	44	45	0
modifiers	0	0	0	1	0	7	0	0	0	0	0	10	10	-6	-9	999	0	200	0	0	1	0	0	1	0	0	0	0	0	4	7	0	0	999	999	0	0	10	10	200	0	0	1.25	2.25	3.25	1	999	7	2	1	1	0	0	0	-9999	-9999	-9999	-9999	-9999
modifiers	0	0	0	1	0	7	0	0	0	0	0	10	10	-6	-9	999	0	200	0	1	0	0	0	1	0	0	0	0	0	2	7	0	0	7	7	0	0	10	10	200	0	0	1.25	2.25	3.25	0	0	7	2	0	0	0	0	1	7	7	44	45	0
modifiers	0	0	0	1	0	7	0	0	0	0	0	10	10	-6	-9	999	0	200	0	1	1	0	0	1	0	0	0	0	0	2	7	0	0	7	7	0	0	10	10	200	0	0	1.25	2.25	3.25	0	0	7	2	0	0	0	0	1	7	7	44	45	0
modifiers	0	0	0	1	0	7	0	0	0	0	0	10	10	-6	-9	999	0	200	1	0	0	0	0	1	0	0	0	0	0	2	7	0	0	7	7	0	0	10	10	200	0	0	1.25	2.25	3.25	0	0	7	2	0	0	0	0	1	7	7	44	45	0
modifiers	0	0	0	1	0	7	0	0	0	0	0	10	10	-6	-9	999	0	200	1	0	1	0	0	1	0	0	0	0	0	4	7	0	0	999	999	0	0	10	10	200	0	0	1.25	2.25	3.25	1	999	7	2	1	1	0	0	0	-9999	-9999	-9999	-9999	-9999
modifiers	0	0	0	1	0	7	0	0	0	0	0	10	10	-6	-9	999	0	200	1	1	0	0	0	1	0	0	0	0	0	2	7	0	0	7	7	0	0	10	10	200	0	0	1.25	2.25	3.25	0	0	7	2	0	0	0	0	1	7	7	44	45	0
modifiers	0	0	0	1	0	7	0	0	0	0	0	10	10	-6	-9	999	0	200	1	1	1	0	0	1	0	0	0	0	0	2	7	0	0	7	7	0	0	10	10	200	0	0	1.25	2.25	3.25	0	0	7	2	0	0	0	0	1	7	7	44	45	0
modifiers	0	0	0	1	0	7	0	0	0	0	0	10	10	-6	-9	999	25	0	0	0	0	0	0	1	0	0	0	0	0	2	7	0	0	7	7	0	0	10	10	200	0	0	1.25	2.25	3.25	0	0	7	2	0	0	0	0	1	7	7	44	45	0
modifiers	0	0	0	1	0	7	0	0	0	0	0	10	10	-6	-9	999	25	0	0	0	1	0	0	1	0	0	0	0	0	2	7	0	0	7	7	0	0	9	8	200	1	2	1.25	2.25	3.25	0	0	7	2	0	0	0	0	1	7	7	44	45	0
modifiers	0	0	0	1	0	7	0	0	0	0	0	10	10	-6	-9	999	25	0	0	1	0	0	0	1	0	0	0	0	0	2	7	0	0	7	7	0	0	10	10	200	0	0	1.25	2.25	3.25	0	0	7	2	0	0	0	0	1	7	7	44	45	0
modifiers	0	0	0	1	0	7	0	0	0	0	0	10	10	-6	-9	999	25	0	0	1	1	0	0	1	0	0	0	0	0	2	7	0	0	7	7	0	0	10	10	200	0	0	1.25	2.25	3.25	0	0	7	2	0	0	0	0	1	7	7	44	45	0
modifiers	0	0	0	1	0	7	0	0	0	0	0	10	10	-6	-9	999	25	0	1	0	0	0	0	1	0	0	0	0	0	2	7	0	0	7	7	0	0	10	10	200	0	0	1.25	2.25	3.25	0	0	7	2	0	0	0	0	1	7	7	44	45	0
modifiers	0	0	0	1	0	7	0	0	0	0	0	10	10	-6	-9	999	25	0	1	0	1	0	0	1	0	0	0	0	0	2	7	0	0	7	7	0	0	8	6	200	2	4	1.25	2.25	3.25	0	0	7	2	0	0	0	0	1	7	7	44	45	0
modifiers	0	0	0	1	0	7	0	0	0	0	0	10	10	-6	-9	999	25	0	1	1	0	0	0	1	0	0	0	0	0	2	7	0	0	7	7	0	0	10	10	200	0	0	1.25	2.25	3.25	0	0	7	2	0	0	0	0	1	7	7	44	45	0
modifiers	0	0	0	1	0	7	0	0	0	0	0	10	10	-6	-9	999	25	0	1	1	1	0	0	1	0	0	0	0	0	2	7	0	0	7	7	0	0	10	10	200	0	0	1.25	2.25	3.25	0	0	7	2	0	0	0	0	1	7	7	44	45	0
modifiers	0	0	0	1	0	7	0	0	0	0	0	10	10	-6	-9	999	25	50	0	0	0	0	0	1	0	0	0	0	0	2	7	0	0	7	7	0	0	10	10	200	0	0	1.25	2.25	3.25	0	0	7	2	0	0	0	0	1	7	7	44	45	0
modifiers	0	0	0	1	0	7	0	0	0	0	0	10	10	-6	-9	999	25	50	0	0	1	0	0	1	0	0	0	0	0	2	7	0	0	7	7	0	0	9	8	200	1	2	1.25	2.25	3.25	0	0	7	2	0	0	0	0	1	7	7	44	45	0
modifiers	0	0	0	1	0	7	0	0	0	0	0	10	10	-6	-9	999	25	50	0	1	0	0	0	1	0	0	0	0	0	2	7	0	0	7	7	0	0	10	10	200	0	0	1.25	2.25	3.25	0	0	7	2	0	0	0	0	1	7	7	44	45	0
modifiers	0	0	0	1	0	7	0	0	0	0	0	10	10	-6	-9	999	25	50	0	1	1	0	0	1	0	0	0	0	0	2	7	0	0	7	7	0	0	10	10	200	0	0	1.25	2.25	3.25	0	0	7	2	0	0	0	0	1	7	7	44	45	0
modifiers	0	0	0	1	0	7	0	0	0	0	0	10	10	-6	-9	999	25	50	1	0	0	0	0	1	0	0	0	0	0	2	7	0	0	7	7	0	0	10	10	200	0	0	1.25	2.25	3.25	0	0	7	2	0	0	0	0	1	7	7	44	45	0
modifiers	0	0	0	1	0	7	0	0	0	0	0	10	10	-6	-9	999	25	50	1	0	1	0	0	1	0	0	0	0	0	2	7	0	0	7	7	0	0	8	6	200	2	4	1.25	2.25	3.25	0	0	7	2	0	0	0	0	1	7	7	44	45	0
modifiers	0	0	0	1	0	7	0	0	0	0	0	10	10	-6	-9	999	25	50	1	1	0	0	0	1	0	0	0	0	0	2	7	0	0	7	7	0	0	10	10	200	0	0	1.25	2.25	3.25	0	0	7	2	0	0	0	0	1	7	7	44	45	0
modifiers	0	0	0	1	0	7	0	0	0	0	0	10	10	-6	-9	999	25	50	1	1	1	0	0	1	0	0	0	0	0	2	7	0	0	7	7	0	0	10	10	200	0	0	1.25	2.25	3.25	0	0	7	2	0	0	0	0	1	7	7	44	45	0
modifiers	0	0	0	1	0	7	0	0	0	0	0	10	10	-6	-9	999	25	100	0	0	0	0	0	1	0	0	0	0	0	2	7	0	0	7	7	0	0	10	10	200	0	0	1.25	2.25	3.25	0	0	7	2	0	0	0	0	1	7	7	44	45	0
modifiers	0	0	0	1	0	7	0	0	0	0	0	10	10	-6	-9	999	25	100	0	0	1	0	0	1	0	0	0	0	0	2	7	0	0	7	7	0	0	9	8	200	1	2	1.25	2.25	3.25	0	0	7	2	0	0	0	0	1	7	7	44	45	0
modifiers	0	0	0	1	0	7	0	0	0	0	0	10	10	-6	-9	999	25	100	0	1	0	0	0	1	0	0	0	0	0	2	7	0	0	7	7	0	0	10	10	200	0	0	1.25	2.25	3.25	0	0	7	2	0	0	0	0	1	7	7	44	45	0
modifiers	0	0	0	1	0	7	0	0	0	0	0	10	10	-6	-9	999	25	100	0	1	1	0	0	1	0	0	0	0	0	2	7	0	0	7	7	0	0	10	10	200	0	0	1.25	2.25	3.25	0	0	7	2	0	0	0	0	1	7	7	44	45	0
modifiers	0	0	0	1	0	7	0	0	0	0	0	10	10	-6	-9	999	25	100	1	0	0	0	0	1	0	0	0	0	0	2	7	0	0	7	7	0	0	10	10	200	0	0	1.25	2.25	3.25	0	0	7	2	0	0	0	0	1	7	7	44	45	0
modifiers	0	0	0	1	0	7	0	0	0	0	0	10	10	-6	-9	999	25	100	1	0	1	0	0	1	0	0	0	0	0	2	7	0	0	7	7	0	0	8	6	200	2	4	1.25	2.25	3.25	0	0	7	2	0	0	0	0	1	7	7	44	45	0
modifiers	0	0	0	1	0	7	0	0	0	0	0	10	10	-6	-9	999	25	100	1	1	0	0	0	1	0	0	0	0	0	2	7	0	0	7	7	0	0	10	10	200	0	0	1.25	2.25	3.25	0	0	7	2	0	0	0	0	1	7	7	44	45	0
modifiers	0	0	0	1	0	7	0	0	0	0	0	10	10	-6	-9	999	25	100	1	1	1	0	0	1	0	0	0	0	0	2	7	0	0	7	7	0	0	10	10	200	0	0	1.25	2.25	3.25	0	0	7	2	0	0	0	0	1	7	7	44	45	0
modifiers	0	0	0	1	0	7	0	0	0	0	0	10	10	-6	-9	999	25	200	0	0	0	0	0	1	0	0	0	0	0	2	7	0	0	7	7	0	0	10	10	200	0	0	1.25	2.25	3.25	0	0	7	2	0	0	0	0	1	7	7	44	45	0
modifiers	0	0	0	1	0	7	0	0	0	0	0	10	10	-6	-9	999	25	200	0	0	1	0	0	1	0	0	0	0	0	2	7	0	0	7	7	0	0	9	8	200	1	2	1.25	2.25	3.25	0	0	7	2	0	0	0	0	1	7	7	44	45	0
modifiers	0	0	0	1	0	7	0	0	0	0	0	10	10	-6	-9	999	25	200	0	1	0	0	0	1	0	0	0	0	0	2	7	0	0	7	7	0	0	10	10	200	0	0	1.25	2.25	3.25	0	0	7	2	0	0	0	0	1	7	7	44	45	0
modifiers	0	0	0	1	0	7	0	0	0	0	0	10	10	-6	-9	999	25	200	0	1	1	0	0	1	0	0	0	0	0	2	7	0	0	7	7	0	0	10	10	200	0	0	1.25	2.25	3.25	0	0	7	2	0	0	0	0	1	7	7	44	45	0
modifiers	0	0	0	1	0	7	0	0	0	0	0	10	10	-6	-9	999	25	200	1	0	0	0	0	1	0	0	0	0	0	2	7	0	0	7	7	0	0	10	10	200	0	0	1.25	2.25	3.25	0	0	7	2	0	0	0	0	1	7	7	44	45	0
modifiers	0	0	0	1	0	7	0	0	0	0	0	10	10	-6	-9	999	25	200	1	0	1	0	0	1	0	0	0	0	0	2	7	0	0	7	7	0	0	8	6	200	2	4	1.25	2.25	3.25	0	0	7	2	0	0	0	0	1	7	7	44	45	0
modifiers	0	0	0	1	0	7	0	0	0	0	0	10	10	-6	-9	999	25	200	1	1	0	0	0	1	0	0	0	0	0	2	7	0	0	7	7	0	0	10	10	200	0	0	1.25	2.25	3.25	0	0	7	2	0	0	0	0	1	7	7	44	45	0
modifiers	0	0	0	1	0	7	0	0	0	0	0	10	10	-6	-9	999	25	200	1	1	1	0	0	1	0	0	0	0	0	2	7	0	0	7	7	0	0	10	10	200	0	0	1.25	2.25	3.25	0	0	7	2	0	0	0	0	1	7	7	44	45	0
modifiers	0	0	0	1	0	7	0	0	0	0	0	10	10	-6	-9	999	100	0	0	0	0	0	0	1	0	0	0	0	0	2	7	0	0	7	7	0	0	10	10	200	0	0	1.25	2.25	3.25	0	0	7	2	0	0	0	0	1	7	7	44	45	0
modifiers	0	0	0	1	0	7	0	0	0	0	0	10	10	-6	-9	999	100	0	0	0	1	0	0	1	0	0	0	0	0	2	7	0	0	7	7	0	0	4	1	198	6	9	1.25	2.25	3.25	0	0	7	2	0	0	0	0	1	7	7	44	45	0
modifiers	0	0	0	1	0	7	0	0	0	0	0	10	10	-6	-9	999	100	0	0	1	0	0	0	1	0	0	0	0	0	2	7	0	0	7	7	0	0	10	10	200	0	0	1.25	2.25	3.25	0	0	7	2	0	0	0	0	1	7	7	44	45	0
modifiers	0	0	0	1	0	7	0	0	0	0	0	10	10	-6	-9	999	100	0	0	1	1	0	0	1	0	0	0	0	0	2	7	0	0	7	7	0	0	10	10	200	0	0	1.25	2.25	3.25	0	0	7	2	0	0	0	0	1	7	7	44	45	0
modifiers	0	0	0	1	0	7	0	0	0	0	0	10	10	-6	-9	999	100	0	1	0	0	0	0	1	0	0	0	0	0	2	7	0	0	7	7	0	0	10	10	200	0	0	1.25	2.25	3.25	0	0	7	2	0	0	0	0	1	7	7	44	45	0
modifiers	0	0	0	1	0	7	0	0	0	0	0	10	10	-6	-9	999	100	0	1	0	1	0	0	1	0	0	0	0	0	4	7	0	0	999	999	0	0	10	10	200	0	0	1.25	2.25	3.25	1	999	7	2	1	1	0	0	0	-9999	-9999	-9999	-9999	-9999
modifiers	0	0	0	1	0	7	0	0	0	0	0	10	10	-6	-9	999	100	0	1	1	0	0	0	1	0	0	0	0	0	2	7	0	0	7	7	0	0	10	10	200	0	0	1.25	2.25	3.25	0	0	7	2	0	0	0	0	1	7	7	44	45	0
modifiers	0	0	0	1	0	7	0	0	0	0	0	10	10	-6	-9	999	100	0	1	1	1	0	0	1	0	0	0	0	0	2	7	0	0	7	7	0	0	10	10	200	0	0	1.25	2.25	3.25	0	0	7	2	0	0	0	0	1	7	7	44	45	0
modifiers	0	0	0	1	0	7	0	0	0	0	0	10	10	-6	-9	999	100	50	0	0	0	0	0	1	0	0	0	0	0	2	7	0	0	7	7	0	0	10	10	200	0	0	1.25	2.25	3.25	0	0	7	2	0	0	0	0	1	7	7	44	45	0
modifiers	0	0	0	1	0	7	0	0	0	0	0	10	10	-6	-9	999	100	50	0	0	1	0	0	1	0	0	0	0	0	2	7	0	0	7	7	0	0	4	1	198	6	9	1.25	2.25	3.25	0	0	7	2	0	0	0	0	1	7	7	44	45	0
modifiers	0	0	0	1	0	7	0	0	0	0	0	10	10	-6	-9	999	100	50	0	1	0	0	0	1	0	0	0	0	0	2	7	0	0	7	7	0	0	10	10	200	0	0	1.25	2.25	3.25	0	0	7	2	0	0	0	0	1	7	7	44	45	0
modifiers	0	0	0	1	0	7	0	0	0	0	0	10	10	-6	-9	999	100	50	0	1	1	0	0	1	0	0	0	0	0	2	7	0	0	7	7	0	0	10	10	200	0	0	1.25	2.25	3.25	0	0	7	2	0	0	0	0	1	7	7	44	45	0
modifiers	0	0	0	1	0	7	0	0	0	0	0	10	10	-6	-9	999	100	50	1	0	0	0	0	1	0	0	0	0	0	2	7	0	0	7	7	0	0	10	10	200	0	0	1.25	2.25	3.25	0	0	7	2	0	0	0	0	1	7	7	44	45	0
modifiers	0	0	0	1	0	7	0	0	0	0	0	10	10	-6	-9	999	100	50	1	0	1	0	0	1	0	0	0	0	0	4	7	0	0	999	999	0	0	10	10	200	0	0	1.25	2.25	3.25	1	999	7	2	1	1	0	0	0	-9999	-9999	-9999	-9999	-9999
modifiers	0	0	0	1	0	7	0	0	0	0	0	10	10	-6	-9	999	100	50	1	1	0	0	0	1	0	0	0	0	0	2	7	0	0	7	7	0	0	10	10	200	0	0	1.25	2.25	3.25	0	0	7	2	0	0	0	0	1	7	7	44	45	0
modifiers	0	0	0	1	0	7	0	0	0	0	0	10	10	-6	-9	999	100	50	1	1	1	0	0	1	0	0	0	0	0	2	7	0	0	7	7	0	0	10	10	200	0	0	1.25	2.25	3.25	0	0	7	2	0	0	0	0	1	7	7	44	45	0
modifiers	0	0	0	1	0	7	0	0	0	0	0	10	10	-6	-9	999	100	100	0	0	0	0	0	1	0	0	0	0	0	2	7	0	0	7	7	0	0	10	10	200	0	0	1.25	2.25	3.25	0	0	7	2	0	0	0	0	1	7	7	44	45	0
modifiers	0	0	0	1	0	7	0	0	0	0	0	10	10	-6	-9	999	100	100	0	0	1	0	0	1	0	0	0	0	0	2	7	0	0	7	7	0	0	4	1	198	6	9	1.25	2.25	3.25	0	0	7	2	0	0	0	0	1	7	7	44	45	0
modifiers	0	0	0	1	0	7	0	0	0	0	0	10	10	-6	-9	999	100	100	0	1	0	0	0	1	0	0	0	0	0	2	7	0	0	7	7	0	0	10	10	200	0	0	1.25	2.25	3.25	0	0	7	2	0	0	0	0	1	7	7	44	45	0
modifiers	0	0	0	1	0	7	0	0	0	0	0	10	10	-6	-9	999	100	100	0	1	1	0	0	1	0	0	0	0	0	2	7	0	0	7	7	0	0	10	10	200	0	0	1.25	2.25	3.25	0	0	7	2	0	0	0	0	1	7	7	44	45	0
modifiers	0	0	0	1	0	7	0	0	0	0	0	10	10	-6	-9	999	100	100	1	0	0	0	0	1	0	0	0	0	0	2	7	0	0	7	7	0	0	10	10	200	0	0	1.25	2.25	3.25	0	0	7	2	0	0	0	0	1	7	7	44	45	0
modifiers	0	0	0	1	0	7	0	0	0	0	0	10	10	-6	-9	999	100	100	1	0	1	0	0	1	0	0	0	0	0	4	7	0	0	999	999	0	0	10	10	200	0	0	1.25	2.25	3.25	1	999	7	2	1	1	0	0	0	-9999	-9999	-9999	-9999	-9999
modifiers	0	0	0	1	0	7	0	0	0	0	0	10	10	-6	-9	999	100	100	1	1	0	0	0	1	0	0	0	0	0	2	7	0	0	7	7	0	0	10	10	200	0	0	1.25	2.25	3.25	0	0	7	2	0	0	0	0	1	7	7	44	45	0
modifiers	0	0	0	1	0	7	0	0	0	0	0	10	10	-6	-9	999	100	100	1	1	1	0	0	1	0	0	0	0	0	2	7	0	0	7	7	0	0	10	10	200	0	0	1.25	2.25	3.25	0	0	7	2	0	0	0	0	1	7	7	44	45	0
modifiers	0	0	0	1	0	7	0	0	0	0	0	10	10	-6	-9	999	100	200	0	0	0	0	0	1	0	0	0	0	0	2	7	0	0	7	7	0	0	10	10	200	0	0	1.25	2.25	3.25	0	0	7	2	0	0	0	0	1	7	7	44	45	0
modifiers	0	0	0	1	0	7	0	0	0	0	0	10	10	-6	-9	999	100	200	0	0	1	0	0	1	0	0	0	0	0	2	7	0	0	7	7	0	0	4	1	198	6	9	1.25	2.25	3.25	0	0	7	2	0	0	0	0	1	7	7	44	45	0
modifiers	0	0	0	1	0	7	0	0	0	0	0	10	10	-6	-9	999	100	200	0	1	0	0	0	1	0	0	0	0	0	2	7	0	0	7	7	0	0	10	10	200	0	0	1.25	2.25	3.25	0	0	7	2	0	0	0	0	1	7	7	44	45	0
modifiers	0	0	0	1	0	7	0	0	0	0	0	10	10	-6	-9	999	100	200	0	1	1	0	0	1	0	0	0	0	0	2	7	0	0	7	7	0	0	10	10	200	0	0	1.25	2.25	3.25	0	0	7	2	0	0	0	0	1	7	7	44	45	0
modifiers	0	0	0	1	0	7	0	0	0	0	0	10	10	-6	-9	999	100	200	1	0	0	0	0	1	0	0	0	0	0	2	7	0	0	7	7	0	0	10	10	200	0	0	1.25	2.25	3.25	0	0	7	2	0	0	0	0	1	7	7	44	45	0
modifiers	0	0	0	1	0	7	0	0	0	0	0	10	10	-6	-9	999	100	200	1	0	1	0	0	1	0	0	0	0	0	4	7	0	0	999	999	0	0	10	10	200	0	0	1.25	2.25	3.25	1	999	7	2	1	1	0	0	0	-9999	-9999	-9999	-9999	-9999
modifiers	0	0	0	1	0	7	0	0	0	0	0	10	10	-6	-9	999	100	200	1	1	0	0	0	1	0	0	0	0	0	2	7	0	0	7	7	0	0	10	10	200	0	0	1.25	2.25	3.25	0	0	7	2	0	0	0	0	1	7	7	44	45	0
modifiers	0	0	0	1	0	7	0	0	0	0	0	10	10	-6	-9	999	100	200	1	1	1	0	0	1	0	0	0	0	0	2	7	0	0	7	7	0	0	10	10	200	0	0	1.25	2.25	3.25	0	0	7	2	0	0	0	0	1	7	7	44	45	0
modifiers	0	0	0	1	0	7	0	0	0	0	0	10	10	-6	-9	999	150	0	0	0	0	0	0	1	0	0	0	0	0	2	7	0	0	7	7	0	0	10	10	200	0	0	1.25	2.25	3.25	0	0	7	2	0	0	0	0	1	7	7	44	45	0
modifiers	0	0	0	1	0	7	0	0	0	0	0	10	10	-6	-9	999	150	0	0	0	1	0	0	1	0	0	0	0	0	4	7	0	0	999	999	0	0	1	10	197	9	0	1.25	2.25	3.25	1	999	7	2	1	1	0	0	0	-9999	-9999	-9999	-9999	-9999
modifiers	0	0	0	1	0	7	0	0	0	0	0	10	10	-6	-9	999	150	0	0	1	0	0	0	1	0	0	0	0	0	2	7	0	0	7	7	0	0	10	10	200	0	0	1.25	2.25	3.25	0	0	7	2	0	0	0	0	1	7	7	44	45	0
modifiers	0	0	0	1	0	7	0	0	0	0	0	10	10	-6	-9	999	150	0	0	1	1	0	0	1	0	0	0	0	0	2	7	0	0	7	7	0	0	10	10	200	0	0	1.25	2.25	3.25	0	0	7	2	0	0	0	0	1	7	7	44	45	0
modifiers	0	0	0	1	0	7	0	0	0	0	0	10	10	-6	-9	999	150	0	1	0	0	0	0	1	0	0	0	0	0	2	7	0	0	7	7	0	0	10	10	200	0	0	1.25	2.25	3.25	0	0	7	2	0	0	0	0	1	7	7	44	45	0
modifiers	0	0	0	1	0	7	0	0	0	0	0	10	10	-6	-9	999	150	0	1	0	1	0	0	1	0	0	0	0	0	4	7	0	0	999	999	0	0	10	10	200	0	0	1.25	2.25	3.25	1	999	7	2	1	1	0	0	0	-9999	-9999	-9999	-9999	-9999
modifiers	0	0	0	1	0	7	0	0	0	0	0	10	10	-6	-9	999	150	0	1	1	0	0	0	1	0	0	0	0	0	2	7	0	0	7	7	0	0	10	10	200	0	0	1.25	2.25	3.25	0	0	7	2	0	0	0	0	1	7	7	44	45	0
modifiers	0	0	0	1	0	7	0	0	0	0	0	10	10	-6	-9	999	150	0	1	1	1	0	0	1	0	0	0	0	0	2	7	0	0	7	7	0	0	10	10	200	0	0	1.25	2.25	3.25	0	0	7	2	0	0	0	0	1	7	7	44	45	0
modifiers	0	0	0	1	0	7	0	0	0	0	0	10	10	-6	-9	999	150	50	0	0	0	0	0	1	0	0	0	0	0	2	7	0	0	7	7	0	0	10	10	200	0	0	1.25	2.25	3.25	0	0	7	2	0	0	0	0	1	7	7	44	45	0
modifiers	0	0	0	1	0	7	0	0	0	0	0	10	10	-6	-9	999	150	50	0	0	1	0	0	1	0	0	0	0	0	4	7	0	0	999	999	0	0	1	10	197	9	0	1.25	2.25	3.25	1	999	7	2	1	1	0	0	0	-9999	-9999	-9999	-9999	-9999
modifiers	0	0	0	1	0	7	0	0	0	0	0	10	10	-6	-9	999	150	50	0	1	0	0	0	1	0	0	0	0	0	2	7	0	0	7	7	0	0	10	10	200	0	0	1.25	2.25	3.25	0	0	7	2	0	0	0	0	1	7	7	44	45	0
modifiers	0	0	0	1	0	7	0	0	0	0	0	10	10	-6	-9	999	150	50	0	1	1	0	0	1	0	0	0	0	0	2	7	0	0	7	7	0	0	10	10	200	0	0	1.25	2.25	3.25	0	0	7	2	0	0	0	0	1	7	7	44	45	0
modifiers	0	0	0	1	0	7	0	0	0	0	0	10	10	-6	-9	999	150	50	1	0	0	0	0	1	0	0	0	0	0	2	7	0	0	7	7	0	0	10	10	200	0	0	1.25	2.25	3.25	0	0	7	2	0	0	0	0	1	7	7	44	45	0
modifiers	0	0	0	1	0	7	0	0	0	0	0	10	10	-6	-9	999	150	50	1	0	1	0	0	1	0	0	0	0	0	4	7	0	0	999	999	0	0	10	10	200	0	0	1.25	2.25	3.25	1	999	7	2	1	1	0	0	0	-9999	-9999	-9999	-9999	-9999
modifiers	0	0	0	1	0	7	0	0	0	0	0	10	10	-6	-9	999	150	50	1	1	0	0	0	1	0	0	0	0	0	2	7	0	0	7	7	0	0	10	10	200	0	0	1.25	2.25	3.25	0	0	7	2	0	0	0	0	1	7	7	44	45	0
modifiers	0	0	0	1	0	7	0	0	0	0	0	10	10	-6	-9	999	150	50	1	1	1	0	0	1	0	0	0	0	0	2	7	0	0	7	7	0	0	10	10	200	0	0	1.25	2.25	3.25	0	0	7	2	0	0	0	0	1	7	7	44	45	0
modifiers	0	0	0	1	0	7	0	0	0	0	0	10	10	-6	-9	999	150	100	0	0	0	0	0	1	0	0	0	0	0	2	7	0	0	7	7	0	0	10	10	200	0	0	1.25	2.25	3.25	0	0	7	2	0	0	0	0	1	7	7	44	45	0
modifiers	0	0	0	1	0	7	0	0	0	0	0	10	10	-6	-9	999	150	100	0	0	1	0	0	1	0	0	0	0	0	4	7	0	0	999	999	0	0	1	10	197	9	0	1.25	2.25	3.25	1	999	7	2	1	1	0	0	0	-9999	-9999	-9999	-9999	-9999
modifiers	0	0	0	1	0	7	0	0	0	0	0	10	10	-6	-9	999	150	100	0	1	0	0	0	1	0	0	0	0	0	2	7	0	0	7	7	0	0	10	10	200	0	0	1.25	2.25	3.25	0	0	7	2	0	0	0	0	1	7	7	44	45	0
modifiers	0	0	0	1	0	7	0	0	0	0	0	10	10	-6	-9	999	150	100	0	1	1	0	0	1	0	0	0	0	0	2	7	0	0	7	7	0	0	10	10	200	0	0	1.25	2.25	3.25	0	0	7	2	0	0	0	0	1	7	7	44	45	0
modifiers	0	0	0	1	0	7	0	0	0	0	0	10	10	-6	-9	999	150	100	1	0	0	0	0	1	0	0	0	0	0	2	7	0	0	7	7	0	0	10	10	200	0	0	1.25	2.25	3.25	0	0	7	2	0	0	0	0	1	7	7	44	45	0
modifiers	0	0	0	1	0	7	0	0	0	0	0	10	10	-6	-9	999	150	100	1	0	1	0	0	1	0	0	0	0	0	4	7	0	0	999	999	0	0	10	10	200	0	0	1.25	2.25	3.25	1	999	7	2	1	1	0	0	0	-9999	-9999	-9999	-9999	-9999
modifiers	0	0	0	1	0	7	0	0	0	0	0	10	10	-6	-9	999	150	100	1	1	0	0	0	1	0	0	0	0	0	2	7	0	0	7	7	0	0	10	10	200	0	0	1.25	2.25	3.25	0	0	7	2	0	0	0	0	1	7	7	44	45	0
modifiers	0	0	0	1	0	7	0	0	0	0	0	10	10	-6	-9	999	150	100	1	1	1	0	0	1	0	0	0	0	0	2	7	0	0	7	7	0	0	10	10	200	0	0	1.25	2.25	3.25	0	0	7	2	0	0	0	0	1	7	7	44	45	0
modifiers	0	0	0	1	0	7	0	0	0	0	0	10	10	-6	-9	999	150	200	0	0	0	0	0	1	0	0	0	0	0	2	7	0	0	7	7	0	0	10	10	200	0	0	1.25	2.25	3.25	0	0	7	2	0	0	0	0	1	7	7	44	45	0
modifiers	0	0	0	1	0	7	0	0	0	0	0	10	10	-6	-9	999	150	200	0	0	1	0	0	1	0	0	0	0	0	4	7	0	0	999	999	0	0	1	10	197	9	0	1.25	2.25	3.25	1	999	7	2	1	1	0	0	0	-9999	-9999	-9999	-9999	-9999
modifiers	0	0	0	1	0	7	0	0	0	0	0	10	10	-6	-9	999	150	200	0	1	0	0	0	1	0	0	0	0	0	2	7	0	0	7	7	0	0	10	10	200	0	0	1.25	2.25	3.25	0	0	7	2	0	0	0	0	1	7	7	44	45	0
modifiers	0	0	0	1	0	7	0	0	0	0	0	10	10	-6	-9	999	150	200	0	1	1	0	0	1	0	0	0	0	0	2	7	0	0	7	7	0	0	10	10	200	0	0	1.25	2.25	3.25	0	0	7	2	0	0	0	0	1	7	7	44	45	0
modifiers	0	0	0	1	0	7	0	0	0	0	0	10	10	-6	-9	999	150	200	1	0	0	0	0	1	0	0	0	0	0	2	7	0	0	7	7	0	0	10	10	200	0	0	1.25	2.25	3.25	0	0	7	2	0	0	0	0	1	7	7	44	45	0
modifiers	0	0	0	1	0	7	0	0	0	0	0	10	10	-6	-9	999	150	200	1	0	1	0	0	1	0	0	0	0	0	4	7	0	0	999	999	0	0	10	10	200	0	0	1.25	2.25	3.25	1	999	7	2	1	1	0	0	0	-9999	-9999	-9999	-9999	-9999
modifiers	0	0	0	1	0	7	0	0	0	0	0	10	10	-6	-9	999	150	200	1	1	0	0	0	1	0	0	0	0	0	2	7	0	0	7	7	0	0	10	10	200	0	0	1.25	2.25	3.25	0	0	7	2	0	0	0	0	1	7	7	44	45	0
modifiers	0	0	0	1	0	7	0	0	0	0	0	10	10	-6	-9	999	150	200	1	1	1	0	0	1	0	0	0	0	0	2	7	0	0	7	7	0	0	10	10	200	0	0	1.25	2.25	3.25	0	0	7	2	0	0	0	0	1	7	7	44	45	0
gates	0	0	0	1	0	1000	0	0	0	0	0	100	100	0	0	0	0	0	0	0	1	-1	-1	1	0	0	0	0	0	0	0	0	0	0	0	0	0	100	100	200	0	0	1.25	2.25	3.25	0	0	-1	0	0	0	0	0	1	0	0	44	45	0
gates	0	0	0	1	0	1000	0	0	0	0	0	100	100	0	0	0	0	0	0	0	1	-1	-1	1	0	1	0	0	0	0	0	0	0	0	0	0	0	100	100	200	0	0	1.25	2.25	3.25	0	0	-1	0	0	0	0	0	1	0	0	44	45	0
gates	0	0	0	1	0	1000	0	0	0	0	0	100	100	0	0	0	0	0	0	0	1	-1	0	1	0	0	0	0	0	0	0	0	0	0	0	0	0	100	100	200	0	0	1.25	2.25	3.25	0	0	-1	0	0	0	0	0	1	0	0	44	45	0
gates	0	0	0	1	0	1000	0	0	0	0	0	100	100	0	0	0	0	0	0	0	1	-1	0	1	0	1	0	0	0	0	0	0	0	0	0	0	0	100	100	200	0	0	1.25	2.25	3.25	0	0	-1	0	0	0	0	0	1	0	0	44	45	0
gates	0	0	0	1	0	1000	0	0	0	0	0	100	100	0	0	0	0	0	0	0	1	-1	1	1	0	0	0	0	0	0	0	0	0	0	0	0	0	100	100	200	0	0	1.25	2.25	3.25	0	0	-1	0	0	0	0	0	1	0	0	44	45	0
gates	0	0	0	1	0	1000	0	0	0	0	0	100	100	0	0	0	0	0	0	0	1	-1	1	1	0	1	0	0	0	0	0	0	0	0	0	0	0	100	100	200	0	0	1.25	2.25	3.25	0	0	-1	0	0	0	0	0	1	0	0	44	45	0
gates	0	0	0	1	0	1000	0	0	0	0	0	100	100	0	0	0	0	0	0	0	1	0	-1	1	0	0	0	0	0	0	0	0	0	0	0	0	0	100	100	200	0	0	1.25	2.25	3.25	0	0	-1	0	0	0	0	0	1	0	0	44	45	0
gates	0	0	0	1	0	1000	0	0	0	0	0	100	100	0	0	0	0	0	0	0	1	0	-1	1	0	1	0	0	0	0	0	0	0	0	0	0	0	100	100	200	0	0	1.25	2.25	3.25	0	0	-1	0	0	0	0	0	1	0	0	44	45	0
gates	0	0	0	1	0	1000	0	0	0	0	0	100	100	0	0	0	0	0	0	0	1	0	0	1	0	0	0	0	0	4	1000	0	0	1000	0	0	0	100	100	200	0	0	1.25	2.25	3.25	1	1000	0	1	1	1	0	0	0	-9999	-9999	-9999	-9999	-9999
gates	0	0	0	1	0	1000	0	0	0	0	0	100	100	0	0	0	0	0	0	0	1	0	0	1	0	1	0	0	0	4	1000	0	0	1000	0	0	0	100	100	200	0	0	1.25	2.25	3.25	1	1000	0	1	1	1	0	0	0	-9999	-9999	-9999	-9999	-9999
gates	0	0	0	1	0	1000	0	0	0	0	0	100	100	0	0	0	0	0	0	0	1	0	1	1	0	0	0	0	0	0	0	0	0	0	0	0	0	100	100	200	0	0	1.25	2.25	3.25	0	0	-1	0	0	0	0	0	1	0	0	44	45	0
gates	0	0	0	1	0	1000	0	0	0	0	0	100	100	0	0	0	0	0	0	0	1	0	1	1	0	1	0	0	0	0	0	0	0	0	0	0	0	100	100	200	0	0	1.25	2.25	3.25	0	0	-1	0	0	0	0	0	1	0	0	44	45	0
gates	3	0	0	1	0	1000	0	0	0	0	0	100	100	0	0	0	0	0	0	0	1	-1	-1	1	0	0	0	0	0	0	0	0	0	0	0	0	0	100	100	200	0	0	1.25	2.25	3.25	0	0	-1	0	0	0	0	0	1	0	0	44	45	0
gates	3	0	0	1	0	1000	0	0	0	0	0	100	100	0	0	0	0	0	0	0	1	-1	-1	1	0	1	0	0	0	0	0	0	0	0	0	0	0	100	100	200	0	0	1.25	2.25	3.25	0	0	-1	0	0	0	0	0	1	0	0	44	45	0
gates	3	0	0	1	0	1000	0	0	0	0	0	100	100	0	0	0	0	0	0	0	1	-1	0	1	0	0	0	0	0	0	0	0	0	0	0	0	0	100	100	200	0	0	1.25	2.25	3.25	0	0	-1	0	0	0	0	0	1	0	0	44	45	0
gates	3	0	0	1	0	1000	0	0	0	0	0	100	100	0	0	0	0	0	0	0	1	-1	0	1	0	1	0	0	0	0	0	0	0	0	0	0	0	100	100	200	0	0	1.25	2.25	3.25	0	0	-1	0	0	0	0	0	1	0	0	44	45	0
gates	3	0	0	1	0	1000	0	0	0	0	0	100	100	0	0	0	0	0	0	0	1	-1	1	1	0	0	0	0	0	0	0	0	0	0	0	0	0	100	100	200	0	0	1.25	2.25	3.25	0	0	-1	0	0	0	0	0	1	0	0	44	45	0
gates	3	0	0	1	0	1000	0	0	0	0	0	100	100	0	0	0	0	0	0	0	1	-1	1	1	0	1	0	0	0	0	0	0	0	0	0	0	0	100	100	200	0	0	1.25	2.25	3.25	0	0	-1	0	0	0	0	0	1	0	0	44	45	0
gates	3	0	0	1	0	1000	0	0	0	0	0	100	100	0	0	0	0	0	0	0	1	0	-1	1	0	0	0	0	0	4	1000	0	0	1000	0	0	0	100	100	200	0	0	1.25	2.25	3.25	1	1000	0	1	1	1	0	0	0	-9999	-9999	-9999	-9999	-9999
gates	3	0	0	1	0	1000	0	0	0	0	0	100	100	0	0	0	0	0	0	0	1	0	-1	1	0	1	0	0	0	4	1000	0	0	1000	0	0	0	100	100	200	0	0	1.25	2.25	3.25	1	1000	0	1	1	1	0	0	0	-9999	-9999	-9999	-9999	-9999
gates	3	0	0	1	0	1000	0	0	0	0	0	100	100	0	0	0	0	0	0	0	1	0	0	1	0	0	0	0	0	4	1000	0	0	1000	0	0	0	100	100	200	0	0	1.25	2.25	3.25	1	1000	0	1	1	1	0	0	0	-9999	-9999	-9999	-9999	-9999
gates	3	0	0	1	0	1000	0	0	0	0	0	100	100	0	0	0	0	0	0	0	1	0	0	1	0	1	0	0	0	4	1000	0	0	1000	0	0	0	100	100	200	0	0	1.25	2.25	3.25	1	1000	0	1	1	1	0	0	0	-9999	-9999	-9999	-9999	-9999
gates	3	0	0	1	0	1000	0	0	0	0	0	100	100	0	0	0	0	0	0	0	1	0	1	1	0	0	0	0	0	4	1000	0	0	1000	0	0	0	100	100	200	0	0	1.25	2.25	3.25	1	1000	0	1	1	1	0	0	0	-9999	-9999	-9999	-9999	-9999
gates	3	0	0	1	0	1000	0	0	0	0	0	100	100	0	0	0	0	0	0	0	1	0	1	1	0	1	0	0	0	4	1000	0	0	1000	0	0	0	100	100	200	0	0	1.25	2.25	3.25	1	1000	0	1	1	1	0	0	0	-9999	-9999	-9999	-9999	-9999
gates	4	0	0	1	0	1000	0	0	0	0	0	100	100	0	0	0	0	0	0	0	1	-1	-1	1	0	0	0	0	0	0	0	0	0	0	0	0	0	100	100	200	0	0	1.25	2.25	3.25	0	0	-1	0	0	0	0	0	1	0	0	44	45	0
gates	4	0	0	1	0	1000	0	0	0	0	0	100	100	0	0	0	0	0	0	0	1	-1	-1	1	0	1	0	0	0	0	0	0	0	0	0	0	0	100	100	200	0	0	1.25	2.25	3.25	0	0	-1	0	0	0	0	0	1	0	0	44	45	0
gates	4	0	0	1	0	1000	0	0	0	0	0	100	100	0	0	0	0	0	0	0	1	-1	0	1	0	0	0	0	0	0	0	0	0	0	0	0	0	100	100	200	0	0	1.25	2.25	3.25	0	0	-1	0	0	0	0	0	1	0	0	44	45	0
gates	4	0	0	1	0	1000	0	0	0	0	0	100	100	0	0	0	0	0	0	0	1	-1	0	1	0	1	0	0	0	0	0	0	0	0	0	0	0	100	100	200	0	0	1.25	2.25	3.25	0	0	-1	0	0	0	0	0	1	0	0	44	45	0
gates	4	0	0	1	0	1000	0	0	0	0	0	100	100	0	0	0	0	0	0	0	1	-1	1	1	0	0	0	0	0	0	0	0	0	0	0	0	0	100	100	200	0	0	1.25	2.25	3.25	0	0	-1	0	0	0	0	0	1	0	0	44	45	0
gates	4	0	0	1	0	1000	0	0	0	0	0	100	100	0	0	0	0	0	0	0	1	-1	1	1	0	1	0	0	0	0	0	0	0	0	0	0	0	100	100	200	0	0	1.25	2.25	3.25	0	0	-1	0	0	0	0	0	1	0	0	44	45	0
gates	4	0	0	1	0	1000	0	0	0	0	0	100	100	0	0	0	0	0	0	0	1	0	-1	1	0	0	0	0	0	0	0	0	0	0	0	0	0	100	100	200	0	0	1.25	2.25	3.25	0	0	-1	0	0	0	0	0	1	0	0	44	45	0
gates	4	0	0	1	0	1000	0	0	0	0	0	100	100	0	0	0	0	0	0	0	1	0	-1	1	0	1	0	0	0	0	0	0	0	0	0	0	0	100	100	200	0	0	1.25	2.25	3.25	0	0	-1	0	0	0	0	0	1	0	0	44	45	0
gates	4	0	0	1	0	1000	0	0	0	0	0	100	100	0	0	0	0	0	0	0	1	0	0	1	0	0	0	0	0	4	1000	0	0	1000	0	0	0	100	100	200	0	0	1.25	2.25	3.25	1	1000	0	1	1	1	0	0	0	-9999	-9999	-9999	-9999	-9999
gates	4	0	0	1	0	1000	0	0	0	0	0	100	100	0	0	0	0	0	0	0	1	0	0	1	0	1	0	0	0	4	1000	0	0	1000	0	0	0	100	100	200	0	0	1.25	2.25	3.25	1	1000	0	1	1	1	0	0	0	-9999	-9999	-9999	-9999	-9999
gates	4	0	0	1	0	1000	0	0	0	0	0	100	100	0	0	0	0	0	0	0	1	0	1	1	0	0	0	0	0	0	0	0	0	0	0	0	0	100	100	200	0	0	1.25	2.25	3.25	0	0	-1	0	0	0	0	0	1	0	0	44	45	0
gates	4	0	0	1	0	1000	0	0	0	0	0	100	100	0	0	0	0	0	0	0	1	0	1	1	0	1	0	0	0	0	0	0	0	0	0	0	0	100	100	200	0	0	1.25	2.25	3.25	0	0	-1	0	0	0	0	0	1	0	0	44	45	0
terminal14	0	0	0	1	0	7	0	0	14	0	0	0	100	0	0	0	0	0	0	0	1	0	0	1	0	0	0	0	0	0	0	0	0	0	0	0	0	0	100	200	0	0	1.25	2.25	3.25	0	0	-1	0	0	0	0	0	1	0	0	44	45	0
terminal14	0	0	0	1	0	7	0	0	14	0	0	0	100	0	0	0	0	0	0	0	1	0	0	1	100	0	0	0	0	2	7	0	0	7	7	0	0	0	100	200	0	0	1.25	2.25	3.25	0	0	7	2	0	0	0	0	1	7	7	44	45	0
terminal14	0	0	0	1	0	7	0	0	14	0	0	0	100	0	0	0	0	0	0	0	1	0	0	2	0	0	0	0	0	2	7	0	0	7	7	0	0	0	100	200	0	0	1.25	2.25	3.25	0	0	7	2	0	0	0	0	1	7	7	44	45	0
terminal14	0	0	0	1	0	7	0	0	14	0	0	0	100	0	0	0	0	0	0	0	1	0	0	2	100	0	0	0	0	2	7	0	0	7	7	0	0	0	100	200	0	0	1.25	2.25	3.25	0	0	7	2	0	0	0	0	1	7	7	44	45	0
terminal14	0	0	0	1	0	7	0	0	14	0	0	1	100	0	0	0	0	0	0	0	1	0	0	1	0	0	0	0	0	2	7	0	0	7	7	0	0	1	100	200	0	0	1.25	2.25	3.25	0	0	7	2	0	0	0	0	1	7	7	44	45	0
terminal14	0	0	0	1	0	7	0	0	14	0	0	1	100	0	0	0	0	0	0	0	1	0	0	1	100	0	0	0	0	2	7	0	0	7	7	0	0	1	100	200	0	0	1.25	2.25	3.25	0	0	7	2	0	0	0	0	1	7	7	44	45	0
terminal14	0	0	0	1	0	7	0	0	14	0	0	1	100	0	0	0	0	0	0	0	1	0	0	2	0	0	0	0	0	2	7	0	0	7	7	0	0	1	100	200	0	0	1.25	2.25	3.25	0	0	7	2	0	0	0	0	1	7	7	44	45	0
terminal14	0	0	0	1	0	7	0	0	14	0	0	1	100	0	0	0	0	0	0	0	1	0	0	2	100	0	0	0	0	2	7	0	0	7	7	0	0	1	100	200	0	0	1.25	2.25	3.25	0	0	7	2	0	0	0	0	1	7	7	44	45	0
terminal14	0	19	0	1	0	7	0	0	14	0	0	0	100	0	0	0	0	0	0	0	1	0	0	1	0	0	0	0	0	0	0	0	0	0	0	0	0	0	100	200	0	0	1.25	2.25	3.25	0	0	-1	0	0	0	0	0	1	0	0	44	45	0
terminal14	0	19	0	1	0	7	0	0	14	0	0	0	100	0	0	0	0	0	0	0	1	0	0	1	100	0	0	0	0	2	7	0	0	7	7	0	0	0	100	200	0	0	1.25	2.25	3.25	0	0	7	2	0	0	0	0	1	7	7	44	45	0
terminal14	0	19	0	1	0	7	0	0	14	0	0	0	100	0	0	0	0	0	0	0	1	0	0	2	0	0	0	0	0	2	7	0	0	7	7	0	0	0	100	200	0	0	1.25	2.25	3.25	0	0	7	2	0	0	0	0	1	7	7	44	45	0
terminal14	0	19	0	1	0	7	0	0	14	0	0	0	100	0	0	0	0	0	0	0	1	0	0	2	100	0	0	0	0	2	7	0	0	7	7	0	0	0	100	200	0	0	1.25	2.25	3.25	0	0	7	2	0	0	0	0	1	7	7	44	45	0
terminal14	0	19	0	1	0	7	0	0	14	0	0	1	100	0	0	0	0	0	0	0	1	0	0	1	0	0	0	0	0	2	7	0	0	7	7	0	0	1	100	200	0	0	1.25	2.25	3.25	0	0	7	2	0	0	0	0	1	7	7	44	45	0
terminal14	0	19	0	1	0	7	0	0	14	0	0	1	100	0	0	0	0	0	0	0	1	0	0	1	100	0	0	0	0	2	7	0	0	7	7	0	0	1	100	200	0	0	1.25	2.25	3.25	0	0	7	2	0	0	0	0	1	7	7	44	45	0
terminal14	0	19	0	1	0	7	0	0	14	0	0	1	100	0	0	0	0	0	0	0	1	0	0	2	0	0	0	0	0	2	7	0	0	7	7	0	0	1	100	200	0	0	1.25	2.25	3.25	0	0	7	2	0	0	0	0	1	7	7	44	45	0
terminal14	0	19	0	1	0	7	0	0	14	0	0	1	100	0	0	0	0	0	0	0	1	0	0	2	100	0	0	0	0	2	7	0	0	7	7	0	0	1	100	200	0	0	1.25	2.25	3.25	0	0	7	2	0	0	0	0	1	7	7	44	45	0
terminal14	0	20	0	1	0	7	0	0	14	0	0	0	100	0	0	0	0	0	0	0	1	0	0	1	0	0	0	0	0	2	7	0	0	7	7	0	0	0	100	200	0	0	1.25	2.25	3.25	0	0	7	2	0	0	0	0	1	7	7	44	45	0
terminal14	0	20	0	1	0	7	0	0	14	0	0	0	100	0	0	0	0	0	0	0	1	0	0	1	100	0	0	0	0	2	7	0	0	7	7	0	0	0	100	200	0	0	1.25	2.25	3.25	0	0	7	2	0	0	0	0	1	7	7	44	45	0
terminal14	0	20	0	1	0	7	0	0	14	0	0	0	100	0	0	0	0	0	0	0	1	0	0	2	0	0	0	0	0	2	7	0	0	7	7	0	0	0	100	200	0	0	1.25	2.25	3.25	0	0	7	2	0	0	0	0	1	7	7	44	45	0
terminal14	0	20	0	1	0	7	0	0	14	0	0	0	100	0	0	0	0	0	0	0	1	0	0	2	100	0	0	0	0	2	7	0	0	7	7	0	0	0	100	200	0	0	1.25	2.25	3.25	0	0	7	2	0	0	0	0	1	7	7	44	45	0
terminal14	0	20	0	1	0	7	0	0	14	0	0	1	100	0	0	0	0	0	0	0	1	0	0	1	0	0	0	0	0	2	7	0	0	7	7	0	0	1	100	200	0	0	1.25	2.25	3.25	0	0	7	2	0	0	0	0	1	7	7	44	45	0
terminal14	0	20	0	1	0	7	0	0	14	0	0	1	100	0	0	0	0	0	0	0	1	0	0	1	100	0	0	0	0	2	7	0	0	7	7	0	0	1	100	200	0	0	1.25	2.25	3.25	0	0	7	2	0	0	0	0	1	7	7	44	45	0
terminal14	0	20	0	1	0	7	0	0	14	0	0	1	100	0	0	0	0	0	0	0	1	0	0	2	0	0	0	0	0	2	7	0	0	7	7	0	0	1	100	200	0	0	1.25	2.25	3.25	0	0	7	2	0	0	0	0	1	7	7	44	45	0
terminal14	0	20	0	1	0	7	0	0	14	0	0	1	100	0	0	0	0	0	0	0	1	0	0	2	100	0	0	0	0	2	7	0	0	7	7	0	0	1	100	200	0	0	1.25	2.25	3.25	0	0	7	2	0	0	0	0	1	7	7	44	45	0
terminal14	3	0	0	1	0	7	0	0	14	0	0	0	100	0	0	0	0	0	0	0	1	0	0	1	0	0	0	0	0	2	7	0	0	7	7	0	0	0	100	200	0	0	1.25	2.25	3.25	0	0	7	2	0	0	0	0	1	7	7	44	45	0
terminal14	3	0	0	1	0	7	0	0	14	0	0	0	100	0	0	0	0	0	0	0	1	0	0	1	100	0	0	0	0	2	7	0	0	7	7	0	0	0	100	200	0	0	1.25	2.25	3.25	0	0	7	2	0	0	0	0	1	7	7	44	45	0
terminal14	3	0	0	1	0	7	0	0	14	0	0	0	100	0	0	0	0	0	0	0	1	0	0	2	0	0	0	0	0	2	7	0	0	7	7	0	0	0	100	200	0	0	1.25	2.25	3.25	0	0	7	2	0	0	0	0	1	7	7	44	45	0
terminal14	3	0	0	1	0	7	0	0	14	0	0	0	100	0	0	0	0	0	0	0	1	0	0	2	100	0	0	0	0	2	7	0	0	7	7	0	0	0	100	200	0	0	1.25	2.25	3.25	0	0	7	2	0	0	0	0	1	7	7	44	45	0
terminal14	3	0	0	1	0	7	0	0	14	0	0	1	100	0	0	0	0	0	0	0	1	0	0	1	0	0	0	0	0	2	7	0	0	7	7	0	0	1	100	200	0	0	1.25	2.25	3.25	0	0	7	2	0	0	0	0	1	7	7	44	45	0
terminal14	3	0	0	1	0	7	0	0	14	0	0	1	100	0	0	0	0	0	0	0	1	0	0	1	100	0	0	0	0	2	7	0	0	7	7	0	0	1	100	200	0	0	1.25	2.25	3.25	0	0	7	2	0	0	0	0	1	7	7	44	45	0
terminal14	3	0	0	1	0	7	0	0	14	0	0	1	100	0	0	0	0	0	0	0	1	0	0	2	0	0	0	0	0	2	7	0	0	7	7	0	0	1	100	200	0	0	1.25	2.25	3.25	0	0	7	2	0	0	0	0	1	7	7	44	45	0
terminal14	3	0	0	1	0	7	0	0	14	0	0	1	100	0	0	0	0	0	0	0	1	0	0	2	100	0	0	0	0	2	7	0	0	7	7	0	0	1	100	200	0	0	1.25	2.25	3.25	0	0	7	2	0	0	0	0	1	7	7	44	45	0
terminal14	3	19	0	1	0	7	0	0	14	0	0	0	100	0	0	0	0	0	0	0	1	0	0	1	0	0	0	0	0	2	7	0	0	7	7	0	0	0	100	200	0	0	1.25	2.25	3.25	0	0	7	2	0	0	0	0	1	7	7	44	45	0
terminal14	3	19	0	1	0	7	0	0	14	0	0	0	100	0	0	0	0	0	0	0	1	0	0	1	100	0	0	0	0	2	7	0	0	7	7	0	0	0	100	200	0	0	1.25	2.25	3.25	0	0	7	2	0	0	0	0	1	7	7	44	45	0
terminal14	3	19	0	1	0	7	0	0	14	0	0	0	100	0	0	0	0	0	0	0	1	0	0	2	0	0	0	0	0	2	7	0	0	7	7	0	0	0	100	200	0	0	1.25	2.25	3.25	0	0	7	2	0	0	0	0	1	7	7	44	45	0
terminal14	3	19	0	1	0	7	0	0	14	0	0	0	100	0	0	0	0	0	0	0	1	0	0	2	100	0	0	0	0	2	7	0	0	7	7	0	0	0	100	200	0	0	1.25	2.25	3.25	0	0	7	2	0	0	0	0	1	7	7	44	45	0
terminal14	3	19	0	1	0	7	0	0	14	0	0	1	100	0	0	0	0	0	0	0	1	0	0	1	0	0	0	0	0	2	7	0	0	7	7	0	0	1	100	200	0	0	1.25	2.25	3.25	0	0	7	2	0	0	0	0	1	7	7	44	45	0
terminal14	3	19	0	1	0	7	0	0	14	0	0	1	100	0	0	0	0	0	0	0	1	0	0	1	100	0	0	0	0	2	7	0	0	7	7	0	0	1	100	200	0	0	1.25	2.25	3.25	0	0	7	2	0	0	0	0	1	7	7	44	45	0
terminal14	3	19	0	1	0	7	0	0	14	0	0	1	100	0	0	0	0	0	0	0	1	0	0	2	0	0	0	0	0	2	7	0	0	7	7	0	0	1	100	200	0	0	1.25	2.25	3.25	0	0	7	2	0	0	0	0	1	7	7	44	45	0
terminal14	3	19	0	1	0	7	0	0	14	0	0	1	100	0	0	0	0	0	0	0	1	0	0	2	100	0	0	0	0	2	7	0	0	7	7	0	0	1	100	200	0	0	1.25	2.25	3.25	0	0	7	2	0	0	0	0	1	7	7	44	45	0
terminal14	3	20	0	1	0	7	0	0	14	0	0	0	100	0	0	0	0	0	0	0	1	0	0	1	0	0	0	0	0	2	7	0	0	7	7	0	0	0	100	200	0	0	1.25	2.25	3.25	0	0	7	2	0	0	0	0	1	7	7	44	45	0
terminal14	3	20	0	1	0	7	0	0	14	0	0	0	100	0	0	0	0	0	0	0	1	0	0	1	100	0	0	0	0	2	7	0	0	7	7	0	0	0	100	200	0	0	1.25	2.25	3.25	0	0	7	2	0	0	0	0	1	7	7	44	45	0
terminal14	3	20	0	1	0	7	0	0	14	0	0	0	100	0	0	0	0	0	0	0	1	0	0	2	0	0	0	0	0	2	7	0	0	7	7	0	0	0	100	200	0	0	1.25	2.25	3.25	0	0	7	2	0	0	0	0	1	7	7	44	45	0
terminal14	3	20	0	1	0	7	0	0	14	0	0	0	100	0	0	0	0	0	0	0	1	0	0	2	100	0	0	0	0	2	7	0	0	7	7	0	0	0	100	200	0	0	1.25	2.25	3.25	0	0	7	2	0	0	0	0	1	7	7	44	45	0
terminal14	3	20	0	1	0	7	0	0	14	0	0	1	100	0	0	0	0	0	0	0	1	0	0	1	0	0	0	0	0	2	7	0	0	7	7	0	0	1	100	200	0	0	1.25	2.25	3.25	0	0	7	2	0	0	0	0	1	7	7	44	45	0
terminal14	3	20	0	1	0	7	0	0	14	0	0	1	100	0	0	0	0	0	0	0	1	0	0	1	100	0	0	0	0	2	7	0	0	7	7	0	0	1	100	200	0	0	1.25	2.25	3.25	0	0	7	2	0	0	0	0	1	7	7	44	45	0
terminal14	3	20	0	1	0	7	0	0	14	0	0	1	100	0	0	0	0	0	0	0	1	0	0	2	0	0	0	0	0	2	7	0	0	7	7	0	0	1	100	200	0	0	1.25	2.25	3.25	0	0	7	2	0	0	0	0	1	7	7	44	45	0
terminal14	3	20	0	1	0	7	0	0	14	0	0	1	100	0	0	0	0	0	0	0	1	0	0	2	100	0	0	0	0	2	7	0	0	7	7	0	0	1	100	200	0	0	1.25	2.25	3.25	0	0	7	2	0	0	0	0	1	7	7	44	45	0
terminal14	4	0	0	1	0	7	0	0	14	0	0	0	100	0	0	0	0	0	0	0	1	0	0	1	0	0	0	0	0	2	7	0	0	7	7	0	0	0	100	200	0	0	1.25	2.25	3.25	0	0	7	2	0	0	0	0	1	7	7	44	45	0
terminal14	4	0	0	1	0	7	0	0	14	0	0	0	100	0	0	0	0	0	0	0	1	0	0	1	100	0	0	0	0	2	7	0	0	7	7	0	0	0	100	200	0	0	1.25	2.25	3.25	0	0	7	2	0	0	0	0	1	7	7	44	45	0
terminal14	4	0	0	1	0	7	0	0	14	0	0	0	100	0	0	0	0	0	0	0	1	0	0	2	0	0	0	0	0	2	7	0	0	7	7	0	0	0	100	200	0	0	1.25	2.25	3.25	0	0	7	2	0	0	0	0	1	7	7	44	45	0
terminal14	4	0	0	1	0	7	0	0	14	0	0	0	100	0	0	0	0	0	0	0	1	0	0	2	100	0	0	0	0	2	7	0	0	7	7	0	0	0	100	200	0	0	1.25	2.25	3.25	0	0	7	2	0	0	0	0	1	7	7	44	45	0
terminal14	4	0	0	1	0	7	0	0	14	0	0	1	100	0	0	0	0	0	0	0	1	0	0	1	0	0	0	0	0	2	7	0	0	7	7	0	0	1	100	200	0	0	1.25	2.25	3.25	0	0	7	2	0	0	0	0	1	7	7	44	45	0
terminal14	4	0	0	1	0	7	0	0	14	0	0	1	100	0	0	0	0	0	0	0	1	0	0	1	100	0	0	0	0	2	7	0	0	7	7	0	0	1	100	200	0	0	1.25	2.25	3.25	0	0	7	2	0	0	0	0	1	7	7	44	45	0
terminal14	4	0	0	1	0	7	0	0	14	0	0	1	100	0	0	0	0	0	0	0	1	0	0	2	0	0	0	0	0	2	7	0	0	7	7	0	0	1	100	200	0	0	1.25	2.25	3.25	0	0	7	2	0	0	0	0	1	7	7	44	45	0
terminal14	4	0	0	1	0	7	0	0	14	0	0	1	100	0	0	0	0	0	0	0	1	0	0	2	100	0	0	0	0	2	7	0	0	7	7	0	0	1	100	200	0	0	1.25	2.25	3.25	0	0	7	2	0	0	0	0	1	7	7	44	45	0
terminal14	4	19	0	1	0	7	0	0	14	0	0	0	100	0	0	0	0	0	0	0	1	0	0	1	0	0	0	0	0	2	7	0	0	7	7	0	0	0	100	200	0	0	1.25	2.25	3.25	0	0	7	2	0	0	0	0	1	7	7	44	45	0
terminal14	4	19	0	1	0	7	0	0	14	0	0	0	100	0	0	0	0	0	0	0	1	0	0	1	100	0	0	0	0	2	7	0	0	7	7	0	0	0	100	200	0	0	1.25	2.25	3.25	0	0	7	2	0	0	0	0	1	7	7	44	45	0
terminal14	4	19	0	1	0	7	0	0	14	0	0	0	100	0	0	0	0	0	0	0	1	0	0	2	0	0	0	0	0	2	7	0	0	7	7	0	0	0	100	200	0	0	1.25	2.25	3.25	0	0	7	2	0	0	0	0	1	7	7	44	45	0
terminal14	4	19	0	1	0	7	0	0	14	0	0	0	100	0	0	0	0	0	0	0	1	0	0	2	100	0	0	0	0	2	7	0	0	7	7	0	0	0	100	200	0	0	1.25	2.25	3.25	0	0	7	2	0	0	0	0	1	7	7	44	45	0
terminal14	4	19	0	1	0	7	0	0	14	0	0	1	100	0	0	0	0	0	0	0	1	0	0	1	0	0	0	0	0	2	7	0	0	7	7	0	0	1	100	200	0	0	1.25	2.25	3.25	0	0	7	2	0	0	0	0	1	7	7	44	45	0
terminal14	4	19	0	1	0	7	0	0	14	0	0	1	100	0	0	0	0	0	0	0	1	0	0	1	100	0	0	0	0	2	7	0	0	7	7	0	0	1	100	200	0	0	1.25	2.25	3.25	0	0	7	2	0	0	0	0	1	7	7	44	45	0
terminal14	4	19	0	1	0	7	0	0	14	0	0	1	100	0	0	0	0	0	0	0	1	0	0	2	0	0	0	0	0	2	7	0	0	7	7	0	0	1	100	200	0	0	1.25	2.25	3.25	0	0	7	2	0	0	0	0	1	7	7	44	45	0
terminal14	4	19	0	1	0	7	0	0	14	0	0	1	100	0	0	0	0	0	0	0	1	0	0	2	100	0	0	0	0	2	7	0	0	7	7	0	0	1	100	200	0	0	1.25	2.25	3.25	0	0	7	2	0	0	0	0	1	7	7	44	45	0
terminal14	4	20	0	1	0	7	0	0	14	0	0	0	100	0	0	0	0	0	0	0	1	0	0	1	0	0	0	0	0	2	7	0	0	7	7	0	0	0	100	200	0	0	1.25	2.25	3.25	0	0	7	2	0	0	0	0	1	7	7	44	45	0
terminal14	4	20	0	1	0	7	0	0	14	0	0	0	100	0	0	0	0	0	0	0	1	0	0	1	100	0	0	0	0	2	7	0	0	7	7	0	0	0	100	200	0	0	1.25	2.25	3.25	0	0	7	2	0	0	0	0	1	7	7	44	45	0
terminal14	4	20	0	1	0	7	0	0	14	0	0	0	100	0	0	0	0	0	0	0	1	0	0	2	0	0	0	0	0	2	7	0	0	7	7	0	0	0	100	200	0	0	1.25	2.25	3.25	0	0	7	2	0	0	0	0	1	7	7	44	45	0
terminal14	4	20	0	1	0	7	0	0	14	0	0	0	100	0	0	0	0	0	0	0	1	0	0	2	100	0	0	0	0	2	7	0	0	7	7	0	0	0	100	200	0	0	1.25	2.25	3.25	0	0	7	2	0	0	0	0	1	7	7	44	45	0
terminal14	4	20	0	1	0	7	0	0	14	0	0	1	100	0	0	0	0	0	0	0	1	0	0	1	0	0	0	0	0	2	7	0	0	7	7	0	0	1	100	200	0	0	1.25	2.25	3.25	0	0	7	2	0	0	0	0	1	7	7	44	45	0
terminal14	4	20	0	1	0	7	0	0	14	0	0	1	100	0	0	0	0	0	0	0	1	0	0	1	100	0	0	0	0	2	7	0	0	7	7	0	0	1	100	200	0	0	1.25	2.25	3.25	0	0	7	2	0	0	0	0	1	7	7	44	45	0
terminal14	4	20	0	1	0	7	0	0	14	0	0	1	100	0	0	0	0	0	0	0	1	0	0	2	0	0	0	0	0	2	7	0	0	7	7	0	0	1	100	200	0	0	1.25	2.25	3.25	0	0	7	2	0	0	0	0	1	7	7	44	45	0
terminal14	4	20	0	1	0	7	0	0	14	0	0	1	100	0	0	0	0	0	0	0	1	0	0	2	100	0	0	0	0	2	7	0	0	7	7	0	0	1	100	200	0	0	1.25	2.25	3.25	0	0	7	2	0	0	0	0	1	7	7	44	45	0
type3	3	0	0	1	0	7	0	0	0	0	0	-1	100	0	0	0	0	0	0	0	1	0	0	1	0	0	0	0	0	2	7	0	0	7	7	0	0	-1	100	200	0	0	1.25	2.25	3.25	0	0	7	2	0	0	0	0	1	7	7	44	45	0
type3	3	0	0	1	0	7	0	0	0	0	0	-1	100	0	0	0	0	0	0	0	1	0	0	1	0	1	0	0	0	2	7	0	0	7	7	0	0	-1	100	200	0	0	1.25	2.25	3.25	0	0	7	2	0	0	0	0	1	7	7	44	45	0
type3	3	0	0	1	0	7	0	0	0	0	0	-1	100	0	0	0	0	0	0	0	1	0	0	1	0	0	0	7	0	2	7	0	0	7	7	0	0	-1	100	200	0	0	1.25	2.25	3.25	0	0	7	2	0	0	0	0	1	7	7	44	45	0
type3	3	0	0	1	0	7	0	0	0	0	0	-1	100	0	0	0	0	0	0	0	1	0	0	1	0	1	0	7	0	2	7	0	0	7	7	0	0	-1	100	200	0	0	1.25	2.25	3.25	0	0	7	2	0	0	0	0	1	7	7	44	45	0
type3	3	0	0	1	0	7	0	0	0	0	0	-1	100	0	0	0	0	0	0	0	1	0	0	1	0	0	0	998	0	2	7	0	0	7	7	0	0	-1	100	200	0	0	1.25	2.25	3.25	0	0	7	2	0	0	0	0	1	7	7	44	45	0
type3	3	0	0	1	0	7	0	0	0	0	0	-1	100	0	0	0	0	0	0	0	1	0	0	1	0	1	0	998	0	2	7	0	0	7	7	0	0	-1	100	200	0	0	1.25	2.25	3.25	0	0	7	2	0	0	0	0	1	7	7	44	45	0
type3	3	0	0	1	0	7	0	0	0	0	0	-1	100	0	0	0	0	0	0	0	1	0	0	1	0	0	0	999	0	2	7	0	0	7	7	0	0	-1	100	200	0	0	1.25	2.25	3.25	0	0	7	2	0	0	0	0	1	7	7	44	45	0
type3	3	0	0	1	0	7	0	0	0	0	0	-1	100	0	0	0	0	0	0	0	1	0	0	1	0	1	0	999	0	2	7	0	0	7	7	0	0	-1	100	200	0	0	1.25	2.25	3.25	0	0	7	2	0	0	0	0	1	7	7	44	45	0
type3	3	0	0	1	0	7	0	0	0	0	0	-1	100	0	0	0	0	0	0	0	1	0	0	1	0	0	0	1101	0	2	7	0	0	7	7	0	0	-1	100	200	0	0	1.25	2.25	3.25	0	0	7	2	0	0	0	0	1	7	7	44	45	0
type3	3	0	0	1	0	7	0	0	0	0	0	-1	100	0	0	0	0	0	0	0	1	0	0	1	0	1	0	1101	0	2	7	0	0	7	7	0	0	-1	100	200	0	0	1.25	2.25	3.25	0	0	7	2	0	0	0	0	1	7	7	44	45	0
type3	3	0	0	1	0	7	0	0	0	0	0	-1	100	0	0	0	0	0	0	0	1	0	0	1	0	0	5	0	0	2	7	0	0	7	7	0	0	0	100	200	0	0	1.25	2.25	3.25	0	0	7	2	0	0	0	0	1	7	7	44	45	0
type3	3	0	0	1	0	7	0	0	0	0	0	-1	100	0	0	0	0	0	0	0	1	0	0	1	0	1	5	0	0	2	7	0	0	7	7	0	0	-1	100	200	0	0	1.25	2.25	3.25	0	0	7	2	0	0	0	0	1	7	7	44	45	0
type3	3	0	0	1	0	7	0	0	0	0	0	-1	100	0	0	0	0	0	0	0	1	0	0	1	0	0	5	7	0	1	0	1	0	7	7	0	0	0	100	200	0	0	1.25	2.25	3.25	0	0	7	1	0	0	0	0	1	7	7	44	45	0
type3	3	0	0	1	0	7	0	0	0	0	0	-1	100	0	0	0	0	0	0	0	1	0	0	1	0	1	5	7	0	2	7	0	0	7	7	0	0	-1	100	200	0	0	1.25	2.25	3.25	0	0	7	2	0	0	0	0	1	7	7	44	45	0
type3	3	0	0	1	0	7	0	0	0	0	0	-1	100	0	0	0	0	0	0	0	1	0	0	1	0	0	5	998	0	1	0	1	0	998	998	0	0	0	100	200	0	0	1.25	2.25	3.25	0	0	998	0	0	0	0	0	1	998	998	44	45	0
type3	3	0	0	1	0	7	0	0	0	0	0	-1	100	0	0	0	0	0	0	0	1	0	0	1	0	1	5	998	0	2	7	0	0	7	7	0	0	-1	100	200	0	0	1.25	2.25	3.25	0	0	7	2	0	0	0	0	1	7	7	44	45	0
type3	3	0	0	1	0	7	0	0	0	0	0	-1	100	0	0	0	0	0	0	0	1	0	0	1	0	0	5	999	0	4	0	0	0	999	0	0	0	0	100	200	0	0	1.25	2.25	3.25	1	999	-1	0	1	1	0	0	0	-9999	-9999	-9999	-9999	-9999
type3	3	0	0	1	0	7	0	0	0	0	0	-1	100	0	0	0	0	0	0	0	1	0	0	1	0	1	5	999	0	2	7	0	0	7	7	0	0	-1	100	200	0	0	1.25	2.25	3.25	0	0	7	2	0	0	0	0	1	7	7	44	45	0
type3	3	0	0	1	0	7	0	0	0	0	0	-1	100	0	0	0	0	0	0	0	1	0	0	1	0	0	5	1101	0	4	0	0	0	1101	0	0	0	0	100	200	0	0	1.25	2.25	3.25	1	1101	-1	0	1	0	1	0	1	0	0	0	45	-1
type3	3	0	0	1	0	7	0	0	0	0	0	-1	100	0	0	0	0	0	0	0	1	0	0	1	0	1	5	1101	0	2	7	0	0	7	7	0	0	-1	100	200	0	0	1.25	2.25	3.25	0	0	7	2	0	0	0	0	1	7	7	44	45	0
type3	3	0	0	1	0	7	0	0	0	0	0	-1	100	0	0	0	0	0	0	0	1	0	0	1	0	0	7	0	0	2	7	0	0	7	7	0	0	0	100	200	0	0	1.25	2.25	3.25	0	0	7	2	0	0	0	0	1	7	7	44	45	0
type3	3	0	0	1	0	7	0	0	0	0	0	-1	100	0	0	0	0	0	0	0	1	0	0	1	0	1	7	0	0	2	7	0	0	7	7	0	0	-1	100	200	0	0	1.25	2.25	3.25	0	0	7	2	0	0	0	0	1	7	7	44	45	0
type3	3	0	0	1	0	7	0	0	0	0	0	-1	100	0	0	0	0	0	0	0	1	0	0	1	0	0	7	7	0	1	0	1	0	7	7	0	0	0	100	200	0	0	1.25	2.25	3.25	0	0	7	1	0	0	0	0	1	7	7	44	45	0
type3	3	0	0	1	0	7	0	0	0	0	0	-1	100	0	0	0	0	0	0	0	1	0	0	1	0	1	7	7	0	2	7	0	0	7	7	0	0	-1	100	200	0	0	1.25	2.25	3.25	0	0	7	2	0	0	0	0	1	7	7	44	45	0
type3	3	0	0	1	0	7	0	0	0	0	0	-1	100	0	0	0	0	0	0	0	1	0	0	1	0	0	7	998	0	1	0	1	0	998	998	0	0	0	100	200	0	0	1.25	2.25	3.25	0	0	998	0	0	0	0	0	1	998	998	44	45	0
type3	3	0	0	1	0	7	0	0	0	0	0	-1	100	0	0	0	0	0	0	0	1	0	0	1	0	1	7	998	0	2	7	0	0	7	7	0	0	-1	100	200	0	0	1.25	2.25	3.25	0	0	7	2	0	0	0	0	1	7	7	44	45	0
type3	3	0	0	1	0	7	0	0	0	0	0	-1	100	0	0	0	0	0	0	0	1	0	0	1	0	0	7	999	0	4	0	0	0	999	0	0	0	0	100	200	0	0	1.25	2.25	3.25	1	999	-1	0	1	1	0	0	0	-9999	-9999	-9999	-9999	-9999
type3	3	0	0	1	0	7	0	0	0	0	0	-1	100	0	0	0	0	0	0	0	1	0	0	1	0	1	7	999	0	2	7	0	0	7	7	0	0	-1	100	200	0	0	1.25	2.25	3.25	0	0	7	2	0	0	0	0	1	7	7	44	45	0
type3	3	0	0	1	0	7	0	0	0	0	0	-1	100	0	0	0	0	0	0	0	1	0	0	1	0	0	7	1101	0	4	0	0	0	1101	0	0	0	0	100	200	0	0	1.25	2.25	3.25	1	1101	-1	0	1	0	1	0	1	0	0	0	45	-1
type3	3	0	0	1	0	7	0	0	0	0	0	-1	100	0	0	0	0	0	0	0	1	0	0	1	0	1	7	1101	0	2	7	0	0	7	7	0	0	-1	100	200	0	0	1.25	2.25	3.25	0	0	7	2	0	0	0	0	1	7	7	44	45	0
type3	3	0	0	1	0	7	0	0	0	0	0	0	100	0	0	0	0	0	0	0	1	0	0	1	0	0	0	0	0	2	7	0	0	7	7	0	0	0	100	200	0	0	1.25	2.25	3.25	0	0	7	2	0	0	0	0	1	7	7	44	45	0
type3	3	0	0	1	0	7	0	0	0	0	0	0	100	0	0	0	0	0	0	0	1	0	0	1	0	1	0	0	0	2	7	0	0	7	7	0	0	0	100	200	0	0	1.25	2.25	3.25	0	0	7	2	0	0	0	0	1	7	7	44	45	0
type3	3	0	0	1	0	7	0	0	0	0	0	0	100	0	0	0	0	0	0	0	1	0	0	1	0	0	0	7	0	2	7	0	0	7	7	0	0	0	100	200	0	0	1.25	2.25	3.25	0	0	7	2	0	0	0	0	1	7	7	44	45	0
type3	3	0	0	1	0	7	0	0	0	0	0	0	100	0	0	0	0	0	0	0	1	0	0	1	0	1	0	7	0	2	7	0	0	7	7	0	0	0	100	200	0	0	1.25	2.25	3.25	0	0	7	2	0	0	0	0	1	7	7	44	45	0
type3	3	0	0	1	0	7	0	0	0	0	0	0	100	0	0	0	0	0	0	0	1	0	0	1	0	0	0	998	0	2	7	0	0	7	7	0	0	0	100	200	0	0	1.25	2.25	3.25	0	0	7	2	0	0	0	0	1	7	7	44	45	0
type3	3	0	0	1	0	7	0	0	0	0	0	0	100	0	0	0	0	0	0	0	1	0	0	1	0	1	0	998	0	2	7	0	0	7	7	0	0	0	100	200	0	0	1.25	2.25	3.25	0	0	7	2	0	0	0	0	1	7	7	44	45	0
type3	3	0	0	1	0	7	0	0	0	0	0	0	100	0	0	0	0	0	0	0	1	0	0	1	0	0	0	999	0	2	7	0	0	7	7	0	0	0	100	200	0	0	1.25	2.25	3.25	0	0	7	2	0	0	0	0	1	7	7	44	45	0
type3	3	0	0	1	0	7	0	0	0	0	0	0	100	0	0	0	0	0	0	0	1	0	0	1	0	1	0	999	0	2	7	0	0	7	7	0	0	0	100	200	0	0	1.25	2.25	3.25	0	0	7	2	0	0	0	0	1	7	7	44	45	0
type3	3	0	0	1	0	7	0	0	0	0	0	0	100	0	0	0	0	0	0	0	1	0	0	1	0	0	0	1101	0	2	7	0	0	7	7	0	0	0	100	200	0	0	1.25	2.25	3.25	0	0	7	2	0	0	0	0	1	7	7	44	45	0
type3	3	0	0	1	0	7	0	0	0	0	0	0	100	0	0	0	0	0	0	0	1	0	0	1	0	1	0	1101	0	2	7	0	0	7	7	0	0	0	100	200	0	0	1.25	2.25	3.25	0	0	7	2	0	0	0	0	1	7	7	44	45	0
type3	3	0	0	1	0	7	0	0	0	0	0	0	100	0	0	0	0	0	0	0	1	0	0	1	0	0	5	0	0	2	7	0	0	7	7	0	0	0	100	200	0	0	1.25	2.25	3.25	0	0	7	2	0	0	0	0	1	7	7	44	45	0
type3	3	0	0	1	0	7	0	0	0	0	0	0	100	0	0	0	0	0	0	0	1	0	0	1	0	1	5	0	0	2	7	0	0	7	7	0	0	0	100	200	0	0	1.25	2.25	3.25	0	0	7	2	0	0	0	0	1	7	7	44	45	0
type3	3	0	0	1	0	7	0	0	0	0	0	0	100	0	0	0	0	0	0	0	1	0	0	1	0	0	5	7	0	1	0	1	0	7	7	0	0	0	100	200	0	0	1.25	2.25	3.25	0	0	7	1	0	0	0	0	1	7	7	44	45	0
type3	3	0	0	1	0	7	0	0	0	0	0	0	100	0	0	0	0	0	0	0	1	0	0	1	0	1	5	7	0	2	7	0	0	7	7	0	0	0	100	200	0	0	1.25	2.25	3.25	0	0	7	2	0	0	0	0	1	7	7	44	45	0
type3	3	0	0	1	0	7	0	0	0	0	0	0	100	0	0	0	0	0	0	0	1	0	0	1	0	0	5	998	0	1	0	1	0	998	998	0	0	0	100	200	0	0	1.25	2.25	3.25	0	0	998	0	0	0	0	0	1	998	998	44	45	0
type3	3	0	0	1	0	7	0	0	0	0	0	0	100	0	0	0	0	0	0	0	1	0	0	1	0	1	5	998	0	2	7	0	0	7	7	0	0	0	100	200	0	0	1.25	2.25	3.25	0	0	7	2	0	0	0	0	1	7	7	44	45	0
type3	3	0	0	1	0	7	0	0	0	0	0	0	100	0	0	0	0	0	0	0	1	0	0	1	0	0	5	999	0	4	0	0	0	999	0	0	0	0	100	200	0	0	1.25	2.25	3.25	1	999	-1	0	1	1	0	0	0	-9999	-9999	-9999	-9999	-9999
type3	3	0	0	1	0	7	0	0	0	0	0	0	100	0	0	0	0	0	0	0	1	0	0	1	0	1	5	999	0	2	7	0	0	7	7	0	0	0	100	200	0	0	1.25	2.25	3.25	0	0	7	2	0	0	0	0	1	7	7	44	45	0
type3	3	0	0	1	0	7	0	0	0	0	0	0	100	0	0	0	0	0	0	0	1	0	0	1	0	0	5	1101	0	4	0	0	0	1101	0	0	0	0	100	200	0	0	1.25	2.25	3.25	1	1101	-1	0	1	0	1	0	1	0	0	0	45	-1
type3	3	0	0	1	0	7	0	0	0	0	0	0	100	0	0	0	0	0	0	0	1	0	0	1	0	1	5	1101	0	2	7	0	0	7	7	0	0	0	100	200	0	0	1.25	2.25	3.25	0	0	7	2	0	0	0	0	1	7	7	44	45	0
type3	3	0	0	1	0	7	0	0	0	0	0	0	100	0	0	0	0	0	0	0	1	0	0	1	0	0	7	0	0	2	7	0	0	7	7	0	0	0	100	200	0	0	1.25	2.25	3.25	0	0	7	2	0	0	0	0	1	7	7	44	45	0
type3	3	0	0	1	0	7	0	0	0	0	0	0	100	0	0	0	0	0	0	0	1	0	0	1	0	1	7	0	0	2	7	0	0	7	7	0	0	0	100	200	0	0	1.25	2.25	3.25	0	0	7	2	0	0	0	0	1	7	7	44	45	0
type3	3	0	0	1	0	7	0	0	0	0	0	0	100	0	0	0	0	0	0	0	1	0	0	1	0	0	7	7	0	1	0	1	0	7	7	0	0	0	100	200	0	0	1.25	2.25	3.25	0	0	7	1	0	0	0	0	1	7	7	44	45	0
type3	3	0	0	1	0	7	0	0	0	0	0	0	100	0	0	0	0	0	0	0	1	0	0	1	0	1	7	7	0	2	7	0	0	7	7	0	0	0	100	200	0	0	1.25	2.25	3.25	0	0	7	2	0	0	0	0	1	7	7	44	45	0
type3	3	0	0	1	0	7	0	0	0	0	0	0	100	0	0	0	0	0	0	0	1	0	0	1	0	0	7	998	0	1	0	1	0	998	998	0	0	0	100	200	0	0	1.25	2.25	3.25	0	0	998	0	0	0	0	0	1	998	998	44	45	0
type3	3	0	0	1	0	7	0	0	0	0	0	0	100	0	0	0	0	0	0	0	1	0	0	1	0	1	7	998	0	2	7	0	0	7	7	0	0	0	100	200	0	0	1.25	2.25	3.25	0	0	7	2	0	0	0	0	1	7	7	44	45	0
type3	3	0	0	1	0	7	0	0	0	0	0	0	100	0	0	0	0	0	0	0	1	0	0	1	0	0	7	999	0	4	0	0	0	999	0	0	0	0	100	200	0	0	1.25	2.25	3.25	1	999	-1	0	1	1	0	0	0	-9999	-9999	-9999	-9999	-9999
type3	3	0	0	1	0	7	0	0	0	0	0	0	100	0	0	0	0	0	0	0	1	0	0	1	0	1	7	999	0	2	7	0	0	7	7	0	0	0	100	200	0	0	1.25	2.25	3.25	0	0	7	2	0	0	0	0	1	7	7	44	45	0
type3	3	0	0	1	0	7	0	0	0	0	0	0	100	0	0	0	0	0	0	0	1	0	0	1	0	0	7	1101	0	4	0	0	0	1101	0	0	0	0	100	200	0	0	1.25	2.25	3.25	1	1101	-1	0	1	0	1	0	1	0	0	0	45	-1
type3	3	0	0	1	0	7	0	0	0	0	0	0	100	0	0	0	0	0	0	0	1	0	0	1	0	1	7	1101	0	2	7	0	0	7	7	0	0	0	100	200	0	0	1.25	2.25	3.25	0	0	7	2	0	0	0	0	1	7	7	44	45	0
type3	3	0	0	1	0	7	0	0	0	0	0	1	100	0	0	0	0	0	0	0	1	0	0	1	0	0	0	0	0	2	7	0	0	7	7	0	0	1	100	200	0	0	1.25	2.25	3.25	0	0	7	2	0	0	0	0	1	7	7	44	45	0
type3	3	0	0	1	0	7	0	0	0	0	0	1	100	0	0	0	0	0	0	0	1	0	0	1	0	1	0	0	0	2	7	0	0	7	7	0	0	1	100	200	0	0	1.25	2.25	3.25	0	0	7	2	0	0	0	0	1	7	7	44	45	0
type3	3	0	0	1	0	7	0	0	0	0	0	1	100	0	0	0	0	0	0	0	1	0	0	1	0	0	0	7	0	2	7	0	0	7	7	0	0	1	100	200	0	0	1.25	2.25	3.25	0	0	7	2	0	0	0	0	1	7	7	44	45	0
type3	3	0	0	1	0	7	0	0	0	0	0	1	100	0	0	0	0	0	0	0	1	0	0	1	0	1	0	7	0	2	7	0	0	7	7	0	0	1	100	200	0	0	1.25	2.25	3.25	0	0	7	2	0	0	0	0	1	7	7	44	45	0
type3	3	0	0	1	0	7	0	0	0	0	0	1	100	0	0	0	0	0	0	0	1	0	0	1	0	0	0	998	0	2	7	0	0	7	7	0	0	1	100	200	0	0	1.25	2.25	3.25	0	0	7	2	0	0	0	0	1	7	7	44	45	0
type3	3	0	0	1	0	7	0	0	0	0	0	1	100	0	0	0	0	0	0	0	1	0	0	1	0	1	0	998	0	2	7	0	0	7	7	0	0	1	100	200	0	0	1.25	2.25	3.25	0	0	7	2	0	0	0	0	1	7	7	44	45	0
type3	3	0	0	1	0	7	0	0	0	0	0	1	100	0	0	0	0	0	0	0	1	0	0	1	0	0	0	999	0	2	7	0	0	7	7	0	0	1	100	200	0	0	1.25	2.25	3.25	0	0	7	2	0	0	0	0	1	7	7	44	45	0
type3	3	0	0	1	0	7	0	0	0	0	0	1	100	0	0	0	0	0	0	0	1	0	0	1	0	1	0	999	0	2	7	0	0	7	7	0	0	1	100	200	0	0	1.25	2.25	3.25	0	0	7	2	0	0	0	0	1	7	7	44	45	0
type3	3	0	0	1	0	7	0	0	0	0	0	1	100	0	0	0	0	0	0	0	1	0	0	1	0	0	0	1101	0	2	7	0	0	7	7	0	0	1	100	200	0	0	1.25	2.25	3.25	0	0	7	2	0	0	0	0	1	7	7	44	45	0
type3	3	0	0	1	0	7	0	0	0	0	0	1	100	0	0	0	0	0	0	0	1	0	0	1	0	1	0	1101	0	2	7	0	0	7	7	0	0	1	100	200	0	0	1.25	2.25	3.25	0	0	7	2	0	0	0	0	1	7	7	44	45	0
type3	3	0	0	1	0	7	0	0	0	0	0	1	100	0	0	0	0	0	0	0	1	0	0	1	0	0	5	0	0	2	7	0	0	7	7	0	0	0	100	200	0	0	1.25	2.25	3.25	0	0	7	2	0	0	0	0	1	7	7	44	45	0
type3	3	0	0	1	0	7	0	0	0	0	0	1	100	0	0	0	0	0	0	0	1	0	0	1	0	1	5	0	0	2	7	0	0	7	7	0	0	1	100	200	0	0	1.25	2.25	3.25	0	0	7	2	0	0	0	0	1	7	7	44	45	0
type3	3	0	0	1	0	7	0	0	0	0	0	1	100	0	0	0	0	0	0	0	1	0	0	1	0	0	5	7	0	1	0	1	0	7	7	0	0	0	100	200	0	0	1.25	2.25	3.25	0	0	7	1	0	0	0	0	1	7	7	44	45	0
type3	3	0	0	1	0	7	0	0	0	0	0	1	100	0	0	0	0	0	0	0	1	0	0	1	0	1	5	7	0	2	7	0	0	7	7	0	0	1	100	200	0	0	1.25	2.25	3.25	0	0	7	2	0	0	0	0	1	7	7	44	45	0
type3	3	0	0	1	0	7	0	0	0	0	0	1	100	0	0	0	0	0	0	0	1	0	0	1	0	0	5	998	0	1	0	1	0	998	998	0	0	0	100	200	0	0	1.25	2.25	3.25	0	0	998	0	0	0	0	0	1	998	998	44	45	0
type3	3	0	0	1	0	7	0	0	0	0	0	1	100	0	0	0	0	0	0	0	1	0	0	1	0	1	5	998	0	2	7	0	0	7	7	0	0	1	100	200	0	0	1.25	2.25	3.25	0	0	7	2	0	0	0	0	1	7	7	44	45	0
type3	3	0	0	1	0	7	0	0	0	0	0	1	100	0	0	0	0	0	0	0	1	0	0	1	0	0	5	999	0	4	0	0	0	999	0	0	0	0	100	200	0	0	1.25	2.25	3.25	1	999	-1	0	1	1	0	0	0	-9999	-9999	-9999	-9999	-9999
type3	3	0	0	1	0	7	0	0	0	0	0	1	100	0	0	0	0	0	0	0	1	0	0	1	0	1	5	999	0	2	7	0	0	7	7	0	0	1	100	200	0	0	1.25	2.25	3.25	0	0	7	2	0	0	0	0	1	7	7	44	45	0
type3	3	0	0	1	0	7	0	0	0	0	0	1	100	0	0	0	0	0	0	0	1	0	0	1	0	0	5	1101	0	4	0	0	0	1101	0	0	0	0	100	200	0	0	1.25	2.25	3.25	1	1101	-1	0	1	0	1	0	1	0	0	0	45	-1
type3	3	0	0	1	0	7	0	0	0	0	0	1	100	0	0	0	0	0	0	0	1	0	0	1	0	1	5	1101	0	2	7	0	0	7	7	0	0	1	100	200	0	0	1.25	2.25	3.25	0	0	7	2	0	0	0	0	1	7	7	44	45	0
type3	3	0	0	1	0	7	0	0	0	0	0	1	100	0	0	0	0	0	0	0	1	0	0	1	0	0	7	0	0	2	7	0	0	7	7	0	0	0	100	200	0	0	1.25	2.25	3.25	0	0	7	2	0	0	0	0	1	7	7	44	45	0
type3	3	0	0	1	0	7	0	0	0	0	0	1	100	0	0	0	0	0	0	0	1	0	0	1	0	1	7	0	0	2	7	0	0	7	7	0	0	1	100	200	0	0	1.25	2.25	3.25	0	0	7	2	0	0	0	0	1	7	7	44	45	0
type3	3	0	0	1	0	7	0	0	0	0	0	1	100	0	0	0	0	0	0	0	1	0	0	1	0	0	7	7	0	1	0	1	0	7	7	0	0	0	100	200	0	0	1.25	2.25	3.25	0	0	7	1	0	0	0	0	1	7	7	44	45	0
type3	3	0	0	1	0	7	0	0	0	0	0	1	100	0	0	0	0	0	0	0	1	0	0	1	0	1	7	7	0	2	7	0	0	7	7	0	0	1	100	200	0	0	1.25	2.25	3.25	0	0	7	2	0	0	0	0	1	7	7	44	45	0
type3	3	0	0	1	0	7	0	0	0	0	0	1	100	0	0	0	0	0	0	0	1	0	0	1	0	0	7	998	0	1	0	1	0	998	998	0	0	0	100	200	0	0	1.25	2.25	3.25	0	0	998	0	0	0	0	0	1	998	998	44	45	0
type3	3	0	0	1	0	7	0	0	0	0	0	1	100	0	0	0	0	0	0	0	1	0	0	1	0	1	7	998	0	2	7	0	0	7	7	0	0	1	100	200	0	0	1.25	2.25	3.25	0	0	7	2	0	0	0	0	1	7	7	44	45	0
type3	3	0	0	1	0	7	0	0	0	0	0	1	100	0	0	0	0	0	0	0	1	0	0	1	0	0	7	999	0	4	0	0	0	999	0	0	0	0	100	200	0	0	1.25	2.25	3.25	1	999	-1	0	1	1	0	0	0	-9999	-9999	-9999	-9999	-9999
type3	3	0	0	1	0	7	0	0	0	0	0	1	100	0	0	0	0	0	0	0	1	0	0	1	0	1	7	999	0	2	7	0	0	7	7	0	0	1	100	200	0	0	1.25	2.25	3.25	0	0	7	2	0	0	0	0	1	7	7	44	45	0
type3	3	0	0	1	0	7	0	0	0	0	0	1	100	0	0	0	0	0	0	0	1	0	0	1	0	0	7	1101	0	4	0	0	0	1101	0	0	0	0	100	200	0	0	1.25	2.25	3.25	1	1101	-1	0	1	0	1	0	1	0	0	0	45	-1
type3	3	0	0	1	0	7	0	0	0	0	0	1	100	0	0	0	0	0	0	0	1	0	0	1	0	1	7	1101	0	2	7	0	0	7	7	0	0	1	100	200	0	0	1.25	2.25	3.25	0	0	7	2	0	0	0	0	1	7	7	44	45	0
type3	3	0	0	1	0	7	0	0	0	0	0	6	100	0	0	0	0	0	0	0	1	0	0	1	0	0	0	0	0	2	7	0	0	7	7	0	0	6	100	200	0	0	1.25	2.25	3.25	0	0	7	2	0	0	0	0	1	7	7	44	45	0
type3	3	0	0	1	0	7	0	0	0	0	0	6	100	0	0	0	0	0	0	0	1	0	0	1	0	1	0	0	0	2	7	0	0	7	7	0	0	6	100	200	0	0	1.25	2.25	3.25	0	0	7	2	0	0	0	0	1	7	7	44	45	0
type3	3	0	0	1	0	7	0	0	0	0	0	6	100	0	0	0	0	0	0	0	1	0	0	1	0	0	0	7	0	2	7	0	0	7	7	0	0	6	100	200	0	0	1.25	2.25	3.25	0	0	7	2	0	0	0	0	1	7	7	44	45	0
type3	3	0	0	1	0	7	0	0	0	0	0	6	100	0	0	0	0	0	0	0	1	0	0	1	0	1	0	7	0	2	7	0	0	7	7	0	0	6	100	200	0	0	1.25	2.25	3.25	0	0	7	2	0	0	0	0	1	7	7	44	45	0
type3	3	0	0	1	0	7	0	0	0	0	0	6	100	0	0	0	0	0	0	0	1	0	0	1	0	0	0	998	0	2	7	0	0	7	7	0	0	6	100	200	0	0	1.25	2.25	3.25	0	0	7	2	0	0	0	0	1	7	7	44	45	0
type3	3	0	0	1	0	7	0	0	0	0	0	6	100	0	0	0	0	0	0	0	1	0	0	1	0	1	0	998	0	2	7	0	0	7	7	0	0	6	100	200	0	0	1.25	2.25	3.25	0	0	7	2	0	0	0	0	1	7	7	44	45	0
type3	3	0	0	1	0	7	0	0	0	0	0	6	100	0	0	0	0	0	0	0	1	0	0	1	0	0	0	999	0	2	7	0	0	7	7	0	0	6	100	200	0	0	1.25	2.25	3.25	0	0	7	2	0	0	0	0	1	7	7	44	45	0
type3	3	0	0	1	0	7	0	0	0	0	0	6	100	0	0	0	0	0	0	0	1	0	0	1	0	1	0	999	0	2	7	0	0	7	7	0	0	6	100	200	0	0	1.25	2.25	3.25	0	0	7	2	0	0	0	0	1	7	7	44	45	0
type3	3	0	0	1	0	7	0	0	0	0	0	6	100	0	0	0	0	0	0	0	1	0	0	1	0	0	0	1101	0	2	7	0	0	7	7	0	0	6	100	200	0	0	1.25	2.25	3.25	0	0	7	2	0	0	0	0	1	7	7	44	45	0
type3	3	0	0	1	0	7	0	0	0	0	0	6	100	0	0	0	0	0	0	0	1	0	0	1	0	1	0	1101	0	2	7	0	0	7	7	0	0	6	100	200	0	0	1.25	2.25	3.25	0	0	7	2	0	0	0	0	1	7	7	44	45	0
type3	3	0	0	1	0	7	0	0	0	0	0	6	100	0	0	0	0	0	0	0	1	0	0	1	0	0	5	0	0	2	7	0	0	7	7	0	0	1	100	200	0	0	1.25	2.25	3.25	0	0	7	2	0	0	0	0	1	7	7	44	45	0
type3	3	0	0	1	0	7	0	0	0	0	0	6	100	0	0	0	0	0	0	0	1	0	0	1	0	1	5	0	0	2	7	0	0	7	7	0	0	6	100	200	0	0	1.25	2.25	3.25	0	0	7	2	0	0	0	0	1	7	7	44	45	0
type3	3	0	0	1	0	7	0	0	0	0	0	6	100	0	0	0	0	0	0	0	1	0	0	1	0	0	5	7	0	2	7	0	0	7	7	0	0	1	100	200	0	0	1.25	2.25	3.25	0	0	7	2	0	0	0	0	1	7	7	44	45	0
type3	3	0	0	1	0	7	0	0	0	0	0	6	100	0	0	0	0	0	0	0	1	0	0	1	0	1	5	7	0	2	7	0	0	7	7	0	0	6	100	200	0	0	1.25	2.25	3.25	0	0	7	2	0	0	0	0	1	7	7	44	45	0
type3	3	0	0	1	0	7	0	0	0	0	0	6	100	0	0	0	0	0	0	0	1	0	0	1	0	0	5	998	0	2	7	0	0	7	7	0	0	1	100	200	0	0	1.25	2.25	3.25	0	0	7	2	0	0	0	0	1	7	7	44	45	0
type3	3	0	0	1	0	7	0	0	0	0	0	6	100	0	0	0	0	0	0	0	1	0	0	1	0	1	5	998	0	2	7	0	0	7	7	0	0	6	100	200	0	0	1.25	2.25	3.25	0	0	7	2	0	0	0	0	1	7	7	44	45	0
type3	3	0	0	1	0	7	0	0	0	0	0	6	100	0	0	0	0	0	0	0	1	0	0	1	0	0	5	999	0	2	7	0	0	7	7	0	0	1	100	200	0	0	1.25	2.25	3.25	0	0	7	2	0	0	0	0	1	7	7	44	45	0
type3	3	0	0	1	0	7	0	0	0	0	0	6	100	0	0	0	0	0	0	0	1	0	0	1	0	1	5	999	0	2	7	0	0	7	7	0	0	6	100	200	0	0	1.25	2.25	3.25	0	0	7	2	0	0	0	0	1	7	7	44	45	0
type3	3	0	0	1	0	7	0	0	0	0	0	6	100	0	0	0	0	0	0	0	1	0	0	1	0	0	5	1101	0	2	7	0	0	7	7	0	0	1	100	200	0	0	1.25	2.25	3.25	0	0	7	2	0	0	0	0	1	7	7	44	45	0
type3	3	0	0	1	0	7	0	0	0	0	0	6	100	0	0	0	0	0	0	0	1	0	0	1	0	1	5	1101	0	2	7	0	0	7	7	0	0	6	100	200	0	0	1.25	2.25	3.25	0	0	7	2	0	0	0	0	1	7	7	44	45	0
type3	3	0	0	1	0	7	0	0	0	0	0	6	100	0	0	0	0	0	0	0	1	0	0	1	0	0	7	0	0	2	7	0	0	7	7	0	0	0	100	200	0	0	1.25	2.25	3.25	0	0	7	2	0	0	0	0	1	7	7	44	45	0
type3	3	0	0	1	0	7	0	0	0	0	0	6	100	0	0	0	0	0	0	0	1	0	0	1	0	1	7	0	0	2	7	0	0	7	7	0	0	6	100	200	0	0	1.25	2.25	3.25	0	0	7	2	0	0	0	0	1	7	7	44	45	0
type3	3	0	0	1	0	7	0	0	0	0	0	6	100	0	0	0	0	0	0	0	1	0	0	1	0	0	7	7	0	1	0	1	0	7	7	0	0	0	100	200	0	0	1.25	2.25	3.25	0	0	7	1	0	0	0	0	1	7	7	44	45	0
type3	3	0	0	1	0	7	0	0	0	0	0	6	100	0	0	0	0	0	0	0	1	0	0	1	0	1	7	7	0	2	7	0	0	7	7	0	0	6	100	200	0	0	1.25	2.25	3.25	0	0	7	2	0	0	0	0	1	7	7	44	45	0
type3	3	0	0	1	0	7	0	0	0	0	0	6	100	0	0	0	0	0	0	0	1	0	0	1	0	0	7	998	0	1	0	1	0	998	998	0	0	0	100	200	0	0	1.25	2.25	3.25	0	0	998	0	0	0	0	0	1	998	998	44	45	0
type3	3	0	0	1	0	7	0	0	0	0	0	6	100	0	0	0	0	0	0	0	1	0	0	1	0	1	7	998	0	2	7	0	0	7	7	0	0	6	100	200	0	0	1.25	2.25	3.25	0	0	7	2	0	0	0	0	1	7	7	44	45	0
type3	3	0	0	1	0	7	0	0	0	0	0	6	100	0	0	0	0	0	0	0	1	0	0	1	0	0	7	999	0	4	0	0	0	999	0	0	0	0	100	200	0	0	1.25	2.25	3.25	1	999	-1	0	1	1	0	0	0	-9999	-9999	-9999	-9999	-9999
type3	3	0	0	1	0	7	0	0	0	0	0	6	100	0	0	0	0	0	0	0	1	0	0	1	0	1	7	999	0	2	7	0	0	7	7	0	0	6	100	200	0	0	1.25	2.25	3.25	0	0	7	2	0	0	0	0	1	7	7	44	45	0
type3	3	0	0	1	0	7	0	0	0	0	0	6	100	0	0	0	0	0	0	0	1	0	0	1	0	0	7	1101	0	4	0	0	0	1101	0	0	0	0	100	200	0	0	1.25	2.25	3.25	1	1101	-1	0	1	0	1	0	1	0	0	0	45	-1
type3	3	0	0	1	0	7	0	0	0	0	0	6	100	0	0	0	0	0	0	0	1	0	0	1	0	1	7	1101	0	2	7	0	0	7	7	0	0	6	100	200	0	0	1.25	2.25	3.25	0	0	7	2	0	0	0	0	1	7	7	44	45	0
type3	3	0	0	1	0	7	0	0	3007	0	0	-1	100	0	0	0	0	0	0	0	1	0	0	1	0	0	0	0	0	1	0	1	0	10	10	0	0	0	100	200	0	0	1.25	2.25	3.25	0	0	10	0	0	0	0	0	1	10	10	44	45	0
type3	3	0	0	1	0	7	0	0	3007	0	0	-1	100	0	0	0	0	0	0	0	1	0	0	1	0	1	0	0	0	2	7	0	0	7	7	0	0	-1	100	200	0	0	1.25	2.25	3.25	0	0	7	2	0	0	0	0	1	7	7	44	45	0
type3	3	0	0	1	0	7	0	0	3007	0	0	-1	100	0	0	0	0	0	0	0	1	0	0	1	0	0	0	7	0	1	0	1	0	7	7	0	0	0	100	200	0	0	1.25	2.25	3.25	0	0	7	1	0	0	0	0	1	7	7	44	45	0
type3	3	0	0	1	0	7	0	0	3007	0	0	-1	100	0	0	0	0	0	0	0	1	0	0	1	0	1	0	7	0	2	7	0	0	7	7	0	0	-1	100	200	0	0	1.25	2.25	3.25	0	0	7	2	0	0	0	0	1	7	7	44	45	0
type3	3	0	0	1	0	7	0	0	3007	0	0	-1	100	0	0	0	0	0	0	0	1	0	0	1	0	0	0	998	0	1	0	1	0	998	998	0	0	0	100	200	0	0	1.25	2.25	3.25	0	0	998	0	0	0	0	0	1	998	998	44	45	0
type3	3	0	0	1	0	7	0	0	3007	0	0	-1	100	0	0	0	0	0	0	0	1	0	0	1	0	1	0	998	0	2	7	0	0	7	7	0	0	-1	100	200	0	0	1.25	2.25	3.25	0	0	7	2	0	0	0	0	1	7	7	44	45	0
type3	3	0	0	1	0	7	0	0	3007	0	0	-1	100	0	0	0	0	0	0	0	1	0	0	1	0	0	0	999	0	4	0	0	0	999	0	0	0	0	100	200	0	0	1.25	2.25	3.25	1	999	-1	0	1	1	0	0	0	-9999	-9999	-9999	-9999	-9999
type3	3	0	0	1	0	7	0	0	3007	0	0	-1	100	0	0	0	0	0	0	0	1	0	0	1	0	1	0	999	0	2	7	0	0	7	7	0	0	-1	100	200	0	0	1.25	2.25	3.25	0	0	7	2	0	0	0	0	1	7	7	44	45	0
type3	3	0	0	1	0	7	0	0	3007	0	0	-1	100	0	0	0	0	0	0	0	1	0	0	1	0	0	0	1101	0	4	0	0	0	1101	0	0	0	0	100	200	0	0	1.25	2.25	3.25	1	1101	-1	0	1	0	1	0	1	0	0	0	45	-1
type3	3	0	0	1	0	7	0	0	3007	0	0	-1	100	0	0	0	0	0	0	0	1	0	0	1	0	1	0	1101	0	2	7	0	0	7	7	0	0	-1	100	200	0	0	1.25	2.25	3.25	0	0	7	2	0	0	0	0	1	7	7	44	45	0
type3	3	0	0	1	0	7	0	0	3007	0	0	-1	100	0	0	0	0	0	0	0	1	0	0	1	0	0	5	0	0	1	0	1	0	10	10	0	0	0	100	200	0	0	1.25	2.25	3.25	0	0	10	0	0	0	0	0	1	10	10	44	45	0
type3	3	0	0	1	0	7	0	0	3007	0	0	-1	100	0	0	0	0	0	0	0	1	0	0	1	0	1	5	0	0	2	7	0	0	7	7	0	0	-1	100	200	0	0	1.25	2.25	3.25	0	0	7	2	0	0	0	0	1	7	7	44	45	0
type3	3	0	0	1	0	7	0	0	3007	0	0	-1	100	0	0	0	0	0	0	0	1	0	0	1	0	0	5	7	0	1	0	1	0	7	7	0	0	0	100	200	0	0	1.25	2.25	3.25	0	0	7	1	0	0	0	0	1	7	7	44	45	0
type3	3	0	0	1	0	7	0	0	3007	0	0	-1	100	0	0	0	0	0	0	0	1	0	0	1	0	1	5	7	0	2	7	0	0	7	7	0	0	-1	100	200	0	0	1.25	2.25	3.25	0	0	7	2	0	0	0	0	1	7	7	44	45	0
type3	3	0	0	1	0	7	0	0	3007	0	0	-1	100	0	0	0	0	0	0	0	1	0	0	1	0	0	5	998	0	1	0	1	0	998	998	0	0	0	100	200	0	0	1.25	2.25	3.25	0	0	998	0	0	0	0	0	1	998	998	44	45	0
type3	3	0	0	1	0	7	0	0	3007	0	0	-1	100	0	0	0	0	0	0	0	1	0	0	1	0	1	5	998	0	2	7	0	0	7	7	0	0	-1	100	200	0	0	1.25	2.25	3.25	0	0	7	2	0	0	0	0	1	7	7	44	45	0
type3	3	0	0	1	0	7	0	0	3007	0	0	-1	100	0	0	0	0	0	0	0	1	0	0	1	0	0	5	999	0	4	0	0	0	999	0	0	0	0	100	200	0	0	1.25	2.25	3.25	1	999	-1	0	1	1	0	0	0	-9999	-9999	-9999	-9999	-9999
type3	3	0	0	1	0	7	0	0	3007	0	0	-1	100	0	0	0	0	0	0	0	1	0	0	1	0	1	5	999	0	2	7	0	0	7	7	0	0	-1	100	200	0	0	1.25	2.25	3.25	0	0	7	2	0	0	0	0	1	7	7	44	45	0
type3	3	0	0	1	0	7	0	0	3007	0	0	-1	100	0	0	0	0	0	0	0	1	0	0	1	0	0	5	1101	0	4	0	0	0	1101	0	0	0	0	100	200	0	0	1.25	2.25	3.25	1	1101	-1	0	1	0	1	0	1	0	0	0	45	-1
type3	3	0	0	1	0	7	0	0	3007	0	0	-1	100	0	0	0	0	0	0	0	1	0	0	1	0	1	5	1101	0	2	7	0	0	7	7	0	0	-1	100	200	0	0	1.25	2.25	3.25	0	0	7	2	0	0	0	0	1	7	7	44	45	0
type3	3	0	0	1	0	7	0	0	3007	0	0	-1	100	0	0	0	0	0	0	0	1	0	0	1	0	0	7	0	0	1	0	1	0	10	10	0	0	0	100	200	0	0	1.25	2.25	3.25	0	0	10	0	0	0	0	0	1	10	10	44	45	0
type3	3	0	0	1	0	7	0	0	3007	0	0	-1	100	0	0	0	0	0	0	0	1	0	0	1	0	1	7	0	0	2	7	0	0	7	7	0	0	-1	100	200	0	0	1.25	2.25	3.25	0	0	7	2	0	0	0	0	1	7	7	44	45	0
type3	3	0	0	1	0	7	0	0	3007	0	0	-1	100	0	0	0	0	0	0	0	1	0	0	1	0	0	7	7	0	1	0	1	0	7	7	0	0	0	100	200	0	0	1.25	2.25	3.25	0	0	7	1	0	0	0	0	1	7	7	44	45	0
type3	3	0	0	1	0	7	0	0	3007	0	0	-1	100	0	0	0	0	0	0	0	1	0	0	1	0	1	7	7	0	2	7	0	0	7	7	0	0	-1	100	200	0	0	1.25	2.25	3.25	0	0	7	2	0	0	0	0	1	7	7	44	45	0
type3	3	0	0	1	0	7	0	0	3007	0	0	-1	100	0	0	0	0	0	0	0	1	0	0	1	0	0	7	998	0	1	0	1	0	998	998	0	0	0	100	200	0	0	1.25	2.25	3.25	0	0	998	0	0	0	0	0	1	998	998	44	45	0
type3	3	0	0	1	0	7	0	0	3007	0	0	-1	100	0	0	0	0	0	0	0	1	0	0	1	0	1	7	998	0	2	7	0	0	7	7	0	0	-1	100	200	0	0	1.25	2.25	3.25	0	0	7	2	0	0	0	0	1	7	7	44	45	0
type3	3	0	0	1	0	7	0	0	3007	0	0	-1	100	0	0	0	0	0	0	0	1	0	0	1	0	0	7	999	0	4	0	0	0	999	0	0	0	0	100	200	0	0	1.25	2.25	3.25	1	999	-1	0	1	1	0	0	0	-9999	-9999	-9999	-9999	-9999
type3	3	0	0	1	0	7	0	0	3007	0	0	-1	100	0	0	0	0	0	0	0	1	0	0	1	0	1	7	999	0	2	7	0	0	7	7	0	0	-1	100	200	0	0	1.25	2.25	3.25	0	0	7	2	0	0	0	0	1	7	7	44	45	0
type3	3	0	0	1	0	7	0	0	3007	0	0	-1	100	0	0	0	0	0	0	0	1	0	0	1	0	0	7	1101	0	4	0	0	0	1101	0	0	0	0	100	200	0	0	1.25	2.25	3.25	1	1101	-1	0	1	0	1	0	1	0	0	0	45	-1
type3	3	0	0	1	0	7	0	0	3007	0	0	-1	100	0	0	0	0	0	0	0	1	0	0	1	0	1	7	1101	0	2	7	0	0	7	7	0	0	-1	100	200	0	0	1.25	2.25	3.25	0	0	7	2	0	0	0	0	1	7	7	44	45	0
type3	3	0	0	1	0	7	0	0	3007	0	0	0	100	0	0	0	0	0	0	0	1	0	0	1	0	0	0	0	0	1	0	1	0	10	10	0	0	0	100	200	0	0	1.25	2.25	3.25	0	0	10	0	0	0	0	0	1	10	10	44	45	0
type3	3	0	0	1	0	7	0	0	3007	0	0	0	100	0	0	0	0	0	0	0	1	0	0	1	0	1	0	0	0	2	7	0	0	7	7	0	0	0	100	200	0	0	1.25	2.25	3.25	0	0	7	2	0	0	0	0	1	7	7	44	45	0
type3	3	0	0	1	0	7	0	0	3007	0	0	0	100	0	0	0	0	0	0	0	1	0	0	1	0	0	0	7	0	1	0	1	0	7	7	0	0	0	100	200	0	0	1.25	2.25	3.25	0	0	7	1	0	0	0	0	1	7	7	44	45	0
type3	3	0	0	1	0	7	0	0	3007	0	0	0	100	0	0	0	0	0	0	0	1	0	0	1	0	1	0	7	0	2	7	0	0	7	7	0	0	0	100	200	0	0	1.25	2.25	3.25	0	0	7	2	0	0	0	0	1	7	7	44	45	0
type3	3	0	0	1	0	7	0	0	3007	0	0	0	100	0	0	0	0	0	0	0	1	0	0	1	0	0	0	998	0	1	0	1	0	998	998	0	0	0	100	200	0	0	1.25	2.25	3.25	0	0	998	0	0	0	0	0	1	998	998	44	45	0
type3	3	0	0	1	0	7	0	0	3007	0	0	0	100	0	0	0	0	0	0	0	1	0	0	1	0	1	0	998	0	2	7	0	0	7	7	0	0	0	100	200	0	0	1.25	2.25	3.25	0	0	7	2	0	0	0	0	1	7	7	44	45	0
type3	3	0	0	1	0	7	0	0	3007	0	0	0	100	0	0	0	0	0	0	0	1	0	0	1	0	0	0	999	0	4	0	0	0	999	0	0	0	0	100	200	0	0	1.25	2.25	3.25	1	999	-1	0	1	1	0	0	0	-9999	-9999	-9999	-9999	-9999
type3	3	0	0	1	0	7	0	0	3007	0	0	0	100	0	0	0	0	0	0	0	1	0	0	1	0	1	0	999	0	2	7	0	0	7	7	0	0	0	100	200	0	0	1.25	2.25	3.25	0	0	7	2	0	0	0	0	1	7	7	44	45	0
type3	3	0	0	1	0	7	0	0	3007	0	0	0	100	0	0	0	0	0	0	0	1	0	0	1	0	0	0	1101	0	4	0	0	0	1101	0	0	0	0	100	200	0	0	1.25	2.25	3.25	1	1101	-1	0	1	0	1	0	1	0	0	0	45	-1
type3	3	0	0	1	0	7	0	0	3007	0	0	0	100	0	0	0	0	0	0	0	1	0	0	1	0	1	0	1101	0	2	7	0	0	7	7	0	0	0	100	200	0	0	1.25	2.25	3.25	0	0	7	2	0	0	0	0	1	7	7	44	45	0
type3	3	0	0	1	0	7	0	0	3007	0	0	0	100	0	0	0	0	0	0	0	1	0	0	1	0	0	5	0	0	1	0	1	0	10	10	0	0	0	100	200	0	0	1.25	2.25	3.25	0	0	10	0	0	0	0	0	1	10	10	44	45	0
type3	3	0	0	1	0	7	0	0	3007	0	0	0	100	0	0	0	0	0	0	0	1	0	0	1	0	1	5	0	0	2	7	0	0	7	7	0	0	0	100	200	0	0	1.25	2.25	3.25	0	0	7	2	0	0	0	0	1	7	7	44	45	0
type3	3	0	0	1	0	7	0	0	3007	0	0	0	100	0	0	0	0	0	0	0	1	0	0	1	0	0	5	7	0	1	0	1	0	7	7	0	0	0	100	200	0	0	1.25	2.25	3.25	0	0	7	1	0	0	0	0	1	7	7	44	45	0
type3	3	0	0	1	0	7	0	0	3007	0	0	0	100	0	0	0	0	0	0	0	1	0	0	1	0	1	5	7	0	2	7	0	0	7	7	0	0	0	100	200	0	0	1.25	2.25	3.25	0	0	7	2	0	0	0	0	1	7	7	44	45	0
type3	3	0	0	1	0	7	0	0	3007	0	0	0	100	0	0	0	0	0	0	0	1	0	0	1	0	0	5	998	0	1	0	1	0	998	998	0	0	0	100	200	0	0	1.25	2.25	3.25	0	0	998	0	0	0	0	0	1	998	998	44	45	0
type3	3	0	0	1	0	7	0	0	3007	0	0	0	100	0	0	0	0	0	0	0	1	0	0	1	0	1	5	998	0	2	7	0	0	7	7	0	0	0	100	200	0	0	1.25	2.25	3.25	0	0	7	2	0	0	0	0	1	7	7	44	45	0
type3	3	0	0	1	0	7	0	0	3007	0	0	0	100	0	0	0	0	0	0	0	1	0	0	1	0	0	5	999	0	4	0	0	0	999	0	0	0	0	100	200	0	0	1.25	2.25	3.25	1	999	-1	0	1	1	0	0	0	-9999	-9999	-9999	-9999	-9999
type3	3	0	0	1	0	7	0	0	3007	0	0	0	100	0	0	0	0	0	0	0	1	0	0	1	0	1	5	999	0	2	7	0	0	7	7	0	0	0	100	200	0	0	1.25	2.25	3.25	0	0	7	2	0	0	0	0	1	7	7	44	45	0
type3	3	0	0	1	0	7	0	0	3007	0	0	0	100	0	0	0	0	0	0	0	1	0	0	1	0	0	5	1101	0	4	0	0	0	1101	0	0	0	0	100	200	0	0	1.25	2.25	3.25	1	1101	-1	0	1	0	1	0	1	0	0	0	45	-1
type3	3	0	0	1	0	7	0	0	3007	0	0	0	100	0	0	0	0	0	0	0	1	0	0	1	0	1	5	1101	0	2	7	0	0	7	7	0	0	0	100	200	0	0	1.25	2.25	3.25	0	0	7	2	0	0	0	0	1	7	7	44	45	0
type3	3	0	0	1	0	7	0	0	3007	0	0	0	100	0	0	0	0	0	0	0	1	0	0	1	0	0	7	0	0	1	0	1	0	10	10	0	0	0	100	200	0	0	1.25	2.25	3.25	0	0	10	0	0	0	0	0	1	10	10	44	45	0
type3	3	0	0	1	0	7	0	0	3007	0	0	0	100	0	0	0	0	0	0	0	1	0	0	1	0	1	7	0	0	2	7	0	0	7	7	0	0	0	100	200	0	0	1.25	2.25	3.25	0	0	7	2	0	0	0	0	1	7	7	44	45	0
type3	3	0	0	1	0	7	0	0	3007	0	0	0	100	0	0	0	0	0	0	0	1	0	0	1	0	0	7	7	0	1	0	1	0	7	7	0	0	0	100	200	0	0	1.25	2.25	3.25	0	0	7	1	0	0	0	0	1	7	7	44	45	0
type3	3	0	0	1	0	7	0	0	3007	0	0	0	100	0	0	0	0	0	0	0	1	0	0	1	0	1	7	7	0	2	7	0	0	7	7	0	0	0	100	200	0	0	1.25	2.25	3.25	0	0	7	2	0	0	0	0	1	7	7	44	45	0
type3	3	0	0	1	0	7	0	0	3007	0	0	0	100	0	0	0	0	0	0	0	1	0	0	1	0	0	7	998	0	1	0	1	0	998	998	0	0	0	100	200	0	0	1.25	2.25	3.25	0	0	998	0	0	0	0	0	1	998	998	44	45	0
type3	3	0	0	1	0	7	0	0	3007	0	0	0	100	0	0	0	0	0	0	0	1	0	0	1	0	1	7	998	0	2	7	0	0	7	7	0	0	0	100	200	0	0	1.25	2.25	3.25	0	0	7	2	0	0	0	0	1	7	7	44	45	0
type3	3	0	0	1	0	7	0	0	3007	0	0	0	100	0	0	0	0	0	0	0	1	0	0	1	0	0	7	999	0	4	0	0	0	999	0	0	0	0	100	200	0	0	1.25	2.25	3.25	1	999	-1	0	1	1	0	0	0	-9999	-9999	-9999	-9999	-9999
type3	3	0	0	1	0	7	0	0	3007	0	0	0	100	0	0	0	0	0	0	0	1	0	0	1	0	1	7	999	0	2	7	0	0	7	7	0	0	0	100	200	0	0	1.25	2.25	3.25	0	0	7	2	0	0	0	0	1	7	7	44	45	0
type3	3	0	0	1	0	7	0	0	3007	0	0	0	100	0	0	0	0	0	0	0	1	0	0	1	0	0	7	1101	0	4	0	0	0	1101	0	0	0	0	100	200	0	0	1.25	2.25	3.25	1	1101	-1	0	1	0	1	0	1	0	0	0	45	-1
type3	3	0	0	1	0	7	0	0	3007	0	0	0	100	0	0	0	0	0	0	0	1	0	0	1	0	1	7	1101	0	2	7	0	0	7	7	0	0	0	100	200	0	0	1.25	2.25	3.25	0	0	7	2	0	0	0	0	1	7	7	44	45	0
type3	3	0	0	1	0	7	0	0	3007	0	0	1	100	0	0	0	0	0	0	0	1	0	0	1	0	0	0	0	0	2	7	0	0	7	7	0	0	1	100	200	0	0	1.25	2.25	3.25	0	0	7	2	0	0	0	0	1	7	7	44	45	0
type3	3	0	0	1	0	7	0	0	3007	0	0	1	100	0	0	0	0	0	0	0	1	0	0	1	0	1	0	0	0	2	7	0	0	7	7	0	0	1	100	200	0	0	1.25	2.25	3.25	0	0	7	2	0	0	0	0	1	7	7	44	45	0
type3	3	0	0	1	0	7	0	0	3007	0	0	1	100	0	0	0	0	0	0	0	1	0	0	1	0	0	0	7	0	2	7	0	0	7	7	0	0	1	100	200	0	0	1.25	2.25	3.25	0	0	7	2	0	0	0	0	1	7	7	44	45	0
type3	3	0	0	1	0	7	0	0	3007	0	0	1	100	0	0	0	0	0	0	0	1	0	0	1	0	1	0	7	0	2	7	0	0	7	7	0	0	1	100	200	0	0	1.25	2.25	3.25	0	0	7	2	0	0	0	0	1	7	7	44	45	0
type3	3	0	0	1	0	7	0	0	3007	0	0	1	100	0	0	0	0	0	0	0	1	0	0	1	0	0	0	998	0	2	7	0	0	7	7	0	0	1	100	200	0	0	1.25	2.25	3.25	0	0	7	2	0	0	0	0	1	7	7	44	45	0
type3	3	0	0	1	0	7	0	0	3007	0	0	1	100	0	0	0	0	0	0	0	1	0	0	1	0	1	0	998	0	2	7	0	0	7	7	0	0	1	100	200	0	0	1.25	2.25	3.25	0	0	7	2	0	0	0	0	1	7	7	44	45	0
type3	3	0	0	1	0	7	0	0	3007	0	0	1	100	0	0	0	0	0	0	0	1	0	0	1	0	0	0	999	0	2	7	0	0	7	7	0	0	1	100	200	0	0	1.25	2.25	3.25	0	0	7	2	0	0	0	0	1	7	7	44	45	0
type3	3	0	0	1	0	7	0	0	3007	0	0	1	100	0	0	0	0	0	0	0	1	0	0	1	0	1	0	999	0	2	7	0	0	7	7	0	0	1	100	200	0	0	1.25	2.25	3.25	0	0	7	2	0	0	0	0	1	7	7	44	45	0
type3	3	0	0	1	0	7	0	0	3007	0	0	1	100	0	0	0	0	0	0	0	1	0	0	1	0	0	0	1101	0	2	7	0	0	7	7	0	0	1	100	200	0	0	1.25	2.25	3.25	0	0	7	2	0	0	0	0	1	7	7	44	45	0
type3	3	0	0	1	0	7	0	0	3007	0	0	1	100	0	0	0	0	0	0	0	1	0	0	1	0	1	0	1101	0	2	7	0	0	7	7	0	0	1	100	200	0	0	1.25	2.25	3.25	0	0	7	2	0	0	0	0	1	7	7	44	45	0
type3	3	0	0	1	0	7	0	0	3007	0	0	1	100	0	0	0	0	0	0	0	1	0	0	1	0	0	5	0	0	2	7	0	0	7	7	0	0	1	100	200	0	0	1.25	2.25	3.25	0	0	7	2	0	0	0	0	1	7	7	44	45	0
type3	3	0	0	1	0	7	0	0	3007	0	0	1	100	0	0	0	0	0	0	0	1	0	0	1	0	1	5	0	0	2	7	0	0	7	7	0	0	1	100	200	0	0	1.25	2.25	3.25	0	0	7	2	0	0	0	0	1	7	7	44	45	0
type3	3	0	0	1	0	7	0	0	3007	0	0	1	100	0	0	0	0	0	0	0	1	0	0	1	0	0	5	7	0	2	7	0	0	7	7	0	0	1	100	200	0	0	1.25	2.25	3.25	0	0	7	2	0	0	0	0	1	7	7	44	45	0
type3	3	0	0	1	0	7	0	0	3007	0	0	1	100	0	0	0	0	0	0	0	1	0	0	1	0	1	5	7	0	2	7	0	0	7	7	0	0	1	100	200	0	0	1.25	2.25	3.25	0	0	7	2	0	0	0	0	1	7	7	44	45	0
type3	3	0	0	1	0	7	0	0	3007	0	0	1	100	0	0	0	0	0	0	0	1	0	0	1	0	0	5	998	0	2	7	0	0	7	7	0	0	1	100	200	0	0	1.25	2.25	3.25	0	0	7	2	0	0	0	0	1	7	7	44	45	0
type3	3	0	0	1	0	7	0	0	3007	0	0	1	100	0	0	0	0	0	0	0	1	0	0	1	0	1	5	998	0	2	7	0	0	7	7	0	0	1	100	200	0	0	1.25	2.25	3.25	0	0	7	2	0	0	0	0	1	7	7	44	45	0
type3	3	0	0	1	0	7	0	0	3007	0	0	1	100	0	0	0	0	0	0	0	1	0	0	1	0	0	5	999	0	2	7	0	0	7	7	0	0	1	100	200	0	0	1.25	2.25	3.25	0	0	7	2	0	0	0	0	1	7	7	44	45	0
type3	3	0	0	1	0	7	0	0	3007	0	0	1	100	0	0	0	0	0	0	0	1	0	0	1	0	1	5	999	0	2	7	0	0	7	7	0	0	1	100	200	0	0	1.25	2.25	3.25	0	0	7	2	0	0	0	0	1	7	7	44	45	0
type3	3	0	0	1	0	7	0	0	3007	0	0	1	100	0	0	0	0	0	0	0	1	0	0	1	0	0	5	1101	0	2	7	0	0	7	7	0	0	1	100	200	0	0	1.25	2.25	3.25	0	0	7	2	0	0	0	0	1	7	7	44	45	0
type3	3	0	0	1	0	7	0	0	3007	0	0	1	100	0	0	0	0	0	0	0	1	0	0	1	0	1	5	1101	0	2	7	0	0	7	7	0	0	1	100	200	0	0	1.25	2.25	3.25	0	0	7	2	0	0	0	0	1	7	7	44	45	0
type3	3	0	0	1	0	7	0	0	3007	0	0	1	100	0	0	0	0	0	0	0	1	0	0	1	0	0	7	0	0	2	7	0	0	7	7	0	0	1	100	200	0	0	1.25	2.25	3.25	0	0	7	2	0	0	0	0	1	7	7	44	45	0
type3	3	0	0	1	0	7	0	0	3007	0	0	1	100	0	0	0	0	0	0	0	1	0	0	1	0	1	7	0	0	2	7	0	0	7	7	0	0	1	100	200	0	0	1.25	2.25	3.25	0	0	7	2	0	0	0	0	1	7	7	44	45	0
type3	3	0	0	1	0	7	0	0	3007	0	0	1	100	0	0	0	0	0	0	0	1	0	0	1	0	0	7	7	0	2	7	0	0	7	7	0	0	1	100	200	0	0	1.25	2.25	3.25	0	0	7	2	0	0	0	0	1	7	7	44	45	0
type3	3	0	0	1	0	7	0	0	3007	0	0	1	100	0	0	0	0	0	0	0	1	0	0	1	0	1	7	7	0	2	7	0	0	7	7	0	0	1	100	200	0	0	1.25	2.25	3.25	0	0	7	2	0	0	0	0	1	7	7	44	45	0
type3	3	0	0	1	0	7	0	0	3007	0	0	1	100	0	0	0	0	0	0	0	1	0	0	1	0	0	7	998	0	2	7	0	0	7	7	0	0	1	100	200	0	0	1.25	2.25	3.25	0	0	7	2	0	0	0	0	1	7	7	44	45	0
type3	3	0	0	1	0	7	0	0	3007	0	0	1	100	0	0	0	0	0	0	0	1	0	0	1	0	1	7	998	0	2	7	0	0	7	7	0	0	1	100	200	0	0	1.25	2.25	3.25	0	0	7	2	0	0	0	0	1	7	7	44	45	0
type3	3	0	0	1	0	7	0	0	3007	0	0	1	100	0	0	0	0	0	0	0	1	0	0	1	0	0	7	999	0	2	7	0	0	7	7	0	0	1	100	200	0	0	1.25	2.25	3.25	0	0	7	2	0	0	0	0	1	7	7	44	45	0
type3	3	0	0	1	0	7	0	0	3007	0	0	1	100	0	0	0	0	0	0	0	1	0	0	1	0	1	7	999	0	2	7	0	0	7	7	0	0	1	100	200	0	0	1.25	2.25	3.25	0	0	7	2	0	0	0	0	1	7	7	44	45	0
type3	3	0	0	1	0	7	0	0	3007	0	0	1	100	0	0	0	0	0	0	0	1	0	0	1	0	0	7	1101	0	2	7	0	0	7	7	0	0	1	100	200	0	0	1.25	2.25	3.25	0	0	7	2	0	0	0	0	1	7	7	44	45	0
type3	3	0	0	1	0	7	0	0	3007	0	0	1	100	0	0	0	0	0	0	0	1	0	0	1	0	1	7	1101	0	2	7	0	0	7	7	0	0	1	100	200	0	0	1.25	2.25	3.25	0	0	7	2	0	0	0	0	1	7	7	44	45	0
type3	3	0	0	1	0	7	0	0	3007	0	0	6	100	0	0	0	0	0	0	0	1	0	0	1	0	0	0	0	0	2	7	0	0	7	7	0	0	6	100	200	0	0	1.25	2.25	3.25	0	0	7	2	0	0	0	0	1	7	7	44	45	0
type3	3	0	0	1	0	7	0	0	3007	0	0	6	100	0	0	0	0	0	0	0	1	0	0	1	0	1	0	0	0	2	7	0	0	7	7	0	0	6	100	200	0	0	1.25	2.25	3.25	0	0	7	2	0	0	0	0	1	7	7	44	45	0
type3	3	0	0	1	0	7	0	0	3007	0	0	6	100	0	0	0	0	0	0	0	1	0	0	1	0	0	0	7	0	2	7	0	0	7	7	0	0	6	100	200	0	0	1.25	2.25	3.25	0	0	7	2	0	0	0	0	1	7	7	44	45	0
type3	3	0	0	1	0	7	0	0	3007	0	0	6	100	0	0	0	0	0	0	0	1	0	0	1	0	1	0	7	0	2	7	0	0	7	7	0	0	6	100	200	0	0	1.25	2.25	3.25	0	0	7	2	0	0	0	0	1	7	7	44	45	0
type3	3	0	0	1	0	7	0	0	3007	0	0	6	100	0	0	0	0	0	0	0	1	0	0	1	0	0	0	998	0	2	7	0	0	7	7	0	0	6	100	200	0	0	1.25	2.25	3.25	0	0	7	2	0	0	0	0	1	7	7	44	45	0
type3	3	0	0	1	0	7	0	0	3007	0	0	6	100	0	0	0	0	0	0	0	1	0	0	1	0	1	0	998	0	2	7	0	0	7	7	0	0	6	100	200	0	0	1.25	2.25	3.25	0	0	7	2	0	0	0	0	1	7	7	44	45	0
type3	3	0	0	1	0	7	0	0	3007	0	0	6	100	0	0	0	0	0	0	0	1	0	0	1	0	0	0	999	0	2	7	0	0	7	7	0	0	6	100	200	0	0	1.25	2.25	3.25	0	0	7	2	0	0	0	0	1	7	7	44	45	0
type3	3	0	0	1	0	7	0	0	3007	0	0	6	100	0	0	0	0	0	0	0	1	0	0	1	0	1	0	999	0	2	7	0	0	7	7	0	0	6	100	200	0	0	1.25	2.25	3.25	0	0	7	2	0	0	0	0	1	7	7	44	45	0
type3	3	0	0	1	0	7	0	0	3007	0	0	6	100	0	0	0	0	0	0	0	1	0	0	1	0	0	0	1101	0	2	7	0	0	7	7	0	0	6	100	200	0	0	1.25	2.25	3.25	0	0	7	2	0	0	0	0	1	7	7	44	45	0
type3	3	0	0	1	0	7	0	0	3007	0	0	6	100	0	0	0	0	0	0	0	1	0	0	1	0	1	0	1101	0	2	7	0	0	7	7	0	0	6	100	200	0	0	1.25	2.25	3.25	0	0	7	2	0	0	0	0	1	7	7	44	45	0
type3	3	0	0	1	0	7	0	0	3007	0	0	6	100	0	0	0	0	0	0	0	1	0	0	1	0	0	5	0	0	2	7	0	0	7	7	0	0	6	100	200	0	0	1.25	2.25	3.25	0	0	7	2	0	0	0	0	1	7	7	44	45	0
type3	3	0	0	1	0	7	0	0	3007	0	0	6	100	0	0	0	0	0	0	0	1	0	0	1	0	1	5	0	0	2	7	0	0	7	7	0	0	6	100	200	0	0	1.25	2.25	3.25	0	0	7	2	0	0	0	0	1	7	7	44	45	0
type3	3	0	0	1	0	7	0	0	3007	0	0	6	100	0	0	0	0	0	0	0	1	0	0	1	0	0	5	7	0	2	7	0	0	7	7	0	0	6	100	200	0	0	1.25	2.25	3.25	0	0	7	2	0	0	0	0	1	7	7	44	45	0
type3	3	0	0	1	0	7	0	0	3007	0	0	6	100	0	0	0	0	0	0	0	1	0	0	1	0	1	5	7	0	2	7	0	0	7	7	0	0	6	100	200	0	0	1.25	2.25	3.25	0	0	7	2	0	0	0	0	1	7	7	44	45	0
type3	3	0	0	1	0	7	0	0	3007	0	0	6	100	0	0	0	0	0	0	0	1	0	0	1	0	0	5	998	0	2	7	0	0	7	7	0	0	6	100	200	0	0	1.25	2.25	3.25	0	0	7	2	0	0	0	0	1	7	7	44	45	0
type3	3	0	0	1	0	7	0	0	3007	0	0	6	100	0	0	0	0	0	0	0	1	0	0	1	0	1	5	998	0	2	7	0	0	7	7	0	0	6	100	200	0	0	1.25	2.25	3.25	0	0	7	2	0	0	0	0	1	7	7	44	45	0
type3	3	0	0	1	0	7	0	0	3007	0	0	6	100	0	0	0	0	0	0	0	1	0	0	1	0	0	5	999	0	2	7	0	0	7	7	0	0	6	100	200	0	0	1.25	2.25	3.25	0	0	7	2	0	0	0	0	1	7	7	44	45	0
type3	3	0	0	1	0	7	0	0	3007	0	0	6	100	0	0	0	0	0	0	0	1	0	0	1	0	1	5	999	0	2	7	0	0	7	7	0	0	6	100	200	0	0	1.25	2.25	3.25	0	0	7	2	0	0	0	0	1	7	7	44	45	0
type3	3	0	0	1	0	7	0	0	3007	0	0	6	100	0	0	0	0	0	0	0	1	0	0	1	0	0	5	1101	0	2	7	0	0	7	7	0	0	6	100	200	0	0	1.25	2.25	3.25	0	0	7	2	0	0	0	0	1	7	7	44	45	0
type3	3	0	0	1	0	7	0	0	3007	0	0	6	100	0	0	0	0	0	0	0	1	0	0	1	0	1	5	1101	0	2	7	0	0	7	7	0	0	6	100	200	0	0	1.25	2.25	3.25	0	0	7	2	0	0	0	0	1	7	7	44	45	0
type3	3	0	0	1	0	7	0	0	3007	0	0	6	100	0	0	0	0	0	0	0	1	0	0	1	0	0	7	0	0	2	7	0	0	7	7	0	0	6	100	200	0	0	1.25	2.25	3.25	0	0	7	2	0	0	0	0	1	7	7	44	45	0
type3	3	0	0	1	0	7	0	0	3007	0	0	6	100	0	0	0	0	0	0	0	1	0	0	1	0	1	7	0	0	2	7	0	0	7	7	0	0	6	100	200	0	0	1.25	2.25	3.25	0	0	7	2	0	0	0	0	1	7	7	44	45	0
type3	3	0	0	1	0	7	0	0	3007	0	0	6	100	0	0	0	0	0	0	0	1	0	0	1	0	0	7	7	0	2	7	0	0	7	7	0	0	6	100	200	0	0	1.25	2.25	3.25	0	0	7	2	0	0	0	0	1	7	7	44	45	0
type3	3	0	0	1	0	7	0	0	3007	0	0	6	100	0	0	0	0	0	0	0	1	0	0	1	0	1	7	7	0	2	7	0	0	7	7	0	0	6	100	200	0	0	1.25	2.25	3.25	0	0	7	2	0	0	0	0	1	7	7	44	45	0
type3	3	0	0	1	0	7	0	0	3007	0	0	6	100	0	0	0	0	0	0	0	1	0	0	1	0	0	7	998	0	2	7	0	0	7	7	0	0	6	100	200	0	0	1.25	2.25	3.25	0	0	7	2	0	0	0	0	1	7	7	44	45	0
type3	3	0	0	1	0	7	0	0	3007	0	0	6	100	0	0	0	0	0	0	0	1	0	0	1	0	1	7	998	0	2	7	0	0	7	7	0	0	6	100	200	0	0	1.25	2.25	3.25	0	0	7	2	0	0	0	0	1	7	7	44	45	0
type3	3	0	0	1	0	7	0	0	3007	0	0	6	100	0	0	0	0	0	0	0	1	0	0	1	0	0	7	999	0	2	7	0	0	7	7	0	0	6	100	200	0	0	1.25	2.25	3.25	0	0	7	2	0	0	0	0	1	7	7	44	45	0
type3	3	0	0	1	0	7	0	0	3007	0	0	6	100	0	0	0	0	0	0	0	1	0	0	1	0	1	7	999	0	2	7	0	0	7	7	0	0	6	100	200	0	0	1.25	2.25	3.25	0	0	7	2	0	0	0	0	1	7	7	44	45	0
type3	3	0	0	1	0	7	0	0	3007	0	0	6	100	0	0	0	0	0	0	0	1	0	0	1	0	0	7	1101	0	2	7	0	0	7	7	0	0	6	100	200	0	0	1.25	2.25	3.25	0	0	7	2	0	0	0	0	1	7	7	44	45	0
type3	3	0	0	1	0	7	0	0	3007	0	0	6	100	0	0	0	0	0	0	0	1	0	0	1	0	1	7	1101	0	2	7	0	0	7	7	0	0	6	100	200	0	0	1.25	2.25	3.25	0	0	7	2	0	0	0	0	1	7	7	44	45	0
already212	0	0	212	1	0	0	212	0	0	-10	0	100	100	0	0	0	0	0	0	0	1	0	0	1	0	0	0	0	0	1	0	0	0	212	212	0	0	100	100	200	0	0	1.25	2.25	3.25	0	0	212	1	0	0	0	0	1	212	212	44	45	0
already212	0	0	212	1	0	212	212	0	0	-10	0	100	100	0	0	0	0	0	0	0	1	0	0	1	0	0	0	0	0	1	212	0	0	212	212	0	0	100	100	200	0	0	1.25	2.25	3.25	0	0	212	1	0	0	0	0	1	212	212	44	45	0
already212	0	0	212	1	0	-212	212	0	0	-10	0	100	100	0	0	0	0	0	0	0	1	0	0	1	0	0	0	0	0	1	-212	0	1	212	212	0	1	100	100	200	0	0	1.25	2.25	3.25	0	0	212	1	0	0	0	0	1	212	212	44	45	0
already212	0	0	212	1	0	999	212	0	0	-10	0	100	100	0	0	0	0	0	0	0	1	0	0	1	0	0	0	0	0	1	999	0	0	212	212	0	0	100	100	200	0	0	1.25	2.25	3.25	0	0	212	1	0	0	0	0	1	212	212	44	45	0
already212	0	0	212	1	0	-999	212	0	0	-10	0	100	100	0	0	0	0	0	0	0	1	0	0	1	0	0	0	0	0	2	-999	0	1	0	0	0	1	100	100	200	0	0	1.25	2.25	3.25	0	0	0	1	0	0	0	0	1	0	0	44	45	0
