path,object_dat_referenced,formal_sha256,staged_sha256,byte_equal,formal_size,staged_size
a/ama/ama.png,True,3c2caec4c3a81aeef470a368912c70bb428b63e7e3e3d79bef351e376f0391ea,3c2caec4c3a81aeef470a368912c70bb428b63e7e3e3d79bef351e376f0391ea,True,23789,23789
a/ama/ama2.png,True,c84cd471bc2a6276778232d4ad3e74e89b059b075577f36da802fa500a465d8c,c84cd471bc2a6276778232d4ad3e74e89b059b075577f36da802fa500a465d8c,True,7707,7707
a/blac/blac.png,True,efe98b541b3a34068cdbf66aee2d2db281266257cfa7e5de4974e5b1934c30dd,efe98b541b3a34068cdbf66aee2d2db281266257cfa7e5de4974e5b1934c30dd,True,7063,7063
a/blac/blac2.png,True,1ab44852c9cc7db90bc3757100a0d76c9f41b1662f92322cbaf87bf60a1403c2,1ab44852c9cc7db90bc3757100a0d76c9f41b1662f92322cbaf87bf60a1403c2,True,21989,21989
a/blas/blas.png,True,646b269b6e29304cac640f1331849d11f5f582a14761f39d2f13cba738b3105d,646b269b6e29304cac640f1331849d11f5f582a14761f39d2f13cba738b3105d,True,32852,32852
a/ble/ble.png,True,085bdb60e9f96af8ceb32ee959d18d91e9fac537979a182deb61bfbda9098e83,085bdb60e9f96af8ceb32ee959d18d91e9fac537979a182deb61bfbda9098e83,True,772,772
a/cha/cha.png,True,bf69a255c2782014d430664bedd23e41b961d4e40789b3e360adafa3715df352,bf69a255c2782014d430664bedd23e41b961d4e40789b3e360adafa3715df352,True,12865,12865
a/cha/cha2.png,True,0fea7963fb180c0796c4f5f402983317602d945d83df5e409e3cd41ce761058b,0fea7963fb180c0796c4f5f402983317602d945d83df5e409e3cd41ce761058b,True,3254,3254
a/cla/cla.png,True,948f2088d910457ba43f79daa6e82acc4109b341b4f49e0951299918f0ffe512,948f2088d910457ba43f79daa6e82acc4109b341b4f49e0951299918f0ffe512,True,34496,34496
a/cla/cla2.png,True,70ae0f235793ffaf4c0a6618ffe792a785eb2b9a7fb11d2de3fc6b7d99b16ec9,70ae0f235793ffaf4c0a6618ffe792a785eb2b9a7fb11d2de3fc6b7d99b16ec9,True,32232,32232
a/cla/cla3.png,True,9e26a8c33a7839911e6f93710c3b4619371cd7deaf3660521fa1220456d66d62,9e26a8c33a7839911e6f93710c3b4619371cd7deaf3660521fa1220456d66d62,True,2911,2911
a/cla/cla4.png,True,f547912920cb2a18b25750b50fd10331c16f08f530684d20af4055cf9b6ad859,f547912920cb2a18b25750b50fd10331c16f08f530684d20af4055cf9b6ad859,True,1858,1858
a/cla/fla.png,True,23fd23fd3f32a1af26c186148f232468b32741af14e0f4da5bc9b51f16eb06d0,23fd23fd3f32a1af26c186148f232468b32741af14e0f4da5bc9b51f16eb06d0,True,435,435
a/fir/fir.png,True,9a441ec2f0496c5116819a6ab040dc840f3678d08b432a245799cc8ac1207caf,9a441ec2f0496c5116819a6ab040dc840f3678d08b432a245799cc8ac1207caf,True,12148,12148
a/fir/fir2.png,True,fc2228835f4015a65c15c1b6c032b73f8f94ea992b934a9b9ff6ef9814319fbb,fc2228835f4015a65c15c1b6c032b73f8f94ea992b934a9b9ff6ef9814319fbb,True,6123,6123
a/fir/fir3.png,True,fe24193901ca56bca6107151b0052f0ae414e96e3dbb25d5e05ebe67c543adfa,fe24193901ca56bca6107151b0052f0ae414e96e3dbb25d5e05ebe67c543adfa,True,81104,81104
a/fir/firz.png,True,354c8d6caf04e5a49f42db0db80b72a5bbb2823852570aedb6fee7fc2e009c81,354c8d6caf04e5a49f42db0db80b72a5bbb2823852570aedb6fee7fc2e009c81,True,7176,7176
a/fir/firz2.png,True,edbd596805af8d37f19d59d5ddf74c109bda2a9b826183240169cf76b1b747a7,edbd596805af8d37f19d59d5ddf74c109bda2a9b826183240169cf76b1b747a7,True,3139,3139
a/fir/fla.png,True,7be55f16a490468bcc0a3594f6ade41d41a3912a0d250bd134f3e82728d39e35,7be55f16a490468bcc0a3594f6ade41d41a3912a0d250bd134f3e82728d39e35,True,6860,6860
a/fla/fla.png,True,58880ed0b8abe385f7dab0cbaae1895374c063d750c97d7f67dc55750dfcbe25,58880ed0b8abe385f7dab0cbaae1895374c063d750c97d7f67dc55750dfcbe25,True,7652,7652
a/fro/fro.png,True,4fad84be4a7379acb04f7c45a876b322737d311c9e73a4bce550a45f485cfdc9,4fad84be4a7379acb04f7c45a876b322737d311c9e73a4bce550a45f485cfdc9,True,13096,13096
a/gro/gro.png,True,26e715bd90cf7637ca7bb1a50833745dd14d6fb9ad136812e319986522e1c80a,26e715bd90cf7637ca7bb1a50833745dd14d6fb9ad136812e319986522e1c80a,True,21657,21657
a/gro/gro2.png,True,0220d44a9fb0d129201ed56ecc203e8a1da8f8e4c79a48b7ec177c200160bc66,0220d44a9fb0d129201ed56ecc203e8a1da8f8e4c79a48b7ec177c200160bc66,True,1296,1296
a/hea/hea.png,True,ed6a5c0d3b1a49ed0f9553eb5601fba7e49404ba0ca86feccfcfd2ae0f67365f,ed6a5c0d3b1a49ed0f9553eb5601fba7e49404ba0ca86feccfcfd2ae0f67365f,True,1652,1652
a/kam/kam.png,True,ec4f4b421d731bbaea609ba9df0c1ad010bed0eafd8866c73ecc76f19fd777d7,ec4f4b421d731bbaea609ba9df0c1ad010bed0eafd8866c73ecc76f19fd777d7,True,2731,2731
a/kam/kam2.png,True,831f27938799b8831ce8e0050e5d0791ace1d447f4f38f273602b963fc822d59,831f27938799b8831ce8e0050e5d0791ace1d447f4f38f273602b963fc822d59,True,3094,3094
a/kat/kat.png,True,2b97d7c8c556a44902d032a4875fbcb354aa9cef2fa4de52cd5e1f317b117b85,2b97d7c8c556a44902d032a4875fbcb354aa9cef2fa4de52cd5e1f317b117b85,True,27412,27412
a/kat/kat0.png,True,ab2ac5e383d5854559ef27cc738d3dfa2dbbf69449ced667a23eb1bac80f65ad,ab2ac5e383d5854559ef27cc738d3dfa2dbbf69449ced667a23eb1bac80f65ad,True,11589,11589
a/kat/kat2.png,True,83b9471edd84a5f82320505b6391f07c2b3fe2e6aa2994c823dfd6cc8d809741,83b9471edd84a5f82320505b6391f07c2b3fe2e6aa2994c823dfd6cc8d809741,True,16126,16126
a/kat/kat3.png,True,0c67478cb833b3477129af6f863c4adea09f415dc897765c1fa26aaedf44c075,0c67478cb833b3477129af6f863c4adea09f415dc897765c1fa26aaedf44c075,True,8367,8367
a/lig/lig.png,True,5f5c3a89916f7a49615ab221c81cc16a0fa32289e7ef861b5aea182959dd652e,5f5c3a89916f7a49615ab221c81cc16a0fa32289e7ef861b5aea182959dd652e,True,6425,6425
a/meg/meg.png,True,27b1e4b11bbca0e948be6e551f93e1e982afb8eca7b0479e5dd893758275db43,27b1e4b11bbca0e948be6e551f93e1e982afb8eca7b0479e5dd893758275db43,True,66006,66006
a/pof/god.png,True,6b3ae923d0437ad0c540177b61c25ff1916b909b29b03a80deb0c56d0ce92eb7,6b3ae923d0437ad0c540177b61c25ff1916b909b29b03a80deb0c56d0ce92eb7,True,9616,9616
a/pof/pof.png,True,96dbcce094b837b4aef934a47e27951af8b430562640847e92c524f7ff75dc81,96dbcce094b837b4aef934a47e27951af8b430562640847e92c524f7ff75dc81,True,7688,7688
a/pof/pof2.png,True,207d8e3869fadf58c198e92fa32b7ff8f5ae17029f66ae64db05c004b77d846f,207d8e3869fadf58c198e92fa32b7ff8f5ae17029f66ae64db05c004b77d846f,True,1410,1410
a/pof/pof3.png,True,f22370e9721e056767eab585fe59e1dce6bd90d1f072819f7ae9fcebb56b5d12,f22370e9721e056767eab585fe59e1dce6bd90d1f072819f7ae9fcebb56b5d12,True,3623,3623
a/pof/pof4.png,True,cc20619ab0db4ddc0ec1026449214c96c345d95c4bfc5e9c06b3d675b78dec2b,cc20619ab0db4ddc0ec1026449214c96c345d95c4bfc5e9c06b3d675b78dec2b,True,1977,1977
a/pur/pur.png,True,270a229d07feee18fad494a7443ba38694fe6f88599063a63ed71ce251929b2a,270a229d07feee18fad494a7443ba38694fe6f88599063a63ed71ce251929b2a,True,9757,9757
a/roc/roc.png,True,f2f9c6e456805fa92a9e8da159f060d2c310935a5ce7075536526ec490e730c2,f2f9c6e456805fa92a9e8da159f060d2c310935a5ce7075536526ec490e730c2,True,6367,6367
a/sna/sna.png,True,5aeeb2912c550dace9b55adcd03c3fd185b967681f326352881ca6e02a0560f2,5aeeb2912c550dace9b55adcd03c3fd185b967681f326352881ca6e02a0560f2,True,13518,13518
a/sna/snaoro.png,True,976b864611c3d7f407e9b6ed70646bc309b1dd5effd949b1f195c0a547d4b0b9,976b864611c3d7f407e9b6ed70646bc309b1dd5effd949b1f195c0a547d4b0b9,True,13578,13578
a/sna/snasas.png,True,25bd2c4ec05ba6664b2a74b036127cac3fdc77d81dd01cbd78e00b9b7ddce4ba,25bd2c4ec05ba6664b2a74b036127cac3fdc77d81dd01cbd78e00b9b7ddce4ba,True,13766,13766
a/spi/spi.png,True,3874862537def78b564248f0470b94085fb093cbcc2cedf2489d4ff1e3160d57,3874862537def78b564248f0470b94085fb093cbcc2cedf2489d4ff1e3160d57,True,27198,27198
a/tra/tra.png,True,71625e8327de2ad2f60d00b9a6afd072e2222c40fb9b24f73f2d896aa3347343,71625e8327de2ad2f60d00b9a6afd072e2222c40fb9b24f73f2d896aa3347343,True,6645,6645
a/wal/wal.png,True,58fa8d87fa9e98a99844c480a09bcc02c92a7e1d863434b46368d53e0dde9330,58fa8d87fa9e98a99844c480a09bcc02c92a7e1d863434b46368d53e0dde9330,True,34886,34886
a/wat/mists.png,True,24f95c5ac8f84dc234a0eb00a21df7de4a0dc5e87c2d0294d65c890c5570bb54,24f95c5ac8f84dc234a0eb00a21df7de4a0dc5e87c2d0294d65c890c5570bb54,True,164525,164525
a/wat/mists2.png,True,69134aa5e15a07fb00c83133f2acaaf839cb41ee0194d887e779828c6269f2d4,69134aa5e15a07fb00c83133f2acaaf839cb41ee0194d887e779828c6269f2d4,True,138894,138894
a/wat/mists3.png,True,4fa5e0d9aa4abb0286b686b48b60444fe5f61b1720395a45733be020e98f9157,4fa5e0d9aa4abb0286b686b48b60444fe5f61b1720395a45733be020e98f9157,True,96693,96693
a/wat/mists4.png,True,2df7bda1903617d2e89bd755431a5333a9dc881526d12be4dcec154a9e23b97e,2df7bda1903617d2e89bd755431a5333a9dc881526d12be4dcec154a9e23b97e,True,35261,35261
a/wat/wat.png,True,e4e12ab139bce96d452ffcdb86f3d760513ed087369aea96ab9896fb275514c4,e4e12ab139bce96d452ffcdb86f3d760513ed087369aea96ab9896fb275514c4,True,70110,70110
a/wat/wat2.png,True,1c4dca17291923077dce3ee18bf5955a436b0683cf0f9707a79dc47acd204cc2,1c4dca17291923077dce3ee18bf5955a436b0683cf0f9707a79dc47acd204cc2,True,4607,4607
a/wat/wat3.png,True,4a468f628d1e4e04e70e87097d5a3d8935b0e0a51c6ce4656f79556f46f82c34,4a468f628d1e4e04e70e87097d5a3d8935b0e0a51c6ce4656f79556f46f82c34,True,1153,1153
a/wat/watb.png,True,d745ce0c1a645487487dd28fcd0c579906a16120e37732f0f814adcf360abe87,d745ce0c1a645487487dd28fcd0c579906a16120e37732f0f814adcf360abe87,True,93675,93675
a/wat/wate.png,True,87e16c23e88d51aeba71483fe93ea7b2b4a56da190fb5b7bbae4b605b47a5b0d,87e16c23e88d51aeba71483fe93ea7b2b4a56da190fb5b7bbae4b605b47a5b0d,True,7269,7269
a/win/win.png,True,b7802a5bf6ec648d6b1d1c35bb2cece527b35e27beb08348ba2f5ae50ed6715e,b7802a5bf6ec648d6b1d1c35bb2cece527b35e27beb08348ba2f5ae50ed6715e,True,13769,13769
a/zzz/zzz.png,True,bdc5a4d96434ffc4133450919da0fc4d467ca696cb74280e2c9b9b93340f06f1,bdc5a4d96434ffc4133450919da0fc4d467ca696cb74280e2c9b9b93340f06f1,True,974,974
c/0/m.png,True,3df00a8d69c0f8654f820085d946932c8de256978c9ecb6b34b1da3e0572e6d8,3df00a8d69c0f8654f820085d946932c8de256978c9ecb6b34b1da3e0572e6d8,True,197436,197436
c/0/spe.png,True,a965f62ae514660d1221d65b0560aa39f4900a7da8ba32b548449cb609b5f376,a965f62ae514660d1221d65b0560aa39f4900a7da8ba32b548449cb609b5f376,True,9766,9766
c/0/spe_s.png,True,6e28c1b6857546147a95bf97908dedda702cdcca0c70404355ba9eb257615b4e,6e28c1b6857546147a95bf97908dedda702cdcca0c70404355ba9eb257615b4e,True,2963,2963
c/ank/a/atk.png,True,24aa9b7a2fc51c09b053569c4b4dd62c2283c3d97ccd305bd0389a01013ac89e,24aa9b7a2fc51c09b053569c4b4dd62c2283c3d97ccd305bd0389a01013ac89e,True,3220,3220
c/ank/a/kat1.png,True,37e7c666301506b3a26ed931423e4f59d8a6fbcf06fcb14a7ec50bf7d7406964,37e7c666301506b3a26ed931423e4f59d8a6fbcf06fcb14a7ec50bf7d7406964,True,15378,15378
c/ank/a/kat2.png,True,aa5b8089dd08a23c8fe0da56c8eea299890efbf9cd6b19de9cfb230ee83dffa3,aa5b8089dd08a23c8fe0da56c8eea299890efbf9cd6b19de9cfb230ee83dffa3,True,26394,26394
c/ank/a/kat3.png,True,f9264b05e1726eee53440a3b8ff6fc54adf41b7f743b17d93fbb1313c01df6ff,f9264b05e1726eee53440a3b8ff6fc54adf41b7f743b17d93fbb1313c01df6ff,True,9793,9793
c/ank/a/par.png,True,9cdd7dd2b46fbbaacca0864cfc3e916ce437084b51b085b5b05fbbd0ba723d6e,9cdd7dd2b46fbbaacca0864cfc3e916ce437084b51b085b5b05fbbd0ba723d6e,True,3149,3149
c/ank/a/s1.png,True,5b27e59bfc50f1340053899a1d763dc25d9a98d32bc76b043a838d77692adfdb,5b27e59bfc50f1340053899a1d763dc25d9a98d32bc76b043a838d77692adfdb,True,26992,26992
c/ank/a/s2.png,True,5ecd887c08873646e4c829a0663ef3a3ef2bd58285038ca9bf7e3219cc7830ba,5ecd887c08873646e4c829a0663ef3a3ef2bd58285038ca9bf7e3219cc7830ba,True,29515,29515
c/ank/a/sna.png,True,014823dd65a46a73e18e004d7b7cefecbd4267185591e67d638e80909324e1c9,014823dd65a46a73e18e004d7b7cefecbd4267185591e67d638e80909324e1c9,True,25838,25838
c/ank/ank1.png,True,7fd1284224629814b0e629f1af3c169d93f441f8b9980046f3a00c76a465cdbd,7fd1284224629814b0e629f1af3c169d93f441f8b9980046f3a00c76a465cdbd,True,84316,84316
c/ank/ank2.png,True,88b58907f481769236670a9877dd2e4e726a670aa92ef30bb77c3405fdeb5307,88b58907f481769236670a9877dd2e4e726a670aa92ef30bb77c3405fdeb5307,True,10939,10939
c/ank/ank3.png,True,4ad8218f31b951997466e644bb0ae0415b38fc8d23d9dd711a3f31c2b70c464c,4ad8218f31b951997466e644bb0ae0415b38fc8d23d9dd711a3f31c2b70c464c,True,4733,4733
c/ank/ank4.png,True,5e570fed99aeeba999dbdb5f6ff23eb0c70faa55d21d2a384a0cb60f2684f23a,5e570fed99aeeba999dbdb5f6ff23eb0c70faa55d21d2a384a0cb60f2684f23a,True,6449,6449
c/ank/ssnk.png,True,f2385e635f4f3d8b833316e76445fc89ed8fb6fc4e11579606825b77aec6a198,f2385e635f4f3d8b833316e76445fc89ed8fb6fc4e11579606825b77aec6a198,True,11730,11730
c/asu/a/ash1.png,True,4cbdd7a13f62f6290a4b3411d7656566716d726b5f6246dd0565a0201d3ead5d,4cbdd7a13f62f6290a4b3411d7656566716d726b5f6246dd0565a0201d3ead5d,True,341290,341290
c/asu/a/ash2.png,True,38c5e2f21f597378c8023c39a4a0bcd8af6ded483755e7a7f935c560e6eae7b7,38c5e2f21f597378c8023c39a4a0bcd8af6ded483755e7a7f935c560e6eae7b7,True,70556,70556
c/asu/a/ash3.png,True,f6e0d3ae3ce49c89f311e56c531eba7244c37dcc9e4763ca7ebbeb23d98a9f50,f6e0d3ae3ce49c89f311e56c531eba7244c37dcc9e4763ca7ebbeb23d98a9f50,True,89128,89128
c/asu/a/fly1.png,True,735c9aed48efc0a65b53a43048d9429f9d728be8bd0a8f4e1be680da4dcd6be0,735c9aed48efc0a65b53a43048d9429f9d728be8bd0a8f4e1be680da4dcd6be0,True,5222,5222
c/asu/asu1.png,True,f92e60cbc9e76d8edced77e03a2537fcdaa2d3b7d74d3c38ccec143e320b18c3,f92e60cbc9e76d8edced77e03a2537fcdaa2d3b7d74d3c38ccec143e320b18c3,True,68784,68784
c/asu/asu2.png,True,b65d5495bac7d765eac48ba8b01b87bf86dd577f7208125e62035caac0237714,b65d5495bac7d765eac48ba8b01b87bf86dd577f7208125e62035caac0237714,True,22153,22153
c/asu/asu3.png,True,f944669b0c09252d78cf1895957cad1794f06d3f41833038d9fc14145db85a5e,f944669b0c09252d78cf1895957cad1794f06d3f41833038d9fc14145db85a5e,True,20024,20024
c/asu/asu4.png,True,f2aae8e06abe35b14e7ebd34bcdd651333b66399ba30332e2c20e6217164b983,f2aae8e06abe35b14e7ebd34bcdd651333b66399ba30332e2c20e6217164b983,True,112595,112595
c/bee/a/effect.png,True,da52d52085ee4942f0038979d42c9a9500453037f440535eb6a55b7ced4869e0,da52d52085ee4942f0038979d42c9a9500453037f440535eb6a55b7ced4869e0,True,13488,13488
c/bee/a/effect2.png,True,f8061a6d023018da4162b7e9ca8a03cca279ede00d030ab1de20b02c4d26081a,f8061a6d023018da4162b7e9ca8a03cca279ede00d030ab1de20b02c4d26081a,True,10814,10814
c/bee/a/wind3.png,True,903976707bd9ef5e9161fc4992c85271d02f029c4cb4d9768b091f16b9ae2022,903976707bd9ef5e9161fc4992c85271d02f029c4cb4d9768b091f16b9ae2022,True,5083,5083
c/bee/bee.png,True,028963c752aace513edd4472f1960f25a0638bf644bd12807d8385b33b8addc2,028963c752aace513edd4472f1960f25a0638bf644bd12807d8385b33b8addc2,True,126850,126850
c/bee/bee2.png,True,e1237c4838e6729becc03dcf768342ef01e13d8a2a9246fdd3e3bb6c6a1af574,e1237c4838e6729becc03dcf768342ef01e13d8a2a9246fdd3e3bb6c6a1af574,True,35108,35108
c/chi/a/cha.png,True,32c7462d2d54f81d3fa03986afe5c5ad762b7950398acf26a5c1bfd9c2e7f01c,32c7462d2d54f81d3fa03986afe5c5ad762b7950398acf26a5c1bfd9c2e7f01c,True,3694,3694
c/chi/a/pup.png,True,cb3d02ab42b2aa020667003258d9a0871078692d49ee94d7624147ca1e99ef41,cb3d02ab42b2aa020667003258d9a0871078692d49ee94d7624147ca1e99ef41,True,57400,57400
c/chi/a/pup2.png,True,5771383451eecd94544f33441cc93494b4c8317c6a6b9e98bb496c26e76c14a6,5771383451eecd94544f33441cc93494b4c8317c6a6b9e98bb496c26e76c14a6,True,2838,2838
c/chi/a/ras.png,True,aa6d42824588d201fb7ea08be6c8a8b2216f7a54a1703a6ca204afbaf74cc63a,aa6d42824588d201fb7ea08be6c8a8b2216f7a54a1703a6ca204afbaf74cc63a,True,27679,27679
c/chi/a/seal.png,True,7216e60b9c252a425159d14c30099777798a8594ac3d7f9a66100e999f9f8ccd,7216e60b9c252a425159d14c30099777798a8594ac3d7f9a66100e999f9f8ccd,True,10509,10509
c/chi/a/suc.png,True,a795305249c9c62a51cef6e400d30d3653ab26abfce7e76bfbe52b59dc379d32,a795305249c9c62a51cef6e400d30d3653ab26abfce7e76bfbe52b59dc379d32,True,78382,78382
c/chi/chi.png,True,56c02f78952268202be4736e745e1f7004db9116b39f9e0b651c2a2a325daefb,56c02f78952268202be4736e745e1f7004db9116b39f9e0b651c2a2a325daefb,True,41550,41550
c/chi/pup10.png,True,599df8b7815258333aa322984d38878fb648ed9280e1e82f26cb5f9137ebc665,599df8b7815258333aa322984d38878fb648ed9280e1e82f26cb5f9137ebc665,True,9584,9584
c/chi/pup1a.png,True,3635d98bcd39f9648377c7cb3a50e5eefd4f81237112ae237a3579fed5bef1cc,3635d98bcd39f9648377c7cb3a50e5eefd4f81237112ae237a3579fed5bef1cc,True,9946,9946
c/chi/pup1b.png,True,254d442e84c481d4bdc20cd1467e205a6ae661e9a365db7ee71d2259ac7e8eca,254d442e84c481d4bdc20cd1467e205a6ae661e9a365db7ee71d2259ac7e8eca,True,10752,10752
c/chi/pup2.png,True,625608bd2e542b3154694a8db8fbf474a52d27658bfdcdc7f06aac7364c99f6c,625608bd2e542b3154694a8db8fbf474a52d27658bfdcdc7f06aac7364c99f6c,True,9679,9679
c/chi/pup3.png,True,422811a5ebb467c10c6fc6fdbbcd0e9dc5ba49e8d9572f1b6a7730a33bd4d6b5,422811a5ebb467c10c6fc6fdbbcd0e9dc5ba49e8d9572f1b6a7730a33bd4d6b5,True,10914,10914
c/chi/pup4.png,True,8d7df07f6e1c37cf877074c407c83fcec9189d8f5e56f85f14b91ff32a95961d,8d7df07f6e1c37cf877074c407c83fcec9189d8f5e56f85f14b91ff32a95961d,True,10250,10250
c/chi/pup5.png,True,7e8d4a45c9dc8cc2d7404422d67e075118c4e8318dad78e67658172c6037a893,7e8d4a45c9dc8cc2d7404422d67e075118c4e8318dad78e67658172c6037a893,True,10641,10641
c/chi/pup6.png,True,84fee9baefc1d306251a33cf8d9931589fae5440761a0c637e2198e2143a7610,84fee9baefc1d306251a33cf8d9931589fae5440761a0c637e2198e2143a7610,True,15224,15224
c/chi/pup7.png,True,ffe4686d88ff0d844d94aef864f2a1bf9c89b58c80b1e56e83f6bdbc3f3dcbed,ffe4686d88ff0d844d94aef864f2a1bf9c89b58c80b1e56e83f6bdbc3f3dcbed,True,18925,18925
c/chi/pup8.png,True,0414b76daa571881a040618fa68c59aabd8ab5b89cdc93f63adf330d882328b5,0414b76daa571881a040618fa68c59aabd8ab5b89cdc93f63adf330d882328b5,True,10121,10121
c/chi/pup9.png,True,3c4b13c4d9016225d54bce3369554bf1b776af9564f95054b180ceb5e90b79c7,3c4b13c4d9016225d54bce3369554bf1b776af9564f95054b180ceb5e90b79c7,True,13698,13698
c/dan/a/iza1.png,True,8a62eee67fed829e01f5743b2b601c14b029302e22a5c65c3d04c581f1aa4b9b,8a62eee67fed829e01f5743b2b601c14b029302e22a5c65c3d04c581f1aa4b9b,True,54647,54647
c/dan/a/iza2.png,True,82971b284b8089dc16761779df2afe2a0e10d498a63674ef69ec58095b78e2b7,82971b284b8089dc16761779df2afe2a0e10d498a63674ef69ec58095b78e2b7,True,12436,12436
c/dan/a/mark.png,True,45cc0245103daee3c1af0f666d57a774b2f0c0925845039c15b4e0f05649f1c8,45cc0245103daee3c1af0f666d57a774b2f0c0925845039c15b4e0f05649f1c8,True,1489,1489
c/dan/a/win1.png,True,07dc18a808c825aecfbee85e69853cc39f4f94d60c97333c6b59d1fe2033a71f,07dc18a808c825aecfbee85e69853cc39f4f94d60c97333c6b59d1fe2033a71f,True,88664,88664
c/dan/a/win2.png,True,54f64b4ee8af75af98fb7dc904d402e4f84ede5823fd8ec962053a308af70db0,54f64b4ee8af75af98fb7dc904d402e4f84ede5823fd8ec962053a308af70db0,True,280915,280915
c/dan/a/win3.png,True,3cd62d73c35b6b09496837792cb08834947cd16e82da6b5768e2066965dcf20a,3cd62d73c35b6b09496837792cb08834947cd16e82da6b5768e2066965dcf20a,True,12543,12543
c/dan/a/win4.png,True,bfd3609b63b1676db6bee35ddcb2875a9d55e05c7fecc2b6e5add0dcad9876c0,bfd3609b63b1676db6bee35ddcb2875a9d55e05c7fecc2b6e5add0dcad9876c0,True,36700,36700
c/dan/a/win5.png,True,2e3c35ba34a7bfc969db67ae95a65e7c04cdeb723416a2781d44f1ce140dcdc1,2e3c35ba34a7bfc969db67ae95a65e7c04cdeb723416a2781d44f1ce140dcdc1,True,72061,72061
c/dan/a/win6.png,True,7c2ab864b1f1de2ddded154d7ef1633ff43c3dde8af4dfa72bc67bebedbcd005,7c2ab864b1f1de2ddded154d7ef1633ff43c3dde8af4dfa72bc67bebedbcd005,True,483480,483480
c/dan/dan1.png,True,d77b6f65e5d2dfb89c5e1be6478994b8d6d218a086f8ada17533d2db63c1c4c3,d77b6f65e5d2dfb89c5e1be6478994b8d6d218a086f8ada17533d2db63c1c4c3,True,87570,87570
c/dan/dan3.png,True,6de943b60dd3cfe71827e546fa10e900b68b8ad3604deb311d52892fba116916,6de943b60dd3cfe71827e546fa10e900b68b8ad3604deb311d52892fba116916,True,159310,159310
c/dan/danr1.png,True,b41f3e81e7792a95ec558c449b4a7fc2b33e63f2894db21de884e1f69b54dac7,b41f3e81e7792a95ec558c449b4a7fc2b33e63f2894db21de884e1f69b54dac7,True,73453,73453
c/dan/danr3.png,True,8bd3b59dd20f686c743410471d16f7635cb89e1e735c78e4f461df39a7072353,8bd3b59dd20f686c743410471d16f7635cb89e1e735c78e4f461df39a7072353,True,17315,17315
c/dan/danr4.png,True,f957cdfd394c3e6467f130cf2fe6456d26577138a302cec47687943c807e93e2,f957cdfd394c3e6467f130cf2fe6456d26577138a302cec47687943c807e93e2,True,128004,128004
c/dei/a/cla.png,True,10d40f21d51abfc60a3dae010759ce5a3bd6a37a868a57d0433c3211b9705ffc,10d40f21d51abfc60a3dae010759ce5a3bd6a37a868a57d0433c3211b9705ffc,True,25734,25734
c/dei/a/cla0.png,True,e5474e2e7a10d309319769a49da9d274a86e8c8cfc0275e379fb6ab0c7339ed5,e5474e2e7a10d309319769a49da9d274a86e8c8cfc0275e379fb6ab0c7339ed5,True,252,252
c/dei/a/cla1.png,True,2eb8789ea5d54f36772050f2571ac491de31706c1345acd90ab8ae4c1b55db35,2eb8789ea5d54f36772050f2571ac491de31706c1345acd90ab8ae4c1b55db35,True,10877,10877
c/dei/a/cla2.png,True,8a7d5461c60387a6aa3afdd3e7a05e892ea2cf484399660f5dd9739df499e2bf,8a7d5461c60387a6aa3afdd3e7a05e892ea2cf484399660f5dd9739df499e2bf,True,1627,1627
c/dei/a/gro.png,True,47a36b073ca13a184dd907195cf22217fd457f47704ff088a266e552560e2aae,47a36b073ca13a184dd907195cf22217fd457f47704ff088a266e552560e2aae,True,3429,3429
c/dei/a/zom.png,True,d5aea64d6b9b89687049615de9eb652025ef85fe200e9c269524ac675bd6fc28,d5aea64d6b9b89687049615de9eb652025ef85fe200e9c269524ac675bd6fc28,True,701,701
c/dei/a/zom1.png,True,9d8f6343eadb5eb7e2ba4aec7ab49fa25c11c19535d24ddd7738b79cd076d1cc,9d8f6343eadb5eb7e2ba4aec7ab49fa25c11c19535d24ddd7738b79cd076d1cc,True,1174,1174
c/dei/bir.png,True,fdc8471e04a170858b9a98386b5c03b295e53f57d838431477e9a138cdef469d,fdc8471e04a170858b9a98386b5c03b295e53f57d838431477e9a138cdef469d,True,54021,54021
c/dei/dei.png,True,0354529af3cc8abfbc634ec3591efbfb2e7869b2847862e5b98d0fa3ec28203e,0354529af3cc8abfbc634ec3591efbfb2e7869b2847862e5b98d0fa3ec28203e,True,46340,46340
c/dei/ncb.png,True,9eec0294569323043e35fded64d5b480c32e5894bdfc6028c0f0871660345ff0,9eec0294569323043e35fded64d5b480c32e5894bdfc6028c0f0871660345ff0,True,49921,49921
c/dei/ncd.png,True,d704510a30f68b33950349051ead3bd63be7b1ce671e7fb8c3856d369cac3efa,d704510a30f68b33950349051ead3bd63be7b1ce671e7fb8c3856d369cac3efa,True,40578,40578
c/dei/zom.png,True,5059cd307d69dcdb239751986c06ca92e37a52d874f159446d14256e08aea73a,5059cd307d69dcdb239751986c06ca92e37a52d874f159446d14256e08aea73a,True,3893,3893
c/dei/zom2.png,True,49bd87939d446e2e2630f6da841ef1bdfa527c9b5d958078c0bb139775a5ec6e,49bd87939d446e2e2630f6da841ef1bdfa527c9b5d958078c0bb139775a5ec6e,True,4138,4138
c/gaa/a/clo.png,True,8a6028d7c3d459bb98257296a5b17ea3a112c7820404a8cda7b5953b280e2f0a,8a6028d7c3d459bb98257296a5b17ea3a112c7820404a8cda7b5953b280e2f0a,True,26065,26065
c/gaa/a/clo2.png,True,19266608ffe67b1b99fe1f5769747ee71e17fa8e3bb5a6b3badd98265f9306c7,19266608ffe67b1b99fe1f5769747ee71e17fa8e3bb5a6b3badd98265f9306c7,True,686,686
c/gaa/a/cof.png,True,18fc59d6c4d3b4c4f51f51946d581ed60c1d6403c20682b4dcfd955041d5b95c,18fc59d6c4d3b4c4f51f51946d581ed60c1d6403c20682b4dcfd955041d5b95c,True,35091,35091
c/gaa/a/gat.png,True,b12b3722ac6bf75fe9cfde57dc9b5579ac7b3d5ce405eb7f333f843a5b702f2a,b12b3722ac6bf75fe9cfde57dc9b5579ac7b3d5ce405eb7f333f843a5b702f2a,True,24663,24663
c/gaa/a/san.png,True,75870f62f2c8827ae5d43e3db59c2051755cf2b1be4cdc7f66360dfdf62265a3,75870f62f2c8827ae5d43e3db59c2051755cf2b1be4cdc7f66360dfdf62265a3,True,15892,15892
c/gaa/a/san2.png,True,755dfe4f38e1bf09998d7c5e1c63d0197ec1e1b5cb16fae94bd3530265c88d8a,755dfe4f38e1bf09998d7c5e1c63d0197ec1e1b5cb16fae94bd3530265c88d8a,True,65427,65427
c/gaa/a/ult1.png,True,d845e729ceda42615c5ef1536f0b9f6f05422dafbed405ae96780ee704415c41,d845e729ceda42615c5ef1536f0b9f6f05422dafbed405ae96780ee704415c41,True,17384,17384
c/gaa/a/ult2.png,True,386968eb2c613239e82f199dc34e1954a58a3f4e1e909ee9fb22c19e9c1d9ed6,386968eb2c613239e82f199dc34e1954a58a3f4e1e909ee9fb22c19e9c1d9ed6,True,21052,21052
c/gaa/a/ult3.png,True,5b261887c63b96bff5fa6500d698bf411d78fd7da0a27c2fc289197ffa4e771b,5b261887c63b96bff5fa6500d698bf411d78fd7da0a27c2fc289197ffa4e771b,True,26608,26608
c/gaa/a/ult4.png,True,b61778678675785412a0e2a0abb4b84b0ef119213c8beb0dd1d1b560376d0aa4,b61778678675785412a0e2a0abb4b84b0ef119213c8beb0dd1d1b560376d0aa4,True,27601,27601
c/gaa/a/ult5.png,True,5ced02b1c70ec10e578d575d5c1d9719de77049b68db7690607e8d756e43ab03,5ced02b1c70ec10e578d575d5c1d9719de77049b68db7690607e8d756e43ab03,True,3616,3616
c/gaa/gaa.png,True,db61f0c1646dcff4e3fca5719b472a3f2f773c7e2854a5a83458dcdee6824b0a,db61f0c1646dcff4e3fca5719b472a3f2f773c7e2854a5a83458dcdee6824b0a,True,64112,64112
c/gur/a/alt.png,True,fd80e54cda768825832eeff558c37f5c4b142617e92dea2877df05b89cbf722d,fd80e54cda768825832eeff558c37f5c4b142617e92dea2877df05b89cbf722d,True,68955,68955
c/gur/a/ball.png,True,7f5b152458240eabc7544c3ceda70e225d6146af26f47912ce98321a851e2e38,7f5b152458240eabc7544c3ceda70e225d6146af26f47912ce98321a851e2e38,True,2158,2158
c/gur/a/drag2.png,True,12345ff0a601a2324a112d6015076f87b03c35dd540fe3891310ac8e2fd805eb,12345ff0a601a2324a112d6015076f87b03c35dd540fe3891310ac8e2fd805eb,True,10675,10675
c/gur/a/gat.png,True,1365a9fa904eee6aa04d7f4523b03d0cf8a45e78a38c7d102cac14838df69765,1365a9fa904eee6aa04d7f4523b03d0cf8a45e78a38c7d102cac14838df69765,True,9386,9386
c/gur/a/gurslash.png,True,f7a8aeadcdeb9c63d2f8eae70aec535677e8aff21a2fda3473dcc911650a6469,f7a8aeadcdeb9c63d2f8eae70aec535677e8aff21a2fda3473dcc911650a6469,True,168,168
c/gur/a/pilla1.png,True,f7a66adb0803d3dc980e10c22d476c46e059722c0b52a9ffb4708137245d5147,f7a66adb0803d3dc980e10c22d476c46e059722c0b52a9ffb4708137245d5147,True,4767,4767
c/gur/a/spear.png,True,7fce29c01f3798b59e3e31bfd675eee4eb40ca1e3f2eddb6525f820da998bc15,7fce29c01f3798b59e3e31bfd675eee4eb40ca1e3f2eddb6525f820da998bc15,True,6527,6527
c/gur/a/tra.png,True,b5f8f73ecc075f620b3a52229b2b9a381896571cbcfcbcbd77156e5e20723f2b,b5f8f73ecc075f620b3a52229b2b9a381896571cbcfcbcbd77156e5e20723f2b,True,19110,19110
c/gur/a/wat4.png,True,92a4c3c6806531b3df86df835691ce61bbd2877235bde947c3420734b17f40ea,92a4c3c6806531b3df86df835691ce61bbd2877235bde947c3420734b17f40ea,True,132551,132551
c/gur/cdart.png,True,eebd17f01b2951866dd6272916a7204a2c6b2185acc3fe5a6543bafb23c868dc,eebd17f01b2951866dd6272916a7204a2c6b2185acc3fe5a6543bafb23c868dc,True,7636,7636
c/gur/gur.png,True,e59371f4ec14914e9574217cbc9823b9ff45c38a3f7aa4f75a6b7231f467809b,e59371f4ec14914e9574217cbc9823b9ff45c38a3f7aa4f75a6b7231f467809b,True,39878,39878
c/guy/a/1.png,True,1a3a2d12796d27833e9fb6d219855b6808a9a8f3bbaf9ff7595348c35c565bce,1a3a2d12796d27833e9fb6d219855b6808a9a8f3bbaf9ff7595348c35c565bce,True,205070,205070
c/guy/a/3.png,True,11a85e489df0398ff2b48c45f32a70a8883ce77a98b4ce6b2476c22ede519c7f,11a85e489df0398ff2b48c45f32a70a8883ce77a98b4ce6b2476c22ede519c7f,True,58578,58578
c/guy/a/bal.png,True,982909ef61da543c2f30742a621d7fc6b82af9af1d0738708b515f04736163b8,982909ef61da543c2f30742a621d7fc6b82af9af1d0738708b515f04736163b8,True,23015,23015
c/guy/a/dra.png,True,ad6562cdc1cae399c16bd4c4a74fa9d66044495199e5f9c8adedcbe10db78a0e,ad6562cdc1cae399c16bd4c4a74fa9d66044495199e5f9c8adedcbe10db78a0e,True,38760,38760
c/guy/a/fir.png,True,0dc3cb1d17f77e9d6426c4525a73077f6b0a57e757af16fef581f645d0805a3b,0dc3cb1d17f77e9d6426c4525a73077f6b0a57e757af16fef581f645d0805a3b,True,17385,17385
c/guy/a/smo.png,True,582db40aebae401a95e69032edbd9d2fe8bace3008173df96a036dfc0f0122e8,582db40aebae401a95e69032edbd9d2fe8bace3008173df96a036dfc0f0122e8,True,38321,38321
c/guy/a/spa.png,True,a64c482a2422f572b2644e84a19fc55f3c3480132fadf73d3e7c0318a946be19,a64c482a2422f572b2644e84a19fc55f3c3480132fadf73d3e7c0318a946be19,True,1903,1903
c/guy/gei.png,True,8ea0c10d0f9786307c5c57ede5ed0a7ccc027ae50331e0925aa731b6f856b03a,8ea0c10d0f9786307c5c57ede5ed0a7ccc027ae50331e0925aa731b6f856b03a,True,82461,82461
c/guy/gei2.png,True,20c17f068f8411aac63b8505e8f893bf2d0a10c2b6e74edf5c4c0517f768032d,20c17f068f8411aac63b8505e8f893bf2d0a10c2b6e74edf5c4c0517f768032d,True,20972,20972
c/guy/gei3.png,True,b767e7a51590c85d2670779a3e784f8ed760bc97e842cd9fa4d0b624552fa643,b767e7a51590c85d2670779a3e784f8ed760bc97e842cd9fa4d0b624552fa643,True,3753,3753
c/guy/gsi.png,True,18cdeb907889eb9f2d8ebbf34ac1edf59da63c98be7d3e7afe0b64371961918c,18cdeb907889eb9f2d8ebbf34ac1edf59da63c98be7d3e7afe0b64371961918c,True,77600,77600
c/guy/gsi2.png,True,07a3f0dff817746543b9ae19387d02d8fcd6400f46236d0b2ccd20863e93f734,07a3f0dff817746543b9ae19387d02d8fcd6400f46236d0b2ccd20863e93f734,True,20871,20871
c/guy/gsi3.png,True,fa30eb3af72ce9cfb99ec4bfae5609576b5cef9f40603ea1ed5c1f6c347416f5,fa30eb3af72ce9cfb99ec4bfae5609576b5cef9f40603ea1ed5c1f6c347416f5,True,3712,3712
c/guy/gsi4.png,True,eedec5b969473cff7e24d9e4c204c1a0a1377541bd3cb068cb990dcfbcf84c54,eedec5b969473cff7e24d9e4c204c1a0a1377541bd3cb068cb990dcfbcf84c54,True,2867,2867
c/guy/guy.png,True,477cb452c16bb998024a072e246f0ae302fa7a01a3a72ff3cb0de12b4eeb8198,477cb452c16bb998024a072e246f0ae302fa7a01a3a72ff3cb0de12b4eeb8198,True,68244,68244
c/guy/guy2.png,True,5327c169e8b8d11aedb072b0c4230847515dd2142b9f72e27440df629150687d,5327c169e8b8d11aedb072b0c4230847515dd2142b9f72e27440df629150687d,True,15619,15619
c/guy/guy3.png,True,edf491f88856ce350c13c248e92548b5db4beaca270d9e1363a034e055b29869,edf491f88856ce350c13c248e92548b5db4beaca270d9e1363a034e055b29869,True,3184,3184
c/guy/guy4.png,True,21ed2617de7f2d92926c27fae798bb20fee55914716b5cffdb622891c9b0817e,21ed2617de7f2d92926c27fae798bb20fee55914716b5cffdb622891c9b0817e,True,2589,2589
c/hak/a/mir.png,True,8ef5c8675981bdf438ca21122ba02ab01f8d94fc136484fc3f13b2052961b987,8ef5c8675981bdf438ca21122ba02ab01f8d94fc136484fc3f13b2052961b987,True,17562,17562
c/hak/a/mir2.png,True,93d8d9f47287b1285d53b407883c9dfb0a05fad26ff71bd0ec3bf5724a4dd62a,93d8d9f47287b1285d53b407883c9dfb0a05fad26ff71bd0ec3bf5724a4dd62a,True,10861,10861
c/hak/a/tor.png,True,29d5948bc52a1c31431bf90cc867f2897516fc5688f685b1528b4c78afed480d,29d5948bc52a1c31431bf90cc867f2897516fc5688f685b1528b4c78afed480d,True,7762,7762
c/hak/hak.png,True,5f32517f098912a8a03d6010ced2c1ad30275cc7a9de0cb50d5f9265fe8bf925,5f32517f098912a8a03d6010ced2c1ad30275cc7a9de0cb50d5f9265fe8bf925,True,33606,33606
c/han/a/ste1.png,True,f10aa34e4d78db90ac04a1920389dd4748d247028cc1203903f1227918f27461,f10aa34e4d78db90ac04a1920389dd4748d247028cc1203903f1227918f27461,True,28570,28570
c/han/han1.png,True,cd660468927ae68904331f30158b27b31c5de2cbe676279f6db9044d8244f08b,cd660468927ae68904331f30158b27b31c5de2cbe676279f6db9044d8244f08b,True,72723,72723
c/han/han2.png,True,4ee4622be4d092663ad7fc6a7c9aa49d065371b631f8c4b8705b8908c412a7c7,4ee4622be4d092663ad7fc6a7c9aa49d065371b631f8c4b8705b8908c412a7c7,True,62098,62098
c/han/han3.png,True,830b7cb94224af344d64827581b93485414f1d76b0245a2c3cab09c509098892,830b7cb94224af344d64827581b93485414f1d76b0245a2c3cab09c509098892,True,204391,204391
c/han/smo1.png,True,8841638c465a5dcc596518a2a33e3f3ea1c2c5a83b307bcb42924cf7b0c4377c,8841638c465a5dcc596518a2a33e3f3ea1c2c5a83b307bcb42924cf7b0c4377c,True,78067,78067
c/has/a/atk.png,True,5a20753d68e5264fefa84fbc87829312d03658c912c596f55a93a68bf44d41da,5a20753d68e5264fefa84fbc87829312d03658c912c596f55a93a68bf44d41da,True,22824,22824
c/has/a/atk2.png,True,fb87664c5d6b94f0c60630693722ac86624188df147ba7f180f80432ce4faa00,fb87664c5d6b94f0c60630693722ac86624188df147ba7f180f80432ce4faa00,True,26948,26948
c/has/a/atk3.png,True,5ae3632787334aca61c39777b75e18f484e3145266e3e257d88ed85a225e01ff,5ae3632787334aca61c39777b75e18f484e3145266e3e257d88ed85a225e01ff,True,117943,117943
c/has/a/flo.png,True,2ea7a4b3b70ff65581714b43af54270d81d70b5c866c88dd171c13c091e44fa7,2ea7a4b3b70ff65581714b43af54270d81d70b5c866c88dd171c13c091e44fa7,True,19281,19281
c/has/a/gat.png,True,5ee04d2aa0999385aa87422f62a7c9b2d66327675c6d488da1f4a6114e4d53d4,5ee04d2aa0999385aa87422f62a7c9b2d66327675c6d488da1f4a6114e4d53d4,True,13569,13569
c/has/a/pil.png,True,5340754aa5b2a72af46570c91a49e846ad7db490936008232a33261dc98806ef,5340754aa5b2a72af46570c91a49e846ad7db490936008232a33261dc98806ef,True,29881,29881
c/has/a/smo.png,True,5b1093471018b50377169f0b7660e5d28025e12b650fb51434b7337e8be67dbb,5b1093471018b50377169f0b7660e5d28025e12b650fb51434b7337e8be67dbb,True,46801,46801
c/has/has.png,True,d0e092b27cd302043e35495d45117c1e51ea4aa36ce9bf56c76be35d0f7a3252,d0e092b27cd302043e35495d45117c1e51ea4aa36ce9bf56c76be35d0f7a3252,True,35080,35080
c/has/has2.png,True,69e0f405d4676a5f997a94b990898adb7646f776ddad8b0d7cff98277ac84d38,69e0f405d4676a5f997a94b990898adb7646f776ddad8b0d7cff98277ac84d38,True,6134,6134
c/has/sag.png,True,845c212b239fdd4c2acf7acbb516e84d68488abe79899bd64213ec8dd7e2d326,845c212b239fdd4c2acf7acbb516e84d68488abe79899bd64213ec8dd7e2d326,True,40362,40362
c/has/sag2.png,True,d4ebf36359125fbb67d0e021ec207257c5f01ba023f179d07337c071a4daeb35,d4ebf36359125fbb67d0e021ec207257c5f01ba023f179d07337c071a4daeb35,True,6180,6180
c/hay/a/blo1.png,True,f392a5ead2b84e2336f2ac2df22a7128e5cc933b3ed6f9b1d8eb9fef94ac2279,f392a5ead2b84e2336f2ac2df22a7128e5cc933b3ed6f9b1d8eb9fef94ac2279,True,2731,2731
c/hay/a/blo2.png,True,641e3aeb1a37c302a866b12dba8201e454f966673661301251abd46ff2c18d54,641e3aeb1a37c302a866b12dba8201e454f966673661301251abd46ff2c18d54,True,9059,9059
c/hay/a/blo3.png,True,e69c2b885746c45519aa6acf36dd6c945fcbbb535cfadd2d367797e4b4f1e27c,e69c2b885746c45519aa6acf36dd6c945fcbbb535cfadd2d367797e4b4f1e27c,True,3679,3679
c/hay/a/sla1.png,True,a399514f02a4b76cbd8a9b966e632e4114366984f61687c632210304ac683e41,a399514f02a4b76cbd8a9b966e632e4114366984f61687c632210304ac683e41,True,13936,13936
c/hay/a/sla2.png,True,f930b5651e1772023b136db1bf9c078e671a8961e31bc72f56c406c145d6c555,f930b5651e1772023b136db1bf9c078e671a8961e31bc72f56c406c145d6c555,True,22374,22374
c/hay/a/sla3.png,True,23a234df27094f8332bdb1e9f2700f9cd97b97f40f37f87f8cf57d3c4877937c,23a234df27094f8332bdb1e9f2700f9cd97b97f40f37f87f8cf57d3c4877937c,True,22221,22221
c/hay/a/sla4.png,True,0e024d123abbc2f99cd387495d1d3c8760b4b67d13320ecf0072beac8d607b9d,0e024d123abbc2f99cd387495d1d3c8760b4b67d13320ecf0072beac8d607b9d,True,24617,24617
c/hay/a/sla5.png,True,9ed153c89a2658ebfed290529fd3696774fb53b122374b9b409e53dfdf3a1fed,9ed153c89a2658ebfed290529fd3696774fb53b122374b9b409e53dfdf3a1fed,True,17705,17705
c/hay/a/sla6.png,True,4800373eeb328b947c5504ebe63722bbb81c756820d795f87417479da601c238,4800373eeb328b947c5504ebe63722bbb81c756820d795f87417479da601c238,True,4884,4884
c/hay/a/sla7.png,True,12f672beef6f2bb0b4d83f3ffdd049bf8127bd1bf6f8772a680d164f80918296,12f672beef6f2bb0b4d83f3ffdd049bf8127bd1bf6f8772a680d164f80918296,True,3696,3696
c/hay/a/sla8.png,True,2616556486461a0384c0230cd4f21d642ce5d4bf5797fe951c7b245abb495988,2616556486461a0384c0230cd4f21d642ce5d4bf5797fe951c7b245abb495988,True,460,460
c/hay/hay1.png,True,32386278de9d514725f59faaf27dd345501dbdbd9030b6b704807c8355bb8e6a,32386278de9d514725f59faaf27dd345501dbdbd9030b6b704807c8355bb8e6a,True,65624,65624
c/hay/hay2.png,True,c82f6a4c8c7b67a799a8cf0c996f1937384fef81e8ba861652013f2bbff4a60f,c82f6a4c8c7b67a799a8cf0c996f1937384fef81e8ba861652013f2bbff4a60f,True,7751,7751
c/hay/hay3.png,True,52a2ccfae6345e8682beaca672c8398dee1348f9fbca3738691863b79414ee15,52a2ccfae6345e8682beaca672c8398dee1348f9fbca3738691863b79414ee15,True,7668,7668
c/hay/hays.png,True,ead47af0862685dd9e3f5f061f9934b333d9eff5921a647e1d7401fe4480a068,ead47af0862685dd9e3f5f061f9934b333d9eff5921a647e1d7401fe4480a068,True,64379,64379
c/hay/hays2.png,True,5e3ae4c308197f0d7677c2a74668c003f15e30ac1b7187030177b33575835466,5e3ae4c308197f0d7677c2a74668c003f15e30ac1b7187030177b33575835466,True,8114,8114
c/hay/hays3.png,True,a107f173042c5a1ecc755bdc3eb7303b0153a891511362a06caa0b422c6b770f,a107f173042c5a1ecc755bdc3eb7303b0153a891511362a06caa0b422c6b770f,True,8493,8493
c/hid/a/rea.png,True,514e0854cf1a2d220e82a99a2c16780468ce69961a89b825b18f332059b60ac9,514e0854cf1a2d220e82a99a2c16780468ce69961a89b825b18f332059b60ac9,True,1654,1654
c/hid/a/rea2.png,True,ebe2ba6a6a23eb2dcba800e153885e711e656919755de0f356409a2bb53942b9,ebe2ba6a6a23eb2dcba800e153885e711e656919755de0f356409a2bb53942b9,True,3146,3146
c/hid/a/scy.png,True,76537ad2bd8f25302c87a1dcf60542f3f8810e655a536e193e49d4f2134cb666,76537ad2bd8f25302c87a1dcf60542f3f8810e655a536e193e49d4f2134cb666,True,1436,1436
c/hid/hid.png,True,5c62048d375eb7dab48183e16ca80e103701c5c356f9f51c72eb173a8749a864,5c62048d375eb7dab48183e16ca80e103701c5c356f9f51c72eb173a8749a864,True,29261,29261
c/hid/hid2.png,True,278168286ec07acd5cdc1d97399d5e7651a3feccb5e9856a7a75c5c96245a25e,278168286ec07acd5cdc1d97399d5e7651a3feccb5e9856a7a75c5c96245a25e,True,43863,43863
c/hid/hid3.png,True,af6975bfcec700db8a14402718ee04d6db78a72701fe5b6312c6b431de8c1c84,af6975bfcec700db8a14402718ee04d6db78a72701fe5b6312c6b431de8c1c84,True,7072,7072
c/hid/hid4.png,True,999d44346895c2ef10a4550b3cb072c3c387504ea604de859d97ad46f92243f4,999d44346895c2ef10a4550b3cb072c3c387504ea604de859d97ad46f92243f4,True,4574,4574
c/hid/hid6.png,True,c939d79f0fa8482cf03f152c5c86993dda4b628bd60d89b53dfd75d3104b8642,c939d79f0fa8482cf03f152c5c86993dda4b628bd60d89b53dfd75d3104b8642,True,15343,15343
c/hid/rea.png,True,753d3eba7824801312209f1295cb1cbd0667088a5d3c7b6bcfc75fc56e275f27,753d3eba7824801312209f1295cb1cbd0667088a5d3c7b6bcfc75fc56e275f27,True,35804,35804
c/hid/rea2.png,True,4dfa06e1310e9adc6341fba03c27c081d6ac374d60e0352860806c8a73ac62b8,4dfa06e1310e9adc6341fba03c27c081d6ac374d60e0352860806c8a73ac62b8,True,43745,43745
c/hid/rea3.png,True,37015b65bcadabd08e798f638a4859cd676c83e542d9419dac19a92593333488,37015b65bcadabd08e798f638a4859cd676c83e542d9419dac19a92593333488,True,7085,7085
c/hid/rea4.png,True,7e424b9cc3d3271b7f4c5831c23513599c1146ce1aa55162807c74545a80cbd3,7e424b9cc3d3271b7f4c5831c23513599c1146ce1aa55162807c74545a80cbd3,True,4568,4568
c/hid/rea6.png,True,02b4ee1ef6707020659e85f0519da1d619c034fe404300f8dc72c10a2d1869fa,02b4ee1ef6707020659e85f0519da1d619c034fe404300f8dc72c10a2d1869fa,True,14741,14741
c/hin/a/are1.png,True,4d1903e2c75283f8621a0d7af2af452557570f37f91721cbe1a0d05fc16ca9ad,4d1903e2c75283f8621a0d7af2af452557570f37f91721cbe1a0d05fc16ca9ad,True,2048,2048
c/hin/a/are2.png,True,c11d9e931da1677f30f3a0675c7fb9cf3a54bb89135258581a2a776c76ca7021,c11d9e931da1677f30f3a0675c7fb9cf3a54bb89135258581a2a776c76ca7021,True,7896,7896
c/hin/a/are3.png,True,8bd5e9c2b64fcbe75e1a179d5e4ed10d41b3172968faac2ea35ef9580cf0ef7f,8bd5e9c2b64fcbe75e1a179d5e4ed10d41b3172968faac2ea35ef9580cf0ef7f,True,38211,38211
c/hin/a/are4.png,True,68a3a91975d8ecb5aa939db9823713836d5cae3c917fd6e134aeaee52b5f7440,68a3a91975d8ecb5aa939db9823713836d5cae3c917fd6e134aeaee52b5f7440,True,10943,10943
c/hin/a/hincha.png,True,def98719dd89ebb4f26feddac8662645e479070f05918620f9414b4ca050c2da,def98719dd89ebb4f26feddac8662645e479070f05918620f9414b4ca050c2da,True,2048,2048
c/hin/a/winatk1.png,True,c9166e2303667a16a37d17833b97bbc2b4735ec9cc98d88050d00a0b0801493f,c9166e2303667a16a37d17833b97bbc2b4735ec9cc98d88050d00a0b0801493f,True,53406,53406
c/hin/a/wind.png,True,a6c87c9994befa3e0deaad8a6d986c002fe095154e4f1e86fa5ead889edbafa0,a6c87c9994befa3e0deaad8a6d986c002fe095154e4f1e86fa5ead889edbafa0,True,1491,1491
c/hin/heavy.png,True,f2d39ea2f92aa2fd3e215afc85cbf963be3e9c5fda30d72aaf2766be71f1099b,f2d39ea2f92aa2fd3e215afc85cbf963be3e9c5fda30d72aaf2766be71f1099b,True,3191,3191
c/hin/hin.png,True,51da28a556ba2c2cb3a26fc5267ba700ac0b89fa926b717533dc929f345e91f8,51da28a556ba2c2cb3a26fc5267ba700ac0b89fa926b717533dc929f345e91f8,True,83386,83386
c/hin/hin11.png,True,5076703dae2e48f7e1da2ae28c6d1030499733ac2aa2a0cedc3a315313decf6d,5076703dae2e48f7e1da2ae28c6d1030499733ac2aa2a0cedc3a315313decf6d,True,68812,68812
c/hin/hin12.png,True,98bd9730b4dd534bc595828f59ec47a207f527f17bc11fc2fb9432cef55a1f9e,98bd9730b4dd534bc595828f59ec47a207f527f17bc11fc2fb9432cef55a1f9e,True,2340,2340
c/hin/hin2.png,True,099c5218bdb3d9438d9f1b876b8eefa61518830b56cb873435709c7f652136b1,099c5218bdb3d9438d9f1b876b8eefa61518830b56cb873435709c7f652136b1,True,6450,6450
c/hin/hin8.png,True,55a3cfc87be77005f1681e577c6453f5f7d2f4a7fb437718cd6a21dcf6f228fe,55a3cfc87be77005f1681e577c6453f5f7d2f4a7fb437718cd6a21dcf6f228fe,True,15136,15136
c/hin/hinatapunch.png,True,710a80877fab19daf95db870a9e08743aa7c73bc4d6cf8cd386bcdbf5939e7b7,710a80877fab19daf95db870a9e08743aa7c73bc4d6cf8cd386bcdbf5939e7b7,True,7477,7477
c/hin/hinatapunch2.png,True,672c73e14ec3e353343edf1d555acd4e0ff640ae1dde64c017e0364eb98601ee,672c73e14ec3e353343edf1d555acd4e0ff640ae1dde64c017e0364eb98601ee,True,15681,15681
c/hin/winatk1.png,True,c9166e2303667a16a37d17833b97bbc2b4735ec9cc98d88050d00a0b0801493f,c9166e2303667a16a37d17833b97bbc2b4735ec9cc98d88050d00a0b0801493f,True,53406,53406
c/hir/a/atk.png,True,c2e2d75b64f3a22fb4410f61883dfc6294e42850f1554b906a088d660554aea7,c2e2d75b64f3a22fb4410f61883dfc6294e42850f1554b906a088d660554aea7,True,29537,29537
c/hir/hir.png,True,985d8a3214421b17b52887e626fc0a84f08a5f549602912043788f8ee0bd508c,985d8a3214421b17b52887e626fc0a84f08a5f549602912043788f8ee0bd508c,True,86289,86289
c/ita/a/cro.png,True,57571a36de52c5a521fc27d949a12f2492c4803045837f223bdc54207c9def77,57571a36de52c5a521fc27d949a12f2492c4803045837f223bdc54207c9def77,True,6601,6601
c/ita/a/cro2.png,True,7e1e974b4c582b7dc059a4e1bd2b5ed6d548f5036fec51688c9d0a0e5303cf48,7e1e974b4c582b7dc059a4e1bd2b5ed6d548f5036fec51688c9d0a0e5303cf48,True,209307,209307
c/ita/a/cro3.png,True,23fd23fd3f32a1af26c186148f232468b32741af14e0f4da5bc9b51f16eb06d0,23fd23fd3f32a1af26c186148f232468b32741af14e0f4da5bc9b51f16eb06d0,True,435,435
c/ita/a/cro4.png,True,355cae0cd0113b8b612a24b80e00ab0404f5eb6275e2068961e8e24fd2a4549d,355cae0cd0113b8b612a24b80e00ab0404f5eb6275e2068961e8e24fd2a4549d,True,863,863
c/ita/a/cro5.png,True,71bd01d0822861b704b40fbd1f67e153df8bd7eb1865ec06266d9948eaa89834,71bd01d0822861b704b40fbd1f67e153df8bd7eb1865ec06266d9948eaa89834,True,776,776
c/ita/a/cro6.png,True,f05508741424ce8b3c9dee20a3eb337b8d86d99c72cbd040a3b8e994dbf670bf,f05508741424ce8b3c9dee20a3eb337b8d86d99c72cbd040a3b8e994dbf670bf,True,83524,83524
c/ita/a/cro7.png,True,8d233130929c48dca4ca0a102ad5dd7b8ad02b130e88175f1e8bba268d360194,8d233130929c48dca4ca0a102ad5dd7b8ad02b130e88175f1e8bba268d360194,True,6126,6126
c/ita/a/cro8.png,True,aa5430b9186b7ed50f6a508d198f909e1b67e498d2225f0e3801a41119dd4232,aa5430b9186b7ed50f6a508d198f909e1b67e498d2225f0e3801a41119dd4232,True,7140,7140
c/ita/a/cro9.png,True,49f3772f3cb2efea70bfd9375bf4dd173564b945abffd0c3dea10e01f5e8ea45,49f3772f3cb2efea70bfd9375bf4dd173564b945abffd0c3dea10e01f5e8ea45,True,42474,42474
c/ita/a/ita.png,True,dce822f588246258e1a3b768f7a5bdd784ffcf8b66c12370be28d56cef240c68,dce822f588246258e1a3b768f7a5bdd784ffcf8b66c12370be28d56cef240c68,True,43168,43168
c/ita/a/wat.png,True,e271097ce5fba514b3def355275acf46b3df84105f37cd01f674797f3cd4322d,e271097ce5fba514b3def355275acf46b3df84105f37cd01f674797f3cd4322d,True,130805,130805
c/ita/ita.png,True,1d2ad80c3cdc622d915823967f2776ac625f9fcab8192c7d8d24c9ce1e0062f1,1d2ad80c3cdc622d915823967f2776ac625f9fcab8192c7d8d24c9ce1e0062f1,True,58668,58668
c/ita/ita2.png,True,97b4554086bb71be9b3b29371ff9994b4aa193e8e53343ad53e6958b3cbe0308,97b4554086bb71be9b3b29371ff9994b4aa193e8e53343ad53e6958b3cbe0308,True,37457,37457
c/jira/a/fir1.png,True,cafbe0444282ca8b9f435acda97ef3a89737d54871df468f53849df8e233e287,cafbe0444282ca8b9f435acda97ef3a89737d54871df468f53849df8e233e287,True,6273,6273
c/jira/a/fir2.png,True,812447e9d0ee35fcc7c87fb042388c970b651d0dcf533c449888a700287beeeb,812447e9d0ee35fcc7c87fb042388c970b651d0dcf533c449888a700287beeeb,True,22652,22652
c/jira/a/fir3.png,True,b419d7245d3b5a97d2b1710af41b849c42e94e52901009071756bb3df03e088a,b419d7245d3b5a97d2b1710af41b849c42e94e52901009071756bb3df03e088a,True,7626,7626
c/jira/a/fir4.png,True,11730b6a9a7f5962cd8d970d3cf6944ddb616516860d0aab53de62b27cf291b3,11730b6a9a7f5962cd8d970d3cf6944ddb616516860d0aab53de62b27cf291b3,True,47634,47634
c/jira/a/fir5.png,True,76d9f963482df2d019cc1ba11bb66a540d0f80cb33236dc09368a91dbdb4b13a,76d9f963482df2d019cc1ba11bb66a540d0f80cb33236dc09368a91dbdb4b13a,True,11290,11290
c/jira/a/mag.png,True,bf0f04b45674ea2c9efc3ff1fb2f516dfa4810ee0f4f096fd3304acfb7c52528,bf0f04b45674ea2c9efc3ff1fb2f516dfa4810ee0f4f096fd3304acfb7c52528,True,30377,30377
c/jira/a/mag2.png,True,227e972f0e88904efe23d3ebda762a87c3bc89a306322e019519e9609f961401,227e972f0e88904efe23d3ebda762a87c3bc89a306322e019519e9609f961401,True,46986,46986
c/jira/a/mag3.png,True,f527ed2684df8a6022216b1dc56625fee987ce5d08ebc333602a1f07a9c1da15,f527ed2684df8a6022216b1dc56625fee987ce5d08ebc333602a1f07a9c1da15,True,71044,71044
c/jira/a/ras.png,True,6a2802b6931e2c0b137b544febd23cd97373970a21e55223aa1540b88727eaf1,6a2802b6931e2c0b137b544febd23cd97373970a21e55223aa1540b88727eaf1,True,7132,7132
c/jira/a/ras2.png,True,60ce38763b06f937eb58ba652ca579459f358bcb3e86001486ef5705d4d541fb,60ce38763b06f937eb58ba652ca579459f358bcb3e86001486ef5705d4d541fb,True,1506,1506
c/jira/a/toad.png,True,5398aacda8e826b56eb362aeb1a0941e765dd9e82a0bc9059ab2cb026d50e661,5398aacda8e826b56eb362aeb1a0941e765dd9e82a0bc9059ab2cb026d50e661,True,106083,106083
c/jira/a/toad2.png,True,125a732e00aa80640dc88ae5ef2e38c4be8ab50202517a766ffed77ce4c880dd,125a732e00aa80640dc88ae5ef2e38c4be8ab50202517a766ffed77ce4c880dd,True,140085,140085
c/jira/a/toad3.png,True,85de2f7658d355c613373b1941c4471cb4f90f7d339c2d0a789d63c75b3903cc,85de2f7658d355c613373b1941c4471cb4f90f7d339c2d0a789d63c75b3903cc,True,525132,525132
c/jira/a/toad4.png,True,1caf601e05643bdcedafea58590be60bcebd07f231f988be2113c627367ced19,1caf601e05643bdcedafea58590be60bcebd07f231f988be2113c627367ced19,True,4161,4161
c/jira/jira.png,True,33cd631b1db2923add3006a79b989cc590e7239388c27a83101f7dccdb4059b1,33cd631b1db2923add3006a79b989cc590e7239388c27a83101f7dccdb4059b1,True,94656,94656
c/jira/jira3.png,True,f78051a30be0cfe66da49964a1f393d7eeec344ac2f394452dadcb151049cdbe,f78051a30be0cfe66da49964a1f393d7eeec344ac2f394452dadcb151049cdbe,True,19437,19437
c/jira/jira5.png,True,044d4529e85248a0baad9416cdcea77af6c8d54c9fee24f2adfa0843e874bbdf,044d4529e85248a0baad9416cdcea77af6c8d54c9fee24f2adfa0843e874bbdf,True,177862,177862
c/jira/jira6.png,True,2a95b46f7f60e32ee23e79f3cfe266ae3011db907452bb489b8dd02167d8cc13,2a95b46f7f60e32ee23e79f3cfe266ae3011db907452bb489b8dd02167d8cc13,True,15599,15599
c/jira/jira7.png,True,0f01df585018df44ebe641f9bee11ba71caa886c83dca2c4eb666a0ab2d90421,0f01df585018df44ebe641f9bee11ba71caa886c83dca2c4eb666a0ab2d90421,True,24659,24659
c/jira/pre.png,True,d1911b12c1edc696ad2af4e8a7e2f80902f7541227fc991a2e42f2e247aa5e2e,d1911b12c1edc696ad2af4e8a7e2f80902f7541227fc991a2e42f2e247aa5e2e,True,55314,55314
c/jira/pre1.png,True,8862ed75b7a0af543bd4cab20189691e10a329fea8e3be3bbf39edd66b291f37,8862ed75b7a0af543bd4cab20189691e10a329fea8e3be3bbf39edd66b291f37,True,8458,8458
c/jira/sag.png,True,ef2ab1c5d2080afdefcec9e92565595da0a2c0be6650c2181258fff203c42e1c,ef2ab1c5d2080afdefcec9e92565595da0a2c0be6650c2181258fff203c42e1c,True,90292,90292
c/jira/sag1.png,True,aa090035ead17f59a304e607c26f1b30ba52690cce5632e93ba1d0839aec564d,aa090035ead17f59a304e607c26f1b30ba52690cce5632e93ba1d0839aec564d,True,27909,27909
c/jira/sag2.png,True,3f988a1c39b8af664c89a323a3162cf9ed7f7c3b4b47fb591d8b2ec5380f2a5b,3f988a1c39b8af664c89a323a3162cf9ed7f7c3b4b47fb591d8b2ec5380f2a5b,True,240379,240379
c/jira/sag3.png,True,314568e7cb843dcb09fc83619c727642ecf51734b9e2fa7bf72ba5197a7503b1,314568e7cb843dcb09fc83619c727642ecf51734b9e2fa7bf72ba5197a7503b1,True,59391,59391
c/jira/sag4.png,True,e9e163da212a67b204977902ba4b974af9c2653cff47e61704ad10d4d2c5c38e,e9e163da212a67b204977902ba4b974af9c2653cff47e61704ad10d4d2c5c38e,True,8536,8536
c/jiro/a/cav.png,True,52783c74fdbc887684884f5968e2c5103364a0c1332652658e75d9bc685787a7,52783c74fdbc887684884f5968e2c5103364a0c1332652658e75d9bc685787a7,True,12788,12788
c/jiro/a/cav2.png,True,90e5a4e5f19d9f55b60da8d3c9b042af46088221b80b9523ee21f64848e5f260,90e5a4e5f19d9f55b60da8d3c9b042af46088221b80b9523ee21f64848e5f260,True,12088,12088
c/jiro/a/gol.png,True,628487d83f218a0a9d7d42ae07d0ac66a7e5371311aee76ebf5485669149fdf6,628487d83f218a0a9d7d42ae07d0ac66a7e5371311aee76ebf5485669149fdf6,True,77809,77809
c/jiro/gol2.png,True,47f77c18693275a64cfddbff3ad28b5144df54abb3bb42a77d861b95db5d5c60,47f77c18693275a64cfddbff3ad28b5144df54abb3bb42a77d861b95db5d5c60,True,41474,41474
c/jiro/gol3.png,True,23fc5c7503953f79a1df25f0b70b792001d0ee6fb06298e207a760f397dd2ee2,23fc5c7503953f79a1df25f0b70b792001d0ee6fb06298e207a760f397dd2ee2,True,25685,25685
c/jiro/jiro.png,True,60a32283bcb360c59cba2e9f551a93fed706d309527d31acd9af732213f0e15b,60a32283bcb360c59cba2e9f551a93fed706d309527d31acd9af732213f0e15b,True,72309,72309
c/jiro/jiro1.png,True,a2c91ef92dbd9485eb6523b9f77088129311bbaeefd09c253a0db90365cdc251,a2c91ef92dbd9485eb6523b9f77088129311bbaeefd09c253a0db90365cdc251,True,22170,22170
c/jiro/jiro2.png,True,bd392220cf69e0b05ff1b442e06eb3638cbede62dea1218323f90a9ba75a8e99,bd392220cf69e0b05ff1b442e06eb3638cbede62dea1218323f90a9ba75a8e99,True,78676,78676
c/jiro/jiro3.png,True,3f2d913e4311eef2eb4f732f83e0931291f8368c43665049ca4f8e132ea5b3d7,3f2d913e4311eef2eb4f732f83e0931291f8368c43665049ca4f8e132ea5b3d7,True,22046,22046
c/jug/a/pao1.png,True,265f2f9b6d9a874ed2dee5b26d3c0c90f89b10d5a33340e0523fb39d82c093d7,265f2f9b6d9a874ed2dee5b26d3c0c90f89b10d5a33340e0523fb39d82c093d7,True,1642,1642
c/jug/a/pao2.png,True,ba12dc412127a3261d11954295b36aafcd4aa0d8416c5ad490b4da4b69be5deb,ba12dc412127a3261d11954295b36aafcd4aa0d8416c5ad490b4da4b69be5deb,True,18789,18789
c/jug/a/pao3.png,True,624bea8333712fd78c486a556d5a0f4d948d1b1d51c212d0ab9af61993718234,624bea8333712fd78c486a556d5a0f4d948d1b1d51c212d0ab9af61993718234,True,24515,24515
c/jug/a/pao4.png,True,01931d4c2e0d96252eabb8787ab494a756558900c642a8b20579783d2a0b0596,01931d4c2e0d96252eabb8787ab494a756558900c642a8b20579783d2a0b0596,True,21570,21570
c/jug/a/pao5.png,True,4bed94c587c04bd13433b21286cb1be5256b305c4a01120e6d5191d849dd9d0f,4bed94c587c04bd13433b21286cb1be5256b305c4a01120e6d5191d849dd9d0f,True,19236,19236
c/jug/jugo.png,True,780c76db299425bb05446768aa71558402a33c51fe84197c3eee65e9d956d4f6,780c76db299425bb05446768aa71558402a33c51fe84197c3eee65e9d956d4f6,True,51212,51212
c/jug/jugo_01.png,True,57f9f02442b14a8dafe24296801d9e776b0a6bad5ec949d986092528c30113d3,57f9f02442b14a8dafe24296801d9e776b0a6bad5ec949d986092528c30113d3,True,66321,66321
c/jug/jugo_02.png,True,c8dd9e26189193b870959f8c6c46251fc8198aae09db3d0b4e5002c76264eed6,c8dd9e26189193b870959f8c6c46251fc8198aae09db3d0b4e5002c76264eed6,True,14334,14334
c/jug/jugocs2.png,True,b9bd36afc130165a4eb45df8a2ece240e2216725678317d11e3d1104dbf87c2e,b9bd36afc130165a4eb45df8a2ece240e2216725678317d11e3d1104dbf87c2e,True,58272,58272
c/jug/jugocs2_01.png,True,195196bfc8f660c4d53f93856630d86d0323bd6e322aa1b897cf587506099b74,195196bfc8f660c4d53f93856630d86d0323bd6e322aa1b897cf587506099b74,True,69139,69139
c/jug/jugocs2_02.png,True,ba78bceaa2311df614eee8acfe5bf071cf940050ed76f636da309fa6159cadb0,ba78bceaa2311df614eee8acfe5bf071cf940050ed76f636da309fa6159cadb0,True,13571,13571
c/kab/a/atk.png,True,fec26ff609b3d269d14d10e8a158eab0f88c6bee5d056e8c6f353e8b442b4984,fec26ff609b3d269d14d10e8a158eab0f88c6bee5d056e8c6f353e8b442b4984,True,19356,19356
c/kab/a/sna.png,True,17e37ee2c8d774c361a7f92a1f4f118b0a4b2e79307d35463b52074c83d27a2c,17e37ee2c8d774c361a7f92a1f4f118b0a4b2e79307d35463b52074c83d27a2c,True,14816,14816
c/kab/kab.png,True,61896c5ad4a1cf6ba606dd0abcbfde7d21b31f209ec591832a5ea49cda72ddcc,61896c5ad4a1cf6ba606dd0abcbfde7d21b31f209ec591832a5ea49cda72ddcc,True,70318,70318
c/kab/tsurugi.png,True,190b814c76ffad51cf3a44f1f4bb964b7827c5d60d7995441f0298566f2232f1,190b814c76ffad51cf3a44f1f4bb964b7827c5d60d7995441f0298566f2232f1,True,35189,35189
c/kab/yoroi.png,True,a6472f5dc9afd9bbf3c019c38fa99ee6dd7d456bbec1e26173feb90982fec4f6,a6472f5dc9afd9bbf3c019c38fa99ee6dd7d456bbec1e26173feb90982fec4f6,True,34319,34319
c/kaka/a/cha2.png,True,482f45ea2232ea49f214e9607bd77e14018d5fe6bbb58c7a101676a248042957,482f45ea2232ea49f214e9607bd77e14018d5fe6bbb58c7a101676a248042957,True,619,619
c/kaka/a/clo.png,True,f126e12d3a9fe3d21f10a1c2e404de2dcfbe85f906ba67b902c0467a8b7198e5,f126e12d3a9fe3d21f10a1c2e404de2dcfbe85f906ba67b902c0467a8b7198e5,True,28199,28199
c/kaka/a/rai.png,True,0e27ab90aca9abbffbc015d683ee20c52e64d9814209f6c6f97f5bf5f2c833f7,0e27ab90aca9abbffbc015d683ee20c52e64d9814209f6c6f97f5bf5f2c833f7,True,9049,9049
c/kaka/a/rai2.png,True,b82c96abed378fc190458146313a8e69895287726ba140f8add122ca7294be71,b82c96abed378fc190458146313a8e69895287726ba140f8add122ca7294be71,True,6696,6696
c/kaka/a/rai3.png,True,aa6796afd317c126b215df2b8e60ea548201be791f07e6d6b6ff300c63994f04,aa6796afd317c126b215df2b8e60ea548201be791f07e6d6b6ff300c63994f04,True,6147,6147
c/kaka/a/wall.png,True,f0d8500132329c4858c924955397aae2e489dc0b854b56fb0d21afd3d5d2038c,f0d8500132329c4858c924955397aae2e489dc0b854b56fb0d21afd3d5d2038c,True,139799,139799
c/kaka/kaka.png,True,ce41f71b0386b91c25cfd36417c3748ae1a725c9690210292b3aa1ffb05a8750,ce41f71b0386b91c25cfd36417c3748ae1a725c9690210292b3aa1ffb05a8750,True,73016,73016
c/kaka/pak.png,True,12c388d59e29de4819217ea8c16eb377195535c465ca8ea7e5b50d29cb28d47d,12c388d59e29de4819217ea8c16eb377195535c465ca8ea7e5b50d29cb28d47d,True,7112,7112
c/kaku/a/air.png,True,2745b4c1519bebfb5caf957087a4af0887585813885dd833608d79094972d154,2745b4c1519bebfb5caf957087a4af0887585813885dd833608d79094972d154,True,2387,2387
c/kaku/a/fir.png,True,7d1a0810942b49c45d347bcb755713e1ac9e91d0ea0de17c5327eefe3ffb1a40,7d1a0810942b49c45d347bcb755713e1ac9e91d0ea0de17c5327eefe3ffb1a40,True,30424,30424
c/kaku/a/kat.png,True,ef6caf4e3453dfe0c699533efdc1232db8a5b9a55af326d4c5ddf24f87537d1e,ef6caf4e3453dfe0c699533efdc1232db8a5b9a55af326d4c5ddf24f87537d1e,True,22722,22722
c/kaku/a/nck2.png,True,5f5c3a89916f7a49615ab221c81cc16a0fa32289e7ef861b5aea182959dd652e,5f5c3a89916f7a49615ab221c81cc16a0fa32289e7ef861b5aea182959dd652e,True,6425,6425
c/kaku/a/nck3.png,True,eb672f985513e24a56b8e15d4ea2ebcecc88094e90eef0bf89dfa3976c22691c,eb672f985513e24a56b8e15d4ea2ebcecc88094e90eef0bf89dfa3976c22691c,True,22501,22501
c/kaku/kakun.png,True,53ed936ce5ec78cd4cfc1f354d41bb160ba3fce4338efbbce2e83e19aa3878a3,53ed936ce5ec78cd4cfc1f354d41bb160ba3fce4338efbbce2e83e19aa3878a3,True,65741,65741
c/kaku/kakun2.png,True,f6fb4c6c05faca1f46b8a8f3ba450e7dda97d7708fd733eb403e72aa99b19669,f6fb4c6c05faca1f46b8a8f3ba450e7dda97d7708fd733eb403e72aa99b19669,True,10464,10464
c/kaku/maskair1.png,True,e2d4af2dd28e50cfbcdc41d991b21c9e5534daa3a0803d40a85b8332b0fc0cff,e2d4af2dd28e50cfbcdc41d991b21c9e5534daa3a0803d40a85b8332b0fc0cff,True,39612,39612
c/kaku/maskair2.png,True,dd6e7a94b0691751c880fbbe8ec84a1efb7573f5333e5919fb9a71857ab1ed73,dd6e7a94b0691751c880fbbe8ec84a1efb7573f5333e5919fb9a71857ab1ed73,True,7062,7062
c/kaku/maskfir1.png,True,c25cd583cdebf7dae56977a556c9dd0c2dd6e3f7ece074e6380217e3e841d512,c25cd583cdebf7dae56977a556c9dd0c2dd6e3f7ece074e6380217e3e841d512,True,61032,61032
c/kaku/maskfir2.png,True,dead519d70f29df7c36141fca24aae09e8c0cc513e4bbe76b2a6457f6d834343,dead519d70f29df7c36141fca24aae09e8c0cc513e4bbe76b2a6457f6d834343,True,8087,8087
c/kaku/maskthu1.png,True,25bdd8e148694819621a144ee3092d56faabd59ca0edecee8afb57aa525bb14b,25bdd8e148694819621a144ee3092d56faabd59ca0edecee8afb57aa525bb14b,True,111649,111649
c/kaku/maskthu2.png,True,3be12e082002848ca124c9f63e1fd32baf93b23bb06cdbbe8552d3143229558f,3be12e082002848ca124c9f63e1fd32baf93b23bb06cdbbe8552d3143229558f,True,12394,12394
c/kaku/maskwat1.png,True,69da7381dc4e9343c40bc7476271945d867048fb4f0a77b545e33eb9bb60c178,69da7381dc4e9343c40bc7476271945d867048fb4f0a77b545e33eb9bb60c178,True,60303,60303
c/kaku/maskwat2.png,True,a2eacf082e5a117f6b0a6750f0941f84aa297a94ae644e2871a23cbc1bbe5a2e,a2eacf082e5a117f6b0a6750f0941f84aa297a94ae644e2871a23cbc1bbe5a2e,True,8324,8324
c/kaku/reka1.png,True,5506597520daee40bb6e9116700890f6a8185259baafc7ae58cb15b695ea0a84,5506597520daee40bb6e9116700890f6a8185259baafc7ae58cb15b695ea0a84,True,86959,86959
c/kaku/reka2.png,True,556096294348afaea81badad0e8844c4d6fb1e9ee275bbf7e5319a9048c69c2e,556096294348afaea81badad0e8844c4d6fb1e9ee275bbf7e5319a9048c69c2e,True,12938,12938
c/kaku/t2.png,True,20b2104a790d7c6b6b88142f8d2ab881881566a92dfd647ebdbb3f60ef101b7e,20b2104a790d7c6b6b88142f8d2ab881881566a92dfd647ebdbb3f60ef101b7e,True,45569,45569
c/kaku/uckak1.png,True,82a9ee4427c92de57c3c723e20f8c62b6376f4d92731a327b2c24873ba2b9a8e,82a9ee4427c92de57c3c723e20f8c62b6376f4d92731a327b2c24873ba2b9a8e,True,86932,86932
c/kaku/uckak2.png,True,e64730d839dcde1c80c14b74b3d209fbb6338962ae728d6f05e26a7683848e22,e64730d839dcde1c80c14b74b3d209fbb6338962ae728d6f05e26a7683848e22,True,13151,13151
c/kaku/uckak3.png,True,512c31bde8bdbeceeee8a9e98a38949779b1c986f83607bf99f4c8301f6662b7,512c31bde8bdbeceeee8a9e98a38949779b1c986f83607bf99f4c8301f6662b7,True,5109,5109
c/kan/a/kar.png,True,8cd538c14b87f735d1ccbf250f7b2d10b94902daccc4877363ba0c71c955216f,8cd538c14b87f735d1ccbf250f7b2d10b94902daccc4877363ba0c71c955216f,True,31639,31639
c/kan/a/kar2.png,True,dffaf00d7dcfff87244f7e42773faf9b42774b948a260994dd53dd603118d3a4,dffaf00d7dcfff87244f7e42773faf9b42774b948a260994dd53dd603118d3a4,True,22169,22169
c/kan/a/kar3.png,True,638f0af570de03031b3bf47d9b1af867e1a4a446b1497f657fa378ded2e5f8ad,638f0af570de03031b3bf47d9b1af867e1a4a446b1497f657fa378ded2e5f8ad,True,2575,2575
c/kan/a/san.png,True,4116235b481a2459e807850097c222d46986243f10cf28d0f46dee2d6c06cfd6,4116235b481a2459e807850097c222d46986243f10cf28d0f46dee2d6c06cfd6,True,7666,7666
c/kan/a/san2.png,True,2c63c584055b2f07f3581ea9aebbdc40cff3467448064621c7ba285e70757662,2c63c584055b2f07f3581ea9aebbdc40cff3467448064621c7ba285e70757662,True,19084,19084
c/kan/kan.png,True,c1a332a46d79c9709d8b012a8518df18e15617f6849246afdab95310114816ee,c1a332a46d79c9709d8b012a8518df18e15617f6849246afdab95310114816ee,True,56298,56298
c/kan/kan2.png,True,1f0568c1d2786cdc0532f93f0f409568bf4534f670353a2481d571f40a5a1919,1f0568c1d2786cdc0532f93f0f409568bf4534f670353a2481d571f40a5a1919,True,3454,3454
c/kan/kan3.png,True,16f2553fabaf9bb3af96a0743a6a57bffae422660b154008142f827fd9186e0b,16f2553fabaf9bb3af96a0743a6a57bffae422660b154008142f827fd9186e0b,True,10120,10120
c/kar/a/cha0.png,True,88dfd7271be2fc419360df834997a4ffa9ba2e08ede3b89a47b5fbf605ce35d2,88dfd7271be2fc419360df834997a4ffa9ba2e08ede3b89a47b5fbf605ce35d2,True,4725,4725
c/kar/a/cha1.png,True,0ba1cfa855469a3ae4c9ec5bd13f20a5c7ddab966bbb214a01ef2cb4962cfb73,0ba1cfa855469a3ae4c9ec5bd13f20a5c7ddab966bbb214a01ef2cb4962cfb73,True,14312,14312
c/kar/a/cha2.png,True,db76d140defa0170bfbe937eb7b6d84bd4948ddceaff05f1cd6a2bea7050a7fd,db76d140defa0170bfbe937eb7b6d84bd4948ddceaff05f1cd6a2bea7050a7fd,True,6490,6490
c/kar/a/cha3.png,True,937c671fb49b8f72b75c23e602acc6bc5ccae08deef7d9df93255d11d66f08f8,937c671fb49b8f72b75c23e602acc6bc5ccae08deef7d9df93255d11d66f08f8,True,4392,4392
c/kar/a/cha4.png,True,5bbd5c1af4061f891fe6cae1432498e2a7742908db54cd5bbf5d650b58799654,5bbd5c1af4061f891fe6cae1432498e2a7742908db54cd5bbf5d650b58799654,True,5394,5394
c/kar/a/jug.png,True,d6156a00bfb8be26d94daaa0bbed60ea51fb69483e3484371240a26d2e412be2,d6156a00bfb8be26d94daaa0bbed60ea51fb69483e3484371240a26d2e412be2,True,17929,17929
c/kar/a/sas.png,True,5ad2ffb0769b458a1cae250cac01851264a324002a04707d5c9c279583988e6f,5ad2ffb0769b458a1cae250cac01851264a324002a04707d5c9c279583988e6f,True,35397,35397
c/kar/a/sui.png,True,a24a59902f0eac889d9995b738eb77592e5d4c5dcd7dcc10285e0e2948fe6fd3,a24a59902f0eac889d9995b738eb77592e5d4c5dcd7dcc10285e0e2948fe6fd3,True,494662,494662
c/kar/kar.png,True,82844bd53d81037d7c186cdb1548d11c2bc3ba683bdae65a7a7362c52ffe9557,82844bd53d81037d7c186cdb1548d11c2bc3ba683bdae65a7a7362c52ffe9557,True,46001,46001
c/kar/kar2.png,True,b3636d0d5be849c9c9e584460cca7c6491605d1a5a5bae44dbb5afd8cee70bff,b3636d0d5be849c9c9e584460cca7c6491605d1a5a5bae44dbb5afd8cee70bff,True,24305,24305
c/kar/kar3.png,True,80153477523990606e6fc2f872f68721aabce6630dcab356be447ee40019c716,80153477523990606e6fc2f872f68721aabce6630dcab356be447ee40019c716,True,28822,28822
c/kar/kar6.png,True,db07accf6b12e7f43572d47dca65d6ce3df6c8a3d1e83498bd38a8ceca879006,db07accf6b12e7f43572d47dca65d6ce3df6c8a3d1e83498bd38a8ceca879006,True,45373,45373
c/kib/a/aka.png,True,adc0dbabdf23c226214ba5556301225df46a82ccfee23d2a126656c6a58a316c,adc0dbabdf23c226214ba5556301225df46a82ccfee23d2a126656c6a58a316c,True,26591,26591
c/kib/a/aka2.png,True,51862ba47c0ec86ca388566db0b435be7dd4e2501f5afd465884a23789c253e5,51862ba47c0ec86ca388566db0b435be7dd4e2501f5afd465884a23789c253e5,True,8649,8649
c/kib/a/aka3.png,True,58aaf2f9ae60f85d2b2426f738ef544a6a55aa15deae3d4327b172b854c3b733,58aaf2f9ae60f85d2b2426f738ef544a6a55aa15deae3d4327b172b854c3b733,True,12402,12402
c/kib/kib.png,True,0991729cb0c59ec8c1ecc7d6b87fdc6569eefbd00474e148f2571a066d3883f6,0991729cb0c59ec8c1ecc7d6b87fdc6569eefbd00474e148f2571a066d3883f6,True,41622,41622
c/kib/kib2.png,True,6c95adc60436347e82f2429e062b5f2d503613bca66434611f0db86c8796954e,6c95adc60436347e82f2429e062b5f2d503613bca66434611f0db86c8796954e,True,25961,25961
c/kid/a/kyo.png,True,98feec4ed5e80243d88a38e7b58f4c9ff0a2534ce2093f11bd9f90b15b957c65,98feec4ed5e80243d88a38e7b58f4c9ff0a2534ce2093f11bd9f90b15b957c65,True,14423,14423
c/kid/a/spark.png,True,ae25f23acd80955908098fc66f1219ea2cc7f094aadd3f7f1c9c28477cccd496,ae25f23acd80955908098fc66f1219ea2cc7f094aadd3f7f1c9c28477cccd496,True,1259,1259
c/kid/a/spi.png,True,9336aaf09583935c02f07eca9759b9bf161d856295ebe07c27e6358a4fc77ab6,9336aaf09583935c02f07eca9759b9bf161d856295ebe07c27e6358a4fc77ab6,True,9011,9011
c/kid/a/spi2.png,True,df2404ad95e057feb693368fbbcef5d092bf926b4c47575209a3ef9bfea6369a,df2404ad95e057feb693368fbbcef5d092bf926b4c47575209a3ef9bfea6369a,True,1595,1595
c/kid/a/spider.png,True,7723871d2bd773062e3fd18e3a37468cc754f45a1a33e271c9b253103e199c52,7723871d2bd773062e3fd18e3a37468cc754f45a1a33e271c9b253103e199c52,True,4290,4290
c/kid/a/trap.png,True,6ec65b70f9bf304510e271291b7268b93fbca707545192f539321c2fbfccfa5b,6ec65b70f9bf304510e271291b7268b93fbca707545192f539321c2fbfccfa5b,True,3142,3142
c/kid/a/web.png,True,58518fa22cb83a96bb4cef35f6d64fef16d6617bd5b25487bb63c534c2975fdc,58518fa22cb83a96bb4cef35f6d64fef16d6617bd5b25487bb63c534c2975fdc,True,765,765
c/kid/kid.png,True,c4cf2df276b29bbd6056fc8278cd2674578c6b4cae6580b9ca385bb27f70a17a,c4cf2df276b29bbd6056fc8278cd2674578c6b4cae6580b9ca385bb27f70a17a,True,51043,51043
c/kid/kid2.png,True,ba245b85f41e8fe6f48e2fdc3a5d43405cfa76f9dd681e9e05fa318b61efd93b,ba245b85f41e8fe6f48e2fdc3a5d43405cfa76f9dd681e9e05fa318b61efd93b,True,5228,5228
c/kid/kid3.png,True,eb8a38232f74c8f248a3517ecb75176690af0796d167daca2272bc1a24274d9a,eb8a38232f74c8f248a3517ecb75176690af0796d167daca2272bc1a24274d9a,True,75498,75498
c/kid/kid4.png,True,40040ca0eeccf918cb2d8bafae4da47bd08504e75489232de3bc7bc150766d1a,40040ca0eeccf918cb2d8bafae4da47bd08504e75489232de3bc7bc150766d1a,True,3741,3741
c/kim/a/bon.png,True,307a974b0a51a5ac79558d6e4503f73e518d1c86614bc915d1e72ad102c20934,307a974b0a51a5ac79558d6e4503f73e518d1c86614bc915d1e72ad102c20934,True,6546,6546
c/kim/a/bon2.png,True,41f105e2cb0190ca250ee89b268f4bdab8997d4ecdb81221c6a72fc67ab1cb55,41f105e2cb0190ca250ee89b268f4bdab8997d4ecdb81221c6a72fc67ab1cb55,True,1114,1114
c/kim/kim.png,True,11dcc74d5010c872558421dad5225fd50a5b9fa17e176aeb1fa02d5328475eb1,11dcc74d5010c872558421dad5225fd50a5b9fa17e176aeb1fa02d5328475eb1,True,52386,52386
c/kim/kim2.png,True,5c3fe9e157097e2f9fe5ec95d25ce1a235f88cb3d9d0805bba5abf0ce4c64d05,5c3fe9e157097e2f9fe5ec95d25ce1a235f88cb3d9d0805bba5abf0ce4c64d05,True,21823,21823
c/kim/kim3.png,True,3c5c73c621e82e27cd59dfa7ec5d1875df480db3b60648484ad1b12e18688393,3c5c73c621e82e27cd59dfa7ec5d1875df480db3b60648484ad1b12e18688393,True,44752,44752
c/kim/kim4.png,True,7087a5471c350a7ad15b22f287192ce0675021b6836f19b15f45a9d4427a8a3c,7087a5471c350a7ad15b22f287192ce0675021b6836f19b15f45a9d4427a8a3c,True,23945,23945
c/kim/kim5.png,True,921ebd7b910c79d64bc418588f9ee97369c6af5255a49d91db6a94d6c3b61ae3,921ebd7b910c79d64bc418588f9ee97369c6af5255a49d91db6a94d6c3b61ae3,True,7431,7431
c/kim/kim6.png,True,d5784eb44f62b557a4a3e66c6b7e0ded68f22b961d2637d06d836ffee1ea37d6,d5784eb44f62b557a4a3e66c6b7e0ded68f22b961d2637d06d836ffee1ea37d6,True,1582,1582
c/kis/a/sha.png,True,281f76533724c070307846e687a342619a3a6c50794b8cec77df4799d3151a29,281f76533724c070307846e687a342619a3a6c50794b8cec77df4799d3151a29,True,5468,5468
c/kis/a/sha2.png,True,e38e3eb67b4f2a4e799c456d2473af9f6f53530033a0923ade903601ea1ac199,e38e3eb67b4f2a4e799c456d2473af9f6f53530033a0923ade903601ea1ac199,True,36207,36207
c/kis/a/wat.png,True,ccb3f4fc2aef4df7c1788d03bee053411b45ad88d3cdf65007ff06be05866df1,ccb3f4fc2aef4df7c1788d03bee053411b45ad88d3cdf65007ff06be05866df1,True,41352,41352
c/kis/a/wat1.png,True,52dcdf6df5e8122c44653b4cc7752f9804ec9284a6e496147bd76b3ff6066eae,52dcdf6df5e8122c44653b4cc7752f9804ec9284a6e496147bd76b3ff6066eae,True,240811,240811
c/kis/a/wat2.png,True,84a3b76d682c4de1093de567cdf242e833b7ba3241b2e943c7eac66c1a800370,84a3b76d682c4de1093de567cdf242e833b7ba3241b2e943c7eac66c1a800370,True,10771,10771
c/kis/a/wat3.png,True,ea80c4211f0a1677ac1b52fc2fbf8e40b7ca480385788b0265a25fbd317d96ca,ea80c4211f0a1677ac1b52fc2fbf8e40b7ca480385788b0265a25fbd317d96ca,True,174984,174984
c/kis/a/wav.png,True,6dfbb3d2f91a4ee1ae7ae6554c16bfc9bde6128404ceacff07be15388f6bee25,6dfbb3d2f91a4ee1ae7ae6554c16bfc9bde6128404ceacff07be15388f6bee25,True,446459,446459
c/kis/kis.png,True,0664d6bad790ae1e56733751ba6df8f63fc753eccc3de71acfafbf2eeb7b51f5,0664d6bad790ae1e56733751ba6df8f63fc753eccc3de71acfafbf2eeb7b51f5,True,60140,60140
c/kis/kis2.png,True,d76dd4370000db4d0f504c3a5057c9cdeffe11f4f109609368ed9b99ceb507ec,d76dd4370000db4d0f504c3a5057c9cdeffe11f4f109609368ed9b99ceb507ec,True,16669,16669
c/kis/nck.png,True,eb2f97336b4d46e614af57599b6d15f8e60c82c11fc6a1642ab05723a03a1708,eb2f97336b4d46e614af57599b6d15f8e60c82c11fc6a1642ab05723a03a1708,True,39023,39023
c/kis/nck2.png,True,984418e9f85d7f7b882bad38091ad7fb62d7f37a67a1a0118cfd00e119a32903,984418e9f85d7f7b882bad38091ad7fb62d7f37a67a1a0118cfd00e119a32903,True,5008,5008
c/kis/sam.png,True,2c92c75244bec5694c76f4ff852c355e8ad93333fd833c65630ef3af9305c9c6,2c92c75244bec5694c76f4ff852c355e8ad93333fd833c65630ef3af9305c9c6,True,25147,25147
c/kon/a/cha.png,True,989147064d907884907ea339d642d267232630c11fa0d748e23982bfc0a0bd27,989147064d907884907ea339d642d267232630c11fa0d748e23982bfc0a0bd27,True,1561,1561
c/kon/a/pap.png,True,2ca46e3bd4e81f6e570bee53fb46a02a568d42b0aba6c54f5d9fd314155ffea7,2ca46e3bd4e81f6e570bee53fb46a02a568d42b0aba6c54f5d9fd314155ffea7,True,295,295
c/kon/a/pap2.png,True,dbf539e9f6cb00f1907c8a26d3205a66f12aa415b19c95cfb8c485c0a37ffb8a,dbf539e9f6cb00f1907c8a26d3205a66f12aa415b19c95cfb8c485c0a37ffb8a,True,9805,9805
c/kon/a/pap4.png,True,b9ac24fce980daf4a3c59d500ce436548e62fe7cc71cfdd646c85232df9e3502,b9ac24fce980daf4a3c59d500ce436548e62fe7cc71cfdd646c85232df9e3502,True,1632,1632
c/kon/a/pap6.png,True,26b57474694e821b47cc475bc775dd2c0e1d087feb1da461460578041a2b46d0,26b57474694e821b47cc475bc775dd2c0e1d087feb1da461460578041a2b46d0,True,3010,3010
c/kon/a/shield.png,True,e357a84c9786cbada0eaf97c462fcacc8859ec3fb21bdcff11f0f6031d26c46b,e357a84c9786cbada0eaf97c462fcacc8859ec3fb21bdcff11f0f6031d26c46b,True,4522,4522
c/kon/ang2.png,True,143ba799071acee98f4d5a794d8b6971c96c0bc7ba5040e76ddeb381aed13c1d,143ba799071acee98f4d5a794d8b6971c96c0bc7ba5040e76ddeb381aed13c1d,True,65584,65584
c/kon/ang3.png,True,350e47c1b69a7bcc0e484ad45f12a0d217e0c9f2f6dc7934d0cd64a3acf25d95,350e47c1b69a7bcc0e484ad45f12a0d217e0c9f2f6dc7934d0cd64a3acf25d95,True,18198,18198
c/kon/ang4.png,True,19a117bfe3f0738bbfc4d38fc0107553ade319562dd1f94f34b75484a2cf8ca9,19a117bfe3f0738bbfc4d38fc0107553ade319562dd1f94f34b75484a2cf8ca9,True,8117,8117
c/kon/cra.png,True,690238edb799225b60f9a8f69ffa1bf77077d910cced86a86e5105979b3adad4,690238edb799225b60f9a8f69ffa1bf77077d910cced86a86e5105979b3adad4,True,53549,53549
c/kon/kon.png,True,559cbb3295253a9dbc59a76f8633058cf35eee5d1a14aa41cb3b0f737f810d6f,559cbb3295253a9dbc59a76f8633058cf35eee5d1a14aa41cb3b0f737f810d6f,True,46894,46894
c/kon/kon1.png,True,9cab9b5679e2a9579cced9a9cd7514bcdff80fd463634d26ab0842c5149e207f,9cab9b5679e2a9579cced9a9cd7514bcdff80fd463634d26ab0842c5149e207f,True,26010,26010
c/kon/kon2.png,True,88711b519977e3227f1ec990679c10c5d3865b1ac47846b89ade06cc0863d0d1,88711b519977e3227f1ec990679c10c5d3865b1ac47846b89ade06cc0863d0d1,True,8650,8650
c/lee/a/lee.png,True,5643798b6ce1df27e65877dd2aa312f25726dccb60c69552e997f865c8883fcd,5643798b6ce1df27e65877dd2aa312f25726dccb60c69552e997f865c8883fcd,True,535,535
c/lee/a/lee2.png,True,2cb163237f775b728f507ce72d3ee1a05edd95bbb5f9df395d460abd99b7c22b,2cb163237f775b728f507ce72d3ee1a05edd95bbb5f9df395d460abd99b7c22b,True,1579,1579
c/lee/a/lee3.png,True,b3492251adb04cdf917e11f595429b0cd718f1062b29d3b7ef2e5eee845f9353,b3492251adb04cdf917e11f595429b0cd718f1062b29d3b7ef2e5eee845f9353,True,12991,12991
c/lee/a/lee4.png,True,ef146cb40a323d4b4a9dc92fc90e64d362433f9908238b3fcb603db0806a2f24,ef146cb40a323d4b4a9dc92fc90e64d362433f9908238b3fcb603db0806a2f24,True,681,681
c/lee/lee.png,True,e18c387959322f349e2d84a4fecff2fe21e695ae4a911b8225ddf1554264f6a9,e18c387959322f349e2d84a4fecff2fe21e695ae4a911b8225ddf1554264f6a9,True,73520,73520
c/lee/lee3.png,True,ad9aabeb9d2716c934d148eea1cce198744725afc809acdad9302e3ea53f8762,ad9aabeb9d2716c934d148eea1cce198744725afc809acdad9302e3ea53f8762,True,1206,1206
c/min/a/atk.png,True,de4eadde93b091ea6790b078710541fe4592edd957dd4fc0749664d26c81f1f0,de4eadde93b091ea6790b078710541fe4592edd957dd4fc0749664d26c81f1f0,True,54330,54330
c/min/a/fla.png,True,1c7dbe01041470c828bac632e5c72824e796a45068c9d878b31ce6057dd0f5e2,1c7dbe01041470c828bac632e5c72824e796a45068c9d878b31ce6057dd0f5e2,True,5437,5437
c/min/a/kcm.png,True,bb02f8c78407ac807c84d7f5c893f8ab6129df19a06987dc70f8c8876c71d794,bb02f8c78407ac807c84d7f5c893f8ab6129df19a06987dc70f8c8876c71d794,True,54011,54011
c/min/a/kun.png,True,d68351a42e73c974aa97af3fd5a471efbd2796bf4e5fbdd1cc1252469655394c,d68351a42e73c974aa97af3fd5a471efbd2796bf4e5fbdd1cc1252469655394c,True,3028,3028
c/min/kcm.png,True,e285e66c75a979ebab6e490b101e362834f53360c6e06849df48846ca92f7f49,e285e66c75a979ebab6e490b101e362834f53360c6e06849df48846ca92f7f49,True,92074,92074
c/min/min.png,True,c4e5fd2b8b2b1f5324c210e833bd9e859d3526c30a409b95adea95d62b29a38f,c4e5fd2b8b2b1f5324c210e833bd9e859d3526c30a409b95adea95d62b29a38f,True,63632,63632
c/min/min2.png,True,84e0295c4b14873f45d55dd771df7e622d07c5a252fc876685f7d075f764f9e0,84e0295c4b14873f45d55dd771df7e622d07c5a252fc876685f7d075f764f9e0,True,5654,5654
c/min/sag.png,True,d557adcab1fb38d098aa51a3707486316c98ac0f969b3e5ab4d6fdc120bfa7df,d557adcab1fb38d098aa51a3707486316c98ac0f969b3e5ab4d6fdc120bfa7df,True,52056,52056
c/min/sag2.png,True,6f48fc8d6ee52899ea50f10e7153356f29b489f820037d446d872167cb5e29bb,6f48fc8d6ee52899ea50f10e7153356f29b489f820037d446d872167cb5e29bb,True,5508,5508
c/miz/a/gen.png,True,78a384345a5ada2bed3718a092025215d3660171df9f78b548765a66a8601e9e,78a384345a5ada2bed3718a092025215d3660171df9f78b548765a66a8601e9e,True,165157,165157
c/miz/a/gen2.png,True,794c1bbab449eabff8f637fc607cc3c6858ecfa409660112a8a7b2061948cb5a,794c1bbab449eabff8f637fc607cc3c6858ecfa409660112a8a7b2061948cb5a,True,182499,182499
c/miz/a/gen3.png,True,5eececcafd42f45c5152a3545134d24e13174fa79fb08030f195929c619b5c20,5eececcafd42f45c5152a3545134d24e13174fa79fb08030f195929c619b5c20,True,114725,114725
c/miz/a/gen4.png,True,98b52aa3f5ec5e5fb37021e82bc6c1644e7c5cd7ebbd8aa35bf7cf6108b48f29,98b52aa3f5ec5e5fb37021e82bc6c1644e7c5cd7ebbd8aa35bf7cf6108b48f29,True,98425,98425
c/miz/a/pup.png,True,a20219320d5b43cfe41fd4ea0836314ccd9fc4fac213a1389ced9797cf10d518,a20219320d5b43cfe41fd4ea0836314ccd9fc4fac213a1389ced9797cf10d518,True,2071,2071
c/miz/a/shur.png,True,fc6fab331d47cb491c2b845cc824cd5ec8d47646db1eb9934827b70a7bd6fc2e,fc6fab331d47cb491c2b845cc824cd5ec8d47646db1eb9934827b70a7bd6fc2e,True,2741,2741
c/miz/cs2.png,True,28d18d00aae5295a73811432c36aa07ba1ccebeadef8ea23a93fe7438bcdb5a9,28d18d00aae5295a73811432c36aa07ba1ccebeadef8ea23a93fe7438bcdb5a9,True,52427,52427
c/miz/miz.png,True,1a6fc845a897bc1e1e63a697c05068f2ac0c1e2ab8a8887111edc35fae27296c,1a6fc845a897bc1e1e63a697c05068f2ac0c1e2ab8a8887111edc35fae27296c,True,57835,57835
c/nar/4tk.png,True,68edffc3bd492f94a34a3ddb09189dd974b9fa1e5f50f790e0a0e9f618b2f090,68edffc3bd492f94a34a3ddb09189dd974b9fa1e5f50f790e0a0e9f618b2f090,True,64958,64958
c/nar/a/4tk.png,True,48c6d256bbc5da0c024b18b4afd847c50e8c27bfa91751860cbfa94f6dd82df7,48c6d256bbc5da0c024b18b4afd847c50e8c27bfa91751860cbfa94f6dd82df7,True,15074,15074
c/nar/a/4tk2.png,True,3b2a0d5b01e5eca5b9996572cc1a20950bf49030dfa8824fd46a0d63c18b66ff,3b2a0d5b01e5eca5b9996572cc1a20950bf49030dfa8824fd46a0d63c18b66ff,True,1122,1122
c/nar/a/4tk3.png,True,12da33484d49f20c5dc456bc1d9a955896315ad3d72298e7fc9c18c989f270f6,12da33484d49f20c5dc456bc1d9a955896315ad3d72298e7fc9c18c989f270f6,True,5071,5071
c/nar/a/4tk4.png,True,8d1866f46b7331b937557d17a47d845ce57a00679929715f3b84a2cc912bfb80,8d1866f46b7331b937557d17a47d845ce57a00679929715f3b84a2cc912bfb80,True,25889,25889
c/nar/a/atk.png,True,360348fb787b00d78fe15a51683cf6d18f83398d46c0093b9e6c17e8e589d7ad,360348fb787b00d78fe15a51683cf6d18f83398d46c0093b9e6c17e8e589d7ad,True,8668,8668
c/nar/a/atk2.png,True,09d718f5093715b0d12fdc2d917af46641eb14912e17464c473fba9a327aeb28,09d718f5093715b0d12fdc2d917af46641eb14912e17464c473fba9a327aeb28,True,29057,29057
c/nar/a/atk3.png,True,7e370ef0f4cdd66dfd65101acba1b7608c572133d9d98666286a7d4898dec488,7e370ef0f4cdd66dfd65101acba1b7608c572133d9d98666286a7d4898dec488,True,127429,127429
c/nar/a/cha.png,True,9b559e88481dbe678bcb68f0a568225d5c6d11355e57b61c877d1e17e9863ef2,9b559e88481dbe678bcb68f0a568225d5c6d11355e57b61c877d1e17e9863ef2,True,2480,2480
c/nar/a/gan.png,True,90a8cfe578023d756bb7cd0609bbb3ce1de5e2540bc3156b02887928bb382994,90a8cfe578023d756bb7cd0609bbb3ce1de5e2540bc3156b02887928bb382994,True,63128,63128
c/nar/a/gan2.png,True,6648d51a767474bd68e048f79621c60e45a852dc83b59056d9fbd6ecb5d50ae5,6648d51a767474bd68e048f79621c60e45a852dc83b59056d9fbd6ecb5d50ae5,True,102181,102181
c/nar/a/kyu.png,True,62a678eb8b07358eb21b214ac7757e297ca883f1e444e87a5da591e3b8803642,62a678eb8b07358eb21b214ac7757e297ca883f1e444e87a5da591e3b8803642,True,9832,9832
c/nar/a/kyuu.png,True,8d1e66b67c1bc1e817eda9f64c2118b191f052cc7cabee2cddfd64ccc934265b,8d1e66b67c1bc1e817eda9f64c2118b191f052cc7cabee2cddfd64ccc934265b,True,4717,4717
c/nar/a/ras.png,True,21a69b52a561ca4773ffc8fdbfe0e5b23e43b6b0f966eaf76e13888c8e23fd1a,21a69b52a561ca4773ffc8fdbfe0e5b23e43b6b0f966eaf76e13888c8e23fd1a,True,2549,2549
c/nar/fro.png,True,a9d67259cbafd3cccbaa55c94179344c2612c77c009a9d7c8fbc6e1543681b3f,a9d67259cbafd3cccbaa55c94179344c2612c77c009a9d7c8fbc6e1543681b3f,True,9995,9995
c/nar/kyu.png,True,f7a829966a9b003bc53d7817409e4525d1c32ba8f0080633099d811a5351a580,f7a829966a9b003bc53d7817409e4525d1c32ba8f0080633099d811a5351a580,True,56913,56913
c/nar/kyuu.png,True,b5320d3bf91c1177ea8f01533eb9f5552ee7806ff92e7c22c374eb0524c55bb9,b5320d3bf91c1177ea8f01533eb9f5552ee7806ff92e7c22c374eb0524c55bb9,True,7324,7324
c/nar/nar.png,True,391e7a17a04a4db5e103656571aa5ea2ce9dadb91e377f1fa917df9920b57fb5,391e7a17a04a4db5e103656571aa5ea2ce9dadb91e377f1fa917df9920b57fb5,True,102800,102800
c/nar/ncl.png,True,f8673833ccc0fc18695ebd956911704c8981b65179e3eee343aa31f9597135b0,f8673833ccc0fc18695ebd956911704c8981b65179e3eee343aa31f9597135b0,True,76604,76604
c/nar/ncl2.png,True,c6ec5395a995bf0b351bc3bc034c14d61c2c238e3720d7a49b143dc3fcd763f9,c6ec5395a995bf0b351bc3bc034c14d61c2c238e3720d7a49b143dc3fcd763f9,True,15296,15296
c/nar/sna.png,True,c9cc1f18d3b5e2cc3e5ac075589c95d253d4c12b7a4d04dff50b2a38e94846d2,c9cc1f18d3b5e2cc3e5ac075589c95d253d4c12b7a4d04dff50b2a38e94846d2,True,75338,75338
c/nej/a/128.png,True,b9d615970e8cfba5cd65b98a2ad4ab7a21f44a7c355a0aec7cdf571854f0683e,b9d615970e8cfba5cd65b98a2ad4ab7a21f44a7c355a0aec7cdf571854f0683e,True,40901,40901
c/nej/a/64.png,True,3b81823b483d5b501b0b3e3fb805c8c8e90434cb696053cd0b3445fa7e5285b9,3b81823b483d5b501b0b3e3fb805c8c8e90434cb696053cd0b3445fa7e5285b9,True,14667,14667
c/nej/a/are.png,True,9ae741ccaf72cdd2a3b3c9d4b96e714ef006e463f17906e2ea543bd8c5cdce00,9ae741ccaf72cdd2a3b3c9d4b96e714ef006e463f17906e2ea543bd8c5cdce00,True,5389,5389
c/nej/a/are1.png,True,4d1903e2c75283f8621a0d7af2af452557570f37f91721cbe1a0d05fc16ca9ad,4d1903e2c75283f8621a0d7af2af452557570f37f91721cbe1a0d05fc16ca9ad,True,2048,2048
c/nej/a/are2.png,True,c11d9e931da1677f30f3a0675c7fb9cf3a54bb89135258581a2a776c76ca7021,c11d9e931da1677f30f3a0675c7fb9cf3a54bb89135258581a2a776c76ca7021,True,7896,7896
c/nej/a/are3.png,True,72bd7be9f34044ae54da65842228be5218b0107828de33e163478b8f5285c740,72bd7be9f34044ae54da65842228be5218b0107828de33e163478b8f5285c740,True,38024,38024
c/nej/a/area.png,True,7fe58be32e15f6889c4757ae843385e438c11df2d8436912829286f3d34d6511,7fe58be32e15f6889c4757ae843385e438c11df2d8436912829286f3d34d6511,True,5536,5536
c/nej/nej.png,True,e0ec76da239758b32f9e58d15a64fc354950c4e7a04aaa8bd198ef13e38a364d,e0ec76da239758b32f9e58d15a64fc354950c4e7a04aaa8bd198ef13e38a364d,True,74490,74490
c/oro/12.png,True,c5900e2b5ddb3331ff8be463d68b9ac75676d2555a63014c3e2fb42cd39ce8d7,c5900e2b5ddb3331ff8be463d68b9ac75676d2555a63014c3e2fb42cd39ce8d7,True,3089,3089
c/oro/a/atk.png,True,743fc62b6e52bf15f303944d0e349c923df256ed10ebfb6c63333d85dac40528,743fc62b6e52bf15f303944d0e349c923df256ed10ebfb6c63333d85dac40528,True,564,564
c/oro/a/atk2.png,True,bfb47c40bceda4c0006698de3073bb016ca29f9cfdd2d459230d7692b17e69ad,bfb47c40bceda4c0006698de3073bb016ca29f9cfdd2d459230d7692b17e69ad,True,5448,5448
c/oro/a/edo.png,True,0a3788211a3365726940216987cb3caf472f4cb11174a1c10e7e6ecb46d82957,0a3788211a3365726940216987cb3caf472f4cb11174a1c10e7e6ecb46d82957,True,10182,10182
c/oro/a/gat.png,True,f2d0ef2d6287fd7ea6d8058ac4c4c34859233803a928b8782818eec124be71b3,f2d0ef2d6287fd7ea6d8058ac4c4c34859233803a928b8782818eec124be71b3,True,13234,13234
c/oro/a/man.png,True,d7987783468e0e327d50b787c2f4664378ee8e9a6233b6cb1e5c731c6b4aae1e,d7987783468e0e327d50b787c2f4664378ee8e9a6233b6cb1e5c731c6b4aae1e,True,16122,16122
c/oro/a/oro.png,True,22df1842b777b230bcf57909cf6728e15ff866fb2ae0794cbb2b96ee4917e11e,22df1842b777b230bcf57909cf6728e15ff866fb2ae0794cbb2b96ee4917e11e,True,7904,7904
c/oro/oro.png,True,c5c30156b5ccb53c9cf42f899232e8f647f77f5656951e237b440bc92b56c75b,c5c30156b5ccb53c9cf42f899232e8f647f77f5656951e237b440bc92b56c75b,True,66987,66987
c/oro/oro3.png,True,5adaf21f909d54c8e3e422b994b1bd32ec528effaf97417cfde26f6cd9de51a6,5adaf21f909d54c8e3e422b994b1bd32ec528effaf97417cfde26f6cd9de51a6,True,10726,10726
c/oro/oro4.png,True,64efc6c11d6e9acf0601f6344cc8d31b4f6dded425d96af52d3b9d5bb4b7a270,64efc6c11d6e9acf0601f6344cc8d31b4f6dded425d96af52d3b9d5bb4b7a270,True,29140,29140
c/pai/a/abs.png,True,b5831a8d70f6996384e1fbf4f14febf189997c18d748215db6852d5bde3e7215,b5831a8d70f6996384e1fbf4f14febf189997c18d748215db6852d5bde3e7215,True,4883,4883
c/pai/a/cha.png,True,3e33f692d8ac7c82915c63bfa697913f7360b359c3c079786fbbc13d84f2f94a,3e33f692d8ac7c82915c63bfa697913f7360b359c3c079786fbbc13d84f2f94a,True,25040,25040
c/pai/a/chi1.png,True,4a191f92d64b3a13d64b9c2c7aaebf3c38021173999830cf35aba8a22e9163a2,4a191f92d64b3a13d64b9c2c7aaebf3c38021173999830cf35aba8a22e9163a2,True,13547,13547
c/pai/a/chi2.png,True,aba5ca175cdb300533f86db85a57cf515ad573bfffadf863d0e2a09ea515e585,aba5ca175cdb300533f86db85a57cf515ad573bfffadf863d0e2a09ea515e585,True,169470,169470
c/pai/a/chi3.png,True,f6db994432b8f6b2dade554bb059af3655df93aede8a0277ac2d8279b976e78a,f6db994432b8f6b2dade554bb059af3655df93aede8a0277ac2d8279b976e78a,True,694305,694305
c/pai/a/chi4.png,True,3c259a19c0b63ac58f3a3b3248da6c5c9214b1797f25b6bf4e9751c979c2d32c,3c259a19c0b63ac58f3a3b3248da6c5c9214b1797f25b6bf4e9751c979c2d32c,True,121089,121089
c/pai/a/combo.png,True,e87b72409b51d22054c5539cd974f8d3ade836893aa599b21a363a0098f1910b,e87b72409b51d22054c5539cd974f8d3ade836893aa599b21a363a0098f1910b,True,22057,22057
c/pai/a/cra.png,True,7aa605c6ce5157a85341596a5af11f5057540bb1541f2fa74c53e9f8877f2018,7aa605c6ce5157a85341596a5af11f5057540bb1541f2fa74c53e9f8877f2018,True,12728,12728
c/pai/a/ox.png,True,31ae4ffeb11fa7dfad02c7a7b62a75fae1d10f453cf03376c2f7e51db1e4c1aa,31ae4ffeb11fa7dfad02c7a7b62a75fae1d10f453cf03376c2f7e51db1e4c1aa,True,5018,5018
c/pai/a/pan.png,True,0727bf09a04ade1b9acd37e4b60e15da13830bc0b6d200b0f3731bb67eebce1f,0727bf09a04ade1b9acd37e4b60e15da13830bc0b6d200b0f3731bb67eebce1f,True,2079,2079
c/pai/a/rhi.png,True,1c67f7cdf6c65d687f9498122d7c86c7acad8a4c343226e584e73cd19cb3961e,1c67f7cdf6c65d687f9498122d7c86c7acad8a4c343226e584e73cd19cb3961e,True,8246,8246
c/pai/a/rin.png,True,d872762ac08c3887ee4a5553d09c2be5c30df07481d260b422c3ecb4f78a4ce0,d872762ac08c3887ee4a5553d09c2be5c30df07481d260b422c3ecb4f78a4ce0,True,8920,8920
c/pai/a/shi1.png,True,a4de3fcd4c5f5b05e45b88c4c3b1dfbf6ad4a85afbd9ef30a9634ce16ace46e9,a4de3fcd4c5f5b05e45b88c4c3b1dfbf6ad4a85afbd9ef30a9634ce16ace46e9,True,76300,76300
c/pai/a/shi2.png,True,99bda1dc3c4c8714c0327599e9c5acbb7e5b39e9a054b007bc436d6f56fd19d4,99bda1dc3c4c8714c0327599e9c5acbb7e5b39e9a054b007bc436d6f56fd19d4,True,28638,28638
c/pai/a/shi3.png,True,5dc83a9825ae6091a5bc9a0e4d37909efd7e01aaa8c7a6a86546a6bee375524d,5dc83a9825ae6091a5bc9a0e4d37909efd7e01aaa8c7a6a86546a6bee375524d,True,171410,171410
c/pai/a/squ.png,True,19c7601a9032be05a4afc2ff74b2b8a1e56ff20071ab86b189df10e1c74f0a4b,19c7601a9032be05a4afc2ff74b2b8a1e56ff20071ab86b189df10e1c74f0a4b,True,30081,30081
c/pai/a/sum.png,True,eacb4b27e77af71e0731383c2260696a22d0c80e0c2265a06e0e6a02494da5fc,eacb4b27e77af71e0731383c2260696a22d0c80e0c2265a06e0e6a02494da5fc,True,29045,29045
c/pai/a/sum2.png,True,84ba527b326002146983816841e8bc0d5b1a3ffecea0cab7045184201e84a0b3,84ba527b326002146983816841e8bc0d5b1a3ffecea0cab7045184201e84a0b3,True,63333,63333
c/pai/a/wat.png,True,14348f5915a9d644e68c5a0cbf911acdeaad7fd57cd60eb54dec5ddc340404b5,14348f5915a9d644e68c5a0cbf911acdeaad7fd57cd60eb54dec5ddc340404b5,True,29100,29100
c/pai/pai.png,True,12a2d76225ef36648ec869d863d83fe30e1d364b0535de8d9c4f521092761ba9,12a2d76225ef36648ec869d863d83fe30e1d364b0535de8d9c4f521092761ba9,True,31198,31198
c/pai/paid.png,True,887aebc13bf603121424c35bffe99bd1bf8c9aa415f2b2ad6cbbd7ce798dd601,887aebc13bf603121424c35bffe99bd1bf8c9aa415f2b2ad6cbbd7ce798dd601,True,39335,39335
c/rai/a/rai1.png,True,39ec76d894e835c34131fa65b7a9c17c261140c95070e838025c6380e529fd22,39ec76d894e835c34131fa65b7a9c17c261140c95070e838025c6380e529fd22,True,40732,40732
c/rai/a/rai2.png,True,f92722ec14d4ddf11a5215a039bf103619b469571443e4245f5fc06a28cde9a0,f92722ec14d4ddf11a5215a039bf103619b469571443e4245f5fc06a28cde9a0,True,30204,30204
c/rai/a/rai3.png,True,55a2cfd0657f676c5ff153b723530078804ffd79e12bed4e2355f5be5d7e8611,55a2cfd0657f676c5ff153b723530078804ffd79e12bed4e2355f5be5d7e8611,True,3488,3488
c/rai/a/rai4.png,True,b8606dee80d818e5b9b916be2383eb1ebd9a8dc1fa0edab487dbb103a97a70d9,b8606dee80d818e5b9b916be2383eb1ebd9a8dc1fa0edab487dbb103a97a70d9,True,63756,63756
c/rai/a/rai5.png,True,85036658a652bdac33614ba1f2913ece889c806484e0a620ca7b8855d5f4bf9e,85036658a652bdac33614ba1f2913ece889c806484e0a620ca7b8855d5f4bf9e,True,8417,8417
c/rai/a/rai6.png,True,4a7964507a5bb5f9cf6912ea8a3dcb78509d96287f6b41afa45ef1e6c0773a09,4a7964507a5bb5f9cf6912ea8a3dcb78509d96287f6b41afa45ef1e6c0773a09,True,58340,58340
c/rai/a/rai7.png,True,ec89931444f4b18caa8f20d8b04c8733c1dce27a2197216038c14837455b81e7,ec89931444f4b18caa8f20d8b04c8733c1dce27a2197216038c14837455b81e7,True,16891,16891
c/rai/a/rai8.png,True,8670e6ae72e8e78b833e0aec0d293c06454a69d94fd0b135c809473b2a6be75d,8670e6ae72e8e78b833e0aec0d293c06454a69d94fd0b135c809473b2a6be75d,True,62732,62732
c/rai/rai.png,True,503a433a8e47555d9409000857b907a3711d27d3e6312b4086b9cf7de7948562,503a433a8e47555d9409000857b907a3711d27d3e6312b4086b9cf7de7948562,True,109399,109399
c/rai/rai_1.png,True,2ceae880cba6a4aa15ce729988542efbb46e24243846114124f8177eb8d23472,2ceae880cba6a4aa15ce729988542efbb46e24243846114124f8177eb8d23472,True,12013,12013
c/rai/rai_2.png,True,d04fd43d9f9a8b6843f5e6c066fa61ed55e1bf95f8f9f37bbec65f8c06f92a5b,d04fd43d9f9a8b6843f5e6c066fa61ed55e1bf95f8f9f37bbec65f8c06f92a5b,True,147269,147269
c/rai/rait.png,True,7fc4f7aaba85a58305e6a178d0c74301fcf7b36fe55cac537e5fba35bfbf40a5,7fc4f7aaba85a58305e6a178d0c74301fcf7b36fe55cac537e5fba35bfbf40a5,True,126763,126763
c/rai/rait1.png,True,2728d23adb415c3dbb7f188837dd613f556cca981dcb71874bd201bef4abb264,2728d23adb415c3dbb7f188837dd613f556cca981dcb71874bd201bef4abb264,True,11806,11806
c/sai/a/dra.png,True,fd30032055675d6a10c2ad91c972074ff8617c21666cd5d97cfc1eebf82c914e,fd30032055675d6a10c2ad91c972074ff8617c21666cd5d97cfc1eebf82c914e,True,5776,5776
c/sai/a/god.png,True,cd177d4c2413fb5b086f9b33ffce2d3e97d79258a1c90cd0b96923a85e6e0567,cd177d4c2413fb5b086f9b33ffce2d3e97d79258a1c90cd0b96923a85e6e0567,True,10947,10947
c/sai/a/gods.png,True,937e031f59aaf097c34437943601d036d40b263d5e342535131496432944e8b5,937e031f59aaf097c34437943601d036d40b263d5e342535131496432944e8b5,True,64117,64117
c/sai/a/ink.png,True,71ac2fcc5db8135100ad7507dccabfa404e4b8836616088e4d542231b9564f14,71ac2fcc5db8135100ad7507dccabfa404e4b8836616088e4d542231b9564f14,True,11727,11727
c/sai/a/ink2.png,True,f006858f77f3c714a67c35d72442cdbebd058bff21aaf84b757f10913c234b7f,f006858f77f3c714a67c35d72442cdbebd058bff21aaf84b757f10913c234b7f,True,5585,5585
c/sai/sai.png,True,dec54277f6736509783fa5920bcfc0da5748a16cfd20ae319456cc5c0d08da1c,dec54277f6736509783fa5920bcfc0da5748a16cfd20ae319456cc5c0d08da1c,True,40386,40386
c/sai/sai2.png,True,6880b95fd2029c2fee396f2e1a7053f7f04ca7179478f4a812beddcdbe329d46,6880b95fd2029c2fee396f2e1a7053f7f04ca7179478f4a812beddcdbe329d46,True,15568,15568
c/sako/a/gat.png,True,131339733e54c9e03d7a92773fc62d5e2801f7ee16edf18b076f58e61bbfe6ba,131339733e54c9e03d7a92773fc62d5e2801f7ee16edf18b076f58e61bbfe6ba,True,13846,13846
c/sako/sako.png,True,6031526709af41b544bf90dd1bd399e585fd39bb6a85d5ef9823fae190f8cdcc,6031526709af41b544bf90dd1bd399e585fd39bb6a85d5ef9823fae190f8cdcc,True,75918,75918
c/sako/sako1.png,True,bf1882ffa1c23f5ca3fc96166e7e395b8d4492258e81875eba4ed8e2c35c7175,bf1882ffa1c23f5ca3fc96166e7e395b8d4492258e81875eba4ed8e2c35c7175,True,60325,60325
c/sako/uko.png,True,e86de6dc1972f81b2ac2ed636142bf2d53b2fe04a170d4664220f2c29c3f046a,e86de6dc1972f81b2ac2ed636142bf2d53b2fe04a170d4664220f2c29c3f046a,True,46499,46499
c/sako/uko1.png,True,ea2313ac34879103d5b3ee6ad7a9ebf19bf8bc19ddc8475ab6178035aa16e76b,ea2313ac34879103d5b3ee6ad7a9ebf19bf8bc19ddc8475ab6178035aa16e76b,True,38936,38936
c/saku/a/sna2.png,True,0502f7c88e825c8f0084adbf016d9d19a1c5897aa40861aaafaff274ae151c68,0502f7c88e825c8f0084adbf016d9d19a1c5897aa40861aaafaff274ae151c68,True,18014,18014
c/saku/a/sna3.png,True,c0ac8c2631977cfb346b224d529fb3d9508e079fd58d504833a0c4d2a1a874ac,c0ac8c2631977cfb346b224d529fb3d9508e079fd58d504833a0c4d2a1a874ac,True,2057,2057
c/saku/rage.png,True,ddab6de29c8045e1e2ba3ce441c4f7ae8b9c171746a9ae645df4992a5519ce25,ddab6de29c8045e1e2ba3ce441c4f7ae8b9c171746a9ae645df4992a5519ce25,True,9789,9789
c/saku/rage2.png,True,73d39c86c766d15b6f310c140c835556c2821052edbddd54e77ad6c08fdd2a51,73d39c86c766d15b6f310c140c835556c2821052edbddd54e77ad6c08fdd2a51,True,9766,9766
c/saku/rage3.png,True,6fb14050c30fb84d1d355bbc12c04eff16344f6b893bff9fa8faba21d727bee9,6fb14050c30fb84d1d355bbc12c04eff16344f6b893bff9fa8faba21d727bee9,True,9698,9698
c/saku/saku.png,True,607c6cb4f23111a1c74aabcb195144187cbf57805f2e45e415df6c42902451a6,607c6cb4f23111a1c74aabcb195144187cbf57805f2e45e415df6c42902451a6,True,69226,69226
c/saku/saku2.png,True,67553a3c9608d55978ee89c8b4710bf5af5198361501d2fab571b70710732563,67553a3c9608d55978ee89c8b4710bf5af5198361501d2fab571b70710732563,True,69057,69057
c/saku/saku3.png,True,d5ad2dd660a62eab092af5c1582a6cd16cf8fe1f8aeac3129f9a2b1d54dce64d,d5ad2dd660a62eab092af5c1582a6cd16cf8fe1f8aeac3129f9a2b1d54dce64d,True,62509,62509
c/saso/a/iro.png,True,abc578099f483040df02e314032334124aa58234e1274a82b1ee634164667db5,abc578099f483040df02e314032334124aa58234e1274a82b1ee634164667db5,True,18022,18022
c/saso/a/iro2.png,True,943d8b07ef0bd47afc7aa1653ea6b7a2e96f7accade26918fb830877232e650e,943d8b07ef0bd47afc7aa1653ea6b7a2e96f7accade26918fb830877232e650e,True,1823,1823
c/saso/a/iro4.png,True,fede9e38ce7dc7ce2891e0a68c3b5a5875c5c91581eff1ee74806ccc3849e6e9,fede9e38ce7dc7ce2891e0a68c3b5a5875c5c91581eff1ee74806ccc3849e6e9,True,5962,5962
c/saso/a/pup.png,True,6bff78a5ccc78fccb008d7cbabc435113eb1164e092ad859807bcb58e95d56ba,6bff78a5ccc78fccb008d7cbabc435113eb1164e092ad859807bcb58e95d56ba,True,31662,31662
c/saso/a/pup1.png,True,9ec429efb28da1bd5b37b86aa63a964218bb5d48e5b995fe93ea2e4b7c268048,9ec429efb28da1bd5b37b86aa63a964218bb5d48e5b995fe93ea2e4b7c268048,True,22363,22363
c/saso/a/pup2.png,True,c43c2d977dadc753982b56e3f38e0f73fbcad8957efbe244b3c521acd1e089b9,c43c2d977dadc753982b56e3f38e0f73fbcad8957efbe244b3c521acd1e089b9,True,14494,14494
c/saso/a/pup3.png,True,d19a6876fae4d8547394df295085190717a6433ebf0b87de9ca76ab069ce84bb,d19a6876fae4d8547394df295085190717a6433ebf0b87de9ca76ab069ce84bb,True,3432,3432
c/saso/hsa.png,True,db089b5837f1cf12048c46726a74567d03436dd6e8a7dcf977b7534cf55e56e2,db089b5837f1cf12048c46726a74567d03436dd6e8a7dcf977b7534cf55e56e2,True,29264,29264
c/saso/hsa2.png,True,569a410069161fcedf89f152d5c3f84464b5c6132c353729bf2447f3bb657966,569a410069161fcedf89f152d5c3f84464b5c6132c353729bf2447f3bb657966,True,8885,8885
c/saso/hsa3.png,True,4e85066c794a1efa15ed7b33d5b534c93f63af17840d2c7a1a72404cd82fabfc,4e85066c794a1efa15ed7b33d5b534c93f63af17840d2c7a1a72404cd82fabfc,True,10579,10579
c/saso/ncs.png,True,dd5a9fc385f30a87502b7973c40aaee2a436ccf10ac38f459b98e9a2ae797df9,dd5a9fc385f30a87502b7973c40aaee2a436ccf10ac38f459b98e9a2ae797df9,True,39232,39232
c/saso/pup.png,True,9ec429efb28da1bd5b37b86aa63a964218bb5d48e5b995fe93ea2e4b7c268048,9ec429efb28da1bd5b37b86aa63a964218bb5d48e5b995fe93ea2e4b7c268048,True,22363,22363
c/saso/pup2.png,True,3e4e45b9a0e15fb1c2f978833fb428d360872513ea3f83e38a7edb757cc39788,3e4e45b9a0e15fb1c2f978833fb428d360872513ea3f83e38a7edb757cc39788,True,15447,15447
c/saso/saso.png,True,4bc5e2d4d23d4205a0d781cdd96be228be567ad4033ee4612edba3913f774690,4bc5e2d4d23d4205a0d781cdd96be228be567ad4033ee4612edba3913f774690,True,60696,60696
c/sasu/a/chi.png,True,ed17c9caf9d108668bafcaf1ca3afab888b1e3f8613edc3be00a224c8c8d2d62,ed17c9caf9d108668bafcaf1ca3afab888b1e3f8613edc3be00a224c8c8d2d62,True,8372,8372
c/sasu/a/chi2.png,True,15f656c3c61fba3f09a2781784b5a7429674fe5625d028c61785a16ff14d7514,15f656c3c61fba3f09a2781784b5a7429674fe5625d028c61785a16ff14d7514,True,22388,22388
c/sasu/a/chi3.png,True,cbddf6f08fa1a0206eb3f4000a618c58db90a230f2840a228b8bf615737562de,cbddf6f08fa1a0206eb3f4000a618c58db90a230f2840a228b8bf615737562de,True,29202,29202
c/sasu/a/chi4.png,True,80738ff8c1cf6a1bc2611d0d00c80e94c9d720e71b1531e951f651d9a15b63f2,80738ff8c1cf6a1bc2611d0d00c80e94c9d720e71b1531e951f651d9a15b63f2,True,2707,2707
c/sasu/a/gen.png,True,fe3ff4ecf63046eb41ed76613aa6ff0bda91f3f85cde7794b6ce353b844e6c43,fe3ff4ecf63046eb41ed76613aa6ff0bda91f3f85cde7794b6ce353b844e6c43,True,25431,25431
c/sasu/a/kat.png,True,a1dd88e4aa0ab49fcc2617e61c8014120a91070fdb6db15a126da46e926d8f90,a1dd88e4aa0ab49fcc2617e61c8014120a91070fdb6db15a126da46e926d8f90,True,107269,107269
c/sasu/a/kir.png,True,35fa26ffa0ce72ccf6b769c6334548082b20ab82cddc77aba1b7ed86e7767e2b,35fa26ffa0ce72ccf6b769c6334548082b20ab82cddc77aba1b7ed86e7767e2b,True,62654,62654
c/sasu/a/kirin.png,True,2f8e57350550d07a8d7a31de9a792b6b6dae7c3cac2f5b7d869462e5c3a84157,2f8e57350550d07a8d7a31de9a792b6b6dae7c3cac2f5b7d869462e5c3a84157,True,1010549,1010549
c/sasu/a/mss.png,True,06160a6542b9249076772b7a38c3b723606f1d6566736d35883e90c6828fe28b,06160a6542b9249076772b7a38c3b723606f1d6566736d35883e90c6828fe28b,True,3517,3517
c/sasu/a/qui.png,True,c4fe9bfa461be099379a03d1038e752afc28317b2615f61f7dec790195d6cdb9,c4fe9bfa461be099379a03d1038e752afc28317b2615f61f7dec790195d6cdb9,True,929,929
c/sasu/a/rai.png,True,31e3dccf10ea4ee76b9d71a8997895f217c658e4805fc9c5cf9770e6458c1ee5,31e3dccf10ea4ee76b9d71a8997895f217c658e4805fc9c5cf9770e6458c1ee5,True,11948,11948
c/sasu/a/sna.png,True,45617e7023ac0dc9dc8d526914910a7f8f3d7bff2c96fec9d69edba85731ee68,45617e7023ac0dc9dc8d526914910a7f8f3d7bff2c96fec9d69edba85731ee68,True,12681,12681
c/sasu/a/swo.png,True,5222f583af9da503de6e55dc590edcb129455ccd6c61c40b68c0f82ddef3592a,5222f583af9da503de6e55dc590edcb129455ccd6c61c40b68c0f82ddef3592a,True,1717,1717
c/sasu/cs2.png,True,429acffb967fcd74c6acaed7fb9da48fdb2a44049dc31672656b184b7f41308a,429acffb967fcd74c6acaed7fb9da48fdb2a44049dc31672656b184b7f41308a,True,58700,58700
c/sasu/cs22.png,True,5cb2f9c6c9dc889c3bcc913ca9cd6843ac7015b68c846437c06563c0cfb36ea7,5cb2f9c6c9dc889c3bcc913ca9cd6843ac7015b68c846437c06563c0cfb36ea7,True,11958,11958
c/sasu/mss.png,True,7d481f7e783611250261ecead593c4a7dfb7c9e85e6899e3b2f9f16abbc444ec,7d481f7e783611250261ecead593c4a7dfb7c9e85e6899e3b2f9f16abbc444ec,True,68466,68466
c/sasu/mss3.png,True,cc69477d4cdab1a692025ee4d798d07af84f88e1bbb23a813d4fc3ad6a6882d9,cc69477d4cdab1a692025ee4d798d07af84f88e1bbb23a813d4fc3ad6a6882d9,True,13875,13875
c/sasu/sasu.png,True,2aeb4ff667a9ee63e60ee0e866e4700c780974746d47e231caef1eafcad7c694,2aeb4ff667a9ee63e60ee0e866e4700c780974746d47e231caef1eafcad7c694,True,66455,66455
c/sasu/sasu2.png,True,fd30057e8513da94284c7fb6eef0640f6d59bb908f851c1b7b13657e947f3320,fd30057e8513da94284c7fb6eef0640f6d59bb908f851c1b7b13657e947f3320,True,4525,4525
c/sasu/sasu3.png,True,1fda7f9b71dfa5e888ad63102de847e2e387bff86a467d1cccb2d3bcbb5d15dd,1fda7f9b71dfa5e888ad63102de847e2e387bff86a467d1cccb2d3bcbb5d15dd,True,13778,13778
c/sasu/sus.png,True,f668c248f5c620498ea2a2982727dfb1666e27cec533ddb05ae321c139605149,f668c248f5c620498ea2a2982727dfb1666e27cec533ddb05ae321c139605149,True,108247,108247
c/shik/a/sha.png,True,d3240ce90bc6aa33b967c6b9443cef99f68804a28a21307c542718f9d94eb10f,d3240ce90bc6aa33b967c6b9443cef99f68804a28a21307c542718f9d94eb10f,True,240,240
c/shik/a/sha1.png,True,878f3cdb087a0c2448149e243826cd9dc4ffa019b9f7701420ad772029813ea4,878f3cdb087a0c2448149e243826cd9dc4ffa019b9f7701420ad772029813ea4,True,13697,13697
c/shik/a/sha2.png,True,a564eed9b9b7c2b433b6c97cd45c6836bb0c164d6bec363456b8f9a598f250ec,a564eed9b9b7c2b433b6c97cd45c6836bb0c164d6bec363456b8f9a598f250ec,True,2917,2917
c/shik/shik.png,True,d7642561ab90a3c4bb592ad52d998aef47313ac98cabda0511ef2efacc6c1089,d7642561ab90a3c4bb592ad52d998aef47313ac98cabda0511ef2efacc6c1089,True,31682,31682
c/shik/shik2.png,True,8e634b7e40b61f231608803c1ffda4cbaf691a3229c2f3cc93e741d2091fc4e0,8e634b7e40b61f231608803c1ffda4cbaf691a3229c2f3cc93e741d2091fc4e0,True,8017,8017
c/shino/a/bug.png,True,245b417e55c77622253597df7905a05cad9767e1c561090e7307b934e07bc95f,245b417e55c77622253597df7905a05cad9767e1c561090e7307b934e07bc95f,True,2765,2765
c/shino/a/bug2.png,True,ae9f1d1b85b67343f9a283df8349c5b4e834f3a49be963665d588ce611ecd6d8,ae9f1d1b85b67343f9a283df8349c5b4e834f3a49be963665d588ce611ecd6d8,True,6957,6957
c/shino/shino.png,True,46c6f3db6693d01343204fa00da99e34c24cb7d2bce46f499c878935cabc229e,46c6f3db6693d01343204fa00da99e34c24cb7d2bce46f499c878935cabc229e,True,45301,45301
c/shis/a/gen1.png,True,6bef709dd319ae8a28b8ede550608725ee4bfe1df13413b173ba36eef8804a5f,6bef709dd319ae8a28b8ede550608725ee4bfe1df13413b173ba36eef8804a5f,True,31568,31568
c/shis/a/gen2.png,True,a0961089458613c70263c971ef8aff7a160d140742b1ebbf0c855df08e739ea0,a0961089458613c70263c971ef8aff7a160d140742b1ebbf0c855df08e739ea0,True,279058,279058
c/shis/a/gen3.png,True,057e6a213dcdadb446c1fefe2c53d246784378573a4104763425931f143985aa,057e6a213dcdadb446c1fefe2c53d246784378573a4104763425931f143985aa,True,93921,93921
c/shis/a/gen4.png,True,0eaad1e4974febb56719f6c34d5f8a581d33a1ee6660ced8eaaae375bfbb1751,0eaad1e4974febb56719f6c34d5f8a581d33a1ee6660ced8eaaae375bfbb1751,True,410,410
c/shis/shis1.png,True,ec58f1f8d93be4628e219ab583e016f44a62dd2380da224fda41ea17316bf36f,ec58f1f8d93be4628e219ab583e016f44a62dd2380da224fda41ea17316bf36f,True,53201,53201
c/shis/shis2.png,True,3ca10aacb1ad362abb5cc4ea41c324cf28c9887050fa2568384cc327bb45fe33,3ca10aacb1ad362abb5cc4ea41c324cf28c9887050fa2568384cc327bb45fe33,True,13134,13134
c/shis/shis3.png,True,74b406158dc1ef708a0d95e68508cfe2236d4abc54bf4a22d2a71282acc5f5a6,74b406158dc1ef708a0d95e68508cfe2236d4abc54bf4a22d2a71282acc5f5a6,True,89061,89061
c/sui/a/atk1.png,True,4b67d8a4cf527e28df2a85c46827f5830f82e8130603c7e669327e545c5ffd3f,4b67d8a4cf527e28df2a85c46827f5830f82e8130603c7e669327e545c5ffd3f,True,29440,29440
c/sui/a/atk2.png,True,196ed254e543a42f4c467887c018740b6345ed3e761772758a5d4a9b1fae7ad3,196ed254e543a42f4c467887c018740b6345ed3e761772758a5d4a9b1fae7ad3,True,103708,103708
c/sui/a/atk3.png,True,4d592bb896b279483e528a8c06b7af5afc6ce5d9f30573f239712f3b6ff290f9,4d592bb896b279483e528a8c06b7af5afc6ce5d9f30573f239712f3b6ff290f9,True,96578,96578
c/sui/a/spla4.png,True,8916d455a798a0b88cdae9be4ddf571462780571f950c75242663f2047d974c7,8916d455a798a0b88cdae9be4ddf571462780571f950c75242663f2047d974c7,True,85434,85434
c/sui/a/spla5.png,True,6a9e5c38ac26217aa4df17995fd6d65e3a5f6517ea895262bbdca9254dd02a7c,6a9e5c38ac26217aa4df17995fd6d65e3a5f6517ea895262bbdca9254dd02a7c,True,258873,258873
c/sui/a/spla6.png,True,a8fe396a46a71e026b70502b71860fe85d24b4dc13e30913bbbc9227610cf7ca,a8fe396a46a71e026b70502b71860fe85d24b4dc13e30913bbbc9227610cf7ca,True,311960,311960
c/sui/sui1.png,True,360e3b2f05bae3425333d1300a9118a459e2e5f061a248354f2c010b80b87302,360e3b2f05bae3425333d1300a9118a459e2e5f061a248354f2c010b80b87302,True,62476,62476
c/sui/sui2.png,True,2d92d4e6a0042bddfc3c90051548c2667d05ac5783c1c20abc369a6825d69de5,2d92d4e6a0042bddfc3c90051548c2667d05ac5783c1c20abc369a6825d69de5,True,27141,27141
c/sui/sui3.png,True,a24a59902f0eac889d9995b738eb77592e5d4c5dcd7dcc10285e0e2948fe6fd3,a24a59902f0eac889d9995b738eb77592e5d4c5dcd7dcc10285e0e2948fe6fd3,True,494662,494662
c/tay/a/bit.png,True,fdc239502c5b1a38fab7c502160ab7a7cd86e702450031fee758cb47369d390b,fdc239502c5b1a38fab7c502160ab7a7cd86e702450031fee758cb47369d390b,True,9213,9213
c/tay/a/mon.png,True,58159bcaa0bacf0b9e8b9010dcb678d158da0cd5749237c9b26ad337fb393ecd,58159bcaa0bacf0b9e8b9010dcb678d158da0cd5749237c9b26ad337fb393ecd,True,24721,24721
c/tay/a/mon2.png,True,56b1942fa85e35b8c4f164a1414619c5ec6ed9eae109b8f9d05597d961e8cb0b,56b1942fa85e35b8c4f164a1414619c5ec6ed9eae109b8f9d05597d961e8cb0b,True,491,491
c/tay/a/vap.png,True,0bb354b843bcadb2ee9378a88446d587e209622e4f8a5bc7d5450e803bbe1c97,0bb354b843bcadb2ee9378a88446d587e209622e4f8a5bc7d5450e803bbe1c97,True,20678,20678
c/tay/aur2.png,True,5f2de1611685126582b4a9a295c0b123922f37c7f4d16b3a2d658aa0e08ef75a,5f2de1611685126582b4a9a295c0b123922f37c7f4d16b3a2d658aa0e08ef75a,True,25671,25671
c/tay/aur4.png,True,117b9bab2e2aa5dfeb816e3e8e3e4dd9fbaa82c6c13141844c48e609be7086b5,117b9bab2e2aa5dfeb816e3e8e3e4dd9fbaa82c6c13141844c48e609be7086b5,True,25263,25263
c/tay/tay.png,True,ca34ebe7ee9017c1efdef07143d84995b95cb05b0333542ae0eac35cf0b3e626,ca34ebe7ee9017c1efdef07143d84995b95cb05b0333542ae0eac35cf0b3e626,True,60491,60491
c/tay/tay1.png,True,318138de5fa26b061bd732ec1692e7850c9b00f59b72e12c9e3a4e3f14019b46,318138de5fa26b061bd732ec1692e7850c9b00f59b72e12c9e3a4e3f14019b46,True,55996,55996
c/tem/a/t3m.png,True,d2e7bce6029907cd04e34c55280af2ba96281e7a229bdb798860561ae512047b,d2e7bce6029907cd04e34c55280af2ba96281e7a229bdb798860561ae512047b,True,10863,10863
c/tem/a/tem.png,True,679e5576d0829a2d4d73968bc78069fefc0ff3498d2b4ad7c2e1a3fd3e2f1066,679e5576d0829a2d4d73968bc78069fefc0ff3498d2b4ad7c2e1a3fd3e2f1066,True,8886,8886
c/tem/a/wind2.png,True,60f4a21c7178f19fea5ce2cc630845f7647fc57da6876cca56890647bdb9a146,60f4a21c7178f19fea5ce2cc630845f7647fc57da6876cca56890647bdb9a146,True,19615,19615
c/tem/a/wind3.png,True,3a949e97c0e06055cb2178ae59ccb084cfb2dfcd41f186efb4f36cb31f2788d5,3a949e97c0e06055cb2178ae59ccb084cfb2dfcd41f186efb4f36cb31f2788d5,True,7206,7206
c/tem/tem.png,True,71d3ea4f302d0cace4c2a859c1b6d29910e75dfdb749c0caebbbd5eda0e6956a,71d3ea4f302d0cace4c2a859c1b6d29910e75dfdb749c0caebbbd5eda0e6956a,True,64103,64103
c/ten/a/arma.png,True,b9de4c06906f1b6969b84d014337f9c6b1387d92e8d9aa5e9d6d19da906bf2a2,b9de4c06906f1b6969b84d014337f9c6b1387d92e8d9aa5e9d6d19da906bf2a2,True,12065,12065
c/ten/a/ten.png,True,e98ff52659b32560544bcc5005d1d49be0b4d14bfa2b0b7299a8601e288a8a7f,e98ff52659b32560544bcc5005d1d49be0b4d14bfa2b0b7299a8601e288a8a7f,True,5863,5863
c/ten/a/ten1.png,True,1d2a79cd3d7c79894606b024ce84c874ac25d43602b0a92b5e0255620f694c03,1d2a79cd3d7c79894606b024ce84c874ac25d43602b0a92b5e0255620f694c03,True,2369,2369
c/ten/a/weps.png,True,d91c442cd6a95da7e8599c66b819907767f86ebd094459a0aada5f14ef8cb0ef,d91c442cd6a95da7e8599c66b819907767f86ebd094459a0aada5f14ef8cb0ef,True,3867,3867
c/ten/bash2.png,True,51e8166a6973ab08a5f5a9ac998a8db34fa87b1c1d94183199493f94f728174b,51e8166a6973ab08a5f5a9ac998a8db34fa87b1c1d94183199493f94f728174b,True,9030,9030
c/ten/blade.png,True,fdcd2eb38890c3ab3e6441594520d5467c97b3534d9ae7b1141642f58adbef48,fdcd2eb38890c3ab3e6441594520d5467c97b3534d9ae7b1141642f58adbef48,True,11428,11428
c/ten/pole2.png,True,d78db26608a1f70c38a1bea5708f669e2f18d53c2ec05406e01c56f9ae100c2f,d78db26608a1f70c38a1bea5708f669e2f18d53c2ec05406e01c56f9ae100c2f,True,8499,8499
c/ten/swords2.png,True,decbf79f0c9ce0e49cab43f13a1bae1a4b7d7337822c47fc599bf665d392de9f,decbf79f0c9ce0e49cab43f13a1bae1a4b7d7337822c47fc599bf665d392de9f,True,8736,8736
c/ten/ten.png,True,d1a52952d1ca9371e9e7f81af720533f83765e5d528b06ddd51d1202eb738046,d1a52952d1ca9371e9e7f81af720533f83765e5d528b06ddd51d1202eb738046,True,63548,63548
c/ten/ten2.png,True,4d90d6f0e5d1dd08279c8268e80b298e378c0bca88aafa60a5164107fb472007,4d90d6f0e5d1dd08279c8268e80b298e378c0bca88aafa60a5164107fb472007,True,4004,4004
c/ten/ten3.png,True,41d10f28fe246729f847e9b6912392db618a0cd82b925cec1b3ea9ee07f50e47,41d10f28fe246729f847e9b6912392db618a0cd82b925cec1b3ea9ee07f50e47,True,24815,24815
c/ten/ten4.png,True,6bd152ebac51a83d954f073e621f0ec8d10cf8a8dbf30b73a92cca86a3b02959,6bd152ebac51a83d954f073e621f0ec8d10cf8a8dbf30b73a92cca86a3b02959,True,9726,9726
c/tobi/a/fox.png,True,a5a7c27d0e5f858a687bcb36af507fe040cf258a69eb1f7fd21ad696c16552b3,a5a7c27d0e5f858a687bcb36af507fe040cf258a69eb1f7fd21ad696c16552b3,True,59976,59976
c/tobi/a/kat.png,True,41ba91fc81cca0d74ed3326a3e1e6f8cd14401a3d7ea8e43081489fe1cee13fb,41ba91fc81cca0d74ed3326a3e1e6f8cd14401a3d7ea8e43081489fe1cee13fb,True,6806,6806
c/tobi/tobi.png,True,55f86d7631a68047fb28ba38395966612d5f0661ef6c5c7e5f848046f87690d2,55f86d7631a68047fb28ba38395966612d5f0661ef6c5c7e5f848046f87690d2,True,51533,51533
c/tobi/ttobi.png,True,a100e04336682a98ac45a430e286710c0ef6053c770525bfdd2b9c90af6e280e,a100e04336682a98ac45a430e286710c0ef6053c770525bfdd2b9c90af6e280e,True,32737,32737
c/tobir/a/4.png,True,1657ff0084079d1565cd1d303931a5d6f0b68eb51c03cfba47eb83ae3d847205,1657ff0084079d1565cd1d303931a5d6f0b68eb51c03cfba47eb83ae3d847205,True,2744,2744
c/tobir/a/wat.png,True,d8a9a27903942f0512aa8f46b02c9a3675125ec0a4b164cfa1fcc6a91b858750,d8a9a27903942f0512aa8f46b02c9a3675125ec0a4b164cfa1fcc6a91b858750,True,46084,46084
c/tobir/a/wat2.png,True,fe4d7b2daf6738e881a0d08c86d1163959b96e03801e55bf99fc5608bbc7d9f4,fe4d7b2daf6738e881a0d08c86d1163959b96e03801e55bf99fc5608bbc7d9f4,True,27680,27680
c/tobir/a/wat3.png,True,769f5f2f991a6999c8bed4e301496691943301bf0743ff0af4aafbed51543e4e,769f5f2f991a6999c8bed4e301496691943301bf0743ff0af4aafbed51543e4e,True,3087,3087
c/tobir/a/wat4.png,True,cd0421ff1e64f20855d7247757eacb1ee4617c2758c700fc85834d2dfce3d124,cd0421ff1e64f20855d7247757eacb1ee4617c2758c700fc85834d2dfce3d124,True,170005,170005
c/tobir/tobir.png,True,fe15471e93b00a21346e44742dc26f940fc7405e9d596c7090b491c1d579cea1,fe15471e93b00a21346e44742dc26f940fc7405e9d596c7090b491c1d579cea1,True,52701,52701
c/tobir/tobir2.png,True,2577dc08620fe54ba0b23a5dc56f87e3465f52ee0212ca467162cffb6dfdbd8f,2577dc08620fe54ba0b23a5dc56f87e3465f52ee0212ca467162cffb6dfdbd8f,True,34237,34237
c/tobir/tobir3.png,True,07fb618c779d6e361189c873a09e696a76841e9ef1e5d9efa639545701a2b7a8,07fb618c779d6e361189c873a09e696a76841e9ef1e5d9efa639545701a2b7a8,True,2605,2605
c/tsu/tsu.png,True,9717082c1a0f2567ca4ac94148fb83240687bdae1803b9700479233ddb4db53c,9717082c1a0f2567ca4ac94148fb83240687bdae1803b9700479233ddb4db53c,True,48093,48093
c/yag/a/dra1.png,True,d0992288ee6666714f8afbdb421f93d2fd9f663a754d6be00f8649109208ca37,d0992288ee6666714f8afbdb421f93d2fd9f663a754d6be00f8649109208ca37,True,46095,46095
c/yag/a/mir1.png,True,2b9462b5264d18a13c6e4319db8fb18acbd6442e35159f515d5aa05b31e707d3,2b9462b5264d18a13c6e4319db8fb18acbd6442e35159f515d5aa05b31e707d3,True,2077,2077
c/yag/a/mir2.png,True,693216861d45507816b08360e64231862f55e7de58acb339e71a9270a384bc2a,693216861d45507816b08360e64231862f55e7de58acb339e71a9270a384bc2a,True,3066,3066
c/yag/a/mir3.png,True,23746e12ec52224fe14f719aef1f389b9b4e4291e1c962ac796cffc08a9e0091,23746e12ec52224fe14f719aef1f389b9b4e4291e1c962ac796cffc08a9e0091,True,10538,10538
c/yag/a/mir4.png,True,7c632d11c0e24dfae6b33661038c340ab2a87c5aa42771cc2327fca6896edfc3,7c632d11c0e24dfae6b33661038c340ab2a87c5aa42771cc2327fca6896edfc3,True,23292,23292
c/yag/a/mir5.png,True,046d51e7cc6d5a7582dc9e8d315d3a5da08181e2e81043d214e659b51fd9f9d1,046d51e7cc6d5a7582dc9e8d315d3a5da08181e2e81043d214e659b51fd9f9d1,True,57308,57308
c/yag/yag1.png,True,f3714ec232d95a0498281f8b0367ba1cfc143edf1910afbcffea4c6ee4f724a0,f3714ec232d95a0498281f8b0367ba1cfc143edf1910afbcffea4c6ee4f724a0,True,95838,95838
c/yag/yag2.png,True,c123a82a94212dfbfef04872e13be7b175bf24941c1360a4c2c80e3d19ae5418,c123a82a94212dfbfef04872e13be7b175bf24941c1360a4c2c80e3d19ae5418,True,37513,37513
c/yag/yag3.png,True,9500f737d8eb1c46c0746119b7febf8628b36f5d3aaf9cc27c72d735ebf8d487,9500f737d8eb1c46c0746119b7febf8628b36f5d3aaf9cc27c72d735ebf8d487,True,84991,84991
c/yam/a/sti.png,True,b0e15392a9420ccbe52a972109966acce53020fd94980d99c21c3b58e97c5e91,b0e15392a9420ccbe52a972109966acce53020fd94980d99c21c3b58e97c5e91,True,1463,1463
c/yam/a/tre.png,True,5f75348699a2f2c97642be8ef75043dbb4bebc58040d6451ad4327ec61c31cf7,5f75348699a2f2c97642be8ef75043dbb4bebc58040d6451ad4327ec61c31cf7,True,71075,71075
c/yam/a/tre1.png,True,149947fc5ff2181c581336ccce4890363ad5e752153392f3004e8ae76a6415ed,149947fc5ff2181c581336ccce4890363ad5e752153392f3004e8ae76a6415ed,True,16879,16879
c/yam/a/woo.png,True,28e0c5152c966d79eef0aede1b2b9cc373a611f49121a6ab6228654e22a2b8bc,28e0c5152c966d79eef0aede1b2b9cc373a611f49121a6ab6228654e22a2b8bc,True,15520,15520
c/yam/yam.png,True,93df1c85eda5697a74425b7be8bc03bff0c8dbfb460b713a67a673ccc702bcef,93df1c85eda5697a74425b7be8bc03bff0c8dbfb460b713a67a673ccc702bcef,True,36705,36705
c/yam/yam2.png,True,3de0906449239970fe4c8cf6295719806c312719597f623c62c0abf870c996fe,3de0906449239970fe4c8cf6295719806c312719597f623c62c0abf870c996fe,True,4338,4338
c/yam/yam3.png,True,881657e725fdacad42c2305068d8e976639de193d7be0e83f726a161e526ca4a,881657e725fdacad42c2305068d8e976639de193d7be0e83f726a161e526ca4a,True,12870,12870
c/yam/yam4.png,True,54183183a176f68577771d740a6ca97c02dfa657605ce437cb3eda10e1d6e878,54183183a176f68577771d740a6ca97c02dfa657605ce437cb3eda10e1d6e878,True,3201,3201
c/yam/yam5.png,True,70d11cb6fcb3c83ff94839c2dcdfa0b5f89d169c0bf539cda535d494bd6a139e,70d11cb6fcb3c83ff94839c2dcdfa0b5f89d169c0bf539cda535d494bd6a139e,True,9072,9072
c/yam/ycl.png,True,ea4f76fd318c04d6e4058c5dba57f93590934c368f4f3a5b9cc29e029e09a161,ea4f76fd318c04d6e4058c5dba57f93590934c368f4f3a5b9cc29e029e09a161,True,42041,42041
c/zab/a/dem.png,True,595cc57ede5d4907579252e82c1c6e7e641cab4dd3419f0a59ca192d0b6bafbd,595cc57ede5d4907579252e82c1c6e7e641cab4dd3419f0a59ca192d0b6bafbd,True,28646,28646
c/zab/a/dem2.png,True,d10c6d858215c034eda305157efd9653758f47e47598acc73368b6b9cc07dd0b,d10c6d858215c034eda305157efd9653758f47e47598acc73368b6b9cc07dd0b,True,81738,81738
c/zab/a/dra1.png,True,71b7536046b534f4dd51dccde2688a8ed8f3d273f7006f99e31be0868bb36c82,71b7536046b534f4dd51dccde2688a8ed8f3d273f7006f99e31be0868bb36c82,True,166449,166449
c/zab/a/dra2.png,True,dd939a5656ea37d7bc457b39a5dbf3c58c3bdf46dae4bb2250c52970d739bcbb,dd939a5656ea37d7bc457b39a5dbf3c58c3bdf46dae4bb2250c52970d739bcbb,True,152008,152008
c/zab/a/dra3.png,True,ee28a4af0a34bf9c579db5a0d9f804aee7d9aee424b2496befdad034d36a4010,ee28a4af0a34bf9c579db5a0d9f804aee7d9aee424b2496befdad034d36a4010,True,170240,170240
c/zab/a/slash.png,True,809b3b637d59f9f507d6d5fec05d83a75efdb3cf79f1d3090841bdc6aacaea1a,809b3b637d59f9f507d6d5fec05d83a75efdb3cf79f1d3090841bdc6aacaea1a,True,1136,1136
c/zab/a/zab2.png,True,33411e446d032ba9442103b49610a2308e034d88d8da013d78d6fb7545ee71ed,33411e446d032ba9442103b49610a2308e034d88d8da013d78d6fb7545ee71ed,True,33979,33979
c/zab/a/zab4.png,True,a521037ca9b87ca51bc3f9d662a311ddefe15ef1b58f00d613c09615c0ff0bb6,a521037ca9b87ca51bc3f9d662a311ddefe15ef1b58f00d613c09615c0ff0bb6,True,17453,17453
c/zab/dem1.png,True,b18e87a95a070b51372a1e9945b5209395263b82e429a654c2e2b453ae288a6d,b18e87a95a070b51372a1e9945b5209395263b82e429a654c2e2b453ae288a6d,True,179145,179145
c/zab/zab1.png,True,80f28ee346654361c595cf779951e1bf06267e3f2a5f779c098d25411051c56c,80f28ee346654361c595cf779951e1bf06267e3f2a5f779c098d25411051c56c,True,93769,93769
custom/1genma/a/bigdragon.png,True,be993fc5e35c88ff68ad74de336c80caec5bf6a39b5ae42e01ae2ada943cabf7,be993fc5e35c88ff68ad74de336c80caec5bf6a39b5ae42e01ae2ada943cabf7,True,108917,108917
custom/1genma/a/katon.png,True,91797381f2eea27d6544c91c7faa3489ce9253d538e80e32120389eafa478fab,91797381f2eea27d6544c91c7faa3489ce9253d538e80e32120389eafa478fab,True,26529,26529
custom/1genma/a/shuriken.png,True,9b0484d55d6c7b021118c11dc8b865699b0d60add69e9380005cad3a79cfa62b,9b0484d55d6c7b021118c11dc8b865699b0d60add69e9380005cad3a79cfa62b,True,4477,4477
custom/1genma/a/smalldragon.png,True,810c6d2c79706d90326783b64955b42ad9d086401ab5ffe6a86f53387386f3f8,810c6d2c79706d90326783b64955b42ad9d086401ab5ffe6a86f53387386f3f8,True,41878,41878
custom/1genma/a/wind.png,True,96c74197c076fb117a44dcd2f5240e6ff828d151e56080165bf445e88ca5c076,96c74197c076fb117a44dcd2f5240e6ff828d151e56080165bf445e88ca5c076,True,21705,21705
custom/1genma/genma.png,True,91daa692de944007390c6601002e509562bfee5579213c82242f55e466d83fbb,91daa692de944007390c6601002e509562bfee5579213c82242f55e466d83fbb,True,142262,142262
custom/1genma/genma_f.png,True,4ea0bccaf9fc43e8e1a17f1c6cf2019ae9a78a0944c1ee1ee06cc97b3714c4ef,4ea0bccaf9fc43e8e1a17f1c6cf2019ae9a78a0944c1ee1ee06cc97b3714c4ef,True,49300,49300
custom/1genma/genma_s.png,True,8b0666c658a82f0e207cc945a2983c8de01c9ebf72cf2b427fc58217de07ba84,8b0666c658a82f0e207cc945a2983c8de01c9ebf72cf2b427fc58217de07ba84,True,8842,8842
custom/1genma/genma_sb.png,True,1dd1d7ffc3d92cdfc2c03699d448aadc2571bbfd53028e1f7bbc0f938c278097,1dd1d7ffc3d92cdfc2c03699d448aadc2571bbfd53028e1f7bbc0f938c278097,True,7509,7509
custom/1genma/genmaclone_s.png,True,8b0666c658a82f0e207cc945a2983c8de01c9ebf72cf2b427fc58217de07ba84,8b0666c658a82f0e207cc945a2983c8de01c9ebf72cf2b427fc58217de07ba84,True,8842,8842
custom/1genma/genmaclone_sb.png,True,1dd1d7ffc3d92cdfc2c03699d448aadc2571bbfd53028e1f7bbc0f938c278097,1dd1d7ffc3d92cdfc2c03699d448aadc2571bbfd53028e1f7bbc0f938c278097,True,7509,7509
custom/1genma/mclone.png,True,6106f2c193f3bcb2658f98c5fdddd705eac5c9bac7c0df6fdc9bce82629a51d5,6106f2c193f3bcb2658f98c5fdddd705eac5c9bac7c0df6fdc9bce82629a51d5,True,4338,4338
custom/1genma/mgenma.png,True,e8beb851d603ffda7e279f05152046c3ebb5329a6399b5b63065095226d9c8f5,e8beb851d603ffda7e279f05152046c3ebb5329a6399b5b63065095226d9c8f5,True,2049,2049
data/broken.png,True,5b5e6e0a1facbe41a58ba26b671179bf05ec3c582613b3ef06c050c4f1c77233,5b5e6e0a1facbe41a58ba26b671179bf05ec3c582613b3ef06c050c4f1c77233,True,9906,9906
data/etc.png,True,6f71133967b88b3ccd8ed7605a81aed4118c0329e28839a940ed778774c0b408,6f71133967b88b3ccd8ed7605a81aed4118c0329e28839a940ed778774c0b408,True,8970,8970
data/pixel.png,True,cfad749fbcec2fadedc6f47289e9679defacfac386125bc88643ed1275518eaa,cfad749fbcec2fadedc6f47289e9679defacfac386125bc88643ed1275518eaa,True,82,82
m/hug/hug.png,True,53810f2573144283c221fd735803f6c7c298d94f8067483363b6994cc6e01ff7,53810f2573144283c221fd735803f6c7c298d94f8067483363b6994cc6e01ff7,True,21020,21020
m/hug/hug2.png,True,229af7940dad88403479321956dc27cdb326db638a28e716b948af00f6269aab,229af7940dad88403479321956dc27cdb326db638a28e716b948af00f6269aab,True,20733,20733
m/hug/hug3.png,True,f640bbf4a47274461bc990882ce544740b99ba4fedcc4dff9382c6720fb32381,f640bbf4a47274461bc990882ce544740b99ba4fedcc4dff9382c6720fb32381,True,21490,21490
m/hug/pun.png,True,320e216a665efc566b3252756e20d4ea649f68feafdfe95bb1bd37e174de9072,320e216a665efc566b3252756e20d4ea649f68feafdfe95bb1bd37e174de9072,True,2088,2088
m/hug/pun2.png,True,5c574323b05944597d0c02e86c0e0e43a5b47c13d312de9c9ce40d58ef31e065,5c574323b05944597d0c02e86c0e0e43a5b47c13d312de9c9ce40d58ef31e065,True,1500,1500
m/hug/pun3.png,True,f5f6443d9595a2024c9b94df777a52c778d422d8fcc446ad8552e5c3c55ac341,f5f6443d9595a2024c9b94df777a52c778d422d8fcc446ad8552e5c3c55ac341,True,1477,1477
m/nin/hun.png,True,f9bb8f40a7d9faa4d516abb2147f640913ac3248efd8693a8a4c485d50db3c9d,f9bb8f40a7d9faa4d516abb2147f640913ac3248efd8693a8a4c485d50db3c9d,True,25672,25672
m/nin/nin.png,True,40ba789cdec1fc4302c7c127a0915e59ad7e0766b4474d51cef9e1d9ecce0550,40ba789cdec1fc4302c7c127a0915e59ad7e0766b4474d51cef9e1d9ecce0550,True,24720,24720
m/nin/nin2.png,True,6a6fcbb0749c120b2d82eb1338945d6dbed1d640f337a572ecb969a2021761df,6a6fcbb0749c120b2d82eb1338945d6dbed1d640f337a572ecb969a2021761df,True,24571,24571
m/nin/nin3.png,True,fcee956f484fccbcea6cf6e33f17be119d89368f4493c066ecb0fab1cf94c363,fcee956f484fccbcea6cf6e33f17be119d89368f4493c066ecb0fab1cf94c363,True,24107,24107
m/san/san.png,True,52184a39cbaef60bad5bce76f2e16ba9296dbb32e19de537c16e523d62c48c17,52184a39cbaef60bad5bce76f2e16ba9296dbb32e19de537c16e523d62c48c17,True,33251,33251
m/san/san2.png,True,4d509f167c3866361d7a8f3654426cc8745b7d4700a6565f1aa5b650316d7c07,4d509f167c3866361d7a8f3654426cc8745b7d4700a6565f1aa5b650316d7c07,True,23703,23703
m/teu/teu.png,True,6c533f1628da36f03f3c1f56eb4383114aacb0f3a26fa42519cd3968110d2b13,6c533f1628da36f03f3c1f56eb4383114aacb0f3a26fa42519cd3968110d2b13,True,21490,21490
m/ton/ton.png,True,13494f988bf2b97a38f8fac9564db076f4525e0fa8dae05b006d0c11854deec0,13494f988bf2b97a38f8fac9564db076f4525e0fa8dae05b006d0c11854deec0,True,10880,10880
s/0/0.png,True,08c850a172059c00f6e76fe951e8a1eacd62146ab58a1f33b7cd369da4d9ef4e,08c850a172059c00f6e76fe951e8a1eacd62146ab58a1f33b7cd369da4d9ef4e,True,4508,4508
s/0/circle.png,True,c70b6af904299b65b0151405087099fcc06883a5912deb92cb3330a2c4b80248,c70b6af904299b65b0151405087099fcc06883a5912deb92cb3330a2c4b80248,True,458,458
s/0/d0.png,True,f0060edef46052adf89f57b5047fadedfda8ac74ea5bd36486a5ac0cf48c77fd,f0060edef46052adf89f57b5047fadedfda8ac74ea5bd36486a5ac0cf48c77fd,True,143615,143615
s/0/iru.png,True,e47772424c88c4e3cf05c1b5c385680c465e899f24129e9cf5fe694d05fd092c,e47772424c88c4e3cf05c1b5c385680c465e899f24129e9cf5fe694d05fd092c,True,67260,67260
s/0/iru_f.png,True,caff27c2096517e0ddb1ac21fff157e9b7b717675d9cab28a6c10fc86efb4535,caff27c2096517e0ddb1ac21fff157e9b7b717675d9cab28a6c10fc86efb4535,True,5882,5882
s/0/iru_s.png,True,048593891b9d4dd49294298804fd904ccd79aa22e1fb75c76cd221f95dd97c66,048593891b9d4dd49294298804fd904ccd79aa22e1fb75c76cd221f95dd97c66,True,325,325
s/0/laser.png,True,6db20381c5dc0ddb721a854f7d8bef37594fed28c6ea28ca9e6d10f8ab6d211e,6db20381c5dc0ddb721a854f7d8bef37594fed28c6ea28ca9e6d10f8ab6d211e,True,2388,2388
s/0/ram.png,True,5bdf98866ef75245b6f0161861bf15d109d930e29a6e13d8b62e79f280c673ee,5bdf98866ef75245b6f0161861bf15d109d930e29a6e13d8b62e79f280c673ee,True,3583,3583
s/0/scroll.png,True,d3e5470a0174595fe28e1806d0c739161a053167ba99aa88a13565bb4cdbc580,d3e5470a0174595fe28e1806d0c739161a053167ba99aa88a13565bb4cdbc580,True,30709,30709
s/0/tre.png,True,43189aa97b6addb438e0cbfa7a7bc1e6ff5fa450aaa592495a072acb20c86851,43189aa97b6addb438e0cbfa7a7bc1e6ff5fa450aaa592495a072acb20c86851,True,4689,4689
s/1/1.png,True,48d3df217bb9c3a01a919e24d4bd3f8513c10c6eeaf6bfe70cbc40783be0d3b7,48d3df217bb9c3a01a919e24d4bd3f8513c10c6eeaf6bfe70cbc40783be0d3b7,True,7930,7930
s/1/d1.png,True,bb2fd813ef4e299f669eed3586c66e807dcbbfb440a3bd84c3ba8f6ea52c7a2f,bb2fd813ef4e299f669eed3586c66e807dcbbfb440a3bd84c3ba8f6ea52c7a2f,True,142904,142904
s/2/2.png,True,178d7a942508f62d981999d26fd2bd0b3a5e149f5c6cf26f801041fa1f0ce523,178d7a942508f62d981999d26fd2bd0b3a5e149f5c6cf26f801041fa1f0ce523,True,56334,56334
s/2/d2.png,True,5c2d16892a233ab4870f477f5766782f2706f6aab051ac40ad94cac841db1daa,5c2d16892a233ab4870f477f5766782f2706f6aab051ac40ad94cac841db1daa,True,48301,48301
s/2/ncs2.png,True,6e9b8c7a5165002505560553f5f0b542df4eeb9441a7ab905eb3ea6b3e768c75,6e9b8c7a5165002505560553f5f0b542df4eeb9441a7ab905eb3ea6b3e768c75,True,22326,22326
s/3/3.png,True,4bd22f6c42a8233bd353d4d250b5613d6e1b7f83b618ad65810091ad9bc7a622,4bd22f6c42a8233bd353d4d250b5613d6e1b7f83b618ad65810091ad9bc7a622,True,21424,21424
s/3/d3.png,True,2ee4b1038011696360b6aead781dae4766717cb502fa96a6b2619bb1a9d7bece,2ee4b1038011696360b6aead781dae4766717cb502fa96a6b2619bb1a9d7bece,True,78814,78814
s/3/k.png,True,835a531c9046044872f80e20975cd02183dc2cb537d5c0be0005a2f6e067583d,835a531c9046044872f80e20975cd02183dc2cb537d5c0be0005a2f6e067583d,True,2746,2746
s/3/tre.png,True,5f75348699a2f2c97642be8ef75043dbb4bebc58040d6451ad4327ec61c31cf7,5f75348699a2f2c97642be8ef75043dbb4bebc58040d6451ad4327ec61c31cf7,True,71075,71075
s/4/4.png,True,3d407bc93e542d9c7f6510530c4a1008e5267c79d7eb30a2da36ce7e5febd74f,3d407bc93e542d9c7f6510530c4a1008e5267c79d7eb30a2da36ce7e5febd74f,True,13192,13192
s/4/circle.png,True,c70b6af904299b65b0151405087099fcc06883a5912deb92cb3330a2c4b80248,c70b6af904299b65b0151405087099fcc06883a5912deb92cb3330a2c4b80248,True,458,458
s/4/d4.png,True,5b89f2cee118cc12cc43082d94fd7f797457c2015aec9316721c08b6da2159cf,5b89f2cee118cc12cc43082d94fd7f797457c2015aec9316721c08b6da2159cf,True,66067,66067
s/5/5p.png,True,18655750feab1786b38c3efd355590cf0c986c85d95a76c622a7837cc8493adf,18655750feab1786b38c3efd355590cf0c986c85d95a76c622a7837cc8493adf,True,1823,1823
s/5/d5.png,True,3ed24b2d65ab1ad08672a8e13fe6b1036dafc98cb729ee7fe8071209e6f495ce,3ed24b2d65ab1ad08672a8e13fe6b1036dafc98cb729ee7fe8071209e6f495ce,True,70516,70516
s/c.png,True,991f3163743f5c0fd8a3b283347431ecbc8a30ebb072833c723b59db8021b60c,991f3163743f5c0fd8a3b283347431ecbc8a30ebb072833c723b59db8021b60c,True,320,320
s/s/ds.png,True,bae06b542207bcf781c69ad55f0e580de088e04090e4514ac54773d89e1fa5a8,bae06b542207bcf781c69ad55f0e580de088e04090e4514ac54773d89e1fa5a8,True,30082,30082
s/s/s.png,True,89f4a0ab2ef344023fa0bd6ce221a69b5277e6d5436769d5eed0818e300dcc82,89f4a0ab2ef344023fa0bd6ce221a69b5277e6d5436769d5eed0818e300dcc82,True,3645,3645
sprite/combo_hits.png,False,1d398c0ae0ae01495b7ff5fec78b7978690cfe53b98d10913e1bcec92426ad48,1d398c0ae0ae01495b7ff5fec78b7978690cfe53b98d10913e1bcec92426ad48,True,2697,2697
sprite/face/4t_kyubi_f.png,True,67d5649bda170f20d70bd5048606b7b1c97cc09bc626a80cf21bf0d8ec5349e1,67d5649bda170f20d70bd5048606b7b1c97cc09bc626a80cf21bf0d8ec5349e1,True,17660,17660
sprite/face/anko_f.png,True,e08da354b86074336da32ad6f1c1d187bc0c92fe5ecc6bdbe5c9323adb8bbc1e,e08da354b86074336da32ad6f1c1d187bc0c92fe5ecc6bdbe5c9323adb8bbc1e,True,14748,14748
sprite/face/asuma_f.png,True,df17695362d2393d7b601c5ee7ea31d912d0cd5f8ad7cfe4114ff2c094f906a4,df17695362d2393d7b601c5ee7ea31d912d0cd5f8ad7cfe4114ff2c094f906a4,True,15563,15563
sprite/face/chiyo_f.png,True,1eefd41aaee749c145de05e3f6b3bb670c6e603780ef65dc583e3d3bd68bdb9d,1eefd41aaee749c145de05e3f6b3bb670c6e603780ef65dc583e3d3bd68bdb9d,True,16059,16059
sprite/face/danzo_f.png,True,a302eb538c6bd559c5771cadef9f8fc7c5e2425af32a16de5aa53316f853df13,a302eb538c6bd559c5771cadef9f8fc7c5e2425af32a16de5aa53316f853df13,True,16871,16871
sprite/face/danzo_unleashed_f.png,True,d12685e58acb3ea9ffe286ac9bffd318ff0805fcf18df880bcc274fc64227f27,d12685e58acb3ea9ffe286ac9bffd318ff0805fcf18df880bcc274fc64227f27,True,16170,16170
sprite/face/deidara_f.png,True,a4bf94f325ee919359c5fbc04593595cd736a5610b665f4fa4560af3c0fae1ae,a4bf94f325ee919359c5fbc04593595cd736a5610b665f4fa4560af3c0fae1ae,True,15515,15515
sprite/face/fourthraikage_f.png,True,7f3a0fd8d906f960ff214f3183caae2961175a80ed022d6bc799f8b6a6b6db24,7f3a0fd8d906f960ff214f3183caae2961175a80ed022d6bc799f8b6a6b6db24,True,15213,15213
sprite/face/gaara_f.png,True,ae93bc3fbbafadce798ae2b6744d99b80b219bdf7460b4a03bcf4fa7bd57da8c,ae93bc3fbbafadce798ae2b6744d99b80b219bdf7460b4a03bcf4fa7bd57da8c,True,15064,15064
sprite/face/guren_f.png,True,6b0a1dccb9096664bf4b75ae60b64596a2ce792ac93985ef0e4658d4dc73146f,6b0a1dccb9096664bf4b75ae60b64596a2ce792ac93985ef0e4658d4dc73146f,True,13719,13719
sprite/face/guy_f.png,True,87b9dfca02e81f58817a0a413206e34bfdbc8744e20f5e5de160a998948a919b,87b9dfca02e81f58817a0a413206e34bfdbc8744e20f5e5de160a998948a919b,True,15775,15775
sprite/face/haku_f.png,True,c82445712c8e999c2e1ac72b4796c7d7e23c94443aba480e7e57e5ed9a01c5e1,c82445712c8e999c2e1ac72b4796c7d7e23c94443aba480e7e57e5ed9a01c5e1,True,15179,15179
sprite/face/han_f.png,True,ebb3088c32e237efe2ccb173b13a50cbd44bb8e6704b9dffdbb47fdb515f6cb7,ebb3088c32e237efe2ccb173b13a50cbd44bb8e6704b9dffdbb47fdb515f6cb7,True,15625,15625
sprite/face/hashirama_f.png,True,09dc0906ae42fa9d172df75e7254da34a144d2cee2a20ca96058ee74f3b9698b,09dc0906ae42fa9d172df75e7254da34a144d2cee2a20ca96058ee74f3b9698b,True,15729,15729
sprite/face/hashiramasm_f.png,True,1503bfabee7a92a8486dc3a97e0b2d80778e27dd1991341c880dfbad5cc5cecf,1503bfabee7a92a8486dc3a97e0b2d80778e27dd1991341c880dfbad5cc5cecf,True,13323,13323
sprite/face/hayate_f.png,True,0d3774ec17fc246db30620756b272fea2c491de86dcd10d58ea1e22b5f8c28b7,0d3774ec17fc246db30620756b272fea2c491de86dcd10d58ea1e22b5f8c28b7,True,14706,14706
sprite/face/hidan_f.png,True,bb68a27d23f01ceb866325003d9848507581a70da355c3537eae4bd262fa3135,bb68a27d23f01ceb866325003d9848507581a70da355c3537eae4bd262fa3135,True,14367,14367
sprite/face/hinata_f.png,True,ffd0c6e8d4e0da5a27d027338a9df442646e34c7b4c4b2878b9089d39a300f4e,ffd0c6e8d4e0da5a27d027338a9df442646e34c7b4c4b2878b9089d39a300f4e,True,15324,15324
sprite/face/hiruko_f.png,True,2884f6db615e36beabee6f362874952e7dc0ba918f509a931c89cbe0148be885,2884f6db615e36beabee6f362874952e7dc0ba918f509a931c89cbe0148be885,True,12741,12741
sprite/face/hiruzen_f.png,True,2bbad9f71aa0fb3c84a6bd24dc4ab8c9db7ede8aa28213bb0b6d237eaa73212a,2bbad9f71aa0fb3c84a6bd24dc4ab8c9db7ede8aa28213bb0b6d237eaa73212a,True,15319,15319
sprite/face/huge_nin2_f.png,True,b9e4d182d3ace0da0b516b4bd3c19e2f59abb346ca9c2ada4a21873c9a5c5e17,b9e4d182d3ace0da0b516b4bd3c19e2f59abb346ca9c2ada4a21873c9a5c5e17,True,14319,14319
sprite/face/huge_nin3_f.png,True,16cbbeb9750d0214044cc74f379dee8124218875beb4fd6049924c64d0b6c11a,16cbbeb9750d0214044cc74f379dee8124218875beb4fd6049924c64d0b6c11a,True,13345,13345
sprite/face/huge_nin_f.png,True,84228189f548b5b3dd6a83ce382e947c2663ba0db160841d470b510de4d4e3d4,84228189f548b5b3dd6a83ce382e947c2663ba0db160841d470b510de4d4e3d4,True,13181,13181
sprite/face/hunter_f.png,True,fa4a2539fd0e7e698b3b870180af2dc0beb3cf07bb9e489b50d6907f2703b6d9,fa4a2539fd0e7e698b3b870180af2dc0beb3cf07bb9e489b50d6907f2703b6d9,True,12875,12875
sprite/face/itachi_f.png,True,b1ec1b9d9f8bad5bc27b48c7b8d795f8ce4e151ea483e75ce98641974041805d,b1ec1b9d9f8bad5bc27b48c7b8d795f8ce4e151ea483e75ce98641974041805d,True,15021,15021
sprite/face/jiraiya_f.png,True,e4ef456c4018da6bd9af85035a7b7d7ed0e6cf3220c8d7789b55e4a4776dec34,e4ef456c4018da6bd9af85035a7b7d7ed0e6cf3220c8d7789b55e4a4776dec34,True,16355,16355
sprite/face/jiraiyasm_f.png,True,2497e4f6758d149cf157f52606ab7f6d2dd3b634c38f7ad3cc3b7c00fbec7ac6,2497e4f6758d149cf157f52606ab7f6d2dd3b634c38f7ad3cc3b7c00fbec7ac6,True,16247,16247
sprite/face/jiroubou_cs2_f.png,True,e354d29d3802490bc0dc2e1d8175382ad6dbd0cc1968567eaec63c204ea53315,e354d29d3802490bc0dc2e1d8175382ad6dbd0cc1968567eaec63c204ea53315,True,16957,16957
sprite/face/jiroubou_f.png,True,66009c721b6a587cdaf99ace4c80df5610077760014be367e453c8194ef6261c,66009c721b6a587cdaf99ace4c80df5610077760014be367e453c8194ef6261c,True,12758,12758
sprite/face/jugo_cs2_f.png,True,adbbcc0fafecd9edee7870a33bb4d14baac7ea1cf747c959782d8a2dc16a2b56,adbbcc0fafecd9edee7870a33bb4d14baac7ea1cf747c959782d8a2dc16a2b56,True,12918,12918
sprite/face/jugo_f.png,True,983966c489ebf191b9fcdedec04d6aecc52ffa94c4c3484e53c5098de568c2e1,983966c489ebf191b9fcdedec04d6aecc52ffa94c4c3484e53c5098de568c2e1,True,15405,15405
sprite/face/kabuto_f.png,True,2c0216153051f9d81ff9f938d5ca4819e7546e387e48672e9bf8803c0cdb108f,2c0216153051f9d81ff9f938d5ca4819e7546e387e48672e9bf8803c0cdb108f,True,14938,14938
sprite/face/kakashi_f.png,True,bb22346bfe7bc65694b0abc96f6da978fffe0bee586c83de4ccb28d8b81e08f7,bb22346bfe7bc65694b0abc96f6da978fffe0bee586c83de4ccb28d8b81e08f7,True,13990,13990
sprite/face/kakuzu_f.png,True,3f2718525e9f00a039588c0afb0cca4d8d0425a7307ede8cefefb42dfd43a97f,3f2718525e9f00a039588c0afb0cca4d8d0425a7307ede8cefefb42dfd43a97f,True,13636,13636
sprite/face/kankuro_f.png,True,306ed2fd094139676342dedee8796b3487ad893a11782e63be68af57ed8bb1c9,306ed2fd094139676342dedee8796b3487ad893a11782e63be68af57ed8bb1c9,True,15629,15629
sprite/face/karin_f.png,True,ccdf47427a1c366d84e200ef89bbcee38d2b788da35d43e4c3fd598f69a9d879,ccdf47427a1c366d84e200ef89bbcee38d2b788da35d43e4c3fd598f69a9d879,True,15711,15711
sprite/face/kiba_f.png,True,2336446b5091ee9440b1fddeaa94cdc32a9611ffcd02c6f416f55e9838981c8b,2336446b5091ee9440b1fddeaa94cdc32a9611ffcd02c6f416f55e9838981c8b,True,14722,14722
sprite/face/kidomaru_cs2_f.png,True,d946a7db32abc91690f1bb6327f2f81d5b922defa19a9a398073f8c61c767a34,d946a7db32abc91690f1bb6327f2f81d5b922defa19a9a398073f8c61c767a34,True,16196,16196
sprite/face/kidomaru_f.png,True,98c04d29938dfdb1ec5e693933deb1941a7a11263710100ca98cf7b3fe7c7676,98c04d29938dfdb1ec5e693933deb1941a7a11263710100ca98cf7b3fe7c7676,True,17296,17296
sprite/face/killerbee_f.png,True,a8eaa374cd51c454a90d077bd74cf1849acb534489019612ffd62b9d622d6c6f,a8eaa374cd51c454a90d077bd74cf1849acb534489019612ffd62b9d622d6c6f,True,16722,16722
sprite/face/kimimaro_cs2_f.png,True,2c0960ca27fe586c903792716660efcf0ad78f5d46c6515410b306e926474f5f,2c0960ca27fe586c903792716660efcf0ad78f5d46c6515410b306e926474f5f,True,14827,14827
sprite/face/kimimaro_f.png,True,1a8c32f1f122f286688ea310fd1d899f10f834be53afb8c424596e2bff410610,1a8c32f1f122f286688ea310fd1d899f10f834be53afb8c424596e2bff410610,True,15722,15722
sprite/face/kisame_f.png,True,2447c9180ef1fa3d975bc73e7cc503ab2f120b2d0c0894424bbb8a3c705c8ee0,2447c9180ef1fa3d975bc73e7cc503ab2f120b2d0c0894424bbb8a3c705c8ee0,True,16472,16472
sprite/face/konan_f.png,True,189e77c7afdb9400c791c673df9a8efeb1592be3b32e69e32ebe99cf95d3a0a5,189e77c7afdb9400c791c673df9a8efeb1592be3b32e69e32ebe99cf95d3a0a5,True,12919,12919
sprite/face/kyubi_f.png,True,747110c3c39021dabaf9c8f20cbaf7d179719309c0f32578038c7e8f3c72ecee,747110c3c39021dabaf9c8f20cbaf7d179719309c0f32578038c7e8f3c72ecee,True,15686,15686
sprite/face/lee_f.png,True,000e21509640fe482ec6398ceffdfb52bed18f2f79fa2b4c8391320218e2eb0f,000e21509640fe482ec6398ceffdfb52bed18f2f79fa2b4c8391320218e2eb0f,True,13765,13765
sprite/face/minato_f.png,True,c38824f224e2da294706911eafdf98ca79d27fffb44c9d27986ce5ee761b2729,c38824f224e2da294706911eafdf98ca79d27fffb44c9d27986ce5ee761b2729,True,15650,15650
sprite/face/minatokcm_f.png,True,4a247974ec6f913e4e69b989deac4519ff9c7fb02aec21b69f0f29116aed5b7a,4a247974ec6f913e4e69b989deac4519ff9c7fb02aec21b69f0f29116aed5b7a,True,17315,17315
sprite/face/mizuki_cs2_f.png,True,e5e5477454ceac35bfedc22d222fdc2c84c5141f795467d49cfc9c4d2c729ad6,e5e5477454ceac35bfedc22d222fdc2c84c5141f795467d49cfc9c4d2c729ad6,True,14482,14482
sprite/face/mizuki_f.png,True,8e913ce209ab57fdd0fc177ae94dc18fd51497fdb0ab93b2b300900400771939,8e913ce209ab57fdd0fc177ae94dc18fd51497fdb0ab93b2b300900400771939,True,15253,15253
sprite/face/msasuke1_f.png,True,a8cbfc52b4d8b90168dac4e3f9f05a7afbd7712fbfea0bd5b3bcb3aaef5ad0f4,a8cbfc52b4d8b90168dac4e3f9f05a7afbd7712fbfea0bd5b3bcb3aaef5ad0f4,True,12637,12637
sprite/face/msasuke_f.png,True,aa86da03712cfcd7c21ee384d7cbe6b04ef7559ef64d6decdd4e7344d388a2ef,aa86da03712cfcd7c21ee384d7cbe6b04ef7559ef64d6decdd4e7344d388a2ef,True,14427,14427
sprite/face/naruto_f.png,True,18c508fe1016f975253b5968b04bbbb68664fb58128cd937c2b158020b3dd9c4,18c508fe1016f975253b5968b04bbbb68664fb58128cd937c2b158020b3dd9c4,True,14258,14258
sprite/face/ncdeidara_f.png,True,b373aa4c4900d842471f60b987df3ad7fc4235e976670a314c16be4740afcbfd,b373aa4c4900d842471f60b987df3ad7fc4235e976670a314c16be4740afcbfd,True,17631,17631
sprite/face/nckakuzu_f.png,True,5cf880edeb09f94f6333e38aa987ccf001004576f29dbbc9f2820503f5cdb59f,5cf880edeb09f94f6333e38aa987ccf001004576f29dbbc9f2820503f5cdb59f,True,15575,15575
sprite/face/nckisame_f.png,True,a441b61a595cb759eb04a1c55afbf5f5050e2296bda9db16b1df7492e41045c6,a441b61a595cb759eb04a1c55afbf5f5050e2296bda9db16b1df7492e41045c6,True,16035,16035
sprite/face/neji_f.png,True,34f01ce6545541cb633cccec60a9e4788c897d5f378952499a55c64b169148c4,34f01ce6545541cb633cccec60a9e4788c897d5f378952499a55c64b169148c4,True,15254,15254
sprite/face/orochimaru_f.png,True,cd2f3b69b01a26f17b4fae71a96e032a7b493d85d024538530a3c0f8fdbb0ab5,cd2f3b69b01a26f17b4fae71a96e032a7b493d85d024538530a3c0f8fdbb0ab5,True,16439,16439
sprite/face/pain_f.png,True,47eb6ba3fa8c098657b8d9304822157297a36db9f316d1f0e4dd32b22405d129,47eb6ba3fa8c098657b8d9304822157297a36db9f316d1f0e4dd32b22405d129,True,13544,13544
sprite/face/paint_f.png,True,6958d8ced8fb8ff15867b8abf6349d25c24d4c68513101ddae0bc3ae96c30c03,6958d8ced8fb8ff15867b8abf6349d25c24d4c68513101ddae0bc3ae96c30c03,True,12098,12098
sprite/face/pig_f.png,True,690aecdc4db69ec167957e31a8aa2c2d35097e07e43c2b6bc9a8bb6e5daafbaa,690aecdc4db69ec167957e31a8aa2c2d35097e07e43c2b6bc9a8bb6e5daafbaa,True,12597,12597
sprite/face/puppet_f.png,True,98b7a970fcd3d2bec1bdc247798bfa5d21b356aaf2ff24c229f6269b117aa37b,98b7a970fcd3d2bec1bdc247798bfa5d21b356aaf2ff24c229f6269b117aa37b,True,16060,16060
sprite/face/reaper_f.png,True,b0e53f3441089d1c2bec4e5691f9341aa2d478c3724044df4284cd0ec8ad8ad6,b0e53f3441089d1c2bec4e5691f9341aa2d478c3724044df4284cd0ec8ad8ad6,True,15042,15042
sprite/face/sai_f.png,True,56cca9106923e6b48366fac41e4561a561c2582eaee4604254a3efbc9d30ca5e,56cca9106923e6b48366fac41e4561a561c2582eaee4604254a3efbc9d30ca5e,True,13513,13513
sprite/face/sakon_cs2_f.png,True,24d8ee0e87b5f72bdd236510753d6eff0bea98b19737e69922129f0470ca06e6,24d8ee0e87b5f72bdd236510753d6eff0bea98b19737e69922129f0470ca06e6,True,17086,17086
sprite/face/sakon_f.png,True,e941745c34f27b397fa540773ba61d47e2f45b974348443302e3b7e2ebc4bf9e,e941745c34f27b397fa540773ba61d47e2f45b974348443302e3b7e2ebc4bf9e,True,14807,14807
sprite/face/sakura_f.png,True,02944681a630c2d359c0ed9f58199ce275f06e6b1a1e2814d3d49a36f6b6170f,02944681a630c2d359c0ed9f58199ce275f06e6b1a1e2814d3d49a36f6b6170f,True,17222,17222
sprite/face/sakuracr_f.png,True,6e80396bd2c5da0fbcc26a27e3a7dcc3afa73f13dd3a3692fdbefdee5c966176,6e80396bd2c5da0fbcc26a27e3a7dcc3afa73f13dd3a3692fdbefdee5c966176,True,17282,17282
sprite/face/sakuran_f.png,True,cce63974f1e29097ba391d740b356d441803562d3091683d2e3f8460d9d5c13a,cce63974f1e29097ba391d740b356d441803562d3091683d2e3f8460d9d5c13a,True,17116,17116
sprite/face/sand_f.png,True,6070c69e386783fdd3f8c88f194fbd302f2ccd8be6ace131da7ad5c8694ef612,6070c69e386783fdd3f8c88f194fbd302f2ccd8be6ace131da7ad5c8694ef612,True,15220,15220
sprite/face/sasori_f.png,True,7e830510d3190069a48c77a6bae819ad790734c6957b8430b1b6d28dce5e9660,7e830510d3190069a48c77a6bae819ad790734c6957b8430b1b6d28dce5e9660,True,16255,16255
sprite/face/sasori_puppet_f.png,True,fd5219008cc8745aa52e8a3dafaa436235189ea66d6923056c6f418c6b5200af,fd5219008cc8745aa52e8a3dafaa436235189ea66d6923056c6f418c6b5200af,True,13402,13402
sprite/face/sasuke_cs2_f.png,True,d879bab432655421243e353ee0592350d85363961ccd536b93998c2a4d71ca31,d879bab432655421243e353ee0592350d85363961ccd536b93998c2a4d71ca31,True,17250,17250
sprite/face/sasuke_f.png,True,610802674daa9c4c5d66ea8a4d6b53da7ccea746fbdc41e355c370045a4554e9,610802674daa9c4c5d66ea8a4d6b53da7ccea746fbdc41e355c370045a4554e9,True,15702,15702
sprite/face/sfkisame_f.png,True,f1c8f6eaab50beb9c9c01bb4208e88195bb687814ac06747b230667b48cc501b,f1c8f6eaab50beb9c9c01bb4208e88195bb687814ac06747b230667b48cc501b,True,18070,18070
sprite/face/shikamaru_f.png,True,a01661e73b3e8c956d9683873dfa970fe85df8813abe96a082d7bcda51b04f5c,a01661e73b3e8c956d9683873dfa970fe85df8813abe96a082d7bcda51b04f5c,True,14596,14596
sprite/face/shino_f.png,True,9d3065ac4e205ab2d57b256f47a7225f1d425ef6d9e6878aa227f5db17f9ae59,9d3065ac4e205ab2d57b256f47a7225f1d425ef6d9e6878aa227f5db17f9ae59,True,15053,15053
sprite/face/shisui_f.png,True,05c3dd1f05a2b9ff35d4afb75dbf9f0c982be01c539c4b7002eb0fe032b63c96,05c3dd1f05a2b9ff35d4afb75dbf9f0c982be01c539c4b7002eb0fe032b63c96,True,13946,13946
sprite/face/snaruto_f.png,True,e01d65561db8c0b5d8893fab644ac07c9da036dbb7c2280e679769898e961135,e01d65561db8c0b5d8893fab644ac07c9da036dbb7c2280e679769898e961135,True,14484,14484
sprite/face/sound_nin2_f.png,True,91d8d4802b819e9f5dce72a6fa33e7fc9361c5f6c2921038c7e4421812ceb09b,91d8d4802b819e9f5dce72a6fa33e7fc9361c5f6c2921038c7e4421812ceb09b,True,14682,14682
sprite/face/sound_nin_f.png,True,652506ca01a36d94c0bf02ae178f883f96b365f5c0cb10c2d7e80816f985161a,652506ca01a36d94c0bf02ae178f883f96b365f5c0cb10c2d7e80816f985161a,True,13358,13358
sprite/face/suigetsu_f.png,True,50185b9522b7a83369609a5241f548303c2b963c98d2b0cabacd11783cd9580a,50185b9522b7a83369609a5241f548303c2b963c98d2b0cabacd11783cd9580a,True,12901,12901
sprite/face/tayuya_cs2_f.png,True,84b1932b60946b0f710386be757018836392273155f13da1f89caa07179e89e3,84b1932b60946b0f710386be757018836392273155f13da1f89caa07179e89e3,True,15280,15280
sprite/face/tayuya_f.png,True,7c0704b2a38b79d310fe2c775dc5a84191c67ebba2e85a13e57ee7ac346de9fe,7c0704b2a38b79d310fe2c775dc5a84191c67ebba2e85a13e57ee7ac346de9fe,True,13768,13768
sprite/face/temari_f.png,True,66773ae50b23c2926e541599e79033be427a146cbf5e945f0eee3c453f2c2871,66773ae50b23c2926e541599e79033be427a146cbf5e945f0eee3c453f2c2871,True,15667,15667
sprite/face/ten_ten_f.png,True,a82f34afd7f10c99715ef5ad01c7494d17c8dc982da1ea4d9730eb73fa0ab3ad,a82f34afd7f10c99715ef5ad01c7494d17c8dc982da1ea4d9730eb73fa0ab3ad,True,14436,14436
sprite/face/teuchi_f.png,True,f4495ca3d4d4d58b7afabe1860f8819e192739452ab542618e7981194815b536,f4495ca3d4d4d58b7afabe1860f8819e192739452ab542618e7981194815b536,True,10431,10431
sprite/face/tobi_f.png,True,574f5ffb3a2f44108846bcb37026b57b66b7034f2f09a0adb1a39a2c20d08a12,574f5ffb3a2f44108846bcb37026b57b66b7034f2f09a0adb1a39a2c20d08a12,True,15479,15479
sprite/face/tobirama_f.png,True,9a5f91ae523e25673833858ec6bae691e963d9c5468c653813cba707a52e46ad,9a5f91ae523e25673833858ec6bae691e963d9c5468c653813cba707a52e46ad,True,13801,13801
sprite/face/tsunade_f.png,True,db2eecf8228857297ea4fcb765f9efb8bae482c8eacf4766d9431af771cf00d2,db2eecf8228857297ea4fcb765f9efb8bae482c8eacf4766d9431af771cf00d2,True,14649,14649
sprite/face/yagura_f.png,True,9251fa0dd3949b23558d2d9beda5b4254816deaaedb8cce50a46093fe602f0a6,9251fa0dd3949b23558d2d9beda5b4254816deaaedb8cce50a46093fe602f0a6,True,13548,13548
sprite/face/yamato_f.png,True,20abe6702c5149f76f351444e8782cc3b3cfaa8d835e57d47435baba44bb262d,20abe6702c5149f76f351444e8782cc3b3cfaa8d835e57d47435baba44bb262d,True,14537,14537
sprite/face/yellow_tobi_f.png,True,d1884b214cdb9f0b683d2173db8e0c18af402259f174a9b30bd1c8a4fecdbca3,d1884b214cdb9f0b683d2173db8e0c18af402259f174a9b30bd1c8a4fecdbca3,True,11885,11885
sprite/face/zabuza_f.png,True,1b9a92b9ea6279d4192bb3d7fa1d078d3669c17fe051a395c1260830839359df,1b9a92b9ea6279d4192bb3d7fa1d078d3669c17fe051a395c1260830839359df,True,16722,16722
sprite/frame/inkhud/bars.png,False,1b9b6a5d29066b8793a313b15088ddf5a93fcd6fc94c69b50695faef55dd4c34,1b9b6a5d29066b8793a313b15088ddf5a93fcd6fc94c69b50695faef55dd4c34,True,1543,1543
sprite/frame/inkhud/frame.png,False,9df1fee9114c71085f2922b417f09656b434e4c67c9ae9d11f808ca75b632996,9df1fee9114c71085f2922b417f09656b434e4c67c9ae9d11f808ca75b632996,True,4966,4966
sprite/frame/inkhud/team0.png,False,614b60087d1fda132c3d6e51222eb57a1ed9555eedc311c623a01645780fc54f,614b60087d1fda132c3d6e51222eb57a1ed9555eedc311c623a01645780fc54f,True,800,800
sprite/frame/inkhud/team1.png,False,db5ac094ca07ef8afff788381bbbcf8a1dbbcaa40262192d47d073dd323bcfc2,db5ac094ca07ef8afff788381bbbcf8a1dbbcaa40262192d47d073dd323bcfc2,True,796,796
sprite/frame/inkhud/team2.png,False,fd60462ca91ba5906b7360fe27c8a6ee09dc1fe1deb5ddd6f6752d5c2ad08bd0,fd60462ca91ba5906b7360fe27c8a6ee09dc1fe1deb5ddd6f6752d5c2ad08bd0,True,792,792
sprite/frame/inkhud/team3.png,False,c2623ced35b9b78960875495b88e61e1886b2e24dbfb8fd11667f30593d4b8e8,c2623ced35b9b78960875495b88e61e1886b2e24dbfb8fd11667f30593d4b8e8,True,801,801
sprite/frame/inkhud/team4.png,False,5db057b070ad4d64c4e5173840b6f6bfe7a598b93de9411ae204a8e08a5e48fe,5db057b070ad4d64c4e5173840b6f6bfe7a598b93de9411ae204a8e08a5e48fe,True,808,808
sprite/kill/c.png,False,2d0b189ccf2dd8d1bcda14e3e104e0655a2a3f17c4f5711f8a6c7215e981b3c1,2d0b189ccf2dd8d1bcda14e3e104e0655a2a3f17c4f5711f8a6c7215e981b3c1,True,854,854
sprite/kill/sk1.png,False,570f877d12d532aaa45ce4bfe697acf6d7f77c76476a54416197d64598c65974,570f877d12d532aaa45ce4bfe697acf6d7f77c76476a54416197d64598c65974,True,537,537
sprite/kill/sk2.png,False,714d16c60b11d21fdf63a594dae528bd3e406a1751be07b01e4756f1df2439f4,714d16c60b11d21fdf63a594dae528bd3e406a1751be07b01e4756f1df2439f4,True,628,628
sprite/small/0_s.png,True,814e79b381362e6fc02bd0e21cdd662b07525a3bcb6a195b1f89557ead0842c2,814e79b381362e6fc02bd0e21cdd662b07525a3bcb6a195b1f89557ead0842c2,True,825,825
sprite/small/4t_kyubi_s.png,True,a56f0b480812f0b22fde14a39114ca7c62c13774dee474e1bb71fb77f0f24b13,a56f0b480812f0b22fde14a39114ca7c62c13774dee474e1bb71fb77f0f24b13,True,3604,3604
sprite/small/anko_s.png,True,03bd098fc702bc838e8292f57cc9d98eb880f3047f9ca5dc7d1ceee2a6cc7fc5,03bd098fc702bc838e8292f57cc9d98eb880f3047f9ca5dc7d1ceee2a6cc7fc5,True,3433,3433
sprite/small/asuma_s.png,True,77640d871a00f6011aeab8927dd2f047ed27c9218b890a9db5d04293429ecde9,77640d871a00f6011aeab8927dd2f047ed27c9218b890a9db5d04293429ecde9,True,3380,3380
sprite/small/bee_s.png,True,2cc16d066c53f9ab5ae0e163a9d4cafa410b6429db5d70a9a4eeefe4de4d50b9,2cc16d066c53f9ab5ae0e163a9d4cafa410b6429db5d70a9a4eeefe4de4d50b9,True,3549,3549
sprite/small/chiyo_s.png,True,d4468aee07d1878a66bc823adb0697ffe3ed7c9b20569cd20af5207816d07a02,d4468aee07d1878a66bc823adb0697ffe3ed7c9b20569cd20af5207816d07a02,True,3460,3460
sprite/small/cs2_s.png,True,04cabeb3079119e6c414f4e548aba6ec34adb4e10734332f031cd9f065ff6bb6,04cabeb3079119e6c414f4e548aba6ec34adb4e10734332f031cd9f065ff6bb6,True,3451,3451
sprite/small/dan_s.png,True,e7434b17a8efb7f92f6e1a696b5f5b98678d6f83c0e0f96e32eb29be7da5def7,e7434b17a8efb7f92f6e1a696b5f5b98678d6f83c0e0f96e32eb29be7da5def7,True,3556,3556
sprite/small/danr_s.png,True,9cda6171c2d9e29e1793f8a1b8a496128f95b1e78e82d9ebde22d4e03c497549,9cda6171c2d9e29e1793f8a1b8a496128f95b1e78e82d9ebde22d4e03c497549,True,3437,3437
sprite/small/deidara_s.png,True,70fe328474db7f1dc16d6d54a5be8cdc105c0c102d9e832493a1d6d426fa58d2,70fe328474db7f1dc16d6d54a5be8cdc105c0c102d9e832493a1d6d426fa58d2,True,3432,3432
sprite/small/deidaraun_s.png,True,a31dd2894039547e4537c4e69642524821f9d2761ce278228f1f6943b9eb46a2,a31dd2894039547e4537c4e69642524821f9d2761ce278228f1f6943b9eb46a2,True,3514,3514
sprite/small/gaara_s.png,True,563015601617dfb080d33c548f2421f99fb4c32c4fd20bbe17d6e67dc6d0218b,563015601617dfb080d33c548f2421f99fb4c32c4fd20bbe17d6e67dc6d0218b,True,3402,3402
sprite/small/guren_s.png,True,3fc1a1b15e18a91d7046e6adf7da3cca1019ecfb1a7f553cf990e3997d941cdd,3fc1a1b15e18a91d7046e6adf7da3cca1019ecfb1a7f553cf990e3997d941cdd,True,3321,3321
sprite/small/guy_s.png,True,d68a1d8274b72c73c46a8afc7405868b625d534324000b8ea9996adac6d09d86,d68a1d8274b72c73c46a8afc7405868b625d534324000b8ea9996adac6d09d86,True,3410,3410
sprite/small/haku_s.png,True,ef8afc89d5e1fd38c5d9479ba9e4b9066a0f1169a41ddf9d27ff91cb45cfa498,ef8afc89d5e1fd38c5d9479ba9e4b9066a0f1169a41ddf9d27ff91cb45cfa498,True,3476,3476
sprite/small/han_s.png,True,0c8f53d1276d7153f67954e45e325d434c2083d9898181359c5f31eb4950b25c,0c8f53d1276d7153f67954e45e325d434c2083d9898181359c5f31eb4950b25c,True,3460,3460
sprite/small/hashirama_s.png,True,bbf213096b115ae259aa048c7f65521aa538908004be70aead87741dd6a1f7be,bbf213096b115ae259aa048c7f65521aa538908004be70aead87741dd6a1f7be,True,3457,3457
sprite/small/hashiramasage_s.png,True,78bd1732f06a77192e66ad18d81eb379cc56f7616f60de114ac99e8d07f838d3,78bd1732f06a77192e66ad18d81eb379cc56f7616f60de114ac99e8d07f838d3,True,3226,3226
sprite/small/hay_s.png,True,269fd22ec6bab0b79e3ccde284df7b0d91716a3682759c5941e57a022bfc7389,269fd22ec6bab0b79e3ccde284df7b0d91716a3682759c5941e57a022bfc7389,True,3426,3426
sprite/small/hidan_s.png,True,65e26542f3d9c9196b61f4840a64f7cfc198bf41516174ccaee2d61a4f74c8f9,65e26542f3d9c9196b61f4840a64f7cfc198bf41516174ccaee2d61a4f74c8f9,True,3350,3350
sprite/small/hinata_s.png,True,52c3aa02b7fcce53e11553f66f62b912a63ed5cb58dc523c262a25da6681535b,52c3aa02b7fcce53e11553f66f62b912a63ed5cb58dc523c262a25da6681535b,True,3407,3407
sprite/small/hiruzen_s.png,True,42e001d1904e5867bcf6fe6405ea0c16478a2f4bf0a327303877a06d91e004ec,42e001d1904e5867bcf6fe6405ea0c16478a2f4bf0a327303877a06d91e004ec,True,3312,3312
sprite/small/hsasori_s.png,True,1449569d699adb6b5a1a1f411ff6bd6086749cbb39bb23ac14fb2d5bd178c16b,1449569d699adb6b5a1a1f411ff6bd6086749cbb39bb23ac14fb2d5bd178c16b,True,3276,3276
sprite/small/huge_nin2_s.png,True,80167dc464bdcdbad3cbf8846591929a85c229ae48a09a38fbb647d2b3cd551c,80167dc464bdcdbad3cbf8846591929a85c229ae48a09a38fbb647d2b3cd551c,True,3372,3372
sprite/small/huge_nin3_s.png,True,9b93798de80be44a53382ee24252d00ae19c53d251cc8ce0ec5bbbe3d43fa54b,9b93798de80be44a53382ee24252d00ae19c53d251cc8ce0ec5bbbe3d43fa54b,True,3290,3290
sprite/small/huge_nin_s.png,True,1f8e16a2b5907889763ee612fdfcc6aacb1ad6d9e77318bd158c361a25b50688,1f8e16a2b5907889763ee612fdfcc6aacb1ad6d9e77318bd158c361a25b50688,True,3292,3292
sprite/small/hunter_s.png,True,b28517687c1228f12060117b37371b67157a8e4f822b83cd2cb73cbf89da7623,b28517687c1228f12060117b37371b67157a8e4f822b83cd2cb73cbf89da7623,True,3246,3246
sprite/small/itachi_s.png,True,c4e6be3237833cef465c50cae8c1e968c8d431b53b71a328b46f1d06dab999c7,c4e6be3237833cef465c50cae8c1e968c8d431b53b71a328b46f1d06dab999c7,True,3389,3389
sprite/small/jira_sag_s.png,True,f347b9d2c2ccd1ae39057aeee1fd6daef275005fc7505fc074cf8b7bd980cea9,f347b9d2c2ccd1ae39057aeee1fd6daef275005fc7505fc074cf8b7bd980cea9,True,3507,3507
sprite/small/jiraiya_s.png,True,09efe49dc5a9584c2510444a279efe61c73a04e3ea8ea57c8e92bf5f1960a724,09efe49dc5a9584c2510444a279efe61c73a04e3ea8ea57c8e92bf5f1960a724,True,3435,3435
sprite/small/jiroubou1_s.png,True,b768c9f1095d6bedb763ef88da272ba9e71977022a462098ba4ddb865af5e860,b768c9f1095d6bedb763ef88da272ba9e71977022a462098ba4ddb865af5e860,True,3216,3216
sprite/small/jiroubou_s.png,True,f6c2766ccad68a011d99362d87e24f8f650388f8104c574a11f1b026f11561a3,f6c2766ccad68a011d99362d87e24f8f650388f8104c574a11f1b026f11561a3,True,3602,3602
sprite/small/jugo_s.png,True,3e414b80c1194e3609486631d2c57d9894d41d75dfc7bb769c094a103a91fca5,3e414b80c1194e3609486631d2c57d9894d41d75dfc7bb769c094a103a91fca5,True,3426,3426
sprite/small/jugocs2_s.png,True,128ad9c11be5e8abb28ffc243c3573dac6993ec984d01b4afd13df5fc49db7b3,128ad9c11be5e8abb28ffc243c3573dac6993ec984d01b4afd13df5fc49db7b3,True,3332,3332
sprite/small/kabuto_s.png,True,3f9c393658399117ce3845b181c00fa9c09901863bd03531e2b5fd5b7b61e8da,3f9c393658399117ce3845b181c00fa9c09901863bd03531e2b5fd5b7b61e8da,True,3404,3404
sprite/small/kakashi_s.png,True,f4d48c9795a3452056521a23b2332800f03bd3a2fef13a0565ae63821837b92e,f4d48c9795a3452056521a23b2332800f03bd3a2fef13a0565ae63821837b92e,True,3194,3194
sprite/small/kakuzu_s.png,True,1bd86090eabd4e0f90f76acfb7ac78dd0e1f30e075ddd18510b5d1a35264bbe0,1bd86090eabd4e0f90f76acfb7ac78dd0e1f30e075ddd18510b5d1a35264bbe0,True,3224,3224
sprite/small/kakuzuun_s.png,True,2db51edb4ddf983bb12296a5cd45b2b640b8470baa577f441fc64362d016a438,2db51edb4ddf983bb12296a5cd45b2b640b8470baa577f441fc64362d016a438,True,3368,3368
sprite/small/kankuro_s.png,True,39752eff248cf7658a6e3ccb92d5b583902f379b1bc69abea635516e1ac848cc,39752eff248cf7658a6e3ccb92d5b583902f379b1bc69abea635516e1ac848cc,True,3388,3388
sprite/small/karin_s.png,True,ae4ac623e208f04db1ad4d64116f0fc7c83287e1d98f8650c905f8f038674f15,ae4ac623e208f04db1ad4d64116f0fc7c83287e1d98f8650c905f8f038674f15,True,3488,3488
sprite/small/kiba_s.png,True,606507b5755ddc33c5baaea32c867e484524e31ac2766ab67a1157318614c5a4,606507b5755ddc33c5baaea32c867e484524e31ac2766ab67a1157318614c5a4,True,3211,3211
sprite/small/kidomaru1_s.png,True,64e393b300173119e47973523098da38bca367fd26895dd951eb5d03b77388c2,64e393b300173119e47973523098da38bca367fd26895dd951eb5d03b77388c2,True,3532,3532
sprite/small/kidomaru_s.png,True,0063ee901126c6d6f01a3a0398e828dc0b144232eb725495dae329aa7c7ba802,0063ee901126c6d6f01a3a0398e828dc0b144232eb725495dae329aa7c7ba802,True,3498,3498
sprite/small/kimimaro_s.png,True,3a2e51430b0a242cb17c5f4ce5da9189c8fdfd66a91681e837de0a8d7fad4247,3a2e51430b0a242cb17c5f4ce5da9189c8fdfd66a91681e837de0a8d7fad4247,True,3570,3570
sprite/small/kimimarocs2_s.png,True,6b4a7459b4950e0492e1b6956a88171a6ff369aab4c516b20c02cee6327412fd,6b4a7459b4950e0492e1b6956a88171a6ff369aab4c516b20c02cee6327412fd,True,3412,3412
sprite/small/kisame_s.png,True,130c8adeeee1bfb99d2455fa6777212d37521c62ef3a69c038ce9b1a6cb54c8b,130c8adeeee1bfb99d2455fa6777212d37521c62ef3a69c038ce9b1a6cb54c8b,True,3449,3449
sprite/small/kisamesam_s.png,True,52a75377f7543c4fe12c38f3ecbc3e3a4c6925fe1597053431433fa1ae12d57c,52a75377f7543c4fe12c38f3ecbc3e3a4c6925fe1597053431433fa1ae12d57c,True,3554,3554
sprite/small/kisameun_s.png,True,cf30bb082b0b0f00ecc256c74152442ed608468098b4bc683104c8c03118db10,cf30bb082b0b0f00ecc256c74152442ed608468098b4bc683104c8c03118db10,True,3540,3540
sprite/small/konan_s.png,True,b5bb02ca5608bf89f8f61fc7cef49f75702241baac7a8b94ae7efc4c16d437ff,b5bb02ca5608bf89f8f61fc7cef49f75702241baac7a8b94ae7efc4c16d437ff,True,3135,3135
sprite/small/kyubi_s.png,True,4000e195fe56799933c89c28183bd13a07be6319798fb5bbc9192fd0ea2788bb,4000e195fe56799933c89c28183bd13a07be6319798fb5bbc9192fd0ea2788bb,True,3409,3409
sprite/small/minato_s.png,True,02fbf9fe05301c4774680448aad4c36b9e026aac063c42d0e13eb55297e28efa,02fbf9fe05301c4774680448aad4c36b9e026aac063c42d0e13eb55297e28efa,True,3603,3603
sprite/small/minatokcm_s.png,True,4579ad75e6d2f845eb9c96ca54ba2820e3c174ec1c7d15685190923b2f16905f,4579ad75e6d2f845eb9c96ca54ba2820e3c174ec1c7d15685190923b2f16905f,True,3523,3523
sprite/small/minatosage_s.png,True,f76a179636b70cb675a089541fc54f5697602f4133186a62baed585f6c2a20a9,f76a179636b70cb675a089541fc54f5697602f4133186a62baed585f6c2a20a9,True,3556,3556
sprite/small/miz_s.png,True,b720843308b07aee0b674d91b1c44393ac501357e8871c2f493aeae20f420f3f,b720843308b07aee0b674d91b1c44393ac501357e8871c2f493aeae20f420f3f,True,3402,3402
sprite/small/naruto_s.png,True,c0402cb7f0d94c52d0d2905da3e828d41a9a78f8e0d82c4993c8004f7d966c6f,c0402cb7f0d94c52d0d2905da3e828d41a9a78f8e0d82c4993c8004f7d966c6f,True,3287,3287
sprite/small/narutosage_s.png,True,065b180daac095ac40d51aec33c7e308b2ccefbdae7d7f49636f778e7ad7e37a,065b180daac095ac40d51aec33c7e308b2ccefbdae7d7f49636f778e7ad7e37a,True,3251,3251
sprite/small/ncs_s.png,True,afd89b6145618c41ed29dfae2e54a5bf922ae9b1a027048bd60d13bd9628a037,afd89b6145618c41ed29dfae2e54a5bf922ae9b1a027048bd60d13bd9628a037,True,3165,3165
sprite/small/neji_s.png,True,ee1c5d4dc267b3ff9dcc5599be4a17adf3b68c27c8b5d1d59c68bd8681790ad2,ee1c5d4dc267b3ff9dcc5599be4a17adf3b68c27c8b5d1d59c68bd8681790ad2,True,3437,3437
sprite/small/orochimaru_s.png,True,624aff5924d536dedfcd4ce05a5b5973ef39dce86fd690cea7218db60075e7d2,624aff5924d536dedfcd4ce05a5b5973ef39dce86fd690cea7218db60075e7d2,True,3465,3465
sprite/small/pain_s.png,True,61cfdc143b3d104fd6cda846bf0a15bc33fd755d38c32fae7159829bd3652a88,61cfdc143b3d104fd6cda846bf0a15bc33fd755d38c32fae7159829bd3652a88,True,3273,3273
sprite/small/paint_s.png,True,6d9bdb92537472f9fd965affe38161cb239a996e59ed78b43cf78735f092bcbe,6d9bdb92537472f9fd965affe38161cb239a996e59ed78b43cf78735f092bcbe,True,3096,3096
sprite/small/pig_s.png,True,182921e577028fb5ded646cff082ccd38615427344d662ab787e0a55d7d2425b,182921e577028fb5ded646cff082ccd38615427344d662ab787e0a55d7d2425b,True,3288,3288
sprite/small/puppet_s.png,True,fcd2a82d904f366ea1eee755a9f8eda11b9f3c5856cb781336f659e91f5d5959,fcd2a82d904f366ea1eee755a9f8eda11b9f3c5856cb781336f659e91f5d5959,True,3502,3502
sprite/small/rai_s.png,True,66bd40a058816fc6cf19f4e24a73b268c57f85c4e899d228cd7a6e791fa08bbc,66bd40a058816fc6cf19f4e24a73b268c57f85c4e899d228cd7a6e791fa08bbc,True,3359,3359
sprite/small/reaper_s.png,True,a636b5b16612953f35473da72db432715730874f95d1846a724247ebf120df90,a636b5b16612953f35473da72db432715730874f95d1846a724247ebf120df90,True,3452,3452
sprite/small/rock_lee_s.png,True,25b6739005fd488731403e28ea5098cdb62c8597576d4d4a0b4962caff932d61,25b6739005fd488731403e28ea5098cdb62c8597576d4d4a0b4962caff932d61,True,3282,3282
sprite/small/sai_s.png,True,3aadae8569770d4b1e0b46ee91aea3f6d6b1abd4d6b8ae7b4dd0221c19bd95a8,3aadae8569770d4b1e0b46ee91aea3f6d6b1abd4d6b8ae7b4dd0221c19bd95a8,True,3263,3263
sprite/small/sakon1_s.png,True,060633204322584403dfaa1c04149abf1fc91f40b17e970f8007835c49667bc6,060633204322584403dfaa1c04149abf1fc91f40b17e970f8007835c49667bc6,True,3394,3394
sprite/small/sakon_s.png,True,527fb961e7887d2bea50149334a0b96997e28ba2c6c3e8de490e4b763814d17e,527fb961e7887d2bea50149334a0b96997e28ba2c6c3e8de490e4b763814d17e,True,3575,3575
sprite/small/sakura_s.png,True,0c12e6f77a48428f3f1f47dfd0736b4e166478e69eaebdc7c2b52ce4166e995d,0c12e6f77a48428f3f1f47dfd0736b4e166478e69eaebdc7c2b52ce4166e995d,True,3552,3552
sprite/small/sakuracr_s.png,True,35ace7feb22ca41cd246b707933a0b59f2f196235235992039361f665bbefa1f,35ace7feb22ca41cd246b707933a0b59f2f196235235992039361f665bbefa1f,True,3560,3560
sprite/small/sakuranothing_s.png,True,8ba5e292973703ff08a5e4c0dddb6339be01deb85b7fb42c7e2de413d2987e21,8ba5e292973703ff08a5e4c0dddb6339be01deb85b7fb42c7e2de413d2987e21,True,3551,3551
sprite/small/sand_s.png,True,ac24bcda83c1130fae4c8390c04cd32930b3624f51ce09d82a1d94b24a654a87,ac24bcda83c1130fae4c8390c04cd32930b3624f51ce09d82a1d94b24a654a87,True,3460,3460
sprite/small/sasori_s.png,True,9286bb18776069a368e26a350c589a00ac0aa39ca86fa7d1b94e4fd499c3ac95,9286bb18776069a368e26a350c589a00ac0aa39ca86fa7d1b94e4fd499c3ac95,True,3407,3407
sprite/small/sasuke_cs2_s.png,True,ab80b467c2bf2d4dac3f4920acd09b6ba31bc86dfa9a8d324086d7c4a2d54b9d,ab80b467c2bf2d4dac3f4920acd09b6ba31bc86dfa9a8d324086d7c4a2d54b9d,True,3581,3581
sprite/small/sasuke_s.png,True,62d63166f76f2f685ff9939630a37549b0d8e1b50084c2373cc1d37ad90f36f5,62d63166f76f2f685ff9939630a37549b0d8e1b50084c2373cc1d37ad90f36f5,True,3305,3305
sprite/small/sasukems_s.png,True,ee51fecc8384fbf6e4dfd365c925cedb22e20f131ba3d72b03bfb536df73a0cd,ee51fecc8384fbf6e4dfd365c925cedb22e20f131ba3d72b03bfb536df73a0cd,True,3216,3216
sprite/small/sasukemss_s.png,True,8d2707cf64c60d097c76cb6931056f88fece9031f61f4838d1e48a16f247a6ae,8d2707cf64c60d097c76cb6931056f88fece9031f61f4838d1e48a16f247a6ae,True,3443,3443
sprite/small/shikamaru_s.png,True,b85a3a7e5c1d838ccacb938c449030b7211090c99f51b94883098fc1e57c4a8f,b85a3a7e5c1d838ccacb938c449030b7211090c99f51b94883098fc1e57c4a8f,True,3243,3243
sprite/small/shino_s.png,True,26501cd2512836fc25c91bdf918a493a481b6da530bdf7ccffd4e6839adb2302,26501cd2512836fc25c91bdf918a493a481b6da530bdf7ccffd4e6839adb2302,True,3509,3509
sprite/small/shisui_s.png,True,48ca7e8759af56c98d840689fee5aac59671abd20d9075b3be351e50d0be785d,48ca7e8759af56c98d840689fee5aac59671abd20d9075b3be351e50d0be785d,True,3357,3357
sprite/small/sound_nin2_s.png,True,68396db42787b9d1a92a89a028fc2724ab29601492fdedebbffdd7e1c1983343,68396db42787b9d1a92a89a028fc2724ab29601492fdedebbffdd7e1c1983343,True,3388,3388
sprite/small/sound_nin_s.png,True,f73c006e9a8d3a576a3064c9def7256827cc6310393e6c96143964f283598f49,f73c006e9a8d3a576a3064c9def7256827cc6310393e6c96143964f283598f49,True,3348,3348
sprite/small/sui_s.png,True,ad91bf2b511aea54ec1e39771107c1da9f780055713cdbbde7f1f5cddb45ed17,ad91bf2b511aea54ec1e39771107c1da9f780055713cdbbde7f1f5cddb45ed17,True,3206,3206
sprite/small/sukon1_s.png,True,4c768abd7ce85ab68af9070db1c234181579b92b031851eb087e6288a459da4a,4c768abd7ce85ab68af9070db1c234181579b92b031851eb087e6288a459da4a,True,3226,3226
sprite/small/sukon_s.png,True,84187057f1e43bc6a86a664ce0792423da5392deadf88cea839bab577fcb0bca,84187057f1e43bc6a86a664ce0792423da5392deadf88cea839bab577fcb0bca,True,3437,3437
sprite/small/tayuya1_s.png,True,2452e746fc06f7218131297b21074ced883f605c64920e5d1325e7d4a19507fe,2452e746fc06f7218131297b21074ced883f605c64920e5d1325e7d4a19507fe,True,3355,3355
sprite/small/tayuya_s.png,True,791c121b8a9acc2f56922b317939ff1fa542de69b625f2ac5059e008818f6a89,791c121b8a9acc2f56922b317939ff1fa542de69b625f2ac5059e008818f6a89,True,3491,3491
sprite/small/temari_s.png,True,38e2b648866a6a4b4e00fc8d37c83228c5d929bc8bdec0a57c57934fe1333f27,38e2b648866a6a4b4e00fc8d37c83228c5d929bc8bdec0a57c57934fe1333f27,True,3362,3362
sprite/small/ten_ten_s.png,True,ff54621bc4305909e30a3235ec7b841f8a9919ef172d5523fc72dbe31da29822,ff54621bc4305909e30a3235ec7b841f8a9919ef172d5523fc72dbe31da29822,True,3365,3365
sprite/small/ten_tensage_s.png,True,ad7c6c3e5d4afbe9f063cf047d795c80e2b889e6cf92674101450275adaea8d7,ad7c6c3e5d4afbe9f063cf047d795c80e2b889e6cf92674101450275adaea8d7,True,3453,3453
sprite/small/teuchi_s.png,True,4556113c98a85a81ff55561cb818e3a38a691d0727068e439f2e9d91ff842887,4556113c98a85a81ff55561cb818e3a38a691d0727068e439f2e9d91ff842887,True,2713,2713
sprite/small/tobi_s.png,True,42dce797a87617998fdcfdc92fd26c3c5da1eaf5fa1308a49b64ffdb7a8181c1,42dce797a87617998fdcfdc92fd26c3c5da1eaf5fa1308a49b64ffdb7a8181c1,True,3326,3326
sprite/small/tobirama_s.png,True,87f74862689101b585ff1bb0883c3cae2fd2737f957b2d2f1c1f20e9abc010fe,87f74862689101b585ff1bb0883c3cae2fd2737f957b2d2f1c1f20e9abc010fe,True,3335,3335
sprite/small/tsunade_s.png,True,f6fbc906657fd57a6c8571612c636e7494150625d3213c73c0be64900c1d4afb,f6fbc906657fd57a6c8571612c636e7494150625d3213c73c0be64900c1d4afb,True,3445,3445
sprite/small/ttobi_s.png,True,46c595ec2a25a20a32dc26490b722c42f17f1a045190d45b314a1a2643985795,46c595ec2a25a20a32dc26490b722c42f17f1a045190d45b314a1a2643985795,True,3090,3090
sprite/small/ukon1_s.png,True,046781142248759651f8fa9dee0b053169a727a03eaa657bb13d4ebc587739fe,046781142248759651f8fa9dee0b053169a727a03eaa657bb13d4ebc587739fe,True,3175,3175
sprite/small/ukon_s.png,True,bf96b6b6d9fda7f85515c2fd23f9627e1b26b448485e1b48eda93a376f22c57e,bf96b6b6d9fda7f85515c2fd23f9627e1b26b448485e1b48eda93a376f22c57e,True,3124,3124
sprite/small/yagura_s.png,True,27b212dc088abaa36d5a76a73e8e8ac3d77e23587b7d30d7bd595cb1794bce30,27b212dc088abaa36d5a76a73e8e8ac3d77e23587b7d30d7bd595cb1794bce30,True,3391,3391
sprite/small/yamato_s.png,True,09e0b3c6dd08d48f6e54534991ffc2cca0e0ca0c9842688f17a3852c4db09ce3,09e0b3c6dd08d48f6e54534991ffc2cca0e0ca0c9842688f17a3852c4db09ce3,True,3308,3308
sprite/small/zabuza_s.png,True,64fbab4a8edfdc9f9362cf8855f362e165fd90ffdfbfa5f80c6eba5c0a2b1656,64fbab4a8edfdc9f9362cf8855f362e165fd90ffdfbfa5f80c6eba5c0a2b1656,True,3543,3543
sprite/small/zabuzademon_s.png,True,bdcfb66f2635be5ec26a8b22ed0d8a93ffc6f5e5f0dfb0cbc2b514857e7df6b1,bdcfb66f2635be5ec26a8b22ed0d8a93ffc6f5e5f0dfb0cbc2b514857e7df6b1,True,3618,3618
sprite/smallb/4t_kyubi_s.png,True,f6a4410b6a084c087ee7db1cd9bae0acb7126edd119878693f2400281e57b4f1,f6a4410b6a084c087ee7db1cd9bae0acb7126edd119878693f2400281e57b4f1,True,2435,2435
sprite/smallb/anko_s.png,True,4d76b729d05aad51a82e90276712325ec8a1854030955a1be598c4387c6e4364,4d76b729d05aad51a82e90276712325ec8a1854030955a1be598c4387c6e4364,True,2340,2340
sprite/smallb/asuma_s.png,True,67aec751590d0973026b6773ace5591a43d8c18d1376ac545853f38b073a2de3,67aec751590d0973026b6773ace5591a43d8c18d1376ac545853f38b073a2de3,True,2436,2436
sprite/smallb/bee_s.png,True,ee07236f63c21538040f67e36393174d2bf9d4c685f1c0fc1a40ba9e918cf4dc,ee07236f63c21538040f67e36393174d2bf9d4c685f1c0fc1a40ba9e918cf4dc,True,2418,2418
sprite/smallb/chiyo_s.png,True,2aebccdbfb68ae0f4dea1f03a3c735f2dc3778644634da269437ebce76714a10,2aebccdbfb68ae0f4dea1f03a3c735f2dc3778644634da269437ebce76714a10,True,2356,2356
sprite/smallb/cs2_s.png,True,bc7c73f2589e6db46951dcdac2f03d2c1a38eb6e30e0024aeca5a0785967f137,bc7c73f2589e6db46951dcdac2f03d2c1a38eb6e30e0024aeca5a0785967f137,True,2448,2448
sprite/smallb/dan_s.png,True,f75f8af6b5f1aa73e78c985882f56bc0ca35734c9898bb933fc49efb9ea71487,f75f8af6b5f1aa73e78c985882f56bc0ca35734c9898bb933fc49efb9ea71487,True,2362,2362
sprite/smallb/danr_s.png,True,809081442e6a6ce5983d0f71af052263f9fe8e7d01134d4d14d9a611659c6aa3,809081442e6a6ce5983d0f71af052263f9fe8e7d01134d4d14d9a611659c6aa3,True,2455,2455
sprite/smallb/deidara_s.png,True,1594968eb99237cb9994e973fe2c622bb476eb518a720231419be821359058d1,1594968eb99237cb9994e973fe2c622bb476eb518a720231419be821359058d1,True,2441,2441
sprite/smallb/deidaraun_s.png,True,ef8c6e9c00e22fabb54a00f11548cae7dededb039a6560855945790ee30fcb90,ef8c6e9c00e22fabb54a00f11548cae7dededb039a6560855945790ee30fcb90,True,2407,2407
sprite/smallb/gaara_s.png,True,24715e2f3feb445aee389431b2dd9d45676f9566aae525f1730026d56492ae5e,24715e2f3feb445aee389431b2dd9d45676f9566aae525f1730026d56492ae5e,True,2432,2432
sprite/smallb/guren_s.png,True,2d0cb7f8433bcbd404c5aa8bff46b0a2f59b597647cd30aed4b5b5448843d4e9,2d0cb7f8433bcbd404c5aa8bff46b0a2f59b597647cd30aed4b5b5448843d4e9,True,2405,2405
sprite/smallb/guy_s.png,True,a8eb13224dbc51b1f52caa2a258a56fe829ceb71777df9b2bb18d7c6c04a554c,a8eb13224dbc51b1f52caa2a258a56fe829ceb71777df9b2bb18d7c6c04a554c,True,2411,2411
sprite/smallb/haku_s.png,True,dc83c05dea3192399b96516326cac0a99d6d3dc91cd9d2aa6df55b6618c917bb,dc83c05dea3192399b96516326cac0a99d6d3dc91cd9d2aa6df55b6618c917bb,True,2431,2431
sprite/smallb/han_s.png,True,aa37ea3bd28f1b4492ccaaf634299b7d7caca0acbd01fae6d076d4bceba0115c,aa37ea3bd28f1b4492ccaaf634299b7d7caca0acbd01fae6d076d4bceba0115c,True,2419,2419
sprite/smallb/hashirama_s.png,True,40f7f49c65583df988fb6bbff4a4b4c7b5ac5e92eb3696e752f07b6c5e0ee2a2,40f7f49c65583df988fb6bbff4a4b4c7b5ac5e92eb3696e752f07b6c5e0ee2a2,True,2290,2290
sprite/smallb/hashiramasage_s.png,True,e95135e1e6edbe7bfbbca4423fe6b9fb02b09c74dd038fdf697a12c538b0ccdb,e95135e1e6edbe7bfbbca4423fe6b9fb02b09c74dd038fdf697a12c538b0ccdb,True,2288,2288
sprite/smallb/hay_s.png,True,6e47406ee5a15320070377eb0db3a30032683491af24676d2f0839b05bc5c8d2,6e47406ee5a15320070377eb0db3a30032683491af24676d2f0839b05bc5c8d2,True,2253,2253
sprite/smallb/hidan_s.png,True,cdf0a435653481581a9439a9e42e583a00cefafb90e056f3b107e5f220cdc5b1,cdf0a435653481581a9439a9e42e583a00cefafb90e056f3b107e5f220cdc5b1,True,2402,2402
sprite/smallb/hinata_s.png,True,ae8923d11bdab4760ee088a0310e9d7aa74f882d1ffaad2905f7810ec8bb1fdf,ae8923d11bdab4760ee088a0310e9d7aa74f882d1ffaad2905f7810ec8bb1fdf,True,2269,2269
sprite/smallb/hiruzen_s.png,True,47bb91ba4239142af8c2fed1b6aba1784307bfdf392906725d18d065ebb646f0,47bb91ba4239142af8c2fed1b6aba1784307bfdf392906725d18d065ebb646f0,True,2410,2410
sprite/smallb/hsasori_s.png,True,2ee442dde3c29d0610e27dc469303e58dfe4dd97f9861c295bd8964a87212541,2ee442dde3c29d0610e27dc469303e58dfe4dd97f9861c295bd8964a87212541,True,2057,2057
sprite/smallb/huge_nin2_s.png,True,67cba4eea6375ba81d20e88ec4c40b5550f7e091b20cb57167b842a625d4a0c4,67cba4eea6375ba81d20e88ec4c40b5550f7e091b20cb57167b842a625d4a0c4,True,2422,2422
sprite/smallb/huge_nin3_s.png,True,ea010ec0fa1690d867c760c758f65c6eb371ed46687629176b14bf5fc4ea090a,ea010ec0fa1690d867c760c758f65c6eb371ed46687629176b14bf5fc4ea090a,True,2434,2434
sprite/smallb/huge_nin_s.png,True,b3a3619fc58c35dddeeaf30e002ed629a4ac2e15d80d51cad99d27e2f782045f,b3a3619fc58c35dddeeaf30e002ed629a4ac2e15d80d51cad99d27e2f782045f,True,2412,2412
sprite/smallb/hunter_s.png,True,bc80db4d521ba3ad8887e4489b483575e73c8db6539274f9a097a938e346f191,bc80db4d521ba3ad8887e4489b483575e73c8db6539274f9a097a938e346f191,True,2370,2370
sprite/smallb/itachi_s.png,True,3f77dbfd4fe4e20ff8336bb21c4b57f6b8907b5fc7ae372428641b3f9890e649,3f77dbfd4fe4e20ff8336bb21c4b57f6b8907b5fc7ae372428641b3f9890e649,True,2414,2414
sprite/smallb/jira_sag_s.png,True,beff16f9798a494497f909f7b5eb6568828cf0dc59c99012cfcb3e569fc7b9a7,beff16f9798a494497f909f7b5eb6568828cf0dc59c99012cfcb3e569fc7b9a7,True,2379,2379
sprite/smallb/jiraiya_s.png,True,4932b2e6b3c57e5cf4eda5b15346ecb4c93378c26f5215a481fc922e764e6a9f,4932b2e6b3c57e5cf4eda5b15346ecb4c93378c26f5215a481fc922e764e6a9f,True,2383,2383
sprite/smallb/jiroubou1_s.png,True,f17619d32cec2af48f5056eafa38f71bbffa5e30815d4d9149caee33b135e13a,f17619d32cec2af48f5056eafa38f71bbffa5e30815d4d9149caee33b135e13a,True,2440,2440
sprite/smallb/jiroubou_s.png,True,b4ce7b3a2caa2f0b7953a6c5985fb94eca3508e273cfea197b3586eddf867ce8,b4ce7b3a2caa2f0b7953a6c5985fb94eca3508e273cfea197b3586eddf867ce8,True,2297,2297
sprite/smallb/jugo_s.png,True,4086bee758e4db500f44ad207901dbba300f7160cca9909121f21573d77f2271,4086bee758e4db500f44ad207901dbba300f7160cca9909121f21573d77f2271,True,2337,2337
sprite/smallb/jugocs2_s.png,True,440bc3f22cad9457a1bd801731d207c0e5d778563f6c8a9b7de70bf882e2fd39,440bc3f22cad9457a1bd801731d207c0e5d778563f6c8a9b7de70bf882e2fd39,True,2334,2334
sprite/smallb/kabuto_s.png,True,86a396d5178fb7e99eec30ff83a1fb0193f529f54dbe060c8fa2e71fa362944f,86a396d5178fb7e99eec30ff83a1fb0193f529f54dbe060c8fa2e71fa362944f,True,2256,2256
sprite/smallb/kakashi_s.png,True,2d038025fb97992c81f3df20ae2d5359bdbd378b13bd14bf68f4ca4fbe1c5945,2d038025fb97992c81f3df20ae2d5359bdbd378b13bd14bf68f4ca4fbe1c5945,True,2197,2197
sprite/smallb/kakuzu_s.png,True,995fa62b35dc7adeef2485088390077321e0e20b1bf7595159d3b2f41425ce0f,995fa62b35dc7adeef2485088390077321e0e20b1bf7595159d3b2f41425ce0f,True,2276,2276
sprite/smallb/kakuzuun_s.png,True,9523a2efbaebd502f6947aea2156ae5e3afb667130f4dbf63db2eff10dd70534,9523a2efbaebd502f6947aea2156ae5e3afb667130f4dbf63db2eff10dd70534,True,2281,2281
sprite/smallb/kankuro_s.png,True,7aab4b3a9e7d3e028a0838f496cee3c0175f18490b2287062b9358eb5121bdea,7aab4b3a9e7d3e028a0838f496cee3c0175f18490b2287062b9358eb5121bdea,True,2407,2407
sprite/smallb/karin_s.png,True,78056bf6135313d4bbad586f893e69e6fd7b7a85b5d1c8f64a1ef16281ef3397,78056bf6135313d4bbad586f893e69e6fd7b7a85b5d1c8f64a1ef16281ef3397,True,2449,2449
sprite/smallb/kiba_s.png,True,eff8e36612354db6e03662b7bd936faa02c5d744016aebc87f65968d03c936db,eff8e36612354db6e03662b7bd936faa02c5d744016aebc87f65968d03c936db,True,2362,2362
sprite/smallb/kidomaru1_s.png,True,bb04a22b08a44f76aa63fdaf2931160b6f22f5f264c9cc1431fd1cd2fcfd2d87,bb04a22b08a44f76aa63fdaf2931160b6f22f5f264c9cc1431fd1cd2fcfd2d87,True,2464,2464
sprite/smallb/kidomaru_s.png,True,34742ca8870d7f789ddd23e44472699f762068bef8acb9e572feba54a3ad3280,34742ca8870d7f789ddd23e44472699f762068bef8acb9e572feba54a3ad3280,True,2438,2438
sprite/smallb/kimimaro_s.png,True,40dbba4553ce45c7d3e468e6a59575491e9e4037e147f54913d4184d64c2b0cf,40dbba4553ce45c7d3e468e6a59575491e9e4037e147f54913d4184d64c2b0cf,True,2381,2381
sprite/smallb/kimimarocs2_s.png,True,2742808084c59ebce055c56132c8f76e4b6ac315ef09e533f2e2c032f3383b14,2742808084c59ebce055c56132c8f76e4b6ac315ef09e533f2e2c032f3383b14,True,2377,2377
sprite/smallb/kisame_s.png,True,75e4fea2e09e570ecd207f7559b5d5219e9e1529ccca2220a0c829c529b8ddda,75e4fea2e09e570ecd207f7559b5d5219e9e1529ccca2220a0c829c529b8ddda,True,2425,2425
sprite/smallb/kisamesam_s.png,True,a1e6a18110e7a460499deee17060c400df90fb0c62ffcfe3b250128e6e433c30,a1e6a18110e7a460499deee17060c400df90fb0c62ffcfe3b250128e6e433c30,True,2393,2393
sprite/smallb/kisameun_s.png,True,d5a5d3c3961320f2cf60f2db09f28a1a7aea50ccfa8ba72fb8386ee6eb1d82d0,d5a5d3c3961320f2cf60f2db09f28a1a7aea50ccfa8ba72fb8386ee6eb1d82d0,True,2363,2363
sprite/smallb/konan_s.png,True,dacc03badd1e7f79b5f4b9a3e94c8d00336ac38000c73c3ee46f6cb39ddb0746,dacc03badd1e7f79b5f4b9a3e94c8d00336ac38000c73c3ee46f6cb39ddb0746,True,2365,2365
sprite/smallb/kyubi_s.png,True,3c189690c199c4d8812d5e3a1507b93762baf27823ddf5135c6a6c6f0501aafb,3c189690c199c4d8812d5e3a1507b93762baf27823ddf5135c6a6c6f0501aafb,True,2410,2410
sprite/smallb/minato_s.png,True,0e22c8e4d134d851b7f04cee7ed436f554d955b4dd808947fc468eaa112d46aa,0e22c8e4d134d851b7f04cee7ed436f554d955b4dd808947fc468eaa112d46aa,True,2404,2404
sprite/smallb/minatokcm_s.png,True,31eb580043b2992c564e66e4cfecde3afe6a5ce7cf48d64829c23de88f7f0d94,31eb580043b2992c564e66e4cfecde3afe6a5ce7cf48d64829c23de88f7f0d94,True,2412,2412
sprite/smallb/minatosage_s.png,True,0e587cc103d078c94a7a50c1cec39c58e0ddee112c5620c87856f66dc0bd4c94,0e587cc103d078c94a7a50c1cec39c58e0ddee112c5620c87856f66dc0bd4c94,True,2372,2372
sprite/smallb/miz_s.png,True,c666050be6937a2e635cec8e553c59fda66ba9a0e112af28620971b2e85d2162,c666050be6937a2e635cec8e553c59fda66ba9a0e112af28620971b2e85d2162,True,2425,2425
sprite/smallb/naruto_s.png,True,9c12b2a2b38d2efcddf0986d5ee49f5b02dfc626bc0e9dd08a1c4801c270ad4a,9c12b2a2b38d2efcddf0986d5ee49f5b02dfc626bc0e9dd08a1c4801c270ad4a,True,2328,2328
sprite/smallb/narutosage_s.png,True,8805a20d1581dfbff8cc06f8952d65b83369e2c67330c1f9858628cb0d2c90c8,8805a20d1581dfbff8cc06f8952d65b83369e2c67330c1f9858628cb0d2c90c8,True,2416,2416
sprite/smallb/ncs_s.png,True,a2a976f530c3b686972d495edcd167354374e0def551b425b6b017bfee901f4b,a2a976f530c3b686972d495edcd167354374e0def551b425b6b017bfee901f4b,True,2057,2057
sprite/smallb/neji_s.png,True,e3aefa4c3e96eb634f15d20096a3455632b30905ed40ba901ef948fb8a00a708,e3aefa4c3e96eb634f15d20096a3455632b30905ed40ba901ef948fb8a00a708,True,2348,2348
sprite/smallb/orochimaru_s.png,True,be232e61c9809f953b0b78527cd7ca06cdb39ec1fa760be9554d80a878f31527,be232e61c9809f953b0b78527cd7ca06cdb39ec1fa760be9554d80a878f31527,True,2445,2445
sprite/smallb/pain_s.png,True,2ae4c8e237dd55f7f7c6e937a74653432bbaa28a5f4abc2d580c74bf5ba236ce,2ae4c8e237dd55f7f7c6e937a74653432bbaa28a5f4abc2d580c74bf5ba236ce,True,2393,2393
sprite/smallb/paint_s.png,True,a867ca7d8d3d2dd970aba16d81af8a26fa996fb62071afe2e20c7c5d8f1ccb32,a867ca7d8d3d2dd970aba16d81af8a26fa996fb62071afe2e20c7c5d8f1ccb32,True,2302,2302
sprite/smallb/pig_s.png,True,e609aa73ebed355aba6ffed6a24c6865139ae454c1b5238d3f46ac582aecfddb,e609aa73ebed355aba6ffed6a24c6865139ae454c1b5238d3f46ac582aecfddb,True,2290,2290
sprite/smallb/puppet_s.png,True,680473eaefbecd0b09f3c574ea8dfb50b0c1bf46ededbb1d89b202b9a0353d2e,680473eaefbecd0b09f3c574ea8dfb50b0c1bf46ededbb1d89b202b9a0353d2e,True,2410,2410
sprite/smallb/rai_s.png,True,a5c3311371cd311038663d815f6de532d6773e48b24075e1d69dd162fce58383,a5c3311371cd311038663d815f6de532d6773e48b24075e1d69dd162fce58383,True,2473,2473
sprite/smallb/reaper_s.png,True,9a5ea16b480d4a3251e9baecbd547fe7b73ea3d4ccf40e585dc45a6baaa1cc97,9a5ea16b480d4a3251e9baecbd547fe7b73ea3d4ccf40e585dc45a6baaa1cc97,True,2468,2468
sprite/smallb/rock_lee_s.png,True,7311d506464420bb3b8ace212726299d93528af59a030c1c04578261e51dbd0a,7311d506464420bb3b8ace212726299d93528af59a030c1c04578261e51dbd0a,True,2249,2249
sprite/smallb/sai_s.png,True,024fd2f1575f56ffc2ae6352da759065112619cb2d337c4d94476e99e1b298bd,024fd2f1575f56ffc2ae6352da759065112619cb2d337c4d94476e99e1b298bd,True,2095,2095
sprite/smallb/sakon1_s.png,True,f7b07be3f203e83a0e8c9aa6fb375ee0ad64c68833abc4a9b9c6bebfb546def1,f7b07be3f203e83a0e8c9aa6fb375ee0ad64c68833abc4a9b9c6bebfb546def1,True,2037,2037
sprite/smallb/sakon_s.png,True,8e97f1a0963d0e00580e6f58022c5ab124b938f11ae706d08a6d0f7cd3f9aa0f,8e97f1a0963d0e00580e6f58022c5ab124b938f11ae706d08a6d0f7cd3f9aa0f,True,2048,2048
sprite/smallb/sakura_s.png,True,62cb6b72d12876ed31f7f58c17000fdd4a571006c244835e67562e57cfeb0f00,62cb6b72d12876ed31f7f58c17000fdd4a571006c244835e67562e57cfeb0f00,True,2431,2431
sprite/smallb/sakuracr_s.png,True,99319487bfb6725884c2fa33a653358241c5ddee15428452c6b78c7427b2fcb1,99319487bfb6725884c2fa33a653358241c5ddee15428452c6b78c7427b2fcb1,True,2410,2410
sprite/smallb/sakuranothing_s.png,True,4abeb4d624e296448fdb2b4b48d170b3f13bb15eae5d1d047c9002abc2052f4f,4abeb4d624e296448fdb2b4b48d170b3f13bb15eae5d1d047c9002abc2052f4f,True,2404,2404
sprite/smallb/sand_s.png,True,1cc75cae14bece1bdfaf065db5ec078f1bdf9c85e27ce4bd6b39a4edc8faa916,1cc75cae14bece1bdfaf065db5ec078f1bdf9c85e27ce4bd6b39a4edc8faa916,True,2374,2374
sprite/smallb/sasori_s.png,True,02511502ca7575151712fdfdf84d40f921bf093446cb757c2b9943f6bdd5b7a5,02511502ca7575151712fdfdf84d40f921bf093446cb757c2b9943f6bdd5b7a5,True,2413,2413
sprite/smallb/sasuke_cs2_s.png,True,6848b23e40dfc904421794c6896c3b9dd08d5d949c17f9e03839863753538386,6848b23e40dfc904421794c6896c3b9dd08d5d949c17f9e03839863753538386,True,2280,2280
sprite/smallb/sasuke_s.png,True,f1eee484a142450ab520eb3adf0755a95df9c3f96f76a75df3875c49d62bbb82,f1eee484a142450ab520eb3adf0755a95df9c3f96f76a75df3875c49d62bbb82,True,2405,2405
sprite/smallb/sasukems_s.png,True,eec39e55a245af1fb5f9d0dfffa555094f3b86bac403e0ab4ffad02fbb41ae9b,eec39e55a245af1fb5f9d0dfffa555094f3b86bac403e0ab4ffad02fbb41ae9b,True,2367,2367
sprite/smallb/sasukemss_s.png,True,45c52188293ae4a5fc57ae080644c681ee549d6935b079636fdf0a2f2f800dd8,45c52188293ae4a5fc57ae080644c681ee549d6935b079636fdf0a2f2f800dd8,True,2369,2369
sprite/smallb/shikamaru_s.png,True,92570122f5008249eec282194c2c43ca4f77657f8af093b0c007828e35983ca1,92570122f5008249eec282194c2c43ca4f77657f8af093b0c007828e35983ca1,True,2339,2339
sprite/smallb/shino_s.png,True,e989f9c1ca62206e785e8b169e64185ec94c90d76d03199211014535625e17e5,e989f9c1ca62206e785e8b169e64185ec94c90d76d03199211014535625e17e5,True,2313,2313
sprite/smallb/shisui_s.png,True,0e8f8ebefcb93aa0b600dbaae22b20ac8dc499b5451ce0e2091b9b58d4c3adee,0e8f8ebefcb93aa0b600dbaae22b20ac8dc499b5451ce0e2091b9b58d4c3adee,True,2381,2381
sprite/smallb/sound_nin2_s.png,True,b7d82d96948839863ec701e8322b1289d64d4c662ea1e7e6afb507b8f293ae22,b7d82d96948839863ec701e8322b1289d64d4c662ea1e7e6afb507b8f293ae22,True,2315,2315
sprite/smallb/sound_nin_s.png,True,eb918cf7716c0148f15740c48076d9c5171e5ba16d356717f7e7d491172cc28b,eb918cf7716c0148f15740c48076d9c5171e5ba16d356717f7e7d491172cc28b,True,2314,2314
sprite/smallb/spe_s.png,True,3094c11e5dccbca06afe2459ae8a14b7e945ad909c57bf164c1f704499e20114,3094c11e5dccbca06afe2459ae8a14b7e945ad909c57bf164c1f704499e20114,True,1892,1892
sprite/smallb/sui_s.png,True,8f441799e8915eafd5365b6f777287ff46c5e128579cc7c31578b8348f881680,8f441799e8915eafd5365b6f777287ff46c5e128579cc7c31578b8348f881680,True,2310,2310
sprite/smallb/sukon1_s.png,True,bce9ba288ccdaa0fd51deb9e8d086ff14edc9961bdf9c0c5ddff43cc34e4ade6,bce9ba288ccdaa0fd51deb9e8d086ff14edc9961bdf9c0c5ddff43cc34e4ade6,True,1951,1951
sprite/smallb/sukon_s.png,True,d30e60d2db0d76ba6e60bcb9076416510625fdcf64f01360c2afe670c1cac4b4,d30e60d2db0d76ba6e60bcb9076416510625fdcf64f01360c2afe670c1cac4b4,True,2083,2083
sprite/smallb/tayuya1_s.png,True,12ef0286c1fa89c546b16dbad6e7eb4e690fdfa88582f8e130ffe9f23c04dab6,12ef0286c1fa89c546b16dbad6e7eb4e690fdfa88582f8e130ffe9f23c04dab6,True,2372,2372
sprite/smallb/tayuya_s.png,True,2fb07bb56a7809f2980ee65bd0221d4c2d06f8641186373798a549f9be37a193,2fb07bb56a7809f2980ee65bd0221d4c2d06f8641186373798a549f9be37a193,True,2418,2418
sprite/smallb/temari_s.png,True,188820c9b170c97e567a8b078f424e493bcde5e1e5aca1e9a7f6928e7a910310,188820c9b170c97e567a8b078f424e493bcde5e1e5aca1e9a7f6928e7a910310,True,2347,2347
sprite/smallb/ten_ten_s.png,True,4caf4b31f47f3c58456d2512f560214a6b9a06103b1c74759dbc75a52b7e827b,4caf4b31f47f3c58456d2512f560214a6b9a06103b1c74759dbc75a52b7e827b,True,2453,2453
sprite/smallb/ten_tensage_s.png,True,4caf4b31f47f3c58456d2512f560214a6b9a06103b1c74759dbc75a52b7e827b,4caf4b31f47f3c58456d2512f560214a6b9a06103b1c74759dbc75a52b7e827b,True,2453,2453
sprite/smallb/teuchi_s.png,True,323b843a3bcebc8b7541d807cdd488c3b0601b288489503a5d571e92b747d04e,323b843a3bcebc8b7541d807cdd488c3b0601b288489503a5d571e92b747d04e,True,2109,2109
sprite/smallb/tobi_s.png,True,4e6c94b6b73044e3549e4ced01efbe360079ea263fe9ebb3ed9d8173bc3bcd57,4e6c94b6b73044e3549e4ced01efbe360079ea263fe9ebb3ed9d8173bc3bcd57,True,2236,2236
sprite/smallb/tobirama_s.png,True,096f6124fc1eae4669997711b500595859190bd1bbdec0990675471a5de68740,096f6124fc1eae4669997711b500595859190bd1bbdec0990675471a5de68740,True,2277,2277
sprite/smallb/tsunade_s.png,True,626dba2ceaede8ea74a0adb1f7f5ce1e5b4a14d1d90df560117ba6edb4752387,626dba2ceaede8ea74a0adb1f7f5ce1e5b4a14d1d90df560117ba6edb4752387,True,2414,2414
sprite/smallb/ttobi_s.png,True,b2a684239dea14d0495786cae58a5a564013bbedc257f67d5f9fa187fc4e3323,b2a684239dea14d0495786cae58a5a564013bbedc257f67d5f9fa187fc4e3323,True,2292,2292
sprite/smallb/ukon1_s.png,True,9f8bfb17c15bb27bbeda30fa411a7aeb31ae767d2e734f3c8733f44215740c78,9f8bfb17c15bb27bbeda30fa411a7aeb31ae767d2e734f3c8733f44215740c78,True,2208,2208
sprite/smallb/ukon_s.png,True,e1ddbcddbb6f76b85bbb57545775cba65365d803cf08bef64adb43b9d9f4ead8,e1ddbcddbb6f76b85bbb57545775cba65365d803cf08bef64adb43b9d9f4ead8,True,2249,2249
sprite/smallb/yagura_s.png,True,e36de3e028ae6289856a53a78c2412ce3ee2e39753483e36cf5a1783cd111bca,e36de3e028ae6289856a53a78c2412ce3ee2e39753483e36cf5a1783cd111bca,True,2381,2381
sprite/smallb/yamato_s.png,True,b25a5d9c9d590ce88f8f0c74960bcc5297b010bc2c9e2b22f7d03cbe122c5524,b25a5d9c9d590ce88f8f0c74960bcc5297b010bc2c9e2b22f7d03cbe122c5524,True,2377,2377
sprite/smallb/zabuza_s.png,True,5b2894cb97032c36fabf635746a3bf6de22bb20e57fe6027151957ff5abd8d1c,5b2894cb97032c36fabf635746a3bf6de22bb20e57fe6027151957ff5abd8d1c,True,2432,2432
sprite/smallb/zabuzademon_s.png,True,814f4610c8f3be20f33cfabd552b60fe130ae9c15517dbcfa743c79791a930ae,814f4610c8f3be20f33cfabd552b60fe130ae9c15517dbcfa743c79791a930ae,True,2444,2444
sprite/ui/spark.png,False,15d8843e0ce87ff63f46dff7170d30c23baea0f2799434b26717aadfd5ec881b,15d8843e0ce87ff63f46dff7170d30c23baea0f2799434b26717aadfd5ec881b,True,3600,3600
sprite/ui/words0.png,False,ce459cec36289543d4a4d344b133e35e9d9a5bcd5dde0b07afe9e1c99af463e5,ce459cec36289543d4a4d344b133e35e9d9a5bcd5dde0b07afe9e1c99af463e5,True,8505,8505
sprite/ui/words1.png,False,e959f2c6a992ed75da9afb335f379d35ecab686d1e9f4b3b60e240d084b265dc,e959f2c6a992ed75da9afb335f379d35ecab686d1e9f4b3b60e240d084b265dc,True,8902,8902
sprite/ui/words2.png,False,b75fdc4b8413a1427beb7482df10621f91b9b5bcc91589ca6cc1e7aacb673e0a,b75fdc4b8413a1427beb7482df10621f91b9b5bcc91589ca6cc1e7aacb673e0a,True,8733,8733
sprite/ui/words3.png,False,0a1be25062d8043c9614bf0180fb13f7068b3ba62b77b6533aa873ea6826451a,0a1be25062d8043c9614bf0180fb13f7068b3ba62b77b6533aa873ea6826451a,True,8769,8769
sprite/ui/words4.png,False,20879d07ee7deffbd1eff3592e1fe24595b0d2e600ee4755f1704616311fbaa6,20879d07ee7deffbd1eff3592e1fe24595b0d2e600ee4755f1704616311fbaa6,True,8769,8769
sprite/ui/words5.png,False,6f704853cc86d70349c724411e74c89b93ef6bcd8dd637ba321fa1b4ecc73f90,6f704853cc86d70349c724411e74c89b93ef6bcd8dd637ba321fa1b4ecc73f90,True,8418,8418
w/1.png,True,37bb291f216003f55cef41ee731d03859c512840f0aa34b2f959dad09b63795d,37bb291f216003f55cef41ee731d03859c512840f0aa34b2f959dad09b63795d,True,4560,4560
w/2.png,True,599b0a8389ef5766d2c5f86d44babc656e09a2b09a4d7c4bc99dcb34b8b1cd68,599b0a8389ef5766d2c5f86d44babc656e09a2b09a4d7c4bc99dcb34b8b1cd68,True,3726,3726
w/4.png,True,1657ff0084079d1565cd1d303931a5d6f0b68eb51c03cfba47eb83ae3d847205,1657ff0084079d1565cd1d303931a5d6f0b68eb51c03cfba47eb83ae3d847205,True,2744,2744
w/5.png,True,8f8ce022421865dd6998d6580c69629ae25e3c32cf9ad0335912535db3819c20,8f8ce022421865dd6998d6580c69629ae25e3c32cf9ad0335912535db3819c20,True,1683,1683
w/6.png,True,78ef3a533a566af89ce2d61e529a36d216d5c17fbc5dc4b74da19053f93fcecf,78ef3a533a566af89ce2d61e529a36d216d5c17fbc5dc4b74da19053f93fcecf,True,2107,2107
w/9.png,True,e938d395127687f7eaecf535d9a763624b8edfbe0a91eb50ff74fd005a6a72c8,e938d395127687f7eaecf535d9a763624b8edfbe0a91eb50ff74fd005a6a72c8,True,2961,2961
w/b.png,True,96ac80f55b8d6c3306f92a2322ecf535edc2a6d7fb6c8a8451843203ec4e6c8a,96ac80f55b8d6c3306f92a2322ecf535edc2a6d7fb6c8a8451843203ec4e6c8a,True,160,160
w/e.png,True,4bc64b577309546350a0be6f82a7e8ee5091a0a04953d8dd4b9c945bcbbec823,4bc64b577309546350a0be6f82a7e8ee5091a0a04953d8dd4b9c945bcbbec823,True,2405,2405
w/h.png,True,9f752140f8425c4557183194aacda3589ac7c2408843bebd97e7f6bc4d33d47f,9f752140f8425c4557183194aacda3589ac7c2408843bebd97e7f6bc4d33d47f,True,997,997
w/h2.png,True,a74d131ac16dae6095723f8fffc5827b72664ab17bff495a5d21f5fd9a9641ff,a74d131ac16dae6095723f8fffc5827b72664ab17bff495a5d21f5fd9a9641ff,True,1351,1351
w/l.png,True,acac8dae8bc6901be01ffb6ea82276c05baf8b2568c62ce743143993aa24f8eb,acac8dae8bc6901be01ffb6ea82276c05baf8b2568c62ce743143993aa24f8eb,True,1564,1564
w/n.png,True,1300757119babf031f35d72376ba55bf95f223e78fce392043ce1176dffa63c4,1300757119babf031f35d72376ba55bf95f223e78fce392043ce1176dffa63c4,True,1112,1112
w/scr.png,True,39d1e717a81f73cecea2b53d39644d51b332d075e5fb0c5f2184e9df1c396625,39d1e717a81f73cecea2b53d39644d51b332d075e5fb0c5f2184e9df1c396625,True,3737,3737
w/t.png,True,78f11fa3204acee17d71ff334c420c8cb0945381fbc578662592e331f97cdd48,78f11fa3204acee17d71ff334c420c8cb0945381fbc578662592e331f97cdd48,True,981,981
w/x.png,True,dedff359aefa4fee2e382c828a86a6e75d590a45cfeb00578445e5bec86e74f0,dedff359aefa4fee2e382c828a86a6e75d590a45cfeb00578445e5bec86e74f0,True,1847,1847
