path,bytes,hash,format,width,height
decoded_dat/a/ama/ama.dat,4558,87A4086D35D3EF9C12D56537AAD7123F605E239AF5D046BFBB6E1C7165F66BC0,,,
decoded_dat/a/ama/ama2.dat,4327,532A6F9EFEA1BB228AB36715D097C7916317EF32EED26987A1D76D4683B1B768,,,
decoded_dat/a/blac/blac.dat,4945,C57EF75B4FE8CE28CD223C5A5A1194057360D87230B47E61F7186B5767447349,,,
decoded_dat/a/blas/blas.dat,3495,75353F57749279260EC58B0B5870BA599892DF76B39D567115C6A0E2EBA25300,,,
decoded_dat/a/ble/ble.dat,591,F0B2CB203D01A17E3C27F2FFDFC5EF32D7F582E9172839E18817F1E7029103A5,,,
decoded_dat/a/cha/cha.dat,18163,20C0704FC53B3D18D77FE61566F0B7445C31DAD9C5D8197C5444F960E89E6692,,,
decoded_dat/a/cla/cla.dat,16365,563BD1E33CFC5406B102638C66BB12CB36A7C3A2E51411DEA421E5DF531AD8B2,,,
decoded_dat/a/fir/fir.dat,28894,3ECD42106333D9391085F04F877D597A6B00B7673720D671F86B62E9408B43F0,,,
decoded_dat/a/fir/firz.dat,3995,7496A9AD256D83B6679BA4C93F877D5FC0C490E41AE8F509C792507E1FDDEACC,,,
decoded_dat/a/fir/fla.dat,642,089E65DE2A63EA8F1BB47CCF99896864F68C7A27F0DC314212E42609977A4316,,,
decoded_dat/a/fla/fla.dat,2315,54A3C8948D4B0E0C9B1D5BF83C6CDFC654F492908866063DA0992616992C9548,,,
decoded_dat/a/fro/fro.dat,26530,583BB428600FD4B56A089B698224246F870BB62535AFC588222561B259DDC19E,,,
decoded_dat/a/gro/gro.dat,12525,60816F558FB2EAE757FF1D40CE145A4044881EE3F3D9AC3F30FE1583F5CC6A73,,,
decoded_dat/a/gro/gro2.dat,846,B0DF6C225C940FD878F6D4A1F1E192A2EEA521379B96683C4742C310535ACA46,,,
decoded_dat/a/hea/hea.dat,2791,7902F2FC1E3497958D6DD551568275184B0487364B4E5F734D5F62A6E568FB56,,,
decoded_dat/a/kam/kam.dat,13106,BF6166CAD9755F47C7679117FF3946460434451149260975807787CC2ACD1876,,,
decoded_dat/a/kat/kat.dat,10441,9964A84C7F877747A13B3470BD1F4E9BC94CB3C100FA46A5E554B0D08AD40DC9,,,
decoded_dat/a/kat/kat2.dat,6265,F618AF7331B3CFBC915CA793CBF50DBB8A54E756AA2B7D6ADAE9444D459BAD08,,,
decoded_dat/a/kat/kat3.dat,2208,392A312497CF5CCE4C6E4A49BCEFA026486055ED108E36DB025FA896A34F0346,,,
decoded_dat/a/kat/kat4.dat,2214,01647EF1858F401F5413E667B1D2E6A5C22EA932368C0A07EC5FAD27A2CDD813,,,
decoded_dat/a/lig/lig.dat,1479,1784A2D06B3EB000909F8C91DFE7BBF96AC022090A74894B428FC4F46D7844A8,,,
decoded_dat/a/meg/meg.dat,3307,B77E50E8A0F240A51A22D735501FC38ED050C42394F234B2388F3D5F4EE1DD23,,,
decoded_dat/a/pof/god.dat,6587,4428EFCAE04FBD94BEC11C18B593274737D495D9EDB457FD2942E994B7DA62D5,,,
decoded_dat/a/pof/pof.dat,681,375A148A837658EE965C596594925A32136AD1437EFB78D1B877A7AD139E23F1,,,
decoded_dat/a/pof/pof2.dat,2459,926AD3324F0B96F5FD235987E612A781491B60496C3AE81FDC7D333A90B1EA6C,,,
decoded_dat/a/pur/pur.dat,11124,A02EC4F9DB3BE9A5690BF1707611B9A31EB3BC5F39FF81965ED00630E238BC4D,,,
decoded_dat/a/roc/roc.dat,1364,127893013865B79B2625F020D4E85F6A4855B81E1F03AF9D25C7BADB477B7863,,,
decoded_dat/a/sna/sna.dat,1869,1E8C7DDEF9DF5AD4FC7BD6D644F51452D7FC5CCF0AB25CBDD89A632F347110C0,,,
decoded_dat/a/sna/snaoro.dat,1920,F2F3337C82EEEAFE0D5EED19DCE4A94ABD963BD4E57611EA0643981B467013EB,,,
decoded_dat/a/sna/snasas.dat,1920,A8D61C861C22CF3F3162D127DD59C0BCA77B33FB51CA5D1441981E9A6720561E,,,
decoded_dat/a/spi/spi.dat,1876,35C10910E0A0D798F5C9A1D86CEC9A1DEAB296FD4BBBD859DA5C26D789AE480A,,,
decoded_dat/a/tra/tra.dat,775,2078CF69C3283E81C75D8C252596CCE59018A400061B5CD520D81DCECFA47756,,,
decoded_dat/a/wal/wal.dat,3544,51AA4F54872FEBDD5A7AFE0F5E8BBFDDDCC739989B187E0D7D02D401C649E496,,,
decoded_dat/a/wat/wat.dat,11544,435EBEFEF864B145EC2C0F5E686AC1225E525EC277A4B01030D9A074270D7180,,,
decoded_dat/a/wat/wat2.dat,6002,6DC42CB9694CDEB4790BF5C387E5354C2C1A1F362FBA92DB25E8E52C3B6D9558,,,
decoded_dat/a/win/win.dat,6611,B61EBA593329D5E448234985846D766785B6F89974535CDC19371BBD6038A553,,,
decoded_dat/a/zzz/zzz.dat,908,65A87E1B653B39EAAEEFA0C6C8560F74DC0A094A97B15ADFB0077B208D748230,,,
decoded_dat/b/Aca/b.dat,171,66674C6371C7FE199DD89EA621018C17A03878D27E24225AF650ADE6E6B3DD45,,,
decoded_dat/b/Are/b.dat,414,E6E4AF1A9C0F295180511B471B2FAF47DBF21DA1382D31A00CD156C766D4D81C,,,
decoded_dat/b/Cav/b.dat,171,A22170B47268D37F4DCB5C39037B24FB74FFCF72AA8BA2E3F8127BA5AE582448,,,
decoded_dat/b/Cli/b.dat,163,5E78FF1684F4A4EBF68DD2AD139E8C8C4119A241884FB86DDC7DF703562AC3AB,,,
decoded_dat/b/Dee/b.dat,172,C2ECA786D08462C8313EFA47669014EC597C1DD9EF2094DE24A6703C844859E7,,,
decoded_dat/b/Des/b.dat,164,DFFC541A1BBDD72CEC3FF48EB7EB75EF1B7D1CD4F6FD456E752CB405734BA158,,,
decoded_dat/b/Dis/b.dat,1615,0C8F9994B23D2F3076A93DD6EA5AFF1AEA58A9FEA0F3CAB45BC0FFEF26BFC13D,,,
decoded_dat/b/Ent/b.dat,166,00A762280162506C669127636C9C653AABBCC82EB32BEFF03C02D8FAA8BC9A20,,,
decoded_dat/b/Fod/b.dat,174,7A7B0E4CF4C1A73BB12E3A46646E68CA64E1F2F714540DDC399FDC5BFDD28DCE,,,
decoded_dat/b/For/b.dat,164,792A4CD39E8830872EEE197BE8B1C972690EBE4B76F4CD7094C89A27A9415422,,,
decoded_dat/b/Hid/b.dat,582,D1EE066F668CCB40D8BFBF4805E28AE30D52C795F41EAAB1BF4D9511ADC333C8,,,
decoded_dat/b/Hos/b.dat,174,5688294F306A62E4DD135A674BE4322900685F4A38098861DD687960B8F386DD,,,
decoded_dat/b/Hot/b.dat,312,4EE7A7854B8466DCED2EE112CD2C6277897EB41BEE5D1FF7F5CBE579A57866B6,,,
decoded_dat/b/Kab/b.dat,171,23D8FF08C6FA23D5F27AC8E2042411FD9F9D87BB25C8BF9B4CA6727F184EE05B,,,
decoded_dat/b/Pat/b.dat,1564,F6EA188F89A874DB1CA0FB976CA4986E92C9DC4A8EA05A1FEA01B3E627E8668D,,,
decoded_dat/b/Rai/b.dat,533,59EB3EB1B1A3231445A855D483AC0F526E90F3DF02BB1F16D7C5894AC4E4AF12,,,
decoded_dat/b/Ram/b.dat,172,64EB42AC237735A1B033305A172A066D6CDEE40A663CF2B049DA57DC566D74C7,,,
decoded_dat/b/San/b.dat,1576,6D24D24617CCBF45A094809B26E809E0992B2EE24AA9E68A8D68367FFCD20FCE,,,
decoded_dat/b/San2/b.dat,174,54EA24B045660F2DAFA1B3645C74C96D528FB2FC3C05F07FD593FE73B2757E61,,,
decoded_dat/b/Sno/b.dat,170,47A11A8C4B4F869EAB46D032D0F1FA57EDFC2C5437C3771598C2B745635B1A7B,,,
decoded_dat/b/Uch/b.dat,559,677730C67DF0B8949D8FA462417B282220CFC1C232EFFBCA04917A011AB797BA,,,
decoded_dat/b/Val/b.dat,610,4434961738D2A312D6F103B44C574649F86B2A34C7703BDD362798A922638B21,,,
decoded_dat/b/Vil/b.dat,165,76DF36550205181726F8B6FECBEBC6D2F872C87DCC29F88A7959F2F64B2D445C,,,
decoded_dat/b/Wha/b.dat,163,E124A375E436851A0BB9FF8AEE10239AD84B91F9C0780A2D21C9A0D8B34E6DF0,,,
decoded_dat/c/0/spe.dat,2763,2781956E89EDADA3D4560CF6FF73F562E168F29A288BBA2C3AEB74D75EEA8EB2,,,
decoded_dat/c/ank/a/atk.dat,24940,FC34315BD542BC9E721419E6390103D9F165A055CFCEC45D1A66D9BAE1894CF8,,,
decoded_dat/c/ank/a/atk2.dat,4743,75FC8DE9A37B3D55FB9E4E28EFF8001A809840CBE46584DD7CD9317FDFAD3E95,,,
decoded_dat/c/ank/a/atk3.dat,3217,7153743BC721FFA43B564308867A5E8BDC6B527A476620D54006B49D903C4130,,,
decoded_dat/c/ank/acl.dat,50800,14DD0D2F000C510970F2A351AEB8E077ABAE3F7DF95D0E7CC1D6BE620B651CA5,,,
decoded_dat/c/ank/ank.dat,130350,7BEEFED713CC85CDF2BF36399FE158B63E822038FBED09AE79901BB6B3E81AC5,,,
decoded_dat/c/ank/ssnk.dat,28806,426E106ABAF97ED522DCABFBE8DB2CBD0F57ACD4BFEF5A484C363B27209D7260,,,
decoded_dat/c/asu/a/ash.dat,13358,1D5E3653527A1BEDC3135896691F11E6791E38E41E5444350A1ADAE29ECF6BAF,,,
decoded_dat/c/asu/a/fly.dat,11083,B5F9621166157496629C8DFE8A405738ACA8F0F64BF715B940C0C9D60FA86A77,,,
decoded_dat/c/asu/asu.dat,112102,ADBBB5276FAD9A1056E484CAEADF7ED07C5744AB669CD5D336762D086E95A1A9,,,
decoded_dat/c/bee/a/wind.dat,25085,2790E03EF34979437F43AA70A9A08FDCAE189BE391DA944A41EF8EB1430F9FF4,,,
decoded_dat/c/bee/bee.dat,155429,0E52DFBE044178D654C3E5D1694B9A733AC3D15AE1E8BBFE8E0E33169ACA7A4F,,,
decoded_dat/c/chi/a/atk.dat,33431,473E702A3E4AC48159A9A277041617E4A8604719B78BBDDD8959692D7B6ECA29,,,
decoded_dat/c/chi/a/pup.dat,15877,D2F0665120E79B0E327A748F6065C818EE5C8753A55FFC2EED0C2075A7CDC5F3,,,
decoded_dat/c/chi/chi.dat,121860,70B5DCDDB31CC783F13D86103F6B96A47BA62D04CEF38369DE193546A5D210B1,,,
decoded_dat/c/chi/pup1.dat,55029,CA34081B2763A205AF34E0305F9A99755D2BE62202C4963B165E3119B4A60318,,,
decoded_dat/c/chi/pup10.dat,47337,946A4BE072A5DFBB2EEBAA10021EE9FBA4C66C53D9D79693EAB1E63EC8494240,,,
decoded_dat/c/chi/pup2.dat,47335,F76BF0E7CF82620C18B9E76078B41F3B4E3D4D7BD250AA8CBD4646B40E52889B,,,
decoded_dat/c/chi/pup3.dat,50827,FDC6A5C00B5F1DC841221BD63B419805D3A7D90D6CA6429EBD440AFF08D85716,,,
decoded_dat/c/chi/pup4.dat,54030,C7A7F82D8A9F100A850C57F39D288AA257C48C9CC9FE8B4B8078EFA1C6A8D984,,,
decoded_dat/c/chi/pup5.dat,85291,E2483952B8C4390A93A957533382948FEA5DB9952D430AF849BCA6EE615581B4,,,
decoded_dat/c/chi/pup6.dat,52709,C1D0228A957D1FA5AD1CAD9D9065C25DACD76A722271E2B376F8A0814A4C21BC,,,
decoded_dat/c/chi/pup7.dat,47525,B7502C80C235A080B5F00E5627F10CC32352A2EB3FAF27AA665226D1C2205F91,,,
decoded_dat/c/chi/pup8.dat,53303,A8B3ABB4CCADB2ACDE7F7D1B01924B9F389033CFEBE1531EE93F723289E5B952,,,
decoded_dat/c/chi/pup9.dat,48345,91B9B83D23F4F7736239DD83B33D9E789E2204E9597FED1B6270A5C40EB8570A,,,
decoded_dat/c/dan/a/iza.dat,28157,0BB049A859AF987572F7BDF3923F18653166BB474098E40204AE8FA8400C6ED4,,,
decoded_dat/c/dan/a/mark.dat,6422,C9353E138AB732CB834644DAE96AEA3238F9E8B3963C3428E23D50839BFD7ED1,,,
decoded_dat/c/dan/a/win.dat,14219,2E8758FDEF5C42C40A044616833C50DD45BF60C9C6AA34B34D3622EC209C7EFB,,,
decoded_dat/c/dan/dan.dat,115723,629ABE62CF1B2D83B7709D93CBD2D965B9024C359C417E645E048D272CD55091,,,
decoded_dat/c/dan/danr.dat,123961,D94B879E035B3B1E2851BAF48D951A1F1E3DEAF47127991DA954923D613E4AA6,,,
decoded_dat/c/dei/a/cla.dat,42491,6E34F750531E052A1C91F8458BD594B2F78F66D833675B57ACB16B6B1138074F,,,
decoded_dat/c/dei/a/cla2.dat,2386,0F9222EABD9A4FC44B32A65580C58A9CF7896368DCCFB8637FB6368759F76E08,,,
decoded_dat/c/dei/a/cla3.dat,5149,9E2632CE3FBF9D8A6B665BA48F1B29B2437B4DD866D9AEAF4372C6E1C3F2616D,,,
decoded_dat/c/dei/bir.dat,56847,156A2798327699964DAC1A67A76AF7E9EA3C1787DBCC00413CD147777F971D12,,,
decoded_dat/c/dei/dei.dat,91279,8BB04CC5060F2D7E1BE3BFBB659344DE23A154F291F1BFF77476B262B782F28A,,,
decoded_dat/c/dei/ncb.dat,55521,65097290812D2A661ECAA7D11A41305173FA414225E62F20664DF19BB690460C,,,
decoded_dat/c/dei/ncd.dat,82736,F5DAB7D62BADA4A66CF2009B2B3A2DF76AC233411134D935B35A4EB833A5BF1A,,,
decoded_dat/c/dei/zom.dat,50833,61E9435A7CB12A1E0CDC6F9BD209DEF6C4D7E66B66B8752409F7AC7457D72D16,,,
decoded_dat/c/dei/zom2.dat,58455,0F072DA874234692EA973AF36B911D755E5DFA6DEA22FBD84065868132870288,,,
decoded_dat/c/gaa/a/san.dat,41602,BAB3E85D5D255233EA6C42AB52966A63C7E09623650A1004E5791EDE9FC160A9,,,
decoded_dat/c/gaa/a/ult.dat,21463,87E6624996C32EEE593F51D0BDFF6921073B95295DB5C64F15449286BE3F1F47,,,
decoded_dat/c/gaa/gaa.dat,113907,AF81C7FCC483F7CD7566EA65CE27B005BECF72B680FF4E4B1D7635EA21DAA37A,,,
decoded_dat/c/gur/a/cag.dat,27872,4D1E6DB5D1B963B685AB4A9A244911E75BAE390514B1DF5CCFC5EBF6512CE3C6,,,
decoded_dat/c/gur/fakefan.dat,42040,5023E5408E1ABC0B6B469C756B4EE3A0B2F59B228572401C60D2D0EEDA44A9D1,,,
decoded_dat/c/gur/gur.dat,74235,178C1D294300810F3FB0AE20415B2E62A93F11C6CDF025A88A1E2EA6080A51C2,,,
decoded_dat/c/guy/a/bal.dat,29080,8CC7B073936D2C12ED14E5330288C2E44D9280B1164F9C8BCD6DBDAC77F4DDD1,,,
decoded_dat/c/guy/gei.dat,88913,5CE66F8A53236C69DEA0D47D64FC60E1F2424DAF085B96B7A2355B8738ED190C,,,
decoded_dat/c/guy/gsi.dat,105811,51FC2EA9EDC862752455A8865518661B76478F5FB3E256F01AE349B137CE42EF,,,
decoded_dat/c/guy/guy.dat,106393,2F5EF8A08EAA2C15887439446305EC6E029D2FD0C3D56CA605111A63FBFC763D,,,
decoded_dat/c/hak/a/mir.dat,22943,D513629C437514F8CF550B15AA02376B2ED6748589ED688256F404CA81A91DE8,,,
decoded_dat/c/hak/hak.dat,114456,D719299E3EBC5DC990938508819E3638914EE3CF3C033198DCBAB931BADB773E,,,
decoded_dat/c/han/a/ste.dat,6927,1BD1240743E2EF931204514DAD5AAD6D475F4B18C65F3EF64FD33F6D01769AAB,,,
decoded_dat/c/han/han.dat,99379,654FA5C6565CCD68FD2476C526B92F5ABA64637250FBBE497F171285D8A38854,,,
decoded_dat/c/han/smo.dat,96574,8185D7332ECE1010325603F24C3ED932639963AE10F78651BC4A5FAD61997C0B,,,
decoded_dat/c/has/a/atk.dat,52136,AA9D06D6A804ECE1D966DE15EA42316923090D61B37D3495136461022D8636D9,,,
decoded_dat/c/has/has.dat,88294,3141F3E58D6531672303E0B765AD41CEF068717BBB1F83074262035CBE213048,,,
decoded_dat/c/has/hcl.dat,48179,791801C5D7AD4E7C6A43977F9D28674088A959202EC7008C546D874D7B5E140E,,,
decoded_dat/c/has/sag.dat,94408,528A9C66CC6BB7B52D3540288CA21F0869DCF865E4545F1F35401C717456FBFD,,,
decoded_dat/c/hay/a/blo.dat,6566,7AC69822561F7D8780B4C90A7B0E8D32D0F9F2CB6AD006F89B3FA895D640F514,,,
decoded_dat/c/hay/a/sla.dat,13172,2631206D8D62C9D7B38DFDEE76C3A7F3D68021F07F3F7012DA430F88FA218BD1,,,
decoded_dat/c/hay/clo1.dat,61587,C3F9AF3D2CD0AC2E60F8D8F4BA549FFA9E96221167F3AA05D9CF3E805D877766,,,
decoded_dat/c/hay/clo2.dat,63867,983954573C6D66D61EF62DD19D6D4E751D3D43B1A90C21E285185BF7D42FE39E,,,
decoded_dat/c/hay/hay.dat,120405,629C256D94FAD3F338D5BC27218D667486F622240E67F23CAF8352C0738DA315,,,
decoded_dat/c/hay/hayS.dat,84347,4EA9B681D55AB76CCDD4EFF64F692F8F2F899E23AA95D9C1E2C3B67F85648B8B,,,
decoded_dat/c/hid/a/rea.dat,9555,680E53DED9D26C9A38519283738DAEEFBD753665A064479B9FC79913492025D8,,,
decoded_dat/c/hid/a/rea2.dat,3258,EC9A0B5CF8D485398E0ADE1086CB6F627F154F8D39DFB9B9195A428A3651DF7D,,,
decoded_dat/c/hid/a/scy.dat,997,F939A2E83D89B37F828290CAEB0E4C1E39625F78C984CAB729A5F49A7D51B37E,,,
decoded_dat/c/hid/hid.dat,111287,8361BDF408E75163796307413B684991A7D8F187BF30101BA19FBAD766D86C82,,,
decoded_dat/c/hid/rea.dat,120326,27F0B91F92C09BEB9BBE11127D0EF4AC3B0267F1978737F94C76841BC010F75D,,,
decoded_dat/c/hin/a/are.dat,21081,3092E68F379AA362A3CD55886C4274E2DFC7B33BF1683EFDDFCD819667BFBDAB,,,
decoded_dat/c/hin/a/hincha.dat,10281,101FA4C0FDFA866B1C2964D91E8C1881509C9E88D00DD320D8A29357869D7702,,,
decoded_dat/c/hin/a/wind.dat,1553,00AB91A22AC7D18588830D055D284C9BDB91F9F2C901FECA8AFA70B87676AED4,,,
decoded_dat/c/hin/hin.dat,172133,C12062CE234518E54CFCFD577B7AC55F2B58A2A39E5038F64ABBEDDA122CD32F,,,
decoded_dat/c/hir/a/atk.dat,11806,F791332275B6A69021CD1F4004F1FE60FAA46799D025B925E26223DDB7880095,,,
decoded_dat/c/hir/hcl.dat,62632,AC183DFB454858BCB2C0B02A135479C721D3FCF4B79582EDC413C2954D0FCB86,,,
decoded_dat/c/hir/hir.dat,106604,119F6DB71DCEBF14593C05ADCF475DD5AC64232F25E9009C05FE9D3A78FD635E,,,
decoded_dat/c/ita/a/cro.dat,7442,9A9BEF3C84B03EB41AE5CE7CA34139F392D33BE15074397EBCA648B0200C9E37,,,
decoded_dat/c/ita/a/cro2.dat,34792,FE0FF56BF5E42A200B4D86D93032D9E90750C82328065C45A16314C5BAD8B6A5,,,
decoded_dat/c/ita/ita.dat,143598,2EC65F77FB74CB1106506E87FCEFB643DEDD022D395E0C4A325E1816EEDA8958,,,
decoded_dat/c/jira/a/mag.dat,17465,EE7958AB61843861CB7BCE91E803A5D93F4F8A7DE69657204EE039D32A998DE7,,,
decoded_dat/c/jira/a/ras.dat,18742,9DB962B520DFD5C80E384CDB97D7DD6BDB5C0B8D763B1C09BC7B32A5ED254DBE,,,
decoded_dat/c/jira/a/toad.dat,32158,3B3182A384648AC50EE041ACA37FDB921E95F87EDC6F98547BE2E4420D79F80A,,,
decoded_dat/c/jira/jira.dat,167768,0399A48AAF06D292B4491477F56520D38219B9AAA8C12ADC98E4594EDB821B72,,,
decoded_dat/c/jira/pre.dat,97076,846DCFD20E1DC1CE5C43AA25FB63D5823885E502C2BCCFCB3959253685D50020,,,
decoded_dat/c/jira/sag.dat,185189,705B4BE41554DC29E7828B90F82A542B303C75B8006121B79D377E749547876D,,,
decoded_dat/c/jiro/a/cav.dat,27871,BA395F2B698AC18631A6094F00CCEB5CA7DA03E99E46DDE70026B2CD04EE7692,,,
decoded_dat/c/jiro/a/gol.dat,24819,0BBE59501073F7B774908141C38DBB9AEAFA036E2623422A3E6312140CA28BDE,,,
decoded_dat/c/jiro/gol.dat,45410,8BC9C577205386EAECEA5361A8758FADEB553AABDE0869678D59C2049FC45806,,,
decoded_dat/c/jiro/gol2.dat,44956,E8163E866F699CFA1AEE7B6B202A759D59560C151FCF4AF91DA883E9FC639B6D,,,
decoded_dat/c/jiro/jiro.dat,116725,4033B16F7C066D9D63BE6C23245221CD5B3A07AE32D89EE706F5FE6602200ED7,,,
decoded_dat/c/jiro/jiro1.dat,95224,C3094B5ED9A130E3303B7F1FF48620D227572C412A3193F07BFA3C06003E7FA4,,,
decoded_dat/c/jug/a/pao.dat,25772,B1BEEACB3F5CFD5D8397A0FE6E18AFEC2E20F8586241C0648652E60CAF74EE4B,,,
decoded_dat/c/jug/jugo.dat,117490,C6A9D0F91C7857B8C0D7313F75BD9C2077AFBC1673C0BEAEB6C9F480D059BC1F,,,
decoded_dat/c/jug/jugoCS2.dat,126546,CB19258265ED4565322DBA3AF81EB0B57FB1252B2EAC3CE7E7F352F850129E76,,,
decoded_dat/c/kab/a/atk.dat,26853,9E2A24772D93602E85689538F858F39299BE6DCEC62097B57DDA828842114833,,,
decoded_dat/c/kab/a/cha.dat,10065,06262B72B652E0FB4F022F4B9C2DD895E3EC96B10CFD480CA49A8B2FAE396675,,,
decoded_dat/c/kab/kab.dat,117057,EBA7B0363F08D8C608E8720C7AF6953AD72100CF081681498B300B5CD00096DB,,,
decoded_dat/c/kab/tsurugi.dat,66846,0F0D407E7A8F9D6875B125CD2E0732866697D11B5DE5BCFFA9A4D6F7A33A57ED,,,
decoded_dat/c/kab/yoroi.dat,55450,D0198CFA47EF3176B7CAEBC7AEB674BE0BF8DC2BD60A78F8291A9A2EEFA4F396,,,
decoded_dat/c/kaka/a/rai.dat,72201,7226B2FE9B51F2F87AF003774B871B31769C8CDF9C6B852C63703804098688F3,,,
decoded_dat/c/kaka/kaka.dat,153066,4D6F8DD6CD149C38312C8599485DEDD7EA6C77FF57F7A49E70F4204E743C3A64,,,
decoded_dat/c/kaka/pak.dat,15380,D37356B1F660B0F29D1C9A5662C42B360F87711449A975408B18064591B6FD90,,,
decoded_dat/c/kaku/a/nck.dat,35919,8E618B4374E77FEE664F0F5C39721E0F71652D4FD7238DB8FFDD4F9803F52B2A,,,
decoded_dat/c/kaku/kakun.dat,103444,D0D14464D0EF5B8F40EC890954271098B21490B62AA37CCC5CE4E262B6AEBA8A,,,
decoded_dat/c/kaku/kakunck.dat,132598,5C343237D7CBC4501D06976FB8886030F1E312686B93E34E73F32504455E22DA,,,
decoded_dat/c/kaku/kakunre.dat,119976,7456AF76A9CD66D8ECEF26132B34DA4875245ABC144B0DE0C44AD8C2FA3CD167,,,
decoded_dat/c/kaku/maskair.dat,63250,715FCFFA312CFB91558A26F80D1CD415C4942AF421A0CA87B90FE8F80D69C5E8,,,
decoded_dat/c/kaku/maskfir.dat,71363,52B9EBA48925E5904DE97D20BB871360D79336D690B4FC3FEB013D5EEB1220E9,,,
decoded_dat/c/kaku/maskthu.dat,71412,E297E0FD4C21A55B8D62408131022A972608BC3272832479099AE4EDE4EA4EDD,,,
decoded_dat/c/kaku/maskwat.dat,72260,9047308B307A09ED8B6E12D78EC6EFCADC7D6BDBCECE805469A5F2894CC5B43D,,,
decoded_dat/c/kan/a/kar.dat,55614,83F26DCFAEF23398765EA95DE393E1474701183D733FEAF0AAFAC6959C25E41B,,,
decoded_dat/c/kan/a/kar2.dat,8186,A01CA9553F04B74C807ECFD09296A86C8C36B0115A595574DC9B893D5609B13A,,,
decoded_dat/c/kan/a/san.dat,9178,43C4E6F424E9D089F9DCC84BA31905DE5CE3E7EFFE08DD51D551743C5C04E176,,,
decoded_dat/c/kan/kan.dat,100296,66796DD3BC874C5D7F368D14FF59C5BA0F2674BB7927B193F27AF27145B880E2,,,
decoded_dat/c/kan/kan2.dat,86827,E50A594690F2980C55306B565B466C2C35C4CEC4C5AA4E302DE0C3062B03ED26,,,
decoded_dat/c/kar/a/cha.dat,16836,9EA4FE77CC2E295D91B5680372B1B0B705D19287B8EC6A45C52C5319F7A2363F,,,
decoded_dat/c/kar/a/jug.dat,19606,9D2B25CD06009724FE104810BB6A42E9CBBEB080DC70D4537507207EF6C86910,,,
decoded_dat/c/kar/a/sas.dat,24218,7B95CE19C1B34870445E576EC49002C6AD256C11D5884631100F39C7A9845196,,,
decoded_dat/c/kar/a/sui.dat,15760,D2817D0967D9C41C87407D5101072468442E7AB5AC0FCE2955428AEDD14219ED,,,
decoded_dat/c/kar/kar.dat,132801,987696ABE0D2E562C56DC0265E999B7D37443B55324310A7A5D47D15AEAC66FF,,,
decoded_dat/c/kib/a/aka.dat,23405,16A07B0E84B1CDB7C527FC276164A780B6C298F8EB97FFDD03CE0ADED16E1E31,,,
decoded_dat/c/kib/kib.dat,106277,DDF02DA447785F998D657C6C50F02F98C8E47BC19F451CBED4017E9ECE1117FE,,,
decoded_dat/c/kid/a/atk.dat,7157,38C83A1E8CE5463DC49642DB978D57E13992A37719218515E6C02A8EB176E5C1,,,
decoded_dat/c/kid/a/kyo.dat,17691,09115AD45ED83868E47F28806EAF893349EF1A5D350D2D0E61A9116FDCFCBFD4,,,
decoded_dat/c/kid/a/spi.dat,16815,5CB66469F3462A15C8D1CBF4512727C55A5885A9F4356EC4BCE6C8B8A10F7276,,,
decoded_dat/c/kid/kid.dat,87569,19DFAFA7255CEE8D2F281D1AA08EF66A5339E9467699C67C7EB4430C5567CD4D,,,
decoded_dat/c/kid/kid1.dat,81423,A7566950548B4E3D00378192B1E18D3C682A665E68366770DC2E8276B1D6E072,,,
decoded_dat/c/kim/a/bon.dat,9116,9FFDFC1192AEA975D7255848A5F685A6A020584A26E176C94595EEA07CDD4E7E,,,
decoded_dat/c/kim/kim.dat,93436,5C40F5B614BEF735DDB6E8EB1856F2ECFB20A700CDA5D65770BB139611B7B64B,,,
decoded_dat/c/kim/kim1.dat,85566,108D8932F22C8539EDD213FFC288338726164BE0678FA6FB64732D890A56185E,,,
decoded_dat/c/kis/a/wat.dat,29600,83567008B156672FC1788CCDE48D0357C1C84ED134CD144CDB84242E9ABCC823,,,
decoded_dat/c/kis/kcl.dat,48492,1ADAABE78E22B3935BCA57D54D65E84B224B3708C87FBBFDD4A8B1105204539F,,,
decoded_dat/c/kis/kis.dat,100379,42365D2812B3E91C10598DDBD003FA53AAB9E38364A2335D6403540F19A9B6B4,,,
decoded_dat/c/kis/nck.dat,94923,BD9034F7E2ABD376EB44AC4ED913B7A2E440C01D49F6A5A54FCBA9C1788032A5,,,
decoded_dat/c/kis/sam.dat,52257,A6412B3472BDFFBEDB690E026A6C654E976357FCC1AF9D358D20B2A437EA9B5B,,,
decoded_dat/c/kon/a/pap.dat,23650,F1EEE85B50DBB643AAAB9BA01FB19CA6CD530830E34A646CACB46027C43D9953,,,
decoded_dat/c/kon/ang.dat,72454,CD5380DD4934FB51BE095841BADF7C218181D2D3547414C65DAF4409938E9F29,,,
decoded_dat/c/kon/kon.dat,96400,E301CB7C0951CA1AD110FCD1A2998D7C08D4D44CC2F1E2B7FC389C031171C058,,,
decoded_dat/c/lee/a/lee.dat,5990,4653F79315FB88EE09107C9108F5BB681C76DF1399023771D24109E146B0AA6D,,,
decoded_dat/c/lee/lee.dat,151405,775079F67116E0EA490DD57FC6FB226E1813C6D645807E4D49273639929C99BE,,,
decoded_dat/c/min/a/fla.dat,3910,7D30FD27B3179EDAA4FA6D3CC9CA1910575594EABFF554AF327FDB93FB1435BA,,,
decoded_dat/c/min/a/fly.dat,8095,F28D177419D5DC4591BE5BFDF54DF28AE9399BEB977C539F7515D5284D18048E,,,
decoded_dat/c/min/a/fly2.dat,1222,6981FA937DE3FFDBA4A41AFF183F0FCC856A84276B4349BB90A26A97CF739E4F,,,
decoded_dat/c/min/a/kcm.dat,10943,ACBFCDE173C0B3C08DF0DFF75163EF6D5B380836F6F62F75A243BD6C2AD3BC37,,,
decoded_dat/c/min/kcm.dat,108682,68BBECA6F4F4337C88A54225C5E2726C63D3C26A8DA627EFBFCEAB315A41FC8D,,,
decoded_dat/c/min/min.dat,115068,FEC6191012A2B2E1E2FB4B0873EFC9EFAE12156C417B77B3914CEF1EB634044E,,,
decoded_dat/c/min/sag.dat,113137,C5D1313DAC69E96F1B3A874DAB38F7217D3272F39CBEF82C0AACD42254AAA59D,,,
decoded_dat/c/miz/a/shur.dat,13295,FD1E49E10E961A5E916210B5678431947BF4E957E83AB5AC7CD68D423B097688,,,
decoded_dat/c/miz/cs2.dat,82965,21A2CC7B0DE09A9A74CE11921629C2D6CC401D242BA2D6C0FC11A2696050FF81,,,
decoded_dat/c/miz/miz.dat,81073,1F9020BE7CD22306D5040B31AAD816ACE4D2F7014514F843A2980A67773EF197,,,
decoded_dat/c/nar/4tk.dat,62170,38D3BC34EC37D05829B476AB707CB82121E9C3D72E9D77483A28A2D42C8716FC,,,
decoded_dat/c/nar/a/4tk.dat,10141,C20B265DBEB45F6474EFA38C40F4D2EAFB8A2D4C1B080C34245BCF5255FFC83C,,,
decoded_dat/c/nar/a/atk.dat,41455,881060DBA197C8FD39B1F089BE0FE89D30CA3D0AABDA37402B5DFAD90918CF99,,,
decoded_dat/c/nar/a/ras.dat,9737,FDF3FBBA9B7B5565A4E2FD596B6B6F6DE6EB3EBB142A7CD92D513037B1918E6C,,,
decoded_dat/c/nar/kyu.dat,90635,F1313A21EC21CB3E29C5DAEC73D3CBA7D18C7EE1891A680777E68A51D7AA88EC,,,
decoded_dat/c/nar/nar.dat,166928,6BE721524C8CCA0E293BEB8D6BF1DFEE306CCB948181BDAA94545EDB29418ED9,,,
decoded_dat/c/nar/ncl.dat,79718,1E79078AF213896E82AC18A9E0A1D9A7026D3CC5C44386D231B67798D7FA68E3,,,
decoded_dat/c/nar/sna.dat,127957,5993F9EC8E391C9C7DFE6F079CEFE37A3AD4D3ED1DC447BB88906F95C0E6D035,,,
decoded_dat/c/nar/snc.dat,89104,69EE090C669468305C38675A141754B7DFB2B912B7BA931C439AE5C5CE612414,,,
decoded_dat/c/nej/a/are.dat,20300,12872C47972B4FB039F9BAB7E27E8382CCF51A9066686DC9FAC9CA46E2356D64,,,
decoded_dat/c/nej/a/bya.dat,9520,CCE33337A07D429942CA740E52FFE9BBEFCDB9E5587777D9489311067170D0C9,,,
decoded_dat/c/nej/a/bya2.dat,9521,F091934083FAFB46771B83646FEFA9D78839D53D6E2A4AC210B3171BE07DD088,,,
decoded_dat/c/nej/nej.dat,183541,789248298018F10B334EF4FA3D09EC101E720308C4876A6F951B543CDAEFDB4B,,,
decoded_dat/c/oro/1.dat,19496,E90DEB05EB7F6424684EBC73EF5E0436DDA446A648D52DA1D5001EEBB6168FE6,,,
decoded_dat/c/oro/2.dat,19496,A7EDA0DAEDE69A3B613F3B2DF2965C271DFFC26634434E007C7C8004421D7C02,,,
decoded_dat/c/oro/a/atk.dat,37658,CAC7074F58C9037F4099484C44F6E47212B182011F25EE494BB1C3BF04967685,,,
decoded_dat/c/oro/a/edo2.dat,1806,D1634F6FE5757251F84371E491BE66316389E888AB5E205520CFF5CC483B279F,,,
decoded_dat/c/oro/oro.dat,97487,D0BF93D80AF467D48B79738A061A6923D498E034A669B7EDE1877D0A64A5814E,,,
decoded_dat/c/pai/a/cha.dat,13842,7A3889C9453ADA75CF23DDB19BE60C156F841A31126C479FE7CE4598AF52FDBF,,,
decoded_dat/c/pai/a/ox.dat,8122,3AEBD539DF7C48B18EBFADF586A60B16ACB09F6B04932CB887F3EF9E0AAD8990,,,
decoded_dat/c/pai/a/rhi.dat,8601,CCFCAA6436C0B9B06701B4742F06DE89D043860C5A10E9EA75E55DC28DF0B1C6,,,
decoded_dat/c/pai/a/squ.dat,76572,3C3CB32BB510FE7FB03A0124471177F714D0ABFEA028ADDFDFD57AB0C31DD2F1,,,
decoded_dat/c/pai/a/sum.dat,35413,6B62AECBBE7592802A8ED7F65B61650C8FD966201956BE894B8E010ECFBED5F2,,,
decoded_dat/c/pai/pai.dat,101971,B883C73C27BA92FC69BA88F1421BFF6FEBCBEC9AB14F8EB0B3D52A6C560673C5,,,
decoded_dat/c/pai/paid.dat,99204,6FA891571190C317C87BA3E55BC39AA80A145E8C9D012DE26E79AC7C3F10D705,,,
decoded_dat/c/rai/a/rai.dat,25764,6FA234E12C83C9C29177B6C86A095D5D9A23FFD0484C1FACAD173CCFC6CAF736,,,
decoded_dat/c/rai/rai.dat,156227,11F5E730BFF0EA60BBE2BECC68263C2EF303D0CE26F2976CC67A7F7DC112881B,,,
decoded_dat/c/rai/raiT.dat,183489,F0F582CA1EC20E6CFE295C7C6FDDDD9BECEA815F3C2EA6DF879D0E7FB5CB2083,,,
decoded_dat/c/sai/a/ink.dat,37672,BFD40B2B4BB3FC3CD173113535321FFC128F8C642AD584D498FB56D0EC5713D9,,,
decoded_dat/c/sai/sai.dat,111488,1D8A8EE87CCE86B09F839F02358CB702488195674DB2883F484BD0968BEDAC01,,,
decoded_dat/c/sako/a/atk.dat,9779,3219844DDFA490F485BCB1A732A0CFC73D358386DCBEE611BCC2E46B503328D8,,,
decoded_dat/c/sako/sako.dat,119431,D1F007307D77494188710EC8D941FC2CBAF3CC48A7C9F2C1AD04066482E0C638,,,
decoded_dat/c/sako/sako1.dat,113294,0A0745A5EC4EF350EE48374ADA9D31AE5E710A14DC194471CA900896CE413C9F,,,
decoded_dat/c/sako/suk.dat,79590,D795316454CD14326452F8270BE027A2D768928B5D9F2597279E2030005EDCD6,,,
decoded_dat/c/sako/suk1.dat,78798,570216E772BBD2AD2C49B0EF08DF4535AE3C7B36C189EE5972570E355F64F242,,,
decoded_dat/c/sako/uko.dat,79179,6AF3BBA902BA48FEA440DE8A4CF76CF2D27DBD764DA90D4FC54677BA866AD88C,,,
decoded_dat/c/sako/uko1.dat,78798,86FF26379A55EADD8B698A180F302F0295C66B35A114234988A59B1F8B89E307,,,
decoded_dat/c/saku/a/atk.dat,12670,5DD9B3ED4CB43C633B58A706741EA3CEBA049C783AA59B068A9E04C89B8B8C92,,,
decoded_dat/c/saku/saku.dat,103569,B96FBC8055C0B3B62B05E9AD2AA735A7E32F56EB2648EBAFBDE14D8A0509DB48,,,
decoded_dat/c/saku/saku2.dat,102639,CDFFBF121D6EBB7EE16B918E54AE2E83FAD0814062616C3FC1A623D7206E5F6C,,,
decoded_dat/c/saku/saku3.dat,96317,D74A12B85CADC51B1A4FD812599456CBDFD496A1B1CB40C9C26D5369A0E205BC,,,
decoded_dat/c/saso/a/iro.dat,20946,7443496B1EF458CA66B3FC1367B1F998451D860228BF7D76437CB49585D0EF36,,,
decoded_dat/c/saso/a/pup.dat,11624,1B0808604FCD6940C9A6E2530EA0410685EFCB2AE4BE56A17EF4A48A0C277769,,,
decoded_dat/c/saso/a/pup2.dat,4941,F2DC4F3277DEA7B36F31DD7FE65EACDF744E88DD287D73E707A4946D3273BB7F,,,
decoded_dat/c/saso/Hsa.dat,111206,15648AB8CB68C9784D6A4F69599646C49696EE85A818D7BDABFB5B919950F126,,,
decoded_dat/c/saso/ncs.dat,81580,624E82B1DEC91EE779B6367E406850026A69026376A1EBFA9377FAF5033579FC,,,
decoded_dat/c/saso/pup.dat,45265,9EC4FE82468953F7C1578416265D353BD77AC7DA2B8ADD9A569618F51353729F,,,
decoded_dat/c/saso/saso.dat,151251,3A617FC575608A144AC5E44979EE642871C296F973D0C6503BE40BD2BED26063,,,
decoded_dat/c/sasu/a/chi.dat,45382,6C0F2A6B39904230152D83D1ECF8C97076C5C5BBF99AB157240E4574E735A47F,,,
decoded_dat/c/sasu/a/gen.dat,2656,D9EEBBB5411E31BB513CDE7D2A22BD51A38812F01A9485F8CD24F1A0A57AA7BA,,,
decoded_dat/c/sasu/a/mss.dat,17107,BB7A64A9A7E9D046474539033F12945BE23035EBD0FB5AC4BC96414966DEA5BE,,,
decoded_dat/c/sasu/cs2.dat,102511,066D2CF6D756580CA99E187F82F5B8A4DB4CD64B103FFE7B9634C67A8B880FAB,,,
decoded_dat/c/sasu/mss.dat,122169,392448C546CF356C7E100164CEE166C4BB353793A4C47FA12E75A4B74F7ADAED,,,
decoded_dat/c/sasu/sasu.dat,137247,F0296329C30A30771BBCD292B72296BE413B9CF68A460D54C782C02305AB9583,,,
decoded_dat/c/sasu/sus.dat,43695,40D57B84AC362E24270DE66AA0B53862ABC9D70FF326250AFFF45AFFBED4D28C,,,
decoded_dat/c/shik/a/sha.dat,23378,7287C23ECE6FDA55DB9297051AC154C9AC502A5FED9D5892977DA8EC4EA192FD,,,
decoded_dat/c/shik/shik.dat,93521,7EE5067A2FE329AB761E7CB29B03BD698ABE9EE5A6273EED75414723B6C21401,,,
decoded_dat/c/shino/a/bug.dat,31941,FDCF6AFB65459B3E0BDBE6068232158C1408FA6C57C152D14666CCF71C6249BE,,,
decoded_dat/c/shino/shino.dat,90755,44EB19BBABD9381CFA5BC6E1D1B5FA6BEF6033D88A40DC1EDF5E336DFA4D920B,,,
decoded_dat/c/shis/a/gen.dat,12003,C68F4195F0F1B28F634CF5D4AAFF9DCE450EC4DF12E0BE36F183CB8F09BE620E,,,
decoded_dat/c/shis/shis.dat,108101,AC521C6683FF44B38924EB9E7B2946D6389A37A4BBFF9A29B4834E52497C46B8,,,
decoded_dat/c/sui/a/atk.dat,23183,F227D4B3448AC418F809784E98BC3FE95D36094B45EE44B69D5AC03E9FAF2959,,,
decoded_dat/c/sui/sui.dat,115936,B5C34723D3A81870D60BCBC4DF0AEDE48F0D7A1DFAC346B4EA793303B93BD90F,,,
decoded_dat/c/tay/a/mon.dat,42439,BAFE595B64346D89BCE7C111084F7D562272ECA3C6E2076EEFB9F4563D851455,,,
decoded_dat/c/tay/tay.dat,106688,677E8DF36E21706D506D4DEC50DBD543877085182A8658416CA56A633F7D796B,,,
decoded_dat/c/tay/tay1.dat,104703,852897D07F39AF6000AA7C1092137E9C4287587FB3AF904A9DA924A4EB753DF8,,,
decoded_dat/c/tem/a/tem.dat,19717,DB9763F907FAE24D1BDB3712E31D47280282D8945C73EAFEE3162C62D3E67A27,,,
decoded_dat/c/tem/tem.dat,95003,06540386F7BC2EF5BA53E6F2D52FD65832EBB52E487F3ACE14DD3B6C700F59C5,,,
decoded_dat/c/ten/a/ten.dat,21250,AA97FAD374F79C239AA2166064CABAC432EF15A8C205BDF0E0BA689F73428AF0,,,
decoded_dat/c/ten/bash.dat,48650,22DA2AD7351BD0BAC0BB3E309782AFD84D4B8E1C728406E5E080960F5F777E3E,,,
decoded_dat/c/ten/blade.dat,45329,6B6830173038B1D00424F3771B2CC9FE09E340907FF040371234E984D5D065AA,,,
decoded_dat/c/ten/pole.dat,50813,E587093BC60448E8F2D0125E0E915859EB59BD11F63557FA66B71B2BC3A5CECD,,,
decoded_dat/c/ten/swords.dat,50568,C8F900CAD906134F31DA61EB0AE430A8C8F420A4744EF9E3C84D63FD8E1B95A2,,,
decoded_dat/c/ten/ten.dat,107158,D5797B8BBEF1A0E57D0F62FB78D06FBBB300BC3B9ECFEFD98F4FE199B9AF27AD,,,
decoded_dat/c/tobi/a/fox.dat,10892,E995F7C97148AF95424AC76F74C4FFA1F492FC231EF4E0703F56313FFF4118EB,,,
decoded_dat/c/tobi/a/kat.dat,7469,16B9ABC42AFB118F4690A61A5396646D40BD4E19304EE9BCE1033145E6440BEC,,,
decoded_dat/c/tobi/tobi.dat,110262,7AC8AB91E0ADE7A19E7BE1950568D080440A673C9C0107189D3465038479D61F,,,
decoded_dat/c/tobi/ttobi.dat,81844,05432DC502050F0E8D226A94907E99F2439032F951EE00CA49B7D0AC7716632E,,,
decoded_dat/c/tobir/a/atk.dat,16650,A4E81D78067668BEFBABA8AE8816021C28091C9A655E6BEE598D22B5209DCD10,,,
decoded_dat/c/tobir/tclo.dat,47896,298425B7B707F1408032DAE71C5D9E0DAABC6B10D83D6E0181C71F17018C0422,,,
decoded_dat/c/tobir/tobir.dat,90993,5D2C06BDE56DA49ACDD73B64391579D86FAC0484C3C78B47D828EB9517AE35A3,,,
decoded_dat/c/tsu/a/atk.dat,726,7E23DAB0C30CD88ACCE92D47A488B558D4E702BFE46C4A520D594416DDB32730,,,
decoded_dat/c/tsu/tsu.dat,68459,581FF7F249B821EC0682BE25EB11AA623E4524459EB0DBA549D8816F13C5F0D4,,,
decoded_dat/c/yag/a/dra.dat,7076,6685CA5E1BDFED82AD104C81662E9DCBBB5AA26737FDF491D12D4C30C62FEA33,,,
decoded_dat/c/yag/a/mir.dat,24646,67E04006964DCD02961700ACD371FFF88D0C44035F3AD899E242867577D0C20F,,,
decoded_dat/c/yag/yag.dat,104031,37F4E7DBAD493DE90C175FD4B3113E4A5DA19A0F10F5BBE208CD8DF949FEF3BF,,,
decoded_dat/c/yam/a/tre.dat,38701,2E20642634E2505596975511945D680A3E8A2DE2409A539F73601D0539130432,,,
decoded_dat/c/yam/yam.dat,112129,E044C3E9139D5D6EF7AFEF6FB20F05E027A761D2997C1A65A342D330A2420B65,,,
decoded_dat/c/yam/ycl.dat,50120,6968E6614A9709FCF92519377A0835BDD665778AE97369263CD0C11B6E366254,,,
decoded_dat/c/zab/a/dra.dat,5223,3DE9B2BB3B0B2A787078EFA88D26276D21C54FB6F3A4EBCD127CB808A29966AE,,,
decoded_dat/c/zab/a/zab.dat,23032,0D27419E913A2DF7B7D4C957C884F01E98EC9EB0C1858E76086ECFC2F024E1A2,,,
decoded_dat/c/zab/clo.dat,49939,27E9B9935AE88E4293F218FE31B474655F0D0336ABA5A3C07D90630058AF73B9,,,
decoded_dat/c/zab/dem.dat,121811,09723C6672619D1AEBB987E170801877D43C8C5BE86A8A3C9C459B9E9ACA9B9D,,,
decoded_dat/c/zab/zab.dat,124386,CFD20CDE9E66EF889FC1B8D40BA582FFA91B0D27EA447BBED4FEFFD40D1CC750,,,
decoded_dat/custom/1genma/a/bigdragon.dat,2400,DF5BCD1E9B5DA700CFDF6CC7AB1265CA6CFE129A85CDAF94D33E21C09D8D8A80,,,
decoded_dat/custom/1genma/a/katon.dat,2531,58FC555DBE5F6B56BC62DC670FBB59E9371F0EAEFC6FCCF98839E3BC0C0E1E8E,,,
decoded_dat/custom/1genma/a/shuriken.dat,3221,6D85FAA4A1974F177CBCA9A5368C5CA9C2328A550DAB5D2C1269D6C00B87CD8A,,,
decoded_dat/custom/1genma/a/smalldragon.dat,2382,B2C82488EC4B15ACC956929A21E7177DEA4294D253958B5B98CE27767454D2FA,,,
decoded_dat/custom/1genma/a/wind.dat,2832,99C04D29960B4873BC5BD4001CDDC855810FD76BF1F530ED220F7906AA05E5ED,,,
decoded_dat/custom/1genma/genma.dat,83823,AB8F579FB2729750F76D43867164D635F7CF9542EE45B762B70B3D4AA8F7E5E3,,,
decoded_dat/custom/1genma/genmaclone.dat,49705,62ADBC5F619D8DBA3C28AB733F7FE403AE4EB35F257E3070E11B59C4EC73A950,,,
decoded_dat/data/bg/aca.dat,522,6E9D1D088A2A9A06123AD23939058173BD57B8E4F77F8B9C9B3C5EB4158341FF,,,
decoded_dat/data/bg/are.dat,522,5562B66354F4094D0CB1B8BBCFC3B81DEF9B53487E3CF0C79F5EA693B3D8354F,,,
decoded_dat/data/bg/cav.dat,522,8838CD24EB3318FA91D27D6701228304A9462941A260E4A1427B2A3A0B04CC37,,,
decoded_dat/data/bg/cli.dat,522,DBB01E8BCF750A5066602FF3B44BA9373167F0EA70F73405955BA0FED271210C,,,
decoded_dat/data/bg/dee.dat,522,B439CDA90A2B118666540D0A008872B39F860573FA82A9DBFE5712EECB0CF8CD,,,
decoded_dat/data/bg/des.dat,522,D27F775E068B2C4BF864BF282F1B9322A971826129F4763582E3AED52537800F,,,
decoded_dat/data/bg/dis.dat,522,22B1B6DF206D8839739D177BED2B3DD6E5AEE90FD6FD9ADDE75DE03B1C91C8D0,,,
decoded_dat/data/bg/ent.dat,522,75BCAD7630E1B3BAE5F9A39824801CACA3EC8B6EB2A23361AF5D050CB1301F46,,,
decoded_dat/data/bg/fod.dat,522,8EA61BF3D2D23576571A346D5DB4066DF6E373D97A1F45F473682DA63566B624,,,
decoded_dat/data/bg/for.dat,522,BA1E73341817AB45828AD779DAE9A32B93FB015B776DDA8100D071D56BB92C30,,,
decoded_dat/data/bg/hid.dat,522,9932F41FA2604E5184D857C92DDBDC6D38F487EC4737CD1A0867D1F9ADAC92D9,,,
decoded_dat/data/bg/hos.dat,522,9EDCC7473D81193007D672A79B7F52365455452FA8E79C45ABB6FE54CB80CBB1,,,
decoded_dat/data/bg/hot.dat,522,FAF8C1BF3D2EBC8E155DEA9D986BAA9829E523EC0381C2ACD70EF47DFE55D0F8,,,
decoded_dat/data/bg/kab.dat,522,38D0FDB4503A3FBEB3CE89D44BABC4AE4AB1832277397F8A545BFA109D2EE371,,,
decoded_dat/data/bg/pat.dat,522,B32357734B2A735140C1ABDFBABFE7D083B7C30A1E569C928A65D913A7B3EAD4,,,
decoded_dat/data/bg/rai.dat,522,C1CA0A04CE09A97D38330AA890E4C160AE88E108B4FAF9EF927FD2CDC818A209,,,
decoded_dat/data/bg/ram.dat,522,6192946626C3D75E3075FA972619EB5A7A8503167D8E71265FE126F1B9461AB9,,,
decoded_dat/data/bg/random.dat,462,7DCB6AB0B7D50301E0B36B37FCBBD5443CAAFBBF244AFA599ED136E220FE09AC,,,
decoded_dat/data/bg/san.dat,522,6485D4BF381ECD0E6BF4185457D8B1D68EC3782217C65D5420EFEC1889CAB83B,,,
decoded_dat/data/bg/san2.dat,525,5CC1E136124E8498811A4A2A326CE344FC0C08C1A271C27EB8E8116951B749C5,,,
decoded_dat/data/bg/sno.dat,522,1BC82B9664D61AC7642BB081F98F8527247DC5DE56EE6AAA09F787773FF4EA13,,,
decoded_dat/data/bg/uch.dat,522,3825340615B11BD63CAFB5B2DBCB83AD78D9B1040B9851995BE072DC3C0AF3FF,,,
decoded_dat/data/bg/val.dat,522,41C0C9F775919D44ABE49F01E8E3A701137BCD594C43C049FEEC8835EE484454,,,
decoded_dat/data/bg/vil.dat,522,3580BDEAE4D2CDB11DB11F7BD935B7E3C74CC086B78D0EFD481559ACFB3EA31F,,,
decoded_dat/data/bg/wha.dat,522,740255DF7B680AB435BD5C2A2AC0369C63473BF7DBAC0B8280D95A15AB82D681,,,
decoded_dat/data/bg_mode.dat,3231,F320BCCBFC07F0AB30B219262302C8F1421BFC8E6B617AAC06DE64A1498BE8EC,,,
decoded_dat/data/bgm.dat,454,ADA6B4E9C8F5C6FBD9A9A85F5E6188CD1CEE5E85139CD9367915EF786B64CAEA,,,
decoded_dat/data/broken_weapon.dat,10212,C53F8D3882A74DCE9C425111CC1FA9C96D73CBEE9D6255E4978378BEB60D8B7C,,,
decoded_dat/data/etc.dat,1489,DAC6C544FECD2241A3C064DBAEE2C1B35ADBEAF5D888F81A8F819FE5A54396BB,,,
decoded_dat/data/frame/INKHUD.dat,3151,54D0B199F8D305C2B97718620A9C8E639FC7D5DEB09FDE62194E2D1D18DFF9D0,,,
decoded_dat/data/frame/INKHUD2.dat,2143,0475B1F160A96A0A0E5ECCAF6FEC6129AF7F209CB73001978E675EBF94BFB2D0,,,
decoded_dat/data/frame.dat,205,3D2174498A747A1A2BAAD297EA3D852B86D36B1A9CACC301730AD40C4E6ADD92,,,
decoded_dat/data/fusion.dat,634,E0D7BF92F222C63C04D6728ECD423369F0604D77FF12DF958CE4AE76FEBA5FEE,,,
decoded_dat/data/kind.dat,229,39E30DF8D86A5FC374B26C80BE358A6503B2C3096D8681C586478D73A0900011,,,
decoded_dat/data/menu.dat,2567,1A8D0BD925D047A6751240D6B088191569064D113D01A17E62E1E75AEAE2477C,,,
decoded_dat/data/minibar/none.dat,24,766367853D939AD3552A13B8DC145F6CB15DEE2B6FC851C1E982700084EE26A3,,,
decoded_dat/data/minibar/st1.dat,416,1B841F464FF0D626F92435E5D51A7335A7ED11CBD2B3E4D05A75524313888128,,,
decoded_dat/data/minibar/st2.dat,476,A1DD6C927F1D06AD5476CAF2E6DD19C478BCF8321BE2E92BE35B5767BA2D13AF,,,
decoded_dat/data/minibar/stage.dat,586,26DB5428AA66B77732C2BFA93B8F6AA8E2A49327C82B27AF0E65D3B2C120BE29,,,
decoded_dat/data/minibar.dat,415,ACA49127677354E1364D74B0727BD458FC959CA9F8252D6051DC47AB5B505167,,,
decoded_dat/data/mode/ntsd.dat,5097,556DF3014F575D25D0642E840AC70F27CEB52DADA7109FEA666458FA0F316F12,,,
decoded_dat/data/mode.dat,78,A1BEBF1E92A8438206EFD1FBDB7ECD6AE24AF9865858C217301937537C8E73A9,,,
decoded_dat/data/resource.dat,1636,B8E31B33A2D42924C57BB6DEC8571F494DD1E3FDDC38916A77471119526090E6,,,
decoded_dat/data/sound.dat,397,7DA4AAD9E3729C44FD6F1D9A4659BC1C925069A7FDD405DD30D2E5BEA11B1C12,,,
decoded_dat/data/stage.dat,1082,5783EC9878E4ED2445ED4EB5B84E38C9131FBF3512969B6F59C4FE7478EE0B6E,,,
decoded_dat/data/system.dat,3091,D848CC6D711A01D12A054E2B5ADB903938D7AFB182854EB39DDBBF2236C31AE2,,,
decoded_dat/m/hug/hug.dat,35833,BE15C3D7A4E1A4B607F3B77ECAEC83C3143C9F1B9D98E83C38F0A0F8D14372D1,,,
decoded_dat/m/hug/hug2.dat,42597,E8219D74A3CBACBA75936428AEE2E97E2D793056B7666AAA8F93893CA371EA3B,,,
decoded_dat/m/hug/hug3.dat,31724,A49631102C98225D21C4E9B4392F5E22645E7292B20EB23C673E71E583124E43,,,
decoded_dat/m/nin/hun.dat,44676,95B3ECF64DA8F9EA702D7ACD48CBBABCD73CF1B7CF6B1B8E899C4A96DF9CD903,,,
decoded_dat/m/nin/nin.dat,46452,4381CD8E19B82ACB1011BACC76691F2E9637472FD255A813DC2C9A95DF52E57B,,,
decoded_dat/m/nin/nin2.dat,49085,60AFBC7E5498FCD17B2ADECEF7C5D7DD2A33E6340B82D149385B2AABD930085B,,,
decoded_dat/m/san/san.dat,38025,83BB358DD080AF36D5877D46DE58DB510110E0697EF2FCB8A6812E68BDF1868F,,,
decoded_dat/m/teu/teu.dat,43446,4A87F06F38B70DC0CA5B444B43BDB1C1B07AF4BCAD3938ABB36F231961851A65,,,
decoded_dat/m/ton/ton.dat,70899,8F74873703D3F0599A519ADDED93C487DC7E736013A53FC116653FD29FDC614B,,,
decoded_dat/s/0/0.dat,19521,F94C3727A5ADB7BB4A9A127FC8C42D647114984CE2B3971DC3E6AEA0854D846B,,,
decoded_dat/s/0/iru.dat,102208,7F03687F974B57353E83EF98C8CE3AEBBB9E233EBD67E565FA0E323EAA61837A,,,
decoded_dat/s/0/iruc.dat,53862,71F9991AC44C9D58FE0124E2D34A2DF374CAF60BF28E1801B970B63EB12D06E8,,,
decoded_dat/s/0/ram.dat,5837,2B5E024CCED9918949C03C6E4D26C788F25BEC79CF3823C1028F26A6A1AAE7D0,,,
decoded_dat/s/0/stage0.dat,314,1B712F8F08AE17BA710E70641253629021F4E5CD4F66E10802814CA67F88073F,,,
decoded_dat/s/1/1.dat,28689,FB2517651A071550E23B53D667321F4273175DC56CC9CC8E909ECA3540C8FF6D,,,
decoded_dat/s/1/ncs.dat,26938,0E06E96D33ADBD5A7EB2C6F819CA969B836E0B2EA583C8B9262B022FCC843A99,,,
decoded_dat/s/1/stage1.dat,11815,B06B20A5C38480C264D305E88DB67D259872061F9A3F8120C65505E97D4C93A7,,,
decoded_dat/s/2/2.dat,16092,1105E6BBE3A1DA618E08AFE5F2E5AF13CA78DDC0D204EAF4502A7CBFFD8BF1FA,,,
decoded_dat/s/2/ncs2.dat,44015,EABE4D2B46A86DA3DD4B4DC6E699CF4B28FE1B6B60C55C6CF4911DF4FFB2B67E,,,
decoded_dat/s/2/stage2.dat,2503,E00F99A62EE0BAA7DA82C7674A50E7B8A1D87268EA2CE192825E808C3CD516A2,,,
decoded_dat/s/3/3.dat,19105,236A81A0E426C4C05F791F0CA56E899A7C28AB87862A4CC19FFDFBFD8421CEA4,,,
decoded_dat/s/3/stage3.dat,4428,18A98F50FB90B6B1015CABFC89A46CAAADE8284F7733ACF4226884433BA4FF07,,,
decoded_dat/s/4/4.dat,12343,0E320303ED4E655CA07096D382443D33BA6A442AFF7547E01531F90D3DF67390,,,
decoded_dat/s/4/stage4.dat,3306,FCBF37FA7D6396041CE3AA21D336C6FA1F5A3D83F0A4DF473A67CDB5830C80FB,,,
decoded_dat/s/5/5.dat,6871,5144E0E5200678427A86C068FC3E97DFAA3748CA5F454EEC6087AD77CC65D672,,,
decoded_dat/s/5/5p.dat,3603,746C6AC6BE7CED714F740E13C31ED7C6A64B7842D2CAAF67C184EC616E79A8E4,,,
decoded_dat/s/5/stage5.dat,2653,4E04658BC801965E88EB46EF006375AAE69474AF103E7F80476E6A61BB2517A4,,,
decoded_dat/s/c.dat,1657,2403A75136D80F29772019408204B40EA857B52FDC95662E6AA4FA3BF26A07E7,,,
decoded_dat/s/S/S.dat,6605,B7B4031774563EE7AF734DCB8F6D1695A9A58992D3314EE475C89344B6872245,,,
decoded_dat/s/S/su.dat,1983,92F98432DBFD502F2DC1D4BFC13C75E95BEB61473B7BBBDCE10929503277425D,,,
decoded_dat/w/1.dat,4726,4C463E5504005B5B55E1015D0200251B4AD27AA529C5F366DFFA1959CF9E5743,,,
decoded_dat/w/2.dat,13239,F8ADFB9B61E7A9D1251F455F13AE34A0DB8D43FB9D4E7A4F6236DD7AC01CEFEC,,,
decoded_dat/w/3.dat,5754,FEAC0E58D336B48A5897342E529977B934D7FDFD08973C205CAF8793874D4EA6,,,
decoded_dat/w/4.dat,13705,54CFFDA696CB220FEC8F606509A4408C954D9EE002E32CBAB5BC442B62A7BB26,,,
decoded_dat/w/5.dat,21742,80EE80252F2CF749E950B2E25035879C11CB7517863AF0CA14B7E88814121B12,,,
decoded_dat/w/6.dat,12511,2641D21E09CD222B50036559496D266B73037BB7F3CF23F7B5A6590FCE5C118A,,,
decoded_dat/w/8.dat,5664,6DBD01033891ABE442590EB40DEA4E5B31B1FC64F22140E6407C4E834F6F78B5,,,
decoded_dat/w/9.dat,13691,BB9FCD5C414FCEC9937EE1A300097962623135F212B13A4A9FC5DAA888D1FC50,,,
decoded_dat/w/b.dat,546,8C9BF3CE4D5339F567CB4748D6777205E2406E160DA7577043219871E38809AE,,,
decoded_dat/w/e.dat,3102,178D2653E2BC4AFFF7B933DA2F28A87ECD6217CBD4F99291EA1B19F300704274,,,
decoded_dat/w/h.dat,2594,BB2535F15BBD6F1D8A54906E85EF745CB676845E13A96831C9EBBA2BB9D98ECC,,,
decoded_dat/w/h2.dat,2595,86AD6C8128795217463AD8B4D55E08166D86E98D246047664E50BE4D04D0FBA1,,,
decoded_dat/w/l.dat,4386,9BA2A5E7B8C46A47B23415A7F7913A984ADC52944320043661F6B8E46C9C13E3,,,
decoded_dat/w/n.dat,16263,B1AC549A484A903E6EAB8592AE8DCC6BAF4AE277FFC187A310C911EEFF8F5E0D,,,
decoded_dat/w/scr.dat,15219,994C7043AA0D351B90B1DF1F83B38F8A788E51A2DF7D3DFF24301E75B20A9A58,,,
decoded_dat/w/t.dat,2594,51204213E6962EFFE8A7978736FFE23C518F3F8B2051AD92344BB520C869630F,,,
decoded_dat/w/x.dat,12017,7E23813CAD6C61CB271433D45CEFC4D52358108653D087AD0B8BBBE38869BCD7,,,
vfs/a/ama/ama.png,23789,3C2CAEC4C3A81AEEF470A368912C70BB428B63E7E3E3D79BEF351E376F0391EA,PNG,1010,584
vfs/a/ama/ama2.png,7707,C84CD471BC2A6276778232D4AD3E74E89B059B075577F36DA802FA500A465D8C,PNG,486,273
vfs/a/blac/blac.png,7063,EFE98B541B3A34068CDBF66AEE2D2DB281266257CFA7E5DE4974E5B1934C30DD,PNG,3000,2601
vfs/a/blac/blac2.png,21989,1AB44852C9CC7DB90BC3757100A0D76C9F41B1662F92322CBAF87BF60A1403C2,PNG,880,2279
vfs/a/blas/blas.png,32852,646B269B6E29304CAC640F1331849D11F5F582A14761F39D2F13CBA738B3105D,PNG,725,643
vfs/a/ble/ble.png,772,085BDB60E9F96AF8CEB32EE959D18D91E9FAC537979A182DEB61BFBDA9098E83,PNG,319,79
vfs/a/cha/cha.png,12865,BF69A255C2782014D430664BEDD23E41B961D4E40789B3E360ADAFA3715DF352,PNG,327,663
vfs/a/cha/cha2.png,3254,0FEA7963FB180C0796C4F5F402983317602D945D83DF5E409E3CD41CE761058B,PNG,799,80
vfs/a/cla/cla.png,34496,948F2088D910457BA43F79DAA6E82ACC4109B341B4F49E0951299918F0FFE512,PNG,755,242
vfs/a/cla/cla2.png,32232,70AE0F235793FFAF4C0A6618FFE792A785EB2B9A7FB11D2DE3FC6B7D99B16EC9,PNG,906,726
vfs/a/cla/cla3.png,2911,9E26A8C33A7839911E6F93710C3B4619371CD7DEAF3660521FA1220456D66D62,PNG,150,48
vfs/a/cla/cla4.png,1858,F547912920CB2A18B25750B50FD10331C16F08F530684D20AF4055CF9B6AD859,PNG,560,80
vfs/a/cla/fla.png,435,23FD23FD3F32A1AF26C186148F232468B32741AF14E0F4DA5BC9B51F16EB06D0,PNG,3000,800
vfs/a/fir/fir.png,12148,9A441EC2F0496C5116819A6AB040DC840F3678D08B432A245799CC8AC1207CAF,PNG,360,192
vfs/a/fir/fir2.png,6123,FC2228835F4015A65C15C1B6C032B73F8F94EA992B934A9B9FF6EF9814319FBB,PNG,144,200
vfs/a/fir/fir3.png,81104,FE24193901CA56BCA6107151B0052F0AE414E96E3DBB25D5E05EBE67C543ADFA,PNG,800,480
vfs/a/fir/firz.png,7176,354C8D6CAF04E5A49F42DB0DB80B72A5BBB2823852570AEDB6FEE7FC2E009C81,PNG,328,166
vfs/a/fir/firz2.png,3139,EDBD596805AF8D37F19D59D5DDF74C109BDA2A9B826183240169CF76B1B747A7,PNG,144,150
vfs/a/fir/fla.png,6860,7BE55F16A490468BCC0A3594F6ADE41D41A3912A0D250BD134F3E82728D39E35,PNG,361,281
vfs/a/fla/fla.png,7652,58880ED0B8ABE385F7DAB0CBAAE1895374C063D750C97D7F67DC55750DFCBE25,PNG,829,1357
vfs/a/fro/fro.png,13096,4FAD84BE4A7379ACB04F7C45A876B322737D311C9E73A4BCE550A45F485CFDC9,PNG,662,429
vfs/a/gro/gro.png,21657,26E715BD90CF7637CA7BB1A50833745DD14D6FB9AD136812E319986522E1C80A,PNG,784,830
vfs/a/gro/gro2.png,1296,0220D44A9FB0D129201ED56ECC203E8A1DA8F8E4C79A48B7EC177C200160BC66,PNG,327,165
vfs/a/hea/hea.png,1652,ED6A5C0D3B1A49ED0F9553EB5601FBA7E49404BA0CA86FECCFCFD2AE0F67365F,PNG,573,82
vfs/a/kam/kam.png,2731,EC4F4B421D731BBAEA609BA9DF0C1AD010BED0EAFD8866C73ECC76F19FD777D7,PNG,655,82
vfs/a/kam/kam2.png,3094,831F27938799B8831CE8E0050E5D0791ACE1D447F4F38F273602B963FC822D59,PNG,461,230
vfs/a/kat/kat.png,27412,2B97D7C8C556A44902D032A4875FBCB354AA9CEF2FA4DE52CD5E1F317B117B85,PNG,629,644
vfs/a/kat/kat0.png,11589,AB2AC5E383D5854559EF27CC738D3DFA2DBBF69449CED667A23EB1BAC80F65AD,PNG,1405,402
vfs/a/kat/kat2.png,16126,83B9471EDD84A5F82320505B6391F07C2B3FE2E6AA2994C823DFD6CC8D809741,PNG,328,499
vfs/a/kat/kat3.png,8367,0C67478CB833B3477129AF6F863C4ADEA09F415DC897765C1FA26AAEDF44C075,PNG,405,255
vfs/a/lig/lig.png,6425,5F5C3A89916F7A49615AB221C81CC16A0FA32289E7EF861B5AEA182959DD652E,PNG,879,99
vfs/a/meg/meg.png,66006,27B1E4B11BBCA0E948BE6E551F93E1E982AFB8ECA7B0479E5DD893758275DB43,PNG,799,1617
vfs/a/pof/god.png,9616,6B3AE923D0437AD0C540177B61C25FF1916B909B29B03A80DEB0C56D0CE92EB7,PNG,888,466
vfs/a/pof/pof.png,7688,96DBCCE094B837B4AEF934A47E27951AF8B430562640847E92C524F7FF75DC81,PNG,767,301
vfs/a/pof/pof2.png,1410,207D8E3869FADF58C198E92FA32B7FF8F5AE17029F66AE64DB05C004B77D846F,PNG,327,165
vfs/a/pof/pof3.png,3623,F22370E9721E056767EAB585FE59E1DCE6BD90D1F072819F7AE9FCEBB56B5D12,PNG,879,99
vfs/a/pof/pof4.png,1977,CC20619AB0DB4DDC0EC1026449214C96C345D95C4BFC5E9C06B3D675B78DEC2B,PNG,455,91
vfs/a/pur/pur.png,9757,270A229D07FEEE18FAD494A7443BA38694FE6F88599063A63ED71CE251929B2A,PNG,874,359
vfs/a/roc/roc.png,6367,F2F9C6E456805FA92A9E8DA159F060D2C310935A5CE7075536526EC490E730C2,PNG,629,386
vfs/a/sna/sna.png,13518,5AEEB2912C550DACE9B55ADCD03C3FD185B967681F326352881CA6E02A0560F2,PNG,563,251
vfs/a/sna/snaoro.png,13578,976B864611C3D7F407E9B6ED70646BC309B1DD5EFFD949B1F195C0A547D4B0B9,PNG,564,252
vfs/a/sna/snasas.png,13766,25BD2C4EC05BA6664B2A74B036127CAC3FDC77D81DD01CBD78E00B9B7DDCE4BA,PNG,564,252
vfs/a/spi/spi.png,27198,3874862537DEF78B564248F0470B94085FB093CBCC2CEDF2489D4FF1E3160D57,PNG,543,482
vfs/a/tra/tra.png,6645,71625E8327DE2AD2F60D00B9A6AFD072E2222C40FB9B24F73F2D896AA3347343,PNG,629,115
vfs/a/wal/wal.png,34886,58FA8D87FA9E98A99844C480A09BCC02C92A7E1D863434B46368D53E0DDE9330,PNG,1167,767
vfs/a/wat/mists.png,164525,24F95C5AC8F84DC234A0EB00A21DF7DE4A0DC5E87C2D0294D65C890C5570BB54,PNG,3000,1100
vfs/a/wat/mists2.png,138894,69134AA5E15A07FB00C83133F2ACAAF839CB41EE0194D887E779828C6269F2D4,PNG,3000,1100
vfs/a/wat/mists3.png,96693,4FA5E0D9AA4ABB0286B686B48B60444FE5F61B1720395A45733BE020E98F9157,PNG,3000,1100
vfs/a/wat/mists4.png,35261,2DF7BDA1903617D2E89BD755431A5333A9DC881526D12BE4DCEC154A9E23B97E,PNG,3000,1100
vfs/a/wat/wat.png,70110,E4E12AB139BCE96D452FFCDB86F3D760513ED087369AEA96AB9896FB275514C4,PNG,437,725
vfs/a/wat/wat2.png,4607,1C4DCA17291923077DCE3EE18BF5955A436B0683CF0F9707A79DC47ACD204CC2,PNG,274,115
vfs/a/wat/wat3.png,1153,4A468F628D1E4E04E70E87097D5A3D8935B0E0A51C6CE4656F79556F46F82C34,PNG,328,166
vfs/a/wat/watb.png,93675,D745CE0C1A645487487DD28FCD0C579906A16120E37732F0F814ADCF360ABE87,PNG,1082,1745
vfs/a/wat/wate.png,7269,87E16C23E88D51AEBA71483FE93EA7B2B4A56DA190FB5B7BBAE4B605B47A5B0D,PNG,691,875
vfs/a/win/win.png,13769,B7802A5BF6EC648D6B1D1C35BB2CECE527B35E27BEB08348BA2F5AE50ED6715E,PNG,799,320
vfs/a/zzz/zzz.png,974,BDC5A4D96434FFC4133450919DA0FC4D467CA696CB74280E2C9B9B93340F06F1,PNG,399,79
vfs/b/Aca/1.png,265202,1298A29D740CB9AF36DACFEA790C8715A2BBFEC39F76B5B2C74BB3620A4BD3DB,PNG,1335,735
vfs/b/Aca/t.png,16822,173B2A1BFD442EE94EE3F384556CF7E583B026CD11093AFB3FD2AFFD1594F363,PNG,246,127
vfs/b/Are/1.png,93563,46D2CA53B744AD7BBC2F8DE29E28616BC96FA3E053CA03A8DC4AA42D796A577E,PNG,1330,608
vfs/b/Are/3.png,9521,56ACAABAF6A594E084555B186B2D1086A1AB5777488C6A65D921B86669CC6880,PNG,949,45
vfs/b/Are/4.png,9295,3C2B1A72A9BA32205EEAC1DDB943DB3968CE9B4B0880A2A380880316222DF302,PNG,949,45
vfs/b/Are/t.png,19718,74FE63200E773C6B5C3A87BEEC70939845CBC66A168DA9A4277125DA4FD7AB96,PNG,246,127
vfs/b/Cav/1.png,184668,3FE52AEBE2AF55DC14FC364AF524E4EACD9147903E9ECD12AF10D44AF387FE23,PNG,1333,730
vfs/b/Cav/t.png,13592,C1E0A650BD818725CF0A606C2696731D9DC0D37CB3A0EA45E16F10EFC06835D7,PNG,246,127
vfs/b/Cli/1.png,173284,F2898851FFA836E3233BD920BC77709A9F41C623F203FB4A1C333E97E5FA1030,PNG,1350,735
vfs/b/Cli/t.png,13282,F1431F79D2D159D3EFE4CBC09090D74F76C5324013E8CD8E5EE16295934E8F81,PNG,246,127
vfs/b/Dee/0.png,96226,A6D2EE1F42616BE29A765A6D908F8F4D6343EFA29996E8D5E51A892CA3DACB78,PNG,1333,730
vfs/b/Dee/t.png,21104,07F87CECCA8BD58AACCEABB1833C2EBCFAD6491E2930ED4CA488E675BB2F14D5,PNG,246,127
vfs/b/Des/1.png,284654,E1CD46EBB2360EC95F621F8B61FA948B26AB7C6B8B53DA4E869985BAEF1783F0,PNG,1335,735
vfs/b/Des/t.png,13301,8A50EC5E38C776D590CFE6BE8A13A52EAD40F5E25CF82C5F170A1C6A9A9AC7D8,PNG,246,127
vfs/b/Dis/1.png,150721,457BB804C151A2BBC75560066598F0F6CE99DD24CF6DD6C1DFD442A20A9A9DD7,PNG,1335,735
vfs/b/Dis/cr1.png,40904,1B71A33DACDEBD087213C37E2EC476010EC501C511909438C2CB4C8750D4575D,PNG,540,419
vfs/b/Dis/cr10.png,40445,59F44C277810A61435C4658EAA6F0BAC3F8F0686C76A521CDB55CA3EC42574D5,PNG,540,419
vfs/b/Dis/cr2.png,40016,172D28D5FD999E8D7FB316350A102981E7D20BA72A5D71968FEB1E854C921E3B,PNG,540,419
vfs/b/Dis/cr3.png,41008,108D20836BB4717EAD8FA9AE4EC84A4F905C6C7592765316F70627391B5DF443,PNG,540,419
vfs/b/Dis/cr4.png,40818,4296FAC3A15395C27853C0489ECBBB2272462EB19EE3DB67BF8BF81A56469994,PNG,540,419
vfs/b/Dis/cr5.png,40390,5FDFA7FA3C4D07E70C047C6FA9B6206959F93ECF59BE7202D579C25B071B83D9,PNG,540,419
vfs/b/Dis/cr6.png,39485,59E06F6F281CA79F74E09D3867DA62D6894BD70360F9D86D3A274F39BFB1475B,PNG,540,419
vfs/b/Dis/cr7.png,41220,790BB52E0B0C919C3BB5289D91FB0FB379B3602842EFD1EAABAF4472713899A3,PNG,540,419
vfs/b/Dis/cr8.png,42685,18CF360B88E30115201FE9BB76F526DA34C1039803078A1397B61DA517B76FE4,PNG,540,419
vfs/b/Dis/cr9.png,39751,9D40953C8AA7113FF28DE4402243817449C8F037AF4F7879BCCB17573C00BDFD,PNG,540,419
vfs/b/Dis/t.png,16928,EFC7C4BEE674D85E1232AAD9EC5A936DB72598F2BDF1E414813D2525BCC34F0C,PNG,246,127
vfs/b/Ent/1.png,112210,189A7B80173DED4E19980D9A8853F46403C36BE25D178B6E51EC5D11BF519C7A,PNG,1335,730
vfs/b/Ent/t.png,14054,77AD0A7F3EF69507C54B18AF52CC22053F2A686691820573374C1191144FA56E,PNG,246,127
vfs/b/Fod/1.png,535946,0DCD3ED8074C2233ADDB7CF6F5D897803DF67D9D6AEE224EBEDE865C18446DF1,PNG,2047,735
vfs/b/Fod/t.png,23264,3C59A7A5AAF4EAED60034D8B22973F2583525663024A9FFB61366CA87CB302DA,PNG,246,127
vfs/b/For/1.png,506870,31CF90BEC7A08A3DEA686C489FBBEB4D8F17C27889632A35B6E220DC2DD9178E,PNG,1335,735
vfs/b/For/t.png,23434,986FC0AF0DBAC0F3D8592D920B1FC656B59B326BDA4C37F0E4E966D50DB39D0E,PNG,246,127
vfs/b/Hid/1.png,17021,632F2FB2B5C8947B311759FB72127FC9C12CD19F21DA3C9DC17FB53EC4531F20,PNG,576,432
vfs/b/Hid/2.png,1561,C32C3CBD5CC6B1C70831D407291B438F94D1A3B37CCE6740751C3DB6D11F8148,PNG,576,37
vfs/b/Hid/3.png,3361,C05BEB06A57A8C1C67ADCA079B1F4E3564B1ED8ADEABD90632DF08CC3B117440,PNG,1217,340
vfs/b/Hid/c1.png,3461,C737BBCCE59B09DACCDE6DBB1B68A09658E51FB4CDB31E900445363DA1548610,PNG,64,96
vfs/b/Hid/c2.png,3296,92828D465B26C018F1FE698AA1769F19C80FC9526FC95EE0D2BF6D1AF5EDD8AF,PNG,64,96
vfs/b/Hid/c3.png,3140,985E6ABC76BFADD97FB296EE03CA16341DA20FCE7A13C27A3794AB0024FADB1A,PNG,64,96
vfs/b/Hid/t.png,13547,5AFDF278803DF1418D38A889903C8262AA9B3658A730E4F10C3BBA91C55517DB,PNG,246,127
vfs/b/Hos/0.png,232898,B5E966814591D6CB343CC194D7E171579B88E58982C1D71FE989935559CAE308,PNG,1346,735
vfs/b/Hos/t.png,13648,8C5569F0AE0A12A8D27F7B29FAF6B0008E4A089A1735344005BF1D16EEA3D2F9,PNG,246,127
vfs/b/Hot/1.png,296333,2E058DCA870F2F4636A36E264F41C594F1718A6E6D3F0B1E69A819DFD9DA7397,PNG,1335,735
vfs/b/Hot/2.png,123597,83BA1F11585A44F433417DA82A3C7B3A0C8352BFBD51833AE7A7E858F05228E7,PNG,1193,365
vfs/b/Hot/3.png,122764,DA5FB1E48609B8D805E1AAEBE02EAF8491C6C0C58A751ECD8EC73326FA831B23,PNG,1193,365
vfs/b/Hot/t.png,15510,08CC7FDE1A3B227AD52F5F303BD6F1D2F21BE514BBF70A8E277A74EC1CB25B9F,PNG,246,127
vfs/b/Kab/1.png,153281,2599262A28DD685EB890C26C24D28B3EA7F032983337AC2CF47E2ABE89F83706,PNG,1350,750
vfs/b/Kab/t.png,8249,7532989012FDBD1F23D9E4AF4A4EB65572BEE5FBDDAFD76B64E485436C3E37E7,PNG,246,127
vfs/b/Pat/0.png,38728,7E519D2C7BC20D4753B8EAC9DFA1D471A4A53B1869D7C9F88E56B27BD1C6E1D0,PNG,1333,730
vfs/b/Pat/11.png,1121,D9E3536B1D3DCCBB6311B9F6863711762CA850923A2153148067BC90886A9883,PNG,63,38
vfs/b/Pat/12.png,1134,7F68E70512508D30F98082C4FE34FC77BCB8AA5DB80C4ABEFB9E0444BB65C92B,PNG,63,38
vfs/b/Pat/13.png,1140,7719CE4424A05B7A4EB0FCF210A78CD521FC40DB6089C8F9E2A2BA4F98B4E0E7,PNG,63,38
vfs/b/Pat/14.png,1142,57FE2FE3B7CE7D70DE9556CC9351EB23582563C5C3A3F0493073B977E01433BD,PNG,63,38
vfs/b/Pat/21.png,1218,FF221370E052367C751A12A8F00B637D2D97A5089E786BD569EB83A07F70276F,PNG,65,42
vfs/b/Pat/22.png,1193,056BBFC8F1CDA8F24E46FB8841614F12C545AF4DFAB40E58042A8728F1E882A3,PNG,65,42
vfs/b/Pat/31.png,1172,4786C7AB0A0131C1D28048D520312920B4D84514A7FD56D84686BB9245CD0528,PNG,65,42
vfs/b/Pat/32.png,1149,74ED8177D8EA474DDE1EC60E26D619407D03B89E4CDC92228E84FFC991401764,PNG,65,42
vfs/b/Pat/33.png,1144,33BD9D334ADB2526898F3B8CACB6C4AC74C069DFA3CF2DF21F6A9CC087B0C2A6,PNG,65,42
vfs/b/Pat/34.png,1170,FE1B7A790408A65B6A0E7BA13223C0BFEAA686E51AE8898655CF59D07CD3DBDA,PNG,65,42
vfs/b/Pat/35.png,1107,036E8CF00165BA2C4E222280557B8E108EB82203D151A1E3DE87DD5083521CB8,PNG,65,42
vfs/b/Pat/36.png,1122,956CA3876E075F2696B39FAFDAC5FFF9095D87444EF38B43E83FEB1DBD8383BB,PNG,65,42
vfs/b/Pat/41.png,1190,5AF6F37BDF317B69F06052FD42554E0606081266A92B26AFFC1989219F278932,PNG,65,42
vfs/b/Pat/42.png,1142,1079D6945E02BB262A7A2FB986EB804B86EC8B177A7287A8177E0EAA769DC711,PNG,65,42
vfs/b/Pat/43.png,1155,BD67AA32A6E09FE6DC4B5A81776EA076D0DC37AAF078C510C1D0DD3C3EFF1A8E,PNG,65,42
vfs/b/Pat/44.png,1163,F9B8ECCCAA84D577999B7226AD0CE34B6B3BDA97F770777DB111B8ACFCE7DEFB,PNG,65,42
vfs/b/Pat/45.png,1104,35231E5CF6D27AF99A5CD2829901D68C9F21673DCA85F4A8D2FF04E5281E18B4,PNG,65,42
vfs/b/Pat/46.png,1098,189D80CDEC394FD55D07C3B2F5BAF987A21E6811436E13069562D3D8D6B0CEF7,PNG,65,42
vfs/b/Pat/t.png,19774,984DC23F9C6FA1C08599C7D43F921DD0908E5D0C7659E023E5E7C0A624420FFA,PNG,246,127
vfs/b/Rai/1.png,313527,DFE659F7EFEE3523D6860CB13F84455D713F6475DA5F7261DEEA3B5198798574,PNG,1335,735
vfs/b/Rai/r1.png,244367,1456630647F0170F6BAB724397E3FE8416211DA0C303A655D58D42A5ED74AC69,PNG,1335,547
vfs/b/Rai/r2.png,244655,C4B7BD4795275E62DCD680426CB9CC631DB0DAF46AB0326E4B252F0C09270542,PNG,1335,547
vfs/b/Rai/r3.png,242812,723B7FA8B25BC6C50AB83EFD6C97BB57E8E2C36B0DE06F01EF8903486B2D7CD2,PNG,1335,547
vfs/b/Rai/r4.png,243667,2957E7FD56E2E877C01CB0D268A8A23D3EE8ECDB3DD7E254629310D08CDFC650,PNG,1335,547
vfs/b/Rai/r5.png,244174,24DCAEA9CA733B93D0DF0A206427D1C25D7CED4EDC8BB132D2F81F746DC0D436,PNG,1335,547
vfs/b/Rai/t.png,19105,E8115CDAE21050054A9E7AA30EE789CE4B07374CD0924DE27830F3417DCD2B76,PNG,246,127
vfs/b/Ram/1.png,110852,E8AA6FDEBFB0548C4856EAE575C5383372384A3754B05CA77828307978DC205B,PNG,1335,735
vfs/b/Ram/t.png,15988,9E4B7800F7228EAA2920861A5F7CCB67A6E7B67C1DC9E63F8FB228F2DD9887BA,PNG,246,127
vfs/b/s.png,383,060FB5320E5C89505F699A8307ECE40333A95AAEDA7F6A391F7E5CE3EAFA90D6,PNG,37,9
vfs/b/San/1.png,88476,379E967D006D22A35B68E08B047C1C540F8F2A8BDA896260C55120F6AEB0F9FB,PNG,1510,380
vfs/b/San/1a.png,90442,8D6FDC1047CE4624B022C6BBF42E90C173014CCD70C3ED444082D5423CE68186,PNG,1510,380
vfs/b/San/1b.png,89782,93E7BF6CE0ED43792CD1E742845C0C6C9B2B2F022C969E4B21828E4307D00508,PNG,1510,380
vfs/b/San/1c.png,90762,A12BA3044455E911460B056EEA34B52D6A419431B8529987864387A4D0F77624,PNG,1510,380
vfs/b/San/1d.png,88704,50E2EADDA5E733BC9D9DC7B2131685EF18FA754A4DB847EF171E7F506105D259,PNG,1510,380
vfs/b/San/1e.png,90358,ABB76233E43189C6AF484A0AAAC6E8D590570A05F442976D432A28E4B2BB15DC,PNG,1510,380
vfs/b/San/4.png,499,328D5EC1B5CE4D9F4BDCFD27BBEC72CFAA3DC0640AA99B3490344D8708588ED7,PNG,115,15
vfs/b/San/5.png,491,01DD99824ADE626D33A48BD453F461DC69C8EED2D381CCE90B43805FB00CAD54,PNG,115,15
vfs/b/San/6.png,3091,0EF87F1ACF7706F3C49DDEBB5C1C9A12EF39656297BE68AB2EB355F3FBA21605,PNG,119,145
vfs/b/San/t.png,17495,DBE84DA3221DE7C9B62C55B2EAD6B914B80CE0C22EE5A757120818FAF62E4644,PNG,246,127
vfs/b/San2/1.png,472685,59D1CD7150F851A3310E36C7056988EBE4FFE91BE97947532836E1DF15026217,PNG,1335,735
vfs/b/San2/t.png,18369,C29D0E5E41B1F20598650C00734F512AECAB5FFABC3BFEFF9EA0EB28C854D3C0,PNG,246,127
vfs/b/Sno/1.png,175270,FAFE71CF20F666BE88B95CD2EB8175BA24F13BABFA3CE996D88F3CF5A2ECED4E,PNG,1335,735
vfs/b/Sno/t.png,18362,1F89FEB84CF228D2F1077E9B73FD827E3CA251B653E5C0CA660F3C239F30B86C,PNG,246,127
vfs/b/Uch/1.png,240578,B24555A6F2882AA4330EEC1678F9056E74C01049DBEC491F11CF50A4742AFD6E,PNG,1330,730
vfs/b/Uch/2.png,221076,1160F7655735B04CC2CD0611405CD0D040253F083E32E1404F5F4A4892ACD73F,PNG,1330,730
vfs/b/Uch/3.png,248391,C283F7C53CA7DAFAB4F6BD4A82DFC36E48E60B5B0B1E272DFFABCF4ACC8BEFDE,PNG,1330,730
vfs/b/Uch/l1.png,104463,5AADF39FDAF04E08702A584B312AF214D278A92B5E95AFF9DE60FD3DC2F1155C,PNG,1330,385
vfs/b/Uch/l2.png,108983,FABB9BCC5911A927169DF5E201D5205FE73D13485F968FDEA471A9E749CEDD4E,PNG,1330,385
vfs/b/Uch/l3.png,98314,B1E58599C52BC8A22E0DFAA0C41D386C5A83B4DF0081F95C5EA8E9DB2424A997,PNG,1330,385
vfs/b/Uch/t.png,15188,F4C68371B2D387F0C3EC88D379EA36AD6EB7F6E14B22A2B9A7F56D38C91B6B4D,PNG,246,127
vfs/b/Val/0.png,444185,7D100B476D959A5F87694A8A2F03B555F7F4233862266020AEAB3DF0352F3D37,PNG,1335,735
vfs/b/Val/1.png,139293,F87E250734EEC8E07F67CD8E7BA03EC1612AAA31FDA15EC0AE0902C2A4E02F88,PNG,859,329
vfs/b/Val/2.png,138485,19DC964093D5D58545FA434776F0F6F280012E13D5996829BDF51B9C35B38EB8,PNG,859,329
vfs/b/Val/3.png,137184,28E2D43B39BC68065F549F0B092512048328F0BF96582CAA11A839F09B42B17E,PNG,859,329
vfs/b/Val/4.png,138924,EFE9F30252191FAFFF3E2A0CA4F7EC359E203656ECB9E38CA7B09508EAA4853B,PNG,859,329
vfs/b/Val/5.png,140259,1659E0637026224A54E45719F599E05B8E29951C02AFF49B252A401132362170,PNG,859,329
vfs/b/Val/6.png,139954,26F640FBE6E491D285AB341A84AF84E5B346AE4045ACA69593C7FA08288E89BC,PNG,859,329
vfs/b/Val/t.png,20284,523DEECC13800ABC288D3A0281C82FA774CB2A60D1392B5258E0C028D09A5333,PNG,246,127
vfs/b/Vil/1.png,114170,7175410863DD9C10C2DB9EE08BF1542814E34EBE523BDF39904995146C3A7A8E,PNG,1335,735
vfs/b/Vil/t.png,17772,622997A049AB6FCC3F5FEBEAABBF498B358E954194B3968C9C5B08FBB5C2C7EA,PNG,246,127
vfs/b/Wha/1.png,525163,DD82E74CE483348EF14991265BC695DD84104DF957328DAFA6538F2F5E2B705A,PNG,1335,848
vfs/b/Wha/t.png,21547,BAC37F7824166A17206D111095DE4E9A550AD64B90A904B92C22025D09E16C2A,PNG,246,127
vfs/c/0/M.png,197436,3DF00A8D69C0F8654F820085D946932C8DE256978C9ECB6B34B1DA3E0572E6D8,PNG,2020,2020
vfs/c/0/spe.png,9766,A965F62AE514660D1221D65B0560AA39F4900A7DA8BA32B548449CB609B5F376,PNG,145,223
vfs/c/0/spe_s.png,2963,6E28C1B6857546147A95BF97908DEDDA702CDCCA0C70404355BA9EB257615B4E,PNG,60,54
vfs/c/ank/a/atk.png,3220,24AA9B7A2FC51C09B053569C4B4DD62C2283C3D97CCD305BD0389A01013AC89E,PNG,800,320
vfs/c/ank/a/kat1.png,15378,37E7C666301506B3A26ED931423E4F59D8A6FBCF06FCB14A7EC50BF7D7406964,PNG,1066,166
vfs/c/ank/a/kat2.png,26394,AA5B8089DD08A23C8FE0DA56C8EEA299890EFBF9CD6B19DE9CFB230EE83DFFA3,PNG,1200,420
vfs/c/ank/a/kat3.png,9793,F9264B05E1726EEE53440A3B8FF6FC54ADF41B7F743B17D93FBB1313C01DF6FF,PNG,1380,230
vfs/c/ank/a/par.png,3149,9CDD7DD2B46FBBAACCA0864CFC3E916CE437084B51B085B5B05FBBD0BA723D6E,PNG,333,171
vfs/c/ank/a/s1.png,26992,5B27E59BFC50F1340053899A1D763DC25D9A98D32BC76B043A838D77692ADFDB,PNG,1250,360
vfs/c/ank/a/s2.png,29515,5ECD887C08873646E4C829A0663EF3A3EF2BD58285038CA9BF7E3219CC7830BA,PNG,3500,500
vfs/c/ank/a/sna.png,25838,014823DD65A46A73E18E004D7B7CEFECBD4267185591E67D638E80909324E1C9,PNG,564,504
vfs/c/ank/ank1.png,84316,7FD1284224629814B0E629F1AF3C169D93F441F8B9980046F3A00C76A465CDBD,PNG,1200,1680
vfs/c/ank/ank2.png,10939,88B58907F481769236670A9877DD2E4E726A670AA92EF30BB77C3405FDEB5307,PNG,640,680
vfs/c/ank/ank3.png,4733,4AD8218F31B951997466E644BB0AE0415B38FC8D23D9DD711A3F31C2B70C464C,PNG,1200,240
vfs/c/ank/ank4.png,6449,5E570FED99AEEBA999DBDB5F6FF23EB0C70FAA55D21D2A384A0CB60F2684F23A,PNG,500,180
vfs/c/ank/ssnk.png,11730,F2385E635F4F3D8B833316E76445FC89ED8FB6FC4E11579606825B77AEC6A198,PNG,640,320
vfs/c/asu/a/ash1.png,341290,4CBDD7A13F62F6290A4B3411D7656566716D726B5F6246DD0565A0201D3EAD5D,PNG,2248,1206
vfs/c/asu/a/ash2.png,70556,38C5E2F21F597378C8023C39A4A0BCD8AF6DED483755E7A7F935C560E6EAE7B7,PNG,1600,640
vfs/c/asu/a/ash3.png,89128,F6E0D3AE3CE49C89F311E56C531EBA7244C37DCC9E4763CA7EBBEB23D98A9F50,PNG,2248,1206
vfs/c/asu/a/fly1.png,5222,735C9AED48EFC0A65B53A43048D9429F9D728BE8BD0A8F4E1BE680DA4DCD6BE0,PNG,800,248
vfs/c/asu/asu1.png,68784,F92E60CBC9E76D8EDCED77E03A2537FCDAA2D3B7D74D3C38CCEC143E320B18C3,PNG,800,960
vfs/c/asu/asu2.png,22153,B65D5495BAC7D765EAC48BA8B01B87BF86DD577F7208125E62035CAAC0237714,PNG,800,480
vfs/c/asu/asu3.png,20024,F944669B0C09252D78CF1895957CAD1794F06D3F41833038D9FC14145DB85A5E,PNG,1150,345
vfs/c/asu/asu4.png,112595,F2AAE8E06ABE35B14E7EBD34BCDD651333B66399BA30332E2C20E6217164B983,PNG,1600,640
vfs/c/bee/a/effect.png,13488,DA52D52085EE4942F0038979D42C9A9500453037F440535EB6A55B7CED4869E0,PNG,800,480
vfs/c/bee/a/effect2.png,10814,F8061A6D023018DA4162B7E9CA8A03CCA279EDE00D030AB1DE20B02C4D26081A,PNG,800,480
vfs/c/bee/a/wind3.png,5083,903976707BD9EF5E9161FC4992C85271D02F029C4CB4D9768B091F16B9AE2022,PNG,455,364
vfs/c/bee/bee.png,126850,028963C752AACE513EDD4472F1960F25A0638BF644BD12807D8385B33B8ADDC2,PNG,800,1520
vfs/c/bee/bee2.png,35108,E1237C4838E6729BECC03DCF768342EF01E13D8A2A9246FDD3E3BB6C6A1AF574,PNG,800,700
vfs/c/chi/a/cha.png,3694,32C7462D2D54F81D3FA03986AFE5C5AD762B7950398ACF26A5C1BFD9C2E7F01C,PNG,800,200
vfs/c/chi/a/pup.png,57400,CB3D02AB42B2AA020667003258D9A0871078692D49EE94D7624147CA1E99EF41,PNG,799,719
vfs/c/chi/a/pup2.png,2838,5771383451EECD94544F33441CC93494B4C8317C6A6B9E98BB496C26E76C14A6,PNG,480,80
vfs/c/chi/a/ras.png,27679,AA6D42824588D201FB7EA08BE6C8A8B2216F7A54A1703A6CA204AFBAF74CC63A,PNG,2220,70
vfs/c/chi/a/seal.png,10509,7216E60B9C252A425159D14C30099777798A8594AC3D7F9A66100E999F9F8CCD,PNG,800,240
vfs/c/chi/a/suc.png,78382,A795305249C9C62A51CEF6E400D30D3653AB26ABFCE7E76BFBE52B59DC379D32,PNG,2800,420
vfs/c/chi/chi.png,41550,56C02F78952268202BE4736E745E1F7004DB9116B39F9E0B651C2A2A325DAEFB,PNG,800,880
vfs/c/chi/pup10.png,9584,599DF8B7815258333AA322984D38878FB648ED9280E1E82F26CB5F9137EBC665,PNG,800,258
vfs/c/chi/pup1a.png,9946,3635D98BCD39F9648377C7CB3A50E5EEFD4F81237112AE237A3579FED5BEF1CC,PNG,800,258
vfs/c/chi/pup1b.png,10752,254D442E84C481D4BDC20CD1467E205A6AE661E9A365DB7EE71D2259AC7E8ECA,PNG,2400,258
vfs/c/chi/pup2.png,9679,625608BD2E542B3154694A8DB8FBF474A52D27658BFDCDC7F06AAC7364C99F6C,PNG,800,258
vfs/c/chi/pup3.png,10914,422811A5EBB467C10C6FC6FDBBCD0E9DC5BA49E8D9572F1B6A7730A33BD4D6B5,PNG,800,344
vfs/c/chi/pup4.png,10250,8D7DF07F6E1C37CF877074C407C83FCEC9189D8F5E56F85F14B91FF32A95961D,PNG,800,258
vfs/c/chi/pup5.png,10641,7E8D4A45C9DC8CC2D7404422D67E075118C4E8318DAD78E67658172C6037A893,PNG,800,258
vfs/c/chi/pup6.png,15224,84FEE9BAEFC1D306251A33CF8D9931589FAE5440761A0C637E2198E2143A7610,PNG,1100,270
vfs/c/chi/pup7.png,18925,FFE4686D88FF0D844D94AEF864F2A1BF9C89B58C80B1E56E83F6BDBC3F3DCBED,PNG,1300,300
vfs/c/chi/pup8.png,10121,0414B76DAA571881A040618FA68C59AABD8AB5B89CDC93F63ADF330D882328B5,PNG,800,258
vfs/c/chi/pup9.png,13698,3C4B13C4D9016225D54BCE3369554BF1B776AF9564F95054B180CEB5E90B79C7,PNG,900,318
vfs/c/dan/a/iza1.png,54647,8A62EEE67FED829E01F5743B2B601C14B029302E22A5C65C3D04C581F1AA4B9B,PNG,800,960
vfs/c/dan/a/iza2.png,12436,82971B284B8089DC16761779DF2AFE2A0E10D498A63674EF69EC58095B78E2B7,PNG,1110,333
vfs/c/dan/a/mark.png,1489,45CC0245103DAEE3C1AF0F666D57A774B2F0C0925845039C15B4E0F05649F1C8,PNG,800,80
vfs/c/dan/a/win1.png,88664,07DC18A808C825AECFBEE85E69853CC39F4F94D60C97333C6B59D1FE2033A71F,PNG,800,594
vfs/c/dan/a/win2.png,280915,54F64B4EE8AF75AF98FB7DC904D402E4F84EDE5823FD8EC962053A308AF70DB0,PNG,2001,8768
vfs/c/dan/a/win3.png,12543,3CD62D73C35B6B09496837792CB08834947CD16E82DA6B5768E2066965DCF20A,PNG,960,960
vfs/c/dan/a/win4.png,36700,BFD3609B63B1676DB6BEE35DDCB2875A9D55E05C7FECC2B6E5ADD0DCAD9876C0,PNG,3028,756
vfs/c/dan/a/win5.png,72061,2E3C35BA34A7BFC969DB67AE95A65E7C04CDEB723416A2781D44F1CE140DCDC1,PNG,4864,1600
vfs/c/dan/a/win6.png,483480,7C2AB864B1F1DE2DDDED154D7EF1633FF43C3DDE8AF4DFA72BC67BEBEDBCD005,PNG,5540,927
vfs/c/dan/dan1.png,87570,D77B6F65E5D2DFB89C5E1BE6478994B8D6D218A086F8ADA17533D2DB63C1C4C3,PNG,800,1440
vfs/c/dan/dan3.png,159310,6DE943B60DD3CFE71827E546FA10E900B68B8AD3604DEB311D52892FBA116916,PNG,960,2400
vfs/c/dan/danr1.png,73453,B41F3E81E7792A95EC558C449B4A7FC2B33E63F2894DB21DE884E1F69B54DAC7,PNG,800,1360
vfs/c/dan/danr3.png,17315,8BD3B59DD20F686C743410471D16F7635CB89E1E735C78E4F461DF39A7072353,PNG,800,240
vfs/c/dan/danr4.png,128004,F957CDFD394C3E6467F130CF2FE6456D26577138A302CEC47687943C807E93E2,PNG,960,4320
vfs/c/dei/a/cla.png,25734,10D40F21D51ABFC60A3DAE010759CE5A3BD6A37A868A57D0433C3211B9705FFC,PNG,820,581
vfs/c/dei/a/cla0.png,252,E5474E2E7A10D309319769A49DA9D274A86E8C8CFC0275E379FB6AB0C7339ED5,PNG,81,165
vfs/c/dei/a/cla1.png,10877,2EB8789EA5D54F36772050F2571AC491DE31706C1345ACD90AB8AE4C1B55DB35,PNG,879,199
vfs/c/dei/a/cla2.png,1627,8A7D5461C60387A6AA3AFDD3E7A05E892EA2CF484399660F5DD9739DF499E2BF,PNG,220,199
vfs/c/dei/a/gro.png,3429,47A36B073CA13A184DD907195CF22217FD457F47704FF088A266E552560E2AAE,PNG,492,97
vfs/c/dei/a/zom.png,701,D5AEA64D6B9B89687049615DE9EB652025EF85FE200E9C269524AC675BD6FC28,PNG,800,80
vfs/c/dei/a/zom1.png,1174,9D8F6343EADB5EB7E2BA4AEC7AB49FA25C11C19535D24DDD7738B79CD076D1CC,PNG,256,720
vfs/c/dei/bir.png,54021,FDC8471E04A170858B9A98386B5C03B295E53F57D838431477E9A138CDEF469D,PNG,800,1120
vfs/c/dei/dei.png,46340,0354529AF3CC8ABFBC634EC3591EFBFB2E7869B2847862E5B98D0FA3EC28203E,PNG,800,880
vfs/c/dei/ncb.png,49921,9EEC0294569323043E35FDED64D5B480C32E5894BDFC6028C0F0871660345FF0,PNG,800,1120
vfs/c/dei/ncd.png,40578,D704510A30F68B33950349051EAD3BD63BE7B1CE671E7FB8C3856D369CAC3EFA,PNG,800,880
vfs/c/dei/zom.png,3893,5059CD307D69DCDB239751986C06CA92E37A52D874F159446D14256E08AEA73A,PNG,800,160
vfs/c/dei/zom2.png,4138,49BD87939D446E2E2630F6DA841EF1BDFA527C9B5D958078C0BB139775A5EC6E,PNG,800,240
vfs/c/gaa/a/clo.png,26065,8A6028D7C3D459BB98257296A5B17EA3A112C7820404A8CDA7B5953B280E2F0A,PNG,448,600
vfs/c/gaa/a/clo2.png,686,19266608FFE67B1B99FE1F5769747EE71E17FA8E3BB5A6B3BADD98265F9306C7,PNG,37,175
vfs/c/gaa/a/cof.png,35091,18FC59D6C4D3B4C4F51F51946D581ED60C1D6403C20682B4DCFD955041D5B95C,PNG,800,646
vfs/c/gaa/a/gat.png,24663,B12B3722AC6BF75FE9CFDE57DC9B5579AC7B3D5CE405EB7F333F843A5B702F2A,PNG,1809,150
vfs/c/gaa/a/san.png,15892,75870F62F2C8827AE5D43E3DB59C2051755CF2B1BE4CDC7F66360DFDF62265A3,PNG,327,580
vfs/c/gaa/a/san2.png,65427,755DFE4F38E1BF09998D7C5E1C63D0197EC1E1B5CB16FAE94BD3530265C88D8A,PNG,797,1527
vfs/c/gaa/a/ult1.png,17384,D845E729CEDA42615C5EF1536F0B9F6F05422DAFBED405AE96780EE704415C41,PNG,1070,237
vfs/c/gaa/a/ult2.png,21052,386968EB2C613239E82F199DC34E1954A58A3F4E1E909EE9FB22C19E9C1D9ED6,PNG,744,356
vfs/c/gaa/a/ult3.png,26608,5B261887C63B96BFF5FA6500D698BF411D78FD7DA0A27C2FC289197FFA4E771B,PNG,995,594
vfs/c/gaa/a/ult4.png,27601,B61778678675785412A0E2A0ABB4B84B0EF119213C8BEB0DD1D1B560376D0AA4,PNG,1207,452
vfs/c/gaa/a/ult5.png,3616,5CED02B1C70EC10E578D575D5C1D9719DE77049B68DB7690607E8D756E43AB03,PNG,727,127
vfs/c/gaa/gaa.png,64112,DB61F0C1646DCFF4E3FCA5719B472A3F2F773C7E2854A5A83458DCDEE6824B0A,PNG,800,800
vfs/c/gur/a/alt.png,68955,FD80E54CDA768825832EEFF558C37F5C4B142617E92DEA2877DF05B89CBF722D,PNG,1121,1407
vfs/c/gur/a/ball.png,2158,7F5B152458240EABC7544C3CEDA70E225D6146AF26F47912CE98321A851E2E38,PNG,293,143
vfs/c/gur/a/drag2.png,10675,12345FF0A601A2324A112D6015076F87B03C35DD540FE3891310AC8E2FD805EB,PNG,1082,1200
vfs/c/gur/a/gat.png,9386,1365A9FA904EEE6AA04D7F4523B03D0CF8A45E78A38C7D102CAC14838DF69765,PNG,1809,150
vfs/c/gur/a/gurslash.png,168,F7A8AEADCDEB9C63D2F8EAE70AEC535677E8AFF21A2FDA3473DCC911650A6469,PNG,313,37
vfs/c/gur/a/pilla1.png,4767,F7A66ADB0803D3DC980E10C22D476C46E059722C0B52A9FFB4708137245D5147,PNG,879,199
vfs/c/gur/a/spear.png,6527,7FCE29C01F3798B59E3E31BFD675EEE4EB40CA1E3F2EDDB6525F820DA998BC15,PNG,797,763
vfs/c/gur/a/tra.png,19110,B5F8F73ECC075F620B3A52229B2B9A381896571CBCFCBCBD77156E5E20723F2B,PNG,787,1312
vfs/c/gur/a/wat4.png,132551,92A4C3C6806531B3DF86DF835691CE61BBD2877235BDE947C3420734B17F40EA,PNG,1082,2910
vfs/c/gur/cdart.png,7636,EEBD17F01B2951866DD6272916A7204A2C6B2185ACC3FE5A6543BAFB23C868DC,PNG,840,540
vfs/c/gur/gur.png,39878,E59371F4EC14914E9574217CBC9823B9FF45C38A3F7AA4F75A6B7231F467809B,PNG,799,959
vfs/c/guy/a/1.png,205070,1A3A2D12796D27833E9FB6D219855B6808A9A8F3BBAF9FF7595348C35C565BCE,PNG,963,1746
vfs/c/guy/a/3.png,58578,11A85E489DF0398FF2B48C45F32A70A8883CE77A98B4CE6B2476C22EDE519C7F,PNG,1890,774
vfs/c/guy/a/bal.png,23015,982909EF61DA543C2F30742A621D7FC6B82AF9AF1D0738708B515F04736163B8,PNG,725,643
vfs/c/guy/a/dra.png,38760,AD6562CDC1CAE399C16BD4C4A74FA9D66044495199E5F9C8ADEDCBE10DB78A0E,PNG,553,358
vfs/c/guy/a/fir.png,17385,0DC3CB1D17F77E9D6426C4525A73077F6B0A57E757AF16FEF581F645D0805A3B,PNG,579,554
vfs/c/guy/a/smo.png,38321,582DB40AEBAE401A95E69032EDBD9D2FE8BACE3008173DF96A036DFC0F0122E8,PNG,1000,570
vfs/c/guy/a/spa.png,1903,A64C482A2422F572B2644E84A19FC55F3C3480132FADF73D3E7C0318A946BE19,PNG,320,240
vfs/c/guy/gei.png,82461,8EA0C10D0F9786307C5C57EDE5ED0A7CCC027AE50331E0925AA731B6F856B03A,PNG,799,1200
vfs/c/guy/gei2.png,20972,20C17F068F8411AAC63B8505E8F893BF2D0A10C2B6E74EDF5C4C0517F768032D,PNG,579,554
vfs/c/guy/gei3.png,3753,B767E7A51590C85D2670779A3E784F8ED760BC97E842CD9FA4D0B624552FA643,PNG,639,159
vfs/c/guy/gsi.png,77600,18CDEB907889EB9F2D8EBBF34AC1EDF59DA63C98BE7D3E7AFE0B64371961918C,PNG,799,1119
vfs/c/guy/gsi2.png,20871,07A3F0DFF817746543B9AE19387D02D8FCD6400F46236D0B2CCD20863E93F734,PNG,579,554
vfs/c/guy/gsi3.png,3712,FA30EB3AF72CE9CFB99EC4BFAE5609576B5CEF9F40603EA1ED5C1F6C347416F5,PNG,639,159
vfs/c/guy/gsi4.png,2867,EEDEC5B969473CFF7E24D9E4C204C1A0A1377541BD3CB068CB990DCFBCF84C54,PNG,799,120
vfs/c/guy/guy.png,68244,477CB452C16BB998024A072E246F0AE302FA7A01A3A72FF3CB0DE12B4EEB8198,PNG,799,1119
vfs/c/guy/guy2.png,15619,5327C169E8B8D11AEDB072B0C4230847515DD2142B9F72E27440DF629150687D,PNG,579,554
vfs/c/guy/guy3.png,3184,EDF491F88856CE350C13C248E92548B5DB4BEACA270D9E1363A034E055B29869,PNG,639,159
vfs/c/guy/guy4.png,2589,21ED2617DE7F2D92926C27FAE798BB20FEE55914716B5CFFDB622891C9B0817E,PNG,799,120
vfs/c/hak/a/mir.png,17562,8EF5C8675981BDF438CA21122BA02AB01F8D94FC136484FC3F13B2052961B987,PNG,687,614
vfs/c/hak/a/mir2.png,10861,93D8D9F47287B1285D53B407883C9DFB0A05FAD26FF71BD0EC3BF5724A4DD62A,PNG,549,496
vfs/c/hak/a/tor.png,7762,29D5948BC52A1C31431BF90CC867F2897516FC5688F685B1528B4C78AFED480D,PNG,665,290
vfs/c/hak/hak.png,33606,5F32517F098912A8A03D6010CED2C1AD30275CC7A9DE0CB50D5F9265FE8BF925,PNG,800,720
vfs/c/han/a/ste1.png,28570,F10AA34E4D78DB90AC04A1920389DD4748D247028CC1203903F1227918F27461,PNG,1405,1407
vfs/c/han/han1.png,72723,CD660468927AE68904331F30158B27B31C5DE2CBE676279F6DB9044D8244F08B,PNG,800,960
vfs/c/han/han2.png,62098,4EE4622BE4D092663AD7FC6A7C9AA49D065371B631F8C4B8705B8908C412A7C7,PNG,1150,690
vfs/c/han/han3.png,204391,830B7CB94224AF344D64827581B93485414F1D76B0245A2C3CAB09C509098892,PNG,1653,1590
vfs/c/han/smo1.png,78067,8841638C465A5DCC596518A2A33E3F3EA1C2C5A83B307BCB42924CF7B0C4377C,PNG,800,960
vfs/c/has/a/atk.png,22824,5A20753D68E5264FEFA84FBC87829312D03658C912C596F55A93A68BF44D41DA,PNG,554,683
vfs/c/has/a/atk2.png,26948,FB87664C5D6B94F0C60630693722AC86624188DF147BA7F180F80432CE4FAA00,PNG,800,186
vfs/c/has/a/atk3.png,117943,5AE3632787334ACA61C39777B75E18F484E3145266E3E257D88ED85A225E01FF,PNG,720,2400
vfs/c/has/a/flo.png,19281,2EA7A4B3B70FF65581714B43AF54270D81D70B5C866C88DD171C13C091E44FA7,PNG,455,231
vfs/c/has/a/gat.png,13569,5EE04D2AA0999385AA87422F62A7C9B2D66327675C6D488DA1F4A6114E4D53D4,PNG,365,141
vfs/c/has/a/pil.png,29881,5340754AA5B2A72AF46570C91A49E846AD7DB490936008232A33261DC98806EF,PNG,800,342
vfs/c/has/a/smo.png,46801,5B1093471018B50377169F0B7660E5D28025E12B650FB51434B7337E8BE67DBB,PNG,1000,570
vfs/c/has/has.png,35080,D0E092B27CD302043E35495D45117C1E51EA4AA36CE9BF56C76BE35D0F7A3252,PNG,800,640
vfs/c/has/has2.png,6134,69E0F405D4676A5F997A94B990898ADB7646F776DDAD8B0D7CFF98277AC84D38,PNG,192,288
vfs/c/has/sag.png,40362,845C212B239FDD4C2ACF7ACBB516E84D68488ABE79899BD64213EC8DD7E2D326,PNG,800,800
vfs/c/has/sag2.png,6180,D4EBF36359125FBB67D0E021EC207257C5F01BA023F179D07337C071A4DAEB35,PNG,192,288
vfs/c/hay/a/blo1.png,2731,F392A5EAD2B84E2336F2AC2DF22A7128E5CC933B3ED6F9B1D8EB9FEF94AC2279,PNG,365,132
vfs/c/hay/a/blo2.png,9059,641E3AEB1A37C302A866B12DBA8201E454F966673661301251ABD46FF2C18D54,PNG,360,360
vfs/c/hay/a/blo3.png,3679,E69C2B885746C45519AA6ACF36DD6C945FCBBB535CFADD2D367797E4B4F1E27C,PNG,560,240
vfs/c/hay/a/sla1.png,13936,A399514F02A4B76CBD8A9B966E632E4114366984F61687C632210304AC683E41,PNG,680,400
vfs/c/hay/a/sla2.png,22374,F930B5651E1772023B136DB1BF9C078E671A8961E31BC72F56C406C145D6C555,PNG,679,724
vfs/c/hay/a/sla3.png,22221,23A234DF27094F8332BDB1E9F2700F9CD97B97F40F37F87F8CF57D3C4877937C,PNG,679,724
vfs/c/hay/a/sla4.png,24617,0E024D123ABBC2F99CD387495D1D3C8760B4B67D13320ECF0072BEAC8D607B9D,PNG,679,724
vfs/c/hay/a/sla5.png,17705,9ED153C89A2658EBFED290529FD3696774FB53B122374B9B409E53DFDF3A1FED,PNG,680,724
vfs/c/hay/a/sla6.png,4884,4800373EEB328B947C5504EBE63722BBB81C756820D795F87417479DA601C238,PNG,4000,1600
vfs/c/hay/a/sla7.png,3696,12F672BEEF6F2BB0B4D83F3FFDD049BF8127BD1BF6F8772A680D164F80918296,PNG,4000,1600
vfs/c/hay/a/sla8.png,460,2616556486461A0384C0230CD4F21D642CE5D4BF5797FE951C7B245ABB495988,PNG,160,80
vfs/c/hay/hay1.png,65624,32386278DE9D514725F59FAAF27DD345501DBDBD9030B6B704807C8355BB8E6A,PNG,800,960
vfs/c/hay/hay2.png,7751,C82F6A4C8C7B67A799A8CF0C996F1937384FEF81E8BA861652013F2BBFF4A60F,PNG,360,240
vfs/c/hay/hay3.png,7668,52A2CCFAE6345E8682BEACA672C8398DEE1348F9FBCA3738691863B79414EE15,PNG,800,160
vfs/c/hay/hayS.png,64379,EAD47AF0862685DD9E3F5F061F9934B333D9EFF5921A647E1D7401FE4480A068,PNG,800,960
vfs/c/hay/hayS2.png,8114,5E3AE4C308197F0D7677C2A74668C003F15E30AC1B7187030177B33575835466,PNG,360,240
vfs/c/hay/hayS3.png,8493,A107F173042C5A1ECC755BDC3EB7303B0153A891511362A06CAA0B422C6B770F,PNG,800,160
vfs/c/hid/a/rea.png,1654,514E0854CF1A2D220E82A99A2C16780468CE69961A89B825B18F332059B60AC9,PNG,504,116
vfs/c/hid/a/rea2.png,3146,EBE2BA6A6A23EB2DCBA800E153885E711E656919755DE0F356409A2BB53942B9,PNG,811,80
vfs/c/hid/a/scy.png,1436,76537AD2BD8F25302C87A1DCF60542F3F8810E655A536E193E49D4F2134CB666,PNG,261,288
vfs/c/hid/hid.png,29261,5C62048D375EB7DAB48183E16CA80E103701C5C356F9F51C72EB173A8749A864,PNG,799,400
vfs/c/hid/hid2.png,43863,278168286EC07ACD5CDC1D97399D5E7651A3FECCB5E9856A7A75C5C96245A25E,PNG,580,1221
vfs/c/hid/hid3.png,7072,AF6975BFCEC700DB8A14402718EE04D6DB78A72701FE5B6312C6B431DE8C1C84,PNG,498,332
vfs/c/hid/hid4.png,4574,999D44346895C2EF10A4550B3CB072C3C387504EA604DE859D97AD46F92243F4,PNG,312,576
vfs/c/hid/hid6.png,15343,C939D79F0FA8482CF03F152C5C86993DDA4B628BD60D89B53DFD75D3104B8642,PNG,1083,1160
vfs/c/hid/rea.png,35804,753D3EBA7824801312209F1295CB1CBD0667088A5D3C7B6BCFC75FC56E275F27,PNG,800,480
vfs/c/hid/rea2.png,43745,4DFA06E1310E9ADC6341FBA03C27C081D6AC374D60E0352860806C8A73AC62B8,PNG,580,1221
vfs/c/hid/rea3.png,7085,37015B65BCADABD08E798F638A4859CD676C83E542D9419DAC19A92593333488,PNG,498,332
vfs/c/hid/rea4.png,4568,7E424B9CC3D3271B7F4C5831C23513599C1146CE1AA55162807C74545A80CBD3,PNG,312,576
vfs/c/hid/rea6.png,14741,02B4EE1EF6707020659E85F0519DA1D619C034FE404300F8DC72C10A2D1869FA,PNG,1083,1160
vfs/c/hin/a/are1.png,2048,4D1903E2C75283F8621A0D7AF2AF452557570F37F91721CBE1A0D05FC16CA9AD,PNG,655,82
vfs/c/hin/a/are2.png,7896,C11D9E931DA1677F30F3A0675C7FB9CF3A54BB89135258581A2A776C76CA7021,PNG,691,875
vfs/c/hin/a/are3.png,38211,8BD5E9C2B64FCBE75E1A179D5E4ED10D41B3172968FAAC2EA35EF9580CF0EF7F,PNG,629,773
vfs/c/hin/a/are4.png,10943,68A3A91975D8ECB5AA939DB9823713836D5CAE3C917FD6E134AEAEE52B5F7440,PNG,1049,386
vfs/c/hin/a/hincha.png,2048,DEF98719DD89EBB4F26FEDDAC8662645E479070F05918620F9414B4CA050C2DA,PNG,327,165
vfs/c/hin/a/winatk1.png,53406,C9166E2303667A16A37D17833B97BBC2B4735EC9CC98D88050D00A0B0801493F,PNG,879,1055
vfs/c/hin/a/wind.png,1491,A6C87C9994BEFA3E0DEAAD8A6D986C002FE095154E4F1E86FA5EAD889EDBAFA0,PNG,255,100
vfs/c/hin/heavy.png,3191,F2D39EA2F92AA2FD3E215AFC85CBF963BE3E9C5FDA30D72AAF2766BE71F1099B,PNG,641,80
vfs/c/hin/hin.png,83386,51DA28A556BA2C2CB3A26FC5267BA700AC0B89FA926B717533DC929F345E91F8,PNG,800,1600
vfs/c/hin/hin11.png,68812,5076703DAE2E48F7E1DA2AE28C6D1030499733AC2AA2A0CEDC3A315313DECF6D,PNG,800,1040
vfs/c/hin/hin12.png,2340,98BD9730B4DD534BC595828F59EC47A207F527F17BC11FC2FB9432CEF55A1F9E,PNG,700,81
vfs/c/hin/hin2.png,6450,099C5218BDB3D9438D9F1B876B8EEFA61518830B56CB873435709C7F652136B1,PNG,700,162
vfs/c/hin/hin8.png,15136,55A3CFC87BE77005F1681E577C6453F5F7D2F4A7FB437718CD6A21DCF6F228FE,PNG,771,361
vfs/c/hin/hinatapunch.png,7477,710A80877FAB19DAF95DB870A9E08743AA7C73BC4D6CF8CD386BCDBF5939E7B7,PNG,800,240
vfs/c/hin/hinatapunch2.png,15681,672C73E14EC3E353343EDF1D555ACD4E0FF640AE1DDE64C017E0364EB98601EE,PNG,800,240
vfs/c/hin/winatk1.png,53406,C9166E2303667A16A37D17833B97BBC2B4735EC9CC98D88050D00A0B0801493F,PNG,879,1055
vfs/c/hir/a/atk.png,29537,C2E2D75B64F3A22FB4410F61883DFC6294E42850F1554B906A088D660554AEA7,PNG,799,1119
vfs/c/hir/hir.png,86289,985D8A3214421B17B52887E626FC0A84F08A5F549602912043788F8EE0BD508C,PNG,1600,2080
vfs/c/ita/a/cro.png,6601,57571A36DE52C5A521FC27D949A12F2492C4803045837F223BDC54207C9DEF77,PNG,899,449
vfs/c/ita/a/cro2.png,209307,7E1E974B4C582B7DC059A4E1BD2B5ED6D548F5036FEC51688C9D0A0E5303CF48,PNG,500,2504
vfs/c/ita/a/cro3.png,435,23FD23FD3F32A1AF26C186148F232468B32741AF14E0F4DA5BC9B51F16EB06D0,PNG,3000,800
vfs/c/ita/a/cro4.png,863,355CAE0CD0113B8B612A24B80E00AB0404F5EB6275E2068961E8E24FD2A4549D,PNG,691,291
vfs/c/ita/a/cro5.png,776,71BD01D0822861B704B40FBD1F67E153DF8BD7EB1865EC06266D9948EAA89834,PNG,409,82
vfs/c/ita/a/cro6.png,83524,F05508741424CE8B3C9DEE20A3EB337B8D86D99C72CBD040A3B8E994DBF670BF,PNG,800,480
vfs/c/ita/a/cro7.png,6126,8D233130929C48DCA4CA0A102AD5DD7B8AD02B130E88175F1E8BBA268D360194,PNG,90,135
vfs/c/ita/a/cro8.png,7140,AA5430B9186B7ED50F6A508D198F909E1B67E498D2225F0E3801A41119DD4232,PNG,328,674
vfs/c/ita/a/cro9.png,42474,49F3772F3CB2EFEA70BFD9375BF4DD173564B945ABFFD0C3DEA10E01F5E8EA45,PNG,842,842
vfs/c/ita/a/ita.png,43168,DCE822F588246258E1A3B768F7A5BDD784FFCF8B66C12370BE28D56CEF240C68,PNG,800,800
vfs/c/ita/a/wat.png,130805,E271097CE5FBA514B3DEF355275ACF46B3DF84105F37CD01F674797F3CD4322D,PNG,1083,564
vfs/c/ita/ita.png,58668,1D2AD80C3CDC622D915823967F2776AC625F9FCAB8192C7D8D24C9CE1E0062F1,PNG,800,1120
vfs/c/ita/ita2.png,37457,97B4554086BB71BE9B3B29371FF9994B4AA193E8E53343AD53E6958B3CBE0308,PNG,800,1120
vfs/c/jira/a/fir1.png,6273,CAFBE0444282CA8B9F435ACDA97EF3A89737D54871DF468F53849DF8E233E287,PNG,629,258
vfs/c/jira/a/fir2.png,22652,812447E9D0EE35FCC7C87FB042388C970B651D0DCF533C449888A700287BEEEB,PNG,804,702
vfs/c/jira/a/fir3.png,7626,B419D7245D3B5A97D2B1710AF41B849C42E94E52901009071756BB3DF03E088A,PNG,582,312
vfs/c/jira/a/fir4.png,47634,11730B6A9A7F5962CD8D970D3CF6944DDB616516860D0AAB53DE62B27CF291B3,PNG,1604,1402
vfs/c/jira/a/fir5.png,11290,76D9F963482DF2D019CC1BA11BB66A540D0F80CB33236DC09368A91DBDB4B13A,PNG,861,129
vfs/c/jira/a/mag.png,30377,BF0F04B45674EA2C9EFC3FF1FB2F516DFA4810EE0F4F096FD3304ACFB7C52528,PNG,798,764
vfs/c/jira/a/mag2.png,46986,227E972F0E88904EFE23D3EBDA762A87C3BC89A306322E019519E9609F961401,PNG,440,1344
vfs/c/jira/a/mag3.png,71044,F527ED2684DF8A6022216B1DC56625FEE987CE5D08EBC333602A1F07A9C1DA15,PNG,1362,454
vfs/c/jira/a/ras.png,7132,6A2802B6931E2C0B137B544FEBD23CD97373970A21E55223AA1540B88727EAF1,PNG,664,156
vfs/c/jira/a/ras2.png,1506,60CE38763B06F937EB58BA652CA579459F358BCB3E86001486EF5705D4D541FB,PNG,491,82
vfs/c/jira/a/toad.png,106083,5398AACDA8E826B56EB362AEB1A0941E765DD9E82A0BC9059AB2CB026D50E661,PNG,1506,922
vfs/c/jira/a/toad2.png,140085,125A732E00AA80640DC88AE5EF2E38C4BE8AB50202517A766FFED77CE4C880DD,PNG,1506,1380
vfs/c/jira/a/toad3.png,525132,85DE2F7658D355C613373B1941C4471CB4F90F7D339C2D0A789D63C75B3903CC,PNG,800,4407
vfs/c/jira/a/toad4.png,4161,1CAF601E05643BDCEDAFEA58590BE60BCEBD07F231F988BE2113C627367CED19,PNG,691,438
vfs/c/jira/jira.png,94656,33CD631B1DB2923ADD3006A79B989CC590E7239388C27A83101F7DCCDB4059B1,PNG,800,960
vfs/c/jira/jira3.png,19437,F78051A30BE0CFE66DA49964A1F393D7EEEC344AC2F394452DADCB151049CDBE,PNG,764,1064
vfs/c/jira/jira5.png,177862,044D4529E85248A0BAAD9416CDCEA77AF6C8D54C9FEE24F2ADFA0843E874BBDF,PNG,1506,1380
vfs/c/jira/jira6.png,15599,2A95B46F7F60E32EE23E79F3CFE266AE3011DB907452BB489B8DD02167D8CC13,PNG,800,240
vfs/c/jira/jira7.png,24659,0F01DF585018DF44EBE641F9BEE11BA71CAA886C83DCA2C4EB666A0AB2D90421,PNG,1285,774
vfs/c/jira/pre.png,55314,D1911B12C1EDC696AD2AF4E8A7E2F80902F7541227FC991A2E42F2E247AA5E2E,PNG,800,960
vfs/c/jira/pre1.png,8458,8862ED75B7A0AF543BD4CAB20189691E10A329FEA8E3BE3BBF39EDD66B291F37,PNG,640,320
vfs/c/jira/sag.png,90292,EF2AB1C5D2080AFDEFCEC9E92565595DA0A2C0BE6650C2181258FFF203C42E1C,PNG,800,960
vfs/c/jira/sag1.png,27909,AA090035EAD17F59A304E607C26F1B30BA52690CCE5632E93BA1D0839AEC564D,PNG,764,1064
vfs/c/jira/sag2.png,240379,3F988A1C39B8AF664C89A323A3162CF9ED7F7C3B4B47FB591D8B2EC5380F2A5B,PNG,1506,1380
vfs/c/jira/sag3.png,59391,314568E7CB843DCB09FC83619C727642ECF51734B9E2FA7BF72BA5197A7503B1,PNG,639,864
vfs/c/jira/sag4.png,8536,E9E163DA212A67B204977902BA4B974AF9C2653CFF47E61704AD10D4D2C5C38E,PNG,1000,344
vfs/c/jiro/a/cav.png,12788,52783C74FDBC887684884F5968E2C5103364A0C1332652658E75D9BC685787A7,PNG,689,572
vfs/c/jiro/a/cav2.png,12088,90E5A4E5F19D9F55B60DA8D3C9B042AF46088221B80B9523EE21F64848E5F260,PNG,960,320
vfs/c/jiro/a/gol.png,77809,628487D83F218A0A9D7D42AE07D0AC66A7E5371311AEE76EBF5485669149FDF6,PNG,3730,1388
vfs/c/jiro/gol2.png,41474,47F77C18693275A64CFDDBFF3AD28B5144DF54ABB3BB42A77D861B95DB5D5C60,PNG,1870,696
vfs/c/jiro/gol3.png,25685,23FC5C7503953F79A1DF25F0B70B792001D0EE6FB06298E207A760F397DD2EE2,PNG,940,348
vfs/c/jiro/jiro.png,72309,60A32283BCB360C59CBA2E9F551A93FED706D309527D31ACD9AF732213F0E15B,PNG,800,880
vfs/c/jiro/jiro1.png,22170,A2C91EF92DBD9485EB6523B9F77088129311BBAEEFD09C253A0DB90365CDC251,PNG,1120,320
vfs/c/jiro/jiro2.png,78676,BD392220CF69E0B05FF1B442E06EB3638CBEDE62DEA1218323F90A9BA75A8E99,PNG,799,799
vfs/c/jiro/jiro3.png,22046,3F2D913E4311EEF2EB4F732F83E0931291F8368C43665049CA4F8E132EA5B3D7,PNG,1120,320
vfs/c/jug/a/pao1.png,1642,265F2F9B6D9A874ED2DEE5B26D3C0C90F89B10D5A33340E0523FB39D82C093D7,PNG,328,332
vfs/c/jug/a/pao2.png,18789,BA12DC412127A3261D11954295B36AAFCD4AA0D8416C5AD490B4DA4B69BE5DEB,PNG,1377,422
vfs/c/jug/a/pao3.png,24515,624BEA8333712FD78C486A556D5A0F4D948D1B1D51C212D0AB9AF61993718234,PNG,1484,1701
vfs/c/jug/a/pao4.png,21570,01931D4C2E0D96252EABB8787AB494A756558900C642A8B20579783D2A0B0596,PNG,784,830
vfs/c/jug/a/pao5.png,19236,4BED94C587C04BD13433B21286CB1BE5256B305C4A01120E6D5191D849DD9D0F,PNG,784,996
vfs/c/jug/jugo.png,51212,780C76DB299425BB05446768AA71558402A33C51FE84197C3EEE65E9D956D4F6,PNG,800,960
vfs/c/jug/jugo_01.png,66321,57F9F02442B14A8DAFE24296801D9E776B0A6BAD5EC949D986092528C30113D3,PNG,1600,2080
vfs/c/jug/jugo_02.png,14334,C8DD9E26189193B870959F8C6C46251FC8198AAE09DB3D0B4E5002C76264EED6,PNG,312,2000
vfs/c/jug/jugoCS2.png,58272,B9BD36AFC130165A4EB45DF8A2ECE240E2216725678317D11E3D1104DBF87C2E,PNG,800,960
vfs/c/jug/jugoCS2_01.png,69139,195196BFC8F660C4D53F93856630D86D0323BD6E322AA1B897CF587506099B74,PNG,1600,2080
vfs/c/jug/jugoCS2_02.png,13571,BA78BCEAA2311DF614EEE8ACFE5BF071CF940050ED76F636DA309FA6159CADB0,PNG,312,2000
vfs/c/kab/a/atk.png,19356,FEC26FF609B3D269D14D10E8A158EAB0F88C6BEE5D056E8C6F353E8B442B4984,PNG,800,480
vfs/c/kab/a/sna.png,14816,17E37EE2C8D774C361A7F92A1F4F118B0A4B2E79307D35463B52074C83D27A2C,PNG,563,378
vfs/c/kab/kab.png,70318,61896C5AD4A1CF6BA606DD0ABCBFDE7D21B31F209EC591832A5EA49CDA72DDCC,PNG,800,1120
vfs/c/kab/tsurugi.png,35189,190B814C76FFAD51CF3A44F1F4BB964B7827C5D60D7995441F0298566F2232F1,PNG,800,1120
vfs/c/kab/yoroi.png,34319,A6472F5DC9AFD9BBF3C019C38FA99EE6DD7D456BBEC1E26173FEB90982FEC4F6,PNG,800,1120
vfs/c/kaka/a/cha2.png,619,482F45EA2232EA49F214E9607BD77E14018D5FE6BBB58C7A101676A248042957,PNG,120,1604
vfs/c/kaka/a/clo.png,28199,F126E12D3A9FE3D21F10A1C2E404DE2DCFBE85F906BA67B902C0467A8B7198E5,PNG,800,480
vfs/c/kaka/a/rai.png,9049,0E27AB90ACA9ABBFFBC015D683EE20C52E64D9814209F6C6F97F5BF5F2C833F7,PNG,579,181
vfs/c/kaka/a/rai2.png,6696,B82C96ABED378FC190458146313A8E69895287726BA140F8ADD122CA7294BE71,PNG,1100,100
vfs/c/kaka/a/rai3.png,6147,AA6796AFD317C126B215DF2B8E60EA548201BE791F07E6D6B6FF300C63994F04,PNG,655,248
vfs/c/kaka/a/wall.png,139799,F0D8500132329C4858C924955397AAE2E489DC0B854B56FB0D21AFD3D5D2038C,PNG,2982,195
vfs/c/kaka/kaka.png,73016,CE41F71B0386B91C25CFD36417C3748AE1A725C9690210292B3AA1FFB05A8750,PNG,800,1200
vfs/c/kaka/pak.png,7112,12C388D59E29DE4819217EA8C16EB377195535C465CA8EA7E5B50D29CB28D47D,PNG,800,240
vfs/c/kaku/a/air.png,2387,2745B4C1519BEBFB5CAF957087A4AF0887585813885DD833608D79094972D154,PNG,483,212
vfs/c/kaku/a/fir.png,30424,7D1A0810942B49C45D347BCB755713E1AC9E91D0EA0DE17C5327EEFE3FFB1A40,PNG,704,393
vfs/c/kaku/a/kat.png,22722,EF6CAF4E3453DFE0C699533EFDC1232DB8A5B9A55AF326D4C5DDF24F87537D1E,PNG,1279,319
vfs/c/kaku/a/nck2.png,6425,5F5C3A89916F7A49615AB221C81CC16A0FA32289E7EF861B5AEA182959DD652E,PNG,879,99
vfs/c/kaku/a/nck3.png,22501,EB672F985513E24A56B8E15D4EA2EBCECC88094E90EEF0BF89DFA3976C22691C,PNG,800,640
vfs/c/kaku/kakun.png,65741,53ED936CE5EC78CD4CFC1F354D41BB160BA3FCE4338EFBBCE2E83E19AA3878A3,PNG,800,1440
vfs/c/kaku/kakun2.png,10464,F6FB4C6C05FACA1F46B8A8F3BA450E7DDA97D7708FD733EB403E72AA99B19669,PNG,312,1632
vfs/c/kaku/maskair1.png,39612,E2D4AF2DD28E50CFBCDC41D991B21C9E5534DAA3A0803D40A85B8332B0FC0CFF,PNG,1300,1040
vfs/c/kaku/maskair2.png,7062,DD6E7A94B0691751C880FBBE8EC84A1EFB7573F5333E5919FB9A71857AB1ED73,PNG,850,280
vfs/c/kaku/maskfir1.png,61032,C25CD583CDEBF7DAE56977A556C9DD0C2DD6E3F7ECE074E6380217E3E841D512,PNG,1000,800
vfs/c/kaku/maskfir2.png,8087,DEAD519D70F29DF7C36141FCA24AAE09E8C0CC513E4BBE76B2A6457F6D834343,PNG,700,220
vfs/c/kaku/maskthu1.png,111649,25BDD8E148694819621A144EE3092D56FAABD59CA0EDECEE8AFB57AA525BB14B,PNG,1300,1040
vfs/c/kaku/maskthu2.png,12394,3BE12E082002848CA124C9F63E1FD32BAF93B23BB06CDBBE8552D3143229558F,PNG,850,280
vfs/c/kaku/maskwat1.png,60303,69DA7381DC4E9343C40BC7476271945D867048FB4F0A77B545E33EB9BB60C178,PNG,1000,800
vfs/c/kaku/maskwat2.png,8324,A2EACF082E5A117F6B0A6750F0941F84AA297A94AE644E2871A23CBC1BBE5A2E,PNG,700,220
vfs/c/kaku/ReKa1.png,86959,5506597520DAEE40BB6E9116700890F6A8185259BAAFC7AE58CB15B695EA0A84,PNG,800,1680
vfs/c/kaku/ReKa2.png,12938,556096294348AFAEA81BADAD0E8844C4D6FB1E9EE275BBF7E5319A9048C69C2E,PNG,800,400
vfs/c/kaku/t2.png,45569,20B2104A790D7C6B6B88142F8D2AB881881566A92DFD647EBDBB3F60EF101B7E,PNG,2000,280
vfs/c/kaku/UCkak1.png,86932,82A9EE4427C92DE57C3C723E20F8C62B6376F4D92731A327B2C24873BA2B9A8E,PNG,800,1680
vfs/c/kaku/UCkak2.png,13151,E64730D839DCDE1C80C14B74B3D209FBB6338962AE728D6F05E26A7683848E22,PNG,800,400
vfs/c/kaku/UCkak3.png,5109,512C31BDE8BDBECEEEE8A9E98A38949779B1C986F83607BF99F4C8301F6662B7,PNG,312,672
vfs/c/kan/a/kar.png,31639,8CD538C14B87F735D1CCBF250F7B2D10B94902DACCC4877363BA0C71C955216F,PNG,800,560
vfs/c/kan/a/kar2.png,22169,DFFAF00D7DCFFF87244F7E42773FAF9B42774B948A260994DD53DD603118D3A4,PNG,635,391
vfs/c/kan/a/kar3.png,2575,638F0AF570DE03031B3BF47D9B1AF867E1A4A446B1497F657FA378DED2E5F8AD,PNG,320,80
vfs/c/kan/a/san.png,7666,4116235B481A2459E807850097C222D46986243F10CF28D0F46DEE2D6C06CFD6,PNG,405,180
vfs/c/kan/a/san2.png,19084,2C63C584055B2F07F3581EA9AEBBDC40CFF3467448064621C7BA285E70757662,PNG,635,391
vfs/c/kan/kan.png,56298,C1A332A46D79C9709D8B012A8518DF18E15617F6849246AFDAB95310114816EE,PNG,800,880
vfs/c/kan/kan2.png,3454,1F0568C1D2786CDC0532F93F0F409568BF4534F670353A2481D571F40A5A1919,PNG,358,145
vfs/c/kan/kan3.png,10120,16F2553FABAF9BB3AF96A0743A6A57BFFAE422660B154008142F827FD9186E0B,PNG,172,485
vfs/c/kar/a/cha0.png,4725,88DFD7271BE2FC419360DF834997A4FFA9BA2E08EDE3B89A47B5FBF605CE35D2,PNG,1805,290
vfs/c/kar/a/cha1.png,14312,0BA1CFA855469A3AE4C9EC5BD13F20A5C7DDAB966BBB214A01EF2CB4962CFB73,PNG,800,640
vfs/c/kar/a/cha2.png,6490,DB76D140DEFA0170BFBE937EB7B6D84BD4948DDCEAFF05F1CD6A2BEA7050A7FD,PNG,720,348
vfs/c/kar/a/cha3.png,4392,937C671FB49B8F72B75C23E602ACC6BC5CCAE08DEEF7D9DF93255D11D66F08F8,PNG,1444,198
vfs/c/kar/a/cha4.png,5394,5BBD5C1AF4061F891FE6CAE1432498E2A7742908DB54CD5BBF5D650B58799654,PNG,480,80
vfs/c/kar/a/jug.png,17929,D6156A00BFB8BE26D94DAAA0BBED60EA51FB69483E3484371240A26D2E412BE2,PNG,800,960
vfs/c/kar/a/sas.png,35397,5AD2FFB0769B458A1CAE250CAC01851264A324002A04707D5C9C279583988E6F,PNG,800,960
vfs/c/kar/a/sui.png,494662,A24A59902F0EAC889D9995B738EB77592E5D4C5DCD7DCC10285E0E2948FE6FD3,PNG,2840,2840
vfs/c/kar/kar.png,46001,82844BD53D81037D7C186CDB1548D11C2BC3BA683BDAE65A7A7362C52FFE9557,PNG,800,960
vfs/c/kar/kar2.png,24305,B3636D0D5BE849C9C9E584460CCA7C6491605D1A5A5BAE44DBB5AFD8CEE70BFF,PNG,1805,873
vfs/c/kar/kar3.png,28822,80153477523990606E6FC2F872F68721AABCE6630DCAB356BE447EE40019C716,PNG,720,480
vfs/c/kar/kar6.png,45373,DB07ACCF6B12E7F43572D47DCA65D6CE3DF6C8A3D1E83498BD38A8CECA879006,PNG,800,960
vfs/c/kib/a/aka.png,26591,ADC0DBABDF23C226214BA5556301225DF46A82CCFEE23D2A126656C6A58A316C,PNG,800,639
vfs/c/kib/a/aka2.png,8649,51862BA47C0EC86CA388566DB0B435BE7DD4E2501F5AFD465884A23789C253E5,PNG,511,301
vfs/c/kib/a/aka3.png,12402,58AAF2F9AE60F85D2B2426F738EF544A6A55AA15DEAE3D4327B172B854C3B733,PNG,467,383
vfs/c/kib/kib.png,41622,0991729CB0C59EC8C1ECC7D6B87FDC6569EEFBD00474E148F2571A066D3883F6,PNG,800,640
vfs/c/kib/kib2.png,25961,6C95ADC60436347E82F2429E062B5F2D503613BCA66434611F0DB86C8796954E,PNG,468,576
vfs/c/kid/a/kyo.png,14423,98FEEC4ED5E80243D88A38E7B58F4C9FF0A2534CE2093F11BD9F90B15B957C65,PNG,1902,951
vfs/c/kid/a/spark.png,1259,AE25F23ACD80955908098FC66F1219EA2CC7F094AADD3F7F1C9C28477CCCD496,PNG,500,160
vfs/c/kid/a/spi.png,9011,9336AAF09583935C02F07ECA9759B9BF161D856295EBE07C27E6358A4FC77AB6,PNG,800,160
vfs/c/kid/a/spi2.png,1595,DF2404AD95E057FEB693368FBBCEF5D092BF926B4C47575209A3EF9BFEA6369A,PNG,480,80
vfs/c/kid/a/spider.png,4290,7723871D2BD773062E3FD18E3A37468CC754F45A1A33E271C9B253103E199C52,PNG,800,160
vfs/c/kid/a/trap.png,3142,6EC65B70F9BF304510E271291B7268B93FBCA707545192F539321C2FBFCCFA5B,PNG,800,605
vfs/c/kid/a/web.png,765,58518FA22CB83A96BB4CEF35F6D64FEF16D6617BD5B25487BB63C534C2975FDC,PNG,393,79
vfs/c/kid/kid.png,51043,C4CF2DF276B29BBD6056FC8278CD2674578C6B4CAE6580B9CA385BB27F70A17A,PNG,799,880
vfs/c/kid/kid2.png,5228,BA245B85F41E8FE6F48E2FDC3A5D43405CFA76F9DD681E9E05FA318B61EFD93B,PNG,599,605
vfs/c/kid/kid3.png,75498,EB8A38232F74C8F248A3517ECB75176690AF0796D167DACA2272BC1A24274D9A,PNG,799,960
vfs/c/kid/kid4.png,3741,40040CA0EECCF918CB2D8BAFAE4DA47BD08504E75489232DE3BC7BC150766D1A,PNG,600,605
vfs/c/kim/a/bon.png,6546,307A974B0A51A5AC79558D6E4503F73E518D1C86614BC915D1E72AD102C20934,PNG,545,271
vfs/c/kim/a/bon2.png,1114,41F105E2CB0190CA250EE89B268F4BDAB8997D4ECDB81221C6A72FC67AB1CB55,PNG,400,700
vfs/c/kim/kim.png,52386,11DCC74D5010C872558421DAD5225FD50A5B9FA17E176AEB1FA02D5328475EB1,PNG,799,720
vfs/c/kim/kim2.png,21823,5C3FE9E157097E2F9FE5EC95D25CE1A235F88CB3D9D0805BBA5ABF0CE4C64D05,PNG,999,499
vfs/c/kim/kim3.png,44752,3C5C73C621E82E27CD59DFA7EC5D1875DF480DB3B60648484AD1B12E18688393,PNG,799,640
vfs/c/kim/kim4.png,23945,7087A5471C350A7AD15B22F287192CE0675021B6836F19B15F45A9D4427A8A3C,PNG,1000,600
vfs/c/kim/kim5.png,7431,921EBD7B910C79D64BC418588F9EE97369C6AF5255A49D91DB6A94D6C3B61AE3,PNG,400,800
vfs/c/kim/kim6.png,1582,D5784EB44F62B557A4A3E66C6B7E0DED68F22B961D2637D06D836FFEE1EA37D6,PNG,399,199
vfs/c/kis/a/sha.png,5468,281F76533724C070307846E687A342619A3A6C50794B8CEC77DF4799D3151A29,PNG,650,237
vfs/c/kis/a/sha2.png,36207,E38E3EB67B4F2A4E799C456D2473AF9F6F53530033A0923ADE903601EA1AC199,PNG,2585,1252
vfs/c/kis/a/wat.png,41352,CCB3F4FC2AEF4DF7C1788D03BEE053411B45AD88D3CDF65007FF06BE05866DF1,PNG,464,590
vfs/c/kis/a/wat1.png,240811,52DCDF6DF5E8122C44653B4CC7752F9804EC9284A6E496147BD76B3FF6066EAE,PNG,1082,1163
vfs/c/kis/a/wat2.png,10771,84A3B76D682C4DE1093DE567CDF242E833B7BA3241B2E943C7EAC66C1A800370,PNG,800,320
vfs/c/kis/a/wat3.png,174984,EA80C4211F0A1677AC1B52FC2FBF8E40B7CA480385788B0265A25FBD317D96CA,PNG,3000,1300
vfs/c/kis/a/wav.png,446459,6DFBB3D2F91A4EE1AE7AE6554C16BFC9BDE6128404CEACFF07BE15388F6BEE25,PNG,1902,1967
vfs/c/kis/kis.png,60140,0664D6BAD790AE1E56733751BA6DF8F63FC753ECCC3DE71ACFAFBF2EEB7B51F5,PNG,799,800
vfs/c/kis/kis2.png,16669,D76DD4370000DB4D0F504C3A5057C9CDEFFE11F4F109609368ED9B99CEB507EC,PNG,780,288
vfs/c/kis/nck.png,39023,EB2F97336B4D46E614AF57599B6D15F8E60C82C11FC6A1642AB05723A03A1708,PNG,800,720
vfs/c/kis/nck2.png,5008,984418E9F85D7F7B882BAD38091AD7FB62D7F37A67A1A0118CFD00E119A32903,PNG,232,146
vfs/c/kis/sam.png,25147,2C92C75244BEC5694C76F4FF852C355E8AD93333FD833C65630EF3AF9305C9C6,PNG,804,952
vfs/c/kon/a/cha.png,1561,989147064D907884907EA339D642D267232630C11FA0D748E23982BFC0A0BD27,PNG,293,143
vfs/c/kon/a/pap.png,295,2CA46E3BD4E81F6E570BEE53FB46A02A568D42B0ABA6C54F5D9FD314155FFEA7,PNG,146,48
vfs/c/kon/a/pap2.png,9805,DBF539E9F6CB00F1907C8A26D3205A66F12AA415B19C95CFB8C485C0A37FFB8A,PNG,666,485
vfs/c/kon/a/pap4.png,1632,B9AC24FCE980DAF4A3C59D500CE436548E62FE7CC71CFDD646C85232DF9E3502,PNG,381,797
vfs/c/kon/a/pap6.png,3010,26B57474694E821B47CC475BC775DD2C0E1D087FEB1DA461460578041A2B46D0,PNG,719,639
vfs/c/kon/a/shield.png,4522,E357A84C9786CBADA0EAF97C462FCACC8859EC3FB21BDCFF11F0F6031D26C46B,PNG,400,400
vfs/c/kon/ang2.png,65584,143BA799071ACEE98F4D5A794D8B6971C96C0BC7BA5040E76DDEB381AED13C1D,PNG,719,2879
vfs/c/kon/ang3.png,18198,350E47C1B69A7BCC0E484AD45F12A0D217E0C9F2F6DC7934D0CD64A3ACF25D95,PNG,899,683
vfs/c/kon/ang4.png,8117,19A117BFE3F0738BBFC4D38FC0107553ADE319562DD1F94F34B75484A2CF8CA9,PNG,719,479
vfs/c/kon/cra.png,53549,690238EDB799225B60F9A8F69FFA1BF77077D910CCED86A86E5105979B3ADAD4,PNG,613,577
vfs/c/kon/kon.png,46894,559CBB3295253A9DBC59A76F8633058CF35EEE5D1A14AA41CB3B0F737F810D6F,PNG,800,880
vfs/c/kon/kon1.png,26010,9CAB9B5679E2A9579CCED9A9CD7514BCDFF80FD463634D26AB0842C5149E207F,PNG,719,818
vfs/c/kon/kon2.png,8650,88711B519977E3227F1EC990679C10C5D3865B1AC47846B89ADE06CC0863D0D1,PNG,719,320
vfs/c/lee/a/lee.png,535,5643798B6CE1DF27E65877DD2AA312F25726DCCB60C69552E997F865C8883FCD,PNG,314,114
vfs/c/lee/a/lee2.png,1579,2CB163237F775B728F507CE72D3EE1A05EDD95BBB5F9DF395D460ABD99B7C22B,PNG,156,195
vfs/c/lee/a/lee3.png,12991,B3492251ADB04CDF917E11F595429B0CD718F1062B29D3B7EF2E5EEE845F9353,PNG,420,294
vfs/c/lee/a/lee4.png,681,EF146CB40A323D4B4A9DC92FC90E64D362433F9908238B3FCB603DB0806A2F24,PNG,327,82
vfs/c/lee/lee.png,73520,E18C387959322F349E2D84A4FECFF2FE21E695AE4A911B8225DDF1554264F6A9,PNG,800,1280
vfs/c/lee/lee3.png,1206,AD9AABEB9D2716C934D148EEA1CCE198744725AFC809ACDAD9302E3EA53F8762,PNG,248,80
vfs/c/min/a/atk.png,54330,DE4EADDE93B091EA6790B078710541FE4592EDD957DD4FC0749664D26C81F1F0,PNG,1254,221
vfs/c/min/a/fla.png,5437,1C7DBE01041470C828BAC632E5C72824E796A45068C9D878B31CE6057DD0F5E2,PNG,429,171
vfs/c/min/a/kcm.png,54011,BB02F8C78407AC807C84D7F5C893F8AB6129DF19A06987DC70F8C8876C71D794,PNG,830,1367
vfs/c/min/a/kun.png,3028,D68351A42E73C974AA97AF3FD5A471EFBD2796BF4E5FBDD1CC1252469655394C,PNG,490,198
vfs/c/min/kcm.png,92074,E285E66C75A979EBAB6E490B101E362834F53360C6E06849DF48846CA92F7F49,PNG,800,880
vfs/c/min/min.png,63632,C4E5FD2B8B2B1F5324C210E833BD9E859D3526C30A409B95ADEA95D62B29A38F,PNG,800,880
vfs/c/min/min2.png,5654,84E0295C4B14873F45D55DD771DF7E622D07C5A252FC876685F7D075F764F9E0,PNG,800,240
vfs/c/min/sag.png,52056,D557ADCAB1FB38D098AA51A3707486316C98AC0F969B3E5AB4D6FDC120BFA7DF,PNG,800,880
vfs/c/min/sag2.png,5508,6F48FC8D6EE52899EA50F10E7153356F29B489F820037D446D872167CB5E29BB,PNG,800,240
vfs/c/miz/a/gen.png,165157,78A384345A5ADA2BED3718A092025215D3660171DF9F78B548765A66A8601E9E,PNG,3000,1100
vfs/c/miz/a/gen2.png,182499,794C1BBAB449EABFF8F637FC607CC3C6858ECFA409660112A8A7B2061948CB5A,PNG,3000,1100
vfs/c/miz/a/gen3.png,114725,5EECECCAFD42F45C5152A3545134D24E13174FA79FB08030F195929C619B5C20,PNG,3000,1100
vfs/c/miz/a/gen4.png,98425,98B52AA3F5EC5E5FB37021E82BC6C1644E7C5CD7EBBD8AA35BF7CF6108B48F29,PNG,3000,1100
vfs/c/miz/a/pup.png,2071,A20219320D5B43CFE41FD4EA0836314CCD9FC4FAC213A1389CED9797CF10D518,PNG,800,80
vfs/c/miz/a/shur.png,2741,FC6FAB331D47CB491C2B845CC824CD5EC8D47646DB1EB9934827B70A7BD6FC2E,PNG,800,80
vfs/c/miz/cs2.png,52427,28D18D00AAE5295A73811432C36AA07BA1CCEBEADEF8EA23A93FE7438BCDB5A9,PNG,800,960
vfs/c/miz/miz.png,57835,1A6FC845A897BC1E1E63A697C05068F2AC0C1E2AB8A8887111EDC35FAE27296C,PNG,800,960
vfs/c/nar/4tk.png,64958,68EDFFC3BD492F94A34A3DDB09189DD974B9FA1E5F50F790E0A0E9F618B2F090,PNG,803,1904
vfs/c/nar/a/4tk.png,15074,48C6D256BBC5DA0C024B18B4AFD847C50E8C27BFA91751860CBFA94F6DD82DF7,PNG,664,780
vfs/c/nar/a/4tk2.png,1122,3B2A0D5B01E5ECA5B9996572CC1A20950BF49030DFA8824FD46A0D63C18B66FF,PNG,396,176
vfs/c/nar/a/4tk3.png,5071,12DA33484D49F20C5DC456BC1D9A955896315AD3D72298E7FC9C18C989F270F6,PNG,553,308
vfs/c/nar/a/4tk4.png,25889,8D1866F46B7331B937557D17A47D845CE57A00679929715F3B84A2CC912BFB80,PNG,800,810
vfs/c/nar/a/atk.png,8668,360348FB787B00D78FE15A51683CF6D18F83398D46C0093B9E6C17E8E589D7AD,PNG,655,414
vfs/c/nar/a/atk2.png,29057,09D718F5093715B0D12FDC2D917AF46641EB14912E17464C473FBA9A327AEB28,PNG,629,644
vfs/c/nar/a/atk3.png,127429,7E370EF0F4CDD66DFD65101ACBA1B7608C572133D9D98666286A7D4898DEC488,PNG,1890,774
vfs/c/nar/a/cha.png,2480,9B559E88481DBE678BCB68F0A568225D5C6D11355E57B61C877D1E17E9863EF2,PNG,722,182
vfs/c/nar/a/gan.png,63128,90A8CFE578023D756BB7CD0609BBB3CE1DE5E2540BC3156B02887928BB382994,PNG,755,605
vfs/c/nar/a/gan2.png,102181,6648D51A767474BD68E048F79621C60E45A852DC83B59056D9FBD6ECB5D50AE5,PNG,873,1560
vfs/c/nar/a/kyu.png,9832,62A678EB8B07358EB21B214AC7757E297CA883F1E444E87A5DA591E3B8803642,PNG,646,588
vfs/c/nar/a/kyuu.png,4717,8D1E66B67C1BC1E817EDA9F64C2118B191F052CC7CABEE2CDDFD64CCC934265B,PNG,800,160
vfs/c/nar/a/ras.png,2549,21A69B52A561CA4773FFC8FDBFE0E5B23E43B6B0F966EAF76E13888C8E23FD1A,PNG,490,198
vfs/c/nar/fro.png,9995,A9D67259CBAFD3CCCBAA55C94179344C2612C77C009A9D7C8FBC6E1543681B3F,PNG,805,161
vfs/c/nar/kyu.png,56913,F7A829966A9B003BC53D7817409E4525D1C32BA8F0080633099D811A5351A580,PNG,799,559
vfs/c/nar/kyuu.png,7324,B5320D3BF91C1177EA8F01533EB9F5552EE7806FF92E7C22C374EB0524C55BB9,PNG,312,578
vfs/c/nar/nar.png,102800,391E7A17A04A4DB5E103656571AA5EA2CE9DADB91E377F1FA917DF9920B57FB5,PNG,799,1600
vfs/c/nar/ncl.png,76604,F8673833CCC0FC18695EBD956911704C8981B65179E3EEE343AA31F9597135B0,PNG,799,1120
vfs/c/nar/ncl2.png,15296,C6EC5395A995BF0B351BC3BC034C14D61C2C238E3720D7A49B143DC3FCD763F9,PNG,799,320
vfs/c/nar/sna.png,75338,C9CC1F18D3B5E2CC3E5AC075589C95D253D4C12B7A4D04DFF50B2A38E94846D2,PNG,800,1120
vfs/c/nej/a/128.png,40901,B9D615970E8CFBA5CD65B98A2AD4AB7A21F44A7C355A0AEC7CDF571854F0683E,PNG,772,1086
vfs/c/nej/a/64.png,14667,3B81823B483D5B501B0B3E3FB805C8C8E90434CB696053CD0B3445FA7E5285B9,PNG,771,361
vfs/c/nej/a/are.png,5389,9AE741CCAF72CDD2A3B3C9D4B96E714EF006E463F17906E2EA543BD8C5CDCE00,PNG,450,145
vfs/c/nej/a/are1.png,2048,4D1903E2C75283F8621A0D7AF2AF452557570F37F91721CBE1A0D05FC16CA9AD,PNG,655,82
vfs/c/nej/a/are2.png,7896,C11D9E931DA1677F30F3A0675C7FB9CF3A54BB89135258581A2A776C76CA7021,PNG,691,875
vfs/c/nej/a/are3.png,38024,72BD7BE9F34044AE54DA65842228BE5218B0107828DE33E163478B8F5285C740,PNG,630,1419
vfs/c/nej/a/area.png,5536,7FE58BE32E15F6889C4757AE843385E438C11DF2D8436912829286F3D34D6511,PNG,450,145
vfs/c/nej/nej.png,74490,E0EC76DA239758B32F9E58D15A64FC354950C4E7A04AAA8BD198EF13E38A364D,PNG,800,1360
vfs/c/oro/12.png,3089,C5900E2B5DDB3331FF8BE463D68B9AC75676D2555A63014C3E2FB42CD39CE8D7,PNG,320,80
vfs/c/oro/a/atk.png,564,743FC62B6E52BF15F303944D0E349C923DF256ED10EBFB6C63333D85DAC40528,PNG,195,47
vfs/c/oro/a/atk2.png,5448,BFB47C40BCEDA4C0006698DE3073BB016CA29F9CFDD2D459230D7692B17E69AD,PNG,328,415
vfs/c/oro/a/edo.png,10182,0A3788211A3365726940216987CB3CAF472F4CB11174A1C10E7E6ECB46D82957,PNG,800,279
vfs/c/oro/a/gat.png,13234,F2D0EF2D6287FD7EA6D8058AC4C4C34859233803A928B8782818EEC124BE71B3,PNG,555,342
vfs/c/oro/a/man.png,16122,D7987783468E0E327D50B787C2F4664378EE8E9A6233B6CB1E5C731C6B4AAE1E,PNG,800,405
vfs/c/oro/a/oro.png,7904,22DF1842B777B230BCF57909CF6728E15FF866FB2AE0794CBB2B96EE4917E11E,PNG,779,191
vfs/c/oro/oro.png,66987,C5C30156B5CCB53C9CF42F899232E8F647F77F5656951E237B440BC92B56C75B,PNG,799,959
vfs/c/oro/oro3.png,10726,5ADAF21F909D54C8E3E422B994B1BD32EC528EFFAF97417CFDE26F6CD9DE51A6,PNG,623,479
vfs/c/oro/oro4.png,29140,64EFC6C11D6E9ACF0601F6344CC8D31B4F6DDED425D96AF52D3B9D5BB4B7A270,PNG,657,779
vfs/c/pai/a/abs.png,4883,B5831A8D70F6996384E1FBF4F14FEBF189997C18D748215DB6852D5BDE3E7215,PNG,220,99
vfs/c/pai/a/cha.png,25040,3E33F692D8AC7C82915C63BFA697913F7360B359C3C079786FBBC13D84F2F94A,PNG,800,846
vfs/c/pai/a/chi1.png,13547,4A191F92D64B3A13D64B9C2C7AAEBF3C38021173999830CF35ABA8A22E9163A2,PNG,634,936
vfs/c/pai/a/chi2.png,169470,ABA5CA175CDB300533F86DB85A57CF515AD573BFFFADF863D0E2A09EA515E585,PNG,634,936
vfs/c/pai/a/chi3.png,694305,F6DB994432B8F6B2DADE554BB059AF3655DF93AEDE8A0277AC2D8279B976E78A,PNG,634,4160
vfs/c/pai/a/chi4.png,121089,3C259A19C0B63AC58F3A3B3248DA6C5C9214B1797F25B6BF4E9751C979C2D32C,PNG,798,2240
vfs/c/pai/a/combo.png,22057,E87B72409B51D22054C5539CD974F8D3ADE836893AA599B21A363A0098F1910B,PNG,884,423
vfs/c/pai/a/cra.png,12728,7AA605C6CE5157A85341596A5AF11F5057540BB1541F2FA74C53E9F8877F2018,PNG,1120,262
vfs/c/pai/a/ox.png,5018,31AE4FFEB11FA7DFAD02C7A7B62A75FAE1D10F453CF03376C2F7E51DB1E4C1AA,PNG,1546,182
vfs/c/pai/a/pan.png,2079,0727BF09A04ADE1B9ACD37E4B60E15DA13830BC0B6D200B0F3731BB67EEBCE1F,PNG,226,207
vfs/c/pai/a/rhi.png,8246,1C67F7CDF6C65D687F9498122D7C86C7ACAD8A4C343226E584E73CD19CB3961E,PNG,1200,182
vfs/c/pai/a/rin.png,8920,D872762AC08C3887EE4A5553D09C2BE5C30DF07481D260B422C3ECB4F78A4CE0,PNG,448,651
vfs/c/pai/a/shi1.png,76300,A4DE3FCD4C5F5B05E45B88C4C3B1DFBF6AD4A85AFBD9EF30A9634CE16ACE46E9,PNG,940,800
vfs/c/pai/a/shi2.png,28638,99BDA1DC3C4C8714C0327599E9C5ACBB7E5B39E9A054B007BC436D6F56FD19D4,PNG,800,479
vfs/c/pai/a/shi3.png,171410,5DC83A9825AE6091A5BC9A0E4D37909EFD7E01AAA8C7A6A86546A6BEE375524D,PNG,1600,1920
vfs/c/pai/a/squ.png,30081,19C7601A9032BE05A4AFC2FF74B2B8A1E56FF20071AB86B189DF10E1C74F0A4B,PNG,820,912
vfs/c/pai/a/sum.png,29045,EACB4B27E77AF71E0731383C2260696A22D0C80E0C2265A06E0E6A02494DA5FC,PNG,883,563
vfs/c/pai/a/sum2.png,63333,84BA527B326002146983816841E8BC0D5B1A3FFECEA0CAB7045184201E84A0B3,PNG,800,320
vfs/c/pai/a/wat.png,29100,14348F5915A9D644E68C5A0CBF911ACDEAAD7FD57CD60EB54DEC5DDC340404B5,PNG,1100,892
vfs/c/pai/pai.png,31198,12A2D76225EF36648EC869D863D83FE30E1D364B0535DE8D9C4F521092761BA9,PNG,799,800
vfs/c/pai/paid.png,39335,887AEBC13BF603121424C35BFFE99BD1BF8C9AA415F2B2AD6CBBD7CE798DD601,PNG,800,800
vfs/c/rai/a/rai1.png,40732,39EC76D894E835C34131FA65B7A9C17C261140C95070E838025C6380E529FD22,PNG,1120,960
vfs/c/rai/a/rai2.png,30204,F92722EC14D4DDF11A5215A039BF103619B469571443E4245F5FC06A28CDE9A0,PNG,484,765
vfs/c/rai/a/rai3.png,3488,55A2CFD0657F676C5FF153B723530078804FFD79E12BED4E2355F5BE5D7E8611,PNG,582,79
vfs/c/rai/a/rai4.png,63756,B8606DEE80D818E5B9B916BE2383EB1EBD9A8DC1FA0EDAB487DBB103A97A70D9,PNG,1742,210
vfs/c/rai/a/rai5.png,8417,85036658A652BDAC33614BA1F2913ECE889C806484E0A620CA7B8855D5F4BF9E,PNG,672,101
vfs/c/rai/a/rai6.png,58340,4A7964507A5BB5F9CF6912EA8A3DCB78509D96287F6B41AFA45EF1E6C0773A09,PNG,800,661
vfs/c/rai/a/rai7.png,16891,EC89931444F4B18CAA8F20D8B04C8733C1DCE27A2197216038C14837455B81E7,PNG,800,80
vfs/c/rai/a/rai8.png,62732,8670E6AE72E8E78B833E0AEC0D293C06454A69D94FD0B135C809473B2A6BE75D,PNG,800,427
vfs/c/rai/rai.png,109399,503A433A8E47555D9409000857B907A3711D27D3E6312B4086B9CF7DE7948562,PNG,800,1200
vfs/c/rai/rai_1.png,12013,2CEAE880CBA6A4AA15CE729988542EFBB46E24243846114124F8177EB8D23472,PNG,805,240
vfs/c/rai/rai_2.png,147269,D04FD43D9F9A8B6843F5E6C066FA61ED55E1BF95F8F9F37BBEC65F8C06F92A5B,PNG,1120,2081
vfs/c/rai/raiT.png,126763,7FC4F7AABA85A58305E6A178D0C74301FCF7B36FE55CAC537E5FBA35BFBF40A5,PNG,800,1200
vfs/c/rai/raiT1.png,11806,2728D23ADB415C3DBB7F188837DD613F556CCA981DCB71874BD201BEF4ABB264,PNG,805,240
vfs/c/sai/a/dra.png,5776,FD30032055675D6A10C2AD91C972074FF8617C21666CD5D97CFC1EEBF82C914E,PNG,288,430
vfs/c/sai/a/god.png,10947,CD177D4C2413FB5B086F9B33FFCE2D3E97D79258A1C90CD0B96923A85E6E0567,PNG,385,215
vfs/c/sai/a/gods.png,64117,937E031F59AAF097C34437943601D036D40B263D5E342535131496432944E8B5,PNG,385,1728
vfs/c/sai/a/ink.png,11727,71AC2FCC5DB8135100AD7507DCCABFA404E4B8836616088E4D542231B9564F14,PNG,604,461
vfs/c/sai/a/ink2.png,5585,F006858F77F3C714A67C35D72442CDBEBD058BFF21AAF84B757F10913C234B7F,PNG,579,181
vfs/c/sai/sai.png,40386,DEC54277F6736509783FA5920BCFC0DA5748A16CFD20AE319456CC5C0D08DA1C,PNG,800,800
vfs/c/sai/sai2.png,15568,6880B95FD2029C2FEE396F2E1A7053F7F04CA7179478F4A812BEDDCDBE329D46,PNG,680,408
vfs/c/sako/a/gat.png,13846,131339733E54C9E03D7A92773FC62D5E2801F7EE16EDF18B076F58E61BBFE6BA,PNG,555,171
vfs/c/sako/sako.png,75918,6031526709AF41B544BF90DD1BD399E585FD39BB6A85D5EF9823FAE190F8CDCC,PNG,800,1120
vfs/c/sako/sako1.png,60325,BF1882FFA1C23F5CA3FC96166E7E395B8D4492258E81875EBA4ED8E2C35C7175,PNG,799,1039
vfs/c/sako/uko.png,46499,E86DE6DC1972F81B2AC2ED636142BF2D53B2FE04A170D4664220F2C29C3F046A,PNG,799,719
vfs/c/sako/uko1.png,38936,EA2313AC34879103D5B3EE6AD7A9EBF19BF8BC19DDC8475AB6178035AA16E76B,PNG,799,719
vfs/c/saku/a/sna2.png,18014,0502F7C88E825C8F0084ADBF016D9D19A1C5897AA40861AAAFAFF274AE151C68,PNG,1079,472
vfs/c/saku/a/sna3.png,2057,C0AC8C2631977CFB346B224D529FB3D9508E079FD58D504833A0C4D2A1A874AC,PNG,910,182
vfs/c/saku/rage.png,9789,DDAB6DE29C8045E1E2BA3CE441C4F7AE8B9C171746A9AE645DF4992A5519CE25,PNG,683,247
vfs/c/saku/rage2.png,9766,73D39C86C766D15B6F310C140C835556C2821052EDBDDD54E77AD6C08FDD2A51,PNG,683,247
vfs/c/saku/rage3.png,9698,6FB14050C30FB84D1D355BBC12C04EFF16344F6B893BFF9FA8FABA21D727BEE9,PNG,683,247
vfs/c/saku/saku.png,69226,607C6CB4F23111A1C74AABCB195144187CBF57805F2E45E415DF6C42902451A6,PNG,799,1119
vfs/c/saku/saku2.png,69057,67553A3C9608D55978EE89C8B4710BF5AF5198361501D2FAB571B70710732563,PNG,799,1119
vfs/c/saku/saku3.png,62509,D5AD2DD660A62EAB092AF5C1582A6CD16CF8FE1F8AEAC3129F9A2B1D54DCE64D,PNG,799,959
vfs/c/saso/a/iro.png,18022,ABC578099F483040DF02E314032334124AA58234E1274A82B1EE634164667DB5,PNG,654,704
vfs/c/saso/a/iro2.png,1823,943D8B07EF0BD47AFC7AA1653EA6B7A2E96F7ACCADE26918FB830877232E650E,PNG,327,248
vfs/c/saso/a/iro4.png,5962,FEDE9E38CE7DC7CE2891E0A68C3B5A5875C5C91581EFF1EE74806CCC3849E6E9,PNG,786,141
vfs/c/saso/a/pup.png,31662,6BFF78A5CCC78FCCB008D7CBABC435113EB1164E092AD859807BCB58E95D56BA,PNG,557,713
vfs/c/saso/a/pup1.png,22363,9EC429EFB28DA1BD5B37B86AA63A964218BB5D48E5B995FE93EA2E4B7C268048,PNG,799,319
vfs/c/saso/a/pup2.png,14494,C43C2D977DADC753982B56E3F38E0F73FBCAD8957EFBE244B3C521ACD1E089B9,PNG,827,471
vfs/c/saso/a/pup3.png,3432,D19A6876FAE4D8547394DF295085190717A6433EBF0B87DE9CA76AB069CE84BB,PNG,444,101
vfs/c/saso/Hsa.png,29264,DB089B5837F1CF12048C46726A74567D03436DD6E8A7DCF977B7534CF55E56E2,PNG,800,400
vfs/c/saso/Hsa2.png,8885,569A410069161FCEDF89F152D5C3F84464B5C6132C353729BF2447F3BB657966,PNG,312,1344
vfs/c/saso/Hsa3.png,10579,4E85066C794A1EFA15ED7B33D5B534C93F63AF17840D2C7A1A72404CD82FABFC,PNG,467,576
vfs/c/saso/ncs.png,39232,DD5A9FC385F30A87502B7973C40AAEE2A436CCF10AC38F459B98E9A2AE797DF9,PNG,799,559
vfs/c/saso/pup.png,22363,9EC429EFB28DA1BD5B37B86AA63A964218BB5D48E5B995FE93EA2E4B7C268048,PNG,799,319
vfs/c/saso/pup2.png,15447,3E4E45B9A0E15FB1C2F978833FB428D360872513EA3F83E38A7EDB757CC39788,PNG,799,319
vfs/c/saso/saso.png,60696,4BC5E2D4D23D4205A0D781CDD96BE228BE567AD4033EE4612EDBA3913F774690,PNG,800,1040
vfs/c/sasu/a/chi.png,8372,ED17C9CAF9D108668BAFCAF1CA3AFAB888B1E3F8613EDC3BE00A224C8C8D2D62,PNG,327,580
vfs/c/sasu/a/chi2.png,22388,15F656C3C61FBA3F09A2781784B5A7429674FE5625D028C61785A16FF14D7514,PNG,799,810
vfs/c/sasu/a/chi3.png,29202,CBDDF6F08FA1A0206EB3F4000A618C58DB90A230F2840A228B8BF615737562DE,PNG,800,960
vfs/c/sasu/a/chi4.png,2707,80738FF8C1CF6A1BC2611D0D00C80E94C9D720E71B1531E951F651D9A15B63F2,PNG,691,291
vfs/c/sasu/a/gen.png,25431,FE3FF4ECF63046EB41ED76613AA6FF0BDA91F3F85CDE7794B6CE353B844E6C43,PNG,675,1350
vfs/c/sasu/a/kat.png,107269,A1DD88E4AA0AB49FCC2617E61C8014120A91070FDB6DB15A126DA46E926D8F90,PNG,713,824
vfs/c/sasu/a/kir.png,62654,35FA26FFA0CE72CCF6B769C6334548082B20AB82CDDC77ABA1B7ED86E7767E2B,PNG,689,731
vfs/c/sasu/a/Kirin.png,1010549,2F8E57350550D07A8D7A31DE9A792B6B6DAE7C3CAC2F5B7D869462E5C3A84157,PNG,10891,1559
vfs/c/sasu/a/mss.png,3517,06160A6542B9249076772B7A38C3B723606F1D6566736D35883E90C6828FE28B,PNG,364,364
vfs/c/sasu/a/qui.png,929,C4FE9BFA461BE099379A03D1038E752AFC28317B2615F61F7DEC790195D6CDB9,PNG,461,78
vfs/c/sasu/a/rai.png,11948,31E3DCCF10EA4EE76B9D71A8997895F217C658E4805FC9C5CF9770E6458C1EE5,PNG,792,621
vfs/c/sasu/a/sna.png,12681,45617E7023AC0DC9DC8D526914910A7F8F3D7BFF2C96FEC9D69EDBA85731EE68,PNG,800,240
vfs/c/sasu/a/swo.png,1717,5222F583AF9DA503DE6E55DC590EDCB129455CCD6C61C40B68C0F82DDEF3592A,PNG,921,243
vfs/c/sasu/cs2.png,58700,429ACFFB967FCD74C6ACAED7FB9DA48FDB2A44049DC31672656B184B7F41308A,PNG,799,639
vfs/c/sasu/cs22.png,11958,5CB2F9C6C9DC889C3BCC913CA9CD6843AC7015B68C846437C06563C0CFB36EA7,PNG,623,287
vfs/c/sasu/mss.png,68466,7D481F7E783611250261ECEAD593C4A7DFB7C9E85E6899E3B2F9F16ABBC444EC,PNG,800,1120
vfs/c/sasu/mss3.png,13875,CC69477D4CDAB1A692025EE4D798D07AF84F88E1BBB23A813D4FC3AD6A6882D9,PNG,1150,230
vfs/c/sasu/sasu.png,66455,2AEB4FF667A9EE63E60EE0E866E4700C780974746D47E231CAEF1EAFCAD7C694,PNG,799,960
vfs/c/sasu/sasu2.png,4525,FD30057E8513DA94284C7FB6EEF0640F6D59BB908F851C1B7B13657E947F3320,PNG,467,191
vfs/c/sasu/sasu3.png,13778,1FDA7F9B71DFA5E888AD63102DE847E2E387BFF86A467D1CCCB2D3BCBB5D15DD,PNG,1150,230
vfs/c/sasu/sus.png,108247,F668C248F5C620498EA2A2982727DFB1666E27CEC533DDB05AE321C139605149,PNG,2530,438
vfs/c/shik/a/sha.png,240,D3240CE90BC6AA33B967C6B9443CEF99F68804A28A21307C542718F9D94EB10F,PNG,479,159
vfs/c/shik/a/sha1.png,13697,878F3CDB087A0C2448149E243826CD9DC4FFA019B9F7701420AD772029813EA4,PNG,799,479
vfs/c/shik/a/sha2.png,2917,A564EED9B9B7C2B433B6C97CD45C6836BB0C164D6BEC363456B8F9A598F250EC,PNG,880,120
vfs/c/shik/shik.png,31682,D7642561AB90A3C4BB592AD52D998AEF47313AC98CABDA0511EF2EFACC6C1089,PNG,800,640
vfs/c/shik/shik2.png,8017,8E634B7E40B61F231608803C1FFDA4CBAF691A3229C2F3CC93E741D2091FC4E0,PNG,882,574
vfs/c/shino/a/bug.png,2765,245B417E55C77622253597DF7905A05CAD9767E1C561090E7307B934E07BC95F,PNG,289,169
vfs/c/shino/a/bug2.png,6957,AE9F1D1B85B67343F9A283DF8349C5B4E834F3A49BE963665D588CE611ECD6D8,PNG,427,427
vfs/c/shino/shino.png,45301,46C6F3DB6693D01343204FA00DA99E34C24CB7D2BCE46F499C878935CABC229E,PNG,799,800
vfs/c/shis/a/gen1.png,31568,6BEF709DD319AE8A28B8EDE550608725EE4BFE1DF13413B173BA36EEF8804A5F,PNG,1050,516
vfs/c/shis/a/gen2.png,279058,A0961089458613C70263C971EF8AFF7A160D140742B1EBBF0C855DF08E739EA0,PNG,1653,1590
vfs/c/shis/a/gen3.png,93921,057E6A213DCDADB446C1FEFE2C53D246784378573A4104763425931F143985AA,PNG,3532,809
vfs/c/shis/a/gen4.png,410,0EAAD1E4974FEBB56719F6C34D5F8A581D33A1EE6660CED8EAAAE375BFBB1751,PNG,1920,1080
vfs/c/shis/shis1.png,53201,EC58F1F8D93BE4628E219AB583E016F44A62DD2380DA224FDA41EA17316BF36F,PNG,800,960
vfs/c/shis/shis2.png,13134,3CA10AACB1AD362ABB5CC4EA41C324CF28C9887050FA2568384CC327BB45FE33,PNG,800,400
vfs/c/shis/shis3.png,89061,74B406158DC1EF708A0D95E68508CFE2236D4ABC54BF4A22D2A71282ACC5F5A6,PNG,800,396
vfs/c/sui/a/atk1.png,29440,4B67D8A4CF527E28DF2A85C46827F5830F82E8130603C7E669327E545C5FFD3F,PNG,800,720
vfs/c/sui/a/atk2.png,103708,196ED254E543A42F4C467887C018740B6345ED3E761772758A5D4A9B1FAE7AD3,PNG,1600,800
vfs/c/sui/a/atk3.png,96578,4D592BB896B279483E528A8C06B7AF5AFC6CE5D9F30573F239712F3B6FF290F9,PNG,1600,318
vfs/c/sui/a/spla4.png,85434,8916D455A798A0B88CDAE9BE4DDF571462780571F950C75242663F2047D974C7,PNG,1600,1600
vfs/c/sui/a/spla5.png,258873,6A9E5C38AC26217AA4DF17995FD6D65E3A5F6517EA895262BBDCA9254DD02A7C,PNG,2555,1480
vfs/c/sui/a/spla6.png,311960,A8FE396A46A71E026B70502B71860FE85D24B4DC13E30913BBBC9227610CF7CA,PNG,2840,1850
vfs/c/sui/sui1.png,62476,360E3B2F05BAE3425333D1300A9118A459E2E5F061A248354F2C010B80B87302,PNG,800,960
vfs/c/sui/sui2.png,27141,2D92D4E6A0042BDDFC3C90051548C2667D05AC5783C1C20ABC369A6825D69DE5,PNG,800,960
vfs/c/sui/sui3.png,494662,A24A59902F0EAC889D9995B738EB77592E5D4C5DCD7DCC10285E0E2948FE6FD3,PNG,2840,2840
vfs/c/tay/a/bit.png,9213,FDC239502C5B1A38FAB7C502160AB7A7CD86E702450031FEE758CB47369D390B,PNG,835,300
vfs/c/tay/a/mon.png,24721,58159BCAA0BACF0B9E8B9010DCB678D158DA0CD5749237C9B26AD337FB393ECD,PNG,654,524
vfs/c/tay/a/mon2.png,491,56B1942FA85E35B8C4F164A1414619C5EC6ED9EAE109B8F9D05597D961E8CB0B,PNG,319,79
vfs/c/tay/a/vap.png,20678,0BB354B843BCADB2EE9378A88446D587E209622E4F8A5BC7D5450E803BBE1C97,PNG,948,945
vfs/c/tay/aur2.png,25671,5F2DE1611685126582B4A9A295C0B123922F37C7F4D16B3A2D658AA0E08EF75A,PNG,1285,482
vfs/c/tay/aur4.png,25263,117B9BAB2E2AA5DFEB816E3E8E3E4DD9FBAA82C6C13141844C48E609BE7086B5,PNG,1285,482
vfs/c/tay/tay.png,60491,CA34EBE7EE9017C1EFDEF07143D84995B95CB05B0333542AE0EAC35CF0B3E626,PNG,799,960
vfs/c/tay/tay1.png,55996,318138DE5FA26B061BD732EC1692E7850C9B00F59B72E12C9E3A4E3F14019B46,PNG,799,960
vfs/c/tem/a/t3m.png,10863,D2E7BCE6029907CD04E34C55280AF2BA96281E7A229BDB798860561AE512047B,PNG,593,372
vfs/c/tem/a/tem.png,8886,679E5576D0829A2D4D73968BC78069FEFC0FF3498D2B4AD7C2E1A3FD3E2F1066,PNG,820,249
vfs/c/tem/a/wind2.png,19615,60F4A21C7178F19FEA5CE2CC630845F7647FC57DA6876CCA56890647BDB9A146,PNG,800,320
vfs/c/tem/a/wind3.png,7206,3A949E97C0E06055CB2178AE59CCB084CFB2DFCD41F186EFB4F36CB31F2788D5,PNG,900,450
vfs/c/tem/tem.png,64103,71D3EA4F302D0CACE4C2A859C1B6D29910E75DFDB749C0CAEBBBD5EDA0E6956A,PNG,799,1039
vfs/c/ten/a/arma.png,12065,B9DE4C06906F1B6969B84D014337F9C6B1387D92E8D9AA5E9D6D19DA906BF2A2,PNG,705,348
vfs/c/ten/a/ten.png,5863,E98FF52659B32560544BCC5005D1D49BE0B4D14BFA2B0B7299A8601E288A8A7F,PNG,429,240
vfs/c/ten/a/ten1.png,2369,1D2A79CD3D7C79894606B024CE84C874AC25D43602B0A92B5E0255620F694C03,PNG,419,128
vfs/c/ten/a/weps.png,3867,D91C442CD6A95DA7E8599C66B819907767F86EBD094459A0AADA5F14EF8CB0EF,PNG,800,160
vfs/c/ten/bash2.png,9030,51E8166A6973AB08A5F5A9AC998A8DB34FA87B1C1D94183199493F94F728174B,PNG,550,270
vfs/c/ten/blade.png,11428,FDCD2EB38890C3AB3E6441594520D5467C97B3534D9AE7B1141642F58ADBEF48,PNG,1200,240
vfs/c/ten/pole2.png,8499,D78DB26608A1F70C38A1BEA5708F669E2F18D53C2EC05406E01C56F9AE100C2F,PNG,550,270
vfs/c/ten/swords2.png,8736,DECBF79F0C9CE0E49CAB43F13A1BAE1A4B7D7337822C47FC599BF665D392DE9F,PNG,550,300
vfs/c/ten/ten.png,63548,D1A52952D1CA9371E9E7F81AF720533F83765E5D528B06DDD51D1202EB738046,PNG,800,1040
vfs/c/ten/ten2.png,4004,4D90D6F0E5D1DD08279C8268E80B298E378C0BCA88AAFA60A5164107FB472007,PNG,312,578
vfs/c/ten/ten3.png,24815,41D10F28FE246729F847E9B6912392DB618A0CD82B925CEC1B3EA9EE07F50E47,PNG,1399,559
vfs/c/ten/ten4.png,9726,6BD152EBAC51A83D954F073E621F0EC8D10CF8A8DBF30B73A92CCA86A3B02959,PNG,1450,400
vfs/c/tobi/a/fox.png,59976,A5A7C27D0E5F858A687BCB36AF507FE040CF258A69EB1F7FD21AD696C16552B3,PNG,600,420
vfs/c/tobi/a/kat.png,6806,41BA91FC81CCA0D74ED3326A3E1E6F8CD14401A3D7EA8E43081489FE1CEE13FB,PNG,328,249
vfs/c/tobi/tobi.png,51533,55F86D7631A68047FB28BA38395966612D5F0661EF6C5C7E5F848046F87690D2,PNG,800,720
vfs/c/tobi/ttobi.png,32737,A100E04336682A98AC45A430E286710C0EF6053C770525BFDD2B9C90AF6E280E,PNG,799,559
vfs/c/tobir/a/4.png,2744,1657FF0084079D1565CD1D303931A5D6F0B68EB51C03CFBA47EB83AE3D847205,PNG,490,198
vfs/c/tobir/a/wat.png,46084,D8A9A27903942F0512AA8F46B02C9A3675125EC0A4B164CFA1FCC6A91B858750,PNG,1082,872
vfs/c/tobir/a/wat2.png,27680,FE4D7B2DAF6738E881A0D08C86D1163959B96E03801E55BF99FC5608BBC7D9F4,PNG,411,1113
vfs/c/tobir/a/wat3.png,3087,769F5F2F991A6999C8BED4E301496691943301BF0743FF0AF4AAFBED51543E4E,PNG,245,331
vfs/c/tobir/a/wat4.png,170005,CD0421FF1E64F20855D7247757EACB1EE4617C2758C700FC85834D2DFCE3D124,PNG,1121,1407
vfs/c/tobir/tobir.png,52701,FE15471E93B00A21346E44742DC26F940FC7405E9D596C7090B491C1D579CEA1,PNG,800,720
vfs/c/tobir/tobir2.png,34237,2577DC08620FE54BA0B23A5DC56F87E3465F52EE0212CA467162CFFB6DFDBD8F,PNG,627,639
vfs/c/tobir/tobir3.png,2605,07FB618C779D6E361189C873A09E696A76841E9EF1E5D9EFA639545701A2B7A8,PNG,711,100
vfs/c/tsu/tsu.png,48093,9717082C1A0F2567CA4AC94148FB83240687BDAE1803B9700479233DDB4DB53C,PNG,799,720
vfs/c/yag/a/dra1.png,46095,D0992288EE6666714F8AFBDB421F93D2FD9F663A754D6BE00F8649109208CA37,PNG,1082,872
vfs/c/yag/a/mir1.png,2077,2B9462B5264D18A13C6E4319DB8FB18ACBD6442E35159F515D5AA05B31E707D3,PNG,420,420
vfs/c/yag/a/mir2.png,3066,693216861D45507816B08360E64231862F55E7DE58ACB339E71A9270A384BC2A,PNG,666,111
vfs/c/yag/a/mir3.png,10538,23746E12EC52224FE14F719AEF1F389B9B4E4291E1C962AC796CFFC08A9E0091,PNG,630,120
vfs/c/yag/a/mir4.png,23292,7C632D11C0E24DFAE6B33661038C340AB2A87C5AA42771CC2327FCA6896EDFC3,PNG,1071,139
vfs/c/yag/a/mir5.png,57308,046D51E7CC6D5A7582DC9E8D315D3A5DA08181E2E81043D214E659B51FD9F9D1,PNG,1004,836
vfs/c/yag/yag1.png,95838,F3714EC232D95A0498281F8B0367BA1CFC143EDF1910AFBCFFEA4C6EE4F724A0,PNG,800,960
vfs/c/yag/yag2.png,37513,C123A82A94212DFBFEF04872E13BE7B175BF24941C1360A4C2C80E3D19AE5418,PNG,804,952
vfs/c/yag/yag3.png,84991,9500F737D8EB1C46C0746119B7FEBF8628B36F5D3AAF9CC27C72D735EBF8D487,PNG,1082,872
vfs/c/yam/a/sti.png,1463,B0E15392A9420CCBE52A972109966ACCE53020FD94980D99C21C3B58E97C5E91,PNG,492,100
vfs/c/yam/a/tre.png,71075,5F75348699A2F2C97642BE8EF75043DBB4BEBC58040D6451AD4327EC61C31CF7,PNG,787,1312
vfs/c/yam/a/tre1.png,16879,149947FC5FF2181C581336CCCE4890363AD5E752153392F3004E8AE76A6415ED,PNG,554,854
vfs/c/yam/a/woo.png,15520,28E0C5152C966D79EEF0AEDE1B2B9CC373A611F49121A6AB6228654E22A2B8BC,PNG,704,347
vfs/c/yam/yam.png,36705,93DF1C85EDA5697A74425B7BE8BC03BFF0C8DBFB460B713A67A673CCC702BCEF,PNG,799,559
vfs/c/yam/yam2.png,4338,3DE0906449239970FE4C8CF6295719806C312719597F623C62C0ABF870C996FE,PNG,312,965
vfs/c/yam/yam3.png,12870,881657E725FDACAD42C2305068D8E976639DE193D7BE0E83F726A161E526CA4A,PNG,603,695
vfs/c/yam/yam4.png,3201,54183183A176F68577771D740A6CA97C02DFA657605CE437CB3EDA10E1D6E878,PNG,408,288
vfs/c/yam/yam5.png,9072,70D11CB6FCB3C83FF94839C2DCDFA0B5F89D169C0BF539CDA535D494BD6A139E,PNG,920,162
vfs/c/yam/ycl.png,42041,EA4F76FD318C04D6E4058C5DBA57F93590934C368F4F3A5B9CC29E029E09A161,PNG,800,640
vfs/c/zab/a/dem.png,28646,595CC57EDE5D4907579252E82C1C6E7E641CAB4DD3419F0A59CA192D0B6BAFBD,PNG,846,177
vfs/c/zab/a/dem2.png,81738,D10C6D858215C034EDA305157EFD9653758F47E47598ACC73368B6B9CC07DD0B,PNG,3384,1418
vfs/c/zab/a/dra1.png,166449,71B7536046B534F4DD51DCCDE2688A8ED8F3D273F7006F99E31BE0868BB36C82,PNG,1255,1070
vfs/c/zab/a/dra2.png,152008,DD939A5656EA37D7BC457B39A5DBF3C58C3BDF46DAE4BB2250C52970D739BCBB,PNG,2635,528
vfs/c/zab/a/dra3.png,170240,EE28A4AF0A34BF9C579DB5A0D9F804AEE7D9AEE424B2496BEFDAD034D36A4010,PNG,3265,646
vfs/c/zab/a/slash.png,1136,809B3B637D59F9F507D6D5FEC05D83A75EFDB3CF79F1D3090841BDC6AACAEA1A,PNG,691,291
vfs/c/zab/a/zab2.png,33979,33411E446D032BA9442103B49610A2308E034D88D8DA013D78D6FB7545EE71ED,PNG,1004,836
vfs/c/zab/a/zab4.png,17453,A521037CA9B87CA51BC3F9D662A311DDEFE15EF1B58F00D613C09615C0FF0BB6,PNG,804,952
vfs/c/zab/dem1.png,179145,B18E87A95A070B51372A1E9945B5209395263B82E429A654C2E2B453AE288A6D,PNG,804,4080
vfs/c/zab/zab1.png,93769,80F28EE346654361C595CF779951E1BF06267E3F2A5F779C098D25411051C56C,PNG,804,4080
vfs/custom/1genma/a/bigdragon.png,108917,BE993FC5E35C88FF68AD74DE336C80CAEC5BF6A39B5AE42E01AE2ADA943CABF7,PNG,1082,872
vfs/custom/1genma/a/katon.png,26529,91797381F2EEA27D6544C91C7FAA3489CE9253D538E80E32120389EAFA478FAB,PNG,328,332
vfs/custom/1genma/a/shuriken.png,4477,9B0484D55D6C7B021118C11DC8B865699B0D60ADD69E9380005CAD3A79CFA62B,PNG,160,80
vfs/custom/1genma/a/smalldragon.png,41878,810C6D2C79706D90326783B64955B42AD9D086401AB5FFE6A86F53387386F3F8,PNG,437,362
vfs/custom/1genma/a/wind.png,21705,96C74197C076FB117A44DCD2F5240E6FF828D151E56080165BF445E88CA5C076,PNG,799,320
vfs/custom/1genma/genma.png,142262,91DAA692DE944007390C6601002E509562BFEE5579213C82242F55E466D83FBB,PNG,800,960
vfs/custom/1genma/genma_f.png,49300,4EA0BCCAF9FC43E8E1A17F1C6CF2019AE9A78A0944C1EE1EE06CC97B3714C4EF,PNG,145,223
vfs/custom/1genma/genma_s.png,8842,8B0666C658A82F0E207CC945A2983C8DE01C9EBF72CF2B427FC58217DE07BA84,PNG,60,54
vfs/custom/1genma/genma_sb.png,7509,1DD1D7FFC3D92CDFC2C03699D448AADC2571BBFD53028E1F7BBC0F938C278097,PNG,40,55
vfs/custom/1genma/genmaclone_s.png,8842,8B0666C658A82F0E207CC945A2983C8DE01C9EBF72CF2B427FC58217DE07BA84,PNG,60,54
vfs/custom/1genma/genmaclone_sb.png,7509,1DD1D7FFC3D92CDFC2C03699D448AADC2571BBFD53028E1F7BBC0F938C278097,PNG,40,55
vfs/custom/1genma/Mclone.png,4338,6106F2C193F3BCB2658F98C5FDDDD705EAC5C9BAC7C0DF6FDC9BCE82629A51D5,PNG,606,100
vfs/custom/1genma/Mgenma.png,2049,E8BEB851D603FFDA7E279F05152046C3EBB5329A6399B5B63065095226D9C8F5,PNG,404,100
vfs/data/broken.png,9906,5B5E6E0A1FACBE41A58BA26B671179BF05EC3C582613B3EF06C050C4F1C77233,PNG,280,377
vfs/data/etc.png,8970,6F71133967B88B3CCD8ED7605A81AED4118C0329E28839A940ED778774C0B408,PNG,320,80
vfs/data/pixel.png,82,CFAD749FBCEC2FADEDC6F47289E9679DEFACFAC386125BC88643ED1275518EAA,PNG,1,1
vfs/m/hug/hug.png,21020,53810F2573144283C221FD735803F6C7C298D94F8067483363B6994CC6E01FF7,PNG,799,240
vfs/m/hug/hug2.png,20733,229AF7940DAD88403479321956DC27CDB326DB638A28E716B948AF00F6269AAB,PNG,799,240
vfs/m/hug/hug3.png,21490,F640BBF4A47274461BC990882CE544740B99BA4FEDCC4DFF9382C6720FB32381,PNG,799,240
vfs/m/hug/pun.png,2088,320E216A665EFC566B3252756E20D4EA649F68FEAFDFE95BB1BD37E174DE9072,PNG,243,85
vfs/m/hug/pun2.png,1500,5C574323B05944597D0C02E86C0E0E43A5B47C13D312DE9C9CE40D58EF31E065,PNG,243,85
vfs/m/hug/pun3.png,1477,F5F6443D9595A2024C9B94DF777A52C778D422D8FCC446AD8552E5C3C55AC341,PNG,243,85
vfs/m/nin/hun.png,25672,F9BB8F40A7D9FAA4D516ABB2147F640913AC3248EFD8693A8A4C485D50DB3C9D,PNG,799,480
vfs/m/nin/nin.png,24720,40BA789CDEC1FC4302C7C127A0915E59AD7E0766B4474D51CEF9E1D9ECCE0550,PNG,799,560
vfs/m/nin/nin2.png,24571,6A6FCBB0749C120B2D82EB1338945D6DBED1D640F337A572ECB969A2021761DF,PNG,799,560
vfs/m/nin/nin3.png,24107,FCEE956F484FCCBCEA6CF6E33F17BE119D89368F4493C066ECB0FAB1CF94C363,PNG,799,560
vfs/m/san/san.png,33251,52184A39CBAEF60BAD5BCE76F2E16BA9296DBB32E19DE537C16E523D62C48C17,PNG,799,559
vfs/m/san/san2.png,23703,4D509F167C3866361D7A8F3654426CC8745B7D4700A6565F1AA5B650316D7C07,PNG,799,559
vfs/m/teu/teu.png,21490,6C533F1628DA36F03F3C1F56EB4383114AACB0F3A26FA42519CD3968110D2B13,PNG,1529,505
vfs/m/ton/ton.png,10880,13494F988BF2B97A38F8FAC9564DB076F4525E0FA8DAE05B006D0C11854DEEC0,PNG,799,399
vfs/s/0/0.png,4508,08C850A172059C00F6E76FE951E8A1EACD62146AB58A1F33B7CD369DA4D9EF4E,PNG,799,239
vfs/s/0/circle.png,458,C70B6AF904299B65B0151405087099FCC06883A5912DEB92CB3330A2C4B80248,PNG,126,116
vfs/s/0/d0.png,143615,F0060EDEF46052ADF89F57B5047FADEDFDA8AC74EA5BD36486A5AC0CF48C77FD,PNG,621,2142
vfs/s/0/iru.png,67260,E47772424C88C4E3CF05C1B5C385680C465E899F24129E9CF5FE694D05FD092C,PNG,800,1120
vfs/s/0/iru_f.png,5882,CAFF27C2096517E0DDB1AC21FFF157E9B7B717675D9CAB28A6C10FC86EFB4535,PNG,120,120
vfs/s/0/iru_s.png,325,048593891B9D4DD49294298804FD904CCD79AA22E1FB75C76CD221F95DD97C66,PNG,22,22
vfs/s/0/laser.png,2388,6DB20381C5DC0DDB721A854F7D8BEF37594FED28C6EA28CA9E6D10F8AB6D211E,PNG,400,273
vfs/s/0/ram.png,3583,5BDF98866EF75245B6F0161861BF15D109D930E29A6E13D8B62E79F280C673EE,PNG,269,94
vfs/s/0/scroll.png,30709,D3E5470A0174595FE28E1806D0C739161A053167BA99AA88A13565BB4CDBC580,PNG,868,428
vfs/s/0/tre.png,4689,43189AA97B6ADDB438E0CBFA7A7BC1E6FF5FA450AAA592495A072ACB20C86851,PNG,783,261
vfs/s/1/1.png,7930,48D3DF217BB9C3A01A919E24D4BD3F8513C10C6EEAF6BFE70CBC40783BE0D3B7,PNG,799,239
vfs/s/1/d1.png,142904,BB2FD813EF4E299F669EED3586C66E807DCBBFB440A3BD84C3BA8F6EA52C7A2F,PNG,621,3149
vfs/s/2/2.png,56334,178D7A942508F62D981999D26FD2BD0B3A5E149F5C6CF26F801041FA1F0CE523,PNG,800,1120
vfs/s/2/d2.png,48301,5C2D16892A233AB4870F477F5766782F2706F6AAB051AC40AD94CAC841DB1DAA,PNG,621,629
vfs/s/2/ncs2.png,22326,6E9B8C7A5165002505560553F5F0B542DF4EEB9441A7AB905EB3EA6B3E768C75,PNG,800,400
vfs/s/3/3.png,21424,4BD22F6C42A8233BD353D4D250B5613D6E1B7F83B618AD65810091AD9BC7A622,PNG,320,880
vfs/s/3/d3.png,78814,2EE4B1038011696360B6AEAD781DAE4766717CB502FA96A6B2619BB1A9D7BECE,PNG,621,1007
vfs/s/3/k.png,2746,835A531C9046044872F80E20975CD02183DC2CB537D5C0BE0005A2F6E067583D,PNG,227,100
vfs/s/3/tre.png,71075,5F75348699A2F2C97642BE8EF75043DBB4BEBC58040D6451AD4327EC61C31CF7,PNG,787,1312
vfs/s/4/4.png,13192,3D407BC93E542D9C7F6510530C4A1008E5267C79D7EB30A2DA36CE7E5FEBD74F,PNG,400,400
vfs/s/4/circle.png,458,C70B6AF904299B65B0151405087099FCC06883A5912DEB92CB3330A2C4B80248,PNG,126,116
vfs/s/4/d4.png,66067,5B89F2CEE118CC12CC43082D94FD7F797457C2015AEC9316721C08B6DA2159CF,PNG,621,881
vfs/s/5/5p.png,1823,18655750FEAB1786B38C3EFD355590CF0C986C85D95A76C622A7837CC8493ADF,PNG,176,58
vfs/s/5/d5.png,70516,3ED24B2D65AB1AD08672A8E13FE6B1036DAFC98CB729EE7FE8071209E6F495CE,PNG,621,755
vfs/s/c.png,320,991F3163743F5C0FD8A3B283347431ECBC8A30EBB072833C723B59DB8021B60C,PNG,80,80
vfs/s/S/dS.png,30082,BAE06B542207BCF781C69AD55F0E580DE088E04090E4514AC54773D89E1FA5A8,PNG,621,377
vfs/s/S/S.png,3645,89F4A0AB2EF344023FA0BD6CE221A69B5277E6D5436769D5EED0818E300DCC82,PNG,799,79
vfs/sprite/combo_hits.png,2697,1D398C0AE0AE01495B7FF5FEC78B7978690CFE53B98D10913E1BCEC92426AD48,PNG,256,256
vfs/sprite/face/4t_kyubi_f.png,17660,67D5649BDA170F20D70BD5048606B7B1C97CC09BC626A80CF21BF0D8EC5349E1,PNG,145,223
vfs/sprite/face/anko_f.png,14748,E08DA354B86074336DA32AD6F1C1D187BC0C92FE5ECC6BDBE5C9323ADB8BBC1E,PNG,145,223
vfs/sprite/face/asuma_f.png,15563,DF17695362D2393D7B601C5EE7EA31D912D0CD5F8AD7CFE4114FF2C094F906A4,PNG,145,223
vfs/sprite/face/chiyo_f.png,16059,1EEFD41AAEE749C145DE05E3F6B3BB670C6E603780EF65DC583E3D3BD68BDB9D,PNG,145,223
vfs/sprite/face/danzo_f.png,16871,A302EB538C6BD559C5771CADEF9F8FC7C5E2425AF32A16DE5AA53316F853DF13,PNG,145,223
vfs/sprite/face/danzo_unleashed_f.png,16170,D12685E58ACB3EA9FFE286AC9BFFD318FF0805FCF18DF880BCC274FC64227F27,PNG,145,223
vfs/sprite/face/deidara_f.png,15515,A4BF94F325EE919359C5FBC04593595CD736A5610B665F4FA4560AF3C0FAE1AE,PNG,145,223
vfs/sprite/face/fourthraikage_f.png,15213,7F3A0FD8D906F960FF214F3183CAAE2961175A80ED022D6BC799F8B6A6B6DB24,PNG,145,223
vfs/sprite/face/gaara_f.png,15064,AE93BC3FBBAFADCE798AE2B6744D99B80B219BDF7460B4A03BCF4FA7BD57DA8C,PNG,145,223
vfs/sprite/face/guren_f.png,13719,6B0A1DCCB9096664BF4B75AE60B64596A2CE792AC93985EF0E4658D4DC73146F,PNG,145,223
vfs/sprite/face/guy_f.png,15775,87B9DFCA02E81F58817A0A413206E34BFDBC8744E20F5E5DE160A998948A919B,PNG,145,223
vfs/sprite/face/haku_f.png,15179,C82445712C8E999C2E1AC72B4796C7D7E23C94443ABA480E7E57E5ED9A01C5E1,PNG,145,223
vfs/sprite/face/han_f.png,15625,EBB3088C32E237EFE2CCB173B13A50CBD44BB8E6704B9DFFDBB47FDB515F6CB7,PNG,145,223
vfs/sprite/face/hashirama_f.png,15729,09DC0906AE42FA9D172DF75E7254DA34A144D2CEE2A20CA96058EE74F3B9698B,PNG,145,223
vfs/sprite/face/hashiramasm_f.png,13323,1503BFABEE7A92A8486DC3A97E0B2D80778E27DD1991341C880DFBAD5CC5CECF,PNG,145,223
vfs/sprite/face/hayate_f.png,14706,0D3774EC17FC246DB30620756B272FEA2C491DE86DCD10D58EA1E22B5F8C28B7,PNG,145,223
vfs/sprite/face/hidan_f.png,14367,BB68A27D23F01CEB866325003D9848507581A70DA355C3537EAE4BD262FA3135,PNG,145,223
vfs/sprite/face/hinata_f.png,15324,FFD0C6E8D4E0DA5A27D027338A9DF442646E34C7B4C4B2878B9089D39A300F4E,PNG,145,223
vfs/sprite/face/hiruko_f.png,12741,2884F6DB615E36BEABEE6F362874952E7DC0BA918F509A931C89CBE0148BE885,PNG,145,223
vfs/sprite/face/hiruzen_f.png,15319,2BBAD9F71AA0FB3C84A6BD24DC4AB8C9DB7EDE8AA28213BB0B6D237EAA73212A,PNG,145,223
vfs/sprite/face/huge_nin2_f.png,14319,B9E4D182D3ACE0DA0B516B4BD3C19E2F59ABB346CA9C2ADA4A21873C9A5C5E17,PNG,145,223
vfs/sprite/face/huge_nin3_f.png,13345,16CBBEB9750D0214044CC74F379DEE8124218875BEB4FD6049924C64D0B6C11A,PNG,145,223
vfs/sprite/face/huge_nin_f.png,13181,84228189F548B5B3DD6A83CE382E947C2663BA0DB160841D470B510DE4D4E3D4,PNG,145,223
vfs/sprite/face/hunter_f.png,12875,FA4A2539FD0E7E698B3B870180AF2DC0BEB3CF07BB9E489B50D6907F2703B6D9,PNG,145,223
vfs/sprite/face/itachi_f.png,15021,B1EC1B9D9F8BAD5BC27B48C7B8D795F8CE4E151EA483E75CE98641974041805D,PNG,145,223
vfs/sprite/face/jiraiya_f.png,16355,E4EF456C4018DA6BD9AF85035A7B7D7ED0E6CF3220C8D7789B55E4A4776DEC34,PNG,145,223
vfs/sprite/face/jiraiyasm_f.png,16247,2497E4F6758D149CF157F52606AB7F6D2DD3B634C38F7AD3CC3B7C00FBEC7AC6,PNG,145,223
vfs/sprite/face/jiroubou_cs2_f.png,16957,E354D29D3802490BC0DC2E1D8175382AD6DBD0CC1968567EAEC63C204EA53315,PNG,145,223
vfs/sprite/face/jiroubou_f.png,12758,66009C721B6A587CDAF99ACE4C80DF5610077760014BE367E453C8194EF6261C,PNG,145,223
vfs/sprite/face/jugo_cs2_f.png,12918,ADBBCC0FAFECD9EDEE7870A33BB4D14BAAC7EA1CF747C959782D8A2DC16A2B56,PNG,145,223
vfs/sprite/face/jugo_f.png,15405,983966C489EBF191B9FCDEDEC04D6AECC52FFA94C4C3484E53C5098DE568C2E1,PNG,145,223
vfs/sprite/face/kabuto_f.png,14938,2C0216153051F9D81FF9F938D5CA4819E7546E387E48672E9BF8803C0CDB108F,PNG,145,223
vfs/sprite/face/kakashi_f.png,13990,BB22346BFE7BC65694B0ABC96F6DA978FFFE0BEE586C83DE4CCB28D8B81E08F7,PNG,145,223
vfs/sprite/face/kakuzu_f.png,13636,3F2718525E9F00A039588C0AFB0CCA4D8D0425A7307EDE8CEFEFB42DFD43A97F,PNG,145,223
vfs/sprite/face/kankuro_f.png,15629,306ED2FD094139676342DEDEE8796B3487AD893A11782E63BE68AF57ED8BB1C9,PNG,145,223
vfs/sprite/face/karin_f.png,15711,CCDF47427A1C366D84E200EF89BBCEE38D2B788DA35D43E4C3FD598F69A9D879,PNG,145,223
vfs/sprite/face/kiba_f.png,14722,2336446B5091EE9440B1FDDEAA94CDC32A9611FFCD02C6F416F55E9838981C8B,PNG,145,223
vfs/sprite/face/kidomaru_cs2_f.png,16196,D946A7DB32ABC91690F1BB6327F2F81D5B922DEFA19A9A398073F8C61C767A34,PNG,145,223
vfs/sprite/face/kidomaru_f.png,17296,98C04D29938DFDB1EC5E693933DEB1941A7A11263710100CA98CF7B3FE7C7676,PNG,145,223
vfs/sprite/face/killerbee_f.png,16722,A8EAA374CD51C454A90D077BD74CF1849ACB534489019612FFD62B9D622D6C6F,PNG,145,223
vfs/sprite/face/kimimaro_cs2_f.png,14827,2C0960CA27FE586C903792716660EFCF0AD78F5D46C6515410B306E926474F5F,PNG,145,223
vfs/sprite/face/kimimaro_f.png,15722,1A8C32F1F122F286688EA310FD1D899F10F834BE53AFB8C424596E2BFF410610,PNG,145,223
vfs/sprite/face/kisame_f.png,16472,2447C9180EF1FA3D975BC73E7CC503AB2F120B2D0C0894424BBB8A3C705C8EE0,PNG,145,223
vfs/sprite/face/konan_f.png,12919,189E77C7AFDB9400C791C673DF9A8EFEB1592BE3B32E69E32EBE99CF95D3A0A5,PNG,145,223
vfs/sprite/face/kyubi_f.png,15686,747110C3C39021DABAF9C8F20CBAF7D179719309C0F32578038C7E8F3C72ECEE,PNG,145,223
vfs/sprite/face/lee_f.png,13765,000E21509640FE482EC6398CEFFDFB52BED18F2F79FA2B4C8391320218E2EB0F,PNG,145,223
vfs/sprite/face/minato_f.png,15650,C38824F224E2DA294706911EAFDF98CA79D27FFFB44C9D27986CE5EE761B2729,PNG,145,223
vfs/sprite/face/minatokcm_f.png,17315,4A247974EC6F913E4E69B989DEAC4519FF9C7FB02AEC21B69F0F29116AED5B7A,PNG,145,223
vfs/sprite/face/mizuki_cs2_f.png,14482,E5E5477454CEAC35BFEDC22D222FDC2C84C5141F795467D49CFC9C4D2C729AD6,PNG,145,223
vfs/sprite/face/mizuki_f.png,15253,8E913CE209AB57FDD0FC177AE94DC18FD51497FDB0AB93B2B300900400771939,PNG,145,223
vfs/sprite/face/msasuke1_f.png,12637,A8CBFC52B4D8B90168DAC4E3F9F05A7AFBD7712FBFEA0BD5B3BCB3AAEF5AD0F4,PNG,145,223
vfs/sprite/face/msasuke_f.png,14427,AA86DA03712CFCD7C21EE384D7CBE6B04EF7559EF64D6DECDD4E7344D388A2EF,PNG,145,223
vfs/sprite/face/naruto_f.png,14258,18C508FE1016F975253B5968B04BBBB68664FB58128CD937C2B158020B3DD9C4,PNG,145,223
vfs/sprite/face/ncdeidara_f.png,17631,B373AA4C4900D842471F60B987DF3AD7FC4235E976670A314C16BE4740AFCBFD,PNG,145,223
vfs/sprite/face/nckakuzu_f.png,15575,5CF880EDEB09F94F6333E38AA987CCF001004576F29DBBC9F2820503F5CDB59F,PNG,145,223
vfs/sprite/face/nckisame_f.png,16035,A441B61A595CB759EB04A1C55AFBF5F5050E2296BDA9DB16B1DF7492E41045C6,PNG,145,223
vfs/sprite/face/neji_f.png,15254,34F01CE6545541CB633CCCEC60A9E4788C897D5F378952499A55C64B169148C4,PNG,145,223
vfs/sprite/face/orochimaru_f.png,16439,CD2F3B69B01A26F17B4FAE71A96E032A7B493D85D024538530A3C0F8FDBB0AB5,PNG,145,223
vfs/sprite/face/pain_f.png,13544,47EB6BA3FA8C098657B8D9304822157297A36DB9F316D1F0E4DD32B22405D129,PNG,145,223
vfs/sprite/face/paint_f.png,12098,6958D8CED8FB8FF15867B8ABF6349D25C24D4C68513101DDAE0BC3AE96C30C03,PNG,145,223
vfs/sprite/face/pig_f.png,12597,690AECDC4DB69EC167957E31A8AA2C2D35097E07E43C2B6BC9A8BB6E5DAAFBAA,PNG,145,223
vfs/sprite/face/puppet_f.png,16060,98B7A970FCD3D2BEC1BDC247798BFA5D21B356AAF2FF24C229F6269B117AA37B,PNG,145,223
vfs/sprite/face/reaper_f.png,15042,B0E53F3441089D1C2BEC4E5691F9341AA2D478C3724044DF4284CD0EC8AD8AD6,PNG,145,223
vfs/sprite/face/sai_f.png,13513,56CCA9106923E6B48366FAC41E4561A561C2582EAEE4604254A3EFBC9D30CA5E,PNG,145,223
vfs/sprite/face/sakon_cs2_f.png,17086,24D8EE0E87B5F72BDD236510753D6EFF0BEA98B19737E69922129F0470CA06E6,PNG,145,223
vfs/sprite/face/sakon_f.png,14807,E941745C34F27B397FA540773BA61D47E2F45B974348443302E3B7E2EBC4BF9E,PNG,145,223
vfs/sprite/face/sakura_f.png,17222,02944681A630C2D359C0ED9F58199CE275F06E6B1A1E2814D3D49A36F6B6170F,PNG,145,223
vfs/sprite/face/sakuracr_f.png,17282,6E80396BD2C5DA0FBCC26A27E3A7DCC3AFA73F13DD3A3692FDBEFDEE5C966176,PNG,145,223
vfs/sprite/face/sakuran_f.png,17116,CCE63974F1E29097BA391D740B356D441803562D3091683D2E3F8460D9D5C13A,PNG,145,223
vfs/sprite/face/sand_f.png,15220,6070C69E386783FDD3F8C88F194FBD302F2CCD8BE6ACE131DA7AD5C8694EF612,PNG,145,223
vfs/sprite/face/sasori_f.png,16255,7E830510D3190069A48C77A6BAE819AD790734C6957B8430B1B6D28DCE5E9660,PNG,145,223
vfs/sprite/face/sasori_puppet_f.png,13402,FD5219008CC8745AA52E8A3DAFAA436235189EA66D6923056C6F418C6B5200AF,PNG,145,223
vfs/sprite/face/sasuke_cs2_f.png,17250,D879BAB432655421243E353EE0592350D85363961CCD536B93998C2A4D71CA31,PNG,145,223
vfs/sprite/face/sasuke_f.png,15702,610802674DAA9C4C5D66EA8A4D6B53DA7CCEA746FBDC41E355C370045A4554E9,PNG,145,223
vfs/sprite/face/sfkisame_f.png,18070,F1C8F6EAAB50BEB9C9C01BB4208E88195BB687814AC06747B230667B48CC501B,PNG,145,223
vfs/sprite/face/shikamaru_f.png,14596,A01661E73B3E8C956D9683873DFA970FE85DF8813ABE96A082D7BCDA51B04F5C,PNG,145,223
vfs/sprite/face/shino_f.png,15053,9D3065AC4E205AB2D57B256F47A7225F1D425EF6D9E6878AA227F5DB17F9AE59,PNG,145,223
vfs/sprite/face/shisui_f.png,13946,05C3DD1F05A2B9FF35D4AFB75DBF9F0C982BE01C539C4B7002EB0FE032B63C96,PNG,145,223
vfs/sprite/face/snaruto_f.png,14484,E01D65561DB8C0B5D8893FAB644AC07C9DA036DBB7C2280E679769898E961135,PNG,145,223
vfs/sprite/face/sound_nin2_f.png,14682,91D8D4802B819E9F5DCE72A6FA33E7FC9361C5F6C2921038C7E4421812CEB09B,PNG,145,223
vfs/sprite/face/sound_nin_f.png,13358,652506CA01A36D94C0BF02AE178F883F96B365F5C0CB10C2D7E80816F985161A,PNG,145,223
vfs/sprite/face/suigetsu_f.png,12901,50185B9522B7A83369609A5241F548303C2B963C98D2B0CABACD11783CD9580A,PNG,145,223
vfs/sprite/face/tayuya_cs2_f.png,15280,84B1932B60946B0F710386BE757018836392273155F13DA1F89CAA07179E89E3,PNG,145,223
vfs/sprite/face/tayuya_f.png,13768,7C0704B2A38B79D310FE2C775DC5A84191C67EBBA2E85A13E57EE7AC346DE9FE,PNG,145,223
vfs/sprite/face/temari_f.png,15667,66773AE50B23C2926E541599E79033BE427A146CBF5E945F0EEE3C453F2C2871,PNG,145,223
vfs/sprite/face/ten_ten_f.png,14436,A82F34AFD7F10C99715EF5AD01C7494D17C8DC982DA1EA4D9730EB73FA0AB3AD,PNG,145,223
vfs/sprite/face/teuchi_f.png,10431,F4495CA3D4D4D58B7AFABE1860F8819E192739452AB542618E7981194815B536,PNG,145,223
vfs/sprite/face/tobi_f.png,15479,574F5FFB3A2F44108846BCB37026B57B66B7034F2F09A0ADB1A39A2C20D08A12,PNG,145,223
vfs/sprite/face/tobirama_f.png,13801,9A5F91AE523E25673833858EC6BAE691E963D9C5468C653813CBA707A52E46AD,PNG,145,223
vfs/sprite/face/tsunade_f.png,14649,DB2EECF8228857297EA4FCB765F9EFB8BAE482C8EACF4766D9431AF771CF00D2,PNG,145,223
vfs/sprite/face/yagura_f.png,13548,9251FA0DD3949B23558D2D9BEDA5B4254816DEAAEDB8CCE50A46093FE602F0A6,PNG,145,223
vfs/sprite/face/yamato_f.png,14537,20ABE6702C5149F76F351444E8782CC3B3CFAA8D835E57D47435BABA44BB262D,PNG,145,223
vfs/sprite/face/yellow_tobi_f.png,11885,D1884B214CDB9F0B683D2173DB8E0C18AF402259F174A9B30BD1C8A4FECDBCA3,PNG,145,223
vfs/sprite/face/zabuza_f.png,16722,1B9A92B9EA6279D4192BB3D7FA1D078D3669C17FE051A395C1260830839359DF,PNG,145,223
vfs/sprite/frame/INKHUD/BARS.png,1543,1B9B6A5D29066B8793A313B15088DDF5A93FCD6FC94C69B50695FAEF55DD4C34,PNG,100,50
vfs/sprite/frame/INKHUD/FRAME.png,4966,9DF1FEE9114C71085F2922B417F09656B434E4C67C9AE9D11F808CA75B632996,PNG,175,73
vfs/sprite/frame/INKHUD/team0.png,800,614B60087D1FDA132C3D6E51222EB57A1ED9555EEDC311C623A01645780FC54F,PNG,54,37
vfs/sprite/frame/INKHUD/team1.png,796,DB5AC094CA07EF8AFFF788381BBBCF8A1DBBCAA40262192D47D073DD323BCFC2,PNG,54,37
vfs/sprite/frame/INKHUD/team2.png,792,FD60462CA91BA5906B7360FE27C8A6EE09DC1FE1DEB5DDD6F6752D5C2AD08BD0,PNG,54,37
vfs/sprite/frame/INKHUD/team3.png,801,C2623CED35B9B78960875495B88E61E1886B2E24DBFB8FD11667F30593D4B8E8,PNG,54,37
vfs/sprite/frame/INKHUD/team4.png,808,5DB057B070AD4D64C4E5173840B6F6BFE7A598B93DE9411AE204A8E08A5E48FE,PNG,54,37
vfs/sprite/frame/INKHUD2/BARS.png,1543,1B9B6A5D29066B8793A313B15088DDF5A93FCD6FC94C69B50695FAEF55DD4C34,PNG,100,50
vfs/sprite/frame/INKHUD2/FRAME.png,4517,095922904F25FF4A828CEC461D3BB42AF8AEC5B1C312699559381DA860398AB4,PNG,175,73
vfs/sprite/kill/c.png,854,2D0B189CCF2DD8D1BCDA14E3E104E0655A2A3F17C4F5711F8A6C7215E981B3C1,PNG,40,44
vfs/sprite/kill/sk1.png,537,570F877D12D532AAA45CE4BFE697ACF6D7F77C76476A54416197D64598C65974,PNG,40,45
vfs/sprite/kill/sk2.png,628,714D16C60B11D21FDF63A594DAE528BD3E406A1751BE07B01E4756F1DF2439F4,PNG,40,40
vfs/sprite/Loading/loading.png,67771,1BA1AE79F1DB40224BF34F64C96D574B3028264E39A28A4277F778AAC424EB2E,PNG,794,2309
vfs/sprite/Loading/menu_wait.png,181834,5ACEF59287785B1B734610ED1F95673DFC85BC722FF84D8328C68247009F6136,PNG,1350,748
vfs/sprite/menu/1.png,314477,5FCC6D088CA761B43C5C110DCE2BDEF85B66E1190151A554FE803C4889C689DC,PNG,1335,730
vfs/sprite/menu/2.png,223455,8AEC85307A1078E1E26438916639ADC92E1ABB1C1B4F7DE646F36AB4EB348114,PNG,1335,730
vfs/sprite/menu/3.png,463081,6495766FC20F7E7D240E37E53918496A6695326418873BA92F130255BC99C18A,PNG,1335,730
vfs/sprite/menu/4.png,399224,680FCA19F7E38A5744246DA77B20360285425AA9F6A0F378262A13F0A80DB215,PNG,1335,730
vfs/sprite/menu/5.png,468728,EF17793D01A452387F55FAF1847E0344A3759A56235F100658E8A10D54CD831F,PNG,1335,730
vfs/sprite/menu/6.png,441408,472DB021836833C616E11CC9176501CF0D71107F443D0E8E6923F35C9ABD392B,PNG,1335,730
vfs/sprite/menu/7.png,372713,EC2DB44239F77411A30CBE822FD5EF5300684DE9D1FAEFA41EACC3A995724EC9,PNG,1335,730
vfs/sprite/menu/8.png,445622,E4EAD2C9D772C6048B92948497BFD3C18876C3E965AAB2247AC36B139E7B058A,PNG,1335,730
vfs/sprite/minibar/st1/bars.png,1258,46436CEBBA4DC98D45904EC72264B7BEAA1CF06A8A468C75D49AA85CD2BBD8EA,PNG,674,148
vfs/sprite/minibar/st2/minibar.png,121,271FE73E10AA8F2D0DCEAFCF931C817E9F2CAF0F1CA9766435F898C728195435,PNG,77,20
vfs/sprite/minibar/st2/miniframe.png,121,9239DB2A7E53236941CF4FADA4DEF5B37D7275EF391B90E0692EB3B46DEE7DC0,PNG,81,8
vfs/sprite/minibar/stage/hearts.png,196,3B472749FC76BEDAE3FA99587C885B4D75D4C5F62BE81B15B0D349CF8D588936,PNG,107,50
vfs/sprite/radar/base2.png,128,2EC85DA3FFB58AD4A31F28AF60771D82F62B6BF509D402072C5E621EE8128363,PNG,180,75
vfs/sprite/radar/clone.png,82,652DFB93C66A2107F82BFF9DFB49413A6F27CE1774ECCB468DC494A026066D73,PNG,6,6
vfs/sprite/radar/dead.png,82,8B33C2C0394FE551F5FF09B1457239F145F3302B87A874ADE0982116D13A1FF5,PNG,6,6
vfs/sprite/radar/heal.png,82,F58418345FBF46AA1DE8E010B39D033C301F2AEC6E02DD89C1194EE0D72E7219,PNG,6,6
vfs/sprite/radar/hidden.png,82,B8B40DF7130D89D2F661CC6511ADEEB5F8521805FEA454092C063325430AB309,PNG,6,6
vfs/sprite/radar/team1.png,82,3C765868BFDB95FA1C4C7446AF3766205BAB7C0FE26038992075520B4DAF1B79,PNG,6,6
vfs/sprite/radar/team2.png,82,7C3EEDD3935DBDA62877CFCF2B3C0B000E9D6202B9E2AEFD45C6392C5FD8AD0C,PNG,6,6
vfs/sprite/radar/team3.png,82,6EED3A9D838038F992AFE57CE0AB980F38AF876D27A591797040DD02BBADB867,PNG,6,6
vfs/sprite/radar/team4.png,82,74A189CB1C20961E996732645BB51CCE5C64C0708AEB51185016512A1323D352,PNG,6,6
vfs/sprite/radar/team5.png,82,28412285834906B4148F13D1342A06C113465D8A8906696E6A5D76F9FF3A20EC,PNG,6,6
vfs/sprite/radar/type0.png,82,1F0B20A1C109718127889842C603A6BA7B9B5558A4FB8B8FFB97CBCE6FDE44E4,PNG,6,6
vfs/sprite/radar/type1.png,82,E9122DEBA35B0D6482FD3EAB08F4E4F6D1754F0BBD6DBB3314AA1166F61CA36A,PNG,6,6
vfs/sprite/radar/type2.png,82,8BD25D47E1A5047635E27C2FDF306B85BF9104DA2C43CEC9E36553EF54C352B5,PNG,6,6
vfs/sprite/radar/type3.png,82,0C630CBA2693DEFCB8051A10294ED2BEA43DA9483DFF22C3063841A1B17B70D3,PNG,6,6
vfs/sprite/radar/type5.png,82,D4C7CDB5A89AFD3FD09A17689306A8A2AE796EC2C385834D4B704BBF73A02D53,PNG,6,6
vfs/sprite/radar/type6.png,82,9FFA5CCF71B441A8221F564FA74DA4032EC50FD418960B43DC1D1A2A26562638,PNG,6,6
vfs/sprite/small/0_s.png,825,814E79B381362E6FC02BD0E21CDD662B07525A3BCB6A195B1F89557EAD0842C2,PNG,60,54
vfs/sprite/small/4t_kyubi_s.png,3604,A56F0B480812F0B22FDE14A39114CA7C62C13774DEE474E1BB71FB77F0F24B13,PNG,60,54
vfs/sprite/small/anko_s.png,3433,03BD098FC702BC838E8292F57CC9D98EB880F3047F9CA5DC7D1CEEE2A6CC7FC5,PNG,60,54
vfs/sprite/small/asuma_s.png,3380,77640D871A00F6011AEAB8927DD2F047ED27C9218B890A9DB5D04293429ECDE9,PNG,60,54
vfs/sprite/small/bee_s.png,3549,2CC16D066C53F9AB5AE0E163A9D4CAFA410B6429DB5D70A9A4EEEFE4DE4D50B9,PNG,60,54
vfs/sprite/small/chiyo_s.png,3460,D4468AEE07D1878A66BC823ADB0697FFE3ED7C9B20569CD20AF5207816D07A02,PNG,60,54
vfs/sprite/small/cs2_s.png,3451,04CABEB3079119E6C414F4E548ABA6EC34ADB4E10734332F031CD9F065FF6BB6,PNG,60,54
vfs/sprite/small/dan_s.png,3556,E7434B17A8EFB7F92F6E1A696B5F5B98678D6F83C0E0F96E32EB29BE7DA5DEF7,PNG,60,54
vfs/sprite/small/danr_s.png,3437,9CDA6171C2D9E29E1793F8A1B8A496128F95B1E78E82D9EBDE22D4E03C497549,PNG,60,54
vfs/sprite/small/deidara_s.png,3432,70FE328474DB7F1DC16D6D54A5BE8CDC105C0C102D9E832493A1D6D426FA58D2,PNG,60,54
vfs/sprite/small/deidaraUn_s.png,3514,A31DD2894039547E4537C4E69642524821F9D2761CE278228F1F6943B9EB46A2,PNG,60,54
vfs/sprite/small/gaara_s.png,3402,563015601617DFB080D33C548F2421F99FB4C32C4FD20BBE17D6E67DC6D0218B,PNG,60,54
vfs/sprite/small/guren_s.png,3321,3FC1A1B15E18A91D7046E6ADF7DA3CCA1019ECFB1A7F553CF990E3997D941CDD,PNG,60,54
vfs/sprite/small/guy_s.png,3410,D68A1D8274B72C73C46A8AFC7405868B625D534324000B8EA9996ADAC6D09D86,PNG,60,54
vfs/sprite/small/haku_s.png,3476,EF8AFC89D5E1FD38C5D9479BA9E4B9066A0F1169A41DDF9D27FF91CB45CFA498,PNG,60,54
vfs/sprite/small/han_s.png,3460,0C8F53D1276D7153F67954E45E325D434C2083D9898181359C5F31EB4950B25C,PNG,60,54
vfs/sprite/small/hashirama_s.png,3457,BBF213096B115AE259AA048C7F65521AA538908004BE70AEAD87741DD6A1F7BE,PNG,60,54
vfs/sprite/small/hashiramaSage_s.png,3226,78BD1732F06A77192E66AD18D81EB379CC56F7616F60DE114AC99E8D07F838D3,PNG,60,54
vfs/sprite/small/hay_s.png,3426,269FD22EC6BAB0B79E3CCDE284DF7B0D91716A3682759C5941E57A022BFC7389,PNG,60,54
vfs/sprite/small/hidan_s.png,3350,65E26542F3D9C9196B61F4840A64F7CFC198BF41516174CCAEE2D61A4F74C8F9,PNG,60,54
vfs/sprite/small/hinata_s.png,3407,52C3AA02B7FCCE53E11553F66F62B912A63ED5CB58DC523C262A25DA6681535B,PNG,60,54
vfs/sprite/small/hiruzen_s.png,3312,42E001D1904E5867BCF6FE6405EA0C16478A2F4BF0A327303877A06D91E004EC,PNG,60,54
vfs/sprite/small/Hsasori_s.png,3276,1449569D699ADB6B5A1A1F411FF6BD6086749CBB39BB23AC14FB2D5BD178C16B,PNG,60,54
vfs/sprite/small/huge_nin2_s.png,3372,80167DC464BDCDBAD3CBF8846591929A85C229AE48A09A38FBB647D2B3CD551C,PNG,60,54
vfs/sprite/small/huge_nin3_s.png,3290,9B93798DE80BE44A53382EE24252D00AE19C53D251CC8CE0EC5BBBE3D43FA54B,PNG,60,54
vfs/sprite/small/huge_nin_s.png,3292,1F8E16A2B5907889763EE612FDFCC6AACB1AD6D9E77318BD158C361A25B50688,PNG,60,54
vfs/sprite/small/hunter_s.png,3246,B28517687C1228F12060117B37371B67157A8E4F822B83CD2CB73CBF89DA7623,PNG,60,54
vfs/sprite/small/itachi_s.png,3389,C4E6BE3237833CEF465C50CAE8C1E968C8D431B53B71A328B46F1D06DAB999C7,PNG,60,54
vfs/sprite/small/jira_Sag_s.png,3507,F347B9D2C2CCD1AE39057AEEE1FD6DAEF275005FC7505FC074CF8B7BD980CEA9,PNG,60,54
vfs/sprite/small/jiraiya_s.png,3435,09EFE49DC5A9584C2510444A279EFE61C73A04E3EA8EA57C8E92BF5F1960A724,PNG,60,54
vfs/sprite/small/jiroubou1_s.png,3216,B768C9F1095D6BEDB763EF88DA272BA9E71977022A462098BA4DDB865AF5E860,PNG,60,54
vfs/sprite/small/jiroubou_s.png,3602,F6C2766CCAD68A011D99362D87E24F8F650388F8104C574A11F1B026F11561A3,PNG,60,54
vfs/sprite/small/jugo_s.png,3426,3E414B80C1194E3609486631D2C57D9894D41D75DFC7BB769C094A103A91FCA5,PNG,60,54
vfs/sprite/small/jugoCS2_s.png,3332,128AD9C11BE5E8ABB28FFC243C3573DAC6993EC984D01B4AFD13DF5FC49DB7B3,PNG,60,54
vfs/sprite/small/kabuto_s.png,3404,3F9C393658399117CE3845B181C00FA9C09901863BD03531E2B5FD5B7B61E8DA,PNG,60,54
vfs/sprite/small/kakashi_s.png,3194,F4D48C9795A3452056521A23B2332800F03BD3A2FEF13A0565AE63821837B92E,PNG,60,54
vfs/sprite/small/kakuzu_s.png,3224,1BD86090EABD4E0F90F76ACFB7AC78DD0E1F30E075DDD18510B5D1A35264BBE0,PNG,60,54
vfs/sprite/small/kakuzuUn_S.png,3368,2DB51EDB4DDF983BB12296A5CD45B2B640B8470BAA577F441FC64362D016A438,PNG,60,54
vfs/sprite/small/kankuro_s.png,3388,39752EFF248CF7658A6E3CCB92D5B583902F379B1BC69ABEA635516E1AC848CC,PNG,60,54
vfs/sprite/small/karin_s.png,3488,AE4AC623E208F04DB1AD4D64116F0FC7C83287E1D98F8650C905F8F038674F15,PNG,60,54
vfs/sprite/small/kiba_s.png,3211,606507B5755DDC33C5BAAEA32C867E484524E31AC2766AB67A1157318614C5A4,PNG,60,54
vfs/sprite/small/kidomaru1_s.png,3532,64E393B300173119E47973523098DA38BCA367FD26895DD951EB5D03B77388C2,PNG,60,54
vfs/sprite/small/kidomaru_s.png,3498,0063EE901126C6D6F01A3A0398E828DC0B144232EB725495DAE329AA7C7BA802,PNG,60,54
vfs/sprite/small/kimimaro_s.png,3570,3A2E51430B0A242CB17C5F4CE5DA9189C8FDFD66A91681E837DE0A8D7FAD4247,PNG,60,54
vfs/sprite/small/kimimarocs2_s.png,3412,6B4A7459B4950E0492E1B6956A88171A6FF369AAB4C516B20C02CEE6327412FD,PNG,60,54
vfs/sprite/small/kisame_s.png,3449,130C8ADEEEE1BFB99D2455FA6777212D37521C62EF3A69C038CE9B1A6CB54C8B,PNG,60,54
vfs/sprite/small/kisameSam_s.png,3554,52A75377F7543C4FE12C38F3ECBC3E3A4C6925FE1597053431433FA1AE12D57C,PNG,60,54
vfs/sprite/small/kisameUn_s.png,3540,CF30BB082B0B0F00ECC256C74152442ED608468098B4BC683104C8C03118DB10,PNG,60,54
vfs/sprite/small/konan_s.png,3135,B5BB02CA5608BF89F8F61FC7CEF49F75702241BAAC7A8B94AE7EFC4C16D437FF,PNG,60,54
vfs/sprite/small/kyubi_s.png,3409,4000E195FE56799933C89C28183BD13A07BE6319798FB5BBC9192FD0EA2788BB,PNG,60,54
vfs/sprite/small/minato_s.png,3603,02FBF9FE05301C4774680448AAD4C36B9E026AAC063C42D0E13EB55297E28EFA,PNG,60,54
vfs/sprite/small/minatoKCM_s.png,3523,4579AD75E6D2F845EB9C96CA54BA2820E3C174EC1C7D15685190923B2F16905F,PNG,60,54
vfs/sprite/small/minatoSage_s.png,3556,F76A179636B70CB675A089541FC54F5697602F4133186A62BAED585F6C2A20A9,PNG,60,54
vfs/sprite/small/miz_s.png,3402,B720843308B07AEE0B674D91B1C44393AC501357E8871C2F493AEAE20F420F3F,PNG,60,54
vfs/sprite/small/naruto_s.png,3287,C0402CB7F0D94C52D0D2905DA3E828D41A9A78F8E0D82C4993C8004F7D966C6F,PNG,60,54
vfs/sprite/small/narutosage_s.png,3251,065B180DAAC095AC40D51AEC33C7E308B2CCEFBDAE7D7F49636F778E7AD7E37A,PNG,60,54
vfs/sprite/small/ncs_s.png,3165,AFD89B6145618C41ED29DFAE2E54A5BF922AE9B1A027048BD60D13BD9628A037,PNG,60,54
vfs/sprite/small/neji_s.png,3437,EE1C5D4DC267B3FF9DCC5599BE4A17ADF3B68C27C8B5D1D59C68BD8681790AD2,PNG,60,54
vfs/sprite/small/orochimaru_s.png,3465,624AFF5924D536DEDFCD4CE05A5B5973EF39DCE86FD690CEA7218DB60075E7D2,PNG,60,54
vfs/sprite/small/pain_s.png,3273,61CFDC143B3D104FD6CDA846BF0A15BC33FD755D38C32FAE7159829BD3652A88,PNG,60,54
vfs/sprite/small/paint_s.png,3096,6D9BDB92537472F9FD965AFFE38161CB239A996E59ED78B43CF78735F092BCBE,PNG,60,54
vfs/sprite/small/pig_s.png,3288,182921E577028FB5DED646CFF082CCD38615427344D662AB787E0A55D7D2425B,PNG,60,54
vfs/sprite/small/puppet_s.png,3502,FCD2A82D904F366EA1EEE755A9F8EDA11B9F3C5856CB781336F659E91F5D5959,PNG,60,54
vfs/sprite/small/rai_s.png,3359,66BD40A058816FC6CF19F4E24A73B268C57F85C4E899D228CD7A6E791FA08BBC,PNG,60,54
vfs/sprite/small/random.png,2993,694062A18DB67C6B14A55973824FAA48AB911EB9F83F060E1B010F92F88C1417,PNG,60,54
vfs/sprite/small/reaper_s.png,3452,A636B5B16612953F35473DA72DB432715730874F95D1846A724247EBF120DF90,PNG,60,54
vfs/sprite/small/rock_lee_s.png,3282,25B6739005FD488731403E28EA5098CDB62C8597576D4D4A0B4962CAFF932D61,PNG,60,54
vfs/sprite/small/sai_s.png,3263,3AADAE8569770D4B1E0B46EE91AEA3F6D6B1ABD4D6B8AE7B4DD0221C19BD95A8,PNG,60,54
vfs/sprite/small/sakon1_s.png,3394,060633204322584403DFAA1C04149ABF1FC91F40B17E970F8007835C49667BC6,PNG,60,54
vfs/sprite/small/sakon_s.png,3575,527FB961E7887D2BEA50149334A0B96997E28BA2C6C3E8DE490E4B763814D17E,PNG,60,54
vfs/sprite/small/sakura_s.png,3552,0C12E6F77A48428F3F1F47DFD0736B4E166478E69EAEBDC7C2B52CE4166E995D,PNG,60,54
vfs/sprite/small/sakuraCR_s.png,3560,35ACE7FEB22CA41CD246B707933A0B59F2F196235235992039361F665BBEFA1F,PNG,60,54
vfs/sprite/small/sakuranothing_s.png,3551,8BA5E292973703FF08A5E4C0DDDB6339BE01DEB85B7FB42C7E2DE413D2987E21,PNG,60,54
vfs/sprite/small/sand_s.png,3460,AC24BCDA83C1130FAE4C8390C04CD32930B3624F51CE09D82A1D94B24A654A87,PNG,60,54
vfs/sprite/small/sasori_s.png,3407,9286BB18776069A368E26A350C589A00AC0AA39CA86FA7D1B94E4FD499C3AC95,PNG,60,54
vfs/sprite/small/sasuke_cs2_s.png,3581,AB80B467C2BF2D4DAC3F4920ACD09B6BA31BC86DFA9A8D324086D7C4A2D54B9D,PNG,60,54
vfs/sprite/small/sasuke_s.png,3305,62D63166F76F2F685FF9939630A37549B0D8E1B50084C2373CC1D37AD90F36F5,PNG,60,54
vfs/sprite/small/sasukeMS_s.png,3216,EE51FECC8384FBF6E4DFD365C925CEDB22E20F131BA3D72B03BFB536DF73A0CD,PNG,60,54
vfs/sprite/small/sasukeMSS_s.png,3443,8D2707CF64C60D097C76CB6931056F88FECE9031F61F4838D1E48A16F247A6AE,PNG,60,54
vfs/sprite/small/shikamaru_s.png,3243,B85A3A7E5C1D838CCACB938C449030B7211090C99F51B94883098FC1E57C4A8F,PNG,60,54
vfs/sprite/small/shino_s.png,3509,26501CD2512836FC25C91BDF918A493A481B6DA530BDF7CCFFD4E6839ADB2302,PNG,60,54
vfs/sprite/small/Shisui_s.png,3357,48CA7E8759AF56C98D840689FEE5AAC59671ABD20D9075B3BE351E50D0BE785D,PNG,60,54
vfs/sprite/small/sound_nin2_s.png,3388,68396DB42787B9D1A92A89A028FC2724AB29601492FDEDEBBFFDD7E1C1983343,PNG,60,54
vfs/sprite/small/sound_nin_s.png,3348,F73C006E9A8D3A576A3064C9DEF7256827CC6310393E6C96143964F283598F49,PNG,60,54
vfs/sprite/small/sui_s.png,3206,AD91BF2B511AEA54EC1E39771107C1DA9F780055713CDBBDE7F1F5CDDB45ED17,PNG,60,54
vfs/sprite/small/sukon1_s.png,3226,4C768ABD7CE85AB68AF9070DB1C234181579B92B031851EB087E6288A459DA4A,PNG,60,54
vfs/sprite/small/sukon_s.png,3437,84187057F1E43BC6A86A664CE0792423DA5392DEADF88CEA839BAB577FCB0BCA,PNG,60,54
vfs/sprite/small/tayuya1_s.png,3355,2452E746FC06F7218131297B21074CED883F605C64920E5D1325E7D4A19507FE,PNG,60,54
vfs/sprite/small/tayuya_s.png,3491,791C121B8A9ACC2F56922B317939FF1FA542DE69B625F2AC5059E008818F6A89,PNG,60,54
vfs/sprite/small/temari_s.png,3362,38E2B648866A6A4B4E00FC8D37C83228C5D929BC8BDEC0A57C57934FE1333F27,PNG,60,54
vfs/sprite/small/ten_ten_s.png,3365,FF54621BC4305909E30A3235EC7B841F8A9919EF172D5523FC72DBE31DA29822,PNG,60,54
vfs/sprite/small/ten_tensage_s.png,3453,AD7C6C3E5D4AFBE9F063CF047D795C80E2B889E6CF92674101450275ADAEA8D7,PNG,60,54
vfs/sprite/small/teuchi_s.png,2713,4556113C98A85A81FF55561CB818E3A38A691D0727068E439F2E9D91FF842887,PNG,60,54
vfs/sprite/small/tobi_s.png,3326,42DCE797A87617998FDCFDC92FD26C3C5DA1EAF5FA1308A49B64FFDB7A8181C1,PNG,60,54
vfs/sprite/small/tobirama_s.png,3335,87F74862689101B585FF1BB0883C3CAE2FD2737F957B2D2F1C1F20E9ABC010FE,PNG,60,54
vfs/sprite/small/tsunade_s.png,3445,F6FBC906657FD57A6C8571612C636E7494150625D3213C73C0BE64900C1D4AFB,PNG,60,54
vfs/sprite/small/ttobi_s.png,3090,46C595EC2A25A20A32DC26490B722C42F17F1A045190D45B314A1A2643985795,PNG,60,54
vfs/sprite/small/ukon1_s.png,3175,046781142248759651F8FA9DEE0B053169A727A03EAA657BB13D4EBC587739FE,PNG,60,54
vfs/sprite/small/ukon_s.png,3124,BF96B6B6D9FDA7F85515C2FD23F9627E1B26B448485E1B48EDA93A376F22C57E,PNG,60,54
vfs/sprite/small/yagura_s.png,3391,27B212DC088ABAA36D5A76A73E8E8AC3D77E23587B7D30D7BD595CB1794BCE30,PNG,60,54
vfs/sprite/small/yamato_s.png,3308,09E0B3C6DD08D48F6E54534991FFC2CCA0E0CA0C9842688F17A3852C4DB09CE3,PNG,60,54
vfs/sprite/small/zabuza_s.png,3543,64FBAB4A8EDFDC9F9362CF8855F362E165FD90FFDFBFA5F80C6EBA5C0A2B1656,PNG,60,54
vfs/sprite/small/zabuzademon_s.png,3618,BDCFB66F2635BE5EC26A8B22ED0D8A93FFC6F5E5F0DFB0CBC2B514857E7DF6B1,PNG,60,54
vfs/sprite/smallb/4t_kyubi_s.png,2435,F6A4410B6A084C087EE7DB1CD9BAE0ACB7126EDD119878693F2400281E57B4F1,PNG,40,55
vfs/sprite/smallb/anko_s.png,2340,4D76B729D05AAD51A82E90276712325EC8A1854030955A1BE598C4387C6E4364,PNG,40,55
vfs/sprite/smallb/asuma_s.png,2436,67AEC751590D0973026B6773ACE5591A43D8C18D1376AC545853F38B073A2DE3,PNG,40,55
vfs/sprite/smallb/bee_s.png,2418,EE07236F63C21538040F67E36393174D2BF9D4C685F1C0FC1A40BA9E918CF4DC,PNG,40,55
vfs/sprite/smallb/chiyo_s.png,2356,2AEBCCDBFB68AE0F4DEA1F03A3C735F2DC3778644634DA269437EBCE76714A10,PNG,40,55
vfs/sprite/smallb/cs2_s.png,2448,BC7C73F2589E6DB46951DCDAC2F03D2C1A38EB6E30E0024AECA5A0785967F137,PNG,40,51
vfs/sprite/smallb/dan_s.png,2362,F75F8AF6B5F1AA73E78C985882F56BC0CA35734C9898BB933FC49EFB9EA71487,PNG,40,55
vfs/sprite/smallb/danr_s.png,2455,809081442E6A6CE5983D0F71AF052263F9FE8E7D01134D4D14D9A611659C6AA3,PNG,40,55
vfs/sprite/smallb/deidara_s.png,2441,1594968EB99237CB9994E973FE2C622BB476EB518A720231419BE821359058D1,PNG,40,55
vfs/sprite/smallb/deidaraUn_s.png,2407,EF8C6E9C00E22FABB54A00F11548CAE7DEDEDB039A6560855945790EE30FCB90,PNG,40,55
vfs/sprite/smallb/gaara_s.png,2432,24715E2F3FEB445AEE389431B2DD9D45676F9566AAE525F1730026D56492AE5E,PNG,40,55
vfs/sprite/smallb/guren_s.png,2405,2D0CB7F8433BCBD404C5AA8BFF46B0A2F59B597647CD30AED4B5B5448843D4E9,PNG,40,55
vfs/sprite/smallb/guy_s.png,2411,A8EB13224DBC51B1F52CAA2A258A56FE829CEB71777DF9B2BB18D7C6C04A554C,PNG,40,55
vfs/sprite/smallb/haku_s.png,2431,DC83C05DEA3192399B96516326CAC0A99D6D3DC91CD9D2AA6DF55B6618C917BB,PNG,40,55
vfs/sprite/smallb/han_s.png,2419,AA37EA3BD28F1B4492CCAAF634299B7D7CACA0ACBD01FAE6D076D4BCEBA0115C,PNG,40,51
vfs/sprite/smallb/hashirama_s.png,2290,40F7F49C65583DF988FB6BBFF4A4B4C7B5AC5E92EB3696E752F07B6C5E0EE2A2,PNG,40,55
vfs/sprite/smallb/hashiramaSage_s.png,2288,E95135E1E6EDBE7BFBBCA4423FE6B9FB02B09C74DD038FDF697A12C538B0CCDB,PNG,40,55
vfs/sprite/smallb/hay_s.png,2253,6E47406EE5A15320070377EB0DB3A30032683491AF24676D2F0839B05BC5C8D2,PNG,40,55
vfs/sprite/smallb/hidan_s.png,2402,CDF0A435653481581A9439A9E42E583A00CEFAFB90E056F3B107E5F220CDC5B1,PNG,40,55
vfs/sprite/smallb/hinata_s.png,2269,AE8923D11BDAB4760EE088A0310E9D7AA74F882D1FFAAD2905F7810EC8BB1FDF,PNG,40,55
vfs/sprite/smallb/hiruzen_s.png,2410,47BB91BA4239142AF8C2FED1B6ABA1784307BFDF392906725D18D065EBB646F0,PNG,40,55
vfs/sprite/smallb/Hsasori_s.png,2057,2EE442DDE3C29D0610E27DC469303E58DFE4DD97F9861C295BD8964A87212541,PNG,40,55
vfs/sprite/smallb/huge_nin2_s.png,2422,67CBA4EEA6375BA81D20E88EC4C40B5550F7E091B20CB57167B842A625D4A0C4,PNG,40,55
vfs/sprite/smallb/huge_nin3_s.png,2434,EA010EC0FA1690D867C760C758F65C6EB371ED46687629176B14BF5FC4EA090A,PNG,40,55
vfs/sprite/smallb/huge_nin_s.png,2412,B3A3619FC58C35DDDEEAF30E002ED629A4AC2E15D80D51CAD99D27E2F782045F,PNG,40,55
vfs/sprite/smallb/hunter_s.png,2370,BC80DB4D521BA3AD8887E4489B483575E73C8DB6539274F9A097A938E346F191,PNG,40,55
vfs/sprite/smallb/itachi_s.png,2414,3F77DBFD4FE4E20FF8336BB21C4B57F6B8907B5FC7AE372428641B3F9890E649,PNG,40,55
vfs/sprite/smallb/jira_Sag_s.png,2379,BEFF16F9798A494497F909F7B5EB6568828CF0DC59C99012CFCB3E569FC7B9A7,PNG,40,55
vfs/sprite/smallb/jiraiya_s.png,2383,4932B2E6B3C57E5CF4EDA5B15346ECB4C93378C26F5215A481FC922E764E6A9F,PNG,40,55
vfs/sprite/smallb/jiroubou1_s.png,2440,F17619D32CEC2AF48F5056EAFA38F71BBFFA5E30815D4D9149CAEE33B135E13A,PNG,40,55
vfs/sprite/smallb/jiroubou_s.png,2297,B4CE7B3A2CAA2F0B7953A6C5985FB94ECA3508E273CFEA197B3586EDDF867CE8,PNG,40,55
vfs/sprite/smallb/jugo_s.png,2337,4086BEE758E4DB500F44AD207901DBBA300F7160CCA9909121F21573D77F2271,PNG,40,55
vfs/sprite/smallb/jugoCS2_s.png,2334,440BC3F22CAD9457A1BD801731D207C0E5D778563F6C8A9B7DE70BF882E2FD39,PNG,40,55
vfs/sprite/smallb/kabuto_s.png,2256,86A396D5178FB7E99EEC30FF83A1FB0193F529F54DBE060C8FA2E71FA362944F,PNG,40,55
vfs/sprite/smallb/kakashi_s.png,2197,2D038025FB97992C81F3DF20AE2D5359BDBD378B13BD14BF68F4CA4FBE1C5945,PNG,40,55
vfs/sprite/smallb/kakuzu_s.png,2276,995FA62B35DC7ADEEF2485088390077321E0E20B1BF7595159D3B2F41425CE0F,PNG,40,55
vfs/sprite/smallb/kakuzuUn_S.png,2281,9523A2EFBAEBD502F6947AEA2156AE5E3AFB667130F4DBF63DB2EFF10DD70534,PNG,40,55
vfs/sprite/smallb/kankuro_s.png,2407,7AAB4B3A9E7D3E028A0838F496CEE3C0175F18490B2287062B9358EB5121BDEA,PNG,40,55
vfs/sprite/smallb/karin_s.png,2449,78056BF6135313D4BBAD586F893E69E6FD7B7A85B5D1C8F64A1EF16281EF3397,PNG,40,55
vfs/sprite/smallb/kiba_s.png,2362,EFF8E36612354DB6E03662B7BD936FAA02C5D744016AEBC87F65968D03C936DB,PNG,40,51
vfs/sprite/smallb/kidomaru1_s.png,2464,BB04A22B08A44F76AA63FDAF2931160B6F22F5F264C9CC1431FD1CD2FCFD2D87,PNG,40,51
vfs/sprite/smallb/kidomaru_s.png,2438,34742CA8870D7F789DDD23E44472699F762068BEF8ACB9E572FEBA54A3AD3280,PNG,40,51
vfs/sprite/smallb/kimimaro_s.png,2381,40DBBA4553CE45C7D3E468E6A59575491E9E4037E147F54913D4184D64C2B0CF,PNG,40,51
vfs/sprite/smallb/kimimarocs2_s.png,2377,2742808084C59EBCE055C56132C8F76E4B6AC315EF09E533F2E2C032F3383B14,PNG,40,51
vfs/sprite/smallb/kisame_s.png,2425,75E4FEA2E09E570ECD207F7559B5D5219E9E1529CCCA2220A0C829C529B8DDDA,PNG,40,55
vfs/sprite/smallb/kisameSam_s.png,2393,A1E6A18110E7A460499DEEE17060C400DF90FB0C62FFCFE3B250128E6E433C30,PNG,40,51
vfs/sprite/smallb/kisameUn_s.png,2363,D5A5D3C3961320F2CF60F2DB09F28A1A7AEA50CCFA8BA72FB8386EE6EB1D82D0,PNG,40,55
vfs/sprite/smallb/konan_s.png,2365,DACC03BADD1E7F79B5F4B9A3E94C8D00336AC38000C73C3EE46F6CB39DDB0746,PNG,40,55
vfs/sprite/smallb/kyubi_s.png,2410,3C189690C199C4D8812D5E3A1507B93762BAF27823DDF5135C6A6C6F0501AAFB,PNG,40,55
vfs/sprite/smallb/minato_s.png,2404,0E22C8E4D134D851B7F04CEE7ED436F554D955B4DD808947FC468EAA112D46AA,PNG,40,51
vfs/sprite/smallb/minatoKCM_s.png,2412,31EB580043B2992C564E66E4CFECDE3AFE6A5CE7CF48D64829C23DE88F7F0D94,PNG,40,51
vfs/sprite/smallb/minatoSage_s.png,2372,0E587CC103D078C94A7A50C1CEC39C58E0DDEE112C5620C87856F66DC0BD4C94,PNG,40,51
vfs/sprite/smallb/miz_s.png,2425,C666050BE6937A2E635CEC8E553C59FDA66BA9A0E112AF28620971B2E85D2162,PNG,40,51
vfs/sprite/smallb/naruto_s.png,2328,9C12B2A2B38D2EFCDDF0986D5EE49F5B02DFC626BC0E9DD08A1C4801C270AD4A,PNG,40,51
vfs/sprite/smallb/narutosage_s.png,2416,8805A20D1581DFBFF8CC06F8952D65B83369E2C67330C1F9858628CB0D2C90C8,PNG,40,51
vfs/sprite/smallb/ncs_s.png,2057,A2A976F530C3B686972D495EDCD167354374E0DEF551B425B6B017BFEE901F4B,PNG,40,55
vfs/sprite/smallb/neji_s.png,2348,E3AEFA4C3E96EB634F15D20096A3455632B30905ED40BA901EF948FB8A00A708,PNG,40,51
vfs/sprite/smallb/orochimaru_s.png,2445,BE232E61C9809F953B0B78527CD7CA06CDB39EC1FA760BE9554D80A878F31527,PNG,40,51
vfs/sprite/smallb/pain_s.png,2393,2AE4C8E237DD55F7F7C6E937A74653432BBAA28A5F4ABC2D580C74BF5BA236CE,PNG,40,51
vfs/sprite/smallb/paint_s.png,2302,A867CA7D8D3D2DD970ABA16D81AF8A26FA996FB62071AFE2E20C7C5D8F1CCB32,PNG,40,55
vfs/sprite/smallb/pig_s.png,2290,E609AA73EBED355ABA6FFED6A24C6865139AE454C1B5238D3F46AC582AECFDDB,PNG,40,55
vfs/sprite/smallb/puppet_s.png,2410,680473EAEFBECD0B09F3C574EA8DFB50B0C1BF46EDEDBB1D89B202B9A0353D2E,PNG,40,55
vfs/sprite/smallb/rai_s.png,2473,A5C3311371CD311038663D815F6DE532D6773E48B24075E1D69DD162FCE58383,PNG,40,55
vfs/sprite/smallb/reaper_s.png,2468,9A5EA16B480D4A3251E9BAECBD547FE7B73EA3D4CCF40E585DC45A6BAAA1CC97,PNG,40,51
vfs/sprite/smallb/rock_lee_s.png,2249,7311D506464420BB3B8ACE212726299D93528AF59A030C1C04578261E51DBD0A,PNG,40,55
vfs/sprite/smallb/sai_s.png,2095,024FD2F1575F56FFC2AE6352DA759065112619CB2D337C4D94476E99E1B298BD,PNG,40,55
vfs/sprite/smallb/sakon1_s.png,2037,F7B07BE3F203E83A0E8C9AA6FB375EE0AD64C68833ABC4A9B9C6BEBFB546DEF1,PNG,40,55
vfs/sprite/smallb/sakon_s.png,2048,8E97F1A0963D0E00580E6F58022C5AB124B938F11AE706D08A6D0F7CD3F9AA0F,PNG,40,55
vfs/sprite/smallb/sakura_s.png,2431,62CB6B72D12876ED31F7F58C17000FDD4A571006C244835E67562E57CFEB0F00,PNG,40,51
vfs/sprite/smallb/sakuraCR_s.png,2410,99319487BFB6725884C2FA33A653358241C5DDEE15428452C6B78C7427B2FCB1,PNG,40,51
vfs/sprite/smallb/sakuranothing_s.png,2404,4ABEB4D624E296448FDB2B4B48D170B3F13BB15EAE5D1D047C9002ABC2052F4F,PNG,40,51
vfs/sprite/smallb/sand_s.png,2374,1CC75CAE14BECE1BDFAF065DB5EC078F1BDF9C85E27CE4BD6B39A4EDC8FAA916,PNG,40,51
vfs/sprite/smallb/sasori_s.png,2413,02511502CA7575151712FDFDF84D40F921BF093446CB757C2B9943F6BDD5B7A5,PNG,40,51
vfs/sprite/smallb/sasuke_cs2_s.png,2280,6848B23E40DFC904421794C6896C3B9DD08D5D949C17F9E03839863753538386,PNG,40,45
vfs/sprite/smallb/sasuke_s.png,2405,F1EEE484A142450AB520EB3ADF0755A95DF9C3F96F76A75DF3875C49D62BBB82,PNG,40,51
vfs/sprite/smallb/sasukeMS_s.png,2367,EEC39E55A245AF1FB5F9D0DFFFA555094F3B86BAC403E0AB4FFAD02FBB41AE9B,PNG,40,55
vfs/sprite/smallb/sasukeMSS_s.png,2369,45C52188293AE4A5FC57AE080644C681EE549D6935B079636FDF0A2F2F800DD8,PNG,40,51
vfs/sprite/smallb/shikamaru_s.png,2339,92570122F5008249EEC282194C2C43CA4F77657F8AF093B0C007828E35983CA1,PNG,40,55
vfs/sprite/smallb/shino_s.png,2313,E989F9C1CA62206E785E8B169E64185EC94C90D76D03199211014535625E17E5,PNG,40,55
vfs/sprite/smallb/Shisui_s.png,2381,0E8F8EBEFCB93AA0B600DBAAE22B20AC8DC499B5451CE0E2091B9B58D4C3ADEE,PNG,40,55
vfs/sprite/smallb/sound_nin2_s.png,2315,B7D82D96948839863EC701E8322B1289D64D4C662EA1E7E6AFB507B8F293AE22,PNG,40,55
vfs/sprite/smallb/sound_nin_s.png,2314,EB918CF7716C0148F15740C48076D9C5171E5BA16D356717F7E7D491172CC28B,PNG,40,55
vfs/sprite/smallb/spe_s.png,1892,3094C11E5DCCBCA06AFE2459AE8A14B7E945AD909C57BF164C1F704499E20114,PNG,40,55
vfs/sprite/smallb/sui_s.png,2310,8F441799E8915EAFD5365B6F777287FF46C5E128579CC7C31578B8348F881680,PNG,40,55
vfs/sprite/smallb/sukon1_s.png,1951,BCE9BA288CCDAA0FD51DEB9E8D086FF14EDC9961BDF9C0C5DDFF43CC34E4ADE6,PNG,40,55
vfs/sprite/smallb/sukon_s.png,2083,D30E60D2DB0D76BA6E60BCB9076416510625FDCF64F01360C2AFE670C1CAC4B4,PNG,40,55
vfs/sprite/smallb/tayuya1_s.png,2372,12EF0286C1FA89C546B16DBAD6E7EB4E690FDFA88582F8E130FFE9F23C04DAB6,PNG,40,51
vfs/sprite/smallb/tayuya_s.png,2418,2FB07BB56A7809F2980EE65BD0221D4C2D06F8641186373798A549F9BE37A193,PNG,40,55
vfs/sprite/smallb/temari_s.png,2347,188820C9B170C97E567A8B078F424E493BCDE5E1E5ACA1E9A7F6928E7A910310,PNG,40,55
vfs/sprite/smallb/ten_ten_s.png,2453,4CAF4B31F47F3C58456D2512F560214A6B9A06103B1C74759DBC75A52B7E827B,PNG,40,51
vfs/sprite/smallb/ten_tensage_s.png,2453,4CAF4B31F47F3C58456D2512F560214A6B9A06103B1C74759DBC75A52B7E827B,PNG,40,51
vfs/sprite/smallb/teuchi_s.png,2109,323B843A3BCEBC8B7541D807CDD488C3B0601B288489503A5D571E92B747D04E,PNG,40,55
vfs/sprite/smallb/tobi_s.png,2236,4E6C94B6B73044E3549E4CED01EFBE360079EA263FE9EBB3ED9D8173BC3BCD57,PNG,40,55
vfs/sprite/smallb/tobirama_s.png,2277,096F6124FC1EAE4669997711B500595859190BD1BBDEC0990675471A5DE68740,PNG,40,55
vfs/sprite/smallb/tsunade_s.png,2414,626DBA2CEAEDE8EA74A0ADB1F7F5CE1E5B4A14D1D90DF560117BA6EDB4752387,PNG,40,55
vfs/sprite/smallb/ttobi_s.png,2292,B2A684239DEA14D0495786CAE58A5A564013BBEDC257F67D5F9FA187FC4E3323,PNG,40,55
vfs/sprite/smallb/ukon1_s.png,2208,9F8BFB17C15BB27BBEDA30FA411A7AEB31AE767D2E734F3C8733F44215740C78,PNG,40,55
vfs/sprite/smallb/ukon_s.png,2249,E1DDBCDDBB6F76B85BBB57545775CBA65365D803CF08BEF64ADB43B9D9F4EAD8,PNG,40,55
vfs/sprite/smallb/yagura_s.png,2381,E36DE3E028AE6289856A53A78C2412CE3EE2E39753483E36CF5A1783CD111BCA,PNG,40,51
vfs/sprite/smallb/yamato_s.png,2377,B25A5D9C9D590CE88F8F0C74960BCC5297B010BC2C9E2B22F7D03CBE122C5524,PNG,40,55
vfs/sprite/smallb/zabuza_s.png,2432,5B2894CB97032C36FABF635746A3BF6DE22BB20E57FE6027151957FF5ABD8D1C,PNG,40,51
vfs/sprite/smallb/zabuzademon_s.png,2444,814F4610C8F3BE20F33CFABD552B60FE130AE9C15517DBCFA743C79791A930AE,PNG,40,51
vfs/sprite/UI/BATTLEMODE.png,363452,E2CF2161C0FFA88B6E88735EDC5501FEFDEF4A5C83B35FEE318208F86848514B,PNG,1335,730
vfs/sprite/UI/BATTLETROOPS.png,17835,8564C2DC5BBEEFCA68F6DC5124C835FB8A6BA0E14C3BE5EDD1D04C94915D3F3B,PNG,270,430
vfs/sprite/UI/BG_FRAME.png,9598,B0C8154741892C3CEBB6BE62D6F6FA8DD8C5569697DA56D46DD4F1B97F348964,PNG,260,144
vfs/sprite/UI/BG_RANDOM.png,15843,3D3D6E64427F6F23A21411B6E1AD943D246D954EF96DFD1A9DD2654A53042F38,PNG,246,127
vfs/sprite/UI/BGBOX.png,135959,54EE67B2422CE1E6BBCFF6C2602906DF33EF9224B4217FCEC0B3FC16BC279CE9,PNG,1325,720
vfs/sprite/UI/CHARMENU.png,328862,16234C9D22A1A7107AE14D4779B8577D232539A71A28057E9917D420ADBE501A,PNG,1335,730
vfs/sprite/UI/CM1.png,3420,062259DFFEB0432D546D9DECA22C307AF706989028750C04662AC46FDD2818F2,PNG,120,130
vfs/sprite/UI/CM2.png,4195,C0964B387DAFE96ACF570533255F7AF60EFC271F589E532FBA8B6210BB997E53,PNG,120,130
vfs/sprite/UI/CM3.png,4083,0B25E278127FB02B0DEDBAAA1A0CB74EB0894B8E9BB64C1FC2B7AECADB82B646,PNG,120,130
vfs/sprite/UI/CM4.png,4457,6E860B5E3C8EA91825EA41AA04C7EB88D5D2F24BDF4C91A894706AC7BE6117C6,PNG,120,130
vfs/sprite/UI/CM5.png,4263,8944652307280C928080283C6FC83E1A5DEF1FDF1F0421A45F63BF2445A4D85C,PNG,120,130
vfs/sprite/UI/CMA.png,1593,526B6DA1E88F769ACBE1713B68D242ECDAC3EA1387E344947444411A0292AC91,PNG,130,120
vfs/sprite/UI/CMA2.png,1593,526B6DA1E88F769ACBE1713B68D242ECDAC3EA1387E344947444411A0292AC91,PNG,130,120
vfs/sprite/UI/CMC.png,17389,523D4A6ED57E6908F367928D186997746878BDBC2332FE8340E35CA2E567FEB8,PNG,365,103
vfs/sprite/UI/CMC2.png,24194,C63C4FE0D960275BC2D4B004913E3743A7287A77C61B18C33DEC69DDBCE37CC0,PNG,365,155
vfs/sprite/UI/CS2.png,5422,94EB85035799D0F15E75CAAAD4429C1AE6C712C2FA43211BC1E8791C5DCF5513,PNG,106,91
vfs/sprite/UI/CS3.png,5422,E07B708560B73EE3CF608AFCE670D0E3612A37903052CC1A3DB1BBA6DABA8324,PNG,106,91
vfs/sprite/UI/CS4.png,5458,2F4F1D74899E1F6C8AB76BDA9E8FF8251C88F0CF6FDEF8BBA37F16A18E44738D,PNG,106,91
vfs/sprite/UI/CS5.png,5479,FE93D69FAE8BB2D1BA9728562EC429866F1AD1D8F5E39252539BB968B081A4A1,PNG,106,91
vfs/sprite/UI/CS6.png,2468,DAA19FFCC1834F3785142F51C5D0628750D36BE3F51AB58420FBA5432BFA2867,PNG,106,91
vfs/sprite/UI/DEMO.png,3408,378DBFEA7CA841C5D7D227C78FE7DB7AD91AF53CF449D64A96D33C0725A3D699,PNG,128,54
vfs/sprite/UI/ENDING.png,12120,94514BAD5B35F5094C83B4B8751BA444E862A546B83E86E2AA62503F4D6C1547,PNG,419,552
vfs/sprite/UI/extra/BG1o1.png,332783,1497937F9E44D77E9BAD023AD9E6078163862730114E7507A700156EE88C7ABA,PNG,1335,730
vfs/sprite/UI/extra/BG2o2.png,384971,EAB9F5E8B7D2BF9D8C054348D12AFABB2AD7238CAB851AA9EF54198DC5CFBDEF,PNG,1335,730
vfs/sprite/UI/extra/branch.png,17875,2A5F95E0914DF0B84ECE474D213DE09D7CE52F6AA4140C498BFC841602FD7E88,PNG,536,332
vfs/sprite/UI/extra/branch2.png,20769,B10B434169ADFC9BDE1959E1D5E7321CA018861CC9F7B64CBCCE6D874D2EDC68,PNG,536,332
vfs/sprite/UI/extra/human.png,1321,87FC3B2C6C0FEE16024444213617ABEB1625D6D611CEFCB0EADFFBAB66297FD9,PNG,65,25
vfs/sprite/UI/extra/player.png,1552,EDB990C5175CCECC3CAA922E0CC7BE6E88B368C751520A4EB556E471F1A62E0A,PNG,80,34
vfs/sprite/UI/extra/recording_background.png,2571,AB412997F6E5F03FE0455D821E3C25323568A559749C497C5B9143D85D603685,PNG,424,21
vfs/sprite/UI/information.png,2129,4513B869B37ABC1CB28D5874CF440A646BE0BFB11FE882286AA1414FB9AF1B14,PNG,150,97
vfs/sprite/UI/LF2_CURSOR.png,947,9E819C8D1EA55CD879578BC5BBD52284C3FA9988A6BCB09ECED83CBEF882EFBD,PNG,16,31
vfs/sprite/UI/LOSE_ALIVE.png,142,72B046314B562DF2B78D1C8230F438D8689EA5E801849685821B5DBD85A462A2,PNG,53,11
vfs/sprite/UI/LOSE_DEAD.png,141,0706B9CC5947C5FA07DD3CB04FD1816996EAF2C1512ADCE23DB4DBB869BB7BA1,PNG,53,11
vfs/sprite/UI/menu1/base.png,18707,11291319739AFDCB95F6F5B73D95796A722A0A05711EA0338195769A1ECDDEE7,PNG,283,182
vfs/sprite/UI/menu1/m1.png,894,1FFF58B4CFCBC3EC2EBDE726FF67CD02E4D1A7E4173B9169D8FA9ABE7B1570C1,PNG,72,25
vfs/sprite/UI/menu1/m2.png,1501,911E755ADEB3A3F276896D7C61083E1CC489FE298F9CC9DAFFA457372EEACC9E,PNG,139,26
vfs/sprite/UI/menu1/m3.png,1763,30F613E71A10BA3B2AEBC2CDDF81AF56643986C58415690790C31459145223BA,PNG,191,23
vfs/sprite/UI/menu1/m4.png,1666,3BDDA33B8B93EAE4453AD0D0F2C582A4962A0B8604642386F2A53B184A321FFE,PNG,172,23
vfs/sprite/UI/menu1/m5.png,2018,4BEA5751A679735157947CA61CF17AE33D998618A86F5937D1BA3B36C7DBCBF0,PNG,196,26
vfs/sprite/UI/menu2/m1.png,52455,FC809C93E463066047D6BDDFC5352C3E9197940057CD3E77F62A271113DCCBAD,PNG,1335,730
vfs/sprite/UI/menu2/m2.png,55097,6A51D6F7D98631F74028D4C0A14F44E0483580DEC62EC7FB124AD4FA1E1051D4,PNG,1335,730
vfs/sprite/UI/menu2/m3.png,55243,78D91AE3C41EAE3A2173ED0B1B497F70BAE2E02D3955256A53E683FC9F0C39D3,PNG,1335,730
vfs/sprite/UI/menu2/m4.png,58935,8FAF095A158BC546A18AA04AFE6DD6582D0ECFEA8CC283A0BF687706B93DA4B3,PNG,1335,730
vfs/sprite/UI/menu2/m5.png,55529,3F08CCE9CD1355919C1215C83B73E1D4A63A34877D61696CA18C784AD5CBD351,PNG,1335,730
vfs/sprite/UI/menu2/m6.png,54694,11CA6C0247BA4FB56559E913A95069B372BD794D4F32400628EAFBA31613DEE5,PNG,1335,730
vfs/sprite/UI/menu2/m7.png,57250,11E8C2E19D3AAA198034F81D78AD3E9FE5955A7905E07E94D0D0C56C5D3383F5,PNG,1335,730
vfs/sprite/UI/menu2/m8.png,51093,170E71B8F120700387959CA416FC854C0AB355604C00131F0D9C44D109AA1FA5,PNG,1335,730
vfs/sprite/UI/MENU_CLIP.png,59067,C43BCAD0AA06F7586ADE9D28D4C8E0F5EB2DA80C65F271604C5CCDFBB8DDBF5E,PNG,794,500
vfs/sprite/UI/MENU_CLIP2.png,32953,887CDF6B21D6E48CBE3F3BD7D4C02CE73C91CEB1481E4B8FED07AAC532452A32,PNG,704,359
vfs/sprite/UI/menu_clip2b.png,24608,957EFDC59190A86BA4863DF57D2F3B523EE88CF10163F3B1D4337B68B6A70565,PNG,704,359
vfs/sprite/UI/MENU_CLIP3.png,48841,45964A54B58C3C29E0128ED74B945B9B31D0B938079A7F87329BFBD5829E832B,PNG,794,600
vfs/sprite/UI/MENU_CLIP4.png,30149,6555290053BFE67EDA0EAD5968E83C9F5DABDE9E7F9B059E3ADC95CC310B3025,PNG,794,600
vfs/sprite/UI/MENU_CLIP5.png,38152,CA6EE1E94A4E93FF1C9535ED5795C219240F61D1328755F63D1D0C23DA138895,PNG,531,383
vfs/sprite/UI/MENU_CLIP6.png,24138,60ED17A3A2876D4C2B5DB5D811E49F64760BBA0D7FEB58AAFC1BA980147C5AE1,PNG,794,264
vfs/sprite/UI/menu_small/base.png,30929,AE866EE713B872B271FBF66963E2587851FD00AD482EB22BBBB380E8035EE384,PNG,400,230
vfs/sprite/UI/menu_small/base2.png,31837,B28A7BB246D3ECEAB82CFE863B6B0068AFE8D2775DAAD1EE4CDC08F37871CE2B,PNG,400,230
vfs/sprite/UI/menu_small/base2b.png,32465,87F64708F082B6B3B913B130A91C8CF09900A7A0119974ECEB5C9AC8A43EA18C,PNG,400,230
vfs/sprite/UI/menu_small/m1.png,1691,DCC9EBD180489D631C322B33679767DB5B27025032143FE4236297E04BFCE714,PNG,254,45
vfs/sprite/UI/menu_small/m2.png,2297,809A25F87F4B799F6C2037F89DC23BCC27C8720E3772281929E46B0EF7E846EC,PNG,254,45
vfs/sprite/UI/menu_small/m3.png,2750,E2C09ECA52BA4DA585EBEB779DCC8A58D01648488D1517E1EC540E0139DCA9EB,PNG,254,45
vfs/sprite/UI/menu_small/m3b.png,1167,655E2985B2C6CE90456B19FA86008CD8485B81A122CD532233261A83B9C1A8FA,PNG,28,17
vfs/sprite/UI/menu_small/m4.png,3015,B81181CEB528AD6D0B1364A479B5B4AD3FC1CA372AB6749B6BA3D44E91134239,PNG,325,28
vfs/sprite/UI/menu_small/m4b.png,1917,A38631D1394AF8133769667F68F0859E91940761D105CBB6233994368D985F13,PNG,324,28
vfs/sprite/UI/menu_small/m5.png,2576,97CF45624AEA7AC1C293220483869A5AB42367B5D6943DD4636EE4D276DFD13E,PNG,146,28
vfs/sprite/UI/menu_small/m6.png,2402,E670949E8BAF666CC47A90C3951B6FCF4A6782480F18F5D44741C86A1FA78719,PNG,226,29
vfs/sprite/UI/menu_small/m7.png,2219,FC241AD3DBBB0EB6D546422E657D6A1CDA4CAF6591E290A53BE47B2815C9F936,PNG,254,45
vfs/sprite/UI/menu_small/m8.png,1429,B9702A9C02CF8422BAD39594F2EEBD9019BAAFCB1E255341648DE95431511A81,PNG,254,45
vfs/sprite/UI/PAUSE.png,1570,5ED9DD9B93613FC051CCEA7E8ADF653A0CE9E0767B93530DF8EC297E7E656755,PNG,99,32
vfs/sprite/UI/RFACE.png,10447,4938903E57089D109B3C021E4BCF83BE7838B938C3BC429DC943795754F68132,PNG,145,223
vfs/sprite/UI/SCORE_BOARD1.png,3440,3D32768320389C30670BE2DC138CF78225403437078E07296428B15394F8B2EA,PNG,490,61
vfs/sprite/UI/SCORE_BOARD2.png,778,A6BEB5872D2C37A19C7A8DD7131CE9150C1B094E576689E1CCF3553FCC609BE5,PNG,490,56
vfs/sprite/UI/SCORE_BOARD3.png,1885,7DA0067B92319B1426AD438ED0C82A704665D3312D03CE152847AC1182FF0DC1,PNG,490,32
vfs/sprite/UI/SCORE_BOARD4.png,4999,555C8C1C6E6104F5FB56EAAFB8A6B4721747F08A697CC13E13ECEDDFE090BF03,PNG,490,45
vfs/sprite/UI/SLOGAN.png,13485,CF07813678AF10F2E463BFAACD20AA20D363DA87FE5303C90EADD07CBC977F2B,PNG,597,265
vfs/sprite/UI/SPARK.png,3600,15D8843E0CE87FF63F46DFF7170D30C23BAEA0F2799434B26717AADFD5EC881B,PNG,500,320
vfs/sprite/UI/TF0.png,1649,E4911C1F1D236339C80675F9DF3FC181F51A388236A142D71B6B59C4173EEAF7,PNG,77,30
vfs/sprite/UI/TF1.png,1658,49DE385835E61F4E3966F13222D2E41997DA06E3EB8FD73379AC52738AF85E11,PNG,77,30
vfs/sprite/UI/TF2.png,1659,83E61B4CAB0B5E290F98BAD41481F3D39DF46556EAD101522C29300BA4213821,PNG,77,30
vfs/sprite/UI/TF3.png,1661,74038BAFC81795CF8D96F836A1E050B2EC92C11D15902BFCF1AA283C71407E1F,PNG,77,30
vfs/sprite/UI/TF4.png,1661,EC8A07F6C03388AC8A9F84CC49CE455A3395EEB7E6FD97BD29F1F57EC03F5428,PNG,77,30
vfs/sprite/UI/WIN_ALIVE.png,139,CC736D4BE525FB8AFDA9FA52511782CD63A75B3BD3CA6103D47AFCA1B7AC221F,PNG,53,11
vfs/sprite/UI/WIN_DEAD.png,139,2DFD930AE05F758C1B05882D6D4E9B6C7C5EA1C4BAAB90E50B10D3CCE43B20DB,PNG,53,11
vfs/sprite/UI/WORDS0.png,8505,CE459CEC36289543D4A4D344B133E35E9D9A5BCD5DDE0B07AFE9E1C99AF463E5,PNG,251,257
vfs/sprite/UI/WORDS1.png,8902,E959F2C6A992ED75DA9AFB335F379D35ECAB686D1E9F4B3B60E240D084B265DC,PNG,251,257
vfs/sprite/UI/WORDS2.png,8733,B75FDC4B8413A1427BEB7482DF10621F91B9B5BCC91589CA6CC1E7AACB673E0A,PNG,251,257
vfs/sprite/UI/WORDS3.png,8769,0A1BE25062D8043C9614BF0180FB13F7068B3BA62B77B6533AA873EA6826451A,PNG,251,257
vfs/sprite/UI/WORDS4.png,8769,20879D07EE7DEFFBD1EFF3592E1FE24595B0D2E600EE4755F1704616311FBAA6,PNG,251,257
vfs/sprite/UI/WORDS5.png,8418,6F704853CC86D70349C724411E74C89B93EF6BCD8DD637BA321FA1B4ECC73F90,PNG,251,257
vfs/w/1.png,4560,37BB291F216003F55CEF41EE731D03859C512840F0AA34B2F959DAD09B63795D,PNG,353,58
vfs/w/2.png,3726,599B0A8389EF5766D2C5F86D44BABC656E09A2B09A4D7C4BC99DCB34B8B1CD68,PNG,490,198
vfs/w/4.png,2744,1657FF0084079D1565CD1D303931A5D6F0B68EB51C03CFBA47EB83AE3D847205,PNG,490,198
vfs/w/5.png,1683,8F8CE022421865DD6998D6580C69629AE25E3C32CF9AD0335912535DB3819C20,PNG,490,198
vfs/w/6.png,2107,78EF3A533A566AF89CE2D61E529A36D216D5C17FBC5DC4B74DA19053F93FCECF,PNG,490,198
vfs/w/9.png,2961,E938D395127687F7EAECF535D9A763624B8EDFBE0A91EB50FF74FD005A6A72C8,PNG,490,198
vfs/w/b.png,160,96AC80F55B8D6C3306F92A2322ECF535EDC2A6D7FB6C8A8451843203EC4E6C8A,PNG,60,10
vfs/w/e.png,2405,4BC64B577309546350A0BE6F82A7E8EE5091A0A04953D8DD4B9C945BCBBEC823,PNG,328,249
vfs/w/h.png,997,9F752140F8425C4557183194AACDA3589AC7C2408843BEBD97E7F6BC4D33D47F,PNG,455,61
vfs/w/h2.png,1351,A74D131AC16DAE6095723F8FFFC5827B72664AB17BFF495A5D21F5FD9A9641FF,PNG,455,61
vfs/w/l.png,1564,ACAC8DAE8BC6901BE01FFB6EA82276C05BAF8B2568C62CE743143993AA24F8EB,PNG,455,60
vfs/w/n.png,1112,1300757119BABF031F35D72376BA55BF95F223E78FCE392043CE1176DFFA63C4,PNG,489,197
vfs/w/scr.png,3737,39D1E717A81F73CECEA2B53D39644D51B332D075E5FB0C5F2184E9DF1C396625,PNG,490,198
vfs/w/t.png,981,78F11FA3204ACEE17D71FF334C420C8CB0945381FBC578662592E331F97CDD48,PNG,455,61
vfs/w/x.png,1847,DEDFF359AEFA4FEE2E382C828A86A6E75D590A45CFEB00578445E5BEC86E74F0,PNG,490,198
