path,kind,guid,hash,status,guidReferrers,guidReferenceCount,sameGuidCandidateAssets,deleteAuthorized,objectOwners
Assets/NTSD/Config/Character/chiyo.dat,DAT,401d828b7aeb7574084644b5348e4884,9086D0E7CBC97C0B551A95B513935855E9FE755649A06974BDB024DEC3DCB638,MIGRATION_REVIEW_NO_DELETE_AUTHORIZATION,[],0,"[""Assets/NTSD/Config/Character/chiyo.dat""]",False,
Assets/NTSD/Config/Character/deidara.dat,DAT,30c362c4199f60f408828d6082602936,3880AF64D9E353C2E9703056D0839410780C39257773310597BBE0FA83F084F2,MIGRATION_REVIEW_NO_DELETE_AUTHORIZATION,[],0,"[""Assets/NTSD/Config/Character/deidara.dat""]",False,
Assets/NTSD/Config/Character/deidara_bird.dat,DAT,4cb13c4defdae734daa9873738ce8457,01A011168AD8A29F73488BAC395351E515C14424C3CDB6B57CB615A6B65ED61F,MIGRATION_REVIEW_NO_DELETE_AUTHORIZATION,[],0,"[""Assets/NTSD/Config/Character/deidara_bird.dat""]",False,
Assets/NTSD/Config/Character/gaara.dat,DAT,344919bb75b2b1b42b2bd0751658eab5,A7FCEE0399BFBFF15B05F14994CA14FD17D30F4ADABA23DAEA27551313A5EE5B,MIGRATION_REVIEW_NO_DELETE_AUTHORIZATION,[],0,"[""Assets/NTSD/Config/Character/gaara.dat""]",False,
Assets/NTSD/Config/Character/hidan.dat,DAT,c6c02d00baf48174b9b3f6c7a7717a55,8B5F99AADDF06CE38CA6034ADA29A7BA0559518E213383645C0494011946E837,MIGRATION_REVIEW_NO_DELETE_AUTHORIZATION,[],0,"[""Assets/NTSD/Config/Character/hidan.dat""]",False,
Assets/NTSD/Config/Character/Hsasori.dat,DAT,f0b843c68a4df7b4f9e3aec9f8d3627f,67AF8FF8920DC7994DC233180C1386A80FC0E894712821E984D620FA913A3842,MIGRATION_REVIEW_NO_DELETE_AUTHORIZATION,[],0,"[""Assets/NTSD/Config/Character/Hsasori.dat""]",False,
Assets/NTSD/Config/Character/hunter.dat,DAT,772d13ba15ef8ef48a7920eef1fea9a7,25158BE198BFBCDA243F2193301052C98C210E4B4B22627E95157A4871A1448A,MIGRATION_REVIEW_NO_DELETE_AUTHORIZATION,[],0,"[""Assets/NTSD/Config/Character/hunter.dat""]",False,
Assets/NTSD/Config/Character/itachi.dat,DAT,c1d781b2b3032fa4fa3d13c28a9f9c7e,6AD5A8E48190AAC4645038C9A8D0936DF9EA0EE1087744FE510C3A30BA940535,MIGRATION_REVIEW_NO_DELETE_AUTHORIZATION,[],0,"[""Assets/NTSD/Config/Character/itachi.dat""]",False,
Assets/NTSD/Config/Character/jiraiya.dat,DAT,82e86ed00942b6449ac53cfcd3a9ed04,D8891CE60D3BA5F3F133625F49DA34FF9CCAFA0FE239028544245EF98AD03A46,MIGRATION_REVIEW_NO_DELETE_AUTHORIZATION,[],0,"[""Assets/NTSD/Config/Character/jiraiya.dat""]",False,
Assets/NTSD/Config/Character/jiroubou.dat,DAT,1a623a1ea4935874985270440ca58dc2,B3BAD5141BF3F48FB581A7A7C6A8E87D20AFA39C2B212B2822960F64420DF2C4,MIGRATION_REVIEW_NO_DELETE_AUTHORIZATION,[],0,"[""Assets/NTSD/Config/Character/jiroubou.dat""]",False,
Assets/NTSD/Config/Character/kabuto.dat,DAT,27bb72aa9fd36d24ba1effa65c4d8851,E792E40C9C910606BC38C25337090FEE2AE7D3C8F718E9A4333ABC54D839ECB8,MIGRATION_REVIEW_NO_DELETE_AUTHORIZATION,[],0,"[""Assets/NTSD/Config/Character/kabuto.dat""]",False,
Assets/NTSD/Config/Character/kakashi.dat,DAT,0699b3ac6a7becc4a8c5ac616f08e7db,02A22D468E66469302E1134A1CED5AA20C1B2EC1930205726AC923F3F9DA6D51,MIGRATION_REVIEW_NO_DELETE_AUTHORIZATION,[],0,"[""Assets/NTSD/Config/Character/kakashi.dat""]",False,
Assets/NTSD/Config/Character/kakuzu.dat,DAT,15bac06d028dfdd45b25955609c1786b,078A08B5E7654D7935C18F20D226C60176F449CD231A09A34AEA47BEFDE22982,MIGRATION_REVIEW_NO_DELETE_AUTHORIZATION,[],0,"[""Assets/NTSD/Config/Character/kakuzu.dat""]",False,
Assets/NTSD/Config/Character/kankuro.dat,DAT,08271a51004c96b40b8b165a686da382,E5E0204681B99260B4DCA4B88DBBA74D12A8B9BEBE9F429868967B8CF52C46EB,MIGRATION_REVIEW_NO_DELETE_AUTHORIZATION,[],0,"[""Assets/NTSD/Config/Character/kankuro.dat""]",False,
Assets/NTSD/Config/Character/kiba.dat,DAT,f6d433a2ff877cd439f0ea149fb09c16,6FC172188C4438C08AB5017BCD7A553E803AA01F8DC0105D3728D0FB6C7BD5F4,MIGRATION_REVIEW_NO_DELETE_AUTHORIZATION,[],0,"[""Assets/NTSD/Config/Character/kiba.dat""]",False,
Assets/NTSD/Config/Character/kidomaru.dat,DAT,01e9de6bcac2a404b941ff349a29598b,17A5EE9F046BDAA7D4E730E3B999F9DD9EBEEB72D223CE87AC1A56F5DFD71AFA,MIGRATION_REVIEW_NO_DELETE_AUTHORIZATION,[],0,"[""Assets/NTSD/Config/Character/kidomaru.dat""]",False,
Assets/NTSD/Config/Character/kisame.dat,DAT,f0d97699844fa1e4582d21a26411129e,D283F13291037525814D3367CE7C797D8CDB34D277FD6943ED70D07ADBF92164,MIGRATION_REVIEW_NO_DELETE_AUTHORIZATION,[],0,"[""Assets/NTSD/Config/Character/kisame.dat""]",False,
Assets/NTSD/Config/Character/kyubi.dat,DAT,058ad08b36297594ca0e1d2e559d1b3e,0E982AC0096340411BDC7C7EABD1C659AAB192E03731C5D1764C0A63E28BF4F7,MIGRATION_REVIEW_NO_DELETE_AUTHORIZATION,[],0,"[""Assets/NTSD/Config/Character/kyubi.dat""]",False,
Assets/NTSD/Config/Character/naruto.dat,DAT,c542f7b564a876641acccbfd51dcc9be,0493F5F76F08A363366A4C748DA97DF7ADF0F594F1264EE390E2D7AB13DD2AB9,MIGRATION_REVIEW_NO_DELETE_AUTHORIZATION,[],0,"[""Assets/NTSD/Config/Character/naruto.dat""]",False,
Assets/NTSD/Config/Character/naruto_clone.dat,DAT,c043745100cd64e4e8ad0221494592b3,3E4734263601BD3AD1133A32E9A67BE8795059D5777372886EBCB31A12905055,MIGRATION_REVIEW_NO_DELETE_AUTHORIZATION,[],0,"[""Assets/NTSD/Config/Character/naruto_clone.dat""]",False,
Assets/NTSD/Config/Character/nckakuzu.dat,DAT,f21bc62b93ca31d4cbd06b6f169efd95,73C6442EBFCA293595451E8436629CB06DD81BE35F0C688E90D8A300C44D0B62,MIGRATION_REVIEW_NO_DELETE_AUTHORIZATION,[],0,"[""Assets/NTSD/Config/Character/nckakuzu.dat""]",False,
Assets/NTSD/Config/Character/neji.dat,DAT,c49a64478cd459c47908cb6471c2a967,5556930697DCABAED0D9A18A0DD1A6554A2940C00CAFD9E9B0859E263060124C,MIGRATION_REVIEW_NO_DELETE_AUTHORIZATION,[],0,"[""Assets/NTSD/Config/Character/neji.dat""]",False,
Assets/NTSD/Config/Character/orochimaru.dat,DAT,60744ea0081e6ca4b9e2eb93cce76cb4,F36C3D5E4124F6EC0C350D17CECF8CEC1584FCDC19AF1815F48CB14465FAE840,MIGRATION_REVIEW_NO_DELETE_AUTHORIZATION,[],0,"[""Assets/NTSD/Config/Character/orochimaru.dat""]",False,
Assets/NTSD/Config/Character/pein.dat,DAT,95c3f18ec129f0d4ab1278ea570cf751,1730BBEC7CECC42B2170CD512938449B69F9EB916D3F0825185250CD9AC2EA9E,MIGRATION_REVIEW_NO_DELETE_AUTHORIZATION,[],0,"[""Assets/NTSD/Config/Character/pein.dat""]",False,
Assets/NTSD/Config/Character/puppet_sasori.dat,DAT,d0a2b96bda5497f4587485e262e5d609,7C3107A0CD6C36A63A76A99F5A8925BCCA4B0D4B5E5CA9A767F5F60F85F7A5BA,MIGRATION_REVIEW_NO_DELETE_AUTHORIZATION,[],0,"[""Assets/NTSD/Config/Character/puppet_sasori.dat""]",False,
Assets/NTSD/Config/Character/reaper.dat,DAT,27fefcb443cd36645a48cc424a9755c1,A19E84F1C4731A1A58E20DFEECFFA94CC38F0E34DED09EB48AC2C23617A7DD7E,MIGRATION_REVIEW_NO_DELETE_AUTHORIZATION,[],0,"[""Assets/NTSD/Config/Character/reaper.dat""]",False,
Assets/NTSD/Config/Character/rock_lee.dat,DAT,c24ed14a307d50f4e825890fed549012,DAC426F4510C9D62D06CCEA029439576203DCD77EB44CBCDD159ACFB5CBBFBF2,MIGRATION_REVIEW_NO_DELETE_AUTHORIZATION,[],0,"[""Assets/NTSD/Config/Character/rock_lee.dat""]",False,
Assets/NTSD/Config/Character/sai.dat,DAT,b1e948f5a4a197641a283a54d98cdc1d,453EEA8100EAB8866EC134F8CECF6F8B43D6BFF8289C9087CFFD9954CD0CF802,MIGRATION_REVIEW_NO_DELETE_AUTHORIZATION,[],0,"[""Assets/NTSD/Config/Character/sai.dat""]",False,
Assets/NTSD/Config/Character/sakon.dat,DAT,0f34c9de7fb980d41bf16dd338c15ad7,986C27DF3E84A37ED74C08640A60EFF0480106C4BCDE54EE68F7F26BB4770AD8,MIGRATION_REVIEW_NO_DELETE_AUTHORIZATION,[],0,"[""Assets/NTSD/Config/Character/sakon.dat""]",False,
Assets/NTSD/Config/Character/sakura.dat,DAT,417252a206760394f9eddfb351371ad7,10F8C6D6858815B7E8CA5D47CC70E0EB5F6732504CE9040CDC6B0C52D48A7B66,MIGRATION_REVIEW_NO_DELETE_AUTHORIZATION,[],0,"[""Assets/NTSD/Config/Character/sakura.dat""]",False,
Assets/NTSD/Config/Character/sand_creature.dat,DAT,3e609b771dbf47d448931a3924b6d355,9FEDB11EE57FE33C9B662C739FB66A8255D9B342946AE9CAE5042325B0544999,MIGRATION_REVIEW_NO_DELETE_AUTHORIZATION,[],0,"[""Assets/NTSD/Config/Character/sand_creature.dat""]",False,
Assets/NTSD/Config/Character/sasori.dat,DAT,c9cbe8327f2d04a44bbe500a67fb8707,31409B9E2DA63ED1E183CAD5695729CF172CF6E7406CFDB320668EED5F6EC082,MIGRATION_REVIEW_NO_DELETE_AUTHORIZATION,[],0,"[""Assets/NTSD/Config/Character/sasori.dat""]",False,
Assets/NTSD/Config/Character/sasuke.dat,DAT,85e62351e698743488d8c22d716e8d29,5181A1DD25FECB093F89962324A47551401C5F30B736492D765A7A265DD55D0F,MIGRATION_REVIEW_NO_DELETE_AUTHORIZATION,[],0,"[""Assets/NTSD/Config/Character/sasuke.dat""]",False,
Assets/NTSD/Config/Character/sasuke_cs2.dat,DAT,b099eff29cd0ce04e8f8ecd5f6bb2499,06F9D7594A6C07E4DDB2434CE19FE628F747ECF0C8424089EE9E1556B4521BD8,MIGRATION_REVIEW_NO_DELETE_AUTHORIZATION,[],0,"[""Assets/NTSD/Config/Character/sasuke_cs2.dat""]",False,
Assets/NTSD/Config/Character/shikamaru.dat,DAT,9cc111d44c3c4b34a8c28732d80318e2,B9A1415EB4577B222DB57F49B6F7238362F8C60910D4B882F25452DCEEF7694E,MIGRATION_REVIEW_NO_DELETE_AUTHORIZATION,[],0,"[""Assets/NTSD/Config/Character/shikamaru.dat""]",False,
Assets/NTSD/Config/Character/shino.dat,DAT,9cc7655e67156a54da76c22c1b6b1484,76258679656106D0D8ECC0CB10719D4B46C335F9FD6E08A342F663984DA8221E,MIGRATION_REVIEW_NO_DELETE_AUTHORIZATION,[],0,"[""Assets/NTSD/Config/Character/shino.dat""]",False,
Assets/NTSD/Config/Character/sound_nin.dat,DAT,b345663417b71f64c88eb6f763db2828,D75029C45F5DE690A8BA0B87F118ED2A435DAD328C7C249F012DD23122E332D1,MIGRATION_REVIEW_NO_DELETE_AUTHORIZATION,[],0,"[""Assets/NTSD/Config/Character/sound_nin.dat""]",False,
Assets/NTSD/Config/Character/sound_nin2.dat,DAT,4e9ebe9f4ecb42d44a484b46c3521eed,3C1BF054F88D77D994697B4EF6457BF81FA43DB5391FB35D382F59C948C66586,MIGRATION_REVIEW_NO_DELETE_AUTHORIZATION,[],0,"[""Assets/NTSD/Config/Character/sound_nin2.dat""]",False,
Assets/NTSD/Config/Character/tayuya.dat,DAT,5e28c974b27acea4392b8dbee9abc755,819D2CA1C3C644523051A279C7FB21BB053AE19A558286C0AFFF4E66E9BEEDD9,MIGRATION_REVIEW_NO_DELETE_AUTHORIZATION,[],0,"[""Assets/NTSD/Config/Character/tayuya.dat""]",False,
Assets/NTSD/Config/Character/temari.dat,DAT,0cc196575947ad641886777fb84780a6,EC03632C1D7936BB91FDFF789044EFD64818FECD005F2ED199B3EDBBA475EA55,MIGRATION_REVIEW_NO_DELETE_AUTHORIZATION,[],0,"[""Assets/NTSD/Config/Character/temari.dat""]",False,
Assets/NTSD/Config/Character/tenten.dat,DAT,9d03fe0c184c9084b98685516f5c3d95,98D6F98F3EC7277FB503C61D7D73729FD3B5A8AB5F8C21B383EA58E920F6A969,MIGRATION_REVIEW_NO_DELETE_AUTHORIZATION,[],0,"[""Assets/NTSD/Config/Character/tenten.dat""]",False,
Assets/NTSD/Config/Character/yamato.dat,DAT,928ec60b555ed7a43b43e26220410e18,8416C1B64E4E523952309B504438924EA27224546881CBA0EB07CF5B8D093A93,MIGRATION_REVIEW_NO_DELETE_AUTHORIZATION,[],0,"[""Assets/NTSD/Config/Character/yamato.dat""]",False,
Assets/NTSD/Config/chars/criminal.dat,DAT,465f14003043c2445a56fea963f94783,B30BE71693077F21AB3F6599F120FB8DAA271B4FF8B68E1D9AE7AFFC1C12DFEA,MIGRATION_REVIEW_NO_DELETE_AUTHORIZATION,[],0,"[""Assets/NTSD/Config/chars/criminal.dat""]",False,
Assets/NTSD/Config/chars/ex_ball.dat,DAT,1b69b97e223c1734884f465a8b198e05,EE08E9DD04E96252124C7CADBC80A4240F3AE1FBCFCDFFCD88E9E6AA26E0869F,MIGRATION_REVIEW_NO_DELETE_AUTHORIZATION,[],0,"[""Assets/NTSD/Config/chars/ex_ball.dat""]",False,
Assets/NTSD/Config/chars/log.dat,DAT,8dbb631602002b648adf1de9c5af8110,EC1CCB9E3CC4F450E018DAFE08A34FF45CC63742248AB53FCFC991A02380F07A,MIGRATION_REVIEW_NO_DELETE_AUTHORIZATION,[],0,"[""Assets/NTSD/Config/chars/log.dat""]",False,
Assets/NTSD/Config/chars/needle.dat,DAT,f6c412cdf03f48e4d81decc74ee3ae73,4727D1DCD63514F8086A99F0AF6547B4623E328CE1497E770009189A3E1ABD1E,MIGRATION_REVIEW_NO_DELETE_AUTHORIZATION,[],0,"[""Assets/NTSD/Config/chars/needle.dat""]",False,
Assets/NTSD/Config/chars/weapon1.dat,DAT,356f5ea6f69f6c84285d1b3662b45a39,59385BEBA0A98E3FB48FCE9A4FBA598C36D50A8A5CCE08A1703757CD1B6FECFB,MIGRATION_REVIEW_NO_DELETE_AUTHORIZATION,[],0,"[""Assets/NTSD/Config/chars/weapon1.dat""]",False,
Assets/NTSD/Config/chars/weapon10.dat,DAT,9d20aaec8a64b5e49a031f2fa52981b8,8550579F56ABC341F3677E7A8FD8EFF4BFCFF09DC148C343E9F368D4805A6710,MIGRATION_REVIEW_NO_DELETE_AUTHORIZATION,[],0,"[""Assets/NTSD/Config/chars/weapon10.dat""]",False,
Assets/NTSD/Config/chars/weapon11.dat,DAT,2aa57fb948466fa4b98616de48c5144d,3147A19C044AB26E9BF9252BD0B467A654803368AA6EB87BD60A5BBE24C254A2,MIGRATION_REVIEW_NO_DELETE_AUTHORIZATION,[],0,"[""Assets/NTSD/Config/chars/weapon11.dat""]",False,
Assets/NTSD/Config/chars/weapon2.dat,DAT,2b2bfef1658e509409d8c4887423f122,E702DA4ACB2564FABA49FC247F16C731ADD40E73F654264CE90DBEC1AA332B31,MIGRATION_REVIEW_NO_DELETE_AUTHORIZATION,[],0,"[""Assets/NTSD/Config/chars/weapon2.dat""]",False,
Assets/NTSD/Config/chars/weapon3.dat,DAT,f78ffd69adaf2a94fbbe55d723368a04,BD41E9082D78A9EB5AD5F66E75BC512C1EA1A607855ACFA9466E786A26835173,MIGRATION_REVIEW_NO_DELETE_AUTHORIZATION,[],0,"[""Assets/NTSD/Config/chars/weapon3.dat""]",False,
Assets/NTSD/Config/chars/weapon4.dat,DAT,716bbbce3997c46418015b32d51ca30e,D17E952C7EF13437611636A38B85EF4FB74C039ADD9101E20A94D224EB55CECE,MIGRATION_REVIEW_NO_DELETE_AUTHORIZATION,[],0,"[""Assets/NTSD/Config/chars/weapon4.dat""]",False,
Assets/NTSD/Config/chars/weapon6.dat,DAT,2fda96df29b34044cad08267512c4888,3AF8571CD275854FEE187BC21E2389975CBA8BCC2F355DD90F2B4DDC592832FF,MIGRATION_REVIEW_NO_DELETE_AUTHORIZATION,[],0,"[""Assets/NTSD/Config/chars/weapon6.dat""]",False,
Assets/NTSD/Config/chars/weapon9.dat,DAT,c982984c02ce6a645af8e348ce7ae1f9,C2FF45A1D5435D334A38B4E003C1B976164DB27A7968885754D29C671C8F226B,MIGRATION_REVIEW_NO_DELETE_AUTHORIZATION,[],0,"[""Assets/NTSD/Config/chars/weapon9.dat""]",False,
Assets/NTSD/Config/effect/air_creature_die.dat,DAT,0984123029a74e246a07a912ef3bed91,4F88E9A58F3C1F68991AAFE1369C02757B530B3EC299A2326831338F32C043B8,MIGRATION_REVIEW_NO_DELETE_AUTHORIZATION,[],0,"[""Assets/NTSD/Config/effect/air_creature_die.dat""]",False,
Assets/NTSD/Config/effect/blood.dat,DAT,cf9e497cf0b824442b76799d8a890a50,3FBC35DD6EC363F2952996D9E13D0CD14D948167C32DE9F20552BDD6A036BE3F,MIGRATION_REVIEW_NO_DELETE_AUTHORIZATION,[],0,"[""Assets/NTSD/Config/effect/blood.dat""]",False,
Assets/NTSD/Config/effect/blood2.dat,DAT,dfc1c98e04cb33b459d82b90c04fe427,E1DAD3185123EAFC72CDEDD6037A0DFDCE73A4917E28BD7241BF0877DE01B833,MIGRATION_REVIEW_NO_DELETE_AUTHORIZATION,[],0,"[""Assets/NTSD/Config/effect/blood2.dat""]",False,
Assets/NTSD/Config/effect/blood3.dat,DAT,7f2438e675a5ae04997493640dd25ab2,07317BCC40B3555E9BA2068E235ADB6A7A78922E78A2C5C4DF6ABCD5ECE28029,MIGRATION_REVIEW_NO_DELETE_AUTHORIZATION,[],0,"[""Assets/NTSD/Config/effect/blood3.dat""]",False,
Assets/NTSD/Config/effect/byakugan.dat,DAT,5cf3bdf7b029ec24cab2fc38f11dc679,0619B0F9109E6FC452678914227B546CF68BBD5547CFC33BEE2F0B98813861ED,MIGRATION_REVIEW_NO_DELETE_AUTHORIZATION,[],0,"[""Assets/NTSD/Config/effect/byakugan.dat""]",False,
Assets/NTSD/Config/effect/chakra.dat,DAT,7556fbc6ece99e648b1d6c4bd8d734db,ABEB38716DE99DD63EA5D387E80FFD047649C0B3E2E6A4C7F7EABB5CBDA368E2,MIGRATION_REVIEW_NO_DELETE_AUTHORIZATION,[],0,"[""Assets/NTSD/Config/effect/chakra.dat""]",False,
Assets/NTSD/Config/effect/die.dat,DAT,c35ff3bdde5f78541a219288912495b4,CC5D350AA616A1B181E893036AC7EBA6D7B2F74845D8447EE9C21D3D17FF2807,MIGRATION_REVIEW_NO_DELETE_AUTHORIZATION,[],0,"[""Assets/NTSD/Config/effect/die.dat""]",False,
Assets/NTSD/Config/effect/flash_weap.dat,DAT,7ef27281b7043f44b89fb0a428d7882e,7EDC3137154A91E0908F77FFE32044C547C74E14F9E948565C80017832EF6A1F,MIGRATION_REVIEW_NO_DELETE_AUTHORIZATION,[],0,"[""Assets/NTSD/Config/effect/flash_weap.dat""]",False,
Assets/NTSD/Config/effect/gate.dat,DAT,af47a8b6e0803ed43a9d0bf3cb0fc239,D61C1A7A1E9C291E708D2F5C5F03902384341E08F5599275081A3E699E2BF64D,MIGRATION_REVIEW_NO_DELETE_AUTHORIZATION,[],0,"[""Assets/NTSD/Config/effect/gate.dat""]",False,
Assets/NTSD/Config/effect/heart.dat,DAT,6f14a2305b40b9741b8283cd222a2b7d,E230E9C8C39C95E2B4605EBAE86E831CF8E96EA75747F3BE05E70C889AF6CC18,MIGRATION_REVIEW_NO_DELETE_AUTHORIZATION,[],0,"[""Assets/NTSD/Config/effect/heart.dat""]",False,
Assets/NTSD/Config/effect/heart0.dat,DAT,688db13afb29f6e419790375a765566f,BFAE44E74CFB697143448264D67326D8E07A71E54226CF296DFA73AA569FEEDA,MIGRATION_REVIEW_NO_DELETE_AUTHORIZATION,[],0,"[""Assets/NTSD/Config/effect/heart0.dat""]",False,
Assets/NTSD/Config/effect/heart2.dat,DAT,ff6d9cf016b04474da13357c5576f913,70CEB325658344DB2B5DCF34D6CBCF784449FBB28F42C6A5C6DCD37E4067E5B0,MIGRATION_REVIEW_NO_DELETE_AUTHORIZATION,[],0,"[""Assets/NTSD/Config/effect/heart2.dat""]",False,
Assets/NTSD/Config/effect/heart3.dat,DAT,abe61a43a68bf3f419caa19308c1acd6,41DB9352C2BD60F5C2418821B25B43396933D1F7773929AA98F66A972A384323,MIGRATION_REVIEW_NO_DELETE_AUTHORIZATION,[],0,"[""Assets/NTSD/Config/effect/heart3.dat""]",False,
Assets/NTSD/Config/effect/jiroubou_rock.dat,DAT,faee0811741adee428adec277871b18a,9878AEF81F08EFCE753C2F23E7A98EFDFD845C3F227701E255F1C08D3A609490,MIGRATION_REVIEW_NO_DELETE_AUTHORIZATION,[],0,"[""Assets/NTSD/Config/effect/jiroubou_rock.dat""]",False,
Assets/NTSD/Config/effect/rasengan_ball.dat,DAT,36c5798c030c5f24b8e1f2d636e5f3e0,6550FB8F7E23892B1DBE06D364CC472092F2B19C57CD9C89F511A2AA0603D94A,MIGRATION_REVIEW_NO_DELETE_AUTHORIZATION,[],0,"[""Assets/NTSD/Config/effect/rasengan_ball.dat""]",False,
Assets/NTSD/Config/effect/shield.dat,DAT,582662257bc5ca541ae048b91e332b16,974701B6A2EE91774CE0DF2310A5F9ED7CB5F3406FDFAA0565AC42E9C64AEE88,MIGRATION_REVIEW_NO_DELETE_AUTHORIZATION,[],0,"[""Assets/NTSD/Config/effect/shield.dat""]",False,
Assets/NTSD/Config/effect/weapon4.dat,DAT,6966cf050fcbc1c46abae7609d3c3d2d,780EBCB15E699878EF12396D657AD2FB6B6221754C9362D0B6C5C14A57A50D7D,MIGRATION_REVIEW_NO_DELETE_AUTHORIZATION,[],0,"[""Assets/NTSD/Config/effect/weapon4.dat""]",False,
Assets/NTSD/Config/FrameConfig/weapon5.dat,DAT,6ba4225bf4879c14ea63de698da9b8c5,FFFC2836988EEA51B32D7BD8C54D3EEC7EE8DE195092A5FDEE3E18B564E60F45,MIGRATION_REVIEW_NO_DELETE_AUTHORIZATION,[],0,"[""Assets/NTSD/Config/FrameConfig/weapon5.dat""]",False,
Assets/NTSD/Config/FrameConfig/weapon8.dat,DAT,9a929d2232f362248a0db51f61ec579c,06BEF02D779BE29B46275997B10B1568E430F9F55177616ECB4249EB0DA4A077,MIGRATION_REVIEW_NO_DELETE_AUTHORIZATION,[],0,"[""Assets/NTSD/Config/FrameConfig/weapon8.dat""]",False,
Assets/NTSD/Config/jsona/broken_weapon.dat,DAT,8a2429ae7310ac54ba74b7f226ffda5d,82B439C1FA36D046CE457E58611BE4ABF9C7A154481DB637013316E7F412311B,MIGRATION_REVIEW_NO_DELETE_AUTHORIZATION,[],0,"[""Assets/NTSD/Config/jsona/broken_weapon.dat""]",False,
Assets/NTSD/Config/jsona/etc.dat,DAT,d354b9feb9f12604094a4c9e10ee6a23,9F94E8505EAEB1DD2210E51A279DA4211E8C37B2F5AD272A5F7DD51669684DD7,MIGRATION_REVIEW_NO_DELETE_AUTHORIZATION,[],0,"[""Assets/NTSD/Config/jsona/etc.dat""]",False,
Assets/NTSD/Config/specialattack/100_puppets.dat,DAT,bd371b28a6791ac41829b7d1c6e4eb81,F723092E5FA8F717172239053C78FE8AFA5B6FE6312D867EB59E3283786B543F,MIGRATION_REVIEW_NO_DELETE_AUTHORIZATION,[],0,"[""Assets/NTSD/Config/specialattack/100_puppets.dat""]",False,
Assets/NTSD/Config/specialattack/100_puppets_b.dat,DAT,a238a2ad6ad5d604691f429132b0c318,C0525ECEC8A9917795647F992D11CBB7BD65F69F6A95670AE5381FD32345AF37,MIGRATION_REVIEW_NO_DELETE_AUTHORIZATION,[],0,"[""Assets/NTSD/Config/specialattack/100_puppets_b.dat""]",False,
Assets/NTSD/Config/specialattack/100_puppets_c.dat,DAT,8fb71fda098b31b49b1e1838ed21b235,B8D9C329C2D99A6D837C9236ACED0487BE339DEC445A3DD1A390CD9E041E7C3A,MIGRATION_REVIEW_NO_DELETE_AUTHORIZATION,[],0,"[""Assets/NTSD/Config/specialattack/100_puppets_c.dat""]",False,
Assets/NTSD/Config/specialattack/4TK_ball.dat,DAT,c9cb50bb2a8b1864a8043c4a62f1090c,D703D159642CB6F513DB09501896BDA4F48779CCF0E690889698CA64B96728AC,MIGRATION_REVIEW_NO_DELETE_AUTHORIZATION,[],0,"[""Assets/NTSD/Config/specialattack/4TK_ball.dat""]",False,
Assets/NTSD/Config/specialattack/air_creature.dat,DAT,57df8566060854049a68ffe70631a081,26ABBF5226D8C69049A6D335DADE95839AE47165850E7876A2C77F465A240BFE,MIGRATION_REVIEW_NO_DELETE_AUTHORIZATION,[],0,"[""Assets/NTSD/Config/specialattack/air_creature.dat""]",False,
Assets/NTSD/Config/specialattack/area.dat,DAT,54640efcdc85862408c03281cc821bbe,0493DE82337671132320CA6F66DC97903D82FD4DB2A284E287BC0C072A90B3FC,MIGRATION_REVIEW_NO_DELETE_AUTHORIZATION,[],0,"[""Assets/NTSD/Config/specialattack/area.dat""]",False,
Assets/NTSD/Config/specialattack/big_boom.dat,DAT,f38307ddcb2f79e4f9dbeb06f75d2d46,C265F820C4C6DADB3FEA47C57EF797FDE44D9872E0A1A2CEAF9D4D4FEDA19CF5,MIGRATION_REVIEW_NO_DELETE_AUTHORIZATION,[],0,"[""Assets/NTSD/Config/specialattack/big_boom.dat""]",False,
Assets/NTSD/Config/specialattack/bugs.dat,DAT,90608cda498914849a0c66b13223098c,BEE47ADBC37B1E4F4DDBAB9C9868C868D4B02BCF83E8B1CC81A8EC99343ADD1A,MIGRATION_REVIEW_NO_DELETE_AUTHORIZATION,[],0,"[""Assets/NTSD/Config/specialattack/bugs.dat""]",False,
Assets/NTSD/Config/specialattack/bugs2.dat,DAT,c74f979da8845d34794fc6332d985233,6F16501BFC9C71A3DDB2B235E7E185A7DD026E8331E5BBE513CE5C91A902942C,MIGRATION_REVIEW_NO_DELETE_AUTHORIZATION,[],0,"[""Assets/NTSD/Config/specialattack/bugs2.dat""]",False,
Assets/NTSD/Config/specialattack/charge.dat,DAT,cb96cb1cf91ceb649aea7764994e0336,645C379E019A3F4603703FC6A46E15A134D3556EE10293F835380DF3FBB3B68B,MIGRATION_REVIEW_NO_DELETE_AUTHORIZATION,[],0,"[""Assets/NTSD/Config/specialattack/charge.dat""]",False,
Assets/NTSD/Config/specialattack/chidori.dat,DAT,68463617c45f9ac4b8ca3af3c59b697d,98BDD969469AD44ACB5E96A407C4432DB4EF79D4409C7A2CFD0B895259CDFABA,MIGRATION_REVIEW_NO_DELETE_AUTHORIZATION,[],0,"[""Assets/NTSD/Config/specialattack/chidori.dat""]",False,
Assets/NTSD/Config/specialattack/chiyo_kunais.dat,DAT,895b1b9ee096c7b41b2e9b036449b1af,32B0A6CE0142AF034E8CB7CFCDAD0FB5B909AA06C9DD702C043166FD2C908271,MIGRATION_REVIEW_NO_DELETE_AUTHORIZATION,[],0,"[""Assets/NTSD/Config/specialattack/chiyo_kunais.dat""]",False,
Assets/NTSD/Config/specialattack/clay_bird.dat,DAT,5e42692528ceee945bdd7136f5b28be8,E8AE0078533F277BAF6A589D3373FAA53918E509E18C036F2CE9AFF3D4CEF9C9,MIGRATION_REVIEW_NO_DELETE_AUTHORIZATION,[],0,"[""Assets/NTSD/Config/specialattack/clay_bird.dat""]",False,
Assets/NTSD/Config/specialattack/clay_bird2.dat,DAT,bd87894ba29899f46abf759d2f206fa2,3B8A56EA89BA044BA46783B53EE1DB1F77B164044A57518A056CFC99190BF1BB,MIGRATION_REVIEW_NO_DELETE_AUTHORIZATION,[],0,"[""Assets/NTSD/Config/specialattack/clay_bird2.dat""]",False,
Assets/NTSD/Config/specialattack/clay_worm.dat,DAT,ab717b4e27f23c34b8b0d90f8eb89592,931ADD383FBA30775C90A2504C60C4F06BEA3CECD3174C95FBFECFF531DE7E96,MIGRATION_REVIEW_NO_DELETE_AUTHORIZATION,[],0,"[""Assets/NTSD/Config/specialattack/clay_worm.dat""]",False,
Assets/NTSD/Config/specialattack/coffin.dat,DAT,cba5ad1a801063d49b854326c12dce17,7F517D4C3ACF3A1DF05B742AD6BD25DA2D80C373E9334519144C2CDCDCBE88C7,MIGRATION_REVIEW_NO_DELETE_AUTHORIZATION,[],0,"[""Assets/NTSD/Config/specialattack/coffin.dat""]",False,
Assets/NTSD/Config/specialattack/criminal2.dat,DAT,ba37425740c758046a2f391a66f62179,EE34D899E0AD2BA9E57E88CE609D42340043BEA4B2116EC8F9950F8F4E073AF9,MIGRATION_REVIEW_NO_DELETE_AUTHORIZATION,[],0,"[""Assets/NTSD/Config/specialattack/criminal2.dat""]",False,
Assets/NTSD/Config/specialattack/crow_2.dat,DAT,9e8d7cf79bc5fa341b683cc60e069d12,9B8F71A214007F518AFBACB2D8194D250DA7A73EDC90ADF06E0348D427CE55F6,MIGRATION_REVIEW_NO_DELETE_AUTHORIZATION,[],0,"[""Assets/NTSD/Config/specialattack/crow_2.dat""]",False,
Assets/NTSD/Config/specialattack/death.dat,DAT,dc0874e4f2ffb094da97849f2ab0a67c,50ED1DE7668918BA545EAA5134563332B43A637A44B0C4744B52473278FE96EF,MIGRATION_REVIEW_NO_DELETE_AUTHORIZATION,[],0,"[""Assets/NTSD/Config/specialattack/death.dat""]",False,
Assets/NTSD/Config/specialattack/doggy.dat,DAT,f554de4cdb8167b4f8487354e7d1eea4,E562EA78FC41A37DD5A25EA46A319F5CFCBB788CD1BF69FE0C14C0B86C6A1DA3,MIGRATION_REVIEW_NO_DELETE_AUTHORIZATION,[],0,"[""Assets/NTSD/Config/specialattack/doggy.dat""]",False,
Assets/NTSD/Config/specialattack/dragon.dat,DAT,a9244dce36acd94458305a5bce98582e,321B2FA6E0C6548E12F7C87998EB1DA0949606FB1EDFD93C007FE5A7335B2867,MIGRATION_REVIEW_NO_DELETE_AUTHORIZATION,[],0,"[""Assets/NTSD/Config/specialattack/dragon.dat""]",False,
Assets/NTSD/Config/specialattack/drunken.dat,DAT,ad9f84696a6c67a46871d2731428ae86,52F2DDD8C07CF03A462F7547C81F27E9597C0E05C1532EBB49A829EA739D5664,MIGRATION_REVIEW_NO_DELETE_AUTHORIZATION,[],0,"[""Assets/NTSD/Config/specialattack/drunken.dat""]",False,
Assets/NTSD/Config/specialattack/earth_creature.dat,DAT,97ade6e0fbb924a42b0c9847ca3f852d,46C1B3E4C5DE40C412C77810B43DE7F429909DABC538EB58179FB7EE8A5F937C,MIGRATION_REVIEW_NO_DELETE_AUTHORIZATION,[],0,"[""Assets/NTSD/Config/specialattack/earth_creature.dat""]",False,
Assets/NTSD/Config/specialattack/father_puppet.dat,DAT,2dd1d065e6d722b4fae930b8eddfbb0d,DA37265E9A1FAA01E04786292BA7F832F46035B8948A62CA386B8700FF9B9B79,MIGRATION_REVIEW_NO_DELETE_AUTHORIZATION,[],0,"[""Assets/NTSD/Config/specialattack/father_puppet.dat""]",False,
Assets/NTSD/Config/specialattack/fire_creature.dat,DAT,861e250554c70774ca6c48c0908372da,B09FFC6FE48A7288493E814DA94F793F396CA7DB81A8EF4B1822BC4C189BAF5D,MIGRATION_REVIEW_NO_DELETE_AUTHORIZATION,[],0,"[""Assets/NTSD/Config/specialattack/fire_creature.dat""]",False,
Assets/NTSD/Config/specialattack/firen_flame.dat,DAT,f2586c86ee4e17f4abd43837e25b760b,F903E18D6C2E738C1C6EC154F5850657F37433BC759B6E6F5B5F07E78ADF82A8,MIGRATION_REVIEW_NO_DELETE_AUTHORIZATION,[],0,"[""Assets/NTSD/Config/specialattack/firen_flame.dat""]",False,
Assets/NTSD/Config/specialattack/flash.dat,DAT,e96b4630ca3b2c040aebef7345bf2089,F57E30802D37CA4710668EE1DD13C12EDC7AD619D9C859938425FE8C2AA8A4C3,MIGRATION_REVIEW_NO_DELETE_AUTHORIZATION,[],0,"[""Assets/NTSD/Config/specialattack/flash.dat""]",False,
Assets/NTSD/Config/specialattack/freeze_column.dat,DAT,4994ea91225bfce429d6308c5da25ce8,F9A36919A1F2F4254D64BA5109E5FE8BE7BC67408432072F0DBC93BB74EDCC4C,MIGRATION_REVIEW_NO_DELETE_AUTHORIZATION,[],0,"[""Assets/NTSD/Config/specialattack/freeze_column.dat""]",False,
Assets/NTSD/Config/specialattack/frog.dat,DAT,df495c8d62545284e9794f74283eeede,97A3AC4DB2CBA966A1D35155302093337872C8C1DF338A1B4399CFF3119FFAE1,MIGRATION_REVIEW_NO_DELETE_AUTHORIZATION,[],0,"[""Assets/NTSD/Config/specialattack/frog.dat""]",False,
Assets/NTSD/Config/specialattack/ink.dat,DAT,5dfaaf790a5c3cc4fa53d7239ae3c77a,6B08BFC4C5EBE4D7994817B5902BD067EA4908CA5B6CA66EC4ADF05C3B144E3C,MIGRATION_REVIEW_NO_DELETE_AUTHORIZATION,[],0,"[""Assets/NTSD/Config/specialattack/ink.dat""]",False,
Assets/NTSD/Config/specialattack/ironsand.dat,DAT,920cd9cb1398f1646b8fa80467b13c5b,9F61306606477936832D99879E0628A825CFFDABD3B78CABD5404D8E44F17CF5,MIGRATION_REVIEW_NO_DELETE_AUTHORIZATION,[],0,"[""Assets/NTSD/Config/specialattack/ironsand.dat""]",False,
Assets/NTSD/Config/specialattack/itachi_kunai.dat,DAT,f767491d722a73b438a5060350f4715d,961D182072CDB7F21165EC536D47DDF2713D5E216ED492BCC24ED9108A91E546,MIGRATION_REVIEW_NO_DELETE_AUTHORIZATION,[],0,"[""Assets/NTSD/Config/specialattack/itachi_kunai.dat""]",False,
Assets/NTSD/Config/specialattack/jan_chaseh.dat,DAT,1d6f2ec8a899baa40927ba2a34d6afda,8EFF9745EDDA600CB4A4907929F0A6735E64C6782326EDB5CD7C55C3A7AB33FC,MIGRATION_REVIEW_NO_DELETE_AUTHORIZATION,[],0,"[""Assets/NTSD/Config/specialattack/jan_chaseh.dat""]",False,
Assets/NTSD/Config/specialattack/karasu.dat,DAT,59873823a8a239741a0510a2210b3641,414BBFA6E20E2E4518AD0E73CC4F466C5BD20183C50AF3D84755166187D426C5,MIGRATION_REVIEW_NO_DELETE_AUTHORIZATION,[],0,"[""Assets/NTSD/Config/specialattack/karasu.dat""]",False,
Assets/NTSD/Config/specialattack/katon_ball.dat,DAT,070a351ee35133342981f6509c16f4f6,D50C0A24312D8425A6CE2A953A185D6E95BBDE915E76758EF169D72F2F36E476,MIGRATION_REVIEW_NO_DELETE_AUTHORIZATION,[],0,"[""Assets/NTSD/Config/specialattack/katon_ball.dat""]",False,
Assets/NTSD/Config/specialattack/katon_big.dat,DAT,07d608e9a6480224e82fa97c6c26a6cb,AEC065E3AA2B545973C9B0763813FC4E4227E1D0CF6C81068A88CC6C19BADBF7,MIGRATION_REVIEW_NO_DELETE_AUTHORIZATION,[],0,"[""Assets/NTSD/Config/specialattack/katon_big.dat""]",False,
Assets/NTSD/Config/specialattack/katon_kakuzu.dat,DAT,309c7d0a29273f5469d44a21aedb37ef,CD01F602729FADC55A514684172E5A1643D2F8B921FB8B2F4DC6B7E1E25352C2,MIGRATION_REVIEW_NO_DELETE_AUTHORIZATION,[],0,"[""Assets/NTSD/Config/specialattack/katon_kakuzu.dat""]",False,
Assets/NTSD/Config/specialattack/lee_counter.dat,DAT,9775088efaae05440a6368018e8e6013,2A144F1A82A43A4D136E1A94A519AF94EB06CDDD816F0EB9ED8AF56DEF199AD3,MIGRATION_REVIEW_NO_DELETE_AUTHORIZATION,[],0,"[""Assets/NTSD/Config/specialattack/lee_counter.dat""]",False,
Assets/NTSD/Config/specialattack/mega_ex.dat,DAT,1a72cc29c427d154fb95b135b29eb76e,EC66A630B358F058A1C1570C65479DE42E61CBDE5BE2CC649292C3ADC078D9CA,MIGRATION_REVIEW_NO_DELETE_AUTHORIZATION,[],0,"[""Assets/NTSD/Config/specialattack/mega_ex.dat""]",False,
Assets/NTSD/Config/specialattack/mirror.dat,DAT,dd70fefd1b63d834a89ad8f73cf1f110,DBDC9C8967385F91B9E1347A92A30ADE0483F7C6A204DFBD17D4FCD9BFF35EC3,MIGRATION_REVIEW_NO_DELETE_AUTHORIZATION,[],0,"[""Assets/NTSD/Config/specialattack/mirror.dat""]",False,
Assets/NTSD/Config/specialattack/monster.dat,DAT,2a74e20c2b8bf3b4dad62b551ef8ec79,8680B541CF17F4912C9A07D8C0984C17D77B1C8A418875EB6E5A82FF3A0BE5DF,MIGRATION_REVIEW_NO_DELETE_AUTHORIZATION,[],0,"[""Assets/NTSD/Config/specialattack/monster.dat""]",False,
Assets/NTSD/Config/specialattack/mother_puppet.dat,DAT,325d669c3da7a284f933abeeaf297b3d,A3EFC2AF0A291A29E5039B08B073B1B31D7312ED7949F216D58CDCF67D0E69C9,MIGRATION_REVIEW_NO_DELETE_AUTHORIZATION,[],0,"[""Assets/NTSD/Config/specialattack/mother_puppet.dat""]",False,
Assets/NTSD/Config/specialattack/nckakuzuarm.dat,DAT,be229ea5edacb5f45b531d8e4fbd3bcf,665A840927D8A219D0EE13AA1E481DC2A1CED4641640D236605BA752A0107C52,MIGRATION_REVIEW_NO_DELETE_AUTHORIZATION,[],0,"[""Assets/NTSD/Config/specialattack/nckakuzuarm.dat""]",False,
Assets/NTSD/Config/specialattack/poison.dat,DAT,af9c1d5e857a82e48a9ed380578371e5,3260746230EB7A91A6C0F9B18473711F6E10DDA73E63DC4CE0EEFD04DA205BF3,MIGRATION_REVIEW_NO_DELETE_AUTHORIZATION,[],0,"[""Assets/NTSD/Config/specialattack/poison.dat""]",False,
Assets/NTSD/Config/specialattack/puppet.dat,DAT,79eeebb213d77204ca7e5de9e2130c7d,E75FA76003BF168D445C42B8439E5BC190D15A295FD8132C52307B3B8A4C84F7,MIGRATION_REVIEW_NO_DELETE_AUTHORIZATION,[],0,"[""Assets/NTSD/Config/specialattack/puppet.dat""]",False,
Assets/NTSD/Config/specialattack/rasenshuriken.dat,DAT,176becc5127e0414ea52182e64f459b4,D8E9F4C12E505291D56D1E1F0CED187C6919FEFEDE9C26CD3344760AC14C096F,MIGRATION_REVIEW_NO_DELETE_AUTHORIZATION,[],0,"[""Assets/NTSD/Config/specialattack/rasenshuriken.dat""]",False,
Assets/NTSD/Config/specialattack/sakura_ball.dat,DAT,3782fd394c015324a887543ddfc4b249,B408E229620206898297D0393FD31B02E213717435467FAF80722A62F1A6C352,MIGRATION_REVIEW_NO_DELETE_AUTHORIZATION,[],0,"[""Assets/NTSD/Config/specialattack/sakura_ball.dat""]",False,
Assets/NTSD/Config/specialattack/sand.dat,DAT,8715cc14b0db558449dc7d5829d4df91,EA283DD674F1A3167DF313C858ADCFC6196A0E80149D683439DED1C1F26A0C07,MIGRATION_REVIEW_NO_DELETE_AUTHORIZATION,[],0,"[""Assets/NTSD/Config/specialattack/sand.dat""]",False,
Assets/NTSD/Config/specialattack/sand_2.dat,DAT,25dad22d9c71a0e46a4f6c2d94869e52,983B98E3FB03CBCA6D6323043F5F88FF1E3AFC1029591CDB01B636E0EF2CB4D6,MIGRATION_REVIEW_NO_DELETE_AUTHORIZATION,[],0,"[""Assets/NTSD/Config/specialattack/sand_2.dat""]",False,
Assets/NTSD/Config/specialattack/sand_blast.dat,DAT,5334fc513aca6664883277c4180142d9,8779D12864A22BE123465E624FAC8595DD5A456096757138CD770B7BD84A9217,MIGRATION_REVIEW_NO_DELETE_AUTHORIZATION,[],0,"[""Assets/NTSD/Config/specialattack/sand_blast.dat""]",False,
Assets/NTSD/Config/specialattack/sand_shield.dat,DAT,458a3769d83826c4f8b6ce02716798b1,4D3E62B32A68FE3A2C7E4223313BE9BEF1ECC5F78165A815E88828FB095114D8,MIGRATION_REVIEW_NO_DELETE_AUTHORIZATION,[],0,"[""Assets/NTSD/Config/specialattack/sand_shield.dat""]",False,
Assets/NTSD/Config/specialattack/sanshouo.dat,DAT,644adbf5905042d4f9025ffa4f0b96b1,69D9CB4AEB092572134DEE3943BCCC0042993CDA7974A99286F419C158D64299,MIGRATION_REVIEW_NO_DELETE_AUTHORIZATION,[],0,"[""Assets/NTSD/Config/specialattack/sanshouo.dat""]",False,
Assets/NTSD/Config/specialattack/shadow.dat,DAT,a49d8fde2323bcf4b8375b2be1a0fe1b,E2391FA2E3BDAFF257FE44E466F9B7DF9C808EF1A7171F21D1DD3B136022988B,MIGRATION_REVIEW_NO_DELETE_AUTHORIZATION,[],0,"[""Assets/NTSD/Config/specialattack/shadow.dat""]",False,
Assets/NTSD/Config/specialattack/snake.dat,DAT,97391a98b48d65f4daa53a14ff1fe7cb,81B46A6F5BD99D965F9AA19FAA110D4CADF0112B85EB91E0F6BDE7A22287CCC2,MIGRATION_REVIEW_NO_DELETE_AUTHORIZATION,[],0,"[""Assets/NTSD/Config/specialattack/snake.dat""]",False,
Assets/NTSD/Config/specialattack/spider.dat,DAT,904765376eadca74ba99089621a7a4d8,3AA981D95D7E0CA8CE677C52D5C21889C6FD4DF3B0150178565251BC8D79A01A,MIGRATION_REVIEW_NO_DELETE_AUTHORIZATION,[],0,"[""Assets/NTSD/Config/specialattack/spider.dat""]",False,
Assets/NTSD/Config/specialattack/summon.dat,DAT,f61c852dfeaab2c499c04718e1289922,4B5C912FEAEE51B5E7A8B0AD7FC1860130A60766A0F5C742A910BA828542ED76,MIGRATION_REVIEW_NO_DELETE_AUTHORIZATION,[],0,"[""Assets/NTSD/Config/specialattack/summon.dat""]",False,
Assets/NTSD/Config/specialattack/sword.dat,DAT,a5ac827632b1b8a4f89179ea4ee85f9c,28F3038710B4CD09819278EEE9DA2B779532400375CEBD6CBD438B949BDE90C4,MIGRATION_REVIEW_NO_DELETE_AUTHORIZATION,[],0,"[""Assets/NTSD/Config/specialattack/sword.dat""]",False,
Assets/NTSD/Config/specialattack/thunder_creature.dat,DAT,42bf24b94faee684781465d52b847c2d,6CA0A83B7724EF4BDF042984157BADAC1EFF51266DE7CFD0661E803D91EE9F3F,MIGRATION_REVIEW_NO_DELETE_AUTHORIZATION,[],0,"[""Assets/NTSD/Config/specialattack/thunder_creature.dat""]",False,
Assets/NTSD/Config/specialattack/tree.dat,DAT,5b54db60ecb50c242aab7766f146f0e4,5D6B7A54C7BE920924683AFD2E81D7E62F83D8B5B9ECA60C76AF690CB247A295,MIGRATION_REVIEW_NO_DELETE_AUTHORIZATION,[],0,"[""Assets/NTSD/Config/specialattack/tree.dat""]",False,
Assets/NTSD/Config/specialattack/water.dat,DAT,2f126c1c6fbb3c5429bb072bea8d1e61,9EBF700EED9D742CF603C9541BC1BD0410CF42B9AA0ECB2C5EC7B703E40F54AA,MIGRATION_REVIEW_NO_DELETE_AUTHORIZATION,[],0,"[""Assets/NTSD/Config/specialattack/water.dat""]",False,
Assets/NTSD/Config/specialattack/wave.dat,DAT,6ccf65ef16ea62545a88a75d7daf4faa,D751946ACB0B937965F50112FB16B4053F317B7675CD0BBC51E37BBFC0E25028,MIGRATION_REVIEW_NO_DELETE_AUTHORIZATION,[],0,"[""Assets/NTSD/Config/specialattack/wave.dat""]",False,
Assets/NTSD/Config/specialattack/wind.dat,DAT,7fc5481ea6784a3428cdd3367560491c,4DC24EB30E078F4991E164BB5D5E87A44BC256D1D7B62A5817FC7BF435DBB4FB,MIGRATION_REVIEW_NO_DELETE_AUTHORIZATION,[],0,"[""Assets/NTSD/Config/specialattack/wind.dat""]",False,
Assets/NTSD/Config/specialattack/wood.dat,DAT,7c0bee6cd50a30c418fb69c8dc956f34,BF772FEC00586C94722F29981B27DB8B6253B0869E19614CCF124BFF28B8ECC5,MIGRATION_REVIEW_NO_DELETE_AUTHORIZATION,[],0,"[""Assets/NTSD/Config/specialattack/wood.dat""]",False,
Assets/NTSD/Sprite/Character/chiyo/chiyo.bmp,IMAGE,01deb624048b8f440b2dc07cd568836c,8BC631CED83F2530C4397DD0A2B573DC9531A7224FDF5EDC3E3517A446231630,REFERENCED_BY_OLD_INDEXED_CONTENT_REVIEW,[],0,"[""Assets/NTSD/Sprite/Character/chiyo/chiyo.bmp""]",False,[8]
Assets/NTSD/Sprite/Character/chiyo/chiyo2.bmp,IMAGE,608cfb8ca2297a843a2eba95e1707aed,AADBC818FF216FB78181D069F5FDB8B22BA75AE9167B24B91B790D17E6DC6EAA,REFERENCED_BY_OLD_INDEXED_CONTENT_REVIEW,[],0,"[""Assets/NTSD/Sprite/Character/chiyo/chiyo2.bmp""]",False,[8]
Assets/NTSD/Sprite/Character/chiyo/chiyo_f.bmp,IMAGE,8c2b4fa08a5a5f146a709b4ffb92c3af,813EFF583BB841AF0BF2B1B89134D1CD97CDE40182237E20FBA7A776483E6D6E,REFERENCED_BY_OLD_INDEXED_CONTENT_REVIEW,[],0,"[""Assets/NTSD/Sprite/Character/chiyo/chiyo_f.bmp""]",False,[8]
Assets/NTSD/Sprite/Character/chiyo/chiyo_s.bmp,IMAGE,3e326be25cbafd34ba32a090257aba46,59B126FF2F6D8EDC69DAC0DBE408B2636A5F7A3ACF7696478F52D0BF7B0BA13A,REFERENCED_BY_OLD_INDEXED_CONTENT_REVIEW,[],0,"[""Assets/NTSD/Sprite/Character/chiyo/chiyo_s.bmp""]",False,[8]
Assets/NTSD/Sprite/Character/deidara/deidara_0.bmp,IMAGE,acf347cbd9fa6d74cb9e29fce033f4c0,C7B8718C4F225C927A58134045845B81CBBCC3E14E772D24A9567F0E2C655EE3,REFERENCED_BY_OLD_INDEXED_CONTENT_REVIEW,[],0,"[""Assets/NTSD/Sprite/Character/deidara/deidara_0.bmp""]",False,[10]
Assets/NTSD/Sprite/Character/deidara/deidara_2.bmp,IMAGE,b678215ebd2c34b4fa018cf7eeefe228,97D4CA9EEF97806186CE556234D46FBEA7701726F579EA7D78A26B1D5A094414,REFERENCED_BY_OLD_INDEXED_CONTENT_REVIEW,[],0,"[""Assets/NTSD/Sprite/Character/deidara/deidara_2.bmp""]",False,[10]
Assets/NTSD/Sprite/Character/deidara/deidara_3.bmp,IMAGE,18f2f386f4ddd094ca2671263955998c,8F1E6936845BA3E48B852D86245013494773B90457AE2E0AB5CC140B300BB2C5,REFERENCED_BY_OLD_INDEXED_CONTENT_REVIEW,[],0,"[""Assets/NTSD/Sprite/Character/deidara/deidara_3.bmp""]",False,[10]
Assets/NTSD/Sprite/Character/deidara/deidara_f.bmp,IMAGE,2f0a589bf7c411d48a0ba2337098132e,94E9B5467F35367A789F20F1B9AEA713E49145FD2700B6DBDEC6B4408DAE9C23,REFERENCED_BY_OLD_INDEXED_CONTENT_REVIEW,[],0,"[""Assets/NTSD/Sprite/Character/deidara/deidara_f.bmp""]",False,[10]
Assets/NTSD/Sprite/Character/deidara/deidara_s.bmp,IMAGE,4a77c3ecba9c79548b66b652df5f1d44,13414C30BB7742B80AAF0B1BFDDAAC5A4639202C44D268FF85BC4C2C76B7C0E5,REFERENCED_BY_OLD_INDEXED_CONTENT_REVIEW,[],0,"[""Assets/NTSD/Sprite/Character/deidara/deidara_s.bmp""]",False,[10]
Assets/NTSD/Sprite/Character/deidara_bird/deidara_3.bmp,IMAGE,22d417018c2deec4592ef95e7406cf13,8F1E6936845BA3E48B852D86245013494773B90457AE2E0AB5CC140B300BB2C5,REFERENCED_BY_OLD_INDEXED_CONTENT_REVIEW,[],0,"[""Assets/NTSD/Sprite/Character/deidara_bird/deidara_3.bmp""]",False,[58]
Assets/NTSD/Sprite/Character/deidara_bird/deidara_4.bmp,IMAGE,05608122e73c02846991fa622663c158,0CC1D3E1A59465F884F1A60A5A25241A7DC9DA5583BFA59E2CF7B766E1AD3458,REFERENCED_BY_OLD_INDEXED_CONTENT_REVIEW,[],0,"[""Assets/NTSD/Sprite/Character/deidara_bird/deidara_4.bmp""]",False,[58]
Assets/NTSD/Sprite/Character/deidara_bird/deidara_bird_f.bmp,IMAGE,1327781eaa9dd374e9a0b2874e5d1b3c,1B58D02FF9ED5CCA21D7B73E007F4F06805B45ECB0B0713A4FFF28173AF41AF0,REFERENCED_BY_OLD_INDEXED_CONTENT_REVIEW,[],0,"[""Assets/NTSD/Sprite/Character/deidara_bird/deidara_bird_f.bmp""]",False,[58]
Assets/NTSD/Sprite/Character/deidara_bird/deidara_s.bmp,IMAGE,6fcde3f6013dc7f4e8c075a20be9ee1e,13414C30BB7742B80AAF0B1BFDDAAC5A4639202C44D268FF85BC4C2C76B7C0E5,REFERENCED_BY_OLD_INDEXED_CONTENT_REVIEW,[],0,"[""Assets/NTSD/Sprite/Character/deidara_bird/deidara_s.bmp""]",False,[58]
Assets/NTSD/Sprite/Character/gaara/gaara.bmp,IMAGE,7c9f30eb6fc05a94384bf726fcf34ad1,8566EEAE5496FE09347F7C2465B86F2FFCA3DA9B0B8E4F3AA90FE56B15D89B81,REFERENCED_BY_OLD_INDEXED_CONTENT_REVIEW,[],0,"[""Assets/NTSD/Sprite/Character/gaara/gaara.bmp""]",False,[16]
Assets/NTSD/Sprite/Character/gaara/gaara_2.bmp,IMAGE,6d864a0aa5561c14388d462455f5d5ab,2618764882C5DDBA093F2475D45A3CC37160FAD047DF1CCDA51835094BA30677,REFERENCED_BY_OLD_INDEXED_CONTENT_REVIEW,[],0,"[""Assets/NTSD/Sprite/Character/gaara/gaara_2.bmp""]",False,[16]
Assets/NTSD/Sprite/Character/gaara/gaara_f.bmp,IMAGE,1003b8e0879e4744c8a973a97f470e71,29C04B213DAEEC3EB98DFF48EF2AD40FC40EA71D6F4CDCE40B36BE38B84A0745,REFERENCED_BY_OLD_INDEXED_CONTENT_REVIEW,[],0,"[""Assets/NTSD/Sprite/Character/gaara/gaara_f.bmp""]",False,[16]
Assets/NTSD/Sprite/Character/gaara/gaara_s.bmp,IMAGE,adbcce4aa4c2d0f408363af265f846c2,21BC1DF269A2EC331A2104EF41009D7B25656098A8F938EBCB938D797160325C,REFERENCED_BY_OLD_INDEXED_CONTENT_REVIEW,[],0,"[""Assets/NTSD/Sprite/Character/gaara/gaara_s.bmp""]",False,[16]
Assets/NTSD/Sprite/Character/hidan/hidan.bmp,IMAGE,46626468f7e51e44eb5f424856bdf8fc,310B87F2D2AC9BBC45E366EB926D7230092C5477B632E7D05E7053987A698A10,REFERENCED_BY_OLD_INDEXED_CONTENT_REVIEW,[],0,"[""Assets/NTSD/Sprite/Character/hidan/hidan.bmp""]",False,[24]
Assets/NTSD/Sprite/Character/hidan/hidan_2.bmp,IMAGE,6db8c81d8b686944b9421c55e5f61542,BF51B1E2D148ADEA864CDB6626E4AAFC07D1340584C98ACB55ACCE93E0550EFF,REFERENCED_BY_OLD_INDEXED_CONTENT_REVIEW,[],0,"[""Assets/NTSD/Sprite/Character/hidan/hidan_2.bmp""]",False,[24]
Assets/NTSD/Sprite/Character/hidan/hidan_3.bmp,IMAGE,8e35a2ba22bf16b4c8e8bb5d1a56f41b,F0E49FD3B7ED6719E2EE780968ECACCA7AE91E3229E1709B9CE4A84E78675AC9,REFERENCED_BY_OLD_INDEXED_CONTENT_REVIEW,[],0,"[""Assets/NTSD/Sprite/Character/hidan/hidan_3.bmp""]",False,[24]
Assets/NTSD/Sprite/Character/hidan/hidan_4.bmp,IMAGE,13406408970b9d547a51e9ba1d16f848,955578B1AD8F07C13B826AA849170789FC089A10D8421A3FD5A8FB452EFF04DA,REFERENCED_BY_OLD_INDEXED_CONTENT_REVIEW,[],0,"[""Assets/NTSD/Sprite/Character/hidan/hidan_4.bmp""]",False,[24]
Assets/NTSD/Sprite/Character/hidan/hidan_f.bmp,IMAGE,f8b403a7726fe8b489a968072c6d486c,E0F25D47CAB4ABC9460F451C90BB5FB78F8AAFAB037D27FBFC4D8F6494DEC6BF,REFERENCED_BY_OLD_INDEXED_CONTENT_REVIEW,[],0,"[""Assets/NTSD/Sprite/Character/hidan/hidan_f.bmp""]",False,[24]
Assets/NTSD/Sprite/Character/hidan/hidan_s.bmp,IMAGE,46262a5a8be74c049874a91ac4f3821c,31CC1C629EC79421C000AAA7E4F1D9AE51D1B607F3CAEC3197C2BEEC4D2FFBEE,REFERENCED_BY_OLD_INDEXED_CONTENT_REVIEW,[],0,"[""Assets/NTSD/Sprite/Character/hidan/hidan_s.bmp""]",False,[24]
Assets/NTSD/Sprite/Character/hidan/slashing_hidan.bmp,IMAGE,ad1e405ae133d1c4a83ca73106edfc72,A7AD1D519EFA51337AAA5074CD5B96FC3B5F98809E7092943156968884A7028B,REFERENCED_BY_OLD_INDEXED_CONTENT_REVIEW,[],0,"[""Assets/NTSD/Sprite/Character/hidan/slashing_hidan.bmp""]",False,[24]
Assets/NTSD/Sprite/Character/Hsasori/Hsasori.bmp,IMAGE,c55d98e35674a1e4ba62ef67c8638edb,E72507F40A70E19CA09532BADB6A1DA762BE658D1EA89EAE20373BCB47AD9449,REFERENCED_BY_OLD_INDEXED_CONTENT_REVIEW,[],0,"[""Assets/NTSD/Sprite/Character/Hsasori/Hsasori.bmp""]",False,[6]
Assets/NTSD/Sprite/Character/Hsasori/Hsasori_2.bmp,IMAGE,ccc17404430dcbc40af9cc592c3d3854,AE0F4807CEF00511F601D35D1E179B2393D60E10F7207153BBA3CA30F654BF9B,REFERENCED_BY_OLD_INDEXED_CONTENT_REVIEW,[],0,"[""Assets/NTSD/Sprite/Character/Hsasori/Hsasori_2.bmp""]",False,[6]
Assets/NTSD/Sprite/Character/Hsasori/Hsasori_3.bmp,IMAGE,9af834f168746704fb3181bb737aab63,A0EA344D8E40036FA9ABEF50E2178D53B31EBE07D26A697C43FC296B49085CEC,REFERENCED_BY_OLD_INDEXED_CONTENT_REVIEW,[],0,"[""Assets/NTSD/Sprite/Character/Hsasori/Hsasori_3.bmp""]",False,[6]
Assets/NTSD/Sprite/Character/Hsasori/Hsasori_4.bmp,IMAGE,780a7538040e0a74cbe1a6ccfc3d8098,AD242BB16166FDD877DA46F352C8D376E4F8A0E62187FCE8EEA513D30898055B,REFERENCED_BY_OLD_INDEXED_CONTENT_REVIEW,[],0,"[""Assets/NTSD/Sprite/Character/Hsasori/Hsasori_4.bmp""]",False,[6]
Assets/NTSD/Sprite/Character/Hsasori/Hsasori_f.bmp,IMAGE,662894266f8419a43a4c5101d3e1a4e1,6B11A4CC845C5CF1CE2A8038F7651D192C1F921CF2D7EC5F014983F962E16BFE,REFERENCED_BY_OLD_INDEXED_CONTENT_REVIEW,[],0,"[""Assets/NTSD/Sprite/Character/Hsasori/Hsasori_f.bmp""]",False,[6]
Assets/NTSD/Sprite/Character/Hsasori/Hsasori_s.bmp,IMAGE,78b192fc51a9ec94c9b480fd9a61f87a,6A54C97A23EF4CA5756D6FA2D1738AF097692D8F9E72230B8D3B3C24048F4080,REFERENCED_BY_OLD_INDEXED_CONTENT_REVIEW,[],0,"[""Assets/NTSD/Sprite/Character/Hsasori/Hsasori_s.bmp""]",False,[6]
Assets/NTSD/Sprite/Character/hunter/claw_nin.bmp,IMAGE,ce9a7de8f0e7c10409ce1bac25458a85,FF0A426E3BDA3EBE81D74A4F6B887E17CD7A04E9041CF6CBEC66B58CEE310E25,REFERENCED_BY_OLD_INDEXED_CONTENT_REVIEW,[],0,"[""Assets/NTSD/Sprite/Character/hunter/claw_nin.bmp""]",False,[32]
Assets/NTSD/Sprite/Character/hunter/hunter_0.bmp,IMAGE,b9f8c78ae8bb64b4dba5872ec7e27b0d,DDCCB0600A7B3F96B0500CC06FD6E471B96A8AFDD1A38E4C8BDA411463EBC7B7,REFERENCED_BY_OLD_INDEXED_CONTENT_REVIEW,[],0,"[""Assets/NTSD/Sprite/Character/hunter/hunter_0.bmp""]",False,[32]
Assets/NTSD/Sprite/Character/hunter/hunter_f.bmp,IMAGE,0134ed308efda7f489a6794e26905f2a,82463F639423D526C3A178B9CFAC963231B3A71A0C9DDAF001D62DB15EF88335,REFERENCED_BY_OLD_INDEXED_CONTENT_REVIEW,[],0,"[""Assets/NTSD/Sprite/Character/hunter/hunter_f.bmp""]",False,[32]
Assets/NTSD/Sprite/Character/hunter/hunter_s.bmp,IMAGE,b3395feb57afab641bc028623e0f3416,D4A1CDDD497956D621912F2A668B7DAA15161E83DEEE9DAC06FCE932B56ED322,REFERENCED_BY_OLD_INDEXED_CONTENT_REVIEW,[],0,"[""Assets/NTSD/Sprite/Character/hunter/hunter_s.bmp""]",False,[32]
Assets/NTSD/Sprite/Character/itachi/itachi.bmp,IMAGE,a5d4a1610ae5d1f4d86f45019e257c29,5D967DD5A45FAC312353D45A106B96A59C484BC0E03E041C5FBFC5BC2C46BE40,REFERENCED_BY_OLD_INDEXED_CONTENT_REVIEW,[],0,"[""Assets/NTSD/Sprite/Character/itachi/itachi.bmp""]",False,[9]
Assets/NTSD/Sprite/Character/itachi/itachi_2.bmp,IMAGE,61d3d34d0d629e74ca5a99690401305a,B71FC0042081B00082B6DA8393B3491C9458F70403E97004ACE3F8E1F5EFD12F,REFERENCED_BY_OLD_INDEXED_CONTENT_REVIEW,[],0,"[""Assets/NTSD/Sprite/Character/itachi/itachi_2.bmp""]",False,[9]
Assets/NTSD/Sprite/Character/itachi/itachi_3.bmp,IMAGE,c436bb46d01dfaa49b0c13ad1dc9fed6,30DDE8F437FBA0A04B46F241A975467076D57C613C55D2A7722C1C116A8E50F1,REFERENCED_BY_OLD_INDEXED_CONTENT_REVIEW,[],0,"[""Assets/NTSD/Sprite/Character/itachi/itachi_3.bmp""]",False,[9]
Assets/NTSD/Sprite/Character/itachi/itachi_4.bmp,IMAGE,6a5296dd0da0c2b4c904ef9306dae71a,325B06453C7342093FD3914404BCA5BE8BB71E312B837C64F10EB20F396283C0,REFERENCED_BY_OLD_INDEXED_CONTENT_REVIEW,[],0,"[""Assets/NTSD/Sprite/Character/itachi/itachi_4.bmp""]",False,[9]
Assets/NTSD/Sprite/Character/itachi/itachi_f.bmp,IMAGE,51523d80b7d0da94284c626be0c8a985,4EDE5ABE40292EDE3FEBFB18DBBA1A37764DC363781DB2D004477A7148DB647A,REFERENCED_BY_OLD_INDEXED_CONTENT_REVIEW,[],0,"[""Assets/NTSD/Sprite/Character/itachi/itachi_f.bmp""]",False,[9]
Assets/NTSD/Sprite/Character/itachi/itachi_s.bmp,IMAGE,3f01a567c8414444abab3f3824c26cf9,56C5B4220C9803EAF5837EE634BD738F7B5A655BCFFF8C8308817F092BCD4385,REFERENCED_BY_OLD_INDEXED_CONTENT_REVIEW,[],0,"[""Assets/NTSD/Sprite/Character/itachi/itachi_s.bmp""]",False,[9]
Assets/NTSD/Sprite/Character/jiraiya/jiraiya.bmp,IMAGE,df70c6ca128adb54fa31a7e6b141ea7b,217186D90615B9CE55458545FE93B774DA769F0C71A597DF9E4C707E9676A879,REFERENCED_BY_OLD_INDEXED_CONTENT_REVIEW,[],0,"[""Assets/NTSD/Sprite/Character/jiraiya/jiraiya.bmp""]",False,[21]
Assets/NTSD/Sprite/Character/jiraiya/jiraiya_2.bmp,IMAGE,eb2a7d492d48f1c4db930a9c1801977d,27DEBAEA78A4B36E63134800D0DE75617557F1D5E7EEA3A9297D1A42D15D665F,REFERENCED_BY_OLD_INDEXED_CONTENT_REVIEW,[],0,"[""Assets/NTSD/Sprite/Character/jiraiya/jiraiya_2.bmp""]",False,[21]
Assets/NTSD/Sprite/Character/jiraiya/jiraiya_3.bmp,IMAGE,f5997c2af2d2ede4991d5ed197a3ed0e,9BB185D904B01E6B2FBDA3C99869D01B02E333096CB3796466554672BC673C43,REFERENCED_BY_OLD_INDEXED_CONTENT_REVIEW,[],0,"[""Assets/NTSD/Sprite/Character/jiraiya/jiraiya_3.bmp""]",False,[21]
Assets/NTSD/Sprite/Character/jiraiya/jiraiya_4.bmp,IMAGE,6fe6fc8f0ce325d4991c57d08bedff41,CC0F49F7CC369F6C6ABE05112E4923AA11F3E42BA303F7C5C5F2B6AAC691A913,REFERENCED_BY_OLD_INDEXED_CONTENT_REVIEW,[],0,"[""Assets/NTSD/Sprite/Character/jiraiya/jiraiya_4.bmp""]",False,[21]
Assets/NTSD/Sprite/Character/jiraiya/jiraiya_f.bmp,IMAGE,e7519bed0e7489949b783882c33227bc,262AE3BC7734CAC860C4135FA52F2742EE744DC15F4A22AAE6EE5C0D4A72F8C1,REFERENCED_BY_OLD_INDEXED_CONTENT_REVIEW,[],0,"[""Assets/NTSD/Sprite/Character/jiraiya/jiraiya_f.bmp""]",False,[21]
Assets/NTSD/Sprite/Character/jiraiya/jiraiya_s.bmp,IMAGE,4038b4f29260f714da1fd809c4ce4046,3DAAF116149DC181C87B493FADB6FD1CE8A8116705CDA1456EE777774DF61851,REFERENCED_BY_OLD_INDEXED_CONTENT_REVIEW,[],0,"[""Assets/NTSD/Sprite/Character/jiraiya/jiraiya_s.bmp""]",False,[21]
Assets/NTSD/Sprite/Character/jiroubou/cave.bmp,IMAGE,855e09e9c99987a42a0a0032bdbec52a,E672B335DAD31173FB8225DBBD8BC741FB5766233FFB72D68CD6FDF00F819164,REFERENCED_BY_OLD_INDEXED_CONTENT_REVIEW,[],0,"[""Assets/NTSD/Sprite/Character/jiroubou/cave.bmp""]",False,[37]
Assets/NTSD/Sprite/Character/jiroubou/jiroubou.bmp,IMAGE,ea5bfeaac3677dc4c9d1c05d1f3727c1,56D60E33C51B196A2317E3E4B81E96BCA5EF5C83D6D6B138ED8A83E9921C8A83,REFERENCED_BY_OLD_INDEXED_CONTENT_REVIEW,[],0,"[""Assets/NTSD/Sprite/Character/jiroubou/jiroubou.bmp""]",False,[37]
Assets/NTSD/Sprite/Character/jiroubou/jiroubou_2.bmp,IMAGE,4cdf9d0993f987c4c80329a187f438aa,5C83817DFB86D5EF4E3F3D97BB8DD71A357EF5A80315669292F777581F55E9AE,REFERENCED_BY_OLD_INDEXED_CONTENT_REVIEW,[],0,"[""Assets/NTSD/Sprite/Character/jiroubou/jiroubou_2.bmp""]",False,[37]
Assets/NTSD/Sprite/Character/jiroubou/jiroubou_3.bmp,IMAGE,27664b33bea40814096ba1889f844005,5E314382DAE2E26DA897CBBD5E84D1943A4339640CA93D6BE29CA216D42D1BB4,REFERENCED_BY_OLD_INDEXED_CONTENT_REVIEW,[],0,"[""Assets/NTSD/Sprite/Character/jiroubou/jiroubou_3.bmp""]",False,[37]
Assets/NTSD/Sprite/Character/jiroubou/jiroubou_f.bmp,IMAGE,5493340f255492d4e9c8626378608e85,257D3438620817AB81B0E4E1089C25C67055B228CC9BA11869948F4E333D4971,REFERENCED_BY_OLD_INDEXED_CONTENT_REVIEW,[],0,"[""Assets/NTSD/Sprite/Character/jiroubou/jiroubou_f.bmp""]",False,[37]
Assets/NTSD/Sprite/Character/jiroubou/jiroubou_s.bmp,IMAGE,a9c0c17e26d452d4b85039c2201272b4,901B252A294C2E8C58854A60C404D54D8F9CCE1CCC14BA2060A593238AC327E4,REFERENCED_BY_OLD_INDEXED_CONTENT_REVIEW,[],0,"[""Assets/NTSD/Sprite/Character/jiroubou/jiroubou_s.bmp""]",False,[37]
Assets/NTSD/Sprite/Character/kabuto/kabuto.bmp,IMAGE,8cd5fd347d0faaa48adf753b3c85e40d,646F1B40C6A9C556C3EA640D038C910F725B277BA096EC20B380C920785F1EB6,REFERENCED_BY_OLD_INDEXED_CONTENT_REVIEW,[],0,"[""Assets/NTSD/Sprite/Character/kabuto/kabuto.bmp""]",False,[23]
Assets/NTSD/Sprite/Character/kabuto/kabuto_2.bmp,IMAGE,16c01639a0d9c6d4fbd799a4e97a8367,AF3AD3C4BC35944D5CCF526134F4B3D9F17F25703FD012952E34F806BF93EA7D,REFERENCED_BY_OLD_INDEXED_CONTENT_REVIEW,[],0,"[""Assets/NTSD/Sprite/Character/kabuto/kabuto_2.bmp""]",False,[23]
Assets/NTSD/Sprite/Character/kabuto/kabuto_f.bmp,IMAGE,050bba2c36c3c19428bf89a3c2650fd0,79C5AD01E0CE5AA0C3CBFA1D8833B9A7AB1CAC297233243A86F28457326F824D,REFERENCED_BY_OLD_INDEXED_CONTENT_REVIEW,[],0,"[""Assets/NTSD/Sprite/Character/kabuto/kabuto_f.bmp""]",False,[23]
Assets/NTSD/Sprite/Character/kabuto/kabuto_s.bmp,IMAGE,c01d1ba3f8469714086c6e17d8e1de48,4889CDD3805EC59B6300252CAB3303C486DE28189F9851714908D258CE694A6B,REFERENCED_BY_OLD_INDEXED_CONTENT_REVIEW,[],0,"[""Assets/NTSD/Sprite/Character/kabuto/kabuto_s.bmp""]",False,[23]
Assets/NTSD/Sprite/Character/KakaShi/kakashi.bmp,IMAGE,24e706d141539504f9a8b78e2e97a11e,F56CC9939465F6FDF9CEC87FC8C3BFA6173E896D4495BEFB09C4CC81B912A515,REFERENCED_BY_OLD_INDEXED_CONTENT_REVIEW,[],0,"[""Assets/NTSD/Sprite/Character/KakaShi/kakashi.bmp""]",False,[3]
Assets/NTSD/Sprite/Character/KakaShi/kakashi_2.bmp,IMAGE,17e9d85b74a675c49b327467aab25935,0C180CED34B26A489A71B501438D0EF57804BD7AEB9BE7790A468F7FDDFECB95,REFERENCED_BY_OLD_INDEXED_CONTENT_REVIEW,[],0,"[""Assets/NTSD/Sprite/Character/KakaShi/kakashi_2.bmp""]",False,[3]
Assets/NTSD/Sprite/Character/KakaShi/kakashi_f.bmp,IMAGE,9c6bec632505eea4b924df392ccc6ab1,94C9DB0284EEB4B73DF2E1FB9AA7AEC3049DB389CB1A8E014B0D47EE1F962606,REFERENCED_BY_OLD_INDEXED_CONTENT_REVIEW,[],0,"[""Assets/NTSD/Sprite/Character/KakaShi/kakashi_f.bmp""]",False,[3]
Assets/NTSD/Sprite/Character/KakaShi/kakashi_s.bmp,IMAGE,60d6305beddcaa34ea3b2a9d4051e1e4,CE03056E6073EDFDA273DCC18217BB7E451A99CCD7630228CF6BAA16D2355A74,REFERENCED_BY_OLD_INDEXED_CONTENT_REVIEW,[],0,"[""Assets/NTSD/Sprite/Character/KakaShi/kakashi_s.bmp""]",False,[3]
Assets/NTSD/Sprite/Character/kakuzu/hidan.bmp,IMAGE,a02b06c66cae6c24f8df150be1815e4b,310B87F2D2AC9BBC45E366EB926D7230092C5477B632E7D05E7053987A698A10,REFERENCED_BY_OLD_INDEXED_CONTENT_REVIEW,[],0,"[""Assets/NTSD/Sprite/Character/kakuzu/hidan.bmp""]",False,[25]
Assets/NTSD/Sprite/Character/kakuzu/kakuzu.bmp,IMAGE,528fbe75d36ad2645953be96f7c3e16b,4C6E8EF3ED5336C117056CE89FC9E30C44E8EF5D5F8AB0FF440CF182DCABA3B7,REFERENCED_BY_OLD_INDEXED_CONTENT_REVIEW,[],0,"[""Assets/NTSD/Sprite/Character/kakuzu/kakuzu.bmp""]",False,[25]
Assets/NTSD/Sprite/Character/kakuzu/kakuzu3.bmp,IMAGE,23e9552a5c7b5734eac935941fad183e,EB1FEC5939206F4C5CBA52E8CA5C789882BE59DEDDB1743EEE7B9E0F2D96F7CC,REFERENCED_BY_OLD_INDEXED_CONTENT_REVIEW,[],0,"[""Assets/NTSD/Sprite/Character/kakuzu/kakuzu3.bmp""]",False,[25]
Assets/NTSD/Sprite/Character/kakuzu/kakuzu4.bmp,IMAGE,bb91b37531753c7468303db4548f369a,D8D4521CB72A70705D50188036F5D1234A6C032D4462C81AC861BBBD354016DC,REFERENCED_BY_OLD_INDEXED_CONTENT_REVIEW,[],0,"[""Assets/NTSD/Sprite/Character/kakuzu/kakuzu4.bmp""]",False,[25]
Assets/NTSD/Sprite/Character/kakuzu/kakuzu_f.bmp,IMAGE,42e9b2bbe35bee64aa1f89730542b6f4,58DBB47391524BF3CEED2C382F708D22E0B9E0B89D4BE66CED829A98C18F0FFD,REFERENCED_BY_OLD_INDEXED_CONTENT_REVIEW,[],0,"[""Assets/NTSD/Sprite/Character/kakuzu/kakuzu_f.bmp""]",False,[25]
Assets/NTSD/Sprite/Character/kakuzu/kakuzu_s.bmp,IMAGE,32ec3568ca026e541a908955ed0a9eac,3E75AB10958F18DF0B7274205AD08A601C46B3240F7F2E7E43FF87F20F84BA16,REFERENCED_BY_OLD_INDEXED_CONTENT_REVIEW,[],0,"[""Assets/NTSD/Sprite/Character/kakuzu/kakuzu_s.bmp""]",False,[25]
Assets/NTSD/Sprite/Character/kankuro/kankuro.bmp,IMAGE,15518744ffd80224eb675afe58c6d1e6,571EC4C5FDCAC94BD15C0DDCC6E9D5D5290CA92D07EF8659F9CE03A8500C9A7E,REFERENCED_BY_OLD_INDEXED_CONTENT_REVIEW,[],0,"[""Assets/NTSD/Sprite/Character/kankuro/kankuro.bmp""]",False,[14]
Assets/NTSD/Sprite/Character/kankuro/kankuro_2.bmp,IMAGE,352cdaf8ad7f43748ad1d02d3b52baf0,4A96A354AA9A42953771A2E6A718095B02543A0953A7209DE2552012F90BC7B4,REFERENCED_BY_OLD_INDEXED_CONTENT_REVIEW,[],0,"[""Assets/NTSD/Sprite/Character/kankuro/kankuro_2.bmp""]",False,[14]
Assets/NTSD/Sprite/Character/kankuro/kankuro_f.bmp,IMAGE,1465d17e6baf9244881250f1172f8a5c,3862A667EA09DCC8C2AEF6C06763B4434AF05E38700E98421D9B38C9DFF8ECAF,REFERENCED_BY_OLD_INDEXED_CONTENT_REVIEW,[],0,"[""Assets/NTSD/Sprite/Character/kankuro/kankuro_f.bmp""]",False,[14]
Assets/NTSD/Sprite/Character/kankuro/kankuro_s.bmp,IMAGE,b65f7a9d6794f144f9ff90a7eee06053,770BF5ECF0FBE364CF8AC1F63CAFE41E605FE95319077AA39D64F671E2B7FA84,REFERENCED_BY_OLD_INDEXED_CONTENT_REVIEW,[],0,"[""Assets/NTSD/Sprite/Character/kankuro/kankuro_s.bmp""]",False,[14]
Assets/NTSD/Sprite/Character/kiba/deidara_2.bmp,IMAGE,23b5ed0b9a981df4ab19c0720e895223,97D4CA9EEF97806186CE556234D46FBEA7701726F579EA7D78A26B1D5A094414,REFERENCED_BY_OLD_INDEXED_CONTENT_REVIEW,[],0,"[""Assets/NTSD/Sprite/Character/kiba/deidara_2.bmp""]",False,[12]
Assets/NTSD/Sprite/Character/kiba/kiba_0.bmp,IMAGE,7c51079a6036ccb4f8f045b100796af4,0DE4FDDA06B6A6C25269E8AF97B0F42D7D8D93A581B0BCA2002CEFA6F36473D4,REFERENCED_BY_OLD_INDEXED_CONTENT_REVIEW,[],0,"[""Assets/NTSD/Sprite/Character/kiba/kiba_0.bmp""]",False,[12]
Assets/NTSD/Sprite/Character/kiba/kiba_2.bmp,IMAGE,8a778a9655497464b99281f1c96b774b,A818567E146F6539A846072C052856959DA095076115310E52922B7B48C8DDA0,REFERENCED_BY_OLD_INDEXED_CONTENT_REVIEW,[],0,"[""Assets/NTSD/Sprite/Character/kiba/kiba_2.bmp""]",False,[12]
Assets/NTSD/Sprite/Character/kiba/kiba_f.bmp,IMAGE,dd4fc038a7ae6fb47b1462b0d7ea3f30,0A1EC141E0EA8F5D7973A29BBECEB1B6B4D691762147782008AC921CB949461E,REFERENCED_BY_OLD_INDEXED_CONTENT_REVIEW,[],0,"[""Assets/NTSD/Sprite/Character/kiba/kiba_f.bmp""]",False,[12]
Assets/NTSD/Sprite/Character/kiba/kiba_s.bmp,IMAGE,e7e10a0346801404e9a3c2797ce3b9b9,EB1CD19E65FCC57151EBF4FD2F3B0320179E58135186472B08F77118805B3527,REFERENCED_BY_OLD_INDEXED_CONTENT_REVIEW,[],0,"[""Assets/NTSD/Sprite/Character/kiba/kiba_s.bmp""]",False,[12]
Assets/NTSD/Sprite/Character/kidomaru/kidomaru.bmp,IMAGE,b07422ffd0534494eb530645d0c1b60a,C28BC57FB8B7E4BB454859B99C60C3F4B82936EA16494EA6F14329886ACFD9FA,REFERENCED_BY_OLD_INDEXED_CONTENT_REVIEW,[],0,"[""Assets/NTSD/Sprite/Character/kidomaru/kidomaru.bmp""]",False,[34]
Assets/NTSD/Sprite/Character/kidomaru/kidomaru_2.bmp,IMAGE,2e8a2e3838b66e0469871755a6d0e2ac,78E1E6327BD1B3D206EEE033851D882A4DBF4BA2B5A55B8B065F7ADD84CA9B0D,REFERENCED_BY_OLD_INDEXED_CONTENT_REVIEW,[],0,"[""Assets/NTSD/Sprite/Character/kidomaru/kidomaru_2.bmp""]",False,[34]
Assets/NTSD/Sprite/Character/kidomaru/kidomaru_3.bmp,IMAGE,ff605fcca6d903b449f548bb771e6fa7,9D429FBD750D6F68D3924497ED39D7B0DA705F513C0F621D5E11127158025B7D,REFERENCED_BY_OLD_INDEXED_CONTENT_REVIEW,[],0,"[""Assets/NTSD/Sprite/Character/kidomaru/kidomaru_3.bmp""]",False,[34]
Assets/NTSD/Sprite/Character/kidomaru/kidomaru_f.bmp,IMAGE,62d3d9662c8f3e440ace2181cda39bea,3F7DD2B8BFC0CE078CE8CA90DEB8DD071DE5C3A56EE600D2997EA9BDD047BFDD,REFERENCED_BY_OLD_INDEXED_CONTENT_REVIEW,[],0,"[""Assets/NTSD/Sprite/Character/kidomaru/kidomaru_f.bmp""]",False,[34]
Assets/NTSD/Sprite/Character/kidomaru/kidomaru_s.bmp,IMAGE,e5cde1cfa5574ac488dd65a1293469f3,D4354866123CB1D53AF50BE2DCA6C93F2FF71DEFF7D7B5E48BDF0C1D82274480,REFERENCED_BY_OLD_INDEXED_CONTENT_REVIEW,[],0,"[""Assets/NTSD/Sprite/Character/kidomaru/kidomaru_s.bmp""]",False,[34]
Assets/NTSD/Sprite/Character/kisame/kisame_0.bmp,IMAGE,e984e848e7f58a743aad5dd229800e3e,8986F19319C23FA1D924DF07EC1980387A192878B4EF26B97998842EE1E8BBC5,REFERENCED_BY_OLD_INDEXED_CONTENT_REVIEW,[],0,"[""Assets/NTSD/Sprite/Character/kisame/kisame_0.bmp""]",False,[17]
Assets/NTSD/Sprite/Character/kisame/kisame_2.bmp,IMAGE,51d0d505e9b252940afebcadee88c0df,C6501972801715491A5CD87F25111238B677AEF662D076B37D46D23B3A10E518,REFERENCED_BY_OLD_INDEXED_CONTENT_REVIEW,[],0,"[""Assets/NTSD/Sprite/Character/kisame/kisame_2.bmp""]",False,[17]
Assets/NTSD/Sprite/Character/kisame/kisame_3.bmp,IMAGE,c5af755dd06e2544ea739bf87def0704,693DEFD204EE606F5E542898070C9972AC5B62B3001D1BD86D74DB0739184777,REFERENCED_BY_OLD_INDEXED_CONTENT_REVIEW,[],0,"[""Assets/NTSD/Sprite/Character/kisame/kisame_3.bmp""]",False,[17]
Assets/NTSD/Sprite/Character/kisame/kisame_f.bmp,IMAGE,7f17842ff63cd4348a26f04ba7428542,6923DF906ACCC5EB19CB97E3A2CD184430577BFEC9DAD769F729BE08ABCC5924,REFERENCED_BY_OLD_INDEXED_CONTENT_REVIEW,[],0,"[""Assets/NTSD/Sprite/Character/kisame/kisame_f.bmp""]",False,[17]
Assets/NTSD/Sprite/Character/kisame/kisame_s.bmp,IMAGE,8fdbc0439c17eb248ba1414ca718f87b,ADC2A9B1FA141538727110E2F76FF02D5F21BDEA5B53E987DDA0A2C837C54866,REFERENCED_BY_OLD_INDEXED_CONTENT_REVIEW,[],0,"[""Assets/NTSD/Sprite/Character/kisame/kisame_s.bmp""]",False,[17]
Assets/NTSD/Sprite/Character/kyubi/4tk.bmp,IMAGE,566fa4f7c2ffc8c42bf0f28810d5dbd4,F803872EE8C69897D3CDCA1EA07C0B2E7D3936EDA7702B9F1DCE08AA41F50E35,REFERENCED_BY_OLD_INDEXED_CONTENT_REVIEW,[],0,"[""Assets/NTSD/Sprite/Character/kyubi/4tk.bmp""]",False,[52]
Assets/NTSD/Sprite/Character/kyubi/4tk2.bmp,IMAGE,ffece8a39ae48e143941a550a6e522fa,594DF3EEC6348B1EE7F6DA833C5F0231ECCDC1673D8CEC92CD14CD1934D09755,REFERENCED_BY_OLD_INDEXED_CONTENT_REVIEW,[],0,"[""Assets/NTSD/Sprite/Character/kyubi/4tk2.bmp""]",False,[52]
Assets/NTSD/Sprite/Character/kyubi/kyubi.bmp,IMAGE,b1d2f5abec51f6442aa1347c65b8b3bd,623D22C3CB0A27237273413B7F51CE75B85E924E334B96654CFBE3CA7FFE5A71,REFERENCED_BY_OLD_INDEXED_CONTENT_REVIEW,[],0,"[""Assets/NTSD/Sprite/Character/kyubi/kyubi.bmp""]",False,[52]
Assets/NTSD/Sprite/Character/kyubi/kyubi_3.bmp,IMAGE,14f961b7f5438d044aaac860d139f1ad,59CB17977967F893905D47523C71E2B62F1B2B0D436A8ACBFDE6D8206ACCE6AA,REFERENCED_BY_OLD_INDEXED_CONTENT_REVIEW,[],0,"[""Assets/NTSD/Sprite/Character/kyubi/kyubi_3.bmp""]",False,[52]
Assets/NTSD/Sprite/Character/kyubi/kyubi_f.bmp,IMAGE,e511e180dd3c99f4b9c6ce87daf4941d,D6F77C3E7EB8837AE95D589DDE48C6DA835C09C979E704BA5D11D1FA44772FC5,REFERENCED_BY_OLD_INDEXED_CONTENT_REVIEW,[],0,"[""Assets/NTSD/Sprite/Character/kyubi/kyubi_f.bmp""]",False,[52]
Assets/NTSD/Sprite/Character/kyubi/kyubi_s.bmp,IMAGE,dc04879e34f58f149bae65af47020bcc,4349B89ACDBEC20E3472A634CC0D44C0E34E9F4E3CA931D754BD7F5731BD6CF6,REFERENCED_BY_OLD_INDEXED_CONTENT_REVIEW,[],0,"[""Assets/NTSD/Sprite/Character/kyubi/kyubi_s.bmp""]",False,[52]
Assets/NTSD/Sprite/Character/kyubi/naruto_2.bmp,IMAGE,6b1da239efc8bc34683d8aab7284c9d4,3204AF02BED7295DCF1172F2B8F4707C4604F3EB4188793722269A5C67A45E59,REFERENCED_BY_OLD_INDEXED_CONTENT_REVIEW,[],0,"[""Assets/NTSD/Sprite/Character/kyubi/naruto_2.bmp""]",False,[52]
Assets/NTSD/Sprite/Character/MingRen/naruto_0.bmp,IMAGE,4910ea141c38d0743a43d3a0789613f3,6C043F054E783F1029EDBFDC0FFAE568D069014A205B385DDE14A3F39FD56868,REFERENCED_BY_OLD_INDEXED_CONTENT_REVIEW,[],0,"[""Assets/NTSD/Sprite/Character/MingRen/naruto_0.bmp""]",False,"[2, 33]"
Assets/NTSD/Sprite/Character/MingRen/naruto_2.bmp,IMAGE,7eede661ae05cf445af227a542300894,3204AF02BED7295DCF1172F2B8F4707C4604F3EB4188793722269A5C67A45E59,REFERENCED_BY_OLD_INDEXED_CONTENT_REVIEW,[],0,"[""Assets/NTSD/Sprite/Character/MingRen/naruto_2.bmp""]",False,"[2, 33]"
Assets/NTSD/Sprite/Character/MingRen/naruto_clone_f.bmp,IMAGE,dea33498c4a76234aa0e9bf7f8f6cea6,5B7F6638D784F0F9443474111ACB679B4A454A4A54FADC35BC0BB45A594F241A,REFERENCED_BY_OLD_INDEXED_CONTENT_REVIEW,[],0,"[""Assets/NTSD/Sprite/Character/MingRen/naruto_clone_f.bmp""]",False,[33]
Assets/NTSD/Sprite/Character/MingRen/naruto_f.bmp,IMAGE,43d5902f80a5abb43bc55177e224425e,B02318768DEB72CB59741ECA0D4EE1AE8A4945D019F40099DE5A188B95A072F4,REFERENCED_BY_OLD_INDEXED_CONTENT_REVIEW,[],0,"[""Assets/NTSD/Sprite/Character/MingRen/naruto_f.bmp""]",False,[2]
Assets/NTSD/Sprite/Character/MingRen/naruto_s.bmp,IMAGE,1ac08583b5d010f42a1e5888c4f017bf,113782BE55E3543A23F38FBE22C2D91AF2C1CCBCA11966DB92FEEFA5BA0014DD,REFERENCED_BY_OLD_INDEXED_CONTENT_REVIEW,[],0,"[""Assets/NTSD/Sprite/Character/MingRen/naruto_s.bmp""]",False,"[2, 33]"
Assets/NTSD/Sprite/Character/nckakuzu/nckakuzu.bmp,IMAGE,fc525212b48bbbd4d821f7a5728e1ce5,D26E05AB05CA94C17B0B8CD37338C9C9B02968C79728E29F284F2C5C1A53983E,REFERENCED_BY_OLD_INDEXED_CONTENT_REVIEW,[],0,"[""Assets/NTSD/Sprite/Character/nckakuzu/nckakuzu.bmp""]",False,[57]
Assets/NTSD/Sprite/Character/nckakuzu/nckakuzu_1.bmp,IMAGE,05368d51895d7274b905205957bf4a01,49378AEA80084A2770C89730BA7523A2D9646A2CD25088C6196151659C95FDF5,REFERENCED_BY_OLD_INDEXED_CONTENT_REVIEW,[],0,"[""Assets/NTSD/Sprite/Character/nckakuzu/nckakuzu_1.bmp""]",False,[57]
Assets/NTSD/Sprite/Character/nckakuzu/nckakuzu_f.bmp,IMAGE,48364c6dc46182647be9fa5c71c2ff1e,92F1F9A06C1CF51FD7FA6A78CA434C7B5C9EBC3A0FF27207FCCB7DF256E5941C,REFERENCED_BY_OLD_INDEXED_CONTENT_REVIEW,[],0,"[""Assets/NTSD/Sprite/Character/nckakuzu/nckakuzu_f.bmp""]",False,[57]
Assets/NTSD/Sprite/Character/nckakuzu/nckakuzu_s.bmp,IMAGE,b8fbe2723194b784aa83e372d581b325,1B117D1D4CC751A41657871C92ED2EEB6CCDE88045E0FE55F08CDED1E97DB16A,REFERENCED_BY_OLD_INDEXED_CONTENT_REVIEW,[],0,"[""Assets/NTSD/Sprite/Character/nckakuzu/nckakuzu_s.bmp""]",False,[57]
Assets/NTSD/Sprite/Character/neji/hakke.bmp,IMAGE,3b1591bde3835bd48a6b3dfd879cc54b,38ECCDDFDD6B3EB2AE8BAC687D09BD5CFF2D4935D7AD03AC019123F649BF5DD8,REFERENCED_BY_OLD_INDEXED_CONTENT_REVIEW,[],0,"[""Assets/NTSD/Sprite/Character/neji/hakke.bmp""]",False,[18]
Assets/NTSD/Sprite/Character/neji/neji_0.bmp,IMAGE,f41ff397b879db543bb61a5b196d41e9,83883436637E52BFAC00E42F2664EA1B57F96B7534B766A599075FA24F0C37A8,REFERENCED_BY_OLD_INDEXED_CONTENT_REVIEW,[],0,"[""Assets/NTSD/Sprite/Character/neji/neji_0.bmp""]",False,[18]
Assets/NTSD/Sprite/Character/neji/neji_1.bmp,IMAGE,7d44c092e88797e4e940f884a9eba8ca,E84AD8093950B420FFE521079C50FA41A4C1648D2CD79DAB8999FF8A50B8335B,REFERENCED_BY_OLD_INDEXED_CONTENT_REVIEW,[],0,"[""Assets/NTSD/Sprite/Character/neji/neji_1.bmp""]",False,[18]
Assets/NTSD/Sprite/Character/neji/neji_2.bmp,IMAGE,ba82d86af58e9e742ba4ce794ebe19cd,4C6418F048BF58A1DE4B8345968B3EE4F1680DCD6D6C2B60B4B5A724AAB856CA,REFERENCED_BY_OLD_INDEXED_CONTENT_REVIEW,[],0,"[""Assets/NTSD/Sprite/Character/neji/neji_2.bmp""]",False,[18]
Assets/NTSD/Sprite/Character/neji/neji_f.bmp,IMAGE,0e8613e6e1ce7734e8a304dbcfbeb111,FB7012210E32DD2E122C8144D9EF44B9021AFC9353D18107330410418C9798CE,REFERENCED_BY_OLD_INDEXED_CONTENT_REVIEW,[],0,"[""Assets/NTSD/Sprite/Character/neji/neji_f.bmp""]",False,[18]
Assets/NTSD/Sprite/Character/neji/neji_s.bmp,IMAGE,cde355920cec8e548a5c05a75ecc6d59,D1BCDD41EE13C7CF2FDF497D8FD7377C966BB1C9BF942897691B4C86F82AF073,REFERENCED_BY_OLD_INDEXED_CONTENT_REVIEW,[],0,"[""Assets/NTSD/Sprite/Character/neji/neji_s.bmp""]",False,[18]
Assets/NTSD/Sprite/Character/orochimaru/orochimaru.bmp,IMAGE,002f9c8a2af1ce64fb6caedc7d56162a,F4290151846736B3E807B3EE3C48F168DB94E8C7F12CA40AF61C1045F7044354,REFERENCED_BY_OLD_INDEXED_CONTENT_REVIEW,[],0,"[""Assets/NTSD/Sprite/Character/orochimaru/orochimaru.bmp""]",False,[20]
Assets/NTSD/Sprite/Character/orochimaru/orochimaru_2.bmp,IMAGE,f73a654b9e8883e4a8d5a37e4b69eca3,C208AAC98B14F4E665B80B87AA8C496316501E245BCA215F4E4DDCA24A1A3230,REFERENCED_BY_OLD_INDEXED_CONTENT_REVIEW,[],0,"[""Assets/NTSD/Sprite/Character/orochimaru/orochimaru_2.bmp""]",False,[20]
Assets/NTSD/Sprite/Character/orochimaru/orochimaru_3.bmp,IMAGE,c10ec2f235347a0439c913575bda2d15,F2C325745E395A7833AB7B10B17486022D816F038C0C5A0EFDF28D6876BD07FA,REFERENCED_BY_OLD_INDEXED_CONTENT_REVIEW,[],0,"[""Assets/NTSD/Sprite/Character/orochimaru/orochimaru_3.bmp""]",False,[20]
Assets/NTSD/Sprite/Character/orochimaru/orochimaru_f.bmp,IMAGE,a015e2fef4ef27c448aa9b06c4a09db6,AEB5A6909CDE110AFE118FC54B1DF18A862AE4155381CC74D61C6983784D6561,REFERENCED_BY_OLD_INDEXED_CONTENT_REVIEW,[],0,"[""Assets/NTSD/Sprite/Character/orochimaru/orochimaru_f.bmp""]",False,[20]
Assets/NTSD/Sprite/Character/orochimaru/orochimaru_s.bmp,IMAGE,dd37a0d3092b6f546a9ab373253e6830,A26180DDB6F18B772020A7AE2FE17963D062BB42E717636719345A0A0DA5D6E7,REFERENCED_BY_OLD_INDEXED_CONTENT_REVIEW,[],0,"[""Assets/NTSD/Sprite/Character/orochimaru/orochimaru_s.bmp""]",False,[20]
Assets/NTSD/Sprite/Character/pein/pein.bmp,IMAGE,aee4b0265fca280498ea1812303c82ec,E2B4FD2602C5074C936ADEAC69E22D201A8E84023961D69AFBB6C3A12DDA063E,REFERENCED_BY_OLD_INDEXED_CONTENT_REVIEW,[],0,"[""Assets/NTSD/Sprite/Character/pein/pein.bmp""]",False,[50]
Assets/NTSD/Sprite/Character/pein/pein_2.bmp,IMAGE,0c7b24a6cacfae742a0cb5a0f48dc3f9,E7AF2EA9D1D384FDC24F9C79CCCFBC9FE160F32025F0A26066B0F2C9BAE382CE,REFERENCED_BY_OLD_INDEXED_CONTENT_REVIEW,[],0,"[""Assets/NTSD/Sprite/Character/pein/pein_2.bmp""]",False,[50]
Assets/NTSD/Sprite/Character/pein/pein_f.bmp,IMAGE,cb760b34a940d6d4ab10a614d2d7c35c,155CD2A12A1879BE2435ED568F4626DED8CEE9E2FE5D97E3FFCD7C302B4AC295,REFERENCED_BY_OLD_INDEXED_CONTENT_REVIEW,[],0,"[""Assets/NTSD/Sprite/Character/pein/pein_f.bmp""]",False,[50]
Assets/NTSD/Sprite/Character/pein/pein_s.bmp,IMAGE,ab4148cf2b8024e46b7f3da07086358a,125FC5C00FDF501E6EED1796DF8C7DB18204095558D8DC3DEC175E41725C4DDD,REFERENCED_BY_OLD_INDEXED_CONTENT_REVIEW,[],0,"[""Assets/NTSD/Sprite/Character/pein/pein_s.bmp""]",False,[50]
Assets/NTSD/Sprite/Character/puppet_sasori/puppet_3.bmp,IMAGE,e3e9b36bfbca4954389152b13f05797d,F1E086D63ED66DAB5ED34F452D32FEE18A21B85ACA720952F0661DC7ABDA8B4A,REFERENCED_BY_OLD_INDEXED_CONTENT_REVIEW,[],0,"[""Assets/NTSD/Sprite/Character/puppet_sasori/puppet_3.bmp""]",False,[55]
Assets/NTSD/Sprite/Character/puppet_sasori/puppet_4.bmp,IMAGE,659c4d36210ef2643b20f65333eb5756,59C938A140422906FC4758506CB6781B6C5F099AD51F3C4BA23CA05F8FF36699,REFERENCED_BY_OLD_INDEXED_CONTENT_REVIEW,[],0,"[""Assets/NTSD/Sprite/Character/puppet_sasori/puppet_4.bmp""]",False,[55]
Assets/NTSD/Sprite/Character/puppet_sasori/puppet_f.bmp,IMAGE,16a5fc7d2d524fc4b9716b6fdd409083,2E5AF74C7B647852A806E07BEA6F5C95757136A23B59983D9B40B21A8BD04573,REFERENCED_BY_OLD_INDEXED_CONTENT_REVIEW,[],0,"[""Assets/NTSD/Sprite/Character/puppet_sasori/puppet_f.bmp""]",False,[55]
Assets/NTSD/Sprite/Character/puppet_sasori/puppet_s.bmp,IMAGE,37e12371f3d9e1d46bbc5f52118293ab,6A6354B9A6E8D911D8159B162CFCA3326B49A4986D4048E39F7A3C2754720053,REFERENCED_BY_OLD_INDEXED_CONTENT_REVIEW,[],0,"[""Assets/NTSD/Sprite/Character/puppet_sasori/puppet_s.bmp""]",False,[55]
Assets/NTSD/Sprite/Character/reaper/reaper.bmp,IMAGE,ad193891d6b0c9b4289be9e6eb46da6d,A45A8CD554644C03816F8D0FC3903381867CF662D2222E1B400283D4C839E096,REFERENCED_BY_OLD_INDEXED_CONTENT_REVIEW,[],0,"[""Assets/NTSD/Sprite/Character/reaper/reaper.bmp""]",False,[56]
Assets/NTSD/Sprite/Character/reaper/reaper_2.bmp,IMAGE,c44059b80fff54a4eb36fcca64ac8add,7A66CACC5FAA39ACF80503B3B2748A38602830960CF267DBC8078C1CAFAE7B8B,REFERENCED_BY_OLD_INDEXED_CONTENT_REVIEW,[],0,"[""Assets/NTSD/Sprite/Character/reaper/reaper_2.bmp""]",False,[56]
Assets/NTSD/Sprite/Character/reaper/reaper_3.bmp,IMAGE,861ff487f3e95d9499b89e8b851001c4,FB80907CF548E687974D024DBED884213E33F3100B844CB3BF9B857ECE4D0360,REFERENCED_BY_OLD_INDEXED_CONTENT_REVIEW,[],0,"[""Assets/NTSD/Sprite/Character/reaper/reaper_3.bmp""]",False,[56]
Assets/NTSD/Sprite/Character/reaper/reaper_4.bmp,IMAGE,300cc8de4909b69469a98b4aa29cee12,8D31ECD652AA0E323393C6C57AA55F8A74D6E4FBC97C5803EA9AF2F9F450B8BE,REFERENCED_BY_OLD_INDEXED_CONTENT_REVIEW,[],0,"[""Assets/NTSD/Sprite/Character/reaper/reaper_4.bmp""]",False,[56]
Assets/NTSD/Sprite/Character/reaper/reaper_f.bmp,IMAGE,5532808b89fbaca4a837807de52d13b7,467B0FAF28DBFC9E2CB187536C371BEBC3A09B40EF4D271F4A0C752CBF6292F1,REFERENCED_BY_OLD_INDEXED_CONTENT_REVIEW,[],0,"[""Assets/NTSD/Sprite/Character/reaper/reaper_f.bmp""]",False,[56]
Assets/NTSD/Sprite/Character/reaper/reaper_s.bmp,IMAGE,d2b61f1d53c783b48940fe187f164ba2,E00ADBDE7D6E20A87C604EE786FE0032F40B03AC939A29E061D86D73441C3075,REFERENCED_BY_OLD_INDEXED_CONTENT_REVIEW,[],0,"[""Assets/NTSD/Sprite/Character/reaper/reaper_s.bmp""]",False,[56]
Assets/NTSD/Sprite/Character/reaper/slashing_reaper.bmp,IMAGE,032c76cad2e072945884f7beafc67107,2BB6DA5A69301A5AAAE96EC523D62D96FEA9F3935794438F68F04C9B1B268F0A,REFERENCED_BY_OLD_INDEXED_CONTENT_REVIEW,[],0,"[""Assets/NTSD/Sprite/Character/reaper/slashing_reaper.bmp""]",False,[56]
Assets/NTSD/Sprite/Character/rock_lee/gaara_2.bmp,IMAGE,021310634d8d1f3499cda2effec5c138,2618764882C5DDBA093F2475D45A3CC37160FAD047DF1CCDA51835094BA30677,REFERENCED_BY_OLD_INDEXED_CONTENT_REVIEW,[],0,"[""Assets/NTSD/Sprite/Character/rock_lee/gaara_2.bmp""]",False,[7]
Assets/NTSD/Sprite/Character/rock_lee/lee_f.bmp,IMAGE,17f31c4c6e9b99c43ac28f154a0ea092,4092990A367375F0BA6AF0E1B89440E3682E6DD96D094363E895E1A4FCB3AC53,REFERENCED_BY_OLD_INDEXED_CONTENT_REVIEW,[],0,"[""Assets/NTSD/Sprite/Character/rock_lee/lee_f.bmp""]",False,[7]
Assets/NTSD/Sprite/Character/rock_lee/rock_lee.bmp,IMAGE,cc8a0af6a30b0f1498264fc14c1d0a20,BCECBB4B77DC69834B06169E7785F55F2D8FC9A507A51EFAFFFFC4CAFB971052,REFERENCED_BY_OLD_INDEXED_CONTENT_REVIEW,[],0,"[""Assets/NTSD/Sprite/Character/rock_lee/rock_lee.bmp""]",False,[7]
Assets/NTSD/Sprite/Character/rock_lee/rock_lee2.bmp,IMAGE,ff6e1784aead8a540b260c43d2953384,0F5ECBBD0439462CD30DB158DD6DB7B02DECB4C708E253FAC507807532CC83A6,REFERENCED_BY_OLD_INDEXED_CONTENT_REVIEW,[],0,"[""Assets/NTSD/Sprite/Character/rock_lee/rock_lee2.bmp""]",False,[7]
Assets/NTSD/Sprite/Character/rock_lee/rock_lee_s.bmp,IMAGE,d53645404a83d2345b1457f8bca15c90,35AD0336710C50CD9C12E5A2ECC58CA1A09820299B5967185D1A186C2C322AAF,REFERENCED_BY_OLD_INDEXED_CONTENT_REVIEW,[],0,"[""Assets/NTSD/Sprite/Character/rock_lee/rock_lee_s.bmp""]",False,[7]
Assets/NTSD/Sprite/Character/sai/sai_0.bmp,IMAGE,87329ffaa12de394ca2f4c42e6251e25,53D66F645CCC081FBEFF8BA56A9DD5BEEB84B168D8C87C482CFF703FEAF7ED2C,REFERENCED_BY_OLD_INDEXED_CONTENT_REVIEW,[],0,"[""Assets/NTSD/Sprite/Character/sai/sai_0.bmp""]",False,[4]
Assets/NTSD/Sprite/Character/sai/sai_1.bmp,IMAGE,ee7020f11d7195645af4d8c154f18148,8D637047483A94FFD32277951E4B3A7803953F9F111B71D33CE1F486622EC62D,REFERENCED_BY_OLD_INDEXED_CONTENT_REVIEW,[],0,"[""Assets/NTSD/Sprite/Character/sai/sai_1.bmp""]",False,[4]
Assets/NTSD/Sprite/Character/sai/sai_bird.bmp,IMAGE,385e156b8987eb341a7a797aa2f3fecc,02FC0F332AB6C5604B5AA1AED2D8F6729FC780813DAA80173BECE343503C6563,REFERENCED_BY_OLD_INDEXED_CONTENT_REVIEW,[],0,"[""Assets/NTSD/Sprite/Character/sai/sai_bird.bmp""]",False,[4]
Assets/NTSD/Sprite/Character/sai/sai_f.bmp,IMAGE,b26dd5f29a2343141ba7cff6e4e688fe,EC205F4A1C144E0F9BB62210E7B9FD2EA6D3D84C51A92819A92CF13DAF2B0D95,REFERENCED_BY_OLD_INDEXED_CONTENT_REVIEW,[],0,"[""Assets/NTSD/Sprite/Character/sai/sai_f.bmp""]",False,[4]
Assets/NTSD/Sprite/Character/sai/sai_s.bmp,IMAGE,1fa4393360770a2409753e701f5fa30a,B84B2FB26BE182BD8B9005CDBA196F1FC59D699B78CD015683DA6EEB6B57DEFD,REFERENCED_BY_OLD_INDEXED_CONTENT_REVIEW,[],0,"[""Assets/NTSD/Sprite/Character/sai/sai_s.bmp""]",False,[4]
Assets/NTSD/Sprite/Character/sakon/sakon.bmp,IMAGE,8fe3b740d42e1104290e3135c9643e39,0DF2E1E1D79D422C13EC93182BB8356EE6AC80E0714DA27C95CF18BD6A529E5D,REFERENCED_BY_OLD_INDEXED_CONTENT_REVIEW,[],0,"[""Assets/NTSD/Sprite/Character/sakon/sakon.bmp""]",False,[35]
Assets/NTSD/Sprite/Character/sakon/sakon2.bmp,IMAGE,5afe5e1b74673724fbcdf1f173cdbaa1,26D76B1055803760990CCD46F22C312C97342BAB652DAFD0CCD25E39313AD92F,REFERENCED_BY_OLD_INDEXED_CONTENT_REVIEW,[],0,"[""Assets/NTSD/Sprite/Character/sakon/sakon2.bmp""]",False,[35]
Assets/NTSD/Sprite/Character/sakon/sakon_f.bmp,IMAGE,e629689b34e2cec44a6f6fe96346243e,CC57E1D1C15603514F44BACEDF7E33ABE101C75D12F48973ACAD33B804AB8540,REFERENCED_BY_OLD_INDEXED_CONTENT_REVIEW,[],0,"[""Assets/NTSD/Sprite/Character/sakon/sakon_f.bmp""]",False,[35]
Assets/NTSD/Sprite/Character/sakon/sakon_s.bmp,IMAGE,790ead926e44ad2468baac20d164f938,0AE17726C4EF73EE8ED4F5E55ECECB23AC955DD60F9B9E8EF92C0E62C2A396DF,REFERENCED_BY_OLD_INDEXED_CONTENT_REVIEW,[],0,"[""Assets/NTSD/Sprite/Character/sakon/sakon_s.bmp""]",False,[35]
Assets/NTSD/Sprite/Character/sand_creature/sand_creature.bmp,IMAGE,dea9652d57f5ec940bba4f7d9bd2fa67,EA8565454095DA9CBC04FFC360BE4F2191621C99441FAB5D48FBE8C9E4C0437F,REFERENCED_BY_OLD_INDEXED_CONTENT_REVIEW,[],0,"[""Assets/NTSD/Sprite/Character/sand_creature/sand_creature.bmp""]",False,[39]
Assets/NTSD/Sprite/Character/sand_creature/sand_creature2.bmp,IMAGE,9ce44556beee00a419aff49b507442ba,630C8916E8049718713A99F07B782B8DCCD8C30C24D45346EA2F0D5D711EA921,REFERENCED_BY_OLD_INDEXED_CONTENT_REVIEW,[],0,"[""Assets/NTSD/Sprite/Character/sand_creature/sand_creature2.bmp""]",False,[39]
Assets/NTSD/Sprite/Character/sand_creature/sand_f.bmp,IMAGE,7b3dafc3f7a21ad49b9eec15aa30e30f,C2B8AC573283D113F85205F9276F839420225E47D72CDBEA1B89C15413B0E043,REFERENCED_BY_OLD_INDEXED_CONTENT_REVIEW,[],0,"[""Assets/NTSD/Sprite/Character/sand_creature/sand_f.bmp""]",False,[39]
Assets/NTSD/Sprite/Character/sand_creature/sand_s.bmp,IMAGE,7fec438d7e4a0c9499f505aaaf159a9e,EE67FDF4131DDB7CA359D9E40D147899488A73817B88F035559A4FF10A42CD96,REFERENCED_BY_OLD_INDEXED_CONTENT_REVIEW,[],0,"[""Assets/NTSD/Sprite/Character/sand_creature/sand_s.bmp""]",False,[39]
Assets/NTSD/Sprite/Character/sasori/sasori.bmp,IMAGE,b59fcb18b5d6e6548b85351e14ba30e2,912E80ED6B725A4D718D09C7247B47BC3201010E45F29FF612E74437F9198546,REFERENCED_BY_OLD_INDEXED_CONTENT_REVIEW,[],0,"[""Assets/NTSD/Sprite/Character/sasori/sasori.bmp""]",False,[51]
Assets/NTSD/Sprite/Character/sasori/sasori_2.bmp,IMAGE,ea95a466ad1a75341b323ff3dc85a702,43A33C3819E009689D6B5156852BDCE2E23635AF72B0089E940FD35027A1C3B2,REFERENCED_BY_OLD_INDEXED_CONTENT_REVIEW,[],0,"[""Assets/NTSD/Sprite/Character/sasori/sasori_2.bmp""]",False,[51]
Assets/NTSD/Sprite/Character/sasori/sasori_3.bmp,IMAGE,b5ad5febab3ba824083ed38c4a92760d,6D3246781173290FA1AC34CBDED0505E11F427CB3918F359FEF912E938DD4356,REFERENCED_BY_OLD_INDEXED_CONTENT_REVIEW,[],0,"[""Assets/NTSD/Sprite/Character/sasori/sasori_3.bmp""]",False,[51]
Assets/NTSD/Sprite/Character/sasori/sasori_f.bmp,IMAGE,ef9a20820672d984babc5646b6a45bab,41C2864E916766B3DE2DBAB2D2E89D4C9327311BD72268884D54EE3421ED12AA,REFERENCED_BY_OLD_INDEXED_CONTENT_REVIEW,[],0,"[""Assets/NTSD/Sprite/Character/sasori/sasori_f.bmp""]",False,[51]
Assets/NTSD/Sprite/Character/sasori/sasori_s.bmp,IMAGE,57bdf23d08701c049b8673f5c8a0946e,42D4B2B1E7A6FC25AA399D577EF971E5F4F6EE14F03D0A1764B2AF06228E84F6,REFERENCED_BY_OLD_INDEXED_CONTENT_REVIEW,[],0,"[""Assets/NTSD/Sprite/Character/sasori/sasori_s.bmp""]",False,[51]
Assets/NTSD/Sprite/Character/sasuke_cs2/deidara_2.bmp,IMAGE,9ab433c515164584380ca128d426a845,97D4CA9EEF97806186CE556234D46FBEA7701726F579EA7D78A26B1D5A094414,REFERENCED_BY_OLD_INDEXED_CONTENT_REVIEW,[],0,"[""Assets/NTSD/Sprite/Character/sasuke_cs2/deidara_2.bmp""]",False,[38]
Assets/NTSD/Sprite/Character/sasuke_cs2/sasuke_cs2.bmp,IMAGE,ecaa0c35016ef4e4b8980ccd69d8989b,59948653874FF915981EA143E943D147B5BC2F66309D4FC0B58C7678C51ADC88,REFERENCED_BY_OLD_INDEXED_CONTENT_REVIEW,[],0,"[""Assets/NTSD/Sprite/Character/sasuke_cs2/sasuke_cs2.bmp""]",False,[38]
Assets/NTSD/Sprite/Character/sasuke_cs2/sasuke_cs2_2.bmp,IMAGE,2fbc167961fba0845b1799c2ea0f6a4a,4C9F3CB9A23F673241EFFF67C859251AAA51E245BB95B4791B239CF39FEBDCA0,REFERENCED_BY_OLD_INDEXED_CONTENT_REVIEW,[],0,"[""Assets/NTSD/Sprite/Character/sasuke_cs2/sasuke_cs2_2.bmp""]",False,[38]
Assets/NTSD/Sprite/Character/sasuke_cs2/sasuke_cs2_f.bmp,IMAGE,83eacbb56caf3764d9d7f9ee6ceb5225,CA93A5FE8C75165B38D99BB5BC6FF778408687B943A6C67E84447B7A0E174164,REFERENCED_BY_OLD_INDEXED_CONTENT_REVIEW,[],0,"[""Assets/NTSD/Sprite/Character/sasuke_cs2/sasuke_cs2_f.bmp""]",False,[38]
Assets/NTSD/Sprite/Character/sasuke_cs2/sasuke_cs2_s.bmp,IMAGE,c896bf4a97cb5a74193419f6b0302901,5E1A02AFEFC98D934F821248E02CEAAA832800B771C9E0CA2AAE0009423CABC6,REFERENCED_BY_OLD_INDEXED_CONTENT_REVIEW,[],0,"[""Assets/NTSD/Sprite/Character/sasuke_cs2/sasuke_cs2_s.bmp""]",False,[38]
Assets/NTSD/Sprite/Character/shikamaru/shikamaru.bmp,IMAGE,8d3735cac4db3b74089ef14a2dc5a560,63C7B3E6425180970F36AA825DB13B15CEED41C68A9EEB6E036E95E9A6A1D755,REFERENCED_BY_OLD_INDEXED_CONTENT_REVIEW,[],0,"[""Assets/NTSD/Sprite/Character/shikamaru/shikamaru.bmp""]",False,[22]
Assets/NTSD/Sprite/Character/shikamaru/shikamaru2.bmp,IMAGE,cc9a0f655e3250a42b742f59b38d2697,1534DEB9B1E6A9010E185F17A20A3D3C377AA2F5E32D3E8DDCAF4D6E44C50EFD,REFERENCED_BY_OLD_INDEXED_CONTENT_REVIEW,[],0,"[""Assets/NTSD/Sprite/Character/shikamaru/shikamaru2.bmp""]",False,[22]
Assets/NTSD/Sprite/Character/shikamaru/shikamaru_f.bmp,IMAGE,7189e26c4e2aeb24db55f775ce8719da,507092DBC984BABC2CE97B4FDF81909DE1F551B3268FF7623D1E888901325D67,REFERENCED_BY_OLD_INDEXED_CONTENT_REVIEW,[],0,"[""Assets/NTSD/Sprite/Character/shikamaru/shikamaru_f.bmp""]",False,[22]
Assets/NTSD/Sprite/Character/shikamaru/shikamaru_s.bmp,IMAGE,c91d846c0639363428ba42eae84cbb76,B84B4E02A1711B0071C06D56FEDFDCC5768AF3E42ECE3A9E0016613223ED4BC0,REFERENCED_BY_OLD_INDEXED_CONTENT_REVIEW,[],0,"[""Assets/NTSD/Sprite/Character/shikamaru/shikamaru_s.bmp""]",False,[22]
Assets/NTSD/Sprite/Character/shino/shino.bmp,IMAGE,860c27d9b2360ab4aa91aa25cbf9a5bf,B73B2E95FA15283DF928B832F8F676D6D4A21035DA915F0E3893ACCA4994FD31,REFERENCED_BY_OLD_INDEXED_CONTENT_REVIEW,[],0,"[""Assets/NTSD/Sprite/Character/shino/shino.bmp""]",False,[5]
Assets/NTSD/Sprite/Character/shino/shino_2.bmp,IMAGE,838d42c2bca5e1d44be7ced4351bb2d0,7BA98493FE01F62BEBC9E2BD76C8B0B98C022683A3584D0A743E5FE26B9A9A30,REFERENCED_BY_OLD_INDEXED_CONTENT_REVIEW,[],0,"[""Assets/NTSD/Sprite/Character/shino/shino_2.bmp""]",False,[5]
Assets/NTSD/Sprite/Character/shino/shino_f.bmp,IMAGE,f3ca3248893c0b64aab3a5080436842e,6AB5A89DD733E8A922B3432738B960D167EF8C4C417116773E8CAA2F80B17F7C,REFERENCED_BY_OLD_INDEXED_CONTENT_REVIEW,[],0,"[""Assets/NTSD/Sprite/Character/shino/shino_f.bmp""]",False,[5]
Assets/NTSD/Sprite/Character/shino/shino_s.bmp,IMAGE,47904c0d07ab58a42a2c91ed9a482ffa,65D3C37D2E3A6DC1B052A9513EB0EFEC151A9AC9E8C6659252CF358FD957B22C,REFERENCED_BY_OLD_INDEXED_CONTENT_REVIEW,[],0,"[""Assets/NTSD/Sprite/Character/shino/shino_s.bmp""]",False,[5]
Assets/NTSD/Sprite/Character/sound_nin/manda2.bmp,IMAGE,5b9177dc271c4b94eb7f64532f84efd7,C9D5AC7B0AFC4B4E9D7D3AFC8B1E8839070391819894A7D53602E25E350F55EF,REFERENCED_BY_OLD_INDEXED_CONTENT_REVIEW,[],0,"[""Assets/NTSD/Sprite/Character/sound_nin/manda2.bmp""]",False,[30]
Assets/NTSD/Sprite/Character/sound_nin/manda3.bmp,IMAGE,820b951450d729e47973acabf49d3be9,AB1C1E2B2DA5257339C4E3B129C8562DD81E1931F776FB096F8670594C0CAF08,REFERENCED_BY_OLD_INDEXED_CONTENT_REVIEW,[],0,"[""Assets/NTSD/Sprite/Character/sound_nin/manda3.bmp""]",False,[30]
Assets/NTSD/Sprite/Character/sound_nin/sand_nin.bmp,IMAGE,5d667d9e70887784cae911d4d5218078,99D1FAE13031023370B3B0E2D10FCC0D122360C05C9F646B23C65C7AA73E1240,REFERENCED_BY_OLD_INDEXED_CONTENT_REVIEW,[],0,"[""Assets/NTSD/Sprite/Character/sound_nin/sand_nin.bmp""]",False,[30]
Assets/NTSD/Sprite/Character/sound_nin/sound_nin.bmp,IMAGE,dd8a50d4a859ace4ab9547b9ec778b8d,B26DDCB67B3FEF6D2798C8D5A5A391F3DF4C4E8FAA4B02A81CAE357E3FD13BCB,REFERENCED_BY_OLD_INDEXED_CONTENT_REVIEW,[],0,"[""Assets/NTSD/Sprite/Character/sound_nin/sound_nin.bmp""]",False,[30]
Assets/NTSD/Sprite/Character/sound_nin/sound_nin_f.bmp,IMAGE,4e0c710afd57d2349b0169754854f890,F9B1263A48C2ED81750D94E5DE013178976CF74652DE0E05A303825DAE14E19D,REFERENCED_BY_OLD_INDEXED_CONTENT_REVIEW,[],0,"[""Assets/NTSD/Sprite/Character/sound_nin/sound_nin_f.bmp""]",False,[30]
Assets/NTSD/Sprite/Character/sound_nin/sound_nin_s.bmp,IMAGE,85523637507df864eaa37317d3accd60,8456446BDB9E48DF766F4CA9619A3C75893CA9F5239BA628152AA8ED28510EA9,REFERENCED_BY_OLD_INDEXED_CONTENT_REVIEW,[],0,"[""Assets/NTSD/Sprite/Character/sound_nin/sound_nin_s.bmp""]",False,[30]
Assets/NTSD/Sprite/Character/sound_nin2/sound_nin2.bmp,IMAGE,958daccca74833f4d98dab3677f8ce17,48040E52250758912EB6FF754497A7FC6E8C1736D3DCA63AAB0C0D9B5FE7D826,REFERENCED_BY_OLD_INDEXED_CONTENT_REVIEW,[],0,"[""Assets/NTSD/Sprite/Character/sound_nin2/sound_nin2.bmp""]",False,[31]
Assets/NTSD/Sprite/Character/sound_nin2/sound_nin2_f.bmp,IMAGE,c5b82a085081daf4cb4b18466e3bc6e1,B3A12E86668CB4095A70C166091FFC7C4B6BB1E3FBF276AAB73EB72947A84404,REFERENCED_BY_OLD_INDEXED_CONTENT_REVIEW,[],0,"[""Assets/NTSD/Sprite/Character/sound_nin2/sound_nin2_f.bmp""]",False,[31]
Assets/NTSD/Sprite/Character/sound_nin2/sound_nin2_s.bmp,IMAGE,22a4ffbbc35c6764bbcb8b1fdc688c4d,529CC3708F8AD816DD3C7110FFCF628CE6D6C1991797E0755F79600F8063F4A5,REFERENCED_BY_OLD_INDEXED_CONTENT_REVIEW,[],0,"[""Assets/NTSD/Sprite/Character/sound_nin2/sound_nin2_s.bmp""]",False,[31]
Assets/NTSD/Sprite/Character/tayuya/jiroubou.bmp,IMAGE,6401d33336e4e3f4c97a57140e9950d3,56D60E33C51B196A2317E3E4B81E96BCA5EF5C83D6D6B138ED8A83E9921C8A83,REFERENCED_BY_OLD_INDEXED_CONTENT_REVIEW,[],0,"[""Assets/NTSD/Sprite/Character/tayuya/jiroubou.bmp""]",False,[36]
Assets/NTSD/Sprite/Character/tayuya/tayuya.bmp,IMAGE,12f83e256b2ce454badc04d78926e635,194DDDC501906DD0478E9BBFB707BF708EABC74A9238700449EF455B0560B27E,REFERENCED_BY_OLD_INDEXED_CONTENT_REVIEW,[],0,"[""Assets/NTSD/Sprite/Character/tayuya/tayuya.bmp""]",False,[36]
Assets/NTSD/Sprite/Character/tayuya/tayuya_f.bmp,IMAGE,883abdc476e829146bbd0022e78c83c5,AD82644773CC8372B5BE764E7276BC7769C958D4ECAEDE8136C274B0565A772A,REFERENCED_BY_OLD_INDEXED_CONTENT_REVIEW,[],0,"[""Assets/NTSD/Sprite/Character/tayuya/tayuya_f.bmp""]",False,[36]
Assets/NTSD/Sprite/Character/tayuya/tayuya_s.bmp,IMAGE,498424dd4c40d1440aee2606fdfdeb4b,A821DDC615F1E8746BB53A49FAFF68B4565C3BBB2978C123980542A79F6C860A,REFERENCED_BY_OLD_INDEXED_CONTENT_REVIEW,[],0,"[""Assets/NTSD/Sprite/Character/tayuya/tayuya_s.bmp""]",False,[36]
Assets/NTSD/Sprite/Character/temari/temari.bmp,IMAGE,ade265d726749af45b1e1f2fab025cf8,5D063F12279DF019765BC201B87018328005C3B6A54487ABE08B6D13D246E21F,REFERENCED_BY_OLD_INDEXED_CONTENT_REVIEW,[],0,"[""Assets/NTSD/Sprite/Character/temari/temari.bmp""]",False,[15]
Assets/NTSD/Sprite/Character/temari/temari_2.bmp,IMAGE,cdf54569335d0804ca4660446042b06b,2662BCAE10C1DDC61868F7FEA90A331419343E2C0A9B5A47A35404B5C6AB0C4B,REFERENCED_BY_OLD_INDEXED_CONTENT_REVIEW,[],0,"[""Assets/NTSD/Sprite/Character/temari/temari_2.bmp""]",False,[15]
Assets/NTSD/Sprite/Character/temari/temari_f.bmp,IMAGE,ec214241c52a42b4ca8919610c8c6313,CF94368C31E12F59780781C05EB46BD56CA00BD3268BC190817CCEC64BAB8EF6,REFERENCED_BY_OLD_INDEXED_CONTENT_REVIEW,[],0,"[""Assets/NTSD/Sprite/Character/temari/temari_f.bmp""]",False,[15]
Assets/NTSD/Sprite/Character/temari/temari_s.bmp,IMAGE,e15e83ebefb510047b17ee9ad76aa8bd,527C3A6F9F5CA23498D6A0A448CAC07581FB3A1464F9362D6317DBC6BC7F8BE2,REFERENCED_BY_OLD_INDEXED_CONTENT_REVIEW,[],0,"[""Assets/NTSD/Sprite/Character/temari/temari_s.bmp""]",False,[15]
Assets/NTSD/Sprite/Character/tenten/temari_2.bmp,IMAGE,5f49a8178d0d1c040aacfe7004533bf6,2662BCAE10C1DDC61868F7FEA90A331419343E2C0A9B5A47A35404B5C6AB0C4B,REFERENCED_BY_OLD_INDEXED_CONTENT_REVIEW,[],0,"[""Assets/NTSD/Sprite/Character/tenten/temari_2.bmp""]",False,[19]
Assets/NTSD/Sprite/Character/tenten/ten_ten_0.bmp,IMAGE,2b61b7748a7d6404fb21dfd3fd5c1de3,2A395BA2249E472054113A0F0B05AF8CF45F05689AAB109A3619E18C9370AD24,REFERENCED_BY_OLD_INDEXED_CONTENT_REVIEW,[],0,"[""Assets/NTSD/Sprite/Character/tenten/ten_ten_0.bmp""]",False,[19]
Assets/NTSD/Sprite/Character/tenten/ten_ten_3.bmp,IMAGE,ceb8c93d20eaf0741876059059b34b93,0DF35DD73DCCCC1D8D7920F84157F77FD6E9384F62AC6228B57CB2F3BC911ABB,REFERENCED_BY_OLD_INDEXED_CONTENT_REVIEW,[],0,"[""Assets/NTSD/Sprite/Character/tenten/ten_ten_3.bmp""]",False,[19]
Assets/NTSD/Sprite/Character/tenten/ten_ten_f.bmp,IMAGE,8cb3b8486ad47074f8f519f70c813e8b,F00E26606AF53FB0A75E07A4E288C300CB1A632AFB82FCB107994767BC3BE20C,REFERENCED_BY_OLD_INDEXED_CONTENT_REVIEW,[],0,"[""Assets/NTSD/Sprite/Character/tenten/ten_ten_f.bmp""]",False,[19]
Assets/NTSD/Sprite/Character/tenten/ten_ten_s.bmp,IMAGE,bea0d9cd2bc0b964e8de5225e150c4d5,A81850F1362EA7D377853FDED7E2A035BCB720A6E47E3BEBE1EB1BEC4DF15C7D,REFERENCED_BY_OLD_INDEXED_CONTENT_REVIEW,[],0,"[""Assets/NTSD/Sprite/Character/tenten/ten_ten_s.bmp""]",False,[19]
Assets/NTSD/Sprite/Character/XiaoYing/sakura.bmp,IMAGE,c3558b297fa81d2409930c9326253564,84820BA8DDF5081001A6C64FE72780C12926F2B44A929FDDABCB906717C8A3C4,REFERENCED_BY_OLD_INDEXED_CONTENT_REVIEW,[],0,"[""Assets/NTSD/Sprite/Character/XiaoYing/sakura.bmp""]",False,[1]
Assets/NTSD/Sprite/Character/XiaoYing/sakura_2.bmp,IMAGE,91049a5a6ee5ee94b81b450f98c0ab87,752C497550EEB7DEDC4BD90D697B78B433FEF8DDE3AA9B83C52240422C7DC607,REFERENCED_BY_OLD_INDEXED_CONTENT_REVIEW,[],0,"[""Assets/NTSD/Sprite/Character/XiaoYing/sakura_2.bmp""]",False,[1]
Assets/NTSD/Sprite/Character/XiaoYing/sakura_f.bmp,IMAGE,d0e1550d0832297479196dafa8eecb46,AA644BF26B7E6B87282683CF66C1412F1229FA93179DD690B3D6FA4DDD0FC039,REFERENCED_BY_OLD_INDEXED_CONTENT_REVIEW,[],0,"[""Assets/NTSD/Sprite/Character/XiaoYing/sakura_f.bmp""]",False,[1]
Assets/NTSD/Sprite/Character/XiaoYing/sakura_s.bmp,IMAGE,19e3abeb404fb824aa7c6949c6bf4f67,DD60212BDB8B0A89A7D7079E579F772A1B2000405452D21EAF7FB7A11ED198BB,REFERENCED_BY_OLD_INDEXED_CONTENT_REVIEW,[],0,"[""Assets/NTSD/Sprite/Character/XiaoYing/sakura_s.bmp""]",False,[1]
Assets/NTSD/Sprite/Character/yamato/kakashi_2.bmp,IMAGE,732fdfe2c2d5e2141a645da18e947c06,0C180CED34B26A489A71B501438D0EF57804BD7AEB9BE7790A468F7FDDFECB95,REFERENCED_BY_OLD_INDEXED_CONTENT_REVIEW,[],0,"[""Assets/NTSD/Sprite/Character/yamato/kakashi_2.bmp""]",False,[13]
Assets/NTSD/Sprite/Character/yamato/yamato.bmp,IMAGE,d47e64c95c81896498cdb0749017737a,D75FAB63F3BBEB9F75324C1EF7B8F414BB73646DD1D1C1511CB4D4E293E640C2,REFERENCED_BY_OLD_INDEXED_CONTENT_REVIEW,[],0,"[""Assets/NTSD/Sprite/Character/yamato/yamato.bmp""]",False,[13]
Assets/NTSD/Sprite/Character/yamato/yamato_3.bmp,IMAGE,e73f81ed4d42b72478eb136275f4daa2,B9AB2687174B7E716FB39D6E49907F91D8DBCA9596DED147A3AED3D6BFBC4D78,REFERENCED_BY_OLD_INDEXED_CONTENT_REVIEW,[],0,"[""Assets/NTSD/Sprite/Character/yamato/yamato_3.bmp""]",False,[13]
Assets/NTSD/Sprite/Character/yamato/yamato_4.bmp,IMAGE,b7e15cacc02e6934f9f2a65fdc070a00,4128E1ED98795FA90C58BF05C171E261D3733C10525B47B810A4AAB6E159747F,REFERENCED_BY_OLD_INDEXED_CONTENT_REVIEW,[],0,"[""Assets/NTSD/Sprite/Character/yamato/yamato_4.bmp""]",False,[13]
Assets/NTSD/Sprite/Character/yamato/yamato_f.bmp,IMAGE,077647d4ade45a94281adeb014e681b7,DD4C461DDD8B274CA26B62FD546ECC144AB987C9FC5F4982558F4CF38942B74F,REFERENCED_BY_OLD_INDEXED_CONTENT_REVIEW,[],0,"[""Assets/NTSD/Sprite/Character/yamato/yamato_f.bmp""]",False,[13]
Assets/NTSD/Sprite/Character/yamato/yamato_s.bmp,IMAGE,9ca1fe79877b74b4e82dc7407d6bd35c,A3442876207A25C4141763DCA549BADE5E17ECC1A1B0749DC41AC97A9FD9004D,REFERENCED_BY_OLD_INDEXED_CONTENT_REVIEW,[],0,"[""Assets/NTSD/Sprite/Character/yamato/yamato_s.bmp""]",False,[13]
Assets/NTSD/Sprite/Character/Zuozhu/deidara_2.bmp,IMAGE,9740891dcb123d9418b7ee27584cd83b,97D4CA9EEF97806186CE556234D46FBEA7701726F579EA7D78A26B1D5A094414,REFERENCED_BY_OLD_INDEXED_CONTENT_REVIEW,[],0,"[""Assets/NTSD/Sprite/Character/Zuozhu/deidara_2.bmp""]",False,[11]
Assets/NTSD/Sprite/Character/Zuozhu/sasuke_0.bmp,IMAGE,6d174fff55a50784d9bbf85531fb7d86,3D5A6AD7C931AAAF3B180AB9B5FA744B6C4097142EA5A3FB6E868436E254109E,REFERENCED_BY_OLD_INDEXED_CONTENT_REVIEW,"[""Assets/NTSD/Scene/NTSD_Battle.unity""]",1,"[""Assets/NTSD/Sprite/Character/Zuozhu/sasuke_0.bmp""]",False,[11]
Assets/NTSD/Sprite/Character/Zuozhu/sasuke_2.bmp,IMAGE,226e4974e764bb944bbad19b7edeb83e,F10A39702A4C99F0C8F96EEB7BD6796151E1C24D4F0F8876397BD6CC8E8BC319,REFERENCED_BY_OLD_INDEXED_CONTENT_REVIEW,[],0,"[""Assets/NTSD/Sprite/Character/Zuozhu/sasuke_2.bmp""]",False,[11]
Assets/NTSD/Sprite/Character/Zuozhu/sasuke_cs2.bmp,IMAGE,ffbb9f58dc9916148822517210658845,59948653874FF915981EA143E943D147B5BC2F66309D4FC0B58C7678C51ADC88,PRESERVE_NOT_IN_PROVEN_REPLACEMENT_SET,[],0,"[""Assets/NTSD/Sprite/Character/Zuozhu/sasuke_cs2.bmp""]",False,[]
Assets/NTSD/Sprite/Character/Zuozhu/sasuke_cs2_2.bmp,IMAGE,967d3ff353da76e4cbcb3ad44c14d91f,4C9F3CB9A23F673241EFFF67C859251AAA51E245BB95B4791B239CF39FEBDCA0,PRESERVE_NOT_IN_PROVEN_REPLACEMENT_SET,[],0,"[""Assets/NTSD/Sprite/Character/Zuozhu/sasuke_cs2_2.bmp""]",False,[]
Assets/NTSD/Sprite/Character/Zuozhu/sasuke_cs2_f.bmp,IMAGE,7ac32cfe70b0a494db1673987af41502,CA93A5FE8C75165B38D99BB5BC6FF778408687B943A6C67E84447B7A0E174164,PRESERVE_NOT_IN_PROVEN_REPLACEMENT_SET,[],0,"[""Assets/NTSD/Sprite/Character/Zuozhu/sasuke_cs2_f.bmp""]",False,[]
Assets/NTSD/Sprite/Character/Zuozhu/sasuke_cs2_s.bmp,IMAGE,2b21c30431e0f2d43a62d19cec5039da,5E1A02AFEFC98D934F821248E02CEAAA832800B771C9E0CA2AAE0009423CABC6,PRESERVE_NOT_IN_PROVEN_REPLACEMENT_SET,[],0,"[""Assets/NTSD/Sprite/Character/Zuozhu/sasuke_cs2_s.bmp""]",False,[]
Assets/NTSD/Sprite/Character/Zuozhu/sasuke_f.bmp,IMAGE,2641b5f10f375974dbb99353f9af97dd,2D7E1F333C19754484489A303429E31F02834095AD6DA2F8BD59490599EEFD59,REFERENCED_BY_OLD_INDEXED_CONTENT_REVIEW,[],0,"[""Assets/NTSD/Sprite/Character/Zuozhu/sasuke_f.bmp""]",False,[11]
Assets/NTSD/Sprite/Character/Zuozhu/sasuke_s.bmp,IMAGE,23525a76e826aad4081b91115e6107e0,C7565201CD580E9782A877D9D472FD482DB727511975015FCA87C2070A5A8D0B,REFERENCED_BY_OLD_INDEXED_CONTENT_REVIEW,[],0,"[""Assets/NTSD/Sprite/Character/Zuozhu/sasuke_s.bmp""]",False,[11]
Assets/NTSD/Sprite/Common/amaterasu.bmp,IMAGE,67f11820cab84c843b622c33c8b88a83,2672E3E80B6EED67A008E7C5CFCEB5A34B094CFDF8F00F95F5A564B929AC5842,PRESERVE_NOT_IN_PROVEN_REPLACEMENT_SET,[],0,"[""Assets/NTSD/Sprite/Common/amaterasu.bmp""]",False,[]
Assets/NTSD/Sprite/Common/big_dog.bmp,IMAGE,aa02e32cf0cc6264488599c877e4f11f,60C489EE73F07AFFD07A6EF58768255D9861C881BC3611E88E0BBF7C054C77F0,PRESERVE_NOT_IN_PROVEN_REPLACEMENT_SET,[],0,"[""Assets/NTSD/Sprite/Common/big_dog.bmp""]",False,[]
Assets/NTSD/Sprite/Common/black.bmp,IMAGE,6e0697987f3ec584aa91adf68d48aec1,B75A2C9FF71077AF645B853A46E6A470EC2C6813AC47539C556C1B3A14373CA8,PRESERVE_NOT_IN_PROVEN_REPLACEMENT_SET,[],0,"[""Assets/NTSD/Sprite/Common/black.bmp""]",False,[]
Assets/NTSD/Sprite/Common/cave.bmp,IMAGE,f4afd488480937f40aaa2ad89dbc13c9,E672B335DAD31173FB8225DBBD8BC741FB5766233FFB72D68CD6FDF00F819164,PRESERVE_NOT_IN_PROVEN_REPLACEMENT_SET,[],0,"[""Assets/NTSD/Sprite/Common/cave.bmp""]",False,[]
Assets/NTSD/Sprite/Common/charge.bmp,IMAGE,0e065e7fef6c2d9479e6011b4232d252,1DBD346BE4A08EB1E9E260C995EA5837413BFB42A78AEE0CF82DAB9839B29849,PRESERVE_NOT_IN_PROVEN_REPLACEMENT_SET,[],0,"[""Assets/NTSD/Sprite/Common/charge.bmp""]",False,[]
Assets/NTSD/Sprite/Common/charge2.bmp,IMAGE,f470e24d34cdfb443b428a25d801c647,1EADF0783E03C375D43C6B2B77459F0538562C9D3830FA23F01A29DE6067A9FF,PRESERVE_NOT_IN_PROVEN_REPLACEMENT_SET,[],0,"[""Assets/NTSD/Sprite/Common/charge2.bmp""]",False,[]
Assets/NTSD/Sprite/Common/chidori.bmp,IMAGE,5635d454a18d2024fa8b8332b2306adb,545F35638689DBFC7C84F5A7D9B633566E9BCE2A987FF96CB3FC6CB9329A059F,PRESERVE_NOT_IN_PROVEN_REPLACEMENT_SET,[],0,"[""Assets/NTSD/Sprite/Common/chidori.bmp""]",False,[]
Assets/NTSD/Sprite/Common/death.bmp,IMAGE,f13041c104c5f794abfd25682beaf174,6A3C998048A82E4412B4895DCB6E125380A1AC946E408B475F3DC09E82DD9578,PRESERVE_NOT_IN_PROVEN_REPLACEMENT_SET,[],0,"[""Assets/NTSD/Sprite/Common/death.bmp""]",False,[]
Assets/NTSD/Sprite/Common/death2.bmp,IMAGE,2be12b9c0e27b8d43a8cc2771b82c102,51E811151C3BBEA4DD220474AA8F5F7888CC3842EC43AD9CBD6B2A83A8BEB69B,PRESERVE_NOT_IN_PROVEN_REPLACEMENT_SET,[],0,"[""Assets/NTSD/Sprite/Common/death2.bmp""]",False,[]
Assets/NTSD/Sprite/Common/death_2.bmp,IMAGE,6405e1ca751288342902cfb299447d8c,72C2D898A05D8BABA779736386749412946CEA846C9AFB5F0DAF4C0FF8E34AD1,PRESERVE_NOT_IN_PROVEN_REPLACEMENT_SET,[],0,"[""Assets/NTSD/Sprite/Common/death_2.bmp""]",False,[]
Assets/NTSD/Sprite/Common/doggy.bmp,IMAGE,b1fb097535a1be4459b3f3d63740fdd9,D55FCACF8D60BE3C81A4C039BD26427E749AB2D99100B39EB59C753E92B4F2D6,PRESERVE_NOT_IN_PROVEN_REPLACEMENT_SET,[],0,"[""Assets/NTSD/Sprite/Common/doggy.bmp""]",False,[]
Assets/NTSD/Sprite/Common/flash.bmp,IMAGE,19ba5d4f2c6685347b92b8e028c04df8,96E64FBED77A43D4745485426E63D1ECD887F130CDC2338B6AFCD7446E3F2315,PRESERVE_NOT_IN_PROVEN_REPLACEMENT_SET,[],0,"[""Assets/NTSD/Sprite/Common/flash.bmp""]",False,[]
Assets/NTSD/Sprite/Common/gray.bmp,IMAGE,e29984d87baad3b4ca59ffdb84d5dd5c,904BD50AB3173F639AC6EF79A986D686BD6670FA18FA3FBD0050B0575290B581,PRESERVE_NOT_IN_PROVEN_REPLACEMENT_SET,[],0,"[""Assets/NTSD/Sprite/Common/gray.bmp""]",False,[]
Assets/NTSD/Sprite/Common/ground.bmp,IMAGE,75273dd98b50c914998ce1e31742e7e3,8783C6F0F78B64F82C85CCB200E3968669705CAA832D9FA9028FE3F9D07AF710,PRESERVE_NOT_IN_PROVEN_REPLACEMENT_SET,[],0,"[""Assets/NTSD/Sprite/Common/ground.bmp""]",False,[]
Assets/NTSD/Sprite/Common/hakke.bmp,IMAGE,ddf208529465a874cad796d318e6a3d9,38ECCDDFDD6B3EB2AE8BAC687D09BD5CFF2D4935D7AD03AC019123F649BF5DD8,PRESERVE_NOT_IN_PROVEN_REPLACEMENT_SET,[],0,"[""Assets/NTSD/Sprite/Common/hakke.bmp""]",False,[]
Assets/NTSD/Sprite/Common/jiraiya_4.bmp,IMAGE,e13db7f4a04ba7745828f368dc64c964,CC0F49F7CC369F6C6ABE05112E4923AA11F3E42BA303F7C5C5F2B6AAC691A913,PRESERVE_NOT_IN_PROVEN_REPLACEMENT_SET,[],0,"[""Assets/NTSD/Sprite/Common/jiraiya_4.bmp""]",False,[]
Assets/NTSD/Sprite/Common/rasengan.bmp,IMAGE,66de9fbee2b6a4c48a1bb2e938ef3d5d,8A728A99B65D80E0F72E82645E50AA0A55C07971F06908C51791CF6B2A45E8E8,PRESERVE_NOT_IN_PROVEN_REPLACEMENT_SET,[],0,"[""Assets/NTSD/Sprite/Common/rasengan.bmp""]",False,[]
Assets/NTSD/Sprite/Common/rasengan_ball.bmp,IMAGE,1cf9ad81772b3c143aae8638ed259ca7,2414546862288BF0092C7BAF0635095BB10ED1648843B7218749FE4C73611EEA,PRESERVE_NOT_IN_PROVEN_REPLACEMENT_SET,[],0,"[""Assets/NTSD/Sprite/Common/rasengan_ball.bmp""]",False,[]
Assets/NTSD/Sprite/Common/red.bmp,IMAGE,7af83db27b730764693385fc63306f98,30FF5AA6F9BDD40E17382FC796D0E5A5979B4C648FF713D2CB2760F876EE9CCA,PRESERVE_NOT_IN_PROVEN_REPLACEMENT_SET,[],0,"[""Assets/NTSD/Sprite/Common/red.bmp""]",False,[]
Assets/NTSD/Sprite/Common/sand2.bmp,IMAGE,0d50457d3f3ba61498b178f5fb119332,2AA8D7221DAFEA7870911B641FE11E9CCC5643D11619D872CCFB3D719B5DE634,PRESERVE_NOT_IN_PROVEN_REPLACEMENT_SET,[],0,"[""Assets/NTSD/Sprite/Common/sand2.bmp""]",False,[]
Assets/NTSD/Sprite/Common/sharingan1_b.bmp,IMAGE,bb25dbd2d386467439bdf6eb0f0436ab,434990A9FD609D73EBBF55A0DA022A0A6FC6E99C137FE6663F27569ECC4F6B30,PRESERVE_NOT_IN_PROVEN_REPLACEMENT_SET,[],0,"[""Assets/NTSD/Sprite/Common/sharingan1_b.bmp""]",False,[]
Assets/NTSD/Sprite/Common/sharingan2_b.bmp,IMAGE,4c9a3efb9b3027347ad2d9a7a3ed778e,9021482FEA29741A381D92A3A7E3A32550D2C7391EAE90AB3CAFEA3A033141FE,PRESERVE_NOT_IN_PROVEN_REPLACEMENT_SET,[],0,"[""Assets/NTSD/Sprite/Common/sharingan2_b.bmp""]",False,[]
Assets/NTSD/Sprite/Common/sharingan3_b.bmp,IMAGE,db0a804e64098624184108353e984769,28A02BC607AF87C8AABDD46A7373B4F79D963A9A20668E73A83D01A8500052CA,PRESERVE_NOT_IN_PROVEN_REPLACEMENT_SET,[],0,"[""Assets/NTSD/Sprite/Common/sharingan3_b.bmp""]",False,[]
Assets/NTSD/Sprite/Common/sharingan4_b.bmp,IMAGE,8871829127dce2e4995f81835e8f0bc5,97A091459A223721DBABF31776CFC1BB592F2B0F05EA76678FB83E98AB0A8987,PRESERVE_NOT_IN_PROVEN_REPLACEMENT_SET,[],0,"[""Assets/NTSD/Sprite/Common/sharingan4_b.bmp""]",False,[]
Assets/NTSD/Sprite/Common/shuriken.bmp,IMAGE,50d3eea9828dc2b4fb7527bd1fa36792,BC5B8481546E8D781FD0BE6CFFDA353B1EFE82FBCAD414B2E4019AF9ACC04BC3,PRESERVE_NOT_IN_PROVEN_REPLACEMENT_SET,[],0,"[""Assets/NTSD/Sprite/Common/shuriken.bmp""]",False,[]
Assets/NTSD/Sprite/Common/smoke.bmp,IMAGE,917b71b90a78c454d8a69d866178444c,325EC4E3662FE273C629B29630197CD740CEF88EB1EBA5C21A6508427EF3AFD8,PRESERVE_NOT_IN_PROVEN_REPLACEMENT_SET,[],0,"[""Assets/NTSD/Sprite/Common/smoke.bmp""]",False,[]
Assets/NTSD/Sprite/Common/sword.bmp,IMAGE,17d9bb89f6d60a743be38a2ea33faee4,5225B306D8E54AEC3A61B46D0788152A9BA8DA3248723D17AEBD3A047A7A3697,PRESERVE_NOT_IN_PROVEN_REPLACEMENT_SET,[],0,"[""Assets/NTSD/Sprite/Common/sword.bmp""]",False,[]
Assets/NTSD/Sprite/Common/temari_wind.bmp,IMAGE,c2ef256d9b1637544bb52b6b8dd33013,AC26BAC6B14061E5C617D2C374C3EF16DEAC420A2841A112B8BABAA6AC66A446,PRESERVE_NOT_IN_PROVEN_REPLACEMENT_SET,[],0,"[""Assets/NTSD/Sprite/Common/temari_wind.bmp""]",False,[]
Assets/NTSD/Sprite/Common/temari_ww.bmp,IMAGE,db9c880d67a3a364fba44ab1ced23e1a,44ABE5EB2B236CD8BFB2E363D8FAD6486A6D0FA65D9BBC5109D5C50F77F68406,PRESERVE_NOT_IN_PROVEN_REPLACEMENT_SET,[],0,"[""Assets/NTSD/Sprite/Common/temari_ww.bmp""]",False,[]
Assets/NTSD/Sprite/Common/temari_www.bmp,IMAGE,2135f2bc74cb5cd4482951c183960809,85E823869A877F9E7F47FC8F7A26F5C5E9A8A516DBE6822FF4992781A2A0C224,PRESERVE_NOT_IN_PROVEN_REPLACEMENT_SET,[],0,"[""Assets/NTSD/Sprite/Common/temari_www.bmp""]",False,[]
Assets/NTSD/Sprite/Common/thunder.bmp,IMAGE,9f228051e5d989d408c797a232346e91,127B33061E685BFEDD9EEE784595C0BB142ED30130DD4E8458AB648D51C08177,PRESERVE_NOT_IN_PROVEN_REPLACEMENT_SET,[],0,"[""Assets/NTSD/Sprite/Common/thunder.bmp""]",False,[]
Assets/NTSD/Sprite/Common/thunder2.bmp,IMAGE,087fb055e50e8074fac84970b30a7c34,FAD25D5D18BC9BAC9E64FFD15F9705DD28E952EE1E812A06AF95D9C3AF17BA03,PRESERVE_NOT_IN_PROVEN_REPLACEMENT_SET,[],0,"[""Assets/NTSD/Sprite/Common/thunder2.bmp""]",False,[]
Assets/NTSD/Sprite/Common/thunder3.bmp,IMAGE,62e1f4297b4aff54a8c3c4cd425e3bae,EE142BED89C97066EBF4C5B8ED20519A3CA3AE04B318C79DCCD7F16A37302A37,PRESERVE_NOT_IN_PROVEN_REPLACEMENT_SET,[],0,"[""Assets/NTSD/Sprite/Common/thunder3.bmp""]",False,[]
Assets/NTSD/Sprite/Common/timer.bmp,IMAGE,1b539238e61f92a4e8d1859c58c03506,A1F6F9E250E44F8EEA0ED90E01AF05161E141E74F6F345574108AA1DB61A50B9,PRESERVE_NOT_IN_PROVEN_REPLACEMENT_SET,[],0,"[""Assets/NTSD/Sprite/Common/timer.bmp""]",False,[]
Assets/NTSD/Sprite/Common/weapon8.bmp,IMAGE,0e42b766644656c4fbbe5e96546a763e,05427D5A5E53C8B78ED21946B530D8E413D0DC31C95CE3AE5EC550058B3802B1,PRESERVE_NOT_IN_PROVEN_REPLACEMENT_SET,[],0,"[""Assets/NTSD/Sprite/Common/weapon8.bmp""]",False,[]
Assets/NTSD/Sprite/Common/WhiteSquare.png,IMAGE,753f1e12c5791884bb6d0644b88e3ffa,6DB18A08D58E15EFDA6E0C8184E90F5223030972272FAD3BAA625E2CC204AA9B,PRESERVE_NOT_IN_PROVEN_REPLACEMENT_SET,[],0,"[""Assets/NTSD/Sprite/Common/WhiteSquare.png""]",False,[]
Assets/NTSD/Sprite/Common/wind.bmp,IMAGE,3f41e8be3ab4c2d48b6363e32519eec2,02628C25800EEE67BDF28C8BA49796337C9BB766991B962226E1DEC32A5B1B34,PRESERVE_NOT_IN_PROVEN_REPLACEMENT_SET,[],0,"[""Assets/NTSD/Sprite/Common/wind.bmp""]",False,[]
Assets/NTSD/Sprite/DropItem/BaoZha_ShouLiJian.png,IMAGE,6dd278dda828e524bb49d1422b43e5c1,E71E961D629A720AC864C84733FB2F53F79B455F1C0D77D754B313270F021F0F,PRESERVE_NOT_IN_PROVEN_REPLACEMENT_SET,[],0,"[""Assets/NTSD/Sprite/DropItem/BaoZha_ShouLiJian.png""]",False,[]
Assets/NTSD/Sprite/DropItem/log.png,IMAGE,32a1bedb1b7fb9c4fa87792a189a3e3b,EBD3EF731F90D8D87CF756C9C0F0004313A7DACAD0354BCC0227A5D5AC809E2F,PRESERVE_NOT_IN_PROVEN_REPLACEMENT_SET,[],0,"[""Assets/NTSD/Sprite/DropItem/log.png""]",False,[]
Assets/NTSD/Sprite/DropItem/weapon1.png,IMAGE,b78333c5945889446b02d70f291888ee,2F247F3FCC2238E623B1D048A069AA556FEF5BC05F81A55B3392F44E767329E2,PRESERVE_NOT_IN_PROVEN_REPLACEMENT_SET,[],0,"[""Assets/NTSD/Sprite/DropItem/weapon1.png""]",False,[]
Assets/NTSD/Sprite/DropItem/weapon10.png,IMAGE,bae4883130bb1264587c0ef1645033ac,187771D2BF0FF514DF3D9CD4F5E61C67150592640D52BFC0C63A9307B7A59EC9,PRESERVE_NOT_IN_PROVEN_REPLACEMENT_SET,[],0,"[""Assets/NTSD/Sprite/DropItem/weapon10.png""]",False,[]
Assets/NTSD/Sprite/DropItem/weapon3.png,IMAGE,153b23c73f2472b4ab43b5f23c756ff8,3F774DED16EC6AA67406D3AB7C10089752B2D38951C2C88357927A66B4D2093B,PRESERVE_NOT_IN_PROVEN_REPLACEMENT_SET,[],0,"[""Assets/NTSD/Sprite/DropItem/weapon3.png""]",False,[]
Assets/NTSD/Sprite/DropItem/weapon6.png,IMAGE,8eed89d607d0a1a4d8213cacbb5465e8,EC05C4B3ACBE7656CA78B2A3A637351268EC7E76B4D5A8652B4F1C25D4566B93,PRESERVE_NOT_IN_PROVEN_REPLACEMENT_SET,[],0,"[""Assets/NTSD/Sprite/DropItem/weapon6.png""]",False,[]
Assets/NTSD/Sprite/DropItem/weapon8.png,IMAGE,c7b8b8227abd44c41834b5b5f3998714,503631686AC796D6A4F48BC0C672137A623C5C839B6ACD39F6724145C3E59D3F,PRESERVE_NOT_IN_PROVEN_REPLACEMENT_SET,[],0,"[""Assets/NTSD/Sprite/DropItem/weapon8.png""]",False,[]
Assets/NTSD/Sprite/DropItem/weapon9.png,IMAGE,dd66af872430de844980d28d438d6615,7074F32823AED77D9679AAAC6AFEB31FE43A4C4FE7EFC1BAFBF8D9A4B0317F19,PRESERVE_NOT_IN_PROVEN_REPLACEMENT_SET,[],0,"[""Assets/NTSD/Sprite/DropItem/weapon9.png""]",False,[]
Assets/NTSD/Sprite/Effect/4tk_arm.bmp,IMAGE,060ff274e00cd134c9333c9c44d67679,5AB3297F1C6E30116D500C27CBDF21C048B73A5BC71C24C9B5B503C1540B8F34,REFERENCED_BY_OLD_INDEXED_CONTENT_REVIEW,[],0,"[""Assets/NTSD/Sprite/Effect/4tk_arm.bmp""]",False,[446]
Assets/NTSD/Sprite/Effect/4tk_bal2.bmp,IMAGE,696fe70551ed9154496ab7e3d82b3f1c,174FC767195051682406691F98B33F13F959629CE691E9B6D521B5B84EC04680,REFERENCED_BY_OLD_INDEXED_CONTENT_REVIEW,[],0,"[""Assets/NTSD/Sprite/Effect/4tk_bal2.bmp""]",False,[446]
Assets/NTSD/Sprite/Effect/4tk_bal3.bmp,IMAGE,dcc9e9ee9a376604782dfcca2e2801b7,529B708C3D5E8F05897842B8A73033978B353A53479F3E482A711044A668B30A,REFERENCED_BY_OLD_INDEXED_CONTENT_REVIEW,[],0,"[""Assets/NTSD/Sprite/Effect/4tk_bal3.bmp""]",False,[446]
Assets/NTSD/Sprite/Effect/4tk_ball.bmp,IMAGE,35d2b00776acc01419e4a6b95f769548,9EAA57F07DA449A5BD4944E6C9D94CE6A4E64C4E3E002F13A3F100502A0499F9,REFERENCED_BY_OLD_INDEXED_CONTENT_REVIEW,[],0,"[""Assets/NTSD/Sprite/Effect/4tk_ball.bmp""]",False,[446]
Assets/NTSD/Sprite/Effect/4tk_beam.bmp,IMAGE,796ccdf3d2cf2e145a022165e69ad170,91FABE6A4FB2785B08F46E0758B735C99F8F798341D7DD8B54E989F9F37B7231,REFERENCED_BY_OLD_INDEXED_CONTENT_REVIEW,[],0,"[""Assets/NTSD/Sprite/Effect/4tk_beam.bmp""]",False,[446]
Assets/NTSD/Sprite/Effect/4tk_beam2.bmp,IMAGE,518ba4a07f401d94e87936c4a87f1d15,64218B002983FD65210FEA0354164F453C9DBD627A697035D1C49217F14627F6,REFERENCED_BY_OLD_INDEXED_CONTENT_REVIEW,[],0,"[""Assets/NTSD/Sprite/Effect/4tk_beam2.bmp""]",False,[446]
Assets/NTSD/Sprite/Effect/4tk_ex.bmp,IMAGE,f2e557fdbf942014c8dd57f8418d72cc,A757615F450064BAAEE269405AD15928517B2E196C8C2EE9A79D036FA025D34C,REFERENCED_BY_OLD_INDEXED_CONTENT_REVIEW,[],0,"[""Assets/NTSD/Sprite/Effect/4tk_ex.bmp""]",False,[446]
Assets/NTSD/Sprite/Effect/4tk_ex2.bmp,IMAGE,06e432d5e45295348a896005368c362d,F11670D5BA537BE46FD589570C479249BB83663491D2977770A9CE7F7858929E,REFERENCED_BY_OLD_INDEXED_CONTENT_REVIEW,[],0,"[""Assets/NTSD/Sprite/Effect/4tk_ex2.bmp""]",False,[446]
Assets/NTSD/Sprite/Effect/air_creature.bmp,IMAGE,70b44d477b1d8984fa2858dc8c59376b,53485F4D90708F69F56DA4D129D1D9C4CB0559AA59283699C0E30E19DD06878D,REFERENCED_BY_OLD_INDEXED_CONTENT_REVIEW,[],0,"[""Assets/NTSD/Sprite/Effect/air_creature.bmp""]",False,"[450, 507]"
Assets/NTSD/Sprite/Effect/amaterasu.bmp,IMAGE,00014d65fcb2f0649a0e4340106d2833,2672E3E80B6EED67A008E7C5CFCEB5A34B094CFDF8F00F95F5A564B929AC5842,REFERENCED_BY_OLD_INDEXED_CONTENT_REVIEW,[],0,"[""Assets/NTSD/Sprite/Effect/amaterasu.bmp""]",False,[205]
Assets/NTSD/Sprite/Effect/area.bmp,IMAGE,cc66079b930eefe418b7b34ea30b042b,E8A723A58C15DF09178DF0E2058B57B753DBA456958478848C35336FA884E885,REFERENCED_BY_OLD_INDEXED_CONTENT_REVIEW,[],0,"[""Assets/NTSD/Sprite/Effect/area.bmp""]",False,"[209, 444]"
Assets/NTSD/Sprite/Effect/big_dog.bmp,IMAGE,78060fb87341b8148a1b2285ecc32ad1,60C489EE73F07AFFD07A6EF58768255D9861C881BC3611E88E0BBF7C054C77F0,REFERENCED_BY_OLD_INDEXED_CONTENT_REVIEW,[],0,"[""Assets/NTSD/Sprite/Effect/big_dog.bmp""]",False,"[206, 216]"
Assets/NTSD/Sprite/Effect/big_smoke.bmp,IMAGE,eeb62758c6c800d478d86870cd0d6201,D2B4969FDACE9A132AD7528F73948B4725719A5E315FB4C0F23B72AE8042D909,REFERENCED_BY_OLD_INDEXED_CONTENT_REVIEW,[],0,"[""Assets/NTSD/Sprite/Effect/big_smoke.bmp""]",False,[407]
Assets/NTSD/Sprite/Effect/black.bmp,IMAGE,6e19d96833ee02142880e65e2fd55a4d,B75A2C9FF71077AF645B853A46E6A470EC2C6813AC47539C556C1B3A14373CA8,REFERENCED_BY_OLD_INDEXED_CONTENT_REVIEW,[],0,"[""Assets/NTSD/Sprite/Effect/black.bmp""]",False,[214]
Assets/NTSD/Sprite/Effect/blood.bmp,IMAGE,b02c9d0bfe37c6148a0a5935109e08e4,785D7A9CC60ABF28FCA02025B7DE560CE989DD1CC3CB805E48AA9185D7922D05,REFERENCED_BY_OLD_INDEXED_CONTENT_REVIEW,[],0,"[""Assets/NTSD/Sprite/Effect/blood.bmp""]",False,"[503, 504, 505]"
Assets/NTSD/Sprite/Effect/bones.bmp,IMAGE,c9c6291f5e3025b4e8e58d1ee168a260,5C1C041F25F2FCDD8E7E3C435A99063857E1D04BBE2F22779C48E7FD4EE64169,REFERENCED_BY_OLD_INDEXED_CONTENT_REVIEW,[],0,"[""Assets/NTSD/Sprite/Effect/bones.bmp""]",False,[220]
Assets/NTSD/Sprite/Effect/bugs1.bmp,IMAGE,163f0436444416a45b34d9fd15abed7d,88F6B4685B3D9C73B82C37DA90E29FC33EF225B9778D0893460EB0E2E4F86C5A,REFERENCED_BY_OLD_INDEXED_CONTENT_REVIEW,[],0,"[""Assets/NTSD/Sprite/Effect/bugs1.bmp""]",False,[228]
Assets/NTSD/Sprite/Effect/bugs2.bmp,IMAGE,dc0c1009aed012348adecfd16034a86f,3A2A1391DEF6674BF517AA09A6E11703E4AD5544B1DF5C97709161C965B658DC,REFERENCED_BY_OLD_INDEXED_CONTENT_REVIEW,[],0,"[""Assets/NTSD/Sprite/Effect/bugs2.bmp""]",False,"[228, 421]"
Assets/NTSD/Sprite/Effect/cave.bmp,IMAGE,e22f82cb2e4eaaa4e943c37f4d8bddc3,E672B335DAD31173FB8225DBBD8BC741FB5766233FFB72D68CD6FDF00F819164,REFERENCED_BY_OLD_INDEXED_CONTENT_REVIEW,[],0,"[""Assets/NTSD/Sprite/Effect/cave.bmp""]",False,[208]
Assets/NTSD/Sprite/Effect/charge.bmp,IMAGE,2ff7532cdb4b5ab459cd7ba0a9d81b1d,1DBD346BE4A08EB1E9E260C995EA5837413BFB42A78AEE0CF82DAB9839B29849,REFERENCED_BY_OLD_INDEXED_CONTENT_REVIEW,[],0,"[""Assets/NTSD/Sprite/Effect/charge.bmp""]",False,[203]
Assets/NTSD/Sprite/Effect/charge2.bmp,IMAGE,eb6ef73a6d4d3b148acf777421b69b6d,1EADF0783E03C375D43C6B2B77459F0538562C9D3830FA23F01A29DE6067A9FF,REFERENCED_BY_OLD_INDEXED_CONTENT_REVIEW,[],0,"[""Assets/NTSD/Sprite/Effect/charge2.bmp""]",False,[203]
Assets/NTSD/Sprite/Effect/chidori.bmp,IMAGE,0c621fa800cb3f94695a73abeeb6424c,545F35638689DBFC7C84F5A7D9B633566E9BCE2A987FF96CB3FC6CB9329A059F,REFERENCED_BY_OLD_INDEXED_CONTENT_REVIEW,[],0,"[""Assets/NTSD/Sprite/Effect/chidori.bmp""]",False,[440]
Assets/NTSD/Sprite/Effect/chidori_2.bmp,IMAGE,43e18f816a10d9147989c58826bb7b2a,3DB5D617FABCEF1CA04D9F793272509AE2A46DB8D878F4276AD435F2C48919B1,REFERENCED_BY_OLD_INDEXED_CONTENT_REVIEW,[],0,"[""Assets/NTSD/Sprite/Effect/chidori_2.bmp""]",False,"[226, 462]"
Assets/NTSD/Sprite/Effect/chiyo_chakra.bmp,IMAGE,d8e4ec2dd2f4ebd49b300d98dd10ceb4,0CB9D7CA8C4C83E1B7FB4F0DB6C458FC4CAD1683528CFBF38C7638F5FAE5C239,REFERENCED_BY_OLD_INDEXED_CONTENT_REVIEW,[],0,"[""Assets/NTSD/Sprite/Effect/chiyo_chakra.bmp""]",False,[419]
Assets/NTSD/Sprite/Effect/chiyo_kunais.bmp,IMAGE,dd48176c776941c469381c50c3fa63dc,DF57C2C5380CFD3E825D8B50AC24A304F138F657FBB5945782FE2DCD0337F5CF,REFERENCED_BY_OLD_INDEXED_CONTENT_REVIEW,[],0,"[""Assets/NTSD/Sprite/Effect/chiyo_kunais.bmp""]",False,[419]
Assets/NTSD/Sprite/Effect/chiyo_puppet_2.bmp,IMAGE,ec9e4c6eb32ff11499826ff330460195,4FFCE91E75CB1FCF1D38778689214FA68ECED0AAC82386BC6651793F45272543,REFERENCED_BY_OLD_INDEXED_CONTENT_REVIEW,[],0,"[""Assets/NTSD/Sprite/Effect/chiyo_puppet_2.bmp""]",False,[418]
Assets/NTSD/Sprite/Effect/circle.bmp,IMAGE,3784576371e14974091933bf4110a535,E0B390FA7866BDDE2C12C9F0B10F94A237C664E660C808F8DFFF690EE54629B8,REFERENCED_BY_OLD_INDEXED_CONTENT_REVIEW,[],0,"[""Assets/NTSD/Sprite/Effect/circle.bmp""]",False,[446]
Assets/NTSD/Sprite/Effect/circle2.bmp,IMAGE,b982a1ea3b4844f4a810916699fa6c73,B5E46E184AC7B4BDF1B23E79BBE3DF7646474FF76913385EF44D2902FCF6CAD1,REFERENCED_BY_OLD_INDEXED_CONTENT_REVIEW,[],0,"[""Assets/NTSD/Sprite/Effect/circle2.bmp""]",False,[446]
Assets/NTSD/Sprite/Effect/clay_bird.bmp,IMAGE,ff7720c0692a9ac4fa340285d8b52f9e,3CD066A8BD631E18680A96C8DB5AF621FE5BAFDB66D32B3E57AD70F9CD2B59B5,REFERENCED_BY_OLD_INDEXED_CONTENT_REVIEW,[],0,"[""Assets/NTSD/Sprite/Effect/clay_bird.bmp""]",False,[225]
Assets/NTSD/Sprite/Effect/clay_bird2.bmp,IMAGE,749a40604f72bce4ea863e19d7884709,5D7084904D63477A5076B73B21427583A976D39C9EF1C825D3861B65978946E1,REFERENCED_BY_OLD_INDEXED_CONTENT_REVIEW,[],0,"[""Assets/NTSD/Sprite/Effect/clay_bird2.bmp""]",False,"[206, 221]"
Assets/NTSD/Sprite/Effect/clay_worm.bmp,IMAGE,3022688e4b2fa094aaa2117a5cf7d7eb,8926C937F9F5B5B8C6D16EF55FAAB15218E11336BB22A994D2DA25213615F5B5,REFERENCED_BY_OLD_INDEXED_CONTENT_REVIEW,[],0,"[""Assets/NTSD/Sprite/Effect/clay_worm.bmp""]",False,"[221, 407]"
Assets/NTSD/Sprite/Effect/coffin.bmp,IMAGE,6181484eb6614ea4d99e47c136854687,ACFA2C69600FB44EEC4658316DDA605E3B6F55E83C121DFC78D86742E489A314,REFERENCED_BY_OLD_INDEXED_CONTENT_REVIEW,[],0,"[""Assets/NTSD/Sprite/Effect/coffin.bmp""]",False,[226]
Assets/NTSD/Sprite/Effect/crow.bmp,IMAGE,a49380392d7fb0a47b34bbbc40f80acc,6D68EC35728E04D52BE05EC718A9CA76350952F6B6CF6A4200DE055264AAD0ED,REFERENCED_BY_OLD_INDEXED_CONTENT_REVIEW,[],0,"[""Assets/NTSD/Sprite/Effect/crow.bmp""]",False,"[207, 210, 220]"
Assets/NTSD/Sprite/Effect/crow2.bmp,IMAGE,a4a4494598e87f14fbe21025f8a8d79d,5AB6F30B61BB1114A8CFCF6418BC9CA62F3B8D73A84F50DA3B69B3E971D03562,REFERENCED_BY_OLD_INDEXED_CONTENT_REVIEW,[],0,"[""Assets/NTSD/Sprite/Effect/crow2.bmp""]",False,[220]
Assets/NTSD/Sprite/Effect/death.bmp,IMAGE,50ade2b8abff49043b233ade57bf983a,6A3C998048A82E4412B4895DCB6E125380A1AC946E408B475F3DC09E82DD9578,REFERENCED_BY_OLD_INDEXED_CONTENT_REVIEW,[],0,"[""Assets/NTSD/Sprite/Effect/death.bmp""]",False,[201]
Assets/NTSD/Sprite/Effect/death2.bmp,IMAGE,b962181ddcc878b4cb452f3cb4e813f8,51E811151C3BBEA4DD220474AA8F5F7888CC3842EC43AD9CBD6B2A83A8BEB69B,REFERENCED_BY_OLD_INDEXED_CONTENT_REVIEW,[],0,"[""Assets/NTSD/Sprite/Effect/death2.bmp""]",False,[201]
Assets/NTSD/Sprite/Effect/doggy.bmp,IMAGE,ecbb02b20c0b57e4f99e000caffbeb7d,D55FCACF8D60BE3C81A4C039BD26427E749AB2D99100B39EB59C753E92B4F2D6,REFERENCED_BY_OLD_INDEXED_CONTENT_REVIEW,[],0,"[""Assets/NTSD/Sprite/Effect/doggy.bmp""]",False,[216]
Assets/NTSD/Sprite/Effect/dragon.bmp,IMAGE,aa68f7a3105a7fc4eb97edb968b996be,63286899C4795C6D4B2356E1545A1BF2205BE6ABC93618A6E827AC3FF37E6EB2,REFERENCED_BY_OLD_INDEXED_CONTENT_REVIEW,[],0,"[""Assets/NTSD/Sprite/Effect/dragon.bmp""]",False,[400]
Assets/NTSD/Sprite/Effect/drunken.bmp,IMAGE,eeec9a8b74a4f654eb6d4c5355b28123,6ADACB4030040E2B74807A034DF84D8D583A7DB7AC743EBE1402205231F7B3B5,REFERENCED_BY_OLD_INDEXED_CONTENT_REVIEW,[],0,"[""Assets/NTSD/Sprite/Effect/drunken.bmp""]",False,[435]
Assets/NTSD/Sprite/Effect/earth_creature.bmp,IMAGE,e95de73210884cd49a603f15058ad71f,C39DB12C4CFE203AF4FF5628CE61A0527547B80D07A42A2DEC8241816FFE1B8E,REFERENCED_BY_OLD_INDEXED_CONTENT_REVIEW,[],0,"[""Assets/NTSD/Sprite/Effect/earth_creature.bmp""]",False,[453]
Assets/NTSD/Sprite/Effect/evil.bmp,IMAGE,07d097807419c3849bf4b8ee50deb85d,D0F3F329F1BED6474D778A8894C6A3C4B83052644A242B909DF3FE97A9B3256D,REFERENCED_BY_OLD_INDEXED_CONTENT_REVIEW,[],0,"[""Assets/NTSD/Sprite/Effect/evil.bmp""]",False,[200]
Assets/NTSD/Sprite/Effect/feather.bmp,IMAGE,47bc778ef7ca9ed47b47fd061c713531,4A5922AF412597F5E45C13BCFE21DF3B31E6367D52881404305574F6FF8807F3,REFERENCED_BY_OLD_INDEXED_CONTENT_REVIEW,[],0,"[""Assets/NTSD/Sprite/Effect/feather.bmp""]",False,[462]
Assets/NTSD/Sprite/Effect/fire_creature.bmp,IMAGE,b04f9c8518dd1074ea1a70ca107e66c9,2E6EFDD8A1B63208567906EFDF84ADF2F57F09A40F73BF317D38BE4267FAC832,REFERENCED_BY_OLD_INDEXED_CONTENT_REVIEW,[],0,"[""Assets/NTSD/Sprite/Effect/fire_creature.bmp""]",False,"[452, 514]"
Assets/NTSD/Sprite/Effect/firen_exp.bmp,IMAGE,d032020d224b885439b5f7828dcaff3f,1CC408CB994AEA1A9B399B2914E202FDE6B96A5DEB1E2D781001500EBEA4EFD7,REFERENCED_BY_OLD_INDEXED_CONTENT_REVIEW,[],0,"[""Assets/NTSD/Sprite/Effect/firen_exp.bmp""]",False,[211]
Assets/NTSD/Sprite/Effect/firen_flame.bmp,IMAGE,7b6c48715ef40bc4eabefa27ec26d479,71385A3E4EA73BEEF973D91FD03B8B60E36FF553BA37005D39810D3138512737,REFERENCED_BY_OLD_INDEXED_CONTENT_REVIEW,[],0,"[""Assets/NTSD/Sprite/Effect/firen_flame.bmp""]",False,[211]
Assets/NTSD/Sprite/Effect/firen_grd.bmp,IMAGE,27dd22476305bfc44a0770c791276915,3D684EE5861E86522BAA488ED94B543F246E6DCDAB92C48EE7AA8626F12BE432,REFERENCED_BY_OLD_INDEXED_CONTENT_REVIEW,[],0,"[""Assets/NTSD/Sprite/Effect/firen_grd.bmp""]",False,[211]
Assets/NTSD/Sprite/Effect/flash.bmp,IMAGE,d8e735212782d8642a712a9f8b654b65,96E64FBED77A43D4745485426E63D1ECD887F130CDC2338B6AFCD7446E3F2315,REFERENCED_BY_OLD_INDEXED_CONTENT_REVIEW,[],0,"[""Assets/NTSD/Sprite/Effect/flash.bmp""]",False,[214]
Assets/NTSD/Sprite/Effect/freeze_col.bmp,IMAGE,ca2ef69c542e2fa4f8f07f1a171e1380,FD3789E797699F6A830E6B72D54148607CD4937DCACFD2D16D18F0247ECE8E3F,REFERENCED_BY_OLD_INDEXED_CONTENT_REVIEW,[],0,"[""Assets/NTSD/Sprite/Effect/freeze_col.bmp""]",False,[212]
Assets/NTSD/Sprite/Effect/freeze_ww.bmp,IMAGE,a0b5aaf98d47e6d43b89ef10e367bf5e,1042345AEA4451C147484F0FFB6395C80DCE4AB122E783AE9511A43C739700BD,REFERENCED_BY_OLD_INDEXED_CONTENT_REVIEW,[],0,"[""Assets/NTSD/Sprite/Effect/freeze_ww.bmp""]",False,[212]
Assets/NTSD/Sprite/Effect/frog.bmp,IMAGE,1c4e94421db8bd44faee946c6a4a872e,851AC1A7570773D8FECA8DEB85CD0520B29882C90485EF0F5C16C398EC4F9562,REFERENCED_BY_OLD_INDEXED_CONTENT_REVIEW,[],0,"[""Assets/NTSD/Sprite/Effect/frog.bmp""]",False,[215]
Assets/NTSD/Sprite/Effect/g_smoke.bmp,IMAGE,ddddd6bc932a21a4e95bd46619446dda,EB6BE1B489FEA60D880E15C01CCD689882FB79F1848F81303E8BF6C88DE0B403,REFERENCED_BY_OLD_INDEXED_CONTENT_REVIEW,[],0,"[""Assets/NTSD/Sprite/Effect/g_smoke.bmp""]",False,[221]
Assets/NTSD/Sprite/Effect/g_smoke2.bmp,IMAGE,8b0e55f3ecbd46142b862d689b9a79a5,B89FC9832BF902171398803B5EA1AD16CBA02EB6FEC0802F23E3C4FFCB4D226B,REFERENCED_BY_OLD_INDEXED_CONTENT_REVIEW,[],0,"[""Assets/NTSD/Sprite/Effect/g_smoke2.bmp""]",False,[221]
Assets/NTSD/Sprite/Effect/genjutsu1.bmp,IMAGE,98cb8ba00edccb841b42aef564dfbb20,2407E1A0925AFDDC6205108CAE2F788D588C6AA79054F35B9F5708820C23F36F,REFERENCED_BY_OLD_INDEXED_CONTENT_REVIEW,[],0,"[""Assets/NTSD/Sprite/Effect/genjutsu1.bmp""]",False,[435]
Assets/NTSD/Sprite/Effect/genjutsu2.bmp,IMAGE,7eedcbef0672e77418c274cdf8c958f8,0473EE7D7E4473199E1EBB9510B91CA0278DA9C102B2EAD78560B7E65EBE9DD1,REFERENCED_BY_OLD_INDEXED_CONTENT_REVIEW,[],0,"[""Assets/NTSD/Sprite/Effect/genjutsu2.bmp""]",False,[435]
Assets/NTSD/Sprite/Effect/genjutsu3.bmp,IMAGE,399868f646d1fdb4e81f6aacaf89d725,ACA3CF684CB9BBD9FBD75D747ADA8AB57CE3955CE4408E5DE8F4176B7BF094C8,REFERENCED_BY_OLD_INDEXED_CONTENT_REVIEW,[],0,"[""Assets/NTSD/Sprite/Effect/genjutsu3.bmp""]",False,[435]
Assets/NTSD/Sprite/Effect/genjutsu4.bmp,IMAGE,b08028be7b301094aaaf1998a2ac44ef,DB8E6C06F0A42AD7D03A52C7F7A5C324872AAD46979D9F8F7721F9C567985D79,REFERENCED_BY_OLD_INDEXED_CONTENT_REVIEW,[],0,"[""Assets/NTSD/Sprite/Effect/genjutsu4.bmp""]",False,[435]
Assets/NTSD/Sprite/Effect/genjutsu5.bmp,IMAGE,2bf7a7d716963bb48b510fdbf7e62cbc,C3FF5D1794C274F77707257A3D41108D895F2D5D606A34E5006FF929C1921030,REFERENCED_BY_OLD_INDEXED_CONTENT_REVIEW,[],0,"[""Assets/NTSD/Sprite/Effect/genjutsu5.bmp""]",False,[435]
Assets/NTSD/Sprite/Effect/genjutsu_t.bmp,IMAGE,f82e018b340f6b348a15d2f42c1bbec8,F93A956CB1F1DBFEA42458CEFEE32B816AAC378C585257C4B97484CE70B7AFFF,REFERENCED_BY_OLD_INDEXED_CONTENT_REVIEW,[],0,"[""Assets/NTSD/Sprite/Effect/genjutsu_t.bmp""]",False,[220]
Assets/NTSD/Sprite/Effect/gray.bmp,IMAGE,49bda821c4dba0045abc19fe202dbae7,904BD50AB3173F639AC6EF79A986D686BD6670FA18FA3FBD0050B0575290B581,REFERENCED_BY_OLD_INDEXED_CONTENT_REVIEW,[],0,"[""Assets/NTSD/Sprite/Effect/gray.bmp""]",False,[214]
Assets/NTSD/Sprite/Effect/ground.bmp,IMAGE,523fcdca881167a41bd3d0477011b1ee,8783C6F0F78B64F82C85CCB200E3968669705CAA832D9FA9028FE3F9D07AF710,REFERENCED_BY_OLD_INDEXED_CONTENT_REVIEW,[],0,"[""Assets/NTSD/Sprite/Effect/ground.bmp""]",False,[208]
Assets/NTSD/Sprite/Effect/hakke.bmp,IMAGE,e6b25d01fcbb9974dad8ee551456f83a,38ECCDDFDD6B3EB2AE8BAC687D09BD5CFF2D4935D7AD03AC019123F649BF5DD8,REFERENCED_BY_OLD_INDEXED_CONTENT_REVIEW,[],0,"[""Assets/NTSD/Sprite/Effect/hakke.bmp""]",False,"[204, 208]"
Assets/NTSD/Sprite/Effect/hakke_blast.bmp,IMAGE,9e7fb543dcf7c99438857937dfcccb1e,DBCFDF9DD4E5585458F1489B211EB27C8B6130CB63BF4A257CD7B81F4C42572B,REFERENCED_BY_OLD_INDEXED_CONTENT_REVIEW,[],0,"[""Assets/NTSD/Sprite/Effect/hakke_blast.bmp""]",False,[419]
Assets/NTSD/Sprite/Effect/hakke_blast2.bmp,IMAGE,d954bb0476375aa408ddb430596d1200,9F83B5E1187064B15FF8777D5E28407E0570EB845B1AD2B7089DBBA8ED5ADD4C,REFERENCED_BY_OLD_INDEXED_CONTENT_REVIEW,[],0,"[""Assets/NTSD/Sprite/Effect/hakke_blast2.bmp""]",False,[419]
Assets/NTSD/Sprite/Effect/hakke_blast3.bmp,IMAGE,1b6d162b94f6bb94a9a93e8ebf2c1322,29B5D8024D2BF6CA336C611D180532E339EA3F2E134A5711930CF8C0C9C56DD5,REFERENCED_BY_OLD_INDEXED_CONTENT_REVIEW,[],0,"[""Assets/NTSD/Sprite/Effect/hakke_blast3.bmp""]",False,[419]
Assets/NTSD/Sprite/Effect/heart.bmp,IMAGE,ce6d91c2b217cef4f9e9da753df643f2,3212E1CEB53D2E2452D970BB361A3168002D1293688D7B13FEAD6D842F7A7ABB,REFERENCED_BY_OLD_INDEXED_CONTENT_REVIEW,[],0,"[""Assets/NTSD/Sprite/Effect/heart.bmp""]",False,"[500, 501, 502, 506]"
Assets/NTSD/Sprite/Effect/ink.bmp,IMAGE,bf8254a92d4966c4cad09163a7bace84,E8B208DDF3A2FA9DAAE34E5779DEE76B981C3684B4E9A97016200336B89BB868,REFERENCED_BY_OLD_INDEXED_CONTENT_REVIEW,[],0,"[""Assets/NTSD/Sprite/Effect/ink.bmp""]",False,[207]
Assets/NTSD/Sprite/Effect/ink2.bmp,IMAGE,5cc7ab9a43e1dc544906178f8087f3fc,0863D386BF7942A9107AB2C56CBBBC93EB59870907D5CB1EDB1AC2DE684742B7,REFERENCED_BY_OLD_INDEXED_CONTENT_REVIEW,[],0,"[""Assets/NTSD/Sprite/Effect/ink2.bmp""]",False,[207]
Assets/NTSD/Sprite/Effect/iron_sand.bmp,IMAGE,d3a6798d0f2f6c44693dacd80b06fc3c,D81B6600CF6579B4693B95F097E72BB4F343D99211750A3200A4527B22D1ACBB,REFERENCED_BY_OLD_INDEXED_CONTENT_REVIEW,[],0,"[""Assets/NTSD/Sprite/Effect/iron_sand.bmp""]",False,[222]
Assets/NTSD/Sprite/Effect/itachi_exp.bmp,IMAGE,b8dd4786f97b09c4f9d46a57c6898d0a,8EDFFC8D6BB4390CD4FBFB7943D727BF9A3E4FB8126F6E0D73F992EE6B6F6EC6,REFERENCED_BY_OLD_INDEXED_CONTENT_REVIEW,[],0,"[""Assets/NTSD/Sprite/Effect/itachi_exp.bmp""]",False,[220]
Assets/NTSD/Sprite/Effect/jan_chaseh.bmp,IMAGE,0961c36fac8dd3747878e848c465a29f,31EA811EE15B3A7E2412C0644BD570F8757A62EF2D7FE8FC4FE7C1AAB4248AC6,REFERENCED_BY_OLD_INDEXED_CONTENT_REVIEW,[],0,"[""Assets/NTSD/Sprite/Effect/jan_chaseh.bmp""]",False,[219]
Assets/NTSD/Sprite/Effect/jiraiya_4.bmp,IMAGE,644a8aa3155f06d44b56d8366efe3e73,CC0F49F7CC369F6C6ABE05112E4923AA11F3E42BA303F7C5C5F2B6AAC691A913,REFERENCED_BY_OLD_INDEXED_CONTENT_REVIEW,[],0,"[""Assets/NTSD/Sprite/Effect/jiraiya_4.bmp""]",False,[229]
Assets/NTSD/Sprite/Effect/jiroubou_rock.bmp,IMAGE,f6f8cfcb4f7ccac44b132c44867c3707,64449FBAA602DC15E43E0DC87A90827A527BA117075368D70616C8607567EAD4,REFERENCED_BY_OLD_INDEXED_CONTENT_REVIEW,[],0,"[""Assets/NTSD/Sprite/Effect/jiroubou_rock.bmp""]",False,[449]
Assets/NTSD/Sprite/Effect/jiroubou_rock1.bmp,IMAGE,925441cdca537c24f805296b1aef9ada,C3FACF7F1B8DBD86E05C111D4E29971993762C33C7362CC438A55B9BD27569DE,REFERENCED_BY_OLD_INDEXED_CONTENT_REVIEW,[],0,"[""Assets/NTSD/Sprite/Effect/jiroubou_rock1.bmp""]",False,[436]
Assets/NTSD/Sprite/Effect/julian_col.bmp,IMAGE,f0f554ca08c1f16469390d223bc76116,3C2E08C777A380C2EE494F1BBAF8CFA966D53CD0E33B8C45277102FFA8EB0A93,REFERENCED_BY_OLD_INDEXED_CONTENT_REVIEW,[],0,"[""Assets/NTSD/Sprite/Effect/julian_col.bmp""]",False,[223]
Assets/NTSD/Sprite/Effect/julian_col2.bmp,IMAGE,981331ae68741844581a3b690e83e938,192F19E49A5EA6E968D4B013E129F5B576E526691EF78D5A31F2743F5641E4B7,REFERENCED_BY_OLD_INDEXED_CONTENT_REVIEW,[],0,"[""Assets/NTSD/Sprite/Effect/julian_col2.bmp""]",False,[223]
Assets/NTSD/Sprite/Effect/kakuzu_exp.bmp,IMAGE,64185e300b00e2348b7a8e47331a194a,0A05915EB717D0DF424DE4D50E1CB16E7EEB8196DB16C69220286B306D3E01DF,REFERENCED_BY_OLD_INDEXED_CONTENT_REVIEW,[],0,"[""Assets/NTSD/Sprite/Effect/kakuzu_exp.bmp""]",False,[514]
Assets/NTSD/Sprite/Effect/kami.bmp,IMAGE,832e94ce8db2a5a4f80c98e5318cc5fa,BB7E19147107FE85D8322729B8C1EFC6E3F504E1568D885838A4C16866720303,REFERENCED_BY_OLD_INDEXED_CONTENT_REVIEW,[],0,"[""Assets/NTSD/Sprite/Effect/kami.bmp""]",False,[200]
Assets/NTSD/Sprite/Effect/kankuro_special.bmp,IMAGE,0848a68e08262104f8f1d918e3b00eef,A352893B93B8BEB42768F093AE981FCC986BC7D37BA731CF62FD27433843E811,REFERENCED_BY_OLD_INDEXED_CONTENT_REVIEW,[],0,"[""Assets/NTSD/Sprite/Effect/kankuro_special.bmp""]",False,[230]
Assets/NTSD/Sprite/Effect/karasu.bmp,IMAGE,8552075cb8123e84dbaa1788ae14cabf,0232ABFFDD5D8135A7068B423773BB64DEBE73E8E87E0C718D1C7169B8E3602C,REFERENCED_BY_OLD_INDEXED_CONTENT_REVIEW,[],0,"[""Assets/NTSD/Sprite/Effect/karasu.bmp""]",False,[230]
Assets/NTSD/Sprite/Effect/katon_ball.bmp,IMAGE,987b97d3035deb847bea908b20010837,AB7988B4ED68D962833ED7958E6D426ECAAE3C7A52D9F49904A2F952D5B7D08E,REFERENCED_BY_OLD_INDEXED_CONTENT_REVIEW,[],0,"[""Assets/NTSD/Sprite/Effect/katon_ball.bmp""]",False,[210]
Assets/NTSD/Sprite/Effect/katon_ball_2.bmp,IMAGE,526348ec183684345933d7b3e57ef150,7593DCD1C3EFD07394596EFC4DCAE76A291FA33712F537118C7B1504130D8478,REFERENCED_BY_OLD_INDEXED_CONTENT_REVIEW,[],0,"[""Assets/NTSD/Sprite/Effect/katon_ball_2.bmp""]",False,[408]
Assets/NTSD/Sprite/Effect/katon_dragon.bmp,IMAGE,6610937eb6ac0a04897a0971fda714c1,9D7F183CA0DF737D90AA56251B3E69000EAF73ACE1FC06C85867A3C540B6467C,REFERENCED_BY_OLD_INDEXED_CONTENT_REVIEW,[],0,"[""Assets/NTSD/Sprite/Effect/katon_dragon.bmp""]",False,[408]
Assets/NTSD/Sprite/Effect/katon_dragon2.bmp,IMAGE,31d14620f986f7349b2b6ba40892a1d7,B668BA8D74257B309EEEE3D47C3DE075E9DA7F4C768AE338C1ECAB1EC7462805,REFERENCED_BY_OLD_INDEXED_CONTENT_REVIEW,[],0,"[""Assets/NTSD/Sprite/Effect/katon_dragon2.bmp""]",False,[408]
Assets/NTSD/Sprite/Effect/katon_flame.bmp,IMAGE,bfc861cd102441446a4ed6b565904e6e,B323AEADEB6087FA1A010A7577CAB7CAA2192DB72855493284C3BB72B4633A29,REFERENCED_BY_OLD_INDEXED_CONTENT_REVIEW,[],0,"[""Assets/NTSD/Sprite/Effect/katon_flame.bmp""]",False,[408]
Assets/NTSD/Sprite/Effect/kidomaru_3.bmp,IMAGE,00d20210745b52d46b9ccee39523f502,9D429FBD750D6F68D3924497ED39D7B0DA705F513C0F621D5E11127158025B7D,REFERENCED_BY_OLD_INDEXED_CONTENT_REVIEW,[],0,"[""Assets/NTSD/Sprite/Effect/kidomaru_3.bmp""]",False,[438]
Assets/NTSD/Sprite/Effect/kunai.bmp,IMAGE,c6ec4f4b29d803c4c901c3087bafac61,866DA54E182EDE4C39B1FEB19E7C4812FB26896CD4E49F17C8DD6B7B960025AF,REFERENCED_BY_OLD_INDEXED_CONTENT_REVIEW,[],0,"[""Assets/NTSD/Sprite/Effect/kunai.bmp""]",False,"[433, 448]"
Assets/NTSD/Sprite/Effect/kyubi_arms.bmp,IMAGE,282bde85b1e009c43872cc56ebd1d93e,6F95A048DBE785CD0864A1179D08051A077A4288C391A71853E6542044EE0C52,REFERENCED_BY_OLD_INDEXED_CONTENT_REVIEW,[],0,"[""Assets/NTSD/Sprite/Effect/kyubi_arms.bmp""]",False,[436]
Assets/NTSD/Sprite/Effect/kyubi_ex.bmp,IMAGE,d61ea708c717b0c44958fa6d9240e051,930545B1568AAD933F5D574355A38BF902939689FE38F8B5779973EBE45214A8,REFERENCED_BY_OLD_INDEXED_CONTENT_REVIEW,[],0,"[""Assets/NTSD/Sprite/Effect/kyubi_ex.bmp""]",False,[223]
Assets/NTSD/Sprite/Effect/manda1.bmp,IMAGE,84c83ca8043effa4cbbe3c1d2c01e9eb,DA3A9374C246351D971A180A468BD277CFC9A851176C43015AFD85DA8E2B13AC,REFERENCED_BY_OLD_INDEXED_CONTENT_REVIEW,[],0,"[""Assets/NTSD/Sprite/Effect/manda1.bmp""]",False,[223]
Assets/NTSD/Sprite/Effect/manda2.bmp,IMAGE,ad4fe091cd4d2b941b923f3192b1abd8,C9D5AC7B0AFC4B4E9D7D3AFC8B1E8839070391819894A7D53602E25E350F55EF,REFERENCED_BY_OLD_INDEXED_CONTENT_REVIEW,[],0,"[""Assets/NTSD/Sprite/Effect/manda2.bmp""]",False,[223]
Assets/NTSD/Sprite/Effect/manda3.bmp,IMAGE,f2c030a65c6125349ae6b92bc38ad287,AB1C1E2B2DA5257339C4E3B129C8562DD81E1931F776FB096F8670594C0CAF08,REFERENCED_BY_OLD_INDEXED_CONTENT_REVIEW,[],0,"[""Assets/NTSD/Sprite/Effect/manda3.bmp""]",False,[223]
Assets/NTSD/Sprite/Effect/manda4.bmp,IMAGE,6c3eeddbb8391b74583e6526c78334ea,0793C433E1F7473E6FAE4B76B1A9FBA41537A86208F0133656FA65A5ED9F9060,REFERENCED_BY_OLD_INDEXED_CONTENT_REVIEW,[],0,"[""Assets/NTSD/Sprite/Effect/manda4.bmp""]",False,[224]
Assets/NTSD/Sprite/Effect/manda7.bmp,IMAGE,d321532e2ca532f4e97d210b04bb678d,3CCFF15D71952133F96B1813EC1DE820E5F1DE756E3A1C050C9EFB19AA4885E9,REFERENCED_BY_OLD_INDEXED_CONTENT_REVIEW,[],0,"[""Assets/NTSD/Sprite/Effect/manda7.bmp""]",False,[224]
Assets/NTSD/Sprite/Effect/mirror.bmp,IMAGE,78bbcc1f558fd5b4383b8806e75d8251,85C280A5E05D5F9B01F2731C1D1BB1F46AE3AE94DF3D799A480CBFA48D6FCC7F,REFERENCED_BY_OLD_INDEXED_CONTENT_REVIEW,[],0,"[""Assets/NTSD/Sprite/Effect/mirror.bmp""]",False,[516]
Assets/NTSD/Sprite/Effect/mirror2.bmp,IMAGE,05f70898bf6e6174392c70d57de7b9e0,D97A009CBDDC60214C125735A21B03052D989164B4B975045FF7DFB6EC9B837A,REFERENCED_BY_OLD_INDEXED_CONTENT_REVIEW,[],0,"[""Assets/NTSD/Sprite/Effect/mirror2.bmp""]",False,[516]
Assets/NTSD/Sprite/Effect/mission.bmp,IMAGE,1ff289fb01ecb97478707955292a6ae2,E8398EE5C64977F5EB0A6E19AAEF17EDDF17D0ACC53EC8148A2F2E077C954F43,REFERENCED_BY_OLD_INDEXED_CONTENT_REVIEW,[],0,"[""Assets/NTSD/Sprite/Effect/mission.bmp""]",False,[235]
Assets/NTSD/Sprite/Effect/mission2.bmp,IMAGE,99816a24e03667a4a81e8be4e179639c,D26C4F675ABA3C83BB418AB4ED4B0891B7CC34CF07F4FCB8848A3BC98400C4FF,REFERENCED_BY_OLD_INDEXED_CONTENT_REVIEW,[],0,"[""Assets/NTSD/Sprite/Effect/mission2.bmp""]",False,[235]
Assets/NTSD/Sprite/Effect/mission3.bmp,IMAGE,f76c63985f7e8b143a708552a62e95bd,1B9191B033F23F46DE6829EC001F04F26204D062C0AC856D87E94F506033D7EE,REFERENCED_BY_OLD_INDEXED_CONTENT_REVIEW,[],0,"[""Assets/NTSD/Sprite/Effect/mission3.bmp""]",False,[235]
Assets/NTSD/Sprite/Effect/mission4.bmp,IMAGE,cf5686249783dd648a4084ac5cd94b19,C268FFAF64736D9B49C4801237A972803A4FE4309914B1F855232FC8C6E91712,REFERENCED_BY_OLD_INDEXED_CONTENT_REVIEW,[],0,"[""Assets/NTSD/Sprite/Effect/mission4.bmp""]",False,[235]
Assets/NTSD/Sprite/Effect/mission5.bmp,IMAGE,fe8000b25cbed9e4888f148a4415ad3f,D2BB269FDEB67926120209F0AC3AFE9671A6D28F22C11FEFA9FFB29308F210AB,REFERENCED_BY_OLD_INDEXED_CONTENT_REVIEW,[],0,"[""Assets/NTSD/Sprite/Effect/mission5.bmp""]",False,[235]
Assets/NTSD/Sprite/Effect/mission6.bmp,IMAGE,3dc8d8b33520d8340acf8c8874b3cc31,38FF013A6F44EC557DB9948C4F1EADDD56BAB8D344F194BDAE2C7B75A33FD0C6,REFERENCED_BY_OLD_INDEXED_CONTENT_REVIEW,[],0,"[""Assets/NTSD/Sprite/Effect/mission6.bmp""]",False,[235]
Assets/NTSD/Sprite/Effect/mission7.bmp,IMAGE,70a2e56da42c3e0449cebc6bb35c2191,C2A8915ECA3C2D9446624A7EABD5DA2CFACB10B1C0469B31E915C2267376E66B,REFERENCED_BY_OLD_INDEXED_CONTENT_REVIEW,[],0,"[""Assets/NTSD/Sprite/Effect/mission7.bmp""]",False,[235]
Assets/NTSD/Sprite/Effect/monster.bmp,IMAGE,f18ab3363200cd945a0db0b5ee98e306,ACF81BDE825904B519DA18B41F34A0556B175DA9D9BD6929CBF481217A67BB9E,REFERENCED_BY_OLD_INDEXED_CONTENT_REVIEW,[],0,"[""Assets/NTSD/Sprite/Effect/monster.bmp""]",False,[439]
Assets/NTSD/Sprite/Effect/nc_kakuzuarm.bmp,IMAGE,a408a6be94015244b97c71aefac2487a,46A036BF35E4BA49C81E4538B35750DF6824A99D5BB52A0F97048BE1EB8180D5,REFERENCED_BY_OLD_INDEXED_CONTENT_REVIEW,[],0,"[""Assets/NTSD/Sprite/Effect/nc_kakuzuarm.bmp""]",False,[499]
Assets/NTSD/Sprite/Effect/nckakuzu_water.bmp,IMAGE,30b7f77eb42c3f842a71c054fccadc98,652039E74ED46C93EEA4EA1EF3C470A286E43B0D12CFFDF61CEDB4F55E9B1B84,REFERENCED_BY_OLD_INDEXED_CONTENT_REVIEW,[],0,"[""Assets/NTSD/Sprite/Effect/nckakuzu_water.bmp""]",False,[416]
Assets/NTSD/Sprite/Effect/puppet.bmp,IMAGE,2f664e9d5d9390b448445b65885816b0,F71D753D5681362A5409C59C75D63F6389318456483247673E5C242BC648EA00,REFERENCED_BY_OLD_INDEXED_CONTENT_REVIEW,[],0,"[""Assets/NTSD/Sprite/Effect/puppet.bmp""]",False,[213]
Assets/NTSD/Sprite/Effect/puppet2.bmp,IMAGE,fb6bd1fba191acc4181b7c1a262b6744,110D9529691F85F33E590C81B142BFB3C3F26A8C3F0DFE4E0E3D3DABE61DB988,REFERENCED_BY_OLD_INDEXED_CONTENT_REVIEW,[],0,"[""Assets/NTSD/Sprite/Effect/puppet2.bmp""]",False,[213]
Assets/NTSD/Sprite/Effect/puppet_1.bmp,IMAGE,b38892d600d6dd1499e43867eefd8624,83016F94778162EB802ED25DA074550F707E5B3273257CC894D6EEC5FAC4E53C,REFERENCED_BY_OLD_INDEXED_CONTENT_REVIEW,[],0,"[""Assets/NTSD/Sprite/Effect/puppet_1.bmp""]",False,[420]
Assets/NTSD/Sprite/Effect/puppet_2.bmp,IMAGE,4a6be211d928627418b3a0c35d027d80,2915C1C43420DD60660290784CC6F2B320DAFCC10781F2FB1EC4CE4EECEC6B8E,REFERENCED_BY_OLD_INDEXED_CONTENT_REVIEW,[],0,"[""Assets/NTSD/Sprite/Effect/puppet_2.bmp""]",False,"[510, 511, 512]"
Assets/NTSD/Sprite/Effect/rasengan.bmp,IMAGE,4aa359c30e8bfcc43a2bc4bd9a82e695,8A728A99B65D80E0F72E82645E50AA0A55C07971F06908C51791CF6B2A45E8E8,REFERENCED_BY_OLD_INDEXED_CONTENT_REVIEW,[],0,"[""Assets/NTSD/Sprite/Effect/rasengan.bmp""]",False,[229]
Assets/NTSD/Sprite/Effect/rasengan_ball.bmp,IMAGE,1ff9ced945f215349ad40c552e012281,2414546862288BF0092C7BAF0635095BB10ED1648843B7218749FE4C73611EEA,REFERENCED_BY_OLD_INDEXED_CONTENT_REVIEW,[],0,"[""Assets/NTSD/Sprite/Effect/rasengan_ball.bmp""]",False,"[434, 437, 447]"
Assets/NTSD/Sprite/Effect/rasenshuriken.bmp,IMAGE,5f09b922bd11622479cd6aebceaaa118,DB75039222538F1B33D276532F4BF7A8F9BA9C52E86993BAE7410F3B6EF6E51F,REFERENCED_BY_OLD_INDEXED_CONTENT_REVIEW,[],0,"[""Assets/NTSD/Sprite/Effect/rasenshuriken.bmp""]",False,[229]
Assets/NTSD/Sprite/Effect/rasenshuriken2.bmp,IMAGE,efee10631bb32b44aba6a5950a4225b6,F703CD59A633476FD6ADFE01180B2486919D3C4078C29EF2A3E4EEDC7807C865,REFERENCED_BY_OLD_INDEXED_CONTENT_REVIEW,[],0,"[""Assets/NTSD/Sprite/Effect/rasenshuriken2.bmp""]",False,[229]
Assets/NTSD/Sprite/Effect/red.bmp,IMAGE,5810e6b62a14dcf439c03aab7d2955ad,30FF5AA6F9BDD40E17382FC796D0E5A5979B4C648FF713D2CB2760F876EE9CCA,REFERENCED_BY_OLD_INDEXED_CONTENT_REVIEW,[],0,"[""Assets/NTSD/Sprite/Effect/red.bmp""]",False,[214]
Assets/NTSD/Sprite/Effect/rineneye.bmp,IMAGE,0c43ee6668e1b254c9f57938ceada202,DD334F05C19D3B06D9FB5F45838E8AFA7F63991F0EAD90F8F643050A5F8451CD,REFERENCED_BY_OLD_INDEXED_CONTENT_REVIEW,[],0,"[""Assets/NTSD/Sprite/Effect/rineneye.bmp""]",False,[401]
Assets/NTSD/Sprite/Effect/sakura_ball.bmp,IMAGE,0051c368b57ed1f41919d08529b978c2,44D8869A54E196ED1D724D48ACC61D773A4462758F473B03EB52F322B074367F,REFERENCED_BY_OLD_INDEXED_CONTENT_REVIEW,[],0,"[""Assets/NTSD/Sprite/Effect/sakura_ball.bmp""]",False,[200]
Assets/NTSD/Sprite/Effect/sand.bmp,IMAGE,c90e9fc5d997a714ca57b39cfb99da4e,9C7DB00D511C24557A2C9634DB3B2FFCC61A423AE69E3E2AA35BC41DDE4F6ECD,REFERENCED_BY_OLD_INDEXED_CONTENT_REVIEW,[],0,"[""Assets/NTSD/Sprite/Effect/sand.bmp""]",False,"[411, 412, 413, 513]"
Assets/NTSD/Sprite/Effect/sand2.bmp,IMAGE,ee744ffc3acedfa42a8a0bed8ca6cb1d,2AA8D7221DAFEA7870911B641FE11E9CCC5643D11619D872CCFB3D719B5DE634,REFERENCED_BY_OLD_INDEXED_CONTENT_REVIEW,[],0,"[""Assets/NTSD/Sprite/Effect/sand2.bmp""]",False,[205]
Assets/NTSD/Sprite/Effect/sand3.bmp,IMAGE,d5cd02d88ec20de458589856ba78a8f2,2DD71C02E859BB19B985EEF5844A071343843C4E4F72DDF78A467CACA3A1C5D5,REFERENCED_BY_OLD_INDEXED_CONTENT_REVIEW,[],0,"[""Assets/NTSD/Sprite/Effect/sand3.bmp""]",False,[412]
Assets/NTSD/Sprite/Effect/sand_shield.bmp,IMAGE,ba46ff768d3c636499422fc1d09b6197,09ECD494B02D3511051400690758BD6995EE0AA7C5D5B14F292DC2F195798C99,REFERENCED_BY_OLD_INDEXED_CONTENT_REVIEW,[],0,"[""Assets/NTSD/Sprite/Effect/sand_shield.bmp""]",False,[410]
Assets/NTSD/Sprite/Effect/sanshouo.bmp,IMAGE,60edcb964fc9e5c43a7a4ad3255e0aa5,CF350E06D4AB3176CD3F4B1B08AF95643544D4EA3AD9FE96C90B3677F92A9111,REFERENCED_BY_OLD_INDEXED_CONTENT_REVIEW,[],0,"[""Assets/NTSD/Sprite/Effect/sanshouo.bmp""]",False,[231]
Assets/NTSD/Sprite/Effect/sanshouo2.bmp,IMAGE,7f7bf3b3e4de9fc49b2c1efcaaf644b9,E341D43A0BA808D499EF0A6B993FA1E624089DFDEB92C051D7B1CD4DA496B3A3,REFERENCED_BY_OLD_INDEXED_CONTENT_REVIEW,[],0,"[""Assets/NTSD/Sprite/Effect/sanshouo2.bmp""]",False,[231]
Assets/NTSD/Sprite/Effect/shadow.bmp,IMAGE,9809647fdf480574bb46ca269087ba5f,1B89B6D13307BDB621994140F6953D2A1938743236941B660A415D722C3B2162,REFERENCED_BY_OLD_INDEXED_CONTENT_REVIEW,[],0,"[""Assets/NTSD/Sprite/Effect/shadow.bmp""]",False,[462]
Assets/NTSD/Sprite/Effect/shadow2.bmp,IMAGE,076f735ba9c71a04496ff9e0be54c168,F81316E9BA4A90F966022D4C0B8A57E1F75AD577D90A830D20B776D187398D5B,REFERENCED_BY_OLD_INDEXED_CONTENT_REVIEW,[],0,"[""Assets/NTSD/Sprite/Effect/shadow2.bmp""]",False,[462]
Assets/NTSD/Sprite/Effect/sharingan1_b.bmp,IMAGE,fb6ed659032a7224d8dfdd374c281f49,434990A9FD609D73EBBF55A0DA022A0A6FC6E99C137FE6663F27569ECC4F6B30,REFERENCED_BY_OLD_INDEXED_CONTENT_REVIEW,[],0,"[""Assets/NTSD/Sprite/Effect/sharingan1_b.bmp""]",False,[214]
Assets/NTSD/Sprite/Effect/sharingan2_b.bmp,IMAGE,5abc237d5664c2d49b37ad3a216ba05e,9021482FEA29741A381D92A3A7E3A32550D2C7391EAE90AB3CAFEA3A033141FE,REFERENCED_BY_OLD_INDEXED_CONTENT_REVIEW,[],0,"[""Assets/NTSD/Sprite/Effect/sharingan2_b.bmp""]",False,[214]
Assets/NTSD/Sprite/Effect/sharingan3_b.bmp,IMAGE,0740d0eaae5f0c6429096c8776807591,28A02BC607AF87C8AABDD46A7373B4F79D963A9A20668E73A83D01A8500052CA,REFERENCED_BY_OLD_INDEXED_CONTENT_REVIEW,[],0,"[""Assets/NTSD/Sprite/Effect/sharingan3_b.bmp""]",False,[214]
Assets/NTSD/Sprite/Effect/sharingan4_b.bmp,IMAGE,84e9fc7ac3bf4c64897935007e1c46ae,97A091459A223721DBABF31776CFC1BB592F2B0F05EA76678FB83E98AB0A8987,REFERENCED_BY_OLD_INDEXED_CONTENT_REVIEW,[],0,"[""Assets/NTSD/Sprite/Effect/sharingan4_b.bmp""]",False,[214]
Assets/NTSD/Sprite/Effect/shark.bmp,IMAGE,231261bffa47a8044836a09186e6a303,14E3A0FE4C1293170B6747FA572902BCE3778A99D76932287E73CB2FEE7C9FFD,REFERENCED_BY_OLD_INDEXED_CONTENT_REVIEW,[],0,"[""Assets/NTSD/Sprite/Effect/shark.bmp""]",False,[416]
Assets/NTSD/Sprite/Effect/shark_multi.bmp,IMAGE,d9e7cf98ff07031448ebbb62fcbf86ba,F5D3294B4321F414BDD3C462E285DC3FD6A6EE20279CB299FE9CA2CF653509E0,REFERENCED_BY_OLD_INDEXED_CONTENT_REVIEW,[],0,"[""Assets/NTSD/Sprite/Effect/shark_multi.bmp""]",False,[416]
Assets/NTSD/Sprite/Effect/shark_multi2.bmp,IMAGE,e093ef34708e7124aba450881c3de64e,C92BB76B286C94A14CB62C27EEA01203BEA78736F7AEC7DCC8C1A53DAA2241A5,REFERENCED_BY_OLD_INDEXED_CONTENT_REVIEW,[],0,"[""Assets/NTSD/Sprite/Effect/shark_multi2.bmp""]",False,[416]
Assets/NTSD/Sprite/Effect/slashes.bmp,IMAGE,c49f56ec44f35dc4cb2f2c6f406cd94c,D81C37F262D3B49F2957881D842D1761907EF487E6D5F8686EC11064778A21C1,REFERENCED_BY_OLD_INDEXED_CONTENT_REVIEW,[],0,"[""Assets/NTSD/Sprite/Effect/slashes.bmp""]",False,[435]
Assets/NTSD/Sprite/Effect/smoke.bmp,IMAGE,cf0edd9197c555649bb6b3b491d4143e,325EC4E3662FE273C629B29630197CD740CEF88EB1EBA5C21A6508427EF3AFD8,REFERENCED_BY_OLD_INDEXED_CONTENT_REVIEW,[],0,"[""Assets/NTSD/Sprite/Effect/smoke.bmp""]",False,[204]
Assets/NTSD/Sprite/Effect/smoke2.bmp,IMAGE,519a9e18704e48f4bb7bb8d97339194d,03F4C7A36EFBE8DA1A9A2B62C3C97F059C34C4A1C8FDDC6B597FD89DCD434440,REFERENCED_BY_OLD_INDEXED_CONTENT_REVIEW,[],0,"[""Assets/NTSD/Sprite/Effect/smoke2.bmp""]",False,[222]
Assets/NTSD/Sprite/Effect/snake.bmp,IMAGE,648e51dd0cfda204ab8b271e7dff8ca3,6A889CFC2AED634235D2BF21EBAF84ABB76F140252A88BCAFF759261FBFBD1CE,REFERENCED_BY_OLD_INDEXED_CONTENT_REVIEW,[],0,"[""Assets/NTSD/Sprite/Effect/snake.bmp""]",False,[224]
Assets/NTSD/Sprite/Effect/snake_2.bmp,IMAGE,013b221358803ec47828a9e73960e635,BCCED1E280CC524E8D77E0F2800B59B4E581672CB07305881EA247E6457B9E96,REFERENCED_BY_OLD_INDEXED_CONTENT_REVIEW,[],0,"[""Assets/NTSD/Sprite/Effect/snake_2.bmp""]",False,[224]
Assets/NTSD/Sprite/Effect/spear.bmp,IMAGE,2dae37fe65ec90e40a529cf9929087cf,FA665CA5E536C7F952C05837349EDF52BC958CCA936A0D3A61B87CD5CFDF56F3,REFERENCED_BY_OLD_INDEXED_CONTENT_REVIEW,[],0,"[""Assets/NTSD/Sprite/Effect/spear.bmp""]",False,[411]
Assets/NTSD/Sprite/Effect/spider.bmp,IMAGE,33fa2c1c5a6731f49a2dcc2755d2c44b,A273CCC12BFDB2E1C63755B97804FADDB242B7419F81435F02912940C13B0F0B,REFERENCED_BY_OLD_INDEXED_CONTENT_REVIEW,[],0,"[""Assets/NTSD/Sprite/Effect/spider.bmp""]",False,[438]
Assets/NTSD/Sprite/Effect/spiral.bmp,IMAGE,8b7163792688ba844bec3285b556718b,24072A29A65068DE2301A5D59E609B3C688A25B7C01288A7BBDCCA910D6831A7,REFERENCED_BY_OLD_INDEXED_CONTENT_REVIEW,[],0,"[""Assets/NTSD/Sprite/Effect/spiral.bmp""]",False,[433]
Assets/NTSD/Sprite/Effect/start.bmp,IMAGE,747397c1e9aaa754ba6e774e6a7d1889,E8DA7047B9EAAA98DDE075995643EB1B6907491B2E4B55EAD037131145A0F5C3,REFERENCED_BY_OLD_INDEXED_CONTENT_REVIEW,[],0,"[""Assets/NTSD/Sprite/Effect/start.bmp""]",False,[235]
Assets/NTSD/Sprite/Effect/start2.bmp,IMAGE,b0a40fc791119df459880cb9479eb91b,948069DE356F0D2C8598E48547597584A733FC080E51A60ACEB257E1B03B17C4,REFERENCED_BY_OLD_INDEXED_CONTENT_REVIEW,[],0,"[""Assets/NTSD/Sprite/Effect/start2.bmp""]",False,[215]
Assets/NTSD/Sprite/Effect/summon.bmp,IMAGE,c78f57354a500b74cb20ed1ba138c9b7,5FE02EF8C204CC6ECEB99758F54CAE7CF965EABB0E0F5F63379D39850879B9F9,REFERENCED_BY_OLD_INDEXED_CONTENT_REVIEW,[],0,"[""Assets/NTSD/Sprite/Effect/summon.bmp""]",False,[401]
Assets/NTSD/Sprite/Effect/sword.bmp,IMAGE,f89c9f91776cc554f842c0403ad0c270,5225B306D8E54AEC3A61B46D0788152A9BA8DA3248723D17AEBD3A047A7A3697,REFERENCED_BY_OLD_INDEXED_CONTENT_REVIEW,[],0,"[""Assets/NTSD/Sprite/Effect/sword.bmp""]",False,[208]
Assets/NTSD/Sprite/Effect/temari_wind.bmp,IMAGE,aece43a9b8d87df44852a24a12c992ac,AC26BAC6B14061E5C617D2C374C3EF16DEAC420A2841A112B8BABAA6AC66A446,REFERENCED_BY_OLD_INDEXED_CONTENT_REVIEW,[],0,"[""Assets/NTSD/Sprite/Effect/temari_wind.bmp""]",False,[204]
Assets/NTSD/Sprite/Effect/temari_ww.bmp,IMAGE,42d08585ac9deb949bdeba7321466ebe,44ABE5EB2B236CD8BFB2E363D8FAD6486A6D0FA65D9BBC5109D5C50F77F68406,REFERENCED_BY_OLD_INDEXED_CONTENT_REVIEW,[],0,"[""Assets/NTSD/Sprite/Effect/temari_ww.bmp""]",False,[204]
Assets/NTSD/Sprite/Effect/temari_www.bmp,IMAGE,35e98c14a68a31a4fbd5824ba2db164f,85E823869A877F9E7F47FC8F7A26F5C5E9A8A516DBE6822FF4992781A2A0C224,REFERENCED_BY_OLD_INDEXED_CONTENT_REVIEW,[],0,"[""Assets/NTSD/Sprite/Effect/temari_www.bmp""]",False,[204]
Assets/NTSD/Sprite/Effect/thunder.bmp,IMAGE,e4567eea8f7784d4187fe8d101d6d1b1,127B33061E685BFEDD9EEE784595C0BB142ED30130DD4E8458AB648D51C08177,REFERENCED_BY_OLD_INDEXED_CONTENT_REVIEW,[],0,"[""Assets/NTSD/Sprite/Effect/thunder.bmp""]",False,[440]
Assets/NTSD/Sprite/Effect/thunder2.bmp,IMAGE,184315d0b091d34448d05bac728e4fd8,FAD25D5D18BC9BAC9E64FFD15F9705DD28E952EE1E812A06AF95D9C3AF17BA03,REFERENCED_BY_OLD_INDEXED_CONTENT_REVIEW,[],0,"[""Assets/NTSD/Sprite/Effect/thunder2.bmp""]",False,[440]
Assets/NTSD/Sprite/Effect/thunder3.bmp,IMAGE,c0e32dae3bacd1d4e8c04df3f0bfcc5a,EE142BED89C97066EBF4C5B8ED20519A3CA3AE04B318C79DCCD7F16A37302A37,REFERENCED_BY_OLD_INDEXED_CONTENT_REVIEW,[],0,"[""Assets/NTSD/Sprite/Effect/thunder3.bmp""]",False,[440]
Assets/NTSD/Sprite/Effect/thunder_creature.bmp,IMAGE,c14dfb54a22b8394e9ecea3ca21ae85d,DCA4A525FF72C07029C3F9F8283D92471CC4C92D2094D39716887FF50C6D2B55,REFERENCED_BY_OLD_INDEXED_CONTENT_REVIEW,[],0,"[""Assets/NTSD/Sprite/Effect/thunder_creature.bmp""]",False,[451]
Assets/NTSD/Sprite/Effect/timer.bmp,IMAGE,881d8a4100218da4fb030c75cf198e1d,A1F6F9E250E44F8EEA0ED90E01AF05161E141E74F6F345574108AA1DB61A50B9,REFERENCED_BY_OLD_INDEXED_CONTENT_REVIEW,[],0,"[""Assets/NTSD/Sprite/Effect/timer.bmp""]",False,[205]
Assets/NTSD/Sprite/Effect/timer2.bmp,IMAGE,b11bd866658a7a8418cfc67a0f1d0cc3,609A57C906CFB56DF4346585308BAC0F32298E089DAD5110A3466962A2CE93A4,REFERENCED_BY_OLD_INDEXED_CONTENT_REVIEW,[],0,"[""Assets/NTSD/Sprite/Effect/timer2.bmp""]",False,[222]
Assets/NTSD/Sprite/Effect/tree.bmp,IMAGE,2a35606cc8c2abc4080fead67ddd80d6,B529F7321D8023633DC0B01E2E20879D052C40980B3C38D022479BADB4A20613,REFERENCED_BY_OLD_INDEXED_CONTENT_REVIEW,[],0,"[""Assets/NTSD/Sprite/Effect/tree.bmp""]",False,[417]
Assets/NTSD/Sprite/Effect/water.bmp,IMAGE,706aa8139ffeba54d8f2df9f31eed39a,0DE07BD12B5144FDE379BB5F37773531726579D203560AD916A91C82EC6894B6,REFERENCED_BY_OLD_INDEXED_CONTENT_REVIEW,[],0,"[""Assets/NTSD/Sprite/Effect/water.bmp""]",False,[416]
Assets/NTSD/Sprite/Effect/water_prison.bmp,IMAGE,fb0bbfc1889c6524084a002d40f81440,7CDD3D21CE373941A7365E16197DC55012122A288964364BA0DA1612908E5E9B,REFERENCED_BY_OLD_INDEXED_CONTENT_REVIEW,[],0,"[""Assets/NTSD/Sprite/Effect/water_prison.bmp""]",False,[416]
Assets/NTSD/Sprite/Effect/wave1.bmp,IMAGE,e8b4e6382c612ac499e97a5365577f8c,B1E708D991E18F0314D396FBC789BBB3802FD5F2F4F26CF8F67DF136AC2CA1EE,REFERENCED_BY_OLD_INDEXED_CONTENT_REVIEW,[],0,"[""Assets/NTSD/Sprite/Effect/wave1.bmp""]",False,[436]
Assets/NTSD/Sprite/Effect/wave2.bmp,IMAGE,6815b3b100bc66d43972d50548e1ff7e,0EDF5210B8D2E3FF2D969FD9B97402360E71121150818F1982C414E37B43122F,REFERENCED_BY_OLD_INDEXED_CONTENT_REVIEW,[],0,"[""Assets/NTSD/Sprite/Effect/wave2.bmp""]",False,[436]
Assets/NTSD/Sprite/Effect/wave3.bmp,IMAGE,6bee7f9c14fa2db45bc7b0074fee67b2,E98BF8A97B6D78D198CDAC3C3884FBDB3937C6066A8E494DC9994D842A1822FF,REFERENCED_BY_OLD_INDEXED_CONTENT_REVIEW,[],0,"[""Assets/NTSD/Sprite/Effect/wave3.bmp""]",False,[436]
Assets/NTSD/Sprite/Effect/wave4.bmp,IMAGE,592315b30b139794a99565050b1f8e03,A1FF9E604C9D9F792DA177B75EBE91024FFB6D2A5F21236DB9E94EBE0CC464AE,REFERENCED_BY_OLD_INDEXED_CONTENT_REVIEW,[],0,"[""Assets/NTSD/Sprite/Effect/wave4.bmp""]",False,[436]
Assets/NTSD/Sprite/Effect/wave5.bmp,IMAGE,7ec010c4c8d102a40b5a847014431eca,BEAD709F28E6B769209F4A522D58EFDA2F89C872D9A9719DC0CF9E745C591224,REFERENCED_BY_OLD_INDEXED_CONTENT_REVIEW,[],0,"[""Assets/NTSD/Sprite/Effect/wave5.bmp""]",False,[436]
Assets/NTSD/Sprite/Effect/white.bmp,IMAGE,17adfbaca63537c4e851e4b6c67e148e,3DC69D9BEF20BC17F950B4030A8D832B6DB3B17E1A5BC0CE9DD98205F95E1EA1,REFERENCED_BY_OLD_INDEXED_CONTENT_REVIEW,[],0,"[""Assets/NTSD/Sprite/Effect/white.bmp""]",False,[435]
Assets/NTSD/Sprite/Effect/wind.bmp,IMAGE,de09d865119a39745b2e02613322d914,02628C25800EEE67BDF28C8BA49796337C9BB766991B962226E1DEC32A5B1B34,REFERENCED_BY_OLD_INDEXED_CONTENT_REVIEW,[],0,"[""Assets/NTSD/Sprite/Effect/wind.bmp""]",False,[204]
Assets/NTSD/Sprite/Effect/wood.bmp,IMAGE,a6c90ff23ee5df543be771d7fa98026b,B8D02D6679F67FDD15E71D4B5FFB240E7EDDB27D59A7D3E0E34460698498CCC5,REFERENCED_BY_OLD_INDEXED_CONTENT_REVIEW,[],0,"[""Assets/NTSD/Sprite/Effect/wood.bmp""]",False,"[441, 442, 445]"
Assets/NTSD/Sprite/Effect/yellow.bmp,IMAGE,54025b7e00bdaf241a19c6a05b4801d0,781DB583153145F66E3B21F0C3044263BB2DFD8C3E84F4DECEB40D125EB36B5C,REFERENCED_BY_OLD_INDEXED_CONTENT_REVIEW,[],0,"[""Assets/NTSD/Sprite/Effect/yellow.bmp""]",False,[433]
Assets/NTSD/Sprite/OtherBg/04E5A15181D0070A9C930E1A60738F7B.png,IMAGE,d29aeda7270a7034faaec2c36173cafa,6D141668EC9BBC7E0357E50F6A2C5E7FA79DA87A6365F8F39A162EE87E6DEF9E,PRESERVE_NOT_IN_PROVEN_REPLACEMENT_SET,[],0,"[""Assets/NTSD/Sprite/OtherBg/04E5A15181D0070A9C930E1A60738F7B.png""]",False,[]
Assets/NTSD/Sprite/OtherBg/07be1b3f1314af8360b87038a8dbe62f.png,IMAGE,080fe998778a33844a20e453e0bd3c83,7BC0A0C6B1158751C92FBE23AA8A1093400100AE198FC8DAF39DECE6D16EA3E0,PRESERVE_NOT_IN_PROVEN_REPLACEMENT_SET,[],0,"[""Assets/NTSD/Sprite/OtherBg/07be1b3f1314af8360b87038a8dbe62f.png""]",False,[]
Assets/NTSD/Sprite/OtherBg/29159147f155859501b9a3a93ca8b435.png,IMAGE,24909b989ca55ab40869125d2c81175b,5C707D9D03BA201051B8D8104B0206B9C8AEB1EEA02C589FD20AEA0CDE1D6655,PRESERVE_NOT_IN_PROVEN_REPLACEMENT_SET,[],0,"[""Assets/NTSD/Sprite/OtherBg/29159147f155859501b9a3a93ca8b435.png""]",False,[]
Assets/NTSD/Sprite/OtherBg/42A7673E3DB1ABD04119B98809FB5E73.png,IMAGE,c97f6114b448ea9458e74a0c114109b3,4B8DA24C32CF715AB47FCF9AECE921518EC619C1C23B0E44DB8EBECEA99E865A,PRESERVE_NOT_IN_PROVEN_REPLACEMENT_SET,[],0,"[""Assets/NTSD/Sprite/OtherBg/42A7673E3DB1ABD04119B98809FB5E73.png""]",False,[]
Assets/NTSD/Sprite/OtherBg/469a7584-aa31-4373-a1b1-29c2ca012894.png,IMAGE,52f6c6ba105ed7d4ea1e4702ae0e65bc,E28CA3D2697922EF6D27F565A32CFEAFD584C9C8AC3DF85E270B7B4DF2A554BB,PRESERVE_NOT_IN_PROVEN_REPLACEMENT_SET,[],0,"[""Assets/NTSD/Sprite/OtherBg/469a7584-aa31-4373-a1b1-29c2ca012894.png""]",False,[]
Assets/NTSD/Sprite/OtherBg/4874906f89b14b6e574426fdfb6a862d.png,IMAGE,3a40e887a8b2c0f47b8c817e6f31c911,928825CA7559178A3FD20E764DDDE61F3D9E00AABBA17AE107FEC253C47F1F08,PRESERVE_NOT_IN_PROVEN_REPLACEMENT_SET,[],0,"[""Assets/NTSD/Sprite/OtherBg/4874906f89b14b6e574426fdfb6a862d.png""]",False,[]
Assets/NTSD/Sprite/OtherBg/4e6d44eb64a01c639e684fac865afc65.png,IMAGE,acfd485f67af97b499a60fc8940b5433,6AC4FCE49D65C8CE54BD569C978B2A0E9B206F01A71C80011C4E9419569165BE,PRESERVE_NOT_IN_PROVEN_REPLACEMENT_SET,[],0,"[""Assets/NTSD/Sprite/OtherBg/4e6d44eb64a01c639e684fac865afc65.png""]",False,[]
Assets/NTSD/Sprite/OtherBg/522837af37c5a876f782691d8d4a5ce5.png,IMAGE,b16e35981f15593498d3e78c49e245fa,9F2D8A3CDFF7B82C69EA667E18206B036418C6363E4E246BE26ECD22ED0D91C8,PRESERVE_NOT_IN_PROVEN_REPLACEMENT_SET,[],0,"[""Assets/NTSD/Sprite/OtherBg/522837af37c5a876f782691d8d4a5ce5.png""]",False,[]
Assets/NTSD/Sprite/OtherBg/839c1f1b82850aa3b2378ee53ac59d65.png,IMAGE,aeeeb37cc5c734b4681e5a24dd448960,3C8168A4B95ED9A5232879A589A6A255FBCB9F1567C06016008819CC14A3AB1B,PRESERVE_NOT_IN_PROVEN_REPLACEMENT_SET,[],0,"[""Assets/NTSD/Sprite/OtherBg/839c1f1b82850aa3b2378ee53ac59d65.png""]",False,[]
Assets/NTSD/Sprite/OtherBg/95388A828B988DAC16E9F4BEC077E197.png,IMAGE,d5c9bbba17ee9284189e2fa8fa700587,162799E711828768B2D1C2D7480790367622A4E1215F11CCEE990AC7293B77F1,PRESERVE_NOT_IN_PROVEN_REPLACEMENT_SET,[],0,"[""Assets/NTSD/Sprite/OtherBg/95388A828B988DAC16E9F4BEC077E197.png""]",False,[]
Assets/NTSD/Sprite/OtherBg/ank2_8frames.png,IMAGE,eeac2506339a257439046a79c95434fb,B22E95248B14853DEB1703A88B8045A9B4E56168302A431B0472496BCAD2519C,PRESERVE_NOT_IN_PROVEN_REPLACEMENT_SET,[],0,"[""Assets/NTSD/Sprite/OtherBg/ank2_8frames.png""]",False,[]
Assets/NTSD/Sprite/OtherBg/c34d926921bb2e71086f3deb169b9cf1.png,IMAGE,908540939f8e56a48b541d6d13b8de46,9207C1E31E058E7EA771E3C7B6BB299FEF6B62C1265A4ECAE5357D04ACEE4D7F,PRESERVE_NOT_IN_PROVEN_REPLACEMENT_SET,[],0,"[""Assets/NTSD/Sprite/OtherBg/c34d926921bb2e71086f3deb169b9cf1.png""]",False,[]
Assets/NTSD/Sprite/OtherBg/ChatGPT Image 2026年5月8日 17_24_37.png,IMAGE,2aeff2d83465e2e4a9822d3510ce373f,AA6D16521B15C62527BE9BA517B10CB1669E5C6C1DC2EB0B0E4D6C04E69CB78F,PRESERVE_NOT_IN_PROVEN_REPLACEMENT_SET,[],0,"[""Assets/NTSD/Sprite/OtherBg/ChatGPT Image 2026年5月8日 17_24_37.png""]",False,[]
Assets/NTSD/Sprite/OtherBg/ChatGPT Image 2026年8月5日 11_31_37.png,IMAGE,8c390ac124401ab46b0a8c997664147d,AD5FF167D91CAEF808B0EAE57826CD0E21612F9621EB17D7004B82E00411E260,PRESERVE_NOT_IN_PROVEN_REPLACEMENT_SET,[],0,"[""Assets/NTSD/Sprite/OtherBg/ChatGPT Image 2026年8月5日 11_31_37.png""]",False,[]
Assets/NTSD/Sprite/OtherBg/DEF4CFF3B35DE5216F3C6B59D3A8D8A7.png,IMAGE,8a638ec7f9302094d9ec9c3b5521d0ee,1CE4B017557544D6102E08294BAFDE2406E09CC8B47165F4FD3917BD61A6F337,PRESERVE_NOT_IN_PROVEN_REPLACEMENT_SET,[],0,"[""Assets/NTSD/Sprite/OtherBg/DEF4CFF3B35DE5216F3C6B59D3A8D8A7.png""]",False,[]
Assets/NTSD/Sprite/OtherBg/dongxue.png,IMAGE,5c81df692cb44e84da377a276efb09a9,22393C5D8DE128B1DB76AB8FB6699B835B130A024EF85771E65511CB56E325E2,PRESERVE_NOT_IN_PROVEN_REPLACEMENT_SET,[],0,"[""Assets/NTSD/Sprite/OtherBg/dongxue.png""]",False,[]
Assets/NTSD/Sprite/OtherBg/e27bc22c972af7c484b5768d7d275b73.png,IMAGE,31d36dbe880cbc04cb3037d6186a0412,F6123298AC593A6F04A09385949C8488533D7DF1201FB43EA6A737EC132EF6B4,PRESERVE_NOT_IN_PROVEN_REPLACEMENT_SET,[],0,"[""Assets/NTSD/Sprite/OtherBg/e27bc22c972af7c484b5768d7d275b73.png""]",False,[]
Assets/NTSD/Sprite/OtherBg/f2f1a1cb665a426e4797fd56b701d8a3.png,IMAGE,d381cd612d265074a9f8850000c303f3,C4D08AAB1A1D06E03AC2F97F91FFD477EE1CCF19C9D15BE84C565F1A9BCF3E48,PRESERVE_NOT_IN_PROVEN_REPLACEMENT_SET,[],0,"[""Assets/NTSD/Sprite/OtherBg/f2f1a1cb665a426e4797fd56b701d8a3.png""]",False,[]
Assets/NTSD/Sprite/OtherBg/Gemini_Generated_Image_cxnwvccxnwvccxnw.png,IMAGE,03782d825281342479cadc9697f06518,123ED451E4693F20BBDB614AE2F4F26145072EF862BF28257E0C58A1940EB224,PRESERVE_NOT_IN_PROVEN_REPLACEMENT_SET,[],0,"[""Assets/NTSD/Sprite/OtherBg/Gemini_Generated_Image_cxnwvccxnwvccxnw.png""]",False,[]
Assets/NTSD/Sprite/OtherBg/Gemini_Generated_Image_h5h7j1h5h7j1h5h7.png,IMAGE,e3cd73ef893d0c74fa710b167460c0f7,0A8DF3277F0F5643F7C007147AAEA0683B2F0A055A86A8C388CA6B6DC8B4C678,PRESERVE_NOT_IN_PROVEN_REPLACEMENT_SET,[],0,"[""Assets/NTSD/Sprite/OtherBg/Gemini_Generated_Image_h5h7j1h5h7j1h5h7.png""]",False,[]
Assets/NTSD/Sprite/OtherBg/Gemini_Generated_Image_uam9gsuam9gsuam9.png,IMAGE,e65e1a8201f1e5e44936f07a7f4372f1,3C6C14FFA890B673AC1F112B16BE44F1E7F19CE736535B095263A9EA069657CA,PRESERVE_NOT_IN_PROVEN_REPLACEMENT_SET,[],0,"[""Assets/NTSD/Sprite/OtherBg/Gemini_Generated_Image_uam9gsuam9gsuam9.png""]",False,[]
Assets/NTSD/Sprite/OtherBg/NTSD_地下战斗背景_3011x941.png,IMAGE,14b20a4371ce58b45a62fd2cfaf2aff1,556F7D5F3DAE98688B4593C4A1090A42CA77E9D7BAD7E6738CC93DD66DD58124,PRESERVE_NOT_IN_PROVEN_REPLACEMENT_SET,[],0,"[""Assets/NTSD/Sprite/OtherBg/NTSD_地下战斗背景_3011x941.png""]",False,[]
Assets/NTSD/Sprite/OtherBg/Sunagakure.png,IMAGE,833ad1c9a686c2c4ba8f832b33f959c2,112FB26709AF7E77E11676665B7CB9445E2E2DBDB71A61037C5DDCDB6F754E42,PRESERVE_NOT_IN_PROVEN_REPLACEMENT_SET,"[""Assets/NTSD/Map/SunagakureMap.asset""]",1,"[""Assets/NTSD/Sprite/OtherBg/Sunagakure.png""]",False,[]
Assets/NTSD/Sprite/OtherBg/Training.png,IMAGE,702548827d06558478fd9a0d422fe8d9,60CFE59A6363C36F44D2FFAA13A29660C0C94693EAA70CF956DBA1CF3CDB18F7,PRESERVE_NOT_IN_PROVEN_REPLACEMENT_SET,"[""Assets/NTSD/Map/TrainingGroundMap.asset"", ""Assets/NTSD/Scene/NTSD_Battle.unity""]",2,"[""Assets/NTSD/Sprite/OtherBg/Training.png""]",False,[]
Assets/NTSD/Sprite/UIPanels/Arrow.png,IMAGE,633440d0289a6e7419c3a8eb8676658b,4FA8C16FBAF5815FD1CB1D0B5D9225C544B8F5844EECCEB9D0E21F3426609DE5,PRESERVE_NOT_IN_PROVEN_REPLACEMENT_SET,"[""Assets/NTSD/Scene/NTSD_Menu.unity""]",1,"[""Assets/NTSD/Sprite/UIPanels/Arrow.png""]",False,[]
Assets/NTSD/Sprite/UIPanels/BattleHud/AttackBtn.png,IMAGE,d109ef001c71c3848ba323ae77e36a11,B958C91AD76E343FBF916AB12D77E2A1F2D41E25CE870052A459F32C6E45DE80,PRESERVE_NOT_IN_PROVEN_REPLACEMENT_SET,"[""Assets/NTSD/Scene/NTSD_Battle.unity""]",1,"[""Assets/NTSD/Sprite/UIPanels/BattleHud/AttackBtn.png""]",False,[]
Assets/NTSD/Sprite/UIPanels/BattleHud/Combo_att.png,IMAGE,024dc3e38c31d734784efb025c77cb5e,6627E8B8D958B2A99AC72C6EEF2B3F75B24B0A3BE742BC23F48BDC08B6AA5732,PRESERVE_NOT_IN_PROVEN_REPLACEMENT_SET,[],0,"[""Assets/NTSD/Sprite/UIPanels/BattleHud/Combo_att.png""]",False,[]
Assets/NTSD/Sprite/UIPanels/BattleHud/Combo_bg.png,IMAGE,e7931736c6c9c334b96ef8fe0ecfd304,78A7EE003138C2920CB17829D05F065707F27FE4920D8FA4D03A6FDB195F3BBF,PRESERVE_NOT_IN_PROVEN_REPLACEMENT_SET,"[""Assets/NTSD/Scene/NTSD_Battle.unity""]",1,"[""Assets/NTSD/Sprite/UIPanels/BattleHud/Combo_bg.png""]",False,[]
Assets/NTSD/Sprite/UIPanels/BattleHud/Combo_de.png,IMAGE,adf98f1469070624e9c15bda06bb36e0,A992013F6226C3E8689ED8FFAD7D9B7D49CFB38EF3551D84AF6F67BF3C92F95C,PRESERVE_NOT_IN_PROVEN_REPLACEMENT_SET,"[""Assets/NTSD/Scene/NTSD_Battle.unity""]",1,"[""Assets/NTSD/Sprite/UIPanels/BattleHud/Combo_de.png""]",False,[]
Assets/NTSD/Sprite/UIPanels/BattleHud/Combo_down.png,IMAGE,8b3128dd7d707b04fa259836969f4c40,9AB019162130DB43D1595CC0EA48F11BC41F92D20DBBDDF5777092E5561DE61C,PRESERVE_NOT_IN_PROVEN_REPLACEMENT_SET,[],0,"[""Assets/NTSD/Sprite/UIPanels/BattleHud/Combo_down.png""]",False,[]
Assets/NTSD/Sprite/UIPanels/BattleHud/Combo_jump.png,IMAGE,7971571d39c1ffd4c980001dfadf0d12,8AB6FF9BF92E650E910950DE212260C3FAF1F0A2FB735EFCB7E8CB83A36409BF,PRESERVE_NOT_IN_PROVEN_REPLACEMENT_SET,"[""Assets/NTSD/Scene/NTSD_Battle.unity""]",1,"[""Assets/NTSD/Sprite/UIPanels/BattleHud/Combo_jump.png""]",False,[]
Assets/NTSD/Sprite/UIPanels/BattleHud/Combo_left.png,IMAGE,62ba66854d89f3543a2a03139fde5f5f,F1961DFD37509B268C75CB6CD20D3B879E1EDF3C9B01D3A2C8525C323A42923B,PRESERVE_NOT_IN_PROVEN_REPLACEMENT_SET,[],0,"[""Assets/NTSD/Sprite/UIPanels/BattleHud/Combo_left.png""]",False,[]
Assets/NTSD/Sprite/UIPanels/BattleHud/Combo_right.png,IMAGE,f758f253acfd2f7499f200c46e08e25f,F579636081EBA5F9DABBF6E3E9C6C194C7C3010C0EA2C2C5EFAE2D1E9C33D8FE,PRESERVE_NOT_IN_PROVEN_REPLACEMENT_SET,[],0,"[""Assets/NTSD/Sprite/UIPanels/BattleHud/Combo_right.png""]",False,[]
Assets/NTSD/Sprite/UIPanels/BattleHud/Combo_up.png,IMAGE,202e34ba31d5e814796f6b880f87af61,35E17E2D1FE005909EBD3516B9E2CD5C7184C05BD5303ED82EF971A759BA5232,PRESERVE_NOT_IN_PROVEN_REPLACEMENT_SET,"[""Assets/NTSD/Scene/NTSD_Battle.unity""]",1,"[""Assets/NTSD/Sprite/UIPanels/BattleHud/Combo_up.png""]",False,[]
Assets/NTSD/Sprite/UIPanels/BattleHud/Contro_1.png,IMAGE,27fe2db1f431da54ea47bb87076fee68,EAA8B4C02CC3811E3647EB45043B1D2EE7F2229C5BDEB207DB6176902850B9D5,PRESERVE_NOT_IN_PROVEN_REPLACEMENT_SET,"[""Assets/NTSD/Scene/NTSD_Battle.unity""]",1,"[""Assets/NTSD/Sprite/UIPanels/BattleHud/Contro_1.png""]",False,[]
Assets/NTSD/Sprite/UIPanels/BattleHud/Contro_2.png,IMAGE,3b270b79421cafa488da6858c55d1adc,4382E8214513D2B5B0D11E9B2C07FA51A7C08EE25DB2C13557DC01A1E6631BE3,PRESERVE_NOT_IN_PROVEN_REPLACEMENT_SET,"[""Assets/NTSD/Scene/NTSD_Battle.unity""]",1,"[""Assets/NTSD/Sprite/UIPanels/BattleHud/Contro_2.png""]",False,[]
Assets/NTSD/Sprite/UIPanels/BattleHud/DefendBtn.png,IMAGE,d79b0978bf6ea584b9c8cb3a0fb07650,7E5B1A81BA138B0DC050673DA966A384AA8591AEB9F767F7B93851E1058F4BE4,PRESERVE_NOT_IN_PROVEN_REPLACEMENT_SET,"[""Assets/NTSD/Scene/NTSD_Battle.unity""]",1,"[""Assets/NTSD/Sprite/UIPanels/BattleHud/DefendBtn.png""]",False,[]
Assets/NTSD/Sprite/UIPanels/BattleHud/Foot/frame_01.png,IMAGE,f6a42a29f1719344eb3f73c0a7da8675,41376479DEAEEE491BC43010F2F38FFF6483A6FE59D47F71C8A6C24EE8C03348,PRESERVE_NOT_IN_PROVEN_REPLACEMENT_SET,"[""Assets/NTSD/Config/GameConfig/GameConfig.asset""]",1,"[""Assets/NTSD/Sprite/UIPanels/BattleHud/Foot/frame_01.png""]",False,[]
Assets/NTSD/Sprite/UIPanels/BattleHud/Foot/frame_02.png,IMAGE,45c75c89037048547bb05ab503796586,6F4611627F16A1745CE0E4933BD4F0A124F614E04FE6393D9E5289E761C107BC,PRESERVE_NOT_IN_PROVEN_REPLACEMENT_SET,"[""Assets/NTSD/Config/GameConfig/GameConfig.asset""]",1,"[""Assets/NTSD/Sprite/UIPanels/BattleHud/Foot/frame_02.png""]",False,[]
Assets/NTSD/Sprite/UIPanels/BattleHud/Foot/frame_03.png,IMAGE,260f0ff2f69e5324b8188568dc335556,090D1B4F1B136035B54DE6532561856D5090DB5566641E09512285693044F2AB,PRESERVE_NOT_IN_PROVEN_REPLACEMENT_SET,"[""Assets/NTSD/Config/GameConfig/GameConfig.asset""]",1,"[""Assets/NTSD/Sprite/UIPanels/BattleHud/Foot/frame_03.png""]",False,[]
Assets/NTSD/Sprite/UIPanels/BattleHud/Foot/frame_04.png,IMAGE,f2fb726ed8e6e5b41834b027b2e3bd4a,558AE1D65E10D533A307C0755D8AC84CAE76A161F90B2D598396F3F6A848B08A,PRESERVE_NOT_IN_PROVEN_REPLACEMENT_SET,"[""Assets/NTSD/Config/GameConfig/GameConfig.asset""]",1,"[""Assets/NTSD/Sprite/UIPanels/BattleHud/Foot/frame_04.png""]",False,[]
Assets/NTSD/Sprite/UIPanels/BattleHud/Foot/frame_05.png,IMAGE,873e5c5304375f94b949c03d0ce2fabc,3EB55E289FBE38976A765B2BF1F0B44E5D5903DE7DD04B34B392C6A4480A9219,PRESERVE_NOT_IN_PROVEN_REPLACEMENT_SET,"[""Assets/NTSD/Config/GameConfig/GameConfig.asset""]",1,"[""Assets/NTSD/Sprite/UIPanels/BattleHud/Foot/frame_05.png""]",False,[]
Assets/NTSD/Sprite/UIPanels/BattleHud/Foot/frame_06.png,IMAGE,b8e89faf556f7e84f8a93bc2a1aafe9c,E1172982FA22F63A1E9D5FC19256FB02EB20F2BB73E7B552A6D909B4981632C3,PRESERVE_NOT_IN_PROVEN_REPLACEMENT_SET,"[""Assets/NTSD/Config/GameConfig/GameConfig.asset""]",1,"[""Assets/NTSD/Sprite/UIPanels/BattleHud/Foot/frame_06.png""]",False,[]
Assets/NTSD/Sprite/UIPanels/BattleHud/HUD-BG.png,IMAGE,86e788cebde2bcd45bc365438367c189,4ABFA327F143CB3647C9E050AD898189548F99D02E99423EAD62097E2F7D9632,PRESERVE_NOT_IN_PROVEN_REPLACEMENT_SET,"[""Assets/NTSD/Scene/NTSD_Battle.unity""]",1,"[""Assets/NTSD/Sprite/UIPanels/BattleHud/HUD-BG.png""]",False,[]
Assets/NTSD/Sprite/UIPanels/BattleHud/JumpBtn.png,IMAGE,6eb12a2d6fc42cc418214d5a37347441,10B7192CC356BD0E387480FD45DCE2DF97A47709B1D783B07B708FE3F67B654A,PRESERVE_NOT_IN_PROVEN_REPLACEMENT_SET,"[""Assets/NTSD/Scene/NTSD_Battle.unity""]",1,"[""Assets/NTSD/Sprite/UIPanels/BattleHud/JumpBtn.png""]",False,[]
Assets/NTSD/Sprite/UIPanels/BattleHud/naruto_s.png,IMAGE,57bbfdb562466dc4fae25bf18a6a7fad,C0402CB7F0D94C52D0D2905DA3E828D41A9A78F8E0D82C4993C8004F7D966C6F,PRESERVE_NOT_IN_PROVEN_REPLACEMENT_SET,"[""Assets/NTSD/Scene/NTSD_Battle.unity""]",1,"[""Assets/NTSD/Sprite/UIPanels/BattleHud/naruto_s.png""]",False,[]
Assets/NTSD/Sprite/UIPanels/BATTLEMODE.bmp,IMAGE,b6ba0b9efed73fb45b2cf3fe7ef98b9d,2EBC522E6D84FFBA65BF8F5CEC4D4F7AC0A0D65D0725A7714C09C1EC533E4AD3,PRESERVE_NOT_IN_PROVEN_REPLACEMENT_SET,[],0,"[""Assets/NTSD/Sprite/UIPanels/BATTLEMODE.bmp""]",False,[]
Assets/NTSD/Sprite/UIPanels/BATTLETROOPS.bmp,IMAGE,767bd66a4a938c34ebcac155e529831d,1D7529536490DCAE071C9D5A3A200804FD3624CD418EE2DD61C520A978AB22B9,PRESERVE_NOT_IN_PROVEN_REPLACEMENT_SET,[],0,"[""Assets/NTSD/Sprite/UIPanels/BATTLETROOPS.bmp""]",False,[]
Assets/NTSD/Sprite/UIPanels/blue_Box.png,IMAGE,14aebecdc8768da41944028ed980aa34,6A79761FF361306B72C37BA3486E1133B3A4265DDF7EB795559D39505E9AEE6B,PRESERVE_NOT_IN_PROVEN_REPLACEMENT_SET,"[""Assets/NTSD/Scene/NTSD_Menu.unity""]",1,"[""Assets/NTSD/Sprite/UIPanels/blue_Box.png""]",False,[]
Assets/NTSD/Sprite/UIPanels/CHARMENU.bmp,IMAGE,0b08cc9478a2f1f48bea20c314ae0049,105D841BBECB5C9AEC5ADD4BE9A707342258143893645697EFFD1EE695502273,PRESERVE_NOT_IN_PROVEN_REPLACEMENT_SET,"[""Assets/NTSD/Scene/NTSD_Menu.unity""]",1,"[""Assets/NTSD/Sprite/UIPanels/CHARMENU.bmp""]",False,[]
Assets/NTSD/Sprite/UIPanels/ChatGPT Image 2026年9月12日 20_07_00 (1).png,IMAGE,e3691542e69d4e149893faf94e347b4b,99B8E26CC8B2097C44E9C0F591678957958CD57BE2541EB6EE4DD1E2DF5474E7,PRESERVE_NOT_IN_PROVEN_REPLACEMENT_SET,[],0,"[""Assets/NTSD/Sprite/UIPanels/ChatGPT Image 2026年9月12日 20_07_00 (1).png""]",False,[]
Assets/NTSD/Sprite/UIPanels/ChatGPT Image 2026年9月12日 20_07_00 (2).png,IMAGE,3858b85463080db4ab2903ca31c4dc21,2EDB2BD106085D374C74E05512931E7A0F96E987E0A6224D4B9B143836FE3F84,PRESERVE_NOT_IN_PROVEN_REPLACEMENT_SET,[],0,"[""Assets/NTSD/Sprite/UIPanels/ChatGPT Image 2026年9月12日 20_07_00 (2).png""]",False,[]
Assets/NTSD/Sprite/UIPanels/ChatGPT Image 2026年9月12日 20_07_00 (3).png,IMAGE,c9f09e51bb8dc264590c1e9dabae769a,1833A08C161FF9FE87C7C5AB4837C56E7869A3F4AA596609F6B8BA1FE46347BC,PRESERVE_NOT_IN_PROVEN_REPLACEMENT_SET,[],0,"[""Assets/NTSD/Sprite/UIPanels/ChatGPT Image 2026年9月12日 20_07_00 (3).png""]",False,[]
Assets/NTSD/Sprite/UIPanels/ChatGPT Image 2026年9月12日 20_07_01 (4).png,IMAGE,412dcbec89f577249a3ff08373ccef0a,6AC914B1730DF41B4E7D38EF830B41CB14C5AC8320844EC915BA6D2901F776F4,PRESERVE_NOT_IN_PROVEN_REPLACEMENT_SET,[],0,"[""Assets/NTSD/Sprite/UIPanels/ChatGPT Image 2026年9月12日 20_07_01 (4).png""]",False,[]
Assets/NTSD/Sprite/UIPanels/CM1.png,IMAGE,54b88b064f519be44b1883716c12f6c0,062259DFFEB0432D546D9DECA22C307AF706989028750C04662AC46FDD2818F2,PRESERVE_NOT_IN_PROVEN_REPLACEMENT_SET,"[""Assets/NTSD/Config/GameConfig/GameConfig.asset""]",1,"[""Assets/NTSD/Sprite/UIPanels/CM1.png""]",False,[]
Assets/NTSD/Sprite/UIPanels/CM2.png,IMAGE,04580ace18fd3f6429462e56db4fb3eb,C0964B387DAFE96ACF570533255F7AF60EFC271F589E532FBA8B6210BB997E53,PRESERVE_NOT_IN_PROVEN_REPLACEMENT_SET,"[""Assets/NTSD/Config/GameConfig/GameConfig.asset""]",1,"[""Assets/NTSD/Sprite/UIPanels/CM2.png""]",False,[]
Assets/NTSD/Sprite/UIPanels/CM3.png,IMAGE,4a0a0c26e3917614c8f90f044e9d607e,0B25E278127FB02B0DEDBAAA1A0CB74EB0894B8E9BB64C1FC2B7AECADB82B646,PRESERVE_NOT_IN_PROVEN_REPLACEMENT_SET,"[""Assets/NTSD/Config/GameConfig/GameConfig.asset""]",1,"[""Assets/NTSD/Sprite/UIPanels/CM3.png""]",False,[]
Assets/NTSD/Sprite/UIPanels/CM4.png,IMAGE,a26a34b702058274ba4c0329a370ae47,6E860B5E3C8EA91825EA41AA04C7EB88D5D2F24BDF4C91A894706AC7BE6117C6,PRESERVE_NOT_IN_PROVEN_REPLACEMENT_SET,"[""Assets/NTSD/Config/GameConfig/GameConfig.asset""]",1,"[""Assets/NTSD/Sprite/UIPanels/CM4.png""]",False,[]
Assets/NTSD/Sprite/UIPanels/CM5.png,IMAGE,188dafa6c20928146b68e329d88e3320,8944652307280C928080283C6FC83E1A5DEF1FDF1F0421A45F63BF2445A4D85C,PRESERVE_NOT_IN_PROVEN_REPLACEMENT_SET,"[""Assets/NTSD/Config/GameConfig/GameConfig.asset""]",1,"[""Assets/NTSD/Sprite/UIPanels/CM5.png""]",False,[]
Assets/NTSD/Sprite/UIPanels/CMA.png,IMAGE,ff4153710d4407841b05383b6249b016,E74D87C6B39B6D99CD46E5E0F355DBAA17A588C983BF7C25FF3FB5F9D8394706,PRESERVE_NOT_IN_PROVEN_REPLACEMENT_SET,"[""Assets/NTSD/Config/GameConfig/GameConfig.asset"", ""Assets/NTSD/Scene/NTSD_Menu.unity""]",2,"[""Assets/NTSD/Sprite/UIPanels/CMA.png""]",False,[]
Assets/NTSD/Sprite/UIPanels/CMA2.png,IMAGE,34379c25a465836419338c80151ebc54,6BEB0A9DCACB86585EBD2C59DBA1E9585FFFB0629BEB8F23F300ABB23782D0F6,PRESERVE_NOT_IN_PROVEN_REPLACEMENT_SET,"[""Assets/NTSD/Config/GameConfig/GameConfig.asset""]",1,"[""Assets/NTSD/Sprite/UIPanels/CMA2.png""]",False,[]
Assets/NTSD/Sprite/UIPanels/CMC.bmp,IMAGE,e1ccb754dd28c724c94c7b5d83cb884c,279CF9BA677DCCF66EE700EA9B2BA9CC366ACC4835F40FEBB9A12979AC089B84,PRESERVE_NOT_IN_PROVEN_REPLACEMENT_SET,"[""Assets/NTSD/Scene/NTSD_Menu.unity""]",1,"[""Assets/NTSD/Sprite/UIPanels/CMC.bmp""]",False,[]
Assets/NTSD/Sprite/UIPanels/Combo_Arraw.png,IMAGE,049ee2be307496b4fafce0b6fbdba688,E7695EB1A9B36F4B467E014E1BA8617F89FD4F0264270690EBB9C3E52EA6F19D,PRESERVE_NOT_IN_PROVEN_REPLACEMENT_SET,"[""Assets/NTSD/Scene/NTSD_Battle.unity""]",1,"[""Assets/NTSD/Sprite/UIPanels/Combo_Arraw.png""]",False,[]
Assets/NTSD/Sprite/UIPanels/CS2.png,IMAGE,f2b64ec62a4637d46bf877add322f388,94EB85035799D0F15E75CAAAD4429C1AE6C712C2FA43211BC1E8791C5DCF5513,PRESERVE_NOT_IN_PROVEN_REPLACEMENT_SET,[],0,"[""Assets/NTSD/Sprite/UIPanels/CS2.png""]",False,[]
Assets/NTSD/Sprite/UIPanels/CS3.png,IMAGE,e05440d481edfff45b50af4b45dbae40,E07B708560B73EE3CF608AFCE670D0E3612A37903052CC1A3DB1BBA6DABA8324,PRESERVE_NOT_IN_PROVEN_REPLACEMENT_SET,[],0,"[""Assets/NTSD/Sprite/UIPanels/CS3.png""]",False,[]
Assets/NTSD/Sprite/UIPanels/CS4.png,IMAGE,86311072c94512c45bc0a19fe1ee92ae,2F4F1D74899E1F6C8AB76BDA9E8FF8251C88F0CF6FDEF8BBA37F16A18E44738D,PRESERVE_NOT_IN_PROVEN_REPLACEMENT_SET,[],0,"[""Assets/NTSD/Sprite/UIPanels/CS4.png""]",False,[]
Assets/NTSD/Sprite/UIPanels/CS5.png,IMAGE,ca46f7ee505e23340b558adb5de50d1a,FE93D69FAE8BB2D1BA9728562EC429866F1AD1D8F5E39252539BB968B081A4A1,PRESERVE_NOT_IN_PROVEN_REPLACEMENT_SET,[],0,"[""Assets/NTSD/Sprite/UIPanels/CS5.png""]",False,[]
Assets/NTSD/Sprite/UIPanels/CS6.png,IMAGE,db4a1a85e6a2ff248a78e3a5b18d624a,DAA19FFCC1834F3785142F51C5D0628750D36BE3F51AB58420FBA5432BFA2867,PRESERVE_NOT_IN_PROVEN_REPLACEMENT_SET,"[""Assets/NTSD/Scene/NTSD_Menu.unity""]",1,"[""Assets/NTSD/Sprite/UIPanels/CS6.png""]",False,[]
Assets/NTSD/Sprite/UIPanels/ENDING.bmp,IMAGE,bf439ad2cfd39524c832df261734f73e,897B4126633CAAC24C8D01EC94A23AABB7451E446291F47E52C7B7C00148B728,PRESERVE_NOT_IN_PROVEN_REPLACEMENT_SET,[],0,"[""Assets/NTSD/Sprite/UIPanels/ENDING.bmp""]",False,[]
Assets/NTSD/Sprite/UIPanels/FootEnemy.png,IMAGE,1945ff8801d100c45bdf66917b260747,0C2ED148BE54D72DAB1BB4490CC186E64FF3911EB6A6AA617FA6F70845B8B248,PRESERVE_NOT_IN_PROVEN_REPLACEMENT_SET,[],0,"[""Assets/NTSD/Sprite/UIPanels/FootEnemy.png""]",False,[]
Assets/NTSD/Sprite/UIPanels/FootFirend.png,IMAGE,cb0f64996934fdc4598a05c7e60a783c,B060A17748F32E43CC3BD577EA590CED271069D843B4EEF1FA55B107F11DB626,PRESERVE_NOT_IN_PROVEN_REPLACEMENT_SET,[],0,"[""Assets/NTSD/Sprite/UIPanels/FootFirend.png""]",False,[]
Assets/NTSD/Sprite/UIPanels/FootSelf.png,IMAGE,9ec1a792c386a3348810e0ae524bee6d,03DA217946573746257FF6CB9C939F1C79E8C8C086758F3BF1D515D5BA874CBB,PRESERVE_NOT_IN_PROVEN_REPLACEMENT_SET,[],0,"[""Assets/NTSD/Sprite/UIPanels/FootSelf.png""]",False,[]
Assets/NTSD/Sprite/UIPanels/FRAME.bmp,IMAGE,e2cf1572830d4bc4ab4f70cc1ea533a1,2E01CA01F19A416A8FD8A750E85D2A389102BED803D718D0867C005F4453DA6C,PRESERVE_NOT_IN_PROVEN_REPLACEMENT_SET,[],0,"[""Assets/NTSD/Sprite/UIPanels/FRAME.bmp""]",False,[]
Assets/NTSD/Sprite/UIPanels/FRAME.png,IMAGE,a2d5a298911be5f46835dab8c0232a26,28EA5DF1844C7DA413FB69A76346AABB75EDD57352370388BCB66F5FD5EEF71B,PRESERVE_NOT_IN_PROVEN_REPLACEMENT_SET,"[""Assets/NTSD/Scene/NTSD_Battle.unity""]",1,"[""Assets/NTSD/Sprite/UIPanels/FRAME.png""]",False,[]
Assets/NTSD/Sprite/UIPanels/FRAME3.png,IMAGE,9f4904aadb4543a4c87ba46d18633791,4614F974CDF02519ED3F1EEEDF2FBB38DBD7FE51228453A526DDA8670C1A833B,PRESERVE_NOT_IN_PROVEN_REPLACEMENT_SET,"[""Assets/NTSD/Scene/NTSD_Battle.unity""]",1,"[""Assets/NTSD/Sprite/UIPanels/FRAME3.png""]",False,[]
Assets/NTSD/Sprite/UIPanels/health_green.png,IMAGE,a3fd519f974f280429ffd02c7abb8214,79586EC5EDA7C13D6379FA5EB336FCF2408A865983935F232337C596FF2B5EB5,PRESERVE_NOT_IN_PROVEN_REPLACEMENT_SET,"[""Assets/NTSD/Scene/NTSD_Battle.unity""]",1,"[""Assets/NTSD/Sprite/UIPanels/health_green.png""]",False,[]
Assets/NTSD/Sprite/UIPanels/health_red.png,IMAGE,9afe1fe4e773412488f46fedbf47568d,2158B54AE581C49B4351F0E990D291F91DA9BBF6F42348CAA06BE619AC4F8D80,PRESERVE_NOT_IN_PROVEN_REPLACEMENT_SET,"[""Assets/NTSD/Scene/NTSD_Battle.unity""]",1,"[""Assets/NTSD/Sprite/UIPanels/health_red.png""]",False,[]
Assets/NTSD/Sprite/UIPanels/how_many_computer_players_1.png,IMAGE,fb5919754b4573645b98293c17197d32,EFFFBE7DB42B71A2470AD50005490BBC7760CCA0F974A90C128AA302F476F104,PRESERVE_NOT_IN_PROVEN_REPLACEMENT_SET,[],0,"[""Assets/NTSD/Sprite/UIPanels/how_many_computer_players_1.png""]",False,[]
Assets/NTSD/Sprite/UIPanels/HP-Xu.png,IMAGE,8169844346b6b2040aa9b40db4de6101,BBA8BB5486331AC1B57330F41B86530747495154EBDF023EDE7BE9355D3E3EE0,PRESERVE_NOT_IN_PROVEN_REPLACEMENT_SET,"[""Assets/NTSD/Scene/NTSD_Battle.unity""]",1,"[""Assets/NTSD/Sprite/UIPanels/HP-Xu.png""]",False,[]
Assets/NTSD/Sprite/UIPanels/HP.png,IMAGE,8b94b34686af0b844a865593d7dbcd87,531478F9E61C74E66A9DA0EF72F8643B15B3E2AA3E482EAF5F837D220DCCA857,PRESERVE_NOT_IN_PROVEN_REPLACEMENT_SET,"[""Assets/NTSD/Scene/NTSD_Battle.unity""]",1,"[""Assets/NTSD/Sprite/UIPanels/HP.png""]",False,[]
Assets/NTSD/Sprite/UIPanels/HP_bg.png,IMAGE,a0ace5a8564f3c94ea0291d47f4d2850,DF2865AE7E44F99D72E83E6EBF4FA183797EA8B0480C29C03BDF4355B593DC76,PRESERVE_NOT_IN_PROVEN_REPLACEMENT_SET,"[""Assets/NTSD/Scene/NTSD_Battle.unity""]",1,"[""Assets/NTSD/Sprite/UIPanels/HP_bg.png""]",False,[]
Assets/NTSD/Sprite/UIPanels/HP_shi.png,IMAGE,b8c86b693fb31104e8e8b67029dd017b,6DFBF5D2DE45F48642EFC7D8A37795DC22B4EEC665177DB42C27C3AB43A0643C,PRESERVE_NOT_IN_PROVEN_REPLACEMENT_SET,"[""Assets/NTSD/Scene/NTSD_Battle.unity""]",1,"[""Assets/NTSD/Sprite/UIPanels/HP_shi.png""]",False,[]
Assets/NTSD/Sprite/UIPanels/HP_xu.png,IMAGE,c04ab4c1897f22341adf5a03e3b2f6c8,DEB4D988BF58C7C81760A91788838CB63941397541128B88709A13A5A90BBFFF,PRESERVE_NOT_IN_PROVEN_REPLACEMENT_SET,"[""Assets/NTSD/Scene/NTSD_Battle.unity""]",1,"[""Assets/NTSD/Sprite/UIPanels/HP_xu.png""]",False,[]
Assets/NTSD/Sprite/UIPanels/LF2_CURSOR.bmp,IMAGE,57cabb8a6628ead4eaf08a3fc53cb84d,F989370CA924D35C2488133A282AF7E01A49A432E9E79679A14B7E0A3B0367B7,PRESERVE_NOT_IN_PROVEN_REPLACEMENT_SET,[],0,"[""Assets/NTSD/Sprite/UIPanels/LF2_CURSOR.bmp""]",False,[]
Assets/NTSD/Sprite/UIPanels/LF2_CURSOR2.bmp,IMAGE,fdcd490a979c4194d92cb9b6159bcf85,4B1EB18F9203C27B676F1AEA182690143B9FB375477879E1A80CBEA01B3E045D,PRESERVE_NOT_IN_PROVEN_REPLACEMENT_SET,[],0,"[""Assets/NTSD/Sprite/UIPanels/LF2_CURSOR2.bmp""]",False,[]
Assets/NTSD/Sprite/UIPanels/loading.png,IMAGE,9b74bb584773327409b6d2342bd660e2,020FA6877B4F2847DB862B2618657ADD017A70A9FDDB71E056355098F55A8E4A,PRESERVE_NOT_IN_PROVEN_REPLACEMENT_SET,"[""Assets/NTSD/Scene/NTSD_Menu.unity""]",1,"[""Assets/NTSD/Sprite/UIPanels/loading.png""]",False,[]
Assets/NTSD/Sprite/UIPanels/Logo.png,IMAGE,e74e7937fbd5c6c419753924202416c7,00F8213AFA50D3BC45056B7DE504500E77328FE2B2C89594444932F728684F86,PRESERVE_NOT_IN_PROVEN_REPLACEMENT_SET,[],0,"[""Assets/NTSD/Sprite/UIPanels/Logo.png""]",False,[]
Assets/NTSD/Sprite/UIPanels/LOSE_DEAD.bmp,IMAGE,6ab66ab1db07fee4db7ad607cf8345dc,E11993B696C308B7D25B583D14FAC4EFED1C25001BB89B5B2732D07B403BF503,PRESERVE_NOT_IN_PROVEN_REPLACEMENT_SET,[],0,"[""Assets/NTSD/Sprite/UIPanels/LOSE_DEAD.bmp""]",False,[]
Assets/NTSD/Sprite/UIPanels/MENU_CLIP.bmp,IMAGE,2d26e80a06ad130458091a93e15636fd,F7D488ADDE0921688B06634A7720B579A516C4D4D4167F4B1D9795D90FE7E919,PRESERVE_NOT_IN_PROVEN_REPLACEMENT_SET,[],0,"[""Assets/NTSD/Sprite/UIPanels/MENU_CLIP.bmp""]",False,[]
Assets/NTSD/Sprite/UIPanels/MENU_CLIP2.bmp,IMAGE,dea213160e021ba4aacb36c0039f16cf,F0FA63098E8F899E120E7F5C94AB34EE4368BBFD131C344678FDA78CF22E8DE4,PRESERVE_NOT_IN_PROVEN_REPLACEMENT_SET,[],0,"[""Assets/NTSD/Sprite/UIPanels/MENU_CLIP2.bmp""]",False,[]
Assets/NTSD/Sprite/UIPanels/MENU_CLIP2.png,IMAGE,afbd0bb2618b1f04e8434c679cd477a5,41FBEB9C25571E464C7570F7D26C614E07D2C3FB8D780D315C9DF7BA9DCD1562,PRESERVE_NOT_IN_PROVEN_REPLACEMENT_SET,"[""Assets/NTSD/Scene/NTSD_Menu.unity""]",1,"[""Assets/NTSD/Sprite/UIPanels/MENU_CLIP2.png""]",False,[]
Assets/NTSD/Sprite/UIPanels/MENU_CLIP3.bmp,IMAGE,1398cae0e6261b44885037567501ece5,AE8BDCEAF83C084DC5C02BD5CFEBA63D7C6F516324CB007A0228E67AFD983859,PRESERVE_NOT_IN_PROVEN_REPLACEMENT_SET,[],0,"[""Assets/NTSD/Sprite/UIPanels/MENU_CLIP3.bmp""]",False,[]
Assets/NTSD/Sprite/UIPanels/MENU_CLIP4.bmp,IMAGE,ea338f597c2b65b4ca886cdc05f869a7,899B7C0C2DF84925FDD7503F6390FF605ED455409C75E274CF37B7A5BD49B105,PRESERVE_NOT_IN_PROVEN_REPLACEMENT_SET,[],0,"[""Assets/NTSD/Sprite/UIPanels/MENU_CLIP4.bmp""]",False,[]
Assets/NTSD/Sprite/UIPanels/mode_select.png,IMAGE,0b70858fcef33844c9bb440417ce393e,9A89DB2E8A22B2082F66A8AD43A2E2F09FED4784A8A3E0D497BD0C436F00A16B,PRESERVE_NOT_IN_PROVEN_REPLACEMENT_SET,"[""Assets/NTSD/Scene/NTSD_Menu.unity""]",1,"[""Assets/NTSD/Sprite/UIPanels/mode_select.png""]",False,[]
Assets/NTSD/Sprite/UIPanels/MP.png,IMAGE,a73cbf7ec97b5c34b9e6ff7b51fec7c1,D4E0706B82F221CCEC25C9C3DF15BF9AE57F4C158389AEFDB1FCB5AEED17EA45,PRESERVE_NOT_IN_PROVEN_REPLACEMENT_SET,"[""Assets/NTSD/Scene/NTSD_Battle.unity""]",1,"[""Assets/NTSD/Sprite/UIPanels/MP.png""]",False,[]
Assets/NTSD/Sprite/UIPanels/mp_blue.png,IMAGE,42b1529df1151f14ba284fed5cf478c8,8327A8272DC0D919F80FC4A9643D7C96C2F12C1328CD5645227DEE62383070CA,PRESERVE_NOT_IN_PROVEN_REPLACEMENT_SET,"[""Assets/NTSD/Scene/NTSD_Battle.unity""]",1,"[""Assets/NTSD/Sprite/UIPanels/mp_blue.png""]",False,[]
Assets/NTSD/Sprite/UIPanels/NTSD_MP_Back_Simple_671x5.png,IMAGE,b5d28d8640e14cf4cb7ccf282cc614f3,B62CADB3C167CF4BAF61933100A0C5A6148BEE6E7B2CABAAB19DE93241ED64CC,PRESERVE_NOT_IN_PROVEN_REPLACEMENT_SET,"[""Assets/NTSD/Scene/NTSD_Battle.unity""]",1,"[""Assets/NTSD/Sprite/UIPanels/NTSD_MP_Back_Simple_671x5.png""]",False,[]
Assets/NTSD/Sprite/UIPanels/NTSD_MP_Fill_Simple_671x5.png,IMAGE,1eb3808a9ad549046ba7bcade27ccf97,FC0C44562FE0F09D51B316F16AE20CAA2334E7306D68334A8138BF0DFD480666,PRESERVE_NOT_IN_PROVEN_REPLACEMENT_SET,"[""Assets/NTSD/Scene/NTSD_Battle.unity""]",1,"[""Assets/NTSD/Sprite/UIPanels/NTSD_MP_Fill_Simple_671x5.png""]",False,[]
Assets/NTSD/Sprite/UIPanels/NTSD_MP_Frame_Simple_674x11.png,IMAGE,c2191b30879321a4cb8d3f8aed88bb95,7430043873B8ED5A5AAF921F178ED43D14B7101DD0E16761D4A28B08ABEFA333,PRESERVE_NOT_IN_PROVEN_REPLACEMENT_SET,"[""Assets/NTSD/Scene/NTSD_Battle.unity""]",1,"[""Assets/NTSD/Sprite/UIPanels/NTSD_MP_Frame_Simple_674x11.png""]",False,[]
Assets/NTSD/Sprite/UIPanels/NTSD_Title.png,IMAGE,dec0c1724ed50cd4c81e0202d9bf20da,767599C7A1FC5729A8C8AD7027C26E3B410B372703E559E85124DD261131724F,PRESERVE_NOT_IN_PROVEN_REPLACEMENT_SET,"[""Assets/NTSD/Scene/NTSD_Menu.unity""]",1,"[""Assets/NTSD/Sprite/UIPanels/NTSD_Title.png""]",False,[]
Assets/NTSD/Sprite/UIPanels/PAUSE.bmp,IMAGE,5b013258cd0fffb4eaf50a8b84eaffcd,04D46ED38D2D879EE3578C68D28E2B3CA2BB659877D9F88C4629ECB135674AE7,PRESERVE_NOT_IN_PROVEN_REPLACEMENT_SET,[],0,"[""Assets/NTSD/Sprite/UIPanels/PAUSE.bmp""]",False,[]
Assets/NTSD/Sprite/UIPanels/Random.png,IMAGE,4d48d81e81179994c8ccf7daa5a7c546,3EDC811383017F0A4B6C6505DB1FC137229C43CD1342C56AE2AEEB276421E0FE,PRESERVE_NOT_IN_PROVEN_REPLACEMENT_SET,"[""Assets/NTSD/Config/GameConfig/GameConfig.asset""]",1,"[""Assets/NTSD/Sprite/UIPanels/Random.png""]",False,[]
Assets/NTSD/Sprite/UIPanels/Red_Box.png,IMAGE,fb48a0bdba5d23f4e8d48f9ca2390ece,DEC5F0AF248E92431F1ADF82CDA46883CA86882B77C67C83086FB1E723444E89,PRESERVE_NOT_IN_PROVEN_REPLACEMENT_SET,"[""Assets/NTSD/Scene/NTSD_Menu.unity""]",1,"[""Assets/NTSD/Sprite/UIPanels/Red_Box.png""]",False,[]
Assets/NTSD/Sprite/UIPanels/Red_Box2.png,IMAGE,31df601cb95298649960529c5dfe3672,8FDD0D5E0C4D291EADBB61744B10A2A2D03B00A963C8BC3109516CFEB0B88BF2,PRESERVE_NOT_IN_PROVEN_REPLACEMENT_SET,[],0,"[""Assets/NTSD/Sprite/UIPanels/Red_Box2.png""]",False,[]
Assets/NTSD/Sprite/UIPanels/RFACE.bmp,IMAGE,74243145732e223479dfd5fc3e2657d3,82B08E456673701148844E4BA66DA9DE98653DE4C40B3EC1BC1BB016C9D65C88,PRESERVE_NOT_IN_PROVEN_REPLACEMENT_SET,[],0,"[""Assets/NTSD/Sprite/UIPanels/RFACE.bmp""]",False,[]
Assets/NTSD/Sprite/UIPanels/SCORE_BOARD1.bmp,IMAGE,da56fd1d9d7c89644b22760b624a5465,0586FCFF82366B6DF6E826A9C9DABA9C8A4529205F3EA2452A386D6DD2D7D039,PRESERVE_NOT_IN_PROVEN_REPLACEMENT_SET,[],0,"[""Assets/NTSD/Sprite/UIPanels/SCORE_BOARD1.bmp""]",False,[]
Assets/NTSD/Sprite/UIPanels/SCORE_BOARD2.bmp,IMAGE,a0ee902532e29e846b1816ddff2f078f,67320354F34E271668B54901D33D05AC0E45AFEA194553D6E2A5D82BAD163898,PRESERVE_NOT_IN_PROVEN_REPLACEMENT_SET,[],0,"[""Assets/NTSD/Sprite/UIPanels/SCORE_BOARD2.bmp""]",False,[]
Assets/NTSD/Sprite/UIPanels/SCORE_BOARD3.bmp,IMAGE,cec5ee6b45fd4a545b28e665d1a5c710,967F6844E10E87433AAFA667A57BC92035DA825FAFE9A97F085C4C29692DF981,PRESERVE_NOT_IN_PROVEN_REPLACEMENT_SET,[],0,"[""Assets/NTSD/Sprite/UIPanels/SCORE_BOARD3.bmp""]",False,[]
Assets/NTSD/Sprite/UIPanels/SCORE_BOARD4.bmp,IMAGE,b8a861dabce60d94bb46a7118d6cbe61,3073FFCD42AD9B47C7B57D3DD526E66C199E8C1BD889BF54FD96F971424BF238,PRESERVE_NOT_IN_PROVEN_REPLACEMENT_SET,[],0,"[""Assets/NTSD/Sprite/UIPanels/SCORE_BOARD4.bmp""]",False,[]
Assets/NTSD/Sprite/UIPanels/select_bg.png,IMAGE,f8c6f08f282684146ac3537911debec3,7264C056F63A7FAF84D7432B0C8736BB7F36C75389199B293F1C64BCB522A4FE,PRESERVE_NOT_IN_PROVEN_REPLACEMENT_SET,"[""Assets/NTSD/Scene/NTSD_Menu.unity""]",1,"[""Assets/NTSD/Sprite/UIPanels/select_bg.png""]",False,[]
Assets/NTSD/Sprite/UIPanels/selectmode_bg.png,IMAGE,9390d33f90031f0498aa03a907530627,DCECAC7E7A5A2A348E0CBCA80CDF8AA5115A0AF7DE05D60DD31D032ED945582C,PRESERVE_NOT_IN_PROVEN_REPLACEMENT_SET,"[""Assets/NTSD/Scene/NTSD_Menu.unity""]",1,"[""Assets/NTSD/Sprite/UIPanels/selectmode_bg.png""]",False,[]
Assets/NTSD/Sprite/UIPanels/SHADOW1.bmp,IMAGE,6f8c76e36f3c5e94b873d13e1ee69d86,2A00D64A3B18E79E14EED9BD248A59C5D3013653DF7C1910A4B6A89A4EE6E806,PRESERVE_NOT_IN_PROVEN_REPLACEMENT_SET,[],0,"[""Assets/NTSD/Sprite/UIPanels/SHADOW1.bmp""]",False,[]
Assets/NTSD/Sprite/UIPanels/SLOGAN.bmp,IMAGE,7d1cb9f35b33afe40976be12f4dbbe76,C5A8EE288BC61BE3AAD9D95FFE2E13D52619DFEFED3661C1D837D05B32362CD1,PRESERVE_NOT_IN_PROVEN_REPLACEMENT_SET,[],0,"[""Assets/NTSD/Sprite/UIPanels/SLOGAN.bmp""]",False,[]
Assets/NTSD/Sprite/UIPanels/SPARK.bmp,IMAGE,08b500759a4996543a133adf62360771,E11C8104824BE415CD66E844DBBE49B48E1E6EA5735880669E45182C34F77306,PRESERVE_NOT_IN_PROVEN_REPLACEMENT_SET,[],0,"[""Assets/NTSD/Sprite/UIPanels/SPARK.bmp""]",False,[]
Assets/NTSD/Sprite/UIPanels/SPARK_preview.png,IMAGE,36dc6b9d7cc143541a4ef0e193d3d17f,5D89830D89EB94BD58EBAA20482C149C3E397FF4D14121E0D7E30C5F5B914955,PRESERVE_NOT_IN_PROVEN_REPLACEMENT_SET,[],0,"[""Assets/NTSD/Sprite/UIPanels/SPARK_preview.png""]",False,[]
Assets/NTSD/Sprite/UIPanels/white_box.png,IMAGE,912b40d9d1d0b594f957dd5581d7c066,762739636D6E10DC7844F112A7CB3DF3889B4C9344D25F43F76DBE270D018340,PRESERVE_NOT_IN_PROVEN_REPLACEMENT_SET,"[""Assets/NTSD/Scene/NTSD_Menu.unity""]",1,"[""Assets/NTSD/Sprite/UIPanels/white_box.png""]",False,[]
Assets/NTSD/Sprite/UIPanels/white_box2.png,IMAGE,1d0e63ef5f80a7e4288c3d5b2136fab7,3EB4EC8553B80C2ED89ACCC832489EE9A8C35BA2EF9F90E0529471FB4826D1B6,PRESERVE_NOT_IN_PROVEN_REPLACEMENT_SET,"[""Assets/NTSD/Scene/NTSD_Menu.unity""]",1,"[""Assets/NTSD/Sprite/UIPanels/white_box2.png""]",False,[]
Assets/NTSD/Sprite/UIPanels/WIN_ALIVE.bmp,IMAGE,17f403cb8a87b2541bd19745419a50d2,41674121DD608C31F01DC196AB5100DB5B4ECEBBF7E217E0CD02CB52706B216D,PRESERVE_NOT_IN_PROVEN_REPLACEMENT_SET,[],0,"[""Assets/NTSD/Sprite/UIPanels/WIN_ALIVE.bmp""]",False,[]
Assets/NTSD/Sprite/UIPanels/WIN_DEAD.bmp,IMAGE,2536fddc89df9f04fb53c47dac2e73d9,7BC633A6CB2DF05AE10AA4D1F94998B9F38EC34B4ECF6406A698F4511491F430,PRESERVE_NOT_IN_PROVEN_REPLACEMENT_SET,[],0,"[""Assets/NTSD/Sprite/UIPanels/WIN_DEAD.bmp""]",False,[]
Assets/NTSD/Sprite/Weapon/broken.bmp,IMAGE,526a30e905f449a4dac559366ddc5c1a,34EB94B6218862E1E2B90DD7FBC03E93F093AE0FE3FDF0AE08F3E8EBC8E20F29,REFERENCED_BY_OLD_INDEXED_CONTENT_REVIEW,[],0,"[""Assets/NTSD/Sprite/Weapon/broken.bmp""]",False,[999]
Assets/NTSD/Sprite/Weapon/broken2.bmp,IMAGE,b84f545c8971798429ef30040290c422,416FA30143EF0846E35E33C55E936284620C86BBDC506DD267BF72D38F94A680,REFERENCED_BY_OLD_INDEXED_CONTENT_REVIEW,[],0,"[""Assets/NTSD/Sprite/Weapon/broken2.bmp""]",False,[999]
Assets/NTSD/Sprite/Weapon/criminal.bmp,IMAGE,2ba4352a6e184594dad4354e64355150,8B46C95F83433656D3F39A23A4115D7F4FCE7143651BD51545F0B08D2559E40C,REFERENCED_BY_OLD_INDEXED_CONTENT_REVIEW,[],0,"[""Assets/NTSD/Sprite/Weapon/criminal.bmp""]",False,[300]
Assets/NTSD/Sprite/Weapon/criminal2.bmp,IMAGE,888c3f2f0050a1e4fb188fff65a16360,23FB4B80FC3E41998888F2D63F0B5582F704728EEC20B72E7CD039DF5AED2BFB,REFERENCED_BY_OLD_INDEXED_CONTENT_REVIEW,[],0,"[""Assets/NTSD/Sprite/Weapon/criminal2.bmp""]",False,[300]
Assets/NTSD/Sprite/Weapon/criminal3.bmp,IMAGE,9aef7eec4138eb8418a4f5639d77bd29,272474D0776940036F389FEEBF34006163DDB471C6956297D4F9855F1EDA7976,REFERENCED_BY_OLD_INDEXED_CONTENT_REVIEW,[],0,"[""Assets/NTSD/Sprite/Weapon/criminal3.bmp""]",False,[300]
Assets/NTSD/Sprite/Weapon/etc.bmp,IMAGE,989c2d08de565e844bb30c2ed0860110,99DC313A91D175B6D81436CB2286B16698D789F4FB774AE8F3ECF4079DA182B8,REFERENCED_BY_OLD_INDEXED_CONTENT_REVIEW,[],0,"[""Assets/NTSD/Sprite/Weapon/etc.bmp""]",False,[998]
Assets/NTSD/Sprite/Weapon/ex_ball.bmp,IMAGE,fb3ce2bf09712814db14696000f28291,5941EAB406F2B917A57C08CB92A10FD446B7ED51126BC6E2759F3E5C7546A08F,REFERENCED_BY_OLD_INDEXED_CONTENT_REVIEW,[],0,"[""Assets/NTSD/Sprite/Weapon/ex_ball.bmp""]",False,[422]
Assets/NTSD/Sprite/Weapon/ex_tag.bmp,IMAGE,23bf82a6f2abef6429b19dba77a85d9e,55D520FA167A25DD58CE6E5167B0C12EEC191881EA4B27FA14CD7E8FB08AEFD5,REFERENCED_BY_OLD_INDEXED_CONTENT_REVIEW,[],0,"[""Assets/NTSD/Sprite/Weapon/ex_tag.bmp""]",False,[101]
Assets/NTSD/Sprite/Weapon/head.bmp,IMAGE,d90561ec6c7813648a307ec41641978c,D7C5D79FC8CD93F67914A41FAB18CAE21F3081C77F6D52C5808210F3A960C02A,REFERENCED_BY_OLD_INDEXED_CONTENT_REVIEW,[],0,"[""Assets/NTSD/Sprite/Weapon/head.bmp""]",False,[218]
Assets/NTSD/Sprite/Weapon/kunai.bmp,IMAGE,dca58186603a429488de1eb7cfeda819,866DA54E182EDE4C39B1FEB19E7C4812FB26896CD4E49F17C8DD6B7B960025AF,REFERENCED_BY_OLD_INDEXED_CONTENT_REVIEW,[],0,"[""Assets/NTSD/Sprite/Weapon/kunai.bmp""]",False,[120]
Assets/NTSD/Sprite/Weapon/log.bmp,IMAGE,1e0b7fb1578f7e14fb0333541e28d9f5,AD211A3C56C5B01D60F12E7D30177BDD65CBE8893716D3F847340084A19AB43C,REFERENCED_BY_OLD_INDEXED_CONTENT_REVIEW,[],0,"[""Assets/NTSD/Sprite/Weapon/log.bmp""]",False,[151]
Assets/NTSD/Sprite/Weapon/needle.bmp,IMAGE,159e87212e934874a8486906009dfa39,37FB77A34F83D255B9A0C7D461D88E32CE6840C2693A6E6424664AB9FE98C9B2,REFERENCED_BY_OLD_INDEXED_CONTENT_REVIEW,[],0,"[""Assets/NTSD/Sprite/Weapon/needle.bmp""]",False,[515]
Assets/NTSD/Sprite/Weapon/shuriken.bmp,IMAGE,58e46db6bf3577640aaa6ef12d6b4429,BC5B8481546E8D781FD0BE6CFFDA353B1EFE82FBCAD414B2E4019AF9ACC04BC3,REFERENCED_BY_OLD_INDEXED_CONTENT_REVIEW,[],0,"[""Assets/NTSD/Sprite/Weapon/shuriken.bmp""]",False,[121]
Assets/NTSD/Sprite/Weapon/tail.bmp,IMAGE,5f726418c9d5cf6449b713279646c275,4A54D3C3C7D6AA1ECE56A351638B5611F823DF6DF7B51146A4B7DA385B74C7AF,REFERENCED_BY_OLD_INDEXED_CONTENT_REVIEW,[],0,"[""Assets/NTSD/Sprite/Weapon/tail.bmp""]",False,[217]
Assets/NTSD/Sprite/Weapon/weapon1.bmp,IMAGE,6a29eccd5d29fdb45927411b29751a98,C098BF82F789B375250CD7921217ED0380C69C30F7F13E1CB457CCA0EA5B7D0C,REFERENCED_BY_OLD_INDEXED_CONTENT_REVIEW,[],0,"[""Assets/NTSD/Sprite/Weapon/weapon1.bmp""]",False,[150]
Assets/NTSD/Sprite/Weapon/weapon3.bmp,IMAGE,93e97307b56dffd428e825f6eb094fa7,F354326F969AD60085D172B198752D14A14A512209DCCED656334F906D872F2D,REFERENCED_BY_OLD_INDEXED_CONTENT_REVIEW,[],0,"[""Assets/NTSD/Sprite/Weapon/weapon3.bmp""]",False,[122]
Assets/NTSD/Sprite/Weapon/weapon6.bmp,IMAGE,b80e605f844005e4d875672dde1242a1,5054B7F0AD3EA5EA0CD8201601E6ECF363A9FAE379A2C5D0E046B783C5F86AC1,REFERENCED_BY_OLD_INDEXED_CONTENT_REVIEW,[],0,"[""Assets/NTSD/Sprite/Weapon/weapon6.bmp""]",False,[100]
Assets/NTSD/Sprite/Weapon/weapon8.bmp,IMAGE,430bab2c334558149b0cc36084f80453,05427D5A5E53C8B78ED21946B530D8E413D0DC31C95CE3AE5EC550058B3802B1,REFERENCED_BY_OLD_INDEXED_CONTENT_REVIEW,[],0,"[""Assets/NTSD/Sprite/Weapon/weapon8.bmp""]",False,[123]
Assets/NTSD/Sprite/Weapon/weapon9.bmp,IMAGE,ad7298790e0800449879b1622c597d6b,18AC13AFE27C502E9331DB22B76E58EDC7C739CC12F9C218C1765724D1C7F16D,REFERENCED_BY_OLD_INDEXED_CONTENT_REVIEW,[],0,"[""Assets/NTSD/Sprite/Weapon/weapon9.bmp""]",False,[124]
Assets/NTSD/Sprite/XueYuan/academy.png,IMAGE,2a5fb4ecfa5345b4a82dd5d98e9dc83c,BF2B4F43E66DA21EDD40F217CD812933F4F65D7093D3AE61CCACAF7FE05CC792,PRESERVE_NOT_IN_PROVEN_REPLACEMENT_SET,[],0,"[""Assets/NTSD/Sprite/XueYuan/academy.png""]",False,[]
Assets/NTSD/Sprite/XueYuan/academy2.png,IMAGE,da1dc60c01aff7149829d3c1db86581e,9AE120DBAF6D80FD01364F226ADB5A8F078807402EA36486910088A929F520CC,PRESERVE_NOT_IN_PROVEN_REPLACEMENT_SET,[],0,"[""Assets/NTSD/Sprite/XueYuan/academy2.png""]",False,[]
Assets/NTSD/Sprite/XueYuan/academy3.png,IMAGE,41fed504aa6cf844da3315f7fe27d088,7F43DBDC5637E6CE412B7EA7923B7E00F84ADD86437693239DD483B3EBA62421,PRESERVE_NOT_IN_PROVEN_REPLACEMENT_SET,[],0,"[""Assets/NTSD/Sprite/XueYuan/academy3.png""]",False,[]
Assets/NTSD/Sprite/XueYuan/academy4.png,IMAGE,29ba541e39889704d8365b911fef56ef,8E907AC48AF52DB3F94AD7B1A3B399275244297C148BC0EB64223D173846F68F,PRESERVE_NOT_IN_PROVEN_REPLACEMENT_SET,[],0,"[""Assets/NTSD/Sprite/XueYuan/academy4.png""]",False,[]
Assets/NTSD/Sprite/XueYuan/academy5.png,IMAGE,016e7301cf16a0245be42c86819b8dcb,EF45A5E2C518F5B849568388AD24DB3587A11CA6B78B9EA0E7A5CF0B0B05FBA2,PRESERVE_NOT_IN_PROVEN_REPLACEMENT_SET,[],0,"[""Assets/NTSD/Sprite/XueYuan/academy5.png""]",False,[]
Assets/NTSD/Sprite/XueYuan/s.png,IMAGE,04bffa57fa05fe44e8b259e1ba07141a,AD48144F300AD706ACABA743AC4B60AB8A883C130435E8A9D601355579C9D2B6,PRESERVE_NOT_IN_PROVEN_REPLACEMENT_SET,"[""Assets/NTSD/Prefabs/Common/Shadow.prefab""]",1,"[""Assets/NTSD/Sprite/XueYuan/s.png""]",False,[]
