side,sourceId,sourceDat,frame,subblock,targetId,targetIndexed,edgeType
native,901,custom/1genma/genma.dat,125,0,123,True,DECLARED_OPOINT_NOT_RUNTIME_REACHABILITY
native,901,custom/1genma/genma.dat,126,0,204,True,DECLARED_OPOINT_NOT_RUNTIME_REACHABILITY
native,901,custom/1genma/genma.dat,168,0,120,True,DECLARED_OPOINT_NOT_RUNTIME_REACHABILITY
native,901,custom/1genma/genma.dat,170,0,121,True,DECLARED_OPOINT_NOT_RUNTIME_REACHABILITY
native,901,custom/1genma/genma.dat,236,0,204,True,DECLARED_OPOINT_NOT_RUNTIME_REACHABILITY
native,901,custom/1genma/genma.dat,238,0,204,True,DECLARED_OPOINT_NOT_RUNTIME_REACHABILITY
native,901,custom/1genma/genma.dat,254,0,904,True,DECLARED_OPOINT_NOT_RUNTIME_REACHABILITY
native,901,custom/1genma/genma.dat,267,0,905,True,DECLARED_OPOINT_NOT_RUNTIME_REACHABILITY
native,901,custom/1genma/genma.dat,277,0,906,True,DECLARED_OPOINT_NOT_RUNTIME_REACHABILITY
native,901,custom/1genma/genma.dat,281,1,204,True,DECLARED_OPOINT_NOT_RUNTIME_REACHABILITY
native,901,custom/1genma/genma.dat,282,1,902,True,DECLARED_OPOINT_NOT_RUNTIME_REACHABILITY
native,901,custom/1genma/genma.dat,296,0,902,True,DECLARED_OPOINT_NOT_RUNTIME_REACHABILITY
native,901,custom/1genma/genma.dat,297,0,903,True,DECLARED_OPOINT_NOT_RUNTIME_REACHABILITY
native,901,custom/1genma/genma.dat,297,1,903,True,DECLARED_OPOINT_NOT_RUNTIME_REACHABILITY
native,901,custom/1genma/genma.dat,333,0,907,True,DECLARED_OPOINT_NOT_RUNTIME_REACHABILITY
native,901,custom/1genma/genma.dat,357,0,204,True,DECLARED_OPOINT_NOT_RUNTIME_REACHABILITY
native,901,custom/1genma/genma.dat,361,0,703,True,DECLARED_OPOINT_NOT_RUNTIME_REACHABILITY
native,901,custom/1genma/genma.dat,602,1,900,True,DECLARED_OPOINT_NOT_RUNTIME_REACHABILITY
native,901,custom/1genma/genma.dat,631,1,204,True,DECLARED_OPOINT_NOT_RUNTIME_REACHABILITY
native,901,custom/1genma/genma.dat,641,1,204,True,DECLARED_OPOINT_NOT_RUNTIME_REACHABILITY
native,903,custom/1genma/genmaclone.dat,236,0,204,True,DECLARED_OPOINT_NOT_RUNTIME_REACHABILITY
native,903,custom/1genma/genmaclone.dat,300,0,204,True,DECLARED_OPOINT_NOT_RUNTIME_REACHABILITY
native,904,custom/1genma/a/katon.dat,31,0,904,True,DECLARED_OPOINT_NOT_RUNTIME_REACHABILITY
native,50,m/ton/ton.dat,235,1,211,True,DECLARED_OPOINT_NOT_RUNTIME_REACHABILITY
native,50,m/ton/ton.dat,236,1,211,True,DECLARED_OPOINT_NOT_RUNTIME_REACHABILITY
native,50,m/ton/ton.dat,237,1,211,True,DECLARED_OPOINT_NOT_RUNTIME_REACHABILITY
native,50,m/ton/ton.dat,238,1,211,True,DECLARED_OPOINT_NOT_RUNTIME_REACHABILITY
native,50,m/ton/ton.dat,246,1,204,True,DECLARED_OPOINT_NOT_RUNTIME_REACHABILITY
native,50,m/ton/ton.dat,247,1,229,True,DECLARED_OPOINT_NOT_RUNTIME_REACHABILITY
native,50,m/ton/ton.dat,248,1,229,True,DECLARED_OPOINT_NOT_RUNTIME_REACHABILITY
native,50,m/ton/ton.dat,251,1,446,True,DECLARED_OPOINT_NOT_RUNTIME_REACHABILITY
native,50,m/ton/ton.dat,252,1,446,True,DECLARED_OPOINT_NOT_RUNTIME_REACHABILITY
native,50,m/ton/ton.dat,253,1,446,True,DECLARED_OPOINT_NOT_RUNTIME_REACHABILITY
native,50,m/ton/ton.dat,254,1,446,True,DECLARED_OPOINT_NOT_RUNTIME_REACHABILITY
native,50,m/ton/ton.dat,255,1,446,True,DECLARED_OPOINT_NOT_RUNTIME_REACHABILITY
native,50,m/ton/ton.dat,256,1,446,True,DECLARED_OPOINT_NOT_RUNTIME_REACHABILITY
native,50,m/ton/ton.dat,257,1,446,True,DECLARED_OPOINT_NOT_RUNTIME_REACHABILITY
native,50,m/ton/ton.dat,258,1,446,True,DECLARED_OPOINT_NOT_RUNTIME_REACHABILITY
native,50,m/ton/ton.dat,259,1,446,True,DECLARED_OPOINT_NOT_RUNTIME_REACHABILITY
native,50,m/ton/ton.dat,260,1,446,True,DECLARED_OPOINT_NOT_RUNTIME_REACHABILITY
native,50,m/ton/ton.dat,261,1,446,True,DECLARED_OPOINT_NOT_RUNTIME_REACHABILITY
native,50,m/ton/ton.dat,262,1,446,True,DECLARED_OPOINT_NOT_RUNTIME_REACHABILITY
native,50,m/ton/ton.dat,263,1,446,True,DECLARED_OPOINT_NOT_RUNTIME_REACHABILITY
native,50,m/ton/ton.dat,264,1,446,True,DECLARED_OPOINT_NOT_RUNTIME_REACHABILITY
native,50,m/ton/ton.dat,265,1,446,True,DECLARED_OPOINT_NOT_RUNTIME_REACHABILITY
native,39,m/san/san.dat,46,1,411,True,DECLARED_OPOINT_NOT_RUNTIME_REACHABILITY
native,39,m/san/san.dat,51,0,411,True,DECLARED_OPOINT_NOT_RUNTIME_REACHABILITY
native,39,m/san/san.dat,53,1,411,True,DECLARED_OPOINT_NOT_RUNTIME_REACHABILITY
native,39,m/san/san.dat,181,0,411,True,DECLARED_OPOINT_NOT_RUNTIME_REACHABILITY
native,39,m/san/san.dat,182,0,411,True,DECLARED_OPOINT_NOT_RUNTIME_REACHABILITY
native,39,m/san/san.dat,183,0,411,True,DECLARED_OPOINT_NOT_RUNTIME_REACHABILITY
native,39,m/san/san.dat,184,0,411,True,DECLARED_OPOINT_NOT_RUNTIME_REACHABILITY
native,39,m/san/san.dat,185,0,411,True,DECLARED_OPOINT_NOT_RUNTIME_REACHABILITY
native,39,m/san/san.dat,221,0,411,True,DECLARED_OPOINT_NOT_RUNTIME_REACHABILITY
native,39,m/san/san.dat,223,0,411,True,DECLARED_OPOINT_NOT_RUNTIME_REACHABILITY
native,39,m/san/san.dat,225,0,411,True,DECLARED_OPOINT_NOT_RUNTIME_REACHABILITY
native,39,m/san/san.dat,227,0,411,True,DECLARED_OPOINT_NOT_RUNTIME_REACHABILITY
native,39,m/san/san.dat,246,0,411,True,DECLARED_OPOINT_NOT_RUNTIME_REACHABILITY
native,39,m/san/san.dat,269,0,204,True,DECLARED_OPOINT_NOT_RUNTIME_REACHABILITY
native,39,m/san/san.dat,271,0,204,True,DECLARED_OPOINT_NOT_RUNTIME_REACHABILITY
native,39,m/san/san.dat,281,0,204,True,DECLARED_OPOINT_NOT_RUNTIME_REACHABILITY
native,39,m/san/san.dat,296,0,204,True,DECLARED_OPOINT_NOT_RUNTIME_REACHABILITY
native,39,m/san/san.dat,311,0,204,True,DECLARED_OPOINT_NOT_RUNTIME_REACHABILITY
native,39,m/san/san.dat,616,0,411,True,DECLARED_OPOINT_NOT_RUNTIME_REACHABILITY
native,32,m/nin/hun.dat,82,0,121,True,DECLARED_OPOINT_NOT_RUNTIME_REACHABILITY
native,32,m/nin/hun.dat,91,0,121,True,DECLARED_OPOINT_NOT_RUNTIME_REACHABILITY
native,32,m/nin/hun.dat,236,0,204,True,DECLARED_OPOINT_NOT_RUNTIME_REACHABILITY
native,32,m/nin/hun.dat,238,0,204,True,DECLARED_OPOINT_NOT_RUNTIME_REACHABILITY
native,32,m/nin/hun.dat,353,0,120,True,DECLARED_OPOINT_NOT_RUNTIME_REACHABILITY
native,31,m/nin/nin2.dat,61,0,121,True,DECLARED_OPOINT_NOT_RUNTIME_REACHABILITY
native,31,m/nin/nin2.dat,81,0,121,True,DECLARED_OPOINT_NOT_RUNTIME_REACHABILITY
native,31,m/nin/nin2.dat,401,0,303,True,DECLARED_OPOINT_NOT_RUNTIME_REACHABILITY
native,30,m/nin/nin.dat,81,0,121,True,DECLARED_OPOINT_NOT_RUNTIME_REACHABILITY
native,30,m/nin/nin.dat,236,0,204,True,DECLARED_OPOINT_NOT_RUNTIME_REACHABILITY
native,30,m/nin/nin.dat,238,0,204,True,DECLARED_OPOINT_NOT_RUNTIME_REACHABILITY
native,30,m/nin/nin.dat,363,0,204,True,DECLARED_OPOINT_NOT_RUNTIME_REACHABILITY
native,30,m/nin/nin.dat,366,0,204,True,DECLARED_OPOINT_NOT_RUNTIME_REACHABILITY
native,30,m/nin/nin.dat,371,0,101,True,DECLARED_OPOINT_NOT_RUNTIME_REACHABILITY
native,30,m/nin/nin.dat,373,0,101,True,DECLARED_OPOINT_NOT_RUNTIME_REACHABILITY
native,30,m/nin/nin.dat,375,0,422,True,DECLARED_OPOINT_NOT_RUNTIME_REACHABILITY
native,30,m/nin/nin.dat,379,0,211,True,DECLARED_OPOINT_NOT_RUNTIME_REACHABILITY
native,2,c/nar/nar.dat,46,0,518,True,DECLARED_OPOINT_NOT_RUNTIME_REACHABILITY
native,2,c/nar/nar.dat,53,0,518,True,DECLARED_OPOINT_NOT_RUNTIME_REACHABILITY
native,2,c/nar/nar.dat,62,0,518,True,DECLARED_OPOINT_NOT_RUNTIME_REACHABILITY
native,2,c/nar/nar.dat,67,0,518,True,DECLARED_OPOINT_NOT_RUNTIME_REACHABILITY
native,2,c/nar/nar.dat,71,0,518,True,DECLARED_OPOINT_NOT_RUNTIME_REACHABILITY
native,2,c/nar/nar.dat,81,0,518,True,DECLARED_OPOINT_NOT_RUNTIME_REACHABILITY
native,2,c/nar/nar.dat,91,0,518,True,DECLARED_OPOINT_NOT_RUNTIME_REACHABILITY
native,2,c/nar/nar.dat,96,0,518,True,DECLARED_OPOINT_NOT_RUNTIME_REACHABILITY
native,2,c/nar/nar.dat,121,0,518,True,DECLARED_OPOINT_NOT_RUNTIME_REACHABILITY
native,2,c/nar/nar.dat,150,1,518,True,DECLARED_OPOINT_NOT_RUNTIME_REACHABILITY
native,2,c/nar/nar.dat,155,0,518,True,DECLARED_OPOINT_NOT_RUNTIME_REACHABILITY
native,2,c/nar/nar.dat,157,0,518,True,DECLARED_OPOINT_NOT_RUNTIME_REACHABILITY
native,2,c/nar/nar.dat,161,0,518,True,DECLARED_OPOINT_NOT_RUNTIME_REACHABILITY
native,2,c/nar/nar.dat,193,0,33,True,DECLARED_OPOINT_NOT_RUNTIME_REACHABILITY
native,2,c/nar/nar.dat,195,0,33,True,DECLARED_OPOINT_NOT_RUNTIME_REACHABILITY
native,2,c/nar/nar.dat,211,0,518,True,DECLARED_OPOINT_NOT_RUNTIME_REACHABILITY
native,2,c/nar/nar.dat,221,0,518,True,DECLARED_OPOINT_NOT_RUNTIME_REACHABILITY
native,2,c/nar/nar.dat,223,0,518,True,DECLARED_OPOINT_NOT_RUNTIME_REACHABILITY
native,2,c/nar/nar.dat,233,0,518,True,DECLARED_OPOINT_NOT_RUNTIME_REACHABILITY
native,2,c/nar/nar.dat,236,0,204,True,DECLARED_OPOINT_NOT_RUNTIME_REACHABILITY
native,2,c/nar/nar.dat,237,0,518,True,DECLARED_OPOINT_NOT_RUNTIME_REACHABILITY
native,2,c/nar/nar.dat,238,0,204,True,DECLARED_OPOINT_NOT_RUNTIME_REACHABILITY
native,2,c/nar/nar.dat,241,0,204,True,DECLARED_OPOINT_NOT_RUNTIME_REACHABILITY
native,2,c/nar/nar.dat,253,0,204,True,DECLARED_OPOINT_NOT_RUNTIME_REACHABILITY
native,2,c/nar/nar.dat,254,0,434,True,DECLARED_OPOINT_NOT_RUNTIME_REACHABILITY
native,2,c/nar/nar.dat,255,0,518,True,DECLARED_OPOINT_NOT_RUNTIME_REACHABILITY
native,2,c/nar/nar.dat,267,0,33,True,DECLARED_OPOINT_NOT_RUNTIME_REACHABILITY
native,2,c/nar/nar.dat,273,0,518,True,DECLARED_OPOINT_NOT_RUNTIME_REACHABILITY
native,2,c/nar/nar.dat,274,0,518,True,DECLARED_OPOINT_NOT_RUNTIME_REACHABILITY
native,2,c/nar/nar.dat,275,0,33,True,DECLARED_OPOINT_NOT_RUNTIME_REACHABILITY
native,2,c/nar/nar.dat,276,0,33,True,DECLARED_OPOINT_NOT_RUNTIME_REACHABILITY
native,2,c/nar/nar.dat,281,0,518,True,DECLARED_OPOINT_NOT_RUNTIME_REACHABILITY
native,2,c/nar/nar.dat,284,0,518,True,DECLARED_OPOINT_NOT_RUNTIME_REACHABILITY
native,2,c/nar/nar.dat,286,0,33,True,DECLARED_OPOINT_NOT_RUNTIME_REACHABILITY
native,2,c/nar/nar.dat,291,0,123,True,DECLARED_OPOINT_NOT_RUNTIME_REACHABILITY
native,2,c/nar/nar.dat,292,0,204,True,DECLARED_OPOINT_NOT_RUNTIME_REACHABILITY
native,2,c/nar/nar.dat,298,0,33,True,DECLARED_OPOINT_NOT_RUNTIME_REACHABILITY
native,2,c/nar/nar.dat,299,0,33,True,DECLARED_OPOINT_NOT_RUNTIME_REACHABILITY
native,2,c/nar/nar.dat,301,0,518,True,DECLARED_OPOINT_NOT_RUNTIME_REACHABILITY
native,2,c/nar/nar.dat,302,0,33,True,DECLARED_OPOINT_NOT_RUNTIME_REACHABILITY
native,2,c/nar/nar.dat,303,0,204,True,DECLARED_OPOINT_NOT_RUNTIME_REACHABILITY
native,2,c/nar/nar.dat,304,0,33,True,DECLARED_OPOINT_NOT_RUNTIME_REACHABILITY
native,2,c/nar/nar.dat,305,0,518,True,DECLARED_OPOINT_NOT_RUNTIME_REACHABILITY
native,2,c/nar/nar.dat,310,0,518,True,DECLARED_OPOINT_NOT_RUNTIME_REACHABILITY
native,2,c/nar/nar.dat,313,0,518,True,DECLARED_OPOINT_NOT_RUNTIME_REACHABILITY
native,2,c/nar/nar.dat,320,0,518,True,DECLARED_OPOINT_NOT_RUNTIME_REACHABILITY
native,2,c/nar/nar.dat,321,0,518,True,DECLARED_OPOINT_NOT_RUNTIME_REACHABILITY
native,2,c/nar/nar.dat,322,0,33,True,DECLARED_OPOINT_NOT_RUNTIME_REACHABILITY
native,2,c/nar/nar.dat,326,0,518,True,DECLARED_OPOINT_NOT_RUNTIME_REACHABILITY
native,2,c/nar/nar.dat,330,0,518,True,DECLARED_OPOINT_NOT_RUNTIME_REACHABILITY
native,2,c/nar/nar.dat,334,0,518,True,DECLARED_OPOINT_NOT_RUNTIME_REACHABILITY
native,2,c/nar/nar.dat,340,0,204,True,DECLARED_OPOINT_NOT_RUNTIME_REACHABILITY
native,2,c/nar/nar.dat,342,0,518,True,DECLARED_OPOINT_NOT_RUNTIME_REACHABILITY
native,2,c/nar/nar.dat,343,0,518,True,DECLARED_OPOINT_NOT_RUNTIME_REACHABILITY
native,2,c/nar/nar.dat,351,0,204,True,DECLARED_OPOINT_NOT_RUNTIME_REACHABILITY
native,2,c/nar/nar.dat,372,0,518,True,DECLARED_OPOINT_NOT_RUNTIME_REACHABILITY
native,2,c/nar/nar.dat,373,0,518,True,DECLARED_OPOINT_NOT_RUNTIME_REACHABILITY
native,2,c/nar/nar.dat,376,0,518,True,DECLARED_OPOINT_NOT_RUNTIME_REACHABILITY
native,2,c/nar/nar.dat,387,0,518,True,DECLARED_OPOINT_NOT_RUNTIME_REACHABILITY
native,2,c/nar/nar.dat,393,0,120,True,DECLARED_OPOINT_NOT_RUNTIME_REACHABILITY
native,2,c/nar/nar.dat,395,0,121,True,DECLARED_OPOINT_NOT_RUNTIME_REACHABILITY
native,2,c/nar/nar.dat,403,1,204,True,DECLARED_OPOINT_NOT_RUNTIME_REACHABILITY
native,2,c/nar/nar.dat,406,1,518,True,DECLARED_OPOINT_NOT_RUNTIME_REACHABILITY
native,2,c/nar/nar.dat,410,0,204,True,DECLARED_OPOINT_NOT_RUNTIME_REACHABILITY
native,2,c/nar/nar.dat,411,0,703,True,DECLARED_OPOINT_NOT_RUNTIME_REACHABILITY
native,2,c/nar/nar.dat,416,1,96,True,DECLARED_OPOINT_NOT_RUNTIME_REACHABILITY
native,2,c/nar/nar.dat,423,1,204,True,DECLARED_OPOINT_NOT_RUNTIME_REACHABILITY
native,2,c/nar/nar.dat,426,1,96,True,DECLARED_OPOINT_NOT_RUNTIME_REACHABILITY
native,2,c/nar/nar.dat,436,1,33,True,DECLARED_OPOINT_NOT_RUNTIME_REACHABILITY
native,2,c/nar/nar.dat,450,0,518,True,DECLARED_OPOINT_NOT_RUNTIME_REACHABILITY
native,2,c/nar/nar.dat,461,1,518,True,DECLARED_OPOINT_NOT_RUNTIME_REACHABILITY
native,2,c/nar/nar.dat,462,0,518,True,DECLARED_OPOINT_NOT_RUNTIME_REACHABILITY
native,2,c/nar/nar.dat,463,0,518,True,DECLARED_OPOINT_NOT_RUNTIME_REACHABILITY
native,2,c/nar/nar.dat,467,1,518,True,DECLARED_OPOINT_NOT_RUNTIME_REACHABILITY
native,2,c/nar/nar.dat,473,1,518,True,DECLARED_OPOINT_NOT_RUNTIME_REACHABILITY
native,2,c/nar/nar.dat,474,0,518,True,DECLARED_OPOINT_NOT_RUNTIME_REACHABILITY
native,2,c/nar/nar.dat,487,0,33,True,DECLARED_OPOINT_NOT_RUNTIME_REACHABILITY
native,2,c/nar/nar.dat,494,0,204,True,DECLARED_OPOINT_NOT_RUNTIME_REACHABILITY
native,2,c/nar/nar.dat,495,0,518,True,DECLARED_OPOINT_NOT_RUNTIME_REACHABILITY
native,2,c/nar/nar.dat,496,0,518,True,DECLARED_OPOINT_NOT_RUNTIME_REACHABILITY
native,2,c/nar/nar.dat,497,0,518,True,DECLARED_OPOINT_NOT_RUNTIME_REACHABILITY
native,2,c/nar/nar.dat,498,0,518,True,DECLARED_OPOINT_NOT_RUNTIME_REACHABILITY
native,2,c/nar/nar.dat,512,0,518,True,DECLARED_OPOINT_NOT_RUNTIME_REACHABILITY
native,2,c/nar/nar.dat,519,0,518,True,DECLARED_OPOINT_NOT_RUNTIME_REACHABILITY
native,2,c/nar/nar.dat,531,0,518,True,DECLARED_OPOINT_NOT_RUNTIME_REACHABILITY
native,2,c/nar/nar.dat,540,0,518,True,DECLARED_OPOINT_NOT_RUNTIME_REACHABILITY
native,2,c/nar/nar.dat,550,1,518,True,DECLARED_OPOINT_NOT_RUNTIME_REACHABILITY
native,2,c/nar/nar.dat,571,2,518,True,DECLARED_OPOINT_NOT_RUNTIME_REACHABILITY
native,2,c/nar/nar.dat,572,0,518,True,DECLARED_OPOINT_NOT_RUNTIME_REACHABILITY
native,2,c/nar/nar.dat,591,0,518,True,DECLARED_OPOINT_NOT_RUNTIME_REACHABILITY
native,2,c/nar/nar.dat,601,1,900,True,DECLARED_OPOINT_NOT_RUNTIME_REACHABILITY
native,2,c/nar/nar.dat,602,0,518,True,DECLARED_OPOINT_NOT_RUNTIME_REACHABILITY
native,2,c/nar/nar.dat,607,1,900,True,DECLARED_OPOINT_NOT_RUNTIME_REACHABILITY
native,2,c/nar/nar.dat,608,0,518,True,DECLARED_OPOINT_NOT_RUNTIME_REACHABILITY
native,2,c/nar/nar.dat,631,1,204,True,DECLARED_OPOINT_NOT_RUNTIME_REACHABILITY
native,2,c/nar/nar.dat,641,1,204,True,DECLARED_OPOINT_NOT_RUNTIME_REACHABILITY
native,33,c/nar/ncl.dat,46,0,518,True,DECLARED_OPOINT_NOT_RUNTIME_REACHABILITY
native,33,c/nar/ncl.dat,61,0,518,True,DECLARED_OPOINT_NOT_RUNTIME_REACHABILITY
native,33,c/nar/ncl.dat,66,0,518,True,DECLARED_OPOINT_NOT_RUNTIME_REACHABILITY
native,33,c/nar/ncl.dat,69,0,518,True,DECLARED_OPOINT_NOT_RUNTIME_REACHABILITY
native,33,c/nar/ncl.dat,71,0,518,True,DECLARED_OPOINT_NOT_RUNTIME_REACHABILITY
native,33,c/nar/ncl.dat,79,1,204,True,DECLARED_OPOINT_NOT_RUNTIME_REACHABILITY
native,33,c/nar/ncl.dat,81,0,518,True,DECLARED_OPOINT_NOT_RUNTIME_REACHABILITY
native,33,c/nar/ncl.dat,91,0,518,True,DECLARED_OPOINT_NOT_RUNTIME_REACHABILITY
native,33,c/nar/ncl.dat,145,0,204,True,DECLARED_OPOINT_NOT_RUNTIME_REACHABILITY
native,33,c/nar/ncl.dat,146,0,703,True,DECLARED_OPOINT_NOT_RUNTIME_REACHABILITY
native,33,c/nar/ncl.dat,241,0,204,True,DECLARED_OPOINT_NOT_RUNTIME_REACHABILITY
native,33,c/nar/ncl.dat,251,0,204,True,DECLARED_OPOINT_NOT_RUNTIME_REACHABILITY
native,33,c/nar/ncl.dat,281,0,518,True,DECLARED_OPOINT_NOT_RUNTIME_REACHABILITY
native,33,c/nar/ncl.dat,300,0,204,True,DECLARED_OPOINT_NOT_RUNTIME_REACHABILITY
native,33,c/nar/ncl.dat,311,0,204,True,DECLARED_OPOINT_NOT_RUNTIME_REACHABILITY
native,33,c/nar/ncl.dat,313,0,518,True,DECLARED_OPOINT_NOT_RUNTIME_REACHABILITY
native,33,c/nar/ncl.dat,316,0,204,True,DECLARED_OPOINT_NOT_RUNTIME_REACHABILITY
native,33,c/nar/ncl.dat,318,0,518,True,DECLARED_OPOINT_NOT_RUNTIME_REACHABILITY
native,33,c/nar/ncl.dat,322,1,33,True,DECLARED_OPOINT_NOT_RUNTIME_REACHABILITY
native,99,c/nar/sna.dat,22,0,518,True,DECLARED_OPOINT_NOT_RUNTIME_REACHABILITY
native,99,c/nar/sna.dat,27,0,96,True,DECLARED_OPOINT_NOT_RUNTIME_REACHABILITY
native,99,c/nar/sna.dat,32,0,96,True,DECLARED_OPOINT_NOT_RUNTIME_REACHABILITY
native,99,c/nar/sna.dat,33,0,96,True,DECLARED_OPOINT_NOT_RUNTIME_REACHABILITY
native,99,c/nar/sna.dat,44,0,518,True,DECLARED_OPOINT_NOT_RUNTIME_REACHABILITY
native,99,c/nar/sna.dat,46,0,518,True,DECLARED_OPOINT_NOT_RUNTIME_REACHABILITY
native,99,c/nar/sna.dat,53,0,518,True,DECLARED_OPOINT_NOT_RUNTIME_REACHABILITY
native,99,c/nar/sna.dat,61,0,518,True,DECLARED_OPOINT_NOT_RUNTIME_REACHABILITY
native,99,c/nar/sna.dat,64,0,518,True,DECLARED_OPOINT_NOT_RUNTIME_REACHABILITY
native,99,c/nar/sna.dat,67,0,518,True,DECLARED_OPOINT_NOT_RUNTIME_REACHABILITY
native,99,c/nar/sna.dat,71,0,518,True,DECLARED_OPOINT_NOT_RUNTIME_REACHABILITY
native,99,c/nar/sna.dat,75,0,518,True,DECLARED_OPOINT_NOT_RUNTIME_REACHABILITY
native,99,c/nar/sna.dat,82,0,518,True,DECLARED_OPOINT_NOT_RUNTIME_REACHABILITY
native,99,c/nar/sna.dat,86,0,518,True,DECLARED_OPOINT_NOT_RUNTIME_REACHABILITY
native,99,c/nar/sna.dat,91,0,518,True,DECLARED_OPOINT_NOT_RUNTIME_REACHABILITY
native,99,c/nar/sna.dat,92,0,518,True,DECLARED_OPOINT_NOT_RUNTIME_REACHABILITY
native,99,c/nar/sna.dat,121,0,204,True,DECLARED_OPOINT_NOT_RUNTIME_REACHABILITY
native,99,c/nar/sna.dat,122,0,518,True,DECLARED_OPOINT_NOT_RUNTIME_REACHABILITY
native,99,c/nar/sna.dat,123,0,204,True,DECLARED_OPOINT_NOT_RUNTIME_REACHABILITY
native,99,c/nar/sna.dat,124,0,518,True,DECLARED_OPOINT_NOT_RUNTIME_REACHABILITY
native,99,c/nar/sna.dat,125,0,204,True,DECLARED_OPOINT_NOT_RUNTIME_REACHABILITY
native,99,c/nar/sna.dat,126,0,518,True,DECLARED_OPOINT_NOT_RUNTIME_REACHABILITY
native,99,c/nar/sna.dat,127,0,204,True,DECLARED_OPOINT_NOT_RUNTIME_REACHABILITY
native,99,c/nar/sna.dat,128,0,518,True,DECLARED_OPOINT_NOT_RUNTIME_REACHABILITY
native,99,c/nar/sna.dat,129,0,204,True,DECLARED_OPOINT_NOT_RUNTIME_REACHABILITY
native,99,c/nar/sna.dat,145,0,518,True,DECLARED_OPOINT_NOT_RUNTIME_REACHABILITY
native,99,c/nar/sna.dat,146,0,204,True,DECLARED_OPOINT_NOT_RUNTIME_REACHABILITY
native,99,c/nar/sna.dat,147,0,518,True,DECLARED_OPOINT_NOT_RUNTIME_REACHABILITY
native,99,c/nar/sna.dat,148,0,204,True,DECLARED_OPOINT_NOT_RUNTIME_REACHABILITY
native,99,c/nar/sna.dat,170,0,518,True,DECLARED_OPOINT_NOT_RUNTIME_REACHABILITY
native,99,c/nar/sna.dat,171,0,518,True,DECLARED_OPOINT_NOT_RUNTIME_REACHABILITY
native,99,c/nar/sna.dat,172,0,518,True,DECLARED_OPOINT_NOT_RUNTIME_REACHABILITY
native,99,c/nar/sna.dat,174,0,518,True,DECLARED_OPOINT_NOT_RUNTIME_REACHABILITY
native,99,c/nar/sna.dat,175,1,518,True,DECLARED_OPOINT_NOT_RUNTIME_REACHABILITY
native,99,c/nar/sna.dat,177,0,518,True,DECLARED_OPOINT_NOT_RUNTIME_REACHABILITY
native,99,c/nar/sna.dat,178,0,96,True,DECLARED_OPOINT_NOT_RUNTIME_REACHABILITY
native,99,c/nar/sna.dat,179,0,96,True,DECLARED_OPOINT_NOT_RUNTIME_REACHABILITY
native,99,c/nar/sna.dat,211,0,518,True,DECLARED_OPOINT_NOT_RUNTIME_REACHABILITY
native,99,c/nar/sna.dat,221,0,518,True,DECLARED_OPOINT_NOT_RUNTIME_REACHABILITY
native,99,c/nar/sna.dat,223,0,518,True,DECLARED_OPOINT_NOT_RUNTIME_REACHABILITY
native,99,c/nar/sna.dat,233,0,518,True,DECLARED_OPOINT_NOT_RUNTIME_REACHABILITY
native,99,c/nar/sna.dat,236,0,204,True,DECLARED_OPOINT_NOT_RUNTIME_REACHABILITY
native,99,c/nar/sna.dat,237,0,518,True,DECLARED_OPOINT_NOT_RUNTIME_REACHABILITY
native,99,c/nar/sna.dat,238,0,204,True,DECLARED_OPOINT_NOT_RUNTIME_REACHABILITY
native,99,c/nar/sna.dat,246,0,96,True,DECLARED_OPOINT_NOT_RUNTIME_REACHABILITY
native,99,c/nar/sna.dat,251,0,96,True,DECLARED_OPOINT_NOT_RUNTIME_REACHABILITY
native,99,c/nar/sna.dat,256,0,96,True,DECLARED_OPOINT_NOT_RUNTIME_REACHABILITY
native,99,c/nar/sna.dat,258,0,96,True,DECLARED_OPOINT_NOT_RUNTIME_REACHABILITY
native,99,c/nar/sna.dat,261,0,518,True,DECLARED_OPOINT_NOT_RUNTIME_REACHABILITY
native,99,c/nar/sna.dat,267,0,518,True,DECLARED_OPOINT_NOT_RUNTIME_REACHABILITY
native,99,c/nar/sna.dat,268,0,518,True,DECLARED_OPOINT_NOT_RUNTIME_REACHABILITY
native,99,c/nar/sna.dat,270,0,96,True,DECLARED_OPOINT_NOT_RUNTIME_REACHABILITY
native,99,c/nar/sna.dat,272,0,518,True,DECLARED_OPOINT_NOT_RUNTIME_REACHABILITY
native,99,c/nar/sna.dat,273,0,518,True,DECLARED_OPOINT_NOT_RUNTIME_REACHABILITY
native,99,c/nar/sna.dat,279,1,518,True,DECLARED_OPOINT_NOT_RUNTIME_REACHABILITY
native,99,c/nar/sna.dat,285,1,518,True,DECLARED_OPOINT_NOT_RUNTIME_REACHABILITY
native,99,c/nar/sna.dat,288,0,518,True,DECLARED_OPOINT_NOT_RUNTIME_REACHABILITY
native,99,c/nar/sna.dat,289,0,518,True,DECLARED_OPOINT_NOT_RUNTIME_REACHABILITY
native,99,c/nar/sna.dat,301,0,96,True,DECLARED_OPOINT_NOT_RUNTIME_REACHABILITY
native,99,c/nar/sna.dat,303,0,96,True,DECLARED_OPOINT_NOT_RUNTIME_REACHABILITY
native,99,c/nar/sna.dat,305,0,121,True,DECLARED_OPOINT_NOT_RUNTIME_REACHABILITY
native,99,c/nar/sna.dat,306,0,518,True,DECLARED_OPOINT_NOT_RUNTIME_REACHABILITY
native,99,c/nar/sna.dat,309,0,518,True,DECLARED_OPOINT_NOT_RUNTIME_REACHABILITY
native,99,c/nar/sna.dat,312,0,518,True,DECLARED_OPOINT_NOT_RUNTIME_REACHABILITY
native,99,c/nar/sna.dat,313,1,518,True,DECLARED_OPOINT_NOT_RUNTIME_REACHABILITY
native,99,c/nar/sna.dat,315,0,518,True,DECLARED_OPOINT_NOT_RUNTIME_REACHABILITY
native,99,c/nar/sna.dat,316,0,96,True,DECLARED_OPOINT_NOT_RUNTIME_REACHABILITY
native,99,c/nar/sna.dat,317,0,96,True,DECLARED_OPOINT_NOT_RUNTIME_REACHABILITY
native,99,c/nar/sna.dat,319,0,518,True,DECLARED_OPOINT_NOT_RUNTIME_REACHABILITY
native,99,c/nar/sna.dat,320,0,96,True,DECLARED_OPOINT_NOT_RUNTIME_REACHABILITY
native,99,c/nar/sna.dat,323,1,204,True,DECLARED_OPOINT_NOT_RUNTIME_REACHABILITY
native,99,c/nar/sna.dat,324,0,518,True,DECLARED_OPOINT_NOT_RUNTIME_REACHABILITY
native,99,c/nar/sna.dat,340,0,518,True,DECLARED_OPOINT_NOT_RUNTIME_REACHABILITY
native,99,c/nar/sna.dat,353,1,204,True,DECLARED_OPOINT_NOT_RUNTIME_REACHABILITY
native,99,c/nar/sna.dat,354,0,518,True,DECLARED_OPOINT_NOT_RUNTIME_REACHABILITY
native,99,c/nar/sna.dat,356,0,518,True,DECLARED_OPOINT_NOT_RUNTIME_REACHABILITY
native,99,c/nar/sna.dat,358,0,121,True,DECLARED_OPOINT_NOT_RUNTIME_REACHABILITY
native,99,c/nar/sna.dat,361,0,123,True,DECLARED_OPOINT_NOT_RUNTIME_REACHABILITY
native,99,c/nar/sna.dat,362,0,204,True,DECLARED_OPOINT_NOT_RUNTIME_REACHABILITY
native,99,c/nar/sna.dat,367,0,96,True,DECLARED_OPOINT_NOT_RUNTIME_REACHABILITY
native,99,c/nar/sna.dat,374,0,204,True,DECLARED_OPOINT_NOT_RUNTIME_REACHABILITY
native,99,c/nar/sna.dat,376,0,706,True,DECLARED_OPOINT_NOT_RUNTIME_REACHABILITY
native,99,c/nar/sna.dat,395,0,518,True,DECLARED_OPOINT_NOT_RUNTIME_REACHABILITY
native,99,c/nar/sna.dat,401,1,204,True,DECLARED_OPOINT_NOT_RUNTIME_REACHABILITY
native,99,c/nar/sna.dat,402,1,518,True,DECLARED_OPOINT_NOT_RUNTIME_REACHABILITY
native,99,c/nar/sna.dat,403,1,204,True,DECLARED_OPOINT_NOT_RUNTIME_REACHABILITY
native,99,c/nar/sna.dat,406,0,120,True,DECLARED_OPOINT_NOT_RUNTIME_REACHABILITY
native,99,c/nar/sna.dat,411,1,204,True,DECLARED_OPOINT_NOT_RUNTIME_REACHABILITY
native,99,c/nar/sna.dat,450,0,518,True,DECLARED_OPOINT_NOT_RUNTIME_REACHABILITY
native,99,c/nar/sna.dat,506,1,518,True,DECLARED_OPOINT_NOT_RUNTIME_REACHABILITY
native,99,c/nar/sna.dat,597,0,706,True,DECLARED_OPOINT_NOT_RUNTIME_REACHABILITY
native,99,c/nar/sna.dat,601,1,900,True,DECLARED_OPOINT_NOT_RUNTIME_REACHABILITY
native,99,c/nar/sna.dat,602,0,518,True,DECLARED_OPOINT_NOT_RUNTIME_REACHABILITY
native,99,c/nar/sna.dat,607,1,900,True,DECLARED_OPOINT_NOT_RUNTIME_REACHABILITY
native,99,c/nar/sna.dat,608,0,518,True,DECLARED_OPOINT_NOT_RUNTIME_REACHABILITY
native,99,c/nar/sna.dat,631,1,204,True,DECLARED_OPOINT_NOT_RUNTIME_REACHABILITY
native,99,c/nar/sna.dat,641,1,204,True,DECLARED_OPOINT_NOT_RUNTIME_REACHABILITY
native,99,c/nar/sna.dat,671,0,518,True,DECLARED_OPOINT_NOT_RUNTIME_REACHABILITY
native,96,c/nar/snc.dat,22,0,518,True,DECLARED_OPOINT_NOT_RUNTIME_REACHABILITY
native,96,c/nar/snc.dat,27,0,96,True,DECLARED_OPOINT_NOT_RUNTIME_REACHABILITY
native,96,c/nar/snc.dat,44,0,518,True,DECLARED_OPOINT_NOT_RUNTIME_REACHABILITY
native,96,c/nar/snc.dat,46,0,518,True,DECLARED_OPOINT_NOT_RUNTIME_REACHABILITY
native,96,c/nar/snc.dat,53,0,518,True,DECLARED_OPOINT_NOT_RUNTIME_REACHABILITY
native,96,c/nar/snc.dat,61,0,518,True,DECLARED_OPOINT_NOT_RUNTIME_REACHABILITY
native,96,c/nar/snc.dat,64,0,518,True,DECLARED_OPOINT_NOT_RUNTIME_REACHABILITY
native,96,c/nar/snc.dat,67,0,518,True,DECLARED_OPOINT_NOT_RUNTIME_REACHABILITY
native,96,c/nar/snc.dat,71,0,518,True,DECLARED_OPOINT_NOT_RUNTIME_REACHABILITY
native,96,c/nar/snc.dat,75,0,518,True,DECLARED_OPOINT_NOT_RUNTIME_REACHABILITY
native,96,c/nar/snc.dat,82,0,518,True,DECLARED_OPOINT_NOT_RUNTIME_REACHABILITY
native,96,c/nar/snc.dat,86,0,518,True,DECLARED_OPOINT_NOT_RUNTIME_REACHABILITY
native,96,c/nar/snc.dat,91,0,518,True,DECLARED_OPOINT_NOT_RUNTIME_REACHABILITY
native,96,c/nar/snc.dat,121,0,204,True,DECLARED_OPOINT_NOT_RUNTIME_REACHABILITY
native,96,c/nar/snc.dat,122,0,518,True,DECLARED_OPOINT_NOT_RUNTIME_REACHABILITY
native,96,c/nar/snc.dat,123,0,204,True,DECLARED_OPOINT_NOT_RUNTIME_REACHABILITY
native,96,c/nar/snc.dat,124,0,518,True,DECLARED_OPOINT_NOT_RUNTIME_REACHABILITY
native,96,c/nar/snc.dat,125,0,204,True,DECLARED_OPOINT_NOT_RUNTIME_REACHABILITY
native,96,c/nar/snc.dat,126,0,518,True,DECLARED_OPOINT_NOT_RUNTIME_REACHABILITY
native,96,c/nar/snc.dat,127,0,204,True,DECLARED_OPOINT_NOT_RUNTIME_REACHABILITY
native,96,c/nar/snc.dat,128,0,518,True,DECLARED_OPOINT_NOT_RUNTIME_REACHABILITY
native,96,c/nar/snc.dat,129,0,204,True,DECLARED_OPOINT_NOT_RUNTIME_REACHABILITY
native,96,c/nar/snc.dat,145,0,518,True,DECLARED_OPOINT_NOT_RUNTIME_REACHABILITY
native,96,c/nar/snc.dat,146,0,204,True,DECLARED_OPOINT_NOT_RUNTIME_REACHABILITY
native,96,c/nar/snc.dat,147,0,518,True,DECLARED_OPOINT_NOT_RUNTIME_REACHABILITY
native,96,c/nar/snc.dat,148,0,204,True,DECLARED_OPOINT_NOT_RUNTIME_REACHABILITY
native,96,c/nar/snc.dat,178,0,96,True,DECLARED_OPOINT_NOT_RUNTIME_REACHABILITY
native,96,c/nar/snc.dat,179,0,96,True,DECLARED_OPOINT_NOT_RUNTIME_REACHABILITY
native,96,c/nar/snc.dat,211,0,518,True,DECLARED_OPOINT_NOT_RUNTIME_REACHABILITY
native,96,c/nar/snc.dat,236,0,518,True,DECLARED_OPOINT_NOT_RUNTIME_REACHABILITY
native,96,c/nar/snc.dat,236,1,204,True,DECLARED_OPOINT_NOT_RUNTIME_REACHABILITY
native,96,c/nar/snc.dat,242,0,204,True,DECLARED_OPOINT_NOT_RUNTIME_REACHABILITY
native,96,c/nar/snc.dat,243,0,518,True,DECLARED_OPOINT_NOT_RUNTIME_REACHABILITY
native,96,c/nar/snc.dat,246,0,204,True,DECLARED_OPOINT_NOT_RUNTIME_REACHABILITY
native,96,c/nar/snc.dat,256,0,204,True,DECLARED_OPOINT_NOT_RUNTIME_REACHABILITY
native,96,c/nar/snc.dat,260,0,518,True,DECLARED_OPOINT_NOT_RUNTIME_REACHABILITY
native,96,c/nar/snc.dat,286,0,204,True,DECLARED_OPOINT_NOT_RUNTIME_REACHABILITY
native,96,c/nar/snc.dat,287,0,96,True,DECLARED_OPOINT_NOT_RUNTIME_REACHABILITY
native,96,c/nar/snc.dat,292,0,204,True,DECLARED_OPOINT_NOT_RUNTIME_REACHABILITY
native,96,c/nar/snc.dat,293,0,518,True,DECLARED_OPOINT_NOT_RUNTIME_REACHABILITY
native,96,c/nar/snc.dat,298,0,204,True,DECLARED_OPOINT_NOT_RUNTIME_REACHABILITY
native,96,c/nar/snc.dat,300,0,204,True,DECLARED_OPOINT_NOT_RUNTIME_REACHABILITY
native,96,c/nar/snc.dat,303,0,204,True,DECLARED_OPOINT_NOT_RUNTIME_REACHABILITY
native,96,c/nar/snc.dat,306,0,204,True,DECLARED_OPOINT_NOT_RUNTIME_REACHABILITY
native,96,c/nar/snc.dat,311,0,204,True,DECLARED_OPOINT_NOT_RUNTIME_REACHABILITY
native,96,c/nar/snc.dat,313,0,518,True,DECLARED_OPOINT_NOT_RUNTIME_REACHABILITY
native,96,c/nar/snc.dat,316,0,204,True,DECLARED_OPOINT_NOT_RUNTIME_REACHABILITY
native,96,c/nar/snc.dat,318,0,518,True,DECLARED_OPOINT_NOT_RUNTIME_REACHABILITY
native,96,c/nar/snc.dat,321,0,204,True,DECLARED_OPOINT_NOT_RUNTIME_REACHABILITY
native,96,c/nar/snc.dat,331,0,204,True,DECLARED_OPOINT_NOT_RUNTIME_REACHABILITY
native,96,c/nar/snc.dat,339,0,518,True,DECLARED_OPOINT_NOT_RUNTIME_REACHABILITY
native,96,c/nar/snc.dat,341,0,33,True,DECLARED_OPOINT_NOT_RUNTIME_REACHABILITY
native,96,c/nar/snc.dat,343,0,204,True,DECLARED_OPOINT_NOT_RUNTIME_REACHABILITY
native,96,c/nar/snc.dat,442,0,204,True,DECLARED_OPOINT_NOT_RUNTIME_REACHABILITY
native,96,c/nar/snc.dat,443,0,518,True,DECLARED_OPOINT_NOT_RUNTIME_REACHABILITY
native,52,c/nar/kyu.dat,122,0,518,True,DECLARED_OPOINT_NOT_RUNTIME_REACHABILITY
native,52,c/nar/kyu.dat,193,0,518,True,DECLARED_OPOINT_NOT_RUNTIME_REACHABILITY
native,52,c/nar/kyu.dat,194,0,518,True,DECLARED_OPOINT_NOT_RUNTIME_REACHABILITY
native,52,c/nar/kyu.dat,241,0,518,True,DECLARED_OPOINT_NOT_RUNTIME_REACHABILITY
native,52,c/nar/kyu.dat,242,0,518,True,DECLARED_OPOINT_NOT_RUNTIME_REACHABILITY
native,52,c/nar/kyu.dat,272,2,518,True,DECLARED_OPOINT_NOT_RUNTIME_REACHABILITY
native,52,c/nar/kyu.dat,279,1,518,True,DECLARED_OPOINT_NOT_RUNTIME_REACHABILITY
native,52,c/nar/kyu.dat,304,0,746,True,DECLARED_OPOINT_NOT_RUNTIME_REACHABILITY
native,52,c/nar/kyu.dat,311,0,746,True,DECLARED_OPOINT_NOT_RUNTIME_REACHABILITY
native,52,c/nar/kyu.dat,389,0,746,True,DECLARED_OPOINT_NOT_RUNTIME_REACHABILITY
native,52,c/nar/kyu.dat,236,1,518,True,DECLARED_OPOINT_NOT_RUNTIME_REACHABILITY
native,52,c/nar/kyu.dat,252,1,518,True,DECLARED_OPOINT_NOT_RUNTIME_REACHABILITY
native,52,c/nar/kyu.dat,292,1,518,True,DECLARED_OPOINT_NOT_RUNTIME_REACHABILITY
native,52,c/nar/kyu.dat,395,0,518,True,DECLARED_OPOINT_NOT_RUNTIME_REACHABILITY
native,52,c/nar/kyu.dat,606,1,900,True,DECLARED_OPOINT_NOT_RUNTIME_REACHABILITY
native,52,c/nar/kyu.dat,631,1,204,True,DECLARED_OPOINT_NOT_RUNTIME_REACHABILITY
native,52,c/nar/kyu.dat,641,1,204,True,DECLARED_OPOINT_NOT_RUNTIME_REACHABILITY
native,508,c/nar/4tk.dat,20,0,518,True,DECLARED_OPOINT_NOT_RUNTIME_REACHABILITY
native,508,c/nar/4tk.dat,21,0,518,True,DECLARED_OPOINT_NOT_RUNTIME_REACHABILITY
native,508,c/nar/4tk.dat,22,0,518,True,DECLARED_OPOINT_NOT_RUNTIME_REACHABILITY
native,508,c/nar/4tk.dat,23,0,518,True,DECLARED_OPOINT_NOT_RUNTIME_REACHABILITY
native,508,c/nar/4tk.dat,24,0,518,True,DECLARED_OPOINT_NOT_RUNTIME_REACHABILITY
native,508,c/nar/4tk.dat,25,0,518,True,DECLARED_OPOINT_NOT_RUNTIME_REACHABILITY
native,508,c/nar/4tk.dat,26,0,518,True,DECLARED_OPOINT_NOT_RUNTIME_REACHABILITY
native,508,c/nar/4tk.dat,27,0,518,True,DECLARED_OPOINT_NOT_RUNTIME_REACHABILITY
native,508,c/nar/4tk.dat,110,0,518,True,DECLARED_OPOINT_NOT_RUNTIME_REACHABILITY
native,508,c/nar/4tk.dat,111,0,518,True,DECLARED_OPOINT_NOT_RUNTIME_REACHABILITY
native,508,c/nar/4tk.dat,130,0,518,True,DECLARED_OPOINT_NOT_RUNTIME_REACHABILITY
native,508,c/nar/4tk.dat,131,0,518,True,DECLARED_OPOINT_NOT_RUNTIME_REACHABILITY
native,508,c/nar/4tk.dat,132,0,518,True,DECLARED_OPOINT_NOT_RUNTIME_REACHABILITY
native,508,c/nar/4tk.dat,133,0,518,True,DECLARED_OPOINT_NOT_RUNTIME_REACHABILITY
native,508,c/nar/4tk.dat,134,0,518,True,DECLARED_OPOINT_NOT_RUNTIME_REACHABILITY
native,508,c/nar/4tk.dat,135,0,518,True,DECLARED_OPOINT_NOT_RUNTIME_REACHABILITY
native,508,c/nar/4tk.dat,136,0,518,True,DECLARED_OPOINT_NOT_RUNTIME_REACHABILITY
native,508,c/nar/4tk.dat,137,0,518,True,DECLARED_OPOINT_NOT_RUNTIME_REACHABILITY
native,508,c/nar/4tk.dat,138,0,518,True,DECLARED_OPOINT_NOT_RUNTIME_REACHABILITY
native,508,c/nar/4tk.dat,139,0,518,True,DECLARED_OPOINT_NOT_RUNTIME_REACHABILITY
native,508,c/nar/4tk.dat,140,0,518,True,DECLARED_OPOINT_NOT_RUNTIME_REACHABILITY
native,508,c/nar/4tk.dat,141,0,518,True,DECLARED_OPOINT_NOT_RUNTIME_REACHABILITY
native,508,c/nar/4tk.dat,142,0,518,True,DECLARED_OPOINT_NOT_RUNTIME_REACHABILITY
native,508,c/nar/4tk.dat,143,0,518,True,DECLARED_OPOINT_NOT_RUNTIME_REACHABILITY
native,508,c/nar/4tk.dat,144,0,518,True,DECLARED_OPOINT_NOT_RUNTIME_REACHABILITY
native,508,c/nar/4tk.dat,145,0,518,True,DECLARED_OPOINT_NOT_RUNTIME_REACHABILITY
native,508,c/nar/4tk.dat,210,0,518,True,DECLARED_OPOINT_NOT_RUNTIME_REACHABILITY
native,508,c/nar/4tk.dat,211,0,518,True,DECLARED_OPOINT_NOT_RUNTIME_REACHABILITY
native,508,c/nar/4tk.dat,212,0,518,True,DECLARED_OPOINT_NOT_RUNTIME_REACHABILITY
native,508,c/nar/4tk.dat,213,0,518,True,DECLARED_OPOINT_NOT_RUNTIME_REACHABILITY
native,508,c/nar/4tk.dat,214,0,518,True,DECLARED_OPOINT_NOT_RUNTIME_REACHABILITY
native,508,c/nar/4tk.dat,215,0,518,True,DECLARED_OPOINT_NOT_RUNTIME_REACHABILITY
native,508,c/nar/4tk.dat,216,0,518,True,DECLARED_OPOINT_NOT_RUNTIME_REACHABILITY
native,508,c/nar/4tk.dat,217,0,518,True,DECLARED_OPOINT_NOT_RUNTIME_REACHABILITY
native,508,c/nar/4tk.dat,218,0,518,True,DECLARED_OPOINT_NOT_RUNTIME_REACHABILITY
native,508,c/nar/4tk.dat,219,0,518,True,DECLARED_OPOINT_NOT_RUNTIME_REACHABILITY
native,508,c/nar/4tk.dat,307,0,518,True,DECLARED_OPOINT_NOT_RUNTIME_REACHABILITY
native,508,c/nar/4tk.dat,308,0,518,True,DECLARED_OPOINT_NOT_RUNTIME_REACHABILITY
native,508,c/nar/4tk.dat,309,0,518,True,DECLARED_OPOINT_NOT_RUNTIME_REACHABILITY
native,508,c/nar/4tk.dat,310,0,518,True,DECLARED_OPOINT_NOT_RUNTIME_REACHABILITY
native,508,c/nar/4tk.dat,311,0,746,True,DECLARED_OPOINT_NOT_RUNTIME_REACHABILITY
native,508,c/nar/4tk.dat,312,0,518,True,DECLARED_OPOINT_NOT_RUNTIME_REACHABILITY
native,508,c/nar/4tk.dat,313,0,518,True,DECLARED_OPOINT_NOT_RUNTIME_REACHABILITY
native,508,c/nar/4tk.dat,314,0,518,True,DECLARED_OPOINT_NOT_RUNTIME_REACHABILITY
native,508,c/nar/4tk.dat,315,0,518,True,DECLARED_OPOINT_NOT_RUNTIME_REACHABILITY
native,508,c/nar/4tk.dat,316,0,518,True,DECLARED_OPOINT_NOT_RUNTIME_REACHABILITY
native,508,c/nar/4tk.dat,317,0,746,True,DECLARED_OPOINT_NOT_RUNTIME_REACHABILITY
native,508,c/nar/4tk.dat,318,0,746,True,DECLARED_OPOINT_NOT_RUNTIME_REACHABILITY
native,508,c/nar/4tk.dat,319,0,518,True,DECLARED_OPOINT_NOT_RUNTIME_REACHABILITY
native,508,c/nar/4tk.dat,320,0,518,True,DECLARED_OPOINT_NOT_RUNTIME_REACHABILITY
native,508,c/nar/4tk.dat,321,0,518,True,DECLARED_OPOINT_NOT_RUNTIME_REACHABILITY
native,508,c/nar/4tk.dat,322,0,518,True,DECLARED_OPOINT_NOT_RUNTIME_REACHABILITY
native,508,c/nar/4tk.dat,325,0,518,True,DECLARED_OPOINT_NOT_RUNTIME_REACHABILITY
native,508,c/nar/4tk.dat,326,0,518,True,DECLARED_OPOINT_NOT_RUNTIME_REACHABILITY
native,508,c/nar/4tk.dat,327,0,746,True,DECLARED_OPOINT_NOT_RUNTIME_REACHABILITY
native,508,c/nar/4tk.dat,328,0,518,True,DECLARED_OPOINT_NOT_RUNTIME_REACHABILITY
native,508,c/nar/4tk.dat,329,0,518,True,DECLARED_OPOINT_NOT_RUNTIME_REACHABILITY
native,508,c/nar/4tk.dat,330,0,518,True,DECLARED_OPOINT_NOT_RUNTIME_REACHABILITY
native,508,c/nar/4tk.dat,331,0,518,True,DECLARED_OPOINT_NOT_RUNTIME_REACHABILITY
native,508,c/nar/4tk.dat,332,0,518,True,DECLARED_OPOINT_NOT_RUNTIME_REACHABILITY
native,508,c/nar/4tk.dat,333,0,518,True,DECLARED_OPOINT_NOT_RUNTIME_REACHABILITY
native,508,c/nar/4tk.dat,334,0,518,True,DECLARED_OPOINT_NOT_RUNTIME_REACHABILITY
native,508,c/nar/4tk.dat,335,0,518,True,DECLARED_OPOINT_NOT_RUNTIME_REACHABILITY
native,508,c/nar/4tk.dat,336,0,518,True,DECLARED_OPOINT_NOT_RUNTIME_REACHABILITY
native,508,c/nar/4tk.dat,337,0,518,True,DECLARED_OPOINT_NOT_RUNTIME_REACHABILITY
native,508,c/nar/4tk.dat,338,0,518,True,DECLARED_OPOINT_NOT_RUNTIME_REACHABILITY
native,508,c/nar/4tk.dat,339,0,518,True,DECLARED_OPOINT_NOT_RUNTIME_REACHABILITY
native,508,c/nar/4tk.dat,340,0,446,True,DECLARED_OPOINT_NOT_RUNTIME_REACHABILITY
native,508,c/nar/4tk.dat,341,0,446,True,DECLARED_OPOINT_NOT_RUNTIME_REACHABILITY
native,508,c/nar/4tk.dat,342,0,446,True,DECLARED_OPOINT_NOT_RUNTIME_REACHABILITY
native,508,c/nar/4tk.dat,343,0,446,True,DECLARED_OPOINT_NOT_RUNTIME_REACHABILITY
native,508,c/nar/4tk.dat,344,0,446,True,DECLARED_OPOINT_NOT_RUNTIME_REACHABILITY
native,508,c/nar/4tk.dat,345,0,446,True,DECLARED_OPOINT_NOT_RUNTIME_REACHABILITY
native,508,c/nar/4tk.dat,346,0,446,True,DECLARED_OPOINT_NOT_RUNTIME_REACHABILITY
native,508,c/nar/4tk.dat,347,0,446,True,DECLARED_OPOINT_NOT_RUNTIME_REACHABILITY
native,508,c/nar/4tk.dat,348,0,446,True,DECLARED_OPOINT_NOT_RUNTIME_REACHABILITY
native,508,c/nar/4tk.dat,349,0,446,True,DECLARED_OPOINT_NOT_RUNTIME_REACHABILITY
native,508,c/nar/4tk.dat,350,0,446,True,DECLARED_OPOINT_NOT_RUNTIME_REACHABILITY
native,508,c/nar/4tk.dat,351,0,446,True,DECLARED_OPOINT_NOT_RUNTIME_REACHABILITY
native,508,c/nar/4tk.dat,352,0,446,True,DECLARED_OPOINT_NOT_RUNTIME_REACHABILITY
native,508,c/nar/4tk.dat,353,0,446,True,DECLARED_OPOINT_NOT_RUNTIME_REACHABILITY
native,508,c/nar/4tk.dat,354,0,518,True,DECLARED_OPOINT_NOT_RUNTIME_REACHABILITY
native,508,c/nar/4tk.dat,355,0,518,True,DECLARED_OPOINT_NOT_RUNTIME_REACHABILITY
native,508,c/nar/4tk.dat,356,0,518,True,DECLARED_OPOINT_NOT_RUNTIME_REACHABILITY
native,508,c/nar/4tk.dat,357,0,518,True,DECLARED_OPOINT_NOT_RUNTIME_REACHABILITY
native,508,c/nar/4tk.dat,358,0,518,True,DECLARED_OPOINT_NOT_RUNTIME_REACHABILITY
native,508,c/nar/4tk.dat,359,0,518,True,DECLARED_OPOINT_NOT_RUNTIME_REACHABILITY
native,508,c/nar/4tk.dat,360,0,518,True,DECLARED_OPOINT_NOT_RUNTIME_REACHABILITY
native,508,c/nar/4tk.dat,361,0,518,True,DECLARED_OPOINT_NOT_RUNTIME_REACHABILITY
native,508,c/nar/4tk.dat,364,0,518,True,DECLARED_OPOINT_NOT_RUNTIME_REACHABILITY
native,508,c/nar/4tk.dat,365,0,518,True,DECLARED_OPOINT_NOT_RUNTIME_REACHABILITY
native,508,c/nar/4tk.dat,366,0,518,True,DECLARED_OPOINT_NOT_RUNTIME_REACHABILITY
native,508,c/nar/4tk.dat,367,0,204,True,DECLARED_OPOINT_NOT_RUNTIME_REACHABILITY
native,508,c/nar/4tk.dat,368,0,204,True,DECLARED_OPOINT_NOT_RUNTIME_REACHABILITY
native,508,c/nar/4tk.dat,371,0,746,True,DECLARED_OPOINT_NOT_RUNTIME_REACHABILITY
native,508,c/nar/4tk.dat,376,0,518,True,DECLARED_OPOINT_NOT_RUNTIME_REACHABILITY
native,508,c/nar/4tk.dat,377,0,518,True,DECLARED_OPOINT_NOT_RUNTIME_REACHABILITY
native,508,c/nar/4tk.dat,378,0,746,True,DECLARED_OPOINT_NOT_RUNTIME_REACHABILITY
native,508,c/nar/4tk.dat,380,0,518,True,DECLARED_OPOINT_NOT_RUNTIME_REACHABILITY
native,508,c/nar/4tk.dat,381,0,518,True,DECLARED_OPOINT_NOT_RUNTIME_REACHABILITY
native,508,c/nar/4tk.dat,382,0,518,True,DECLARED_OPOINT_NOT_RUNTIME_REACHABILITY
native,508,c/nar/4tk.dat,383,0,518,True,DECLARED_OPOINT_NOT_RUNTIME_REACHABILITY
native,508,c/nar/4tk.dat,384,0,518,True,DECLARED_OPOINT_NOT_RUNTIME_REACHABILITY
native,508,c/nar/4tk.dat,385,0,518,True,DECLARED_OPOINT_NOT_RUNTIME_REACHABILITY
native,508,c/nar/4tk.dat,386,0,518,True,DECLARED_OPOINT_NOT_RUNTIME_REACHABILITY
native,508,c/nar/4tk.dat,401,1,746,True,DECLARED_OPOINT_NOT_RUNTIME_REACHABILITY
native,434,c/nar/a/ras.dat,20,0,518,True,DECLARED_OPOINT_NOT_RUNTIME_REACHABILITY
native,434,c/nar/a/ras.dat,21,0,518,True,DECLARED_OPOINT_NOT_RUNTIME_REACHABILITY
native,434,c/nar/a/ras.dat,22,0,518,True,DECLARED_OPOINT_NOT_RUNTIME_REACHABILITY
native,434,c/nar/a/ras.dat,23,0,518,True,DECLARED_OPOINT_NOT_RUNTIME_REACHABILITY
native,434,c/nar/a/ras.dat,24,0,518,True,DECLARED_OPOINT_NOT_RUNTIME_REACHABILITY
native,434,c/nar/a/ras.dat,25,0,518,True,DECLARED_OPOINT_NOT_RUNTIME_REACHABILITY
native,434,c/nar/a/ras.dat,26,0,518,True,DECLARED_OPOINT_NOT_RUNTIME_REACHABILITY
native,434,c/nar/a/ras.dat,27,0,518,True,DECLARED_OPOINT_NOT_RUNTIME_REACHABILITY
native,434,c/nar/a/ras.dat,28,0,518,True,DECLARED_OPOINT_NOT_RUNTIME_REACHABILITY
native,434,c/nar/a/ras.dat,29,0,518,True,DECLARED_OPOINT_NOT_RUNTIME_REACHABILITY
native,434,c/nar/a/ras.dat,30,0,518,True,DECLARED_OPOINT_NOT_RUNTIME_REACHABILITY
native,434,c/nar/a/ras.dat,31,0,518,True,DECLARED_OPOINT_NOT_RUNTIME_REACHABILITY
native,434,c/nar/a/ras.dat,32,0,518,True,DECLARED_OPOINT_NOT_RUNTIME_REACHABILITY
native,434,c/nar/a/ras.dat,33,0,518,True,DECLARED_OPOINT_NOT_RUNTIME_REACHABILITY
native,434,c/nar/a/ras.dat,34,0,518,True,DECLARED_OPOINT_NOT_RUNTIME_REACHABILITY
native,434,c/nar/a/ras.dat,35,0,518,True,DECLARED_OPOINT_NOT_RUNTIME_REACHABILITY
native,434,c/nar/a/ras.dat,36,0,518,True,DECLARED_OPOINT_NOT_RUNTIME_REACHABILITY
native,434,c/nar/a/ras.dat,100,0,434,True,DECLARED_OPOINT_NOT_RUNTIME_REACHABILITY
native,518,c/nar/a/atk.dat,46,0,229,True,DECLARED_OPOINT_NOT_RUNTIME_REACHABILITY
native,518,c/nar/a/atk.dat,48,0,229,True,DECLARED_OPOINT_NOT_RUNTIME_REACHABILITY
native,518,c/nar/a/atk.dat,51,0,518,True,DECLARED_OPOINT_NOT_RUNTIME_REACHABILITY
native,518,c/nar/a/atk.dat,90,0,518,True,DECLARED_OPOINT_NOT_RUNTIME_REACHABILITY
native,518,c/nar/a/atk.dat,124,0,229,True,DECLARED_OPOINT_NOT_RUNTIME_REACHABILITY
native,518,c/nar/a/atk.dat,131,0,518,True,DECLARED_OPOINT_NOT_RUNTIME_REACHABILITY
native,518,c/nar/a/atk.dat,133,0,518,True,DECLARED_OPOINT_NOT_RUNTIME_REACHABILITY
native,518,c/nar/a/atk.dat,134,0,518,True,DECLARED_OPOINT_NOT_RUNTIME_REACHABILITY
native,518,c/nar/a/atk.dat,135,0,518,True,DECLARED_OPOINT_NOT_RUNTIME_REACHABILITY
native,518,c/nar/a/atk.dat,137,0,518,True,DECLARED_OPOINT_NOT_RUNTIME_REACHABILITY
native,518,c/nar/a/atk.dat,139,0,518,True,DECLARED_OPOINT_NOT_RUNTIME_REACHABILITY
native,518,c/nar/a/atk.dat,143,0,518,True,DECLARED_OPOINT_NOT_RUNTIME_REACHABILITY
native,518,c/nar/a/atk.dat,151,0,204,True,DECLARED_OPOINT_NOT_RUNTIME_REACHABILITY
native,518,c/nar/a/atk.dat,152,0,33,True,DECLARED_OPOINT_NOT_RUNTIME_REACHABILITY
native,518,c/nar/a/atk.dat,256,0,229,True,DECLARED_OPOINT_NOT_RUNTIME_REACHABILITY
native,518,c/nar/a/atk.dat,257,0,229,True,DECLARED_OPOINT_NOT_RUNTIME_REACHABILITY
native,518,c/nar/a/atk.dat,258,0,229,True,DECLARED_OPOINT_NOT_RUNTIME_REACHABILITY
native,518,c/nar/a/atk.dat,356,0,518,True,DECLARED_OPOINT_NOT_RUNTIME_REACHABILITY
native,518,c/nar/a/atk.dat,406,1,33,True,DECLARED_OPOINT_NOT_RUNTIME_REACHABILITY
native,518,c/nar/a/atk.dat,486,0,96,True,DECLARED_OPOINT_NOT_RUNTIME_REACHABILITY
native,518,c/nar/a/atk.dat,487,0,96,True,DECLARED_OPOINT_NOT_RUNTIME_REACHABILITY
native,518,c/nar/a/atk.dat,488,0,96,True,DECLARED_OPOINT_NOT_RUNTIME_REACHABILITY
native,518,c/nar/a/atk.dat,489,0,96,True,DECLARED_OPOINT_NOT_RUNTIME_REACHABILITY
native,518,c/nar/a/atk.dat,506,1,96,True,DECLARED_OPOINT_NOT_RUNTIME_REACHABILITY
native,518,c/nar/a/atk.dat,524,0,96,True,DECLARED_OPOINT_NOT_RUNTIME_REACHABILITY
native,518,c/nar/a/atk.dat,526,0,518,True,DECLARED_OPOINT_NOT_RUNTIME_REACHABILITY
native,518,c/nar/a/atk.dat,527,0,518,True,DECLARED_OPOINT_NOT_RUNTIME_REACHABILITY
native,518,c/nar/a/atk.dat,529,0,96,True,DECLARED_OPOINT_NOT_RUNTIME_REACHABILITY
native,518,c/nar/a/atk.dat,531,0,518,True,DECLARED_OPOINT_NOT_RUNTIME_REACHABILITY
native,518,c/nar/a/atk.dat,532,0,518,True,DECLARED_OPOINT_NOT_RUNTIME_REACHABILITY
native,518,c/nar/a/atk.dat,534,0,96,True,DECLARED_OPOINT_NOT_RUNTIME_REACHABILITY
native,518,c/nar/a/atk.dat,535,0,518,True,DECLARED_OPOINT_NOT_RUNTIME_REACHABILITY
native,518,c/nar/a/atk.dat,536,0,518,True,DECLARED_OPOINT_NOT_RUNTIME_REACHABILITY
native,518,c/nar/a/atk.dat,538,0,518,True,DECLARED_OPOINT_NOT_RUNTIME_REACHABILITY
native,518,c/nar/a/atk.dat,539,0,518,True,DECLARED_OPOINT_NOT_RUNTIME_REACHABILITY
native,518,c/nar/a/atk.dat,541,0,96,True,DECLARED_OPOINT_NOT_RUNTIME_REACHABILITY
native,518,c/nar/a/atk.dat,543,0,96,True,DECLARED_OPOINT_NOT_RUNTIME_REACHABILITY
native,518,c/nar/a/atk.dat,609,1,518,True,DECLARED_OPOINT_NOT_RUNTIME_REACHABILITY
native,518,c/nar/a/atk.dat,611,1,518,True,DECLARED_OPOINT_NOT_RUNTIME_REACHABILITY
native,518,c/nar/a/atk.dat,616,1,518,True,DECLARED_OPOINT_NOT_RUNTIME_REACHABILITY
native,518,c/nar/a/atk.dat,637,0,518,True,DECLARED_OPOINT_NOT_RUNTIME_REACHABILITY
native,746,c/nar/a/4tk.dat,101,0,204,True,DECLARED_OPOINT_NOT_RUNTIME_REACHABILITY
native,746,c/nar/a/4tk.dat,136,0,746,True,DECLARED_OPOINT_NOT_RUNTIME_REACHABILITY
native,746,c/nar/a/4tk.dat,167,0,746,True,DECLARED_OPOINT_NOT_RUNTIME_REACHABILITY
native,746,c/nar/a/4tk.dat,170,0,208,True,DECLARED_OPOINT_NOT_RUNTIME_REACHABILITY
native,1,c/saku/saku.dat,21,0,700,True,DECLARED_OPOINT_NOT_RUNTIME_REACHABILITY
native,1,c/saku/saku.dat,26,0,700,True,DECLARED_OPOINT_NOT_RUNTIME_REACHABILITY
native,1,c/saku/saku.dat,33,0,700,True,DECLARED_OPOINT_NOT_RUNTIME_REACHABILITY
native,1,c/saku/saku.dat,38,0,700,True,DECLARED_OPOINT_NOT_RUNTIME_REACHABILITY
native,1,c/saku/saku.dat,49,1,700,True,DECLARED_OPOINT_NOT_RUNTIME_REACHABILITY
native,1,c/saku/saku.dat,51,0,700,True,DECLARED_OPOINT_NOT_RUNTIME_REACHABILITY
native,1,c/saku/saku.dat,61,0,700,True,DECLARED_OPOINT_NOT_RUNTIME_REACHABILITY
native,1,c/saku/saku.dat,66,0,700,True,DECLARED_OPOINT_NOT_RUNTIME_REACHABILITY
native,1,c/saku/saku.dat,71,0,700,True,DECLARED_OPOINT_NOT_RUNTIME_REACHABILITY
native,1,c/saku/saku.dat,81,0,700,True,DECLARED_OPOINT_NOT_RUNTIME_REACHABILITY
native,1,c/saku/saku.dat,88,0,700,True,DECLARED_OPOINT_NOT_RUNTIME_REACHABILITY
native,1,c/saku/saku.dat,91,0,700,True,DECLARED_OPOINT_NOT_RUNTIME_REACHABILITY
native,1,c/saku/saku.dat,103,0,700,True,DECLARED_OPOINT_NOT_RUNTIME_REACHABILITY
native,1,c/saku/saku.dat,124,0,700,True,DECLARED_OPOINT_NOT_RUNTIME_REACHABILITY
native,1,c/saku/saku.dat,126,0,706,True,DECLARED_OPOINT_NOT_RUNTIME_REACHABILITY
native,1,c/saku/saku.dat,127,0,706,True,DECLARED_OPOINT_NOT_RUNTIME_REACHABILITY
native,1,c/saku/saku.dat,152,0,700,True,DECLARED_OPOINT_NOT_RUNTIME_REACHABILITY
native,1,c/saku/saku.dat,161,1,700,True,DECLARED_OPOINT_NOT_RUNTIME_REACHABILITY
native,1,c/saku/saku.dat,172,0,700,True,DECLARED_OPOINT_NOT_RUNTIME_REACHABILITY
native,1,c/saku/saku.dat,221,0,700,True,DECLARED_OPOINT_NOT_RUNTIME_REACHABILITY
native,1,c/saku/saku.dat,223,0,700,True,DECLARED_OPOINT_NOT_RUNTIME_REACHABILITY
native,1,c/saku/saku.dat,251,0,204,True,DECLARED_OPOINT_NOT_RUNTIME_REACHABILITY
native,1,c/saku/saku.dat,252,0,700,True,DECLARED_OPOINT_NOT_RUNTIME_REACHABILITY
native,1,c/saku/saku.dat,253,0,204,True,DECLARED_OPOINT_NOT_RUNTIME_REACHABILITY
native,1,c/saku/saku.dat,258,0,150,True,DECLARED_OPOINT_NOT_RUNTIME_REACHABILITY
native,1,c/saku/saku.dat,261,0,700,True,DECLARED_OPOINT_NOT_RUNTIME_REACHABILITY
native,1,c/saku/saku.dat,264,0,700,True,DECLARED_OPOINT_NOT_RUNTIME_REACHABILITY
native,1,c/saku/saku.dat,265,0,700,True,DECLARED_OPOINT_NOT_RUNTIME_REACHABILITY
native,1,c/saku/saku.dat,266,0,700,True,DECLARED_OPOINT_NOT_RUNTIME_REACHABILITY
native,1,c/saku/saku.dat,267,0,700,True,DECLARED_OPOINT_NOT_RUNTIME_REACHABILITY
native,1,c/saku/saku.dat,271,0,123,True,DECLARED_OPOINT_NOT_RUNTIME_REACHABILITY
native,1,c/saku/saku.dat,272,0,204,True,DECLARED_OPOINT_NOT_RUNTIME_REACHABILITY
native,1,c/saku/saku.dat,276,0,202,True,DECLARED_OPOINT_NOT_RUNTIME_REACHABILITY
native,1,c/saku/saku.dat,278,0,208,True,DECLARED_OPOINT_NOT_RUNTIME_REACHABILITY
native,1,c/saku/saku.dat,286,0,700,True,DECLARED_OPOINT_NOT_RUNTIME_REACHABILITY
native,1,c/saku/saku.dat,293,0,120,True,DECLARED_OPOINT_NOT_RUNTIME_REACHABILITY
native,1,c/saku/saku.dat,295,0,121,True,DECLARED_OPOINT_NOT_RUNTIME_REACHABILITY
native,1,c/saku/saku.dat,301,0,700,True,DECLARED_OPOINT_NOT_RUNTIME_REACHABILITY
native,1,c/saku/saku.dat,305,0,700,True,DECLARED_OPOINT_NOT_RUNTIME_REACHABILITY
native,1,c/saku/saku.dat,311,0,208,True,DECLARED_OPOINT_NOT_RUNTIME_REACHABILITY
native,1,c/saku/saku.dat,313,0,700,True,DECLARED_OPOINT_NOT_RUNTIME_REACHABILITY
native,1,c/saku/saku.dat,314,0,700,True,DECLARED_OPOINT_NOT_RUNTIME_REACHABILITY
native,1,c/saku/saku.dat,315,0,700,True,DECLARED_OPOINT_NOT_RUNTIME_REACHABILITY
native,1,c/saku/saku.dat,316,0,700,True,DECLARED_OPOINT_NOT_RUNTIME_REACHABILITY
native,1,c/saku/saku.dat,317,1,204,True,DECLARED_OPOINT_NOT_RUNTIME_REACHABILITY
native,1,c/saku/saku.dat,332,0,208,True,DECLARED_OPOINT_NOT_RUNTIME_REACHABILITY
native,1,c/saku/saku.dat,602,1,900,True,DECLARED_OPOINT_NOT_RUNTIME_REACHABILITY
native,1,c/saku/saku.dat,631,1,204,True,DECLARED_OPOINT_NOT_RUNTIME_REACHABILITY
native,1,c/saku/saku.dat,641,1,204,True,DECLARED_OPOINT_NOT_RUNTIME_REACHABILITY
native,704,c/saku/saku2.dat,21,0,700,True,DECLARED_OPOINT_NOT_RUNTIME_REACHABILITY
native,704,c/saku/saku2.dat,26,0,700,True,DECLARED_OPOINT_NOT_RUNTIME_REACHABILITY
native,704,c/saku/saku2.dat,33,0,700,True,DECLARED_OPOINT_NOT_RUNTIME_REACHABILITY
native,704,c/saku/saku2.dat,38,0,700,True,DECLARED_OPOINT_NOT_RUNTIME_REACHABILITY
native,704,c/saku/saku2.dat,49,1,700,True,DECLARED_OPOINT_NOT_RUNTIME_REACHABILITY
native,704,c/saku/saku2.dat,51,0,700,True,DECLARED_OPOINT_NOT_RUNTIME_REACHABILITY
native,704,c/saku/saku2.dat,61,0,700,True,DECLARED_OPOINT_NOT_RUNTIME_REACHABILITY
native,704,c/saku/saku2.dat,66,0,700,True,DECLARED_OPOINT_NOT_RUNTIME_REACHABILITY
native,704,c/saku/saku2.dat,71,0,700,True,DECLARED_OPOINT_NOT_RUNTIME_REACHABILITY
native,704,c/saku/saku2.dat,81,0,700,True,DECLARED_OPOINT_NOT_RUNTIME_REACHABILITY
native,704,c/saku/saku2.dat,88,0,700,True,DECLARED_OPOINT_NOT_RUNTIME_REACHABILITY
native,704,c/saku/saku2.dat,91,0,700,True,DECLARED_OPOINT_NOT_RUNTIME_REACHABILITY
native,704,c/saku/saku2.dat,103,0,700,True,DECLARED_OPOINT_NOT_RUNTIME_REACHABILITY
native,704,c/saku/saku2.dat,124,0,700,True,DECLARED_OPOINT_NOT_RUNTIME_REACHABILITY
native,704,c/saku/saku2.dat,126,0,706,True,DECLARED_OPOINT_NOT_RUNTIME_REACHABILITY
native,704,c/saku/saku2.dat,127,0,706,True,DECLARED_OPOINT_NOT_RUNTIME_REACHABILITY
native,704,c/saku/saku2.dat,152,0,700,True,DECLARED_OPOINT_NOT_RUNTIME_REACHABILITY
native,704,c/saku/saku2.dat,160,1,700,True,DECLARED_OPOINT_NOT_RUNTIME_REACHABILITY
native,704,c/saku/saku2.dat,221,0,700,True,DECLARED_OPOINT_NOT_RUNTIME_REACHABILITY
native,704,c/saku/saku2.dat,223,0,700,True,DECLARED_OPOINT_NOT_RUNTIME_REACHABILITY
native,704,c/saku/saku2.dat,251,0,204,True,DECLARED_OPOINT_NOT_RUNTIME_REACHABILITY
native,704,c/saku/saku2.dat,252,0,700,True,DECLARED_OPOINT_NOT_RUNTIME_REACHABILITY
native,704,c/saku/saku2.dat,253,0,204,True,DECLARED_OPOINT_NOT_RUNTIME_REACHABILITY
native,704,c/saku/saku2.dat,258,0,150,True,DECLARED_OPOINT_NOT_RUNTIME_REACHABILITY
native,704,c/saku/saku2.dat,261,0,700,True,DECLARED_OPOINT_NOT_RUNTIME_REACHABILITY
native,704,c/saku/saku2.dat,264,0,700,True,DECLARED_OPOINT_NOT_RUNTIME_REACHABILITY
native,704,c/saku/saku2.dat,265,0,700,True,DECLARED_OPOINT_NOT_RUNTIME_REACHABILITY
native,704,c/saku/saku2.dat,266,0,700,True,DECLARED_OPOINT_NOT_RUNTIME_REACHABILITY
native,704,c/saku/saku2.dat,267,0,700,True,DECLARED_OPOINT_NOT_RUNTIME_REACHABILITY
native,704,c/saku/saku2.dat,271,0,123,True,DECLARED_OPOINT_NOT_RUNTIME_REACHABILITY
native,704,c/saku/saku2.dat,272,0,204,True,DECLARED_OPOINT_NOT_RUNTIME_REACHABILITY
native,704,c/saku/saku2.dat,278,0,208,True,DECLARED_OPOINT_NOT_RUNTIME_REACHABILITY
native,704,c/saku/saku2.dat,286,0,700,True,DECLARED_OPOINT_NOT_RUNTIME_REACHABILITY
native,704,c/saku/saku2.dat,293,0,120,True,DECLARED_OPOINT_NOT_RUNTIME_REACHABILITY
native,704,c/saku/saku2.dat,295,0,121,True,DECLARED_OPOINT_NOT_RUNTIME_REACHABILITY
native,704,c/saku/saku2.dat,301,0,700,True,DECLARED_OPOINT_NOT_RUNTIME_REACHABILITY
native,704,c/saku/saku2.dat,305,0,700,True,DECLARED_OPOINT_NOT_RUNTIME_REACHABILITY
native,704,c/saku/saku2.dat,311,0,208,True,DECLARED_OPOINT_NOT_RUNTIME_REACHABILITY
native,704,c/saku/saku2.dat,313,0,700,True,DECLARED_OPOINT_NOT_RUNTIME_REACHABILITY
native,704,c/saku/saku2.dat,314,0,700,True,DECLARED_OPOINT_NOT_RUNTIME_REACHABILITY
native,704,c/saku/saku2.dat,315,0,700,True,DECLARED_OPOINT_NOT_RUNTIME_REACHABILITY
native,704,c/saku/saku2.dat,316,0,700,True,DECLARED_OPOINT_NOT_RUNTIME_REACHABILITY
native,704,c/saku/saku2.dat,317,1,204,True,DECLARED_OPOINT_NOT_RUNTIME_REACHABILITY
native,704,c/saku/saku2.dat,332,0,208,True,DECLARED_OPOINT_NOT_RUNTIME_REACHABILITY
native,704,c/saku/saku2.dat,402,0,846,True,DECLARED_OPOINT_NOT_RUNTIME_REACHABILITY
native,704,c/saku/saku2.dat,602,1,900,True,DECLARED_OPOINT_NOT_RUNTIME_REACHABILITY
native,704,c/saku/saku2.dat,631,1,204,True,DECLARED_OPOINT_NOT_RUNTIME_REACHABILITY
native,704,c/saku/saku2.dat,641,1,204,True,DECLARED_OPOINT_NOT_RUNTIME_REACHABILITY
native,705,c/saku/saku3.dat,21,0,700,True,DECLARED_OPOINT_NOT_RUNTIME_REACHABILITY
native,705,c/saku/saku3.dat,26,0,700,True,DECLARED_OPOINT_NOT_RUNTIME_REACHABILITY
native,705,c/saku/saku3.dat,33,0,700,True,DECLARED_OPOINT_NOT_RUNTIME_REACHABILITY
native,705,c/saku/saku3.dat,38,0,700,True,DECLARED_OPOINT_NOT_RUNTIME_REACHABILITY
native,705,c/saku/saku3.dat,49,1,700,True,DECLARED_OPOINT_NOT_RUNTIME_REACHABILITY
native,705,c/saku/saku3.dat,51,0,700,True,DECLARED_OPOINT_NOT_RUNTIME_REACHABILITY
native,705,c/saku/saku3.dat,61,0,700,True,DECLARED_OPOINT_NOT_RUNTIME_REACHABILITY
native,705,c/saku/saku3.dat,66,0,700,True,DECLARED_OPOINT_NOT_RUNTIME_REACHABILITY
native,705,c/saku/saku3.dat,71,0,700,True,DECLARED_OPOINT_NOT_RUNTIME_REACHABILITY
native,705,c/saku/saku3.dat,81,0,700,True,DECLARED_OPOINT_NOT_RUNTIME_REACHABILITY
native,705,c/saku/saku3.dat,88,0,700,True,DECLARED_OPOINT_NOT_RUNTIME_REACHABILITY
native,705,c/saku/saku3.dat,91,0,700,True,DECLARED_OPOINT_NOT_RUNTIME_REACHABILITY
native,705,c/saku/saku3.dat,103,0,700,True,DECLARED_OPOINT_NOT_RUNTIME_REACHABILITY
native,705,c/saku/saku3.dat,124,0,700,True,DECLARED_OPOINT_NOT_RUNTIME_REACHABILITY
native,705,c/saku/saku3.dat,126,0,706,True,DECLARED_OPOINT_NOT_RUNTIME_REACHABILITY
native,705,c/saku/saku3.dat,127,0,706,True,DECLARED_OPOINT_NOT_RUNTIME_REACHABILITY
native,705,c/saku/saku3.dat,152,0,700,True,DECLARED_OPOINT_NOT_RUNTIME_REACHABILITY
native,705,c/saku/saku3.dat,221,0,700,True,DECLARED_OPOINT_NOT_RUNTIME_REACHABILITY
native,705,c/saku/saku3.dat,223,0,700,True,DECLARED_OPOINT_NOT_RUNTIME_REACHABILITY
native,705,c/saku/saku3.dat,251,0,204,True,DECLARED_OPOINT_NOT_RUNTIME_REACHABILITY
native,705,c/saku/saku3.dat,252,0,700,True,DECLARED_OPOINT_NOT_RUNTIME_REACHABILITY
native,705,c/saku/saku3.dat,253,0,204,True,DECLARED_OPOINT_NOT_RUNTIME_REACHABILITY
native,705,c/saku/saku3.dat,258,0,150,True,DECLARED_OPOINT_NOT_RUNTIME_REACHABILITY
native,705,c/saku/saku3.dat,261,0,700,True,DECLARED_OPOINT_NOT_RUNTIME_REACHABILITY
native,705,c/saku/saku3.dat,264,0,700,True,DECLARED_OPOINT_NOT_RUNTIME_REACHABILITY
native,705,c/saku/saku3.dat,265,0,700,True,DECLARED_OPOINT_NOT_RUNTIME_REACHABILITY
native,705,c/saku/saku3.dat,266,0,700,True,DECLARED_OPOINT_NOT_RUNTIME_REACHABILITY
native,705,c/saku/saku3.dat,267,0,700,True,DECLARED_OPOINT_NOT_RUNTIME_REACHABILITY
native,705,c/saku/saku3.dat,271,0,123,True,DECLARED_OPOINT_NOT_RUNTIME_REACHABILITY
native,705,c/saku/saku3.dat,272,0,204,True,DECLARED_OPOINT_NOT_RUNTIME_REACHABILITY
native,705,c/saku/saku3.dat,276,0,202,True,DECLARED_OPOINT_NOT_RUNTIME_REACHABILITY
native,705,c/saku/saku3.dat,278,0,208,True,DECLARED_OPOINT_NOT_RUNTIME_REACHABILITY
native,705,c/saku/saku3.dat,286,0,700,True,DECLARED_OPOINT_NOT_RUNTIME_REACHABILITY
native,705,c/saku/saku3.dat,293,0,120,True,DECLARED_OPOINT_NOT_RUNTIME_REACHABILITY
native,705,c/saku/saku3.dat,295,0,121,True,DECLARED_OPOINT_NOT_RUNTIME_REACHABILITY
native,705,c/saku/saku3.dat,301,0,700,True,DECLARED_OPOINT_NOT_RUNTIME_REACHABILITY
native,705,c/saku/saku3.dat,305,0,700,True,DECLARED_OPOINT_NOT_RUNTIME_REACHABILITY
native,705,c/saku/saku3.dat,311,0,208,True,DECLARED_OPOINT_NOT_RUNTIME_REACHABILITY
native,705,c/saku/saku3.dat,313,0,700,True,DECLARED_OPOINT_NOT_RUNTIME_REACHABILITY
native,705,c/saku/saku3.dat,314,0,700,True,DECLARED_OPOINT_NOT_RUNTIME_REACHABILITY
native,705,c/saku/saku3.dat,315,0,700,True,DECLARED_OPOINT_NOT_RUNTIME_REACHABILITY
native,705,c/saku/saku3.dat,316,0,700,True,DECLARED_OPOINT_NOT_RUNTIME_REACHABILITY
native,705,c/saku/saku3.dat,317,1,204,True,DECLARED_OPOINT_NOT_RUNTIME_REACHABILITY
native,705,c/saku/saku3.dat,332,0,208,True,DECLARED_OPOINT_NOT_RUNTIME_REACHABILITY
native,705,c/saku/saku3.dat,402,0,846,True,DECLARED_OPOINT_NOT_RUNTIME_REACHABILITY
native,705,c/saku/saku3.dat,602,1,900,True,DECLARED_OPOINT_NOT_RUNTIME_REACHABILITY
native,705,c/saku/saku3.dat,631,1,204,True,DECLARED_OPOINT_NOT_RUNTIME_REACHABILITY
native,705,c/saku/saku3.dat,641,1,204,True,DECLARED_OPOINT_NOT_RUNTIME_REACHABILITY
native,700,c/saku/a/atk.dat,11,0,700,True,DECLARED_OPOINT_NOT_RUNTIME_REACHABILITY
native,700,c/saku/a/atk.dat,49,0,706,True,DECLARED_OPOINT_NOT_RUNTIME_REACHABILITY
native,700,c/saku/a/atk.dat,52,0,706,True,DECLARED_OPOINT_NOT_RUNTIME_REACHABILITY
native,700,c/saku/a/atk.dat,71,0,700,True,DECLARED_OPOINT_NOT_RUNTIME_REACHABILITY
native,700,c/saku/a/atk.dat,73,0,700,True,DECLARED_OPOINT_NOT_RUNTIME_REACHABILITY
native,700,c/saku/a/atk.dat,74,0,700,True,DECLARED_OPOINT_NOT_RUNTIME_REACHABILITY
native,700,c/saku/a/atk.dat,75,0,700,True,DECLARED_OPOINT_NOT_RUNTIME_REACHABILITY
native,700,c/saku/a/atk.dat,77,0,700,True,DECLARED_OPOINT_NOT_RUNTIME_REACHABILITY
native,700,c/saku/a/atk.dat,79,0,700,True,DECLARED_OPOINT_NOT_RUNTIME_REACHABILITY
native,700,c/saku/a/atk.dat,83,0,208,True,DECLARED_OPOINT_NOT_RUNTIME_REACHABILITY
native,700,c/saku/a/atk.dat,133,0,208,True,DECLARED_OPOINT_NOT_RUNTIME_REACHABILITY
native,700,c/saku/a/atk.dat,136,0,700,True,DECLARED_OPOINT_NOT_RUNTIME_REACHABILITY
native,11,c/sasu/sasu.dat,61,0,440,True,DECLARED_OPOINT_NOT_RUNTIME_REACHABILITY
native,11,c/sasu/sasu.dat,66,0,440,True,DECLARED_OPOINT_NOT_RUNTIME_REACHABILITY
native,11,c/sasu/sasu.dat,71,0,440,True,DECLARED_OPOINT_NOT_RUNTIME_REACHABILITY
native,11,c/sasu/sasu.dat,72,1,233,True,DECLARED_OPOINT_NOT_RUNTIME_REACHABILITY
native,11,c/sasu/sasu.dat,81,0,440,True,DECLARED_OPOINT_NOT_RUNTIME_REACHABILITY
native,11,c/sasu/sasu.dat,91,0,440,True,DECLARED_OPOINT_NOT_RUNTIME_REACHABILITY
native,11,c/sasu/sasu.dat,122,0,440,True,DECLARED_OPOINT_NOT_RUNTIME_REACHABILITY
native,11,c/sasu/sasu.dat,123,0,440,True,DECLARED_OPOINT_NOT_RUNTIME_REACHABILITY
native,11,c/sasu/sasu.dat,221,0,440,True,DECLARED_OPOINT_NOT_RUNTIME_REACHABILITY
native,11,c/sasu/sasu.dat,223,0,440,True,DECLARED_OPOINT_NOT_RUNTIME_REACHABILITY
native,11,c/sasu/sasu.dat,228,0,440,True,DECLARED_OPOINT_NOT_RUNTIME_REACHABILITY
native,11,c/sasu/sasu.dat,236,0,440,True,DECLARED_OPOINT_NOT_RUNTIME_REACHABILITY
native,11,c/sasu/sasu.dat,237,0,440,True,DECLARED_OPOINT_NOT_RUNTIME_REACHABILITY
native,11,c/sasu/sasu.dat,238,0,440,True,DECLARED_OPOINT_NOT_RUNTIME_REACHABILITY
native,11,c/sasu/sasu.dat,239,0,440,True,DECLARED_OPOINT_NOT_RUNTIME_REACHABILITY
native,11,c/sasu/sasu.dat,245,0,440,True,DECLARED_OPOINT_NOT_RUNTIME_REACHABILITY
native,11,c/sasu/sasu.dat,251,0,440,True,DECLARED_OPOINT_NOT_RUNTIME_REACHABILITY
native,11,c/sasu/sasu.dat,254,0,440,True,DECLARED_OPOINT_NOT_RUNTIME_REACHABILITY
native,11,c/sasu/sasu.dat,255,0,440,True,DECLARED_OPOINT_NOT_RUNTIME_REACHABILITY
native,11,c/sasu/sasu.dat,256,0,440,True,DECLARED_OPOINT_NOT_RUNTIME_REACHABILITY
native,11,c/sasu/sasu.dat,257,0,440,True,DECLARED_OPOINT_NOT_RUNTIME_REACHABILITY
native,11,c/sasu/sasu.dat,258,0,440,True,DECLARED_OPOINT_NOT_RUNTIME_REACHABILITY
native,11,c/sasu/sasu.dat,259,0,440,True,DECLARED_OPOINT_NOT_RUNTIME_REACHABILITY
native,11,c/sasu/sasu.dat,264,0,440,True,DECLARED_OPOINT_NOT_RUNTIME_REACHABILITY
native,11,c/sasu/sasu.dat,268,0,440,True,DECLARED_OPOINT_NOT_RUNTIME_REACHABILITY
native,11,c/sasu/sasu.dat,271,0,123,True,DECLARED_OPOINT_NOT_RUNTIME_REACHABILITY
native,11,c/sasu/sasu.dat,272,0,204,True,DECLARED_OPOINT_NOT_RUNTIME_REACHABILITY
native,11,c/sasu/sasu.dat,276,0,440,True,DECLARED_OPOINT_NOT_RUNTIME_REACHABILITY
native,11,c/sasu/sasu.dat,295,0,440,True,DECLARED_OPOINT_NOT_RUNTIME_REACHABILITY
native,11,c/sasu/sasu.dat,313,0,440,True,DECLARED_OPOINT_NOT_RUNTIME_REACHABILITY
native,11,c/sasu/sasu.dat,318,0,440,True,DECLARED_OPOINT_NOT_RUNTIME_REACHABILITY
native,11,c/sasu/sasu.dat,324,0,440,True,DECLARED_OPOINT_NOT_RUNTIME_REACHABILITY
native,11,c/sasu/sasu.dat,326,0,440,True,DECLARED_OPOINT_NOT_RUNTIME_REACHABILITY
native,11,c/sasu/sasu.dat,327,0,210,True,DECLARED_OPOINT_NOT_RUNTIME_REACHABILITY
native,11,c/sasu/sasu.dat,329,0,210,True,DECLARED_OPOINT_NOT_RUNTIME_REACHABILITY
native,11,c/sasu/sasu.dat,331,0,210,True,DECLARED_OPOINT_NOT_RUNTIME_REACHABILITY
native,11,c/sasu/sasu.dat,333,0,210,True,DECLARED_OPOINT_NOT_RUNTIME_REACHABILITY
native,11,c/sasu/sasu.dat,338,0,440,True,DECLARED_OPOINT_NOT_RUNTIME_REACHABILITY
native,11,c/sasu/sasu.dat,339,0,440,True,DECLARED_OPOINT_NOT_RUNTIME_REACHABILITY
native,11,c/sasu/sasu.dat,340,0,440,True,DECLARED_OPOINT_NOT_RUNTIME_REACHABILITY
native,11,c/sasu/sasu.dat,341,0,440,True,DECLARED_OPOINT_NOT_RUNTIME_REACHABILITY
native,11,c/sasu/sasu.dat,344,0,762,True,DECLARED_OPOINT_NOT_RUNTIME_REACHABILITY
native,11,c/sasu/sasu.dat,345,0,440,True,DECLARED_OPOINT_NOT_RUNTIME_REACHABILITY
native,11,c/sasu/sasu.dat,354,0,440,True,DECLARED_OPOINT_NOT_RUNTIME_REACHABILITY
native,11,c/sasu/sasu.dat,374,0,440,True,DECLARED_OPOINT_NOT_RUNTIME_REACHABILITY
native,11,c/sasu/sasu.dat,376,0,762,True,DECLARED_OPOINT_NOT_RUNTIME_REACHABILITY
native,11,c/sasu/sasu.dat,381,0,762,True,DECLARED_OPOINT_NOT_RUNTIME_REACHABILITY
native,11,c/sasu/sasu.dat,382,0,440,True,DECLARED_OPOINT_NOT_RUNTIME_REACHABILITY
native,11,c/sasu/sasu.dat,383,0,846,True,DECLARED_OPOINT_NOT_RUNTIME_REACHABILITY
native,11,c/sasu/sasu.dat,402,1,440,True,DECLARED_OPOINT_NOT_RUNTIME_REACHABILITY
native,11,c/sasu/sasu.dat,416,0,440,True,DECLARED_OPOINT_NOT_RUNTIME_REACHABILITY
native,11,c/sasu/sasu.dat,421,0,440,True,DECLARED_OPOINT_NOT_RUNTIME_REACHABILITY
native,11,c/sasu/sasu.dat,423,0,440,True,DECLARED_OPOINT_NOT_RUNTIME_REACHABILITY
native,11,c/sasu/sasu.dat,424,0,440,True,DECLARED_OPOINT_NOT_RUNTIME_REACHABILITY
native,11,c/sasu/sasu.dat,425,0,440,True,DECLARED_OPOINT_NOT_RUNTIME_REACHABILITY
native,11,c/sasu/sasu.dat,426,0,440,True,DECLARED_OPOINT_NOT_RUNTIME_REACHABILITY
native,11,c/sasu/sasu.dat,550,0,440,True,DECLARED_OPOINT_NOT_RUNTIME_REACHABILITY
native,11,c/sasu/sasu.dat,565,0,806,True,DECLARED_OPOINT_NOT_RUNTIME_REACHABILITY
native,11,c/sasu/sasu.dat,603,0,440,True,DECLARED_OPOINT_NOT_RUNTIME_REACHABILITY
native,11,c/sasu/sasu.dat,607,0,440,True,DECLARED_OPOINT_NOT_RUNTIME_REACHABILITY
native,11,c/sasu/sasu.dat,608,0,900,True,DECLARED_OPOINT_NOT_RUNTIME_REACHABILITY
native,11,c/sasu/sasu.dat,631,2,204,True,DECLARED_OPOINT_NOT_RUNTIME_REACHABILITY
native,11,c/sasu/sasu.dat,641,1,204,True,DECLARED_OPOINT_NOT_RUNTIME_REACHABILITY
native,38,c/sasu/cs2.dat,26,0,440,True,DECLARED_OPOINT_NOT_RUNTIME_REACHABILITY
native,38,c/sasu/cs2.dat,61,0,440,True,DECLARED_OPOINT_NOT_RUNTIME_REACHABILITY
native,38,c/sasu/cs2.dat,66,0,440,True,DECLARED_OPOINT_NOT_RUNTIME_REACHABILITY
native,38,c/sasu/cs2.dat,71,0,440,True,DECLARED_OPOINT_NOT_RUNTIME_REACHABILITY
native,38,c/sasu/cs2.dat,72,0,233,True,DECLARED_OPOINT_NOT_RUNTIME_REACHABILITY
native,38,c/sasu/cs2.dat,151,0,440,True,DECLARED_OPOINT_NOT_RUNTIME_REACHABILITY
native,38,c/sasu/cs2.dat,221,0,440,True,DECLARED_OPOINT_NOT_RUNTIME_REACHABILITY
native,38,c/sasu/cs2.dat,223,0,440,True,DECLARED_OPOINT_NOT_RUNTIME_REACHABILITY
native,38,c/sasu/cs2.dat,225,0,440,True,DECLARED_OPOINT_NOT_RUNTIME_REACHABILITY
native,38,c/sasu/cs2.dat,227,0,440,True,DECLARED_OPOINT_NOT_RUNTIME_REACHABILITY
native,38,c/sasu/cs2.dat,229,0,440,True,DECLARED_OPOINT_NOT_RUNTIME_REACHABILITY
native,38,c/sasu/cs2.dat,243,0,440,True,DECLARED_OPOINT_NOT_RUNTIME_REACHABILITY
native,38,c/sasu/cs2.dat,244,0,440,True,DECLARED_OPOINT_NOT_RUNTIME_REACHABILITY
native,38,c/sasu/cs2.dat,245,0,440,True,DECLARED_OPOINT_NOT_RUNTIME_REACHABILITY
native,38,c/sasu/cs2.dat,246,0,440,True,DECLARED_OPOINT_NOT_RUNTIME_REACHABILITY
native,38,c/sasu/cs2.dat,262,0,440,True,DECLARED_OPOINT_NOT_RUNTIME_REACHABILITY
native,38,c/sasu/cs2.dat,264,0,440,True,DECLARED_OPOINT_NOT_RUNTIME_REACHABILITY
native,38,c/sasu/cs2.dat,266,0,440,True,DECLARED_OPOINT_NOT_RUNTIME_REACHABILITY
native,38,c/sasu/cs2.dat,267,0,440,True,DECLARED_OPOINT_NOT_RUNTIME_REACHABILITY
native,38,c/sasu/cs2.dat,268,0,440,True,DECLARED_OPOINT_NOT_RUNTIME_REACHABILITY
native,38,c/sasu/cs2.dat,273,0,123,True,DECLARED_OPOINT_NOT_RUNTIME_REACHABILITY
native,38,c/sasu/cs2.dat,275,0,204,True,DECLARED_OPOINT_NOT_RUNTIME_REACHABILITY
native,38,c/sasu/cs2.dat,279,1,440,True,DECLARED_OPOINT_NOT_RUNTIME_REACHABILITY
native,38,c/sasu/cs2.dat,281,0,440,True,DECLARED_OPOINT_NOT_RUNTIME_REACHABILITY
native,38,c/sasu/cs2.dat,282,0,440,True,DECLARED_OPOINT_NOT_RUNTIME_REACHABILITY
native,38,c/sasu/cs2.dat,283,0,440,True,DECLARED_OPOINT_NOT_RUNTIME_REACHABILITY
native,38,c/sasu/cs2.dat,284,0,440,True,DECLARED_OPOINT_NOT_RUNTIME_REACHABILITY
native,38,c/sasu/cs2.dat,285,0,440,True,DECLARED_OPOINT_NOT_RUNTIME_REACHABILITY
native,38,c/sasu/cs2.dat,294,0,440,True,DECLARED_OPOINT_NOT_RUNTIME_REACHABILITY
native,38,c/sasu/cs2.dat,295,0,440,True,DECLARED_OPOINT_NOT_RUNTIME_REACHABILITY
native,38,c/sasu/cs2.dat,296,0,440,True,DECLARED_OPOINT_NOT_RUNTIME_REACHABILITY
native,38,c/sasu/cs2.dat,297,0,440,True,DECLARED_OPOINT_NOT_RUNTIME_REACHABILITY
native,38,c/sasu/cs2.dat,303,0,440,True,DECLARED_OPOINT_NOT_RUNTIME_REACHABILITY
native,38,c/sasu/cs2.dat,314,0,440,True,DECLARED_OPOINT_NOT_RUNTIME_REACHABILITY
native,38,c/sasu/cs2.dat,315,0,440,True,DECLARED_OPOINT_NOT_RUNTIME_REACHABILITY
native,38,c/sasu/cs2.dat,316,0,440,True,DECLARED_OPOINT_NOT_RUNTIME_REACHABILITY
native,38,c/sasu/cs2.dat,318,0,440,True,DECLARED_OPOINT_NOT_RUNTIME_REACHABILITY
native,38,c/sasu/cs2.dat,327,0,608,True,DECLARED_OPOINT_NOT_RUNTIME_REACHABILITY
native,38,c/sasu/cs2.dat,328,0,440,True,DECLARED_OPOINT_NOT_RUNTIME_REACHABILITY
native,38,c/sasu/cs2.dat,337,1,714,True,DECLARED_OPOINT_NOT_RUNTIME_REACHABILITY
native,38,c/sasu/cs2.dat,338,0,608,True,DECLARED_OPOINT_NOT_RUNTIME_REACHABILITY
native,38,c/sasu/cs2.dat,339,0,440,True,DECLARED_OPOINT_NOT_RUNTIME_REACHABILITY
native,38,c/sasu/cs2.dat,351,0,846,True,DECLARED_OPOINT_NOT_RUNTIME_REACHABILITY
native,38,c/sasu/cs2.dat,416,1,440,True,DECLARED_OPOINT_NOT_RUNTIME_REACHABILITY
native,38,c/sasu/cs2.dat,418,0,440,True,DECLARED_OPOINT_NOT_RUNTIME_REACHABILITY
native,38,c/sasu/cs2.dat,444,0,440,True,DECLARED_OPOINT_NOT_RUNTIME_REACHABILITY
native,38,c/sasu/cs2.dat,445,0,440,True,DECLARED_OPOINT_NOT_RUNTIME_REACHABILITY
native,38,c/sasu/cs2.dat,446,0,440,True,DECLARED_OPOINT_NOT_RUNTIME_REACHABILITY
native,38,c/sasu/cs2.dat,447,0,440,True,DECLARED_OPOINT_NOT_RUNTIME_REACHABILITY
native,38,c/sasu/cs2.dat,631,1,204,True,DECLARED_OPOINT_NOT_RUNTIME_REACHABILITY
native,38,c/sasu/cs2.dat,641,1,204,True,DECLARED_OPOINT_NOT_RUNTIME_REACHABILITY
native,98,c/sasu/mss.dat,21,0,440,True,DECLARED_OPOINT_NOT_RUNTIME_REACHABILITY
native,98,c/sasu/mss.dat,46,0,440,True,DECLARED_OPOINT_NOT_RUNTIME_REACHABILITY
native,98,c/sasu/mss.dat,53,0,440,True,DECLARED_OPOINT_NOT_RUNTIME_REACHABILITY
native,98,c/sasu/mss.dat,68,0,440,True,DECLARED_OPOINT_NOT_RUNTIME_REACHABILITY
native,98,c/sasu/mss.dat,69,1,440,True,DECLARED_OPOINT_NOT_RUNTIME_REACHABILITY
native,98,c/sasu/mss.dat,81,0,440,True,DECLARED_OPOINT_NOT_RUNTIME_REACHABILITY
native,98,c/sasu/mss.dat,83,0,440,True,DECLARED_OPOINT_NOT_RUNTIME_REACHABILITY
native,98,c/sasu/mss.dat,91,0,440,True,DECLARED_OPOINT_NOT_RUNTIME_REACHABILITY
native,98,c/sasu/mss.dat,92,0,806,True,DECLARED_OPOINT_NOT_RUNTIME_REACHABILITY
native,98,c/sasu/mss.dat,96,0,806,True,DECLARED_OPOINT_NOT_RUNTIME_REACHABILITY
native,98,c/sasu/mss.dat,103,0,440,True,DECLARED_OPOINT_NOT_RUNTIME_REACHABILITY
native,98,c/sasu/mss.dat,121,0,440,True,DECLARED_OPOINT_NOT_RUNTIME_REACHABILITY
native,98,c/sasu/mss.dat,122,0,440,True,DECLARED_OPOINT_NOT_RUNTIME_REACHABILITY
native,98,c/sasu/mss.dat,151,0,440,True,DECLARED_OPOINT_NOT_RUNTIME_REACHABILITY
native,98,c/sasu/mss.dat,163,1,440,True,DECLARED_OPOINT_NOT_RUNTIME_REACHABILITY
native,98,c/sasu/mss.dat,172,0,440,True,DECLARED_OPOINT_NOT_RUNTIME_REACHABILITY
native,98,c/sasu/mss.dat,175,0,806,True,DECLARED_OPOINT_NOT_RUNTIME_REACHABILITY
native,98,c/sasu/mss.dat,176,0,440,True,DECLARED_OPOINT_NOT_RUNTIME_REACHABILITY
native,98,c/sasu/mss.dat,177,1,806,True,DECLARED_OPOINT_NOT_RUNTIME_REACHABILITY
native,98,c/sasu/mss.dat,196,0,440,True,DECLARED_OPOINT_NOT_RUNTIME_REACHABILITY
native,98,c/sasu/mss.dat,211,0,440,True,DECLARED_OPOINT_NOT_RUNTIME_REACHABILITY
native,98,c/sasu/mss.dat,221,0,440,True,DECLARED_OPOINT_NOT_RUNTIME_REACHABILITY
native,98,c/sasu/mss.dat,223,0,440,True,DECLARED_OPOINT_NOT_RUNTIME_REACHABILITY
native,98,c/sasu/mss.dat,236,0,440,True,DECLARED_OPOINT_NOT_RUNTIME_REACHABILITY
native,98,c/sasu/mss.dat,244,0,846,True,DECLARED_OPOINT_NOT_RUNTIME_REACHABILITY
native,98,c/sasu/mss.dat,246,0,123,True,DECLARED_OPOINT_NOT_RUNTIME_REACHABILITY
native,98,c/sasu/mss.dat,247,0,204,True,DECLARED_OPOINT_NOT_RUNTIME_REACHABILITY
native,98,c/sasu/mss.dat,250,1,440,True,DECLARED_OPOINT_NOT_RUNTIME_REACHABILITY
native,98,c/sasu/mss.dat,253,0,440,True,DECLARED_OPOINT_NOT_RUNTIME_REACHABILITY
native,98,c/sasu/mss.dat,258,0,440,True,DECLARED_OPOINT_NOT_RUNTIME_REACHABILITY
native,98,c/sasu/mss.dat,272,0,211,True,DECLARED_OPOINT_NOT_RUNTIME_REACHABILITY
native,98,c/sasu/mss.dat,273,0,211,True,DECLARED_OPOINT_NOT_RUNTIME_REACHABILITY
native,98,c/sasu/mss.dat,274,0,211,True,DECLARED_OPOINT_NOT_RUNTIME_REACHABILITY
native,98,c/sasu/mss.dat,275,0,211,True,DECLARED_OPOINT_NOT_RUNTIME_REACHABILITY
native,98,c/sasu/mss.dat,276,0,211,True,DECLARED_OPOINT_NOT_RUNTIME_REACHABILITY
native,98,c/sasu/mss.dat,281,0,440,True,DECLARED_OPOINT_NOT_RUNTIME_REACHABILITY
native,98,c/sasu/mss.dat,282,0,605,True,DECLARED_OPOINT_NOT_RUNTIME_REACHABILITY
native,98,c/sasu/mss.dat,283,0,605,True,DECLARED_OPOINT_NOT_RUNTIME_REACHABILITY
native,98,c/sasu/mss.dat,284,0,605,True,DECLARED_OPOINT_NOT_RUNTIME_REACHABILITY
native,98,c/sasu/mss.dat,296,0,440,True,DECLARED_OPOINT_NOT_RUNTIME_REACHABILITY
native,98,c/sasu/mss.dat,298,0,425,True,DECLARED_OPOINT_NOT_RUNTIME_REACHABILITY
native,98,c/sasu/mss.dat,309,0,440,True,DECLARED_OPOINT_NOT_RUNTIME_REACHABILITY
native,98,c/sasu/mss.dat,310,0,210,True,DECLARED_OPOINT_NOT_RUNTIME_REACHABILITY
native,98,c/sasu/mss.dat,312,0,210,True,DECLARED_OPOINT_NOT_RUNTIME_REACHABILITY
native,98,c/sasu/mss.dat,314,0,210,True,DECLARED_OPOINT_NOT_RUNTIME_REACHABILITY
native,98,c/sasu/mss.dat,316,0,210,True,DECLARED_OPOINT_NOT_RUNTIME_REACHABILITY
native,98,c/sasu/mss.dat,331,0,806,True,DECLARED_OPOINT_NOT_RUNTIME_REACHABILITY
native,98,c/sasu/mss.dat,332,0,806,True,DECLARED_OPOINT_NOT_RUNTIME_REACHABILITY
native,98,c/sasu/mss.dat,333,0,806,True,DECLARED_OPOINT_NOT_RUNTIME_REACHABILITY
native,98,c/sasu/mss.dat,335,0,440,True,DECLARED_OPOINT_NOT_RUNTIME_REACHABILITY
native,98,c/sasu/mss.dat,341,0,440,True,DECLARED_OPOINT_NOT_RUNTIME_REACHABILITY
native,98,c/sasu/mss.dat,343,0,204,True,DECLARED_OPOINT_NOT_RUNTIME_REACHABILITY
native,98,c/sasu/mss.dat,352,0,210,True,DECLARED_OPOINT_NOT_RUNTIME_REACHABILITY
native,98,c/sasu/mss.dat,353,0,210,True,DECLARED_OPOINT_NOT_RUNTIME_REACHABILITY
native,98,c/sasu/mss.dat,363,0,608,True,DECLARED_OPOINT_NOT_RUNTIME_REACHABILITY
native,98,c/sasu/mss.dat,364,0,440,True,DECLARED_OPOINT_NOT_RUNTIME_REACHABILITY
native,98,c/sasu/mss.dat,367,0,714,True,DECLARED_OPOINT_NOT_RUNTIME_REACHABILITY
native,98,c/sasu/mss.dat,368,0,608,True,DECLARED_OPOINT_NOT_RUNTIME_REACHABILITY
native,98,c/sasu/mss.dat,369,0,440,True,DECLARED_OPOINT_NOT_RUNTIME_REACHABILITY
native,98,c/sasu/mss.dat,379,0,440,True,DECLARED_OPOINT_NOT_RUNTIME_REACHABILITY
native,98,c/sasu/mss.dat,381,0,806,True,DECLARED_OPOINT_NOT_RUNTIME_REACHABILITY
native,98,c/sasu/mss.dat,382,0,806,True,DECLARED_OPOINT_NOT_RUNTIME_REACHABILITY
native,98,c/sasu/mss.dat,383,0,806,True,DECLARED_OPOINT_NOT_RUNTIME_REACHABILITY
native,98,c/sasu/mss.dat,387,0,806,True,DECLARED_OPOINT_NOT_RUNTIME_REACHABILITY
native,98,c/sasu/mss.dat,388,0,806,True,DECLARED_OPOINT_NOT_RUNTIME_REACHABILITY
native,98,c/sasu/mss.dat,400,0,806,True,DECLARED_OPOINT_NOT_RUNTIME_REACHABILITY
native,98,c/sasu/mss.dat,466,0,440,True,DECLARED_OPOINT_NOT_RUNTIME_REACHABILITY
native,98,c/sasu/mss.dat,468,0,806,True,DECLARED_OPOINT_NOT_RUNTIME_REACHABILITY
native,98,c/sasu/mss.dat,472,0,440,True,DECLARED_OPOINT_NOT_RUNTIME_REACHABILITY
native,98,c/sasu/mss.dat,550,0,440,True,DECLARED_OPOINT_NOT_RUNTIME_REACHABILITY
native,98,c/sasu/mss.dat,565,0,806,True,DECLARED_OPOINT_NOT_RUNTIME_REACHABILITY
native,98,c/sasu/mss.dat,603,0,440,True,DECLARED_OPOINT_NOT_RUNTIME_REACHABILITY
native,98,c/sasu/mss.dat,607,0,440,True,DECLARED_OPOINT_NOT_RUNTIME_REACHABILITY
native,98,c/sasu/mss.dat,608,0,900,True,DECLARED_OPOINT_NOT_RUNTIME_REACHABILITY
native,98,c/sasu/mss.dat,631,1,204,True,DECLARED_OPOINT_NOT_RUNTIME_REACHABILITY
native,98,c/sasu/mss.dat,641,1,204,True,DECLARED_OPOINT_NOT_RUNTIME_REACHABILITY
native,87,c/sasu/sus.dat,46,0,440,True,DECLARED_OPOINT_NOT_RUNTIME_REACHABILITY
native,87,c/sasu/sus.dat,53,0,440,True,DECLARED_OPOINT_NOT_RUNTIME_REACHABILITY
native,87,c/sasu/sus.dat,211,0,440,True,DECLARED_OPOINT_NOT_RUNTIME_REACHABILITY
native,87,c/sasu/sus.dat,221,0,440,True,DECLARED_OPOINT_NOT_RUNTIME_REACHABILITY
native,87,c/sasu/sus.dat,223,0,440,True,DECLARED_OPOINT_NOT_RUNTIME_REACHABILITY
native,425,c/sasu/a/gen.dat,52,0,714,True,DECLARED_OPOINT_NOT_RUNTIME_REACHABILITY
native,425,c/sasu/a/gen.dat,53,0,440,True,DECLARED_OPOINT_NOT_RUNTIME_REACHABILITY
native,425,c/sasu/a/gen.dat,54,0,440,True,DECLARED_OPOINT_NOT_RUNTIME_REACHABILITY
native,440,c/sasu/a/chi.dat,76,0,714,True,DECLARED_OPOINT_NOT_RUNTIME_REACHABILITY
native,440,c/sasu/a/chi.dat,102,0,440,True,DECLARED_OPOINT_NOT_RUNTIME_REACHABILITY
native,440,c/sasu/a/chi.dat,222,0,440,True,DECLARED_OPOINT_NOT_RUNTIME_REACHABILITY
native,440,c/sasu/a/chi.dat,258,0,211,True,DECLARED_OPOINT_NOT_RUNTIME_REACHABILITY
native,440,c/sasu/a/chi.dat,259,0,440,True,DECLARED_OPOINT_NOT_RUNTIME_REACHABILITY
native,440,c/sasu/a/chi.dat,260,0,440,True,DECLARED_OPOINT_NOT_RUNTIME_REACHABILITY
native,440,c/sasu/a/chi.dat,262,0,229,True,DECLARED_OPOINT_NOT_RUNTIME_REACHABILITY
native,440,c/sasu/a/chi.dat,263,0,211,True,DECLARED_OPOINT_NOT_RUNTIME_REACHABILITY
native,440,c/sasu/a/chi.dat,265,0,211,True,DECLARED_OPOINT_NOT_RUNTIME_REACHABILITY
native,440,c/sasu/a/chi.dat,266,0,211,True,DECLARED_OPOINT_NOT_RUNTIME_REACHABILITY
native,440,c/sasu/a/chi.dat,267,0,211,True,DECLARED_OPOINT_NOT_RUNTIME_REACHABILITY
native,440,c/sasu/a/chi.dat,269,0,211,True,DECLARED_OPOINT_NOT_RUNTIME_REACHABILITY
native,440,c/sasu/a/chi.dat,270,0,211,True,DECLARED_OPOINT_NOT_RUNTIME_REACHABILITY
native,440,c/sasu/a/chi.dat,401,0,706,True,DECLARED_OPOINT_NOT_RUNTIME_REACHABILITY
native,440,c/sasu/a/chi.dat,403,0,706,True,DECLARED_OPOINT_NOT_RUNTIME_REACHABILITY
native,440,c/sasu/a/chi.dat,406,0,706,True,DECLARED_OPOINT_NOT_RUNTIME_REACHABILITY
native,806,c/sasu/a/mss.dat,16,0,806,True,DECLARED_OPOINT_NOT_RUNTIME_REACHABILITY
native,806,c/sasu/a/mss.dat,17,0,806,True,DECLARED_OPOINT_NOT_RUNTIME_REACHABILITY
native,806,c/sasu/a/mss.dat,61,0,806,True,DECLARED_OPOINT_NOT_RUNTIME_REACHABILITY
native,806,c/sasu/a/mss.dat,62,0,806,True,DECLARED_OPOINT_NOT_RUNTIME_REACHABILITY
native,806,c/sasu/a/mss.dat,63,0,806,True,DECLARED_OPOINT_NOT_RUNTIME_REACHABILITY
native,806,c/sasu/a/mss.dat,64,0,806,True,DECLARED_OPOINT_NOT_RUNTIME_REACHABILITY
native,806,c/sasu/a/mss.dat,296,0,806,True,DECLARED_OPOINT_NOT_RUNTIME_REACHABILITY
native,4,c/sai/sai.dat,59,0,207,True,DECLARED_OPOINT_NOT_RUNTIME_REACHABILITY
native,4,c/sai/sai.dat,66,0,207,True,DECLARED_OPOINT_NOT_RUNTIME_REACHABILITY
native,4,c/sai/sai.dat,68,0,207,True,DECLARED_OPOINT_NOT_RUNTIME_REACHABILITY
native,4,c/sai/sai.dat,236,0,207,True,DECLARED_OPOINT_NOT_RUNTIME_REACHABILITY
native,4,c/sai/sai.dat,239,0,207,True,DECLARED_OPOINT_NOT_RUNTIME_REACHABILITY
native,4,c/sai/sai.dat,245,0,207,True,DECLARED_OPOINT_NOT_RUNTIME_REACHABILITY
native,4,c/sai/sai.dat,246,0,207,True,DECLARED_OPOINT_NOT_RUNTIME_REACHABILITY
native,4,c/sai/sai.dat,258,0,207,True,DECLARED_OPOINT_NOT_RUNTIME_REACHABILITY
native,4,c/sai/sai.dat,259,0,207,True,DECLARED_OPOINT_NOT_RUNTIME_REACHABILITY
native,4,c/sai/sai.dat,260,0,207,True,DECLARED_OPOINT_NOT_RUNTIME_REACHABILITY
native,4,c/sai/sai.dat,261,0,207,True,DECLARED_OPOINT_NOT_RUNTIME_REACHABILITY
native,4,c/sai/sai.dat,271,0,123,True,DECLARED_OPOINT_NOT_RUNTIME_REACHABILITY
native,4,c/sai/sai.dat,272,0,204,True,DECLARED_OPOINT_NOT_RUNTIME_REACHABILITY
native,4,c/sai/sai.dat,296,0,207,True,DECLARED_OPOINT_NOT_RUNTIME_REACHABILITY
native,4,c/sai/sai.dat,298,0,207,True,DECLARED_OPOINT_NOT_RUNTIME_REACHABILITY
native,4,c/sai/sai.dat,306,0,207,True,DECLARED_OPOINT_NOT_RUNTIME_REACHABILITY
native,4,c/sai/sai.dat,307,0,207,True,DECLARED_OPOINT_NOT_RUNTIME_REACHABILITY
native,4,c/sai/sai.dat,308,0,207,True,DECLARED_OPOINT_NOT_RUNTIME_REACHABILITY
native,4,c/sai/sai.dat,309,0,207,True,DECLARED_OPOINT_NOT_RUNTIME_REACHABILITY
native,4,c/sai/sai.dat,312,0,207,True,DECLARED_OPOINT_NOT_RUNTIME_REACHABILITY
native,4,c/sai/sai.dat,313,0,207,True,DECLARED_OPOINT_NOT_RUNTIME_REACHABILITY
native,4,c/sai/sai.dat,314,0,207,True,DECLARED_OPOINT_NOT_RUNTIME_REACHABILITY
native,4,c/sai/sai.dat,315,0,207,True,DECLARED_OPOINT_NOT_RUNTIME_REACHABILITY
native,4,c/sai/sai.dat,316,0,207,True,DECLARED_OPOINT_NOT_RUNTIME_REACHABILITY
native,4,c/sai/sai.dat,317,0,207,True,DECLARED_OPOINT_NOT_RUNTIME_REACHABILITY
native,4,c/sai/sai.dat,318,0,207,True,DECLARED_OPOINT_NOT_RUNTIME_REACHABILITY
native,4,c/sai/sai.dat,319,0,207,True,DECLARED_OPOINT_NOT_RUNTIME_REACHABILITY
native,4,c/sai/sai.dat,320,0,207,True,DECLARED_OPOINT_NOT_RUNTIME_REACHABILITY
native,4,c/sai/sai.dat,321,0,207,True,DECLARED_OPOINT_NOT_RUNTIME_REACHABILITY
native,4,c/sai/sai.dat,322,0,207,True,DECLARED_OPOINT_NOT_RUNTIME_REACHABILITY
native,4,c/sai/sai.dat,323,0,207,True,DECLARED_OPOINT_NOT_RUNTIME_REACHABILITY
native,4,c/sai/sai.dat,334,0,207,True,DECLARED_OPOINT_NOT_RUNTIME_REACHABILITY
native,4,c/sai/sai.dat,335,0,207,True,DECLARED_OPOINT_NOT_RUNTIME_REACHABILITY
native,4,c/sai/sai.dat,336,0,207,True,DECLARED_OPOINT_NOT_RUNTIME_REACHABILITY
native,4,c/sai/sai.dat,361,0,207,True,DECLARED_OPOINT_NOT_RUNTIME_REACHABILITY
native,4,c/sai/sai.dat,362,0,204,True,DECLARED_OPOINT_NOT_RUNTIME_REACHABILITY
native,4,c/sai/sai.dat,363,0,204,True,DECLARED_OPOINT_NOT_RUNTIME_REACHABILITY
native,4,c/sai/sai.dat,353,0,207,True,DECLARED_OPOINT_NOT_RUNTIME_REACHABILITY
native,4,c/sai/sai.dat,365,0,207,True,DECLARED_OPOINT_NOT_RUNTIME_REACHABILITY
native,4,c/sai/sai.dat,371,0,207,True,DECLARED_OPOINT_NOT_RUNTIME_REACHABILITY
native,4,c/sai/sai.dat,372,0,207,True,DECLARED_OPOINT_NOT_RUNTIME_REACHABILITY
native,4,c/sai/sai.dat,373,0,207,True,DECLARED_OPOINT_NOT_RUNTIME_REACHABILITY
native,4,c/sai/sai.dat,375,0,207,True,DECLARED_OPOINT_NOT_RUNTIME_REACHABILITY
native,4,c/sai/sai.dat,376,0,207,True,DECLARED_OPOINT_NOT_RUNTIME_REACHABILITY
native,4,c/sai/sai.dat,377,0,207,True,DECLARED_OPOINT_NOT_RUNTIME_REACHABILITY
native,4,c/sai/sai.dat,379,0,207,True,DECLARED_OPOINT_NOT_RUNTIME_REACHABILITY
native,4,c/sai/sai.dat,380,0,207,True,DECLARED_OPOINT_NOT_RUNTIME_REACHABILITY
native,4,c/sai/sai.dat,407,0,207,True,DECLARED_OPOINT_NOT_RUNTIME_REACHABILITY
native,4,c/sai/sai.dat,408,0,207,True,DECLARED_OPOINT_NOT_RUNTIME_REACHABILITY
native,4,c/sai/sai.dat,409,0,207,True,DECLARED_OPOINT_NOT_RUNTIME_REACHABILITY
native,4,c/sai/sai.dat,451,0,207,True,DECLARED_OPOINT_NOT_RUNTIME_REACHABILITY
native,4,c/sai/sai.dat,452,0,211,True,DECLARED_OPOINT_NOT_RUNTIME_REACHABILITY
native,4,c/sai/sai.dat,461,0,207,True,DECLARED_OPOINT_NOT_RUNTIME_REACHABILITY
native,4,c/sai/sai.dat,462,0,207,True,DECLARED_OPOINT_NOT_RUNTIME_REACHABILITY
native,4,c/sai/sai.dat,463,0,207,True,DECLARED_OPOINT_NOT_RUNTIME_REACHABILITY
native,4,c/sai/sai.dat,464,0,207,True,DECLARED_OPOINT_NOT_RUNTIME_REACHABILITY
native,4,c/sai/sai.dat,465,0,207,True,DECLARED_OPOINT_NOT_RUNTIME_REACHABILITY
native,4,c/sai/sai.dat,466,0,207,True,DECLARED_OPOINT_NOT_RUNTIME_REACHABILITY
native,4,c/sai/sai.dat,467,0,207,True,DECLARED_OPOINT_NOT_RUNTIME_REACHABILITY
native,4,c/sai/sai.dat,476,0,207,True,DECLARED_OPOINT_NOT_RUNTIME_REACHABILITY
native,4,c/sai/sai.dat,477,0,207,True,DECLARED_OPOINT_NOT_RUNTIME_REACHABILITY
native,4,c/sai/sai.dat,631,1,204,True,DECLARED_OPOINT_NOT_RUNTIME_REACHABILITY
native,4,c/sai/sai.dat,641,1,204,True,DECLARED_OPOINT_NOT_RUNTIME_REACHABILITY
native,4,c/sai/sai.dat,666,0,207,True,DECLARED_OPOINT_NOT_RUNTIME_REACHABILITY
native,207,c/sai/a/ink.dat,71,0,207,True,DECLARED_OPOINT_NOT_RUNTIME_REACHABILITY
native,207,c/sai/a/ink.dat,97,0,207,True,DECLARED_OPOINT_NOT_RUNTIME_REACHABILITY
native,207,c/sai/a/ink.dat,281,0,207,True,DECLARED_OPOINT_NOT_RUNTIME_REACHABILITY
native,207,c/sai/a/ink.dat,283,0,207,True,DECLARED_OPOINT_NOT_RUNTIME_REACHABILITY
native,207,c/sai/a/ink.dat,309,0,208,True,DECLARED_OPOINT_NOT_RUNTIME_REACHABILITY
native,207,c/sai/a/ink.dat,310,0,207,True,DECLARED_OPOINT_NOT_RUNTIME_REACHABILITY
native,207,c/sai/a/ink.dat,311,0,207,True,DECLARED_OPOINT_NOT_RUNTIME_REACHABILITY
native,207,c/sai/a/ink.dat,312,0,207,True,DECLARED_OPOINT_NOT_RUNTIME_REACHABILITY
native,207,c/sai/a/ink.dat,313,0,207,True,DECLARED_OPOINT_NOT_RUNTIME_REACHABILITY
native,207,c/sai/a/ink.dat,314,0,207,True,DECLARED_OPOINT_NOT_RUNTIME_REACHABILITY
native,207,c/sai/a/ink.dat,315,0,207,True,DECLARED_OPOINT_NOT_RUNTIME_REACHABILITY
native,207,c/sai/a/ink.dat,316,0,207,True,DECLARED_OPOINT_NOT_RUNTIME_REACHABILITY
native,207,c/sai/a/ink.dat,317,0,207,True,DECLARED_OPOINT_NOT_RUNTIME_REACHABILITY
native,207,c/sai/a/ink.dat,401,0,207,True,DECLARED_OPOINT_NOT_RUNTIME_REACHABILITY
native,207,c/sai/a/ink.dat,402,0,207,True,DECLARED_OPOINT_NOT_RUNTIME_REACHABILITY
native,207,c/sai/a/ink.dat,403,0,207,True,DECLARED_OPOINT_NOT_RUNTIME_REACHABILITY
native,207,c/sai/a/ink.dat,404,0,207,True,DECLARED_OPOINT_NOT_RUNTIME_REACHABILITY
native,207,c/sai/a/ink.dat,411,0,207,True,DECLARED_OPOINT_NOT_RUNTIME_REACHABILITY
native,207,c/sai/a/ink.dat,412,0,207,True,DECLARED_OPOINT_NOT_RUNTIME_REACHABILITY
native,207,c/sai/a/ink.dat,413,0,207,True,DECLARED_OPOINT_NOT_RUNTIME_REACHABILITY
native,207,c/sai/a/ink.dat,414,0,207,True,DECLARED_OPOINT_NOT_RUNTIME_REACHABILITY
native,3,c/kaka/kaka.dat,31,0,703,True,DECLARED_OPOINT_NOT_RUNTIME_REACHABILITY
native,3,c/kaka/kaka.dat,32,0,707,True,DECLARED_OPOINT_NOT_RUNTIME_REACHABILITY
native,3,c/kaka/kaka.dat,46,0,707,True,DECLARED_OPOINT_NOT_RUNTIME_REACHABILITY
native,3,c/kaka/kaka.dat,58,0,204,True,DECLARED_OPOINT_NOT_RUNTIME_REACHABILITY
native,3,c/kaka/kaka.dat,61,0,707,True,DECLARED_OPOINT_NOT_RUNTIME_REACHABILITY
native,3,c/kaka/kaka.dat,66,0,707,True,DECLARED_OPOINT_NOT_RUNTIME_REACHABILITY
native,3,c/kaka/kaka.dat,71,0,707,True,DECLARED_OPOINT_NOT_RUNTIME_REACHABILITY
native,3,c/kaka/kaka.dat,87,0,707,True,DECLARED_OPOINT_NOT_RUNTIME_REACHABILITY
native,3,c/kaka/kaka.dat,89,0,703,True,DECLARED_OPOINT_NOT_RUNTIME_REACHABILITY
native,3,c/kaka/kaka.dat,122,0,707,True,DECLARED_OPOINT_NOT_RUNTIME_REACHABILITY
native,3,c/kaka/kaka.dat,221,0,707,True,DECLARED_OPOINT_NOT_RUNTIME_REACHABILITY
native,3,c/kaka/kaka.dat,223,0,707,True,DECLARED_OPOINT_NOT_RUNTIME_REACHABILITY
native,3,c/kaka/kaka.dat,256,0,714,True,DECLARED_OPOINT_NOT_RUNTIME_REACHABILITY
native,3,c/kaka/kaka.dat,257,0,212,True,DECLARED_OPOINT_NOT_RUNTIME_REACHABILITY
native,3,c/kaka/kaka.dat,266,1,707,True,DECLARED_OPOINT_NOT_RUNTIME_REACHABILITY
native,3,c/kaka/kaka.dat,267,1,707,True,DECLARED_OPOINT_NOT_RUNTIME_REACHABILITY
native,3,c/kaka/kaka.dat,268,1,707,True,DECLARED_OPOINT_NOT_RUNTIME_REACHABILITY
native,3,c/kaka/kaka.dat,271,0,123,True,DECLARED_OPOINT_NOT_RUNTIME_REACHABILITY
native,3,c/kaka/kaka.dat,272,0,204,True,DECLARED_OPOINT_NOT_RUNTIME_REACHABILITY
native,3,c/kaka/kaka.dat,323,0,808,True,DECLARED_OPOINT_NOT_RUNTIME_REACHABILITY
native,3,c/kaka/kaka.dat,327,0,707,True,DECLARED_OPOINT_NOT_RUNTIME_REACHABILITY
native,3,c/kaka/kaka.dat,328,0,816,True,DECLARED_OPOINT_NOT_RUNTIME_REACHABILITY
native,3,c/kaka/kaka.dat,336,0,706,True,DECLARED_OPOINT_NOT_RUNTIME_REACHABILITY
native,3,c/kaka/kaka.dat,338,0,707,True,DECLARED_OPOINT_NOT_RUNTIME_REACHABILITY
native,3,c/kaka/kaka.dat,356,0,707,True,DECLARED_OPOINT_NOT_RUNTIME_REACHABILITY
native,3,c/kaka/kaka.dat,360,0,707,True,DECLARED_OPOINT_NOT_RUNTIME_REACHABILITY
native,3,c/kaka/kaka.dat,384,0,719,True,DECLARED_OPOINT_NOT_RUNTIME_REACHABILITY
native,3,c/kaka/kaka.dat,385,0,707,True,DECLARED_OPOINT_NOT_RUNTIME_REACHABILITY
native,3,c/kaka/kaka.dat,391,0,120,True,DECLARED_OPOINT_NOT_RUNTIME_REACHABILITY
native,3,c/kaka/kaka.dat,393,0,121,True,DECLARED_OPOINT_NOT_RUNTIME_REACHABILITY
native,3,c/kaka/kaka.dat,498,1,707,True,DECLARED_OPOINT_NOT_RUNTIME_REACHABILITY
native,3,c/kaka/kaka.dat,502,0,707,True,DECLARED_OPOINT_NOT_RUNTIME_REACHABILITY
native,3,c/kaka/kaka.dat,506,0,707,True,DECLARED_OPOINT_NOT_RUNTIME_REACHABILITY
native,3,c/kaka/kaka.dat,507,0,816,True,DECLARED_OPOINT_NOT_RUNTIME_REACHABILITY
native,3,c/kaka/kaka.dat,522,0,707,True,DECLARED_OPOINT_NOT_RUNTIME_REACHABILITY
native,3,c/kaka/kaka.dat,536,0,706,True,DECLARED_OPOINT_NOT_RUNTIME_REACHABILITY
native,3,c/kaka/kaka.dat,538,0,707,True,DECLARED_OPOINT_NOT_RUNTIME_REACHABILITY
native,3,c/kaka/kaka.dat,547,0,204,True,DECLARED_OPOINT_NOT_RUNTIME_REACHABILITY
native,3,c/kaka/kaka.dat,548,0,721,True,DECLARED_OPOINT_NOT_RUNTIME_REACHABILITY
native,3,c/kaka/kaka.dat,582,1,707,True,DECLARED_OPOINT_NOT_RUNTIME_REACHABILITY
native,3,c/kaka/kaka.dat,603,0,707,True,DECLARED_OPOINT_NOT_RUNTIME_REACHABILITY
native,3,c/kaka/kaka.dat,607,0,707,True,DECLARED_OPOINT_NOT_RUNTIME_REACHABILITY
native,3,c/kaka/kaka.dat,608,1,900,True,DECLARED_OPOINT_NOT_RUNTIME_REACHABILITY
native,3,c/kaka/kaka.dat,631,1,204,True,DECLARED_OPOINT_NOT_RUNTIME_REACHABILITY
native,3,c/kaka/kaka.dat,641,1,204,True,DECLARED_OPOINT_NOT_RUNTIME_REACHABILITY
native,3,c/kaka/kaka.dat,666,0,707,True,DECLARED_OPOINT_NOT_RUNTIME_REACHABILITY
native,721,c/kaka/pak.dat,300,0,204,True,DECLARED_OPOINT_NOT_RUNTIME_REACHABILITY
native,707,c/kaka/a/rai.dat,2,0,707,True,DECLARED_OPOINT_NOT_RUNTIME_REACHABILITY
native,707,c/kaka/a/rai.dat,44,0,707,True,DECLARED_OPOINT_NOT_RUNTIME_REACHABILITY
native,707,c/kaka/a/rai.dat,51,0,707,True,DECLARED_OPOINT_NOT_RUNTIME_REACHABILITY
native,707,c/kaka/a/rai.dat,52,0,707,True,DECLARED_OPOINT_NOT_RUNTIME_REACHABILITY
native,707,c/kaka/a/rai.dat,71,0,707,True,DECLARED_OPOINT_NOT_RUNTIME_REACHABILITY
native,707,c/kaka/a/rai.dat,74,0,707,True,DECLARED_OPOINT_NOT_RUNTIME_REACHABILITY
native,707,c/kaka/a/rai.dat,76,0,707,True,DECLARED_OPOINT_NOT_RUNTIME_REACHABILITY
native,707,c/kaka/a/rai.dat,77,0,707,True,DECLARED_OPOINT_NOT_RUNTIME_REACHABILITY
native,707,c/kaka/a/rai.dat,84,0,204,True,DECLARED_OPOINT_NOT_RUNTIME_REACHABILITY
native,707,c/kaka/a/rai.dat,91,0,707,True,DECLARED_OPOINT_NOT_RUNTIME_REACHABILITY
native,707,c/kaka/a/rai.dat,93,0,204,True,DECLARED_OPOINT_NOT_RUNTIME_REACHABILITY
native,707,c/kaka/a/rai.dat,98,0,707,True,DECLARED_OPOINT_NOT_RUNTIME_REACHABILITY
native,707,c/kaka/a/rai.dat,103,0,204,True,DECLARED_OPOINT_NOT_RUNTIME_REACHABILITY
native,707,c/kaka/a/rai.dat,107,0,707,True,DECLARED_OPOINT_NOT_RUNTIME_REACHABILITY
native,707,c/kaka/a/rai.dat,113,0,204,True,DECLARED_OPOINT_NOT_RUNTIME_REACHABILITY
native,707,c/kaka/a/rai.dat,119,0,707,True,DECLARED_OPOINT_NOT_RUNTIME_REACHABILITY
native,707,c/kaka/a/rai.dat,123,0,204,True,DECLARED_OPOINT_NOT_RUNTIME_REACHABILITY
native,707,c/kaka/a/rai.dat,128,0,204,True,DECLARED_OPOINT_NOT_RUNTIME_REACHABILITY
native,707,c/kaka/a/rai.dat,173,0,707,True,DECLARED_OPOINT_NOT_RUNTIME_REACHABILITY
native,707,c/kaka/a/rai.dat,234,0,707,True,DECLARED_OPOINT_NOT_RUNTIME_REACHABILITY
native,707,c/kaka/a/rai.dat,302,0,707,True,DECLARED_OPOINT_NOT_RUNTIME_REACHABILITY
native,707,c/kaka/a/rai.dat,303,0,707,True,DECLARED_OPOINT_NOT_RUNTIME_REACHABILITY
native,707,c/kaka/a/rai.dat,315,0,706,True,DECLARED_OPOINT_NOT_RUNTIME_REACHABILITY
native,707,c/kaka/a/rai.dat,316,0,706,True,DECLARED_OPOINT_NOT_RUNTIME_REACHABILITY
native,707,c/kaka/a/rai.dat,402,0,707,True,DECLARED_OPOINT_NOT_RUNTIME_REACHABILITY
native,707,c/kaka/a/rai.dat,404,0,707,True,DECLARED_OPOINT_NOT_RUNTIME_REACHABILITY
native,707,c/kaka/a/rai.dat,407,0,707,True,DECLARED_OPOINT_NOT_RUNTIME_REACHABILITY
native,707,c/kaka/a/rai.dat,409,0,707,True,DECLARED_OPOINT_NOT_RUNTIME_REACHABILITY
native,707,c/kaka/a/rai.dat,412,0,707,True,DECLARED_OPOINT_NOT_RUNTIME_REACHABILITY
native,707,c/kaka/a/rai.dat,414,0,707,True,DECLARED_OPOINT_NOT_RUNTIME_REACHABILITY
native,707,c/kaka/a/rai.dat,417,0,707,True,DECLARED_OPOINT_NOT_RUNTIME_REACHABILITY
native,707,c/kaka/a/rai.dat,419,0,707,True,DECLARED_OPOINT_NOT_RUNTIME_REACHABILITY
native,707,c/kaka/a/rai.dat,422,0,707,True,DECLARED_OPOINT_NOT_RUNTIME_REACHABILITY
native,707,c/kaka/a/rai.dat,424,0,707,True,DECLARED_OPOINT_NOT_RUNTIME_REACHABILITY
native,707,c/kaka/a/rai.dat,427,0,707,True,DECLARED_OPOINT_NOT_RUNTIME_REACHABILITY
native,707,c/kaka/a/rai.dat,429,0,707,True,DECLARED_OPOINT_NOT_RUNTIME_REACHABILITY
native,707,c/kaka/a/rai.dat,450,0,208,True,DECLARED_OPOINT_NOT_RUNTIME_REACHABILITY
native,707,c/kaka/a/rai.dat,451,0,208,True,DECLARED_OPOINT_NOT_RUNTIME_REACHABILITY
native,707,c/kaka/a/rai.dat,452,0,208,True,DECLARED_OPOINT_NOT_RUNTIME_REACHABILITY
native,707,c/kaka/a/rai.dat,453,0,208,True,DECLARED_OPOINT_NOT_RUNTIME_REACHABILITY
native,707,c/kaka/a/rai.dat,454,0,208,True,DECLARED_OPOINT_NOT_RUNTIME_REACHABILITY
native,707,c/kaka/a/rai.dat,455,0,208,True,DECLARED_OPOINT_NOT_RUNTIME_REACHABILITY
native,707,c/kaka/a/rai.dat,456,0,208,True,DECLARED_OPOINT_NOT_RUNTIME_REACHABILITY
native,707,c/kaka/a/rai.dat,469,0,707,True,DECLARED_OPOINT_NOT_RUNTIME_REACHABILITY
native,707,c/kaka/a/rai.dat,479,0,707,True,DECLARED_OPOINT_NOT_RUNTIME_REACHABILITY
native,707,c/kaka/a/rai.dat,490,0,900,True,DECLARED_OPOINT_NOT_RUNTIME_REACHABILITY
native,707,c/kaka/a/rai.dat,501,0,204,True,DECLARED_OPOINT_NOT_RUNTIME_REACHABILITY
native,707,c/kaka/a/rai.dat,502,0,707,True,DECLARED_OPOINT_NOT_RUNTIME_REACHABILITY
native,707,c/kaka/a/rai.dat,505,3,707,True,DECLARED_OPOINT_NOT_RUNTIME_REACHABILITY
native,707,c/kaka/a/rai.dat,521,0,204,True,DECLARED_OPOINT_NOT_RUNTIME_REACHABILITY
native,707,c/kaka/a/rai.dat,522,0,707,True,DECLARED_OPOINT_NOT_RUNTIME_REACHABILITY
native,707,c/kaka/a/rai.dat,525,0,707,True,DECLARED_OPOINT_NOT_RUNTIME_REACHABILITY
native,707,c/kaka/a/rai.dat,526,0,707,True,DECLARED_OPOINT_NOT_RUNTIME_REACHABILITY
native,707,c/kaka/a/rai.dat,532,0,707,True,DECLARED_OPOINT_NOT_RUNTIME_REACHABILITY
native,707,c/kaka/a/rai.dat,534,0,707,True,DECLARED_OPOINT_NOT_RUNTIME_REACHABILITY
native,707,c/kaka/a/rai.dat,537,0,707,True,DECLARED_OPOINT_NOT_RUNTIME_REACHABILITY
native,707,c/kaka/a/rai.dat,539,0,707,True,DECLARED_OPOINT_NOT_RUNTIME_REACHABILITY
native,707,c/kaka/a/rai.dat,542,0,707,True,DECLARED_OPOINT_NOT_RUNTIME_REACHABILITY
native,707,c/kaka/a/rai.dat,544,0,707,True,DECLARED_OPOINT_NOT_RUNTIME_REACHABILITY
native,707,c/kaka/a/rai.dat,547,0,707,True,DECLARED_OPOINT_NOT_RUNTIME_REACHABILITY
native,707,c/kaka/a/rai.dat,549,0,707,True,DECLARED_OPOINT_NOT_RUNTIME_REACHABILITY
native,707,c/kaka/a/rai.dat,552,0,707,True,DECLARED_OPOINT_NOT_RUNTIME_REACHABILITY
native,707,c/kaka/a/rai.dat,554,0,707,True,DECLARED_OPOINT_NOT_RUNTIME_REACHABILITY
native,707,c/kaka/a/rai.dat,557,0,707,True,DECLARED_OPOINT_NOT_RUNTIME_REACHABILITY
native,707,c/kaka/a/rai.dat,559,0,707,True,DECLARED_OPOINT_NOT_RUNTIME_REACHABILITY
native,707,c/kaka/a/rai.dat,562,0,707,True,DECLARED_OPOINT_NOT_RUNTIME_REACHABILITY
native,707,c/kaka/a/rai.dat,564,0,707,True,DECLARED_OPOINT_NOT_RUNTIME_REACHABILITY
native,707,c/kaka/a/rai.dat,567,0,707,True,DECLARED_OPOINT_NOT_RUNTIME_REACHABILITY
native,707,c/kaka/a/rai.dat,569,0,707,True,DECLARED_OPOINT_NOT_RUNTIME_REACHABILITY
native,707,c/kaka/a/rai.dat,572,0,707,True,DECLARED_OPOINT_NOT_RUNTIME_REACHABILITY
native,707,c/kaka/a/rai.dat,574,0,707,True,DECLARED_OPOINT_NOT_RUNTIME_REACHABILITY
native,707,c/kaka/a/rai.dat,577,0,707,True,DECLARED_OPOINT_NOT_RUNTIME_REACHABILITY
native,707,c/kaka/a/rai.dat,579,0,707,True,DECLARED_OPOINT_NOT_RUNTIME_REACHABILITY
native,707,c/kaka/a/rai.dat,582,0,707,True,DECLARED_OPOINT_NOT_RUNTIME_REACHABILITY
native,707,c/kaka/a/rai.dat,584,0,707,True,DECLARED_OPOINT_NOT_RUNTIME_REACHABILITY
native,707,c/kaka/a/rai.dat,587,0,707,True,DECLARED_OPOINT_NOT_RUNTIME_REACHABILITY
native,707,c/kaka/a/rai.dat,589,0,707,True,DECLARED_OPOINT_NOT_RUNTIME_REACHABILITY
native,707,c/kaka/a/rai.dat,592,0,707,True,DECLARED_OPOINT_NOT_RUNTIME_REACHABILITY
native,707,c/kaka/a/rai.dat,594,0,707,True,DECLARED_OPOINT_NOT_RUNTIME_REACHABILITY
native,707,c/kaka/a/rai.dat,597,0,707,True,DECLARED_OPOINT_NOT_RUNTIME_REACHABILITY
native,707,c/kaka/a/rai.dat,599,0,707,True,DECLARED_OPOINT_NOT_RUNTIME_REACHABILITY
native,13,c/yam/yam.dat,62,0,555,True,DECLARED_OPOINT_NOT_RUNTIME_REACHABILITY
native,13,c/yam/yam.dat,66,0,555,True,DECLARED_OPOINT_NOT_RUNTIME_REACHABILITY
native,13,c/yam/yam.dat,121,0,555,True,DECLARED_OPOINT_NOT_RUNTIME_REACHABILITY
native,13,c/yam/yam.dat,221,0,555,True,DECLARED_OPOINT_NOT_RUNTIME_REACHABILITY
native,13,c/yam/yam.dat,223,0,555,True,DECLARED_OPOINT_NOT_RUNTIME_REACHABILITY
native,13,c/yam/yam.dat,233,1,555,True,DECLARED_OPOINT_NOT_RUNTIME_REACHABILITY
native,13,c/yam/yam.dat,236,0,204,True,DECLARED_OPOINT_NOT_RUNTIME_REACHABILITY
native,13,c/yam/yam.dat,238,0,204,True,DECLARED_OPOINT_NOT_RUNTIME_REACHABILITY
native,13,c/yam/yam.dat,242,0,555,True,DECLARED_OPOINT_NOT_RUNTIME_REACHABILITY
native,13,c/yam/yam.dat,257,0,555,True,DECLARED_OPOINT_NOT_RUNTIME_REACHABILITY
native,13,c/yam/yam.dat,262,0,555,True,DECLARED_OPOINT_NOT_RUNTIME_REACHABILITY
native,13,c/yam/yam.dat,267,0,555,True,DECLARED_OPOINT_NOT_RUNTIME_REACHABILITY
native,13,c/yam/yam.dat,271,0,123,True,DECLARED_OPOINT_NOT_RUNTIME_REACHABILITY
native,13,c/yam/yam.dat,272,0,204,True,DECLARED_OPOINT_NOT_RUNTIME_REACHABILITY
native,13,c/yam/yam.dat,276,0,555,True,DECLARED_OPOINT_NOT_RUNTIME_REACHABILITY
native,13,c/yam/yam.dat,278,0,555,True,DECLARED_OPOINT_NOT_RUNTIME_REACHABILITY
native,13,c/yam/yam.dat,280,0,555,True,DECLARED_OPOINT_NOT_RUNTIME_REACHABILITY
native,13,c/yam/yam.dat,282,0,555,True,DECLARED_OPOINT_NOT_RUNTIME_REACHABILITY
native,13,c/yam/yam.dat,284,0,555,True,DECLARED_OPOINT_NOT_RUNTIME_REACHABILITY
native,13,c/yam/yam.dat,286,0,555,True,DECLARED_OPOINT_NOT_RUNTIME_REACHABILITY
native,13,c/yam/yam.dat,288,0,555,True,DECLARED_OPOINT_NOT_RUNTIME_REACHABILITY
native,13,c/yam/yam.dat,290,0,555,True,DECLARED_OPOINT_NOT_RUNTIME_REACHABILITY
native,13,c/yam/yam.dat,292,0,555,True,DECLARED_OPOINT_NOT_RUNTIME_REACHABILITY
native,13,c/yam/yam.dat,294,0,555,True,DECLARED_OPOINT_NOT_RUNTIME_REACHABILITY
native,13,c/yam/yam.dat,296,0,555,True,DECLARED_OPOINT_NOT_RUNTIME_REACHABILITY
native,13,c/yam/yam.dat,298,0,555,True,DECLARED_OPOINT_NOT_RUNTIME_REACHABILITY
native,13,c/yam/yam.dat,302,0,555,True,DECLARED_OPOINT_NOT_RUNTIME_REACHABILITY
native,13,c/yam/yam.dat,303,0,555,True,DECLARED_OPOINT_NOT_RUNTIME_REACHABILITY
native,13,c/yam/yam.dat,307,0,555,True,DECLARED_OPOINT_NOT_RUNTIME_REACHABILITY
native,13,c/yam/yam.dat,308,0,555,True,DECLARED_OPOINT_NOT_RUNTIME_REACHABILITY
native,13,c/yam/yam.dat,311,0,555,True,DECLARED_OPOINT_NOT_RUNTIME_REACHABILITY
native,13,c/yam/yam.dat,312,0,555,True,DECLARED_OPOINT_NOT_RUNTIME_REACHABILITY
native,13,c/yam/yam.dat,323,1,555,True,DECLARED_OPOINT_NOT_RUNTIME_REACHABILITY
native,13,c/yam/yam.dat,324,1,555,True,DECLARED_OPOINT_NOT_RUNTIME_REACHABILITY
native,13,c/yam/yam.dat,326,0,555,True,DECLARED_OPOINT_NOT_RUNTIME_REACHABILITY
native,13,c/yam/yam.dat,342,0,555,True,DECLARED_OPOINT_NOT_RUNTIME_REACHABILITY
native,13,c/yam/yam.dat,343,0,555,True,DECLARED_OPOINT_NOT_RUNTIME_REACHABILITY
native,13,c/yam/yam.dat,344,0,555,True,DECLARED_OPOINT_NOT_RUNTIME_REACHABILITY
native,13,c/yam/yam.dat,351,0,555,True,DECLARED_OPOINT_NOT_RUNTIME_REACHABILITY
native,13,c/yam/yam.dat,390,0,48,True,DECLARED_OPOINT_NOT_RUNTIME_REACHABILITY
native,13,c/yam/yam.dat,398,1,555,True,DECLARED_OPOINT_NOT_RUNTIME_REACHABILITY
native,13,c/yam/yam.dat,502,0,555,True,DECLARED_OPOINT_NOT_RUNTIME_REACHABILITY
native,13,c/yam/yam.dat,503,0,555,True,DECLARED_OPOINT_NOT_RUNTIME_REACHABILITY
native,13,c/yam/yam.dat,507,0,555,True,DECLARED_OPOINT_NOT_RUNTIME_REACHABILITY
native,13,c/yam/yam.dat,508,0,555,True,DECLARED_OPOINT_NOT_RUNTIME_REACHABILITY
native,13,c/yam/yam.dat,511,0,555,True,DECLARED_OPOINT_NOT_RUNTIME_REACHABILITY
native,13,c/yam/yam.dat,512,0,555,True,DECLARED_OPOINT_NOT_RUNTIME_REACHABILITY
native,13,c/yam/yam.dat,514,0,555,True,DECLARED_OPOINT_NOT_RUNTIME_REACHABILITY
native,13,c/yam/yam.dat,519,2,204,True,DECLARED_OPOINT_NOT_RUNTIME_REACHABILITY
native,13,c/yam/yam.dat,521,0,555,True,DECLARED_OPOINT_NOT_RUNTIME_REACHABILITY
native,13,c/yam/yam.dat,541,1,555,True,DECLARED_OPOINT_NOT_RUNTIME_REACHABILITY
native,13,c/yam/yam.dat,543,0,555,True,DECLARED_OPOINT_NOT_RUNTIME_REACHABILITY
native,13,c/yam/yam.dat,546,1,555,True,DECLARED_OPOINT_NOT_RUNTIME_REACHABILITY
native,13,c/yam/yam.dat,547,1,555,True,DECLARED_OPOINT_NOT_RUNTIME_REACHABILITY
native,13,c/yam/yam.dat,551,1,555,True,DECLARED_OPOINT_NOT_RUNTIME_REACHABILITY
native,13,c/yam/yam.dat,560,0,555,True,DECLARED_OPOINT_NOT_RUNTIME_REACHABILITY
native,13,c/yam/yam.dat,631,1,204,True,DECLARED_OPOINT_NOT_RUNTIME_REACHABILITY
native,13,c/yam/yam.dat,641,1,204,True,DECLARED_OPOINT_NOT_RUNTIME_REACHABILITY
native,13,c/yam/yam.dat,666,0,555,True,DECLARED_OPOINT_NOT_RUNTIME_REACHABILITY
native,48,c/yam/ycl.dat,62,0,555,True,DECLARED_OPOINT_NOT_RUNTIME_REACHABILITY
native,48,c/yam/ycl.dat,66,0,555,True,DECLARED_OPOINT_NOT_RUNTIME_REACHABILITY
native,48,c/yam/ycl.dat,221,0,555,True,DECLARED_OPOINT_NOT_RUNTIME_REACHABILITY
native,48,c/yam/ycl.dat,223,0,555,True,DECLARED_OPOINT_NOT_RUNTIME_REACHABILITY
native,555,c/yam/a/tre.dat,86,0,555,True,DECLARED_OPOINT_NOT_RUNTIME_REACHABILITY
native,555,c/yam/a/tre.dat,92,0,555,True,DECLARED_OPOINT_NOT_RUNTIME_REACHABILITY
native,555,c/yam/a/tre.dat,141,0,555,True,DECLARED_OPOINT_NOT_RUNTIME_REACHABILITY
native,555,c/yam/a/tre.dat,142,0,555,True,DECLARED_OPOINT_NOT_RUNTIME_REACHABILITY
native,555,c/yam/a/tre.dat,145,0,555,True,DECLARED_OPOINT_NOT_RUNTIME_REACHABILITY
native,555,c/yam/a/tre.dat,146,0,555,True,DECLARED_OPOINT_NOT_RUNTIME_REACHABILITY
native,555,c/yam/a/tre.dat,149,0,555,True,DECLARED_OPOINT_NOT_RUNTIME_REACHABILITY
native,555,c/yam/a/tre.dat,150,0,555,True,DECLARED_OPOINT_NOT_RUNTIME_REACHABILITY
native,555,c/yam/a/tre.dat,153,0,555,True,DECLARED_OPOINT_NOT_RUNTIME_REACHABILITY
native,555,c/yam/a/tre.dat,154,0,555,True,DECLARED_OPOINT_NOT_RUNTIME_REACHABILITY
native,555,c/yam/a/tre.dat,157,0,555,True,DECLARED_OPOINT_NOT_RUNTIME_REACHABILITY
native,555,c/yam/a/tre.dat,158,0,555,True,DECLARED_OPOINT_NOT_RUNTIME_REACHABILITY
native,555,c/yam/a/tre.dat,270,0,555,True,DECLARED_OPOINT_NOT_RUNTIME_REACHABILITY
native,555,c/yam/a/tre.dat,271,0,555,True,DECLARED_OPOINT_NOT_RUNTIME_REACHABILITY
native,555,c/yam/a/tre.dat,411,0,555,True,DECLARED_OPOINT_NOT_RUNTIME_REACHABILITY
native,555,c/yam/a/tre.dat,412,0,555,True,DECLARED_OPOINT_NOT_RUNTIME_REACHABILITY
native,555,c/yam/a/tre.dat,601,0,229,True,DECLARED_OPOINT_NOT_RUNTIME_REACHABILITY
native,555,c/yam/a/tre.dat,604,0,229,True,DECLARED_OPOINT_NOT_RUNTIME_REACHABILITY
native,555,c/yam/a/tre.dat,607,0,229,True,DECLARED_OPOINT_NOT_RUNTIME_REACHABILITY
native,555,c/yam/a/tre.dat,670,0,555,True,DECLARED_OPOINT_NOT_RUNTIME_REACHABILITY
native,555,c/yam/a/tre.dat,671,0,555,True,DECLARED_OPOINT_NOT_RUNTIME_REACHABILITY
native,555,c/yam/a/tre.dat,692,0,555,True,DECLARED_OPOINT_NOT_RUNTIME_REACHABILITY
native,65,c/ank/ank.dat,46,0,875,True,DECLARED_OPOINT_NOT_RUNTIME_REACHABILITY
native,65,c/ank/ank.dat,51,0,875,True,DECLARED_OPOINT_NOT_RUNTIME_REACHABILITY
native,65,c/ank/ank.dat,53,0,875,True,DECLARED_OPOINT_NOT_RUNTIME_REACHABILITY
native,65,c/ank/ank.dat,61,0,875,True,DECLARED_OPOINT_NOT_RUNTIME_REACHABILITY
native,65,c/ank/ank.dat,67,0,875,True,DECLARED_OPOINT_NOT_RUNTIME_REACHABILITY
native,65,c/ank/ank.dat,71,0,875,True,DECLARED_OPOINT_NOT_RUNTIME_REACHABILITY
native,65,c/ank/ank.dat,81,0,875,True,DECLARED_OPOINT_NOT_RUNTIME_REACHABILITY
native,65,c/ank/ank.dat,87,0,875,True,DECLARED_OPOINT_NOT_RUNTIME_REACHABILITY
native,65,c/ank/ank.dat,92,0,875,True,DECLARED_OPOINT_NOT_RUNTIME_REACHABILITY
native,65,c/ank/ank.dat,97,0,875,True,DECLARED_OPOINT_NOT_RUNTIME_REACHABILITY
native,65,c/ank/ank.dat,103,0,875,True,DECLARED_OPOINT_NOT_RUNTIME_REACHABILITY
native,65,c/ank/ank.dat,211,0,875,True,DECLARED_OPOINT_NOT_RUNTIME_REACHABILITY
native,65,c/ank/ank.dat,221,0,875,True,DECLARED_OPOINT_NOT_RUNTIME_REACHABILITY
native,65,c/ank/ank.dat,223,0,875,True,DECLARED_OPOINT_NOT_RUNTIME_REACHABILITY
native,65,c/ank/ank.dat,233,0,44,True,DECLARED_OPOINT_NOT_RUNTIME_REACHABILITY
native,65,c/ank/ank.dat,236,0,204,True,DECLARED_OPOINT_NOT_RUNTIME_REACHABILITY
native,65,c/ank/ank.dat,238,0,204,True,DECLARED_OPOINT_NOT_RUNTIME_REACHABILITY
native,65,c/ank/ank.dat,242,0,204,True,DECLARED_OPOINT_NOT_RUNTIME_REACHABILITY
native,65,c/ank/ank.dat,242,1,876,True,DECLARED_OPOINT_NOT_RUNTIME_REACHABILITY
native,65,c/ank/ank.dat,271,0,123,True,DECLARED_OPOINT_NOT_RUNTIME_REACHABILITY
native,65,c/ank/ank.dat,272,0,204,True,DECLARED_OPOINT_NOT_RUNTIME_REACHABILITY
native,65,c/ank/ank.dat,293,0,875,True,DECLARED_OPOINT_NOT_RUNTIME_REACHABILITY
native,65,c/ank/ank.dat,294,0,875,True,DECLARED_OPOINT_NOT_RUNTIME_REACHABILITY
native,65,c/ank/ank.dat,295,0,44,True,DECLARED_OPOINT_NOT_RUNTIME_REACHABILITY
native,65,c/ank/ank.dat,296,0,44,True,DECLARED_OPOINT_NOT_RUNTIME_REACHABILITY
native,65,c/ank/ank.dat,297,0,44,True,DECLARED_OPOINT_NOT_RUNTIME_REACHABILITY
native,65,c/ank/ank.dat,307,0,875,True,DECLARED_OPOINT_NOT_RUNTIME_REACHABILITY
native,65,c/ank/ank.dat,312,0,44,True,DECLARED_OPOINT_NOT_RUNTIME_REACHABILITY
native,65,c/ank/ank.dat,331,0,875,True,DECLARED_OPOINT_NOT_RUNTIME_REACHABILITY
native,65,c/ank/ank.dat,332,0,877,True,DECLARED_OPOINT_NOT_RUNTIME_REACHABILITY
native,65,c/ank/ank.dat,381,0,875,True,DECLARED_OPOINT_NOT_RUNTIME_REACHABILITY
native,65,c/ank/ank.dat,396,0,44,True,DECLARED_OPOINT_NOT_RUNTIME_REACHABILITY
native,65,c/ank/ank.dat,413,0,875,True,DECLARED_OPOINT_NOT_RUNTIME_REACHABILITY
native,65,c/ank/ank.dat,415,0,875,True,DECLARED_OPOINT_NOT_RUNTIME_REACHABILITY
native,65,c/ank/ank.dat,416,0,875,True,DECLARED_OPOINT_NOT_RUNTIME_REACHABILITY
native,65,c/ank/ank.dat,417,0,875,True,DECLARED_OPOINT_NOT_RUNTIME_REACHABILITY
native,65,c/ank/ank.dat,423,0,875,True,DECLARED_OPOINT_NOT_RUNTIME_REACHABILITY
native,65,c/ank/ank.dat,424,0,875,True,DECLARED_OPOINT_NOT_RUNTIME_REACHABILITY
native,65,c/ank/ank.dat,434,0,875,True,DECLARED_OPOINT_NOT_RUNTIME_REACHABILITY
native,65,c/ank/ank.dat,446,0,875,True,DECLARED_OPOINT_NOT_RUNTIME_REACHABILITY
native,65,c/ank/ank.dat,449,0,876,True,DECLARED_OPOINT_NOT_RUNTIME_REACHABILITY
native,65,c/ank/ank.dat,452,0,876,True,DECLARED_OPOINT_NOT_RUNTIME_REACHABILITY
native,65,c/ank/ank.dat,455,0,876,True,DECLARED_OPOINT_NOT_RUNTIME_REACHABILITY
native,65,c/ank/ank.dat,461,0,875,True,DECLARED_OPOINT_NOT_RUNTIME_REACHABILITY
native,65,c/ank/ank.dat,464,0,44,True,DECLARED_OPOINT_NOT_RUNTIME_REACHABILITY
native,65,c/ank/ank.dat,465,0,706,True,DECLARED_OPOINT_NOT_RUNTIME_REACHABILITY
native,65,c/ank/ank.dat,466,0,870,True,DECLARED_OPOINT_NOT_RUNTIME_REACHABILITY
native,65,c/ank/ank.dat,467,0,870,True,DECLARED_OPOINT_NOT_RUNTIME_REACHABILITY
native,65,c/ank/ank.dat,482,0,875,True,DECLARED_OPOINT_NOT_RUNTIME_REACHABILITY
native,65,c/ank/ank.dat,483,0,875,True,DECLARED_OPOINT_NOT_RUNTIME_REACHABILITY
native,65,c/ank/ank.dat,484,0,875,True,DECLARED_OPOINT_NOT_RUNTIME_REACHABILITY
native,65,c/ank/ank.dat,502,0,875,True,DECLARED_OPOINT_NOT_RUNTIME_REACHABILITY
native,65,c/ank/ank.dat,511,0,875,True,DECLARED_OPOINT_NOT_RUNTIME_REACHABILITY
native,65,c/ank/ank.dat,512,0,875,True,DECLARED_OPOINT_NOT_RUNTIME_REACHABILITY
native,65,c/ank/ank.dat,513,0,875,True,DECLARED_OPOINT_NOT_RUNTIME_REACHABILITY
native,65,c/ank/ank.dat,522,0,875,True,DECLARED_OPOINT_NOT_RUNTIME_REACHABILITY
native,65,c/ank/ank.dat,531,0,875,True,DECLARED_OPOINT_NOT_RUNTIME_REACHABILITY
native,65,c/ank/ank.dat,532,0,875,True,DECLARED_OPOINT_NOT_RUNTIME_REACHABILITY
native,65,c/ank/ank.dat,543,0,875,True,DECLARED_OPOINT_NOT_RUNTIME_REACHABILITY
native,65,c/ank/ank.dat,546,0,875,True,DECLARED_OPOINT_NOT_RUNTIME_REACHABILITY
native,65,c/ank/ank.dat,549,0,875,True,DECLARED_OPOINT_NOT_RUNTIME_REACHABILITY
native,65,c/ank/ank.dat,591,0,875,True,DECLARED_OPOINT_NOT_RUNTIME_REACHABILITY
native,65,c/ank/ank.dat,593,0,44,True,DECLARED_OPOINT_NOT_RUNTIME_REACHABILITY
native,65,c/ank/ank.dat,594,0,44,True,DECLARED_OPOINT_NOT_RUNTIME_REACHABILITY
native,65,c/ank/ank.dat,595,0,44,True,DECLARED_OPOINT_NOT_RUNTIME_REACHABILITY
native,65,c/ank/ank.dat,596,0,875,True,DECLARED_OPOINT_NOT_RUNTIME_REACHABILITY
native,65,c/ank/ank.dat,631,0,204,True,DECLARED_OPOINT_NOT_RUNTIME_REACHABILITY
native,65,c/ank/ank.dat,641,0,204,True,DECLARED_OPOINT_NOT_RUNTIME_REACHABILITY
native,65,c/ank/ank.dat,667,0,875,True,DECLARED_OPOINT_NOT_RUNTIME_REACHABILITY
native,44,c/ank/acl.dat,46,0,875,True,DECLARED_OPOINT_NOT_RUNTIME_REACHABILITY
native,44,c/ank/acl.dat,51,0,875,True,DECLARED_OPOINT_NOT_RUNTIME_REACHABILITY
native,44,c/ank/acl.dat,53,0,875,True,DECLARED_OPOINT_NOT_RUNTIME_REACHABILITY
native,44,c/ank/acl.dat,61,0,875,True,DECLARED_OPOINT_NOT_RUNTIME_REACHABILITY
native,44,c/ank/acl.dat,67,0,875,True,DECLARED_OPOINT_NOT_RUNTIME_REACHABILITY
native,44,c/ank/acl.dat,71,0,875,True,DECLARED_OPOINT_NOT_RUNTIME_REACHABILITY
native,44,c/ank/acl.dat,81,0,875,True,DECLARED_OPOINT_NOT_RUNTIME_REACHABILITY
native,44,c/ank/acl.dat,86,0,875,True,DECLARED_OPOINT_NOT_RUNTIME_REACHABILITY
native,44,c/ank/acl.dat,91,0,875,True,DECLARED_OPOINT_NOT_RUNTIME_REACHABILITY
native,44,c/ank/acl.dat,103,0,875,True,DECLARED_OPOINT_NOT_RUNTIME_REACHABILITY
native,44,c/ank/acl.dat,211,0,875,True,DECLARED_OPOINT_NOT_RUNTIME_REACHABILITY
native,44,c/ank/acl.dat,221,0,875,True,DECLARED_OPOINT_NOT_RUNTIME_REACHABILITY
native,44,c/ank/acl.dat,223,0,875,True,DECLARED_OPOINT_NOT_RUNTIME_REACHABILITY
native,44,c/ank/acl.dat,300,0,204,True,DECLARED_OPOINT_NOT_RUNTIME_REACHABILITY
native,44,c/ank/acl.dat,689,0,44,True,DECLARED_OPOINT_NOT_RUNTIME_REACHABILITY
native,870,c/ank/ssnk.dat,300,0,204,True,DECLARED_OPOINT_NOT_RUNTIME_REACHABILITY
native,870,c/ank/ssnk.dat,301,0,204,True,DECLARED_OPOINT_NOT_RUNTIME_REACHABILITY
native,870,c/ank/ssnk.dat,398,0,204,True,DECLARED_OPOINT_NOT_RUNTIME_REACHABILITY
native,875,c/ank/a/atk.dat,31,0,875,True,DECLARED_OPOINT_NOT_RUNTIME_REACHABILITY
native,875,c/ank/a/atk.dat,61,0,211,True,DECLARED_OPOINT_NOT_RUNTIME_REACHABILITY
native,875,c/ank/a/atk.dat,114,0,877,True,DECLARED_OPOINT_NOT_RUNTIME_REACHABILITY
native,875,c/ank/a/atk.dat,117,0,875,True,DECLARED_OPOINT_NOT_RUNTIME_REACHABILITY
native,875,c/ank/a/atk.dat,120,0,876,True,DECLARED_OPOINT_NOT_RUNTIME_REACHABILITY
native,875,c/ank/a/atk.dat,123,0,876,True,DECLARED_OPOINT_NOT_RUNTIME_REACHABILITY
native,875,c/ank/a/atk.dat,126,0,876,True,DECLARED_OPOINT_NOT_RUNTIME_REACHABILITY
native,875,c/ank/a/atk.dat,242,0,211,True,DECLARED_OPOINT_NOT_RUNTIME_REACHABILITY
native,875,c/ank/a/atk.dat,243,0,211,True,DECLARED_OPOINT_NOT_RUNTIME_REACHABILITY
native,875,c/ank/a/atk.dat,244,0,211,True,DECLARED_OPOINT_NOT_RUNTIME_REACHABILITY
native,875,c/ank/a/atk.dat,245,0,211,True,DECLARED_OPOINT_NOT_RUNTIME_REACHABILITY
native,875,c/ank/a/atk.dat,246,0,211,True,DECLARED_OPOINT_NOT_RUNTIME_REACHABILITY
native,875,c/ank/a/atk.dat,247,0,211,True,DECLARED_OPOINT_NOT_RUNTIME_REACHABILITY
native,875,c/ank/a/atk.dat,310,0,706,True,DECLARED_OPOINT_NOT_RUNTIME_REACHABILITY
native,876,c/ank/a/atk2.dat,260,0,875,True,DECLARED_OPOINT_NOT_RUNTIME_REACHABILITY
native,876,c/ank/a/atk2.dat,261,0,875,True,DECLARED_OPOINT_NOT_RUNTIME_REACHABILITY
native,73,c/hay/hay.dat,61,0,417,True,DECLARED_OPOINT_NOT_RUNTIME_REACHABILITY
native,73,c/hay/hay.dat,71,0,417,True,DECLARED_OPOINT_NOT_RUNTIME_REACHABILITY
native,73,c/hay/hay.dat,76,0,417,True,DECLARED_OPOINT_NOT_RUNTIME_REACHABILITY
native,73,c/hay/hay.dat,86,0,417,True,DECLARED_OPOINT_NOT_RUNTIME_REACHABILITY
native,73,c/hay/hay.dat,125,0,123,True,DECLARED_OPOINT_NOT_RUNTIME_REACHABILITY
native,73,c/hay/hay.dat,126,0,204,True,DECLARED_OPOINT_NOT_RUNTIME_REACHABILITY
native,73,c/hay/hay.dat,154,4,412,True,DECLARED_OPOINT_NOT_RUNTIME_REACHABILITY
native,73,c/hay/hay.dat,155,4,413,True,DECLARED_OPOINT_NOT_RUNTIME_REACHABILITY
native,73,c/hay/hay.dat,155,5,417,True,DECLARED_OPOINT_NOT_RUNTIME_REACHABILITY
native,73,c/hay/hay.dat,174,0,417,True,DECLARED_OPOINT_NOT_RUNTIME_REACHABILITY
native,73,c/hay/hay.dat,174,1,417,True,DECLARED_OPOINT_NOT_RUNTIME_REACHABILITY
native,73,c/hay/hay.dat,162,0,417,True,DECLARED_OPOINT_NOT_RUNTIME_REACHABILITY
native,73,c/hay/hay.dat,166,1,417,True,DECLARED_OPOINT_NOT_RUNTIME_REACHABILITY
native,73,c/hay/hay.dat,233,1,417,True,DECLARED_OPOINT_NOT_RUNTIME_REACHABILITY
native,73,c/hay/hay.dat,233,2,417,True,DECLARED_OPOINT_NOT_RUNTIME_REACHABILITY
native,73,c/hay/hay.dat,236,0,204,True,DECLARED_OPOINT_NOT_RUNTIME_REACHABILITY
native,73,c/hay/hay.dat,238,0,204,True,DECLARED_OPOINT_NOT_RUNTIME_REACHABILITY
native,73,c/hay/hay.dat,241,0,412,True,DECLARED_OPOINT_NOT_RUNTIME_REACHABILITY
native,73,c/hay/hay.dat,251,4,417,True,DECLARED_OPOINT_NOT_RUNTIME_REACHABILITY
native,73,c/hay/hay.dat,261,3,417,True,DECLARED_OPOINT_NOT_RUNTIME_REACHABILITY
native,73,c/hay/hay.dat,261,4,417,True,DECLARED_OPOINT_NOT_RUNTIME_REACHABILITY
native,73,c/hay/hay.dat,262,2,417,True,DECLARED_OPOINT_NOT_RUNTIME_REACHABILITY
native,73,c/hay/hay.dat,263,2,417,True,DECLARED_OPOINT_NOT_RUNTIME_REACHABILITY
native,73,c/hay/hay.dat,267,0,417,True,DECLARED_OPOINT_NOT_RUNTIME_REACHABILITY
native,73,c/hay/hay.dat,401,3,417,True,DECLARED_OPOINT_NOT_RUNTIME_REACHABILITY
native,73,c/hay/hay.dat,401,4,417,True,DECLARED_OPOINT_NOT_RUNTIME_REACHABILITY
native,73,c/hay/hay.dat,402,2,417,True,DECLARED_OPOINT_NOT_RUNTIME_REACHABILITY
native,73,c/hay/hay.dat,408,2,417,True,DECLARED_OPOINT_NOT_RUNTIME_REACHABILITY
native,73,c/hay/hay.dat,275,3,417,True,DECLARED_OPOINT_NOT_RUNTIME_REACHABILITY
native,73,c/hay/hay.dat,275,4,417,True,DECLARED_OPOINT_NOT_RUNTIME_REACHABILITY
native,73,c/hay/hay.dat,276,2,417,True,DECLARED_OPOINT_NOT_RUNTIME_REACHABILITY
native,73,c/hay/hay.dat,277,2,417,True,DECLARED_OPOINT_NOT_RUNTIME_REACHABILITY
native,73,c/hay/hay.dat,272,0,417,True,DECLARED_OPOINT_NOT_RUNTIME_REACHABILITY
native,73,c/hay/hay.dat,269,1,413,True,DECLARED_OPOINT_NOT_RUNTIME_REACHABILITY
native,73,c/hay/hay.dat,290,3,417,True,DECLARED_OPOINT_NOT_RUNTIME_REACHABILITY
native,73,c/hay/hay.dat,302,0,417,True,DECLARED_OPOINT_NOT_RUNTIME_REACHABILITY
native,73,c/hay/hay.dat,305,1,412,True,DECLARED_OPOINT_NOT_RUNTIME_REACHABILITY
native,73,c/hay/hay.dat,305,2,417,True,DECLARED_OPOINT_NOT_RUNTIME_REACHABILITY
native,73,c/hay/hay.dat,332,1,417,True,DECLARED_OPOINT_NOT_RUNTIME_REACHABILITY
native,73,c/hay/hay.dat,335,1,417,True,DECLARED_OPOINT_NOT_RUNTIME_REACHABILITY
native,73,c/hay/hay.dat,336,1,417,True,DECLARED_OPOINT_NOT_RUNTIME_REACHABILITY
native,73,c/hay/hay.dat,337,2,417,True,DECLARED_OPOINT_NOT_RUNTIME_REACHABILITY
native,73,c/hay/hay.dat,338,2,418,True,DECLARED_OPOINT_NOT_RUNTIME_REACHABILITY
native,73,c/hay/hay.dat,339,2,418,True,DECLARED_OPOINT_NOT_RUNTIME_REACHABILITY
native,73,c/hay/hay.dat,350,0,417,True,DECLARED_OPOINT_NOT_RUNTIME_REACHABILITY
native,73,c/hay/hay.dat,371,0,417,True,DECLARED_OPOINT_NOT_RUNTIME_REACHABILITY
native,73,c/hay/hay.dat,372,0,417,True,DECLARED_OPOINT_NOT_RUNTIME_REACHABILITY
native,73,c/hay/hay.dat,373,0,417,True,DECLARED_OPOINT_NOT_RUNTIME_REACHABILITY
native,73,c/hay/hay.dat,374,0,412,True,DECLARED_OPOINT_NOT_RUNTIME_REACHABILITY
native,73,c/hay/hay.dat,375,0,413,True,DECLARED_OPOINT_NOT_RUNTIME_REACHABILITY
native,73,c/hay/hay.dat,378,0,412,True,DECLARED_OPOINT_NOT_RUNTIME_REACHABILITY
native,73,c/hay/hay.dat,419,0,413,True,DECLARED_OPOINT_NOT_RUNTIME_REACHABILITY
native,73,c/hay/hay.dat,383,0,417,True,DECLARED_OPOINT_NOT_RUNTIME_REACHABILITY
native,73,c/hay/hay.dat,384,0,417,True,DECLARED_OPOINT_NOT_RUNTIME_REACHABILITY
native,73,c/hay/hay.dat,385,0,412,True,DECLARED_OPOINT_NOT_RUNTIME_REACHABILITY
native,73,c/hay/hay.dat,386,0,413,True,DECLARED_OPOINT_NOT_RUNTIME_REACHABILITY
native,73,c/hay/hay.dat,406,3,417,True,DECLARED_OPOINT_NOT_RUNTIME_REACHABILITY
native,73,c/hay/hay.dat,407,3,417,True,DECLARED_OPOINT_NOT_RUNTIME_REACHABILITY
native,73,c/hay/hay.dat,393,2,417,True,DECLARED_OPOINT_NOT_RUNTIME_REACHABILITY
native,73,c/hay/hay.dat,411,0,417,True,DECLARED_OPOINT_NOT_RUNTIME_REACHABILITY
native,73,c/hay/hay.dat,398,1,417,True,DECLARED_OPOINT_NOT_RUNTIME_REACHABILITY
native,73,c/hay/hay.dat,398,2,417,True,DECLARED_OPOINT_NOT_RUNTIME_REACHABILITY
native,73,c/hay/hay.dat,602,1,900,True,DECLARED_OPOINT_NOT_RUNTIME_REACHABILITY
native,73,c/hay/hay.dat,631,1,204,True,DECLARED_OPOINT_NOT_RUNTIME_REACHABILITY
native,73,c/hay/hay.dat,641,1,204,True,DECLARED_OPOINT_NOT_RUNTIME_REACHABILITY
native,410,c/hay/hayS.dat,61,0,417,True,DECLARED_OPOINT_NOT_RUNTIME_REACHABILITY
native,410,c/hay/hayS.dat,71,0,417,True,DECLARED_OPOINT_NOT_RUNTIME_REACHABILITY
native,410,c/hay/hayS.dat,76,0,417,True,DECLARED_OPOINT_NOT_RUNTIME_REACHABILITY
native,410,c/hay/hayS.dat,86,0,417,True,DECLARED_OPOINT_NOT_RUNTIME_REACHABILITY
native,410,c/hay/hayS.dat,166,1,417,True,DECLARED_OPOINT_NOT_RUNTIME_REACHABILITY
native,410,c/hay/hayS.dat,251,4,417,True,DECLARED_OPOINT_NOT_RUNTIME_REACHABILITY
native,410,c/hay/hayS.dat,261,3,417,True,DECLARED_OPOINT_NOT_RUNTIME_REACHABILITY
native,410,c/hay/hayS.dat,261,4,417,True,DECLARED_OPOINT_NOT_RUNTIME_REACHABILITY
native,410,c/hay/hayS.dat,262,2,417,True,DECLARED_OPOINT_NOT_RUNTIME_REACHABILITY
native,410,c/hay/hayS.dat,263,2,417,True,DECLARED_OPOINT_NOT_RUNTIME_REACHABILITY
native,410,c/hay/hayS.dat,275,3,417,True,DECLARED_OPOINT_NOT_RUNTIME_REACHABILITY
native,410,c/hay/hayS.dat,275,4,417,True,DECLARED_OPOINT_NOT_RUNTIME_REACHABILITY
native,410,c/hay/hayS.dat,276,2,417,True,DECLARED_OPOINT_NOT_RUNTIME_REACHABILITY
native,410,c/hay/hayS.dat,277,2,417,True,DECLARED_OPOINT_NOT_RUNTIME_REACHABILITY
native,410,c/hay/hayS.dat,271,1,413,True,DECLARED_OPOINT_NOT_RUNTIME_REACHABILITY
native,410,c/hay/hayS.dat,290,3,417,True,DECLARED_OPOINT_NOT_RUNTIME_REACHABILITY
native,410,c/hay/hayS.dat,305,1,412,True,DECLARED_OPOINT_NOT_RUNTIME_REACHABILITY
native,410,c/hay/hayS.dat,305,2,417,True,DECLARED_OPOINT_NOT_RUNTIME_REACHABILITY
native,410,c/hay/hayS.dat,332,1,417,True,DECLARED_OPOINT_NOT_RUNTIME_REACHABILITY
native,410,c/hay/hayS.dat,335,1,417,True,DECLARED_OPOINT_NOT_RUNTIME_REACHABILITY
native,410,c/hay/hayS.dat,336,1,417,True,DECLARED_OPOINT_NOT_RUNTIME_REACHABILITY
native,410,c/hay/hayS.dat,337,2,417,True,DECLARED_OPOINT_NOT_RUNTIME_REACHABILITY
native,410,c/hay/hayS.dat,338,2,418,True,DECLARED_OPOINT_NOT_RUNTIME_REACHABILITY
native,410,c/hay/hayS.dat,371,0,417,True,DECLARED_OPOINT_NOT_RUNTIME_REACHABILITY
native,410,c/hay/hayS.dat,372,0,417,True,DECLARED_OPOINT_NOT_RUNTIME_REACHABILITY
native,410,c/hay/hayS.dat,373,0,417,True,DECLARED_OPOINT_NOT_RUNTIME_REACHABILITY
native,410,c/hay/hayS.dat,374,0,412,True,DECLARED_OPOINT_NOT_RUNTIME_REACHABILITY
native,410,c/hay/hayS.dat,375,0,413,True,DECLARED_OPOINT_NOT_RUNTIME_REACHABILITY
native,410,c/hay/hayS.dat,378,0,412,True,DECLARED_OPOINT_NOT_RUNTIME_REACHABILITY
native,410,c/hay/hayS.dat,419,0,413,True,DECLARED_OPOINT_NOT_RUNTIME_REACHABILITY
native,410,c/hay/hayS.dat,388,0,417,True,DECLARED_OPOINT_NOT_RUNTIME_REACHABILITY
native,410,c/hay/hayS.dat,382,0,417,True,DECLARED_OPOINT_NOT_RUNTIME_REACHABILITY
native,410,c/hay/hayS.dat,383,0,417,True,DECLARED_OPOINT_NOT_RUNTIME_REACHABILITY
native,410,c/hay/hayS.dat,384,0,417,True,DECLARED_OPOINT_NOT_RUNTIME_REACHABILITY
native,410,c/hay/hayS.dat,385,0,412,True,DECLARED_OPOINT_NOT_RUNTIME_REACHABILITY
native,410,c/hay/hayS.dat,386,0,413,True,DECLARED_OPOINT_NOT_RUNTIME_REACHABILITY
native,410,c/hay/hayS.dat,406,3,417,True,DECLARED_OPOINT_NOT_RUNTIME_REACHABILITY
native,410,c/hay/hayS.dat,407,3,417,True,DECLARED_OPOINT_NOT_RUNTIME_REACHABILITY
native,410,c/hay/hayS.dat,392,0,417,True,DECLARED_OPOINT_NOT_RUNTIME_REACHABILITY
native,410,c/hay/hayS.dat,393,2,417,True,DECLARED_OPOINT_NOT_RUNTIME_REACHABILITY
native,410,c/hay/hayS.dat,411,0,417,True,DECLARED_OPOINT_NOT_RUNTIME_REACHABILITY
native,410,c/hay/hayS.dat,602,1,900,True,DECLARED_OPOINT_NOT_RUNTIME_REACHABILITY
native,410,c/hay/hayS.dat,631,1,204,True,DECLARED_OPOINT_NOT_RUNTIME_REACHABILITY
native,410,c/hay/hayS.dat,641,1,204,True,DECLARED_OPOINT_NOT_RUNTIME_REACHABILITY
native,412,c/hay/clo1.dat,236,0,204,True,DECLARED_OPOINT_NOT_RUNTIME_REACHABILITY
native,412,c/hay/clo1.dat,251,2,204,True,DECLARED_OPOINT_NOT_RUNTIME_REACHABILITY
native,412,c/hay/clo1.dat,285,0,417,True,DECLARED_OPOINT_NOT_RUNTIME_REACHABILITY
native,412,c/hay/clo1.dat,308,0,204,True,DECLARED_OPOINT_NOT_RUNTIME_REACHABILITY
native,412,c/hay/clo1.dat,309,0,204,True,DECLARED_OPOINT_NOT_RUNTIME_REACHABILITY
native,412,c/hay/clo1.dat,415,0,417,True,DECLARED_OPOINT_NOT_RUNTIME_REACHABILITY
native,412,c/hay/clo1.dat,300,0,204,True,DECLARED_OPOINT_NOT_RUNTIME_REACHABILITY
native,413,c/hay/clo2.dat,236,0,204,True,DECLARED_OPOINT_NOT_RUNTIME_REACHABILITY
native,413,c/hay/clo2.dat,251,2,204,True,DECLARED_OPOINT_NOT_RUNTIME_REACHABILITY
native,413,c/hay/clo2.dat,285,0,417,True,DECLARED_OPOINT_NOT_RUNTIME_REACHABILITY
native,413,c/hay/clo2.dat,290,0,417,True,DECLARED_OPOINT_NOT_RUNTIME_REACHABILITY
native,413,c/hay/clo2.dat,291,0,417,True,DECLARED_OPOINT_NOT_RUNTIME_REACHABILITY
native,413,c/hay/clo2.dat,294,0,204,True,DECLARED_OPOINT_NOT_RUNTIME_REACHABILITY
native,413,c/hay/clo2.dat,302,0,417,True,DECLARED_OPOINT_NOT_RUNTIME_REACHABILITY
native,413,c/hay/clo2.dat,401,2,204,True,DECLARED_OPOINT_NOT_RUNTIME_REACHABILITY
native,413,c/hay/clo2.dat,420,0,417,True,DECLARED_OPOINT_NOT_RUNTIME_REACHABILITY
native,413,c/hay/clo2.dat,421,0,204,True,DECLARED_OPOINT_NOT_RUNTIME_REACHABILITY
native,413,c/hay/clo2.dat,300,0,204,True,DECLARED_OPOINT_NOT_RUNTIME_REACHABILITY
native,417,c/hay/a/sla.dat,11,0,211,True,DECLARED_OPOINT_NOT_RUNTIME_REACHABILITY
native,417,c/hay/a/sla.dat,312,0,417,True,DECLARED_OPOINT_NOT_RUNTIME_REACHABILITY
native,417,c/hay/a/sla.dat,363,0,417,True,DECLARED_OPOINT_NOT_RUNTIME_REACHABILITY
native,417,c/hay/a/sla.dat,373,0,417,True,DECLARED_OPOINT_NOT_RUNTIME_REACHABILITY
native,417,c/hay/a/sla.dat,382,0,417,True,DECLARED_OPOINT_NOT_RUNTIME_REACHABILITY
native,418,c/hay/a/blo.dat,64,0,417,True,DECLARED_OPOINT_NOT_RUNTIME_REACHABILITY
native,418,c/hay/a/blo.dat,65,0,418,True,DECLARED_OPOINT_NOT_RUNTIME_REACHABILITY
native,418,c/hay/a/blo.dat,66,0,418,True,DECLARED_OPOINT_NOT_RUNTIME_REACHABILITY
native,418,c/hay/a/blo.dat,67,0,418,True,DECLARED_OPOINT_NOT_RUNTIME_REACHABILITY
native,418,c/hay/a/blo.dat,68,0,418,True,DECLARED_OPOINT_NOT_RUNTIME_REACHABILITY
native,418,c/hay/a/blo.dat,69,0,418,True,DECLARED_OPOINT_NOT_RUNTIME_REACHABILITY
native,418,c/hay/a/blo.dat,88,0,418,True,DECLARED_OPOINT_NOT_RUNTIME_REACHABILITY
native,418,c/hay/a/blo.dat,91,0,418,True,DECLARED_OPOINT_NOT_RUNTIME_REACHABILITY
native,418,c/hay/a/blo.dat,94,0,418,True,DECLARED_OPOINT_NOT_RUNTIME_REACHABILITY
native,72,c/dan/dan.dat,46,0,406,True,DECLARED_OPOINT_NOT_RUNTIME_REACHABILITY
native,72,c/dan/dan.dat,61,0,406,True,DECLARED_OPOINT_NOT_RUNTIME_REACHABILITY
native,72,c/dan/dan.dat,62,0,408,True,DECLARED_OPOINT_NOT_RUNTIME_REACHABILITY
native,72,c/dan/dan.dat,66,0,406,True,DECLARED_OPOINT_NOT_RUNTIME_REACHABILITY
native,72,c/dan/dan.dat,67,0,408,True,DECLARED_OPOINT_NOT_RUNTIME_REACHABILITY
native,72,c/dan/dan.dat,73,0,406,True,DECLARED_OPOINT_NOT_RUNTIME_REACHABILITY
native,72,c/dan/dan.dat,74,0,408,True,DECLARED_OPOINT_NOT_RUNTIME_REACHABILITY
native,72,c/dan/dan.dat,82,0,408,True,DECLARED_OPOINT_NOT_RUNTIME_REACHABILITY
native,72,c/dan/dan.dat,501,0,406,True,DECLARED_OPOINT_NOT_RUNTIME_REACHABILITY
native,72,c/dan/dan.dat,502,0,408,True,DECLARED_OPOINT_NOT_RUNTIME_REACHABILITY
native,72,c/dan/dan.dat,91,0,406,True,DECLARED_OPOINT_NOT_RUNTIME_REACHABILITY
native,72,c/dan/dan.dat,125,0,123,True,DECLARED_OPOINT_NOT_RUNTIME_REACHABILITY
native,72,c/dan/dan.dat,126,0,204,True,DECLARED_OPOINT_NOT_RUNTIME_REACHABILITY
native,72,c/dan/dan.dat,462,0,406,True,DECLARED_OPOINT_NOT_RUNTIME_REACHABILITY
native,72,c/dan/dan.dat,463,1,408,True,DECLARED_OPOINT_NOT_RUNTIME_REACHABILITY
native,72,c/dan/dan.dat,150,0,406,True,DECLARED_OPOINT_NOT_RUNTIME_REACHABILITY
native,72,c/dan/dan.dat,168,0,120,True,DECLARED_OPOINT_NOT_RUNTIME_REACHABILITY
native,72,c/dan/dan.dat,170,0,121,True,DECLARED_OPOINT_NOT_RUNTIME_REACHABILITY
native,72,c/dan/dan.dat,221,0,406,True,DECLARED_OPOINT_NOT_RUNTIME_REACHABILITY
native,72,c/dan/dan.dat,223,0,406,True,DECLARED_OPOINT_NOT_RUNTIME_REACHABILITY
native,72,c/dan/dan.dat,236,0,406,True,DECLARED_OPOINT_NOT_RUNTIME_REACHABILITY
native,72,c/dan/dan.dat,236,1,204,True,DECLARED_OPOINT_NOT_RUNTIME_REACHABILITY
native,72,c/dan/dan.dat,238,0,204,True,DECLARED_OPOINT_NOT_RUNTIME_REACHABILITY
native,72,c/dan/dan.dat,240,0,406,True,DECLARED_OPOINT_NOT_RUNTIME_REACHABILITY
native,72,c/dan/dan.dat,240,1,407,True,DECLARED_OPOINT_NOT_RUNTIME_REACHABILITY
native,72,c/dan/dan.dat,251,0,406,True,DECLARED_OPOINT_NOT_RUNTIME_REACHABILITY
native,72,c/dan/dan.dat,253,0,407,True,DECLARED_OPOINT_NOT_RUNTIME_REACHABILITY
native,72,c/dan/dan.dat,254,0,407,True,DECLARED_OPOINT_NOT_RUNTIME_REACHABILITY
native,72,c/dan/dan.dat,255,0,407,True,DECLARED_OPOINT_NOT_RUNTIME_REACHABILITY
native,72,c/dan/dan.dat,256,0,407,True,DECLARED_OPOINT_NOT_RUNTIME_REACHABILITY
native,72,c/dan/dan.dat,257,0,407,True,DECLARED_OPOINT_NOT_RUNTIME_REACHABILITY
native,72,c/dan/dan.dat,271,0,407,True,DECLARED_OPOINT_NOT_RUNTIME_REACHABILITY
native,72,c/dan/dan.dat,272,0,407,True,DECLARED_OPOINT_NOT_RUNTIME_REACHABILITY
native,72,c/dan/dan.dat,273,0,407,True,DECLARED_OPOINT_NOT_RUNTIME_REACHABILITY
native,72,c/dan/dan.dat,274,0,407,True,DECLARED_OPOINT_NOT_RUNTIME_REACHABILITY
native,72,c/dan/dan.dat,275,0,407,True,DECLARED_OPOINT_NOT_RUNTIME_REACHABILITY
native,72,c/dan/dan.dat,262,0,406,True,DECLARED_OPOINT_NOT_RUNTIME_REACHABILITY
native,72,c/dan/dan.dat,263,0,406,True,DECLARED_OPOINT_NOT_RUNTIME_REACHABILITY
native,72,c/dan/dan.dat,264,0,406,True,DECLARED_OPOINT_NOT_RUNTIME_REACHABILITY
native,72,c/dan/dan.dat,265,0,406,True,DECLARED_OPOINT_NOT_RUNTIME_REACHABILITY
native,72,c/dan/dan.dat,281,0,406,True,DECLARED_OPOINT_NOT_RUNTIME_REACHABILITY
native,72,c/dan/dan.dat,287,0,406,True,DECLARED_OPOINT_NOT_RUNTIME_REACHABILITY
native,72,c/dan/dan.dat,288,0,407,True,DECLARED_OPOINT_NOT_RUNTIME_REACHABILITY
native,72,c/dan/dan.dat,331,0,406,True,DECLARED_OPOINT_NOT_RUNTIME_REACHABILITY
native,72,c/dan/dan.dat,331,1,407,True,DECLARED_OPOINT_NOT_RUNTIME_REACHABILITY
native,72,c/dan/dan.dat,333,0,406,True,DECLARED_OPOINT_NOT_RUNTIME_REACHABILITY
native,72,c/dan/dan.dat,333,1,407,True,DECLARED_OPOINT_NOT_RUNTIME_REACHABILITY
native,72,c/dan/dan.dat,337,1,406,True,DECLARED_OPOINT_NOT_RUNTIME_REACHABILITY
native,72,c/dan/dan.dat,361,0,406,True,DECLARED_OPOINT_NOT_RUNTIME_REACHABILITY
native,72,c/dan/dan.dat,377,0,406,True,DECLARED_OPOINT_NOT_RUNTIME_REACHABILITY
native,72,c/dan/dan.dat,378,0,72,True,DECLARED_OPOINT_NOT_RUNTIME_REACHABILITY
native,72,c/dan/dan.dat,371,0,406,True,DECLARED_OPOINT_NOT_RUNTIME_REACHABILITY
native,72,c/dan/dan.dat,449,1,407,True,DECLARED_OPOINT_NOT_RUNTIME_REACHABILITY
native,72,c/dan/dan.dat,455,0,406,True,DECLARED_OPOINT_NOT_RUNTIME_REACHABILITY
native,72,c/dan/dan.dat,457,2,407,True,DECLARED_OPOINT_NOT_RUNTIME_REACHABILITY
native,72,c/dan/dan.dat,602,1,900,True,DECLARED_OPOINT_NOT_RUNTIME_REACHABILITY
native,72,c/dan/dan.dat,620,0,406,True,DECLARED_OPOINT_NOT_RUNTIME_REACHABILITY
native,72,c/dan/dan.dat,631,1,204,True,DECLARED_OPOINT_NOT_RUNTIME_REACHABILITY
native,72,c/dan/dan.dat,641,1,204,True,DECLARED_OPOINT_NOT_RUNTIME_REACHABILITY
native,72,c/dan/dan.dat,666,0,406,True,DECLARED_OPOINT_NOT_RUNTIME_REACHABILITY
native,72,c/dan/dan.dat,667,0,408,True,DECLARED_OPOINT_NOT_RUNTIME_REACHABILITY
native,72,c/dan/dan.dat,727,2,72,True,DECLARED_OPOINT_NOT_RUNTIME_REACHABILITY
native,72,c/dan/dan.dat,740,2,406,True,DECLARED_OPOINT_NOT_RUNTIME_REACHABILITY
native,72,c/dan/dan.dat,731,0,406,True,DECLARED_OPOINT_NOT_RUNTIME_REACHABILITY
native,72,c/dan/dan.dat,731,1,407,True,DECLARED_OPOINT_NOT_RUNTIME_REACHABILITY
native,72,c/dan/dan.dat,751,0,406,True,DECLARED_OPOINT_NOT_RUNTIME_REACHABILITY
native,604,c/dan/danr.dat,46,0,406,True,DECLARED_OPOINT_NOT_RUNTIME_REACHABILITY
native,604,c/dan/danr.dat,61,0,406,True,DECLARED_OPOINT_NOT_RUNTIME_REACHABILITY
native,604,c/dan/danr.dat,62,0,408,True,DECLARED_OPOINT_NOT_RUNTIME_REACHABILITY
native,604,c/dan/danr.dat,66,0,406,True,DECLARED_OPOINT_NOT_RUNTIME_REACHABILITY
native,604,c/dan/danr.dat,67,1,408,True,DECLARED_OPOINT_NOT_RUNTIME_REACHABILITY
native,604,c/dan/danr.dat,71,0,406,True,DECLARED_OPOINT_NOT_RUNTIME_REACHABILITY
native,604,c/dan/danr.dat,72,1,408,True,DECLARED_OPOINT_NOT_RUNTIME_REACHABILITY
native,604,c/dan/danr.dat,82,0,408,True,DECLARED_OPOINT_NOT_RUNTIME_REACHABILITY
native,604,c/dan/danr.dat,500,0,406,True,DECLARED_OPOINT_NOT_RUNTIME_REACHABILITY
native,604,c/dan/danr.dat,91,0,406,True,DECLARED_OPOINT_NOT_RUNTIME_REACHABILITY
native,604,c/dan/danr.dat,510,0,408,True,DECLARED_OPOINT_NOT_RUNTIME_REACHABILITY
native,604,c/dan/danr.dat,125,0,123,True,DECLARED_OPOINT_NOT_RUNTIME_REACHABILITY
native,604,c/dan/danr.dat,126,0,204,True,DECLARED_OPOINT_NOT_RUNTIME_REACHABILITY
native,604,c/dan/danr.dat,462,0,406,True,DECLARED_OPOINT_NOT_RUNTIME_REACHABILITY
native,604,c/dan/danr.dat,463,1,408,True,DECLARED_OPOINT_NOT_RUNTIME_REACHABILITY
native,604,c/dan/danr.dat,150,0,406,True,DECLARED_OPOINT_NOT_RUNTIME_REACHABILITY
native,604,c/dan/danr.dat,165,3,407,True,DECLARED_OPOINT_NOT_RUNTIME_REACHABILITY
native,604,c/dan/danr.dat,167,3,407,True,DECLARED_OPOINT_NOT_RUNTIME_REACHABILITY
native,604,c/dan/danr.dat,221,0,406,True,DECLARED_OPOINT_NOT_RUNTIME_REACHABILITY
native,604,c/dan/danr.dat,223,0,406,True,DECLARED_OPOINT_NOT_RUNTIME_REACHABILITY
native,604,c/dan/danr.dat,236,0,406,True,DECLARED_OPOINT_NOT_RUNTIME_REACHABILITY
native,604,c/dan/danr.dat,236,1,204,True,DECLARED_OPOINT_NOT_RUNTIME_REACHABILITY
native,604,c/dan/danr.dat,238,0,204,True,DECLARED_OPOINT_NOT_RUNTIME_REACHABILITY
native,604,c/dan/danr.dat,240,0,406,True,DECLARED_OPOINT_NOT_RUNTIME_REACHABILITY
native,604,c/dan/danr.dat,240,1,407,True,DECLARED_OPOINT_NOT_RUNTIME_REACHABILITY
native,604,c/dan/danr.dat,251,0,406,True,DECLARED_OPOINT_NOT_RUNTIME_REACHABILITY
native,604,c/dan/danr.dat,253,0,407,True,DECLARED_OPOINT_NOT_RUNTIME_REACHABILITY
native,604,c/dan/danr.dat,254,0,407,True,DECLARED_OPOINT_NOT_RUNTIME_REACHABILITY
native,604,c/dan/danr.dat,255,0,407,True,DECLARED_OPOINT_NOT_RUNTIME_REACHABILITY
native,604,c/dan/danr.dat,256,0,407,True,DECLARED_OPOINT_NOT_RUNTIME_REACHABILITY
native,604,c/dan/danr.dat,257,0,407,True,DECLARED_OPOINT_NOT_RUNTIME_REACHABILITY
native,604,c/dan/danr.dat,271,0,407,True,DECLARED_OPOINT_NOT_RUNTIME_REACHABILITY
native,604,c/dan/danr.dat,272,0,407,True,DECLARED_OPOINT_NOT_RUNTIME_REACHABILITY
native,604,c/dan/danr.dat,273,0,407,True,DECLARED_OPOINT_NOT_RUNTIME_REACHABILITY
native,604,c/dan/danr.dat,274,0,407,True,DECLARED_OPOINT_NOT_RUNTIME_REACHABILITY
native,604,c/dan/danr.dat,275,0,407,True,DECLARED_OPOINT_NOT_RUNTIME_REACHABILITY
native,604,c/dan/danr.dat,265,0,406,True,DECLARED_OPOINT_NOT_RUNTIME_REACHABILITY
native,604,c/dan/danr.dat,266,0,406,True,DECLARED_OPOINT_NOT_RUNTIME_REACHABILITY
native,604,c/dan/danr.dat,267,0,406,True,DECLARED_OPOINT_NOT_RUNTIME_REACHABILITY
native,604,c/dan/danr.dat,268,0,406,True,DECLARED_OPOINT_NOT_RUNTIME_REACHABILITY
native,604,c/dan/danr.dat,281,0,406,True,DECLARED_OPOINT_NOT_RUNTIME_REACHABILITY
native,604,c/dan/danr.dat,287,0,406,True,DECLARED_OPOINT_NOT_RUNTIME_REACHABILITY
native,604,c/dan/danr.dat,288,0,407,True,DECLARED_OPOINT_NOT_RUNTIME_REACHABILITY
native,604,c/dan/danr.dat,311,0,406,True,DECLARED_OPOINT_NOT_RUNTIME_REACHABILITY
native,604,c/dan/danr.dat,313,3,407,True,DECLARED_OPOINT_NOT_RUNTIME_REACHABILITY
native,604,c/dan/danr.dat,331,0,406,True,DECLARED_OPOINT_NOT_RUNTIME_REACHABILITY
native,604,c/dan/danr.dat,331,1,407,True,DECLARED_OPOINT_NOT_RUNTIME_REACHABILITY
native,604,c/dan/danr.dat,333,0,406,True,DECLARED_OPOINT_NOT_RUNTIME_REACHABILITY
native,604,c/dan/danr.dat,333,1,407,True,DECLARED_OPOINT_NOT_RUNTIME_REACHABILITY
native,604,c/dan/danr.dat,335,1,406,True,DECLARED_OPOINT_NOT_RUNTIME_REACHABILITY
native,604,c/dan/danr.dat,361,0,406,True,DECLARED_OPOINT_NOT_RUNTIME_REACHABILITY
native,604,c/dan/danr.dat,377,0,406,True,DECLARED_OPOINT_NOT_RUNTIME_REACHABILITY
native,604,c/dan/danr.dat,378,0,604,True,DECLARED_OPOINT_NOT_RUNTIME_REACHABILITY
native,604,c/dan/danr.dat,371,0,406,True,DECLARED_OPOINT_NOT_RUNTIME_REACHABILITY
native,604,c/dan/danr.dat,384,3,407,True,DECLARED_OPOINT_NOT_RUNTIME_REACHABILITY
native,604,c/dan/danr.dat,385,3,407,True,DECLARED_OPOINT_NOT_RUNTIME_REACHABILITY
native,604,c/dan/danr.dat,386,3,407,True,DECLARED_OPOINT_NOT_RUNTIME_REACHABILITY
native,604,c/dan/danr.dat,387,3,407,True,DECLARED_OPOINT_NOT_RUNTIME_REACHABILITY
native,604,c/dan/danr.dat,388,3,407,True,DECLARED_OPOINT_NOT_RUNTIME_REACHABILITY
native,604,c/dan/danr.dat,389,3,407,True,DECLARED_OPOINT_NOT_RUNTIME_REACHABILITY
native,604,c/dan/danr.dat,390,3,407,True,DECLARED_OPOINT_NOT_RUNTIME_REACHABILITY
native,604,c/dan/danr.dat,391,3,407,True,DECLARED_OPOINT_NOT_RUNTIME_REACHABILITY
native,604,c/dan/danr.dat,392,3,407,True,DECLARED_OPOINT_NOT_RUNTIME_REACHABILITY
native,604,c/dan/danr.dat,402,0,846,True,DECLARED_OPOINT_NOT_RUNTIME_REACHABILITY
native,604,c/dan/danr.dat,449,1,407,True,DECLARED_OPOINT_NOT_RUNTIME_REACHABILITY
native,604,c/dan/danr.dat,455,0,406,True,DECLARED_OPOINT_NOT_RUNTIME_REACHABILITY
native,604,c/dan/danr.dat,457,2,407,True,DECLARED_OPOINT_NOT_RUNTIME_REACHABILITY
native,604,c/dan/danr.dat,602,1,900,True,DECLARED_OPOINT_NOT_RUNTIME_REACHABILITY
native,604,c/dan/danr.dat,620,0,406,True,DECLARED_OPOINT_NOT_RUNTIME_REACHABILITY
native,604,c/dan/danr.dat,631,1,204,True,DECLARED_OPOINT_NOT_RUNTIME_REACHABILITY
native,604,c/dan/danr.dat,641,1,204,True,DECLARED_OPOINT_NOT_RUNTIME_REACHABILITY
native,604,c/dan/danr.dat,665,0,406,True,DECLARED_OPOINT_NOT_RUNTIME_REACHABILITY
native,604,c/dan/danr.dat,666,1,408,True,DECLARED_OPOINT_NOT_RUNTIME_REACHABILITY
native,604,c/dan/danr.dat,717,1,406,True,DECLARED_OPOINT_NOT_RUNTIME_REACHABILITY
native,604,c/dan/danr.dat,718,1,406,True,DECLARED_OPOINT_NOT_RUNTIME_REACHABILITY
native,604,c/dan/danr.dat,719,1,406,True,DECLARED_OPOINT_NOT_RUNTIME_REACHABILITY
native,604,c/dan/danr.dat,720,1,406,True,DECLARED_OPOINT_NOT_RUNTIME_REACHABILITY
native,604,c/dan/danr.dat,721,1,406,True,DECLARED_OPOINT_NOT_RUNTIME_REACHABILITY
native,604,c/dan/danr.dat,722,1,406,True,DECLARED_OPOINT_NOT_RUNTIME_REACHABILITY
native,604,c/dan/danr.dat,723,1,406,True,DECLARED_OPOINT_NOT_RUNTIME_REACHABILITY
native,604,c/dan/danr.dat,724,1,406,True,DECLARED_OPOINT_NOT_RUNTIME_REACHABILITY
native,604,c/dan/danr.dat,725,1,406,True,DECLARED_OPOINT_NOT_RUNTIME_REACHABILITY
native,604,c/dan/danr.dat,726,1,406,True,DECLARED_OPOINT_NOT_RUNTIME_REACHABILITY
native,604,c/dan/danr.dat,727,1,406,True,DECLARED_OPOINT_NOT_RUNTIME_REACHABILITY
native,604,c/dan/danr.dat,729,1,604,True,DECLARED_OPOINT_NOT_RUNTIME_REACHABILITY
native,604,c/dan/danr.dat,759,0,406,True,DECLARED_OPOINT_NOT_RUNTIME_REACHABILITY
native,604,c/dan/danr.dat,762,3,407,True,DECLARED_OPOINT_NOT_RUNTIME_REACHABILITY
native,604,c/dan/danr.dat,767,5,407,True,DECLARED_OPOINT_NOT_RUNTIME_REACHABILITY
native,604,c/dan/danr.dat,770,0,406,True,DECLARED_OPOINT_NOT_RUNTIME_REACHABILITY
native,604,c/dan/danr.dat,772,4,407,True,DECLARED_OPOINT_NOT_RUNTIME_REACHABILITY
native,406,c/dan/a/win.dat,101,0,406,True,DECLARED_OPOINT_NOT_RUNTIME_REACHABILITY
native,406,c/dan/a/win.dat,451,0,406,True,DECLARED_OPOINT_NOT_RUNTIME_REACHABILITY
native,406,c/dan/a/win.dat,469,0,406,True,DECLARED_OPOINT_NOT_RUNTIME_REACHABILITY
native,406,c/dan/a/win.dat,471,0,406,True,DECLARED_OPOINT_NOT_RUNTIME_REACHABILITY
native,406,c/dan/a/win.dat,472,0,406,True,DECLARED_OPOINT_NOT_RUNTIME_REACHABILITY
native,406,c/dan/a/win.dat,476,0,406,True,DECLARED_OPOINT_NOT_RUNTIME_REACHABILITY
native,406,c/dan/a/win.dat,479,0,406,True,DECLARED_OPOINT_NOT_RUNTIME_REACHABILITY
native,406,c/dan/a/win.dat,480,0,406,True,DECLARED_OPOINT_NOT_RUNTIME_REACHABILITY
native,406,c/dan/a/win.dat,483,0,406,True,DECLARED_OPOINT_NOT_RUNTIME_REACHABILITY
native,407,c/dan/a/iza.dat,11,0,121,True,DECLARED_OPOINT_NOT_RUNTIME_REACHABILITY
native,407,c/dan/a/iza.dat,142,0,407,True,DECLARED_OPOINT_NOT_RUNTIME_REACHABILITY
native,407,c/dan/a/iza.dat,156,0,407,True,DECLARED_OPOINT_NOT_RUNTIME_REACHABILITY
native,407,c/dan/a/iza.dat,314,0,407,True,DECLARED_OPOINT_NOT_RUNTIME_REACHABILITY
native,407,c/dan/a/iza.dat,318,0,2130,False,DECLARED_OPOINT_NOT_RUNTIME_REACHABILITY
native,407,c/dan/a/iza.dat,414,0,407,True,DECLARED_OPOINT_NOT_RUNTIME_REACHABILITY
native,407,c/dan/a/iza.dat,418,0,2130,False,DECLARED_OPOINT_NOT_RUNTIME_REACHABILITY
native,408,c/dan/a/mark.dat,11,0,408,True,DECLARED_OPOINT_NOT_RUNTIME_REACHABILITY
native,408,c/dan/a/mark.dat,14,0,408,True,DECLARED_OPOINT_NOT_RUNTIME_REACHABILITY
native,70,c/shis/shis.dat,550,0,710,True,DECLARED_OPOINT_NOT_RUNTIME_REACHABILITY
native,70,c/shis/shis.dat,125,0,123,True,DECLARED_OPOINT_NOT_RUNTIME_REACHABILITY
native,70,c/shis/shis.dat,126,0,204,True,DECLARED_OPOINT_NOT_RUNTIME_REACHABILITY
native,70,c/shis/shis.dat,151,4,70,True,DECLARED_OPOINT_NOT_RUNTIME_REACHABILITY
native,70,c/shis/shis.dat,155,4,710,True,DECLARED_OPOINT_NOT_RUNTIME_REACHABILITY
native,70,c/shis/shis.dat,159,0,710,True,DECLARED_OPOINT_NOT_RUNTIME_REACHABILITY
native,70,c/shis/shis.dat,171,0,710,True,DECLARED_OPOINT_NOT_RUNTIME_REACHABILITY
native,70,c/shis/shis.dat,176,4,710,True,DECLARED_OPOINT_NOT_RUNTIME_REACHABILITY
native,70,c/shis/shis.dat,176,5,710,True,DECLARED_OPOINT_NOT_RUNTIME_REACHABILITY
native,70,c/shis/shis.dat,221,0,710,True,DECLARED_OPOINT_NOT_RUNTIME_REACHABILITY
native,70,c/shis/shis.dat,223,0,710,True,DECLARED_OPOINT_NOT_RUNTIME_REACHABILITY
native,70,c/shis/shis.dat,236,0,204,True,DECLARED_OPOINT_NOT_RUNTIME_REACHABILITY
native,70,c/shis/shis.dat,238,0,204,True,DECLARED_OPOINT_NOT_RUNTIME_REACHABILITY
native,70,c/shis/shis.dat,254,0,710,True,DECLARED_OPOINT_NOT_RUNTIME_REACHABILITY
native,70,c/shis/shis.dat,255,0,830,True,DECLARED_OPOINT_NOT_RUNTIME_REACHABILITY
native,70,c/shis/shis.dat,258,0,710,True,DECLARED_OPOINT_NOT_RUNTIME_REACHABILITY
native,70,c/shis/shis.dat,259,0,818,True,DECLARED_OPOINT_NOT_RUNTIME_REACHABILITY
native,70,c/shis/shis.dat,263,0,710,True,DECLARED_OPOINT_NOT_RUNTIME_REACHABILITY
native,70,c/shis/shis.dat,265,3,710,True,DECLARED_OPOINT_NOT_RUNTIME_REACHABILITY
native,70,c/shis/shis.dat,273,3,710,True,DECLARED_OPOINT_NOT_RUNTIME_REACHABILITY
native,70,c/shis/shis.dat,283,3,710,True,DECLARED_OPOINT_NOT_RUNTIME_REACHABILITY
native,70,c/shis/shis.dat,311,0,710,True,DECLARED_OPOINT_NOT_RUNTIME_REACHABILITY
native,70,c/shis/shis.dat,333,0,710,True,DECLARED_OPOINT_NOT_RUNTIME_REACHABILITY
native,70,c/shis/shis.dat,340,3,710,True,DECLARED_OPOINT_NOT_RUNTIME_REACHABILITY
native,70,c/shis/shis.dat,415,3,70,True,DECLARED_OPOINT_NOT_RUNTIME_REACHABILITY
native,70,c/shis/shis.dat,416,3,70,True,DECLARED_OPOINT_NOT_RUNTIME_REACHABILITY
native,70,c/shis/shis.dat,417,3,710,True,DECLARED_OPOINT_NOT_RUNTIME_REACHABILITY
native,70,c/shis/shis.dat,354,3,710,True,DECLARED_OPOINT_NOT_RUNTIME_REACHABILITY
native,70,c/shis/shis.dat,391,0,120,True,DECLARED_OPOINT_NOT_RUNTIME_REACHABILITY
native,70,c/shis/shis.dat,421,0,710,True,DECLARED_OPOINT_NOT_RUNTIME_REACHABILITY
native,70,c/shis/shis.dat,423,0,710,True,DECLARED_OPOINT_NOT_RUNTIME_REACHABILITY
native,70,c/shis/shis.dat,426,0,710,True,DECLARED_OPOINT_NOT_RUNTIME_REACHABILITY
native,70,c/shis/shis.dat,428,0,710,True,DECLARED_OPOINT_NOT_RUNTIME_REACHABILITY
native,70,c/shis/shis.dat,441,2,70,True,DECLARED_OPOINT_NOT_RUNTIME_REACHABILITY
native,70,c/shis/shis.dat,463,0,710,True,DECLARED_OPOINT_NOT_RUNTIME_REACHABILITY
native,70,c/shis/shis.dat,602,1,900,True,DECLARED_OPOINT_NOT_RUNTIME_REACHABILITY
native,70,c/shis/shis.dat,631,1,204,True,DECLARED_OPOINT_NOT_RUNTIME_REACHABILITY
native,70,c/shis/shis.dat,641,1,204,True,DECLARED_OPOINT_NOT_RUNTIME_REACHABILITY
native,710,c/shis/a/gen.dat,123,0,710,True,DECLARED_OPOINT_NOT_RUNTIME_REACHABILITY
native,710,c/shis/a/gen.dat,123,1,710,True,DECLARED_OPOINT_NOT_RUNTIME_REACHABILITY
native,710,c/shis/a/gen.dat,143,0,710,True,DECLARED_OPOINT_NOT_RUNTIME_REACHABILITY
native,710,c/shis/a/gen.dat,143,1,710,True,DECLARED_OPOINT_NOT_RUNTIME_REACHABILITY
native,710,c/shis/a/gen.dat,213,0,70,True,DECLARED_OPOINT_NOT_RUNTIME_REACHABILITY
native,710,c/shis/a/gen.dat,214,0,70,True,DECLARED_OPOINT_NOT_RUNTIME_REACHABILITY
native,18,c/nej/nej.dat,26,0,809,True,DECLARED_OPOINT_NOT_RUNTIME_REACHABILITY
native,18,c/nej/nej.dat,27,0,809,True,DECLARED_OPOINT_NOT_RUNTIME_REACHABILITY
native,18,c/nej/nej.dat,28,0,809,True,DECLARED_OPOINT_NOT_RUNTIME_REACHABILITY
native,18,c/nej/nej.dat,56,0,809,True,DECLARED_OPOINT_NOT_RUNTIME_REACHABILITY
native,18,c/nej/nej.dat,57,0,809,True,DECLARED_OPOINT_NOT_RUNTIME_REACHABILITY
native,18,c/nej/nej.dat,58,0,809,True,DECLARED_OPOINT_NOT_RUNTIME_REACHABILITY
native,18,c/nej/nej.dat,61,0,809,True,DECLARED_OPOINT_NOT_RUNTIME_REACHABILITY
native,18,c/nej/nej.dat,66,0,809,True,DECLARED_OPOINT_NOT_RUNTIME_REACHABILITY
native,18,c/nej/nej.dat,71,0,809,True,DECLARED_OPOINT_NOT_RUNTIME_REACHABILITY
native,18,c/nej/nej.dat,86,0,809,True,DECLARED_OPOINT_NOT_RUNTIME_REACHABILITY
native,18,c/nej/nej.dat,88,1,809,True,DECLARED_OPOINT_NOT_RUNTIME_REACHABILITY
native,18,c/nej/nej.dat,89,1,204,True,DECLARED_OPOINT_NOT_RUNTIME_REACHABILITY
native,18,c/nej/nej.dat,97,0,809,True,DECLARED_OPOINT_NOT_RUNTIME_REACHABILITY
native,18,c/nej/nej.dat,127,0,809,True,DECLARED_OPOINT_NOT_RUNTIME_REACHABILITY
native,18,c/nej/nej.dat,128,0,809,True,DECLARED_OPOINT_NOT_RUNTIME_REACHABILITY
native,18,c/nej/nej.dat,129,0,809,True,DECLARED_OPOINT_NOT_RUNTIME_REACHABILITY
native,18,c/nej/nej.dat,148,0,809,True,DECLARED_OPOINT_NOT_RUNTIME_REACHABILITY
native,18,c/nej/nej.dat,150,0,809,True,DECLARED_OPOINT_NOT_RUNTIME_REACHABILITY
native,18,c/nej/nej.dat,152,0,809,True,DECLARED_OPOINT_NOT_RUNTIME_REACHABILITY
native,18,c/nej/nej.dat,161,0,809,True,DECLARED_OPOINT_NOT_RUNTIME_REACHABILITY
native,18,c/nej/nej.dat,162,0,204,True,DECLARED_OPOINT_NOT_RUNTIME_REACHABILITY
native,18,c/nej/nej.dat,163,0,809,True,DECLARED_OPOINT_NOT_RUNTIME_REACHABILITY
native,18,c/nej/nej.dat,166,1,204,True,DECLARED_OPOINT_NOT_RUNTIME_REACHABILITY
native,18,c/nej/nej.dat,167,1,809,True,DECLARED_OPOINT_NOT_RUNTIME_REACHABILITY
native,18,c/nej/nej.dat,168,0,809,True,DECLARED_OPOINT_NOT_RUNTIME_REACHABILITY
native,18,c/nej/nej.dat,171,0,809,True,DECLARED_OPOINT_NOT_RUNTIME_REACHABILITY
native,18,c/nej/nej.dat,172,1,204,True,DECLARED_OPOINT_NOT_RUNTIME_REACHABILITY
native,18,c/nej/nej.dat,173,1,809,True,DECLARED_OPOINT_NOT_RUNTIME_REACHABILITY
native,18,c/nej/nej.dat,234,0,809,True,DECLARED_OPOINT_NOT_RUNTIME_REACHABILITY
native,18,c/nej/nej.dat,236,0,204,True,DECLARED_OPOINT_NOT_RUNTIME_REACHABILITY
native,18,c/nej/nej.dat,238,0,204,True,DECLARED_OPOINT_NOT_RUNTIME_REACHABILITY
native,18,c/nej/nej.dat,241,0,809,True,DECLARED_OPOINT_NOT_RUNTIME_REACHABILITY
native,18,c/nej/nej.dat,243,0,809,True,DECLARED_OPOINT_NOT_RUNTIME_REACHABILITY
native,18,c/nej/nej.dat,244,0,809,True,DECLARED_OPOINT_NOT_RUNTIME_REACHABILITY
native,18,c/nej/nej.dat,251,0,809,True,DECLARED_OPOINT_NOT_RUNTIME_REACHABILITY
native,18,c/nej/nej.dat,252,0,809,True,DECLARED_OPOINT_NOT_RUNTIME_REACHABILITY
native,18,c/nej/nej.dat,253,0,809,True,DECLARED_OPOINT_NOT_RUNTIME_REACHABILITY
native,18,c/nej/nej.dat,262,0,809,True,DECLARED_OPOINT_NOT_RUNTIME_REACHABILITY
native,18,c/nej/nej.dat,264,0,444,True,DECLARED_OPOINT_NOT_RUNTIME_REACHABILITY
native,18,c/nej/nej.dat,265,0,204,True,DECLARED_OPOINT_NOT_RUNTIME_REACHABILITY
native,18,c/nej/nej.dat,268,0,445,True,DECLARED_OPOINT_NOT_RUNTIME_REACHABILITY
native,18,c/nej/nej.dat,269,0,204,True,DECLARED_OPOINT_NOT_RUNTIME_REACHABILITY
native,18,c/nej/nej.dat,271,0,123,True,DECLARED_OPOINT_NOT_RUNTIME_REACHABILITY
native,18,c/nej/nej.dat,272,0,204,True,DECLARED_OPOINT_NOT_RUNTIME_REACHABILITY
native,18,c/nej/nej.dat,275,0,809,True,DECLARED_OPOINT_NOT_RUNTIME_REACHABILITY
native,18,c/nej/nej.dat,276,0,809,True,DECLARED_OPOINT_NOT_RUNTIME_REACHABILITY
native,18,c/nej/nej.dat,277,0,809,True,DECLARED_OPOINT_NOT_RUNTIME_REACHABILITY
native,18,c/nej/nej.dat,278,0,714,True,DECLARED_OPOINT_NOT_RUNTIME_REACHABILITY
native,18,c/nej/nej.dat,279,0,809,True,DECLARED_OPOINT_NOT_RUNTIME_REACHABILITY
native,18,c/nej/nej.dat,282,0,714,True,DECLARED_OPOINT_NOT_RUNTIME_REACHABILITY
native,18,c/nej/nej.dat,283,0,809,True,DECLARED_OPOINT_NOT_RUNTIME_REACHABILITY
native,18,c/nej/nej.dat,284,0,809,True,DECLARED_OPOINT_NOT_RUNTIME_REACHABILITY
native,18,c/nej/nej.dat,290,0,809,True,DECLARED_OPOINT_NOT_RUNTIME_REACHABILITY
native,18,c/nej/nej.dat,292,0,809,True,DECLARED_OPOINT_NOT_RUNTIME_REACHABILITY
native,18,c/nej/nej.dat,294,0,809,True,DECLARED_OPOINT_NOT_RUNTIME_REACHABILITY
native,18,c/nej/nej.dat,295,0,809,True,DECLARED_OPOINT_NOT_RUNTIME_REACHABILITY
native,18,c/nej/nej.dat,296,0,809,True,DECLARED_OPOINT_NOT_RUNTIME_REACHABILITY
native,18,c/nej/nej.dat,298,0,809,True,DECLARED_OPOINT_NOT_RUNTIME_REACHABILITY
native,18,c/nej/nej.dat,300,0,809,True,DECLARED_OPOINT_NOT_RUNTIME_REACHABILITY
native,18,c/nej/nej.dat,304,0,809,True,DECLARED_OPOINT_NOT_RUNTIME_REACHABILITY
native,18,c/nej/nej.dat,306,0,809,True,DECLARED_OPOINT_NOT_RUNTIME_REACHABILITY
native,18,c/nej/nej.dat,307,0,809,True,DECLARED_OPOINT_NOT_RUNTIME_REACHABILITY
native,18,c/nej/nej.dat,309,0,809,True,DECLARED_OPOINT_NOT_RUNTIME_REACHABILITY
native,18,c/nej/nej.dat,310,0,809,True,DECLARED_OPOINT_NOT_RUNTIME_REACHABILITY
native,18,c/nej/nej.dat,311,0,809,True,DECLARED_OPOINT_NOT_RUNTIME_REACHABILITY
native,18,c/nej/nej.dat,312,0,809,True,DECLARED_OPOINT_NOT_RUNTIME_REACHABILITY
native,18,c/nej/nej.dat,314,0,809,True,DECLARED_OPOINT_NOT_RUNTIME_REACHABILITY
native,18,c/nej/nej.dat,317,0,809,True,DECLARED_OPOINT_NOT_RUNTIME_REACHABILITY
native,18,c/nej/nej.dat,318,0,809,True,DECLARED_OPOINT_NOT_RUNTIME_REACHABILITY
native,18,c/nej/nej.dat,319,0,809,True,DECLARED_OPOINT_NOT_RUNTIME_REACHABILITY
native,18,c/nej/nej.dat,320,0,809,True,DECLARED_OPOINT_NOT_RUNTIME_REACHABILITY
native,18,c/nej/nej.dat,321,0,809,True,DECLARED_OPOINT_NOT_RUNTIME_REACHABILITY
native,18,c/nej/nej.dat,322,0,809,True,DECLARED_OPOINT_NOT_RUNTIME_REACHABILITY
native,18,c/nej/nej.dat,323,0,809,True,DECLARED_OPOINT_NOT_RUNTIME_REACHABILITY
native,18,c/nej/nej.dat,324,0,809,True,DECLARED_OPOINT_NOT_RUNTIME_REACHABILITY
native,18,c/nej/nej.dat,325,0,809,True,DECLARED_OPOINT_NOT_RUNTIME_REACHABILITY
native,18,c/nej/nej.dat,326,0,809,True,DECLARED_OPOINT_NOT_RUNTIME_REACHABILITY
native,18,c/nej/nej.dat,327,0,809,True,DECLARED_OPOINT_NOT_RUNTIME_REACHABILITY
native,18,c/nej/nej.dat,333,0,809,True,DECLARED_OPOINT_NOT_RUNTIME_REACHABILITY
native,18,c/nej/nej.dat,334,0,809,True,DECLARED_OPOINT_NOT_RUNTIME_REACHABILITY
native,18,c/nej/nej.dat,335,0,809,True,DECLARED_OPOINT_NOT_RUNTIME_REACHABILITY
native,18,c/nej/nej.dat,336,0,809,True,DECLARED_OPOINT_NOT_RUNTIME_REACHABILITY
native,18,c/nej/nej.dat,337,0,809,True,DECLARED_OPOINT_NOT_RUNTIME_REACHABILITY
native,18,c/nej/nej.dat,338,0,809,True,DECLARED_OPOINT_NOT_RUNTIME_REACHABILITY
native,18,c/nej/nej.dat,339,0,809,True,DECLARED_OPOINT_NOT_RUNTIME_REACHABILITY
native,18,c/nej/nej.dat,340,0,809,True,DECLARED_OPOINT_NOT_RUNTIME_REACHABILITY
native,18,c/nej/nej.dat,341,0,809,True,DECLARED_OPOINT_NOT_RUNTIME_REACHABILITY
native,18,c/nej/nej.dat,342,0,809,True,DECLARED_OPOINT_NOT_RUNTIME_REACHABILITY
native,18,c/nej/nej.dat,352,0,809,True,DECLARED_OPOINT_NOT_RUNTIME_REACHABILITY
native,18,c/nej/nej.dat,353,0,809,True,DECLARED_OPOINT_NOT_RUNTIME_REACHABILITY
native,18,c/nej/nej.dat,354,0,809,True,DECLARED_OPOINT_NOT_RUNTIME_REACHABILITY
native,18,c/nej/nej.dat,355,0,809,True,DECLARED_OPOINT_NOT_RUNTIME_REACHABILITY
native,18,c/nej/nej.dat,361,0,204,True,DECLARED_OPOINT_NOT_RUNTIME_REACHABILITY
native,18,c/nej/nej.dat,377,0,809,True,DECLARED_OPOINT_NOT_RUNTIME_REACHABILITY
native,18,c/nej/nej.dat,381,0,809,True,DECLARED_OPOINT_NOT_RUNTIME_REACHABILITY
native,18,c/nej/nej.dat,382,0,809,True,DECLARED_OPOINT_NOT_RUNTIME_REACHABILITY
native,18,c/nej/nej.dat,383,0,809,True,DECLARED_OPOINT_NOT_RUNTIME_REACHABILITY
native,18,c/nej/nej.dat,384,0,809,True,DECLARED_OPOINT_NOT_RUNTIME_REACHABILITY
native,18,c/nej/nej.dat,385,0,809,True,DECLARED_OPOINT_NOT_RUNTIME_REACHABILITY
native,18,c/nej/nej.dat,386,0,809,True,DECLARED_OPOINT_NOT_RUNTIME_REACHABILITY
native,18,c/nej/nej.dat,387,0,809,True,DECLARED_OPOINT_NOT_RUNTIME_REACHABILITY
native,18,c/nej/nej.dat,388,0,809,True,DECLARED_OPOINT_NOT_RUNTIME_REACHABILITY
native,18,c/nej/nej.dat,441,0,204,True,DECLARED_OPOINT_NOT_RUNTIME_REACHABILITY
native,18,c/nej/nej.dat,455,0,809,True,DECLARED_OPOINT_NOT_RUNTIME_REACHABILITY
native,18,c/nej/nej.dat,461,0,809,True,DECLARED_OPOINT_NOT_RUNTIME_REACHABILITY
native,18,c/nej/nej.dat,463,3,809,True,DECLARED_OPOINT_NOT_RUNTIME_REACHABILITY
native,18,c/nej/nej.dat,469,0,809,True,DECLARED_OPOINT_NOT_RUNTIME_REACHABILITY
native,18,c/nej/nej.dat,471,1,809,True,DECLARED_OPOINT_NOT_RUNTIME_REACHABILITY
native,18,c/nej/nej.dat,472,1,204,True,DECLARED_OPOINT_NOT_RUNTIME_REACHABILITY
native,18,c/nej/nej.dat,491,1,809,True,DECLARED_OPOINT_NOT_RUNTIME_REACHABILITY
native,18,c/nej/nej.dat,492,1,809,True,DECLARED_OPOINT_NOT_RUNTIME_REACHABILITY
native,18,c/nej/nej.dat,493,1,809,True,DECLARED_OPOINT_NOT_RUNTIME_REACHABILITY
native,18,c/nej/nej.dat,526,0,809,True,DECLARED_OPOINT_NOT_RUNTIME_REACHABILITY
native,18,c/nej/nej.dat,527,0,809,True,DECLARED_OPOINT_NOT_RUNTIME_REACHABILITY
native,18,c/nej/nej.dat,528,0,809,True,DECLARED_OPOINT_NOT_RUNTIME_REACHABILITY
native,18,c/nej/nej.dat,556,0,809,True,DECLARED_OPOINT_NOT_RUNTIME_REACHABILITY
native,18,c/nej/nej.dat,557,0,809,True,DECLARED_OPOINT_NOT_RUNTIME_REACHABILITY
native,18,c/nej/nej.dat,558,0,809,True,DECLARED_OPOINT_NOT_RUNTIME_REACHABILITY
native,18,c/nej/nej.dat,581,0,809,True,DECLARED_OPOINT_NOT_RUNTIME_REACHABILITY
native,18,c/nej/nej.dat,582,0,809,True,DECLARED_OPOINT_NOT_RUNTIME_REACHABILITY
native,18,c/nej/nej.dat,583,0,809,True,DECLARED_OPOINT_NOT_RUNTIME_REACHABILITY
native,18,c/nej/nej.dat,584,0,809,True,DECLARED_OPOINT_NOT_RUNTIME_REACHABILITY
native,18,c/nej/nej.dat,585,0,809,True,DECLARED_OPOINT_NOT_RUNTIME_REACHABILITY
native,18,c/nej/nej.dat,586,0,809,True,DECLARED_OPOINT_NOT_RUNTIME_REACHABILITY
native,18,c/nej/nej.dat,587,0,809,True,DECLARED_OPOINT_NOT_RUNTIME_REACHABILITY
native,18,c/nej/nej.dat,588,0,809,True,DECLARED_OPOINT_NOT_RUNTIME_REACHABILITY
native,18,c/nej/nej.dat,602,1,900,True,DECLARED_OPOINT_NOT_RUNTIME_REACHABILITY
native,18,c/nej/nej.dat,631,1,204,True,DECLARED_OPOINT_NOT_RUNTIME_REACHABILITY
native,18,c/nej/nej.dat,641,1,204,True,DECLARED_OPOINT_NOT_RUNTIME_REACHABILITY
native,18,c/nej/nej.dat,666,1,204,True,DECLARED_OPOINT_NOT_RUNTIME_REACHABILITY
native,18,c/nej/nej.dat,667,1,809,True,DECLARED_OPOINT_NOT_RUNTIME_REACHABILITY
native,18,c/nej/nej.dat,668,0,809,True,DECLARED_OPOINT_NOT_RUNTIME_REACHABILITY
native,444,c/nej/a/bya.dat,21,0,809,True,DECLARED_OPOINT_NOT_RUNTIME_REACHABILITY
native,444,c/nej/a/bya.dat,22,0,809,True,DECLARED_OPOINT_NOT_RUNTIME_REACHABILITY
native,444,c/nej/a/bya.dat,23,0,809,True,DECLARED_OPOINT_NOT_RUNTIME_REACHABILITY
native,444,c/nej/a/bya.dat,24,0,809,True,DECLARED_OPOINT_NOT_RUNTIME_REACHABILITY
native,444,c/nej/a/bya.dat,25,0,809,True,DECLARED_OPOINT_NOT_RUNTIME_REACHABILITY
native,444,c/nej/a/bya.dat,26,0,809,True,DECLARED_OPOINT_NOT_RUNTIME_REACHABILITY
native,444,c/nej/a/bya.dat,27,0,809,True,DECLARED_OPOINT_NOT_RUNTIME_REACHABILITY
native,444,c/nej/a/bya.dat,28,0,809,True,DECLARED_OPOINT_NOT_RUNTIME_REACHABILITY
native,444,c/nej/a/bya.dat,29,0,809,True,DECLARED_OPOINT_NOT_RUNTIME_REACHABILITY
native,444,c/nej/a/bya.dat,30,0,809,True,DECLARED_OPOINT_NOT_RUNTIME_REACHABILITY
native,444,c/nej/a/bya.dat,31,0,809,True,DECLARED_OPOINT_NOT_RUNTIME_REACHABILITY
native,444,c/nej/a/bya.dat,32,0,809,True,DECLARED_OPOINT_NOT_RUNTIME_REACHABILITY
native,444,c/nej/a/bya.dat,33,0,809,True,DECLARED_OPOINT_NOT_RUNTIME_REACHABILITY
native,444,c/nej/a/bya.dat,34,0,809,True,DECLARED_OPOINT_NOT_RUNTIME_REACHABILITY
native,444,c/nej/a/bya.dat,35,0,809,True,DECLARED_OPOINT_NOT_RUNTIME_REACHABILITY
native,444,c/nej/a/bya.dat,36,0,809,True,DECLARED_OPOINT_NOT_RUNTIME_REACHABILITY
native,444,c/nej/a/bya.dat,100,0,444,True,DECLARED_OPOINT_NOT_RUNTIME_REACHABILITY
native,444,c/nej/a/bya.dat,105,0,809,True,DECLARED_OPOINT_NOT_RUNTIME_REACHABILITY
native,445,c/nej/a/bya2.dat,21,0,809,True,DECLARED_OPOINT_NOT_RUNTIME_REACHABILITY
native,445,c/nej/a/bya2.dat,22,0,809,True,DECLARED_OPOINT_NOT_RUNTIME_REACHABILITY
native,445,c/nej/a/bya2.dat,23,0,809,True,DECLARED_OPOINT_NOT_RUNTIME_REACHABILITY
native,445,c/nej/a/bya2.dat,24,0,809,True,DECLARED_OPOINT_NOT_RUNTIME_REACHABILITY
native,445,c/nej/a/bya2.dat,25,0,809,True,DECLARED_OPOINT_NOT_RUNTIME_REACHABILITY
native,445,c/nej/a/bya2.dat,26,0,809,True,DECLARED_OPOINT_NOT_RUNTIME_REACHABILITY
native,445,c/nej/a/bya2.dat,27,0,809,True,DECLARED_OPOINT_NOT_RUNTIME_REACHABILITY
native,445,c/nej/a/bya2.dat,28,0,809,True,DECLARED_OPOINT_NOT_RUNTIME_REACHABILITY
native,445,c/nej/a/bya2.dat,29,0,809,True,DECLARED_OPOINT_NOT_RUNTIME_REACHABILITY
native,445,c/nej/a/bya2.dat,30,0,809,True,DECLARED_OPOINT_NOT_RUNTIME_REACHABILITY
native,445,c/nej/a/bya2.dat,31,0,809,True,DECLARED_OPOINT_NOT_RUNTIME_REACHABILITY
native,445,c/nej/a/bya2.dat,32,0,809,True,DECLARED_OPOINT_NOT_RUNTIME_REACHABILITY
native,445,c/nej/a/bya2.dat,33,0,809,True,DECLARED_OPOINT_NOT_RUNTIME_REACHABILITY
native,445,c/nej/a/bya2.dat,34,0,809,True,DECLARED_OPOINT_NOT_RUNTIME_REACHABILITY
native,445,c/nej/a/bya2.dat,35,0,809,True,DECLARED_OPOINT_NOT_RUNTIME_REACHABILITY
native,445,c/nej/a/bya2.dat,36,0,809,True,DECLARED_OPOINT_NOT_RUNTIME_REACHABILITY
native,445,c/nej/a/bya2.dat,100,0,445,True,DECLARED_OPOINT_NOT_RUNTIME_REACHABILITY
native,445,c/nej/a/bya2.dat,105,0,809,True,DECLARED_OPOINT_NOT_RUNTIME_REACHABILITY
native,809,c/nej/a/are.dat,102,0,809,True,DECLARED_OPOINT_NOT_RUNTIME_REACHABILITY
native,809,c/nej/a/are.dat,174,0,229,True,DECLARED_OPOINT_NOT_RUNTIME_REACHABILITY
native,809,c/nej/a/are.dat,175,0,809,True,DECLARED_OPOINT_NOT_RUNTIME_REACHABILITY
native,809,c/nej/a/are.dat,176,0,809,True,DECLARED_OPOINT_NOT_RUNTIME_REACHABILITY
native,809,c/nej/a/are.dat,177,0,809,True,DECLARED_OPOINT_NOT_RUNTIME_REACHABILITY
native,809,c/nej/a/are.dat,178,0,809,True,DECLARED_OPOINT_NOT_RUNTIME_REACHABILITY
native,809,c/nej/a/are.dat,274,0,229,True,DECLARED_OPOINT_NOT_RUNTIME_REACHABILITY
native,809,c/nej/a/are.dat,275,0,809,True,DECLARED_OPOINT_NOT_RUNTIME_REACHABILITY
native,809,c/nej/a/are.dat,276,0,809,True,DECLARED_OPOINT_NOT_RUNTIME_REACHABILITY
native,809,c/nej/a/are.dat,277,0,809,True,DECLARED_OPOINT_NOT_RUNTIME_REACHABILITY
native,809,c/nej/a/are.dat,278,0,809,True,DECLARED_OPOINT_NOT_RUNTIME_REACHABILITY
native,809,c/nej/a/are.dat,366,0,809,True,DECLARED_OPOINT_NOT_RUNTIME_REACHABILITY
native,809,c/nej/a/are.dat,397,0,204,True,DECLARED_OPOINT_NOT_RUNTIME_REACHABILITY
native,809,c/nej/a/are.dat,398,0,204,True,DECLARED_OPOINT_NOT_RUNTIME_REACHABILITY
native,41,c/hin/hin.dat,26,0,810,True,DECLARED_OPOINT_NOT_RUNTIME_REACHABILITY
native,41,c/hin/hin.dat,27,0,810,True,DECLARED_OPOINT_NOT_RUNTIME_REACHABILITY
native,41,c/hin/hin.dat,28,0,810,True,DECLARED_OPOINT_NOT_RUNTIME_REACHABILITY
native,41,c/hin/hin.dat,56,0,810,True,DECLARED_OPOINT_NOT_RUNTIME_REACHABILITY
native,41,c/hin/hin.dat,57,0,810,True,DECLARED_OPOINT_NOT_RUNTIME_REACHABILITY
native,41,c/hin/hin.dat,58,0,810,True,DECLARED_OPOINT_NOT_RUNTIME_REACHABILITY
native,41,c/hin/hin.dat,127,0,810,True,DECLARED_OPOINT_NOT_RUNTIME_REACHABILITY
native,41,c/hin/hin.dat,128,0,810,True,DECLARED_OPOINT_NOT_RUNTIME_REACHABILITY
native,41,c/hin/hin.dat,129,0,810,True,DECLARED_OPOINT_NOT_RUNTIME_REACHABILITY
native,41,c/hin/hin.dat,148,0,810,True,DECLARED_OPOINT_NOT_RUNTIME_REACHABILITY
native,41,c/hin/hin.dat,150,0,810,True,DECLARED_OPOINT_NOT_RUNTIME_REACHABILITY
native,41,c/hin/hin.dat,152,0,810,True,DECLARED_OPOINT_NOT_RUNTIME_REACHABILITY
native,41,c/hin/hin.dat,170,0,280,True,DECLARED_OPOINT_NOT_RUNTIME_REACHABILITY
native,41,c/hin/hin.dat,171,0,280,True,DECLARED_OPOINT_NOT_RUNTIME_REACHABILITY
native,41,c/hin/hin.dat,172,0,280,True,DECLARED_OPOINT_NOT_RUNTIME_REACHABILITY
native,41,c/hin/hin.dat,173,0,280,True,DECLARED_OPOINT_NOT_RUNTIME_REACHABILITY
native,41,c/hin/hin.dat,174,0,280,True,DECLARED_OPOINT_NOT_RUNTIME_REACHABILITY
native,41,c/hin/hin.dat,175,0,280,True,DECLARED_OPOINT_NOT_RUNTIME_REACHABILITY
native,41,c/hin/hin.dat,176,0,280,True,DECLARED_OPOINT_NOT_RUNTIME_REACHABILITY
native,41,c/hin/hin.dat,177,0,280,True,DECLARED_OPOINT_NOT_RUNTIME_REACHABILITY
native,41,c/hin/hin.dat,178,0,280,True,DECLARED_OPOINT_NOT_RUNTIME_REACHABILITY
native,41,c/hin/hin.dat,179,0,280,True,DECLARED_OPOINT_NOT_RUNTIME_REACHABILITY
native,41,c/hin/hin.dat,236,0,204,True,DECLARED_OPOINT_NOT_RUNTIME_REACHABILITY
native,41,c/hin/hin.dat,238,0,204,True,DECLARED_OPOINT_NOT_RUNTIME_REACHABILITY
native,41,c/hin/hin.dat,243,0,810,True,DECLARED_OPOINT_NOT_RUNTIME_REACHABILITY
native,41,c/hin/hin.dat,244,0,810,True,DECLARED_OPOINT_NOT_RUNTIME_REACHABILITY
native,41,c/hin/hin.dat,252,0,810,True,DECLARED_OPOINT_NOT_RUNTIME_REACHABILITY
native,41,c/hin/hin.dat,253,0,810,True,DECLARED_OPOINT_NOT_RUNTIME_REACHABILITY
native,41,c/hin/hin.dat,262,0,810,True,DECLARED_OPOINT_NOT_RUNTIME_REACHABILITY
native,41,c/hin/hin.dat,264,0,444,True,DECLARED_OPOINT_NOT_RUNTIME_REACHABILITY
native,41,c/hin/hin.dat,265,0,204,True,DECLARED_OPOINT_NOT_RUNTIME_REACHABILITY
native,41,c/hin/hin.dat,269,0,810,True,DECLARED_OPOINT_NOT_RUNTIME_REACHABILITY
native,41,c/hin/hin.dat,271,0,123,True,DECLARED_OPOINT_NOT_RUNTIME_REACHABILITY
native,41,c/hin/hin.dat,272,0,204,True,DECLARED_OPOINT_NOT_RUNTIME_REACHABILITY
native,41,c/hin/hin.dat,281,0,714,True,DECLARED_OPOINT_NOT_RUNTIME_REACHABILITY
native,41,c/hin/hin.dat,290,0,810,True,DECLARED_OPOINT_NOT_RUNTIME_REACHABILITY
native,41,c/hin/hin.dat,292,0,810,True,DECLARED_OPOINT_NOT_RUNTIME_REACHABILITY
native,41,c/hin/hin.dat,294,0,810,True,DECLARED_OPOINT_NOT_RUNTIME_REACHABILITY
native,41,c/hin/hin.dat,295,0,810,True,DECLARED_OPOINT_NOT_RUNTIME_REACHABILITY
native,41,c/hin/hin.dat,296,0,810,True,DECLARED_OPOINT_NOT_RUNTIME_REACHABILITY
native,41,c/hin/hin.dat,298,0,810,True,DECLARED_OPOINT_NOT_RUNTIME_REACHABILITY
native,41,c/hin/hin.dat,300,0,810,True,DECLARED_OPOINT_NOT_RUNTIME_REACHABILITY
native,41,c/hin/hin.dat,304,0,810,True,DECLARED_OPOINT_NOT_RUNTIME_REACHABILITY
native,41,c/hin/hin.dat,306,0,810,True,DECLARED_OPOINT_NOT_RUNTIME_REACHABILITY
native,41,c/hin/hin.dat,307,0,810,True,DECLARED_OPOINT_NOT_RUNTIME_REACHABILITY
native,41,c/hin/hin.dat,309,0,810,True,DECLARED_OPOINT_NOT_RUNTIME_REACHABILITY
native,41,c/hin/hin.dat,310,0,810,True,DECLARED_OPOINT_NOT_RUNTIME_REACHABILITY
native,41,c/hin/hin.dat,311,0,810,True,DECLARED_OPOINT_NOT_RUNTIME_REACHABILITY
native,41,c/hin/hin.dat,312,0,810,True,DECLARED_OPOINT_NOT_RUNTIME_REACHABILITY
native,41,c/hin/hin.dat,314,0,810,True,DECLARED_OPOINT_NOT_RUNTIME_REACHABILITY
native,41,c/hin/hin.dat,317,0,810,True,DECLARED_OPOINT_NOT_RUNTIME_REACHABILITY
native,41,c/hin/hin.dat,318,0,810,True,DECLARED_OPOINT_NOT_RUNTIME_REACHABILITY
native,41,c/hin/hin.dat,319,0,810,True,DECLARED_OPOINT_NOT_RUNTIME_REACHABILITY
native,41,c/hin/hin.dat,320,0,810,True,DECLARED_OPOINT_NOT_RUNTIME_REACHABILITY
native,41,c/hin/hin.dat,321,0,810,True,DECLARED_OPOINT_NOT_RUNTIME_REACHABILITY
native,41,c/hin/hin.dat,322,0,810,True,DECLARED_OPOINT_NOT_RUNTIME_REACHABILITY
native,41,c/hin/hin.dat,323,0,810,True,DECLARED_OPOINT_NOT_RUNTIME_REACHABILITY
native,41,c/hin/hin.dat,324,0,810,True,DECLARED_OPOINT_NOT_RUNTIME_REACHABILITY
native,41,c/hin/hin.dat,325,0,810,True,DECLARED_OPOINT_NOT_RUNTIME_REACHABILITY
native,41,c/hin/hin.dat,326,0,810,True,DECLARED_OPOINT_NOT_RUNTIME_REACHABILITY
native,41,c/hin/hin.dat,327,0,810,True,DECLARED_OPOINT_NOT_RUNTIME_REACHABILITY
native,41,c/hin/hin.dat,333,0,810,True,DECLARED_OPOINT_NOT_RUNTIME_REACHABILITY
native,41,c/hin/hin.dat,334,0,810,True,DECLARED_OPOINT_NOT_RUNTIME_REACHABILITY
native,41,c/hin/hin.dat,335,0,810,True,DECLARED_OPOINT_NOT_RUNTIME_REACHABILITY
native,41,c/hin/hin.dat,336,0,810,True,DECLARED_OPOINT_NOT_RUNTIME_REACHABILITY
native,41,c/hin/hin.dat,337,0,810,True,DECLARED_OPOINT_NOT_RUNTIME_REACHABILITY
native,41,c/hin/hin.dat,338,0,810,True,DECLARED_OPOINT_NOT_RUNTIME_REACHABILITY
native,41,c/hin/hin.dat,339,0,810,True,DECLARED_OPOINT_NOT_RUNTIME_REACHABILITY
native,41,c/hin/hin.dat,340,0,810,True,DECLARED_OPOINT_NOT_RUNTIME_REACHABILITY
native,41,c/hin/hin.dat,341,0,810,True,DECLARED_OPOINT_NOT_RUNTIME_REACHABILITY
native,41,c/hin/hin.dat,342,0,810,True,DECLARED_OPOINT_NOT_RUNTIME_REACHABILITY
native,41,c/hin/hin.dat,352,0,810,True,DECLARED_OPOINT_NOT_RUNTIME_REACHABILITY
native,41,c/hin/hin.dat,353,0,810,True,DECLARED_OPOINT_NOT_RUNTIME_REACHABILITY
native,41,c/hin/hin.dat,377,0,810,True,DECLARED_OPOINT_NOT_RUNTIME_REACHABILITY
native,41,c/hin/hin.dat,381,0,810,True,DECLARED_OPOINT_NOT_RUNTIME_REACHABILITY
native,41,c/hin/hin.dat,382,0,810,True,DECLARED_OPOINT_NOT_RUNTIME_REACHABILITY
native,41,c/hin/hin.dat,383,0,810,True,DECLARED_OPOINT_NOT_RUNTIME_REACHABILITY
native,41,c/hin/hin.dat,384,0,810,True,DECLARED_OPOINT_NOT_RUNTIME_REACHABILITY
native,41,c/hin/hin.dat,385,0,810,True,DECLARED_OPOINT_NOT_RUNTIME_REACHABILITY
native,41,c/hin/hin.dat,386,0,810,True,DECLARED_OPOINT_NOT_RUNTIME_REACHABILITY
native,41,c/hin/hin.dat,387,0,810,True,DECLARED_OPOINT_NOT_RUNTIME_REACHABILITY
native,41,c/hin/hin.dat,388,0,810,True,DECLARED_OPOINT_NOT_RUNTIME_REACHABILITY
native,41,c/hin/hin.dat,392,0,444,True,DECLARED_OPOINT_NOT_RUNTIME_REACHABILITY
native,41,c/hin/hin.dat,393,0,204,True,DECLARED_OPOINT_NOT_RUNTIME_REACHABILITY
native,41,c/hin/hin.dat,395,0,280,True,DECLARED_OPOINT_NOT_RUNTIME_REACHABILITY
native,41,c/hin/hin.dat,413,0,866,True,DECLARED_OPOINT_NOT_RUNTIME_REACHABILITY
native,41,c/hin/hin.dat,463,0,810,True,DECLARED_OPOINT_NOT_RUNTIME_REACHABILITY
native,41,c/hin/hin.dat,471,0,810,True,DECLARED_OPOINT_NOT_RUNTIME_REACHABILITY
native,41,c/hin/hin.dat,501,0,810,True,DECLARED_OPOINT_NOT_RUNTIME_REACHABILITY
native,41,c/hin/hin.dat,509,0,208,True,DECLARED_OPOINT_NOT_RUNTIME_REACHABILITY
native,41,c/hin/hin.dat,631,1,204,True,DECLARED_OPOINT_NOT_RUNTIME_REACHABILITY
native,41,c/hin/hin.dat,641,0,204,True,DECLARED_OPOINT_NOT_RUNTIME_REACHABILITY
native,41,c/hin/hin.dat,724,0,204,True,DECLARED_OPOINT_NOT_RUNTIME_REACHABILITY
native,41,c/hin/hin.dat,725,0,810,True,DECLARED_OPOINT_NOT_RUNTIME_REACHABILITY
native,41,c/hin/hin.dat,726,0,810,True,DECLARED_OPOINT_NOT_RUNTIME_REACHABILITY
native,41,c/hin/hin.dat,727,0,810,True,DECLARED_OPOINT_NOT_RUNTIME_REACHABILITY
native,41,c/hin/hin.dat,728,0,810,True,DECLARED_OPOINT_NOT_RUNTIME_REACHABILITY
native,41,c/hin/hin.dat,729,0,810,True,DECLARED_OPOINT_NOT_RUNTIME_REACHABILITY
native,41,c/hin/hin.dat,730,0,810,True,DECLARED_OPOINT_NOT_RUNTIME_REACHABILITY
native,41,c/hin/hin.dat,731,0,810,True,DECLARED_OPOINT_NOT_RUNTIME_REACHABILITY
native,41,c/hin/hin.dat,738,0,810,True,DECLARED_OPOINT_NOT_RUNTIME_REACHABILITY
native,41,c/hin/hin.dat,771,0,810,True,DECLARED_OPOINT_NOT_RUNTIME_REACHABILITY
native,810,c/hin/a/are.dat,102,0,810,True,DECLARED_OPOINT_NOT_RUNTIME_REACHABILITY
native,810,c/hin/a/are.dat,174,0,229,True,DECLARED_OPOINT_NOT_RUNTIME_REACHABILITY
native,810,c/hin/a/are.dat,175,0,810,True,DECLARED_OPOINT_NOT_RUNTIME_REACHABILITY
native,810,c/hin/a/are.dat,176,0,810,True,DECLARED_OPOINT_NOT_RUNTIME_REACHABILITY
native,810,c/hin/a/are.dat,177,0,810,True,DECLARED_OPOINT_NOT_RUNTIME_REACHABILITY
native,810,c/hin/a/are.dat,178,0,810,True,DECLARED_OPOINT_NOT_RUNTIME_REACHABILITY
native,810,c/hin/a/are.dat,274,0,229,True,DECLARED_OPOINT_NOT_RUNTIME_REACHABILITY
native,810,c/hin/a/are.dat,275,0,810,True,DECLARED_OPOINT_NOT_RUNTIME_REACHABILITY
native,810,c/hin/a/are.dat,276,0,810,True,DECLARED_OPOINT_NOT_RUNTIME_REACHABILITY
native,810,c/hin/a/are.dat,277,0,810,True,DECLARED_OPOINT_NOT_RUNTIME_REACHABILITY
native,810,c/hin/a/are.dat,278,0,810,True,DECLARED_OPOINT_NOT_RUNTIME_REACHABILITY
native,810,c/hin/a/are.dat,351,0,810,True,DECLARED_OPOINT_NOT_RUNTIME_REACHABILITY
native,810,c/hin/a/are.dat,366,0,810,True,DECLARED_OPOINT_NOT_RUNTIME_REACHABILITY
native,866,c/hin/a/hincha.dat,20,0,810,True,DECLARED_OPOINT_NOT_RUNTIME_REACHABILITY
native,866,c/hin/a/hincha.dat,21,0,810,True,DECLARED_OPOINT_NOT_RUNTIME_REACHABILITY
native,866,c/hin/a/hincha.dat,22,0,810,True,DECLARED_OPOINT_NOT_RUNTIME_REACHABILITY
native,866,c/hin/a/hincha.dat,23,1,810,True,DECLARED_OPOINT_NOT_RUNTIME_REACHABILITY
native,866,c/hin/a/hincha.dat,24,0,810,True,DECLARED_OPOINT_NOT_RUNTIME_REACHABILITY
native,866,c/hin/a/hincha.dat,25,0,810,True,DECLARED_OPOINT_NOT_RUNTIME_REACHABILITY
native,866,c/hin/a/hincha.dat,26,0,810,True,DECLARED_OPOINT_NOT_RUNTIME_REACHABILITY
native,866,c/hin/a/hincha.dat,27,0,810,True,DECLARED_OPOINT_NOT_RUNTIME_REACHABILITY
native,866,c/hin/a/hincha.dat,28,0,810,True,DECLARED_OPOINT_NOT_RUNTIME_REACHABILITY
native,866,c/hin/a/hincha.dat,29,0,810,True,DECLARED_OPOINT_NOT_RUNTIME_REACHABILITY
native,866,c/hin/a/hincha.dat,30,0,810,True,DECLARED_OPOINT_NOT_RUNTIME_REACHABILITY
native,866,c/hin/a/hincha.dat,31,0,810,True,DECLARED_OPOINT_NOT_RUNTIME_REACHABILITY
native,866,c/hin/a/hincha.dat,32,0,810,True,DECLARED_OPOINT_NOT_RUNTIME_REACHABILITY
native,866,c/hin/a/hincha.dat,33,0,810,True,DECLARED_OPOINT_NOT_RUNTIME_REACHABILITY
native,866,c/hin/a/hincha.dat,34,0,810,True,DECLARED_OPOINT_NOT_RUNTIME_REACHABILITY
native,866,c/hin/a/hincha.dat,35,0,810,True,DECLARED_OPOINT_NOT_RUNTIME_REACHABILITY
native,866,c/hin/a/hincha.dat,36,0,810,True,DECLARED_OPOINT_NOT_RUNTIME_REACHABILITY
native,866,c/hin/a/hincha.dat,100,0,810,True,DECLARED_OPOINT_NOT_RUNTIME_REACHABILITY
native,7,c/lee/lee.dat,22,0,706,True,DECLARED_OPOINT_NOT_RUNTIME_REACHABILITY
native,7,c/lee/lee.dat,23,0,706,True,DECLARED_OPOINT_NOT_RUNTIME_REACHABILITY
native,7,c/lee/lee.dat,33,0,706,True,DECLARED_OPOINT_NOT_RUNTIME_REACHABILITY
native,7,c/lee/lee.dat,34,0,706,True,DECLARED_OPOINT_NOT_RUNTIME_REACHABILITY
native,7,c/lee/lee.dat,36,0,706,True,DECLARED_OPOINT_NOT_RUNTIME_REACHABILITY
native,7,c/lee/lee.dat,38,0,706,True,DECLARED_OPOINT_NOT_RUNTIME_REACHABILITY
native,7,c/lee/lee.dat,61,0,814,True,DECLARED_OPOINT_NOT_RUNTIME_REACHABILITY
native,7,c/lee/lee.dat,81,0,814,True,DECLARED_OPOINT_NOT_RUNTIME_REACHABILITY
native,7,c/lee/lee.dat,86,0,814,True,DECLARED_OPOINT_NOT_RUNTIME_REACHABILITY
native,7,c/lee/lee.dat,91,0,814,True,DECLARED_OPOINT_NOT_RUNTIME_REACHABILITY
native,7,c/lee/lee.dat,93,0,814,True,DECLARED_OPOINT_NOT_RUNTIME_REACHABILITY
native,7,c/lee/lee.dat,103,0,814,True,DECLARED_OPOINT_NOT_RUNTIME_REACHABILITY
native,7,c/lee/lee.dat,125,0,706,True,DECLARED_OPOINT_NOT_RUNTIME_REACHABILITY
native,7,c/lee/lee.dat,146,0,814,True,DECLARED_OPOINT_NOT_RUNTIME_REACHABILITY
native,7,c/lee/lee.dat,162,0,814,True,DECLARED_OPOINT_NOT_RUNTIME_REACHABILITY
native,7,c/lee/lee.dat,164,0,204,True,DECLARED_OPOINT_NOT_RUNTIME_REACHABILITY
native,7,c/lee/lee.dat,165,0,814,True,DECLARED_OPOINT_NOT_RUNTIME_REACHABILITY
native,7,c/lee/lee.dat,173,0,208,True,DECLARED_OPOINT_NOT_RUNTIME_REACHABILITY
native,7,c/lee/lee.dat,174,0,814,True,DECLARED_OPOINT_NOT_RUNTIME_REACHABILITY
native,7,c/lee/lee.dat,193,0,814,True,DECLARED_OPOINT_NOT_RUNTIME_REACHABILITY
native,7,c/lee/lee.dat,194,0,814,True,DECLARED_OPOINT_NOT_RUNTIME_REACHABILITY
native,7,c/lee/lee.dat,244,0,204,True,DECLARED_OPOINT_NOT_RUNTIME_REACHABILITY
native,7,c/lee/lee.dat,251,0,123,True,DECLARED_OPOINT_NOT_RUNTIME_REACHABILITY
native,7,c/lee/lee.dat,252,0,204,True,DECLARED_OPOINT_NOT_RUNTIME_REACHABILITY
native,7,c/lee/lee.dat,256,0,814,True,DECLARED_OPOINT_NOT_RUNTIME_REACHABILITY
native,7,c/lee/lee.dat,257,0,204,True,DECLARED_OPOINT_NOT_RUNTIME_REACHABILITY
native,7,c/lee/lee.dat,282,0,208,True,DECLARED_OPOINT_NOT_RUNTIME_REACHABILITY
native,7,c/lee/lee.dat,283,0,814,True,DECLARED_OPOINT_NOT_RUNTIME_REACHABILITY
native,7,c/lee/lee.dat,293,0,814,True,DECLARED_OPOINT_NOT_RUNTIME_REACHABILITY
native,7,c/lee/lee.dat,294,0,814,True,DECLARED_OPOINT_NOT_RUNTIME_REACHABILITY
native,7,c/lee/lee.dat,296,0,204,True,DECLARED_OPOINT_NOT_RUNTIME_REACHABILITY
native,7,c/lee/lee.dat,306,0,204,True,DECLARED_OPOINT_NOT_RUNTIME_REACHABILITY
native,7,c/lee/lee.dat,307,0,204,True,DECLARED_OPOINT_NOT_RUNTIME_REACHABILITY
native,7,c/lee/lee.dat,313,0,204,True,DECLARED_OPOINT_NOT_RUNTIME_REACHABILITY
native,7,c/lee/lee.dat,321,0,204,True,DECLARED_OPOINT_NOT_RUNTIME_REACHABILITY
native,7,c/lee/lee.dat,322,0,204,True,DECLARED_OPOINT_NOT_RUNTIME_REACHABILITY
native,7,c/lee/lee.dat,328,0,229,True,DECLARED_OPOINT_NOT_RUNTIME_REACHABILITY
native,7,c/lee/lee.dat,333,0,814,True,DECLARED_OPOINT_NOT_RUNTIME_REACHABILITY
native,7,c/lee/lee.dat,334,0,814,True,DECLARED_OPOINT_NOT_RUNTIME_REACHABILITY
native,7,c/lee/lee.dat,335,0,814,True,DECLARED_OPOINT_NOT_RUNTIME_REACHABILITY
native,7,c/lee/lee.dat,336,0,814,True,DECLARED_OPOINT_NOT_RUNTIME_REACHABILITY
native,7,c/lee/lee.dat,337,0,814,True,DECLARED_OPOINT_NOT_RUNTIME_REACHABILITY
native,7,c/lee/lee.dat,338,0,814,True,DECLARED_OPOINT_NOT_RUNTIME_REACHABILITY
native,7,c/lee/lee.dat,339,0,814,True,DECLARED_OPOINT_NOT_RUNTIME_REACHABILITY
native,7,c/lee/lee.dat,340,0,814,True,DECLARED_OPOINT_NOT_RUNTIME_REACHABILITY
native,7,c/lee/lee.dat,341,0,814,True,DECLARED_OPOINT_NOT_RUNTIME_REACHABILITY
native,7,c/lee/lee.dat,342,0,814,True,DECLARED_OPOINT_NOT_RUNTIME_REACHABILITY
native,7,c/lee/lee.dat,343,0,814,True,DECLARED_OPOINT_NOT_RUNTIME_REACHABILITY
native,7,c/lee/lee.dat,344,0,814,True,DECLARED_OPOINT_NOT_RUNTIME_REACHABILITY
native,7,c/lee/lee.dat,345,0,814,True,DECLARED_OPOINT_NOT_RUNTIME_REACHABILITY
native,7,c/lee/lee.dat,346,0,814,True,DECLARED_OPOINT_NOT_RUNTIME_REACHABILITY
native,7,c/lee/lee.dat,353,0,208,True,DECLARED_OPOINT_NOT_RUNTIME_REACHABILITY
native,7,c/lee/lee.dat,354,0,208,True,DECLARED_OPOINT_NOT_RUNTIME_REACHABILITY
native,7,c/lee/lee.dat,355,0,208,True,DECLARED_OPOINT_NOT_RUNTIME_REACHABILITY
native,7,c/lee/lee.dat,357,0,814,True,DECLARED_OPOINT_NOT_RUNTIME_REACHABILITY
native,7,c/lee/lee.dat,358,0,204,True,DECLARED_OPOINT_NOT_RUNTIME_REACHABILITY
native,7,c/lee/lee.dat,365,0,204,True,DECLARED_OPOINT_NOT_RUNTIME_REACHABILITY
native,7,c/lee/lee.dat,368,0,204,True,DECLARED_OPOINT_NOT_RUNTIME_REACHABILITY
native,7,c/lee/lee.dat,374,0,435,True,DECLARED_OPOINT_NOT_RUNTIME_REACHABILITY
native,7,c/lee/lee.dat,376,0,706,True,DECLARED_OPOINT_NOT_RUNTIME_REACHABILITY
native,7,c/lee/lee.dat,382,0,706,True,DECLARED_OPOINT_NOT_RUNTIME_REACHABILITY
native,7,c/lee/lee.dat,387,0,706,True,DECLARED_OPOINT_NOT_RUNTIME_REACHABILITY
native,7,c/lee/lee.dat,465,0,814,True,DECLARED_OPOINT_NOT_RUNTIME_REACHABILITY
native,7,c/lee/lee.dat,486,0,814,True,DECLARED_OPOINT_NOT_RUNTIME_REACHABILITY
native,7,c/lee/lee.dat,516,0,204,True,DECLARED_OPOINT_NOT_RUNTIME_REACHABILITY
native,7,c/lee/lee.dat,517,0,204,True,DECLARED_OPOINT_NOT_RUNTIME_REACHABILITY
native,7,c/lee/lee.dat,523,0,204,True,DECLARED_OPOINT_NOT_RUNTIME_REACHABILITY
native,7,c/lee/lee.dat,556,0,814,True,DECLARED_OPOINT_NOT_RUNTIME_REACHABILITY
native,7,c/lee/lee.dat,557,0,204,True,DECLARED_OPOINT_NOT_RUNTIME_REACHABILITY
native,7,c/lee/lee.dat,581,0,814,True,DECLARED_OPOINT_NOT_RUNTIME_REACHABILITY
native,7,c/lee/lee.dat,602,1,900,True,DECLARED_OPOINT_NOT_RUNTIME_REACHABILITY
native,7,c/lee/lee.dat,631,1,204,True,DECLARED_OPOINT_NOT_RUNTIME_REACHABILITY
native,7,c/lee/lee.dat,641,1,204,True,DECLARED_OPOINT_NOT_RUNTIME_REACHABILITY
native,506,c/guy/guy.dat,62,0,760,True,DECLARED_OPOINT_NOT_RUNTIME_REACHABILITY
native,506,c/guy/guy.dat,67,0,760,True,DECLARED_OPOINT_NOT_RUNTIME_REACHABILITY
native,506,c/guy/guy.dat,71,0,760,True,DECLARED_OPOINT_NOT_RUNTIME_REACHABILITY
native,506,c/guy/guy.dat,86,0,760,True,DECLARED_OPOINT_NOT_RUNTIME_REACHABILITY
native,506,c/guy/guy.dat,91,0,760,True,DECLARED_OPOINT_NOT_RUNTIME_REACHABILITY
native,506,c/guy/guy.dat,146,0,814,True,DECLARED_OPOINT_NOT_RUNTIME_REACHABILITY
native,506,c/guy/guy.dat,164,0,204,True,DECLARED_OPOINT_NOT_RUNTIME_REACHABILITY
native,506,c/guy/guy.dat,165,0,814,True,DECLARED_OPOINT_NOT_RUNTIME_REACHABILITY
native,506,c/guy/guy.dat,166,0,760,True,DECLARED_OPOINT_NOT_RUNTIME_REACHABILITY
native,506,c/guy/guy.dat,171,0,760,True,DECLARED_OPOINT_NOT_RUNTIME_REACHABILITY
native,506,c/guy/guy.dat,172,0,208,True,DECLARED_OPOINT_NOT_RUNTIME_REACHABILITY
native,506,c/guy/guy.dat,173,0,814,True,DECLARED_OPOINT_NOT_RUNTIME_REACHABILITY
native,506,c/guy/guy.dat,193,0,814,True,DECLARED_OPOINT_NOT_RUNTIME_REACHABILITY
native,506,c/guy/guy.dat,194,0,814,True,DECLARED_OPOINT_NOT_RUNTIME_REACHABILITY
native,506,c/guy/guy.dat,221,0,760,True,DECLARED_OPOINT_NOT_RUNTIME_REACHABILITY
native,506,c/guy/guy.dat,223,0,760,True,DECLARED_OPOINT_NOT_RUNTIME_REACHABILITY
native,506,c/guy/guy.dat,236,0,760,True,DECLARED_OPOINT_NOT_RUNTIME_REACHABILITY
native,506,c/guy/guy.dat,241,0,204,True,DECLARED_OPOINT_NOT_RUNTIME_REACHABILITY
native,506,c/guy/guy.dat,271,0,760,True,DECLARED_OPOINT_NOT_RUNTIME_REACHABILITY
native,506,c/guy/guy.dat,291,0,123,True,DECLARED_OPOINT_NOT_RUNTIME_REACHABILITY
native,506,c/guy/guy.dat,292,0,204,True,DECLARED_OPOINT_NOT_RUNTIME_REACHABILITY
native,506,c/guy/guy.dat,301,0,760,True,DECLARED_OPOINT_NOT_RUNTIME_REACHABILITY
native,506,c/guy/guy.dat,313,0,760,True,DECLARED_OPOINT_NOT_RUNTIME_REACHABILITY
native,506,c/guy/guy.dat,314,0,760,True,DECLARED_OPOINT_NOT_RUNTIME_REACHABILITY
native,506,c/guy/guy.dat,315,0,760,True,DECLARED_OPOINT_NOT_RUNTIME_REACHABILITY
native,506,c/guy/guy.dat,316,0,760,True,DECLARED_OPOINT_NOT_RUNTIME_REACHABILITY
native,506,c/guy/guy.dat,348,0,760,True,DECLARED_OPOINT_NOT_RUNTIME_REACHABILITY
native,506,c/guy/guy.dat,317,0,760,True,DECLARED_OPOINT_NOT_RUNTIME_REACHABILITY
native,506,c/guy/guy.dat,318,0,760,True,DECLARED_OPOINT_NOT_RUNTIME_REACHABILITY
native,506,c/guy/guy.dat,319,0,760,True,DECLARED_OPOINT_NOT_RUNTIME_REACHABILITY
native,506,c/guy/guy.dat,349,0,760,True,DECLARED_OPOINT_NOT_RUNTIME_REACHABILITY
native,506,c/guy/guy.dat,320,0,760,True,DECLARED_OPOINT_NOT_RUNTIME_REACHABILITY
native,506,c/guy/guy.dat,321,0,760,True,DECLARED_OPOINT_NOT_RUNTIME_REACHABILITY
native,506,c/guy/guy.dat,322,0,760,True,DECLARED_OPOINT_NOT_RUNTIME_REACHABILITY
native,506,c/guy/guy.dat,326,0,760,True,DECLARED_OPOINT_NOT_RUNTIME_REACHABILITY
native,506,c/guy/guy.dat,162,0,814,True,DECLARED_OPOINT_NOT_RUNTIME_REACHABILITY
native,506,c/guy/guy.dat,357,0,814,True,DECLARED_OPOINT_NOT_RUNTIME_REACHABILITY
native,506,c/guy/guy.dat,358,0,204,True,DECLARED_OPOINT_NOT_RUNTIME_REACHABILITY
native,506,c/guy/guy.dat,359,0,760,True,DECLARED_OPOINT_NOT_RUNTIME_REACHABILITY
native,506,c/guy/guy.dat,361,1,760,True,DECLARED_OPOINT_NOT_RUNTIME_REACHABILITY
native,506,c/guy/guy.dat,364,1,760,True,DECLARED_OPOINT_NOT_RUNTIME_REACHABILITY
native,506,c/guy/guy.dat,367,1,760,True,DECLARED_OPOINT_NOT_RUNTIME_REACHABILITY
native,506,c/guy/guy.dat,368,0,760,True,DECLARED_OPOINT_NOT_RUNTIME_REACHABILITY
native,506,c/guy/guy.dat,369,1,760,True,DECLARED_OPOINT_NOT_RUNTIME_REACHABILITY
native,506,c/guy/guy.dat,389,0,760,True,DECLARED_OPOINT_NOT_RUNTIME_REACHABILITY
native,506,c/guy/guy.dat,393,1,760,True,DECLARED_OPOINT_NOT_RUNTIME_REACHABILITY
native,506,c/guy/guy.dat,395,0,760,True,DECLARED_OPOINT_NOT_RUNTIME_REACHABILITY
native,506,c/guy/guy.dat,396,1,760,True,DECLARED_OPOINT_NOT_RUNTIME_REACHABILITY
native,506,c/guy/guy.dat,405,0,760,True,DECLARED_OPOINT_NOT_RUNTIME_REACHABILITY
native,506,c/guy/guy.dat,602,1,900,True,DECLARED_OPOINT_NOT_RUNTIME_REACHABILITY
native,506,c/guy/guy.dat,631,1,204,True,DECLARED_OPOINT_NOT_RUNTIME_REACHABILITY
native,506,c/guy/guy.dat,641,1,204,True,DECLARED_OPOINT_NOT_RUNTIME_REACHABILITY
native,506,c/guy/guy.dat,665,0,760,True,DECLARED_OPOINT_NOT_RUNTIME_REACHABILITY
native,94,c/guy/gsi.dat,62,0,760,True,DECLARED_OPOINT_NOT_RUNTIME_REACHABILITY
native,94,c/guy/gsi.dat,67,0,760,True,DECLARED_OPOINT_NOT_RUNTIME_REACHABILITY
native,94,c/guy/gsi.dat,71,0,760,True,DECLARED_OPOINT_NOT_RUNTIME_REACHABILITY
native,94,c/guy/gsi.dat,86,0,760,True,DECLARED_OPOINT_NOT_RUNTIME_REACHABILITY
native,94,c/guy/gsi.dat,91,0,760,True,DECLARED_OPOINT_NOT_RUNTIME_REACHABILITY
native,94,c/guy/gsi.dat,146,0,814,True,DECLARED_OPOINT_NOT_RUNTIME_REACHABILITY
native,94,c/guy/gsi.dat,164,0,204,True,DECLARED_OPOINT_NOT_RUNTIME_REACHABILITY
native,94,c/guy/gsi.dat,165,0,814,True,DECLARED_OPOINT_NOT_RUNTIME_REACHABILITY
native,94,c/guy/gsi.dat,166,0,760,True,DECLARED_OPOINT_NOT_RUNTIME_REACHABILITY
native,94,c/guy/gsi.dat,171,0,760,True,DECLARED_OPOINT_NOT_RUNTIME_REACHABILITY
native,94,c/guy/gsi.dat,172,0,208,True,DECLARED_OPOINT_NOT_RUNTIME_REACHABILITY
native,94,c/guy/gsi.dat,173,0,814,True,DECLARED_OPOINT_NOT_RUNTIME_REACHABILITY
native,94,c/guy/gsi.dat,193,0,814,True,DECLARED_OPOINT_NOT_RUNTIME_REACHABILITY
native,94,c/guy/gsi.dat,194,0,814,True,DECLARED_OPOINT_NOT_RUNTIME_REACHABILITY
native,94,c/guy/gsi.dat,221,0,760,True,DECLARED_OPOINT_NOT_RUNTIME_REACHABILITY
native,94,c/guy/gsi.dat,223,0,760,True,DECLARED_OPOINT_NOT_RUNTIME_REACHABILITY
native,94,c/guy/gsi.dat,236,0,760,True,DECLARED_OPOINT_NOT_RUNTIME_REACHABILITY
native,94,c/guy/gsi.dat,241,0,204,True,DECLARED_OPOINT_NOT_RUNTIME_REACHABILITY
native,94,c/guy/gsi.dat,291,0,123,True,DECLARED_OPOINT_NOT_RUNTIME_REACHABILITY
native,94,c/guy/gsi.dat,292,0,204,True,DECLARED_OPOINT_NOT_RUNTIME_REACHABILITY
native,94,c/guy/gsi.dat,271,0,760,True,DECLARED_OPOINT_NOT_RUNTIME_REACHABILITY
native,94,c/guy/gsi.dat,301,0,760,True,DECLARED_OPOINT_NOT_RUNTIME_REACHABILITY
native,94,c/guy/gsi.dat,313,0,760,True,DECLARED_OPOINT_NOT_RUNTIME_REACHABILITY
native,94,c/guy/gsi.dat,314,0,760,True,DECLARED_OPOINT_NOT_RUNTIME_REACHABILITY
native,94,c/guy/gsi.dat,315,0,760,True,DECLARED_OPOINT_NOT_RUNTIME_REACHABILITY
native,94,c/guy/gsi.dat,316,0,760,True,DECLARED_OPOINT_NOT_RUNTIME_REACHABILITY
native,94,c/guy/gsi.dat,348,0,760,True,DECLARED_OPOINT_NOT_RUNTIME_REACHABILITY
native,94,c/guy/gsi.dat,317,0,760,True,DECLARED_OPOINT_NOT_RUNTIME_REACHABILITY
native,94,c/guy/gsi.dat,318,0,760,True,DECLARED_OPOINT_NOT_RUNTIME_REACHABILITY
native,94,c/guy/gsi.dat,319,0,760,True,DECLARED_OPOINT_NOT_RUNTIME_REACHABILITY
native,94,c/guy/gsi.dat,349,0,760,True,DECLARED_OPOINT_NOT_RUNTIME_REACHABILITY
native,94,c/guy/gsi.dat,320,0,760,True,DECLARED_OPOINT_NOT_RUNTIME_REACHABILITY
native,94,c/guy/gsi.dat,321,0,760,True,DECLARED_OPOINT_NOT_RUNTIME_REACHABILITY
native,94,c/guy/gsi.dat,322,0,760,True,DECLARED_OPOINT_NOT_RUNTIME_REACHABILITY
native,94,c/guy/gsi.dat,326,0,760,True,DECLARED_OPOINT_NOT_RUNTIME_REACHABILITY
native,94,c/guy/gsi.dat,162,0,814,True,DECLARED_OPOINT_NOT_RUNTIME_REACHABILITY
native,94,c/guy/gsi.dat,357,0,814,True,DECLARED_OPOINT_NOT_RUNTIME_REACHABILITY
native,94,c/guy/gsi.dat,358,0,204,True,DECLARED_OPOINT_NOT_RUNTIME_REACHABILITY
native,94,c/guy/gsi.dat,359,0,760,True,DECLARED_OPOINT_NOT_RUNTIME_REACHABILITY
native,94,c/guy/gsi.dat,361,1,760,True,DECLARED_OPOINT_NOT_RUNTIME_REACHABILITY
native,94,c/guy/gsi.dat,364,1,760,True,DECLARED_OPOINT_NOT_RUNTIME_REACHABILITY
native,94,c/guy/gsi.dat,367,1,760,True,DECLARED_OPOINT_NOT_RUNTIME_REACHABILITY
native,94,c/guy/gsi.dat,368,0,760,True,DECLARED_OPOINT_NOT_RUNTIME_REACHABILITY
native,94,c/guy/gsi.dat,369,1,760,True,DECLARED_OPOINT_NOT_RUNTIME_REACHABILITY
native,94,c/guy/gsi.dat,389,0,760,True,DECLARED_OPOINT_NOT_RUNTIME_REACHABILITY
native,94,c/guy/gsi.dat,393,1,760,True,DECLARED_OPOINT_NOT_RUNTIME_REACHABILITY
native,94,c/guy/gsi.dat,602,1,900,True,DECLARED_OPOINT_NOT_RUNTIME_REACHABILITY
native,94,c/guy/gsi.dat,631,1,204,True,DECLARED_OPOINT_NOT_RUNTIME_REACHABILITY
native,94,c/guy/gsi.dat,641,1,204,True,DECLARED_OPOINT_NOT_RUNTIME_REACHABILITY
native,94,c/guy/gsi.dat,665,0,760,True,DECLARED_OPOINT_NOT_RUNTIME_REACHABILITY
native,97,c/guy/gei.dat,3,4,760,True,DECLARED_OPOINT_NOT_RUNTIME_REACHABILITY
native,97,c/guy/gei.dat,62,0,760,True,DECLARED_OPOINT_NOT_RUNTIME_REACHABILITY
native,97,c/guy/gei.dat,67,0,760,True,DECLARED_OPOINT_NOT_RUNTIME_REACHABILITY
native,97,c/guy/gei.dat,71,0,760,True,DECLARED_OPOINT_NOT_RUNTIME_REACHABILITY
native,97,c/guy/gei.dat,86,0,760,True,DECLARED_OPOINT_NOT_RUNTIME_REACHABILITY
native,97,c/guy/gei.dat,91,0,760,True,DECLARED_OPOINT_NOT_RUNTIME_REACHABILITY
native,97,c/guy/gei.dat,98,1,760,True,DECLARED_OPOINT_NOT_RUNTIME_REACHABILITY
native,97,c/guy/gei.dat,126,0,760,True,DECLARED_OPOINT_NOT_RUNTIME_REACHABILITY
native,97,c/guy/gei.dat,127,0,760,True,DECLARED_OPOINT_NOT_RUNTIME_REACHABILITY
native,97,c/guy/gei.dat,171,0,760,True,DECLARED_OPOINT_NOT_RUNTIME_REACHABILITY
native,97,c/guy/gei.dat,172,0,208,True,DECLARED_OPOINT_NOT_RUNTIME_REACHABILITY
native,97,c/guy/gei.dat,173,0,814,True,DECLARED_OPOINT_NOT_RUNTIME_REACHABILITY
native,97,c/guy/gei.dat,221,0,760,True,DECLARED_OPOINT_NOT_RUNTIME_REACHABILITY
native,97,c/guy/gei.dat,223,0,760,True,DECLARED_OPOINT_NOT_RUNTIME_REACHABILITY
native,97,c/guy/gei.dat,236,0,760,True,DECLARED_OPOINT_NOT_RUNTIME_REACHABILITY
native,97,c/guy/gei.dat,301,0,760,True,DECLARED_OPOINT_NOT_RUNTIME_REACHABILITY
native,97,c/guy/gei.dat,326,0,760,True,DECLARED_OPOINT_NOT_RUNTIME_REACHABILITY
native,97,c/guy/gei.dat,148,0,204,True,DECLARED_OPOINT_NOT_RUNTIME_REACHABILITY
native,97,c/guy/gei.dat,389,0,760,True,DECLARED_OPOINT_NOT_RUNTIME_REACHABILITY
native,97,c/guy/gei.dat,393,1,760,True,DECLARED_OPOINT_NOT_RUNTIME_REACHABILITY
native,97,c/guy/gei.dat,394,0,760,True,DECLARED_OPOINT_NOT_RUNTIME_REACHABILITY
native,97,c/guy/gei.dat,396,1,760,True,DECLARED_OPOINT_NOT_RUNTIME_REACHABILITY
native,97,c/guy/gei.dat,401,1,760,True,DECLARED_OPOINT_NOT_RUNTIME_REACHABILITY
native,97,c/guy/gei.dat,402,1,760,True,DECLARED_OPOINT_NOT_RUNTIME_REACHABILITY
native,97,c/guy/gei.dat,403,1,760,True,DECLARED_OPOINT_NOT_RUNTIME_REACHABILITY
native,97,c/guy/gei.dat,404,1,760,True,DECLARED_OPOINT_NOT_RUNTIME_REACHABILITY
native,97,c/guy/gei.dat,405,1,760,True,DECLARED_OPOINT_NOT_RUNTIME_REACHABILITY
native,97,c/guy/gei.dat,406,1,760,True,DECLARED_OPOINT_NOT_RUNTIME_REACHABILITY
native,97,c/guy/gei.dat,407,1,760,True,DECLARED_OPOINT_NOT_RUNTIME_REACHABILITY
native,97,c/guy/gei.dat,408,1,760,True,DECLARED_OPOINT_NOT_RUNTIME_REACHABILITY
native,97,c/guy/gei.dat,409,1,760,True,DECLARED_OPOINT_NOT_RUNTIME_REACHABILITY
native,97,c/guy/gei.dat,410,1,760,True,DECLARED_OPOINT_NOT_RUNTIME_REACHABILITY
native,97,c/guy/gei.dat,411,1,760,True,DECLARED_OPOINT_NOT_RUNTIME_REACHABILITY
native,97,c/guy/gei.dat,432,0,760,True,DECLARED_OPOINT_NOT_RUNTIME_REACHABILITY
native,97,c/guy/gei.dat,448,0,760,True,DECLARED_OPOINT_NOT_RUNTIME_REACHABILITY
native,97,c/guy/gei.dat,497,1,760,True,DECLARED_OPOINT_NOT_RUNTIME_REACHABILITY
native,97,c/guy/gei.dat,631,1,204,True,DECLARED_OPOINT_NOT_RUNTIME_REACHABILITY
native,97,c/guy/gei.dat,641,1,204,True,DECLARED_OPOINT_NOT_RUNTIME_REACHABILITY
native,97,c/guy/gei.dat,665,0,760,True,DECLARED_OPOINT_NOT_RUNTIME_REACHABILITY
native,760,c/guy/a/bal.dat,48,0,760,True,DECLARED_OPOINT_NOT_RUNTIME_REACHABILITY
native,760,c/guy/a/bal.dat,123,0,760,True,DECLARED_OPOINT_NOT_RUNTIME_REACHABILITY
native,760,c/guy/a/bal.dat,125,0,760,True,DECLARED_OPOINT_NOT_RUNTIME_REACHABILITY
native,760,c/guy/a/bal.dat,127,0,760,True,DECLARED_OPOINT_NOT_RUNTIME_REACHABILITY
native,760,c/guy/a/bal.dat,129,0,760,True,DECLARED_OPOINT_NOT_RUNTIME_REACHABILITY
native,760,c/guy/a/bal.dat,131,0,760,True,DECLARED_OPOINT_NOT_RUNTIME_REACHABILITY
native,760,c/guy/a/bal.dat,133,0,760,True,DECLARED_OPOINT_NOT_RUNTIME_REACHABILITY
native,760,c/guy/a/bal.dat,148,0,760,True,DECLARED_OPOINT_NOT_RUNTIME_REACHABILITY
native,760,c/guy/a/bal.dat,431,0,760,True,DECLARED_OPOINT_NOT_RUNTIME_REACHABILITY
native,760,c/guy/a/bal.dat,434,0,760,True,DECLARED_OPOINT_NOT_RUNTIME_REACHABILITY
native,19,c/ten/ten.dat,23,0,725,True,DECLARED_OPOINT_NOT_RUNTIME_REACHABILITY
native,19,c/ten/ten.dat,46,0,725,True,DECLARED_OPOINT_NOT_RUNTIME_REACHABILITY
native,19,c/ten/ten.dat,61,0,725,True,DECLARED_OPOINT_NOT_RUNTIME_REACHABILITY
native,19,c/ten/ten.dat,66,0,725,True,DECLARED_OPOINT_NOT_RUNTIME_REACHABILITY
native,19,c/ten/ten.dat,71,0,725,True,DECLARED_OPOINT_NOT_RUNTIME_REACHABILITY
native,19,c/ten/ten.dat,81,0,725,True,DECLARED_OPOINT_NOT_RUNTIME_REACHABILITY
native,19,c/ten/ten.dat,91,0,725,True,DECLARED_OPOINT_NOT_RUNTIME_REACHABILITY
native,19,c/ten/ten.dat,97,1,120,True,DECLARED_OPOINT_NOT_RUNTIME_REACHABILITY
native,19,c/ten/ten.dat,146,0,706,True,DECLARED_OPOINT_NOT_RUNTIME_REACHABILITY
native,19,c/ten/ten.dat,148,0,725,True,DECLARED_OPOINT_NOT_RUNTIME_REACHABILITY
native,19,c/ten/ten.dat,221,0,725,True,DECLARED_OPOINT_NOT_RUNTIME_REACHABILITY
native,19,c/ten/ten.dat,223,0,725,True,DECLARED_OPOINT_NOT_RUNTIME_REACHABILITY
native,19,c/ten/ten.dat,236,0,204,True,DECLARED_OPOINT_NOT_RUNTIME_REACHABILITY
native,19,c/ten/ten.dat,238,0,204,True,DECLARED_OPOINT_NOT_RUNTIME_REACHABILITY
native,19,c/ten/ten.dat,239,0,725,True,DECLARED_OPOINT_NOT_RUNTIME_REACHABILITY
native,19,c/ten/ten.dat,241,0,121,True,DECLARED_OPOINT_NOT_RUNTIME_REACHABILITY
native,19,c/ten/ten.dat,246,0,706,True,DECLARED_OPOINT_NOT_RUNTIME_REACHABILITY
native,19,c/ten/ten.dat,248,0,124,True,DECLARED_OPOINT_NOT_RUNTIME_REACHABILITY
native,19,c/ten/ten.dat,249,0,725,True,DECLARED_OPOINT_NOT_RUNTIME_REACHABILITY
native,19,c/ten/ten.dat,253,0,706,True,DECLARED_OPOINT_NOT_RUNTIME_REACHABILITY
native,19,c/ten/ten.dat,254,0,706,True,DECLARED_OPOINT_NOT_RUNTIME_REACHABILITY
native,19,c/ten/ten.dat,255,0,706,True,DECLARED_OPOINT_NOT_RUNTIME_REACHABILITY
native,19,c/ten/ten.dat,259,0,725,True,DECLARED_OPOINT_NOT_RUNTIME_REACHABILITY
native,19,c/ten/ten.dat,271,0,123,True,DECLARED_OPOINT_NOT_RUNTIME_REACHABILITY
native,19,c/ten/ten.dat,272,0,204,True,DECLARED_OPOINT_NOT_RUNTIME_REACHABILITY
native,19,c/ten/ten.dat,276,0,706,True,DECLARED_OPOINT_NOT_RUNTIME_REACHABILITY
native,19,c/ten/ten.dat,277,0,706,True,DECLARED_OPOINT_NOT_RUNTIME_REACHABILITY
native,19,c/ten/ten.dat,278,0,706,True,DECLARED_OPOINT_NOT_RUNTIME_REACHABILITY
native,19,c/ten/ten.dat,290,0,706,True,DECLARED_OPOINT_NOT_RUNTIME_REACHABILITY
native,19,c/ten/ten.dat,291,0,706,True,DECLARED_OPOINT_NOT_RUNTIME_REACHABILITY
native,19,c/ten/ten.dat,292,0,706,True,DECLARED_OPOINT_NOT_RUNTIME_REACHABILITY
native,19,c/ten/ten.dat,296,0,725,True,DECLARED_OPOINT_NOT_RUNTIME_REACHABILITY
native,19,c/ten/ten.dat,302,1,120,True,DECLARED_OPOINT_NOT_RUNTIME_REACHABILITY
native,19,c/ten/ten.dat,303,1,120,True,DECLARED_OPOINT_NOT_RUNTIME_REACHABILITY
native,19,c/ten/ten.dat,304,1,121,True,DECLARED_OPOINT_NOT_RUNTIME_REACHABILITY
native,19,c/ten/ten.dat,305,1,121,True,DECLARED_OPOINT_NOT_RUNTIME_REACHABILITY
native,19,c/ten/ten.dat,306,1,120,True,DECLARED_OPOINT_NOT_RUNTIME_REACHABILITY
native,19,c/ten/ten.dat,307,1,120,True,DECLARED_OPOINT_NOT_RUNTIME_REACHABILITY
native,19,c/ten/ten.dat,308,1,121,True,DECLARED_OPOINT_NOT_RUNTIME_REACHABILITY
native,19,c/ten/ten.dat,309,1,121,True,DECLARED_OPOINT_NOT_RUNTIME_REACHABILITY
native,19,c/ten/ten.dat,310,1,120,True,DECLARED_OPOINT_NOT_RUNTIME_REACHABILITY
native,19,c/ten/ten.dat,311,1,120,True,DECLARED_OPOINT_NOT_RUNTIME_REACHABILITY
native,19,c/ten/ten.dat,312,1,121,True,DECLARED_OPOINT_NOT_RUNTIME_REACHABILITY
native,19,c/ten/ten.dat,313,1,725,True,DECLARED_OPOINT_NOT_RUNTIME_REACHABILITY
native,19,c/ten/ten.dat,318,0,725,True,DECLARED_OPOINT_NOT_RUNTIME_REACHABILITY
native,19,c/ten/ten.dat,319,0,706,True,DECLARED_OPOINT_NOT_RUNTIME_REACHABILITY
native,19,c/ten/ten.dat,320,0,725,True,DECLARED_OPOINT_NOT_RUNTIME_REACHABILITY
native,19,c/ten/ten.dat,375,1,208,True,DECLARED_OPOINT_NOT_RUNTIME_REACHABILITY
native,19,c/ten/ten.dat,393,0,120,True,DECLARED_OPOINT_NOT_RUNTIME_REACHABILITY
native,19,c/ten/ten.dat,401,1,725,True,DECLARED_OPOINT_NOT_RUNTIME_REACHABILITY
native,19,c/ten/ten.dat,407,1,706,True,DECLARED_OPOINT_NOT_RUNTIME_REACHABILITY
native,19,c/ten/ten.dat,408,1,706,True,DECLARED_OPOINT_NOT_RUNTIME_REACHABILITY
native,19,c/ten/ten.dat,453,1,725,True,DECLARED_OPOINT_NOT_RUNTIME_REACHABILITY
native,19,c/ten/ten.dat,463,1,725,True,DECLARED_OPOINT_NOT_RUNTIME_REACHABILITY
native,19,c/ten/ten.dat,473,1,725,True,DECLARED_OPOINT_NOT_RUNTIME_REACHABILITY
native,19,c/ten/ten.dat,483,1,725,True,DECLARED_OPOINT_NOT_RUNTIME_REACHABILITY
native,19,c/ten/ten.dat,551,0,725,True,DECLARED_OPOINT_NOT_RUNTIME_REACHABILITY
native,19,c/ten/ten.dat,561,0,725,True,DECLARED_OPOINT_NOT_RUNTIME_REACHABILITY
native,19,c/ten/ten.dat,566,0,725,True,DECLARED_OPOINT_NOT_RUNTIME_REACHABILITY
native,19,c/ten/ten.dat,571,0,725,True,DECLARED_OPOINT_NOT_RUNTIME_REACHABILITY
native,19,c/ten/ten.dat,631,1,204,True,DECLARED_OPOINT_NOT_RUNTIME_REACHABILITY
native,19,c/ten/ten.dat,641,1,204,True,DECLARED_OPOINT_NOT_RUNTIME_REACHABILITY
native,19,c/ten/ten.dat,666,0,725,True,DECLARED_OPOINT_NOT_RUNTIME_REACHABILITY
native,713,c/ten/pole.dat,46,0,725,True,DECLARED_OPOINT_NOT_RUNTIME_REACHABILITY
native,713,c/ten/pole.dat,61,0,725,True,DECLARED_OPOINT_NOT_RUNTIME_REACHABILITY
native,713,c/ten/pole.dat,71,0,725,True,DECLARED_OPOINT_NOT_RUNTIME_REACHABILITY
native,713,c/ten/pole.dat,87,1,725,True,DECLARED_OPOINT_NOT_RUNTIME_REACHABILITY
native,713,c/ten/pole.dat,91,0,725,True,DECLARED_OPOINT_NOT_RUNTIME_REACHABILITY
native,713,c/ten/pole.dat,221,0,725,True,DECLARED_OPOINT_NOT_RUNTIME_REACHABILITY
native,713,c/ten/pole.dat,223,0,725,True,DECLARED_OPOINT_NOT_RUNTIME_REACHABILITY
native,713,c/ten/pole.dat,236,0,204,True,DECLARED_OPOINT_NOT_RUNTIME_REACHABILITY
native,713,c/ten/pole.dat,238,0,204,True,DECLARED_OPOINT_NOT_RUNTIME_REACHABILITY
native,713,c/ten/pole.dat,631,1,204,True,DECLARED_OPOINT_NOT_RUNTIME_REACHABILITY
native,713,c/ten/pole.dat,641,1,204,True,DECLARED_OPOINT_NOT_RUNTIME_REACHABILITY
native,723,c/ten/swords.dat,46,0,725,True,DECLARED_OPOINT_NOT_RUNTIME_REACHABILITY
native,723,c/ten/swords.dat,87,1,725,True,DECLARED_OPOINT_NOT_RUNTIME_REACHABILITY
native,723,c/ten/swords.dat,221,0,725,True,DECLARED_OPOINT_NOT_RUNTIME_REACHABILITY
native,723,c/ten/swords.dat,223,0,725,True,DECLARED_OPOINT_NOT_RUNTIME_REACHABILITY
native,723,c/ten/swords.dat,236,0,204,True,DECLARED_OPOINT_NOT_RUNTIME_REACHABILITY
native,723,c/ten/swords.dat,238,0,204,True,DECLARED_OPOINT_NOT_RUNTIME_REACHABILITY
native,723,c/ten/swords.dat,631,1,204,True,DECLARED_OPOINT_NOT_RUNTIME_REACHABILITY
native,723,c/ten/swords.dat,641,1,204,True,DECLARED_OPOINT_NOT_RUNTIME_REACHABILITY
native,724,c/ten/blade.dat,46,0,725,True,DECLARED_OPOINT_NOT_RUNTIME_REACHABILITY
native,724,c/ten/blade.dat,61,0,725,True,DECLARED_OPOINT_NOT_RUNTIME_REACHABILITY
native,724,c/ten/blade.dat,71,0,725,True,DECLARED_OPOINT_NOT_RUNTIME_REACHABILITY
native,724,c/ten/blade.dat,87,1,725,True,DECLARED_OPOINT_NOT_RUNTIME_REACHABILITY
native,724,c/ten/blade.dat,221,0,725,True,DECLARED_OPOINT_NOT_RUNTIME_REACHABILITY
native,724,c/ten/blade.dat,223,0,725,True,DECLARED_OPOINT_NOT_RUNTIME_REACHABILITY
native,724,c/ten/blade.dat,236,0,204,True,DECLARED_OPOINT_NOT_RUNTIME_REACHABILITY
native,724,c/ten/blade.dat,238,0,204,True,DECLARED_OPOINT_NOT_RUNTIME_REACHABILITY
native,724,c/ten/blade.dat,631,1,204,True,DECLARED_OPOINT_NOT_RUNTIME_REACHABILITY
native,729,c/ten/bash.dat,46,0,725,True,DECLARED_OPOINT_NOT_RUNTIME_REACHABILITY
native,729,c/ten/bash.dat,61,0,725,True,DECLARED_OPOINT_NOT_RUNTIME_REACHABILITY
native,729,c/ten/bash.dat,62,0,719,True,DECLARED_OPOINT_NOT_RUNTIME_REACHABILITY
native,729,c/ten/bash.dat,63,0,204,True,DECLARED_OPOINT_NOT_RUNTIME_REACHABILITY
native,729,c/ten/bash.dat,67,0,725,True,DECLARED_OPOINT_NOT_RUNTIME_REACHABILITY
native,729,c/ten/bash.dat,69,0,211,True,DECLARED_OPOINT_NOT_RUNTIME_REACHABILITY
native,729,c/ten/bash.dat,92,1,719,True,DECLARED_OPOINT_NOT_RUNTIME_REACHABILITY
native,729,c/ten/bash.dat,93,1,204,True,DECLARED_OPOINT_NOT_RUNTIME_REACHABILITY
native,729,c/ten/bash.dat,221,0,725,True,DECLARED_OPOINT_NOT_RUNTIME_REACHABILITY
native,729,c/ten/bash.dat,223,0,725,True,DECLARED_OPOINT_NOT_RUNTIME_REACHABILITY
native,729,c/ten/bash.dat,236,0,204,True,DECLARED_OPOINT_NOT_RUNTIME_REACHABILITY
native,729,c/ten/bash.dat,238,0,204,True,DECLARED_OPOINT_NOT_RUNTIME_REACHABILITY
native,729,c/ten/bash.dat,451,1,725,True,DECLARED_OPOINT_NOT_RUNTIME_REACHABILITY
native,729,c/ten/bash.dat,631,1,204,True,DECLARED_OPOINT_NOT_RUNTIME_REACHABILITY
native,729,c/ten/bash.dat,641,1,204,True,DECLARED_OPOINT_NOT_RUNTIME_REACHABILITY
native,725,c/ten/a/ten.dat,11,0,211,True,DECLARED_OPOINT_NOT_RUNTIME_REACHABILITY
native,725,c/ten/a/ten.dat,31,0,211,True,DECLARED_OPOINT_NOT_RUNTIME_REACHABILITY
native,725,c/ten/a/ten.dat,52,0,725,True,DECLARED_OPOINT_NOT_RUNTIME_REACHABILITY
native,725,c/ten/a/ten.dat,53,0,725,True,DECLARED_OPOINT_NOT_RUNTIME_REACHABILITY
native,725,c/ten/a/ten.dat,54,0,120,True,DECLARED_OPOINT_NOT_RUNTIME_REACHABILITY
native,725,c/ten/a/ten.dat,55,0,121,True,DECLARED_OPOINT_NOT_RUNTIME_REACHABILITY
native,725,c/ten/a/ten.dat,56,0,120,True,DECLARED_OPOINT_NOT_RUNTIME_REACHABILITY
native,725,c/ten/a/ten.dat,57,0,121,True,DECLARED_OPOINT_NOT_RUNTIME_REACHABILITY
native,725,c/ten/a/ten.dat,65,0,204,True,DECLARED_OPOINT_NOT_RUNTIME_REACHABILITY
native,725,c/ten/a/ten.dat,159,0,204,True,DECLARED_OPOINT_NOT_RUNTIME_REACHABILITY
native,725,c/ten/a/ten.dat,160,0,204,True,DECLARED_OPOINT_NOT_RUNTIME_REACHABILITY
native,725,c/ten/a/ten.dat,161,0,229,True,DECLARED_OPOINT_NOT_RUNTIME_REACHABILITY
native,725,c/ten/a/ten.dat,162,0,706,True,DECLARED_OPOINT_NOT_RUNTIME_REACHABILITY
native,22,c/shik/shik.dat,21,0,462,True,DECLARED_OPOINT_NOT_RUNTIME_REACHABILITY
native,22,c/shik/shik.dat,64,1,462,True,DECLARED_OPOINT_NOT_RUNTIME_REACHABILITY
native,22,c/shik/shik.dat,66,0,462,True,DECLARED_OPOINT_NOT_RUNTIME_REACHABILITY
native,22,c/shik/shik.dat,69,1,462,True,DECLARED_OPOINT_NOT_RUNTIME_REACHABILITY
native,22,c/shik/shik.dat,71,0,462,True,DECLARED_OPOINT_NOT_RUNTIME_REACHABILITY
native,22,c/shik/shik.dat,121,0,462,True,DECLARED_OPOINT_NOT_RUNTIME_REACHABILITY
native,22,c/shik/shik.dat,122,0,462,True,DECLARED_OPOINT_NOT_RUNTIME_REACHABILITY
native,22,c/shik/shik.dat,123,0,462,True,DECLARED_OPOINT_NOT_RUNTIME_REACHABILITY
native,22,c/shik/shik.dat,124,0,462,True,DECLARED_OPOINT_NOT_RUNTIME_REACHABILITY
native,22,c/shik/shik.dat,125,0,462,True,DECLARED_OPOINT_NOT_RUNTIME_REACHABILITY
native,22,c/shik/shik.dat,128,0,422,True,DECLARED_OPOINT_NOT_RUNTIME_REACHABILITY
native,22,c/shik/shik.dat,221,0,462,True,DECLARED_OPOINT_NOT_RUNTIME_REACHABILITY
native,22,c/shik/shik.dat,223,0,462,True,DECLARED_OPOINT_NOT_RUNTIME_REACHABILITY
native,22,c/shik/shik.dat,236,0,204,True,DECLARED_OPOINT_NOT_RUNTIME_REACHABILITY
native,22,c/shik/shik.dat,238,0,204,True,DECLARED_OPOINT_NOT_RUNTIME_REACHABILITY
native,22,c/shik/shik.dat,242,0,462,True,DECLARED_OPOINT_NOT_RUNTIME_REACHABILITY
native,22,c/shik/shik.dat,244,0,462,True,DECLARED_OPOINT_NOT_RUNTIME_REACHABILITY
native,22,c/shik/shik.dat,249,0,462,True,DECLARED_OPOINT_NOT_RUNTIME_REACHABILITY
native,22,c/shik/shik.dat,256,0,462,True,DECLARED_OPOINT_NOT_RUNTIME_REACHABILITY
native,22,c/shik/shik.dat,260,0,462,True,DECLARED_OPOINT_NOT_RUNTIME_REACHABILITY
native,22,c/shik/shik.dat,264,0,462,True,DECLARED_OPOINT_NOT_RUNTIME_REACHABILITY
native,22,c/shik/shik.dat,265,0,462,True,DECLARED_OPOINT_NOT_RUNTIME_REACHABILITY
native,22,c/shik/shik.dat,266,0,462,True,DECLARED_OPOINT_NOT_RUNTIME_REACHABILITY
native,22,c/shik/shik.dat,267,0,462,True,DECLARED_OPOINT_NOT_RUNTIME_REACHABILITY
native,22,c/shik/shik.dat,268,0,462,True,DECLARED_OPOINT_NOT_RUNTIME_REACHABILITY
native,22,c/shik/shik.dat,269,0,462,True,DECLARED_OPOINT_NOT_RUNTIME_REACHABILITY
native,22,c/shik/shik.dat,271,0,123,True,DECLARED_OPOINT_NOT_RUNTIME_REACHABILITY
native,22,c/shik/shik.dat,272,0,204,True,DECLARED_OPOINT_NOT_RUNTIME_REACHABILITY
native,22,c/shik/shik.dat,278,0,120,True,DECLARED_OPOINT_NOT_RUNTIME_REACHABILITY
native,22,c/shik/shik.dat,280,0,121,True,DECLARED_OPOINT_NOT_RUNTIME_REACHABILITY
native,22,c/shik/shik.dat,283,0,462,True,DECLARED_OPOINT_NOT_RUNTIME_REACHABILITY
native,22,c/shik/shik.dat,285,0,462,True,DECLARED_OPOINT_NOT_RUNTIME_REACHABILITY
native,22,c/shik/shik.dat,286,0,462,True,DECLARED_OPOINT_NOT_RUNTIME_REACHABILITY
native,22,c/shik/shik.dat,302,0,462,True,DECLARED_OPOINT_NOT_RUNTIME_REACHABILITY
native,22,c/shik/shik.dat,303,0,462,True,DECLARED_OPOINT_NOT_RUNTIME_REACHABILITY
native,22,c/shik/shik.dat,309,0,462,True,DECLARED_OPOINT_NOT_RUNTIME_REACHABILITY
native,22,c/shik/shik.dat,316,1,462,True,DECLARED_OPOINT_NOT_RUNTIME_REACHABILITY
native,22,c/shik/shik.dat,321,0,121,True,DECLARED_OPOINT_NOT_RUNTIME_REACHABILITY
native,22,c/shik/shik.dat,323,0,120,True,DECLARED_OPOINT_NOT_RUNTIME_REACHABILITY
native,22,c/shik/shik.dat,358,1,462,True,DECLARED_OPOINT_NOT_RUNTIME_REACHABILITY
native,22,c/shik/shik.dat,381,0,706,True,DECLARED_OPOINT_NOT_RUNTIME_REACHABILITY
native,22,c/shik/shik.dat,382,0,462,True,DECLARED_OPOINT_NOT_RUNTIME_REACHABILITY
native,22,c/shik/shik.dat,386,0,462,True,DECLARED_OPOINT_NOT_RUNTIME_REACHABILITY
native,22,c/shik/shik.dat,445,1,462,True,DECLARED_OPOINT_NOT_RUNTIME_REACHABILITY
native,22,c/shik/shik.dat,456,0,101,True,DECLARED_OPOINT_NOT_RUNTIME_REACHABILITY
native,22,c/shik/shik.dat,576,0,462,True,DECLARED_OPOINT_NOT_RUNTIME_REACHABILITY
native,22,c/shik/shik.dat,586,0,462,True,DECLARED_OPOINT_NOT_RUNTIME_REACHABILITY
native,22,c/shik/shik.dat,631,1,204,True,DECLARED_OPOINT_NOT_RUNTIME_REACHABILITY
native,22,c/shik/shik.dat,641,1,204,True,DECLARED_OPOINT_NOT_RUNTIME_REACHABILITY
native,22,c/shik/shik.dat,674,0,462,True,DECLARED_OPOINT_NOT_RUNTIME_REACHABILITY
native,462,c/shik/a/sha.dat,154,0,101,True,DECLARED_OPOINT_NOT_RUNTIME_REACHABILITY
native,462,c/shik/a/sha.dat,210,0,706,True,DECLARED_OPOINT_NOT_RUNTIME_REACHABILITY
native,462,c/shik/a/sha.dat,211,0,462,True,DECLARED_OPOINT_NOT_RUNTIME_REACHABILITY
native,462,c/shik/a/sha.dat,285,0,706,True,DECLARED_OPOINT_NOT_RUNTIME_REACHABILITY
native,462,c/shik/a/sha.dat,288,0,706,True,DECLARED_OPOINT_NOT_RUNTIME_REACHABILITY
native,462,c/shik/a/sha.dat,303,0,900,True,DECLARED_OPOINT_NOT_RUNTIME_REACHABILITY
native,430,c/asu/asu.dat,61,0,431,True,DECLARED_OPOINT_NOT_RUNTIME_REACHABILITY
native,430,c/asu/asu.dat,66,0,431,True,DECLARED_OPOINT_NOT_RUNTIME_REACHABILITY
native,430,c/asu/asu.dat,76,0,431,True,DECLARED_OPOINT_NOT_RUNTIME_REACHABILITY
native,430,c/asu/asu.dat,125,0,123,True,DECLARED_OPOINT_NOT_RUNTIME_REACHABILITY
native,430,c/asu/asu.dat,126,0,204,True,DECLARED_OPOINT_NOT_RUNTIME_REACHABILITY
native,430,c/asu/asu.dat,168,0,620,False,DECLARED_OPOINT_NOT_RUNTIME_REACHABILITY
native,430,c/asu/asu.dat,170,0,621,False,DECLARED_OPOINT_NOT_RUNTIME_REACHABILITY
native,430,c/asu/asu.dat,221,0,431,True,DECLARED_OPOINT_NOT_RUNTIME_REACHABILITY
native,430,c/asu/asu.dat,223,0,431,True,DECLARED_OPOINT_NOT_RUNTIME_REACHABILITY
native,430,c/asu/asu.dat,236,0,204,True,DECLARED_OPOINT_NOT_RUNTIME_REACHABILITY
native,430,c/asu/asu.dat,238,0,204,True,DECLARED_OPOINT_NOT_RUNTIME_REACHABILITY
native,430,c/asu/asu.dat,251,0,431,True,DECLARED_OPOINT_NOT_RUNTIME_REACHABILITY
native,430,c/asu/asu.dat,281,1,431,True,DECLARED_OPOINT_NOT_RUNTIME_REACHABILITY
native,430,c/asu/asu.dat,301,1,431,True,DECLARED_OPOINT_NOT_RUNTIME_REACHABILITY
native,430,c/asu/asu.dat,313,3,432,True,DECLARED_OPOINT_NOT_RUNTIME_REACHABILITY
native,430,c/asu/asu.dat,314,0,431,True,DECLARED_OPOINT_NOT_RUNTIME_REACHABILITY
native,430,c/asu/asu.dat,322,3,432,True,DECLARED_OPOINT_NOT_RUNTIME_REACHABILITY
native,430,c/asu/asu.dat,323,0,431,True,DECLARED_OPOINT_NOT_RUNTIME_REACHABILITY
native,430,c/asu/asu.dat,332,3,432,True,DECLARED_OPOINT_NOT_RUNTIME_REACHABILITY
native,430,c/asu/asu.dat,333,0,431,True,DECLARED_OPOINT_NOT_RUNTIME_REACHABILITY
native,430,c/asu/asu.dat,349,3,204,True,DECLARED_OPOINT_NOT_RUNTIME_REACHABILITY
native,430,c/asu/asu.dat,363,0,431,True,DECLARED_OPOINT_NOT_RUNTIME_REACHABILITY
native,430,c/asu/asu.dat,365,3,431,True,DECLARED_OPOINT_NOT_RUNTIME_REACHABILITY
native,430,c/asu/asu.dat,422,0,431,True,DECLARED_OPOINT_NOT_RUNTIME_REACHABILITY
native,430,c/asu/asu.dat,424,3,431,True,DECLARED_OPOINT_NOT_RUNTIME_REACHABILITY
native,430,c/asu/asu.dat,374,0,431,True,DECLARED_OPOINT_NOT_RUNTIME_REACHABILITY
native,430,c/asu/asu.dat,375,3,432,True,DECLARED_OPOINT_NOT_RUNTIME_REACHABILITY
native,430,c/asu/asu.dat,380,0,431,True,DECLARED_OPOINT_NOT_RUNTIME_REACHABILITY
native,430,c/asu/asu.dat,381,3,432,True,DECLARED_OPOINT_NOT_RUNTIME_REACHABILITY
native,430,c/asu/asu.dat,602,1,900,True,DECLARED_OPOINT_NOT_RUNTIME_REACHABILITY
native,430,c/asu/asu.dat,631,1,204,True,DECLARED_OPOINT_NOT_RUNTIME_REACHABILITY
native,430,c/asu/asu.dat,641,1,204,True,DECLARED_OPOINT_NOT_RUNTIME_REACHABILITY
native,430,c/asu/asu.dat,666,0,431,True,DECLARED_OPOINT_NOT_RUNTIME_REACHABILITY
native,430,c/asu/asu.dat,774,0,431,True,DECLARED_OPOINT_NOT_RUNTIME_REACHABILITY
native,430,c/asu/asu.dat,785,0,431,True,DECLARED_OPOINT_NOT_RUNTIME_REACHABILITY
native,430,c/asu/asu.dat,851,0,431,True,DECLARED_OPOINT_NOT_RUNTIME_REACHABILITY
native,431,c/asu/a/ash.dat,81,0,431,True,DECLARED_OPOINT_NOT_RUNTIME_REACHABILITY
native,431,c/asu/a/ash.dat,82,0,431,True,DECLARED_OPOINT_NOT_RUNTIME_REACHABILITY
native,431,c/asu/a/ash.dat,83,0,431,True,DECLARED_OPOINT_NOT_RUNTIME_REACHABILITY
native,431,c/asu/a/ash.dat,84,0,431,True,DECLARED_OPOINT_NOT_RUNTIME_REACHABILITY
native,432,c/asu/a/fly.dat,66,0,432,True,DECLARED_OPOINT_NOT_RUNTIME_REACHABILITY
native,5,c/shino/shino.dat,21,0,228,True,DECLARED_OPOINT_NOT_RUNTIME_REACHABILITY
native,5,c/shino/shino.dat,28,0,228,True,DECLARED_OPOINT_NOT_RUNTIME_REACHABILITY
native,5,c/shino/shino.dat,51,0,228,True,DECLARED_OPOINT_NOT_RUNTIME_REACHABILITY
native,5,c/shino/shino.dat,66,0,228,True,DECLARED_OPOINT_NOT_RUNTIME_REACHABILITY
native,5,c/shino/shino.dat,72,0,228,True,DECLARED_OPOINT_NOT_RUNTIME_REACHABILITY
native,5,c/shino/shino.dat,88,0,228,True,DECLARED_OPOINT_NOT_RUNTIME_REACHABILITY
native,5,c/shino/shino.dat,91,0,228,True,DECLARED_OPOINT_NOT_RUNTIME_REACHABILITY
native,5,c/shino/shino.dat,236,0,228,True,DECLARED_OPOINT_NOT_RUNTIME_REACHABILITY
native,5,c/shino/shino.dat,241,0,228,True,DECLARED_OPOINT_NOT_RUNTIME_REACHABILITY
native,5,c/shino/shino.dat,243,0,228,True,DECLARED_OPOINT_NOT_RUNTIME_REACHABILITY
native,5,c/shino/shino.dat,248,0,228,True,DECLARED_OPOINT_NOT_RUNTIME_REACHABILITY
native,5,c/shino/shino.dat,256,0,123,True,DECLARED_OPOINT_NOT_RUNTIME_REACHABILITY
native,5,c/shino/shino.dat,257,0,204,True,DECLARED_OPOINT_NOT_RUNTIME_REACHABILITY
native,5,c/shino/shino.dat,260,0,228,True,DECLARED_OPOINT_NOT_RUNTIME_REACHABILITY
native,5,c/shino/shino.dat,262,0,228,True,DECLARED_OPOINT_NOT_RUNTIME_REACHABILITY
native,5,c/shino/shino.dat,266,0,228,True,DECLARED_OPOINT_NOT_RUNTIME_REACHABILITY
native,5,c/shino/shino.dat,269,0,228,True,DECLARED_OPOINT_NOT_RUNTIME_REACHABILITY
native,5,c/shino/shino.dat,270,0,228,True,DECLARED_OPOINT_NOT_RUNTIME_REACHABILITY
native,5,c/shino/shino.dat,271,0,228,True,DECLARED_OPOINT_NOT_RUNTIME_REACHABILITY
native,5,c/shino/shino.dat,272,0,228,True,DECLARED_OPOINT_NOT_RUNTIME_REACHABILITY
native,5,c/shino/shino.dat,281,0,228,True,DECLARED_OPOINT_NOT_RUNTIME_REACHABILITY
native,5,c/shino/shino.dat,282,0,228,True,DECLARED_OPOINT_NOT_RUNTIME_REACHABILITY
native,5,c/shino/shino.dat,283,0,228,True,DECLARED_OPOINT_NOT_RUNTIME_REACHABILITY
native,5,c/shino/shino.dat,284,0,228,True,DECLARED_OPOINT_NOT_RUNTIME_REACHABILITY
native,5,c/shino/shino.dat,285,0,228,True,DECLARED_OPOINT_NOT_RUNTIME_REACHABILITY
native,5,c/shino/shino.dat,286,0,228,True,DECLARED_OPOINT_NOT_RUNTIME_REACHABILITY
native,5,c/shino/shino.dat,287,0,228,True,DECLARED_OPOINT_NOT_RUNTIME_REACHABILITY
native,5,c/shino/shino.dat,288,0,228,True,DECLARED_OPOINT_NOT_RUNTIME_REACHABILITY
native,5,c/shino/shino.dat,289,0,228,True,DECLARED_OPOINT_NOT_RUNTIME_REACHABILITY
native,5,c/shino/shino.dat,296,0,228,True,DECLARED_OPOINT_NOT_RUNTIME_REACHABILITY
native,5,c/shino/shino.dat,297,0,228,True,DECLARED_OPOINT_NOT_RUNTIME_REACHABILITY
native,5,c/shino/shino.dat,298,0,228,True,DECLARED_OPOINT_NOT_RUNTIME_REACHABILITY
native,5,c/shino/shino.dat,301,1,228,True,DECLARED_OPOINT_NOT_RUNTIME_REACHABILITY
native,5,c/shino/shino.dat,307,0,228,True,DECLARED_OPOINT_NOT_RUNTIME_REACHABILITY
native,5,c/shino/shino.dat,310,0,228,True,DECLARED_OPOINT_NOT_RUNTIME_REACHABILITY
native,5,c/shino/shino.dat,311,0,228,True,DECLARED_OPOINT_NOT_RUNTIME_REACHABILITY
native,5,c/shino/shino.dat,312,0,228,True,DECLARED_OPOINT_NOT_RUNTIME_REACHABILITY
native,5,c/shino/shino.dat,317,1,228,True,DECLARED_OPOINT_NOT_RUNTIME_REACHABILITY
native,5,c/shino/shino.dat,322,0,228,True,DECLARED_OPOINT_NOT_RUNTIME_REACHABILITY
native,5,c/shino/shino.dat,323,0,228,True,DECLARED_OPOINT_NOT_RUNTIME_REACHABILITY
native,5,c/shino/shino.dat,324,0,228,True,DECLARED_OPOINT_NOT_RUNTIME_REACHABILITY
native,5,c/shino/shino.dat,332,0,228,True,DECLARED_OPOINT_NOT_RUNTIME_REACHABILITY
native,5,c/shino/shino.dat,333,0,228,True,DECLARED_OPOINT_NOT_RUNTIME_REACHABILITY
native,5,c/shino/shino.dat,352,1,228,True,DECLARED_OPOINT_NOT_RUNTIME_REACHABILITY
native,5,c/shino/shino.dat,366,0,228,True,DECLARED_OPOINT_NOT_RUNTIME_REACHABILITY
native,5,c/shino/shino.dat,369,0,228,True,DECLARED_OPOINT_NOT_RUNTIME_REACHABILITY
native,5,c/shino/shino.dat,370,0,228,True,DECLARED_OPOINT_NOT_RUNTIME_REACHABILITY
native,5,c/shino/shino.dat,371,0,228,True,DECLARED_OPOINT_NOT_RUNTIME_REACHABILITY
native,5,c/shino/shino.dat,372,0,228,True,DECLARED_OPOINT_NOT_RUNTIME_REACHABILITY
native,5,c/shino/shino.dat,406,0,228,True,DECLARED_OPOINT_NOT_RUNTIME_REACHABILITY
native,5,c/shino/shino.dat,407,0,228,True,DECLARED_OPOINT_NOT_RUNTIME_REACHABILITY
native,5,c/shino/shino.dat,408,0,228,True,DECLARED_OPOINT_NOT_RUNTIME_REACHABILITY
native,5,c/shino/shino.dat,602,1,900,True,DECLARED_OPOINT_NOT_RUNTIME_REACHABILITY
native,5,c/shino/shino.dat,631,1,204,True,DECLARED_OPOINT_NOT_RUNTIME_REACHABILITY
native,5,c/shino/shino.dat,641,1,204,True,DECLARED_OPOINT_NOT_RUNTIME_REACHABILITY
native,5,c/shino/shino.dat,666,0,228,True,DECLARED_OPOINT_NOT_RUNTIME_REACHABILITY
native,228,c/shino/a/bug.dat,0,0,228,True,DECLARED_OPOINT_NOT_RUNTIME_REACHABILITY
native,228,c/shino/a/bug.dat,1,0,228,True,DECLARED_OPOINT_NOT_RUNTIME_REACHABILITY
native,228,c/shino/a/bug.dat,2,0,228,True,DECLARED_OPOINT_NOT_RUNTIME_REACHABILITY
native,228,c/shino/a/bug.dat,3,0,228,True,DECLARED_OPOINT_NOT_RUNTIME_REACHABILITY
native,228,c/shino/a/bug.dat,5,0,228,True,DECLARED_OPOINT_NOT_RUNTIME_REACHABILITY
native,228,c/shino/a/bug.dat,81,0,228,True,DECLARED_OPOINT_NOT_RUNTIME_REACHABILITY
native,228,c/shino/a/bug.dat,86,0,228,True,DECLARED_OPOINT_NOT_RUNTIME_REACHABILITY
native,228,c/shino/a/bug.dat,96,0,228,True,DECLARED_OPOINT_NOT_RUNTIME_REACHABILITY
native,228,c/shino/a/bug.dat,186,0,228,True,DECLARED_OPOINT_NOT_RUNTIME_REACHABILITY
native,228,c/shino/a/bug.dat,187,0,228,True,DECLARED_OPOINT_NOT_RUNTIME_REACHABILITY
native,228,c/shino/a/bug.dat,266,0,228,True,DECLARED_OPOINT_NOT_RUNTIME_REACHABILITY
native,228,c/shino/a/bug.dat,351,0,228,True,DECLARED_OPOINT_NOT_RUNTIME_REACHABILITY
native,228,c/shino/a/bug.dat,466,0,228,True,DECLARED_OPOINT_NOT_RUNTIME_REACHABILITY
native,228,c/shino/a/bug.dat,469,0,228,True,DECLARED_OPOINT_NOT_RUNTIME_REACHABILITY
native,228,c/shino/a/bug.dat,470,0,228,True,DECLARED_OPOINT_NOT_RUNTIME_REACHABILITY
native,228,c/shino/a/bug.dat,472,0,228,True,DECLARED_OPOINT_NOT_RUNTIME_REACHABILITY
native,228,c/shino/a/bug.dat,476,0,228,True,DECLARED_OPOINT_NOT_RUNTIME_REACHABILITY
native,228,c/shino/a/bug.dat,477,0,228,True,DECLARED_OPOINT_NOT_RUNTIME_REACHABILITY
native,228,c/shino/a/bug.dat,478,0,228,True,DECLARED_OPOINT_NOT_RUNTIME_REACHABILITY
native,228,c/shino/a/bug.dat,479,0,228,True,DECLARED_OPOINT_NOT_RUNTIME_REACHABILITY
native,228,c/shino/a/bug.dat,486,0,228,True,DECLARED_OPOINT_NOT_RUNTIME_REACHABILITY
native,228,c/shino/a/bug.dat,498,0,228,True,DECLARED_OPOINT_NOT_RUNTIME_REACHABILITY
native,228,c/shino/a/bug.dat,499,0,228,True,DECLARED_OPOINT_NOT_RUNTIME_REACHABILITY
native,228,c/shino/a/bug.dat,566,0,228,True,DECLARED_OPOINT_NOT_RUNTIME_REACHABILITY
native,228,c/shino/a/bug.dat,580,0,228,True,DECLARED_OPOINT_NOT_RUNTIME_REACHABILITY
native,12,c/kib/kib.dat,66,0,226,True,DECLARED_OPOINT_NOT_RUNTIME_REACHABILITY
native,12,c/kib/kib.dat,87,0,226,True,DECLARED_OPOINT_NOT_RUNTIME_REACHABILITY
native,12,c/kib/kib.dat,91,0,226,True,DECLARED_OPOINT_NOT_RUNTIME_REACHABILITY
native,12,c/kib/kib.dat,236,0,204,True,DECLARED_OPOINT_NOT_RUNTIME_REACHABILITY
native,12,c/kib/kib.dat,238,0,204,True,DECLARED_OPOINT_NOT_RUNTIME_REACHABILITY
native,12,c/kib/kib.dat,241,1,204,True,DECLARED_OPOINT_NOT_RUNTIME_REACHABILITY
native,12,c/kib/kib.dat,242,0,226,True,DECLARED_OPOINT_NOT_RUNTIME_REACHABILITY
native,12,c/kib/kib.dat,244,1,204,True,DECLARED_OPOINT_NOT_RUNTIME_REACHABILITY
native,12,c/kib/kib.dat,247,1,204,True,DECLARED_OPOINT_NOT_RUNTIME_REACHABILITY
native,12,c/kib/kib.dat,250,1,204,True,DECLARED_OPOINT_NOT_RUNTIME_REACHABILITY
native,12,c/kib/kib.dat,256,1,226,True,DECLARED_OPOINT_NOT_RUNTIME_REACHABILITY
native,12,c/kib/kib.dat,257,1,226,True,DECLARED_OPOINT_NOT_RUNTIME_REACHABILITY
native,12,c/kib/kib.dat,258,1,226,True,DECLARED_OPOINT_NOT_RUNTIME_REACHABILITY
native,12,c/kib/kib.dat,259,1,226,True,DECLARED_OPOINT_NOT_RUNTIME_REACHABILITY
native,12,c/kib/kib.dat,260,1,226,True,DECLARED_OPOINT_NOT_RUNTIME_REACHABILITY
native,12,c/kib/kib.dat,261,1,226,True,DECLARED_OPOINT_NOT_RUNTIME_REACHABILITY
native,12,c/kib/kib.dat,262,1,226,True,DECLARED_OPOINT_NOT_RUNTIME_REACHABILITY
native,12,c/kib/kib.dat,263,1,226,True,DECLARED_OPOINT_NOT_RUNTIME_REACHABILITY
native,12,c/kib/kib.dat,274,0,226,True,DECLARED_OPOINT_NOT_RUNTIME_REACHABILITY
native,12,c/kib/kib.dat,276,0,706,True,DECLARED_OPOINT_NOT_RUNTIME_REACHABILITY
native,12,c/kib/kib.dat,277,0,226,True,DECLARED_OPOINT_NOT_RUNTIME_REACHABILITY
native,12,c/kib/kib.dat,283,0,226,True,DECLARED_OPOINT_NOT_RUNTIME_REACHABILITY
native,12,c/kib/kib.dat,287,1,226,True,DECLARED_OPOINT_NOT_RUNTIME_REACHABILITY
native,12,c/kib/kib.dat,288,0,226,True,DECLARED_OPOINT_NOT_RUNTIME_REACHABILITY
native,12,c/kib/kib.dat,291,0,123,True,DECLARED_OPOINT_NOT_RUNTIME_REACHABILITY
native,12,c/kib/kib.dat,292,0,204,True,DECLARED_OPOINT_NOT_RUNTIME_REACHABILITY
native,12,c/kib/kib.dat,296,0,226,True,DECLARED_OPOINT_NOT_RUNTIME_REACHABILITY
native,12,c/kib/kib.dat,297,0,716,True,DECLARED_OPOINT_NOT_RUNTIME_REACHABILITY
native,12,c/kib/kib.dat,298,0,204,True,DECLARED_OPOINT_NOT_RUNTIME_REACHABILITY
native,12,c/kib/kib.dat,299,0,229,True,DECLARED_OPOINT_NOT_RUNTIME_REACHABILITY
native,12,c/kib/kib.dat,350,1,226,True,DECLARED_OPOINT_NOT_RUNTIME_REACHABILITY
native,12,c/kib/kib.dat,351,1,226,True,DECLARED_OPOINT_NOT_RUNTIME_REACHABILITY
native,12,c/kib/kib.dat,352,1,226,True,DECLARED_OPOINT_NOT_RUNTIME_REACHABILITY
native,12,c/kib/kib.dat,368,1,716,True,DECLARED_OPOINT_NOT_RUNTIME_REACHABILITY
native,12,c/kib/kib.dat,369,1,226,True,DECLARED_OPOINT_NOT_RUNTIME_REACHABILITY
native,12,c/kib/kib.dat,372,1,204,True,DECLARED_OPOINT_NOT_RUNTIME_REACHABILITY
native,12,c/kib/kib.dat,377,1,204,True,DECLARED_OPOINT_NOT_RUNTIME_REACHABILITY
native,12,c/kib/kib.dat,379,1,226,True,DECLARED_OPOINT_NOT_RUNTIME_REACHABILITY
native,12,c/kib/kib.dat,381,0,226,True,DECLARED_OPOINT_NOT_RUNTIME_REACHABILITY
native,12,c/kib/kib.dat,388,1,226,True,DECLARED_OPOINT_NOT_RUNTIME_REACHABILITY
native,12,c/kib/kib.dat,389,1,226,True,DECLARED_OPOINT_NOT_RUNTIME_REACHABILITY
native,12,c/kib/kib.dat,391,0,208,True,DECLARED_OPOINT_NOT_RUNTIME_REACHABILITY
native,12,c/kib/kib.dat,393,0,120,True,DECLARED_OPOINT_NOT_RUNTIME_REACHABILITY
native,12,c/kib/kib.dat,395,0,121,True,DECLARED_OPOINT_NOT_RUNTIME_REACHABILITY
native,12,c/kib/kib.dat,450,0,226,True,DECLARED_OPOINT_NOT_RUNTIME_REACHABILITY
native,12,c/kib/kib.dat,451,0,716,True,DECLARED_OPOINT_NOT_RUNTIME_REACHABILITY
native,12,c/kib/kib.dat,452,0,204,True,DECLARED_OPOINT_NOT_RUNTIME_REACHABILITY
native,12,c/kib/kib.dat,453,0,229,True,DECLARED_OPOINT_NOT_RUNTIME_REACHABILITY
native,12,c/kib/kib.dat,504,0,226,True,DECLARED_OPOINT_NOT_RUNTIME_REACHABILITY
native,12,c/kib/kib.dat,505,0,226,True,DECLARED_OPOINT_NOT_RUNTIME_REACHABILITY
native,12,c/kib/kib.dat,506,1,204,True,DECLARED_OPOINT_NOT_RUNTIME_REACHABILITY
native,12,c/kib/kib.dat,602,1,900,True,DECLARED_OPOINT_NOT_RUNTIME_REACHABILITY
native,12,c/kib/kib.dat,631,1,204,True,DECLARED_OPOINT_NOT_RUNTIME_REACHABILITY
native,12,c/kib/kib.dat,641,1,204,True,DECLARED_OPOINT_NOT_RUNTIME_REACHABILITY
native,12,c/kib/kib.dat,666,0,226,True,DECLARED_OPOINT_NOT_RUNTIME_REACHABILITY
native,226,c/kib/a/aka.dat,96,0,706,True,DECLARED_OPOINT_NOT_RUNTIME_REACHABILITY
native,226,c/kib/a/aka.dat,102,0,204,True,DECLARED_OPOINT_NOT_RUNTIME_REACHABILITY
native,226,c/kib/a/aka.dat,105,0,204,True,DECLARED_OPOINT_NOT_RUNTIME_REACHABILITY
native,226,c/kib/a/aka.dat,108,0,204,True,DECLARED_OPOINT_NOT_RUNTIME_REACHABILITY
native,226,c/kib/a/aka.dat,111,0,204,True,DECLARED_OPOINT_NOT_RUNTIME_REACHABILITY
native,226,c/kib/a/aka.dat,334,0,226,True,DECLARED_OPOINT_NOT_RUNTIME_REACHABILITY
native,226,c/kib/a/aka.dat,496,0,716,True,DECLARED_OPOINT_NOT_RUNTIME_REACHABILITY
native,226,c/kib/a/aka.dat,501,1,716,True,DECLARED_OPOINT_NOT_RUNTIME_REACHABILITY
native,226,c/kib/a/aka.dat,529,1,226,True,DECLARED_OPOINT_NOT_RUNTIME_REACHABILITY
native,226,c/kib/a/aka.dat,530,1,226,True,DECLARED_OPOINT_NOT_RUNTIME_REACHABILITY
native,226,c/kib/a/aka.dat,531,1,226,True,DECLARED_OPOINT_NOT_RUNTIME_REACHABILITY
native,8,c/chi/chi.dat,61,0,419,True,DECLARED_OPOINT_NOT_RUNTIME_REACHABILITY
native,8,c/chi/chi.dat,66,0,419,True,DECLARED_OPOINT_NOT_RUNTIME_REACHABILITY
native,8,c/chi/chi.dat,211,0,419,True,DECLARED_OPOINT_NOT_RUNTIME_REACHABILITY
native,8,c/chi/chi.dat,248,0,419,True,DECLARED_OPOINT_NOT_RUNTIME_REACHABILITY
native,8,c/chi/chi.dat,251,0,204,True,DECLARED_OPOINT_NOT_RUNTIME_REACHABILITY
native,8,c/chi/chi.dat,253,0,204,True,DECLARED_OPOINT_NOT_RUNTIME_REACHABILITY
native,8,c/chi/chi.dat,257,0,420,True,DECLARED_OPOINT_NOT_RUNTIME_REACHABILITY
native,8,c/chi/chi.dat,262,0,419,True,DECLARED_OPOINT_NOT_RUNTIME_REACHABILITY
native,8,c/chi/chi.dat,263,0,419,True,DECLARED_OPOINT_NOT_RUNTIME_REACHABILITY
native,8,c/chi/chi.dat,264,0,419,True,DECLARED_OPOINT_NOT_RUNTIME_REACHABILITY
native,8,c/chi/chi.dat,265,0,419,True,DECLARED_OPOINT_NOT_RUNTIME_REACHABILITY
native,8,c/chi/chi.dat,266,0,419,True,DECLARED_OPOINT_NOT_RUNTIME_REACHABILITY
native,8,c/chi/chi.dat,267,0,419,True,DECLARED_OPOINT_NOT_RUNTIME_REACHABILITY
native,8,c/chi/chi.dat,268,0,419,True,DECLARED_OPOINT_NOT_RUNTIME_REACHABILITY
native,8,c/chi/chi.dat,269,0,419,True,DECLARED_OPOINT_NOT_RUNTIME_REACHABILITY
native,8,c/chi/chi.dat,270,0,419,True,DECLARED_OPOINT_NOT_RUNTIME_REACHABILITY
native,8,c/chi/chi.dat,271,0,419,True,DECLARED_OPOINT_NOT_RUNTIME_REACHABILITY
native,8,c/chi/chi.dat,276,0,419,True,DECLARED_OPOINT_NOT_RUNTIME_REACHABILITY
native,8,c/chi/chi.dat,277,0,419,True,DECLARED_OPOINT_NOT_RUNTIME_REACHABILITY
native,8,c/chi/chi.dat,278,0,419,True,DECLARED_OPOINT_NOT_RUNTIME_REACHABILITY
native,8,c/chi/chi.dat,279,0,419,True,DECLARED_OPOINT_NOT_RUNTIME_REACHABILITY
native,8,c/chi/chi.dat,291,0,123,True,DECLARED_OPOINT_NOT_RUNTIME_REACHABILITY
native,8,c/chi/chi.dat,292,0,204,True,DECLARED_OPOINT_NOT_RUNTIME_REACHABILITY
native,8,c/chi/chi.dat,299,1,419,True,DECLARED_OPOINT_NOT_RUNTIME_REACHABILITY
native,8,c/chi/chi.dat,307,0,420,True,DECLARED_OPOINT_NOT_RUNTIME_REACHABILITY
native,8,c/chi/chi.dat,313,0,204,True,DECLARED_OPOINT_NOT_RUNTIME_REACHABILITY
native,8,c/chi/chi.dat,322,1,419,True,DECLARED_OPOINT_NOT_RUNTIME_REACHABILITY
native,8,c/chi/chi.dat,323,1,419,True,DECLARED_OPOINT_NOT_RUNTIME_REACHABILITY
native,8,c/chi/chi.dat,325,1,419,True,DECLARED_OPOINT_NOT_RUNTIME_REACHABILITY
native,8,c/chi/chi.dat,326,1,419,True,DECLARED_OPOINT_NOT_RUNTIME_REACHABILITY
native,8,c/chi/chi.dat,327,1,419,True,DECLARED_OPOINT_NOT_RUNTIME_REACHABILITY
native,8,c/chi/chi.dat,329,1,419,True,DECLARED_OPOINT_NOT_RUNTIME_REACHABILITY
native,8,c/chi/chi.dat,331,1,419,True,DECLARED_OPOINT_NOT_RUNTIME_REACHABILITY
native,8,c/chi/chi.dat,338,3,419,True,DECLARED_OPOINT_NOT_RUNTIME_REACHABILITY
native,8,c/chi/chi.dat,339,0,202,True,DECLARED_OPOINT_NOT_RUNTIME_REACHABILITY
native,8,c/chi/chi.dat,342,0,419,True,DECLARED_OPOINT_NOT_RUNTIME_REACHABILITY
native,8,c/chi/chi.dat,343,0,419,True,DECLARED_OPOINT_NOT_RUNTIME_REACHABILITY
native,8,c/chi/chi.dat,344,0,419,True,DECLARED_OPOINT_NOT_RUNTIME_REACHABILITY
native,8,c/chi/chi.dat,345,0,419,True,DECLARED_OPOINT_NOT_RUNTIME_REACHABILITY
native,8,c/chi/chi.dat,346,0,419,True,DECLARED_OPOINT_NOT_RUNTIME_REACHABILITY
native,8,c/chi/chi.dat,347,0,419,True,DECLARED_OPOINT_NOT_RUNTIME_REACHABILITY
native,8,c/chi/chi.dat,349,0,419,True,DECLARED_OPOINT_NOT_RUNTIME_REACHABILITY
native,8,c/chi/chi.dat,350,0,419,True,DECLARED_OPOINT_NOT_RUNTIME_REACHABILITY
native,8,c/chi/chi.dat,351,0,419,True,DECLARED_OPOINT_NOT_RUNTIME_REACHABILITY
native,8,c/chi/chi.dat,352,0,419,True,DECLARED_OPOINT_NOT_RUNTIME_REACHABILITY
native,8,c/chi/chi.dat,353,0,419,True,DECLARED_OPOINT_NOT_RUNTIME_REACHABILITY
native,8,c/chi/chi.dat,354,0,419,True,DECLARED_OPOINT_NOT_RUNTIME_REACHABILITY
native,8,c/chi/chi.dat,355,0,419,True,DECLARED_OPOINT_NOT_RUNTIME_REACHABILITY
native,8,c/chi/chi.dat,358,1,420,True,DECLARED_OPOINT_NOT_RUNTIME_REACHABILITY
native,8,c/chi/chi.dat,373,1,420,True,DECLARED_OPOINT_NOT_RUNTIME_REACHABILITY
native,8,c/chi/chi.dat,381,0,419,True,DECLARED_OPOINT_NOT_RUNTIME_REACHABILITY
native,8,c/chi/chi.dat,384,1,420,True,DECLARED_OPOINT_NOT_RUNTIME_REACHABILITY
native,8,c/chi/chi.dat,390,1,420,True,DECLARED_OPOINT_NOT_RUNTIME_REACHABILITY
native,8,c/chi/chi.dat,391,1,420,True,DECLARED_OPOINT_NOT_RUNTIME_REACHABILITY
native,8,c/chi/chi.dat,392,1,420,True,DECLARED_OPOINT_NOT_RUNTIME_REACHABILITY
native,8,c/chi/chi.dat,393,1,420,True,DECLARED_OPOINT_NOT_RUNTIME_REACHABILITY
native,8,c/chi/chi.dat,402,0,419,True,DECLARED_OPOINT_NOT_RUNTIME_REACHABILITY
native,8,c/chi/chi.dat,406,1,420,True,DECLARED_OPOINT_NOT_RUNTIME_REACHABILITY
native,8,c/chi/chi.dat,451,1,420,True,DECLARED_OPOINT_NOT_RUNTIME_REACHABILITY
native,8,c/chi/chi.dat,502,1,420,True,DECLARED_OPOINT_NOT_RUNTIME_REACHABILITY
native,8,c/chi/chi.dat,564,1,419,True,DECLARED_OPOINT_NOT_RUNTIME_REACHABILITY
native,8,c/chi/chi.dat,631,1,204,True,DECLARED_OPOINT_NOT_RUNTIME_REACHABILITY
native,8,c/chi/chi.dat,641,1,204,True,DECLARED_OPOINT_NOT_RUNTIME_REACHABILITY
native,8,c/chi/chi.dat,666,0,419,True,DECLARED_OPOINT_NOT_RUNTIME_REACHABILITY
native,8,c/chi/chi.dat,670,1,420,True,DECLARED_OPOINT_NOT_RUNTIME_REACHABILITY
native,8,c/chi/chi.dat,671,1,420,True,DECLARED_OPOINT_NOT_RUNTIME_REACHABILITY
native,8,c/chi/chi.dat,672,1,420,True,DECLARED_OPOINT_NOT_RUNTIME_REACHABILITY
native,8,c/chi/chi.dat,673,1,420,True,DECLARED_OPOINT_NOT_RUNTIME_REACHABILITY
native,8,c/chi/chi.dat,676,1,419,True,DECLARED_OPOINT_NOT_RUNTIME_REACHABILITY
native,850,c/chi/pup1.dat,304,0,204,True,DECLARED_OPOINT_NOT_RUNTIME_REACHABILITY
native,850,c/chi/pup1.dat,311,0,204,True,DECLARED_OPOINT_NOT_RUNTIME_REACHABILITY
native,850,c/chi/pup1.dat,414,0,419,True,DECLARED_OPOINT_NOT_RUNTIME_REACHABILITY
native,851,c/chi/pup2.dat,304,0,204,True,DECLARED_OPOINT_NOT_RUNTIME_REACHABILITY
native,851,c/chi/pup2.dat,311,0,204,True,DECLARED_OPOINT_NOT_RUNTIME_REACHABILITY
native,852,c/chi/pup3.dat,304,0,204,True,DECLARED_OPOINT_NOT_RUNTIME_REACHABILITY
native,852,c/chi/pup3.dat,311,0,204,True,DECLARED_OPOINT_NOT_RUNTIME_REACHABILITY
native,852,c/chi/pup3.dat,403,0,419,True,DECLARED_OPOINT_NOT_RUNTIME_REACHABILITY
native,853,c/chi/pup4.dat,304,0,204,True,DECLARED_OPOINT_NOT_RUNTIME_REACHABILITY
native,853,c/chi/pup4.dat,311,0,204,True,DECLARED_OPOINT_NOT_RUNTIME_REACHABILITY
native,853,c/chi/pup4.dat,402,0,419,True,DECLARED_OPOINT_NOT_RUNTIME_REACHABILITY
native,853,c/chi/pup4.dat,404,0,419,True,DECLARED_OPOINT_NOT_RUNTIME_REACHABILITY
native,853,c/chi/pup4.dat,405,0,419,True,DECLARED_OPOINT_NOT_RUNTIME_REACHABILITY
native,853,c/chi/pup4.dat,406,0,419,True,DECLARED_OPOINT_NOT_RUNTIME_REACHABILITY
native,853,c/chi/pup4.dat,407,0,419,True,DECLARED_OPOINT_NOT_RUNTIME_REACHABILITY
native,853,c/chi/pup4.dat,408,0,419,True,DECLARED_OPOINT_NOT_RUNTIME_REACHABILITY
native,853,c/chi/pup4.dat,409,0,419,True,DECLARED_OPOINT_NOT_RUNTIME_REACHABILITY
native,853,c/chi/pup4.dat,410,0,419,True,DECLARED_OPOINT_NOT_RUNTIME_REACHABILITY
native,853,c/chi/pup4.dat,411,0,419,True,DECLARED_OPOINT_NOT_RUNTIME_REACHABILITY
native,853,c/chi/pup4.dat,412,0,419,True,DECLARED_OPOINT_NOT_RUNTIME_REACHABILITY
native,854,c/chi/pup5.dat,304,0,204,True,DECLARED_OPOINT_NOT_RUNTIME_REACHABILITY
native,854,c/chi/pup5.dat,306,0,204,True,DECLARED_OPOINT_NOT_RUNTIME_REACHABILITY
native,854,c/chi/pup5.dat,311,0,204,True,DECLARED_OPOINT_NOT_RUNTIME_REACHABILITY
native,854,c/chi/pup5.dat,403,0,419,True,DECLARED_OPOINT_NOT_RUNTIME_REACHABILITY
native,854,c/chi/pup5.dat,488,4,419,True,DECLARED_OPOINT_NOT_RUNTIME_REACHABILITY
native,855,c/chi/pup6.dat,304,0,204,True,DECLARED_OPOINT_NOT_RUNTIME_REACHABILITY
native,855,c/chi/pup6.dat,311,0,204,True,DECLARED_OPOINT_NOT_RUNTIME_REACHABILITY
native,856,c/chi/pup7.dat,304,0,204,True,DECLARED_OPOINT_NOT_RUNTIME_REACHABILITY
native,856,c/chi/pup7.dat,311,0,204,True,DECLARED_OPOINT_NOT_RUNTIME_REACHABILITY
native,857,c/chi/pup8.dat,304,0,204,True,DECLARED_OPOINT_NOT_RUNTIME_REACHABILITY
native,857,c/chi/pup8.dat,311,0,204,True,DECLARED_OPOINT_NOT_RUNTIME_REACHABILITY
native,858,c/chi/pup9.dat,304,0,204,True,DECLARED_OPOINT_NOT_RUNTIME_REACHABILITY
native,858,c/chi/pup9.dat,311,0,204,True,DECLARED_OPOINT_NOT_RUNTIME_REACHABILITY
native,858,c/chi/pup9.dat,405,0,419,True,DECLARED_OPOINT_NOT_RUNTIME_REACHABILITY
native,859,c/chi/pup10.dat,304,0,204,True,DECLARED_OPOINT_NOT_RUNTIME_REACHABILITY
native,859,c/chi/pup10.dat,311,0,204,True,DECLARED_OPOINT_NOT_RUNTIME_REACHABILITY
native,419,c/chi/a/atk.dat,33,0,419,True,DECLARED_OPOINT_NOT_RUNTIME_REACHABILITY
native,419,c/chi/a/atk.dat,34,0,419,True,DECLARED_OPOINT_NOT_RUNTIME_REACHABILITY
native,419,c/chi/a/atk.dat,35,0,419,True,DECLARED_OPOINT_NOT_RUNTIME_REACHABILITY
native,419,c/chi/a/atk.dat,36,0,419,True,DECLARED_OPOINT_NOT_RUNTIME_REACHABILITY
native,419,c/chi/a/atk.dat,37,0,419,True,DECLARED_OPOINT_NOT_RUNTIME_REACHABILITY
native,419,c/chi/a/atk.dat,38,0,419,True,DECLARED_OPOINT_NOT_RUNTIME_REACHABILITY
native,419,c/chi/a/atk.dat,49,0,208,True,DECLARED_OPOINT_NOT_RUNTIME_REACHABILITY
native,419,c/chi/a/atk.dat,261,0,419,True,DECLARED_OPOINT_NOT_RUNTIME_REACHABILITY
native,419,c/chi/a/atk.dat,280,0,419,True,DECLARED_OPOINT_NOT_RUNTIME_REACHABILITY
native,419,c/chi/a/atk.dat,282,0,120,True,DECLARED_OPOINT_NOT_RUNTIME_REACHABILITY
native,419,c/chi/a/atk.dat,284,0,120,True,DECLARED_OPOINT_NOT_RUNTIME_REACHABILITY
native,419,c/chi/a/atk.dat,286,0,120,True,DECLARED_OPOINT_NOT_RUNTIME_REACHABILITY
native,419,c/chi/a/atk.dat,288,0,120,True,DECLARED_OPOINT_NOT_RUNTIME_REACHABILITY
native,419,c/chi/a/atk.dat,293,0,211,True,DECLARED_OPOINT_NOT_RUNTIME_REACHABILITY
native,419,c/chi/a/atk.dat,301,0,850,True,DECLARED_OPOINT_NOT_RUNTIME_REACHABILITY
native,419,c/chi/a/atk.dat,302,0,851,True,DECLARED_OPOINT_NOT_RUNTIME_REACHABILITY
native,419,c/chi/a/atk.dat,303,0,852,True,DECLARED_OPOINT_NOT_RUNTIME_REACHABILITY
native,419,c/chi/a/atk.dat,304,0,853,True,DECLARED_OPOINT_NOT_RUNTIME_REACHABILITY
native,419,c/chi/a/atk.dat,305,0,854,True,DECLARED_OPOINT_NOT_RUNTIME_REACHABILITY
native,419,c/chi/a/atk.dat,306,0,855,True,DECLARED_OPOINT_NOT_RUNTIME_REACHABILITY
native,419,c/chi/a/atk.dat,307,0,856,True,DECLARED_OPOINT_NOT_RUNTIME_REACHABILITY
native,419,c/chi/a/atk.dat,308,0,857,True,DECLARED_OPOINT_NOT_RUNTIME_REACHABILITY
native,419,c/chi/a/atk.dat,309,0,858,True,DECLARED_OPOINT_NOT_RUNTIME_REACHABILITY
native,419,c/chi/a/atk.dat,310,0,859,True,DECLARED_OPOINT_NOT_RUNTIME_REACHABILITY
native,419,c/chi/a/atk.dat,402,0,419,True,DECLARED_OPOINT_NOT_RUNTIME_REACHABILITY
native,419,c/chi/a/atk.dat,404,0,419,True,DECLARED_OPOINT_NOT_RUNTIME_REACHABILITY
native,419,c/chi/a/atk.dat,406,0,419,True,DECLARED_OPOINT_NOT_RUNTIME_REACHABILITY
native,419,c/chi/a/atk.dat,408,0,419,True,DECLARED_OPOINT_NOT_RUNTIME_REACHABILITY
native,419,c/chi/a/atk.dat,410,0,419,True,DECLARED_OPOINT_NOT_RUNTIME_REACHABILITY
native,419,c/chi/a/atk.dat,412,0,419,True,DECLARED_OPOINT_NOT_RUNTIME_REACHABILITY
native,419,c/chi/a/atk.dat,414,0,419,True,DECLARED_OPOINT_NOT_RUNTIME_REACHABILITY
native,419,c/chi/a/atk.dat,416,0,419,True,DECLARED_OPOINT_NOT_RUNTIME_REACHABILITY
native,419,c/chi/a/atk.dat,418,0,419,True,DECLARED_OPOINT_NOT_RUNTIME_REACHABILITY
native,420,c/chi/a/pup.dat,99,0,204,True,DECLARED_OPOINT_NOT_RUNTIME_REACHABILITY
native,420,c/chi/a/pup.dat,100,0,204,True,DECLARED_OPOINT_NOT_RUNTIME_REACHABILITY
native,420,c/chi/a/pup.dat,156,0,204,True,DECLARED_OPOINT_NOT_RUNTIME_REACHABILITY
native,420,c/chi/a/pup.dat,157,0,204,True,DECLARED_OPOINT_NOT_RUNTIME_REACHABILITY
native,420,c/chi/a/pup.dat,231,0,420,True,DECLARED_OPOINT_NOT_RUNTIME_REACHABILITY
native,420,c/chi/a/pup.dat,232,0,420,True,DECLARED_OPOINT_NOT_RUNTIME_REACHABILITY
native,420,c/chi/a/pup.dat,252,0,208,True,DECLARED_OPOINT_NOT_RUNTIME_REACHABILITY
native,420,c/chi/a/pup.dat,262,0,208,True,DECLARED_OPOINT_NOT_RUNTIME_REACHABILITY
native,14,c/kan/kan.dat,44,0,230,True,DECLARED_OPOINT_NOT_RUNTIME_REACHABILITY
native,14,c/kan/kan.dat,67,0,230,True,DECLARED_OPOINT_NOT_RUNTIME_REACHABILITY
native,14,c/kan/kan.dat,87,0,230,True,DECLARED_OPOINT_NOT_RUNTIME_REACHABILITY
native,14,c/kan/kan.dat,146,0,204,True,DECLARED_OPOINT_NOT_RUNTIME_REACHABILITY
native,14,c/kan/kan.dat,150,0,204,True,DECLARED_OPOINT_NOT_RUNTIME_REACHABILITY
native,14,c/kan/kan.dat,236,0,230,True,DECLARED_OPOINT_NOT_RUNTIME_REACHABILITY
native,14,c/kan/kan.dat,238,0,230,True,DECLARED_OPOINT_NOT_RUNTIME_REACHABILITY
native,14,c/kan/kan.dat,243,0,230,True,DECLARED_OPOINT_NOT_RUNTIME_REACHABILITY
native,14,c/kan/kan.dat,254,0,230,True,DECLARED_OPOINT_NOT_RUNTIME_REACHABILITY
native,14,c/kan/kan.dat,256,0,230,True,DECLARED_OPOINT_NOT_RUNTIME_REACHABILITY
native,14,c/kan/kan.dat,257,0,230,True,DECLARED_OPOINT_NOT_RUNTIME_REACHABILITY
native,14,c/kan/kan.dat,264,0,230,True,DECLARED_OPOINT_NOT_RUNTIME_REACHABILITY
native,14,c/kan/kan.dat,267,0,204,True,DECLARED_OPOINT_NOT_RUNTIME_REACHABILITY
native,14,c/kan/kan.dat,268,0,231,True,DECLARED_OPOINT_NOT_RUNTIME_REACHABILITY
native,14,c/kan/kan.dat,281,0,231,True,DECLARED_OPOINT_NOT_RUNTIME_REACHABILITY
native,14,c/kan/kan.dat,271,0,123,True,DECLARED_OPOINT_NOT_RUNTIME_REACHABILITY
native,14,c/kan/kan.dat,272,0,204,True,DECLARED_OPOINT_NOT_RUNTIME_REACHABILITY
native,14,c/kan/kan.dat,295,0,204,True,DECLARED_OPOINT_NOT_RUNTIME_REACHABILITY
native,14,c/kan/kan.dat,296,0,230,True,DECLARED_OPOINT_NOT_RUNTIME_REACHABILITY
native,14,c/kan/kan.dat,298,1,222,True,DECLARED_OPOINT_NOT_RUNTIME_REACHABILITY
native,14,c/kan/kan.dat,311,0,230,True,DECLARED_OPOINT_NOT_RUNTIME_REACHABILITY
native,14,c/kan/kan.dat,321,0,230,True,DECLARED_OPOINT_NOT_RUNTIME_REACHABILITY
native,14,c/kan/kan.dat,326,0,230,True,DECLARED_OPOINT_NOT_RUNTIME_REACHABILITY
native,14,c/kan/kan.dat,346,0,230,True,DECLARED_OPOINT_NOT_RUNTIME_REACHABILITY
native,14,c/kan/kan.dat,359,0,230,True,DECLARED_OPOINT_NOT_RUNTIME_REACHABILITY
native,14,c/kan/kan.dat,362,0,230,True,DECLARED_OPOINT_NOT_RUNTIME_REACHABILITY
native,14,c/kan/kan.dat,366,0,230,True,DECLARED_OPOINT_NOT_RUNTIME_REACHABILITY
native,14,c/kan/kan.dat,374,0,230,True,DECLARED_OPOINT_NOT_RUNTIME_REACHABILITY
native,14,c/kan/kan.dat,380,0,204,True,DECLARED_OPOINT_NOT_RUNTIME_REACHABILITY
native,14,c/kan/kan.dat,381,0,230,True,DECLARED_OPOINT_NOT_RUNTIME_REACHABILITY
native,14,c/kan/kan.dat,382,0,230,True,DECLARED_OPOINT_NOT_RUNTIME_REACHABILITY
native,14,c/kan/kan.dat,401,0,204,True,DECLARED_OPOINT_NOT_RUNTIME_REACHABILITY
native,14,c/kan/kan.dat,402,0,630,True,DECLARED_OPOINT_NOT_RUNTIME_REACHABILITY
native,14,c/kan/kan.dat,631,1,204,True,DECLARED_OPOINT_NOT_RUNTIME_REACHABILITY
native,14,c/kan/kan.dat,641,1,204,True,DECLARED_OPOINT_NOT_RUNTIME_REACHABILITY
native,14,c/kan/kan.dat,667,0,230,True,DECLARED_OPOINT_NOT_RUNTIME_REACHABILITY
native,95,c/kan/kan2.dat,61,0,204,True,DECLARED_OPOINT_NOT_RUNTIME_REACHABILITY
native,95,c/kan/kan2.dat,62,0,630,True,DECLARED_OPOINT_NOT_RUNTIME_REACHABILITY
native,95,c/kan/kan2.dat,251,0,204,True,DECLARED_OPOINT_NOT_RUNTIME_REACHABILITY
native,95,c/kan/kan2.dat,252,0,630,True,DECLARED_OPOINT_NOT_RUNTIME_REACHABILITY
native,95,c/kan/kan2.dat,295,0,120,True,DECLARED_OPOINT_NOT_RUNTIME_REACHABILITY
native,95,c/kan/kan2.dat,304,1,222,True,DECLARED_OPOINT_NOT_RUNTIME_REACHABILITY
native,95,c/kan/kan2.dat,313,0,204,True,DECLARED_OPOINT_NOT_RUNTIME_REACHABILITY
native,95,c/kan/kan2.dat,321,0,230,True,DECLARED_OPOINT_NOT_RUNTIME_REACHABILITY
native,95,c/kan/kan2.dat,326,0,230,True,DECLARED_OPOINT_NOT_RUNTIME_REACHABILITY
native,95,c/kan/kan2.dat,380,0,204,True,DECLARED_OPOINT_NOT_RUNTIME_REACHABILITY
native,95,c/kan/kan2.dat,381,0,230,True,DECLARED_OPOINT_NOT_RUNTIME_REACHABILITY
native,95,c/kan/kan2.dat,382,0,230,True,DECLARED_OPOINT_NOT_RUNTIME_REACHABILITY
native,95,c/kan/kan2.dat,454,0,230,True,DECLARED_OPOINT_NOT_RUNTIME_REACHABILITY
native,95,c/kan/kan2.dat,456,0,230,True,DECLARED_OPOINT_NOT_RUNTIME_REACHABILITY
native,95,c/kan/kan2.dat,457,0,230,True,DECLARED_OPOINT_NOT_RUNTIME_REACHABILITY
native,95,c/kan/kan2.dat,462,0,230,True,DECLARED_OPOINT_NOT_RUNTIME_REACHABILITY
native,95,c/kan/kan2.dat,466,0,230,True,DECLARED_OPOINT_NOT_RUNTIME_REACHABILITY
native,95,c/kan/kan2.dat,484,0,230,True,DECLARED_OPOINT_NOT_RUNTIME_REACHABILITY
native,95,c/kan/kan2.dat,487,0,204,True,DECLARED_OPOINT_NOT_RUNTIME_REACHABILITY
native,95,c/kan/kan2.dat,488,0,231,True,DECLARED_OPOINT_NOT_RUNTIME_REACHABILITY
native,95,c/kan/kan2.dat,491,0,231,True,DECLARED_OPOINT_NOT_RUNTIME_REACHABILITY
native,95,c/kan/kan2.dat,631,1,204,True,DECLARED_OPOINT_NOT_RUNTIME_REACHABILITY
native,95,c/kan/kan2.dat,641,1,204,True,DECLARED_OPOINT_NOT_RUNTIME_REACHABILITY
native,230,c/kan/a/kar.dat,5,0,204,True,DECLARED_OPOINT_NOT_RUNTIME_REACHABILITY
native,230,c/kan/a/kar.dat,8,0,204,True,DECLARED_OPOINT_NOT_RUNTIME_REACHABILITY
native,230,c/kan/a/kar.dat,11,0,204,True,DECLARED_OPOINT_NOT_RUNTIME_REACHABILITY
native,230,c/kan/a/kar.dat,21,0,204,True,DECLARED_OPOINT_NOT_RUNTIME_REACHABILITY
native,230,c/kan/a/kar.dat,28,0,204,True,DECLARED_OPOINT_NOT_RUNTIME_REACHABILITY
native,230,c/kan/a/kar.dat,31,0,204,True,DECLARED_OPOINT_NOT_RUNTIME_REACHABILITY
native,230,c/kan/a/kar.dat,49,0,204,True,DECLARED_OPOINT_NOT_RUNTIME_REACHABILITY
native,230,c/kan/a/kar.dat,56,0,204,True,DECLARED_OPOINT_NOT_RUNTIME_REACHABILITY
native,230,c/kan/a/kar.dat,57,0,230,True,DECLARED_OPOINT_NOT_RUNTIME_REACHABILITY
native,230,c/kan/a/kar.dat,77,0,14,True,DECLARED_OPOINT_NOT_RUNTIME_REACHABILITY
native,230,c/kan/a/kar.dat,86,0,706,True,DECLARED_OPOINT_NOT_RUNTIME_REACHABILITY
native,230,c/kan/a/kar.dat,92,0,230,True,DECLARED_OPOINT_NOT_RUNTIME_REACHABILITY
native,230,c/kan/a/kar.dat,93,0,230,True,DECLARED_OPOINT_NOT_RUNTIME_REACHABILITY
native,230,c/kan/a/kar.dat,94,0,230,True,DECLARED_OPOINT_NOT_RUNTIME_REACHABILITY
native,230,c/kan/a/kar.dat,96,0,230,True,DECLARED_OPOINT_NOT_RUNTIME_REACHABILITY
native,230,c/kan/a/kar.dat,111,0,230,True,DECLARED_OPOINT_NOT_RUNTIME_REACHABILITY
native,230,c/kan/a/kar.dat,116,0,230,True,DECLARED_OPOINT_NOT_RUNTIME_REACHABILITY
native,230,c/kan/a/kar.dat,131,0,204,True,DECLARED_OPOINT_NOT_RUNTIME_REACHABILITY
native,230,c/kan/a/kar.dat,135,0,422,True,DECLARED_OPOINT_NOT_RUNTIME_REACHABILITY
native,230,c/kan/a/kar.dat,136,0,422,True,DECLARED_OPOINT_NOT_RUNTIME_REACHABILITY
native,230,c/kan/a/kar.dat,137,0,422,True,DECLARED_OPOINT_NOT_RUNTIME_REACHABILITY
native,230,c/kan/a/kar.dat,138,0,422,True,DECLARED_OPOINT_NOT_RUNTIME_REACHABILITY
native,230,c/kan/a/kar.dat,139,0,422,True,DECLARED_OPOINT_NOT_RUNTIME_REACHABILITY
native,230,c/kan/a/kar.dat,140,0,422,True,DECLARED_OPOINT_NOT_RUNTIME_REACHABILITY
native,230,c/kan/a/kar.dat,143,0,204,True,DECLARED_OPOINT_NOT_RUNTIME_REACHABILITY
native,230,c/kan/a/kar.dat,156,0,204,True,DECLARED_OPOINT_NOT_RUNTIME_REACHABILITY
native,230,c/kan/a/kar.dat,157,0,222,True,DECLARED_OPOINT_NOT_RUNTIME_REACHABILITY
native,230,c/kan/a/kar.dat,158,0,222,True,DECLARED_OPOINT_NOT_RUNTIME_REACHABILITY
native,230,c/kan/a/kar.dat,159,0,222,True,DECLARED_OPOINT_NOT_RUNTIME_REACHABILITY
native,230,c/kan/a/kar.dat,160,0,222,True,DECLARED_OPOINT_NOT_RUNTIME_REACHABILITY
native,230,c/kan/a/kar.dat,161,0,222,True,DECLARED_OPOINT_NOT_RUNTIME_REACHABILITY
native,230,c/kan/a/kar.dat,162,0,222,True,DECLARED_OPOINT_NOT_RUNTIME_REACHABILITY
native,230,c/kan/a/kar.dat,163,0,222,True,DECLARED_OPOINT_NOT_RUNTIME_REACHABILITY
native,230,c/kan/a/kar.dat,164,0,222,True,DECLARED_OPOINT_NOT_RUNTIME_REACHABILITY
native,230,c/kan/a/kar.dat,166,0,222,True,DECLARED_OPOINT_NOT_RUNTIME_REACHABILITY
native,230,c/kan/a/kar.dat,167,0,222,True,DECLARED_OPOINT_NOT_RUNTIME_REACHABILITY
native,230,c/kan/a/kar.dat,168,0,222,True,DECLARED_OPOINT_NOT_RUNTIME_REACHABILITY
native,230,c/kan/a/kar.dat,169,0,222,True,DECLARED_OPOINT_NOT_RUNTIME_REACHABILITY
native,230,c/kan/a/kar.dat,170,0,222,True,DECLARED_OPOINT_NOT_RUNTIME_REACHABILITY
native,230,c/kan/a/kar.dat,171,0,222,True,DECLARED_OPOINT_NOT_RUNTIME_REACHABILITY
native,230,c/kan/a/kar.dat,172,0,222,True,DECLARED_OPOINT_NOT_RUNTIME_REACHABILITY
native,230,c/kan/a/kar.dat,173,0,222,True,DECLARED_OPOINT_NOT_RUNTIME_REACHABILITY
native,230,c/kan/a/kar.dat,174,0,222,True,DECLARED_OPOINT_NOT_RUNTIME_REACHABILITY
native,230,c/kan/a/kar.dat,175,0,222,True,DECLARED_OPOINT_NOT_RUNTIME_REACHABILITY
native,230,c/kan/a/kar.dat,176,0,222,True,DECLARED_OPOINT_NOT_RUNTIME_REACHABILITY
native,230,c/kan/a/kar.dat,177,0,222,True,DECLARED_OPOINT_NOT_RUNTIME_REACHABILITY
native,230,c/kan/a/kar.dat,178,0,222,True,DECLARED_OPOINT_NOT_RUNTIME_REACHABILITY
native,230,c/kan/a/kar.dat,179,0,204,True,DECLARED_OPOINT_NOT_RUNTIME_REACHABILITY
native,230,c/kan/a/kar.dat,180,0,222,True,DECLARED_OPOINT_NOT_RUNTIME_REACHABILITY
native,230,c/kan/a/kar.dat,181,0,222,True,DECLARED_OPOINT_NOT_RUNTIME_REACHABILITY
native,230,c/kan/a/kar.dat,182,0,222,True,DECLARED_OPOINT_NOT_RUNTIME_REACHABILITY
native,230,c/kan/a/kar.dat,189,0,204,True,DECLARED_OPOINT_NOT_RUNTIME_REACHABILITY
native,230,c/kan/a/kar.dat,196,0,204,True,DECLARED_OPOINT_NOT_RUNTIME_REACHABILITY
native,230,c/kan/a/kar.dat,214,0,230,True,DECLARED_OPOINT_NOT_RUNTIME_REACHABILITY
native,230,c/kan/a/kar.dat,215,0,230,True,DECLARED_OPOINT_NOT_RUNTIME_REACHABILITY
native,230,c/kan/a/kar.dat,246,0,230,True,DECLARED_OPOINT_NOT_RUNTIME_REACHABILITY
native,230,c/kan/a/kar.dat,345,0,422,True,DECLARED_OPOINT_NOT_RUNTIME_REACHABILITY
native,230,c/kan/a/kar.dat,346,0,422,True,DECLARED_OPOINT_NOT_RUNTIME_REACHABILITY
native,230,c/kan/a/kar.dat,347,0,422,True,DECLARED_OPOINT_NOT_RUNTIME_REACHABILITY
native,230,c/kan/a/kar.dat,338,0,422,True,DECLARED_OPOINT_NOT_RUNTIME_REACHABILITY
native,230,c/kan/a/kar.dat,339,0,422,True,DECLARED_OPOINT_NOT_RUNTIME_REACHABILITY
native,230,c/kan/a/kar.dat,340,0,422,True,DECLARED_OPOINT_NOT_RUNTIME_REACHABILITY
native,230,c/kan/a/kar.dat,556,0,230,True,DECLARED_OPOINT_NOT_RUNTIME_REACHABILITY
native,230,c/kan/a/kar.dat,561,0,230,True,DECLARED_OPOINT_NOT_RUNTIME_REACHABILITY
native,230,c/kan/a/kar.dat,566,0,230,True,DECLARED_OPOINT_NOT_RUNTIME_REACHABILITY
native,231,c/kan/a/san.dat,6,1,706,True,DECLARED_OPOINT_NOT_RUNTIME_REACHABILITY
native,231,c/kan/a/san.dat,12,3,211,True,DECLARED_OPOINT_NOT_RUNTIME_REACHABILITY
native,231,c/kan/a/san.dat,13,3,211,True,DECLARED_OPOINT_NOT_RUNTIME_REACHABILITY
native,231,c/kan/a/san.dat,62,3,211,True,DECLARED_OPOINT_NOT_RUNTIME_REACHABILITY
native,231,c/kan/a/san.dat,63,3,211,True,DECLARED_OPOINT_NOT_RUNTIME_REACHABILITY
native,630,c/kan/a/kar2.dat,61,0,204,True,DECLARED_OPOINT_NOT_RUNTIME_REACHABILITY
native,630,c/kan/a/kar2.dat,71,0,204,True,DECLARED_OPOINT_NOT_RUNTIME_REACHABILITY
native,15,c/tem/tem.dat,32,0,804,True,DECLARED_OPOINT_NOT_RUNTIME_REACHABILITY
native,15,c/tem/tem.dat,67,0,804,True,DECLARED_OPOINT_NOT_RUNTIME_REACHABILITY
native,15,c/tem/tem.dat,87,0,804,True,DECLARED_OPOINT_NOT_RUNTIME_REACHABILITY
native,15,c/tem/tem.dat,91,0,804,True,DECLARED_OPOINT_NOT_RUNTIME_REACHABILITY
native,15,c/tem/tem.dat,146,0,204,True,DECLARED_OPOINT_NOT_RUNTIME_REACHABILITY
native,15,c/tem/tem.dat,150,0,204,True,DECLARED_OPOINT_NOT_RUNTIME_REACHABILITY
native,15,c/tem/tem.dat,236,0,204,True,DECLARED_OPOINT_NOT_RUNTIME_REACHABILITY
native,15,c/tem/tem.dat,238,0,204,True,DECLARED_OPOINT_NOT_RUNTIME_REACHABILITY
native,15,c/tem/tem.dat,244,0,433,True,DECLARED_OPOINT_NOT_RUNTIME_REACHABILITY
native,15,c/tem/tem.dat,247,0,804,True,DECLARED_OPOINT_NOT_RUNTIME_REACHABILITY
native,15,c/tem/tem.dat,260,0,719,True,DECLARED_OPOINT_NOT_RUNTIME_REACHABILITY
native,15,c/tem/tem.dat,261,0,719,True,DECLARED_OPOINT_NOT_RUNTIME_REACHABILITY
native,15,c/tem/tem.dat,262,0,719,True,DECLARED_OPOINT_NOT_RUNTIME_REACHABILITY
native,15,c/tem/tem.dat,267,0,804,True,DECLARED_OPOINT_NOT_RUNTIME_REACHABILITY
native,15,c/tem/tem.dat,268,0,804,True,DECLARED_OPOINT_NOT_RUNTIME_REACHABILITY
native,15,c/tem/tem.dat,271,0,123,True,DECLARED_OPOINT_NOT_RUNTIME_REACHABILITY
native,15,c/tem/tem.dat,272,0,204,True,DECLARED_OPOINT_NOT_RUNTIME_REACHABILITY
native,15,c/tem/tem.dat,277,1,804,True,DECLARED_OPOINT_NOT_RUNTIME_REACHABILITY
native,15,c/tem/tem.dat,282,1,804,True,DECLARED_OPOINT_NOT_RUNTIME_REACHABILITY
native,15,c/tem/tem.dat,290,0,719,True,DECLARED_OPOINT_NOT_RUNTIME_REACHABILITY
native,15,c/tem/tem.dat,305,0,804,True,DECLARED_OPOINT_NOT_RUNTIME_REACHABILITY
native,15,c/tem/tem.dat,326,1,703,True,DECLARED_OPOINT_NOT_RUNTIME_REACHABILITY
native,15,c/tem/tem.dat,341,0,804,True,DECLARED_OPOINT_NOT_RUNTIME_REACHABILITY
native,15,c/tem/tem.dat,342,0,804,True,DECLARED_OPOINT_NOT_RUNTIME_REACHABILITY
native,15,c/tem/tem.dat,365,0,804,True,DECLARED_OPOINT_NOT_RUNTIME_REACHABILITY
native,15,c/tem/tem.dat,501,0,804,True,DECLARED_OPOINT_NOT_RUNTIME_REACHABILITY
native,15,c/tem/tem.dat,502,0,804,True,DECLARED_OPOINT_NOT_RUNTIME_REACHABILITY
native,15,c/tem/tem.dat,631,1,204,True,DECLARED_OPOINT_NOT_RUNTIME_REACHABILITY
native,15,c/tem/tem.dat,641,1,204,True,DECLARED_OPOINT_NOT_RUNTIME_REACHABILITY
native,15,c/tem/tem.dat,667,0,804,True,DECLARED_OPOINT_NOT_RUNTIME_REACHABILITY
native,804,c/tem/a/tem.dat,122,0,804,True,DECLARED_OPOINT_NOT_RUNTIME_REACHABILITY
native,804,c/tem/a/tem.dat,130,0,804,True,DECLARED_OPOINT_NOT_RUNTIME_REACHABILITY
native,804,c/tem/a/tem.dat,152,0,804,True,DECLARED_OPOINT_NOT_RUNTIME_REACHABILITY
native,804,c/tem/a/tem.dat,153,0,804,True,DECLARED_OPOINT_NOT_RUNTIME_REACHABILITY
native,804,c/tem/a/tem.dat,351,0,204,True,DECLARED_OPOINT_NOT_RUNTIME_REACHABILITY
native,804,c/tem/a/tem.dat,355,0,804,True,DECLARED_OPOINT_NOT_RUNTIME_REACHABILITY
native,804,c/tem/a/tem.dat,359,0,204,True,DECLARED_OPOINT_NOT_RUNTIME_REACHABILITY
native,16,c/gaa/gaa.dat,1,0,411,True,DECLARED_OPOINT_NOT_RUNTIME_REACHABILITY
native,16,c/gaa/gaa.dat,2,0,411,True,DECLARED_OPOINT_NOT_RUNTIME_REACHABILITY
native,16,c/gaa/gaa.dat,3,0,411,True,DECLARED_OPOINT_NOT_RUNTIME_REACHABILITY
native,16,c/gaa/gaa.dat,4,0,411,True,DECLARED_OPOINT_NOT_RUNTIME_REACHABILITY
native,16,c/gaa/gaa.dat,21,1,411,True,DECLARED_OPOINT_NOT_RUNTIME_REACHABILITY
native,16,c/gaa/gaa.dat,22,1,411,True,DECLARED_OPOINT_NOT_RUNTIME_REACHABILITY
native,16,c/gaa/gaa.dat,23,1,411,True,DECLARED_OPOINT_NOT_RUNTIME_REACHABILITY
native,16,c/gaa/gaa.dat,24,0,411,True,DECLARED_OPOINT_NOT_RUNTIME_REACHABILITY
native,16,c/gaa/gaa.dat,26,0,411,True,DECLARED_OPOINT_NOT_RUNTIME_REACHABILITY
native,16,c/gaa/gaa.dat,27,0,411,True,DECLARED_OPOINT_NOT_RUNTIME_REACHABILITY
native,16,c/gaa/gaa.dat,28,0,411,True,DECLARED_OPOINT_NOT_RUNTIME_REACHABILITY
native,16,c/gaa/gaa.dat,29,0,411,True,DECLARED_OPOINT_NOT_RUNTIME_REACHABILITY
native,16,c/gaa/gaa.dat,32,0,411,True,DECLARED_OPOINT_NOT_RUNTIME_REACHABILITY
native,16,c/gaa/gaa.dat,33,0,411,True,DECLARED_OPOINT_NOT_RUNTIME_REACHABILITY
native,16,c/gaa/gaa.dat,34,0,411,True,DECLARED_OPOINT_NOT_RUNTIME_REACHABILITY
native,16,c/gaa/gaa.dat,36,0,411,True,DECLARED_OPOINT_NOT_RUNTIME_REACHABILITY
native,16,c/gaa/gaa.dat,61,0,411,True,DECLARED_OPOINT_NOT_RUNTIME_REACHABILITY
native,16,c/gaa/gaa.dat,66,1,411,True,DECLARED_OPOINT_NOT_RUNTIME_REACHABILITY
native,16,c/gaa/gaa.dat,67,1,411,True,DECLARED_OPOINT_NOT_RUNTIME_REACHABILITY
native,16,c/gaa/gaa.dat,71,1,411,True,DECLARED_OPOINT_NOT_RUNTIME_REACHABILITY
native,16,c/gaa/gaa.dat,73,1,411,True,DECLARED_OPOINT_NOT_RUNTIME_REACHABILITY
native,16,c/gaa/gaa.dat,74,1,411,True,DECLARED_OPOINT_NOT_RUNTIME_REACHABILITY
native,16,c/gaa/gaa.dat,86,1,411,True,DECLARED_OPOINT_NOT_RUNTIME_REACHABILITY
native,16,c/gaa/gaa.dat,87,1,411,True,DECLARED_OPOINT_NOT_RUNTIME_REACHABILITY
native,16,c/gaa/gaa.dat,91,0,411,True,DECLARED_OPOINT_NOT_RUNTIME_REACHABILITY
native,16,c/gaa/gaa.dat,125,0,411,True,DECLARED_OPOINT_NOT_RUNTIME_REACHABILITY
native,16,c/gaa/gaa.dat,127,0,411,True,DECLARED_OPOINT_NOT_RUNTIME_REACHABILITY
native,16,c/gaa/gaa.dat,128,0,411,True,DECLARED_OPOINT_NOT_RUNTIME_REACHABILITY
native,16,c/gaa/gaa.dat,236,0,411,True,DECLARED_OPOINT_NOT_RUNTIME_REACHABILITY
native,16,c/gaa/gaa.dat,237,0,411,True,DECLARED_OPOINT_NOT_RUNTIME_REACHABILITY
native,16,c/gaa/gaa.dat,238,0,204,True,DECLARED_OPOINT_NOT_RUNTIME_REACHABILITY
native,16,c/gaa/gaa.dat,243,0,411,True,DECLARED_OPOINT_NOT_RUNTIME_REACHABILITY
native,16,c/gaa/gaa.dat,244,0,411,True,DECLARED_OPOINT_NOT_RUNTIME_REACHABILITY
native,16,c/gaa/gaa.dat,246,0,411,True,DECLARED_OPOINT_NOT_RUNTIME_REACHABILITY
native,16,c/gaa/gaa.dat,251,0,123,True,DECLARED_OPOINT_NOT_RUNTIME_REACHABILITY
native,16,c/gaa/gaa.dat,252,0,204,True,DECLARED_OPOINT_NOT_RUNTIME_REACHABILITY
native,16,c/gaa/gaa.dat,262,0,411,True,DECLARED_OPOINT_NOT_RUNTIME_REACHABILITY
native,16,c/gaa/gaa.dat,263,0,411,True,DECLARED_OPOINT_NOT_RUNTIME_REACHABILITY
native,16,c/gaa/gaa.dat,264,0,411,True,DECLARED_OPOINT_NOT_RUNTIME_REACHABILITY
native,16,c/gaa/gaa.dat,265,0,411,True,DECLARED_OPOINT_NOT_RUNTIME_REACHABILITY
native,16,c/gaa/gaa.dat,266,0,411,True,DECLARED_OPOINT_NOT_RUNTIME_REACHABILITY
native,16,c/gaa/gaa.dat,267,0,411,True,DECLARED_OPOINT_NOT_RUNTIME_REACHABILITY
native,16,c/gaa/gaa.dat,268,0,411,True,DECLARED_OPOINT_NOT_RUNTIME_REACHABILITY
native,16,c/gaa/gaa.dat,269,0,411,True,DECLARED_OPOINT_NOT_RUNTIME_REACHABILITY
native,16,c/gaa/gaa.dat,270,0,411,True,DECLARED_OPOINT_NOT_RUNTIME_REACHABILITY
native,16,c/gaa/gaa.dat,271,0,411,True,DECLARED_OPOINT_NOT_RUNTIME_REACHABILITY
native,16,c/gaa/gaa.dat,272,0,411,True,DECLARED_OPOINT_NOT_RUNTIME_REACHABILITY
native,16,c/gaa/gaa.dat,273,0,411,True,DECLARED_OPOINT_NOT_RUNTIME_REACHABILITY
native,16,c/gaa/gaa.dat,276,0,411,True,DECLARED_OPOINT_NOT_RUNTIME_REACHABILITY
native,16,c/gaa/gaa.dat,278,0,411,True,DECLARED_OPOINT_NOT_RUNTIME_REACHABILITY
native,16,c/gaa/gaa.dat,281,0,411,True,DECLARED_OPOINT_NOT_RUNTIME_REACHABILITY
native,16,c/gaa/gaa.dat,283,0,411,True,DECLARED_OPOINT_NOT_RUNTIME_REACHABILITY
native,16,c/gaa/gaa.dat,301,0,411,True,DECLARED_OPOINT_NOT_RUNTIME_REACHABILITY
native,16,c/gaa/gaa.dat,302,0,411,True,DECLARED_OPOINT_NOT_RUNTIME_REACHABILITY
native,16,c/gaa/gaa.dat,303,0,411,True,DECLARED_OPOINT_NOT_RUNTIME_REACHABILITY
native,16,c/gaa/gaa.dat,304,0,411,True,DECLARED_OPOINT_NOT_RUNTIME_REACHABILITY
native,16,c/gaa/gaa.dat,310,0,411,True,DECLARED_OPOINT_NOT_RUNTIME_REACHABILITY
native,16,c/gaa/gaa.dat,312,0,411,True,DECLARED_OPOINT_NOT_RUNTIME_REACHABILITY
native,16,c/gaa/gaa.dat,314,0,204,True,DECLARED_OPOINT_NOT_RUNTIME_REACHABILITY
native,16,c/gaa/gaa.dat,316,0,411,True,DECLARED_OPOINT_NOT_RUNTIME_REACHABILITY
native,16,c/gaa/gaa.dat,340,0,411,True,DECLARED_OPOINT_NOT_RUNTIME_REACHABILITY
native,16,c/gaa/gaa.dat,345,0,411,True,DECLARED_OPOINT_NOT_RUNTIME_REACHABILITY
native,16,c/gaa/gaa.dat,361,0,411,True,DECLARED_OPOINT_NOT_RUNTIME_REACHABILITY
native,16,c/gaa/gaa.dat,362,0,411,True,DECLARED_OPOINT_NOT_RUNTIME_REACHABILITY
native,16,c/gaa/gaa.dat,363,0,411,True,DECLARED_OPOINT_NOT_RUNTIME_REACHABILITY
native,16,c/gaa/gaa.dat,364,0,411,True,DECLARED_OPOINT_NOT_RUNTIME_REACHABILITY
native,16,c/gaa/gaa.dat,365,0,411,True,DECLARED_OPOINT_NOT_RUNTIME_REACHABILITY
native,16,c/gaa/gaa.dat,374,0,411,True,DECLARED_OPOINT_NOT_RUNTIME_REACHABILITY
native,16,c/gaa/gaa.dat,376,0,411,True,DECLARED_OPOINT_NOT_RUNTIME_REACHABILITY
native,16,c/gaa/gaa.dat,377,0,411,True,DECLARED_OPOINT_NOT_RUNTIME_REACHABILITY
native,16,c/gaa/gaa.dat,404,0,411,True,DECLARED_OPOINT_NOT_RUNTIME_REACHABILITY
native,16,c/gaa/gaa.dat,406,0,411,True,DECLARED_OPOINT_NOT_RUNTIME_REACHABILITY
native,16,c/gaa/gaa.dat,407,0,411,True,DECLARED_OPOINT_NOT_RUNTIME_REACHABILITY
native,16,c/gaa/gaa.dat,424,0,411,True,DECLARED_OPOINT_NOT_RUNTIME_REACHABILITY
native,16,c/gaa/gaa.dat,426,0,411,True,DECLARED_OPOINT_NOT_RUNTIME_REACHABILITY
native,16,c/gaa/gaa.dat,427,0,411,True,DECLARED_OPOINT_NOT_RUNTIME_REACHABILITY
native,16,c/gaa/gaa.dat,442,1,411,True,DECLARED_OPOINT_NOT_RUNTIME_REACHABILITY
native,16,c/gaa/gaa.dat,452,1,411,True,DECLARED_OPOINT_NOT_RUNTIME_REACHABILITY
native,16,c/gaa/gaa.dat,551,0,525,True,DECLARED_OPOINT_NOT_RUNTIME_REACHABILITY
native,16,c/gaa/gaa.dat,553,0,525,True,DECLARED_OPOINT_NOT_RUNTIME_REACHABILITY
native,16,c/gaa/gaa.dat,555,0,525,True,DECLARED_OPOINT_NOT_RUNTIME_REACHABILITY
native,16,c/gaa/gaa.dat,557,0,525,True,DECLARED_OPOINT_NOT_RUNTIME_REACHABILITY
native,16,c/gaa/gaa.dat,559,0,525,True,DECLARED_OPOINT_NOT_RUNTIME_REACHABILITY
native,16,c/gaa/gaa.dat,561,0,525,True,DECLARED_OPOINT_NOT_RUNTIME_REACHABILITY
native,16,c/gaa/gaa.dat,563,0,525,True,DECLARED_OPOINT_NOT_RUNTIME_REACHABILITY
native,16,c/gaa/gaa.dat,602,0,900,True,DECLARED_OPOINT_NOT_RUNTIME_REACHABILITY
native,16,c/gaa/gaa.dat,631,1,204,True,DECLARED_OPOINT_NOT_RUNTIME_REACHABILITY
native,16,c/gaa/gaa.dat,641,1,204,True,DECLARED_OPOINT_NOT_RUNTIME_REACHABILITY
native,16,c/gaa/gaa.dat,666,1,411,True,DECLARED_OPOINT_NOT_RUNTIME_REACHABILITY
native,16,c/gaa/gaa.dat,667,0,411,True,DECLARED_OPOINT_NOT_RUNTIME_REACHABILITY
native,411,c/gaa/a/san.dat,11,0,411,True,DECLARED_OPOINT_NOT_RUNTIME_REACHABILITY
native,411,c/gaa/a/san.dat,21,0,411,True,DECLARED_OPOINT_NOT_RUNTIME_REACHABILITY
native,411,c/gaa/a/san.dat,31,0,411,True,DECLARED_OPOINT_NOT_RUNTIME_REACHABILITY
native,411,c/gaa/a/san.dat,40,0,411,True,DECLARED_OPOINT_NOT_RUNTIME_REACHABILITY
native,411,c/gaa/a/san.dat,41,0,411,True,DECLARED_OPOINT_NOT_RUNTIME_REACHABILITY
native,411,c/gaa/a/san.dat,42,0,411,True,DECLARED_OPOINT_NOT_RUNTIME_REACHABILITY
native,411,c/gaa/a/san.dat,43,0,411,True,DECLARED_OPOINT_NOT_RUNTIME_REACHABILITY
native,411,c/gaa/a/san.dat,44,0,411,True,DECLARED_OPOINT_NOT_RUNTIME_REACHABILITY
native,411,c/gaa/a/san.dat,46,0,411,True,DECLARED_OPOINT_NOT_RUNTIME_REACHABILITY
native,411,c/gaa/a/san.dat,152,0,411,True,DECLARED_OPOINT_NOT_RUNTIME_REACHABILITY
native,411,c/gaa/a/san.dat,351,0,411,True,DECLARED_OPOINT_NOT_RUNTIME_REACHABILITY
native,411,c/gaa/a/san.dat,353,0,411,True,DECLARED_OPOINT_NOT_RUNTIME_REACHABILITY
native,411,c/gaa/a/san.dat,354,0,411,True,DECLARED_OPOINT_NOT_RUNTIME_REACHABILITY
native,411,c/gaa/a/san.dat,355,0,411,True,DECLARED_OPOINT_NOT_RUNTIME_REACHABILITY
native,411,c/gaa/a/san.dat,356,0,411,True,DECLARED_OPOINT_NOT_RUNTIME_REACHABILITY
native,411,c/gaa/a/san.dat,411,0,411,True,DECLARED_OPOINT_NOT_RUNTIME_REACHABILITY
native,411,c/gaa/a/san.dat,439,0,411,True,DECLARED_OPOINT_NOT_RUNTIME_REACHABILITY
native,411,c/gaa/a/san.dat,441,0,411,True,DECLARED_OPOINT_NOT_RUNTIME_REACHABILITY
native,411,c/gaa/a/san.dat,443,0,411,True,DECLARED_OPOINT_NOT_RUNTIME_REACHABILITY
native,411,c/gaa/a/san.dat,444,0,411,True,DECLARED_OPOINT_NOT_RUNTIME_REACHABILITY
native,411,c/gaa/a/san.dat,445,0,411,True,DECLARED_OPOINT_NOT_RUNTIME_REACHABILITY
native,411,c/gaa/a/san.dat,447,0,411,True,DECLARED_OPOINT_NOT_RUNTIME_REACHABILITY
native,411,c/gaa/a/san.dat,449,0,411,True,DECLARED_OPOINT_NOT_RUNTIME_REACHABILITY
native,411,c/gaa/a/san.dat,453,0,411,True,DECLARED_OPOINT_NOT_RUNTIME_REACHABILITY
native,411,c/gaa/a/san.dat,463,0,411,True,DECLARED_OPOINT_NOT_RUNTIME_REACHABILITY
native,411,c/gaa/a/san.dat,471,0,411,True,DECLARED_OPOINT_NOT_RUNTIME_REACHABILITY
native,411,c/gaa/a/san.dat,473,0,411,True,DECLARED_OPOINT_NOT_RUNTIME_REACHABILITY
native,411,c/gaa/a/san.dat,474,0,411,True,DECLARED_OPOINT_NOT_RUNTIME_REACHABILITY
native,411,c/gaa/a/san.dat,475,0,411,True,DECLARED_OPOINT_NOT_RUNTIME_REACHABILITY
native,411,c/gaa/a/san.dat,477,0,411,True,DECLARED_OPOINT_NOT_RUNTIME_REACHABILITY
native,411,c/gaa/a/san.dat,479,0,411,True,DECLARED_OPOINT_NOT_RUNTIME_REACHABILITY
native,411,c/gaa/a/san.dat,483,0,411,True,DECLARED_OPOINT_NOT_RUNTIME_REACHABILITY
native,411,c/gaa/a/san.dat,493,0,411,True,DECLARED_OPOINT_NOT_RUNTIME_REACHABILITY
native,411,c/gaa/a/san.dat,501,0,411,True,DECLARED_OPOINT_NOT_RUNTIME_REACHABILITY
native,411,c/gaa/a/san.dat,509,0,411,True,DECLARED_OPOINT_NOT_RUNTIME_REACHABILITY
native,411,c/gaa/a/san.dat,536,0,411,True,DECLARED_OPOINT_NOT_RUNTIME_REACHABILITY
native,411,c/gaa/a/san.dat,611,0,762,True,DECLARED_OPOINT_NOT_RUNTIME_REACHABILITY
native,411,c/gaa/a/san.dat,672,0,716,True,DECLARED_OPOINT_NOT_RUNTIME_REACHABILITY
native,525,c/gaa/a/ult.dat,255,0,411,True,DECLARED_OPOINT_NOT_RUNTIME_REACHABILITY
native,78,c/rai/rai.dat,46,0,447,True,DECLARED_OPOINT_NOT_RUNTIME_REACHABILITY
native,78,c/rai/rai.dat,62,0,447,True,DECLARED_OPOINT_NOT_RUNTIME_REACHABILITY
native,78,c/rai/rai.dat,67,0,447,True,DECLARED_OPOINT_NOT_RUNTIME_REACHABILITY
native,78,c/rai/rai.dat,737,0,447,True,DECLARED_OPOINT_NOT_RUNTIME_REACHABILITY
native,78,c/rai/rai.dat,74,0,447,True,DECLARED_OPOINT_NOT_RUNTIME_REACHABILITY
native,78,c/rai/rai.dat,81,0,447,True,DECLARED_OPOINT_NOT_RUNTIME_REACHABILITY
native,78,c/rai/rai.dat,91,0,447,True,DECLARED_OPOINT_NOT_RUNTIME_REACHABILITY
native,78,c/rai/rai.dat,101,0,447,True,DECLARED_OPOINT_NOT_RUNTIME_REACHABILITY
native,78,c/rai/rai.dat,103,0,447,True,DECLARED_OPOINT_NOT_RUNTIME_REACHABILITY
native,78,c/rai/rai.dat,109,0,447,True,DECLARED_OPOINT_NOT_RUNTIME_REACHABILITY
native,78,c/rai/rai.dat,221,0,447,True,DECLARED_OPOINT_NOT_RUNTIME_REACHABILITY
native,78,c/rai/rai.dat,223,0,447,True,DECLARED_OPOINT_NOT_RUNTIME_REACHABILITY
native,78,c/rai/rai.dat,253,1,447,True,DECLARED_OPOINT_NOT_RUNTIME_REACHABILITY
native,78,c/rai/rai.dat,260,0,447,True,DECLARED_OPOINT_NOT_RUNTIME_REACHABILITY
native,78,c/rai/rai.dat,288,4,447,True,DECLARED_OPOINT_NOT_RUNTIME_REACHABILITY
native,78,c/rai/rai.dat,288,5,447,True,DECLARED_OPOINT_NOT_RUNTIME_REACHABILITY
native,78,c/rai/rai.dat,321,0,447,True,DECLARED_OPOINT_NOT_RUNTIME_REACHABILITY
native,78,c/rai/rai.dat,326,0,447,True,DECLARED_OPOINT_NOT_RUNTIME_REACHABILITY
native,78,c/rai/rai.dat,327,0,204,True,DECLARED_OPOINT_NOT_RUNTIME_REACHABILITY
native,78,c/rai/rai.dat,329,0,204,True,DECLARED_OPOINT_NOT_RUNTIME_REACHABILITY
native,78,c/rai/rai.dat,330,0,204,True,DECLARED_OPOINT_NOT_RUNTIME_REACHABILITY
native,78,c/rai/rai.dat,365,0,447,True,DECLARED_OPOINT_NOT_RUNTIME_REACHABILITY
native,78,c/rai/rai.dat,367,0,447,True,DECLARED_OPOINT_NOT_RUNTIME_REACHABILITY
native,78,c/rai/rai.dat,405,0,447,True,DECLARED_OPOINT_NOT_RUNTIME_REACHABILITY
native,78,c/rai/rai.dat,406,0,204,True,DECLARED_OPOINT_NOT_RUNTIME_REACHABILITY
native,78,c/rai/rai.dat,411,0,447,True,DECLARED_OPOINT_NOT_RUNTIME_REACHABILITY
native,78,c/rai/rai.dat,419,0,447,True,DECLARED_OPOINT_NOT_RUNTIME_REACHABILITY
native,78,c/rai/rai.dat,420,0,204,True,DECLARED_OPOINT_NOT_RUNTIME_REACHABILITY
native,78,c/rai/rai.dat,436,0,204,True,DECLARED_OPOINT_NOT_RUNTIME_REACHABILITY
native,78,c/rai/rai.dat,444,0,447,True,DECLARED_OPOINT_NOT_RUNTIME_REACHABILITY
native,78,c/rai/rai.dat,446,0,204,True,DECLARED_OPOINT_NOT_RUNTIME_REACHABILITY
native,78,c/rai/rai.dat,461,0,447,True,DECLARED_OPOINT_NOT_RUNTIME_REACHABILITY
native,78,c/rai/rai.dat,462,0,447,True,DECLARED_OPOINT_NOT_RUNTIME_REACHABILITY
native,78,c/rai/rai.dat,463,0,204,True,DECLARED_OPOINT_NOT_RUNTIME_REACHABILITY
native,78,c/rai/rai.dat,464,0,204,True,DECLARED_OPOINT_NOT_RUNTIME_REACHABILITY
native,78,c/rai/rai.dat,467,0,447,True,DECLARED_OPOINT_NOT_RUNTIME_REACHABILITY
native,78,c/rai/rai.dat,467,1,447,True,DECLARED_OPOINT_NOT_RUNTIME_REACHABILITY
native,78,c/rai/rai.dat,481,0,447,True,DECLARED_OPOINT_NOT_RUNTIME_REACHABILITY
native,78,c/rai/rai.dat,489,0,447,True,DECLARED_OPOINT_NOT_RUNTIME_REACHABILITY
native,78,c/rai/rai.dat,489,1,204,True,DECLARED_OPOINT_NOT_RUNTIME_REACHABILITY
native,78,c/rai/rai.dat,459,0,447,True,DECLARED_OPOINT_NOT_RUNTIME_REACHABILITY
native,78,c/rai/rai.dat,506,0,447,True,DECLARED_OPOINT_NOT_RUNTIME_REACHABILITY
native,78,c/rai/rai.dat,516,0,447,True,DECLARED_OPOINT_NOT_RUNTIME_REACHABILITY
native,78,c/rai/rai.dat,539,4,447,True,DECLARED_OPOINT_NOT_RUNTIME_REACHABILITY
native,78,c/rai/rai.dat,549,0,447,True,DECLARED_OPOINT_NOT_RUNTIME_REACHABILITY
native,78,c/rai/rai.dat,554,4,447,True,DECLARED_OPOINT_NOT_RUNTIME_REACHABILITY
native,78,c/rai/rai.dat,602,1,900,True,DECLARED_OPOINT_NOT_RUNTIME_REACHABILITY
native,78,c/rai/rai.dat,620,0,447,True,DECLARED_OPOINT_NOT_RUNTIME_REACHABILITY
native,78,c/rai/rai.dat,631,1,204,True,DECLARED_OPOINT_NOT_RUNTIME_REACHABILITY
native,78,c/rai/rai.dat,641,1,204,True,DECLARED_OPOINT_NOT_RUNTIME_REACHABILITY
native,78,c/rai/rai.dat,709,0,447,True,DECLARED_OPOINT_NOT_RUNTIME_REACHABILITY
native,78,c/rai/rai.dat,711,0,204,True,DECLARED_OPOINT_NOT_RUNTIME_REACHABILITY
native,78,c/rai/rai.dat,721,0,447,True,DECLARED_OPOINT_NOT_RUNTIME_REACHABILITY
native,78,c/rai/rai.dat,724,0,447,True,DECLARED_OPOINT_NOT_RUNTIME_REACHABILITY
native,78,c/rai/rai.dat,731,0,447,True,DECLARED_OPOINT_NOT_RUNTIME_REACHABILITY
native,78,c/rai/rai.dat,741,0,447,True,DECLARED_OPOINT_NOT_RUNTIME_REACHABILITY
native,78,c/rai/rai.dat,743,0,447,True,DECLARED_OPOINT_NOT_RUNTIME_REACHABILITY
native,78,c/rai/rai.dat,749,5,447,True,DECLARED_OPOINT_NOT_RUNTIME_REACHABILITY
native,78,c/rai/rai.dat,749,6,204,True,DECLARED_OPOINT_NOT_RUNTIME_REACHABILITY
native,78,c/rai/rai.dat,750,5,204,True,DECLARED_OPOINT_NOT_RUNTIME_REACHABILITY
native,78,c/rai/rai.dat,754,5,204,True,DECLARED_OPOINT_NOT_RUNTIME_REACHABILITY
native,78,c/rai/rai.dat,755,5,204,True,DECLARED_OPOINT_NOT_RUNTIME_REACHABILITY
native,78,c/rai/rai.dat,759,5,204,True,DECLARED_OPOINT_NOT_RUNTIME_REACHABILITY
native,78,c/rai/rai.dat,760,5,204,True,DECLARED_OPOINT_NOT_RUNTIME_REACHABILITY
native,78,c/rai/rai.dat,781,5,204,True,DECLARED_OPOINT_NOT_RUNTIME_REACHABILITY
native,78,c/rai/rai.dat,782,5,204,True,DECLARED_OPOINT_NOT_RUNTIME_REACHABILITY
native,78,c/rai/rai.dat,771,0,123,True,DECLARED_OPOINT_NOT_RUNTIME_REACHABILITY
native,78,c/rai/rai.dat,772,0,204,True,DECLARED_OPOINT_NOT_RUNTIME_REACHABILITY
native,78,c/rai/rai.dat,792,4,204,True,DECLARED_OPOINT_NOT_RUNTIME_REACHABILITY
native,78,c/rai/rai.dat,775,0,447,True,DECLARED_OPOINT_NOT_RUNTIME_REACHABILITY
native,78,c/rai/rai.dat,778,3,447,True,DECLARED_OPOINT_NOT_RUNTIME_REACHABILITY
native,78,c/rai/rai.dat,796,3,204,True,DECLARED_OPOINT_NOT_RUNTIME_REACHABILITY
native,436,c/rai/raiT.dat,46,0,447,True,DECLARED_OPOINT_NOT_RUNTIME_REACHABILITY
native,436,c/rai/raiT.dat,62,0,447,True,DECLARED_OPOINT_NOT_RUNTIME_REACHABILITY
native,436,c/rai/raiT.dat,67,0,447,True,DECLARED_OPOINT_NOT_RUNTIME_REACHABILITY
native,436,c/rai/raiT.dat,737,0,447,True,DECLARED_OPOINT_NOT_RUNTIME_REACHABILITY
native,436,c/rai/raiT.dat,74,0,447,True,DECLARED_OPOINT_NOT_RUNTIME_REACHABILITY
native,436,c/rai/raiT.dat,81,0,447,True,DECLARED_OPOINT_NOT_RUNTIME_REACHABILITY
native,436,c/rai/raiT.dat,89,0,447,True,DECLARED_OPOINT_NOT_RUNTIME_REACHABILITY
native,436,c/rai/raiT.dat,91,0,447,True,DECLARED_OPOINT_NOT_RUNTIME_REACHABILITY
native,436,c/rai/raiT.dat,101,0,447,True,DECLARED_OPOINT_NOT_RUNTIME_REACHABILITY
native,436,c/rai/raiT.dat,103,0,447,True,DECLARED_OPOINT_NOT_RUNTIME_REACHABILITY
native,436,c/rai/raiT.dat,109,0,447,True,DECLARED_OPOINT_NOT_RUNTIME_REACHABILITY
native,436,c/rai/raiT.dat,221,0,447,True,DECLARED_OPOINT_NOT_RUNTIME_REACHABILITY
native,436,c/rai/raiT.dat,223,0,447,True,DECLARED_OPOINT_NOT_RUNTIME_REACHABILITY
native,436,c/rai/raiT.dat,253,1,447,True,DECLARED_OPOINT_NOT_RUNTIME_REACHABILITY
native,436,c/rai/raiT.dat,260,0,447,True,DECLARED_OPOINT_NOT_RUNTIME_REACHABILITY
native,436,c/rai/raiT.dat,288,4,447,True,DECLARED_OPOINT_NOT_RUNTIME_REACHABILITY
native,436,c/rai/raiT.dat,288,5,447,True,DECLARED_OPOINT_NOT_RUNTIME_REACHABILITY
native,436,c/rai/raiT.dat,319,0,447,True,DECLARED_OPOINT_NOT_RUNTIME_REACHABILITY
native,436,c/rai/raiT.dat,330,0,447,True,DECLARED_OPOINT_NOT_RUNTIME_REACHABILITY
native,436,c/rai/raiT.dat,331,0,204,True,DECLARED_OPOINT_NOT_RUNTIME_REACHABILITY
native,436,c/rai/raiT.dat,333,0,204,True,DECLARED_OPOINT_NOT_RUNTIME_REACHABILITY
native,436,c/rai/raiT.dat,334,0,204,True,DECLARED_OPOINT_NOT_RUNTIME_REACHABILITY
native,436,c/rai/raiT.dat,365,0,447,True,DECLARED_OPOINT_NOT_RUNTIME_REACHABILITY
native,436,c/rai/raiT.dat,367,0,447,True,DECLARED_OPOINT_NOT_RUNTIME_REACHABILITY
native,436,c/rai/raiT.dat,373,3,447,True,DECLARED_OPOINT_NOT_RUNTIME_REACHABILITY
native,436,c/rai/raiT.dat,374,3,447,True,DECLARED_OPOINT_NOT_RUNTIME_REACHABILITY
native,436,c/rai/raiT.dat,375,4,447,True,DECLARED_OPOINT_NOT_RUNTIME_REACHABILITY
native,436,c/rai/raiT.dat,405,0,447,True,DECLARED_OPOINT_NOT_RUNTIME_REACHABILITY
native,436,c/rai/raiT.dat,406,0,204,True,DECLARED_OPOINT_NOT_RUNTIME_REACHABILITY
native,436,c/rai/raiT.dat,411,0,447,True,DECLARED_OPOINT_NOT_RUNTIME_REACHABILITY
native,436,c/rai/raiT.dat,419,0,447,True,DECLARED_OPOINT_NOT_RUNTIME_REACHABILITY
native,436,c/rai/raiT.dat,420,0,204,True,DECLARED_OPOINT_NOT_RUNTIME_REACHABILITY
native,436,c/rai/raiT.dat,436,0,204,True,DECLARED_OPOINT_NOT_RUNTIME_REACHABILITY
native,436,c/rai/raiT.dat,444,0,447,True,DECLARED_OPOINT_NOT_RUNTIME_REACHABILITY
native,436,c/rai/raiT.dat,446,0,204,True,DECLARED_OPOINT_NOT_RUNTIME_REACHABILITY
native,436,c/rai/raiT.dat,461,0,447,True,DECLARED_OPOINT_NOT_RUNTIME_REACHABILITY
native,436,c/rai/raiT.dat,462,0,447,True,DECLARED_OPOINT_NOT_RUNTIME_REACHABILITY
native,436,c/rai/raiT.dat,463,0,204,True,DECLARED_OPOINT_NOT_RUNTIME_REACHABILITY
native,436,c/rai/raiT.dat,464,0,204,True,DECLARED_OPOINT_NOT_RUNTIME_REACHABILITY
native,436,c/rai/raiT.dat,467,0,447,True,DECLARED_OPOINT_NOT_RUNTIME_REACHABILITY
native,436,c/rai/raiT.dat,467,1,447,True,DECLARED_OPOINT_NOT_RUNTIME_REACHABILITY
native,436,c/rai/raiT.dat,468,1,447,True,DECLARED_OPOINT_NOT_RUNTIME_REACHABILITY
native,436,c/rai/raiT.dat,487,0,447,True,DECLARED_OPOINT_NOT_RUNTIME_REACHABILITY
native,436,c/rai/raiT.dat,489,0,204,True,DECLARED_OPOINT_NOT_RUNTIME_REACHABILITY
native,436,c/rai/raiT.dat,459,0,447,True,DECLARED_OPOINT_NOT_RUNTIME_REACHABILITY
native,436,c/rai/raiT.dat,506,0,447,True,DECLARED_OPOINT_NOT_RUNTIME_REACHABILITY
native,436,c/rai/raiT.dat,516,0,447,True,DECLARED_OPOINT_NOT_RUNTIME_REACHABILITY
native,436,c/rai/raiT.dat,541,0,447,True,DECLARED_OPOINT_NOT_RUNTIME_REACHABILITY
native,436,c/rai/raiT.dat,552,4,447,True,DECLARED_OPOINT_NOT_RUNTIME_REACHABILITY
native,436,c/rai/raiT.dat,554,4,447,True,DECLARED_OPOINT_NOT_RUNTIME_REACHABILITY
native,436,c/rai/raiT.dat,602,1,900,True,DECLARED_OPOINT_NOT_RUNTIME_REACHABILITY
native,436,c/rai/raiT.dat,620,0,447,True,DECLARED_OPOINT_NOT_RUNTIME_REACHABILITY
native,436,c/rai/raiT.dat,631,1,204,True,DECLARED_OPOINT_NOT_RUNTIME_REACHABILITY
native,436,c/rai/raiT.dat,641,1,204,True,DECLARED_OPOINT_NOT_RUNTIME_REACHABILITY
native,436,c/rai/raiT.dat,711,0,204,True,DECLARED_OPOINT_NOT_RUNTIME_REACHABILITY
native,436,c/rai/raiT.dat,728,0,447,True,DECLARED_OPOINT_NOT_RUNTIME_REACHABILITY
native,436,c/rai/raiT.dat,721,0,447,True,DECLARED_OPOINT_NOT_RUNTIME_REACHABILITY
native,436,c/rai/raiT.dat,724,0,447,True,DECLARED_OPOINT_NOT_RUNTIME_REACHABILITY
native,436,c/rai/raiT.dat,731,0,447,True,DECLARED_OPOINT_NOT_RUNTIME_REACHABILITY
native,436,c/rai/raiT.dat,741,0,447,True,DECLARED_OPOINT_NOT_RUNTIME_REACHABILITY
native,436,c/rai/raiT.dat,743,0,447,True,DECLARED_OPOINT_NOT_RUNTIME_REACHABILITY
native,436,c/rai/raiT.dat,749,5,447,True,DECLARED_OPOINT_NOT_RUNTIME_REACHABILITY
native,436,c/rai/raiT.dat,749,6,204,True,DECLARED_OPOINT_NOT_RUNTIME_REACHABILITY
native,436,c/rai/raiT.dat,750,5,204,True,DECLARED_OPOINT_NOT_RUNTIME_REACHABILITY
native,436,c/rai/raiT.dat,754,5,204,True,DECLARED_OPOINT_NOT_RUNTIME_REACHABILITY
native,436,c/rai/raiT.dat,755,5,204,True,DECLARED_OPOINT_NOT_RUNTIME_REACHABILITY
native,436,c/rai/raiT.dat,759,5,204,True,DECLARED_OPOINT_NOT_RUNTIME_REACHABILITY
native,436,c/rai/raiT.dat,760,5,204,True,DECLARED_OPOINT_NOT_RUNTIME_REACHABILITY
native,436,c/rai/raiT.dat,562,0,447,True,DECLARED_OPOINT_NOT_RUNTIME_REACHABILITY
native,436,c/rai/raiT.dat,563,0,204,True,DECLARED_OPOINT_NOT_RUNTIME_REACHABILITY
native,436,c/rai/raiT.dat,571,0,447,True,DECLARED_OPOINT_NOT_RUNTIME_REACHABILITY
native,436,c/rai/raiT.dat,572,0,447,True,DECLARED_OPOINT_NOT_RUNTIME_REACHABILITY
native,436,c/rai/raiT.dat,573,0,204,True,DECLARED_OPOINT_NOT_RUNTIME_REACHABILITY
native,436,c/rai/raiT.dat,574,0,204,True,DECLARED_OPOINT_NOT_RUNTIME_REACHABILITY
native,436,c/rai/raiT.dat,575,0,447,True,DECLARED_OPOINT_NOT_RUNTIME_REACHABILITY
native,436,c/rai/raiT.dat,577,0,447,True,DECLARED_OPOINT_NOT_RUNTIME_REACHABILITY
native,436,c/rai/raiT.dat,739,0,447,True,DECLARED_OPOINT_NOT_RUNTIME_REACHABILITY
native,436,c/rai/raiT.dat,771,0,123,True,DECLARED_OPOINT_NOT_RUNTIME_REACHABILITY
native,436,c/rai/raiT.dat,772,0,204,True,DECLARED_OPOINT_NOT_RUNTIME_REACHABILITY
native,447,c/rai/a/rai.dat,55,0,447,True,DECLARED_OPOINT_NOT_RUNTIME_REACHABILITY
native,447,c/rai/a/rai.dat,55,1,447,True,DECLARED_OPOINT_NOT_RUNTIME_REACHABILITY
native,447,c/rai/a/rai.dat,91,0,447,True,DECLARED_OPOINT_NOT_RUNTIME_REACHABILITY
native,447,c/rai/a/rai.dat,101,0,447,True,DECLARED_OPOINT_NOT_RUNTIME_REACHABILITY
native,447,c/rai/a/rai.dat,111,0,447,True,DECLARED_OPOINT_NOT_RUNTIME_REACHABILITY
native,447,c/rai/a/rai.dat,111,1,900,True,DECLARED_OPOINT_NOT_RUNTIME_REACHABILITY
native,447,c/rai/a/rai.dat,112,0,900,True,DECLARED_OPOINT_NOT_RUNTIME_REACHABILITY
native,447,c/rai/a/rai.dat,113,0,900,True,DECLARED_OPOINT_NOT_RUNTIME_REACHABILITY
native,447,c/rai/a/rai.dat,123,0,447,True,DECLARED_OPOINT_NOT_RUNTIME_REACHABILITY
native,447,c/rai/a/rai.dat,141,0,447,True,DECLARED_OPOINT_NOT_RUNTIME_REACHABILITY
native,447,c/rai/a/rai.dat,141,1,447,True,DECLARED_OPOINT_NOT_RUNTIME_REACHABILITY
native,447,c/rai/a/rai.dat,141,2,447,True,DECLARED_OPOINT_NOT_RUNTIME_REACHABILITY
native,447,c/rai/a/rai.dat,141,3,447,True,DECLARED_OPOINT_NOT_RUNTIME_REACHABILITY
native,447,c/rai/a/rai.dat,142,0,447,True,DECLARED_OPOINT_NOT_RUNTIME_REACHABILITY
native,447,c/rai/a/rai.dat,142,1,447,True,DECLARED_OPOINT_NOT_RUNTIME_REACHABILITY
native,447,c/rai/a/rai.dat,142,2,447,True,DECLARED_OPOINT_NOT_RUNTIME_REACHABILITY
native,447,c/rai/a/rai.dat,142,3,447,True,DECLARED_OPOINT_NOT_RUNTIME_REACHABILITY
native,447,c/rai/a/rai.dat,143,0,447,True,DECLARED_OPOINT_NOT_RUNTIME_REACHABILITY
native,447,c/rai/a/rai.dat,143,1,447,True,DECLARED_OPOINT_NOT_RUNTIME_REACHABILITY
native,447,c/rai/a/rai.dat,143,2,447,True,DECLARED_OPOINT_NOT_RUNTIME_REACHABILITY
native,447,c/rai/a/rai.dat,143,3,447,True,DECLARED_OPOINT_NOT_RUNTIME_REACHABILITY
native,447,c/rai/a/rai.dat,201,0,447,True,DECLARED_OPOINT_NOT_RUNTIME_REACHABILITY
native,447,c/rai/a/rai.dat,202,0,447,True,DECLARED_OPOINT_NOT_RUNTIME_REACHABILITY
native,447,c/rai/a/rai.dat,191,0,447,True,DECLARED_OPOINT_NOT_RUNTIME_REACHABILITY
native,447,c/rai/a/rai.dat,297,0,447,True,DECLARED_OPOINT_NOT_RUNTIME_REACHABILITY
native,447,c/rai/a/rai.dat,334,0,900,True,DECLARED_OPOINT_NOT_RUNTIME_REACHABILITY
native,447,c/rai/a/rai.dat,335,0,900,True,DECLARED_OPOINT_NOT_RUNTIME_REACHABILITY
native,75,c/bee/bee.dat,46,0,441,True,DECLARED_OPOINT_NOT_RUNTIME_REACHABILITY
native,75,c/bee/bee.dat,53,0,441,True,DECLARED_OPOINT_NOT_RUNTIME_REACHABILITY
native,75,c/bee/bee.dat,61,0,441,True,DECLARED_OPOINT_NOT_RUNTIME_REACHABILITY
native,75,c/bee/bee.dat,68,0,441,True,DECLARED_OPOINT_NOT_RUNTIME_REACHABILITY
native,75,c/bee/bee.dat,72,0,441,True,DECLARED_OPOINT_NOT_RUNTIME_REACHABILITY
native,75,c/bee/bee.dat,81,0,441,True,DECLARED_OPOINT_NOT_RUNTIME_REACHABILITY
native,75,c/bee/bee.dat,87,0,441,True,DECLARED_OPOINT_NOT_RUNTIME_REACHABILITY
native,75,c/bee/bee.dat,93,0,441,True,DECLARED_OPOINT_NOT_RUNTIME_REACHABILITY
native,75,c/bee/bee.dat,221,0,441,True,DECLARED_OPOINT_NOT_RUNTIME_REACHABILITY
native,75,c/bee/bee.dat,223,0,441,True,DECLARED_OPOINT_NOT_RUNTIME_REACHABILITY
native,75,c/bee/bee.dat,239,0,204,True,DECLARED_OPOINT_NOT_RUNTIME_REACHABILITY
native,75,c/bee/bee.dat,241,0,441,True,DECLARED_OPOINT_NOT_RUNTIME_REACHABILITY
native,75,c/bee/bee.dat,242,0,441,True,DECLARED_OPOINT_NOT_RUNTIME_REACHABILITY
native,75,c/bee/bee.dat,246,0,123,True,DECLARED_OPOINT_NOT_RUNTIME_REACHABILITY
native,75,c/bee/bee.dat,247,0,204,True,DECLARED_OPOINT_NOT_RUNTIME_REACHABILITY
native,75,c/bee/bee.dat,253,0,441,True,DECLARED_OPOINT_NOT_RUNTIME_REACHABILITY
native,75,c/bee/bee.dat,255,0,441,True,DECLARED_OPOINT_NOT_RUNTIME_REACHABILITY
native,75,c/bee/bee.dat,257,0,441,True,DECLARED_OPOINT_NOT_RUNTIME_REACHABILITY
native,75,c/bee/bee.dat,259,0,441,True,DECLARED_OPOINT_NOT_RUNTIME_REACHABILITY
native,75,c/bee/bee.dat,261,0,441,True,DECLARED_OPOINT_NOT_RUNTIME_REACHABILITY
native,75,c/bee/bee.dat,268,0,441,True,DECLARED_OPOINT_NOT_RUNTIME_REACHABILITY
native,75,c/bee/bee.dat,268,1,441,True,DECLARED_OPOINT_NOT_RUNTIME_REACHABILITY
native,75,c/bee/bee.dat,272,0,441,True,DECLARED_OPOINT_NOT_RUNTIME_REACHABILITY
native,75,c/bee/bee.dat,273,0,441,True,DECLARED_OPOINT_NOT_RUNTIME_REACHABILITY
native,75,c/bee/bee.dat,277,0,441,True,DECLARED_OPOINT_NOT_RUNTIME_REACHABILITY
native,75,c/bee/bee.dat,278,0,441,True,DECLARED_OPOINT_NOT_RUNTIME_REACHABILITY
native,75,c/bee/bee.dat,281,0,441,True,DECLARED_OPOINT_NOT_RUNTIME_REACHABILITY
native,75,c/bee/bee.dat,282,0,441,True,DECLARED_OPOINT_NOT_RUNTIME_REACHABILITY
native,75,c/bee/bee.dat,346,0,441,True,DECLARED_OPOINT_NOT_RUNTIME_REACHABILITY
native,75,c/bee/bee.dat,347,0,441,True,DECLARED_OPOINT_NOT_RUNTIME_REACHABILITY
native,75,c/bee/bee.dat,321,0,441,True,DECLARED_OPOINT_NOT_RUNTIME_REACHABILITY
native,75,c/bee/bee.dat,322,0,441,True,DECLARED_OPOINT_NOT_RUNTIME_REACHABILITY
native,75,c/bee/bee.dat,323,0,441,True,DECLARED_OPOINT_NOT_RUNTIME_REACHABILITY
native,75,c/bee/bee.dat,324,0,441,True,DECLARED_OPOINT_NOT_RUNTIME_REACHABILITY
native,75,c/bee/bee.dat,325,0,441,True,DECLARED_OPOINT_NOT_RUNTIME_REACHABILITY
native,75,c/bee/bee.dat,326,0,441,True,DECLARED_OPOINT_NOT_RUNTIME_REACHABILITY
native,75,c/bee/bee.dat,327,0,441,True,DECLARED_OPOINT_NOT_RUNTIME_REACHABILITY
native,75,c/bee/bee.dat,338,0,441,True,DECLARED_OPOINT_NOT_RUNTIME_REACHABILITY
native,75,c/bee/bee.dat,341,0,441,True,DECLARED_OPOINT_NOT_RUNTIME_REACHABILITY
native,75,c/bee/bee.dat,342,0,441,True,DECLARED_OPOINT_NOT_RUNTIME_REACHABILITY
native,75,c/bee/bee.dat,343,0,441,True,DECLARED_OPOINT_NOT_RUNTIME_REACHABILITY
native,75,c/bee/bee.dat,344,0,441,True,DECLARED_OPOINT_NOT_RUNTIME_REACHABILITY
native,75,c/bee/bee.dat,331,0,441,True,DECLARED_OPOINT_NOT_RUNTIME_REACHABILITY
native,75,c/bee/bee.dat,332,0,441,True,DECLARED_OPOINT_NOT_RUNTIME_REACHABILITY
native,75,c/bee/bee.dat,333,0,441,True,DECLARED_OPOINT_NOT_RUNTIME_REACHABILITY
native,75,c/bee/bee.dat,334,0,441,True,DECLARED_OPOINT_NOT_RUNTIME_REACHABILITY
native,75,c/bee/bee.dat,335,0,441,True,DECLARED_OPOINT_NOT_RUNTIME_REACHABILITY
native,75,c/bee/bee.dat,336,0,441,True,DECLARED_OPOINT_NOT_RUNTIME_REACHABILITY
native,75,c/bee/bee.dat,353,0,441,True,DECLARED_OPOINT_NOT_RUNTIME_REACHABILITY
native,75,c/bee/bee.dat,354,0,441,True,DECLARED_OPOINT_NOT_RUNTIME_REACHABILITY
native,75,c/bee/bee.dat,349,0,441,True,DECLARED_OPOINT_NOT_RUNTIME_REACHABILITY
native,75,c/bee/bee.dat,350,0,441,True,DECLARED_OPOINT_NOT_RUNTIME_REACHABILITY
native,75,c/bee/bee.dat,351,0,441,True,DECLARED_OPOINT_NOT_RUNTIME_REACHABILITY
native,75,c/bee/bee.dat,290,0,441,True,DECLARED_OPOINT_NOT_RUNTIME_REACHABILITY
native,75,c/bee/bee.dat,358,0,441,True,DECLARED_OPOINT_NOT_RUNTIME_REACHABILITY
native,75,c/bee/bee.dat,361,0,441,True,DECLARED_OPOINT_NOT_RUNTIME_REACHABILITY
native,75,c/bee/bee.dat,362,0,441,True,DECLARED_OPOINT_NOT_RUNTIME_REACHABILITY
native,75,c/bee/bee.dat,363,0,441,True,DECLARED_OPOINT_NOT_RUNTIME_REACHABILITY
native,75,c/bee/bee.dat,364,0,441,True,DECLARED_OPOINT_NOT_RUNTIME_REACHABILITY
native,75,c/bee/bee.dat,365,0,441,True,DECLARED_OPOINT_NOT_RUNTIME_REACHABILITY
native,75,c/bee/bee.dat,366,0,441,True,DECLARED_OPOINT_NOT_RUNTIME_REACHABILITY
native,75,c/bee/bee.dat,367,0,441,True,DECLARED_OPOINT_NOT_RUNTIME_REACHABILITY
native,75,c/bee/bee.dat,368,0,441,True,DECLARED_OPOINT_NOT_RUNTIME_REACHABILITY
native,75,c/bee/bee.dat,369,0,441,True,DECLARED_OPOINT_NOT_RUNTIME_REACHABILITY
native,75,c/bee/bee.dat,370,0,441,True,DECLARED_OPOINT_NOT_RUNTIME_REACHABILITY
native,75,c/bee/bee.dat,371,0,441,True,DECLARED_OPOINT_NOT_RUNTIME_REACHABILITY
native,75,c/bee/bee.dat,372,0,441,True,DECLARED_OPOINT_NOT_RUNTIME_REACHABILITY
native,75,c/bee/bee.dat,373,0,441,True,DECLARED_OPOINT_NOT_RUNTIME_REACHABILITY
native,75,c/bee/bee.dat,384,0,441,True,DECLARED_OPOINT_NOT_RUNTIME_REACHABILITY
native,75,c/bee/bee.dat,385,0,441,True,DECLARED_OPOINT_NOT_RUNTIME_REACHABILITY
native,75,c/bee/bee.dat,386,0,441,True,DECLARED_OPOINT_NOT_RUNTIME_REACHABILITY
native,75,c/bee/bee.dat,387,0,441,True,DECLARED_OPOINT_NOT_RUNTIME_REACHABILITY
native,75,c/bee/bee.dat,388,0,441,True,DECLARED_OPOINT_NOT_RUNTIME_REACHABILITY
native,75,c/bee/bee.dat,389,0,441,True,DECLARED_OPOINT_NOT_RUNTIME_REACHABILITY
native,75,c/bee/bee.dat,390,0,441,True,DECLARED_OPOINT_NOT_RUNTIME_REACHABILITY
native,75,c/bee/bee.dat,391,0,441,True,DECLARED_OPOINT_NOT_RUNTIME_REACHABILITY
native,75,c/bee/bee.dat,392,0,441,True,DECLARED_OPOINT_NOT_RUNTIME_REACHABILITY
native,75,c/bee/bee.dat,393,0,441,True,DECLARED_OPOINT_NOT_RUNTIME_REACHABILITY
native,75,c/bee/bee.dat,394,0,441,True,DECLARED_OPOINT_NOT_RUNTIME_REACHABILITY
native,75,c/bee/bee.dat,395,0,441,True,DECLARED_OPOINT_NOT_RUNTIME_REACHABILITY
native,75,c/bee/bee.dat,396,0,441,True,DECLARED_OPOINT_NOT_RUNTIME_REACHABILITY
native,75,c/bee/bee.dat,497,0,441,True,DECLARED_OPOINT_NOT_RUNTIME_REACHABILITY
native,75,c/bee/bee.dat,76,0,441,True,DECLARED_OPOINT_NOT_RUNTIME_REACHABILITY
native,75,c/bee/bee.dat,41,0,441,True,DECLARED_OPOINT_NOT_RUNTIME_REACHABILITY
native,75,c/bee/bee.dat,43,0,441,True,DECLARED_OPOINT_NOT_RUNTIME_REACHABILITY
native,75,c/bee/bee.dat,124,0,441,True,DECLARED_OPOINT_NOT_RUNTIME_REACHABILITY
native,75,c/bee/bee.dat,107,0,441,True,DECLARED_OPOINT_NOT_RUNTIME_REACHABILITY
native,75,c/bee/bee.dat,175,0,441,True,DECLARED_OPOINT_NOT_RUNTIME_REACHABILITY
native,75,c/bee/bee.dat,176,0,441,True,DECLARED_OPOINT_NOT_RUNTIME_REACHABILITY
native,75,c/bee/bee.dat,411,0,441,True,DECLARED_OPOINT_NOT_RUNTIME_REACHABILITY
native,75,c/bee/bee.dat,418,0,441,True,DECLARED_OPOINT_NOT_RUNTIME_REACHABILITY
native,75,c/bee/bee.dat,425,0,441,True,DECLARED_OPOINT_NOT_RUNTIME_REACHABILITY
native,75,c/bee/bee.dat,429,0,441,True,DECLARED_OPOINT_NOT_RUNTIME_REACHABILITY
native,75,c/bee/bee.dat,436,0,441,True,DECLARED_OPOINT_NOT_RUNTIME_REACHABILITY
native,75,c/bee/bee.dat,441,0,441,True,DECLARED_OPOINT_NOT_RUNTIME_REACHABILITY
native,75,c/bee/bee.dat,493,0,441,True,DECLARED_OPOINT_NOT_RUNTIME_REACHABILITY
native,75,c/bee/bee.dat,494,0,441,True,DECLARED_OPOINT_NOT_RUNTIME_REACHABILITY
native,75,c/bee/bee.dat,500,0,204,True,DECLARED_OPOINT_NOT_RUNTIME_REACHABILITY
native,75,c/bee/bee.dat,503,0,204,True,DECLARED_OPOINT_NOT_RUNTIME_REACHABILITY
native,75,c/bee/bee.dat,506,0,441,True,DECLARED_OPOINT_NOT_RUNTIME_REACHABILITY
native,75,c/bee/bee.dat,507,1,441,True,DECLARED_OPOINT_NOT_RUNTIME_REACHABILITY
native,75,c/bee/bee.dat,522,0,441,True,DECLARED_OPOINT_NOT_RUNTIME_REACHABILITY
native,75,c/bee/bee.dat,523,0,441,True,DECLARED_OPOINT_NOT_RUNTIME_REACHABILITY
native,75,c/bee/bee.dat,527,0,441,True,DECLARED_OPOINT_NOT_RUNTIME_REACHABILITY
native,75,c/bee/bee.dat,528,0,441,True,DECLARED_OPOINT_NOT_RUNTIME_REACHABILITY
native,75,c/bee/bee.dat,529,0,441,True,DECLARED_OPOINT_NOT_RUNTIME_REACHABILITY
native,75,c/bee/bee.dat,530,0,441,True,DECLARED_OPOINT_NOT_RUNTIME_REACHABILITY
native,75,c/bee/bee.dat,531,0,441,True,DECLARED_OPOINT_NOT_RUNTIME_REACHABILITY
native,75,c/bee/bee.dat,532,0,441,True,DECLARED_OPOINT_NOT_RUNTIME_REACHABILITY
native,75,c/bee/bee.dat,533,0,441,True,DECLARED_OPOINT_NOT_RUNTIME_REACHABILITY
native,75,c/bee/bee.dat,534,0,441,True,DECLARED_OPOINT_NOT_RUNTIME_REACHABILITY
native,75,c/bee/bee.dat,536,0,441,True,DECLARED_OPOINT_NOT_RUNTIME_REACHABILITY
native,75,c/bee/bee.dat,537,0,441,True,DECLARED_OPOINT_NOT_RUNTIME_REACHABILITY
native,75,c/bee/bee.dat,538,0,441,True,DECLARED_OPOINT_NOT_RUNTIME_REACHABILITY
native,75,c/bee/bee.dat,539,0,441,True,DECLARED_OPOINT_NOT_RUNTIME_REACHABILITY
native,75,c/bee/bee.dat,602,1,900,True,DECLARED_OPOINT_NOT_RUNTIME_REACHABILITY
native,75,c/bee/bee.dat,631,1,204,True,DECLARED_OPOINT_NOT_RUNTIME_REACHABILITY
native,75,c/bee/bee.dat,641,1,204,True,DECLARED_OPOINT_NOT_RUNTIME_REACHABILITY
native,75,c/bee/bee.dat,721,0,441,True,DECLARED_OPOINT_NOT_RUNTIME_REACHABILITY
native,75,c/bee/bee.dat,722,0,441,True,DECLARED_OPOINT_NOT_RUNTIME_REACHABILITY
native,75,c/bee/bee.dat,723,0,441,True,DECLARED_OPOINT_NOT_RUNTIME_REACHABILITY
native,75,c/bee/bee.dat,724,0,441,True,DECLARED_OPOINT_NOT_RUNTIME_REACHABILITY
native,75,c/bee/bee.dat,725,0,441,True,DECLARED_OPOINT_NOT_RUNTIME_REACHABILITY
native,75,c/bee/bee.dat,726,0,441,True,DECLARED_OPOINT_NOT_RUNTIME_REACHABILITY
native,75,c/bee/bee.dat,727,0,441,True,DECLARED_OPOINT_NOT_RUNTIME_REACHABILITY
native,75,c/bee/bee.dat,738,0,441,True,DECLARED_OPOINT_NOT_RUNTIME_REACHABILITY
native,441,c/bee/a/wind.dat,51,0,441,True,DECLARED_OPOINT_NOT_RUNTIME_REACHABILITY
native,441,c/bee/a/wind.dat,53,0,441,True,DECLARED_OPOINT_NOT_RUNTIME_REACHABILITY
native,441,c/bee/a/wind.dat,55,0,441,True,DECLARED_OPOINT_NOT_RUNTIME_REACHABILITY
native,441,c/bee/a/wind.dat,61,0,441,True,DECLARED_OPOINT_NOT_RUNTIME_REACHABILITY
native,441,c/bee/a/wind.dat,62,0,441,True,DECLARED_OPOINT_NOT_RUNTIME_REACHABILITY
native,441,c/bee/a/wind.dat,63,0,441,True,DECLARED_OPOINT_NOT_RUNTIME_REACHABILITY
native,441,c/bee/a/wind.dat,64,0,441,True,DECLARED_OPOINT_NOT_RUNTIME_REACHABILITY
native,441,c/bee/a/wind.dat,81,0,441,True,DECLARED_OPOINT_NOT_RUNTIME_REACHABILITY
native,441,c/bee/a/wind.dat,83,0,441,True,DECLARED_OPOINT_NOT_RUNTIME_REACHABILITY
native,441,c/bee/a/wind.dat,85,0,441,True,DECLARED_OPOINT_NOT_RUNTIME_REACHABILITY
native,441,c/bee/a/wind.dat,304,0,441,True,DECLARED_OPOINT_NOT_RUNTIME_REACHABILITY
native,441,c/bee/a/wind.dat,305,0,441,True,DECLARED_OPOINT_NOT_RUNTIME_REACHABILITY
native,441,c/bee/a/wind.dat,306,0,441,True,DECLARED_OPOINT_NOT_RUNTIME_REACHABILITY
native,441,c/bee/a/wind.dat,307,0,441,True,DECLARED_OPOINT_NOT_RUNTIME_REACHABILITY
native,441,c/bee/a/wind.dat,371,0,441,True,DECLARED_OPOINT_NOT_RUNTIME_REACHABILITY
native,441,c/bee/a/wind.dat,372,0,441,True,DECLARED_OPOINT_NOT_RUNTIME_REACHABILITY
native,441,c/bee/a/wind.dat,374,0,441,True,DECLARED_OPOINT_NOT_RUNTIME_REACHABILITY
native,441,c/bee/a/wind.dat,375,0,441,True,DECLARED_OPOINT_NOT_RUNTIME_REACHABILITY
native,441,c/bee/a/wind.dat,377,0,441,True,DECLARED_OPOINT_NOT_RUNTIME_REACHABILITY
native,441,c/bee/a/wind.dat,378,0,441,True,DECLARED_OPOINT_NOT_RUNTIME_REACHABILITY
native,441,c/bee/a/wind.dat,431,0,441,True,DECLARED_OPOINT_NOT_RUNTIME_REACHABILITY
native,441,c/bee/a/wind.dat,433,0,441,True,DECLARED_OPOINT_NOT_RUNTIME_REACHABILITY
native,441,c/bee/a/wind.dat,435,0,441,True,DECLARED_OPOINT_NOT_RUNTIME_REACHABILITY
native,441,c/bee/a/wind.dat,437,0,441,True,DECLARED_OPOINT_NOT_RUNTIME_REACHABILITY
native,441,c/bee/a/wind.dat,458,0,441,True,DECLARED_OPOINT_NOT_RUNTIME_REACHABILITY
native,441,c/bee/a/wind.dat,496,0,441,True,DECLARED_OPOINT_NOT_RUNTIME_REACHABILITY
native,726,c/han/han.dat,46,0,728,True,DECLARED_OPOINT_NOT_RUNTIME_REACHABILITY
native,726,c/han/han.dat,61,0,728,True,DECLARED_OPOINT_NOT_RUNTIME_REACHABILITY
native,726,c/han/han.dat,66,0,728,True,DECLARED_OPOINT_NOT_RUNTIME_REACHABILITY
native,726,c/han/han.dat,71,0,728,True,DECLARED_OPOINT_NOT_RUNTIME_REACHABILITY
native,726,c/han/han.dat,241,0,728,True,DECLARED_OPOINT_NOT_RUNTIME_REACHABILITY
native,726,c/han/han.dat,91,0,728,True,DECLARED_OPOINT_NOT_RUNTIME_REACHABILITY
native,726,c/han/han.dat,125,0,123,True,DECLARED_OPOINT_NOT_RUNTIME_REACHABILITY
native,726,c/han/han.dat,126,0,204,True,DECLARED_OPOINT_NOT_RUNTIME_REACHABILITY
native,726,c/han/han.dat,150,0,728,True,DECLARED_OPOINT_NOT_RUNTIME_REACHABILITY
native,726,c/han/han.dat,151,3,208,True,DECLARED_OPOINT_NOT_RUNTIME_REACHABILITY
native,726,c/han/han.dat,171,8,204,True,DECLARED_OPOINT_NOT_RUNTIME_REACHABILITY
native,726,c/han/han.dat,221,0,728,True,DECLARED_OPOINT_NOT_RUNTIME_REACHABILITY
native,726,c/han/han.dat,223,0,728,True,DECLARED_OPOINT_NOT_RUNTIME_REACHABILITY
native,726,c/han/han.dat,236,0,204,True,DECLARED_OPOINT_NOT_RUNTIME_REACHABILITY
native,726,c/han/han.dat,238,0,204,True,DECLARED_OPOINT_NOT_RUNTIME_REACHABILITY
native,726,c/han/han.dat,370,3,204,True,DECLARED_OPOINT_NOT_RUNTIME_REACHABILITY
native,726,c/han/han.dat,371,0,728,True,DECLARED_OPOINT_NOT_RUNTIME_REACHABILITY
native,726,c/han/han.dat,251,0,728,True,DECLARED_OPOINT_NOT_RUNTIME_REACHABILITY
native,726,c/han/han.dat,255,3,204,True,DECLARED_OPOINT_NOT_RUNTIME_REACHABILITY
native,726,c/han/han.dat,261,3,728,True,DECLARED_OPOINT_NOT_RUNTIME_REACHABILITY
native,726,c/han/han.dat,268,2,728,True,DECLARED_OPOINT_NOT_RUNTIME_REACHABILITY
native,726,c/han/han.dat,268,3,728,True,DECLARED_OPOINT_NOT_RUNTIME_REACHABILITY
native,726,c/han/han.dat,266,0,208,True,DECLARED_OPOINT_NOT_RUNTIME_REACHABILITY
native,726,c/han/han.dat,281,0,728,True,DECLARED_OPOINT_NOT_RUNTIME_REACHABILITY
native,726,c/han/han.dat,284,1,728,True,DECLARED_OPOINT_NOT_RUNTIME_REACHABILITY
native,726,c/han/han.dat,288,3,728,True,DECLARED_OPOINT_NOT_RUNTIME_REACHABILITY
native,726,c/han/han.dat,295,0,616,True,DECLARED_OPOINT_NOT_RUNTIME_REACHABILITY
native,726,c/han/han.dat,327,0,728,True,DECLARED_OPOINT_NOT_RUNTIME_REACHABILITY
native,726,c/han/han.dat,332,2,706,True,DECLARED_OPOINT_NOT_RUNTIME_REACHABILITY
native,726,c/han/han.dat,333,2,706,True,DECLARED_OPOINT_NOT_RUNTIME_REACHABILITY
native,726,c/han/han.dat,334,0,728,True,DECLARED_OPOINT_NOT_RUNTIME_REACHABILITY
native,726,c/han/han.dat,340,2,706,True,DECLARED_OPOINT_NOT_RUNTIME_REACHABILITY
native,726,c/han/han.dat,341,2,706,True,DECLARED_OPOINT_NOT_RUNTIME_REACHABILITY
native,726,c/han/han.dat,348,0,728,True,DECLARED_OPOINT_NOT_RUNTIME_REACHABILITY
native,726,c/han/han.dat,349,3,204,True,DECLARED_OPOINT_NOT_RUNTIME_REACHABILITY
native,726,c/han/han.dat,351,4,728,True,DECLARED_OPOINT_NOT_RUNTIME_REACHABILITY
native,726,c/han/han.dat,353,4,728,True,DECLARED_OPOINT_NOT_RUNTIME_REACHABILITY
native,726,c/han/han.dat,355,4,728,True,DECLARED_OPOINT_NOT_RUNTIME_REACHABILITY
native,726,c/han/han.dat,361,4,728,True,DECLARED_OPOINT_NOT_RUNTIME_REACHABILITY
native,726,c/han/han.dat,363,4,728,True,DECLARED_OPOINT_NOT_RUNTIME_REACHABILITY
native,726,c/han/han.dat,365,4,728,True,DECLARED_OPOINT_NOT_RUNTIME_REACHABILITY
native,726,c/han/han.dat,602,1,900,True,DECLARED_OPOINT_NOT_RUNTIME_REACHABILITY
native,726,c/han/han.dat,620,0,728,True,DECLARED_OPOINT_NOT_RUNTIME_REACHABILITY
native,726,c/han/han.dat,631,1,204,True,DECLARED_OPOINT_NOT_RUNTIME_REACHABILITY
native,726,c/han/han.dat,641,1,204,True,DECLARED_OPOINT_NOT_RUNTIME_REACHABILITY
native,726,c/han/han.dat,666,0,728,True,DECLARED_OPOINT_NOT_RUNTIME_REACHABILITY
native,727,c/han/smo.dat,46,0,728,True,DECLARED_OPOINT_NOT_RUNTIME_REACHABILITY
native,727,c/han/smo.dat,61,0,728,True,DECLARED_OPOINT_NOT_RUNTIME_REACHABILITY
native,727,c/han/smo.dat,66,0,728,True,DECLARED_OPOINT_NOT_RUNTIME_REACHABILITY
native,727,c/han/smo.dat,71,0,728,True,DECLARED_OPOINT_NOT_RUNTIME_REACHABILITY
native,727,c/han/smo.dat,241,0,728,True,DECLARED_OPOINT_NOT_RUNTIME_REACHABILITY
native,727,c/han/smo.dat,91,0,728,True,DECLARED_OPOINT_NOT_RUNTIME_REACHABILITY
native,727,c/han/smo.dat,125,0,123,True,DECLARED_OPOINT_NOT_RUNTIME_REACHABILITY
native,727,c/han/smo.dat,126,0,204,True,DECLARED_OPOINT_NOT_RUNTIME_REACHABILITY
native,727,c/han/smo.dat,150,0,728,True,DECLARED_OPOINT_NOT_RUNTIME_REACHABILITY
native,727,c/han/smo.dat,151,3,208,True,DECLARED_OPOINT_NOT_RUNTIME_REACHABILITY
native,727,c/han/smo.dat,171,8,204,True,DECLARED_OPOINT_NOT_RUNTIME_REACHABILITY
native,727,c/han/smo.dat,221,0,728,True,DECLARED_OPOINT_NOT_RUNTIME_REACHABILITY
native,727,c/han/smo.dat,223,0,728,True,DECLARED_OPOINT_NOT_RUNTIME_REACHABILITY
native,727,c/han/smo.dat,236,0,204,True,DECLARED_OPOINT_NOT_RUNTIME_REACHABILITY
native,727,c/han/smo.dat,238,0,204,True,DECLARED_OPOINT_NOT_RUNTIME_REACHABILITY
native,727,c/han/smo.dat,370,3,204,True,DECLARED_OPOINT_NOT_RUNTIME_REACHABILITY
native,727,c/han/smo.dat,371,0,728,True,DECLARED_OPOINT_NOT_RUNTIME_REACHABILITY
native,727,c/han/smo.dat,251,0,728,True,DECLARED_OPOINT_NOT_RUNTIME_REACHABILITY
native,727,c/han/smo.dat,255,3,204,True,DECLARED_OPOINT_NOT_RUNTIME_REACHABILITY
native,727,c/han/smo.dat,261,3,728,True,DECLARED_OPOINT_NOT_RUNTIME_REACHABILITY
native,727,c/han/smo.dat,268,2,728,True,DECLARED_OPOINT_NOT_RUNTIME_REACHABILITY
native,727,c/han/smo.dat,268,3,728,True,DECLARED_OPOINT_NOT_RUNTIME_REACHABILITY
native,727,c/han/smo.dat,266,0,208,True,DECLARED_OPOINT_NOT_RUNTIME_REACHABILITY
native,727,c/han/smo.dat,281,0,728,True,DECLARED_OPOINT_NOT_RUNTIME_REACHABILITY
native,727,c/han/smo.dat,284,1,728,True,DECLARED_OPOINT_NOT_RUNTIME_REACHABILITY
native,727,c/han/smo.dat,288,3,728,True,DECLARED_OPOINT_NOT_RUNTIME_REACHABILITY
native,727,c/han/smo.dat,295,0,616,True,DECLARED_OPOINT_NOT_RUNTIME_REACHABILITY
native,727,c/han/smo.dat,327,0,728,True,DECLARED_OPOINT_NOT_RUNTIME_REACHABILITY
native,727,c/han/smo.dat,332,2,706,True,DECLARED_OPOINT_NOT_RUNTIME_REACHABILITY
native,727,c/han/smo.dat,333,2,706,True,DECLARED_OPOINT_NOT_RUNTIME_REACHABILITY
native,727,c/han/smo.dat,334,0,728,True,DECLARED_OPOINT_NOT_RUNTIME_REACHABILITY
native,727,c/han/smo.dat,340,2,706,True,DECLARED_OPOINT_NOT_RUNTIME_REACHABILITY
native,727,c/han/smo.dat,341,2,706,True,DECLARED_OPOINT_NOT_RUNTIME_REACHABILITY
native,727,c/han/smo.dat,348,0,728,True,DECLARED_OPOINT_NOT_RUNTIME_REACHABILITY
native,727,c/han/smo.dat,349,3,204,True,DECLARED_OPOINT_NOT_RUNTIME_REACHABILITY
native,727,c/han/smo.dat,351,4,728,True,DECLARED_OPOINT_NOT_RUNTIME_REACHABILITY
native,727,c/han/smo.dat,353,4,728,True,DECLARED_OPOINT_NOT_RUNTIME_REACHABILITY
native,727,c/han/smo.dat,355,4,728,True,DECLARED_OPOINT_NOT_RUNTIME_REACHABILITY
native,727,c/han/smo.dat,361,4,728,True,DECLARED_OPOINT_NOT_RUNTIME_REACHABILITY
native,727,c/han/smo.dat,363,4,728,True,DECLARED_OPOINT_NOT_RUNTIME_REACHABILITY
native,727,c/han/smo.dat,365,4,728,True,DECLARED_OPOINT_NOT_RUNTIME_REACHABILITY
native,727,c/han/smo.dat,602,1,900,True,DECLARED_OPOINT_NOT_RUNTIME_REACHABILITY
native,727,c/han/smo.dat,620,0,728,True,DECLARED_OPOINT_NOT_RUNTIME_REACHABILITY
native,727,c/han/smo.dat,631,1,204,True,DECLARED_OPOINT_NOT_RUNTIME_REACHABILITY
native,727,c/han/smo.dat,641,1,204,True,DECLARED_OPOINT_NOT_RUNTIME_REACHABILITY
native,727,c/han/smo.dat,666,0,728,True,DECLARED_OPOINT_NOT_RUNTIME_REACHABILITY
native,510,c/yag/yag.dat,46,0,511,True,DECLARED_OPOINT_NOT_RUNTIME_REACHABILITY
native,510,c/yag/yag.dat,61,0,511,True,DECLARED_OPOINT_NOT_RUNTIME_REACHABILITY
native,510,c/yag/yag.dat,66,0,511,True,DECLARED_OPOINT_NOT_RUNTIME_REACHABILITY
native,510,c/yag/yag.dat,71,0,511,True,DECLARED_OPOINT_NOT_RUNTIME_REACHABILITY
native,510,c/yag/yag.dat,246,0,511,True,DECLARED_OPOINT_NOT_RUNTIME_REACHABILITY
native,510,c/yag/yag.dat,87,0,707,True,DECLARED_OPOINT_NOT_RUNTIME_REACHABILITY
native,510,c/yag/yag.dat,89,0,703,True,DECLARED_OPOINT_NOT_RUNTIME_REACHABILITY
native,510,c/yag/yag.dat,91,0,511,True,DECLARED_OPOINT_NOT_RUNTIME_REACHABILITY
native,510,c/yag/yag.dat,125,0,123,True,DECLARED_OPOINT_NOT_RUNTIME_REACHABILITY
native,510,c/yag/yag.dat,126,0,204,True,DECLARED_OPOINT_NOT_RUNTIME_REACHABILITY
native,510,c/yag/yag.dat,168,0,620,False,DECLARED_OPOINT_NOT_RUNTIME_REACHABILITY
native,510,c/yag/yag.dat,170,0,621,False,DECLARED_OPOINT_NOT_RUNTIME_REACHABILITY
native,510,c/yag/yag.dat,221,0,511,True,DECLARED_OPOINT_NOT_RUNTIME_REACHABILITY
native,510,c/yag/yag.dat,223,0,511,True,DECLARED_OPOINT_NOT_RUNTIME_REACHABILITY
native,510,c/yag/yag.dat,236,0,511,True,DECLARED_OPOINT_NOT_RUNTIME_REACHABILITY
native,510,c/yag/yag.dat,238,0,511,True,DECLARED_OPOINT_NOT_RUNTIME_REACHABILITY
native,510,c/yag/yag.dat,251,0,511,True,DECLARED_OPOINT_NOT_RUNTIME_REACHABILITY
native,510,c/yag/yag.dat,253,0,511,True,DECLARED_OPOINT_NOT_RUNTIME_REACHABILITY
native,510,c/yag/yag.dat,267,0,816,True,DECLARED_OPOINT_NOT_RUNTIME_REACHABILITY
native,510,c/yag/yag.dat,277,0,816,True,DECLARED_OPOINT_NOT_RUNTIME_REACHABILITY
native,510,c/yag/yag.dat,281,3,514,True,DECLARED_OPOINT_NOT_RUNTIME_REACHABILITY
native,510,c/yag/yag.dat,282,1,514,True,DECLARED_OPOINT_NOT_RUNTIME_REACHABILITY
native,510,c/yag/yag.dat,300,0,511,True,DECLARED_OPOINT_NOT_RUNTIME_REACHABILITY
native,510,c/yag/yag.dat,313,1,511,True,DECLARED_OPOINT_NOT_RUNTIME_REACHABILITY
native,510,c/yag/yag.dat,316,1,511,True,DECLARED_OPOINT_NOT_RUNTIME_REACHABILITY
native,510,c/yag/yag.dat,318,1,511,True,DECLARED_OPOINT_NOT_RUNTIME_REACHABILITY
native,510,c/yag/yag.dat,323,3,706,True,DECLARED_OPOINT_NOT_RUNTIME_REACHABILITY
native,510,c/yag/yag.dat,324,3,706,True,DECLARED_OPOINT_NOT_RUNTIME_REACHABILITY
native,510,c/yag/yag.dat,328,4,204,True,DECLARED_OPOINT_NOT_RUNTIME_REACHABILITY
native,510,c/yag/yag.dat,341,4,204,True,DECLARED_OPOINT_NOT_RUNTIME_REACHABILITY
native,510,c/yag/yag.dat,354,2,511,True,DECLARED_OPOINT_NOT_RUNTIME_REACHABILITY
native,510,c/yag/yag.dat,355,2,511,True,DECLARED_OPOINT_NOT_RUNTIME_REACHABILITY
native,510,c/yag/yag.dat,365,3,511,True,DECLARED_OPOINT_NOT_RUNTIME_REACHABILITY
native,510,c/yag/yag.dat,367,2,511,True,DECLARED_OPOINT_NOT_RUNTIME_REACHABILITY
native,510,c/yag/yag.dat,381,0,511,True,DECLARED_OPOINT_NOT_RUNTIME_REACHABILITY
native,510,c/yag/yag.dat,383,3,511,True,DECLARED_OPOINT_NOT_RUNTIME_REACHABILITY
native,510,c/yag/yag.dat,418,3,511,True,DECLARED_OPOINT_NOT_RUNTIME_REACHABILITY
native,510,c/yag/yag.dat,418,4,511,True,DECLARED_OPOINT_NOT_RUNTIME_REACHABILITY
native,510,c/yag/yag.dat,418,5,511,True,DECLARED_OPOINT_NOT_RUNTIME_REACHABILITY
native,510,c/yag/yag.dat,602,1,900,True,DECLARED_OPOINT_NOT_RUNTIME_REACHABILITY
native,510,c/yag/yag.dat,631,1,204,True,DECLARED_OPOINT_NOT_RUNTIME_REACHABILITY
native,510,c/yag/yag.dat,641,1,204,True,DECLARED_OPOINT_NOT_RUNTIME_REACHABILITY
native,510,c/yag/yag.dat,666,0,511,True,DECLARED_OPOINT_NOT_RUNTIME_REACHABILITY
native,511,c/yag/a/mir.dat,2,0,511,True,DECLARED_OPOINT_NOT_RUNTIME_REACHABILITY
native,511,c/yag/a/mir.dat,41,0,511,True,DECLARED_OPOINT_NOT_RUNTIME_REACHABILITY
native,511,c/yag/a/mir.dat,46,0,511,True,DECLARED_OPOINT_NOT_RUNTIME_REACHABILITY
native,511,c/yag/a/mir.dat,51,0,511,True,DECLARED_OPOINT_NOT_RUNTIME_REACHABILITY
native,511,c/yag/a/mir.dat,61,0,511,True,DECLARED_OPOINT_NOT_RUNTIME_REACHABILITY
native,511,c/yag/a/mir.dat,62,1,511,True,DECLARED_OPOINT_NOT_RUNTIME_REACHABILITY
native,511,c/yag/a/mir.dat,71,0,511,True,DECLARED_OPOINT_NOT_RUNTIME_REACHABILITY
native,511,c/yag/a/mir.dat,91,0,511,True,DECLARED_OPOINT_NOT_RUNTIME_REACHABILITY
native,511,c/yag/a/mir.dat,111,0,511,True,DECLARED_OPOINT_NOT_RUNTIME_REACHABILITY
native,511,c/yag/a/mir.dat,116,0,511,True,DECLARED_OPOINT_NOT_RUNTIME_REACHABILITY
native,511,c/yag/a/mir.dat,131,0,511,True,DECLARED_OPOINT_NOT_RUNTIME_REACHABILITY
native,511,c/yag/a/mir.dat,147,0,511,True,DECLARED_OPOINT_NOT_RUNTIME_REACHABILITY
native,511,c/yag/a/mir.dat,151,0,511,True,DECLARED_OPOINT_NOT_RUNTIME_REACHABILITY
native,511,c/yag/a/mir.dat,173,0,511,True,DECLARED_OPOINT_NOT_RUNTIME_REACHABILITY
native,511,c/yag/a/mir.dat,181,0,511,True,DECLARED_OPOINT_NOT_RUNTIME_REACHABILITY
native,514,c/yag/a/dra.dat,21,0,514,True,DECLARED_OPOINT_NOT_RUNTIME_REACHABILITY
native,514,c/yag/a/dra.dat,56,0,514,True,DECLARED_OPOINT_NOT_RUNTIME_REACHABILITY
native,29,c/hak/hak.dat,71,0,516,True,DECLARED_OPOINT_NOT_RUNTIME_REACHABILITY
native,29,c/hak/hak.dat,81,0,516,True,DECLARED_OPOINT_NOT_RUNTIME_REACHABILITY
native,29,c/hak/hak.dat,86,0,516,True,DECLARED_OPOINT_NOT_RUNTIME_REACHABILITY
native,29,c/hak/hak.dat,91,0,516,True,DECLARED_OPOINT_NOT_RUNTIME_REACHABILITY
native,29,c/hak/hak.dat,97,0,516,True,DECLARED_OPOINT_NOT_RUNTIME_REACHABILITY
native,29,c/hak/hak.dat,98,1,515,True,DECLARED_OPOINT_NOT_RUNTIME_REACHABILITY
native,29,c/hak/hak.dat,118,1,516,True,DECLARED_OPOINT_NOT_RUNTIME_REACHABILITY
native,29,c/hak/hak.dat,119,1,214,True,DECLARED_OPOINT_NOT_RUNTIME_REACHABILITY
native,29,c/hak/hak.dat,121,1,516,True,DECLARED_OPOINT_NOT_RUNTIME_REACHABILITY
native,29,c/hak/hak.dat,122,0,516,True,DECLARED_OPOINT_NOT_RUNTIME_REACHABILITY
native,29,c/hak/hak.dat,123,0,706,True,DECLARED_OPOINT_NOT_RUNTIME_REACHABILITY
native,29,c/hak/hak.dat,125,0,706,True,DECLARED_OPOINT_NOT_RUNTIME_REACHABILITY
native,29,c/hak/hak.dat,239,0,516,True,DECLARED_OPOINT_NOT_RUNTIME_REACHABILITY
native,29,c/hak/hak.dat,241,0,515,True,DECLARED_OPOINT_NOT_RUNTIME_REACHABILITY
native,29,c/hak/hak.dat,246,0,516,True,DECLARED_OPOINT_NOT_RUNTIME_REACHABILITY
native,29,c/hak/hak.dat,249,1,516,True,DECLARED_OPOINT_NOT_RUNTIME_REACHABILITY
native,29,c/hak/hak.dat,256,0,515,True,DECLARED_OPOINT_NOT_RUNTIME_REACHABILITY
native,29,c/hak/hak.dat,257,0,516,True,DECLARED_OPOINT_NOT_RUNTIME_REACHABILITY
native,29,c/hak/hak.dat,262,1,516,True,DECLARED_OPOINT_NOT_RUNTIME_REACHABILITY
native,29,c/hak/hak.dat,266,0,516,True,DECLARED_OPOINT_NOT_RUNTIME_REACHABILITY
native,29,c/hak/hak.dat,272,1,516,True,DECLARED_OPOINT_NOT_RUNTIME_REACHABILITY
native,29,c/hak/hak.dat,274,0,516,True,DECLARED_OPOINT_NOT_RUNTIME_REACHABILITY
native,29,c/hak/hak.dat,276,0,123,True,DECLARED_OPOINT_NOT_RUNTIME_REACHABILITY
native,29,c/hak/hak.dat,277,0,204,True,DECLARED_OPOINT_NOT_RUNTIME_REACHABILITY
native,29,c/hak/hak.dat,286,0,516,True,DECLARED_OPOINT_NOT_RUNTIME_REACHABILITY
native,29,c/hak/hak.dat,292,0,515,True,DECLARED_OPOINT_NOT_RUNTIME_REACHABILITY
native,29,c/hak/hak.dat,304,0,516,True,DECLARED_OPOINT_NOT_RUNTIME_REACHABILITY
native,29,c/hak/hak.dat,306,0,515,True,DECLARED_OPOINT_NOT_RUNTIME_REACHABILITY
native,29,c/hak/hak.dat,312,0,515,True,DECLARED_OPOINT_NOT_RUNTIME_REACHABILITY
native,29,c/hak/hak.dat,318,0,516,True,DECLARED_OPOINT_NOT_RUNTIME_REACHABILITY
native,29,c/hak/hak.dat,329,1,516,True,DECLARED_OPOINT_NOT_RUNTIME_REACHABILITY
native,29,c/hak/hak.dat,342,1,516,True,DECLARED_OPOINT_NOT_RUNTIME_REACHABILITY
native,29,c/hak/hak.dat,343,1,516,True,DECLARED_OPOINT_NOT_RUNTIME_REACHABILITY
native,29,c/hak/hak.dat,348,1,516,True,DECLARED_OPOINT_NOT_RUNTIME_REACHABILITY
native,29,c/hak/hak.dat,349,1,516,True,DECLARED_OPOINT_NOT_RUNTIME_REACHABILITY
native,29,c/hak/hak.dat,352,1,516,True,DECLARED_OPOINT_NOT_RUNTIME_REACHABILITY
native,29,c/hak/hak.dat,365,0,616,True,DECLARED_OPOINT_NOT_RUNTIME_REACHABILITY
native,29,c/hak/hak.dat,369,0,516,True,DECLARED_OPOINT_NOT_RUNTIME_REACHABILITY
native,29,c/hak/hak.dat,505,0,515,True,DECLARED_OPOINT_NOT_RUNTIME_REACHABILITY
native,29,c/hak/hak.dat,506,0,515,True,DECLARED_OPOINT_NOT_RUNTIME_REACHABILITY
native,29,c/hak/hak.dat,516,0,516,True,DECLARED_OPOINT_NOT_RUNTIME_REACHABILITY
native,29,c/hak/hak.dat,519,1,516,True,DECLARED_OPOINT_NOT_RUNTIME_REACHABILITY
native,29,c/hak/hak.dat,528,0,204,True,DECLARED_OPOINT_NOT_RUNTIME_REACHABILITY
native,29,c/hak/hak.dat,531,1,516,True,DECLARED_OPOINT_NOT_RUNTIME_REACHABILITY
native,29,c/hak/hak.dat,532,1,516,True,DECLARED_OPOINT_NOT_RUNTIME_REACHABILITY
native,29,c/hak/hak.dat,533,1,516,True,DECLARED_OPOINT_NOT_RUNTIME_REACHABILITY
native,29,c/hak/hak.dat,534,1,516,True,DECLARED_OPOINT_NOT_RUNTIME_REACHABILITY
native,29,c/hak/hak.dat,535,1,516,True,DECLARED_OPOINT_NOT_RUNTIME_REACHABILITY
native,29,c/hak/hak.dat,536,1,516,True,DECLARED_OPOINT_NOT_RUNTIME_REACHABILITY
native,29,c/hak/hak.dat,537,1,516,True,DECLARED_OPOINT_NOT_RUNTIME_REACHABILITY
native,29,c/hak/hak.dat,538,1,516,True,DECLARED_OPOINT_NOT_RUNTIME_REACHABILITY
native,29,c/hak/hak.dat,539,1,516,True,DECLARED_OPOINT_NOT_RUNTIME_REACHABILITY
native,29,c/hak/hak.dat,540,1,516,True,DECLARED_OPOINT_NOT_RUNTIME_REACHABILITY
native,29,c/hak/hak.dat,541,1,516,True,DECLARED_OPOINT_NOT_RUNTIME_REACHABILITY
native,29,c/hak/hak.dat,542,1,516,True,DECLARED_OPOINT_NOT_RUNTIME_REACHABILITY
native,29,c/hak/hak.dat,546,1,516,True,DECLARED_OPOINT_NOT_RUNTIME_REACHABILITY
native,29,c/hak/hak.dat,547,1,516,True,DECLARED_OPOINT_NOT_RUNTIME_REACHABILITY
native,29,c/hak/hak.dat,548,1,516,True,DECLARED_OPOINT_NOT_RUNTIME_REACHABILITY
native,29,c/hak/hak.dat,549,1,516,True,DECLARED_OPOINT_NOT_RUNTIME_REACHABILITY
native,29,c/hak/hak.dat,602,1,900,True,DECLARED_OPOINT_NOT_RUNTIME_REACHABILITY
native,29,c/hak/hak.dat,631,1,204,True,DECLARED_OPOINT_NOT_RUNTIME_REACHABILITY
native,29,c/hak/hak.dat,641,1,204,True,DECLARED_OPOINT_NOT_RUNTIME_REACHABILITY
native,516,c/hak/a/mir.dat,66,0,516,True,DECLARED_OPOINT_NOT_RUNTIME_REACHABILITY
native,516,c/hak/a/mir.dat,67,0,516,True,DECLARED_OPOINT_NOT_RUNTIME_REACHABILITY
native,516,c/hak/a/mir.dat,74,0,516,True,DECLARED_OPOINT_NOT_RUNTIME_REACHABILITY
native,516,c/hak/a/mir.dat,76,0,29,True,DECLARED_OPOINT_NOT_RUNTIME_REACHABILITY
native,516,c/hak/a/mir.dat,78,0,29,True,DECLARED_OPOINT_NOT_RUNTIME_REACHABILITY
native,516,c/hak/a/mir.dat,89,0,29,True,DECLARED_OPOINT_NOT_RUNTIME_REACHABILITY
native,516,c/hak/a/mir.dat,91,0,516,True,DECLARED_OPOINT_NOT_RUNTIME_REACHABILITY
native,516,c/hak/a/mir.dat,92,0,516,True,DECLARED_OPOINT_NOT_RUNTIME_REACHABILITY
native,516,c/hak/a/mir.dat,93,0,516,True,DECLARED_OPOINT_NOT_RUNTIME_REACHABILITY
native,516,c/hak/a/mir.dat,94,0,516,True,DECLARED_OPOINT_NOT_RUNTIME_REACHABILITY
native,516,c/hak/a/mir.dat,95,0,516,True,DECLARED_OPOINT_NOT_RUNTIME_REACHABILITY
native,516,c/hak/a/mir.dat,96,0,516,True,DECLARED_OPOINT_NOT_RUNTIME_REACHABILITY
native,516,c/hak/a/mir.dat,97,0,516,True,DECLARED_OPOINT_NOT_RUNTIME_REACHABILITY
native,516,c/hak/a/mir.dat,99,0,516,True,DECLARED_OPOINT_NOT_RUNTIME_REACHABILITY
native,516,c/hak/a/mir.dat,103,0,516,True,DECLARED_OPOINT_NOT_RUNTIME_REACHABILITY
native,516,c/hak/a/mir.dat,161,0,29,True,DECLARED_OPOINT_NOT_RUNTIME_REACHABILITY
native,516,c/hak/a/mir.dat,163,0,29,True,DECLARED_OPOINT_NOT_RUNTIME_REACHABILITY
native,516,c/hak/a/mir.dat,175,0,516,True,DECLARED_OPOINT_NOT_RUNTIME_REACHABILITY
native,516,c/hak/a/mir.dat,177,0,516,True,DECLARED_OPOINT_NOT_RUNTIME_REACHABILITY
native,516,c/hak/a/mir.dat,361,0,516,True,DECLARED_OPOINT_NOT_RUNTIME_REACHABILITY
native,516,c/hak/a/mir.dat,362,0,516,True,DECLARED_OPOINT_NOT_RUNTIME_REACHABILITY
native,516,c/hak/a/mir.dat,363,0,516,True,DECLARED_OPOINT_NOT_RUNTIME_REACHABILITY
native,516,c/hak/a/mir.dat,364,0,516,True,DECLARED_OPOINT_NOT_RUNTIME_REACHABILITY
native,84,c/gur/gur.dat,331,0,619,True,DECLARED_OPOINT_NOT_RUNTIME_REACHABILITY
native,84,c/gur/gur.dat,61,0,619,True,DECLARED_OPOINT_NOT_RUNTIME_REACHABILITY
native,84,c/gur/gur.dat,150,0,619,True,DECLARED_OPOINT_NOT_RUNTIME_REACHABILITY
native,84,c/gur/gur.dat,151,0,619,True,DECLARED_OPOINT_NOT_RUNTIME_REACHABILITY
native,84,c/gur/gur.dat,221,0,619,True,DECLARED_OPOINT_NOT_RUNTIME_REACHABILITY
native,84,c/gur/gur.dat,223,0,619,True,DECLARED_OPOINT_NOT_RUNTIME_REACHABILITY
native,84,c/gur/gur.dat,241,0,619,True,DECLARED_OPOINT_NOT_RUNTIME_REACHABILITY
native,84,c/gur/gur.dat,243,0,619,True,DECLARED_OPOINT_NOT_RUNTIME_REACHABILITY
native,84,c/gur/gur.dat,244,0,619,True,DECLARED_OPOINT_NOT_RUNTIME_REACHABILITY
native,84,c/gur/gur.dat,251,0,204,True,DECLARED_OPOINT_NOT_RUNTIME_REACHABILITY
native,84,c/gur/gur.dat,253,0,204,True,DECLARED_OPOINT_NOT_RUNTIME_REACHABILITY
native,84,c/gur/gur.dat,261,0,619,True,DECLARED_OPOINT_NOT_RUNTIME_REACHABILITY
native,84,c/gur/gur.dat,271,0,123,True,DECLARED_OPOINT_NOT_RUNTIME_REACHABILITY
native,84,c/gur/gur.dat,272,0,204,True,DECLARED_OPOINT_NOT_RUNTIME_REACHABILITY
native,84,c/gur/gur.dat,299,1,619,True,DECLARED_OPOINT_NOT_RUNTIME_REACHABILITY
native,84,c/gur/gur.dat,302,1,619,True,DECLARED_OPOINT_NOT_RUNTIME_REACHABILITY
native,84,c/gur/gur.dat,500,1,619,True,DECLARED_OPOINT_NOT_RUNTIME_REACHABILITY
native,84,c/gur/gur.dat,501,1,619,True,DECLARED_OPOINT_NOT_RUNTIME_REACHABILITY
native,84,c/gur/gur.dat,502,1,619,True,DECLARED_OPOINT_NOT_RUNTIME_REACHABILITY
native,84,c/gur/gur.dat,503,1,619,True,DECLARED_OPOINT_NOT_RUNTIME_REACHABILITY
native,84,c/gur/gur.dat,337,0,619,True,DECLARED_OPOINT_NOT_RUNTIME_REACHABILITY
native,84,c/gur/gur.dat,338,0,619,True,DECLARED_OPOINT_NOT_RUNTIME_REACHABILITY
native,84,c/gur/gur.dat,351,0,619,True,DECLARED_OPOINT_NOT_RUNTIME_REACHABILITY
native,84,c/gur/gur.dat,352,0,619,True,DECLARED_OPOINT_NOT_RUNTIME_REACHABILITY
native,84,c/gur/gur.dat,365,0,619,True,DECLARED_OPOINT_NOT_RUNTIME_REACHABILITY
native,84,c/gur/gur.dat,389,0,619,True,DECLARED_OPOINT_NOT_RUNTIME_REACHABILITY
native,84,c/gur/gur.dat,395,0,619,True,DECLARED_OPOINT_NOT_RUNTIME_REACHABILITY
native,84,c/gur/gur.dat,402,1,619,True,DECLARED_OPOINT_NOT_RUNTIME_REACHABILITY
native,84,c/gur/gur.dat,405,0,619,True,DECLARED_OPOINT_NOT_RUNTIME_REACHABILITY
native,84,c/gur/gur.dat,631,1,204,True,DECLARED_OPOINT_NOT_RUNTIME_REACHABILITY
native,84,c/gur/gur.dat,641,1,204,True,DECLARED_OPOINT_NOT_RUNTIME_REACHABILITY
native,85,c/gur/fakefan.dat,61,0,619,True,DECLARED_OPOINT_NOT_RUNTIME_REACHABILITY
native,85,c/gur/fakefan.dat,221,0,619,True,DECLARED_OPOINT_NOT_RUNTIME_REACHABILITY
native,85,c/gur/fakefan.dat,223,0,619,True,DECLARED_OPOINT_NOT_RUNTIME_REACHABILITY
native,85,c/gur/fakefan.dat,251,0,204,True,DECLARED_OPOINT_NOT_RUNTIME_REACHABILITY
native,619,c/gur/a/cag.dat,38,0,619,True,DECLARED_OPOINT_NOT_RUNTIME_REACHABILITY
native,619,c/gur/a/cag.dat,107,0,229,True,DECLARED_OPOINT_NOT_RUNTIME_REACHABILITY
native,619,c/gur/a/cag.dat,116,0,619,True,DECLARED_OPOINT_NOT_RUNTIME_REACHABILITY
native,619,c/gur/a/cag.dat,268,0,85,True,DECLARED_OPOINT_NOT_RUNTIME_REACHABILITY
native,619,c/gur/a/cag.dat,272,0,85,True,DECLARED_OPOINT_NOT_RUNTIME_REACHABILITY
native,619,c/gur/a/cag.dat,273,0,85,True,DECLARED_OPOINT_NOT_RUNTIME_REACHABILITY
native,619,c/gur/a/cag.dat,678,0,619,True,DECLARED_OPOINT_NOT_RUNTIME_REACHABILITY
native,60,c/zab/zab.dat,26,1,602,True,DECLARED_OPOINT_NOT_RUNTIME_REACHABILITY
native,60,c/zab/zab.dat,29,1,602,True,DECLARED_OPOINT_NOT_RUNTIME_REACHABILITY
native,60,c/zab/zab.dat,32,0,602,True,DECLARED_OPOINT_NOT_RUNTIME_REACHABILITY
native,60,c/zab/zab.dat,39,1,208,True,DECLARED_OPOINT_NOT_RUNTIME_REACHABILITY
native,60,c/zab/zab.dat,61,0,602,True,DECLARED_OPOINT_NOT_RUNTIME_REACHABILITY
native,60,c/zab/zab.dat,71,0,602,True,DECLARED_OPOINT_NOT_RUNTIME_REACHABILITY
native,60,c/zab/zab.dat,86,0,602,True,DECLARED_OPOINT_NOT_RUNTIME_REACHABILITY
native,60,c/zab/zab.dat,91,0,602,True,DECLARED_OPOINT_NOT_RUNTIME_REACHABILITY
native,60,c/zab/zab.dat,119,0,602,True,DECLARED_OPOINT_NOT_RUNTIME_REACHABILITY
native,60,c/zab/zab.dat,123,0,616,True,DECLARED_OPOINT_NOT_RUNTIME_REACHABILITY
native,60,c/zab/zab.dat,124,0,616,True,DECLARED_OPOINT_NOT_RUNTIME_REACHABILITY
native,60,c/zab/zab.dat,126,0,602,True,DECLARED_OPOINT_NOT_RUNTIME_REACHABILITY
native,60,c/zab/zab.dat,128,0,616,True,DECLARED_OPOINT_NOT_RUNTIME_REACHABILITY
native,60,c/zab/zab.dat,129,0,616,True,DECLARED_OPOINT_NOT_RUNTIME_REACHABILITY
native,60,c/zab/zab.dat,221,0,602,True,DECLARED_OPOINT_NOT_RUNTIME_REACHABILITY
native,60,c/zab/zab.dat,223,0,602,True,DECLARED_OPOINT_NOT_RUNTIME_REACHABILITY
native,60,c/zab/zab.dat,227,0,602,True,DECLARED_OPOINT_NOT_RUNTIME_REACHABILITY
native,60,c/zab/zab.dat,233,0,602,True,DECLARED_OPOINT_NOT_RUNTIME_REACHABILITY
native,60,c/zab/zab.dat,236,0,602,True,DECLARED_OPOINT_NOT_RUNTIME_REACHABILITY
native,60,c/zab/zab.dat,238,0,204,True,DECLARED_OPOINT_NOT_RUNTIME_REACHABILITY
native,60,c/zab/zab.dat,246,0,602,True,DECLARED_OPOINT_NOT_RUNTIME_REACHABILITY
native,60,c/zab/zab.dat,247,0,816,True,DECLARED_OPOINT_NOT_RUNTIME_REACHABILITY
native,60,c/zab/zab.dat,248,0,602,True,DECLARED_OPOINT_NOT_RUNTIME_REACHABILITY
native,60,c/zab/zab.dat,252,0,816,True,DECLARED_OPOINT_NOT_RUNTIME_REACHABILITY
native,60,c/zab/zab.dat,257,0,602,True,DECLARED_OPOINT_NOT_RUNTIME_REACHABILITY
native,60,c/zab/zab.dat,262,1,602,True,DECLARED_OPOINT_NOT_RUNTIME_REACHABILITY
native,60,c/zab/zab.dat,267,1,602,True,DECLARED_OPOINT_NOT_RUNTIME_REACHABILITY
native,60,c/zab/zab.dat,271,0,123,True,DECLARED_OPOINT_NOT_RUNTIME_REACHABILITY
native,60,c/zab/zab.dat,272,0,204,True,DECLARED_OPOINT_NOT_RUNTIME_REACHABILITY
native,60,c/zab/zab.dat,281,0,602,True,DECLARED_OPOINT_NOT_RUNTIME_REACHABILITY
native,60,c/zab/zab.dat,306,0,602,True,DECLARED_OPOINT_NOT_RUNTIME_REACHABILITY
native,60,c/zab/zab.dat,311,0,616,True,DECLARED_OPOINT_NOT_RUNTIME_REACHABILITY
native,60,c/zab/zab.dat,319,0,602,True,DECLARED_OPOINT_NOT_RUNTIME_REACHABILITY
native,60,c/zab/zab.dat,327,0,602,True,DECLARED_OPOINT_NOT_RUNTIME_REACHABILITY
native,60,c/zab/zab.dat,333,0,602,True,DECLARED_OPOINT_NOT_RUNTIME_REACHABILITY
native,60,c/zab/zab.dat,336,0,602,True,DECLARED_OPOINT_NOT_RUNTIME_REACHABILITY
native,60,c/zab/zab.dat,339,0,602,True,DECLARED_OPOINT_NOT_RUNTIME_REACHABILITY
native,60,c/zab/zab.dat,340,0,455,True,DECLARED_OPOINT_NOT_RUNTIME_REACHABILITY
native,60,c/zab/zab.dat,342,0,602,True,DECLARED_OPOINT_NOT_RUNTIME_REACHABILITY
native,60,c/zab/zab.dat,351,0,602,True,DECLARED_OPOINT_NOT_RUNTIME_REACHABILITY
native,60,c/zab/zab.dat,352,0,602,True,DECLARED_OPOINT_NOT_RUNTIME_REACHABILITY
native,60,c/zab/zab.dat,353,0,602,True,DECLARED_OPOINT_NOT_RUNTIME_REACHABILITY
native,60,c/zab/zab.dat,365,0,602,True,DECLARED_OPOINT_NOT_RUNTIME_REACHABILITY
native,60,c/zab/zab.dat,372,0,602,True,DECLARED_OPOINT_NOT_RUNTIME_REACHABILITY
native,60,c/zab/zab.dat,373,0,602,True,DECLARED_OPOINT_NOT_RUNTIME_REACHABILITY
native,60,c/zab/zab.dat,376,1,602,True,DECLARED_OPOINT_NOT_RUNTIME_REACHABILITY
native,60,c/zab/zab.dat,378,0,602,True,DECLARED_OPOINT_NOT_RUNTIME_REACHABILITY
native,60,c/zab/zab.dat,388,0,602,True,DECLARED_OPOINT_NOT_RUNTIME_REACHABILITY
native,60,c/zab/zab.dat,396,0,602,True,DECLARED_OPOINT_NOT_RUNTIME_REACHABILITY
native,60,c/zab/zab.dat,408,0,602,True,DECLARED_OPOINT_NOT_RUNTIME_REACHABILITY
native,60,c/zab/zab.dat,434,1,602,True,DECLARED_OPOINT_NOT_RUNTIME_REACHABILITY
native,60,c/zab/zab.dat,435,0,49,True,DECLARED_OPOINT_NOT_RUNTIME_REACHABILITY
native,60,c/zab/zab.dat,436,0,49,True,DECLARED_OPOINT_NOT_RUNTIME_REACHABILITY
native,60,c/zab/zab.dat,438,1,602,True,DECLARED_OPOINT_NOT_RUNTIME_REACHABILITY
native,60,c/zab/zab.dat,451,1,602,True,DECLARED_OPOINT_NOT_RUNTIME_REACHABILITY
native,60,c/zab/zab.dat,459,0,602,True,DECLARED_OPOINT_NOT_RUNTIME_REACHABILITY
native,60,c/zab/zab.dat,471,1,602,True,DECLARED_OPOINT_NOT_RUNTIME_REACHABILITY
native,60,c/zab/zab.dat,511,0,602,True,DECLARED_OPOINT_NOT_RUNTIME_REACHABILITY
native,60,c/zab/zab.dat,602,1,900,True,DECLARED_OPOINT_NOT_RUNTIME_REACHABILITY
native,60,c/zab/zab.dat,631,1,204,True,DECLARED_OPOINT_NOT_RUNTIME_REACHABILITY
native,60,c/zab/zab.dat,641,1,204,True,DECLARED_OPOINT_NOT_RUNTIME_REACHABILITY
native,60,c/zab/zab.dat,671,0,602,True,DECLARED_OPOINT_NOT_RUNTIME_REACHABILITY
native,49,c/zab/clo.dat,61,0,602,True,DECLARED_OPOINT_NOT_RUNTIME_REACHABILITY
native,49,c/zab/clo.dat,71,0,602,True,DECLARED_OPOINT_NOT_RUNTIME_REACHABILITY
native,49,c/zab/clo.dat,86,0,602,True,DECLARED_OPOINT_NOT_RUNTIME_REACHABILITY
native,49,c/zab/clo.dat,91,0,602,True,DECLARED_OPOINT_NOT_RUNTIME_REACHABILITY
native,49,c/zab/clo.dat,221,0,602,True,DECLARED_OPOINT_NOT_RUNTIME_REACHABILITY
native,49,c/zab/clo.dat,223,0,602,True,DECLARED_OPOINT_NOT_RUNTIME_REACHABILITY
native,49,c/zab/clo.dat,227,0,602,True,DECLARED_OPOINT_NOT_RUNTIME_REACHABILITY
native,49,c/zab/clo.dat,300,0,602,True,DECLARED_OPOINT_NOT_RUNTIME_REACHABILITY
native,49,c/zab/clo.dat,311,0,602,True,DECLARED_OPOINT_NOT_RUNTIME_REACHABILITY
native,49,c/zab/clo.dat,342,0,602,True,DECLARED_OPOINT_NOT_RUNTIME_REACHABILITY
native,456,c/zab/dem.dat,26,1,602,True,DECLARED_OPOINT_NOT_RUNTIME_REACHABILITY
native,456,c/zab/dem.dat,29,1,602,True,DECLARED_OPOINT_NOT_RUNTIME_REACHABILITY
native,456,c/zab/dem.dat,32,0,602,True,DECLARED_OPOINT_NOT_RUNTIME_REACHABILITY
native,456,c/zab/dem.dat,39,1,208,True,DECLARED_OPOINT_NOT_RUNTIME_REACHABILITY
native,456,c/zab/dem.dat,61,0,602,True,DECLARED_OPOINT_NOT_RUNTIME_REACHABILITY
native,456,c/zab/dem.dat,71,0,602,True,DECLARED_OPOINT_NOT_RUNTIME_REACHABILITY
native,456,c/zab/dem.dat,86,0,602,True,DECLARED_OPOINT_NOT_RUNTIME_REACHABILITY
native,456,c/zab/dem.dat,91,0,602,True,DECLARED_OPOINT_NOT_RUNTIME_REACHABILITY
native,456,c/zab/dem.dat,119,0,602,True,DECLARED_OPOINT_NOT_RUNTIME_REACHABILITY
native,456,c/zab/dem.dat,123,0,616,True,DECLARED_OPOINT_NOT_RUNTIME_REACHABILITY
native,456,c/zab/dem.dat,124,0,616,True,DECLARED_OPOINT_NOT_RUNTIME_REACHABILITY
native,456,c/zab/dem.dat,126,0,602,True,DECLARED_OPOINT_NOT_RUNTIME_REACHABILITY
native,456,c/zab/dem.dat,128,0,616,True,DECLARED_OPOINT_NOT_RUNTIME_REACHABILITY
native,456,c/zab/dem.dat,129,0,616,True,DECLARED_OPOINT_NOT_RUNTIME_REACHABILITY
native,456,c/zab/dem.dat,221,0,602,True,DECLARED_OPOINT_NOT_RUNTIME_REACHABILITY
native,456,c/zab/dem.dat,223,0,602,True,DECLARED_OPOINT_NOT_RUNTIME_REACHABILITY
native,456,c/zab/dem.dat,227,0,602,True,DECLARED_OPOINT_NOT_RUNTIME_REACHABILITY
native,456,c/zab/dem.dat,233,0,602,True,DECLARED_OPOINT_NOT_RUNTIME_REACHABILITY
native,456,c/zab/dem.dat,236,0,602,True,DECLARED_OPOINT_NOT_RUNTIME_REACHABILITY
native,456,c/zab/dem.dat,238,0,204,True,DECLARED_OPOINT_NOT_RUNTIME_REACHABILITY
native,456,c/zab/dem.dat,246,0,602,True,DECLARED_OPOINT_NOT_RUNTIME_REACHABILITY
native,456,c/zab/dem.dat,247,0,816,True,DECLARED_OPOINT_NOT_RUNTIME_REACHABILITY
native,456,c/zab/dem.dat,257,0,602,True,DECLARED_OPOINT_NOT_RUNTIME_REACHABILITY
native,456,c/zab/dem.dat,262,1,602,True,DECLARED_OPOINT_NOT_RUNTIME_REACHABILITY
native,456,c/zab/dem.dat,267,1,602,True,DECLARED_OPOINT_NOT_RUNTIME_REACHABILITY
native,456,c/zab/dem.dat,271,0,123,True,DECLARED_OPOINT_NOT_RUNTIME_REACHABILITY
native,456,c/zab/dem.dat,272,0,204,True,DECLARED_OPOINT_NOT_RUNTIME_REACHABILITY
native,456,c/zab/dem.dat,281,0,602,True,DECLARED_OPOINT_NOT_RUNTIME_REACHABILITY
native,456,c/zab/dem.dat,306,0,602,True,DECLARED_OPOINT_NOT_RUNTIME_REACHABILITY
native,456,c/zab/dem.dat,311,0,616,True,DECLARED_OPOINT_NOT_RUNTIME_REACHABILITY
native,456,c/zab/dem.dat,319,0,602,True,DECLARED_OPOINT_NOT_RUNTIME_REACHABILITY
native,456,c/zab/dem.dat,327,0,602,True,DECLARED_OPOINT_NOT_RUNTIME_REACHABILITY
native,456,c/zab/dem.dat,333,0,602,True,DECLARED_OPOINT_NOT_RUNTIME_REACHABILITY
native,456,c/zab/dem.dat,339,0,602,True,DECLARED_OPOINT_NOT_RUNTIME_REACHABILITY
native,456,c/zab/dem.dat,340,0,455,True,DECLARED_OPOINT_NOT_RUNTIME_REACHABILITY
native,456,c/zab/dem.dat,342,0,602,True,DECLARED_OPOINT_NOT_RUNTIME_REACHABILITY
native,456,c/zab/dem.dat,351,0,602,True,DECLARED_OPOINT_NOT_RUNTIME_REACHABILITY
native,456,c/zab/dem.dat,352,0,602,True,DECLARED_OPOINT_NOT_RUNTIME_REACHABILITY
native,456,c/zab/dem.dat,353,0,602,True,DECLARED_OPOINT_NOT_RUNTIME_REACHABILITY
native,456,c/zab/dem.dat,365,0,602,True,DECLARED_OPOINT_NOT_RUNTIME_REACHABILITY
native,456,c/zab/dem.dat,372,0,602,True,DECLARED_OPOINT_NOT_RUNTIME_REACHABILITY
native,456,c/zab/dem.dat,373,0,602,True,DECLARED_OPOINT_NOT_RUNTIME_REACHABILITY
native,456,c/zab/dem.dat,376,1,602,True,DECLARED_OPOINT_NOT_RUNTIME_REACHABILITY
native,456,c/zab/dem.dat,378,0,602,True,DECLARED_OPOINT_NOT_RUNTIME_REACHABILITY
native,456,c/zab/dem.dat,388,0,602,True,DECLARED_OPOINT_NOT_RUNTIME_REACHABILITY
native,456,c/zab/dem.dat,396,0,602,True,DECLARED_OPOINT_NOT_RUNTIME_REACHABILITY
native,456,c/zab/dem.dat,402,0,846,True,DECLARED_OPOINT_NOT_RUNTIME_REACHABILITY
native,456,c/zab/dem.dat,408,0,602,True,DECLARED_OPOINT_NOT_RUNTIME_REACHABILITY
native,456,c/zab/dem.dat,434,1,602,True,DECLARED_OPOINT_NOT_RUNTIME_REACHABILITY
native,456,c/zab/dem.dat,435,0,49,True,DECLARED_OPOINT_NOT_RUNTIME_REACHABILITY
native,456,c/zab/dem.dat,436,0,49,True,DECLARED_OPOINT_NOT_RUNTIME_REACHABILITY
native,456,c/zab/dem.dat,438,1,602,True,DECLARED_OPOINT_NOT_RUNTIME_REACHABILITY
native,456,c/zab/dem.dat,451,1,602,True,DECLARED_OPOINT_NOT_RUNTIME_REACHABILITY
native,456,c/zab/dem.dat,469,0,602,True,DECLARED_OPOINT_NOT_RUNTIME_REACHABILITY
native,456,c/zab/dem.dat,471,1,602,True,DECLARED_OPOINT_NOT_RUNTIME_REACHABILITY
native,456,c/zab/dem.dat,511,0,602,True,DECLARED_OPOINT_NOT_RUNTIME_REACHABILITY
native,456,c/zab/dem.dat,602,1,900,True,DECLARED_OPOINT_NOT_RUNTIME_REACHABILITY
native,456,c/zab/dem.dat,631,1,204,True,DECLARED_OPOINT_NOT_RUNTIME_REACHABILITY
native,456,c/zab/dem.dat,641,1,204,True,DECLARED_OPOINT_NOT_RUNTIME_REACHABILITY
native,456,c/zab/dem.dat,671,0,602,True,DECLARED_OPOINT_NOT_RUNTIME_REACHABILITY
native,602,c/zab/a/zab.dat,91,0,602,True,DECLARED_OPOINT_NOT_RUNTIME_REACHABILITY
native,602,c/zab/a/zab.dat,92,0,602,True,DECLARED_OPOINT_NOT_RUNTIME_REACHABILITY
native,602,c/zab/a/zab.dat,96,0,602,True,DECLARED_OPOINT_NOT_RUNTIME_REACHABILITY
native,602,c/zab/a/zab.dat,325,0,602,True,DECLARED_OPOINT_NOT_RUNTIME_REACHABILITY
native,602,c/zab/a/zab.dat,362,0,602,True,DECLARED_OPOINT_NOT_RUNTIME_REACHABILITY
native,455,c/zab/a/dra.dat,30,0,455,True,DECLARED_OPOINT_NOT_RUNTIME_REACHABILITY
native,455,c/zab/a/dra.dat,51,0,455,True,DECLARED_OPOINT_NOT_RUNTIME_REACHABILITY
native,455,c/zab/a/dra.dat,61,0,455,True,DECLARED_OPOINT_NOT_RUNTIME_REACHABILITY
native,74,c/sui/sui.dat,46,0,421,True,DECLARED_OPOINT_NOT_RUNTIME_REACHABILITY
native,74,c/sui/sui.dat,61,0,421,True,DECLARED_OPOINT_NOT_RUNTIME_REACHABILITY
native,74,c/sui/sui.dat,66,0,421,True,DECLARED_OPOINT_NOT_RUNTIME_REACHABILITY
native,74,c/sui/sui.dat,71,0,421,True,DECLARED_OPOINT_NOT_RUNTIME_REACHABILITY
native,74,c/sui/sui.dat,87,1,421,True,DECLARED_OPOINT_NOT_RUNTIME_REACHABILITY
native,74,c/sui/sui.dat,88,0,421,True,DECLARED_OPOINT_NOT_RUNTIME_REACHABILITY
native,74,c/sui/sui.dat,91,0,421,True,DECLARED_OPOINT_NOT_RUNTIME_REACHABILITY
native,74,c/sui/sui.dat,103,0,421,True,DECLARED_OPOINT_NOT_RUNTIME_REACHABILITY
native,74,c/sui/sui.dat,125,0,123,True,DECLARED_OPOINT_NOT_RUNTIME_REACHABILITY
native,74,c/sui/sui.dat,126,0,204,True,DECLARED_OPOINT_NOT_RUNTIME_REACHABILITY
native,74,c/sui/sui.dat,150,0,421,True,DECLARED_OPOINT_NOT_RUNTIME_REACHABILITY
native,74,c/sui/sui.dat,151,0,421,True,DECLARED_OPOINT_NOT_RUNTIME_REACHABILITY
native,74,c/sui/sui.dat,153,0,421,True,DECLARED_OPOINT_NOT_RUNTIME_REACHABILITY
native,74,c/sui/sui.dat,153,1,421,True,DECLARED_OPOINT_NOT_RUNTIME_REACHABILITY
native,74,c/sui/sui.dat,154,0,921,False,DECLARED_OPOINT_NOT_RUNTIME_REACHABILITY
native,74,c/sui/sui.dat,158,0,421,True,DECLARED_OPOINT_NOT_RUNTIME_REACHABILITY
native,74,c/sui/sui.dat,161,0,421,True,DECLARED_OPOINT_NOT_RUNTIME_REACHABILITY
native,74,c/sui/sui.dat,166,0,421,True,DECLARED_OPOINT_NOT_RUNTIME_REACHABILITY
native,74,c/sui/sui.dat,170,0,616,True,DECLARED_OPOINT_NOT_RUNTIME_REACHABILITY
native,74,c/sui/sui.dat,178,0,421,True,DECLARED_OPOINT_NOT_RUNTIME_REACHABILITY
native,74,c/sui/sui.dat,236,0,421,True,DECLARED_OPOINT_NOT_RUNTIME_REACHABILITY
native,74,c/sui/sui.dat,238,0,204,True,DECLARED_OPOINT_NOT_RUNTIME_REACHABILITY
native,74,c/sui/sui.dat,252,1,421,True,DECLARED_OPOINT_NOT_RUNTIME_REACHABILITY
native,74,c/sui/sui.dat,255,1,421,True,DECLARED_OPOINT_NOT_RUNTIME_REACHABILITY
native,74,c/sui/sui.dat,257,0,421,True,DECLARED_OPOINT_NOT_RUNTIME_REACHABILITY
native,74,c/sui/sui.dat,259,1,421,True,DECLARED_OPOINT_NOT_RUNTIME_REACHABILITY
native,74,c/sui/sui.dat,262,0,421,True,DECLARED_OPOINT_NOT_RUNTIME_REACHABILITY
native,74,c/sui/sui.dat,267,0,816,True,DECLARED_OPOINT_NOT_RUNTIME_REACHABILITY
native,74,c/sui/sui.dat,277,0,816,True,DECLARED_OPOINT_NOT_RUNTIME_REACHABILITY
native,74,c/sui/sui.dat,283,1,421,True,DECLARED_OPOINT_NOT_RUNTIME_REACHABILITY
native,74,c/sui/sui.dat,284,1,421,True,DECLARED_OPOINT_NOT_RUNTIME_REACHABILITY
native,74,c/sui/sui.dat,287,1,421,True,DECLARED_OPOINT_NOT_RUNTIME_REACHABILITY
native,74,c/sui/sui.dat,288,0,421,True,DECLARED_OPOINT_NOT_RUNTIME_REACHABILITY
native,74,c/sui/sui.dat,296,0,421,True,DECLARED_OPOINT_NOT_RUNTIME_REACHABILITY
native,74,c/sui/sui.dat,296,1,421,True,DECLARED_OPOINT_NOT_RUNTIME_REACHABILITY
native,74,c/sui/sui.dat,297,0,421,True,DECLARED_OPOINT_NOT_RUNTIME_REACHABILITY
native,74,c/sui/sui.dat,307,1,421,True,DECLARED_OPOINT_NOT_RUNTIME_REACHABILITY
native,74,c/sui/sui.dat,311,0,421,True,DECLARED_OPOINT_NOT_RUNTIME_REACHABILITY
native,74,c/sui/sui.dat,314,1,421,True,DECLARED_OPOINT_NOT_RUNTIME_REACHABILITY
native,74,c/sui/sui.dat,316,1,421,True,DECLARED_OPOINT_NOT_RUNTIME_REACHABILITY
native,74,c/sui/sui.dat,318,1,421,True,DECLARED_OPOINT_NOT_RUNTIME_REACHABILITY
native,74,c/sui/sui.dat,320,1,421,True,DECLARED_OPOINT_NOT_RUNTIME_REACHABILITY
native,74,c/sui/sui.dat,322,1,421,True,DECLARED_OPOINT_NOT_RUNTIME_REACHABILITY
native,74,c/sui/sui.dat,323,0,421,True,DECLARED_OPOINT_NOT_RUNTIME_REACHABILITY
native,74,c/sui/sui.dat,326,1,421,True,DECLARED_OPOINT_NOT_RUNTIME_REACHABILITY
native,74,c/sui/sui.dat,326,2,421,True,DECLARED_OPOINT_NOT_RUNTIME_REACHABILITY
native,74,c/sui/sui.dat,329,1,421,True,DECLARED_OPOINT_NOT_RUNTIME_REACHABILITY
native,74,c/sui/sui.dat,332,0,421,True,DECLARED_OPOINT_NOT_RUNTIME_REACHABILITY
native,74,c/sui/sui.dat,340,1,421,True,DECLARED_OPOINT_NOT_RUNTIME_REACHABILITY
native,74,c/sui/sui.dat,340,2,421,True,DECLARED_OPOINT_NOT_RUNTIME_REACHABILITY
native,74,c/sui/sui.dat,342,1,421,True,DECLARED_OPOINT_NOT_RUNTIME_REACHABILITY
native,74,c/sui/sui.dat,345,0,421,True,DECLARED_OPOINT_NOT_RUNTIME_REACHABILITY
native,74,c/sui/sui.dat,345,1,421,True,DECLARED_OPOINT_NOT_RUNTIME_REACHABILITY
native,74,c/sui/sui.dat,346,0,421,True,DECLARED_OPOINT_NOT_RUNTIME_REACHABILITY
native,74,c/sui/sui.dat,356,1,421,True,DECLARED_OPOINT_NOT_RUNTIME_REACHABILITY
native,74,c/sui/sui.dat,361,1,421,True,DECLARED_OPOINT_NOT_RUNTIME_REACHABILITY
native,74,c/sui/sui.dat,366,0,421,True,DECLARED_OPOINT_NOT_RUNTIME_REACHABILITY
native,74,c/sui/sui.dat,366,1,421,True,DECLARED_OPOINT_NOT_RUNTIME_REACHABILITY
native,74,c/sui/sui.dat,369,0,421,True,DECLARED_OPOINT_NOT_RUNTIME_REACHABILITY
native,74,c/sui/sui.dat,378,1,421,True,DECLARED_OPOINT_NOT_RUNTIME_REACHABILITY
native,74,c/sui/sui.dat,458,0,421,True,DECLARED_OPOINT_NOT_RUNTIME_REACHABILITY
native,74,c/sui/sui.dat,460,0,421,True,DECLARED_OPOINT_NOT_RUNTIME_REACHABILITY
native,74,c/sui/sui.dat,602,1,900,True,DECLARED_OPOINT_NOT_RUNTIME_REACHABILITY
native,74,c/sui/sui.dat,620,0,421,True,DECLARED_OPOINT_NOT_RUNTIME_REACHABILITY
native,74,c/sui/sui.dat,631,1,204,True,DECLARED_OPOINT_NOT_RUNTIME_REACHABILITY
native,74,c/sui/sui.dat,641,1,204,True,DECLARED_OPOINT_NOT_RUNTIME_REACHABILITY
native,74,c/sui/sui.dat,666,0,421,True,DECLARED_OPOINT_NOT_RUNTIME_REACHABILITY
native,421,c/sui/a/atk.dat,66,0,421,True,DECLARED_OPOINT_NOT_RUNTIME_REACHABILITY
native,421,c/sui/a/atk.dat,247,0,421,True,DECLARED_OPOINT_NOT_RUNTIME_REACHABILITY
native,421,c/sui/a/atk.dat,248,0,421,True,DECLARED_OPOINT_NOT_RUNTIME_REACHABILITY
native,421,c/sui/a/atk.dat,249,0,421,True,DECLARED_OPOINT_NOT_RUNTIME_REACHABILITY
native,421,c/sui/a/atk.dat,250,0,421,True,DECLARED_OPOINT_NOT_RUNTIME_REACHABILITY
native,421,c/sui/a/atk.dat,252,0,421,True,DECLARED_OPOINT_NOT_RUNTIME_REACHABILITY
native,421,c/sui/a/atk.dat,308,0,421,True,DECLARED_OPOINT_NOT_RUNTIME_REACHABILITY
native,421,c/sui/a/atk.dat,355,0,421,True,DECLARED_OPOINT_NOT_RUNTIME_REACHABILITY
native,77,c/kar/kar.dat,46,0,314,True,DECLARED_OPOINT_NOT_RUNTIME_REACHABILITY
native,77,c/kar/kar.dat,61,0,314,True,DECLARED_OPOINT_NOT_RUNTIME_REACHABILITY
native,77,c/kar/kar.dat,66,0,314,True,DECLARED_OPOINT_NOT_RUNTIME_REACHABILITY
native,77,c/kar/kar.dat,78,0,314,True,DECLARED_OPOINT_NOT_RUNTIME_REACHABILITY
native,77,c/kar/kar.dat,82,0,314,True,DECLARED_OPOINT_NOT_RUNTIME_REACHABILITY
native,77,c/kar/kar.dat,91,0,314,True,DECLARED_OPOINT_NOT_RUNTIME_REACHABILITY
native,77,c/kar/kar.dat,125,0,123,True,DECLARED_OPOINT_NOT_RUNTIME_REACHABILITY
native,77,c/kar/kar.dat,126,0,204,True,DECLARED_OPOINT_NOT_RUNTIME_REACHABILITY
native,77,c/kar/kar.dat,162,0,314,True,DECLARED_OPOINT_NOT_RUNTIME_REACHABILITY
native,77,c/kar/kar.dat,221,0,314,True,DECLARED_OPOINT_NOT_RUNTIME_REACHABILITY
native,77,c/kar/kar.dat,223,0,314,True,DECLARED_OPOINT_NOT_RUNTIME_REACHABILITY
native,77,c/kar/kar.dat,236,0,204,True,DECLARED_OPOINT_NOT_RUNTIME_REACHABILITY
native,77,c/kar/kar.dat,238,0,204,True,DECLARED_OPOINT_NOT_RUNTIME_REACHABILITY
native,77,c/kar/kar.dat,255,3,314,True,DECLARED_OPOINT_NOT_RUNTIME_REACHABILITY
native,77,c/kar/kar.dat,255,4,314,True,DECLARED_OPOINT_NOT_RUNTIME_REACHABILITY
native,77,c/kar/kar.dat,255,5,314,True,DECLARED_OPOINT_NOT_RUNTIME_REACHABILITY
native,77,c/kar/kar.dat,267,1,314,True,DECLARED_OPOINT_NOT_RUNTIME_REACHABILITY
native,77,c/kar/kar.dat,268,1,314,True,DECLARED_OPOINT_NOT_RUNTIME_REACHABILITY
native,77,c/kar/kar.dat,270,0,314,True,DECLARED_OPOINT_NOT_RUNTIME_REACHABILITY
native,77,c/kar/kar.dat,278,0,314,True,DECLARED_OPOINT_NOT_RUNTIME_REACHABILITY
native,77,c/kar/kar.dat,283,3,77,True,DECLARED_OPOINT_NOT_RUNTIME_REACHABILITY
native,77,c/kar/kar.dat,283,4,314,True,DECLARED_OPOINT_NOT_RUNTIME_REACHABILITY
native,77,c/kar/kar.dat,287,3,77,True,DECLARED_OPOINT_NOT_RUNTIME_REACHABILITY
native,77,c/kar/kar.dat,287,4,314,True,DECLARED_OPOINT_NOT_RUNTIME_REACHABILITY
native,77,c/kar/kar.dat,292,3,314,True,DECLARED_OPOINT_NOT_RUNTIME_REACHABILITY
native,77,c/kar/kar.dat,292,4,77,True,DECLARED_OPOINT_NOT_RUNTIME_REACHABILITY
native,77,c/kar/kar.dat,434,0,315,True,DECLARED_OPOINT_NOT_RUNTIME_REACHABILITY
native,77,c/kar/kar.dat,444,0,316,True,DECLARED_OPOINT_NOT_RUNTIME_REACHABILITY
native,77,c/kar/kar.dat,454,0,317,True,DECLARED_OPOINT_NOT_RUNTIME_REACHABILITY
native,77,c/kar/kar.dat,362,0,77,True,DECLARED_OPOINT_NOT_RUNTIME_REACHABILITY
native,77,c/kar/kar.dat,362,1,314,True,DECLARED_OPOINT_NOT_RUNTIME_REACHABILITY
native,77,c/kar/kar.dat,366,0,314,True,DECLARED_OPOINT_NOT_RUNTIME_REACHABILITY
native,77,c/kar/kar.dat,366,1,77,True,DECLARED_OPOINT_NOT_RUNTIME_REACHABILITY
native,77,c/kar/kar.dat,371,0,314,True,DECLARED_OPOINT_NOT_RUNTIME_REACHABILITY
native,77,c/kar/kar.dat,371,1,77,True,DECLARED_OPOINT_NOT_RUNTIME_REACHABILITY
native,77,c/kar/kar.dat,406,0,314,True,DECLARED_OPOINT_NOT_RUNTIME_REACHABILITY
native,77,c/kar/kar.dat,404,0,315,True,DECLARED_OPOINT_NOT_RUNTIME_REACHABILITY
native,77,c/kar/kar.dat,414,0,316,True,DECLARED_OPOINT_NOT_RUNTIME_REACHABILITY
native,77,c/kar/kar.dat,424,0,317,True,DECLARED_OPOINT_NOT_RUNTIME_REACHABILITY
native,77,c/kar/kar.dat,312,0,314,True,DECLARED_OPOINT_NOT_RUNTIME_REACHABILITY
native,77,c/kar/kar.dat,312,1,77,True,DECLARED_OPOINT_NOT_RUNTIME_REACHABILITY
native,77,c/kar/kar.dat,316,0,314,True,DECLARED_OPOINT_NOT_RUNTIME_REACHABILITY
native,77,c/kar/kar.dat,316,1,77,True,DECLARED_OPOINT_NOT_RUNTIME_REACHABILITY
native,77,c/kar/kar.dat,321,0,314,True,DECLARED_OPOINT_NOT_RUNTIME_REACHABILITY
native,77,c/kar/kar.dat,321,1,77,True,DECLARED_OPOINT_NOT_RUNTIME_REACHABILITY
native,77,c/kar/kar.dat,330,3,314,True,DECLARED_OPOINT_NOT_RUNTIME_REACHABILITY
native,77,c/kar/kar.dat,394,0,314,True,DECLARED_OPOINT_NOT_RUNTIME_REACHABILITY
native,77,c/kar/kar.dat,386,0,314,True,DECLARED_OPOINT_NOT_RUNTIME_REACHABILITY
native,77,c/kar/kar.dat,417,1,314,True,DECLARED_OPOINT_NOT_RUNTIME_REACHABILITY
native,77,c/kar/kar.dat,304,0,314,True,DECLARED_OPOINT_NOT_RUNTIME_REACHABILITY
native,77,c/kar/kar.dat,306,0,314,True,DECLARED_OPOINT_NOT_RUNTIME_REACHABILITY
native,77,c/kar/kar.dat,685,3,314,True,DECLARED_OPOINT_NOT_RUNTIME_REACHABILITY
native,77,c/kar/kar.dat,686,3,314,True,DECLARED_OPOINT_NOT_RUNTIME_REACHABILITY
native,77,c/kar/kar.dat,602,1,900,True,DECLARED_OPOINT_NOT_RUNTIME_REACHABILITY
native,77,c/kar/kar.dat,631,1,204,True,DECLARED_OPOINT_NOT_RUNTIME_REACHABILITY
native,77,c/kar/kar.dat,641,1,204,True,DECLARED_OPOINT_NOT_RUNTIME_REACHABILITY
native,77,c/kar/kar.dat,666,0,314,True,DECLARED_OPOINT_NOT_RUNTIME_REACHABILITY
native,314,c/kar/a/cha.dat,41,0,314,True,DECLARED_OPOINT_NOT_RUNTIME_REACHABILITY
native,314,c/kar/a/cha.dat,61,0,314,True,DECLARED_OPOINT_NOT_RUNTIME_REACHABILITY
native,314,c/kar/a/cha.dat,61,1,314,True,DECLARED_OPOINT_NOT_RUNTIME_REACHABILITY
native,314,c/kar/a/cha.dat,93,0,314,True,DECLARED_OPOINT_NOT_RUNTIME_REACHABILITY
native,314,c/kar/a/cha.dat,401,0,314,True,DECLARED_OPOINT_NOT_RUNTIME_REACHABILITY
native,315,c/kar/a/sas.dat,31,1,315,True,DECLARED_OPOINT_NOT_RUNTIME_REACHABILITY
native,315,c/kar/a/sas.dat,32,0,315,True,DECLARED_OPOINT_NOT_RUNTIME_REACHABILITY
native,315,c/kar/a/sas.dat,44,3,315,True,DECLARED_OPOINT_NOT_RUNTIME_REACHABILITY
native,315,c/kar/a/sas.dat,50,3,315,True,DECLARED_OPOINT_NOT_RUNTIME_REACHABILITY
native,315,c/kar/a/sas.dat,60,0,204,True,DECLARED_OPOINT_NOT_RUNTIME_REACHABILITY
native,315,c/kar/a/sas.dat,62,0,806,True,DECLARED_OPOINT_NOT_RUNTIME_REACHABILITY
native,315,c/kar/a/sas.dat,63,0,806,True,DECLARED_OPOINT_NOT_RUNTIME_REACHABILITY
native,315,c/kar/a/sas.dat,64,0,806,True,DECLARED_OPOINT_NOT_RUNTIME_REACHABILITY
native,315,c/kar/a/sas.dat,66,0,315,True,DECLARED_OPOINT_NOT_RUNTIME_REACHABILITY
native,315,c/kar/a/sas.dat,71,0,440,True,DECLARED_OPOINT_NOT_RUNTIME_REACHABILITY
native,315,c/kar/a/sas.dat,72,0,440,True,DECLARED_OPOINT_NOT_RUNTIME_REACHABILITY
native,315,c/kar/a/sas.dat,91,3,315,True,DECLARED_OPOINT_NOT_RUNTIME_REACHABILITY
native,315,c/kar/a/sas.dat,94,0,440,True,DECLARED_OPOINT_NOT_RUNTIME_REACHABILITY
native,315,c/kar/a/sas.dat,95,0,605,True,DECLARED_OPOINT_NOT_RUNTIME_REACHABILITY
native,315,c/kar/a/sas.dat,96,0,605,True,DECLARED_OPOINT_NOT_RUNTIME_REACHABILITY
native,315,c/kar/a/sas.dat,97,0,605,True,DECLARED_OPOINT_NOT_RUNTIME_REACHABILITY
native,315,c/kar/a/sas.dat,124,3,315,True,DECLARED_OPOINT_NOT_RUNTIME_REACHABILITY
native,315,c/kar/a/sas.dat,124,4,314,True,DECLARED_OPOINT_NOT_RUNTIME_REACHABILITY
native,315,c/kar/a/sas.dat,128,0,806,True,DECLARED_OPOINT_NOT_RUNTIME_REACHABILITY
native,315,c/kar/a/sas.dat,130,0,315,True,DECLARED_OPOINT_NOT_RUNTIME_REACHABILITY
native,315,c/kar/a/sas.dat,602,0,314,True,DECLARED_OPOINT_NOT_RUNTIME_REACHABILITY
native,316,c/kar/a/jug.dat,31,1,316,True,DECLARED_OPOINT_NOT_RUNTIME_REACHABILITY
native,316,c/kar/a/jug.dat,32,0,316,True,DECLARED_OPOINT_NOT_RUNTIME_REACHABILITY
native,316,c/kar/a/jug.dat,66,1,316,True,DECLARED_OPOINT_NOT_RUNTIME_REACHABILITY
native,316,c/kar/a/jug.dat,67,0,316,True,DECLARED_OPOINT_NOT_RUNTIME_REACHABILITY
native,316,c/kar/a/jug.dat,50,0,316,True,DECLARED_OPOINT_NOT_RUNTIME_REACHABILITY
native,316,c/kar/a/jug.dat,93,0,316,True,DECLARED_OPOINT_NOT_RUNTIME_REACHABILITY
native,316,c/kar/a/jug.dat,124,3,316,True,DECLARED_OPOINT_NOT_RUNTIME_REACHABILITY
native,316,c/kar/a/jug.dat,129,3,208,True,DECLARED_OPOINT_NOT_RUNTIME_REACHABILITY
native,316,c/kar/a/jug.dat,131,0,316,True,DECLARED_OPOINT_NOT_RUNTIME_REACHABILITY
native,317,c/kar/a/sui.dat,31,1,317,True,DECLARED_OPOINT_NOT_RUNTIME_REACHABILITY
native,317,c/kar/a/sui.dat,32,0,317,True,DECLARED_OPOINT_NOT_RUNTIME_REACHABILITY
native,317,c/kar/a/sui.dat,66,0,317,True,DECLARED_OPOINT_NOT_RUNTIME_REACHABILITY
native,317,c/kar/a/sui.dat,44,4,317,True,DECLARED_OPOINT_NOT_RUNTIME_REACHABILITY
native,317,c/kar/a/sui.dat,50,4,317,True,DECLARED_OPOINT_NOT_RUNTIME_REACHABILITY
native,317,c/kar/a/sui.dat,296,1,421,True,DECLARED_OPOINT_NOT_RUNTIME_REACHABILITY
native,317,c/kar/a/sui.dat,297,1,421,True,DECLARED_OPOINT_NOT_RUNTIME_REACHABILITY
native,317,c/kar/a/sui.dat,307,1,421,True,DECLARED_OPOINT_NOT_RUNTIME_REACHABILITY
native,317,c/kar/a/sui.dat,124,3,317,True,DECLARED_OPOINT_NOT_RUNTIME_REACHABILITY
native,317,c/kar/a/sui.dat,315,3,421,True,DECLARED_OPOINT_NOT_RUNTIME_REACHABILITY
native,317,c/kar/a/sui.dat,317,0,317,True,DECLARED_OPOINT_NOT_RUNTIME_REACHABILITY
native,71,c/jug/jugo.dat,61,0,402,True,DECLARED_OPOINT_NOT_RUNTIME_REACHABILITY
native,71,c/jug/jugo.dat,66,0,402,True,DECLARED_OPOINT_NOT_RUNTIME_REACHABILITY
native,71,c/jug/jugo.dat,71,0,402,True,DECLARED_OPOINT_NOT_RUNTIME_REACHABILITY
native,71,c/jug/jugo.dat,471,0,402,True,DECLARED_OPOINT_NOT_RUNTIME_REACHABILITY
native,71,c/jug/jugo.dat,92,0,402,True,DECLARED_OPOINT_NOT_RUNTIME_REACHABILITY
native,71,c/jug/jugo.dat,103,0,402,True,DECLARED_OPOINT_NOT_RUNTIME_REACHABILITY
native,71,c/jug/jugo.dat,125,0,123,True,DECLARED_OPOINT_NOT_RUNTIME_REACHABILITY
native,71,c/jug/jugo.dat,126,0,204,True,DECLARED_OPOINT_NOT_RUNTIME_REACHABILITY
native,71,c/jug/jugo.dat,146,0,204,True,DECLARED_OPOINT_NOT_RUNTIME_REACHABILITY
native,71,c/jug/jugo.dat,172,0,402,True,DECLARED_OPOINT_NOT_RUNTIME_REACHABILITY
native,71,c/jug/jugo.dat,221,0,402,True,DECLARED_OPOINT_NOT_RUNTIME_REACHABILITY
native,71,c/jug/jugo.dat,223,0,402,True,DECLARED_OPOINT_NOT_RUNTIME_REACHABILITY
native,71,c/jug/jugo.dat,236,0,204,True,DECLARED_OPOINT_NOT_RUNTIME_REACHABILITY
native,71,c/jug/jugo.dat,238,0,204,True,DECLARED_OPOINT_NOT_RUNTIME_REACHABILITY
native,71,c/jug/jugo.dat,253,0,402,True,DECLARED_OPOINT_NOT_RUNTIME_REACHABILITY
native,71,c/jug/jugo.dat,254,0,402,True,DECLARED_OPOINT_NOT_RUNTIME_REACHABILITY
native,71,c/jug/jugo.dat,261,0,402,True,DECLARED_OPOINT_NOT_RUNTIME_REACHABILITY
native,71,c/jug/jugo.dat,268,0,402,True,DECLARED_OPOINT_NOT_RUNTIME_REACHABILITY
native,71,c/jug/jugo.dat,270,0,402,True,DECLARED_OPOINT_NOT_RUNTIME_REACHABILITY
native,71,c/jug/jugo.dat,304,0,402,True,DECLARED_OPOINT_NOT_RUNTIME_REACHABILITY
native,71,c/jug/jugo.dat,308,0,402,True,DECLARED_OPOINT_NOT_RUNTIME_REACHABILITY
native,71,c/jug/jugo.dat,285,0,402,True,DECLARED_OPOINT_NOT_RUNTIME_REACHABILITY
native,71,c/jug/jugo.dat,285,1,402,True,DECLARED_OPOINT_NOT_RUNTIME_REACHABILITY
native,71,c/jug/jugo.dat,297,0,402,True,DECLARED_OPOINT_NOT_RUNTIME_REACHABILITY
native,71,c/jug/jugo.dat,298,0,402,True,DECLARED_OPOINT_NOT_RUNTIME_REACHABILITY
native,71,c/jug/jugo.dat,317,0,208,True,DECLARED_OPOINT_NOT_RUNTIME_REACHABILITY
native,71,c/jug/jugo.dat,351,0,402,True,DECLARED_OPOINT_NOT_RUNTIME_REACHABILITY
native,71,c/jug/jugo.dat,362,0,402,True,DECLARED_OPOINT_NOT_RUNTIME_REACHABILITY
native,71,c/jug/jugo.dat,373,0,402,True,DECLARED_OPOINT_NOT_RUNTIME_REACHABILITY
native,71,c/jug/jugo.dat,754,0,402,True,DECLARED_OPOINT_NOT_RUNTIME_REACHABILITY
native,71,c/jug/jugo.dat,602,0,900,True,DECLARED_OPOINT_NOT_RUNTIME_REACHABILITY
native,71,c/jug/jugo.dat,620,0,402,True,DECLARED_OPOINT_NOT_RUNTIME_REACHABILITY
native,71,c/jug/jugo.dat,631,0,204,True,DECLARED_OPOINT_NOT_RUNTIME_REACHABILITY
native,71,c/jug/jugo.dat,641,0,204,True,DECLARED_OPOINT_NOT_RUNTIME_REACHABILITY
native,71,c/jug/jugo.dat,666,0,402,True,DECLARED_OPOINT_NOT_RUNTIME_REACHABILITY
native,400,c/jug/jugoCS2.dat,61,0,402,True,DECLARED_OPOINT_NOT_RUNTIME_REACHABILITY
native,400,c/jug/jugoCS2.dat,66,0,402,True,DECLARED_OPOINT_NOT_RUNTIME_REACHABILITY
native,400,c/jug/jugoCS2.dat,71,0,402,True,DECLARED_OPOINT_NOT_RUNTIME_REACHABILITY
native,400,c/jug/jugoCS2.dat,481,0,402,True,DECLARED_OPOINT_NOT_RUNTIME_REACHABILITY
native,400,c/jug/jugoCS2.dat,92,0,402,True,DECLARED_OPOINT_NOT_RUNTIME_REACHABILITY
native,400,c/jug/jugoCS2.dat,103,0,402,True,DECLARED_OPOINT_NOT_RUNTIME_REACHABILITY
native,400,c/jug/jugoCS2.dat,125,0,123,True,DECLARED_OPOINT_NOT_RUNTIME_REACHABILITY
native,400,c/jug/jugoCS2.dat,126,0,204,True,DECLARED_OPOINT_NOT_RUNTIME_REACHABILITY
native,400,c/jug/jugoCS2.dat,146,0,204,True,DECLARED_OPOINT_NOT_RUNTIME_REACHABILITY
native,400,c/jug/jugoCS2.dat,172,0,402,True,DECLARED_OPOINT_NOT_RUNTIME_REACHABILITY
native,400,c/jug/jugoCS2.dat,221,0,402,True,DECLARED_OPOINT_NOT_RUNTIME_REACHABILITY
native,400,c/jug/jugoCS2.dat,223,0,402,True,DECLARED_OPOINT_NOT_RUNTIME_REACHABILITY
native,400,c/jug/jugoCS2.dat,236,0,204,True,DECLARED_OPOINT_NOT_RUNTIME_REACHABILITY
native,400,c/jug/jugoCS2.dat,238,0,204,True,DECLARED_OPOINT_NOT_RUNTIME_REACHABILITY
native,400,c/jug/jugoCS2.dat,466,0,402,True,DECLARED_OPOINT_NOT_RUNTIME_REACHABILITY
native,400,c/jug/jugoCS2.dat,253,0,402,True,DECLARED_OPOINT_NOT_RUNTIME_REACHABILITY
native,400,c/jug/jugoCS2.dat,254,0,402,True,DECLARED_OPOINT_NOT_RUNTIME_REACHABILITY
native,400,c/jug/jugoCS2.dat,262,0,402,True,DECLARED_OPOINT_NOT_RUNTIME_REACHABILITY
native,400,c/jug/jugoCS2.dat,268,0,402,True,DECLARED_OPOINT_NOT_RUNTIME_REACHABILITY
native,400,c/jug/jugoCS2.dat,270,0,402,True,DECLARED_OPOINT_NOT_RUNTIME_REACHABILITY
native,400,c/jug/jugoCS2.dat,295,0,402,True,DECLARED_OPOINT_NOT_RUNTIME_REACHABILITY
native,400,c/jug/jugoCS2.dat,304,0,402,True,DECLARED_OPOINT_NOT_RUNTIME_REACHABILITY
native,400,c/jug/jugoCS2.dat,306,0,402,True,DECLARED_OPOINT_NOT_RUNTIME_REACHABILITY
native,400,c/jug/jugoCS2.dat,308,0,402,True,DECLARED_OPOINT_NOT_RUNTIME_REACHABILITY
native,400,c/jug/jugoCS2.dat,285,0,402,True,DECLARED_OPOINT_NOT_RUNTIME_REACHABILITY
native,400,c/jug/jugoCS2.dat,285,1,402,True,DECLARED_OPOINT_NOT_RUNTIME_REACHABILITY
native,400,c/jug/jugoCS2.dat,297,0,402,True,DECLARED_OPOINT_NOT_RUNTIME_REACHABILITY
native,400,c/jug/jugoCS2.dat,298,0,402,True,DECLARED_OPOINT_NOT_RUNTIME_REACHABILITY
native,400,c/jug/jugoCS2.dat,788,0,402,True,DECLARED_OPOINT_NOT_RUNTIME_REACHABILITY
native,400,c/jug/jugoCS2.dat,311,0,402,True,DECLARED_OPOINT_NOT_RUNTIME_REACHABILITY
native,400,c/jug/jugoCS2.dat,317,0,208,True,DECLARED_OPOINT_NOT_RUNTIME_REACHABILITY
native,400,c/jug/jugoCS2.dat,351,0,402,True,DECLARED_OPOINT_NOT_RUNTIME_REACHABILITY
native,400,c/jug/jugoCS2.dat,362,0,402,True,DECLARED_OPOINT_NOT_RUNTIME_REACHABILITY
native,400,c/jug/jugoCS2.dat,373,0,402,True,DECLARED_OPOINT_NOT_RUNTIME_REACHABILITY
native,400,c/jug/jugoCS2.dat,402,0,846,True,DECLARED_OPOINT_NOT_RUNTIME_REACHABILITY
native,400,c/jug/jugoCS2.dat,751,0,402,True,DECLARED_OPOINT_NOT_RUNTIME_REACHABILITY
native,400,c/jug/jugoCS2.dat,758,0,402,True,DECLARED_OPOINT_NOT_RUNTIME_REACHABILITY
native,400,c/jug/jugoCS2.dat,602,0,900,True,DECLARED_OPOINT_NOT_RUNTIME_REACHABILITY
native,400,c/jug/jugoCS2.dat,620,0,402,True,DECLARED_OPOINT_NOT_RUNTIME_REACHABILITY
native,400,c/jug/jugoCS2.dat,631,0,204,True,DECLARED_OPOINT_NOT_RUNTIME_REACHABILITY
native,400,c/jug/jugoCS2.dat,641,0,204,True,DECLARED_OPOINT_NOT_RUNTIME_REACHABILITY
native,400,c/jug/jugoCS2.dat,666,0,402,True,DECLARED_OPOINT_NOT_RUNTIME_REACHABILITY
native,402,c/jug/a/pao.dat,31,0,402,True,DECLARED_OPOINT_NOT_RUNTIME_REACHABILITY
native,402,c/jug/a/pao.dat,49,0,402,True,DECLARED_OPOINT_NOT_RUNTIME_REACHABILITY
native,402,c/jug/a/pao.dat,371,0,402,True,DECLARED_OPOINT_NOT_RUNTIME_REACHABILITY
native,402,c/jug/a/pao.dat,373,0,402,True,DECLARED_OPOINT_NOT_RUNTIME_REACHABILITY
native,402,c/jug/a/pao.dat,374,0,402,True,DECLARED_OPOINT_NOT_RUNTIME_REACHABILITY
native,402,c/jug/a/pao.dat,375,0,402,True,DECLARED_OPOINT_NOT_RUNTIME_REACHABILITY
native,402,c/jug/a/pao.dat,377,0,402,True,DECLARED_OPOINT_NOT_RUNTIME_REACHABILITY
native,402,c/jug/a/pao.dat,379,0,402,True,DECLARED_OPOINT_NOT_RUNTIME_REACHABILITY
native,402,c/jug/a/pao.dat,383,0,402,True,DECLARED_OPOINT_NOT_RUNTIME_REACHABILITY
native,402,c/jug/a/pao.dat,411,0,402,True,DECLARED_OPOINT_NOT_RUNTIME_REACHABILITY
native,76,c/miz/miz.dat,61,0,429,True,DECLARED_OPOINT_NOT_RUNTIME_REACHABILITY
native,76,c/miz/miz.dat,66,0,429,True,DECLARED_OPOINT_NOT_RUNTIME_REACHABILITY
native,76,c/miz/miz.dat,71,0,429,True,DECLARED_OPOINT_NOT_RUNTIME_REACHABILITY
native,76,c/miz/miz.dat,91,0,429,True,DECLARED_OPOINT_NOT_RUNTIME_REACHABILITY
native,76,c/miz/miz.dat,124,0,204,True,DECLARED_OPOINT_NOT_RUNTIME_REACHABILITY
native,76,c/miz/miz.dat,125,0,123,True,DECLARED_OPOINT_NOT_RUNTIME_REACHABILITY
native,76,c/miz/miz.dat,126,0,204,True,DECLARED_OPOINT_NOT_RUNTIME_REACHABILITY
native,76,c/miz/miz.dat,146,0,429,True,DECLARED_OPOINT_NOT_RUNTIME_REACHABILITY
native,76,c/miz/miz.dat,148,0,429,True,DECLARED_OPOINT_NOT_RUNTIME_REACHABILITY
native,76,c/miz/miz.dat,170,0,616,True,DECLARED_OPOINT_NOT_RUNTIME_REACHABILITY
native,76,c/miz/miz.dat,172,0,429,True,DECLARED_OPOINT_NOT_RUNTIME_REACHABILITY
native,76,c/miz/miz.dat,178,0,429,True,DECLARED_OPOINT_NOT_RUNTIME_REACHABILITY
native,76,c/miz/miz.dat,221,0,429,True,DECLARED_OPOINT_NOT_RUNTIME_REACHABILITY
native,76,c/miz/miz.dat,223,0,429,True,DECLARED_OPOINT_NOT_RUNTIME_REACHABILITY
native,76,c/miz/miz.dat,236,0,204,True,DECLARED_OPOINT_NOT_RUNTIME_REACHABILITY
native,76,c/miz/miz.dat,238,0,204,True,DECLARED_OPOINT_NOT_RUNTIME_REACHABILITY
native,76,c/miz/miz.dat,249,0,429,True,DECLARED_OPOINT_NOT_RUNTIME_REACHABILITY
native,76,c/miz/miz.dat,251,0,120,True,DECLARED_OPOINT_NOT_RUNTIME_REACHABILITY
native,76,c/miz/miz.dat,254,0,120,True,DECLARED_OPOINT_NOT_RUNTIME_REACHABILITY
native,76,c/miz/miz.dat,257,0,120,True,DECLARED_OPOINT_NOT_RUNTIME_REACHABILITY
native,76,c/miz/miz.dat,260,0,120,True,DECLARED_OPOINT_NOT_RUNTIME_REACHABILITY
native,76,c/miz/miz.dat,264,0,429,True,DECLARED_OPOINT_NOT_RUNTIME_REACHABILITY
native,76,c/miz/miz.dat,267,0,429,True,DECLARED_OPOINT_NOT_RUNTIME_REACHABILITY
native,76,c/miz/miz.dat,281,0,429,True,DECLARED_OPOINT_NOT_RUNTIME_REACHABILITY
native,76,c/miz/miz.dat,285,1,429,True,DECLARED_OPOINT_NOT_RUNTIME_REACHABILITY
native,76,c/miz/miz.dat,299,0,429,True,DECLARED_OPOINT_NOT_RUNTIME_REACHABILITY
native,76,c/miz/miz.dat,311,1,429,True,DECLARED_OPOINT_NOT_RUNTIME_REACHABILITY
native,76,c/miz/miz.dat,335,0,429,True,DECLARED_OPOINT_NOT_RUNTIME_REACHABILITY
native,76,c/miz/miz.dat,337,1,762,True,DECLARED_OPOINT_NOT_RUNTIME_REACHABILITY
native,76,c/miz/miz.dat,620,0,429,True,DECLARED_OPOINT_NOT_RUNTIME_REACHABILITY
native,76,c/miz/miz.dat,631,1,204,True,DECLARED_OPOINT_NOT_RUNTIME_REACHABILITY
native,76,c/miz/miz.dat,641,1,204,True,DECLARED_OPOINT_NOT_RUNTIME_REACHABILITY
native,76,c/miz/miz.dat,666,0,429,True,DECLARED_OPOINT_NOT_RUNTIME_REACHABILITY
native,428,c/miz/cs2.dat,61,0,429,True,DECLARED_OPOINT_NOT_RUNTIME_REACHABILITY
native,428,c/miz/cs2.dat,66,0,429,True,DECLARED_OPOINT_NOT_RUNTIME_REACHABILITY
native,428,c/miz/cs2.dat,71,0,429,True,DECLARED_OPOINT_NOT_RUNTIME_REACHABILITY
native,428,c/miz/cs2.dat,91,0,429,True,DECLARED_OPOINT_NOT_RUNTIME_REACHABILITY
native,428,c/miz/cs2.dat,124,0,204,True,DECLARED_OPOINT_NOT_RUNTIME_REACHABILITY
native,428,c/miz/cs2.dat,125,0,123,True,DECLARED_OPOINT_NOT_RUNTIME_REACHABILITY
native,428,c/miz/cs2.dat,126,0,204,True,DECLARED_OPOINT_NOT_RUNTIME_REACHABILITY
native,428,c/miz/cs2.dat,149,1,429,True,DECLARED_OPOINT_NOT_RUNTIME_REACHABILITY
native,428,c/miz/cs2.dat,151,0,706,True,DECLARED_OPOINT_NOT_RUNTIME_REACHABILITY
native,428,c/miz/cs2.dat,152,0,706,True,DECLARED_OPOINT_NOT_RUNTIME_REACHABILITY
native,428,c/miz/cs2.dat,221,0,429,True,DECLARED_OPOINT_NOT_RUNTIME_REACHABILITY
native,428,c/miz/cs2.dat,223,0,429,True,DECLARED_OPOINT_NOT_RUNTIME_REACHABILITY
native,428,c/miz/cs2.dat,236,0,204,True,DECLARED_OPOINT_NOT_RUNTIME_REACHABILITY
native,428,c/miz/cs2.dat,238,0,204,True,DECLARED_OPOINT_NOT_RUNTIME_REACHABILITY
native,428,c/miz/cs2.dat,251,0,429,True,DECLARED_OPOINT_NOT_RUNTIME_REACHABILITY
native,428,c/miz/cs2.dat,252,1,204,True,DECLARED_OPOINT_NOT_RUNTIME_REACHABILITY
native,428,c/miz/cs2.dat,261,1,204,True,DECLARED_OPOINT_NOT_RUNTIME_REACHABILITY
native,428,c/miz/cs2.dat,264,1,429,True,DECLARED_OPOINT_NOT_RUNTIME_REACHABILITY
native,428,c/miz/cs2.dat,286,1,429,True,DECLARED_OPOINT_NOT_RUNTIME_REACHABILITY
native,428,c/miz/cs2.dat,289,1,429,True,DECLARED_OPOINT_NOT_RUNTIME_REACHABILITY
native,428,c/miz/cs2.dat,271,0,429,True,DECLARED_OPOINT_NOT_RUNTIME_REACHABILITY
native,428,c/miz/cs2.dat,275,0,429,True,DECLARED_OPOINT_NOT_RUNTIME_REACHABILITY
native,428,c/miz/cs2.dat,276,0,429,True,DECLARED_OPOINT_NOT_RUNTIME_REACHABILITY
native,428,c/miz/cs2.dat,277,0,429,True,DECLARED_OPOINT_NOT_RUNTIME_REACHABILITY
native,428,c/miz/cs2.dat,278,0,429,True,DECLARED_OPOINT_NOT_RUNTIME_REACHABILITY
native,428,c/miz/cs2.dat,281,0,429,True,DECLARED_OPOINT_NOT_RUNTIME_REACHABILITY
native,428,c/miz/cs2.dat,283,0,150,True,DECLARED_OPOINT_NOT_RUNTIME_REACHABILITY
native,428,c/miz/cs2.dat,311,0,429,True,DECLARED_OPOINT_NOT_RUNTIME_REACHABILITY
native,428,c/miz/cs2.dat,312,0,208,True,DECLARED_OPOINT_NOT_RUNTIME_REACHABILITY
native,428,c/miz/cs2.dat,329,0,429,True,DECLARED_OPOINT_NOT_RUNTIME_REACHABILITY
native,428,c/miz/cs2.dat,331,0,429,True,DECLARED_OPOINT_NOT_RUNTIME_REACHABILITY
native,428,c/miz/cs2.dat,332,0,429,True,DECLARED_OPOINT_NOT_RUNTIME_REACHABILITY
native,428,c/miz/cs2.dat,333,0,429,True,DECLARED_OPOINT_NOT_RUNTIME_REACHABILITY
native,428,c/miz/cs2.dat,334,0,429,True,DECLARED_OPOINT_NOT_RUNTIME_REACHABILITY
native,428,c/miz/cs2.dat,403,0,846,True,DECLARED_OPOINT_NOT_RUNTIME_REACHABILITY
native,428,c/miz/cs2.dat,602,1,900,True,DECLARED_OPOINT_NOT_RUNTIME_REACHABILITY
native,428,c/miz/cs2.dat,620,0,429,True,DECLARED_OPOINT_NOT_RUNTIME_REACHABILITY
native,428,c/miz/cs2.dat,631,1,204,True,DECLARED_OPOINT_NOT_RUNTIME_REACHABILITY
native,428,c/miz/cs2.dat,641,1,204,True,DECLARED_OPOINT_NOT_RUNTIME_REACHABILITY
native,428,c/miz/cs2.dat,651,0,429,True,DECLARED_OPOINT_NOT_RUNTIME_REACHABILITY
native,428,c/miz/cs2.dat,666,0,429,True,DECLARED_OPOINT_NOT_RUNTIME_REACHABILITY
native,429,c/miz/a/shur.dat,56,0,211,True,DECLARED_OPOINT_NOT_RUNTIME_REACHABILITY
native,429,c/miz/a/shur.dat,65,0,429,True,DECLARED_OPOINT_NOT_RUNTIME_REACHABILITY
native,429,c/miz/a/shur.dat,81,0,429,True,DECLARED_OPOINT_NOT_RUNTIME_REACHABILITY
native,429,c/miz/a/shur.dat,311,0,429,True,DECLARED_OPOINT_NOT_RUNTIME_REACHABILITY
native,429,c/miz/a/shur.dat,371,0,429,True,DECLARED_OPOINT_NOT_RUNTIME_REACHABILITY
native,429,c/miz/a/shur.dat,373,0,429,True,DECLARED_OPOINT_NOT_RUNTIME_REACHABILITY
native,429,c/miz/a/shur.dat,374,0,429,True,DECLARED_OPOINT_NOT_RUNTIME_REACHABILITY
native,429,c/miz/a/shur.dat,375,0,429,True,DECLARED_OPOINT_NOT_RUNTIME_REACHABILITY
native,429,c/miz/a/shur.dat,377,0,429,True,DECLARED_OPOINT_NOT_RUNTIME_REACHABILITY
native,429,c/miz/a/shur.dat,379,0,429,True,DECLARED_OPOINT_NOT_RUNTIME_REACHABILITY
native,429,c/miz/a/shur.dat,383,0,208,True,DECLARED_OPOINT_NOT_RUNTIME_REACHABILITY
native,66,c/jiro/jiro1.dat,61,0,708,True,DECLARED_OPOINT_NOT_RUNTIME_REACHABILITY
native,66,c/jiro/jiro1.dat,66,0,708,True,DECLARED_OPOINT_NOT_RUNTIME_REACHABILITY
native,66,c/jiro/jiro1.dat,71,0,708,True,DECLARED_OPOINT_NOT_RUNTIME_REACHABILITY
native,66,c/jiro/jiro1.dat,88,0,708,True,DECLARED_OPOINT_NOT_RUNTIME_REACHABILITY
native,66,c/jiro/jiro1.dat,91,0,708,True,DECLARED_OPOINT_NOT_RUNTIME_REACHABILITY
native,66,c/jiro/jiro1.dat,221,0,708,True,DECLARED_OPOINT_NOT_RUNTIME_REACHABILITY
native,66,c/jiro/jiro1.dat,223,0,708,True,DECLARED_OPOINT_NOT_RUNTIME_REACHABILITY
native,66,c/jiro/jiro1.dat,236,0,204,True,DECLARED_OPOINT_NOT_RUNTIME_REACHABILITY
native,66,c/jiro/jiro1.dat,238,0,204,True,DECLARED_OPOINT_NOT_RUNTIME_REACHABILITY
native,66,c/jiro/jiro1.dat,256,0,708,True,DECLARED_OPOINT_NOT_RUNTIME_REACHABILITY
native,66,c/jiro/jiro1.dat,258,0,150,True,DECLARED_OPOINT_NOT_RUNTIME_REACHABILITY
native,66,c/jiro/jiro1.dat,276,0,123,True,DECLARED_OPOINT_NOT_RUNTIME_REACHABILITY
native,66,c/jiro/jiro1.dat,277,0,204,True,DECLARED_OPOINT_NOT_RUNTIME_REACHABILITY
native,66,c/jiro/jiro1.dat,280,0,708,True,DECLARED_OPOINT_NOT_RUNTIME_REACHABILITY
native,66,c/jiro/jiro1.dat,284,0,708,True,DECLARED_OPOINT_NOT_RUNTIME_REACHABILITY
native,66,c/jiro/jiro1.dat,296,0,708,True,DECLARED_OPOINT_NOT_RUNTIME_REACHABILITY
native,66,c/jiro/jiro1.dat,300,0,716,True,DECLARED_OPOINT_NOT_RUNTIME_REACHABILITY
native,66,c/jiro/jiro1.dat,308,0,708,True,DECLARED_OPOINT_NOT_RUNTIME_REACHABILITY
native,66,c/jiro/jiro1.dat,320,0,708,True,DECLARED_OPOINT_NOT_RUNTIME_REACHABILITY
native,66,c/jiro/jiro1.dat,323,0,123,True,DECLARED_OPOINT_NOT_RUNTIME_REACHABILITY
native,66,c/jiro/jiro1.dat,331,0,708,True,DECLARED_OPOINT_NOT_RUNTIME_REACHABILITY
native,66,c/jiro/jiro1.dat,333,0,708,True,DECLARED_OPOINT_NOT_RUNTIME_REACHABILITY
native,66,c/jiro/jiro1.dat,337,0,121,True,DECLARED_OPOINT_NOT_RUNTIME_REACHABILITY
native,66,c/jiro/jiro1.dat,341,1,121,True,DECLARED_OPOINT_NOT_RUNTIME_REACHABILITY
native,66,c/jiro/jiro1.dat,344,0,708,True,DECLARED_OPOINT_NOT_RUNTIME_REACHABILITY
native,66,c/jiro/jiro1.dat,352,0,708,True,DECLARED_OPOINT_NOT_RUNTIME_REACHABILITY
native,66,c/jiro/jiro1.dat,419,0,708,True,DECLARED_OPOINT_NOT_RUNTIME_REACHABILITY
native,66,c/jiro/jiro1.dat,421,0,708,True,DECLARED_OPOINT_NOT_RUNTIME_REACHABILITY
native,66,c/jiro/jiro1.dat,471,0,708,True,DECLARED_OPOINT_NOT_RUNTIME_REACHABILITY
native,66,c/jiro/jiro1.dat,473,1,708,True,DECLARED_OPOINT_NOT_RUNTIME_REACHABILITY
native,66,c/jiro/jiro1.dat,602,1,900,True,DECLARED_OPOINT_NOT_RUNTIME_REACHABILITY
native,66,c/jiro/jiro1.dat,631,1,204,True,DECLARED_OPOINT_NOT_RUNTIME_REACHABILITY
native,66,c/jiro/jiro1.dat,641,1,204,True,DECLARED_OPOINT_NOT_RUNTIME_REACHABILITY
native,66,c/jiro/jiro1.dat,666,0,708,True,DECLARED_OPOINT_NOT_RUNTIME_REACHABILITY
native,37,c/jiro/jiro.dat,61,0,708,True,DECLARED_OPOINT_NOT_RUNTIME_REACHABILITY
native,37,c/jiro/jiro.dat,66,0,708,True,DECLARED_OPOINT_NOT_RUNTIME_REACHABILITY
native,37,c/jiro/jiro.dat,71,0,708,True,DECLARED_OPOINT_NOT_RUNTIME_REACHABILITY
native,37,c/jiro/jiro.dat,88,0,708,True,DECLARED_OPOINT_NOT_RUNTIME_REACHABILITY
native,37,c/jiro/jiro.dat,91,0,708,True,DECLARED_OPOINT_NOT_RUNTIME_REACHABILITY
native,37,c/jiro/jiro.dat,221,0,708,True,DECLARED_OPOINT_NOT_RUNTIME_REACHABILITY
native,37,c/jiro/jiro.dat,223,0,708,True,DECLARED_OPOINT_NOT_RUNTIME_REACHABILITY
native,37,c/jiro/jiro.dat,236,0,204,True,DECLARED_OPOINT_NOT_RUNTIME_REACHABILITY
native,37,c/jiro/jiro.dat,238,0,204,True,DECLARED_OPOINT_NOT_RUNTIME_REACHABILITY
native,37,c/jiro/jiro.dat,240,1,708,True,DECLARED_OPOINT_NOT_RUNTIME_REACHABILITY
native,37,c/jiro/jiro.dat,241,1,708,True,DECLARED_OPOINT_NOT_RUNTIME_REACHABILITY
native,37,c/jiro/jiro.dat,241,2,712,True,DECLARED_OPOINT_NOT_RUNTIME_REACHABILITY
native,37,c/jiro/jiro.dat,244,1,708,True,DECLARED_OPOINT_NOT_RUNTIME_REACHABILITY
native,37,c/jiro/jiro.dat,256,0,708,True,DECLARED_OPOINT_NOT_RUNTIME_REACHABILITY
native,37,c/jiro/jiro.dat,258,0,150,True,DECLARED_OPOINT_NOT_RUNTIME_REACHABILITY
native,37,c/jiro/jiro.dat,276,0,123,True,DECLARED_OPOINT_NOT_RUNTIME_REACHABILITY
native,37,c/jiro/jiro.dat,277,0,204,True,DECLARED_OPOINT_NOT_RUNTIME_REACHABILITY
native,37,c/jiro/jiro.dat,280,0,708,True,DECLARED_OPOINT_NOT_RUNTIME_REACHABILITY
native,37,c/jiro/jiro.dat,284,0,708,True,DECLARED_OPOINT_NOT_RUNTIME_REACHABILITY
native,37,c/jiro/jiro.dat,296,0,708,True,DECLARED_OPOINT_NOT_RUNTIME_REACHABILITY
native,37,c/jiro/jiro.dat,300,0,716,True,DECLARED_OPOINT_NOT_RUNTIME_REACHABILITY
native,37,c/jiro/jiro.dat,308,0,708,True,DECLARED_OPOINT_NOT_RUNTIME_REACHABILITY
native,37,c/jiro/jiro.dat,320,0,708,True,DECLARED_OPOINT_NOT_RUNTIME_REACHABILITY
native,37,c/jiro/jiro.dat,323,0,123,True,DECLARED_OPOINT_NOT_RUNTIME_REACHABILITY
native,37,c/jiro/jiro.dat,331,0,708,True,DECLARED_OPOINT_NOT_RUNTIME_REACHABILITY
native,37,c/jiro/jiro.dat,333,1,708,True,DECLARED_OPOINT_NOT_RUNTIME_REACHABILITY
native,37,c/jiro/jiro.dat,337,0,121,True,DECLARED_OPOINT_NOT_RUNTIME_REACHABILITY
native,37,c/jiro/jiro.dat,341,1,121,True,DECLARED_OPOINT_NOT_RUNTIME_REACHABILITY
native,37,c/jiro/jiro.dat,344,0,708,True,DECLARED_OPOINT_NOT_RUNTIME_REACHABILITY
native,37,c/jiro/jiro.dat,359,0,708,True,DECLARED_OPOINT_NOT_RUNTIME_REACHABILITY
native,37,c/jiro/jiro.dat,360,0,709,True,DECLARED_OPOINT_NOT_RUNTIME_REACHABILITY
native,37,c/jiro/jiro.dat,377,0,708,True,DECLARED_OPOINT_NOT_RUNTIME_REACHABILITY
native,37,c/jiro/jiro.dat,379,0,708,True,DECLARED_OPOINT_NOT_RUNTIME_REACHABILITY
native,37,c/jiro/jiro.dat,403,0,846,True,DECLARED_OPOINT_NOT_RUNTIME_REACHABILITY
native,37,c/jiro/jiro.dat,419,0,708,True,DECLARED_OPOINT_NOT_RUNTIME_REACHABILITY
native,37,c/jiro/jiro.dat,421,0,708,True,DECLARED_OPOINT_NOT_RUNTIME_REACHABILITY
native,37,c/jiro/jiro.dat,471,0,708,True,DECLARED_OPOINT_NOT_RUNTIME_REACHABILITY
native,37,c/jiro/jiro.dat,473,1,708,True,DECLARED_OPOINT_NOT_RUNTIME_REACHABILITY
native,37,c/jiro/jiro.dat,602,1,900,True,DECLARED_OPOINT_NOT_RUNTIME_REACHABILITY
native,37,c/jiro/jiro.dat,631,1,204,True,DECLARED_OPOINT_NOT_RUNTIME_REACHABILITY
native,37,c/jiro/jiro.dat,641,1,204,True,DECLARED_OPOINT_NOT_RUNTIME_REACHABILITY
native,37,c/jiro/jiro.dat,666,0,708,True,DECLARED_OPOINT_NOT_RUNTIME_REACHABILITY
native,711,c/jiro/gol.dat,63,1,208,True,DECLARED_OPOINT_NOT_RUNTIME_REACHABILITY
native,708,c/jiro/a/cav.dat,51,0,208,True,DECLARED_OPOINT_NOT_RUNTIME_REACHABILITY
native,708,c/jiro/a/cav.dat,52,0,708,True,DECLARED_OPOINT_NOT_RUNTIME_REACHABILITY
native,708,c/jiro/a/cav.dat,53,0,708,True,DECLARED_OPOINT_NOT_RUNTIME_REACHABILITY
native,708,c/jiro/a/cav.dat,61,0,208,True,DECLARED_OPOINT_NOT_RUNTIME_REACHABILITY
native,708,c/jiro/a/cav.dat,62,0,208,True,DECLARED_OPOINT_NOT_RUNTIME_REACHABILITY
native,708,c/jiro/a/cav.dat,63,0,208,True,DECLARED_OPOINT_NOT_RUNTIME_REACHABILITY
native,708,c/jiro/a/cav.dat,136,0,736,True,DECLARED_OPOINT_NOT_RUNTIME_REACHABILITY
native,708,c/jiro/a/cav.dat,157,0,708,True,DECLARED_OPOINT_NOT_RUNTIME_REACHABILITY
native,708,c/jiro/a/cav.dat,158,0,708,True,DECLARED_OPOINT_NOT_RUNTIME_REACHABILITY
native,708,c/jiro/a/cav.dat,251,0,711,True,DECLARED_OPOINT_NOT_RUNTIME_REACHABILITY
native,708,c/jiro/a/cav.dat,252,0,712,True,DECLARED_OPOINT_NOT_RUNTIME_REACHABILITY
native,708,c/jiro/a/cav.dat,302,0,708,True,DECLARED_OPOINT_NOT_RUNTIME_REACHABILITY
native,708,c/jiro/a/cav.dat,391,0,37,True,DECLARED_OPOINT_NOT_RUNTIME_REACHABILITY
native,709,c/jiro/a/gol.dat,99,0,708,True,DECLARED_OPOINT_NOT_RUNTIME_REACHABILITY
native,709,c/jiro/a/gol.dat,163,0,708,True,DECLARED_OPOINT_NOT_RUNTIME_REACHABILITY
native,709,c/jiro/a/gol.dat,210,0,708,True,DECLARED_OPOINT_NOT_RUNTIME_REACHABILITY
native,709,c/jiro/a/gol.dat,211,0,708,True,DECLARED_OPOINT_NOT_RUNTIME_REACHABILITY
native,709,c/jiro/a/gol.dat,213,0,708,True,DECLARED_OPOINT_NOT_RUNTIME_REACHABILITY
native,709,c/jiro/a/gol.dat,214,0,708,True,DECLARED_OPOINT_NOT_RUNTIME_REACHABILITY
native,709,c/jiro/a/gol.dat,222,0,708,True,DECLARED_OPOINT_NOT_RUNTIME_REACHABILITY
native,709,c/jiro/a/gol.dat,223,0,708,True,DECLARED_OPOINT_NOT_RUNTIME_REACHABILITY
native,709,c/jiro/a/gol.dat,241,0,708,True,DECLARED_OPOINT_NOT_RUNTIME_REACHABILITY
native,709,c/jiro/a/gol.dat,243,0,708,True,DECLARED_OPOINT_NOT_RUNTIME_REACHABILITY
native,709,c/jiro/a/gol.dat,247,0,708,True,DECLARED_OPOINT_NOT_RUNTIME_REACHABILITY
native,709,c/jiro/a/gol.dat,253,0,708,True,DECLARED_OPOINT_NOT_RUNTIME_REACHABILITY
native,67,c/kid/kid1.dat,21,0,670,True,DECLARED_OPOINT_NOT_RUNTIME_REACHABILITY
native,67,c/kid/kid1.dat,62,0,670,True,DECLARED_OPOINT_NOT_RUNTIME_REACHABILITY
native,67,c/kid/kid1.dat,68,0,670,True,DECLARED_OPOINT_NOT_RUNTIME_REACHABILITY
native,67,c/kid/kid1.dat,73,0,670,True,DECLARED_OPOINT_NOT_RUNTIME_REACHABILITY
native,67,c/kid/kid1.dat,87,0,670,True,DECLARED_OPOINT_NOT_RUNTIME_REACHABILITY
native,67,c/kid/kid1.dat,93,0,670,True,DECLARED_OPOINT_NOT_RUNTIME_REACHABILITY
native,67,c/kid/kid1.dat,221,0,670,True,DECLARED_OPOINT_NOT_RUNTIME_REACHABILITY
native,67,c/kid/kid1.dat,223,0,670,True,DECLARED_OPOINT_NOT_RUNTIME_REACHABILITY
native,67,c/kid/kid1.dat,236,0,670,True,DECLARED_OPOINT_NOT_RUNTIME_REACHABILITY
native,67,c/kid/kid1.dat,239,0,670,True,DECLARED_OPOINT_NOT_RUNTIME_REACHABILITY
native,67,c/kid/kid1.dat,261,0,670,True,DECLARED_OPOINT_NOT_RUNTIME_REACHABILITY
native,67,c/kid/kid1.dat,272,0,670,True,DECLARED_OPOINT_NOT_RUNTIME_REACHABILITY
native,67,c/kid/kid1.dat,273,0,670,True,DECLARED_OPOINT_NOT_RUNTIME_REACHABILITY
native,67,c/kid/kid1.dat,276,0,123,True,DECLARED_OPOINT_NOT_RUNTIME_REACHABILITY
native,67,c/kid/kid1.dat,277,0,204,True,DECLARED_OPOINT_NOT_RUNTIME_REACHABILITY
native,67,c/kid/kid1.dat,281,0,670,True,DECLARED_OPOINT_NOT_RUNTIME_REACHABILITY
native,67,c/kid/kid1.dat,286,0,670,True,DECLARED_OPOINT_NOT_RUNTIME_REACHABILITY
native,67,c/kid/kid1.dat,291,0,706,True,DECLARED_OPOINT_NOT_RUNTIME_REACHABILITY
native,67,c/kid/kid1.dat,292,0,438,True,DECLARED_OPOINT_NOT_RUNTIME_REACHABILITY
native,67,c/kid/kid1.dat,330,1,670,True,DECLARED_OPOINT_NOT_RUNTIME_REACHABILITY
native,67,c/kid/kid1.dat,296,0,438,True,DECLARED_OPOINT_NOT_RUNTIME_REACHABILITY
native,67,c/kid/kid1.dat,306,0,204,True,DECLARED_OPOINT_NOT_RUNTIME_REACHABILITY
native,67,c/kid/kid1.dat,307,0,670,True,DECLARED_OPOINT_NOT_RUNTIME_REACHABILITY
native,67,c/kid/kid1.dat,308,0,204,True,DECLARED_OPOINT_NOT_RUNTIME_REACHABILITY
native,67,c/kid/kid1.dat,312,0,670,True,DECLARED_OPOINT_NOT_RUNTIME_REACHABILITY
native,67,c/kid/kid1.dat,316,0,670,True,DECLARED_OPOINT_NOT_RUNTIME_REACHABILITY
native,67,c/kid/kid1.dat,321,0,670,True,DECLARED_OPOINT_NOT_RUNTIME_REACHABILITY
native,67,c/kid/kid1.dat,341,1,442,True,DECLARED_OPOINT_NOT_RUNTIME_REACHABILITY
native,67,c/kid/kid1.dat,351,0,670,True,DECLARED_OPOINT_NOT_RUNTIME_REACHABILITY
native,67,c/kid/kid1.dat,355,0,706,True,DECLARED_OPOINT_NOT_RUNTIME_REACHABILITY
native,67,c/kid/kid1.dat,356,0,442,True,DECLARED_OPOINT_NOT_RUNTIME_REACHABILITY
native,67,c/kid/kid1.dat,402,0,442,True,DECLARED_OPOINT_NOT_RUNTIME_REACHABILITY
native,67,c/kid/kid1.dat,631,1,204,True,DECLARED_OPOINT_NOT_RUNTIME_REACHABILITY
native,67,c/kid/kid1.dat,641,1,204,True,DECLARED_OPOINT_NOT_RUNTIME_REACHABILITY
native,67,c/kid/kid1.dat,668,0,670,True,DECLARED_OPOINT_NOT_RUNTIME_REACHABILITY
native,34,c/kid/kid.dat,21,0,670,True,DECLARED_OPOINT_NOT_RUNTIME_REACHABILITY
native,34,c/kid/kid.dat,62,0,670,True,DECLARED_OPOINT_NOT_RUNTIME_REACHABILITY
native,34,c/kid/kid.dat,68,0,670,True,DECLARED_OPOINT_NOT_RUNTIME_REACHABILITY
native,34,c/kid/kid.dat,73,0,670,True,DECLARED_OPOINT_NOT_RUNTIME_REACHABILITY
native,34,c/kid/kid.dat,87,0,670,True,DECLARED_OPOINT_NOT_RUNTIME_REACHABILITY
native,34,c/kid/kid.dat,93,0,670,True,DECLARED_OPOINT_NOT_RUNTIME_REACHABILITY
native,34,c/kid/kid.dat,221,0,670,True,DECLARED_OPOINT_NOT_RUNTIME_REACHABILITY
native,34,c/kid/kid.dat,223,0,670,True,DECLARED_OPOINT_NOT_RUNTIME_REACHABILITY
native,34,c/kid/kid.dat,236,0,670,True,DECLARED_OPOINT_NOT_RUNTIME_REACHABILITY
native,34,c/kid/kid.dat,239,0,670,True,DECLARED_OPOINT_NOT_RUNTIME_REACHABILITY
native,34,c/kid/kid.dat,261,0,670,True,DECLARED_OPOINT_NOT_RUNTIME_REACHABILITY
native,34,c/kid/kid.dat,272,0,670,True,DECLARED_OPOINT_NOT_RUNTIME_REACHABILITY
native,34,c/kid/kid.dat,273,0,670,True,DECLARED_OPOINT_NOT_RUNTIME_REACHABILITY
native,34,c/kid/kid.dat,276,0,123,True,DECLARED_OPOINT_NOT_RUNTIME_REACHABILITY
native,34,c/kid/kid.dat,277,0,204,True,DECLARED_OPOINT_NOT_RUNTIME_REACHABILITY
native,34,c/kid/kid.dat,284,1,442,True,DECLARED_OPOINT_NOT_RUNTIME_REACHABILITY
native,34,c/kid/kid.dat,286,0,670,True,DECLARED_OPOINT_NOT_RUNTIME_REACHABILITY
native,34,c/kid/kid.dat,291,0,706,True,DECLARED_OPOINT_NOT_RUNTIME_REACHABILITY
native,34,c/kid/kid.dat,292,0,442,True,DECLARED_OPOINT_NOT_RUNTIME_REACHABILITY
native,34,c/kid/kid.dat,340,1,670,True,DECLARED_OPOINT_NOT_RUNTIME_REACHABILITY
native,34,c/kid/kid.dat,296,0,438,True,DECLARED_OPOINT_NOT_RUNTIME_REACHABILITY
native,34,c/kid/kid.dat,293,0,670,True,DECLARED_OPOINT_NOT_RUNTIME_REACHABILITY
native,34,c/kid/kid.dat,303,0,670,True,DECLARED_OPOINT_NOT_RUNTIME_REACHABILITY
native,34,c/kid/kid.dat,304,0,670,True,DECLARED_OPOINT_NOT_RUNTIME_REACHABILITY
native,34,c/kid/kid.dat,305,0,670,True,DECLARED_OPOINT_NOT_RUNTIME_REACHABILITY
native,34,c/kid/kid.dat,305,1,670,True,DECLARED_OPOINT_NOT_RUNTIME_REACHABILITY
native,34,c/kid/kid.dat,306,0,670,True,DECLARED_OPOINT_NOT_RUNTIME_REACHABILITY
native,34,c/kid/kid.dat,312,0,670,True,DECLARED_OPOINT_NOT_RUNTIME_REACHABILITY
native,34,c/kid/kid.dat,341,0,670,True,DECLARED_OPOINT_NOT_RUNTIME_REACHABILITY
native,34,c/kid/kid.dat,319,1,670,True,DECLARED_OPOINT_NOT_RUNTIME_REACHABILITY
native,34,c/kid/kid.dat,321,0,670,True,DECLARED_OPOINT_NOT_RUNTIME_REACHABILITY
native,34,c/kid/kid.dat,351,0,670,True,DECLARED_OPOINT_NOT_RUNTIME_REACHABILITY
native,34,c/kid/kid.dat,356,0,706,True,DECLARED_OPOINT_NOT_RUNTIME_REACHABILITY
native,34,c/kid/kid.dat,357,0,438,True,DECLARED_OPOINT_NOT_RUNTIME_REACHABILITY
native,34,c/kid/kid.dat,402,0,442,True,DECLARED_OPOINT_NOT_RUNTIME_REACHABILITY
native,34,c/kid/kid.dat,403,0,846,True,DECLARED_OPOINT_NOT_RUNTIME_REACHABILITY
native,34,c/kid/kid.dat,631,1,204,True,DECLARED_OPOINT_NOT_RUNTIME_REACHABILITY
native,34,c/kid/kid.dat,641,1,204,True,DECLARED_OPOINT_NOT_RUNTIME_REACHABILITY
native,34,c/kid/kid.dat,668,0,670,True,DECLARED_OPOINT_NOT_RUNTIME_REACHABILITY
native,438,c/kid/a/spi.dat,12,0,438,True,DECLARED_OPOINT_NOT_RUNTIME_REACHABILITY
native,438,c/kid/a/spi.dat,68,0,706,True,DECLARED_OPOINT_NOT_RUNTIME_REACHABILITY
native,438,c/kid/a/spi.dat,69,0,438,True,DECLARED_OPOINT_NOT_RUNTIME_REACHABILITY
native,438,c/kid/a/spi.dat,70,0,670,True,DECLARED_OPOINT_NOT_RUNTIME_REACHABILITY
native,438,c/kid/a/spi.dat,81,1,438,True,DECLARED_OPOINT_NOT_RUNTIME_REACHABILITY
native,438,c/kid/a/spi.dat,91,1,438,True,DECLARED_OPOINT_NOT_RUNTIME_REACHABILITY
native,438,c/kid/a/spi.dat,95,1,438,True,DECLARED_OPOINT_NOT_RUNTIME_REACHABILITY
native,438,c/kid/a/spi.dat,98,1,438,True,DECLARED_OPOINT_NOT_RUNTIME_REACHABILITY
native,438,c/kid/a/spi.dat,125,1,438,True,DECLARED_OPOINT_NOT_RUNTIME_REACHABILITY
native,438,c/kid/a/spi.dat,128,1,438,True,DECLARED_OPOINT_NOT_RUNTIME_REACHABILITY
native,438,c/kid/a/spi.dat,212,1,438,True,DECLARED_OPOINT_NOT_RUNTIME_REACHABILITY
native,442,c/kid/a/kyo.dat,12,1,670,True,DECLARED_OPOINT_NOT_RUNTIME_REACHABILITY
native,442,c/kid/a/kyo.dat,34,1,706,True,DECLARED_OPOINT_NOT_RUNTIME_REACHABILITY
native,442,c/kid/a/kyo.dat,51,1,670,True,DECLARED_OPOINT_NOT_RUNTIME_REACHABILITY
native,442,c/kid/a/kyo.dat,61,1,670,True,DECLARED_OPOINT_NOT_RUNTIME_REACHABILITY
native,442,c/kid/a/kyo.dat,71,1,670,True,DECLARED_OPOINT_NOT_RUNTIME_REACHABILITY
native,442,c/kid/a/kyo.dat,151,1,438,True,DECLARED_OPOINT_NOT_RUNTIME_REACHABILITY
native,442,c/kid/a/kyo.dat,152,1,438,True,DECLARED_OPOINT_NOT_RUNTIME_REACHABILITY
native,442,c/kid/a/kyo.dat,153,1,438,True,DECLARED_OPOINT_NOT_RUNTIME_REACHABILITY
native,442,c/kid/a/kyo.dat,154,1,438,True,DECLARED_OPOINT_NOT_RUNTIME_REACHABILITY
native,442,c/kid/a/kyo.dat,160,1,438,True,DECLARED_OPOINT_NOT_RUNTIME_REACHABILITY
native,442,c/kid/a/kyo.dat,161,1,438,True,DECLARED_OPOINT_NOT_RUNTIME_REACHABILITY
native,442,c/kid/a/kyo.dat,162,1,438,True,DECLARED_OPOINT_NOT_RUNTIME_REACHABILITY
native,442,c/kid/a/kyo.dat,163,1,438,True,DECLARED_OPOINT_NOT_RUNTIME_REACHABILITY
native,442,c/kid/a/kyo.dat,170,1,438,True,DECLARED_OPOINT_NOT_RUNTIME_REACHABILITY
native,442,c/kid/a/kyo.dat,171,1,438,True,DECLARED_OPOINT_NOT_RUNTIME_REACHABILITY
native,442,c/kid/a/kyo.dat,172,1,438,True,DECLARED_OPOINT_NOT_RUNTIME_REACHABILITY
native,442,c/kid/a/kyo.dat,173,1,438,True,DECLARED_OPOINT_NOT_RUNTIME_REACHABILITY
native,442,c/kid/a/kyo.dat,234,1,706,True,DECLARED_OPOINT_NOT_RUNTIME_REACHABILITY
native,670,c/kid/a/atk.dat,61,0,670,True,DECLARED_OPOINT_NOT_RUNTIME_REACHABILITY
native,670,c/kid/a/atk.dat,64,0,670,True,DECLARED_OPOINT_NOT_RUNTIME_REACHABILITY
native,670,c/kid/a/atk.dat,252,0,670,True,DECLARED_OPOINT_NOT_RUNTIME_REACHABILITY
native,670,c/kid/a/atk.dat,255,0,208,True,DECLARED_OPOINT_NOT_RUNTIME_REACHABILITY
native,61,c/sako/sako1.dat,21,0,805,True,DECLARED_OPOINT_NOT_RUNTIME_REACHABILITY
native,61,c/sako/sako1.dat,61,0,805,True,DECLARED_OPOINT_NOT_RUNTIME_REACHABILITY
native,61,c/sako/sako1.dat,66,0,805,True,DECLARED_OPOINT_NOT_RUNTIME_REACHABILITY
native,61,c/sako/sako1.dat,71,0,805,True,DECLARED_OPOINT_NOT_RUNTIME_REACHABILITY
native,61,c/sako/sako1.dat,86,0,805,True,DECLARED_OPOINT_NOT_RUNTIME_REACHABILITY
native,61,c/sako/sako1.dat,91,0,805,True,DECLARED_OPOINT_NOT_RUNTIME_REACHABILITY
native,61,c/sako/sako1.dat,123,0,706,True,DECLARED_OPOINT_NOT_RUNTIME_REACHABILITY
native,61,c/sako/sako1.dat,125,0,706,True,DECLARED_OPOINT_NOT_RUNTIME_REACHABILITY
native,61,c/sako/sako1.dat,127,0,706,True,DECLARED_OPOINT_NOT_RUNTIME_REACHABILITY
native,61,c/sako/sako1.dat,221,0,805,True,DECLARED_OPOINT_NOT_RUNTIME_REACHABILITY
native,61,c/sako/sako1.dat,223,0,805,True,DECLARED_OPOINT_NOT_RUNTIME_REACHABILITY
native,61,c/sako/sako1.dat,244,0,805,True,DECLARED_OPOINT_NOT_RUNTIME_REACHABILITY
native,61,c/sako/sako1.dat,249,0,706,True,DECLARED_OPOINT_NOT_RUNTIME_REACHABILITY
native,61,c/sako/sako1.dat,251,0,805,True,DECLARED_OPOINT_NOT_RUNTIME_REACHABILITY
native,61,c/sako/sako1.dat,266,0,805,True,DECLARED_OPOINT_NOT_RUNTIME_REACHABILITY
native,61,c/sako/sako1.dat,267,0,805,True,DECLARED_OPOINT_NOT_RUNTIME_REACHABILITY
native,61,c/sako/sako1.dat,268,0,805,True,DECLARED_OPOINT_NOT_RUNTIME_REACHABILITY
native,61,c/sako/sako1.dat,276,0,123,True,DECLARED_OPOINT_NOT_RUNTIME_REACHABILITY
native,61,c/sako/sako1.dat,277,0,204,True,DECLARED_OPOINT_NOT_RUNTIME_REACHABILITY
native,61,c/sako/sako1.dat,289,0,805,True,DECLARED_OPOINT_NOT_RUNTIME_REACHABILITY
native,61,c/sako/sako1.dat,294,0,805,True,DECLARED_OPOINT_NOT_RUNTIME_REACHABILITY
native,61,c/sako/sako1.dat,296,0,805,True,DECLARED_OPOINT_NOT_RUNTIME_REACHABILITY
native,61,c/sako/sako1.dat,331,0,805,True,DECLARED_OPOINT_NOT_RUNTIME_REACHABILITY
native,61,c/sako/sako1.dat,332,0,120,True,DECLARED_OPOINT_NOT_RUNTIME_REACHABILITY
native,61,c/sako/sako1.dat,341,0,83,True,DECLARED_OPOINT_NOT_RUNTIME_REACHABILITY
native,61,c/sako/sako1.dat,343,0,805,True,DECLARED_OPOINT_NOT_RUNTIME_REACHABILITY
native,61,c/sako/sako1.dat,366,0,805,True,DECLARED_OPOINT_NOT_RUNTIME_REACHABILITY
native,61,c/sako/sako1.dat,376,0,805,True,DECLARED_OPOINT_NOT_RUNTIME_REACHABILITY
native,61,c/sako/sako1.dat,401,1,214,True,DECLARED_OPOINT_NOT_RUNTIME_REACHABILITY
native,61,c/sako/sako1.dat,403,0,706,True,DECLARED_OPOINT_NOT_RUNTIME_REACHABILITY
native,61,c/sako/sako1.dat,405,0,706,True,DECLARED_OPOINT_NOT_RUNTIME_REACHABILITY
native,61,c/sako/sako1.dat,411,0,805,True,DECLARED_OPOINT_NOT_RUNTIME_REACHABILITY
native,61,c/sako/sako1.dat,449,0,805,True,DECLARED_OPOINT_NOT_RUNTIME_REACHABILITY
native,61,c/sako/sako1.dat,451,1,804,True,DECLARED_OPOINT_NOT_RUNTIME_REACHABILITY
native,61,c/sako/sako1.dat,452,1,804,True,DECLARED_OPOINT_NOT_RUNTIME_REACHABILITY
native,61,c/sako/sako1.dat,453,1,804,True,DECLARED_OPOINT_NOT_RUNTIME_REACHABILITY
native,61,c/sako/sako1.dat,454,1,804,True,DECLARED_OPOINT_NOT_RUNTIME_REACHABILITY
native,61,c/sako/sako1.dat,455,1,804,True,DECLARED_OPOINT_NOT_RUNTIME_REACHABILITY
native,61,c/sako/sako1.dat,456,1,804,True,DECLARED_OPOINT_NOT_RUNTIME_REACHABILITY
native,61,c/sako/sako1.dat,457,1,804,True,DECLARED_OPOINT_NOT_RUNTIME_REACHABILITY
native,61,c/sako/sako1.dat,458,1,804,True,DECLARED_OPOINT_NOT_RUNTIME_REACHABILITY
native,61,c/sako/sako1.dat,459,1,804,True,DECLARED_OPOINT_NOT_RUNTIME_REACHABILITY
native,61,c/sako/sako1.dat,460,1,804,True,DECLARED_OPOINT_NOT_RUNTIME_REACHABILITY
native,61,c/sako/sako1.dat,461,1,804,True,DECLARED_OPOINT_NOT_RUNTIME_REACHABILITY
native,61,c/sako/sako1.dat,571,0,805,True,DECLARED_OPOINT_NOT_RUNTIME_REACHABILITY
native,61,c/sako/sako1.dat,580,0,805,True,DECLARED_OPOINT_NOT_RUNTIME_REACHABILITY
native,61,c/sako/sako1.dat,602,1,900,True,DECLARED_OPOINT_NOT_RUNTIME_REACHABILITY
native,61,c/sako/sako1.dat,631,1,204,True,DECLARED_OPOINT_NOT_RUNTIME_REACHABILITY
native,61,c/sako/sako1.dat,641,1,204,True,DECLARED_OPOINT_NOT_RUNTIME_REACHABILITY
native,81,c/sako/suk1.dat,61,0,805,True,DECLARED_OPOINT_NOT_RUNTIME_REACHABILITY
native,81,c/sako/suk1.dat,66,0,805,True,DECLARED_OPOINT_NOT_RUNTIME_REACHABILITY
native,81,c/sako/suk1.dat,71,0,805,True,DECLARED_OPOINT_NOT_RUNTIME_REACHABILITY
native,81,c/sako/suk1.dat,86,0,805,True,DECLARED_OPOINT_NOT_RUNTIME_REACHABILITY
native,81,c/sako/suk1.dat,91,0,805,True,DECLARED_OPOINT_NOT_RUNTIME_REACHABILITY
native,81,c/sako/suk1.dat,221,0,805,True,DECLARED_OPOINT_NOT_RUNTIME_REACHABILITY
native,81,c/sako/suk1.dat,223,0,805,True,DECLARED_OPOINT_NOT_RUNTIME_REACHABILITY
native,81,c/sako/suk1.dat,244,0,805,True,DECLARED_OPOINT_NOT_RUNTIME_REACHABILITY
native,81,c/sako/suk1.dat,251,0,805,True,DECLARED_OPOINT_NOT_RUNTIME_REACHABILITY
native,81,c/sako/suk1.dat,276,0,123,True,DECLARED_OPOINT_NOT_RUNTIME_REACHABILITY
native,81,c/sako/suk1.dat,277,0,204,True,DECLARED_OPOINT_NOT_RUNTIME_REACHABILITY
native,81,c/sako/suk1.dat,289,0,805,True,DECLARED_OPOINT_NOT_RUNTIME_REACHABILITY
native,81,c/sako/suk1.dat,331,0,805,True,DECLARED_OPOINT_NOT_RUNTIME_REACHABILITY
native,81,c/sako/suk1.dat,332,0,120,True,DECLARED_OPOINT_NOT_RUNTIME_REACHABILITY
native,81,c/sako/suk1.dat,432,0,846,True,DECLARED_OPOINT_NOT_RUNTIME_REACHABILITY
native,81,c/sako/suk1.dat,602,1,900,True,DECLARED_OPOINT_NOT_RUNTIME_REACHABILITY
native,81,c/sako/suk1.dat,631,1,204,True,DECLARED_OPOINT_NOT_RUNTIME_REACHABILITY
native,81,c/sako/suk1.dat,641,1,204,True,DECLARED_OPOINT_NOT_RUNTIME_REACHABILITY
native,83,c/sako/uko1.dat,61,0,805,True,DECLARED_OPOINT_NOT_RUNTIME_REACHABILITY
native,83,c/sako/uko1.dat,66,0,805,True,DECLARED_OPOINT_NOT_RUNTIME_REACHABILITY
native,83,c/sako/uko1.dat,71,0,805,True,DECLARED_OPOINT_NOT_RUNTIME_REACHABILITY
native,83,c/sako/uko1.dat,86,0,805,True,DECLARED_OPOINT_NOT_RUNTIME_REACHABILITY
native,83,c/sako/uko1.dat,91,0,805,True,DECLARED_OPOINT_NOT_RUNTIME_REACHABILITY
native,83,c/sako/uko1.dat,221,0,805,True,DECLARED_OPOINT_NOT_RUNTIME_REACHABILITY
native,83,c/sako/uko1.dat,223,0,805,True,DECLARED_OPOINT_NOT_RUNTIME_REACHABILITY
native,83,c/sako/uko1.dat,244,0,805,True,DECLARED_OPOINT_NOT_RUNTIME_REACHABILITY
native,83,c/sako/uko1.dat,251,0,805,True,DECLARED_OPOINT_NOT_RUNTIME_REACHABILITY
native,83,c/sako/uko1.dat,289,0,805,True,DECLARED_OPOINT_NOT_RUNTIME_REACHABILITY
native,83,c/sako/uko1.dat,331,0,805,True,DECLARED_OPOINT_NOT_RUNTIME_REACHABILITY
native,83,c/sako/uko1.dat,332,0,120,True,DECLARED_OPOINT_NOT_RUNTIME_REACHABILITY
native,35,c/sako/sako.dat,21,0,805,True,DECLARED_OPOINT_NOT_RUNTIME_REACHABILITY
native,35,c/sako/sako.dat,61,0,805,True,DECLARED_OPOINT_NOT_RUNTIME_REACHABILITY
native,35,c/sako/sako.dat,66,0,805,True,DECLARED_OPOINT_NOT_RUNTIME_REACHABILITY
native,35,c/sako/sako.dat,71,0,805,True,DECLARED_OPOINT_NOT_RUNTIME_REACHABILITY
native,35,c/sako/sako.dat,86,0,805,True,DECLARED_OPOINT_NOT_RUNTIME_REACHABILITY
native,35,c/sako/sako.dat,91,0,805,True,DECLARED_OPOINT_NOT_RUNTIME_REACHABILITY
native,35,c/sako/sako.dat,123,0,706,True,DECLARED_OPOINT_NOT_RUNTIME_REACHABILITY
native,35,c/sako/sako.dat,125,0,706,True,DECLARED_OPOINT_NOT_RUNTIME_REACHABILITY
native,35,c/sako/sako.dat,127,0,706,True,DECLARED_OPOINT_NOT_RUNTIME_REACHABILITY
native,35,c/sako/sako.dat,221,0,805,True,DECLARED_OPOINT_NOT_RUNTIME_REACHABILITY
native,35,c/sako/sako.dat,223,0,805,True,DECLARED_OPOINT_NOT_RUNTIME_REACHABILITY
native,35,c/sako/sako.dat,244,0,805,True,DECLARED_OPOINT_NOT_RUNTIME_REACHABILITY
native,35,c/sako/sako.dat,249,0,706,True,DECLARED_OPOINT_NOT_RUNTIME_REACHABILITY
native,35,c/sako/sako.dat,266,0,805,True,DECLARED_OPOINT_NOT_RUNTIME_REACHABILITY
native,35,c/sako/sako.dat,267,0,805,True,DECLARED_OPOINT_NOT_RUNTIME_REACHABILITY
native,35,c/sako/sako.dat,268,0,805,True,DECLARED_OPOINT_NOT_RUNTIME_REACHABILITY
native,35,c/sako/sako.dat,276,0,123,True,DECLARED_OPOINT_NOT_RUNTIME_REACHABILITY
native,35,c/sako/sako.dat,277,0,204,True,DECLARED_OPOINT_NOT_RUNTIME_REACHABILITY
native,35,c/sako/sako.dat,289,0,805,True,DECLARED_OPOINT_NOT_RUNTIME_REACHABILITY
native,35,c/sako/sako.dat,294,0,805,True,DECLARED_OPOINT_NOT_RUNTIME_REACHABILITY
native,35,c/sako/sako.dat,296,0,805,True,DECLARED_OPOINT_NOT_RUNTIME_REACHABILITY
native,35,c/sako/sako.dat,331,0,805,True,DECLARED_OPOINT_NOT_RUNTIME_REACHABILITY
native,35,c/sako/sako.dat,332,0,120,True,DECLARED_OPOINT_NOT_RUNTIME_REACHABILITY
native,35,c/sako/sako.dat,341,0,82,True,DECLARED_OPOINT_NOT_RUNTIME_REACHABILITY
native,35,c/sako/sako.dat,343,0,805,True,DECLARED_OPOINT_NOT_RUNTIME_REACHABILITY
native,35,c/sako/sako.dat,366,0,805,True,DECLARED_OPOINT_NOT_RUNTIME_REACHABILITY
native,35,c/sako/sako.dat,376,0,805,True,DECLARED_OPOINT_NOT_RUNTIME_REACHABILITY
native,35,c/sako/sako.dat,401,1,214,True,DECLARED_OPOINT_NOT_RUNTIME_REACHABILITY
native,35,c/sako/sako.dat,403,0,706,True,DECLARED_OPOINT_NOT_RUNTIME_REACHABILITY
native,35,c/sako/sako.dat,405,0,706,True,DECLARED_OPOINT_NOT_RUNTIME_REACHABILITY
native,35,c/sako/sako.dat,411,0,805,True,DECLARED_OPOINT_NOT_RUNTIME_REACHABILITY
native,35,c/sako/sako.dat,432,0,846,True,DECLARED_OPOINT_NOT_RUNTIME_REACHABILITY
native,35,c/sako/sako.dat,449,0,805,True,DECLARED_OPOINT_NOT_RUNTIME_REACHABILITY
native,35,c/sako/sako.dat,451,1,804,True,DECLARED_OPOINT_NOT_RUNTIME_REACHABILITY
native,35,c/sako/sako.dat,452,1,804,True,DECLARED_OPOINT_NOT_RUNTIME_REACHABILITY
native,35,c/sako/sako.dat,453,1,804,True,DECLARED_OPOINT_NOT_RUNTIME_REACHABILITY
native,35,c/sako/sako.dat,454,1,804,True,DECLARED_OPOINT_NOT_RUNTIME_REACHABILITY
native,35,c/sako/sako.dat,455,1,804,True,DECLARED_OPOINT_NOT_RUNTIME_REACHABILITY
native,35,c/sako/sako.dat,456,1,804,True,DECLARED_OPOINT_NOT_RUNTIME_REACHABILITY
native,35,c/sako/sako.dat,457,1,804,True,DECLARED_OPOINT_NOT_RUNTIME_REACHABILITY
native,35,c/sako/sako.dat,458,1,804,True,DECLARED_OPOINT_NOT_RUNTIME_REACHABILITY
native,35,c/sako/sako.dat,459,1,804,True,DECLARED_OPOINT_NOT_RUNTIME_REACHABILITY
native,35,c/sako/sako.dat,460,1,804,True,DECLARED_OPOINT_NOT_RUNTIME_REACHABILITY
native,35,c/sako/sako.dat,461,1,804,True,DECLARED_OPOINT_NOT_RUNTIME_REACHABILITY
native,35,c/sako/sako.dat,571,0,805,True,DECLARED_OPOINT_NOT_RUNTIME_REACHABILITY
native,35,c/sako/sako.dat,580,0,805,True,DECLARED_OPOINT_NOT_RUNTIME_REACHABILITY
native,35,c/sako/sako.dat,602,1,900,True,DECLARED_OPOINT_NOT_RUNTIME_REACHABILITY
native,35,c/sako/sako.dat,631,1,204,True,DECLARED_OPOINT_NOT_RUNTIME_REACHABILITY
native,35,c/sako/sako.dat,641,1,204,True,DECLARED_OPOINT_NOT_RUNTIME_REACHABILITY
native,80,c/sako/suk.dat,61,0,805,True,DECLARED_OPOINT_NOT_RUNTIME_REACHABILITY
native,80,c/sako/suk.dat,66,0,805,True,DECLARED_OPOINT_NOT_RUNTIME_REACHABILITY
native,80,c/sako/suk.dat,71,0,805,True,DECLARED_OPOINT_NOT_RUNTIME_REACHABILITY
native,80,c/sako/suk.dat,86,0,805,True,DECLARED_OPOINT_NOT_RUNTIME_REACHABILITY
native,80,c/sako/suk.dat,91,0,805,True,DECLARED_OPOINT_NOT_RUNTIME_REACHABILITY
native,80,c/sako/suk.dat,221,0,805,True,DECLARED_OPOINT_NOT_RUNTIME_REACHABILITY
native,80,c/sako/suk.dat,223,0,805,True,DECLARED_OPOINT_NOT_RUNTIME_REACHABILITY
native,80,c/sako/suk.dat,244,0,805,True,DECLARED_OPOINT_NOT_RUNTIME_REACHABILITY
native,80,c/sako/suk.dat,276,0,123,True,DECLARED_OPOINT_NOT_RUNTIME_REACHABILITY
native,80,c/sako/suk.dat,277,0,204,True,DECLARED_OPOINT_NOT_RUNTIME_REACHABILITY
native,80,c/sako/suk.dat,289,0,805,True,DECLARED_OPOINT_NOT_RUNTIME_REACHABILITY
native,80,c/sako/suk.dat,331,0,805,True,DECLARED_OPOINT_NOT_RUNTIME_REACHABILITY
native,80,c/sako/suk.dat,332,0,120,True,DECLARED_OPOINT_NOT_RUNTIME_REACHABILITY
native,80,c/sako/suk.dat,432,0,846,True,DECLARED_OPOINT_NOT_RUNTIME_REACHABILITY
native,80,c/sako/suk.dat,602,1,900,True,DECLARED_OPOINT_NOT_RUNTIME_REACHABILITY
native,80,c/sako/suk.dat,631,1,204,True,DECLARED_OPOINT_NOT_RUNTIME_REACHABILITY
native,80,c/sako/suk.dat,641,1,204,True,DECLARED_OPOINT_NOT_RUNTIME_REACHABILITY
native,82,c/sako/uko.dat,61,0,805,True,DECLARED_OPOINT_NOT_RUNTIME_REACHABILITY
native,82,c/sako/uko.dat,66,0,805,True,DECLARED_OPOINT_NOT_RUNTIME_REACHABILITY
native,82,c/sako/uko.dat,71,0,805,True,DECLARED_OPOINT_NOT_RUNTIME_REACHABILITY
native,82,c/sako/uko.dat,86,0,805,True,DECLARED_OPOINT_NOT_RUNTIME_REACHABILITY
native,82,c/sako/uko.dat,91,0,805,True,DECLARED_OPOINT_NOT_RUNTIME_REACHABILITY
native,82,c/sako/uko.dat,221,0,805,True,DECLARED_OPOINT_NOT_RUNTIME_REACHABILITY
native,82,c/sako/uko.dat,223,0,805,True,DECLARED_OPOINT_NOT_RUNTIME_REACHABILITY
native,82,c/sako/uko.dat,244,0,805,True,DECLARED_OPOINT_NOT_RUNTIME_REACHABILITY
native,82,c/sako/uko.dat,289,0,805,True,DECLARED_OPOINT_NOT_RUNTIME_REACHABILITY
native,82,c/sako/uko.dat,331,0,805,True,DECLARED_OPOINT_NOT_RUNTIME_REACHABILITY
native,82,c/sako/uko.dat,332,0,620,False,DECLARED_OPOINT_NOT_RUNTIME_REACHABILITY
native,805,c/sako/a/atk.dat,73,0,706,True,DECLARED_OPOINT_NOT_RUNTIME_REACHABILITY
native,805,c/sako/a/atk.dat,352,0,706,True,DECLARED_OPOINT_NOT_RUNTIME_REACHABILITY
native,805,c/sako/a/atk.dat,362,0,706,True,DECLARED_OPOINT_NOT_RUNTIME_REACHABILITY
native,805,c/sako/a/atk.dat,372,0,706,True,DECLARED_OPOINT_NOT_RUNTIME_REACHABILITY
native,805,c/sako/a/atk.dat,382,0,706,True,DECLARED_OPOINT_NOT_RUNTIME_REACHABILITY
native,805,c/sako/a/atk.dat,392,0,706,True,DECLARED_OPOINT_NOT_RUNTIME_REACHABILITY
native,62,c/tay/tay1.dat,47,0,439,True,DECLARED_OPOINT_NOT_RUNTIME_REACHABILITY
native,62,c/tay/tay1.dat,62,0,439,True,DECLARED_OPOINT_NOT_RUNTIME_REACHABILITY
native,62,c/tay/tay1.dat,68,0,439,True,DECLARED_OPOINT_NOT_RUNTIME_REACHABILITY
native,62,c/tay/tay1.dat,71,0,439,True,DECLARED_OPOINT_NOT_RUNTIME_REACHABILITY
native,62,c/tay/tay1.dat,87,0,439,True,DECLARED_OPOINT_NOT_RUNTIME_REACHABILITY
native,62,c/tay/tay1.dat,91,0,439,True,DECLARED_OPOINT_NOT_RUNTIME_REACHABILITY
native,62,c/tay/tay1.dat,221,0,439,True,DECLARED_OPOINT_NOT_RUNTIME_REACHABILITY
native,62,c/tay/tay1.dat,223,0,439,True,DECLARED_OPOINT_NOT_RUNTIME_REACHABILITY
native,62,c/tay/tay1.dat,236,0,204,True,DECLARED_OPOINT_NOT_RUNTIME_REACHABILITY
native,62,c/tay/tay1.dat,238,0,204,True,DECLARED_OPOINT_NOT_RUNTIME_REACHABILITY
native,62,c/tay/tay1.dat,263,0,439,True,DECLARED_OPOINT_NOT_RUNTIME_REACHABILITY
native,62,c/tay/tay1.dat,276,0,123,True,DECLARED_OPOINT_NOT_RUNTIME_REACHABILITY
native,62,c/tay/tay1.dat,277,0,204,True,DECLARED_OPOINT_NOT_RUNTIME_REACHABILITY
native,62,c/tay/tay1.dat,281,0,439,True,DECLARED_OPOINT_NOT_RUNTIME_REACHABILITY
native,62,c/tay/tay1.dat,283,0,439,True,DECLARED_OPOINT_NOT_RUNTIME_REACHABILITY
native,62,c/tay/tay1.dat,286,0,439,True,DECLARED_OPOINT_NOT_RUNTIME_REACHABILITY
native,62,c/tay/tay1.dat,287,0,439,True,DECLARED_OPOINT_NOT_RUNTIME_REACHABILITY
native,62,c/tay/tay1.dat,291,0,439,True,DECLARED_OPOINT_NOT_RUNTIME_REACHABILITY
native,62,c/tay/tay1.dat,292,0,439,True,DECLARED_OPOINT_NOT_RUNTIME_REACHABILITY
native,62,c/tay/tay1.dat,299,0,439,True,DECLARED_OPOINT_NOT_RUNTIME_REACHABILITY
native,62,c/tay/tay1.dat,300,0,439,True,DECLARED_OPOINT_NOT_RUNTIME_REACHABILITY
native,62,c/tay/tay1.dat,301,0,439,True,DECLARED_OPOINT_NOT_RUNTIME_REACHABILITY
native,62,c/tay/tay1.dat,302,0,439,True,DECLARED_OPOINT_NOT_RUNTIME_REACHABILITY
native,62,c/tay/tay1.dat,303,0,439,True,DECLARED_OPOINT_NOT_RUNTIME_REACHABILITY
native,62,c/tay/tay1.dat,304,0,439,True,DECLARED_OPOINT_NOT_RUNTIME_REACHABILITY
native,62,c/tay/tay1.dat,305,0,439,True,DECLARED_OPOINT_NOT_RUNTIME_REACHABILITY
native,62,c/tay/tay1.dat,351,0,120,True,DECLARED_OPOINT_NOT_RUNTIME_REACHABILITY
native,62,c/tay/tay1.dat,481,0,439,True,DECLARED_OPOINT_NOT_RUNTIME_REACHABILITY
native,62,c/tay/tay1.dat,483,0,439,True,DECLARED_OPOINT_NOT_RUNTIME_REACHABILITY
native,62,c/tay/tay1.dat,486,0,439,True,DECLARED_OPOINT_NOT_RUNTIME_REACHABILITY
native,62,c/tay/tay1.dat,487,0,439,True,DECLARED_OPOINT_NOT_RUNTIME_REACHABILITY
native,62,c/tay/tay1.dat,491,0,439,True,DECLARED_OPOINT_NOT_RUNTIME_REACHABILITY
native,62,c/tay/tay1.dat,492,0,439,True,DECLARED_OPOINT_NOT_RUNTIME_REACHABILITY
native,62,c/tay/tay1.dat,495,0,439,True,DECLARED_OPOINT_NOT_RUNTIME_REACHABILITY
native,62,c/tay/tay1.dat,631,1,204,True,DECLARED_OPOINT_NOT_RUNTIME_REACHABILITY
native,62,c/tay/tay1.dat,641,1,204,True,DECLARED_OPOINT_NOT_RUNTIME_REACHABILITY
native,62,c/tay/tay1.dat,668,0,439,True,DECLARED_OPOINT_NOT_RUNTIME_REACHABILITY
native,36,c/tay/tay.dat,47,0,439,True,DECLARED_OPOINT_NOT_RUNTIME_REACHABILITY
native,36,c/tay/tay.dat,62,0,439,True,DECLARED_OPOINT_NOT_RUNTIME_REACHABILITY
native,36,c/tay/tay.dat,68,0,439,True,DECLARED_OPOINT_NOT_RUNTIME_REACHABILITY
native,36,c/tay/tay.dat,71,0,439,True,DECLARED_OPOINT_NOT_RUNTIME_REACHABILITY
native,36,c/tay/tay.dat,87,0,439,True,DECLARED_OPOINT_NOT_RUNTIME_REACHABILITY
native,36,c/tay/tay.dat,91,0,439,True,DECLARED_OPOINT_NOT_RUNTIME_REACHABILITY
native,36,c/tay/tay.dat,221,0,439,True,DECLARED_OPOINT_NOT_RUNTIME_REACHABILITY
native,36,c/tay/tay.dat,223,0,439,True,DECLARED_OPOINT_NOT_RUNTIME_REACHABILITY
native,36,c/tay/tay.dat,236,0,204,True,DECLARED_OPOINT_NOT_RUNTIME_REACHABILITY
native,36,c/tay/tay.dat,238,0,204,True,DECLARED_OPOINT_NOT_RUNTIME_REACHABILITY
native,36,c/tay/tay.dat,263,0,439,True,DECLARED_OPOINT_NOT_RUNTIME_REACHABILITY
native,36,c/tay/tay.dat,276,0,123,True,DECLARED_OPOINT_NOT_RUNTIME_REACHABILITY
native,36,c/tay/tay.dat,277,0,204,True,DECLARED_OPOINT_NOT_RUNTIME_REACHABILITY
native,36,c/tay/tay.dat,281,0,439,True,DECLARED_OPOINT_NOT_RUNTIME_REACHABILITY
native,36,c/tay/tay.dat,283,0,439,True,DECLARED_OPOINT_NOT_RUNTIME_REACHABILITY
native,36,c/tay/tay.dat,286,0,439,True,DECLARED_OPOINT_NOT_RUNTIME_REACHABILITY
native,36,c/tay/tay.dat,287,0,439,True,DECLARED_OPOINT_NOT_RUNTIME_REACHABILITY
native,36,c/tay/tay.dat,291,0,439,True,DECLARED_OPOINT_NOT_RUNTIME_REACHABILITY
native,36,c/tay/tay.dat,292,0,439,True,DECLARED_OPOINT_NOT_RUNTIME_REACHABILITY
native,36,c/tay/tay.dat,299,0,439,True,DECLARED_OPOINT_NOT_RUNTIME_REACHABILITY
native,36,c/tay/tay.dat,300,0,439,True,DECLARED_OPOINT_NOT_RUNTIME_REACHABILITY
native,36,c/tay/tay.dat,301,0,439,True,DECLARED_OPOINT_NOT_RUNTIME_REACHABILITY
native,36,c/tay/tay.dat,302,0,439,True,DECLARED_OPOINT_NOT_RUNTIME_REACHABILITY
native,36,c/tay/tay.dat,303,0,439,True,DECLARED_OPOINT_NOT_RUNTIME_REACHABILITY
native,36,c/tay/tay.dat,304,0,439,True,DECLARED_OPOINT_NOT_RUNTIME_REACHABILITY
native,36,c/tay/tay.dat,305,0,439,True,DECLARED_OPOINT_NOT_RUNTIME_REACHABILITY
native,36,c/tay/tay.dat,311,0,439,True,DECLARED_OPOINT_NOT_RUNTIME_REACHABILITY
native,36,c/tay/tay.dat,312,0,439,True,DECLARED_OPOINT_NOT_RUNTIME_REACHABILITY
native,36,c/tay/tay.dat,313,0,439,True,DECLARED_OPOINT_NOT_RUNTIME_REACHABILITY
native,36,c/tay/tay.dat,314,1,439,True,DECLARED_OPOINT_NOT_RUNTIME_REACHABILITY
native,36,c/tay/tay.dat,315,1,439,True,DECLARED_OPOINT_NOT_RUNTIME_REACHABILITY
native,36,c/tay/tay.dat,315,2,439,True,DECLARED_OPOINT_NOT_RUNTIME_REACHABILITY
native,36,c/tay/tay.dat,315,3,439,True,DECLARED_OPOINT_NOT_RUNTIME_REACHABILITY
native,36,c/tay/tay.dat,315,4,439,True,DECLARED_OPOINT_NOT_RUNTIME_REACHABILITY
native,36,c/tay/tay.dat,351,0,120,True,DECLARED_OPOINT_NOT_RUNTIME_REACHABILITY
native,36,c/tay/tay.dat,402,0,846,True,DECLARED_OPOINT_NOT_RUNTIME_REACHABILITY
native,36,c/tay/tay.dat,481,0,439,True,DECLARED_OPOINT_NOT_RUNTIME_REACHABILITY
native,36,c/tay/tay.dat,483,0,439,True,DECLARED_OPOINT_NOT_RUNTIME_REACHABILITY
native,36,c/tay/tay.dat,486,0,439,True,DECLARED_OPOINT_NOT_RUNTIME_REACHABILITY
native,36,c/tay/tay.dat,487,0,439,True,DECLARED_OPOINT_NOT_RUNTIME_REACHABILITY
native,36,c/tay/tay.dat,491,0,439,True,DECLARED_OPOINT_NOT_RUNTIME_REACHABILITY
native,36,c/tay/tay.dat,492,0,439,True,DECLARED_OPOINT_NOT_RUNTIME_REACHABILITY
native,36,c/tay/tay.dat,495,0,439,True,DECLARED_OPOINT_NOT_RUNTIME_REACHABILITY
native,36,c/tay/tay.dat,631,1,204,True,DECLARED_OPOINT_NOT_RUNTIME_REACHABILITY
native,36,c/tay/tay.dat,641,1,204,True,DECLARED_OPOINT_NOT_RUNTIME_REACHABILITY
native,36,c/tay/tay.dat,668,0,439,True,DECLARED_OPOINT_NOT_RUNTIME_REACHABILITY
native,439,c/tay/a/mon.dat,46,0,439,True,DECLARED_OPOINT_NOT_RUNTIME_REACHABILITY
native,439,c/tay/a/mon.dat,49,0,229,True,DECLARED_OPOINT_NOT_RUNTIME_REACHABILITY
native,439,c/tay/a/mon.dat,52,0,439,True,DECLARED_OPOINT_NOT_RUNTIME_REACHABILITY
native,439,c/tay/a/mon.dat,56,0,439,True,DECLARED_OPOINT_NOT_RUNTIME_REACHABILITY
native,439,c/tay/a/mon.dat,62,0,439,True,DECLARED_OPOINT_NOT_RUNTIME_REACHABILITY
native,439,c/tay/a/mon.dat,67,0,229,True,DECLARED_OPOINT_NOT_RUNTIME_REACHABILITY
native,439,c/tay/a/mon.dat,73,0,439,True,DECLARED_OPOINT_NOT_RUNTIME_REACHABILITY
native,439,c/tay/a/mon.dat,78,0,229,True,DECLARED_OPOINT_NOT_RUNTIME_REACHABILITY
native,439,c/tay/a/mon.dat,217,0,439,True,DECLARED_OPOINT_NOT_RUNTIME_REACHABILITY
native,439,c/tay/a/mon.dat,218,0,439,True,DECLARED_OPOINT_NOT_RUNTIME_REACHABILITY
native,439,c/tay/a/mon.dat,237,0,439,True,DECLARED_OPOINT_NOT_RUNTIME_REACHABILITY
native,439,c/tay/a/mon.dat,238,0,439,True,DECLARED_OPOINT_NOT_RUNTIME_REACHABILITY
native,439,c/tay/a/mon.dat,257,0,439,True,DECLARED_OPOINT_NOT_RUNTIME_REACHABILITY
native,439,c/tay/a/mon.dat,258,0,439,True,DECLARED_OPOINT_NOT_RUNTIME_REACHABILITY
native,439,c/tay/a/mon.dat,301,0,439,True,DECLARED_OPOINT_NOT_RUNTIME_REACHABILITY
native,439,c/tay/a/mon.dat,304,0,439,True,DECLARED_OPOINT_NOT_RUNTIME_REACHABILITY
native,439,c/tay/a/mon.dat,311,0,439,True,DECLARED_OPOINT_NOT_RUNTIME_REACHABILITY
native,439,c/tay/a/mon.dat,314,0,439,True,DECLARED_OPOINT_NOT_RUNTIME_REACHABILITY
native,439,c/tay/a/mon.dat,321,0,439,True,DECLARED_OPOINT_NOT_RUNTIME_REACHABILITY
native,439,c/tay/a/mon.dat,324,0,439,True,DECLARED_OPOINT_NOT_RUNTIME_REACHABILITY
native,439,c/tay/a/mon.dat,326,0,229,True,DECLARED_OPOINT_NOT_RUNTIME_REACHABILITY
native,439,c/tay/a/mon.dat,361,0,36,True,DECLARED_OPOINT_NOT_RUNTIME_REACHABILITY
native,28,c/kim/kim1.dat,62,0,820,True,DECLARED_OPOINT_NOT_RUNTIME_REACHABILITY
native,28,c/kim/kim1.dat,67,0,820,True,DECLARED_OPOINT_NOT_RUNTIME_REACHABILITY
native,28,c/kim/kim1.dat,71,0,820,True,DECLARED_OPOINT_NOT_RUNTIME_REACHABILITY
native,28,c/kim/kim1.dat,86,0,820,True,DECLARED_OPOINT_NOT_RUNTIME_REACHABILITY
native,28,c/kim/kim1.dat,91,0,820,True,DECLARED_OPOINT_NOT_RUNTIME_REACHABILITY
native,28,c/kim/kim1.dat,221,0,820,True,DECLARED_OPOINT_NOT_RUNTIME_REACHABILITY
native,28,c/kim/kim1.dat,223,0,820,True,DECLARED_OPOINT_NOT_RUNTIME_REACHABILITY
native,28,c/kim/kim1.dat,236,0,204,True,DECLARED_OPOINT_NOT_RUNTIME_REACHABILITY
native,28,c/kim/kim1.dat,238,0,204,True,DECLARED_OPOINT_NOT_RUNTIME_REACHABILITY
native,28,c/kim/kim1.dat,251,0,123,True,DECLARED_OPOINT_NOT_RUNTIME_REACHABILITY
native,28,c/kim/kim1.dat,252,0,204,True,DECLARED_OPOINT_NOT_RUNTIME_REACHABILITY
native,28,c/kim/kim1.dat,256,0,820,True,DECLARED_OPOINT_NOT_RUNTIME_REACHABILITY
native,28,c/kim/kim1.dat,260,0,820,True,DECLARED_OPOINT_NOT_RUNTIME_REACHABILITY
native,28,c/kim/kim1.dat,261,0,820,True,DECLARED_OPOINT_NOT_RUNTIME_REACHABILITY
native,28,c/kim/kim1.dat,273,0,820,True,DECLARED_OPOINT_NOT_RUNTIME_REACHABILITY
native,28,c/kim/kim1.dat,291,0,820,True,DECLARED_OPOINT_NOT_RUNTIME_REACHABILITY
native,28,c/kim/kim1.dat,296,0,820,True,DECLARED_OPOINT_NOT_RUNTIME_REACHABILITY
native,28,c/kim/kim1.dat,301,1,820,True,DECLARED_OPOINT_NOT_RUNTIME_REACHABILITY
native,28,c/kim/kim1.dat,302,1,820,True,DECLARED_OPOINT_NOT_RUNTIME_REACHABILITY
native,28,c/kim/kim1.dat,303,1,820,True,DECLARED_OPOINT_NOT_RUNTIME_REACHABILITY
native,28,c/kim/kim1.dat,304,0,820,True,DECLARED_OPOINT_NOT_RUNTIME_REACHABILITY
native,28,c/kim/kim1.dat,305,0,820,True,DECLARED_OPOINT_NOT_RUNTIME_REACHABILITY
native,28,c/kim/kim1.dat,319,0,820,True,DECLARED_OPOINT_NOT_RUNTIME_REACHABILITY
native,28,c/kim/kim1.dat,321,0,820,True,DECLARED_OPOINT_NOT_RUNTIME_REACHABILITY
native,28,c/kim/kim1.dat,322,0,820,True,DECLARED_OPOINT_NOT_RUNTIME_REACHABILITY
native,28,c/kim/kim1.dat,327,1,820,True,DECLARED_OPOINT_NOT_RUNTIME_REACHABILITY
native,28,c/kim/kim1.dat,330,0,820,True,DECLARED_OPOINT_NOT_RUNTIME_REACHABILITY
native,28,c/kim/kim1.dat,331,0,820,True,DECLARED_OPOINT_NOT_RUNTIME_REACHABILITY
native,28,c/kim/kim1.dat,341,0,820,True,DECLARED_OPOINT_NOT_RUNTIME_REACHABILITY
native,28,c/kim/kim1.dat,631,1,204,True,DECLARED_OPOINT_NOT_RUNTIME_REACHABILITY
native,28,c/kim/kim1.dat,641,1,204,True,DECLARED_OPOINT_NOT_RUNTIME_REACHABILITY
native,28,c/kim/kim1.dat,667,0,820,True,DECLARED_OPOINT_NOT_RUNTIME_REACHABILITY
native,507,c/kim/kim.dat,62,0,820,True,DECLARED_OPOINT_NOT_RUNTIME_REACHABILITY
native,507,c/kim/kim.dat,67,0,820,True,DECLARED_OPOINT_NOT_RUNTIME_REACHABILITY
native,507,c/kim/kim.dat,71,0,820,True,DECLARED_OPOINT_NOT_RUNTIME_REACHABILITY
native,507,c/kim/kim.dat,86,0,820,True,DECLARED_OPOINT_NOT_RUNTIME_REACHABILITY
native,507,c/kim/kim.dat,91,0,820,True,DECLARED_OPOINT_NOT_RUNTIME_REACHABILITY
native,507,c/kim/kim.dat,221,0,820,True,DECLARED_OPOINT_NOT_RUNTIME_REACHABILITY
native,507,c/kim/kim.dat,223,0,820,True,DECLARED_OPOINT_NOT_RUNTIME_REACHABILITY
native,507,c/kim/kim.dat,251,0,123,True,DECLARED_OPOINT_NOT_RUNTIME_REACHABILITY
native,507,c/kim/kim.dat,252,0,204,True,DECLARED_OPOINT_NOT_RUNTIME_REACHABILITY
native,507,c/kim/kim.dat,256,0,820,True,DECLARED_OPOINT_NOT_RUNTIME_REACHABILITY
native,507,c/kim/kim.dat,260,0,820,True,DECLARED_OPOINT_NOT_RUNTIME_REACHABILITY
native,507,c/kim/kim.dat,261,0,820,True,DECLARED_OPOINT_NOT_RUNTIME_REACHABILITY
native,507,c/kim/kim.dat,273,0,820,True,DECLARED_OPOINT_NOT_RUNTIME_REACHABILITY
native,507,c/kim/kim.dat,291,0,820,True,DECLARED_OPOINT_NOT_RUNTIME_REACHABILITY
native,507,c/kim/kim.dat,296,0,820,True,DECLARED_OPOINT_NOT_RUNTIME_REACHABILITY
native,507,c/kim/kim.dat,301,1,820,True,DECLARED_OPOINT_NOT_RUNTIME_REACHABILITY
native,507,c/kim/kim.dat,302,1,820,True,DECLARED_OPOINT_NOT_RUNTIME_REACHABILITY
native,507,c/kim/kim.dat,303,1,820,True,DECLARED_OPOINT_NOT_RUNTIME_REACHABILITY
native,507,c/kim/kim.dat,304,0,820,True,DECLARED_OPOINT_NOT_RUNTIME_REACHABILITY
native,507,c/kim/kim.dat,305,0,820,True,DECLARED_OPOINT_NOT_RUNTIME_REACHABILITY
native,507,c/kim/kim.dat,311,0,820,True,DECLARED_OPOINT_NOT_RUNTIME_REACHABILITY
native,507,c/kim/kim.dat,313,0,820,True,DECLARED_OPOINT_NOT_RUNTIME_REACHABILITY
native,507,c/kim/kim.dat,314,0,820,True,DECLARED_OPOINT_NOT_RUNTIME_REACHABILITY
native,507,c/kim/kim.dat,315,0,820,True,DECLARED_OPOINT_NOT_RUNTIME_REACHABILITY
native,507,c/kim/kim.dat,316,0,820,True,DECLARED_OPOINT_NOT_RUNTIME_REACHABILITY
native,507,c/kim/kim.dat,317,0,820,True,DECLARED_OPOINT_NOT_RUNTIME_REACHABILITY
native,507,c/kim/kim.dat,319,0,820,True,DECLARED_OPOINT_NOT_RUNTIME_REACHABILITY
native,507,c/kim/kim.dat,321,0,820,True,DECLARED_OPOINT_NOT_RUNTIME_REACHABILITY
native,507,c/kim/kim.dat,322,0,820,True,DECLARED_OPOINT_NOT_RUNTIME_REACHABILITY
native,507,c/kim/kim.dat,326,0,820,True,DECLARED_OPOINT_NOT_RUNTIME_REACHABILITY
native,507,c/kim/kim.dat,327,1,820,True,DECLARED_OPOINT_NOT_RUNTIME_REACHABILITY
native,507,c/kim/kim.dat,330,0,820,True,DECLARED_OPOINT_NOT_RUNTIME_REACHABILITY
native,507,c/kim/kim.dat,331,0,820,True,DECLARED_OPOINT_NOT_RUNTIME_REACHABILITY
native,507,c/kim/kim.dat,341,0,820,True,DECLARED_OPOINT_NOT_RUNTIME_REACHABILITY
native,507,c/kim/kim.dat,351,0,820,True,DECLARED_OPOINT_NOT_RUNTIME_REACHABILITY
native,507,c/kim/kim.dat,352,0,820,True,DECLARED_OPOINT_NOT_RUNTIME_REACHABILITY
native,507,c/kim/kim.dat,352,1,820,True,DECLARED_OPOINT_NOT_RUNTIME_REACHABILITY
native,507,c/kim/kim.dat,402,0,846,True,DECLARED_OPOINT_NOT_RUNTIME_REACHABILITY
native,507,c/kim/kim.dat,631,1,204,True,DECLARED_OPOINT_NOT_RUNTIME_REACHABILITY
native,507,c/kim/kim.dat,641,1,204,True,DECLARED_OPOINT_NOT_RUNTIME_REACHABILITY
native,507,c/kim/kim.dat,667,0,820,True,DECLARED_OPOINT_NOT_RUNTIME_REACHABILITY
native,820,c/kim/a/bon.dat,171,0,820,True,DECLARED_OPOINT_NOT_RUNTIME_REACHABILITY
native,820,c/kim/a/bon.dat,174,0,820,True,DECLARED_OPOINT_NOT_RUNTIME_REACHABILITY
native,23,c/kab/kab.dat,22,0,862,True,DECLARED_OPOINT_NOT_RUNTIME_REACHABILITY
native,23,c/kab/kab.dat,27,0,862,True,DECLARED_OPOINT_NOT_RUNTIME_REACHABILITY
native,23,c/kab/kab.dat,32,0,862,True,DECLARED_OPOINT_NOT_RUNTIME_REACHABILITY
native,23,c/kab/kab.dat,46,0,862,True,DECLARED_OPOINT_NOT_RUNTIME_REACHABILITY
native,23,c/kab/kab.dat,54,0,862,True,DECLARED_OPOINT_NOT_RUNTIME_REACHABILITY
native,23,c/kab/kab.dat,61,0,862,True,DECLARED_OPOINT_NOT_RUNTIME_REACHABILITY
native,23,c/kab/kab.dat,66,0,862,True,DECLARED_OPOINT_NOT_RUNTIME_REACHABILITY
native,23,c/kab/kab.dat,71,0,862,True,DECLARED_OPOINT_NOT_RUNTIME_REACHABILITY
native,23,c/kab/kab.dat,86,0,862,True,DECLARED_OPOINT_NOT_RUNTIME_REACHABILITY
native,23,c/kab/kab.dat,91,0,862,True,DECLARED_OPOINT_NOT_RUNTIME_REACHABILITY
native,23,c/kab/kab.dat,173,0,706,True,DECLARED_OPOINT_NOT_RUNTIME_REACHABILITY
native,23,c/kab/kab.dat,174,0,862,True,DECLARED_OPOINT_NOT_RUNTIME_REACHABILITY
native,23,c/kab/kab.dat,175,0,862,True,DECLARED_OPOINT_NOT_RUNTIME_REACHABILITY
native,23,c/kab/kab.dat,178,0,862,True,DECLARED_OPOINT_NOT_RUNTIME_REACHABILITY
native,23,c/kab/kab.dat,179,0,515,True,DECLARED_OPOINT_NOT_RUNTIME_REACHABILITY
native,23,c/kab/kab.dat,211,0,862,True,DECLARED_OPOINT_NOT_RUNTIME_REACHABILITY
native,23,c/kab/kab.dat,236,0,204,True,DECLARED_OPOINT_NOT_RUNTIME_REACHABILITY
native,23,c/kab/kab.dat,237,0,862,True,DECLARED_OPOINT_NOT_RUNTIME_REACHABILITY
native,23,c/kab/kab.dat,238,0,204,True,DECLARED_OPOINT_NOT_RUNTIME_REACHABILITY
native,23,c/kab/kab.dat,253,0,862,True,DECLARED_OPOINT_NOT_RUNTIME_REACHABILITY
native,23,c/kab/kab.dat,254,0,900,True,DECLARED_OPOINT_NOT_RUNTIME_REACHABILITY
native,23,c/kab/kab.dat,255,0,900,True,DECLARED_OPOINT_NOT_RUNTIME_REACHABILITY
native,23,c/kab/kab.dat,256,0,900,True,DECLARED_OPOINT_NOT_RUNTIME_REACHABILITY
native,23,c/kab/kab.dat,257,0,900,True,DECLARED_OPOINT_NOT_RUNTIME_REACHABILITY
native,23,c/kab/kab.dat,258,0,900,True,DECLARED_OPOINT_NOT_RUNTIME_REACHABILITY
native,23,c/kab/kab.dat,259,0,900,True,DECLARED_OPOINT_NOT_RUNTIME_REACHABILITY
native,23,c/kab/kab.dat,263,0,862,True,DECLARED_OPOINT_NOT_RUNTIME_REACHABILITY
native,23,c/kab/kab.dat,268,0,862,True,DECLARED_OPOINT_NOT_RUNTIME_REACHABILITY
native,23,c/kab/kab.dat,273,0,862,True,DECLARED_OPOINT_NOT_RUNTIME_REACHABILITY
native,23,c/kab/kab.dat,276,0,123,True,DECLARED_OPOINT_NOT_RUNTIME_REACHABILITY
native,23,c/kab/kab.dat,277,0,204,True,DECLARED_OPOINT_NOT_RUNTIME_REACHABILITY
native,23,c/kab/kab.dat,287,0,862,True,DECLARED_OPOINT_NOT_RUNTIME_REACHABILITY
native,23,c/kab/kab.dat,288,0,862,True,DECLARED_OPOINT_NOT_RUNTIME_REACHABILITY
native,23,c/kab/kab.dat,294,0,862,True,DECLARED_OPOINT_NOT_RUNTIME_REACHABILITY
native,23,c/kab/kab.dat,296,0,862,True,DECLARED_OPOINT_NOT_RUNTIME_REACHABILITY
native,23,c/kab/kab.dat,301,0,862,True,DECLARED_OPOINT_NOT_RUNTIME_REACHABILITY
native,23,c/kab/kab.dat,309,0,437,True,DECLARED_OPOINT_NOT_RUNTIME_REACHABILITY
native,23,c/kab/kab.dat,321,0,862,True,DECLARED_OPOINT_NOT_RUNTIME_REACHABILITY
native,23,c/kab/kab.dat,327,0,862,True,DECLARED_OPOINT_NOT_RUNTIME_REACHABILITY
native,23,c/kab/kab.dat,332,1,862,True,DECLARED_OPOINT_NOT_RUNTIME_REACHABILITY
native,23,c/kab/kab.dat,333,1,862,True,DECLARED_OPOINT_NOT_RUNTIME_REACHABILITY
native,23,c/kab/kab.dat,336,0,120,True,DECLARED_OPOINT_NOT_RUNTIME_REACHABILITY
native,23,c/kab/kab.dat,337,0,862,True,DECLARED_OPOINT_NOT_RUNTIME_REACHABILITY
native,23,c/kab/kab.dat,341,0,862,True,DECLARED_OPOINT_NOT_RUNTIME_REACHABILITY
native,23,c/kab/kab.dat,346,0,862,True,DECLARED_OPOINT_NOT_RUNTIME_REACHABILITY
native,23,c/kab/kab.dat,349,0,437,True,DECLARED_OPOINT_NOT_RUNTIME_REACHABILITY
native,23,c/kab/kab.dat,360,1,862,True,DECLARED_OPOINT_NOT_RUNTIME_REACHABILITY
native,23,c/kab/kab.dat,361,1,23,True,DECLARED_OPOINT_NOT_RUNTIME_REACHABILITY
native,23,c/kab/kab.dat,364,0,204,True,DECLARED_OPOINT_NOT_RUNTIME_REACHABILITY
native,23,c/kab/kab.dat,365,0,703,True,DECLARED_OPOINT_NOT_RUNTIME_REACHABILITY
native,23,c/kab/kab.dat,369,0,437,True,DECLARED_OPOINT_NOT_RUNTIME_REACHABILITY
native,23,c/kab/kab.dat,371,0,862,True,DECLARED_OPOINT_NOT_RUNTIME_REACHABILITY
native,23,c/kab/kab.dat,406,1,862,True,DECLARED_OPOINT_NOT_RUNTIME_REACHABILITY
native,23,c/kab/kab.dat,407,1,23,True,DECLARED_OPOINT_NOT_RUNTIME_REACHABILITY
native,23,c/kab/kab.dat,410,0,204,True,DECLARED_OPOINT_NOT_RUNTIME_REACHABILITY
native,23,c/kab/kab.dat,411,0,703,True,DECLARED_OPOINT_NOT_RUNTIME_REACHABILITY
native,23,c/kab/kab.dat,416,1,862,True,DECLARED_OPOINT_NOT_RUNTIME_REACHABILITY
native,23,c/kab/kab.dat,431,0,862,True,DECLARED_OPOINT_NOT_RUNTIME_REACHABILITY
native,23,c/kab/kab.dat,432,0,860,True,DECLARED_OPOINT_NOT_RUNTIME_REACHABILITY
native,23,c/kab/kab.dat,441,0,862,True,DECLARED_OPOINT_NOT_RUNTIME_REACHABILITY
native,23,c/kab/kab.dat,442,0,861,True,DECLARED_OPOINT_NOT_RUNTIME_REACHABILITY
native,23,c/kab/kab.dat,631,1,204,True,DECLARED_OPOINT_NOT_RUNTIME_REACHABILITY
native,23,c/kab/kab.dat,641,1,204,True,DECLARED_OPOINT_NOT_RUNTIME_REACHABILITY
native,23,c/kab/kab.dat,667,0,862,True,DECLARED_OPOINT_NOT_RUNTIME_REACHABILITY
native,23,c/kab/kab.dat,671,0,862,True,DECLARED_OPOINT_NOT_RUNTIME_REACHABILITY
native,860,c/kab/tsurugi.dat,401,0,204,True,DECLARED_OPOINT_NOT_RUNTIME_REACHABILITY
native,860,c/kab/tsurugi.dat,402,0,862,True,DECLARED_OPOINT_NOT_RUNTIME_REACHABILITY
native,860,c/kab/tsurugi.dat,602,1,900,True,DECLARED_OPOINT_NOT_RUNTIME_REACHABILITY
native,861,c/kab/yoroi.dat,401,0,204,True,DECLARED_OPOINT_NOT_RUNTIME_REACHABILITY
native,861,c/kab/yoroi.dat,402,0,862,True,DECLARED_OPOINT_NOT_RUNTIME_REACHABILITY
native,437,c/kab/a/cha.dat,20,0,862,True,DECLARED_OPOINT_NOT_RUNTIME_REACHABILITY
native,437,c/kab/a/cha.dat,21,0,862,True,DECLARED_OPOINT_NOT_RUNTIME_REACHABILITY
native,437,c/kab/a/cha.dat,22,0,862,True,DECLARED_OPOINT_NOT_RUNTIME_REACHABILITY
native,437,c/kab/a/cha.dat,23,0,862,True,DECLARED_OPOINT_NOT_RUNTIME_REACHABILITY
native,437,c/kab/a/cha.dat,24,0,862,True,DECLARED_OPOINT_NOT_RUNTIME_REACHABILITY
native,437,c/kab/a/cha.dat,25,0,862,True,DECLARED_OPOINT_NOT_RUNTIME_REACHABILITY
native,437,c/kab/a/cha.dat,26,0,862,True,DECLARED_OPOINT_NOT_RUNTIME_REACHABILITY
native,437,c/kab/a/cha.dat,27,0,862,True,DECLARED_OPOINT_NOT_RUNTIME_REACHABILITY
native,437,c/kab/a/cha.dat,28,0,862,True,DECLARED_OPOINT_NOT_RUNTIME_REACHABILITY
native,437,c/kab/a/cha.dat,29,0,862,True,DECLARED_OPOINT_NOT_RUNTIME_REACHABILITY
native,437,c/kab/a/cha.dat,30,0,862,True,DECLARED_OPOINT_NOT_RUNTIME_REACHABILITY
native,437,c/kab/a/cha.dat,31,0,862,True,DECLARED_OPOINT_NOT_RUNTIME_REACHABILITY
native,437,c/kab/a/cha.dat,32,0,862,True,DECLARED_OPOINT_NOT_RUNTIME_REACHABILITY
native,437,c/kab/a/cha.dat,33,0,862,True,DECLARED_OPOINT_NOT_RUNTIME_REACHABILITY
native,437,c/kab/a/cha.dat,34,0,862,True,DECLARED_OPOINT_NOT_RUNTIME_REACHABILITY
native,437,c/kab/a/cha.dat,35,0,862,True,DECLARED_OPOINT_NOT_RUNTIME_REACHABILITY
native,437,c/kab/a/cha.dat,36,0,862,True,DECLARED_OPOINT_NOT_RUNTIME_REACHABILITY
native,437,c/kab/a/cha.dat,100,0,862,True,DECLARED_OPOINT_NOT_RUNTIME_REACHABILITY
native,862,c/kab/a/atk.dat,41,0,204,True,DECLARED_OPOINT_NOT_RUNTIME_REACHABILITY
native,862,c/kab/a/atk.dat,240,0,862,True,DECLARED_OPOINT_NOT_RUNTIME_REACHABILITY
native,862,c/kab/a/atk.dat,241,0,862,True,DECLARED_OPOINT_NOT_RUNTIME_REACHABILITY
native,862,c/kab/a/atk.dat,242,0,862,True,DECLARED_OPOINT_NOT_RUNTIME_REACHABILITY
native,862,c/kab/a/atk.dat,244,0,862,True,DECLARED_OPOINT_NOT_RUNTIME_REACHABILITY
native,862,c/kab/a/atk.dat,245,0,862,True,DECLARED_OPOINT_NOT_RUNTIME_REACHABILITY
native,862,c/kab/a/atk.dat,246,0,862,True,DECLARED_OPOINT_NOT_RUNTIME_REACHABILITY
native,862,c/kab/a/atk.dat,256,0,862,True,DECLARED_OPOINT_NOT_RUNTIME_REACHABILITY
native,862,c/kab/a/atk.dat,258,0,435,True,DECLARED_OPOINT_NOT_RUNTIME_REACHABILITY
native,862,c/kab/a/atk.dat,350,0,204,True,DECLARED_OPOINT_NOT_RUNTIME_REACHABILITY
native,862,c/kab/a/atk.dat,355,0,222,True,DECLARED_OPOINT_NOT_RUNTIME_REACHABILITY
native,862,c/kab/a/atk.dat,356,0,222,True,DECLARED_OPOINT_NOT_RUNTIME_REACHABILITY
native,862,c/kab/a/atk.dat,451,0,204,True,DECLARED_OPOINT_NOT_RUNTIME_REACHABILITY
native,20,c/oro/oro.dat,22,0,888,True,DECLARED_OPOINT_NOT_RUNTIME_REACHABILITY
native,20,c/oro/oro.dat,61,0,888,True,DECLARED_OPOINT_NOT_RUNTIME_REACHABILITY
native,20,c/oro/oro.dat,66,0,888,True,DECLARED_OPOINT_NOT_RUNTIME_REACHABILITY
native,20,c/oro/oro.dat,71,0,888,True,DECLARED_OPOINT_NOT_RUNTIME_REACHABILITY
native,20,c/oro/oro.dat,86,0,888,True,DECLARED_OPOINT_NOT_RUNTIME_REACHABILITY
native,20,c/oro/oro.dat,223,0,888,True,DECLARED_OPOINT_NOT_RUNTIME_REACHABILITY
native,20,c/oro/oro.dat,239,0,888,True,DECLARED_OPOINT_NOT_RUNTIME_REACHABILITY
native,20,c/oro/oro.dat,248,0,227,True,DECLARED_OPOINT_NOT_RUNTIME_REACHABILITY
native,20,c/oro/oro.dat,249,0,227,True,DECLARED_OPOINT_NOT_RUNTIME_REACHABILITY
native,20,c/oro/oro.dat,254,0,888,True,DECLARED_OPOINT_NOT_RUNTIME_REACHABILITY
native,20,c/oro/oro.dat,256,0,888,True,DECLARED_OPOINT_NOT_RUNTIME_REACHABILITY
native,20,c/oro/oro.dat,271,0,123,True,DECLARED_OPOINT_NOT_RUNTIME_REACHABILITY
native,20,c/oro/oro.dat,272,0,204,True,DECLARED_OPOINT_NOT_RUNTIME_REACHABILITY
native,20,c/oro/oro.dat,289,0,888,True,DECLARED_OPOINT_NOT_RUNTIME_REACHABILITY
native,20,c/oro/oro.dat,297,0,888,True,DECLARED_OPOINT_NOT_RUNTIME_REACHABILITY
native,20,c/oro/oro.dat,298,1,888,True,DECLARED_OPOINT_NOT_RUNTIME_REACHABILITY
native,20,c/oro/oro.dat,316,0,888,True,DECLARED_OPOINT_NOT_RUNTIME_REACHABILITY
native,20,c/oro/oro.dat,318,0,888,True,DECLARED_OPOINT_NOT_RUNTIME_REACHABILITY
native,20,c/oro/oro.dat,341,1,888,True,DECLARED_OPOINT_NOT_RUNTIME_REACHABILITY
native,20,c/oro/oro.dat,401,0,888,True,DECLARED_OPOINT_NOT_RUNTIME_REACHABILITY
native,20,c/oro/oro.dat,402,0,884,True,DECLARED_OPOINT_NOT_RUNTIME_REACHABILITY
native,20,c/oro/oro.dat,403,0,884,True,DECLARED_OPOINT_NOT_RUNTIME_REACHABILITY
native,20,c/oro/oro.dat,411,0,884,True,DECLARED_OPOINT_NOT_RUNTIME_REACHABILITY
native,20,c/oro/oro.dat,412,0,888,True,DECLARED_OPOINT_NOT_RUNTIME_REACHABILITY
native,20,c/oro/oro.dat,413,0,888,True,DECLARED_OPOINT_NOT_RUNTIME_REACHABILITY
native,20,c/oro/oro.dat,451,0,888,True,DECLARED_OPOINT_NOT_RUNTIME_REACHABILITY
native,20,c/oro/oro.dat,631,1,204,True,DECLARED_OPOINT_NOT_RUNTIME_REACHABILITY
native,20,c/oro/oro.dat,641,1,204,True,DECLARED_OPOINT_NOT_RUNTIME_REACHABILITY
native,20,c/oro/oro.dat,666,0,888,True,DECLARED_OPOINT_NOT_RUNTIME_REACHABILITY
native,88,c/oro/1.dat,76,0,888,True,DECLARED_OPOINT_NOT_RUNTIME_REACHABILITY
native,89,c/oro/2.dat,76,0,888,True,DECLARED_OPOINT_NOT_RUNTIME_REACHABILITY
native,888,c/oro/a/atk.dat,221,0,888,True,DECLARED_OPOINT_NOT_RUNTIME_REACHABILITY
native,888,c/oro/a/atk.dat,222,0,888,True,DECLARED_OPOINT_NOT_RUNTIME_REACHABILITY
native,888,c/oro/a/atk.dat,223,0,888,True,DECLARED_OPOINT_NOT_RUNTIME_REACHABILITY
native,888,c/oro/a/atk.dat,452,0,706,True,DECLARED_OPOINT_NOT_RUNTIME_REACHABILITY
native,888,c/oro/a/atk.dat,453,0,706,True,DECLARED_OPOINT_NOT_RUNTIME_REACHABILITY
native,888,c/oro/a/atk.dat,472,0,706,True,DECLARED_OPOINT_NOT_RUNTIME_REACHABILITY
native,888,c/oro/a/atk.dat,473,0,706,True,DECLARED_OPOINT_NOT_RUNTIME_REACHABILITY
native,888,c/oro/a/atk.dat,492,0,706,True,DECLARED_OPOINT_NOT_RUNTIME_REACHABILITY
native,888,c/oro/a/atk.dat,493,0,706,True,DECLARED_OPOINT_NOT_RUNTIME_REACHABILITY
native,888,c/oro/a/atk.dat,548,0,883,True,DECLARED_OPOINT_NOT_RUNTIME_REACHABILITY
native,888,c/oro/a/atk.dat,559,0,88,True,DECLARED_OPOINT_NOT_RUNTIME_REACHABILITY
native,888,c/oro/a/atk.dat,648,0,883,True,DECLARED_OPOINT_NOT_RUNTIME_REACHABILITY
native,888,c/oro/a/atk.dat,659,0,89,True,DECLARED_OPOINT_NOT_RUNTIME_REACHABILITY
native,21,c/jira/jira.dat,21,0,414,True,DECLARED_OPOINT_NOT_RUNTIME_REACHABILITY
native,21,c/jira/jira.dat,22,0,414,True,DECLARED_OPOINT_NOT_RUNTIME_REACHABILITY
native,21,c/jira/jira.dat,23,0,414,True,DECLARED_OPOINT_NOT_RUNTIME_REACHABILITY
native,21,c/jira/jira.dat,24,0,414,True,DECLARED_OPOINT_NOT_RUNTIME_REACHABILITY
native,21,c/jira/jira.dat,26,0,414,True,DECLARED_OPOINT_NOT_RUNTIME_REACHABILITY
native,21,c/jira/jira.dat,27,0,414,True,DECLARED_OPOINT_NOT_RUNTIME_REACHABILITY
native,21,c/jira/jira.dat,28,0,414,True,DECLARED_OPOINT_NOT_RUNTIME_REACHABILITY
native,21,c/jira/jira.dat,29,0,414,True,DECLARED_OPOINT_NOT_RUNTIME_REACHABILITY
native,21,c/jira/jira.dat,31,0,414,True,DECLARED_OPOINT_NOT_RUNTIME_REACHABILITY
native,21,c/jira/jira.dat,32,0,414,True,DECLARED_OPOINT_NOT_RUNTIME_REACHABILITY
native,21,c/jira/jira.dat,33,0,414,True,DECLARED_OPOINT_NOT_RUNTIME_REACHABILITY
native,21,c/jira/jira.dat,36,0,414,True,DECLARED_OPOINT_NOT_RUNTIME_REACHABILITY
native,21,c/jira/jira.dat,37,0,414,True,DECLARED_OPOINT_NOT_RUNTIME_REACHABILITY
native,21,c/jira/jira.dat,38,0,414,True,DECLARED_OPOINT_NOT_RUNTIME_REACHABILITY
native,21,c/jira/jira.dat,39,0,414,True,DECLARED_OPOINT_NOT_RUNTIME_REACHABILITY
native,21,c/jira/jira.dat,41,0,414,True,DECLARED_OPOINT_NOT_RUNTIME_REACHABILITY
native,21,c/jira/jira.dat,42,0,414,True,DECLARED_OPOINT_NOT_RUNTIME_REACHABILITY
native,21,c/jira/jira.dat,43,0,414,True,DECLARED_OPOINT_NOT_RUNTIME_REACHABILITY
native,21,c/jira/jira.dat,44,0,414,True,DECLARED_OPOINT_NOT_RUNTIME_REACHABILITY
native,21,c/jira/jira.dat,48,0,414,True,DECLARED_OPOINT_NOT_RUNTIME_REACHABILITY
native,21,c/jira/jira.dat,49,0,414,True,DECLARED_OPOINT_NOT_RUNTIME_REACHABILITY
native,21,c/jira/jira.dat,55,0,414,True,DECLARED_OPOINT_NOT_RUNTIME_REACHABILITY
native,21,c/jira/jira.dat,56,0,423,True,DECLARED_OPOINT_NOT_RUNTIME_REACHABILITY
native,21,c/jira/jira.dat,61,0,414,True,DECLARED_OPOINT_NOT_RUNTIME_REACHABILITY
native,21,c/jira/jira.dat,66,0,414,True,DECLARED_OPOINT_NOT_RUNTIME_REACHABILITY
native,21,c/jira/jira.dat,72,0,414,True,DECLARED_OPOINT_NOT_RUNTIME_REACHABILITY
native,21,c/jira/jira.dat,87,0,414,True,DECLARED_OPOINT_NOT_RUNTIME_REACHABILITY
native,21,c/jira/jira.dat,91,0,414,True,DECLARED_OPOINT_NOT_RUNTIME_REACHABILITY
native,21,c/jira/jira.dat,94,0,414,True,DECLARED_OPOINT_NOT_RUNTIME_REACHABILITY
native,21,c/jira/jira.dat,97,0,414,True,DECLARED_OPOINT_NOT_RUNTIME_REACHABILITY
native,21,c/jira/jira.dat,221,0,414,True,DECLARED_OPOINT_NOT_RUNTIME_REACHABILITY
native,21,c/jira/jira.dat,223,0,414,True,DECLARED_OPOINT_NOT_RUNTIME_REACHABILITY
native,21,c/jira/jira.dat,236,0,414,True,DECLARED_OPOINT_NOT_RUNTIME_REACHABILITY
native,21,c/jira/jira.dat,246,0,414,True,DECLARED_OPOINT_NOT_RUNTIME_REACHABILITY
native,21,c/jira/jira.dat,304,0,414,True,DECLARED_OPOINT_NOT_RUNTIME_REACHABILITY
native,21,c/jira/jira.dat,418,0,414,True,DECLARED_OPOINT_NOT_RUNTIME_REACHABILITY
native,21,c/jira/jira.dat,457,0,414,True,DECLARED_OPOINT_NOT_RUNTIME_REACHABILITY
native,21,c/jira/jira.dat,260,0,414,True,DECLARED_OPOINT_NOT_RUNTIME_REACHABILITY
native,21,c/jira/jira.dat,261,0,414,True,DECLARED_OPOINT_NOT_RUNTIME_REACHABILITY
native,21,c/jira/jira.dat,271,0,123,True,DECLARED_OPOINT_NOT_RUNTIME_REACHABILITY
native,21,c/jira/jira.dat,272,0,204,True,DECLARED_OPOINT_NOT_RUNTIME_REACHABILITY
native,21,c/jira/jira.dat,302,0,414,True,DECLARED_OPOINT_NOT_RUNTIME_REACHABILITY
native,21,c/jira/jira.dat,294,0,423,True,DECLARED_OPOINT_NOT_RUNTIME_REACHABILITY
native,21,c/jira/jira.dat,300,0,423,True,DECLARED_OPOINT_NOT_RUNTIME_REACHABILITY
native,21,c/jira/jira.dat,685,0,423,True,DECLARED_OPOINT_NOT_RUNTIME_REACHABILITY
native,21,c/jira/jira.dat,306,0,204,True,DECLARED_OPOINT_NOT_RUNTIME_REACHABILITY
native,21,c/jira/jira.dat,308,0,204,True,DECLARED_OPOINT_NOT_RUNTIME_REACHABILITY
native,21,c/jira/jira.dat,317,0,414,True,DECLARED_OPOINT_NOT_RUNTIME_REACHABILITY
native,21,c/jira/jira.dat,318,0,414,True,DECLARED_OPOINT_NOT_RUNTIME_REACHABILITY
native,21,c/jira/jira.dat,325,0,414,True,DECLARED_OPOINT_NOT_RUNTIME_REACHABILITY
native,21,c/jira/jira.dat,326,0,414,True,DECLARED_OPOINT_NOT_RUNTIME_REACHABILITY
native,21,c/jira/jira.dat,327,0,414,True,DECLARED_OPOINT_NOT_RUNTIME_REACHABILITY
native,21,c/jira/jira.dat,328,0,414,True,DECLARED_OPOINT_NOT_RUNTIME_REACHABILITY
native,21,c/jira/jira.dat,329,0,414,True,DECLARED_OPOINT_NOT_RUNTIME_REACHABILITY
native,21,c/jira/jira.dat,330,0,414,True,DECLARED_OPOINT_NOT_RUNTIME_REACHABILITY
native,21,c/jira/jira.dat,331,0,414,True,DECLARED_OPOINT_NOT_RUNTIME_REACHABILITY
native,21,c/jira/jira.dat,332,0,414,True,DECLARED_OPOINT_NOT_RUNTIME_REACHABILITY
native,21,c/jira/jira.dat,333,0,414,True,DECLARED_OPOINT_NOT_RUNTIME_REACHABILITY
native,21,c/jira/jira.dat,334,0,414,True,DECLARED_OPOINT_NOT_RUNTIME_REACHABILITY
native,21,c/jira/jira.dat,347,0,414,True,DECLARED_OPOINT_NOT_RUNTIME_REACHABILITY
native,21,c/jira/jira.dat,348,0,414,True,DECLARED_OPOINT_NOT_RUNTIME_REACHABILITY
native,21,c/jira/jira.dat,349,0,414,True,DECLARED_OPOINT_NOT_RUNTIME_REACHABILITY
native,21,c/jira/jira.dat,350,0,414,True,DECLARED_OPOINT_NOT_RUNTIME_REACHABILITY
native,21,c/jira/jira.dat,351,0,414,True,DECLARED_OPOINT_NOT_RUNTIME_REACHABILITY
native,21,c/jira/jira.dat,367,3,423,True,DECLARED_OPOINT_NOT_RUNTIME_REACHABILITY
native,21,c/jira/jira.dat,375,0,414,True,DECLARED_OPOINT_NOT_RUNTIME_REACHABILITY
native,21,c/jira/jira.dat,376,0,414,True,DECLARED_OPOINT_NOT_RUNTIME_REACHABILITY
native,21,c/jira/jira.dat,377,0,414,True,DECLARED_OPOINT_NOT_RUNTIME_REACHABILITY
native,21,c/jira/jira.dat,378,0,414,True,DECLARED_OPOINT_NOT_RUNTIME_REACHABILITY
native,21,c/jira/jira.dat,379,0,414,True,DECLARED_OPOINT_NOT_RUNTIME_REACHABILITY
native,21,c/jira/jira.dat,382,0,414,True,DECLARED_OPOINT_NOT_RUNTIME_REACHABILITY
native,21,c/jira/jira.dat,383,0,414,True,DECLARED_OPOINT_NOT_RUNTIME_REACHABILITY
native,21,c/jira/jira.dat,384,0,414,True,DECLARED_OPOINT_NOT_RUNTIME_REACHABILITY
native,21,c/jira/jira.dat,431,0,414,True,DECLARED_OPOINT_NOT_RUNTIME_REACHABILITY
native,21,c/jira/jira.dat,432,0,414,True,DECLARED_OPOINT_NOT_RUNTIME_REACHABILITY
native,21,c/jira/jira.dat,433,0,414,True,DECLARED_OPOINT_NOT_RUNTIME_REACHABILITY
native,21,c/jira/jira.dat,434,0,414,True,DECLARED_OPOINT_NOT_RUNTIME_REACHABILITY
native,21,c/jira/jira.dat,435,0,414,True,DECLARED_OPOINT_NOT_RUNTIME_REACHABILITY
native,21,c/jira/jira.dat,436,0,414,True,DECLARED_OPOINT_NOT_RUNTIME_REACHABILITY
native,21,c/jira/jira.dat,437,0,414,True,DECLARED_OPOINT_NOT_RUNTIME_REACHABILITY
native,21,c/jira/jira.dat,438,0,414,True,DECLARED_OPOINT_NOT_RUNTIME_REACHABILITY
native,21,c/jira/jira.dat,339,0,414,True,DECLARED_OPOINT_NOT_RUNTIME_REACHABILITY
native,21,c/jira/jira.dat,440,0,414,True,DECLARED_OPOINT_NOT_RUNTIME_REACHABILITY
native,21,c/jira/jira.dat,441,0,414,True,DECLARED_OPOINT_NOT_RUNTIME_REACHABILITY
native,21,c/jira/jira.dat,442,0,414,True,DECLARED_OPOINT_NOT_RUNTIME_REACHABILITY
native,21,c/jira/jira.dat,443,0,414,True,DECLARED_OPOINT_NOT_RUNTIME_REACHABILITY
native,21,c/jira/jira.dat,444,0,414,True,DECLARED_OPOINT_NOT_RUNTIME_REACHABILITY
native,21,c/jira/jira.dat,445,0,414,True,DECLARED_OPOINT_NOT_RUNTIME_REACHABILITY
native,21,c/jira/jira.dat,446,0,414,True,DECLARED_OPOINT_NOT_RUNTIME_REACHABILITY
native,21,c/jira/jira.dat,447,0,414,True,DECLARED_OPOINT_NOT_RUNTIME_REACHABILITY
native,21,c/jira/jira.dat,448,0,414,True,DECLARED_OPOINT_NOT_RUNTIME_REACHABILITY
native,21,c/jira/jira.dat,453,1,414,True,DECLARED_OPOINT_NOT_RUNTIME_REACHABILITY
native,21,c/jira/jira.dat,601,1,900,True,DECLARED_OPOINT_NOT_RUNTIME_REACHABILITY
native,21,c/jira/jira.dat,602,0,414,True,DECLARED_OPOINT_NOT_RUNTIME_REACHABILITY
native,21,c/jira/jira.dat,607,1,900,True,DECLARED_OPOINT_NOT_RUNTIME_REACHABILITY
native,21,c/jira/jira.dat,608,0,414,True,DECLARED_OPOINT_NOT_RUNTIME_REACHABILITY
native,21,c/jira/jira.dat,620,0,414,True,DECLARED_OPOINT_NOT_RUNTIME_REACHABILITY
native,21,c/jira/jira.dat,631,1,204,True,DECLARED_OPOINT_NOT_RUNTIME_REACHABILITY
native,21,c/jira/jira.dat,641,1,204,True,DECLARED_OPOINT_NOT_RUNTIME_REACHABILITY
native,21,c/jira/jira.dat,666,0,414,True,DECLARED_OPOINT_NOT_RUNTIME_REACHABILITY
native,21,c/jira/jira.dat,764,3,424,True,DECLARED_OPOINT_NOT_RUNTIME_REACHABILITY
native,701,c/jira/pre.dat,21,0,414,True,DECLARED_OPOINT_NOT_RUNTIME_REACHABILITY
native,701,c/jira/pre.dat,22,0,414,True,DECLARED_OPOINT_NOT_RUNTIME_REACHABILITY
native,701,c/jira/pre.dat,23,0,414,True,DECLARED_OPOINT_NOT_RUNTIME_REACHABILITY
native,701,c/jira/pre.dat,24,0,414,True,DECLARED_OPOINT_NOT_RUNTIME_REACHABILITY
native,701,c/jira/pre.dat,26,0,414,True,DECLARED_OPOINT_NOT_RUNTIME_REACHABILITY
native,701,c/jira/pre.dat,27,0,414,True,DECLARED_OPOINT_NOT_RUNTIME_REACHABILITY
native,701,c/jira/pre.dat,28,0,414,True,DECLARED_OPOINT_NOT_RUNTIME_REACHABILITY
native,701,c/jira/pre.dat,29,0,414,True,DECLARED_OPOINT_NOT_RUNTIME_REACHABILITY
native,701,c/jira/pre.dat,31,0,414,True,DECLARED_OPOINT_NOT_RUNTIME_REACHABILITY
native,701,c/jira/pre.dat,32,0,414,True,DECLARED_OPOINT_NOT_RUNTIME_REACHABILITY
native,701,c/jira/pre.dat,33,0,414,True,DECLARED_OPOINT_NOT_RUNTIME_REACHABILITY
native,701,c/jira/pre.dat,36,0,414,True,DECLARED_OPOINT_NOT_RUNTIME_REACHABILITY
native,701,c/jira/pre.dat,37,0,414,True,DECLARED_OPOINT_NOT_RUNTIME_REACHABILITY
native,701,c/jira/pre.dat,38,0,414,True,DECLARED_OPOINT_NOT_RUNTIME_REACHABILITY
native,701,c/jira/pre.dat,39,0,414,True,DECLARED_OPOINT_NOT_RUNTIME_REACHABILITY
native,701,c/jira/pre.dat,41,0,414,True,DECLARED_OPOINT_NOT_RUNTIME_REACHABILITY
native,701,c/jira/pre.dat,42,0,414,True,DECLARED_OPOINT_NOT_RUNTIME_REACHABILITY
native,701,c/jira/pre.dat,43,0,414,True,DECLARED_OPOINT_NOT_RUNTIME_REACHABILITY
native,701,c/jira/pre.dat,44,0,414,True,DECLARED_OPOINT_NOT_RUNTIME_REACHABILITY
native,701,c/jira/pre.dat,48,0,414,True,DECLARED_OPOINT_NOT_RUNTIME_REACHABILITY
native,701,c/jira/pre.dat,49,0,414,True,DECLARED_OPOINT_NOT_RUNTIME_REACHABILITY
native,701,c/jira/pre.dat,55,0,414,True,DECLARED_OPOINT_NOT_RUNTIME_REACHABILITY
native,701,c/jira/pre.dat,56,0,414,True,DECLARED_OPOINT_NOT_RUNTIME_REACHABILITY
native,701,c/jira/pre.dat,61,0,414,True,DECLARED_OPOINT_NOT_RUNTIME_REACHABILITY
native,701,c/jira/pre.dat,66,0,414,True,DECLARED_OPOINT_NOT_RUNTIME_REACHABILITY
native,701,c/jira/pre.dat,72,0,414,True,DECLARED_OPOINT_NOT_RUNTIME_REACHABILITY
native,701,c/jira/pre.dat,87,0,414,True,DECLARED_OPOINT_NOT_RUNTIME_REACHABILITY
native,701,c/jira/pre.dat,91,0,414,True,DECLARED_OPOINT_NOT_RUNTIME_REACHABILITY
native,701,c/jira/pre.dat,94,0,414,True,DECLARED_OPOINT_NOT_RUNTIME_REACHABILITY
native,701,c/jira/pre.dat,97,0,414,True,DECLARED_OPOINT_NOT_RUNTIME_REACHABILITY
native,701,c/jira/pre.dat,146,0,414,True,DECLARED_OPOINT_NOT_RUNTIME_REACHABILITY
native,701,c/jira/pre.dat,221,0,414,True,DECLARED_OPOINT_NOT_RUNTIME_REACHABILITY
native,701,c/jira/pre.dat,223,0,414,True,DECLARED_OPOINT_NOT_RUNTIME_REACHABILITY
native,701,c/jira/pre.dat,302,0,414,True,DECLARED_OPOINT_NOT_RUNTIME_REACHABILITY
native,701,c/jira/pre.dat,431,0,414,True,DECLARED_OPOINT_NOT_RUNTIME_REACHABILITY
native,701,c/jira/pre.dat,432,0,414,True,DECLARED_OPOINT_NOT_RUNTIME_REACHABILITY
native,701,c/jira/pre.dat,433,0,414,True,DECLARED_OPOINT_NOT_RUNTIME_REACHABILITY
native,701,c/jira/pre.dat,434,0,414,True,DECLARED_OPOINT_NOT_RUNTIME_REACHABILITY
native,701,c/jira/pre.dat,435,0,414,True,DECLARED_OPOINT_NOT_RUNTIME_REACHABILITY
native,701,c/jira/pre.dat,436,0,414,True,DECLARED_OPOINT_NOT_RUNTIME_REACHABILITY
native,701,c/jira/pre.dat,437,0,414,True,DECLARED_OPOINT_NOT_RUNTIME_REACHABILITY
native,701,c/jira/pre.dat,438,0,414,True,DECLARED_OPOINT_NOT_RUNTIME_REACHABILITY
native,701,c/jira/pre.dat,339,0,414,True,DECLARED_OPOINT_NOT_RUNTIME_REACHABILITY
native,701,c/jira/pre.dat,440,0,414,True,DECLARED_OPOINT_NOT_RUNTIME_REACHABILITY
native,701,c/jira/pre.dat,441,0,414,True,DECLARED_OPOINT_NOT_RUNTIME_REACHABILITY
native,701,c/jira/pre.dat,442,0,414,True,DECLARED_OPOINT_NOT_RUNTIME_REACHABILITY
native,701,c/jira/pre.dat,443,0,414,True,DECLARED_OPOINT_NOT_RUNTIME_REACHABILITY
native,701,c/jira/pre.dat,444,0,414,True,DECLARED_OPOINT_NOT_RUNTIME_REACHABILITY
native,701,c/jira/pre.dat,445,0,414,True,DECLARED_OPOINT_NOT_RUNTIME_REACHABILITY
native,701,c/jira/pre.dat,446,0,414,True,DECLARED_OPOINT_NOT_RUNTIME_REACHABILITY
native,701,c/jira/pre.dat,447,0,414,True,DECLARED_OPOINT_NOT_RUNTIME_REACHABILITY
native,701,c/jira/pre.dat,448,0,414,True,DECLARED_OPOINT_NOT_RUNTIME_REACHABILITY
native,701,c/jira/pre.dat,453,1,414,True,DECLARED_OPOINT_NOT_RUNTIME_REACHABILITY
native,701,c/jira/pre.dat,601,1,900,True,DECLARED_OPOINT_NOT_RUNTIME_REACHABILITY
native,701,c/jira/pre.dat,602,0,414,True,DECLARED_OPOINT_NOT_RUNTIME_REACHABILITY
native,701,c/jira/pre.dat,607,1,900,True,DECLARED_OPOINT_NOT_RUNTIME_REACHABILITY
native,701,c/jira/pre.dat,608,0,414,True,DECLARED_OPOINT_NOT_RUNTIME_REACHABILITY
native,701,c/jira/pre.dat,620,0,414,True,DECLARED_OPOINT_NOT_RUNTIME_REACHABILITY
native,701,c/jira/pre.dat,631,1,204,True,DECLARED_OPOINT_NOT_RUNTIME_REACHABILITY
native,701,c/jira/pre.dat,641,1,204,True,DECLARED_OPOINT_NOT_RUNTIME_REACHABILITY
native,701,c/jira/pre.dat,666,0,414,True,DECLARED_OPOINT_NOT_RUNTIME_REACHABILITY
native,701,c/jira/pre.dat,751,1,706,True,DECLARED_OPOINT_NOT_RUNTIME_REACHABILITY
native,701,c/jira/pre.dat,757,1,423,True,DECLARED_OPOINT_NOT_RUNTIME_REACHABILITY
native,701,c/jira/pre.dat,762,1,423,True,DECLARED_OPOINT_NOT_RUNTIME_REACHABILITY
native,702,c/jira/sag.dat,21,0,414,True,DECLARED_OPOINT_NOT_RUNTIME_REACHABILITY
native,702,c/jira/sag.dat,22,0,414,True,DECLARED_OPOINT_NOT_RUNTIME_REACHABILITY
native,702,c/jira/sag.dat,23,0,414,True,DECLARED_OPOINT_NOT_RUNTIME_REACHABILITY
native,702,c/jira/sag.dat,24,0,414,True,DECLARED_OPOINT_NOT_RUNTIME_REACHABILITY
native,702,c/jira/sag.dat,26,0,414,True,DECLARED_OPOINT_NOT_RUNTIME_REACHABILITY
native,702,c/jira/sag.dat,27,0,414,True,DECLARED_OPOINT_NOT_RUNTIME_REACHABILITY
native,702,c/jira/sag.dat,28,0,414,True,DECLARED_OPOINT_NOT_RUNTIME_REACHABILITY
native,702,c/jira/sag.dat,29,0,414,True,DECLARED_OPOINT_NOT_RUNTIME_REACHABILITY
native,702,c/jira/sag.dat,31,0,414,True,DECLARED_OPOINT_NOT_RUNTIME_REACHABILITY
native,702,c/jira/sag.dat,32,0,414,True,DECLARED_OPOINT_NOT_RUNTIME_REACHABILITY
native,702,c/jira/sag.dat,33,0,414,True,DECLARED_OPOINT_NOT_RUNTIME_REACHABILITY
native,702,c/jira/sag.dat,36,0,414,True,DECLARED_OPOINT_NOT_RUNTIME_REACHABILITY
native,702,c/jira/sag.dat,37,0,414,True,DECLARED_OPOINT_NOT_RUNTIME_REACHABILITY
native,702,c/jira/sag.dat,38,0,414,True,DECLARED_OPOINT_NOT_RUNTIME_REACHABILITY
native,702,c/jira/sag.dat,39,0,414,True,DECLARED_OPOINT_NOT_RUNTIME_REACHABILITY
native,702,c/jira/sag.dat,41,0,414,True,DECLARED_OPOINT_NOT_RUNTIME_REACHABILITY
native,702,c/jira/sag.dat,42,0,414,True,DECLARED_OPOINT_NOT_RUNTIME_REACHABILITY
native,702,c/jira/sag.dat,43,0,414,True,DECLARED_OPOINT_NOT_RUNTIME_REACHABILITY
native,702,c/jira/sag.dat,44,0,414,True,DECLARED_OPOINT_NOT_RUNTIME_REACHABILITY
native,702,c/jira/sag.dat,48,0,414,True,DECLARED_OPOINT_NOT_RUNTIME_REACHABILITY
native,702,c/jira/sag.dat,49,0,414,True,DECLARED_OPOINT_NOT_RUNTIME_REACHABILITY
native,702,c/jira/sag.dat,55,0,414,True,DECLARED_OPOINT_NOT_RUNTIME_REACHABILITY
native,702,c/jira/sag.dat,56,0,423,True,DECLARED_OPOINT_NOT_RUNTIME_REACHABILITY
native,702,c/jira/sag.dat,61,0,414,True,DECLARED_OPOINT_NOT_RUNTIME_REACHABILITY
native,702,c/jira/sag.dat,66,0,414,True,DECLARED_OPOINT_NOT_RUNTIME_REACHABILITY
native,702,c/jira/sag.dat,72,0,414,True,DECLARED_OPOINT_NOT_RUNTIME_REACHABILITY
native,702,c/jira/sag.dat,87,0,414,True,DECLARED_OPOINT_NOT_RUNTIME_REACHABILITY
native,702,c/jira/sag.dat,91,0,414,True,DECLARED_OPOINT_NOT_RUNTIME_REACHABILITY
native,702,c/jira/sag.dat,94,0,414,True,DECLARED_OPOINT_NOT_RUNTIME_REACHABILITY
native,702,c/jira/sag.dat,97,0,414,True,DECLARED_OPOINT_NOT_RUNTIME_REACHABILITY
native,702,c/jira/sag.dat,221,0,414,True,DECLARED_OPOINT_NOT_RUNTIME_REACHABILITY
native,702,c/jira/sag.dat,223,0,414,True,DECLARED_OPOINT_NOT_RUNTIME_REACHABILITY
native,702,c/jira/sag.dat,236,0,414,True,DECLARED_OPOINT_NOT_RUNTIME_REACHABILITY
native,702,c/jira/sag.dat,246,0,414,True,DECLARED_OPOINT_NOT_RUNTIME_REACHABILITY
native,702,c/jira/sag.dat,261,0,423,True,DECLARED_OPOINT_NOT_RUNTIME_REACHABILITY
native,702,c/jira/sag.dat,271,0,123,True,DECLARED_OPOINT_NOT_RUNTIME_REACHABILITY
native,702,c/jira/sag.dat,272,0,204,True,DECLARED_OPOINT_NOT_RUNTIME_REACHABILITY
native,702,c/jira/sag.dat,302,0,414,True,DECLARED_OPOINT_NOT_RUNTIME_REACHABILITY
native,702,c/jira/sag.dat,294,0,423,True,DECLARED_OPOINT_NOT_RUNTIME_REACHABILITY
native,702,c/jira/sag.dat,300,0,423,True,DECLARED_OPOINT_NOT_RUNTIME_REACHABILITY
native,702,c/jira/sag.dat,685,0,423,True,DECLARED_OPOINT_NOT_RUNTIME_REACHABILITY
native,702,c/jira/sag.dat,306,0,204,True,DECLARED_OPOINT_NOT_RUNTIME_REACHABILITY
native,702,c/jira/sag.dat,308,0,204,True,DECLARED_OPOINT_NOT_RUNTIME_REACHABILITY
native,702,c/jira/sag.dat,317,0,414,True,DECLARED_OPOINT_NOT_RUNTIME_REACHABILITY
native,702,c/jira/sag.dat,318,0,414,True,DECLARED_OPOINT_NOT_RUNTIME_REACHABILITY
native,702,c/jira/sag.dat,325,0,414,True,DECLARED_OPOINT_NOT_RUNTIME_REACHABILITY
native,702,c/jira/sag.dat,326,0,414,True,DECLARED_OPOINT_NOT_RUNTIME_REACHABILITY
native,702,c/jira/sag.dat,327,0,414,True,DECLARED_OPOINT_NOT_RUNTIME_REACHABILITY
native,702,c/jira/sag.dat,328,0,414,True,DECLARED_OPOINT_NOT_RUNTIME_REACHABILITY
native,702,c/jira/sag.dat,329,0,414,True,DECLARED_OPOINT_NOT_RUNTIME_REACHABILITY
native,702,c/jira/sag.dat,330,0,414,True,DECLARED_OPOINT_NOT_RUNTIME_REACHABILITY
native,702,c/jira/sag.dat,331,0,414,True,DECLARED_OPOINT_NOT_RUNTIME_REACHABILITY
native,702,c/jira/sag.dat,332,0,414,True,DECLARED_OPOINT_NOT_RUNTIME_REACHABILITY
native,702,c/jira/sag.dat,333,0,414,True,DECLARED_OPOINT_NOT_RUNTIME_REACHABILITY
native,702,c/jira/sag.dat,334,0,414,True,DECLARED_OPOINT_NOT_RUNTIME_REACHABILITY
native,702,c/jira/sag.dat,501,4,424,True,DECLARED_OPOINT_NOT_RUNTIME_REACHABILITY
native,702,c/jira/sag.dat,516,4,423,True,DECLARED_OPOINT_NOT_RUNTIME_REACHABILITY
native,702,c/jira/sag.dat,554,3,808,True,DECLARED_OPOINT_NOT_RUNTIME_REACHABILITY
native,702,c/jira/sag.dat,367,3,423,True,DECLARED_OPOINT_NOT_RUNTIME_REACHABILITY
native,702,c/jira/sag.dat,375,0,414,True,DECLARED_OPOINT_NOT_RUNTIME_REACHABILITY
native,702,c/jira/sag.dat,376,0,414,True,DECLARED_OPOINT_NOT_RUNTIME_REACHABILITY
native,702,c/jira/sag.dat,377,0,414,True,DECLARED_OPOINT_NOT_RUNTIME_REACHABILITY
native,702,c/jira/sag.dat,378,0,414,True,DECLARED_OPOINT_NOT_RUNTIME_REACHABILITY
native,702,c/jira/sag.dat,379,0,414,True,DECLARED_OPOINT_NOT_RUNTIME_REACHABILITY
native,702,c/jira/sag.dat,382,0,414,True,DECLARED_OPOINT_NOT_RUNTIME_REACHABILITY
native,702,c/jira/sag.dat,383,0,414,True,DECLARED_OPOINT_NOT_RUNTIME_REACHABILITY
native,702,c/jira/sag.dat,384,0,414,True,DECLARED_OPOINT_NOT_RUNTIME_REACHABILITY
native,702,c/jira/sag.dat,431,0,414,True,DECLARED_OPOINT_NOT_RUNTIME_REACHABILITY
native,702,c/jira/sag.dat,432,0,414,True,DECLARED_OPOINT_NOT_RUNTIME_REACHABILITY
native,702,c/jira/sag.dat,433,0,414,True,DECLARED_OPOINT_NOT_RUNTIME_REACHABILITY
native,702,c/jira/sag.dat,434,0,414,True,DECLARED_OPOINT_NOT_RUNTIME_REACHABILITY
native,702,c/jira/sag.dat,435,0,414,True,DECLARED_OPOINT_NOT_RUNTIME_REACHABILITY
native,702,c/jira/sag.dat,436,0,414,True,DECLARED_OPOINT_NOT_RUNTIME_REACHABILITY
native,702,c/jira/sag.dat,437,0,414,True,DECLARED_OPOINT_NOT_RUNTIME_REACHABILITY
native,702,c/jira/sag.dat,438,0,414,True,DECLARED_OPOINT_NOT_RUNTIME_REACHABILITY
native,702,c/jira/sag.dat,339,0,414,True,DECLARED_OPOINT_NOT_RUNTIME_REACHABILITY
native,702,c/jira/sag.dat,440,0,414,True,DECLARED_OPOINT_NOT_RUNTIME_REACHABILITY
native,702,c/jira/sag.dat,441,0,414,True,DECLARED_OPOINT_NOT_RUNTIME_REACHABILITY
native,702,c/jira/sag.dat,442,0,414,True,DECLARED_OPOINT_NOT_RUNTIME_REACHABILITY
native,702,c/jira/sag.dat,443,0,414,True,DECLARED_OPOINT_NOT_RUNTIME_REACHABILITY
native,702,c/jira/sag.dat,444,0,414,True,DECLARED_OPOINT_NOT_RUNTIME_REACHABILITY
native,702,c/jira/sag.dat,445,0,414,True,DECLARED_OPOINT_NOT_RUNTIME_REACHABILITY
native,702,c/jira/sag.dat,446,0,414,True,DECLARED_OPOINT_NOT_RUNTIME_REACHABILITY
native,702,c/jira/sag.dat,447,0,414,True,DECLARED_OPOINT_NOT_RUNTIME_REACHABILITY
native,702,c/jira/sag.dat,448,0,414,True,DECLARED_OPOINT_NOT_RUNTIME_REACHABILITY
native,702,c/jira/sag.dat,453,1,414,True,DECLARED_OPOINT_NOT_RUNTIME_REACHABILITY
native,702,c/jira/sag.dat,601,1,900,True,DECLARED_OPOINT_NOT_RUNTIME_REACHABILITY
native,702,c/jira/sag.dat,602,0,414,True,DECLARED_OPOINT_NOT_RUNTIME_REACHABILITY
native,702,c/jira/sag.dat,607,1,900,True,DECLARED_OPOINT_NOT_RUNTIME_REACHABILITY
native,702,c/jira/sag.dat,608,0,414,True,DECLARED_OPOINT_NOT_RUNTIME_REACHABILITY
native,702,c/jira/sag.dat,620,0,414,True,DECLARED_OPOINT_NOT_RUNTIME_REACHABILITY
native,702,c/jira/sag.dat,631,1,204,True,DECLARED_OPOINT_NOT_RUNTIME_REACHABILITY
native,702,c/jira/sag.dat,641,1,204,True,DECLARED_OPOINT_NOT_RUNTIME_REACHABILITY
native,702,c/jira/sag.dat,666,0,414,True,DECLARED_OPOINT_NOT_RUNTIME_REACHABILITY
native,702,c/jira/sag.dat,759,3,702,True,DECLARED_OPOINT_NOT_RUNTIME_REACHABILITY
native,702,c/jira/sag.dat,760,3,424,True,DECLARED_OPOINT_NOT_RUNTIME_REACHABILITY
native,702,c/jira/sag.dat,761,0,702,True,DECLARED_OPOINT_NOT_RUNTIME_REACHABILITY
native,702,c/jira/sag.dat,762,0,702,True,DECLARED_OPOINT_NOT_RUNTIME_REACHABILITY
native,702,c/jira/sag.dat,763,0,702,True,DECLARED_OPOINT_NOT_RUNTIME_REACHABILITY
native,702,c/jira/sag.dat,764,0,702,True,DECLARED_OPOINT_NOT_RUNTIME_REACHABILITY
native,702,c/jira/sag.dat,798,0,424,True,DECLARED_OPOINT_NOT_RUNTIME_REACHABILITY
native,702,c/jira/sag.dat,773,1,414,True,DECLARED_OPOINT_NOT_RUNTIME_REACHABILITY
native,702,c/jira/sag.dat,779,0,702,True,DECLARED_OPOINT_NOT_RUNTIME_REACHABILITY
native,702,c/jira/sag.dat,671,0,414,True,DECLARED_OPOINT_NOT_RUNTIME_REACHABILITY
native,702,c/jira/sag.dat,671,1,424,True,DECLARED_OPOINT_NOT_RUNTIME_REACHABILITY
native,702,c/jira/sag.dat,672,0,424,True,DECLARED_OPOINT_NOT_RUNTIME_REACHABILITY
native,702,c/jira/sag.dat,674,0,414,True,DECLARED_OPOINT_NOT_RUNTIME_REACHABILITY
native,702,c/jira/sag.dat,674,1,424,True,DECLARED_OPOINT_NOT_RUNTIME_REACHABILITY
native,702,c/jira/sag.dat,675,0,424,True,DECLARED_OPOINT_NOT_RUNTIME_REACHABILITY
native,702,c/jira/sag.dat,677,1,414,True,DECLARED_OPOINT_NOT_RUNTIME_REACHABILITY
native,702,c/jira/sag.dat,677,2,424,True,DECLARED_OPOINT_NOT_RUNTIME_REACHABILITY
native,702,c/jira/sag.dat,782,0,424,True,DECLARED_OPOINT_NOT_RUNTIME_REACHABILITY
native,702,c/jira/sag.dat,787,0,424,True,DECLARED_OPOINT_NOT_RUNTIME_REACHABILITY
native,702,c/jira/sag.dat,791,3,706,True,DECLARED_OPOINT_NOT_RUNTIME_REACHABILITY
native,702,c/jira/sag.dat,791,4,424,True,DECLARED_OPOINT_NOT_RUNTIME_REACHABILITY
native,414,c/jira/a/ras.dat,35,0,211,True,DECLARED_OPOINT_NOT_RUNTIME_REACHABILITY
native,414,c/jira/a/ras.dat,36,0,211,True,DECLARED_OPOINT_NOT_RUNTIME_REACHABILITY
native,414,c/jira/a/ras.dat,191,0,414,True,DECLARED_OPOINT_NOT_RUNTIME_REACHABILITY
native,414,c/jira/a/ras.dat,271,0,414,True,DECLARED_OPOINT_NOT_RUNTIME_REACHABILITY
native,414,c/jira/a/ras.dat,273,0,414,True,DECLARED_OPOINT_NOT_RUNTIME_REACHABILITY
native,414,c/jira/a/ras.dat,274,0,414,True,DECLARED_OPOINT_NOT_RUNTIME_REACHABILITY
native,414,c/jira/a/ras.dat,275,0,414,True,DECLARED_OPOINT_NOT_RUNTIME_REACHABILITY
native,414,c/jira/a/ras.dat,277,0,414,True,DECLARED_OPOINT_NOT_RUNTIME_REACHABILITY
native,414,c/jira/a/ras.dat,279,0,414,True,DECLARED_OPOINT_NOT_RUNTIME_REACHABILITY
native,414,c/jira/a/ras.dat,283,0,715,True,DECLARED_OPOINT_NOT_RUNTIME_REACHABILITY
native,414,c/jira/a/ras.dat,385,0,414,True,DECLARED_OPOINT_NOT_RUNTIME_REACHABILITY
native,414,c/jira/a/ras.dat,463,0,414,True,DECLARED_OPOINT_NOT_RUNTIME_REACHABILITY
native,414,c/jira/a/ras.dat,465,0,414,True,DECLARED_OPOINT_NOT_RUNTIME_REACHABILITY
native,414,c/jira/a/ras.dat,485,0,414,True,DECLARED_OPOINT_NOT_RUNTIME_REACHABILITY
native,414,c/jira/a/ras.dat,489,0,414,True,DECLARED_OPOINT_NOT_RUNTIME_REACHABILITY
native,414,c/jira/a/ras.dat,489,1,414,True,DECLARED_OPOINT_NOT_RUNTIME_REACHABILITY
native,423,c/jira/a/toad.dat,51,2,716,True,DECLARED_OPOINT_NOT_RUNTIME_REACHABILITY
native,423,c/jira/a/toad.dat,53,2,716,True,DECLARED_OPOINT_NOT_RUNTIME_REACHABILITY
native,423,c/jira/a/toad.dat,59,2,423,True,DECLARED_OPOINT_NOT_RUNTIME_REACHABILITY
native,423,c/jira/a/toad.dat,64,2,716,True,DECLARED_OPOINT_NOT_RUNTIME_REACHABILITY
native,423,c/jira/a/toad.dat,79,0,414,True,DECLARED_OPOINT_NOT_RUNTIME_REACHABILITY
native,423,c/jira/a/toad.dat,89,0,414,True,DECLARED_OPOINT_NOT_RUNTIME_REACHABILITY
native,423,c/jira/a/toad.dat,97,3,204,True,DECLARED_OPOINT_NOT_RUNTIME_REACHABILITY
native,423,c/jira/a/toad.dat,109,2,423,True,DECLARED_OPOINT_NOT_RUNTIME_REACHABILITY
native,423,c/jira/a/toad.dat,88,0,414,True,DECLARED_OPOINT_NOT_RUNTIME_REACHABILITY
native,423,c/jira/a/toad.dat,118,2,423,True,DECLARED_OPOINT_NOT_RUNTIME_REACHABILITY
native,423,c/jira/a/toad.dat,365,1,716,True,DECLARED_OPOINT_NOT_RUNTIME_REACHABILITY
native,423,c/jira/a/toad.dat,276,1,423,True,DECLARED_OPOINT_NOT_RUNTIME_REACHABILITY
native,423,c/jira/a/toad.dat,382,0,423,True,DECLARED_OPOINT_NOT_RUNTIME_REACHABILITY
native,423,c/jira/a/toad.dat,383,0,423,True,DECLARED_OPOINT_NOT_RUNTIME_REACHABILITY
native,423,c/jira/a/toad.dat,384,0,423,True,DECLARED_OPOINT_NOT_RUNTIME_REACHABILITY
native,423,c/jira/a/toad.dat,385,0,423,True,DECLARED_OPOINT_NOT_RUNTIME_REACHABILITY
native,423,c/jira/a/toad.dat,386,0,423,True,DECLARED_OPOINT_NOT_RUNTIME_REACHABILITY
native,423,c/jira/a/toad.dat,387,0,423,True,DECLARED_OPOINT_NOT_RUNTIME_REACHABILITY
native,424,c/jira/a/mag.dat,41,0,424,True,DECLARED_OPOINT_NOT_RUNTIME_REACHABILITY
native,424,c/jira/a/mag.dat,43,0,424,True,DECLARED_OPOINT_NOT_RUNTIME_REACHABILITY
native,424,c/jira/a/mag.dat,45,0,424,True,DECLARED_OPOINT_NOT_RUNTIME_REACHABILITY
native,424,c/jira/a/mag.dat,47,0,424,True,DECLARED_OPOINT_NOT_RUNTIME_REACHABILITY
native,424,c/jira/a/mag.dat,49,0,424,True,DECLARED_OPOINT_NOT_RUNTIME_REACHABILITY
native,424,c/jira/a/mag.dat,81,0,424,True,DECLARED_OPOINT_NOT_RUNTIME_REACHABILITY
native,424,c/jira/a/mag.dat,83,0,424,True,DECLARED_OPOINT_NOT_RUNTIME_REACHABILITY
native,424,c/jira/a/mag.dat,85,0,424,True,DECLARED_OPOINT_NOT_RUNTIME_REACHABILITY
native,424,c/jira/a/mag.dat,87,0,424,True,DECLARED_OPOINT_NOT_RUNTIME_REACHABILITY
native,424,c/jira/a/mag.dat,89,0,424,True,DECLARED_OPOINT_NOT_RUNTIME_REACHABILITY
native,424,c/jira/a/mag.dat,51,0,424,True,DECLARED_OPOINT_NOT_RUNTIME_REACHABILITY
native,424,c/jira/a/mag.dat,53,0,424,True,DECLARED_OPOINT_NOT_RUNTIME_REACHABILITY
native,424,c/jira/a/mag.dat,55,0,424,True,DECLARED_OPOINT_NOT_RUNTIME_REACHABILITY
native,424,c/jira/a/mag.dat,57,0,424,True,DECLARED_OPOINT_NOT_RUNTIME_REACHABILITY
native,424,c/jira/a/mag.dat,59,0,424,True,DECLARED_OPOINT_NOT_RUNTIME_REACHABILITY
native,424,c/jira/a/mag.dat,91,0,424,True,DECLARED_OPOINT_NOT_RUNTIME_REACHABILITY
native,424,c/jira/a/mag.dat,93,0,424,True,DECLARED_OPOINT_NOT_RUNTIME_REACHABILITY
native,424,c/jira/a/mag.dat,95,0,424,True,DECLARED_OPOINT_NOT_RUNTIME_REACHABILITY
native,424,c/jira/a/mag.dat,97,0,424,True,DECLARED_OPOINT_NOT_RUNTIME_REACHABILITY
native,424,c/jira/a/mag.dat,99,0,424,True,DECLARED_OPOINT_NOT_RUNTIME_REACHABILITY
native,424,c/jira/a/mag.dat,74,1,424,True,DECLARED_OPOINT_NOT_RUNTIME_REACHABILITY
native,424,c/jira/a/mag.dat,149,1,424,True,DECLARED_OPOINT_NOT_RUNTIME_REACHABILITY
native,424,c/jira/a/mag.dat,157,0,424,True,DECLARED_OPOINT_NOT_RUNTIME_REACHABILITY
native,424,c/jira/a/mag.dat,159,0,424,True,DECLARED_OPOINT_NOT_RUNTIME_REACHABILITY
native,424,c/jira/a/mag.dat,191,0,424,True,DECLARED_OPOINT_NOT_RUNTIME_REACHABILITY
native,424,c/jira/a/mag.dat,193,0,424,True,DECLARED_OPOINT_NOT_RUNTIME_REACHABILITY
native,424,c/jira/a/mag.dat,403,0,414,True,DECLARED_OPOINT_NOT_RUNTIME_REACHABILITY
native,513,c/tsu/tsu.dat,61,0,237,True,DECLARED_OPOINT_NOT_RUNTIME_REACHABILITY
native,513,c/tsu/tsu.dat,66,0,237,True,DECLARED_OPOINT_NOT_RUNTIME_REACHABILITY
native,513,c/tsu/tsu.dat,71,0,237,True,DECLARED_OPOINT_NOT_RUNTIME_REACHABILITY
native,513,c/tsu/tsu.dat,86,0,237,True,DECLARED_OPOINT_NOT_RUNTIME_REACHABILITY
native,513,c/tsu/tsu.dat,91,0,237,True,DECLARED_OPOINT_NOT_RUNTIME_REACHABILITY
native,513,c/tsu/tsu.dat,236,0,204,True,DECLARED_OPOINT_NOT_RUNTIME_REACHABILITY
native,513,c/tsu/tsu.dat,238,0,204,True,DECLARED_OPOINT_NOT_RUNTIME_REACHABILITY
native,513,c/tsu/tsu.dat,271,0,123,True,DECLARED_OPOINT_NOT_RUNTIME_REACHABILITY
native,513,c/tsu/tsu.dat,272,0,204,True,DECLARED_OPOINT_NOT_RUNTIME_REACHABILITY
native,513,c/tsu/tsu.dat,255,0,202,True,DECLARED_OPOINT_NOT_RUNTIME_REACHABILITY
native,513,c/tsu/tsu.dat,297,0,237,True,DECLARED_OPOINT_NOT_RUNTIME_REACHABILITY
native,513,c/tsu/tsu.dat,384,0,237,True,DECLARED_OPOINT_NOT_RUNTIME_REACHABILITY
native,513,c/tsu/tsu.dat,385,1,237,True,DECLARED_OPOINT_NOT_RUNTIME_REACHABILITY
native,513,c/tsu/tsu.dat,386,1,237,True,DECLARED_OPOINT_NOT_RUNTIME_REACHABILITY
native,513,c/tsu/tsu.dat,390,1,50,True,DECLARED_OPOINT_NOT_RUNTIME_REACHABILITY
native,513,c/tsu/tsu.dat,631,1,204,True,DECLARED_OPOINT_NOT_RUNTIME_REACHABILITY
native,513,c/tsu/tsu.dat,641,1,204,True,DECLARED_OPOINT_NOT_RUNTIME_REACHABILITY
native,513,c/tsu/tsu.dat,666,0,237,True,DECLARED_OPOINT_NOT_RUNTIME_REACHABILITY
native,237,c/tsu/a/atk.dat,50,0,208,True,DECLARED_OPOINT_NOT_RUNTIME_REACHABILITY
native,27,c/min/min.dat,24,0,815,True,DECLARED_OPOINT_NOT_RUNTIME_REACHABILITY
native,27,c/min/min.dat,51,0,706,True,DECLARED_OPOINT_NOT_RUNTIME_REACHABILITY
native,27,c/min/min.dat,62,0,815,True,DECLARED_OPOINT_NOT_RUNTIME_REACHABILITY
native,27,c/min/min.dat,73,0,815,True,DECLARED_OPOINT_NOT_RUNTIME_REACHABILITY
native,27,c/min/min.dat,76,0,815,True,DECLARED_OPOINT_NOT_RUNTIME_REACHABILITY
native,27,c/min/min.dat,81,0,815,True,DECLARED_OPOINT_NOT_RUNTIME_REACHABILITY
native,27,c/min/min.dat,88,0,815,True,DECLARED_OPOINT_NOT_RUNTIME_REACHABILITY
native,27,c/min/min.dat,91,0,815,True,DECLARED_OPOINT_NOT_RUNTIME_REACHABILITY
native,27,c/min/min.dat,117,0,706,True,DECLARED_OPOINT_NOT_RUNTIME_REACHABILITY
native,27,c/min/min.dat,122,0,204,True,DECLARED_OPOINT_NOT_RUNTIME_REACHABILITY
native,27,c/min/min.dat,124,0,204,True,DECLARED_OPOINT_NOT_RUNTIME_REACHABILITY
native,27,c/min/min.dat,126,0,204,True,DECLARED_OPOINT_NOT_RUNTIME_REACHABILITY
native,27,c/min/min.dat,128,0,204,True,DECLARED_OPOINT_NOT_RUNTIME_REACHABILITY
native,27,c/min/min.dat,164,0,815,True,DECLARED_OPOINT_NOT_RUNTIME_REACHABILITY
native,27,c/min/min.dat,241,0,815,True,DECLARED_OPOINT_NOT_RUNTIME_REACHABILITY
native,27,c/min/min.dat,246,0,448,True,DECLARED_OPOINT_NOT_RUNTIME_REACHABILITY
native,27,c/min/min.dat,247,0,815,True,DECLARED_OPOINT_NOT_RUNTIME_REACHABILITY
native,27,c/min/min.dat,251,0,815,True,DECLARED_OPOINT_NOT_RUNTIME_REACHABILITY
native,27,c/min/min.dat,253,0,815,True,DECLARED_OPOINT_NOT_RUNTIME_REACHABILITY
native,27,c/min/min.dat,259,0,815,True,DECLARED_OPOINT_NOT_RUNTIME_REACHABILITY
native,27,c/min/min.dat,261,0,448,True,DECLARED_OPOINT_NOT_RUNTIME_REACHABILITY
native,27,c/min/min.dat,266,0,815,True,DECLARED_OPOINT_NOT_RUNTIME_REACHABILITY
native,27,c/min/min.dat,267,0,815,True,DECLARED_OPOINT_NOT_RUNTIME_REACHABILITY
native,27,c/min/min.dat,271,0,123,True,DECLARED_OPOINT_NOT_RUNTIME_REACHABILITY
native,27,c/min/min.dat,272,0,204,True,DECLARED_OPOINT_NOT_RUNTIME_REACHABILITY
native,27,c/min/min.dat,276,0,815,True,DECLARED_OPOINT_NOT_RUNTIME_REACHABILITY
native,27,c/min/min.dat,282,0,204,True,DECLARED_OPOINT_NOT_RUNTIME_REACHABILITY
native,27,c/min/min.dat,283,0,204,True,DECLARED_OPOINT_NOT_RUNTIME_REACHABILITY
native,27,c/min/min.dat,284,0,204,True,DECLARED_OPOINT_NOT_RUNTIME_REACHABILITY
native,27,c/min/min.dat,286,0,433,True,DECLARED_OPOINT_NOT_RUNTIME_REACHABILITY
native,27,c/min/min.dat,287,0,815,True,DECLARED_OPOINT_NOT_RUNTIME_REACHABILITY
native,27,c/min/min.dat,288,0,204,True,DECLARED_OPOINT_NOT_RUNTIME_REACHABILITY
native,27,c/min/min.dat,290,0,204,True,DECLARED_OPOINT_NOT_RUNTIME_REACHABILITY
native,27,c/min/min.dat,292,0,204,True,DECLARED_OPOINT_NOT_RUNTIME_REACHABILITY
native,27,c/min/min.dat,295,1,204,True,DECLARED_OPOINT_NOT_RUNTIME_REACHABILITY
native,27,c/min/min.dat,297,0,815,True,DECLARED_OPOINT_NOT_RUNTIME_REACHABILITY
native,27,c/min/min.dat,300,0,706,True,DECLARED_OPOINT_NOT_RUNTIME_REACHABILITY
native,27,c/min/min.dat,301,0,715,True,DECLARED_OPOINT_NOT_RUNTIME_REACHABILITY
native,27,c/min/min.dat,308,0,715,True,DECLARED_OPOINT_NOT_RUNTIME_REACHABILITY
native,27,c/min/min.dat,370,0,815,True,DECLARED_OPOINT_NOT_RUNTIME_REACHABILITY
native,27,c/min/min.dat,373,0,426,True,DECLARED_OPOINT_NOT_RUNTIME_REACHABILITY
native,27,c/min/min.dat,380,0,815,True,DECLARED_OPOINT_NOT_RUNTIME_REACHABILITY
native,27,c/min/min.dat,382,0,815,True,DECLARED_OPOINT_NOT_RUNTIME_REACHABILITY
native,27,c/min/min.dat,390,0,815,True,DECLARED_OPOINT_NOT_RUNTIME_REACHABILITY
native,27,c/min/min.dat,396,0,204,True,DECLARED_OPOINT_NOT_RUNTIME_REACHABILITY
native,27,c/min/min.dat,404,0,714,True,DECLARED_OPOINT_NOT_RUNTIME_REACHABILITY
native,27,c/min/min.dat,405,0,716,True,DECLARED_OPOINT_NOT_RUNTIME_REACHABILITY
native,27,c/min/min.dat,406,0,717,True,DECLARED_OPOINT_NOT_RUNTIME_REACHABILITY
native,27,c/min/min.dat,414,0,815,True,DECLARED_OPOINT_NOT_RUNTIME_REACHABILITY
native,27,c/min/min.dat,420,0,717,True,DECLARED_OPOINT_NOT_RUNTIME_REACHABILITY
native,27,c/min/min.dat,421,0,717,True,DECLARED_OPOINT_NOT_RUNTIME_REACHABILITY
native,27,c/min/min.dat,424,0,716,True,DECLARED_OPOINT_NOT_RUNTIME_REACHABILITY
native,27,c/min/min.dat,425,0,716,True,DECLARED_OPOINT_NOT_RUNTIME_REACHABILITY
native,27,c/min/min.dat,497,0,204,True,DECLARED_OPOINT_NOT_RUNTIME_REACHABILITY
native,27,c/min/min.dat,601,1,900,True,DECLARED_OPOINT_NOT_RUNTIME_REACHABILITY
native,27,c/min/min.dat,602,0,815,True,DECLARED_OPOINT_NOT_RUNTIME_REACHABILITY
native,27,c/min/min.dat,607,1,900,True,DECLARED_OPOINT_NOT_RUNTIME_REACHABILITY
native,27,c/min/min.dat,608,0,815,True,DECLARED_OPOINT_NOT_RUNTIME_REACHABILITY
native,27,c/min/min.dat,631,1,204,True,DECLARED_OPOINT_NOT_RUNTIME_REACHABILITY
native,27,c/min/min.dat,641,1,204,True,DECLARED_OPOINT_NOT_RUNTIME_REACHABILITY
native,449,c/min/sag.dat,24,0,815,True,DECLARED_OPOINT_NOT_RUNTIME_REACHABILITY
native,449,c/min/sag.dat,51,0,706,True,DECLARED_OPOINT_NOT_RUNTIME_REACHABILITY
native,449,c/min/sag.dat,62,0,815,True,DECLARED_OPOINT_NOT_RUNTIME_REACHABILITY
native,449,c/min/sag.dat,73,0,815,True,DECLARED_OPOINT_NOT_RUNTIME_REACHABILITY
native,449,c/min/sag.dat,76,0,815,True,DECLARED_OPOINT_NOT_RUNTIME_REACHABILITY
native,449,c/min/sag.dat,81,0,815,True,DECLARED_OPOINT_NOT_RUNTIME_REACHABILITY
native,449,c/min/sag.dat,88,0,815,True,DECLARED_OPOINT_NOT_RUNTIME_REACHABILITY
native,449,c/min/sag.dat,91,0,815,True,DECLARED_OPOINT_NOT_RUNTIME_REACHABILITY
native,449,c/min/sag.dat,117,0,706,True,DECLARED_OPOINT_NOT_RUNTIME_REACHABILITY
native,449,c/min/sag.dat,122,0,204,True,DECLARED_OPOINT_NOT_RUNTIME_REACHABILITY
native,449,c/min/sag.dat,124,0,204,True,DECLARED_OPOINT_NOT_RUNTIME_REACHABILITY
native,449,c/min/sag.dat,126,0,204,True,DECLARED_OPOINT_NOT_RUNTIME_REACHABILITY
native,449,c/min/sag.dat,128,0,204,True,DECLARED_OPOINT_NOT_RUNTIME_REACHABILITY
native,449,c/min/sag.dat,164,0,815,True,DECLARED_OPOINT_NOT_RUNTIME_REACHABILITY
native,449,c/min/sag.dat,241,0,815,True,DECLARED_OPOINT_NOT_RUNTIME_REACHABILITY
native,449,c/min/sag.dat,246,0,448,True,DECLARED_OPOINT_NOT_RUNTIME_REACHABILITY
native,449,c/min/sag.dat,247,0,815,True,DECLARED_OPOINT_NOT_RUNTIME_REACHABILITY
native,449,c/min/sag.dat,251,0,815,True,DECLARED_OPOINT_NOT_RUNTIME_REACHABILITY
native,449,c/min/sag.dat,253,0,815,True,DECLARED_OPOINT_NOT_RUNTIME_REACHABILITY
native,449,c/min/sag.dat,259,0,815,True,DECLARED_OPOINT_NOT_RUNTIME_REACHABILITY
native,449,c/min/sag.dat,261,0,448,True,DECLARED_OPOINT_NOT_RUNTIME_REACHABILITY
native,449,c/min/sag.dat,266,0,815,True,DECLARED_OPOINT_NOT_RUNTIME_REACHABILITY
native,449,c/min/sag.dat,267,0,815,True,DECLARED_OPOINT_NOT_RUNTIME_REACHABILITY
native,449,c/min/sag.dat,271,0,123,True,DECLARED_OPOINT_NOT_RUNTIME_REACHABILITY
native,449,c/min/sag.dat,272,0,204,True,DECLARED_OPOINT_NOT_RUNTIME_REACHABILITY
native,449,c/min/sag.dat,276,0,815,True,DECLARED_OPOINT_NOT_RUNTIME_REACHABILITY
native,449,c/min/sag.dat,282,0,204,True,DECLARED_OPOINT_NOT_RUNTIME_REACHABILITY
native,449,c/min/sag.dat,283,0,204,True,DECLARED_OPOINT_NOT_RUNTIME_REACHABILITY
native,449,c/min/sag.dat,284,0,204,True,DECLARED_OPOINT_NOT_RUNTIME_REACHABILITY
native,449,c/min/sag.dat,286,0,433,True,DECLARED_OPOINT_NOT_RUNTIME_REACHABILITY
native,449,c/min/sag.dat,287,0,815,True,DECLARED_OPOINT_NOT_RUNTIME_REACHABILITY
native,449,c/min/sag.dat,288,0,204,True,DECLARED_OPOINT_NOT_RUNTIME_REACHABILITY
native,449,c/min/sag.dat,290,0,204,True,DECLARED_OPOINT_NOT_RUNTIME_REACHABILITY
native,449,c/min/sag.dat,292,0,204,True,DECLARED_OPOINT_NOT_RUNTIME_REACHABILITY
native,449,c/min/sag.dat,295,1,204,True,DECLARED_OPOINT_NOT_RUNTIME_REACHABILITY
native,449,c/min/sag.dat,297,0,815,True,DECLARED_OPOINT_NOT_RUNTIME_REACHABILITY
native,449,c/min/sag.dat,300,0,706,True,DECLARED_OPOINT_NOT_RUNTIME_REACHABILITY
native,449,c/min/sag.dat,301,0,715,True,DECLARED_OPOINT_NOT_RUNTIME_REACHABILITY
native,449,c/min/sag.dat,308,0,715,True,DECLARED_OPOINT_NOT_RUNTIME_REACHABILITY
native,449,c/min/sag.dat,370,0,815,True,DECLARED_OPOINT_NOT_RUNTIME_REACHABILITY
native,449,c/min/sag.dat,373,0,426,True,DECLARED_OPOINT_NOT_RUNTIME_REACHABILITY
native,449,c/min/sag.dat,380,0,815,True,DECLARED_OPOINT_NOT_RUNTIME_REACHABILITY
native,449,c/min/sag.dat,382,0,815,True,DECLARED_OPOINT_NOT_RUNTIME_REACHABILITY
native,449,c/min/sag.dat,390,0,815,True,DECLARED_OPOINT_NOT_RUNTIME_REACHABILITY
native,449,c/min/sag.dat,396,0,204,True,DECLARED_OPOINT_NOT_RUNTIME_REACHABILITY
native,449,c/min/sag.dat,404,0,714,True,DECLARED_OPOINT_NOT_RUNTIME_REACHABILITY
native,449,c/min/sag.dat,405,0,716,True,DECLARED_OPOINT_NOT_RUNTIME_REACHABILITY
native,449,c/min/sag.dat,406,0,717,True,DECLARED_OPOINT_NOT_RUNTIME_REACHABILITY
native,449,c/min/sag.dat,414,0,815,True,DECLARED_OPOINT_NOT_RUNTIME_REACHABILITY
native,449,c/min/sag.dat,420,0,717,True,DECLARED_OPOINT_NOT_RUNTIME_REACHABILITY
native,449,c/min/sag.dat,421,0,717,True,DECLARED_OPOINT_NOT_RUNTIME_REACHABILITY
native,449,c/min/sag.dat,424,0,716,True,DECLARED_OPOINT_NOT_RUNTIME_REACHABILITY
native,449,c/min/sag.dat,425,0,716,True,DECLARED_OPOINT_NOT_RUNTIME_REACHABILITY
native,449,c/min/sag.dat,497,0,204,True,DECLARED_OPOINT_NOT_RUNTIME_REACHABILITY
native,449,c/min/sag.dat,601,1,900,True,DECLARED_OPOINT_NOT_RUNTIME_REACHABILITY
native,449,c/min/sag.dat,602,0,815,True,DECLARED_OPOINT_NOT_RUNTIME_REACHABILITY
native,449,c/min/sag.dat,607,1,900,True,DECLARED_OPOINT_NOT_RUNTIME_REACHABILITY
native,449,c/min/sag.dat,608,0,815,True,DECLARED_OPOINT_NOT_RUNTIME_REACHABILITY
native,449,c/min/sag.dat,631,1,204,True,DECLARED_OPOINT_NOT_RUNTIME_REACHABILITY
native,449,c/min/sag.dat,641,1,204,True,DECLARED_OPOINT_NOT_RUNTIME_REACHABILITY
native,427,c/min/kcm.dat,24,0,815,True,DECLARED_OPOINT_NOT_RUNTIME_REACHABILITY
native,427,c/min/kcm.dat,51,0,706,True,DECLARED_OPOINT_NOT_RUNTIME_REACHABILITY
native,427,c/min/kcm.dat,62,0,815,True,DECLARED_OPOINT_NOT_RUNTIME_REACHABILITY
native,427,c/min/kcm.dat,73,0,815,True,DECLARED_OPOINT_NOT_RUNTIME_REACHABILITY
native,427,c/min/kcm.dat,76,0,815,True,DECLARED_OPOINT_NOT_RUNTIME_REACHABILITY
native,427,c/min/kcm.dat,81,0,815,True,DECLARED_OPOINT_NOT_RUNTIME_REACHABILITY
native,427,c/min/kcm.dat,88,0,815,True,DECLARED_OPOINT_NOT_RUNTIME_REACHABILITY
native,427,c/min/kcm.dat,91,0,815,True,DECLARED_OPOINT_NOT_RUNTIME_REACHABILITY
native,427,c/min/kcm.dat,103,2,426,True,DECLARED_OPOINT_NOT_RUNTIME_REACHABILITY
native,427,c/min/kcm.dat,106,2,426,True,DECLARED_OPOINT_NOT_RUNTIME_REACHABILITY
native,427,c/min/kcm.dat,105,2,426,True,DECLARED_OPOINT_NOT_RUNTIME_REACHABILITY
native,427,c/min/kcm.dat,117,0,706,True,DECLARED_OPOINT_NOT_RUNTIME_REACHABILITY
native,427,c/min/kcm.dat,122,0,204,True,DECLARED_OPOINT_NOT_RUNTIME_REACHABILITY
native,427,c/min/kcm.dat,124,0,204,True,DECLARED_OPOINT_NOT_RUNTIME_REACHABILITY
native,427,c/min/kcm.dat,126,0,204,True,DECLARED_OPOINT_NOT_RUNTIME_REACHABILITY
native,427,c/min/kcm.dat,128,0,204,True,DECLARED_OPOINT_NOT_RUNTIME_REACHABILITY
native,427,c/min/kcm.dat,164,0,815,True,DECLARED_OPOINT_NOT_RUNTIME_REACHABILITY
native,427,c/min/kcm.dat,241,0,815,True,DECLARED_OPOINT_NOT_RUNTIME_REACHABILITY
native,427,c/min/kcm.dat,246,0,448,True,DECLARED_OPOINT_NOT_RUNTIME_REACHABILITY
native,427,c/min/kcm.dat,247,0,815,True,DECLARED_OPOINT_NOT_RUNTIME_REACHABILITY
native,427,c/min/kcm.dat,251,0,815,True,DECLARED_OPOINT_NOT_RUNTIME_REACHABILITY
native,427,c/min/kcm.dat,253,0,815,True,DECLARED_OPOINT_NOT_RUNTIME_REACHABILITY
native,427,c/min/kcm.dat,259,0,815,True,DECLARED_OPOINT_NOT_RUNTIME_REACHABILITY
native,427,c/min/kcm.dat,261,0,448,True,DECLARED_OPOINT_NOT_RUNTIME_REACHABILITY
native,427,c/min/kcm.dat,266,0,815,True,DECLARED_OPOINT_NOT_RUNTIME_REACHABILITY
native,427,c/min/kcm.dat,267,0,815,True,DECLARED_OPOINT_NOT_RUNTIME_REACHABILITY
native,427,c/min/kcm.dat,271,0,123,True,DECLARED_OPOINT_NOT_RUNTIME_REACHABILITY
native,427,c/min/kcm.dat,272,0,204,True,DECLARED_OPOINT_NOT_RUNTIME_REACHABILITY
native,427,c/min/kcm.dat,276,0,815,True,DECLARED_OPOINT_NOT_RUNTIME_REACHABILITY
native,427,c/min/kcm.dat,282,0,204,True,DECLARED_OPOINT_NOT_RUNTIME_REACHABILITY
native,427,c/min/kcm.dat,283,0,204,True,DECLARED_OPOINT_NOT_RUNTIME_REACHABILITY
native,427,c/min/kcm.dat,284,0,204,True,DECLARED_OPOINT_NOT_RUNTIME_REACHABILITY
native,427,c/min/kcm.dat,286,0,433,True,DECLARED_OPOINT_NOT_RUNTIME_REACHABILITY
native,427,c/min/kcm.dat,287,0,815,True,DECLARED_OPOINT_NOT_RUNTIME_REACHABILITY
native,427,c/min/kcm.dat,288,0,204,True,DECLARED_OPOINT_NOT_RUNTIME_REACHABILITY
native,427,c/min/kcm.dat,290,0,204,True,DECLARED_OPOINT_NOT_RUNTIME_REACHABILITY
native,427,c/min/kcm.dat,292,0,204,True,DECLARED_OPOINT_NOT_RUNTIME_REACHABILITY
native,427,c/min/kcm.dat,295,1,204,True,DECLARED_OPOINT_NOT_RUNTIME_REACHABILITY
native,427,c/min/kcm.dat,297,0,815,True,DECLARED_OPOINT_NOT_RUNTIME_REACHABILITY
native,427,c/min/kcm.dat,300,0,706,True,DECLARED_OPOINT_NOT_RUNTIME_REACHABILITY
native,427,c/min/kcm.dat,301,0,715,True,DECLARED_OPOINT_NOT_RUNTIME_REACHABILITY
native,427,c/min/kcm.dat,308,0,715,True,DECLARED_OPOINT_NOT_RUNTIME_REACHABILITY
native,427,c/min/kcm.dat,370,0,815,True,DECLARED_OPOINT_NOT_RUNTIME_REACHABILITY
native,427,c/min/kcm.dat,373,0,426,True,DECLARED_OPOINT_NOT_RUNTIME_REACHABILITY
native,427,c/min/kcm.dat,379,3,426,True,DECLARED_OPOINT_NOT_RUNTIME_REACHABILITY
native,427,c/min/kcm.dat,380,0,815,True,DECLARED_OPOINT_NOT_RUNTIME_REACHABILITY
native,427,c/min/kcm.dat,382,0,815,True,DECLARED_OPOINT_NOT_RUNTIME_REACHABILITY
native,427,c/min/kcm.dat,390,0,815,True,DECLARED_OPOINT_NOT_RUNTIME_REACHABILITY
native,427,c/min/kcm.dat,459,0,204,True,DECLARED_OPOINT_NOT_RUNTIME_REACHABILITY
native,427,c/min/kcm.dat,460,0,204,True,DECLARED_OPOINT_NOT_RUNTIME_REACHABILITY
native,427,c/min/kcm.dat,461,0,204,True,DECLARED_OPOINT_NOT_RUNTIME_REACHABILITY
native,427,c/min/kcm.dat,581,0,815,True,DECLARED_OPOINT_NOT_RUNTIME_REACHABILITY
native,427,c/min/kcm.dat,583,0,426,True,DECLARED_OPOINT_NOT_RUNTIME_REACHABILITY
native,427,c/min/kcm.dat,601,1,900,True,DECLARED_OPOINT_NOT_RUNTIME_REACHABILITY
native,427,c/min/kcm.dat,602,0,815,True,DECLARED_OPOINT_NOT_RUNTIME_REACHABILITY
native,427,c/min/kcm.dat,607,1,900,True,DECLARED_OPOINT_NOT_RUNTIME_REACHABILITY
native,427,c/min/kcm.dat,608,0,815,True,DECLARED_OPOINT_NOT_RUNTIME_REACHABILITY
native,427,c/min/kcm.dat,631,1,204,True,DECLARED_OPOINT_NOT_RUNTIME_REACHABILITY
native,427,c/min/kcm.dat,641,1,204,True,DECLARED_OPOINT_NOT_RUNTIME_REACHABILITY
native,448,c/min/a/fla.dat,46,0,706,True,DECLARED_OPOINT_NOT_RUNTIME_REACHABILITY
native,448,c/min/a/fla.dat,55,0,448,True,DECLARED_OPOINT_NOT_RUNTIME_REACHABILITY
native,448,c/min/a/fla.dat,55,1,448,True,DECLARED_OPOINT_NOT_RUNTIME_REACHABILITY
native,448,c/min/a/fla.dat,100,0,815,True,DECLARED_OPOINT_NOT_RUNTIME_REACHABILITY
native,815,c/min/a/fly.dat,4,0,817,True,DECLARED_OPOINT_NOT_RUNTIME_REACHABILITY
native,815,c/min/a/fly.dat,8,0,706,True,DECLARED_OPOINT_NOT_RUNTIME_REACHABILITY
native,815,c/min/a/fly.dat,11,0,815,True,DECLARED_OPOINT_NOT_RUNTIME_REACHABILITY
native,815,c/min/a/fly.dat,13,0,815,True,DECLARED_OPOINT_NOT_RUNTIME_REACHABILITY
native,815,c/min/a/fly.dat,61,0,815,True,DECLARED_OPOINT_NOT_RUNTIME_REACHABILITY
native,815,c/min/a/fly.dat,72,0,448,True,DECLARED_OPOINT_NOT_RUNTIME_REACHABILITY
native,815,c/min/a/fly.dat,111,0,815,True,DECLARED_OPOINT_NOT_RUNTIME_REACHABILITY
native,426,c/min/a/kcm.dat,1,0,426,True,DECLARED_OPOINT_NOT_RUNTIME_REACHABILITY
native,426,c/min/a/kcm.dat,31,0,426,True,DECLARED_OPOINT_NOT_RUNTIME_REACHABILITY
native,426,c/min/a/kcm.dat,50,0,426,True,DECLARED_OPOINT_NOT_RUNTIME_REACHABILITY
native,426,c/min/a/kcm.dat,55,0,426,True,DECLARED_OPOINT_NOT_RUNTIME_REACHABILITY
native,426,c/min/a/kcm.dat,61,1,426,True,DECLARED_OPOINT_NOT_RUNTIME_REACHABILITY
native,426,c/min/a/kcm.dat,64,1,426,True,DECLARED_OPOINT_NOT_RUNTIME_REACHABILITY
native,426,c/min/a/kcm.dat,66,1,426,True,DECLARED_OPOINT_NOT_RUNTIME_REACHABILITY
native,426,c/min/a/kcm.dat,70,1,426,True,DECLARED_OPOINT_NOT_RUNTIME_REACHABILITY
native,63,c/hir/hir.dat,21,0,204,True,DECLARED_OPOINT_NOT_RUNTIME_REACHABILITY
native,63,c/hir/hir.dat,37,0,204,True,DECLARED_OPOINT_NOT_RUNTIME_REACHABILITY
native,63,c/hir/hir.dat,62,0,236,True,DECLARED_OPOINT_NOT_RUNTIME_REACHABILITY
native,63,c/hir/hir.dat,66,0,236,True,DECLARED_OPOINT_NOT_RUNTIME_REACHABILITY
native,63,c/hir/hir.dat,87,0,236,True,DECLARED_OPOINT_NOT_RUNTIME_REACHABILITY
native,63,c/hir/hir.dat,96,0,236,True,DECLARED_OPOINT_NOT_RUNTIME_REACHABILITY
native,63,c/hir/hir.dat,121,1,236,True,DECLARED_OPOINT_NOT_RUNTIME_REACHABILITY
native,63,c/hir/hir.dat,221,0,236,True,DECLARED_OPOINT_NOT_RUNTIME_REACHABILITY
native,63,c/hir/hir.dat,223,0,236,True,DECLARED_OPOINT_NOT_RUNTIME_REACHABILITY
native,63,c/hir/hir.dat,236,0,236,True,DECLARED_OPOINT_NOT_RUNTIME_REACHABILITY
native,63,c/hir/hir.dat,237,0,236,True,DECLARED_OPOINT_NOT_RUNTIME_REACHABILITY
native,63,c/hir/hir.dat,239,0,236,True,DECLARED_OPOINT_NOT_RUNTIME_REACHABILITY
native,63,c/hir/hir.dat,240,0,236,True,DECLARED_OPOINT_NOT_RUNTIME_REACHABILITY
native,63,c/hir/hir.dat,247,0,808,True,DECLARED_OPOINT_NOT_RUNTIME_REACHABILITY
native,63,c/hir/hir.dat,250,0,236,True,DECLARED_OPOINT_NOT_RUNTIME_REACHABILITY
native,63,c/hir/hir.dat,251,0,236,True,DECLARED_OPOINT_NOT_RUNTIME_REACHABILITY
native,63,c/hir/hir.dat,252,0,504,True,DECLARED_OPOINT_NOT_RUNTIME_REACHABILITY
native,63,c/hir/hir.dat,253,0,504,True,DECLARED_OPOINT_NOT_RUNTIME_REACHABILITY
native,63,c/hir/hir.dat,255,0,236,True,DECLARED_OPOINT_NOT_RUNTIME_REACHABILITY
native,63,c/hir/hir.dat,258,0,236,True,DECLARED_OPOINT_NOT_RUNTIME_REACHABILITY
native,63,c/hir/hir.dat,262,0,204,True,DECLARED_OPOINT_NOT_RUNTIME_REACHABILITY
native,63,c/hir/hir.dat,263,0,236,True,DECLARED_OPOINT_NOT_RUNTIME_REACHABILITY
native,63,c/hir/hir.dat,264,0,236,True,DECLARED_OPOINT_NOT_RUNTIME_REACHABILITY
native,63,c/hir/hir.dat,267,0,121,True,DECLARED_OPOINT_NOT_RUNTIME_REACHABILITY
native,63,c/hir/hir.dat,269,0,204,True,DECLARED_OPOINT_NOT_RUNTIME_REACHABILITY
native,63,c/hir/hir.dat,271,0,123,True,DECLARED_OPOINT_NOT_RUNTIME_REACHABILITY
native,63,c/hir/hir.dat,272,0,204,True,DECLARED_OPOINT_NOT_RUNTIME_REACHABILITY
native,63,c/hir/hir.dat,283,0,236,True,DECLARED_OPOINT_NOT_RUNTIME_REACHABILITY
native,63,c/hir/hir.dat,284,0,504,True,DECLARED_OPOINT_NOT_RUNTIME_REACHABILITY
native,63,c/hir/hir.dat,285,0,504,True,DECLARED_OPOINT_NOT_RUNTIME_REACHABILITY
native,63,c/hir/hir.dat,286,0,504,True,DECLARED_OPOINT_NOT_RUNTIME_REACHABILITY
native,63,c/hir/hir.dat,287,0,504,True,DECLARED_OPOINT_NOT_RUNTIME_REACHABILITY
native,63,c/hir/hir.dat,288,0,211,True,DECLARED_OPOINT_NOT_RUNTIME_REACHABILITY
native,63,c/hir/hir.dat,289,0,211,True,DECLARED_OPOINT_NOT_RUNTIME_REACHABILITY
native,63,c/hir/hir.dat,290,1,211,True,DECLARED_OPOINT_NOT_RUNTIME_REACHABILITY
native,63,c/hir/hir.dat,296,0,504,True,DECLARED_OPOINT_NOT_RUNTIME_REACHABILITY
native,63,c/hir/hir.dat,336,0,204,True,DECLARED_OPOINT_NOT_RUNTIME_REACHABILITY
native,63,c/hir/hir.dat,338,0,204,True,DECLARED_OPOINT_NOT_RUNTIME_REACHABILITY
native,63,c/hir/hir.dat,342,0,236,True,DECLARED_OPOINT_NOT_RUNTIME_REACHABILITY
native,63,c/hir/hir.dat,347,0,236,True,DECLARED_OPOINT_NOT_RUNTIME_REACHABILITY
native,63,c/hir/hir.dat,390,0,236,True,DECLARED_OPOINT_NOT_RUNTIME_REACHABILITY
native,63,c/hir/hir.dat,396,0,204,True,DECLARED_OPOINT_NOT_RUNTIME_REACHABILITY
native,63,c/hir/hir.dat,404,0,714,True,DECLARED_OPOINT_NOT_RUNTIME_REACHABILITY
native,63,c/hir/hir.dat,405,0,716,True,DECLARED_OPOINT_NOT_RUNTIME_REACHABILITY
native,63,c/hir/hir.dat,406,0,717,True,DECLARED_OPOINT_NOT_RUNTIME_REACHABILITY
native,63,c/hir/hir.dat,414,0,236,True,DECLARED_OPOINT_NOT_RUNTIME_REACHABILITY
native,63,c/hir/hir.dat,420,0,717,True,DECLARED_OPOINT_NOT_RUNTIME_REACHABILITY
native,63,c/hir/hir.dat,421,0,717,True,DECLARED_OPOINT_NOT_RUNTIME_REACHABILITY
native,63,c/hir/hir.dat,424,0,716,True,DECLARED_OPOINT_NOT_RUNTIME_REACHABILITY
native,63,c/hir/hir.dat,425,0,716,True,DECLARED_OPOINT_NOT_RUNTIME_REACHABILITY
native,63,c/hir/hir.dat,497,0,204,True,DECLARED_OPOINT_NOT_RUNTIME_REACHABILITY
native,63,c/hir/hir.dat,552,0,236,True,DECLARED_OPOINT_NOT_RUNTIME_REACHABILITY
native,63,c/hir/hir.dat,554,3,808,True,DECLARED_OPOINT_NOT_RUNTIME_REACHABILITY
native,63,c/hir/hir.dat,602,1,900,True,DECLARED_OPOINT_NOT_RUNTIME_REACHABILITY
native,63,c/hir/hir.dat,631,1,204,True,DECLARED_OPOINT_NOT_RUNTIME_REACHABILITY
native,63,c/hir/hir.dat,641,1,204,True,DECLARED_OPOINT_NOT_RUNTIME_REACHABILITY
native,63,c/hir/hir.dat,666,0,236,True,DECLARED_OPOINT_NOT_RUNTIME_REACHABILITY
native,504,c/hir/hcl.dat,61,0,236,True,DECLARED_OPOINT_NOT_RUNTIME_REACHABILITY
native,504,c/hir/hcl.dat,66,0,236,True,DECLARED_OPOINT_NOT_RUNTIME_REACHABILITY
native,504,c/hir/hcl.dat,87,0,236,True,DECLARED_OPOINT_NOT_RUNTIME_REACHABILITY
native,504,c/hir/hcl.dat,96,0,236,True,DECLARED_OPOINT_NOT_RUNTIME_REACHABILITY
native,504,c/hir/hcl.dat,221,0,236,True,DECLARED_OPOINT_NOT_RUNTIME_REACHABILITY
native,504,c/hir/hcl.dat,223,0,236,True,DECLARED_OPOINT_NOT_RUNTIME_REACHABILITY
native,504,c/hir/hcl.dat,240,0,204,True,DECLARED_OPOINT_NOT_RUNTIME_REACHABILITY
native,504,c/hir/hcl.dat,245,0,816,True,DECLARED_OPOINT_NOT_RUNTIME_REACHABILITY
native,504,c/hir/hcl.dat,246,0,816,True,DECLARED_OPOINT_NOT_RUNTIME_REACHABILITY
native,504,c/hir/hcl.dat,247,0,816,True,DECLARED_OPOINT_NOT_RUNTIME_REACHABILITY
native,504,c/hir/hcl.dat,250,0,204,True,DECLARED_OPOINT_NOT_RUNTIME_REACHABILITY
native,504,c/hir/hcl.dat,255,0,816,True,DECLARED_OPOINT_NOT_RUNTIME_REACHABILITY
native,504,c/hir/hcl.dat,256,0,816,True,DECLARED_OPOINT_NOT_RUNTIME_REACHABILITY
native,504,c/hir/hcl.dat,257,0,816,True,DECLARED_OPOINT_NOT_RUNTIME_REACHABILITY
native,504,c/hir/hcl.dat,260,0,204,True,DECLARED_OPOINT_NOT_RUNTIME_REACHABILITY
native,504,c/hir/hcl.dat,265,0,236,True,DECLARED_OPOINT_NOT_RUNTIME_REACHABILITY
native,504,c/hir/hcl.dat,266,0,236,True,DECLARED_OPOINT_NOT_RUNTIME_REACHABILITY
native,504,c/hir/hcl.dat,267,0,236,True,DECLARED_OPOINT_NOT_RUNTIME_REACHABILITY
native,504,c/hir/hcl.dat,270,0,204,True,DECLARED_OPOINT_NOT_RUNTIME_REACHABILITY
native,504,c/hir/hcl.dat,275,0,761,True,DECLARED_OPOINT_NOT_RUNTIME_REACHABILITY
native,504,c/hir/hcl.dat,276,0,761,True,DECLARED_OPOINT_NOT_RUNTIME_REACHABILITY
native,504,c/hir/hcl.dat,300,0,204,True,DECLARED_OPOINT_NOT_RUNTIME_REACHABILITY
native,504,c/hir/hcl.dat,326,0,204,True,DECLARED_OPOINT_NOT_RUNTIME_REACHABILITY
native,504,c/hir/hcl.dat,336,0,204,True,DECLARED_OPOINT_NOT_RUNTIME_REACHABILITY
native,504,c/hir/hcl.dat,338,0,204,True,DECLARED_OPOINT_NOT_RUNTIME_REACHABILITY
native,504,c/hir/hcl.dat,341,0,236,True,DECLARED_OPOINT_NOT_RUNTIME_REACHABILITY
native,504,c/hir/hcl.dat,347,0,236,True,DECLARED_OPOINT_NOT_RUNTIME_REACHABILITY
native,236,c/hir/a/atk.dat,41,0,204,True,DECLARED_OPOINT_NOT_RUNTIME_REACHABILITY
native,236,c/hir/a/atk.dat,48,0,204,True,DECLARED_OPOINT_NOT_RUNTIME_REACHABILITY
native,236,c/hir/a/atk.dat,113,0,204,True,DECLARED_OPOINT_NOT_RUNTIME_REACHABILITY
native,236,c/hir/a/atk.dat,136,0,736,True,DECLARED_OPOINT_NOT_RUNTIME_REACHABILITY
native,64,c/tobir/tobir.dat,62,0,459,True,DECLARED_OPOINT_NOT_RUNTIME_REACHABILITY
native,64,c/tobir/tobir.dat,67,0,459,True,DECLARED_OPOINT_NOT_RUNTIME_REACHABILITY
native,64,c/tobir/tobir.dat,71,0,459,True,DECLARED_OPOINT_NOT_RUNTIME_REACHABILITY
native,64,c/tobir/tobir.dat,86,0,459,True,DECLARED_OPOINT_NOT_RUNTIME_REACHABILITY
native,64,c/tobir/tobir.dat,91,0,459,True,DECLARED_OPOINT_NOT_RUNTIME_REACHABILITY
native,64,c/tobir/tobir.dat,233,1,459,True,DECLARED_OPOINT_NOT_RUNTIME_REACHABILITY
native,64,c/tobir/tobir.dat,236,0,204,True,DECLARED_OPOINT_NOT_RUNTIME_REACHABILITY
native,64,c/tobir/tobir.dat,238,0,204,True,DECLARED_OPOINT_NOT_RUNTIME_REACHABILITY
native,64,c/tobir/tobir.dat,240,0,459,True,DECLARED_OPOINT_NOT_RUNTIME_REACHABILITY
native,64,c/tobir/tobir.dat,241,0,816,True,DECLARED_OPOINT_NOT_RUNTIME_REACHABILITY
native,64,c/tobir/tobir.dat,242,0,459,True,DECLARED_OPOINT_NOT_RUNTIME_REACHABILITY
native,64,c/tobir/tobir.dat,248,0,616,True,DECLARED_OPOINT_NOT_RUNTIME_REACHABILITY
native,64,c/tobir/tobir.dat,252,0,459,True,DECLARED_OPOINT_NOT_RUNTIME_REACHABILITY
native,64,c/tobir/tobir.dat,257,0,459,True,DECLARED_OPOINT_NOT_RUNTIME_REACHABILITY
native,64,c/tobir/tobir.dat,258,0,459,True,DECLARED_OPOINT_NOT_RUNTIME_REACHABILITY
native,64,c/tobir/tobir.dat,260,0,459,True,DECLARED_OPOINT_NOT_RUNTIME_REACHABILITY
native,64,c/tobir/tobir.dat,261,0,459,True,DECLARED_OPOINT_NOT_RUNTIME_REACHABILITY
native,64,c/tobir/tobir.dat,267,0,816,True,DECLARED_OPOINT_NOT_RUNTIME_REACHABILITY
native,64,c/tobir/tobir.dat,268,0,459,True,DECLARED_OPOINT_NOT_RUNTIME_REACHABILITY
native,64,c/tobir/tobir.dat,271,0,123,True,DECLARED_OPOINT_NOT_RUNTIME_REACHABILITY
native,64,c/tobir/tobir.dat,272,0,204,True,DECLARED_OPOINT_NOT_RUNTIME_REACHABILITY
native,64,c/tobir/tobir.dat,296,0,415,True,DECLARED_OPOINT_NOT_RUNTIME_REACHABILITY
native,64,c/tobir/tobir.dat,302,0,459,True,DECLARED_OPOINT_NOT_RUNTIME_REACHABILITY
native,64,c/tobir/tobir.dat,311,1,714,True,DECLARED_OPOINT_NOT_RUNTIME_REACHABILITY
native,64,c/tobir/tobir.dat,312,0,459,True,DECLARED_OPOINT_NOT_RUNTIME_REACHABILITY
native,64,c/tobir/tobir.dat,321,0,459,True,DECLARED_OPOINT_NOT_RUNTIME_REACHABILITY
native,64,c/tobir/tobir.dat,322,0,459,True,DECLARED_OPOINT_NOT_RUNTIME_REACHABILITY
native,64,c/tobir/tobir.dat,341,0,459,True,DECLARED_OPOINT_NOT_RUNTIME_REACHABILITY
native,64,c/tobir/tobir.dat,378,2,616,True,DECLARED_OPOINT_NOT_RUNTIME_REACHABILITY
native,64,c/tobir/tobir.dat,398,1,459,True,DECLARED_OPOINT_NOT_RUNTIME_REACHABILITY
native,64,c/tobir/tobir.dat,402,0,459,True,DECLARED_OPOINT_NOT_RUNTIME_REACHABILITY
native,64,c/tobir/tobir.dat,631,1,204,True,DECLARED_OPOINT_NOT_RUNTIME_REACHABILITY
native,64,c/tobir/tobir.dat,641,1,204,True,DECLARED_OPOINT_NOT_RUNTIME_REACHABILITY
native,64,c/tobir/tobir.dat,667,0,459,True,DECLARED_OPOINT_NOT_RUNTIME_REACHABILITY
native,415,c/tobir/tclo.dat,62,0,459,True,DECLARED_OPOINT_NOT_RUNTIME_REACHABILITY
native,415,c/tobir/tclo.dat,67,0,459,True,DECLARED_OPOINT_NOT_RUNTIME_REACHABILITY
native,415,c/tobir/tclo.dat,71,0,459,True,DECLARED_OPOINT_NOT_RUNTIME_REACHABILITY
native,415,c/tobir/tclo.dat,86,0,459,True,DECLARED_OPOINT_NOT_RUNTIME_REACHABILITY
native,415,c/tobir/tclo.dat,91,0,459,True,DECLARED_OPOINT_NOT_RUNTIME_REACHABILITY
native,415,c/tobir/tclo.dat,300,0,204,True,DECLARED_OPOINT_NOT_RUNTIME_REACHABILITY
native,459,c/tobir/a/atk.dat,4,0,459,True,DECLARED_OPOINT_NOT_RUNTIME_REACHABILITY
native,459,c/tobir/a/atk.dat,14,0,459,True,DECLARED_OPOINT_NOT_RUNTIME_REACHABILITY
native,459,c/tobir/a/atk.dat,18,0,616,True,DECLARED_OPOINT_NOT_RUNTIME_REACHABILITY
native,459,c/tobir/a/atk.dat,19,0,616,True,DECLARED_OPOINT_NOT_RUNTIME_REACHABILITY
native,459,c/tobir/a/atk.dat,21,0,616,True,DECLARED_OPOINT_NOT_RUNTIME_REACHABILITY
native,459,c/tobir/a/atk.dat,22,0,616,True,DECLARED_OPOINT_NOT_RUNTIME_REACHABILITY
native,459,c/tobir/a/atk.dat,285,0,616,True,DECLARED_OPOINT_NOT_RUNTIME_REACHABILITY
native,459,c/tobir/a/atk.dat,286,0,616,True,DECLARED_OPOINT_NOT_RUNTIME_REACHABILITY
native,459,c/tobir/a/atk.dat,320,0,616,True,DECLARED_OPOINT_NOT_RUNTIME_REACHABILITY
native,459,c/tobir/a/atk.dat,321,0,616,True,DECLARED_OPOINT_NOT_RUNTIME_REACHABILITY
native,459,c/tobir/a/atk.dat,336,0,616,True,DECLARED_OPOINT_NOT_RUNTIME_REACHABILITY
native,459,c/tobir/a/atk.dat,337,0,616,True,DECLARED_OPOINT_NOT_RUNTIME_REACHABILITY
native,459,c/tobir/a/atk.dat,338,0,616,True,DECLARED_OPOINT_NOT_RUNTIME_REACHABILITY
native,459,c/tobir/a/atk.dat,339,0,616,True,DECLARED_OPOINT_NOT_RUNTIME_REACHABILITY
native,459,c/tobir/a/atk.dat,340,0,616,True,DECLARED_OPOINT_NOT_RUNTIME_REACHABILITY
native,459,c/tobir/a/atk.dat,341,0,616,True,DECLARED_OPOINT_NOT_RUNTIME_REACHABILITY
native,69,c/has/has.dat,46,0,409,True,DECLARED_OPOINT_NOT_RUNTIME_REACHABILITY
native,69,c/has/has.dat,61,0,409,True,DECLARED_OPOINT_NOT_RUNTIME_REACHABILITY
native,69,c/has/has.dat,66,0,409,True,DECLARED_OPOINT_NOT_RUNTIME_REACHABILITY
native,69,c/has/has.dat,71,0,409,True,DECLARED_OPOINT_NOT_RUNTIME_REACHABILITY
native,69,c/has/has.dat,86,0,409,True,DECLARED_OPOINT_NOT_RUNTIME_REACHABILITY
native,69,c/has/has.dat,91,0,409,True,DECLARED_OPOINT_NOT_RUNTIME_REACHABILITY
native,69,c/has/has.dat,122,0,409,True,DECLARED_OPOINT_NOT_RUNTIME_REACHABILITY
native,69,c/has/has.dat,233,1,409,True,DECLARED_OPOINT_NOT_RUNTIME_REACHABILITY
native,69,c/has/has.dat,236,0,204,True,DECLARED_OPOINT_NOT_RUNTIME_REACHABILITY
native,69,c/has/has.dat,238,0,204,True,DECLARED_OPOINT_NOT_RUNTIME_REACHABILITY
native,69,c/has/has.dat,241,0,409,True,DECLARED_OPOINT_NOT_RUNTIME_REACHABILITY
native,69,c/has/has.dat,243,1,409,True,DECLARED_OPOINT_NOT_RUNTIME_REACHABILITY
native,69,c/has/has.dat,256,0,409,True,DECLARED_OPOINT_NOT_RUNTIME_REACHABILITY
native,69,c/has/has.dat,263,0,409,True,DECLARED_OPOINT_NOT_RUNTIME_REACHABILITY
native,69,c/has/has.dat,266,0,409,True,DECLARED_OPOINT_NOT_RUNTIME_REACHABILITY
native,69,c/has/has.dat,267,0,409,True,DECLARED_OPOINT_NOT_RUNTIME_REACHABILITY
native,69,c/has/has.dat,271,0,123,True,DECLARED_OPOINT_NOT_RUNTIME_REACHABILITY
native,69,c/has/has.dat,272,0,204,True,DECLARED_OPOINT_NOT_RUNTIME_REACHABILITY
native,69,c/has/has.dat,276,0,409,True,DECLARED_OPOINT_NOT_RUNTIME_REACHABILITY
native,69,c/has/has.dat,278,0,409,True,DECLARED_OPOINT_NOT_RUNTIME_REACHABILITY
native,69,c/has/has.dat,280,0,409,True,DECLARED_OPOINT_NOT_RUNTIME_REACHABILITY
native,69,c/has/has.dat,282,0,409,True,DECLARED_OPOINT_NOT_RUNTIME_REACHABILITY
native,69,c/has/has.dat,284,0,409,True,DECLARED_OPOINT_NOT_RUNTIME_REACHABILITY
native,69,c/has/has.dat,286,0,409,True,DECLARED_OPOINT_NOT_RUNTIME_REACHABILITY
native,69,c/has/has.dat,288,0,409,True,DECLARED_OPOINT_NOT_RUNTIME_REACHABILITY
native,69,c/has/has.dat,290,0,409,True,DECLARED_OPOINT_NOT_RUNTIME_REACHABILITY
native,69,c/has/has.dat,292,0,409,True,DECLARED_OPOINT_NOT_RUNTIME_REACHABILITY
native,69,c/has/has.dat,294,0,409,True,DECLARED_OPOINT_NOT_RUNTIME_REACHABILITY
native,69,c/has/has.dat,296,0,409,True,DECLARED_OPOINT_NOT_RUNTIME_REACHABILITY
native,69,c/has/has.dat,298,0,409,True,DECLARED_OPOINT_NOT_RUNTIME_REACHABILITY
native,69,c/has/has.dat,301,0,409,True,DECLARED_OPOINT_NOT_RUNTIME_REACHABILITY
native,69,c/has/has.dat,302,0,409,True,DECLARED_OPOINT_NOT_RUNTIME_REACHABILITY
native,69,c/has/has.dat,303,0,409,True,DECLARED_OPOINT_NOT_RUNTIME_REACHABILITY
native,69,c/has/has.dat,307,0,409,True,DECLARED_OPOINT_NOT_RUNTIME_REACHABILITY
native,69,c/has/has.dat,308,0,409,True,DECLARED_OPOINT_NOT_RUNTIME_REACHABILITY
native,69,c/has/has.dat,311,0,409,True,DECLARED_OPOINT_NOT_RUNTIME_REACHABILITY
native,69,c/has/has.dat,312,0,409,True,DECLARED_OPOINT_NOT_RUNTIME_REACHABILITY
native,69,c/has/has.dat,315,0,409,True,DECLARED_OPOINT_NOT_RUNTIME_REACHABILITY
native,69,c/has/has.dat,317,0,409,True,DECLARED_OPOINT_NOT_RUNTIME_REACHABILITY
native,69,c/has/has.dat,324,1,409,True,DECLARED_OPOINT_NOT_RUNTIME_REACHABILITY
native,69,c/has/has.dat,326,0,409,True,DECLARED_OPOINT_NOT_RUNTIME_REACHABILITY
native,69,c/has/has.dat,327,0,409,True,DECLARED_OPOINT_NOT_RUNTIME_REACHABILITY
native,69,c/has/has.dat,341,1,409,True,DECLARED_OPOINT_NOT_RUNTIME_REACHABILITY
native,69,c/has/has.dat,366,0,47,True,DECLARED_OPOINT_NOT_RUNTIME_REACHABILITY
native,69,c/has/has.dat,393,0,120,True,DECLARED_OPOINT_NOT_RUNTIME_REACHABILITY
native,69,c/has/has.dat,395,0,121,True,DECLARED_OPOINT_NOT_RUNTIME_REACHABILITY
native,69,c/has/has.dat,398,1,409,True,DECLARED_OPOINT_NOT_RUNTIME_REACHABILITY
native,69,c/has/has.dat,631,1,204,True,DECLARED_OPOINT_NOT_RUNTIME_REACHABILITY
native,69,c/has/has.dat,641,1,204,True,DECLARED_OPOINT_NOT_RUNTIME_REACHABILITY
native,69,c/has/has.dat,666,0,409,True,DECLARED_OPOINT_NOT_RUNTIME_REACHABILITY
native,93,c/has/sag.dat,46,0,409,True,DECLARED_OPOINT_NOT_RUNTIME_REACHABILITY
native,93,c/has/sag.dat,61,0,409,True,DECLARED_OPOINT_NOT_RUNTIME_REACHABILITY
native,93,c/has/sag.dat,66,0,409,True,DECLARED_OPOINT_NOT_RUNTIME_REACHABILITY
native,93,c/has/sag.dat,71,0,409,True,DECLARED_OPOINT_NOT_RUNTIME_REACHABILITY
native,93,c/has/sag.dat,86,0,409,True,DECLARED_OPOINT_NOT_RUNTIME_REACHABILITY
native,93,c/has/sag.dat,91,0,409,True,DECLARED_OPOINT_NOT_RUNTIME_REACHABILITY
native,93,c/has/sag.dat,122,0,409,True,DECLARED_OPOINT_NOT_RUNTIME_REACHABILITY
native,93,c/has/sag.dat,233,1,409,True,DECLARED_OPOINT_NOT_RUNTIME_REACHABILITY
native,93,c/has/sag.dat,236,0,204,True,DECLARED_OPOINT_NOT_RUNTIME_REACHABILITY
native,93,c/has/sag.dat,238,0,204,True,DECLARED_OPOINT_NOT_RUNTIME_REACHABILITY
native,93,c/has/sag.dat,241,0,409,True,DECLARED_OPOINT_NOT_RUNTIME_REACHABILITY
native,93,c/has/sag.dat,243,1,409,True,DECLARED_OPOINT_NOT_RUNTIME_REACHABILITY
native,93,c/has/sag.dat,256,0,409,True,DECLARED_OPOINT_NOT_RUNTIME_REACHABILITY
native,93,c/has/sag.dat,263,0,409,True,DECLARED_OPOINT_NOT_RUNTIME_REACHABILITY
native,93,c/has/sag.dat,266,0,409,True,DECLARED_OPOINT_NOT_RUNTIME_REACHABILITY
native,93,c/has/sag.dat,267,0,409,True,DECLARED_OPOINT_NOT_RUNTIME_REACHABILITY
native,93,c/has/sag.dat,271,0,123,True,DECLARED_OPOINT_NOT_RUNTIME_REACHABILITY
native,93,c/has/sag.dat,272,0,204,True,DECLARED_OPOINT_NOT_RUNTIME_REACHABILITY
native,93,c/has/sag.dat,276,0,409,True,DECLARED_OPOINT_NOT_RUNTIME_REACHABILITY
native,93,c/has/sag.dat,278,0,409,True,DECLARED_OPOINT_NOT_RUNTIME_REACHABILITY
native,93,c/has/sag.dat,280,0,409,True,DECLARED_OPOINT_NOT_RUNTIME_REACHABILITY
native,93,c/has/sag.dat,282,0,409,True,DECLARED_OPOINT_NOT_RUNTIME_REACHABILITY
native,93,c/has/sag.dat,284,0,409,True,DECLARED_OPOINT_NOT_RUNTIME_REACHABILITY
native,93,c/has/sag.dat,286,0,409,True,DECLARED_OPOINT_NOT_RUNTIME_REACHABILITY
native,93,c/has/sag.dat,288,0,409,True,DECLARED_OPOINT_NOT_RUNTIME_REACHABILITY
native,93,c/has/sag.dat,290,0,409,True,DECLARED_OPOINT_NOT_RUNTIME_REACHABILITY
native,93,c/has/sag.dat,292,0,409,True,DECLARED_OPOINT_NOT_RUNTIME_REACHABILITY
native,93,c/has/sag.dat,294,0,409,True,DECLARED_OPOINT_NOT_RUNTIME_REACHABILITY
native,93,c/has/sag.dat,296,0,409,True,DECLARED_OPOINT_NOT_RUNTIME_REACHABILITY
native,93,c/has/sag.dat,298,0,409,True,DECLARED_OPOINT_NOT_RUNTIME_REACHABILITY
native,93,c/has/sag.dat,301,0,409,True,DECLARED_OPOINT_NOT_RUNTIME_REACHABILITY
native,93,c/has/sag.dat,302,0,409,True,DECLARED_OPOINT_NOT_RUNTIME_REACHABILITY
native,93,c/has/sag.dat,303,0,409,True,DECLARED_OPOINT_NOT_RUNTIME_REACHABILITY
native,93,c/has/sag.dat,307,0,409,True,DECLARED_OPOINT_NOT_RUNTIME_REACHABILITY
native,93,c/has/sag.dat,308,0,409,True,DECLARED_OPOINT_NOT_RUNTIME_REACHABILITY
native,93,c/has/sag.dat,311,0,409,True,DECLARED_OPOINT_NOT_RUNTIME_REACHABILITY
native,93,c/has/sag.dat,312,0,409,True,DECLARED_OPOINT_NOT_RUNTIME_REACHABILITY
native,93,c/has/sag.dat,315,0,409,True,DECLARED_OPOINT_NOT_RUNTIME_REACHABILITY
native,93,c/has/sag.dat,317,0,409,True,DECLARED_OPOINT_NOT_RUNTIME_REACHABILITY
native,93,c/has/sag.dat,329,0,202,True,DECLARED_OPOINT_NOT_RUNTIME_REACHABILITY
native,93,c/has/sag.dat,341,0,409,True,DECLARED_OPOINT_NOT_RUNTIME_REACHABILITY
native,93,c/has/sag.dat,346,0,47,True,DECLARED_OPOINT_NOT_RUNTIME_REACHABILITY
native,93,c/has/sag.dat,380,0,47,True,DECLARED_OPOINT_NOT_RUNTIME_REACHABILITY
native,93,c/has/sag.dat,381,0,47,True,DECLARED_OPOINT_NOT_RUNTIME_REACHABILITY
native,93,c/has/sag.dat,393,0,120,True,DECLARED_OPOINT_NOT_RUNTIME_REACHABILITY
native,93,c/has/sag.dat,395,0,121,True,DECLARED_OPOINT_NOT_RUNTIME_REACHABILITY
native,93,c/has/sag.dat,398,1,409,True,DECLARED_OPOINT_NOT_RUNTIME_REACHABILITY
native,93,c/has/sag.dat,413,0,846,True,DECLARED_OPOINT_NOT_RUNTIME_REACHABILITY
native,93,c/has/sag.dat,631,1,204,True,DECLARED_OPOINT_NOT_RUNTIME_REACHABILITY
native,93,c/has/sag.dat,641,1,204,True,DECLARED_OPOINT_NOT_RUNTIME_REACHABILITY
native,93,c/has/sag.dat,666,0,409,True,DECLARED_OPOINT_NOT_RUNTIME_REACHABILITY
native,47,c/has/hcl.dat,46,0,409,True,DECLARED_OPOINT_NOT_RUNTIME_REACHABILITY
native,47,c/has/hcl.dat,61,0,409,True,DECLARED_OPOINT_NOT_RUNTIME_REACHABILITY
native,47,c/has/hcl.dat,66,0,409,True,DECLARED_OPOINT_NOT_RUNTIME_REACHABILITY
native,47,c/has/hcl.dat,86,0,409,True,DECLARED_OPOINT_NOT_RUNTIME_REACHABILITY
native,47,c/has/hcl.dat,91,0,409,True,DECLARED_OPOINT_NOT_RUNTIME_REACHABILITY
native,409,c/has/a/atk.dat,67,1,409,True,DECLARED_OPOINT_NOT_RUNTIME_REACHABILITY
native,409,c/has/a/atk.dat,76,1,409,True,DECLARED_OPOINT_NOT_RUNTIME_REACHABILITY
native,409,c/has/a/atk.dat,83,0,409,True,DECLARED_OPOINT_NOT_RUNTIME_REACHABILITY
native,409,c/has/a/atk.dat,85,0,409,True,DECLARED_OPOINT_NOT_RUNTIME_REACHABILITY
native,409,c/has/a/atk.dat,103,0,409,True,DECLARED_OPOINT_NOT_RUNTIME_REACHABILITY
native,409,c/has/a/atk.dat,107,1,409,True,DECLARED_OPOINT_NOT_RUNTIME_REACHABILITY
native,409,c/has/a/atk.dat,116,1,409,True,DECLARED_OPOINT_NOT_RUNTIME_REACHABILITY
native,409,c/has/a/atk.dat,123,0,409,True,DECLARED_OPOINT_NOT_RUNTIME_REACHABILITY
native,409,c/has/a/atk.dat,274,0,409,True,DECLARED_OPOINT_NOT_RUNTIME_REACHABILITY
native,409,c/has/a/atk.dat,275,0,409,True,DECLARED_OPOINT_NOT_RUNTIME_REACHABILITY
native,409,c/has/a/atk.dat,276,0,409,True,DECLARED_OPOINT_NOT_RUNTIME_REACHABILITY
native,409,c/has/a/atk.dat,277,0,409,True,DECLARED_OPOINT_NOT_RUNTIME_REACHABILITY
native,409,c/has/a/atk.dat,278,0,409,True,DECLARED_OPOINT_NOT_RUNTIME_REACHABILITY
native,409,c/has/a/atk.dat,279,0,409,True,DECLARED_OPOINT_NOT_RUNTIME_REACHABILITY
native,409,c/has/a/atk.dat,285,0,409,True,DECLARED_OPOINT_NOT_RUNTIME_REACHABILITY
native,409,c/has/a/atk.dat,314,0,409,True,DECLARED_OPOINT_NOT_RUNTIME_REACHABILITY
native,409,c/has/a/atk.dat,315,0,409,True,DECLARED_OPOINT_NOT_RUNTIME_REACHABILITY
native,409,c/has/a/atk.dat,316,0,409,True,DECLARED_OPOINT_NOT_RUNTIME_REACHABILITY
native,409,c/has/a/atk.dat,317,0,409,True,DECLARED_OPOINT_NOT_RUNTIME_REACHABILITY
native,409,c/has/a/atk.dat,318,0,409,True,DECLARED_OPOINT_NOT_RUNTIME_REACHABILITY
native,409,c/has/a/atk.dat,319,0,409,True,DECLARED_OPOINT_NOT_RUNTIME_REACHABILITY
native,409,c/has/a/atk.dat,511,0,409,True,DECLARED_OPOINT_NOT_RUNTIME_REACHABILITY
native,409,c/has/a/atk.dat,513,0,409,True,DECLARED_OPOINT_NOT_RUNTIME_REACHABILITY
native,409,c/has/a/atk.dat,567,0,409,True,DECLARED_OPOINT_NOT_RUNTIME_REACHABILITY
native,409,c/has/a/atk.dat,576,0,409,True,DECLARED_OPOINT_NOT_RUNTIME_REACHABILITY
native,409,c/has/a/atk.dat,578,0,409,True,DECLARED_OPOINT_NOT_RUNTIME_REACHABILITY
native,409,c/has/a/atk.dat,612,0,409,True,DECLARED_OPOINT_NOT_RUNTIME_REACHABILITY
native,25,c/kaku/kakun.dat,62,0,499,True,DECLARED_OPOINT_NOT_RUNTIME_REACHABILITY
native,25,c/kaku/kakun.dat,67,0,499,True,DECLARED_OPOINT_NOT_RUNTIME_REACHABILITY
native,25,c/kaku/kakun.dat,71,0,499,True,DECLARED_OPOINT_NOT_RUNTIME_REACHABILITY
native,25,c/kaku/kakun.dat,86,0,499,True,DECLARED_OPOINT_NOT_RUNTIME_REACHABILITY
native,25,c/kaku/kakun.dat,121,0,499,True,DECLARED_OPOINT_NOT_RUNTIME_REACHABILITY
native,25,c/kaku/kakun.dat,122,0,762,True,DECLARED_OPOINT_NOT_RUNTIME_REACHABILITY
native,25,c/kaku/kakun.dat,123,0,499,True,DECLARED_OPOINT_NOT_RUNTIME_REACHABILITY
native,25,c/kaku/kakun.dat,175,0,25,True,DECLARED_OPOINT_NOT_RUNTIME_REACHABILITY
native,25,c/kaku/kakun.dat,176,0,25,True,DECLARED_OPOINT_NOT_RUNTIME_REACHABILITY
native,25,c/kaku/kakun.dat,179,2,499,True,DECLARED_OPOINT_NOT_RUNTIME_REACHABILITY
native,25,c/kaku/kakun.dat,221,0,499,True,DECLARED_OPOINT_NOT_RUNTIME_REACHABILITY
native,25,c/kaku/kakun.dat,223,0,499,True,DECLARED_OPOINT_NOT_RUNTIME_REACHABILITY
native,25,c/kaku/kakun.dat,236,0,499,True,DECLARED_OPOINT_NOT_RUNTIME_REACHABILITY
native,25,c/kaku/kakun.dat,238,0,499,True,DECLARED_OPOINT_NOT_RUNTIME_REACHABILITY
native,25,c/kaku/kakun.dat,256,1,499,True,DECLARED_OPOINT_NOT_RUNTIME_REACHABILITY
native,25,c/kaku/kakun.dat,276,0,123,True,DECLARED_OPOINT_NOT_RUNTIME_REACHABILITY
native,25,c/kaku/kakun.dat,277,0,204,True,DECLARED_OPOINT_NOT_RUNTIME_REACHABILITY
native,25,c/kaku/kakun.dat,283,0,499,True,DECLARED_OPOINT_NOT_RUNTIME_REACHABILITY
native,25,c/kaku/kakun.dat,289,1,499,True,DECLARED_OPOINT_NOT_RUNTIME_REACHABILITY
native,25,c/kaku/kakun.dat,294,0,499,True,DECLARED_OPOINT_NOT_RUNTIME_REACHABILITY
native,25,c/kaku/kakun.dat,298,0,204,True,DECLARED_OPOINT_NOT_RUNTIME_REACHABILITY
native,25,c/kaku/kakun.dat,337,0,499,True,DECLARED_OPOINT_NOT_RUNTIME_REACHABILITY
native,25,c/kaku/kakun.dat,341,2,499,True,DECLARED_OPOINT_NOT_RUNTIME_REACHABILITY
native,25,c/kaku/kakun.dat,631,1,204,True,DECLARED_OPOINT_NOT_RUNTIME_REACHABILITY
native,25,c/kaku/kakun.dat,641,1,204,True,DECLARED_OPOINT_NOT_RUNTIME_REACHABILITY
native,25,c/kaku/kakun.dat,667,0,499,True,DECLARED_OPOINT_NOT_RUNTIME_REACHABILITY
native,498,c/kaku/kakunck.dat,21,0,499,True,DECLARED_OPOINT_NOT_RUNTIME_REACHABILITY
native,498,c/kaku/kakunck.dat,62,0,499,True,DECLARED_OPOINT_NOT_RUNTIME_REACHABILITY
native,498,c/kaku/kakunck.dat,67,0,499,True,DECLARED_OPOINT_NOT_RUNTIME_REACHABILITY
native,498,c/kaku/kakunck.dat,71,0,499,True,DECLARED_OPOINT_NOT_RUNTIME_REACHABILITY
native,498,c/kaku/kakunck.dat,86,0,499,True,DECLARED_OPOINT_NOT_RUNTIME_REACHABILITY
native,498,c/kaku/kakunck.dat,121,0,499,True,DECLARED_OPOINT_NOT_RUNTIME_REACHABILITY
native,498,c/kaku/kakunck.dat,122,0,762,True,DECLARED_OPOINT_NOT_RUNTIME_REACHABILITY
native,498,c/kaku/kakunck.dat,123,0,499,True,DECLARED_OPOINT_NOT_RUNTIME_REACHABILITY
native,498,c/kaku/kakunck.dat,175,0,25,True,DECLARED_OPOINT_NOT_RUNTIME_REACHABILITY
native,498,c/kaku/kakunck.dat,176,0,25,True,DECLARED_OPOINT_NOT_RUNTIME_REACHABILITY
native,498,c/kaku/kakunck.dat,179,2,499,True,DECLARED_OPOINT_NOT_RUNTIME_REACHABILITY
native,498,c/kaku/kakunck.dat,221,0,499,True,DECLARED_OPOINT_NOT_RUNTIME_REACHABILITY
native,498,c/kaku/kakunck.dat,223,0,499,True,DECLARED_OPOINT_NOT_RUNTIME_REACHABILITY
native,498,c/kaku/kakunck.dat,236,0,499,True,DECLARED_OPOINT_NOT_RUNTIME_REACHABILITY
native,498,c/kaku/kakunck.dat,238,0,499,True,DECLARED_OPOINT_NOT_RUNTIME_REACHABILITY
native,498,c/kaku/kakunck.dat,257,0,499,True,DECLARED_OPOINT_NOT_RUNTIME_REACHABILITY
native,498,c/kaku/kakunck.dat,258,0,499,True,DECLARED_OPOINT_NOT_RUNTIME_REACHABILITY
native,498,c/kaku/kakunck.dat,271,0,499,True,DECLARED_OPOINT_NOT_RUNTIME_REACHABILITY
native,498,c/kaku/kakunck.dat,273,1,499,True,DECLARED_OPOINT_NOT_RUNTIME_REACHABILITY
native,498,c/kaku/kakunck.dat,276,0,123,True,DECLARED_OPOINT_NOT_RUNTIME_REACHABILITY
native,498,c/kaku/kakunck.dat,277,0,204,True,DECLARED_OPOINT_NOT_RUNTIME_REACHABILITY
native,498,c/kaku/kakunck.dat,286,0,499,True,DECLARED_OPOINT_NOT_RUNTIME_REACHABILITY
native,498,c/kaku/kakunck.dat,289,1,499,True,DECLARED_OPOINT_NOT_RUNTIME_REACHABILITY
native,498,c/kaku/kakunck.dat,294,0,499,True,DECLARED_OPOINT_NOT_RUNTIME_REACHABILITY
native,498,c/kaku/kakunck.dat,298,0,204,True,DECLARED_OPOINT_NOT_RUNTIME_REACHABILITY
native,498,c/kaku/kakunck.dat,342,0,762,True,DECLARED_OPOINT_NOT_RUNTIME_REACHABILITY
native,498,c/kaku/kakunck.dat,392,0,846,True,DECLARED_OPOINT_NOT_RUNTIME_REACHABILITY
native,498,c/kaku/kakunck.dat,462,0,499,True,DECLARED_OPOINT_NOT_RUNTIME_REACHABILITY
native,498,c/kaku/kakunck.dat,487,1,871,True,DECLARED_OPOINT_NOT_RUNTIME_REACHABILITY
native,498,c/kaku/kakunck.dat,488,1,872,True,DECLARED_OPOINT_NOT_RUNTIME_REACHABILITY
native,498,c/kaku/kakunck.dat,489,1,873,True,DECLARED_OPOINT_NOT_RUNTIME_REACHABILITY
native,498,c/kaku/kakunck.dat,490,1,874,True,DECLARED_OPOINT_NOT_RUNTIME_REACHABILITY
native,498,c/kaku/kakunck.dat,510,0,499,True,DECLARED_OPOINT_NOT_RUNTIME_REACHABILITY
native,498,c/kaku/kakunck.dat,548,0,499,True,DECLARED_OPOINT_NOT_RUNTIME_REACHABILITY
native,498,c/kaku/kakunck.dat,562,0,499,True,DECLARED_OPOINT_NOT_RUNTIME_REACHABILITY
native,498,c/kaku/kakunck.dat,587,1,871,True,DECLARED_OPOINT_NOT_RUNTIME_REACHABILITY
native,498,c/kaku/kakunck.dat,588,1,872,True,DECLARED_OPOINT_NOT_RUNTIME_REACHABILITY
native,498,c/kaku/kakunck.dat,589,1,873,True,DECLARED_OPOINT_NOT_RUNTIME_REACHABILITY
native,498,c/kaku/kakunck.dat,590,1,874,True,DECLARED_OPOINT_NOT_RUNTIME_REACHABILITY
native,498,c/kaku/kakunck.dat,631,1,204,True,DECLARED_OPOINT_NOT_RUNTIME_REACHABILITY
native,498,c/kaku/kakunck.dat,641,1,204,True,DECLARED_OPOINT_NOT_RUNTIME_REACHABILITY
native,498,c/kaku/kakunck.dat,665,0,499,True,DECLARED_OPOINT_NOT_RUNTIME_REACHABILITY
native,498,c/kaku/kakunck.dat,667,1,499,True,DECLARED_OPOINT_NOT_RUNTIME_REACHABILITY
native,57,c/kaku/kakunre.dat,21,0,499,True,DECLARED_OPOINT_NOT_RUNTIME_REACHABILITY
native,57,c/kaku/kakunre.dat,62,0,499,True,DECLARED_OPOINT_NOT_RUNTIME_REACHABILITY
native,57,c/kaku/kakunre.dat,67,0,499,True,DECLARED_OPOINT_NOT_RUNTIME_REACHABILITY
native,57,c/kaku/kakunre.dat,71,0,499,True,DECLARED_OPOINT_NOT_RUNTIME_REACHABILITY
native,57,c/kaku/kakunre.dat,86,0,499,True,DECLARED_OPOINT_NOT_RUNTIME_REACHABILITY
native,57,c/kaku/kakunre.dat,175,0,25,True,DECLARED_OPOINT_NOT_RUNTIME_REACHABILITY
native,57,c/kaku/kakunre.dat,176,0,25,True,DECLARED_OPOINT_NOT_RUNTIME_REACHABILITY
native,57,c/kaku/kakunre.dat,221,0,499,True,DECLARED_OPOINT_NOT_RUNTIME_REACHABILITY
native,57,c/kaku/kakunre.dat,223,0,499,True,DECLARED_OPOINT_NOT_RUNTIME_REACHABILITY
native,57,c/kaku/kakunre.dat,236,0,499,True,DECLARED_OPOINT_NOT_RUNTIME_REACHABILITY
native,57,c/kaku/kakunre.dat,257,0,499,True,DECLARED_OPOINT_NOT_RUNTIME_REACHABILITY
native,57,c/kaku/kakunre.dat,258,0,499,True,DECLARED_OPOINT_NOT_RUNTIME_REACHABILITY
native,57,c/kaku/kakunre.dat,271,0,499,True,DECLARED_OPOINT_NOT_RUNTIME_REACHABILITY
native,57,c/kaku/kakunre.dat,273,1,499,True,DECLARED_OPOINT_NOT_RUNTIME_REACHABILITY
native,57,c/kaku/kakunre.dat,276,0,123,True,DECLARED_OPOINT_NOT_RUNTIME_REACHABILITY
native,57,c/kaku/kakunre.dat,277,0,204,True,DECLARED_OPOINT_NOT_RUNTIME_REACHABILITY
native,57,c/kaku/kakunre.dat,286,0,499,True,DECLARED_OPOINT_NOT_RUNTIME_REACHABILITY
native,57,c/kaku/kakunre.dat,289,1,499,True,DECLARED_OPOINT_NOT_RUNTIME_REACHABILITY
native,57,c/kaku/kakunre.dat,296,0,204,True,DECLARED_OPOINT_NOT_RUNTIME_REACHABILITY
native,57,c/kaku/kakunre.dat,298,0,204,True,DECLARED_OPOINT_NOT_RUNTIME_REACHABILITY
native,57,c/kaku/kakunre.dat,342,0,762,True,DECLARED_OPOINT_NOT_RUNTIME_REACHABILITY
native,57,c/kaku/kakunre.dat,392,0,846,True,DECLARED_OPOINT_NOT_RUNTIME_REACHABILITY
native,57,c/kaku/kakunre.dat,393,0,57,True,DECLARED_OPOINT_NOT_RUNTIME_REACHABILITY
native,57,c/kaku/kakunre.dat,510,0,499,True,DECLARED_OPOINT_NOT_RUNTIME_REACHABILITY
native,57,c/kaku/kakunre.dat,571,1,499,True,DECLARED_OPOINT_NOT_RUNTIME_REACHABILITY
native,57,c/kaku/kakunre.dat,631,1,204,True,DECLARED_OPOINT_NOT_RUNTIME_REACHABILITY
native,57,c/kaku/kakunre.dat,641,1,204,True,DECLARED_OPOINT_NOT_RUNTIME_REACHABILITY
native,57,c/kaku/kakunre.dat,665,0,499,True,DECLARED_OPOINT_NOT_RUNTIME_REACHABILITY
native,57,c/kaku/kakunre.dat,667,1,499,True,DECLARED_OPOINT_NOT_RUNTIME_REACHABILITY
native,871,c/kaku/maskfir.dat,61,0,211,True,DECLARED_OPOINT_NOT_RUNTIME_REACHABILITY
native,871,c/kaku/maskfir.dat,63,0,211,True,DECLARED_OPOINT_NOT_RUNTIME_REACHABILITY
native,871,c/kaku/maskfir.dat,66,0,211,True,DECLARED_OPOINT_NOT_RUNTIME_REACHABILITY
native,871,c/kaku/maskfir.dat,68,0,211,True,DECLARED_OPOINT_NOT_RUNTIME_REACHABILITY
native,871,c/kaku/maskfir.dat,348,0,211,True,DECLARED_OPOINT_NOT_RUNTIME_REACHABILITY
native,871,c/kaku/maskfir.dat,349,0,211,True,DECLARED_OPOINT_NOT_RUNTIME_REACHABILITY
native,871,c/kaku/maskfir.dat,350,0,211,True,DECLARED_OPOINT_NOT_RUNTIME_REACHABILITY
native,871,c/kaku/maskfir.dat,359,0,499,True,DECLARED_OPOINT_NOT_RUNTIME_REACHABILITY
native,872,c/kaku/maskthu.dat,62,0,499,True,DECLARED_OPOINT_NOT_RUNTIME_REACHABILITY
native,872,c/kaku/maskthu.dat,66,0,499,True,DECLARED_OPOINT_NOT_RUNTIME_REACHABILITY
native,872,c/kaku/maskthu.dat,348,0,499,True,DECLARED_OPOINT_NOT_RUNTIME_REACHABILITY
native,872,c/kaku/maskthu.dat,349,0,499,True,DECLARED_OPOINT_NOT_RUNTIME_REACHABILITY
native,872,c/kaku/maskthu.dat,350,0,499,True,DECLARED_OPOINT_NOT_RUNTIME_REACHABILITY
native,872,c/kaku/maskthu.dat,359,0,499,True,DECLARED_OPOINT_NOT_RUNTIME_REACHABILITY
native,873,c/kaku/maskwat.dat,62,0,816,True,DECLARED_OPOINT_NOT_RUNTIME_REACHABILITY
native,873,c/kaku/maskwat.dat,66,0,816,True,DECLARED_OPOINT_NOT_RUNTIME_REACHABILITY
native,873,c/kaku/maskwat.dat,348,0,616,True,DECLARED_OPOINT_NOT_RUNTIME_REACHABILITY
native,873,c/kaku/maskwat.dat,349,0,616,True,DECLARED_OPOINT_NOT_RUNTIME_REACHABILITY
native,873,c/kaku/maskwat.dat,350,0,616,True,DECLARED_OPOINT_NOT_RUNTIME_REACHABILITY
native,873,c/kaku/maskwat.dat,359,0,499,True,DECLARED_OPOINT_NOT_RUNTIME_REACHABILITY
native,874,c/kaku/maskair.dat,62,0,499,True,DECLARED_OPOINT_NOT_RUNTIME_REACHABILITY
native,874,c/kaku/maskair.dat,348,0,499,True,DECLARED_OPOINT_NOT_RUNTIME_REACHABILITY
native,874,c/kaku/maskair.dat,359,0,499,True,DECLARED_OPOINT_NOT_RUNTIME_REACHABILITY
native,499,c/kaku/a/nck.dat,16,0,499,True,DECLARED_OPOINT_NOT_RUNTIME_REACHABILITY
native,499,c/kaku/a/nck.dat,41,0,499,True,DECLARED_OPOINT_NOT_RUNTIME_REACHABILITY
native,499,c/kaku/a/nck.dat,48,0,499,True,DECLARED_OPOINT_NOT_RUNTIME_REACHABILITY
native,499,c/kaku/a/nck.dat,248,0,499,True,DECLARED_OPOINT_NOT_RUNTIME_REACHABILITY
native,499,c/kaku/a/nck.dat,342,0,499,True,DECLARED_OPOINT_NOT_RUNTIME_REACHABILITY
native,499,c/kaku/a/nck.dat,344,0,499,True,DECLARED_OPOINT_NOT_RUNTIME_REACHABILITY
native,499,c/kaku/a/nck.dat,348,0,608,True,DECLARED_OPOINT_NOT_RUNTIME_REACHABILITY
native,499,c/kaku/a/nck.dat,349,0,499,True,DECLARED_OPOINT_NOT_RUNTIME_REACHABILITY
native,499,c/kaku/a/nck.dat,511,0,211,True,DECLARED_OPOINT_NOT_RUNTIME_REACHABILITY
native,499,c/kaku/a/nck.dat,512,0,211,True,DECLARED_OPOINT_NOT_RUNTIME_REACHABILITY
native,24,c/hid/hid.dat,21,0,333,True,DECLARED_OPOINT_NOT_RUNTIME_REACHABILITY
native,24,c/hid/hid.dat,62,0,333,True,DECLARED_OPOINT_NOT_RUNTIME_REACHABILITY
native,24,c/hid/hid.dat,67,0,333,True,DECLARED_OPOINT_NOT_RUNTIME_REACHABILITY
native,24,c/hid/hid.dat,75,1,334,True,DECLARED_OPOINT_NOT_RUNTIME_REACHABILITY
native,24,c/hid/hid.dat,76,1,334,True,DECLARED_OPOINT_NOT_RUNTIME_REACHABILITY
native,24,c/hid/hid.dat,82,0,333,True,DECLARED_OPOINT_NOT_RUNTIME_REACHABILITY
native,24,c/hid/hid.dat,83,1,334,True,DECLARED_OPOINT_NOT_RUNTIME_REACHABILITY
native,24,c/hid/hid.dat,84,1,334,True,DECLARED_OPOINT_NOT_RUNTIME_REACHABILITY
native,24,c/hid/hid.dat,125,0,846,True,DECLARED_OPOINT_NOT_RUNTIME_REACHABILITY
native,24,c/hid/hid.dat,221,0,333,True,DECLARED_OPOINT_NOT_RUNTIME_REACHABILITY
native,24,c/hid/hid.dat,223,0,333,True,DECLARED_OPOINT_NOT_RUNTIME_REACHABILITY
native,24,c/hid/hid.dat,239,0,333,True,DECLARED_OPOINT_NOT_RUNTIME_REACHABILITY
native,24,c/hid/hid.dat,241,0,333,True,DECLARED_OPOINT_NOT_RUNTIME_REACHABILITY
native,24,c/hid/hid.dat,252,0,333,True,DECLARED_OPOINT_NOT_RUNTIME_REACHABILITY
native,24,c/hid/hid.dat,256,0,333,True,DECLARED_OPOINT_NOT_RUNTIME_REACHABILITY
native,24,c/hid/hid.dat,286,0,333,True,DECLARED_OPOINT_NOT_RUNTIME_REACHABILITY
native,24,c/hid/hid.dat,291,0,123,True,DECLARED_OPOINT_NOT_RUNTIME_REACHABILITY
native,24,c/hid/hid.dat,292,0,204,True,DECLARED_OPOINT_NOT_RUNTIME_REACHABILITY
native,24,c/hid/hid.dat,306,0,333,True,DECLARED_OPOINT_NOT_RUNTIME_REACHABILITY
native,24,c/hid/hid.dat,308,1,334,True,DECLARED_OPOINT_NOT_RUNTIME_REACHABILITY
native,24,c/hid/hid.dat,334,0,333,True,DECLARED_OPOINT_NOT_RUNTIME_REACHABILITY
native,24,c/hid/hid.dat,342,0,846,True,DECLARED_OPOINT_NOT_RUNTIME_REACHABILITY
native,24,c/hid/hid.dat,343,0,24,True,DECLARED_OPOINT_NOT_RUNTIME_REACHABILITY
native,24,c/hid/hid.dat,349,0,333,True,DECLARED_OPOINT_NOT_RUNTIME_REACHABILITY
native,24,c/hid/hid.dat,351,0,333,True,DECLARED_OPOINT_NOT_RUNTIME_REACHABILITY
native,24,c/hid/hid.dat,361,1,335,True,DECLARED_OPOINT_NOT_RUNTIME_REACHABILITY
native,24,c/hid/hid.dat,419,1,846,True,DECLARED_OPOINT_NOT_RUNTIME_REACHABILITY
native,24,c/hid/hid.dat,421,1,24,True,DECLARED_OPOINT_NOT_RUNTIME_REACHABILITY
native,24,c/hid/hid.dat,431,1,333,True,DECLARED_OPOINT_NOT_RUNTIME_REACHABILITY
native,24,c/hid/hid.dat,602,1,900,True,DECLARED_OPOINT_NOT_RUNTIME_REACHABILITY
native,24,c/hid/hid.dat,631,1,204,True,DECLARED_OPOINT_NOT_RUNTIME_REACHABILITY
native,24,c/hid/hid.dat,641,1,204,True,DECLARED_OPOINT_NOT_RUNTIME_REACHABILITY
native,24,c/hid/hid.dat,667,0,333,True,DECLARED_OPOINT_NOT_RUNTIME_REACHABILITY
native,56,c/hid/rea.dat,21,0,333,True,DECLARED_OPOINT_NOT_RUNTIME_REACHABILITY
native,56,c/hid/rea.dat,62,0,333,True,DECLARED_OPOINT_NOT_RUNTIME_REACHABILITY
native,56,c/hid/rea.dat,67,0,333,True,DECLARED_OPOINT_NOT_RUNTIME_REACHABILITY
native,56,c/hid/rea.dat,75,1,334,True,DECLARED_OPOINT_NOT_RUNTIME_REACHABILITY
native,56,c/hid/rea.dat,76,1,334,True,DECLARED_OPOINT_NOT_RUNTIME_REACHABILITY
native,56,c/hid/rea.dat,82,0,333,True,DECLARED_OPOINT_NOT_RUNTIME_REACHABILITY
native,56,c/hid/rea.dat,83,1,334,True,DECLARED_OPOINT_NOT_RUNTIME_REACHABILITY
native,56,c/hid/rea.dat,84,1,334,True,DECLARED_OPOINT_NOT_RUNTIME_REACHABILITY
native,56,c/hid/rea.dat,180,0,333,True,DECLARED_OPOINT_NOT_RUNTIME_REACHABILITY
native,56,c/hid/rea.dat,181,0,333,True,DECLARED_OPOINT_NOT_RUNTIME_REACHABILITY
native,56,c/hid/rea.dat,182,0,333,True,DECLARED_OPOINT_NOT_RUNTIME_REACHABILITY
native,56,c/hid/rea.dat,183,0,333,True,DECLARED_OPOINT_NOT_RUNTIME_REACHABILITY
native,56,c/hid/rea.dat,184,0,333,True,DECLARED_OPOINT_NOT_RUNTIME_REACHABILITY
native,56,c/hid/rea.dat,185,0,333,True,DECLARED_OPOINT_NOT_RUNTIME_REACHABILITY
native,56,c/hid/rea.dat,186,0,333,True,DECLARED_OPOINT_NOT_RUNTIME_REACHABILITY
native,56,c/hid/rea.dat,187,0,333,True,DECLARED_OPOINT_NOT_RUNTIME_REACHABILITY
native,56,c/hid/rea.dat,188,0,333,True,DECLARED_OPOINT_NOT_RUNTIME_REACHABILITY
native,56,c/hid/rea.dat,189,0,333,True,DECLARED_OPOINT_NOT_RUNTIME_REACHABILITY
native,56,c/hid/rea.dat,190,0,333,True,DECLARED_OPOINT_NOT_RUNTIME_REACHABILITY
native,56,c/hid/rea.dat,191,0,333,True,DECLARED_OPOINT_NOT_RUNTIME_REACHABILITY
native,56,c/hid/rea.dat,201,0,333,True,DECLARED_OPOINT_NOT_RUNTIME_REACHABILITY
native,56,c/hid/rea.dat,221,0,333,True,DECLARED_OPOINT_NOT_RUNTIME_REACHABILITY
native,56,c/hid/rea.dat,223,0,333,True,DECLARED_OPOINT_NOT_RUNTIME_REACHABILITY
native,56,c/hid/rea.dat,225,0,333,True,DECLARED_OPOINT_NOT_RUNTIME_REACHABILITY
native,56,c/hid/rea.dat,227,0,333,True,DECLARED_OPOINT_NOT_RUNTIME_REACHABILITY
native,56,c/hid/rea.dat,238,0,846,True,DECLARED_OPOINT_NOT_RUNTIME_REACHABILITY
native,56,c/hid/rea.dat,241,0,333,True,DECLARED_OPOINT_NOT_RUNTIME_REACHABILITY
native,56,c/hid/rea.dat,249,0,333,True,DECLARED_OPOINT_NOT_RUNTIME_REACHABILITY
native,56,c/hid/rea.dat,252,0,333,True,DECLARED_OPOINT_NOT_RUNTIME_REACHABILITY
native,56,c/hid/rea.dat,254,0,333,True,DECLARED_OPOINT_NOT_RUNTIME_REACHABILITY
native,56,c/hid/rea.dat,259,1,333,True,DECLARED_OPOINT_NOT_RUNTIME_REACHABILITY
native,56,c/hid/rea.dat,268,1,333,True,DECLARED_OPOINT_NOT_RUNTIME_REACHABILITY
native,56,c/hid/rea.dat,281,1,333,True,DECLARED_OPOINT_NOT_RUNTIME_REACHABILITY
native,56,c/hid/rea.dat,286,0,333,True,DECLARED_OPOINT_NOT_RUNTIME_REACHABILITY
native,56,c/hid/rea.dat,291,0,123,True,DECLARED_OPOINT_NOT_RUNTIME_REACHABILITY
native,56,c/hid/rea.dat,292,0,204,True,DECLARED_OPOINT_NOT_RUNTIME_REACHABILITY
native,56,c/hid/rea.dat,306,0,333,True,DECLARED_OPOINT_NOT_RUNTIME_REACHABILITY
native,56,c/hid/rea.dat,334,0,333,True,DECLARED_OPOINT_NOT_RUNTIME_REACHABILITY
native,56,c/hid/rea.dat,336,0,333,True,DECLARED_OPOINT_NOT_RUNTIME_REACHABILITY
native,56,c/hid/rea.dat,338,1,334,True,DECLARED_OPOINT_NOT_RUNTIME_REACHABILITY
native,56,c/hid/rea.dat,342,0,846,True,DECLARED_OPOINT_NOT_RUNTIME_REACHABILITY
native,56,c/hid/rea.dat,343,0,24,True,DECLARED_OPOINT_NOT_RUNTIME_REACHABILITY
native,56,c/hid/rea.dat,351,0,333,True,DECLARED_OPOINT_NOT_RUNTIME_REACHABILITY
native,56,c/hid/rea.dat,361,1,335,True,DECLARED_OPOINT_NOT_RUNTIME_REACHABILITY
native,56,c/hid/rea.dat,431,1,333,True,DECLARED_OPOINT_NOT_RUNTIME_REACHABILITY
native,56,c/hid/rea.dat,616,0,333,True,DECLARED_OPOINT_NOT_RUNTIME_REACHABILITY
native,56,c/hid/rea.dat,631,1,204,True,DECLARED_OPOINT_NOT_RUNTIME_REACHABILITY
native,56,c/hid/rea.dat,641,1,204,True,DECLARED_OPOINT_NOT_RUNTIME_REACHABILITY
native,56,c/hid/rea.dat,667,0,333,True,DECLARED_OPOINT_NOT_RUNTIME_REACHABILITY
native,333,c/hid/a/rea.dat,72,0,56,True,DECLARED_OPOINT_NOT_RUNTIME_REACHABILITY
native,333,c/hid/a/rea.dat,82,0,56,True,DECLARED_OPOINT_NOT_RUNTIME_REACHABILITY
native,333,c/hid/a/rea.dat,92,0,56,True,DECLARED_OPOINT_NOT_RUNTIME_REACHABILITY
native,333,c/hid/a/rea.dat,100,0,333,True,DECLARED_OPOINT_NOT_RUNTIME_REACHABILITY
native,333,c/hid/a/rea.dat,219,0,333,True,DECLARED_OPOINT_NOT_RUNTIME_REACHABILITY
native,333,c/hid/a/rea.dat,398,0,333,True,DECLARED_OPOINT_NOT_RUNTIME_REACHABILITY
native,333,c/hid/a/rea.dat,399,0,333,True,DECLARED_OPOINT_NOT_RUNTIME_REACHABILITY
native,334,c/hid/a/rea2.dat,86,0,334,True,DECLARED_OPOINT_NOT_RUNTIME_REACHABILITY
native,334,c/hid/a/rea2.dat,87,0,334,True,DECLARED_OPOINT_NOT_RUNTIME_REACHABILITY
native,6,c/saso/Hsa.dat,29,0,822,True,DECLARED_OPOINT_NOT_RUNTIME_REACHABILITY
native,6,c/saso/Hsa.dat,46,0,822,True,DECLARED_OPOINT_NOT_RUNTIME_REACHABILITY
native,6,c/saso/Hsa.dat,49,0,822,True,DECLARED_OPOINT_NOT_RUNTIME_REACHABILITY
native,6,c/saso/Hsa.dat,57,0,202,True,DECLARED_OPOINT_NOT_RUNTIME_REACHABILITY
native,6,c/saso/Hsa.dat,68,0,822,True,DECLARED_OPOINT_NOT_RUNTIME_REACHABILITY
native,6,c/saso/Hsa.dat,71,0,822,True,DECLARED_OPOINT_NOT_RUNTIME_REACHABILITY
native,6,c/saso/Hsa.dat,79,0,822,True,DECLARED_OPOINT_NOT_RUNTIME_REACHABILITY
native,6,c/saso/Hsa.dat,103,0,822,True,DECLARED_OPOINT_NOT_RUNTIME_REACHABILITY
native,6,c/saso/Hsa.dat,146,0,204,True,DECLARED_OPOINT_NOT_RUNTIME_REACHABILITY
native,6,c/saso/Hsa.dat,148,0,822,True,DECLARED_OPOINT_NOT_RUNTIME_REACHABILITY
native,6,c/saso/Hsa.dat,236,0,120,True,DECLARED_OPOINT_NOT_RUNTIME_REACHABILITY
native,6,c/saso/Hsa.dat,239,0,822,True,DECLARED_OPOINT_NOT_RUNTIME_REACHABILITY
native,6,c/saso/Hsa.dat,249,0,822,True,DECLARED_OPOINT_NOT_RUNTIME_REACHABILITY
native,6,c/saso/Hsa.dat,256,0,822,True,DECLARED_OPOINT_NOT_RUNTIME_REACHABILITY
native,6,c/saso/Hsa.dat,261,0,222,True,DECLARED_OPOINT_NOT_RUNTIME_REACHABILITY
native,6,c/saso/Hsa.dat,262,0,222,True,DECLARED_OPOINT_NOT_RUNTIME_REACHABILITY
native,6,c/saso/Hsa.dat,271,0,123,True,DECLARED_OPOINT_NOT_RUNTIME_REACHABILITY
native,6,c/saso/Hsa.dat,272,0,204,True,DECLARED_OPOINT_NOT_RUNTIME_REACHABILITY
native,6,c/saso/Hsa.dat,276,0,222,True,DECLARED_OPOINT_NOT_RUNTIME_REACHABILITY
native,6,c/saso/Hsa.dat,278,0,822,True,DECLARED_OPOINT_NOT_RUNTIME_REACHABILITY
native,6,c/saso/Hsa.dat,282,0,822,True,DECLARED_OPOINT_NOT_RUNTIME_REACHABILITY
native,6,c/saso/Hsa.dat,283,0,822,True,DECLARED_OPOINT_NOT_RUNTIME_REACHABILITY
native,6,c/saso/Hsa.dat,336,0,822,True,DECLARED_OPOINT_NOT_RUNTIME_REACHABILITY
native,6,c/saso/Hsa.dat,338,0,822,True,DECLARED_OPOINT_NOT_RUNTIME_REACHABILITY
native,6,c/saso/Hsa.dat,377,0,822,True,DECLARED_OPOINT_NOT_RUNTIME_REACHABILITY
native,6,c/saso/Hsa.dat,380,0,822,True,DECLARED_OPOINT_NOT_RUNTIME_REACHABILITY
native,6,c/saso/Hsa.dat,420,0,222,True,DECLARED_OPOINT_NOT_RUNTIME_REACHABILITY
native,6,c/saso/Hsa.dat,421,0,213,True,DECLARED_OPOINT_NOT_RUNTIME_REACHABILITY
native,6,c/saso/Hsa.dat,446,0,822,True,DECLARED_OPOINT_NOT_RUNTIME_REACHABILITY
native,6,c/saso/Hsa.dat,447,0,822,True,DECLARED_OPOINT_NOT_RUNTIME_REACHABILITY
native,6,c/saso/Hsa.dat,454,0,822,True,DECLARED_OPOINT_NOT_RUNTIME_REACHABILITY
native,6,c/saso/Hsa.dat,455,0,222,True,DECLARED_OPOINT_NOT_RUNTIME_REACHABILITY
native,6,c/saso/Hsa.dat,478,0,822,True,DECLARED_OPOINT_NOT_RUNTIME_REACHABILITY
native,6,c/saso/Hsa.dat,479,0,822,True,DECLARED_OPOINT_NOT_RUNTIME_REACHABILITY
native,6,c/saso/Hsa.dat,483,0,822,True,DECLARED_OPOINT_NOT_RUNTIME_REACHABILITY
native,6,c/saso/Hsa.dat,484,0,822,True,DECLARED_OPOINT_NOT_RUNTIME_REACHABILITY
native,6,c/saso/Hsa.dat,486,0,822,True,DECLARED_OPOINT_NOT_RUNTIME_REACHABILITY
native,6,c/saso/Hsa.dat,487,0,822,True,DECLARED_OPOINT_NOT_RUNTIME_REACHABILITY
native,6,c/saso/Hsa.dat,488,1,822,True,DECLARED_OPOINT_NOT_RUNTIME_REACHABILITY
native,6,c/saso/Hsa.dat,496,0,213,True,DECLARED_OPOINT_NOT_RUNTIME_REACHABILITY
native,6,c/saso/Hsa.dat,501,0,204,True,DECLARED_OPOINT_NOT_RUNTIME_REACHABILITY
native,6,c/saso/Hsa.dat,521,0,213,True,DECLARED_OPOINT_NOT_RUNTIME_REACHABILITY
native,6,c/saso/Hsa.dat,522,0,204,True,DECLARED_OPOINT_NOT_RUNTIME_REACHABILITY
native,6,c/saso/Hsa.dat,523,0,204,True,DECLARED_OPOINT_NOT_RUNTIME_REACHABILITY
native,6,c/saso/Hsa.dat,524,0,222,True,DECLARED_OPOINT_NOT_RUNTIME_REACHABILITY
native,6,c/saso/Hsa.dat,532,0,822,True,DECLARED_OPOINT_NOT_RUNTIME_REACHABILITY
native,6,c/saso/Hsa.dat,533,0,822,True,DECLARED_OPOINT_NOT_RUNTIME_REACHABILITY
native,6,c/saso/Hsa.dat,556,0,822,True,DECLARED_OPOINT_NOT_RUNTIME_REACHABILITY
native,6,c/saso/Hsa.dat,557,0,822,True,DECLARED_OPOINT_NOT_RUNTIME_REACHABILITY
native,6,c/saso/Hsa.dat,569,0,822,True,DECLARED_OPOINT_NOT_RUNTIME_REACHABILITY
native,6,c/saso/Hsa.dat,571,0,822,True,DECLARED_OPOINT_NOT_RUNTIME_REACHABILITY
native,6,c/saso/Hsa.dat,583,0,822,True,DECLARED_OPOINT_NOT_RUNTIME_REACHABILITY
native,6,c/saso/Hsa.dat,585,0,822,True,DECLARED_OPOINT_NOT_RUNTIME_REACHABILITY
native,6,c/saso/Hsa.dat,587,0,822,True,DECLARED_OPOINT_NOT_RUNTIME_REACHABILITY
native,6,c/saso/Hsa.dat,589,0,822,True,DECLARED_OPOINT_NOT_RUNTIME_REACHABILITY
native,6,c/saso/Hsa.dat,602,1,900,True,DECLARED_OPOINT_NOT_RUNTIME_REACHABILITY
native,6,c/saso/Hsa.dat,631,1,204,True,DECLARED_OPOINT_NOT_RUNTIME_REACHABILITY
native,6,c/saso/Hsa.dat,672,0,822,True,DECLARED_OPOINT_NOT_RUNTIME_REACHABILITY
native,51,c/saso/saso.dat,23,0,213,True,DECLARED_OPOINT_NOT_RUNTIME_REACHABILITY
native,51,c/saso/saso.dat,27,0,213,True,DECLARED_OPOINT_NOT_RUNTIME_REACHABILITY
native,51,c/saso/saso.dat,32,0,213,True,DECLARED_OPOINT_NOT_RUNTIME_REACHABILITY
native,51,c/saso/saso.dat,38,0,213,True,DECLARED_OPOINT_NOT_RUNTIME_REACHABILITY
native,51,c/saso/saso.dat,42,0,213,True,DECLARED_OPOINT_NOT_RUNTIME_REACHABILITY
native,51,c/saso/saso.dat,54,0,822,True,DECLARED_OPOINT_NOT_RUNTIME_REACHABILITY
native,51,c/saso/saso.dat,55,0,222,True,DECLARED_OPOINT_NOT_RUNTIME_REACHABILITY
native,51,c/saso/saso.dat,78,0,822,True,DECLARED_OPOINT_NOT_RUNTIME_REACHABILITY
native,51,c/saso/saso.dat,79,0,822,True,DECLARED_OPOINT_NOT_RUNTIME_REACHABILITY
native,51,c/saso/saso.dat,82,0,822,True,DECLARED_OPOINT_NOT_RUNTIME_REACHABILITY
native,51,c/saso/saso.dat,83,0,822,True,DECLARED_OPOINT_NOT_RUNTIME_REACHABILITY
native,51,c/saso/saso.dat,84,0,822,True,DECLARED_OPOINT_NOT_RUNTIME_REACHABILITY
native,51,c/saso/saso.dat,94,0,822,True,DECLARED_OPOINT_NOT_RUNTIME_REACHABILITY
native,51,c/saso/saso.dat,96,0,213,True,DECLARED_OPOINT_NOT_RUNTIME_REACHABILITY
native,51,c/saso/saso.dat,118,0,822,True,DECLARED_OPOINT_NOT_RUNTIME_REACHABILITY
native,51,c/saso/saso.dat,119,1,822,True,DECLARED_OPOINT_NOT_RUNTIME_REACHABILITY
native,51,c/saso/saso.dat,127,0,211,True,DECLARED_OPOINT_NOT_RUNTIME_REACHABILITY
native,51,c/saso/saso.dat,128,0,211,True,DECLARED_OPOINT_NOT_RUNTIME_REACHABILITY
native,51,c/saso/saso.dat,129,0,211,True,DECLARED_OPOINT_NOT_RUNTIME_REACHABILITY
native,51,c/saso/saso.dat,148,0,822,True,DECLARED_OPOINT_NOT_RUNTIME_REACHABILITY
native,51,c/saso/saso.dat,150,0,204,True,DECLARED_OPOINT_NOT_RUNTIME_REACHABILITY
native,51,c/saso/saso.dat,151,0,55,True,DECLARED_OPOINT_NOT_RUNTIME_REACHABILITY
native,51,c/saso/saso.dat,152,0,55,True,DECLARED_OPOINT_NOT_RUNTIME_REACHABILITY
native,51,c/saso/saso.dat,161,0,213,True,DECLARED_OPOINT_NOT_RUNTIME_REACHABILITY
native,51,c/saso/saso.dat,162,0,204,True,DECLARED_OPOINT_NOT_RUNTIME_REACHABILITY
native,51,c/saso/saso.dat,163,0,204,True,DECLARED_OPOINT_NOT_RUNTIME_REACHABILITY
native,51,c/saso/saso.dat,164,0,222,True,DECLARED_OPOINT_NOT_RUNTIME_REACHABILITY
native,51,c/saso/saso.dat,165,0,120,True,DECLARED_OPOINT_NOT_RUNTIME_REACHABILITY
native,51,c/saso/saso.dat,166,0,222,True,DECLARED_OPOINT_NOT_RUNTIME_REACHABILITY
native,51,c/saso/saso.dat,168,0,822,True,DECLARED_OPOINT_NOT_RUNTIME_REACHABILITY
native,51,c/saso/saso.dat,233,1,822,True,DECLARED_OPOINT_NOT_RUNTIME_REACHABILITY
native,51,c/saso/saso.dat,246,0,822,True,DECLARED_OPOINT_NOT_RUNTIME_REACHABILITY
native,51,c/saso/saso.dat,247,0,822,True,DECLARED_OPOINT_NOT_RUNTIME_REACHABILITY
native,51,c/saso/saso.dat,256,0,822,True,DECLARED_OPOINT_NOT_RUNTIME_REACHABILITY
native,51,c/saso/saso.dat,257,0,822,True,DECLARED_OPOINT_NOT_RUNTIME_REACHABILITY
native,51,c/saso/saso.dat,267,1,816,True,DECLARED_OPOINT_NOT_RUNTIME_REACHABILITY
native,51,c/saso/saso.dat,271,0,211,True,DECLARED_OPOINT_NOT_RUNTIME_REACHABILITY
native,51,c/saso/saso.dat,272,0,211,True,DECLARED_OPOINT_NOT_RUNTIME_REACHABILITY
native,51,c/saso/saso.dat,273,0,211,True,DECLARED_OPOINT_NOT_RUNTIME_REACHABILITY
native,51,c/saso/saso.dat,278,0,822,True,DECLARED_OPOINT_NOT_RUNTIME_REACHABILITY
native,51,c/saso/saso.dat,289,0,222,True,DECLARED_OPOINT_NOT_RUNTIME_REACHABILITY
native,51,c/saso/saso.dat,290,0,213,True,DECLARED_OPOINT_NOT_RUNTIME_REACHABILITY
native,51,c/saso/saso.dat,292,0,822,True,DECLARED_OPOINT_NOT_RUNTIME_REACHABILITY
native,51,c/saso/saso.dat,293,0,822,True,DECLARED_OPOINT_NOT_RUNTIME_REACHABILITY
native,51,c/saso/saso.dat,312,0,204,True,DECLARED_OPOINT_NOT_RUNTIME_REACHABILITY
native,51,c/saso/saso.dat,316,0,123,True,DECLARED_OPOINT_NOT_RUNTIME_REACHABILITY
native,51,c/saso/saso.dat,317,0,204,True,DECLARED_OPOINT_NOT_RUNTIME_REACHABILITY
native,51,c/saso/saso.dat,323,1,211,True,DECLARED_OPOINT_NOT_RUNTIME_REACHABILITY
native,51,c/saso/saso.dat,326,0,822,True,DECLARED_OPOINT_NOT_RUNTIME_REACHABILITY
native,51,c/saso/saso.dat,332,0,816,True,DECLARED_OPOINT_NOT_RUNTIME_REACHABILITY
native,51,c/saso/saso.dat,333,0,211,True,DECLARED_OPOINT_NOT_RUNTIME_REACHABILITY
native,51,c/saso/saso.dat,334,0,211,True,DECLARED_OPOINT_NOT_RUNTIME_REACHABILITY
native,51,c/saso/saso.dat,335,0,816,True,DECLARED_OPOINT_NOT_RUNTIME_REACHABILITY
native,51,c/saso/saso.dat,336,0,211,True,DECLARED_OPOINT_NOT_RUNTIME_REACHABILITY
native,51,c/saso/saso.dat,337,0,211,True,DECLARED_OPOINT_NOT_RUNTIME_REACHABILITY
native,51,c/saso/saso.dat,338,0,211,True,DECLARED_OPOINT_NOT_RUNTIME_REACHABILITY
native,51,c/saso/saso.dat,339,0,211,True,DECLARED_OPOINT_NOT_RUNTIME_REACHABILITY
native,51,c/saso/saso.dat,340,0,211,True,DECLARED_OPOINT_NOT_RUNTIME_REACHABILITY
native,51,c/saso/saso.dat,341,0,211,True,DECLARED_OPOINT_NOT_RUNTIME_REACHABILITY
native,51,c/saso/saso.dat,342,0,211,True,DECLARED_OPOINT_NOT_RUNTIME_REACHABILITY
native,51,c/saso/saso.dat,343,0,211,True,DECLARED_OPOINT_NOT_RUNTIME_REACHABILITY
native,51,c/saso/saso.dat,345,0,211,True,DECLARED_OPOINT_NOT_RUNTIME_REACHABILITY
native,51,c/saso/saso.dat,346,0,211,True,DECLARED_OPOINT_NOT_RUNTIME_REACHABILITY
native,51,c/saso/saso.dat,347,0,211,True,DECLARED_OPOINT_NOT_RUNTIME_REACHABILITY
native,51,c/saso/saso.dat,349,0,822,True,DECLARED_OPOINT_NOT_RUNTIME_REACHABILITY
native,51,c/saso/saso.dat,385,1,512,True,DECLARED_OPOINT_NOT_RUNTIME_REACHABILITY
native,51,c/saso/saso.dat,398,1,822,True,DECLARED_OPOINT_NOT_RUNTIME_REACHABILITY
native,51,c/saso/saso.dat,401,0,822,True,DECLARED_OPOINT_NOT_RUNTIME_REACHABILITY
native,51,c/saso/saso.dat,413,0,822,True,DECLARED_OPOINT_NOT_RUNTIME_REACHABILITY
native,51,c/saso/saso.dat,415,0,822,True,DECLARED_OPOINT_NOT_RUNTIME_REACHABILITY
native,51,c/saso/saso.dat,417,0,822,True,DECLARED_OPOINT_NOT_RUNTIME_REACHABILITY
native,51,c/saso/saso.dat,419,0,822,True,DECLARED_OPOINT_NOT_RUNTIME_REACHABILITY
native,51,c/saso/saso.dat,420,1,822,True,DECLARED_OPOINT_NOT_RUNTIME_REACHABILITY
native,51,c/saso/saso.dat,430,1,211,True,DECLARED_OPOINT_NOT_RUNTIME_REACHABILITY
native,51,c/saso/saso.dat,431,1,211,True,DECLARED_OPOINT_NOT_RUNTIME_REACHABILITY
native,51,c/saso/saso.dat,442,0,846,True,DECLARED_OPOINT_NOT_RUNTIME_REACHABILITY
native,51,c/saso/saso.dat,561,0,822,True,DECLARED_OPOINT_NOT_RUNTIME_REACHABILITY
native,51,c/saso/saso.dat,569,0,222,True,DECLARED_OPOINT_NOT_RUNTIME_REACHABILITY
native,51,c/saso/saso.dat,570,0,213,True,DECLARED_OPOINT_NOT_RUNTIME_REACHABILITY
native,51,c/saso/saso.dat,631,1,204,True,DECLARED_OPOINT_NOT_RUNTIME_REACHABILITY
native,51,c/saso/saso.dat,641,1,204,True,DECLARED_OPOINT_NOT_RUNTIME_REACHABILITY
native,90,c/saso/ncs.dat,127,1,211,True,DECLARED_OPOINT_NOT_RUNTIME_REACHABILITY
native,90,c/saso/ncs.dat,128,1,211,True,DECLARED_OPOINT_NOT_RUNTIME_REACHABILITY
native,90,c/saso/ncs.dat,129,1,211,True,DECLARED_OPOINT_NOT_RUNTIME_REACHABILITY
native,90,c/saso/ncs.dat,148,0,822,True,DECLARED_OPOINT_NOT_RUNTIME_REACHABILITY
native,90,c/saso/ncs.dat,150,0,203,True,DECLARED_OPOINT_NOT_RUNTIME_REACHABILITY
native,90,c/saso/ncs.dat,151,0,55,True,DECLARED_OPOINT_NOT_RUNTIME_REACHABILITY
native,90,c/saso/ncs.dat,152,0,55,True,DECLARED_OPOINT_NOT_RUNTIME_REACHABILITY
native,90,c/saso/ncs.dat,168,0,822,True,DECLARED_OPOINT_NOT_RUNTIME_REACHABILITY
native,90,c/saso/ncs.dat,170,0,203,True,DECLARED_OPOINT_NOT_RUNTIME_REACHABILITY
native,90,c/saso/ncs.dat,171,0,55,True,DECLARED_OPOINT_NOT_RUNTIME_REACHABILITY
native,90,c/saso/ncs.dat,267,1,816,True,DECLARED_OPOINT_NOT_RUNTIME_REACHABILITY
native,90,c/saso/ncs.dat,269,0,822,True,DECLARED_OPOINT_NOT_RUNTIME_REACHABILITY
native,90,c/saso/ncs.dat,271,0,211,True,DECLARED_OPOINT_NOT_RUNTIME_REACHABILITY
native,90,c/saso/ncs.dat,272,0,211,True,DECLARED_OPOINT_NOT_RUNTIME_REACHABILITY
native,90,c/saso/ncs.dat,273,0,211,True,DECLARED_OPOINT_NOT_RUNTIME_REACHABILITY
native,90,c/saso/ncs.dat,316,0,123,True,DECLARED_OPOINT_NOT_RUNTIME_REACHABILITY
native,90,c/saso/ncs.dat,317,0,204,True,DECLARED_OPOINT_NOT_RUNTIME_REACHABILITY
native,90,c/saso/ncs.dat,332,0,816,True,DECLARED_OPOINT_NOT_RUNTIME_REACHABILITY
native,90,c/saso/ncs.dat,333,0,211,True,DECLARED_OPOINT_NOT_RUNTIME_REACHABILITY
native,90,c/saso/ncs.dat,334,0,211,True,DECLARED_OPOINT_NOT_RUNTIME_REACHABILITY
native,90,c/saso/ncs.dat,335,0,816,True,DECLARED_OPOINT_NOT_RUNTIME_REACHABILITY
native,90,c/saso/ncs.dat,336,0,211,True,DECLARED_OPOINT_NOT_RUNTIME_REACHABILITY
native,90,c/saso/ncs.dat,337,0,211,True,DECLARED_OPOINT_NOT_RUNTIME_REACHABILITY
native,90,c/saso/ncs.dat,338,0,211,True,DECLARED_OPOINT_NOT_RUNTIME_REACHABILITY
native,90,c/saso/ncs.dat,339,0,211,True,DECLARED_OPOINT_NOT_RUNTIME_REACHABILITY
native,90,c/saso/ncs.dat,340,0,211,True,DECLARED_OPOINT_NOT_RUNTIME_REACHABILITY
native,90,c/saso/ncs.dat,341,0,211,True,DECLARED_OPOINT_NOT_RUNTIME_REACHABILITY
native,90,c/saso/ncs.dat,342,0,211,True,DECLARED_OPOINT_NOT_RUNTIME_REACHABILITY
native,90,c/saso/ncs.dat,343,0,211,True,DECLARED_OPOINT_NOT_RUNTIME_REACHABILITY
native,90,c/saso/ncs.dat,345,0,211,True,DECLARED_OPOINT_NOT_RUNTIME_REACHABILITY
native,90,c/saso/ncs.dat,346,0,211,True,DECLARED_OPOINT_NOT_RUNTIME_REACHABILITY
native,90,c/saso/ncs.dat,347,0,211,True,DECLARED_OPOINT_NOT_RUNTIME_REACHABILITY
native,90,c/saso/ncs.dat,385,1,512,True,DECLARED_OPOINT_NOT_RUNTIME_REACHABILITY
native,90,c/saso/ncs.dat,430,1,211,True,DECLARED_OPOINT_NOT_RUNTIME_REACHABILITY
native,90,c/saso/ncs.dat,431,1,211,True,DECLARED_OPOINT_NOT_RUNTIME_REACHABILITY
native,90,c/saso/ncs.dat,631,1,204,True,DECLARED_OPOINT_NOT_RUNTIME_REACHABILITY
native,90,c/saso/ncs.dat,641,1,204,True,DECLARED_OPOINT_NOT_RUNTIME_REACHABILITY
native,55,c/saso/pup.dat,306,0,204,True,DECLARED_OPOINT_NOT_RUNTIME_REACHABILITY
native,55,c/saso/pup.dat,308,0,204,True,DECLARED_OPOINT_NOT_RUNTIME_REACHABILITY
native,213,c/saso/a/pup.dat,61,0,222,True,DECLARED_OPOINT_NOT_RUNTIME_REACHABILITY
native,213,c/saso/a/pup.dat,71,0,512,True,DECLARED_OPOINT_NOT_RUNTIME_REACHABILITY
native,213,c/saso/a/pup.dat,73,0,222,True,DECLARED_OPOINT_NOT_RUNTIME_REACHABILITY
native,213,c/saso/a/pup.dat,199,0,222,True,DECLARED_OPOINT_NOT_RUNTIME_REACHABILITY
native,213,c/saso/a/pup.dat,399,0,512,True,DECLARED_OPOINT_NOT_RUNTIME_REACHABILITY
native,213,c/saso/a/pup.dat,499,0,512,True,DECLARED_OPOINT_NOT_RUNTIME_REACHABILITY
native,512,c/saso/a/pup2.dat,59,0,512,True,DECLARED_OPOINT_NOT_RUNTIME_REACHABILITY
native,512,c/saso/a/pup2.dat,67,0,512,True,DECLARED_OPOINT_NOT_RUNTIME_REACHABILITY
native,512,c/saso/a/pup2.dat,169,0,822,True,DECLARED_OPOINT_NOT_RUNTIME_REACHABILITY
native,512,c/saso/a/pup2.dat,172,0,222,True,DECLARED_OPOINT_NOT_RUNTIME_REACHABILITY
native,512,c/saso/a/pup2.dat,176,0,652,True,DECLARED_OPOINT_NOT_RUNTIME_REACHABILITY
native,512,c/saso/a/pup2.dat,179,0,822,True,DECLARED_OPOINT_NOT_RUNTIME_REACHABILITY
native,822,c/saso/a/iro.dat,58,0,822,True,DECLARED_OPOINT_NOT_RUNTIME_REACHABILITY
native,822,c/saso/a/iro.dat,82,0,822,True,DECLARED_OPOINT_NOT_RUNTIME_REACHABILITY
native,822,c/saso/a/iro.dat,85,0,822,True,DECLARED_OPOINT_NOT_RUNTIME_REACHABILITY
native,822,c/saso/a/iro.dat,87,0,515,True,DECLARED_OPOINT_NOT_RUNTIME_REACHABILITY
native,822,c/saso/a/iro.dat,88,0,515,True,DECLARED_OPOINT_NOT_RUNTIME_REACHABILITY
native,822,c/saso/a/iro.dat,89,0,515,True,DECLARED_OPOINT_NOT_RUNTIME_REACHABILITY
native,822,c/saso/a/iro.dat,90,0,515,True,DECLARED_OPOINT_NOT_RUNTIME_REACHABILITY
native,822,c/saso/a/iro.dat,91,0,515,True,DECLARED_OPOINT_NOT_RUNTIME_REACHABILITY
native,822,c/saso/a/iro.dat,92,0,515,True,DECLARED_OPOINT_NOT_RUNTIME_REACHABILITY
native,822,c/saso/a/iro.dat,99,0,822,True,DECLARED_OPOINT_NOT_RUNTIME_REACHABILITY
native,822,c/saso/a/iro.dat,100,0,822,True,DECLARED_OPOINT_NOT_RUNTIME_REACHABILITY
native,822,c/saso/a/iro.dat,101,0,822,True,DECLARED_OPOINT_NOT_RUNTIME_REACHABILITY
native,822,c/saso/a/iro.dat,102,0,822,True,DECLARED_OPOINT_NOT_RUNTIME_REACHABILITY
native,822,c/saso/a/iro.dat,117,0,822,True,DECLARED_OPOINT_NOT_RUNTIME_REACHABILITY
native,822,c/saso/a/iro.dat,118,0,822,True,DECLARED_OPOINT_NOT_RUNTIME_REACHABILITY
native,822,c/saso/a/iro.dat,119,0,822,True,DECLARED_OPOINT_NOT_RUNTIME_REACHABILITY
native,822,c/saso/a/iro.dat,125,0,822,True,DECLARED_OPOINT_NOT_RUNTIME_REACHABILITY
native,822,c/saso/a/iro.dat,127,0,822,True,DECLARED_OPOINT_NOT_RUNTIME_REACHABILITY
native,822,c/saso/a/iro.dat,128,0,822,True,DECLARED_OPOINT_NOT_RUNTIME_REACHABILITY
native,822,c/saso/a/iro.dat,211,0,822,True,DECLARED_OPOINT_NOT_RUNTIME_REACHABILITY
native,822,c/saso/a/iro.dat,216,0,213,True,DECLARED_OPOINT_NOT_RUNTIME_REACHABILITY
native,822,c/saso/a/iro.dat,248,0,222,True,DECLARED_OPOINT_NOT_RUNTIME_REACHABILITY
native,822,c/saso/a/iro.dat,258,0,222,True,DECLARED_OPOINT_NOT_RUNTIME_REACHABILITY
native,822,c/saso/a/iro.dat,458,0,822,True,DECLARED_OPOINT_NOT_RUNTIME_REACHABILITY
native,10,c/dei/dei.dat,24,0,225,True,DECLARED_OPOINT_NOT_RUNTIME_REACHABILITY
native,10,c/dei/dei.dat,51,0,225,True,DECLARED_OPOINT_NOT_RUNTIME_REACHABILITY
native,10,c/dei/dei.dat,62,0,225,True,DECLARED_OPOINT_NOT_RUNTIME_REACHABILITY
native,10,c/dei/dei.dat,66,0,225,True,DECLARED_OPOINT_NOT_RUNTIME_REACHABILITY
native,10,c/dei/dei.dat,72,0,225,True,DECLARED_OPOINT_NOT_RUNTIME_REACHABILITY
native,10,c/dei/dei.dat,73,1,225,True,DECLARED_OPOINT_NOT_RUNTIME_REACHABILITY
native,10,c/dei/dei.dat,76,1,225,True,DECLARED_OPOINT_NOT_RUNTIME_REACHABILITY
native,10,c/dei/dei.dat,77,1,225,True,DECLARED_OPOINT_NOT_RUNTIME_REACHABILITY
native,10,c/dei/dei.dat,78,0,225,True,DECLARED_OPOINT_NOT_RUNTIME_REACHABILITY
native,10,c/dei/dei.dat,86,0,225,True,DECLARED_OPOINT_NOT_RUNTIME_REACHABILITY
native,10,c/dei/dei.dat,92,0,225,True,DECLARED_OPOINT_NOT_RUNTIME_REACHABILITY
native,10,c/dei/dei.dat,93,0,225,True,DECLARED_OPOINT_NOT_RUNTIME_REACHABILITY
native,10,c/dei/dei.dat,117,0,706,True,DECLARED_OPOINT_NOT_RUNTIME_REACHABILITY
native,10,c/dei/dei.dat,221,0,225,True,DECLARED_OPOINT_NOT_RUNTIME_REACHABILITY
native,10,c/dei/dei.dat,223,0,225,True,DECLARED_OPOINT_NOT_RUNTIME_REACHABILITY
native,10,c/dei/dei.dat,225,0,225,True,DECLARED_OPOINT_NOT_RUNTIME_REACHABILITY
native,10,c/dei/dei.dat,227,0,225,True,DECLARED_OPOINT_NOT_RUNTIME_REACHABILITY
native,10,c/dei/dei.dat,239,0,225,True,DECLARED_OPOINT_NOT_RUNTIME_REACHABILITY
native,10,c/dei/dei.dat,244,0,225,True,DECLARED_OPOINT_NOT_RUNTIME_REACHABILITY
native,10,c/dei/dei.dat,246,0,225,True,DECLARED_OPOINT_NOT_RUNTIME_REACHABILITY
native,10,c/dei/dei.dat,254,0,225,True,DECLARED_OPOINT_NOT_RUNTIME_REACHABILITY
native,10,c/dei/dei.dat,255,0,225,True,DECLARED_OPOINT_NOT_RUNTIME_REACHABILITY
native,10,c/dei/dei.dat,258,0,225,True,DECLARED_OPOINT_NOT_RUNTIME_REACHABILITY
native,10,c/dei/dei.dat,259,0,225,True,DECLARED_OPOINT_NOT_RUNTIME_REACHABILITY
native,10,c/dei/dei.dat,261,0,225,True,DECLARED_OPOINT_NOT_RUNTIME_REACHABILITY
native,10,c/dei/dei.dat,262,1,225,True,DECLARED_OPOINT_NOT_RUNTIME_REACHABILITY
native,10,c/dei/dei.dat,264,0,225,True,DECLARED_OPOINT_NOT_RUNTIME_REACHABILITY
native,10,c/dei/dei.dat,266,0,225,True,DECLARED_OPOINT_NOT_RUNTIME_REACHABILITY
native,10,c/dei/dei.dat,267,0,225,True,DECLARED_OPOINT_NOT_RUNTIME_REACHABILITY
native,10,c/dei/dei.dat,269,0,225,True,DECLARED_OPOINT_NOT_RUNTIME_REACHABILITY
native,10,c/dei/dei.dat,271,0,123,True,DECLARED_OPOINT_NOT_RUNTIME_REACHABILITY
native,10,c/dei/dei.dat,272,0,204,True,DECLARED_OPOINT_NOT_RUNTIME_REACHABILITY
native,10,c/dei/dei.dat,276,0,225,True,DECLARED_OPOINT_NOT_RUNTIME_REACHABILITY
native,10,c/dei/dei.dat,279,0,706,True,DECLARED_OPOINT_NOT_RUNTIME_REACHABILITY
native,10,c/dei/dei.dat,283,0,225,True,DECLARED_OPOINT_NOT_RUNTIME_REACHABILITY
native,10,c/dei/dei.dat,286,0,225,True,DECLARED_OPOINT_NOT_RUNTIME_REACHABILITY
native,10,c/dei/dei.dat,296,0,225,True,DECLARED_OPOINT_NOT_RUNTIME_REACHABILITY
native,10,c/dei/dei.dat,297,0,225,True,DECLARED_OPOINT_NOT_RUNTIME_REACHABILITY
native,10,c/dei/dei.dat,298,0,221,True,DECLARED_OPOINT_NOT_RUNTIME_REACHABILITY
native,10,c/dei/dei.dat,299,0,221,True,DECLARED_OPOINT_NOT_RUNTIME_REACHABILITY
native,10,c/dei/dei.dat,302,0,225,True,DECLARED_OPOINT_NOT_RUNTIME_REACHABILITY
native,10,c/dei/dei.dat,306,0,221,True,DECLARED_OPOINT_NOT_RUNTIME_REACHABILITY
native,10,c/dei/dei.dat,311,0,225,True,DECLARED_OPOINT_NOT_RUNTIME_REACHABILITY
native,10,c/dei/dei.dat,312,0,225,True,DECLARED_OPOINT_NOT_RUNTIME_REACHABILITY
native,10,c/dei/dei.dat,316,0,706,True,DECLARED_OPOINT_NOT_RUNTIME_REACHABILITY
native,10,c/dei/dei.dat,317,0,706,True,DECLARED_OPOINT_NOT_RUNTIME_REACHABILITY
native,10,c/dei/dei.dat,318,0,225,True,DECLARED_OPOINT_NOT_RUNTIME_REACHABILITY
native,10,c/dei/dei.dat,327,0,225,True,DECLARED_OPOINT_NOT_RUNTIME_REACHABILITY
native,10,c/dei/dei.dat,328,1,225,True,DECLARED_OPOINT_NOT_RUNTIME_REACHABILITY
native,10,c/dei/dei.dat,334,0,703,True,DECLARED_OPOINT_NOT_RUNTIME_REACHABILITY
native,10,c/dei/dei.dat,344,0,703,True,DECLARED_OPOINT_NOT_RUNTIME_REACHABILITY
native,10,c/dei/dei.dat,503,1,225,True,DECLARED_OPOINT_NOT_RUNTIME_REACHABILITY
native,10,c/dei/dei.dat,504,1,225,True,DECLARED_OPOINT_NOT_RUNTIME_REACHABILITY
native,10,c/dei/dei.dat,505,1,225,True,DECLARED_OPOINT_NOT_RUNTIME_REACHABILITY
native,10,c/dei/dei.dat,506,1,225,True,DECLARED_OPOINT_NOT_RUNTIME_REACHABILITY
native,10,c/dei/dei.dat,507,1,225,True,DECLARED_OPOINT_NOT_RUNTIME_REACHABILITY
native,10,c/dei/dei.dat,512,0,225,True,DECLARED_OPOINT_NOT_RUNTIME_REACHABILITY
native,10,c/dei/dei.dat,514,1,225,True,DECLARED_OPOINT_NOT_RUNTIME_REACHABILITY
native,10,c/dei/dei.dat,515,1,225,True,DECLARED_OPOINT_NOT_RUNTIME_REACHABILITY
native,10,c/dei/dei.dat,541,0,225,True,DECLARED_OPOINT_NOT_RUNTIME_REACHABILITY
native,10,c/dei/dei.dat,542,0,225,True,DECLARED_OPOINT_NOT_RUNTIME_REACHABILITY
native,10,c/dei/dei.dat,553,0,225,True,DECLARED_OPOINT_NOT_RUNTIME_REACHABILITY
native,10,c/dei/dei.dat,554,0,225,True,DECLARED_OPOINT_NOT_RUNTIME_REACHABILITY
native,10,c/dei/dei.dat,631,1,204,True,DECLARED_OPOINT_NOT_RUNTIME_REACHABILITY
native,10,c/dei/dei.dat,641,1,204,True,DECLARED_OPOINT_NOT_RUNTIME_REACHABILITY
native,10,c/dei/dei.dat,666,0,225,True,DECLARED_OPOINT_NOT_RUNTIME_REACHABILITY
native,58,c/dei/bir.dat,24,0,225,True,DECLARED_OPOINT_NOT_RUNTIME_REACHABILITY
native,58,c/dei/bir.dat,64,0,225,True,DECLARED_OPOINT_NOT_RUNTIME_REACHABILITY
native,58,c/dei/bir.dat,69,1,225,True,DECLARED_OPOINT_NOT_RUNTIME_REACHABILITY
native,58,c/dei/bir.dat,76,1,225,True,DECLARED_OPOINT_NOT_RUNTIME_REACHABILITY
native,58,c/dei/bir.dat,77,1,225,True,DECLARED_OPOINT_NOT_RUNTIME_REACHABILITY
native,58,c/dei/bir.dat,78,0,225,True,DECLARED_OPOINT_NOT_RUNTIME_REACHABILITY
native,58,c/dei/bir.dat,91,0,225,True,DECLARED_OPOINT_NOT_RUNTIME_REACHABILITY
native,58,c/dei/bir.dat,236,0,706,True,DECLARED_OPOINT_NOT_RUNTIME_REACHABILITY
native,58,c/dei/bir.dat,241,1,706,True,DECLARED_OPOINT_NOT_RUNTIME_REACHABILITY
native,58,c/dei/bir.dat,243,1,221,True,DECLARED_OPOINT_NOT_RUNTIME_REACHABILITY
native,58,c/dei/bir.dat,246,1,221,True,DECLARED_OPOINT_NOT_RUNTIME_REACHABILITY
native,58,c/dei/bir.dat,251,1,706,True,DECLARED_OPOINT_NOT_RUNTIME_REACHABILITY
native,58,c/dei/bir.dat,253,1,225,True,DECLARED_OPOINT_NOT_RUNTIME_REACHABILITY
native,58,c/dei/bir.dat,262,1,206,True,DECLARED_OPOINT_NOT_RUNTIME_REACHABILITY
native,58,c/dei/bir.dat,263,1,206,True,DECLARED_OPOINT_NOT_RUNTIME_REACHABILITY
native,58,c/dei/bir.dat,264,1,206,True,DECLARED_OPOINT_NOT_RUNTIME_REACHABILITY
native,58,c/dei/bir.dat,271,0,123,True,DECLARED_OPOINT_NOT_RUNTIME_REACHABILITY
native,58,c/dei/bir.dat,272,0,204,True,DECLARED_OPOINT_NOT_RUNTIME_REACHABILITY
native,58,c/dei/bir.dat,278,0,225,True,DECLARED_OPOINT_NOT_RUNTIME_REACHABILITY
native,58,c/dei/bir.dat,279,1,225,True,DECLARED_OPOINT_NOT_RUNTIME_REACHABILITY
native,58,c/dei/bir.dat,282,1,206,True,DECLARED_OPOINT_NOT_RUNTIME_REACHABILITY
native,58,c/dei/bir.dat,316,1,706,True,DECLARED_OPOINT_NOT_RUNTIME_REACHABILITY
native,58,c/dei/bir.dat,317,1,706,True,DECLARED_OPOINT_NOT_RUNTIME_REACHABILITY
native,58,c/dei/bir.dat,318,1,225,True,DECLARED_OPOINT_NOT_RUNTIME_REACHABILITY
native,58,c/dei/bir.dat,631,1,204,True,DECLARED_OPOINT_NOT_RUNTIME_REACHABILITY
native,45,c/dei/ncd.dat,24,0,225,True,DECLARED_OPOINT_NOT_RUNTIME_REACHABILITY
native,45,c/dei/ncd.dat,51,0,225,True,DECLARED_OPOINT_NOT_RUNTIME_REACHABILITY
native,45,c/dei/ncd.dat,62,0,225,True,DECLARED_OPOINT_NOT_RUNTIME_REACHABILITY
native,45,c/dei/ncd.dat,66,0,225,True,DECLARED_OPOINT_NOT_RUNTIME_REACHABILITY
native,45,c/dei/ncd.dat,72,0,225,True,DECLARED_OPOINT_NOT_RUNTIME_REACHABILITY
native,45,c/dei/ncd.dat,73,1,225,True,DECLARED_OPOINT_NOT_RUNTIME_REACHABILITY
native,45,c/dei/ncd.dat,76,1,225,True,DECLARED_OPOINT_NOT_RUNTIME_REACHABILITY
native,45,c/dei/ncd.dat,77,1,225,True,DECLARED_OPOINT_NOT_RUNTIME_REACHABILITY
native,45,c/dei/ncd.dat,78,0,225,True,DECLARED_OPOINT_NOT_RUNTIME_REACHABILITY
native,45,c/dei/ncd.dat,86,0,225,True,DECLARED_OPOINT_NOT_RUNTIME_REACHABILITY
native,45,c/dei/ncd.dat,92,0,225,True,DECLARED_OPOINT_NOT_RUNTIME_REACHABILITY
native,45,c/dei/ncd.dat,93,0,225,True,DECLARED_OPOINT_NOT_RUNTIME_REACHABILITY
native,45,c/dei/ncd.dat,117,0,706,True,DECLARED_OPOINT_NOT_RUNTIME_REACHABILITY
native,45,c/dei/ncd.dat,221,0,225,True,DECLARED_OPOINT_NOT_RUNTIME_REACHABILITY
native,45,c/dei/ncd.dat,223,0,225,True,DECLARED_OPOINT_NOT_RUNTIME_REACHABILITY
native,45,c/dei/ncd.dat,225,0,225,True,DECLARED_OPOINT_NOT_RUNTIME_REACHABILITY
native,45,c/dei/ncd.dat,227,0,225,True,DECLARED_OPOINT_NOT_RUNTIME_REACHABILITY
native,45,c/dei/ncd.dat,239,0,225,True,DECLARED_OPOINT_NOT_RUNTIME_REACHABILITY
native,45,c/dei/ncd.dat,244,0,225,True,DECLARED_OPOINT_NOT_RUNTIME_REACHABILITY
native,45,c/dei/ncd.dat,246,0,225,True,DECLARED_OPOINT_NOT_RUNTIME_REACHABILITY
native,45,c/dei/ncd.dat,251,0,225,True,DECLARED_OPOINT_NOT_RUNTIME_REACHABILITY
native,45,c/dei/ncd.dat,254,0,225,True,DECLARED_OPOINT_NOT_RUNTIME_REACHABILITY
native,45,c/dei/ncd.dat,261,0,225,True,DECLARED_OPOINT_NOT_RUNTIME_REACHABILITY
native,45,c/dei/ncd.dat,262,1,225,True,DECLARED_OPOINT_NOT_RUNTIME_REACHABILITY
native,45,c/dei/ncd.dat,266,0,225,True,DECLARED_OPOINT_NOT_RUNTIME_REACHABILITY
native,45,c/dei/ncd.dat,267,0,225,True,DECLARED_OPOINT_NOT_RUNTIME_REACHABILITY
native,45,c/dei/ncd.dat,269,0,225,True,DECLARED_OPOINT_NOT_RUNTIME_REACHABILITY
native,45,c/dei/ncd.dat,271,0,123,True,DECLARED_OPOINT_NOT_RUNTIME_REACHABILITY
native,45,c/dei/ncd.dat,272,0,204,True,DECLARED_OPOINT_NOT_RUNTIME_REACHABILITY
native,45,c/dei/ncd.dat,276,0,225,True,DECLARED_OPOINT_NOT_RUNTIME_REACHABILITY
native,45,c/dei/ncd.dat,279,0,706,True,DECLARED_OPOINT_NOT_RUNTIME_REACHABILITY
native,45,c/dei/ncd.dat,283,0,225,True,DECLARED_OPOINT_NOT_RUNTIME_REACHABILITY
native,45,c/dei/ncd.dat,286,0,225,True,DECLARED_OPOINT_NOT_RUNTIME_REACHABILITY
native,45,c/dei/ncd.dat,296,0,225,True,DECLARED_OPOINT_NOT_RUNTIME_REACHABILITY
native,45,c/dei/ncd.dat,297,0,225,True,DECLARED_OPOINT_NOT_RUNTIME_REACHABILITY
native,45,c/dei/ncd.dat,298,0,221,True,DECLARED_OPOINT_NOT_RUNTIME_REACHABILITY
native,45,c/dei/ncd.dat,299,0,221,True,DECLARED_OPOINT_NOT_RUNTIME_REACHABILITY
native,45,c/dei/ncd.dat,300,0,221,True,DECLARED_OPOINT_NOT_RUNTIME_REACHABILITY
native,45,c/dei/ncd.dat,301,0,221,True,DECLARED_OPOINT_NOT_RUNTIME_REACHABILITY
native,45,c/dei/ncd.dat,302,0,221,True,DECLARED_OPOINT_NOT_RUNTIME_REACHABILITY
native,45,c/dei/ncd.dat,303,0,221,True,DECLARED_OPOINT_NOT_RUNTIME_REACHABILITY
native,45,c/dei/ncd.dat,304,0,221,True,DECLARED_OPOINT_NOT_RUNTIME_REACHABILITY
native,45,c/dei/ncd.dat,305,0,221,True,DECLARED_OPOINT_NOT_RUNTIME_REACHABILITY
native,45,c/dei/ncd.dat,306,0,221,True,DECLARED_OPOINT_NOT_RUNTIME_REACHABILITY
native,45,c/dei/ncd.dat,307,0,221,True,DECLARED_OPOINT_NOT_RUNTIME_REACHABILITY
native,45,c/dei/ncd.dat,308,0,221,True,DECLARED_OPOINT_NOT_RUNTIME_REACHABILITY
native,45,c/dei/ncd.dat,311,0,225,True,DECLARED_OPOINT_NOT_RUNTIME_REACHABILITY
native,45,c/dei/ncd.dat,312,0,225,True,DECLARED_OPOINT_NOT_RUNTIME_REACHABILITY
native,45,c/dei/ncd.dat,316,0,706,True,DECLARED_OPOINT_NOT_RUNTIME_REACHABILITY
native,45,c/dei/ncd.dat,317,0,706,True,DECLARED_OPOINT_NOT_RUNTIME_REACHABILITY
native,45,c/dei/ncd.dat,318,0,225,True,DECLARED_OPOINT_NOT_RUNTIME_REACHABILITY
native,45,c/dei/ncd.dat,334,0,703,True,DECLARED_OPOINT_NOT_RUNTIME_REACHABILITY
native,45,c/dei/ncd.dat,340,0,225,True,DECLARED_OPOINT_NOT_RUNTIME_REACHABILITY
native,45,c/dei/ncd.dat,350,0,211,True,DECLARED_OPOINT_NOT_RUNTIME_REACHABILITY
native,45,c/dei/ncd.dat,402,0,846,True,DECLARED_OPOINT_NOT_RUNTIME_REACHABILITY
native,45,c/dei/ncd.dat,631,1,204,True,DECLARED_OPOINT_NOT_RUNTIME_REACHABILITY
native,45,c/dei/ncd.dat,641,1,204,True,DECLARED_OPOINT_NOT_RUNTIME_REACHABILITY
native,45,c/dei/ncd.dat,666,0,225,True,DECLARED_OPOINT_NOT_RUNTIME_REACHABILITY
native,46,c/dei/ncb.dat,24,0,225,True,DECLARED_OPOINT_NOT_RUNTIME_REACHABILITY
native,46,c/dei/ncb.dat,68,0,225,True,DECLARED_OPOINT_NOT_RUNTIME_REACHABILITY
native,46,c/dei/ncb.dat,69,1,225,True,DECLARED_OPOINT_NOT_RUNTIME_REACHABILITY
native,46,c/dei/ncb.dat,76,1,225,True,DECLARED_OPOINT_NOT_RUNTIME_REACHABILITY
native,46,c/dei/ncb.dat,77,1,225,True,DECLARED_OPOINT_NOT_RUNTIME_REACHABILITY
native,46,c/dei/ncb.dat,78,0,225,True,DECLARED_OPOINT_NOT_RUNTIME_REACHABILITY
native,46,c/dei/ncb.dat,91,0,225,True,DECLARED_OPOINT_NOT_RUNTIME_REACHABILITY
native,46,c/dei/ncb.dat,236,0,706,True,DECLARED_OPOINT_NOT_RUNTIME_REACHABILITY
native,46,c/dei/ncb.dat,241,1,706,True,DECLARED_OPOINT_NOT_RUNTIME_REACHABILITY
native,46,c/dei/ncb.dat,243,1,221,True,DECLARED_OPOINT_NOT_RUNTIME_REACHABILITY
native,46,c/dei/ncb.dat,246,1,221,True,DECLARED_OPOINT_NOT_RUNTIME_REACHABILITY
native,46,c/dei/ncb.dat,251,1,706,True,DECLARED_OPOINT_NOT_RUNTIME_REACHABILITY
native,46,c/dei/ncb.dat,253,1,225,True,DECLARED_OPOINT_NOT_RUNTIME_REACHABILITY
native,46,c/dei/ncb.dat,262,1,206,True,DECLARED_OPOINT_NOT_RUNTIME_REACHABILITY
native,46,c/dei/ncb.dat,263,1,206,True,DECLARED_OPOINT_NOT_RUNTIME_REACHABILITY
native,46,c/dei/ncb.dat,264,1,206,True,DECLARED_OPOINT_NOT_RUNTIME_REACHABILITY
native,46,c/dei/ncb.dat,271,0,123,True,DECLARED_OPOINT_NOT_RUNTIME_REACHABILITY
native,46,c/dei/ncb.dat,272,0,204,True,DECLARED_OPOINT_NOT_RUNTIME_REACHABILITY
native,46,c/dei/ncb.dat,278,0,225,True,DECLARED_OPOINT_NOT_RUNTIME_REACHABILITY
native,46,c/dei/ncb.dat,279,1,225,True,DECLARED_OPOINT_NOT_RUNTIME_REACHABILITY
native,46,c/dei/ncb.dat,282,1,206,True,DECLARED_OPOINT_NOT_RUNTIME_REACHABILITY
native,46,c/dei/ncb.dat,631,1,204,True,DECLARED_OPOINT_NOT_RUNTIME_REACHABILITY
native,800,c/dei/zom.dat,291,0,211,True,DECLARED_OPOINT_NOT_RUNTIME_REACHABILITY
native,800,c/dei/zom.dat,301,0,802,True,DECLARED_OPOINT_NOT_RUNTIME_REACHABILITY
native,800,c/dei/zom.dat,304,0,802,True,DECLARED_OPOINT_NOT_RUNTIME_REACHABILITY
native,800,c/dei/zom.dat,305,0,802,True,DECLARED_OPOINT_NOT_RUNTIME_REACHABILITY
native,800,c/dei/zom.dat,311,0,802,True,DECLARED_OPOINT_NOT_RUNTIME_REACHABILITY
native,802,c/dei/zom2.dat,291,0,211,True,DECLARED_OPOINT_NOT_RUNTIME_REACHABILITY
native,802,c/dei/zom2.dat,304,0,802,True,DECLARED_OPOINT_NOT_RUNTIME_REACHABILITY
native,802,c/dei/zom2.dat,305,0,802,True,DECLARED_OPOINT_NOT_RUNTIME_REACHABILITY
native,225,c/dei/a/cla.dat,11,0,211,True,DECLARED_OPOINT_NOT_RUNTIME_REACHABILITY
native,225,c/dei/a/cla.dat,31,0,211,True,DECLARED_OPOINT_NOT_RUNTIME_REACHABILITY
native,225,c/dei/a/cla.dat,38,0,225,True,DECLARED_OPOINT_NOT_RUNTIME_REACHABILITY
native,225,c/dei/a/cla.dat,54,0,200,True,DECLARED_OPOINT_NOT_RUNTIME_REACHABILITY
native,225,c/dei/a/cla.dat,87,0,211,True,DECLARED_OPOINT_NOT_RUNTIME_REACHABILITY
native,225,c/dei/a/cla.dat,107,0,211,True,DECLARED_OPOINT_NOT_RUNTIME_REACHABILITY
native,225,c/dei/a/cla.dat,109,0,211,True,DECLARED_OPOINT_NOT_RUNTIME_REACHABILITY
native,225,c/dei/a/cla.dat,115,0,225,True,DECLARED_OPOINT_NOT_RUNTIME_REACHABILITY
native,225,c/dei/a/cla.dat,117,0,225,True,DECLARED_OPOINT_NOT_RUNTIME_REACHABILITY
native,225,c/dei/a/cla.dat,119,0,225,True,DECLARED_OPOINT_NOT_RUNTIME_REACHABILITY
native,225,c/dei/a/cla.dat,121,0,225,True,DECLARED_OPOINT_NOT_RUNTIME_REACHABILITY
native,225,c/dei/a/cla.dat,134,0,211,True,DECLARED_OPOINT_NOT_RUNTIME_REACHABILITY
native,225,c/dei/a/cla.dat,185,0,225,True,DECLARED_OPOINT_NOT_RUNTIME_REACHABILITY
native,225,c/dei/a/cla.dat,187,0,225,True,DECLARED_OPOINT_NOT_RUNTIME_REACHABILITY
native,225,c/dei/a/cla.dat,189,0,225,True,DECLARED_OPOINT_NOT_RUNTIME_REACHABILITY
native,225,c/dei/a/cla.dat,191,0,225,True,DECLARED_OPOINT_NOT_RUNTIME_REACHABILITY
native,225,c/dei/a/cla.dat,315,0,225,True,DECLARED_OPOINT_NOT_RUNTIME_REACHABILITY
native,225,c/dei/a/cla.dat,317,0,225,True,DECLARED_OPOINT_NOT_RUNTIME_REACHABILITY
native,225,c/dei/a/cla.dat,319,0,225,True,DECLARED_OPOINT_NOT_RUNTIME_REACHABILITY
native,225,c/dei/a/cla.dat,321,0,225,True,DECLARED_OPOINT_NOT_RUNTIME_REACHABILITY
native,225,c/dei/a/cla.dat,385,0,225,True,DECLARED_OPOINT_NOT_RUNTIME_REACHABILITY
native,225,c/dei/a/cla.dat,387,0,225,True,DECLARED_OPOINT_NOT_RUNTIME_REACHABILITY
native,225,c/dei/a/cla.dat,389,0,225,True,DECLARED_OPOINT_NOT_RUNTIME_REACHABILITY
native,225,c/dei/a/cla.dat,391,0,225,True,DECLARED_OPOINT_NOT_RUNTIME_REACHABILITY
native,225,c/dei/a/cla.dat,411,0,211,True,DECLARED_OPOINT_NOT_RUNTIME_REACHABILITY
native,225,c/dei/a/cla.dat,439,0,706,True,DECLARED_OPOINT_NOT_RUNTIME_REACHABILITY
native,225,c/dei/a/cla.dat,443,0,225,True,DECLARED_OPOINT_NOT_RUNTIME_REACHABILITY
native,225,c/dei/a/cla.dat,510,0,800,True,DECLARED_OPOINT_NOT_RUNTIME_REACHABILITY
native,225,c/dei/a/cla.dat,561,0,225,True,DECLARED_OPOINT_NOT_RUNTIME_REACHABILITY
native,225,c/dei/a/cla.dat,571,0,225,True,DECLARED_OPOINT_NOT_RUNTIME_REACHABILITY
native,225,c/dei/a/cla.dat,581,0,225,True,DECLARED_OPOINT_NOT_RUNTIME_REACHABILITY
native,225,c/dei/a/cla.dat,691,0,211,True,DECLARED_OPOINT_NOT_RUNTIME_REACHABILITY
native,206,c/dei/a/cla2.dat,11,0,211,True,DECLARED_OPOINT_NOT_RUNTIME_REACHABILITY
native,206,c/dei/a/cla2.dat,51,0,706,True,DECLARED_OPOINT_NOT_RUNTIME_REACHABILITY
native,206,c/dei/a/cla2.dat,61,0,211,True,DECLARED_OPOINT_NOT_RUNTIME_REACHABILITY
native,221,c/dei/a/cla3.dat,61,0,221,True,DECLARED_OPOINT_NOT_RUNTIME_REACHABILITY
native,221,c/dei/a/cla3.dat,131,0,221,True,DECLARED_OPOINT_NOT_RUNTIME_REACHABILITY
native,221,c/dei/a/cla3.dat,133,0,221,True,DECLARED_OPOINT_NOT_RUNTIME_REACHABILITY
native,221,c/dei/a/cla3.dat,134,0,221,True,DECLARED_OPOINT_NOT_RUNTIME_REACHABILITY
native,221,c/dei/a/cla3.dat,135,0,221,True,DECLARED_OPOINT_NOT_RUNTIME_REACHABILITY
native,221,c/dei/a/cla3.dat,137,0,221,True,DECLARED_OPOINT_NOT_RUNTIME_REACHABILITY
native,221,c/dei/a/cla3.dat,139,0,221,True,DECLARED_OPOINT_NOT_RUNTIME_REACHABILITY
native,221,c/dei/a/cla3.dat,143,0,223,True,DECLARED_OPOINT_NOT_RUNTIME_REACHABILITY
native,221,c/dei/a/cla3.dat,236,0,221,True,DECLARED_OPOINT_NOT_RUNTIME_REACHABILITY
native,221,c/dei/a/cla3.dat,237,0,221,True,DECLARED_OPOINT_NOT_RUNTIME_REACHABILITY
native,221,c/dei/a/cla3.dat,238,0,221,True,DECLARED_OPOINT_NOT_RUNTIME_REACHABILITY
native,221,c/dei/a/cla3.dat,239,0,221,True,DECLARED_OPOINT_NOT_RUNTIME_REACHABILITY
native,221,c/dei/a/cla3.dat,240,0,221,True,DECLARED_OPOINT_NOT_RUNTIME_REACHABILITY
native,221,c/dei/a/cla3.dat,241,0,221,True,DECLARED_OPOINT_NOT_RUNTIME_REACHABILITY
native,221,c/dei/a/cla3.dat,242,0,221,True,DECLARED_OPOINT_NOT_RUNTIME_REACHABILITY
native,221,c/dei/a/cla3.dat,243,0,221,True,DECLARED_OPOINT_NOT_RUNTIME_REACHABILITY
native,17,c/kis/kis.dat,26,0,416,True,DECLARED_OPOINT_NOT_RUNTIME_REACHABILITY
native,17,c/kis/kis.dat,46,0,416,True,DECLARED_OPOINT_NOT_RUNTIME_REACHABILITY
native,17,c/kis/kis.dat,61,0,416,True,DECLARED_OPOINT_NOT_RUNTIME_REACHABILITY
native,17,c/kis/kis.dat,66,0,416,True,DECLARED_OPOINT_NOT_RUNTIME_REACHABILITY
native,17,c/kis/kis.dat,71,0,416,True,DECLARED_OPOINT_NOT_RUNTIME_REACHABILITY
native,17,c/kis/kis.dat,86,0,416,True,DECLARED_OPOINT_NOT_RUNTIME_REACHABILITY
native,17,c/kis/kis.dat,91,0,416,True,DECLARED_OPOINT_NOT_RUNTIME_REACHABILITY
native,17,c/kis/kis.dat,103,0,416,True,DECLARED_OPOINT_NOT_RUNTIME_REACHABILITY
native,17,c/kis/kis.dat,121,0,616,True,DECLARED_OPOINT_NOT_RUNTIME_REACHABILITY
native,17,c/kis/kis.dat,122,0,416,True,DECLARED_OPOINT_NOT_RUNTIME_REACHABILITY
native,17,c/kis/kis.dat,123,0,616,True,DECLARED_OPOINT_NOT_RUNTIME_REACHABILITY
native,17,c/kis/kis.dat,124,0,616,True,DECLARED_OPOINT_NOT_RUNTIME_REACHABILITY
native,17,c/kis/kis.dat,128,0,616,True,DECLARED_OPOINT_NOT_RUNTIME_REACHABILITY
native,17,c/kis/kis.dat,129,0,616,True,DECLARED_OPOINT_NOT_RUNTIME_REACHABILITY
native,17,c/kis/kis.dat,221,0,416,True,DECLARED_OPOINT_NOT_RUNTIME_REACHABILITY
native,17,c/kis/kis.dat,223,0,416,True,DECLARED_OPOINT_NOT_RUNTIME_REACHABILITY
native,17,c/kis/kis.dat,233,0,416,True,DECLARED_OPOINT_NOT_RUNTIME_REACHABILITY
native,17,c/kis/kis.dat,236,0,416,True,DECLARED_OPOINT_NOT_RUNTIME_REACHABILITY
native,17,c/kis/kis.dat,237,0,416,True,DECLARED_OPOINT_NOT_RUNTIME_REACHABILITY
native,17,c/kis/kis.dat,238,0,204,True,DECLARED_OPOINT_NOT_RUNTIME_REACHABILITY
native,17,c/kis/kis.dat,246,0,416,True,DECLARED_OPOINT_NOT_RUNTIME_REACHABILITY
native,17,c/kis/kis.dat,247,0,816,True,DECLARED_OPOINT_NOT_RUNTIME_REACHABILITY
native,17,c/kis/kis.dat,252,0,816,True,DECLARED_OPOINT_NOT_RUNTIME_REACHABILITY
native,17,c/kis/kis.dat,253,0,416,True,DECLARED_OPOINT_NOT_RUNTIME_REACHABILITY
native,17,c/kis/kis.dat,264,0,416,True,DECLARED_OPOINT_NOT_RUNTIME_REACHABILITY
native,17,c/kis/kis.dat,265,1,416,True,DECLARED_OPOINT_NOT_RUNTIME_REACHABILITY
native,17,c/kis/kis.dat,271,0,123,True,DECLARED_OPOINT_NOT_RUNTIME_REACHABILITY
native,17,c/kis/kis.dat,272,0,204,True,DECLARED_OPOINT_NOT_RUNTIME_REACHABILITY
native,17,c/kis/kis.dat,277,0,416,True,DECLARED_OPOINT_NOT_RUNTIME_REACHABILITY
native,17,c/kis/kis.dat,281,0,416,True,DECLARED_OPOINT_NOT_RUNTIME_REACHABILITY
native,17,c/kis/kis.dat,286,0,416,True,DECLARED_OPOINT_NOT_RUNTIME_REACHABILITY
native,17,c/kis/kis.dat,289,0,416,True,DECLARED_OPOINT_NOT_RUNTIME_REACHABILITY
native,17,c/kis/kis.dat,291,0,416,True,DECLARED_OPOINT_NOT_RUNTIME_REACHABILITY
native,17,c/kis/kis.dat,295,0,505,True,DECLARED_OPOINT_NOT_RUNTIME_REACHABILITY
native,17,c/kis/kis.dat,296,0,505,True,DECLARED_OPOINT_NOT_RUNTIME_REACHABILITY
native,17,c/kis/kis.dat,301,0,416,True,DECLARED_OPOINT_NOT_RUNTIME_REACHABILITY
native,17,c/kis/kis.dat,331,0,416,True,DECLARED_OPOINT_NOT_RUNTIME_REACHABILITY
native,17,c/kis/kis.dat,332,1,416,True,DECLARED_OPOINT_NOT_RUNTIME_REACHABILITY
native,17,c/kis/kis.dat,333,1,416,True,DECLARED_OPOINT_NOT_RUNTIME_REACHABILITY
native,17,c/kis/kis.dat,365,0,616,True,DECLARED_OPOINT_NOT_RUNTIME_REACHABILITY
native,17,c/kis/kis.dat,369,0,416,True,DECLARED_OPOINT_NOT_RUNTIME_REACHABILITY
native,17,c/kis/kis.dat,381,0,416,True,DECLARED_OPOINT_NOT_RUNTIME_REACHABILITY
native,17,c/kis/kis.dat,386,0,416,True,DECLARED_OPOINT_NOT_RUNTIME_REACHABILITY
native,17,c/kis/kis.dat,396,0,416,True,DECLARED_OPOINT_NOT_RUNTIME_REACHABILITY
native,17,c/kis/kis.dat,403,0,416,True,DECLARED_OPOINT_NOT_RUNTIME_REACHABILITY
native,17,c/kis/kis.dat,404,0,416,True,DECLARED_OPOINT_NOT_RUNTIME_REACHABILITY
native,17,c/kis/kis.dat,481,0,416,True,DECLARED_OPOINT_NOT_RUNTIME_REACHABILITY
native,17,c/kis/kis.dat,602,1,900,True,DECLARED_OPOINT_NOT_RUNTIME_REACHABILITY
native,17,c/kis/kis.dat,631,1,204,True,DECLARED_OPOINT_NOT_RUNTIME_REACHABILITY
native,17,c/kis/kis.dat,641,1,204,True,DECLARED_OPOINT_NOT_RUNTIME_REACHABILITY
native,505,c/kis/kcl.dat,46,0,416,True,DECLARED_OPOINT_NOT_RUNTIME_REACHABILITY
native,505,c/kis/kcl.dat,61,0,416,True,DECLARED_OPOINT_NOT_RUNTIME_REACHABILITY
native,505,c/kis/kcl.dat,66,0,416,True,DECLARED_OPOINT_NOT_RUNTIME_REACHABILITY
native,505,c/kis/kcl.dat,71,0,416,True,DECLARED_OPOINT_NOT_RUNTIME_REACHABILITY
native,505,c/kis/kcl.dat,91,0,416,True,DECLARED_OPOINT_NOT_RUNTIME_REACHABILITY
native,505,c/kis/kcl.dat,103,0,416,True,DECLARED_OPOINT_NOT_RUNTIME_REACHABILITY
native,505,c/kis/kcl.dat,221,0,416,True,DECLARED_OPOINT_NOT_RUNTIME_REACHABILITY
native,505,c/kis/kcl.dat,223,0,416,True,DECLARED_OPOINT_NOT_RUNTIME_REACHABILITY
native,505,c/kis/kcl.dat,241,0,416,True,DECLARED_OPOINT_NOT_RUNTIME_REACHABILITY
native,505,c/kis/kcl.dat,347,0,416,True,DECLARED_OPOINT_NOT_RUNTIME_REACHABILITY
native,505,c/kis/kcl.dat,350,0,416,True,DECLARED_OPOINT_NOT_RUNTIME_REACHABILITY
native,91,c/kis/sam.dat,46,0,416,True,DECLARED_OPOINT_NOT_RUNTIME_REACHABILITY
native,91,c/kis/sam.dat,51,0,416,True,DECLARED_OPOINT_NOT_RUNTIME_REACHABILITY
native,91,c/kis/sam.dat,53,0,416,True,DECLARED_OPOINT_NOT_RUNTIME_REACHABILITY
native,91,c/kis/sam.dat,86,0,416,True,DECLARED_OPOINT_NOT_RUNTIME_REACHABILITY
native,91,c/kis/sam.dat,103,0,416,True,DECLARED_OPOINT_NOT_RUNTIME_REACHABILITY
native,91,c/kis/sam.dat,251,0,816,True,DECLARED_OPOINT_NOT_RUNTIME_REACHABILITY
native,91,c/kis/sam.dat,252,0,816,True,DECLARED_OPOINT_NOT_RUNTIME_REACHABILITY
native,91,c/kis/sam.dat,253,0,416,True,DECLARED_OPOINT_NOT_RUNTIME_REACHABILITY
native,91,c/kis/sam.dat,271,0,123,True,DECLARED_OPOINT_NOT_RUNTIME_REACHABILITY
native,91,c/kis/sam.dat,272,0,204,True,DECLARED_OPOINT_NOT_RUNTIME_REACHABILITY
native,91,c/kis/sam.dat,282,0,416,True,DECLARED_OPOINT_NOT_RUNTIME_REACHABILITY
native,91,c/kis/sam.dat,283,0,416,True,DECLARED_OPOINT_NOT_RUNTIME_REACHABILITY
native,91,c/kis/sam.dat,385,0,416,True,DECLARED_OPOINT_NOT_RUNTIME_REACHABILITY
native,91,c/kis/sam.dat,386,0,416,True,DECLARED_OPOINT_NOT_RUNTIME_REACHABILITY
native,91,c/kis/sam.dat,406,1,416,True,DECLARED_OPOINT_NOT_RUNTIME_REACHABILITY
native,91,c/kis/sam.dat,407,1,416,True,DECLARED_OPOINT_NOT_RUNTIME_REACHABILITY
native,91,c/kis/sam.dat,415,1,416,True,DECLARED_OPOINT_NOT_RUNTIME_REACHABILITY
native,42,c/kis/nck.dat,46,0,416,True,DECLARED_OPOINT_NOT_RUNTIME_REACHABILITY
native,42,c/kis/nck.dat,61,0,416,True,DECLARED_OPOINT_NOT_RUNTIME_REACHABILITY
native,42,c/kis/nck.dat,66,0,416,True,DECLARED_OPOINT_NOT_RUNTIME_REACHABILITY
native,42,c/kis/nck.dat,71,0,416,True,DECLARED_OPOINT_NOT_RUNTIME_REACHABILITY
native,42,c/kis/nck.dat,91,0,416,True,DECLARED_OPOINT_NOT_RUNTIME_REACHABILITY
native,42,c/kis/nck.dat,103,0,416,True,DECLARED_OPOINT_NOT_RUNTIME_REACHABILITY
native,42,c/kis/nck.dat,121,0,616,True,DECLARED_OPOINT_NOT_RUNTIME_REACHABILITY
native,42,c/kis/nck.dat,122,0,416,True,DECLARED_OPOINT_NOT_RUNTIME_REACHABILITY
native,42,c/kis/nck.dat,123,0,616,True,DECLARED_OPOINT_NOT_RUNTIME_REACHABILITY
native,42,c/kis/nck.dat,124,0,616,True,DECLARED_OPOINT_NOT_RUNTIME_REACHABILITY
native,42,c/kis/nck.dat,128,0,616,True,DECLARED_OPOINT_NOT_RUNTIME_REACHABILITY
native,42,c/kis/nck.dat,129,0,616,True,DECLARED_OPOINT_NOT_RUNTIME_REACHABILITY
native,42,c/kis/nck.dat,221,0,416,True,DECLARED_OPOINT_NOT_RUNTIME_REACHABILITY
native,42,c/kis/nck.dat,223,0,416,True,DECLARED_OPOINT_NOT_RUNTIME_REACHABILITY
native,42,c/kis/nck.dat,236,0,416,True,DECLARED_OPOINT_NOT_RUNTIME_REACHABILITY
native,42,c/kis/nck.dat,237,0,416,True,DECLARED_OPOINT_NOT_RUNTIME_REACHABILITY
native,42,c/kis/nck.dat,238,0,204,True,DECLARED_OPOINT_NOT_RUNTIME_REACHABILITY
native,42,c/kis/nck.dat,241,1,416,True,DECLARED_OPOINT_NOT_RUNTIME_REACHABILITY
native,42,c/kis/nck.dat,246,0,416,True,DECLARED_OPOINT_NOT_RUNTIME_REACHABILITY
native,42,c/kis/nck.dat,247,0,816,True,DECLARED_OPOINT_NOT_RUNTIME_REACHABILITY
native,42,c/kis/nck.dat,252,0,816,True,DECLARED_OPOINT_NOT_RUNTIME_REACHABILITY
native,42,c/kis/nck.dat,253,0,416,True,DECLARED_OPOINT_NOT_RUNTIME_REACHABILITY
native,42,c/kis/nck.dat,264,0,416,True,DECLARED_OPOINT_NOT_RUNTIME_REACHABILITY
native,42,c/kis/nck.dat,265,1,416,True,DECLARED_OPOINT_NOT_RUNTIME_REACHABILITY
native,42,c/kis/nck.dat,271,0,123,True,DECLARED_OPOINT_NOT_RUNTIME_REACHABILITY
native,42,c/kis/nck.dat,272,0,204,True,DECLARED_OPOINT_NOT_RUNTIME_REACHABILITY
native,42,c/kis/nck.dat,281,0,416,True,DECLARED_OPOINT_NOT_RUNTIME_REACHABILITY
native,42,c/kis/nck.dat,286,0,416,True,DECLARED_OPOINT_NOT_RUNTIME_REACHABILITY
native,42,c/kis/nck.dat,289,0,416,True,DECLARED_OPOINT_NOT_RUNTIME_REACHABILITY
native,42,c/kis/nck.dat,301,0,416,True,DECLARED_OPOINT_NOT_RUNTIME_REACHABILITY
native,42,c/kis/nck.dat,331,0,416,True,DECLARED_OPOINT_NOT_RUNTIME_REACHABILITY
native,42,c/kis/nck.dat,332,1,416,True,DECLARED_OPOINT_NOT_RUNTIME_REACHABILITY
native,42,c/kis/nck.dat,333,1,416,True,DECLARED_OPOINT_NOT_RUNTIME_REACHABILITY
native,42,c/kis/nck.dat,365,0,616,True,DECLARED_OPOINT_NOT_RUNTIME_REACHABILITY
native,42,c/kis/nck.dat,369,0,416,True,DECLARED_OPOINT_NOT_RUNTIME_REACHABILITY
native,42,c/kis/nck.dat,376,0,416,True,DECLARED_OPOINT_NOT_RUNTIME_REACHABILITY
native,42,c/kis/nck.dat,381,0,416,True,DECLARED_OPOINT_NOT_RUNTIME_REACHABILITY
native,42,c/kis/nck.dat,386,0,416,True,DECLARED_OPOINT_NOT_RUNTIME_REACHABILITY
native,42,c/kis/nck.dat,393,0,416,True,DECLARED_OPOINT_NOT_RUNTIME_REACHABILITY
native,42,c/kis/nck.dat,402,0,846,True,DECLARED_OPOINT_NOT_RUNTIME_REACHABILITY
native,42,c/kis/nck.dat,481,0,416,True,DECLARED_OPOINT_NOT_RUNTIME_REACHABILITY
native,42,c/kis/nck.dat,593,0,416,True,DECLARED_OPOINT_NOT_RUNTIME_REACHABILITY
native,42,c/kis/nck.dat,602,1,900,True,DECLARED_OPOINT_NOT_RUNTIME_REACHABILITY
native,42,c/kis/nck.dat,631,1,204,True,DECLARED_OPOINT_NOT_RUNTIME_REACHABILITY
native,42,c/kis/nck.dat,641,1,204,True,DECLARED_OPOINT_NOT_RUNTIME_REACHABILITY
native,42,c/kis/nck.dat,666,0,416,True,DECLARED_OPOINT_NOT_RUNTIME_REACHABILITY
native,416,c/kis/a/wat.dat,1,0,416,True,DECLARED_OPOINT_NOT_RUNTIME_REACHABILITY
native,416,c/kis/a/wat.dat,2,0,416,True,DECLARED_OPOINT_NOT_RUNTIME_REACHABILITY
native,416,c/kis/a/wat.dat,11,0,416,True,DECLARED_OPOINT_NOT_RUNTIME_REACHABILITY
native,416,c/kis/a/wat.dat,13,0,416,True,DECLARED_OPOINT_NOT_RUNTIME_REACHABILITY
native,416,c/kis/a/wat.dat,21,0,416,True,DECLARED_OPOINT_NOT_RUNTIME_REACHABILITY
native,416,c/kis/a/wat.dat,23,0,416,True,DECLARED_OPOINT_NOT_RUNTIME_REACHABILITY
native,416,c/kis/a/wat.dat,82,0,416,True,DECLARED_OPOINT_NOT_RUNTIME_REACHABILITY
native,416,c/kis/a/wat.dat,85,0,616,True,DECLARED_OPOINT_NOT_RUNTIME_REACHABILITY
native,416,c/kis/a/wat.dat,86,0,616,True,DECLARED_OPOINT_NOT_RUNTIME_REACHABILITY
native,416,c/kis/a/wat.dat,87,0,616,True,DECLARED_OPOINT_NOT_RUNTIME_REACHABILITY
native,416,c/kis/a/wat.dat,88,0,616,True,DECLARED_OPOINT_NOT_RUNTIME_REACHABILITY
native,416,c/kis/a/wat.dat,405,0,416,True,DECLARED_OPOINT_NOT_RUNTIME_REACHABILITY
native,9,c/ita/ita.dat,46,0,603,True,DECLARED_OPOINT_NOT_RUNTIME_REACHABILITY
native,9,c/ita/ita.dat,56,0,603,True,DECLARED_OPOINT_NOT_RUNTIME_REACHABILITY
native,9,c/ita/ita.dat,62,0,603,True,DECLARED_OPOINT_NOT_RUNTIME_REACHABILITY
native,9,c/ita/ita.dat,66,0,603,True,DECLARED_OPOINT_NOT_RUNTIME_REACHABILITY
native,9,c/ita/ita.dat,71,0,603,True,DECLARED_OPOINT_NOT_RUNTIME_REACHABILITY
native,9,c/ita/ita.dat,76,0,714,True,DECLARED_OPOINT_NOT_RUNTIME_REACHABILITY
native,9,c/ita/ita.dat,86,0,603,True,DECLARED_OPOINT_NOT_RUNTIME_REACHABILITY
native,9,c/ita/ita.dat,91,0,603,True,DECLARED_OPOINT_NOT_RUNTIME_REACHABILITY
native,9,c/ita/ita.dat,103,1,220,True,DECLARED_OPOINT_NOT_RUNTIME_REACHABILITY
native,9,c/ita/ita.dat,122,0,210,True,DECLARED_OPOINT_NOT_RUNTIME_REACHABILITY
native,9,c/ita/ita.dat,151,1,220,True,DECLARED_OPOINT_NOT_RUNTIME_REACHABILITY
native,9,c/ita/ita.dat,155,1,9,True,DECLARED_OPOINT_NOT_RUNTIME_REACHABILITY
native,9,c/ita/ita.dat,161,0,714,True,DECLARED_OPOINT_NOT_RUNTIME_REACHABILITY
native,9,c/ita/ita.dat,162,0,762,True,DECLARED_OPOINT_NOT_RUNTIME_REACHABILITY
native,9,c/ita/ita.dat,163,0,220,True,DECLARED_OPOINT_NOT_RUNTIME_REACHABILITY
native,9,c/ita/ita.dat,165,0,220,True,DECLARED_OPOINT_NOT_RUNTIME_REACHABILITY
native,9,c/ita/ita.dat,223,0,603,True,DECLARED_OPOINT_NOT_RUNTIME_REACHABILITY
native,9,c/ita/ita.dat,228,0,603,True,DECLARED_OPOINT_NOT_RUNTIME_REACHABILITY
native,9,c/ita/ita.dat,239,0,603,True,DECLARED_OPOINT_NOT_RUNTIME_REACHABILITY
native,9,c/ita/ita.dat,249,0,220,True,DECLARED_OPOINT_NOT_RUNTIME_REACHABILITY
native,9,c/ita/ita.dat,256,0,220,True,DECLARED_OPOINT_NOT_RUNTIME_REACHABILITY
native,9,c/ita/ita.dat,282,0,211,True,DECLARED_OPOINT_NOT_RUNTIME_REACHABILITY
native,9,c/ita/ita.dat,283,0,211,True,DECLARED_OPOINT_NOT_RUNTIME_REACHABILITY
native,9,c/ita/ita.dat,284,0,211,True,DECLARED_OPOINT_NOT_RUNTIME_REACHABILITY
native,9,c/ita/ita.dat,285,0,211,True,DECLARED_OPOINT_NOT_RUNTIME_REACHABILITY
native,9,c/ita/ita.dat,287,0,603,True,DECLARED_OPOINT_NOT_RUNTIME_REACHABILITY
native,9,c/ita/ita.dat,291,0,210,True,DECLARED_OPOINT_NOT_RUNTIME_REACHABILITY
native,9,c/ita/ita.dat,292,0,210,True,DECLARED_OPOINT_NOT_RUNTIME_REACHABILITY
native,9,c/ita/ita.dat,298,1,220,True,DECLARED_OPOINT_NOT_RUNTIME_REACHABILITY
native,9,c/ita/ita.dat,299,0,605,True,DECLARED_OPOINT_NOT_RUNTIME_REACHABILITY
native,9,c/ita/ita.dat,300,0,605,True,DECLARED_OPOINT_NOT_RUNTIME_REACHABILITY
native,9,c/ita/ita.dat,301,0,605,True,DECLARED_OPOINT_NOT_RUNTIME_REACHABILITY
native,9,c/ita/ita.dat,306,0,123,True,DECLARED_OPOINT_NOT_RUNTIME_REACHABILITY
native,9,c/ita/ita.dat,307,0,204,True,DECLARED_OPOINT_NOT_RUNTIME_REACHABILITY
native,9,c/ita/ita.dat,312,0,603,True,DECLARED_OPOINT_NOT_RUNTIME_REACHABILITY
native,9,c/ita/ita.dat,314,0,808,True,DECLARED_OPOINT_NOT_RUNTIME_REACHABILITY
native,9,c/ita/ita.dat,325,0,606,True,DECLARED_OPOINT_NOT_RUNTIME_REACHABILITY
native,9,c/ita/ita.dat,326,0,606,True,DECLARED_OPOINT_NOT_RUNTIME_REACHABILITY
native,9,c/ita/ita.dat,327,0,606,True,DECLARED_OPOINT_NOT_RUNTIME_REACHABILITY
native,9,c/ita/ita.dat,328,0,606,True,DECLARED_OPOINT_NOT_RUNTIME_REACHABILITY
native,9,c/ita/ita.dat,332,0,220,True,DECLARED_OPOINT_NOT_RUNTIME_REACHABILITY
native,9,c/ita/ita.dat,333,0,220,True,DECLARED_OPOINT_NOT_RUNTIME_REACHABILITY
native,9,c/ita/ita.dat,334,0,220,True,DECLARED_OPOINT_NOT_RUNTIME_REACHABILITY
native,9,c/ita/ita.dat,335,0,220,True,DECLARED_OPOINT_NOT_RUNTIME_REACHABILITY
native,9,c/ita/ita.dat,336,0,220,True,DECLARED_OPOINT_NOT_RUNTIME_REACHABILITY
native,9,c/ita/ita.dat,337,0,220,True,DECLARED_OPOINT_NOT_RUNTIME_REACHABILITY
native,9,c/ita/ita.dat,342,0,816,True,DECLARED_OPOINT_NOT_RUNTIME_REACHABILITY
native,9,c/ita/ita.dat,343,0,816,True,DECLARED_OPOINT_NOT_RUNTIME_REACHABILITY
native,9,c/ita/ita.dat,344,0,816,True,DECLARED_OPOINT_NOT_RUNTIME_REACHABILITY
native,9,c/ita/ita.dat,349,0,816,True,DECLARED_OPOINT_NOT_RUNTIME_REACHABILITY
native,9,c/ita/ita.dat,351,0,120,True,DECLARED_OPOINT_NOT_RUNTIME_REACHABILITY
native,9,c/ita/ita.dat,352,0,603,True,DECLARED_OPOINT_NOT_RUNTIME_REACHABILITY
native,9,c/ita/ita.dat,360,0,120,True,DECLARED_OPOINT_NOT_RUNTIME_REACHABILITY
native,9,c/ita/ita.dat,368,0,120,True,DECLARED_OPOINT_NOT_RUNTIME_REACHABILITY
native,9,c/ita/ita.dat,370,0,603,True,DECLARED_OPOINT_NOT_RUNTIME_REACHABILITY
native,9,c/ita/ita.dat,371,0,603,True,DECLARED_OPOINT_NOT_RUNTIME_REACHABILITY
native,9,c/ita/ita.dat,375,0,603,True,DECLARED_OPOINT_NOT_RUNTIME_REACHABILITY
native,9,c/ita/ita.dat,379,0,220,True,DECLARED_OPOINT_NOT_RUNTIME_REACHABILITY
native,9,c/ita/ita.dat,381,0,220,True,DECLARED_OPOINT_NOT_RUNTIME_REACHABILITY
native,9,c/ita/ita.dat,384,0,220,True,DECLARED_OPOINT_NOT_RUNTIME_REACHABILITY
native,9,c/ita/ita.dat,389,0,603,True,DECLARED_OPOINT_NOT_RUNTIME_REACHABILITY
native,9,c/ita/ita.dat,391,0,121,True,DECLARED_OPOINT_NOT_RUNTIME_REACHABILITY
native,9,c/ita/ita.dat,396,0,603,True,DECLARED_OPOINT_NOT_RUNTIME_REACHABILITY
native,9,c/ita/ita.dat,401,0,714,True,DECLARED_OPOINT_NOT_RUNTIME_REACHABILITY
native,9,c/ita/ita.dat,402,0,220,True,DECLARED_OPOINT_NOT_RUNTIME_REACHABILITY
native,9,c/ita/ita.dat,403,0,220,True,DECLARED_OPOINT_NOT_RUNTIME_REACHABILITY
native,9,c/ita/ita.dat,551,0,220,True,DECLARED_OPOINT_NOT_RUNTIME_REACHABILITY
native,9,c/ita/ita.dat,591,0,210,True,DECLARED_OPOINT_NOT_RUNTIME_REACHABILITY
native,9,c/ita/ita.dat,592,0,830,True,DECLARED_OPOINT_NOT_RUNTIME_REACHABILITY
native,9,c/ita/ita.dat,596,0,210,True,DECLARED_OPOINT_NOT_RUNTIME_REACHABILITY
native,9,c/ita/ita.dat,597,0,818,True,DECLARED_OPOINT_NOT_RUNTIME_REACHABILITY
native,9,c/ita/ita.dat,602,1,900,True,DECLARED_OPOINT_NOT_RUNTIME_REACHABILITY
native,9,c/ita/ita.dat,631,2,204,True,DECLARED_OPOINT_NOT_RUNTIME_REACHABILITY
native,9,c/ita/ita.dat,641,2,204,True,DECLARED_OPOINT_NOT_RUNTIME_REACHABILITY
native,9,c/ita/ita.dat,664,0,603,True,DECLARED_OPOINT_NOT_RUNTIME_REACHABILITY
native,220,c/ita/a/cro2.dat,1,0,9,True,DECLARED_OPOINT_NOT_RUNTIME_REACHABILITY
native,220,c/ita/a/cro2.dat,61,0,220,True,DECLARED_OPOINT_NOT_RUNTIME_REACHABILITY
native,220,c/ita/a/cro2.dat,144,0,220,True,DECLARED_OPOINT_NOT_RUNTIME_REACHABILITY
native,220,c/ita/a/cro2.dat,192,0,220,True,DECLARED_OPOINT_NOT_RUNTIME_REACHABILITY
native,220,c/ita/a/cro2.dat,193,0,220,True,DECLARED_OPOINT_NOT_RUNTIME_REACHABILITY
native,220,c/ita/a/cro2.dat,194,0,220,True,DECLARED_OPOINT_NOT_RUNTIME_REACHABILITY
native,220,c/ita/a/cro2.dat,195,0,220,True,DECLARED_OPOINT_NOT_RUNTIME_REACHABILITY
native,220,c/ita/a/cro2.dat,196,0,220,True,DECLARED_OPOINT_NOT_RUNTIME_REACHABILITY
native,220,c/ita/a/cro2.dat,197,0,220,True,DECLARED_OPOINT_NOT_RUNTIME_REACHABILITY
native,220,c/ita/a/cro2.dat,264,0,220,True,DECLARED_OPOINT_NOT_RUNTIME_REACHABILITY
native,220,c/ita/a/cro2.dat,266,0,220,True,DECLARED_OPOINT_NOT_RUNTIME_REACHABILITY
native,220,c/ita/a/cro2.dat,267,0,220,True,DECLARED_OPOINT_NOT_RUNTIME_REACHABILITY
native,220,c/ita/a/cro2.dat,268,0,220,True,DECLARED_OPOINT_NOT_RUNTIME_REACHABILITY
native,220,c/ita/a/cro2.dat,269,0,220,True,DECLARED_OPOINT_NOT_RUNTIME_REACHABILITY
native,220,c/ita/a/cro2.dat,270,0,220,True,DECLARED_OPOINT_NOT_RUNTIME_REACHABILITY
native,220,c/ita/a/cro2.dat,271,0,220,True,DECLARED_OPOINT_NOT_RUNTIME_REACHABILITY
native,220,c/ita/a/cro2.dat,272,0,220,True,DECLARED_OPOINT_NOT_RUNTIME_REACHABILITY
native,220,c/ita/a/cro2.dat,290,0,220,True,DECLARED_OPOINT_NOT_RUNTIME_REACHABILITY
native,220,c/ita/a/cro2.dat,316,0,714,True,DECLARED_OPOINT_NOT_RUNTIME_REACHABILITY
native,220,c/ita/a/cro2.dat,317,0,220,True,DECLARED_OPOINT_NOT_RUNTIME_REACHABILITY
native,220,c/ita/a/cro2.dat,318,0,9,True,DECLARED_OPOINT_NOT_RUNTIME_REACHABILITY
native,220,c/ita/a/cro2.dat,321,0,220,True,DECLARED_OPOINT_NOT_RUNTIME_REACHABILITY
native,220,c/ita/a/cro2.dat,335,0,503,True,DECLARED_OPOINT_NOT_RUNTIME_REACHABILITY
native,220,c/ita/a/cro2.dat,336,0,503,True,DECLARED_OPOINT_NOT_RUNTIME_REACHABILITY
native,220,c/ita/a/cro2.dat,337,0,503,True,DECLARED_OPOINT_NOT_RUNTIME_REACHABILITY
native,220,c/ita/a/cro2.dat,338,0,503,True,DECLARED_OPOINT_NOT_RUNTIME_REACHABILITY
native,220,c/ita/a/cro2.dat,339,0,503,True,DECLARED_OPOINT_NOT_RUNTIME_REACHABILITY
native,220,c/ita/a/cro2.dat,340,0,503,True,DECLARED_OPOINT_NOT_RUNTIME_REACHABILITY
native,220,c/ita/a/cro2.dat,341,0,503,True,DECLARED_OPOINT_NOT_RUNTIME_REACHABILITY
native,220,c/ita/a/cro2.dat,342,0,503,True,DECLARED_OPOINT_NOT_RUNTIME_REACHABILITY
native,220,c/ita/a/cro2.dat,454,0,220,True,DECLARED_OPOINT_NOT_RUNTIME_REACHABILITY
native,220,c/ita/a/cro2.dat,456,0,220,True,DECLARED_OPOINT_NOT_RUNTIME_REACHABILITY
native,220,c/ita/a/cro2.dat,458,0,220,True,DECLARED_OPOINT_NOT_RUNTIME_REACHABILITY
native,603,c/ita/a/cro.dat,112,0,714,True,DECLARED_OPOINT_NOT_RUNTIME_REACHABILITY
native,68,c/kon/kon.dat,61,0,526,True,DECLARED_OPOINT_NOT_RUNTIME_REACHABILITY
native,68,c/kon/kon.dat,66,0,526,True,DECLARED_OPOINT_NOT_RUNTIME_REACHABILITY
native,68,c/kon/kon.dat,71,0,526,True,DECLARED_OPOINT_NOT_RUNTIME_REACHABILITY
native,68,c/kon/kon.dat,86,0,526,True,DECLARED_OPOINT_NOT_RUNTIME_REACHABILITY
native,68,c/kon/kon.dat,91,0,526,True,DECLARED_OPOINT_NOT_RUNTIME_REACHABILITY
native,68,c/kon/kon.dat,151,0,526,True,DECLARED_OPOINT_NOT_RUNTIME_REACHABILITY
native,68,c/kon/kon.dat,152,0,526,True,DECLARED_OPOINT_NOT_RUNTIME_REACHABILITY
native,68,c/kon/kon.dat,161,0,526,True,DECLARED_OPOINT_NOT_RUNTIME_REACHABILITY
native,68,c/kon/kon.dat,162,0,526,True,DECLARED_OPOINT_NOT_RUNTIME_REACHABILITY
native,68,c/kon/kon.dat,221,0,526,True,DECLARED_OPOINT_NOT_RUNTIME_REACHABILITY
native,68,c/kon/kon.dat,223,0,526,True,DECLARED_OPOINT_NOT_RUNTIME_REACHABILITY
native,68,c/kon/kon.dat,236,0,526,True,DECLARED_OPOINT_NOT_RUNTIME_REACHABILITY
native,68,c/kon/kon.dat,239,0,526,True,DECLARED_OPOINT_NOT_RUNTIME_REACHABILITY
native,68,c/kon/kon.dat,239,1,526,True,DECLARED_OPOINT_NOT_RUNTIME_REACHABILITY
native,68,c/kon/kon.dat,243,0,526,True,DECLARED_OPOINT_NOT_RUNTIME_REACHABILITY
native,68,c/kon/kon.dat,261,0,526,True,DECLARED_OPOINT_NOT_RUNTIME_REACHABILITY
native,68,c/kon/kon.dat,264,0,526,True,DECLARED_OPOINT_NOT_RUNTIME_REACHABILITY
native,68,c/kon/kon.dat,270,0,526,True,DECLARED_OPOINT_NOT_RUNTIME_REACHABILITY
native,68,c/kon/kon.dat,273,0,526,True,DECLARED_OPOINT_NOT_RUNTIME_REACHABILITY
native,68,c/kon/kon.dat,276,0,526,True,DECLARED_OPOINT_NOT_RUNTIME_REACHABILITY
native,68,c/kon/kon.dat,281,1,526,True,DECLARED_OPOINT_NOT_RUNTIME_REACHABILITY
native,68,c/kon/kon.dat,286,1,526,True,DECLARED_OPOINT_NOT_RUNTIME_REACHABILITY
native,68,c/kon/kon.dat,295,1,526,True,DECLARED_OPOINT_NOT_RUNTIME_REACHABILITY
native,68,c/kon/kon.dat,306,0,123,True,DECLARED_OPOINT_NOT_RUNTIME_REACHABILITY
native,68,c/kon/kon.dat,307,0,204,True,DECLARED_OPOINT_NOT_RUNTIME_REACHABILITY
native,68,c/kon/kon.dat,333,0,526,True,DECLARED_OPOINT_NOT_RUNTIME_REACHABILITY
native,68,c/kon/kon.dat,390,0,526,True,DECLARED_OPOINT_NOT_RUNTIME_REACHABILITY
native,68,c/kon/kon.dat,631,1,204,True,DECLARED_OPOINT_NOT_RUNTIME_REACHABILITY
native,68,c/kon/kon.dat,641,1,204,True,DECLARED_OPOINT_NOT_RUNTIME_REACHABILITY
native,68,c/kon/kon.dat,666,0,526,True,DECLARED_OPOINT_NOT_RUNTIME_REACHABILITY
native,54,c/kon/ang.dat,167,0,526,True,DECLARED_OPOINT_NOT_RUNTIME_REACHABILITY
native,54,c/kon/ang.dat,169,0,526,True,DECLARED_OPOINT_NOT_RUNTIME_REACHABILITY
native,54,c/kon/ang.dat,170,0,526,True,DECLARED_OPOINT_NOT_RUNTIME_REACHABILITY
native,54,c/kon/ang.dat,221,0,526,True,DECLARED_OPOINT_NOT_RUNTIME_REACHABILITY
native,54,c/kon/ang.dat,223,0,526,True,DECLARED_OPOINT_NOT_RUNTIME_REACHABILITY
native,54,c/kon/ang.dat,236,0,526,True,DECLARED_OPOINT_NOT_RUNTIME_REACHABILITY
native,54,c/kon/ang.dat,238,0,526,True,DECLARED_OPOINT_NOT_RUNTIME_REACHABILITY
native,54,c/kon/ang.dat,241,1,526,True,DECLARED_OPOINT_NOT_RUNTIME_REACHABILITY
native,54,c/kon/ang.dat,261,0,526,True,DECLARED_OPOINT_NOT_RUNTIME_REACHABILITY
native,54,c/kon/ang.dat,263,0,526,True,DECLARED_OPOINT_NOT_RUNTIME_REACHABILITY
native,54,c/kon/ang.dat,265,0,526,True,DECLARED_OPOINT_NOT_RUNTIME_REACHABILITY
native,54,c/kon/ang.dat,269,0,526,True,DECLARED_OPOINT_NOT_RUNTIME_REACHABILITY
native,54,c/kon/ang.dat,279,0,526,True,DECLARED_OPOINT_NOT_RUNTIME_REACHABILITY
native,54,c/kon/ang.dat,281,1,526,True,DECLARED_OPOINT_NOT_RUNTIME_REACHABILITY
native,54,c/kon/ang.dat,282,1,526,True,DECLARED_OPOINT_NOT_RUNTIME_REACHABILITY
native,54,c/kon/ang.dat,283,1,526,True,DECLARED_OPOINT_NOT_RUNTIME_REACHABILITY
native,54,c/kon/ang.dat,284,1,526,True,DECLARED_OPOINT_NOT_RUNTIME_REACHABILITY
native,54,c/kon/ang.dat,285,1,526,True,DECLARED_OPOINT_NOT_RUNTIME_REACHABILITY
native,54,c/kon/ang.dat,286,1,526,True,DECLARED_OPOINT_NOT_RUNTIME_REACHABILITY
native,54,c/kon/ang.dat,287,1,526,True,DECLARED_OPOINT_NOT_RUNTIME_REACHABILITY
native,54,c/kon/ang.dat,306,0,123,True,DECLARED_OPOINT_NOT_RUNTIME_REACHABILITY
native,54,c/kon/ang.dat,307,0,204,True,DECLARED_OPOINT_NOT_RUNTIME_REACHABILITY
native,54,c/kon/ang.dat,308,0,526,True,DECLARED_OPOINT_NOT_RUNTIME_REACHABILITY
native,54,c/kon/ang.dat,389,0,526,True,DECLARED_OPOINT_NOT_RUNTIME_REACHABILITY
native,54,c/kon/ang.dat,631,1,204,True,DECLARED_OPOINT_NOT_RUNTIME_REACHABILITY
native,526,c/kon/a/pap.dat,59,0,526,True,DECLARED_OPOINT_NOT_RUNTIME_REACHABILITY
native,526,c/kon/a/pap.dat,310,0,211,True,DECLARED_OPOINT_NOT_RUNTIME_REACHABILITY
native,526,c/kon/a/pap.dat,352,0,526,True,DECLARED_OPOINT_NOT_RUNTIME_REACHABILITY
native,526,c/kon/a/pap.dat,408,0,526,True,DECLARED_OPOINT_NOT_RUNTIME_REACHABILITY
native,26,c/pai/pai.dat,21,1,838,True,DECLARED_OPOINT_NOT_RUNTIME_REACHABILITY
native,26,c/pai/pai.dat,22,1,838,True,DECLARED_OPOINT_NOT_RUNTIME_REACHABILITY
native,26,c/pai/pai.dat,23,1,838,True,DECLARED_OPOINT_NOT_RUNTIME_REACHABILITY
native,26,c/pai/pai.dat,24,1,838,True,DECLARED_OPOINT_NOT_RUNTIME_REACHABILITY
native,26,c/pai/pai.dat,28,1,401,True,DECLARED_OPOINT_NOT_RUNTIME_REACHABILITY
native,26,c/pai/pai.dat,57,1,401,True,DECLARED_OPOINT_NOT_RUNTIME_REACHABILITY
native,26,c/pai/pai.dat,62,0,838,True,DECLARED_OPOINT_NOT_RUNTIME_REACHABILITY
native,26,c/pai/pai.dat,67,1,838,True,DECLARED_OPOINT_NOT_RUNTIME_REACHABILITY
native,26,c/pai/pai.dat,72,1,838,True,DECLARED_OPOINT_NOT_RUNTIME_REACHABILITY
native,26,c/pai/pai.dat,73,1,838,True,DECLARED_OPOINT_NOT_RUNTIME_REACHABILITY
native,26,c/pai/pai.dat,236,0,204,True,DECLARED_OPOINT_NOT_RUNTIME_REACHABILITY
native,26,c/pai/pai.dat,238,0,204,True,DECLARED_OPOINT_NOT_RUNTIME_REACHABILITY
native,26,c/pai/pai.dat,244,1,838,True,DECLARED_OPOINT_NOT_RUNTIME_REACHABILITY
native,26,c/pai/pai.dat,256,1,26,True,DECLARED_OPOINT_NOT_RUNTIME_REACHABILITY
native,26,c/pai/pai.dat,257,1,204,True,DECLARED_OPOINT_NOT_RUNTIME_REACHABILITY
native,26,c/pai/pai.dat,266,1,401,True,DECLARED_OPOINT_NOT_RUNTIME_REACHABILITY
native,26,c/pai/pai.dat,271,0,123,True,DECLARED_OPOINT_NOT_RUNTIME_REACHABILITY
native,26,c/pai/pai.dat,272,0,204,True,DECLARED_OPOINT_NOT_RUNTIME_REACHABILITY
native,26,c/pai/pai.dat,282,1,26,True,DECLARED_OPOINT_NOT_RUNTIME_REACHABILITY
native,26,c/pai/pai.dat,283,1,204,True,DECLARED_OPOINT_NOT_RUNTIME_REACHABILITY
native,26,c/pai/pai.dat,287,1,403,True,DECLARED_OPOINT_NOT_RUNTIME_REACHABILITY
native,26,c/pai/pai.dat,288,1,403,True,DECLARED_OPOINT_NOT_RUNTIME_REACHABILITY
native,26,c/pai/pai.dat,291,1,404,True,DECLARED_OPOINT_NOT_RUNTIME_REACHABILITY
native,26,c/pai/pai.dat,292,1,404,True,DECLARED_OPOINT_NOT_RUNTIME_REACHABILITY
native,26,c/pai/pai.dat,298,1,401,True,DECLARED_OPOINT_NOT_RUNTIME_REACHABILITY
native,26,c/pai/pai.dat,299,1,401,True,DECLARED_OPOINT_NOT_RUNTIME_REACHABILITY
native,26,c/pai/pai.dat,302,1,26,True,DECLARED_OPOINT_NOT_RUNTIME_REACHABILITY
native,26,c/pai/pai.dat,303,1,204,True,DECLARED_OPOINT_NOT_RUNTIME_REACHABILITY
native,26,c/pai/pai.dat,307,1,401,True,DECLARED_OPOINT_NOT_RUNTIME_REACHABILITY
native,26,c/pai/pai.dat,309,1,405,True,DECLARED_OPOINT_NOT_RUNTIME_REACHABILITY
native,26,c/pai/pai.dat,318,1,401,True,DECLARED_OPOINT_NOT_RUNTIME_REACHABILITY
native,26,c/pai/pai.dat,319,1,401,True,DECLARED_OPOINT_NOT_RUNTIME_REACHABILITY
native,26,c/pai/pai.dat,324,1,401,True,DECLARED_OPOINT_NOT_RUNTIME_REACHABILITY
native,26,c/pai/pai.dat,326,0,401,True,DECLARED_OPOINT_NOT_RUNTIME_REACHABILITY
native,26,c/pai/pai.dat,332,1,838,True,DECLARED_OPOINT_NOT_RUNTIME_REACHABILITY
native,26,c/pai/pai.dat,338,1,838,True,DECLARED_OPOINT_NOT_RUNTIME_REACHABILITY
native,26,c/pai/pai.dat,339,1,838,True,DECLARED_OPOINT_NOT_RUNTIME_REACHABILITY
native,26,c/pai/pai.dat,341,1,401,True,DECLARED_OPOINT_NOT_RUNTIME_REACHABILITY
native,26,c/pai/pai.dat,343,1,838,True,DECLARED_OPOINT_NOT_RUNTIME_REACHABILITY
native,26,c/pai/pai.dat,345,1,838,True,DECLARED_OPOINT_NOT_RUNTIME_REACHABILITY
native,26,c/pai/pai.dat,346,1,838,True,DECLARED_OPOINT_NOT_RUNTIME_REACHABILITY
native,26,c/pai/pai.dat,348,1,838,True,DECLARED_OPOINT_NOT_RUNTIME_REACHABILITY
native,26,c/pai/pai.dat,352,1,405,True,DECLARED_OPOINT_NOT_RUNTIME_REACHABILITY
native,26,c/pai/pai.dat,353,1,405,True,DECLARED_OPOINT_NOT_RUNTIME_REACHABILITY
native,26,c/pai/pai.dat,357,0,838,True,DECLARED_OPOINT_NOT_RUNTIME_REACHABILITY
native,26,c/pai/pai.dat,362,1,838,True,DECLARED_OPOINT_NOT_RUNTIME_REACHABILITY
native,26,c/pai/pai.dat,381,0,838,True,DECLARED_OPOINT_NOT_RUNTIME_REACHABILITY
native,26,c/pai/pai.dat,383,0,838,True,DECLARED_OPOINT_NOT_RUNTIME_REACHABILITY
native,26,c/pai/pai.dat,385,0,838,True,DECLARED_OPOINT_NOT_RUNTIME_REACHABILITY
native,26,c/pai/pai.dat,456,1,26,True,DECLARED_OPOINT_NOT_RUNTIME_REACHABILITY
native,26,c/pai/pai.dat,457,1,204,True,DECLARED_OPOINT_NOT_RUNTIME_REACHABILITY
native,26,c/pai/pai.dat,502,1,26,True,DECLARED_OPOINT_NOT_RUNTIME_REACHABILITY
native,26,c/pai/pai.dat,503,1,204,True,DECLARED_OPOINT_NOT_RUNTIME_REACHABILITY
native,26,c/pai/pai.dat,526,0,401,True,DECLARED_OPOINT_NOT_RUNTIME_REACHABILITY
native,26,c/pai/pai.dat,631,1,204,True,DECLARED_OPOINT_NOT_RUNTIME_REACHABILITY
native,26,c/pai/pai.dat,641,1,204,True,DECLARED_OPOINT_NOT_RUNTIME_REACHABILITY
native,509,c/pai/paid.dat,46,0,401,True,DECLARED_OPOINT_NOT_RUNTIME_REACHABILITY
native,509,c/pai/paid.dat,61,0,401,True,DECLARED_OPOINT_NOT_RUNTIME_REACHABILITY
native,509,c/pai/paid.dat,67,0,401,True,DECLARED_OPOINT_NOT_RUNTIME_REACHABILITY
native,509,c/pai/paid.dat,71,0,401,True,DECLARED_OPOINT_NOT_RUNTIME_REACHABILITY
native,509,c/pai/paid.dat,86,0,401,True,DECLARED_OPOINT_NOT_RUNTIME_REACHABILITY
native,509,c/pai/paid.dat,211,0,401,True,DECLARED_OPOINT_NOT_RUNTIME_REACHABILITY
native,509,c/pai/paid.dat,221,0,401,True,DECLARED_OPOINT_NOT_RUNTIME_REACHABILITY
native,509,c/pai/paid.dat,223,0,401,True,DECLARED_OPOINT_NOT_RUNTIME_REACHABILITY
native,509,c/pai/paid.dat,236,0,204,True,DECLARED_OPOINT_NOT_RUNTIME_REACHABILITY
native,509,c/pai/paid.dat,238,0,204,True,DECLARED_OPOINT_NOT_RUNTIME_REACHABILITY
native,509,c/pai/paid.dat,246,0,123,True,DECLARED_OPOINT_NOT_RUNTIME_REACHABILITY
native,509,c/pai/paid.dat,247,0,204,True,DECLARED_OPOINT_NOT_RUNTIME_REACHABILITY
native,509,c/pai/paid.dat,254,0,401,True,DECLARED_OPOINT_NOT_RUNTIME_REACHABILITY
native,509,c/pai/paid.dat,255,0,838,True,DECLARED_OPOINT_NOT_RUNTIME_REACHABILITY
native,509,c/pai/paid.dat,256,0,838,True,DECLARED_OPOINT_NOT_RUNTIME_REACHABILITY
native,509,c/pai/paid.dat,261,0,401,True,DECLARED_OPOINT_NOT_RUNTIME_REACHABILITY
native,509,c/pai/paid.dat,263,0,838,True,DECLARED_OPOINT_NOT_RUNTIME_REACHABILITY
native,509,c/pai/paid.dat,263,1,838,True,DECLARED_OPOINT_NOT_RUNTIME_REACHABILITY
native,509,c/pai/paid.dat,264,0,838,True,DECLARED_OPOINT_NOT_RUNTIME_REACHABILITY
native,509,c/pai/paid.dat,268,0,401,True,DECLARED_OPOINT_NOT_RUNTIME_REACHABILITY
native,509,c/pai/paid.dat,271,0,401,True,DECLARED_OPOINT_NOT_RUNTIME_REACHABILITY
native,509,c/pai/paid.dat,272,0,838,True,DECLARED_OPOINT_NOT_RUNTIME_REACHABILITY
native,509,c/pai/paid.dat,274,0,838,True,DECLARED_OPOINT_NOT_RUNTIME_REACHABILITY
native,509,c/pai/paid.dat,277,0,838,True,DECLARED_OPOINT_NOT_RUNTIME_REACHABILITY
native,509,c/pai/paid.dat,278,0,838,True,DECLARED_OPOINT_NOT_RUNTIME_REACHABILITY
native,509,c/pai/paid.dat,279,0,838,True,DECLARED_OPOINT_NOT_RUNTIME_REACHABILITY
native,509,c/pai/paid.dat,281,0,838,True,DECLARED_OPOINT_NOT_RUNTIME_REACHABILITY
native,509,c/pai/paid.dat,282,0,838,True,DECLARED_OPOINT_NOT_RUNTIME_REACHABILITY
native,509,c/pai/paid.dat,285,0,838,True,DECLARED_OPOINT_NOT_RUNTIME_REACHABILITY
native,509,c/pai/paid.dat,286,0,838,True,DECLARED_OPOINT_NOT_RUNTIME_REACHABILITY
native,509,c/pai/paid.dat,288,0,838,True,DECLARED_OPOINT_NOT_RUNTIME_REACHABILITY
native,509,c/pai/paid.dat,291,0,401,True,DECLARED_OPOINT_NOT_RUNTIME_REACHABILITY
native,509,c/pai/paid.dat,291,1,838,True,DECLARED_OPOINT_NOT_RUNTIME_REACHABILITY
native,509,c/pai/paid.dat,292,0,838,True,DECLARED_OPOINT_NOT_RUNTIME_REACHABILITY
native,509,c/pai/paid.dat,293,0,401,True,DECLARED_OPOINT_NOT_RUNTIME_REACHABILITY
native,509,c/pai/paid.dat,296,0,838,True,DECLARED_OPOINT_NOT_RUNTIME_REACHABILITY
native,509,c/pai/paid.dat,297,0,838,True,DECLARED_OPOINT_NOT_RUNTIME_REACHABILITY
native,509,c/pai/paid.dat,299,0,401,True,DECLARED_OPOINT_NOT_RUNTIME_REACHABILITY
native,509,c/pai/paid.dat,301,0,838,True,DECLARED_OPOINT_NOT_RUNTIME_REACHABILITY
native,509,c/pai/paid.dat,304,0,838,True,DECLARED_OPOINT_NOT_RUNTIME_REACHABILITY
native,509,c/pai/paid.dat,306,0,401,True,DECLARED_OPOINT_NOT_RUNTIME_REACHABILITY
native,509,c/pai/paid.dat,309,0,401,True,DECLARED_OPOINT_NOT_RUNTIME_REACHABILITY
native,509,c/pai/paid.dat,311,0,838,True,DECLARED_OPOINT_NOT_RUNTIME_REACHABILITY
native,509,c/pai/paid.dat,312,0,838,True,DECLARED_OPOINT_NOT_RUNTIME_REACHABILITY
native,509,c/pai/paid.dat,313,0,838,True,DECLARED_OPOINT_NOT_RUNTIME_REACHABILITY
native,509,c/pai/paid.dat,321,0,401,True,DECLARED_OPOINT_NOT_RUNTIME_REACHABILITY
native,509,c/pai/paid.dat,326,0,401,True,DECLARED_OPOINT_NOT_RUNTIME_REACHABILITY
native,509,c/pai/paid.dat,330,0,401,True,DECLARED_OPOINT_NOT_RUNTIME_REACHABILITY
native,509,c/pai/paid.dat,333,0,204,True,DECLARED_OPOINT_NOT_RUNTIME_REACHABILITY
native,509,c/pai/paid.dat,340,0,204,True,DECLARED_OPOINT_NOT_RUNTIME_REACHABILITY
native,509,c/pai/paid.dat,345,0,401,True,DECLARED_OPOINT_NOT_RUNTIME_REACHABILITY
native,509,c/pai/paid.dat,351,0,401,True,DECLARED_OPOINT_NOT_RUNTIME_REACHABILITY
native,509,c/pai/paid.dat,352,0,838,True,DECLARED_OPOINT_NOT_RUNTIME_REACHABILITY
native,509,c/pai/paid.dat,356,0,401,True,DECLARED_OPOINT_NOT_RUNTIME_REACHABILITY
native,509,c/pai/paid.dat,357,0,838,True,DECLARED_OPOINT_NOT_RUNTIME_REACHABILITY
native,509,c/pai/paid.dat,359,0,401,True,DECLARED_OPOINT_NOT_RUNTIME_REACHABILITY
native,509,c/pai/paid.dat,363,1,401,True,DECLARED_OPOINT_NOT_RUNTIME_REACHABILITY
native,509,c/pai/paid.dat,366,1,838,True,DECLARED_OPOINT_NOT_RUNTIME_REACHABILITY
native,509,c/pai/paid.dat,376,1,401,True,DECLARED_OPOINT_NOT_RUNTIME_REACHABILITY
native,509,c/pai/paid.dat,377,0,401,True,DECLARED_OPOINT_NOT_RUNTIME_REACHABILITY
native,509,c/pai/paid.dat,380,0,401,True,DECLARED_OPOINT_NOT_RUNTIME_REACHABILITY
native,509,c/pai/paid.dat,602,1,900,True,DECLARED_OPOINT_NOT_RUNTIME_REACHABILITY
native,509,c/pai/paid.dat,631,1,204,True,DECLARED_OPOINT_NOT_RUNTIME_REACHABILITY
native,509,c/pai/paid.dat,641,1,204,True,DECLARED_OPOINT_NOT_RUNTIME_REACHABILITY
native,509,c/pai/paid.dat,665,0,401,True,DECLARED_OPOINT_NOT_RUNTIME_REACHABILITY
native,401,c/pai/a/sum.dat,21,0,706,True,DECLARED_OPOINT_NOT_RUNTIME_REACHABILITY
native,401,c/pai/a/sum.dat,51,0,706,True,DECLARED_OPOINT_NOT_RUNTIME_REACHABILITY
native,401,c/pai/a/sum.dat,57,0,706,True,DECLARED_OPOINT_NOT_RUNTIME_REACHABILITY
native,401,c/pai/a/sum.dat,58,0,401,True,DECLARED_OPOINT_NOT_RUNTIME_REACHABILITY
native,401,c/pai/a/sum.dat,59,0,401,True,DECLARED_OPOINT_NOT_RUNTIME_REACHABILITY
native,401,c/pai/a/sum.dat,131,0,706,True,DECLARED_OPOINT_NOT_RUNTIME_REACHABILITY
native,401,c/pai/a/sum.dat,152,0,401,True,DECLARED_OPOINT_NOT_RUNTIME_REACHABILITY
native,401,c/pai/a/sum.dat,159,0,401,True,DECLARED_OPOINT_NOT_RUNTIME_REACHABILITY
native,401,c/pai/a/sum.dat,179,0,706,True,DECLARED_OPOINT_NOT_RUNTIME_REACHABILITY
native,401,c/pai/a/sum.dat,231,0,204,True,DECLARED_OPOINT_NOT_RUNTIME_REACHABILITY
native,401,c/pai/a/sum.dat,233,0,204,True,DECLARED_OPOINT_NOT_RUNTIME_REACHABILITY
native,401,c/pai/a/sum.dat,241,0,204,True,DECLARED_OPOINT_NOT_RUNTIME_REACHABILITY
native,401,c/pai/a/sum.dat,243,0,204,True,DECLARED_OPOINT_NOT_RUNTIME_REACHABILITY
native,401,c/pai/a/sum.dat,244,0,204,True,DECLARED_OPOINT_NOT_RUNTIME_REACHABILITY
native,401,c/pai/a/sum.dat,283,0,204,True,DECLARED_OPOINT_NOT_RUNTIME_REACHABILITY
native,401,c/pai/a/sum.dat,284,0,401,True,DECLARED_OPOINT_NOT_RUNTIME_REACHABILITY
native,401,c/pai/a/sum.dat,285,0,838,True,DECLARED_OPOINT_NOT_RUNTIME_REACHABILITY
native,401,c/pai/a/sum.dat,322,0,838,True,DECLARED_OPOINT_NOT_RUNTIME_REACHABILITY
native,401,c/pai/a/sum.dat,323,0,838,True,DECLARED_OPOINT_NOT_RUNTIME_REACHABILITY
native,401,c/pai/a/sum.dat,383,0,204,True,DECLARED_OPOINT_NOT_RUNTIME_REACHABILITY
native,401,c/pai/a/sum.dat,384,0,401,True,DECLARED_OPOINT_NOT_RUNTIME_REACHABILITY
native,401,c/pai/a/sum.dat,385,0,838,True,DECLARED_OPOINT_NOT_RUNTIME_REACHABILITY
native,401,c/pai/a/sum.dat,472,0,716,True,DECLARED_OPOINT_NOT_RUNTIME_REACHABILITY
native,401,c/pai/a/sum.dat,473,0,716,True,DECLARED_OPOINT_NOT_RUNTIME_REACHABILITY
native,401,c/pai/a/sum.dat,514,0,204,True,DECLARED_OPOINT_NOT_RUNTIME_REACHABILITY
native,401,c/pai/a/sum.dat,515,0,204,True,DECLARED_OPOINT_NOT_RUNTIME_REACHABILITY
native,401,c/pai/a/sum.dat,516,0,204,True,DECLARED_OPOINT_NOT_RUNTIME_REACHABILITY
native,401,c/pai/a/sum.dat,521,0,401,True,DECLARED_OPOINT_NOT_RUNTIME_REACHABILITY
native,401,c/pai/a/sum.dat,522,0,401,True,DECLARED_OPOINT_NOT_RUNTIME_REACHABILITY
native,401,c/pai/a/sum.dat,523,0,401,True,DECLARED_OPOINT_NOT_RUNTIME_REACHABILITY
native,401,c/pai/a/sum.dat,524,0,401,True,DECLARED_OPOINT_NOT_RUNTIME_REACHABILITY
native,401,c/pai/a/sum.dat,527,0,401,True,DECLARED_OPOINT_NOT_RUNTIME_REACHABILITY
native,401,c/pai/a/sum.dat,529,0,204,True,DECLARED_OPOINT_NOT_RUNTIME_REACHABILITY
native,401,c/pai/a/sum.dat,530,0,204,True,DECLARED_OPOINT_NOT_RUNTIME_REACHABILITY
native,401,c/pai/a/sum.dat,531,0,204,True,DECLARED_OPOINT_NOT_RUNTIME_REACHABILITY
native,401,c/pai/a/sum.dat,532,0,204,True,DECLARED_OPOINT_NOT_RUNTIME_REACHABILITY
native,401,c/pai/a/sum.dat,533,0,204,True,DECLARED_OPOINT_NOT_RUNTIME_REACHABILITY
native,403,c/pai/a/rhi.dat,21,0,716,True,DECLARED_OPOINT_NOT_RUNTIME_REACHABILITY
native,403,c/pai/a/rhi.dat,44,0,403,True,DECLARED_OPOINT_NOT_RUNTIME_REACHABILITY
native,403,c/pai/a/rhi.dat,51,0,716,True,DECLARED_OPOINT_NOT_RUNTIME_REACHABILITY
native,403,c/pai/a/rhi.dat,152,0,403,True,DECLARED_OPOINT_NOT_RUNTIME_REACHABILITY
native,403,c/pai/a/rhi.dat,154,0,403,True,DECLARED_OPOINT_NOT_RUNTIME_REACHABILITY
native,404,c/pai/a/ox.dat,21,0,716,True,DECLARED_OPOINT_NOT_RUNTIME_REACHABILITY
native,404,c/pai/a/ox.dat,44,0,404,True,DECLARED_OPOINT_NOT_RUNTIME_REACHABILITY
native,404,c/pai/a/ox.dat,51,0,716,True,DECLARED_OPOINT_NOT_RUNTIME_REACHABILITY
native,404,c/pai/a/ox.dat,152,0,404,True,DECLARED_OPOINT_NOT_RUNTIME_REACHABILITY
native,405,c/pai/a/cha.dat,21,0,716,True,DECLARED_OPOINT_NOT_RUNTIME_REACHABILITY
native,405,c/pai/a/cha.dat,79,0,716,True,DECLARED_OPOINT_NOT_RUNTIME_REACHABILITY
native,405,c/pai/a/cha.dat,284,0,703,True,DECLARED_OPOINT_NOT_RUNTIME_REACHABILITY
native,405,c/pai/a/cha.dat,285,0,703,True,DECLARED_OPOINT_NOT_RUNTIME_REACHABILITY
native,405,c/pai/a/cha.dat,290,0,401,True,DECLARED_OPOINT_NOT_RUNTIME_REACHABILITY
native,405,c/pai/a/cha.dat,291,0,401,True,DECLARED_OPOINT_NOT_RUNTIME_REACHABILITY
native,405,c/pai/a/cha.dat,298,0,703,True,DECLARED_OPOINT_NOT_RUNTIME_REACHABILITY
native,405,c/pai/a/cha.dat,384,0,703,True,DECLARED_OPOINT_NOT_RUNTIME_REACHABILITY
native,405,c/pai/a/cha.dat,385,0,703,True,DECLARED_OPOINT_NOT_RUNTIME_REACHABILITY
native,838,c/pai/a/squ.dat,29,0,208,True,DECLARED_OPOINT_NOT_RUNTIME_REACHABILITY
native,838,c/pai/a/squ.dat,62,0,204,True,DECLARED_OPOINT_NOT_RUNTIME_REACHABILITY
native,838,c/pai/a/squ.dat,171,0,838,True,DECLARED_OPOINT_NOT_RUNTIME_REACHABILITY
native,838,c/pai/a/squ.dat,193,0,208,True,DECLARED_OPOINT_NOT_RUNTIME_REACHABILITY
native,838,c/pai/a/squ.dat,213,0,208,True,DECLARED_OPOINT_NOT_RUNTIME_REACHABILITY
native,838,c/pai/a/squ.dat,220,0,838,True,DECLARED_OPOINT_NOT_RUNTIME_REACHABILITY
native,838,c/pai/a/squ.dat,223,0,838,True,DECLARED_OPOINT_NOT_RUNTIME_REACHABILITY
native,838,c/pai/a/squ.dat,224,0,838,True,DECLARED_OPOINT_NOT_RUNTIME_REACHABILITY
native,838,c/pai/a/squ.dat,231,0,838,True,DECLARED_OPOINT_NOT_RUNTIME_REACHABILITY
native,838,c/pai/a/squ.dat,232,0,838,True,DECLARED_OPOINT_NOT_RUNTIME_REACHABILITY
native,838,c/pai/a/squ.dat,237,0,838,True,DECLARED_OPOINT_NOT_RUNTIME_REACHABILITY
native,838,c/pai/a/squ.dat,238,0,838,True,DECLARED_OPOINT_NOT_RUNTIME_REACHABILITY
native,838,c/pai/a/squ.dat,245,0,204,True,DECLARED_OPOINT_NOT_RUNTIME_REACHABILITY
native,838,c/pai/a/squ.dat,247,0,204,True,DECLARED_OPOINT_NOT_RUNTIME_REACHABILITY
native,838,c/pai/a/squ.dat,249,0,204,True,DECLARED_OPOINT_NOT_RUNTIME_REACHABILITY
native,838,c/pai/a/squ.dat,251,0,204,True,DECLARED_OPOINT_NOT_RUNTIME_REACHABILITY
native,838,c/pai/a/squ.dat,253,0,204,True,DECLARED_OPOINT_NOT_RUNTIME_REACHABILITY
native,838,c/pai/a/squ.dat,255,0,204,True,DECLARED_OPOINT_NOT_RUNTIME_REACHABILITY
native,838,c/pai/a/squ.dat,257,0,204,True,DECLARED_OPOINT_NOT_RUNTIME_REACHABILITY
native,838,c/pai/a/squ.dat,259,0,204,True,DECLARED_OPOINT_NOT_RUNTIME_REACHABILITY
native,838,c/pai/a/squ.dat,266,0,204,True,DECLARED_OPOINT_NOT_RUNTIME_REACHABILITY
native,838,c/pai/a/squ.dat,268,0,401,True,DECLARED_OPOINT_NOT_RUNTIME_REACHABILITY
native,838,c/pai/a/squ.dat,269,0,401,True,DECLARED_OPOINT_NOT_RUNTIME_REACHABILITY
native,838,c/pai/a/squ.dat,276,0,204,True,DECLARED_OPOINT_NOT_RUNTIME_REACHABILITY
native,838,c/pai/a/squ.dat,280,0,838,True,DECLARED_OPOINT_NOT_RUNTIME_REACHABILITY
native,838,c/pai/a/squ.dat,280,1,838,True,DECLARED_OPOINT_NOT_RUNTIME_REACHABILITY
native,838,c/pai/a/squ.dat,281,0,204,True,DECLARED_OPOINT_NOT_RUNTIME_REACHABILITY
native,838,c/pai/a/squ.dat,284,0,401,True,DECLARED_OPOINT_NOT_RUNTIME_REACHABILITY
native,838,c/pai/a/squ.dat,288,0,706,True,DECLARED_OPOINT_NOT_RUNTIME_REACHABILITY
native,838,c/pai/a/squ.dat,289,0,838,True,DECLARED_OPOINT_NOT_RUNTIME_REACHABILITY
native,838,c/pai/a/squ.dat,290,0,838,True,DECLARED_OPOINT_NOT_RUNTIME_REACHABILITY
native,838,c/pai/a/squ.dat,296,0,838,True,DECLARED_OPOINT_NOT_RUNTIME_REACHABILITY
native,838,c/pai/a/squ.dat,297,0,838,True,DECLARED_OPOINT_NOT_RUNTIME_REACHABILITY
native,838,c/pai/a/squ.dat,309,0,204,True,DECLARED_OPOINT_NOT_RUNTIME_REACHABILITY
native,838,c/pai/a/squ.dat,311,0,401,True,DECLARED_OPOINT_NOT_RUNTIME_REACHABILITY
native,838,c/pai/a/squ.dat,316,0,204,True,DECLARED_OPOINT_NOT_RUNTIME_REACHABILITY
native,838,c/pai/a/squ.dat,368,0,838,True,DECLARED_OPOINT_NOT_RUNTIME_REACHABILITY
native,838,c/pai/a/squ.dat,369,0,229,True,DECLARED_OPOINT_NOT_RUNTIME_REACHABILITY
native,838,c/pai/a/squ.dat,372,0,838,True,DECLARED_OPOINT_NOT_RUNTIME_REACHABILITY
native,838,c/pai/a/squ.dat,373,0,838,True,DECLARED_OPOINT_NOT_RUNTIME_REACHABILITY
native,838,c/pai/a/squ.dat,374,0,838,True,DECLARED_OPOINT_NOT_RUNTIME_REACHABILITY
native,838,c/pai/a/squ.dat,375,0,838,True,DECLARED_OPOINT_NOT_RUNTIME_REACHABILITY
native,838,c/pai/a/squ.dat,376,0,838,True,DECLARED_OPOINT_NOT_RUNTIME_REACHABILITY
native,838,c/pai/a/squ.dat,377,0,838,True,DECLARED_OPOINT_NOT_RUNTIME_REACHABILITY
native,838,c/pai/a/squ.dat,378,0,838,True,DECLARED_OPOINT_NOT_RUNTIME_REACHABILITY
native,838,c/pai/a/squ.dat,385,0,204,True,DECLARED_OPOINT_NOT_RUNTIME_REACHABILITY
native,838,c/pai/a/squ.dat,466,0,401,True,DECLARED_OPOINT_NOT_RUNTIME_REACHABILITY
native,838,c/pai/a/squ.dat,470,0,401,True,DECLARED_OPOINT_NOT_RUNTIME_REACHABILITY
native,838,c/pai/a/squ.dat,480,0,838,True,DECLARED_OPOINT_NOT_RUNTIME_REACHABILITY
native,838,c/pai/a/squ.dat,491,0,204,True,DECLARED_OPOINT_NOT_RUNTIME_REACHABILITY
native,838,c/pai/a/squ.dat,519,0,838,True,DECLARED_OPOINT_NOT_RUNTIME_REACHABILITY
native,838,c/pai/a/squ.dat,520,0,838,True,DECLARED_OPOINT_NOT_RUNTIME_REACHABILITY
native,838,c/pai/a/squ.dat,522,0,838,True,DECLARED_OPOINT_NOT_RUNTIME_REACHABILITY
native,838,c/pai/a/squ.dat,523,0,838,True,DECLARED_OPOINT_NOT_RUNTIME_REACHABILITY
native,838,c/pai/a/squ.dat,524,0,838,True,DECLARED_OPOINT_NOT_RUNTIME_REACHABILITY
native,838,c/pai/a/squ.dat,526,0,838,True,DECLARED_OPOINT_NOT_RUNTIME_REACHABILITY
native,838,c/pai/a/squ.dat,527,0,838,True,DECLARED_OPOINT_NOT_RUNTIME_REACHABILITY
native,838,c/pai/a/squ.dat,528,0,838,True,DECLARED_OPOINT_NOT_RUNTIME_REACHABILITY
native,838,c/pai/a/squ.dat,530,0,838,True,DECLARED_OPOINT_NOT_RUNTIME_REACHABILITY
native,838,c/pai/a/squ.dat,546,0,401,True,DECLARED_OPOINT_NOT_RUNTIME_REACHABILITY
native,838,c/pai/a/squ.dat,620,0,838,True,DECLARED_OPOINT_NOT_RUNTIME_REACHABILITY
native,838,c/pai/a/squ.dat,636,0,838,True,DECLARED_OPOINT_NOT_RUNTIME_REACHABILITY
native,838,c/pai/a/squ.dat,709,0,838,True,DECLARED_OPOINT_NOT_RUNTIME_REACHABILITY
native,838,c/pai/a/squ.dat,711,0,838,True,DECLARED_OPOINT_NOT_RUNTIME_REACHABILITY
native,838,c/pai/a/squ.dat,713,0,208,True,DECLARED_OPOINT_NOT_RUNTIME_REACHABILITY
native,0,c/tobi/tobi.dat,32,0,703,True,DECLARED_OPOINT_NOT_RUNTIME_REACHABILITY
native,0,c/tobi/tobi.dat,37,0,232,True,DECLARED_OPOINT_NOT_RUNTIME_REACHABILITY
native,0,c/tobi/tobi.dat,51,0,212,True,DECLARED_OPOINT_NOT_RUNTIME_REACHABILITY
native,0,c/tobi/tobi.dat,55,0,212,True,DECLARED_OPOINT_NOT_RUNTIME_REACHABILITY
native,0,c/tobi/tobi.dat,62,0,232,True,DECLARED_OPOINT_NOT_RUNTIME_REACHABILITY
native,0,c/tobi/tobi.dat,66,0,232,True,DECLARED_OPOINT_NOT_RUNTIME_REACHABILITY
native,0,c/tobi/tobi.dat,71,0,232,True,DECLARED_OPOINT_NOT_RUNTIME_REACHABILITY
native,0,c/tobi/tobi.dat,86,0,232,True,DECLARED_OPOINT_NOT_RUNTIME_REACHABILITY
native,0,c/tobi/tobi.dat,91,0,232,True,DECLARED_OPOINT_NOT_RUNTIME_REACHABILITY
native,0,c/tobi/tobi.dat,117,0,212,True,DECLARED_OPOINT_NOT_RUNTIME_REACHABILITY
native,0,c/tobi/tobi.dat,221,0,232,True,DECLARED_OPOINT_NOT_RUNTIME_REACHABILITY
native,0,c/tobi/tobi.dat,223,0,232,True,DECLARED_OPOINT_NOT_RUNTIME_REACHABILITY
native,0,c/tobi/tobi.dat,235,0,210,True,DECLARED_OPOINT_NOT_RUNTIME_REACHABILITY
native,0,c/tobi/tobi.dat,236,1,210,True,DECLARED_OPOINT_NOT_RUNTIME_REACHABILITY
native,0,c/tobi/tobi.dat,244,1,808,True,DECLARED_OPOINT_NOT_RUNTIME_REACHABILITY
native,0,c/tobi/tobi.dat,252,1,208,True,DECLARED_OPOINT_NOT_RUNTIME_REACHABILITY
native,0,c/tobi/tobi.dat,256,1,232,True,DECLARED_OPOINT_NOT_RUNTIME_REACHABILITY
native,0,c/tobi/tobi.dat,271,0,123,True,DECLARED_OPOINT_NOT_RUNTIME_REACHABILITY
native,0,c/tobi/tobi.dat,272,0,204,True,DECLARED_OPOINT_NOT_RUNTIME_REACHABILITY
native,0,c/tobi/tobi.dat,350,1,212,True,DECLARED_OPOINT_NOT_RUNTIME_REACHABILITY
native,0,c/tobi/tobi.dat,354,0,232,True,DECLARED_OPOINT_NOT_RUNTIME_REACHABILITY
native,0,c/tobi/tobi.dat,361,1,212,True,DECLARED_OPOINT_NOT_RUNTIME_REACHABILITY
native,0,c/tobi/tobi.dat,375,1,212,True,DECLARED_OPOINT_NOT_RUNTIME_REACHABILITY
native,0,c/tobi/tobi.dat,379,0,232,True,DECLARED_OPOINT_NOT_RUNTIME_REACHABILITY
native,0,c/tobi/tobi.dat,392,0,232,True,DECLARED_OPOINT_NOT_RUNTIME_REACHABILITY
native,0,c/tobi/tobi.dat,404,0,703,True,DECLARED_OPOINT_NOT_RUNTIME_REACHABILITY
native,0,c/tobi/tobi.dat,411,0,232,True,DECLARED_OPOINT_NOT_RUNTIME_REACHABILITY
native,0,c/tobi/tobi.dat,449,1,232,True,DECLARED_OPOINT_NOT_RUNTIME_REACHABILITY
native,0,c/tobi/tobi.dat,455,0,232,True,DECLARED_OPOINT_NOT_RUNTIME_REACHABILITY
native,0,c/tobi/tobi.dat,457,2,232,True,DECLARED_OPOINT_NOT_RUNTIME_REACHABILITY
native,0,c/tobi/tobi.dat,512,0,251,True,DECLARED_OPOINT_NOT_RUNTIME_REACHABILITY
native,0,c/tobi/tobi.dat,561,0,232,True,DECLARED_OPOINT_NOT_RUNTIME_REACHABILITY
native,0,c/tobi/tobi.dat,562,0,232,True,DECLARED_OPOINT_NOT_RUNTIME_REACHABILITY
native,0,c/tobi/tobi.dat,566,0,232,True,DECLARED_OPOINT_NOT_RUNTIME_REACHABILITY
native,0,c/tobi/tobi.dat,571,0,232,True,DECLARED_OPOINT_NOT_RUNTIME_REACHABILITY
native,0,c/tobi/tobi.dat,588,0,232,True,DECLARED_OPOINT_NOT_RUNTIME_REACHABILITY
native,0,c/tobi/tobi.dat,602,1,900,True,DECLARED_OPOINT_NOT_RUNTIME_REACHABILITY
native,0,c/tobi/tobi.dat,631,1,204,True,DECLARED_OPOINT_NOT_RUNTIME_REACHABILITY
native,0,c/tobi/tobi.dat,641,1,204,True,DECLARED_OPOINT_NOT_RUNTIME_REACHABILITY
native,0,c/tobi/tobi.dat,659,0,232,True,DECLARED_OPOINT_NOT_RUNTIME_REACHABILITY
native,53,c/tobi/ttobi.dat,37,0,232,True,DECLARED_OPOINT_NOT_RUNTIME_REACHABILITY
native,53,c/tobi/ttobi.dat,51,0,212,True,DECLARED_OPOINT_NOT_RUNTIME_REACHABILITY
native,53,c/tobi/ttobi.dat,55,0,212,True,DECLARED_OPOINT_NOT_RUNTIME_REACHABILITY
native,53,c/tobi/ttobi.dat,62,0,232,True,DECLARED_OPOINT_NOT_RUNTIME_REACHABILITY
native,53,c/tobi/ttobi.dat,66,0,232,True,DECLARED_OPOINT_NOT_RUNTIME_REACHABILITY
native,53,c/tobi/ttobi.dat,71,0,232,True,DECLARED_OPOINT_NOT_RUNTIME_REACHABILITY
native,53,c/tobi/ttobi.dat,86,0,232,True,DECLARED_OPOINT_NOT_RUNTIME_REACHABILITY
native,53,c/tobi/ttobi.dat,91,0,232,True,DECLARED_OPOINT_NOT_RUNTIME_REACHABILITY
native,53,c/tobi/ttobi.dat,117,0,212,True,DECLARED_OPOINT_NOT_RUNTIME_REACHABILITY
native,53,c/tobi/ttobi.dat,221,0,232,True,DECLARED_OPOINT_NOT_RUNTIME_REACHABILITY
native,53,c/tobi/ttobi.dat,223,0,232,True,DECLARED_OPOINT_NOT_RUNTIME_REACHABILITY
native,53,c/tobi/ttobi.dat,252,1,716,True,DECLARED_OPOINT_NOT_RUNTIME_REACHABILITY
native,53,c/tobi/ttobi.dat,253,1,832,True,DECLARED_OPOINT_NOT_RUNTIME_REACHABILITY
native,53,c/tobi/ttobi.dat,271,0,123,True,DECLARED_OPOINT_NOT_RUNTIME_REACHABILITY
native,53,c/tobi/ttobi.dat,272,0,204,True,DECLARED_OPOINT_NOT_RUNTIME_REACHABILITY
native,53,c/tobi/ttobi.dat,350,1,212,True,DECLARED_OPOINT_NOT_RUNTIME_REACHABILITY
native,53,c/tobi/ttobi.dat,354,0,232,True,DECLARED_OPOINT_NOT_RUNTIME_REACHABILITY
native,53,c/tobi/ttobi.dat,379,0,232,True,DECLARED_OPOINT_NOT_RUNTIME_REACHABILITY
native,53,c/tobi/ttobi.dat,392,0,232,True,DECLARED_OPOINT_NOT_RUNTIME_REACHABILITY
native,53,c/tobi/ttobi.dat,449,1,232,True,DECLARED_OPOINT_NOT_RUNTIME_REACHABILITY
native,53,c/tobi/ttobi.dat,455,0,232,True,DECLARED_OPOINT_NOT_RUNTIME_REACHABILITY
native,53,c/tobi/ttobi.dat,457,2,232,True,DECLARED_OPOINT_NOT_RUNTIME_REACHABILITY
native,53,c/tobi/ttobi.dat,602,1,900,True,DECLARED_OPOINT_NOT_RUNTIME_REACHABILITY
native,53,c/tobi/ttobi.dat,631,1,204,True,DECLARED_OPOINT_NOT_RUNTIME_REACHABILITY
native,53,c/tobi/ttobi.dat,641,1,204,True,DECLARED_OPOINT_NOT_RUNTIME_REACHABILITY
native,53,c/tobi/ttobi.dat,659,0,232,True,DECLARED_OPOINT_NOT_RUNTIME_REACHABILITY
native,232,c/tobi/a/kat.dat,31,0,210,True,DECLARED_OPOINT_NOT_RUNTIME_REACHABILITY
native,232,c/tobi/a/kat.dat,61,0,211,True,DECLARED_OPOINT_NOT_RUNTIME_REACHABILITY
native,232,c/tobi/a/kat.dat,84,0,232,True,DECLARED_OPOINT_NOT_RUNTIME_REACHABILITY
native,232,c/tobi/a/kat.dat,85,0,232,True,DECLARED_OPOINT_NOT_RUNTIME_REACHABILITY
native,232,c/tobi/a/kat.dat,86,0,232,True,DECLARED_OPOINT_NOT_RUNTIME_REACHABILITY
native,232,c/tobi/a/kat.dat,318,0,53,True,DECLARED_OPOINT_NOT_RUNTIME_REACHABILITY
native,232,c/tobi/a/kat.dat,319,0,53,True,DECLARED_OPOINT_NOT_RUNTIME_REACHABILITY
native,832,c/tobi/a/fox.dat,251,0,446,True,DECLARED_OPOINT_NOT_RUNTIME_REACHABILITY
native,832,c/tobi/a/fox.dat,252,0,446,True,DECLARED_OPOINT_NOT_RUNTIME_REACHABILITY
native,832,c/tobi/a/fox.dat,253,0,446,True,DECLARED_OPOINT_NOT_RUNTIME_REACHABILITY
native,832,c/tobi/a/fox.dat,254,0,446,True,DECLARED_OPOINT_NOT_RUNTIME_REACHABILITY
native,832,c/tobi/a/fox.dat,255,0,446,True,DECLARED_OPOINT_NOT_RUNTIME_REACHABILITY
native,832,c/tobi/a/fox.dat,256,0,446,True,DECLARED_OPOINT_NOT_RUNTIME_REACHABILITY
native,832,c/tobi/a/fox.dat,257,0,446,True,DECLARED_OPOINT_NOT_RUNTIME_REACHABILITY
native,832,c/tobi/a/fox.dat,258,0,446,True,DECLARED_OPOINT_NOT_RUNTIME_REACHABILITY
native,832,c/tobi/a/fox.dat,259,0,446,True,DECLARED_OPOINT_NOT_RUNTIME_REACHABILITY
native,832,c/tobi/a/fox.dat,260,0,446,True,DECLARED_OPOINT_NOT_RUNTIME_REACHABILITY
native,832,c/tobi/a/fox.dat,261,0,446,True,DECLARED_OPOINT_NOT_RUNTIME_REACHABILITY
native,832,c/tobi/a/fox.dat,262,0,446,True,DECLARED_OPOINT_NOT_RUNTIME_REACHABILITY
native,832,c/tobi/a/fox.dat,263,0,446,True,DECLARED_OPOINT_NOT_RUNTIME_REACHABILITY
native,832,c/tobi/a/fox.dat,264,0,446,True,DECLARED_OPOINT_NOT_RUNTIME_REACHABILITY
native,832,c/tobi/a/fox.dat,265,0,446,True,DECLARED_OPOINT_NOT_RUNTIME_REACHABILITY
native,832,c/tobi/a/fox.dat,365,0,716,True,DECLARED_OPOINT_NOT_RUNTIME_REACHABILITY
native,101,w/2.dat,81,0,211,True,DECLARED_OPOINT_NOT_RUNTIME_REACHABILITY
native,121,w/5.dat,79,0,706,True,DECLARED_OPOINT_NOT_RUNTIME_REACHABILITY
native,121,w/5.dat,80,0,121,True,DECLARED_OPOINT_NOT_RUNTIME_REACHABILITY
native,121,w/5.dat,81,0,121,True,DECLARED_OPOINT_NOT_RUNTIME_REACHABILITY
native,121,w/5.dat,83,0,121,True,DECLARED_OPOINT_NOT_RUNTIME_REACHABILITY
native,121,w/5.dat,84,0,121,True,DECLARED_OPOINT_NOT_RUNTIME_REACHABILITY
native,121,w/5.dat,90,0,121,True,DECLARED_OPOINT_NOT_RUNTIME_REACHABILITY
native,600,w/6.dat,62,0,219,True,DECLARED_OPOINT_NOT_RUNTIME_REACHABILITY
native,600,w/6.dat,71,0,219,True,DECLARED_OPOINT_NOT_RUNTIME_REACHABILITY
native,600,w/6.dat,81,0,219,True,DECLARED_OPOINT_NOT_RUNTIME_REACHABILITY
native,217,w/t.dat,20,0,822,True,DECLARED_OPOINT_NOT_RUNTIME_REACHABILITY
native,218,w/h.dat,20,0,822,True,DECLARED_OPOINT_NOT_RUNTIME_REACHABILITY
native,219,w/e.dat,3,0,219,True,DECLARED_OPOINT_NOT_RUNTIME_REACHABILITY
native,219,w/e.dat,31,0,219,True,DECLARED_OPOINT_NOT_RUNTIME_REACHABILITY
native,652,w/h2.dat,20,0,822,True,DECLARED_OPOINT_NOT_RUNTIME_REACHABILITY
native,422,w/x.dat,60,0,211,True,DECLARED_OPOINT_NOT_RUNTIME_REACHABILITY
native,422,w/x.dat,61,0,211,True,DECLARED_OPOINT_NOT_RUNTIME_REACHABILITY
native,422,w/x.dat,62,0,211,True,DECLARED_OPOINT_NOT_RUNTIME_REACHABILITY
native,422,w/x.dat,63,0,211,True,DECLARED_OPOINT_NOT_RUNTIME_REACHABILITY
native,422,w/x.dat,64,0,211,True,DECLARED_OPOINT_NOT_RUNTIME_REACHABILITY
native,422,w/x.dat,70,0,211,True,DECLARED_OPOINT_NOT_RUNTIME_REACHABILITY
native,422,w/x.dat,71,0,211,True,DECLARED_OPOINT_NOT_RUNTIME_REACHABILITY
native,422,w/x.dat,72,0,211,True,DECLARED_OPOINT_NOT_RUNTIME_REACHABILITY
native,422,w/x.dat,74,0,211,True,DECLARED_OPOINT_NOT_RUNTIME_REACHABILITY
native,884,w/scr.dat,81,0,888,True,DECLARED_OPOINT_NOT_RUNTIME_REACHABILITY
native,884,w/scr.dat,141,0,888,True,DECLARED_OPOINT_NOT_RUNTIME_REACHABILITY
native,884,w/scr.dat,241,0,888,True,DECLARED_OPOINT_NOT_RUNTIME_REACHABILITY
native,299,s/0/0.dat,46,1,299,True,DECLARED_OPOINT_NOT_RUNTIME_REACHABILITY
native,299,s/0/0.dat,72,0,299,True,DECLARED_OPOINT_NOT_RUNTIME_REACHABILITY
native,299,s/0/0.dat,73,0,43,True,DECLARED_OPOINT_NOT_RUNTIME_REACHABILITY
native,299,s/0/0.dat,74,0,43,True,DECLARED_OPOINT_NOT_RUNTIME_REACHABILITY
native,299,s/0/0.dat,75,0,43,True,DECLARED_OPOINT_NOT_RUNTIME_REACHABILITY
native,299,s/0/0.dat,81,0,299,True,DECLARED_OPOINT_NOT_RUNTIME_REACHABILITY
native,299,s/0/0.dat,106,0,43,True,DECLARED_OPOINT_NOT_RUNTIME_REACHABILITY
native,299,s/0/0.dat,131,0,299,True,DECLARED_OPOINT_NOT_RUNTIME_REACHABILITY
native,443,s/0/ram.dat,62,0,299,True,DECLARED_OPOINT_NOT_RUNTIME_REACHABILITY
native,443,s/0/ram.dat,71,0,299,True,DECLARED_OPOINT_NOT_RUNTIME_REACHABILITY
native,443,s/0/ram.dat,73,0,299,True,DECLARED_OPOINT_NOT_RUNTIME_REACHABILITY
native,443,s/0/ram.dat,75,0,299,True,DECLARED_OPOINT_NOT_RUNTIME_REACHABILITY
native,443,s/0/ram.dat,77,0,299,True,DECLARED_OPOINT_NOT_RUNTIME_REACHABILITY
native,443,s/0/ram.dat,79,0,299,True,DECLARED_OPOINT_NOT_RUNTIME_REACHABILITY
native,443,s/0/ram.dat,83,0,86,True,DECLARED_OPOINT_NOT_RUNTIME_REACHABILITY
native,443,s/0/ram.dat,84,0,86,True,DECLARED_OPOINT_NOT_RUNTIME_REACHABILITY
native,443,s/0/ram.dat,85,0,86,True,DECLARED_OPOINT_NOT_RUNTIME_REACHABILITY
native,443,s/0/ram.dat,86,0,86,True,DECLARED_OPOINT_NOT_RUNTIME_REACHABILITY
native,443,s/0/ram.dat,87,0,86,True,DECLARED_OPOINT_NOT_RUNTIME_REACHABILITY
native,443,s/0/ram.dat,88,0,86,True,DECLARED_OPOINT_NOT_RUNTIME_REACHABILITY
native,92,s/0/iru.dat,87,0,707,True,DECLARED_OPOINT_NOT_RUNTIME_REACHABILITY
native,92,s/0/iru.dat,89,0,703,True,DECLARED_OPOINT_NOT_RUNTIME_REACHABILITY
native,92,s/0/iru.dat,125,0,123,True,DECLARED_OPOINT_NOT_RUNTIME_REACHABILITY
native,92,s/0/iru.dat,126,0,204,True,DECLARED_OPOINT_NOT_RUNTIME_REACHABILITY
native,92,s/0/iru.dat,168,0,120,True,DECLARED_OPOINT_NOT_RUNTIME_REACHABILITY
native,92,s/0/iru.dat,170,0,121,True,DECLARED_OPOINT_NOT_RUNTIME_REACHABILITY
native,92,s/0/iru.dat,236,0,204,True,DECLARED_OPOINT_NOT_RUNTIME_REACHABILITY
native,92,s/0/iru.dat,238,0,204,True,DECLARED_OPOINT_NOT_RUNTIME_REACHABILITY
native,92,s/0/iru.dat,297,0,43,True,DECLARED_OPOINT_NOT_RUNTIME_REACHABILITY
native,92,s/0/iru.dat,298,0,43,True,DECLARED_OPOINT_NOT_RUNTIME_REACHABILITY
native,92,s/0/iru.dat,357,0,204,True,DECLARED_OPOINT_NOT_RUNTIME_REACHABILITY
native,92,s/0/iru.dat,361,0,703,True,DECLARED_OPOINT_NOT_RUNTIME_REACHABILITY
native,92,s/0/iru.dat,401,1,299,True,DECLARED_OPOINT_NOT_RUNTIME_REACHABILITY
native,92,s/0/iru.dat,422,0,204,True,DECLARED_OPOINT_NOT_RUNTIME_REACHABILITY
native,92,s/0/iru.dat,426,1,299,True,DECLARED_OPOINT_NOT_RUNTIME_REACHABILITY
native,92,s/0/iru.dat,436,1,204,True,DECLARED_OPOINT_NOT_RUNTIME_REACHABILITY
native,92,s/0/iru.dat,440,1,204,True,DECLARED_OPOINT_NOT_RUNTIME_REACHABILITY
native,92,s/0/iru.dat,441,2,204,True,DECLARED_OPOINT_NOT_RUNTIME_REACHABILITY
native,92,s/0/iru.dat,446,1,299,True,DECLARED_OPOINT_NOT_RUNTIME_REACHABILITY
native,92,s/0/iru.dat,478,0,299,True,DECLARED_OPOINT_NOT_RUNTIME_REACHABILITY
native,92,s/0/iru.dat,489,0,299,True,DECLARED_OPOINT_NOT_RUNTIME_REACHABILITY
native,92,s/0/iru.dat,492,0,299,True,DECLARED_OPOINT_NOT_RUNTIME_REACHABILITY
native,92,s/0/iru.dat,508,0,299,True,DECLARED_OPOINT_NOT_RUNTIME_REACHABILITY
native,92,s/0/iru.dat,535,0,299,True,DECLARED_OPOINT_NOT_RUNTIME_REACHABILITY
native,92,s/0/iru.dat,538,0,299,True,DECLARED_OPOINT_NOT_RUNTIME_REACHABILITY
native,92,s/0/iru.dat,539,1,299,True,DECLARED_OPOINT_NOT_RUNTIME_REACHABILITY
native,92,s/0/iru.dat,562,0,299,True,DECLARED_OPOINT_NOT_RUNTIME_REACHABILITY
native,92,s/0/iru.dat,591,0,299,True,DECLARED_OPOINT_NOT_RUNTIME_REACHABILITY
native,92,s/0/iru.dat,602,1,900,True,DECLARED_OPOINT_NOT_RUNTIME_REACHABILITY
native,92,s/0/iru.dat,631,1,204,True,DECLARED_OPOINT_NOT_RUNTIME_REACHABILITY
native,92,s/0/iru.dat,641,1,204,True,DECLARED_OPOINT_NOT_RUNTIME_REACHABILITY
native,92,s/0/iru.dat,709,0,204,True,DECLARED_OPOINT_NOT_RUNTIME_REACHABILITY
native,92,s/0/iru.dat,719,0,204,True,DECLARED_OPOINT_NOT_RUNTIME_REACHABILITY
native,92,s/0/iru.dat,725,0,299,True,DECLARED_OPOINT_NOT_RUNTIME_REACHABILITY
native,92,s/0/iru.dat,728,0,204,True,DECLARED_OPOINT_NOT_RUNTIME_REACHABILITY
native,92,s/0/iru.dat,738,0,204,True,DECLARED_OPOINT_NOT_RUNTIME_REACHABILITY
native,43,s/0/iruc.dat,236,0,204,True,DECLARED_OPOINT_NOT_RUNTIME_REACHABILITY
native,43,s/0/iruc.dat,300,0,204,True,DECLARED_OPOINT_NOT_RUNTIME_REACHABILITY
native,43,s/0/iruc.dat,406,0,443,True,DECLARED_OPOINT_NOT_RUNTIME_REACHABILITY
native,43,s/0/iruc.dat,407,0,299,True,DECLARED_OPOINT_NOT_RUNTIME_REACHABILITY
native,43,s/0/iruc.dat,410,0,43,True,DECLARED_OPOINT_NOT_RUNTIME_REACHABILITY
native,43,s/0/iruc.dat,411,0,43,True,DECLARED_OPOINT_NOT_RUNTIME_REACHABILITY
native,43,s/0/iruc.dat,416,0,299,True,DECLARED_OPOINT_NOT_RUNTIME_REACHABILITY
native,43,s/0/iruc.dat,419,0,299,True,DECLARED_OPOINT_NOT_RUNTIME_REACHABILITY
native,43,s/0/iruc.dat,422,0,299,True,DECLARED_OPOINT_NOT_RUNTIME_REACHABILITY
native,43,s/0/iruc.dat,423,0,508,True,DECLARED_OPOINT_NOT_RUNTIME_REACHABILITY
native,43,s/0/iruc.dat,431,0,299,True,DECLARED_OPOINT_NOT_RUNTIME_REACHABILITY
native,43,s/0/iruc.dat,432,0,443,True,DECLARED_OPOINT_NOT_RUNTIME_REACHABILITY
native,43,s/0/iruc.dat,451,0,43,True,DECLARED_OPOINT_NOT_RUNTIME_REACHABILITY
native,43,s/0/iruc.dat,456,0,299,True,DECLARED_OPOINT_NOT_RUNTIME_REACHABILITY
native,300,s/c.dat,82,0,150,True,DECLARED_OPOINT_NOT_RUNTIME_REACHABILITY
native,300,s/c.dat,110,0,300,True,DECLARED_OPOINT_NOT_RUNTIME_REACHABILITY
native,235,s/S/S.dat,119,0,235,True,DECLARED_OPOINT_NOT_RUNTIME_REACHABILITY
native,235,s/S/S.dat,147,0,235,True,DECLARED_OPOINT_NOT_RUNTIME_REACHABILITY
native,235,s/S/S.dat,355,0,714,True,DECLARED_OPOINT_NOT_RUNTIME_REACHABILITY
native,235,s/S/S.dat,356,0,220,True,DECLARED_OPOINT_NOT_RUNTIME_REACHABILITY
native,235,s/S/S.dat,357,0,235,True,DECLARED_OPOINT_NOT_RUNTIME_REACHABILITY
native,235,s/S/S.dat,377,0,235,True,DECLARED_OPOINT_NOT_RUNTIME_REACHABILITY
native,235,s/S/S.dat,387,0,220,True,DECLARED_OPOINT_NOT_RUNTIME_REACHABILITY
native,235,s/S/S.dat,389,0,235,True,DECLARED_OPOINT_NOT_RUNTIME_REACHABILITY
native,235,s/S/S.dat,390,0,212,True,DECLARED_OPOINT_NOT_RUNTIME_REACHABILITY
native,235,s/S/S.dat,392,0,235,True,DECLARED_OPOINT_NOT_RUNTIME_REACHABILITY
native,301,s/1/1.dat,1,0,301,True,DECLARED_OPOINT_NOT_RUNTIME_REACHABILITY
native,301,s/1/1.dat,2,0,301,True,DECLARED_OPOINT_NOT_RUNTIME_REACHABILITY
native,301,s/1/1.dat,11,0,301,True,DECLARED_OPOINT_NOT_RUNTIME_REACHABILITY
native,301,s/1/1.dat,61,0,301,True,DECLARED_OPOINT_NOT_RUNTIME_REACHABILITY
native,301,s/1/1.dat,72,0,211,True,DECLARED_OPOINT_NOT_RUNTIME_REACHABILITY
native,301,s/1/1.dat,141,0,212,True,DECLARED_OPOINT_NOT_RUNTIME_REACHABILITY
native,301,s/1/1.dat,147,0,301,True,DECLARED_OPOINT_NOT_RUNTIME_REACHABILITY
native,301,s/1/1.dat,149,0,301,True,DECLARED_OPOINT_NOT_RUNTIME_REACHABILITY
native,301,s/1/1.dat,151,0,301,True,DECLARED_OPOINT_NOT_RUNTIME_REACHABILITY
native,301,s/1/1.dat,161,0,39,True,DECLARED_OPOINT_NOT_RUNTIME_REACHABILITY
native,301,s/1/1.dat,162,0,301,True,DECLARED_OPOINT_NOT_RUNTIME_REACHABILITY
native,301,s/1/1.dat,163,0,3,True,DECLARED_OPOINT_NOT_RUNTIME_REACHABILITY
native,301,s/1/1.dat,167,0,301,True,DECLARED_OPOINT_NOT_RUNTIME_REACHABILITY
native,301,s/1/1.dat,172,0,301,True,DECLARED_OPOINT_NOT_RUNTIME_REACHABILITY
native,301,s/1/1.dat,175,0,301,True,DECLARED_OPOINT_NOT_RUNTIME_REACHABILITY
native,301,s/1/1.dat,177,0,301,True,DECLARED_OPOINT_NOT_RUNTIME_REACHABILITY
native,301,s/1/1.dat,306,0,221,True,DECLARED_OPOINT_NOT_RUNTIME_REACHABILITY
native,301,s/1/1.dat,308,0,225,True,DECLARED_OPOINT_NOT_RUNTIME_REACHABILITY
native,301,s/1/1.dat,311,0,39,True,DECLARED_OPOINT_NOT_RUNTIME_REACHABILITY
native,301,s/1/1.dat,312,0,411,True,DECLARED_OPOINT_NOT_RUNTIME_REACHABILITY
native,301,s/1/1.dat,313,0,204,True,DECLARED_OPOINT_NOT_RUNTIME_REACHABILITY
native,301,s/1/1.dat,314,0,39,True,DECLARED_OPOINT_NOT_RUNTIME_REACHABILITY
native,301,s/1/1.dat,316,0,301,True,DECLARED_OPOINT_NOT_RUNTIME_REACHABILITY
native,301,s/1/1.dat,326,0,225,True,DECLARED_OPOINT_NOT_RUNTIME_REACHABILITY
native,301,s/1/1.dat,328,0,301,True,DECLARED_OPOINT_NOT_RUNTIME_REACHABILITY
native,301,s/1/1.dat,331,0,301,True,DECLARED_OPOINT_NOT_RUNTIME_REACHABILITY
native,301,s/1/1.dat,333,0,301,True,DECLARED_OPOINT_NOT_RUNTIME_REACHABILITY
native,301,s/1/1.dat,339,0,301,True,DECLARED_OPOINT_NOT_RUNTIME_REACHABILITY
native,301,s/1/1.dat,341,0,301,True,DECLARED_OPOINT_NOT_RUNTIME_REACHABILITY
native,301,s/1/1.dat,343,0,301,True,DECLARED_OPOINT_NOT_RUNTIME_REACHABILITY
native,301,s/1/1.dat,345,0,301,True,DECLARED_OPOINT_NOT_RUNTIME_REACHABILITY
native,301,s/1/1.dat,347,0,301,True,DECLARED_OPOINT_NOT_RUNTIME_REACHABILITY
native,301,s/1/1.dat,351,0,301,True,DECLARED_OPOINT_NOT_RUNTIME_REACHABILITY
native,301,s/1/1.dat,353,0,301,True,DECLARED_OPOINT_NOT_RUNTIME_REACHABILITY
native,301,s/1/1.dat,355,0,301,True,DECLARED_OPOINT_NOT_RUNTIME_REACHABILITY
native,301,s/1/1.dat,361,0,301,True,DECLARED_OPOINT_NOT_RUNTIME_REACHABILITY
native,301,s/1/1.dat,349,0,301,True,DECLARED_OPOINT_NOT_RUNTIME_REACHABILITY
native,59,s/1/ncs.dat,127,0,211,True,DECLARED_OPOINT_NOT_RUNTIME_REACHABILITY
native,59,s/1/ncs.dat,128,0,211,True,DECLARED_OPOINT_NOT_RUNTIME_REACHABILITY
native,59,s/1/ncs.dat,129,0,211,True,DECLARED_OPOINT_NOT_RUNTIME_REACHABILITY
native,302,s/2/2.dat,83,0,420,True,DECLARED_OPOINT_NOT_RUNTIME_REACHABILITY
native,302,s/2/2.dat,91,0,420,True,DECLARED_OPOINT_NOT_RUNTIME_REACHABILITY
native,302,s/2/2.dat,103,0,420,True,DECLARED_OPOINT_NOT_RUNTIME_REACHABILITY
native,302,s/2/2.dat,106,1,302,True,DECLARED_OPOINT_NOT_RUNTIME_REACHABILITY
native,302,s/2/2.dat,111,0,420,True,DECLARED_OPOINT_NOT_RUNTIME_REACHABILITY
native,302,s/2/2.dat,113,0,302,True,DECLARED_OPOINT_NOT_RUNTIME_REACHABILITY
native,302,s/2/2.dat,154,0,302,True,DECLARED_OPOINT_NOT_RUNTIME_REACHABILITY
native,302,s/2/2.dat,311,0,302,True,DECLARED_OPOINT_NOT_RUNTIME_REACHABILITY
native,302,s/2/2.dat,322,0,419,True,DECLARED_OPOINT_NOT_RUNTIME_REACHABILITY
native,302,s/2/2.dat,323,0,419,True,DECLARED_OPOINT_NOT_RUNTIME_REACHABILITY
native,302,s/2/2.dat,325,0,419,True,DECLARED_OPOINT_NOT_RUNTIME_REACHABILITY
native,302,s/2/2.dat,326,0,419,True,DECLARED_OPOINT_NOT_RUNTIME_REACHABILITY
native,302,s/2/2.dat,327,0,419,True,DECLARED_OPOINT_NOT_RUNTIME_REACHABILITY
native,302,s/2/2.dat,329,0,419,True,DECLARED_OPOINT_NOT_RUNTIME_REACHABILITY
native,302,s/2/2.dat,331,0,419,True,DECLARED_OPOINT_NOT_RUNTIME_REACHABILITY
native,40,s/2/ncs2.dat,257,0,420,True,DECLARED_OPOINT_NOT_RUNTIME_REACHABILITY
native,40,s/2/ncs2.dat,258,0,302,True,DECLARED_OPOINT_NOT_RUNTIME_REACHABILITY
native,40,s/2/ncs2.dat,259,0,302,True,DECLARED_OPOINT_NOT_RUNTIME_REACHABILITY
native,40,s/2/ncs2.dat,304,0,302,True,DECLARED_OPOINT_NOT_RUNTIME_REACHABILITY
native,40,s/2/ncs2.dat,319,0,302,True,DECLARED_OPOINT_NOT_RUNTIME_REACHABILITY
native,40,s/2/ncs2.dat,321,0,302,True,DECLARED_OPOINT_NOT_RUNTIME_REACHABILITY
native,303,s/3/3.dat,2,0,303,True,DECLARED_OPOINT_NOT_RUNTIME_REACHABILITY
native,303,s/3/3.dat,8,0,303,True,DECLARED_OPOINT_NOT_RUNTIME_REACHABILITY
native,303,s/3/3.dat,57,0,204,True,DECLARED_OPOINT_NOT_RUNTIME_REACHABILITY
native,303,s/3/3.dat,71,2,303,True,DECLARED_OPOINT_NOT_RUNTIME_REACHABILITY
native,303,s/3/3.dat,82,0,303,True,DECLARED_OPOINT_NOT_RUNTIME_REACHABILITY
native,303,s/3/3.dat,92,0,555,True,DECLARED_OPOINT_NOT_RUNTIME_REACHABILITY
native,303,s/3/3.dat,113,0,303,True,DECLARED_OPOINT_NOT_RUNTIME_REACHABILITY
native,303,s/3/3.dat,114,0,204,True,DECLARED_OPOINT_NOT_RUNTIME_REACHABILITY
native,303,s/3/3.dat,124,0,23,True,DECLARED_OPOINT_NOT_RUNTIME_REACHABILITY
native,303,s/3/3.dat,125,0,303,True,DECLARED_OPOINT_NOT_RUNTIME_REACHABILITY
native,303,s/3/3.dat,126,0,204,True,DECLARED_OPOINT_NOT_RUNTIME_REACHABILITY
native,303,s/3/3.dat,127,0,20,True,DECLARED_OPOINT_NOT_RUNTIME_REACHABILITY
native,303,s/3/3.dat,128,0,303,True,DECLARED_OPOINT_NOT_RUNTIME_REACHABILITY
native,303,s/3/3.dat,129,0,52,True,DECLARED_OPOINT_NOT_RUNTIME_REACHABILITY
native,303,s/3/3.dat,131,0,303,True,DECLARED_OPOINT_NOT_RUNTIME_REACHABILITY
native,303,s/3/3.dat,173,0,303,True,DECLARED_OPOINT_NOT_RUNTIME_REACHABILITY
native,303,s/3/3.dat,221,0,303,True,DECLARED_OPOINT_NOT_RUNTIME_REACHABILITY
native,303,s/3/3.dat,223,0,303,True,DECLARED_OPOINT_NOT_RUNTIME_REACHABILITY
native,303,s/3/3.dat,225,0,303,True,DECLARED_OPOINT_NOT_RUNTIME_REACHABILITY
native,303,s/3/3.dat,230,0,4,True,DECLARED_OPOINT_NOT_RUNTIME_REACHABILITY
native,303,s/3/3.dat,304,0,2,True,DECLARED_OPOINT_NOT_RUNTIME_REACHABILITY
native,303,s/3/3.dat,305,0,705,True,DECLARED_OPOINT_NOT_RUNTIME_REACHABILITY
native,303,s/3/3.dat,313,0,211,True,DECLARED_OPOINT_NOT_RUNTIME_REACHABILITY
native,304,s/4/4.dat,1,0,56,True,DECLARED_OPOINT_NOT_RUNTIME_REACHABILITY
native,304,s/4/4.dat,2,0,25,True,DECLARED_OPOINT_NOT_RUNTIME_REACHABILITY
native,304,s/4/4.dat,3,0,304,True,DECLARED_OPOINT_NOT_RUNTIME_REACHABILITY
native,304,s/4/4.dat,15,0,499,True,DECLARED_OPOINT_NOT_RUNTIME_REACHABILITY
native,304,s/4/4.dat,16,0,304,True,DECLARED_OPOINT_NOT_RUNTIME_REACHABILITY
native,304,s/4/4.dat,25,0,304,True,DECLARED_OPOINT_NOT_RUNTIME_REACHABILITY
native,304,s/4/4.dat,102,0,9,True,DECLARED_OPOINT_NOT_RUNTIME_REACHABILITY
native,304,s/4/4.dat,103,0,304,True,DECLARED_OPOINT_NOT_RUNTIME_REACHABILITY
native,304,s/4/4.dat,349,0,304,True,DECLARED_OPOINT_NOT_RUNTIME_REACHABILITY
native,304,s/4/4.dat,352,0,304,True,DECLARED_OPOINT_NOT_RUNTIME_REACHABILITY
native,304,s/4/4.dat,354,0,304,True,DECLARED_OPOINT_NOT_RUNTIME_REACHABILITY
native,304,s/4/4.dat,356,0,304,True,DECLARED_OPOINT_NOT_RUNTIME_REACHABILITY
native,304,s/4/4.dat,359,0,304,True,DECLARED_OPOINT_NOT_RUNTIME_REACHABILITY
native,304,s/4/4.dat,361,0,304,True,DECLARED_OPOINT_NOT_RUNTIME_REACHABILITY
native,304,s/4/4.dat,363,0,304,True,DECLARED_OPOINT_NOT_RUNTIME_REACHABILITY
native,304,s/4/4.dat,365,0,304,True,DECLARED_OPOINT_NOT_RUNTIME_REACHABILITY
native,304,s/4/4.dat,367,0,304,True,DECLARED_OPOINT_NOT_RUNTIME_REACHABILITY
native,304,s/4/4.dat,369,0,304,True,DECLARED_OPOINT_NOT_RUNTIME_REACHABILITY
native,304,s/4/4.dat,371,0,304,True,DECLARED_OPOINT_NOT_RUNTIME_REACHABILITY
native,304,s/4/4.dat,373,0,304,True,DECLARED_OPOINT_NOT_RUNTIME_REACHABILITY
native,304,s/4/4.dat,398,0,333,True,DECLARED_OPOINT_NOT_RUNTIME_REACHABILITY
native,304,s/4/4.dat,399,0,333,True,DECLARED_OPOINT_NOT_RUNTIME_REACHABILITY
native,305,s/5/5.dat,2,0,305,True,DECLARED_OPOINT_NOT_RUNTIME_REACHABILITY
native,305,s/5/5.dat,4,0,526,True,DECLARED_OPOINT_NOT_RUNTIME_REACHABILITY
native,305,s/5/5.dat,13,0,305,True,DECLARED_OPOINT_NOT_RUNTIME_REACHABILITY
native,305,s/5/5.dat,21,0,402,True,DECLARED_OPOINT_NOT_RUNTIME_REACHABILITY
native,305,s/5/5.dat,22,0,401,True,DECLARED_OPOINT_NOT_RUNTIME_REACHABILITY
native,305,s/5/5.dat,349,0,305,True,DECLARED_OPOINT_NOT_RUNTIME_REACHABILITY
native,305,s/5/5.dat,351,0,305,True,DECLARED_OPOINT_NOT_RUNTIME_REACHABILITY
native,305,s/5/5.dat,353,0,305,True,DECLARED_OPOINT_NOT_RUNTIME_REACHABILITY
native,305,s/5/5.dat,355,0,305,True,DECLARED_OPOINT_NOT_RUNTIME_REACHABILITY
native,305,s/5/5.dat,357,0,305,True,DECLARED_OPOINT_NOT_RUNTIME_REACHABILITY
native,305,s/5/5.dat,358,0,305,True,DECLARED_OPOINT_NOT_RUNTIME_REACHABILITY
native,305,s/5/5.dat,364,0,305,True,DECLARED_OPOINT_NOT_RUNTIME_REACHABILITY
native,305,s/5/5.dat,366,0,305,True,DECLARED_OPOINT_NOT_RUNTIME_REACHABILITY
native,204,a/cha/cha.dat,16,0,204,True,DECLARED_OPOINT_NOT_RUNTIME_REACHABILITY
native,204,a/cha/cha.dat,51,0,204,True,DECLARED_OPOINT_NOT_RUNTIME_REACHABILITY
native,204,a/cha/cha.dat,52,0,204,True,DECLARED_OPOINT_NOT_RUNTIME_REACHABILITY
native,204,a/cha/cha.dat,156,0,151,True,DECLARED_OPOINT_NOT_RUNTIME_REACHABILITY
native,204,a/cha/cha.dat,423,0,204,True,DECLARED_OPOINT_NOT_RUNTIME_REACHABILITY
native,208,a/gro/gro.dat,44,0,208,True,DECLARED_OPOINT_NOT_RUNTIME_REACHABILITY
native,208,a/gro/gro.dat,144,0,208,True,DECLARED_OPOINT_NOT_RUNTIME_REACHABILITY
native,210,a/kat/kat2.dat,3,0,210,True,DECLARED_OPOINT_NOT_RUNTIME_REACHABILITY
native,210,a/kat/kat2.dat,5,0,210,True,DECLARED_OPOINT_NOT_RUNTIME_REACHABILITY
native,210,a/kat/kat2.dat,7,0,210,True,DECLARED_OPOINT_NOT_RUNTIME_REACHABILITY
native,210,a/kat/kat2.dat,31,0,210,True,DECLARED_OPOINT_NOT_RUNTIME_REACHABILITY
native,210,a/kat/kat2.dat,61,0,211,True,DECLARED_OPOINT_NOT_RUNTIME_REACHABILITY
native,211,a/fir/fir.dat,51,0,211,True,DECLARED_OPOINT_NOT_RUNTIME_REACHABILITY
native,211,a/fir/fir.dat,131,0,211,True,DECLARED_OPOINT_NOT_RUNTIME_REACHABILITY
native,211,a/fir/fir.dat,133,0,211,True,DECLARED_OPOINT_NOT_RUNTIME_REACHABILITY
native,211,a/fir/fir.dat,134,0,211,True,DECLARED_OPOINT_NOT_RUNTIME_REACHABILITY
native,211,a/fir/fir.dat,135,0,211,True,DECLARED_OPOINT_NOT_RUNTIME_REACHABILITY
native,211,a/fir/fir.dat,137,0,211,True,DECLARED_OPOINT_NOT_RUNTIME_REACHABILITY
native,211,a/fir/fir.dat,139,0,211,True,DECLARED_OPOINT_NOT_RUNTIME_REACHABILITY
native,211,a/fir/fir.dat,143,0,211,True,DECLARED_OPOINT_NOT_RUNTIME_REACHABILITY
native,211,a/fir/fir.dat,172,0,211,True,DECLARED_OPOINT_NOT_RUNTIME_REACHABILITY
native,211,a/fir/fir.dat,174,0,211,True,DECLARED_OPOINT_NOT_RUNTIME_REACHABILITY
native,211,a/fir/fir.dat,176,0,211,True,DECLARED_OPOINT_NOT_RUNTIME_REACHABILITY
native,211,a/fir/fir.dat,177,0,211,True,DECLARED_OPOINT_NOT_RUNTIME_REACHABILITY
native,212,a/kam/kam.dat,1,0,212,True,DECLARED_OPOINT_NOT_RUNTIME_REACHABILITY
native,212,a/kam/kam.dat,2,0,212,True,DECLARED_OPOINT_NOT_RUNTIME_REACHABILITY
native,212,a/kam/kam.dat,31,0,212,True,DECLARED_OPOINT_NOT_RUNTIME_REACHABILITY
native,212,a/kam/kam.dat,310,0,212,True,DECLARED_OPOINT_NOT_RUNTIME_REACHABILITY
native,212,a/kam/kam.dat,311,0,212,True,DECLARED_OPOINT_NOT_RUNTIME_REACHABILITY
native,212,a/kam/kam.dat,359,0,212,True,DECLARED_OPOINT_NOT_RUNTIME_REACHABILITY
native,212,a/kam/kam.dat,363,0,212,True,DECLARED_OPOINT_NOT_RUNTIME_REACHABILITY
native,212,a/kam/kam.dat,365,0,212,True,DECLARED_OPOINT_NOT_RUNTIME_REACHABILITY
native,212,a/kam/kam.dat,379,0,212,True,DECLARED_OPOINT_NOT_RUNTIME_REACHABILITY
native,212,a/kam/kam.dat,459,0,212,True,DECLARED_OPOINT_NOT_RUNTIME_REACHABILITY
native,214,a/fla/fla.dat,3,0,706,True,DECLARED_OPOINT_NOT_RUNTIME_REACHABILITY
native,214,a/fla/fla.dat,4,0,706,True,DECLARED_OPOINT_NOT_RUNTIME_REACHABILITY
native,214,a/fla/fla.dat,5,0,706,True,DECLARED_OPOINT_NOT_RUNTIME_REACHABILITY
native,214,a/fla/fla.dat,6,0,706,True,DECLARED_OPOINT_NOT_RUNTIME_REACHABILITY
native,214,a/fla/fla.dat,7,0,706,True,DECLARED_OPOINT_NOT_RUNTIME_REACHABILITY
native,214,a/fla/fla.dat,9,0,706,True,DECLARED_OPOINT_NOT_RUNTIME_REACHABILITY
native,214,a/fla/fla.dat,11,0,706,True,DECLARED_OPOINT_NOT_RUNTIME_REACHABILITY
native,214,a/fla/fla.dat,13,0,706,True,DECLARED_OPOINT_NOT_RUNTIME_REACHABILITY
native,222,a/pur/pur.dat,95,0,222,True,DECLARED_OPOINT_NOT_RUNTIME_REACHABILITY
native,222,a/pur/pur.dat,96,0,222,True,DECLARED_OPOINT_NOT_RUNTIME_REACHABILITY
native,222,a/pur/pur.dat,97,0,222,True,DECLARED_OPOINT_NOT_RUNTIME_REACHABILITY
native,222,a/pur/pur.dat,98,0,222,True,DECLARED_OPOINT_NOT_RUNTIME_REACHABILITY
native,222,a/pur/pur.dat,99,0,222,True,DECLARED_OPOINT_NOT_RUNTIME_REACHABILITY
native,222,a/pur/pur.dat,195,0,222,True,DECLARED_OPOINT_NOT_RUNTIME_REACHABILITY
native,222,a/pur/pur.dat,196,0,222,True,DECLARED_OPOINT_NOT_RUNTIME_REACHABILITY
native,222,a/pur/pur.dat,197,0,222,True,DECLARED_OPOINT_NOT_RUNTIME_REACHABILITY
native,222,a/pur/pur.dat,198,0,222,True,DECLARED_OPOINT_NOT_RUNTIME_REACHABILITY
native,222,a/pur/pur.dat,199,0,222,True,DECLARED_OPOINT_NOT_RUNTIME_REACHABILITY
native,222,a/pur/pur.dat,246,0,222,True,DECLARED_OPOINT_NOT_RUNTIME_REACHABILITY
native,229,a/roc/roc.dat,165,0,229,True,DECLARED_OPOINT_NOT_RUNTIME_REACHABILITY
native,229,a/roc/roc.dat,166,0,229,True,DECLARED_OPOINT_NOT_RUNTIME_REACHABILITY
native,251,a/fir/firz.dat,62,0,211,True,DECLARED_OPOINT_NOT_RUNTIME_REACHABILITY
native,251,a/fir/firz.dat,67,0,211,True,DECLARED_OPOINT_NOT_RUNTIME_REACHABILITY
native,446,a/blas/blas.dat,123,0,446,True,DECLARED_OPOINT_NOT_RUNTIME_REACHABILITY
native,446,a/blas/blas.dat,126,0,446,True,DECLARED_OPOINT_NOT_RUNTIME_REACHABILITY
native,446,a/blas/blas.dat,131,0,446,True,DECLARED_OPOINT_NOT_RUNTIME_REACHABILITY
native,616,a/wat/wat2.dat,84,0,616,True,DECLARED_OPOINT_NOT_RUNTIME_REACHABILITY
native,616,a/wat/wat2.dat,94,0,616,True,DECLARED_OPOINT_NOT_RUNTIME_REACHABILITY
native,616,a/wat/wat2.dat,95,0,616,True,DECLARED_OPOINT_NOT_RUNTIME_REACHABILITY
native,616,a/wat/wat2.dat,96,0,616,True,DECLARED_OPOINT_NOT_RUNTIME_REACHABILITY
native,616,a/wat/wat2.dat,97,0,616,True,DECLARED_OPOINT_NOT_RUNTIME_REACHABILITY
native,616,a/wat/wat2.dat,98,0,616,True,DECLARED_OPOINT_NOT_RUNTIME_REACHABILITY
native,616,a/wat/wat2.dat,99,0,616,True,DECLARED_OPOINT_NOT_RUNTIME_REACHABILITY
native,616,a/wat/wat2.dat,105,0,616,True,DECLARED_OPOINT_NOT_RUNTIME_REACHABILITY
native,714,a/blac/blac.dat,81,0,714,True,DECLARED_OPOINT_NOT_RUNTIME_REACHABILITY
native,715,a/fro/fro.dat,3,0,715,True,DECLARED_OPOINT_NOT_RUNTIME_REACHABILITY
native,715,a/fro/fro.dat,4,0,715,True,DECLARED_OPOINT_NOT_RUNTIME_REACHABILITY
native,715,a/fro/fro.dat,11,0,706,True,DECLARED_OPOINT_NOT_RUNTIME_REACHABILITY
native,715,a/fro/fro.dat,12,0,204,True,DECLARED_OPOINT_NOT_RUNTIME_REACHABILITY
native,715,a/fro/fro.dat,13,0,204,True,DECLARED_OPOINT_NOT_RUNTIME_REACHABILITY
native,715,a/fro/fro.dat,33,0,715,True,DECLARED_OPOINT_NOT_RUNTIME_REACHABILITY
native,715,a/fro/fro.dat,40,0,706,True,DECLARED_OPOINT_NOT_RUNTIME_REACHABILITY
native,715,a/fro/fro.dat,42,0,211,True,DECLARED_OPOINT_NOT_RUNTIME_REACHABILITY
native,715,a/fro/fro.dat,140,0,706,True,DECLARED_OPOINT_NOT_RUNTIME_REACHABILITY
native,715,a/fro/fro.dat,142,0,211,True,DECLARED_OPOINT_NOT_RUNTIME_REACHABILITY
native,715,a/fro/fro.dat,154,0,715,True,DECLARED_OPOINT_NOT_RUNTIME_REACHABILITY
native,715,a/fro/fro.dat,221,0,211,True,DECLARED_OPOINT_NOT_RUNTIME_REACHABILITY
native,715,a/fro/fro.dat,223,0,211,True,DECLARED_OPOINT_NOT_RUNTIME_REACHABILITY
native,715,a/fro/fro.dat,225,0,211,True,DECLARED_OPOINT_NOT_RUNTIME_REACHABILITY
native,717,a/pof/god.dat,287,0,714,True,DECLARED_OPOINT_NOT_RUNTIME_REACHABILITY
native,717,a/pof/god.dat,289,0,717,True,DECLARED_OPOINT_NOT_RUNTIME_REACHABILITY
native,808,a/kat/kat.dat,1,0,208,True,DECLARED_OPOINT_NOT_RUNTIME_REACHABILITY
native,808,a/kat/kat.dat,3,0,208,True,DECLARED_OPOINT_NOT_RUNTIME_REACHABILITY
native,808,a/kat/kat.dat,4,0,211,True,DECLARED_OPOINT_NOT_RUNTIME_REACHABILITY
native,808,a/kat/kat.dat,5,0,211,True,DECLARED_OPOINT_NOT_RUNTIME_REACHABILITY
native,808,a/kat/kat.dat,6,0,229,True,DECLARED_OPOINT_NOT_RUNTIME_REACHABILITY
native,808,a/kat/kat.dat,8,0,229,True,DECLARED_OPOINT_NOT_RUNTIME_REACHABILITY
native,808,a/kat/kat.dat,11,0,211,True,DECLARED_OPOINT_NOT_RUNTIME_REACHABILITY
native,808,a/kat/kat.dat,15,0,208,True,DECLARED_OPOINT_NOT_RUNTIME_REACHABILITY
native,808,a/kat/kat.dat,21,0,211,True,DECLARED_OPOINT_NOT_RUNTIME_REACHABILITY
native,808,a/kat/kat.dat,31,0,211,True,DECLARED_OPOINT_NOT_RUNTIME_REACHABILITY
native,808,a/kat/kat.dat,56,0,229,True,DECLARED_OPOINT_NOT_RUNTIME_REACHABILITY
native,808,a/kat/kat.dat,57,0,211,True,DECLARED_OPOINT_NOT_RUNTIME_REACHABILITY
native,808,a/kat/kat.dat,58,0,229,True,DECLARED_OPOINT_NOT_RUNTIME_REACHABILITY
native,808,a/kat/kat.dat,59,0,211,True,DECLARED_OPOINT_NOT_RUNTIME_REACHABILITY
native,808,a/kat/kat.dat,61,0,211,True,DECLARED_OPOINT_NOT_RUNTIME_REACHABILITY
native,818,a/kat/kat3.dat,0,0,818,True,DECLARED_OPOINT_NOT_RUNTIME_REACHABILITY
native,818,a/kat/kat3.dat,1,0,818,True,DECLARED_OPOINT_NOT_RUNTIME_REACHABILITY
native,818,a/kat/kat3.dat,2,0,818,True,DECLARED_OPOINT_NOT_RUNTIME_REACHABILITY
native,818,a/kat/kat3.dat,31,0,121,True,DECLARED_OPOINT_NOT_RUNTIME_REACHABILITY
native,818,a/kat/kat3.dat,51,0,210,True,DECLARED_OPOINT_NOT_RUNTIME_REACHABILITY
native,830,a/kat/kat4.dat,0,0,830,True,DECLARED_OPOINT_NOT_RUNTIME_REACHABILITY
native,830,a/kat/kat4.dat,1,0,830,True,DECLARED_OPOINT_NOT_RUNTIME_REACHABILITY
native,830,a/kat/kat4.dat,2,0,830,True,DECLARED_OPOINT_NOT_RUNTIME_REACHABILITY
native,830,a/kat/kat4.dat,31,0,120,True,DECLARED_OPOINT_NOT_RUNTIME_REACHABILITY
native,830,a/kat/kat4.dat,51,0,210,True,DECLARED_OPOINT_NOT_RUNTIME_REACHABILITY
native,900,a/cla/cla.dat,230,0,900,True,DECLARED_OPOINT_NOT_RUNTIME_REACHABILITY
native,900,a/cla/cla.dat,282,0,900,True,DECLARED_OPOINT_NOT_RUNTIME_REACHABILITY
native,900,a/cla/cla.dat,283,0,900,True,DECLARED_OPOINT_NOT_RUNTIME_REACHABILITY
unity,50,Assets/NTSD/Config/Character/pein.dat,62,3,50,True,DECLARED_OPOINT_NOT_RUNTIME_REACHABILITY
unity,50,Assets/NTSD/Config/Character/pein.dat,67,1,50,True,DECLARED_OPOINT_NOT_RUNTIME_REACHABILITY
unity,50,Assets/NTSD/Config/Character/pein.dat,236,0,50,True,DECLARED_OPOINT_NOT_RUNTIME_REACHABILITY
unity,50,Assets/NTSD/Config/Character/pein.dat,237,0,50,True,DECLARED_OPOINT_NOT_RUNTIME_REACHABILITY
unity,50,Assets/NTSD/Config/Character/pein.dat,257,1,438,True,DECLARED_OPOINT_NOT_RUNTIME_REACHABILITY
unity,50,Assets/NTSD/Config/Character/pein.dat,258,1,204,True,DECLARED_OPOINT_NOT_RUNTIME_REACHABILITY
unity,50,Assets/NTSD/Config/Character/pein.dat,266,0,204,True,DECLARED_OPOINT_NOT_RUNTIME_REACHABILITY
unity,50,Assets/NTSD/Config/Character/pein.dat,271,0,123,True,DECLARED_OPOINT_NOT_RUNTIME_REACHABILITY
unity,50,Assets/NTSD/Config/Character/pein.dat,272,0,203,True,DECLARED_OPOINT_NOT_RUNTIME_REACHABILITY
unity,50,Assets/NTSD/Config/Character/pein.dat,282,1,50,True,DECLARED_OPOINT_NOT_RUNTIME_REACHABILITY
unity,50,Assets/NTSD/Config/Character/pein.dat,283,1,204,True,DECLARED_OPOINT_NOT_RUNTIME_REACHABILITY
unity,50,Assets/NTSD/Config/Character/pein.dat,288,0,200,True,DECLARED_OPOINT_NOT_RUNTIME_REACHABILITY
unity,50,Assets/NTSD/Config/Character/pein.dat,289,0,208,True,DECLARED_OPOINT_NOT_RUNTIME_REACHABILITY
unity,50,Assets/NTSD/Config/Character/pein.dat,290,0,208,True,DECLARED_OPOINT_NOT_RUNTIME_REACHABILITY
unity,50,Assets/NTSD/Config/Character/pein.dat,294,0,204,True,DECLARED_OPOINT_NOT_RUNTIME_REACHABILITY
unity,50,Assets/NTSD/Config/Character/pein.dat,299,1,401,True,DECLARED_OPOINT_NOT_RUNTIME_REACHABILITY
unity,50,Assets/NTSD/Config/Character/pein.dat,302,1,50,True,DECLARED_OPOINT_NOT_RUNTIME_REACHABILITY
unity,50,Assets/NTSD/Config/Character/pein.dat,303,1,204,True,DECLARED_OPOINT_NOT_RUNTIME_REACHABILITY
unity,50,Assets/NTSD/Config/Character/pein.dat,308,0,412,True,DECLARED_OPOINT_NOT_RUNTIME_REACHABILITY
unity,50,Assets/NTSD/Config/Character/pein.dat,309,1,229,True,DECLARED_OPOINT_NOT_RUNTIME_REACHABILITY
unity,50,Assets/NTSD/Config/Character/pein.dat,319,1,401,True,DECLARED_OPOINT_NOT_RUNTIME_REACHABILITY
unity,50,Assets/NTSD/Config/Character/pein.dat,322,1,438,True,DECLARED_OPOINT_NOT_RUNTIME_REACHABILITY
unity,50,Assets/NTSD/Config/Character/pein.dat,330,0,204,True,DECLARED_OPOINT_NOT_RUNTIME_REACHABILITY
unity,50,Assets/NTSD/Config/Character/pein.dat,395,1,214,True,DECLARED_OPOINT_NOT_RUNTIME_REACHABILITY
unity,50,Assets/NTSD/Config/Character/pein.dat,398,0,201,True,DECLARED_OPOINT_NOT_RUNTIME_REACHABILITY
unity,52,Assets/NTSD/Config/Character/kyubi.dat,0,3,224,True,DECLARED_OPOINT_NOT_RUNTIME_REACHABILITY
unity,52,Assets/NTSD/Config/Character/kyubi.dat,1,2,224,True,DECLARED_OPOINT_NOT_RUNTIME_REACHABILITY
unity,52,Assets/NTSD/Config/Character/kyubi.dat,2,2,224,True,DECLARED_OPOINT_NOT_RUNTIME_REACHABILITY
unity,52,Assets/NTSD/Config/Character/kyubi.dat,3,1,224,True,DECLARED_OPOINT_NOT_RUNTIME_REACHABILITY
unity,52,Assets/NTSD/Config/Character/kyubi.dat,5,0,224,True,DECLARED_OPOINT_NOT_RUNTIME_REACHABILITY
unity,52,Assets/NTSD/Config/Character/kyubi.dat,6,0,224,True,DECLARED_OPOINT_NOT_RUNTIME_REACHABILITY
unity,52,Assets/NTSD/Config/Character/kyubi.dat,7,0,224,True,DECLARED_OPOINT_NOT_RUNTIME_REACHABILITY
unity,52,Assets/NTSD/Config/Character/kyubi.dat,8,0,224,True,DECLARED_OPOINT_NOT_RUNTIME_REACHABILITY
unity,52,Assets/NTSD/Config/Character/kyubi.dat,20,3,224,True,DECLARED_OPOINT_NOT_RUNTIME_REACHABILITY
unity,52,Assets/NTSD/Config/Character/kyubi.dat,21,3,224,True,DECLARED_OPOINT_NOT_RUNTIME_REACHABILITY
unity,52,Assets/NTSD/Config/Character/kyubi.dat,22,3,224,True,DECLARED_OPOINT_NOT_RUNTIME_REACHABILITY
unity,52,Assets/NTSD/Config/Character/kyubi.dat,23,3,224,True,DECLARED_OPOINT_NOT_RUNTIME_REACHABILITY
unity,52,Assets/NTSD/Config/Character/kyubi.dat,24,3,224,True,DECLARED_OPOINT_NOT_RUNTIME_REACHABILITY
unity,52,Assets/NTSD/Config/Character/kyubi.dat,25,3,224,True,DECLARED_OPOINT_NOT_RUNTIME_REACHABILITY
unity,52,Assets/NTSD/Config/Character/kyubi.dat,26,3,224,True,DECLARED_OPOINT_NOT_RUNTIME_REACHABILITY
unity,52,Assets/NTSD/Config/Character/kyubi.dat,27,3,224,True,DECLARED_OPOINT_NOT_RUNTIME_REACHABILITY
unity,52,Assets/NTSD/Config/Character/kyubi.dat,60,1,224,True,DECLARED_OPOINT_NOT_RUNTIME_REACHABILITY
unity,52,Assets/NTSD/Config/Character/kyubi.dat,61,2,224,True,DECLARED_OPOINT_NOT_RUNTIME_REACHABILITY
unity,52,Assets/NTSD/Config/Character/kyubi.dat,62,1,224,True,DECLARED_OPOINT_NOT_RUNTIME_REACHABILITY
unity,52,Assets/NTSD/Config/Character/kyubi.dat,64,1,224,True,DECLARED_OPOINT_NOT_RUNTIME_REACHABILITY
unity,52,Assets/NTSD/Config/Character/kyubi.dat,65,0,224,True,DECLARED_OPOINT_NOT_RUNTIME_REACHABILITY
unity,52,Assets/NTSD/Config/Character/kyubi.dat,66,1,224,True,DECLARED_OPOINT_NOT_RUNTIME_REACHABILITY
unity,52,Assets/NTSD/Config/Character/kyubi.dat,67,2,224,True,DECLARED_OPOINT_NOT_RUNTIME_REACHABILITY
unity,52,Assets/NTSD/Config/Character/kyubi.dat,69,2,224,True,DECLARED_OPOINT_NOT_RUNTIME_REACHABILITY
unity,52,Assets/NTSD/Config/Character/kyubi.dat,122,1,229,True,DECLARED_OPOINT_NOT_RUNTIME_REACHABILITY
unity,52,Assets/NTSD/Config/Character/kyubi.dat,145,0,203,True,DECLARED_OPOINT_NOT_RUNTIME_REACHABILITY
unity,52,Assets/NTSD/Config/Character/kyubi.dat,241,0,203,True,DECLARED_OPOINT_NOT_RUNTIME_REACHABILITY
unity,52,Assets/NTSD/Config/Character/kyubi.dat,242,0,224,True,DECLARED_OPOINT_NOT_RUNTIME_REACHABILITY
unity,52,Assets/NTSD/Config/Character/kyubi.dat,271,1,224,True,DECLARED_OPOINT_NOT_RUNTIME_REACHABILITY
unity,52,Assets/NTSD/Config/Character/kyubi.dat,273,1,224,True,DECLARED_OPOINT_NOT_RUNTIME_REACHABILITY
unity,52,Assets/NTSD/Config/Character/kyubi.dat,275,0,224,True,DECLARED_OPOINT_NOT_RUNTIME_REACHABILITY
unity,52,Assets/NTSD/Config/Character/kyubi.dat,277,0,224,True,DECLARED_OPOINT_NOT_RUNTIME_REACHABILITY
unity,52,Assets/NTSD/Config/Character/kyubi.dat,279,0,223,True,DECLARED_OPOINT_NOT_RUNTIME_REACHABILITY
unity,52,Assets/NTSD/Config/Character/kyubi.dat,304,0,446,True,DECLARED_OPOINT_NOT_RUNTIME_REACHABILITY
unity,52,Assets/NTSD/Config/Character/kyubi.dat,306,0,446,True,DECLARED_OPOINT_NOT_RUNTIME_REACHABILITY
unity,52,Assets/NTSD/Config/Character/kyubi.dat,307,3,224,True,DECLARED_OPOINT_NOT_RUNTIME_REACHABILITY
unity,52,Assets/NTSD/Config/Character/kyubi.dat,308,3,224,True,DECLARED_OPOINT_NOT_RUNTIME_REACHABILITY
unity,52,Assets/NTSD/Config/Character/kyubi.dat,309,3,224,True,DECLARED_OPOINT_NOT_RUNTIME_REACHABILITY
unity,52,Assets/NTSD/Config/Character/kyubi.dat,310,3,224,True,DECLARED_OPOINT_NOT_RUNTIME_REACHABILITY
unity,52,Assets/NTSD/Config/Character/kyubi.dat,311,0,447,True,DECLARED_OPOINT_NOT_RUNTIME_REACHABILITY
unity,52,Assets/NTSD/Config/Character/kyubi.dat,315,1,224,True,DECLARED_OPOINT_NOT_RUNTIME_REACHABILITY
unity,52,Assets/NTSD/Config/Character/kyubi.dat,316,2,224,True,DECLARED_OPOINT_NOT_RUNTIME_REACHABILITY
unity,52,Assets/NTSD/Config/Character/kyubi.dat,317,1,446,True,DECLARED_OPOINT_NOT_RUNTIME_REACHABILITY
unity,52,Assets/NTSD/Config/Character/kyubi.dat,318,2,446,True,DECLARED_OPOINT_NOT_RUNTIME_REACHABILITY
unity,52,Assets/NTSD/Config/Character/kyubi.dat,319,2,224,True,DECLARED_OPOINT_NOT_RUNTIME_REACHABILITY
unity,52,Assets/NTSD/Config/Character/kyubi.dat,320,2,224,True,DECLARED_OPOINT_NOT_RUNTIME_REACHABILITY
unity,52,Assets/NTSD/Config/Character/kyubi.dat,321,1,224,True,DECLARED_OPOINT_NOT_RUNTIME_REACHABILITY
unity,52,Assets/NTSD/Config/Character/kyubi.dat,325,2,224,True,DECLARED_OPOINT_NOT_RUNTIME_REACHABILITY
unity,52,Assets/NTSD/Config/Character/kyubi.dat,326,2,224,True,DECLARED_OPOINT_NOT_RUNTIME_REACHABILITY
unity,52,Assets/NTSD/Config/Character/kyubi.dat,327,0,446,True,DECLARED_OPOINT_NOT_RUNTIME_REACHABILITY
unity,52,Assets/NTSD/Config/Character/kyubi.dat,328,2,224,True,DECLARED_OPOINT_NOT_RUNTIME_REACHABILITY
unity,52,Assets/NTSD/Config/Character/kyubi.dat,329,2,224,True,DECLARED_OPOINT_NOT_RUNTIME_REACHABILITY
unity,52,Assets/NTSD/Config/Character/kyubi.dat,330,2,224,True,DECLARED_OPOINT_NOT_RUNTIME_REACHABILITY
unity,52,Assets/NTSD/Config/Character/kyubi.dat,331,2,224,True,DECLARED_OPOINT_NOT_RUNTIME_REACHABILITY
unity,52,Assets/NTSD/Config/Character/kyubi.dat,332,2,224,True,DECLARED_OPOINT_NOT_RUNTIME_REACHABILITY
unity,52,Assets/NTSD/Config/Character/kyubi.dat,333,2,224,True,DECLARED_OPOINT_NOT_RUNTIME_REACHABILITY
unity,52,Assets/NTSD/Config/Character/kyubi.dat,334,2,224,True,DECLARED_OPOINT_NOT_RUNTIME_REACHABILITY
unity,52,Assets/NTSD/Config/Character/kyubi.dat,335,1,224,True,DECLARED_OPOINT_NOT_RUNTIME_REACHABILITY
unity,52,Assets/NTSD/Config/Character/kyubi.dat,336,2,224,True,DECLARED_OPOINT_NOT_RUNTIME_REACHABILITY
unity,52,Assets/NTSD/Config/Character/kyubi.dat,337,2,224,True,DECLARED_OPOINT_NOT_RUNTIME_REACHABILITY
unity,52,Assets/NTSD/Config/Character/kyubi.dat,338,2,224,True,DECLARED_OPOINT_NOT_RUNTIME_REACHABILITY
unity,52,Assets/NTSD/Config/Character/kyubi.dat,339,2,224,True,DECLARED_OPOINT_NOT_RUNTIME_REACHABILITY
unity,52,Assets/NTSD/Config/Character/kyubi.dat,340,0,446,True,DECLARED_OPOINT_NOT_RUNTIME_REACHABILITY
unity,52,Assets/NTSD/Config/Character/kyubi.dat,341,0,446,True,DECLARED_OPOINT_NOT_RUNTIME_REACHABILITY
unity,52,Assets/NTSD/Config/Character/kyubi.dat,342,0,446,True,DECLARED_OPOINT_NOT_RUNTIME_REACHABILITY
unity,52,Assets/NTSD/Config/Character/kyubi.dat,343,0,446,True,DECLARED_OPOINT_NOT_RUNTIME_REACHABILITY
unity,52,Assets/NTSD/Config/Character/kyubi.dat,344,0,446,True,DECLARED_OPOINT_NOT_RUNTIME_REACHABILITY
unity,52,Assets/NTSD/Config/Character/kyubi.dat,345,0,446,True,DECLARED_OPOINT_NOT_RUNTIME_REACHABILITY
unity,52,Assets/NTSD/Config/Character/kyubi.dat,346,0,446,True,DECLARED_OPOINT_NOT_RUNTIME_REACHABILITY
unity,52,Assets/NTSD/Config/Character/kyubi.dat,347,0,446,True,DECLARED_OPOINT_NOT_RUNTIME_REACHABILITY
unity,52,Assets/NTSD/Config/Character/kyubi.dat,348,0,446,True,DECLARED_OPOINT_NOT_RUNTIME_REACHABILITY
unity,52,Assets/NTSD/Config/Character/kyubi.dat,349,0,446,True,DECLARED_OPOINT_NOT_RUNTIME_REACHABILITY
unity,52,Assets/NTSD/Config/Character/kyubi.dat,350,0,446,True,DECLARED_OPOINT_NOT_RUNTIME_REACHABILITY
unity,52,Assets/NTSD/Config/Character/kyubi.dat,351,0,446,True,DECLARED_OPOINT_NOT_RUNTIME_REACHABILITY
unity,52,Assets/NTSD/Config/Character/kyubi.dat,352,0,446,True,DECLARED_OPOINT_NOT_RUNTIME_REACHABILITY
unity,52,Assets/NTSD/Config/Character/kyubi.dat,353,0,446,True,DECLARED_OPOINT_NOT_RUNTIME_REACHABILITY
unity,52,Assets/NTSD/Config/Character/kyubi.dat,355,2,224,True,DECLARED_OPOINT_NOT_RUNTIME_REACHABILITY
unity,52,Assets/NTSD/Config/Character/kyubi.dat,356,3,224,True,DECLARED_OPOINT_NOT_RUNTIME_REACHABILITY
unity,52,Assets/NTSD/Config/Character/kyubi.dat,357,2,224,True,DECLARED_OPOINT_NOT_RUNTIME_REACHABILITY
unity,52,Assets/NTSD/Config/Character/kyubi.dat,358,3,224,True,DECLARED_OPOINT_NOT_RUNTIME_REACHABILITY
unity,52,Assets/NTSD/Config/Character/kyubi.dat,360,2,224,True,DECLARED_OPOINT_NOT_RUNTIME_REACHABILITY
unity,52,Assets/NTSD/Config/Character/kyubi.dat,361,2,224,True,DECLARED_OPOINT_NOT_RUNTIME_REACHABILITY
unity,52,Assets/NTSD/Config/Character/kyubi.dat,365,1,224,True,DECLARED_OPOINT_NOT_RUNTIME_REACHABILITY
unity,52,Assets/NTSD/Config/Character/kyubi.dat,366,0,224,True,DECLARED_OPOINT_NOT_RUNTIME_REACHABILITY
unity,52,Assets/NTSD/Config/Character/kyubi.dat,367,0,204,True,DECLARED_OPOINT_NOT_RUNTIME_REACHABILITY
unity,52,Assets/NTSD/Config/Character/kyubi.dat,368,1,204,True,DECLARED_OPOINT_NOT_RUNTIME_REACHABILITY
unity,52,Assets/NTSD/Config/Character/kyubi.dat,371,0,446,True,DECLARED_OPOINT_NOT_RUNTIME_REACHABILITY
unity,52,Assets/NTSD/Config/Character/kyubi.dat,376,1,224,True,DECLARED_OPOINT_NOT_RUNTIME_REACHABILITY
unity,52,Assets/NTSD/Config/Character/kyubi.dat,377,2,224,True,DECLARED_OPOINT_NOT_RUNTIME_REACHABILITY
unity,52,Assets/NTSD/Config/Character/kyubi.dat,378,0,446,True,DECLARED_OPOINT_NOT_RUNTIME_REACHABILITY
unity,52,Assets/NTSD/Config/Character/kyubi.dat,380,3,224,True,DECLARED_OPOINT_NOT_RUNTIME_REACHABILITY
unity,52,Assets/NTSD/Config/Character/kyubi.dat,381,3,224,True,DECLARED_OPOINT_NOT_RUNTIME_REACHABILITY
unity,52,Assets/NTSD/Config/Character/kyubi.dat,382,3,224,True,DECLARED_OPOINT_NOT_RUNTIME_REACHABILITY
unity,52,Assets/NTSD/Config/Character/kyubi.dat,383,2,224,True,DECLARED_OPOINT_NOT_RUNTIME_REACHABILITY
unity,52,Assets/NTSD/Config/Character/kyubi.dat,384,3,224,True,DECLARED_OPOINT_NOT_RUNTIME_REACHABILITY
unity,52,Assets/NTSD/Config/Character/kyubi.dat,385,2,224,True,DECLARED_OPOINT_NOT_RUNTIME_REACHABILITY
unity,52,Assets/NTSD/Config/Character/kyubi.dat,386,3,224,True,DECLARED_OPOINT_NOT_RUNTIME_REACHABILITY
unity,52,Assets/NTSD/Config/Character/kyubi.dat,389,2,204,True,DECLARED_OPOINT_NOT_RUNTIME_REACHABILITY
unity,52,Assets/NTSD/Config/Character/kyubi.dat,236,0,436,True,DECLARED_OPOINT_NOT_RUNTIME_REACHABILITY
unity,52,Assets/NTSD/Config/Character/kyubi.dat,252,0,436,True,DECLARED_OPOINT_NOT_RUNTIME_REACHABILITY
unity,52,Assets/NTSD/Config/Character/kyubi.dat,292,0,436,True,DECLARED_OPOINT_NOT_RUNTIME_REACHABILITY
unity,52,Assets/NTSD/Config/Character/kyubi.dat,398,0,201,True,DECLARED_OPOINT_NOT_RUNTIME_REACHABILITY
unity,38,Assets/NTSD/Config/Character/sasuke_cs2.dat,18,0,203,True,DECLARED_OPOINT_NOT_RUNTIME_REACHABILITY
unity,38,Assets/NTSD/Config/Character/sasuke_cs2.dat,72,0,224,True,DECLARED_OPOINT_NOT_RUNTIME_REACHABILITY
unity,38,Assets/NTSD/Config/Character/sasuke_cs2.dat,86,0,203,True,DECLARED_OPOINT_NOT_RUNTIME_REACHABILITY
unity,38,Assets/NTSD/Config/Character/sasuke_cs2.dat,87,0,203,True,DECLARED_OPOINT_NOT_RUNTIME_REACHABILITY
unity,38,Assets/NTSD/Config/Character/sasuke_cs2.dat,221,1,203,True,DECLARED_OPOINT_NOT_RUNTIME_REACHABILITY
unity,38,Assets/NTSD/Config/Character/sasuke_cs2.dat,223,1,203,True,DECLARED_OPOINT_NOT_RUNTIME_REACHABILITY
unity,38,Assets/NTSD/Config/Character/sasuke_cs2.dat,225,1,203,True,DECLARED_OPOINT_NOT_RUNTIME_REACHABILITY
unity,38,Assets/NTSD/Config/Character/sasuke_cs2.dat,227,1,203,True,DECLARED_OPOINT_NOT_RUNTIME_REACHABILITY
unity,38,Assets/NTSD/Config/Character/sasuke_cs2.dat,229,1,203,True,DECLARED_OPOINT_NOT_RUNTIME_REACHABILITY
unity,38,Assets/NTSD/Config/Character/sasuke_cs2.dat,238,0,203,True,DECLARED_OPOINT_NOT_RUNTIME_REACHABILITY
unity,38,Assets/NTSD/Config/Character/sasuke_cs2.dat,241,0,203,True,DECLARED_OPOINT_NOT_RUNTIME_REACHABILITY
unity,38,Assets/NTSD/Config/Character/sasuke_cs2.dat,243,0,440,True,DECLARED_OPOINT_NOT_RUNTIME_REACHABILITY
unity,38,Assets/NTSD/Config/Character/sasuke_cs2.dat,244,0,440,True,DECLARED_OPOINT_NOT_RUNTIME_REACHABILITY
unity,38,Assets/NTSD/Config/Character/sasuke_cs2.dat,245,0,440,True,DECLARED_OPOINT_NOT_RUNTIME_REACHABILITY
unity,38,Assets/NTSD/Config/Character/sasuke_cs2.dat,246,0,440,True,DECLARED_OPOINT_NOT_RUNTIME_REACHABILITY
unity,38,Assets/NTSD/Config/Character/sasuke_cs2.dat,258,0,203,True,DECLARED_OPOINT_NOT_RUNTIME_REACHABILITY
unity,38,Assets/NTSD/Config/Character/sasuke_cs2.dat,259,0,203,True,DECLARED_OPOINT_NOT_RUNTIME_REACHABILITY
unity,38,Assets/NTSD/Config/Character/sasuke_cs2.dat,262,1,440,True,DECLARED_OPOINT_NOT_RUNTIME_REACHABILITY
unity,38,Assets/NTSD/Config/Character/sasuke_cs2.dat,264,2,440,True,DECLARED_OPOINT_NOT_RUNTIME_REACHABILITY
unity,38,Assets/NTSD/Config/Character/sasuke_cs2.dat,266,2,440,True,DECLARED_OPOINT_NOT_RUNTIME_REACHABILITY
unity,38,Assets/NTSD/Config/Character/sasuke_cs2.dat,267,3,440,True,DECLARED_OPOINT_NOT_RUNTIME_REACHABILITY
unity,38,Assets/NTSD/Config/Character/sasuke_cs2.dat,268,2,440,True,DECLARED_OPOINT_NOT_RUNTIME_REACHABILITY
unity,38,Assets/NTSD/Config/Character/sasuke_cs2.dat,271,0,203,True,DECLARED_OPOINT_NOT_RUNTIME_REACHABILITY
unity,38,Assets/NTSD/Config/Character/sasuke_cs2.dat,274,0,123,True,DECLARED_OPOINT_NOT_RUNTIME_REACHABILITY
unity,38,Assets/NTSD/Config/Character/sasuke_cs2.dat,275,0,203,True,DECLARED_OPOINT_NOT_RUNTIME_REACHABILITY
unity,38,Assets/NTSD/Config/Character/sasuke_cs2.dat,281,1,226,True,DECLARED_OPOINT_NOT_RUNTIME_REACHABILITY
unity,38,Assets/NTSD/Config/Character/sasuke_cs2.dat,282,1,226,True,DECLARED_OPOINT_NOT_RUNTIME_REACHABILITY
unity,38,Assets/NTSD/Config/Character/sasuke_cs2.dat,283,1,226,True,DECLARED_OPOINT_NOT_RUNTIME_REACHABILITY
unity,38,Assets/NTSD/Config/Character/sasuke_cs2.dat,286,1,203,True,DECLARED_OPOINT_NOT_RUNTIME_REACHABILITY
unity,38,Assets/NTSD/Config/Character/sasuke_cs2.dat,287,1,224,True,DECLARED_OPOINT_NOT_RUNTIME_REACHABILITY
unity,38,Assets/NTSD/Config/Character/sasuke_cs2.dat,288,1,222,True,DECLARED_OPOINT_NOT_RUNTIME_REACHABILITY
unity,38,Assets/NTSD/Config/Character/sasuke_cs2.dat,293,0,203,True,DECLARED_OPOINT_NOT_RUNTIME_REACHABILITY
unity,38,Assets/NTSD/Config/Character/sasuke_cs2.dat,295,2,440,True,DECLARED_OPOINT_NOT_RUNTIME_REACHABILITY
unity,38,Assets/NTSD/Config/Character/sasuke_cs2.dat,296,2,440,True,DECLARED_OPOINT_NOT_RUNTIME_REACHABILITY
unity,38,Assets/NTSD/Config/Character/sasuke_cs2.dat,297,1,440,True,DECLARED_OPOINT_NOT_RUNTIME_REACHABILITY
unity,38,Assets/NTSD/Config/Character/sasuke_cs2.dat,303,2,440,True,DECLARED_OPOINT_NOT_RUNTIME_REACHABILITY
unity,38,Assets/NTSD/Config/Character/sasuke_cs2.dat,313,0,203,True,DECLARED_OPOINT_NOT_RUNTIME_REACHABILITY
unity,38,Assets/NTSD/Config/Character/sasuke_cs2.dat,314,1,419,True,DECLARED_OPOINT_NOT_RUNTIME_REACHABILITY
unity,38,Assets/NTSD/Config/Character/sasuke_cs2.dat,315,1,419,True,DECLARED_OPOINT_NOT_RUNTIME_REACHABILITY
unity,38,Assets/NTSD/Config/Character/sasuke_cs2.dat,316,1,419,True,DECLARED_OPOINT_NOT_RUNTIME_REACHABILITY
unity,38,Assets/NTSD/Config/Character/sasuke_cs2.dat,327,2,408,True,DECLARED_OPOINT_NOT_RUNTIME_REACHABILITY
unity,38,Assets/NTSD/Config/Character/sasuke_cs2.dat,328,1,408,True,DECLARED_OPOINT_NOT_RUNTIME_REACHABILITY
unity,38,Assets/NTSD/Config/Character/sasuke_cs2.dat,395,1,214,True,DECLARED_OPOINT_NOT_RUNTIME_REACHABILITY
unity,38,Assets/NTSD/Config/Character/sasuke_cs2.dat,398,0,201,True,DECLARED_OPOINT_NOT_RUNTIME_REACHABILITY
unity,58,Assets/NTSD/Config/Character/deidara_bird.dat,76,0,407,True,DECLARED_OPOINT_NOT_RUNTIME_REACHABILITY
unity,58,Assets/NTSD/Config/Character/deidara_bird.dat,88,1,200,True,DECLARED_OPOINT_NOT_RUNTIME_REACHABILITY
unity,58,Assets/NTSD/Config/Character/deidara_bird.dat,91,1,200,True,DECLARED_OPOINT_NOT_RUNTIME_REACHABILITY
unity,58,Assets/NTSD/Config/Character/deidara_bird.dat,146,0,235,True,DECLARED_OPOINT_NOT_RUNTIME_REACHABILITY
unity,58,Assets/NTSD/Config/Character/deidara_bird.dat,149,0,235,True,DECLARED_OPOINT_NOT_RUNTIME_REACHABILITY
unity,58,Assets/NTSD/Config/Character/deidara_bird.dat,236,0,407,True,DECLARED_OPOINT_NOT_RUNTIME_REACHABILITY
unity,58,Assets/NTSD/Config/Character/deidara_bird.dat,241,0,206,True,DECLARED_OPOINT_NOT_RUNTIME_REACHABILITY
unity,58,Assets/NTSD/Config/Character/deidara_bird.dat,243,0,221,True,DECLARED_OPOINT_NOT_RUNTIME_REACHABILITY
unity,58,Assets/NTSD/Config/Character/deidara_bird.dat,246,0,221,True,DECLARED_OPOINT_NOT_RUNTIME_REACHABILITY
unity,58,Assets/NTSD/Config/Character/deidara_bird.dat,251,0,206,True,DECLARED_OPOINT_NOT_RUNTIME_REACHABILITY
unity,58,Assets/NTSD/Config/Character/deidara_bird.dat,253,0,206,True,DECLARED_OPOINT_NOT_RUNTIME_REACHABILITY
unity,58,Assets/NTSD/Config/Character/deidara_bird.dat,262,0,206,True,DECLARED_OPOINT_NOT_RUNTIME_REACHABILITY
unity,58,Assets/NTSD/Config/Character/deidara_bird.dat,263,0,206,True,DECLARED_OPOINT_NOT_RUNTIME_REACHABILITY
unity,58,Assets/NTSD/Config/Character/deidara_bird.dat,264,0,206,True,DECLARED_OPOINT_NOT_RUNTIME_REACHABILITY
unity,58,Assets/NTSD/Config/Character/deidara_bird.dat,265,0,206,True,DECLARED_OPOINT_NOT_RUNTIME_REACHABILITY
unity,58,Assets/NTSD/Config/Character/deidara_bird.dat,266,0,206,True,DECLARED_OPOINT_NOT_RUNTIME_REACHABILITY
unity,58,Assets/NTSD/Config/Character/deidara_bird.dat,267,0,206,True,DECLARED_OPOINT_NOT_RUNTIME_REACHABILITY
unity,58,Assets/NTSD/Config/Character/deidara_bird.dat,268,0,206,True,DECLARED_OPOINT_NOT_RUNTIME_REACHABILITY
unity,58,Assets/NTSD/Config/Character/deidara_bird.dat,271,0,123,True,DECLARED_OPOINT_NOT_RUNTIME_REACHABILITY
unity,58,Assets/NTSD/Config/Character/deidara_bird.dat,272,0,203,True,DECLARED_OPOINT_NOT_RUNTIME_REACHABILITY
unity,58,Assets/NTSD/Config/Character/deidara_bird.dat,282,0,206,True,DECLARED_OPOINT_NOT_RUNTIME_REACHABILITY
unity,58,Assets/NTSD/Config/Character/deidara_bird.dat,292,0,206,True,DECLARED_OPOINT_NOT_RUNTIME_REACHABILITY
unity,58,Assets/NTSD/Config/Character/deidara_bird.dat,293,0,206,True,DECLARED_OPOINT_NOT_RUNTIME_REACHABILITY
unity,58,Assets/NTSD/Config/Character/deidara_bird.dat,294,0,206,True,DECLARED_OPOINT_NOT_RUNTIME_REACHABILITY
unity,58,Assets/NTSD/Config/Character/deidara_bird.dat,295,0,206,True,DECLARED_OPOINT_NOT_RUNTIME_REACHABILITY
unity,58,Assets/NTSD/Config/Character/deidara_bird.dat,296,0,206,True,DECLARED_OPOINT_NOT_RUNTIME_REACHABILITY
unity,58,Assets/NTSD/Config/Character/deidara_bird.dat,297,0,206,True,DECLARED_OPOINT_NOT_RUNTIME_REACHABILITY
unity,58,Assets/NTSD/Config/Character/deidara_bird.dat,298,0,407,True,DECLARED_OPOINT_NOT_RUNTIME_REACHABILITY
unity,58,Assets/NTSD/Config/Character/deidara_bird.dat,299,0,407,True,DECLARED_OPOINT_NOT_RUNTIME_REACHABILITY
unity,58,Assets/NTSD/Config/Character/deidara_bird.dat,300,0,225,True,DECLARED_OPOINT_NOT_RUNTIME_REACHABILITY
unity,58,Assets/NTSD/Config/Character/deidara_bird.dat,301,0,206,True,DECLARED_OPOINT_NOT_RUNTIME_REACHABILITY
unity,58,Assets/NTSD/Config/Character/deidara_bird.dat,302,0,206,True,DECLARED_OPOINT_NOT_RUNTIME_REACHABILITY
unity,58,Assets/NTSD/Config/Character/deidara_bird.dat,303,0,206,True,DECLARED_OPOINT_NOT_RUNTIME_REACHABILITY
unity,58,Assets/NTSD/Config/Character/deidara_bird.dat,304,0,206,True,DECLARED_OPOINT_NOT_RUNTIME_REACHABILITY
unity,58,Assets/NTSD/Config/Character/deidara_bird.dat,305,0,206,True,DECLARED_OPOINT_NOT_RUNTIME_REACHABILITY
unity,51,Assets/NTSD/Config/Character/sasori.dat,124,0,222,True,DECLARED_OPOINT_NOT_RUNTIME_REACHABILITY
unity,51,Assets/NTSD/Config/Character/sasori.dat,127,1,211,True,DECLARED_OPOINT_NOT_RUNTIME_REACHABILITY
unity,51,Assets/NTSD/Config/Character/sasori.dat,128,1,211,True,DECLARED_OPOINT_NOT_RUNTIME_REACHABILITY
unity,51,Assets/NTSD/Config/Character/sasori.dat,129,1,211,True,DECLARED_OPOINT_NOT_RUNTIME_REACHABILITY
unity,51,Assets/NTSD/Config/Character/sasori.dat,150,1,204,True,DECLARED_OPOINT_NOT_RUNTIME_REACHABILITY
unity,51,Assets/NTSD/Config/Character/sasori.dat,151,1,55,True,DECLARED_OPOINT_NOT_RUNTIME_REACHABILITY
unity,51,Assets/NTSD/Config/Character/sasori.dat,152,1,55,True,DECLARED_OPOINT_NOT_RUNTIME_REACHABILITY
unity,51,Assets/NTSD/Config/Character/sasori.dat,162,2,204,True,DECLARED_OPOINT_NOT_RUNTIME_REACHABILITY
unity,51,Assets/NTSD/Config/Character/sasori.dat,163,2,204,True,DECLARED_OPOINT_NOT_RUNTIME_REACHABILITY
unity,51,Assets/NTSD/Config/Character/sasori.dat,164,0,452,True,DECLARED_OPOINT_NOT_RUNTIME_REACHABILITY
unity,51,Assets/NTSD/Config/Character/sasori.dat,165,0,120,True,DECLARED_OPOINT_NOT_RUNTIME_REACHABILITY
unity,51,Assets/NTSD/Config/Character/sasori.dat,166,0,222,True,DECLARED_OPOINT_NOT_RUNTIME_REACHABILITY
unity,51,Assets/NTSD/Config/Character/sasori.dat,246,2,203,True,DECLARED_OPOINT_NOT_RUNTIME_REACHABILITY
unity,51,Assets/NTSD/Config/Character/sasori.dat,256,2,203,True,DECLARED_OPOINT_NOT_RUNTIME_REACHABILITY
unity,51,Assets/NTSD/Config/Character/sasori.dat,267,2,419,True,DECLARED_OPOINT_NOT_RUNTIME_REACHABILITY
unity,51,Assets/NTSD/Config/Character/sasori.dat,271,0,211,True,DECLARED_OPOINT_NOT_RUNTIME_REACHABILITY
unity,51,Assets/NTSD/Config/Character/sasori.dat,272,0,211,True,DECLARED_OPOINT_NOT_RUNTIME_REACHABILITY
unity,51,Assets/NTSD/Config/Character/sasori.dat,273,0,211,True,DECLARED_OPOINT_NOT_RUNTIME_REACHABILITY
unity,51,Assets/NTSD/Config/Character/sasori.dat,278,0,222,True,DECLARED_OPOINT_NOT_RUNTIME_REACHABILITY
unity,51,Assets/NTSD/Config/Character/sasori.dat,279,0,213,True,DECLARED_OPOINT_NOT_RUNTIME_REACHABILITY
unity,51,Assets/NTSD/Config/Character/sasori.dat,289,0,222,True,DECLARED_OPOINT_NOT_RUNTIME_REACHABILITY
unity,51,Assets/NTSD/Config/Character/sasori.dat,290,0,213,True,DECLARED_OPOINT_NOT_RUNTIME_REACHABILITY
unity,51,Assets/NTSD/Config/Character/sasori.dat,292,2,203,True,DECLARED_OPOINT_NOT_RUNTIME_REACHABILITY
unity,51,Assets/NTSD/Config/Character/sasori.dat,316,0,123,True,DECLARED_OPOINT_NOT_RUNTIME_REACHABILITY
unity,51,Assets/NTSD/Config/Character/sasori.dat,317,0,203,True,DECLARED_OPOINT_NOT_RUNTIME_REACHABILITY
unity,51,Assets/NTSD/Config/Character/sasori.dat,323,0,211,True,DECLARED_OPOINT_NOT_RUNTIME_REACHABILITY
unity,51,Assets/NTSD/Config/Character/sasori.dat,326,3,203,True,DECLARED_OPOINT_NOT_RUNTIME_REACHABILITY
unity,51,Assets/NTSD/Config/Character/sasori.dat,332,2,419,True,DECLARED_OPOINT_NOT_RUNTIME_REACHABILITY
unity,51,Assets/NTSD/Config/Character/sasori.dat,333,2,211,True,DECLARED_OPOINT_NOT_RUNTIME_REACHABILITY
unity,51,Assets/NTSD/Config/Character/sasori.dat,334,2,211,True,DECLARED_OPOINT_NOT_RUNTIME_REACHABILITY
unity,51,Assets/NTSD/Config/Character/sasori.dat,335,2,419,True,DECLARED_OPOINT_NOT_RUNTIME_REACHABILITY
unity,51,Assets/NTSD/Config/Character/sasori.dat,336,2,211,True,DECLARED_OPOINT_NOT_RUNTIME_REACHABILITY
unity,51,Assets/NTSD/Config/Character/sasori.dat,337,2,211,True,DECLARED_OPOINT_NOT_RUNTIME_REACHABILITY
unity,51,Assets/NTSD/Config/Character/sasori.dat,338,2,211,True,DECLARED_OPOINT_NOT_RUNTIME_REACHABILITY
unity,51,Assets/NTSD/Config/Character/sasori.dat,339,2,211,True,DECLARED_OPOINT_NOT_RUNTIME_REACHABILITY
unity,51,Assets/NTSD/Config/Character/sasori.dat,340,2,211,True,DECLARED_OPOINT_NOT_RUNTIME_REACHABILITY
unity,51,Assets/NTSD/Config/Character/sasori.dat,347,0,213,True,DECLARED_OPOINT_NOT_RUNTIME_REACHABILITY
unity,51,Assets/NTSD/Config/Character/sasori.dat,348,0,203,True,DECLARED_OPOINT_NOT_RUNTIME_REACHABILITY
unity,51,Assets/NTSD/Config/Character/sasori.dat,370,2,451,True,DECLARED_OPOINT_NOT_RUNTIME_REACHABILITY
unity,51,Assets/NTSD/Config/Character/sasori.dat,371,2,451,True,DECLARED_OPOINT_NOT_RUNTIME_REACHABILITY
unity,51,Assets/NTSD/Config/Character/sasori.dat,372,2,451,True,DECLARED_OPOINT_NOT_RUNTIME_REACHABILITY
unity,51,Assets/NTSD/Config/Character/sasori.dat,373,2,451,True,DECLARED_OPOINT_NOT_RUNTIME_REACHABILITY
unity,51,Assets/NTSD/Config/Character/sasori.dat,374,2,203,True,DECLARED_OPOINT_NOT_RUNTIME_REACHABILITY
unity,51,Assets/NTSD/Config/Character/sasori.dat,375,2,451,True,DECLARED_OPOINT_NOT_RUNTIME_REACHABILITY
unity,51,Assets/NTSD/Config/Character/sasori.dat,376,2,451,True,DECLARED_OPOINT_NOT_RUNTIME_REACHABILITY
unity,51,Assets/NTSD/Config/Character/sasori.dat,377,2,451,True,DECLARED_OPOINT_NOT_RUNTIME_REACHABILITY
unity,51,Assets/NTSD/Config/Character/sasori.dat,378,2,451,True,DECLARED_OPOINT_NOT_RUNTIME_REACHABILITY
unity,51,Assets/NTSD/Config/Character/sasori.dat,379,1,451,True,DECLARED_OPOINT_NOT_RUNTIME_REACHABILITY
unity,51,Assets/NTSD/Config/Character/sasori.dat,383,2,512,True,DECLARED_OPOINT_NOT_RUNTIME_REACHABILITY
unity,51,Assets/NTSD/Config/Character/sasori.dat,384,2,511,True,DECLARED_OPOINT_NOT_RUNTIME_REACHABILITY
unity,51,Assets/NTSD/Config/Character/sasori.dat,385,2,510,True,DECLARED_OPOINT_NOT_RUNTIME_REACHABILITY
unity,51,Assets/NTSD/Config/Character/sasori.dat,395,1,214,True,DECLARED_OPOINT_NOT_RUNTIME_REACHABILITY
unity,51,Assets/NTSD/Config/Character/sasori.dat,398,0,201,True,DECLARED_OPOINT_NOT_RUNTIME_REACHABILITY
unity,56,Assets/NTSD/Config/Character/reaper.dat,71,0,446,True,DECLARED_OPOINT_NOT_RUNTIME_REACHABILITY
unity,56,Assets/NTSD/Config/Character/reaper.dat,82,0,203,True,DECLARED_OPOINT_NOT_RUNTIME_REACHABILITY
unity,56,Assets/NTSD/Config/Character/reaper.dat,83,0,203,True,DECLARED_OPOINT_NOT_RUNTIME_REACHABILITY
unity,56,Assets/NTSD/Config/Character/reaper.dat,84,0,203,True,DECLARED_OPOINT_NOT_RUNTIME_REACHABILITY
unity,56,Assets/NTSD/Config/Character/reaper.dat,75,0,203,True,DECLARED_OPOINT_NOT_RUNTIME_REACHABILITY
unity,56,Assets/NTSD/Config/Character/reaper.dat,76,0,203,True,DECLARED_OPOINT_NOT_RUNTIME_REACHABILITY
unity,56,Assets/NTSD/Config/Character/reaper.dat,87,0,446,True,DECLARED_OPOINT_NOT_RUNTIME_REACHABILITY
unity,56,Assets/NTSD/Config/Character/reaper.dat,91,0,446,True,DECLARED_OPOINT_NOT_RUNTIME_REACHABILITY
unity,56,Assets/NTSD/Config/Character/reaper.dat,98,0,446,True,DECLARED_OPOINT_NOT_RUNTIME_REACHABILITY
unity,56,Assets/NTSD/Config/Character/reaper.dat,128,0,446,True,DECLARED_OPOINT_NOT_RUNTIME_REACHABILITY
unity,56,Assets/NTSD/Config/Character/reaper.dat,180,4,446,True,DECLARED_OPOINT_NOT_RUNTIME_REACHABILITY
unity,56,Assets/NTSD/Config/Character/reaper.dat,181,4,446,True,DECLARED_OPOINT_NOT_RUNTIME_REACHABILITY
unity,56,Assets/NTSD/Config/Character/reaper.dat,182,3,446,True,DECLARED_OPOINT_NOT_RUNTIME_REACHABILITY
unity,56,Assets/NTSD/Config/Character/reaper.dat,183,2,446,True,DECLARED_OPOINT_NOT_RUNTIME_REACHABILITY
unity,56,Assets/NTSD/Config/Character/reaper.dat,184,2,446,True,DECLARED_OPOINT_NOT_RUNTIME_REACHABILITY
unity,56,Assets/NTSD/Config/Character/reaper.dat,185,2,446,True,DECLARED_OPOINT_NOT_RUNTIME_REACHABILITY
unity,56,Assets/NTSD/Config/Character/reaper.dat,186,4,446,True,DECLARED_OPOINT_NOT_RUNTIME_REACHABILITY
unity,56,Assets/NTSD/Config/Character/reaper.dat,187,2,446,True,DECLARED_OPOINT_NOT_RUNTIME_REACHABILITY
unity,56,Assets/NTSD/Config/Character/reaper.dat,188,3,446,True,DECLARED_OPOINT_NOT_RUNTIME_REACHABILITY
unity,56,Assets/NTSD/Config/Character/reaper.dat,189,3,446,True,DECLARED_OPOINT_NOT_RUNTIME_REACHABILITY
unity,56,Assets/NTSD/Config/Character/reaper.dat,190,2,446,True,DECLARED_OPOINT_NOT_RUNTIME_REACHABILITY
unity,56,Assets/NTSD/Config/Character/reaper.dat,191,2,446,True,DECLARED_OPOINT_NOT_RUNTIME_REACHABILITY
unity,56,Assets/NTSD/Config/Character/reaper.dat,201,1,446,True,DECLARED_OPOINT_NOT_RUNTIME_REACHABILITY
unity,56,Assets/NTSD/Config/Character/reaper.dat,220,3,446,True,DECLARED_OPOINT_NOT_RUNTIME_REACHABILITY
unity,56,Assets/NTSD/Config/Character/reaper.dat,221,3,446,True,DECLARED_OPOINT_NOT_RUNTIME_REACHABILITY
unity,56,Assets/NTSD/Config/Character/reaper.dat,222,3,446,True,DECLARED_OPOINT_NOT_RUNTIME_REACHABILITY
unity,56,Assets/NTSD/Config/Character/reaper.dat,223,3,446,True,DECLARED_OPOINT_NOT_RUNTIME_REACHABILITY
unity,56,Assets/NTSD/Config/Character/reaper.dat,224,3,446,True,DECLARED_OPOINT_NOT_RUNTIME_REACHABILITY
unity,56,Assets/NTSD/Config/Character/reaper.dat,225,2,446,True,DECLARED_OPOINT_NOT_RUNTIME_REACHABILITY
unity,56,Assets/NTSD/Config/Character/reaper.dat,226,2,446,True,DECLARED_OPOINT_NOT_RUNTIME_REACHABILITY
unity,56,Assets/NTSD/Config/Character/reaper.dat,227,1,446,True,DECLARED_OPOINT_NOT_RUNTIME_REACHABILITY
unity,56,Assets/NTSD/Config/Character/reaper.dat,230,1,446,True,DECLARED_OPOINT_NOT_RUNTIME_REACHABILITY
unity,56,Assets/NTSD/Config/Character/reaper.dat,238,2,446,True,DECLARED_OPOINT_NOT_RUNTIME_REACHABILITY
unity,56,Assets/NTSD/Config/Character/reaper.dat,241,0,446,True,DECLARED_OPOINT_NOT_RUNTIME_REACHABILITY
unity,56,Assets/NTSD/Config/Character/reaper.dat,261,2,446,True,DECLARED_OPOINT_NOT_RUNTIME_REACHABILITY
unity,56,Assets/NTSD/Config/Character/reaper.dat,268,2,446,True,DECLARED_OPOINT_NOT_RUNTIME_REACHABILITY
unity,56,Assets/NTSD/Config/Character/reaper.dat,281,2,446,True,DECLARED_OPOINT_NOT_RUNTIME_REACHABILITY
unity,56,Assets/NTSD/Config/Character/reaper.dat,286,1,446,True,DECLARED_OPOINT_NOT_RUNTIME_REACHABILITY
unity,56,Assets/NTSD/Config/Character/reaper.dat,291,0,123,True,DECLARED_OPOINT_NOT_RUNTIME_REACHABILITY
unity,56,Assets/NTSD/Config/Character/reaper.dat,292,0,203,True,DECLARED_OPOINT_NOT_RUNTIME_REACHABILITY
unity,56,Assets/NTSD/Config/Character/reaper.dat,296,2,446,True,DECLARED_OPOINT_NOT_RUNTIME_REACHABILITY
unity,56,Assets/NTSD/Config/Character/reaper.dat,299,2,446,True,DECLARED_OPOINT_NOT_RUNTIME_REACHABILITY
unity,56,Assets/NTSD/Config/Character/reaper.dat,302,2,446,True,DECLARED_OPOINT_NOT_RUNTIME_REACHABILITY
unity,56,Assets/NTSD/Config/Character/reaper.dat,306,0,203,True,DECLARED_OPOINT_NOT_RUNTIME_REACHABILITY
unity,56,Assets/NTSD/Config/Character/reaper.dat,309,0,446,True,DECLARED_OPOINT_NOT_RUNTIME_REACHABILITY
unity,56,Assets/NTSD/Config/Character/reaper.dat,312,0,446,True,DECLARED_OPOINT_NOT_RUNTIME_REACHABILITY
unity,56,Assets/NTSD/Config/Character/reaper.dat,316,0,446,True,DECLARED_OPOINT_NOT_RUNTIME_REACHABILITY
unity,56,Assets/NTSD/Config/Character/reaper.dat,320,0,446,True,DECLARED_OPOINT_NOT_RUNTIME_REACHABILITY
unity,56,Assets/NTSD/Config/Character/reaper.dat,323,0,446,True,DECLARED_OPOINT_NOT_RUNTIME_REACHABILITY
unity,56,Assets/NTSD/Config/Character/reaper.dat,326,0,446,True,DECLARED_OPOINT_NOT_RUNTIME_REACHABILITY
unity,56,Assets/NTSD/Config/Character/reaper.dat,329,0,446,True,DECLARED_OPOINT_NOT_RUNTIME_REACHABILITY
unity,56,Assets/NTSD/Config/Character/reaper.dat,338,1,200,True,DECLARED_OPOINT_NOT_RUNTIME_REACHABILITY
unity,56,Assets/NTSD/Config/Character/reaper.dat,395,1,214,True,DECLARED_OPOINT_NOT_RUNTIME_REACHABILITY
unity,56,Assets/NTSD/Config/Character/reaper.dat,398,0,201,True,DECLARED_OPOINT_NOT_RUNTIME_REACHABILITY
unity,57,Assets/NTSD/Config/Character/nckakuzu.dat,18,0,203,True,DECLARED_OPOINT_NOT_RUNTIME_REACHABILITY
unity,57,Assets/NTSD/Config/Character/nckakuzu.dat,71,1,499,True,DECLARED_OPOINT_NOT_RUNTIME_REACHABILITY
unity,57,Assets/NTSD/Config/Character/nckakuzu.dat,152,3,203,True,DECLARED_OPOINT_NOT_RUNTIME_REACHABILITY
unity,57,Assets/NTSD/Config/Character/nckakuzu.dat,153,3,500,True,DECLARED_OPOINT_NOT_RUNTIME_REACHABILITY
unity,57,Assets/NTSD/Config/Character/nckakuzu.dat,156,2,30,True,DECLARED_OPOINT_NOT_RUNTIME_REACHABILITY
unity,57,Assets/NTSD/Config/Character/nckakuzu.dat,161,2,30,True,DECLARED_OPOINT_NOT_RUNTIME_REACHABILITY
unity,57,Assets/NTSD/Config/Character/nckakuzu.dat,238,0,451,True,DECLARED_OPOINT_NOT_RUNTIME_REACHABILITY
unity,57,Assets/NTSD/Config/Character/nckakuzu.dat,240,0,204,True,DECLARED_OPOINT_NOT_RUNTIME_REACHABILITY
unity,57,Assets/NTSD/Config/Character/nckakuzu.dat,271,0,123,True,DECLARED_OPOINT_NOT_RUNTIME_REACHABILITY
unity,57,Assets/NTSD/Config/Character/nckakuzu.dat,272,0,203,True,DECLARED_OPOINT_NOT_RUNTIME_REACHABILITY
unity,57,Assets/NTSD/Config/Character/nckakuzu.dat,335,0,451,True,DECLARED_OPOINT_NOT_RUNTIME_REACHABILITY
unity,57,Assets/NTSD/Config/Character/nckakuzu.dat,336,0,452,True,DECLARED_OPOINT_NOT_RUNTIME_REACHABILITY
unity,57,Assets/NTSD/Config/Character/nckakuzu.dat,337,0,453,True,DECLARED_OPOINT_NOT_RUNTIME_REACHABILITY
unity,57,Assets/NTSD/Config/Character/nckakuzu.dat,338,0,450,True,DECLARED_OPOINT_NOT_RUNTIME_REACHABILITY
unity,57,Assets/NTSD/Config/Character/nckakuzu.dat,339,0,201,True,DECLARED_OPOINT_NOT_RUNTIME_REACHABILITY
unity,57,Assets/NTSD/Config/Character/nckakuzu.dat,342,1,451,True,DECLARED_OPOINT_NOT_RUNTIME_REACHABILITY
unity,57,Assets/NTSD/Config/Character/nckakuzu.dat,343,0,452,True,DECLARED_OPOINT_NOT_RUNTIME_REACHABILITY
unity,57,Assets/NTSD/Config/Character/nckakuzu.dat,344,0,453,True,DECLARED_OPOINT_NOT_RUNTIME_REACHABILITY
unity,57,Assets/NTSD/Config/Character/nckakuzu.dat,345,0,450,True,DECLARED_OPOINT_NOT_RUNTIME_REACHABILITY
unity,57,Assets/NTSD/Config/Character/nckakuzu.dat,349,3,500,True,DECLARED_OPOINT_NOT_RUNTIME_REACHABILITY
unity,57,Assets/NTSD/Config/Character/nckakuzu.dat,358,2,446,True,DECLARED_OPOINT_NOT_RUNTIME_REACHABILITY
unity,57,Assets/NTSD/Config/Character/nckakuzu.dat,359,2,201,True,DECLARED_OPOINT_NOT_RUNTIME_REACHABILITY
unity,57,Assets/NTSD/Config/Character/nckakuzu.dat,371,2,416,True,DECLARED_OPOINT_NOT_RUNTIME_REACHABILITY
unity,57,Assets/NTSD/Config/Character/nckakuzu.dat,376,2,30,True,DECLARED_OPOINT_NOT_RUNTIME_REACHABILITY
unity,57,Assets/NTSD/Config/Character/nckakuzu.dat,379,2,30,True,DECLARED_OPOINT_NOT_RUNTIME_REACHABILITY
unity,57,Assets/NTSD/Config/Character/nckakuzu.dat,395,1,214,True,DECLARED_OPOINT_NOT_RUNTIME_REACHABILITY
unity,57,Assets/NTSD/Config/Character/nckakuzu.dat,398,0,201,True,DECLARED_OPOINT_NOT_RUNTIME_REACHABILITY
unity,39,Assets/NTSD/Config/Character/sand_creature.dat,0,1,39,True,DECLARED_OPOINT_NOT_RUNTIME_REACHABILITY
unity,39,Assets/NTSD/Config/Character/sand_creature.dat,1,1,39,True,DECLARED_OPOINT_NOT_RUNTIME_REACHABILITY
unity,39,Assets/NTSD/Config/Character/sand_creature.dat,2,1,39,True,DECLARED_OPOINT_NOT_RUNTIME_REACHABILITY
unity,39,Assets/NTSD/Config/Character/sand_creature.dat,3,1,39,True,DECLARED_OPOINT_NOT_RUNTIME_REACHABILITY
unity,39,Assets/NTSD/Config/Character/sand_creature.dat,5,1,39,True,DECLARED_OPOINT_NOT_RUNTIME_REACHABILITY
unity,39,Assets/NTSD/Config/Character/sand_creature.dat,6,1,39,True,DECLARED_OPOINT_NOT_RUNTIME_REACHABILITY
unity,39,Assets/NTSD/Config/Character/sand_creature.dat,7,1,39,True,DECLARED_OPOINT_NOT_RUNTIME_REACHABILITY
unity,39,Assets/NTSD/Config/Character/sand_creature.dat,8,1,39,True,DECLARED_OPOINT_NOT_RUNTIME_REACHABILITY
unity,39,Assets/NTSD/Config/Character/sand_creature.dat,9,1,39,True,DECLARED_OPOINT_NOT_RUNTIME_REACHABILITY
unity,39,Assets/NTSD/Config/Character/sand_creature.dat,10,1,39,True,DECLARED_OPOINT_NOT_RUNTIME_REACHABILITY
unity,39,Assets/NTSD/Config/Character/sand_creature.dat,11,1,39,True,DECLARED_OPOINT_NOT_RUNTIME_REACHABILITY
unity,39,Assets/NTSD/Config/Character/sand_creature.dat,181,0,410,True,DECLARED_OPOINT_NOT_RUNTIME_REACHABILITY
unity,39,Assets/NTSD/Config/Character/sand_creature.dat,182,0,410,True,DECLARED_OPOINT_NOT_RUNTIME_REACHABILITY
unity,39,Assets/NTSD/Config/Character/sand_creature.dat,183,0,410,True,DECLARED_OPOINT_NOT_RUNTIME_REACHABILITY
unity,39,Assets/NTSD/Config/Character/sand_creature.dat,184,0,410,True,DECLARED_OPOINT_NOT_RUNTIME_REACHABILITY
unity,39,Assets/NTSD/Config/Character/sand_creature.dat,185,0,410,True,DECLARED_OPOINT_NOT_RUNTIME_REACHABILITY
unity,39,Assets/NTSD/Config/Character/sand_creature.dat,211,2,39,True,DECLARED_OPOINT_NOT_RUNTIME_REACHABILITY
unity,39,Assets/NTSD/Config/Character/sand_creature.dat,94,1,39,True,DECLARED_OPOINT_NOT_RUNTIME_REACHABILITY
unity,39,Assets/NTSD/Config/Character/sand_creature.dat,238,1,39,True,DECLARED_OPOINT_NOT_RUNTIME_REACHABILITY
unity,39,Assets/NTSD/Config/Character/sand_creature.dat,215,1,39,True,DECLARED_OPOINT_NOT_RUNTIME_REACHABILITY
unity,39,Assets/NTSD/Config/Character/sand_creature.dat,219,1,39,True,DECLARED_OPOINT_NOT_RUNTIME_REACHABILITY
unity,39,Assets/NTSD/Config/Character/sand_creature.dat,221,1,410,True,DECLARED_OPOINT_NOT_RUNTIME_REACHABILITY
unity,39,Assets/NTSD/Config/Character/sand_creature.dat,223,1,410,True,DECLARED_OPOINT_NOT_RUNTIME_REACHABILITY
unity,39,Assets/NTSD/Config/Character/sand_creature.dat,225,1,410,True,DECLARED_OPOINT_NOT_RUNTIME_REACHABILITY
unity,39,Assets/NTSD/Config/Character/sand_creature.dat,227,1,410,True,DECLARED_OPOINT_NOT_RUNTIME_REACHABILITY
unity,39,Assets/NTSD/Config/Character/sand_creature.dat,240,1,39,True,DECLARED_OPOINT_NOT_RUNTIME_REACHABILITY
unity,39,Assets/NTSD/Config/Character/sand_creature.dat,241,1,39,True,DECLARED_OPOINT_NOT_RUNTIME_REACHABILITY
unity,39,Assets/NTSD/Config/Character/sand_creature.dat,242,1,39,True,DECLARED_OPOINT_NOT_RUNTIME_REACHABILITY
unity,39,Assets/NTSD/Config/Character/sand_creature.dat,243,1,39,True,DECLARED_OPOINT_NOT_RUNTIME_REACHABILITY
unity,39,Assets/NTSD/Config/Character/sand_creature.dat,246,0,410,True,DECLARED_OPOINT_NOT_RUNTIME_REACHABILITY
unity,39,Assets/NTSD/Config/Character/sand_creature.dat,251,0,235,True,DECLARED_OPOINT_NOT_RUNTIME_REACHABILITY
unity,39,Assets/NTSD/Config/Character/sand_creature.dat,269,0,204,True,DECLARED_OPOINT_NOT_RUNTIME_REACHABILITY
unity,39,Assets/NTSD/Config/Character/sand_creature.dat,270,0,235,True,DECLARED_OPOINT_NOT_RUNTIME_REACHABILITY
unity,39,Assets/NTSD/Config/Character/sand_creature.dat,271,0,204,True,DECLARED_OPOINT_NOT_RUNTIME_REACHABILITY
unity,39,Assets/NTSD/Config/Character/sand_creature.dat,273,0,214,True,DECLARED_OPOINT_NOT_RUNTIME_REACHABILITY
unity,39,Assets/NTSD/Config/Character/sand_creature.dat,281,0,204,True,DECLARED_OPOINT_NOT_RUNTIME_REACHABILITY
unity,39,Assets/NTSD/Config/Character/sand_creature.dat,282,0,235,True,DECLARED_OPOINT_NOT_RUNTIME_REACHABILITY
unity,39,Assets/NTSD/Config/Character/sand_creature.dat,291,0,235,True,DECLARED_OPOINT_NOT_RUNTIME_REACHABILITY
unity,39,Assets/NTSD/Config/Character/sand_creature.dat,296,0,204,True,DECLARED_OPOINT_NOT_RUNTIME_REACHABILITY
unity,39,Assets/NTSD/Config/Character/sand_creature.dat,301,0,413,True,DECLARED_OPOINT_NOT_RUNTIME_REACHABILITY
unity,39,Assets/NTSD/Config/Character/sand_creature.dat,302,0,413,True,DECLARED_OPOINT_NOT_RUNTIME_REACHABILITY
unity,39,Assets/NTSD/Config/Character/sand_creature.dat,303,0,413,True,DECLARED_OPOINT_NOT_RUNTIME_REACHABILITY
unity,39,Assets/NTSD/Config/Character/sand_creature.dat,304,0,413,True,DECLARED_OPOINT_NOT_RUNTIME_REACHABILITY
unity,39,Assets/NTSD/Config/Character/sand_creature.dat,306,0,206,True,DECLARED_OPOINT_NOT_RUNTIME_REACHABILITY
unity,39,Assets/NTSD/Config/Character/sand_creature.dat,308,0,206,True,DECLARED_OPOINT_NOT_RUNTIME_REACHABILITY
unity,39,Assets/NTSD/Config/Character/sand_creature.dat,311,0,204,True,DECLARED_OPOINT_NOT_RUNTIME_REACHABILITY
unity,39,Assets/NTSD/Config/Character/sand_creature.dat,314,0,204,True,DECLARED_OPOINT_NOT_RUNTIME_REACHABILITY
unity,39,Assets/NTSD/Config/Character/sand_creature.dat,317,0,235,True,DECLARED_OPOINT_NOT_RUNTIME_REACHABILITY
unity,39,Assets/NTSD/Config/Character/sand_creature.dat,324,0,224,True,DECLARED_OPOINT_NOT_RUNTIME_REACHABILITY
unity,39,Assets/NTSD/Config/Character/sand_creature.dat,326,0,225,True,DECLARED_OPOINT_NOT_RUNTIME_REACHABILITY
unity,39,Assets/NTSD/Config/Character/sand_creature.dat,328,0,235,True,DECLARED_OPOINT_NOT_RUNTIME_REACHABILITY
unity,39,Assets/NTSD/Config/Character/sand_creature.dat,330,0,225,True,DECLARED_OPOINT_NOT_RUNTIME_REACHABILITY
unity,39,Assets/NTSD/Config/Character/sand_creature.dat,341,0,235,True,DECLARED_OPOINT_NOT_RUNTIME_REACHABILITY
unity,39,Assets/NTSD/Config/Character/sand_creature.dat,343,0,235,True,DECLARED_OPOINT_NOT_RUNTIME_REACHABILITY
unity,39,Assets/NTSD/Config/Character/sand_creature.dat,345,0,235,True,DECLARED_OPOINT_NOT_RUNTIME_REACHABILITY
unity,39,Assets/NTSD/Config/Character/sand_creature.dat,347,0,235,True,DECLARED_OPOINT_NOT_RUNTIME_REACHABILITY
unity,39,Assets/NTSD/Config/Character/sand_creature.dat,349,0,235,True,DECLARED_OPOINT_NOT_RUNTIME_REACHABILITY
unity,39,Assets/NTSD/Config/Character/sand_creature.dat,351,0,235,True,DECLARED_OPOINT_NOT_RUNTIME_REACHABILITY
unity,39,Assets/NTSD/Config/Character/sand_creature.dat,353,0,235,True,DECLARED_OPOINT_NOT_RUNTIME_REACHABILITY
unity,37,Assets/NTSD/Config/Character/jiroubou.dat,276,0,123,True,DECLARED_OPOINT_NOT_RUNTIME_REACHABILITY
unity,37,Assets/NTSD/Config/Character/jiroubou.dat,277,0,203,True,DECLARED_OPOINT_NOT_RUNTIME_REACHABILITY
unity,37,Assets/NTSD/Config/Character/jiroubou.dat,280,2,208,True,DECLARED_OPOINT_NOT_RUNTIME_REACHABILITY
unity,37,Assets/NTSD/Config/Character/jiroubou.dat,285,1,446,True,DECLARED_OPOINT_NOT_RUNTIME_REACHABILITY
unity,37,Assets/NTSD/Config/Character/jiroubou.dat,288,1,446,True,DECLARED_OPOINT_NOT_RUNTIME_REACHABILITY
unity,37,Assets/NTSD/Config/Character/jiroubou.dat,291,2,446,True,DECLARED_OPOINT_NOT_RUNTIME_REACHABILITY
unity,37,Assets/NTSD/Config/Character/jiroubou.dat,300,3,216,True,DECLARED_OPOINT_NOT_RUNTIME_REACHABILITY
unity,37,Assets/NTSD/Config/Character/jiroubou.dat,308,2,449,True,DECLARED_OPOINT_NOT_RUNTIME_REACHABILITY
unity,37,Assets/NTSD/Config/Character/jiroubou.dat,320,2,37,True,DECLARED_OPOINT_NOT_RUNTIME_REACHABILITY
unity,37,Assets/NTSD/Config/Character/jiroubou.dat,322,1,208,True,DECLARED_OPOINT_NOT_RUNTIME_REACHABILITY
unity,37,Assets/NTSD/Config/Character/jiroubou.dat,323,2,123,True,DECLARED_OPOINT_NOT_RUNTIME_REACHABILITY
unity,37,Assets/NTSD/Config/Character/jiroubou.dat,324,1,208,True,DECLARED_OPOINT_NOT_RUNTIME_REACHABILITY
unity,37,Assets/NTSD/Config/Character/jiroubou.dat,325,1,122,True,DECLARED_OPOINT_NOT_RUNTIME_REACHABILITY
unity,37,Assets/NTSD/Config/Character/jiroubou.dat,326,1,208,True,DECLARED_OPOINT_NOT_RUNTIME_REACHABILITY
unity,37,Assets/NTSD/Config/Character/jiroubou.dat,335,3,436,True,DECLARED_OPOINT_NOT_RUNTIME_REACHABILITY
unity,37,Assets/NTSD/Config/Character/jiroubou.dat,395,1,214,True,DECLARED_OPOINT_NOT_RUNTIME_REACHABILITY
unity,37,Assets/NTSD/Config/Character/jiroubou.dat,398,0,201,True,DECLARED_OPOINT_NOT_RUNTIME_REACHABILITY
unity,36,Assets/NTSD/Config/Character/tayuya.dat,236,1,204,True,DECLARED_OPOINT_NOT_RUNTIME_REACHABILITY
unity,36,Assets/NTSD/Config/Character/tayuya.dat,238,1,204,True,DECLARED_OPOINT_NOT_RUNTIME_REACHABILITY
unity,36,Assets/NTSD/Config/Character/tayuya.dat,263,2,215,True,DECLARED_OPOINT_NOT_RUNTIME_REACHABILITY
unity,36,Assets/NTSD/Config/Character/tayuya.dat,276,0,123,True,DECLARED_OPOINT_NOT_RUNTIME_REACHABILITY
unity,36,Assets/NTSD/Config/Character/tayuya.dat,277,0,203,True,DECLARED_OPOINT_NOT_RUNTIME_REACHABILITY
unity,36,Assets/NTSD/Config/Character/tayuya.dat,283,0,439,True,DECLARED_OPOINT_NOT_RUNTIME_REACHABILITY
unity,36,Assets/NTSD/Config/Character/tayuya.dat,287,0,439,True,DECLARED_OPOINT_NOT_RUNTIME_REACHABILITY
unity,36,Assets/NTSD/Config/Character/tayuya.dat,292,0,439,True,DECLARED_OPOINT_NOT_RUNTIME_REACHABILITY
unity,36,Assets/NTSD/Config/Character/tayuya.dat,299,1,438,True,DECLARED_OPOINT_NOT_RUNTIME_REACHABILITY
unity,36,Assets/NTSD/Config/Character/tayuya.dat,300,1,438,True,DECLARED_OPOINT_NOT_RUNTIME_REACHABILITY
unity,36,Assets/NTSD/Config/Character/tayuya.dat,301,1,438,True,DECLARED_OPOINT_NOT_RUNTIME_REACHABILITY
unity,36,Assets/NTSD/Config/Character/tayuya.dat,302,1,438,True,DECLARED_OPOINT_NOT_RUNTIME_REACHABILITY
unity,36,Assets/NTSD/Config/Character/tayuya.dat,303,1,438,True,DECLARED_OPOINT_NOT_RUNTIME_REACHABILITY
unity,36,Assets/NTSD/Config/Character/tayuya.dat,304,1,438,True,DECLARED_OPOINT_NOT_RUNTIME_REACHABILITY
unity,36,Assets/NTSD/Config/Character/tayuya.dat,395,1,214,True,DECLARED_OPOINT_NOT_RUNTIME_REACHABILITY
unity,36,Assets/NTSD/Config/Character/tayuya.dat,398,0,201,True,DECLARED_OPOINT_NOT_RUNTIME_REACHABILITY
unity,35,Assets/NTSD/Config/Character/sakon.dat,123,1,206,True,DECLARED_OPOINT_NOT_RUNTIME_REACHABILITY
unity,35,Assets/NTSD/Config/Character/sakon.dat,125,1,206,True,DECLARED_OPOINT_NOT_RUNTIME_REACHABILITY
unity,35,Assets/NTSD/Config/Character/sakon.dat,127,1,206,True,DECLARED_OPOINT_NOT_RUNTIME_REACHABILITY
unity,35,Assets/NTSD/Config/Character/sakon.dat,233,1,206,True,DECLARED_OPOINT_NOT_RUNTIME_REACHABILITY
unity,35,Assets/NTSD/Config/Character/sakon.dat,244,3,205,True,DECLARED_OPOINT_NOT_RUNTIME_REACHABILITY
unity,35,Assets/NTSD/Config/Character/sakon.dat,276,0,123,True,DECLARED_OPOINT_NOT_RUNTIME_REACHABILITY
unity,35,Assets/NTSD/Config/Character/sakon.dat,277,0,203,True,DECLARED_OPOINT_NOT_RUNTIME_REACHABILITY
unity,35,Assets/NTSD/Config/Character/sakon.dat,395,1,214,True,DECLARED_OPOINT_NOT_RUNTIME_REACHABILITY
unity,35,Assets/NTSD/Config/Character/sakon.dat,398,0,201,True,DECLARED_OPOINT_NOT_RUNTIME_REACHABILITY
unity,34,Assets/NTSD/Config/Character/kidomaru.dat,18,0,203,True,DECLARED_OPOINT_NOT_RUNTIME_REACHABILITY
unity,34,Assets/NTSD/Config/Character/kidomaru.dat,239,2,440,True,DECLARED_OPOINT_NOT_RUNTIME_REACHABILITY
unity,34,Assets/NTSD/Config/Character/kidomaru.dat,273,2,438,True,DECLARED_OPOINT_NOT_RUNTIME_REACHABILITY
unity,34,Assets/NTSD/Config/Character/kidomaru.dat,276,0,123,True,DECLARED_OPOINT_NOT_RUNTIME_REACHABILITY
unity,34,Assets/NTSD/Config/Character/kidomaru.dat,277,0,203,True,DECLARED_OPOINT_NOT_RUNTIME_REACHABILITY
unity,34,Assets/NTSD/Config/Character/kidomaru.dat,291,2,206,True,DECLARED_OPOINT_NOT_RUNTIME_REACHABILITY
unity,34,Assets/NTSD/Config/Character/kidomaru.dat,292,2,438,True,DECLARED_OPOINT_NOT_RUNTIME_REACHABILITY
unity,34,Assets/NTSD/Config/Character/kidomaru.dat,296,2,438,True,DECLARED_OPOINT_NOT_RUNTIME_REACHABILITY
unity,34,Assets/NTSD/Config/Character/kidomaru.dat,303,2,208,True,DECLARED_OPOINT_NOT_RUNTIME_REACHABILITY
unity,34,Assets/NTSD/Config/Character/kidomaru.dat,395,1,214,True,DECLARED_OPOINT_NOT_RUNTIME_REACHABILITY
unity,34,Assets/NTSD/Config/Character/kidomaru.dat,398,0,201,True,DECLARED_OPOINT_NOT_RUNTIME_REACHABILITY
unity,33,Assets/NTSD/Config/Character/naruto_clone.dat,18,0,203,True,DECLARED_OPOINT_NOT_RUNTIME_REACHABILITY
unity,33,Assets/NTSD/Config/Character/naruto_clone.dat,46,0,203,True,DECLARED_OPOINT_NOT_RUNTIME_REACHABILITY
unity,33,Assets/NTSD/Config/Character/naruto_clone.dat,61,1,203,True,DECLARED_OPOINT_NOT_RUNTIME_REACHABILITY
unity,33,Assets/NTSD/Config/Character/naruto_clone.dat,66,1,203,True,DECLARED_OPOINT_NOT_RUNTIME_REACHABILITY
unity,33,Assets/NTSD/Config/Character/naruto_clone.dat,81,0,203,True,DECLARED_OPOINT_NOT_RUNTIME_REACHABILITY
unity,33,Assets/NTSD/Config/Character/naruto_clone.dat,82,0,121,True,DECLARED_OPOINT_NOT_RUNTIME_REACHABILITY
unity,33,Assets/NTSD/Config/Character/naruto_clone.dat,241,0,204,True,DECLARED_OPOINT_NOT_RUNTIME_REACHABILITY
unity,33,Assets/NTSD/Config/Character/naruto_clone.dat,251,0,204,True,DECLARED_OPOINT_NOT_RUNTIME_REACHABILITY
unity,33,Assets/NTSD/Config/Character/naruto_clone.dat,277,0,204,True,DECLARED_OPOINT_NOT_RUNTIME_REACHABILITY
unity,33,Assets/NTSD/Config/Character/naruto_clone.dat,279,0,204,True,DECLARED_OPOINT_NOT_RUNTIME_REACHABILITY
unity,33,Assets/NTSD/Config/Character/naruto_clone.dat,283,0,203,True,DECLARED_OPOINT_NOT_RUNTIME_REACHABILITY
unity,33,Assets/NTSD/Config/Character/naruto_clone.dat,300,0,204,True,DECLARED_OPOINT_NOT_RUNTIME_REACHABILITY
unity,33,Assets/NTSD/Config/Character/naruto_clone.dat,311,1,204,True,DECLARED_OPOINT_NOT_RUNTIME_REACHABILITY
unity,33,Assets/NTSD/Config/Character/naruto_clone.dat,313,0,203,True,DECLARED_OPOINT_NOT_RUNTIME_REACHABILITY
unity,55,Assets/NTSD/Config/Character/puppet_sasori.dat,146,1,235,True,DECLARED_OPOINT_NOT_RUNTIME_REACHABILITY
unity,55,Assets/NTSD/Config/Character/puppet_sasori.dat,306,0,204,True,DECLARED_OPOINT_NOT_RUNTIME_REACHABILITY
unity,55,Assets/NTSD/Config/Character/puppet_sasori.dat,308,0,204,True,DECLARED_OPOINT_NOT_RUNTIME_REACHABILITY
unity,55,Assets/NTSD/Config/Character/puppet_sasori.dat,311,0,235,True,DECLARED_OPOINT_NOT_RUNTIME_REACHABILITY
unity,55,Assets/NTSD/Config/Character/puppet_sasori.dat,316,0,235,True,DECLARED_OPOINT_NOT_RUNTIME_REACHABILITY
unity,55,Assets/NTSD/Config/Character/puppet_sasori.dat,395,1,214,True,DECLARED_OPOINT_NOT_RUNTIME_REACHABILITY
unity,55,Assets/NTSD/Config/Character/puppet_sasori.dat,398,0,201,True,DECLARED_OPOINT_NOT_RUNTIME_REACHABILITY
unity,32,Assets/NTSD/Config/Character/hunter.dat,82,0,121,True,DECLARED_OPOINT_NOT_RUNTIME_REACHABILITY
unity,32,Assets/NTSD/Config/Character/hunter.dat,91,0,121,True,DECLARED_OPOINT_NOT_RUNTIME_REACHABILITY
unity,32,Assets/NTSD/Config/Character/hunter.dat,236,1,204,True,DECLARED_OPOINT_NOT_RUNTIME_REACHABILITY
unity,32,Assets/NTSD/Config/Character/hunter.dat,238,1,204,True,DECLARED_OPOINT_NOT_RUNTIME_REACHABILITY
unity,32,Assets/NTSD/Config/Character/hunter.dat,353,2,120,True,DECLARED_OPOINT_NOT_RUNTIME_REACHABILITY
unity,32,Assets/NTSD/Config/Character/hunter.dat,395,1,214,True,DECLARED_OPOINT_NOT_RUNTIME_REACHABILITY
unity,32,Assets/NTSD/Config/Character/hunter.dat,398,0,201,True,DECLARED_OPOINT_NOT_RUNTIME_REACHABILITY
unity,31,Assets/NTSD/Config/Character/sound_nin2.dat,61,1,203,True,DECLARED_OPOINT_NOT_RUNTIME_REACHABILITY
unity,31,Assets/NTSD/Config/Character/sound_nin2.dat,81,0,121,True,DECLARED_OPOINT_NOT_RUNTIME_REACHABILITY
unity,31,Assets/NTSD/Config/Character/sound_nin2.dat,395,1,214,True,DECLARED_OPOINT_NOT_RUNTIME_REACHABILITY
unity,31,Assets/NTSD/Config/Character/sound_nin2.dat,398,0,201,True,DECLARED_OPOINT_NOT_RUNTIME_REACHABILITY
unity,30,Assets/NTSD/Config/Character/sound_nin.dat,81,0,121,True,DECLARED_OPOINT_NOT_RUNTIME_REACHABILITY
unity,30,Assets/NTSD/Config/Character/sound_nin.dat,146,0,215,True,DECLARED_OPOINT_NOT_RUNTIME_REACHABILITY
unity,30,Assets/NTSD/Config/Character/sound_nin.dat,236,1,204,True,DECLARED_OPOINT_NOT_RUNTIME_REACHABILITY
unity,30,Assets/NTSD/Config/Character/sound_nin.dat,238,1,204,True,DECLARED_OPOINT_NOT_RUNTIME_REACHABILITY
unity,30,Assets/NTSD/Config/Character/sound_nin.dat,347,0,221,True,DECLARED_OPOINT_NOT_RUNTIME_REACHABILITY
unity,30,Assets/NTSD/Config/Character/sound_nin.dat,349,0,30,True,DECLARED_OPOINT_NOT_RUNTIME_REACHABILITY
unity,30,Assets/NTSD/Config/Character/sound_nin.dat,363,0,204,True,DECLARED_OPOINT_NOT_RUNTIME_REACHABILITY
unity,30,Assets/NTSD/Config/Character/sound_nin.dat,366,0,204,True,DECLARED_OPOINT_NOT_RUNTIME_REACHABILITY
unity,30,Assets/NTSD/Config/Character/sound_nin.dat,371,0,101,True,DECLARED_OPOINT_NOT_RUNTIME_REACHABILITY
unity,30,Assets/NTSD/Config/Character/sound_nin.dat,373,0,101,True,DECLARED_OPOINT_NOT_RUNTIME_REACHABILITY
unity,30,Assets/NTSD/Config/Character/sound_nin.dat,375,0,422,True,DECLARED_OPOINT_NOT_RUNTIME_REACHABILITY
unity,30,Assets/NTSD/Config/Character/sound_nin.dat,379,0,211,True,DECLARED_OPOINT_NOT_RUNTIME_REACHABILITY
unity,30,Assets/NTSD/Config/Character/sound_nin.dat,395,1,214,True,DECLARED_OPOINT_NOT_RUNTIME_REACHABILITY
unity,30,Assets/NTSD/Config/Character/sound_nin.dat,398,0,201,True,DECLARED_OPOINT_NOT_RUNTIME_REACHABILITY
unity,2,Assets/NTSD/Config/Character/naruto.dat,18,0,203,True,DECLARED_OPOINT_NOT_RUNTIME_REACHABILITY
unity,2,Assets/NTSD/Config/Character/naruto.dat,61,0,203,True,DECLARED_OPOINT_NOT_RUNTIME_REACHABILITY
unity,2,Assets/NTSD/Config/Character/naruto.dat,66,1,203,True,DECLARED_OPOINT_NOT_RUNTIME_REACHABILITY
unity,2,Assets/NTSD/Config/Character/naruto.dat,81,0,121,True,DECLARED_OPOINT_NOT_RUNTIME_REACHABILITY
unity,2,Assets/NTSD/Config/Character/naruto.dat,150,1,203,True,DECLARED_OPOINT_NOT_RUNTIME_REACHABILITY
unity,2,Assets/NTSD/Config/Character/naruto.dat,236,1,204,True,DECLARED_OPOINT_NOT_RUNTIME_REACHABILITY
unity,2,Assets/NTSD/Config/Character/naruto.dat,238,1,204,True,DECLARED_OPOINT_NOT_RUNTIME_REACHABILITY
unity,2,Assets/NTSD/Config/Character/naruto.dat,241,1,204,True,DECLARED_OPOINT_NOT_RUNTIME_REACHABILITY
unity,2,Assets/NTSD/Config/Character/naruto.dat,253,3,204,True,DECLARED_OPOINT_NOT_RUNTIME_REACHABILITY
unity,2,Assets/NTSD/Config/Character/naruto.dat,254,3,434,True,DECLARED_OPOINT_NOT_RUNTIME_REACHABILITY
unity,2,Assets/NTSD/Config/Character/naruto.dat,255,1,204,True,DECLARED_OPOINT_NOT_RUNTIME_REACHABILITY
unity,2,Assets/NTSD/Config/Character/naruto.dat,283,2,121,True,DECLARED_OPOINT_NOT_RUNTIME_REACHABILITY
unity,2,Assets/NTSD/Config/Character/naruto.dat,267,0,33,True,DECLARED_OPOINT_NOT_RUNTIME_REACHABILITY
unity,2,Assets/NTSD/Config/Character/naruto.dat,272,4,205,True,DECLARED_OPOINT_NOT_RUNTIME_REACHABILITY
unity,2,Assets/NTSD/Config/Character/naruto.dat,273,2,204,True,DECLARED_OPOINT_NOT_RUNTIME_REACHABILITY
unity,2,Assets/NTSD/Config/Character/naruto.dat,275,2,33,True,DECLARED_OPOINT_NOT_RUNTIME_REACHABILITY
unity,2,Assets/NTSD/Config/Character/naruto.dat,276,2,33,True,DECLARED_OPOINT_NOT_RUNTIME_REACHABILITY
unity,2,Assets/NTSD/Config/Character/naruto.dat,286,2,33,True,DECLARED_OPOINT_NOT_RUNTIME_REACHABILITY
unity,2,Assets/NTSD/Config/Character/naruto.dat,291,0,123,True,DECLARED_OPOINT_NOT_RUNTIME_REACHABILITY
unity,2,Assets/NTSD/Config/Character/naruto.dat,292,0,203,True,DECLARED_OPOINT_NOT_RUNTIME_REACHABILITY
unity,2,Assets/NTSD/Config/Character/naruto.dat,298,2,33,True,DECLARED_OPOINT_NOT_RUNTIME_REACHABILITY
unity,2,Assets/NTSD/Config/Character/naruto.dat,299,2,33,True,DECLARED_OPOINT_NOT_RUNTIME_REACHABILITY
unity,2,Assets/NTSD/Config/Character/naruto.dat,301,0,204,True,DECLARED_OPOINT_NOT_RUNTIME_REACHABILITY
unity,2,Assets/NTSD/Config/Character/naruto.dat,302,0,33,True,DECLARED_OPOINT_NOT_RUNTIME_REACHABILITY
unity,2,Assets/NTSD/Config/Character/naruto.dat,303,0,204,True,DECLARED_OPOINT_NOT_RUNTIME_REACHABILITY
unity,2,Assets/NTSD/Config/Character/naruto.dat,304,0,33,True,DECLARED_OPOINT_NOT_RUNTIME_REACHABILITY
unity,2,Assets/NTSD/Config/Character/naruto.dat,305,0,216,True,DECLARED_OPOINT_NOT_RUNTIME_REACHABILITY
unity,2,Assets/NTSD/Config/Character/naruto.dat,310,0,216,True,DECLARED_OPOINT_NOT_RUNTIME_REACHABILITY
unity,2,Assets/NTSD/Config/Character/naruto.dat,313,0,216,True,DECLARED_OPOINT_NOT_RUNTIME_REACHABILITY
unity,2,Assets/NTSD/Config/Character/naruto.dat,321,1,229,True,DECLARED_OPOINT_NOT_RUNTIME_REACHABILITY
unity,2,Assets/NTSD/Config/Character/naruto.dat,326,0,216,True,DECLARED_OPOINT_NOT_RUNTIME_REACHABILITY
unity,2,Assets/NTSD/Config/Character/naruto.dat,330,1,216,True,DECLARED_OPOINT_NOT_RUNTIME_REACHABILITY
unity,2,Assets/NTSD/Config/Character/naruto.dat,334,1,216,True,DECLARED_OPOINT_NOT_RUNTIME_REACHABILITY
unity,2,Assets/NTSD/Config/Character/naruto.dat,340,3,33,True,DECLARED_OPOINT_NOT_RUNTIME_REACHABILITY
unity,2,Assets/NTSD/Config/Character/naruto.dat,343,0,229,True,DECLARED_OPOINT_NOT_RUNTIME_REACHABILITY
unity,2,Assets/NTSD/Config/Character/naruto.dat,351,1,33,True,DECLARED_OPOINT_NOT_RUNTIME_REACHABILITY
unity,2,Assets/NTSD/Config/Character/naruto.dat,357,0,204,True,DECLARED_OPOINT_NOT_RUNTIME_REACHABILITY
unity,2,Assets/NTSD/Config/Character/naruto.dat,358,0,2,True,DECLARED_OPOINT_NOT_RUNTIME_REACHABILITY
unity,2,Assets/NTSD/Config/Character/naruto.dat,359,0,204,True,DECLARED_OPOINT_NOT_RUNTIME_REACHABILITY
unity,2,Assets/NTSD/Config/Character/naruto.dat,360,0,2,True,DECLARED_OPOINT_NOT_RUNTIME_REACHABILITY
unity,2,Assets/NTSD/Config/Character/naruto.dat,361,1,204,True,DECLARED_OPOINT_NOT_RUNTIME_REACHABILITY
unity,2,Assets/NTSD/Config/Character/naruto.dat,362,1,204,True,DECLARED_OPOINT_NOT_RUNTIME_REACHABILITY
unity,2,Assets/NTSD/Config/Character/naruto.dat,371,3,440,True,DECLARED_OPOINT_NOT_RUNTIME_REACHABILITY
unity,2,Assets/NTSD/Config/Character/naruto.dat,376,2,229,True,DECLARED_OPOINT_NOT_RUNTIME_REACHABILITY
unity,2,Assets/NTSD/Config/Character/naruto.dat,395,1,214,True,DECLARED_OPOINT_NOT_RUNTIME_REACHABILITY
unity,2,Assets/NTSD/Config/Character/naruto.dat,398,0,201,True,DECLARED_OPOINT_NOT_RUNTIME_REACHABILITY
unity,1,Assets/NTSD/Config/Character/sakura.dat,18,0,203,True,DECLARED_OPOINT_NOT_RUNTIME_REACHABILITY
unity,1,Assets/NTSD/Config/Character/sakura.dat,232,0,206,True,DECLARED_OPOINT_NOT_RUNTIME_REACHABILITY
unity,1,Assets/NTSD/Config/Character/sakura.dat,233,0,200,True,DECLARED_OPOINT_NOT_RUNTIME_REACHABILITY
unity,1,Assets/NTSD/Config/Character/sakura.dat,241,0,122,True,DECLARED_OPOINT_NOT_RUNTIME_REACHABILITY
unity,1,Assets/NTSD/Config/Character/sakura.dat,249,0,121,True,DECLARED_OPOINT_NOT_RUNTIME_REACHABILITY
unity,1,Assets/NTSD/Config/Character/sakura.dat,251,1,204,True,DECLARED_OPOINT_NOT_RUNTIME_REACHABILITY
unity,1,Assets/NTSD/Config/Character/sakura.dat,253,1,204,True,DECLARED_OPOINT_NOT_RUNTIME_REACHABILITY
unity,1,Assets/NTSD/Config/Character/sakura.dat,258,2,150,True,DECLARED_OPOINT_NOT_RUNTIME_REACHABILITY
unity,1,Assets/NTSD/Config/Character/sakura.dat,265,0,208,True,DECLARED_OPOINT_NOT_RUNTIME_REACHABILITY
unity,1,Assets/NTSD/Config/Character/sakura.dat,266,0,208,True,DECLARED_OPOINT_NOT_RUNTIME_REACHABILITY
unity,1,Assets/NTSD/Config/Character/sakura.dat,267,0,208,True,DECLARED_OPOINT_NOT_RUNTIME_REACHABILITY
unity,1,Assets/NTSD/Config/Character/sakura.dat,271,0,123,True,DECLARED_OPOINT_NOT_RUNTIME_REACHABILITY
unity,1,Assets/NTSD/Config/Character/sakura.dat,272,0,203,True,DECLARED_OPOINT_NOT_RUNTIME_REACHABILITY
unity,1,Assets/NTSD/Config/Character/sakura.dat,276,3,200,True,DECLARED_OPOINT_NOT_RUNTIME_REACHABILITY
unity,1,Assets/NTSD/Config/Character/sakura.dat,286,2,208,True,DECLARED_OPOINT_NOT_RUNTIME_REACHABILITY
unity,1,Assets/NTSD/Config/Character/sakura.dat,287,2,208,True,DECLARED_OPOINT_NOT_RUNTIME_REACHABILITY
unity,1,Assets/NTSD/Config/Character/sakura.dat,288,2,208,True,DECLARED_OPOINT_NOT_RUNTIME_REACHABILITY
unity,1,Assets/NTSD/Config/Character/sakura.dat,289,2,208,True,DECLARED_OPOINT_NOT_RUNTIME_REACHABILITY
unity,1,Assets/NTSD/Config/Character/sakura.dat,290,2,208,True,DECLARED_OPOINT_NOT_RUNTIME_REACHABILITY
unity,1,Assets/NTSD/Config/Character/sakura.dat,291,2,208,True,DECLARED_OPOINT_NOT_RUNTIME_REACHABILITY
unity,1,Assets/NTSD/Config/Character/sakura.dat,292,2,208,True,DECLARED_OPOINT_NOT_RUNTIME_REACHABILITY
unity,1,Assets/NTSD/Config/Character/sakura.dat,293,2,208,True,DECLARED_OPOINT_NOT_RUNTIME_REACHABILITY
unity,1,Assets/NTSD/Config/Character/sakura.dat,294,2,208,True,DECLARED_OPOINT_NOT_RUNTIME_REACHABILITY
unity,1,Assets/NTSD/Config/Character/sakura.dat,295,2,208,True,DECLARED_OPOINT_NOT_RUNTIME_REACHABILITY
unity,1,Assets/NTSD/Config/Character/sakura.dat,296,2,208,True,DECLARED_OPOINT_NOT_RUNTIME_REACHABILITY
unity,1,Assets/NTSD/Config/Character/sakura.dat,297,2,208,True,DECLARED_OPOINT_NOT_RUNTIME_REACHABILITY
unity,1,Assets/NTSD/Config/Character/sakura.dat,305,3,208,True,DECLARED_OPOINT_NOT_RUNTIME_REACHABILITY
unity,1,Assets/NTSD/Config/Character/sakura.dat,314,1,208,True,DECLARED_OPOINT_NOT_RUNTIME_REACHABILITY
unity,1,Assets/NTSD/Config/Character/sakura.dat,315,1,208,True,DECLARED_OPOINT_NOT_RUNTIME_REACHABILITY
unity,1,Assets/NTSD/Config/Character/sakura.dat,316,1,208,True,DECLARED_OPOINT_NOT_RUNTIME_REACHABILITY
unity,1,Assets/NTSD/Config/Character/sakura.dat,395,1,214,True,DECLARED_OPOINT_NOT_RUNTIME_REACHABILITY
unity,1,Assets/NTSD/Config/Character/sakura.dat,398,0,201,True,DECLARED_OPOINT_NOT_RUNTIME_REACHABILITY
unity,3,Assets/NTSD/Config/Character/kakashi.dat,18,0,203,True,DECLARED_OPOINT_NOT_RUNTIME_REACHABILITY
unity,3,Assets/NTSD/Config/Character/kakashi.dat,31,0,203,True,DECLARED_OPOINT_NOT_RUNTIME_REACHABILITY
unity,3,Assets/NTSD/Config/Character/kakashi.dat,58,0,204,True,DECLARED_OPOINT_NOT_RUNTIME_REACHABILITY
unity,3,Assets/NTSD/Config/Character/kakashi.dat,87,0,207,True,DECLARED_OPOINT_NOT_RUNTIME_REACHABILITY
unity,3,Assets/NTSD/Config/Character/kakashi.dat,89,0,203,True,DECLARED_OPOINT_NOT_RUNTIME_REACHABILITY
unity,3,Assets/NTSD/Config/Character/kakashi.dat,236,0,204,True,DECLARED_OPOINT_NOT_RUNTIME_REACHABILITY
unity,3,Assets/NTSD/Config/Character/kakashi.dat,238,0,204,True,DECLARED_OPOINT_NOT_RUNTIME_REACHABILITY
unity,3,Assets/NTSD/Config/Character/kakashi.dat,256,0,214,True,DECLARED_OPOINT_NOT_RUNTIME_REACHABILITY
unity,3,Assets/NTSD/Config/Character/kakashi.dat,257,0,200,True,DECLARED_OPOINT_NOT_RUNTIME_REACHABILITY
unity,3,Assets/NTSD/Config/Character/kakashi.dat,267,0,203,True,DECLARED_OPOINT_NOT_RUNTIME_REACHABILITY
unity,3,Assets/NTSD/Config/Character/kakashi.dat,268,0,224,True,DECLARED_OPOINT_NOT_RUNTIME_REACHABILITY
unity,3,Assets/NTSD/Config/Character/kakashi.dat,269,0,222,True,DECLARED_OPOINT_NOT_RUNTIME_REACHABILITY
unity,3,Assets/NTSD/Config/Character/kakashi.dat,271,0,123,True,DECLARED_OPOINT_NOT_RUNTIME_REACHABILITY
unity,3,Assets/NTSD/Config/Character/kakashi.dat,272,0,203,True,DECLARED_OPOINT_NOT_RUNTIME_REACHABILITY
unity,3,Assets/NTSD/Config/Character/kakashi.dat,287,0,200,True,DECLARED_OPOINT_NOT_RUNTIME_REACHABILITY
unity,3,Assets/NTSD/Config/Character/kakashi.dat,293,0,200,True,DECLARED_OPOINT_NOT_RUNTIME_REACHABILITY
unity,3,Assets/NTSD/Config/Character/kakashi.dat,323,0,408,True,DECLARED_OPOINT_NOT_RUNTIME_REACHABILITY
unity,3,Assets/NTSD/Config/Character/kakashi.dat,329,0,416,True,DECLARED_OPOINT_NOT_RUNTIME_REACHABILITY
unity,3,Assets/NTSD/Config/Character/kakashi.dat,337,0,407,True,DECLARED_OPOINT_NOT_RUNTIME_REACHABILITY
unity,3,Assets/NTSD/Config/Character/kakashi.dat,340,0,200,True,DECLARED_OPOINT_NOT_RUNTIME_REACHABILITY
unity,3,Assets/NTSD/Config/Character/kakashi.dat,357,0,200,True,DECLARED_OPOINT_NOT_RUNTIME_REACHABILITY
unity,3,Assets/NTSD/Config/Character/kakashi.dat,384,0,204,True,DECLARED_OPOINT_NOT_RUNTIME_REACHABILITY
unity,3,Assets/NTSD/Config/Character/kakashi.dat,395,0,214,True,DECLARED_OPOINT_NOT_RUNTIME_REACHABILITY
unity,3,Assets/NTSD/Config/Character/kakashi.dat,398,0,201,True,DECLARED_OPOINT_NOT_RUNTIME_REACHABILITY
unity,4,Assets/NTSD/Config/Character/sai.dat,18,0,203,True,DECLARED_OPOINT_NOT_RUNTIME_REACHABILITY
unity,4,Assets/NTSD/Config/Character/sai.dat,59,2,207,True,DECLARED_OPOINT_NOT_RUNTIME_REACHABILITY
unity,4,Assets/NTSD/Config/Character/sai.dat,68,2,203,True,DECLARED_OPOINT_NOT_RUNTIME_REACHABILITY
unity,4,Assets/NTSD/Config/Character/sai.dat,236,1,207,True,DECLARED_OPOINT_NOT_RUNTIME_REACHABILITY
unity,4,Assets/NTSD/Config/Character/sai.dat,238,1,207,True,DECLARED_OPOINT_NOT_RUNTIME_REACHABILITY
unity,4,Assets/NTSD/Config/Character/sai.dat,245,0,207,True,DECLARED_OPOINT_NOT_RUNTIME_REACHABILITY
unity,4,Assets/NTSD/Config/Character/sai.dat,246,0,207,True,DECLARED_OPOINT_NOT_RUNTIME_REACHABILITY
unity,4,Assets/NTSD/Config/Character/sai.dat,258,0,207,True,DECLARED_OPOINT_NOT_RUNTIME_REACHABILITY
unity,4,Assets/NTSD/Config/Character/sai.dat,259,0,207,True,DECLARED_OPOINT_NOT_RUNTIME_REACHABILITY
unity,4,Assets/NTSD/Config/Character/sai.dat,260,0,207,True,DECLARED_OPOINT_NOT_RUNTIME_REACHABILITY
unity,4,Assets/NTSD/Config/Character/sai.dat,261,0,207,True,DECLARED_OPOINT_NOT_RUNTIME_REACHABILITY
unity,4,Assets/NTSD/Config/Character/sai.dat,271,0,123,True,DECLARED_OPOINT_NOT_RUNTIME_REACHABILITY
unity,4,Assets/NTSD/Config/Character/sai.dat,272,0,203,True,DECLARED_OPOINT_NOT_RUNTIME_REACHABILITY
unity,4,Assets/NTSD/Config/Character/sai.dat,296,1,207,True,DECLARED_OPOINT_NOT_RUNTIME_REACHABILITY
unity,4,Assets/NTSD/Config/Character/sai.dat,308,0,207,True,DECLARED_OPOINT_NOT_RUNTIME_REACHABILITY
unity,4,Assets/NTSD/Config/Character/sai.dat,309,0,207,True,DECLARED_OPOINT_NOT_RUNTIME_REACHABILITY
unity,4,Assets/NTSD/Config/Character/sai.dat,312,1,207,True,DECLARED_OPOINT_NOT_RUNTIME_REACHABILITY
unity,4,Assets/NTSD/Config/Character/sai.dat,313,1,400,True,DECLARED_OPOINT_NOT_RUNTIME_REACHABILITY
unity,4,Assets/NTSD/Config/Character/sai.dat,314,1,207,True,DECLARED_OPOINT_NOT_RUNTIME_REACHABILITY
unity,4,Assets/NTSD/Config/Character/sai.dat,315,1,207,True,DECLARED_OPOINT_NOT_RUNTIME_REACHABILITY
unity,4,Assets/NTSD/Config/Character/sai.dat,316,1,207,True,DECLARED_OPOINT_NOT_RUNTIME_REACHABILITY
unity,4,Assets/NTSD/Config/Character/sai.dat,317,1,207,True,DECLARED_OPOINT_NOT_RUNTIME_REACHABILITY
unity,4,Assets/NTSD/Config/Character/sai.dat,318,1,207,True,DECLARED_OPOINT_NOT_RUNTIME_REACHABILITY
unity,4,Assets/NTSD/Config/Character/sai.dat,319,1,207,True,DECLARED_OPOINT_NOT_RUNTIME_REACHABILITY
unity,4,Assets/NTSD/Config/Character/sai.dat,320,1,207,True,DECLARED_OPOINT_NOT_RUNTIME_REACHABILITY
unity,4,Assets/NTSD/Config/Character/sai.dat,321,1,207,True,DECLARED_OPOINT_NOT_RUNTIME_REACHABILITY
unity,4,Assets/NTSD/Config/Character/sai.dat,322,1,207,True,DECLARED_OPOINT_NOT_RUNTIME_REACHABILITY
unity,4,Assets/NTSD/Config/Character/sai.dat,323,1,207,True,DECLARED_OPOINT_NOT_RUNTIME_REACHABILITY
unity,4,Assets/NTSD/Config/Character/sai.dat,334,2,207,True,DECLARED_OPOINT_NOT_RUNTIME_REACHABILITY
unity,4,Assets/NTSD/Config/Character/sai.dat,335,2,207,True,DECLARED_OPOINT_NOT_RUNTIME_REACHABILITY
unity,4,Assets/NTSD/Config/Character/sai.dat,336,2,207,True,DECLARED_OPOINT_NOT_RUNTIME_REACHABILITY
unity,4,Assets/NTSD/Config/Character/sai.dat,341,0,207,True,DECLARED_OPOINT_NOT_RUNTIME_REACHABILITY
unity,4,Assets/NTSD/Config/Character/sai.dat,342,0,400,True,DECLARED_OPOINT_NOT_RUNTIME_REACHABILITY
unity,4,Assets/NTSD/Config/Character/sai.dat,343,0,207,True,DECLARED_OPOINT_NOT_RUNTIME_REACHABILITY
unity,4,Assets/NTSD/Config/Character/sai.dat,344,0,207,True,DECLARED_OPOINT_NOT_RUNTIME_REACHABILITY
unity,4,Assets/NTSD/Config/Character/sai.dat,345,0,207,True,DECLARED_OPOINT_NOT_RUNTIME_REACHABILITY
unity,4,Assets/NTSD/Config/Character/sai.dat,361,0,207,True,DECLARED_OPOINT_NOT_RUNTIME_REACHABILITY
unity,4,Assets/NTSD/Config/Character/sai.dat,362,0,204,True,DECLARED_OPOINT_NOT_RUNTIME_REACHABILITY
unity,4,Assets/NTSD/Config/Character/sai.dat,363,1,204,True,DECLARED_OPOINT_NOT_RUNTIME_REACHABILITY
unity,4,Assets/NTSD/Config/Character/sai.dat,365,0,433,True,DECLARED_OPOINT_NOT_RUNTIME_REACHABILITY
unity,4,Assets/NTSD/Config/Character/sai.dat,371,2,207,True,DECLARED_OPOINT_NOT_RUNTIME_REACHABILITY
unity,4,Assets/NTSD/Config/Character/sai.dat,372,2,207,True,DECLARED_OPOINT_NOT_RUNTIME_REACHABILITY
unity,4,Assets/NTSD/Config/Character/sai.dat,373,2,207,True,DECLARED_OPOINT_NOT_RUNTIME_REACHABILITY
unity,4,Assets/NTSD/Config/Character/sai.dat,375,2,207,True,DECLARED_OPOINT_NOT_RUNTIME_REACHABILITY
unity,4,Assets/NTSD/Config/Character/sai.dat,376,2,207,True,DECLARED_OPOINT_NOT_RUNTIME_REACHABILITY
unity,4,Assets/NTSD/Config/Character/sai.dat,377,2,207,True,DECLARED_OPOINT_NOT_RUNTIME_REACHABILITY
unity,4,Assets/NTSD/Config/Character/sai.dat,379,2,207,True,DECLARED_OPOINT_NOT_RUNTIME_REACHABILITY
unity,4,Assets/NTSD/Config/Character/sai.dat,380,2,207,True,DECLARED_OPOINT_NOT_RUNTIME_REACHABILITY
unity,4,Assets/NTSD/Config/Character/sai.dat,395,1,214,True,DECLARED_OPOINT_NOT_RUNTIME_REACHABILITY
unity,4,Assets/NTSD/Config/Character/sai.dat,398,0,201,True,DECLARED_OPOINT_NOT_RUNTIME_REACHABILITY
unity,11,Assets/NTSD/Config/Character/sasuke.dat,18,0,203,True,DECLARED_OPOINT_NOT_RUNTIME_REACHABILITY
unity,11,Assets/NTSD/Config/Character/sasuke.dat,72,0,224,True,DECLARED_OPOINT_NOT_RUNTIME_REACHABILITY
unity,11,Assets/NTSD/Config/Character/sasuke.dat,87,0,203,True,DECLARED_OPOINT_NOT_RUNTIME_REACHABILITY
unity,11,Assets/NTSD/Config/Character/sasuke.dat,122,0,440,True,DECLARED_OPOINT_NOT_RUNTIME_REACHABILITY
unity,11,Assets/NTSD/Config/Character/sasuke.dat,125,1,440,True,DECLARED_OPOINT_NOT_RUNTIME_REACHABILITY
unity,11,Assets/NTSD/Config/Character/sasuke.dat,127,2,440,True,DECLARED_OPOINT_NOT_RUNTIME_REACHABILITY
unity,11,Assets/NTSD/Config/Character/sasuke.dat,128,2,440,True,DECLARED_OPOINT_NOT_RUNTIME_REACHABILITY
unity,11,Assets/NTSD/Config/Character/sasuke.dat,221,0,203,True,DECLARED_OPOINT_NOT_RUNTIME_REACHABILITY
unity,11,Assets/NTSD/Config/Character/sasuke.dat,223,1,203,True,DECLARED_OPOINT_NOT_RUNTIME_REACHABILITY
unity,11,Assets/NTSD/Config/Character/sasuke.dat,228,1,203,True,DECLARED_OPOINT_NOT_RUNTIME_REACHABILITY
unity,11,Assets/NTSD/Config/Character/sasuke.dat,237,0,226,True,DECLARED_OPOINT_NOT_RUNTIME_REACHABILITY
unity,11,Assets/NTSD/Config/Character/sasuke.dat,238,0,226,True,DECLARED_OPOINT_NOT_RUNTIME_REACHABILITY
unity,11,Assets/NTSD/Config/Character/sasuke.dat,239,0,226,True,DECLARED_OPOINT_NOT_RUNTIME_REACHABILITY
unity,11,Assets/NTSD/Config/Character/sasuke.dat,245,0,226,True,DECLARED_OPOINT_NOT_RUNTIME_REACHABILITY
unity,11,Assets/NTSD/Config/Character/sasuke.dat,254,0,407,True,DECLARED_OPOINT_NOT_RUNTIME_REACHABILITY
unity,11,Assets/NTSD/Config/Character/sasuke.dat,255,0,407,True,DECLARED_OPOINT_NOT_RUNTIME_REACHABILITY
unity,11,Assets/NTSD/Config/Character/sasuke.dat,256,0,407,True,DECLARED_OPOINT_NOT_RUNTIME_REACHABILITY
unity,11,Assets/NTSD/Config/Character/sasuke.dat,257,0,407,True,DECLARED_OPOINT_NOT_RUNTIME_REACHABILITY
unity,11,Assets/NTSD/Config/Character/sasuke.dat,258,0,407,True,DECLARED_OPOINT_NOT_RUNTIME_REACHABILITY
unity,11,Assets/NTSD/Config/Character/sasuke.dat,259,0,407,True,DECLARED_OPOINT_NOT_RUNTIME_REACHABILITY
unity,11,Assets/NTSD/Config/Character/sasuke.dat,263,0,203,True,DECLARED_OPOINT_NOT_RUNTIME_REACHABILITY
unity,11,Assets/NTSD/Config/Character/sasuke.dat,264,0,440,True,DECLARED_OPOINT_NOT_RUNTIME_REACHABILITY
unity,11,Assets/NTSD/Config/Character/sasuke.dat,268,1,224,True,DECLARED_OPOINT_NOT_RUNTIME_REACHABILITY
unity,11,Assets/NTSD/Config/Character/sasuke.dat,271,0,123,True,DECLARED_OPOINT_NOT_RUNTIME_REACHABILITY
unity,11,Assets/NTSD/Config/Character/sasuke.dat,272,0,203,True,DECLARED_OPOINT_NOT_RUNTIME_REACHABILITY
unity,11,Assets/NTSD/Config/Character/sasuke.dat,275,1,204,True,DECLARED_OPOINT_NOT_RUNTIME_REACHABILITY
unity,11,Assets/NTSD/Config/Character/sasuke.dat,305,2,200,True,DECLARED_OPOINT_NOT_RUNTIME_REACHABILITY
unity,11,Assets/NTSD/Config/Character/sasuke.dat,306,0,203,True,DECLARED_OPOINT_NOT_RUNTIME_REACHABILITY
unity,11,Assets/NTSD/Config/Character/sasuke.dat,313,0,440,True,DECLARED_OPOINT_NOT_RUNTIME_REACHABILITY
unity,11,Assets/NTSD/Config/Character/sasuke.dat,314,0,203,True,DECLARED_OPOINT_NOT_RUNTIME_REACHABILITY
unity,11,Assets/NTSD/Config/Character/sasuke.dat,318,1,440,True,DECLARED_OPOINT_NOT_RUNTIME_REACHABILITY
unity,11,Assets/NTSD/Config/Character/sasuke.dat,319,1,440,True,DECLARED_OPOINT_NOT_RUNTIME_REACHABILITY
unity,11,Assets/NTSD/Config/Character/sasuke.dat,322,1,203,True,DECLARED_OPOINT_NOT_RUNTIME_REACHABILITY
unity,11,Assets/NTSD/Config/Character/sasuke.dat,323,1,224,True,DECLARED_OPOINT_NOT_RUNTIME_REACHABILITY
unity,11,Assets/NTSD/Config/Character/sasuke.dat,324,1,222,True,DECLARED_OPOINT_NOT_RUNTIME_REACHABILITY
unity,11,Assets/NTSD/Config/Character/sasuke.dat,327,2,210,True,DECLARED_OPOINT_NOT_RUNTIME_REACHABILITY
unity,11,Assets/NTSD/Config/Character/sasuke.dat,329,2,210,True,DECLARED_OPOINT_NOT_RUNTIME_REACHABILITY
unity,11,Assets/NTSD/Config/Character/sasuke.dat,331,2,210,True,DECLARED_OPOINT_NOT_RUNTIME_REACHABILITY
unity,11,Assets/NTSD/Config/Character/sasuke.dat,333,2,210,True,DECLARED_OPOINT_NOT_RUNTIME_REACHABILITY
unity,11,Assets/NTSD/Config/Character/sasuke.dat,343,0,203,True,DECLARED_OPOINT_NOT_RUNTIME_REACHABILITY
unity,11,Assets/NTSD/Config/Character/sasuke.dat,344,0,203,True,DECLARED_OPOINT_NOT_RUNTIME_REACHABILITY
unity,11,Assets/NTSD/Config/Character/sasuke.dat,346,2,440,True,DECLARED_OPOINT_NOT_RUNTIME_REACHABILITY
unity,11,Assets/NTSD/Config/Character/sasuke.dat,347,1,203,True,DECLARED_OPOINT_NOT_RUNTIME_REACHABILITY
unity,11,Assets/NTSD/Config/Character/sasuke.dat,348,2,440,True,DECLARED_OPOINT_NOT_RUNTIME_REACHABILITY
unity,11,Assets/NTSD/Config/Character/sasuke.dat,354,2,408,True,DECLARED_OPOINT_NOT_RUNTIME_REACHABILITY
unity,11,Assets/NTSD/Config/Character/sasuke.dat,391,1,203,True,DECLARED_OPOINT_NOT_RUNTIME_REACHABILITY
unity,11,Assets/NTSD/Config/Character/sasuke.dat,395,1,214,True,DECLARED_OPOINT_NOT_RUNTIME_REACHABILITY
unity,11,Assets/NTSD/Config/Character/sasuke.dat,398,0,201,True,DECLARED_OPOINT_NOT_RUNTIME_REACHABILITY
unity,13,Assets/NTSD/Config/Character/yamato.dat,19,0,203,True,DECLARED_OPOINT_NOT_RUNTIME_REACHABILITY
unity,13,Assets/NTSD/Config/Character/yamato.dat,236,1,204,True,DECLARED_OPOINT_NOT_RUNTIME_REACHABILITY
unity,13,Assets/NTSD/Config/Character/yamato.dat,238,1,204,True,DECLARED_OPOINT_NOT_RUNTIME_REACHABILITY
unity,13,Assets/NTSD/Config/Character/yamato.dat,257,2,205,True,DECLARED_OPOINT_NOT_RUNTIME_REACHABILITY
unity,13,Assets/NTSD/Config/Character/yamato.dat,263,2,433,True,DECLARED_OPOINT_NOT_RUNTIME_REACHABILITY
unity,13,Assets/NTSD/Config/Character/yamato.dat,267,2,205,True,DECLARED_OPOINT_NOT_RUNTIME_REACHABILITY
unity,13,Assets/NTSD/Config/Character/yamato.dat,271,0,123,True,DECLARED_OPOINT_NOT_RUNTIME_REACHABILITY
unity,13,Assets/NTSD/Config/Character/yamato.dat,272,0,203,True,DECLARED_OPOINT_NOT_RUNTIME_REACHABILITY
unity,13,Assets/NTSD/Config/Character/yamato.dat,276,2,205,True,DECLARED_OPOINT_NOT_RUNTIME_REACHABILITY
unity,13,Assets/NTSD/Config/Character/yamato.dat,278,2,205,True,DECLARED_OPOINT_NOT_RUNTIME_REACHABILITY
unity,13,Assets/NTSD/Config/Character/yamato.dat,280,2,205,True,DECLARED_OPOINT_NOT_RUNTIME_REACHABILITY
unity,13,Assets/NTSD/Config/Character/yamato.dat,282,2,205,True,DECLARED_OPOINT_NOT_RUNTIME_REACHABILITY
unity,13,Assets/NTSD/Config/Character/yamato.dat,284,2,205,True,DECLARED_OPOINT_NOT_RUNTIME_REACHABILITY
unity,13,Assets/NTSD/Config/Character/yamato.dat,286,2,205,True,DECLARED_OPOINT_NOT_RUNTIME_REACHABILITY
unity,13,Assets/NTSD/Config/Character/yamato.dat,288,2,205,True,DECLARED_OPOINT_NOT_RUNTIME_REACHABILITY
unity,13,Assets/NTSD/Config/Character/yamato.dat,290,2,205,True,DECLARED_OPOINT_NOT_RUNTIME_REACHABILITY
unity,13,Assets/NTSD/Config/Character/yamato.dat,292,2,205,True,DECLARED_OPOINT_NOT_RUNTIME_REACHABILITY
unity,13,Assets/NTSD/Config/Character/yamato.dat,294,2,205,True,DECLARED_OPOINT_NOT_RUNTIME_REACHABILITY
unity,13,Assets/NTSD/Config/Character/yamato.dat,296,2,205,True,DECLARED_OPOINT_NOT_RUNTIME_REACHABILITY
unity,13,Assets/NTSD/Config/Character/yamato.dat,298,2,205,True,DECLARED_OPOINT_NOT_RUNTIME_REACHABILITY
unity,13,Assets/NTSD/Config/Character/yamato.dat,302,2,205,True,DECLARED_OPOINT_NOT_RUNTIME_REACHABILITY
unity,13,Assets/NTSD/Config/Character/yamato.dat,303,2,205,True,DECLARED_OPOINT_NOT_RUNTIME_REACHABILITY
unity,13,Assets/NTSD/Config/Character/yamato.dat,307,2,205,True,DECLARED_OPOINT_NOT_RUNTIME_REACHABILITY
unity,13,Assets/NTSD/Config/Character/yamato.dat,308,2,205,True,DECLARED_OPOINT_NOT_RUNTIME_REACHABILITY
unity,13,Assets/NTSD/Config/Character/yamato.dat,311,2,205,True,DECLARED_OPOINT_NOT_RUNTIME_REACHABILITY
unity,13,Assets/NTSD/Config/Character/yamato.dat,312,2,205,True,DECLARED_OPOINT_NOT_RUNTIME_REACHABILITY
unity,13,Assets/NTSD/Config/Character/yamato.dat,320,2,417,True,DECLARED_OPOINT_NOT_RUNTIME_REACHABILITY
unity,13,Assets/NTSD/Config/Character/yamato.dat,321,2,417,True,DECLARED_OPOINT_NOT_RUNTIME_REACHABILITY
unity,13,Assets/NTSD/Config/Character/yamato.dat,322,2,417,True,DECLARED_OPOINT_NOT_RUNTIME_REACHABILITY
unity,13,Assets/NTSD/Config/Character/yamato.dat,326,2,226,True,DECLARED_OPOINT_NOT_RUNTIME_REACHABILITY
unity,13,Assets/NTSD/Config/Character/yamato.dat,342,3,205,True,DECLARED_OPOINT_NOT_RUNTIME_REACHABILITY
unity,13,Assets/NTSD/Config/Character/yamato.dat,343,3,205,True,DECLARED_OPOINT_NOT_RUNTIME_REACHABILITY
unity,13,Assets/NTSD/Config/Character/yamato.dat,344,3,205,True,DECLARED_OPOINT_NOT_RUNTIME_REACHABILITY
unity,13,Assets/NTSD/Config/Character/yamato.dat,351,1,445,True,DECLARED_OPOINT_NOT_RUNTIME_REACHABILITY
unity,13,Assets/NTSD/Config/Character/yamato.dat,395,1,214,True,DECLARED_OPOINT_NOT_RUNTIME_REACHABILITY
unity,13,Assets/NTSD/Config/Character/yamato.dat,398,0,201,True,DECLARED_OPOINT_NOT_RUNTIME_REACHABILITY
unity,16,Assets/NTSD/Config/Character/gaara.dat,0,2,410,True,DECLARED_OPOINT_NOT_RUNTIME_REACHABILITY
unity,16,Assets/NTSD/Config/Character/gaara.dat,1,2,410,True,DECLARED_OPOINT_NOT_RUNTIME_REACHABILITY
unity,16,Assets/NTSD/Config/Character/gaara.dat,2,2,410,True,DECLARED_OPOINT_NOT_RUNTIME_REACHABILITY
unity,16,Assets/NTSD/Config/Character/gaara.dat,3,2,410,True,DECLARED_OPOINT_NOT_RUNTIME_REACHABILITY
unity,16,Assets/NTSD/Config/Character/gaara.dat,5,3,410,True,DECLARED_OPOINT_NOT_RUNTIME_REACHABILITY
unity,16,Assets/NTSD/Config/Character/gaara.dat,6,3,410,True,DECLARED_OPOINT_NOT_RUNTIME_REACHABILITY
unity,16,Assets/NTSD/Config/Character/gaara.dat,7,3,410,True,DECLARED_OPOINT_NOT_RUNTIME_REACHABILITY
unity,16,Assets/NTSD/Config/Character/gaara.dat,8,3,410,True,DECLARED_OPOINT_NOT_RUNTIME_REACHABILITY
unity,16,Assets/NTSD/Config/Character/gaara.dat,9,2,410,True,DECLARED_OPOINT_NOT_RUNTIME_REACHABILITY
unity,16,Assets/NTSD/Config/Character/gaara.dat,10,2,410,True,DECLARED_OPOINT_NOT_RUNTIME_REACHABILITY
unity,16,Assets/NTSD/Config/Character/gaara.dat,11,2,410,True,DECLARED_OPOINT_NOT_RUNTIME_REACHABILITY
unity,16,Assets/NTSD/Config/Character/gaara.dat,18,0,203,True,DECLARED_OPOINT_NOT_RUNTIME_REACHABILITY
unity,16,Assets/NTSD/Config/Character/gaara.dat,61,0,412,True,DECLARED_OPOINT_NOT_RUNTIME_REACHABILITY
unity,16,Assets/NTSD/Config/Character/gaara.dat,62,0,410,True,DECLARED_OPOINT_NOT_RUNTIME_REACHABILITY
unity,16,Assets/NTSD/Config/Character/gaara.dat,63,0,410,True,DECLARED_OPOINT_NOT_RUNTIME_REACHABILITY
unity,16,Assets/NTSD/Config/Character/gaara.dat,66,0,411,True,DECLARED_OPOINT_NOT_RUNTIME_REACHABILITY
unity,16,Assets/NTSD/Config/Character/gaara.dat,67,0,410,True,DECLARED_OPOINT_NOT_RUNTIME_REACHABILITY
unity,16,Assets/NTSD/Config/Character/gaara.dat,68,0,410,True,DECLARED_OPOINT_NOT_RUNTIME_REACHABILITY
unity,16,Assets/NTSD/Config/Character/gaara.dat,71,2,410,True,DECLARED_OPOINT_NOT_RUNTIME_REACHABILITY
unity,16,Assets/NTSD/Config/Character/gaara.dat,72,0,410,True,DECLARED_OPOINT_NOT_RUNTIME_REACHABILITY
unity,16,Assets/NTSD/Config/Character/gaara.dat,73,0,411,True,DECLARED_OPOINT_NOT_RUNTIME_REACHABILITY
unity,16,Assets/NTSD/Config/Character/gaara.dat,74,1,410,True,DECLARED_OPOINT_NOT_RUNTIME_REACHABILITY
unity,16,Assets/NTSD/Config/Character/gaara.dat,86,0,410,True,DECLARED_OPOINT_NOT_RUNTIME_REACHABILITY
unity,16,Assets/NTSD/Config/Character/gaara.dat,87,2,412,True,DECLARED_OPOINT_NOT_RUNTIME_REACHABILITY
unity,16,Assets/NTSD/Config/Character/gaara.dat,88,2,410,True,DECLARED_OPOINT_NOT_RUNTIME_REACHABILITY
unity,16,Assets/NTSD/Config/Character/gaara.dat,120,0,410,True,DECLARED_OPOINT_NOT_RUNTIME_REACHABILITY
unity,16,Assets/NTSD/Config/Character/gaara.dat,122,4,410,True,DECLARED_OPOINT_NOT_RUNTIME_REACHABILITY
unity,16,Assets/NTSD/Config/Character/gaara.dat,123,0,410,True,DECLARED_OPOINT_NOT_RUNTIME_REACHABILITY
unity,16,Assets/NTSD/Config/Character/gaara.dat,124,4,410,True,DECLARED_OPOINT_NOT_RUNTIME_REACHABILITY
unity,16,Assets/NTSD/Config/Character/gaara.dat,125,1,226,True,DECLARED_OPOINT_NOT_RUNTIME_REACHABILITY
unity,16,Assets/NTSD/Config/Character/gaara.dat,126,3,410,True,DECLARED_OPOINT_NOT_RUNTIME_REACHABILITY
unity,16,Assets/NTSD/Config/Character/gaara.dat,128,1,226,True,DECLARED_OPOINT_NOT_RUNTIME_REACHABILITY
unity,16,Assets/NTSD/Config/Character/gaara.dat,221,3,410,True,DECLARED_OPOINT_NOT_RUNTIME_REACHABILITY
unity,16,Assets/NTSD/Config/Character/gaara.dat,222,3,410,True,DECLARED_OPOINT_NOT_RUNTIME_REACHABILITY
unity,16,Assets/NTSD/Config/Character/gaara.dat,223,3,410,True,DECLARED_OPOINT_NOT_RUNTIME_REACHABILITY
unity,16,Assets/NTSD/Config/Character/gaara.dat,224,3,410,True,DECLARED_OPOINT_NOT_RUNTIME_REACHABILITY
unity,16,Assets/NTSD/Config/Character/gaara.dat,225,2,410,True,DECLARED_OPOINT_NOT_RUNTIME_REACHABILITY
unity,16,Assets/NTSD/Config/Character/gaara.dat,226,3,410,True,DECLARED_OPOINT_NOT_RUNTIME_REACHABILITY
unity,16,Assets/NTSD/Config/Character/gaara.dat,227,3,410,True,DECLARED_OPOINT_NOT_RUNTIME_REACHABILITY
unity,16,Assets/NTSD/Config/Character/gaara.dat,228,3,410,True,DECLARED_OPOINT_NOT_RUNTIME_REACHABILITY
unity,16,Assets/NTSD/Config/Character/gaara.dat,229,3,410,True,DECLARED_OPOINT_NOT_RUNTIME_REACHABILITY
unity,16,Assets/NTSD/Config/Character/gaara.dat,236,1,410,True,DECLARED_OPOINT_NOT_RUNTIME_REACHABILITY
unity,16,Assets/NTSD/Config/Character/gaara.dat,238,1,204,True,DECLARED_OPOINT_NOT_RUNTIME_REACHABILITY
unity,16,Assets/NTSD/Config/Character/gaara.dat,241,3,410,True,DECLARED_OPOINT_NOT_RUNTIME_REACHABILITY
unity,16,Assets/NTSD/Config/Character/gaara.dat,242,3,410,True,DECLARED_OPOINT_NOT_RUNTIME_REACHABILITY
unity,16,Assets/NTSD/Config/Character/gaara.dat,243,0,411,True,DECLARED_OPOINT_NOT_RUNTIME_REACHABILITY
unity,16,Assets/NTSD/Config/Character/gaara.dat,244,1,413,True,DECLARED_OPOINT_NOT_RUNTIME_REACHABILITY
unity,16,Assets/NTSD/Config/Character/gaara.dat,246,4,410,True,DECLARED_OPOINT_NOT_RUNTIME_REACHABILITY
unity,16,Assets/NTSD/Config/Character/gaara.dat,251,0,123,True,DECLARED_OPOINT_NOT_RUNTIME_REACHABILITY
unity,16,Assets/NTSD/Config/Character/gaara.dat,252,0,203,True,DECLARED_OPOINT_NOT_RUNTIME_REACHABILITY
unity,16,Assets/NTSD/Config/Character/gaara.dat,253,0,410,True,DECLARED_OPOINT_NOT_RUNTIME_REACHABILITY
unity,16,Assets/NTSD/Config/Character/gaara.dat,254,3,410,True,DECLARED_OPOINT_NOT_RUNTIME_REACHABILITY
unity,16,Assets/NTSD/Config/Character/gaara.dat,262,1,412,True,DECLARED_OPOINT_NOT_RUNTIME_REACHABILITY
unity,16,Assets/NTSD/Config/Character/gaara.dat,263,1,412,True,DECLARED_OPOINT_NOT_RUNTIME_REACHABILITY
unity,16,Assets/NTSD/Config/Character/gaara.dat,264,1,412,True,DECLARED_OPOINT_NOT_RUNTIME_REACHABILITY
unity,16,Assets/NTSD/Config/Character/gaara.dat,265,1,412,True,DECLARED_OPOINT_NOT_RUNTIME_REACHABILITY
unity,16,Assets/NTSD/Config/Character/gaara.dat,266,1,412,True,DECLARED_OPOINT_NOT_RUNTIME_REACHABILITY
unity,16,Assets/NTSD/Config/Character/gaara.dat,267,1,412,True,DECLARED_OPOINT_NOT_RUNTIME_REACHABILITY
unity,16,Assets/NTSD/Config/Character/gaara.dat,268,1,412,True,DECLARED_OPOINT_NOT_RUNTIME_REACHABILITY
unity,16,Assets/NTSD/Config/Character/gaara.dat,269,1,412,True,DECLARED_OPOINT_NOT_RUNTIME_REACHABILITY
unity,16,Assets/NTSD/Config/Character/gaara.dat,270,1,412,True,DECLARED_OPOINT_NOT_RUNTIME_REACHABILITY
unity,16,Assets/NTSD/Config/Character/gaara.dat,271,1,412,True,DECLARED_OPOINT_NOT_RUNTIME_REACHABILITY
unity,16,Assets/NTSD/Config/Character/gaara.dat,272,1,412,True,DECLARED_OPOINT_NOT_RUNTIME_REACHABILITY
unity,16,Assets/NTSD/Config/Character/gaara.dat,273,1,412,True,DECLARED_OPOINT_NOT_RUNTIME_REACHABILITY
unity,16,Assets/NTSD/Config/Character/gaara.dat,276,1,410,True,DECLARED_OPOINT_NOT_RUNTIME_REACHABILITY
unity,16,Assets/NTSD/Config/Character/gaara.dat,278,1,226,True,DECLARED_OPOINT_NOT_RUNTIME_REACHABILITY
unity,16,Assets/NTSD/Config/Character/gaara.dat,283,1,205,True,DECLARED_OPOINT_NOT_RUNTIME_REACHABILITY
unity,16,Assets/NTSD/Config/Character/gaara.dat,301,2,419,True,DECLARED_OPOINT_NOT_RUNTIME_REACHABILITY
unity,16,Assets/NTSD/Config/Character/gaara.dat,302,2,419,True,DECLARED_OPOINT_NOT_RUNTIME_REACHABILITY
unity,16,Assets/NTSD/Config/Character/gaara.dat,303,2,419,True,DECLARED_OPOINT_NOT_RUNTIME_REACHABILITY
unity,16,Assets/NTSD/Config/Character/gaara.dat,304,2,419,True,DECLARED_OPOINT_NOT_RUNTIME_REACHABILITY
unity,16,Assets/NTSD/Config/Character/gaara.dat,316,2,411,True,DECLARED_OPOINT_NOT_RUNTIME_REACHABILITY
unity,16,Assets/NTSD/Config/Character/gaara.dat,326,0,412,True,DECLARED_OPOINT_NOT_RUNTIME_REACHABILITY
unity,16,Assets/NTSD/Config/Character/gaara.dat,327,0,412,True,DECLARED_OPOINT_NOT_RUNTIME_REACHABILITY
unity,16,Assets/NTSD/Config/Character/gaara.dat,328,0,205,True,DECLARED_OPOINT_NOT_RUNTIME_REACHABILITY
unity,16,Assets/NTSD/Config/Character/gaara.dat,398,0,201,True,DECLARED_OPOINT_NOT_RUNTIME_REACHABILITY
unity,7,Assets/NTSD/Config/Character/rock_lee.dat,18,0,203,True,DECLARED_OPOINT_NOT_RUNTIME_REACHABILITY
unity,7,Assets/NTSD/Config/Character/rock_lee.dat,125,0,206,True,DECLARED_OPOINT_NOT_RUNTIME_REACHABILITY
unity,7,Assets/NTSD/Config/Character/rock_lee.dat,236,1,204,True,DECLARED_OPOINT_NOT_RUNTIME_REACHABILITY
unity,7,Assets/NTSD/Config/Character/rock_lee.dat,238,1,204,True,DECLARED_OPOINT_NOT_RUNTIME_REACHABILITY
unity,7,Assets/NTSD/Config/Character/rock_lee.dat,244,0,204,True,DECLARED_OPOINT_NOT_RUNTIME_REACHABILITY
unity,7,Assets/NTSD/Config/Character/rock_lee.dat,251,0,123,True,DECLARED_OPOINT_NOT_RUNTIME_REACHABILITY
unity,7,Assets/NTSD/Config/Character/rock_lee.dat,252,0,203,True,DECLARED_OPOINT_NOT_RUNTIME_REACHABILITY
unity,7,Assets/NTSD/Config/Character/rock_lee.dat,257,2,204,True,DECLARED_OPOINT_NOT_RUNTIME_REACHABILITY
unity,7,Assets/NTSD/Config/Character/rock_lee.dat,282,0,208,True,DECLARED_OPOINT_NOT_RUNTIME_REACHABILITY
unity,7,Assets/NTSD/Config/Character/rock_lee.dat,296,1,204,True,DECLARED_OPOINT_NOT_RUNTIME_REACHABILITY
unity,7,Assets/NTSD/Config/Character/rock_lee.dat,306,3,204,True,DECLARED_OPOINT_NOT_RUNTIME_REACHABILITY
unity,7,Assets/NTSD/Config/Character/rock_lee.dat,307,2,204,True,DECLARED_OPOINT_NOT_RUNTIME_REACHABILITY
unity,7,Assets/NTSD/Config/Character/rock_lee.dat,313,2,204,True,DECLARED_OPOINT_NOT_RUNTIME_REACHABILITY
unity,7,Assets/NTSD/Config/Character/rock_lee.dat,321,3,204,True,DECLARED_OPOINT_NOT_RUNTIME_REACHABILITY
unity,7,Assets/NTSD/Config/Character/rock_lee.dat,322,2,204,True,DECLARED_OPOINT_NOT_RUNTIME_REACHABILITY
unity,7,Assets/NTSD/Config/Character/rock_lee.dat,328,2,229,True,DECLARED_OPOINT_NOT_RUNTIME_REACHABILITY
unity,7,Assets/NTSD/Config/Character/rock_lee.dat,333,2,203,True,DECLARED_OPOINT_NOT_RUNTIME_REACHABILITY
unity,7,Assets/NTSD/Config/Character/rock_lee.dat,332,2,203,True,DECLARED_OPOINT_NOT_RUNTIME_REACHABILITY
unity,7,Assets/NTSD/Config/Character/rock_lee.dat,333,2,203,True,DECLARED_OPOINT_NOT_RUNTIME_REACHABILITY
unity,7,Assets/NTSD/Config/Character/rock_lee.dat,334,2,203,True,DECLARED_OPOINT_NOT_RUNTIME_REACHABILITY
unity,7,Assets/NTSD/Config/Character/rock_lee.dat,335,2,203,True,DECLARED_OPOINT_NOT_RUNTIME_REACHABILITY
unity,7,Assets/NTSD/Config/Character/rock_lee.dat,336,3,203,True,DECLARED_OPOINT_NOT_RUNTIME_REACHABILITY
unity,7,Assets/NTSD/Config/Character/rock_lee.dat,337,2,203,True,DECLARED_OPOINT_NOT_RUNTIME_REACHABILITY
unity,7,Assets/NTSD/Config/Character/rock_lee.dat,338,2,203,True,DECLARED_OPOINT_NOT_RUNTIME_REACHABILITY
unity,7,Assets/NTSD/Config/Character/rock_lee.dat,339,2,203,True,DECLARED_OPOINT_NOT_RUNTIME_REACHABILITY
unity,7,Assets/NTSD/Config/Character/rock_lee.dat,340,2,203,True,DECLARED_OPOINT_NOT_RUNTIME_REACHABILITY
unity,7,Assets/NTSD/Config/Character/rock_lee.dat,341,2,203,True,DECLARED_OPOINT_NOT_RUNTIME_REACHABILITY
unity,7,Assets/NTSD/Config/Character/rock_lee.dat,342,2,203,True,DECLARED_OPOINT_NOT_RUNTIME_REACHABILITY
unity,7,Assets/NTSD/Config/Character/rock_lee.dat,343,2,203,True,DECLARED_OPOINT_NOT_RUNTIME_REACHABILITY
unity,7,Assets/NTSD/Config/Character/rock_lee.dat,344,2,203,True,DECLARED_OPOINT_NOT_RUNTIME_REACHABILITY
unity,7,Assets/NTSD/Config/Character/rock_lee.dat,345,2,203,True,DECLARED_OPOINT_NOT_RUNTIME_REACHABILITY
unity,7,Assets/NTSD/Config/Character/rock_lee.dat,346,2,203,True,DECLARED_OPOINT_NOT_RUNTIME_REACHABILITY
unity,7,Assets/NTSD/Config/Character/rock_lee.dat,353,1,208,True,DECLARED_OPOINT_NOT_RUNTIME_REACHABILITY
unity,7,Assets/NTSD/Config/Character/rock_lee.dat,354,1,208,True,DECLARED_OPOINT_NOT_RUNTIME_REACHABILITY
unity,7,Assets/NTSD/Config/Character/rock_lee.dat,355,1,208,True,DECLARED_OPOINT_NOT_RUNTIME_REACHABILITY
unity,7,Assets/NTSD/Config/Character/rock_lee.dat,361,3,435,True,DECLARED_OPOINT_NOT_RUNTIME_REACHABILITY
unity,7,Assets/NTSD/Config/Character/rock_lee.dat,362,1,435,True,DECLARED_OPOINT_NOT_RUNTIME_REACHABILITY
unity,7,Assets/NTSD/Config/Character/rock_lee.dat,363,1,435,True,DECLARED_OPOINT_NOT_RUNTIME_REACHABILITY
unity,7,Assets/NTSD/Config/Character/rock_lee.dat,365,1,204,True,DECLARED_OPOINT_NOT_RUNTIME_REACHABILITY
unity,7,Assets/NTSD/Config/Character/rock_lee.dat,368,1,204,True,DECLARED_OPOINT_NOT_RUNTIME_REACHABILITY
unity,7,Assets/NTSD/Config/Character/rock_lee.dat,374,0,435,True,DECLARED_OPOINT_NOT_RUNTIME_REACHABILITY
unity,7,Assets/NTSD/Config/Character/rock_lee.dat,376,2,206,True,DECLARED_OPOINT_NOT_RUNTIME_REACHABILITY
unity,7,Assets/NTSD/Config/Character/rock_lee.dat,382,2,206,True,DECLARED_OPOINT_NOT_RUNTIME_REACHABILITY
unity,7,Assets/NTSD/Config/Character/rock_lee.dat,387,2,206,True,DECLARED_OPOINT_NOT_RUNTIME_REACHABILITY
unity,7,Assets/NTSD/Config/Character/rock_lee.dat,22,2,206,True,DECLARED_OPOINT_NOT_RUNTIME_REACHABILITY
unity,7,Assets/NTSD/Config/Character/rock_lee.dat,23,2,206,True,DECLARED_OPOINT_NOT_RUNTIME_REACHABILITY
unity,7,Assets/NTSD/Config/Character/rock_lee.dat,33,2,206,True,DECLARED_OPOINT_NOT_RUNTIME_REACHABILITY
unity,7,Assets/NTSD/Config/Character/rock_lee.dat,34,2,206,True,DECLARED_OPOINT_NOT_RUNTIME_REACHABILITY
unity,7,Assets/NTSD/Config/Character/rock_lee.dat,36,2,206,True,DECLARED_OPOINT_NOT_RUNTIME_REACHABILITY
unity,7,Assets/NTSD/Config/Character/rock_lee.dat,38,3,206,True,DECLARED_OPOINT_NOT_RUNTIME_REACHABILITY
unity,7,Assets/NTSD/Config/Character/rock_lee.dat,41,3,206,True,DECLARED_OPOINT_NOT_RUNTIME_REACHABILITY
unity,7,Assets/NTSD/Config/Character/rock_lee.dat,149,3,513,True,DECLARED_OPOINT_NOT_RUNTIME_REACHABILITY
unity,7,Assets/NTSD/Config/Character/rock_lee.dat,398,0,201,True,DECLARED_OPOINT_NOT_RUNTIME_REACHABILITY
unity,7,Assets/NTSD/Config/Character/rock_lee.dat,395,1,214,True,DECLARED_OPOINT_NOT_RUNTIME_REACHABILITY
unity,18,Assets/NTSD/Config/Character/neji.dat,18,0,203,True,DECLARED_OPOINT_NOT_RUNTIME_REACHABILITY
unity,18,Assets/NTSD/Config/Character/neji.dat,26,2,209,True,DECLARED_OPOINT_NOT_RUNTIME_REACHABILITY
unity,18,Assets/NTSD/Config/Character/neji.dat,27,2,209,True,DECLARED_OPOINT_NOT_RUNTIME_REACHABILITY
unity,18,Assets/NTSD/Config/Character/neji.dat,28,1,209,True,DECLARED_OPOINT_NOT_RUNTIME_REACHABILITY
unity,18,Assets/NTSD/Config/Character/neji.dat,56,2,209,True,DECLARED_OPOINT_NOT_RUNTIME_REACHABILITY
unity,18,Assets/NTSD/Config/Character/neji.dat,57,2,209,True,DECLARED_OPOINT_NOT_RUNTIME_REACHABILITY
unity,18,Assets/NTSD/Config/Character/neji.dat,58,1,209,True,DECLARED_OPOINT_NOT_RUNTIME_REACHABILITY
unity,18,Assets/NTSD/Config/Character/neji.dat,62,0,204,True,DECLARED_OPOINT_NOT_RUNTIME_REACHABILITY
unity,18,Assets/NTSD/Config/Character/neji.dat,63,0,204,True,DECLARED_OPOINT_NOT_RUNTIME_REACHABILITY
unity,18,Assets/NTSD/Config/Character/neji.dat,66,2,204,True,DECLARED_OPOINT_NOT_RUNTIME_REACHABILITY
unity,18,Assets/NTSD/Config/Character/neji.dat,67,0,204,True,DECLARED_OPOINT_NOT_RUNTIME_REACHABILITY
unity,18,Assets/NTSD/Config/Character/neji.dat,72,0,204,True,DECLARED_OPOINT_NOT_RUNTIME_REACHABILITY
unity,18,Assets/NTSD/Config/Character/neji.dat,73,1,204,True,DECLARED_OPOINT_NOT_RUNTIME_REACHABILITY
unity,18,Assets/NTSD/Config/Character/neji.dat,127,3,216,True,DECLARED_OPOINT_NOT_RUNTIME_REACHABILITY
unity,18,Assets/NTSD/Config/Character/neji.dat,128,3,216,True,DECLARED_OPOINT_NOT_RUNTIME_REACHABILITY
unity,18,Assets/NTSD/Config/Character/neji.dat,129,3,216,True,DECLARED_OPOINT_NOT_RUNTIME_REACHABILITY
unity,18,Assets/NTSD/Config/Character/neji.dat,148,1,419,True,DECLARED_OPOINT_NOT_RUNTIME_REACHABILITY
unity,18,Assets/NTSD/Config/Character/neji.dat,150,1,419,True,DECLARED_OPOINT_NOT_RUNTIME_REACHABILITY
unity,18,Assets/NTSD/Config/Character/neji.dat,152,1,419,True,DECLARED_OPOINT_NOT_RUNTIME_REACHABILITY
unity,18,Assets/NTSD/Config/Character/neji.dat,236,1,204,True,DECLARED_OPOINT_NOT_RUNTIME_REACHABILITY
unity,18,Assets/NTSD/Config/Character/neji.dat,238,1,204,True,DECLARED_OPOINT_NOT_RUNTIME_REACHABILITY
unity,18,Assets/NTSD/Config/Character/neji.dat,243,1,229,True,DECLARED_OPOINT_NOT_RUNTIME_REACHABILITY
unity,18,Assets/NTSD/Config/Character/neji.dat,244,1,229,True,DECLARED_OPOINT_NOT_RUNTIME_REACHABILITY
unity,18,Assets/NTSD/Config/Character/neji.dat,252,1,229,True,DECLARED_OPOINT_NOT_RUNTIME_REACHABILITY
unity,18,Assets/NTSD/Config/Character/neji.dat,253,0,204,True,DECLARED_OPOINT_NOT_RUNTIME_REACHABILITY
unity,18,Assets/NTSD/Config/Character/neji.dat,262,0,204,True,DECLARED_OPOINT_NOT_RUNTIME_REACHABILITY
unity,18,Assets/NTSD/Config/Character/neji.dat,264,1,444,True,DECLARED_OPOINT_NOT_RUNTIME_REACHABILITY
unity,18,Assets/NTSD/Config/Character/neji.dat,265,0,203,True,DECLARED_OPOINT_NOT_RUNTIME_REACHABILITY
unity,18,Assets/NTSD/Config/Character/neji.dat,271,0,123,True,DECLARED_OPOINT_NOT_RUNTIME_REACHABILITY
unity,18,Assets/NTSD/Config/Character/neji.dat,272,0,203,True,DECLARED_OPOINT_NOT_RUNTIME_REACHABILITY
unity,18,Assets/NTSD/Config/Character/neji.dat,281,1,214,True,DECLARED_OPOINT_NOT_RUNTIME_REACHABILITY
unity,18,Assets/NTSD/Config/Character/neji.dat,290,1,216,True,DECLARED_OPOINT_NOT_RUNTIME_REACHABILITY
unity,18,Assets/NTSD/Config/Character/neji.dat,292,1,216,True,DECLARED_OPOINT_NOT_RUNTIME_REACHABILITY
unity,18,Assets/NTSD/Config/Character/neji.dat,294,1,216,True,DECLARED_OPOINT_NOT_RUNTIME_REACHABILITY
unity,18,Assets/NTSD/Config/Character/neji.dat,295,1,216,True,DECLARED_OPOINT_NOT_RUNTIME_REACHABILITY
unity,18,Assets/NTSD/Config/Character/neji.dat,296,1,216,True,DECLARED_OPOINT_NOT_RUNTIME_REACHABILITY
unity,18,Assets/NTSD/Config/Character/neji.dat,298,1,216,True,DECLARED_OPOINT_NOT_RUNTIME_REACHABILITY
unity,18,Assets/NTSD/Config/Character/neji.dat,300,1,216,True,DECLARED_OPOINT_NOT_RUNTIME_REACHABILITY
unity,18,Assets/NTSD/Config/Character/neji.dat,304,2,216,True,DECLARED_OPOINT_NOT_RUNTIME_REACHABILITY
unity,18,Assets/NTSD/Config/Character/neji.dat,306,1,216,True,DECLARED_OPOINT_NOT_RUNTIME_REACHABILITY
unity,18,Assets/NTSD/Config/Character/neji.dat,307,2,216,True,DECLARED_OPOINT_NOT_RUNTIME_REACHABILITY
unity,18,Assets/NTSD/Config/Character/neji.dat,309,1,216,True,DECLARED_OPOINT_NOT_RUNTIME_REACHABILITY
unity,18,Assets/NTSD/Config/Character/neji.dat,310,1,216,True,DECLARED_OPOINT_NOT_RUNTIME_REACHABILITY
unity,18,Assets/NTSD/Config/Character/neji.dat,311,1,216,True,DECLARED_OPOINT_NOT_RUNTIME_REACHABILITY
unity,18,Assets/NTSD/Config/Character/neji.dat,312,1,216,True,DECLARED_OPOINT_NOT_RUNTIME_REACHABILITY
unity,18,Assets/NTSD/Config/Character/neji.dat,314,2,216,True,DECLARED_OPOINT_NOT_RUNTIME_REACHABILITY
unity,18,Assets/NTSD/Config/Character/neji.dat,317,3,216,True,DECLARED_OPOINT_NOT_RUNTIME_REACHABILITY
unity,18,Assets/NTSD/Config/Character/neji.dat,318,3,216,True,DECLARED_OPOINT_NOT_RUNTIME_REACHABILITY
unity,18,Assets/NTSD/Config/Character/neji.dat,319,3,216,True,DECLARED_OPOINT_NOT_RUNTIME_REACHABILITY
unity,18,Assets/NTSD/Config/Character/neji.dat,320,3,216,True,DECLARED_OPOINT_NOT_RUNTIME_REACHABILITY
unity,18,Assets/NTSD/Config/Character/neji.dat,321,3,216,True,DECLARED_OPOINT_NOT_RUNTIME_REACHABILITY
unity,18,Assets/NTSD/Config/Character/neji.dat,322,3,216,True,DECLARED_OPOINT_NOT_RUNTIME_REACHABILITY
unity,18,Assets/NTSD/Config/Character/neji.dat,323,3,216,True,DECLARED_OPOINT_NOT_RUNTIME_REACHABILITY
unity,18,Assets/NTSD/Config/Character/neji.dat,324,3,216,True,DECLARED_OPOINT_NOT_RUNTIME_REACHABILITY
unity,18,Assets/NTSD/Config/Character/neji.dat,325,3,216,True,DECLARED_OPOINT_NOT_RUNTIME_REACHABILITY
unity,18,Assets/NTSD/Config/Character/neji.dat,326,1,216,True,DECLARED_OPOINT_NOT_RUNTIME_REACHABILITY
unity,18,Assets/NTSD/Config/Character/neji.dat,327,2,216,True,DECLARED_OPOINT_NOT_RUNTIME_REACHABILITY
unity,18,Assets/NTSD/Config/Character/neji.dat,333,1,216,True,DECLARED_OPOINT_NOT_RUNTIME_REACHABILITY
unity,18,Assets/NTSD/Config/Character/neji.dat,334,1,216,True,DECLARED_OPOINT_NOT_RUNTIME_REACHABILITY
unity,18,Assets/NTSD/Config/Character/neji.dat,335,1,216,True,DECLARED_OPOINT_NOT_RUNTIME_REACHABILITY
unity,18,Assets/NTSD/Config/Character/neji.dat,336,2,216,True,DECLARED_OPOINT_NOT_RUNTIME_REACHABILITY
unity,18,Assets/NTSD/Config/Character/neji.dat,337,2,216,True,DECLARED_OPOINT_NOT_RUNTIME_REACHABILITY
unity,18,Assets/NTSD/Config/Character/neji.dat,338,2,216,True,DECLARED_OPOINT_NOT_RUNTIME_REACHABILITY
unity,18,Assets/NTSD/Config/Character/neji.dat,339,2,216,True,DECLARED_OPOINT_NOT_RUNTIME_REACHABILITY
unity,18,Assets/NTSD/Config/Character/neji.dat,340,2,216,True,DECLARED_OPOINT_NOT_RUNTIME_REACHABILITY
unity,18,Assets/NTSD/Config/Character/neji.dat,341,2,216,True,DECLARED_OPOINT_NOT_RUNTIME_REACHABILITY
unity,18,Assets/NTSD/Config/Character/neji.dat,342,1,216,True,DECLARED_OPOINT_NOT_RUNTIME_REACHABILITY
unity,18,Assets/NTSD/Config/Character/neji.dat,352,1,229,True,DECLARED_OPOINT_NOT_RUNTIME_REACHABILITY
unity,18,Assets/NTSD/Config/Character/neji.dat,353,0,229,True,DECLARED_OPOINT_NOT_RUNTIME_REACHABILITY
unity,18,Assets/NTSD/Config/Character/neji.dat,354,1,204,True,DECLARED_OPOINT_NOT_RUNTIME_REACHABILITY
unity,18,Assets/NTSD/Config/Character/neji.dat,355,0,204,True,DECLARED_OPOINT_NOT_RUNTIME_REACHABILITY
unity,18,Assets/NTSD/Config/Character/neji.dat,361,3,204,True,DECLARED_OPOINT_NOT_RUNTIME_REACHABILITY
unity,18,Assets/NTSD/Config/Character/neji.dat,377,1,419,True,DECLARED_OPOINT_NOT_RUNTIME_REACHABILITY
unity,18,Assets/NTSD/Config/Character/neji.dat,381,3,209,True,DECLARED_OPOINT_NOT_RUNTIME_REACHABILITY
unity,18,Assets/NTSD/Config/Character/neji.dat,382,1,209,True,DECLARED_OPOINT_NOT_RUNTIME_REACHABILITY
unity,18,Assets/NTSD/Config/Character/neji.dat,383,3,209,True,DECLARED_OPOINT_NOT_RUNTIME_REACHABILITY
unity,18,Assets/NTSD/Config/Character/neji.dat,384,2,209,True,DECLARED_OPOINT_NOT_RUNTIME_REACHABILITY
unity,18,Assets/NTSD/Config/Character/neji.dat,385,4,209,True,DECLARED_OPOINT_NOT_RUNTIME_REACHABILITY
unity,18,Assets/NTSD/Config/Character/neji.dat,386,2,209,True,DECLARED_OPOINT_NOT_RUNTIME_REACHABILITY
unity,18,Assets/NTSD/Config/Character/neji.dat,387,2,209,True,DECLARED_OPOINT_NOT_RUNTIME_REACHABILITY
unity,18,Assets/NTSD/Config/Character/neji.dat,388,3,209,True,DECLARED_OPOINT_NOT_RUNTIME_REACHABILITY
unity,18,Assets/NTSD/Config/Character/neji.dat,395,1,214,True,DECLARED_OPOINT_NOT_RUNTIME_REACHABILITY
unity,18,Assets/NTSD/Config/Character/neji.dat,398,0,201,True,DECLARED_OPOINT_NOT_RUNTIME_REACHABILITY
unity,22,Assets/NTSD/Config/Character/shikamaru.dat,18,0,203,True,DECLARED_OPOINT_NOT_RUNTIME_REACHABILITY
unity,22,Assets/NTSD/Config/Character/shikamaru.dat,64,1,462,True,DECLARED_OPOINT_NOT_RUNTIME_REACHABILITY
unity,22,Assets/NTSD/Config/Character/shikamaru.dat,69,1,462,True,DECLARED_OPOINT_NOT_RUNTIME_REACHABILITY
unity,22,Assets/NTSD/Config/Character/shikamaru.dat,71,3,462,True,DECLARED_OPOINT_NOT_RUNTIME_REACHABILITY
unity,22,Assets/NTSD/Config/Character/shikamaru.dat,121,3,462,True,DECLARED_OPOINT_NOT_RUNTIME_REACHABILITY
unity,22,Assets/NTSD/Config/Character/shikamaru.dat,122,3,462,True,DECLARED_OPOINT_NOT_RUNTIME_REACHABILITY
unity,22,Assets/NTSD/Config/Character/shikamaru.dat,123,3,462,True,DECLARED_OPOINT_NOT_RUNTIME_REACHABILITY
unity,22,Assets/NTSD/Config/Character/shikamaru.dat,124,3,462,True,DECLARED_OPOINT_NOT_RUNTIME_REACHABILITY
unity,22,Assets/NTSD/Config/Character/shikamaru.dat,125,3,462,True,DECLARED_OPOINT_NOT_RUNTIME_REACHABILITY
unity,22,Assets/NTSD/Config/Character/shikamaru.dat,126,3,462,True,DECLARED_OPOINT_NOT_RUNTIME_REACHABILITY
unity,22,Assets/NTSD/Config/Character/shikamaru.dat,128,3,422,True,DECLARED_OPOINT_NOT_RUNTIME_REACHABILITY
unity,22,Assets/NTSD/Config/Character/shikamaru.dat,236,1,204,True,DECLARED_OPOINT_NOT_RUNTIME_REACHABILITY
unity,22,Assets/NTSD/Config/Character/shikamaru.dat,238,1,204,True,DECLARED_OPOINT_NOT_RUNTIME_REACHABILITY
unity,22,Assets/NTSD/Config/Character/shikamaru.dat,242,2,462,True,DECLARED_OPOINT_NOT_RUNTIME_REACHABILITY
unity,22,Assets/NTSD/Config/Character/shikamaru.dat,244,3,462,True,DECLARED_OPOINT_NOT_RUNTIME_REACHABILITY
unity,22,Assets/NTSD/Config/Character/shikamaru.dat,249,3,462,True,DECLARED_OPOINT_NOT_RUNTIME_REACHABILITY
unity,22,Assets/NTSD/Config/Character/shikamaru.dat,256,4,462,True,DECLARED_OPOINT_NOT_RUNTIME_REACHABILITY
unity,22,Assets/NTSD/Config/Character/shikamaru.dat,260,1,462,True,DECLARED_OPOINT_NOT_RUNTIME_REACHABILITY
unity,22,Assets/NTSD/Config/Character/shikamaru.dat,264,1,462,True,DECLARED_OPOINT_NOT_RUNTIME_REACHABILITY
unity,22,Assets/NTSD/Config/Character/shikamaru.dat,265,1,462,True,DECLARED_OPOINT_NOT_RUNTIME_REACHABILITY
unity,22,Assets/NTSD/Config/Character/shikamaru.dat,266,1,462,True,DECLARED_OPOINT_NOT_RUNTIME_REACHABILITY
unity,22,Assets/NTSD/Config/Character/shikamaru.dat,267,1,462,True,DECLARED_OPOINT_NOT_RUNTIME_REACHABILITY
unity,22,Assets/NTSD/Config/Character/shikamaru.dat,268,1,462,True,DECLARED_OPOINT_NOT_RUNTIME_REACHABILITY
unity,22,Assets/NTSD/Config/Character/shikamaru.dat,269,2,462,True,DECLARED_OPOINT_NOT_RUNTIME_REACHABILITY
unity,22,Assets/NTSD/Config/Character/shikamaru.dat,271,0,123,True,DECLARED_OPOINT_NOT_RUNTIME_REACHABILITY
unity,22,Assets/NTSD/Config/Character/shikamaru.dat,272,0,203,True,DECLARED_OPOINT_NOT_RUNTIME_REACHABILITY
unity,22,Assets/NTSD/Config/Character/shikamaru.dat,276,0,121,True,DECLARED_OPOINT_NOT_RUNTIME_REACHABILITY
unity,22,Assets/NTSD/Config/Character/shikamaru.dat,283,2,462,True,DECLARED_OPOINT_NOT_RUNTIME_REACHABILITY
unity,22,Assets/NTSD/Config/Character/shikamaru.dat,285,3,462,True,DECLARED_OPOINT_NOT_RUNTIME_REACHABILITY
unity,22,Assets/NTSD/Config/Character/shikamaru.dat,302,1,462,True,DECLARED_OPOINT_NOT_RUNTIME_REACHABILITY
unity,22,Assets/NTSD/Config/Character/shikamaru.dat,303,1,462,True,DECLARED_OPOINT_NOT_RUNTIME_REACHABILITY
unity,22,Assets/NTSD/Config/Character/shikamaru.dat,311,2,462,True,DECLARED_OPOINT_NOT_RUNTIME_REACHABILITY
unity,22,Assets/NTSD/Config/Character/shikamaru.dat,381,1,206,True,DECLARED_OPOINT_NOT_RUNTIME_REACHABILITY
unity,22,Assets/NTSD/Config/Character/shikamaru.dat,382,1,462,True,DECLARED_OPOINT_NOT_RUNTIME_REACHABILITY
unity,22,Assets/NTSD/Config/Character/shikamaru.dat,386,2,462,True,DECLARED_OPOINT_NOT_RUNTIME_REACHABILITY
unity,22,Assets/NTSD/Config/Character/shikamaru.dat,395,1,214,True,DECLARED_OPOINT_NOT_RUNTIME_REACHABILITY
unity,22,Assets/NTSD/Config/Character/shikamaru.dat,398,0,201,True,DECLARED_OPOINT_NOT_RUNTIME_REACHABILITY
unity,19,Assets/NTSD/Config/Character/tenten.dat,18,0,203,True,DECLARED_OPOINT_NOT_RUNTIME_REACHABILITY
unity,19,Assets/NTSD/Config/Character/tenten.dat,81,0,120,True,DECLARED_OPOINT_NOT_RUNTIME_REACHABILITY
unity,19,Assets/NTSD/Config/Character/tenten.dat,86,1,120,True,DECLARED_OPOINT_NOT_RUNTIME_REACHABILITY
unity,19,Assets/NTSD/Config/Character/tenten.dat,236,1,204,True,DECLARED_OPOINT_NOT_RUNTIME_REACHABILITY
unity,19,Assets/NTSD/Config/Character/tenten.dat,238,1,204,True,DECLARED_OPOINT_NOT_RUNTIME_REACHABILITY
unity,19,Assets/NTSD/Config/Character/tenten.dat,241,1,121,True,DECLARED_OPOINT_NOT_RUNTIME_REACHABILITY
unity,19,Assets/NTSD/Config/Character/tenten.dat,246,0,206,True,DECLARED_OPOINT_NOT_RUNTIME_REACHABILITY
unity,19,Assets/NTSD/Config/Character/tenten.dat,248,1,124,True,DECLARED_OPOINT_NOT_RUNTIME_REACHABILITY
unity,19,Assets/NTSD/Config/Character/tenten.dat,253,0,206,True,DECLARED_OPOINT_NOT_RUNTIME_REACHABILITY
unity,19,Assets/NTSD/Config/Character/tenten.dat,254,0,206,True,DECLARED_OPOINT_NOT_RUNTIME_REACHABILITY
unity,19,Assets/NTSD/Config/Character/tenten.dat,255,0,206,True,DECLARED_OPOINT_NOT_RUNTIME_REACHABILITY
unity,19,Assets/NTSD/Config/Character/tenten.dat,259,0,225,True,DECLARED_OPOINT_NOT_RUNTIME_REACHABILITY
unity,19,Assets/NTSD/Config/Character/tenten.dat,271,0,123,True,DECLARED_OPOINT_NOT_RUNTIME_REACHABILITY
unity,19,Assets/NTSD/Config/Character/tenten.dat,272,0,203,True,DECLARED_OPOINT_NOT_RUNTIME_REACHABILITY
unity,19,Assets/NTSD/Config/Character/tenten.dat,276,0,206,True,DECLARED_OPOINT_NOT_RUNTIME_REACHABILITY
unity,19,Assets/NTSD/Config/Character/tenten.dat,277,0,206,True,DECLARED_OPOINT_NOT_RUNTIME_REACHABILITY
unity,19,Assets/NTSD/Config/Character/tenten.dat,278,0,206,True,DECLARED_OPOINT_NOT_RUNTIME_REACHABILITY
unity,19,Assets/NTSD/Config/Character/tenten.dat,290,0,206,True,DECLARED_OPOINT_NOT_RUNTIME_REACHABILITY
unity,19,Assets/NTSD/Config/Character/tenten.dat,291,0,206,True,DECLARED_OPOINT_NOT_RUNTIME_REACHABILITY
unity,19,Assets/NTSD/Config/Character/tenten.dat,292,0,206,True,DECLARED_OPOINT_NOT_RUNTIME_REACHABILITY
unity,19,Assets/NTSD/Config/Character/tenten.dat,296,3,419,True,DECLARED_OPOINT_NOT_RUNTIME_REACHABILITY
unity,19,Assets/NTSD/Config/Character/tenten.dat,301,2,203,True,DECLARED_OPOINT_NOT_RUNTIME_REACHABILITY
unity,19,Assets/NTSD/Config/Character/tenten.dat,304,2,203,True,DECLARED_OPOINT_NOT_RUNTIME_REACHABILITY
unity,19,Assets/NTSD/Config/Character/tenten.dat,307,2,203,True,DECLARED_OPOINT_NOT_RUNTIME_REACHABILITY
unity,19,Assets/NTSD/Config/Character/tenten.dat,310,2,203,True,DECLARED_OPOINT_NOT_RUNTIME_REACHABILITY
unity,19,Assets/NTSD/Config/Character/tenten.dat,319,2,407,True,DECLARED_OPOINT_NOT_RUNTIME_REACHABILITY
unity,19,Assets/NTSD/Config/Character/tenten.dat,320,2,229,True,DECLARED_OPOINT_NOT_RUNTIME_REACHABILITY
unity,19,Assets/NTSD/Config/Character/tenten.dat,395,1,214,True,DECLARED_OPOINT_NOT_RUNTIME_REACHABILITY
unity,19,Assets/NTSD/Config/Character/tenten.dat,398,0,201,True,DECLARED_OPOINT_NOT_RUNTIME_REACHABILITY
unity,12,Assets/NTSD/Config/Character/kiba.dat,18,0,203,True,DECLARED_OPOINT_NOT_RUNTIME_REACHABILITY
unity,12,Assets/NTSD/Config/Character/kiba.dat,236,1,204,True,DECLARED_OPOINT_NOT_RUNTIME_REACHABILITY
unity,12,Assets/NTSD/Config/Character/kiba.dat,238,1,204,True,DECLARED_OPOINT_NOT_RUNTIME_REACHABILITY
unity,12,Assets/NTSD/Config/Character/kiba.dat,241,3,204,True,DECLARED_OPOINT_NOT_RUNTIME_REACHABILITY
unity,12,Assets/NTSD/Config/Character/kiba.dat,244,3,204,True,DECLARED_OPOINT_NOT_RUNTIME_REACHABILITY
unity,12,Assets/NTSD/Config/Character/kiba.dat,247,3,204,True,DECLARED_OPOINT_NOT_RUNTIME_REACHABILITY
unity,12,Assets/NTSD/Config/Character/kiba.dat,250,3,204,True,DECLARED_OPOINT_NOT_RUNTIME_REACHABILITY
unity,12,Assets/NTSD/Config/Character/kiba.dat,256,2,203,True,DECLARED_OPOINT_NOT_RUNTIME_REACHABILITY
unity,12,Assets/NTSD/Config/Character/kiba.dat,257,2,203,True,DECLARED_OPOINT_NOT_RUNTIME_REACHABILITY
unity,12,Assets/NTSD/Config/Character/kiba.dat,258,2,203,True,DECLARED_OPOINT_NOT_RUNTIME_REACHABILITY
unity,12,Assets/NTSD/Config/Character/kiba.dat,259,2,203,True,DECLARED_OPOINT_NOT_RUNTIME_REACHABILITY
unity,12,Assets/NTSD/Config/Character/kiba.dat,260,2,203,True,DECLARED_OPOINT_NOT_RUNTIME_REACHABILITY
unity,12,Assets/NTSD/Config/Character/kiba.dat,261,2,203,True,DECLARED_OPOINT_NOT_RUNTIME_REACHABILITY
unity,12,Assets/NTSD/Config/Character/kiba.dat,262,2,203,True,DECLARED_OPOINT_NOT_RUNTIME_REACHABILITY
unity,12,Assets/NTSD/Config/Character/kiba.dat,263,2,203,True,DECLARED_OPOINT_NOT_RUNTIME_REACHABILITY
unity,12,Assets/NTSD/Config/Character/kiba.dat,276,2,407,True,DECLARED_OPOINT_NOT_RUNTIME_REACHABILITY
unity,12,Assets/NTSD/Config/Character/kiba.dat,283,2,226,True,DECLARED_OPOINT_NOT_RUNTIME_REACHABILITY
unity,12,Assets/NTSD/Config/Character/kiba.dat,287,2,226,True,DECLARED_OPOINT_NOT_RUNTIME_REACHABILITY
unity,12,Assets/NTSD/Config/Character/kiba.dat,291,0,123,True,DECLARED_OPOINT_NOT_RUNTIME_REACHABILITY
unity,12,Assets/NTSD/Config/Character/kiba.dat,292,0,203,True,DECLARED_OPOINT_NOT_RUNTIME_REACHABILITY
unity,12,Assets/NTSD/Config/Character/kiba.dat,296,1,216,True,DECLARED_OPOINT_NOT_RUNTIME_REACHABILITY
unity,12,Assets/NTSD/Config/Character/kiba.dat,297,1,216,True,DECLARED_OPOINT_NOT_RUNTIME_REACHABILITY
unity,12,Assets/NTSD/Config/Character/kiba.dat,298,3,204,True,DECLARED_OPOINT_NOT_RUNTIME_REACHABILITY
unity,12,Assets/NTSD/Config/Character/kiba.dat,299,3,229,True,DECLARED_OPOINT_NOT_RUNTIME_REACHABILITY
unity,12,Assets/NTSD/Config/Character/kiba.dat,350,2,203,True,DECLARED_OPOINT_NOT_RUNTIME_REACHABILITY
unity,12,Assets/NTSD/Config/Character/kiba.dat,351,2,203,True,DECLARED_OPOINT_NOT_RUNTIME_REACHABILITY
unity,12,Assets/NTSD/Config/Character/kiba.dat,352,2,203,True,DECLARED_OPOINT_NOT_RUNTIME_REACHABILITY
unity,12,Assets/NTSD/Config/Character/kiba.dat,353,2,203,True,DECLARED_OPOINT_NOT_RUNTIME_REACHABILITY
unity,12,Assets/NTSD/Config/Character/kiba.dat,354,2,203,True,DECLARED_OPOINT_NOT_RUNTIME_REACHABILITY
unity,12,Assets/NTSD/Config/Character/kiba.dat,355,2,203,True,DECLARED_OPOINT_NOT_RUNTIME_REACHABILITY
unity,12,Assets/NTSD/Config/Character/kiba.dat,356,2,203,True,DECLARED_OPOINT_NOT_RUNTIME_REACHABILITY
unity,12,Assets/NTSD/Config/Character/kiba.dat,357,2,203,True,DECLARED_OPOINT_NOT_RUNTIME_REACHABILITY
unity,12,Assets/NTSD/Config/Character/kiba.dat,358,2,203,True,DECLARED_OPOINT_NOT_RUNTIME_REACHABILITY
unity,12,Assets/NTSD/Config/Character/kiba.dat,359,2,203,True,DECLARED_OPOINT_NOT_RUNTIME_REACHABILITY
unity,12,Assets/NTSD/Config/Character/kiba.dat,360,2,203,True,DECLARED_OPOINT_NOT_RUNTIME_REACHABILITY
unity,12,Assets/NTSD/Config/Character/kiba.dat,361,2,203,True,DECLARED_OPOINT_NOT_RUNTIME_REACHABILITY
unity,12,Assets/NTSD/Config/Character/kiba.dat,362,2,203,True,DECLARED_OPOINT_NOT_RUNTIME_REACHABILITY
unity,12,Assets/NTSD/Config/Character/kiba.dat,363,2,203,True,DECLARED_OPOINT_NOT_RUNTIME_REACHABILITY
unity,12,Assets/NTSD/Config/Character/kiba.dat,364,2,203,True,DECLARED_OPOINT_NOT_RUNTIME_REACHABILITY
unity,12,Assets/NTSD/Config/Character/kiba.dat,365,2,203,True,DECLARED_OPOINT_NOT_RUNTIME_REACHABILITY
unity,12,Assets/NTSD/Config/Character/kiba.dat,366,2,203,True,DECLARED_OPOINT_NOT_RUNTIME_REACHABILITY
unity,12,Assets/NTSD/Config/Character/kiba.dat,395,1,214,True,DECLARED_OPOINT_NOT_RUNTIME_REACHABILITY
unity,12,Assets/NTSD/Config/Character/kiba.dat,398,0,201,True,DECLARED_OPOINT_NOT_RUNTIME_REACHABILITY
unity,5,Assets/NTSD/Config/Character/shino.dat,18,0,203,True,DECLARED_OPOINT_NOT_RUNTIME_REACHABILITY
unity,5,Assets/NTSD/Config/Character/shino.dat,81,0,228,True,DECLARED_OPOINT_NOT_RUNTIME_REACHABILITY
unity,5,Assets/NTSD/Config/Character/shino.dat,87,2,228,True,DECLARED_OPOINT_NOT_RUNTIME_REACHABILITY
unity,5,Assets/NTSD/Config/Character/shino.dat,88,2,228,True,DECLARED_OPOINT_NOT_RUNTIME_REACHABILITY
unity,5,Assets/NTSD/Config/Character/shino.dat,89,3,228,True,DECLARED_OPOINT_NOT_RUNTIME_REACHABILITY
unity,5,Assets/NTSD/Config/Character/shino.dat,91,0,228,True,DECLARED_OPOINT_NOT_RUNTIME_REACHABILITY
unity,5,Assets/NTSD/Config/Character/shino.dat,236,1,228,True,DECLARED_OPOINT_NOT_RUNTIME_REACHABILITY
unity,5,Assets/NTSD/Config/Character/shino.dat,248,2,228,True,DECLARED_OPOINT_NOT_RUNTIME_REACHABILITY
unity,5,Assets/NTSD/Config/Character/shino.dat,256,0,123,True,DECLARED_OPOINT_NOT_RUNTIME_REACHABILITY
unity,5,Assets/NTSD/Config/Character/shino.dat,257,0,203,True,DECLARED_OPOINT_NOT_RUNTIME_REACHABILITY
unity,5,Assets/NTSD/Config/Character/shino.dat,270,2,421,True,DECLARED_OPOINT_NOT_RUNTIME_REACHABILITY
unity,5,Assets/NTSD/Config/Character/shino.dat,271,2,421,True,DECLARED_OPOINT_NOT_RUNTIME_REACHABILITY
unity,5,Assets/NTSD/Config/Character/shino.dat,272,2,421,True,DECLARED_OPOINT_NOT_RUNTIME_REACHABILITY
unity,5,Assets/NTSD/Config/Character/shino.dat,282,2,421,True,DECLARED_OPOINT_NOT_RUNTIME_REACHABILITY
unity,5,Assets/NTSD/Config/Character/shino.dat,283,2,421,True,DECLARED_OPOINT_NOT_RUNTIME_REACHABILITY
unity,5,Assets/NTSD/Config/Character/shino.dat,284,2,421,True,DECLARED_OPOINT_NOT_RUNTIME_REACHABILITY
unity,5,Assets/NTSD/Config/Character/shino.dat,285,2,421,True,DECLARED_OPOINT_NOT_RUNTIME_REACHABILITY
unity,5,Assets/NTSD/Config/Character/shino.dat,286,2,421,True,DECLARED_OPOINT_NOT_RUNTIME_REACHABILITY
unity,5,Assets/NTSD/Config/Character/shino.dat,287,2,421,True,DECLARED_OPOINT_NOT_RUNTIME_REACHABILITY
unity,5,Assets/NTSD/Config/Character/shino.dat,288,2,421,True,DECLARED_OPOINT_NOT_RUNTIME_REACHABILITY
unity,5,Assets/NTSD/Config/Character/shino.dat,289,2,421,True,DECLARED_OPOINT_NOT_RUNTIME_REACHABILITY
unity,5,Assets/NTSD/Config/Character/shino.dat,296,1,421,True,DECLARED_OPOINT_NOT_RUNTIME_REACHABILITY
unity,5,Assets/NTSD/Config/Character/shino.dat,297,2,421,True,DECLARED_OPOINT_NOT_RUNTIME_REACHABILITY
unity,5,Assets/NTSD/Config/Character/shino.dat,298,2,421,True,DECLARED_OPOINT_NOT_RUNTIME_REACHABILITY
unity,5,Assets/NTSD/Config/Character/shino.dat,301,1,228,True,DECLARED_OPOINT_NOT_RUNTIME_REACHABILITY
unity,5,Assets/NTSD/Config/Character/shino.dat,310,3,228,True,DECLARED_OPOINT_NOT_RUNTIME_REACHABILITY
unity,5,Assets/NTSD/Config/Character/shino.dat,311,3,228,True,DECLARED_OPOINT_NOT_RUNTIME_REACHABILITY
unity,5,Assets/NTSD/Config/Character/shino.dat,312,3,228,True,DECLARED_OPOINT_NOT_RUNTIME_REACHABILITY
unity,5,Assets/NTSD/Config/Character/shino.dat,317,2,421,True,DECLARED_OPOINT_NOT_RUNTIME_REACHABILITY
unity,5,Assets/NTSD/Config/Character/shino.dat,323,3,421,True,DECLARED_OPOINT_NOT_RUNTIME_REACHABILITY
unity,5,Assets/NTSD/Config/Character/shino.dat,324,3,421,True,DECLARED_OPOINT_NOT_RUNTIME_REACHABILITY
unity,5,Assets/NTSD/Config/Character/shino.dat,395,1,214,True,DECLARED_OPOINT_NOT_RUNTIME_REACHABILITY
unity,5,Assets/NTSD/Config/Character/shino.dat,398,0,201,True,DECLARED_OPOINT_NOT_RUNTIME_REACHABILITY
unity,8,Assets/NTSD/Config/Character/chiyo.dat,18,0,203,True,DECLARED_OPOINT_NOT_RUNTIME_REACHABILITY
unity,8,Assets/NTSD/Config/Character/chiyo.dat,232,0,206,True,DECLARED_OPOINT_NOT_RUNTIME_REACHABILITY
unity,8,Assets/NTSD/Config/Character/chiyo.dat,233,0,200,True,DECLARED_OPOINT_NOT_RUNTIME_REACHABILITY
unity,8,Assets/NTSD/Config/Character/chiyo.dat,248,1,419,True,DECLARED_OPOINT_NOT_RUNTIME_REACHABILITY
unity,8,Assets/NTSD/Config/Character/chiyo.dat,251,1,204,True,DECLARED_OPOINT_NOT_RUNTIME_REACHABILITY
unity,8,Assets/NTSD/Config/Character/chiyo.dat,253,1,204,True,DECLARED_OPOINT_NOT_RUNTIME_REACHABILITY
unity,8,Assets/NTSD/Config/Character/chiyo.dat,257,2,420,True,DECLARED_OPOINT_NOT_RUNTIME_REACHABILITY
unity,8,Assets/NTSD/Config/Character/chiyo.dat,258,3,418,True,DECLARED_OPOINT_NOT_RUNTIME_REACHABILITY
unity,8,Assets/NTSD/Config/Character/chiyo.dat,262,1,203,True,DECLARED_OPOINT_NOT_RUNTIME_REACHABILITY
unity,8,Assets/NTSD/Config/Character/chiyo.dat,263,1,203,True,DECLARED_OPOINT_NOT_RUNTIME_REACHABILITY
unity,8,Assets/NTSD/Config/Character/chiyo.dat,264,1,203,True,DECLARED_OPOINT_NOT_RUNTIME_REACHABILITY
unity,8,Assets/NTSD/Config/Character/chiyo.dat,265,1,203,True,DECLARED_OPOINT_NOT_RUNTIME_REACHABILITY
unity,8,Assets/NTSD/Config/Character/chiyo.dat,266,1,203,True,DECLARED_OPOINT_NOT_RUNTIME_REACHABILITY
unity,8,Assets/NTSD/Config/Character/chiyo.dat,267,1,203,True,DECLARED_OPOINT_NOT_RUNTIME_REACHABILITY
unity,8,Assets/NTSD/Config/Character/chiyo.dat,268,1,203,True,DECLARED_OPOINT_NOT_RUNTIME_REACHABILITY
unity,8,Assets/NTSD/Config/Character/chiyo.dat,269,1,203,True,DECLARED_OPOINT_NOT_RUNTIME_REACHABILITY
unity,8,Assets/NTSD/Config/Character/chiyo.dat,270,1,203,True,DECLARED_OPOINT_NOT_RUNTIME_REACHABILITY
unity,8,Assets/NTSD/Config/Character/chiyo.dat,271,1,203,True,DECLARED_OPOINT_NOT_RUNTIME_REACHABILITY
unity,8,Assets/NTSD/Config/Character/chiyo.dat,276,5,419,True,DECLARED_OPOINT_NOT_RUNTIME_REACHABILITY
unity,8,Assets/NTSD/Config/Character/chiyo.dat,277,5,419,True,DECLARED_OPOINT_NOT_RUNTIME_REACHABILITY
unity,8,Assets/NTSD/Config/Character/chiyo.dat,278,5,419,True,DECLARED_OPOINT_NOT_RUNTIME_REACHABILITY
unity,8,Assets/NTSD/Config/Character/chiyo.dat,291,0,123,True,DECLARED_OPOINT_NOT_RUNTIME_REACHABILITY
unity,8,Assets/NTSD/Config/Character/chiyo.dat,292,0,203,True,DECLARED_OPOINT_NOT_RUNTIME_REACHABILITY
unity,8,Assets/NTSD/Config/Character/chiyo.dat,322,1,222,True,DECLARED_OPOINT_NOT_RUNTIME_REACHABILITY
unity,8,Assets/NTSD/Config/Character/chiyo.dat,323,1,203,True,DECLARED_OPOINT_NOT_RUNTIME_REACHABILITY
unity,8,Assets/NTSD/Config/Character/chiyo.dat,325,1,203,True,DECLARED_OPOINT_NOT_RUNTIME_REACHABILITY
unity,8,Assets/NTSD/Config/Character/chiyo.dat,327,1,203,True,DECLARED_OPOINT_NOT_RUNTIME_REACHABILITY
unity,8,Assets/NTSD/Config/Character/chiyo.dat,329,1,203,True,DECLARED_OPOINT_NOT_RUNTIME_REACHABILITY
unity,8,Assets/NTSD/Config/Character/chiyo.dat,331,1,203,True,DECLARED_OPOINT_NOT_RUNTIME_REACHABILITY
unity,8,Assets/NTSD/Config/Character/chiyo.dat,333,1,222,True,DECLARED_OPOINT_NOT_RUNTIME_REACHABILITY
unity,8,Assets/NTSD/Config/Character/chiyo.dat,341,0,122,True,DECLARED_OPOINT_NOT_RUNTIME_REACHABILITY
unity,8,Assets/NTSD/Config/Character/chiyo.dat,345,4,222,True,DECLARED_OPOINT_NOT_RUNTIME_REACHABILITY
unity,8,Assets/NTSD/Config/Character/chiyo.dat,349,0,419,True,DECLARED_OPOINT_NOT_RUNTIME_REACHABILITY
unity,8,Assets/NTSD/Config/Character/chiyo.dat,350,0,419,True,DECLARED_OPOINT_NOT_RUNTIME_REACHABILITY
unity,8,Assets/NTSD/Config/Character/chiyo.dat,351,0,419,True,DECLARED_OPOINT_NOT_RUNTIME_REACHABILITY
unity,8,Assets/NTSD/Config/Character/chiyo.dat,352,0,419,True,DECLARED_OPOINT_NOT_RUNTIME_REACHABILITY
unity,8,Assets/NTSD/Config/Character/chiyo.dat,353,0,419,True,DECLARED_OPOINT_NOT_RUNTIME_REACHABILITY
unity,8,Assets/NTSD/Config/Character/chiyo.dat,354,0,419,True,DECLARED_OPOINT_NOT_RUNTIME_REACHABILITY
unity,8,Assets/NTSD/Config/Character/chiyo.dat,355,0,419,True,DECLARED_OPOINT_NOT_RUNTIME_REACHABILITY
unity,8,Assets/NTSD/Config/Character/chiyo.dat,361,0,235,True,DECLARED_OPOINT_NOT_RUNTIME_REACHABILITY
unity,8,Assets/NTSD/Config/Character/chiyo.dat,281,1,206,True,DECLARED_OPOINT_NOT_RUNTIME_REACHABILITY
unity,8,Assets/NTSD/Config/Character/chiyo.dat,395,1,214,True,DECLARED_OPOINT_NOT_RUNTIME_REACHABILITY
unity,8,Assets/NTSD/Config/Character/chiyo.dat,398,0,201,True,DECLARED_OPOINT_NOT_RUNTIME_REACHABILITY
unity,14,Assets/NTSD/Config/Character/kankuro.dat,18,0,203,True,DECLARED_OPOINT_NOT_RUNTIME_REACHABILITY
unity,14,Assets/NTSD/Config/Character/kankuro.dat,146,0,204,True,DECLARED_OPOINT_NOT_RUNTIME_REACHABILITY
unity,14,Assets/NTSD/Config/Character/kankuro.dat,147,0,235,True,DECLARED_OPOINT_NOT_RUNTIME_REACHABILITY
unity,14,Assets/NTSD/Config/Character/kankuro.dat,149,0,235,True,DECLARED_OPOINT_NOT_RUNTIME_REACHABILITY
unity,14,Assets/NTSD/Config/Character/kankuro.dat,150,0,204,True,DECLARED_OPOINT_NOT_RUNTIME_REACHABILITY
unity,14,Assets/NTSD/Config/Character/kankuro.dat,236,1,230,True,DECLARED_OPOINT_NOT_RUNTIME_REACHABILITY
unity,14,Assets/NTSD/Config/Character/kankuro.dat,238,1,204,True,DECLARED_OPOINT_NOT_RUNTIME_REACHABILITY
unity,14,Assets/NTSD/Config/Character/kankuro.dat,243,2,204,True,DECLARED_OPOINT_NOT_RUNTIME_REACHABILITY
unity,14,Assets/NTSD/Config/Character/kankuro.dat,244,2,230,True,DECLARED_OPOINT_NOT_RUNTIME_REACHABILITY
unity,14,Assets/NTSD/Config/Character/kankuro.dat,257,2,230,True,DECLARED_OPOINT_NOT_RUNTIME_REACHABILITY
unity,14,Assets/NTSD/Config/Character/kankuro.dat,262,1,231,True,DECLARED_OPOINT_NOT_RUNTIME_REACHABILITY
unity,14,Assets/NTSD/Config/Character/kankuro.dat,267,2,204,True,DECLARED_OPOINT_NOT_RUNTIME_REACHABILITY
unity,14,Assets/NTSD/Config/Character/kankuro.dat,268,2,231,True,DECLARED_OPOINT_NOT_RUNTIME_REACHABILITY
unity,14,Assets/NTSD/Config/Character/kankuro.dat,281,2,231,True,DECLARED_OPOINT_NOT_RUNTIME_REACHABILITY
unity,14,Assets/NTSD/Config/Character/kankuro.dat,271,0,123,True,DECLARED_OPOINT_NOT_RUNTIME_REACHABILITY
unity,14,Assets/NTSD/Config/Character/kankuro.dat,272,0,203,True,DECLARED_OPOINT_NOT_RUNTIME_REACHABILITY
unity,14,Assets/NTSD/Config/Character/kankuro.dat,295,2,204,True,DECLARED_OPOINT_NOT_RUNTIME_REACHABILITY
unity,14,Assets/NTSD/Config/Character/kankuro.dat,296,2,230,True,DECLARED_OPOINT_NOT_RUNTIME_REACHABILITY
unity,14,Assets/NTSD/Config/Character/kankuro.dat,346,1,230,True,DECLARED_OPOINT_NOT_RUNTIME_REACHABILITY
unity,14,Assets/NTSD/Config/Character/kankuro.dat,362,2,230,True,DECLARED_OPOINT_NOT_RUNTIME_REACHABILITY
unity,14,Assets/NTSD/Config/Character/kankuro.dat,395,1,214,True,DECLARED_OPOINT_NOT_RUNTIME_REACHABILITY
unity,14,Assets/NTSD/Config/Character/kankuro.dat,398,0,201,True,DECLARED_OPOINT_NOT_RUNTIME_REACHABILITY
unity,15,Assets/NTSD/Config/Character/temari.dat,18,0,203,True,DECLARED_OPOINT_NOT_RUNTIME_REACHABILITY
unity,15,Assets/NTSD/Config/Character/temari.dat,236,1,204,True,DECLARED_OPOINT_NOT_RUNTIME_REACHABILITY
unity,15,Assets/NTSD/Config/Character/temari.dat,238,1,204,True,DECLARED_OPOINT_NOT_RUNTIME_REACHABILITY
unity,15,Assets/NTSD/Config/Character/temari.dat,247,2,204,True,DECLARED_OPOINT_NOT_RUNTIME_REACHABILITY
unity,15,Assets/NTSD/Config/Character/temari.dat,260,2,204,True,DECLARED_OPOINT_NOT_RUNTIME_REACHABILITY
unity,15,Assets/NTSD/Config/Character/temari.dat,261,0,204,True,DECLARED_OPOINT_NOT_RUNTIME_REACHABILITY
unity,15,Assets/NTSD/Config/Character/temari.dat,262,2,204,True,DECLARED_OPOINT_NOT_RUNTIME_REACHABILITY
unity,15,Assets/NTSD/Config/Character/temari.dat,271,0,123,True,DECLARED_OPOINT_NOT_RUNTIME_REACHABILITY
unity,15,Assets/NTSD/Config/Character/temari.dat,272,3,203,True,DECLARED_OPOINT_NOT_RUNTIME_REACHABILITY
unity,15,Assets/NTSD/Config/Character/temari.dat,277,0,204,True,DECLARED_OPOINT_NOT_RUNTIME_REACHABILITY
unity,15,Assets/NTSD/Config/Character/temari.dat,282,0,204,True,DECLARED_OPOINT_NOT_RUNTIME_REACHABILITY
unity,15,Assets/NTSD/Config/Character/temari.dat,286,0,204,True,DECLARED_OPOINT_NOT_RUNTIME_REACHABILITY
unity,15,Assets/NTSD/Config/Character/temari.dat,287,2,204,True,DECLARED_OPOINT_NOT_RUNTIME_REACHABILITY
unity,15,Assets/NTSD/Config/Character/temari.dat,288,2,204,True,DECLARED_OPOINT_NOT_RUNTIME_REACHABILITY
unity,15,Assets/NTSD/Config/Character/temari.dat,289,2,204,True,DECLARED_OPOINT_NOT_RUNTIME_REACHABILITY
unity,15,Assets/NTSD/Config/Character/temari.dat,290,2,204,True,DECLARED_OPOINT_NOT_RUNTIME_REACHABILITY
unity,15,Assets/NTSD/Config/Character/temari.dat,291,2,204,True,DECLARED_OPOINT_NOT_RUNTIME_REACHABILITY
unity,15,Assets/NTSD/Config/Character/temari.dat,292,2,204,True,DECLARED_OPOINT_NOT_RUNTIME_REACHABILITY
unity,15,Assets/NTSD/Config/Character/temari.dat,293,2,204,True,DECLARED_OPOINT_NOT_RUNTIME_REACHABILITY
unity,15,Assets/NTSD/Config/Character/temari.dat,305,3,204,True,DECLARED_OPOINT_NOT_RUNTIME_REACHABILITY
unity,15,Assets/NTSD/Config/Character/temari.dat,341,2,15,True,DECLARED_OPOINT_NOT_RUNTIME_REACHABILITY
unity,15,Assets/NTSD/Config/Character/temari.dat,351,0,204,True,DECLARED_OPOINT_NOT_RUNTIME_REACHABILITY
unity,15,Assets/NTSD/Config/Character/temari.dat,354,0,204,True,DECLARED_OPOINT_NOT_RUNTIME_REACHABILITY
unity,15,Assets/NTSD/Config/Character/temari.dat,355,0,204,True,DECLARED_OPOINT_NOT_RUNTIME_REACHABILITY
unity,15,Assets/NTSD/Config/Character/temari.dat,356,0,204,True,DECLARED_OPOINT_NOT_RUNTIME_REACHABILITY
unity,15,Assets/NTSD/Config/Character/temari.dat,359,0,204,True,DECLARED_OPOINT_NOT_RUNTIME_REACHABILITY
unity,15,Assets/NTSD/Config/Character/temari.dat,360,0,204,True,DECLARED_OPOINT_NOT_RUNTIME_REACHABILITY
unity,15,Assets/NTSD/Config/Character/temari.dat,361,0,204,True,DECLARED_OPOINT_NOT_RUNTIME_REACHABILITY
unity,15,Assets/NTSD/Config/Character/temari.dat,362,0,204,True,DECLARED_OPOINT_NOT_RUNTIME_REACHABILITY
unity,15,Assets/NTSD/Config/Character/temari.dat,363,0,204,True,DECLARED_OPOINT_NOT_RUNTIME_REACHABILITY
unity,15,Assets/NTSD/Config/Character/temari.dat,364,0,204,True,DECLARED_OPOINT_NOT_RUNTIME_REACHABILITY
unity,15,Assets/NTSD/Config/Character/temari.dat,365,0,204,True,DECLARED_OPOINT_NOT_RUNTIME_REACHABILITY
unity,15,Assets/NTSD/Config/Character/temari.dat,366,0,204,True,DECLARED_OPOINT_NOT_RUNTIME_REACHABILITY
unity,15,Assets/NTSD/Config/Character/temari.dat,367,0,204,True,DECLARED_OPOINT_NOT_RUNTIME_REACHABILITY
unity,15,Assets/NTSD/Config/Character/temari.dat,368,0,204,True,DECLARED_OPOINT_NOT_RUNTIME_REACHABILITY
unity,15,Assets/NTSD/Config/Character/temari.dat,369,0,204,True,DECLARED_OPOINT_NOT_RUNTIME_REACHABILITY
unity,15,Assets/NTSD/Config/Character/temari.dat,370,0,204,True,DECLARED_OPOINT_NOT_RUNTIME_REACHABILITY
unity,15,Assets/NTSD/Config/Character/temari.dat,371,0,204,True,DECLARED_OPOINT_NOT_RUNTIME_REACHABILITY
unity,15,Assets/NTSD/Config/Character/temari.dat,372,0,204,True,DECLARED_OPOINT_NOT_RUNTIME_REACHABILITY
unity,15,Assets/NTSD/Config/Character/temari.dat,373,0,204,True,DECLARED_OPOINT_NOT_RUNTIME_REACHABILITY
unity,15,Assets/NTSD/Config/Character/temari.dat,374,0,204,True,DECLARED_OPOINT_NOT_RUNTIME_REACHABILITY
unity,15,Assets/NTSD/Config/Character/temari.dat,375,0,204,True,DECLARED_OPOINT_NOT_RUNTIME_REACHABILITY
unity,15,Assets/NTSD/Config/Character/temari.dat,376,0,204,True,DECLARED_OPOINT_NOT_RUNTIME_REACHABILITY
unity,15,Assets/NTSD/Config/Character/temari.dat,377,0,204,True,DECLARED_OPOINT_NOT_RUNTIME_REACHABILITY
unity,15,Assets/NTSD/Config/Character/temari.dat,378,0,204,True,DECLARED_OPOINT_NOT_RUNTIME_REACHABILITY
unity,15,Assets/NTSD/Config/Character/temari.dat,379,0,204,True,DECLARED_OPOINT_NOT_RUNTIME_REACHABILITY
unity,15,Assets/NTSD/Config/Character/temari.dat,380,0,204,True,DECLARED_OPOINT_NOT_RUNTIME_REACHABILITY
unity,15,Assets/NTSD/Config/Character/temari.dat,381,0,204,True,DECLARED_OPOINT_NOT_RUNTIME_REACHABILITY
unity,15,Assets/NTSD/Config/Character/temari.dat,382,0,204,True,DECLARED_OPOINT_NOT_RUNTIME_REACHABILITY
unity,15,Assets/NTSD/Config/Character/temari.dat,383,0,204,True,DECLARED_OPOINT_NOT_RUNTIME_REACHABILITY
unity,15,Assets/NTSD/Config/Character/temari.dat,384,0,204,True,DECLARED_OPOINT_NOT_RUNTIME_REACHABILITY
unity,15,Assets/NTSD/Config/Character/temari.dat,395,1,214,True,DECLARED_OPOINT_NOT_RUNTIME_REACHABILITY
unity,15,Assets/NTSD/Config/Character/temari.dat,398,0,201,True,DECLARED_OPOINT_NOT_RUNTIME_REACHABILITY
unity,6,Assets/NTSD/Config/Character/Hsasori.dat,18,0,203,True,DECLARED_OPOINT_NOT_RUNTIME_REACHABILITY
unity,6,Assets/NTSD/Config/Character/Hsasori.dat,57,1,200,True,DECLARED_OPOINT_NOT_RUNTIME_REACHABILITY
unity,6,Assets/NTSD/Config/Character/Hsasori.dat,146,0,204,True,DECLARED_OPOINT_NOT_RUNTIME_REACHABILITY
unity,6,Assets/NTSD/Config/Character/Hsasori.dat,147,0,235,True,DECLARED_OPOINT_NOT_RUNTIME_REACHABILITY
unity,6,Assets/NTSD/Config/Character/Hsasori.dat,148,0,224,True,DECLARED_OPOINT_NOT_RUNTIME_REACHABILITY
unity,6,Assets/NTSD/Config/Character/Hsasori.dat,236,0,120,True,DECLARED_OPOINT_NOT_RUNTIME_REACHABILITY
unity,6,Assets/NTSD/Config/Character/Hsasori.dat,249,0,206,True,DECLARED_OPOINT_NOT_RUNTIME_REACHABILITY
unity,6,Assets/NTSD/Config/Character/Hsasori.dat,256,2,201,True,DECLARED_OPOINT_NOT_RUNTIME_REACHABILITY
unity,6,Assets/NTSD/Config/Character/Hsasori.dat,261,0,452,True,DECLARED_OPOINT_NOT_RUNTIME_REACHABILITY
unity,6,Assets/NTSD/Config/Character/Hsasori.dat,262,0,452,True,DECLARED_OPOINT_NOT_RUNTIME_REACHABILITY
unity,6,Assets/NTSD/Config/Character/Hsasori.dat,271,0,123,True,DECLARED_OPOINT_NOT_RUNTIME_REACHABILITY
unity,6,Assets/NTSD/Config/Character/Hsasori.dat,272,0,203,True,DECLARED_OPOINT_NOT_RUNTIME_REACHABILITY
unity,6,Assets/NTSD/Config/Character/Hsasori.dat,276,0,222,True,DECLARED_OPOINT_NOT_RUNTIME_REACHABILITY
unity,6,Assets/NTSD/Config/Character/Hsasori.dat,283,0,222,True,DECLARED_OPOINT_NOT_RUNTIME_REACHABILITY
unity,6,Assets/NTSD/Config/Character/Hsasori.dat,331,0,235,True,DECLARED_OPOINT_NOT_RUNTIME_REACHABILITY
unity,6,Assets/NTSD/Config/Character/Hsasori.dat,333,0,235,True,DECLARED_OPOINT_NOT_RUNTIME_REACHABILITY
unity,6,Assets/NTSD/Config/Character/Hsasori.dat,336,0,206,True,DECLARED_OPOINT_NOT_RUNTIME_REACHABILITY
unity,6,Assets/NTSD/Config/Character/Hsasori.dat,338,0,222,True,DECLARED_OPOINT_NOT_RUNTIME_REACHABILITY
unity,6,Assets/NTSD/Config/Character/Hsasori.dat,395,1,214,True,DECLARED_OPOINT_NOT_RUNTIME_REACHABILITY
unity,17,Assets/NTSD/Config/Character/kisame.dat,18,0,203,True,DECLARED_OPOINT_NOT_RUNTIME_REACHABILITY
unity,17,Assets/NTSD/Config/Character/kisame.dat,123,0,416,True,DECLARED_OPOINT_NOT_RUNTIME_REACHABILITY
unity,17,Assets/NTSD/Config/Character/kisame.dat,124,0,416,True,DECLARED_OPOINT_NOT_RUNTIME_REACHABILITY
unity,17,Assets/NTSD/Config/Character/kisame.dat,236,1,410,True,DECLARED_OPOINT_NOT_RUNTIME_REACHABILITY
unity,17,Assets/NTSD/Config/Character/kisame.dat,238,1,204,True,DECLARED_OPOINT_NOT_RUNTIME_REACHABILITY
unity,17,Assets/NTSD/Config/Character/kisame.dat,252,0,416,True,DECLARED_OPOINT_NOT_RUNTIME_REACHABILITY
unity,17,Assets/NTSD/Config/Character/kisame.dat,265,0,416,True,DECLARED_OPOINT_NOT_RUNTIME_REACHABILITY
unity,17,Assets/NTSD/Config/Character/kisame.dat,271,0,123,True,DECLARED_OPOINT_NOT_RUNTIME_REACHABILITY
unity,17,Assets/NTSD/Config/Character/kisame.dat,272,0,203,True,DECLARED_OPOINT_NOT_RUNTIME_REACHABILITY
unity,17,Assets/NTSD/Config/Character/kisame.dat,277,0,416,True,DECLARED_OPOINT_NOT_RUNTIME_REACHABILITY
unity,17,Assets/NTSD/Config/Character/kisame.dat,286,3,416,True,DECLARED_OPOINT_NOT_RUNTIME_REACHABILITY
unity,17,Assets/NTSD/Config/Character/kisame.dat,289,2,416,True,DECLARED_OPOINT_NOT_RUNTIME_REACHABILITY
unity,17,Assets/NTSD/Config/Character/kisame.dat,295,0,5,True,DECLARED_OPOINT_NOT_RUNTIME_REACHABILITY
unity,17,Assets/NTSD/Config/Character/kisame.dat,296,0,5,True,DECLARED_OPOINT_NOT_RUNTIME_REACHABILITY
unity,17,Assets/NTSD/Config/Character/kisame.dat,332,0,203,True,DECLARED_OPOINT_NOT_RUNTIME_REACHABILITY
unity,17,Assets/NTSD/Config/Character/kisame.dat,333,0,436,True,DECLARED_OPOINT_NOT_RUNTIME_REACHABILITY
unity,17,Assets/NTSD/Config/Character/kisame.dat,395,1,214,True,DECLARED_OPOINT_NOT_RUNTIME_REACHABILITY
unity,17,Assets/NTSD/Config/Character/kisame.dat,398,0,201,True,DECLARED_OPOINT_NOT_RUNTIME_REACHABILITY
unity,9,Assets/NTSD/Config/Character/itachi.dat,18,0,203,True,DECLARED_OPOINT_NOT_RUNTIME_REACHABILITY
unity,9,Assets/NTSD/Config/Character/itachi.dat,76,1,214,True,DECLARED_OPOINT_NOT_RUNTIME_REACHABILITY
unity,9,Assets/NTSD/Config/Character/itachi.dat,103,2,9,True,DECLARED_OPOINT_NOT_RUNTIME_REACHABILITY
unity,9,Assets/NTSD/Config/Character/itachi.dat,121,1,203,True,DECLARED_OPOINT_NOT_RUNTIME_REACHABILITY
unity,9,Assets/NTSD/Config/Character/itachi.dat,122,2,210,True,DECLARED_OPOINT_NOT_RUNTIME_REACHABILITY
unity,9,Assets/NTSD/Config/Character/itachi.dat,126,1,203,True,DECLARED_OPOINT_NOT_RUNTIME_REACHABILITY
unity,9,Assets/NTSD/Config/Character/itachi.dat,127,1,224,True,DECLARED_OPOINT_NOT_RUNTIME_REACHABILITY
unity,9,Assets/NTSD/Config/Character/itachi.dat,128,1,222,True,DECLARED_OPOINT_NOT_RUNTIME_REACHABILITY
unity,9,Assets/NTSD/Config/Character/itachi.dat,151,1,220,True,DECLARED_OPOINT_NOT_RUNTIME_REACHABILITY
unity,9,Assets/NTSD/Config/Character/itachi.dat,155,0,9,True,DECLARED_OPOINT_NOT_RUNTIME_REACHABILITY
unity,9,Assets/NTSD/Config/Character/itachi.dat,161,2,214,True,DECLARED_OPOINT_NOT_RUNTIME_REACHABILITY
unity,9,Assets/NTSD/Config/Character/itachi.dat,162,1,462,True,DECLARED_OPOINT_NOT_RUNTIME_REACHABILITY
unity,9,Assets/NTSD/Config/Character/itachi.dat,163,1,220,True,DECLARED_OPOINT_NOT_RUNTIME_REACHABILITY
unity,9,Assets/NTSD/Config/Character/itachi.dat,165,1,220,True,DECLARED_OPOINT_NOT_RUNTIME_REACHABILITY
unity,9,Assets/NTSD/Config/Character/itachi.dat,221,0,203,True,DECLARED_OPOINT_NOT_RUNTIME_REACHABILITY
unity,9,Assets/NTSD/Config/Character/itachi.dat,223,1,203,True,DECLARED_OPOINT_NOT_RUNTIME_REACHABILITY
unity,9,Assets/NTSD/Config/Character/itachi.dat,228,1,203,True,DECLARED_OPOINT_NOT_RUNTIME_REACHABILITY
unity,9,Assets/NTSD/Config/Character/itachi.dat,249,2,9,True,DECLARED_OPOINT_NOT_RUNTIME_REACHABILITY
unity,9,Assets/NTSD/Config/Character/itachi.dat,253,0,220,True,DECLARED_OPOINT_NOT_RUNTIME_REACHABILITY
unity,9,Assets/NTSD/Config/Character/itachi.dat,282,2,211,True,DECLARED_OPOINT_NOT_RUNTIME_REACHABILITY
unity,9,Assets/NTSD/Config/Character/itachi.dat,283,2,211,True,DECLARED_OPOINT_NOT_RUNTIME_REACHABILITY
unity,9,Assets/NTSD/Config/Character/itachi.dat,284,2,211,True,DECLARED_OPOINT_NOT_RUNTIME_REACHABILITY
unity,9,Assets/NTSD/Config/Character/itachi.dat,285,2,211,True,DECLARED_OPOINT_NOT_RUNTIME_REACHABILITY
unity,9,Assets/NTSD/Config/Character/itachi.dat,291,2,210,True,DECLARED_OPOINT_NOT_RUNTIME_REACHABILITY
unity,9,Assets/NTSD/Config/Character/itachi.dat,295,2,203,True,DECLARED_OPOINT_NOT_RUNTIME_REACHABILITY
unity,9,Assets/NTSD/Config/Character/itachi.dat,296,1,220,True,DECLARED_OPOINT_NOT_RUNTIME_REACHABILITY
unity,9,Assets/NTSD/Config/Character/itachi.dat,299,2,214,True,DECLARED_OPOINT_NOT_RUNTIME_REACHABILITY
unity,9,Assets/NTSD/Config/Character/itachi.dat,300,2,220,True,DECLARED_OPOINT_NOT_RUNTIME_REACHABILITY
unity,9,Assets/NTSD/Config/Character/itachi.dat,306,0,123,True,DECLARED_OPOINT_NOT_RUNTIME_REACHABILITY
unity,9,Assets/NTSD/Config/Character/itachi.dat,307,0,203,True,DECLARED_OPOINT_NOT_RUNTIME_REACHABILITY
unity,9,Assets/NTSD/Config/Character/itachi.dat,314,0,408,True,DECLARED_OPOINT_NOT_RUNTIME_REACHABILITY
unity,9,Assets/NTSD/Config/Character/itachi.dat,333,0,220,True,DECLARED_OPOINT_NOT_RUNTIME_REACHABILITY
unity,9,Assets/NTSD/Config/Character/itachi.dat,333,0,220,True,DECLARED_OPOINT_NOT_RUNTIME_REACHABILITY
unity,9,Assets/NTSD/Config/Character/itachi.dat,334,0,220,True,DECLARED_OPOINT_NOT_RUNTIME_REACHABILITY
unity,9,Assets/NTSD/Config/Character/itachi.dat,335,0,220,True,DECLARED_OPOINT_NOT_RUNTIME_REACHABILITY
unity,9,Assets/NTSD/Config/Character/itachi.dat,336,0,220,True,DECLARED_OPOINT_NOT_RUNTIME_REACHABILITY
unity,9,Assets/NTSD/Config/Character/itachi.dat,337,0,220,True,DECLARED_OPOINT_NOT_RUNTIME_REACHABILITY
unity,9,Assets/NTSD/Config/Character/itachi.dat,351,1,120,True,DECLARED_OPOINT_NOT_RUNTIME_REACHABILITY
unity,9,Assets/NTSD/Config/Character/itachi.dat,359,0,121,True,DECLARED_OPOINT_NOT_RUNTIME_REACHABILITY
unity,9,Assets/NTSD/Config/Character/itachi.dat,367,2,214,True,DECLARED_OPOINT_NOT_RUNTIME_REACHABILITY
unity,9,Assets/NTSD/Config/Character/itachi.dat,370,2,435,True,DECLARED_OPOINT_NOT_RUNTIME_REACHABILITY
unity,9,Assets/NTSD/Config/Character/itachi.dat,371,1,435,True,DECLARED_OPOINT_NOT_RUNTIME_REACHABILITY
unity,9,Assets/NTSD/Config/Character/itachi.dat,375,0,419,True,DECLARED_OPOINT_NOT_RUNTIME_REACHABILITY
unity,9,Assets/NTSD/Config/Character/itachi.dat,380,0,220,True,DECLARED_OPOINT_NOT_RUNTIME_REACHABILITY
unity,9,Assets/NTSD/Config/Character/itachi.dat,381,0,220,True,DECLARED_OPOINT_NOT_RUNTIME_REACHABILITY
unity,9,Assets/NTSD/Config/Character/itachi.dat,384,0,220,True,DECLARED_OPOINT_NOT_RUNTIME_REACHABILITY
unity,9,Assets/NTSD/Config/Character/itachi.dat,391,1,203,True,DECLARED_OPOINT_NOT_RUNTIME_REACHABILITY
unity,9,Assets/NTSD/Config/Character/itachi.dat,395,1,214,True,DECLARED_OPOINT_NOT_RUNTIME_REACHABILITY
unity,10,Assets/NTSD/Config/Character/deidara.dat,18,0,203,True,DECLARED_OPOINT_NOT_RUNTIME_REACHABILITY
unity,10,Assets/NTSD/Config/Character/deidara.dat,51,0,225,True,DECLARED_OPOINT_NOT_RUNTIME_REACHABILITY
unity,10,Assets/NTSD/Config/Character/deidara.dat,71,0,203,True,DECLARED_OPOINT_NOT_RUNTIME_REACHABILITY
unity,10,Assets/NTSD/Config/Character/deidara.dat,73,1,200,True,DECLARED_OPOINT_NOT_RUNTIME_REACHABILITY
unity,10,Assets/NTSD/Config/Character/deidara.dat,76,0,203,True,DECLARED_OPOINT_NOT_RUNTIME_REACHABILITY
unity,10,Assets/NTSD/Config/Character/deidara.dat,77,0,407,True,DECLARED_OPOINT_NOT_RUNTIME_REACHABILITY
unity,10,Assets/NTSD/Config/Character/deidara.dat,81,1,200,True,DECLARED_OPOINT_NOT_RUNTIME_REACHABILITY
unity,10,Assets/NTSD/Config/Character/deidara.dat,82,1,203,True,DECLARED_OPOINT_NOT_RUNTIME_REACHABILITY
unity,10,Assets/NTSD/Config/Character/deidara.dat,91,1,200,True,DECLARED_OPOINT_NOT_RUNTIME_REACHABILITY
unity,10,Assets/NTSD/Config/Character/deidara.dat,92,1,203,True,DECLARED_OPOINT_NOT_RUNTIME_REACHABILITY
unity,10,Assets/NTSD/Config/Character/deidara.dat,117,0,206,True,DECLARED_OPOINT_NOT_RUNTIME_REACHABILITY
unity,10,Assets/NTSD/Config/Character/deidara.dat,221,1,203,True,DECLARED_OPOINT_NOT_RUNTIME_REACHABILITY
unity,10,Assets/NTSD/Config/Character/deidara.dat,223,1,203,True,DECLARED_OPOINT_NOT_RUNTIME_REACHABILITY
unity,10,Assets/NTSD/Config/Character/deidara.dat,225,1,203,True,DECLARED_OPOINT_NOT_RUNTIME_REACHABILITY
unity,10,Assets/NTSD/Config/Character/deidara.dat,227,2,203,True,DECLARED_OPOINT_NOT_RUNTIME_REACHABILITY
unity,10,Assets/NTSD/Config/Character/deidara.dat,236,1,204,True,DECLARED_OPOINT_NOT_RUNTIME_REACHABILITY
unity,10,Assets/NTSD/Config/Character/deidara.dat,246,0,225,True,DECLARED_OPOINT_NOT_RUNTIME_REACHABILITY
unity,10,Assets/NTSD/Config/Character/deidara.dat,254,0,407,True,DECLARED_OPOINT_NOT_RUNTIME_REACHABILITY
unity,10,Assets/NTSD/Config/Character/deidara.dat,262,0,225,True,DECLARED_OPOINT_NOT_RUNTIME_REACHABILITY
unity,10,Assets/NTSD/Config/Character/deidara.dat,266,1,225,True,DECLARED_OPOINT_NOT_RUNTIME_REACHABILITY
unity,10,Assets/NTSD/Config/Character/deidara.dat,269,0,211,True,DECLARED_OPOINT_NOT_RUNTIME_REACHABILITY
unity,10,Assets/NTSD/Config/Character/deidara.dat,271,0,123,True,DECLARED_OPOINT_NOT_RUNTIME_REACHABILITY
unity,10,Assets/NTSD/Config/Character/deidara.dat,272,0,203,True,DECLARED_OPOINT_NOT_RUNTIME_REACHABILITY
unity,10,Assets/NTSD/Config/Character/deidara.dat,279,0,407,True,DECLARED_OPOINT_NOT_RUNTIME_REACHABILITY
unity,10,Assets/NTSD/Config/Character/deidara.dat,297,0,206,True,DECLARED_OPOINT_NOT_RUNTIME_REACHABILITY
unity,10,Assets/NTSD/Config/Character/deidara.dat,298,0,221,True,DECLARED_OPOINT_NOT_RUNTIME_REACHABILITY
unity,10,Assets/NTSD/Config/Character/deidara.dat,299,0,221,True,DECLARED_OPOINT_NOT_RUNTIME_REACHABILITY
unity,10,Assets/NTSD/Config/Character/deidara.dat,300,0,221,True,DECLARED_OPOINT_NOT_RUNTIME_REACHABILITY
unity,10,Assets/NTSD/Config/Character/deidara.dat,301,0,221,True,DECLARED_OPOINT_NOT_RUNTIME_REACHABILITY
unity,10,Assets/NTSD/Config/Character/deidara.dat,302,0,221,True,DECLARED_OPOINT_NOT_RUNTIME_REACHABILITY
unity,10,Assets/NTSD/Config/Character/deidara.dat,303,0,221,True,DECLARED_OPOINT_NOT_RUNTIME_REACHABILITY
unity,10,Assets/NTSD/Config/Character/deidara.dat,304,0,221,True,DECLARED_OPOINT_NOT_RUNTIME_REACHABILITY
unity,10,Assets/NTSD/Config/Character/deidara.dat,305,0,221,True,DECLARED_OPOINT_NOT_RUNTIME_REACHABILITY
unity,10,Assets/NTSD/Config/Character/deidara.dat,306,0,221,True,DECLARED_OPOINT_NOT_RUNTIME_REACHABILITY
unity,10,Assets/NTSD/Config/Character/deidara.dat,307,0,221,True,DECLARED_OPOINT_NOT_RUNTIME_REACHABILITY
unity,10,Assets/NTSD/Config/Character/deidara.dat,308,0,221,True,DECLARED_OPOINT_NOT_RUNTIME_REACHABILITY
unity,10,Assets/NTSD/Config/Character/deidara.dat,312,0,225,True,DECLARED_OPOINT_NOT_RUNTIME_REACHABILITY
unity,10,Assets/NTSD/Config/Character/deidara.dat,316,1,206,True,DECLARED_OPOINT_NOT_RUNTIME_REACHABILITY
unity,10,Assets/NTSD/Config/Character/deidara.dat,317,1,206,True,DECLARED_OPOINT_NOT_RUNTIME_REACHABILITY
unity,10,Assets/NTSD/Config/Character/deidara.dat,318,1,300,True,DECLARED_OPOINT_NOT_RUNTIME_REACHABILITY
unity,10,Assets/NTSD/Config/Character/deidara.dat,395,1,214,True,DECLARED_OPOINT_NOT_RUNTIME_REACHABILITY
unity,10,Assets/NTSD/Config/Character/deidara.dat,398,0,201,True,DECLARED_OPOINT_NOT_RUNTIME_REACHABILITY
unity,24,Assets/NTSD/Config/Character/hidan.dat,71,0,446,True,DECLARED_OPOINT_NOT_RUNTIME_REACHABILITY
unity,24,Assets/NTSD/Config/Character/hidan.dat,82,0,203,True,DECLARED_OPOINT_NOT_RUNTIME_REACHABILITY
unity,24,Assets/NTSD/Config/Character/hidan.dat,83,0,203,True,DECLARED_OPOINT_NOT_RUNTIME_REACHABILITY
unity,24,Assets/NTSD/Config/Character/hidan.dat,84,0,203,True,DECLARED_OPOINT_NOT_RUNTIME_REACHABILITY
unity,24,Assets/NTSD/Config/Character/hidan.dat,75,0,203,True,DECLARED_OPOINT_NOT_RUNTIME_REACHABILITY
unity,24,Assets/NTSD/Config/Character/hidan.dat,76,0,203,True,DECLARED_OPOINT_NOT_RUNTIME_REACHABILITY
unity,24,Assets/NTSD/Config/Character/hidan.dat,87,0,446,True,DECLARED_OPOINT_NOT_RUNTIME_REACHABILITY
unity,24,Assets/NTSD/Config/Character/hidan.dat,91,0,446,True,DECLARED_OPOINT_NOT_RUNTIME_REACHABILITY
unity,24,Assets/NTSD/Config/Character/hidan.dat,98,0,446,True,DECLARED_OPOINT_NOT_RUNTIME_REACHABILITY
unity,24,Assets/NTSD/Config/Character/hidan.dat,125,2,446,True,DECLARED_OPOINT_NOT_RUNTIME_REACHABILITY
unity,24,Assets/NTSD/Config/Character/hidan.dat,126,2,446,True,DECLARED_OPOINT_NOT_RUNTIME_REACHABILITY
unity,24,Assets/NTSD/Config/Character/hidan.dat,127,2,446,True,DECLARED_OPOINT_NOT_RUNTIME_REACHABILITY
unity,24,Assets/NTSD/Config/Character/hidan.dat,128,0,446,True,DECLARED_OPOINT_NOT_RUNTIME_REACHABILITY
unity,24,Assets/NTSD/Config/Character/hidan.dat,232,1,446,True,DECLARED_OPOINT_NOT_RUNTIME_REACHABILITY
unity,24,Assets/NTSD/Config/Character/hidan.dat,241,1,446,True,DECLARED_OPOINT_NOT_RUNTIME_REACHABILITY
unity,24,Assets/NTSD/Config/Character/hidan.dat,256,0,203,True,DECLARED_OPOINT_NOT_RUNTIME_REACHABILITY
unity,24,Assets/NTSD/Config/Character/hidan.dat,259,0,446,True,DECLARED_OPOINT_NOT_RUNTIME_REACHABILITY
unity,24,Assets/NTSD/Config/Character/hidan.dat,262,0,446,True,DECLARED_OPOINT_NOT_RUNTIME_REACHABILITY
unity,24,Assets/NTSD/Config/Character/hidan.dat,266,0,446,True,DECLARED_OPOINT_NOT_RUNTIME_REACHABILITY
unity,24,Assets/NTSD/Config/Character/hidan.dat,270,0,446,True,DECLARED_OPOINT_NOT_RUNTIME_REACHABILITY
unity,24,Assets/NTSD/Config/Character/hidan.dat,273,0,446,True,DECLARED_OPOINT_NOT_RUNTIME_REACHABILITY
unity,24,Assets/NTSD/Config/Character/hidan.dat,276,0,446,True,DECLARED_OPOINT_NOT_RUNTIME_REACHABILITY
unity,24,Assets/NTSD/Config/Character/hidan.dat,279,0,446,True,DECLARED_OPOINT_NOT_RUNTIME_REACHABILITY
unity,24,Assets/NTSD/Config/Character/hidan.dat,286,1,446,True,DECLARED_OPOINT_NOT_RUNTIME_REACHABILITY
unity,24,Assets/NTSD/Config/Character/hidan.dat,291,0,123,True,DECLARED_OPOINT_NOT_RUNTIME_REACHABILITY
unity,24,Assets/NTSD/Config/Character/hidan.dat,292,0,203,True,DECLARED_OPOINT_NOT_RUNTIME_REACHABILITY
unity,24,Assets/NTSD/Config/Character/hidan.dat,296,2,446,True,DECLARED_OPOINT_NOT_RUNTIME_REACHABILITY
unity,24,Assets/NTSD/Config/Character/hidan.dat,299,2,446,True,DECLARED_OPOINT_NOT_RUNTIME_REACHABILITY
unity,24,Assets/NTSD/Config/Character/hidan.dat,302,2,446,True,DECLARED_OPOINT_NOT_RUNTIME_REACHABILITY
unity,24,Assets/NTSD/Config/Character/hidan.dat,308,1,200,True,DECLARED_OPOINT_NOT_RUNTIME_REACHABILITY
unity,24,Assets/NTSD/Config/Character/hidan.dat,395,1,214,True,DECLARED_OPOINT_NOT_RUNTIME_REACHABILITY
unity,24,Assets/NTSD/Config/Character/hidan.dat,398,0,201,True,DECLARED_OPOINT_NOT_RUNTIME_REACHABILITY
unity,25,Assets/NTSD/Config/Character/kakuzu.dat,51,1,446,True,DECLARED_OPOINT_NOT_RUNTIME_REACHABILITY
unity,25,Assets/NTSD/Config/Character/kakuzu.dat,122,1,462,True,DECLARED_OPOINT_NOT_RUNTIME_REACHABILITY
unity,25,Assets/NTSD/Config/Character/kakuzu.dat,123,0,203,True,DECLARED_OPOINT_NOT_RUNTIME_REACHABILITY
unity,25,Assets/NTSD/Config/Character/kakuzu.dat,244,1,446,True,DECLARED_OPOINT_NOT_RUNTIME_REACHABILITY
unity,25,Assets/NTSD/Config/Character/kakuzu.dat,251,1,446,True,DECLARED_OPOINT_NOT_RUNTIME_REACHABILITY
unity,25,Assets/NTSD/Config/Character/kakuzu.dat,257,1,446,True,DECLARED_OPOINT_NOT_RUNTIME_REACHABILITY
unity,25,Assets/NTSD/Config/Character/kakuzu.dat,263,1,446,True,DECLARED_OPOINT_NOT_RUNTIME_REACHABILITY
unity,25,Assets/NTSD/Config/Character/kakuzu.dat,276,0,123,True,DECLARED_OPOINT_NOT_RUNTIME_REACHABILITY
unity,25,Assets/NTSD/Config/Character/kakuzu.dat,277,0,203,True,DECLARED_OPOINT_NOT_RUNTIME_REACHABILITY
unity,25,Assets/NTSD/Config/Character/kakuzu.dat,281,1,407,True,DECLARED_OPOINT_NOT_RUNTIME_REACHABILITY
unity,25,Assets/NTSD/Config/Character/kakuzu.dat,282,1,407,True,DECLARED_OPOINT_NOT_RUNTIME_REACHABILITY
unity,25,Assets/NTSD/Config/Character/kakuzu.dat,292,3,408,True,DECLARED_OPOINT_NOT_RUNTIME_REACHABILITY
unity,25,Assets/NTSD/Config/Character/kakuzu.dat,293,1,514,True,DECLARED_OPOINT_NOT_RUNTIME_REACHABILITY
unity,25,Assets/NTSD/Config/Character/kakuzu.dat,296,1,451,True,DECLARED_OPOINT_NOT_RUNTIME_REACHABILITY
unity,25,Assets/NTSD/Config/Character/kakuzu.dat,298,1,204,True,DECLARED_OPOINT_NOT_RUNTIME_REACHABILITY
unity,25,Assets/NTSD/Config/Character/kakuzu.dat,302,1,451,True,DECLARED_OPOINT_NOT_RUNTIME_REACHABILITY
unity,25,Assets/NTSD/Config/Character/kakuzu.dat,315,2,203,True,DECLARED_OPOINT_NOT_RUNTIME_REACHABILITY
unity,25,Assets/NTSD/Config/Character/kakuzu.dat,333,0,446,True,DECLARED_OPOINT_NOT_RUNTIME_REACHABILITY
unity,25,Assets/NTSD/Config/Character/kakuzu.dat,395,1,214,True,DECLARED_OPOINT_NOT_RUNTIME_REACHABILITY
unity,25,Assets/NTSD/Config/Character/kakuzu.dat,398,0,201,True,DECLARED_OPOINT_NOT_RUNTIME_REACHABILITY
unity,23,Assets/NTSD/Config/Character/kabuto.dat,18,0,203,True,DECLARED_OPOINT_NOT_RUNTIME_REACHABILITY
unity,23,Assets/NTSD/Config/Character/kabuto.dat,236,1,204,True,DECLARED_OPOINT_NOT_RUNTIME_REACHABILITY
unity,23,Assets/NTSD/Config/Character/kabuto.dat,238,1,204,True,DECLARED_OPOINT_NOT_RUNTIME_REACHABILITY
unity,23,Assets/NTSD/Config/Character/kabuto.dat,254,2,462,True,DECLARED_OPOINT_NOT_RUNTIME_REACHABILITY
unity,23,Assets/NTSD/Config/Character/kabuto.dat,255,1,462,True,DECLARED_OPOINT_NOT_RUNTIME_REACHABILITY
unity,23,Assets/NTSD/Config/Character/kabuto.dat,256,2,462,True,DECLARED_OPOINT_NOT_RUNTIME_REACHABILITY
unity,23,Assets/NTSD/Config/Character/kabuto.dat,257,2,462,True,DECLARED_OPOINT_NOT_RUNTIME_REACHABILITY
unity,23,Assets/NTSD/Config/Character/kabuto.dat,258,2,462,True,DECLARED_OPOINT_NOT_RUNTIME_REACHABILITY
unity,23,Assets/NTSD/Config/Character/kabuto.dat,259,2,462,True,DECLARED_OPOINT_NOT_RUNTIME_REACHABILITY
unity,23,Assets/NTSD/Config/Character/kabuto.dat,269,1,203,True,DECLARED_OPOINT_NOT_RUNTIME_REACHABILITY
unity,23,Assets/NTSD/Config/Character/kabuto.dat,276,0,123,True,DECLARED_OPOINT_NOT_RUNTIME_REACHABILITY
unity,23,Assets/NTSD/Config/Character/kabuto.dat,277,0,203,True,DECLARED_OPOINT_NOT_RUNTIME_REACHABILITY
unity,23,Assets/NTSD/Config/Character/kabuto.dat,286,2,462,True,DECLARED_OPOINT_NOT_RUNTIME_REACHABILITY
unity,23,Assets/NTSD/Config/Character/kabuto.dat,287,2,462,True,DECLARED_OPOINT_NOT_RUNTIME_REACHABILITY
unity,23,Assets/NTSD/Config/Character/kabuto.dat,288,2,462,True,DECLARED_OPOINT_NOT_RUNTIME_REACHABILITY
unity,23,Assets/NTSD/Config/Character/kabuto.dat,289,2,462,True,DECLARED_OPOINT_NOT_RUNTIME_REACHABILITY
unity,23,Assets/NTSD/Config/Character/kabuto.dat,294,1,462,True,DECLARED_OPOINT_NOT_RUNTIME_REACHABILITY
unity,23,Assets/NTSD/Config/Character/kabuto.dat,295,1,462,True,DECLARED_OPOINT_NOT_RUNTIME_REACHABILITY
unity,23,Assets/NTSD/Config/Character/kabuto.dat,309,3,437,True,DECLARED_OPOINT_NOT_RUNTIME_REACHABILITY
unity,23,Assets/NTSD/Config/Character/kabuto.dat,336,1,120,True,DECLARED_OPOINT_NOT_RUNTIME_REACHABILITY
unity,23,Assets/NTSD/Config/Character/kabuto.dat,349,1,437,True,DECLARED_OPOINT_NOT_RUNTIME_REACHABILITY
unity,23,Assets/NTSD/Config/Character/kabuto.dat,395,1,214,True,DECLARED_OPOINT_NOT_RUNTIME_REACHABILITY
unity,23,Assets/NTSD/Config/Character/kabuto.dat,398,0,201,True,DECLARED_OPOINT_NOT_RUNTIME_REACHABILITY
unity,20,Assets/NTSD/Config/Character/orochimaru.dat,18,0,203,True,DECLARED_OPOINT_NOT_RUNTIME_REACHABILITY
unity,20,Assets/NTSD/Config/Character/orochimaru.dat,239,0,208,True,DECLARED_OPOINT_NOT_RUNTIME_REACHABILITY
unity,20,Assets/NTSD/Config/Character/orochimaru.dat,248,0,224,True,DECLARED_OPOINT_NOT_RUNTIME_REACHABILITY
unity,20,Assets/NTSD/Config/Character/orochimaru.dat,249,0,224,True,DECLARED_OPOINT_NOT_RUNTIME_REACHABILITY
unity,20,Assets/NTSD/Config/Character/orochimaru.dat,254,0,205,True,DECLARED_OPOINT_NOT_RUNTIME_REACHABILITY
unity,20,Assets/NTSD/Config/Character/orochimaru.dat,271,0,123,True,DECLARED_OPOINT_NOT_RUNTIME_REACHABILITY
unity,20,Assets/NTSD/Config/Character/orochimaru.dat,272,0,203,True,DECLARED_OPOINT_NOT_RUNTIME_REACHABILITY
unity,20,Assets/NTSD/Config/Character/orochimaru.dat,276,1,223,True,DECLARED_OPOINT_NOT_RUNTIME_REACHABILITY
unity,20,Assets/NTSD/Config/Character/orochimaru.dat,289,0,30,True,DECLARED_OPOINT_NOT_RUNTIME_REACHABILITY
unity,20,Assets/NTSD/Config/Character/orochimaru.dat,296,2,442,True,DECLARED_OPOINT_NOT_RUNTIME_REACHABILITY
unity,20,Assets/NTSD/Config/Character/orochimaru.dat,318,0,201,True,DECLARED_OPOINT_NOT_RUNTIME_REACHABILITY
unity,20,Assets/NTSD/Config/Character/orochimaru.dat,341,0,201,True,DECLARED_OPOINT_NOT_RUNTIME_REACHABILITY
unity,20,Assets/NTSD/Config/Character/orochimaru.dat,395,1,214,True,DECLARED_OPOINT_NOT_RUNTIME_REACHABILITY
unity,20,Assets/NTSD/Config/Character/orochimaru.dat,398,0,201,True,DECLARED_OPOINT_NOT_RUNTIME_REACHABILITY
unity,21,Assets/NTSD/Config/Character/jiraiya.dat,18,0,203,True,DECLARED_OPOINT_NOT_RUNTIME_REACHABILITY
unity,21,Assets/NTSD/Config/Character/jiraiya.dat,21,1,229,True,DECLARED_OPOINT_NOT_RUNTIME_REACHABILITY
unity,21,Assets/NTSD/Config/Character/jiraiya.dat,22,1,229,True,DECLARED_OPOINT_NOT_RUNTIME_REACHABILITY
unity,21,Assets/NTSD/Config/Character/jiraiya.dat,23,1,229,True,DECLARED_OPOINT_NOT_RUNTIME_REACHABILITY
unity,21,Assets/NTSD/Config/Character/jiraiya.dat,24,1,229,True,DECLARED_OPOINT_NOT_RUNTIME_REACHABILITY
unity,21,Assets/NTSD/Config/Character/jiraiya.dat,26,1,229,True,DECLARED_OPOINT_NOT_RUNTIME_REACHABILITY
unity,21,Assets/NTSD/Config/Character/jiraiya.dat,27,1,229,True,DECLARED_OPOINT_NOT_RUNTIME_REACHABILITY
unity,21,Assets/NTSD/Config/Character/jiraiya.dat,28,1,229,True,DECLARED_OPOINT_NOT_RUNTIME_REACHABILITY
unity,21,Assets/NTSD/Config/Character/jiraiya.dat,29,1,229,True,DECLARED_OPOINT_NOT_RUNTIME_REACHABILITY
unity,21,Assets/NTSD/Config/Character/jiraiya.dat,31,1,229,True,DECLARED_OPOINT_NOT_RUNTIME_REACHABILITY
unity,21,Assets/NTSD/Config/Character/jiraiya.dat,32,1,229,True,DECLARED_OPOINT_NOT_RUNTIME_REACHABILITY
unity,21,Assets/NTSD/Config/Character/jiraiya.dat,33,1,229,True,DECLARED_OPOINT_NOT_RUNTIME_REACHABILITY
unity,21,Assets/NTSD/Config/Character/jiraiya.dat,36,1,229,True,DECLARED_OPOINT_NOT_RUNTIME_REACHABILITY
unity,21,Assets/NTSD/Config/Character/jiraiya.dat,37,1,229,True,DECLARED_OPOINT_NOT_RUNTIME_REACHABILITY
unity,21,Assets/NTSD/Config/Character/jiraiya.dat,38,1,229,True,DECLARED_OPOINT_NOT_RUNTIME_REACHABILITY
unity,21,Assets/NTSD/Config/Character/jiraiya.dat,39,1,229,True,DECLARED_OPOINT_NOT_RUNTIME_REACHABILITY
unity,21,Assets/NTSD/Config/Character/jiraiya.dat,41,1,229,True,DECLARED_OPOINT_NOT_RUNTIME_REACHABILITY
unity,21,Assets/NTSD/Config/Character/jiraiya.dat,42,1,229,True,DECLARED_OPOINT_NOT_RUNTIME_REACHABILITY
unity,21,Assets/NTSD/Config/Character/jiraiya.dat,43,1,229,True,DECLARED_OPOINT_NOT_RUNTIME_REACHABILITY
unity,21,Assets/NTSD/Config/Character/jiraiya.dat,44,1,229,True,DECLARED_OPOINT_NOT_RUNTIME_REACHABILITY
unity,21,Assets/NTSD/Config/Character/jiraiya.dat,48,1,229,True,DECLARED_OPOINT_NOT_RUNTIME_REACHABILITY
unity,21,Assets/NTSD/Config/Character/jiraiya.dat,49,1,229,True,DECLARED_OPOINT_NOT_RUNTIME_REACHABILITY
unity,21,Assets/NTSD/Config/Character/jiraiya.dat,55,1,229,True,DECLARED_OPOINT_NOT_RUNTIME_REACHABILITY
unity,21,Assets/NTSD/Config/Character/jiraiya.dat,56,1,446,True,DECLARED_OPOINT_NOT_RUNTIME_REACHABILITY
unity,21,Assets/NTSD/Config/Character/jiraiya.dat,94,1,229,True,DECLARED_OPOINT_NOT_RUNTIME_REACHABILITY
unity,21,Assets/NTSD/Config/Character/jiraiya.dat,145,1,203,True,DECLARED_OPOINT_NOT_RUNTIME_REACHABILITY
unity,21,Assets/NTSD/Config/Character/jiraiya.dat,160,0,203,True,DECLARED_OPOINT_NOT_RUNTIME_REACHABILITY
unity,21,Assets/NTSD/Config/Character/jiraiya.dat,260,0,408,True,DECLARED_OPOINT_NOT_RUNTIME_REACHABILITY
unity,21,Assets/NTSD/Config/Character/jiraiya.dat,261,0,408,True,DECLARED_OPOINT_NOT_RUNTIME_REACHABILITY
unity,21,Assets/NTSD/Config/Character/jiraiya.dat,271,0,123,True,DECLARED_OPOINT_NOT_RUNTIME_REACHABILITY
unity,21,Assets/NTSD/Config/Character/jiraiya.dat,272,0,203,True,DECLARED_OPOINT_NOT_RUNTIME_REACHABILITY
unity,21,Assets/NTSD/Config/Character/jiraiya.dat,290,3,407,True,DECLARED_OPOINT_NOT_RUNTIME_REACHABILITY
unity,21,Assets/NTSD/Config/Character/jiraiya.dat,291,3,215,True,DECLARED_OPOINT_NOT_RUNTIME_REACHABILITY
unity,21,Assets/NTSD/Config/Character/jiraiya.dat,300,3,215,True,DECLARED_OPOINT_NOT_RUNTIME_REACHABILITY
unity,21,Assets/NTSD/Config/Character/jiraiya.dat,306,1,204,True,DECLARED_OPOINT_NOT_RUNTIME_REACHABILITY
unity,21,Assets/NTSD/Config/Character/jiraiya.dat,308,1,204,True,DECLARED_OPOINT_NOT_RUNTIME_REACHABILITY
unity,21,Assets/NTSD/Config/Character/jiraiya.dat,317,2,216,True,DECLARED_OPOINT_NOT_RUNTIME_REACHABILITY
unity,21,Assets/NTSD/Config/Character/jiraiya.dat,325,1,440,True,DECLARED_OPOINT_NOT_RUNTIME_REACHABILITY
unity,21,Assets/NTSD/Config/Character/jiraiya.dat,326,1,440,True,DECLARED_OPOINT_NOT_RUNTIME_REACHABILITY
unity,21,Assets/NTSD/Config/Character/jiraiya.dat,327,1,440,True,DECLARED_OPOINT_NOT_RUNTIME_REACHABILITY
unity,21,Assets/NTSD/Config/Character/jiraiya.dat,328,1,440,True,DECLARED_OPOINT_NOT_RUNTIME_REACHABILITY
unity,21,Assets/NTSD/Config/Character/jiraiya.dat,329,1,440,True,DECLARED_OPOINT_NOT_RUNTIME_REACHABILITY
unity,21,Assets/NTSD/Config/Character/jiraiya.dat,330,2,440,True,DECLARED_OPOINT_NOT_RUNTIME_REACHABILITY
unity,21,Assets/NTSD/Config/Character/jiraiya.dat,331,1,440,True,DECLARED_OPOINT_NOT_RUNTIME_REACHABILITY
unity,21,Assets/NTSD/Config/Character/jiraiya.dat,332,1,440,True,DECLARED_OPOINT_NOT_RUNTIME_REACHABILITY
unity,21,Assets/NTSD/Config/Character/jiraiya.dat,333,1,440,True,DECLARED_OPOINT_NOT_RUNTIME_REACHABILITY
unity,21,Assets/NTSD/Config/Character/jiraiya.dat,334,1,440,True,DECLARED_OPOINT_NOT_RUNTIME_REACHABILITY
unity,21,Assets/NTSD/Config/Character/jiraiya.dat,348,3,215,True,DECLARED_OPOINT_NOT_RUNTIME_REACHABILITY
unity,21,Assets/NTSD/Config/Character/jiraiya.dat,349,3,215,True,DECLARED_OPOINT_NOT_RUNTIME_REACHABILITY
unity,21,Assets/NTSD/Config/Character/jiraiya.dat,350,3,215,True,DECLARED_OPOINT_NOT_RUNTIME_REACHABILITY
unity,21,Assets/NTSD/Config/Character/jiraiya.dat,351,3,215,True,DECLARED_OPOINT_NOT_RUNTIME_REACHABILITY
unity,21,Assets/NTSD/Config/Character/jiraiya.dat,375,1,229,True,DECLARED_OPOINT_NOT_RUNTIME_REACHABILITY
unity,21,Assets/NTSD/Config/Character/jiraiya.dat,376,1,229,True,DECLARED_OPOINT_NOT_RUNTIME_REACHABILITY
unity,21,Assets/NTSD/Config/Character/jiraiya.dat,377,1,229,True,DECLARED_OPOINT_NOT_RUNTIME_REACHABILITY
unity,21,Assets/NTSD/Config/Character/jiraiya.dat,378,1,229,True,DECLARED_OPOINT_NOT_RUNTIME_REACHABILITY
unity,21,Assets/NTSD/Config/Character/jiraiya.dat,379,1,229,True,DECLARED_OPOINT_NOT_RUNTIME_REACHABILITY
unity,21,Assets/NTSD/Config/Character/jiraiya.dat,380,1,440,True,DECLARED_OPOINT_NOT_RUNTIME_REACHABILITY
unity,21,Assets/NTSD/Config/Character/jiraiya.dat,381,1,440,True,DECLARED_OPOINT_NOT_RUNTIME_REACHABILITY
unity,21,Assets/NTSD/Config/Character/jiraiya.dat,382,1,440,True,DECLARED_OPOINT_NOT_RUNTIME_REACHABILITY
unity,21,Assets/NTSD/Config/Character/jiraiya.dat,383,1,440,True,DECLARED_OPOINT_NOT_RUNTIME_REACHABILITY
unity,21,Assets/NTSD/Config/Character/jiraiya.dat,384,1,440,True,DECLARED_OPOINT_NOT_RUNTIME_REACHABILITY
unity,21,Assets/NTSD/Config/Character/jiraiya.dat,395,1,214,True,DECLARED_OPOINT_NOT_RUNTIME_REACHABILITY
unity,21,Assets/NTSD/Config/Character/jiraiya.dat,398,0,201,True,DECLARED_OPOINT_NOT_RUNTIME_REACHABILITY
unity,100,Assets/NTSD/Config/chars/weapon6.dat,62,0,219,True,DECLARED_OPOINT_NOT_RUNTIME_REACHABILITY
unity,100,Assets/NTSD/Config/chars/weapon6.dat,71,0,219,True,DECLARED_OPOINT_NOT_RUNTIME_REACHABILITY
unity,101,Assets/NTSD/Config/chars/weapon2.dat,81,0,211,True,DECLARED_OPOINT_NOT_RUNTIME_REACHABILITY
unity,300,Assets/NTSD/Config/chars/criminal.dat,1,0,235,True,DECLARED_OPOINT_NOT_RUNTIME_REACHABILITY
unity,300,Assets/NTSD/Config/chars/criminal.dat,2,0,235,True,DECLARED_OPOINT_NOT_RUNTIME_REACHABILITY
unity,300,Assets/NTSD/Config/chars/criminal.dat,7,0,235,True,DECLARED_OPOINT_NOT_RUNTIME_REACHABILITY
unity,300,Assets/NTSD/Config/chars/criminal.dat,11,0,235,True,DECLARED_OPOINT_NOT_RUNTIME_REACHABILITY
unity,300,Assets/NTSD/Config/chars/criminal.dat,23,0,216,True,DECLARED_OPOINT_NOT_RUNTIME_REACHABILITY
unity,300,Assets/NTSD/Config/chars/criminal.dat,61,0,235,True,DECLARED_OPOINT_NOT_RUNTIME_REACHABILITY
unity,300,Assets/NTSD/Config/chars/criminal.dat,72,0,211,True,DECLARED_OPOINT_NOT_RUNTIME_REACHABILITY
unity,300,Assets/NTSD/Config/chars/criminal.dat,76,0,417,True,DECLARED_OPOINT_NOT_RUNTIME_REACHABILITY
unity,300,Assets/NTSD/Config/chars/criminal.dat,82,0,150,True,DECLARED_OPOINT_NOT_RUNTIME_REACHABILITY
unity,300,Assets/NTSD/Config/chars/criminal.dat,86,0,408,True,DECLARED_OPOINT_NOT_RUNTIME_REACHABILITY
unity,300,Assets/NTSD/Config/chars/criminal.dat,92,0,205,True,DECLARED_OPOINT_NOT_RUNTIME_REACHABILITY
unity,300,Assets/NTSD/Config/chars/criminal.dat,113,0,451,True,DECLARED_OPOINT_NOT_RUNTIME_REACHABILITY
unity,300,Assets/NTSD/Config/chars/criminal.dat,114,0,452,True,DECLARED_OPOINT_NOT_RUNTIME_REACHABILITY
unity,300,Assets/NTSD/Config/chars/criminal.dat,115,0,453,True,DECLARED_OPOINT_NOT_RUNTIME_REACHABILITY
unity,300,Assets/NTSD/Config/chars/criminal.dat,116,0,450,True,DECLARED_OPOINT_NOT_RUNTIME_REACHABILITY
unity,300,Assets/NTSD/Config/chars/criminal.dat,141,0,200,True,DECLARED_OPOINT_NOT_RUNTIME_REACHABILITY
unity,300,Assets/NTSD/Config/chars/criminal.dat,334,0,200,True,DECLARED_OPOINT_NOT_RUNTIME_REACHABILITY
unity,300,Assets/NTSD/Config/chars/criminal.dat,342,1,300,True,DECLARED_OPOINT_NOT_RUNTIME_REACHABILITY
unity,300,Assets/NTSD/Config/chars/criminal.dat,356,0,210,True,DECLARED_OPOINT_NOT_RUNTIME_REACHABILITY
unity,300,Assets/NTSD/Config/chars/criminal.dat,362,0,408,True,DECLARED_OPOINT_NOT_RUNTIME_REACHABILITY
unity,300,Assets/NTSD/Config/chars/criminal.dat,363,0,408,True,DECLARED_OPOINT_NOT_RUNTIME_REACHABILITY
unity,300,Assets/NTSD/Config/chars/criminal.dat,382,0,208,True,DECLARED_OPOINT_NOT_RUNTIME_REACHABILITY
unity,230,Assets/NTSD/Config/specialattack/karasu.dat,5,0,204,True,DECLARED_OPOINT_NOT_RUNTIME_REACHABILITY
unity,230,Assets/NTSD/Config/specialattack/karasu.dat,8,0,204,True,DECLARED_OPOINT_NOT_RUNTIME_REACHABILITY
unity,230,Assets/NTSD/Config/specialattack/karasu.dat,11,0,204,True,DECLARED_OPOINT_NOT_RUNTIME_REACHABILITY
unity,230,Assets/NTSD/Config/specialattack/karasu.dat,21,0,204,True,DECLARED_OPOINT_NOT_RUNTIME_REACHABILITY
unity,230,Assets/NTSD/Config/specialattack/karasu.dat,31,0,204,True,DECLARED_OPOINT_NOT_RUNTIME_REACHABILITY
unity,230,Assets/NTSD/Config/specialattack/karasu.dat,56,1,204,True,DECLARED_OPOINT_NOT_RUNTIME_REACHABILITY
unity,230,Assets/NTSD/Config/specialattack/karasu.dat,57,1,230,True,DECLARED_OPOINT_NOT_RUNTIME_REACHABILITY
unity,230,Assets/NTSD/Config/specialattack/karasu.dat,73,1,222,True,DECLARED_OPOINT_NOT_RUNTIME_REACHABILITY
unity,230,Assets/NTSD/Config/specialattack/karasu.dat,77,1,14,True,DECLARED_OPOINT_NOT_RUNTIME_REACHABILITY
unity,230,Assets/NTSD/Config/specialattack/karasu.dat,86,0,407,True,DECLARED_OPOINT_NOT_RUNTIME_REACHABILITY
unity,230,Assets/NTSD/Config/specialattack/karasu.dat,92,0,230,True,DECLARED_OPOINT_NOT_RUNTIME_REACHABILITY
unity,230,Assets/NTSD/Config/specialattack/karasu.dat,93,0,230,True,DECLARED_OPOINT_NOT_RUNTIME_REACHABILITY
unity,230,Assets/NTSD/Config/specialattack/karasu.dat,94,0,230,True,DECLARED_OPOINT_NOT_RUNTIME_REACHABILITY
unity,230,Assets/NTSD/Config/specialattack/karasu.dat,96,0,230,True,DECLARED_OPOINT_NOT_RUNTIME_REACHABILITY
unity,230,Assets/NTSD/Config/specialattack/karasu.dat,111,0,230,True,DECLARED_OPOINT_NOT_RUNTIME_REACHABILITY
unity,230,Assets/NTSD/Config/specialattack/karasu.dat,116,0,230,True,DECLARED_OPOINT_NOT_RUNTIME_REACHABILITY
unity,230,Assets/NTSD/Config/specialattack/karasu.dat,127,1,204,True,DECLARED_OPOINT_NOT_RUNTIME_REACHABILITY
unity,230,Assets/NTSD/Config/specialattack/karasu.dat,128,0,204,True,DECLARED_OPOINT_NOT_RUNTIME_REACHABILITY
unity,230,Assets/NTSD/Config/specialattack/karasu.dat,131,0,204,True,DECLARED_OPOINT_NOT_RUNTIME_REACHABILITY
unity,230,Assets/NTSD/Config/specialattack/karasu.dat,135,0,422,True,DECLARED_OPOINT_NOT_RUNTIME_REACHABILITY
unity,230,Assets/NTSD/Config/specialattack/karasu.dat,136,0,422,True,DECLARED_OPOINT_NOT_RUNTIME_REACHABILITY
unity,230,Assets/NTSD/Config/specialattack/karasu.dat,137,0,422,True,DECLARED_OPOINT_NOT_RUNTIME_REACHABILITY
unity,230,Assets/NTSD/Config/specialattack/karasu.dat,138,0,422,True,DECLARED_OPOINT_NOT_RUNTIME_REACHABILITY
unity,230,Assets/NTSD/Config/specialattack/karasu.dat,139,0,422,True,DECLARED_OPOINT_NOT_RUNTIME_REACHABILITY
unity,230,Assets/NTSD/Config/specialattack/karasu.dat,140,0,422,True,DECLARED_OPOINT_NOT_RUNTIME_REACHABILITY
unity,230,Assets/NTSD/Config/specialattack/karasu.dat,143,0,204,True,DECLARED_OPOINT_NOT_RUNTIME_REACHABILITY
unity,230,Assets/NTSD/Config/specialattack/karasu.dat,156,0,204,True,DECLARED_OPOINT_NOT_RUNTIME_REACHABILITY
unity,230,Assets/NTSD/Config/specialattack/karasu.dat,157,0,452,True,DECLARED_OPOINT_NOT_RUNTIME_REACHABILITY
unity,230,Assets/NTSD/Config/specialattack/karasu.dat,158,0,452,True,DECLARED_OPOINT_NOT_RUNTIME_REACHABILITY
unity,230,Assets/NTSD/Config/specialattack/karasu.dat,159,0,452,True,DECLARED_OPOINT_NOT_RUNTIME_REACHABILITY
unity,230,Assets/NTSD/Config/specialattack/karasu.dat,160,0,452,True,DECLARED_OPOINT_NOT_RUNTIME_REACHABILITY
unity,230,Assets/NTSD/Config/specialattack/karasu.dat,161,0,452,True,DECLARED_OPOINT_NOT_RUNTIME_REACHABILITY
unity,230,Assets/NTSD/Config/specialattack/karasu.dat,162,0,452,True,DECLARED_OPOINT_NOT_RUNTIME_REACHABILITY
unity,230,Assets/NTSD/Config/specialattack/karasu.dat,163,0,452,True,DECLARED_OPOINT_NOT_RUNTIME_REACHABILITY
unity,230,Assets/NTSD/Config/specialattack/karasu.dat,164,0,452,True,DECLARED_OPOINT_NOT_RUNTIME_REACHABILITY
unity,230,Assets/NTSD/Config/specialattack/karasu.dat,166,0,452,True,DECLARED_OPOINT_NOT_RUNTIME_REACHABILITY
unity,230,Assets/NTSD/Config/specialattack/karasu.dat,167,0,452,True,DECLARED_OPOINT_NOT_RUNTIME_REACHABILITY
unity,230,Assets/NTSD/Config/specialattack/karasu.dat,168,0,452,True,DECLARED_OPOINT_NOT_RUNTIME_REACHABILITY
unity,230,Assets/NTSD/Config/specialattack/karasu.dat,169,0,452,True,DECLARED_OPOINT_NOT_RUNTIME_REACHABILITY
unity,230,Assets/NTSD/Config/specialattack/karasu.dat,170,0,452,True,DECLARED_OPOINT_NOT_RUNTIME_REACHABILITY
unity,230,Assets/NTSD/Config/specialattack/karasu.dat,171,0,452,True,DECLARED_OPOINT_NOT_RUNTIME_REACHABILITY
unity,230,Assets/NTSD/Config/specialattack/karasu.dat,172,0,452,True,DECLARED_OPOINT_NOT_RUNTIME_REACHABILITY
unity,230,Assets/NTSD/Config/specialattack/karasu.dat,173,0,452,True,DECLARED_OPOINT_NOT_RUNTIME_REACHABILITY
unity,230,Assets/NTSD/Config/specialattack/karasu.dat,174,0,452,True,DECLARED_OPOINT_NOT_RUNTIME_REACHABILITY
unity,230,Assets/NTSD/Config/specialattack/karasu.dat,175,0,452,True,DECLARED_OPOINT_NOT_RUNTIME_REACHABILITY
unity,230,Assets/NTSD/Config/specialattack/karasu.dat,176,0,452,True,DECLARED_OPOINT_NOT_RUNTIME_REACHABILITY
unity,230,Assets/NTSD/Config/specialattack/karasu.dat,177,0,452,True,DECLARED_OPOINT_NOT_RUNTIME_REACHABILITY
unity,230,Assets/NTSD/Config/specialattack/karasu.dat,178,0,452,True,DECLARED_OPOINT_NOT_RUNTIME_REACHABILITY
unity,230,Assets/NTSD/Config/specialattack/karasu.dat,179,0,204,True,DECLARED_OPOINT_NOT_RUNTIME_REACHABILITY
unity,500,Assets/NTSD/Config/effect/heart.dat,0,0,503,True,DECLARED_OPOINT_NOT_RUNTIME_REACHABILITY
unity,500,Assets/NTSD/Config/effect/heart.dat,1,0,503,True,DECLARED_OPOINT_NOT_RUNTIME_REACHABILITY
unity,500,Assets/NTSD/Config/effect/heart.dat,2,0,503,True,DECLARED_OPOINT_NOT_RUNTIME_REACHABILITY
unity,500,Assets/NTSD/Config/effect/heart.dat,3,0,503,True,DECLARED_OPOINT_NOT_RUNTIME_REACHABILITY
unity,500,Assets/NTSD/Config/effect/heart.dat,4,0,503,True,DECLARED_OPOINT_NOT_RUNTIME_REACHABILITY
unity,500,Assets/NTSD/Config/effect/heart.dat,5,0,503,True,DECLARED_OPOINT_NOT_RUNTIME_REACHABILITY
unity,500,Assets/NTSD/Config/effect/heart.dat,6,0,503,True,DECLARED_OPOINT_NOT_RUNTIME_REACHABILITY
unity,500,Assets/NTSD/Config/effect/heart.dat,7,0,503,True,DECLARED_OPOINT_NOT_RUNTIME_REACHABILITY
unity,500,Assets/NTSD/Config/effect/heart.dat,8,0,503,True,DECLARED_OPOINT_NOT_RUNTIME_REACHABILITY
unity,500,Assets/NTSD/Config/effect/heart.dat,9,0,503,True,DECLARED_OPOINT_NOT_RUNTIME_REACHABILITY
unity,500,Assets/NTSD/Config/effect/heart.dat,10,0,503,True,DECLARED_OPOINT_NOT_RUNTIME_REACHABILITY
unity,500,Assets/NTSD/Config/effect/heart.dat,11,0,503,True,DECLARED_OPOINT_NOT_RUNTIME_REACHABILITY
unity,500,Assets/NTSD/Config/effect/heart.dat,12,0,503,True,DECLARED_OPOINT_NOT_RUNTIME_REACHABILITY
unity,500,Assets/NTSD/Config/effect/heart.dat,13,0,503,True,DECLARED_OPOINT_NOT_RUNTIME_REACHABILITY
unity,500,Assets/NTSD/Config/effect/heart.dat,14,0,503,True,DECLARED_OPOINT_NOT_RUNTIME_REACHABILITY
unity,500,Assets/NTSD/Config/effect/heart.dat,15,0,503,True,DECLARED_OPOINT_NOT_RUNTIME_REACHABILITY
unity,500,Assets/NTSD/Config/effect/heart.dat,20,2,503,True,DECLARED_OPOINT_NOT_RUNTIME_REACHABILITY
unity,500,Assets/NTSD/Config/effect/heart.dat,21,2,503,True,DECLARED_OPOINT_NOT_RUNTIME_REACHABILITY
unity,500,Assets/NTSD/Config/effect/heart.dat,22,2,503,True,DECLARED_OPOINT_NOT_RUNTIME_REACHABILITY
unity,500,Assets/NTSD/Config/effect/heart.dat,23,2,503,True,DECLARED_OPOINT_NOT_RUNTIME_REACHABILITY
unity,500,Assets/NTSD/Config/effect/heart.dat,24,2,503,True,DECLARED_OPOINT_NOT_RUNTIME_REACHABILITY
unity,500,Assets/NTSD/Config/effect/heart.dat,25,2,503,True,DECLARED_OPOINT_NOT_RUNTIME_REACHABILITY
unity,500,Assets/NTSD/Config/effect/heart.dat,100,2,503,True,DECLARED_OPOINT_NOT_RUNTIME_REACHABILITY
unity,500,Assets/NTSD/Config/effect/heart.dat,26,2,503,True,DECLARED_OPOINT_NOT_RUNTIME_REACHABILITY
unity,500,Assets/NTSD/Config/effect/heart.dat,27,2,503,True,DECLARED_OPOINT_NOT_RUNTIME_REACHABILITY
unity,500,Assets/NTSD/Config/effect/heart.dat,28,2,503,True,DECLARED_OPOINT_NOT_RUNTIME_REACHABILITY
unity,500,Assets/NTSD/Config/effect/heart.dat,29,2,503,True,DECLARED_OPOINT_NOT_RUNTIME_REACHABILITY
unity,500,Assets/NTSD/Config/effect/heart.dat,30,2,503,True,DECLARED_OPOINT_NOT_RUNTIME_REACHABILITY
unity,500,Assets/NTSD/Config/effect/heart.dat,31,2,503,True,DECLARED_OPOINT_NOT_RUNTIME_REACHABILITY
unity,500,Assets/NTSD/Config/effect/heart.dat,32,2,503,True,DECLARED_OPOINT_NOT_RUNTIME_REACHABILITY
unity,500,Assets/NTSD/Config/effect/heart.dat,33,2,503,True,DECLARED_OPOINT_NOT_RUNTIME_REACHABILITY
unity,500,Assets/NTSD/Config/effect/heart.dat,34,2,503,True,DECLARED_OPOINT_NOT_RUNTIME_REACHABILITY
unity,500,Assets/NTSD/Config/effect/heart.dat,35,2,503,True,DECLARED_OPOINT_NOT_RUNTIME_REACHABILITY
unity,500,Assets/NTSD/Config/effect/heart.dat,36,2,503,True,DECLARED_OPOINT_NOT_RUNTIME_REACHABILITY
unity,500,Assets/NTSD/Config/effect/heart.dat,40,2,503,True,DECLARED_OPOINT_NOT_RUNTIME_REACHABILITY
unity,500,Assets/NTSD/Config/effect/heart.dat,41,2,503,True,DECLARED_OPOINT_NOT_RUNTIME_REACHABILITY
unity,500,Assets/NTSD/Config/effect/heart.dat,42,2,503,True,DECLARED_OPOINT_NOT_RUNTIME_REACHABILITY
unity,500,Assets/NTSD/Config/effect/heart.dat,43,2,503,True,DECLARED_OPOINT_NOT_RUNTIME_REACHABILITY
unity,500,Assets/NTSD/Config/effect/heart.dat,44,2,503,True,DECLARED_OPOINT_NOT_RUNTIME_REACHABILITY
unity,500,Assets/NTSD/Config/effect/heart.dat,45,2,503,True,DECLARED_OPOINT_NOT_RUNTIME_REACHABILITY
unity,500,Assets/NTSD/Config/effect/heart.dat,46,2,503,True,DECLARED_OPOINT_NOT_RUNTIME_REACHABILITY
unity,500,Assets/NTSD/Config/effect/heart.dat,47,2,503,True,DECLARED_OPOINT_NOT_RUNTIME_REACHABILITY
unity,500,Assets/NTSD/Config/effect/heart.dat,49,2,503,True,DECLARED_OPOINT_NOT_RUNTIME_REACHABILITY
unity,500,Assets/NTSD/Config/effect/heart.dat,50,2,503,True,DECLARED_OPOINT_NOT_RUNTIME_REACHABILITY
unity,500,Assets/NTSD/Config/effect/heart.dat,51,2,503,True,DECLARED_OPOINT_NOT_RUNTIME_REACHABILITY
unity,500,Assets/NTSD/Config/effect/heart.dat,52,2,503,True,DECLARED_OPOINT_NOT_RUNTIME_REACHABILITY
unity,500,Assets/NTSD/Config/effect/heart.dat,53,2,503,True,DECLARED_OPOINT_NOT_RUNTIME_REACHABILITY
unity,500,Assets/NTSD/Config/effect/heart.dat,54,2,503,True,DECLARED_OPOINT_NOT_RUNTIME_REACHABILITY
unity,500,Assets/NTSD/Config/effect/heart.dat,55,2,503,True,DECLARED_OPOINT_NOT_RUNTIME_REACHABILITY
unity,500,Assets/NTSD/Config/effect/heart.dat,60,0,503,True,DECLARED_OPOINT_NOT_RUNTIME_REACHABILITY
unity,500,Assets/NTSD/Config/effect/heart.dat,61,0,503,True,DECLARED_OPOINT_NOT_RUNTIME_REACHABILITY
unity,500,Assets/NTSD/Config/effect/heart.dat,62,0,503,True,DECLARED_OPOINT_NOT_RUNTIME_REACHABILITY
unity,500,Assets/NTSD/Config/effect/heart.dat,63,0,503,True,DECLARED_OPOINT_NOT_RUNTIME_REACHABILITY
unity,500,Assets/NTSD/Config/effect/heart.dat,64,1,503,True,DECLARED_OPOINT_NOT_RUNTIME_REACHABILITY
unity,500,Assets/NTSD/Config/effect/heart.dat,70,1,503,True,DECLARED_OPOINT_NOT_RUNTIME_REACHABILITY
unity,500,Assets/NTSD/Config/effect/heart.dat,71,1,503,True,DECLARED_OPOINT_NOT_RUNTIME_REACHABILITY
unity,500,Assets/NTSD/Config/effect/heart.dat,72,1,503,True,DECLARED_OPOINT_NOT_RUNTIME_REACHABILITY
unity,500,Assets/NTSD/Config/effect/heart.dat,121,2,57,True,DECLARED_OPOINT_NOT_RUNTIME_REACHABILITY
unity,500,Assets/NTSD/Config/effect/heart.dat,122,1,499,True,DECLARED_OPOINT_NOT_RUNTIME_REACHABILITY
unity,500,Assets/NTSD/Config/effect/heart.dat,399,1,503,True,DECLARED_OPOINT_NOT_RUNTIME_REACHABILITY
unity,501,Assets/NTSD/Config/effect/heart2.dat,0,0,504,True,DECLARED_OPOINT_NOT_RUNTIME_REACHABILITY
unity,501,Assets/NTSD/Config/effect/heart2.dat,1,0,504,True,DECLARED_OPOINT_NOT_RUNTIME_REACHABILITY
unity,501,Assets/NTSD/Config/effect/heart2.dat,2,0,504,True,DECLARED_OPOINT_NOT_RUNTIME_REACHABILITY
unity,501,Assets/NTSD/Config/effect/heart2.dat,3,0,504,True,DECLARED_OPOINT_NOT_RUNTIME_REACHABILITY
unity,501,Assets/NTSD/Config/effect/heart2.dat,4,0,504,True,DECLARED_OPOINT_NOT_RUNTIME_REACHABILITY
unity,501,Assets/NTSD/Config/effect/heart2.dat,5,0,504,True,DECLARED_OPOINT_NOT_RUNTIME_REACHABILITY
unity,501,Assets/NTSD/Config/effect/heart2.dat,6,0,504,True,DECLARED_OPOINT_NOT_RUNTIME_REACHABILITY
unity,501,Assets/NTSD/Config/effect/heart2.dat,7,0,504,True,DECLARED_OPOINT_NOT_RUNTIME_REACHABILITY
unity,501,Assets/NTSD/Config/effect/heart2.dat,8,0,504,True,DECLARED_OPOINT_NOT_RUNTIME_REACHABILITY
unity,501,Assets/NTSD/Config/effect/heart2.dat,9,0,504,True,DECLARED_OPOINT_NOT_RUNTIME_REACHABILITY
unity,501,Assets/NTSD/Config/effect/heart2.dat,10,0,504,True,DECLARED_OPOINT_NOT_RUNTIME_REACHABILITY
unity,501,Assets/NTSD/Config/effect/heart2.dat,11,0,504,True,DECLARED_OPOINT_NOT_RUNTIME_REACHABILITY
unity,501,Assets/NTSD/Config/effect/heart2.dat,12,0,504,True,DECLARED_OPOINT_NOT_RUNTIME_REACHABILITY
unity,501,Assets/NTSD/Config/effect/heart2.dat,13,0,504,True,DECLARED_OPOINT_NOT_RUNTIME_REACHABILITY
unity,501,Assets/NTSD/Config/effect/heart2.dat,14,0,504,True,DECLARED_OPOINT_NOT_RUNTIME_REACHABILITY
unity,501,Assets/NTSD/Config/effect/heart2.dat,15,0,504,True,DECLARED_OPOINT_NOT_RUNTIME_REACHABILITY
unity,501,Assets/NTSD/Config/effect/heart2.dat,20,2,504,True,DECLARED_OPOINT_NOT_RUNTIME_REACHABILITY
unity,501,Assets/NTSD/Config/effect/heart2.dat,21,2,504,True,DECLARED_OPOINT_NOT_RUNTIME_REACHABILITY
unity,501,Assets/NTSD/Config/effect/heart2.dat,22,2,504,True,DECLARED_OPOINT_NOT_RUNTIME_REACHABILITY
unity,501,Assets/NTSD/Config/effect/heart2.dat,23,2,504,True,DECLARED_OPOINT_NOT_RUNTIME_REACHABILITY
unity,501,Assets/NTSD/Config/effect/heart2.dat,24,2,504,True,DECLARED_OPOINT_NOT_RUNTIME_REACHABILITY
unity,501,Assets/NTSD/Config/effect/heart2.dat,25,2,504,True,DECLARED_OPOINT_NOT_RUNTIME_REACHABILITY
unity,501,Assets/NTSD/Config/effect/heart2.dat,100,2,504,True,DECLARED_OPOINT_NOT_RUNTIME_REACHABILITY
unity,501,Assets/NTSD/Config/effect/heart2.dat,26,2,504,True,DECLARED_OPOINT_NOT_RUNTIME_REACHABILITY
unity,501,Assets/NTSD/Config/effect/heart2.dat,27,2,504,True,DECLARED_OPOINT_NOT_RUNTIME_REACHABILITY
unity,501,Assets/NTSD/Config/effect/heart2.dat,28,2,504,True,DECLARED_OPOINT_NOT_RUNTIME_REACHABILITY
unity,501,Assets/NTSD/Config/effect/heart2.dat,29,2,504,True,DECLARED_OPOINT_NOT_RUNTIME_REACHABILITY
unity,501,Assets/NTSD/Config/effect/heart2.dat,30,2,504,True,DECLARED_OPOINT_NOT_RUNTIME_REACHABILITY
unity,501,Assets/NTSD/Config/effect/heart2.dat,31,2,504,True,DECLARED_OPOINT_NOT_RUNTIME_REACHABILITY
unity,501,Assets/NTSD/Config/effect/heart2.dat,32,2,504,True,DECLARED_OPOINT_NOT_RUNTIME_REACHABILITY
unity,501,Assets/NTSD/Config/effect/heart2.dat,33,2,504,True,DECLARED_OPOINT_NOT_RUNTIME_REACHABILITY
unity,501,Assets/NTSD/Config/effect/heart2.dat,34,2,504,True,DECLARED_OPOINT_NOT_RUNTIME_REACHABILITY
unity,501,Assets/NTSD/Config/effect/heart2.dat,35,2,504,True,DECLARED_OPOINT_NOT_RUNTIME_REACHABILITY
unity,501,Assets/NTSD/Config/effect/heart2.dat,36,2,504,True,DECLARED_OPOINT_NOT_RUNTIME_REACHABILITY
unity,501,Assets/NTSD/Config/effect/heart2.dat,40,2,504,True,DECLARED_OPOINT_NOT_RUNTIME_REACHABILITY
unity,501,Assets/NTSD/Config/effect/heart2.dat,41,2,504,True,DECLARED_OPOINT_NOT_RUNTIME_REACHABILITY
unity,501,Assets/NTSD/Config/effect/heart2.dat,42,2,504,True,DECLARED_OPOINT_NOT_RUNTIME_REACHABILITY
unity,501,Assets/NTSD/Config/effect/heart2.dat,43,2,504,True,DECLARED_OPOINT_NOT_RUNTIME_REACHABILITY
unity,501,Assets/NTSD/Config/effect/heart2.dat,44,2,504,True,DECLARED_OPOINT_NOT_RUNTIME_REACHABILITY
unity,501,Assets/NTSD/Config/effect/heart2.dat,45,2,504,True,DECLARED_OPOINT_NOT_RUNTIME_REACHABILITY
unity,501,Assets/NTSD/Config/effect/heart2.dat,46,2,504,True,DECLARED_OPOINT_NOT_RUNTIME_REACHABILITY
unity,501,Assets/NTSD/Config/effect/heart2.dat,47,2,504,True,DECLARED_OPOINT_NOT_RUNTIME_REACHABILITY
unity,501,Assets/NTSD/Config/effect/heart2.dat,49,2,504,True,DECLARED_OPOINT_NOT_RUNTIME_REACHABILITY
unity,501,Assets/NTSD/Config/effect/heart2.dat,50,2,504,True,DECLARED_OPOINT_NOT_RUNTIME_REACHABILITY
unity,501,Assets/NTSD/Config/effect/heart2.dat,51,2,504,True,DECLARED_OPOINT_NOT_RUNTIME_REACHABILITY
unity,501,Assets/NTSD/Config/effect/heart2.dat,52,2,504,True,DECLARED_OPOINT_NOT_RUNTIME_REACHABILITY
unity,501,Assets/NTSD/Config/effect/heart2.dat,53,2,504,True,DECLARED_OPOINT_NOT_RUNTIME_REACHABILITY
unity,501,Assets/NTSD/Config/effect/heart2.dat,54,2,504,True,DECLARED_OPOINT_NOT_RUNTIME_REACHABILITY
unity,501,Assets/NTSD/Config/effect/heart2.dat,55,2,504,True,DECLARED_OPOINT_NOT_RUNTIME_REACHABILITY
unity,501,Assets/NTSD/Config/effect/heart2.dat,60,0,504,True,DECLARED_OPOINT_NOT_RUNTIME_REACHABILITY
unity,501,Assets/NTSD/Config/effect/heart2.dat,61,0,504,True,DECLARED_OPOINT_NOT_RUNTIME_REACHABILITY
unity,501,Assets/NTSD/Config/effect/heart2.dat,62,0,504,True,DECLARED_OPOINT_NOT_RUNTIME_REACHABILITY
unity,501,Assets/NTSD/Config/effect/heart2.dat,63,0,504,True,DECLARED_OPOINT_NOT_RUNTIME_REACHABILITY
unity,501,Assets/NTSD/Config/effect/heart2.dat,64,1,504,True,DECLARED_OPOINT_NOT_RUNTIME_REACHABILITY
unity,501,Assets/NTSD/Config/effect/heart2.dat,70,1,504,True,DECLARED_OPOINT_NOT_RUNTIME_REACHABILITY
unity,501,Assets/NTSD/Config/effect/heart2.dat,71,1,504,True,DECLARED_OPOINT_NOT_RUNTIME_REACHABILITY
unity,501,Assets/NTSD/Config/effect/heart2.dat,72,1,504,True,DECLARED_OPOINT_NOT_RUNTIME_REACHABILITY
unity,501,Assets/NTSD/Config/effect/heart2.dat,121,2,57,True,DECLARED_OPOINT_NOT_RUNTIME_REACHABILITY
unity,501,Assets/NTSD/Config/effect/heart2.dat,122,1,499,True,DECLARED_OPOINT_NOT_RUNTIME_REACHABILITY
unity,501,Assets/NTSD/Config/effect/heart2.dat,399,1,504,True,DECLARED_OPOINT_NOT_RUNTIME_REACHABILITY
unity,502,Assets/NTSD/Config/effect/heart3.dat,0,0,505,True,DECLARED_OPOINT_NOT_RUNTIME_REACHABILITY
unity,502,Assets/NTSD/Config/effect/heart3.dat,1,0,505,True,DECLARED_OPOINT_NOT_RUNTIME_REACHABILITY
unity,502,Assets/NTSD/Config/effect/heart3.dat,2,0,505,True,DECLARED_OPOINT_NOT_RUNTIME_REACHABILITY
unity,502,Assets/NTSD/Config/effect/heart3.dat,3,0,505,True,DECLARED_OPOINT_NOT_RUNTIME_REACHABILITY
unity,502,Assets/NTSD/Config/effect/heart3.dat,4,0,505,True,DECLARED_OPOINT_NOT_RUNTIME_REACHABILITY
unity,502,Assets/NTSD/Config/effect/heart3.dat,5,0,505,True,DECLARED_OPOINT_NOT_RUNTIME_REACHABILITY
unity,502,Assets/NTSD/Config/effect/heart3.dat,6,0,505,True,DECLARED_OPOINT_NOT_RUNTIME_REACHABILITY
unity,502,Assets/NTSD/Config/effect/heart3.dat,7,0,505,True,DECLARED_OPOINT_NOT_RUNTIME_REACHABILITY
unity,502,Assets/NTSD/Config/effect/heart3.dat,8,0,505,True,DECLARED_OPOINT_NOT_RUNTIME_REACHABILITY
unity,502,Assets/NTSD/Config/effect/heart3.dat,9,0,505,True,DECLARED_OPOINT_NOT_RUNTIME_REACHABILITY
unity,502,Assets/NTSD/Config/effect/heart3.dat,10,0,505,True,DECLARED_OPOINT_NOT_RUNTIME_REACHABILITY
unity,502,Assets/NTSD/Config/effect/heart3.dat,11,0,505,True,DECLARED_OPOINT_NOT_RUNTIME_REACHABILITY
unity,502,Assets/NTSD/Config/effect/heart3.dat,12,0,505,True,DECLARED_OPOINT_NOT_RUNTIME_REACHABILITY
unity,502,Assets/NTSD/Config/effect/heart3.dat,13,0,505,True,DECLARED_OPOINT_NOT_RUNTIME_REACHABILITY
unity,502,Assets/NTSD/Config/effect/heart3.dat,14,0,505,True,DECLARED_OPOINT_NOT_RUNTIME_REACHABILITY
unity,502,Assets/NTSD/Config/effect/heart3.dat,15,0,505,True,DECLARED_OPOINT_NOT_RUNTIME_REACHABILITY
unity,502,Assets/NTSD/Config/effect/heart3.dat,20,2,505,True,DECLARED_OPOINT_NOT_RUNTIME_REACHABILITY
unity,502,Assets/NTSD/Config/effect/heart3.dat,21,2,505,True,DECLARED_OPOINT_NOT_RUNTIME_REACHABILITY
unity,502,Assets/NTSD/Config/effect/heart3.dat,22,2,505,True,DECLARED_OPOINT_NOT_RUNTIME_REACHABILITY
unity,502,Assets/NTSD/Config/effect/heart3.dat,23,2,505,True,DECLARED_OPOINT_NOT_RUNTIME_REACHABILITY
unity,502,Assets/NTSD/Config/effect/heart3.dat,24,2,505,True,DECLARED_OPOINT_NOT_RUNTIME_REACHABILITY
unity,502,Assets/NTSD/Config/effect/heart3.dat,25,2,505,True,DECLARED_OPOINT_NOT_RUNTIME_REACHABILITY
unity,502,Assets/NTSD/Config/effect/heart3.dat,100,2,505,True,DECLARED_OPOINT_NOT_RUNTIME_REACHABILITY
unity,502,Assets/NTSD/Config/effect/heart3.dat,26,2,505,True,DECLARED_OPOINT_NOT_RUNTIME_REACHABILITY
unity,502,Assets/NTSD/Config/effect/heart3.dat,27,2,505,True,DECLARED_OPOINT_NOT_RUNTIME_REACHABILITY
unity,502,Assets/NTSD/Config/effect/heart3.dat,28,2,505,True,DECLARED_OPOINT_NOT_RUNTIME_REACHABILITY
unity,502,Assets/NTSD/Config/effect/heart3.dat,29,2,505,True,DECLARED_OPOINT_NOT_RUNTIME_REACHABILITY
unity,502,Assets/NTSD/Config/effect/heart3.dat,30,2,505,True,DECLARED_OPOINT_NOT_RUNTIME_REACHABILITY
unity,502,Assets/NTSD/Config/effect/heart3.dat,31,2,505,True,DECLARED_OPOINT_NOT_RUNTIME_REACHABILITY
unity,502,Assets/NTSD/Config/effect/heart3.dat,32,2,505,True,DECLARED_OPOINT_NOT_RUNTIME_REACHABILITY
unity,502,Assets/NTSD/Config/effect/heart3.dat,33,2,505,True,DECLARED_OPOINT_NOT_RUNTIME_REACHABILITY
unity,502,Assets/NTSD/Config/effect/heart3.dat,34,2,505,True,DECLARED_OPOINT_NOT_RUNTIME_REACHABILITY
unity,502,Assets/NTSD/Config/effect/heart3.dat,35,2,505,True,DECLARED_OPOINT_NOT_RUNTIME_REACHABILITY
unity,502,Assets/NTSD/Config/effect/heart3.dat,36,2,505,True,DECLARED_OPOINT_NOT_RUNTIME_REACHABILITY
unity,502,Assets/NTSD/Config/effect/heart3.dat,40,2,505,True,DECLARED_OPOINT_NOT_RUNTIME_REACHABILITY
unity,502,Assets/NTSD/Config/effect/heart3.dat,41,2,505,True,DECLARED_OPOINT_NOT_RUNTIME_REACHABILITY
unity,502,Assets/NTSD/Config/effect/heart3.dat,42,2,505,True,DECLARED_OPOINT_NOT_RUNTIME_REACHABILITY
unity,502,Assets/NTSD/Config/effect/heart3.dat,43,2,505,True,DECLARED_OPOINT_NOT_RUNTIME_REACHABILITY
unity,502,Assets/NTSD/Config/effect/heart3.dat,44,2,505,True,DECLARED_OPOINT_NOT_RUNTIME_REACHABILITY
unity,502,Assets/NTSD/Config/effect/heart3.dat,45,2,505,True,DECLARED_OPOINT_NOT_RUNTIME_REACHABILITY
unity,502,Assets/NTSD/Config/effect/heart3.dat,46,2,505,True,DECLARED_OPOINT_NOT_RUNTIME_REACHABILITY
unity,502,Assets/NTSD/Config/effect/heart3.dat,47,2,505,True,DECLARED_OPOINT_NOT_RUNTIME_REACHABILITY
unity,502,Assets/NTSD/Config/effect/heart3.dat,49,2,505,True,DECLARED_OPOINT_NOT_RUNTIME_REACHABILITY
unity,502,Assets/NTSD/Config/effect/heart3.dat,50,2,505,True,DECLARED_OPOINT_NOT_RUNTIME_REACHABILITY
unity,502,Assets/NTSD/Config/effect/heart3.dat,51,2,505,True,DECLARED_OPOINT_NOT_RUNTIME_REACHABILITY
unity,502,Assets/NTSD/Config/effect/heart3.dat,52,2,505,True,DECLARED_OPOINT_NOT_RUNTIME_REACHABILITY
unity,502,Assets/NTSD/Config/effect/heart3.dat,53,2,505,True,DECLARED_OPOINT_NOT_RUNTIME_REACHABILITY
unity,502,Assets/NTSD/Config/effect/heart3.dat,54,2,505,True,DECLARED_OPOINT_NOT_RUNTIME_REACHABILITY
unity,502,Assets/NTSD/Config/effect/heart3.dat,55,2,505,True,DECLARED_OPOINT_NOT_RUNTIME_REACHABILITY
unity,502,Assets/NTSD/Config/effect/heart3.dat,60,0,505,True,DECLARED_OPOINT_NOT_RUNTIME_REACHABILITY
unity,502,Assets/NTSD/Config/effect/heart3.dat,61,0,505,True,DECLARED_OPOINT_NOT_RUNTIME_REACHABILITY
unity,502,Assets/NTSD/Config/effect/heart3.dat,62,0,505,True,DECLARED_OPOINT_NOT_RUNTIME_REACHABILITY
unity,502,Assets/NTSD/Config/effect/heart3.dat,63,0,505,True,DECLARED_OPOINT_NOT_RUNTIME_REACHABILITY
unity,502,Assets/NTSD/Config/effect/heart3.dat,64,1,505,True,DECLARED_OPOINT_NOT_RUNTIME_REACHABILITY
unity,502,Assets/NTSD/Config/effect/heart3.dat,70,1,505,True,DECLARED_OPOINT_NOT_RUNTIME_REACHABILITY
unity,502,Assets/NTSD/Config/effect/heart3.dat,71,1,505,True,DECLARED_OPOINT_NOT_RUNTIME_REACHABILITY
unity,502,Assets/NTSD/Config/effect/heart3.dat,72,1,505,True,DECLARED_OPOINT_NOT_RUNTIME_REACHABILITY
unity,502,Assets/NTSD/Config/effect/heart3.dat,121,2,57,True,DECLARED_OPOINT_NOT_RUNTIME_REACHABILITY
unity,502,Assets/NTSD/Config/effect/heart3.dat,122,1,499,True,DECLARED_OPOINT_NOT_RUNTIME_REACHABILITY
unity,502,Assets/NTSD/Config/effect/heart3.dat,399,1,505,True,DECLARED_OPOINT_NOT_RUNTIME_REACHABILITY
unity,200,Assets/NTSD/Config/specialattack/sakura_ball.dat,0,2,200,True,DECLARED_OPOINT_NOT_RUNTIME_REACHABILITY
unity,200,Assets/NTSD/Config/specialattack/sakura_ball.dat,1,2,200,True,DECLARED_OPOINT_NOT_RUNTIME_REACHABILITY
unity,200,Assets/NTSD/Config/specialattack/sakura_ball.dat,2,2,200,True,DECLARED_OPOINT_NOT_RUNTIME_REACHABILITY
unity,200,Assets/NTSD/Config/specialattack/sakura_ball.dat,31,2,200,True,DECLARED_OPOINT_NOT_RUNTIME_REACHABILITY
unity,200,Assets/NTSD/Config/specialattack/sakura_ball.dat,86,0,200,True,DECLARED_OPOINT_NOT_RUNTIME_REACHABILITY
unity,200,Assets/NTSD/Config/specialattack/sakura_ball.dat,87,0,200,True,DECLARED_OPOINT_NOT_RUNTIME_REACHABILITY
unity,203,Assets/NTSD/Config/specialattack/charge.dat,51,0,214,True,DECLARED_OPOINT_NOT_RUNTIME_REACHABILITY
unity,204,Assets/NTSD/Config/specialattack/wind.dat,131,0,204,True,DECLARED_OPOINT_NOT_RUNTIME_REACHABILITY
unity,204,Assets/NTSD/Config/specialattack/wind.dat,133,0,204,True,DECLARED_OPOINT_NOT_RUNTIME_REACHABILITY
unity,204,Assets/NTSD/Config/specialattack/wind.dat,134,0,204,True,DECLARED_OPOINT_NOT_RUNTIME_REACHABILITY
unity,204,Assets/NTSD/Config/specialattack/wind.dat,135,0,204,True,DECLARED_OPOINT_NOT_RUNTIME_REACHABILITY
unity,204,Assets/NTSD/Config/specialattack/wind.dat,137,0,204,True,DECLARED_OPOINT_NOT_RUNTIME_REACHABILITY
unity,204,Assets/NTSD/Config/specialattack/wind.dat,139,0,204,True,DECLARED_OPOINT_NOT_RUNTIME_REACHABILITY
unity,204,Assets/NTSD/Config/specialattack/wind.dat,143,0,204,True,DECLARED_OPOINT_NOT_RUNTIME_REACHABILITY
unity,204,Assets/NTSD/Config/specialattack/wind.dat,147,0,33,True,DECLARED_OPOINT_NOT_RUNTIME_REACHABILITY
unity,204,Assets/NTSD/Config/specialattack/wind.dat,153,0,151,True,DECLARED_OPOINT_NOT_RUNTIME_REACHABILITY
unity,204,Assets/NTSD/Config/specialattack/wind.dat,161,0,204,True,DECLARED_OPOINT_NOT_RUNTIME_REACHABILITY
unity,204,Assets/NTSD/Config/specialattack/wind.dat,163,0,204,True,DECLARED_OPOINT_NOT_RUNTIME_REACHABILITY
unity,204,Assets/NTSD/Config/specialattack/wind.dat,164,0,204,True,DECLARED_OPOINT_NOT_RUNTIME_REACHABILITY
unity,204,Assets/NTSD/Config/specialattack/wind.dat,165,0,204,True,DECLARED_OPOINT_NOT_RUNTIME_REACHABILITY
unity,204,Assets/NTSD/Config/specialattack/wind.dat,167,0,204,True,DECLARED_OPOINT_NOT_RUNTIME_REACHABILITY
unity,204,Assets/NTSD/Config/specialattack/wind.dat,169,0,204,True,DECLARED_OPOINT_NOT_RUNTIME_REACHABILITY
unity,204,Assets/NTSD/Config/specialattack/wind.dat,173,0,204,True,DECLARED_OPOINT_NOT_RUNTIME_REACHABILITY
unity,204,Assets/NTSD/Config/specialattack/wind.dat,177,0,2,True,DECLARED_OPOINT_NOT_RUNTIME_REACHABILITY
unity,205,Assets/NTSD/Config/specialattack/poison.dat,72,0,407,True,DECLARED_OPOINT_NOT_RUNTIME_REACHABILITY
unity,205,Assets/NTSD/Config/specialattack/poison.dat,73,0,407,True,DECLARED_OPOINT_NOT_RUNTIME_REACHABILITY
unity,205,Assets/NTSD/Config/specialattack/poison.dat,325,0,205,True,DECLARED_OPOINT_NOT_RUNTIME_REACHABILITY
unity,205,Assets/NTSD/Config/specialattack/poison.dat,326,0,205,True,DECLARED_OPOINT_NOT_RUNTIME_REACHABILITY
unity,205,Assets/NTSD/Config/specialattack/poison.dat,327,0,205,True,DECLARED_OPOINT_NOT_RUNTIME_REACHABILITY
unity,205,Assets/NTSD/Config/specialattack/poison.dat,328,0,205,True,DECLARED_OPOINT_NOT_RUNTIME_REACHABILITY
unity,205,Assets/NTSD/Config/specialattack/poison.dat,329,0,205,True,DECLARED_OPOINT_NOT_RUNTIME_REACHABILITY
unity,205,Assets/NTSD/Config/specialattack/poison.dat,330,0,205,True,DECLARED_OPOINT_NOT_RUNTIME_REACHABILITY
unity,205,Assets/NTSD/Config/specialattack/poison.dat,331,0,205,True,DECLARED_OPOINT_NOT_RUNTIME_REACHABILITY
unity,205,Assets/NTSD/Config/specialattack/poison.dat,332,0,205,True,DECLARED_OPOINT_NOT_RUNTIME_REACHABILITY
unity,205,Assets/NTSD/Config/specialattack/poison.dat,333,0,205,True,DECLARED_OPOINT_NOT_RUNTIME_REACHABILITY
unity,205,Assets/NTSD/Config/specialattack/poison.dat,334,0,205,True,DECLARED_OPOINT_NOT_RUNTIME_REACHABILITY
unity,205,Assets/NTSD/Config/specialattack/poison.dat,335,0,205,True,DECLARED_OPOINT_NOT_RUNTIME_REACHABILITY
unity,205,Assets/NTSD/Config/specialattack/poison.dat,336,0,205,True,DECLARED_OPOINT_NOT_RUNTIME_REACHABILITY
unity,205,Assets/NTSD/Config/specialattack/poison.dat,337,0,205,True,DECLARED_OPOINT_NOT_RUNTIME_REACHABILITY
unity,205,Assets/NTSD/Config/specialattack/poison.dat,338,0,205,True,DECLARED_OPOINT_NOT_RUNTIME_REACHABILITY
unity,205,Assets/NTSD/Config/specialattack/poison.dat,339,0,205,True,DECLARED_OPOINT_NOT_RUNTIME_REACHABILITY
unity,205,Assets/NTSD/Config/specialattack/poison.dat,346,1,205,True,DECLARED_OPOINT_NOT_RUNTIME_REACHABILITY
unity,205,Assets/NTSD/Config/specialattack/poison.dat,378,0,412,True,DECLARED_OPOINT_NOT_RUNTIME_REACHABILITY
unity,205,Assets/NTSD/Config/specialattack/poison.dat,380,0,205,True,DECLARED_OPOINT_NOT_RUNTIME_REACHABILITY
unity,205,Assets/NTSD/Config/specialattack/poison.dat,381,0,205,True,DECLARED_OPOINT_NOT_RUNTIME_REACHABILITY
unity,205,Assets/NTSD/Config/specialattack/poison.dat,382,0,205,True,DECLARED_OPOINT_NOT_RUNTIME_REACHABILITY
unity,205,Assets/NTSD/Config/specialattack/poison.dat,383,0,205,True,DECLARED_OPOINT_NOT_RUNTIME_REACHABILITY
unity,205,Assets/NTSD/Config/specialattack/poison.dat,385,0,205,True,DECLARED_OPOINT_NOT_RUNTIME_REACHABILITY
unity,205,Assets/NTSD/Config/specialattack/poison.dat,392,0,407,True,DECLARED_OPOINT_NOT_RUNTIME_REACHABILITY
unity,206,Assets/NTSD/Config/specialattack/clay_bird2.dat,8,0,206,True,DECLARED_OPOINT_NOT_RUNTIME_REACHABILITY
unity,206,Assets/NTSD/Config/specialattack/clay_bird2.dat,11,0,211,True,DECLARED_OPOINT_NOT_RUNTIME_REACHABILITY
unity,206,Assets/NTSD/Config/specialattack/clay_bird2.dat,61,0,211,True,DECLARED_OPOINT_NOT_RUNTIME_REACHABILITY
unity,206,Assets/NTSD/Config/specialattack/clay_bird2.dat,82,0,206,True,DECLARED_OPOINT_NOT_RUNTIME_REACHABILITY
unity,206,Assets/NTSD/Config/specialattack/clay_bird2.dat,85,0,206,True,DECLARED_OPOINT_NOT_RUNTIME_REACHABILITY
unity,206,Assets/NTSD/Config/specialattack/clay_bird2.dat,87,0,515,True,DECLARED_OPOINT_NOT_RUNTIME_REACHABILITY
unity,206,Assets/NTSD/Config/specialattack/clay_bird2.dat,88,0,515,True,DECLARED_OPOINT_NOT_RUNTIME_REACHABILITY
unity,206,Assets/NTSD/Config/specialattack/clay_bird2.dat,89,0,515,True,DECLARED_OPOINT_NOT_RUNTIME_REACHABILITY
unity,206,Assets/NTSD/Config/specialattack/clay_bird2.dat,90,0,515,True,DECLARED_OPOINT_NOT_RUNTIME_REACHABILITY
unity,206,Assets/NTSD/Config/specialattack/clay_bird2.dat,91,0,515,True,DECLARED_OPOINT_NOT_RUNTIME_REACHABILITY
unity,206,Assets/NTSD/Config/specialattack/clay_bird2.dat,92,0,515,True,DECLARED_OPOINT_NOT_RUNTIME_REACHABILITY
unity,206,Assets/NTSD/Config/specialattack/clay_bird2.dat,102,0,206,True,DECLARED_OPOINT_NOT_RUNTIME_REACHABILITY
unity,206,Assets/NTSD/Config/specialattack/clay_bird2.dat,117,0,206,True,DECLARED_OPOINT_NOT_RUNTIME_REACHABILITY
unity,206,Assets/NTSD/Config/specialattack/clay_bird2.dat,118,0,206,True,DECLARED_OPOINT_NOT_RUNTIME_REACHABILITY
unity,206,Assets/NTSD/Config/specialattack/clay_bird2.dat,119,0,206,True,DECLARED_OPOINT_NOT_RUNTIME_REACHABILITY
unity,206,Assets/NTSD/Config/specialattack/clay_bird2.dat,125,0,206,True,DECLARED_OPOINT_NOT_RUNTIME_REACHABILITY
unity,206,Assets/NTSD/Config/specialattack/clay_bird2.dat,127,0,206,True,DECLARED_OPOINT_NOT_RUNTIME_REACHABILITY
unity,206,Assets/NTSD/Config/specialattack/clay_bird2.dat,128,0,206,True,DECLARED_OPOINT_NOT_RUNTIME_REACHABILITY
unity,206,Assets/NTSD/Config/specialattack/clay_bird2.dat,136,0,221,True,DECLARED_OPOINT_NOT_RUNTIME_REACHABILITY
unity,206,Assets/NTSD/Config/specialattack/clay_bird2.dat,137,0,221,True,DECLARED_OPOINT_NOT_RUNTIME_REACHABILITY
unity,206,Assets/NTSD/Config/specialattack/clay_bird2.dat,138,0,221,True,DECLARED_OPOINT_NOT_RUNTIME_REACHABILITY
unity,206,Assets/NTSD/Config/specialattack/clay_bird2.dat,139,0,221,True,DECLARED_OPOINT_NOT_RUNTIME_REACHABILITY
unity,206,Assets/NTSD/Config/specialattack/clay_bird2.dat,140,0,221,True,DECLARED_OPOINT_NOT_RUNTIME_REACHABILITY
unity,206,Assets/NTSD/Config/specialattack/clay_bird2.dat,141,0,221,True,DECLARED_OPOINT_NOT_RUNTIME_REACHABILITY
unity,206,Assets/NTSD/Config/specialattack/clay_bird2.dat,142,0,221,True,DECLARED_OPOINT_NOT_RUNTIME_REACHABILITY
unity,206,Assets/NTSD/Config/specialattack/clay_bird2.dat,143,0,221,True,DECLARED_OPOINT_NOT_RUNTIME_REACHABILITY
unity,206,Assets/NTSD/Config/specialattack/clay_bird2.dat,146,0,39,True,DECLARED_OPOINT_NOT_RUNTIME_REACHABILITY
unity,206,Assets/NTSD/Config/specialattack/clay_bird2.dat,151,0,211,True,DECLARED_OPOINT_NOT_RUNTIME_REACHABILITY
unity,207,Assets/NTSD/Config/specialattack/ink.dat,124,0,207,True,DECLARED_OPOINT_NOT_RUNTIME_REACHABILITY
unity,207,Assets/NTSD/Config/specialattack/ink.dat,125,0,207,True,DECLARED_OPOINT_NOT_RUNTIME_REACHABILITY
unity,207,Assets/NTSD/Config/specialattack/ink.dat,126,0,207,True,DECLARED_OPOINT_NOT_RUNTIME_REACHABILITY
unity,207,Assets/NTSD/Config/specialattack/ink.dat,236,0,9,True,DECLARED_OPOINT_NOT_RUNTIME_REACHABILITY
unity,207,Assets/NTSD/Config/specialattack/ink.dat,237,0,9,True,DECLARED_OPOINT_NOT_RUNTIME_REACHABILITY
unity,207,Assets/NTSD/Config/specialattack/ink.dat,238,0,9,True,DECLARED_OPOINT_NOT_RUNTIME_REACHABILITY
unity,207,Assets/NTSD/Config/specialattack/ink.dat,239,0,9,True,DECLARED_OPOINT_NOT_RUNTIME_REACHABILITY
unity,207,Assets/NTSD/Config/specialattack/ink.dat,240,0,9,True,DECLARED_OPOINT_NOT_RUNTIME_REACHABILITY
unity,207,Assets/NTSD/Config/specialattack/ink.dat,241,0,9,True,DECLARED_OPOINT_NOT_RUNTIME_REACHABILITY
unity,207,Assets/NTSD/Config/specialattack/ink.dat,242,0,9,True,DECLARED_OPOINT_NOT_RUNTIME_REACHABILITY
unity,207,Assets/NTSD/Config/specialattack/ink.dat,243,0,9,True,DECLARED_OPOINT_NOT_RUNTIME_REACHABILITY
unity,207,Assets/NTSD/Config/specialattack/ink.dat,244,1,9,True,DECLARED_OPOINT_NOT_RUNTIME_REACHABILITY
unity,207,Assets/NTSD/Config/specialattack/ink.dat,245,0,9,True,DECLARED_OPOINT_NOT_RUNTIME_REACHABILITY
unity,207,Assets/NTSD/Config/specialattack/ink.dat,246,0,9,True,DECLARED_OPOINT_NOT_RUNTIME_REACHABILITY
unity,207,Assets/NTSD/Config/specialattack/ink.dat,247,0,9,True,DECLARED_OPOINT_NOT_RUNTIME_REACHABILITY
unity,207,Assets/NTSD/Config/specialattack/ink.dat,261,1,203,True,DECLARED_OPOINT_NOT_RUNTIME_REACHABILITY
unity,208,Assets/NTSD/Config/specialattack/sword.dat,11,0,209,True,DECLARED_OPOINT_NOT_RUNTIME_REACHABILITY
unity,208,Assets/NTSD/Config/specialattack/sword.dat,44,0,208,True,DECLARED_OPOINT_NOT_RUNTIME_REACHABILITY
unity,208,Assets/NTSD/Config/specialattack/sword.dat,71,0,208,True,DECLARED_OPOINT_NOT_RUNTIME_REACHABILITY
unity,208,Assets/NTSD/Config/specialattack/sword.dat,73,0,208,True,DECLARED_OPOINT_NOT_RUNTIME_REACHABILITY
unity,208,Assets/NTSD/Config/specialattack/sword.dat,74,0,208,True,DECLARED_OPOINT_NOT_RUNTIME_REACHABILITY
unity,208,Assets/NTSD/Config/specialattack/sword.dat,75,0,208,True,DECLARED_OPOINT_NOT_RUNTIME_REACHABILITY
unity,208,Assets/NTSD/Config/specialattack/sword.dat,77,0,208,True,DECLARED_OPOINT_NOT_RUNTIME_REACHABILITY
unity,208,Assets/NTSD/Config/specialattack/sword.dat,79,0,208,True,DECLARED_OPOINT_NOT_RUNTIME_REACHABILITY
unity,208,Assets/NTSD/Config/specialattack/sword.dat,83,0,208,True,DECLARED_OPOINT_NOT_RUNTIME_REACHABILITY
unity,208,Assets/NTSD/Config/specialattack/sword.dat,91,0,208,True,DECLARED_OPOINT_NOT_RUNTIME_REACHABILITY
unity,208,Assets/NTSD/Config/specialattack/sword.dat,93,0,208,True,DECLARED_OPOINT_NOT_RUNTIME_REACHABILITY
unity,208,Assets/NTSD/Config/specialattack/sword.dat,94,0,208,True,DECLARED_OPOINT_NOT_RUNTIME_REACHABILITY
unity,208,Assets/NTSD/Config/specialattack/sword.dat,95,0,208,True,DECLARED_OPOINT_NOT_RUNTIME_REACHABILITY
unity,208,Assets/NTSD/Config/specialattack/sword.dat,97,0,208,True,DECLARED_OPOINT_NOT_RUNTIME_REACHABILITY
unity,208,Assets/NTSD/Config/specialattack/sword.dat,99,0,208,True,DECLARED_OPOINT_NOT_RUNTIME_REACHABILITY
unity,208,Assets/NTSD/Config/specialattack/sword.dat,103,0,208,True,DECLARED_OPOINT_NOT_RUNTIME_REACHABILITY
unity,208,Assets/NTSD/Config/specialattack/sword.dat,120,0,208,True,DECLARED_OPOINT_NOT_RUNTIME_REACHABILITY
unity,208,Assets/NTSD/Config/specialattack/sword.dat,157,1,208,True,DECLARED_OPOINT_NOT_RUNTIME_REACHABILITY
unity,208,Assets/NTSD/Config/specialattack/sword.dat,158,1,208,True,DECLARED_OPOINT_NOT_RUNTIME_REACHABILITY
unity,208,Assets/NTSD/Config/specialattack/sword.dat,171,1,208,True,DECLARED_OPOINT_NOT_RUNTIME_REACHABILITY
unity,209,Assets/NTSD/Config/specialattack/area.dat,31,0,18,True,DECLARED_OPOINT_NOT_RUNTIME_REACHABILITY
unity,209,Assets/NTSD/Config/specialattack/area.dat,201,0,205,True,DECLARED_OPOINT_NOT_RUNTIME_REACHABILITY
unity,209,Assets/NTSD/Config/specialattack/area.dat,202,0,205,True,DECLARED_OPOINT_NOT_RUNTIME_REACHABILITY
unity,209,Assets/NTSD/Config/specialattack/area.dat,203,0,205,True,DECLARED_OPOINT_NOT_RUNTIME_REACHABILITY
unity,210,Assets/NTSD/Config/specialattack/katon_ball.dat,31,0,210,True,DECLARED_OPOINT_NOT_RUNTIME_REACHABILITY
unity,210,Assets/NTSD/Config/specialattack/katon_ball.dat,61,0,211,True,DECLARED_OPOINT_NOT_RUNTIME_REACHABILITY
unity,210,Assets/NTSD/Config/specialattack/katon_ball.dat,84,0,210,True,DECLARED_OPOINT_NOT_RUNTIME_REACHABILITY
unity,210,Assets/NTSD/Config/specialattack/katon_ball.dat,85,0,210,True,DECLARED_OPOINT_NOT_RUNTIME_REACHABILITY
unity,210,Assets/NTSD/Config/specialattack/katon_ball.dat,86,0,210,True,DECLARED_OPOINT_NOT_RUNTIME_REACHABILITY
unity,211,Assets/NTSD/Config/specialattack/firen_flame.dat,51,0,211,True,DECLARED_OPOINT_NOT_RUNTIME_REACHABILITY
unity,211,Assets/NTSD/Config/specialattack/firen_flame.dat,131,0,211,True,DECLARED_OPOINT_NOT_RUNTIME_REACHABILITY
unity,211,Assets/NTSD/Config/specialattack/firen_flame.dat,133,0,211,True,DECLARED_OPOINT_NOT_RUNTIME_REACHABILITY
unity,211,Assets/NTSD/Config/specialattack/firen_flame.dat,134,0,211,True,DECLARED_OPOINT_NOT_RUNTIME_REACHABILITY
unity,211,Assets/NTSD/Config/specialattack/firen_flame.dat,135,0,211,True,DECLARED_OPOINT_NOT_RUNTIME_REACHABILITY
unity,211,Assets/NTSD/Config/specialattack/firen_flame.dat,137,0,211,True,DECLARED_OPOINT_NOT_RUNTIME_REACHABILITY
unity,211,Assets/NTSD/Config/specialattack/firen_flame.dat,139,0,211,True,DECLARED_OPOINT_NOT_RUNTIME_REACHABILITY
unity,211,Assets/NTSD/Config/specialattack/firen_flame.dat,143,0,211,True,DECLARED_OPOINT_NOT_RUNTIME_REACHABILITY
unity,211,Assets/NTSD/Config/specialattack/firen_flame.dat,172,0,211,True,DECLARED_OPOINT_NOT_RUNTIME_REACHABILITY
unity,211,Assets/NTSD/Config/specialattack/firen_flame.dat,174,0,211,True,DECLARED_OPOINT_NOT_RUNTIME_REACHABILITY
unity,211,Assets/NTSD/Config/specialattack/firen_flame.dat,176,0,211,True,DECLARED_OPOINT_NOT_RUNTIME_REACHABILITY
unity,211,Assets/NTSD/Config/specialattack/firen_flame.dat,177,1,211,True,DECLARED_OPOINT_NOT_RUNTIME_REACHABILITY
unity,212,Assets/NTSD/Config/specialattack/freeze_column.dat,101,0,212,True,DECLARED_OPOINT_NOT_RUNTIME_REACHABILITY
unity,212,Assets/NTSD/Config/specialattack/freeze_column.dat,102,0,212,True,DECLARED_OPOINT_NOT_RUNTIME_REACHABILITY
unity,212,Assets/NTSD/Config/specialattack/freeze_column.dat,103,0,212,True,DECLARED_OPOINT_NOT_RUNTIME_REACHABILITY
unity,212,Assets/NTSD/Config/specialattack/freeze_column.dat,151,0,212,True,DECLARED_OPOINT_NOT_RUNTIME_REACHABILITY
unity,213,Assets/NTSD/Config/specialattack/puppet.dat,14,0,206,True,DECLARED_OPOINT_NOT_RUNTIME_REACHABILITY
unity,213,Assets/NTSD/Config/specialattack/puppet.dat,19,0,222,True,DECLARED_OPOINT_NOT_RUNTIME_REACHABILITY
unity,213,Assets/NTSD/Config/specialattack/puppet.dat,26,0,206,True,DECLARED_OPOINT_NOT_RUNTIME_REACHABILITY
unity,213,Assets/NTSD/Config/specialattack/puppet.dat,61,0,222,True,DECLARED_OPOINT_NOT_RUNTIME_REACHABILITY
unity,213,Assets/NTSD/Config/specialattack/puppet.dat,71,0,222,True,DECLARED_OPOINT_NOT_RUNTIME_REACHABILITY
unity,213,Assets/NTSD/Config/specialattack/puppet.dat,81,1,452,True,DECLARED_OPOINT_NOT_RUNTIME_REACHABILITY
unity,213,Assets/NTSD/Config/specialattack/puppet.dat,99,1,452,True,DECLARED_OPOINT_NOT_RUNTIME_REACHABILITY
unity,213,Assets/NTSD/Config/specialattack/puppet.dat,100,1,120,True,DECLARED_OPOINT_NOT_RUNTIME_REACHABILITY
unity,213,Assets/NTSD/Config/specialattack/puppet.dat,101,1,222,True,DECLARED_OPOINT_NOT_RUNTIME_REACHABILITY
unity,213,Assets/NTSD/Config/specialattack/puppet.dat,399,0,435,True,DECLARED_OPOINT_NOT_RUNTIME_REACHABILITY
unity,214,Assets/NTSD/Config/specialattack/flash.dat,3,0,206,True,DECLARED_OPOINT_NOT_RUNTIME_REACHABILITY
unity,214,Assets/NTSD/Config/specialattack/flash.dat,4,0,206,True,DECLARED_OPOINT_NOT_RUNTIME_REACHABILITY
unity,214,Assets/NTSD/Config/specialattack/flash.dat,5,0,206,True,DECLARED_OPOINT_NOT_RUNTIME_REACHABILITY
unity,214,Assets/NTSD/Config/specialattack/flash.dat,6,0,206,True,DECLARED_OPOINT_NOT_RUNTIME_REACHABILITY
unity,214,Assets/NTSD/Config/specialattack/flash.dat,7,0,206,True,DECLARED_OPOINT_NOT_RUNTIME_REACHABILITY
unity,214,Assets/NTSD/Config/specialattack/flash.dat,9,0,206,True,DECLARED_OPOINT_NOT_RUNTIME_REACHABILITY
unity,214,Assets/NTSD/Config/specialattack/flash.dat,11,0,206,True,DECLARED_OPOINT_NOT_RUNTIME_REACHABILITY
unity,214,Assets/NTSD/Config/specialattack/flash.dat,13,0,206,True,DECLARED_OPOINT_NOT_RUNTIME_REACHABILITY
unity,214,Assets/NTSD/Config/specialattack/flash.dat,15,0,209,True,DECLARED_OPOINT_NOT_RUNTIME_REACHABILITY
unity,215,Assets/NTSD/Config/specialattack/frog.dat,5,0,215,True,DECLARED_OPOINT_NOT_RUNTIME_REACHABILITY
unity,215,Assets/NTSD/Config/specialattack/frog.dat,12,1,204,True,DECLARED_OPOINT_NOT_RUNTIME_REACHABILITY
unity,215,Assets/NTSD/Config/specialattack/frog.dat,13,0,204,True,DECLARED_OPOINT_NOT_RUNTIME_REACHABILITY
unity,215,Assets/NTSD/Config/specialattack/frog.dat,40,0,407,True,DECLARED_OPOINT_NOT_RUNTIME_REACHABILITY
unity,215,Assets/NTSD/Config/specialattack/frog.dat,42,0,211,True,DECLARED_OPOINT_NOT_RUNTIME_REACHABILITY
unity,215,Assets/NTSD/Config/specialattack/frog.dat,44,1,211,True,DECLARED_OPOINT_NOT_RUNTIME_REACHABILITY
unity,215,Assets/NTSD/Config/specialattack/frog.dat,46,1,211,True,DECLARED_OPOINT_NOT_RUNTIME_REACHABILITY
unity,215,Assets/NTSD/Config/specialattack/frog.dat,48,1,211,True,DECLARED_OPOINT_NOT_RUNTIME_REACHABILITY
unity,215,Assets/NTSD/Config/specialattack/frog.dat,71,0,215,True,DECLARED_OPOINT_NOT_RUNTIME_REACHABILITY
unity,215,Assets/NTSD/Config/specialattack/frog.dat,73,0,215,True,DECLARED_OPOINT_NOT_RUNTIME_REACHABILITY
unity,215,Assets/NTSD/Config/specialattack/frog.dat,74,0,215,True,DECLARED_OPOINT_NOT_RUNTIME_REACHABILITY
unity,215,Assets/NTSD/Config/specialattack/frog.dat,75,0,215,True,DECLARED_OPOINT_NOT_RUNTIME_REACHABILITY
unity,215,Assets/NTSD/Config/specialattack/frog.dat,77,0,215,True,DECLARED_OPOINT_NOT_RUNTIME_REACHABILITY
unity,215,Assets/NTSD/Config/specialattack/frog.dat,79,0,215,True,DECLARED_OPOINT_NOT_RUNTIME_REACHABILITY
unity,215,Assets/NTSD/Config/specialattack/frog.dat,83,0,215,True,DECLARED_OPOINT_NOT_RUNTIME_REACHABILITY
unity,215,Assets/NTSD/Config/specialattack/frog.dat,91,1,211,True,DECLARED_OPOINT_NOT_RUNTIME_REACHABILITY
unity,215,Assets/NTSD/Config/specialattack/frog.dat,93,1,211,True,DECLARED_OPOINT_NOT_RUNTIME_REACHABILITY
unity,215,Assets/NTSD/Config/specialattack/frog.dat,95,1,211,True,DECLARED_OPOINT_NOT_RUNTIME_REACHABILITY
unity,215,Assets/NTSD/Config/specialattack/frog.dat,97,1,211,True,DECLARED_OPOINT_NOT_RUNTIME_REACHABILITY
unity,215,Assets/NTSD/Config/specialattack/frog.dat,99,1,211,True,DECLARED_OPOINT_NOT_RUNTIME_REACHABILITY
unity,215,Assets/NTSD/Config/specialattack/frog.dat,101,1,211,True,DECLARED_OPOINT_NOT_RUNTIME_REACHABILITY
unity,215,Assets/NTSD/Config/specialattack/frog.dat,103,1,211,True,DECLARED_OPOINT_NOT_RUNTIME_REACHABILITY
unity,215,Assets/NTSD/Config/specialattack/frog.dat,105,1,211,True,DECLARED_OPOINT_NOT_RUNTIME_REACHABILITY
unity,215,Assets/NTSD/Config/specialattack/frog.dat,107,1,211,True,DECLARED_OPOINT_NOT_RUNTIME_REACHABILITY
unity,215,Assets/NTSD/Config/specialattack/frog.dat,109,1,211,True,DECLARED_OPOINT_NOT_RUNTIME_REACHABILITY
unity,215,Assets/NTSD/Config/specialattack/frog.dat,126,1,211,True,DECLARED_OPOINT_NOT_RUNTIME_REACHABILITY
unity,215,Assets/NTSD/Config/specialattack/frog.dat,128,1,211,True,DECLARED_OPOINT_NOT_RUNTIME_REACHABILITY
unity,215,Assets/NTSD/Config/specialattack/frog.dat,130,1,211,True,DECLARED_OPOINT_NOT_RUNTIME_REACHABILITY
unity,215,Assets/NTSD/Config/specialattack/frog.dat,132,1,211,True,DECLARED_OPOINT_NOT_RUNTIME_REACHABILITY
unity,215,Assets/NTSD/Config/specialattack/frog.dat,134,1,211,True,DECLARED_OPOINT_NOT_RUNTIME_REACHABILITY
unity,216,Assets/NTSD/Config/specialattack/doggy.dat,44,1,216,True,DECLARED_OPOINT_NOT_RUNTIME_REACHABILITY
unity,216,Assets/NTSD/Config/specialattack/doggy.dat,53,0,216,True,DECLARED_OPOINT_NOT_RUNTIME_REACHABILITY
unity,216,Assets/NTSD/Config/specialattack/doggy.dat,84,0,204,True,DECLARED_OPOINT_NOT_RUNTIME_REACHABILITY
unity,216,Assets/NTSD/Config/specialattack/doggy.dat,91,1,216,True,DECLARED_OPOINT_NOT_RUNTIME_REACHABILITY
unity,216,Assets/NTSD/Config/specialattack/doggy.dat,93,0,204,True,DECLARED_OPOINT_NOT_RUNTIME_REACHABILITY
unity,216,Assets/NTSD/Config/specialattack/doggy.dat,98,1,216,True,DECLARED_OPOINT_NOT_RUNTIME_REACHABILITY
unity,216,Assets/NTSD/Config/specialattack/doggy.dat,103,0,204,True,DECLARED_OPOINT_NOT_RUNTIME_REACHABILITY
unity,216,Assets/NTSD/Config/specialattack/doggy.dat,107,1,216,True,DECLARED_OPOINT_NOT_RUNTIME_REACHABILITY
unity,216,Assets/NTSD/Config/specialattack/doggy.dat,113,0,204,True,DECLARED_OPOINT_NOT_RUNTIME_REACHABILITY
unity,216,Assets/NTSD/Config/specialattack/doggy.dat,119,1,230,True,DECLARED_OPOINT_NOT_RUNTIME_REACHABILITY
unity,216,Assets/NTSD/Config/specialattack/doggy.dat,123,0,204,True,DECLARED_OPOINT_NOT_RUNTIME_REACHABILITY
unity,219,Assets/NTSD/Config/specialattack/jan_chaseh.dat,3,0,219,True,DECLARED_OPOINT_NOT_RUNTIME_REACHABILITY
unity,219,Assets/NTSD/Config/specialattack/jan_chaseh.dat,31,0,219,True,DECLARED_OPOINT_NOT_RUNTIME_REACHABILITY
unity,220,Assets/NTSD/Config/specialattack/crow_2.dat,1,0,9,True,DECLARED_OPOINT_NOT_RUNTIME_REACHABILITY
unity,220,Assets/NTSD/Config/specialattack/crow_2.dat,61,0,220,True,DECLARED_OPOINT_NOT_RUNTIME_REACHABILITY
unity,220,Assets/NTSD/Config/specialattack/crow_2.dat,82,0,205,True,DECLARED_OPOINT_NOT_RUNTIME_REACHABILITY
unity,220,Assets/NTSD/Config/specialattack/crow_2.dat,171,0,220,True,DECLARED_OPOINT_NOT_RUNTIME_REACHABILITY
unity,220,Assets/NTSD/Config/specialattack/crow_2.dat,174,0,220,True,DECLARED_OPOINT_NOT_RUNTIME_REACHABILITY
unity,220,Assets/NTSD/Config/specialattack/crow_2.dat,260,0,9,True,DECLARED_OPOINT_NOT_RUNTIME_REACHABILITY
unity,220,Assets/NTSD/Config/specialattack/crow_2.dat,264,1,220,True,DECLARED_OPOINT_NOT_RUNTIME_REACHABILITY
unity,220,Assets/NTSD/Config/specialattack/crow_2.dat,266,1,220,True,DECLARED_OPOINT_NOT_RUNTIME_REACHABILITY
unity,220,Assets/NTSD/Config/specialattack/crow_2.dat,267,1,220,True,DECLARED_OPOINT_NOT_RUNTIME_REACHABILITY
unity,220,Assets/NTSD/Config/specialattack/crow_2.dat,268,1,220,True,DECLARED_OPOINT_NOT_RUNTIME_REACHABILITY
unity,220,Assets/NTSD/Config/specialattack/crow_2.dat,269,1,220,True,DECLARED_OPOINT_NOT_RUNTIME_REACHABILITY
unity,220,Assets/NTSD/Config/specialattack/crow_2.dat,270,1,220,True,DECLARED_OPOINT_NOT_RUNTIME_REACHABILITY
unity,220,Assets/NTSD/Config/specialattack/crow_2.dat,271,1,220,True,DECLARED_OPOINT_NOT_RUNTIME_REACHABILITY
unity,220,Assets/NTSD/Config/specialattack/crow_2.dat,272,1,220,True,DECLARED_OPOINT_NOT_RUNTIME_REACHABILITY
unity,220,Assets/NTSD/Config/specialattack/crow_2.dat,290,1,220,True,DECLARED_OPOINT_NOT_RUNTIME_REACHABILITY
unity,220,Assets/NTSD/Config/specialattack/crow_2.dat,316,0,214,True,DECLARED_OPOINT_NOT_RUNTIME_REACHABILITY
unity,220,Assets/NTSD/Config/specialattack/crow_2.dat,317,0,220,True,DECLARED_OPOINT_NOT_RUNTIME_REACHABILITY
unity,220,Assets/NTSD/Config/specialattack/crow_2.dat,318,0,9,True,DECLARED_OPOINT_NOT_RUNTIME_REACHABILITY
unity,220,Assets/NTSD/Config/specialattack/crow_2.dat,321,1,220,True,DECLARED_OPOINT_NOT_RUNTIME_REACHABILITY
unity,220,Assets/NTSD/Config/specialattack/crow_2.dat,335,0,503,True,DECLARED_OPOINT_NOT_RUNTIME_REACHABILITY
unity,220,Assets/NTSD/Config/specialattack/crow_2.dat,336,0,503,True,DECLARED_OPOINT_NOT_RUNTIME_REACHABILITY
unity,220,Assets/NTSD/Config/specialattack/crow_2.dat,337,0,503,True,DECLARED_OPOINT_NOT_RUNTIME_REACHABILITY
unity,220,Assets/NTSD/Config/specialattack/crow_2.dat,338,0,503,True,DECLARED_OPOINT_NOT_RUNTIME_REACHABILITY
unity,220,Assets/NTSD/Config/specialattack/crow_2.dat,339,0,503,True,DECLARED_OPOINT_NOT_RUNTIME_REACHABILITY
unity,220,Assets/NTSD/Config/specialattack/crow_2.dat,340,0,503,True,DECLARED_OPOINT_NOT_RUNTIME_REACHABILITY
unity,220,Assets/NTSD/Config/specialattack/crow_2.dat,341,0,503,True,DECLARED_OPOINT_NOT_RUNTIME_REACHABILITY
unity,220,Assets/NTSD/Config/specialattack/crow_2.dat,342,0,503,True,DECLARED_OPOINT_NOT_RUNTIME_REACHABILITY
unity,221,Assets/NTSD/Config/specialattack/big_boom.dat,61,0,221,True,DECLARED_OPOINT_NOT_RUNTIME_REACHABILITY
unity,221,Assets/NTSD/Config/specialattack/big_boom.dat,131,0,221,True,DECLARED_OPOINT_NOT_RUNTIME_REACHABILITY
unity,221,Assets/NTSD/Config/specialattack/big_boom.dat,133,0,221,True,DECLARED_OPOINT_NOT_RUNTIME_REACHABILITY
unity,221,Assets/NTSD/Config/specialattack/big_boom.dat,134,0,221,True,DECLARED_OPOINT_NOT_RUNTIME_REACHABILITY
unity,221,Assets/NTSD/Config/specialattack/big_boom.dat,135,0,221,True,DECLARED_OPOINT_NOT_RUNTIME_REACHABILITY
unity,221,Assets/NTSD/Config/specialattack/big_boom.dat,137,0,221,True,DECLARED_OPOINT_NOT_RUNTIME_REACHABILITY
unity,221,Assets/NTSD/Config/specialattack/big_boom.dat,139,0,221,True,DECLARED_OPOINT_NOT_RUNTIME_REACHABILITY
unity,221,Assets/NTSD/Config/specialattack/big_boom.dat,143,0,223,True,DECLARED_OPOINT_NOT_RUNTIME_REACHABILITY
unity,222,Assets/NTSD/Config/specialattack/ironsand.dat,11,0,222,True,DECLARED_OPOINT_NOT_RUNTIME_REACHABILITY
unity,222,Assets/NTSD/Config/specialattack/ironsand.dat,12,0,222,True,DECLARED_OPOINT_NOT_RUNTIME_REACHABILITY
unity,222,Assets/NTSD/Config/specialattack/ironsand.dat,58,0,222,True,DECLARED_OPOINT_NOT_RUNTIME_REACHABILITY
unity,222,Assets/NTSD/Config/specialattack/ironsand.dat,221,0,222,True,DECLARED_OPOINT_NOT_RUNTIME_REACHABILITY
unity,222,Assets/NTSD/Config/specialattack/ironsand.dat,239,0,222,True,DECLARED_OPOINT_NOT_RUNTIME_REACHABILITY
unity,222,Assets/NTSD/Config/specialattack/ironsand.dat,246,0,222,True,DECLARED_OPOINT_NOT_RUNTIME_REACHABILITY
unity,223,Assets/NTSD/Config/specialattack/mega_ex.dat,56,1,229,True,DECLARED_OPOINT_NOT_RUNTIME_REACHABILITY
unity,223,Assets/NTSD/Config/specialattack/mega_ex.dat,57,1,229,True,DECLARED_OPOINT_NOT_RUNTIME_REACHABILITY
unity,223,Assets/NTSD/Config/specialattack/mega_ex.dat,58,1,229,True,DECLARED_OPOINT_NOT_RUNTIME_REACHABILITY
unity,223,Assets/NTSD/Config/specialattack/mega_ex.dat,77,1,224,True,DECLARED_OPOINT_NOT_RUNTIME_REACHABILITY
unity,224,Assets/NTSD/Config/specialattack/snake.dat,31,0,210,True,DECLARED_OPOINT_NOT_RUNTIME_REACHABILITY
unity,224,Assets/NTSD/Config/specialattack/snake.dat,89,1,203,True,DECLARED_OPOINT_NOT_RUNTIME_REACHABILITY
unity,224,Assets/NTSD/Config/specialattack/snake.dat,101,0,204,True,DECLARED_OPOINT_NOT_RUNTIME_REACHABILITY
unity,224,Assets/NTSD/Config/specialattack/snake.dat,102,0,204,True,DECLARED_OPOINT_NOT_RUNTIME_REACHABILITY
unity,224,Assets/NTSD/Config/specialattack/snake.dat,103,0,229,True,DECLARED_OPOINT_NOT_RUNTIME_REACHABILITY
unity,225,Assets/NTSD/Config/specialattack/clay_bird.dat,11,0,211,True,DECLARED_OPOINT_NOT_RUNTIME_REACHABILITY
unity,225,Assets/NTSD/Config/specialattack/clay_bird.dat,31,0,211,True,DECLARED_OPOINT_NOT_RUNTIME_REACHABILITY
unity,226,Assets/NTSD/Config/specialattack/coffin.dat,11,0,440,True,DECLARED_OPOINT_NOT_RUNTIME_REACHABILITY
unity,226,Assets/NTSD/Config/specialattack/coffin.dat,71,0,226,True,DECLARED_OPOINT_NOT_RUNTIME_REACHABILITY
unity,226,Assets/NTSD/Config/specialattack/coffin.dat,73,0,226,True,DECLARED_OPOINT_NOT_RUNTIME_REACHABILITY
unity,226,Assets/NTSD/Config/specialattack/coffin.dat,74,0,226,True,DECLARED_OPOINT_NOT_RUNTIME_REACHABILITY
unity,226,Assets/NTSD/Config/specialattack/coffin.dat,75,0,226,True,DECLARED_OPOINT_NOT_RUNTIME_REACHABILITY
unity,226,Assets/NTSD/Config/specialattack/coffin.dat,77,0,226,True,DECLARED_OPOINT_NOT_RUNTIME_REACHABILITY
unity,226,Assets/NTSD/Config/specialattack/coffin.dat,79,0,226,True,DECLARED_OPOINT_NOT_RUNTIME_REACHABILITY
unity,226,Assets/NTSD/Config/specialattack/coffin.dat,83,0,226,True,DECLARED_OPOINT_NOT_RUNTIME_REACHABILITY
unity,226,Assets/NTSD/Config/specialattack/coffin.dat,86,1,229,True,DECLARED_OPOINT_NOT_RUNTIME_REACHABILITY
unity,226,Assets/NTSD/Config/specialattack/coffin.dat,88,1,229,True,DECLARED_OPOINT_NOT_RUNTIME_REACHABILITY
unity,226,Assets/NTSD/Config/specialattack/coffin.dat,90,1,229,True,DECLARED_OPOINT_NOT_RUNTIME_REACHABILITY
unity,226,Assets/NTSD/Config/specialattack/coffin.dat,96,0,407,True,DECLARED_OPOINT_NOT_RUNTIME_REACHABILITY
unity,226,Assets/NTSD/Config/specialattack/coffin.dat,102,1,204,True,DECLARED_OPOINT_NOT_RUNTIME_REACHABILITY
unity,226,Assets/NTSD/Config/specialattack/coffin.dat,105,1,204,True,DECLARED_OPOINT_NOT_RUNTIME_REACHABILITY
unity,226,Assets/NTSD/Config/specialattack/coffin.dat,108,1,204,True,DECLARED_OPOINT_NOT_RUNTIME_REACHABILITY
unity,226,Assets/NTSD/Config/specialattack/coffin.dat,111,1,204,True,DECLARED_OPOINT_NOT_RUNTIME_REACHABILITY
unity,228,Assets/NTSD/Config/specialattack/bugs.dat,0,0,228,True,DECLARED_OPOINT_NOT_RUNTIME_REACHABILITY
unity,228,Assets/NTSD/Config/specialattack/bugs.dat,1,0,228,True,DECLARED_OPOINT_NOT_RUNTIME_REACHABILITY
unity,228,Assets/NTSD/Config/specialattack/bugs.dat,2,0,228,True,DECLARED_OPOINT_NOT_RUNTIME_REACHABILITY
unity,228,Assets/NTSD/Config/specialattack/bugs.dat,3,0,228,True,DECLARED_OPOINT_NOT_RUNTIME_REACHABILITY
unity,228,Assets/NTSD/Config/specialattack/bugs.dat,5,0,228,True,DECLARED_OPOINT_NOT_RUNTIME_REACHABILITY
unity,228,Assets/NTSD/Config/specialattack/bugs.dat,81,0,203,True,DECLARED_OPOINT_NOT_RUNTIME_REACHABILITY
unity,228,Assets/NTSD/Config/specialattack/bugs.dat,86,0,203,True,DECLARED_OPOINT_NOT_RUNTIME_REACHABILITY
unity,228,Assets/NTSD/Config/specialattack/bugs.dat,96,0,203,True,DECLARED_OPOINT_NOT_RUNTIME_REACHABILITY
unity,228,Assets/NTSD/Config/specialattack/bugs.dat,105,1,228,True,DECLARED_OPOINT_NOT_RUNTIME_REACHABILITY
unity,228,Assets/NTSD/Config/specialattack/bugs.dat,106,1,228,True,DECLARED_OPOINT_NOT_RUNTIME_REACHABILITY
unity,228,Assets/NTSD/Config/specialattack/bugs.dat,107,1,228,True,DECLARED_OPOINT_NOT_RUNTIME_REACHABILITY
unity,228,Assets/NTSD/Config/specialattack/bugs.dat,108,1,228,True,DECLARED_OPOINT_NOT_RUNTIME_REACHABILITY
unity,228,Assets/NTSD/Config/specialattack/bugs.dat,115,1,228,True,DECLARED_OPOINT_NOT_RUNTIME_REACHABILITY
unity,228,Assets/NTSD/Config/specialattack/bugs.dat,116,1,228,True,DECLARED_OPOINT_NOT_RUNTIME_REACHABILITY
unity,228,Assets/NTSD/Config/specialattack/bugs.dat,117,1,228,True,DECLARED_OPOINT_NOT_RUNTIME_REACHABILITY
unity,229,Assets/NTSD/Config/specialattack/rasenshuriken.dat,46,1,229,True,DECLARED_OPOINT_NOT_RUNTIME_REACHABILITY
unity,229,Assets/NTSD/Config/specialattack/rasenshuriken.dat,48,1,229,True,DECLARED_OPOINT_NOT_RUNTIME_REACHABILITY
unity,229,Assets/NTSD/Config/specialattack/rasenshuriken.dat,124,0,229,True,DECLARED_OPOINT_NOT_RUNTIME_REACHABILITY
unity,229,Assets/NTSD/Config/specialattack/rasenshuriken.dat,159,0,204,True,DECLARED_OPOINT_NOT_RUNTIME_REACHABILITY
unity,229,Assets/NTSD/Config/specialattack/rasenshuriken.dat,160,0,204,True,DECLARED_OPOINT_NOT_RUNTIME_REACHABILITY
unity,229,Assets/NTSD/Config/specialattack/rasenshuriken.dat,161,0,229,True,DECLARED_OPOINT_NOT_RUNTIME_REACHABILITY
unity,229,Assets/NTSD/Config/specialattack/rasenshuriken.dat,162,0,407,True,DECLARED_OPOINT_NOT_RUNTIME_REACHABILITY
unity,229,Assets/NTSD/Config/specialattack/rasenshuriken.dat,165,0,229,True,DECLARED_OPOINT_NOT_RUNTIME_REACHABILITY
unity,229,Assets/NTSD/Config/specialattack/rasenshuriken.dat,166,0,229,True,DECLARED_OPOINT_NOT_RUNTIME_REACHABILITY
unity,231,Assets/NTSD/Config/specialattack/sanshouo.dat,6,1,407,True,DECLARED_OPOINT_NOT_RUNTIME_REACHABILITY
unity,231,Assets/NTSD/Config/specialattack/sanshouo.dat,12,1,211,True,DECLARED_OPOINT_NOT_RUNTIME_REACHABILITY
unity,231,Assets/NTSD/Config/specialattack/sanshouo.dat,13,1,211,True,DECLARED_OPOINT_NOT_RUNTIME_REACHABILITY
unity,231,Assets/NTSD/Config/specialattack/sanshouo.dat,49,0,407,True,DECLARED_OPOINT_NOT_RUNTIME_REACHABILITY
unity,231,Assets/NTSD/Config/specialattack/sanshouo.dat,57,0,407,True,DECLARED_OPOINT_NOT_RUNTIME_REACHABILITY
unity,235,Assets/NTSD/Config/specialattack/criminal2.dat,131,0,124,True,DECLARED_OPOINT_NOT_RUNTIME_REACHABILITY
unity,401,Assets/NTSD/Config/specialattack/summon.dat,21,0,222,True,DECLARED_OPOINT_NOT_RUNTIME_REACHABILITY
unity,401,Assets/NTSD/Config/specialattack/summon.dat,51,0,407,True,DECLARED_OPOINT_NOT_RUNTIME_REACHABILITY
unity,401,Assets/NTSD/Config/specialattack/summon.dat,57,0,222,True,DECLARED_OPOINT_NOT_RUNTIME_REACHABILITY
unity,401,Assets/NTSD/Config/specialattack/summon.dat,58,0,401,True,DECLARED_OPOINT_NOT_RUNTIME_REACHABILITY
unity,401,Assets/NTSD/Config/specialattack/summon.dat,59,0,401,True,DECLARED_OPOINT_NOT_RUNTIME_REACHABILITY
unity,401,Assets/NTSD/Config/specialattack/summon.dat,79,0,407,True,DECLARED_OPOINT_NOT_RUNTIME_REACHABILITY
unity,400,Assets/NTSD/Config/specialattack/dragon.dat,0,0,400,True,DECLARED_OPOINT_NOT_RUNTIME_REACHABILITY
unity,400,Assets/NTSD/Config/specialattack/dragon.dat,1,0,400,True,DECLARED_OPOINT_NOT_RUNTIME_REACHABILITY
unity,400,Assets/NTSD/Config/specialattack/dragon.dat,2,0,400,True,DECLARED_OPOINT_NOT_RUNTIME_REACHABILITY
unity,400,Assets/NTSD/Config/specialattack/dragon.dat,3,0,400,True,DECLARED_OPOINT_NOT_RUNTIME_REACHABILITY
unity,400,Assets/NTSD/Config/specialattack/dragon.dat,5,0,400,True,DECLARED_OPOINT_NOT_RUNTIME_REACHABILITY
unity,417,Assets/NTSD/Config/specialattack/tree.dat,68,1,417,True,DECLARED_OPOINT_NOT_RUNTIME_REACHABILITY
unity,417,Assets/NTSD/Config/specialattack/tree.dat,69,1,417,True,DECLARED_OPOINT_NOT_RUNTIME_REACHABILITY
unity,417,Assets/NTSD/Config/specialattack/tree.dat,70,1,417,True,DECLARED_OPOINT_NOT_RUNTIME_REACHABILITY
unity,417,Assets/NTSD/Config/specialattack/tree.dat,71,1,417,True,DECLARED_OPOINT_NOT_RUNTIME_REACHABILITY
unity,417,Assets/NTSD/Config/specialattack/tree.dat,91,0,417,True,DECLARED_OPOINT_NOT_RUNTIME_REACHABILITY
unity,417,Assets/NTSD/Config/specialattack/tree.dat,93,0,417,True,DECLARED_OPOINT_NOT_RUNTIME_REACHABILITY
unity,417,Assets/NTSD/Config/specialattack/tree.dat,94,0,417,True,DECLARED_OPOINT_NOT_RUNTIME_REACHABILITY
unity,417,Assets/NTSD/Config/specialattack/tree.dat,95,0,417,True,DECLARED_OPOINT_NOT_RUNTIME_REACHABILITY
unity,417,Assets/NTSD/Config/specialattack/tree.dat,97,0,417,True,DECLARED_OPOINT_NOT_RUNTIME_REACHABILITY
unity,417,Assets/NTSD/Config/specialattack/tree.dat,99,0,417,True,DECLARED_OPOINT_NOT_RUNTIME_REACHABILITY
unity,417,Assets/NTSD/Config/specialattack/tree.dat,103,0,417,True,DECLARED_OPOINT_NOT_RUNTIME_REACHABILITY
unity,407,Assets/NTSD/Config/specialattack/clay_worm.dat,11,0,211,True,DECLARED_OPOINT_NOT_RUNTIME_REACHABILITY
unity,407,Assets/NTSD/Config/specialattack/clay_worm.dat,21,0,211,True,DECLARED_OPOINT_NOT_RUNTIME_REACHABILITY
unity,407,Assets/NTSD/Config/specialattack/clay_worm.dat,31,0,211,True,DECLARED_OPOINT_NOT_RUNTIME_REACHABILITY
unity,407,Assets/NTSD/Config/specialattack/clay_worm.dat,43,0,407,True,DECLARED_OPOINT_NOT_RUNTIME_REACHABILITY
unity,407,Assets/NTSD/Config/specialattack/clay_worm.dat,48,0,407,True,DECLARED_OPOINT_NOT_RUNTIME_REACHABILITY
unity,407,Assets/NTSD/Config/specialattack/clay_worm.dat,52,0,216,True,DECLARED_OPOINT_NOT_RUNTIME_REACHABILITY
unity,407,Assets/NTSD/Config/specialattack/clay_worm.dat,61,1,203,True,DECLARED_OPOINT_NOT_RUNTIME_REACHABILITY
unity,408,Assets/NTSD/Config/specialattack/katon_big.dat,0,1,211,True,DECLARED_OPOINT_NOT_RUNTIME_REACHABILITY
unity,408,Assets/NTSD/Config/specialattack/katon_big.dat,1,1,208,True,DECLARED_OPOINT_NOT_RUNTIME_REACHABILITY
unity,408,Assets/NTSD/Config/specialattack/katon_big.dat,2,1,211,True,DECLARED_OPOINT_NOT_RUNTIME_REACHABILITY
unity,408,Assets/NTSD/Config/specialattack/katon_big.dat,3,1,208,True,DECLARED_OPOINT_NOT_RUNTIME_REACHABILITY
unity,408,Assets/NTSD/Config/specialattack/katon_big.dat,4,1,211,True,DECLARED_OPOINT_NOT_RUNTIME_REACHABILITY
unity,408,Assets/NTSD/Config/specialattack/katon_big.dat,5,1,211,True,DECLARED_OPOINT_NOT_RUNTIME_REACHABILITY
unity,408,Assets/NTSD/Config/specialattack/katon_big.dat,6,1,229,True,DECLARED_OPOINT_NOT_RUNTIME_REACHABILITY
unity,408,Assets/NTSD/Config/specialattack/katon_big.dat,7,1,211,True,DECLARED_OPOINT_NOT_RUNTIME_REACHABILITY
unity,408,Assets/NTSD/Config/specialattack/katon_big.dat,8,1,229,True,DECLARED_OPOINT_NOT_RUNTIME_REACHABILITY
unity,408,Assets/NTSD/Config/specialattack/katon_big.dat,9,1,211,True,DECLARED_OPOINT_NOT_RUNTIME_REACHABILITY
unity,408,Assets/NTSD/Config/specialattack/katon_big.dat,11,0,211,True,DECLARED_OPOINT_NOT_RUNTIME_REACHABILITY
unity,408,Assets/NTSD/Config/specialattack/katon_big.dat,21,0,211,True,DECLARED_OPOINT_NOT_RUNTIME_REACHABILITY
unity,408,Assets/NTSD/Config/specialattack/katon_big.dat,31,0,211,True,DECLARED_OPOINT_NOT_RUNTIME_REACHABILITY
unity,408,Assets/NTSD/Config/specialattack/katon_big.dat,35,0,211,True,DECLARED_OPOINT_NOT_RUNTIME_REACHABILITY
unity,408,Assets/NTSD/Config/specialattack/katon_big.dat,36,0,211,True,DECLARED_OPOINT_NOT_RUNTIME_REACHABILITY
unity,408,Assets/NTSD/Config/specialattack/katon_big.dat,59,1,229,True,DECLARED_OPOINT_NOT_RUNTIME_REACHABILITY
unity,408,Assets/NTSD/Config/specialattack/katon_big.dat,60,1,229,True,DECLARED_OPOINT_NOT_RUNTIME_REACHABILITY
unity,410,Assets/NTSD/Config/specialattack/sand_shield.dat,36,0,410,True,DECLARED_OPOINT_NOT_RUNTIME_REACHABILITY
unity,411,Assets/NTSD/Config/specialattack/sand.dat,11,0,410,True,DECLARED_OPOINT_NOT_RUNTIME_REACHABILITY
unity,411,Assets/NTSD/Config/specialattack/sand.dat,21,0,410,True,DECLARED_OPOINT_NOT_RUNTIME_REACHABILITY
unity,411,Assets/NTSD/Config/specialattack/sand.dat,31,0,410,True,DECLARED_OPOINT_NOT_RUNTIME_REACHABILITY
unity,411,Assets/NTSD/Config/specialattack/sand.dat,40,0,411,True,DECLARED_OPOINT_NOT_RUNTIME_REACHABILITY
unity,411,Assets/NTSD/Config/specialattack/sand.dat,41,0,411,True,DECLARED_OPOINT_NOT_RUNTIME_REACHABILITY
unity,411,Assets/NTSD/Config/specialattack/sand.dat,42,0,411,True,DECLARED_OPOINT_NOT_RUNTIME_REACHABILITY
unity,411,Assets/NTSD/Config/specialattack/sand.dat,43,0,411,True,DECLARED_OPOINT_NOT_RUNTIME_REACHABILITY
unity,411,Assets/NTSD/Config/specialattack/sand.dat,44,0,411,True,DECLARED_OPOINT_NOT_RUNTIME_REACHABILITY
unity,411,Assets/NTSD/Config/specialattack/sand.dat,46,0,411,True,DECLARED_OPOINT_NOT_RUNTIME_REACHABILITY
unity,412,Assets/NTSD/Config/specialattack/sand_2.dat,11,0,410,True,DECLARED_OPOINT_NOT_RUNTIME_REACHABILITY
unity,412,Assets/NTSD/Config/specialattack/sand_2.dat,21,0,410,True,DECLARED_OPOINT_NOT_RUNTIME_REACHABILITY
unity,412,Assets/NTSD/Config/specialattack/sand_2.dat,31,0,410,True,DECLARED_OPOINT_NOT_RUNTIME_REACHABILITY
unity,412,Assets/NTSD/Config/specialattack/sand_2.dat,41,0,412,True,DECLARED_OPOINT_NOT_RUNTIME_REACHABILITY
unity,412,Assets/NTSD/Config/specialattack/sand_2.dat,43,0,412,True,DECLARED_OPOINT_NOT_RUNTIME_REACHABILITY
unity,412,Assets/NTSD/Config/specialattack/sand_2.dat,44,0,412,True,DECLARED_OPOINT_NOT_RUNTIME_REACHABILITY
unity,412,Assets/NTSD/Config/specialattack/sand_2.dat,45,0,412,True,DECLARED_OPOINT_NOT_RUNTIME_REACHABILITY
unity,412,Assets/NTSD/Config/specialattack/sand_2.dat,47,0,412,True,DECLARED_OPOINT_NOT_RUNTIME_REACHABILITY
unity,412,Assets/NTSD/Config/specialattack/sand_2.dat,49,0,412,True,DECLARED_OPOINT_NOT_RUNTIME_REACHABILITY
unity,412,Assets/NTSD/Config/specialattack/sand_2.dat,53,0,412,True,DECLARED_OPOINT_NOT_RUNTIME_REACHABILITY
unity,412,Assets/NTSD/Config/specialattack/sand_2.dat,63,1,412,True,DECLARED_OPOINT_NOT_RUNTIME_REACHABILITY
unity,412,Assets/NTSD/Config/specialattack/sand_2.dat,71,0,412,True,DECLARED_OPOINT_NOT_RUNTIME_REACHABILITY
unity,412,Assets/NTSD/Config/specialattack/sand_2.dat,73,0,412,True,DECLARED_OPOINT_NOT_RUNTIME_REACHABILITY
unity,412,Assets/NTSD/Config/specialattack/sand_2.dat,74,0,412,True,DECLARED_OPOINT_NOT_RUNTIME_REACHABILITY
unity,412,Assets/NTSD/Config/specialattack/sand_2.dat,75,0,412,True,DECLARED_OPOINT_NOT_RUNTIME_REACHABILITY
unity,412,Assets/NTSD/Config/specialattack/sand_2.dat,77,0,412,True,DECLARED_OPOINT_NOT_RUNTIME_REACHABILITY
unity,412,Assets/NTSD/Config/specialattack/sand_2.dat,79,0,412,True,DECLARED_OPOINT_NOT_RUNTIME_REACHABILITY
unity,412,Assets/NTSD/Config/specialattack/sand_2.dat,83,0,412,True,DECLARED_OPOINT_NOT_RUNTIME_REACHABILITY
unity,412,Assets/NTSD/Config/specialattack/sand_2.dat,91,0,412,True,DECLARED_OPOINT_NOT_RUNTIME_REACHABILITY
unity,412,Assets/NTSD/Config/specialattack/sand_2.dat,93,0,412,True,DECLARED_OPOINT_NOT_RUNTIME_REACHABILITY
unity,412,Assets/NTSD/Config/specialattack/sand_2.dat,94,0,412,True,DECLARED_OPOINT_NOT_RUNTIME_REACHABILITY
unity,412,Assets/NTSD/Config/specialattack/sand_2.dat,95,0,412,True,DECLARED_OPOINT_NOT_RUNTIME_REACHABILITY
unity,412,Assets/NTSD/Config/specialattack/sand_2.dat,97,0,412,True,DECLARED_OPOINT_NOT_RUNTIME_REACHABILITY
unity,412,Assets/NTSD/Config/specialattack/sand_2.dat,99,0,412,True,DECLARED_OPOINT_NOT_RUNTIME_REACHABILITY
unity,412,Assets/NTSD/Config/specialattack/sand_2.dat,103,0,205,True,DECLARED_OPOINT_NOT_RUNTIME_REACHABILITY
unity,413,Assets/NTSD/Config/specialattack/sand_blast.dat,11,0,410,True,DECLARED_OPOINT_NOT_RUNTIME_REACHABILITY
unity,413,Assets/NTSD/Config/specialattack/sand_blast.dat,21,0,410,True,DECLARED_OPOINT_NOT_RUNTIME_REACHABILITY
unity,413,Assets/NTSD/Config/specialattack/sand_blast.dat,31,0,410,True,DECLARED_OPOINT_NOT_RUNTIME_REACHABILITY
unity,416,Assets/NTSD/Config/specialattack/water.dat,1,0,416,True,DECLARED_OPOINT_NOT_RUNTIME_REACHABILITY
unity,416,Assets/NTSD/Config/specialattack/water.dat,2,0,410,True,DECLARED_OPOINT_NOT_RUNTIME_REACHABILITY
unity,416,Assets/NTSD/Config/specialattack/water.dat,11,0,416,True,DECLARED_OPOINT_NOT_RUNTIME_REACHABILITY
unity,416,Assets/NTSD/Config/specialattack/water.dat,13,1,416,True,DECLARED_OPOINT_NOT_RUNTIME_REACHABILITY
unity,416,Assets/NTSD/Config/specialattack/water.dat,21,0,416,True,DECLARED_OPOINT_NOT_RUNTIME_REACHABILITY
unity,416,Assets/NTSD/Config/specialattack/water.dat,23,0,416,True,DECLARED_OPOINT_NOT_RUNTIME_REACHABILITY
unity,416,Assets/NTSD/Config/specialattack/water.dat,82,0,410,True,DECLARED_OPOINT_NOT_RUNTIME_REACHABILITY
unity,416,Assets/NTSD/Config/specialattack/water.dat,85,0,416,True,DECLARED_OPOINT_NOT_RUNTIME_REACHABILITY
unity,416,Assets/NTSD/Config/specialattack/water.dat,86,0,416,True,DECLARED_OPOINT_NOT_RUNTIME_REACHABILITY
unity,416,Assets/NTSD/Config/specialattack/water.dat,87,0,416,True,DECLARED_OPOINT_NOT_RUNTIME_REACHABILITY
unity,416,Assets/NTSD/Config/specialattack/water.dat,88,0,416,True,DECLARED_OPOINT_NOT_RUNTIME_REACHABILITY
unity,416,Assets/NTSD/Config/specialattack/water.dat,94,0,416,True,DECLARED_OPOINT_NOT_RUNTIME_REACHABILITY
unity,416,Assets/NTSD/Config/specialattack/water.dat,95,0,416,True,DECLARED_OPOINT_NOT_RUNTIME_REACHABILITY
unity,416,Assets/NTSD/Config/specialattack/water.dat,96,0,416,True,DECLARED_OPOINT_NOT_RUNTIME_REACHABILITY
unity,416,Assets/NTSD/Config/specialattack/water.dat,97,0,416,True,DECLARED_OPOINT_NOT_RUNTIME_REACHABILITY
unity,416,Assets/NTSD/Config/specialattack/water.dat,98,0,416,True,DECLARED_OPOINT_NOT_RUNTIME_REACHABILITY
unity,416,Assets/NTSD/Config/specialattack/water.dat,99,0,416,True,DECLARED_OPOINT_NOT_RUNTIME_REACHABILITY
unity,416,Assets/NTSD/Config/specialattack/water.dat,101,0,416,True,DECLARED_OPOINT_NOT_RUNTIME_REACHABILITY
unity,418,Assets/NTSD/Config/specialattack/mother_puppet.dat,99,0,204,True,DECLARED_OPOINT_NOT_RUNTIME_REACHABILITY
unity,418,Assets/NTSD/Config/specialattack/mother_puppet.dat,158,0,204,True,DECLARED_OPOINT_NOT_RUNTIME_REACHABILITY
unity,418,Assets/NTSD/Config/specialattack/mother_puppet.dat,151,0,204,True,DECLARED_OPOINT_NOT_RUNTIME_REACHABILITY
unity,419,Assets/NTSD/Config/specialattack/chiyo_kunais.dat,0,5,419,True,DECLARED_OPOINT_NOT_RUNTIME_REACHABILITY
unity,419,Assets/NTSD/Config/specialattack/chiyo_kunais.dat,11,0,120,True,DECLARED_OPOINT_NOT_RUNTIME_REACHABILITY
unity,419,Assets/NTSD/Config/specialattack/chiyo_kunais.dat,21,0,120,True,DECLARED_OPOINT_NOT_RUNTIME_REACHABILITY
unity,419,Assets/NTSD/Config/specialattack/chiyo_kunais.dat,31,0,120,True,DECLARED_OPOINT_NOT_RUNTIME_REACHABILITY
unity,419,Assets/NTSD/Config/specialattack/chiyo_kunais.dat,32,1,419,True,DECLARED_OPOINT_NOT_RUNTIME_REACHABILITY
unity,419,Assets/NTSD/Config/specialattack/chiyo_kunais.dat,33,1,419,True,DECLARED_OPOINT_NOT_RUNTIME_REACHABILITY
unity,419,Assets/NTSD/Config/specialattack/chiyo_kunais.dat,34,1,419,True,DECLARED_OPOINT_NOT_RUNTIME_REACHABILITY
unity,419,Assets/NTSD/Config/specialattack/chiyo_kunais.dat,35,1,419,True,DECLARED_OPOINT_NOT_RUNTIME_REACHABILITY
unity,419,Assets/NTSD/Config/specialattack/chiyo_kunais.dat,36,1,419,True,DECLARED_OPOINT_NOT_RUNTIME_REACHABILITY
unity,419,Assets/NTSD/Config/specialattack/chiyo_kunais.dat,37,1,419,True,DECLARED_OPOINT_NOT_RUNTIME_REACHABILITY
unity,419,Assets/NTSD/Config/specialattack/chiyo_kunais.dat,38,1,419,True,DECLARED_OPOINT_NOT_RUNTIME_REACHABILITY
unity,419,Assets/NTSD/Config/specialattack/chiyo_kunais.dat,49,1,208,True,DECLARED_OPOINT_NOT_RUNTIME_REACHABILITY
unity,419,Assets/NTSD/Config/specialattack/chiyo_kunais.dat,52,0,419,True,DECLARED_OPOINT_NOT_RUNTIME_REACHABILITY
unity,419,Assets/NTSD/Config/specialattack/chiyo_kunais.dat,53,0,419,True,DECLARED_OPOINT_NOT_RUNTIME_REACHABILITY
unity,419,Assets/NTSD/Config/specialattack/chiyo_kunais.dat,54,0,120,True,DECLARED_OPOINT_NOT_RUNTIME_REACHABILITY
unity,419,Assets/NTSD/Config/specialattack/chiyo_kunais.dat,55,0,121,True,DECLARED_OPOINT_NOT_RUNTIME_REACHABILITY
unity,419,Assets/NTSD/Config/specialattack/chiyo_kunais.dat,56,0,120,True,DECLARED_OPOINT_NOT_RUNTIME_REACHABILITY
unity,419,Assets/NTSD/Config/specialattack/chiyo_kunais.dat,57,0,121,True,DECLARED_OPOINT_NOT_RUNTIME_REACHABILITY
unity,419,Assets/NTSD/Config/specialattack/chiyo_kunais.dat,60,0,419,True,DECLARED_OPOINT_NOT_RUNTIME_REACHABILITY
unity,419,Assets/NTSD/Config/specialattack/chiyo_kunais.dat,61,0,419,True,DECLARED_OPOINT_NOT_RUNTIME_REACHABILITY
unity,419,Assets/NTSD/Config/specialattack/chiyo_kunais.dat,62,0,419,True,DECLARED_OPOINT_NOT_RUNTIME_REACHABILITY
unity,419,Assets/NTSD/Config/specialattack/chiyo_kunais.dat,63,0,419,True,DECLARED_OPOINT_NOT_RUNTIME_REACHABILITY
unity,419,Assets/NTSD/Config/specialattack/chiyo_kunais.dat,64,0,419,True,DECLARED_OPOINT_NOT_RUNTIME_REACHABILITY
unity,419,Assets/NTSD/Config/specialattack/chiyo_kunais.dat,65,0,419,True,DECLARED_OPOINT_NOT_RUNTIME_REACHABILITY
unity,419,Assets/NTSD/Config/specialattack/chiyo_kunais.dat,74,1,229,True,DECLARED_OPOINT_NOT_RUNTIME_REACHABILITY
unity,419,Assets/NTSD/Config/specialattack/chiyo_kunais.dat,75,0,419,True,DECLARED_OPOINT_NOT_RUNTIME_REACHABILITY
unity,419,Assets/NTSD/Config/specialattack/chiyo_kunais.dat,76,0,419,True,DECLARED_OPOINT_NOT_RUNTIME_REACHABILITY
unity,419,Assets/NTSD/Config/specialattack/chiyo_kunais.dat,77,0,419,True,DECLARED_OPOINT_NOT_RUNTIME_REACHABILITY
unity,419,Assets/NTSD/Config/specialattack/chiyo_kunais.dat,78,0,419,True,DECLARED_OPOINT_NOT_RUNTIME_REACHABILITY
unity,420,Assets/NTSD/Config/specialattack/father_puppet.dat,99,0,204,True,DECLARED_OPOINT_NOT_RUNTIME_REACHABILITY
unity,420,Assets/NTSD/Config/specialattack/father_puppet.dat,141,1,419,True,DECLARED_OPOINT_NOT_RUNTIME_REACHABILITY
unity,420,Assets/NTSD/Config/specialattack/father_puppet.dat,158,0,204,True,DECLARED_OPOINT_NOT_RUNTIME_REACHABILITY
unity,420,Assets/NTSD/Config/specialattack/father_puppet.dat,151,0,204,True,DECLARED_OPOINT_NOT_RUNTIME_REACHABILITY
unity,421,Assets/NTSD/Config/specialattack/bugs2.dat,66,0,203,True,DECLARED_OPOINT_NOT_RUNTIME_REACHABILITY
unity,421,Assets/NTSD/Config/specialattack/bugs2.dat,72,0,421,True,DECLARED_OPOINT_NOT_RUNTIME_REACHABILITY
unity,421,Assets/NTSD/Config/specialattack/bugs2.dat,75,1,203,True,DECLARED_OPOINT_NOT_RUNTIME_REACHABILITY
unity,421,Assets/NTSD/Config/specialattack/bugs2.dat,76,1,421,True,DECLARED_OPOINT_NOT_RUNTIME_REACHABILITY
unity,421,Assets/NTSD/Config/specialattack/bugs2.dat,77,1,421,True,DECLARED_OPOINT_NOT_RUNTIME_REACHABILITY
unity,421,Assets/NTSD/Config/specialattack/bugs2.dat,78,1,421,True,DECLARED_OPOINT_NOT_RUNTIME_REACHABILITY
unity,421,Assets/NTSD/Config/specialattack/bugs2.dat,86,1,203,True,DECLARED_OPOINT_NOT_RUNTIME_REACHABILITY
unity,421,Assets/NTSD/Config/specialattack/bugs2.dat,98,0,421,True,DECLARED_OPOINT_NOT_RUNTIME_REACHABILITY
unity,421,Assets/NTSD/Config/specialattack/bugs2.dat,99,0,421,True,DECLARED_OPOINT_NOT_RUNTIME_REACHABILITY
unity,422,Assets/NTSD/Config/chars/ex_ball.dat,60,0,211,True,DECLARED_OPOINT_NOT_RUNTIME_REACHABILITY
unity,422,Assets/NTSD/Config/chars/ex_ball.dat,61,0,211,True,DECLARED_OPOINT_NOT_RUNTIME_REACHABILITY
unity,422,Assets/NTSD/Config/chars/ex_ball.dat,62,0,211,True,DECLARED_OPOINT_NOT_RUNTIME_REACHABILITY
unity,422,Assets/NTSD/Config/chars/ex_ball.dat,63,0,211,True,DECLARED_OPOINT_NOT_RUNTIME_REACHABILITY
unity,422,Assets/NTSD/Config/chars/ex_ball.dat,64,0,211,True,DECLARED_OPOINT_NOT_RUNTIME_REACHABILITY
unity,422,Assets/NTSD/Config/chars/ex_ball.dat,70,0,211,True,DECLARED_OPOINT_NOT_RUNTIME_REACHABILITY
unity,422,Assets/NTSD/Config/chars/ex_ball.dat,71,0,211,True,DECLARED_OPOINT_NOT_RUNTIME_REACHABILITY
unity,422,Assets/NTSD/Config/chars/ex_ball.dat,72,0,211,True,DECLARED_OPOINT_NOT_RUNTIME_REACHABILITY
unity,433,Assets/NTSD/Config/specialattack/itachi_kunai.dat,11,0,9,True,DECLARED_OPOINT_NOT_RUNTIME_REACHABILITY
unity,433,Assets/NTSD/Config/specialattack/itachi_kunai.dat,13,0,9,True,DECLARED_OPOINT_NOT_RUNTIME_REACHABILITY
unity,433,Assets/NTSD/Config/specialattack/itachi_kunai.dat,61,0,433,True,DECLARED_OPOINT_NOT_RUNTIME_REACHABILITY
unity,433,Assets/NTSD/Config/specialattack/itachi_kunai.dat,104,0,205,True,DECLARED_OPOINT_NOT_RUNTIME_REACHABILITY
unity,434,Assets/NTSD/Config/effect/rasengan_ball.dat,20,2,203,True,DECLARED_OPOINT_NOT_RUNTIME_REACHABILITY
unity,434,Assets/NTSD/Config/effect/rasengan_ball.dat,21,2,203,True,DECLARED_OPOINT_NOT_RUNTIME_REACHABILITY
unity,434,Assets/NTSD/Config/effect/rasengan_ball.dat,22,2,203,True,DECLARED_OPOINT_NOT_RUNTIME_REACHABILITY
unity,434,Assets/NTSD/Config/effect/rasengan_ball.dat,23,2,203,True,DECLARED_OPOINT_NOT_RUNTIME_REACHABILITY
unity,434,Assets/NTSD/Config/effect/rasengan_ball.dat,24,2,203,True,DECLARED_OPOINT_NOT_RUNTIME_REACHABILITY
unity,434,Assets/NTSD/Config/effect/rasengan_ball.dat,25,2,203,True,DECLARED_OPOINT_NOT_RUNTIME_REACHABILITY
unity,434,Assets/NTSD/Config/effect/rasengan_ball.dat,26,2,203,True,DECLARED_OPOINT_NOT_RUNTIME_REACHABILITY
unity,434,Assets/NTSD/Config/effect/rasengan_ball.dat,27,2,203,True,DECLARED_OPOINT_NOT_RUNTIME_REACHABILITY
unity,434,Assets/NTSD/Config/effect/rasengan_ball.dat,28,2,203,True,DECLARED_OPOINT_NOT_RUNTIME_REACHABILITY
unity,434,Assets/NTSD/Config/effect/rasengan_ball.dat,29,2,203,True,DECLARED_OPOINT_NOT_RUNTIME_REACHABILITY
unity,434,Assets/NTSD/Config/effect/rasengan_ball.dat,30,2,203,True,DECLARED_OPOINT_NOT_RUNTIME_REACHABILITY
unity,434,Assets/NTSD/Config/effect/rasengan_ball.dat,31,2,203,True,DECLARED_OPOINT_NOT_RUNTIME_REACHABILITY
unity,434,Assets/NTSD/Config/effect/rasengan_ball.dat,32,2,203,True,DECLARED_OPOINT_NOT_RUNTIME_REACHABILITY
unity,434,Assets/NTSD/Config/effect/rasengan_ball.dat,33,2,203,True,DECLARED_OPOINT_NOT_RUNTIME_REACHABILITY
unity,434,Assets/NTSD/Config/effect/rasengan_ball.dat,34,2,203,True,DECLARED_OPOINT_NOT_RUNTIME_REACHABILITY
unity,434,Assets/NTSD/Config/effect/rasengan_ball.dat,35,2,203,True,DECLARED_OPOINT_NOT_RUNTIME_REACHABILITY
unity,434,Assets/NTSD/Config/effect/rasengan_ball.dat,36,2,203,True,DECLARED_OPOINT_NOT_RUNTIME_REACHABILITY
unity,434,Assets/NTSD/Config/effect/rasengan_ball.dat,100,0,434,True,DECLARED_OPOINT_NOT_RUNTIME_REACHABILITY
unity,435,Assets/NTSD/Config/specialattack/drunken.dat,6,1,229,True,DECLARED_OPOINT_NOT_RUNTIME_REACHABILITY
unity,435,Assets/NTSD/Config/specialattack/drunken.dat,7,1,211,True,DECLARED_OPOINT_NOT_RUNTIME_REACHABILITY
unity,435,Assets/NTSD/Config/specialattack/drunken.dat,8,1,229,True,DECLARED_OPOINT_NOT_RUNTIME_REACHABILITY
unity,435,Assets/NTSD/Config/specialattack/drunken.dat,9,1,211,True,DECLARED_OPOINT_NOT_RUNTIME_REACHABILITY
unity,435,Assets/NTSD/Config/specialattack/drunken.dat,55,0,200,True,DECLARED_OPOINT_NOT_RUNTIME_REACHABILITY
unity,435,Assets/NTSD/Config/specialattack/drunken.dat,88,0,412,True,DECLARED_OPOINT_NOT_RUNTIME_REACHABILITY
unity,435,Assets/NTSD/Config/specialattack/drunken.dat,89,0,412,True,DECLARED_OPOINT_NOT_RUNTIME_REACHABILITY
unity,435,Assets/NTSD/Config/specialattack/drunken.dat,91,0,435,True,DECLARED_OPOINT_NOT_RUNTIME_REACHABILITY
unity,435,Assets/NTSD/Config/specialattack/drunken.dat,93,0,435,True,DECLARED_OPOINT_NOT_RUNTIME_REACHABILITY
unity,435,Assets/NTSD/Config/specialattack/drunken.dat,94,0,435,True,DECLARED_OPOINT_NOT_RUNTIME_REACHABILITY
unity,435,Assets/NTSD/Config/specialattack/drunken.dat,95,0,435,True,DECLARED_OPOINT_NOT_RUNTIME_REACHABILITY
unity,435,Assets/NTSD/Config/specialattack/drunken.dat,97,0,435,True,DECLARED_OPOINT_NOT_RUNTIME_REACHABILITY
unity,435,Assets/NTSD/Config/specialattack/drunken.dat,99,0,435,True,DECLARED_OPOINT_NOT_RUNTIME_REACHABILITY
unity,435,Assets/NTSD/Config/specialattack/drunken.dat,103,0,462,True,DECLARED_OPOINT_NOT_RUNTIME_REACHABILITY
unity,435,Assets/NTSD/Config/specialattack/drunken.dat,112,1,214,True,DECLARED_OPOINT_NOT_RUNTIME_REACHABILITY
unity,437,Assets/NTSD/Config/effect/chakra.dat,20,2,203,True,DECLARED_OPOINT_NOT_RUNTIME_REACHABILITY
unity,437,Assets/NTSD/Config/effect/chakra.dat,21,2,203,True,DECLARED_OPOINT_NOT_RUNTIME_REACHABILITY
unity,437,Assets/NTSD/Config/effect/chakra.dat,22,2,203,True,DECLARED_OPOINT_NOT_RUNTIME_REACHABILITY
unity,437,Assets/NTSD/Config/effect/chakra.dat,23,2,203,True,DECLARED_OPOINT_NOT_RUNTIME_REACHABILITY
unity,437,Assets/NTSD/Config/effect/chakra.dat,24,2,203,True,DECLARED_OPOINT_NOT_RUNTIME_REACHABILITY
unity,437,Assets/NTSD/Config/effect/chakra.dat,25,2,203,True,DECLARED_OPOINT_NOT_RUNTIME_REACHABILITY
unity,437,Assets/NTSD/Config/effect/chakra.dat,26,2,203,True,DECLARED_OPOINT_NOT_RUNTIME_REACHABILITY
unity,437,Assets/NTSD/Config/effect/chakra.dat,27,2,203,True,DECLARED_OPOINT_NOT_RUNTIME_REACHABILITY
unity,437,Assets/NTSD/Config/effect/chakra.dat,28,2,203,True,DECLARED_OPOINT_NOT_RUNTIME_REACHABILITY
unity,437,Assets/NTSD/Config/effect/chakra.dat,29,2,203,True,DECLARED_OPOINT_NOT_RUNTIME_REACHABILITY
unity,437,Assets/NTSD/Config/effect/chakra.dat,30,2,203,True,DECLARED_OPOINT_NOT_RUNTIME_REACHABILITY
unity,437,Assets/NTSD/Config/effect/chakra.dat,31,2,203,True,DECLARED_OPOINT_NOT_RUNTIME_REACHABILITY
unity,437,Assets/NTSD/Config/effect/chakra.dat,32,2,203,True,DECLARED_OPOINT_NOT_RUNTIME_REACHABILITY
unity,437,Assets/NTSD/Config/effect/chakra.dat,33,2,203,True,DECLARED_OPOINT_NOT_RUNTIME_REACHABILITY
unity,437,Assets/NTSD/Config/effect/chakra.dat,34,2,203,True,DECLARED_OPOINT_NOT_RUNTIME_REACHABILITY
unity,437,Assets/NTSD/Config/effect/chakra.dat,35,2,203,True,DECLARED_OPOINT_NOT_RUNTIME_REACHABILITY
unity,437,Assets/NTSD/Config/effect/chakra.dat,36,2,203,True,DECLARED_OPOINT_NOT_RUNTIME_REACHABILITY
unity,437,Assets/NTSD/Config/effect/chakra.dat,100,0,23,True,DECLARED_OPOINT_NOT_RUNTIME_REACHABILITY
unity,438,Assets/NTSD/Config/specialattack/spider.dat,11,0,205,True,DECLARED_OPOINT_NOT_RUNTIME_REACHABILITY
unity,438,Assets/NTSD/Config/specialattack/spider.dat,266,0,204,True,DECLARED_OPOINT_NOT_RUNTIME_REACHABILITY
unity,438,Assets/NTSD/Config/specialattack/spider.dat,268,1,401,True,DECLARED_OPOINT_NOT_RUNTIME_REACHABILITY
unity,438,Assets/NTSD/Config/specialattack/spider.dat,276,0,204,True,DECLARED_OPOINT_NOT_RUNTIME_REACHABILITY
unity,438,Assets/NTSD/Config/specialattack/spider.dat,281,0,204,True,DECLARED_OPOINT_NOT_RUNTIME_REACHABILITY
unity,439,Assets/NTSD/Config/specialattack/monster.dat,11,0,205,True,DECLARED_OPOINT_NOT_RUNTIME_REACHABILITY
unity,439,Assets/NTSD/Config/specialattack/monster.dat,46,0,439,True,DECLARED_OPOINT_NOT_RUNTIME_REACHABILITY
unity,439,Assets/NTSD/Config/specialattack/monster.dat,49,1,229,True,DECLARED_OPOINT_NOT_RUNTIME_REACHABILITY
unity,439,Assets/NTSD/Config/specialattack/monster.dat,51,0,439,True,DECLARED_OPOINT_NOT_RUNTIME_REACHABILITY
unity,439,Assets/NTSD/Config/specialattack/monster.dat,56,0,439,True,DECLARED_OPOINT_NOT_RUNTIME_REACHABILITY
unity,439,Assets/NTSD/Config/specialattack/monster.dat,61,0,439,True,DECLARED_OPOINT_NOT_RUNTIME_REACHABILITY
unity,439,Assets/NTSD/Config/specialattack/monster.dat,67,0,229,True,DECLARED_OPOINT_NOT_RUNTIME_REACHABILITY
unity,439,Assets/NTSD/Config/specialattack/monster.dat,71,0,439,True,DECLARED_OPOINT_NOT_RUNTIME_REACHABILITY
unity,440,Assets/NTSD/Config/specialattack/chidori.dat,31,0,407,True,DECLARED_OPOINT_NOT_RUNTIME_REACHABILITY
unity,440,Assets/NTSD/Config/specialattack/chidori.dat,102,1,440,True,DECLARED_OPOINT_NOT_RUNTIME_REACHABILITY
unity,440,Assets/NTSD/Config/specialattack/chidori.dat,115,0,440,True,DECLARED_OPOINT_NOT_RUNTIME_REACHABILITY
unity,441,Assets/NTSD/Config/specialattack/wood.dat,101,0,229,True,DECLARED_OPOINT_NOT_RUNTIME_REACHABILITY
unity,441,Assets/NTSD/Config/specialattack/wood.dat,104,0,229,True,DECLARED_OPOINT_NOT_RUNTIME_REACHABILITY
unity,441,Assets/NTSD/Config/specialattack/wood.dat,107,0,229,True,DECLARED_OPOINT_NOT_RUNTIME_REACHABILITY
unity,441,Assets/NTSD/Config/specialattack/wood.dat,131,0,441,True,DECLARED_OPOINT_NOT_RUNTIME_REACHABILITY
unity,441,Assets/NTSD/Config/specialattack/wood.dat,133,0,441,True,DECLARED_OPOINT_NOT_RUNTIME_REACHABILITY
unity,441,Assets/NTSD/Config/specialattack/wood.dat,134,0,441,True,DECLARED_OPOINT_NOT_RUNTIME_REACHABILITY
unity,441,Assets/NTSD/Config/specialattack/wood.dat,135,0,441,True,DECLARED_OPOINT_NOT_RUNTIME_REACHABILITY
unity,441,Assets/NTSD/Config/specialattack/wood.dat,137,0,441,True,DECLARED_OPOINT_NOT_RUNTIME_REACHABILITY
unity,441,Assets/NTSD/Config/specialattack/wood.dat,139,0,441,True,DECLARED_OPOINT_NOT_RUNTIME_REACHABILITY
unity,441,Assets/NTSD/Config/specialattack/wood.dat,143,0,441,True,DECLARED_OPOINT_NOT_RUNTIME_REACHABILITY
unity,442,Assets/NTSD/Config/effect/gate.dat,60,0,209,True,DECLARED_OPOINT_NOT_RUNTIME_REACHABILITY
unity,442,Assets/NTSD/Config/effect/gate.dat,61,0,209,True,DECLARED_OPOINT_NOT_RUNTIME_REACHABILITY
unity,442,Assets/NTSD/Config/effect/gate.dat,70,0,209,True,DECLARED_OPOINT_NOT_RUNTIME_REACHABILITY
unity,442,Assets/NTSD/Config/effect/gate.dat,71,0,209,True,DECLARED_OPOINT_NOT_RUNTIME_REACHABILITY
unity,442,Assets/NTSD/Config/effect/gate.dat,72,0,209,True,DECLARED_OPOINT_NOT_RUNTIME_REACHABILITY
unity,444,Assets/NTSD/Config/effect/byakugan.dat,20,2,203,True,DECLARED_OPOINT_NOT_RUNTIME_REACHABILITY
unity,444,Assets/NTSD/Config/effect/byakugan.dat,21,1,209,True,DECLARED_OPOINT_NOT_RUNTIME_REACHABILITY
unity,444,Assets/NTSD/Config/effect/byakugan.dat,22,1,209,True,DECLARED_OPOINT_NOT_RUNTIME_REACHABILITY
unity,444,Assets/NTSD/Config/effect/byakugan.dat,23,1,209,True,DECLARED_OPOINT_NOT_RUNTIME_REACHABILITY
unity,444,Assets/NTSD/Config/effect/byakugan.dat,24,1,209,True,DECLARED_OPOINT_NOT_RUNTIME_REACHABILITY
unity,444,Assets/NTSD/Config/effect/byakugan.dat,25,1,209,True,DECLARED_OPOINT_NOT_RUNTIME_REACHABILITY
unity,444,Assets/NTSD/Config/effect/byakugan.dat,26,1,209,True,DECLARED_OPOINT_NOT_RUNTIME_REACHABILITY
unity,444,Assets/NTSD/Config/effect/byakugan.dat,27,1,209,True,DECLARED_OPOINT_NOT_RUNTIME_REACHABILITY
unity,444,Assets/NTSD/Config/effect/byakugan.dat,28,1,209,True,DECLARED_OPOINT_NOT_RUNTIME_REACHABILITY
unity,444,Assets/NTSD/Config/effect/byakugan.dat,29,1,209,True,DECLARED_OPOINT_NOT_RUNTIME_REACHABILITY
unity,444,Assets/NTSD/Config/effect/byakugan.dat,30,1,209,True,DECLARED_OPOINT_NOT_RUNTIME_REACHABILITY
unity,444,Assets/NTSD/Config/effect/byakugan.dat,31,1,209,True,DECLARED_OPOINT_NOT_RUNTIME_REACHABILITY
unity,444,Assets/NTSD/Config/effect/byakugan.dat,32,1,209,True,DECLARED_OPOINT_NOT_RUNTIME_REACHABILITY
unity,444,Assets/NTSD/Config/effect/byakugan.dat,33,1,209,True,DECLARED_OPOINT_NOT_RUNTIME_REACHABILITY
unity,444,Assets/NTSD/Config/effect/byakugan.dat,34,1,209,True,DECLARED_OPOINT_NOT_RUNTIME_REACHABILITY
unity,444,Assets/NTSD/Config/effect/byakugan.dat,35,1,209,True,DECLARED_OPOINT_NOT_RUNTIME_REACHABILITY
unity,444,Assets/NTSD/Config/effect/byakugan.dat,36,1,209,True,DECLARED_OPOINT_NOT_RUNTIME_REACHABILITY
unity,444,Assets/NTSD/Config/effect/byakugan.dat,100,1,444,True,DECLARED_OPOINT_NOT_RUNTIME_REACHABILITY
unity,444,Assets/NTSD/Config/effect/byakugan.dat,105,1,209,True,DECLARED_OPOINT_NOT_RUNTIME_REACHABILITY
unity,445,Assets/NTSD/Config/effect/shield.dat,60,0,441,True,DECLARED_OPOINT_NOT_RUNTIME_REACHABILITY
unity,445,Assets/NTSD/Config/effect/shield.dat,61,0,441,True,DECLARED_OPOINT_NOT_RUNTIME_REACHABILITY
unity,445,Assets/NTSD/Config/effect/shield.dat,70,0,441,True,DECLARED_OPOINT_NOT_RUNTIME_REACHABILITY
unity,445,Assets/NTSD/Config/effect/shield.dat,71,0,441,True,DECLARED_OPOINT_NOT_RUNTIME_REACHABILITY
unity,445,Assets/NTSD/Config/effect/shield.dat,72,0,441,True,DECLARED_OPOINT_NOT_RUNTIME_REACHABILITY
unity,446,Assets/NTSD/Config/specialattack/4TK_ball.dat,101,1,204,True,DECLARED_OPOINT_NOT_RUNTIME_REACHABILITY
unity,446,Assets/NTSD/Config/specialattack/4TK_ball.dat,123,1,446,True,DECLARED_OPOINT_NOT_RUNTIME_REACHABILITY
unity,446,Assets/NTSD/Config/specialattack/4TK_ball.dat,126,1,446,True,DECLARED_OPOINT_NOT_RUNTIME_REACHABILITY
unity,446,Assets/NTSD/Config/specialattack/4TK_ball.dat,131,1,446,True,DECLARED_OPOINT_NOT_RUNTIME_REACHABILITY
unity,446,Assets/NTSD/Config/specialattack/4TK_ball.dat,136,1,446,True,DECLARED_OPOINT_NOT_RUNTIME_REACHABILITY
unity,446,Assets/NTSD/Config/specialattack/4TK_ball.dat,167,0,446,True,DECLARED_OPOINT_NOT_RUNTIME_REACHABILITY
unity,446,Assets/NTSD/Config/specialattack/4TK_ball.dat,170,0,208,True,DECLARED_OPOINT_NOT_RUNTIME_REACHABILITY
unity,446,Assets/NTSD/Config/specialattack/4TK_ball.dat,191,0,446,True,DECLARED_OPOINT_NOT_RUNTIME_REACHABILITY
unity,446,Assets/NTSD/Config/specialattack/4TK_ball.dat,215,1,446,True,DECLARED_OPOINT_NOT_RUNTIME_REACHABILITY
unity,446,Assets/NTSD/Config/specialattack/4TK_ball.dat,216,1,446,True,DECLARED_OPOINT_NOT_RUNTIME_REACHABILITY
unity,446,Assets/NTSD/Config/specialattack/4TK_ball.dat,218,1,220,True,DECLARED_OPOINT_NOT_RUNTIME_REACHABILITY
unity,446,Assets/NTSD/Config/specialattack/4TK_ball.dat,222,0,56,True,DECLARED_OPOINT_NOT_RUNTIME_REACHABILITY
unity,446,Assets/NTSD/Config/specialattack/4TK_ball.dat,233,2,220,True,DECLARED_OPOINT_NOT_RUNTIME_REACHABILITY
unity,447,Assets/NTSD/Config/effect/die.dat,0,0,446,True,DECLARED_OPOINT_NOT_RUNTIME_REACHABILITY
unity,447,Assets/NTSD/Config/effect/die.dat,1,0,446,True,DECLARED_OPOINT_NOT_RUNTIME_REACHABILITY
unity,447,Assets/NTSD/Config/effect/die.dat,2,0,446,True,DECLARED_OPOINT_NOT_RUNTIME_REACHABILITY
unity,447,Assets/NTSD/Config/effect/die.dat,3,0,446,True,DECLARED_OPOINT_NOT_RUNTIME_REACHABILITY
unity,447,Assets/NTSD/Config/effect/die.dat,4,0,446,True,DECLARED_OPOINT_NOT_RUNTIME_REACHABILITY
unity,447,Assets/NTSD/Config/effect/die.dat,5,0,446,True,DECLARED_OPOINT_NOT_RUNTIME_REACHABILITY
unity,447,Assets/NTSD/Config/effect/die.dat,6,0,446,True,DECLARED_OPOINT_NOT_RUNTIME_REACHABILITY
unity,447,Assets/NTSD/Config/effect/die.dat,7,0,446,True,DECLARED_OPOINT_NOT_RUNTIME_REACHABILITY
unity,447,Assets/NTSD/Config/effect/die.dat,8,0,446,True,DECLARED_OPOINT_NOT_RUNTIME_REACHABILITY
unity,447,Assets/NTSD/Config/effect/die.dat,9,0,446,True,DECLARED_OPOINT_NOT_RUNTIME_REACHABILITY
unity,447,Assets/NTSD/Config/effect/die.dat,10,0,446,True,DECLARED_OPOINT_NOT_RUNTIME_REACHABILITY
unity,447,Assets/NTSD/Config/effect/die.dat,11,0,446,True,DECLARED_OPOINT_NOT_RUNTIME_REACHABILITY
unity,447,Assets/NTSD/Config/effect/die.dat,12,0,446,True,DECLARED_OPOINT_NOT_RUNTIME_REACHABILITY
unity,447,Assets/NTSD/Config/effect/die.dat,13,0,446,True,DECLARED_OPOINT_NOT_RUNTIME_REACHABILITY
unity,447,Assets/NTSD/Config/effect/die.dat,14,0,446,True,DECLARED_OPOINT_NOT_RUNTIME_REACHABILITY
unity,447,Assets/NTSD/Config/effect/die.dat,15,0,446,True,DECLARED_OPOINT_NOT_RUNTIME_REACHABILITY
unity,447,Assets/NTSD/Config/effect/die.dat,60,0,446,True,DECLARED_OPOINT_NOT_RUNTIME_REACHABILITY
unity,447,Assets/NTSD/Config/effect/die.dat,61,0,446,True,DECLARED_OPOINT_NOT_RUNTIME_REACHABILITY
unity,447,Assets/NTSD/Config/effect/die.dat,62,0,446,True,DECLARED_OPOINT_NOT_RUNTIME_REACHABILITY
unity,447,Assets/NTSD/Config/effect/die.dat,63,0,446,True,DECLARED_OPOINT_NOT_RUNTIME_REACHABILITY
unity,447,Assets/NTSD/Config/effect/die.dat,64,0,446,True,DECLARED_OPOINT_NOT_RUNTIME_REACHABILITY
unity,447,Assets/NTSD/Config/effect/die.dat,70,0,446,True,DECLARED_OPOINT_NOT_RUNTIME_REACHABILITY
unity,447,Assets/NTSD/Config/effect/die.dat,71,0,446,True,DECLARED_OPOINT_NOT_RUNTIME_REACHABILITY
unity,447,Assets/NTSD/Config/effect/die.dat,72,0,446,True,DECLARED_OPOINT_NOT_RUNTIME_REACHABILITY
unity,448,Assets/NTSD/Config/effect/flash_weap.dat,46,0,206,True,DECLARED_OPOINT_NOT_RUNTIME_REACHABILITY
unity,448,Assets/NTSD/Config/effect/flash_weap.dat,47,0,448,True,DECLARED_OPOINT_NOT_RUNTIME_REACHABILITY
unity,448,Assets/NTSD/Config/effect/flash_weap.dat,48,0,448,True,DECLARED_OPOINT_NOT_RUNTIME_REACHABILITY
unity,448,Assets/NTSD/Config/effect/flash_weap.dat,49,0,448,True,DECLARED_OPOINT_NOT_RUNTIME_REACHABILITY
unity,448,Assets/NTSD/Config/effect/flash_weap.dat,50,0,448,True,DECLARED_OPOINT_NOT_RUNTIME_REACHABILITY
unity,448,Assets/NTSD/Config/effect/flash_weap.dat,51,0,448,True,DECLARED_OPOINT_NOT_RUNTIME_REACHABILITY
unity,448,Assets/NTSD/Config/effect/flash_weap.dat,52,0,448,True,DECLARED_OPOINT_NOT_RUNTIME_REACHABILITY
unity,448,Assets/NTSD/Config/effect/flash_weap.dat,53,0,448,True,DECLARED_OPOINT_NOT_RUNTIME_REACHABILITY
unity,448,Assets/NTSD/Config/effect/flash_weap.dat,54,0,448,True,DECLARED_OPOINT_NOT_RUNTIME_REACHABILITY
unity,448,Assets/NTSD/Config/effect/flash_weap.dat,55,0,448,True,DECLARED_OPOINT_NOT_RUNTIME_REACHABILITY
unity,448,Assets/NTSD/Config/effect/flash_weap.dat,56,0,448,True,DECLARED_OPOINT_NOT_RUNTIME_REACHABILITY
unity,448,Assets/NTSD/Config/effect/flash_weap.dat,57,0,448,True,DECLARED_OPOINT_NOT_RUNTIME_REACHABILITY
unity,448,Assets/NTSD/Config/effect/flash_weap.dat,58,0,448,True,DECLARED_OPOINT_NOT_RUNTIME_REACHABILITY
unity,448,Assets/NTSD/Config/effect/flash_weap.dat,60,0,433,True,DECLARED_OPOINT_NOT_RUNTIME_REACHABILITY
unity,448,Assets/NTSD/Config/effect/flash_weap.dat,61,0,433,True,DECLARED_OPOINT_NOT_RUNTIME_REACHABILITY
unity,448,Assets/NTSD/Config/effect/flash_weap.dat,62,0,433,True,DECLARED_OPOINT_NOT_RUNTIME_REACHABILITY
unity,448,Assets/NTSD/Config/effect/flash_weap.dat,63,0,433,True,DECLARED_OPOINT_NOT_RUNTIME_REACHABILITY
unity,448,Assets/NTSD/Config/effect/flash_weap.dat,64,0,433,True,DECLARED_OPOINT_NOT_RUNTIME_REACHABILITY
unity,448,Assets/NTSD/Config/effect/flash_weap.dat,70,0,433,True,DECLARED_OPOINT_NOT_RUNTIME_REACHABILITY
unity,448,Assets/NTSD/Config/effect/flash_weap.dat,71,0,433,True,DECLARED_OPOINT_NOT_RUNTIME_REACHABILITY
unity,448,Assets/NTSD/Config/effect/flash_weap.dat,72,0,433,True,DECLARED_OPOINT_NOT_RUNTIME_REACHABILITY
unity,448,Assets/NTSD/Config/effect/flash_weap.dat,100,0,433,True,DECLARED_OPOINT_NOT_RUNTIME_REACHABILITY
unity,450,Assets/NTSD/Config/specialattack/air_creature.dat,0,1,30,True,DECLARED_OPOINT_NOT_RUNTIME_REACHABILITY
unity,450,Assets/NTSD/Config/specialattack/air_creature.dat,1,1,30,True,DECLARED_OPOINT_NOT_RUNTIME_REACHABILITY
unity,450,Assets/NTSD/Config/specialattack/air_creature.dat,2,1,450,True,DECLARED_OPOINT_NOT_RUNTIME_REACHABILITY
unity,450,Assets/NTSD/Config/specialattack/air_creature.dat,11,0,450,True,DECLARED_OPOINT_NOT_RUNTIME_REACHABILITY
unity,450,Assets/NTSD/Config/specialattack/air_creature.dat,15,2,30,True,DECLARED_OPOINT_NOT_RUNTIME_REACHABILITY
unity,450,Assets/NTSD/Config/specialattack/air_creature.dat,16,2,30,True,DECLARED_OPOINT_NOT_RUNTIME_REACHABILITY
unity,450,Assets/NTSD/Config/specialattack/air_creature.dat,17,2,30,True,DECLARED_OPOINT_NOT_RUNTIME_REACHABILITY
unity,450,Assets/NTSD/Config/specialattack/air_creature.dat,18,2,30,True,DECLARED_OPOINT_NOT_RUNTIME_REACHABILITY
unity,450,Assets/NTSD/Config/specialattack/air_creature.dat,19,2,30,True,DECLARED_OPOINT_NOT_RUNTIME_REACHABILITY
unity,450,Assets/NTSD/Config/specialattack/air_creature.dat,56,2,203,True,DECLARED_OPOINT_NOT_RUNTIME_REACHABILITY
unity,450,Assets/NTSD/Config/specialattack/air_creature.dat,66,0,446,True,DECLARED_OPOINT_NOT_RUNTIME_REACHABILITY
unity,450,Assets/NTSD/Config/specialattack/air_creature.dat,82,0,57,True,DECLARED_OPOINT_NOT_RUNTIME_REACHABILITY
unity,450,Assets/NTSD/Config/specialattack/air_creature.dat,86,0,450,True,DECLARED_OPOINT_NOT_RUNTIME_REACHABILITY
unity,450,Assets/NTSD/Config/specialattack/air_creature.dat,87,0,450,True,DECLARED_OPOINT_NOT_RUNTIME_REACHABILITY
unity,450,Assets/NTSD/Config/specialattack/air_creature.dat,88,0,450,True,DECLARED_OPOINT_NOT_RUNTIME_REACHABILITY
unity,450,Assets/NTSD/Config/specialattack/air_creature.dat,89,0,450,True,DECLARED_OPOINT_NOT_RUNTIME_REACHABILITY
unity,450,Assets/NTSD/Config/specialattack/air_creature.dat,90,0,450,True,DECLARED_OPOINT_NOT_RUNTIME_REACHABILITY
unity,450,Assets/NTSD/Config/specialattack/air_creature.dat,91,2,450,True,DECLARED_OPOINT_NOT_RUNTIME_REACHABILITY
unity,450,Assets/NTSD/Config/specialattack/air_creature.dat,92,2,450,True,DECLARED_OPOINT_NOT_RUNTIME_REACHABILITY
unity,451,Assets/NTSD/Config/specialattack/thunder_creature.dat,11,0,407,True,DECLARED_OPOINT_NOT_RUNTIME_REACHABILITY
unity,451,Assets/NTSD/Config/specialattack/thunder_creature.dat,65,1,30,True,DECLARED_OPOINT_NOT_RUNTIME_REACHABILITY
unity,451,Assets/NTSD/Config/specialattack/thunder_creature.dat,66,1,30,True,DECLARED_OPOINT_NOT_RUNTIME_REACHABILITY
unity,451,Assets/NTSD/Config/specialattack/thunder_creature.dat,67,2,30,True,DECLARED_OPOINT_NOT_RUNTIME_REACHABILITY
unity,451,Assets/NTSD/Config/specialattack/thunder_creature.dat,68,1,450,True,DECLARED_OPOINT_NOT_RUNTIME_REACHABILITY
unity,451,Assets/NTSD/Config/specialattack/thunder_creature.dat,71,0,446,True,DECLARED_OPOINT_NOT_RUNTIME_REACHABILITY
unity,451,Assets/NTSD/Config/specialattack/thunder_creature.dat,82,0,57,True,DECLARED_OPOINT_NOT_RUNTIME_REACHABILITY
unity,451,Assets/NTSD/Config/specialattack/thunder_creature.dat,109,0,450,True,DECLARED_OPOINT_NOT_RUNTIME_REACHABILITY
unity,452,Assets/NTSD/Config/specialattack/fire_creature.dat,11,0,211,True,DECLARED_OPOINT_NOT_RUNTIME_REACHABILITY
unity,452,Assets/NTSD/Config/specialattack/fire_creature.dat,12,0,211,True,DECLARED_OPOINT_NOT_RUNTIME_REACHABILITY
unity,452,Assets/NTSD/Config/specialattack/fire_creature.dat,65,2,30,True,DECLARED_OPOINT_NOT_RUNTIME_REACHABILITY
unity,452,Assets/NTSD/Config/specialattack/fire_creature.dat,66,2,30,True,DECLARED_OPOINT_NOT_RUNTIME_REACHABILITY
unity,452,Assets/NTSD/Config/specialattack/fire_creature.dat,67,3,30,True,DECLARED_OPOINT_NOT_RUNTIME_REACHABILITY
unity,452,Assets/NTSD/Config/specialattack/fire_creature.dat,68,3,30,True,DECLARED_OPOINT_NOT_RUNTIME_REACHABILITY
unity,452,Assets/NTSD/Config/specialattack/fire_creature.dat,69,3,450,True,DECLARED_OPOINT_NOT_RUNTIME_REACHABILITY
unity,452,Assets/NTSD/Config/specialattack/fire_creature.dat,71,0,446,True,DECLARED_OPOINT_NOT_RUNTIME_REACHABILITY
unity,452,Assets/NTSD/Config/specialattack/fire_creature.dat,82,0,57,True,DECLARED_OPOINT_NOT_RUNTIME_REACHABILITY
unity,452,Assets/NTSD/Config/specialattack/fire_creature.dat,95,0,452,True,DECLARED_OPOINT_NOT_RUNTIME_REACHABILITY
unity,452,Assets/NTSD/Config/specialattack/fire_creature.dat,96,0,452,True,DECLARED_OPOINT_NOT_RUNTIME_REACHABILITY
unity,452,Assets/NTSD/Config/specialattack/fire_creature.dat,97,0,452,True,DECLARED_OPOINT_NOT_RUNTIME_REACHABILITY
unity,452,Assets/NTSD/Config/specialattack/fire_creature.dat,98,0,452,True,DECLARED_OPOINT_NOT_RUNTIME_REACHABILITY
unity,452,Assets/NTSD/Config/specialattack/fire_creature.dat,99,0,452,True,DECLARED_OPOINT_NOT_RUNTIME_REACHABILITY
unity,452,Assets/NTSD/Config/specialattack/fire_creature.dat,116,0,408,True,DECLARED_OPOINT_NOT_RUNTIME_REACHABILITY
unity,452,Assets/NTSD/Config/specialattack/fire_creature.dat,117,0,514,True,DECLARED_OPOINT_NOT_RUNTIME_REACHABILITY
unity,453,Assets/NTSD/Config/specialattack/earth_creature.dat,65,1,30,True,DECLARED_OPOINT_NOT_RUNTIME_REACHABILITY
unity,453,Assets/NTSD/Config/specialattack/earth_creature.dat,66,2,30,True,DECLARED_OPOINT_NOT_RUNTIME_REACHABILITY
unity,453,Assets/NTSD/Config/specialattack/earth_creature.dat,67,1,30,True,DECLARED_OPOINT_NOT_RUNTIME_REACHABILITY
unity,453,Assets/NTSD/Config/specialattack/earth_creature.dat,68,3,30,True,DECLARED_OPOINT_NOT_RUNTIME_REACHABILITY
unity,453,Assets/NTSD/Config/specialattack/earth_creature.dat,68,3,450,True,DECLARED_OPOINT_NOT_RUNTIME_REACHABILITY
unity,453,Assets/NTSD/Config/specialattack/earth_creature.dat,71,0,446,True,DECLARED_OPOINT_NOT_RUNTIME_REACHABILITY
unity,453,Assets/NTSD/Config/specialattack/earth_creature.dat,82,0,57,True,DECLARED_OPOINT_NOT_RUNTIME_REACHABILITY
unity,453,Assets/NTSD/Config/specialattack/earth_creature.dat,91,0,229,True,DECLARED_OPOINT_NOT_RUNTIME_REACHABILITY
unity,453,Assets/NTSD/Config/specialattack/earth_creature.dat,92,0,150,True,DECLARED_OPOINT_NOT_RUNTIME_REACHABILITY
unity,462,Assets/NTSD/Config/specialattack/shadow.dat,154,0,101,True,DECLARED_OPOINT_NOT_RUNTIME_REACHABILITY
unity,462,Assets/NTSD/Config/specialattack/shadow.dat,210,1,206,True,DECLARED_OPOINT_NOT_RUNTIME_REACHABILITY
unity,462,Assets/NTSD/Config/specialattack/shadow.dat,241,0,462,True,DECLARED_OPOINT_NOT_RUNTIME_REACHABILITY
unity,462,Assets/NTSD/Config/specialattack/shadow.dat,243,0,462,True,DECLARED_OPOINT_NOT_RUNTIME_REACHABILITY
unity,462,Assets/NTSD/Config/specialattack/shadow.dat,244,0,462,True,DECLARED_OPOINT_NOT_RUNTIME_REACHABILITY
unity,462,Assets/NTSD/Config/specialattack/shadow.dat,245,0,462,True,DECLARED_OPOINT_NOT_RUNTIME_REACHABILITY
unity,462,Assets/NTSD/Config/specialattack/shadow.dat,247,0,462,True,DECLARED_OPOINT_NOT_RUNTIME_REACHABILITY
unity,462,Assets/NTSD/Config/specialattack/shadow.dat,249,0,462,True,DECLARED_OPOINT_NOT_RUNTIME_REACHABILITY
unity,462,Assets/NTSD/Config/specialattack/shadow.dat,253,0,462,True,DECLARED_OPOINT_NOT_RUNTIME_REACHABILITY
unity,462,Assets/NTSD/Config/specialattack/shadow.dat,256,1,462,True,DECLARED_OPOINT_NOT_RUNTIME_REACHABILITY
unity,462,Assets/NTSD/Config/specialattack/shadow.dat,258,1,435,True,DECLARED_OPOINT_NOT_RUNTIME_REACHABILITY
unity,462,Assets/NTSD/Config/specialattack/shadow.dat,285,0,206,True,DECLARED_OPOINT_NOT_RUNTIME_REACHABILITY
unity,462,Assets/NTSD/Config/specialattack/shadow.dat,288,0,206,True,DECLARED_OPOINT_NOT_RUNTIME_REACHABILITY
unity,462,Assets/NTSD/Config/specialattack/shadow.dat,303,0,435,True,DECLARED_OPOINT_NOT_RUNTIME_REACHABILITY
unity,462,Assets/NTSD/Config/specialattack/shadow.dat,305,0,462,True,DECLARED_OPOINT_NOT_RUNTIME_REACHABILITY
unity,510,Assets/NTSD/Config/specialattack/100_puppets.dat,89,0,510,True,DECLARED_OPOINT_NOT_RUNTIME_REACHABILITY
unity,510,Assets/NTSD/Config/specialattack/100_puppets.dat,91,0,510,True,DECLARED_OPOINT_NOT_RUNTIME_REACHABILITY
unity,510,Assets/NTSD/Config/specialattack/100_puppets.dat,93,0,510,True,DECLARED_OPOINT_NOT_RUNTIME_REACHABILITY
unity,510,Assets/NTSD/Config/specialattack/100_puppets.dat,95,0,510,True,DECLARED_OPOINT_NOT_RUNTIME_REACHABILITY
unity,511,Assets/NTSD/Config/specialattack/100_puppets_b.dat,89,0,511,True,DECLARED_OPOINT_NOT_RUNTIME_REACHABILITY
unity,511,Assets/NTSD/Config/specialattack/100_puppets_b.dat,91,0,511,True,DECLARED_OPOINT_NOT_RUNTIME_REACHABILITY
unity,511,Assets/NTSD/Config/specialattack/100_puppets_b.dat,93,0,511,True,DECLARED_OPOINT_NOT_RUNTIME_REACHABILITY
unity,511,Assets/NTSD/Config/specialattack/100_puppets_b.dat,95,0,511,True,DECLARED_OPOINT_NOT_RUNTIME_REACHABILITY
unity,512,Assets/NTSD/Config/specialattack/100_puppets_c.dat,67,1,512,True,DECLARED_OPOINT_NOT_RUNTIME_REACHABILITY
unity,512,Assets/NTSD/Config/specialattack/100_puppets_c.dat,89,0,512,True,DECLARED_OPOINT_NOT_RUNTIME_REACHABILITY
unity,512,Assets/NTSD/Config/specialattack/100_puppets_c.dat,91,0,512,True,DECLARED_OPOINT_NOT_RUNTIME_REACHABILITY
unity,512,Assets/NTSD/Config/specialattack/100_puppets_c.dat,93,0,512,True,DECLARED_OPOINT_NOT_RUNTIME_REACHABILITY
unity,512,Assets/NTSD/Config/specialattack/100_puppets_c.dat,95,0,512,True,DECLARED_OPOINT_NOT_RUNTIME_REACHABILITY
unity,513,Assets/NTSD/Config/specialattack/lee_counter.dat,11,0,7,True,DECLARED_OPOINT_NOT_RUNTIME_REACHABILITY
unity,513,Assets/NTSD/Config/specialattack/lee_counter.dat,21,0,7,True,DECLARED_OPOINT_NOT_RUNTIME_REACHABILITY
unity,514,Assets/NTSD/Config/specialattack/katon_kakuzu.dat,11,0,211,True,DECLARED_OPOINT_NOT_RUNTIME_REACHABILITY
unity,514,Assets/NTSD/Config/specialattack/katon_kakuzu.dat,12,0,211,True,DECLARED_OPOINT_NOT_RUNTIME_REACHABILITY
unity,516,Assets/NTSD/Config/specialattack/mirror.dat,31,0,17,True,DECLARED_OPOINT_NOT_RUNTIME_REACHABILITY
unity,516,Assets/NTSD/Config/specialattack/mirror.dat,90,0,516,True,DECLARED_OPOINT_NOT_RUNTIME_REACHABILITY
unity,516,Assets/NTSD/Config/specialattack/mirror.dat,91,0,516,True,DECLARED_OPOINT_NOT_RUNTIME_REACHABILITY
unity,516,Assets/NTSD/Config/specialattack/mirror.dat,92,0,516,True,DECLARED_OPOINT_NOT_RUNTIME_REACHABILITY
unity,516,Assets/NTSD/Config/specialattack/mirror.dat,93,0,516,True,DECLARED_OPOINT_NOT_RUNTIME_REACHABILITY
unity,516,Assets/NTSD/Config/specialattack/mirror.dat,94,0,516,True,DECLARED_OPOINT_NOT_RUNTIME_REACHABILITY
unity,516,Assets/NTSD/Config/specialattack/mirror.dat,95,0,516,True,DECLARED_OPOINT_NOT_RUNTIME_REACHABILITY
unity,516,Assets/NTSD/Config/specialattack/mirror.dat,96,0,516,True,DECLARED_OPOINT_NOT_RUNTIME_REACHABILITY
unity,516,Assets/NTSD/Config/specialattack/mirror.dat,97,0,516,True,DECLARED_OPOINT_NOT_RUNTIME_REACHABILITY
